Resume as transações realizadas em derivativos durante um pregão, incluindo volumes e valores. Os detalhes sobre as regras utilizadas, bem como a definição de cada um dos campos, estão disponíveis no 
Glossário;https://www.b3.com.br/data/files/F8/42/7A/61/FEC4A8103234E0A8AC094EA8/TradeInformationConsolidatedFileV3_PT.pdf

Instrumento financeiro;Código ISIN;Segmento;Preço de abertura;Preço mínimo;Preço máximo;Preço médio;Preço de fechamento;Oscilação;Ajuste;Ajuste de referência;Ajuste do dia anterior;Preço de referência;Variação;Valor do ajuste por contrato (R$);Última oferta de compra;Última oferta de venda;Quantidade de negócios;Quantidade de contratos;Volume financeiro
BGIU26C032400;BRBMEFCBUUD9;AGRIBUSINESS;-;-;-;-;-;-;-;-;-;19,37;-;-;-;-;-;-;-
BGIU26P032400;BRBMEFVBUUC1;AGRIBUSINESS;-;-;-;-;-;-;-;-;-;1,99;-;-;-;-;-;-;-
BGIV26C032400;BRBMEFCB1KB0;AGRIBUSINESS;-;-;-;-;-;-;-;-;-;27,22;-;-;-;-;-;-;-
BGIV26P032400;BRBMEFVB1KA9;AGRIBUSINESS;-;-;-;-;-;-;-;-;-;2,38;-;-;-;-;-;-;-
BGIU26C035000;BRBMEFCBUUE7;AGRIBUSINESS;-;-;-;-;-;-;-;-;-;4,36;-;-;-;-;-;-;-
BGIU26P035000;BRBMEFVBUUD9;AGRIBUSINESS;-;-;-;-;-;-;-;-;-;12,44;-;-;-;-;-;-;-
BGIV26C035000;BRBMEFCB1KC8;AGRIBUSINESS;-;-;-;-;-;-;-;-;-;9,89;-;-;-;-;-;-;-
BGIV26C035500;BRBMEFCB1KD6;AGRIBUSINESS;-;-;-;-;-;-;-;-;-;7,77;-;-;-;-;-;-;-
BGIV26C036000;BRBMEFCB1KE4;AGRIBUSINESS;-;-;-;-;-;-;-;-;-;6,02;-;-;-;-;-;-;-
BGIV26C036500;BRBMEFCB1KF1;AGRIBUSINESS;-;-;-;-;-;-;-;-;-;4,66;-;-;-;-;-;-;-
BGIV26C037000;BRBMEFCB1KG9;AGRIBUSINESS;4;4;4;4;4;-28,57;-;-;-;3,58;-;-;-;-;1;150;198000
BGIV26P035000;BRBMEFVB1KB7;AGRIBUSINESS;-;-;-;-;-;-;-;-;-;10,23;-;-;-;-;-;-;-
BGIV26P035500;BRBMEFVB1KC5;AGRIBUSINESS;-;-;-;-;-;-;-;-;-;12,95;-;-;-;-;-;-;-
BGIV26P036000;BRBMEFVB1KD3;AGRIBUSINESS;-;-;-;-;-;-;-;-;-;16,05;-;-;-;-;-;-;-
BGIV26P036500;BRBMEFVB1KE1;AGRIBUSINESS;-;-;-;-;-;-;-;-;-;19,53;-;-;-;-;-;-;-
BGIV26P037000;BRBMEFVB1KF8;AGRIBUSINESS;-;-;-;-;-;-;-;-;-;23,29;-;-;-;-;-;-;-
BGIU26C034000;BRBMEFCBUUF4;AGRIBUSINESS;-;-;-;-;-;-;-;-;-;8,49;-;-;-;-;-;-;-
BGIU26P034000;BRBMEFVBUUE7;AGRIBUSINESS;-;-;-;-;-;-;-;-;-;6,78;-;-;-;-;-;-;-
BGIU26C031200;BRBMEFCBUUG2;AGRIBUSINESS;-;-;-;-;-;-;-;-;-;29,83;-;-;-;-;-;-;-
BGIU26P031200;BRBMEFVBUUF4;AGRIBUSINESS;-;-;-;-;-;-;-;-;-;0,7;-;-;-;-;-;-;-
BGIV26C033500;BRBMEFCB1KH7;AGRIBUSINESS;-;-;-;-;-;-;-;-;-;18,74;-;-;-;-;-;-;-
BGIV26C034500;BRBMEFCB1KI5;AGRIBUSINESS;-;-;-;-;-;-;-;-;-;12,45;-;-;-;-;-;-;-
BGIV26P033500;BRBMEFVB1KG6;AGRIBUSINESS;-;-;-;-;-;-;-;-;-;4,55;-;-;-;-;-;-;-
BGIV26P034500;BRBMEFVB1KH4;AGRIBUSINESS;-;-;-;-;-;-;-;-;-;7,94;-;-;-;-;-;-;-
BGIV26C034200;BRBMEFCB1KJ3;AGRIBUSINESS;-;-;-;-;-;-;-;-;-;14,16;-;-;-;-;-;-;-
BGIV26P034200;BRBMEFVB1KI2;AGRIBUSINESS;7,85;7,85;7,85;7,85;7,85;74,05;-;-;-;6,75;-;-;-;-;1;50;129525
BGIV26C034550;BRBMEFCB1KK1;AGRIBUSINESS;-;-;-;-;-;-;-;-;-;12,17;-;-;-;-;-;-;-
BGIV26P034550;BRBMEFVB1KJ0;AGRIBUSINESS;-;-;-;-;-;-;-;-;-;8,16;-;-;-;-;-;-;-
BGIV26C032200;BRBMEFCB1KL9;AGRIBUSINESS;-;-;-;-;-;-;-;-;-;28,88;-;-;-;-;-;-;-
BGIV26C036800;BRBMEFCB1KM7;AGRIBUSINESS;-;-;-;-;-;-;-;-;-;3,98;-;-;-;-;-;-;-
BGIV26P032200;BRBMEFVB1KK8;AGRIBUSINESS;-;-;-;-;-;-;-;-;-;2,1;-;-;-;-;-;-;-
BGIV26P036800;BRBMEFVB1KL6;AGRIBUSINESS;-;-;-;-;-;-;-;-;-;21,75;-;-;-;-;-;-;-
BGIV26C038000;BRBMEFCB1KN5;AGRIBUSINESS;1,95;1,95;1,95;1,95;1,95;-37,09;-;-;-;2,15;-;-;-;-;1;300;193050
BGIV26P038000;BRBMEFVB1KM4;AGRIBUSINESS;-;-;-;-;-;-;-;-;-;31,55;-;-;-;-;-;-;-
BGIQ26C032000;BRBMEFCBQOU4;AGRIBUSINESS;-;-;-;-;-;-;-;-;-;21,07;-;-;-;-;-;-;-
BGIQ26C032200;BRBMEFCBQOV2;AGRIBUSINESS;-;-;-;-;-;-;-;-;-;19,2;-;-;-;-;-;-;-
BGIQ26C032500;BRBMEFCBQOW0;AGRIBUSINESS;-;-;-;-;-;-;-;-;-;16,48;-;-;-;-;-;-;-
BGIQ26C032700;BRBMEFCBQOX8;AGRIBUSINESS;-;-;-;-;-;-;-;-;-;14,72;-;-;-;-;-;-;-
BGIQ26P032000;BRBMEFVBQOU4;AGRIBUSINESS;-;-;-;-;-;-;-;-;-;0,33;-;-;-;-;-;-;-
BGIQ26P032200;BRBMEFVBQOV2;AGRIBUSINESS;-;-;-;-;-;-;-;-;-;0,45;-;-;-;-;-;-;-
BGIQ26P032500;BRBMEFVBQOW0;AGRIBUSINESS;-;-;-;-;-;-;-;-;-;0,69;-;-;-;-;-;-;-
BGIQ26P032700;BRBMEFVBQOX8;AGRIBUSINESS;-;-;-;-;-;-;-;-;-;0,92;-;-;-;-;-;-;-
BGIV26C035400;BRBMEFCB1KO3;AGRIBUSINESS;-;-;-;-;-;-;-;-;-;8,17;-;-;-;-;-;-;-
BGIV26C040000;BRBMEFCB1KP0;AGRIBUSINESS;-;-;-;-;-;-;-;-;-;0,8;-;-;-;-;-;-;-
BGIV26P035400;BRBMEFVB1KN2;AGRIBUSINESS;-;-;-;-;-;-;-;-;-;12,38;-;-;-;-;-;-;-
BGIV26P040000;BRBMEFVB1KO0;AGRIBUSINESS;-;-;-;-;-;-;-;-;-;49,56;-;-;-;-;-;-;-
BGIV26C031500;BRBMEFCB1KQ8;AGRIBUSINESS;-;-;-;-;-;-;-;-;-;34,92;-;-;-;-;-;-;-
BGIV26P031500;BRBMEFVB1KP7;AGRIBUSINESS;-;-;-;-;-;-;-;-;-;1,36;-;-;-;-;-;-;-
BGIQ26C032600;BRBMEFCBQOY6;AGRIBUSINESS;-;-;-;-;-;-;-;-;-;15,59;-;-;-;-;-;-;-
BGIQ26C032800;BRBMEFCBQOZ3;AGRIBUSINESS;-;-;-;-;-;-;-;-;-;13,87;-;-;-;-;-;-;-
BGIQ26C032900;BRBMEFCBQP65;AGRIBUSINESS;-;-;-;-;-;-;-;-;-;13,03;-;-;-;-;-;-;-
BGIQ26C033000;BRBMEFCBQP08;AGRIBUSINESS;-;-;-;-;-;-;-;-;-;12,22;-;-;-;-;-;-;-
BGIQ26C033100;BRBMEFCBQP73;AGRIBUSINESS;-;-;-;-;-;-;-;-;-;11,42;-;-;-;-;-;-;-
BGIQ26C033200;BRBMEFCBQP16;AGRIBUSINESS;-;-;-;-;-;-;-;-;-;10,64;-;-;-;-;-;-;-
BGIQ26C033300;BRBMEFCBQP81;AGRIBUSINESS;-;-;-;-;-;-;-;-;-;9,89;-;-;-;-;-;-;-
BGIQ26C033400;BRBMEFCBQP24;AGRIBUSINESS;-;-;-;-;-;-;-;-;-;9,17;-;-;-;-;-;-;-
BGIQ26C033500;BRBMEFCBQP99;AGRIBUSINESS;-;-;-;-;-;-;-;-;-;8,48;-;-;-;-;-;-;-
BGIQ26C033600;BRBMEFCBQP32;AGRIBUSINESS;-;-;-;-;-;-;-;-;-;7,81;-;-;-;-;-;-;-
BGIQ26C033700;BRBMEFCBQPA3;AGRIBUSINESS;-;-;-;-;-;-;-;-;-;7,17;-;-;-;-;-;-;-
BGIQ26C033800;BRBMEFCBQP40;AGRIBUSINESS;-;-;-;-;-;-;-;-;-;6,57;-;-;-;-;-;-;-
BGIQ26C033900;BRBMEFCBQPB1;AGRIBUSINESS;-;-;-;-;-;-;-;-;-;6;-;-;-;-;-;-;-
BGIQ26C034000;BRBMEFCBQP57;AGRIBUSINESS;-;-;-;-;-;-;-;-;-;5,46;-;-;-;-;-;-;-
BGIQ26P032600;BRBMEFVBQOY6;AGRIBUSINESS;-;-;-;-;-;-;-;-;-;0,8;-;-;-;-;-;-;-
BGIQ26P032800;BRBMEFVBQOZ3;AGRIBUSINESS;-;-;-;-;-;-;-;-;-;1,06;-;-;-;-;-;-;-
BGIQ26P032900;BRBMEFVBQP62;AGRIBUSINESS;-;-;-;-;-;-;-;-;-;1,21;-;-;-;-;-;-;-
BGIQ26P033000;BRBMEFVBQP05;AGRIBUSINESS;-;-;-;-;-;-;-;-;-;1,38;-;-;-;-;-;-;-
BGIQ26P033100;BRBMEFVBQP70;AGRIBUSINESS;-;-;-;-;-;-;-;-;-;1,57;-;-;-;-;-;-;-
BGIQ26P033200;BRBMEFVBQP13;AGRIBUSINESS;-;-;-;-;-;-;-;-;-;1,78;-;-;-;-;-;-;-
BGIQ26P033300;BRBMEFVBQP88;AGRIBUSINESS;-;-;-;-;-;-;-;-;-;2,02;-;-;-;-;-;-;-
BGIQ26P033400;BRBMEFVBQP21;AGRIBUSINESS;-;-;-;-;-;-;-;-;-;2,29;-;-;-;-;-;-;-
BGIQ26P033500;BRBMEFVBQP96;AGRIBUSINESS;-;-;-;-;-;-;-;-;-;2,59;-;-;-;-;-;-;-
BGIQ26P033600;BRBMEFVBQP39;AGRIBUSINESS;-;-;-;-;-;-;-;-;-;2,91;-;-;-;-;-;-;-
BGIQ26P033700;BRBMEFVBQPA3;AGRIBUSINESS;-;-;-;-;-;-;-;-;-;3,26;-;-;-;-;-;-;-
BGIQ26P033800;BRBMEFVBQP47;AGRIBUSINESS;-;-;-;-;-;-;-;-;-;3,65;-;-;-;-;-;-;-
BGIQ26P033900;BRBMEFVBQPB1;AGRIBUSINESS;-;-;-;-;-;-;-;-;-;4,07;-;-;-;-;-;-;-
BGIQ26P034000;BRBMEFVBQP54;AGRIBUSINESS;-;-;-;-;-;-;-;-;-;4,52;-;-;-;-;-;-;-
BGIV26C033000;BRBMEFCB1KR6;AGRIBUSINESS;-;-;-;-;-;-;-;-;-;22,43;-;-;-;-;-;-;-
BGIV26C033100;BRBMEFCB1KS4;AGRIBUSINESS;-;-;-;-;-;-;-;-;-;21,66;-;-;-;-;-;-;-
BGIV26C033200;BRBMEFCB1KT2;AGRIBUSINESS;-;-;-;-;-;-;-;-;-;20,9;-;-;-;-;-;-;-
BGIV26C033300;BRBMEFCB1KU0;AGRIBUSINESS;-;-;-;-;-;-;-;-;-;20,16;-;-;-;-;-;-;-
BGIV26C033400;BRBMEFCB1KV8;AGRIBUSINESS;-;-;-;-;-;-;-;-;-;19,44;-;-;-;-;-;-;-
BGIV26C033600;BRBMEFCB1KW6;AGRIBUSINESS;-;-;-;-;-;-;-;-;-;18,04;-;-;-;-;-;-;-
BGIV26C033700;BRBMEFCB1KX4;AGRIBUSINESS;-;-;-;-;-;-;-;-;-;17,36;-;-;-;-;-;-;-
BGIV26C033800;BRBMEFCB1KY2;AGRIBUSINESS;-;-;-;-;-;-;-;-;-;16,69;-;-;-;-;-;-;-
BGIV26C033900;BRBMEFCB1KZ9;AGRIBUSINESS;-;-;-;-;-;-;-;-;-;16,04;-;-;-;-;-;-;-
BGIV26C034000;BRBMEFCB1L06;AGRIBUSINESS;-;-;-;-;-;-;-;-;-;15,4;-;-;-;-;-;-;-
BGIV26P033000;BRBMEFVB1KQ5;AGRIBUSINESS;-;-;-;-;-;-;-;-;-;3,4;-;-;-;-;-;-;-
BGIV26P033100;BRBMEFVB1KR3;AGRIBUSINESS;-;-;-;-;-;-;-;-;-;3,6;-;-;-;-;-;-;-
BGIV26P033200;BRBMEFVB1KS1;AGRIBUSINESS;-;-;-;-;-;-;-;-;-;3,81;-;-;-;-;-;-;-
BGIV26P033300;BRBMEFVB1KT9;AGRIBUSINESS;-;-;-;-;-;-;-;-;-;4,03;-;-;-;-;-;-;-
BGIV26P033400;BRBMEFVB1KU7;AGRIBUSINESS;-;-;-;-;-;-;-;-;-;4,28;-;-;-;-;-;-;-
BGIV26P033600;BRBMEFVB1KV5;AGRIBUSINESS;-;-;-;-;-;-;-;-;-;4,82;-;-;-;-;-;-;-
BGIV26P033700;BRBMEFVB1KW3;AGRIBUSINESS;-;-;-;-;-;-;-;-;-;5,11;-;-;-;-;-;-;-
BGIV26P033800;BRBMEFVB1KX1;AGRIBUSINESS;-;-;-;-;-;-;-;-;-;5,41;-;-;-;-;-;-;-
BGIV26P033900;BRBMEFVB1KY9;AGRIBUSINESS;-;-;-;-;-;-;-;-;-;5,73;-;-;-;-;-;-;-
BGIV26P034000;BRBMEFVB1KZ6;AGRIBUSINESS;-;-;-;-;-;-;-;-;-;6,05;-;-;-;-;-;-;-
BGIQ26C030500;BRBMEFCBQPC9;AGRIBUSINESS;-;-;-;-;-;-;-;-;-;35,59;-;-;-;-;-;-;-
BGIQ26C031000;BRBMEFCBQPD7;AGRIBUSINESS;-;-;-;-;-;-;-;-;-;30,67;-;-;-;-;-;-;-
BGIQ26C031100;BRBMEFCBQPE5;AGRIBUSINESS;-;-;-;-;-;-;-;-;-;29,7;-;-;-;-;-;-;-
BGIQ26C031500;BRBMEFCBQPF2;AGRIBUSINESS;-;-;-;-;-;-;-;-;-;25,81;-;-;-;-;-;-;-
BGIQ26C034500;BRBMEFCBQPG0;AGRIBUSINESS;-;-;-;-;-;-;-;-;-;3,26;-;-;-;-;-;-;-
BGIQ26P030500;BRBMEFVBQPC9;AGRIBUSINESS;-;-;-;-;-;-;-;-;-;0,01;-;-;-;-;-;-;-
BGIQ26P031000;BRBMEFVBQPD7;AGRIBUSINESS;-;-;-;-;-;-;-;-;-;0,04;-;-;-;-;-;-;-
BGIQ26P031100;BRBMEFVBQPE5;AGRIBUSINESS;-;-;-;-;-;-;-;-;-;0,06;-;-;-;-;-;-;-
BGIQ26P031500;BRBMEFVBQPF2;AGRIBUSINESS;-;-;-;-;-;-;-;-;-;0,13;-;-;-;-;-;-;-
BGIQ26P034500;BRBMEFVBQPG0;AGRIBUSINESS;-;-;-;-;-;-;-;-;-;7,27;-;-;-;-;-;-;-
BGIU26C030500;BRBMEFCBUUH0;AGRIBUSINESS;-;-;-;-;-;-;-;-;-;36,33;-;-;-;-;-;-;-
BGIU26C031000;BRBMEFCBUUI8;AGRIBUSINESS;-;-;-;-;-;-;-;-;-;31,67;-;-;-;-;-;-;-
BGIU26C031100;BRBMEFCBUUJ6;AGRIBUSINESS;-;-;-;-;-;-;-;-;-;30,75;-;-;-;-;-;-;-
BGIU26C031500;BRBMEFCBUUK4;AGRIBUSINESS;-;-;-;-;-;-;-;-;-;27,11;-;-;-;-;-;-;-
BGIU26C032000;BRBMEFCBUUL2;AGRIBUSINESS;-;-;-;-;-;-;-;-;-;22,71;-;-;-;-;-;-;-
BGIU26C032500;BRBMEFCBUUM0;AGRIBUSINESS;-;-;-;-;-;-;-;-;-;18,56;-;-;-;-;-;-;-
BGIU26C032600;BRBMEFCBUUN8;AGRIBUSINESS;-;-;-;-;-;-;-;-;-;17,77;-;-;-;-;-;-;-
BGIU26C033000;BRBMEFCBUUO6;AGRIBUSINESS;-;-;-;-;-;-;-;-;-;14,73;-;-;-;-;-;-;-
BGIU26C033500;BRBMEFCBUUP3;AGRIBUSINESS;15,17;15,17;15,17;15,17;15,17;56,55;-;-;-;11,35;-;-;-;-;4;2.000;10012200
BGIU26C034500;BRBMEFCBUUQ1;AGRIBUSINESS;-;-;-;-;-;-;-;-;-;6,16;-;-;-;-;-;-;-
BGIU26P030500;BRBMEFVBUUG2;AGRIBUSINESS;-;-;-;-;-;-;-;-;-;0,35;-;-;-;-;-;-;-
BGIU26P031000;BRBMEFVBUUH0;AGRIBUSINESS;-;-;-;-;-;-;-;-;-;0,59;-;-;-;-;-;-;-
BGIU26P031100;BRBMEFVBUUI8;AGRIBUSINESS;-;-;-;-;-;-;-;-;-;0,65;-;-;-;-;-;-;-
BGIU26P031500;BRBMEFVBUUJ6;AGRIBUSINESS;-;-;-;-;-;-;-;-;-;0,92;-;-;-;-;-;-;-
BGIU26P032000;BRBMEFVBUUK4;AGRIBUSINESS;-;-;-;-;-;-;-;-;-;1,42;-;-;-;-;-;-;-
BGIU26P032500;BRBMEFVBUUL2;AGRIBUSINESS;-;-;-;-;-;-;-;-;-;2,16;-;-;-;-;-;-;-
BGIU26P032600;BRBMEFVBUUM0;AGRIBUSINESS;-;-;-;-;-;-;-;-;-;2,35;-;-;-;-;-;-;-
BGIU26P033000;BRBMEFVBUUN8;AGRIBUSINESS;-;-;-;-;-;-;-;-;-;3,23;-;-;-;-;-;-;-
BGIU26P033500;BRBMEFVBUUO6;AGRIBUSINESS;-;-;-;-;-;-;-;-;-;4,74;-;-;-;-;-;-;-
BGIU26P034500;BRBMEFVBUUP3;AGRIBUSINESS;-;-;-;-;-;-;-;-;-;9,34;-;-;-;-;-;-;-
BGIV26C032500;BRBMEFCB1L14;AGRIBUSINESS;-;-;-;-;-;-;-;-;-;26,4;-;-;-;-;-;-;-
BGIV26P032500;BRBMEFVB1L06;AGRIBUSINESS;-;-;-;-;-;-;-;-;-;2,53;-;-;-;-;-;-;-
BGIX26C035000;BRBMEFGI0261;AGRIBUSINESS;-;-;-;-;-;-;-;-;-;11,99;-;-;-;-;-;-;-
BGIX26C035050;BRBMEFGI0279;AGRIBUSINESS;-;-;-;-;-;-;-;-;-;11,74;-;-;-;-;-;-;-
BGIX26C035100;BRBMEFGI0287;AGRIBUSINESS;-;-;-;-;-;-;-;-;-;11,51;-;-;-;-;-;-;-
BGIX26C035150;BRBMEFGI0295;AGRIBUSINESS;-;-;-;-;-;-;-;-;-;11,27;-;-;-;-;-;-;-
BGIX26P035000;BRBMEFBG0243;AGRIBUSINESS;-;-;-;-;-;-;-;-;-;10,89;-;-;-;-;-;-;-
BGIX26P035050;BRBMEFBG0250;AGRIBUSINESS;-;-;-;-;-;-;-;-;-;11,12;-;-;-;-;-;-;-
BGIX26P035100;BRBMEFBG0268;AGRIBUSINESS;-;-;-;-;-;-;-;-;-;11,37;-;-;-;-;-;-;-
BGIX26P035150;BRBMEFBG0276;AGRIBUSINESS;-;-;-;-;-;-;-;-;-;11,61;-;-;-;-;-;-;-
BGIU26C036500;BRBMEFCBUUR9;AGRIBUSINESS;-;-;-;-;-;-;-;-;-;1,46;-;-;-;-;-;-;-
BGIU26C039500;BRBMEFCBUUS7;AGRIBUSINESS;-;-;-;-;-;-;-;-;-;0,11;-;-;-;-;-;-;-
BGIU26P036500;BRBMEFVBUUQ1;AGRIBUSINESS;-;-;-;-;-;-;-;-;-;24,23;-;-;-;-;-;-;-
BGIU26P039500;BRBMEFVBUUR9;AGRIBUSINESS;-;-;-;-;-;-;-;-;-;52,24;-;-;-;-;-;-;-
BGIV26C037500;BRBMEFCB1L22;AGRIBUSINESS;-;-;-;-;-;-;-;-;-;2,78;-;-;-;-;-;-;-
BGIV26P037500;BRBMEFVB1L14;AGRIBUSINESS;-;-;-;-;-;-;-;-;-;27,33;-;-;-;-;-;-;-
BGIU26C037000;BRBMEFCBUUT5;AGRIBUSINESS;-;-;-;-;-;-;-;-;-;1,01;-;-;-;-;-;-;-
BGIU26P037000;BRBMEFVBUUS7;AGRIBUSINESS;-;-;-;-;-;-;-;-;-;28,67;-;-;-;-;-;-;-
BGIQ26C037000;BRBMEFCBQPH8;AGRIBUSINESS;-;-;-;-;-;-;-;-;-;0,12;-;-;-;-;-;-;-
BGIQ26P037000;BRBMEFVBQPH8;AGRIBUSINESS;-;-;-;-;-;-;-;-;-;28,87;-;-;-;-;-;-;-
BGIX26C034000;BRBMEFGI02A3;AGRIBUSINESS;-;-;-;-;-;-;-;-;-;17,53;-;-;-;-;-;-;-
BGIX26C038000;BRBMEFGI02B1;AGRIBUSINESS;-;-;-;-;-;-;-;-;-;3,23;-;-;-;-;-;-;-
BGIX26P034000;BRBMEFBG0284;AGRIBUSINESS;5,55;5,55;5,55;5,55;5,55;54,16;-;-;-;6,83;-;-;-;-;1;15;27472,5
BGIX26P038000;BRBMEFBG0292;AGRIBUSINESS;-;-;-;-;-;-;-;-;-;30,91;-;-;-;-;-;-;-
BGIV26C032000;BRBMEFCB1L30;AGRIBUSINESS;-;-;-;-;-;-;-;-;-;30,58;-;-;-;-;-;-;-
BGIV26P032000;BRBMEFVB1L22;AGRIBUSINESS;-;-;-;-;-;-;-;-;-;1,86;-;-;-;-;-;-;-
BGIU26C040000;BRBMEFCBUUU3;AGRIBUSINESS;-;-;-;-;-;-;-;-;-;0,06;-;-;-;-;-;-;-
BGIU26P040000;BRBMEFVBUUT5;AGRIBUSINESS;-;-;-;-;-;-;-;-;-;57,09;-;-;-;-;-;-;-
BGIX26C033500;BRBMEFGI02C9;AGRIBUSINESS;-;-;-;-;-;-;-;-;-;20,81;-;-;-;-;-;-;-
BGIX26P033500;BRBMEFBG02A8;AGRIBUSINESS;-;-;-;-;-;-;-;-;-;5,32;-;-;-;-;-;-;-
BGIU26C033200;BRBMEFCBUUV1;AGRIBUSINESS;-;-;-;-;-;-;-;-;-;13,32;-;-;-;-;-;-;-
BGIU26P033200;BRBMEFVBUUU3;AGRIBUSINESS;-;-;-;-;-;-;-;-;-;3,78;-;-;-;-;-;-;-
BGIV26C035300;BRBMEFCB1L48;AGRIBUSINESS;-;-;-;-;-;-;-;-;-;8,57;-;-;-;-;-;-;-
BGIV26P035300;BRBMEFVB1L30;AGRIBUSINESS;-;-;-;-;-;-;-;-;-;11,82;-;-;-;-;-;-;-
BGIQ26C035500;BRBMEFCBQPI6;AGRIBUSINESS;-;-;-;-;-;-;-;-;-;1;-;-;-;-;-;-;-
BGIQ26P035500;BRBMEFVBQPI6;AGRIBUSINESS;-;-;-;-;-;-;-;-;-;14,9;-;-;-;-;-;-;-
BGIX26C033000;BRBMEFGI02D7;AGRIBUSINESS;-;-;-;-;-;-;-;-;-;24,4;-;-;-;-;-;-;-
BGIX26C036500;BRBMEFGI02E5;AGRIBUSINESS;-;-;-;-;-;-;-;-;-;6,3;-;-;-;-;-;-;-
BGIX26P033000;BRBMEFBG02B6;AGRIBUSINESS;-;-;-;-;-;-;-;-;-;4,11;-;-;-;-;-;-;-
BGIX26P036500;BRBMEFBG02C4;AGRIBUSINESS;-;-;-;-;-;-;-;-;-;19,59;-;-;-;-;-;-;-
BGIQ26C036500;BRBMEFCBQPJ4;AGRIBUSINESS;-;-;-;-;-;-;-;-;-;0,27;-;-;-;-;-;-;-
BGIQ26P036500;BRBMEFVBQPJ4;AGRIBUSINESS;-;-;-;-;-;-;-;-;-;24,07;-;-;-;-;-;-;-
BGIQ26C034600;BRBMEFCBQPK2;AGRIBUSINESS;-;-;-;-;-;-;-;-;-;2,92;-;-;-;-;-;-;-
BGIQ26P034600;BRBMEFVBQPK2;AGRIBUSINESS;-;-;-;-;-;-;-;-;-;7,92;-;-;-;-;-;-;-
BGIX26C032700;BRBMEFGI02F2;AGRIBUSINESS;-;-;-;-;-;-;-;-;-;26,69;-;-;-;-;-;-;-
BGIX26C034200;BRBMEFGI02G0;AGRIBUSINESS;-;-;-;-;-;-;-;-;-;16,3;-;-;-;-;-;-;-
BGIX26P032700;BRBMEFBG02D2;AGRIBUSINESS;-;-;-;-;-;-;-;-;-;3,53;-;-;-;-;-;-;-
BGIX26P034200;BRBMEFBG02E0;AGRIBUSINESS;-;-;-;-;-;-;-;-;-;7,53;-;-;-;-;-;-;-
BGIU26C034700;BRBMEFCBUUW9;AGRIBUSINESS;-;-;-;-;-;-;-;-;-;5,38;-;-;-;-;-;-;-
BGIU26P034700;BRBMEFVBUUV1;AGRIBUSINESS;-;-;-;-;-;-;-;-;-;10,52;-;-;-;-;-;-;-
BGIQ26C036000;BRBMEFCBQPL0;AGRIBUSINESS;-;-;-;-;-;-;-;-;-;0,52;-;-;-;-;-;-;-
BGIQ26P036000;BRBMEFVBQPL0;AGRIBUSINESS;-;-;-;-;-;-;-;-;-;19,38;-;-;-;-;-;-;-
BGIQ26C034200;BRBMEFCBQPM8;AGRIBUSINESS;-;-;-;-;-;-;-;-;-;4,48;-;-;-;-;-;-;-
BGIQ26P034200;BRBMEFVBQPM8;AGRIBUSINESS;-;-;-;-;-;-;-;-;-;5,52;-;-;-;-;-;-;-
BGIX26C037000;BRBMEFGI02H8;AGRIBUSINESS;-;-;-;-;-;-;-;-;-;5,05;-;-;-;-;-;-;-
BGIX26P037000;BRBMEFBG02F7;AGRIBUSINESS;-;-;-;-;-;-;-;-;-;23,13;-;-;-;-;-;-;-
BGIU26C035500;BRBMEFCBUUX7;AGRIBUSINESS;-;-;-;-;-;-;-;-;-;3,04;-;-;-;-;-;-;-
BGIU26P035500;BRBMEFVBUUW9;AGRIBUSINESS;-;-;-;-;-;-;-;-;-;16,02;-;-;-;-;-;-;-
BGIV26C031700;BRBMEFCB1L55;AGRIBUSINESS;-;-;-;-;-;-;-;-;-;33,16;-;-;-;-;-;-;-
BGIV26C031800;BRBMEFCB1L63;AGRIBUSINESS;-;-;-;-;-;-;-;-;-;32,3;-;-;-;-;-;-;-
BGIV26C031900;BRBMEFCB1L71;AGRIBUSINESS;-;-;-;-;-;-;-;-;-;31,43;-;-;-;-;-;-;-
BGIV26P031700;BRBMEFVB1L48;AGRIBUSINESS;-;-;-;-;-;-;-;-;-;1,54;-;-;-;-;-;-;-
BGIV26P031800;BRBMEFVB1L55;AGRIBUSINESS;-;-;-;-;-;-;-;-;-;1,64;-;-;-;-;-;-;-
BGIV26P031900;BRBMEFVB1L63;AGRIBUSINESS;-;-;-;-;-;-;-;-;-;1,75;-;-;-;-;-;-;-
BGIX26C031700;BRBMEFGI02I6;AGRIBUSINESS;-;-;-;-;-;-;-;-;-;34,82;-;-;-;-;-;-;-
BGIX26C031800;BRBMEFGI02J4;AGRIBUSINESS;-;-;-;-;-;-;-;-;-;33,98;-;-;-;-;-;-;-
BGIX26C031900;BRBMEFGI02K2;AGRIBUSINESS;-;-;-;-;-;-;-;-;-;33,14;-;-;-;-;-;-;-
BGIX26P031700;BRBMEFBG02G5;AGRIBUSINESS;-;-;-;-;-;-;-;-;-;2,06;-;-;-;-;-;-;-
BGIX26P031800;BRBMEFBG02H3;AGRIBUSINESS;-;-;-;-;-;-;-;-;-;2,18;-;-;-;-;-;-;-
BGIX26P031900;BRBMEFBG02I1;AGRIBUSINESS;-;-;-;-;-;-;-;-;-;2,3;-;-;-;-;-;-;-
BGIV26C034800;BRBMEFCB1L89;AGRIBUSINESS;-;-;-;-;-;-;-;-;-;10,87;-;-;-;-;-;-;-
BGIV26C037100;BRBMEFCB1L97;AGRIBUSINESS;-;-;-;-;-;-;-;-;-;3,4;-;-;-;-;-;-;-
BGIV26P034800;BRBMEFVB1L71;AGRIBUSINESS;-;-;-;-;-;-;-;-;-;9,27;-;-;-;-;-;-;-
BGIV26P037100;BRBMEFVB1L89;AGRIBUSINESS;-;-;-;-;-;-;-;-;-;24,08;-;-;-;-;-;-;-
BGIU26C036000;BRBMEFCBUUY5;AGRIBUSINESS;-;-;-;-;-;-;-;-;-;2,12;-;-;-;-;-;-;-
BGIU26P036000;BRBMEFVBUUX7;AGRIBUSINESS;-;-;-;-;-;-;-;-;-;19,99;-;-;-;-;-;-;-
BGIX26C037500;BRBMEFGI02L0;AGRIBUSINESS;-;-;-;-;-;-;-;-;-;4,02;-;-;-;-;-;-;-
BGIX26P037500;BRBMEFBG02J9;AGRIBUSINESS;-;-;-;-;-;-;-;-;-;26,9;-;-;-;-;-;-;-
BGIQ26C031800;BRBMEFCBQPN6;AGRIBUSINESS;-;-;-;-;-;-;-;-;-;22,95;-;-;-;-;-;-;-
BGIQ26C034150;BRBMEFCBQPO4;AGRIBUSINESS;-;-;-;-;-;-;-;-;-;4,72;-;-;-;-;-;-;-
BGIQ26C036300;BRBMEFCBQPP1;AGRIBUSINESS;-;-;-;-;-;-;-;-;-;0,35;-;-;-;-;-;-;-
BGIQ26P031800;BRBMEFVBQPN6;AGRIBUSINESS;-;-;-;-;-;-;-;-;-;0,24;-;-;-;-;-;-;-
BGIQ26P034150;BRBMEFVBQPO4;AGRIBUSINESS;-;-;-;-;-;-;-;-;-;5,26;-;-;-;-;-;-;-
BGIQ26P036300;BRBMEFVBQPP1;AGRIBUSINESS;-;-;-;-;-;-;-;-;-;22,18;-;-;-;-;-;-;-
BGIQ26C037500;BRBMEFCBQPQ9;AGRIBUSINESS;-;-;-;-;-;-;-;-;-;0,05;-;-;-;-;-;-;-
BGIQ26P037500;BRBMEFVBQPQ9;AGRIBUSINESS;-;-;-;-;-;-;-;-;-;33,74;-;-;-;-;-;-;-
BGIU26C037500;BRBMEFCBUUZ2;AGRIBUSINESS;-;-;-;-;-;-;-;-;-;0,7;-;-;-;-;-;-;-
BGIU26P037500;BRBMEFVBUUY5;AGRIBUSINESS;-;-;-;-;-;-;-;-;-;33,25;-;-;-;-;-;-;-
BGIX26C032000;BRBMEFGI02M8;AGRIBUSINESS;-;-;-;-;-;-;-;-;-;32,31;-;-;-;-;-;-;-
BGIX26P032000;BRBMEFBG02K7;AGRIBUSINESS;-;-;-;-;-;-;-;-;-;2,43;-;-;-;-;-;-;-
BGIQ26C035050;BRBMEFCBQPR7;AGRIBUSINESS;-;-;-;-;-;-;-;-;-;1,73;-;-;-;-;-;-;-
BGIQ26C035100;BRBMEFCBQPS5;AGRIBUSINESS;-;-;-;-;-;-;-;-;-;1,63;-;-;-;-;-;-;-
BGIQ26C035150;BRBMEFCBQPT3;AGRIBUSINESS;-;-;-;-;-;-;-;-;-;1,53;-;-;-;-;-;-;-
BGIQ26P035050;BRBMEFVBQPR7;AGRIBUSINESS;-;-;-;-;-;-;-;-;-;11,18;-;-;-;-;-;-;-
BGIQ26P035100;BRBMEFVBQPS5;AGRIBUSINESS;-;-;-;-;-;-;-;-;-;11,58;-;-;-;-;-;-;-
BGIQ26P035150;BRBMEFVBQPT3;AGRIBUSINESS;-;-;-;-;-;-;-;-;-;11,98;-;-;-;-;-;-;-
BGIU26C035150;BRBMEFCBUV04;AGRIBUSINESS;-;-;-;-;-;-;-;-;-;3,93;-;-;-;-;-;-;-
BGIU26C035200;BRBMEFCBUV12;AGRIBUSINESS;-;-;-;-;-;-;-;-;-;3,79;-;-;-;-;-;-;-
BGIU26C035250;BRBMEFCBUV20;AGRIBUSINESS;-;-;-;-;-;-;-;-;-;3,66;-;-;-;-;-;-;-
BGIU26P035150;BRBMEFVBUUZ2;AGRIBUSINESS;-;-;-;-;-;-;-;-;-;13,47;-;-;-;-;-;-;-
BGIU26P035200;BRBMEFVBUV01;AGRIBUSINESS;-;-;-;-;-;-;-;-;-;13,83;-;-;-;-;-;-;-
BGIU26P035250;BRBMEFVBUV19;AGRIBUSINESS;-;-;-;-;-;-;-;-;-;14,18;-;-;-;-;-;-;-
BGIQ26C035700;BRBMEFCBQPV9;AGRIBUSINESS;-;-;-;-;-;-;-;-;-;0,77;-;-;-;-;-;-;-
BGIQ26C036200;BRBMEFCBQPU1;AGRIBUSINESS;-;-;-;-;-;-;-;-;-;0,4;-;-;-;-;-;-;-
BGIQ26P035700;BRBMEFVBQPV9;AGRIBUSINESS;-;-;-;-;-;-;-;-;-;16,66;-;-;-;-;-;-;-
BGIQ26P036200;BRBMEFVBQPU1;AGRIBUSINESS;-;-;-;-;-;-;-;-;-;21,24;-;-;-;-;-;-;-
BGIU26C035050;BRBMEFCBUV38;AGRIBUSINESS;-;-;-;-;-;-;-;-;-;4,22;-;-;-;-;-;-;-
BGIU26P035050;BRBMEFVBUV27;AGRIBUSINESS;-;-;-;-;-;-;-;-;-;12,78;-;-;-;-;-;-;-
BGIV26C035600;BRBMEFCB1LA0;AGRIBUSINESS;-;-;-;-;-;-;-;-;-;7,39;-;-;-;-;-;-;-
BGIV26P035600;BRBMEFVB1L97;AGRIBUSINESS;-;-;-;-;-;-;-;-;-;13,54;-;-;-;-;-;-;-
BGIX26C035500;BRBMEFGI02N6;AGRIBUSINESS;-;-;-;-;-;-;-;-;-;9,75;-;-;-;-;-;-;-
BGIX26C035600;BRBMEFGI02O4;AGRIBUSINESS;-;-;-;-;-;-;-;-;-;9,35;-;-;-;-;-;-;-
BGIX26P035500;BRBMEFBG02L5;AGRIBUSINESS;-;-;-;-;-;-;-;-;-;13,44;-;-;-;-;-;-;-
BGIX26P035600;BRBMEFBG02M3;AGRIBUSINESS;-;-;-;-;-;-;-;-;-;14;-;-;-;-;-;-;-
BGIU26C036300;BRBMEFCBUV46;AGRIBUSINESS;-;-;-;-;-;-;-;-;-;1,7;-;-;-;-;-;-;-
BGIU26P036300;BRBMEFVBUV35;AGRIBUSINESS;-;-;-;-;-;-;-;-;-;22,51;-;-;-;-;-;-;-
BGIX26C036200;BRBMEFGI02P1;AGRIBUSINESS;-;-;-;-;-;-;-;-;-;7,19;-;-;-;-;-;-;-
BGIX26P036200;BRBMEFBG02N1;AGRIBUSINESS;-;-;-;-;-;-;-;-;-;17,6;-;-;-;-;-;-;-
BGIU26C034300;BRBMEFCBUV53;AGRIBUSINESS;-;-;-;-;-;-;-;-;-;7,02;-;-;-;-;-;-;-
BGIU26P034300;BRBMEFVBUV43;AGRIBUSINESS;-;-;-;-;-;-;-;-;-;8,25;-;-;-;-;-;-;-
BGIU26C033100;BRBMEFCBUV61;AGRIBUSINESS;-;-;-;-;-;-;-;-;-;14,02;-;-;-;-;-;-;-
BGIU26P033100;BRBMEFVBUV50;AGRIBUSINESS;-;-;-;-;-;-;-;-;-;3,49;-;-;-;-;-;-;-
BGIQ26C035000;BRBMEFCBQPW7;AGRIBUSINESS;-;-;-;-;-;-;-;-;-;1,84;-;-;-;-;-;-;-
BGIQ26P035000;BRBMEFVBQPW7;AGRIBUSINESS;-;-;-;-;-;-;-;-;-;10,79;-;-;-;-;-;-;-
BGIX26C033800;BRBMEFGI02Q9;AGRIBUSINESS;-;-;-;-;-;-;-;-;-;18,81;-;-;-;-;-;-;-
BGIX26C035300;BRBMEFGI02R7;AGRIBUSINESS;-;-;-;-;-;-;-;-;-;10,6;-;-;-;-;-;-;-
BGIX26P033800;BRBMEFBG02O9;AGRIBUSINESS;-;-;-;-;-;-;-;-;-;6,2;-;-;-;-;-;-;-
BGIX26P035300;BRBMEFBG02P6;AGRIBUSINESS;-;-;-;-;-;-;-;-;-;12,37;-;-;-;-;-;-;-
BGIH27C028550;BRBMEFCBHRO9;AGRIBUSINESS;-;-;-;-;-;-;-;-;-;73,81;-;-;-;-;-;-;-
BGIH27P028550;BRBMEFVBHRO9;AGRIBUSINESS;-;-;-;-;-;-;-;-;-;0,55;-;-;-;-;-;-;-
BGIV26C034700;BRBMEFCB1LB8;AGRIBUSINESS;-;-;-;-;-;-;-;-;-;11,38;-;-;-;-;-;-;-
BGIV26P034700;BRBMEFVB1LA7;AGRIBUSINESS;-;-;-;-;-;-;-;-;-;8,81;-;-;-;-;-;-;-
BGIV26C035200;BRBMEFCB1LC6;AGRIBUSINESS;-;-;-;-;-;-;-;-;-;8,99;-;-;-;-;-;-;-
BGIV26P035200;BRBMEFVB1LB5;AGRIBUSINESS;-;-;-;-;-;-;-;-;-;11,27;-;-;-;-;-;-;-
BGIQ26C032300;BRBMEFCBQPX5;AGRIBUSINESS;-;-;-;-;-;-;-;-;-;18,28;-;-;-;-;-;-;-
BGIQ26P032300;BRBMEFVBQPX5;AGRIBUSINESS;-;-;-;-;-;-;-;-;-;0,52;-;-;-;-;-;-;-
BGIV26C038800;BRBMEFCB1LD4;AGRIBUSINESS;-;-;-;-;-;-;-;-;-;1,43;-;-;-;-;-;-;-
BGIV26P038800;BRBMEFVB1LC3;AGRIBUSINESS;-;-;-;-;-;-;-;-;-;38,58;-;-;-;-;-;-;-
BGIX26C034750;BRBMEFGI02S5;AGRIBUSINESS;-;-;-;-;-;-;-;-;-;13,25;-;-;-;-;-;-;-
BGIX26C034800;BRBMEFGI02T3;AGRIBUSINESS;-;-;-;-;-;-;-;-;-;12,99;-;-;-;-;-;-;-
BGIX26P034750;BRBMEFBG02Q4;AGRIBUSINESS;-;-;-;-;-;-;-;-;-;9,75;-;-;-;-;-;-;-
BGIX26P034800;BRBMEFBG02R2;AGRIBUSINESS;-;-;-;-;-;-;-;-;-;9,96;-;-;-;-;-;-;-
BGIX26C033400;BRBMEFGI02U1;AGRIBUSINESS;-;-;-;-;-;-;-;-;-;21,5;-;-;-;-;-;-;-
BGIX26P033400;BRBMEFBG02S0;AGRIBUSINESS;-;-;-;-;-;-;-;-;-;5,05;-;-;-;-;-;-;-
BGIX26C034900;BRBMEFGI02V9;AGRIBUSINESS;-;-;-;-;-;-;-;-;-;12,48;-;-;-;-;-;-;-
BGIX26C034950;BRBMEFGI02W7;AGRIBUSINESS;-;-;-;-;-;-;-;-;-;12,24;-;-;-;-;-;-;-
BGIX26P034900;BRBMEFBG02T8;AGRIBUSINESS;-;-;-;-;-;-;-;-;-;10,42;-;-;-;-;-;-;-
BGIX26P034950;BRBMEFBG02U6;AGRIBUSINESS;-;-;-;-;-;-;-;-;-;10,65;-;-;-;-;-;-;-
BGIX26C035200;BRBMEFGI02X5;AGRIBUSINESS;-;-;-;-;-;-;-;-;-;11,04;-;-;-;-;-;-;-
BGIX26P035200;BRBMEFBG02V4;AGRIBUSINESS;-;-;-;-;-;-;-;-;-;11,86;-;-;-;-;-;-;-
BGIX26C032500;BRBMEFGI02Y3;AGRIBUSINESS;-;-;-;-;-;-;-;-;-;28,26;-;-;-;-;-;-;-
BGIX26P032500;BRBMEFBG02W2;AGRIBUSINESS;-;-;-;-;-;-;-;-;-;3,18;-;-;-;-;-;-;-
BGIQ26C034400;BRBMEFCBQPY3;AGRIBUSINESS;-;-;-;-;-;-;-;-;-;3,64;-;-;-;-;-;-;-
BGIQ26P034400;BRBMEFVBQPY3;AGRIBUSINESS;-;-;-;-;-;-;-;-;-;6,66;-;-;-;-;-;-;-
BGIV26C034400;BRBMEFCB1LE2;AGRIBUSINESS;-;-;-;-;-;-;-;-;-;13;-;-;-;-;-;-;-
BGIV26P034400;BRBMEFVB1LD1;AGRIBUSINESS;8;8;8;8;8;-5,32;-;-;-;7,53;-;-;-;-;1;1;2640
BGIX26C034500;BRBMEFGI02Z0;AGRIBUSINESS;-;-;-;-;-;-;-;-;-;14,58;-;-;-;-;-;-;-
BGIX26P034500;BRBMEFBG02X0;AGRIBUSINESS;-;-;-;-;-;-;-;-;-;8,68;-;-;-;-;-;-;-
BGIQ26C035900;BRBMEFCBQQ07;AGRIBUSINESS;-;-;-;-;-;-;-;-;-;0,59;-;-;-;-;-;-;-
BGIQ26P035900;BRBMEFVBQQ04;AGRIBUSINESS;-;-;-;-;-;-;-;-;-;18,46;-;-;-;-;-;-;-
BGIQ26C030000;BRBMEFCBQPZ0;AGRIBUSINESS;-;-;-;-;-;-;-;-;-;40,53;-;-;-;-;-;-;-
BGIQ26P030000;BRBMEFVBQPZ0;AGRIBUSINESS;-;-;-;-;-;-;-;-;-;0,01;-;-;-;-;-;-;-
BGIU26C030000;BRBMEFCBUV79;AGRIBUSINESS;-;-;-;-;-;-;-;-;-;41,06;-;-;-;-;-;-;-
BGIU26P030000;BRBMEFVBUV68;AGRIBUSINESS;-;-;-;-;-;-;-;-;-;0,18;-;-;-;-;-;-;-
BGIV26C037150;BRBMEFCB1LF9;AGRIBUSINESS;-;-;-;-;-;-;-;-;-;3,32;-;-;-;-;-;-;-
BGIV26P037150;BRBMEFVB1LE9;AGRIBUSINESS;-;-;-;-;-;-;-;-;-;24,48;-;-;-;-;-;-;-
BGIQ26C034100;BRBMEFCBQQ15;AGRIBUSINESS;-;-;-;-;-;-;-;-;-;4,95;-;-;-;-;-;-;-
BGIQ26P034100;BRBMEFVBQQ12;AGRIBUSINESS;-;-;-;-;-;-;-;-;-;5;-;-;-;-;-;-;-
BGIV26C035700;BRBMEFCB1LG7;AGRIBUSINESS;-;-;-;-;-;-;-;-;-;7,03;-;-;-;-;-;-;-
BGIV26P035700;BRBMEFVB1LF6;AGRIBUSINESS;-;-;-;-;-;-;-;-;-;14,15;-;-;-;-;-;-;-
BGIV26C036200;BRBMEFCB1LH5;AGRIBUSINESS;-;-;-;-;-;-;-;-;-;5,44;-;-;-;-;-;-;-
BGIV26P036200;BRBMEFVB1LG4;AGRIBUSINESS;-;-;-;-;-;-;-;-;-;17,41;-;-;-;-;-;-;-
BGIU26C032100;BRBMEFCBUV87;AGRIBUSINESS;-;-;-;-;-;-;-;-;-;21,86;-;-;-;-;-;-;-
BGIU26C034100;BRBMEFCBUV95;AGRIBUSINESS;-;-;-;-;-;-;-;-;-;7,98;-;-;-;-;-;-;-
BGIU26P032100;BRBMEFVBUV76;AGRIBUSINESS;-;-;-;-;-;-;-;-;-;1,55;-;-;-;-;-;-;-
BGIU26P034100;BRBMEFVBUV84;AGRIBUSINESS;-;-;-;-;-;-;-;-;-;7,24;-;-;-;-;-;-;-
BGIZ26C035900;BRBMEFCB24J2;AGRIBUSINESS;-;-;-;-;-;-;-;-;-;11,66;-;-;-;-;-;-;-
BGIZ26C035950;BRBMEFCB24K0;AGRIBUSINESS;-;-;-;-;-;-;-;-;-;11,46;-;-;-;-;-;-;-
BGIZ26C036000;BRBMEFCB24L8;AGRIBUSINESS;-;-;-;-;-;-;-;-;-;11,25;-;-;-;-;-;-;-
BGIZ26C036050;BRBMEFCB24M6;AGRIBUSINESS;-;-;-;-;-;-;-;-;-;11,04;-;-;-;-;-;-;-
BGIZ26C036100;BRBMEFCB24N4;AGRIBUSINESS;-;-;-;-;-;-;-;-;-;10,85;-;-;-;-;-;-;-
BGIZ26C036150;BRBMEFCB24O2;AGRIBUSINESS;-;-;-;-;-;-;-;-;-;10,65;-;-;-;-;-;-;-
BGIZ26C036200;BRBMEFCB24P9;AGRIBUSINESS;-;-;-;-;-;-;-;-;-;10,46;-;-;-;-;-;-;-
BGIZ26C036250;BRBMEFCB24Q7;AGRIBUSINESS;-;-;-;-;-;-;-;-;-;10,26;-;-;-;-;-;-;-
BGIZ26C036300;BRBMEFCB24R5;AGRIBUSINESS;-;-;-;-;-;-;-;-;-;10,08;-;-;-;-;-;-;-
BGIZ26C036350;BRBMEFCB24S3;AGRIBUSINESS;-;-;-;-;-;-;-;-;-;9,89;-;-;-;-;-;-;-
BGIZ26C036400;BRBMEFCB24T1;AGRIBUSINESS;-;-;-;-;-;-;-;-;-;9,71;-;-;-;-;-;-;-
BGIZ26C036450;BRBMEFCB24U9;AGRIBUSINESS;-;-;-;-;-;-;-;-;-;9,52;-;-;-;-;-;-;-
BGIZ26C036500;BRBMEFCB24V7;AGRIBUSINESS;-;-;-;-;-;-;-;-;-;9,35;-;-;-;-;-;-;-
BGIZ26C036550;BRBMEFCB24W5;AGRIBUSINESS;-;-;-;-;-;-;-;-;-;9,17;-;-;-;-;-;-;-
BGIZ26C036600;BRBMEFCB24X3;AGRIBUSINESS;-;-;-;-;-;-;-;-;-;9;-;-;-;-;-;-;-
BGIZ26C036650;BRBMEFCB24Y1;AGRIBUSINESS;-;-;-;-;-;-;-;-;-;8,83;-;-;-;-;-;-;-
BGIZ26C036700;BRBMEFCB24Z8;AGRIBUSINESS;-;-;-;-;-;-;-;-;-;8,66;-;-;-;-;-;-;-
BGIZ26C036750;BRBMEFCB2508;AGRIBUSINESS;-;-;-;-;-;-;-;-;-;8,49;-;-;-;-;-;-;-
BGIZ26C036800;BRBMEFCB2516;AGRIBUSINESS;-;-;-;-;-;-;-;-;-;8,33;-;-;-;-;-;-;-
BGIZ26C036850;BRBMEFCB2524;AGRIBUSINESS;-;-;-;-;-;-;-;-;-;8,17;-;-;-;-;-;-;-
BGIZ26C036900;BRBMEFCB2532;AGRIBUSINESS;-;-;-;-;-;-;-;-;-;8,02;-;-;-;-;-;-;-
BGIZ26C036950;BRBMEFCB2540;AGRIBUSINESS;-;-;-;-;-;-;-;-;-;7,86;-;-;-;-;-;-;-
BGIZ26C037000;BRBMEFCB2557;AGRIBUSINESS;-;-;-;-;-;-;-;-;-;7,71;-;-;-;-;-;-;-
BGIZ26C037050;BRBMEFCB2565;AGRIBUSINESS;-;-;-;-;-;-;-;-;-;7,57;-;-;-;-;-;-;-
BGIZ26C037100;BRBMEFCB2573;AGRIBUSINESS;-;-;-;-;-;-;-;-;-;7,43;-;-;-;-;-;-;-
BGIZ26C037150;BRBMEFCB2581;AGRIBUSINESS;-;-;-;-;-;-;-;-;-;7,29;-;-;-;-;-;-;-
BGIZ26C037200;BRBMEFCB2599;AGRIBUSINESS;-;-;-;-;-;-;-;-;-;7,16;-;-;-;-;-;-;-
BGIZ26C037250;BRBMEFCB25A8;AGRIBUSINESS;-;-;-;-;-;-;-;-;-;7,02;-;-;-;-;-;-;-
BGIZ26C037300;BRBMEFCB25B6;AGRIBUSINESS;-;-;-;-;-;-;-;-;-;6,89;-;-;-;-;-;-;-
BGIZ26C037350;BRBMEFCB25C4;AGRIBUSINESS;-;-;-;-;-;-;-;-;-;6,76;-;-;-;-;-;-;-
BGIZ26C037400;BRBMEFCB25D2;AGRIBUSINESS;-;-;-;-;-;-;-;-;-;6,63;-;-;-;-;-;-;-
BGIZ26C037450;BRBMEFCB25E0;AGRIBUSINESS;-;-;-;-;-;-;-;-;-;6,5;-;-;-;-;-;-;-
BGIZ26C037500;BRBMEFCB25F7;AGRIBUSINESS;-;-;-;-;-;-;-;-;-;6,38;-;-;-;-;-;-;-
BGIZ26C037550;BRBMEFCB25G5;AGRIBUSINESS;-;-;-;-;-;-;-;-;-;6,26;-;-;-;-;-;-;-
BGIZ26C037600;BRBMEFCB25H3;AGRIBUSINESS;-;-;-;-;-;-;-;-;-;6,14;-;-;-;-;-;-;-
BGIZ26C037650;BRBMEFCB25I1;AGRIBUSINESS;-;-;-;-;-;-;-;-;-;6,02;-;-;-;-;-;-;-
BGIZ26C037700;BRBMEFCB25J9;AGRIBUSINESS;-;-;-;-;-;-;-;-;-;5,91;-;-;-;-;-;-;-
BGIZ26C037750;BRBMEFCB25K7;AGRIBUSINESS;-;-;-;-;-;-;-;-;-;5,79;-;-;-;-;-;-;-
BGIZ26C037800;BRBMEFCB25L5;AGRIBUSINESS;-;-;-;-;-;-;-;-;-;5,68;-;-;-;-;-;-;-
BGIZ26C037850;BRBMEFCB25M3;AGRIBUSINESS;-;-;-;-;-;-;-;-;-;5,57;-;-;-;-;-;-;-
BGIZ26C037900;BRBMEFCB25N1;AGRIBUSINESS;-;-;-;-;-;-;-;-;-;5,47;-;-;-;-;-;-;-
BGIZ26C037950;BRBMEFCB25O9;AGRIBUSINESS;-;-;-;-;-;-;-;-;-;5,36;-;-;-;-;-;-;-
BGIZ26C038000;BRBMEFCB25P6;AGRIBUSINESS;-;-;-;-;-;-;-;-;-;5,26;-;-;-;-;-;-;-
BGIZ26C038050;BRBMEFCB25Q4;AGRIBUSINESS;-;-;-;-;-;-;-;-;-;5,15;-;-;-;-;-;-;-
BGIZ26C038100;BRBMEFCB25R2;AGRIBUSINESS;-;-;-;-;-;-;-;-;-;5,05;-;-;-;-;-;-;-
BGIZ26C038150;BRBMEFCB25S0;AGRIBUSINESS;-;-;-;-;-;-;-;-;-;4,96;-;-;-;-;-;-;-
BGIZ26C038200;BRBMEFCB25T8;AGRIBUSINESS;-;-;-;-;-;-;-;-;-;4,86;-;-;-;-;-;-;-
BGIZ26C038250;BRBMEFCB25U6;AGRIBUSINESS;-;-;-;-;-;-;-;-;-;4,77;-;-;-;-;-;-;-
BGIZ26C038300;BRBMEFCB25V4;AGRIBUSINESS;-;-;-;-;-;-;-;-;-;4,68;-;-;-;-;-;-;-
BGIZ26C038350;BRBMEFCB25W2;AGRIBUSINESS;-;-;-;-;-;-;-;-;-;4,59;-;-;-;-;-;-;-
BGIZ26C038400;BRBMEFCB25X0;AGRIBUSINESS;-;-;-;-;-;-;-;-;-;4,5;-;-;-;-;-;-;-
BGIZ26C038450;BRBMEFCB25Y8;AGRIBUSINESS;-;-;-;-;-;-;-;-;-;4,42;-;-;-;-;-;-;-
BGIZ26C038500;BRBMEFCB25Z5;AGRIBUSINESS;-;-;-;-;-;-;-;-;-;4,34;-;-;-;-;-;-;-
BGIZ26C038550;BRBMEFCB2607;AGRIBUSINESS;-;-;-;-;-;-;-;-;-;4,26;-;-;-;-;-;-;-
BGIZ26C038600;BRBMEFCB2615;AGRIBUSINESS;-;-;-;-;-;-;-;-;-;4,17;-;-;-;-;-;-;-
BGIZ26C038650;BRBMEFCB2623;AGRIBUSINESS;-;-;-;-;-;-;-;-;-;4,09;-;-;-;-;-;-;-
BGIZ26C038700;BRBMEFCB2631;AGRIBUSINESS;-;-;-;-;-;-;-;-;-;4,02;-;-;-;-;-;-;-
BGIZ26P035900;BRBMEFBV24J2;AGRIBUSINESS;-;-;-;-;-;-;-;-;-;14,27;-;-;-;-;-;-;-
BGIZ26P035950;BRBMEFBV24K0;AGRIBUSINESS;-;-;-;-;-;-;-;-;-;14,54;-;-;-;-;-;-;-
BGIZ26P036000;BRBMEFBV24L8;AGRIBUSINESS;-;-;-;-;-;-;-;-;-;14,81;-;-;-;-;-;-;-
BGIZ26P036050;BRBMEFBV24M6;AGRIBUSINESS;-;-;-;-;-;-;-;-;-;15,08;-;-;-;-;-;-;-
BGIZ26P036100;BRBMEFBV24N4;AGRIBUSINESS;-;-;-;-;-;-;-;-;-;15,36;-;-;-;-;-;-;-
BGIZ26P036150;BRBMEFBV24O2;AGRIBUSINESS;-;-;-;-;-;-;-;-;-;15,63;-;-;-;-;-;-;-
BGIZ26P036200;BRBMEFBV24P9;AGRIBUSINESS;-;-;-;-;-;-;-;-;-;15,92;-;-;-;-;-;-;-
BGIZ26P036250;BRBMEFBV24Q7;AGRIBUSINESS;-;-;-;-;-;-;-;-;-;16,19;-;-;-;-;-;-;-
BGIZ26P036300;BRBMEFBV24R5;AGRIBUSINESS;-;-;-;-;-;-;-;-;-;16,48;-;-;-;-;-;-;-
BGIZ26P036350;BRBMEFBV24S3;AGRIBUSINESS;-;-;-;-;-;-;-;-;-;16,77;-;-;-;-;-;-;-
BGIZ26P036400;BRBMEFBV24T1;AGRIBUSINESS;-;-;-;-;-;-;-;-;-;17,06;-;-;-;-;-;-;-
BGIZ26P036450;BRBMEFBV24U9;AGRIBUSINESS;-;-;-;-;-;-;-;-;-;17,35;-;-;-;-;-;-;-
BGIZ26P036500;BRBMEFBV24V7;AGRIBUSINESS;-;-;-;-;-;-;-;-;-;17,65;-;-;-;-;-;-;-
BGIZ26P036550;BRBMEFBV24W5;AGRIBUSINESS;-;-;-;-;-;-;-;-;-;17,95;-;-;-;-;-;-;-
BGIZ26P036600;BRBMEFBV24X3;AGRIBUSINESS;-;-;-;-;-;-;-;-;-;18,25;-;-;-;-;-;-;-
BGIZ26P036650;BRBMEFBV24Y1;AGRIBUSINESS;-;-;-;-;-;-;-;-;-;18,55;-;-;-;-;-;-;-
BGIZ26P036700;BRBMEFBV24Z8;AGRIBUSINESS;-;-;-;-;-;-;-;-;-;18,86;-;-;-;-;-;-;-
BGIZ26P036750;BRBMEFBV2505;AGRIBUSINESS;-;-;-;-;-;-;-;-;-;19,17;-;-;-;-;-;-;-
BGIZ26P036800;BRBMEFBV2513;AGRIBUSINESS;-;-;-;-;-;-;-;-;-;19,48;-;-;-;-;-;-;-
BGIZ26P036850;BRBMEFBV2521;AGRIBUSINESS;-;-;-;-;-;-;-;-;-;19,79;-;-;-;-;-;-;-
BGIZ26P036900;BRBMEFBV2539;AGRIBUSINESS;-;-;-;-;-;-;-;-;-;20,12;-;-;-;-;-;-;-
BGIZ26P036950;BRBMEFBV2547;AGRIBUSINESS;-;-;-;-;-;-;-;-;-;20,43;-;-;-;-;-;-;-
BGIZ26P037000;BRBMEFBV2554;AGRIBUSINESS;-;-;-;-;-;-;-;-;-;20,76;-;-;-;-;-;-;-
BGIZ26P037050;BRBMEFBV2562;AGRIBUSINESS;-;-;-;-;-;-;-;-;-;21,09;-;-;-;-;-;-;-
BGIZ26P037100;BRBMEFBV2570;AGRIBUSINESS;-;-;-;-;-;-;-;-;-;21,43;-;-;-;-;-;-;-
BGIZ26P037150;BRBMEFBV2588;AGRIBUSINESS;-;-;-;-;-;-;-;-;-;21,76;-;-;-;-;-;-;-
BGIZ26P037200;BRBMEFBV2596;AGRIBUSINESS;-;-;-;-;-;-;-;-;-;22,1;-;-;-;-;-;-;-
BGIZ26P037250;BRBMEFBV25A8;AGRIBUSINESS;-;-;-;-;-;-;-;-;-;22,44;-;-;-;-;-;-;-
BGIZ26P037300;BRBMEFBV25B6;AGRIBUSINESS;-;-;-;-;-;-;-;-;-;22,79;-;-;-;-;-;-;-
BGIZ26P037350;BRBMEFBV25C4;AGRIBUSINESS;-;-;-;-;-;-;-;-;-;23,13;-;-;-;-;-;-;-
BGIZ26P037400;BRBMEFBV25D2;AGRIBUSINESS;-;-;-;-;-;-;-;-;-;23,48;-;-;-;-;-;-;-
BGIZ26P037450;BRBMEFBV25E0;AGRIBUSINESS;-;-;-;-;-;-;-;-;-;23,82;-;-;-;-;-;-;-
BGIZ26P037500;BRBMEFBV25F7;AGRIBUSINESS;-;-;-;-;-;-;-;-;-;24,18;-;-;-;-;-;-;-
BGIZ26P037550;BRBMEFBV25G5;AGRIBUSINESS;-;-;-;-;-;-;-;-;-;24,53;-;-;-;-;-;-;-
BGIZ26P037600;BRBMEFBV25H3;AGRIBUSINESS;-;-;-;-;-;-;-;-;-;24,89;-;-;-;-;-;-;-
BGIZ26P037650;BRBMEFBV25I1;AGRIBUSINESS;-;-;-;-;-;-;-;-;-;25,24;-;-;-;-;-;-;-
BGIZ26P037700;BRBMEFBV25J9;AGRIBUSINESS;-;-;-;-;-;-;-;-;-;25,6;-;-;-;-;-;-;-
BGIZ26P037750;BRBMEFBV25K7;AGRIBUSINESS;-;-;-;-;-;-;-;-;-;25,96;-;-;-;-;-;-;-
BGIZ26P037800;BRBMEFBV25L5;AGRIBUSINESS;-;-;-;-;-;-;-;-;-;26,33;-;-;-;-;-;-;-
BGIZ26P037850;BRBMEFBV25M3;AGRIBUSINESS;-;-;-;-;-;-;-;-;-;26,69;-;-;-;-;-;-;-
BGIZ26P037900;BRBMEFBV25N1;AGRIBUSINESS;-;-;-;-;-;-;-;-;-;27,06;-;-;-;-;-;-;-
BGIZ26P037950;BRBMEFBV25O9;AGRIBUSINESS;-;-;-;-;-;-;-;-;-;27,42;-;-;-;-;-;-;-
BGIZ26P038000;BRBMEFBV25P6;AGRIBUSINESS;-;-;-;-;-;-;-;-;-;27,8;-;-;-;-;-;-;-
BGIZ26P038050;BRBMEFBV25Q4;AGRIBUSINESS;-;-;-;-;-;-;-;-;-;28,16;-;-;-;-;-;-;-
BGIZ26P038100;BRBMEFBV25R2;AGRIBUSINESS;-;-;-;-;-;-;-;-;-;28,54;-;-;-;-;-;-;-
BGIZ26P038150;BRBMEFBV25S0;AGRIBUSINESS;-;-;-;-;-;-;-;-;-;28,92;-;-;-;-;-;-;-
BGIZ26P038200;BRBMEFBV25T8;AGRIBUSINESS;-;-;-;-;-;-;-;-;-;29,3;-;-;-;-;-;-;-
BGIZ26P038250;BRBMEFBV25U6;AGRIBUSINESS;-;-;-;-;-;-;-;-;-;29,68;-;-;-;-;-;-;-
BGIZ26P038300;BRBMEFBV25V4;AGRIBUSINESS;-;-;-;-;-;-;-;-;-;30,06;-;-;-;-;-;-;-
BGIZ26P038350;BRBMEFBV25W2;AGRIBUSINESS;-;-;-;-;-;-;-;-;-;30,45;-;-;-;-;-;-;-
BGIZ26P038400;BRBMEFBV25X0;AGRIBUSINESS;-;-;-;-;-;-;-;-;-;30,84;-;-;-;-;-;-;-
BGIZ26P038450;BRBMEFBV25Y8;AGRIBUSINESS;-;-;-;-;-;-;-;-;-;31,23;-;-;-;-;-;-;-
BGIZ26P038500;BRBMEFBV25Z5;AGRIBUSINESS;-;-;-;-;-;-;-;-;-;31,62;-;-;-;-;-;-;-
BGIZ26P038550;BRBMEFBV2604;AGRIBUSINESS;-;-;-;-;-;-;-;-;-;32,01;-;-;-;-;-;-;-
BGIZ26P038600;BRBMEFBV2612;AGRIBUSINESS;-;-;-;-;-;-;-;-;-;32,41;-;-;-;-;-;-;-
BGIZ26P038650;BRBMEFBV2620;AGRIBUSINESS;-;-;-;-;-;-;-;-;-;32,8;-;-;-;-;-;-;-
BGIZ26P038700;BRBMEFBV2638;AGRIBUSINESS;-;-;-;-;-;-;-;-;-;33,21;-;-;-;-;-;-;-
BGIX26C035700;BRBMEFGI0303;AGRIBUSINESS;-;-;-;-;-;-;-;-;-;8,96;-;-;-;-;-;-;-
BGIX26P035700;BRBMEFBG02Y8;AGRIBUSINESS;-;-;-;-;-;-;-;-;-;14,57;-;-;-;-;-;-;-
BGIZ26C033000;BRBMEFCB2649;AGRIBUSINESS;-;-;-;-;-;-;-;-;-;29,03;-;-;-;-;-;-;-
BGIZ26C035000;BRBMEFCB2656;AGRIBUSINESS;-;-;-;-;-;-;-;-;-;15,99;-;-;-;-;-;-;-
BGIZ26P033000;BRBMEFBV2646;AGRIBUSINESS;-;-;-;-;-;-;-;-;-;4,12;-;-;-;-;-;-;-
BGIZ26P035000;BRBMEFBV2653;AGRIBUSINESS;-;-;-;-;-;-;-;-;-;10,06;-;-;-;-;-;-;-
BGIU26C029000;BRBMEFCBUVA3;AGRIBUSINESS;-;-;-;-;-;-;-;-;-;50,71;-;-;-;-;-;-;-
BGIU26P029000;BRBMEFVBUV92;AGRIBUSINESS;-;-;-;-;-;-;-;-;-;0,04;-;-;-;-;-;-;-
BGIF27C034000;BRBMEFBC01R3;AGRIBUSINESS;-;-;-;-;-;-;-;-;-;28,53;-;-;-;-;-;-;-
BGIF27C034050;BRBMEFBC01S1;AGRIBUSINESS;-;-;-;-;-;-;-;-;-;28,18;-;-;-;-;-;-;-
BGIF27C034100;BRBMEFBC01T9;AGRIBUSINESS;-;-;-;-;-;-;-;-;-;27,82;-;-;-;-;-;-;-
BGIF27C034150;BRBMEFBC01U7;AGRIBUSINESS;-;-;-;-;-;-;-;-;-;27,48;-;-;-;-;-;-;-
BGIF27C034200;BRBMEFBC01V5;AGRIBUSINESS;-;-;-;-;-;-;-;-;-;27,13;-;-;-;-;-;-;-
BGIF27C034250;BRBMEFBC01W3;AGRIBUSINESS;-;-;-;-;-;-;-;-;-;26,8;-;-;-;-;-;-;-
BGIF27C034300;BRBMEFBC01X1;AGRIBUSINESS;-;-;-;-;-;-;-;-;-;26,46;-;-;-;-;-;-;-
BGIF27C034350;BRBMEFBC01Y9;AGRIBUSINESS;-;-;-;-;-;-;-;-;-;26,13;-;-;-;-;-;-;-
BGIF27C034400;BRBMEFBC01Z6;AGRIBUSINESS;-;-;-;-;-;-;-;-;-;25,79;-;-;-;-;-;-;-
BGIF27C034450;BRBMEFBC0205;AGRIBUSINESS;-;-;-;-;-;-;-;-;-;25,46;-;-;-;-;-;-;-
BGIF27C034500;BRBMEFBC0213;AGRIBUSINESS;-;-;-;-;-;-;-;-;-;25,14;-;-;-;-;-;-;-
BGIF27C034550;BRBMEFBC0221;AGRIBUSINESS;-;-;-;-;-;-;-;-;-;24,81;-;-;-;-;-;-;-
BGIF27C034600;BRBMEFBC0239;AGRIBUSINESS;-;-;-;-;-;-;-;-;-;24,49;-;-;-;-;-;-;-
BGIF27C034650;BRBMEFBC0247;AGRIBUSINESS;-;-;-;-;-;-;-;-;-;24,17;-;-;-;-;-;-;-
BGIF27C034700;BRBMEFBC0254;AGRIBUSINESS;-;-;-;-;-;-;-;-;-;23,85;-;-;-;-;-;-;-
BGIF27C034750;BRBMEFBC0262;AGRIBUSINESS;-;-;-;-;-;-;-;-;-;23,53;-;-;-;-;-;-;-
BGIF27C034800;BRBMEFBC0270;AGRIBUSINESS;-;-;-;-;-;-;-;-;-;23,22;-;-;-;-;-;-;-
BGIF27C034850;BRBMEFBC0288;AGRIBUSINESS;-;-;-;-;-;-;-;-;-;22,91;-;-;-;-;-;-;-
BGIF27C034900;BRBMEFBC0296;AGRIBUSINESS;-;-;-;-;-;-;-;-;-;22,6;-;-;-;-;-;-;-
BGIF27C034950;BRBMEFBC02A7;AGRIBUSINESS;-;-;-;-;-;-;-;-;-;22,3;-;-;-;-;-;-;-
BGIF27C035000;BRBMEFBC02B5;AGRIBUSINESS;-;-;-;-;-;-;-;-;-;21,99;-;-;-;-;-;-;-
BGIF27C035050;BRBMEFBC02C3;AGRIBUSINESS;-;-;-;-;-;-;-;-;-;21,69;-;-;-;-;-;-;-
BGIF27C035100;BRBMEFBC02D1;AGRIBUSINESS;-;-;-;-;-;-;-;-;-;21,39;-;-;-;-;-;-;-
BGIF27C035150;BRBMEFBC02E9;AGRIBUSINESS;-;-;-;-;-;-;-;-;-;21,09;-;-;-;-;-;-;-
BGIF27C035200;BRBMEFBC02F6;AGRIBUSINESS;-;-;-;-;-;-;-;-;-;20,79;-;-;-;-;-;-;-
BGIF27C035250;BRBMEFBC02G4;AGRIBUSINESS;-;-;-;-;-;-;-;-;-;20,5;-;-;-;-;-;-;-
BGIF27C035300;BRBMEFBC02H2;AGRIBUSINESS;-;-;-;-;-;-;-;-;-;20,21;-;-;-;-;-;-;-
BGIF27C035350;BRBMEFBC02I0;AGRIBUSINESS;-;-;-;-;-;-;-;-;-;19,92;-;-;-;-;-;-;-
BGIF27C035400;BRBMEFBC01Q5;AGRIBUSINESS;-;-;-;-;-;-;-;-;-;19,63;-;-;-;-;-;-;-
BGIF27C035450;BRBMEFBC02J8;AGRIBUSINESS;-;-;-;-;-;-;-;-;-;19,36;-;-;-;-;-;-;-
BGIF27C035500;BRBMEFBC02K6;AGRIBUSINESS;-;-;-;-;-;-;-;-;-;19,07;-;-;-;-;-;-;-
BGIF27C035550;BRBMEFBC02L4;AGRIBUSINESS;-;-;-;-;-;-;-;-;-;18,8;-;-;-;-;-;-;-
BGIF27C035600;BRBMEFBC02M2;AGRIBUSINESS;-;-;-;-;-;-;-;-;-;18,54;-;-;-;-;-;-;-
BGIF27C035650;BRBMEFBC02N0;AGRIBUSINESS;-;-;-;-;-;-;-;-;-;18,27;-;-;-;-;-;-;-
BGIF27C035700;BRBMEFBC02O8;AGRIBUSINESS;-;-;-;-;-;-;-;-;-;18;-;-;-;-;-;-;-
BGIF27C035750;BRBMEFBC02P5;AGRIBUSINESS;-;-;-;-;-;-;-;-;-;17,74;-;-;-;-;-;-;-
BGIF27C035800;BRBMEFBC02Q3;AGRIBUSINESS;-;-;-;-;-;-;-;-;-;17,48;-;-;-;-;-;-;-
BGIF27C035850;BRBMEFBC02R1;AGRIBUSINESS;-;-;-;-;-;-;-;-;-;17,21;-;-;-;-;-;-;-
BGIF27C035900;BRBMEFBC02S9;AGRIBUSINESS;-;-;-;-;-;-;-;-;-;16,96;-;-;-;-;-;-;-
BGIF27C035950;BRBMEFBC02T7;AGRIBUSINESS;-;-;-;-;-;-;-;-;-;16,71;-;-;-;-;-;-;-
BGIF27C036000;BRBMEFBC02U5;AGRIBUSINESS;-;-;-;-;-;-;-;-;-;16,46;-;-;-;-;-;-;-
BGIF27C036050;BRBMEFBC02V3;AGRIBUSINESS;-;-;-;-;-;-;-;-;-;16,21;-;-;-;-;-;-;-
BGIF27C036100;BRBMEFBC02W1;AGRIBUSINESS;-;-;-;-;-;-;-;-;-;15,96;-;-;-;-;-;-;-
BGIF27C036150;BRBMEFBC02X9;AGRIBUSINESS;-;-;-;-;-;-;-;-;-;15,72;-;-;-;-;-;-;-
BGIF27C036200;BRBMEFBC02Y7;AGRIBUSINESS;-;-;-;-;-;-;-;-;-;15,48;-;-;-;-;-;-;-
BGIF27C036250;BRBMEFBC02Z4;AGRIBUSINESS;-;-;-;-;-;-;-;-;-;15,24;-;-;-;-;-;-;-
BGIF27C036300;BRBMEFBC0304;AGRIBUSINESS;-;-;-;-;-;-;-;-;-;15,01;-;-;-;-;-;-;-
BGIF27C036350;BRBMEFBC0312;AGRIBUSINESS;-;-;-;-;-;-;-;-;-;14,77;-;-;-;-;-;-;-
BGIF27C036400;BRBMEFBC0320;AGRIBUSINESS;-;-;-;-;-;-;-;-;-;14,54;-;-;-;-;-;-;-
BGIF27C036450;BRBMEFBC0338;AGRIBUSINESS;-;-;-;-;-;-;-;-;-;14,31;-;-;-;-;-;-;-
BGIF27C036500;BRBMEFBC0346;AGRIBUSINESS;-;-;-;-;-;-;-;-;-;14,09;-;-;-;-;-;-;-
BGIF27C036550;BRBMEFBC0353;AGRIBUSINESS;-;-;-;-;-;-;-;-;-;13,87;-;-;-;-;-;-;-
BGIF27C036600;BRBMEFBC0361;AGRIBUSINESS;-;-;-;-;-;-;-;-;-;13,64;-;-;-;-;-;-;-
BGIF27C036650;BRBMEFBC0379;AGRIBUSINESS;-;-;-;-;-;-;-;-;-;13,42;-;-;-;-;-;-;-
BGIF27C036700;BRBMEFBC0387;AGRIBUSINESS;-;-;-;-;-;-;-;-;-;13,22;-;-;-;-;-;-;-
BGIF27C036750;BRBMEFBC0395;AGRIBUSINESS;-;-;-;-;-;-;-;-;-;13;-;-;-;-;-;-;-
BGIF27C036800;BRBMEFBC03A5;AGRIBUSINESS;-;-;-;-;-;-;-;-;-;12,81;-;-;-;-;-;-;-
BGIF27C036850;BRBMEFBC03B3;AGRIBUSINESS;-;-;-;-;-;-;-;-;-;12,6;-;-;-;-;-;-;-
BGIF27C036900;BRBMEFBC03C1;AGRIBUSINESS;-;-;-;-;-;-;-;-;-;12,4;-;-;-;-;-;-;-
BGIF27C036950;BRBMEFBC03D9;AGRIBUSINESS;-;-;-;-;-;-;-;-;-;12,2;-;-;-;-;-;-;-
BGIF27C037000;BRBMEFBC03E7;AGRIBUSINESS;-;-;-;-;-;-;-;-;-;12,01;-;-;-;-;-;-;-
BGIF27C037050;BRBMEFBC03F4;AGRIBUSINESS;-;-;-;-;-;-;-;-;-;11,81;-;-;-;-;-;-;-
BGIF27C037100;BRBMEFBC03G2;AGRIBUSINESS;-;-;-;-;-;-;-;-;-;11,63;-;-;-;-;-;-;-
BGIF27C037150;BRBMEFBC03H0;AGRIBUSINESS;-;-;-;-;-;-;-;-;-;11,44;-;-;-;-;-;-;-
BGIF27C037200;BRBMEFBC03I8;AGRIBUSINESS;-;-;-;-;-;-;-;-;-;11,26;-;-;-;-;-;-;-
BGIF27C037250;BRBMEFBC03J6;AGRIBUSINESS;-;-;-;-;-;-;-;-;-;11,07;-;-;-;-;-;-;-
BGIF27C037300;BRBMEFBC03K4;AGRIBUSINESS;-;-;-;-;-;-;-;-;-;10,89;-;-;-;-;-;-;-
BGIF27C037350;BRBMEFBC03L2;AGRIBUSINESS;-;-;-;-;-;-;-;-;-;10,71;-;-;-;-;-;-;-
BGIF27C037400;BRBMEFBC03M0;AGRIBUSINESS;-;-;-;-;-;-;-;-;-;10,54;-;-;-;-;-;-;-
BGIF27C037450;BRBMEFBC03N8;AGRIBUSINESS;-;-;-;-;-;-;-;-;-;10,37;-;-;-;-;-;-;-
BGIF27C037500;BRBMEFBC03O6;AGRIBUSINESS;-;-;-;-;-;-;-;-;-;10,19;-;-;-;-;-;-;-
BGIF27C037550;BRBMEFBC03P3;AGRIBUSINESS;-;-;-;-;-;-;-;-;-;10,03;-;-;-;-;-;-;-
BGIF27C037600;BRBMEFBC03Q1;AGRIBUSINESS;-;-;-;-;-;-;-;-;-;9,85;-;-;-;-;-;-;-
BGIF27C037650;BRBMEFBC03R9;AGRIBUSINESS;-;-;-;-;-;-;-;-;-;9,69;-;-;-;-;-;-;-
BGIF27C037700;BRBMEFBC03S7;AGRIBUSINESS;-;-;-;-;-;-;-;-;-;9,52;-;-;-;-;-;-;-
BGIF27C037750;BRBMEFBC03T5;AGRIBUSINESS;-;-;-;-;-;-;-;-;-;9,37;-;-;-;-;-;-;-
BGIF27C037800;BRBMEFBC03U3;AGRIBUSINESS;-;-;-;-;-;-;-;-;-;9,21;-;-;-;-;-;-;-
BGIF27C037850;BRBMEFBC03V1;AGRIBUSINESS;-;-;-;-;-;-;-;-;-;9,05;-;-;-;-;-;-;-
BGIF27C037900;BRBMEFBC03W9;AGRIBUSINESS;-;-;-;-;-;-;-;-;-;8,89;-;-;-;-;-;-;-
BGIF27C037950;BRBMEFBC03X7;AGRIBUSINESS;-;-;-;-;-;-;-;-;-;8,75;-;-;-;-;-;-;-
BGIF27C038000;BRBMEFBC03Y5;AGRIBUSINESS;9,85;9,85;9,85;9,85;9,85;-;-;-;-;8,6;-;-;-;-;1;27;87763,5
BGIF27P034000;BRBMEFBF0152;AGRIBUSINESS;-;-;-;-;-;-;-;-;-;5,53;-;-;-;-;-;-;-
BGIF27P034050;BRBMEFBF0160;AGRIBUSINESS;-;-;-;-;-;-;-;-;-;5,64;-;-;-;-;-;-;-
BGIF27P034100;BRBMEFBF0178;AGRIBUSINESS;-;-;-;-;-;-;-;-;-;5,75;-;-;-;-;-;-;-
BGIF27P034150;BRBMEFBF0186;AGRIBUSINESS;-;-;-;-;-;-;-;-;-;5,88;-;-;-;-;-;-;-
BGIF27P034200;BRBMEFBF0194;AGRIBUSINESS;-;-;-;-;-;-;-;-;-;6,01;-;-;-;-;-;-;-
BGIF27P034250;BRBMEFBF01A2;AGRIBUSINESS;-;-;-;-;-;-;-;-;-;6,14;-;-;-;-;-;-;-
BGIF27P034300;BRBMEFBF01B0;AGRIBUSINESS;-;-;-;-;-;-;-;-;-;6,27;-;-;-;-;-;-;-
BGIF27P034350;BRBMEFBF01C8;AGRIBUSINESS;-;-;-;-;-;-;-;-;-;6,41;-;-;-;-;-;-;-
BGIF27P034400;BRBMEFBF01D6;AGRIBUSINESS;-;-;-;-;-;-;-;-;-;6,55;-;-;-;-;-;-;-
BGIF27P034450;BRBMEFBF01E4;AGRIBUSINESS;-;-;-;-;-;-;-;-;-;6,69;-;-;-;-;-;-;-
BGIF27P034500;BRBMEFBF01F1;AGRIBUSINESS;-;-;-;-;-;-;-;-;-;6,83;-;-;-;-;-;-;-
BGIF27P034550;BRBMEFBF01G9;AGRIBUSINESS;-;-;-;-;-;-;-;-;-;6,97;-;-;-;-;-;-;-
BGIF27P034600;BRBMEFBF01H7;AGRIBUSINESS;-;-;-;-;-;-;-;-;-;7,12;-;-;-;-;-;-;-
BGIF27P034650;BRBMEFBF01I5;AGRIBUSINESS;-;-;-;-;-;-;-;-;-;7,27;-;-;-;-;-;-;-
BGIF27P034700;BRBMEFBF01J3;AGRIBUSINESS;-;-;-;-;-;-;-;-;-;7,42;-;-;-;-;-;-;-
BGIF27P034750;BRBMEFBF01K1;AGRIBUSINESS;-;-;-;-;-;-;-;-;-;7,57;-;-;-;-;-;-;-
BGIF27P034800;BRBMEFBF01L9;AGRIBUSINESS;-;-;-;-;-;-;-;-;-;7,73;-;-;-;-;-;-;-
BGIF27P034850;BRBMEFBF01M7;AGRIBUSINESS;-;-;-;-;-;-;-;-;-;7,89;-;-;-;-;-;-;-
BGIF27P034900;BRBMEFBF01N5;AGRIBUSINESS;-;-;-;-;-;-;-;-;-;8,05;-;-;-;-;-;-;-
BGIF27P034950;BRBMEFBF01O3;AGRIBUSINESS;-;-;-;-;-;-;-;-;-;8,21;-;-;-;-;-;-;-
BGIF27P035000;BRBMEFBF01P0;AGRIBUSINESS;-;-;-;-;-;-;-;-;-;8,38;-;-;-;-;-;-;-
BGIF27P035050;BRBMEFBF01Q8;AGRIBUSINESS;-;-;-;-;-;-;-;-;-;8,54;-;-;-;-;-;-;-
BGIF27P035100;BRBMEFBF01R6;AGRIBUSINESS;-;-;-;-;-;-;-;-;-;8,71;-;-;-;-;-;-;-
BGIF27P035150;BRBMEFBF01S4;AGRIBUSINESS;-;-;-;-;-;-;-;-;-;8,88;-;-;-;-;-;-;-
BGIF27P035200;BRBMEFBF01T2;AGRIBUSINESS;-;-;-;-;-;-;-;-;-;9,06;-;-;-;-;-;-;-
BGIF27P035250;BRBMEFBF01U0;AGRIBUSINESS;-;-;-;-;-;-;-;-;-;9,23;-;-;-;-;-;-;-
BGIF27P035300;BRBMEFBF01V8;AGRIBUSINESS;-;-;-;-;-;-;-;-;-;9,41;-;-;-;-;-;-;-
BGIF27P035350;BRBMEFBF01W6;AGRIBUSINESS;-;-;-;-;-;-;-;-;-;9,59;-;-;-;-;-;-;-
BGIF27P035400;BRBMEFBF0145;AGRIBUSINESS;-;-;-;-;-;-;-;-;-;9,77;-;-;-;-;-;-;-
BGIF27P035450;BRBMEFBF01X4;AGRIBUSINESS;-;-;-;-;-;-;-;-;-;9,97;-;-;-;-;-;-;-
BGIF27P035500;BRBMEFBF01Y2;AGRIBUSINESS;-;-;-;-;-;-;-;-;-;10,15;-;-;-;-;-;-;-
BGIF27P035550;BRBMEFBF01Z9;AGRIBUSINESS;-;-;-;-;-;-;-;-;-;10,35;-;-;-;-;-;-;-
BGIF27P035600;BRBMEFBF0202;AGRIBUSINESS;-;-;-;-;-;-;-;-;-;10,56;-;-;-;-;-;-;-
BGIF27P035650;BRBMEFBF0210;AGRIBUSINESS;-;-;-;-;-;-;-;-;-;10,76;-;-;-;-;-;-;-
BGIF27P035700;BRBMEFBF0228;AGRIBUSINESS;-;-;-;-;-;-;-;-;-;10,96;-;-;-;-;-;-;-
BGIF27P035750;BRBMEFBF0236;AGRIBUSINESS;-;-;-;-;-;-;-;-;-;11,17;-;-;-;-;-;-;-
BGIF27P035800;BRBMEFBF0244;AGRIBUSINESS;-;-;-;-;-;-;-;-;-;11,38;-;-;-;-;-;-;-
BGIF27P035850;BRBMEFBF0251;AGRIBUSINESS;-;-;-;-;-;-;-;-;-;11,58;-;-;-;-;-;-;-
BGIF27P035900;BRBMEFBF0269;AGRIBUSINESS;8;8;8;8;8;-;-;-;-;11,8;-;-;-;-;1;27;71280
BGIF27P035950;BRBMEFBF0277;AGRIBUSINESS;-;-;-;-;-;-;-;-;-;12,02;-;-;-;-;-;-;-
BGIF27P036000;BRBMEFBF0285;AGRIBUSINESS;-;-;-;-;-;-;-;-;-;12,24;-;-;-;-;-;-;-
BGIF27P036050;BRBMEFBF0293;AGRIBUSINESS;-;-;-;-;-;-;-;-;-;12,45;-;-;-;-;-;-;-
BGIF27P036100;BRBMEFBF02A0;AGRIBUSINESS;-;-;-;-;-;-;-;-;-;12,68;-;-;-;-;-;-;-
BGIF27P036150;BRBMEFBF02B8;AGRIBUSINESS;-;-;-;-;-;-;-;-;-;12,91;-;-;-;-;-;-;-
BGIF27P036200;BRBMEFBF02C6;AGRIBUSINESS;-;-;-;-;-;-;-;-;-;13,14;-;-;-;-;-;-;-
BGIF27P036250;BRBMEFBF02D4;AGRIBUSINESS;-;-;-;-;-;-;-;-;-;13,36;-;-;-;-;-;-;-
BGIF27P036300;BRBMEFBF02E2;AGRIBUSINESS;-;-;-;-;-;-;-;-;-;13,6;-;-;-;-;-;-;-
BGIF27P036350;BRBMEFBF02F9;AGRIBUSINESS;-;-;-;-;-;-;-;-;-;13,84;-;-;-;-;-;-;-
BGIF27P036400;BRBMEFBF02G7;AGRIBUSINESS;-;-;-;-;-;-;-;-;-;14,07;-;-;-;-;-;-;-
BGIF27P036450;BRBMEFBF02H5;AGRIBUSINESS;-;-;-;-;-;-;-;-;-;14,31;-;-;-;-;-;-;-
BGIF27P036500;BRBMEFBF02I3;AGRIBUSINESS;-;-;-;-;-;-;-;-;-;14,56;-;-;-;-;-;-;-
BGIF27P036550;BRBMEFBF02J1;AGRIBUSINESS;-;-;-;-;-;-;-;-;-;14,8;-;-;-;-;-;-;-
BGIF27P036600;BRBMEFBF02K9;AGRIBUSINESS;-;-;-;-;-;-;-;-;-;15,05;-;-;-;-;-;-;-
BGIF27P036650;BRBMEFBF02L7;AGRIBUSINESS;-;-;-;-;-;-;-;-;-;15,3;-;-;-;-;-;-;-
BGIF27P036700;BRBMEFBF02M5;AGRIBUSINESS;-;-;-;-;-;-;-;-;-;15,56;-;-;-;-;-;-;-
BGIF27P036750;BRBMEFBF02N3;AGRIBUSINESS;-;-;-;-;-;-;-;-;-;15,82;-;-;-;-;-;-;-
BGIF27P036800;BRBMEFBF02O1;AGRIBUSINESS;-;-;-;-;-;-;-;-;-;16,09;-;-;-;-;-;-;-
BGIF27P036850;BRBMEFBF02P8;AGRIBUSINESS;-;-;-;-;-;-;-;-;-;16,35;-;-;-;-;-;-;-
BGIF27P036900;BRBMEFBF02Q6;AGRIBUSINESS;-;-;-;-;-;-;-;-;-;16,63;-;-;-;-;-;-;-
BGIF27P036950;BRBMEFBF02R4;AGRIBUSINESS;-;-;-;-;-;-;-;-;-;16,9;-;-;-;-;-;-;-
BGIF27P037000;BRBMEFBF02S2;AGRIBUSINESS;-;-;-;-;-;-;-;-;-;17,18;-;-;-;-;-;-;-
BGIF27P037050;BRBMEFBF02T0;AGRIBUSINESS;-;-;-;-;-;-;-;-;-;17,45;-;-;-;-;-;-;-
BGIF27P037100;BRBMEFBF02U8;AGRIBUSINESS;-;-;-;-;-;-;-;-;-;17,73;-;-;-;-;-;-;-
BGIF27P037150;BRBMEFBF02V6;AGRIBUSINESS;-;-;-;-;-;-;-;-;-;18,01;-;-;-;-;-;-;-
BGIF27P037200;BRBMEFBF02W4;AGRIBUSINESS;-;-;-;-;-;-;-;-;-;18,3;-;-;-;-;-;-;-
BGIF27P037250;BRBMEFBF02X2;AGRIBUSINESS;-;-;-;-;-;-;-;-;-;18,58;-;-;-;-;-;-;-
BGIF27P037300;BRBMEFBF02Y0;AGRIBUSINESS;-;-;-;-;-;-;-;-;-;18,87;-;-;-;-;-;-;-
BGIF27P037350;BRBMEFBF02Z7;AGRIBUSINESS;-;-;-;-;-;-;-;-;-;19,16;-;-;-;-;-;-;-
BGIF27P037400;BRBMEFBF0301;AGRIBUSINESS;-;-;-;-;-;-;-;-;-;19,46;-;-;-;-;-;-;-
BGIF27P037450;BRBMEFBF0319;AGRIBUSINESS;-;-;-;-;-;-;-;-;-;19,76;-;-;-;-;-;-;-
BGIF27P037500;BRBMEFBF0327;AGRIBUSINESS;-;-;-;-;-;-;-;-;-;20,05;-;-;-;-;-;-;-
BGIF27P037550;BRBMEFBF0335;AGRIBUSINESS;-;-;-;-;-;-;-;-;-;20,35;-;-;-;-;-;-;-
BGIF27P037600;BRBMEFBF0343;AGRIBUSINESS;-;-;-;-;-;-;-;-;-;20,65;-;-;-;-;-;-;-
BGIF27P037650;BRBMEFBF0350;AGRIBUSINESS;-;-;-;-;-;-;-;-;-;20,96;-;-;-;-;-;-;-
BGIF27P037700;BRBMEFBF0368;AGRIBUSINESS;-;-;-;-;-;-;-;-;-;21,26;-;-;-;-;-;-;-
BGIF27P037750;BRBMEFBF0376;AGRIBUSINESS;-;-;-;-;-;-;-;-;-;21,57;-;-;-;-;-;-;-
BGIF27P037800;BRBMEFBF0384;AGRIBUSINESS;-;-;-;-;-;-;-;-;-;21,88;-;-;-;-;-;-;-
BGIF27P037850;BRBMEFBF0392;AGRIBUSINESS;-;-;-;-;-;-;-;-;-;22,2;-;-;-;-;-;-;-
BGIF27P037900;BRBMEFBF03A8;AGRIBUSINESS;-;-;-;-;-;-;-;-;-;22,51;-;-;-;-;-;-;-
BGIF27P037950;BRBMEFBF03B6;AGRIBUSINESS;-;-;-;-;-;-;-;-;-;22,83;-;-;-;-;-;-;-
BGIF27P038000;BRBMEFBF03C4;AGRIBUSINESS;-;-;-;-;-;-;-;-;-;23,15;-;-;-;-;-;-;-
BGIV26C036400;BRBMEFCB1LI3;AGRIBUSINESS;-;-;-;-;-;-;-;-;-;4,91;-;-;-;-;-;-;-
BGIV26P036400;BRBMEFVB1LH2;AGRIBUSINESS;-;-;-;-;-;-;-;-;-;18,81;-;-;-;-;-;-;-
BGIZ26C034000;BRBMEFCB2664;AGRIBUSINESS;-;-;-;-;-;-;-;-;-;21,95;-;-;-;-;-;-;-
BGIZ26P034000;BRBMEFBV2661;AGRIBUSINESS;-;-;-;-;-;-;-;-;-;6,53;-;-;-;-;-;-;-
BGIU26C036200;BRBMEFCBUVB1;AGRIBUSINESS;-;-;-;-;-;-;-;-;-;1,83;-;-;-;-;-;-;-
BGIU26P036200;BRBMEFVBUVA3;AGRIBUSINESS;-;-;-;-;-;-;-;-;-;21,65;-;-;-;-;-;-;-
BGIV26C034300;BRBMEFCB1LJ1;AGRIBUSINESS;-;-;-;-;-;-;-;-;-;13,58;-;-;-;-;-;-;-
BGIV26P034300;BRBMEFVB1LI0;AGRIBUSINESS;-;-;-;-;-;-;-;-;-;7,13;-;-;-;-;-;-;-
BGIQ26C034800;BRBMEFCBQQ23;AGRIBUSINESS;-;-;-;-;-;-;-;-;-;2,33;-;-;-;-;-;-;-
BGIQ26P034800;BRBMEFVBQQ20;AGRIBUSINESS;-;-;-;-;-;-;-;-;-;9,31;-;-;-;-;-;-;-
BGIU26C033800;BRBMEFCBUVD7;AGRIBUSINESS;-;-;-;-;-;-;-;-;-;9,57;-;-;-;-;-;-;-
BGIU26C033900;BRBMEFCBUVC9;AGRIBUSINESS;-;-;-;-;-;-;-;-;-;9,02;-;-;-;-;-;-;-
BGIU26P033800;BRBMEFVBUVC9;AGRIBUSINESS;-;-;-;-;-;-;-;-;-;5,9;-;-;-;-;-;-;-
BGIU26P033900;BRBMEFVBUVB1;AGRIBUSINESS;-;-;-;-;-;-;-;-;-;6,33;-;-;-;-;-;-;-
BGIQ26C034700;BRBMEFCBQQ31;AGRIBUSINESS;-;-;-;-;-;-;-;-;-;2,61;-;-;-;-;-;-;-
BGIQ26P034700;BRBMEFVBQQ38;AGRIBUSINESS;-;-;-;-;-;-;-;-;-;8,6;-;-;-;-;-;-;-
BGIQ26C031600;BRBMEFCBQQ49;AGRIBUSINESS;-;-;-;-;-;-;-;-;-;24,85;-;-;-;-;-;-;-
BGIQ26P031600;BRBMEFVBQQ46;AGRIBUSINESS;-;-;-;-;-;-;-;-;-;0,16;-;-;-;-;-;-;-
BGIX26C036000;BRBMEFGI0311;AGRIBUSINESS;7,35;7,35;7,35;7,35;7,35;-25,75;-;-;-;7,87;-;-;-;-;1;15;36382,5
BGIX26P036000;BRBMEFBG02Z5;AGRIBUSINESS;-;-;-;-;-;-;-;-;-;16,36;-;-;-;-;-;-;-
BGIU26C032800;BRBMEFCBUVF2;AGRIBUSINESS;-;-;-;-;-;-;-;-;-;16,21;-;-;-;-;-;-;-
BGIU26C033600;BRBMEFCBUVE5;AGRIBUSINESS;-;-;-;-;-;-;-;-;-;10,74;-;-;-;-;-;-;-
BGIU26C034800;BRBMEFCBUVG0;AGRIBUSINESS;-;-;-;-;-;-;-;-;-;5,02;-;-;-;-;-;-;-
BGIU26P032800;BRBMEFVBUVE5;AGRIBUSINESS;-;-;-;-;-;-;-;-;-;2,75;-;-;-;-;-;-;-
BGIU26P033600;BRBMEFVBUVD7;AGRIBUSINESS;-;-;-;-;-;-;-;-;-;5,11;-;-;-;-;-;-;-
BGIU26P034800;BRBMEFVBUVF2;AGRIBUSINESS;-;-;-;-;-;-;-;-;-;11,14;-;-;-;-;-;-;-
BGIU26C032200;BRBMEFCBUVH8;AGRIBUSINESS;-;-;-;-;-;-;-;-;-;21,02;-;-;-;-;-;-;-
BGIU26P032200;BRBMEFVBUVG0;AGRIBUSINESS;-;-;-;-;-;-;-;-;-;1,68;-;-;-;-;-;-;-
BGIQ26C029500;BRBMEFCBQQ56;AGRIBUSINESS;-;-;-;-;-;-;-;-;-;45,48;-;-;-;-;-;-;-
BGIQ26P029500;BRBMEFVBQQ53;AGRIBUSINESS;-;-;-;-;-;-;-;-;-;0,01;-;-;-;-;-;-;-
BGIZ26C033600;BRBMEFCB2672;AGRIBUSINESS;-;-;-;-;-;-;-;-;-;24,64;-;-;-;-;-;-;-
BGIZ26C035100;BRBMEFCB2680;AGRIBUSINESS;-;-;-;-;-;-;-;-;-;15,47;-;-;-;-;-;-;-
BGIZ26P033600;BRBMEFBV2679;AGRIBUSINESS;-;-;-;-;-;-;-;-;-;5,43;-;-;-;-;-;-;-
BGIZ26P035100;BRBMEFBV2687;AGRIBUSINESS;-;-;-;-;-;-;-;-;-;10,49;-;-;-;-;-;-;-
BGIV26C032900;BRBMEFCB1LK9;AGRIBUSINESS;-;-;-;-;-;-;-;-;-;23,2;-;-;-;-;-;-;-
BGIV26P032900;BRBMEFVB1LJ8;AGRIBUSINESS;-;-;-;-;-;-;-;-;-;3,2;-;-;-;-;-;-;-
BGIQ26C035800;BRBMEFCBQQ64;AGRIBUSINESS;-;-;-;-;-;-;-;-;-;0,68;-;-;-;-;-;-;-
BGIQ26P035800;BRBMEFVBQQ61;AGRIBUSINESS;-;-;-;-;-;-;-;-;-;17,55;-;-;-;-;-;-;-
BGIQ26C031200;BRBMEFCBQQ80;AGRIBUSINESS;-;-;-;-;-;-;-;-;-;28,72;-;-;-;-;-;-;-
BGIQ26C034900;BRBMEFCBQQ72;AGRIBUSINESS;-;-;-;-;-;-;-;-;-;2,07;-;-;-;-;-;-;-
BGIQ26P031200;BRBMEFVBQQ87;AGRIBUSINESS;-;-;-;-;-;-;-;-;-;0,07;-;-;-;-;-;-;-
BGIQ26P034900;BRBMEFVBQQ79;AGRIBUSINESS;-;-;-;-;-;-;-;-;-;10,04;-;-;-;-;-;-;-
BGIU26C035100;BRBMEFCBUVI6;AGRIBUSINESS;-;-;-;-;-;-;-;-;-;4,07;-;-;-;-;-;-;-
BGIU26P035100;BRBMEFVBUVH8;AGRIBUSINESS;-;-;-;-;-;-;-;-;-;13,12;-;-;-;-;-;-;-
BGIV26C034900;BRBMEFCB1LL7;AGRIBUSINESS;-;-;-;-;-;-;-;-;-;10,37;-;-;-;-;-;-;-
BGIV26C036100;BRBMEFCB1LM5;AGRIBUSINESS;-;-;-;-;-;-;-;-;-;5,72;-;-;-;-;-;-;-
BGIV26P034900;BRBMEFVB1LK6;AGRIBUSINESS;-;-;-;-;-;-;-;-;-;9,74;-;-;-;-;-;-;-
BGIV26P036100;BRBMEFVB1LL4;AGRIBUSINESS;-;-;-;-;-;-;-;-;-;16,72;-;-;-;-;-;-;-
BGIV26C030000;BRBMEFCB1LN3;AGRIBUSINESS;-;-;-;-;-;-;-;-;-;48,57;-;-;-;-;-;-;-
BGIV26P030000;BRBMEFVB1LM2;AGRIBUSINESS;-;-;-;-;-;-;-;-;-;0,48;-;-;-;-;-;-;-
BGIX26C030000;BRBMEFGI0329;AGRIBUSINESS;-;-;-;-;-;-;-;-;-;49,86;-;-;-;-;-;-;-
BGIX26P030000;BRBMEFBG0300;AGRIBUSINESS;-;-;-;-;-;-;-;-;-;0,8;-;-;-;-;-;-;-
BGIZ26C033500;BRBMEFCB2698;AGRIBUSINESS;-;-;-;-;-;-;-;-;-;25,33;-;-;-;-;-;-;-
BGIZ26C035300;BRBMEFCB26A6;AGRIBUSINESS;-;-;-;-;-;-;-;-;-;14,44;-;-;-;-;-;-;-
BGIZ26P033500;BRBMEFBV2695;AGRIBUSINESS;-;-;-;-;-;-;-;-;-;5,17;-;-;-;-;-;-;-
BGIZ26P035300;BRBMEFBV26A6;AGRIBUSINESS;-;-;-;-;-;-;-;-;-;11,36;-;-;-;-;-;-;-
BGIV26C033450;BRBMEFCB1LO1;AGRIBUSINESS;-;-;-;-;-;-;-;-;-;19,09;-;-;-;-;-;-;-
BGIV26C033950;BRBMEFCB1LP8;AGRIBUSINESS;-;-;-;-;-;-;-;-;-;15,72;-;-;-;-;-;-;-
BGIV26C035450;BRBMEFCB1LQ6;AGRIBUSINESS;-;-;-;-;-;-;-;-;-;7,97;-;-;-;-;-;-;-
BGIV26C035950;BRBMEFCB1LR4;AGRIBUSINESS;-;-;-;-;-;-;-;-;-;6,17;-;-;-;-;-;-;-
BGIV26P033450;BRBMEFVB1LN0;AGRIBUSINESS;-;-;-;-;-;-;-;-;-;4,41;-;-;-;-;-;-;-
BGIV26P033950;BRBMEFVB1LO8;AGRIBUSINESS;-;-;-;-;-;-;-;-;-;5,89;-;-;-;-;-;-;-
BGIV26P035450;BRBMEFVB1LP5;AGRIBUSINESS;-;-;-;-;-;-;-;-;-;12,67;-;-;-;-;-;-;-
BGIV26P035950;BRBMEFVB1LQ3;AGRIBUSINESS;-;-;-;-;-;-;-;-;-;15,71;-;-;-;-;-;-;-
BGIX26C033450;BRBMEFGI0337;AGRIBUSINESS;-;-;-;-;-;-;-;-;-;21,16;-;-;-;-;-;-;-
BGIX26C033950;BRBMEFGI0345;AGRIBUSINESS;-;-;-;-;-;-;-;-;-;17,85;-;-;-;-;-;-;-
BGIX26C035450;BRBMEFGI0352;AGRIBUSINESS;-;-;-;-;-;-;-;-;-;9,96;-;-;-;-;-;-;-
BGIX26C035950;BRBMEFGI0360;AGRIBUSINESS;-;-;-;-;-;-;-;-;-;8,04;-;-;-;-;-;-;-
BGIX26P033450;BRBMEFBG0318;AGRIBUSINESS;-;-;-;-;-;-;-;-;-;5,19;-;-;-;-;-;-;-
BGIX26P033950;BRBMEFBG0326;AGRIBUSINESS;-;-;-;-;-;-;-;-;-;6,67;-;-;-;-;-;-;-
BGIX26P035450;BRBMEFBG0334;AGRIBUSINESS;-;-;-;-;-;-;-;-;-;13,17;-;-;-;-;-;-;-
BGIX26P035950;BRBMEFBG0342;AGRIBUSINESS;-;-;-;-;-;-;-;-;-;16,05;-;-;-;-;-;-;-
BGIV26C033250;BRBMEFCB1LS2;AGRIBUSINESS;-;-;-;-;-;-;-;-;-;20,53;-;-;-;-;-;-;-
BGIV26C033750;BRBMEFCB1LT0;AGRIBUSINESS;-;-;-;-;-;-;-;-;-;17,03;-;-;-;-;-;-;-
BGIV26C035250;BRBMEFCB1LU8;AGRIBUSINESS;-;-;-;-;-;-;-;-;-;8,78;-;-;-;-;-;-;-
BGIV26C035750;BRBMEFCB1LV6;AGRIBUSINESS;-;-;-;-;-;-;-;-;-;6,85;-;-;-;-;-;-;-
BGIV26P033250;BRBMEFVB1LR1;AGRIBUSINESS;-;-;-;-;-;-;-;-;-;3,92;-;-;-;-;-;-;-
BGIV26P033750;BRBMEFVB1LS9;AGRIBUSINESS;-;-;-;-;-;-;-;-;-;5,26;-;-;-;-;-;-;-
BGIV26P035250;BRBMEFVB1LT7;AGRIBUSINESS;-;-;-;-;-;-;-;-;-;11,54;-;-;-;-;-;-;-
BGIV26P035750;BRBMEFVB1LU5;AGRIBUSINESS;-;-;-;-;-;-;-;-;-;14,45;-;-;-;-;-;-;-
BGIX26C033250;BRBMEFGI0378;AGRIBUSINESS;-;-;-;-;-;-;-;-;-;22,55;-;-;-;-;-;-;-
BGIX26C033750;BRBMEFGI0386;AGRIBUSINESS;-;-;-;-;-;-;-;-;-;19,14;-;-;-;-;-;-;-
BGIX26C035250;BRBMEFGI0394;AGRIBUSINESS;-;-;-;-;-;-;-;-;-;10,81;-;-;-;-;-;-;-
BGIX26C035750;BRBMEFGI03A1;AGRIBUSINESS;-;-;-;-;-;-;-;-;-;8,77;-;-;-;-;-;-;-
BGIX26P033250;BRBMEFBG0359;AGRIBUSINESS;-;-;-;-;-;-;-;-;-;4,66;-;-;-;-;-;-;-
BGIX26P033750;BRBMEFBG0367;AGRIBUSINESS;-;-;-;-;-;-;-;-;-;6,05;-;-;-;-;-;-;-
BGIX26P035250;BRBMEFBG0375;AGRIBUSINESS;-;-;-;-;-;-;-;-;-;12,11;-;-;-;-;-;-;-
BGIX26P035750;BRBMEFBG0383;AGRIBUSINESS;-;-;-;-;-;-;-;-;-;14,86;-;-;-;-;-;-;-
BGIX26C035800;BRBMEFGI03B9;AGRIBUSINESS;-;-;-;-;-;-;-;-;-;8,58;-;-;-;-;-;-;-
BGIX26P035800;BRBMEFBG0391;AGRIBUSINESS;-;-;-;-;-;-;-;-;-;15,16;-;-;-;-;-;-;-
BGIV26C039000;BRBMEFCB1LW4;AGRIBUSINESS;-;-;-;-;-;-;-;-;-;1,29;-;-;-;-;-;-;-
BGIV26P039000;BRBMEFVB1LV3;AGRIBUSINESS;-;-;-;-;-;-;-;-;-;40,37;-;-;-;-;-;-;-
BGIH27C032000;BRBMEFCBHRP6;AGRIBUSINESS;-;-;-;-;-;-;-;-;-;44,57;-;-;-;-;-;-;-
BGIH27P032000;BRBMEFVBHRP6;AGRIBUSINESS;-;-;-;-;-;-;-;-;-;3,04;-;-;-;-;-;-;-
BGIQ26C030400;BRBMEFCBQQ98;AGRIBUSINESS;-;-;-;-;-;-;-;-;-;36,58;-;-;-;-;-;-;-
BGIQ26C031400;BRBMEFCBQQA1;AGRIBUSINESS;-;-;-;-;-;-;-;-;-;26,78;-;-;-;-;-;-;-
BGIQ26P030400;BRBMEFVBQQ95;AGRIBUSINESS;-;-;-;-;-;-;-;-;-;0,01;-;-;-;-;-;-;-
BGIQ26P031400;BRBMEFVBQQA1;AGRIBUSINESS;-;-;-;-;-;-;-;-;-;0,11;-;-;-;-;-;-;-
BGIU26C032700;BRBMEFCBUVJ4;AGRIBUSINESS;-;-;-;-;-;-;-;-;-;16,98;-;-;-;-;-;-;-
BGIU26P032700;BRBMEFVBUVI6;AGRIBUSINESS;-;-;-;-;-;-;-;-;-;2,54;-;-;-;-;-;-;-
BGIU26C032900;BRBMEFCBUVK2;AGRIBUSINESS;-;-;-;-;-;-;-;-;-;15,46;-;-;-;-;-;-;-
BGIU26C034900;BRBMEFCBUVL0;AGRIBUSINESS;-;-;-;-;-;-;-;-;-;4,67;-;-;-;-;-;-;-
BGIU26P032900;BRBMEFVBUVJ4;AGRIBUSINESS;-;-;-;-;-;-;-;-;-;2,97;-;-;-;-;-;-;-
BGIU26P034900;BRBMEFVBUVK2;AGRIBUSINESS;-;-;-;-;-;-;-;-;-;11,77;-;-;-;-;-;-;-
BGIZ26C035700;BRBMEFCB26B4;AGRIBUSINESS;-;-;-;-;-;-;-;-;-;12,54;-;-;-;-;-;-;-
BGIZ26P035700;BRBMEFBV26B4;AGRIBUSINESS;-;-;-;-;-;-;-;-;-;13,25;-;-;-;-;-;-;-
BGIV26C031000;BRBMEFCB1LX2;AGRIBUSINESS;-;-;-;-;-;-;-;-;-;39,4;-;-;-;-;-;-;-
BGIV26P031000;BRBMEFVB1LW1;AGRIBUSINESS;-;-;-;-;-;-;-;-;-;0,99;-;-;-;-;-;-;-
BGIU26C034600;BRBMEFCBUVM8;AGRIBUSINESS;-;-;-;-;-;-;-;-;-;5,76;-;-;-;-;-;-;-
BGIU26P034600;BRBMEFVBUVL0;AGRIBUSINESS;-;-;-;-;-;-;-;-;-;9,92;-;-;-;-;-;-;-
BGIU26C034400;BRBMEFCBUVN6;AGRIBUSINESS;-;-;-;-;-;-;-;-;-;6,58;-;-;-;-;-;-;-
BGIU26P034400;BRBMEFVBUVM8;AGRIBUSINESS;-;-;-;-;-;-;-;-;-;8,78;-;-;-;-;-;-;-
BGIX26C034600;BRBMEFGI03C7;AGRIBUSINESS;-;-;-;-;-;-;-;-;-;14,04;-;-;-;-;-;-;-
BGIX26C036100;BRBMEFGI03D5;AGRIBUSINESS;-;-;-;-;-;-;-;-;-;7,53;-;-;-;-;-;-;-
BGIX26P034600;BRBMEFBG03A6;AGRIBUSINESS;-;-;-;-;-;-;-;-;-;9,1;-;-;-;-;-;-;-
BGIX26P036100;BRBMEFBG03B4;AGRIBUSINESS;-;-;-;-;-;-;-;-;-;16,98;-;-;-;-;-;-;-
BGIU26C035800;BRBMEFCBUVO4;AGRIBUSINESS;-;-;-;-;-;-;-;-;-;2,45;-;-;-;-;-;-;-
BGIU26P035800;BRBMEFVBUVN6;AGRIBUSINESS;-;-;-;-;-;-;-;-;-;18,36;-;-;-;-;-;-;-
BGIU26C035600;BRBMEFCBUVP1;AGRIBUSINESS;-;-;-;-;-;-;-;-;-;2,83;-;-;-;-;-;-;-
BGIU26P035600;BRBMEFVBUVO4;AGRIBUSINESS;-;-;-;-;-;-;-;-;-;16,78;-;-;-;-;-;-;-
BGIV26C034600;BRBMEFCB1LY0;AGRIBUSINESS;-;-;-;-;-;-;-;-;-;11,9;-;-;-;-;-;-;-
BGIV26P034600;BRBMEFVB1LX9;AGRIBUSINESS;-;-;-;-;-;-;-;-;-;8,37;-;-;-;-;-;-;-
BGIX26C037600;BRBMEFGI03E3;AGRIBUSINESS;-;-;-;-;-;-;-;-;-;3,85;-;-;-;-;-;-;-
BGIX26P037600;BRBMEFBG03C2;AGRIBUSINESS;-;-;-;-;-;-;-;-;-;27,69;-;-;-;-;-;-;-
BGIZ26C035500;BRBMEFCB26C2;AGRIBUSINESS;-;-;-;-;-;-;-;-;-;13,46;-;-;-;-;-;-;-
BGIZ26P035500;BRBMEFBV26C2;AGRIBUSINESS;-;-;-;-;-;-;-;-;-;12,28;-;-;-;-;-;-;-
BGIX26C036400;BRBMEFGI03F0;AGRIBUSINESS;-;-;-;-;-;-;-;-;-;6,59;-;-;-;-;-;-;-
BGIX26P036400;BRBMEFBG03D0;AGRIBUSINESS;-;-;-;-;-;-;-;-;-;18,91;-;-;-;-;-;-;-
BGIU26C035900;BRBMEFCBUVQ9;AGRIBUSINESS;-;-;-;-;-;-;-;-;-;2,28;-;-;-;-;-;-;-
BGIU26P035900;BRBMEFVBUVP1;AGRIBUSINESS;-;-;-;-;-;-;-;-;-;19,16;-;-;-;-;-;-;-
BGIU26C034250;BRBMEFCBUVR7;AGRIBUSINESS;-;-;-;-;-;-;-;-;-;7,25;-;-;-;-;-;-;-
BGIU26C035750;BRBMEFCBUVS5;AGRIBUSINESS;-;-;-;-;-;-;-;-;-;2,54;-;-;-;-;-;-;-
BGIU26P034250;BRBMEFVBUVQ9;AGRIBUSINESS;-;-;-;-;-;-;-;-;-;7,98;-;-;-;-;-;-;-
BGIU26P035750;BRBMEFVBUVR7;AGRIBUSINESS;-;-;-;-;-;-;-;-;-;17,96;-;-;-;-;-;-;-
BGIV26C035100;BRBMEFCB1LZ7;AGRIBUSINESS;-;-;-;-;-;-;-;-;-;9,43;-;-;-;-;-;-;-
BGIV26P035100;BRBMEFVB1LY7;AGRIBUSINESS;-;-;-;-;-;-;-;-;-;10,74;-;-;-;-;-;-;-
BGIX26C036300;BRBMEFGI03G8;AGRIBUSINESS;-;-;-;-;-;-;-;-;-;6,88;-;-;-;-;-;-;-
BGIX26P036300;BRBMEFBG03E8;AGRIBUSINESS;-;-;-;-;-;-;-;-;-;18,25;-;-;-;-;-;-;-
BGIQ26C035300;BRBMEFCBQQB9;AGRIBUSINESS;-;-;-;-;-;-;-;-;-;1,28;-;-;-;-;-;-;-
BGIQ26C036100;BRBMEFCBQQC7;AGRIBUSINESS;-;-;-;-;-;-;-;-;-;0,46;-;-;-;-;-;-;-
BGIQ26P035300;BRBMEFVBQQB9;AGRIBUSINESS;-;-;-;-;-;-;-;-;-;13,21;-;-;-;-;-;-;-
BGIQ26P036100;BRBMEFVBQQC7;AGRIBUSINESS;-;-;-;-;-;-;-;-;-;20,3;-;-;-;-;-;-;-
BGIX26C037100;BRBMEFGI03H6;AGRIBUSINESS;-;-;-;-;-;-;-;-;-;4,82;-;-;-;-;-;-;-
BGIX26P037100;BRBMEFBG03F5;AGRIBUSINESS;-;-;-;-;-;-;-;-;-;23,86;-;-;-;-;-;-;-
BGIV26C035800;BRBMEFCB1M05;AGRIBUSINESS;10;10;10;10;10;-6,97;-;-;-;6,68;-;-;-;-;1;50;165000
BGIV26C036700;BRBMEFCB1M13;AGRIBUSINESS;-;-;-;-;-;-;-;-;-;4,19;-;-;-;-;-;-;-
BGIV26C038300;BRBMEFCB1M21;AGRIBUSINESS;-;-;-;-;-;-;-;-;-;1,84;-;-;-;-;-;-;-
BGIV26P035800;BRBMEFVB1LZ4;AGRIBUSINESS;-;-;-;-;-;-;-;-;-;14,77;-;-;-;-;-;-;-
BGIV26P036700;BRBMEFVB1M05;AGRIBUSINESS;-;-;-;-;-;-;-;-;-;21;-;-;-;-;-;-;-
BGIV26P038300;BRBMEFVB1M13;AGRIBUSINESS;-;-;-;-;-;-;-;-;-;34,15;-;-;-;-;-;-;-
BGIX26C037200;BRBMEFGI03I4;AGRIBUSINESS;-;-;-;-;-;-;-;-;-;4,61;-;-;-;-;-;-;-
BGIX26C038400;BRBMEFGI03J2;AGRIBUSINESS;-;-;-;-;-;-;-;-;-;2,71;-;-;-;-;-;-;-
BGIX26P037200;BRBMEFBG03G3;AGRIBUSINESS;-;-;-;-;-;-;-;-;-;24,61;-;-;-;-;-;-;-
BGIX26P038400;BRBMEFBG03H1;AGRIBUSINESS;-;-;-;-;-;-;-;-;-;34,22;-;-;-;-;-;-;-
BGIZ26C039000;BRBMEFCB26D0;AGRIBUSINESS;-;-;-;-;-;-;-;-;-;3,59;-;-;-;-;-;-;-
BGIZ26P039000;BRBMEFBV26D0;AGRIBUSINESS;-;-;-;-;-;-;-;-;-;35,62;-;-;-;-;-;-;-
BGIV26C037200;BRBMEFCB1M39;AGRIBUSINESS;-;-;-;-;-;-;-;-;-;3,23;-;-;-;-;-;-;-
BGIV26P037200;BRBMEFVB1M21;AGRIBUSINESS;-;-;-;-;-;-;-;-;-;24,88;-;-;-;-;-;-;-
BGIQ26C035400;BRBMEFCBQQD5;AGRIBUSINESS;1,5;1,5;1,5;1,5;1,5;-34,78;-;-;-;1,13;-;-;-;-;1;30;14850
BGIQ26P035400;BRBMEFVBQQD5;AGRIBUSINESS;5,7;5,7;5,7;5,7;5,7;103,57;-;-;-;14,04;-;-;-;-;1;30;56430
BGIX26C034700;BRBMEFGI03K0;AGRIBUSINESS;-;-;-;-;-;-;-;-;-;13,51;-;-;-;-;-;-;-
BGIX26C038500;BRBMEFGI03L8;AGRIBUSINESS;-;-;-;-;-;-;-;-;-;2,6;-;-;-;-;-;-;-
BGIX26P034700;BRBMEFBG03I9;AGRIBUSINESS;-;-;-;-;-;-;-;-;-;9,53;-;-;-;-;-;-;-
BGIX26P038500;BRBMEFBG03J7;AGRIBUSINESS;-;-;-;-;-;-;-;-;-;35,07;-;-;-;-;-;-;-
BGIU26C033700;BRBMEFCBUVT3;AGRIBUSINESS;-;-;-;-;-;-;-;-;-;10,14;-;-;-;-;-;-;-
BGIU26C038000;BRBMEFCBUVU1;AGRIBUSINESS;-;-;-;-;-;-;-;-;-;0,49;-;-;-;-;-;-;-
BGIU26P033700;BRBMEFVBUVS5;AGRIBUSINESS;-;-;-;-;-;-;-;-;-;5,49;-;-;-;-;-;-;-
BGIU26P038000;BRBMEFVBUVT3;AGRIBUSINESS;-;-;-;-;-;-;-;-;-;37,94;-;-;-;-;-;-;-
BGIG27C035900;BRBMEFCBGU29;AGRIBUSINESS;-;-;-;-;-;-;-;-;-;17,49;-;-;-;-;-;-;-
BGIG27C038000;BRBMEFCBGU37;AGRIBUSINESS;9,87;9,87;9,87;9,87;9,87;-;-;-;-;9,2;-;-;-;-;1;27;87941,7
BGIG27P035900;BRBMEFVBGU26;AGRIBUSINESS;8;8;8;8;8;-;-;-;-;12,47;-;-;-;-;1;27;71280
BGIG27P038000;BRBMEFVBGU34;AGRIBUSINESS;-;-;-;-;-;-;-;-;-;23,71;-;-;-;-;-;-;-
ICFU26C040000;BRBMEFCCQAY3;AGRIBUSINESS;-;-;-;-;-;-;-;-;-;10,88;-;-;-;-;-;-;-
ICFU26C042000;BRBMEFCCQAZ0;AGRIBUSINESS;-;-;-;-;-;-;-;-;-;5,6;-;-;-;-;-;-;-
ICFU26C045000;BRBMEFCCQB03;AGRIBUSINESS;-;-;-;-;-;-;-;-;-;2,12;-;-;-;-;-;-;-
ICFU26C047000;BRBMEFCCQB11;AGRIBUSINESS;-;-;-;-;-;-;-;-;-;1,22;-;-;-;-;-;-;-
ICFU26C050000;BRBMEFCCQB29;AGRIBUSINESS;-;-;-;-;-;-;-;-;-;0,41;-;-;-;-;-;-;-
ICFU26C052000;BRBMEFCCQB37;AGRIBUSINESS;-;-;-;-;-;-;-;-;-;0,17;-;-;-;-;-;-;-
ICFU26P040000;BRBMEFVCQB00;AGRIBUSINESS;-;-;-;-;-;-;-;-;-;20,03;-;-;-;-;-;-;-
ICFU26P042000;BRBMEFVCQB18;AGRIBUSINESS;-;-;-;-;-;-;-;-;-;34,67;-;-;-;-;-;-;-
ICFU26P045000;BRBMEFVCQB26;AGRIBUSINESS;-;-;-;-;-;-;-;-;-;61,04;-;-;-;-;-;-;-
ICFU26P047000;BRBMEFVCQB34;AGRIBUSINESS;-;-;-;-;-;-;-;-;-;80,05;-;-;-;-;-;-;-
ICFU26P050000;BRBMEFVCQB42;AGRIBUSINESS;-;-;-;-;-;-;-;-;-;109,1;-;-;-;-;-;-;-
ICFU26P052000;BRBMEFVCQB59;AGRIBUSINESS;-;-;-;-;-;-;-;-;-;128,77;-;-;-;-;-;-;-
ICFU26C030000;BRBMEFCCQB45;AGRIBUSINESS;-;-;-;-;-;-;-;-;-;90,4;-;-;-;-;-;-;-
ICFU26P030000;BRBMEFVCQB67;AGRIBUSINESS;-;-;-;-;-;-;-;-;-;0,02;-;-;-;-;-;-;-
ICFU26C025000;BRBMEFCCQB78;AGRIBUSINESS;-;-;-;-;-;-;-;-;-;140,14;-;-;-;-;-;-;-
ICFU26P025000;BRBMEFVCQB91;AGRIBUSINESS;-;-;-;-;-;-;-;-;-;0,01;-;-;-;-;-;-;-
ICFU26C037250;BRBMEFCCQB86;AGRIBUSINESS;-;-;-;-;-;-;-;-;-;24,86;-;-;-;-;-;-;-
ICFU26P037250;BRBMEFVCQBA1;AGRIBUSINESS;-;-;-;-;-;-;-;-;-;6,64;-;-;-;-;-;-;-
ICFU26C035000;BRBMEFCCQB94;AGRIBUSINESS;-;-;-;-;-;-;-;-;-;42,48;-;-;-;-;-;-;-
ICFU26P035000;BRBMEFVCQBB9;AGRIBUSINESS;-;-;-;-;-;-;-;-;-;1,87;-;-;-;-;-;-;-
ICFU26C036500;BRBMEFCCQBB9;AGRIBUSINESS;-;-;-;-;-;-;-;-;-;30,21;-;-;-;-;-;-;-
ICFU26C039000;BRBMEFCCQBA1;AGRIBUSINESS;-;-;-;-;-;-;-;-;-;14,94;-;-;-;-;-;-;-
ICFU26P036500;BRBMEFVCQBD5;AGRIBUSINESS;-;-;-;-;-;-;-;-;-;4,53;-;-;-;-;-;-;-
ICFU26P039000;BRBMEFVCQBC7;AGRIBUSINESS;-;-;-;-;-;-;-;-;-;14,15;-;-;-;-;-;-;-
ICFU26C031000;BRBMEFCCQBC7;AGRIBUSINESS;-;-;-;-;-;-;-;-;-;80,5;-;-;-;-;-;-;-
ICFU26P031000;BRBMEFVCQBE3;AGRIBUSINESS;-;-;-;-;-;-;-;-;-;0,07;-;-;-;-;-;-;-
ICFU26C033500;BRBMEFCCQBE3;AGRIBUSINESS;-;-;-;-;-;-;-;-;-;56,25;-;-;-;-;-;-;-
ICFU26C033750;BRBMEFCCQBD5;AGRIBUSINESS;-;-;-;-;-;-;-;-;-;53,91;-;-;-;-;-;-;-
ICFU26P033500;BRBMEFVCQBG8;AGRIBUSINESS;-;-;-;-;-;-;-;-;-;0,71;-;-;-;-;-;-;-
ICFU26P033750;BRBMEFVCQBF0;AGRIBUSINESS;-;-;-;-;-;-;-;-;-;0,85;-;-;-;-;-;-;-
ICFU26C028000;BRBMEFCCQBF0;AGRIBUSINESS;-;-;-;-;-;-;-;-;-;110,29;-;-;-;-;-;-;-
ICFU26C038000;BRBMEFCCQBG8;AGRIBUSINESS;-;-;-;-;-;-;-;-;-;20,16;-;-;-;-;-;-;-
ICFU26C043000;BRBMEFCCQBH6;AGRIBUSINESS;-;-;-;-;-;-;-;-;-;4,03;-;-;-;-;-;-;-
ICFU26P028000;BRBMEFVCQBH6;AGRIBUSINESS;-;-;-;-;-;-;-;-;-;0,01;-;-;-;-;-;-;-
ICFU26P038000;BRBMEFVCQBI4;AGRIBUSINESS;-;-;-;-;-;-;-;-;-;9,41;-;-;-;-;-;-;-
ICFU26P043000;BRBMEFVCQBJ2;AGRIBUSINESS;-;-;-;-;-;-;-;-;-;43,05;-;-;-;-;-;-;-
ICFU26C044000;BRBMEFCCQBI4;AGRIBUSINESS;-;-;-;-;-;-;-;-;-;2,91;-;-;-;-;-;-;-
ICFU26P044000;BRBMEFVCQBK0;AGRIBUSINESS;-;-;-;-;-;-;-;-;-;51,88;-;-;-;-;-;-;-
ICFU26C039500;BRBMEFCCQBJ2;AGRIBUSINESS;-;-;-;-;-;-;-;-;-;12,77;-;-;-;-;-;-;-
ICFU26P039500;BRBMEFVCQBL8;AGRIBUSINESS;-;-;-;-;-;-;-;-;-;16,95;-;-;-;-;-;-;-
ICFU26C029000;BRBMEFCCQBK0;AGRIBUSINESS;-;-;-;-;-;-;-;-;-;100,34;-;-;-;-;-;-;-
ICFU26C042500;BRBMEFCCQBL8;AGRIBUSINESS;-;-;-;-;-;-;-;-;-;4,75;-;-;-;-;-;-;-
ICFU26P029000;BRBMEFVCQBM6;AGRIBUSINESS;-;-;-;-;-;-;-;-;-;0,01;-;-;-;-;-;-;-
ICFU26P042500;BRBMEFVCQBN4;AGRIBUSINESS;-;-;-;-;-;-;-;-;-;38,79;-;-;-;-;-;-;-
ICFU26C033000;BRBMEFCCQBM6;AGRIBUSINESS;-;-;-;-;-;-;-;-;-;61;-;-;-;-;-;-;-
ICFU26P033000;BRBMEFVCQBO2;AGRIBUSINESS;-;-;-;-;-;-;-;-;-;0,48;-;-;-;-;-;-;-
ICFU26C032000;BRBMEFCCQBN4;AGRIBUSINESS;-;-;-;-;-;-;-;-;-;70,67;-;-;-;-;-;-;-
ICFU26C034000;BRBMEFCCQBO2;AGRIBUSINESS;-;-;-;-;-;-;-;-;-;51,57;-;-;-;-;-;-;-
ICFU26P032000;BRBMEFVCQBP9;AGRIBUSINESS;-;-;-;-;-;-;-;-;-;0,2;-;-;-;-;-;-;-
ICFU26P034000;BRBMEFVCQBQ7;AGRIBUSINESS;-;-;-;-;-;-;-;-;-;1,01;-;-;-;-;-;-;-
ICFU26C030500;BRBMEFCCQBQ7;AGRIBUSINESS;-;-;-;-;-;-;-;-;-;85,44;-;-;-;-;-;-;-
ICFU26C031500;BRBMEFCCQBP9;AGRIBUSINESS;-;-;-;-;-;-;-;-;-;75,57;-;-;-;-;-;-;-
ICFU26P030500;BRBMEFVCQBS3;AGRIBUSINESS;-;-;-;-;-;-;-;-;-;0,04;-;-;-;-;-;-;-
ICFU26P031500;BRBMEFVCQBR5;AGRIBUSINESS;-;-;-;-;-;-;-;-;-;0,12;-;-;-;-;-;-;-
ICFU26C031250;BRBMEFCCQBS3;AGRIBUSINESS;-;-;-;-;-;-;-;-;-;78,03;-;-;-;-;-;-;-
ICFU26C034750;BRBMEFCCQBR5;AGRIBUSINESS;-;-;-;-;-;-;-;-;-;44,7;-;-;-;-;-;-;-
ICFU26P031250;BRBMEFVCQBU9;AGRIBUSINESS;-;-;-;-;-;-;-;-;-;0,09;-;-;-;-;-;-;-
ICFU26P034750;BRBMEFVCQBT1;AGRIBUSINESS;-;-;-;-;-;-;-;-;-;1,61;-;-;-;-;-;-;-
ICFU26C037000;BRBMEFCCQBT1;AGRIBUSINESS;-;-;-;-;-;-;-;-;-;26,56;-;-;-;-;-;-;-
ICFU26P037000;BRBMEFVCQBV7;AGRIBUSINESS;-;-;-;-;-;-;-;-;-;5,86;-;-;-;-;-;-;-
ICFU26C032500;BRBMEFCCQBU9;AGRIBUSINESS;-;-;-;-;-;-;-;-;-;65,81;-;-;-;-;-;-;-
ICFU26C037500;BRBMEFCCQBV7;AGRIBUSINESS;-;-;-;-;-;-;-;-;-;23,22;-;-;-;-;-;-;-
ICFU26P032500;BRBMEFVCQBW5;AGRIBUSINESS;-;-;-;-;-;-;-;-;-;0,31;-;-;-;-;-;-;-
ICFU26P037500;BRBMEFVCQBX3;AGRIBUSINESS;-;-;-;-;-;-;-;-;-;7,5;-;-;-;-;-;-;-
ICFU26C027500;BRBMEFCCQBW5;AGRIBUSINESS;-;-;-;-;-;-;-;-;-;115,26;-;-;-;-;-;-;-
ICFU26C028500;BRBMEFCCQBX3;AGRIBUSINESS;-;-;-;-;-;-;-;-;-;105,31;-;-;-;-;-;-;-
ICFU26C029500;BRBMEFCCQBY1;AGRIBUSINESS;-;-;-;-;-;-;-;-;-;95,37;-;-;-;-;-;-;-
ICFU26C034500;BRBMEFCCQBZ8;AGRIBUSINESS;-;-;-;-;-;-;-;-;-;46,97;-;-;-;-;-;-;-
ICFU26C035500;BRBMEFCCQC02;AGRIBUSINESS;-;-;-;-;-;-;-;-;-;38,2;-;-;-;-;-;-;-
ICFU26C036000;BRBMEFCCQC10;AGRIBUSINESS;-;-;-;-;-;-;-;-;-;34,1;-;-;-;-;-;-;-
ICFU26C038500;BRBMEFCCQC28;AGRIBUSINESS;-;-;-;-;-;-;-;-;-;17,41;-;-;-;-;-;-;-
ICFU26C040500;BRBMEFCCQC36;AGRIBUSINESS;-;-;-;-;-;-;-;-;-;9,23;-;-;-;-;-;-;-
ICFU26C041000;BRBMEFCCQC44;AGRIBUSINESS;-;-;-;-;-;-;-;-;-;7,83;-;-;-;-;-;-;-
ICFU26P027500;BRBMEFVCQBY1;AGRIBUSINESS;-;-;-;-;-;-;-;-;-;0,01;-;-;-;-;-;-;-
ICFU26P028500;BRBMEFVCQBZ8;AGRIBUSINESS;-;-;-;-;-;-;-;-;-;0,01;-;-;-;-;-;-;-
ICFU26P029500;BRBMEFVCQC09;AGRIBUSINESS;-;-;-;-;-;-;-;-;-;0,01;-;-;-;-;-;-;-
ICFU26P034500;BRBMEFVCQC17;AGRIBUSINESS;-;-;-;-;-;-;-;-;-;1,38;-;-;-;-;-;-;-
ICFU26P035500;BRBMEFVCQC25;AGRIBUSINESS;-;-;-;-;-;-;-;-;-;2,57;-;-;-;-;-;-;-
ICFU26P036000;BRBMEFVCQC33;AGRIBUSINESS;-;-;-;-;-;-;-;-;-;3,44;-;-;-;-;-;-;-
ICFU26P038500;BRBMEFVCQC41;AGRIBUSINESS;-;-;-;-;-;-;-;-;-;11,64;-;-;-;-;-;-;-
ICFU26P040500;BRBMEFVCQC58;AGRIBUSINESS;-;-;-;-;-;-;-;-;-;23,36;-;-;-;-;-;-;-
ICFU26P041000;BRBMEFVCQC66;AGRIBUSINESS;-;-;-;-;-;-;-;-;-;26,94;-;-;-;-;-;-;-
ICFZ26C027500;BRBMEFCCXA70;AGRIBUSINESS;-;-;-;-;-;-;-;-;-;93,54;-;-;-;-;-;-;-
ICFZ26C028000;BRBMEFCCXA88;AGRIBUSINESS;-;-;-;-;-;-;-;-;-;89,5;-;-;-;-;-;-;-
ICFZ26C028500;BRBMEFCCXA96;AGRIBUSINESS;-;-;-;-;-;-;-;-;-;85,55;-;-;-;-;-;-;-
ICFZ26C029000;BRBMEFCCXAA9;AGRIBUSINESS;-;-;-;-;-;-;-;-;-;81,7;-;-;-;-;-;-;-
ICFZ26C029500;BRBMEFCCXAB7;AGRIBUSINESS;-;-;-;-;-;-;-;-;-;77,93;-;-;-;-;-;-;-
ICFZ26C030000;BRBMEFCCXAC5;AGRIBUSINESS;-;-;-;-;-;-;-;-;-;74,28;-;-;-;-;-;-;-
ICFZ26C030500;BRBMEFCCXAD3;AGRIBUSINESS;-;-;-;-;-;-;-;-;-;70,72;-;-;-;-;-;-;-
ICFZ26C031000;BRBMEFCCXAE1;AGRIBUSINESS;-;-;-;-;-;-;-;-;-;67,27;-;-;-;-;-;-;-
ICFZ26C031500;BRBMEFCCXAF8;AGRIBUSINESS;-;-;-;-;-;-;-;-;-;63,92;-;-;-;-;-;-;-
ICFZ26C032000;BRBMEFCCXAG6;AGRIBUSINESS;-;-;-;-;-;-;-;-;-;60,69;-;-;-;-;-;-;-
ICFZ26C032500;BRBMEFCCXAH4;AGRIBUSINESS;-;-;-;-;-;-;-;-;-;57,61;-;-;-;-;-;-;-
ICFZ26C033000;BRBMEFCCXAI2;AGRIBUSINESS;-;-;-;-;-;-;-;-;-;54,66;-;-;-;-;-;-;-
ICFZ26C033500;BRBMEFCCXAJ0;AGRIBUSINESS;-;-;-;-;-;-;-;-;-;51,81;-;-;-;-;-;-;-
ICFZ26C034000;BRBMEFCCXAK8;AGRIBUSINESS;-;-;-;-;-;-;-;-;-;49,09;-;-;-;-;-;-;-
ICFZ26C034500;BRBMEFCCXAL6;AGRIBUSINESS;-;-;-;-;-;-;-;-;-;46,46;-;-;-;-;-;-;-
ICFZ26C035000;BRBMEFCCXAM4;AGRIBUSINESS;-;-;-;-;-;-;-;-;-;43,97;-;-;-;-;-;-;-
ICFZ26C035500;BRBMEFCCXAN2;AGRIBUSINESS;-;-;-;-;-;-;-;-;-;41,61;-;-;-;-;-;-;-
ICFZ26C036000;BRBMEFCCXAO0;AGRIBUSINESS;-;-;-;-;-;-;-;-;-;39,35;-;-;-;-;-;-;-
ICFZ26C036500;BRBMEFCCXAP7;AGRIBUSINESS;-;-;-;-;-;-;-;-;-;37,2;-;-;-;-;-;-;-
ICFZ26C037000;BRBMEFCCXAQ5;AGRIBUSINESS;-;-;-;-;-;-;-;-;-;35,15;-;-;-;-;-;-;-
ICFZ26C037500;BRBMEFCCXAR3;AGRIBUSINESS;-;-;-;-;-;-;-;-;-;33,2;-;-;-;-;-;-;-
ICFZ26C038000;BRBMEFCCXAS1;AGRIBUSINESS;-;-;-;-;-;-;-;-;-;31,35;-;-;-;-;-;-;-
ICFZ26C038500;BRBMEFCCXAT9;AGRIBUSINESS;-;-;-;-;-;-;-;-;-;29,63;-;-;-;-;-;-;-
ICFZ26C039000;BRBMEFCCXAU7;AGRIBUSINESS;-;-;-;-;-;-;-;-;-;27,99;-;-;-;-;-;-;-
ICFZ26C039500;BRBMEFCCXAV5;AGRIBUSINESS;-;-;-;-;-;-;-;-;-;26,44;-;-;-;-;-;-;-
ICFZ26C040000;BRBMEFCCXAW3;AGRIBUSINESS;-;-;-;-;-;-;-;-;-;24,98;-;-;-;-;-;-;-
ICFZ26C040500;BRBMEFCCXAX1;AGRIBUSINESS;-;-;-;-;-;-;-;-;-;23,59;-;-;-;-;-;-;-
ICFZ26C041000;BRBMEFCCXAY9;AGRIBUSINESS;-;-;-;-;-;-;-;-;-;22,29;-;-;-;-;-;-;-
ICFZ26P027500;BRBMEFVCXB76;AGRIBUSINESS;-;-;-;-;-;-;-;-;-;4,69;-;-;-;-;-;-;-
ICFZ26P028000;BRBMEFVCXB84;AGRIBUSINESS;-;-;-;-;-;-;-;-;-;5,48;-;-;-;-;-;-;-
ICFZ26P028500;BRBMEFVCXB92;AGRIBUSINESS;-;-;-;-;-;-;-;-;-;6,35;-;-;-;-;-;-;-
ICFZ26P029000;BRBMEFVCXBA7;AGRIBUSINESS;-;-;-;-;-;-;-;-;-;7,31;-;-;-;-;-;-;-
ICFZ26P029500;BRBMEFVCXBB5;AGRIBUSINESS;-;-;-;-;-;-;-;-;-;8,37;-;-;-;-;-;-;-
ICFZ26P030000;BRBMEFVCXBC3;AGRIBUSINESS;-;-;-;-;-;-;-;-;-;9,53;-;-;-;-;-;-;-
ICFZ26P030500;BRBMEFVCXBD1;AGRIBUSINESS;-;-;-;-;-;-;-;-;-;10,8;-;-;-;-;-;-;-
ICFZ26P031000;BRBMEFVCXBE9;AGRIBUSINESS;-;-;-;-;-;-;-;-;-;12,17;-;-;-;-;-;-;-
ICFZ26P031500;BRBMEFVCXBF6;AGRIBUSINESS;-;-;-;-;-;-;-;-;-;13,64;-;-;-;-;-;-;-
ICFZ26P032000;BRBMEFVCXBG4;AGRIBUSINESS;-;-;-;-;-;-;-;-;-;15,23;-;-;-;-;-;-;-
ICFZ26P032500;BRBMEFVCXBH2;AGRIBUSINESS;-;-;-;-;-;-;-;-;-;16,97;-;-;-;-;-;-;-
ICFZ26P033000;BRBMEFVCXBI0;AGRIBUSINESS;-;-;-;-;-;-;-;-;-;18,84;-;-;-;-;-;-;-
ICFZ26P033500;BRBMEFVCXBJ8;AGRIBUSINESS;-;-;-;-;-;-;-;-;-;20,82;-;-;-;-;-;-;-
ICFZ26P034000;BRBMEFVCXBK6;AGRIBUSINESS;-;-;-;-;-;-;-;-;-;22,91;-;-;-;-;-;-;-
ICFZ26P034500;BRBMEFVCXBL4;AGRIBUSINESS;-;-;-;-;-;-;-;-;-;25,11;-;-;-;-;-;-;-
ICFZ26P035000;BRBMEFVCXBM2;AGRIBUSINESS;-;-;-;-;-;-;-;-;-;27,43;-;-;-;-;-;-;-
ICFZ26P035500;BRBMEFVCXBN0;AGRIBUSINESS;-;-;-;-;-;-;-;-;-;29,89;-;-;-;-;-;-;-
ICFZ26P036000;BRBMEFVCXBO8;AGRIBUSINESS;-;-;-;-;-;-;-;-;-;32,46;-;-;-;-;-;-;-
ICFZ26P036500;BRBMEFVCXBP5;AGRIBUSINESS;-;-;-;-;-;-;-;-;-;35,12;-;-;-;-;-;-;-
ICFZ26P037000;BRBMEFVCXBQ3;AGRIBUSINESS;-;-;-;-;-;-;-;-;-;37,9;-;-;-;-;-;-;-
ICFZ26P037500;BRBMEFVCXBR1;AGRIBUSINESS;-;-;-;-;-;-;-;-;-;40,77;-;-;-;-;-;-;-
ICFZ26P038000;BRBMEFVCXBS9;AGRIBUSINESS;-;-;-;-;-;-;-;-;-;43,74;-;-;-;-;-;-;-
ICFZ26P038500;BRBMEFVCXBT7;AGRIBUSINESS;-;-;-;-;-;-;-;-;-;46,84;-;-;-;-;-;-;-
ICFZ26P039000;BRBMEFVCXBU5;AGRIBUSINESS;-;-;-;-;-;-;-;-;-;50,02;-;-;-;-;-;-;-
ICFZ26P039500;BRBMEFVCXBV3;AGRIBUSINESS;-;-;-;-;-;-;-;-;-;53,3;-;-;-;-;-;-;-
ICFZ26P040000;BRBMEFVCXBW1;AGRIBUSINESS;-;-;-;-;-;-;-;-;-;56,66;-;-;-;-;-;-;-
ICFZ26P040500;BRBMEFVCXBX9;AGRIBUSINESS;-;-;-;-;-;-;-;-;-;60,09;-;-;-;-;-;-;-
ICFZ26P041000;BRBMEFVCXBY7;AGRIBUSINESS;-;-;-;-;-;-;-;-;-;63,6;-;-;-;-;-;-;-
ICFU26C032750;BRBMEFCCQC51;AGRIBUSINESS;-;-;-;-;-;-;-;-;-;63,39;-;-;-;-;-;-;-
ICFU26P032750;BRBMEFVCQC74;AGRIBUSINESS;-;-;-;-;-;-;-;-;-;0,39;-;-;-;-;-;-;-
ICFU26C019000;BRBMEFCCQC69;AGRIBUSINESS;-;-;-;-;-;-;-;-;-;199,86;-;-;-;-;-;-;-
ICFU26P019000;BRBMEFVCQC82;AGRIBUSINESS;-;-;-;-;-;-;-;-;-;0,01;-;-;-;-;-;-;-
ICFU26C048000;BRBMEFCCQC77;AGRIBUSINESS;-;-;-;-;-;-;-;-;-;0,95;-;-;-;-;-;-;-
ICFU26P048000;BRBMEFVCQC90;AGRIBUSINESS;-;-;-;-;-;-;-;-;-;89,74;-;-;-;-;-;-;-
ICFU26C030250;BRBMEFCCQC85;AGRIBUSINESS;-;-;-;-;-;-;-;-;-;87,92;-;-;-;-;-;-;-
ICFU26C034250;BRBMEFCCQC93;AGRIBUSINESS;-;-;-;-;-;-;-;-;-;49,25;-;-;-;-;-;-;-
ICFU26P030250;BRBMEFVCQCA9;AGRIBUSINESS;-;-;-;-;-;-;-;-;-;0,03;-;-;-;-;-;-;-
ICFU26P034250;BRBMEFVCQCB7;AGRIBUSINESS;-;-;-;-;-;-;-;-;-;1,18;-;-;-;-;-;-;-
ICFH27C030000;BRBMEFCCG8W4;AGRIBUSINESS;-;-;-;-;-;-;-;-;-;78,27;-;-;-;-;-;-;-
ICFH27C030500;BRBMEFCCG8X2;AGRIBUSINESS;-;-;-;-;-;-;-;-;-;75,11;-;-;-;-;-;-;-
ICFH27C031000;BRBMEFCCG8Y0;AGRIBUSINESS;-;-;-;-;-;-;-;-;-;72,04;-;-;-;-;-;-;-
ICFH27C031500;BRBMEFCCG8Z7;AGRIBUSINESS;-;-;-;-;-;-;-;-;-;69,08;-;-;-;-;-;-;-
ICFH27C032000;BRBMEFCCG907;AGRIBUSINESS;-;-;-;-;-;-;-;-;-;66,23;-;-;-;-;-;-;-
ICFH27C032500;BRBMEFCCG915;AGRIBUSINESS;-;-;-;-;-;-;-;-;-;63,47;-;-;-;-;-;-;-
ICFH27C033000;BRBMEFCCG923;AGRIBUSINESS;-;-;-;-;-;-;-;-;-;60,8;-;-;-;-;-;-;-
ICFH27C033500;BRBMEFCCG931;AGRIBUSINESS;-;-;-;-;-;-;-;-;-;58,23;-;-;-;-;-;-;-
ICFH27C034000;BRBMEFCCG949;AGRIBUSINESS;-;-;-;-;-;-;-;-;-;55,74;-;-;-;-;-;-;-
ICFH27C034500;BRBMEFCCG956;AGRIBUSINESS;-;-;-;-;-;-;-;-;-;53,35;-;-;-;-;-;-;-
ICFH27C035000;BRBMEFCCG964;AGRIBUSINESS;-;-;-;-;-;-;-;-;-;51,05;-;-;-;-;-;-;-
ICFH27C035500;BRBMEFCCG972;AGRIBUSINESS;-;-;-;-;-;-;-;-;-;48,85;-;-;-;-;-;-;-
ICFH27C036000;BRBMEFCCG980;AGRIBUSINESS;-;-;-;-;-;-;-;-;-;46,74;-;-;-;-;-;-;-
ICFH27C036500;BRBMEFCCG998;AGRIBUSINESS;-;-;-;-;-;-;-;-;-;44,71;-;-;-;-;-;-;-
ICFH27P030000;BRBMEFVCG8W1;AGRIBUSINESS;-;-;-;-;-;-;-;-;-;15,01;-;-;-;-;-;-;-
ICFH27P030500;BRBMEFVCG8X9;AGRIBUSINESS;-;-;-;-;-;-;-;-;-;16,53;-;-;-;-;-;-;-
ICFH27P031000;BRBMEFVCG8Y7;AGRIBUSINESS;-;-;-;-;-;-;-;-;-;18,14;-;-;-;-;-;-;-
ICFH27P031500;BRBMEFVCG8Z4;AGRIBUSINESS;-;-;-;-;-;-;-;-;-;19,85;-;-;-;-;-;-;-
ICFH27P032000;BRBMEFVCG907;AGRIBUSINESS;-;-;-;-;-;-;-;-;-;21,68;-;-;-;-;-;-;-
ICFH27P032500;BRBMEFVCG915;AGRIBUSINESS;-;-;-;-;-;-;-;-;-;23,59;-;-;-;-;-;-;-
ICFH27P033000;BRBMEFVCG923;AGRIBUSINESS;-;-;-;-;-;-;-;-;-;25,6;-;-;-;-;-;-;-
ICFH27P033500;BRBMEFVCG931;AGRIBUSINESS;-;-;-;-;-;-;-;-;-;27,7;-;-;-;-;-;-;-
ICFH27P034000;BRBMEFVCG949;AGRIBUSINESS;-;-;-;-;-;-;-;-;-;29,89;-;-;-;-;-;-;-
ICFH27P034500;BRBMEFVCG956;AGRIBUSINESS;-;-;-;-;-;-;-;-;-;32,17;-;-;-;-;-;-;-
ICFH27P035000;BRBMEFVCG964;AGRIBUSINESS;-;-;-;-;-;-;-;-;-;34,55;-;-;-;-;-;-;-
ICFH27P035500;BRBMEFVCG972;AGRIBUSINESS;-;-;-;-;-;-;-;-;-;37,02;-;-;-;-;-;-;-
ICFH27P036000;BRBMEFVCG980;AGRIBUSINESS;-;-;-;-;-;-;-;-;-;39,58;-;-;-;-;-;-;-
ICFH27P036500;BRBMEFVCG998;AGRIBUSINESS;-;-;-;-;-;-;-;-;-;42,23;-;-;-;-;-;-;-
ICFU27C028500;BRBMEFCCQCA9;AGRIBUSINESS;-;-;-;-;-;-;-;-;-;81,36;-;-;-;-;-;-;-
ICFU27C029000;BRBMEFCCQCB7;AGRIBUSINESS;-;-;-;-;-;-;-;-;-;78,49;-;-;-;-;-;-;-
ICFU27C029500;BRBMEFCCQCC5;AGRIBUSINESS;-;-;-;-;-;-;-;-;-;75,69;-;-;-;-;-;-;-
ICFU27C030000;BRBMEFCCQCD3;AGRIBUSINESS;-;-;-;-;-;-;-;-;-;73,01;-;-;-;-;-;-;-
ICFU27C030500;BRBMEFCCQCE1;AGRIBUSINESS;-;-;-;-;-;-;-;-;-;70,39;-;-;-;-;-;-;-
ICFU27C031000;BRBMEFCCQCF8;AGRIBUSINESS;-;-;-;-;-;-;-;-;-;67,84;-;-;-;-;-;-;-
ICFU27C031500;BRBMEFCCQCG6;AGRIBUSINESS;-;-;-;-;-;-;-;-;-;65,37;-;-;-;-;-;-;-
ICFU27C032000;BRBMEFCCQCH4;AGRIBUSINESS;-;-;-;-;-;-;-;-;-;62,97;-;-;-;-;-;-;-
ICFU27C032500;BRBMEFCCQCI2;AGRIBUSINESS;-;-;-;-;-;-;-;-;-;60,63;-;-;-;-;-;-;-
ICFU27C033000;BRBMEFCCQCJ0;AGRIBUSINESS;-;-;-;-;-;-;-;-;-;58,36;-;-;-;-;-;-;-
ICFU27C033500;BRBMEFCCQCK8;AGRIBUSINESS;-;-;-;-;-;-;-;-;-;56,16;-;-;-;-;-;-;-
ICFU27C034000;BRBMEFCCQCL6;AGRIBUSINESS;-;-;-;-;-;-;-;-;-;54,05;-;-;-;-;-;-;-
ICFU27C034500;BRBMEFCCQCM4;AGRIBUSINESS;-;-;-;-;-;-;-;-;-;52,03;-;-;-;-;-;-;-
ICFU27C035000;BRBMEFCCQCN2;AGRIBUSINESS;-;-;-;-;-;-;-;-;-;50,07;-;-;-;-;-;-;-
ICFU27P028500;BRBMEFVCQCC5;AGRIBUSINESS;-;-;-;-;-;-;-;-;-;19,3;-;-;-;-;-;-;-
ICFU27P029000;BRBMEFVCQCD3;AGRIBUSINESS;-;-;-;-;-;-;-;-;-;20,8;-;-;-;-;-;-;-
ICFU27P029500;BRBMEFVCQCE1;AGRIBUSINESS;-;-;-;-;-;-;-;-;-;22,39;-;-;-;-;-;-;-
ICFU27P030000;BRBMEFVCQCF8;AGRIBUSINESS;-;-;-;-;-;-;-;-;-;24,08;-;-;-;-;-;-;-
ICFU27P030500;BRBMEFVCQCG6;AGRIBUSINESS;-;-;-;-;-;-;-;-;-;25,85;-;-;-;-;-;-;-
ICFU27P031000;BRBMEFVCQCH4;AGRIBUSINESS;-;-;-;-;-;-;-;-;-;27,68;-;-;-;-;-;-;-
ICFU27P031500;BRBMEFVCQCI2;AGRIBUSINESS;-;-;-;-;-;-;-;-;-;29,58;-;-;-;-;-;-;-
ICFU27P032000;BRBMEFVCQCJ0;AGRIBUSINESS;-;-;-;-;-;-;-;-;-;31,57;-;-;-;-;-;-;-
ICFU27P032500;BRBMEFVCQCK8;AGRIBUSINESS;-;-;-;-;-;-;-;-;-;33,61;-;-;-;-;-;-;-
ICFU27P033000;BRBMEFVCQCL6;AGRIBUSINESS;-;-;-;-;-;-;-;-;-;35,72;-;-;-;-;-;-;-
ICFU27P033500;BRBMEFVCQCM4;AGRIBUSINESS;-;-;-;-;-;-;-;-;-;37,89;-;-;-;-;-;-;-
ICFU27P034000;BRBMEFVCQCN2;AGRIBUSINESS;-;-;-;-;-;-;-;-;-;40,17;-;-;-;-;-;-;-
ICFU27P034500;BRBMEFVCQCO0;AGRIBUSINESS;-;-;-;-;-;-;-;-;-;42,52;-;-;-;-;-;-;-
ICFU27P035000;BRBMEFVCQCP7;AGRIBUSINESS;-;-;-;-;-;-;-;-;-;44,95;-;-;-;-;-;-;-
ICFZ26C043000;BRBMEFCCXAZ6;AGRIBUSINESS;-;-;-;-;-;-;-;-;-;17,75;-;-;-;-;-;-;-
ICFZ26P043000;BRBMEFVCXBZ4;AGRIBUSINESS;-;-;-;-;-;-;-;-;-;78,35;-;-;-;-;-;-;-
ICFH27C019000;BRBMEFCCG9A8;AGRIBUSINESS;-;-;-;-;-;-;-;-;-;166,62;-;-;-;-;-;-;-
ICFH27P019000;BRBMEFVCG9A5;AGRIBUSINESS;-;-;-;-;-;-;-;-;-;0,51;-;-;-;-;-;-;-
ICFZ26C019000;BRBMEFCCXB04;AGRIBUSINESS;-;-;-;-;-;-;-;-;-;170,9;-;-;-;-;-;-;-
ICFZ26P019000;BRBMEFVCXC00;AGRIBUSINESS;-;-;-;-;-;-;-;-;-;0,1;-;-;-;-;-;-;-
ETHH27C298000;BRBMEFCETMP6;AGRIBUSINESS;-;-;-;-;-;-;-;-;-;0,13;-;-;-;-;-;-;-
ETHH27C320000;BRBMEFCETMQ4;AGRIBUSINESS;-;-;-;-;-;-;-;-;-;0,01;-;-;-;-;-;-;-
ETHH27P298000;BRBMEFVETMP6;AGRIBUSINESS;-;-;-;-;-;-;-;-;-;574,53;-;-;-;-;-;-;-
ETHH27P320000;BRBMEFVETMQ4;AGRIBUSINESS;-;-;-;-;-;-;-;-;-;776,76;-;-;-;-;-;-;-
ETHF27C250000;BRBMEFCETMT8;AGRIBUSINESS;-;-;-;-;-;-;-;-;-;16,46;-;-;-;-;-;-;-
ETHF27P250000;BRBMEFVETMT8;AGRIBUSINESS;-;-;-;-;-;-;-;-;-;123,02;-;-;-;-;-;-;-
ETHG27C250000;BRBMEFCETMU6;AGRIBUSINESS;-;-;-;-;-;-;-;-;-;18,81;-;-;-;-;-;-;-
ETHG27P250000;BRBMEFVETMU6;AGRIBUSINESS;-;-;-;-;-;-;-;-;-;123,93;-;-;-;-;-;-;-
ETHH27C250000;BRBMEFCETMV4;AGRIBUSINESS;-;-;-;-;-;-;-;-;-;16,25;-;-;-;-;-;-;-
ETHH27P250000;BRBMEFVETMV4;AGRIBUSINESS;-;-;-;-;-;-;-;-;-;149,16;-;-;-;-;-;-;-
ETHZ26C250000;BRBMEFCETMX0;AGRIBUSINESS;-;-;-;-;-;-;-;-;-;10,97;-;-;-;-;-;-;-
ETHZ26P250000;BRBMEFVETMX0;AGRIBUSINESS;-;-;-;-;-;-;-;-;-;137,19;-;-;-;-;-;-;-
CCMU26C006500;BRBMEFFM03X7;AGRIBUSINESS;-;-;-;-;-;-;-;-;-;3,87;-;-;-;-;-;-;-
CCMU26C006600;BRBMEFFM03Y5;AGRIBUSINESS;-;-;-;-;-;-;-;-;-;3,05;-;-;-;-;-;-;-
CCMU26C006700;BRBMEFFM03Z2;AGRIBUSINESS;-;-;-;-;-;-;-;-;-;2,31;-;-;-;-;-;-;-
CCMU26C006800;BRBMEFFM0407;AGRIBUSINESS;-;-;-;-;-;-;-;-;-;1,68;-;-;-;-;-;-;-
CCMU26C006900;BRBMEFFM0415;AGRIBUSINESS;-;-;-;-;-;-;-;-;-;1,19;-;-;-;-;-;-;-
CCMU26C007000;BRBMEFFM0423;AGRIBUSINESS;-;-;-;-;-;-;-;-;-;0,81;-;-;-;-;-;-;-
CCMU26C007100;BRBMEFFM0431;AGRIBUSINESS;-;-;-;-;-;-;-;-;-;0,54;-;-;-;-;-;-;-
CCMU26C007200;BRBMEFFM0449;AGRIBUSINESS;0,58;0,55;0,58;0,56;0,55;-31,25;-;-;-;0,36;-;-;-;-;2;400;101700
CCMU26C007300;BRBMEFFM0456;AGRIBUSINESS;-;-;-;-;-;-;-;-;-;0,24;-;-;-;-;-;-;-
CCMU26C007400;BRBMEFFM0464;AGRIBUSINESS;-;-;-;-;-;-;-;-;-;0,15;-;-;-;-;-;-;-
CCMU26C007500;BRBMEFFM0472;AGRIBUSINESS;-;-;-;-;-;-;-;-;-;0,1;-;-;-;-;-;-;-
CCMU26C007600;BRBMEFFM0480;AGRIBUSINESS;-;-;-;-;-;-;-;-;-;0,06;-;-;-;-;-;-;-
CCMU26C007700;BRBMEFFM0498;AGRIBUSINESS;-;-;-;-;-;-;-;-;-;0,03;-;-;-;-;-;-;-
CCMU26C007800;BRBMEFFM04A3;AGRIBUSINESS;-;-;-;-;-;-;-;-;-;0,02;-;-;-;-;-;-;-
CCMU26C007900;BRBMEFFM04B1;AGRIBUSINESS;-;-;-;-;-;-;-;-;-;0,01;-;-;-;-;-;-;-
CCMU26C008000;BRBMEFFM04C9;AGRIBUSINESS;-;-;-;-;-;-;-;-;-;0,01;-;-;-;-;-;-;-
CCMU26P006500;BRBMEFOV0413;AGRIBUSINESS;-;-;-;-;-;-;-;-;-;0,19;-;-;-;-;-;-;-
CCMU26P006600;BRBMEFOV0421;AGRIBUSINESS;-;-;-;-;-;-;-;-;-;0,35;-;-;-;-;-;-;-
CCMU26P006700;BRBMEFOV0439;AGRIBUSINESS;-;-;-;-;-;-;-;-;-;0,59;-;-;-;-;-;-;-
CCMU26P006800;BRBMEFOV0447;AGRIBUSINESS;-;-;-;-;-;-;-;-;-;0,96;-;-;-;-;-;-;-
CCMU26P006900;BRBMEFOV0454;AGRIBUSINESS;1,62;1,62;1,62;1,62;1,62;15,71;-;-;-;1,44;-;-;-;-;1;3;2187
CCMU26P007000;BRBMEFOV0462;AGRIBUSINESS;2,15;2,15;2,17;2,15;2,17;41,83;-;-;-;2,05;-;-;-;-;2;60;58230
CCMU26P007100;BRBMEFOV0470;AGRIBUSINESS;-;-;-;-;-;-;-;-;-;2,77;-;-;-;-;-;-;-
CCMU26P007200;BRBMEFOV0488;AGRIBUSINESS;3,6;3,6;3,6;3,6;3,6;-4,25;-;-;-;3,57;-;-;-;-;1;20;32400
CCMU26P007300;BRBMEFOV0496;AGRIBUSINESS;-;-;-;-;-;-;-;-;-;4,43;-;-;-;-;-;-;-
CCMU26P007400;BRBMEFOV04A6;AGRIBUSINESS;-;-;-;-;-;-;-;-;-;5,33;-;-;-;-;-;-;-
CCMU26P007500;BRBMEFOV04B4;AGRIBUSINESS;6,3;6,3;6,3;6,3;6,3;28,04;-;-;-;6,26;-;-;-;-;1;60;170100
CCMU26P007600;BRBMEFOV04C2;AGRIBUSINESS;-;-;-;-;-;-;-;-;-;7,21;-;-;-;-;-;-;-
CCMU26P007700;BRBMEFOV04D0;AGRIBUSINESS;-;-;-;-;-;-;-;-;-;8,17;-;-;-;-;-;-;-
CCMU26P007800;BRBMEFOV04E8;AGRIBUSINESS;-;-;-;-;-;-;-;-;-;9,14;-;-;-;-;-;-;-
CCMU26P007900;BRBMEFOV04F5;AGRIBUSINESS;-;-;-;-;-;-;-;-;-;10,11;-;-;-;-;-;-;-
CCMU26P008000;BRBMEFOV04G3;AGRIBUSINESS;-;-;-;-;-;-;-;-;-;11,09;-;-;-;-;-;-;-
CCMU26C006200;BRBMEFFM06F7;AGRIBUSINESS;-;-;-;-;-;-;-;-;-;6,66;-;-;-;-;-;-;-
CCMU26P006200;BRBMEFOV06J2;AGRIBUSINESS;-;-;-;-;-;-;-;-;-;0,02;-;-;-;-;-;-;-
CCMU26C008300;BRBMEFFM08D8;AGRIBUSINESS;-;-;-;-;-;-;-;-;-;0,01;-;-;-;-;-;-;-
CCMU26P008300;BRBMEFOV08H2;AGRIBUSINESS;-;-;-;-;-;-;-;-;-;14,04;-;-;-;-;-;-;-
CCMU26C006400;BRBMEFFM08F3;AGRIBUSINESS;-;-;-;-;-;-;-;-;-;4,77;-;-;-;-;-;-;-
CCMU26P006400;BRBMEFOV08J8;AGRIBUSINESS;-;-;-;-;-;-;-;-;-;0,1;-;-;-;-;-;-;-
CCMU26C006300;BRBMEFFM08G1;AGRIBUSINESS;-;-;-;-;-;-;-;-;-;5,7;-;-;-;-;-;-;-
CCMU26P006300;BRBMEFOV08K6;AGRIBUSINESS;-;-;-;-;-;-;-;-;-;0,05;-;-;-;-;-;-;-
CCMU26C007050;BRBMEFFM08H9;AGRIBUSINESS;-;-;-;-;-;-;-;-;-;0,67;-;-;-;-;-;-;-
CCMU26P007050;BRBMEFOV08L4;AGRIBUSINESS;-;-;-;-;-;-;-;-;-;2,4;-;-;-;-;-;-;-
CCMX26C005000;BRBMEFFM08L1;AGRIBUSINESS;-;-;-;-;-;-;-;-;-;22,79;-;-;-;-;-;-;-
CCMX26C008000;BRBMEFFM08M9;AGRIBUSINESS;-;-;-;-;-;-;-;-;-;0,54;-;-;-;-;-;-;-
CCMX26P005000;BRBMEFOV08P5;AGRIBUSINESS;-;-;-;-;-;-;-;-;-;0,01;-;-;-;-;-;-;-
CCMX26P008000;BRBMEFOV08Q3;AGRIBUSINESS;-;-;-;-;-;-;-;-;-;6,66;-;-;-;-;-;-;-
CCMU26C006950;BRBMEFFM08O5;AGRIBUSINESS;-;-;-;-;-;-;-;-;-;0,98;-;-;-;-;-;-;-
CCMU26P006950;BRBMEFOV08S9;AGRIBUSINESS;-;-;-;-;-;-;-;-;-;1,73;-;-;-;-;-;-;-
CCMU26C005800;BRBMEFFM08P2;AGRIBUSINESS;-;-;-;-;-;-;-;-;-;10,57;-;-;-;-;-;-;-
CCMU26C008500;BRBMEFFM08Q0;AGRIBUSINESS;-;-;-;-;-;-;-;-;-;0,01;-;-;-;-;-;-;-
CCMU26P005800;BRBMEFOV08T7;AGRIBUSINESS;-;-;-;-;-;-;-;-;-;0,01;-;-;-;-;-;-;-
CCMU26P008500;BRBMEFOV08U5;AGRIBUSINESS;-;-;-;-;-;-;-;-;-;16,01;-;-;-;-;-;-;-
CCMU26C005500;BRBMEFFM08W8;AGRIBUSINESS;-;-;-;-;-;-;-;-;-;13,53;-;-;-;-;-;-;-
CCMU26P005500;BRBMEFOV0900;AGRIBUSINESS;-;-;-;-;-;-;-;-;-;0,01;-;-;-;-;-;-;-
CCMU26C007450;BRBMEFFM0936;AGRIBUSINESS;-;-;-;-;-;-;-;-;-;0,12;-;-;-;-;-;-;-
CCMU26P007450;BRBMEFOV0975;AGRIBUSINESS;-;-;-;-;-;-;-;-;-;5,8;-;-;-;-;-;-;-
CCMU26C006000;BRBMEFFM09A2;AGRIBUSINESS;-;-;-;-;-;-;-;-;-;8,61;-;-;-;-;-;-;-
CCMU26C006100;BRBMEFFM09B0;AGRIBUSINESS;-;-;-;-;-;-;-;-;-;7,63;-;-;-;-;-;-;-
CCMU26P006000;BRBMEFOV09E7;AGRIBUSINESS;-;-;-;-;-;-;-;-;-;0,01;-;-;-;-;-;-;-
CCMU26P006100;BRBMEFOV09F4;AGRIBUSINESS;-;-;-;-;-;-;-;-;-;0,01;-;-;-;-;-;-;-
CCMX26C006500;BRBMEFFM09O3;AGRIBUSINESS;-;-;-;-;-;-;-;-;-;8,46;-;-;-;-;-;-;-
CCMX26C007000;BRBMEFFM09P0;AGRIBUSINESS;-;-;-;-;-;-;-;-;-;4,33;-;-;-;-;-;-;-
CCMX26C007600;BRBMEFFM09Q8;AGRIBUSINESS;-;-;-;-;-;-;-;-;-;1,34;-;-;-;-;-;-;-
CCMX26P006500;BRBMEFOV09S7;AGRIBUSINESS;-;-;-;-;-;-;-;-;-;0,13;-;-;-;-;-;-;-
CCMX26P007000;BRBMEFOV09T5;AGRIBUSINESS;-;-;-;-;-;-;-;-;-;0,81;-;-;-;-;-;-;-
CCMX26P007600;BRBMEFOV09U3;AGRIBUSINESS;-;-;-;-;-;-;-;-;-;3,6;-;-;-;-;-;-;-
CCMX26C007500;BRBMEFFM09R6;AGRIBUSINESS;-;-;-;-;-;-;-;-;-;1,66;-;-;-;-;-;-;-
CCMX26P007500;BRBMEFOV09V1;AGRIBUSINESS;-;-;-;-;-;-;-;-;-;2,97;-;-;-;-;-;-;-
CCMU26C006350;BRBMEFFM09S4;AGRIBUSINESS;-;-;-;-;-;-;-;-;-;5,23;-;-;-;-;-;-;-
CCMU26C006850;BRBMEFFM09T2;AGRIBUSINESS;-;-;-;-;-;-;-;-;-;1,42;-;-;-;-;-;-;-
CCMU26P006350;BRBMEFOV09W9;AGRIBUSINESS;-;-;-;-;-;-;-;-;-;0,07;-;-;-;-;-;-;-
CCMU26P006850;BRBMEFOV09X7;AGRIBUSINESS;-;-;-;-;-;-;-;-;-;1,18;-;-;-;-;-;-;-
CCMU26C006050;BRBMEFFM09U0;AGRIBUSINESS;-;-;-;-;-;-;-;-;-;8,12;-;-;-;-;-;-;-
CCMU26C006150;BRBMEFFM09V8;AGRIBUSINESS;-;-;-;-;-;-;-;-;-;7,14;-;-;-;-;-;-;-
CCMU26C006250;BRBMEFFM09W6;AGRIBUSINESS;-;-;-;-;-;-;-;-;-;6,18;-;-;-;-;-;-;-
CCMU26C006450;BRBMEFFM09X4;AGRIBUSINESS;-;-;-;-;-;-;-;-;-;4,31;-;-;-;-;-;-;-
CCMU26C006550;BRBMEFFM09Y2;AGRIBUSINESS;-;-;-;-;-;-;-;-;-;3,45;-;-;-;-;-;-;-
CCMU26C006650;BRBMEFFM09Z9;AGRIBUSINESS;-;-;-;-;-;-;-;-;-;2,66;-;-;-;-;-;-;-
CCMU26C006750;BRBMEFFM0A00;AGRIBUSINESS;-;-;-;-;-;-;-;-;-;1,98;-;-;-;-;-;-;-
CCMU26C007150;BRBMEFFM0A18;AGRIBUSINESS;-;-;-;-;-;-;-;-;-;0,44;-;-;-;-;-;-;-
CCMU26C007250;BRBMEFFM0A26;AGRIBUSINESS;-;-;-;-;-;-;-;-;-;0,29;-;-;-;-;-;-;-
CCMU26C007350;BRBMEFFM0A34;AGRIBUSINESS;-;-;-;-;-;-;-;-;-;0,19;-;-;-;-;-;-;-
CCMU26P006050;BRBMEFOV09Y5;AGRIBUSINESS;-;-;-;-;-;-;-;-;-;0,01;-;-;-;-;-;-;-
CCMU26P006150;BRBMEFOV09Z2;AGRIBUSINESS;-;-;-;-;-;-;-;-;-;0,01;-;-;-;-;-;-;-
CCMU26P006250;BRBMEFOV0A03;AGRIBUSINESS;-;-;-;-;-;-;-;-;-;0,03;-;-;-;-;-;-;-
CCMU26P006450;BRBMEFOV0A11;AGRIBUSINESS;-;-;-;-;-;-;-;-;-;0,14;-;-;-;-;-;-;-
CCMU26P006550;BRBMEFOV0A29;AGRIBUSINESS;-;-;-;-;-;-;-;-;-;0,26;-;-;-;-;-;-;-
CCMU26P006650;BRBMEFOV0A37;AGRIBUSINESS;-;-;-;-;-;-;-;-;-;0,46;-;-;-;-;-;-;-
CCMU26P006750;BRBMEFOV0A45;AGRIBUSINESS;-;-;-;-;-;-;-;-;-;0,76;-;-;-;-;-;-;-
CCMU26P007150;BRBMEFOV0A52;AGRIBUSINESS;-;-;-;-;-;-;-;-;-;3,16;-;-;-;-;-;-;-
CCMU26P007250;BRBMEFOV0A60;AGRIBUSINESS;-;-;-;-;-;-;-;-;-;3,99;-;-;-;-;-;-;-
CCMU26P007350;BRBMEFOV0A78;AGRIBUSINESS;-;-;-;-;-;-;-;-;-;4,88;-;-;-;-;-;-;-
CCMU26C006875;BRBMEFFM0A42;AGRIBUSINESS;-;-;-;-;-;-;-;-;-;1,3;-;-;-;-;-;-;-
CCMU26P006875;BRBMEFOV0A86;AGRIBUSINESS;-;-;-;-;-;-;-;-;-;1,31;-;-;-;-;-;-;-
CCMU26C008100;BRBMEFFM0AD3;AGRIBUSINESS;-;-;-;-;-;-;-;-;-;0,01;-;-;-;-;-;-;-
CCMU26P008100;BRBMEFOV0AH2;AGRIBUSINESS;-;-;-;-;-;-;-;-;-;12,07;-;-;-;-;-;-;-
CCMX26C007200;BRBMEFFM0AG6;AGRIBUSINESS;-;-;-;-;-;-;-;-;-;3,05;-;-;-;-;-;-;-
CCMX26C007700;BRBMEFFM0AH4;AGRIBUSINESS;-;-;-;-;-;-;-;-;-;1,07;-;-;-;-;-;-;-
CCMX26P007200;BRBMEFOV0AK6;AGRIBUSINESS;-;-;-;-;-;-;-;-;-;1,46;-;-;-;-;-;-;-
CCMX26P007700;BRBMEFOV0AL4;AGRIBUSINESS;-;-;-;-;-;-;-;-;-;4,3;-;-;-;-;-;-;-
CCMU26C005000;BRBMEFFM0AI2;AGRIBUSINESS;-;-;-;-;-;-;-;-;-;18,45;-;-;-;-;-;-;-
CCMU26P005000;BRBMEFOV0AM2;AGRIBUSINESS;-;-;-;-;-;-;-;-;-;0,01;-;-;-;-;-;-;-
CCMU26C006925;BRBMEFFM0AJ0;AGRIBUSINESS;-;-;-;-;-;-;-;-;-;1,08;-;-;-;-;-;-;-
CCMU26P006925;BRBMEFOV0AN0;AGRIBUSINESS;-;-;-;-;-;-;-;-;-;1,58;-;-;-;-;-;-;-
CCMX26C005500;BRBMEFFM0AM4;AGRIBUSINESS;-;-;-;-;-;-;-;-;-;17,97;-;-;-;-;-;-;-
CCMX26C009000;BRBMEFFM0AN2;AGRIBUSINESS;-;-;-;-;-;-;-;-;-;0,04;-;-;-;-;-;-;-
CCMX26P005500;BRBMEFOV0AQ3;AGRIBUSINESS;-;-;-;-;-;-;-;-;-;0,01;-;-;-;-;-;-;-
CCMX26P009000;BRBMEFOV0AR1;AGRIBUSINESS;-;-;-;-;-;-;-;-;-;15,79;-;-;-;-;-;-;-
CCMX26C005600;BRBMEFFM0AO0;AGRIBUSINESS;-;-;-;-;-;-;-;-;-;17,01;-;-;-;-;-;-;-
CCMX26C005700;BRBMEFFM0AP7;AGRIBUSINESS;-;-;-;-;-;-;-;-;-;16,05;-;-;-;-;-;-;-
CCMX26C005800;BRBMEFFM0AQ5;AGRIBUSINESS;-;-;-;-;-;-;-;-;-;15,08;-;-;-;-;-;-;-
CCMX26C005900;BRBMEFFM0AR3;AGRIBUSINESS;-;-;-;-;-;-;-;-;-;14,12;-;-;-;-;-;-;-
CCMX26C006000;BRBMEFFM0AS1;AGRIBUSINESS;-;-;-;-;-;-;-;-;-;13,16;-;-;-;-;-;-;-
CCMX26C006100;BRBMEFFM0AT9;AGRIBUSINESS;-;-;-;-;-;-;-;-;-;12,2;-;-;-;-;-;-;-
CCMX26C006200;BRBMEFFM0AU7;AGRIBUSINESS;-;-;-;-;-;-;-;-;-;11,25;-;-;-;-;-;-;-
CCMX26C006300;BRBMEFFM0AV5;AGRIBUSINESS;-;-;-;-;-;-;-;-;-;10,31;-;-;-;-;-;-;-
CCMX26C006400;BRBMEFFM0AW3;AGRIBUSINESS;-;-;-;-;-;-;-;-;-;9,38;-;-;-;-;-;-;-
CCMX26C008100;BRBMEFFM0AX1;AGRIBUSINESS;-;-;-;-;-;-;-;-;-;0,43;-;-;-;-;-;-;-
CCMX26C008200;BRBMEFFM0AY9;AGRIBUSINESS;-;-;-;-;-;-;-;-;-;0,34;-;-;-;-;-;-;-
CCMX26C008300;BRBMEFFM0AZ6;AGRIBUSINESS;-;-;-;-;-;-;-;-;-;0,27;-;-;-;-;-;-;-
CCMX26C008400;BRBMEFFM0B09;AGRIBUSINESS;-;-;-;-;-;-;-;-;-;0,21;-;-;-;-;-;-;-
CCMX26C008500;BRBMEFFM0B17;AGRIBUSINESS;-;-;-;-;-;-;-;-;-;0,17;-;-;-;-;-;-;-
CCMX26C008600;BRBMEFFM0B25;AGRIBUSINESS;-;-;-;-;-;-;-;-;-;0,13;-;-;-;-;-;-;-
CCMX26C008700;BRBMEFFM0B33;AGRIBUSINESS;-;-;-;-;-;-;-;-;-;0,1;-;-;-;-;-;-;-
CCMX26C008800;BRBMEFFM0B41;AGRIBUSINESS;-;-;-;-;-;-;-;-;-;0,07;-;-;-;-;-;-;-
CCMX26C008900;BRBMEFFM0B58;AGRIBUSINESS;-;-;-;-;-;-;-;-;-;0,05;-;-;-;-;-;-;-
CCMX26P005600;BRBMEFOV0AS9;AGRIBUSINESS;-;-;-;-;-;-;-;-;-;0,01;-;-;-;-;-;-;-
CCMX26P005700;BRBMEFOV0AT7;AGRIBUSINESS;-;-;-;-;-;-;-;-;-;0,01;-;-;-;-;-;-;-
CCMX26P005800;BRBMEFOV0AU5;AGRIBUSINESS;-;-;-;-;-;-;-;-;-;0,01;-;-;-;-;-;-;-
CCMX26P005900;BRBMEFOV0AV3;AGRIBUSINESS;-;-;-;-;-;-;-;-;-;0,01;-;-;-;-;-;-;-
CCMX26P006000;BRBMEFOV0AW1;AGRIBUSINESS;-;-;-;-;-;-;-;-;-;0,01;-;-;-;-;-;-;-
CCMX26P006100;BRBMEFOV0AX9;AGRIBUSINESS;-;-;-;-;-;-;-;-;-;0,01;-;-;-;-;-;-;-
CCMX26P006200;BRBMEFOV0AY7;AGRIBUSINESS;-;-;-;-;-;-;-;-;-;0,03;-;-;-;-;-;-;-
CCMX26P006300;BRBMEFOV0AZ4;AGRIBUSINESS;-;-;-;-;-;-;-;-;-;0,05;-;-;-;-;-;-;-
CCMX26P006400;BRBMEFOV0B02;AGRIBUSINESS;-;-;-;-;-;-;-;-;-;0,08;-;-;-;-;-;-;-
CCMX26P008100;BRBMEFOV0B10;AGRIBUSINESS;-;-;-;-;-;-;-;-;-;7,51;-;-;-;-;-;-;-
CCMX26P008200;BRBMEFOV0B28;AGRIBUSINESS;-;-;-;-;-;-;-;-;-;8,38;-;-;-;-;-;-;-
CCMX26P008300;BRBMEFOV0B36;AGRIBUSINESS;-;-;-;-;-;-;-;-;-;9,28;-;-;-;-;-;-;-
CCMX26P008400;BRBMEFOV0B44;AGRIBUSINESS;-;-;-;-;-;-;-;-;-;10,19;-;-;-;-;-;-;-
CCMX26P008500;BRBMEFOV0B51;AGRIBUSINESS;-;-;-;-;-;-;-;-;-;11,1;-;-;-;-;-;-;-
CCMX26P008600;BRBMEFOV0B69;AGRIBUSINESS;-;-;-;-;-;-;-;-;-;12,03;-;-;-;-;-;-;-
CCMX26P008700;BRBMEFOV0B77;AGRIBUSINESS;-;-;-;-;-;-;-;-;-;12,96;-;-;-;-;-;-;-
CCMX26P008800;BRBMEFOV0B85;AGRIBUSINESS;-;-;-;-;-;-;-;-;-;13,9;-;-;-;-;-;-;-
CCMX26P008900;BRBMEFOV0B93;AGRIBUSINESS;-;-;-;-;-;-;-;-;-;14,84;-;-;-;-;-;-;-
CCMU26C007025;BRBMEFFM0B90;AGRIBUSINESS;-;-;-;-;-;-;-;-;-;0,74;-;-;-;-;-;-;-
CCMU26P007025;BRBMEFOV0BD9;AGRIBUSINESS;-;-;-;-;-;-;-;-;-;2,22;-;-;-;-;-;-;-
CCMU26C006475;BRBMEFFM0BM2;AGRIBUSINESS;-;-;-;-;-;-;-;-;-;4,09;-;-;-;-;-;-;-
CCMU26P006475;BRBMEFOV0BQ1;AGRIBUSINESS;-;-;-;-;-;-;-;-;-;0,16;-;-;-;-;-;-;-
CCMX26C007950;BRBMEFFM0BO8;AGRIBUSINESS;-;-;-;-;-;-;-;-;-;0,61;-;-;-;-;-;-;-
CCMX26P007950;BRBMEFOV0BS7;AGRIBUSINESS;-;-;-;-;-;-;-;-;-;6,24;-;-;-;-;-;-;-
CCMF27C006800;BRBMEFFM0BV3;AGRIBUSINESS;-;-;-;-;-;-;-;-;-;8,7;-;-;-;-;-;-;-
CCMF27C006850;BRBMEFFM0BW1;AGRIBUSINESS;-;-;-;-;-;-;-;-;-;8,29;-;-;-;-;-;-;-
CCMF27C007500;BRBMEFFM0BX9;AGRIBUSINESS;-;-;-;-;-;-;-;-;-;3,77;-;-;-;-;-;-;-
CCMF27C008000;BRBMEFFM0BY7;AGRIBUSINESS;-;-;-;-;-;-;-;-;-;1,76;-;-;-;-;-;-;-
CCMF27P006800;BRBMEFOV0BZ2;AGRIBUSINESS;-;-;-;-;-;-;-;-;-;0,39;-;-;-;-;-;-;-
CCMF27P006850;BRBMEFOV0C01;AGRIBUSINESS;-;-;-;-;-;-;-;-;-;0,44;-;-;-;-;-;-;-
CCMF27P007500;BRBMEFOV0C19;AGRIBUSINESS;-;-;-;-;-;-;-;-;-;2,07;-;-;-;-;-;-;-
CCMF27P008000;BRBMEFOV0C27;AGRIBUSINESS;-;-;-;-;-;-;-;-;-;4,77;-;-;-;-;-;-;-
CCMU26C007550;BRBMEFFM0BZ4;AGRIBUSINESS;-;-;-;-;-;-;-;-;-;0,08;-;-;-;-;-;-;-
CCMU26P007550;BRBMEFOV0C35;AGRIBUSINESS;-;-;-;-;-;-;-;-;-;6,74;-;-;-;-;-;-;-
CCMX26C006550;BRBMEFFM0C16;AGRIBUSINESS;-;-;-;-;-;-;-;-;-;8,01;-;-;-;-;-;-;-
CCMX26P006550;BRBMEFOV0C50;AGRIBUSINESS;-;-;-;-;-;-;-;-;-;0,15;-;-;-;-;-;-;-
CCMU26C007525;BRBMEFFM0C24;AGRIBUSINESS;-;-;-;-;-;-;-;-;-;0,09;-;-;-;-;-;-;-
CCMU26P007525;BRBMEFOV0C68;AGRIBUSINESS;-;-;-;-;-;-;-;-;-;6,5;-;-;-;-;-;-;-
CCMX26C006900;BRBMEFFM0C73;AGRIBUSINESS;-;-;-;-;-;-;-;-;-;5,06;-;-;-;-;-;-;-
CCMX26P006900;BRBMEFOV0CB1;AGRIBUSINESS;-;-;-;-;-;-;-;-;-;0,58;-;-;-;-;-;-;-
CCMX26C006700;BRBMEFFM0CB3;AGRIBUSINESS;-;-;-;-;-;-;-;-;-;6,69;-;-;-;-;-;-;-
CCMX26C007400;BRBMEFFM0CC1;AGRIBUSINESS;-;-;-;-;-;-;-;-;-;2,06;-;-;-;-;-;-;-
CCMX26P006700;BRBMEFOV0CF2;AGRIBUSINESS;-;-;-;-;-;-;-;-;-;0,28;-;-;-;-;-;-;-
CCMX26P007400;BRBMEFOV0CG0;AGRIBUSINESS;-;-;-;-;-;-;-;-;-;2,39;-;-;-;-;-;-;-
CCMX26C007900;BRBMEFFM0CN8;AGRIBUSINESS;-;-;-;-;-;-;-;-;-;0,68;-;-;-;-;-;-;-
CCMX26P007900;BRBMEFOV0CR7;AGRIBUSINESS;-;-;-;-;-;-;-;-;-;5,83;-;-;-;-;-;-;-
CCMU26C006725;BRBMEFFM0CO6;AGRIBUSINESS;-;-;-;-;-;-;-;-;-;2,14;-;-;-;-;-;-;-
CCMU26C006775;BRBMEFFM0CP3;AGRIBUSINESS;-;-;-;-;-;-;-;-;-;1,83;-;-;-;-;-;-;-
CCMU26P006725;BRBMEFOV0CS5;AGRIBUSINESS;-;-;-;-;-;-;-;-;-;0,67;-;-;-;-;-;-;-
CCMU26P006775;BRBMEFOV0CT3;AGRIBUSINESS;0,98;0,98;0,98;0,98;0,98;-60,8;-;-;-;0,85;-;-;-;-;1;20;8820
CCMH27C007000;BRBMEFFM0CS7;AGRIBUSINESS;-;-;-;-;-;-;-;-;-;8,77;-;-;-;-;-;-;-
CCMH27C007050;BRBMEFFM0CT5;AGRIBUSINESS;-;-;-;-;-;-;-;-;-;8,39;-;-;-;-;-;-;-
CCMH27C007100;BRBMEFFM0CU3;AGRIBUSINESS;-;-;-;-;-;-;-;-;-;8,02;-;-;-;-;-;-;-
CCMH27C007150;BRBMEFFM0CV1;AGRIBUSINESS;-;-;-;-;-;-;-;-;-;7,65;-;-;-;-;-;-;-
CCMH27C007200;BRBMEFFM0CW9;AGRIBUSINESS;-;-;-;-;-;-;-;-;-;7,29;-;-;-;-;-;-;-
CCMH27C007250;BRBMEFFM0CX7;AGRIBUSINESS;-;-;-;-;-;-;-;-;-;6,94;-;-;-;-;-;-;-
CCMH27C007300;BRBMEFFM0CY5;AGRIBUSINESS;-;-;-;-;-;-;-;-;-;6,6;-;-;-;-;-;-;-
CCMH27C007350;BRBMEFFM0CZ2;AGRIBUSINESS;-;-;-;-;-;-;-;-;-;6,27;-;-;-;-;-;-;-
CCMH27C007400;BRBMEFFM0D07;AGRIBUSINESS;-;-;-;-;-;-;-;-;-;5,95;-;-;-;-;-;-;-
CCMH27C007450;BRBMEFFM0CQ1;AGRIBUSINESS;-;-;-;-;-;-;-;-;-;5,64;-;-;-;-;-;-;-
CCMH27C007500;BRBMEFFM0CR9;AGRIBUSINESS;-;-;-;-;-;-;-;-;-;5,35;-;-;-;-;-;-;-
CCMH27C007550;BRBMEFFM0D15;AGRIBUSINESS;-;-;-;-;-;-;-;-;-;5,06;-;-;-;-;-;-;-
CCMH27C007600;BRBMEFFM0D23;AGRIBUSINESS;-;-;-;-;-;-;-;-;-;4,78;-;-;-;-;-;-;-
CCMH27C007650;BRBMEFFM0D31;AGRIBUSINESS;-;-;-;-;-;-;-;-;-;4,52;-;-;-;-;-;-;-
CCMH27C007700;BRBMEFFM0D49;AGRIBUSINESS;-;-;-;-;-;-;-;-;-;4,26;-;-;-;-;-;-;-
CCMH27P007000;BRBMEFOV0CW7;AGRIBUSINESS;-;-;-;-;-;-;-;-;-;0,69;-;-;-;-;-;-;-
CCMH27P007050;BRBMEFOV0CX5;AGRIBUSINESS;-;-;-;-;-;-;-;-;-;0,77;-;-;-;-;-;-;-
CCMH27P007100;BRBMEFOV0CY3;AGRIBUSINESS;-;-;-;-;-;-;-;-;-;0,86;-;-;-;-;-;-;-
CCMH27P007150;BRBMEFOV0CZ0;AGRIBUSINESS;-;-;-;-;-;-;-;-;-;0,95;-;-;-;-;-;-;-
CCMH27P007200;BRBMEFOV0D00;AGRIBUSINESS;-;-;-;-;-;-;-;-;-;1,06;-;-;-;-;-;-;-
CCMH27P007250;BRBMEFOV0D18;AGRIBUSINESS;-;-;-;-;-;-;-;-;-;1,17;-;-;-;-;-;-;-
CCMH27P007300;BRBMEFOV0D26;AGRIBUSINESS;-;-;-;-;-;-;-;-;-;1,29;-;-;-;-;-;-;-
CCMH27P007350;BRBMEFOV0D34;AGRIBUSINESS;-;-;-;-;-;-;-;-;-;1,42;-;-;-;-;-;-;-
CCMH27P007400;BRBMEFOV0D42;AGRIBUSINESS;-;-;-;-;-;-;-;-;-;1,57;-;-;-;-;-;-;-
CCMH27P007450;BRBMEFOV0CU1;AGRIBUSINESS;-;-;-;-;-;-;-;-;-;1,72;-;-;-;-;-;-;-
CCMH27P007500;BRBMEFOV0CV9;AGRIBUSINESS;-;-;-;-;-;-;-;-;-;1,89;-;-;-;-;-;-;-
CCMH27P007550;BRBMEFOV0D59;AGRIBUSINESS;-;-;-;-;-;-;-;-;-;2,06;-;-;-;-;-;-;-
CCMH27P007600;BRBMEFOV0D67;AGRIBUSINESS;-;-;-;-;-;-;-;-;-;2,25;-;-;-;-;-;-;-
CCMH27P007650;BRBMEFOV0D75;AGRIBUSINESS;-;-;-;-;-;-;-;-;-;2,44;-;-;-;-;-;-;-
CCMH27P007700;BRBMEFOV0D83;AGRIBUSINESS;-;-;-;-;-;-;-;-;-;2,65;-;-;-;-;-;-;-
CCMU26C006625;BRBMEFFM0D80;AGRIBUSINESS;-;-;-;-;-;-;-;-;-;2,85;-;-;-;-;-;-;-
CCMU26P006625;BRBMEFOV0DC7;AGRIBUSINESS;-;-;-;-;-;-;-;-;-;0,4;-;-;-;-;-;-;-
CCMX26C007450;BRBMEFFM0D98;AGRIBUSINESS;-;-;-;-;-;-;-;-;-;1,85;-;-;-;-;-;-;-
CCMX26P007450;BRBMEFOV0DD5;AGRIBUSINESS;-;-;-;-;-;-;-;-;-;2,67;-;-;-;-;-;-;-
CCMU26C008200;BRBMEFFM0DA3;AGRIBUSINESS;-;-;-;-;-;-;-;-;-;0,01;-;-;-;-;-;-;-
CCMU26C008400;BRBMEFFM0DB1;AGRIBUSINESS;-;-;-;-;-;-;-;-;-;0,01;-;-;-;-;-;-;-
CCMU26P008200;BRBMEFOV0DE3;AGRIBUSINESS;-;-;-;-;-;-;-;-;-;13,06;-;-;-;-;-;-;-
CCMU26P008400;BRBMEFOV0DF0;AGRIBUSINESS;-;-;-;-;-;-;-;-;-;15,03;-;-;-;-;-;-;-
CCMU26C007275;BRBMEFFM0DE5;AGRIBUSINESS;-;-;-;-;-;-;-;-;-;0,26;-;-;-;-;-;-;-
CCMU26P007275;BRBMEFOV0DI4;AGRIBUSINESS;-;-;-;-;-;-;-;-;-;4,21;-;-;-;-;-;-;-
CCMX26C007150;BRBMEFFM0DF2;AGRIBUSINESS;-;-;-;-;-;-;-;-;-;3,34;-;-;-;-;-;-;-
CCMX26C007550;BRBMEFFM0DG0;AGRIBUSINESS;-;-;-;-;-;-;-;-;-;1,49;-;-;-;-;-;-;-
CCMX26P007150;BRBMEFOV0DJ2;AGRIBUSINESS;-;-;-;-;-;-;-;-;-;1,27;-;-;-;-;-;-;-
CCMX26P007550;BRBMEFOV0DK0;AGRIBUSINESS;-;-;-;-;-;-;-;-;-;3,28;-;-;-;-;-;-;-
CCMF27C007050;BRBMEFFM0DH8;AGRIBUSINESS;-;-;-;-;-;-;-;-;-;6,71;-;-;-;-;-;-;-
CCMF27C007400;BRBMEFFM0DI6;AGRIBUSINESS;-;-;-;-;-;-;-;-;-;4,34;-;-;-;-;-;-;-
CCMF27P007050;BRBMEFOV0DL8;AGRIBUSINESS;-;-;-;-;-;-;-;-;-;0,75;-;-;-;-;-;-;-
CCMF27P007400;BRBMEFOV0DM6;AGRIBUSINESS;-;-;-;-;-;-;-;-;-;1,68;-;-;-;-;-;-;-
CCMU26C007075;BRBMEFFM0DJ4;AGRIBUSINESS;-;-;-;-;-;-;-;-;-;0,6;-;-;-;-;-;-;-
CCMU26C008075;BRBMEFFM0DK2;AGRIBUSINESS;-;-;-;-;-;-;-;-;-;0,01;-;-;-;-;-;-;-
CCMU26P007075;BRBMEFOV0DN4;AGRIBUSINESS;-;-;-;-;-;-;-;-;-;2,58;-;-;-;-;-;-;-
CCMU26P008075;BRBMEFOV0DO2;AGRIBUSINESS;-;-;-;-;-;-;-;-;-;11,83;-;-;-;-;-;-;-
CCMX26C006800;BRBMEFFM0DL0;AGRIBUSINESS;-;-;-;-;-;-;-;-;-;5,85;-;-;-;-;-;-;-
CCMX26P006800;BRBMEFOV0DP9;AGRIBUSINESS;-;-;-;-;-;-;-;-;-;0,41;-;-;-;-;-;-;-
CCMX26C007300;BRBMEFFM0DM8;AGRIBUSINESS;-;-;-;-;-;-;-;-;-;2,52;-;-;-;-;-;-;-
CCMX26P007300;BRBMEFOV0DQ7;AGRIBUSINESS;-;-;-;-;-;-;-;-;-;1,89;-;-;-;-;-;-;-
CCMU27C006700;BRBMEFFM0DR7;AGRIBUSINESS;-;-;-;-;-;-;-;-;-;7,59;-;-;-;-;-;-;-
CCMU27C007100;BRBMEFFM0DS5;AGRIBUSINESS;-;-;-;-;-;-;-;-;-;5,39;-;-;-;-;-;-;-
CCMU27C007500;BRBMEFFM0DT3;AGRIBUSINESS;-;-;-;-;-;-;-;-;-;3,72;-;-;-;-;-;-;-
CCMU27P006700;BRBMEFOV0DV7;AGRIBUSINESS;-;-;-;-;-;-;-;-;-;1,51;-;-;-;-;-;-;-
CCMU27P007100;BRBMEFOV0DW5;AGRIBUSINESS;-;-;-;-;-;-;-;-;-;2,78;-;-;-;-;-;-;-
CCMU27P007500;BRBMEFOV0DX3;AGRIBUSINESS;3,75;3,75;3,85;3,76;3,85;-18,08;-;-;-;4,57;-;-;-;-;2;160;270900
CCMU26C005700;BRBMEFFM0DU1;AGRIBUSINESS;-;-;-;-;-;-;-;-;-;11,56;-;-;-;-;-;-;-
CCMU26P005700;BRBMEFOV0DY1;AGRIBUSINESS;-;-;-;-;-;-;-;-;-;0,01;-;-;-;-;-;-;-
CCMF27C007000;BRBMEFFM0E30;AGRIBUSINESS;-;-;-;-;-;-;-;-;-;7,09;-;-;-;-;-;-;-
CCMF27P007000;BRBMEFOV0E74;AGRIBUSINESS;-;-;-;-;-;-;-;-;-;0,66;-;-;-;-;-;-;-
CCMX26C006750;BRBMEFFM0E48;AGRIBUSINESS;-;-;-;-;-;-;-;-;-;6,27;-;-;-;-;-;-;-
CCMX26P006750;BRBMEFOV0E82;AGRIBUSINESS;-;-;-;-;-;-;-;-;-;0,34;-;-;-;-;-;-;-
CCMH27C006900;BRBMEFFM0E63;AGRIBUSINESS;-;-;-;-;-;-;-;-;-;9,56;-;-;-;-;-;-;-
CCMH27C008200;BRBMEFFM0E71;AGRIBUSINESS;-;-;-;-;-;-;-;-;-;2,3;-;-;-;-;-;-;-
CCMH27P006900;BRBMEFOV0EA9;AGRIBUSINESS;-;-;-;-;-;-;-;-;-;0,55;-;-;-;-;-;-;-
CCMH27P008200;BRBMEFOV0EB7;AGRIBUSINESS;-;-;-;-;-;-;-;-;-;5,31;-;-;-;-;-;-;-
CCMX26C007350;BRBMEFFM0E55;AGRIBUSINESS;-;-;-;-;-;-;-;-;-;2,28;-;-;-;-;-;-;-
CCMX26P007350;BRBMEFOV0E90;AGRIBUSINESS;-;-;-;-;-;-;-;-;-;2,13;-;-;-;-;-;-;-
CCMX26C007425;BRBMEFFM0E89;AGRIBUSINESS;-;-;-;-;-;-;-;-;-;1,95;-;-;-;-;-;-;-
CCMX26P007425;BRBMEFOV0EC5;AGRIBUSINESS;-;-;-;-;-;-;-;-;-;2,53;-;-;-;-;-;-;-
CCMU26C005900;BRBMEFFM0E97;AGRIBUSINESS;-;-;-;-;-;-;-;-;-;9,59;-;-;-;-;-;-;-
CCMU26P005900;BRBMEFOV0ED3;AGRIBUSINESS;-;-;-;-;-;-;-;-;-;0,01;-;-;-;-;-;-;-
CCMU26C007225;BRBMEFFM0EA1;AGRIBUSINESS;-;-;-;-;-;-;-;-;-;0,32;-;-;-;-;-;-;-
CCMU26P007225;BRBMEFOV0EE1;AGRIBUSINESS;-;-;-;-;-;-;-;-;-;3,78;-;-;-;-;-;-;-
CCMU27C007200;BRBMEFFM0EB9;AGRIBUSINESS;-;-;-;-;-;-;-;-;-;4,93;-;-;-;-;-;-;-
CCMU27C008000;BRBMEFFM0EC7;AGRIBUSINESS;-;-;-;-;-;-;-;-;-;2,3;-;-;-;-;-;-;-
CCMU27P007200;BRBMEFOV0EF8;AGRIBUSINESS;-;-;-;-;-;-;-;-;-;3,18;-;-;-;-;-;-;-
CCMU27P008000;BRBMEFOV0EG6;AGRIBUSINESS;-;-;-;-;-;-;-;-;-;7,48;-;-;-;-;-;-;-
CCMU27C007250;BRBMEFFM0EE3;AGRIBUSINESS;-;-;-;-;-;-;-;-;-;4,71;-;-;-;-;-;-;-
CCMU27P007250;BRBMEFOV0EI2;AGRIBUSINESS;-;-;-;-;-;-;-;-;-;3,4;-;-;-;-;-;-;-
CCMF27C008025;BRBMEFFM0EF0;AGRIBUSINESS;-;-;-;-;-;-;-;-;-;1,7;-;-;-;-;-;-;-
CCMF27P008025;BRBMEFOV0EJ0;AGRIBUSINESS;-;-;-;-;-;-;-;-;-;4,94;-;-;-;-;-;-;-
CCMH27C009000;BRBMEFFM0EG8;AGRIBUSINESS;-;-;-;-;-;-;-;-;-;0,83;-;-;-;-;-;-;-
CCMH27P009000;BRBMEFOV0EK8;AGRIBUSINESS;-;-;-;-;-;-;-;-;-;11,25;-;-;-;-;-;-;-
CCMU26C008600;BRBMEFFM0EJ2;AGRIBUSINESS;-;-;-;-;-;-;-;-;-;0,01;-;-;-;-;-;-;-
CCMU26P008600;BRBMEFOV0EN2;AGRIBUSINESS;-;-;-;-;-;-;-;-;-;16,99;-;-;-;-;-;-;-
CCMK27C007300;BRBMEFFM0EK0;AGRIBUSINESS;-;-;-;-;-;-;-;-;-;5,84;-;-;-;-;-;-;-
CCMK27P007300;BRBMEFOV0EO0;AGRIBUSINESS;1,75;1,75;1,75;1,75;1,75;-40,67;-;-;-;2,01;-;-;-;-;1;200;157500
CCMX26C007800;BRBMEFFM0EL8;AGRIBUSINESS;-;-;-;-;-;-;-;-;-;0,85;-;-;-;-;-;-;-
CCMX26P007800;BRBMEFOV0EP7;AGRIBUSINESS;-;-;-;-;-;-;-;-;-;5,05;-;-;-;-;-;-;-
CCMH27C007800;BRBMEFFM0EM6;AGRIBUSINESS;-;-;-;-;-;-;-;-;-;3,79;-;-;-;-;-;-;-
CCMH27P007800;BRBMEFOV0EQ5;AGRIBUSINESS;-;-;-;-;-;-;-;-;-;3,1;-;-;-;-;-;-;-
CCMF27C007450;BRBMEFFM0EN4;AGRIBUSINESS;-;-;-;-;-;-;-;-;-;4,05;-;-;-;-;-;-;-
CCMF27P007450;BRBMEFOV0ER3;AGRIBUSINESS;-;-;-;-;-;-;-;-;-;1,87;-;-;-;-;-;-;-
CCMF27C007100;BRBMEFFM0EO2;AGRIBUSINESS;-;-;-;-;-;-;-;-;-;6,33;-;-;-;-;-;-;-
CCMF27C007150;BRBMEFFM0EP9;AGRIBUSINESS;-;-;-;-;-;-;-;-;-;5,97;-;-;-;-;-;-;-
CCMF27C007200;BRBMEFFM0EQ7;AGRIBUSINESS;5,45;5,45;5,45;5,45;5,45;13,54;-;-;-;5,61;-;-;-;-;2;400;981000
CCMF27C007250;BRBMEFFM0ER5;AGRIBUSINESS;-;-;-;-;-;-;-;-;-;5,27;-;-;-;-;-;-;-
CCMF27C007300;BRBMEFFM0ES3;AGRIBUSINESS;-;-;-;-;-;-;-;-;-;4,95;-;-;-;-;-;-;-
CCMF27C007950;BRBMEFFM0ET1;AGRIBUSINESS;-;-;-;-;-;-;-;-;-;1,91;-;-;-;-;-;-;-
CCMF27C008050;BRBMEFFM0EU9;AGRIBUSINESS;-;-;-;-;-;-;-;-;-;1,63;-;-;-;-;-;-;-
CCMF27C008100;BRBMEFFM0EV7;AGRIBUSINESS;-;-;-;-;-;-;-;-;-;1,51;-;-;-;-;-;-;-
CCMF27C008200;BRBMEFFM0EW5;AGRIBUSINESS;-;-;-;-;-;-;-;-;-;1,29;-;-;-;-;-;-;-
CCMF27C008250;BRBMEFFM0EX3;AGRIBUSINESS;-;-;-;-;-;-;-;-;-;1,19;-;-;-;-;-;-;-
CCMF27C008300;BRBMEFFM0EY1;AGRIBUSINESS;-;-;-;-;-;-;-;-;-;1,1;-;-;-;-;-;-;-
CCMF27C008350;BRBMEFFM0EZ8;AGRIBUSINESS;-;-;-;-;-;-;-;-;-;1,01;-;-;-;-;-;-;-
CCMF27P007100;BRBMEFOV0ES1;AGRIBUSINESS;-;-;-;-;-;-;-;-;-;0,85;-;-;-;-;-;-;-
CCMF27P007150;BRBMEFOV0ET9;AGRIBUSINESS;-;-;-;-;-;-;-;-;-;0,96;-;-;-;-;-;-;-
CCMF27P007200;BRBMEFOV0EU7;AGRIBUSINESS;-;-;-;-;-;-;-;-;-;1,08;-;-;-;-;-;-;-
CCMF27P007250;BRBMEFOV0EV5;AGRIBUSINESS;-;-;-;-;-;-;-;-;-;1,21;-;-;-;-;-;-;-
CCMF27P007300;BRBMEFOV0EW3;AGRIBUSINESS;-;-;-;-;-;-;-;-;-;1,35;-;-;-;-;-;-;-
CCMF27P007950;BRBMEFOV0EX1;AGRIBUSINESS;-;-;-;-;-;-;-;-;-;4,45;-;-;-;-;-;-;-
CCMF27P008050;BRBMEFOV0EY9;AGRIBUSINESS;-;-;-;-;-;-;-;-;-;5,11;-;-;-;-;-;-;-
CCMF27P008100;BRBMEFOV0EZ6;AGRIBUSINESS;-;-;-;-;-;-;-;-;-;5,46;-;-;-;-;-;-;-
CCMF27P008200;BRBMEFOV0F08;AGRIBUSINESS;-;-;-;-;-;-;-;-;-;6,18;-;-;-;-;-;-;-
CCMF27P008250;BRBMEFOV0F16;AGRIBUSINESS;-;-;-;-;-;-;-;-;-;6,56;-;-;-;-;-;-;-
CCMF27P008300;BRBMEFOV0F24;AGRIBUSINESS;-;-;-;-;-;-;-;-;-;6,94;-;-;-;-;-;-;-
CCMF27P008350;BRBMEFOV0F32;AGRIBUSINESS;-;-;-;-;-;-;-;-;-;7,32;-;-;-;-;-;-;-
CCMH27C008250;BRBMEFFM0F05;AGRIBUSINESS;-;-;-;-;-;-;-;-;-;2,15;-;-;-;-;-;-;-
CCMH27C008300;BRBMEFFM0F13;AGRIBUSINESS;-;-;-;-;-;-;-;-;-;2,02;-;-;-;-;-;-;-
CCMH27C008350;BRBMEFFM0F21;AGRIBUSINESS;-;-;-;-;-;-;-;-;-;1,9;-;-;-;-;-;-;-
CCMH27P008250;BRBMEFOV0F40;AGRIBUSINESS;-;-;-;-;-;-;-;-;-;5,63;-;-;-;-;-;-;-
CCMH27P008300;BRBMEFOV0F57;AGRIBUSINESS;-;-;-;-;-;-;-;-;-;5,96;-;-;-;-;-;-;-
CCMH27P008350;BRBMEFOV0F65;AGRIBUSINESS;-;-;-;-;-;-;-;-;-;6,3;-;-;-;-;-;-;-
CCMU26C006825;BRBMEFFM0F47;AGRIBUSINESS;-;-;-;-;-;-;-;-;-;1,55;-;-;-;-;-;-;-
CCMU26P006825;BRBMEFOV0F81;AGRIBUSINESS;-;-;-;-;-;-;-;-;-;1,07;-;-;-;-;-;-;-
CCMX26C007525;BRBMEFFM0F54;AGRIBUSINESS;-;-;-;-;-;-;-;-;-;1,58;-;-;-;-;-;-;-
CCMX26P007525;BRBMEFOV0F99;AGRIBUSINESS;-;-;-;-;-;-;-;-;-;3,12;-;-;-;-;-;-;-
CCMX26C007625;BRBMEFFM0F62;AGRIBUSINESS;-;-;-;-;-;-;-;-;-;1,27;-;-;-;-;-;-;-
CCMX26C007650;BRBMEFFM0F70;AGRIBUSINESS;-;-;-;-;-;-;-;-;-;1,2;-;-;-;-;-;-;-
CCMX26C007675;BRBMEFFM0F88;AGRIBUSINESS;-;-;-;-;-;-;-;-;-;1,13;-;-;-;-;-;-;-
CCMX26P007625;BRBMEFOV0FA6;AGRIBUSINESS;-;-;-;-;-;-;-;-;-;3,77;-;-;-;-;-;-;-
CCMX26P007650;BRBMEFOV0FB4;AGRIBUSINESS;-;-;-;-;-;-;-;-;-;3,94;-;-;-;-;-;-;-
CCMX26P007675;BRBMEFOV0FC2;AGRIBUSINESS;-;-;-;-;-;-;-;-;-;4,12;-;-;-;-;-;-;-
CCMX26C007325;BRBMEFFM0F96;AGRIBUSINESS;-;-;-;-;-;-;-;-;-;2,4;-;-;-;-;-;-;-
CCMX26C007375;BRBMEFFM0FA8;AGRIBUSINESS;-;-;-;-;-;-;-;-;-;2,16;-;-;-;-;-;-;-
CCMX26P007325;BRBMEFOV0FD0;AGRIBUSINESS;-;-;-;-;-;-;-;-;-;2,01;-;-;-;-;-;-;-
CCMX26P007375;BRBMEFOV0FE8;AGRIBUSINESS;-;-;-;-;-;-;-;-;-;2,26;-;-;-;-;-;-;-
CCMH27C007525;BRBMEFFM0FB6;AGRIBUSINESS;-;-;-;-;-;-;-;-;-;5,2;-;-;-;-;-;-;-
CCMH27P007525;BRBMEFOV0FF5;AGRIBUSINESS;-;-;-;-;-;-;-;-;-;1,97;-;-;-;-;-;-;-
CCMU27C006800;BRBMEFFM0FC4;AGRIBUSINESS;-;-;-;-;-;-;-;-;-;6,99;-;-;-;-;-;-;-
CCMU27P006800;BRBMEFOV0FG3;AGRIBUSINESS;-;-;-;-;-;-;-;-;-;1,78;-;-;-;-;-;-;-
CCMH27C007750;BRBMEFFM0FD2;AGRIBUSINESS;-;-;-;-;-;-;-;-;-;4,02;-;-;-;-;-;-;-
CCMH27P007750;BRBMEFOV0FH1;AGRIBUSINESS;-;-;-;-;-;-;-;-;-;2,87;-;-;-;-;-;-;-
CCMX26C007100;BRBMEFFM0FE0;AGRIBUSINESS;-;-;-;-;-;-;-;-;-;3,65;-;-;-;-;-;-;-
CCMX26P007100;BRBMEFOV0FI9;AGRIBUSINESS;-;-;-;-;-;-;-;-;-;1,1;-;-;-;-;-;-;-
CCMK27C007500;BRBMEFFM0FF7;AGRIBUSINESS;-;-;-;-;-;-;-;-;-;4,77;-;-;-;-;-;-;-
CCMK27P007500;BRBMEFOV0FJ7;AGRIBUSINESS;-;-;-;-;-;-;-;-;-;2,75;-;-;-;-;-;-;-
CCMU26C006975;BRBMEFFM0FG5;AGRIBUSINESS;-;-;-;-;-;-;-;-;-;0,89;-;-;-;-;-;-;-
CCMU26P006975;BRBMEFOV0FK5;AGRIBUSINESS;-;-;-;-;-;-;-;-;-;1,89;-;-;-;-;-;-;-
CCMX26C006600;BRBMEFFM0FH3;AGRIBUSINESS;-;-;-;-;-;-;-;-;-;7,56;-;-;-;-;-;-;-
CCMX26P006600;BRBMEFOV0FL3;AGRIBUSINESS;-;-;-;-;-;-;-;-;-;0,19;-;-;-;-;-;-;-
CCMU26C008150;BRBMEFFM0FI1;AGRIBUSINESS;-;-;-;-;-;-;-;-;-;0,01;-;-;-;-;-;-;-
CCMU26P008150;BRBMEFOV0FM1;AGRIBUSINESS;-;-;-;-;-;-;-;-;-;12,57;-;-;-;-;-;-;-
CCMF27C007275;BRBMEFFM0FK7;AGRIBUSINESS;-;-;-;-;-;-;-;-;-;5,11;-;-;-;-;-;-;-
CCMF27P007275;BRBMEFOV0FO7;AGRIBUSINESS;-;-;-;-;-;-;-;-;-;1,28;-;-;-;-;-;-;-
CCMK27C007000;BRBMEFFM0FL5;AGRIBUSINESS;-;-;-;-;-;-;-;-;-;7,73;-;-;-;-;-;-;-
CCMK27P007000;BRBMEFOV0FP4;AGRIBUSINESS;-;-;-;-;-;-;-;-;-;1,19;-;-;-;-;-;-;-
CCMU27C006750;BRBMEFFM0FM3;AGRIBUSINESS;-;-;-;-;-;-;-;-;-;7,28;-;-;-;-;-;-;-
CCMU27P006750;BRBMEFOV0FQ2;AGRIBUSINESS;-;-;-;-;-;-;-;-;-;1,63;-;-;-;-;-;-;-
CCMU26C007975;BRBMEFFM0FN1;AGRIBUSINESS;-;-;-;-;-;-;-;-;-;0,01;-;-;-;-;-;-;-
CCMU26C008250;BRBMEFFM0FO9;AGRIBUSINESS;-;-;-;-;-;-;-;-;-;0,01;-;-;-;-;-;-;-
CCMU26P007975;BRBMEFOV0FR0;AGRIBUSINESS;-;-;-;-;-;-;-;-;-;10,85;-;-;-;-;-;-;-
CCMU26P008250;BRBMEFOV0FS8;AGRIBUSINESS;-;-;-;-;-;-;-;-;-;13,55;-;-;-;-;-;-;-
CCMU26C007125;BRBMEFFM0FP6;AGRIBUSINESS;-;-;-;-;-;-;-;-;-;0,49;-;-;-;-;-;-;-
CCMU26P007125;BRBMEFOV0FT6;AGRIBUSINESS;-;-;-;-;-;-;-;-;-;2,96;-;-;-;-;-;-;-
CCMU27C008500;BRBMEFFM0FQ4;AGRIBUSINESS;-;-;-;-;-;-;-;-;-;1,44;-;-;-;-;-;-;-
CCMU27P008500;BRBMEFOV0FU4;AGRIBUSINESS;-;-;-;-;-;-;-;-;-;10,95;-;-;-;-;-;-;-
CCMU26C007175;BRBMEFFM0FR2;AGRIBUSINESS;-;-;-;-;-;-;-;-;-;0,4;-;-;-;-;-;-;-
CCMU26C007575;BRBMEFFM0FS0;AGRIBUSINESS;-;-;-;-;-;-;-;-;-;0,07;-;-;-;-;-;-;-
CCMU26C007625;BRBMEFFM0FT8;AGRIBUSINESS;-;-;-;-;-;-;-;-;-;0,05;-;-;-;-;-;-;-
CCMU26C007650;BRBMEFFM0FU6;AGRIBUSINESS;-;-;-;-;-;-;-;-;-;0,05;-;-;-;-;-;-;-
CCMU26C007675;BRBMEFFM0FV4;AGRIBUSINESS;-;-;-;-;-;-;-;-;-;0,04;-;-;-;-;-;-;-
CCMU26P007175;BRBMEFOV0FV2;AGRIBUSINESS;-;-;-;-;-;-;-;-;-;3,36;-;-;-;-;-;-;-
CCMU26P007575;BRBMEFOV0FW0;AGRIBUSINESS;-;-;-;-;-;-;-;-;-;6,97;-;-;-;-;-;-;-
CCMU26P007625;BRBMEFOV0FX8;AGRIBUSINESS;-;-;-;-;-;-;-;-;-;7,45;-;-;-;-;-;-;-
CCMU26P007650;BRBMEFOV0FY6;AGRIBUSINESS;-;-;-;-;-;-;-;-;-;7,69;-;-;-;-;-;-;-
CCMU26P007675;BRBMEFOV0FZ3;AGRIBUSINESS;-;-;-;-;-;-;-;-;-;7,93;-;-;-;-;-;-;-
CCMU26C007325;BRBMEFFM0FW2;AGRIBUSINESS;-;-;-;-;-;-;-;-;-;0,21;-;-;-;-;-;-;-
CCMU26P007325;BRBMEFOV0G07;AGRIBUSINESS;-;-;-;-;-;-;-;-;-;4,65;-;-;-;-;-;-;-
CCMX26C006950;BRBMEFFM0FX0;AGRIBUSINESS;-;-;-;-;-;-;-;-;-;4,69;-;-;-;-;-;-;-
CCMX26P006950;BRBMEFOV0G15;AGRIBUSINESS;-;-;-;-;-;-;-;-;-;0,69;-;-;-;-;-;-;-
CCMU27C006600;BRBMEFFM0FY8;AGRIBUSINESS;-;-;-;-;-;-;-;-;-;8,22;-;-;-;-;-;-;-
CCMU27C006650;BRBMEFFM0FZ5;AGRIBUSINESS;-;-;-;-;-;-;-;-;-;7,9;-;-;-;-;-;-;-
CCMU27P006600;BRBMEFOV0G23;AGRIBUSINESS;-;-;-;-;-;-;-;-;-;1,28;-;-;-;-;-;-;-
CCMU27P006650;BRBMEFOV0G31;AGRIBUSINESS;-;-;-;-;-;-;-;-;-;1,39;-;-;-;-;-;-;-
CCMF27C008500;BRBMEFFM0G20;AGRIBUSINESS;-;-;-;-;-;-;-;-;-;0,8;-;-;-;-;-;-;-
CCMF27P008500;BRBMEFOV0G64;AGRIBUSINESS;-;-;-;-;-;-;-;-;-;8,53;-;-;-;-;-;-;-
CCMK27C007050;BRBMEFFM0G04;AGRIBUSINESS;-;-;-;-;-;-;-;-;-;7,39;-;-;-;-;-;-;-
CCMK27C007250;BRBMEFFM0G12;AGRIBUSINESS;-;-;-;-;-;-;-;-;-;6,13;-;-;-;-;-;-;-
CCMK27P007050;BRBMEFOV0G49;AGRIBUSINESS;-;-;-;-;-;-;-;-;-;1,3;-;-;-;-;-;-;-
CCMK27P007250;BRBMEFOV0G56;AGRIBUSINESS;-;-;-;-;-;-;-;-;-;1,85;-;-;-;-;-;-;-
CCMF27C007850;BRBMEFFM0G53;AGRIBUSINESS;-;-;-;-;-;-;-;-;-;2,24;-;-;-;-;-;-;-
CCMF27P007850;BRBMEFOV0G98;AGRIBUSINESS;-;-;-;-;-;-;-;-;-;3,83;-;-;-;-;-;-;-
CCMX26C006850;BRBMEFFM0G46;AGRIBUSINESS;-;-;-;-;-;-;-;-;-;5,45;-;-;-;-;-;-;-
CCMX26P006850;BRBMEFOV0G80;AGRIBUSINESS;-;-;-;-;-;-;-;-;-;0,49;-;-;-;-;-;-;-
CCMX26C007725;BRBMEFFM0G61;AGRIBUSINESS;-;-;-;-;-;-;-;-;-;1,01;-;-;-;-;-;-;-
CCMX26P007725;BRBMEFOV0GA4;AGRIBUSINESS;-;-;-;-;-;-;-;-;-;4,48;-;-;-;-;-;-;-
CCMX26C006975;BRBMEFFM0G79;AGRIBUSINESS;-;-;-;-;-;-;-;-;-;4,5;-;-;-;-;-;-;-
CCMX26P006975;BRBMEFOV0GB2;AGRIBUSINESS;-;-;-;-;-;-;-;-;-;0,75;-;-;-;-;-;-;-
CCMX26C007750;BRBMEFFM0G87;AGRIBUSINESS;-;-;-;-;-;-;-;-;-;0,96;-;-;-;-;-;-;-
CCMX26P007750;BRBMEFOV0GC0;AGRIBUSINESS;-;-;-;-;-;-;-;-;-;4,67;-;-;-;-;-;-;-
CCMU27C007000;BRBMEFFM0GA6;AGRIBUSINESS;-;-;-;-;-;-;-;-;-;5,9;-;-;-;-;-;-;-
CCMU27C007800;BRBMEFFM0GB4;AGRIBUSINESS;-;-;-;-;-;-;-;-;-;2,79;-;-;-;-;-;-;-
CCMU27P007000;BRBMEFOV0GE6;AGRIBUSINESS;-;-;-;-;-;-;-;-;-;2,41;-;-;-;-;-;-;-
CCMU27P007800;BRBMEFOV0GF3;AGRIBUSINESS;-;-;-;-;-;-;-;-;-;6,24;-;-;-;-;-;-;-
CCMF27C007800;BRBMEFFM0GC2;AGRIBUSINESS;-;-;-;-;-;-;-;-;-;2,42;-;-;-;-;-;-;-
CCMF27P007800;BRBMEFOV0GG1;AGRIBUSINESS;-;-;-;-;-;-;-;-;-;3,54;-;-;-;-;-;-;-
CCMF27C007700;BRBMEFFM0GD0;AGRIBUSINESS;3,35;3,35;3,35;3,35;3,35;24,07;-;-;-;2,82;-;-;-;-;1;4;6030
CCMF27P007700;BRBMEFOV0GH9;AGRIBUSINESS;-;-;-;-;-;-;-;-;-;3;-;-;-;-;-;-;-
CCMF27C007900;BRBMEFFM0GE8;AGRIBUSINESS;-;-;-;-;-;-;-;-;-;2,07;-;-;-;-;-;-;-
CCMF27P007900;BRBMEFOV0GI7;AGRIBUSINESS;-;-;-;-;-;-;-;-;-;4,13;-;-;-;-;-;-;-
CCMH27C007900;BRBMEFFM0GF5;AGRIBUSINESS;-;-;-;-;-;-;-;-;-;3,35;-;-;-;-;-;-;-
CCMH27P007900;BRBMEFOV0GJ5;AGRIBUSINESS;-;-;-;-;-;-;-;-;-;3,59;-;-;-;-;-;-;-
CCMU27C008100;BRBMEFFM0GG3;AGRIBUSINESS;-;-;-;-;-;-;-;-;-;2,09;-;-;-;-;-;-;-
CCMU27P008100;BRBMEFOV0GK3;AGRIBUSINESS;-;-;-;-;-;-;-;-;-;8,14;-;-;-;-;-;-;-
CCMX26C007250;BRBMEFFM0GH1;AGRIBUSINESS;-;-;-;-;-;-;-;-;-;2,78;-;-;-;-;-;-;-
CCMX26P007250;BRBMEFOV0GL1;AGRIBUSINESS;-;-;-;-;-;-;-;-;-;1,67;-;-;-;-;-;-;-
CCMU27C007300;BRBMEFFM0GI9;AGRIBUSINESS;-;-;-;-;-;-;-;-;-;4,5;-;-;-;-;-;-;-
CCMU27P007300;BRBMEFOV0GM9;AGRIBUSINESS;-;-;-;-;-;-;-;-;-;3,62;-;-;-;-;-;-;-
CCMU27C008150;BRBMEFFM0GJ7;AGRIBUSINESS;-;-;-;-;-;-;-;-;-;2;-;-;-;-;-;-;-
CCMU27P008150;BRBMEFOV0GN7;AGRIBUSINESS;-;-;-;-;-;-;-;-;-;8,48;-;-;-;-;-;-;-
CCMF27C007600;BRBMEFFM0GK5;AGRIBUSINESS;-;-;-;-;-;-;-;-;-;3,27;-;-;-;-;-;-;-
CCMF27P007600;BRBMEFOV0GO5;AGRIBUSINESS;-;-;-;-;-;-;-;-;-;2,5;-;-;-;-;-;-;-
CCMX26C008350;BRBMEFFM0GL3;AGRIBUSINESS;-;-;-;-;-;-;-;-;-;0,24;-;-;-;-;-;-;-
CCMX26P008350;BRBMEFOV0GP2;AGRIBUSINESS;-;-;-;-;-;-;-;-;-;9,73;-;-;-;-;-;-;-
CCMK27C007400;BRBMEFFM0GM1;AGRIBUSINESS;-;-;-;-;-;-;-;-;-;5,28;-;-;-;-;-;-;-
CCMK27P007400;BRBMEFOV0GQ0;AGRIBUSINESS;-;-;-;-;-;-;-;-;-;2,36;-;-;-;-;-;-;-
CCMX26C007850;BRBMEFFM0GN9;AGRIBUSINESS;-;-;-;-;-;-;-;-;-;0,76;-;-;-;-;-;-;-
CCMX26P007850;BRBMEFOV0GR8;AGRIBUSINESS;-;-;-;-;-;-;-;-;-;5,44;-;-;-;-;-;-;-
CCMU26C008550;BRBMEFFM0GO7;AGRIBUSINESS;-;-;-;-;-;-;-;-;-;0,01;-;-;-;-;-;-;-
CCMU26P008550;BRBMEFOV0GS6;AGRIBUSINESS;-;-;-;-;-;-;-;-;-;16,5;-;-;-;-;-;-;-
CCMH27C007575;BRBMEFFM0GP4;AGRIBUSINESS;-;-;-;-;-;-;-;-;-;4,92;-;-;-;-;-;-;-
CCMH27P007575;BRBMEFOV0GT4;AGRIBUSINESS;-;-;-;-;-;-;-;-;-;2,15;-;-;-;-;-;-;-
CCMU27C010000;BRBMEFFM0GQ2;AGRIBUSINESS;-;-;-;-;-;-;-;-;-;0,39;-;-;-;-;-;-;-
CCMU27P010000;BRBMEFOV0GU2;AGRIBUSINESS;-;-;-;-;-;-;-;-;-;22,89;-;-;-;-;-;-;-
CCMX26C007050;BRBMEFFM0GS8;AGRIBUSINESS;-;-;-;-;-;-;-;-;-;3,98;-;-;-;-;-;-;-
CCMX26P007050;BRBMEFOV0GW8;AGRIBUSINESS;-;-;-;-;-;-;-;-;-;0,95;-;-;-;-;-;-;-
CCMH27C008600;BRBMEFFM0GT6;AGRIBUSINESS;-;-;-;-;-;-;-;-;-;1,38;-;-;-;-;-;-;-
CCMH27P008600;BRBMEFOV0GX6;AGRIBUSINESS;-;-;-;-;-;-;-;-;-;8,09;-;-;-;-;-;-;-
CCMF27C007350;BRBMEFFM0GW0;AGRIBUSINESS;-;-;-;-;-;-;-;-;-;4,64;-;-;-;-;-;-;-
CCMF27P007350;BRBMEFOV0H06;AGRIBUSINESS;0,9;0,9;0,9;0,9;0,9;-75;-;-;-;1,51;-;-;-;-;1;35;14175
CCMU27C007400;BRBMEFFM0GX8;AGRIBUSINESS;-;-;-;-;-;-;-;-;-;4,1;-;-;-;-;-;-;-
CCMU27P007400;BRBMEFOV0H14;AGRIBUSINESS;-;-;-;-;-;-;-;-;-;4,08;-;-;-;-;-;-;-
CCMX26C007225;BRBMEFFM0GY6;AGRIBUSINESS;-;-;-;-;-;-;-;-;-;2,91;-;-;-;-;-;-;-
CCMX26P007225;BRBMEFOV0H22;AGRIBUSINESS;-;-;-;-;-;-;-;-;-;1,56;-;-;-;-;-;-;-
CCMK27C006550;BRBMEFFM0GZ3;AGRIBUSINESS;-;-;-;-;-;-;-;-;-;11,1;-;-;-;-;-;-;-
CCMK27C007350;BRBMEFFM0H03;AGRIBUSINESS;-;-;-;-;-;-;-;-;-;5,55;-;-;-;-;-;-;-
CCMK27P006550;BRBMEFOV0H30;AGRIBUSINESS;-;-;-;-;-;-;-;-;-;0,49;-;-;-;-;-;-;-
CCMK27P007350;BRBMEFOV0H48;AGRIBUSINESS;-;-;-;-;-;-;-;-;-;2,18;-;-;-;-;-;-;-
CCMF27C006950;BRBMEFFM0H11;AGRIBUSINESS;-;-;-;-;-;-;-;-;-;7,48;-;-;-;-;-;-;-
CCMF27C007825;BRBMEFFM0H29;AGRIBUSINESS;-;-;-;-;-;-;-;-;-;2,33;-;-;-;-;-;-;-
CCMF27P006950;BRBMEFOV0H55;AGRIBUSINESS;-;-;-;-;-;-;-;-;-;0,58;-;-;-;-;-;-;-
CCMF27P007825;BRBMEFOV0H63;AGRIBUSINESS;-;-;-;-;-;-;-;-;-;3,68;-;-;-;-;-;-;-
CCMF27C007925;BRBMEFFM0H37;AGRIBUSINESS;-;-;-;-;-;-;-;-;-;1,99;-;-;-;-;-;-;-
CCMF27P007925;BRBMEFOV0H71;AGRIBUSINESS;-;-;-;-;-;-;-;-;-;4,29;-;-;-;-;-;-;-
CCMU27C006500;BRBMEFFM0H45;AGRIBUSINESS;-;-;-;-;-;-;-;-;-;8,88;-;-;-;-;-;-;-
CCMU27P006500;BRBMEFOV0H89;AGRIBUSINESS;-;-;-;-;-;-;-;-;-;1,07;-;-;-;-;-;-;-
CCMU27C007150;BRBMEFFM0H52;AGRIBUSINESS;-;-;-;-;-;-;-;-;-;5,16;-;-;-;-;-;-;-
CCMU27P007150;BRBMEFOV0H97;AGRIBUSINESS;-;-;-;-;-;-;-;-;-;2,98;-;-;-;-;-;-;-
CCMH27C007950;BRBMEFFM0H60;AGRIBUSINESS;-;-;-;-;-;-;-;-;-;3,15;-;-;-;-;-;-;-
CCMH27C008000;BRBMEFFM0H78;AGRIBUSINESS;-;-;-;-;-;-;-;-;-;2,96;-;-;-;-;-;-;-
CCMH27P007950;BRBMEFOV0HA2;AGRIBUSINESS;-;-;-;-;-;-;-;-;-;3,85;-;-;-;-;-;-;-
CCMH27P008000;BRBMEFOV0HB0;AGRIBUSINESS;-;-;-;-;-;-;-;-;-;4,13;-;-;-;-;-;-;-
CCMK27C006850;BRBMEFFM0H86;AGRIBUSINESS;-;-;-;-;-;-;-;-;-;8,8;-;-;-;-;-;-;-
CCMK27C008000;BRBMEFFM0H94;AGRIBUSINESS;-;-;-;-;-;-;-;-;-;2,77;-;-;-;-;-;-;-
CCMK27C008025;BRBMEFFM0HA4;AGRIBUSINESS;-;-;-;-;-;-;-;-;-;2,69;-;-;-;-;-;-;-
CCMK27C008050;BRBMEFFM0HB2;AGRIBUSINESS;-;-;-;-;-;-;-;-;-;2,62;-;-;-;-;-;-;-
CCMK27P006850;BRBMEFOV0HC8;AGRIBUSINESS;-;-;-;-;-;-;-;-;-;0,9;-;-;-;-;-;-;-
CCMK27P008000;BRBMEFOV0HD6;AGRIBUSINESS;-;-;-;-;-;-;-;-;-;5,27;-;-;-;-;-;-;-
CCMK27P008025;BRBMEFOV0HE4;AGRIBUSINESS;-;-;-;-;-;-;-;-;-;5,42;-;-;-;-;-;-;-
CCMK27P008050;BRBMEFOV0HF1;AGRIBUSINESS;-;-;-;-;-;-;-;-;-;5,57;-;-;-;-;-;-;-
CCMK27C006800;BRBMEFFM0HC0;AGRIBUSINESS;-;-;-;-;-;-;-;-;-;9,17;-;-;-;-;-;-;-
CCMK27C007100;BRBMEFFM0HD8;AGRIBUSINESS;-;-;-;-;-;-;-;-;-;7,06;-;-;-;-;-;-;-
CCMK27P006800;BRBMEFOV0HG9;AGRIBUSINESS;-;-;-;-;-;-;-;-;-;0,82;-;-;-;-;-;-;-
CCMK27P007100;BRBMEFOV0HH7;AGRIBUSINESS;-;-;-;-;-;-;-;-;-;1,42;-;-;-;-;-;-;-
CCMK27C008100;BRBMEFFM0HE6;AGRIBUSINESS;-;-;-;-;-;-;-;-;-;2,47;-;-;-;-;-;-;-
CCMK27P008100;BRBMEFOV0HI5;AGRIBUSINESS;-;-;-;-;-;-;-;-;-;5,88;-;-;-;-;-;-;-
CCMN27C006500;BRBMEFFM0HF3;AGRIBUSINESS;-;-;-;-;-;-;-;-;-;8,89;-;-;-;-;-;-;-
CCMN27C007150;BRBMEFFM0HG1;AGRIBUSINESS;-;-;-;-;-;-;-;-;-;4,97;-;-;-;-;-;-;-
CCMN27C007600;BRBMEFFM0HH9;AGRIBUSINESS;-;-;-;-;-;-;-;-;-;3,14;-;-;-;-;-;-;-
CCMN27P006500;BRBMEFOV0HJ3;AGRIBUSINESS;-;-;-;-;-;-;-;-;-;0,89;-;-;-;-;-;-;-
CCMN27P007150;BRBMEFOV0HK1;AGRIBUSINESS;-;-;-;-;-;-;-;-;-;2,72;-;-;-;-;-;-;-
CCMN27P007600;BRBMEFOV0HL9;AGRIBUSINESS;-;-;-;-;-;-;-;-;-;4,87;-;-;-;-;-;-;-
CCMK27C006500;BRBMEFFM0HI7;AGRIBUSINESS;-;-;-;-;-;-;-;-;-;11,51;-;-;-;-;-;-;-
CCMK27P006500;BRBMEFOV0HM7;AGRIBUSINESS;-;-;-;-;-;-;-;-;-;0,44;-;-;-;-;-;-;-
CCMK27C007525;BRBMEFFM0HJ5;AGRIBUSINESS;-;-;-;-;-;-;-;-;-;4,64;-;-;-;-;-;-;-
CCMK27P007525;BRBMEFOV0HN5;AGRIBUSINESS;-;-;-;-;-;-;-;-;-;2,85;-;-;-;-;-;-;-
CCMF27C007650;BRBMEFFM0HK3;AGRIBUSINESS;-;-;-;-;-;-;-;-;-;3,04;-;-;-;-;-;-;-
CCMF27P007650;BRBMEFOV0HO3;AGRIBUSINESS;3,19;3,19;3,19;3,19;3,19;-;-;-;-;2,74;-;-;-;-;1;35;50242,5
CCMN27C006450;BRBMEFFM0HL1;AGRIBUSINESS;-;-;-;-;-;-;-;-;-;9,25;-;-;-;-;-;-;-
CCMN27C007100;BRBMEFFM0HM9;AGRIBUSINESS;-;-;-;-;-;-;-;-;-;5,22;-;-;-;-;-;-;-
CCMN27C007500;BRBMEFFM0HN7;AGRIBUSINESS;-;-;-;-;-;-;-;-;-;3,48;-;-;-;-;-;-;-
CCMN27P006450;BRBMEFOV0HP0;AGRIBUSINESS;-;-;-;-;-;-;-;-;-;0,8;-;-;-;-;-;-;-
CCMN27P007100;BRBMEFOV0HQ8;AGRIBUSINESS;-;-;-;-;-;-;-;-;-;2,53;-;-;-;-;-;-;-
CCMN27P007500;BRBMEFOV0HR6;AGRIBUSINESS;-;-;-;-;-;-;-;-;-;4,33;-;-;-;-;-;-;-
CCMF27C006900;BRBMEFFM0HO5;AGRIBUSINESS;-;-;-;-;-;-;-;-;-;7,88;-;-;-;-;-;-;-
CCMF27P006900;BRBMEFOV0HS4;AGRIBUSINESS;-;-;-;-;-;-;-;-;-;0,51;-;-;-;-;-;-;-
CCMH27C008050;BRBMEFFM0HP2;AGRIBUSINESS;-;-;-;-;-;-;-;-;-;2,78;-;-;-;-;-;-;-
CCMH27P008050;BRBMEFOV0HT2;AGRIBUSINESS;-;-;-;-;-;-;-;-;-;4,41;-;-;-;-;-;-;-
CCMX26C006725;BRBMEFFM0HQ0;AGRIBUSINESS;-;-;-;-;-;-;-;-;-;6,48;-;-;-;-;-;-;-
CCMX26P006725;BRBMEFOV0HU0;AGRIBUSINESS;-;-;-;-;-;-;-;-;-;0,31;-;-;-;-;-;-;-
CCMU27C007700;BRBMEFFM0IM7;AGRIBUSINESS;-;-;-;-;-;-;-;-;-;3,08;-;-;-;-;-;-;-
CCMU27P007700;BRBMEFOV0IQ6;AGRIBUSINESS;-;-;-;-;-;-;-;-;-;5,66;-;-;-;-;-;-;-
CCMX27C006500;BRBMEFFM0HR8;AGRIBUSINESS;-;-;-;-;-;-;-;-;-;10,83;-;-;-;-;-;-;-
CCMX27C006550;BRBMEFFM0HS6;AGRIBUSINESS;-;-;-;-;-;-;-;-;-;10,48;-;-;-;-;-;-;-
CCMX27C006600;BRBMEFFM0HT4;AGRIBUSINESS;-;-;-;-;-;-;-;-;-;10,14;-;-;-;-;-;-;-
CCMX27C006650;BRBMEFFM0HU2;AGRIBUSINESS;-;-;-;-;-;-;-;-;-;9,81;-;-;-;-;-;-;-
CCMX27C006700;BRBMEFFM0HV0;AGRIBUSINESS;-;-;-;-;-;-;-;-;-;9,48;-;-;-;-;-;-;-
CCMX27C006750;BRBMEFFM0HW8;AGRIBUSINESS;-;-;-;-;-;-;-;-;-;9,15;-;-;-;-;-;-;-
CCMX27C006800;BRBMEFFM0HX6;AGRIBUSINESS;-;-;-;-;-;-;-;-;-;8,84;-;-;-;-;-;-;-
CCMX27C006850;BRBMEFFM0HY4;AGRIBUSINESS;-;-;-;-;-;-;-;-;-;8,52;-;-;-;-;-;-;-
CCMX27C006900;BRBMEFFM0HZ1;AGRIBUSINESS;-;-;-;-;-;-;-;-;-;8,22;-;-;-;-;-;-;-
CCMX27C006950;BRBMEFFM0I02;AGRIBUSINESS;-;-;-;-;-;-;-;-;-;7,92;-;-;-;-;-;-;-
CCMX27C007000;BRBMEFFM0I10;AGRIBUSINESS;-;-;-;-;-;-;-;-;-;7,63;-;-;-;-;-;-;-
CCMX27C007050;BRBMEFFM0I28;AGRIBUSINESS;-;-;-;-;-;-;-;-;-;7,35;-;-;-;-;-;-;-
CCMX27C007100;BRBMEFFM0I36;AGRIBUSINESS;-;-;-;-;-;-;-;-;-;7,08;-;-;-;-;-;-;-
CCMX27C007150;BRBMEFFM0I44;AGRIBUSINESS;-;-;-;-;-;-;-;-;-;6,82;-;-;-;-;-;-;-
CCMX27C007200;BRBMEFFM0I51;AGRIBUSINESS;-;-;-;-;-;-;-;-;-;6,56;-;-;-;-;-;-;-
CCMX27C007250;BRBMEFFM0I69;AGRIBUSINESS;-;-;-;-;-;-;-;-;-;6,31;-;-;-;-;-;-;-
CCMX27C007300;BRBMEFFM0I77;AGRIBUSINESS;-;-;-;-;-;-;-;-;-;6,06;-;-;-;-;-;-;-
CCMX27C007350;BRBMEFFM0I85;AGRIBUSINESS;-;-;-;-;-;-;-;-;-;5,83;-;-;-;-;-;-;-
CCMX27C007400;BRBMEFFM0I93;AGRIBUSINESS;-;-;-;-;-;-;-;-;-;5,6;-;-;-;-;-;-;-
CCMX27C007450;BRBMEFFM0IA2;AGRIBUSINESS;-;-;-;-;-;-;-;-;-;5,38;-;-;-;-;-;-;-
CCMX27C007500;BRBMEFFM0IB0;AGRIBUSINESS;-;-;-;-;-;-;-;-;-;5,16;-;-;-;-;-;-;-
CCMX27C007550;BRBMEFFM0IC8;AGRIBUSINESS;-;-;-;-;-;-;-;-;-;4,96;-;-;-;-;-;-;-
CCMX27C007600;BRBMEFFM0ID6;AGRIBUSINESS;-;-;-;-;-;-;-;-;-;4,76;-;-;-;-;-;-;-
CCMX27C007650;BRBMEFFM0IE4;AGRIBUSINESS;-;-;-;-;-;-;-;-;-;4,56;-;-;-;-;-;-;-
CCMX27C007700;BRBMEFFM0IF1;AGRIBUSINESS;-;-;-;-;-;-;-;-;-;4,37;-;-;-;-;-;-;-
CCMX27C007750;BRBMEFFM0IG9;AGRIBUSINESS;-;-;-;-;-;-;-;-;-;4,19;-;-;-;-;-;-;-
CCMX27C007800;BRBMEFFM0IH7;AGRIBUSINESS;-;-;-;-;-;-;-;-;-;4,02;-;-;-;-;-;-;-
CCMX27C007850;BRBMEFFM0II5;AGRIBUSINESS;-;-;-;-;-;-;-;-;-;3,86;-;-;-;-;-;-;-
CCMX27C007900;BRBMEFFM0IJ3;AGRIBUSINESS;-;-;-;-;-;-;-;-;-;3,7;-;-;-;-;-;-;-
CCMX27C007950;BRBMEFFM0IK1;AGRIBUSINESS;-;-;-;-;-;-;-;-;-;3,54;-;-;-;-;-;-;-
CCMX27C008000;BRBMEFFM0IL9;AGRIBUSINESS;-;-;-;-;-;-;-;-;-;3,4;-;-;-;-;-;-;-
CCMX27P006500;BRBMEFOV0HV8;AGRIBUSINESS;-;-;-;-;-;-;-;-;-;0,8;-;-;-;-;-;-;-
CCMX27P006550;BRBMEFOV0HW6;AGRIBUSINESS;-;-;-;-;-;-;-;-;-;0,88;-;-;-;-;-;-;-
CCMX27P006600;BRBMEFOV0HX4;AGRIBUSINESS;-;-;-;-;-;-;-;-;-;0,96;-;-;-;-;-;-;-
CCMX27P006650;BRBMEFOV0HY2;AGRIBUSINESS;-;-;-;-;-;-;-;-;-;1,05;-;-;-;-;-;-;-
CCMX27P006700;BRBMEFOV0HZ9;AGRIBUSINESS;-;-;-;-;-;-;-;-;-;1,15;-;-;-;-;-;-;-
CCMX27P006750;BRBMEFOV0I05;AGRIBUSINESS;-;-;-;-;-;-;-;-;-;1,25;-;-;-;-;-;-;-
CCMX27P006800;BRBMEFOV0I13;AGRIBUSINESS;-;-;-;-;-;-;-;-;-;1,35;-;-;-;-;-;-;-
CCMX27P006850;BRBMEFOV0I21;AGRIBUSINESS;-;-;-;-;-;-;-;-;-;1,47;-;-;-;-;-;-;-
CCMX27P006900;BRBMEFOV0I39;AGRIBUSINESS;-;-;-;-;-;-;-;-;-;1,59;-;-;-;-;-;-;-
CCMX27P006950;BRBMEFOV0I47;AGRIBUSINESS;-;-;-;-;-;-;-;-;-;1,71;-;-;-;-;-;-;-
CCMX27P007000;BRBMEFOV0I54;AGRIBUSINESS;-;-;-;-;-;-;-;-;-;1,85;-;-;-;-;-;-;-
CCMX27P007050;BRBMEFOV0I62;AGRIBUSINESS;-;-;-;-;-;-;-;-;-;1,99;-;-;-;-;-;-;-
CCMX27P007100;BRBMEFOV0I70;AGRIBUSINESS;-;-;-;-;-;-;-;-;-;2,14;-;-;-;-;-;-;-
CCMX27P007150;BRBMEFOV0I88;AGRIBUSINESS;-;-;-;-;-;-;-;-;-;2,3;-;-;-;-;-;-;-
CCMX27P007200;BRBMEFOV0I96;AGRIBUSINESS;-;-;-;-;-;-;-;-;-;2,47;-;-;-;-;-;-;-
CCMX27P007250;BRBMEFOV0IA0;AGRIBUSINESS;-;-;-;-;-;-;-;-;-;2,64;-;-;-;-;-;-;-
CCMX27P007300;BRBMEFOV0IB8;AGRIBUSINESS;-;-;-;-;-;-;-;-;-;2,82;-;-;-;-;-;-;-
CCMX27P007350;BRBMEFOV0IC6;AGRIBUSINESS;-;-;-;-;-;-;-;-;-;3,01;-;-;-;-;-;-;-
CCMX27P007400;BRBMEFOV0ID4;AGRIBUSINESS;-;-;-;-;-;-;-;-;-;3,21;-;-;-;-;-;-;-
CCMX27P007450;BRBMEFOV0IE2;AGRIBUSINESS;-;-;-;-;-;-;-;-;-;3,41;-;-;-;-;-;-;-
CCMX27P007500;BRBMEFOV0IF9;AGRIBUSINESS;-;-;-;-;-;-;-;-;-;3,62;-;-;-;-;-;-;-
CCMX27P007550;BRBMEFOV0IG7;AGRIBUSINESS;-;-;-;-;-;-;-;-;-;3,84;-;-;-;-;-;-;-
CCMX27P007600;BRBMEFOV0IH5;AGRIBUSINESS;-;-;-;-;-;-;-;-;-;4,06;-;-;-;-;-;-;-
CCMX27P007650;BRBMEFOV0II3;AGRIBUSINESS;-;-;-;-;-;-;-;-;-;4,29;-;-;-;-;-;-;-
CCMX27P007700;BRBMEFOV0IJ1;AGRIBUSINESS;-;-;-;-;-;-;-;-;-;4,53;-;-;-;-;-;-;-
CCMX27P007750;BRBMEFOV0IK9;AGRIBUSINESS;-;-;-;-;-;-;-;-;-;4,77;-;-;-;-;-;-;-
CCMX27P007800;BRBMEFOV0IL7;AGRIBUSINESS;-;-;-;-;-;-;-;-;-;5,02;-;-;-;-;-;-;-
CCMX27P007850;BRBMEFOV0IM5;AGRIBUSINESS;-;-;-;-;-;-;-;-;-;5,28;-;-;-;-;-;-;-
CCMX27P007900;BRBMEFOV0IN3;AGRIBUSINESS;-;-;-;-;-;-;-;-;-;5,55;-;-;-;-;-;-;-
CCMX27P007950;BRBMEFOV0IO1;AGRIBUSINESS;-;-;-;-;-;-;-;-;-;5,82;-;-;-;-;-;-;-
CCMX27P008000;BRBMEFOV0IP8;AGRIBUSINESS;-;-;-;-;-;-;-;-;-;6,09;-;-;-;-;-;-;-
CCMF27C008075;BRBMEFFM0IN5;AGRIBUSINESS;-;-;-;-;-;-;-;-;-;1,57;-;-;-;-;-;-;-
CCMF27P008075;BRBMEFOV0IR4;AGRIBUSINESS;-;-;-;-;-;-;-;-;-;5,28;-;-;-;-;-;-;-
CCMF27C007325;BRBMEFFM0IO3;AGRIBUSINESS;-;-;-;-;-;-;-;-;-;4,79;-;-;-;-;-;-;-
CCMF27C007375;BRBMEFFM0IP0;AGRIBUSINESS;-;-;-;-;-;-;-;-;-;4,48;-;-;-;-;-;-;-
CCMF27C008125;BRBMEFFM0IQ8;AGRIBUSINESS;-;-;-;-;-;-;-;-;-;1,45;-;-;-;-;-;-;-
CCMF27P007325;BRBMEFOV0IS2;AGRIBUSINESS;-;-;-;-;-;-;-;-;-;1,43;-;-;-;-;-;-;-
CCMF27P007375;BRBMEFOV0IT0;AGRIBUSINESS;-;-;-;-;-;-;-;-;-;1,6;-;-;-;-;-;-;-
CCMF27P008125;BRBMEFOV0IU8;AGRIBUSINESS;-;-;-;-;-;-;-;-;-;5,64;-;-;-;-;-;-;-
CCMF27C008400;BRBMEFFM0IR6;AGRIBUSINESS;-;-;-;-;-;-;-;-;-;0,93;-;-;-;-;-;-;-
CCMF27P008400;BRBMEFOV0IV6;AGRIBUSINESS;-;-;-;-;-;-;-;-;-;7,72;-;-;-;-;-;-;-
CCMH27C008550;BRBMEFFM0IS4;AGRIBUSINESS;-;-;-;-;-;-;-;-;-;1,47;-;-;-;-;-;-;-
CCMH27P008550;BRBMEFOV0IW4;AGRIBUSINESS;-;-;-;-;-;-;-;-;-;7,72;-;-;-;-;-;-;-
CCMF27C007425;BRBMEFFM0IT2;AGRIBUSINESS;-;-;-;-;-;-;-;-;-;4,19;-;-;-;-;-;-;-
CCMF27C008175;BRBMEFFM0IU0;AGRIBUSINESS;-;-;-;-;-;-;-;-;-;1,34;-;-;-;-;-;-;-
CCMF27P007425;BRBMEFOV0IX2;AGRIBUSINESS;-;-;-;-;-;-;-;-;-;1,77;-;-;-;-;-;-;-
CCMF27P008175;BRBMEFOV0IY0;AGRIBUSINESS;-;-;-;-;-;-;-;-;-;6;-;-;-;-;-;-;-
CCMX26C007175;BRBMEFFM0IV8;AGRIBUSINESS;-;-;-;-;-;-;-;-;-;3,2;-;-;-;-;-;-;-
CCMX26P007175;BRBMEFOV0IZ7;AGRIBUSINESS;-;-;-;-;-;-;-;-;-;1,37;-;-;-;-;-;-;-
CCMK27C007550;BRBMEFFM0IW6;AGRIBUSINESS;-;-;-;-;-;-;-;-;-;4,52;-;-;-;-;-;-;-
CCMK27P007550;BRBMEFOV0J04;AGRIBUSINESS;-;-;-;-;-;-;-;-;-;2,96;-;-;-;-;-;-;-
CCMX26C007125;BRBMEFFM0IX4;AGRIBUSINESS;-;-;-;-;-;-;-;-;-;3,5;-;-;-;-;-;-;-
CCMX26P007125;BRBMEFOV0J12;AGRIBUSINESS;-;-;-;-;-;-;-;-;-;1,19;-;-;-;-;-;-;-
CCMH27C008500;BRBMEFFM0IY2;AGRIBUSINESS;-;-;-;-;-;-;-;-;-;1,57;-;-;-;-;-;-;-
CCMH27C009500;BRBMEFFM0IZ9;AGRIBUSINESS;-;-;-;-;-;-;-;-;-;0,45;-;-;-;-;-;-;-
CCMH27C010000;BRBMEFFM0J01;AGRIBUSINESS;-;-;-;-;-;-;-;-;-;0,25;-;-;-;-;-;-;-
CCMH27C011500;BRBMEFFM0J19;AGRIBUSINESS;-;-;-;-;-;-;-;-;-;0,02;-;-;-;-;-;-;-
CCMH27P008500;BRBMEFOV0J20;AGRIBUSINESS;-;-;-;-;-;-;-;-;-;7,36;-;-;-;-;-;-;-
CCMH27P009500;BRBMEFOV0J38;AGRIBUSINESS;-;-;-;-;-;-;-;-;-;15,49;-;-;-;-;-;-;-
CCMH27P010000;BRBMEFOV0J46;AGRIBUSINESS;-;-;-;-;-;-;-;-;-;19,92;-;-;-;-;-;-;-
CCMH27P011500;BRBMEFOV0J53;AGRIBUSINESS;-;-;-;-;-;-;-;-;-;33,56;-;-;-;-;-;-;-
CCMU27C007075;BRBMEFFM0J27;AGRIBUSINESS;-;-;-;-;-;-;-;-;-;5,52;-;-;-;-;-;-;-
CCMU27C007600;BRBMEFFM0J35;AGRIBUSINESS;-;-;-;-;-;-;-;-;-;3,39;-;-;-;-;-;-;-
CCMU27P007075;BRBMEFOV0J61;AGRIBUSINESS;-;-;-;-;-;-;-;-;-;2,68;-;-;-;-;-;-;-
CCMU27P007600;BRBMEFOV0J79;AGRIBUSINESS;-;-;-;-;-;-;-;-;-;5,1;-;-;-;-;-;-;-
CCMH27C010500;BRBMEFFM0J43;AGRIBUSINESS;-;-;-;-;-;-;-;-;-;0,12;-;-;-;-;-;-;-
CCMH27P010500;BRBMEFOV0J87;AGRIBUSINESS;-;-;-;-;-;-;-;-;-;24,41;-;-;-;-;-;-;-
CCMN27C007000;BRBMEFFM0J50;AGRIBUSINESS;-;-;-;-;-;-;-;-;-;5,74;-;-;-;-;-;-;-
CCMN27P007000;BRBMEFOV0J95;AGRIBUSINESS;-;-;-;-;-;-;-;-;-;2,16;-;-;-;-;-;-;-
CCMH27C008700;BRBMEFFM0J68;AGRIBUSINESS;-;-;-;-;-;-;-;-;-;1,21;-;-;-;-;-;-;-
CCMH27C009400;BRBMEFFM0J76;AGRIBUSINESS;-;-;-;-;-;-;-;-;-;0,51;-;-;-;-;-;-;-
CCMH27P008700;BRBMEFOV0JA8;AGRIBUSINESS;-;-;-;-;-;-;-;-;-;8,85;-;-;-;-;-;-;-
CCMH27P009400;BRBMEFOV0JB6;AGRIBUSINESS;-;-;-;-;-;-;-;-;-;14,63;-;-;-;-;-;-;-
CCMK27C006600;BRBMEFFM0J84;AGRIBUSINESS;-;-;-;-;-;-;-;-;-;10,7;-;-;-;-;-;-;-
CCMK27P006600;BRBMEFOV0JC4;AGRIBUSINESS;-;-;-;-;-;-;-;-;-;0,54;-;-;-;-;-;-;-
CCMF27C007750;BRBMEFFM0J92;AGRIBUSINESS;-;-;-;-;-;-;-;-;-;2,61;-;-;-;-;-;-;-
CCMF27P007750;BRBMEFOV0JD2;AGRIBUSINESS;-;-;-;-;-;-;-;-;-;3,26;-;-;-;-;-;-;-
CCMN27C007450;BRBMEFFM0JA0;AGRIBUSINESS;-;-;-;-;-;-;-;-;-;3,67;-;-;-;-;-;-;-
CCMN27P007450;BRBMEFOV0JE0;AGRIBUSINESS;-;-;-;-;-;-;-;-;-;4,08;-;-;-;-;-;-;-
CCMF27C008800;BRBMEFFM0JC6;AGRIBUSINESS;-;-;-;-;-;-;-;-;-;0,5;-;-;-;-;-;-;-
CCMF27P008800;BRBMEFOV0JG5;AGRIBUSINESS;-;-;-;-;-;-;-;-;-;11,06;-;-;-;-;-;-;-
CCMU27C008050;BRBMEFFM0JD4;AGRIBUSINESS;-;-;-;-;-;-;-;-;-;2,2;-;-;-;-;-;-;-
CCMU27P008050;BRBMEFOV0JH3;AGRIBUSINESS;-;-;-;-;-;-;-;-;-;7,81;-;-;-;-;-;-;-
CCMX26C007475;BRBMEFFM0JB8;AGRIBUSINESS;-;-;-;-;-;-;-;-;-;1,76;-;-;-;-;-;-;-
CCMX26P007475;BRBMEFOV0JF7;AGRIBUSINESS;-;-;-;-;-;-;-;-;-;2,82;-;-;-;-;-;-;-
CCMU27C006900;BRBMEFFM0JE2;AGRIBUSINESS;-;-;-;-;-;-;-;-;-;6,43;-;-;-;-;-;-;-
CCMU27C006950;BRBMEFFM0JF9;AGRIBUSINESS;-;-;-;-;-;-;-;-;-;6,16;-;-;-;-;-;-;-
CCMU27C007350;BRBMEFFM0JG7;AGRIBUSINESS;-;-;-;-;-;-;-;-;-;4,3;-;-;-;-;-;-;-
CCMU27C007550;BRBMEFFM0JH5;AGRIBUSINESS;-;-;-;-;-;-;-;-;-;3,55;-;-;-;-;-;-;-
CCMU27P006900;BRBMEFOV0JI1;AGRIBUSINESS;-;-;-;-;-;-;-;-;-;2,08;-;-;-;-;-;-;-
CCMU27P006950;BRBMEFOV0JJ9;AGRIBUSINESS;-;-;-;-;-;-;-;-;-;2,24;-;-;-;-;-;-;-
CCMU27P007350;BRBMEFOV0JK7;AGRIBUSINESS;-;-;-;-;-;-;-;-;-;3,84;-;-;-;-;-;-;-
CCMU27P007550;BRBMEFOV0JL5;AGRIBUSINESS;-;-;-;-;-;-;-;-;-;4,83;-;-;-;-;-;-;-
CCMX26C008325;BRBMEFFM0JI3;AGRIBUSINESS;-;-;-;-;-;-;-;-;-;0,25;-;-;-;-;-;-;-
CCMX26P008325;BRBMEFOV0JM3;AGRIBUSINESS;-;-;-;-;-;-;-;-;-;9,5;-;-;-;-;-;-;-
CCMK27C007800;BRBMEFFM0JJ1;AGRIBUSINESS;4;4;4;4;4;-;-;-;-;3,45;-;-;-;-;1;350;630000
CCMK27P007800;BRBMEFOV0JN1;AGRIBUSINESS;-;-;-;-;-;-;-;-;-;4,15;-;-;-;-;-;-;-
SJCX26C002225;BRBMEFFJMGV3;AGRIBUSINESS;-;-;-;-;-;-;-;-;-;3,92;-;-;-;-;-;-;-
SJCX26P002225;BRBMEFSJ1GV0;AGRIBUSINESS;-;-;-;-;-;-;-;-;-;0,01;-;-;-;-;-;-;-
SJCX26C002175;BRBMEFFJMGY7;AGRIBUSINESS;-;-;-;-;-;-;-;-;-;4,41;-;-;-;-;-;-;-
SJCX26P002175;BRBMEFSJ1GY4;AGRIBUSINESS;-;-;-;-;-;-;-;-;-;0,01;-;-;-;-;-;-;-
SJCU26C001800;BRBMEFFJMI26;AGRIBUSINESS;-;-;-;-;-;-;-;-;-;7,82;-;-;-;-;-;-;-
SJCU26C002500;BRBMEFFJMI34;AGRIBUSINESS;-;-;-;-;-;-;-;-;-;0,95;-;-;-;-;-;-;-
SJCU26P001800;BRBMEFSJ1I26;AGRIBUSINESS;-;-;-;-;-;-;-;-;-;0,01;-;-;-;-;-;-;-
SJCU26P002500;BRBMEFSJ1I34;AGRIBUSINESS;-;-;-;-;-;-;-;-;-;0,08;-;-;-;-;-;-;-
SJCU26C002450;BRBMEFFJMJ66;AGRIBUSINESS;-;-;-;-;-;-;-;-;-;1,39;-;-;-;-;-;-;-
SJCU26P002450;BRBMEFSJ1J66;AGRIBUSINESS;-;-;-;-;-;-;-;-;-;0,03;-;-;-;-;-;-;-
SJCX26C002200;BRBMEFFJMJ74;AGRIBUSINESS;-;-;-;-;-;-;-;-;-;4,16;-;-;-;-;-;-;-
SJCX26C002250;BRBMEFFJMJ82;AGRIBUSINESS;-;-;-;-;-;-;-;-;-;3,69;-;-;-;-;-;-;-
SJCX26C002300;BRBMEFFJMJ90;AGRIBUSINESS;-;-;-;-;-;-;-;-;-;3,21;-;-;-;-;-;-;-
SJCX26C002350;BRBMEFFJMJA1;AGRIBUSINESS;-;-;-;-;-;-;-;-;-;2,75;-;-;-;-;-;-;-
SJCX26C002400;BRBMEFFJMJB9;AGRIBUSINESS;-;-;-;-;-;-;-;-;-;2,3;-;-;-;-;-;-;-
SJCX26C002450;BRBMEFFJMJC7;AGRIBUSINESS;-;-;-;-;-;-;-;-;-;1,88;-;-;-;-;-;-;-
SJCX26C002500;BRBMEFFJMJD5;AGRIBUSINESS;-;-;-;-;-;-;-;-;-;1,49;-;-;-;-;-;-;-
SJCX26C002550;BRBMEFFJMJE3;AGRIBUSINESS;-;-;-;-;-;-;-;-;-;1,16;-;-;-;-;-;-;-
SJCX26C002600;BRBMEFFJMJF0;AGRIBUSINESS;-;-;-;-;-;-;-;-;-;0,89;-;-;-;-;-;-;-
SJCX26C002650;BRBMEFFJMJG8;AGRIBUSINESS;-;-;-;-;-;-;-;-;-;0,67;-;-;-;-;-;-;-
SJCX26C002700;BRBMEFFJMJH6;AGRIBUSINESS;-;-;-;-;-;-;-;-;-;0,51;-;-;-;-;-;-;-
SJCX26P002200;BRBMEFSJ1J74;AGRIBUSINESS;-;-;-;-;-;-;-;-;-;0,01;-;-;-;-;-;-;-
SJCX26P002250;BRBMEFSJ1J82;AGRIBUSINESS;-;-;-;-;-;-;-;-;-;0,01;-;-;-;-;-;-;-
SJCX26P002300;BRBMEFSJ1J90;AGRIBUSINESS;-;-;-;-;-;-;-;-;-;0,02;-;-;-;-;-;-;-
SJCX26P002350;BRBMEFSJ1JA8;AGRIBUSINESS;-;-;-;-;-;-;-;-;-;0,05;-;-;-;-;-;-;-
SJCX26P002400;BRBMEFSJ1JB6;AGRIBUSINESS;-;-;-;-;-;-;-;-;-;0,08;-;-;-;-;-;-;-
SJCX26P002450;BRBMEFSJ1JC4;AGRIBUSINESS;-;-;-;-;-;-;-;-;-;0,14;-;-;-;-;-;-;-
SJCX26P002500;BRBMEFSJ1JD2;AGRIBUSINESS;-;-;-;-;-;-;-;-;-;0,24;-;-;-;-;-;-;-
SJCX26P002550;BRBMEFSJ1JE0;AGRIBUSINESS;-;-;-;-;-;-;-;-;-;0,4;-;-;-;-;-;-;-
SJCX26P002600;BRBMEFSJ1JF7;AGRIBUSINESS;-;-;-;-;-;-;-;-;-;0,61;-;-;-;-;-;-;-
SJCX26P002650;BRBMEFSJ1JG5;AGRIBUSINESS;-;-;-;-;-;-;-;-;-;0,88;-;-;-;-;-;-;-
SJCX26P002700;BRBMEFSJ1JH3;AGRIBUSINESS;-;-;-;-;-;-;-;-;-;1,2;-;-;-;-;-;-;-
SJCF27C002000;BRBMEFFJMJI4;AGRIBUSINESS;-;-;-;-;-;-;-;-;-;6,29;-;-;-;-;-;-;-
SJCF27C003000;BRBMEFFJMJJ2;AGRIBUSINESS;-;-;-;-;-;-;-;-;-;0,23;-;-;-;-;-;-;-
SJCF27P002000;BRBMEFSJ1JI1;AGRIBUSINESS;-;-;-;-;-;-;-;-;-;0,01;-;-;-;-;-;-;-
SJCF27P003000;BRBMEFSJ1JJ9;AGRIBUSINESS;-;-;-;-;-;-;-;-;-;3,45;-;-;-;-;-;-;-
SJCH27C002000;BRBMEFFJMJK0;AGRIBUSINESS;-;-;-;-;-;-;-;-;-;6,26;-;-;-;-;-;-;-
SJCH27C003000;BRBMEFFJMJL8;AGRIBUSINESS;-;-;-;-;-;-;-;-;-;0,33;-;-;-;-;-;-;-
SJCH27P002000;BRBMEFSJ1JK7;AGRIBUSINESS;-;-;-;-;-;-;-;-;-;0,01;-;-;-;-;-;-;-
SJCH27P003000;BRBMEFSJ1JL5;AGRIBUSINESS;-;-;-;-;-;-;-;-;-;3,39;-;-;-;-;-;-;-
SJCK27C002000;BRBMEFFJMJM6;AGRIBUSINESS;-;-;-;-;-;-;-;-;-;6,25;-;-;-;-;-;-;-
SJCK27C003000;BRBMEFFJMJN4;AGRIBUSINESS;-;-;-;-;-;-;-;-;-;0,4;-;-;-;-;-;-;-
SJCK27P002000;BRBMEFSJ1JM3;AGRIBUSINESS;-;-;-;-;-;-;-;-;-;0,01;-;-;-;-;-;-;-
SJCK27P003000;BRBMEFSJ1JN1;AGRIBUSINESS;-;-;-;-;-;-;-;-;-;3,28;-;-;-;-;-;-;-
SJCX26C002375;BRBMEFFJMJP9;AGRIBUSINESS;-;-;-;-;-;-;-;-;-;2,52;-;-;-;-;-;-;-
SJCX26P002375;BRBMEFSJ1JP6;AGRIBUSINESS;-;-;-;-;-;-;-;-;-;0,06;-;-;-;-;-;-;-
SJCK27C002475;BRBMEFFJMJQ7;AGRIBUSINESS;-;-;-;-;-;-;-;-;-;2,25;-;-;-;-;-;-;-
SJCK27P002475;BRBMEFSJ1JQ4;AGRIBUSINESS;-;-;-;-;-;-;-;-;-;0,33;-;-;-;-;-;-;-
SJCK27C002275;BRBMEFFJMJR5;AGRIBUSINESS;-;-;-;-;-;-;-;-;-;3,81;-;-;-;-;-;-;-
SJCK27C002325;BRBMEFFJMJS3;AGRIBUSINESS;-;-;-;-;-;-;-;-;-;3,38;-;-;-;-;-;-;-
SJCK27P002275;BRBMEFSJ1JR2;AGRIBUSINESS;-;-;-;-;-;-;-;-;-;0,07;-;-;-;-;-;-;-
SJCK27P002325;BRBMEFSJ1JS0;AGRIBUSINESS;-;-;-;-;-;-;-;-;-;0,1;-;-;-;-;-;-;-
SJCH27C002300;BRBMEFFJMJT1;AGRIBUSINESS;-;-;-;-;-;-;-;-;-;3,53;-;-;-;-;-;-;-
SJCH27C002475;BRBMEFFJMJU9;AGRIBUSINESS;-;-;-;-;-;-;-;-;-;2,14;-;-;-;-;-;-;-
SJCH27C002575;BRBMEFFJMJV7;AGRIBUSINESS;-;-;-;-;-;-;-;-;-;1,52;-;-;-;-;-;-;-
SJCH27P002300;BRBMEFSJ1JT8;AGRIBUSINESS;-;-;-;-;-;-;-;-;-;0,07;-;-;-;-;-;-;-
SJCH27P002475;BRBMEFSJ1JU6;AGRIBUSINESS;-;-;-;-;-;-;-;-;-;0,31;-;-;-;-;-;-;-
SJCH27P002575;BRBMEFSJ1JV4;AGRIBUSINESS;-;-;-;-;-;-;-;-;-;0,62;-;-;-;-;-;-;-
SJCH27C002400;BRBMEFFJMJW5;AGRIBUSINESS;-;-;-;-;-;-;-;-;-;2,7;-;-;-;-;-;-;-
SJCH27C002600;BRBMEFFJMJX3;AGRIBUSINESS;-;-;-;-;-;-;-;-;-;1,39;-;-;-;-;-;-;-
SJCH27P002400;BRBMEFSJ1JW2;AGRIBUSINESS;-;-;-;-;-;-;-;-;-;0,17;-;-;-;-;-;-;-
SJCH27P002600;BRBMEFSJ1JX0;AGRIBUSINESS;-;-;-;-;-;-;-;-;-;0,72;-;-;-;-;-;-;-
SJCK27C002400;BRBMEFFJMJY1;AGRIBUSINESS;-;-;-;-;-;-;-;-;-;2,79;-;-;-;-;-;-;-
SJCK27C002600;BRBMEFFJMJZ8;AGRIBUSINESS;-;-;-;-;-;-;-;-;-;1,51;-;-;-;-;-;-;-
SJCK27P002400;BRBMEFSJ1JY8;AGRIBUSINESS;-;-;-;-;-;-;-;-;-;0,19;-;-;-;-;-;-;-
SJCK27P002600;BRBMEFSJ1JZ5;AGRIBUSINESS;-;-;-;-;-;-;-;-;-;0,74;-;-;-;-;-;-;-
SJCK27C002350;BRBMEFFJMK06;AGRIBUSINESS;-;-;-;-;-;-;-;-;-;3,18;-;-;-;-;-;-;-
SJCK27C002425;BRBMEFFJMK14;AGRIBUSINESS;-;-;-;-;-;-;-;-;-;2,6;-;-;-;-;-;-;-
SJCK27C002450;BRBMEFFJMK22;AGRIBUSINESS;-;-;-;-;-;-;-;-;-;2,42;-;-;-;-;-;-;-
SJCK27C002500;BRBMEFFJMK30;AGRIBUSINESS;-;-;-;-;-;-;-;-;-;2,08;-;-;-;-;-;-;-
SJCK27C002525;BRBMEFFJMK48;AGRIBUSINESS;-;-;-;-;-;-;-;-;-;1,92;-;-;-;-;-;-;-
SJCK27C002575;BRBMEFFJMK55;AGRIBUSINESS;-;-;-;-;-;-;-;-;-;1,64;-;-;-;-;-;-;-
SJCK27P002350;BRBMEFSJ1K06;AGRIBUSINESS;-;-;-;-;-;-;-;-;-;0,12;-;-;-;-;-;-;-
SJCK27P002425;BRBMEFSJ1K14;AGRIBUSINESS;-;-;-;-;-;-;-;-;-;0,23;-;-;-;-;-;-;-
SJCK27P002450;BRBMEFSJ1K22;AGRIBUSINESS;-;-;-;-;-;-;-;-;-;0,28;-;-;-;-;-;-;-
SJCK27P002500;BRBMEFSJ1K30;AGRIBUSINESS;-;-;-;-;-;-;-;-;-;0,39;-;-;-;-;-;-;-
SJCK27P002525;BRBMEFSJ1K48;AGRIBUSINESS;-;-;-;-;-;-;-;-;-;0,47;-;-;-;-;-;-;-
SJCK27P002575;BRBMEFSJ1K55;AGRIBUSINESS;-;-;-;-;-;-;-;-;-;0,64;-;-;-;-;-;-;-
SJCK27C002550;BRBMEFFJMK63;AGRIBUSINESS;-;-;-;-;-;-;-;-;-;1,78;-;-;-;-;-;-;-
SJCK27P002550;BRBMEFSJ1K63;AGRIBUSINESS;-;-;-;-;-;-;-;-;-;0,55;-;-;-;-;-;-;-
SJCH27C002375;BRBMEFFJMKG6;AGRIBUSINESS;-;-;-;-;-;-;-;-;-;2,9;-;-;-;-;-;-;-
SJCH27C002450;BRBMEFFJMKH4;AGRIBUSINESS;-;-;-;-;-;-;-;-;-;2,32;-;-;-;-;-;-;-
SJCH27C002500;BRBMEFFJMKI2;AGRIBUSINESS;-;-;-;-;-;-;-;-;-;1,97;-;-;-;-;-;-;-
SJCH27C002525;BRBMEFFJMKJ0;AGRIBUSINESS;-;-;-;-;-;-;-;-;-;1,81;-;-;-;-;-;-;-
SJCH27C002550;BRBMEFFJMKK8;AGRIBUSINESS;-;-;-;-;-;-;-;-;-;1,66;-;-;-;-;-;-;-
SJCH27P002375;BRBMEFSJ1KG3;AGRIBUSINESS;-;-;-;-;-;-;-;-;-;0,13;-;-;-;-;-;-;-
SJCH27P002450;BRBMEFSJ1KH1;AGRIBUSINESS;-;-;-;-;-;-;-;-;-;0,25;-;-;-;-;-;-;-
SJCH27P002500;BRBMEFSJ1KI9;AGRIBUSINESS;-;-;-;-;-;-;-;-;-;0,37;-;-;-;-;-;-;-
SJCH27P002525;BRBMEFSJ1KJ7;AGRIBUSINESS;-;-;-;-;-;-;-;-;-;0,44;-;-;-;-;-;-;-
SJCH27P002550;BRBMEFSJ1KK5;AGRIBUSINESS;-;-;-;-;-;-;-;-;-;0,53;-;-;-;-;-;-;-
SJCH27C002350;BRBMEFFJMKN2;AGRIBUSINESS;-;-;-;-;-;-;-;-;-;3,11;-;-;-;-;-;-;-
SJCH27C002700;BRBMEFFJMKO0;AGRIBUSINESS;-;-;-;-;-;-;-;-;-;0,97;-;-;-;-;-;-;-
SJCH27P002350;BRBMEFSJ1KN9;AGRIBUSINESS;-;-;-;-;-;-;-;-;-;0,11;-;-;-;-;-;-;-
SJCH27P002700;BRBMEFSJ1KO7;AGRIBUSINESS;-;-;-;-;-;-;-;-;-;1,24;-;-;-;-;-;-;-
SJCU26C002550;BRBMEFFJMKP7;AGRIBUSINESS;-;-;-;-;-;-;-;-;-;0,58;-;-;-;-;-;-;-
SJCU26C002575;BRBMEFFJMKQ5;AGRIBUSINESS;-;-;-;-;-;-;-;-;-;0,44;-;-;-;-;-;-;-
SJCU26P002550;BRBMEFSJ1KP4;AGRIBUSINESS;-;-;-;-;-;-;-;-;-;0,21;-;-;-;-;-;-;-
SJCU26P002575;BRBMEFSJ1KQ2;AGRIBUSINESS;-;-;-;-;-;-;-;-;-;0,31;-;-;-;-;-;-;-
SJCK27C002300;BRBMEFFJML96;AGRIBUSINESS;-;-;-;-;-;-;-;-;-;3,59;-;-;-;-;-;-;-
SJCK27C002675;BRBMEFFJMLA7;AGRIBUSINESS;-;-;-;-;-;-;-;-;-;1,18;-;-;-;-;-;-;-
SJCK27P002300;BRBMEFSJ1L96;AGRIBUSINESS;-;-;-;-;-;-;-;-;-;0,08;-;-;-;-;-;-;-
SJCK27P002675;BRBMEFSJ1LA4;AGRIBUSINESS;-;-;-;-;-;-;-;-;-;1,1;-;-;-;-;-;-;-
SJCH27C002650;BRBMEFFJMLB5;AGRIBUSINESS;-;-;-;-;-;-;-;-;-;1,16;-;-;-;-;-;-;-
SJCH27C002800;BRBMEFFJMLC3;AGRIBUSINESS;-;-;-;-;-;-;-;-;-;0,67;-;-;-;-;-;-;-
SJCH27P002650;BRBMEFSJ1LB2;AGRIBUSINESS;-;-;-;-;-;-;-;-;-;0,96;-;-;-;-;-;-;-
SJCH27P002800;BRBMEFSJ1LC0;AGRIBUSINESS;-;-;-;-;-;-;-;-;-;1,87;-;-;-;-;-;-;-
SJCU26C002525;BRBMEFFJMLD1;AGRIBUSINESS;-;-;-;-;-;-;-;-;-;0,75;-;-;-;-;-;-;-
SJCU26C002600;BRBMEFFJMLE9;AGRIBUSINESS;-;-;-;-;-;-;-;-;-;0,33;-;-;-;-;-;-;-
SJCU26C002625;BRBMEFFJMLF6;AGRIBUSINESS;-;-;-;-;-;-;-;-;-;0,24;-;-;-;-;-;-;-
SJCU26C002650;BRBMEFFJMLG4;AGRIBUSINESS;-;-;-;-;-;-;-;-;-;0,17;-;-;-;-;-;-;-
SJCU26C002675;BRBMEFFJMLH2;AGRIBUSINESS;-;-;-;-;-;-;-;-;-;0,12;-;-;-;-;-;-;-
SJCU26C002700;BRBMEFFJMLI0;AGRIBUSINESS;-;-;-;-;-;-;-;-;-;0,09;-;-;-;-;-;-;-
SJCU26C002725;BRBMEFFJMLJ8;AGRIBUSINESS;-;-;-;-;-;-;-;-;-;0,06;-;-;-;-;-;-;-
SJCU26C002750;BRBMEFFJMLK6;AGRIBUSINESS;-;-;-;-;-;-;-;-;-;0,04;-;-;-;-;-;-;-
SJCU26C002775;BRBMEFFJMLL4;AGRIBUSINESS;-;-;-;-;-;-;-;-;-;0,03;-;-;-;-;-;-;-
SJCU26C002800;BRBMEFFJMLM2;AGRIBUSINESS;-;-;-;-;-;-;-;-;-;0,02;-;-;-;-;-;-;-
SJCU26C002825;BRBMEFFJMLN0;AGRIBUSINESS;-;-;-;-;-;-;-;-;-;0,01;-;-;-;-;-;-;-
SJCU26C002850;BRBMEFFJMLO8;AGRIBUSINESS;-;-;-;-;-;-;-;-;-;0,01;-;-;-;-;-;-;-
SJCU26C002875;BRBMEFFJMLP5;AGRIBUSINESS;-;-;-;-;-;-;-;-;-;0,01;-;-;-;-;-;-;-
SJCU26C002900;BRBMEFFJMLQ3;AGRIBUSINESS;-;-;-;-;-;-;-;-;-;0,01;-;-;-;-;-;-;-
SJCU26P002525;BRBMEFSJ1LD8;AGRIBUSINESS;-;-;-;-;-;-;-;-;-;0,13;-;-;-;-;-;-;-
SJCU26P002600;BRBMEFSJ1LE6;AGRIBUSINESS;-;-;-;-;-;-;-;-;-;0,45;-;-;-;-;-;-;-
SJCU26P002625;BRBMEFSJ1LF3;AGRIBUSINESS;-;-;-;-;-;-;-;-;-;0,61;-;-;-;-;-;-;-
SJCU26P002650;BRBMEFSJ1LG1;AGRIBUSINESS;-;-;-;-;-;-;-;-;-;0,79;-;-;-;-;-;-;-
SJCU26P002675;BRBMEFSJ1LH9;AGRIBUSINESS;-;-;-;-;-;-;-;-;-;0,99;-;-;-;-;-;-;-
SJCU26P002700;BRBMEFSJ1LI7;AGRIBUSINESS;-;-;-;-;-;-;-;-;-;1,2;-;-;-;-;-;-;-
SJCU26P002725;BRBMEFSJ1LJ5;AGRIBUSINESS;-;-;-;-;-;-;-;-;-;1,43;-;-;-;-;-;-;-
SJCU26P002750;BRBMEFSJ1LK3;AGRIBUSINESS;-;-;-;-;-;-;-;-;-;1,66;-;-;-;-;-;-;-
SJCU26P002775;BRBMEFSJ1LL1;AGRIBUSINESS;-;-;-;-;-;-;-;-;-;1,89;-;-;-;-;-;-;-
SJCU26P002800;BRBMEFSJ1LM9;AGRIBUSINESS;-;-;-;-;-;-;-;-;-;2,13;-;-;-;-;-;-;-
SJCU26P002825;BRBMEFSJ1LN7;AGRIBUSINESS;-;-;-;-;-;-;-;-;-;2,37;-;-;-;-;-;-;-
SJCU26P002850;BRBMEFSJ1LO5;AGRIBUSINESS;-;-;-;-;-;-;-;-;-;2,61;-;-;-;-;-;-;-
SJCU26P002875;BRBMEFSJ1LP2;AGRIBUSINESS;-;-;-;-;-;-;-;-;-;2,86;-;-;-;-;-;-;-
SJCU26P002900;BRBMEFSJ1LQ0;AGRIBUSINESS;-;-;-;-;-;-;-;-;-;3,1;-;-;-;-;-;-;-
SJCX26C002525;BRBMEFFJMLR1;AGRIBUSINESS;-;-;-;-;-;-;-;-;-;1,32;-;-;-;-;-;-;-
SJCX26C002575;BRBMEFFJMLS9;AGRIBUSINESS;-;-;-;-;-;-;-;-;-;1,02;-;-;-;-;-;-;-
SJCX26C002625;BRBMEFFJMLT7;AGRIBUSINESS;-;-;-;-;-;-;-;-;-;0,78;-;-;-;-;-;-;-
SJCX26C002675;BRBMEFFJMLU5;AGRIBUSINESS;-;-;-;-;-;-;-;-;-;0,59;-;-;-;-;-;-;-
SJCX26C002725;BRBMEFFJMLV3;AGRIBUSINESS;-;-;-;-;-;-;-;-;-;0,44;-;-;-;-;-;-;-
SJCX26C002750;BRBMEFFJMLW1;AGRIBUSINESS;-;-;-;-;-;-;-;-;-;0,38;-;-;-;-;-;-;-
SJCX26C002775;BRBMEFFJMLX9;AGRIBUSINESS;-;-;-;-;-;-;-;-;-;0,33;-;-;-;-;-;-;-
SJCX26C002800;BRBMEFFJMLY7;AGRIBUSINESS;-;-;-;-;-;-;-;-;-;0,29;-;-;-;-;-;-;-
SJCX26C002825;BRBMEFFJMLZ4;AGRIBUSINESS;-;-;-;-;-;-;-;-;-;0,25;-;-;-;-;-;-;-
SJCX26C002850;BRBMEFFJMM04;AGRIBUSINESS;-;-;-;-;-;-;-;-;-;0,22;-;-;-;-;-;-;-
SJCX26C002875;BRBMEFFJMM12;AGRIBUSINESS;-;-;-;-;-;-;-;-;-;0,19;-;-;-;-;-;-;-
SJCX26C002900;BRBMEFFJMM20;AGRIBUSINESS;-;-;-;-;-;-;-;-;-;0,16;-;-;-;-;-;-;-
SJCX26P002525;BRBMEFSJ1LR8;AGRIBUSINESS;-;-;-;-;-;-;-;-;-;0,31;-;-;-;-;-;-;-
SJCX26P002575;BRBMEFSJ1LS6;AGRIBUSINESS;-;-;-;-;-;-;-;-;-;0,5;-;-;-;-;-;-;-
SJCX26P002625;BRBMEFSJ1LT4;AGRIBUSINESS;-;-;-;-;-;-;-;-;-;0,74;-;-;-;-;-;-;-
SJCX26P002675;BRBMEFSJ1LU2;AGRIBUSINESS;-;-;-;-;-;-;-;-;-;1,04;-;-;-;-;-;-;-
SJCX26P002725;BRBMEFSJ1LV0;AGRIBUSINESS;-;-;-;-;-;-;-;-;-;1,38;-;-;-;-;-;-;-
SJCX26P002750;BRBMEFSJ1LW8;AGRIBUSINESS;-;-;-;-;-;-;-;-;-;1,56;-;-;-;-;-;-;-
SJCX26P002775;BRBMEFSJ1LX6;AGRIBUSINESS;-;-;-;-;-;-;-;-;-;1,75;-;-;-;-;-;-;-
SJCX26P002800;BRBMEFSJ1LY4;AGRIBUSINESS;-;-;-;-;-;-;-;-;-;1,95;-;-;-;-;-;-;-
SJCX26P002825;BRBMEFSJ1LZ1;AGRIBUSINESS;-;-;-;-;-;-;-;-;-;2,16;-;-;-;-;-;-;-
SJCX26P002850;BRBMEFSJ1M04;AGRIBUSINESS;-;-;-;-;-;-;-;-;-;2,37;-;-;-;-;-;-;-
SJCX26P002875;BRBMEFSJ1M12;AGRIBUSINESS;-;-;-;-;-;-;-;-;-;2,58;-;-;-;-;-;-;-
SJCX26P002900;BRBMEFSJ1M20;AGRIBUSINESS;-;-;-;-;-;-;-;-;-;2,8;-;-;-;-;-;-;-
SJCH27C002625;BRBMEFFJMM38;AGRIBUSINESS;-;-;-;-;-;-;-;-;-;1,27;-;-;-;-;-;-;-
SJCH27P002625;BRBMEFSJ1M38;AGRIBUSINESS;-;-;-;-;-;-;-;-;-;0,84;-;-;-;-;-;-;-
SJCU26C002150;BRBMEFFJMM46;AGRIBUSINESS;-;-;-;-;-;-;-;-;-;4,34;-;-;-;-;-;-;-
SJCU26P002150;BRBMEFSJ1M46;AGRIBUSINESS;-;-;-;-;-;-;-;-;-;0,01;-;-;-;-;-;-;-
SJCK27C002700;BRBMEFFJMM61;AGRIBUSINESS;-;-;-;-;-;-;-;-;-;1,09;-;-;-;-;-;-;-
SJCK27P002700;BRBMEFSJ1M61;AGRIBUSINESS;-;-;-;-;-;-;-;-;-;1,23;-;-;-;-;-;-;-
SJCK27C002650;BRBMEFFJMM79;AGRIBUSINESS;-;-;-;-;-;-;-;-;-;1,28;-;-;-;-;-;-;-
SJCK27P002650;BRBMEFSJ1M79;AGRIBUSINESS;-;-;-;-;-;-;-;-;-;0,97;-;-;-;-;-;-;-
SJCK27C002725;BRBMEFFJMM87;AGRIBUSINESS;-;-;-;-;-;-;-;-;-;1;-;-;-;-;-;-;-
SJCK27C002750;BRBMEFFJMM95;AGRIBUSINESS;-;-;-;-;-;-;-;-;-;0,92;-;-;-;-;-;-;-
SJCK27C002775;BRBMEFFJMMA5;AGRIBUSINESS;-;-;-;-;-;-;-;-;-;0,85;-;-;-;-;-;-;-
SJCK27C002800;BRBMEFFJMMB3;AGRIBUSINESS;-;-;-;-;-;-;-;-;-;0,78;-;-;-;-;-;-;-
SJCK27C002825;BRBMEFFJMMC1;AGRIBUSINESS;-;-;-;-;-;-;-;-;-;0,72;-;-;-;-;-;-;-
SJCK27C002850;BRBMEFFJMMD9;AGRIBUSINESS;-;-;-;-;-;-;-;-;-;0,66;-;-;-;-;-;-;-
SJCK27P002725;BRBMEFSJ1M87;AGRIBUSINESS;-;-;-;-;-;-;-;-;-;1,37;-;-;-;-;-;-;-
SJCK27P002750;BRBMEFSJ1M95;AGRIBUSINESS;-;-;-;-;-;-;-;-;-;1,52;-;-;-;-;-;-;-
SJCK27P002775;BRBMEFSJ1MA2;AGRIBUSINESS;-;-;-;-;-;-;-;-;-;1,67;-;-;-;-;-;-;-
SJCK27P002800;BRBMEFSJ1MB0;AGRIBUSINESS;-;-;-;-;-;-;-;-;-;1,83;-;-;-;-;-;-;-
SJCK27P002825;BRBMEFSJ1MC8;AGRIBUSINESS;-;-;-;-;-;-;-;-;-;2;-;-;-;-;-;-;-
SJCK27P002850;BRBMEFSJ1MD6;AGRIBUSINESS;-;-;-;-;-;-;-;-;-;2,17;-;-;-;-;-;-;-
SJCN27C002300;BRBMEFFJMME7;AGRIBUSINESS;-;-;-;-;-;-;-;-;-;3,63;-;-;-;-;-;-;-
SJCN27C002325;BRBMEFFJMMF4;AGRIBUSINESS;-;-;-;-;-;-;-;-;-;3,43;-;-;-;-;-;-;-
SJCN27C002350;BRBMEFFJMMG2;AGRIBUSINESS;-;-;-;-;-;-;-;-;-;3,23;-;-;-;-;-;-;-
SJCN27C002375;BRBMEFFJMMH0;AGRIBUSINESS;-;-;-;-;-;-;-;-;-;3,05;-;-;-;-;-;-;-
SJCN27C002400;BRBMEFFJMMI8;AGRIBUSINESS;-;-;-;-;-;-;-;-;-;2,86;-;-;-;-;-;-;-
SJCN27C002425;BRBMEFFJMMJ6;AGRIBUSINESS;-;-;-;-;-;-;-;-;-;2,69;-;-;-;-;-;-;-
SJCN27C002450;BRBMEFFJMMK4;AGRIBUSINESS;-;-;-;-;-;-;-;-;-;2,51;-;-;-;-;-;-;-
SJCN27C002475;BRBMEFFJMML2;AGRIBUSINESS;-;-;-;-;-;-;-;-;-;2,35;-;-;-;-;-;-;-
SJCN27C002500;BRBMEFFJMMM0;AGRIBUSINESS;-;-;-;-;-;-;-;-;-;2,19;-;-;-;-;-;-;-
SJCN27C002525;BRBMEFFJMMN8;AGRIBUSINESS;-;-;-;-;-;-;-;-;-;2,04;-;-;-;-;-;-;-
SJCN27C002550;BRBMEFFJMMO6;AGRIBUSINESS;-;-;-;-;-;-;-;-;-;1,9;-;-;-;-;-;-;-
SJCN27C002575;BRBMEFFJMMP3;AGRIBUSINESS;-;-;-;-;-;-;-;-;-;1,77;-;-;-;-;-;-;-
SJCN27C002600;BRBMEFFJMMQ1;AGRIBUSINESS;-;-;-;-;-;-;-;-;-;1,64;-;-;-;-;-;-;-
SJCN27C002625;BRBMEFFJMMR9;AGRIBUSINESS;-;-;-;-;-;-;-;-;-;1,53;-;-;-;-;-;-;-
SJCN27C002650;BRBMEFFJMMS7;AGRIBUSINESS;-;-;-;-;-;-;-;-;-;1,42;-;-;-;-;-;-;-
SJCN27C002675;BRBMEFFJMMT5;AGRIBUSINESS;-;-;-;-;-;-;-;-;-;1,32;-;-;-;-;-;-;-
SJCN27C002700;BRBMEFFJMMU3;AGRIBUSINESS;-;-;-;-;-;-;-;-;-;1,22;-;-;-;-;-;-;-
SJCN27C002725;BRBMEFFJMMV1;AGRIBUSINESS;-;-;-;-;-;-;-;-;-;1,13;-;-;-;-;-;-;-
SJCN27C002750;BRBMEFFJMMW9;AGRIBUSINESS;-;-;-;-;-;-;-;-;-;1,05;-;-;-;-;-;-;-
SJCN27C002775;BRBMEFFJMMX7;AGRIBUSINESS;-;-;-;-;-;-;-;-;-;0,98;-;-;-;-;-;-;-
SJCN27C002800;BRBMEFFJMMY5;AGRIBUSINESS;-;-;-;-;-;-;-;-;-;0,91;-;-;-;-;-;-;-
SJCN27C002825;BRBMEFFJMMZ2;AGRIBUSINESS;-;-;-;-;-;-;-;-;-;0,84;-;-;-;-;-;-;-
SJCN27C002850;BRBMEFFJMN03;AGRIBUSINESS;-;-;-;-;-;-;-;-;-;0,78;-;-;-;-;-;-;-
SJCN27C002875;BRBMEFFJMN11;AGRIBUSINESS;-;-;-;-;-;-;-;-;-;0,73;-;-;-;-;-;-;-
SJCN27C002900;BRBMEFFJMN29;AGRIBUSINESS;-;-;-;-;-;-;-;-;-;0,68;-;-;-;-;-;-;-
SJCN27P002300;BRBMEFSJ1ME4;AGRIBUSINESS;-;-;-;-;-;-;-;-;-;0,12;-;-;-;-;-;-;-
SJCN27P002325;BRBMEFSJ1MF1;AGRIBUSINESS;-;-;-;-;-;-;-;-;-;0,14;-;-;-;-;-;-;-
SJCN27P002350;BRBMEFSJ1MG9;AGRIBUSINESS;-;-;-;-;-;-;-;-;-;0,17;-;-;-;-;-;-;-
SJCN27P002375;BRBMEFSJ1MH7;AGRIBUSINESS;-;-;-;-;-;-;-;-;-;0,21;-;-;-;-;-;-;-
SJCN27P002400;BRBMEFSJ1MI5;AGRIBUSINESS;-;-;-;-;-;-;-;-;-;0,25;-;-;-;-;-;-;-
SJCN27P002425;BRBMEFSJ1MJ3;AGRIBUSINESS;-;-;-;-;-;-;-;-;-;0,29;-;-;-;-;-;-;-
SJCN27P002450;BRBMEFSJ1MK1;AGRIBUSINESS;-;-;-;-;-;-;-;-;-;0,34;-;-;-;-;-;-;-
SJCN27P002475;BRBMEFSJ1ML9;AGRIBUSINESS;-;-;-;-;-;-;-;-;-;0,4;-;-;-;-;-;-;-
SJCN27P002500;BRBMEFSJ1MM7;AGRIBUSINESS;-;-;-;-;-;-;-;-;-;0,46;-;-;-;-;-;-;-
SJCN27P002525;BRBMEFSJ1MN5;AGRIBUSINESS;-;-;-;-;-;-;-;-;-;0,54;-;-;-;-;-;-;-
SJCN27P002550;BRBMEFSJ1MO3;AGRIBUSINESS;-;-;-;-;-;-;-;-;-;0,62;-;-;-;-;-;-;-
SJCN27P002575;BRBMEFSJ1MP0;AGRIBUSINESS;-;-;-;-;-;-;-;-;-;0,71;-;-;-;-;-;-;-
SJCN27P002600;BRBMEFSJ1MQ8;AGRIBUSINESS;-;-;-;-;-;-;-;-;-;0,81;-;-;-;-;-;-;-
SJCN27P002625;BRBMEFSJ1MR6;AGRIBUSINESS;-;-;-;-;-;-;-;-;-;0,92;-;-;-;-;-;-;-
SJCN27P002650;BRBMEFSJ1MS4;AGRIBUSINESS;-;-;-;-;-;-;-;-;-;1,03;-;-;-;-;-;-;-
SJCN27P002675;BRBMEFSJ1MT2;AGRIBUSINESS;-;-;-;-;-;-;-;-;-;1,15;-;-;-;-;-;-;-
SJCN27P002700;BRBMEFSJ1MU0;AGRIBUSINESS;-;-;-;-;-;-;-;-;-;1,28;-;-;-;-;-;-;-
SJCN27P002725;BRBMEFSJ1MV8;AGRIBUSINESS;-;-;-;-;-;-;-;-;-;1,42;-;-;-;-;-;-;-
SJCN27P002750;BRBMEFSJ1MW6;AGRIBUSINESS;-;-;-;-;-;-;-;-;-;1,56;-;-;-;-;-;-;-
SJCN27P002775;BRBMEFSJ1MX4;AGRIBUSINESS;-;-;-;-;-;-;-;-;-;1,71;-;-;-;-;-;-;-
SJCN27P002800;BRBMEFSJ1MY2;AGRIBUSINESS;-;-;-;-;-;-;-;-;-;1,86;-;-;-;-;-;-;-
SJCN27P002825;BRBMEFSJ1MZ9;AGRIBUSINESS;-;-;-;-;-;-;-;-;-;2,02;-;-;-;-;-;-;-
SJCN27P002850;BRBMEFSJ1N03;AGRIBUSINESS;-;-;-;-;-;-;-;-;-;2,18;-;-;-;-;-;-;-
SJCN27P002875;BRBMEFSJ1N11;AGRIBUSINESS;-;-;-;-;-;-;-;-;-;2,35;-;-;-;-;-;-;-
SJCN27P002900;BRBMEFSJ1N29;AGRIBUSINESS;-;-;-;-;-;-;-;-;-;2,52;-;-;-;-;-;-;-
SJCF27C002350;BRBMEFFJMN37;AGRIBUSINESS;-;-;-;-;-;-;-;-;-;3,03;-;-;-;-;-;-;-
SJCF27C002550;BRBMEFFJMN45;AGRIBUSINESS;-;-;-;-;-;-;-;-;-;1,51;-;-;-;-;-;-;-
SJCF27C002650;BRBMEFFJMN52;AGRIBUSINESS;-;-;-;-;-;-;-;-;-;1;-;-;-;-;-;-;-
SJCF27P002350;BRBMEFSJ1N37;AGRIBUSINESS;-;-;-;-;-;-;-;-;-;0,08;-;-;-;-;-;-;-
SJCF27P002550;BRBMEFSJ1N45;AGRIBUSINESS;-;-;-;-;-;-;-;-;-;0,45;-;-;-;-;-;-;-
SJCF27P002650;BRBMEFSJ1N52;AGRIBUSINESS;-;-;-;-;-;-;-;-;-;0,9;-;-;-;-;-;-;-
SJCH27C002725;BRBMEFFJMN60;AGRIBUSINESS;-;-;-;-;-;-;-;-;-;0,88;-;-;-;-;-;-;-
SJCH27P002725;BRBMEFSJ1N60;AGRIBUSINESS;-;-;-;-;-;-;-;-;-;1,38;-;-;-;-;-;-;-
SJCK27C003200;BRBMEFFJMN78;AGRIBUSINESS;-;-;-;-;-;-;-;-;-;0,22;-;-;-;-;-;-;-
SJCK27P003200;BRBMEFSJ1N78;AGRIBUSINESS;-;-;-;-;-;-;-;-;-;4,92;-;-;-;-;-;-;-
SJCK27C002900;BRBMEFFJMN86;AGRIBUSINESS;-;-;-;-;-;-;-;-;-;0,56;-;-;-;-;-;-;-
SJCK27P002900;BRBMEFSJ1N86;AGRIBUSINESS;-;-;-;-;-;-;-;-;-;2,52;-;-;-;-;-;-;-
DOLF27P007000;BRBMEFDE19N6;FINANCIAL;-;-;-;-;-;-;-;-;-;1661,322;-;-;-;-;-;-;-
DOLF27C007000;BRBMEFCE1AH5;FINANCIAL;-;-;-;-;-;-;-;-;-;1,771;-;-;-;-;-;-;-
DOLF27P006500;BRBMEFDE19M8;FINANCIAL;-;-;-;-;-;-;-;-;-;1194,085;-;-;-;-;-;-;-
DOLF27C006500;BRBMEFCE1AG7;FINANCIAL;-;-;-;-;-;-;-;-;-;8,559;-;-;-;-;-;-;-
DOLF27P006000;BRBMEFDE19L0;FINANCIAL;-;-;-;-;-;-;-;-;-;743,432;-;-;-;-;-;-;-
DOLF27C006000;BRBMEFCE1AF9;FINANCIAL;-;-;-;-;-;-;-;-;-;31,932;-;-;-;-;-;-;-
DOLF27P004800;BRBMEFDE19K2;FINANCIAL;-;-;-;-;-;-;-;-;-;28,599;-;-;-;-;-;-;-
DOLF27C004800;BRBMEFCE1AE2;FINANCIAL;-;-;-;-;-;-;-;-;-;454,761;-;-;-;-;-;-;-
DOLF27P004500;BRBMEFDE19J4;FINANCIAL;-;-;-;-;-;-;-;-;-;4,503;-;-;-;-;-;-;-
DOLF27C004500;BRBMEFCE1AD4;FINANCIAL;-;-;-;-;-;-;-;-;-;715,08;-;-;-;-;-;-;-
DOLF29P006700;BRBMEFDE1AD3;FINANCIAL;-;-;-;-;-;-;-;-;-;702,99;-;-;-;-;-;-;-
DOLF29C006700;BRBMEFCE1B77;FINANCIAL;-;-;-;-;-;-;-;-;-;262,044;-;-;-;-;-;-;-
DOLF29P006600;BRBMEFDE1AC5;FINANCIAL;-;-;-;-;-;-;-;-;-;648,083;-;-;-;-;-;-;-
DOLF29C006600;BRBMEFCE1B69;FINANCIAL;-;-;-;-;-;-;-;-;-;280,264;-;-;-;-;-;-;-
DOLF29P006500;BRBMEFDE1AB7;FINANCIAL;-;-;-;-;-;-;-;-;-;594,727;-;-;-;-;-;-;-
DOLF29C006500;BRBMEFCE1B51;FINANCIAL;-;-;-;-;-;-;-;-;-;300,033;-;-;-;-;-;-;-
DOLF29P006400;BRBMEFDE1AA9;FINANCIAL;-;-;-;-;-;-;-;-;-;543,042;-;-;-;-;-;-;-
DOLF29C006400;BRBMEFCE1B44;FINANCIAL;-;-;-;-;-;-;-;-;-;321,475;-;-;-;-;-;-;-
DOLF29P006300;BRBMEFDE1A92;FINANCIAL;-;-;-;-;-;-;-;-;-;493,433;-;-;-;-;-;-;-
DOLF29C006300;BRBMEFCE1B36;FINANCIAL;-;-;-;-;-;-;-;-;-;344,992;-;-;-;-;-;-;-
DOLF29P006200;BRBMEFDE1A84;FINANCIAL;-;-;-;-;-;-;-;-;-;445,755;-;-;-;-;-;-;-
DOLF29C006200;BRBMEFCE1B28;FINANCIAL;-;-;-;-;-;-;-;-;-;370,44;-;-;-;-;-;-;-
DOLF29P006100;BRBMEFDE1A76;FINANCIAL;-;-;-;-;-;-;-;-;-;400,682;-;-;-;-;-;-;-
DOLF29C006100;BRBMEFCE1B10;FINANCIAL;-;-;-;-;-;-;-;-;-;398,493;-;-;-;-;-;-;-
DOLF29P006000;BRBMEFDE1A68;FINANCIAL;-;-;-;-;-;-;-;-;-;357,515;-;-;-;-;-;-;-
DOLF29C006000;BRBMEFCE1B02;FINANCIAL;-;-;-;-;-;-;-;-;-;428,452;-;-;-;-;-;-;-
DOLF29P005900;BRBMEFDE1A50;FINANCIAL;-;-;-;-;-;-;-;-;-;316,647;-;-;-;-;-;-;-
DOLF29C005900;BRBMEFCE1AZ7;FINANCIAL;-;-;-;-;-;-;-;-;-;460,71;-;-;-;-;-;-;-
DOLF29P005800;BRBMEFDE1A43;FINANCIAL;-;-;-;-;-;-;-;-;-;278,455;-;-;-;-;-;-;-
DOLF29C005800;BRBMEFCE1AY0;FINANCIAL;-;-;-;-;-;-;-;-;-;495,644;-;-;-;-;-;-;-
DOLF29P005700;BRBMEFDE1A35;FINANCIAL;-;-;-;-;-;-;-;-;-;244,024;-;-;-;-;-;-;-
DOLF29C005700;BRBMEFCE1AX2;FINANCIAL;-;-;-;-;-;-;-;-;-;534,339;-;-;-;-;-;-;-
DOLF29P005600;BRBMEFDE1A27;FINANCIAL;-;-;-;-;-;-;-;-;-;212,326;-;-;-;-;-;-;-
DOLF29C005600;BRBMEFCE1AW4;FINANCIAL;-;-;-;-;-;-;-;-;-;575,767;-;-;-;-;-;-;-
DOLF29P005500;BRBMEFDE1A19;FINANCIAL;-;-;-;-;-;-;-;-;-;182,905;-;-;-;-;-;-;-
DOLF29C005500;BRBMEFCE1AV6;FINANCIAL;-;-;-;-;-;-;-;-;-;619,471;-;-;-;-;-;-;-
DOLF28P006700;BRBMEFDE1A01;FINANCIAL;-;-;-;-;-;-;-;-;-;981,577;-;-;-;-;-;-;-
DOLF28C006700;BRBMEFCE1AU8;FINANCIAL;-;-;-;-;-;-;-;-;-;107,169;-;-;-;-;-;-;-
DOLF28P006600;BRBMEFDE19Z0;FINANCIAL;-;-;-;-;-;-;-;-;-;910,354;-;-;-;-;-;-;-
DOLF28C006600;BRBMEFCE1AT0;FINANCIAL;-;-;-;-;-;-;-;-;-;119,302;-;-;-;-;-;-;-
DOLF28P006500;BRBMEFDE19Y3;FINANCIAL;-;-;-;-;-;-;-;-;-;839,499;-;-;-;-;-;-;-
DOLF28C006500;BRBMEFCE1AS2;FINANCIAL;-;-;-;-;-;-;-;-;-;131,804;-;-;-;-;-;-;-
DOLF28P006400;BRBMEFDE19X5;FINANCIAL;-;-;-;-;-;-;-;-;-;769,607;-;-;-;-;-;-;-
DOLF28C006400;BRBMEFCE1AR4;FINANCIAL;-;-;-;-;-;-;-;-;-;145,268;-;-;-;-;-;-;-
DOLF28P006300;BRBMEFDE19W7;FINANCIAL;-;-;-;-;-;-;-;-;-;701,39;-;-;-;-;-;-;-
DOLF28C006300;BRBMEFCE1AQ6;FINANCIAL;-;-;-;-;-;-;-;-;-;160,407;-;-;-;-;-;-;-
DOLF28P006200;BRBMEFDE19V9;FINANCIAL;-;-;-;-;-;-;-;-;-;635,26;-;-;-;-;-;-;-
DOLF28C006200;BRBMEFCE1AP8;FINANCIAL;-;-;-;-;-;-;-;-;-;177,632;-;-;-;-;-;-;-
DOLF28P006100;BRBMEFDE19U1;FINANCIAL;-;-;-;-;-;-;-;-;-;571,25;-;-;-;-;-;-;-
DOLF28C006100;BRBMEFCE1AO1;FINANCIAL;-;-;-;-;-;-;-;-;-;196,979;-;-;-;-;-;-;-
DOLF28P006000;BRBMEFDE19T3;FINANCIAL;-;-;-;-;-;-;-;-;-;508,953;-;-;-;-;-;-;-
DOLF28C006000;BRBMEFCE1AN3;FINANCIAL;-;-;-;-;-;-;-;-;-;218,038;-;-;-;-;-;-;-
DOLF28P005900;BRBMEFDE19S5;FINANCIAL;-;-;-;-;-;-;-;-;-;449,472;-;-;-;-;-;-;-
DOLF28C005900;BRBMEFCE1AM5;FINANCIAL;-;-;-;-;-;-;-;-;-;241,913;-;-;-;-;-;-;-
DOLF28P005800;BRBMEFDE19R7;FINANCIAL;-;-;-;-;-;-;-;-;-;392,875;-;-;-;-;-;-;-
DOLF28C005800;BRBMEFCE1AL7;FINANCIAL;-;-;-;-;-;-;-;-;-;268,672;-;-;-;-;-;-;-
DOLF28P005700;BRBMEFDE19Q9;FINANCIAL;-;-;-;-;-;-;-;-;-;339,894;-;-;-;-;-;-;-
DOLF28C005700;BRBMEFCE1AK9;FINANCIAL;-;-;-;-;-;-;-;-;-;299,047;-;-;-;-;-;-;-
DOLF28P005600;BRBMEFDE19P1;FINANCIAL;-;-;-;-;-;-;-;-;-;290,583;-;-;-;-;-;-;-
DOLF28C005600;BRBMEFCE1AJ1;FINANCIAL;-;-;-;-;-;-;-;-;-;333,092;-;-;-;-;-;-;-
DOLF28P005500;BRBMEFDE19O4;FINANCIAL;-;-;-;-;-;-;-;-;-;244,974;-;-;-;-;-;-;-
DOLF28C005500;BRBMEFCE1AI3;FINANCIAL;-;-;-;-;-;-;-;-;-;370,84;-;-;-;-;-;-;-
DOLF27C005000;BRBMEFCE1B85;FINANCIAL;-;-;-;-;-;-;-;-;-;310,209;-;-;-;-;-;-;-
DOLF27C005200;BRBMEFCE1B93;FINANCIAL;-;-;-;-;-;-;-;-;-;202,122;-;-;-;-;-;-;-
DOLF27C005400;BRBMEFCE1BA8;FINANCIAL;-;-;-;-;-;-;-;-;-;129,078;-;-;-;-;-;-;-
DOLF27C005600;BRBMEFCE1BB6;FINANCIAL;-;-;-;-;-;-;-;-;-;81,088;-;-;-;-;-;-;-
DOLF27C005800;BRBMEFCE1BC4;FINANCIAL;-;-;-;-;-;-;-;-;-;50,488;-;-;-;-;-;-;-
DOLF27P005000;BRBMEFDE1AE1;FINANCIAL;-;-;-;-;-;-;-;-;-;73,658;-;-;-;-;-;-;-
DOLF27P005200;BRBMEFDE1AF8;FINANCIAL;-;-;-;-;-;-;-;-;-;155,181;-;-;-;-;-;-;-
DOLF27P005400;BRBMEFDE1AG6;FINANCIAL;-;-;-;-;-;-;-;-;-;271,748;-;-;-;-;-;-;-
DOLF27P005600;BRBMEFDE1AH4;FINANCIAL;-;-;-;-;-;-;-;-;-;413,368;-;-;-;-;-;-;-
DOLF27P005800;BRBMEFDE1AI2;FINANCIAL;-;-;-;-;-;-;-;-;-;572,378;-;-;-;-;-;-;-
DOLF27C005100;BRBMEFCE1BM3;FINANCIAL;-;-;-;-;-;-;-;-;-;252,024;-;-;-;-;-;-;-
DOLF27C005300;BRBMEFCE1BN1;FINANCIAL;-;-;-;-;-;-;-;-;-;161,16;-;-;-;-;-;-;-
DOLF27C005500;BRBMEFCE1BO9;FINANCIAL;-;-;-;-;-;-;-;-;-;102,664;-;-;-;-;-;-;-
DOLF27C005700;BRBMEFCE1BP6;FINANCIAL;-;-;-;-;-;-;-;-;-;64,011;-;-;-;-;-;-;-
DOLF27C005900;BRBMEFCE1BQ4;FINANCIAL;-;-;-;-;-;-;-;-;-;40,041;-;-;-;-;-;-;-
DOLF27C006100;BRBMEFCE1BR2;FINANCIAL;-;-;-;-;-;-;-;-;-;25,586;-;-;-;-;-;-;-
DOLF27C006200;BRBMEFCE1BS0;FINANCIAL;-;-;-;-;-;-;-;-;-;19,696;-;-;-;-;-;-;-
DOLF27C006300;BRBMEFCE1BT8;FINANCIAL;-;-;-;-;-;-;-;-;-;15,07;-;-;-;-;-;-;-
DOLF27P005100;BRBMEFDE1AS1;FINANCIAL;104,5;104,5;108;106,25;108;8,54;-;-;-;110,278;-;-;-;-;2;50;265625
DOLF27P005300;BRBMEFDE1AT9;FINANCIAL;-;-;-;-;-;-;-;-;-;209,024;-;-;-;-;-;-;-
DOLF27P005500;BRBMEFDE1AU7;FINANCIAL;-;-;-;-;-;-;-;-;-;340,139;-;-;-;-;-;-;-
DOLF27P005700;BRBMEFDE1AV5;FINANCIAL;-;-;-;-;-;-;-;-;-;491,096;-;-;-;-;-;-;-
DOLF27P005900;BRBMEFDE1AW3;FINANCIAL;-;-;-;-;-;-;-;-;-;656,736;-;-;-;-;-;-;-
DOLF27P006100;BRBMEFDE1AX1;FINANCIAL;-;-;-;-;-;-;-;-;-;831,891;-;-;-;-;-;-;-
DOLF27P006200;BRBMEFDE1AY9;FINANCIAL;-;-;-;-;-;-;-;-;-;920,807;-;-;-;-;-;-;-
DOLF27P006300;BRBMEFDE1AZ6;FINANCIAL;-;-;-;-;-;-;-;-;-;1010,985;-;-;-;-;-;-;-
DOLJ27C005000;BRBMEFCL13X5;FINANCIAL;-;-;-;-;-;-;-;-;-;396,108;-;-;-;-;-;-;-
DOLJ27C005100;BRBMEFCL13Y3;FINANCIAL;-;-;-;-;-;-;-;-;-;334,941;-;-;-;-;-;-;-
DOLJ27C005200;BRBMEFCL13Z0;FINANCIAL;-;-;-;-;-;-;-;-;-;280,933;-;-;-;-;-;-;-
DOLJ27C005300;BRBMEFCL1409;FINANCIAL;-;-;-;-;-;-;-;-;-;236,037;-;-;-;-;-;-;-
DOLJ27C005400;BRBMEFCL1417;FINANCIAL;-;-;-;-;-;-;-;-;-;198,155;-;-;-;-;-;-;-
DOLJ27C005500;BRBMEFCL1425;FINANCIAL;-;-;-;-;-;-;-;-;-;166,637;-;-;-;-;-;-;-
DOLJ27C005600;BRBMEFCL1433;FINANCIAL;-;-;-;-;-;-;-;-;-;140,411;-;-;-;-;-;-;-
DOLJ27C005700;BRBMEFCL1441;FINANCIAL;-;-;-;-;-;-;-;-;-;118,008;-;-;-;-;-;-;-
DOLJ27C005800;BRBMEFCL1458;FINANCIAL;-;-;-;-;-;-;-;-;-;99,515;-;-;-;-;-;-;-
DOLJ27C005900;BRBMEFCL1466;FINANCIAL;-;-;-;-;-;-;-;-;-;83,807;-;-;-;-;-;-;-
DOLJ27C006000;BRBMEFCL1474;FINANCIAL;-;-;-;-;-;-;-;-;-;69,653;-;-;-;-;-;-;-
DOLJ27C006100;BRBMEFCL1482;FINANCIAL;-;-;-;-;-;-;-;-;-;58,034;-;-;-;-;-;-;-
DOLJ27C006200;BRBMEFCL1490;FINANCIAL;-;-;-;-;-;-;-;-;-;48,521;-;-;-;-;-;-;-
DOLJ27C006300;BRBMEFCL14A1;FINANCIAL;-;-;-;-;-;-;-;-;-;40,662;-;-;-;-;-;-;-
DOLJ27P005000;BRBMEFVDE4P5;FINANCIAL;-;-;-;-;-;-;-;-;-;77,751;-;-;-;-;-;-;-
DOLJ27P005100;BRBMEFVDE4Q3;FINANCIAL;-;-;-;-;-;-;-;-;-;108,514;-;-;-;-;-;-;-
DOLJ27P005200;BRBMEFVDE4R1;FINANCIAL;-;-;-;-;-;-;-;-;-;146,437;-;-;-;-;-;-;-
DOLJ27P005300;BRBMEFVDE4S9;FINANCIAL;-;-;-;-;-;-;-;-;-;193,472;-;-;-;-;-;-;-
DOLJ27P005400;BRBMEFVDE4T7;FINANCIAL;-;-;-;-;-;-;-;-;-;247,521;-;-;-;-;-;-;-
DOLJ27P005500;BRBMEFVDE4U5;FINANCIAL;-;-;-;-;-;-;-;-;-;307,933;-;-;-;-;-;-;-
DOLJ27P005600;BRBMEFVDE4V3;FINANCIAL;-;-;-;-;-;-;-;-;-;373,638;-;-;-;-;-;-;-
DOLJ27P005700;BRBMEFVDE4W1;FINANCIAL;-;-;-;-;-;-;-;-;-;443,166;-;-;-;-;-;-;-
DOLJ27P005800;BRBMEFVDE4X9;FINANCIAL;-;-;-;-;-;-;-;-;-;516,604;-;-;-;-;-;-;-
DOLJ27P005900;BRBMEFVDE4Y7;FINANCIAL;-;-;-;-;-;-;-;-;-;592,827;-;-;-;-;-;-;-
DOLJ27P006000;BRBMEFVDE4Z4;FINANCIAL;-;-;-;-;-;-;-;-;-;670,603;-;-;-;-;-;-;-
DOLJ27P006100;BRBMEFVDE504;FINANCIAL;-;-;-;-;-;-;-;-;-;750,915;-;-;-;-;-;-;-
DOLJ27P006200;BRBMEFVDE512;FINANCIAL;-;-;-;-;-;-;-;-;-;833,333;-;-;-;-;-;-;-
DOLJ27P006300;BRBMEFVDE520;FINANCIAL;-;-;-;-;-;-;-;-;-;917,404;-;-;-;-;-;-;-
DOLV26C005000;BRBMEFCD41F0;FINANCIAL;-;-;-;-;-;-;-;-;-;180,508;-;-;-;-;-;-;-
DOLV26C005100;BRBMEFCD41G8;FINANCIAL;-;-;-;-;-;-;-;-;-;117,249;-;-;-;-;-;-;-
DOLV26C005200;BRBMEFCD41H6;FINANCIAL;-;-;-;-;-;-;-;-;-;74,483;-;-;-;-;-;-;-
DOLV26C005300;BRBMEFCD41I4;FINANCIAL;-;-;-;-;-;-;-;-;-;47,158;-;-;-;-;-;-;-
DOLV26C005400;BRBMEFCD41J2;FINANCIAL;28;28;28;28;28;-24,73;-;-;-;29,844;-;-;-;-;1;65;91000
DOLV26C005500;BRBMEFCD41K0;FINANCIAL;-;-;-;-;-;-;-;-;-;18,278;-;-;-;-;-;-;-
DOLV26C005600;BRBMEFCD41L8;FINANCIAL;-;-;-;-;-;-;-;-;-;11,037;-;-;-;-;-;-;-
DOLV26C005700;BRBMEFCD41M6;FINANCIAL;-;-;-;-;-;-;-;-;-;6,291;-;-;-;-;-;-;-
DOLV26C005800;BRBMEFCD41N4;FINANCIAL;-;-;-;-;-;-;-;-;-;3,274;-;-;-;-;-;-;-
DOLV26C005900;BRBMEFCD41O2;FINANCIAL;-;-;-;-;-;-;-;-;-;1,657;-;-;-;-;-;-;-
DOLV26C006000;BRBMEFCD41P9;FINANCIAL;-;-;-;-;-;-;-;-;-;0,792;-;-;-;-;-;-;-
DOLV26C006100;BRBMEFCD41Q7;FINANCIAL;-;-;-;-;-;-;-;-;-;0,342;-;-;-;-;-;-;-
DOLV26C006200;BRBMEFCD41R5;FINANCIAL;-;-;-;-;-;-;-;-;-;0,141;-;-;-;-;-;-;-
DOLV26C006300;BRBMEFCD41S3;FINANCIAL;-;-;-;-;-;-;-;-;-;0,056;-;-;-;-;-;-;-
DOLV26P005000;BRBMEFVD41E3;FINANCIAL;27;27;27;27;27;-11,76;-;-;-;26,802;-;-;-;-;1;600;810000
DOLV26P005100;BRBMEFVD41G8;FINANCIAL;-;-;-;-;-;-;-;-;-;61,398;-;-;-;-;-;-;-
DOLV26P005200;BRBMEFVD41I4;FINANCIAL;120;120;120;120;120;-;-;-;-;116,487;-;-;-;-;1;200;1200000
DOLV26P005300;BRBMEFVD41J2;FINANCIAL;-;-;-;-;-;-;-;-;-;187,017;-;-;-;-;-;-;-
DOLV26P005400;BRBMEFVD41K0;FINANCIAL;-;-;-;-;-;-;-;-;-;267,557;-;-;-;-;-;-;-
DOLV26P005500;BRBMEFVD41L8;FINANCIAL;-;-;-;-;-;-;-;-;-;353,846;-;-;-;-;-;-;-
DOLV26P005600;BRBMEFVD41M6;FINANCIAL;-;-;-;-;-;-;-;-;-;444,46;-;-;-;-;-;-;-
DOLV26P005700;BRBMEFVD41N4;FINANCIAL;-;-;-;-;-;-;-;-;-;537,569;-;-;-;-;-;-;-
DOLV26P005800;BRBMEFVD41O2;FINANCIAL;-;-;-;-;-;-;-;-;-;632,406;-;-;-;-;-;-;-
DOLV26P005900;BRBMEFVD41P9;FINANCIAL;-;-;-;-;-;-;-;-;-;728,644;-;-;-;-;-;-;-
DOLV26P006000;BRBMEFVD41Q7;FINANCIAL;-;-;-;-;-;-;-;-;-;825,634;-;-;-;-;-;-;-
DOLV26P006100;BRBMEFVD41R5;FINANCIAL;-;-;-;-;-;-;-;-;-;923,039;-;-;-;-;-;-;-
DOLV26P006200;BRBMEFVD41S3;FINANCIAL;-;-;-;-;-;-;-;-;-;1020,692;-;-;-;-;-;-;-
DOLV26P006300;BRBMEFVD41T1;FINANCIAL;-;-;-;-;-;-;-;-;-;1118,462;-;-;-;-;-;-;-
DOLV26C006400;BRBMEFCD41T1;FINANCIAL;-;-;-;-;-;-;-;-;-;0,021;-;-;-;-;-;-;-
DOLV26C006450;BRBMEFCD41U9;FINANCIAL;-;-;-;-;-;-;-;-;-;0,013;-;-;-;-;-;-;-
DOLV26C006500;BRBMEFCD41V7;FINANCIAL;-;-;-;-;-;-;-;-;-;0,008;-;-;-;-;-;-;-
DOLV26C006550;BRBMEFCD41W5;FINANCIAL;-;-;-;-;-;-;-;-;-;0,005;-;-;-;-;-;-;-
DOLV26C006600;BRBMEFCD41X3;FINANCIAL;-;-;-;-;-;-;-;-;-;0,003;-;-;-;-;-;-;-
DOLV26C006650;BRBMEFCD41Y1;FINANCIAL;-;-;-;-;-;-;-;-;-;0,002;-;-;-;-;-;-;-
DOLV26C006700;BRBMEFCD41Z8;FINANCIAL;-;-;-;-;-;-;-;-;-;0,001;-;-;-;-;-;-;-
DOLV26C006750;BRBMEFCD4205;FINANCIAL;-;-;-;-;-;-;-;-;-;0,001;-;-;-;-;-;-;-
DOLV26C006800;BRBMEFCD4213;FINANCIAL;-;-;-;-;-;-;-;-;-;0,001;-;-;-;-;-;-;-
DOLV26C006850;BRBMEFCD4221;FINANCIAL;-;-;-;-;-;-;-;-;-;0,001;-;-;-;-;-;-;-
DOLV26C006900;BRBMEFCD4239;FINANCIAL;-;-;-;-;-;-;-;-;-;0,001;-;-;-;-;-;-;-
DOLV26C006950;BRBMEFCD4247;FINANCIAL;-;-;-;-;-;-;-;-;-;0,001;-;-;-;-;-;-;-
DOLV26C007000;BRBMEFCD4254;FINANCIAL;-;-;-;-;-;-;-;-;-;0,001;-;-;-;-;-;-;-
DOLV26P006400;BRBMEFVD41U9;FINANCIAL;-;-;-;-;-;-;-;-;-;1216,282;-;-;-;-;-;-;-
DOLV26P006450;BRBMEFVD41V7;FINANCIAL;-;-;-;-;-;-;-;-;-;1265,201;-;-;-;-;-;-;-
DOLV26P006500;BRBMEFVD41W5;FINANCIAL;-;-;-;-;-;-;-;-;-;1314,123;-;-;-;-;-;-;-
DOLV26P006550;BRBMEFVD41X3;FINANCIAL;-;-;-;-;-;-;-;-;-;1363,047;-;-;-;-;-;-;-
DOLV26P006600;BRBMEFVD41Y1;FINANCIAL;-;-;-;-;-;-;-;-;-;1411,973;-;-;-;-;-;-;-
DOLV26P006650;BRBMEFVD41Z8;FINANCIAL;-;-;-;-;-;-;-;-;-;1460,899;-;-;-;-;-;-;-
DOLV26P006700;BRBMEFVD4202;FINANCIAL;-;-;-;-;-;-;-;-;-;1509,826;-;-;-;-;-;-;-
DOLV26P006750;BRBMEFVD4210;FINANCIAL;-;-;-;-;-;-;-;-;-;1558,753;-;-;-;-;-;-;-
DOLV26P006800;BRBMEFVD4228;FINANCIAL;-;-;-;-;-;-;-;-;-;1607,68;-;-;-;-;-;-;-
DOLV26P006850;BRBMEFVD4236;FINANCIAL;-;-;-;-;-;-;-;-;-;1656,607;-;-;-;-;-;-;-
DOLV26P006900;BRBMEFVD4244;FINANCIAL;-;-;-;-;-;-;-;-;-;1705,535;-;-;-;-;-;-;-
DOLV26P006950;BRBMEFVD4251;FINANCIAL;-;-;-;-;-;-;-;-;-;1754,462;-;-;-;-;-;-;-
DOLV26P007000;BRBMEFVD4269;FINANCIAL;-;-;-;-;-;-;-;-;-;1803,389;-;-;-;-;-;-;-
DOLF28C011000;BRBMEFCE1BU6;FINANCIAL;-;-;-;-;-;-;-;-;-;0,728;-;-;-;-;-;-;-
DOLF28P011000;BRBMEFDE1B00;FINANCIAL;-;-;-;-;-;-;-;-;-;4459,45;-;-;-;-;-;-;-
DOLN27C009700;BRBMEFCD6788;FINANCIAL;-;-;-;-;-;-;-;-;-;0,168;-;-;-;-;-;-;-
DOLN27P009700;BRBMEFVDR787;FINANCIAL;-;-;-;-;-;-;-;-;-;3786,306;-;-;-;-;-;-;-
DOLF28C008500;BRBMEFCE1BV4;FINANCIAL;-;-;-;-;-;-;-;-;-;16,392;-;-;-;-;-;-;-
DOLF28P008500;BRBMEFDE1B18;FINANCIAL;-;-;-;-;-;-;-;-;-;2391,211;-;-;-;-;-;-;-
DOLN27C007650;BRBMEFCD6796;FINANCIAL;-;-;-;-;-;-;-;-;-;9,46;-;-;-;-;-;-;-
DOLN27P007650;BRBMEFVDR795;FINANCIAL;-;-;-;-;-;-;-;-;-;1970,926;-;-;-;-;-;-;-
DOLF29C007500;BRBMEFCE1BY8;FINANCIAL;-;-;-;-;-;-;-;-;-;156,748;-;-;-;-;-;-;-
DOLF29P007500;BRBMEFDE1B42;FINANCIAL;-;-;-;-;-;-;-;-;-;1182,701;-;-;-;-;-;-;-
DOLF27C005750;BRBMEFCE1BZ5;FINANCIAL;-;-;-;-;-;-;-;-;-;56,841;-;-;-;-;-;-;-
DOLF27C005850;BRBMEFCE1C01;FINANCIAL;-;-;-;-;-;-;-;-;-;44,945;-;-;-;-;-;-;-
DOLF27C005950;BRBMEFCE1C19;FINANCIAL;-;-;-;-;-;-;-;-;-;35,703;-;-;-;-;-;-;-
DOLF27C006050;BRBMEFCE1C27;FINANCIAL;-;-;-;-;-;-;-;-;-;28,535;-;-;-;-;-;-;-
DOLF27C006150;BRBMEFCE1C35;FINANCIAL;-;-;-;-;-;-;-;-;-;22,452;-;-;-;-;-;-;-
DOLF27C006250;BRBMEFCE1C43;FINANCIAL;-;-;-;-;-;-;-;-;-;17,231;-;-;-;-;-;-;-
DOLF27P005750;BRBMEFDE1B59;FINANCIAL;-;-;-;-;-;-;-;-;-;531,328;-;-;-;-;-;-;-
DOLF27P005850;BRBMEFDE1B67;FINANCIAL;-;-;-;-;-;-;-;-;-;614,238;-;-;-;-;-;-;-
DOLF27P005950;BRBMEFDE1B75;FINANCIAL;-;-;-;-;-;-;-;-;-;699,801;-;-;-;-;-;-;-
DOLF27P006050;BRBMEFDE1B83;FINANCIAL;-;-;-;-;-;-;-;-;-;787,438;-;-;-;-;-;-;-
DOLF27P006150;BRBMEFDE1B91;FINANCIAL;-;-;-;-;-;-;-;-;-;876,16;-;-;-;-;-;-;-
DOLF27P006250;BRBMEFDE1BA7;FINANCIAL;-;-;-;-;-;-;-;-;-;965,744;-;-;-;-;-;-;-
DOLF28C005750;BRBMEFCE1C50;FINANCIAL;-;-;-;-;-;-;-;-;-;283,334;-;-;-;-;-;-;-
DOLF28C005850;BRBMEFCE1C68;FINANCIAL;-;-;-;-;-;-;-;-;-;255,025;-;-;-;-;-;-;-
DOLF28C005950;BRBMEFCE1C76;FINANCIAL;-;-;-;-;-;-;-;-;-;229,742;-;-;-;-;-;-;-
DOLF28C006050;BRBMEFCE1C84;FINANCIAL;-;-;-;-;-;-;-;-;-;207,201;-;-;-;-;-;-;-
DOLF28C006150;BRBMEFCE1C92;FINANCIAL;-;-;-;-;-;-;-;-;-;186,922;-;-;-;-;-;-;-
DOLF28C006250;BRBMEFCE1CA6;FINANCIAL;-;-;-;-;-;-;-;-;-;168,668;-;-;-;-;-;-;-
DOLF28P005750;BRBMEFDE1BB5;FINANCIAL;-;-;-;-;-;-;-;-;-;365,858;-;-;-;-;-;-;-
DOLF28P005850;BRBMEFDE1BC3;FINANCIAL;-;-;-;-;-;-;-;-;-;420,906;-;-;-;-;-;-;-
DOLF28P005950;BRBMEFDE1BD1;FINANCIAL;-;-;-;-;-;-;-;-;-;478,979;-;-;-;-;-;-;-
DOLF28P006050;BRBMEFDE1BE9;FINANCIAL;-;-;-;-;-;-;-;-;-;539,794;-;-;-;-;-;-;-
DOLF28P006150;BRBMEFDE1BF6;FINANCIAL;-;-;-;-;-;-;-;-;-;602,871;-;-;-;-;-;-;-
DOLF28P006250;BRBMEFDE1BG4;FINANCIAL;-;-;-;-;-;-;-;-;-;667,974;-;-;-;-;-;-;-
DOLF29C005750;BRBMEFCE1CB4;FINANCIAL;-;-;-;-;-;-;-;-;-;514,683;-;-;-;-;-;-;-
DOLF29C005850;BRBMEFCE1CC2;FINANCIAL;-;-;-;-;-;-;-;-;-;477,738;-;-;-;-;-;-;-
DOLF29C005950;BRBMEFCE1CD0;FINANCIAL;-;-;-;-;-;-;-;-;-;444,286;-;-;-;-;-;-;-
DOLF29C006050;BRBMEFCE1CE8;FINANCIAL;-;-;-;-;-;-;-;-;-;413,192;-;-;-;-;-;-;-
DOLF29C006150;BRBMEFCE1CF5;FINANCIAL;-;-;-;-;-;-;-;-;-;384,065;-;-;-;-;-;-;-
DOLF29C006250;BRBMEFCE1CG3;FINANCIAL;-;-;-;-;-;-;-;-;-;357,329;-;-;-;-;-;-;-
DOLF29P005750;BRBMEFDE1BH2;FINANCIAL;-;-;-;-;-;-;-;-;-;260,932;-;-;-;-;-;-;-
DOLF29P005850;BRBMEFDE1BI0;FINANCIAL;-;-;-;-;-;-;-;-;-;297,113;-;-;-;-;-;-;-
DOLF29P005950;BRBMEFDE1BJ8;FINANCIAL;-;-;-;-;-;-;-;-;-;336,786;-;-;-;-;-;-;-
DOLF29P006050;BRBMEFDE1BK6;FINANCIAL;-;-;-;-;-;-;-;-;-;378,819;-;-;-;-;-;-;-
DOLF29P006150;BRBMEFDE1BL4;FINANCIAL;-;-;-;-;-;-;-;-;-;422,817;-;-;-;-;-;-;-
DOLF29P006250;BRBMEFDE1BM2;FINANCIAL;-;-;-;-;-;-;-;-;-;469,207;-;-;-;-;-;-;-
DOLJ27C005750;BRBMEFCL14L8;FINANCIAL;-;-;-;-;-;-;-;-;-;108,331;-;-;-;-;-;-;-
DOLJ27C005850;BRBMEFCL14M6;FINANCIAL;-;-;-;-;-;-;-;-;-;91,487;-;-;-;-;-;-;-
DOLJ27C005950;BRBMEFCL14N4;FINANCIAL;-;-;-;-;-;-;-;-;-;76,34;-;-;-;-;-;-;-
DOLJ27C006050;BRBMEFCL14O2;FINANCIAL;-;-;-;-;-;-;-;-;-;63,568;-;-;-;-;-;-;-
DOLJ27C006150;BRBMEFCL14P9;FINANCIAL;-;-;-;-;-;-;-;-;-;53,1;-;-;-;-;-;-;-
DOLJ27C006250;BRBMEFCL14Q7;FINANCIAL;-;-;-;-;-;-;-;-;-;44,36;-;-;-;-;-;-;-
DOLJ27P005750;BRBMEFVDE5D8;FINANCIAL;-;-;-;-;-;-;-;-;-;479,454;-;-;-;-;-;-;-
DOLJ27P005850;BRBMEFVDE5E6;FINANCIAL;-;-;-;-;-;-;-;-;-;554,541;-;-;-;-;-;-;-
DOLJ27P005950;BRBMEFVDE5F3;FINANCIAL;-;-;-;-;-;-;-;-;-;631,325;-;-;-;-;-;-;-
DOLJ27P006050;BRBMEFVDE5G1;FINANCIAL;-;-;-;-;-;-;-;-;-;710,484;-;-;-;-;-;-;-
DOLJ27P006150;BRBMEFVDE5H9;FINANCIAL;-;-;-;-;-;-;-;-;-;791,946;-;-;-;-;-;-;-
DOLJ27P006250;BRBMEFVDE5I7;FINANCIAL;-;-;-;-;-;-;-;-;-;875,137;-;-;-;-;-;-;-
DOLN27C005000;BRBMEFCD67A6;FINANCIAL;-;-;-;-;-;-;-;-;-;479,615;-;-;-;-;-;-;-
DOLN27C005050;BRBMEFCD67B4;FINANCIAL;-;-;-;-;-;-;-;-;-;448,161;-;-;-;-;-;-;-
DOLN27C005100;BRBMEFCD67C2;FINANCIAL;-;-;-;-;-;-;-;-;-;418,317;-;-;-;-;-;-;-
DOLN27C005150;BRBMEFCD67D0;FINANCIAL;-;-;-;-;-;-;-;-;-;389,831;-;-;-;-;-;-;-
DOLN27C005200;BRBMEFCD67E8;FINANCIAL;-;-;-;-;-;-;-;-;-;362,549;-;-;-;-;-;-;-
DOLN27C005250;BRBMEFCD67F5;FINANCIAL;-;-;-;-;-;-;-;-;-;336,804;-;-;-;-;-;-;-
DOLN27C005300;BRBMEFCD67G3;FINANCIAL;-;-;-;-;-;-;-;-;-;313,312;-;-;-;-;-;-;-
DOLN27C005350;BRBMEFCD67H1;FINANCIAL;-;-;-;-;-;-;-;-;-;291,569;-;-;-;-;-;-;-
DOLN27C005400;BRBMEFCD67I9;FINANCIAL;-;-;-;-;-;-;-;-;-;271,369;-;-;-;-;-;-;-
DOLN27C005450;BRBMEFCD67J7;FINANCIAL;-;-;-;-;-;-;-;-;-;252,301;-;-;-;-;-;-;-
DOLN27C005500;BRBMEFCD67K5;FINANCIAL;-;-;-;-;-;-;-;-;-;234,673;-;-;-;-;-;-;-
DOLN27C005550;BRBMEFCD67L3;FINANCIAL;-;-;-;-;-;-;-;-;-;218,429;-;-;-;-;-;-;-
DOLN27C005600;BRBMEFCD67M1;FINANCIAL;-;-;-;-;-;-;-;-;-;203,505;-;-;-;-;-;-;-
DOLN27C005650;BRBMEFCD67N9;FINANCIAL;-;-;-;-;-;-;-;-;-;189,471;-;-;-;-;-;-;-
DOLN27C005700;BRBMEFCD67O7;FINANCIAL;-;-;-;-;-;-;-;-;-;176,623;-;-;-;-;-;-;-
DOLN27C005750;BRBMEFCD67P4;FINANCIAL;-;-;-;-;-;-;-;-;-;164,716;-;-;-;-;-;-;-
DOLN27C005800;BRBMEFCD67Q2;FINANCIAL;-;-;-;-;-;-;-;-;-;153,517;-;-;-;-;-;-;-
DOLN27C005850;BRBMEFCD67R0;FINANCIAL;-;-;-;-;-;-;-;-;-;142,975;-;-;-;-;-;-;-
DOLN27C005900;BRBMEFCD67S8;FINANCIAL;-;-;-;-;-;-;-;-;-;133,374;-;-;-;-;-;-;-
DOLN27C005950;BRBMEFCD67T6;FINANCIAL;-;-;-;-;-;-;-;-;-;124,489;-;-;-;-;-;-;-
DOLN27C006000;BRBMEFCD67U4;FINANCIAL;-;-;-;-;-;-;-;-;-;116,267;-;-;-;-;-;-;-
DOLN27C006050;BRBMEFCD67V2;FINANCIAL;-;-;-;-;-;-;-;-;-;108,661;-;-;-;-;-;-;-
DOLN27C006100;BRBMEFCD67W0;FINANCIAL;-;-;-;-;-;-;-;-;-;101,625;-;-;-;-;-;-;-
DOLN27C006150;BRBMEFCD67X8;FINANCIAL;-;-;-;-;-;-;-;-;-;94,267;-;-;-;-;-;-;-
DOLN27C006200;BRBMEFCD67Y6;FINANCIAL;-;-;-;-;-;-;-;-;-;87,589;-;-;-;-;-;-;-
DOLN27C006250;BRBMEFCD67Z3;FINANCIAL;-;-;-;-;-;-;-;-;-;81,275;-;-;-;-;-;-;-
DOLN27C006300;BRBMEFCD6804;FINANCIAL;-;-;-;-;-;-;-;-;-;75,559;-;-;-;-;-;-;-
DOLN27C006350;BRBMEFCD6812;FINANCIAL;-;-;-;-;-;-;-;-;-;70,149;-;-;-;-;-;-;-
DOLN27C006400;BRBMEFCD6820;FINANCIAL;-;-;-;-;-;-;-;-;-;65,262;-;-;-;-;-;-;-
DOLN27C006450;BRBMEFCD6838;FINANCIAL;-;-;-;-;-;-;-;-;-;60,742;-;-;-;-;-;-;-
DOLN27C006500;BRBMEFCD6846;FINANCIAL;-;-;-;-;-;-;-;-;-;56,453;-;-;-;-;-;-;-
DOLN27C006550;BRBMEFCD6853;FINANCIAL;-;-;-;-;-;-;-;-;-;52,591;-;-;-;-;-;-;-
DOLN27C006600;BRBMEFCD6861;FINANCIAL;-;-;-;-;-;-;-;-;-;49,018;-;-;-;-;-;-;-
DOLN27C006650;BRBMEFCD6879;FINANCIAL;-;-;-;-;-;-;-;-;-;45,714;-;-;-;-;-;-;-
DOLN27C006700;BRBMEFCD6887;FINANCIAL;-;-;-;-;-;-;-;-;-;42,656;-;-;-;-;-;-;-
DOLN27C006750;BRBMEFCD6895;FINANCIAL;-;-;-;-;-;-;-;-;-;39,827;-;-;-;-;-;-;-
DOLN27C006800;BRBMEFCD68A4;FINANCIAL;-;-;-;-;-;-;-;-;-;37,291;-;-;-;-;-;-;-
DOLN27C006850;BRBMEFCD68B2;FINANCIAL;-;-;-;-;-;-;-;-;-;34,704;-;-;-;-;-;-;-
DOLN27C006900;BRBMEFCD68C0;FINANCIAL;-;-;-;-;-;-;-;-;-;32,084;-;-;-;-;-;-;-
DOLN27C006950;BRBMEFCD68D8;FINANCIAL;-;-;-;-;-;-;-;-;-;29,664;-;-;-;-;-;-;-
DOLN27C007000;BRBMEFCD68E6;FINANCIAL;-;-;-;-;-;-;-;-;-;27,431;-;-;-;-;-;-;-
DOLN27P005000;BRBMEFVDR7A5;FINANCIAL;-;-;-;-;-;-;-;-;-;82,359;-;-;-;-;-;-;-
DOLN27P005050;BRBMEFVDR7B3;FINANCIAL;-;-;-;-;-;-;-;-;-;95,409;-;-;-;-;-;-;-
DOLN27P005100;BRBMEFVDR7C1;FINANCIAL;-;-;-;-;-;-;-;-;-;110,07;-;-;-;-;-;-;-
DOLN27P005150;BRBMEFVDR7D9;FINANCIAL;-;-;-;-;-;-;-;-;-;126,088;-;-;-;-;-;-;-
DOLN27P005200;BRBMEFVDR7E7;FINANCIAL;-;-;-;-;-;-;-;-;-;143,31;-;-;-;-;-;-;-
DOLN27P005250;BRBMEFVDR7F4;FINANCIAL;-;-;-;-;-;-;-;-;-;162,069;-;-;-;-;-;-;-
DOLN27P005300;BRBMEFVDR7G2;FINANCIAL;-;-;-;-;-;-;-;-;-;183,082;-;-;-;-;-;-;-
DOLN27P005350;BRBMEFVDR7H0;FINANCIAL;-;-;-;-;-;-;-;-;-;205,842;-;-;-;-;-;-;-
DOLN27P005400;BRBMEFVDR7I8;FINANCIAL;-;-;-;-;-;-;-;-;-;230,147;-;-;-;-;-;-;-
DOLN27P005450;BRBMEFVDR7J6;FINANCIAL;-;-;-;-;-;-;-;-;-;255,583;-;-;-;-;-;-;-
DOLN27P005500;BRBMEFVDR7K4;FINANCIAL;-;-;-;-;-;-;-;-;-;282,459;-;-;-;-;-;-;-
DOLN27P005550;BRBMEFVDR7L2;FINANCIAL;-;-;-;-;-;-;-;-;-;310,72;-;-;-;-;-;-;-
DOLN27P005600;BRBMEFVDR7M0;FINANCIAL;-;-;-;-;-;-;-;-;-;340,3;-;-;-;-;-;-;-
DOLN27P005650;BRBMEFVDR7N8;FINANCIAL;-;-;-;-;-;-;-;-;-;370,77;-;-;-;-;-;-;-
DOLN27P005700;BRBMEFVDR7O6;FINANCIAL;-;-;-;-;-;-;-;-;-;402,426;-;-;-;-;-;-;-
DOLN27P005750;BRBMEFVDR7P3;FINANCIAL;-;-;-;-;-;-;-;-;-;435,024;-;-;-;-;-;-;-
DOLN27P005800;BRBMEFVDR7Q1;FINANCIAL;-;-;-;-;-;-;-;-;-;468,328;-;-;-;-;-;-;-
DOLN27P005850;BRBMEFVDR7R9;FINANCIAL;-;-;-;-;-;-;-;-;-;502,291;-;-;-;-;-;-;-
DOLN27P005900;BRBMEFVDR7S7;FINANCIAL;-;-;-;-;-;-;-;-;-;537,194;-;-;-;-;-;-;-
DOLQ27P005850;BRBMEFVA03P5;FINANCIAL;-;-;-;-;-;-;-;-;-;485,162;-;-;-;-;-;-;-
DOLQ27P005900;BRBMEFVA03Q3;FINANCIAL;-;-;-;-;-;-;-;-;-;518,137;-;-;-;-;-;-;-
DOLQ27P005950;BRBMEFVA03R1;FINANCIAL;-;-;-;-;-;-;-;-;-;552,042;-;-;-;-;-;-;-
DOLQ27P006000;BRBMEFVA03S9;FINANCIAL;-;-;-;-;-;-;-;-;-;586,653;-;-;-;-;-;-;-
DOLQ27P006050;BRBMEFVA03T7;FINANCIAL;-;-;-;-;-;-;-;-;-;621,923;-;-;-;-;-;-;-
DOLQ27P006100;BRBMEFVA03U5;FINANCIAL;-;-;-;-;-;-;-;-;-;657,811;-;-;-;-;-;-;-
DOLQ27P006150;BRBMEFVA03V3;FINANCIAL;-;-;-;-;-;-;-;-;-;694,275;-;-;-;-;-;-;-
DOLQ27P006200;BRBMEFVA03W1;FINANCIAL;-;-;-;-;-;-;-;-;-;731,128;-;-;-;-;-;-;-
DOLQ27P006250;BRBMEFVA03X9;FINANCIAL;-;-;-;-;-;-;-;-;-;768,49;-;-;-;-;-;-;-
DOLQ27P006300;BRBMEFVA03Y7;FINANCIAL;-;-;-;-;-;-;-;-;-;806,327;-;-;-;-;-;-;-
DOLQ27P006350;BRBMEFVA03Z4;FINANCIAL;-;-;-;-;-;-;-;-;-;844,606;-;-;-;-;-;-;-
DOLQ27P006400;BRBMEFVA0401;FINANCIAL;-;-;-;-;-;-;-;-;-;883,296;-;-;-;-;-;-;-
DOLQ27P006450;BRBMEFVA0419;FINANCIAL;-;-;-;-;-;-;-;-;-;922,368;-;-;-;-;-;-;-
DOLQ27P006500;BRBMEFVA0427;FINANCIAL;-;-;-;-;-;-;-;-;-;961,794;-;-;-;-;-;-;-
DOLV27C004500;BRBMEFCD45F1;FINANCIAL;-;-;-;-;-;-;-;-;-;921,193;-;-;-;-;-;-;-
DOLV27C004550;BRBMEFCD45G9;FINANCIAL;-;-;-;-;-;-;-;-;-;881,374;-;-;-;-;-;-;-
DOLV27C004600;BRBMEFCD45H7;FINANCIAL;-;-;-;-;-;-;-;-;-;842,066;-;-;-;-;-;-;-
DOLV27C004650;BRBMEFCD45I5;FINANCIAL;-;-;-;-;-;-;-;-;-;803,24;-;-;-;-;-;-;-
DOLV27C004700;BRBMEFCD45J3;FINANCIAL;-;-;-;-;-;-;-;-;-;765,101;-;-;-;-;-;-;-
DOLV27C004750;BRBMEFCD45K1;FINANCIAL;-;-;-;-;-;-;-;-;-;727,83;-;-;-;-;-;-;-
DOLV27C004800;BRBMEFCD45L9;FINANCIAL;-;-;-;-;-;-;-;-;-;691,319;-;-;-;-;-;-;-
DOLV27C004850;BRBMEFCD45M7;FINANCIAL;-;-;-;-;-;-;-;-;-;655,74;-;-;-;-;-;-;-
DOLV27C004900;BRBMEFCD45N5;FINANCIAL;-;-;-;-;-;-;-;-;-;620,92;-;-;-;-;-;-;-
DOLV27C004950;BRBMEFCD45O3;FINANCIAL;-;-;-;-;-;-;-;-;-;587,016;-;-;-;-;-;-;-
DOLV27C005000;BRBMEFCD45P0;FINANCIAL;-;-;-;-;-;-;-;-;-;554,073;-;-;-;-;-;-;-
DOLV27C005050;BRBMEFCD45Q8;FINANCIAL;-;-;-;-;-;-;-;-;-;522,286;-;-;-;-;-;-;-
DOLV27C005100;BRBMEFCD45R6;FINANCIAL;-;-;-;-;-;-;-;-;-;491,392;-;-;-;-;-;-;-
DOLV27C005150;BRBMEFCD45S4;FINANCIAL;-;-;-;-;-;-;-;-;-;462,249;-;-;-;-;-;-;-
DOLV27C005200;BRBMEFCD45T2;FINANCIAL;-;-;-;-;-;-;-;-;-;434,439;-;-;-;-;-;-;-
DOLV27C005250;BRBMEFCD45U0;FINANCIAL;-;-;-;-;-;-;-;-;-;407,81;-;-;-;-;-;-;-
DOLV27C005300;BRBMEFCD45V8;FINANCIAL;-;-;-;-;-;-;-;-;-;382,367;-;-;-;-;-;-;-
DOLV27C005350;BRBMEFCD45W6;FINANCIAL;-;-;-;-;-;-;-;-;-;358,107;-;-;-;-;-;-;-
DOLV27C005400;BRBMEFCD45X4;FINANCIAL;-;-;-;-;-;-;-;-;-;336,211;-;-;-;-;-;-;-
DOLV27C005450;BRBMEFCD45Y2;FINANCIAL;-;-;-;-;-;-;-;-;-;315,514;-;-;-;-;-;-;-
DOLV27C005500;BRBMEFCD45Z9;FINANCIAL;-;-;-;-;-;-;-;-;-;295,982;-;-;-;-;-;-;-
DOLV27C005550;BRBMEFCD4601;FINANCIAL;-;-;-;-;-;-;-;-;-;277,78;-;-;-;-;-;-;-
DOLV27C005600;BRBMEFCD4619;FINANCIAL;-;-;-;-;-;-;-;-;-;260,458;-;-;-;-;-;-;-
DOLV27C005650;BRBMEFCD4627;FINANCIAL;-;-;-;-;-;-;-;-;-;244,586;-;-;-;-;-;-;-
DOLV27C005700;BRBMEFCD4635;FINANCIAL;-;-;-;-;-;-;-;-;-;229,909;-;-;-;-;-;-;-
DOLV27C005750;BRBMEFCD4643;FINANCIAL;-;-;-;-;-;-;-;-;-;216,172;-;-;-;-;-;-;-
DOLV27C005800;BRBMEFCD4650;FINANCIAL;-;-;-;-;-;-;-;-;-;203,323;-;-;-;-;-;-;-
DOLV27C005850;BRBMEFCD4668;FINANCIAL;-;-;-;-;-;-;-;-;-;191,509;-;-;-;-;-;-;-
DOLV27C005900;BRBMEFCD4676;FINANCIAL;-;-;-;-;-;-;-;-;-;180,282;-;-;-;-;-;-;-
DOLV27C005950;BRBMEFCD4684;FINANCIAL;-;-;-;-;-;-;-;-;-;169,795;-;-;-;-;-;-;-
DOLV27C006000;BRBMEFCD4692;FINANCIAL;-;-;-;-;-;-;-;-;-;159,813;-;-;-;-;-;-;-
DOLV27C006050;BRBMEFCD46A0;FINANCIAL;-;-;-;-;-;-;-;-;-;150,488;-;-;-;-;-;-;-
DOLV27C006100;BRBMEFCD46B8;FINANCIAL;-;-;-;-;-;-;-;-;-;141,78;-;-;-;-;-;-;-
DOLV27C006150;BRBMEFCD46C6;FINANCIAL;-;-;-;-;-;-;-;-;-;133,825;-;-;-;-;-;-;-
DOLV27C006200;BRBMEFCD46D4;FINANCIAL;-;-;-;-;-;-;-;-;-;126,401;-;-;-;-;-;-;-
DOLV27C006250;BRBMEFCD46E2;FINANCIAL;-;-;-;-;-;-;-;-;-;119,303;-;-;-;-;-;-;-
DOLV27C006300;BRBMEFCD46F9;FINANCIAL;-;-;-;-;-;-;-;-;-;112,84;-;-;-;-;-;-;-
DOLV27C006350;BRBMEFCD46G7;FINANCIAL;-;-;-;-;-;-;-;-;-;106,165;-;-;-;-;-;-;-
DOLV27C006400;BRBMEFCD46H5;FINANCIAL;-;-;-;-;-;-;-;-;-;99,769;-;-;-;-;-;-;-
DOLV27C006450;BRBMEFCD46I3;FINANCIAL;-;-;-;-;-;-;-;-;-;93,639;-;-;-;-;-;-;-
DOLV27C006500;BRBMEFCD46J1;FINANCIAL;-;-;-;-;-;-;-;-;-;88,054;-;-;-;-;-;-;-
DOLV27P004500;BRBMEFVD45G9;FINANCIAL;-;-;-;-;-;-;-;-;-;15,716;-;-;-;-;-;-;-
DOLV27P004550;BRBMEFVD45H7;FINANCIAL;-;-;-;-;-;-;-;-;-;18,941;-;-;-;-;-;-;-
DOLV27P004600;BRBMEFVD45I5;FINANCIAL;-;-;-;-;-;-;-;-;-;22,676;-;-;-;-;-;-;-
DOLV27P004650;BRBMEFVD45J3;FINANCIAL;-;-;-;-;-;-;-;-;-;26,893;-;-;-;-;-;-;-
DOLV27P004700;BRBMEFVD45K1;FINANCIAL;-;-;-;-;-;-;-;-;-;31,799;-;-;-;-;-;-;-
DOLV27P004750;BRBMEFVD45L9;FINANCIAL;-;-;-;-;-;-;-;-;-;37,57;-;-;-;-;-;-;-
DOLV27P004800;BRBMEFVD45M7;FINANCIAL;-;-;-;-;-;-;-;-;-;44,103;-;-;-;-;-;-;-
DOLV27P004850;BRBMEFVD45N5;FINANCIAL;-;-;-;-;-;-;-;-;-;51,568;-;-;-;-;-;-;-
DOLV27P004900;BRBMEFVD45O3;FINANCIAL;-;-;-;-;-;-;-;-;-;59,792;-;-;-;-;-;-;-
DOLV27P004950;BRBMEFVD45P0;FINANCIAL;-;-;-;-;-;-;-;-;-;68,931;-;-;-;-;-;-;-
DOLV27P005000;BRBMEFVD45Q8;FINANCIAL;-;-;-;-;-;-;-;-;-;79,031;-;-;-;-;-;-;-
DOLV27P005050;BRBMEFVD45R6;FINANCIAL;-;-;-;-;-;-;-;-;-;90,287;-;-;-;-;-;-;-
DOLV27P005100;BRBMEFVD45S4;FINANCIAL;-;-;-;-;-;-;-;-;-;102,437;-;-;-;-;-;-;-
DOLV27P005150;BRBMEFVD45T2;FINANCIAL;-;-;-;-;-;-;-;-;-;116,338;-;-;-;-;-;-;-
DOLV27P005200;BRBMEFVD45U0;FINANCIAL;-;-;-;-;-;-;-;-;-;131,571;-;-;-;-;-;-;-
DOLV27P005250;BRBMEFVD45V8;FINANCIAL;-;-;-;-;-;-;-;-;-;147,986;-;-;-;-;-;-;-
DOLV27P005300;BRBMEFVD45W6;FINANCIAL;-;-;-;-;-;-;-;-;-;165,586;-;-;-;-;-;-;-
DOLV27P005350;BRBMEFVD45X4;FINANCIAL;-;-;-;-;-;-;-;-;-;184,37;-;-;-;-;-;-;-
DOLV27P005400;BRBMEFVD45Y2;FINANCIAL;-;-;-;-;-;-;-;-;-;205,517;-;-;-;-;-;-;-
DOLV27P005450;BRBMEFVD45Z9;FINANCIAL;-;-;-;-;-;-;-;-;-;227,864;-;-;-;-;-;-;-
DOLV27P005500;BRBMEFVD4608;FINANCIAL;-;-;-;-;-;-;-;-;-;251,375;-;-;-;-;-;-;-
DOLV27P005550;BRBMEFVD4616;FINANCIAL;-;-;-;-;-;-;-;-;-;276,217;-;-;-;-;-;-;-
DOLV27P005600;BRBMEFVD4624;FINANCIAL;-;-;-;-;-;-;-;-;-;301,938;-;-;-;-;-;-;-
DOLV27P005650;BRBMEFVD4632;FINANCIAL;-;-;-;-;-;-;-;-;-;329,109;-;-;-;-;-;-;-
DOLV27P005700;BRBMEFVD4640;FINANCIAL;-;-;-;-;-;-;-;-;-;357,476;-;-;-;-;-;-;-
DOLV27P005750;BRBMEFVD4657;FINANCIAL;-;-;-;-;-;-;-;-;-;386,782;-;-;-;-;-;-;-
DOLV27P005800;BRBMEFVD4665;FINANCIAL;-;-;-;-;-;-;-;-;-;416,976;-;-;-;-;-;-;-
DOLV27P005850;BRBMEFVD4673;FINANCIAL;-;-;-;-;-;-;-;-;-;448,206;-;-;-;-;-;-;-
DOLV27P005900;BRBMEFVD4681;FINANCIAL;-;-;-;-;-;-;-;-;-;480,023;-;-;-;-;-;-;-
DOLV27P005950;BRBMEFVD4699;FINANCIAL;-;-;-;-;-;-;-;-;-;512,579;-;-;-;-;-;-;-
DOLV27P006000;BRBMEFVD46A0;FINANCIAL;-;-;-;-;-;-;-;-;-;545,64;-;-;-;-;-;-;-
DOLV27P006050;BRBMEFVD46B8;FINANCIAL;-;-;-;-;-;-;-;-;-;579,359;-;-;-;-;-;-;-
DOLV27P006100;BRBMEFVD46C6;FINANCIAL;-;-;-;-;-;-;-;-;-;613,694;-;-;-;-;-;-;-
DOLV27P006150;BRBMEFVD46D4;FINANCIAL;-;-;-;-;-;-;-;-;-;648,783;-;-;-;-;-;-;-
DOLV27P006200;BRBMEFVD46E2;FINANCIAL;-;-;-;-;-;-;-;-;-;684,403;-;-;-;-;-;-;-
DOLV27P006250;BRBMEFVD46F9;FINANCIAL;-;-;-;-;-;-;-;-;-;720,349;-;-;-;-;-;-;-
DOLV27P006300;BRBMEFVD46G7;FINANCIAL;-;-;-;-;-;-;-;-;-;756,928;-;-;-;-;-;-;-
DOLV27P006350;BRBMEFVD46H5;FINANCIAL;-;-;-;-;-;-;-;-;-;793,297;-;-;-;-;-;-;-
DOLV27P006400;BRBMEFVD46I3;FINANCIAL;-;-;-;-;-;-;-;-;-;829,945;-;-;-;-;-;-;-
DOLV27P006450;BRBMEFVD46J1;FINANCIAL;-;-;-;-;-;-;-;-;-;866,858;-;-;-;-;-;-;-
DOLV27P006500;BRBMEFVD46K9;FINANCIAL;-;-;-;-;-;-;-;-;-;904,316;-;-;-;-;-;-;-
DOLZ26C004900;BRBMEFD103J1;FINANCIAL;-;-;-;-;-;-;-;-;-;348,195;-;-;-;-;-;-;-
DOLZ26C005400;BRBMEFD103K9;FINANCIAL;-;-;-;-;-;-;-;-;-;104,722;-;-;-;-;-;-;-
DOLZ26P004900;BRBMEFD203I1;FINANCIAL;-;-;-;-;-;-;-;-;-;42,945;-;-;-;-;-;-;-
DOLZ26P005400;BRBMEFD203J9;FINANCIAL;-;-;-;-;-;-;-;-;-;278,86;-;-;-;-;-;-;-
DOLQ26C004950;BRBMEFDA0478;FINANCIAL;-;-;-;-;-;-;-;-;-;127,3;-;-;-;-;-;-;-
DOLQ26C007000;BRBMEFDA0486;FINANCIAL;-;-;-;-;-;-;-;-;-;0,001;-;-;-;-;-;-;-
DOLQ26P004950;BRBMEFVA0435;FINANCIAL;-;-;-;-;-;-;-;-;-;0,001;-;-;-;-;-;-;-
DOLQ26P007000;BRBMEFVA0443;FINANCIAL;-;-;-;-;-;-;-;-;-;1922,7;-;-;-;-;-;-;-
DOLQ26C004650;BRBMEFDA0494;FINANCIAL;-;-;-;-;-;-;-;-;-;427,3;-;-;-;-;-;-;-
DOLQ26C006750;BRBMEFDA04A3;FINANCIAL;-;-;-;-;-;-;-;-;-;0,001;-;-;-;-;-;-;-
DOLQ26P004650;BRBMEFVA0450;FINANCIAL;-;-;-;-;-;-;-;-;-;0,001;-;-;-;-;-;-;-
DOLQ26P006750;BRBMEFVA0468;FINANCIAL;-;-;-;-;-;-;-;-;-;1672,7;-;-;-;-;-;-;-
DOLQ26C004600;BRBMEFDA04B1;FINANCIAL;-;-;-;-;-;-;-;-;-;477,3;-;-;-;-;-;-;-
DOLQ26C006700;BRBMEFDA04C9;FINANCIAL;-;-;-;-;-;-;-;-;-;0,001;-;-;-;-;-;-;-
DOLQ26P004600;BRBMEFVA0476;FINANCIAL;-;-;-;-;-;-;-;-;-;0,001;-;-;-;-;-;-;-
DOLQ26P006700;BRBMEFVA0484;FINANCIAL;-;-;-;-;-;-;-;-;-;1622,7;-;-;-;-;-;-;-
DOLF30C006000;BRBMEFCE1G64;FINANCIAL;-;-;-;-;-;-;-;-;-;629,502;-;-;-;-;-;-;-
DOLF30C006050;BRBMEFCE1G72;FINANCIAL;-;-;-;-;-;-;-;-;-;611,833;-;-;-;-;-;-;-
DOLF30C006100;BRBMEFCE1G80;FINANCIAL;-;-;-;-;-;-;-;-;-;594,597;-;-;-;-;-;-;-
DOLF30C006150;BRBMEFCE1G98;FINANCIAL;-;-;-;-;-;-;-;-;-;577,789;-;-;-;-;-;-;-
DOLF30C006200;BRBMEFCE1GA7;FINANCIAL;-;-;-;-;-;-;-;-;-;561,695;-;-;-;-;-;-;-
DOLF30C006250;BRBMEFCE1GB5;FINANCIAL;-;-;-;-;-;-;-;-;-;545,734;-;-;-;-;-;-;-
DOLF30C006300;BRBMEFCE1GC3;FINANCIAL;-;-;-;-;-;-;-;-;-;530,777;-;-;-;-;-;-;-
DOLF30C006350;BRBMEFCE1GD1;FINANCIAL;-;-;-;-;-;-;-;-;-;516,238;-;-;-;-;-;-;-
DOLF30C006400;BRBMEFCE1GE9;FINANCIAL;-;-;-;-;-;-;-;-;-;502,109;-;-;-;-;-;-;-
DOLF30C006450;BRBMEFCE1GF6;FINANCIAL;-;-;-;-;-;-;-;-;-;488,383;-;-;-;-;-;-;-
DOLF30C006500;BRBMEFCE1GG4;FINANCIAL;-;-;-;-;-;-;-;-;-;475,05;-;-;-;-;-;-;-
DOLF30C006550;BRBMEFCE1GH2;FINANCIAL;-;-;-;-;-;-;-;-;-;462,103;-;-;-;-;-;-;-
DOLF30C006600;BRBMEFCE1GI0;FINANCIAL;-;-;-;-;-;-;-;-;-;449,533;-;-;-;-;-;-;-
DOLF30C006650;BRBMEFCE1GJ8;FINANCIAL;-;-;-;-;-;-;-;-;-;437,333;-;-;-;-;-;-;-
DOLF30C006700;BRBMEFCE1GK6;FINANCIAL;-;-;-;-;-;-;-;-;-;425,801;-;-;-;-;-;-;-
DOLF30C006750;BRBMEFCE1GL4;FINANCIAL;-;-;-;-;-;-;-;-;-;414,313;-;-;-;-;-;-;-
DOLF30C006800;BRBMEFCE1GM2;FINANCIAL;-;-;-;-;-;-;-;-;-;403,167;-;-;-;-;-;-;-
DOLF30C006850;BRBMEFCE1GN0;FINANCIAL;-;-;-;-;-;-;-;-;-;392,665;-;-;-;-;-;-;-
DOLF30C006900;BRBMEFCE1GO8;FINANCIAL;-;-;-;-;-;-;-;-;-;382,18;-;-;-;-;-;-;-
DOLF30C006950;BRBMEFCE1GP5;FINANCIAL;-;-;-;-;-;-;-;-;-;372,32;-;-;-;-;-;-;-
DOLF30C007000;BRBMEFCE1GQ3;FINANCIAL;-;-;-;-;-;-;-;-;-;362,769;-;-;-;-;-;-;-
DOLF30C007050;BRBMEFCE1GR1;FINANCIAL;-;-;-;-;-;-;-;-;-;353,208;-;-;-;-;-;-;-
DOLF30C007100;BRBMEFCE1GS9;FINANCIAL;-;-;-;-;-;-;-;-;-;344,246;-;-;-;-;-;-;-
DOLF30C007150;BRBMEFCE1GT7;FINANCIAL;-;-;-;-;-;-;-;-;-;335,566;-;-;-;-;-;-;-
DOLF30C007200;BRBMEFCE1GU5;FINANCIAL;-;-;-;-;-;-;-;-;-;327,159;-;-;-;-;-;-;-
DOLF30C007250;BRBMEFCE1GV3;FINANCIAL;-;-;-;-;-;-;-;-;-;318,713;-;-;-;-;-;-;-
DOLF30C007300;BRBMEFCE1GW1;FINANCIAL;-;-;-;-;-;-;-;-;-;310,829;-;-;-;-;-;-;-
DOLF30C007350;BRBMEFCE1GX9;FINANCIAL;-;-;-;-;-;-;-;-;-;303,194;-;-;-;-;-;-;-
DOLF30C007400;BRBMEFCE1GY7;FINANCIAL;-;-;-;-;-;-;-;-;-;295,801;-;-;-;-;-;-;-
DOLF30C007450;BRBMEFCE1GZ4;FINANCIAL;-;-;-;-;-;-;-;-;-;288,64;-;-;-;-;-;-;-
DOLF30C007500;BRBMEFCE1H06;FINANCIAL;-;-;-;-;-;-;-;-;-;281,706;-;-;-;-;-;-;-
DOLF30C007550;BRBMEFCE1H14;FINANCIAL;-;-;-;-;-;-;-;-;-;274,991;-;-;-;-;-;-;-
DOLF30C007600;BRBMEFCE1H22;FINANCIAL;-;-;-;-;-;-;-;-;-;268,488;-;-;-;-;-;-;-
DOLF30C007650;BRBMEFCE1H30;FINANCIAL;-;-;-;-;-;-;-;-;-;261,609;-;-;-;-;-;-;-
DOLF30C007700;BRBMEFCE1H48;FINANCIAL;-;-;-;-;-;-;-;-;-;255,225;-;-;-;-;-;-;-
DOLF30C007750;BRBMEFCE1H55;FINANCIAL;-;-;-;-;-;-;-;-;-;249,038;-;-;-;-;-;-;-
DOLF30C007800;BRBMEFCE1H63;FINANCIAL;-;-;-;-;-;-;-;-;-;243,04;-;-;-;-;-;-;-
DOLF30C007850;BRBMEFCE1H71;FINANCIAL;-;-;-;-;-;-;-;-;-;237,227;-;-;-;-;-;-;-
DOLF30C007900;BRBMEFCE1H89;FINANCIAL;-;-;-;-;-;-;-;-;-;231,592;-;-;-;-;-;-;-
DOLF30C007950;BRBMEFCE1H97;FINANCIAL;-;-;-;-;-;-;-;-;-;226,13;-;-;-;-;-;-;-
DOLF30C008000;BRBMEFCE1HA5;FINANCIAL;-;-;-;-;-;-;-;-;-;220,835;-;-;-;-;-;-;-
DOLF30C008050;BRBMEFCE1HB3;FINANCIAL;-;-;-;-;-;-;-;-;-;215,702;-;-;-;-;-;-;-
DOLF30C008100;BRBMEFCE1HC1;FINANCIAL;-;-;-;-;-;-;-;-;-;210,726;-;-;-;-;-;-;-
DOLF30C008150;BRBMEFCE1HD9;FINANCIAL;-;-;-;-;-;-;-;-;-;205,901;-;-;-;-;-;-;-
DOLF30C008200;BRBMEFCE1HE7;FINANCIAL;-;-;-;-;-;-;-;-;-;201,223;-;-;-;-;-;-;-
DOLF30C008250;BRBMEFCE1HF4;FINANCIAL;-;-;-;-;-;-;-;-;-;196,686;-;-;-;-;-;-;-
DOLF30C008300;BRBMEFCE1HG2;FINANCIAL;-;-;-;-;-;-;-;-;-;192,288;-;-;-;-;-;-;-
DOLF30C008350;BRBMEFCE1HH0;FINANCIAL;-;-;-;-;-;-;-;-;-;188,28;-;-;-;-;-;-;-
DOLF30C008400;BRBMEFCE1HI8;FINANCIAL;-;-;-;-;-;-;-;-;-;184,14;-;-;-;-;-;-;-
DOLF30C008450;BRBMEFCE1HJ6;FINANCIAL;-;-;-;-;-;-;-;-;-;180,125;-;-;-;-;-;-;-
DOLF30C008500;BRBMEFCE1HK4;FINANCIAL;-;-;-;-;-;-;-;-;-;176,23;-;-;-;-;-;-;-
DOLF30C008550;BRBMEFCE1HL2;FINANCIAL;-;-;-;-;-;-;-;-;-;172,452;-;-;-;-;-;-;-
DOLF30C008600;BRBMEFCE1HM0;FINANCIAL;-;-;-;-;-;-;-;-;-;168,542;-;-;-;-;-;-;-
DOLF30C008650;BRBMEFCE1HN8;FINANCIAL;-;-;-;-;-;-;-;-;-;164,503;-;-;-;-;-;-;-
DOLF30C008700;BRBMEFCE1HO6;FINANCIAL;-;-;-;-;-;-;-;-;-;160,341;-;-;-;-;-;-;-
DOLF30C008750;BRBMEFCE1HP3;FINANCIAL;-;-;-;-;-;-;-;-;-;156,533;-;-;-;-;-;-;-
DOLF30C008800;BRBMEFCE1HQ1;FINANCIAL;-;-;-;-;-;-;-;-;-;152,835;-;-;-;-;-;-;-
DOLF30C008850;BRBMEFCE1HR9;FINANCIAL;-;-;-;-;-;-;-;-;-;149,01;-;-;-;-;-;-;-
DOLF30C008900;BRBMEFCE1HS7;FINANCIAL;-;-;-;-;-;-;-;-;-;145,523;-;-;-;-;-;-;-
DOLF30C008950;BRBMEFCE1HT5;FINANCIAL;-;-;-;-;-;-;-;-;-;142,134;-;-;-;-;-;-;-
DOLF30C009000;BRBMEFCE1HU3;FINANCIAL;-;-;-;-;-;-;-;-;-;138,619;-;-;-;-;-;-;-
DOLF30C009050;BRBMEFCE1HV1;FINANCIAL;-;-;-;-;-;-;-;-;-;135,424;-;-;-;-;-;-;-
DOLF30C009100;BRBMEFCE1HW9;FINANCIAL;-;-;-;-;-;-;-;-;-;132,319;-;-;-;-;-;-;-
DOLF30C009150;BRBMEFCE1HX7;FINANCIAL;-;-;-;-;-;-;-;-;-;129,301;-;-;-;-;-;-;-
DOLF30C009200;BRBMEFCE1HY5;FINANCIAL;-;-;-;-;-;-;-;-;-;126,157;-;-;-;-;-;-;-
DOLF30C009250;BRBMEFCE1HZ2;FINANCIAL;-;-;-;-;-;-;-;-;-;123,31;-;-;-;-;-;-;-
DOLF30C009300;BRBMEFCE1I05;FINANCIAL;-;-;-;-;-;-;-;-;-;120,544;-;-;-;-;-;-;-
DOLF30C009350;BRBMEFCE1I13;FINANCIAL;-;-;-;-;-;-;-;-;-;117,65;-;-;-;-;-;-;-
DOLF30C009400;BRBMEFCE1I21;FINANCIAL;-;-;-;-;-;-;-;-;-;115,039;-;-;-;-;-;-;-
DOLF30C009450;BRBMEFCE1I39;FINANCIAL;-;-;-;-;-;-;-;-;-;112,501;-;-;-;-;-;-;-
DOLF30C009500;BRBMEFCE1I47;FINANCIAL;-;-;-;-;-;-;-;-;-;110,033;-;-;-;-;-;-;-
DOLF30C009550;BRBMEFCE1I54;FINANCIAL;-;-;-;-;-;-;-;-;-;107,635;-;-;-;-;-;-;-
DOLF30C009600;BRBMEFCE1I62;FINANCIAL;-;-;-;-;-;-;-;-;-;105,11;-;-;-;-;-;-;-
DOLF30C009650;BRBMEFCE1I70;FINANCIAL;-;-;-;-;-;-;-;-;-;102,845;-;-;-;-;-;-;-
DOLF30C009700;BRBMEFCE1I88;FINANCIAL;-;-;-;-;-;-;-;-;-;100,643;-;-;-;-;-;-;-
DOLF30C009750;BRBMEFCE1I96;FINANCIAL;-;-;-;-;-;-;-;-;-;98,501;-;-;-;-;-;-;-
DOLF30C009800;BRBMEFCE1IA3;FINANCIAL;-;-;-;-;-;-;-;-;-;96,235;-;-;-;-;-;-;-
DOLF30C009850;BRBMEFCE1IB1;FINANCIAL;-;-;-;-;-;-;-;-;-;94,211;-;-;-;-;-;-;-
DOLF30C009900;BRBMEFCE1IC9;FINANCIAL;-;-;-;-;-;-;-;-;-;92,242;-;-;-;-;-;-;-
DOLF30C009950;BRBMEFCE1ID7;FINANCIAL;-;-;-;-;-;-;-;-;-;90,327;-;-;-;-;-;-;-
DOLF30C010000;BRBMEFCE1IE5;FINANCIAL;-;-;-;-;-;-;-;-;-;88,464;-;-;-;-;-;-;-
DOLF30P006000;BRBMEFDE1FC4;FINANCIAL;-;-;-;-;-;-;-;-;-;250,997;-;-;-;-;-;-;-
DOLF30P006050;BRBMEFDE1FD2;FINANCIAL;-;-;-;-;-;-;-;-;-;265,329;-;-;-;-;-;-;-
DOLF30P006100;BRBMEFDE1FE0;FINANCIAL;-;-;-;-;-;-;-;-;-;280,094;-;-;-;-;-;-;-
DOLF30P006150;BRBMEFDE1FF7;FINANCIAL;-;-;-;-;-;-;-;-;-;295,287;-;-;-;-;-;-;-
DOLF30P006200;BRBMEFDE1FG5;FINANCIAL;-;-;-;-;-;-;-;-;-;311,194;-;-;-;-;-;-;-
DOLF30P006250;BRBMEFDE1FH3;FINANCIAL;-;-;-;-;-;-;-;-;-;327,233;-;-;-;-;-;-;-
DOLF30P006300;BRBMEFDE1FI1;FINANCIAL;-;-;-;-;-;-;-;-;-;344,277;-;-;-;-;-;-;-
DOLF30P006350;BRBMEFDE1FJ9;FINANCIAL;-;-;-;-;-;-;-;-;-;361,739;-;-;-;-;-;-;-
DOLF30P006400;BRBMEFDE1FK7;FINANCIAL;-;-;-;-;-;-;-;-;-;379,611;-;-;-;-;-;-;-
DOLF30P006450;BRBMEFDE1FL5;FINANCIAL;-;-;-;-;-;-;-;-;-;397,885;-;-;-;-;-;-;-
DOLF30P006500;BRBMEFDE1FM3;FINANCIAL;-;-;-;-;-;-;-;-;-;416,553;-;-;-;-;-;-;-
DOLF30P006550;BRBMEFDE1FN1;FINANCIAL;-;-;-;-;-;-;-;-;-;435,607;-;-;-;-;-;-;-
DOLF30P006600;BRBMEFDE1FO9;FINANCIAL;-;-;-;-;-;-;-;-;-;455,039;-;-;-;-;-;-;-
DOLF30P006650;BRBMEFDE1FP6;FINANCIAL;-;-;-;-;-;-;-;-;-;474,839;-;-;-;-;-;-;-
DOLF30P006700;BRBMEFDE1FQ4;FINANCIAL;-;-;-;-;-;-;-;-;-;495,308;-;-;-;-;-;-;-
DOLF30P006750;BRBMEFDE1FR2;FINANCIAL;-;-;-;-;-;-;-;-;-;515,82;-;-;-;-;-;-;-
DOLF30P006800;BRBMEFDE1FS0;FINANCIAL;-;-;-;-;-;-;-;-;-;536,676;-;-;-;-;-;-;-
DOLF30P006850;BRBMEFDE1FT8;FINANCIAL;-;-;-;-;-;-;-;-;-;558,175;-;-;-;-;-;-;-
DOLF30P006900;BRBMEFDE1FU6;FINANCIAL;-;-;-;-;-;-;-;-;-;579,69;-;-;-;-;-;-;-
DOLF30P006950;BRBMEFDE1FV4;FINANCIAL;-;-;-;-;-;-;-;-;-;601,831;-;-;-;-;-;-;-
DOLF30P007000;BRBMEFDE1FW2;FINANCIAL;-;-;-;-;-;-;-;-;-;624,281;-;-;-;-;-;-;-
DOLF30P007050;BRBMEFDE1FX0;FINANCIAL;-;-;-;-;-;-;-;-;-;646,721;-;-;-;-;-;-;-
DOLF30P007100;BRBMEFDE1FY8;FINANCIAL;-;-;-;-;-;-;-;-;-;669,76;-;-;-;-;-;-;-
DOLF30P007150;BRBMEFDE1FZ5;FINANCIAL;-;-;-;-;-;-;-;-;-;693,08;-;-;-;-;-;-;-
DOLF30P007200;BRBMEFDE1G05;FINANCIAL;-;-;-;-;-;-;-;-;-;716,674;-;-;-;-;-;-;-
DOLF30P007250;BRBMEFDE1G13;FINANCIAL;-;-;-;-;-;-;-;-;-;740,229;-;-;-;-;-;-;-
DOLF30P007300;BRBMEFDE1G21;FINANCIAL;-;-;-;-;-;-;-;-;-;764,346;-;-;-;-;-;-;-
DOLF30P007350;BRBMEFDE1G39;FINANCIAL;-;-;-;-;-;-;-;-;-;788,712;-;-;-;-;-;-;-
DOLF30P007400;BRBMEFDE1G47;FINANCIAL;-;-;-;-;-;-;-;-;-;813,319;-;-;-;-;-;-;-
DOLF30P007450;BRBMEFDE1G54;FINANCIAL;-;-;-;-;-;-;-;-;-;838,16;-;-;-;-;-;-;-
DOLF30P007500;BRBMEFDE1G62;FINANCIAL;-;-;-;-;-;-;-;-;-;863,226;-;-;-;-;-;-;-
DOLF30P007550;BRBMEFDE1G70;FINANCIAL;-;-;-;-;-;-;-;-;-;888,512;-;-;-;-;-;-;-
DOLF30P007600;BRBMEFDE1G88;FINANCIAL;-;-;-;-;-;-;-;-;-;914,01;-;-;-;-;-;-;-
DOLF30P007650;BRBMEFDE1G96;FINANCIAL;-;-;-;-;-;-;-;-;-;939,132;-;-;-;-;-;-;-
DOLF30P007700;BRBMEFDE1GA6;FINANCIAL;-;-;-;-;-;-;-;-;-;964,749;-;-;-;-;-;-;-
DOLF30P007750;BRBMEFDE1GB4;FINANCIAL;-;-;-;-;-;-;-;-;-;990,562;-;-;-;-;-;-;-
DOLF30P007800;BRBMEFDE1GC2;FINANCIAL;-;-;-;-;-;-;-;-;-;1016,566;-;-;-;-;-;-;-
DOLF30P007850;BRBMEFDE1GD0;FINANCIAL;-;-;-;-;-;-;-;-;-;1042,753;-;-;-;-;-;-;-
DOLF30P007900;BRBMEFDE1GE8;FINANCIAL;-;-;-;-;-;-;-;-;-;1069,119;-;-;-;-;-;-;-
DOLF30P007950;BRBMEFDE1GF5;FINANCIAL;-;-;-;-;-;-;-;-;-;1095,658;-;-;-;-;-;-;-
DOLF30P008000;BRBMEFDE1GG3;FINANCIAL;-;-;-;-;-;-;-;-;-;1122,364;-;-;-;-;-;-;-
DOLF30P008050;BRBMEFDE1GH1;FINANCIAL;-;-;-;-;-;-;-;-;-;1149,231;-;-;-;-;-;-;-
DOLF30P008100;BRBMEFDE1GI9;FINANCIAL;-;-;-;-;-;-;-;-;-;1176,256;-;-;-;-;-;-;-
DOLF30P008150;BRBMEFDE1GJ7;FINANCIAL;-;-;-;-;-;-;-;-;-;1203,432;-;-;-;-;-;-;-
DOLF30P008200;BRBMEFDE1GK5;FINANCIAL;-;-;-;-;-;-;-;-;-;1230,754;-;-;-;-;-;-;-
DOLF30P008250;BRBMEFDE1GL3;FINANCIAL;-;-;-;-;-;-;-;-;-;1258,219;-;-;-;-;-;-;-
DOLF30P008300;BRBMEFDE1GM1;FINANCIAL;-;-;-;-;-;-;-;-;-;1285,821;-;-;-;-;-;-;-
DOLF30P008350;BRBMEFDE1GN9;FINANCIAL;-;-;-;-;-;-;-;-;-;1313,814;-;-;-;-;-;-;-
DOLF30P008400;BRBMEFDE1GO7;FINANCIAL;-;-;-;-;-;-;-;-;-;1341,675;-;-;-;-;-;-;-
DOLF30P008450;BRBMEFDE1GP4;FINANCIAL;-;-;-;-;-;-;-;-;-;1369,661;-;-;-;-;-;-;-
DOLF30P008500;BRBMEFDE1GQ2;FINANCIAL;-;-;-;-;-;-;-;-;-;1397,767;-;-;-;-;-;-;-
DOLF30P008550;BRBMEFDE1GR0;FINANCIAL;-;-;-;-;-;-;-;-;-;1425,99;-;-;-;-;-;-;-
DOLF30P008600;BRBMEFDE1GS8;FINANCIAL;-;-;-;-;-;-;-;-;-;1454,08;-;-;-;-;-;-;-
DOLF30P008650;BRBMEFDE1GT6;FINANCIAL;-;-;-;-;-;-;-;-;-;1482,042;-;-;-;-;-;-;-
DOLF30P008700;BRBMEFDE1GU4;FINANCIAL;-;-;-;-;-;-;-;-;-;1509,881;-;-;-;-;-;-;-
DOLF30P008750;BRBMEFDE1GV2;FINANCIAL;-;-;-;-;-;-;-;-;-;1538,074;-;-;-;-;-;-;-
DOLF30P008800;BRBMEFDE1GW0;FINANCIAL;-;-;-;-;-;-;-;-;-;1566,376;-;-;-;-;-;-;-
DOLF30P008850;BRBMEFDE1GX8;FINANCIAL;-;-;-;-;-;-;-;-;-;1594,553;-;-;-;-;-;-;-
DOLF30P008900;BRBMEFDE1GY6;FINANCIAL;-;-;-;-;-;-;-;-;-;1623,066;-;-;-;-;-;-;-
DOLF30P008950;BRBMEFDE1GZ3;FINANCIAL;-;-;-;-;-;-;-;-;-;1651,679;-;-;-;-;-;-;-
DOLF30P009000;BRBMEFDE1H04;FINANCIAL;-;-;-;-;-;-;-;-;-;1680,164;-;-;-;-;-;-;-
DOLF30P009050;BRBMEFDE1H12;FINANCIAL;-;-;-;-;-;-;-;-;-;1708,97;-;-;-;-;-;-;-
DOLF30P009100;BRBMEFDE1H20;FINANCIAL;-;-;-;-;-;-;-;-;-;1737,865;-;-;-;-;-;-;-
DOLF30P009150;BRBMEFDE1H38;FINANCIAL;-;-;-;-;-;-;-;-;-;1766,849;-;-;-;-;-;-;-
DOLF30P009200;BRBMEFDE1H46;FINANCIAL;-;-;-;-;-;-;-;-;-;1795,705;-;-;-;-;-;-;-
DOLF30P009250;BRBMEFDE1H53;FINANCIAL;-;-;-;-;-;-;-;-;-;1824,859;-;-;-;-;-;-;-
DOLF30P009300;BRBMEFDE1H61;FINANCIAL;-;-;-;-;-;-;-;-;-;1854,094;-;-;-;-;-;-;-
DOLF30P009350;BRBMEFDE1H79;FINANCIAL;-;-;-;-;-;-;-;-;-;1883,201;-;-;-;-;-;-;-
DOLF30P009400;BRBMEFDE1H87;FINANCIAL;-;-;-;-;-;-;-;-;-;1912,591;-;-;-;-;-;-;-
DOLF30P009450;BRBMEFDE1H95;FINANCIAL;-;-;-;-;-;-;-;-;-;1942,053;-;-;-;-;-;-;-
DOLF30P009500;BRBMEFDE1HA4;FINANCIAL;-;-;-;-;-;-;-;-;-;1971,587;-;-;-;-;-;-;-
DOLF30P009550;BRBMEFDE1HB2;FINANCIAL;-;-;-;-;-;-;-;-;-;2001,189;-;-;-;-;-;-;-
DOLF30P009600;BRBMEFDE1HC0;FINANCIAL;-;-;-;-;-;-;-;-;-;2030,666;-;-;-;-;-;-;-
DOLF30P009650;BRBMEFDE1HD8;FINANCIAL;-;-;-;-;-;-;-;-;-;2060,401;-;-;-;-;-;-;-
DOLF30P009700;BRBMEFDE1HE6;FINANCIAL;-;-;-;-;-;-;-;-;-;2090,199;-;-;-;-;-;-;-
DOLF30P009750;BRBMEFDE1HF3;FINANCIAL;-;-;-;-;-;-;-;-;-;2120,058;-;-;-;-;-;-;-
DOLF30P009800;BRBMEFDE1HG1;FINANCIAL;-;-;-;-;-;-;-;-;-;2149,793;-;-;-;-;-;-;-
DOLF30P009850;BRBMEFDE1HH9;FINANCIAL;-;-;-;-;-;-;-;-;-;2179,77;-;-;-;-;-;-;-
DOLF30P009900;BRBMEFDE1HI7;FINANCIAL;-;-;-;-;-;-;-;-;-;2209,802;-;-;-;-;-;-;-
DOLF30P009950;BRBMEFDE1HJ5;FINANCIAL;-;-;-;-;-;-;-;-;-;2239,888;-;-;-;-;-;-;-
DOLF30P010000;BRBMEFDE1HK3;FINANCIAL;-;-;-;-;-;-;-;-;-;2270,026;-;-;-;-;-;-;-
DOLV26C006350;BRBMEFCD46K9;FINANCIAL;-;-;-;-;-;-;-;-;-;0,034;-;-;-;-;-;-;-
DOLV26P006350;BRBMEFVD46L7;FINANCIAL;-;-;-;-;-;-;-;-;-;1167,368;-;-;-;-;-;-;-
DOLJ27C006950;BRBMEFCL17B2;FINANCIAL;-;-;-;-;-;-;-;-;-;11,437;-;-;-;-;-;-;-
DOLJ27P006950;BRBMEFVDE835;FINANCIAL;-;-;-;-;-;-;-;-;-;1485,728;-;-;-;-;-;-;-
DOLZ26C005000;BRBMEFD10465;FINANCIAL;-;-;-;-;-;-;-;-;-;278,782;-;-;-;-;-;-;-
DOLZ26C005500;BRBMEFD10473;FINANCIAL;81;81;81;81;81;1,25;-;-;-;80,298;-;-;-;-;1;5;20250
DOLZ26P005000;BRBMEFD20456;FINANCIAL;-;-;-;-;-;-;-;-;-;69,411;-;-;-;-;-;-;-
DOLZ26P005500;BRBMEFD20464;FINANCIAL;-;-;-;-;-;-;-;-;-;350,313;-;-;-;-;-;-;-
DOLZ26C005100;BRBMEFD10481;FINANCIAL;-;-;-;-;-;-;-;-;-;219,029;-;-;-;-;-;-;-
DOLZ26C005550;BRBMEFD10499;FINANCIAL;-;-;-;-;-;-;-;-;-;70,321;-;-;-;-;-;-;-
DOLZ26P005100;BRBMEFD20472;FINANCIAL;-;-;-;-;-;-;-;-;-;105,535;-;-;-;-;-;-;-
DOLZ26P005550;BRBMEFD20480;FINANCIAL;-;-;-;-;-;-;-;-;-;388,275;-;-;-;-;-;-;-
DOLJ27C005350;BRBMEFCL17C0;FINANCIAL;-;-;-;-;-;-;-;-;-;216,237;-;-;-;-;-;-;-
DOLJ27P005350;BRBMEFVDE843;FINANCIAL;-;-;-;-;-;-;-;-;-;219,637;-;-;-;-;-;-;-
DOLN27P005950;BRBMEFVDR7T5;FINANCIAL;-;-;-;-;-;-;-;-;-;572,813;-;-;-;-;-;-;-
DOLN27P006000;BRBMEFVDR7U3;FINANCIAL;-;-;-;-;-;-;-;-;-;609,095;-;-;-;-;-;-;-
DOLN27P006050;BRBMEFVDR7V1;FINANCIAL;-;-;-;-;-;-;-;-;-;645,993;-;-;-;-;-;-;-
DOLN27P006100;BRBMEFVDR7W9;FINANCIAL;-;-;-;-;-;-;-;-;-;683,462;-;-;-;-;-;-;-
DOLN27P006150;BRBMEFVDR7X7;FINANCIAL;-;-;-;-;-;-;-;-;-;720,607;-;-;-;-;-;-;-
DOLN27P006200;BRBMEFVDR7Y5;FINANCIAL;-;-;-;-;-;-;-;-;-;758,433;-;-;-;-;-;-;-
DOLN27P006250;BRBMEFVDR7Z2;FINANCIAL;-;-;-;-;-;-;-;-;-;796,624;-;-;-;-;-;-;-
DOLN27P006300;BRBMEFVDR803;FINANCIAL;-;-;-;-;-;-;-;-;-;835,413;-;-;-;-;-;-;-
DOLN27P006350;BRBMEFVDR811;FINANCIAL;-;-;-;-;-;-;-;-;-;874,507;-;-;-;-;-;-;-
DOLN27P006400;BRBMEFVDR829;FINANCIAL;-;-;-;-;-;-;-;-;-;914,124;-;-;-;-;-;-;-
DOLN27P006450;BRBMEFVDR837;FINANCIAL;-;-;-;-;-;-;-;-;-;954,108;-;-;-;-;-;-;-
DOLN27P006500;BRBMEFVDR845;FINANCIAL;-;-;-;-;-;-;-;-;-;994,323;-;-;-;-;-;-;-
DOLN27P006550;BRBMEFVDR852;FINANCIAL;-;-;-;-;-;-;-;-;-;1034,965;-;-;-;-;-;-;-
DOLN27P006600;BRBMEFVDR860;FINANCIAL;-;-;-;-;-;-;-;-;-;1075,897;-;-;-;-;-;-;-
DOLN27P006650;BRBMEFVDR878;FINANCIAL;-;-;-;-;-;-;-;-;-;1117,096;-;-;-;-;-;-;-
DOLN27P006700;BRBMEFVDR886;FINANCIAL;-;-;-;-;-;-;-;-;-;1158,543;-;-;-;-;-;-;-
DOLN27P006750;BRBMEFVDR894;FINANCIAL;-;-;-;-;-;-;-;-;-;1200,218;-;-;-;-;-;-;-
DOLN27P006800;BRBMEFVDR8A3;FINANCIAL;-;-;-;-;-;-;-;-;-;1242,186;-;-;-;-;-;-;-
DOLN27P006850;BRBMEFVDR8B1;FINANCIAL;-;-;-;-;-;-;-;-;-;1284,103;-;-;-;-;-;-;-
DOLN27P006900;BRBMEFVDR8C9;FINANCIAL;-;-;-;-;-;-;-;-;-;1325,987;-;-;-;-;-;-;-
DOLN27P006950;BRBMEFVDR8D7;FINANCIAL;-;-;-;-;-;-;-;-;-;1368,072;-;-;-;-;-;-;-
DOLN27P007000;BRBMEFVDR8E5;FINANCIAL;-;-;-;-;-;-;-;-;-;1410,342;-;-;-;-;-;-;-
DOLN28C005000;BRBMEFCD68F3;FINANCIAL;-;-;-;-;-;-;-;-;-;765,678;-;-;-;-;-;-;-
DOLN28C005050;BRBMEFCD68G1;FINANCIAL;-;-;-;-;-;-;-;-;-;735,677;-;-;-;-;-;-;-
DOLN28C005100;BRBMEFCD68H9;FINANCIAL;-;-;-;-;-;-;-;-;-;706,333;-;-;-;-;-;-;-
DOLN28C005150;BRBMEFCD68I7;FINANCIAL;-;-;-;-;-;-;-;-;-;677,662;-;-;-;-;-;-;-
DOLN28C005200;BRBMEFCD68J5;FINANCIAL;-;-;-;-;-;-;-;-;-;649,681;-;-;-;-;-;-;-
DOLN28C005250;BRBMEFCD68K3;FINANCIAL;-;-;-;-;-;-;-;-;-;622,599;-;-;-;-;-;-;-
DOLN28C005300;BRBMEFCD68L1;FINANCIAL;-;-;-;-;-;-;-;-;-;596,45;-;-;-;-;-;-;-
DOLN28C005350;BRBMEFCD68M9;FINANCIAL;-;-;-;-;-;-;-;-;-;571,686;-;-;-;-;-;-;-
DOLN28C005400;BRBMEFCD68N7;FINANCIAL;-;-;-;-;-;-;-;-;-;547,495;-;-;-;-;-;-;-
DOLN28C005450;BRBMEFCD68O5;FINANCIAL;-;-;-;-;-;-;-;-;-;524,081;-;-;-;-;-;-;-
DOLN28C005500;BRBMEFCD68P2;FINANCIAL;-;-;-;-;-;-;-;-;-;501,673;-;-;-;-;-;-;-
DOLN28C005550;BRBMEFCD68Q0;FINANCIAL;-;-;-;-;-;-;-;-;-;479,811;-;-;-;-;-;-;-
DOLN28C005600;BRBMEFCD68R8;FINANCIAL;-;-;-;-;-;-;-;-;-;458,715;-;-;-;-;-;-;-
DOLN28C005650;BRBMEFCD68S6;FINANCIAL;-;-;-;-;-;-;-;-;-;439,099;-;-;-;-;-;-;-
DOLN28C005700;BRBMEFCD68T4;FINANCIAL;-;-;-;-;-;-;-;-;-;420,494;-;-;-;-;-;-;-
DOLN28C005750;BRBMEFCD68U2;FINANCIAL;-;-;-;-;-;-;-;-;-;402,644;-;-;-;-;-;-;-
DOLN28C005800;BRBMEFCD68V0;FINANCIAL;-;-;-;-;-;-;-;-;-;385,53;-;-;-;-;-;-;-
DOLN28C005850;BRBMEFCD68W8;FINANCIAL;-;-;-;-;-;-;-;-;-;369,132;-;-;-;-;-;-;-
DOLN28C005900;BRBMEFCD68X6;FINANCIAL;-;-;-;-;-;-;-;-;-;353,428;-;-;-;-;-;-;-
DOLN28C005950;BRBMEFCD68Y4;FINANCIAL;-;-;-;-;-;-;-;-;-;338,399;-;-;-;-;-;-;-
DOLN28C006000;BRBMEFCD68Z1;FINANCIAL;-;-;-;-;-;-;-;-;-;324,023;-;-;-;-;-;-;-
DOLN28C006050;BRBMEFCD6903;FINANCIAL;-;-;-;-;-;-;-;-;-;310,781;-;-;-;-;-;-;-
DOLN28C006100;BRBMEFCD6911;FINANCIAL;-;-;-;-;-;-;-;-;-;297,894;-;-;-;-;-;-;-
DOLN28C006150;BRBMEFCD6929;FINANCIAL;-;-;-;-;-;-;-;-;-;285,592;-;-;-;-;-;-;-
DOLN28C006200;BRBMEFCD6937;FINANCIAL;-;-;-;-;-;-;-;-;-;274,1;-;-;-;-;-;-;-
DOLN28C006250;BRBMEFCD6945;FINANCIAL;-;-;-;-;-;-;-;-;-;262,896;-;-;-;-;-;-;-
DOLN28C006300;BRBMEFCD6952;FINANCIAL;-;-;-;-;-;-;-;-;-;252,454;-;-;-;-;-;-;-
DOLN28C006350;BRBMEFCD6960;FINANCIAL;-;-;-;-;-;-;-;-;-;242,501;-;-;-;-;-;-;-
DOLN28C006400;BRBMEFCD6978;FINANCIAL;-;-;-;-;-;-;-;-;-;232,776;-;-;-;-;-;-;-
DOLN28C006450;BRBMEFCD6986;FINANCIAL;-;-;-;-;-;-;-;-;-;223,742;-;-;-;-;-;-;-
DOLN28C006500;BRBMEFCD6994;FINANCIAL;-;-;-;-;-;-;-;-;-;214,898;-;-;-;-;-;-;-
DOLN28C006550;BRBMEFCD69A2;FINANCIAL;-;-;-;-;-;-;-;-;-;206,233;-;-;-;-;-;-;-
DOLN28C006600;BRBMEFCD69B0;FINANCIAL;-;-;-;-;-;-;-;-;-;198,198;-;-;-;-;-;-;-
DOLN28C006650;BRBMEFCD69C8;FINANCIAL;-;-;-;-;-;-;-;-;-;190,311;-;-;-;-;-;-;-
DOLN28C006700;BRBMEFCD69D6;FINANCIAL;-;-;-;-;-;-;-;-;-;183,013;-;-;-;-;-;-;-
DOLN28C006750;BRBMEFCD69E4;FINANCIAL;-;-;-;-;-;-;-;-;-;175,835;-;-;-;-;-;-;-
DOLN28C006800;BRBMEFCD69F1;FINANCIAL;-;-;-;-;-;-;-;-;-;169,206;-;-;-;-;-;-;-
DOLN28C006850;BRBMEFCD69G9;FINANCIAL;-;-;-;-;-;-;-;-;-;162,887;-;-;-;-;-;-;-
DOLN28C006900;BRBMEFCD69H7;FINANCIAL;-;-;-;-;-;-;-;-;-;156,652;-;-;-;-;-;-;-
DOLN28C006950;BRBMEFCD69I5;FINANCIAL;-;-;-;-;-;-;-;-;-;150,912;-;-;-;-;-;-;-
DOLN28C007000;BRBMEFCD69J3;FINANCIAL;-;-;-;-;-;-;-;-;-;145,439;-;-;-;-;-;-;-
DOLN28P005000;BRBMEFVDR8F2;FINANCIAL;-;-;-;-;-;-;-;-;-;83,679;-;-;-;-;-;-;-
DOLN28P005050;BRBMEFVDR8G0;FINANCIAL;-;-;-;-;-;-;-;-;-;92,735;-;-;-;-;-;-;-
DOLN28P005100;BRBMEFVDR8H8;FINANCIAL;-;-;-;-;-;-;-;-;-;102,449;-;-;-;-;-;-;-
DOLN28P005150;BRBMEFVDR8I6;FINANCIAL;-;-;-;-;-;-;-;-;-;112,835;-;-;-;-;-;-;-
DOLN28P005200;BRBMEFVDR8J4;FINANCIAL;-;-;-;-;-;-;-;-;-;123,911;-;-;-;-;-;-;-
DOLN28P005250;BRBMEFVDR8K2;FINANCIAL;-;-;-;-;-;-;-;-;-;135,887;-;-;-;-;-;-;-
DOLN28P005300;BRBMEFVDR8L0;FINANCIAL;-;-;-;-;-;-;-;-;-;148,796;-;-;-;-;-;-;-
DOLN28P005350;BRBMEFVDR8M8;FINANCIAL;-;-;-;-;-;-;-;-;-;163,089;-;-;-;-;-;-;-
DOLN28P005400;BRBMEFVDR8N6;FINANCIAL;-;-;-;-;-;-;-;-;-;177,955;-;-;-;-;-;-;-
DOLN28P005450;BRBMEFVDR8O4;FINANCIAL;-;-;-;-;-;-;-;-;-;193,599;-;-;-;-;-;-;-
DOLN28P005500;BRBMEFVDR8P1;FINANCIAL;-;-;-;-;-;-;-;-;-;210,248;-;-;-;-;-;-;-
DOLN28P005550;BRBMEFVDR8Q9;FINANCIAL;-;-;-;-;-;-;-;-;-;227,444;-;-;-;-;-;-;-
DOLN28P005600;BRBMEFVDR8R7;FINANCIAL;-;-;-;-;-;-;-;-;-;245,405;-;-;-;-;-;-;-
DOLN28P005650;BRBMEFVDR8S5;FINANCIAL;-;-;-;-;-;-;-;-;-;264,847;-;-;-;-;-;-;-
DOLN28P005700;BRBMEFVDR8T3;FINANCIAL;-;-;-;-;-;-;-;-;-;285,3;-;-;-;-;-;-;-
DOLN28P005750;BRBMEFVDR8U1;FINANCIAL;-;-;-;-;-;-;-;-;-;306,507;-;-;-;-;-;-;-
DOLN28P005800;BRBMEFVDR8V9;FINANCIAL;-;-;-;-;-;-;-;-;-;328,45;-;-;-;-;-;-;-
DOLN28P005850;BRBMEFVDR8W7;FINANCIAL;-;-;-;-;-;-;-;-;-;351,109;-;-;-;-;-;-;-
DOLN28P005900;BRBMEFVDR8X5;FINANCIAL;-;-;-;-;-;-;-;-;-;374,464;-;-;-;-;-;-;-
DOLN28P005950;BRBMEFVDR8Y3;FINANCIAL;-;-;-;-;-;-;-;-;-;398,492;-;-;-;-;-;-;-
DOLN28P006000;BRBMEFVDR8Z0;FINANCIAL;-;-;-;-;-;-;-;-;-;423,173;-;-;-;-;-;-;-
DOLN28P006050;BRBMEFVDR902;FINANCIAL;-;-;-;-;-;-;-;-;-;448,988;-;-;-;-;-;-;-
DOLN28P006100;BRBMEFVDR910;FINANCIAL;-;-;-;-;-;-;-;-;-;475,159;-;-;-;-;-;-;-
DOLN28P006150;BRBMEFVDR928;FINANCIAL;-;-;-;-;-;-;-;-;-;501,914;-;-;-;-;-;-;-
DOLN28P006200;BRBMEFVDR936;FINANCIAL;-;-;-;-;-;-;-;-;-;529,48;-;-;-;-;-;-;-
DOLN28P006250;BRBMEFVDR944;FINANCIAL;-;-;-;-;-;-;-;-;-;557,333;-;-;-;-;-;-;-
DOLN28P006300;BRBMEFVDR951;FINANCIAL;-;-;-;-;-;-;-;-;-;585,948;-;-;-;-;-;-;-
DOLN28P006350;BRBMEFVDR969;FINANCIAL;-;-;-;-;-;-;-;-;-;615,054;-;-;-;-;-;-;-
DOLN28P006400;BRBMEFVDR977;FINANCIAL;-;-;-;-;-;-;-;-;-;644,386;-;-;-;-;-;-;-
DOLN28P006450;BRBMEFVDR985;FINANCIAL;-;-;-;-;-;-;-;-;-;674,409;-;-;-;-;-;-;-
DOLN28P006500;BRBMEFVDR993;FINANCIAL;-;-;-;-;-;-;-;-;-;704,623;-;-;-;-;-;-;-
DOLN28P006550;BRBMEFVDR9A1;FINANCIAL;-;-;-;-;-;-;-;-;-;735,015;-;-;-;-;-;-;-
DOLN28P006600;BRBMEFVDR9B9;FINANCIAL;-;-;-;-;-;-;-;-;-;766,038;-;-;-;-;-;-;-
DOLN28P006650;BRBMEFVDR9C7;FINANCIAL;-;-;-;-;-;-;-;-;-;797,208;-;-;-;-;-;-;-
DOLN28P006700;BRBMEFVDR9D5;FINANCIAL;-;-;-;-;-;-;-;-;-;828,967;-;-;-;-;-;-;-
DOLN28P006750;BRBMEFVDR9E3;FINANCIAL;-;-;-;-;-;-;-;-;-;860,847;-;-;-;-;-;-;-
DOLN28P006800;BRBMEFVDR9F0;FINANCIAL;-;-;-;-;-;-;-;-;-;893,276;-;-;-;-;-;-;-
DOLN28P006850;BRBMEFVDR9G8;FINANCIAL;-;-;-;-;-;-;-;-;-;926,014;-;-;-;-;-;-;-
DOLN28P006900;BRBMEFVDR9H6;FINANCIAL;-;-;-;-;-;-;-;-;-;958,837;-;-;-;-;-;-;-
DOLN28P006950;BRBMEFVDR9I4;FINANCIAL;-;-;-;-;-;-;-;-;-;992,154;-;-;-;-;-;-;-
DOLN28P007000;BRBMEFVDR9J2;FINANCIAL;-;-;-;-;-;-;-;-;-;1025,738;-;-;-;-;-;-;-
DOLN29C005000;BRBMEFCD69K1;FINANCIAL;-;-;-;-;-;-;-;-;-;990,329;-;-;-;-;-;-;-
DOLN29C005050;BRBMEFCD69L9;FINANCIAL;-;-;-;-;-;-;-;-;-;962,28;-;-;-;-;-;-;-
DOLN29C005100;BRBMEFCD69M7;FINANCIAL;-;-;-;-;-;-;-;-;-;934,782;-;-;-;-;-;-;-
DOLN29C005150;BRBMEFCD69N5;FINANCIAL;-;-;-;-;-;-;-;-;-;907,52;-;-;-;-;-;-;-
DOLN29C005200;BRBMEFCD69O3;FINANCIAL;-;-;-;-;-;-;-;-;-;880,663;-;-;-;-;-;-;-
DOLN29C005250;BRBMEFCD69P0;FINANCIAL;-;-;-;-;-;-;-;-;-;854,41;-;-;-;-;-;-;-
DOLN29C005300;BRBMEFCD69Q8;FINANCIAL;-;-;-;-;-;-;-;-;-;828,4;-;-;-;-;-;-;-
DOLN29C005350;BRBMEFCD69R6;FINANCIAL;-;-;-;-;-;-;-;-;-;802,823;-;-;-;-;-;-;-
DOLN29C005400;BRBMEFCD69S4;FINANCIAL;-;-;-;-;-;-;-;-;-;777,688;-;-;-;-;-;-;-
DOLN29C005450;BRBMEFCD69T2;FINANCIAL;-;-;-;-;-;-;-;-;-;753,218;-;-;-;-;-;-;-
DOLN29C005500;BRBMEFCD69U0;FINANCIAL;-;-;-;-;-;-;-;-;-;728,994;-;-;-;-;-;-;-
DOLN29C005550;BRBMEFCD69V8;FINANCIAL;-;-;-;-;-;-;-;-;-;705,232;-;-;-;-;-;-;-
DOLN29C005600;BRBMEFCD69W6;FINANCIAL;-;-;-;-;-;-;-;-;-;682,647;-;-;-;-;-;-;-
DOLN29C005650;BRBMEFCD69X4;FINANCIAL;-;-;-;-;-;-;-;-;-;661,541;-;-;-;-;-;-;-
DOLN29C005700;BRBMEFCD69Y2;FINANCIAL;-;-;-;-;-;-;-;-;-;640,991;-;-;-;-;-;-;-
DOLN29C005750;BRBMEFCD69Z9;FINANCIAL;-;-;-;-;-;-;-;-;-;620,994;-;-;-;-;-;-;-
DOLN29C005800;BRBMEFCD6A00;FINANCIAL;-;-;-;-;-;-;-;-;-;601,547;-;-;-;-;-;-;-
DOLN29C005850;BRBMEFCD6A18;FINANCIAL;-;-;-;-;-;-;-;-;-;582,644;-;-;-;-;-;-;-
DOLN29C005900;BRBMEFCD6A26;FINANCIAL;-;-;-;-;-;-;-;-;-;564,28;-;-;-;-;-;-;-
DOLN29C005950;BRBMEFCD6A34;FINANCIAL;-;-;-;-;-;-;-;-;-;546,447;-;-;-;-;-;-;-
DOLN29C006000;BRBMEFCD6A42;FINANCIAL;-;-;-;-;-;-;-;-;-;529,139;-;-;-;-;-;-;-
DOLN29C006050;BRBMEFCD6A59;FINANCIAL;-;-;-;-;-;-;-;-;-;512,069;-;-;-;-;-;-;-
DOLN29C006100;BRBMEFCD6A67;FINANCIAL;-;-;-;-;-;-;-;-;-;495,501;-;-;-;-;-;-;-
DOLN29C006150;BRBMEFCD6A75;FINANCIAL;-;-;-;-;-;-;-;-;-;479,143;-;-;-;-;-;-;-
DOLN29C006200;BRBMEFCD6A83;FINANCIAL;-;-;-;-;-;-;-;-;-;463,554;-;-;-;-;-;-;-
DOLN29C006250;BRBMEFCD6A91;FINANCIAL;-;-;-;-;-;-;-;-;-;448,153;-;-;-;-;-;-;-
DOLN29C006300;BRBMEFCD6AA0;FINANCIAL;-;-;-;-;-;-;-;-;-;433,508;-;-;-;-;-;-;-
DOLN29C006350;BRBMEFCD6AB8;FINANCIAL;-;-;-;-;-;-;-;-;-;419,03;-;-;-;-;-;-;-
DOLN29C006400;BRBMEFCD6AC6;FINANCIAL;-;-;-;-;-;-;-;-;-;405,293;-;-;-;-;-;-;-
DOLN29C006450;BRBMEFCD6AD4;FINANCIAL;-;-;-;-;-;-;-;-;-;391,996;-;-;-;-;-;-;-
DOLN29C006500;BRBMEFCD6AE2;FINANCIAL;-;-;-;-;-;-;-;-;-;378,834;-;-;-;-;-;-;-
DOLN29C006550;BRBMEFCD6AF9;FINANCIAL;-;-;-;-;-;-;-;-;-;366,386;-;-;-;-;-;-;-
DOLN29C006600;BRBMEFCD6AG7;FINANCIAL;-;-;-;-;-;-;-;-;-;355,229;-;-;-;-;-;-;-
DOLN29C006650;BRBMEFCD6AH5;FINANCIAL;-;-;-;-;-;-;-;-;-;344,176;-;-;-;-;-;-;-
DOLN29C006700;BRBMEFCD6AI3;FINANCIAL;-;-;-;-;-;-;-;-;-;333,507;-;-;-;-;-;-;-
DOLN29C006750;BRBMEFCD6AJ1;FINANCIAL;-;-;-;-;-;-;-;-;-;323,504;-;-;-;-;-;-;-
DOLN29C006800;BRBMEFCD6AK9;FINANCIAL;-;-;-;-;-;-;-;-;-;313,861;-;-;-;-;-;-;-
DOLN29C006850;BRBMEFCD6AL7;FINANCIAL;-;-;-;-;-;-;-;-;-;304,275;-;-;-;-;-;-;-
DOLN29C006900;BRBMEFCD6AM5;FINANCIAL;-;-;-;-;-;-;-;-;-;295,316;-;-;-;-;-;-;-
DOLN29C006950;BRBMEFCD6AN3;FINANCIAL;-;-;-;-;-;-;-;-;-;286,395;-;-;-;-;-;-;-
DOLN29C007000;BRBMEFCD6AO1;FINANCIAL;-;-;-;-;-;-;-;-;-;278,075;-;-;-;-;-;-;-
DOLN29P005000;BRBMEFVDR9K0;FINANCIAL;-;-;-;-;-;-;-;-;-;68,913;-;-;-;-;-;-;-
DOLN29P005050;BRBMEFVDR9L8;FINANCIAL;-;-;-;-;-;-;-;-;-;75,067;-;-;-;-;-;-;-
DOLN29P005100;BRBMEFVDR9M6;FINANCIAL;-;-;-;-;-;-;-;-;-;81,772;-;-;-;-;-;-;-
DOLN29P005150;BRBMEFVDR9N4;FINANCIAL;-;-;-;-;-;-;-;-;-;88,713;-;-;-;-;-;-;-
DOLN29P005200;BRBMEFVDR9O2;FINANCIAL;-;-;-;-;-;-;-;-;-;96,06;-;-;-;-;-;-;-
DOLN29P005250;BRBMEFVDR9P9;FINANCIAL;-;-;-;-;-;-;-;-;-;104,01;-;-;-;-;-;-;-
DOLN29P005300;BRBMEFVDR9Q7;FINANCIAL;-;-;-;-;-;-;-;-;-;112,203;-;-;-;-;-;-;-
DOLN29P005350;BRBMEFVDR9R5;FINANCIAL;-;-;-;-;-;-;-;-;-;120,83;-;-;-;-;-;-;-
DOLN29P005400;BRBMEFVDR9S3;FINANCIAL;-;-;-;-;-;-;-;-;-;129,898;-;-;-;-;-;-;-
DOLN29P005450;BRBMEFVDR9T1;FINANCIAL;-;-;-;-;-;-;-;-;-;139,632;-;-;-;-;-;-;-
DOLN29P005500;BRBMEFVDR9U9;FINANCIAL;-;-;-;-;-;-;-;-;-;149,611;-;-;-;-;-;-;-
DOLN29P005550;BRBMEFVDR9V7;FINANCIAL;-;-;-;-;-;-;-;-;-;160,052;-;-;-;-;-;-;-
DOLN29P005600;BRBMEFVDR9W5;FINANCIAL;-;-;-;-;-;-;-;-;-;171,67;-;-;-;-;-;-;-
DOLN29P005650;BRBMEFVDR9X3;FINANCIAL;-;-;-;-;-;-;-;-;-;184,767;-;-;-;-;-;-;-
DOLN29P005700;BRBMEFVDR9Y1;FINANCIAL;-;-;-;-;-;-;-;-;-;198,421;-;-;-;-;-;-;-
DOLN29P005750;BRBMEFVDR9Z8;FINANCIAL;-;-;-;-;-;-;-;-;-;212,628;-;-;-;-;-;-;-
DOLN29P005800;BRBMEFVDRA09;FINANCIAL;-;-;-;-;-;-;-;-;-;227,384;-;-;-;-;-;-;-
DOLN29P005850;BRBMEFVDRA17;FINANCIAL;-;-;-;-;-;-;-;-;-;242,684;-;-;-;-;-;-;-
DOLN29P005900;BRBMEFVDRA25;FINANCIAL;-;-;-;-;-;-;-;-;-;258,523;-;-;-;-;-;-;-
DOLN29P005950;BRBMEFVDRA33;FINANCIAL;-;-;-;-;-;-;-;-;-;274,894;-;-;-;-;-;-;-
DOLN29P006000;BRBMEFVDRA41;FINANCIAL;-;-;-;-;-;-;-;-;-;291,789;-;-;-;-;-;-;-
DOLN29P006050;BRBMEFVDRA58;FINANCIAL;-;-;-;-;-;-;-;-;-;308,922;-;-;-;-;-;-;-
DOLN29P006100;BRBMEFVDRA66;FINANCIAL;-;-;-;-;-;-;-;-;-;326,557;-;-;-;-;-;-;-
DOLN29P006150;BRBMEFVDRA74;FINANCIAL;-;-;-;-;-;-;-;-;-;344,402;-;-;-;-;-;-;-
DOLN29P006200;BRBMEFVDRA82;FINANCIAL;-;-;-;-;-;-;-;-;-;363,016;-;-;-;-;-;-;-
DOLN29P006250;BRBMEFVDRA90;FINANCIAL;-;-;-;-;-;-;-;-;-;381,819;-;-;-;-;-;-;-
DOLN29P006300;BRBMEFVDRAA9;FINANCIAL;-;-;-;-;-;-;-;-;-;401,377;-;-;-;-;-;-;-
DOLN29P006350;BRBMEFVDRAB7;FINANCIAL;-;-;-;-;-;-;-;-;-;421,103;-;-;-;-;-;-;-
DOLN29P006400;BRBMEFVDRAC5;FINANCIAL;-;-;-;-;-;-;-;-;-;441,569;-;-;-;-;-;-;-
DOLN29P006450;BRBMEFVDRAD3;FINANCIAL;-;-;-;-;-;-;-;-;-;462,475;-;-;-;-;-;-;-
DOLN29P006500;BRBMEFVDRAE1;FINANCIAL;-;-;-;-;-;-;-;-;-;483,517;-;-;-;-;-;-;-
DOLN29P006550;BRBMEFVDRAF8;FINANCIAL;-;-;-;-;-;-;-;-;-;505,272;-;-;-;-;-;-;-
DOLN29P006600;BRBMEFVDRAG6;FINANCIAL;-;-;-;-;-;-;-;-;-;528,318;-;-;-;-;-;-;-
DOLN29P006650;BRBMEFVDRAH4;FINANCIAL;-;-;-;-;-;-;-;-;-;551,468;-;-;-;-;-;-;-
DOLN29P006700;BRBMEFVDRAI2;FINANCIAL;-;-;-;-;-;-;-;-;-;575,003;-;-;-;-;-;-;-
DOLN29P006750;BRBMEFVDRAJ0;FINANCIAL;-;-;-;-;-;-;-;-;-;599,203;-;-;-;-;-;-;-
DOLN29P006800;BRBMEFVDRAK8;FINANCIAL;-;-;-;-;-;-;-;-;-;623,763;-;-;-;-;-;-;-
DOLN29P006850;BRBMEFVDRAL6;FINANCIAL;-;-;-;-;-;-;-;-;-;648,381;-;-;-;-;-;-;-
DOLN29P006900;BRBMEFVDRAM4;FINANCIAL;-;-;-;-;-;-;-;-;-;673,625;-;-;-;-;-;-;-
DOLN29P006950;BRBMEFVDRAN2;FINANCIAL;-;-;-;-;-;-;-;-;-;698,907;-;-;-;-;-;-;-
DOLN29P007000;BRBMEFVDRAO0;FINANCIAL;-;-;-;-;-;-;-;-;-;724,79;-;-;-;-;-;-;-
DOLV26C005750;BRBMEFCD44C1;FINANCIAL;-;-;-;-;-;-;-;-;-;4,564;-;-;-;-;-;-;-
DOLV26C005850;BRBMEFCD44D9;FINANCIAL;-;-;-;-;-;-;-;-;-;2,331;-;-;-;-;-;-;-
DOLV26C005950;BRBMEFCD44E7;FINANCIAL;-;-;-;-;-;-;-;-;-;1,165;-;-;-;-;-;-;-
DOLV26C006050;BRBMEFCD44F4;FINANCIAL;-;-;-;-;-;-;-;-;-;0,524;-;-;-;-;-;-;-
DOLV26C006150;BRBMEFCD44G2;FINANCIAL;-;-;-;-;-;-;-;-;-;0,221;-;-;-;-;-;-;-
DOLV26C006250;BRBMEFCD44H0;FINANCIAL;-;-;-;-;-;-;-;-;-;0,089;-;-;-;-;-;-;-
DOLV26P005750;BRBMEFVD44D9;FINANCIAL;-;-;-;-;-;-;-;-;-;584,768;-;-;-;-;-;-;-
DOLV26P005850;BRBMEFVD44E7;FINANCIAL;-;-;-;-;-;-;-;-;-;680,391;-;-;-;-;-;-;-
DOLV26P005950;BRBMEFVD44F4;FINANCIAL;-;-;-;-;-;-;-;-;-;777,079;-;-;-;-;-;-;-
DOLV26P006050;BRBMEFVD44G2;FINANCIAL;-;-;-;-;-;-;-;-;-;874,293;-;-;-;-;-;-;-
DOLV26P006150;BRBMEFVD44H0;FINANCIAL;-;-;-;-;-;-;-;-;-;971,845;-;-;-;-;-;-;-
DOLV26P006250;BRBMEFVD44I8;FINANCIAL;-;-;-;-;-;-;-;-;-;1069,568;-;-;-;-;-;-;-
DOLF27C007050;BRBMEFCE1CH1;FINANCIAL;-;-;-;-;-;-;-;-;-;1,481;-;-;-;-;-;-;-
DOLF27C007100;BRBMEFCE1CI9;FINANCIAL;-;-;-;-;-;-;-;-;-;1,236;-;-;-;-;-;-;-
DOLF27C007150;BRBMEFCE1CJ7;FINANCIAL;-;-;-;-;-;-;-;-;-;1,03;-;-;-;-;-;-;-
DOLF27C007200;BRBMEFCE1CK5;FINANCIAL;-;-;-;-;-;-;-;-;-;0,857;-;-;-;-;-;-;-
DOLF27C007250;BRBMEFCE1CL3;FINANCIAL;-;-;-;-;-;-;-;-;-;0,712;-;-;-;-;-;-;-
DOLF27C007300;BRBMEFCE1CM1;FINANCIAL;-;-;-;-;-;-;-;-;-;0,59;-;-;-;-;-;-;-
DOLF27C007350;BRBMEFCE1CN9;FINANCIAL;-;-;-;-;-;-;-;-;-;0,488;-;-;-;-;-;-;-
DOLF27C007400;BRBMEFCE1CO7;FINANCIAL;-;-;-;-;-;-;-;-;-;0,404;-;-;-;-;-;-;-
DOLF27C007450;BRBMEFCE1CP4;FINANCIAL;-;-;-;-;-;-;-;-;-;0,333;-;-;-;-;-;-;-
DOLF27C007500;BRBMEFCE1CQ2;FINANCIAL;-;-;-;-;-;-;-;-;-;0,275;-;-;-;-;-;-;-
DOLF27C007550;BRBMEFCE1CR0;FINANCIAL;-;-;-;-;-;-;-;-;-;0,226;-;-;-;-;-;-;-
DOLF27C007600;BRBMEFCE1CS8;FINANCIAL;-;-;-;-;-;-;-;-;-;0,186;-;-;-;-;-;-;-
DOLF27C007650;BRBMEFCE1CT6;FINANCIAL;-;-;-;-;-;-;-;-;-;0,152;-;-;-;-;-;-;-
DOLF27C007700;BRBMEFCE1CU4;FINANCIAL;-;-;-;-;-;-;-;-;-;0,125;-;-;-;-;-;-;-
DOLF27C007750;BRBMEFCE1CV2;FINANCIAL;-;-;-;-;-;-;-;-;-;0,102;-;-;-;-;-;-;-
DOLF27C007800;BRBMEFCE1CW0;FINANCIAL;-;-;-;-;-;-;-;-;-;0,083;-;-;-;-;-;-;-
DOLF27C007850;BRBMEFCE1CX8;FINANCIAL;-;-;-;-;-;-;-;-;-;0,068;-;-;-;-;-;-;-
DOLF27C007900;BRBMEFCE1CY6;FINANCIAL;-;-;-;-;-;-;-;-;-;0,056;-;-;-;-;-;-;-
DOLF27C007950;BRBMEFCE1CZ3;FINANCIAL;-;-;-;-;-;-;-;-;-;0,045;-;-;-;-;-;-;-
DOLF27C008000;BRBMEFCE1D00;FINANCIAL;-;-;-;-;-;-;-;-;-;0,037;-;-;-;-;-;-;-
DOLF27C008050;BRBMEFCE1D18;FINANCIAL;-;-;-;-;-;-;-;-;-;0,03;-;-;-;-;-;-;-
DOLF27C008100;BRBMEFCE1D26;FINANCIAL;-;-;-;-;-;-;-;-;-;0,024;-;-;-;-;-;-;-
DOLF27C008150;BRBMEFCE1D34;FINANCIAL;-;-;-;-;-;-;-;-;-;0,02;-;-;-;-;-;-;-
DOLF27C008200;BRBMEFCE1D42;FINANCIAL;-;-;-;-;-;-;-;-;-;0,016;-;-;-;-;-;-;-
DOLF27C008250;BRBMEFCE1D59;FINANCIAL;-;-;-;-;-;-;-;-;-;0,013;-;-;-;-;-;-;-
DOLF27C008300;BRBMEFCE1D67;FINANCIAL;-;-;-;-;-;-;-;-;-;0,01;-;-;-;-;-;-;-
DOLF27C008350;BRBMEFCE1D75;FINANCIAL;-;-;-;-;-;-;-;-;-;0,008;-;-;-;-;-;-;-
DOLF27C008400;BRBMEFCE1D83;FINANCIAL;-;-;-;-;-;-;-;-;-;0,007;-;-;-;-;-;-;-
DOLF27C008450;BRBMEFCE1D91;FINANCIAL;-;-;-;-;-;-;-;-;-;0,005;-;-;-;-;-;-;-
DOLF27C008500;BRBMEFCE1DA4;FINANCIAL;-;-;-;-;-;-;-;-;-;0,004;-;-;-;-;-;-;-
DOLF27C008550;BRBMEFCE1DB2;FINANCIAL;-;-;-;-;-;-;-;-;-;0,004;-;-;-;-;-;-;-
DOLF27C008600;BRBMEFCE1DC0;FINANCIAL;-;-;-;-;-;-;-;-;-;0,003;-;-;-;-;-;-;-
DOLF27C008650;BRBMEFCE1DD8;FINANCIAL;-;-;-;-;-;-;-;-;-;0,002;-;-;-;-;-;-;-
DOLF27C008700;BRBMEFCE1DE6;FINANCIAL;-;-;-;-;-;-;-;-;-;0,002;-;-;-;-;-;-;-
DOLF27C008750;BRBMEFCE1DF3;FINANCIAL;-;-;-;-;-;-;-;-;-;0,001;-;-;-;-;-;-;-
DOLF27C008800;BRBMEFCE1DG1;FINANCIAL;-;-;-;-;-;-;-;-;-;0,001;-;-;-;-;-;-;-
DOLF27C008850;BRBMEFCE1DH9;FINANCIAL;-;-;-;-;-;-;-;-;-;0,001;-;-;-;-;-;-;-
DOLF27C008900;BRBMEFCE1DI7;FINANCIAL;-;-;-;-;-;-;-;-;-;0,001;-;-;-;-;-;-;-
DOLF27C008950;BRBMEFCE1DJ5;FINANCIAL;-;-;-;-;-;-;-;-;-;0,001;-;-;-;-;-;-;-
DOLF27C009000;BRBMEFCE1DK3;FINANCIAL;-;-;-;-;-;-;-;-;-;0,001;-;-;-;-;-;-;-
DOLF27C009050;BRBMEFCE1DL1;FINANCIAL;-;-;-;-;-;-;-;-;-;0,001;-;-;-;-;-;-;-
DOLF27C009100;BRBMEFCE1DM9;FINANCIAL;-;-;-;-;-;-;-;-;-;0,001;-;-;-;-;-;-;-
DOLF27P007050;BRBMEFDE1BN0;FINANCIAL;-;-;-;-;-;-;-;-;-;1708,434;-;-;-;-;-;-;-
DOLF27P007100;BRBMEFDE1BO8;FINANCIAL;-;-;-;-;-;-;-;-;-;1755,592;-;-;-;-;-;-;-
DOLF27P007150;BRBMEFDE1BP5;FINANCIAL;-;-;-;-;-;-;-;-;-;1802,789;-;-;-;-;-;-;-
DOLF27P007200;BRBMEFDE1BQ3;FINANCIAL;-;-;-;-;-;-;-;-;-;1850,018;-;-;-;-;-;-;-
DOLF27P007250;BRBMEFDE1BR1;FINANCIAL;-;-;-;-;-;-;-;-;-;1897,276;-;-;-;-;-;-;-
DOLF27P007300;BRBMEFDE1BS9;FINANCIAL;-;-;-;-;-;-;-;-;-;1944,557;-;-;-;-;-;-;-
DOLF27P007350;BRBMEFDE1BT7;FINANCIAL;-;-;-;-;-;-;-;-;-;1991,858;-;-;-;-;-;-;-
DOLF27P007400;BRBMEFDE1BU5;FINANCIAL;-;-;-;-;-;-;-;-;-;2039,175;-;-;-;-;-;-;-
DOLF27P007450;BRBMEFDE1BV3;FINANCIAL;-;-;-;-;-;-;-;-;-;2086,507;-;-;-;-;-;-;-
DOLF27P007500;BRBMEFDE1BW1;FINANCIAL;-;-;-;-;-;-;-;-;-;2133,851;-;-;-;-;-;-;-
DOLF27P007550;BRBMEFDE1BX9;FINANCIAL;-;-;-;-;-;-;-;-;-;2181,205;-;-;-;-;-;-;-
DOLF27P007600;BRBMEFDE1BY7;FINANCIAL;-;-;-;-;-;-;-;-;-;2228,568;-;-;-;-;-;-;-
DOLF27P007650;BRBMEFDE1BZ4;FINANCIAL;-;-;-;-;-;-;-;-;-;2275,937;-;-;-;-;-;-;-
DOLF27P007700;BRBMEFDE1C09;FINANCIAL;-;-;-;-;-;-;-;-;-;2323,312;-;-;-;-;-;-;-
DOLF27P007750;BRBMEFDE1C17;FINANCIAL;-;-;-;-;-;-;-;-;-;2370,692;-;-;-;-;-;-;-
DOLF27P007800;BRBMEFDE1C25;FINANCIAL;-;-;-;-;-;-;-;-;-;2418,076;-;-;-;-;-;-;-
DOLF27P007850;BRBMEFDE1C33;FINANCIAL;-;-;-;-;-;-;-;-;-;2465,463;-;-;-;-;-;-;-
DOLF27P007900;BRBMEFDE1C41;FINANCIAL;-;-;-;-;-;-;-;-;-;2512,853;-;-;-;-;-;-;-
DOLF27P007950;BRBMEFDE1C58;FINANCIAL;-;-;-;-;-;-;-;-;-;2560,245;-;-;-;-;-;-;-
DOLF27P008000;BRBMEFDE1C66;FINANCIAL;-;-;-;-;-;-;-;-;-;2607,639;-;-;-;-;-;-;-
DOLF27P008050;BRBMEFDE1C74;FINANCIAL;-;-;-;-;-;-;-;-;-;2655,035;-;-;-;-;-;-;-
DOLF27P008100;BRBMEFDE1C82;FINANCIAL;-;-;-;-;-;-;-;-;-;2702,432;-;-;-;-;-;-;-
DOLF27P008150;BRBMEFDE1C90;FINANCIAL;-;-;-;-;-;-;-;-;-;2749,83;-;-;-;-;-;-;-
DOLF27P008200;BRBMEFDE1CA5;FINANCIAL;-;-;-;-;-;-;-;-;-;2797,228;-;-;-;-;-;-;-
DOLF27P008250;BRBMEFDE1CB3;FINANCIAL;-;-;-;-;-;-;-;-;-;2844,628;-;-;-;-;-;-;-
DOLF27P008300;BRBMEFDE1CC1;FINANCIAL;-;-;-;-;-;-;-;-;-;2892,028;-;-;-;-;-;-;-
DOLF27P008350;BRBMEFDE1CD9;FINANCIAL;-;-;-;-;-;-;-;-;-;2939,429;-;-;-;-;-;-;-
DOLF27P008400;BRBMEFDE1CE7;FINANCIAL;-;-;-;-;-;-;-;-;-;2986,829;-;-;-;-;-;-;-
DOLF27P008450;BRBMEFDE1CF4;FINANCIAL;-;-;-;-;-;-;-;-;-;3034,231;-;-;-;-;-;-;-
DOLF27P008500;BRBMEFDE1CG2;FINANCIAL;-;-;-;-;-;-;-;-;-;3081,632;-;-;-;-;-;-;-
DOLF27P008550;BRBMEFDE1CH0;FINANCIAL;-;-;-;-;-;-;-;-;-;3129,034;-;-;-;-;-;-;-
DOLF27P008600;BRBMEFDE1CI8;FINANCIAL;-;-;-;-;-;-;-;-;-;3176,436;-;-;-;-;-;-;-
DOLF27P008650;BRBMEFDE1CJ6;FINANCIAL;-;-;-;-;-;-;-;-;-;3223,838;-;-;-;-;-;-;-
DOLF27P008700;BRBMEFDE1CK4;FINANCIAL;-;-;-;-;-;-;-;-;-;3271,24;-;-;-;-;-;-;-
DOLF27P008750;BRBMEFDE1CL2;FINANCIAL;-;-;-;-;-;-;-;-;-;3318,642;-;-;-;-;-;-;-
DOLF27P008800;BRBMEFDE1CM0;FINANCIAL;-;-;-;-;-;-;-;-;-;3366,044;-;-;-;-;-;-;-
DOLF27P008850;BRBMEFDE1CN8;FINANCIAL;-;-;-;-;-;-;-;-;-;3413,447;-;-;-;-;-;-;-
DOLF27P008900;BRBMEFDE1CO6;FINANCIAL;-;-;-;-;-;-;-;-;-;3460,849;-;-;-;-;-;-;-
DOLF27P008950;BRBMEFDE1CP3;FINANCIAL;-;-;-;-;-;-;-;-;-;3508,251;-;-;-;-;-;-;-
DOLF27P009000;BRBMEFDE1CQ1;FINANCIAL;-;-;-;-;-;-;-;-;-;3555,654;-;-;-;-;-;-;-
DOLF27P009050;BRBMEFDE1CR9;FINANCIAL;-;-;-;-;-;-;-;-;-;3603,056;-;-;-;-;-;-;-
DOLF27P009100;BRBMEFDE1CS7;FINANCIAL;-;-;-;-;-;-;-;-;-;3650,459;-;-;-;-;-;-;-
DOLF28C007500;BRBMEFCE1DN7;FINANCIAL;-;-;-;-;-;-;-;-;-;48,052;-;-;-;-;-;-;-
DOLF28C008000;BRBMEFCE1DO5;FINANCIAL;-;-;-;-;-;-;-;-;-;28,439;-;-;-;-;-;-;-
DOLF28P007500;BRBMEFDE1CT5;FINANCIAL;-;-;-;-;-;-;-;-;-;1589,31;-;-;-;-;-;-;-
DOLF28P008000;BRBMEFDE1CU3;FINANCIAL;-;-;-;-;-;-;-;-;-;1986,477;-;-;-;-;-;-;-
DOLF29C008000;BRBMEFCE1DP2;FINANCIAL;-;-;-;-;-;-;-;-;-;112,444;-;-;-;-;-;-;-
DOLF29C008500;BRBMEFCE1DQ0;FINANCIAL;-;-;-;-;-;-;-;-;-;82,037;-;-;-;-;-;-;-
DOLF29P008000;BRBMEFDE1CV1;FINANCIAL;-;-;-;-;-;-;-;-;-;1504,027;-;-;-;-;-;-;-
DOLF29P008500;BRBMEFDE1CW9;FINANCIAL;-;-;-;-;-;-;-;-;-;1839,251;-;-;-;-;-;-;-
DOLN29C007500;BRBMEFCD6AT0;FINANCIAL;-;-;-;-;-;-;-;-;-;206,918;-;-;-;-;-;-;-
DOLN29C008000;BRBMEFCD6AU8;FINANCIAL;-;-;-;-;-;-;-;-;-;156,397;-;-;-;-;-;-;-
DOLN29C008500;BRBMEFCD6AV6;FINANCIAL;-;-;-;-;-;-;-;-;-;118,867;-;-;-;-;-;-;-
DOLN29P007500;BRBMEFVDRAT9;FINANCIAL;-;-;-;-;-;-;-;-;-;995,666;-;-;-;-;-;-;-
DOLN29P008000;BRBMEFVDRAU7;FINANCIAL;-;-;-;-;-;-;-;-;-;1287,178;-;-;-;-;-;-;-
DOLN29P008500;BRBMEFVDRAV5;FINANCIAL;-;-;-;-;-;-;-;-;-;1591,681;-;-;-;-;-;-;-
DOLV26C007500;BRBMEFCD44I8;FINANCIAL;-;-;-;-;-;-;-;-;-;0,001;-;-;-;-;-;-;-
DOLV26P007500;BRBMEFVD44J6;FINANCIAL;-;-;-;-;-;-;-;-;-;2292,663;-;-;-;-;-;-;-
DOLF27C009150;BRBMEFCE1EJ3;FINANCIAL;-;-;-;-;-;-;-;-;-;0,001;-;-;-;-;-;-;-
DOLF27C009200;BRBMEFCE1EK1;FINANCIAL;-;-;-;-;-;-;-;-;-;0,001;-;-;-;-;-;-;-
DOLF27C009250;BRBMEFCE1EL9;FINANCIAL;-;-;-;-;-;-;-;-;-;0,001;-;-;-;-;-;-;-
DOLF27C009300;BRBMEFCE1EM7;FINANCIAL;-;-;-;-;-;-;-;-;-;0,001;-;-;-;-;-;-;-
DOLF27C009350;BRBMEFCE1EN5;FINANCIAL;-;-;-;-;-;-;-;-;-;0,001;-;-;-;-;-;-;-
DOLF27C009400;BRBMEFCE1EO3;FINANCIAL;-;-;-;-;-;-;-;-;-;0,001;-;-;-;-;-;-;-
DOLF27C009450;BRBMEFCE1EP0;FINANCIAL;-;-;-;-;-;-;-;-;-;0,001;-;-;-;-;-;-;-
DOLF27C009500;BRBMEFCE1EQ8;FINANCIAL;-;-;-;-;-;-;-;-;-;0,001;-;-;-;-;-;-;-
DOLF27C009550;BRBMEFCE1ER6;FINANCIAL;-;-;-;-;-;-;-;-;-;0,001;-;-;-;-;-;-;-
DOLF27C009600;BRBMEFCE1ES4;FINANCIAL;-;-;-;-;-;-;-;-;-;0,001;-;-;-;-;-;-;-
DOLF27C009650;BRBMEFCE1ET2;FINANCIAL;-;-;-;-;-;-;-;-;-;0,001;-;-;-;-;-;-;-
DOLF27C009700;BRBMEFCE1EU0;FINANCIAL;-;-;-;-;-;-;-;-;-;0,001;-;-;-;-;-;-;-
DOLF27C009750;BRBMEFCE1EV8;FINANCIAL;-;-;-;-;-;-;-;-;-;0,001;-;-;-;-;-;-;-
DOLF27C009800;BRBMEFCE1EW6;FINANCIAL;-;-;-;-;-;-;-;-;-;0,001;-;-;-;-;-;-;-
DOLF27C009850;BRBMEFCE1EX4;FINANCIAL;-;-;-;-;-;-;-;-;-;0,001;-;-;-;-;-;-;-
DOLF27C009900;BRBMEFCE1EY2;FINANCIAL;-;-;-;-;-;-;-;-;-;0,001;-;-;-;-;-;-;-
DOLF27C009950;BRBMEFCE1EZ9;FINANCIAL;-;-;-;-;-;-;-;-;-;0,001;-;-;-;-;-;-;-
DOLF27C010000;BRBMEFCE1F08;FINANCIAL;-;-;-;-;-;-;-;-;-;0,001;-;-;-;-;-;-;-
DOLF27P009150;BRBMEFDE1DP1;FINANCIAL;-;-;-;-;-;-;-;-;-;3697,861;-;-;-;-;-;-;-
DOLF27P009200;BRBMEFDE1DQ9;FINANCIAL;-;-;-;-;-;-;-;-;-;3745,264;-;-;-;-;-;-;-
DOLF27P009250;BRBMEFDE1DR7;FINANCIAL;-;-;-;-;-;-;-;-;-;3792,666;-;-;-;-;-;-;-
DOLF27P009300;BRBMEFDE1DS5;FINANCIAL;-;-;-;-;-;-;-;-;-;3840,069;-;-;-;-;-;-;-
DOLF27P009350;BRBMEFDE1DT3;FINANCIAL;-;-;-;-;-;-;-;-;-;3887,471;-;-;-;-;-;-;-
DOLF27P009400;BRBMEFDE1DU1;FINANCIAL;-;-;-;-;-;-;-;-;-;3934,874;-;-;-;-;-;-;-
DOLF27P009450;BRBMEFDE1DV9;FINANCIAL;-;-;-;-;-;-;-;-;-;3982,276;-;-;-;-;-;-;-
DOLF27P009500;BRBMEFDE1DW7;FINANCIAL;-;-;-;-;-;-;-;-;-;4029,679;-;-;-;-;-;-;-
DOLF27P009550;BRBMEFDE1DX5;FINANCIAL;-;-;-;-;-;-;-;-;-;4077,082;-;-;-;-;-;-;-
DOLF27P009600;BRBMEFDE1DY3;FINANCIAL;-;-;-;-;-;-;-;-;-;4124,484;-;-;-;-;-;-;-
DOLF27P009650;BRBMEFDE1DZ0;FINANCIAL;-;-;-;-;-;-;-;-;-;4171,887;-;-;-;-;-;-;-
DOLF27P009700;BRBMEFDE1E07;FINANCIAL;-;-;-;-;-;-;-;-;-;4219,289;-;-;-;-;-;-;-
DOLF27P009750;BRBMEFDE1E15;FINANCIAL;-;-;-;-;-;-;-;-;-;4266,692;-;-;-;-;-;-;-
DOLF27P009800;BRBMEFDE1E23;FINANCIAL;-;-;-;-;-;-;-;-;-;4314,094;-;-;-;-;-;-;-
DOLF27P009850;BRBMEFDE1E31;FINANCIAL;-;-;-;-;-;-;-;-;-;4361,497;-;-;-;-;-;-;-
DOLF27P009900;BRBMEFDE1E49;FINANCIAL;-;-;-;-;-;-;-;-;-;4408,899;-;-;-;-;-;-;-
DOLF27P009950;BRBMEFDE1E56;FINANCIAL;-;-;-;-;-;-;-;-;-;4456,302;-;-;-;-;-;-;-
DOLF27P010000;BRBMEFDE1E64;FINANCIAL;-;-;-;-;-;-;-;-;-;4503,705;-;-;-;-;-;-;-
DOLF28C010500;BRBMEFCE1F99;FINANCIAL;-;-;-;-;-;-;-;-;-;1,421;-;-;-;-;-;-;-
DOLF28C011500;BRBMEFCE1FA9;FINANCIAL;-;-;-;-;-;-;-;-;-;0,371;-;-;-;-;-;-;-
DOLF28P010500;BRBMEFDE1EF0;FINANCIAL;-;-;-;-;-;-;-;-;-;4043,362;-;-;-;-;-;-;-
DOLF28P011500;BRBMEFDE1EG8;FINANCIAL;-;-;-;-;-;-;-;-;-;4875,874;-;-;-;-;-;-;-
DOLJ27C006400;BRBMEFCL15N1;FINANCIAL;-;-;-;-;-;-;-;-;-;34,169;-;-;-;-;-;-;-
DOLJ27C006500;BRBMEFCL15L5;FINANCIAL;-;-;-;-;-;-;-;-;-;28,536;-;-;-;-;-;-;-
DOLJ27C006600;BRBMEFCL15O9;FINANCIAL;-;-;-;-;-;-;-;-;-;23,361;-;-;-;-;-;-;-
DOLJ27C006700;BRBMEFCL15P6;FINANCIAL;-;-;-;-;-;-;-;-;-;19,174;-;-;-;-;-;-;-
DOLJ27C006800;BRBMEFCL15Q4;FINANCIAL;-;-;-;-;-;-;-;-;-;15,746;-;-;-;-;-;-;-
DOLJ27C006900;BRBMEFCL15R2;FINANCIAL;-;-;-;-;-;-;-;-;-;12,789;-;-;-;-;-;-;-
DOLJ27C007000;BRBMEFCL15S0;FINANCIAL;-;-;-;-;-;-;-;-;-;10,222;-;-;-;-;-;-;-
DOLJ27C007100;BRBMEFCL15T8;FINANCIAL;-;-;-;-;-;-;-;-;-;8,156;-;-;-;-;-;-;-
DOLJ27C007200;BRBMEFCL15U6;FINANCIAL;-;-;-;-;-;-;-;-;-;6,497;-;-;-;-;-;-;-
DOLJ27C007300;BRBMEFCL15V4;FINANCIAL;-;-;-;-;-;-;-;-;-;5,188;-;-;-;-;-;-;-
DOLJ27C007400;BRBMEFCL15M3;FINANCIAL;-;-;-;-;-;-;-;-;-;4,123;-;-;-;-;-;-;-
DOLJ27C007500;BRBMEFCL15W2;FINANCIAL;-;-;-;-;-;-;-;-;-;3,274;-;-;-;-;-;-;-
DOLJ27P006400;BRBMEFVDE6F1;FINANCIAL;-;-;-;-;-;-;-;-;-;1002,842;-;-;-;-;-;-;-
DOLJ27P006500;BRBMEFVDE6D6;FINANCIAL;-;-;-;-;-;-;-;-;-;1089,139;-;-;-;-;-;-;-
DOLJ27P006600;BRBMEFVDE6G9;FINANCIAL;-;-;-;-;-;-;-;-;-;1175,895;-;-;-;-;-;-;-
DOLJ27P006700;BRBMEFVDE6H7;FINANCIAL;-;-;-;-;-;-;-;-;-;1263,639;-;-;-;-;-;-;-
DOLJ27P006800;BRBMEFVDE6I5;FINANCIAL;-;-;-;-;-;-;-;-;-;1352,142;-;-;-;-;-;-;-
DOLJ27P006900;BRBMEFVDE6J3;FINANCIAL;-;-;-;-;-;-;-;-;-;1441,115;-;-;-;-;-;-;-
DOLJ27P007000;BRBMEFVDE6K1;FINANCIAL;-;-;-;-;-;-;-;-;-;1530,479;-;-;-;-;-;-;-
DOLJ27P007100;BRBMEFVDE6L9;FINANCIAL;-;-;-;-;-;-;-;-;-;1620,343;-;-;-;-;-;-;-
DOLJ27P007200;BRBMEFVDE6M7;FINANCIAL;-;-;-;-;-;-;-;-;-;1710,615;-;-;-;-;-;-;-
DOLJ27P007300;BRBMEFVDE6N5;FINANCIAL;-;-;-;-;-;-;-;-;-;1801,236;-;-;-;-;-;-;-
DOLJ27P007400;BRBMEFVDE6E4;FINANCIAL;-;-;-;-;-;-;-;-;-;1892,102;-;-;-;-;-;-;-
DOLJ27P007500;BRBMEFVDE6O3;FINANCIAL;-;-;-;-;-;-;-;-;-;1983,184;-;-;-;-;-;-;-
DOLF27C006450;BRBMEFCE1FB7;FINANCIAL;-;-;-;-;-;-;-;-;-;9,949;-;-;-;-;-;-;-
DOLF27P006450;BRBMEFDE1EH6;FINANCIAL;-;-;-;-;-;-;-;-;-;1148,072;-;-;-;-;-;-;-
DOLF28C007000;BRBMEFCE1FS1;FINANCIAL;-;-;-;-;-;-;-;-;-;78,388;-;-;-;-;-;-;-
DOLF28P007000;BRBMEFDE1EY1;FINANCIAL;-;-;-;-;-;-;-;-;-;1202,864;-;-;-;-;-;-;-
DOLF29C006800;BRBMEFCE1FT9;FINANCIAL;-;-;-;-;-;-;-;-;-;245,258;-;-;-;-;-;-;-
DOLF29C006900;BRBMEFCE1FU7;FINANCIAL;-;-;-;-;-;-;-;-;-;229,281;-;-;-;-;-;-;-
DOLF29C007000;BRBMEFCE1FV5;FINANCIAL;-;-;-;-;-;-;-;-;-;214,543;-;-;-;-;-;-;-
DOLF29C007100;BRBMEFCE1FW3;FINANCIAL;-;-;-;-;-;-;-;-;-;200,949;-;-;-;-;-;-;-
DOLF29C007200;BRBMEFCE1FX1;FINANCIAL;172,2;172,2;172,2;172,2;172,2;-25,58;-;-;-;188,409;-;-;-;-;1;300;2583000
DOLF29C007300;BRBMEFCE1FY9;FINANCIAL;-;-;-;-;-;-;-;-;-;176,839;-;-;-;-;-;-;-
DOLF29C007400;BRBMEFCE1FZ6;FINANCIAL;-;-;-;-;-;-;-;-;-;166,389;-;-;-;-;-;-;-
DOLF29P006800;BRBMEFDE1EZ8;FINANCIAL;-;-;-;-;-;-;-;-;-;759,329;-;-;-;-;-;-;-
DOLF29P006900;BRBMEFDE1F06;FINANCIAL;-;-;-;-;-;-;-;-;-;816,478;-;-;-;-;-;-;-
DOLF29P007000;BRBMEFDE1F14;FINANCIAL;-;-;-;-;-;-;-;-;-;874,866;-;-;-;-;-;-;-
DOLF29P007100;BRBMEFDE1F22;FINANCIAL;-;-;-;-;-;-;-;-;-;934,398;-;-;-;-;-;-;-
DOLF29P007200;BRBMEFDE1F30;FINANCIAL;-;-;-;-;-;-;-;-;-;994,984;-;-;-;-;-;-;-
DOLF29P007300;BRBMEFDE1F48;FINANCIAL;-;-;-;-;-;-;-;-;-;1056,54;-;-;-;-;-;-;-
DOLF29P007400;BRBMEFDE1F55;FINANCIAL;-;-;-;-;-;-;-;-;-;1119,216;-;-;-;-;-;-;-
DOLF29C007600;BRBMEFCE1G07;FINANCIAL;-;-;-;-;-;-;-;-;-;146,774;-;-;-;-;-;-;-
DOLF29C007700;BRBMEFCE1G15;FINANCIAL;-;-;-;-;-;-;-;-;-;137,128;-;-;-;-;-;-;-
DOLF29C007800;BRBMEFCE1G23;FINANCIAL;-;-;-;-;-;-;-;-;-;128,195;-;-;-;-;-;-;-
DOLF29C007900;BRBMEFCE1G31;FINANCIAL;-;-;-;-;-;-;-;-;-;120,115;-;-;-;-;-;-;-
DOLF29P007600;BRBMEFDE1F63;FINANCIAL;-;-;-;-;-;-;-;-;-;1245,853;-;-;-;-;-;-;-
DOLF29P007700;BRBMEFDE1F71;FINANCIAL;-;-;-;-;-;-;-;-;-;1309,333;-;-;-;-;-;-;-
DOLF29P007800;BRBMEFDE1F89;FINANCIAL;-;-;-;-;-;-;-;-;-;1373,526;-;-;-;-;-;-;-
DOLF29P007900;BRBMEFDE1F97;FINANCIAL;-;-;-;-;-;-;-;-;-;1438,572;-;-;-;-;-;-;-
DOLN28C007050;BRBMEFCD6C08;FINANCIAL;-;-;-;-;-;-;-;-;-;140,219;-;-;-;-;-;-;-
DOLN28C007100;BRBMEFCD6C16;FINANCIAL;-;-;-;-;-;-;-;-;-;134,453;-;-;-;-;-;-;-
DOLN28C007150;BRBMEFCD6C24;FINANCIAL;-;-;-;-;-;-;-;-;-;128,946;-;-;-;-;-;-;-
DOLN28C007200;BRBMEFCD6C32;FINANCIAL;-;-;-;-;-;-;-;-;-;123,685;-;-;-;-;-;-;-
DOLN28C007250;BRBMEFCD6C40;FINANCIAL;-;-;-;-;-;-;-;-;-;118,846;-;-;-;-;-;-;-
DOLN28C007300;BRBMEFCD6C57;FINANCIAL;-;-;-;-;-;-;-;-;-;114,044;-;-;-;-;-;-;-
DOLN28C007350;BRBMEFCD6C65;FINANCIAL;-;-;-;-;-;-;-;-;-;109,456;-;-;-;-;-;-;-
DOLN28C007400;BRBMEFCD6C73;FINANCIAL;-;-;-;-;-;-;-;-;-;105,249;-;-;-;-;-;-;-
DOLN28C007450;BRBMEFCD6C81;FINANCIAL;-;-;-;-;-;-;-;-;-;101,06;-;-;-;-;-;-;-
DOLN28C007500;BRBMEFCD6C99;FINANCIAL;-;-;-;-;-;-;-;-;-;97,058;-;-;-;-;-;-;-
DOLN28C007550;BRBMEFCD6CA6;FINANCIAL;-;-;-;-;-;-;-;-;-;93,399;-;-;-;-;-;-;-
DOLN28C007600;BRBMEFCD6CB4;FINANCIAL;-;-;-;-;-;-;-;-;-;89,744;-;-;-;-;-;-;-
DOLN28C007650;BRBMEFCD6CC2;FINANCIAL;-;-;-;-;-;-;-;-;-;86,407;-;-;-;-;-;-;-
DOLN28C007700;BRBMEFCD6CD0;FINANCIAL;-;-;-;-;-;-;-;-;-;83,066;-;-;-;-;-;-;-
DOLN28C007750;BRBMEFCD6CE8;FINANCIAL;-;-;-;-;-;-;-;-;-;79,874;-;-;-;-;-;-;-
DOLN28C007800;BRBMEFCD6CF5;FINANCIAL;-;-;-;-;-;-;-;-;-;76,969;-;-;-;-;-;-;-
DOLN28C007850;BRBMEFCD6CG3;FINANCIAL;-;-;-;-;-;-;-;-;-;74,192;-;-;-;-;-;-;-
DOLN28C007900;BRBMEFCD6CH1;FINANCIAL;-;-;-;-;-;-;-;-;-;71,398;-;-;-;-;-;-;-
DOLN28C007950;BRBMEFCD6CI9;FINANCIAL;-;-;-;-;-;-;-;-;-;68,863;-;-;-;-;-;-;-
DOLN28C008000;BRBMEFCD6CJ7;FINANCIAL;-;-;-;-;-;-;-;-;-;66,305;-;-;-;-;-;-;-
DOLN28P007050;BRBMEFVDRC07;FINANCIAL;-;-;-;-;-;-;-;-;-;1059,576;-;-;-;-;-;-;-
DOLN28P007100;BRBMEFVDRC15;FINANCIAL;-;-;-;-;-;-;-;-;-;1092,867;-;-;-;-;-;-;-
DOLN28P007150;BRBMEFVDRC23;FINANCIAL;-;-;-;-;-;-;-;-;-;1126,417;-;-;-;-;-;-;-
DOLN28P007200;BRBMEFVDRC31;FINANCIAL;-;-;-;-;-;-;-;-;-;1160,214;-;-;-;-;-;-;-
DOLN28P007250;BRBMEFVDRC49;FINANCIAL;-;-;-;-;-;-;-;-;-;1194,433;-;-;-;-;-;-;-
DOLN28P007300;BRBMEFVDRC56;FINANCIAL;-;-;-;-;-;-;-;-;-;1228,688;-;-;-;-;-;-;-
DOLN28P007350;BRBMEFVDRC64;FINANCIAL;-;-;-;-;-;-;-;-;-;1263,158;-;-;-;-;-;-;-
DOLN28P007400;BRBMEFVDRC72;FINANCIAL;-;-;-;-;-;-;-;-;-;1298,008;-;-;-;-;-;-;-
DOLN28P007450;BRBMEFVDRC80;FINANCIAL;-;-;-;-;-;-;-;-;-;1332,876;-;-;-;-;-;-;-
DOLN28P007500;BRBMEFVDRC98;FINANCIAL;-;-;-;-;-;-;-;-;-;1367,932;-;-;-;-;-;-;-
DOLN28P007550;BRBMEFVDRCA5;FINANCIAL;-;-;-;-;-;-;-;-;-;1403,331;-;-;-;-;-;-;-
DOLN28P007600;BRBMEFVDRCB3;FINANCIAL;-;-;-;-;-;-;-;-;-;1438,732;-;-;-;-;-;-;-
DOLN28P007650;BRBMEFVDRCC1;FINANCIAL;-;-;-;-;-;-;-;-;-;1474,454;-;-;-;-;-;-;-
DOLN28P007700;BRBMEFVDRCD9;FINANCIAL;-;-;-;-;-;-;-;-;-;1510,17;-;-;-;-;-;-;-
DOLN28P007750;BRBMEFVDRCE7;FINANCIAL;-;-;-;-;-;-;-;-;-;1546,035;-;-;-;-;-;-;-
DOLN28P007800;BRBMEFVDRCF4;FINANCIAL;-;-;-;-;-;-;-;-;-;1582,188;-;-;-;-;-;-;-
DOLN28P007850;BRBMEFVDRCG2;FINANCIAL;-;-;-;-;-;-;-;-;-;1618,468;-;-;-;-;-;-;-
DOLN28P007900;BRBMEFVDRCH0;FINANCIAL;-;-;-;-;-;-;-;-;-;1654,732;-;-;-;-;-;-;-
DOLN28P007950;BRBMEFVDRCI8;FINANCIAL;-;-;-;-;-;-;-;-;-;1691,254;-;-;-;-;-;-;-
DOLN28P008000;BRBMEFVDRCJ6;FINANCIAL;-;-;-;-;-;-;-;-;-;1727,754;-;-;-;-;-;-;-
DOLV26C007100;BRBMEFCD44K4;FINANCIAL;-;-;-;-;-;-;-;-;-;0,001;-;-;-;-;-;-;-
DOLV26C007200;BRBMEFCD44L2;FINANCIAL;-;-;-;-;-;-;-;-;-;0,001;-;-;-;-;-;-;-
DOLV26C007300;BRBMEFCD44M0;FINANCIAL;-;-;-;-;-;-;-;-;-;0,001;-;-;-;-;-;-;-
DOLV26C007400;BRBMEFCD44N8;FINANCIAL;-;-;-;-;-;-;-;-;-;0,001;-;-;-;-;-;-;-
DOLV26P007100;BRBMEFVD44L2;FINANCIAL;-;-;-;-;-;-;-;-;-;1901,244;-;-;-;-;-;-;-
DOLV26P007200;BRBMEFVD44M0;FINANCIAL;-;-;-;-;-;-;-;-;-;1999,099;-;-;-;-;-;-;-
DOLV26P007300;BRBMEFVD44N8;FINANCIAL;-;-;-;-;-;-;-;-;-;2096,953;-;-;-;-;-;-;-
DOLV26P007400;BRBMEFVD44O6;FINANCIAL;-;-;-;-;-;-;-;-;-;2194,808;-;-;-;-;-;-;-
DOLF27C005650;BRBMEFCE1G49;FINANCIAL;-;-;-;-;-;-;-;-;-;71,993;-;-;-;-;-;-;-
DOLF27P005650;BRBMEFDE1FA8;FINANCIAL;-;-;-;-;-;-;-;-;-;451,675;-;-;-;-;-;-;-
DOLF27C004600;BRBMEFCE1G56;FINANCIAL;-;-;-;-;-;-;-;-;-;624,606;-;-;-;-;-;-;-
DOLF27P004600;BRBMEFDE1FB6;FINANCIAL;-;-;-;-;-;-;-;-;-;8,834;-;-;-;-;-;-;-
DOLQ26C005000;BRBMEFDA0189;FINANCIAL;-;-;-;-;-;-;-;-;-;77,3;-;-;-;-;-;-;-
DOLQ26C005050;BRBMEFDA0197;FINANCIAL;-;-;-;-;-;-;-;-;-;27,3;-;-;-;-;-;-;-
DOLQ26C005100;BRBMEFDA01A9;FINANCIAL;-;-;-;-;-;-;-;-;-;0,001;-;-;-;-;-;-;-
DOLQ26C005150;BRBMEFDA01B7;FINANCIAL;-;-;-;-;-;-;-;-;-;0,001;-;-;-;-;-;-;-
DOLQ26C005200;BRBMEFDA01C5;FINANCIAL;-;-;-;-;-;-;-;-;-;0,001;-;-;-;-;-;-;-
DOLQ26C005250;BRBMEFDA01D3;FINANCIAL;-;-;-;-;-;-;-;-;-;0,001;-;-;-;-;-;-;-
DOLQ26C005300;BRBMEFDA01E1;FINANCIAL;-;-;-;-;-;-;-;-;-;0,001;-;-;-;-;-;-;-
DOLQ26C005350;BRBMEFDA01F8;FINANCIAL;-;-;-;-;-;-;-;-;-;0,001;-;-;-;-;-;-;-
DOLQ26C005400;BRBMEFDA01G6;FINANCIAL;-;-;-;-;-;-;-;-;-;0,001;-;-;-;-;-;-;-
DOLQ26C005450;BRBMEFDA01H4;FINANCIAL;-;-;-;-;-;-;-;-;-;0,001;-;-;-;-;-;-;-
DOLQ26C005500;BRBMEFDA01I2;FINANCIAL;-;-;-;-;-;-;-;-;-;0,001;-;-;-;-;-;-;-
DOLQ26C005550;BRBMEFDA01J0;FINANCIAL;-;-;-;-;-;-;-;-;-;0,001;-;-;-;-;-;-;-
DOLQ26C005600;BRBMEFDA01K8;FINANCIAL;-;-;-;-;-;-;-;-;-;0,001;-;-;-;-;-;-;-
DOLQ26C005650;BRBMEFDA01L6;FINANCIAL;-;-;-;-;-;-;-;-;-;0,001;-;-;-;-;-;-;-
DOLQ26C005700;BRBMEFDA01M4;FINANCIAL;-;-;-;-;-;-;-;-;-;0,001;-;-;-;-;-;-;-
DOLQ26C005750;BRBMEFDA01N2;FINANCIAL;-;-;-;-;-;-;-;-;-;0,001;-;-;-;-;-;-;-
DOLQ26C005800;BRBMEFDA01O0;FINANCIAL;-;-;-;-;-;-;-;-;-;0,001;-;-;-;-;-;-;-
DOLQ26C005850;BRBMEFDA01P7;FINANCIAL;-;-;-;-;-;-;-;-;-;0,001;-;-;-;-;-;-;-
DOLQ26C005900;BRBMEFDA01Q5;FINANCIAL;-;-;-;-;-;-;-;-;-;0,001;-;-;-;-;-;-;-
DOLQ26C005950;BRBMEFDA01R3;FINANCIAL;-;-;-;-;-;-;-;-;-;0,001;-;-;-;-;-;-;-
DOLQ26C006000;BRBMEFDA01S1;FINANCIAL;-;-;-;-;-;-;-;-;-;0,001;-;-;-;-;-;-;-
DOLQ26C006050;BRBMEFDA01T9;FINANCIAL;-;-;-;-;-;-;-;-;-;0,001;-;-;-;-;-;-;-
DOLQ26C006100;BRBMEFDA01U7;FINANCIAL;-;-;-;-;-;-;-;-;-;0,001;-;-;-;-;-;-;-
DOLQ26C006150;BRBMEFDA01V5;FINANCIAL;-;-;-;-;-;-;-;-;-;0,001;-;-;-;-;-;-;-
DOLQ26C006200;BRBMEFDA01W3;FINANCIAL;-;-;-;-;-;-;-;-;-;0,001;-;-;-;-;-;-;-
DOLQ26C006250;BRBMEFDA01X1;FINANCIAL;-;-;-;-;-;-;-;-;-;0,001;-;-;-;-;-;-;-
DOLQ26C006300;BRBMEFDA01Y9;FINANCIAL;-;-;-;-;-;-;-;-;-;0,001;-;-;-;-;-;-;-
DOLQ26C006350;BRBMEFDA01Z6;FINANCIAL;-;-;-;-;-;-;-;-;-;0,001;-;-;-;-;-;-;-
DOLQ26C006400;BRBMEFDA0205;FINANCIAL;-;-;-;-;-;-;-;-;-;0,001;-;-;-;-;-;-;-
DOLQ26C006450;BRBMEFDA0213;FINANCIAL;-;-;-;-;-;-;-;-;-;0,001;-;-;-;-;-;-;-
DOLQ26C006500;BRBMEFDA0221;FINANCIAL;-;-;-;-;-;-;-;-;-;0,001;-;-;-;-;-;-;-
DOLQ26P005000;BRBMEFVA0146;FINANCIAL;-;-;-;-;-;-;-;-;-;0,001;-;-;-;-;-;-;-
DOLQ26P005050;BRBMEFVA0153;FINANCIAL;-;-;-;-;-;-;-;-;-;0,001;-;-;-;-;-;-;-
DOLQ26P005100;BRBMEFVA0161;FINANCIAL;-;-;-;-;-;-;-;-;-;22,7;-;-;-;-;-;-;-
DOLQ26P005150;BRBMEFVA0179;FINANCIAL;-;-;-;-;-;-;-;-;-;72,7;-;-;-;-;-;-;-
DOLQ26P005200;BRBMEFVA0187;FINANCIAL;-;-;-;-;-;-;-;-;-;122,7;-;-;-;-;-;-;-
DOLQ26P005250;BRBMEFVA0195;FINANCIAL;-;-;-;-;-;-;-;-;-;172,7;-;-;-;-;-;-;-
DOLQ26P005300;BRBMEFVA01A1;FINANCIAL;-;-;-;-;-;-;-;-;-;222,7;-;-;-;-;-;-;-
DOLQ26P005350;BRBMEFVA01B9;FINANCIAL;-;-;-;-;-;-;-;-;-;272,7;-;-;-;-;-;-;-
DOLQ26P005400;BRBMEFVA01C7;FINANCIAL;-;-;-;-;-;-;-;-;-;322,7;-;-;-;-;-;-;-
DOLQ26P005450;BRBMEFVA01D5;FINANCIAL;-;-;-;-;-;-;-;-;-;372,7;-;-;-;-;-;-;-
DOLQ26P005500;BRBMEFVA01E3;FINANCIAL;-;-;-;-;-;-;-;-;-;422,7;-;-;-;-;-;-;-
DOLQ26P005550;BRBMEFVA01F0;FINANCIAL;-;-;-;-;-;-;-;-;-;472,7;-;-;-;-;-;-;-
DOLQ26P005600;BRBMEFVA01G8;FINANCIAL;-;-;-;-;-;-;-;-;-;522,7;-;-;-;-;-;-;-
DOLQ26P005650;BRBMEFVA01H6;FINANCIAL;-;-;-;-;-;-;-;-;-;572,7;-;-;-;-;-;-;-
DOLQ26P005700;BRBMEFVA01I4;FINANCIAL;-;-;-;-;-;-;-;-;-;622,7;-;-;-;-;-;-;-
DOLQ26P005750;BRBMEFVA01J2;FINANCIAL;-;-;-;-;-;-;-;-;-;672,7;-;-;-;-;-;-;-
DOLQ26P005800;BRBMEFVA01K0;FINANCIAL;-;-;-;-;-;-;-;-;-;722,7;-;-;-;-;-;-;-
DOLQ26P005850;BRBMEFVA01L8;FINANCIAL;-;-;-;-;-;-;-;-;-;772,7;-;-;-;-;-;-;-
DOLQ26P005900;BRBMEFVA01M6;FINANCIAL;-;-;-;-;-;-;-;-;-;822,7;-;-;-;-;-;-;-
DOLQ26P005950;BRBMEFVA01N4;FINANCIAL;-;-;-;-;-;-;-;-;-;872,7;-;-;-;-;-;-;-
DOLQ26P006000;BRBMEFVA01O2;FINANCIAL;-;-;-;-;-;-;-;-;-;922,7;-;-;-;-;-;-;-
DOLQ26P006050;BRBMEFVA01P9;FINANCIAL;-;-;-;-;-;-;-;-;-;972,7;-;-;-;-;-;-;-
DOLQ26P006100;BRBMEFVA01Q7;FINANCIAL;-;-;-;-;-;-;-;-;-;1022,7;-;-;-;-;-;-;-
DOLQ26P006150;BRBMEFVA01R5;FINANCIAL;-;-;-;-;-;-;-;-;-;1072,7;-;-;-;-;-;-;-
DOLQ26P006200;BRBMEFVA01S3;FINANCIAL;-;-;-;-;-;-;-;-;-;1122,7;-;-;-;-;-;-;-
DOLQ26P006250;BRBMEFVA01T1;FINANCIAL;-;-;-;-;-;-;-;-;-;1172,7;-;-;-;-;-;-;-
DOLQ26P006300;BRBMEFVA01U9;FINANCIAL;-;-;-;-;-;-;-;-;-;1222,7;-;-;-;-;-;-;-
DOLQ26P006350;BRBMEFVA01V7;FINANCIAL;-;-;-;-;-;-;-;-;-;1272,7;-;-;-;-;-;-;-
DOLQ26P006400;BRBMEFVA01W5;FINANCIAL;-;-;-;-;-;-;-;-;-;1322,7;-;-;-;-;-;-;-
DOLQ26P006450;BRBMEFVA01X3;FINANCIAL;-;-;-;-;-;-;-;-;-;1372,7;-;-;-;-;-;-;-
DOLQ26P006500;BRBMEFVA01Y1;FINANCIAL;-;-;-;-;-;-;-;-;-;1422,7;-;-;-;-;-;-;-
DOLN27C007900;BRBMEFCD6CL3;FINANCIAL;-;-;-;-;-;-;-;-;-;6,1;-;-;-;-;-;-;-
DOLN27C008100;BRBMEFCD6CM1;FINANCIAL;-;-;-;-;-;-;-;-;-;4,284;-;-;-;-;-;-;-
DOLN27P007900;BRBMEFVDRCL2;FINANCIAL;-;-;-;-;-;-;-;-;-;2190,087;-;-;-;-;-;-;-
DOLN27P008100;BRBMEFVDRCM0;FINANCIAL;-;-;-;-;-;-;-;-;-;2366,288;-;-;-;-;-;-;-
DOLN29C007550;BRBMEFCD6CN9;FINANCIAL;-;-;-;-;-;-;-;-;-;200,885;-;-;-;-;-;-;-
DOLN29P007550;BRBMEFVDRCN8;FINANCIAL;-;-;-;-;-;-;-;-;-;1023,837;-;-;-;-;-;-;-
DOLQ27C004500;BRBMEFDA0338;FINANCIAL;-;-;-;-;-;-;-;-;-;878,23;-;-;-;-;-;-;-
DOLQ27C004550;BRBMEFDA0346;FINANCIAL;-;-;-;-;-;-;-;-;-;837,464;-;-;-;-;-;-;-
DOLQ27C004600;BRBMEFDA0353;FINANCIAL;-;-;-;-;-;-;-;-;-;797,197;-;-;-;-;-;-;-
DOLQ27C004650;BRBMEFDA0361;FINANCIAL;-;-;-;-;-;-;-;-;-;757,618;-;-;-;-;-;-;-
DOLQ27C004700;BRBMEFDA0379;FINANCIAL;-;-;-;-;-;-;-;-;-;718,734;-;-;-;-;-;-;-
DOLQ27C004750;BRBMEFDA0387;FINANCIAL;-;-;-;-;-;-;-;-;-;680,985;-;-;-;-;-;-;-
DOLQ27C004800;BRBMEFDA0395;FINANCIAL;-;-;-;-;-;-;-;-;-;644,138;-;-;-;-;-;-;-
DOLQ27C004850;BRBMEFDA03A5;FINANCIAL;-;-;-;-;-;-;-;-;-;608,255;-;-;-;-;-;-;-
DOLQ27C004900;BRBMEFDA03B3;FINANCIAL;-;-;-;-;-;-;-;-;-;573,398;-;-;-;-;-;-;-
DOLQ27C004950;BRBMEFDA03C1;FINANCIAL;-;-;-;-;-;-;-;-;-;539,621;-;-;-;-;-;-;-
DOLQ27C005000;BRBMEFDA03D9;FINANCIAL;-;-;-;-;-;-;-;-;-;506,972;-;-;-;-;-;-;-
DOLQ27C005050;BRBMEFDA03E7;FINANCIAL;-;-;-;-;-;-;-;-;-;475,495;-;-;-;-;-;-;-
DOLQ27C005100;BRBMEFDA03F4;FINANCIAL;-;-;-;-;-;-;-;-;-;445,382;-;-;-;-;-;-;-
DOLQ27C005150;BRBMEFDA03G2;FINANCIAL;-;-;-;-;-;-;-;-;-;416,682;-;-;-;-;-;-;-
DOLQ27C005200;BRBMEFDA03H0;FINANCIAL;-;-;-;-;-;-;-;-;-;389,433;-;-;-;-;-;-;-
DOLQ27C005250;BRBMEFDA03I8;FINANCIAL;-;-;-;-;-;-;-;-;-;363,305;-;-;-;-;-;-;-
DOLQ27C005300;BRBMEFDA03J6;FINANCIAL;-;-;-;-;-;-;-;-;-;338,645;-;-;-;-;-;-;-
DOLQ27C005350;BRBMEFDA03K4;FINANCIAL;-;-;-;-;-;-;-;-;-;316,384;-;-;-;-;-;-;-
DOLQ27C005400;BRBMEFDA03L2;FINANCIAL;-;-;-;-;-;-;-;-;-;295,614;-;-;-;-;-;-;-
DOLQ27C005450;BRBMEFDA03M0;FINANCIAL;-;-;-;-;-;-;-;-;-;276,109;-;-;-;-;-;-;-
DOLQ27C005500;BRBMEFDA0320;FINANCIAL;-;-;-;-;-;-;-;-;-;257,632;-;-;-;-;-;-;-
DOLQ27C005550;BRBMEFDA03N8;FINANCIAL;-;-;-;-;-;-;-;-;-;240,702;-;-;-;-;-;-;-
DOLQ27C005600;BRBMEFDA03O6;FINANCIAL;-;-;-;-;-;-;-;-;-;224,887;-;-;-;-;-;-;-
DOLQ27C005650;BRBMEFDA03P3;FINANCIAL;-;-;-;-;-;-;-;-;-;210,318;-;-;-;-;-;-;-
DOLQ27C005700;BRBMEFDA03Q1;FINANCIAL;-;-;-;-;-;-;-;-;-;196,746;-;-;-;-;-;-;-
DOLQ27C005750;BRBMEFDA03R9;FINANCIAL;-;-;-;-;-;-;-;-;-;184,111;-;-;-;-;-;-;-
DOLQ27C005800;BRBMEFDA03S7;FINANCIAL;-;-;-;-;-;-;-;-;-;172,356;-;-;-;-;-;-;-
DOLQ27C005850;BRBMEFDA03T5;FINANCIAL;-;-;-;-;-;-;-;-;-;161,068;-;-;-;-;-;-;-
DOLQ27C005900;BRBMEFDA03U3;FINANCIAL;-;-;-;-;-;-;-;-;-;150,039;-;-;-;-;-;-;-
DOLQ27C005950;BRBMEFDA03V1;FINANCIAL;-;-;-;-;-;-;-;-;-;139,941;-;-;-;-;-;-;-
DOLQ27C006000;BRBMEFDA03W9;FINANCIAL;-;-;-;-;-;-;-;-;-;130,547;-;-;-;-;-;-;-
DOLQ27C006050;BRBMEFDA03X7;FINANCIAL;-;-;-;-;-;-;-;-;-;121,814;-;-;-;-;-;-;-
DOLQ27C006100;BRBMEFDA03Y5;FINANCIAL;-;-;-;-;-;-;-;-;-;113,698;-;-;-;-;-;-;-
DOLQ27C006150;BRBMEFDA03Z2;FINANCIAL;-;-;-;-;-;-;-;-;-;106,158;-;-;-;-;-;-;-
DOLQ27C006200;BRBMEFDA0403;FINANCIAL;-;-;-;-;-;-;-;-;-;99,006;-;-;-;-;-;-;-
DOLQ27C006250;BRBMEFDA0411;FINANCIAL;-;-;-;-;-;-;-;-;-;92,364;-;-;-;-;-;-;-
DOLQ27C006300;BRBMEFDA0429;FINANCIAL;-;-;-;-;-;-;-;-;-;86,197;-;-;-;-;-;-;-
DOLQ27C006350;BRBMEFDA0437;FINANCIAL;-;-;-;-;-;-;-;-;-;80,472;-;-;-;-;-;-;-
DOLQ27C006400;BRBMEFDA0445;FINANCIAL;-;-;-;-;-;-;-;-;-;75,158;-;-;-;-;-;-;-
DOLQ27C006450;BRBMEFDA0452;FINANCIAL;-;-;-;-;-;-;-;-;-;70,226;-;-;-;-;-;-;-
DOLQ27C006500;BRBMEFDA0460;FINANCIAL;-;-;-;-;-;-;-;-;-;65,649;-;-;-;-;-;-;-
DOLQ27P004500;BRBMEFVA02Z6;FINANCIAL;-;-;-;-;-;-;-;-;-;14,215;-;-;-;-;-;-;-
DOLQ27P004550;BRBMEFVA0302;FINANCIAL;-;-;-;-;-;-;-;-;-;17,453;-;-;-;-;-;-;-
DOLQ27P004600;BRBMEFVA0310;FINANCIAL;-;-;-;-;-;-;-;-;-;21,19;-;-;-;-;-;-;-
DOLQ27P004650;BRBMEFVA0328;FINANCIAL;-;-;-;-;-;-;-;-;-;25,615;-;-;-;-;-;-;-
DOLQ27P004700;BRBMEFVA0336;FINANCIAL;-;-;-;-;-;-;-;-;-;30,735;-;-;-;-;-;-;-
DOLQ27P004750;BRBMEFVA0344;FINANCIAL;-;-;-;-;-;-;-;-;-;36,99;-;-;-;-;-;-;-
DOLQ27P004800;BRBMEFVA0351;FINANCIAL;-;-;-;-;-;-;-;-;-;44,147;-;-;-;-;-;-;-
DOLQ27P004850;BRBMEFVA0369;FINANCIAL;-;-;-;-;-;-;-;-;-;52,268;-;-;-;-;-;-;-
DOLQ27P004900;BRBMEFVA0377;FINANCIAL;-;-;-;-;-;-;-;-;-;61,415;-;-;-;-;-;-;-
DOLQ27P004950;BRBMEFVA0385;FINANCIAL;-;-;-;-;-;-;-;-;-;71,642;-;-;-;-;-;-;-
DOLQ27P005000;BRBMEFVA0393;FINANCIAL;-;-;-;-;-;-;-;-;-;82,997;-;-;-;-;-;-;-
DOLQ27P005050;BRBMEFVA03A7;FINANCIAL;-;-;-;-;-;-;-;-;-;95,524;-;-;-;-;-;-;-
DOLQ27P005100;BRBMEFVA03B5;FINANCIAL;-;-;-;-;-;-;-;-;-;109,415;-;-;-;-;-;-;-
DOLQ27P005150;BRBMEFVA03C3;FINANCIAL;-;-;-;-;-;-;-;-;-;124,719;-;-;-;-;-;-;-
DOLQ27P005200;BRBMEFVA03D1;FINANCIAL;-;-;-;-;-;-;-;-;-;141,474;-;-;-;-;-;-;-
DOLQ27P005250;BRBMEFVA03E9;FINANCIAL;156;156;165,384;160,692;165,384;-;-;-;-;159,35;-;-;-;-;2;260;2088996
DOLQ27P005300;BRBMEFVA03F6;FINANCIAL;-;-;-;-;-;-;-;-;-;178,694;-;-;-;-;-;-;-
DOLQ27P005350;BRBMEFVA03G4;FINANCIAL;-;-;-;-;-;-;-;-;-;200,437;-;-;-;-;-;-;-
DOLQ27P005400;BRBMEFVA03H2;FINANCIAL;-;-;-;-;-;-;-;-;-;223,671;-;-;-;-;-;-;-
DOLQ27P005450;BRBMEFVA03I0;FINANCIAL;-;-;-;-;-;-;-;-;-;248,171;-;-;-;-;-;-;-
DOLQ27P005500;BRBMEFVA02Y9;FINANCIAL;-;-;-;-;-;-;-;-;-;273,697;-;-;-;-;-;-;-
DOLQ27P005550;BRBMEFVA03J8;FINANCIAL;-;-;-;-;-;-;-;-;-;300,771;-;-;-;-;-;-;-
DOLQ27P005600;BRBMEFVA03K6;FINANCIAL;-;-;-;-;-;-;-;-;-;328,96;-;-;-;-;-;-;-
DOLQ27P005650;BRBMEFVA03L4;FINANCIAL;-;-;-;-;-;-;-;-;-;358,395;-;-;-;-;-;-;-
DOLQ27P005700;BRBMEFVA03M2;FINANCIAL;-;-;-;-;-;-;-;-;-;388,827;-;-;-;-;-;-;-
DOLQ27P005750;BRBMEFVA03N0;FINANCIAL;-;-;-;-;-;-;-;-;-;420,196;-;-;-;-;-;-;-
DOLQ27P005800;BRBMEFVA03O8;FINANCIAL;-;-;-;-;-;-;-;-;-;452,445;-;-;-;-;-;-;-
DOLU26C004500;BRBMEFCS01S5;FINANCIAL;-;-;-;-;-;-;-;-;-;615,766;-;-;-;-;-;-;-
DOLU26C004550;BRBMEFCS01T3;FINANCIAL;-;-;-;-;-;-;-;-;-;566,308;-;-;-;-;-;-;-
DOLU26C004600;BRBMEFCS01U1;FINANCIAL;-;-;-;-;-;-;-;-;-;516,85;-;-;-;-;-;-;-
DOLU26C004650;BRBMEFCS01V9;FINANCIAL;-;-;-;-;-;-;-;-;-;467,396;-;-;-;-;-;-;-
DOLU26C004700;BRBMEFCS01W7;FINANCIAL;-;-;-;-;-;-;-;-;-;417,959;-;-;-;-;-;-;-
DOLU26C004750;BRBMEFCS01X5;FINANCIAL;-;-;-;-;-;-;-;-;-;368,582;-;-;-;-;-;-;-
DOLU26C004800;BRBMEFCS01Y3;FINANCIAL;-;-;-;-;-;-;-;-;-;319,386;-;-;-;-;-;-;-
DOLU26C004850;BRBMEFCS01Z0;FINANCIAL;-;-;-;-;-;-;-;-;-;270,648;-;-;-;-;-;-;-
DOLU26C004900;BRBMEFCS0206;FINANCIAL;-;-;-;-;-;-;-;-;-;222,932;-;-;-;-;-;-;-
DOLU26C004950;BRBMEFCS0214;FINANCIAL;-;-;-;-;-;-;-;-;-;177,196;-;-;-;-;-;-;-
DOLU26C005000;BRBMEFCS0222;FINANCIAL;133;133;133;133;133;-35,27;-;-;-;135,449;-;-;-;-;1;15;99750
DOLU26C005050;BRBMEFCS0230;FINANCIAL;-;-;-;-;-;-;-;-;-;99,496;-;-;-;-;-;-;-
DOLU26C005100;BRBMEFCS0248;FINANCIAL;-;-;-;-;-;-;-;-;-;70,894;-;-;-;-;-;-;-
DOLU26C005150;BRBMEFCS0255;FINANCIAL;43,083;43,083;43,083;43,083;43,083;-41,77;-;-;-;49,252;-;-;-;-;1;300;646245
DOLU26C005200;BRBMEFCS0263;FINANCIAL;-;-;-;-;-;-;-;-;-;34,338;-;-;-;-;-;-;-
DOLU26C005250;BRBMEFCS0271;FINANCIAL;22,4;22,4;22,4;22,4;22,4;-4,96;-;-;-;24,515;-;-;-;-;1;15;16800
DOLU26C005300;BRBMEFCS0289;FINANCIAL;14;14;16,5;15,666;16,5;-83,5;-;-;-;16,651;-;-;-;-;3;1.500;1175000
DOLU26C005350;BRBMEFCS0297;FINANCIAL;-;-;-;-;-;-;-;-;-;11,303;-;-;-;-;-;-;-
DOLU26C005400;BRBMEFCS02A1;FINANCIAL;8;8;8;8;8;-60;-;-;-;7,543;-;-;-;-;2;1.000;400000
DOLU26C005450;BRBMEFCS02B9;FINANCIAL;-;-;-;-;-;-;-;-;-;4,861;-;-;-;-;-;-;-
DOLU26C005500;BRBMEFCS02C7;FINANCIAL;-;-;-;-;-;-;-;-;-;2,992;-;-;-;-;-;-;-
DOLU26C005550;BRBMEFCS02D5;FINANCIAL;-;-;-;-;-;-;-;-;-;1,767;-;-;-;-;-;-;-
DOLU26C005600;BRBMEFCS02E3;FINANCIAL;-;-;-;-;-;-;-;-;-;1,025;-;-;-;-;-;-;-
DOLU26C005650;BRBMEFCS02F0;FINANCIAL;-;-;-;-;-;-;-;-;-;0,572;-;-;-;-;-;-;-
DOLU26C005700;BRBMEFCS02G8;FINANCIAL;-;-;-;-;-;-;-;-;-;0,293;-;-;-;-;-;-;-
DOLU26C005750;BRBMEFCS02H6;FINANCIAL;-;-;-;-;-;-;-;-;-;0,145;-;-;-;-;-;-;-
DOLU26C005800;BRBMEFCS02I4;FINANCIAL;-;-;-;-;-;-;-;-;-;0,069;-;-;-;-;-;-;-
DOLU26C005850;BRBMEFCS02J2;FINANCIAL;-;-;-;-;-;-;-;-;-;0,032;-;-;-;-;-;-;-
DOLU26C005900;BRBMEFCS02K0;FINANCIAL;-;-;-;-;-;-;-;-;-;0,014;-;-;-;-;-;-;-
DOLU26C005950;BRBMEFCS02L8;FINANCIAL;-;-;-;-;-;-;-;-;-;0,006;-;-;-;-;-;-;-
DOLU26C006000;BRBMEFCS02M6;FINANCIAL;-;-;-;-;-;-;-;-;-;0,003;-;-;-;-;-;-;-
DOLU26C006050;BRBMEFCS02N4;FINANCIAL;-;-;-;-;-;-;-;-;-;0,001;-;-;-;-;-;-;-
DOLU26C006100;BRBMEFCS02O2;FINANCIAL;-;-;-;-;-;-;-;-;-;0,001;-;-;-;-;-;-;-
DOLU26C006150;BRBMEFCS02P9;FINANCIAL;-;-;-;-;-;-;-;-;-;0,001;-;-;-;-;-;-;-
DOLU26C006200;BRBMEFCS02Q7;FINANCIAL;-;-;-;-;-;-;-;-;-;0,001;-;-;-;-;-;-;-
DOLU26C006250;BRBMEFCS02R5;FINANCIAL;-;-;-;-;-;-;-;-;-;0,001;-;-;-;-;-;-;-
DOLU26C006300;BRBMEFCS02S3;FINANCIAL;-;-;-;-;-;-;-;-;-;0,001;-;-;-;-;-;-;-
DOLU26C006350;BRBMEFCS02T1;FINANCIAL;0,01;0,01;0,01;0,01;0,01;-;-;-;-;0,001;-;-;-;-;1;10;5
DOLU26C006400;BRBMEFCS02U9;FINANCIAL;-;-;-;-;-;-;-;-;-;0,001;-;-;-;-;-;-;-
DOLU26C006450;BRBMEFCS02V7;FINANCIAL;-;-;-;-;-;-;-;-;-;0,001;-;-;-;-;-;-;-
DOLU26C006500;BRBMEFCS02W5;FINANCIAL;-;-;-;-;-;-;-;-;-;0,001;-;-;-;-;-;-;-
DOLU26P004500;BRBMEFVS0211;FINANCIAL;-;-;-;-;-;-;-;-;-;0,001;-;-;-;-;-;-;-
DOLU26P004550;BRBMEFVS0229;FINANCIAL;-;-;-;-;-;-;-;-;-;0,001;-;-;-;-;-;-;-
DOLU26P004600;BRBMEFVS0237;FINANCIAL;-;-;-;-;-;-;-;-;-;0,001;-;-;-;-;-;-;-
DOLU26P004650;BRBMEFVS0245;FINANCIAL;-;-;-;-;-;-;-;-;-;0,006;-;-;-;-;-;-;-
DOLU26P004700;BRBMEFVS0252;FINANCIAL;-;-;-;-;-;-;-;-;-;0,028;-;-;-;-;-;-;-
DOLU26P004750;BRBMEFVS0260;FINANCIAL;-;-;-;-;-;-;-;-;-;0,109;-;-;-;-;-;-;-
DOLU26P004800;BRBMEFVS0278;FINANCIAL;-;-;-;-;-;-;-;-;-;0,372;-;-;-;-;-;-;-
DOLU26P004850;BRBMEFVS0286;FINANCIAL;-;-;-;-;-;-;-;-;-;1,092;-;-;-;-;-;-;-
DOLU26P004900;BRBMEFVS0294;FINANCIAL;-;-;-;-;-;-;-;-;-;2,836;-;-;-;47,059;-;-;-
DOLU26P004950;BRBMEFVS02A1;FINANCIAL;-;-;-;-;-;-;-;-;-;6,559;-;-;-;-;-;-;-
DOLU26P005000;BRBMEFVS02B9;FINANCIAL;12,93;12,93;12,93;12,93;12,93;-42,78;-;-;-;14,27;-;-;-;-;1;15;9697,5
DOLU26P005050;BRBMEFVS02C7;FINANCIAL;-;-;-;-;-;-;-;-;-;27,776;-;-;-;-;-;-;-
DOLU26P005100;BRBMEFVS02D5;FINANCIAL;-;-;-;-;-;-;-;-;-;48,633;-;-;-;-;-;-;-
DOLU26P005150;BRBMEFVS02E3;FINANCIAL;-;-;-;-;-;-;-;-;-;76,449;-;-;-;-;-;-;-
DOLU26P005200;BRBMEFVS02F0;FINANCIAL;-;-;-;-;-;-;-;-;-;110,994;-;-;-;-;-;-;-
DOLU26P005250;BRBMEFVS02G8;FINANCIAL;147;147;147;147;147;145;-;-;-;150,63;-;-;-;-;1;15;110250
DOLU26P005300;BRBMEFVS02H6;FINANCIAL;-;-;-;-;-;-;-;-;-;192,225;-;-;-;-;-;-;-
DOLU26P005350;BRBMEFVS02I4;FINANCIAL;-;-;-;-;-;-;-;-;-;236,335;-;-;-;-;-;-;-
DOLU26P005400;BRBMEFVS02J2;FINANCIAL;-;-;-;-;-;-;-;-;-;282,035;-;-;-;-;-;-;-
DOLU26P005450;BRBMEFVS02K0;FINANCIAL;-;-;-;-;-;-;-;-;-;328,811;-;-;-;-;-;-;-
DOLU26P005500;BRBMEFVS02L8;FINANCIAL;-;-;-;-;-;-;-;-;-;376,4;-;-;-;-;-;-;-
DOLU26P005550;BRBMEFVS02M6;FINANCIAL;-;-;-;-;-;-;-;-;-;424,635;-;-;-;-;-;-;-
DOLU26P005600;BRBMEFVS02N4;FINANCIAL;-;-;-;-;-;-;-;-;-;473,352;-;-;-;-;-;-;-
DOLU26P005650;BRBMEFVS02O2;FINANCIAL;-;-;-;-;-;-;-;-;-;522,357;-;-;-;-;-;-;-
DOLU26P005700;BRBMEFVS02P9;FINANCIAL;-;-;-;-;-;-;-;-;-;571,536;-;-;-;-;-;-;-
DOLU26P005750;BRBMEFVS02Q7;FINANCIAL;-;-;-;-;-;-;-;-;-;620,847;-;-;-;-;-;-;-
DOLU26P005800;BRBMEFVS02R5;FINANCIAL;-;-;-;-;-;-;-;-;-;670,23;-;-;-;-;-;-;-
DOLU26P005850;BRBMEFVS02S3;FINANCIAL;-;-;-;-;-;-;-;-;-;719,652;-;-;-;-;-;-;-
DOLU26P005900;BRBMEFVS02T1;FINANCIAL;-;-;-;-;-;-;-;-;-;769,093;-;-;-;-;-;-;-
DOLU26P005950;BRBMEFVS02U9;FINANCIAL;-;-;-;-;-;-;-;-;-;818,544;-;-;-;-;-;-;-
DOLU26P006000;BRBMEFVS02V7;FINANCIAL;-;-;-;-;-;-;-;-;-;867,999;-;-;-;-;-;-;-
DOLU26P006050;BRBMEFVS02W5;FINANCIAL;-;-;-;-;-;-;-;-;-;917,456;-;-;-;-;-;-;-
DOLU26P006100;BRBMEFVS02X3;FINANCIAL;-;-;-;-;-;-;-;-;-;966,914;-;-;-;-;-;-;-
DOLU26P006150;BRBMEFVS02Y1;FINANCIAL;-;-;-;-;-;-;-;-;-;1016,373;-;-;-;-;-;-;-
DOLU26P006200;BRBMEFVS02Z8;FINANCIAL;-;-;-;-;-;-;-;-;-;1065,831;-;-;-;-;-;-;-
DOLU26P006250;BRBMEFVS0302;FINANCIAL;-;-;-;-;-;-;-;-;-;1115,29;-;-;-;-;-;-;-
DOLU26P006300;BRBMEFVS0310;FINANCIAL;-;-;-;-;-;-;-;-;-;1164,749;-;-;-;-;-;-;-
DOLU26P006350;BRBMEFVS0328;FINANCIAL;1235;1235;1235;1235;1235;-;-;-;-;1214,208;-;-;-;-;1;10;617500
DOLU26P006400;BRBMEFVS0336;FINANCIAL;-;-;-;-;-;-;-;-;-;1263,666;-;-;-;-;-;-;-
DOLU26P006450;BRBMEFVS0344;FINANCIAL;-;-;-;-;-;-;-;-;-;1313,125;-;-;-;-;-;-;-
DOLU26P006500;BRBMEFVS0351;FINANCIAL;-;-;-;-;-;-;-;-;-;1362,584;-;-;-;-;-;-;-
DOLU26C006550;BRBMEFCS02X3;FINANCIAL;-;-;-;-;-;-;-;-;-;0,001;-;-;-;-;-;-;-
DOLU26P006550;BRBMEFVS0369;FINANCIAL;-;-;-;-;-;-;-;-;-;1412,043;-;-;-;-;-;-;-
DOLZ26C005600;BRBMEFD104A8;FINANCIAL;-;-;-;-;-;-;-;-;-;61,569;-;-;-;-;-;-;-
DOLZ26C005700;BRBMEFD104B6;FINANCIAL;48;48;48;48;48;0;-;-;-;47,207;-;-;-;-;1;5;12000
DOLZ26C005800;BRBMEFD104C4;FINANCIAL;-;-;-;-;-;-;-;-;-;36,324;-;-;-;-;-;-;-
DOLZ26C005900;BRBMEFD104D2;FINANCIAL;29;29;29;29;29;0;-;-;-;28,165;-;-;-;-;1;5;7250
DOLZ26C006000;BRBMEFD104E0;FINANCIAL;-;-;-;-;-;-;-;-;-;21,72;-;-;-;-;-;-;-
DOLZ26C006100;BRBMEFD104F7;FINANCIAL;15,75;15,75;15,75;15,75;15,75;-1,56;-;-;-;16,032;-;-;-;-;1;5;3937,5
DOLZ26P005600;BRBMEFD20498;FINANCIAL;-;-;-;-;-;-;-;-;-;427,462;-;-;-;-;-;-;-
DOLZ26P005700;BRBMEFD204A6;FINANCIAL;-;-;-;-;-;-;-;-;-;508,977;-;-;-;-;-;-;-
DOLZ26P005800;BRBMEFD204B4;FINANCIAL;-;-;-;-;-;-;-;-;-;593,972;-;-;-;-;-;-;-
DOLZ26P005900;BRBMEFD204C2;FINANCIAL;-;-;-;-;-;-;-;-;-;681,691;-;-;-;-;-;-;-
DOLZ26P006000;BRBMEFD204D0;FINANCIAL;-;-;-;-;-;-;-;-;-;771,123;-;-;-;-;-;-;-
DOLZ26P006100;BRBMEFD204E8;FINANCIAL;-;-;-;-;-;-;-;-;-;861,312;-;-;-;-;-;-;-
DOLF29C009000;BRBMEFCE1IF2;FINANCIAL;-;-;-;-;-;-;-;-;-;61,488;-;-;-;-;-;-;-
DOLF29P009000;BRBMEFDE1HL1;FINANCIAL;-;-;-;-;-;-;-;-;-;2184,331;-;-;-;-;-;-;-
DOLU26C006600;BRBMEFCS02Y1;FINANCIAL;-;-;-;-;-;-;-;-;-;0,001;-;-;-;-;-;-;-
DOLU26C007000;BRBMEFCS02Z8;FINANCIAL;-;-;-;-;-;-;-;-;-;0,001;-;-;-;-;-;-;-
DOLU26P006600;BRBMEFVS0377;FINANCIAL;-;-;-;-;-;-;-;-;-;1461,501;-;-;-;-;-;-;-
DOLU26P007000;BRBMEFVS0385;FINANCIAL;-;-;-;-;-;-;-;-;-;1857,171;-;-;-;-;-;-;-
DOLZ26C004950;BRBMEFD104O9;FINANCIAL;-;-;-;-;-;-;-;-;-;312,31;-;-;-;-;-;-;-
DOLZ26C005350;BRBMEFD104N1;FINANCIAL;-;-;-;-;-;-;-;-;-;118,607;-;-;-;-;-;-;-
DOLZ26P004950;BRBMEFD204N9;FINANCIAL;-;-;-;-;-;-;-;-;-;54,999;-;-;-;-;-;-;-
DOLZ26P005350;BRBMEFD204M1;FINANCIAL;-;-;-;-;-;-;-;-;-;244,807;-;-;-;-;-;-;-
DOLZ26C004100;BRBMEFD104P6;FINANCIAL;-;-;-;-;-;-;-;-;-;1072,322;-;-;-;-;-;-;-
DOLZ26C004200;BRBMEFD104Q4;FINANCIAL;-;-;-;-;-;-;-;-;-;976,564;-;-;-;-;-;-;-
DOLZ26C004300;BRBMEFD104R2;FINANCIAL;-;-;-;-;-;-;-;-;-;881,012;-;-;-;-;-;-;-
DOLZ26C004400;BRBMEFD104S0;FINANCIAL;-;-;-;-;-;-;-;-;-;785,927;-;-;-;-;-;-;-
DOLZ26C004500;BRBMEFD104T8;FINANCIAL;-;-;-;-;-;-;-;-;-;691,821;-;-;-;-;-;-;-
DOLZ26C004600;BRBMEFD104U6;FINANCIAL;-;-;-;-;-;-;-;-;-;599,49;-;-;-;-;-;-;-
DOLZ26C004700;BRBMEFD104V4;FINANCIAL;-;-;-;-;-;-;-;-;-;510,21;-;-;-;-;-;-;-
DOLZ26C004800;BRBMEFD104W2;FINANCIAL;-;-;-;-;-;-;-;-;-;425,783;-;-;-;-;-;-;-
DOLZ26P004100;BRBMEFD204O7;FINANCIAL;-;-;-;-;-;-;-;-;-;0,053;-;-;-;-;-;-;-
DOLZ26P004200;BRBMEFD204P4;FINANCIAL;-;-;-;-;-;-;-;-;-;0,172;-;-;-;-;-;-;-
DOLZ26P004300;BRBMEFD204Q2;FINANCIAL;-;-;-;-;-;-;-;-;-;0,498;-;-;-;-;-;-;-
DOLZ26P004400;BRBMEFD204R0;FINANCIAL;-;-;-;-;-;-;-;-;-;1,291;-;-;-;-;-;-;-
DOLZ26P004500;BRBMEFD204S8;FINANCIAL;-;-;-;-;-;-;-;-;-;3,062;-;-;-;-;-;-;-
DOLZ26P004600;BRBMEFD204T6;FINANCIAL;-;-;-;-;-;-;-;-;-;6,608;-;-;-;-;-;-;-
DOLZ26P004700;BRBMEFD204U4;FINANCIAL;-;-;-;-;-;-;-;-;-;13,206;-;-;-;-;-;-;-
DOLZ26P004800;BRBMEFD204V2;FINANCIAL;-;-;-;-;-;-;-;-;-;24,657;-;-;-;-;-;-;-
DOLV26C004500;BRBMEFCD46L7;FINANCIAL;-;-;-;-;-;-;-;-;-;642,999;-;-;-;-;-;-;-
DOLV26P004500;BRBMEFVD46M5;FINANCIAL;-;-;-;-;-;-;-;-;-;0,019;-;-;-;-;-;-;-
DOLX26C004500;BRBMEFDC03H6;FINANCIAL;-;-;-;-;-;-;-;-;-;667,877;-;-;-;-;-;-;-
DOLX26C004550;BRBMEFDC03I4;FINANCIAL;-;-;-;-;-;-;-;-;-;620,325;-;-;-;-;-;-;-
DOLX26C004600;BRBMEFDC03J2;FINANCIAL;-;-;-;-;-;-;-;-;-;573,185;-;-;-;-;-;-;-
DOLX26C004650;BRBMEFDC03K0;FINANCIAL;-;-;-;-;-;-;-;-;-;526,618;-;-;-;-;-;-;-
DOLX26C004700;BRBMEFDC03L8;FINANCIAL;-;-;-;-;-;-;-;-;-;480,817;-;-;-;-;-;-;-
DOLX26C004750;BRBMEFDC03M6;FINANCIAL;-;-;-;-;-;-;-;-;-;436,041;-;-;-;-;-;-;-
DOLX26C004800;BRBMEFDC03N4;FINANCIAL;-;-;-;-;-;-;-;-;-;392,48;-;-;-;-;-;-;-
DOLX26C004850;BRBMEFDC03O2;FINANCIAL;-;-;-;-;-;-;-;-;-;350,714;-;-;-;-;-;-;-
DOLX26C004900;BRBMEFDC03P9;FINANCIAL;-;-;-;-;-;-;-;-;-;310,849;-;-;-;-;-;-;-
DOLX26C004950;BRBMEFDC03Q7;FINANCIAL;-;-;-;-;-;-;-;-;-;273,166;-;-;-;-;-;-;-
DOLX26C005000;BRBMEFDC03R5;FINANCIAL;-;-;-;-;-;-;-;-;-;238,412;-;-;-;-;-;-;-
DOLX26C005050;BRBMEFDC03S3;FINANCIAL;-;-;-;-;-;-;-;-;-;207,016;-;-;-;-;-;-;-
DOLX26C005100;BRBMEFDC03T1;FINANCIAL;-;-;-;-;-;-;-;-;-;178,823;-;-;-;-;-;-;-
DOLX26C005150;BRBMEFDC03U9;FINANCIAL;-;-;-;-;-;-;-;-;-;154,364;-;-;-;-;-;-;-
DOLX26C005200;BRBMEFDC03V7;FINANCIAL;-;-;-;-;-;-;-;-;-;132,877;-;-;-;-;-;-;-
DOLX26C005250;BRBMEFDC03W5;FINANCIAL;-;-;-;-;-;-;-;-;-;114,57;-;-;-;-;-;-;-
DOLX26C005300;BRBMEFDC03X3;FINANCIAL;-;-;-;-;-;-;-;-;-;98,893;-;-;-;-;-;-;-
DOLX26C005350;BRBMEFDC03Y1;FINANCIAL;-;-;-;-;-;-;-;-;-;85,286;-;-;-;-;-;-;-
DOLX26C005400;BRBMEFDC03Z8;FINANCIAL;-;-;-;-;-;-;-;-;-;73,501;-;-;-;-;-;-;-
DOLX26C005450;BRBMEFDC0401;FINANCIAL;-;-;-;-;-;-;-;-;-;63,481;-;-;-;-;-;-;-
DOLX26C005500;BRBMEFDC0419;FINANCIAL;-;-;-;-;-;-;-;-;-;54,75;-;-;-;-;-;-;-
DOLX26C005550;BRBMEFDC0427;FINANCIAL;-;-;-;-;-;-;-;-;-;46,704;-;-;-;-;-;-;-
DOLX26C005600;BRBMEFDC0435;FINANCIAL;-;-;-;-;-;-;-;-;-;39,837;-;-;-;-;-;-;-
DOLX26C005650;BRBMEFDC0443;FINANCIAL;-;-;-;-;-;-;-;-;-;33,988;-;-;-;-;-;-;-
DOLX26C005700;BRBMEFDC0450;FINANCIAL;-;-;-;-;-;-;-;-;-;29,071;-;-;-;-;-;-;-
DOLX26C005750;BRBMEFDC0468;FINANCIAL;-;-;-;-;-;-;-;-;-;24,892;-;-;-;-;-;-;-
DOLX26C005800;BRBMEFDC0476;FINANCIAL;-;-;-;-;-;-;-;-;-;21,342;-;-;-;-;-;-;-
DOLX26C005850;BRBMEFDC0484;FINANCIAL;-;-;-;-;-;-;-;-;-;18,12;-;-;-;-;-;-;-
DOLX26C005900;BRBMEFDC0492;FINANCIAL;-;-;-;-;-;-;-;-;-;15,172;-;-;-;-;-;-;-
DOLX26C005950;BRBMEFDC04A9;FINANCIAL;-;-;-;-;-;-;-;-;-;12,694;-;-;-;-;-;-;-
DOLX26C006000;BRBMEFDC04B7;FINANCIAL;-;-;-;-;-;-;-;-;-;10,615;-;-;-;-;-;-;-
DOLX26C006050;BRBMEFDC04C5;FINANCIAL;-;-;-;-;-;-;-;-;-;8,847;-;-;-;-;-;-;-
DOLX26C006100;BRBMEFDC04D3;FINANCIAL;-;-;-;-;-;-;-;-;-;7,216;-;-;-;-;-;-;-
DOLX26C006150;BRBMEFDC04E1;FINANCIAL;-;-;-;-;-;-;-;-;-;5,871;-;-;-;-;-;-;-
DOLX26C006200;BRBMEFDC04F8;FINANCIAL;-;-;-;-;-;-;-;-;-;4,782;-;-;-;-;-;-;-
DOLX26C006250;BRBMEFDC04G6;FINANCIAL;-;-;-;-;-;-;-;-;-;3,873;-;-;-;-;-;-;-
DOLX26C006300;BRBMEFDC04H4;FINANCIAL;-;-;-;-;-;-;-;-;-;3,131;-;-;-;-;-;-;-
DOLX26C006350;BRBMEFDC04I2;FINANCIAL;-;-;-;-;-;-;-;-;-;2,526;-;-;-;-;-;-;-
DOLX26C006400;BRBMEFDC04J0;FINANCIAL;-;-;-;-;-;-;-;-;-;2,042;-;-;-;-;-;-;-
DOLX26C006450;BRBMEFDC04K8;FINANCIAL;-;-;-;-;-;-;-;-;-;1,642;-;-;-;-;-;-;-
DOLX26C006500;BRBMEFDC04L6;FINANCIAL;-;-;-;-;-;-;-;-;-;1,295;-;-;-;-;-;-;-
DOLX26P004500;BRBMEFVDY5Z7;FINANCIAL;-;-;-;-;-;-;-;-;-;1,38;-;-;-;-;-;-;-
DOLX26P004550;BRBMEFVDY601;FINANCIAL;-;-;-;-;-;-;-;-;-;2,234;-;-;-;-;-;-;-
DOLX26P004600;BRBMEFVDY619;FINANCIAL;-;-;-;-;-;-;-;-;-;3,498;-;-;-;-;-;-;-
DOLX26P004650;BRBMEFVDY627;FINANCIAL;-;-;-;-;-;-;-;-;-;5,337;-;-;-;-;-;-;-
DOLX26P004700;BRBMEFVDY635;FINANCIAL;-;-;-;-;-;-;-;-;-;7,942;-;-;-;-;-;-;-
DOLX26P004750;BRBMEFVDY643;FINANCIAL;-;-;-;-;-;-;-;-;-;11,571;-;-;-;-;-;-;-
DOLX26P004800;BRBMEFVDY650;FINANCIAL;-;-;-;-;-;-;-;-;-;16,416;-;-;-;-;-;-;-
DOLX26P004850;BRBMEFVDY668;FINANCIAL;-;-;-;-;-;-;-;-;-;23,055;-;-;-;-;-;-;-
DOLX26P004900;BRBMEFVDY676;FINANCIAL;-;-;-;-;-;-;-;-;-;31,596;-;-;-;-;-;-;-
DOLX26P004950;BRBMEFVDY684;FINANCIAL;-;-;-;-;-;-;-;-;-;42,317;-;-;-;-;-;-;-
DOLX26P005000;BRBMEFVDY692;FINANCIAL;-;-;-;-;-;-;-;-;-;55,969;-;-;-;-;-;-;-
DOLX26P005050;BRBMEFVDY6A8;FINANCIAL;-;-;-;-;-;-;-;-;-;72,979;-;-;-;-;-;-;-
DOLX26P005100;BRBMEFVDY6B6;FINANCIAL;-;-;-;-;-;-;-;-;-;93,192;-;-;-;-;-;-;-
DOLX26P005150;BRBMEFVDY6C4;FINANCIAL;-;-;-;-;-;-;-;-;-;117,137;-;-;-;-;-;-;-
DOLX26P005200;BRBMEFVDY6D2;FINANCIAL;-;-;-;-;-;-;-;-;-;144,056;-;-;-;-;-;-;-
DOLX26P005250;BRBMEFVDY6E0;FINANCIAL;-;-;-;-;-;-;-;-;-;174,154;-;-;-;-;-;-;-
DOLX26P005300;BRBMEFVDY6F7;FINANCIAL;-;-;-;-;-;-;-;-;-;206,883;-;-;-;-;-;-;-
DOLX26P005350;BRBMEFVDY6G5;FINANCIAL;-;-;-;-;-;-;-;-;-;241,681;-;-;-;-;-;-;-
DOLX26P005400;BRBMEFVDY6H3;FINANCIAL;-;-;-;-;-;-;-;-;-;278,302;-;-;-;-;-;-;-
DOLX26P005450;BRBMEFVDY6I1;FINANCIAL;-;-;-;-;-;-;-;-;-;316,687;-;-;-;-;-;-;-
DOLX26P005500;BRBMEFVDY6J9;FINANCIAL;-;-;-;-;-;-;-;-;-;356,362;-;-;-;-;-;-;-
DOLX26P005550;BRBMEFVDY6K7;FINANCIAL;-;-;-;-;-;-;-;-;-;396,722;-;-;-;-;-;-;-
DOLX26P005600;BRBMEFVDY6L5;FINANCIAL;-;-;-;-;-;-;-;-;-;438,26;-;-;-;-;-;-;-
DOLX26P005650;BRBMEFVDY6M3;FINANCIAL;-;-;-;-;-;-;-;-;-;480,816;-;-;-;-;-;-;-
DOLX26P005700;BRBMEFVDY6N1;FINANCIAL;-;-;-;-;-;-;-;-;-;524,304;-;-;-;-;-;-;-
DOLX26P005750;BRBMEFVDY6O9;FINANCIAL;-;-;-;-;-;-;-;-;-;568,531;-;-;-;-;-;-;-
DOLX26P005800;BRBMEFVDY6P6;FINANCIAL;-;-;-;-;-;-;-;-;-;613,387;-;-;-;-;-;-;-
DOLX26P005850;BRBMEFVDY6Q4;FINANCIAL;-;-;-;-;-;-;-;-;-;658,571;-;-;-;-;-;-;-
DOLX26P005900;BRBMEFVDY6R2;FINANCIAL;-;-;-;-;-;-;-;-;-;704,028;-;-;-;-;-;-;-
DOLX26P005950;BRBMEFVDY6S0;FINANCIAL;-;-;-;-;-;-;-;-;-;749,955;-;-;-;-;-;-;-
DOLX26P006000;BRBMEFVDY6T8;FINANCIAL;-;-;-;-;-;-;-;-;-;796,281;-;-;-;-;-;-;-
DOLX26P006050;BRBMEFVDY6U6;FINANCIAL;-;-;-;-;-;-;-;-;-;842,919;-;-;-;-;-;-;-
DOLX26P006100;BRBMEFVDY6V4;FINANCIAL;-;-;-;-;-;-;-;-;-;889,694;-;-;-;-;-;-;-
DOLX26P006150;BRBMEFVDY6W2;FINANCIAL;-;-;-;-;-;-;-;-;-;936,754;-;-;-;-;-;-;-
DOLX26P006200;BRBMEFVDY6X0;FINANCIAL;-;-;-;-;-;-;-;-;-;984,07;-;-;-;-;-;-;-
DOLX26P006250;BRBMEFVDY6Y8;FINANCIAL;-;-;-;-;-;-;-;-;-;1031,567;-;-;-;-;-;-;-
DOLX26P006300;BRBMEFVDY6Z5;FINANCIAL;-;-;-;-;-;-;-;-;-;1079,23;-;-;-;-;-;-;-
DOLX26P006350;BRBMEFVDY700;FINANCIAL;-;-;-;-;-;-;-;-;-;1127,031;-;-;-;-;-;-;-
DOLX26P006400;BRBMEFVDY718;FINANCIAL;-;-;-;-;-;-;-;-;-;1174,953;-;-;-;-;-;-;-
DOLX26P006450;BRBMEFVDY726;FINANCIAL;-;-;-;-;-;-;-;-;-;1222,958;-;-;-;-;-;-;-
DOLX26P006500;BRBMEFVDY734;FINANCIAL;-;-;-;-;-;-;-;-;-;1271,016;-;-;-;-;-;-;-
DOLX26C006750;BRBMEFDC04M4;FINANCIAL;-;-;-;-;-;-;-;-;-;0,357;-;-;-;-;-;-;-
DOLX26P006750;BRBMEFVDY742;FINANCIAL;-;-;-;-;-;-;-;-;-;1512,105;-;-;-;-;-;-;-
DOLF28C005000;BRBMEFCE1JX3;FINANCIAL;-;-;-;-;-;-;-;-;-;628,889;-;-;-;-;-;-;-
DOLF28C005050;BRBMEFCE1JY1;FINANCIAL;-;-;-;-;-;-;-;-;-;598,011;-;-;-;-;-;-;-
DOLF28C005100;BRBMEFCE1JZ8;FINANCIAL;-;-;-;-;-;-;-;-;-;568,021;-;-;-;-;-;-;-
DOLF28C005150;BRBMEFCE1K01;FINANCIAL;-;-;-;-;-;-;-;-;-;539,12;-;-;-;-;-;-;-
DOLF28C005200;BRBMEFCE1K19;FINANCIAL;-;-;-;-;-;-;-;-;-;511,905;-;-;-;-;-;-;-
DOLF28C005250;BRBMEFCE1K27;FINANCIAL;-;-;-;-;-;-;-;-;-;485,507;-;-;-;-;-;-;-
DOLF28C005300;BRBMEFCE1K35;FINANCIAL;-;-;-;-;-;-;-;-;-;460,309;-;-;-;-;-;-;-
DOLF28C005350;BRBMEFCE1K43;FINANCIAL;-;-;-;-;-;-;-;-;-;436,122;-;-;-;-;-;-;-
DOLF28C005400;BRBMEFCE1K50;FINANCIAL;-;-;-;-;-;-;-;-;-;412,938;-;-;-;-;-;-;-
DOLF28C005450;BRBMEFCE1K68;FINANCIAL;-;-;-;-;-;-;-;-;-;391,176;-;-;-;-;-;-;-
DOLF28C005550;BRBMEFCE1K76;FINANCIAL;-;-;-;-;-;-;-;-;-;351,488;-;-;-;-;-;-;-
DOLF28C005650;BRBMEFCE1K84;FINANCIAL;-;-;-;-;-;-;-;-;-;315,4;-;-;-;-;-;-;-
DOLF28P005000;BRBMEFDE1J36;FINANCIAL;-;-;-;-;-;-;-;-;-;86,243;-;-;-;-;-;-;-
DOLF28P005050;BRBMEFDE1J44;FINANCIAL;-;-;-;-;-;-;-;-;-;97,043;-;-;-;-;-;-;-
DOLF28P005100;BRBMEFDE1J51;FINANCIAL;-;-;-;-;-;-;-;-;-;108,731;-;-;-;-;-;-;-
DOLF28P005150;BRBMEFDE1J69;FINANCIAL;-;-;-;-;-;-;-;-;-;121,507;-;-;-;-;-;-;-
DOLF28P005200;BRBMEFDE1J77;FINANCIAL;-;-;-;-;-;-;-;-;-;135,971;-;-;-;-;-;-;-
DOLF28P005250;BRBMEFDE1J85;FINANCIAL;-;-;-;-;-;-;-;-;-;151,251;-;-;-;-;-;-;-
DOLF28P005300;BRBMEFDE1J93;FINANCIAL;-;-;-;-;-;-;-;-;-;167,731;-;-;-;-;-;-;-
DOLF28P005350;BRBMEFDE1JA0;FINANCIAL;-;-;-;-;-;-;-;-;-;185,222;-;-;-;-;-;-;-
DOLF28P005400;BRBMEFDE1JB8;FINANCIAL;-;-;-;-;-;-;-;-;-;203,717;-;-;-;-;-;-;-
DOLF28P005450;BRBMEFDE1JC6;FINANCIAL;-;-;-;-;-;-;-;-;-;223,632;-;-;-;-;-;-;-
DOLF28P005550;BRBMEFDE1JD4;FINANCIAL;-;-;-;-;-;-;-;-;-;267,3;-;-;-;-;-;-;-
DOLF28P005650;BRBMEFDE1JE2;FINANCIAL;-;-;-;-;-;-;-;-;-;314,569;-;-;-;-;-;-;-
DOLZ26C005250;BRBMEFD104X0;FINANCIAL;-;-;-;-;-;-;-;-;-;151,74;-;-;-;-;-;-;-
DOLZ26P005250;BRBMEFD204W0;FINANCIAL;-;-;-;-;-;-;-;-;-;182,062;-;-;-;-;-;-;-
DOLF28C007100;BRBMEFCE1K92;FINANCIAL;-;-;-;-;-;-;-;-;-;70,84;-;-;-;-;-;-;-
DOLF28C007200;BRBMEFCE1KA9;FINANCIAL;-;-;-;-;-;-;-;-;-;64,109;-;-;-;-;-;-;-
DOLF28C007300;BRBMEFCE1KB7;FINANCIAL;-;-;-;-;-;-;-;-;-;58,103;-;-;-;-;-;-;-
DOLF28C007400;BRBMEFCE1KC5;FINANCIAL;-;-;-;-;-;-;-;-;-;52,74;-;-;-;-;-;-;-
DOLF28C007600;BRBMEFCE1KD3;FINANCIAL;-;-;-;-;-;-;-;-;-;43,86;-;-;-;-;-;-;-
DOLF28C007700;BRBMEFCE1KE1;FINANCIAL;-;-;-;-;-;-;-;-;-;39,277;-;-;-;-;-;-;-
DOLF28C007800;BRBMEFCE1KF8;FINANCIAL;-;-;-;-;-;-;-;-;-;35,274;-;-;-;-;-;-;-
DOLF28C007900;BRBMEFCE1KG6;FINANCIAL;-;-;-;-;-;-;-;-;-;31,622;-;-;-;-;-;-;-
DOLF28P007100;BRBMEFDE1JF9;FINANCIAL;-;-;-;-;-;-;-;-;-;1278,673;-;-;-;-;-;-;-
DOLF28P007200;BRBMEFDE1JG7;FINANCIAL;-;-;-;-;-;-;-;-;-;1355,298;-;-;-;-;-;-;-
DOLF28P007300;BRBMEFDE1JH5;FINANCIAL;-;-;-;-;-;-;-;-;-;1432,647;-;-;-;-;-;-;-
DOLF28P007400;BRBMEFDE1JI3;FINANCIAL;-;-;-;-;-;-;-;-;-;1510,641;-;-;-;-;-;-;-
DOLF28P007600;BRBMEFDE1JJ1;FINANCIAL;-;-;-;-;-;-;-;-;-;1668,473;-;-;-;-;-;-;-
DOLF28P007700;BRBMEFDE1JK9;FINANCIAL;-;-;-;-;-;-;-;-;-;1747,246;-;-;-;-;-;-;-
DOLF28P007800;BRBMEFDE1JL7;FINANCIAL;-;-;-;-;-;-;-;-;-;1826,6;-;-;-;-;-;-;-
DOLF28P007900;BRBMEFDE1JM5;FINANCIAL;-;-;-;-;-;-;-;-;-;1906,304;-;-;-;-;-;-;-
DOLZ26C005150;BRBMEFD104Y8;FINANCIAL;-;-;-;-;-;-;-;-;-;194,139;-;-;-;-;-;-;-
DOLZ26C005200;BRBMEFD104Z5;FINANCIAL;-;-;-;-;-;-;-;-;-;171,788;-;-;-;-;-;-;-
DOLZ26C005300;BRBMEFD10507;FINANCIAL;-;-;-;-;-;-;-;-;-;134,184;-;-;-;-;-;-;-
DOLZ26C005450;BRBMEFD10515;FINANCIAL;-;-;-;-;-;-;-;-;-;91,746;-;-;-;-;-;-;-
DOLZ26P005150;BRBMEFD204X8;FINANCIAL;-;-;-;-;-;-;-;-;-;128,584;-;-;-;-;-;-;-
DOLZ26P005200;BRBMEFD204Y6;FINANCIAL;-;-;-;-;-;-;-;-;-;154,171;-;-;-;-;-;-;-
DOLZ26P005300;BRBMEFD204Z3;FINANCIAL;-;-;-;-;-;-;-;-;-;212,445;-;-;-;-;-;-;-
DOLZ26P005450;BRBMEFD20506;FINANCIAL;-;-;-;-;-;-;-;-;-;313,823;-;-;-;-;-;-;-
DOLZ26C004150;BRBMEFD10523;FINANCIAL;-;-;-;-;-;-;-;-;-;1024,427;-;-;-;-;-;-;-
DOLZ26C004250;BRBMEFD10531;FINANCIAL;-;-;-;-;-;-;-;-;-;928,75;-;-;-;-;-;-;-
DOLZ26C004350;BRBMEFD10549;FINANCIAL;-;-;-;-;-;-;-;-;-;833,387;-;-;-;-;-;-;-
DOLZ26C004450;BRBMEFD10556;FINANCIAL;-;-;-;-;-;-;-;-;-;738,711;-;-;-;-;-;-;-
DOLZ26C004550;BRBMEFD10564;FINANCIAL;-;-;-;-;-;-;-;-;-;645,37;-;-;-;-;-;-;-
DOLZ26C004650;BRBMEFD10572;FINANCIAL;-;-;-;-;-;-;-;-;-;554,37;-;-;-;-;-;-;-
DOLZ26C004750;BRBMEFD10580;FINANCIAL;-;-;-;-;-;-;-;-;-;467,18;-;-;-;-;-;-;-
DOLZ26C004850;BRBMEFD10598;FINANCIAL;-;-;-;-;-;-;-;-;-;386,029;-;-;-;-;-;-;-
DOLZ26C005050;BRBMEFD105A5;FINANCIAL;-;-;-;-;-;-;-;-;-;247,765;-;-;-;-;-;-;-
DOLZ26C005650;BRBMEFD105B3;FINANCIAL;-;-;-;-;-;-;-;-;-;53,905;-;-;-;-;-;-;-
DOLZ26C005750;BRBMEFD105C1;FINANCIAL;-;-;-;-;-;-;-;-;-;41,43;-;-;-;-;-;-;-
DOLZ26C005850;BRBMEFD105D9;FINANCIAL;-;-;-;-;-;-;-;-;-;31,935;-;-;-;-;-;-;-
DOLZ26C005950;BRBMEFD105E7;FINANCIAL;-;-;-;-;-;-;-;-;-;24,825;-;-;-;-;-;-;-
DOLZ26C006050;BRBMEFD105F4;FINANCIAL;-;-;-;-;-;-;-;-;-;18,668;-;-;-;-;-;-;-
DOLZ26C006150;BRBMEFD105G2;FINANCIAL;-;-;-;-;-;-;-;-;-;13,793;-;-;-;-;-;-;-
DOLZ26C006200;BRBMEFD105H0;FINANCIAL;-;-;-;-;-;-;-;-;-;11,832;-;-;-;-;-;-;-
DOLZ26C006250;BRBMEFD105I8;FINANCIAL;-;-;-;-;-;-;-;-;-;10,116;-;-;-;-;-;-;-
DOLZ26C006300;BRBMEFD105J6;FINANCIAL;-;-;-;-;-;-;-;-;-;8,516;-;-;-;-;-;-;-
DOLZ26C006350;BRBMEFD105K4;FINANCIAL;-;-;-;-;-;-;-;-;-;7,179;-;-;-;-;-;-;-
DOLZ26C006400;BRBMEFD105L2;FINANCIAL;-;-;-;-;-;-;-;-;-;6,023;-;-;-;-;-;-;-
DOLZ26C006450;BRBMEFD105M0;FINANCIAL;-;-;-;-;-;-;-;-;-;5,045;-;-;-;-;-;-;-
DOLZ26C006500;BRBMEFD105N8;FINANCIAL;-;-;-;-;-;-;-;-;-;4,218;-;-;-;-;-;-;-
DOLZ26C006550;BRBMEFD105O6;FINANCIAL;-;-;-;-;-;-;-;-;-;3,535;-;-;-;-;-;-;-
DOLZ26C006600;BRBMEFD105P3;FINANCIAL;-;-;-;-;-;-;-;-;-;2,948;-;-;-;-;-;-;-
DOLZ26C006650;BRBMEFD105Q1;FINANCIAL;-;-;-;-;-;-;-;-;-;2,455;-;-;-;-;-;-;-
DOLZ26C006700;BRBMEFD105R9;FINANCIAL;-;-;-;-;-;-;-;-;-;2,05;-;-;-;-;-;-;-
DOLZ26C006750;BRBMEFD105S7;FINANCIAL;-;-;-;-;-;-;-;-;-;1,696;-;-;-;-;-;-;-
DOLZ26C006800;BRBMEFD105T5;FINANCIAL;-;-;-;-;-;-;-;-;-;1,382;-;-;-;-;-;-;-
DOLZ26C006850;BRBMEFD105U3;FINANCIAL;-;-;-;-;-;-;-;-;-;1,123;-;-;-;-;-;-;-
DOLZ26C006900;BRBMEFD105V1;FINANCIAL;-;-;-;-;-;-;-;-;-;0,911;-;-;-;-;-;-;-
DOLZ26C006950;BRBMEFD105W9;FINANCIAL;-;-;-;-;-;-;-;-;-;0,737;-;-;-;-;-;-;-
DOLZ26C007000;BRBMEFD105X7;FINANCIAL;-;-;-;-;-;-;-;-;-;0,594;-;-;-;-;-;-;-
DOLZ26C007050;BRBMEFD105Y5;FINANCIAL;-;-;-;-;-;-;-;-;-;0,479;-;-;-;-;-;-;-
DOLZ26C007100;BRBMEFD105Z2;FINANCIAL;-;-;-;-;-;-;-;-;-;0,385;-;-;-;-;-;-;-
DOLZ26C007150;BRBMEFD10606;FINANCIAL;-;-;-;-;-;-;-;-;-;0,308;-;-;-;-;-;-;-
DOLZ26C007200;BRBMEFD10614;FINANCIAL;-;-;-;-;-;-;-;-;-;0,247;-;-;-;-;-;-;-
DOLZ26C007250;BRBMEFD10622;FINANCIAL;-;-;-;-;-;-;-;-;-;0,197;-;-;-;-;-;-;-
DOLZ26C007300;BRBMEFD10630;FINANCIAL;-;-;-;-;-;-;-;-;-;0,157;-;-;-;-;-;-;-
DOLZ26C007350;BRBMEFD10648;FINANCIAL;-;-;-;-;-;-;-;-;-;0,125;-;-;-;-;-;-;-
DOLZ26C007400;BRBMEFD10655;FINANCIAL;-;-;-;-;-;-;-;-;-;0,099;-;-;-;-;-;-;-
DOLZ26C007450;BRBMEFD10663;FINANCIAL;-;-;-;-;-;-;-;-;-;0,078;-;-;-;-;-;-;-
DOLZ26C007500;BRBMEFD10671;FINANCIAL;-;-;-;-;-;-;-;-;-;0,062;-;-;-;-;-;-;-
DOLZ26C007550;BRBMEFD10689;FINANCIAL;-;-;-;-;-;-;-;-;-;0,049;-;-;-;-;-;-;-
DOLZ26C007600;BRBMEFD10697;FINANCIAL;-;-;-;-;-;-;-;-;-;0,038;-;-;-;-;-;-;-
DOLZ26C007650;BRBMEFD106A3;FINANCIAL;-;-;-;-;-;-;-;-;-;0,03;-;-;-;-;-;-;-
DOLZ26C007700;BRBMEFD106B1;FINANCIAL;-;-;-;-;-;-;-;-;-;0,024;-;-;-;-;-;-;-
DOLZ26C007750;BRBMEFD106C9;FINANCIAL;-;-;-;-;-;-;-;-;-;0,019;-;-;-;-;-;-;-
DOLZ26C007800;BRBMEFD106D7;FINANCIAL;-;-;-;-;-;-;-;-;-;0,014;-;-;-;-;-;-;-
DOLZ26C007850;BRBMEFD106E5;FINANCIAL;-;-;-;-;-;-;-;-;-;0,011;-;-;-;-;-;-;-
DOLZ26C007900;BRBMEFD106F2;FINANCIAL;-;-;-;-;-;-;-;-;-;0,009;-;-;-;-;-;-;-
DOLZ26C007950;BRBMEFD106G0;FINANCIAL;-;-;-;-;-;-;-;-;-;0,007;-;-;-;-;-;-;-
DOLZ26C008000;BRBMEFD106H8;FINANCIAL;-;-;-;-;-;-;-;-;-;0,005;-;-;-;-;-;-;-
DOLZ26P004150;BRBMEFD20514;FINANCIAL;-;-;-;-;-;-;-;-;-;0,097;-;-;-;-;-;-;-
DOLZ26P004250;BRBMEFD20522;FINANCIAL;-;-;-;-;-;-;-;-;-;0,297;-;-;-;-;-;-;-
DOLZ26P004350;BRBMEFD20530;FINANCIAL;-;-;-;-;-;-;-;-;-;0,812;-;-;-;-;-;-;-
DOLZ26P004450;BRBMEFD20548;FINANCIAL;-;-;-;-;-;-;-;-;-;2,013;-;-;-;-;-;-;-
DOLZ26P004550;BRBMEFD20555;FINANCIAL;-;-;-;-;-;-;-;-;-;4,549;-;-;-;-;-;-;-
DOLZ26P004650;BRBMEFD20563;FINANCIAL;-;-;-;-;-;-;-;-;-;9,427;-;-;-;-;-;-;-
DOLZ26P004750;BRBMEFD20571;FINANCIAL;-;-;-;-;-;-;-;-;-;18,115;-;-;-;-;-;-;-
DOLZ26P004850;BRBMEFD20589;FINANCIAL;-;-;-;-;-;-;-;-;-;32,841;-;-;-;-;-;-;-
DOLZ26P005050;BRBMEFD20597;FINANCIAL;-;-;-;-;-;-;-;-;-;86,332;-;-;-;-;-;-;-
DOLZ26P005650;BRBMEFD205A3;FINANCIAL;-;-;-;-;-;-;-;-;-;467,737;-;-;-;-;-;-;-
DOLZ26P005750;BRBMEFD205B1;FINANCIAL;-;-;-;-;-;-;-;-;-;551,14;-;-;-;-;-;-;-
DOLZ26P005850;BRBMEFD205C9;FINANCIAL;-;-;-;-;-;-;-;-;-;637,522;-;-;-;-;-;-;-
DOLZ26P005950;BRBMEFD205D7;FINANCIAL;-;-;-;-;-;-;-;-;-;726,289;-;-;-;-;-;-;-
DOLZ26P006050;BRBMEFD205E5;FINANCIAL;-;-;-;-;-;-;-;-;-;816,01;-;-;-;-;-;-;-
DOLZ26P006150;BRBMEFD205F2;FINANCIAL;-;-;-;-;-;-;-;-;-;907,013;-;-;-;-;-;-;-
DOLZ26P006200;BRBMEFD205G0;FINANCIAL;-;-;-;-;-;-;-;-;-;952,99;-;-;-;-;-;-;-
DOLZ26P006250;BRBMEFD205H8;FINANCIAL;-;-;-;-;-;-;-;-;-;999,212;-;-;-;-;-;-;-
DOLZ26P006300;BRBMEFD205I6;FINANCIAL;-;-;-;-;-;-;-;-;-;1045,552;-;-;-;-;-;-;-
DOLZ26P006350;BRBMEFD205J4;FINANCIAL;-;-;-;-;-;-;-;-;-;1092,153;-;-;-;-;-;-;-
DOLZ26P006400;BRBMEFD205K2;FINANCIAL;-;-;-;-;-;-;-;-;-;1138,936;-;-;-;-;-;-;-
DOLZ26P006450;BRBMEFD205L0;FINANCIAL;-;-;-;-;-;-;-;-;-;1185,896;-;-;-;-;-;-;-
DOLZ26P006500;BRBMEFD205M8;FINANCIAL;-;-;-;-;-;-;-;-;-;1233,009;-;-;-;-;-;-;-
DOLZ26P006550;BRBMEFD205N6;FINANCIAL;-;-;-;-;-;-;-;-;-;1280,264;-;-;-;-;-;-;-
DOLZ26P006600;BRBMEFD205O4;FINANCIAL;-;-;-;-;-;-;-;-;-;1327,616;-;-;-;-;-;-;-
DOLZ26P006650;BRBMEFD205P1;FINANCIAL;-;-;-;-;-;-;-;-;-;1375,061;-;-;-;-;-;-;-
DOLZ26P006700;BRBMEFD205Q9;FINANCIAL;-;-;-;-;-;-;-;-;-;1422,595;-;-;-;-;-;-;-
DOLZ26P006750;BRBMEFD205R7;FINANCIAL;-;-;-;-;-;-;-;-;-;1470,18;-;-;-;-;-;-;-
DOLZ26P006800;BRBMEFD205S5;FINANCIAL;-;-;-;-;-;-;-;-;-;1517,805;-;-;-;-;-;-;-
DOLZ26P006850;BRBMEFD205T3;FINANCIAL;-;-;-;-;-;-;-;-;-;1565,485;-;-;-;-;-;-;-
DOLZ26P006900;BRBMEFD205U1;FINANCIAL;-;-;-;-;-;-;-;-;-;1613,211;-;-;-;-;-;-;-
DOLZ26P006950;BRBMEFD205V9;FINANCIAL;-;-;-;-;-;-;-;-;-;1660,976;-;-;-;-;-;-;-
DOLZ26P007000;BRBMEFD205W7;FINANCIAL;-;-;-;-;-;-;-;-;-;1708,772;-;-;-;-;-;-;-
DOLZ26P007050;BRBMEFD205X5;FINANCIAL;-;-;-;-;-;-;-;-;-;1756,595;-;-;-;-;-;-;-
DOLZ26P007100;BRBMEFD205Y3;FINANCIAL;-;-;-;-;-;-;-;-;-;1804,44;-;-;-;-;-;-;-
DOLZ26P007150;BRBMEFD205Z0;FINANCIAL;-;-;-;-;-;-;-;-;-;1852,302;-;-;-;-;-;-;-
DOLZ26P007200;BRBMEFD20605;FINANCIAL;-;-;-;-;-;-;-;-;-;1900,179;-;-;-;-;-;-;-
DOLZ26P007250;BRBMEFD20613;FINANCIAL;-;-;-;-;-;-;-;-;-;1948,068;-;-;-;-;-;-;-
DOLZ26P007300;BRBMEFD20621;FINANCIAL;-;-;-;-;-;-;-;-;-;1995,967;-;-;-;-;-;-;-
DOLZ26P007350;BRBMEFD20639;FINANCIAL;-;-;-;-;-;-;-;-;-;2043,873;-;-;-;-;-;-;-
DOLZ26P007400;BRBMEFD20647;FINANCIAL;-;-;-;-;-;-;-;-;-;2091,786;-;-;-;-;-;-;-
DOLZ26P007450;BRBMEFD20654;FINANCIAL;-;-;-;-;-;-;-;-;-;2139,705;-;-;-;-;-;-;-
DOLZ26P007500;BRBMEFD20662;FINANCIAL;-;-;-;-;-;-;-;-;-;2187,627;-;-;-;-;-;-;-
DOLZ26P007550;BRBMEFD20670;FINANCIAL;-;-;-;-;-;-;-;-;-;2235,553;-;-;-;-;-;-;-
DOLZ26P007600;BRBMEFD20688;FINANCIAL;-;-;-;-;-;-;-;-;-;2283,481;-;-;-;-;-;-;-
DOLZ26P007650;BRBMEFD20696;FINANCIAL;-;-;-;-;-;-;-;-;-;2331,411;-;-;-;-;-;-;-
DOLZ26P007700;BRBMEFD206A1;FINANCIAL;-;-;-;-;-;-;-;-;-;2379,344;-;-;-;-;-;-;-
DOLZ26P007750;BRBMEFD206B9;FINANCIAL;-;-;-;-;-;-;-;-;-;2427,277;-;-;-;-;-;-;-
DOLZ26P007800;BRBMEFD206C7;FINANCIAL;-;-;-;-;-;-;-;-;-;2475,212;-;-;-;-;-;-;-
DOLZ26P007850;BRBMEFD206D5;FINANCIAL;-;-;-;-;-;-;-;-;-;2523,148;-;-;-;-;-;-;-
DOLZ26P007900;BRBMEFD206E3;FINANCIAL;-;-;-;-;-;-;-;-;-;2571,084;-;-;-;-;-;-;-
DOLZ26P007950;BRBMEFD206F0;FINANCIAL;-;-;-;-;-;-;-;-;-;2619,021;-;-;-;-;-;-;-
DOLZ26P008000;BRBMEFD206G8;FINANCIAL;-;-;-;-;-;-;-;-;-;2666,958;-;-;-;-;-;-;-
DOLF27C005450;BRBMEFCE1KH4;FINANCIAL;-;-;-;-;-;-;-;-;-;115,375;-;-;-;-;-;-;-
DOLF27P005450;BRBMEFDE1JN3;FINANCIAL;-;-;-;-;-;-;-;-;-;305,447;-;-;-;-;-;-;-
DOLF27C005250;BRBMEFCE1KJ0;FINANCIAL;-;-;-;-;-;-;-;-;-;180,453;-;-;-;-;-;-;-
DOLF27C005350;BRBMEFCE1KI2;FINANCIAL;-;-;-;-;-;-;-;-;-;144,252;-;-;-;-;-;-;-
DOLF27P005250;BRBMEFDE1JP8;FINANCIAL;-;-;-;-;-;-;-;-;-;180,915;-;-;-;-;-;-;-
DOLF27P005350;BRBMEFDE1JO1;FINANCIAL;-;-;-;-;-;-;-;-;-;239,519;-;-;-;-;-;-;-
DOLJ28C005800;BRBMEFCL1839;FINANCIAL;-;-;-;-;-;-;-;-;-;320,364;-;-;-;-;-;-;-
DOLJ28C005900;BRBMEFCL1847;FINANCIAL;-;-;-;-;-;-;-;-;-;290,599;-;-;-;-;-;-;-
DOLJ28C006000;BRBMEFCL1854;FINANCIAL;-;-;-;-;-;-;-;-;-;264,181;-;-;-;-;-;-;-
DOLJ28C006100;BRBMEFCL1862;FINANCIAL;-;-;-;-;-;-;-;-;-;240,628;-;-;-;-;-;-;-
DOLJ28C006200;BRBMEFCL1870;FINANCIAL;-;-;-;-;-;-;-;-;-;219,461;-;-;-;-;-;-;-
DOLJ28C006300;BRBMEFCL1888;FINANCIAL;-;-;-;-;-;-;-;-;-;200,454;-;-;-;-;-;-;-
DOLJ28C006400;BRBMEFCL1896;FINANCIAL;-;-;-;-;-;-;-;-;-;182,958;-;-;-;-;-;-;-
DOLJ28C006500;BRBMEFCL18A2;FINANCIAL;-;-;-;-;-;-;-;-;-;167,24;-;-;-;-;-;-;-
DOLJ28C006600;BRBMEFCL18B0;FINANCIAL;-;-;-;-;-;-;-;-;-;153,324;-;-;-;-;-;-;-
DOLJ28C006700;BRBMEFCL18C8;FINANCIAL;-;-;-;-;-;-;-;-;-;140,827;-;-;-;-;-;-;-
DOLJ28C006800;BRBMEFCL18D6;FINANCIAL;-;-;-;-;-;-;-;-;-;129,222;-;-;-;-;-;-;-
DOLJ28C006900;BRBMEFCL18E4;FINANCIAL;-;-;-;-;-;-;-;-;-;117,694;-;-;-;-;-;-;-
DOLJ28C007000;BRBMEFCL18F1;FINANCIAL;-;-;-;-;-;-;-;-;-;107,302;-;-;-;-;-;-;-
DOLJ28C007100;BRBMEFCL18G9;FINANCIAL;-;-;-;-;-;-;-;-;-;97,769;-;-;-;-;-;-;-
DOLJ28C007200;BRBMEFCL18H7;FINANCIAL;-;-;-;-;-;-;-;-;-;89,331;-;-;-;-;-;-;-
DOLJ28P005800;BRBMEFVDE8V4;FINANCIAL;-;-;-;-;-;-;-;-;-;350,568;-;-;-;-;-;-;-
DOLJ28P005900;BRBMEFVDE8W2;FINANCIAL;-;-;-;-;-;-;-;-;-;401,47;-;-;-;-;-;-;-
DOLJ28P006000;BRBMEFVDE8X0;FINANCIAL;-;-;-;-;-;-;-;-;-;455,719;-;-;-;-;-;-;-
DOLJ28P006100;BRBMEFVDE8Y8;FINANCIAL;-;-;-;-;-;-;-;-;-;512,833;-;-;-;-;-;-;-
DOLJ28P006200;BRBMEFVDE8Z5;FINANCIAL;-;-;-;-;-;-;-;-;-;572,333;-;-;-;-;-;-;-
DOLJ28P006300;BRBMEFVDE900;FINANCIAL;-;-;-;-;-;-;-;-;-;633,994;-;-;-;-;-;-;-
DOLJ28P006400;BRBMEFVDE918;FINANCIAL;-;-;-;-;-;-;-;-;-;697,166;-;-;-;-;-;-;-
DOLJ28P006500;BRBMEFVDE926;FINANCIAL;-;-;-;-;-;-;-;-;-;762,115;-;-;-;-;-;-;-
DOLJ28P006600;BRBMEFVDE934;FINANCIAL;-;-;-;-;-;-;-;-;-;828,866;-;-;-;-;-;-;-
DOLJ28P006700;BRBMEFVDE942;FINANCIAL;-;-;-;-;-;-;-;-;-;897,036;-;-;-;-;-;-;-
DOLJ28P006800;BRBMEFVDE959;FINANCIAL;-;-;-;-;-;-;-;-;-;966,099;-;-;-;-;-;-;-
DOLJ28P006900;BRBMEFVDE967;FINANCIAL;-;-;-;-;-;-;-;-;-;1035,238;-;-;-;-;-;-;-
DOLJ28P007000;BRBMEFVDE975;FINANCIAL;-;-;-;-;-;-;-;-;-;1105,514;-;-;-;-;-;-;-
DOLJ28P007100;BRBMEFVDE983;FINANCIAL;-;-;-;-;-;-;-;-;-;1176,648;-;-;-;-;-;-;-
DOLJ28P007200;BRBMEFVDE991;FINANCIAL;-;-;-;-;-;-;-;-;-;1248,877;-;-;-;-;-;-;-
DOLJ29C005800;BRBMEFCL18I5;FINANCIAL;-;-;-;-;-;-;-;-;-;544,572;-;-;-;-;-;-;-
DOLJ29C005900;BRBMEFCL18J3;FINANCIAL;-;-;-;-;-;-;-;-;-;505,956;-;-;-;-;-;-;-
DOLJ29C006000;BRBMEFCL18K1;FINANCIAL;-;-;-;-;-;-;-;-;-;471,177;-;-;-;-;-;-;-
DOLJ29C006100;BRBMEFCL18L9;FINANCIAL;-;-;-;-;-;-;-;-;-;439,16;-;-;-;-;-;-;-
DOLJ29C006200;BRBMEFCL18M7;FINANCIAL;-;-;-;-;-;-;-;-;-;409,275;-;-;-;-;-;-;-
DOLJ29C006300;BRBMEFCL18N5;FINANCIAL;-;-;-;-;-;-;-;-;-;381,425;-;-;-;-;-;-;-
DOLJ29C006400;BRBMEFCL18O3;FINANCIAL;-;-;-;-;-;-;-;-;-;355,507;-;-;-;-;-;-;-
DOLJ29C006500;BRBMEFCL18P0;FINANCIAL;-;-;-;-;-;-;-;-;-;332,555;-;-;-;-;-;-;-
DOLJ29C006600;BRBMEFCL18Q8;FINANCIAL;-;-;-;-;-;-;-;-;-;311,311;-;-;-;-;-;-;-
DOLJ29C006700;BRBMEFCL18R6;FINANCIAL;-;-;-;-;-;-;-;-;-;291,66;-;-;-;-;-;-;-
DOLJ29C006800;BRBMEFCL18S4;FINANCIAL;-;-;-;-;-;-;-;-;-;273,49;-;-;-;-;-;-;-
DOLJ29C006900;BRBMEFCL18T2;FINANCIAL;-;-;-;-;-;-;-;-;-;256,967;-;-;-;-;-;-;-
DOLJ29C007000;BRBMEFCL18U0;FINANCIAL;-;-;-;-;-;-;-;-;-;241,44;-;-;-;-;-;-;-
DOLJ29C007100;BRBMEFCL18V8;FINANCIAL;-;-;-;-;-;-;-;-;-;226,825;-;-;-;-;-;-;-
DOLJ29C007200;BRBMEFCL18W6;FINANCIAL;-;-;-;-;-;-;-;-;-;213,565;-;-;-;-;-;-;-
DOLJ29P005800;BRBMEFVDE9A6;FINANCIAL;-;-;-;-;-;-;-;-;-;247,697;-;-;-;-;-;-;-
DOLJ29P005900;BRBMEFVDE9B4;FINANCIAL;-;-;-;-;-;-;-;-;-;279,841;-;-;-;-;-;-;-
DOLJ29P006000;BRBMEFVDE9C2;FINANCIAL;-;-;-;-;-;-;-;-;-;315,823;-;-;-;-;-;-;-
DOLJ29P006100;BRBMEFVDE9D0;FINANCIAL;-;-;-;-;-;-;-;-;-;354,566;-;-;-;-;-;-;-
DOLJ29P006200;BRBMEFVDE9E8;FINANCIAL;-;-;-;-;-;-;-;-;-;395,442;-;-;-;-;-;-;-
DOLJ29P006300;BRBMEFVDE9F5;FINANCIAL;-;-;-;-;-;-;-;-;-;438,352;-;-;-;-;-;-;-
DOLJ29P006400;BRBMEFVDE9G3;FINANCIAL;-;-;-;-;-;-;-;-;-;483,194;-;-;-;-;-;-;-
DOLJ29P006500;BRBMEFVDE9H1;FINANCIAL;-;-;-;-;-;-;-;-;-;531,002;-;-;-;-;-;-;-
DOLJ29P006600;BRBMEFVDE9I9;FINANCIAL;-;-;-;-;-;-;-;-;-;580,518;-;-;-;-;-;-;-
DOLJ29P006700;BRBMEFVDE9J7;FINANCIAL;-;-;-;-;-;-;-;-;-;631,627;-;-;-;-;-;-;-
DOLJ29P006800;BRBMEFVDE9K5;FINANCIAL;-;-;-;-;-;-;-;-;-;684,218;-;-;-;-;-;-;-
DOLJ29P006900;BRBMEFVDE9L3;FINANCIAL;-;-;-;-;-;-;-;-;-;738,455;-;-;-;-;-;-;-
DOLJ29P007000;BRBMEFVDE9M1;FINANCIAL;-;-;-;-;-;-;-;-;-;793,688;-;-;-;-;-;-;-
DOLJ29P007100;BRBMEFVDE9N9;FINANCIAL;-;-;-;-;-;-;-;-;-;849,833;-;-;-;-;-;-;-
DOLJ29P007200;BRBMEFVDE9O7;FINANCIAL;-;-;-;-;-;-;-;-;-;907,333;-;-;-;-;-;-;-
DOLF27C005550;BRBMEFCE1KK8;FINANCIAL;-;-;-;-;-;-;-;-;-;91,2;-;-;-;-;-;-;-
DOLF27C006350;BRBMEFCE1KL6;FINANCIAL;-;-;-;-;-;-;-;-;-;13,212;-;-;-;-;-;-;-
DOLF27C006400;BRBMEFCE1KM4;FINANCIAL;-;-;-;-;-;-;-;-;-;11,551;-;-;-;-;-;-;-
DOLF27C006550;BRBMEFCE1KN2;FINANCIAL;-;-;-;-;-;-;-;-;-;7,331;-;-;-;-;-;-;-
DOLF27C006600;BRBMEFCE1KO0;FINANCIAL;-;-;-;-;-;-;-;-;-;6,292;-;-;-;-;-;-;-
DOLF27C006650;BRBMEFCE1KP7;FINANCIAL;-;-;-;-;-;-;-;-;-;5,394;-;-;-;-;-;-;-
DOLF27C006700;BRBMEFCE1KQ5;FINANCIAL;-;-;-;-;-;-;-;-;-;4,621;-;-;-;-;-;-;-
DOLF27C006750;BRBMEFCE1KR3;FINANCIAL;-;-;-;-;-;-;-;-;-;3,954;-;-;-;-;-;-;-
DOLF27C006800;BRBMEFCE1KS1;FINANCIAL;-;-;-;-;-;-;-;-;-;3,381;-;-;-;-;-;-;-
DOLF27C006850;BRBMEFCE1KT9;FINANCIAL;-;-;-;-;-;-;-;-;-;2,877;-;-;-;-;-;-;-
DOLF27C006900;BRBMEFCE1KU7;FINANCIAL;-;-;-;-;-;-;-;-;-;2,456;-;-;-;-;-;-;-
DOLF27C006950;BRBMEFCE1KV5;FINANCIAL;-;-;-;-;-;-;-;-;-;2,095;-;-;-;-;-;-;-
DOLF27P005550;BRBMEFDE1JQ6;FINANCIAL;-;-;-;-;-;-;-;-;-;376,077;-;-;-;-;-;-;-
DOLF27P006350;BRBMEFDE1JR4;FINANCIAL;-;-;-;-;-;-;-;-;-;1056,53;-;-;-;-;-;-;-
DOLF27P006400;BRBMEFDE1JS2;FINANCIAL;-;-;-;-;-;-;-;-;-;1102,272;-;-;-;-;-;-;-
DOLF27P006550;BRBMEFDE1JT0;FINANCIAL;-;-;-;-;-;-;-;-;-;1240,259;-;-;-;-;-;-;-
DOLF27P006600;BRBMEFDE1JU8;FINANCIAL;-;-;-;-;-;-;-;-;-;1286,623;-;-;-;-;-;-;-
DOLF27P006650;BRBMEFDE1JV6;FINANCIAL;-;-;-;-;-;-;-;-;-;1333,128;-;-;-;-;-;-;-
DOLF27P006700;BRBMEFDE1JW4;FINANCIAL;-;-;-;-;-;-;-;-;-;1379,757;-;-;-;-;-;-;-
DOLF27P006750;BRBMEFDE1JX2;FINANCIAL;-;-;-;-;-;-;-;-;-;1426,493;-;-;-;-;-;-;-
DOLF27P006800;BRBMEFDE1JY0;FINANCIAL;-;-;-;-;-;-;-;-;-;1473,322;-;-;-;-;-;-;-
DOLF27P006850;BRBMEFDE1JZ7;FINANCIAL;-;-;-;-;-;-;-;-;-;1520,221;-;-;-;-;-;-;-
DOLF27P006900;BRBMEFDE1K09;FINANCIAL;-;-;-;-;-;-;-;-;-;1567,202;-;-;-;-;-;-;-
DOLF27P006950;BRBMEFDE1K17;FINANCIAL;-;-;-;-;-;-;-;-;-;1614,244;-;-;-;-;-;-;-
DOLJ28C007500;BRBMEFCL18X4;FINANCIAL;-;-;-;-;-;-;-;-;-;68,793;-;-;-;-;-;-;-
DOLJ28C008000;BRBMEFCL18Y2;FINANCIAL;-;-;-;-;-;-;-;-;-;45,952;-;-;-;-;-;-;-
DOLJ28C008500;BRBMEFCL18Z9;FINANCIAL;-;-;-;-;-;-;-;-;-;29,105;-;-;-;-;-;-;-
DOLJ28C009000;BRBMEFCL1904;FINANCIAL;-;-;-;-;-;-;-;-;-;18,365;-;-;-;-;-;-;-
DOLJ28P007500;BRBMEFVDE9P4;FINANCIAL;-;-;-;-;-;-;-;-;-;1470,342;-;-;-;-;-;-;-
DOLJ28P008000;BRBMEFVDE9Q2;FINANCIAL;-;-;-;-;-;-;-;-;-;1850,838;-;-;-;-;-;-;-
DOLJ28P008500;BRBMEFVDE9R0;FINANCIAL;-;-;-;-;-;-;-;-;-;2237,327;-;-;-;-;-;-;-
DOLJ28P009000;BRBMEFVDE9S8;FINANCIAL;-;-;-;-;-;-;-;-;-;2629,924;-;-;-;-;-;-;-
DOLJ29C007500;BRBMEFCL1912;FINANCIAL;-;-;-;-;-;-;-;-;-;179,247;-;-;-;-;-;-;-
DOLJ29C008000;BRBMEFCL1920;FINANCIAL;-;-;-;-;-;-;-;-;-;133,821;-;-;-;-;-;-;-
DOLJ29C008500;BRBMEFCL1938;FINANCIAL;-;-;-;-;-;-;-;-;-;99,701;-;-;-;-;-;-;-
DOLJ29C009000;BRBMEFCL1946;FINANCIAL;-;-;-;-;-;-;-;-;-;76,088;-;-;-;-;-;-;-
DOLJ29P007500;BRBMEFVDE9T6;FINANCIAL;-;-;-;-;-;-;-;-;-;1085,297;-;-;-;-;-;-;-
DOLJ29P008000;BRBMEFVDE9U4;FINANCIAL;-;-;-;-;-;-;-;-;-;1393,672;-;-;-;-;-;-;-
DOLJ29P008500;BRBMEFVDE9V2;FINANCIAL;-;-;-;-;-;-;-;-;-;1713,352;-;-;-;-;-;-;-
DOLJ29P009000;BRBMEFVDE9W0;FINANCIAL;-;-;-;-;-;-;-;-;-;2043,541;-;-;-;-;-;-;-
DOLF27C004400;BRBMEFCE1KX1;FINANCIAL;-;-;-;-;-;-;-;-;-;807,508;-;-;-;-;-;-;-
DOLF27C004450;BRBMEFCE1KW3;FINANCIAL;-;-;-;-;-;-;-;-;-;761,097;-;-;-;-;-;-;-
DOLF27P004400;BRBMEFDE1K33;FINANCIAL;-;-;-;-;-;-;-;-;-;2,126;-;-;-;-;-;-;-
DOLF27P004450;BRBMEFDE1K25;FINANCIAL;-;-;-;-;-;-;-;-;-;3,118;-;-;-;-;-;-;-
DOLF31C007000;BRBMEFCE1KY9;FINANCIAL;-;-;-;-;-;-;-;-;-;540,753;-;-;-;-;-;-;-
DOLF31C007100;BRBMEFCE1KZ6;FINANCIAL;-;-;-;-;-;-;-;-;-;518,641;-;-;-;-;-;-;-
DOLF31C007200;BRBMEFCE1L00;FINANCIAL;-;-;-;-;-;-;-;-;-;497,529;-;-;-;-;-;-;-
DOLF31C007300;BRBMEFCE1L18;FINANCIAL;-;-;-;-;-;-;-;-;-;477,711;-;-;-;-;-;-;-
DOLF31C007400;BRBMEFCE1L26;FINANCIAL;-;-;-;-;-;-;-;-;-;458,489;-;-;-;-;-;-;-
DOLF31C007500;BRBMEFCE1L34;FINANCIAL;-;-;-;-;-;-;-;-;-;440,154;-;-;-;-;-;-;-
DOLF31C007600;BRBMEFCE1L42;FINANCIAL;-;-;-;-;-;-;-;-;-;423,004;-;-;-;-;-;-;-
DOLF31C007700;BRBMEFCE1L59;FINANCIAL;-;-;-;-;-;-;-;-;-;406,669;-;-;-;-;-;-;-
DOLF31C007800;BRBMEFCE1L67;FINANCIAL;-;-;-;-;-;-;-;-;-;391,113;-;-;-;-;-;-;-
DOLF31C007900;BRBMEFCE1L75;FINANCIAL;-;-;-;-;-;-;-;-;-;376,3;-;-;-;-;-;-;-
DOLF31C008000;BRBMEFCE1L83;FINANCIAL;-;-;-;-;-;-;-;-;-;362,196;-;-;-;-;-;-;-
DOLF31C008100;BRBMEFCE1L91;FINANCIAL;-;-;-;-;-;-;-;-;-;348,767;-;-;-;-;-;-;-
DOLF31C008200;BRBMEFCE1LA7;FINANCIAL;-;-;-;-;-;-;-;-;-;335,982;-;-;-;-;-;-;-
DOLF31C008300;BRBMEFCE1LB5;FINANCIAL;-;-;-;-;-;-;-;-;-;323,809;-;-;-;-;-;-;-
DOLF31C008400;BRBMEFCE1LC3;FINANCIAL;-;-;-;-;-;-;-;-;-;312,536;-;-;-;-;-;-;-
DOLF31C008500;BRBMEFCE1LD1;FINANCIAL;-;-;-;-;-;-;-;-;-;301,496;-;-;-;-;-;-;-
DOLF31C008600;BRBMEFCE1LE9;FINANCIAL;-;-;-;-;-;-;-;-;-;290,67;-;-;-;-;-;-;-
DOLF31C008700;BRBMEFCE1LF6;FINANCIAL;-;-;-;-;-;-;-;-;-;280,351;-;-;-;-;-;-;-
DOLF31P007000;BRBMEFDE1K41;FINANCIAL;-;-;-;-;-;-;-;-;-;472,791;-;-;-;-;-;-;-
DOLF31P007100;BRBMEFDE1K58;FINANCIAL;-;-;-;-;-;-;-;-;-;506,585;-;-;-;-;-;-;-
DOLF31P007200;BRBMEFDE1K66;FINANCIAL;-;-;-;-;-;-;-;-;-;541,378;-;-;-;-;-;-;-
DOLF31P007300;BRBMEFDE1K74;FINANCIAL;-;-;-;-;-;-;-;-;-;577,465;-;-;-;-;-;-;-
DOLF31P007400;BRBMEFDE1K82;FINANCIAL;-;-;-;-;-;-;-;-;-;614,147;-;-;-;-;-;-;-
DOLF31P007500;BRBMEFDE1K90;FINANCIAL;-;-;-;-;-;-;-;-;-;651,718;-;-;-;-;-;-;-
DOLF31P007600;BRBMEFDE1KA8;FINANCIAL;-;-;-;-;-;-;-;-;-;690,473;-;-;-;-;-;-;-
DOLF31P007700;BRBMEFDE1KB6;FINANCIAL;-;-;-;-;-;-;-;-;-;730,043;-;-;-;-;-;-;-
DOLF31P007800;BRBMEFDE1KC4;FINANCIAL;-;-;-;-;-;-;-;-;-;770,392;-;-;-;-;-;-;-
DOLF31P007900;BRBMEFDE1KD2;FINANCIAL;-;-;-;-;-;-;-;-;-;811,484;-;-;-;-;-;-;-
DOLF31P008000;BRBMEFDE1KE0;FINANCIAL;-;-;-;-;-;-;-;-;-;853,285;-;-;-;-;-;-;-
DOLF31P008100;BRBMEFDE1KF7;FINANCIAL;-;-;-;-;-;-;-;-;-;895,761;-;-;-;-;-;-;-
DOLF31P008200;BRBMEFDE1KG5;FINANCIAL;-;-;-;-;-;-;-;-;-;938,881;-;-;-;-;-;-;-
DOLF31P008300;BRBMEFDE1KH3;FINANCIAL;-;-;-;-;-;-;-;-;-;982,613;-;-;-;-;-;-;-
DOLF31P008400;BRBMEFDE1KI1;FINANCIAL;-;-;-;-;-;-;-;-;-;1027,245;-;-;-;-;-;-;-
DOLF31P008500;BRBMEFDE1KJ9;FINANCIAL;-;-;-;-;-;-;-;-;-;1072,11;-;-;-;-;-;-;-
DOLF31P008600;BRBMEFDE1KK7;FINANCIAL;-;-;-;-;-;-;-;-;-;1117,189;-;-;-;-;-;-;-
DOLF31P008700;BRBMEFDE1KL5;FINANCIAL;-;-;-;-;-;-;-;-;-;1162,775;-;-;-;-;-;-;-
DOLG27C005250;BRBMEFDL01T6;FINANCIAL;-;-;-;-;-;-;-;-;-;206,231;-;-;-;-;-;-;-
DOLG27C005600;BRBMEFDL01U4;FINANCIAL;-;-;-;-;-;-;-;-;-;99,383;-;-;-;-;-;-;-
DOLG27C005750;BRBMEFDL01V2;FINANCIAL;-;-;-;-;-;-;-;-;-;72,034;-;-;-;-;-;-;-
DOLG27P005250;BRBMEFLD01V2;FINANCIAL;-;-;-;-;-;-;-;-;-;175,553;-;-;-;-;-;-;-
DOLG27P005600;BRBMEFLD01W0;FINANCIAL;-;-;-;-;-;-;-;-;-;397,142;-;-;-;-;-;-;-
DOLG27P005750;BRBMEFLD01X8;FINANCIAL;-;-;-;-;-;-;-;-;-;510,551;-;-;-;-;-;-;-
DOLG27C005400;BRBMEFDL01W0;FINANCIAL;-;-;-;-;-;-;-;-;-;150,923;-;-;-;-;-;-;-
DOLG27P005400;BRBMEFLD01Y6;FINANCIAL;-;-;-;-;-;-;-;-;-;261,004;-;-;-;-;-;-;-
DOLG27C004900;BRBMEFDL01X8;FINANCIAL;-;-;-;-;-;-;-;-;-;407,294;-;-;-;-;-;-;-
DOLG27C004950;BRBMEFDL01Y6;FINANCIAL;-;-;-;-;-;-;-;-;-;371,728;-;-;-;-;-;-;-
DOLG27C005000;BRBMEFDL01Z3;FINANCIAL;-;-;-;-;-;-;-;-;-;338,256;-;-;-;-;-;-;-
DOLG27C005050;BRBMEFDL0202;FINANCIAL;-;-;-;-;-;-;-;-;-;307,997;-;-;-;-;-;-;-
DOLG27C005100;BRBMEFDL0210;FINANCIAL;-;-;-;-;-;-;-;-;-;279,958;-;-;-;-;-;-;-
DOLG27C005150;BRBMEFDL0228;FINANCIAL;-;-;-;-;-;-;-;-;-;253,875;-;-;-;-;-;-;-
DOLG27C005200;BRBMEFDL0236;FINANCIAL;-;-;-;-;-;-;-;-;-;229,012;-;-;-;-;-;-;-
DOLG27C005300;BRBMEFDL0244;FINANCIAL;-;-;-;-;-;-;-;-;-;185,335;-;-;-;-;-;-;-
DOLG27C005350;BRBMEFDL0251;FINANCIAL;-;-;-;-;-;-;-;-;-;167,213;-;-;-;-;-;-;-
DOLG27C005450;BRBMEFDL0269;FINANCIAL;-;-;-;-;-;-;-;-;-;136,338;-;-;-;-;-;-;-
DOLG27C005500;BRBMEFDL0277;FINANCIAL;-;-;-;-;-;-;-;-;-;123,193;-;-;-;-;-;-;-
DOLG27P004900;BRBMEFLD01Z3;FINANCIAL;-;-;-;-;-;-;-;-;-;48,179;-;-;-;-;-;-;-
DOLG27P004950;BRBMEFLD0202;FINANCIAL;-;-;-;-;-;-;-;-;-;59,533;-;-;-;-;-;-;-
DOLG27P005000;BRBMEFLD0210;FINANCIAL;-;-;-;-;-;-;-;-;-;72,981;-;-;-;-;-;-;-
DOLG27P005050;BRBMEFLD0228;FINANCIAL;-;-;-;-;-;-;-;-;-;89,641;-;-;-;-;-;-;-
DOLG27P005100;BRBMEFLD0236;FINANCIAL;-;-;-;-;-;-;-;-;-;108,521;-;-;-;-;-;-;-
DOLG27P005150;BRBMEFLD0244;FINANCIAL;-;-;-;-;-;-;-;-;-;129,358;-;-;-;-;-;-;-
DOLG27P005200;BRBMEFLD0251;FINANCIAL;-;-;-;-;-;-;-;-;-;151,415;-;-;-;-;-;-;-
DOLG27P005300;BRBMEFLD0269;FINANCIAL;-;-;-;-;-;-;-;-;-;201,577;-;-;-;-;-;-;-
DOLG27P005350;BRBMEFLD0277;FINANCIAL;-;-;-;-;-;-;-;-;-;230,374;-;-;-;-;-;-;-
DOLG27P005450;BRBMEFLD0285;FINANCIAL;-;-;-;-;-;-;-;-;-;293,339;-;-;-;-;-;-;-
DOLG27P005500;BRBMEFLD0293;FINANCIAL;-;-;-;-;-;-;-;-;-;327,113;-;-;-;-;-;-;-
DOLG27C004400;BRBMEFDL0285;FINANCIAL;-;-;-;-;-;-;-;-;-;831,173;-;-;-;-;-;-;-
DOLG27C006200;BRBMEFDL0293;FINANCIAL;-;-;-;-;-;-;-;-;-;28,12;-;-;-;-;-;-;-
DOLG27P004400;BRBMEFLD02A4;FINANCIAL;-;-;-;-;-;-;-;-;-;2,863;-;-;-;-;-;-;-
DOLG27P006200;BRBMEFLD02B2;FINANCIAL;-;-;-;-;-;-;-;-;-;888,914;-;-;-;-;-;-;-
DOLF28C006750;BRBMEFCE1LG4;FINANCIAL;-;-;-;-;-;-;-;-;-;101,685;-;-;-;-;-;-;-
DOLF28P006750;BRBMEFDE1KM3;FINANCIAL;-;-;-;-;-;-;-;-;-;1017,771;-;-;-;-;-;-;-
DOLF29C007050;BRBMEFCE1LH2;FINANCIAL;-;-;-;-;-;-;-;-;-;207,609;-;-;-;-;-;-;-
DOLF29P007050;BRBMEFDE1KN1;FINANCIAL;-;-;-;-;-;-;-;-;-;904,495;-;-;-;-;-;-;-
DOLF31C007650;BRBMEFCE1LI0;FINANCIAL;-;-;-;-;-;-;-;-;-;414,737;-;-;-;-;-;-;-
DOLF31P007650;BRBMEFDE1KO9;FINANCIAL;-;-;-;-;-;-;-;-;-;710,158;-;-;-;-;-;-;-
DOLG27C006450;BRBMEFDL02A4;FINANCIAL;-;-;-;-;-;-;-;-;-;15,575;-;-;-;-;-;-;-
DOLG27P006450;BRBMEFLD02C0;FINANCIAL;-;-;-;-;-;-;-;-;-;1110,967;-;-;-;-;-;-;-
DOLN29C007350;BRBMEFCD6CO7;FINANCIAL;-;-;-;-;-;-;-;-;-;225,818;-;-;-;-;-;-;-
DOLN29P007350;BRBMEFVDRCO6;FINANCIAL;-;-;-;-;-;-;-;-;-;911,957;-;-;-;-;-;-;-
DOLQ27C006750;BRBMEFDA04D7;FINANCIAL;-;-;-;-;-;-;-;-;-;47,536;-;-;-;-;-;-;-
DOLQ27P006750;BRBMEFVA0492;FINANCIAL;-;-;-;-;-;-;-;-;-;1163,702;-;-;-;-;-;-;-
DOLH27C004900;BRBMEFPC01R3;FINANCIAL;-;-;-;-;-;-;-;-;-;432,196;-;-;-;-;-;-;-
DOLH27C004950;BRBMEFPC01S1;FINANCIAL;-;-;-;-;-;-;-;-;-;396,935;-;-;-;-;-;-;-
DOLH27C005000;BRBMEFPC01T9;FINANCIAL;-;-;-;-;-;-;-;-;-;363,189;-;-;-;-;-;-;-
DOLH27C005050;BRBMEFPC01U7;FINANCIAL;-;-;-;-;-;-;-;-;-;332,146;-;-;-;-;-;-;-
DOLH27C005100;BRBMEFPC01V5;FINANCIAL;-;-;-;-;-;-;-;-;-;302,971;-;-;-;-;-;-;-
DOLH27C005150;BRBMEFPC01W3;FINANCIAL;-;-;-;-;-;-;-;-;-;275,817;-;-;-;-;-;-;-
DOLH27C005200;BRBMEFPC01X1;FINANCIAL;-;-;-;-;-;-;-;-;-;250,975;-;-;-;-;-;-;-
DOLH27C005250;BRBMEFPC01Y9;FINANCIAL;-;-;-;-;-;-;-;-;-;228,441;-;-;-;-;-;-;-
DOLH27C005300;BRBMEFPC01Z6;FINANCIAL;-;-;-;-;-;-;-;-;-;207,725;-;-;-;-;-;-;-
DOLH27C005350;BRBMEFPC0209;FINANCIAL;-;-;-;-;-;-;-;-;-;188,738;-;-;-;-;-;-;-
DOLH27C005400;BRBMEFPC0217;FINANCIAL;-;-;-;-;-;-;-;-;-;171,68;-;-;-;-;-;-;-
DOLH27C005450;BRBMEFPC0225;FINANCIAL;-;-;-;-;-;-;-;-;-;156,296;-;-;-;-;-;-;-
DOLH27C005500;BRBMEFPC0233;FINANCIAL;-;-;-;-;-;-;-;-;-;142,181;-;-;-;-;-;-;-
DOLH27P004900;BRBMEFOP01X6;FINANCIAL;-;-;-;-;-;-;-;-;-;50,657;-;-;-;-;-;-;-
DOLH27P004950;BRBMEFOP01Y4;FINANCIAL;-;-;-;-;-;-;-;-;-;61,883;-;-;-;-;-;-;-
DOLH27P005000;BRBMEFOP01Z1;FINANCIAL;-;-;-;-;-;-;-;-;-;74,624;-;-;-;-;-;-;-
DOLH27P005050;BRBMEFOP0205;FINANCIAL;-;-;-;-;-;-;-;-;-;90,067;-;-;-;-;-;-;-
DOLH27P005100;BRBMEFOP0213;FINANCIAL;-;-;-;-;-;-;-;-;-;107,379;-;-;-;-;-;-;-
DOLH27P005150;BRBMEFOP0221;FINANCIAL;-;-;-;-;-;-;-;-;-;126,712;-;-;-;-;-;-;-
DOLH27P005200;BRBMEFOP0239;FINANCIAL;-;-;-;-;-;-;-;-;-;148,358;-;-;-;-;-;-;-
DOLH27P005250;BRBMEFOP0247;FINANCIAL;-;-;-;-;-;-;-;-;-;172,31;-;-;-;-;-;-;-
DOLH27P005300;BRBMEFOP0254;FINANCIAL;-;-;-;-;-;-;-;-;-;198,081;-;-;-;-;-;-;-
DOLH27P005350;BRBMEFOP0262;FINANCIAL;-;-;-;-;-;-;-;-;-;225,581;-;-;-;-;-;-;-
DOLH27P005400;BRBMEFOP0270;FINANCIAL;-;-;-;-;-;-;-;-;-;255,01;-;-;-;-;-;-;-
DOLH27P005450;BRBMEFOP0288;FINANCIAL;-;-;-;-;-;-;-;-;-;286,112;-;-;-;-;-;-;-
DOLH27P005500;BRBMEFOP0296;FINANCIAL;-;-;-;-;-;-;-;-;-;318,484;-;-;-;-;-;-;-
DOLJ27C004900;BRBMEFCL19C6;FINANCIAL;-;-;-;-;-;-;-;-;-;464,237;-;-;-;-;-;-;-
DOLJ27C004950;BRBMEFCL19D4;FINANCIAL;-;-;-;-;-;-;-;-;-;429,362;-;-;-;-;-;-;-
DOLJ27C005050;BRBMEFCL19E2;FINANCIAL;-;-;-;-;-;-;-;-;-;364,697;-;-;-;-;-;-;-
DOLJ27C005150;BRBMEFCL19F9;FINANCIAL;-;-;-;-;-;-;-;-;-;306,866;-;-;-;-;-;-;-
DOLJ27C005250;BRBMEFCL19G7;FINANCIAL;-;-;-;-;-;-;-;-;-;257,633;-;-;-;-;-;-;-
DOLJ27C005450;BRBMEFCL19H5;FINANCIAL;-;-;-;-;-;-;-;-;-;181,706;-;-;-;-;-;-;-
DOLJ27P004900;BRBMEFVDEA46;FINANCIAL;-;-;-;-;-;-;-;-;-;53,95;-;-;-;-;-;-;-
DOLJ27P004950;BRBMEFVDEA53;FINANCIAL;-;-;-;-;-;-;-;-;-;65,04;-;-;-;-;-;-;-
DOLJ27P005050;BRBMEFVDEA61;FINANCIAL;-;-;-;-;-;-;-;-;-;92,305;-;-;-;-;-;-;-
DOLJ27P005150;BRBMEFVDEA79;FINANCIAL;-;-;-;-;-;-;-;-;-;126,405;-;-;-;-;-;-;-
DOLJ27P005250;BRBMEFVDEA87;FINANCIAL;-;-;-;-;-;-;-;-;-;169,103;-;-;-;-;-;-;-
DOLJ27P005450;BRBMEFVDEA95;FINANCIAL;-;-;-;-;-;-;-;-;-;277,037;-;-;-;-;-;-;-
DOLH27C005550;BRBMEFPC0241;FINANCIAL;-;-;-;-;-;-;-;-;-;129,513;-;-;-;-;-;-;-
DOLH27C005800;BRBMEFPC0258;FINANCIAL;-;-;-;-;-;-;-;-;-;80,962;-;-;-;-;-;-;-
DOLH27C005850;BRBMEFPC0266;FINANCIAL;-;-;-;-;-;-;-;-;-;73,194;-;-;-;-;-;-;-
DOLH27P005550;BRBMEFOP02A2;FINANCIAL;-;-;-;-;-;-;-;-;-;352,303;-;-;-;-;-;-;-
DOLH27P005800;BRBMEFOP02B0;FINANCIAL;-;-;-;-;-;-;-;-;-;536,186;-;-;-;-;-;-;-
DOLH27P005850;BRBMEFOP02C8;FINANCIAL;-;-;-;-;-;-;-;-;-;574,905;-;-;-;-;-;-;-
DOLH27C005600;BRBMEFPC0274;FINANCIAL;-;-;-;-;-;-;-;-;-;117,635;-;-;-;-;-;-;-
DOLH27C005900;BRBMEFPC0282;FINANCIAL;-;-;-;-;-;-;-;-;-;66,177;-;-;-;-;-;-;-
DOLH27P005600;BRBMEFOP02D6;FINANCIAL;-;-;-;-;-;-;-;-;-;386,911;-;-;-;-;-;-;-
DOLH27P005900;BRBMEFOP02E4;FINANCIAL;-;-;-;-;-;-;-;-;-;614,375;-;-;-;-;-;-;-
DOLV28C005500;BRBMEFCD46M5;FINANCIAL;-;-;-;-;-;-;-;-;-;556,811;-;-;-;-;-;-;-
DOLV28C005600;BRBMEFCD46N3;FINANCIAL;-;-;-;-;-;-;-;-;-;511,853;-;-;-;-;-;-;-
DOLV28C005700;BRBMEFCD46O1;FINANCIAL;-;-;-;-;-;-;-;-;-;469,901;-;-;-;-;-;-;-
DOLV28C005800;BRBMEFCD46P8;FINANCIAL;-;-;-;-;-;-;-;-;-;432,224;-;-;-;-;-;-;-
DOLV28C005900;BRBMEFCD46Q6;FINANCIAL;-;-;-;-;-;-;-;-;-;398,067;-;-;-;-;-;-;-
DOLV28C006000;BRBMEFCD46R4;FINANCIAL;-;-;-;-;-;-;-;-;-;366,286;-;-;-;-;-;-;-
DOLV28C006100;BRBMEFCD46S2;FINANCIAL;-;-;-;-;-;-;-;-;-;337,265;-;-;-;-;-;-;-
DOLV28C006200;BRBMEFCD46T0;FINANCIAL;-;-;-;-;-;-;-;-;-;311,651;-;-;-;-;-;-;-
DOLV28C006300;BRBMEFCD46U8;FINANCIAL;-;-;-;-;-;-;-;-;-;288,486;-;-;-;-;-;-;-
DOLV28C006400;BRBMEFCD46V6;FINANCIAL;-;-;-;-;-;-;-;-;-;267,334;-;-;-;-;-;-;-
DOLV28C006500;BRBMEFCD46W4;FINANCIAL;-;-;-;-;-;-;-;-;-;248,032;-;-;-;-;-;-;-
DOLV28C006600;BRBMEFCD46X2;FINANCIAL;-;-;-;-;-;-;-;-;-;230,675;-;-;-;-;-;-;-
DOLV28C006700;BRBMEFCD46Y0;FINANCIAL;-;-;-;-;-;-;-;-;-;214,117;-;-;-;-;-;-;-
DOLV28C006800;BRBMEFCD46Z7;FINANCIAL;-;-;-;-;-;-;-;-;-;199,233;-;-;-;-;-;-;-
DOLV28C006900;BRBMEFCD4700;FINANCIAL;-;-;-;-;-;-;-;-;-;185,647;-;-;-;-;-;-;-
DOLV28C007000;BRBMEFCD4718;FINANCIAL;-;-;-;-;-;-;-;-;-;173,243;-;-;-;-;-;-;-
DOLV28P005500;BRBMEFVD46N3;FINANCIAL;-;-;-;-;-;-;-;-;-;185,619;-;-;-;-;-;-;-
DOLV28P005600;BRBMEFVD46O1;FINANCIAL;-;-;-;-;-;-;-;-;-;216,161;-;-;-;-;-;-;-
DOLV28P005700;BRBMEFVD46P8;FINANCIAL;-;-;-;-;-;-;-;-;-;249,71;-;-;-;-;-;-;-
DOLV28P005800;BRBMEFVD46Q6;FINANCIAL;-;-;-;-;-;-;-;-;-;287,534;-;-;-;-;-;-;-
DOLV28P005900;BRBMEFVD46R4;FINANCIAL;-;-;-;-;-;-;-;-;-;328,877;-;-;-;-;-;-;-
DOLV28P006000;BRBMEFVD46S2;FINANCIAL;-;-;-;-;-;-;-;-;-;372,596;-;-;-;-;-;-;-
DOLV28P006100;BRBMEFVD46T0;FINANCIAL;-;-;-;-;-;-;-;-;-;419,075;-;-;-;-;-;-;-
DOLV28P006200;BRBMEFVD46U8;FINANCIAL;-;-;-;-;-;-;-;-;-;468,963;-;-;-;-;-;-;-
DOLV28P006300;BRBMEFVD46V6;FINANCIAL;-;-;-;-;-;-;-;-;-;521,298;-;-;-;-;-;-;-
DOLV28P006400;BRBMEFVD46W4;FINANCIAL;-;-;-;-;-;-;-;-;-;575,647;-;-;-;-;-;-;-
DOLV28P006500;BRBMEFVD46X2;FINANCIAL;-;-;-;-;-;-;-;-;-;631,845;-;-;-;-;-;-;-
DOLV28P006600;BRBMEFVD46Y0;FINANCIAL;-;-;-;-;-;-;-;-;-;689,988;-;-;-;-;-;-;-
DOLV28P006700;BRBMEFVD46Z7;FINANCIAL;-;-;-;-;-;-;-;-;-;748,931;-;-;-;-;-;-;-
DOLV28P006800;BRBMEFVD4707;FINANCIAL;-;-;-;-;-;-;-;-;-;809,548;-;-;-;-;-;-;-
DOLV28P006900;BRBMEFVD4715;FINANCIAL;-;-;-;-;-;-;-;-;-;871,463;-;-;-;-;-;-;-
DOLV28P007000;BRBMEFVD4723;FINANCIAL;-;-;-;-;-;-;-;-;-;934,559;-;-;-;-;-;-;-
DOLJ27C004600;BRBMEFCL19I3;FINANCIAL;-;-;-;-;-;-;-;-;-;700,16;-;-;-;-;-;-;-
DOLJ27P004600;BRBMEFVDEAA7;FINANCIAL;-;-;-;-;-;-;-;-;-;14,08;-;-;-;-;-;-;-
DOLJ27C004250;BRBMEFCL19J1;FINANCIAL;-;-;-;-;-;-;-;-;-;1009,604;-;-;-;-;-;-;-
DOLJ27P004250;BRBMEFVDEAB5;FINANCIAL;-;-;-;-;-;-;-;-;-;1,767;-;-;-;-;-;-;-
DOLF27C004000;BRBMEFCE1LJ8;FINANCIAL;-;-;-;-;-;-;-;-;-;1184,646;-;-;-;-;-;-;-
DOLF27C004100;BRBMEFCE1LK6;FINANCIAL;-;-;-;-;-;-;-;-;-;1089,931;-;-;-;-;-;-;-
DOLF27C004200;BRBMEFCE1LL4;FINANCIAL;-;-;-;-;-;-;-;-;-;995,361;-;-;-;-;-;-;-
DOLF27C004300;BRBMEFCE1LM2;FINANCIAL;-;-;-;-;-;-;-;-;-;901,11;-;-;-;-;-;-;-
DOLF27C004700;BRBMEFCE1LN0;FINANCIAL;-;-;-;-;-;-;-;-;-;537,271;-;-;-;-;-;-;-
DOLF27C004900;BRBMEFCE1LO8;FINANCIAL;-;-;-;-;-;-;-;-;-;378,565;-;-;-;-;-;-;-
DOLF27P004000;BRBMEFDE1KP6;FINANCIAL;-;-;-;-;-;-;-;-;-;0,044;-;-;-;-;-;-;-
DOLF27P004100;BRBMEFDE1KQ4;FINANCIAL;-;-;-;-;-;-;-;-;-;0,134;-;-;-;-;-;-;-
DOLF27P004200;BRBMEFDE1KR2;FINANCIAL;-;-;-;-;-;-;-;-;-;0,369;-;-;-;-;-;-;-
DOLF27P004300;BRBMEFDE1KS0;FINANCIAL;-;-;-;-;-;-;-;-;-;0,924;-;-;-;-;-;-;-
DOLF27P004700;BRBMEFDE1KT8;FINANCIAL;-;-;-;-;-;-;-;-;-;16,304;-;-;-;-;-;-;-
DOLF27P004900;BRBMEFDE1KU6;FINANCIAL;-;-;-;-;-;-;-;-;-;47,209;-;-;-;-;-;-;-
DOLJ27C004450;BRBMEFCL19K9;FINANCIAL;-;-;-;-;-;-;-;-;-;830,222;-;-;-;-;-;-;-
DOLJ27P004450;BRBMEFVDEAC3;FINANCIAL;-;-;-;-;-;-;-;-;-;6,246;-;-;-;-;-;-;-
DOLN27C004900;BRBMEFCD6E71;FINANCIAL;-;-;-;-;-;-;-;-;-;546,395;-;-;-;-;-;-;-
DOLN27C004950;BRBMEFCD6E89;FINANCIAL;-;-;-;-;-;-;-;-;-;512,464;-;-;-;-;-;-;-
DOLN27P004900;BRBMEFVDRE70;FINANCIAL;-;-;-;-;-;-;-;-;-;60,131;-;-;-;-;-;-;-
DOLN27P004950;BRBMEFVDRE88;FINANCIAL;-;-;-;-;-;-;-;-;-;70,704;-;-;-;-;-;-;-
DOLV26C004550;BRBMEFCD4726;FINANCIAL;-;-;-;-;-;-;-;-;-;594,106;-;-;-;-;-;-;-
DOLV26C004600;BRBMEFCD4734;FINANCIAL;-;-;-;-;-;-;-;-;-;545,262;-;-;-;-;-;-;-
DOLV26C004650;BRBMEFCD4742;FINANCIAL;-;-;-;-;-;-;-;-;-;496,527;-;-;-;-;-;-;-
DOLV26C004700;BRBMEFCD4759;FINANCIAL;-;-;-;-;-;-;-;-;-;448,008;-;-;-;-;-;-;-
DOLV26C004750;BRBMEFCD4767;FINANCIAL;-;-;-;-;-;-;-;-;-;399,887;-;-;-;-;-;-;-
DOLV26C004800;BRBMEFCD4775;FINANCIAL;-;-;-;-;-;-;-;-;-;352,469;-;-;-;-;-;-;-
DOLV26C004850;BRBMEFCD4783;FINANCIAL;-;-;-;-;-;-;-;-;-;306,139;-;-;-;-;-;-;-
DOLV26C004900;BRBMEFCD4791;FINANCIAL;-;-;-;-;-;-;-;-;-;261,482;-;-;-;-;-;-;-
DOLV26C004950;BRBMEFCD47A8;FINANCIAL;-;-;-;-;-;-;-;-;-;219,422;-;-;-;-;-;-;-
DOLV26C005050;BRBMEFCD47B6;FINANCIAL;-;-;-;-;-;-;-;-;-;146,232;-;-;-;-;-;-;-
DOLV26C005150;BRBMEFCD47C4;FINANCIAL;-;-;-;-;-;-;-;-;-;93,926;-;-;-;-;-;-;-
DOLV26C005250;BRBMEFCD47D2;FINANCIAL;-;-;-;-;-;-;-;-;-;58,797;-;-;-;-;-;-;-
DOLV26C005350;BRBMEFCD47E0;FINANCIAL;-;-;-;-;-;-;-;-;-;38,12;-;-;-;-;-;-;-
DOLV26C005450;BRBMEFCD47F7;FINANCIAL;-;-;-;-;-;-;-;-;-;23,35;-;-;-;-;-;-;-
DOLV26C005550;BRBMEFCD47G5;FINANCIAL;-;-;-;-;-;-;-;-;-;14,405;-;-;-;-;-;-;-
DOLV26C005650;BRBMEFCD47H3;FINANCIAL;-;-;-;-;-;-;-;-;-;8,343;-;-;-;-;-;-;-
DOLV26P004550;BRBMEFVD4731;FINANCIAL;-;-;-;-;-;-;-;-;-;0,053;-;-;-;-;-;-;-
DOLV26P004600;BRBMEFVD4749;FINANCIAL;-;-;-;-;-;-;-;-;-;0,137;-;-;-;-;-;-;-
DOLV26P004650;BRBMEFVD4756;FINANCIAL;-;-;-;-;-;-;-;-;-;0,33;-;-;-;-;-;-;-
DOLV26P004700;BRBMEFVD4764;FINANCIAL;-;-;-;-;-;-;-;-;-;0,738;-;-;-;-;-;-;-
DOLV26P004750;BRBMEFVD4772;FINANCIAL;-;-;-;-;-;-;-;-;-;1,545;-;-;-;-;-;-;-
DOLV26P004800;BRBMEFVD4780;FINANCIAL;-;-;-;-;-;-;-;-;-;3,054;-;-;-;-;-;-;-
DOLV26P004850;BRBMEFVD4798;FINANCIAL;-;-;-;-;-;-;-;-;-;5,651;-;-;-;-;-;-;-
DOLV26P004900;BRBMEFVD47A8;FINANCIAL;9;9;9;9;9;1,12;-;-;-;9,922;-;-;-;-;1;400;180000
DOLV26P004950;BRBMEFVD47B6;FINANCIAL;-;-;-;-;-;-;-;-;-;16,789;-;-;-;-;-;-;-
DOLV26P005050;BRBMEFVD47C4;FINANCIAL;-;-;-;-;-;-;-;-;-;41,453;-;-;-;-;-;-;-
DOLV26P005150;BRBMEFVD47D2;FINANCIAL;-;-;-;-;-;-;-;-;-;87,002;-;-;-;-;-;-;-
DOLV26P005250;BRBMEFVD47E0;FINANCIAL;-;-;-;-;-;-;-;-;-;149,728;-;-;-;-;-;-;-
DOLV26P005350;BRBMEFVD47F7;FINANCIAL;-;-;-;-;-;-;-;-;-;226,906;-;-;-;-;-;-;-
DOLV26P005450;BRBMEFVD47G5;FINANCIAL;-;-;-;-;-;-;-;-;-;309,99;-;-;-;-;-;-;-
DOLV26P005550;BRBMEFVD47H3;FINANCIAL;-;-;-;-;-;-;-;-;-;398,9;-;-;-;-;-;-;-
DOLV26P005650;BRBMEFVD47I1;FINANCIAL;-;-;-;-;-;-;-;-;-;490,693;-;-;-;-;-;-;-
DOLK27C004950;BRBMEFCDI5S5;FINANCIAL;-;-;-;-;-;-;-;-;-;455,86;-;-;-;-;-;-;-
DOLK27C005000;BRBMEFCDI5T3;FINANCIAL;-;-;-;-;-;-;-;-;-;422,388;-;-;-;-;-;-;-
DOLK27C005050;BRBMEFCDI5U1;FINANCIAL;-;-;-;-;-;-;-;-;-;390,889;-;-;-;-;-;-;-
DOLK27C005100;BRBMEFCDI5V9;FINANCIAL;-;-;-;-;-;-;-;-;-;361,504;-;-;-;-;-;-;-
DOLK27C005150;BRBMEFCDI5W7;FINANCIAL;-;-;-;-;-;-;-;-;-;333,582;-;-;-;-;-;-;-
DOLK27C005200;BRBMEFCDI5X5;FINANCIAL;-;-;-;-;-;-;-;-;-;307,422;-;-;-;-;-;-;-
DOLK27C005250;BRBMEFCDI5Y3;FINANCIAL;-;-;-;-;-;-;-;-;-;283,51;-;-;-;-;-;-;-
DOLK27P004950;BRBMEFVDO5Q8;FINANCIAL;-;-;-;-;-;-;-;-;-;66,307;-;-;-;-;-;-;-
DOLK27P005000;BRBMEFVDO5R6;FINANCIAL;-;-;-;-;-;-;-;-;-;78,309;-;-;-;-;-;-;-
DOLK27P005050;BRBMEFVDO5S4;FINANCIAL;-;-;-;-;-;-;-;-;-;92,283;-;-;-;-;-;-;-
DOLK27P005100;BRBMEFVDO5T2;FINANCIAL;-;-;-;-;-;-;-;-;-;108,372;-;-;-;-;-;-;-
DOLK27P005150;BRBMEFVDO5U0;FINANCIAL;-;-;-;-;-;-;-;-;-;125,924;-;-;-;-;-;-;-
DOLK27P005200;BRBMEFVDO5V8;FINANCIAL;-;-;-;-;-;-;-;-;-;145,237;-;-;-;-;-;-;-
DOLK27P005250;BRBMEFVDO5W6;FINANCIAL;-;-;-;-;-;-;-;-;-;166,799;-;-;-;-;-;-;-
DOLG27C005800;BRBMEFDL02B2;FINANCIAL;-;-;-;-;-;-;-;-;-;64,571;-;-;-;-;-;-;-
DOLG27P005800;BRBMEFLD02D8;FINANCIAL;-;-;-;-;-;-;-;-;-;550,008;-;-;-;-;-;-;-
DOLK27C005300;BRBMEFCDI5Z0;FINANCIAL;-;-;-;-;-;-;-;-;-;261,365;-;-;-;-;-;-;-
DOLK27C005350;BRBMEFCDI604;FINANCIAL;-;-;-;-;-;-;-;-;-;240,942;-;-;-;-;-;-;-
DOLK27C005400;BRBMEFCDI612;FINANCIAL;-;-;-;-;-;-;-;-;-;221,845;-;-;-;-;-;-;-
DOLK27C005450;BRBMEFCDI620;FINANCIAL;-;-;-;-;-;-;-;-;-;204,502;-;-;-;-;-;-;-
DOLK27C005500;BRBMEFCDI638;FINANCIAL;-;-;-;-;-;-;-;-;-;188,67;-;-;-;-;-;-;-
DOLK27C005550;BRBMEFCDI646;FINANCIAL;-;-;-;-;-;-;-;-;-;174,097;-;-;-;-;-;-;-
DOLK27C005600;BRBMEFCDI653;FINANCIAL;-;-;-;-;-;-;-;-;-;160,861;-;-;-;-;-;-;-
DOLK27C005650;BRBMEFCDI661;FINANCIAL;-;-;-;-;-;-;-;-;-;148,554;-;-;-;-;-;-;-
DOLK27C005700;BRBMEFCDI679;FINANCIAL;-;-;-;-;-;-;-;-;-;137,104;-;-;-;-;-;-;-
DOLK27C005750;BRBMEFCDI687;FINANCIAL;-;-;-;-;-;-;-;-;-;126,599;-;-;-;-;-;-;-
DOLK27C005800;BRBMEFCDI695;FINANCIAL;-;-;-;-;-;-;-;-;-;116,82;-;-;-;-;-;-;-
DOLK27C005850;BRBMEFCDI6A1;FINANCIAL;-;-;-;-;-;-;-;-;-;108,138;-;-;-;-;-;-;-
DOLK27C005900;BRBMEFCDI6B9;FINANCIAL;-;-;-;-;-;-;-;-;-;100,049;-;-;-;-;-;-;-
DOLK27C005950;BRBMEFCDI6C7;FINANCIAL;-;-;-;-;-;-;-;-;-;92,639;-;-;-;-;-;-;-
DOLK27C006000;BRBMEFCDI6D5;FINANCIAL;-;-;-;-;-;-;-;-;-;85,082;-;-;-;-;-;-;-
DOLK27C006050;BRBMEFCDI6E3;FINANCIAL;-;-;-;-;-;-;-;-;-;78,153;-;-;-;-;-;-;-
DOLK27C006100;BRBMEFCDI6F0;FINANCIAL;-;-;-;-;-;-;-;-;-;71,923;-;-;-;-;-;-;-
DOLK27C006150;BRBMEFCDI6G8;FINANCIAL;-;-;-;-;-;-;-;-;-;66,104;-;-;-;-;-;-;-
DOLK27C006200;BRBMEFCDI6H6;FINANCIAL;-;-;-;-;-;-;-;-;-;60,884;-;-;-;-;-;-;-
DOLK27C006250;BRBMEFCDI6I4;FINANCIAL;-;-;-;-;-;-;-;-;-;56,002;-;-;-;-;-;-;-
DOLK27C006300;BRBMEFCDI6J2;FINANCIAL;-;-;-;-;-;-;-;-;-;51,633;-;-;-;-;-;-;-
DOLK27C006350;BRBMEFCDI6K0;FINANCIAL;-;-;-;-;-;-;-;-;-;47,633;-;-;-;-;-;-;-
DOLK27C006400;BRBMEFCDI6L8;FINANCIAL;-;-;-;-;-;-;-;-;-;43,883;-;-;-;-;-;-;-
DOLK27C006450;BRBMEFCDI6M6;FINANCIAL;-;-;-;-;-;-;-;-;-;40,535;-;-;-;-;-;-;-
DOLK27C006500;BRBMEFCDI6N4;FINANCIAL;-;-;-;-;-;-;-;-;-;37,47;-;-;-;-;-;-;-
DOLK27C006550;BRBMEFCDI6O2;FINANCIAL;-;-;-;-;-;-;-;-;-;34,663;-;-;-;-;-;-;-
DOLK27C006600;BRBMEFCDI6P9;FINANCIAL;-;-;-;-;-;-;-;-;-;32,018;-;-;-;-;-;-;-
DOLK27C006650;BRBMEFCDI6Q7;FINANCIAL;-;-;-;-;-;-;-;-;-;29,252;-;-;-;-;-;-;-
DOLK27C006700;BRBMEFCDI6R5;FINANCIAL;-;-;-;-;-;-;-;-;-;26,727;-;-;-;-;-;-;-
DOLK27C006750;BRBMEFCDI6S3;FINANCIAL;-;-;-;-;-;-;-;-;-;24,422;-;-;-;-;-;-;-
DOLK27C006800;BRBMEFCDI6T1;FINANCIAL;-;-;-;-;-;-;-;-;-;22,318;-;-;-;-;-;-;-
DOLK27C006850;BRBMEFCDI6U9;FINANCIAL;-;-;-;-;-;-;-;-;-;20,399;-;-;-;-;-;-;-
DOLK27C006900;BRBMEFCDI6V7;FINANCIAL;-;-;-;-;-;-;-;-;-;18,648;-;-;-;-;-;-;-
DOLK27C006950;BRBMEFCDI6W5;FINANCIAL;-;-;-;-;-;-;-;-;-;17,051;-;-;-;-;-;-;-
DOLK27C007000;BRBMEFCDI6X3;FINANCIAL;-;-;-;-;-;-;-;-;-;15,639;-;-;-;-;-;-;-
DOLK27P005300;BRBMEFVDO5X4;FINANCIAL;-;-;-;-;-;-;-;-;-;190,128;-;-;-;-;-;-;-
DOLK27P005350;BRBMEFVDO5Y2;FINANCIAL;-;-;-;-;-;-;-;-;-;215,179;-;-;-;-;-;-;-
DOLK27P005400;BRBMEFVDO5Z9;FINANCIAL;-;-;-;-;-;-;-;-;-;241,555;-;-;-;-;-;-;-
DOLK27P005450;BRBMEFVDO602;FINANCIAL;-;-;-;-;-;-;-;-;-;269,686;-;-;-;-;-;-;-
DOLK27P005500;BRBMEFVDO610;FINANCIAL;-;-;-;-;-;-;-;-;-;299,328;-;-;-;-;-;-;-
DOLK27P005550;BRBMEFVDO628;FINANCIAL;-;-;-;-;-;-;-;-;-;330,228;-;-;-;-;-;-;-
DOLK27P005600;BRBMEFVDO636;FINANCIAL;-;-;-;-;-;-;-;-;-;362,466;-;-;-;-;-;-;-
DOLK27P005650;BRBMEFVDO644;FINANCIAL;-;-;-;-;-;-;-;-;-;395,632;-;-;-;-;-;-;-
DOLK27P005700;BRBMEFVDO651;FINANCIAL;-;-;-;-;-;-;-;-;-;429,657;-;-;-;-;-;-;-
DOLK27P005750;BRBMEFVDO669;FINANCIAL;-;-;-;-;-;-;-;-;-;464,626;-;-;-;-;-;-;-
DOLK27P005800;BRBMEFVDO677;FINANCIAL;-;-;-;-;-;-;-;-;-;500,32;-;-;-;-;-;-;-
DOLK27P005850;BRBMEFVDO685;FINANCIAL;-;-;-;-;-;-;-;-;-;537,112;-;-;-;-;-;-;-
DOLK27P005900;BRBMEFVDO693;FINANCIAL;-;-;-;-;-;-;-;-;-;574,496;-;-;-;-;-;-;-
DOLK27P005950;BRBMEFVDO6A0;FINANCIAL;-;-;-;-;-;-;-;-;-;612,56;-;-;-;-;-;-;-
DOLK27P006000;BRBMEFVDO6B8;FINANCIAL;-;-;-;-;-;-;-;-;-;650,476;-;-;-;-;-;-;-
DOLK27P006050;BRBMEFVDO6C6;FINANCIAL;-;-;-;-;-;-;-;-;-;689,022;-;-;-;-;-;-;-
DOLK27P006100;BRBMEFVDO6D4;FINANCIAL;-;-;-;-;-;-;-;-;-;728,265;-;-;-;-;-;-;-
DOLK27P006150;BRBMEFVDO6E2;FINANCIAL;-;-;-;-;-;-;-;-;-;767,92;-;-;-;-;-;-;-
DOLK27P006200;BRBMEFVDO6F9;FINANCIAL;-;-;-;-;-;-;-;-;-;808,173;-;-;-;-;-;-;-
DOLK27P006250;BRBMEFVDO6G7;FINANCIAL;-;-;-;-;-;-;-;-;-;848,765;-;-;-;-;-;-;-
DOLK27P006300;BRBMEFVDO6H5;FINANCIAL;-;-;-;-;-;-;-;-;-;889,869;-;-;-;-;-;-;-
DOLK27P006350;BRBMEFVDO6I3;FINANCIAL;-;-;-;-;-;-;-;-;-;931,343;-;-;-;-;-;-;-
DOLK27P006400;BRBMEFVDO6J1;FINANCIAL;-;-;-;-;-;-;-;-;-;973,067;-;-;-;-;-;-;-
DOLK27P006450;BRBMEFVDO6K9;FINANCIAL;-;-;-;-;-;-;-;-;-;1015,193;-;-;-;-;-;-;-
DOLK27P006500;BRBMEFVDO6L7;FINANCIAL;-;-;-;-;-;-;-;-;-;1057,601;-;-;-;-;-;-;-
DOLK27P006550;BRBMEFVDO6M5;FINANCIAL;-;-;-;-;-;-;-;-;-;1100,268;-;-;-;-;-;-;-
DOLK27P006600;BRBMEFVDO6N3;FINANCIAL;-;-;-;-;-;-;-;-;-;1143,097;-;-;-;-;-;-;-
DOLK27P006650;BRBMEFVDO6O1;FINANCIAL;-;-;-;-;-;-;-;-;-;1185,805;-;-;-;-;-;-;-
DOLK27P006700;BRBMEFVDO6P8;FINANCIAL;-;-;-;-;-;-;-;-;-;1228,753;-;-;-;-;-;-;-
DOLK27P006750;BRBMEFVDO6Q6;FINANCIAL;-;-;-;-;-;-;-;-;-;1271,921;-;-;-;-;-;-;-
DOLK27P006800;BRBMEFVDO6R4;FINANCIAL;-;-;-;-;-;-;-;-;-;1315,291;-;-;-;-;-;-;-
DOLK27P006850;BRBMEFVDO6S2;FINANCIAL;-;-;-;-;-;-;-;-;-;1358,846;-;-;-;-;-;-;-
DOLK27P006900;BRBMEFVDO6T0;FINANCIAL;-;-;-;-;-;-;-;-;-;1402,569;-;-;-;-;-;-;-
DOLK27P006950;BRBMEFVDO6U8;FINANCIAL;-;-;-;-;-;-;-;-;-;1446,445;-;-;-;-;-;-;-
DOLK27P007000;BRBMEFVDO6V6;FINANCIAL;-;-;-;-;-;-;-;-;-;1490,507;-;-;-;-;-;-;-
DOLK27C004300;BRBMEFCDI6Y1;FINANCIAL;-;-;-;-;-;-;-;-;-;984,069;-;-;-;-;-;-;-
DOLK27P004300;BRBMEFVDO6W4;FINANCIAL;-;-;-;-;-;-;-;-;-;3,359;-;-;-;-;-;-;-
DOLM27C004900;BRBMEFDM04B6;FINANCIAL;-;-;-;-;-;-;-;-;-;517,041;-;-;-;-;-;-;-
DOLM27C004950;BRBMEFDM04C4;FINANCIAL;-;-;-;-;-;-;-;-;-;482,818;-;-;-;-;-;-;-
DOLM27C005000;BRBMEFDM04D2;FINANCIAL;-;-;-;-;-;-;-;-;-;450,037;-;-;-;-;-;-;-
DOLM27C005050;BRBMEFDM04E0;FINANCIAL;-;-;-;-;-;-;-;-;-;418,487;-;-;-;-;-;-;-
DOLM27C005100;BRBMEFDM04F7;FINANCIAL;-;-;-;-;-;-;-;-;-;388,634;-;-;-;-;-;-;-
DOLM27C005150;BRBMEFDM04G5;FINANCIAL;-;-;-;-;-;-;-;-;-;360,235;-;-;-;-;-;-;-
DOLM27C005200;BRBMEFDM04H3;FINANCIAL;-;-;-;-;-;-;-;-;-;333,303;-;-;-;-;-;-;-
DOLM27C005250;BRBMEFDM04I1;FINANCIAL;-;-;-;-;-;-;-;-;-;308,174;-;-;-;-;-;-;-
DOLM27C005300;BRBMEFDM04J9;FINANCIAL;-;-;-;-;-;-;-;-;-;285,715;-;-;-;-;-;-;-
DOLM27C005350;BRBMEFDM04K7;FINANCIAL;-;-;-;-;-;-;-;-;-;264,569;-;-;-;-;-;-;-
DOLM27C005400;BRBMEFDM04L5;FINANCIAL;-;-;-;-;-;-;-;-;-;245,025;-;-;-;-;-;-;-
DOLM27C005450;BRBMEFDM04M3;FINANCIAL;-;-;-;-;-;-;-;-;-;226,849;-;-;-;-;-;-;-
DOLM27C005500;BRBMEFDM04N1;FINANCIAL;-;-;-;-;-;-;-;-;-;210,326;-;-;-;-;-;-;-
DOLM27P004900;BRBMEFPV04B1;FINANCIAL;-;-;-;-;-;-;-;-;-;58,411;-;-;-;-;-;-;-
DOLM27P004950;BRBMEFPV04C9;FINANCIAL;-;-;-;-;-;-;-;-;-;69,198;-;-;-;-;-;-;-
DOLM27P005000;BRBMEFPV04D7;FINANCIAL;-;-;-;-;-;-;-;-;-;81,426;-;-;-;-;-;-;-
DOLM27P005050;BRBMEFPV04E5;FINANCIAL;-;-;-;-;-;-;-;-;-;94,886;-;-;-;-;-;-;-
DOLM27P005100;BRBMEFPV04F2;FINANCIAL;-;-;-;-;-;-;-;-;-;110,043;-;-;-;-;-;-;-
DOLM27P005150;BRBMEFPV04G0;FINANCIAL;-;-;-;-;-;-;-;-;-;126,654;-;-;-;-;-;-;-
DOLM27P005200;BRBMEFPV04H8;FINANCIAL;-;-;-;-;-;-;-;-;-;144,731;-;-;-;-;-;-;-
DOLM27P005250;BRBMEFPV04I6;FINANCIAL;-;-;-;-;-;-;-;-;-;164,612;-;-;-;-;-;-;-
DOLM27P005300;BRBMEFPV04J4;FINANCIAL;-;-;-;-;-;-;-;-;-;187,162;-;-;-;-;-;-;-
DOLM27P005350;BRBMEFPV04K2;FINANCIAL;-;-;-;-;-;-;-;-;-;211,025;-;-;-;-;-;-;-
DOLM27P005400;BRBMEFPV04L0;FINANCIAL;-;-;-;-;-;-;-;-;-;236,491;-;-;-;-;-;-;-
DOLM27P005450;BRBMEFPV04M8;FINANCIAL;-;-;-;-;-;-;-;-;-;263,325;-;-;-;-;-;-;-
DOLM27P005500;BRBMEFPV04N6;FINANCIAL;-;-;-;-;-;-;-;-;-;291,812;-;-;-;-;-;-;-
DOLQ26C004625;BRBMEFDA04E5;FINANCIAL;-;-;-;-;-;-;-;-;-;452,3;-;-;-;-;-;-;-
DOLQ26C004675;BRBMEFDA04F2;FINANCIAL;-;-;-;-;-;-;-;-;-;402,3;-;-;-;-;-;-;-
DOLQ26C004700;BRBMEFDA04G0;FINANCIAL;-;-;-;-;-;-;-;-;-;377,3;-;-;-;-;-;-;-
DOLQ26C004725;BRBMEFDA04H8;FINANCIAL;-;-;-;-;-;-;-;-;-;352,3;-;-;-;-;-;-;-
DOLQ26C004750;BRBMEFDA04I6;FINANCIAL;-;-;-;-;-;-;-;-;-;327,3;-;-;-;-;-;-;-
DOLQ26C004775;BRBMEFDA04J4;FINANCIAL;-;-;-;-;-;-;-;-;-;302,3;-;-;-;-;-;-;-
DOLQ26C004800;BRBMEFDA04K2;FINANCIAL;-;-;-;-;-;-;-;-;-;277,3;-;-;-;-;-;-;-
DOLQ26C004825;BRBMEFDA04L0;FINANCIAL;-;-;-;-;-;-;-;-;-;252,3;-;-;-;-;-;-;-
DOLQ26C004850;BRBMEFDA04M8;FINANCIAL;-;-;-;-;-;-;-;-;-;227,3;-;-;-;-;-;-;-
DOLQ26C004875;BRBMEFDA04N6;FINANCIAL;-;-;-;-;-;-;-;-;-;202,3;-;-;-;-;-;-;-
DOLQ26C004900;BRBMEFDA04O4;FINANCIAL;-;-;-;-;-;-;-;-;-;177,3;-;-;-;-;-;-;-
DOLQ26C004925;BRBMEFDA04P1;FINANCIAL;-;-;-;-;-;-;-;-;-;152,3;-;-;-;-;-;-;-
DOLQ26C004975;BRBMEFDA04Q9;FINANCIAL;-;-;-;-;-;-;-;-;-;102,3;-;-;-;-;-;-;-
DOLQ26C005025;BRBMEFDA04R7;FINANCIAL;-;-;-;-;-;-;-;-;-;52,3;-;-;-;-;-;-;-
DOLQ26C005075;BRBMEFDA04S5;FINANCIAL;-;-;-;-;-;-;-;-;-;2,3;-;-;-;-;-;-;-
DOLQ26C005125;BRBMEFDA04T3;FINANCIAL;-;-;-;-;-;-;-;-;-;0,001;-;-;-;-;-;-;-
DOLQ26C005175;BRBMEFDA04U1;FINANCIAL;-;-;-;-;-;-;-;-;-;0,001;-;-;-;-;-;-;-
DOLQ26C005225;BRBMEFDA04V9;FINANCIAL;-;-;-;-;-;-;-;-;-;0,001;-;-;-;-;-;-;-
DOLQ26C005275;BRBMEFDA04W7;FINANCIAL;-;-;-;-;-;-;-;-;-;0,001;-;-;-;-;-;-;-
DOLQ26C005325;BRBMEFDA04X5;FINANCIAL;-;-;-;-;-;-;-;-;-;0,001;-;-;-;-;-;-;-
DOLQ26C005375;BRBMEFDA04Y3;FINANCIAL;-;-;-;-;-;-;-;-;-;0,001;-;-;-;-;-;-;-
DOLQ26C005425;BRBMEFDA04Z0;FINANCIAL;-;-;-;-;-;-;-;-;-;0,001;-;-;-;-;-;-;-
DOLQ26C005475;BRBMEFDA0502;FINANCIAL;-;-;-;-;-;-;-;-;-;0,001;-;-;-;-;-;-;-
DOLQ26P004625;BRBMEFVA04A5;FINANCIAL;-;-;-;-;-;-;-;-;-;0,001;-;-;-;-;-;-;-
DOLQ26P004675;BRBMEFVA04B3;FINANCIAL;-;-;-;-;-;-;-;-;-;0,001;-;-;-;-;-;-;-
DOLQ26P004700;BRBMEFVA04C1;FINANCIAL;-;-;-;-;-;-;-;-;-;0,001;-;-;-;-;-;-;-
DOLQ26P004725;BRBMEFVA04D9;FINANCIAL;-;-;-;-;-;-;-;-;-;0,001;-;-;-;-;-;-;-
DOLQ26P004750;BRBMEFVA04E7;FINANCIAL;-;-;-;-;-;-;-;-;-;0,001;-;-;-;-;-;-;-
DOLQ26P004775;BRBMEFVA04F4;FINANCIAL;-;-;-;-;-;-;-;-;-;0,001;-;-;-;-;-;-;-
DOLQ26P004800;BRBMEFVA04G2;FINANCIAL;-;-;-;-;-;-;-;-;-;0,001;-;-;-;-;-;-;-
DOLQ26P004825;BRBMEFVA04H0;FINANCIAL;-;-;-;-;-;-;-;-;-;0,001;-;-;-;-;-;-;-
DOLQ26P004850;BRBMEFVA04I8;FINANCIAL;-;-;-;-;-;-;-;-;-;0,001;-;-;-;-;-;-;-
DOLQ26P004875;BRBMEFVA04J6;FINANCIAL;-;-;-;-;-;-;-;-;-;0,001;-;-;-;-;-;-;-
DOLQ26P004900;BRBMEFVA04K4;FINANCIAL;-;-;-;-;-;-;-;-;-;0,001;-;-;-;-;-;-;-
DOLQ26P004925;BRBMEFVA04L2;FINANCIAL;-;-;-;-;-;-;-;-;-;0,001;-;-;-;-;-;-;-
DOLQ26P004975;BRBMEFVA04M0;FINANCIAL;-;-;-;-;-;-;-;-;-;0,001;-;-;-;-;-;-;-
DOLQ26P005025;BRBMEFVA04N8;FINANCIAL;-;-;-;-;-;-;-;-;-;0,001;-;-;-;-;-;-;-
DOLQ26P005075;BRBMEFVA04O6;FINANCIAL;-;-;-;-;-;-;-;-;-;0,001;-;-;-;-;-;-;-
DOLQ26P005125;BRBMEFVA04P3;FINANCIAL;-;-;-;-;-;-;-;-;-;47,7;-;-;-;-;-;-;-
DOLQ26P005175;BRBMEFVA04Q1;FINANCIAL;-;-;-;-;-;-;-;-;-;97,7;-;-;-;-;-;-;-
DOLQ26P005225;BRBMEFVA04R9;FINANCIAL;-;-;-;-;-;-;-;-;-;147,7;-;-;-;-;-;-;-
DOLQ26P005275;BRBMEFVA04S7;FINANCIAL;-;-;-;-;-;-;-;-;-;197,7;-;-;-;-;-;-;-
DOLQ26P005325;BRBMEFVA04T5;FINANCIAL;-;-;-;-;-;-;-;-;-;247,7;-;-;-;-;-;-;-
DOLQ26P005375;BRBMEFVA04U3;FINANCIAL;-;-;-;-;-;-;-;-;-;297,7;-;-;-;-;-;-;-
DOLQ26P005425;BRBMEFVA04V1;FINANCIAL;-;-;-;-;-;-;-;-;-;347,7;-;-;-;-;-;-;-
DOLQ26P005475;BRBMEFVA04W9;FINANCIAL;-;-;-;-;-;-;-;-;-;397,7;-;-;-;-;-;-;-
DOLH27C006000;BRBMEFPC0290;FINANCIAL;-;-;-;-;-;-;-;-;-;54,131;-;-;-;-;-;-;-
DOLH27P006000;BRBMEFOP02F1;FINANCIAL;-;-;-;-;-;-;-;-;-;695,302;-;-;-;-;-;-;-
DOLM27C005600;BRBMEFDM04O9;FINANCIAL;-;-;-;-;-;-;-;-;-;180,898;-;-;-;-;-;-;-
DOLM27P005600;BRBMEFPV04O4;FINANCIAL;-;-;-;-;-;-;-;-;-;352,403;-;-;-;-;-;-;-
DOLM27C004400;BRBMEFDM04P6;FINANCIAL;-;-;-;-;-;-;-;-;-;915,686;-;-;-;-;-;-;-
DOLM27C006250;BRBMEFDM04Q4;FINANCIAL;-;-;-;-;-;-;-;-;-;67,69;-;-;-;-;-;-;-
DOLM27P004400;BRBMEFPV04P1;FINANCIAL;-;-;-;-;-;-;-;-;-;6,961;-;-;-;-;-;-;-
DOLM27P006250;BRBMEFPV04Q9;FINANCIAL;-;-;-;-;-;-;-;-;-;824,319;-;-;-;-;-;-;-
DOLQ26C005525;BRBMEFDA0510;FINANCIAL;-;-;-;-;-;-;-;-;-;0,001;-;-;-;-;-;-;-
DOLQ26C005575;BRBMEFDA0528;FINANCIAL;-;-;-;-;-;-;-;-;-;0,001;-;-;-;-;-;-;-
DOLQ26C005625;BRBMEFDA0536;FINANCIAL;-;-;-;-;-;-;-;-;-;0,001;-;-;-;-;-;-;-
DOLQ26C005675;BRBMEFDA0544;FINANCIAL;-;-;-;-;-;-;-;-;-;0,001;-;-;-;-;-;-;-
DOLQ26C005725;BRBMEFDA0551;FINANCIAL;-;-;-;-;-;-;-;-;-;0,001;-;-;-;-;-;-;-
DOLQ26C005775;BRBMEFDA0569;FINANCIAL;-;-;-;-;-;-;-;-;-;0,001;-;-;-;-;-;-;-
DOLQ26C005825;BRBMEFDA0577;FINANCIAL;-;-;-;-;-;-;-;-;-;0,001;-;-;-;-;-;-;-
DOLQ26C005875;BRBMEFDA0585;FINANCIAL;-;-;-;-;-;-;-;-;-;0,001;-;-;-;-;-;-;-
DOLQ26C005925;BRBMEFDA0593;FINANCIAL;-;-;-;-;-;-;-;-;-;0,001;-;-;-;-;-;-;-
DOLQ26C005975;BRBMEFDA05A0;FINANCIAL;-;-;-;-;-;-;-;-;-;0,001;-;-;-;-;-;-;-
DOLQ26C006025;BRBMEFDA05B8;FINANCIAL;-;-;-;-;-;-;-;-;-;0,001;-;-;-;-;-;-;-
DOLQ26C006075;BRBMEFDA05C6;FINANCIAL;-;-;-;-;-;-;-;-;-;0,001;-;-;-;-;-;-;-
DOLQ26C006125;BRBMEFDA05D4;FINANCIAL;-;-;-;-;-;-;-;-;-;0,001;-;-;-;-;-;-;-
DOLQ26C006175;BRBMEFDA05E2;FINANCIAL;-;-;-;-;-;-;-;-;-;0,001;-;-;-;-;-;-;-
DOLQ26C006225;BRBMEFDA05F9;FINANCIAL;-;-;-;-;-;-;-;-;-;0,001;-;-;-;-;-;-;-
DOLQ26C006275;BRBMEFDA05G7;FINANCIAL;-;-;-;-;-;-;-;-;-;0,001;-;-;-;-;-;-;-
DOLQ26C006325;BRBMEFDA05H5;FINANCIAL;-;-;-;-;-;-;-;-;-;0,001;-;-;-;-;-;-;-
DOLQ26C006375;BRBMEFDA05I3;FINANCIAL;-;-;-;-;-;-;-;-;-;0,001;-;-;-;-;-;-;-
DOLQ26C006425;BRBMEFDA05J1;FINANCIAL;-;-;-;-;-;-;-;-;-;0,001;-;-;-;-;-;-;-
DOLQ26C006475;BRBMEFDA05K9;FINANCIAL;-;-;-;-;-;-;-;-;-;0,001;-;-;-;-;-;-;-
DOLQ26C006525;BRBMEFDA05L7;FINANCIAL;-;-;-;-;-;-;-;-;-;0,001;-;-;-;-;-;-;-
DOLQ26C006550;BRBMEFDA05M5;FINANCIAL;-;-;-;-;-;-;-;-;-;0,001;-;-;-;-;-;-;-
DOLQ26C006575;BRBMEFDA05N3;FINANCIAL;-;-;-;-;-;-;-;-;-;0,001;-;-;-;-;-;-;-
DOLQ26C006600;BRBMEFDA05O1;FINANCIAL;-;-;-;-;-;-;-;-;-;0,001;-;-;-;-;-;-;-
DOLQ26C006625;BRBMEFDA05P8;FINANCIAL;-;-;-;-;-;-;-;-;-;0,001;-;-;-;-;-;-;-
DOLQ26C006650;BRBMEFDA05Q6;FINANCIAL;-;-;-;-;-;-;-;-;-;0,001;-;-;-;-;-;-;-
DOLQ26C006675;BRBMEFDA05R4;FINANCIAL;-;-;-;-;-;-;-;-;-;0,001;-;-;-;-;-;-;-
DOLQ26C006725;BRBMEFDA05S2;FINANCIAL;-;-;-;-;-;-;-;-;-;0,001;-;-;-;-;-;-;-
DOLQ26C006775;BRBMEFDA05T0;FINANCIAL;-;-;-;-;-;-;-;-;-;0,001;-;-;-;-;-;-;-
DOLQ26C006800;BRBMEFDA05U8;FINANCIAL;-;-;-;-;-;-;-;-;-;0,001;-;-;-;-;-;-;-
DOLQ26C006825;BRBMEFDA05V6;FINANCIAL;-;-;-;-;-;-;-;-;-;0,001;-;-;-;-;-;-;-
DOLQ26C006850;BRBMEFDA05W4;FINANCIAL;-;-;-;-;-;-;-;-;-;0,001;-;-;-;-;-;-;-
DOLQ26C006875;BRBMEFDA05X2;FINANCIAL;-;-;-;-;-;-;-;-;-;0,001;-;-;-;-;-;-;-
DOLQ26C006900;BRBMEFDA05Y0;FINANCIAL;-;-;-;-;-;-;-;-;-;0,001;-;-;-;-;-;-;-
DOLQ26C006925;BRBMEFDA05Z7;FINANCIAL;-;-;-;-;-;-;-;-;-;0,001;-;-;-;-;-;-;-
DOLQ26C006950;BRBMEFDA0601;FINANCIAL;-;-;-;-;-;-;-;-;-;0,001;-;-;-;-;-;-;-
DOLQ26C006975;BRBMEFDA0619;FINANCIAL;-;-;-;-;-;-;-;-;-;0,001;-;-;-;-;-;-;-
DOLQ26P005525;BRBMEFVA04X7;FINANCIAL;-;-;-;-;-;-;-;-;-;447,7;-;-;-;-;-;-;-
DOLQ26P005575;BRBMEFVA04Y5;FINANCIAL;-;-;-;-;-;-;-;-;-;497,7;-;-;-;-;-;-;-
DOLQ26P005625;BRBMEFVA04Z2;FINANCIAL;-;-;-;-;-;-;-;-;-;547,7;-;-;-;-;-;-;-
DOLQ26P005675;BRBMEFVA0500;FINANCIAL;-;-;-;-;-;-;-;-;-;597,7;-;-;-;-;-;-;-
DOLQ26P005725;BRBMEFVA0518;FINANCIAL;-;-;-;-;-;-;-;-;-;647,7;-;-;-;-;-;-;-
DOLQ26P005775;BRBMEFVA0526;FINANCIAL;-;-;-;-;-;-;-;-;-;697,7;-;-;-;-;-;-;-
DOLQ26P005825;BRBMEFVA0534;FINANCIAL;-;-;-;-;-;-;-;-;-;747,7;-;-;-;-;-;-;-
DOLQ26P005875;BRBMEFVA0542;FINANCIAL;-;-;-;-;-;-;-;-;-;797,7;-;-;-;-;-;-;-
DOLQ26P005925;BRBMEFVA0559;FINANCIAL;-;-;-;-;-;-;-;-;-;847,7;-;-;-;-;-;-;-
DOLQ26P005975;BRBMEFVA0567;FINANCIAL;-;-;-;-;-;-;-;-;-;897,7;-;-;-;-;-;-;-
DOLQ26P006025;BRBMEFVA0575;FINANCIAL;-;-;-;-;-;-;-;-;-;947,7;-;-;-;-;-;-;-
DOLQ26P006075;BRBMEFVA0583;FINANCIAL;-;-;-;-;-;-;-;-;-;997,7;-;-;-;-;-;-;-
DOLQ26P006125;BRBMEFVA0591;FINANCIAL;-;-;-;-;-;-;-;-;-;1047,7;-;-;-;-;-;-;-
DOLQ26P006175;BRBMEFVA05A2;FINANCIAL;-;-;-;-;-;-;-;-;-;1097,7;-;-;-;-;-;-;-
DOLQ26P006225;BRBMEFVA05B0;FINANCIAL;-;-;-;-;-;-;-;-;-;1147,7;-;-;-;-;-;-;-
DOLQ26P006275;BRBMEFVA05C8;FINANCIAL;-;-;-;-;-;-;-;-;-;1197,7;-;-;-;-;-;-;-
DOLQ26P006325;BRBMEFVA05D6;FINANCIAL;-;-;-;-;-;-;-;-;-;1247,7;-;-;-;-;-;-;-
DOLQ26P006375;BRBMEFVA05E4;FINANCIAL;-;-;-;-;-;-;-;-;-;1297,7;-;-;-;-;-;-;-
DOLQ26P006425;BRBMEFVA05F1;FINANCIAL;-;-;-;-;-;-;-;-;-;1347,7;-;-;-;-;-;-;-
DOLQ26P006475;BRBMEFVA05G9;FINANCIAL;-;-;-;-;-;-;-;-;-;1397,7;-;-;-;-;-;-;-
DOLQ26P006525;BRBMEFVA05H7;FINANCIAL;-;-;-;-;-;-;-;-;-;1447,7;-;-;-;-;-;-;-
DOLQ26P006550;BRBMEFVA05I5;FINANCIAL;-;-;-;-;-;-;-;-;-;1472,7;-;-;-;-;-;-;-
DOLQ26P006575;BRBMEFVA05J3;FINANCIAL;-;-;-;-;-;-;-;-;-;1497,7;-;-;-;-;-;-;-
DOLQ26P006600;BRBMEFVA05K1;FINANCIAL;-;-;-;-;-;-;-;-;-;1522,7;-;-;-;-;-;-;-
DOLQ26P006625;BRBMEFVA05L9;FINANCIAL;-;-;-;-;-;-;-;-;-;1547,7;-;-;-;-;-;-;-
DOLQ26P006650;BRBMEFVA05M7;FINANCIAL;-;-;-;-;-;-;-;-;-;1572,7;-;-;-;-;-;-;-
DOLQ26P006675;BRBMEFVA05N5;FINANCIAL;-;-;-;-;-;-;-;-;-;1597,7;-;-;-;-;-;-;-
DOLQ26P006725;BRBMEFVA05O3;FINANCIAL;-;-;-;-;-;-;-;-;-;1647,7;-;-;-;-;-;-;-
DOLQ26P006775;BRBMEFVA05P0;FINANCIAL;-;-;-;-;-;-;-;-;-;1697,7;-;-;-;-;-;-;-
DOLQ26P006800;BRBMEFVA05Q8;FINANCIAL;-;-;-;-;-;-;-;-;-;1722,7;-;-;-;-;-;-;-
DOLQ26P006825;BRBMEFVA05R6;FINANCIAL;-;-;-;-;-;-;-;-;-;1747,7;-;-;-;-;-;-;-
DOLQ26P006850;BRBMEFVA05S4;FINANCIAL;-;-;-;-;-;-;-;-;-;1772,7;-;-;-;-;-;-;-
DOLQ26P006875;BRBMEFVA05T2;FINANCIAL;-;-;-;-;-;-;-;-;-;1797,7;-;-;-;-;-;-;-
DOLQ26P006900;BRBMEFVA05U0;FINANCIAL;-;-;-;-;-;-;-;-;-;1822,7;-;-;-;-;-;-;-
DOLQ26P006925;BRBMEFVA05V8;FINANCIAL;-;-;-;-;-;-;-;-;-;1847,7;-;-;-;-;-;-;-
DOLQ26P006950;BRBMEFVA05W6;FINANCIAL;-;-;-;-;-;-;-;-;-;1872,7;-;-;-;-;-;-;-
DOLQ26P006975;BRBMEFVA05X4;FINANCIAL;-;-;-;-;-;-;-;-;-;1897,7;-;-;-;-;-;-;-
DOLF31C010000;BRBMEFCE1LP5;FINANCIAL;-;-;-;-;-;-;-;-;-;180,654;-;-;-;-;-;-;-
DOLF31P010000;BRBMEFDE1KV4;FINANCIAL;-;-;-;-;-;-;-;-;-;1789,843;-;-;-;-;-;-;-
DOLU26C004525;BRBMEFCS03I2;FINANCIAL;-;-;-;-;-;-;-;-;-;591,037;-;-;-;-;-;-;-
DOLU26C004575;BRBMEFCS03J0;FINANCIAL;-;-;-;-;-;-;-;-;-;541,579;-;-;-;-;-;-;-
DOLU26C004625;BRBMEFCS03K8;FINANCIAL;-;-;-;-;-;-;-;-;-;492,122;-;-;-;-;-;-;-
DOLU26C004675;BRBMEFCS03L6;FINANCIAL;-;-;-;-;-;-;-;-;-;442,674;-;-;-;-;-;-;-
DOLU26C004725;BRBMEFCS03M4;FINANCIAL;-;-;-;-;-;-;-;-;-;393,258;-;-;-;-;-;-;-
DOLU26C004775;BRBMEFCS03N2;FINANCIAL;-;-;-;-;-;-;-;-;-;343,949;-;-;-;-;-;-;-
DOLU26C004825;BRBMEFCS03O0;FINANCIAL;-;-;-;-;-;-;-;-;-;294,932;-;-;-;-;-;-;-
DOLU26C004875;BRBMEFCS03P7;FINANCIAL;215;215;215;215;215;-;-;-;-;246,612;-;-;-;-;1;10;107500
DOLU26C004925;BRBMEFCS03Q5;FINANCIAL;-;-;-;-;-;-;-;-;-;199,741;-;-;-;-;-;-;-
DOLU26C004975;BRBMEFCS03R3;FINANCIAL;-;-;-;-;-;-;-;-;-;155,738;-;-;-;-;-;-;-
DOLU26C005025;BRBMEFCS03S1;FINANCIAL;-;-;-;-;-;-;-;-;-;116,495;-;-;-;-;-;-;-
DOLU26C005075;BRBMEFCS03T9;FINANCIAL;-;-;-;-;-;-;-;-;-;84,356;-;-;-;-;-;-;-
DOLU26C005125;BRBMEFCS03U7;FINANCIAL;59,188;59,188;59,188;59,188;59,188;-;-;-;-;59,125;-;-;-;-;1;10;29594
DOLU26C005175;BRBMEFCS03V5;FINANCIAL;-;-;-;-;-;-;-;-;-;40,848;-;-;-;-;-;-;-
DOLU26C005225;BRBMEFCS03W3;FINANCIAL;34,396;34,396;34,396;34,396;34,396;-;-;-;-;29,051;-;-;-;-;1;10;17198
DOLU26C005275;BRBMEFCS03X1;FINANCIAL;-;-;-;-;-;-;-;-;-;20,196;-;-;-;-;-;-;-
DOLU26C005325;BRBMEFCS03Y9;FINANCIAL;-;-;-;-;-;-;-;-;-;13,72;-;-;-;-;-;-;-
DOLU26C005375;BRBMEFCS03Z6;FINANCIAL;-;-;-;-;-;-;-;-;-;9,341;-;-;-;-;-;-;-
DOLU26C005425;BRBMEFCS0305;FINANCIAL;-;-;-;-;-;-;-;-;-;6,061;-;-;-;-;-;-;-
DOLU26C005475;BRBMEFCS0313;FINANCIAL;-;-;-;-;-;-;-;-;-;3,878;-;-;-;-;-;-;-
DOLU26C005525;BRBMEFCS0321;FINANCIAL;-;-;-;-;-;-;-;-;-;2,305;-;-;-;-;-;-;-
DOLU26C005575;BRBMEFCS0339;FINANCIAL;-;-;-;-;-;-;-;-;-;1,349;-;-;-;-;-;-;-
DOLU26C005625;BRBMEFCS0347;FINANCIAL;-;-;-;-;-;-;-;-;-;0,776;-;-;-;-;-;-;-
DOLU26C005675;BRBMEFCS0354;FINANCIAL;-;-;-;-;-;-;-;-;-;0,411;-;-;-;-;-;-;-
DOLU26C005725;BRBMEFCS0362;FINANCIAL;-;-;-;-;-;-;-;-;-;0,207;-;-;-;-;-;-;-
DOLU26C005775;BRBMEFCS0370;FINANCIAL;-;-;-;-;-;-;-;-;-;0,1;-;-;-;-;-;-;-
DOLU26C005825;BRBMEFCS0388;FINANCIAL;-;-;-;-;-;-;-;-;-;0,047;-;-;-;-;-;-;-
DOLU26C005875;BRBMEFCS0396;FINANCIAL;-;-;-;-;-;-;-;-;-;0,021;-;-;-;-;-;-;-
DOLU26C005925;BRBMEFCS03A9;FINANCIAL;-;-;-;-;-;-;-;-;-;0,009;-;-;-;-;-;-;-
DOLU26C005975;BRBMEFCS03B7;FINANCIAL;-;-;-;-;-;-;-;-;-;0,004;-;-;-;-;-;-;-
DOLU26C006025;BRBMEFCS03C5;FINANCIAL;-;-;-;-;-;-;-;-;-;0,002;-;-;-;-;-;-;-
DOLU26C006075;BRBMEFCS03D3;FINANCIAL;-;-;-;-;-;-;-;-;-;0,001;-;-;-;-;-;-;-
DOLU26C006125;BRBMEFCS03E1;FINANCIAL;-;-;-;-;-;-;-;-;-;0,001;-;-;-;-;-;-;-
DOLU26C006175;BRBMEFCS03F8;FINANCIAL;-;-;-;-;-;-;-;-;-;0,001;-;-;-;-;-;-;-
DOLU26C006225;BRBMEFCS03G6;FINANCIAL;-;-;-;-;-;-;-;-;-;0,001;-;-;-;-;-;-;-
DOLU26C006275;BRBMEFCS03H4;FINANCIAL;-;-;-;-;-;-;-;-;-;0,001;-;-;-;-;-;-;-
DOLU26P004525;BRBMEFVS03R3;FINANCIAL;-;-;-;-;-;-;-;-;-;0,001;-;-;-;-;-;-;-
DOLU26P004575;BRBMEFVS03S1;FINANCIAL;-;-;-;-;-;-;-;-;-;0,001;-;-;-;-;-;-;-
DOLU26P004625;BRBMEFVS03T9;FINANCIAL;-;-;-;-;-;-;-;-;-;0,003;-;-;-;-;-;-;-
DOLU26P004675;BRBMEFVS03U7;FINANCIAL;-;-;-;-;-;-;-;-;-;0,013;-;-;-;-;-;-;-
DOLU26P004725;BRBMEFVS03V5;FINANCIAL;-;-;-;-;-;-;-;-;-;0,056;-;-;-;-;-;-;-
DOLU26P004775;BRBMEFVS03W3;FINANCIAL;-;-;-;-;-;-;-;-;-;0,205;-;-;-;-;-;-;-
DOLU26P004825;BRBMEFVS03X1;FINANCIAL;-;-;-;-;-;-;-;-;-;0,648;-;-;-;-;-;-;-
DOLU26P004875;BRBMEFVS03Y9;FINANCIAL;2,99;2,99;2,99;2,99;2,99;-;-;-;-;1,787;-;-;-;-;1;10;1495
DOLU26P004925;BRBMEFVS03Z6;FINANCIAL;-;-;-;-;-;-;-;-;-;4,374;-;-;-;-;-;-;-
DOLU26P004975;BRBMEFVS0401;FINANCIAL;-;-;-;-;-;-;-;-;-;9,83;-;-;-;-;-;-;-
DOLU26P005025;BRBMEFVS0419;FINANCIAL;26,579;26,579;26,579;26,579;26,579;-;-;-;-;20,046;-;-;-;-;1;10;13289,5
DOLU26P005075;BRBMEFVS0427;FINANCIAL;-;-;-;-;-;-;-;-;-;37,365;-;-;-;-;-;-;-
DOLU26P005125;BRBMEFVS0435;FINANCIAL;65,957;65,957;65,957;65,957;65,957;-;-;-;-;61,593;-;-;-;-;1;10;32978,5
DOLU26P005175;BRBMEFVS0443;FINANCIAL;-;-;-;-;-;-;-;-;-;92,775;-;-;-;-;-;-;-
DOLU26P005225;BRBMEFVS0450;FINANCIAL;-;-;-;-;-;-;-;-;-;130,437;-;-;-;-;-;-;-
DOLU26P005275;BRBMEFVS0468;FINANCIAL;-;-;-;-;-;-;-;-;-;171,041;-;-;-;-;-;-;-
DOLU26P005325;BRBMEFVS0476;FINANCIAL;-;-;-;-;-;-;-;-;-;214,023;-;-;-;-;-;-;-
DOLU26P005375;BRBMEFVS0484;FINANCIAL;-;-;-;-;-;-;-;-;-;259,103;-;-;-;-;-;-;-
DOLU26P005425;BRBMEFVS0393;FINANCIAL;-;-;-;-;-;-;-;-;-;305,282;-;-;-;-;-;-;-
DOLU26P005475;BRBMEFVS03A9;FINANCIAL;-;-;-;-;-;-;-;-;-;352,557;-;-;-;-;-;-;-
DOLU26P005525;BRBMEFVS03B7;FINANCIAL;-;-;-;-;-;-;-;-;-;400,443;-;-;-;-;-;-;-
DOLU26P005575;BRBMEFVS03C5;FINANCIAL;-;-;-;-;-;-;-;-;-;448,946;-;-;-;-;-;-;-
DOLU26P005625;BRBMEFVS03D3;FINANCIAL;-;-;-;-;-;-;-;-;-;497,832;-;-;-;-;-;-;-
DOLU26P005675;BRBMEFVS03E1;FINANCIAL;-;-;-;-;-;-;-;-;-;546,925;-;-;-;-;-;-;-
DOLU26P005725;BRBMEFVS03F8;FINANCIAL;-;-;-;-;-;-;-;-;-;596,18;-;-;-;-;-;-;-
DOLU26P005775;BRBMEFVS03G6;FINANCIAL;-;-;-;-;-;-;-;-;-;645,532;-;-;-;-;-;-;-
DOLU26P005825;BRBMEFVS03H4;FINANCIAL;-;-;-;-;-;-;-;-;-;694,938;-;-;-;-;-;-;-
DOLU26P005875;BRBMEFVS03I2;FINANCIAL;-;-;-;-;-;-;-;-;-;744,371;-;-;-;-;-;-;-
DOLU26P005925;BRBMEFVS03J0;FINANCIAL;-;-;-;-;-;-;-;-;-;793,818;-;-;-;-;-;-;-
DOLU26P005975;BRBMEFVS03K8;FINANCIAL;-;-;-;-;-;-;-;-;-;843,271;-;-;-;-;-;-;-
DOLU26P006025;BRBMEFVS03L6;FINANCIAL;-;-;-;-;-;-;-;-;-;892,727;-;-;-;-;-;-;-
DOLU26P006075;BRBMEFVS03M4;FINANCIAL;-;-;-;-;-;-;-;-;-;942,185;-;-;-;-;-;-;-
DOLU26P006125;BRBMEFVS03N2;FINANCIAL;-;-;-;-;-;-;-;-;-;991,643;-;-;-;-;-;-;-
DOLU26P006175;BRBMEFVS03O0;FINANCIAL;-;-;-;-;-;-;-;-;-;1041,102;-;-;-;-;-;-;-
DOLU26P006225;BRBMEFVS03P7;FINANCIAL;-;-;-;-;-;-;-;-;-;1090,561;-;-;-;-;-;-;-
DOLU26P006275;BRBMEFVS03Q5;FINANCIAL;-;-;-;-;-;-;-;-;-;1140,019;-;-;-;-;-;-;-
DOLF31C005500;BRBMEFCE1LQ3;FINANCIAL;-;-;-;-;-;-;-;-;-;1025,05;-;-;-;-;-;-;-
DOLF31P005500;BRBMEFDE1KW2;FINANCIAL;-;-;-;-;-;-;-;-;-;118,513;-;-;-;-;-;-;-
DOLV26C005075;BRBMEFCD47I1;FINANCIAL;-;-;-;-;-;-;-;-;-;131,006;-;-;-;-;-;-;-
DOLV26C005275;BRBMEFCD47J9;FINANCIAL;-;-;-;-;-;-;-;-;-;52,633;-;-;-;-;-;-;-
DOLV26P005075;BRBMEFVD47J9;FINANCIAL;-;-;-;-;-;-;-;-;-;50,691;-;-;-;-;-;-;-
DOLV26P005275;BRBMEFVD47K7;FINANCIAL;-;-;-;-;-;-;-;-;-;168,028;-;-;-;-;-;-;-
DOLM27C006700;BRBMEFDM04R2;FINANCIAL;-;-;-;-;-;-;-;-;-;34,492;-;-;-;-;-;-;-
DOLM27P006700;BRBMEFPV04R7;FINANCIAL;-;-;-;-;-;-;-;-;-;1196,207;-;-;-;-;-;-;-
DOLN27C004550;BRBMEFCD6EB0;FINANCIAL;-;-;-;-;-;-;-;-;-;813,776;-;-;-;-;-;-;-
DOLN27P004550;BRBMEFVDREB9;FINANCIAL;-;-;-;-;-;-;-;-;-;15,982;-;-;-;-;-;-;-
DOLV26C005225;BRBMEFCD47K7;FINANCIAL;64,765;64,765;64,765;64,765;64,765;-;-;-;-;66,206;-;-;-;-;1;65;210486,25
DOLV26P005225;BRBMEFVD47L5;FINANCIAL;-;-;-;-;-;-;-;-;-;132,673;-;-;-;-;-;-;-
DOLX26C004725;BRBMEFDC04N2;FINANCIAL;-;-;-;-;-;-;-;-;-;458,272;-;-;-;-;-;-;-
DOLX26C004775;BRBMEFDC04O0;FINANCIAL;-;-;-;-;-;-;-;-;-;414,089;-;-;-;-;-;-;-
DOLX26C004825;BRBMEFDC04P7;FINANCIAL;-;-;-;-;-;-;-;-;-;371,402;-;-;-;-;-;-;-
DOLX26C004875;BRBMEFDC04Q5;FINANCIAL;-;-;-;-;-;-;-;-;-;330,556;-;-;-;-;-;-;-
DOLX26C004925;BRBMEFDC04R3;FINANCIAL;-;-;-;-;-;-;-;-;-;291,753;-;-;-;-;-;-;-
DOLX26C004975;BRBMEFDC04S1;FINANCIAL;-;-;-;-;-;-;-;-;-;255,261;-;-;-;-;-;-;-
DOLX26C005025;BRBMEFDC04T9;FINANCIAL;-;-;-;-;-;-;-;-;-;222,353;-;-;-;-;-;-;-
DOLX26C005075;BRBMEFDC04U7;FINANCIAL;-;-;-;-;-;-;-;-;-;192,409;-;-;-;-;-;-;-
DOLX26C005125;BRBMEFDC04V5;FINANCIAL;-;-;-;-;-;-;-;-;-;166,176;-;-;-;-;-;-;-
DOLX26C005175;BRBMEFDC04W3;FINANCIAL;-;-;-;-;-;-;-;-;-;143,272;-;-;-;-;-;-;-
DOLX26C005225;BRBMEFDC04X1;FINANCIAL;-;-;-;-;-;-;-;-;-;123,353;-;-;-;-;-;-;-
DOLX26C005275;BRBMEFDC04Y9;FINANCIAL;-;-;-;-;-;-;-;-;-;106,494;-;-;-;-;-;-;-
DOLX26C005325;BRBMEFDC04Z6;FINANCIAL;-;-;-;-;-;-;-;-;-;91,93;-;-;-;-;-;-;-
DOLX26C005375;BRBMEFDC0500;FINANCIAL;-;-;-;-;-;-;-;-;-;79,215;-;-;-;-;-;-;-
DOLX26C005425;BRBMEFDC0518;FINANCIAL;-;-;-;-;-;-;-;-;-;68,297;-;-;-;-;-;-;-
DOLX26C005475;BRBMEFDC0526;FINANCIAL;-;-;-;-;-;-;-;-;-;59,026;-;-;-;-;-;-;-
DOLX26C005525;BRBMEFDC0534;FINANCIAL;-;-;-;-;-;-;-;-;-;50,569;-;-;-;-;-;-;-
DOLX26C005575;BRBMEFDC0542;FINANCIAL;-;-;-;-;-;-;-;-;-;43,134;-;-;-;-;-;-;-
DOLX26C005625;BRBMEFDC0559;FINANCIAL;-;-;-;-;-;-;-;-;-;36,795;-;-;-;-;-;-;-
DOLX26C005675;BRBMEFDC0567;FINANCIAL;-;-;-;-;-;-;-;-;-;31,459;-;-;-;-;-;-;-
DOLX26C005725;BRBMEFDC0575;FINANCIAL;-;-;-;-;-;-;-;-;-;26,869;-;-;-;-;-;-;-
DOLX26P004725;BRBMEFVDY759;FINANCIAL;-;-;-;-;-;-;-;-;-;9,599;-;-;-;-;-;-;-
DOLX26P004775;BRBMEFVDY767;FINANCIAL;-;-;-;-;-;-;-;-;-;13,821;-;-;-;-;-;-;-
DOLX26P004825;BRBMEFVDY775;FINANCIAL;-;-;-;-;-;-;-;-;-;19,541;-;-;-;-;-;-;-
DOLX26P004875;BRBMEFVDY783;FINANCIAL;-;-;-;-;-;-;-;-;-;27,1;-;-;-;-;-;-;-
DOLX26P004925;BRBMEFVDY791;FINANCIAL;-;-;-;-;-;-;-;-;-;36,703;-;-;-;-;-;-;-
DOLX26P004975;BRBMEFVDY7A6;FINANCIAL;-;-;-;-;-;-;-;-;-;48,615;-;-;-;-;-;-;-
DOLX26P005025;BRBMEFVDY7B4;FINANCIAL;-;-;-;-;-;-;-;-;-;64,113;-;-;-;-;-;-;-
DOLX26P005075;BRBMEFVDY7C2;FINANCIAL;-;-;-;-;-;-;-;-;-;82,575;-;-;-;-;-;-;-
DOLX26P005125;BRBMEFVDY7D0;FINANCIAL;-;-;-;-;-;-;-;-;-;104,747;-;-;-;-;-;-;-
DOLX26P005175;BRBMEFVDY7E8;FINANCIAL;-;-;-;-;-;-;-;-;-;130,248;-;-;-;-;-;-;-
DOLX26P005225;BRBMEFVDY7F5;FINANCIAL;-;-;-;-;-;-;-;-;-;158,735;-;-;-;-;-;-;-
DOLX26P005275;BRBMEFVDY7G3;FINANCIAL;-;-;-;-;-;-;-;-;-;190,281;-;-;-;-;-;-;-
DOLX26P005325;BRBMEFVDY7H1;FINANCIAL;-;-;-;-;-;-;-;-;-;224,123;-;-;-;-;-;-;-
DOLX26P005375;BRBMEFVDY7I9;FINANCIAL;-;-;-;-;-;-;-;-;-;259,813;-;-;-;-;-;-;-
DOLX26P005425;BRBMEFVDY7J7;FINANCIAL;-;-;-;-;-;-;-;-;-;297,301;-;-;-;-;-;-;-
DOLX26P005475;BRBMEFVDY7K5;FINANCIAL;-;-;-;-;-;-;-;-;-;336,436;-;-;-;-;-;-;-
DOLX26P005525;BRBMEFVDY7L3;FINANCIAL;-;-;-;-;-;-;-;-;-;376,384;-;-;-;-;-;-;-
DOLX26P005575;BRBMEFVDY7M1;FINANCIAL;-;-;-;-;-;-;-;-;-;417,354;-;-;-;-;-;-;-
DOLX26P005625;BRBMEFVDY7N9;FINANCIAL;-;-;-;-;-;-;-;-;-;459,42;-;-;-;-;-;-;-
DOLX26P005675;BRBMEFVDY7O7;FINANCIAL;-;-;-;-;-;-;-;-;-;502,49;-;-;-;-;-;-;-
DOLX26P005725;BRBMEFVDY7P4;FINANCIAL;-;-;-;-;-;-;-;-;-;546,306;-;-;-;-;-;-;-
WDOV26C005700;BRBMEF0W07U9;FINANCIAL;-;-;-;-;-;-;-;-;-;6,291;-;-;-;-;-;-;-
WDOV26C006500;BRBMEF0W07V7;FINANCIAL;-;-;-;-;-;-;-;-;-;0,008;-;-;-;-;-;-;-
WDOV26P005700;BRBMEF2007U0;FINANCIAL;-;-;-;-;-;-;-;-;-;537,569;-;-;-;-;-;-;-
WDOV26P006500;BRBMEF2007V8;FINANCIAL;-;-;-;-;-;-;-;-;-;1314,123;-;-;-;-;-;-;-
WDOQ26C006000;BRBMEF080964;FINANCIAL;-;-;-;-;-;-;-;-;-;0,001;-;-;-;-;-;-;-
WDOQ26P006000;BRBMEF280960;FINANCIAL;-;-;-;-;-;-;-;-;-;922,7;-;-;-;-;-;-;-
WDOV26C005900;BRBMEF0W08J0;FINANCIAL;-;-;-;-;-;-;-;-;-;1,657;-;-;-;-;-;-;-
WDOV26C006000;BRBMEF0W08K8;FINANCIAL;-;-;-;-;-;-;-;-;-;0,792;-;-;-;-;-;-;-
WDOV26C006100;BRBMEF0W08L6;FINANCIAL;-;-;-;-;-;-;-;-;-;0,342;-;-;-;-;-;-;-
WDOV26P005900;BRBMEF2008J1;FINANCIAL;-;-;-;-;-;-;-;-;-;728,644;-;-;-;-;-;-;-
WDOV26P006000;BRBMEF2008K9;FINANCIAL;-;-;-;-;-;-;-;-;-;825,634;-;-;-;-;-;-;-
WDOV26P006100;BRBMEF2008L7;FINANCIAL;-;-;-;-;-;-;-;-;-;923,039;-;-;-;-;-;-;-
WDOZ26C005400;BRBMEF0Z0850;FINANCIAL;-;-;-;-;-;-;-;-;-;104,722;-;-;-;-;-;-;-
WDOZ26P005400;BRBMEF2Z0858;FINANCIAL;-;-;-;-;-;-;-;-;-;278,86;-;-;-;-;-;-;-
WDOJ27C006100;BRBMEF0409Q8;FINANCIAL;-;-;-;-;-;-;-;-;-;58,034;-;-;-;-;-;-;-
WDOJ27P006100;BRBMEF9409Q9;FINANCIAL;-;-;-;-;-;-;-;-;-;750,915;-;-;-;-;-;-;-
WDOQ26C005100;BRBMEF080972;FINANCIAL;-;-;-;-;-;-;-;-;-;0,001;-;-;-;-;-;-;-
WDOQ26P005100;BRBMEF280978;FINANCIAL;-;-;-;-;-;-;-;-;-;22,7;-;-;-;-;-;-;-
WDOJ27C005950;BRBMEF040AF7;FINANCIAL;-;-;-;-;-;-;-;-;-;76,34;-;-;-;-;-;-;-
WDOJ27P005950;BRBMEF940AF8;FINANCIAL;-;-;-;-;-;-;-;-;-;631,325;-;-;-;-;-;-;-
WDOJ27C006450;BRBMEF040AG5;FINANCIAL;-;-;-;-;-;-;-;-;-;31,393;-;-;-;-;-;-;-
WDOJ27P006450;BRBMEF940AG6;FINANCIAL;-;-;-;-;-;-;-;-;-;1046,031;-;-;-;-;-;-;-
WDOX26C005250;BRBMEF0Y07R1;FINANCIAL;-;-;-;-;-;-;-;-;-;114,57;-;-;-;-;-;-;-
WDOX26P005250;BRBMEF2Y07R7;FINANCIAL;-;-;-;-;-;-;-;-;-;174,154;-;-;-;-;-;-;-
WDOQ26C005350;BRBMEF0809L0;FINANCIAL;-;-;-;-;-;-;-;-;-;0,001;-;-;-;-;-;-;-
WDOQ26C005375;BRBMEF0809M8;FINANCIAL;-;-;-;-;-;-;-;-;-;0,001;-;-;-;-;-;-;-
WDOQ26C005400;BRBMEF0809N6;FINANCIAL;-;-;-;-;-;-;-;-;-;0,001;-;-;-;-;-;-;-
WDOQ26C005425;BRBMEF0809O4;FINANCIAL;-;-;-;-;-;-;-;-;-;0,001;-;-;-;-;-;-;-
WDOQ26C005450;BRBMEF0809P1;FINANCIAL;-;-;-;-;-;-;-;-;-;0,001;-;-;-;-;-;-;-
WDOQ26C005475;BRBMEF0809Q9;FINANCIAL;-;-;-;-;-;-;-;-;-;0,001;-;-;-;-;-;-;-
WDOQ26C005500;BRBMEF0809R7;FINANCIAL;-;-;-;-;-;-;-;-;-;0,001;-;-;-;-;-;-;-
WDOQ26C005525;BRBMEF0809S5;FINANCIAL;-;-;-;-;-;-;-;-;-;0,001;-;-;-;-;-;-;-
WDOQ26C005550;BRBMEF0809T3;FINANCIAL;-;-;-;-;-;-;-;-;-;0,001;-;-;-;-;-;-;-
WDOQ26C005575;BRBMEF0809U1;FINANCIAL;-;-;-;-;-;-;-;-;-;0,001;-;-;-;-;-;-;-
WDOQ26C005600;BRBMEF0809V9;FINANCIAL;-;-;-;-;-;-;-;-;-;0,001;-;-;-;-;-;-;-
WDOQ26P005000;BRBMEF280986;FINANCIAL;-;-;-;-;-;-;-;-;-;0,001;-;-;-;-;-;-;-
WDOQ26P005025;BRBMEF280994;FINANCIAL;-;-;-;-;-;-;-;-;-;0,001;-;-;-;-;-;-;-
WDOQ26P005050;BRBMEF2809A1;FINANCIAL;-;-;-;-;-;-;-;-;-;0,001;-;-;-;-;-;-;-
WDOQ26P005075;BRBMEF2809B9;FINANCIAL;-;-;-;-;-;-;-;-;-;0,001;-;-;-;-;-;-;-
WDOQ26P005125;BRBMEF2809C7;FINANCIAL;-;-;-;-;-;-;-;-;-;47,7;-;-;-;-;-;-;-
WDOQ26P005150;BRBMEF2809D5;FINANCIAL;-;-;-;-;-;-;-;-;-;72,7;-;-;-;-;-;-;-
WDOQ26P005175;BRBMEF2809E3;FINANCIAL;-;-;-;-;-;-;-;-;-;97,7;-;-;-;-;-;-;-
WDOQ26P005200;BRBMEF2809F0;FINANCIAL;-;-;-;-;-;-;-;-;-;122,7;-;-;-;-;-;-;-
WDOQ26P005225;BRBMEF2809G8;FINANCIAL;-;-;-;-;-;-;-;-;-;147,7;-;-;-;-;-;-;-
WDOQ26P005250;BRBMEF2809H6;FINANCIAL;-;-;-;-;-;-;-;-;-;172,7;-;-;-;-;-;-;-
WDOQ26P005275;BRBMEF2809I4;FINANCIAL;-;-;-;-;-;-;-;-;-;197,7;-;-;-;-;-;-;-
WDOQ26P005300;BRBMEF2809J2;FINANCIAL;-;-;-;-;-;-;-;-;-;222,7;-;-;-;-;-;-;-
WDOQ26P005325;BRBMEF2809K0;FINANCIAL;-;-;-;-;-;-;-;-;-;247,7;-;-;-;-;-;-;-
WDOQ26P005350;BRBMEF2809L8;FINANCIAL;-;-;-;-;-;-;-;-;-;272,7;-;-;-;-;-;-;-
WDOQ26P005375;BRBMEF2809M6;FINANCIAL;-;-;-;-;-;-;-;-;-;297,7;-;-;-;-;-;-;-
WDOQ26P005400;BRBMEF2809N4;FINANCIAL;-;-;-;-;-;-;-;-;-;322,7;-;-;-;-;-;-;-
WDOQ26C005000;BRBMEF080980;FINANCIAL;-;-;-;-;-;-;-;-;-;77,3;-;-;-;-;-;-;-
WDOQ26C005025;BRBMEF080998;FINANCIAL;-;-;-;-;-;-;-;-;-;52,3;-;-;-;-;-;-;-
WDOQ26C005050;BRBMEF0809A3;FINANCIAL;-;-;-;-;-;-;-;-;-;27,3;-;-;-;-;-;-;-
WDOQ26C005075;BRBMEF0809B1;FINANCIAL;-;-;-;-;-;-;-;-;-;2,3;-;-;-;-;-;-;-
WDOQ26C005125;BRBMEF0809C9;FINANCIAL;-;-;-;-;-;-;-;-;-;0,001;-;-;-;-;-;-;-
WDOQ26C005150;BRBMEF0809D7;FINANCIAL;-;-;-;-;-;-;-;-;-;0,001;-;-;-;-;-;-;-
WDOQ26C005175;BRBMEF0809E5;FINANCIAL;-;-;-;-;-;-;-;-;-;0,001;-;-;-;-;-;-;-
WDOQ26C005200;BRBMEF0809F2;FINANCIAL;-;-;-;-;-;-;-;-;-;0,001;-;-;-;-;-;-;-
WDOQ26C005225;BRBMEF0809G0;FINANCIAL;-;-;-;-;-;-;-;-;-;0,001;-;-;-;-;-;-;-
WDOQ26C005250;BRBMEF0809H8;FINANCIAL;-;-;-;-;-;-;-;-;-;0,001;-;-;-;-;-;-;-
WDOQ26C005275;BRBMEF0809I6;FINANCIAL;-;-;-;-;-;-;-;-;-;0,001;-;-;-;-;-;-;-
WDOQ26C005300;BRBMEF0809J4;FINANCIAL;-;-;-;-;-;-;-;-;-;0,001;-;-;-;-;-;-;-
WDOQ26C005325;BRBMEF0809K2;FINANCIAL;-;-;-;-;-;-;-;-;-;0,001;-;-;-;-;-;-;-
WDOQ26P005425;BRBMEF2809O2;FINANCIAL;-;-;-;-;-;-;-;-;-;347,7;-;-;-;-;-;-;-
WDOQ26P005450;BRBMEF2809P9;FINANCIAL;-;-;-;-;-;-;-;-;-;372,7;-;-;-;-;-;-;-
WDOQ26P005475;BRBMEF2809Q7;FINANCIAL;-;-;-;-;-;-;-;-;-;397,7;-;-;-;-;-;-;-
WDOQ26P005500;BRBMEF2809R5;FINANCIAL;-;-;-;-;-;-;-;-;-;422,7;-;-;-;-;-;-;-
WDOQ26P005525;BRBMEF2809S3;FINANCIAL;-;-;-;-;-;-;-;-;-;447,7;-;-;-;-;-;-;-
WDOQ26P005550;BRBMEF2809T1;FINANCIAL;-;-;-;-;-;-;-;-;-;472,7;-;-;-;-;-;-;-
WDOQ26P005575;BRBMEF2809U9;FINANCIAL;-;-;-;-;-;-;-;-;-;497,7;-;-;-;-;-;-;-
WDOQ26P005600;BRBMEF2809V7;FINANCIAL;-;-;-;-;-;-;-;-;-;522,7;-;-;-;-;-;-;-
WDOU26C005100;BRBMEF0908R7;FINANCIAL;-;-;-;-;-;-;-;-;-;70,894;-;-;-;-;-;-;-
WDOU26C005125;BRBMEF0908S5;FINANCIAL;-;-;-;-;-;-;-;-;-;59,125;-;-;-;-;-;-;-
WDOU26C005150;BRBMEF0908T3;FINANCIAL;-;-;-;-;-;-;-;-;-;49,252;-;-;-;-;-;-;-
WDOU26C005175;BRBMEF0908U1;FINANCIAL;-;-;-;-;-;-;-;-;-;40,848;-;-;-;-;-;-;-
WDOU26C005200;BRBMEF0908V9;FINANCIAL;-;-;-;-;-;-;-;-;-;34,338;-;-;-;-;-;-;-
WDOU26C005225;BRBMEF0908W7;FINANCIAL;-;-;-;-;-;-;-;-;-;29,051;-;-;-;-;-;-;-
WDOU26C005250;BRBMEF0908X5;FINANCIAL;-;-;-;-;-;-;-;-;-;24,515;-;-;-;-;-;-;-
WDOU26C005275;BRBMEF0908Y3;FINANCIAL;-;-;-;-;-;-;-;-;-;20,196;-;-;-;-;-;-;-
WDOU26C005300;BRBMEF0908Z0;FINANCIAL;-;-;-;-;-;-;-;-;-;16,651;-;-;-;-;-;-;-
WDOU26C005325;BRBMEF090906;FINANCIAL;-;-;-;-;-;-;-;-;-;13,72;-;-;-;-;-;-;-
WDOU26C005350;BRBMEF090914;FINANCIAL;-;-;-;-;-;-;-;-;-;11,303;-;-;-;-;-;-;-
WDOU26C005375;BRBMEF090922;FINANCIAL;-;-;-;-;-;-;-;-;-;9,341;-;-;-;-;-;-;-
WDOU26C005400;BRBMEF090930;FINANCIAL;-;-;-;-;-;-;-;-;-;7,543;-;-;-;-;-;-;-
WDOU26C005425;BRBMEF090948;FINANCIAL;-;-;-;-;-;-;-;-;-;6,061;-;-;-;-;-;-;-
WDOU26C005450;BRBMEF090955;FINANCIAL;-;-;-;-;-;-;-;-;-;4,861;-;-;-;-;-;-;-
WDOU26C005475;BRBMEF090963;FINANCIAL;-;-;-;-;-;-;-;-;-;3,878;-;-;-;-;-;-;-
WDOU26C005500;BRBMEF090971;FINANCIAL;-;-;-;-;-;-;-;-;-;2,992;-;-;-;-;-;-;-
WDOU26C005525;BRBMEF090989;FINANCIAL;-;-;-;-;-;-;-;-;-;2,305;-;-;-;-;-;-;-
WDOU26C005550;BRBMEF090997;FINANCIAL;-;-;-;-;-;-;-;-;-;1,767;-;-;-;-;-;-;-
WDOU26C005575;BRBMEF0909A1;FINANCIAL;-;-;-;-;-;-;-;-;-;1,349;-;-;-;-;-;-;-
WDOU26C005600;BRBMEF0909B9;FINANCIAL;-;-;-;-;-;-;-;-;-;1,025;-;-;-;-;-;-;-
WDOU26P005100;BRBMEF2908R5;FINANCIAL;-;-;-;-;-;-;-;-;-;48,633;-;-;-;-;-;-;-
WDOU26P005125;BRBMEF2908S3;FINANCIAL;-;-;-;-;-;-;-;-;-;61,593;-;-;-;-;-;-;-
WDOU26P005150;BRBMEF2908T1;FINANCIAL;-;-;-;-;-;-;-;-;-;76,449;-;-;-;-;-;-;-
WDOU26P005175;BRBMEF2908U9;FINANCIAL;-;-;-;-;-;-;-;-;-;92,775;-;-;-;-;-;-;-
WDOU26P005200;BRBMEF2908V7;FINANCIAL;91,89;91,89;91,89;91,89;91,89;-;-;-;-;110,994;-;-;-;-;1;10;9189
WDOU26P005225;BRBMEF2908W5;FINANCIAL;-;-;-;-;-;-;-;-;-;130,437;-;-;-;-;-;-;-
WDOU26P005250;BRBMEF2908X3;FINANCIAL;-;-;-;-;-;-;-;-;-;150,63;-;-;-;-;-;-;-
WDOU26P005275;BRBMEF2908Y1;FINANCIAL;-;-;-;-;-;-;-;-;-;171,041;-;-;-;-;-;-;-
WDOU26P005300;BRBMEF2908Z8;FINANCIAL;161,2;161,2;161,2;161,2;161,2;-;-;-;-;192,225;-;-;-;-;1;10;16120
WDOU26P005325;BRBMEF290902;FINANCIAL;-;-;-;-;-;-;-;-;-;214,023;-;-;-;-;-;-;-
WDOU26P005350;BRBMEF290910;FINANCIAL;-;-;-;-;-;-;-;-;-;236,335;-;-;-;-;-;-;-
WDOU26P005375;BRBMEF290928;FINANCIAL;-;-;-;-;-;-;-;-;-;259,103;-;-;-;-;-;-;-
WDOU26P005400;BRBMEF290936;FINANCIAL;-;-;-;-;-;-;-;-;-;282,035;-;-;-;-;-;-;-
WDOU26P005425;BRBMEF290944;FINANCIAL;-;-;-;-;-;-;-;-;-;305,282;-;-;-;-;-;-;-
WDOU26P005450;BRBMEF290951;FINANCIAL;-;-;-;-;-;-;-;-;-;328,811;-;-;-;-;-;-;-
WDOU26P005475;BRBMEF290969;FINANCIAL;-;-;-;-;-;-;-;-;-;352,557;-;-;-;-;-;-;-
WDOU26P005500;BRBMEF290977;FINANCIAL;-;-;-;-;-;-;-;-;-;376,4;-;-;-;-;-;-;-
WDOU26P005525;BRBMEF290985;FINANCIAL;-;-;-;-;-;-;-;-;-;400,443;-;-;-;-;-;-;-
WDOU26P005550;BRBMEF290993;FINANCIAL;-;-;-;-;-;-;-;-;-;424,635;-;-;-;-;-;-;-
WDOU26P005575;BRBMEF2909A9;FINANCIAL;-;-;-;-;-;-;-;-;-;448,946;-;-;-;-;-;-;-
WDOU26P005600;BRBMEF2909B7;FINANCIAL;-;-;-;-;-;-;-;-;-;473,352;-;-;-;-;-;-;-
WDOQ26C004950;BRBMEF0809W7;FINANCIAL;-;-;-;-;-;-;-;-;-;127,3;-;-;-;-;-;-;-
WDOQ26P004950;BRBMEF2809W5;FINANCIAL;-;-;-;-;-;-;-;-;-;0,001;-;-;-;-;-;-;-
WDOV26C005200;BRBMEF0W08M4;FINANCIAL;-;-;-;-;-;-;-;-;-;74,483;-;-;-;-;-;-;-
WDOV26C005225;BRBMEF0W08N2;FINANCIAL;-;-;-;-;-;-;-;-;-;66,206;-;-;-;-;-;-;-
WDOV26C005250;BRBMEF0W08O0;FINANCIAL;-;-;-;-;-;-;-;-;-;58,797;-;-;-;-;-;-;-
WDOV26C005275;BRBMEF0W08P7;FINANCIAL;-;-;-;-;-;-;-;-;-;52,633;-;-;-;-;-;-;-
WDOV26C005300;BRBMEF0W08Q5;FINANCIAL;-;-;-;-;-;-;-;-;-;47,158;-;-;-;-;-;-;-
WDOV26C005325;BRBMEF0W08R3;FINANCIAL;-;-;-;-;-;-;-;-;-;42,368;-;-;-;-;-;-;-
WDOV26C005350;BRBMEF0W08S1;FINANCIAL;-;-;-;-;-;-;-;-;-;38,12;-;-;-;-;-;-;-
WDOV26C005375;BRBMEF0W08T9;FINANCIAL;-;-;-;-;-;-;-;-;-;33,735;-;-;-;-;-;-;-
WDOV26C005400;BRBMEF0W08U7;FINANCIAL;-;-;-;-;-;-;-;-;-;29,844;-;-;-;-;-;-;-
WDOV26C005425;BRBMEF0W08V5;FINANCIAL;-;-;-;-;-;-;-;-;-;26,398;-;-;-;-;-;-;-
WDOV26C005450;BRBMEF0W08W3;FINANCIAL;-;-;-;-;-;-;-;-;-;23,35;-;-;-;-;-;-;-
WDOV26C005475;BRBMEF0W08X1;FINANCIAL;-;-;-;-;-;-;-;-;-;20,656;-;-;-;-;-;-;-
WDOV26C005500;BRBMEF0W08Y9;FINANCIAL;-;-;-;-;-;-;-;-;-;18,278;-;-;-;-;-;-;-
WDOV26C005525;BRBMEF0W08Z6;FINANCIAL;-;-;-;-;-;-;-;-;-;16,221;-;-;-;-;-;-;-
WDOV26C005550;BRBMEF0W0903;FINANCIAL;-;-;-;-;-;-;-;-;-;14,405;-;-;-;-;-;-;-
WDOV26C005575;BRBMEF0W0911;FINANCIAL;-;-;-;-;-;-;-;-;-;12,664;-;-;-;-;-;-;-
WDOV26C005600;BRBMEF0W0929;FINANCIAL;-;-;-;-;-;-;-;-;-;11,037;-;-;-;-;-;-;-
WDOV26C005625;BRBMEF0W0937;FINANCIAL;-;-;-;-;-;-;-;-;-;9,585;-;-;-;-;-;-;-
WDOV26C005650;BRBMEF0W0945;FINANCIAL;-;-;-;-;-;-;-;-;-;8,343;-;-;-;-;-;-;-
WDOV26C005675;BRBMEF0W0952;FINANCIAL;-;-;-;-;-;-;-;-;-;7,235;-;-;-;-;-;-;-
WDOV26P005200;BRBMEF2008M5;FINANCIAL;-;-;-;-;-;-;-;-;-;116,487;-;-;-;-;-;-;-
WDOV26P005225;BRBMEF2008N3;FINANCIAL;-;-;-;-;-;-;-;-;-;132,673;-;-;-;-;-;-;-
WDOV26P005250;BRBMEF2008O1;FINANCIAL;-;-;-;-;-;-;-;-;-;149,728;-;-;-;-;-;-;-
WDOV26P005275;BRBMEF2008P8;FINANCIAL;-;-;-;-;-;-;-;-;-;168,028;-;-;-;-;-;-;-
WDOV26P005300;BRBMEF2008Q6;FINANCIAL;-;-;-;-;-;-;-;-;-;187,017;-;-;-;-;-;-;-
WDOV26P005325;BRBMEF2008R4;FINANCIAL;-;-;-;-;-;-;-;-;-;206,69;-;-;-;-;-;-;-
WDOV26P005350;BRBMEF2008S2;FINANCIAL;-;-;-;-;-;-;-;-;-;226,906;-;-;-;-;-;-;-
WDOV26P005375;BRBMEF2008T0;FINANCIAL;-;-;-;-;-;-;-;-;-;246,984;-;-;-;-;-;-;-
WDOV26P005400;BRBMEF2008U8;FINANCIAL;-;-;-;-;-;-;-;-;-;267,557;-;-;-;-;-;-;-
WDOV26P005425;BRBMEF2008V6;FINANCIAL;-;-;-;-;-;-;-;-;-;288,575;-;-;-;-;-;-;-
WDOV26P005450;BRBMEF2008W4;FINANCIAL;-;-;-;-;-;-;-;-;-;309,99;-;-;-;-;-;-;-
WDOV26P005475;BRBMEF2008X2;FINANCIAL;-;-;-;-;-;-;-;-;-;331,761;-;-;-;-;-;-;-
WDOV26P005500;BRBMEF2008Y0;FINANCIAL;-;-;-;-;-;-;-;-;-;353,846;-;-;-;-;-;-;-
WDOV26P005525;BRBMEF2008Z7;FINANCIAL;-;-;-;-;-;-;-;-;-;376,252;-;-;-;-;-;-;-
WDOV26P005550;BRBMEF200901;FINANCIAL;-;-;-;-;-;-;-;-;-;398,9;-;-;-;-;-;-;-
WDOV26P005575;BRBMEF200919;FINANCIAL;-;-;-;-;-;-;-;-;-;421,623;-;-;-;-;-;-;-
WDOV26P005600;BRBMEF200927;FINANCIAL;-;-;-;-;-;-;-;-;-;444,46;-;-;-;-;-;-;-
WDOV26P005625;BRBMEF200935;FINANCIAL;-;-;-;-;-;-;-;-;-;467,471;-;-;-;-;-;-;-
WDOV26P005650;BRBMEF200943;FINANCIAL;-;-;-;-;-;-;-;-;-;490,693;-;-;-;-;-;-;-
WDOV26P005675;BRBMEF200950;FINANCIAL;-;-;-;-;-;-;-;-;-;514,049;-;-;-;-;-;-;-
WDOV26C005150;BRBMEF0W0960;FINANCIAL;-;-;-;-;-;-;-;-;-;93,926;-;-;-;-;-;-;-
WDOV26P005150;BRBMEF200968;FINANCIAL;-;-;-;-;-;-;-;-;-;87,002;-;-;-;-;-;-;-
WDOX26C005200;BRBMEF0Y07S9;FINANCIAL;-;-;-;-;-;-;-;-;-;132,877;-;-;-;-;-;-;-
WDOX26P005200;BRBMEF2Y07S5;FINANCIAL;-;-;-;-;-;-;-;-;-;144,056;-;-;-;-;-;-;-
WDOX26C005000;BRBMEF0Y07T7;FINANCIAL;-;-;-;-;-;-;-;-;-;238,412;-;-;-;-;-;-;-
WDOX26C005050;BRBMEF0Y07U5;FINANCIAL;-;-;-;-;-;-;-;-;-;207,016;-;-;-;-;-;-;-
WDOX26C005100;BRBMEF0Y07V3;FINANCIAL;-;-;-;-;-;-;-;-;-;178,823;-;-;-;-;-;-;-
WDOX26C005150;BRBMEF0Y07W1;FINANCIAL;-;-;-;-;-;-;-;-;-;154,364;-;-;-;-;-;-;-
WDOX26C005300;BRBMEF0Y07X9;FINANCIAL;-;-;-;-;-;-;-;-;-;98,893;-;-;-;-;-;-;-
WDOX26C005350;BRBMEF0Y07Y7;FINANCIAL;-;-;-;-;-;-;-;-;-;85,286;-;-;-;-;-;-;-
WDOX26C005400;BRBMEF0Y07Z4;FINANCIAL;-;-;-;-;-;-;-;-;-;73,501;-;-;-;-;-;-;-
WDOX26C005450;BRBMEF0Y0802;FINANCIAL;-;-;-;-;-;-;-;-;-;63,481;-;-;-;-;-;-;-
WDOX26C005500;BRBMEF0Y0810;FINANCIAL;-;-;-;-;-;-;-;-;-;54,75;-;-;-;-;-;-;-
WDOX26C005550;BRBMEF0Y0828;FINANCIAL;-;-;-;-;-;-;-;-;-;46,704;-;-;-;-;-;-;-
WDOX26C005600;BRBMEF0Y0836;FINANCIAL;-;-;-;-;-;-;-;-;-;39,837;-;-;-;-;-;-;-
WDOX26C005650;BRBMEF0Y0844;FINANCIAL;-;-;-;-;-;-;-;-;-;33,988;-;-;-;-;-;-;-
WDOX26C005700;BRBMEF0Y0851;FINANCIAL;-;-;-;-;-;-;-;-;-;29,071;-;-;-;-;-;-;-
WDOX26C005750;BRBMEF0Y0869;FINANCIAL;-;-;-;-;-;-;-;-;-;24,892;-;-;-;-;-;-;-
WDOX26C005800;BRBMEF0Y0877;FINANCIAL;-;-;-;-;-;-;-;-;-;21,342;-;-;-;-;-;-;-
WDOX26C005850;BRBMEF0Y0885;FINANCIAL;-;-;-;-;-;-;-;-;-;18,12;-;-;-;-;-;-;-
WDOX26C005900;BRBMEF0Y0893;FINANCIAL;-;-;-;-;-;-;-;-;-;15,172;-;-;-;-;-;-;-
WDOX26C005950;BRBMEF0Y08A5;FINANCIAL;-;-;-;-;-;-;-;-;-;12,694;-;-;-;-;-;-;-
WDOX26C006000;BRBMEF0Y08B3;FINANCIAL;-;-;-;-;-;-;-;-;-;10,615;-;-;-;-;-;-;-
WDOX26P005000;BRBMEF2Y07T3;FINANCIAL;-;-;-;-;-;-;-;-;-;55,969;-;-;-;-;-;-;-
WDOX26P005050;BRBMEF2Y07U1;FINANCIAL;-;-;-;-;-;-;-;-;-;72,979;-;-;-;-;-;-;-
WDOX26P005100;BRBMEF2Y07V9;FINANCIAL;-;-;-;-;-;-;-;-;-;93,192;-;-;-;-;-;-;-
WDOX26P005150;BRBMEF2Y07W7;FINANCIAL;-;-;-;-;-;-;-;-;-;117,137;-;-;-;-;-;-;-
WDOX26P005300;BRBMEF2Y07X5;FINANCIAL;-;-;-;-;-;-;-;-;-;206,883;-;-;-;-;-;-;-
WDOX26P005350;BRBMEF2Y07Y3;FINANCIAL;-;-;-;-;-;-;-;-;-;241,681;-;-;-;-;-;-;-
WDOX26P005400;BRBMEF2Y07Z0;FINANCIAL;-;-;-;-;-;-;-;-;-;278,302;-;-;-;-;-;-;-
WDOX26P005450;BRBMEF2Y0800;FINANCIAL;-;-;-;-;-;-;-;-;-;316,687;-;-;-;-;-;-;-
WDOX26P005500;BRBMEF2Y0818;FINANCIAL;-;-;-;-;-;-;-;-;-;356,362;-;-;-;-;-;-;-
WDOX26P005550;BRBMEF2Y0826;FINANCIAL;-;-;-;-;-;-;-;-;-;396,722;-;-;-;-;-;-;-
WDOX26P005600;BRBMEF2Y0834;FINANCIAL;-;-;-;-;-;-;-;-;-;438,26;-;-;-;-;-;-;-
WDOX26P005650;BRBMEF2Y0842;FINANCIAL;-;-;-;-;-;-;-;-;-;480,816;-;-;-;-;-;-;-
WDOX26P005700;BRBMEF2Y0859;FINANCIAL;-;-;-;-;-;-;-;-;-;524,304;-;-;-;-;-;-;-
WDOX26P005750;BRBMEF2Y0867;FINANCIAL;-;-;-;-;-;-;-;-;-;568,531;-;-;-;-;-;-;-
WDOX26P005800;BRBMEF2Y0875;FINANCIAL;-;-;-;-;-;-;-;-;-;613,387;-;-;-;-;-;-;-
WDOX26P005850;BRBMEF2Y0883;FINANCIAL;-;-;-;-;-;-;-;-;-;658,571;-;-;-;-;-;-;-
WDOX26P005900;BRBMEF2Y0891;FINANCIAL;-;-;-;-;-;-;-;-;-;704,028;-;-;-;-;-;-;-
WDOX26P005950;BRBMEF2Y08A1;FINANCIAL;-;-;-;-;-;-;-;-;-;749,955;-;-;-;-;-;-;-
WDOX26P006000;BRBMEF2Y08B9;FINANCIAL;-;-;-;-;-;-;-;-;-;796,281;-;-;-;-;-;-;-
ISPZ26C004200;BRBMEFCSIYR0;FINANCIAL;-;-;-;-;-;-;-;-;-;3333,14;-;-;-;-;-;-;-
ISPZ26C005000;BRBMEFCSIYS8;FINANCIAL;-;-;-;-;-;-;-;-;-;2574,67;-;-;-;-;-;-;-
ISPZ26C005500;BRBMEFCSIYT6;FINANCIAL;-;-;-;-;-;-;-;-;-;2110,4;-;-;-;-;-;-;-
ISPZ26P004200;BRBMEFVSIYR0;FINANCIAL;-;-;-;-;-;-;-;-;-;0,14;-;-;-;-;-;-;-
ISPZ26P005000;BRBMEFVSIYS8;FINANCIAL;-;-;-;-;-;-;-;-;-;3,6;-;-;-;-;-;-;-
ISPZ26P005500;BRBMEFVSIYT6;FINANCIAL;-;-;-;-;-;-;-;-;-;15,54;-;-;-;-;-;-;-
ISPZ26C006300;BRBMEFCSIZ31;FINANCIAL;-;-;-;-;-;-;-;-;-;1384,17;-;-;-;-;-;-;-
ISPZ26P006300;BRBMEFVSIZ38;FINANCIAL;-;-;-;-;-;-;-;-;-;51,25;-;-;-;-;-;-;-
ISPZ26C005200;BRBMEFCSN0H5;FINANCIAL;-;-;-;-;-;-;-;-;-;2387,33;-;-;-;-;-;-;-
ISPZ26C005300;BRBMEFCSN0I3;FINANCIAL;-;-;-;-;-;-;-;-;-;2294,38;-;-;-;-;-;-;-
ISPZ26C005400;BRBMEFCSN0J1;FINANCIAL;-;-;-;-;-;-;-;-;-;2202,03;-;-;-;-;-;-;-
ISPZ26C005600;BRBMEFCSN0K9;FINANCIAL;-;-;-;-;-;-;-;-;-;2019,61;-;-;-;-;-;-;-
ISPZ26C005700;BRBMEFCSN0L7;FINANCIAL;-;-;-;-;-;-;-;-;-;1929,79;-;-;-;-;-;-;-
ISPZ26C005800;BRBMEFCSN0M5;FINANCIAL;-;-;-;-;-;-;-;-;-;1840,19;-;-;-;-;-;-;-
ISPZ26C005900;BRBMEFCSN0N3;FINANCIAL;-;-;-;-;-;-;-;-;-;1747,92;-;-;-;-;-;-;-
ISPZ26C006000;BRBMEFCSN0O1;FINANCIAL;-;-;-;-;-;-;-;-;-;1656,12;-;-;-;-;-;-;-
ISPZ26C006100;BRBMEFCSN0P8;FINANCIAL;-;-;-;-;-;-;-;-;-;1564,86;-;-;-;-;-;-;-
ISPZ26C006200;BRBMEFCSN0Q6;FINANCIAL;-;-;-;-;-;-;-;-;-;1474,18;-;-;-;-;-;-;-
ISPZ26C006400;BRBMEFCSN0R4;FINANCIAL;-;-;-;-;-;-;-;-;-;1294,94;-;-;-;-;-;-;-
ISPZ26C006500;BRBMEFCSN0S2;FINANCIAL;-;-;-;-;-;-;-;-;-;1205,27;-;-;-;-;-;-;-
ISPZ26C006600;BRBMEFCSN0T0;FINANCIAL;-;-;-;-;-;-;-;-;-;1116,61;-;-;-;-;-;-;-
ISPZ26C006700;BRBMEFCSN0U8;FINANCIAL;-;-;-;-;-;-;-;-;-;1029,09;-;-;-;-;-;-;-
ISPZ26C006800;BRBMEFCSN0V6;FINANCIAL;-;-;-;-;-;-;-;-;-;942,9;-;-;-;-;-;-;-
ISPZ26C006900;BRBMEFCSN0W4;FINANCIAL;-;-;-;-;-;-;-;-;-;858,19;-;-;-;-;-;-;-
ISPZ26P005200;BRBMEFVSN0H2;FINANCIAL;-;-;-;-;-;-;-;-;-;6,75;-;-;-;-;-;-;-
ISPZ26P005300;BRBMEFVSN0I0;FINANCIAL;-;-;-;-;-;-;-;-;-;9,04;-;-;-;-;-;-;-
ISPZ26P005400;BRBMEFVSN0J8;FINANCIAL;-;-;-;-;-;-;-;-;-;11,93;-;-;-;-;-;-;-
ISPZ26P005600;BRBMEFVSN0K6;FINANCIAL;-;-;-;-;-;-;-;-;-;20;-;-;-;-;-;-;-
ISPZ26P005700;BRBMEFVSN0L4;FINANCIAL;-;-;-;-;-;-;-;-;-;25,42;-;-;-;-;-;-;-
ISPZ26P005800;BRBMEFVSN0M2;FINANCIAL;-;-;-;-;-;-;-;-;-;31,06;-;-;-;-;-;-;-
ISPZ26P005900;BRBMEFVSN0N0;FINANCIAL;-;-;-;-;-;-;-;-;-;34,04;-;-;-;-;-;-;-
ISPZ26P006000;BRBMEFVSN0O8;FINANCIAL;-;-;-;-;-;-;-;-;-;37,48;-;-;-;-;-;-;-
ISPZ26P006100;BRBMEFVSN0P5;FINANCIAL;-;-;-;-;-;-;-;-;-;41,46;-;-;-;-;-;-;-
ISPZ26P006200;BRBMEFVSN0Q3;FINANCIAL;-;-;-;-;-;-;-;-;-;46,02;-;-;-;-;-;-;-
ISPZ26P006400;BRBMEFVSN0R1;FINANCIAL;-;-;-;-;-;-;-;-;-;57,27;-;-;-;-;-;-;-
ISPZ26P006500;BRBMEFVSN0S9;FINANCIAL;-;-;-;-;-;-;-;-;-;62,84;-;-;-;-;-;-;-
ISPZ26P006600;BRBMEFVSN0T7;FINANCIAL;-;-;-;-;-;-;-;-;-;69,42;-;-;-;-;-;-;-
ISPZ26P006700;BRBMEFVSN0U5;FINANCIAL;-;-;-;-;-;-;-;-;-;77,14;-;-;-;-;-;-;-
ISPZ26P006800;BRBMEFVSN0V3;FINANCIAL;-;-;-;-;-;-;-;-;-;86,2;-;-;-;-;-;-;-
ISPZ26P006900;BRBMEFVSN0W1;FINANCIAL;-;-;-;-;-;-;-;-;-;96,73;-;-;-;-;-;-;-
ISPU26C006200;BRBMEFCSN0X2;FINANCIAL;-;-;-;-;-;-;-;-;-;1411,05;-;-;-;-;-;-;-
ISPU26P006200;BRBMEFVSN0X9;FINANCIAL;-;-;-;-;-;-;-;-;-;3,27;-;-;-;-;-;-;-
ISPU26C006900;BRBMEFCSN2B4;FINANCIAL;-;-;-;-;-;-;-;-;-;745,18;-;-;-;-;-;-;-
ISPU26C007400;BRBMEFCSN2C2;FINANCIAL;-;-;-;-;-;-;-;-;-;305,15;-;-;-;-;-;-;-
ISPU26C007800;BRBMEFCSN2D0;FINANCIAL;-;-;-;-;-;-;-;-;-;66,06;-;-;-;-;-;-;-
ISPU26P006900;BRBMEFVSN2B1;FINANCIAL;-;-;-;-;-;-;-;-;-;25,56;-;-;-;-;-;-;-
ISPU26P007400;BRBMEFVSN2C9;FINANCIAL;-;-;-;-;-;-;-;-;-;77,07;-;-;-;-;-;-;-
ISPU26P007800;BRBMEFVSN2D7;FINANCIAL;-;-;-;-;-;-;-;-;-;231,22;-;-;-;-;-;-;-
ISPU26C006000;BRBMEFCSN2E8;FINANCIAL;-;-;-;-;-;-;-;-;-;1605,55;-;-;-;-;-;-;-
ISPU26C006500;BRBMEFCSN2F5;FINANCIAL;-;-;-;-;-;-;-;-;-;1125,22;-;-;-;-;-;-;-
ISPU26P006000;BRBMEFVSN2E5;FINANCIAL;-;-;-;-;-;-;-;-;-;1,15;-;-;-;-;-;-;-
ISPU26P006500;BRBMEFVSN2F2;FINANCIAL;-;-;-;-;-;-;-;-;-;12,36;-;-;-;-;-;-;-
ISPU26C007000;BRBMEFCSN2G3;FINANCIAL;-;-;-;-;-;-;-;-;-;652,1;-;-;-;-;-;-;-
ISPU26C007100;BRBMEFCSN2H1;FINANCIAL;-;-;-;-;-;-;-;-;-;560,64;-;-;-;-;-;-;-
ISPU26C007200;BRBMEFCSN2I9;FINANCIAL;-;-;-;-;-;-;-;-;-;471,78;-;-;-;-;-;-;-
ISPU26C007300;BRBMEFCSN2J7;FINANCIAL;-;-;-;-;-;-;-;-;-;386,53;-;-;-;-;-;-;-
ISPU26P007000;BRBMEFVSN2G0;FINANCIAL;-;-;-;-;-;-;-;-;-;30,78;-;-;-;-;-;-;-
ISPU26P007100;BRBMEFVSN2H8;FINANCIAL;-;-;-;-;-;-;-;-;-;37,64;-;-;-;-;-;-;-
ISPU26P007200;BRBMEFVSN2I6;FINANCIAL;-;-;-;-;-;-;-;-;-;47,08;-;-;-;-;-;-;-
ISPU26P007300;BRBMEFVSN2J4;FINANCIAL;-;-;-;-;-;-;-;-;-;60,14;-;-;-;-;-;-;-
ISPZ26C007000;BRBMEFCSN2K5;FINANCIAL;-;-;-;-;-;-;-;-;-;775,47;-;-;-;-;-;-;-
ISPZ26C007100;BRBMEFCSN2L3;FINANCIAL;-;-;-;-;-;-;-;-;-;694,84;-;-;-;-;-;-;-
ISPZ26C007200;BRBMEFCSN2M1;FINANCIAL;-;-;-;-;-;-;-;-;-;616,36;-;-;-;-;-;-;-
ISPZ26C007300;BRBMEFCSN2N9;FINANCIAL;-;-;-;-;-;-;-;-;-;539,93;-;-;-;-;-;-;-
ISPZ26C007400;BRBMEFCSN2O7;FINANCIAL;-;-;-;-;-;-;-;-;-;466,85;-;-;-;-;-;-;-
ISPZ26C007500;BRBMEFCSN2P4;FINANCIAL;-;-;-;-;-;-;-;-;-;397,51;-;-;-;-;-;-;-
ISPZ26P007000;BRBMEFVSN2K2;FINANCIAL;-;-;-;-;-;-;-;-;-;109,25;-;-;-;-;-;-;-
ISPZ26P007100;BRBMEFVSN2L0;FINANCIAL;-;-;-;-;-;-;-;-;-;123,86;-;-;-;-;-;-;-
ISPZ26P007200;BRBMEFVSN2M8;FINANCIAL;-;-;-;-;-;-;-;-;-;140,63;-;-;-;-;-;-;-
ISPZ26P007300;BRBMEFVSN2N6;FINANCIAL;-;-;-;-;-;-;-;-;-;159,44;-;-;-;-;-;-;-
ISPZ26P007400;BRBMEFVSN2O4;FINANCIAL;-;-;-;-;-;-;-;-;-;181,6;-;-;-;-;-;-;-
ISPZ26P007500;BRBMEFVSN2P1;FINANCIAL;-;-;-;-;-;-;-;-;-;207,51;-;-;-;-;-;-;-
ISPU26C007600;BRBMEFCSN2R0;FINANCIAL;-;-;-;-;-;-;-;-;-;162,39;-;-;-;-;-;-;-
ISPU26C007900;BRBMEFCSN2S8;FINANCIAL;-;-;-;-;-;-;-;-;-;38,29;-;-;-;-;-;-;-
ISPU26P007600;BRBMEFVSN2R7;FINANCIAL;-;-;-;-;-;-;-;-;-;130,93;-;-;-;-;-;-;-
ISPU26P007900;BRBMEFVSN2S5;FINANCIAL;-;-;-;-;-;-;-;-;-;301,76;-;-;-;-;-;-;-
ISPU26C006100;BRBMEFCSN2T6;FINANCIAL;-;-;-;-;-;-;-;-;-;1508,06;-;-;-;-;-;-;-
ISPU26C006300;BRBMEFCSN2U4;FINANCIAL;-;-;-;-;-;-;-;-;-;1314,72;-;-;-;-;-;-;-
ISPU26C006400;BRBMEFCSN2V2;FINANCIAL;-;-;-;-;-;-;-;-;-;1219,33;-;-;-;-;-;-;-
ISPU26C006600;BRBMEFCSN2W0;FINANCIAL;-;-;-;-;-;-;-;-;-;1030,78;-;-;-;-;-;-;-
ISPU26C006700;BRBMEFCSN2X8;FINANCIAL;-;-;-;-;-;-;-;-;-;934,7;-;-;-;-;-;-;-
ISPU26C006800;BRBMEFCSN2Y6;FINANCIAL;-;-;-;-;-;-;-;-;-;839,39;-;-;-;-;-;-;-
ISPU26C007500;BRBMEFCSN2Z3;FINANCIAL;-;-;-;-;-;-;-;-;-;229,4;-;-;-;-;-;-;-
ISPU26C007700;BRBMEFCSN305;FINANCIAL;-;-;-;-;-;-;-;-;-;107,3;-;-;-;-;-;-;-
ISPU26P006100;BRBMEFVSN2T3;FINANCIAL;-;-;-;-;-;-;-;-;-;1,97;-;-;-;-;-;-;-
ISPU26P006300;BRBMEFVSN2U1;FINANCIAL;-;-;-;-;-;-;-;-;-;5,24;-;-;-;-;-;-;-
ISPU26P006400;BRBMEFVSN2V9;FINANCIAL;-;-;-;-;-;-;-;-;-;8,17;-;-;-;-;-;-;-
ISPU26P006600;BRBMEFVSN2W7;FINANCIAL;-;-;-;-;-;-;-;-;-;16,23;-;-;-;-;-;-;-
ISPU26P006700;BRBMEFVSN2X5;FINANCIAL;-;-;-;-;-;-;-;-;-;18,46;-;-;-;-;-;-;-
ISPU26P006800;BRBMEFVSN2Y3;FINANCIAL;-;-;-;-;-;-;-;-;-;21,46;-;-;-;-;-;-;-
ISPU26P007500;BRBMEFVSN2Z0;FINANCIAL;-;-;-;-;-;-;-;-;-;99,63;-;-;-;-;-;-;-
ISPU26P007700;BRBMEFVSN305;FINANCIAL;-;-;-;-;-;-;-;-;-;174,15;-;-;-;-;-;-;-
ISPQ26C007200;BRBMEFCSN354;FINANCIAL;-;-;-;-;-;-;-;-;-;446,08;-;-;-;-;-;-;-
ISPQ26C007300;BRBMEFCSN362;FINANCIAL;-;-;-;-;-;-;-;-;-;353,35;-;-;-;-;-;-;-
ISPQ26C007400;BRBMEFCSN370;FINANCIAL;-;-;-;-;-;-;-;-;-;264,87;-;-;-;-;-;-;-
ISPQ26P007200;BRBMEFVSN354;FINANCIAL;-;-;-;-;-;-;-;-;-;17,2;-;-;-;-;-;-;-
ISPQ26P007300;BRBMEFVSN362;FINANCIAL;-;-;-;-;-;-;-;-;-;23,75;-;-;-;-;-;-;-
ISPQ26P007400;BRBMEFVSN370;FINANCIAL;-;-;-;-;-;-;-;-;-;34,55;-;-;-;-;-;-;-
IDIF27C544000;BRBMEFCIAW83;FINANCIAL;-;-;-;-;-;-;-;-;-;6619,51;-;-;-;-;-;-;-
IDIF27C545000;BRBMEFCIAW91;FINANCIAL;-;-;-;-;-;-;-;-;-;5671,46;-;-;-;-;-;-;-
IDIF27C547300;BRBMEFCIAWA8;FINANCIAL;-;-;-;-;-;-;-;-;-;3490,95;-;-;-;-;-;-;-
IDIF27C548000;BRBMEFCIAWB6;FINANCIAL;-;-;-;-;-;-;-;-;-;2827,31;-;-;-;-;-;-;-
IDIF27C550000;BRBMEFCIAWC4;FINANCIAL;-;-;-;-;-;-;-;-;-;933,95;-;-;-;-;-;-;-
IDIF27C555000;BRBMEFCIAWD2;FINANCIAL;-;-;-;-;-;-;-;-;-;75,52;-;-;-;-;-;-;-
IDIF27P544000;BRBMEFVI1W81;FINANCIAL;-;-;-;-;-;-;-;-;-;0,01;-;-;-;-;-;-;-
IDIF27P545000;BRBMEFVI1W99;FINANCIAL;-;-;-;-;-;-;-;-;-;0,01;-;-;-;-;-;-;-
IDIF27P547300;BRBMEFVI1WA7;FINANCIAL;0,01;0,01;0,01;0,01;0,01;-97,29;-;-;-;0,01;-;-;-;-;2;40;0,4
IDIF27P548000;BRBMEFVI1WB5;FINANCIAL;-;-;-;-;-;-;-;-;-;0,01;-;-;-;-;-;-;-
IDIF27P550000;BRBMEFVI1WC3;FINANCIAL;-;-;-;-;-;-;-;-;-;2,74;-;-;-;-;-;-;-
IDIF27P555000;BRBMEFVI1WD1;FINANCIAL;-;-;-;-;-;-;-;-;-;3884,57;-;-;-;-;-;-;-
D13F27C001250;BRBMEFD302S0;FINANCIAL;-;-;-;-;-;-;-;-;-;1184,13;-;-;-;-;-;-;-
D13F27C001275;BRBMEFD302T8;FINANCIAL;-;-;-;-;-;-;-;-;-;1053,19;-;-;-;-;-;-;-
D13F27C001300;BRBMEFD302U6;FINANCIAL;-;-;-;-;-;-;-;-;-;934,15;-;-;-;-;-;-;-
D13F27C001325;BRBMEFD302V4;FINANCIAL;-;-;-;-;-;-;-;-;-;824,4;-;-;-;-;-;-;-
D13F27C001350;BRBMEFD302W2;FINANCIAL;-;-;-;-;-;-;-;-;-;727,99;-;-;-;-;-;-;-
D13F27C001375;BRBMEFD302X0;FINANCIAL;-;-;-;-;-;-;-;-;-;641,27;-;-;-;-;-;-;-
D13F27C001400;BRBMEFD302Y8;FINANCIAL;-;-;-;-;-;-;-;-;-;564,29;-;-;-;-;-;-;-
D13F27C001425;BRBMEFD302Z5;FINANCIAL;-;-;-;-;-;-;-;-;-;497,78;-;-;-;-;-;-;-
D13F27C001450;BRBMEFD30307;FINANCIAL;-;-;-;-;-;-;-;-;-;439,18;-;-;-;-;-;-;-
D13F27C001475;BRBMEFD30315;FINANCIAL;-;-;-;-;-;-;-;-;-;387,5;-;-;-;-;-;-;-
D13F27C001500;BRBMEFD30323;FINANCIAL;-;-;-;-;-;-;-;-;-;344,2;-;-;-;-;-;-;-
D13F27C001525;BRBMEFD30331;FINANCIAL;-;-;-;-;-;-;-;-;-;306,27;-;-;-;-;-;-;-
D13F27C001550;BRBMEFD30349;FINANCIAL;-;-;-;-;-;-;-;-;-;273,28;-;-;-;-;-;-;-
D13F27C001575;BRBMEFD30356;FINANCIAL;-;-;-;-;-;-;-;-;-;244,61;-;-;-;-;-;-;-
D13F27C001600;BRBMEFD30364;FINANCIAL;-;-;-;-;-;-;-;-;-;218,34;-;-;-;-;-;-;-
D13F27P001250;BRBMEFP30285;FINANCIAL;-;-;-;-;-;-;-;-;-;229,67;-;-;-;-;-;-;-
D13F27P001275;BRBMEFP30293;FINANCIAL;-;-;-;-;-;-;-;-;-;284,93;-;-;-;-;-;-;-
D13F27P001300;BRBMEFP302A4;FINANCIAL;-;-;-;-;-;-;-;-;-;351,26;-;-;-;-;-;-;-
D13F27P001325;BRBMEFP302B2;FINANCIAL;-;-;-;-;-;-;-;-;-;426,07;-;-;-;-;-;-;-
D13F27P001350;BRBMEFP302C0;FINANCIAL;-;-;-;-;-;-;-;-;-;513,41;-;-;-;-;-;-;-
D13F27P001375;BRBMEFP302D8;FINANCIAL;-;-;-;-;-;-;-;-;-;609,63;-;-;-;-;-;-;-
D13F27P001400;BRBMEFP302E6;FINANCIAL;-;-;-;-;-;-;-;-;-;714,8;-;-;-;-;-;-;-
D13F27P001425;BRBMEFP302F3;FINANCIAL;-;-;-;-;-;-;-;-;-;829,63;-;-;-;-;-;-;-
D13F27P001450;BRBMEFP302G1;FINANCIAL;-;-;-;-;-;-;-;-;-;951,59;-;-;-;-;-;-;-
D13F27P001475;BRBMEFP302H9;FINANCIAL;-;-;-;-;-;-;-;-;-;1079,69;-;-;-;-;-;-;-
D13F27P001500;BRBMEFP302I7;FINANCIAL;-;-;-;-;-;-;-;-;-;1215,38;-;-;-;-;-;-;-
D13F27P001525;BRBMEFP302J5;FINANCIAL;-;-;-;-;-;-;-;-;-;1355,66;-;-;-;-;-;-;-
D13F27P001550;BRBMEFP302K3;FINANCIAL;-;-;-;-;-;-;-;-;-;1500,12;-;-;-;-;-;-;-
D13F27P001575;BRBMEFP302L1;FINANCIAL;-;-;-;-;-;-;-;-;-;1648,14;-;-;-;-;-;-;-
D13F27P001600;BRBMEFP302M9;FINANCIAL;-;-;-;-;-;-;-;-;-;1797,79;-;-;-;-;-;-;-
IDIF27C544500;BRBMEFCIAWU6;FINANCIAL;-;-;-;-;-;-;-;-;-;6145,49;-;-;-;-;-;-;-
IDIF27C545500;BRBMEFCIAWV4;FINANCIAL;-;-;-;-;-;-;-;-;-;5197,44;-;-;-;-;-;-;-
IDIF27C546000;BRBMEFCIAWW2;FINANCIAL;-;-;-;-;-;-;-;-;-;4723,41;-;-;-;-;-;-;-
IDIF27C546500;BRBMEFCIAWX0;FINANCIAL;-;-;-;-;-;-;-;-;-;4249,39;-;-;-;-;-;-;-
IDIF27C547000;BRBMEFCIAWY8;FINANCIAL;-;-;-;-;-;-;-;-;-;3775,36;-;-;-;-;-;-;-
IDIF27P544500;BRBMEFVI1WU5;FINANCIAL;-;-;-;-;-;-;-;-;-;0,01;-;-;-;-;-;-;-
IDIF27P545500;BRBMEFVI1WV3;FINANCIAL;-;-;-;-;-;-;-;-;-;0,01;-;-;-;-;-;-;-
IDIF27P546000;BRBMEFVI1WW1;FINANCIAL;-;-;-;-;-;-;-;-;-;0,01;-;-;-;-;-;-;-
IDIF27P546500;BRBMEFVI1WX9;FINANCIAL;-;-;-;-;-;-;-;-;-;0,01;-;-;-;-;-;-;-
IDIF27P547000;BRBMEFVI1WY7;FINANCIAL;-;-;-;-;-;-;-;-;-;0,01;-;-;-;-;-;-;-
IDIV26C522000;BRBMEFCIVVU4;FINANCIAL;-;-;-;-;-;-;-;-;-;11557,51;-;-;-;-;-;-;-
IDIV26C524000;BRBMEFCIVVV2;FINANCIAL;-;-;-;-;-;-;-;-;-;9600,42;-;-;-;-;-;-;-
IDIV26C526000;BRBMEFCIVVW0;FINANCIAL;-;-;-;-;-;-;-;-;-;7643,32;-;-;-;-;-;-;-
IDIV26C528000;BRBMEFCIVVX8;FINANCIAL;-;-;-;-;-;-;-;-;-;5686,23;-;-;-;-;-;-;-
IDIV26C530000;BRBMEFCIVVY6;FINANCIAL;-;-;-;-;-;-;-;-;-;3729,13;-;-;-;-;-;-;-
IDIV26C532000;BRBMEFCIVVZ3;FINANCIAL;-;-;-;-;-;-;-;-;-;1772,04;-;-;-;-;-;-;-
IDIV26C534000;BRBMEFCIVW05;FINANCIAL;5,04;5,04;5,04;5,04;5,04;231,57;-;-;-;6,54;-;-;-;-;4;1.344;6773,76
IDIV26C536000;BRBMEFCIVW13;FINANCIAL;-;-;-;-;-;-;-;-;-;0,01;-;-;-;-;-;-;-
IDIV26C538000;BRBMEFCIVW21;FINANCIAL;-;-;-;-;-;-;-;-;-;0,01;-;-;-;-;-;-;-
IDIV26C540000;BRBMEFCIVW39;FINANCIAL;-;-;-;-;-;-;-;-;-;0,01;-;-;-;-;-;-;-
IDIV26C542000;BRBMEFCIVW47;FINANCIAL;-;-;-;-;-;-;-;-;-;0,01;-;-;-;-;-;-;-
IDIV26C544000;BRBMEFCIVW54;FINANCIAL;-;-;-;-;-;-;-;-;-;0,01;-;-;-;-;-;-;-
IDIV26C546000;BRBMEFCIVW62;FINANCIAL;-;-;-;-;-;-;-;-;-;0,01;-;-;-;-;-;-;-
IDIV26P522000;BRBMEFVIVVU4;FINANCIAL;-;-;-;-;-;-;-;-;-;0,01;-;-;-;-;-;-;-
IDIV26P524000;BRBMEFVIVVV2;FINANCIAL;-;-;-;-;-;-;-;-;-;0,01;-;-;-;-;-;-;-
IDIV26P526000;BRBMEFVIVVW0;FINANCIAL;-;-;-;-;-;-;-;-;-;0,01;-;-;-;-;-;-;-
IDIV26P528000;BRBMEFVIVVX8;FINANCIAL;-;-;-;-;-;-;-;-;-;0,01;-;-;-;-;-;-;-
IDIV26P530000;BRBMEFVIVVY6;FINANCIAL;-;-;-;-;-;-;-;-;-;0,01;-;-;-;-;-;-;-
IDIV26P532000;BRBMEFVIVVZ3;FINANCIAL;0,01;0,01;0,01;0,01;0,01;0;-;-;-;0,01;-;-;-;-;2;512;5,12
IDIV26P534000;BRBMEFVIVW02;FINANCIAL;195,4;195,4;195,4;195,4;195,4;4,15;-;-;-;191,6;-;-;-;-;1;3.795;741543
IDIV26P536000;BRBMEFVIVW10;FINANCIAL;-;-;-;-;-;-;-;-;-;2142,16;-;-;-;-;-;-;-
IDIV26P538000;BRBMEFVIVW28;FINANCIAL;-;-;-;-;-;-;-;-;-;4099,25;-;-;-;-;-;-;-
IDIV26P540000;BRBMEFVIVW36;FINANCIAL;-;-;-;-;-;-;-;-;-;6056,34;-;-;-;-;-;-;-
IDIV26P542000;BRBMEFVIVW44;FINANCIAL;-;-;-;-;-;-;-;-;-;8013,44;-;-;-;-;-;-;-
IDIV26P544000;BRBMEFVIVW51;FINANCIAL;-;-;-;-;-;-;-;-;-;9970,53;-;-;-;-;-;-;-
IDIV26P546000;BRBMEFVIVW69;FINANCIAL;-;-;-;-;-;-;-;-;-;11927,63;-;-;-;-;-;-;-
IDIN28C657500;BRBMEFCICHU3;FINANCIAL;-;-;-;-;-;-;-;-;-;11335,07;-;-;-;-;-;-;-
IDIN28C657800;BRBMEFCICHV1;FINANCIAL;-;-;-;-;-;-;-;-;-;11176,86;-;-;-;-;-;-;-
IDIN28C658000;BRBMEFCICHX7;FINANCIAL;-;-;-;-;-;-;-;-;-;11072,03;-;-;-;-;-;-;-
IDIN28C660000;BRBMEFCICHY5;FINANCIAL;-;-;-;-;-;-;-;-;-;10062,81;-;-;-;-;-;-;-
IDIN28C662000;BRBMEFCICHZ2;FINANCIAL;-;-;-;-;-;-;-;-;-;9122,45;-;-;-;-;-;-;-
IDIN28C664000;BRBMEFCICI06;FINANCIAL;-;-;-;-;-;-;-;-;-;8253,42;-;-;-;-;-;-;-
IDIN28C666000;BRBMEFCICI14;FINANCIAL;-;-;-;-;-;-;-;-;-;7449,94;-;-;-;-;-;-;-
IDIN28C667000;BRBMEFCICHW9;FINANCIAL;-;-;-;-;-;-;-;-;-;7072,97;-;-;-;-;-;-;-
IDIN28C668000;BRBMEFCICI22;FINANCIAL;-;-;-;-;-;-;-;-;-;6711,91;-;-;-;-;-;-;-
IDIN28C670000;BRBMEFCICI30;FINANCIAL;-;-;-;-;-;-;-;-;-;6036,75;-;-;-;-;-;-;-
IDIN28C672000;BRBMEFCICI48;FINANCIAL;-;-;-;-;-;-;-;-;-;5424,32;-;-;-;-;-;-;-
IDIN28C674000;BRBMEFCICI55;FINANCIAL;-;-;-;-;-;-;-;-;-;4867,42;-;-;-;-;-;-;-
IDIN28C676000;BRBMEFCICI63;FINANCIAL;-;-;-;-;-;-;-;-;-;4365,34;-;-;-;-;-;-;-
IDIN28C678000;BRBMEFCICI71;FINANCIAL;-;-;-;-;-;-;-;-;-;3911,08;-;-;-;-;-;-;-
IDIN28C680000;BRBMEFCICI89;FINANCIAL;-;-;-;-;-;-;-;-;-;3503,38;-;-;-;-;-;-;-
IDIN28C682000;BRBMEFCICI97;FINANCIAL;-;-;-;-;-;-;-;-;-;3135,72;-;-;-;-;-;-;-
IDIN28C684000;BRBMEFCICIA3;FINANCIAL;-;-;-;-;-;-;-;-;-;2808,51;-;-;-;-;-;-;-
IDIN28C686000;BRBMEFCICIB1;FINANCIAL;-;-;-;-;-;-;-;-;-;2515,96;-;-;-;-;-;-;-
IDIN28C688000;BRBMEFCICIC9;FINANCIAL;-;-;-;-;-;-;-;-;-;2251,63;-;-;-;-;-;-;-
IDIN28C690000;BRBMEFCICID7;FINANCIAL;-;-;-;-;-;-;-;-;-;2017,55;-;-;-;-;-;-;-
IDIN28C692000;BRBMEFCICIE5;FINANCIAL;-;-;-;-;-;-;-;-;-;1808,5;-;-;-;-;-;-;-
IDIN28C694000;BRBMEFCICIF2;FINANCIAL;-;-;-;-;-;-;-;-;-;1622,29;-;-;-;-;-;-;-
IDIN28C696000;BRBMEFCICIG0;FINANCIAL;-;-;-;-;-;-;-;-;-;1454,85;-;-;-;-;-;-;-
IDIN28C698000;BRBMEFCICIH8;FINANCIAL;-;-;-;-;-;-;-;-;-;1306,65;-;-;-;-;-;-;-
IDIN28C700000;BRBMEFCICII6;FINANCIAL;-;-;-;-;-;-;-;-;-;1174,37;-;-;-;-;-;-;-
IDIN28C702000;BRBMEFCICIJ4;FINANCIAL;-;-;-;-;-;-;-;-;-;1055,5;-;-;-;-;-;-;-
IDIN28C704000;BRBMEFCICIK2;FINANCIAL;-;-;-;-;-;-;-;-;-;950,16;-;-;-;-;-;-;-
IDIN28C706000;BRBMEFCICIL0;FINANCIAL;-;-;-;-;-;-;-;-;-;856,23;-;-;-;-;-;-;-
IDIN28C708000;BRBMEFCICIM8;FINANCIAL;-;-;-;-;-;-;-;-;-;772,55;-;-;-;-;-;-;-
IDIN28C710000;BRBMEFCICIN6;FINANCIAL;-;-;-;-;-;-;-;-;-;697,67;-;-;-;-;-;-;-
IDIN28C712000;BRBMEFCICIO4;FINANCIAL;-;-;-;-;-;-;-;-;-;630,43;-;-;-;-;-;-;-
IDIN28C714000;BRBMEFCICIP1;FINANCIAL;-;-;-;-;-;-;-;-;-;569,95;-;-;-;-;-;-;-
IDIN28C716000;BRBMEFCICIQ9;FINANCIAL;-;-;-;-;-;-;-;-;-;516,07;-;-;-;-;-;-;-
IDIN28C718000;BRBMEFCICIR7;FINANCIAL;-;-;-;-;-;-;-;-;-;467,89;-;-;-;-;-;-;-
IDIN28C720000;BRBMEFCICIS5;FINANCIAL;-;-;-;-;-;-;-;-;-;424,57;-;-;-;-;-;-;-
IDIN28C722000;BRBMEFCICIT3;FINANCIAL;-;-;-;-;-;-;-;-;-;385,58;-;-;-;-;-;-;-
IDIN28C724000;BRBMEFCICIU1;FINANCIAL;-;-;-;-;-;-;-;-;-;350,65;-;-;-;-;-;-;-
IDIN28C726000;BRBMEFCICIV9;FINANCIAL;-;-;-;-;-;-;-;-;-;319,27;-;-;-;-;-;-;-
IDIN28C728000;BRBMEFCICIW7;FINANCIAL;-;-;-;-;-;-;-;-;-;291;-;-;-;-;-;-;-
IDIN28C730000;BRBMEFCICIX5;FINANCIAL;-;-;-;-;-;-;-;-;-;265,47;-;-;-;-;-;-;-
IDIN28C732000;BRBMEFCICIY3;FINANCIAL;-;-;-;-;-;-;-;-;-;242,38;-;-;-;-;-;-;-
IDIN28C734000;BRBMEFCICIZ0;FINANCIAL;-;-;-;-;-;-;-;-;-;221,49;-;-;-;-;-;-;-
IDIN28C736000;BRBMEFCICJ05;FINANCIAL;-;-;-;-;-;-;-;-;-;202,65;-;-;-;-;-;-;-
IDIN28C738000;BRBMEFCICJ13;FINANCIAL;-;-;-;-;-;-;-;-;-;185,56;-;-;-;-;-;-;-
IDIN28C740000;BRBMEFCICJ21;FINANCIAL;-;-;-;-;-;-;-;-;-;170,06;-;-;-;-;-;-;-
IDIN28C742000;BRBMEFCICJ39;FINANCIAL;-;-;-;-;-;-;-;-;-;156,04;-;-;-;-;-;-;-
IDIN28C744000;BRBMEFCICJ47;FINANCIAL;-;-;-;-;-;-;-;-;-;143,32;-;-;-;-;-;-;-
IDIN28C746000;BRBMEFCICJ54;FINANCIAL;-;-;-;-;-;-;-;-;-;131,76;-;-;-;-;-;-;-
IDIN28C748000;BRBMEFCICJ62;FINANCIAL;-;-;-;-;-;-;-;-;-;121,29;-;-;-;-;-;-;-
IDIN28C750000;BRBMEFCICJ70;FINANCIAL;-;-;-;-;-;-;-;-;-;111,75;-;-;-;-;-;-;-
IDIN28P657500;BRBMEFVI2HU4;FINANCIAL;-;-;-;-;-;-;-;-;-;2581,38;-;-;-;-;-;-;-
IDIN28P657800;BRBMEFVI2HV2;FINANCIAL;-;-;-;-;-;-;-;-;-;2657,53;-;-;-;-;-;-;-
IDIN28P658000;BRBMEFVI2HX8;FINANCIAL;-;-;-;-;-;-;-;-;-;2708,92;-;-;-;-;-;-;-
IDIN28P660000;BRBMEFVI2HY6;FINANCIAL;-;-;-;-;-;-;-;-;-;3262;-;-;-;-;-;-;-
IDIN28P662000;BRBMEFVI2HZ3;FINANCIAL;-;-;-;-;-;-;-;-;-;3883,94;-;-;-;-;-;-;-
IDIN28P664000;BRBMEFVI2I05;FINANCIAL;-;-;-;-;-;-;-;-;-;4577,2;-;-;-;-;-;-;-
IDIN28P666000;BRBMEFVI2I13;FINANCIAL;-;-;-;-;-;-;-;-;-;5336,03;-;-;-;-;-;-;-
IDIN28P667000;BRBMEFVI2HW0;FINANCIAL;-;-;-;-;-;-;-;-;-;5740,21;-;-;-;-;-;-;-
IDIN28P668000;BRBMEFVI2I21;FINANCIAL;-;-;-;-;-;-;-;-;-;6160,29;-;-;-;-;-;-;-
IDIN28P670000;BRBMEFVI2I39;FINANCIAL;-;-;-;-;-;-;-;-;-;7047,43;-;-;-;-;-;-;-
IDIN28P672000;BRBMEFVI2I47;FINANCIAL;-;-;-;-;-;-;-;-;-;7997,3;-;-;-;-;-;-;-
IDIN28P674000;BRBMEFVI2I54;FINANCIAL;-;-;-;-;-;-;-;-;-;9002,7;-;-;-;-;-;-;-
IDIN28P676000;BRBMEFVI2I62;FINANCIAL;-;-;-;-;-;-;-;-;-;10062,92;-;-;-;-;-;-;-
IDIN28P678000;BRBMEFVI2I70;FINANCIAL;-;-;-;-;-;-;-;-;-;11170,96;-;-;-;-;-;-;-
IDIN28P680000;BRBMEFVI2I88;FINANCIAL;-;-;-;-;-;-;-;-;-;12325,55;-;-;-;-;-;-;-
IDIN28P682000;BRBMEFVI2I96;FINANCIAL;-;-;-;-;-;-;-;-;-;13520,2;-;-;-;-;-;-;-
IDIN28P684000;BRBMEFVI2IA4;FINANCIAL;-;-;-;-;-;-;-;-;-;14755,28;-;-;-;-;-;-;-
IDIN28P686000;BRBMEFVI2IB2;FINANCIAL;-;-;-;-;-;-;-;-;-;16025,03;-;-;-;-;-;-;-
IDIN28P688000;BRBMEFVI2IC0;FINANCIAL;-;-;-;-;-;-;-;-;-;17323;-;-;-;-;-;-;-
IDIN28P690000;BRBMEFVI2ID8;FINANCIAL;-;-;-;-;-;-;-;-;-;18651,22;-;-;-;-;-;-;-
IDIN28P692000;BRBMEFVI2IE6;FINANCIAL;-;-;-;-;-;-;-;-;-;20004,47;-;-;-;-;-;-;-
IDIN28P694000;BRBMEFVI2IF3;FINANCIAL;-;-;-;-;-;-;-;-;-;21380,55;-;-;-;-;-;-;-
IDIN28P696000;BRBMEFVI2IG1;FINANCIAL;-;-;-;-;-;-;-;-;-;22775,42;-;-;-;-;-;-;-
IDIN28P698000;BRBMEFVI2IH9;FINANCIAL;-;-;-;-;-;-;-;-;-;24189,51;-;-;-;-;-;-;-
IDIN28P700000;BRBMEFVI2II7;FINANCIAL;-;-;-;-;-;-;-;-;-;25619,53;-;-;-;-;-;-;-
IDIN28P702000;BRBMEFVI2IJ5;FINANCIAL;-;-;-;-;-;-;-;-;-;27062,96;-;-;-;-;-;-;-
IDIN28P704000;BRBMEFVI2IK3;FINANCIAL;-;-;-;-;-;-;-;-;-;28519,92;-;-;-;-;-;-;-
IDIN28P706000;BRBMEFVI2IL1;FINANCIAL;-;-;-;-;-;-;-;-;-;29988,29;-;-;-;-;-;-;-
IDIN28P708000;BRBMEFVI2IM9;FINANCIAL;-;-;-;-;-;-;-;-;-;31466,91;-;-;-;-;-;-;-
IDIN28P710000;BRBMEFVI2IN7;FINANCIAL;-;-;-;-;-;-;-;-;-;32954,32;-;-;-;-;-;-;-
IDIN28P712000;BRBMEFVI2IO5;FINANCIAL;-;-;-;-;-;-;-;-;-;34449,39;-;-;-;-;-;-;-
IDIN28P714000;BRBMEFVI2IP2;FINANCIAL;-;-;-;-;-;-;-;-;-;35951,2;-;-;-;-;-;-;-
IDIN28P716000;BRBMEFVI2IQ0;FINANCIAL;-;-;-;-;-;-;-;-;-;37459,62;-;-;-;-;-;-;-
IDIN28P718000;BRBMEFVI2IR8;FINANCIAL;-;-;-;-;-;-;-;-;-;38973,74;-;-;-;-;-;-;-
IDIN28P720000;BRBMEFVI2IS6;FINANCIAL;-;-;-;-;-;-;-;-;-;40492,71;-;-;-;-;-;-;-
IDIN28P722000;BRBMEFVI2IT4;FINANCIAL;-;-;-;-;-;-;-;-;-;42016,02;-;-;-;-;-;-;-
IDIN28P724000;BRBMEFVI2IU2;FINANCIAL;-;-;-;-;-;-;-;-;-;43543,39;-;-;-;-;-;-;-
IDIN28P726000;BRBMEFVI2IV0;FINANCIAL;-;-;-;-;-;-;-;-;-;45074,31;-;-;-;-;-;-;-
IDIN28P728000;BRBMEFVI2IW8;FINANCIAL;-;-;-;-;-;-;-;-;-;46608,34;-;-;-;-;-;-;-
IDIN28P730000;BRBMEFVI2IX6;FINANCIAL;-;-;-;-;-;-;-;-;-;48145,1;-;-;-;-;-;-;-
IDIN28P732000;BRBMEFVI2IY4;FINANCIAL;-;-;-;-;-;-;-;-;-;49684,32;-;-;-;-;-;-;-
IDIN28P734000;BRBMEFVI2IZ1;FINANCIAL;-;-;-;-;-;-;-;-;-;51225,73;-;-;-;-;-;-;-
IDIN28P736000;BRBMEFVI2J04;FINANCIAL;-;-;-;-;-;-;-;-;-;52769,18;-;-;-;-;-;-;-
IDIN28P738000;BRBMEFVI2J12;FINANCIAL;-;-;-;-;-;-;-;-;-;54314,39;-;-;-;-;-;-;-
IDIN28P740000;BRBMEFVI2J20;FINANCIAL;-;-;-;-;-;-;-;-;-;55861,19;-;-;-;-;-;-;-
IDIN28P742000;BRBMEFVI2J38;FINANCIAL;-;-;-;-;-;-;-;-;-;57409,47;-;-;-;-;-;-;-
IDIN28P744000;BRBMEFVI2J46;FINANCIAL;-;-;-;-;-;-;-;-;-;58959,04;-;-;-;-;-;-;-
IDIN28P746000;BRBMEFVI2J53;FINANCIAL;-;-;-;-;-;-;-;-;-;60509,79;-;-;-;-;-;-;-
IDIN28P748000;BRBMEFVI2J61;FINANCIAL;-;-;-;-;-;-;-;-;-;62061,61;-;-;-;-;-;-;-
IDIN28P750000;BRBMEFVI2J79;FINANCIAL;-;-;-;-;-;-;-;-;-;63614,38;-;-;-;-;-;-;-
IDIV26C530500;BRBMEFCIVW88;FINANCIAL;-;-;-;-;-;-;-;-;-;3239,86;-;-;-;-;-;-;-
IDIV26C531000;BRBMEFCIVW96;FINANCIAL;-;-;-;-;-;-;-;-;-;2750,59;-;-;-;-;-;-;-
IDIV26C531500;BRBMEFCIVWA4;FINANCIAL;-;-;-;-;-;-;-;-;-;2261,31;-;-;-;-;-;-;-
IDIV26C532500;BRBMEFCIVWB2;FINANCIAL;-;-;-;-;-;-;-;-;-;1282,76;-;-;-;-;-;-;-
IDIV26C533000;BRBMEFCIVWC0;FINANCIAL;-;-;-;-;-;-;-;-;-;793,49;-;-;-;-;-;-;-
IDIV26C533500;BRBMEFCIVWD8;FINANCIAL;-;-;-;-;-;-;-;-;-;304,22;-;-;-;-;-;-;-
IDIV26C534500;BRBMEFCIVWE6;FINANCIAL;-;-;-;-;-;-;-;-;-;3,4;-;-;-;-;-;-;-
IDIV26P530500;BRBMEFVIVW85;FINANCIAL;-;-;-;-;-;-;-;-;-;0,01;-;-;-;-;-;-;-
IDIV26P531000;BRBMEFVIVW93;FINANCIAL;-;-;-;-;-;-;-;-;-;0,01;-;-;-;-;-;-;-
IDIV26P531500;BRBMEFVIVWA4;FINANCIAL;-;-;-;-;-;-;-;-;-;0,01;-;-;-;-;-;-;-
IDIV26P532500;BRBMEFVIVWB2;FINANCIAL;-;-;-;-;-;-;-;-;-;0,01;-;-;-;-;-;-;-
IDIV26P533000;BRBMEFVIVWC0;FINANCIAL;-;-;-;-;-;-;-;-;-;0,01;-;-;-;-;-;-;-
IDIV26P533500;BRBMEFVIVWD8;FINANCIAL;-;-;-;-;-;-;-;-;-;0,01;-;-;-;-;-;-;-
IDIV26P534500;BRBMEFVIVWE6;FINANCIAL;682,31;682,31;682,31;682,31;682,31;1,1;-;-;-;677,73;-;-;-;-;1;1.197;816725,07
D11F27C001400;BRBMEFCD1DZ2;FINANCIAL;-;-;-;-;-;-;-;-;-;102,41;-;-;-;-;-;-;-
D11F27C001425;BRBMEFCD1E01;FINANCIAL;-;-;-;-;-;-;-;-;-;84,38;-;-;-;-;-;-;-
D11F27C001450;BRBMEFCD1E19;FINANCIAL;-;-;-;-;-;-;-;-;-;69,22;-;-;-;-;-;-;-
D11F27C001475;BRBMEFCD1E27;FINANCIAL;-;-;-;-;-;-;-;-;-;56,9;-;-;-;-;-;-;-
D11F27C001500;BRBMEFCD1E35;FINANCIAL;-;-;-;-;-;-;-;-;-;46,65;-;-;-;-;-;-;-
D11F27P001400;BRBMEFVD1DL9;FINANCIAL;-;-;-;-;-;-;-;-;-;139,98;-;-;-;-;-;-;-
D11F27P001425;BRBMEFVD1DM7;FINANCIAL;-;-;-;-;-;-;-;-;-;169,86;-;-;-;-;-;-;-
D11F27P001450;BRBMEFVD1DN5;FINANCIAL;-;-;-;-;-;-;-;-;-;202,49;-;-;-;-;-;-;-
D11F27P001475;BRBMEFVD1DO3;FINANCIAL;-;-;-;-;-;-;-;-;-;237,82;-;-;-;-;-;-;-
D11F27P001500;BRBMEFVD1DP0;FINANCIAL;-;-;-;-;-;-;-;-;-;275,1;-;-;-;-;-;-;-
IDIF27C553900;BRBMEFCIAX09;FINANCIAL;-;-;-;-;-;-;-;-;-;94,97;-;-;-;-;-;-;-
IDIF27P553900;BRBMEFVI1X07;FINANCIAL;-;-;-;-;-;-;-;-;-;2861,16;-;-;-;-;-;-;-
IDIN27C588100;BRBMEFCICJA1;FINANCIAL;-;-;-;-;-;-;-;-;-;1437,09;-;-;-;-;-;-;-
IDIN27P588100;BRBMEFVI2JA2;FINANCIAL;-;-;-;-;-;-;-;-;-;2535,99;-;-;-;-;-;-;-
IDIF27C547400;BRBMEFCIAX17;FINANCIAL;-;-;-;-;-;-;-;-;-;3396,14;-;-;-;-;-;-;-
IDIF27C547500;BRBMEFCIAX25;FINANCIAL;-;-;-;-;-;-;-;-;-;3301,34;-;-;-;-;-;-;-
IDIF27C547600;BRBMEFCIAX33;FINANCIAL;-;-;-;-;-;-;-;-;-;3206,53;-;-;-;-;-;-;-
IDIF27C547700;BRBMEFCIAX41;FINANCIAL;-;-;-;-;-;-;-;-;-;3111,73;-;-;-;-;-;-;-
IDIF27C547800;BRBMEFCIAX58;FINANCIAL;-;-;-;-;-;-;-;-;-;3016,92;-;-;-;-;-;-;-
IDIF27C547900;BRBMEFCIAX66;FINANCIAL;-;-;-;-;-;-;-;-;-;2922,12;-;-;-;-;-;-;-
IDIF27C548100;BRBMEFCIAX74;FINANCIAL;-;-;-;-;-;-;-;-;-;2732,5;-;-;-;-;-;-;-
IDIF27C548200;BRBMEFCIAX82;FINANCIAL;-;-;-;-;-;-;-;-;-;2637,7;-;-;-;-;-;-;-
IDIF27C548300;BRBMEFCIAX90;FINANCIAL;-;-;-;-;-;-;-;-;-;2542,89;-;-;-;-;-;-;-
IDIF27C548400;BRBMEFCIAXA6;FINANCIAL;-;-;-;-;-;-;-;-;-;2448,09;-;-;-;-;-;-;-
IDIF27C548500;BRBMEFCIAXB4;FINANCIAL;-;-;-;-;-;-;-;-;-;2353,28;-;-;-;-;-;-;-
IDIF27C548600;BRBMEFCIAXC2;FINANCIAL;-;-;-;-;-;-;-;-;-;2258,48;-;-;-;-;-;-;-
IDIF27C548700;BRBMEFCIAXD0;FINANCIAL;-;-;-;-;-;-;-;-;-;2163,67;-;-;-;-;-;-;-
IDIF27C548800;BRBMEFCIAXE8;FINANCIAL;-;-;-;-;-;-;-;-;-;2068,87;-;-;-;-;-;-;-
IDIF27C548900;BRBMEFCIAXF5;FINANCIAL;-;-;-;-;-;-;-;-;-;1974,06;-;-;-;-;-;-;-
IDIF27C549000;BRBMEFCIAXG3;FINANCIAL;-;-;-;-;-;-;-;-;-;1879,26;-;-;-;-;-;-;-
IDIF27C549100;BRBMEFCIAXH1;FINANCIAL;-;-;-;-;-;-;-;-;-;1784,45;-;-;-;-;-;-;-
IDIF27C549200;BRBMEFCIAXI9;FINANCIAL;-;-;-;-;-;-;-;-;-;1689,65;-;-;-;-;-;-;-
IDIF27C549300;BRBMEFCIAXJ7;FINANCIAL;-;-;-;-;-;-;-;-;-;1594,85;-;-;-;-;-;-;-
IDIF27P547400;BRBMEFVI1X15;FINANCIAL;-;-;-;-;-;-;-;-;-;0,01;-;-;-;-;-;-;-
IDIF27P547500;BRBMEFVI1X23;FINANCIAL;-;-;-;-;-;-;-;-;-;0,01;-;-;-;-;-;-;-
IDIF27P547600;BRBMEFVI1X31;FINANCIAL;-;-;-;-;-;-;-;-;-;0,01;-;-;-;-;-;-;-
IDIF27P547700;BRBMEFVI1X49;FINANCIAL;-;-;-;-;-;-;-;-;-;0,01;-;-;-;-;-;-;-
IDIF27P547800;BRBMEFVI1X56;FINANCIAL;-;-;-;-;-;-;-;-;-;0,01;-;-;-;-;-;-;-
IDIF27P547900;BRBMEFVI1X64;FINANCIAL;-;-;-;-;-;-;-;-;-;0,01;-;-;-;-;-;-;-
IDIF27P548100;BRBMEFVI1X72;FINANCIAL;-;-;-;-;-;-;-;-;-;0,01;-;-;-;-;-;-;-
IDIF27P548200;BRBMEFVI1X80;FINANCIAL;-;-;-;-;-;-;-;-;-;0,01;-;-;-;-;-;-;-
IDIF27P548300;BRBMEFVI1X98;FINANCIAL;-;-;-;-;-;-;-;-;-;0,01;-;-;-;-;-;-;-
IDIF27P548400;BRBMEFVI1XA5;FINANCIAL;-;-;-;-;-;-;-;-;-;0,01;-;-;-;-;-;-;-
IDIF27P548500;BRBMEFVI1XB3;FINANCIAL;-;-;-;-;-;-;-;-;-;0,01;-;-;-;-;-;-;-
IDIF27P548600;BRBMEFVI1XC1;FINANCIAL;-;-;-;-;-;-;-;-;-;0,01;-;-;-;-;-;-;-
IDIF27P548700;BRBMEFVI1XD9;FINANCIAL;-;-;-;-;-;-;-;-;-;0,01;-;-;-;-;-;-;-
IDIF27P548800;BRBMEFVI1XE7;FINANCIAL;-;-;-;-;-;-;-;-;-;0,01;-;-;-;-;-;-;-
IDIF27P548900;BRBMEFVI1XF4;FINANCIAL;-;-;-;-;-;-;-;-;-;0,01;-;-;-;-;-;-;-
IDIF27P549000;BRBMEFVI1XG2;FINANCIAL;-;-;-;-;-;-;-;-;-;0,01;-;-;-;-;-;-;-
IDIF27P549100;BRBMEFVI1XH0;FINANCIAL;-;-;-;-;-;-;-;-;-;0,01;-;-;-;-;-;-;-
IDIF27P549200;BRBMEFVI1XI8;FINANCIAL;0,01;0,01;0,01;0,01;0,01;-99,21;-;-;-;0,01;-;-;-;-;2;44;0,44
IDIF27P549300;BRBMEFVI1XJ6;FINANCIAL;0,03;0,03;0,03;0,03;0,03;-95,23;-;-;-;0,01;-;-;-;-;2;44;1,32
IDIQ26C520700;BRBMEFCIQ7R8;FINANCIAL;-;-;-;-;-;-;-;-;-;1659,32;-;-;-;-;-;-;-
IDIQ26C520800;BRBMEFCIQ7S6;FINANCIAL;-;-;-;-;-;-;-;-;-;1559,32;-;-;-;-;-;-;-
IDIQ26C520900;BRBMEFCIQ7T4;FINANCIAL;-;-;-;-;-;-;-;-;-;1459,32;-;-;-;-;-;-;-
IDIQ26C521000;BRBMEFCIQ7U2;FINANCIAL;-;-;-;-;-;-;-;-;-;1359,32;-;-;-;-;-;-;-
IDIQ26C521100;BRBMEFCIQ7V0;FINANCIAL;-;-;-;-;-;-;-;-;-;1259,32;-;-;-;-;-;-;-
IDIQ26C521200;BRBMEFCIQ7W8;FINANCIAL;-;-;-;-;-;-;-;-;-;1159,32;-;-;-;-;-;-;-
IDIQ26C521300;BRBMEFCIQ7X6;FINANCIAL;-;-;-;-;-;-;-;-;-;1059,32;-;-;-;-;-;-;-
IDIQ26C521400;BRBMEFCIQ7Y4;FINANCIAL;-;-;-;-;-;-;-;-;-;959,32;-;-;-;-;-;-;-
IDIQ26C521500;BRBMEFCIQ7Z1;FINANCIAL;-;-;-;-;-;-;-;-;-;859,32;-;-;-;-;-;-;-
IDIQ26C521600;BRBMEFCIQ804;FINANCIAL;-;-;-;-;-;-;-;-;-;759,32;-;-;-;-;-;-;-
IDIQ26C521700;BRBMEFCIQ812;FINANCIAL;-;-;-;-;-;-;-;-;-;659,32;-;-;-;-;-;-;-
IDIQ26C521800;BRBMEFCIQ820;FINANCIAL;-;-;-;-;-;-;-;-;-;559,32;-;-;-;-;-;-;-
IDIQ26C521900;BRBMEFCIQ838;FINANCIAL;-;-;-;-;-;-;-;-;-;459,32;-;-;-;-;-;-;-
IDIQ26C522000;BRBMEFCIQ846;FINANCIAL;-;-;-;-;-;-;-;-;-;359,32;-;-;-;-;-;-;-
IDIQ26C522100;BRBMEFCIQ853;FINANCIAL;-;-;-;-;-;-;-;-;-;259,32;-;-;-;-;-;-;-
IDIQ26C522200;BRBMEFCIQ861;FINANCIAL;-;-;-;-;-;-;-;-;-;159,32;-;-;-;-;-;-;-
IDIQ26C522300;BRBMEFCIQ879;FINANCIAL;-;-;-;-;-;-;-;-;-;59,32;-;-;-;-;-;-;-
IDIQ26C522400;BRBMEFCIQ887;FINANCIAL;-;-;-;-;-;-;-;-;-;0,01;-;-;-;-;-;-;-
IDIQ26C522500;BRBMEFCIQ895;FINANCIAL;-;-;-;-;-;-;-;-;-;0,01;-;-;-;-;-;-;-
IDIQ26C522600;BRBMEFCIQ8A2;FINANCIAL;-;-;-;-;-;-;-;-;-;0,01;-;-;-;-;-;-;-
IDIQ26C522700;BRBMEFCIQ8B0;FINANCIAL;-;-;-;-;-;-;-;-;-;0,01;-;-;-;-;-;-;-
IDIQ26C522800;BRBMEFCIQ8C8;FINANCIAL;-;-;-;-;-;-;-;-;-;0,01;-;-;-;-;-;-;-
IDIQ26C522900;BRBMEFCIQ8D6;FINANCIAL;-;-;-;-;-;-;-;-;-;0,01;-;-;-;-;-;-;-
IDIQ26C523000;BRBMEFCIQ8E4;FINANCIAL;-;-;-;-;-;-;-;-;-;0,01;-;-;-;-;-;-;-
IDIQ26P520700;BRBMEFVIQ7R5;FINANCIAL;-;-;-;-;-;-;-;-;-;0,01;-;-;-;-;-;-;-
IDIQ26P520800;BRBMEFVIQ7S3;FINANCIAL;-;-;-;-;-;-;-;-;-;0,01;-;-;-;-;-;-;-
IDIQ26P520900;BRBMEFVIQ7T1;FINANCIAL;-;-;-;-;-;-;-;-;-;0,01;-;-;-;-;-;-;-
IDIQ26P521000;BRBMEFVIQ7U9;FINANCIAL;-;-;-;-;-;-;-;-;-;0,01;-;-;-;-;-;-;-
IDIQ26P521100;BRBMEFVIQ7V7;FINANCIAL;-;-;-;-;-;-;-;-;-;0,01;-;-;-;-;-;-;-
IDIQ26P521200;BRBMEFVIQ7W5;FINANCIAL;-;-;-;-;-;-;-;-;-;0,01;-;-;-;-;-;-;-
IDIQ26P521300;BRBMEFVIQ7X3;FINANCIAL;-;-;-;-;-;-;-;-;-;0,01;-;-;-;-;-;-;-
IDIQ26P521400;BRBMEFVIQ7Y1;FINANCIAL;-;-;-;-;-;-;-;-;-;0,01;-;-;-;-;-;-;-
IDIQ26P521500;BRBMEFVIQ7Z8;FINANCIAL;-;-;-;-;-;-;-;-;-;0,01;-;-;-;-;-;-;-
IDIQ26P521600;BRBMEFVIQ804;FINANCIAL;-;-;-;-;-;-;-;-;-;0,01;-;-;-;-;-;-;-
IDIQ26P521700;BRBMEFVIQ812;FINANCIAL;-;-;-;-;-;-;-;-;-;0,01;-;-;-;-;-;-;-
IDIQ26P521800;BRBMEFVIQ820;FINANCIAL;-;-;-;-;-;-;-;-;-;0,01;-;-;-;-;-;-;-
IDIQ26P521900;BRBMEFVIQ838;FINANCIAL;-;-;-;-;-;-;-;-;-;0,01;-;-;-;-;-;-;-
IDIQ26P522000;BRBMEFVIQ846;FINANCIAL;-;-;-;-;-;-;-;-;-;0,01;-;-;-;-;-;-;-
IDIQ26P522100;BRBMEFVIQ853;FINANCIAL;-;-;-;-;-;-;-;-;-;0,01;-;-;-;-;-;-;-
IDIQ26P522200;BRBMEFVIQ861;FINANCIAL;-;-;-;-;-;-;-;-;-;0,01;-;-;-;-;-;-;-
IDIQ26P522300;BRBMEFVIQ879;FINANCIAL;-;-;-;-;-;-;-;-;-;0,01;-;-;-;-;-;-;-
IDIQ26P522400;BRBMEFVIQ887;FINANCIAL;-;-;-;-;-;-;-;-;-;40,68;-;-;-;-;-;-;-
IDIQ26P522500;BRBMEFVIQ895;FINANCIAL;-;-;-;-;-;-;-;-;-;140,68;-;-;-;-;-;-;-
IDIQ26P522600;BRBMEFVIQ8A9;FINANCIAL;-;-;-;-;-;-;-;-;-;240,68;-;-;-;-;-;-;-
IDIQ26C524100;BRBMEFCIQ8Q8;FINANCIAL;-;-;-;-;-;-;-;-;-;0,01;-;-;-;-;-;-;-
IDIQ26C524200;BRBMEFCIQ8R6;FINANCIAL;-;-;-;-;-;-;-;-;-;0,01;-;-;-;-;-;-;-
IDIQ26C524300;BRBMEFCIQ8S4;FINANCIAL;-;-;-;-;-;-;-;-;-;0,01;-;-;-;-;-;-;-
IDIQ26C524400;BRBMEFCIQ8T2;FINANCIAL;-;-;-;-;-;-;-;-;-;0,01;-;-;-;-;-;-;-
IDIQ26C524500;BRBMEFCIQ8U0;FINANCIAL;-;-;-;-;-;-;-;-;-;0,01;-;-;-;-;-;-;-
IDIQ26P523300;BRBMEFVIQ8I2;FINANCIAL;-;-;-;-;-;-;-;-;-;940,68;-;-;-;-;-;-;-
IDIQ26P523400;BRBMEFVIQ8J0;FINANCIAL;-;-;-;-;-;-;-;-;-;1040,68;-;-;-;-;-;-;-
IDIQ26P523500;BRBMEFVIQ8K8;FINANCIAL;-;-;-;-;-;-;-;-;-;1140,68;-;-;-;-;-;-;-
IDIQ26P523600;BRBMEFVIQ8L6;FINANCIAL;-;-;-;-;-;-;-;-;-;1240,68;-;-;-;-;-;-;-
IDIQ26P523700;BRBMEFVIQ8M4;FINANCIAL;-;-;-;-;-;-;-;-;-;1340,68;-;-;-;-;-;-;-
IDIQ26P523800;BRBMEFVIQ8N2;FINANCIAL;-;-;-;-;-;-;-;-;-;1440,68;-;-;-;-;-;-;-
IDIQ26P523900;BRBMEFVIQ8O0;FINANCIAL;-;-;-;-;-;-;-;-;-;1540,68;-;-;-;-;-;-;-
IDIQ26P524000;BRBMEFVIQ8P7;FINANCIAL;-;-;-;-;-;-;-;-;-;1640,68;-;-;-;-;-;-;-
IDIQ26P524100;BRBMEFVIQ8Q5;FINANCIAL;-;-;-;-;-;-;-;-;-;1740,68;-;-;-;-;-;-;-
IDIQ26P524200;BRBMEFVIQ8R3;FINANCIAL;-;-;-;-;-;-;-;-;-;1840,68;-;-;-;-;-;-;-
IDIQ26P524300;BRBMEFVIQ8S1;FINANCIAL;-;-;-;-;-;-;-;-;-;1940,68;-;-;-;-;-;-;-
IDIQ26P524400;BRBMEFVIQ8T9;FINANCIAL;-;-;-;-;-;-;-;-;-;2040,68;-;-;-;-;-;-;-
IDIQ26P524500;BRBMEFVIQ8U7;FINANCIAL;-;-;-;-;-;-;-;-;-;2140,68;-;-;-;-;-;-;-
IDIU26C528800;BRBMEFCIU9D8;FINANCIAL;-;-;-;-;-;-;-;-;-;0,01;-;-;-;-;-;-;-
IDIU26C528900;BRBMEFCIU9E6;FINANCIAL;-;-;-;-;-;-;-;-;-;0,01;-;-;-;-;-;-;-
IDIU26C529000;BRBMEFCIU9F3;FINANCIAL;-;-;-;-;-;-;-;-;-;0,01;-;-;-;-;-;-;-
IDIU26C529100;BRBMEFCIU9G1;FINANCIAL;-;-;-;-;-;-;-;-;-;0,01;-;-;-;-;-;-;-
IDIU26C529200;BRBMEFCIU9H9;FINANCIAL;-;-;-;-;-;-;-;-;-;0,01;-;-;-;-;-;-;-
IDIU26C529300;BRBMEFCIU9I7;FINANCIAL;-;-;-;-;-;-;-;-;-;0,01;-;-;-;-;-;-;-
IDIU26C529400;BRBMEFCIU9J5;FINANCIAL;-;-;-;-;-;-;-;-;-;0,01;-;-;-;-;-;-;-
IDIU26C529500;BRBMEFCIU9K3;FINANCIAL;-;-;-;-;-;-;-;-;-;0,01;-;-;-;-;-;-;-
IDIU26C529600;BRBMEFCIU9L1;FINANCIAL;-;-;-;-;-;-;-;-;-;0,01;-;-;-;-;-;-;-
IDIU26C529700;BRBMEFCIU9M9;FINANCIAL;-;-;-;-;-;-;-;-;-;0,01;-;-;-;-;-;-;-
IDIU26C529800;BRBMEFCIU9N7;FINANCIAL;-;-;-;-;-;-;-;-;-;0,01;-;-;-;-;-;-;-
IDIU26C529900;BRBMEFCIU9O5;FINANCIAL;-;-;-;-;-;-;-;-;-;0,01;-;-;-;-;-;-;-
IDIU26C530000;BRBMEFCIU9P2;FINANCIAL;-;-;-;-;-;-;-;-;-;0,01;-;-;-;-;-;-;-
IDIU26P528800;BRBMEFVIU9D5;FINANCIAL;-;-;-;-;-;-;-;-;-;716,47;-;-;-;-;-;-;-
IDIU26P528900;BRBMEFVIU9E3;FINANCIAL;-;-;-;-;-;-;-;-;-;815,38;-;-;-;-;-;-;-
IDIU26P529000;BRBMEFVIU9F0;FINANCIAL;-;-;-;-;-;-;-;-;-;914,3;-;-;-;-;-;-;-
IDIU26P529100;BRBMEFVIU9G8;FINANCIAL;-;-;-;-;-;-;-;-;-;1013,22;-;-;-;-;-;-;-
IDIU26P529200;BRBMEFVIU9H6;FINANCIAL;-;-;-;-;-;-;-;-;-;1112,14;-;-;-;-;-;-;-
IDIU26P529300;BRBMEFVIU9I4;FINANCIAL;-;-;-;-;-;-;-;-;-;1211,05;-;-;-;-;-;-;-
IDIU26P529400;BRBMEFVIU9J2;FINANCIAL;-;-;-;-;-;-;-;-;-;1309,97;-;-;-;-;-;-;-
IDIU26P529500;BRBMEFVIU9K0;FINANCIAL;-;-;-;-;-;-;-;-;-;1408,89;-;-;-;-;-;-;-
IDIU26P529600;BRBMEFVIU9L8;FINANCIAL;-;-;-;-;-;-;-;-;-;1507,81;-;-;-;-;-;-;-
IDIU26P529700;BRBMEFVIU9M6;FINANCIAL;-;-;-;-;-;-;-;-;-;1606,72;-;-;-;-;-;-;-
IDIU26P529800;BRBMEFVIU9N4;FINANCIAL;-;-;-;-;-;-;-;-;-;1705,64;-;-;-;-;-;-;-
IDIU26P529900;BRBMEFVIU9O2;FINANCIAL;-;-;-;-;-;-;-;-;-;1804,56;-;-;-;-;-;-;-
IDIU26P530000;BRBMEFVIU9P9;FINANCIAL;-;-;-;-;-;-;-;-;-;1903,48;-;-;-;-;-;-;-
IDIZ26C546000;BRBMEFCIZA80;FINANCIAL;-;-;-;-;-;-;-;-;-;49,06;-;-;-;-;-;-;-
IDIZ26C546100;BRBMEFCIZA98;FINANCIAL;-;-;-;-;-;-;-;-;-;48,28;-;-;-;-;-;-;-
IDIZ26C546200;BRBMEFCIZAA1;FINANCIAL;-;-;-;-;-;-;-;-;-;47,37;-;-;-;-;-;-;-
IDIZ26C546300;BRBMEFCIZAB9;FINANCIAL;-;-;-;-;-;-;-;-;-;46,33;-;-;-;-;-;-;-
IDIZ26C546400;BRBMEFCIZAC7;FINANCIAL;-;-;-;-;-;-;-;-;-;45,18;-;-;-;-;-;-;-
IDIZ26C546500;BRBMEFCIZAD5;FINANCIAL;-;-;-;-;-;-;-;-;-;43,91;-;-;-;-;-;-;-
IDIZ26C546600;BRBMEFCIZAE3;FINANCIAL;-;-;-;-;-;-;-;-;-;42,62;-;-;-;-;-;-;-
IDIZ26C546700;BRBMEFCIZAF0;FINANCIAL;-;-;-;-;-;-;-;-;-;41,36;-;-;-;-;-;-;-
IDIZ26C546800;BRBMEFCIZAG8;FINANCIAL;-;-;-;-;-;-;-;-;-;40,04;-;-;-;-;-;-;-
IDIZ26C546900;BRBMEFCIZAH6;FINANCIAL;-;-;-;-;-;-;-;-;-;38,77;-;-;-;-;-;-;-
IDIZ26C547000;BRBMEFCIZAI4;FINANCIAL;-;-;-;-;-;-;-;-;-;37,49;-;-;-;-;-;-;-
IDIZ26C547100;BRBMEFCIZAJ2;FINANCIAL;-;-;-;-;-;-;-;-;-;36,1;-;-;-;-;-;-;-
IDIZ26C547200;BRBMEFCIZAK0;FINANCIAL;-;-;-;-;-;-;-;-;-;34,64;-;-;-;-;-;-;-
IDIZ26P546000;BRBMEFVIZA87;FINANCIAL;-;-;-;-;-;-;-;-;-;1180,75;-;-;-;-;-;-;-
IDIZ26P546100;BRBMEFVIZA95;FINANCIAL;-;-;-;-;-;-;-;-;-;1275,84;-;-;-;-;-;-;-
IDIZ26P546200;BRBMEFVIZAA1;FINANCIAL;-;-;-;-;-;-;-;-;-;1370,81;-;-;-;-;-;-;-
IDIZ26P546300;BRBMEFVIZAB9;FINANCIAL;-;-;-;-;-;-;-;-;-;1465,65;-;-;-;-;-;-;-
IDIZ26P546400;BRBMEFVIZAC7;FINANCIAL;-;-;-;-;-;-;-;-;-;1560,38;-;-;-;-;-;-;-
IDIZ26P546500;BRBMEFVIZAD5;FINANCIAL;-;-;-;-;-;-;-;-;-;1654,99;-;-;-;-;-;-;-
IDIZ26P546600;BRBMEFVIZAE3;FINANCIAL;-;-;-;-;-;-;-;-;-;1749,58;-;-;-;-;-;-;-
IDIZ26P546700;BRBMEFVIZAF0;FINANCIAL;-;-;-;-;-;-;-;-;-;1844,2;-;-;-;-;-;-;-
IDIZ26P546800;BRBMEFVIZAG8;FINANCIAL;-;-;-;-;-;-;-;-;-;1938,75;-;-;-;-;-;-;-
IDIZ26P546900;BRBMEFVIZAH6;FINANCIAL;-;-;-;-;-;-;-;-;-;2033,36;-;-;-;-;-;-;-
IDIZ26P547000;BRBMEFVIZAI4;FINANCIAL;-;-;-;-;-;-;-;-;-;2127,95;-;-;-;-;-;-;-
IDIZ26P547100;BRBMEFVIZAJ2;FINANCIAL;-;-;-;-;-;-;-;-;-;2222,45;-;-;-;-;-;-;-
IDIZ26P547200;BRBMEFVIZAK0;FINANCIAL;-;-;-;-;-;-;-;-;-;2316,86;-;-;-;-;-;-;-
IDIJ27C562700;BRBMEFCIJW35;FINANCIAL;-;-;-;-;-;-;-;-;-;5065,37;-;-;-;-;-;-;-
IDIJ27C562800;BRBMEFCIJW43;FINANCIAL;-;-;-;-;-;-;-;-;-;4973,44;-;-;-;-;-;-;-
IDIJ27C562900;BRBMEFCIJW50;FINANCIAL;-;-;-;-;-;-;-;-;-;4881,52;-;-;-;-;-;-;-
IDIJ27C563000;BRBMEFCIJW68;FINANCIAL;-;-;-;-;-;-;-;-;-;4789,59;-;-;-;-;-;-;-
IDIJ27C563100;BRBMEFCIJW76;FINANCIAL;-;-;-;-;-;-;-;-;-;4697,67;-;-;-;-;-;-;-
IDIJ27C563200;BRBMEFCIJW84;FINANCIAL;-;-;-;-;-;-;-;-;-;4605,75;-;-;-;-;-;-;-
IDIJ27C563300;BRBMEFCIJW92;FINANCIAL;-;-;-;-;-;-;-;-;-;4513,83;-;-;-;-;-;-;-
IDIJ27C563400;BRBMEFCIJWA9;FINANCIAL;-;-;-;-;-;-;-;-;-;4421,91;-;-;-;-;-;-;-
IDIJ27C563500;BRBMEFCIJWB7;FINANCIAL;-;-;-;-;-;-;-;-;-;4330;-;-;-;-;-;-;-
IDIJ27C563600;BRBMEFCIJWC5;FINANCIAL;-;-;-;-;-;-;-;-;-;4238,1;-;-;-;-;-;-;-
IDIJ27C563700;BRBMEFCIJWD3;FINANCIAL;-;-;-;-;-;-;-;-;-;4146,21;-;-;-;-;-;-;-
IDIJ27C563800;BRBMEFCIJWE1;FINANCIAL;-;-;-;-;-;-;-;-;-;4054,33;-;-;-;-;-;-;-
IDIJ27C563900;BRBMEFCIJWF8;FINANCIAL;-;-;-;-;-;-;-;-;-;3962,46;-;-;-;-;-;-;-
IDIJ27C564000;BRBMEFCIJWG6;FINANCIAL;-;-;-;-;-;-;-;-;-;3870,61;-;-;-;-;-;-;-
IDIJ27C564100;BRBMEFCIJWH4;FINANCIAL;-;-;-;-;-;-;-;-;-;3778,78;-;-;-;-;-;-;-
IDIJ27C564200;BRBMEFCIJWI2;FINANCIAL;-;-;-;-;-;-;-;-;-;3686,98;-;-;-;-;-;-;-
IDIJ27C564300;BRBMEFCIJWJ0;FINANCIAL;-;-;-;-;-;-;-;-;-;3595,22;-;-;-;-;-;-;-
IDIJ27C564400;BRBMEFCIJWK8;FINANCIAL;-;-;-;-;-;-;-;-;-;3503,5;-;-;-;-;-;-;-
IDIJ27C564500;BRBMEFCIJWL6;FINANCIAL;-;-;-;-;-;-;-;-;-;3411,83;-;-;-;-;-;-;-
IDIJ27C569100;BRBMEFCIJWM4;FINANCIAL;-;-;-;-;-;-;-;-;-;742,18;-;-;-;-;-;-;-
IDIJ27C569200;BRBMEFCIJWN2;FINANCIAL;-;-;-;-;-;-;-;-;-;737,11;-;-;-;-;-;-;-
IDIJ27C569300;BRBMEFCIJWO0;FINANCIAL;-;-;-;-;-;-;-;-;-;732,65;-;-;-;-;-;-;-
IDIJ27C569400;BRBMEFCIJWP7;FINANCIAL;-;-;-;-;-;-;-;-;-;728,58;-;-;-;-;-;-;-
IDIJ27C569500;BRBMEFCIJWQ5;FINANCIAL;-;-;-;-;-;-;-;-;-;724,7;-;-;-;-;-;-;-
IDIJ27C569600;BRBMEFCIJWR3;FINANCIAL;-;-;-;-;-;-;-;-;-;720,99;-;-;-;-;-;-;-
IDIJ27C569700;BRBMEFCIJWS1;FINANCIAL;-;-;-;-;-;-;-;-;-;717,56;-;-;-;-;-;-;-
IDIJ27C569800;BRBMEFCIJWT9;FINANCIAL;-;-;-;-;-;-;-;-;-;714,54;-;-;-;-;-;-;-
IDIJ27C569900;BRBMEFCIJWU7;FINANCIAL;-;-;-;-;-;-;-;-;-;711,89;-;-;-;-;-;-;-
IDIJ27C570100;BRBMEFCIJWV5;FINANCIAL;-;-;-;-;-;-;-;-;-;707,93;-;-;-;-;-;-;-
IDIJ27C570200;BRBMEFCIJWW3;FINANCIAL;-;-;-;-;-;-;-;-;-;706,27;-;-;-;-;-;-;-
IDIJ27C570300;BRBMEFCIJWX1;FINANCIAL;-;-;-;-;-;-;-;-;-;704,74;-;-;-;-;-;-;-
IDIJ27C570400;BRBMEFCIJWY9;FINANCIAL;-;-;-;-;-;-;-;-;-;703,33;-;-;-;-;-;-;-
IDIJ27C570500;BRBMEFCIJWZ6;FINANCIAL;-;-;-;-;-;-;-;-;-;701,59;-;-;-;-;-;-;-
IDIJ27P562700;BRBMEFVIJW32;FINANCIAL;-;-;-;-;-;-;-;-;-;0,01;-;-;-;-;-;-;-
IDIJ27P562800;BRBMEFVIJW40;FINANCIAL;-;-;-;-;-;-;-;-;-;0,01;-;-;-;-;-;-;-
IDIJ27P562900;BRBMEFVIJW57;FINANCIAL;-;-;-;-;-;-;-;-;-;0,01;-;-;-;-;-;-;-
IDIJ27P563000;BRBMEFVIJW65;FINANCIAL;-;-;-;-;-;-;-;-;-;0,02;-;-;-;-;-;-;-
IDIJ27P563100;BRBMEFVIJW73;FINANCIAL;-;-;-;-;-;-;-;-;-;0,03;-;-;-;-;-;-;-
IDIJ27P563200;BRBMEFVIJW81;FINANCIAL;-;-;-;-;-;-;-;-;-;0,03;-;-;-;-;-;-;-
IDIJ27P563300;BRBMEFVIJW99;FINANCIAL;-;-;-;-;-;-;-;-;-;0,05;-;-;-;-;-;-;-
IDIJ27P563400;BRBMEFVIJWA9;FINANCIAL;-;-;-;-;-;-;-;-;-;0,06;-;-;-;-;-;-;-
IDIJ27P563500;BRBMEFVIJWB7;FINANCIAL;-;-;-;-;-;-;-;-;-;0,08;-;-;-;-;-;-;-
IDIJ27P563600;BRBMEFVIJWC5;FINANCIAL;-;-;-;-;-;-;-;-;-;0,11;-;-;-;-;-;-;-
IDIJ27P563700;BRBMEFVIJWD3;FINANCIAL;-;-;-;-;-;-;-;-;-;0,15;-;-;-;-;-;-;-
IDIJ27P563800;BRBMEFVIJWE1;FINANCIAL;-;-;-;-;-;-;-;-;-;0,2;-;-;-;-;-;-;-
IDIJ27P563900;BRBMEFVIJWF8;FINANCIAL;-;-;-;-;-;-;-;-;-;0,26;-;-;-;-;-;-;-
IDIJ27P564000;BRBMEFVIJWG6;FINANCIAL;-;-;-;-;-;-;-;-;-;0,34;-;-;-;-;-;-;-
IDIJ27P564100;BRBMEFVIJWH4;FINANCIAL;-;-;-;-;-;-;-;-;-;0,45;-;-;-;-;-;-;-
IDIJ27P564200;BRBMEFVIJWI2;FINANCIAL;-;-;-;-;-;-;-;-;-;0,58;-;-;-;-;-;-;-
IDIJ27P564300;BRBMEFVIJWJ0;FINANCIAL;-;-;-;-;-;-;-;-;-;0,75;-;-;-;-;-;-;-
IDIJ27P564400;BRBMEFVIJWK8;FINANCIAL;-;-;-;-;-;-;-;-;-;0,96;-;-;-;-;-;-;-
IDIJ27P564500;BRBMEFVIJWL6;FINANCIAL;-;-;-;-;-;-;-;-;-;1,22;-;-;-;-;-;-;-
IDIJ27P569100;BRBMEFVIJWM4;FINANCIAL;-;-;-;-;-;-;-;-;-;1560,38;-;-;-;-;-;-;-
IDIJ27P569200;BRBMEFVIJWN2;FINANCIAL;-;-;-;-;-;-;-;-;-;1647,24;-;-;-;-;-;-;-
IDIJ27P569300;BRBMEFVIJWO0;FINANCIAL;-;-;-;-;-;-;-;-;-;1734,71;-;-;-;-;-;-;-
IDIJ27P569400;BRBMEFVIJWP7;FINANCIAL;-;-;-;-;-;-;-;-;-;1822,57;-;-;-;-;-;-;-
IDIJ27P569500;BRBMEFVIJWQ5;FINANCIAL;-;-;-;-;-;-;-;-;-;1910,62;-;-;-;-;-;-;-
IDIJ27P569600;BRBMEFVIJWR3;FINANCIAL;-;-;-;-;-;-;-;-;-;1998,84;-;-;-;-;-;-;-
IDIJ27P569700;BRBMEFVIJWS1;FINANCIAL;-;-;-;-;-;-;-;-;-;2087,34;-;-;-;-;-;-;-
IDIJ27P569800;BRBMEFVIJWT9;FINANCIAL;-;-;-;-;-;-;-;-;-;2176,25;-;-;-;-;-;-;-
IDIJ27P569900;BRBMEFVIJWU7;FINANCIAL;-;-;-;-;-;-;-;-;-;2265,54;-;-;-;-;-;-;-
IDIJ27P570100;BRBMEFVIJWV5;FINANCIAL;-;-;-;-;-;-;-;-;-;2445,44;-;-;-;-;-;-;-
IDIJ27P570200;BRBMEFVIJWW3;FINANCIAL;-;-;-;-;-;-;-;-;-;2535,71;-;-;-;-;-;-;-
IDIJ27P570300;BRBMEFVIJWX1;FINANCIAL;-;-;-;-;-;-;-;-;-;2626,11;-;-;-;-;-;-;-
IDIJ27P570400;BRBMEFVIJWY9;FINANCIAL;-;-;-;-;-;-;-;-;-;2716,63;-;-;-;-;-;-;-
IDIJ27P570500;BRBMEFVIJWZ6;FINANCIAL;-;-;-;-;-;-;-;-;-;2806,82;-;-;-;-;-;-;-
IDIN27C577600;BRBMEFCICKR3;FINANCIAL;-;-;-;-;-;-;-;-;-;8248,35;-;-;-;-;-;-;-
IDIN27C577700;BRBMEFCICKS1;FINANCIAL;-;-;-;-;-;-;-;-;-;8159,5;-;-;-;-;-;-;-
IDIN27C577800;BRBMEFCICKT9;FINANCIAL;-;-;-;-;-;-;-;-;-;8070,66;-;-;-;-;-;-;-
IDIN27C577900;BRBMEFCICKU7;FINANCIAL;-;-;-;-;-;-;-;-;-;7981,85;-;-;-;-;-;-;-
IDIN27C578100;BRBMEFCICKV5;FINANCIAL;-;-;-;-;-;-;-;-;-;7804,29;-;-;-;-;-;-;-
IDIN27C578200;BRBMEFCICKW3;FINANCIAL;-;-;-;-;-;-;-;-;-;7715,54;-;-;-;-;-;-;-
IDIN27C578300;BRBMEFCICKX1;FINANCIAL;-;-;-;-;-;-;-;-;-;7626,82;-;-;-;-;-;-;-
IDIN27C578400;BRBMEFCICKY9;FINANCIAL;-;-;-;-;-;-;-;-;-;7538,13;-;-;-;-;-;-;-
IDIN27C578600;BRBMEFCICKZ6;FINANCIAL;-;-;-;-;-;-;-;-;-;7360,85;-;-;-;-;-;-;-
IDIN27C578700;BRBMEFCICL01;FINANCIAL;-;-;-;-;-;-;-;-;-;7272,27;-;-;-;-;-;-;-
IDIN27C578800;BRBMEFCICL19;FINANCIAL;-;-;-;-;-;-;-;-;-;7183,72;-;-;-;-;-;-;-
IDIN27C578900;BRBMEFCICL27;FINANCIAL;-;-;-;-;-;-;-;-;-;7095,22;-;-;-;-;-;-;-
IDIN27C579100;BRBMEFCICL35;FINANCIAL;-;-;-;-;-;-;-;-;-;6918,37;-;-;-;-;-;-;-
IDIN27C579200;BRBMEFCICL43;FINANCIAL;-;-;-;-;-;-;-;-;-;6830,02;-;-;-;-;-;-;-
IDIN27C579300;BRBMEFCICL50;FINANCIAL;-;-;-;-;-;-;-;-;-;6741,73;-;-;-;-;-;-;-
IDIN27C579400;BRBMEFCICL68;FINANCIAL;-;-;-;-;-;-;-;-;-;6653,52;-;-;-;-;-;-;-
IDIN27C579600;BRBMEFCICL76;FINANCIAL;-;-;-;-;-;-;-;-;-;6478,37;-;-;-;-;-;-;-
IDIN27C579700;BRBMEFCICL84;FINANCIAL;-;-;-;-;-;-;-;-;-;6391,81;-;-;-;-;-;-;-
IDIN27C579800;BRBMEFCICL92;FINANCIAL;-;-;-;-;-;-;-;-;-;6305,46;-;-;-;-;-;-;-
IDIN27C579900;BRBMEFCICLA7;FINANCIAL;-;-;-;-;-;-;-;-;-;6219,31;-;-;-;-;-;-;-
IDIN27C580100;BRBMEFCICLB5;FINANCIAL;-;-;-;-;-;-;-;-;-;6047,81;-;-;-;-;-;-;-
IDIN27C580200;BRBMEFCICLC3;FINANCIAL;-;-;-;-;-;-;-;-;-;5962,59;-;-;-;-;-;-;-
IDIN27C580300;BRBMEFCICLD1;FINANCIAL;-;-;-;-;-;-;-;-;-;5877,99;-;-;-;-;-;-;-
IDIN27C580400;BRBMEFCICLE9;FINANCIAL;-;-;-;-;-;-;-;-;-;5793,36;-;-;-;-;-;-;-
IDIN27C580600;BRBMEFCICLF6;FINANCIAL;-;-;-;-;-;-;-;-;-;5624,96;-;-;-;-;-;-;-
IDIN27C580700;BRBMEFCICLG4;FINANCIAL;-;-;-;-;-;-;-;-;-;5541,31;-;-;-;-;-;-;-
IDIN27C580800;BRBMEFCICLH2;FINANCIAL;-;-;-;-;-;-;-;-;-;5457,63;-;-;-;-;-;-;-
IDIN27C580900;BRBMEFCICLI0;FINANCIAL;-;-;-;-;-;-;-;-;-;5374,65;-;-;-;-;-;-;-
IDIN27C581100;BRBMEFCICLJ8;FINANCIAL;-;-;-;-;-;-;-;-;-;5209,26;-;-;-;-;-;-;-
IDIN27C581200;BRBMEFCICLK6;FINANCIAL;-;-;-;-;-;-;-;-;-;5126,78;-;-;-;-;-;-;-
IDIN27C581300;BRBMEFCICLL4;FINANCIAL;-;-;-;-;-;-;-;-;-;5044,79;-;-;-;-;-;-;-
IDIN27C581400;BRBMEFCICLM2;FINANCIAL;-;-;-;-;-;-;-;-;-;4963,24;-;-;-;-;-;-;-
IDIN27C581600;BRBMEFCICLN0;FINANCIAL;-;-;-;-;-;-;-;-;-;4802,34;-;-;-;-;-;-;-
IDIN27C581700;BRBMEFCICLO8;FINANCIAL;-;-;-;-;-;-;-;-;-;4721,22;-;-;-;-;-;-;-
IDIN27C581800;BRBMEFCICLP5;FINANCIAL;-;-;-;-;-;-;-;-;-;4641,31;-;-;-;-;-;-;-
IDIN27C581900;BRBMEFCICLQ3;FINANCIAL;-;-;-;-;-;-;-;-;-;4561,74;-;-;-;-;-;-;-
IDIN27C582100;BRBMEFCICLR1;FINANCIAL;-;-;-;-;-;-;-;-;-;4402,55;-;-;-;-;-;-;-
IDIN27C582200;BRBMEFCICLS9;FINANCIAL;-;-;-;-;-;-;-;-;-;4324,13;-;-;-;-;-;-;-
IDIN27C582300;BRBMEFCICLT7;FINANCIAL;-;-;-;-;-;-;-;-;-;4245,29;-;-;-;-;-;-;-
IDIN27C582400;BRBMEFCICLU5;FINANCIAL;-;-;-;-;-;-;-;-;-;4166,54;-;-;-;-;-;-;-
IDIN27C582600;BRBMEFCICLV3;FINANCIAL;-;-;-;-;-;-;-;-;-;4010,58;-;-;-;-;-;-;-
IDIN27C582700;BRBMEFCICLW1;FINANCIAL;-;-;-;-;-;-;-;-;-;3934,25;-;-;-;-;-;-;-
IDIN27C582800;BRBMEFCICLX9;FINANCIAL;-;-;-;-;-;-;-;-;-;3858,61;-;-;-;-;-;-;-
IDIN27C582900;BRBMEFCICLY7;FINANCIAL;-;-;-;-;-;-;-;-;-;3783,1;-;-;-;-;-;-;-
IDIN27C583100;BRBMEFCICLZ4;FINANCIAL;-;-;-;-;-;-;-;-;-;3634,47;-;-;-;-;-;-;-
IDIN27C583200;BRBMEFCICM00;FINANCIAL;-;-;-;-;-;-;-;-;-;3561,4;-;-;-;-;-;-;-
IDIN27C583300;BRBMEFCICM18;FINANCIAL;-;-;-;-;-;-;-;-;-;3489,11;-;-;-;-;-;-;-
IDIN27C583400;BRBMEFCICM26;FINANCIAL;-;-;-;-;-;-;-;-;-;3417,65;-;-;-;-;-;-;-
IDIN27C583600;BRBMEFCICM34;FINANCIAL;-;-;-;-;-;-;-;-;-;3277,11;-;-;-;-;-;-;-
IDIN27C583700;BRBMEFCICM42;FINANCIAL;-;-;-;-;-;-;-;-;-;3209,63;-;-;-;-;-;-;-
IDIN27C583800;BRBMEFCICM59;FINANCIAL;-;-;-;-;-;-;-;-;-;3144,84;-;-;-;-;-;-;-
IDIN27C583900;BRBMEFCICM67;FINANCIAL;-;-;-;-;-;-;-;-;-;3081,43;-;-;-;-;-;-;-
IDIN27C584100;BRBMEFCICM75;FINANCIAL;-;-;-;-;-;-;-;-;-;2955,61;-;-;-;-;-;-;-
IDIN27C584200;BRBMEFCICM83;FINANCIAL;-;-;-;-;-;-;-;-;-;2894,25;-;-;-;-;-;-;-
IDIN27C584300;BRBMEFCICM91;FINANCIAL;-;-;-;-;-;-;-;-;-;2834,77;-;-;-;-;-;-;-
IDIN27C584400;BRBMEFCICMA5;FINANCIAL;-;-;-;-;-;-;-;-;-;2776,93;-;-;-;-;-;-;-
IDIN27C584600;BRBMEFCICMB3;FINANCIAL;-;-;-;-;-;-;-;-;-;2663,38;-;-;-;-;-;-;-
IDIN27C584700;BRBMEFCICMC1;FINANCIAL;-;-;-;-;-;-;-;-;-;2607,47;-;-;-;-;-;-;-
IDIN27C584800;BRBMEFCICMD9;FINANCIAL;-;-;-;-;-;-;-;-;-;2552;-;-;-;-;-;-;-
IDIN27C584900;BRBMEFCICME7;FINANCIAL;-;-;-;-;-;-;-;-;-;2496,41;-;-;-;-;-;-;-
IDIN27P577600;BRBMEFVI2KR4;FINANCIAL;-;-;-;-;-;-;-;-;-;1,37;-;-;-;-;-;-;-
IDIN27P577700;BRBMEFVI2KS2;FINANCIAL;-;-;-;-;-;-;-;-;-;1,53;-;-;-;-;-;-;-
IDIN27P577800;BRBMEFVI2KT0;FINANCIAL;-;-;-;-;-;-;-;-;-;1,7;-;-;-;-;-;-;-
IDIN27P577900;BRBMEFVI2KU8;FINANCIAL;-;-;-;-;-;-;-;-;-;1,9;-;-;-;-;-;-;-
IDIN27P578100;BRBMEFVI2KV6;FINANCIAL;-;-;-;-;-;-;-;-;-;2,35;-;-;-;-;-;-;-
IDIN27P578200;BRBMEFVI2KW4;FINANCIAL;-;-;-;-;-;-;-;-;-;2,61;-;-;-;-;-;-;-
IDIN27P578300;BRBMEFVI2KX2;FINANCIAL;-;-;-;-;-;-;-;-;-;2,9;-;-;-;-;-;-;-
IDIN27P578400;BRBMEFVI2KY0;FINANCIAL;-;-;-;-;-;-;-;-;-;3,22;-;-;-;-;-;-;-
IDIN27P578600;BRBMEFVI2KZ7;FINANCIAL;-;-;-;-;-;-;-;-;-;3,96;-;-;-;-;-;-;-
IDIN27P578700;BRBMEFVI2L00;FINANCIAL;-;-;-;-;-;-;-;-;-;4,38;-;-;-;-;-;-;-
IDIN27P578800;BRBMEFVI2L18;FINANCIAL;-;-;-;-;-;-;-;-;-;4,84;-;-;-;-;-;-;-
IDIN27P578900;BRBMEFVI2L26;FINANCIAL;-;-;-;-;-;-;-;-;-;5,35;-;-;-;-;-;-;-
IDIN27P579100;BRBMEFVI2L34;FINANCIAL;-;-;-;-;-;-;-;-;-;6,51;-;-;-;-;-;-;-
IDIN27P579200;BRBMEFVI2L42;FINANCIAL;-;-;-;-;-;-;-;-;-;7,17;-;-;-;-;-;-;-
IDIN27P579300;BRBMEFVI2L59;FINANCIAL;-;-;-;-;-;-;-;-;-;7,9;-;-;-;-;-;-;-
IDIN27P579400;BRBMEFVI2L67;FINANCIAL;-;-;-;-;-;-;-;-;-;8,69;-;-;-;-;-;-;-
IDIN27P579600;BRBMEFVI2L75;FINANCIAL;-;-;-;-;-;-;-;-;-;11,56;-;-;-;-;-;-;-
IDIN27P579700;BRBMEFVI2L83;FINANCIAL;-;-;-;-;-;-;-;-;-;14;-;-;-;-;-;-;-
IDIN27P579800;BRBMEFVI2L91;FINANCIAL;-;-;-;-;-;-;-;-;-;16,66;-;-;-;-;-;-;-
IDIN27P579900;BRBMEFVI2LA8;FINANCIAL;-;-;-;-;-;-;-;-;-;19,52;-;-;-;-;-;-;-
IDIN27P580100;BRBMEFVI2LB6;FINANCIAL;-;-;-;-;-;-;-;-;-;26,04;-;-;-;-;-;-;-
IDIN27P580200;BRBMEFVI2LC4;FINANCIAL;-;-;-;-;-;-;-;-;-;29,83;-;-;-;-;-;-;-
IDIN27P580300;BRBMEFVI2LD2;FINANCIAL;-;-;-;-;-;-;-;-;-;34,24;-;-;-;-;-;-;-
IDIN27P580400;BRBMEFVI2LE0;FINANCIAL;-;-;-;-;-;-;-;-;-;38,61;-;-;-;-;-;-;-
IDIN27P580600;BRBMEFVI2LF7;FINANCIAL;-;-;-;-;-;-;-;-;-;48,23;-;-;-;-;-;-;-
IDIN27P580700;BRBMEFVI2LG5;FINANCIAL;-;-;-;-;-;-;-;-;-;53,59;-;-;-;-;-;-;-
IDIN27P580800;BRBMEFVI2LH3;FINANCIAL;-;-;-;-;-;-;-;-;-;58,92;-;-;-;-;-;-;-
IDIN27P580900;BRBMEFVI2LI1;FINANCIAL;-;-;-;-;-;-;-;-;-;64,95;-;-;-;-;-;-;-
IDIN27P581100;BRBMEFVI2LJ9;FINANCIAL;-;-;-;-;-;-;-;-;-;77,57;-;-;-;-;-;-;-
IDIN27P581200;BRBMEFVI2LK7;FINANCIAL;-;-;-;-;-;-;-;-;-;84,1;-;-;-;-;-;-;-
IDIN27P581300;BRBMEFVI2LL5;FINANCIAL;-;-;-;-;-;-;-;-;-;91,12;-;-;-;-;-;-;-
IDIN27P581400;BRBMEFVI2LM3;FINANCIAL;-;-;-;-;-;-;-;-;-;98,58;-;-;-;-;-;-;-
IDIN27P581600;BRBMEFVI2LN1;FINANCIAL;-;-;-;-;-;-;-;-;-;115,7;-;-;-;-;-;-;-
IDIN27P581700;BRBMEFVI2LO9;FINANCIAL;-;-;-;-;-;-;-;-;-;123,59;-;-;-;-;-;-;-
IDIN27P581800;BRBMEFVI2LP6;FINANCIAL;-;-;-;-;-;-;-;-;-;132,68;-;-;-;-;-;-;-
IDIN27P581900;BRBMEFVI2LQ4;FINANCIAL;-;-;-;-;-;-;-;-;-;142,12;-;-;-;-;-;-;-
IDIN27P582100;BRBMEFVI2LR2;FINANCIAL;-;-;-;-;-;-;-;-;-;160,95;-;-;-;-;-;-;-
IDIN27P582200;BRBMEFVI2LS0;FINANCIAL;-;-;-;-;-;-;-;-;-;171,53;-;-;-;-;-;-;-
IDIN27P582300;BRBMEFVI2LT8;FINANCIAL;-;-;-;-;-;-;-;-;-;181,7;-;-;-;-;-;-;-
IDIN27P582400;BRBMEFVI2LU6;FINANCIAL;-;-;-;-;-;-;-;-;-;191,97;-;-;-;-;-;-;-
IDIN27P582600;BRBMEFVI2LV4;FINANCIAL;-;-;-;-;-;-;-;-;-;214,02;-;-;-;-;-;-;-
IDIN27P582700;BRBMEFVI2LW2;FINANCIAL;-;-;-;-;-;-;-;-;-;226,7;-;-;-;-;-;-;-
IDIN27P582800;BRBMEFVI2LX0;FINANCIAL;-;-;-;-;-;-;-;-;-;240,06;-;-;-;-;-;-;-
IDIN27P582900;BRBMEFVI2LY8;FINANCIAL;-;-;-;-;-;-;-;-;-;253,57;-;-;-;-;-;-;-
IDIN27P583100;BRBMEFVI2LZ5;FINANCIAL;-;-;-;-;-;-;-;-;-;282,95;-;-;-;-;-;-;-
IDIN27P583200;BRBMEFVI2M09;FINANCIAL;-;-;-;-;-;-;-;-;-;298,89;-;-;-;-;-;-;-
IDIN27P583300;BRBMEFVI2M17;FINANCIAL;-;-;-;-;-;-;-;-;-;315,61;-;-;-;-;-;-;-
IDIN27P583400;BRBMEFVI2M25;FINANCIAL;-;-;-;-;-;-;-;-;-;333,15;-;-;-;-;-;-;-
IDIN27P583600;BRBMEFVI2M33;FINANCIAL;-;-;-;-;-;-;-;-;-;370,64;-;-;-;-;-;-;-
IDIN27P583700;BRBMEFVI2M41;FINANCIAL;-;-;-;-;-;-;-;-;-;392,16;-;-;-;-;-;-;-
IDIN27P583800;BRBMEFVI2M58;FINANCIAL;-;-;-;-;-;-;-;-;-;416,38;-;-;-;-;-;-;-
IDIN27P583900;BRBMEFVI2M66;FINANCIAL;-;-;-;-;-;-;-;-;-;441,97;-;-;-;-;-;-;-
IDIN27P584100;BRBMEFVI2M74;FINANCIAL;-;-;-;-;-;-;-;-;-;494,18;-;-;-;-;-;-;-
IDIN27P584200;BRBMEFVI2M82;FINANCIAL;-;-;-;-;-;-;-;-;-;521,82;-;-;-;-;-;-;-
IDIN27P584300;BRBMEFVI2M90;FINANCIAL;-;-;-;-;-;-;-;-;-;551,36;-;-;-;-;-;-;-
IDIN27P584400;BRBMEFVI2MA6;FINANCIAL;-;-;-;-;-;-;-;-;-;582,52;-;-;-;-;-;-;-
IDIN27P584600;BRBMEFVI2MB4;FINANCIAL;-;-;-;-;-;-;-;-;-;646,99;-;-;-;-;-;-;-
IDIN27P584700;BRBMEFVI2MC2;FINANCIAL;-;-;-;-;-;-;-;-;-;680,09;-;-;-;-;-;-;-
IDIN27P584800;BRBMEFVI2MD0;FINANCIAL;-;-;-;-;-;-;-;-;-;713,62;-;-;-;-;-;-;-
IDIN27P584900;BRBMEFVI2ME8;FINANCIAL;-;-;-;-;-;-;-;-;-;747,05;-;-;-;-;-;-;-
IDIF27C553200;BRBMEFCID0G1;FINANCIAL;-;-;-;-;-;-;-;-;-;104,26;-;-;-;-;-;-;-
IDIF27C553300;BRBMEFCID0H9;FINANCIAL;-;-;-;-;-;-;-;-;-;103,3;-;-;-;-;-;-;-
IDIF27C553400;BRBMEFCID0I7;FINANCIAL;-;-;-;-;-;-;-;-;-;102,2;-;-;-;-;-;-;-
IDIF27C553500;BRBMEFCID0J5;FINANCIAL;-;-;-;-;-;-;-;-;-;101,03;-;-;-;-;-;-;-
IDIF27C553600;BRBMEFCID0K3;FINANCIAL;-;-;-;-;-;-;-;-;-;99,67;-;-;-;-;-;-;-
IDIF27C553700;BRBMEFCID0L1;FINANCIAL;-;-;-;-;-;-;-;-;-;98,12;-;-;-;-;-;-;-
IDIF27P553200;BRBMEFFI00G6;FINANCIAL;-;-;-;-;-;-;-;-;-;2206,81;-;-;-;-;-;-;-
IDIF27P553300;BRBMEFFI00H4;FINANCIAL;-;-;-;-;-;-;-;-;-;2300,66;-;-;-;-;-;-;-
IDIF27P553400;BRBMEFFI00I2;FINANCIAL;-;-;-;-;-;-;-;-;-;2394,37;-;-;-;-;-;-;-
IDIF27P553500;BRBMEFFI00J0;FINANCIAL;-;-;-;-;-;-;-;-;-;2488;-;-;-;-;-;-;-
IDIF27P553600;BRBMEFFI00K8;FINANCIAL;-;-;-;-;-;-;-;-;-;2581,44;-;-;-;-;-;-;-
IDIF27P553700;BRBMEFFI00L6;FINANCIAL;-;-;-;-;-;-;-;-;-;2674,7;-;-;-;-;-;-;-
D13F28C001000;BRBMEFD30273;FINANCIAL;-;-;-;-;-;-;-;-;-;2880,75;-;-;-;-;-;-;-
D13F28C001025;BRBMEFD30281;FINANCIAL;-;-;-;-;-;-;-;-;-;2727,9;-;-;-;-;-;-;-
D13F28C001050;BRBMEFD30299;FINANCIAL;-;-;-;-;-;-;-;-;-;2580,29;-;-;-;-;-;-;-
D13F28C001075;BRBMEFD302A8;FINANCIAL;-;-;-;-;-;-;-;-;-;2439,73;-;-;-;-;-;-;-
D13F28C001100;BRBMEFD302B6;FINANCIAL;-;-;-;-;-;-;-;-;-;2302,95;-;-;-;-;-;-;-
D13F28P001000;BRBMEFP301N9;FINANCIAL;-;-;-;-;-;-;-;-;-;113,72;-;-;-;-;-;-;-
D13F28P001025;BRBMEFP301O7;FINANCIAL;-;-;-;-;-;-;-;-;-;130,23;-;-;-;-;-;-;-
D13F28P001050;BRBMEFP301P4;FINANCIAL;-;-;-;-;-;-;-;-;-;151,24;-;-;-;-;-;-;-
D13F28P001075;BRBMEFP301Q2;FINANCIAL;-;-;-;-;-;-;-;-;-;178,52;-;-;-;-;-;-;-
D13F28P001100;BRBMEFP301R0;FINANCIAL;-;-;-;-;-;-;-;-;-;208,84;-;-;-;-;-;-;-
IDIK27C574300;BRBMEFCIK8O9;FINANCIAL;-;-;-;-;-;-;-;-;-;1128,1;-;-;-;-;-;-;-
IDIK27C574400;BRBMEFCIK8P6;FINANCIAL;-;-;-;-;-;-;-;-;-;1102,49;-;-;-;-;-;-;-
IDIK27C574500;BRBMEFCIK8Q4;FINANCIAL;-;-;-;-;-;-;-;-;-;1077,69;-;-;-;-;-;-;-
IDIK27C574600;BRBMEFCIK8R2;FINANCIAL;-;-;-;-;-;-;-;-;-;1054,34;-;-;-;-;-;-;-
IDIK27C574700;BRBMEFCIK8S0;FINANCIAL;-;-;-;-;-;-;-;-;-;1031,85;-;-;-;-;-;-;-
IDIK27C574800;BRBMEFCIK8T8;FINANCIAL;-;-;-;-;-;-;-;-;-;1013,35;-;-;-;-;-;-;-
IDIK27C574900;BRBMEFCIK8U6;FINANCIAL;-;-;-;-;-;-;-;-;-;999,83;-;-;-;-;-;-;-
IDIK27C575000;BRBMEFCIK8V4;FINANCIAL;-;-;-;-;-;-;-;-;-;988,88;-;-;-;-;-;-;-
IDIK27C575100;BRBMEFCIK8W2;FINANCIAL;-;-;-;-;-;-;-;-;-;979,03;-;-;-;-;-;-;-
IDIK27C575200;BRBMEFCIK8X0;FINANCIAL;-;-;-;-;-;-;-;-;-;970,58;-;-;-;-;-;-;-
IDIQ26P522700;BRBMEFVIQ8B7;FINANCIAL;-;-;-;-;-;-;-;-;-;340,68;-;-;-;-;-;-;-
IDIQ26P522800;BRBMEFVIQ8C5;FINANCIAL;-;-;-;-;-;-;-;-;-;440,68;-;-;-;-;-;-;-
IDIQ26P522900;BRBMEFVIQ8D3;FINANCIAL;-;-;-;-;-;-;-;-;-;540,68;-;-;-;-;-;-;-
IDIQ26P523000;BRBMEFVIQ8E1;FINANCIAL;-;-;-;-;-;-;-;-;-;640,68;-;-;-;-;-;-;-
IDIV26C531600;BRBMEFCIVWF3;FINANCIAL;-;-;-;-;-;-;-;-;-;2163,46;-;-;-;-;-;-;-
IDIV26C531700;BRBMEFCIVWG1;FINANCIAL;-;-;-;-;-;-;-;-;-;2065,6;-;-;-;-;-;-;-
IDIV26C531800;BRBMEFCIVWH9;FINANCIAL;-;-;-;-;-;-;-;-;-;1967,75;-;-;-;-;-;-;-
IDIV26C531900;BRBMEFCIVWI7;FINANCIAL;-;-;-;-;-;-;-;-;-;1869,89;-;-;-;-;-;-;-
IDIV26C532100;BRBMEFCIVWJ5;FINANCIAL;-;-;-;-;-;-;-;-;-;1674,18;-;-;-;-;-;-;-
IDIV26C532200;BRBMEFCIVWK3;FINANCIAL;-;-;-;-;-;-;-;-;-;1576,33;-;-;-;-;-;-;-
IDIV26C532300;BRBMEFCIVWL1;FINANCIAL;-;-;-;-;-;-;-;-;-;1478,47;-;-;-;-;-;-;-
IDIV26C532400;BRBMEFCIVWM9;FINANCIAL;-;-;-;-;-;-;-;-;-;1380,62;-;-;-;-;-;-;-
IDIV26C532600;BRBMEFCIVWN7;FINANCIAL;-;-;-;-;-;-;-;-;-;1184,91;-;-;-;-;-;-;-
IDIV26C532700;BRBMEFCIVWO5;FINANCIAL;-;-;-;-;-;-;-;-;-;1087,06;-;-;-;-;-;-;-
IDIV26C532800;BRBMEFCIVWP2;FINANCIAL;-;-;-;-;-;-;-;-;-;989,2;-;-;-;-;-;-;-
IDIV26C532900;BRBMEFCIVWQ0;FINANCIAL;-;-;-;-;-;-;-;-;-;891,35;-;-;-;-;-;-;-
IDIV26C533100;BRBMEFCIVWR8;FINANCIAL;-;-;-;-;-;-;-;-;-;695,64;-;-;-;-;-;-;-
IDIV26C533200;BRBMEFCIVWS6;FINANCIAL;592,07;592,07;592,07;592,07;592,07;-0,98;-;-;-;597,78;-;-;-;-;1;63;37300,41
IDIV26C533300;BRBMEFCIVWT4;FINANCIAL;-;-;-;-;-;-;-;-;-;499,93;-;-;-;-;-;-;-
IDIV26C533400;BRBMEFCIVWU2;FINANCIAL;-;-;-;-;-;-;-;-;-;402,07;-;-;-;-;-;-;-
IDIV26C533600;BRBMEFCIVWV0;FINANCIAL;-;-;-;-;-;-;-;-;-;206,45;-;-;-;-;-;-;-
IDIV26C533700;BRBMEFCIVWW8;FINANCIAL;104,56;104,56;104,56;104,56;104,56;-5,67;-;-;-;109,61;-;-;-;-;1;86;8992,16
IDIV26C533800;BRBMEFCIVWX6;FINANCIAL;23,72;23,72;23,72;23,72;23,72;-12,89;-;-;-;26,85;-;-;-;-;1;63;1494,36
IDIV26P531600;BRBMEFVIVWF3;FINANCIAL;0,01;0,01;0,01;0,01;0,01;0;-;-;-;0,01;-;-;-;-;2;2.752;27,52
IDIV26P531700;BRBMEFVIVWG1;FINANCIAL;0,01;0,01;0,01;0,01;0,01;0;-;-;-;0,01;-;-;-;-;2;2.752;27,52
IDIV26P531800;BRBMEFVIVWH9;FINANCIAL;-;-;-;-;-;-;-;-;-;0,01;-;-;-;-;-;-;-
IDIV26P531900;BRBMEFVIVWI7;FINANCIAL;0,01;0,01;0,01;0,01;0,01;0;-;-;-;0,01;-;-;-;-;2;512;5,12
IDIV26P532100;BRBMEFVIVWJ5;FINANCIAL;0,01;0,01;0,01;0,01;0,01;0;-;-;-;0,01;-;-;-;-;2;512;5,12
IDIV26P532200;BRBMEFVIVWK3;FINANCIAL;0,01;0,01;0,01;0,01;0,01;0;-;-;-;0,01;-;-;-;-;2;512;5,12
IDIV26P532300;BRBMEFVIVWL1;FINANCIAL;-;-;-;-;-;-;-;-;-;0,01;-;-;-;-;-;-;-
IDIV26P532400;BRBMEFVIVWM9;FINANCIAL;-;-;-;-;-;-;-;-;-;0,01;-;-;-;-;-;-;-
IDIV26P532600;BRBMEFVIVWN7;FINANCIAL;-;-;-;-;-;-;-;-;-;0,01;-;-;-;-;-;-;-
IDIV26P532700;BRBMEFVIVWO5;FINANCIAL;-;-;-;-;-;-;-;-;-;0,01;-;-;-;-;-;-;-
IDIV26P532800;BRBMEFVIVWP2;FINANCIAL;-;-;-;-;-;-;-;-;-;0,01;-;-;-;-;-;-;-
IDIV26P532900;BRBMEFVIVWQ0;FINANCIAL;-;-;-;-;-;-;-;-;-;0,01;-;-;-;-;-;-;-
IDIV26P533100;BRBMEFVIVWR8;FINANCIAL;-;-;-;-;-;-;-;-;-;0,01;-;-;-;-;-;-;-
IDIV26P533200;BRBMEFVIVWS6;FINANCIAL;0,01;0,01;0,01;0,01;0,01;0;-;-;-;0,01;-;-;-;-;2;604;6,04
IDIV26P533300;BRBMEFVIVWT4;FINANCIAL;0,01;0,01;0,01;0,01;0,01;0;-;-;-;0,01;-;-;-;-;2;744;7,44
IDIV26P533400;BRBMEFVIVWU2;FINANCIAL;-;-;-;-;-;-;-;-;-;0,01;-;-;-;-;-;-;-
IDIV26P533600;BRBMEFVIVWV0;FINANCIAL;0,19;0,19;0,19;0,19;0,19;-86,98;-;-;-;0,08;-;-;-;-;3;1.025;194,75
IDIV26P533700;BRBMEFVIVWW8;FINANCIAL;1,5;1,5;1,5;1,5;1,5;-59,23;-;-;-;1,1;-;-;-;-;3;2.484;3726
IDIV26P533800;BRBMEFVIVWX6;FINANCIAL;18,47;18,47;18,47;18,47;18,47;3,7;-;-;-;16,2;-;-;-;-;3;3.133;57866,51
IDIF27C544400;BRBMEFCIAXK5;FINANCIAL;-;-;-;-;-;-;-;-;-;6240,29;-;-;-;-;-;-;-
IDIF27C544600;BRBMEFCIAXL3;FINANCIAL;-;-;-;-;-;-;-;-;-;6050,68;-;-;-;-;-;-;-
IDIF27C544700;BRBMEFCIAXM1;FINANCIAL;-;-;-;-;-;-;-;-;-;5955,88;-;-;-;-;-;-;-
IDIF27C544800;BRBMEFCIAXN9;FINANCIAL;-;-;-;-;-;-;-;-;-;5861,07;-;-;-;-;-;-;-
IDIF27C544900;BRBMEFCIAXO7;FINANCIAL;-;-;-;-;-;-;-;-;-;5766,27;-;-;-;-;-;-;-
IDIF27C545100;BRBMEFCIAXP4;FINANCIAL;-;-;-;-;-;-;-;-;-;5576,66;-;-;-;-;-;-;-
IDIF27C545200;BRBMEFCIAXQ2;FINANCIAL;-;-;-;-;-;-;-;-;-;5481,85;-;-;-;-;-;-;-
IDIF27C545300;BRBMEFCIAXR0;FINANCIAL;-;-;-;-;-;-;-;-;-;5387,05;-;-;-;-;-;-;-
IDIF27C545400;BRBMEFCIAXS8;FINANCIAL;-;-;-;-;-;-;-;-;-;5292,24;-;-;-;-;-;-;-
IDIF27C545600;BRBMEFCIAXT6;FINANCIAL;-;-;-;-;-;-;-;-;-;5102,63;-;-;-;-;-;-;-
IDIF27C545700;BRBMEFCIAXU4;FINANCIAL;-;-;-;-;-;-;-;-;-;5007,83;-;-;-;-;-;-;-
IDIF27C545800;BRBMEFCIAXV2;FINANCIAL;-;-;-;-;-;-;-;-;-;4913,02;-;-;-;-;-;-;-
IDIF27C545900;BRBMEFCIAXW0;FINANCIAL;-;-;-;-;-;-;-;-;-;4818,22;-;-;-;-;-;-;-
IDIF27P544400;BRBMEFVI1XK4;FINANCIAL;-;-;-;-;-;-;-;-;-;0,01;-;-;-;-;-;-;-
IDIF27P544600;BRBMEFVI1XL2;FINANCIAL;-;-;-;-;-;-;-;-;-;0,01;-;-;-;-;-;-;-
IDIF27P544700;BRBMEFVI1XM0;FINANCIAL;-;-;-;-;-;-;-;-;-;0,01;-;-;-;-;-;-;-
IDIF27P544800;BRBMEFVI1XN8;FINANCIAL;-;-;-;-;-;-;-;-;-;0,01;-;-;-;-;-;-;-
IDIF27P544900;BRBMEFVI1XO6;FINANCIAL;-;-;-;-;-;-;-;-;-;0,01;-;-;-;-;-;-;-
IDIF27P545100;BRBMEFVI1XP3;FINANCIAL;-;-;-;-;-;-;-;-;-;0,01;-;-;-;-;-;-;-
IDIF27P545200;BRBMEFVI1XQ1;FINANCIAL;-;-;-;-;-;-;-;-;-;0,01;-;-;-;-;-;-;-
IDIF27P545300;BRBMEFVI1XR9;FINANCIAL;-;-;-;-;-;-;-;-;-;0,01;-;-;-;-;-;-;-
IDIF27P545400;BRBMEFVI1XS7;FINANCIAL;-;-;-;-;-;-;-;-;-;0,01;-;-;-;-;-;-;-
IDIF27P545600;BRBMEFVI1XT5;FINANCIAL;-;-;-;-;-;-;-;-;-;0,01;-;-;-;-;-;-;-
IDIF27P545700;BRBMEFVI1XU3;FINANCIAL;-;-;-;-;-;-;-;-;-;0,01;-;-;-;-;-;-;-
IDIF27P545800;BRBMEFVI1XV1;FINANCIAL;-;-;-;-;-;-;-;-;-;0,01;-;-;-;-;-;-;-
IDIF27P545900;BRBMEFVI1XW9;FINANCIAL;-;-;-;-;-;-;-;-;-;0,01;-;-;-;-;-;-;-
IDIQ26C520600;BRBMEFCIQ8F1;FINANCIAL;-;-;-;-;-;-;-;-;-;1759,32;-;-;-;-;-;-;-
IDIQ26C523100;BRBMEFCIQ8G9;FINANCIAL;-;-;-;-;-;-;-;-;-;0,01;-;-;-;-;-;-;-
IDIQ26C523200;BRBMEFCIQ8H7;FINANCIAL;-;-;-;-;-;-;-;-;-;0,01;-;-;-;-;-;-;-
IDIQ26P520600;BRBMEFVIQ8F8;FINANCIAL;-;-;-;-;-;-;-;-;-;0,01;-;-;-;-;-;-;-
IDIQ26P523100;BRBMEFVIQ8G6;FINANCIAL;-;-;-;-;-;-;-;-;-;740,68;-;-;-;-;-;-;-
IDIQ26P523200;BRBMEFVIQ8H4;FINANCIAL;-;-;-;-;-;-;-;-;-;840,68;-;-;-;-;-;-;-
IDIU26C526100;BRBMEFCIU8M1;FINANCIAL;-;-;-;-;-;-;-;-;-;1954,31;-;-;-;-;-;-;-
IDIU26C526200;BRBMEFCIU8N9;FINANCIAL;-;-;-;-;-;-;-;-;-;1855,39;-;-;-;-;-;-;-
IDIU26C526300;BRBMEFCIU8O7;FINANCIAL;-;-;-;-;-;-;-;-;-;1756,47;-;-;-;-;-;-;-
IDIU26C526400;BRBMEFCIU8P4;FINANCIAL;-;-;-;-;-;-;-;-;-;1657,55;-;-;-;-;-;-;-
IDIU26C526500;BRBMEFCIU8Q2;FINANCIAL;-;-;-;-;-;-;-;-;-;1558,64;-;-;-;-;-;-;-
IDIU26C526600;BRBMEFCIU8R0;FINANCIAL;-;-;-;-;-;-;-;-;-;1459,72;-;-;-;-;-;-;-
IDIU26C526700;BRBMEFCIU8S8;FINANCIAL;-;-;-;-;-;-;-;-;-;1360,8;-;-;-;-;-;-;-
IDIU26C526800;BRBMEFCIU8T6;FINANCIAL;-;-;-;-;-;-;-;-;-;1261,88;-;-;-;-;-;-;-
IDIU26C526900;BRBMEFCIU8U4;FINANCIAL;-;-;-;-;-;-;-;-;-;1162,97;-;-;-;-;-;-;-
IDIU26C527000;BRBMEFCIU8V2;FINANCIAL;-;-;-;-;-;-;-;-;-;1064,05;-;-;-;-;-;-;-
IDIU26C527100;BRBMEFCIU8W0;FINANCIAL;-;-;-;-;-;-;-;-;-;965,13;-;-;-;-;-;-;-
IDIU26C527200;BRBMEFCIU8X8;FINANCIAL;-;-;-;-;-;-;-;-;-;866,21;-;-;-;-;-;-;-
IDIU26C527300;BRBMEFCIU8Y6;FINANCIAL;-;-;-;-;-;-;-;-;-;767,3;-;-;-;-;-;-;-
IDIU26C527400;BRBMEFCIU8Z3;FINANCIAL;-;-;-;-;-;-;-;-;-;668,38;-;-;-;-;-;-;-
IDIU26C527500;BRBMEFCIU905;FINANCIAL;-;-;-;-;-;-;-;-;-;569,46;-;-;-;-;-;-;-
IDIU26C527600;BRBMEFCIU913;FINANCIAL;-;-;-;-;-;-;-;-;-;470,54;-;-;-;-;-;-;-
IDIU26C527700;BRBMEFCIU921;FINANCIAL;-;-;-;-;-;-;-;-;-;371,63;-;-;-;-;-;-;-
IDIU26C527800;BRBMEFCIU939;FINANCIAL;-;-;-;-;-;-;-;-;-;272,71;-;-;-;-;-;-;-
IDIU26C527900;BRBMEFCIU947;FINANCIAL;-;-;-;-;-;-;-;-;-;173,79;-;-;-;-;-;-;-
IDIU26C528000;BRBMEFCIU954;FINANCIAL;-;-;-;-;-;-;-;-;-;74,87;-;-;-;-;-;-;-
IDIU26C528100;BRBMEFCIU962;FINANCIAL;-;-;-;-;-;-;-;-;-;0,65;-;-;-;-;-;-;-
IDIU26C528200;BRBMEFCIU970;FINANCIAL;-;-;-;-;-;-;-;-;-;0,4;-;-;-;-;-;-;-
IDIU26C528300;BRBMEFCIU988;FINANCIAL;-;-;-;-;-;-;-;-;-;0,37;-;-;-;-;-;-;-
IDIU26C528400;BRBMEFCIU996;FINANCIAL;-;-;-;-;-;-;-;-;-;0,06;-;-;-;-;-;-;-
IDIU26C528500;BRBMEFCIU9A4;FINANCIAL;-;-;-;-;-;-;-;-;-;0,01;-;-;-;-;-;-;-
IDIU26C528600;BRBMEFCIU9B2;FINANCIAL;-;-;-;-;-;-;-;-;-;0,01;-;-;-;-;-;-;-
IDIU26C528700;BRBMEFCIU9C0;FINANCIAL;-;-;-;-;-;-;-;-;-;0,01;-;-;-;-;-;-;-
IDIU26P526100;BRBMEFVIU8M8;FINANCIAL;-;-;-;-;-;-;-;-;-;0,01;-;-;-;-;-;-;-
IDIU26P526200;BRBMEFVIU8N6;FINANCIAL;-;-;-;-;-;-;-;-;-;0,01;-;-;-;-;-;-;-
IDIU26P526300;BRBMEFVIU8O4;FINANCIAL;-;-;-;-;-;-;-;-;-;0,01;-;-;-;-;-;-;-
IDIU26P526400;BRBMEFVIU8P1;FINANCIAL;-;-;-;-;-;-;-;-;-;0,01;-;-;-;-;-;-;-
IDIU26P526500;BRBMEFVIU8Q9;FINANCIAL;-;-;-;-;-;-;-;-;-;0,01;-;-;-;-;-;-;-
IDIU26P526600;BRBMEFVIU8R7;FINANCIAL;-;-;-;-;-;-;-;-;-;0,01;-;-;-;-;-;-;-
IDIU26P526700;BRBMEFVIU8S5;FINANCIAL;-;-;-;-;-;-;-;-;-;0,01;-;-;-;-;-;-;-
IDIU26P526800;BRBMEFVIU8T3;FINANCIAL;-;-;-;-;-;-;-;-;-;0,01;-;-;-;-;-;-;-
IDIU26P526900;BRBMEFVIU8U1;FINANCIAL;-;-;-;-;-;-;-;-;-;0,01;-;-;-;-;-;-;-
IDIU26P527000;BRBMEFVIU8V9;FINANCIAL;-;-;-;-;-;-;-;-;-;0,01;-;-;-;-;-;-;-
IDIU26P527100;BRBMEFVIU8W7;FINANCIAL;-;-;-;-;-;-;-;-;-;0,01;-;-;-;-;-;-;-
IDIU26P527200;BRBMEFVIU8X5;FINANCIAL;-;-;-;-;-;-;-;-;-;0,01;-;-;-;-;-;-;-
IDIU26P527300;BRBMEFVIU8Y3;FINANCIAL;-;-;-;-;-;-;-;-;-;0,01;-;-;-;-;-;-;-
IDIU26P527400;BRBMEFVIU8Z0;FINANCIAL;-;-;-;-;-;-;-;-;-;0,01;-;-;-;-;-;-;-
IDIU26P527500;BRBMEFVIU905;FINANCIAL;-;-;-;-;-;-;-;-;-;0,01;-;-;-;-;-;-;-
IDIU26P527600;BRBMEFVIU913;FINANCIAL;-;-;-;-;-;-;-;-;-;0,01;-;-;-;-;-;-;-
IDIU26P527700;BRBMEFVIU921;FINANCIAL;-;-;-;-;-;-;-;-;-;0,01;-;-;-;-;-;-;-
IDIU26P527800;BRBMEFVIU939;FINANCIAL;-;-;-;-;-;-;-;-;-;0,01;-;-;-;-;-;-;-
IDIU26P527900;BRBMEFVIU947;FINANCIAL;-;-;-;-;-;-;-;-;-;0,01;-;-;-;-;-;-;-
IDIU26P528000;BRBMEFVIU954;FINANCIAL;-;-;-;-;-;-;-;-;-;0,01;-;-;-;-;-;-;-
IDIU26P528100;BRBMEFVIU962;FINANCIAL;-;-;-;-;-;-;-;-;-;24,7;-;-;-;-;-;-;-
IDIU26P528200;BRBMEFVIU970;FINANCIAL;-;-;-;-;-;-;-;-;-;123,37;-;-;-;-;-;-;-
IDIU26P528300;BRBMEFVIU988;FINANCIAL;-;-;-;-;-;-;-;-;-;222,25;-;-;-;-;-;-;-
IDIU26P528400;BRBMEFVIU996;FINANCIAL;-;-;-;-;-;-;-;-;-;320,85;-;-;-;-;-;-;-
IDIU26P528500;BRBMEFVIU9A1;FINANCIAL;-;-;-;-;-;-;-;-;-;419,72;-;-;-;-;-;-;-
IDIU26P528600;BRBMEFVIU9B9;FINANCIAL;-;-;-;-;-;-;-;-;-;518,63;-;-;-;-;-;-;-
IDIU26P528700;BRBMEFVIU9C7;FINANCIAL;-;-;-;-;-;-;-;-;-;617,55;-;-;-;-;-;-;-
IDIF27C543600;BRBMEFCIAY99;FINANCIAL;-;-;-;-;-;-;-;-;-;6998,73;-;-;-;-;-;-;-
IDIF27C543700;BRBMEFCIAYA4;FINANCIAL;-;-;-;-;-;-;-;-;-;6903,93;-;-;-;-;-;-;-
IDIF27C543800;BRBMEFCIAYB2;FINANCIAL;-;-;-;-;-;-;-;-;-;6809,12;-;-;-;-;-;-;-
IDIF27C543900;BRBMEFCIAYC0;FINANCIAL;-;-;-;-;-;-;-;-;-;6714,32;-;-;-;-;-;-;-
IDIF27C544100;BRBMEFCIAYD8;FINANCIAL;-;-;-;-;-;-;-;-;-;6524,71;-;-;-;-;-;-;-
IDIF27C544200;BRBMEFCIAYE6;FINANCIAL;-;-;-;-;-;-;-;-;-;6429,9;-;-;-;-;-;-;-
IDIF27C544300;BRBMEFCIAYF3;FINANCIAL;-;-;-;-;-;-;-;-;-;6335,1;-;-;-;-;-;-;-
IDIF27C546100;BRBMEFCIAYG1;FINANCIAL;-;-;-;-;-;-;-;-;-;4628,61;-;-;-;-;-;-;-
IDIF27C546200;BRBMEFCIAYH9;FINANCIAL;-;-;-;-;-;-;-;-;-;4533,8;-;-;-;-;-;-;-
IDIF27C546300;BRBMEFCIAYI7;FINANCIAL;-;-;-;-;-;-;-;-;-;4439;-;-;-;-;-;-;-
IDIF27C546400;BRBMEFCIAYJ5;FINANCIAL;-;-;-;-;-;-;-;-;-;4344,19;-;-;-;-;-;-;-
IDIF27C546600;BRBMEFCIAYK3;FINANCIAL;-;-;-;-;-;-;-;-;-;4154,58;-;-;-;-;-;-;-
IDIF27C546700;BRBMEFCIAYL1;FINANCIAL;-;-;-;-;-;-;-;-;-;4059,78;-;-;-;-;-;-;-
IDIF27C546800;BRBMEFCIAYM9;FINANCIAL;-;-;-;-;-;-;-;-;-;3964,97;-;-;-;-;-;-;-
IDIF27C546900;BRBMEFCIAYN7;FINANCIAL;-;-;-;-;-;-;-;-;-;3870,17;-;-;-;-;-;-;-
IDIF27C547100;BRBMEFCIAYO5;FINANCIAL;-;-;-;-;-;-;-;-;-;3680,56;-;-;-;-;-;-;-
IDIF27C547200;BRBMEFCIAYP2;FINANCIAL;-;-;-;-;-;-;-;-;-;3585,75;-;-;-;-;-;-;-
IDIF27C549400;BRBMEFCIAYQ0;FINANCIAL;-;-;-;-;-;-;-;-;-;1500,06;-;-;-;-;-;-;-
IDIF27C549500;BRBMEFCIAYR8;FINANCIAL;-;-;-;-;-;-;-;-;-;1405,29;-;-;-;-;-;-;-
IDIF27C549600;BRBMEFCIAYS6;FINANCIAL;-;-;-;-;-;-;-;-;-;1310,55;-;-;-;-;-;-;-
IDIF27C549700;BRBMEFCIAYT4;FINANCIAL;-;-;-;-;-;-;-;-;-;1215,89;-;-;-;-;-;-;-
IDIF27C549800;BRBMEFCIAYU2;FINANCIAL;-;-;-;-;-;-;-;-;-;1121,38;-;-;-;-;-;-;-
IDIF27C549900;BRBMEFCIAYV0;FINANCIAL;-;-;-;-;-;-;-;-;-;1027,14;-;-;-;-;-;-;-
IDIF27C550100;BRBMEFCIAYW8;FINANCIAL;-;-;-;-;-;-;-;-;-;842,91;-;-;-;-;-;-;-
IDIF27C550200;BRBMEFCIAYX6;FINANCIAL;-;-;-;-;-;-;-;-;-;753,04;-;-;-;-;-;-;-
IDIF27C550300;BRBMEFCIAYY4;FINANCIAL;-;-;-;-;-;-;-;-;-;664,36;-;-;-;-;-;-;-
IDIF27C550400;BRBMEFCIAYZ1;FINANCIAL;569,78;569,78;569,78;569,78;569,78;-5,36;-;-;-;578,22;-;-;-;-;2;427;243296,06
IDIF27C550500;BRBMEFCIAZ07;FINANCIAL;485,23;485,23;485,23;485,23;485,23;-51,79;-;-;-;493,82;-;-;-;-;1;266;129071,18
IDIF27C550600;BRBMEFCIAZ15;FINANCIAL;402,91;402,91;402,91;402,91;402,91;-7,12;-;-;-;412,95;-;-;-;-;4;1.501;604767,91
IDIF27C550700;BRBMEFCIAZ23;FINANCIAL;338,11;338,11;338,11;338,11;338,11;-6,9;-;-;-;349,29;-;-;-;-;3;1.340;453067,4
IDIF27C550800;BRBMEFCIAZ31;FINANCIAL;-;-;-;-;-;-;-;-;-;295,35;-;-;-;-;-;-;-
IDIF27C550900;BRBMEFCIAZ49;FINANCIAL;-;-;-;-;-;-;-;-;-;253,43;-;-;-;-;-;-;-
IDIF27C551000;BRBMEFCIAZ56;FINANCIAL;-;-;-;-;-;-;-;-;-;227,56;-;-;-;-;-;-;-
IDIF27C551100;BRBMEFCIAZ64;FINANCIAL;188,77;188,77;188,77;188,77;188,77;6,01;-;-;-;204,3;-;-;-;-;1;329;62105,33
IDIF27C551200;BRBMEFCIAZ72;FINANCIAL;165,83;165,83;165,83;165,83;165,83;3,59;-;-;-;182,25;-;-;-;-;1;329;54558,07
IDIF27C551300;BRBMEFCIAZ80;FINANCIAL;-;-;-;-;-;-;-;-;-;171,86;-;-;-;-;-;-;-
IDIF27C551400;BRBMEFCIAZ98;FINANCIAL;155,2;147,87;155,2;148,14;147,87;-;-;-;-;162,41;-;-;-;-;10;20.778;3078145,6
IDIF27C551500;BRBMEFCIAZA1;FINANCIAL;144,82;142,4;144,82;142,49;142,4;39,22;-;-;-;154,17;-;-;-;-;10;20.778;2960669,96
IDIF27C551600;BRBMEFCIAZB9;FINANCIAL;126,13;126,13;126,13;126,13;126,13;40,69;-;-;-;146,91;-;-;-;-;4;2.027;255665,51
IDIF27C551700;BRBMEFCIAZC7;FINANCIAL;118,18;118,18;127,53;126,54;127,53;62,93;-;-;-;139,94;-;-;-;-;12;22.342;2827377,56
IDIF27C551800;BRBMEFCIAZD5;FINANCIAL;111,3;111,3;122,06;121,89;122,06;72,98;-;-;-;135,07;-;-;-;-;9;20.315;2476259,5
IDIF27P543600;BRBMEFVI1Y97;FINANCIAL;-;-;-;-;-;-;-;-;-;0,01;-;-;-;-;-;-;-
IDIF27P543700;BRBMEFVI1YA3;FINANCIAL;-;-;-;-;-;-;-;-;-;0,01;-;-;-;-;-;-;-
IDIF27P543800;BRBMEFVI1YB1;FINANCIAL;-;-;-;-;-;-;-;-;-;0,01;-;-;-;-;-;-;-
IDIF27P543900;BRBMEFVI1YC9;FINANCIAL;-;-;-;-;-;-;-;-;-;0,01;-;-;-;-;-;-;-
IDIF27P544100;BRBMEFVI1YD7;FINANCIAL;-;-;-;-;-;-;-;-;-;0,01;-;-;-;-;-;-;-
IDIF27P544200;BRBMEFVI1YE5;FINANCIAL;-;-;-;-;-;-;-;-;-;0,01;-;-;-;-;-;-;-
IDIF27P544300;BRBMEFVI1YF2;FINANCIAL;-;-;-;-;-;-;-;-;-;0,01;-;-;-;-;-;-;-
IDIF27P546100;BRBMEFVI1YG0;FINANCIAL;-;-;-;-;-;-;-;-;-;0,01;-;-;-;-;-;-;-
IDIF27P546200;BRBMEFVI1YH8;FINANCIAL;-;-;-;-;-;-;-;-;-;0,01;-;-;-;-;-;-;-
IDIF27P546300;BRBMEFVI1YI6;FINANCIAL;-;-;-;-;-;-;-;-;-;0,01;-;-;-;-;-;-;-
IDIF27P546400;BRBMEFVI1YJ4;FINANCIAL;-;-;-;-;-;-;-;-;-;0,01;-;-;-;-;-;-;-
IDIF27P546600;BRBMEFVI1YK2;FINANCIAL;-;-;-;-;-;-;-;-;-;0,01;-;-;-;-;-;-;-
IDIF27P546700;BRBMEFVI1YL0;FINANCIAL;-;-;-;-;-;-;-;-;-;0,01;-;-;-;-;-;-;-
IDIF27P546800;BRBMEFVI1YM8;FINANCIAL;-;-;-;-;-;-;-;-;-;0,01;-;-;-;-;-;-;-
IDIF27P546900;BRBMEFVI1YN6;FINANCIAL;-;-;-;-;-;-;-;-;-;0,01;-;-;-;-;-;-;-
IDIF27P547100;BRBMEFVI1YO4;FINANCIAL;-;-;-;-;-;-;-;-;-;0,01;-;-;-;-;-;-;-
IDIF27P547200;BRBMEFVI1YP1;FINANCIAL;0,01;0,01;0,01;0,01;0,01;-96,55;-;-;-;0,01;-;-;-;-;2;40;0,4
IDIF27P549400;BRBMEFVI1YQ9;FINANCIAL;-;-;-;-;-;-;-;-;-;0,02;-;-;-;-;-;-;-
IDIF27P549500;BRBMEFVI1YR7;FINANCIAL;-;-;-;-;-;-;-;-;-;0,05;-;-;-;-;-;-;-
IDIF27P549600;BRBMEFVI1YS5;FINANCIAL;-;-;-;-;-;-;-;-;-;0,12;-;-;-;-;-;-;-
IDIF27P549700;BRBMEFVI1YT3;FINANCIAL;-;-;-;-;-;-;-;-;-;0,27;-;-;-;-;-;-;-
IDIF27P549800;BRBMEFVI1YU1;FINANCIAL;-;-;-;-;-;-;-;-;-;0,56;-;-;-;-;-;-;-
IDIF27P549900;BRBMEFVI1YV9;FINANCIAL;-;-;-;-;-;-;-;-;-;1,12;-;-;-;-;-;-;-
IDIF27P550100;BRBMEFVI1YW7;FINANCIAL;-;-;-;-;-;-;-;-;-;6,51;-;-;-;-;-;-;-
IDIF27P550200;BRBMEFVI1YX5;FINANCIAL;-;-;-;-;-;-;-;-;-;11,45;-;-;-;-;-;-;-
IDIF27P550300;BRBMEFVI1YY3;FINANCIAL;-;-;-;-;-;-;-;-;-;17,57;-;-;-;-;-;-;-
IDIF27P550400;BRBMEFVI1YZ0;FINANCIAL;26,37;26,37;26,37;26,37;26,37;14,9;-;-;-;26,23;-;-;-;-;2;2.266;59754,42
IDIF27P550500;BRBMEFVI1Z05;FINANCIAL;36,58;36,58;36,58;36,58;36,58;14,02;-;-;-;36,64;-;-;-;-;2;2.150;78647
IDIF27P550600;BRBMEFVI1Z13;FINANCIAL;49,02;49,02;49,02;49,02;49,02;11,13;-;-;-;50,57;-;-;-;-;1;116;5686,32
IDIF27P550700;BRBMEFVI1Z21;FINANCIAL;78,97;78,97;78,97;78,97;78,97;15,85;-;-;-;81,72;-;-;-;-;4;1.761;139066,17
IDIF27P550800;BRBMEFVI1Z39;FINANCIAL;119,21;119,21;119,21;119,21;119,21;17,54;-;-;-;122,58;-;-;-;-;4;1.761;209928,81
IDIF27P550900;BRBMEFVI1Z47;FINANCIAL;170,48;170,48;170,48;170,48;170,48;8,77;-;-;-;175,47;-;-;-;-;4;1.618;275836,64
IDIF27P551000;BRBMEFVI1Z54;FINANCIAL;239,06;239,06;239,06;239,06;239,06;10,84;-;-;-;244,41;-;-;-;-;4;1.757;420028,42
IDIF27P551100;BRBMEFVI1Z62;FINANCIAL;308,66;308,66;308,66;308,66;308,66;10,71;-;-;-;315,95;-;-;-;-;4;4.664;1439590,24
IDIF27P551200;BRBMEFVI1Z70;FINANCIAL;380,47;380,47;380,47;380,47;380,47;10,68;-;-;-;388,71;-;-;-;-;4;4.770;1814841,9
IDIF27P551300;BRBMEFVI1Z88;FINANCIAL;464,04;464,04;464,04;464,04;464,04;14,71;-;-;-;473,12;-;-;-;-;2;234;108585,36
IDIF27P551400;BRBMEFVI1Z96;FINANCIAL;-;-;-;-;-;-;-;-;-;558,47;-;-;-;-;-;-;-
IDIF27P551500;BRBMEFVI1ZA0;FINANCIAL;-;-;-;-;-;-;-;-;-;645,04;-;-;-;-;-;-;-
IDIF27P551600;BRBMEFVI1ZB8;FINANCIAL;719,8;719,8;719,8;719,8;719,8;11,26;-;-;-;732,58;-;-;-;-;1;315;226737
IDIF27P551700;BRBMEFVI1ZC6;FINANCIAL;806,61;806,61;806,61;806,61;806,61;10,45;-;-;-;820,42;-;-;-;-;1;630;508164,3
IDIF27P551800;BRBMEFVI1ZD4;FINANCIAL;894,49;894,49;894,49;894,49;894,49;48,09;-;-;-;910,35;-;-;-;-;1;315;281764,35
D15F27C000975;BRBMEFCI5801;FINANCIAL;-;-;-;-;-;-;-;-;-;5762,33;-;-;-;-;-;-;-
D15F27C001175;BRBMEFCI5843;FINANCIAL;-;-;-;-;-;-;-;-;-;3131,63;-;-;-;-;-;-;-
D15F27P000975;BRBMEFVI5808;FINANCIAL;-;-;-;-;-;-;-;-;-;34,22;-;-;-;-;-;-;-
D15F27P001175;BRBMEFVI5840;FINANCIAL;-;-;-;-;-;-;-;-;-;173,53;-;-;-;-;-;-;-
D15F27C000900;BRBMEFCI57X8;FINANCIAL;-;-;-;-;-;-;-;-;-;6823,08;-;-;-;-;-;-;-
D15F27C000925;BRBMEFCI57Y6;FINANCIAL;-;-;-;-;-;-;-;-;-;6465,86;-;-;-;-;-;-;-
D15F27C000950;BRBMEFCI57Z3;FINANCIAL;-;-;-;-;-;-;-;-;-;6112,2;-;-;-;-;-;-;-
D15F27C001000;BRBMEFCI57S8;FINANCIAL;-;-;-;-;-;-;-;-;-;5416,58;-;-;-;-;-;-;-
D15F27C001025;BRBMEFCI5819;FINANCIAL;-;-;-;-;-;-;-;-;-;5075,22;-;-;-;-;-;-;-
D15F27C001050;BRBMEFCI57T6;FINANCIAL;-;-;-;-;-;-;-;-;-;4738,76;-;-;-;-;-;-;-
D15F27C001075;BRBMEFCI5827;FINANCIAL;-;-;-;-;-;-;-;-;-;4406,68;-;-;-;-;-;-;-
D15F27C001100;BRBMEFCI57U4;FINANCIAL;-;-;-;-;-;-;-;-;-;4077,47;-;-;-;-;-;-;-
D15F27C001125;BRBMEFCI5835;FINANCIAL;-;-;-;-;-;-;-;-;-;3753,93;-;-;-;-;-;-;-
D15F27C001150;BRBMEFCI57V2;FINANCIAL;-;-;-;-;-;-;-;-;-;3436,38;-;-;-;-;-;-;-
D15F27C001200;BRBMEFCI57W0;FINANCIAL;-;-;-;-;-;-;-;-;-;2843,03;-;-;-;-;-;-;-
D15F27C001250;BRBMEFCI57D0;FINANCIAL;-;-;-;-;-;-;-;-;-;2301,87;-;-;-;-;-;-;-
D15F27C001275;BRBMEFCI57E8;FINANCIAL;-;-;-;-;-;-;-;-;-;2051,3;-;-;-;-;-;-;-
D15F27C001300;BRBMEFCI57F5;FINANCIAL;-;-;-;-;-;-;-;-;-;1822,78;-;-;-;-;-;-;-
D15F27C001325;BRBMEFCI57G3;FINANCIAL;-;-;-;-;-;-;-;-;-;1614,08;-;-;-;-;-;-;-
D15F27C001350;BRBMEFCI57H1;FINANCIAL;-;-;-;-;-;-;-;-;-;1422,61;-;-;-;-;-;-;-
D15F27C001375;BRBMEFCI57I9;FINANCIAL;-;-;-;-;-;-;-;-;-;1255,6;-;-;-;-;-;-;-
D15F27C001400;BRBMEFCI57J7;FINANCIAL;-;-;-;-;-;-;-;-;-;1105,59;-;-;-;-;-;-;-
D15F27C001425;BRBMEFCI57K5;FINANCIAL;-;-;-;-;-;-;-;-;-;972,55;-;-;-;-;-;-;-
D15F27C001450;BRBMEFCI57L3;FINANCIAL;-;-;-;-;-;-;-;-;-;859,7;-;-;-;-;-;-;-
D15F27C001475;BRBMEFCI57M1;FINANCIAL;-;-;-;-;-;-;-;-;-;760,06;-;-;-;-;-;-;-
D15F27C001500;BRBMEFCI57N9;FINANCIAL;-;-;-;-;-;-;-;-;-;672,7;-;-;-;-;-;-;-
D15F27C001525;BRBMEFCI57O7;FINANCIAL;-;-;-;-;-;-;-;-;-;596,73;-;-;-;-;-;-;-
D15F27C001550;BRBMEFCI57P4;FINANCIAL;-;-;-;-;-;-;-;-;-;530,83;-;-;-;-;-;-;-
D15F27C001575;BRBMEFCI57Q2;FINANCIAL;-;-;-;-;-;-;-;-;-;473,1;-;-;-;-;-;-;-
D15F27C001600;BRBMEFCI57R0;FINANCIAL;-;-;-;-;-;-;-;-;-;422,87;-;-;-;-;-;-;-
D15F27P000900;BRBMEFVI57X8;FINANCIAL;-;-;-;-;-;-;-;-;-;16,97;-;-;-;-;-;-;-
D15F27P000925;BRBMEFVI57Y6;FINANCIAL;-;-;-;-;-;-;-;-;-;21,54;-;-;-;-;-;-;-
D15F27P000950;BRBMEFVI57Z3;FINANCIAL;-;-;-;-;-;-;-;-;-;27,21;-;-;-;-;-;-;-
D15F27P001000;BRBMEFVI57S8;FINANCIAL;-;-;-;-;-;-;-;-;-;42,95;-;-;-;-;-;-;-
D15F27P001025;BRBMEFVI5816;FINANCIAL;-;-;-;-;-;-;-;-;-;53,68;-;-;-;-;-;-;-
D15F27P001050;BRBMEFVI57T6;FINANCIAL;-;-;-;-;-;-;-;-;-;66,93;-;-;-;-;-;-;-
D15F27P001075;BRBMEFVI5824;FINANCIAL;-;-;-;-;-;-;-;-;-;82,21;-;-;-;-;-;-;-
D15F27P001100;BRBMEFVI57U4;FINANCIAL;-;-;-;-;-;-;-;-;-;98,04;-;-;-;-;-;-;-
D15F27P001125;BRBMEFVI5832;FINANCIAL;-;-;-;-;-;-;-;-;-;117,22;-;-;-;-;-;-;-
D15F27P001150;BRBMEFVI57V2;FINANCIAL;-;-;-;-;-;-;-;-;-;140,11;-;-;-;-;-;-;-
D15F27P001200;BRBMEFVI57W0;FINANCIAL;-;-;-;-;-;-;-;-;-;220,85;-;-;-;-;-;-;-
D15F27P001250;BRBMEFVI57D0;FINANCIAL;-;-;-;-;-;-;-;-;-;344,88;-;-;-;-;-;-;-
D15F27P001275;BRBMEFVI57E8;FINANCIAL;-;-;-;-;-;-;-;-;-;423,61;-;-;-;-;-;-;-
D15F27P001300;BRBMEFVI57F5;FINANCIAL;-;-;-;-;-;-;-;-;-;522,22;-;-;-;-;-;-;-
D15F27P001325;BRBMEFVI57G3;FINANCIAL;-;-;-;-;-;-;-;-;-;638,5;-;-;-;-;-;-;-
D15F27P001350;BRBMEFVI57H1;FINANCIAL;-;-;-;-;-;-;-;-;-;769,88;-;-;-;-;-;-;-
D15F27P001375;BRBMEFVI57I9;FINANCIAL;-;-;-;-;-;-;-;-;-;923,61;-;-;-;-;-;-;-
D15F27P001400;BRBMEFVI57J7;FINANCIAL;-;-;-;-;-;-;-;-;-;1092,25;-;-;-;-;-;-;-
D15F27P001425;BRBMEFVI57K5;FINANCIAL;-;-;-;-;-;-;-;-;-;1275,78;-;-;-;-;-;-;-
D15F27P001450;BRBMEFVI57L3;FINANCIAL;-;-;-;-;-;-;-;-;-;1477,44;-;-;-;-;-;-;-
D15F27P001475;BRBMEFVI57M1;FINANCIAL;-;-;-;-;-;-;-;-;-;1690,27;-;-;-;-;-;-;-
D15F27P001500;BRBMEFVI57N9;FINANCIAL;-;-;-;-;-;-;-;-;-;1913,36;-;-;-;-;-;-;-
D15F27P001525;BRBMEFVI57O7;FINANCIAL;-;-;-;-;-;-;-;-;-;2145,83;-;-;-;-;-;-;-
D15F27P001550;BRBMEFVI57P4;FINANCIAL;-;-;-;-;-;-;-;-;-;2386,4;-;-;-;-;-;-;-
D15F27P001575;BRBMEFVI57Q2;FINANCIAL;-;-;-;-;-;-;-;-;-;2633,15;-;-;-;-;-;-;-
D15F27P001600;BRBMEFVI57R0;FINANCIAL;-;-;-;-;-;-;-;-;-;2885,45;-;-;-;-;-;-;-
IDIF27C554000;BRBMEFCIAZE3;FINANCIAL;-;-;-;-;-;-;-;-;-;93,31;-;-;-;-;-;-;-
IDIF27C554100;BRBMEFCIAZF0;FINANCIAL;-;-;-;-;-;-;-;-;-;91,65;-;-;-;-;-;-;-
IDIF27C554200;BRBMEFCIAZG8;FINANCIAL;-;-;-;-;-;-;-;-;-;89,88;-;-;-;-;-;-;-
IDIF27C554300;BRBMEFCIAZH6;FINANCIAL;-;-;-;-;-;-;-;-;-;88,06;-;-;-;-;-;-;-
IDIF27C554400;BRBMEFCIAZI4;FINANCIAL;-;-;-;-;-;-;-;-;-;86,25;-;-;-;-;-;-;-
IDIF27C554500;BRBMEFCIAZJ2;FINANCIAL;-;-;-;-;-;-;-;-;-;84,44;-;-;-;-;-;-;-
IDIF27C554600;BRBMEFCIAZK0;FINANCIAL;-;-;-;-;-;-;-;-;-;82,68;-;-;-;-;-;-;-
IDIF27C554700;BRBMEFCIAZL8;FINANCIAL;-;-;-;-;-;-;-;-;-;80,92;-;-;-;-;-;-;-
IDIF27C554800;BRBMEFCIAZM6;FINANCIAL;-;-;-;-;-;-;-;-;-;79,17;-;-;-;-;-;-;-
IDIF27C554900;BRBMEFCIAZN4;FINANCIAL;-;-;-;-;-;-;-;-;-;77,36;-;-;-;-;-;-;-
IDIF27C555100;BRBMEFCIAZO2;FINANCIAL;-;-;-;-;-;-;-;-;-;73,65;-;-;-;-;-;-;-
IDIF27C555200;BRBMEFCIAZP9;FINANCIAL;-;-;-;-;-;-;-;-;-;71,82;-;-;-;-;-;-;-
IDIF27C555300;BRBMEFCIAZQ7;FINANCIAL;-;-;-;-;-;-;-;-;-;69,95;-;-;-;-;-;-;-
IDIF27C555400;BRBMEFCIAZR5;FINANCIAL;-;-;-;-;-;-;-;-;-;68,06;-;-;-;-;-;-;-
IDIF27C555500;BRBMEFCIAZS3;FINANCIAL;-;-;-;-;-;-;-;-;-;66,22;-;-;-;-;-;-;-
IDIF27P554000;BRBMEFVI1ZE2;FINANCIAL;-;-;-;-;-;-;-;-;-;2954,31;-;-;-;-;-;-;-
IDIF27P554100;BRBMEFVI1ZF9;FINANCIAL;-;-;-;-;-;-;-;-;-;3047,45;-;-;-;-;-;-;-
IDIF27P554200;BRBMEFVI1ZG7;FINANCIAL;-;-;-;-;-;-;-;-;-;3140,49;-;-;-;-;-;-;-
IDIF27P554300;BRBMEFVI1ZH5;FINANCIAL;-;-;-;-;-;-;-;-;-;3233,47;-;-;-;-;-;-;-
IDIF27P554400;BRBMEFVI1ZI3;FINANCIAL;-;-;-;-;-;-;-;-;-;3326,46;-;-;-;-;-;-;-
IDIF27P554500;BRBMEFVI1ZJ1;FINANCIAL;-;-;-;-;-;-;-;-;-;3419,46;-;-;-;-;-;-;-
IDIF27P554600;BRBMEFVI1ZK9;FINANCIAL;-;-;-;-;-;-;-;-;-;3512,51;-;-;-;-;-;-;-
IDIF27P554700;BRBMEFVI1ZL7;FINANCIAL;-;-;-;-;-;-;-;-;-;3605,55;-;-;-;-;-;-;-
IDIF27P554800;BRBMEFVI1ZM5;FINANCIAL;-;-;-;-;-;-;-;-;-;3698,6;-;-;-;-;-;-;-
IDIF27P554900;BRBMEFVI1ZN3;FINANCIAL;-;-;-;-;-;-;-;-;-;3791,61;-;-;-;-;-;-;-
IDIF27P555100;BRBMEFVI1ZO1;FINANCIAL;-;-;-;-;-;-;-;-;-;3977,5;-;-;-;-;-;-;-
IDIF27P555200;BRBMEFVI1ZP8;FINANCIAL;-;-;-;-;-;-;-;-;-;4070,48;-;-;-;-;-;-;-
IDIF27P555300;BRBMEFVI1ZQ6;FINANCIAL;-;-;-;-;-;-;-;-;-;4163,42;-;-;-;-;-;-;-
IDIF27P555400;BRBMEFVI1ZR4;FINANCIAL;-;-;-;-;-;-;-;-;-;4256,33;-;-;-;-;-;-;-
IDIF27P555500;BRBMEFVI1ZS2;FINANCIAL;-;-;-;-;-;-;-;-;-;4349,29;-;-;-;-;-;-;-
IDIF27C552100;BRBMEFCIAZT1;FINANCIAL;96,28;96,28;96,28;96,28;96,28;81,52;-;-;-;122;-;-;-;-;2;784;75483,52
IDIF27C552600;BRBMEFCIAZU9;FINANCIAL;-;-;-;-;-;-;-;-;-;110,51;-;-;-;-;-;-;-
IDIF27P552100;BRBMEFVI1ZT0;FINANCIAL;-;-;-;-;-;-;-;-;-;1181,7;-;-;-;-;-;-;-
IDIF27P552600;BRBMEFVI1ZU8;FINANCIAL;-;-;-;-;-;-;-;-;-;1644,23;-;-;-;-;-;-;-
IDIF28C588500;BRBMEFCIAZV7;FINANCIAL;-;-;-;-;-;-;-;-;-;31808,46;-;-;-;-;-;-;-
IDIF28C600500;BRBMEFCIAZW5;FINANCIAL;-;-;-;-;-;-;-;-;-;21809,54;-;-;-;-;-;-;-
IDIF28C625000;BRBMEFCIAZX3;FINANCIAL;-;-;-;-;-;-;-;-;-;4473,06;-;-;-;-;-;-;-
IDIF28P588500;BRBMEFVI1ZV6;FINANCIAL;-;-;-;-;-;-;-;-;-;0,01;-;-;-;-;-;-;-
IDIF28P600500;BRBMEFVI1ZW4;FINANCIAL;-;-;-;-;-;-;-;-;-;3,83;-;-;-;-;-;-;-
IDIF28P625000;BRBMEFVI1ZX2;FINANCIAL;-;-;-;-;-;-;-;-;-;3089,6;-;-;-;-;-;-;-
IDIN27C577500;BRBMEFCICJH6;FINANCIAL;-;-;-;-;-;-;-;-;-;8337,21;-;-;-;-;-;-;-
IDIN27C578000;BRBMEFCICJI4;FINANCIAL;-;-;-;-;-;-;-;-;-;7893,06;-;-;-;-;-;-;-
IDIN27C578500;BRBMEFCICJJ2;FINANCIAL;-;-;-;-;-;-;-;-;-;7449,48;-;-;-;-;-;-;-
IDIN27C579000;BRBMEFCICJK0;FINANCIAL;-;-;-;-;-;-;-;-;-;7006,77;-;-;-;-;-;-;-
IDIN27C579500;BRBMEFCICJL8;FINANCIAL;-;-;-;-;-;-;-;-;-;6565,37;-;-;-;-;-;-;-
IDIN27C580000;BRBMEFCICJM6;FINANCIAL;-;-;-;-;-;-;-;-;-;6133,42;-;-;-;-;-;-;-
IDIN27C580500;BRBMEFCICJN4;FINANCIAL;-;-;-;-;-;-;-;-;-;5708,8;-;-;-;-;-;-;-
IDIN27C581000;BRBMEFCICJO2;FINANCIAL;-;-;-;-;-;-;-;-;-;5291,92;-;-;-;-;-;-;-
IDIN27C581500;BRBMEFCICJP9;FINANCIAL;-;-;-;-;-;-;-;-;-;4882,98;-;-;-;-;-;-;-
IDIN27C582000;BRBMEFCICJQ7;FINANCIAL;-;-;-;-;-;-;-;-;-;4481,91;-;-;-;-;-;-;-
IDIN27C582500;BRBMEFCICJR5;FINANCIAL;-;-;-;-;-;-;-;-;-;4088,27;-;-;-;-;-;-;-
IDIN27C583000;BRBMEFCICJS3;FINANCIAL;-;-;-;-;-;-;-;-;-;3708,3;-;-;-;-;-;-;-
IDIN27C583500;BRBMEFCICJT1;FINANCIAL;-;-;-;-;-;-;-;-;-;3346,62;-;-;-;-;-;-;-
IDIN27C584000;BRBMEFCICJU9;FINANCIAL;-;-;-;-;-;-;-;-;-;3018,36;-;-;-;-;-;-;-
IDIN27C584500;BRBMEFCICJV7;FINANCIAL;-;-;-;-;-;-;-;-;-;2719,91;-;-;-;-;-;-;-
IDIN27C585000;BRBMEFCICJW5;FINANCIAL;-;-;-;-;-;-;-;-;-;2441,92;-;-;-;-;-;-;-
IDIN27P577500;BRBMEFVI2JH7;FINANCIAL;-;-;-;-;-;-;-;-;-;1,22;-;-;-;-;-;-;-
IDIN27P578000;BRBMEFVI2JI5;FINANCIAL;-;-;-;-;-;-;-;-;-;2,11;-;-;-;-;-;-;-
IDIN27P578500;BRBMEFVI2JJ3;FINANCIAL;-;-;-;-;-;-;-;-;-;3,57;-;-;-;-;-;-;-
IDIN27P579000;BRBMEFVI2JK1;FINANCIAL;-;-;-;-;-;-;-;-;-;5,9;-;-;-;-;-;-;-
IDIN27P579500;BRBMEFVI2JL9;FINANCIAL;-;-;-;-;-;-;-;-;-;9,55;-;-;-;-;-;-;-
IDIN27P580000;BRBMEFVI2JM7;FINANCIAL;-;-;-;-;-;-;-;-;-;22,65;-;-;-;-;-;-;-
IDIN27P580500;BRBMEFVI2JN5;FINANCIAL;-;-;-;-;-;-;-;-;-;43,06;-;-;-;-;-;-;-
IDIN27P581000;BRBMEFVI2JO3;FINANCIAL;-;-;-;-;-;-;-;-;-;71,23;-;-;-;-;-;-;-
IDIN27P581500;BRBMEFVI2JP0;FINANCIAL;-;-;-;-;-;-;-;-;-;107,33;-;-;-;-;-;-;-
IDIN27P582000;BRBMEFVI2JQ8;FINANCIAL;-;-;-;-;-;-;-;-;-;151,3;-;-;-;-;-;-;-
IDIN27P582500;BRBMEFVI2JR6;FINANCIAL;-;-;-;-;-;-;-;-;-;202,7;-;-;-;-;-;-;-
IDIN27P583000;BRBMEFVI2JS4;FINANCIAL;-;-;-;-;-;-;-;-;-;267,77;-;-;-;-;-;-;-
IDIN27P583500;BRBMEFVI2JT2;FINANCIAL;-;-;-;-;-;-;-;-;-;351,13;-;-;-;-;-;-;-
IDIN27P584000;BRBMEFVI2JU0;FINANCIAL;-;-;-;-;-;-;-;-;-;467,92;-;-;-;-;-;-;-
IDIN27P584500;BRBMEFVI2JV8;FINANCIAL;-;-;-;-;-;-;-;-;-;614,51;-;-;-;-;-;-;-
IDIN27P585000;BRBMEFVI2JW6;FINANCIAL;-;-;-;-;-;-;-;-;-;781,56;-;-;-;-;-;-;-
IDIX26C536100;BRBMEFCIX9C7;FINANCIAL;-;-;-;-;-;-;-;-;-;3355,95;-;-;-;-;-;-;-
IDIX26C536200;BRBMEFCIX9D5;FINANCIAL;-;-;-;-;-;-;-;-;-;3259,14;-;-;-;-;-;-;-
IDIX26C536300;BRBMEFCIX9E3;FINANCIAL;-;-;-;-;-;-;-;-;-;3162,33;-;-;-;-;-;-;-
IDIX26C536400;BRBMEFCIX9F0;FINANCIAL;-;-;-;-;-;-;-;-;-;3065,52;-;-;-;-;-;-;-
IDIX26C536500;BRBMEFCIX9G8;FINANCIAL;-;-;-;-;-;-;-;-;-;2968,71;-;-;-;-;-;-;-
IDIX26C536600;BRBMEFCIX9H6;FINANCIAL;-;-;-;-;-;-;-;-;-;2871,9;-;-;-;-;-;-;-
IDIX26C536700;BRBMEFCIX9I4;FINANCIAL;-;-;-;-;-;-;-;-;-;2775,08;-;-;-;-;-;-;-
IDIX26C536800;BRBMEFCIX9J2;FINANCIAL;-;-;-;-;-;-;-;-;-;2678,27;-;-;-;-;-;-;-
IDIX26C536900;BRBMEFCIX9K0;FINANCIAL;-;-;-;-;-;-;-;-;-;2581,46;-;-;-;-;-;-;-
IDIX26C537000;BRBMEFCIX9L8;FINANCIAL;-;-;-;-;-;-;-;-;-;2484,65;-;-;-;-;-;-;-
IDIX26C537100;BRBMEFCIX9M6;FINANCIAL;-;-;-;-;-;-;-;-;-;2387,84;-;-;-;-;-;-;-
IDIX26C537200;BRBMEFCIX9N4;FINANCIAL;-;-;-;-;-;-;-;-;-;2291,03;-;-;-;-;-;-;-
IDIX26C537300;BRBMEFCIX9O2;FINANCIAL;-;-;-;-;-;-;-;-;-;2194,22;-;-;-;-;-;-;-
IDIX26C537400;BRBMEFCIX9P9;FINANCIAL;-;-;-;-;-;-;-;-;-;2097,41;-;-;-;-;-;-;-
IDIX26C537500;BRBMEFCIX9Q7;FINANCIAL;-;-;-;-;-;-;-;-;-;2000,6;-;-;-;-;-;-;-
IDIX26C537600;BRBMEFCIX9R5;FINANCIAL;-;-;-;-;-;-;-;-;-;1903,79;-;-;-;-;-;-;-
IDIX26C537700;BRBMEFCIX9S3;FINANCIAL;-;-;-;-;-;-;-;-;-;1806,97;-;-;-;-;-;-;-
IDIX26C537800;BRBMEFCIX9T1;FINANCIAL;-;-;-;-;-;-;-;-;-;1710,16;-;-;-;-;-;-;-
IDIX26C537900;BRBMEFCIX9U9;FINANCIAL;-;-;-;-;-;-;-;-;-;1613,35;-;-;-;-;-;-;-
IDIX26C538000;BRBMEFCIX9V7;FINANCIAL;-;-;-;-;-;-;-;-;-;1516,54;-;-;-;-;-;-;-
IDIX26C538100;BRBMEFCIX9W5;FINANCIAL;-;-;-;-;-;-;-;-;-;1419,73;-;-;-;-;-;-;-
IDIX26C538200;BRBMEFCIX9X3;FINANCIAL;-;-;-;-;-;-;-;-;-;1322,92;-;-;-;-;-;-;-
IDIX26C538300;BRBMEFCIX9Y1;FINANCIAL;-;-;-;-;-;-;-;-;-;1226,11;-;-;-;-;-;-;-
IDIX26P536100;BRBMEFVIX9F7;FINANCIAL;-;-;-;-;-;-;-;-;-;0,01;-;-;-;-;-;-;-
IDIX26P536200;BRBMEFVIX9G5;FINANCIAL;-;-;-;-;-;-;-;-;-;0,01;-;-;-;-;-;-;-
IDIX26P536300;BRBMEFVIX9H3;FINANCIAL;-;-;-;-;-;-;-;-;-;0,01;-;-;-;-;-;-;-
IDIX26P536400;BRBMEFVIX9I1;FINANCIAL;-;-;-;-;-;-;-;-;-;0,01;-;-;-;-;-;-;-
IDIX26P536500;BRBMEFVIX9J9;FINANCIAL;-;-;-;-;-;-;-;-;-;0,01;-;-;-;-;-;-;-
IDIX26P536600;BRBMEFVIX9K7;FINANCIAL;-;-;-;-;-;-;-;-;-;0,01;-;-;-;-;-;-;-
IDIX26P536700;BRBMEFVIX9L5;FINANCIAL;-;-;-;-;-;-;-;-;-;0,01;-;-;-;-;-;-;-
IDIX26P536800;BRBMEFVIX9M3;FINANCIAL;-;-;-;-;-;-;-;-;-;0,01;-;-;-;-;-;-;-
IDIX26P536900;BRBMEFVIX9N1;FINANCIAL;-;-;-;-;-;-;-;-;-;0,01;-;-;-;-;-;-;-
IDIX26P537000;BRBMEFVIX9O9;FINANCIAL;-;-;-;-;-;-;-;-;-;0,01;-;-;-;-;-;-;-
IDIX26P537100;BRBMEFVIX9P6;FINANCIAL;-;-;-;-;-;-;-;-;-;0,01;-;-;-;-;-;-;-
IDIX26P537200;BRBMEFVIX9Q4;FINANCIAL;-;-;-;-;-;-;-;-;-;0,01;-;-;-;-;-;-;-
IDIX26P537300;BRBMEFVIX9R2;FINANCIAL;-;-;-;-;-;-;-;-;-;0,01;-;-;-;-;-;-;-
IDIX26P537400;BRBMEFVIX9S0;FINANCIAL;-;-;-;-;-;-;-;-;-;0,01;-;-;-;-;-;-;-
IDIX26P537500;BRBMEFVIX9T8;FINANCIAL;-;-;-;-;-;-;-;-;-;0,01;-;-;-;-;-;-;-
IDIX26P537600;BRBMEFVIX9U6;FINANCIAL;-;-;-;-;-;-;-;-;-;0,01;-;-;-;-;-;-;-
IDIX26P537700;BRBMEFVIX9V4;FINANCIAL;-;-;-;-;-;-;-;-;-;0,01;-;-;-;-;-;-;-
IDIX26P537800;BRBMEFVIX9W2;FINANCIAL;-;-;-;-;-;-;-;-;-;0,01;-;-;-;-;-;-;-
IDIX26P537900;BRBMEFVIX9X0;FINANCIAL;-;-;-;-;-;-;-;-;-;0,01;-;-;-;-;-;-;-
IDIX26P538000;BRBMEFVIX9Y8;FINANCIAL;-;-;-;-;-;-;-;-;-;0,01;-;-;-;-;-;-;-
IDIX26P538100;BRBMEFVIX9Z5;FINANCIAL;-;-;-;-;-;-;-;-;-;0,01;-;-;-;-;-;-;-
IDIX26P538200;BRBMEFVIXA06;FINANCIAL;-;-;-;-;-;-;-;-;-;0,01;-;-;-;-;-;-;-
IDIX26P538300;BRBMEFVIXA14;FINANCIAL;-;-;-;-;-;-;-;-;-;0,01;-;-;-;-;-;-;-
IDIZ26C541000;BRBMEFCIZ8U9;FINANCIAL;-;-;-;-;-;-;-;-;-;3662,18;-;-;-;-;-;-;-
IDIZ26C541100;BRBMEFCIZ8V7;FINANCIAL;-;-;-;-;-;-;-;-;-;3566,31;-;-;-;-;-;-;-
IDIZ26C541200;BRBMEFCIZ8W5;FINANCIAL;-;-;-;-;-;-;-;-;-;3470,43;-;-;-;-;-;-;-
IDIZ26C541300;BRBMEFCIZ8X3;FINANCIAL;-;-;-;-;-;-;-;-;-;3374,55;-;-;-;-;-;-;-
IDIZ26C541400;BRBMEFCIZ8Y1;FINANCIAL;-;-;-;-;-;-;-;-;-;3278,67;-;-;-;-;-;-;-
IDIZ26C541500;BRBMEFCIZ8Z8;FINANCIAL;-;-;-;-;-;-;-;-;-;3182,8;-;-;-;-;-;-;-
IDIZ26C541600;BRBMEFCIZ904;FINANCIAL;-;-;-;-;-;-;-;-;-;3086,92;-;-;-;-;-;-;-
IDIZ26C541700;BRBMEFCIZ912;FINANCIAL;-;-;-;-;-;-;-;-;-;2991,04;-;-;-;-;-;-;-
IDIZ26C541800;BRBMEFCIZ920;FINANCIAL;-;-;-;-;-;-;-;-;-;2895,16;-;-;-;-;-;-;-
IDIZ26C541900;BRBMEFCIZ938;FINANCIAL;-;-;-;-;-;-;-;-;-;2799,29;-;-;-;-;-;-;-
IDIZ26C542000;BRBMEFCIZ946;FINANCIAL;-;-;-;-;-;-;-;-;-;2703,41;-;-;-;-;-;-;-
IDIZ26C542100;BRBMEFCIZ953;FINANCIAL;-;-;-;-;-;-;-;-;-;2607,53;-;-;-;-;-;-;-
IDIZ26C542200;BRBMEFCIZ961;FINANCIAL;-;-;-;-;-;-;-;-;-;2511,65;-;-;-;-;-;-;-
IDIZ26C542300;BRBMEFCIZ979;FINANCIAL;-;-;-;-;-;-;-;-;-;2415,78;-;-;-;-;-;-;-
IDIZ26C542400;BRBMEFCIZ987;FINANCIAL;-;-;-;-;-;-;-;-;-;2319,9;-;-;-;-;-;-;-
IDIZ26C542500;BRBMEFCIZ995;FINANCIAL;-;-;-;-;-;-;-;-;-;2224,02;-;-;-;-;-;-;-
IDIZ26C542600;BRBMEFCIZ9A9;FINANCIAL;-;-;-;-;-;-;-;-;-;2128,14;-;-;-;-;-;-;-
IDIZ26C542700;BRBMEFCIZ9B7;FINANCIAL;-;-;-;-;-;-;-;-;-;2032,27;-;-;-;-;-;-;-
IDIZ26C542800;BRBMEFCIZ9C5;FINANCIAL;-;-;-;-;-;-;-;-;-;1936,39;-;-;-;-;-;-;-
IDIZ26C542900;BRBMEFCIZ9D3;FINANCIAL;-;-;-;-;-;-;-;-;-;1840,51;-;-;-;-;-;-;-
IDIZ26C543000;BRBMEFCIZ9E1;FINANCIAL;-;-;-;-;-;-;-;-;-;1744,63;-;-;-;-;-;-;-
IDIZ26P541000;BRBMEFVIZ8U6;FINANCIAL;-;-;-;-;-;-;-;-;-;0,01;-;-;-;-;-;-;-
IDIZ26P541100;BRBMEFVIZ8V4;FINANCIAL;-;-;-;-;-;-;-;-;-;0,01;-;-;-;-;-;-;-
IDIZ26P541200;BRBMEFVIZ8W2;FINANCIAL;-;-;-;-;-;-;-;-;-;0,01;-;-;-;-;-;-;-
IDIZ26P541300;BRBMEFVIZ8X0;FINANCIAL;-;-;-;-;-;-;-;-;-;0,01;-;-;-;-;-;-;-
IDIZ26P541400;BRBMEFVIZ8Y8;FINANCIAL;-;-;-;-;-;-;-;-;-;0,01;-;-;-;-;-;-;-
IDIZ26P541500;BRBMEFVIZ8Z5;FINANCIAL;-;-;-;-;-;-;-;-;-;0,01;-;-;-;-;-;-;-
IDIZ26P541600;BRBMEFVIZ904;FINANCIAL;-;-;-;-;-;-;-;-;-;0,01;-;-;-;-;-;-;-
IDIZ26P541700;BRBMEFVIZ912;FINANCIAL;-;-;-;-;-;-;-;-;-;0,01;-;-;-;-;-;-;-
IDIZ26P541800;BRBMEFVIZ920;FINANCIAL;-;-;-;-;-;-;-;-;-;0,01;-;-;-;-;-;-;-
IDIZ26P541900;BRBMEFVIZ938;FINANCIAL;-;-;-;-;-;-;-;-;-;0,01;-;-;-;-;-;-;-
IDIZ26P542000;BRBMEFVIZ946;FINANCIAL;-;-;-;-;-;-;-;-;-;0,01;-;-;-;-;-;-;-
IDIZ26P542100;BRBMEFVIZ953;FINANCIAL;-;-;-;-;-;-;-;-;-;0,01;-;-;-;-;-;-;-
IDIZ26P542200;BRBMEFVIZ961;FINANCIAL;-;-;-;-;-;-;-;-;-;0,01;-;-;-;-;-;-;-
IDIZ26P542300;BRBMEFVIZ979;FINANCIAL;-;-;-;-;-;-;-;-;-;0,01;-;-;-;-;-;-;-
IDIZ26P542400;BRBMEFVIZ987;FINANCIAL;-;-;-;-;-;-;-;-;-;0,01;-;-;-;-;-;-;-
IDIZ26P542500;BRBMEFVIZ995;FINANCIAL;-;-;-;-;-;-;-;-;-;0,01;-;-;-;-;-;-;-
IDIZ26P542600;BRBMEFVIZ9A6;FINANCIAL;-;-;-;-;-;-;-;-;-;0,01;-;-;-;-;-;-;-
IDIZ26P542700;BRBMEFVIZ9B4;FINANCIAL;-;-;-;-;-;-;-;-;-;0,01;-;-;-;-;-;-;-
IDIZ26P542800;BRBMEFVIZ9C2;FINANCIAL;-;-;-;-;-;-;-;-;-;0,01;-;-;-;-;-;-;-
IDIZ26P542900;BRBMEFVIZ9D0;FINANCIAL;-;-;-;-;-;-;-;-;-;0,01;-;-;-;-;-;-;-
IDIZ26P543000;BRBMEFVIZ9E8;FINANCIAL;-;-;-;-;-;-;-;-;-;0,01;-;-;-;-;-;-;-
IDIF27C551900;BRBMEFCIAZZ8;FINANCIAL;105,76;105,76;105,76;105,76;105,76;5,34;-;-;-;130,51;-;-;-;-;2;1.640;173446,4
IDIF27P551900;BRBMEFVI1ZZ7;FINANCIAL;-;-;-;-;-;-;-;-;-;1000,6;-;-;-;-;-;-;-
IDIF28C625400;BRBMEFCID000;FINANCIAL;-;-;-;-;-;-;-;-;-;4318,32;-;-;-;-;-;-;-
IDIF28P625400;BRBMEFFI0007;FINANCIAL;-;-;-;-;-;-;-;-;-;3268,28;-;-;-;-;-;-;-
IDIN27C586500;BRBMEFCICJX3;FINANCIAL;-;-;-;-;-;-;-;-;-;1803,32;-;-;-;-;-;-;-
IDIN27P586500;BRBMEFVI2JX4;FINANCIAL;-;-;-;-;-;-;-;-;-;1478,08;-;-;-;-;-;-;-
IDIN28C666800;BRBMEFCICJY1;FINANCIAL;-;-;-;-;-;-;-;-;-;7147,05;-;-;-;-;-;-;-
IDIN28P666800;BRBMEFVI2JY2;FINANCIAL;-;-;-;-;-;-;-;-;-;5658,06;-;-;-;-;-;-;-
IDIF28C625100;BRBMEFCID018;FINANCIAL;-;-;-;-;-;-;-;-;-;4433,54;-;-;-;-;-;-;-
IDIF28P625100;BRBMEFFI0015;FINANCIAL;-;-;-;-;-;-;-;-;-;3133,44;-;-;-;-;-;-;-
IDIN27C586300;BRBMEFCICJZ8;FINANCIAL;-;-;-;-;-;-;-;-;-;1867,24;-;-;-;-;-;-;-
IDIN27P586300;BRBMEFVI2JZ9;FINANCIAL;-;-;-;-;-;-;-;-;-;1363,98;-;-;-;-;-;-;-
IDIN28C666600;BRBMEFCICK02;FINANCIAL;-;-;-;-;-;-;-;-;-;7222,04;-;-;-;-;-;-;-
IDIN28P666600;BRBMEFVI2K01;FINANCIAL;-;-;-;-;-;-;-;-;-;5576,82;-;-;-;-;-;-;-
IDIF27C552000;BRBMEFCID034;FINANCIAL;99,07;99,07;99,07;99,07;99,07;3,83;-;-;-;126,08;-;-;-;-;2;1.640;162474,8
IDIF27P552000;BRBMEFFI0031;FINANCIAL;-;-;-;-;-;-;-;-;-;1090,98;-;-;-;-;-;-;-
IDIF28C625300;BRBMEFCID042;FINANCIAL;-;-;-;-;-;-;-;-;-;4356,42;-;-;-;-;-;-;-
IDIF28C625800;BRBMEFCID026;FINANCIAL;-;-;-;-;-;-;-;-;-;4171,2;-;-;-;-;-;-;-
IDIF28C632700;BRBMEFCID059;FINANCIAL;-;-;-;-;-;-;-;-;-;2459,59;-;-;-;-;-;-;-
IDIF28P625300;BRBMEFFI0049;FINANCIAL;-;-;-;-;-;-;-;-;-;3223,03;-;-;-;-;-;-;-
IDIF28P625800;BRBMEFFI0023;FINANCIAL;-;-;-;-;-;-;-;-;-;3454,59;-;-;-;-;-;-;-
IDIF28P632700;BRBMEFFI0056;FINANCIAL;-;-;-;-;-;-;-;-;-;7494,55;-;-;-;-;-;-;-
IDIN27C586800;BRBMEFCICK10;FINANCIAL;-;-;-;-;-;-;-;-;-;1712,91;-;-;-;-;-;-;-
IDIN27C591700;BRBMEFCICK51;FINANCIAL;-;-;-;-;-;-;-;-;-;1185,19;-;-;-;-;-;-;-
IDIN27C625800;BRBMEFCICK28;FINANCIAL;-;-;-;-;-;-;-;-;-;73;-;-;-;-;-;-;-
IDIN27C667500;BRBMEFCICK36;FINANCIAL;-;-;-;-;-;-;-;-;-;0,04;-;-;-;-;-;-;-
IDIN27P586800;BRBMEFVI2K19;FINANCIAL;-;-;-;-;-;-;-;-;-;1654,7;-;-;-;-;-;-;-
IDIN27P591700;BRBMEFVI2K50;FINANCIAL;-;-;-;-;-;-;-;-;-;5488,39;-;-;-;-;-;-;-
IDIN27P625800;BRBMEFVI2K27;FINANCIAL;-;-;-;-;-;-;-;-;-;34728,06;-;-;-;-;-;-;-
IDIN27P667500;BRBMEFVI2K35;FINANCIAL;-;-;-;-;-;-;-;-;-;71771,58;-;-;-;-;-;-;-
IDIF28C624400;BRBMEFCID067;FINANCIAL;-;-;-;-;-;-;-;-;-;4718,94;-;-;-;-;-;-;-
IDIF28P624400;BRBMEFFI0064;FINANCIAL;-;-;-;-;-;-;-;-;-;2835,34;-;-;-;-;-;-;-
IDIN27C586200;BRBMEFCICK69;FINANCIAL;-;-;-;-;-;-;-;-;-;1903,33;-;-;-;-;-;-;-
IDIN27P586200;BRBMEFVI2K68;FINANCIAL;-;-;-;-;-;-;-;-;-;1311,07;-;-;-;-;-;-;-
IDIJ27C565000;BRBMEFCIJTQ1;FINANCIAL;-;-;-;-;-;-;-;-;-;2954,84;-;-;-;-;-;-;-
IDIJ27C567500;BRBMEFCIJTR9;FINANCIAL;-;-;-;-;-;-;-;-;-;1095,2;-;-;-;-;-;-;-
IDIJ27C570000;BRBMEFCIJTS7;FINANCIAL;-;-;-;-;-;-;-;-;-;709,75;-;-;-;-;-;-;-
IDIJ27C572500;BRBMEFCIJTT5;FINANCIAL;-;-;-;-;-;-;-;-;-;681,36;-;-;-;-;-;-;-
IDIJ27C575000;BRBMEFCIJTU3;FINANCIAL;-;-;-;-;-;-;-;-;-;605,44;-;-;-;-;-;-;-
IDIJ27P565000;BRBMEFVIJTQ1;FINANCIAL;-;-;-;-;-;-;-;-;-;3,88;-;-;-;-;-;-;-
IDIJ27P567500;BRBMEFVIJTR9;FINANCIAL;-;-;-;-;-;-;-;-;-;442,51;-;-;-;-;-;-;-
IDIJ27P570000;BRBMEFVIJTS7;FINANCIAL;-;-;-;-;-;-;-;-;-;2355,33;-;-;-;-;-;-;-
IDIJ27P572500;BRBMEFVIJTT5;FINANCIAL;-;-;-;-;-;-;-;-;-;4625,21;-;-;-;-;-;-;-
IDIJ27P575000;BRBMEFVIJTU3;FINANCIAL;-;-;-;-;-;-;-;-;-;6847,55;-;-;-;-;-;-;-
IDIV26C528800;BRBMEFCIVWY4;FINANCIAL;-;-;-;-;-;-;-;-;-;4903,39;-;-;-;-;-;-;-
IDIV26C528900;BRBMEFCIVWZ1;FINANCIAL;-;-;-;-;-;-;-;-;-;4805,54;-;-;-;-;-;-;-
IDIV26C529000;BRBMEFCIVX04;FINANCIAL;-;-;-;-;-;-;-;-;-;4707,68;-;-;-;-;-;-;-
IDIV26C529100;BRBMEFCIVX12;FINANCIAL;-;-;-;-;-;-;-;-;-;4609,83;-;-;-;-;-;-;-
IDIV26C529200;BRBMEFCIVX20;FINANCIAL;-;-;-;-;-;-;-;-;-;4511,97;-;-;-;-;-;-;-
IDIV26C529300;BRBMEFCIVX38;FINANCIAL;-;-;-;-;-;-;-;-;-;4414,12;-;-;-;-;-;-;-
IDIV26C529400;BRBMEFCIVX46;FINANCIAL;-;-;-;-;-;-;-;-;-;4316,26;-;-;-;-;-;-;-
IDIV26C529500;BRBMEFCIVX53;FINANCIAL;-;-;-;-;-;-;-;-;-;4218,41;-;-;-;-;-;-;-
IDIV26C529600;BRBMEFCIVX61;FINANCIAL;-;-;-;-;-;-;-;-;-;4120,55;-;-;-;-;-;-;-
IDIV26C529700;BRBMEFCIVX79;FINANCIAL;-;-;-;-;-;-;-;-;-;4022,7;-;-;-;-;-;-;-
IDIV26C529800;BRBMEFCIVX87;FINANCIAL;-;-;-;-;-;-;-;-;-;3924,84;-;-;-;-;-;-;-
IDIV26C529900;BRBMEFCIVX95;FINANCIAL;-;-;-;-;-;-;-;-;-;3826,99;-;-;-;-;-;-;-
IDIV26C530100;BRBMEFCIVXA2;FINANCIAL;-;-;-;-;-;-;-;-;-;3631,28;-;-;-;-;-;-;-
IDIV26C530200;BRBMEFCIVXB0;FINANCIAL;-;-;-;-;-;-;-;-;-;3533,42;-;-;-;-;-;-;-
IDIV26C530300;BRBMEFCIVXC8;FINANCIAL;-;-;-;-;-;-;-;-;-;3435,57;-;-;-;-;-;-;-
IDIV26C530400;BRBMEFCIVXD6;FINANCIAL;-;-;-;-;-;-;-;-;-;3337,71;-;-;-;-;-;-;-
IDIV26C530600;BRBMEFCIVXE4;FINANCIAL;-;-;-;-;-;-;-;-;-;3142,01;-;-;-;-;-;-;-
IDIV26C530700;BRBMEFCIVXF1;FINANCIAL;-;-;-;-;-;-;-;-;-;3044,15;-;-;-;-;-;-;-
IDIV26C530800;BRBMEFCIVXG9;FINANCIAL;-;-;-;-;-;-;-;-;-;2946,3;-;-;-;-;-;-;-
IDIV26C530900;BRBMEFCIVXH7;FINANCIAL;-;-;-;-;-;-;-;-;-;2848,44;-;-;-;-;-;-;-
IDIV26C531100;BRBMEFCIVXI5;FINANCIAL;-;-;-;-;-;-;-;-;-;2652,73;-;-;-;-;-;-;-
IDIV26C531200;BRBMEFCIVXJ3;FINANCIAL;-;-;-;-;-;-;-;-;-;2554,88;-;-;-;-;-;-;-
IDIV26C531300;BRBMEFCIVXK1;FINANCIAL;-;-;-;-;-;-;-;-;-;2457,02;-;-;-;-;-;-;-
IDIV26C531400;BRBMEFCIVXL9;FINANCIAL;-;-;-;-;-;-;-;-;-;2359,17;-;-;-;-;-;-;-
IDIV26P528800;BRBMEFVIVWY4;FINANCIAL;-;-;-;-;-;-;-;-;-;0,01;-;-;-;-;-;-;-
IDIV26P528900;BRBMEFVIVWZ1;FINANCIAL;-;-;-;-;-;-;-;-;-;0,01;-;-;-;-;-;-;-
IDIV26P529000;BRBMEFVIVX01;FINANCIAL;-;-;-;-;-;-;-;-;-;0,01;-;-;-;-;-;-;-
IDIV26P529100;BRBMEFVIVX19;FINANCIAL;-;-;-;-;-;-;-;-;-;0,01;-;-;-;-;-;-;-
IDIV26P529200;BRBMEFVIVX27;FINANCIAL;-;-;-;-;-;-;-;-;-;0,01;-;-;-;-;-;-;-
IDIV26P529300;BRBMEFVIVX35;FINANCIAL;-;-;-;-;-;-;-;-;-;0,01;-;-;-;-;-;-;-
IDIV26P529400;BRBMEFVIVX43;FINANCIAL;-;-;-;-;-;-;-;-;-;0,01;-;-;-;-;-;-;-
IDIV26P529500;BRBMEFVIVX50;FINANCIAL;-;-;-;-;-;-;-;-;-;0,01;-;-;-;-;-;-;-
IDIV26P529600;BRBMEFVIVX68;FINANCIAL;-;-;-;-;-;-;-;-;-;0,01;-;-;-;-;-;-;-
IDIV26P529700;BRBMEFVIVX76;FINANCIAL;-;-;-;-;-;-;-;-;-;0,01;-;-;-;-;-;-;-
IDIV26P529800;BRBMEFVIVX84;FINANCIAL;-;-;-;-;-;-;-;-;-;0,01;-;-;-;-;-;-;-
IDIV26P529900;BRBMEFVIVX92;FINANCIAL;-;-;-;-;-;-;-;-;-;0,01;-;-;-;-;-;-;-
IDIV26P530100;BRBMEFVIVXA2;FINANCIAL;-;-;-;-;-;-;-;-;-;0,01;-;-;-;-;-;-;-
IDIV26P530200;BRBMEFVIVXB0;FINANCIAL;-;-;-;-;-;-;-;-;-;0,01;-;-;-;-;-;-;-
IDIV26P530300;BRBMEFVIVXC8;FINANCIAL;-;-;-;-;-;-;-;-;-;0,01;-;-;-;-;-;-;-
IDIV26P530400;BRBMEFVIVXD6;FINANCIAL;-;-;-;-;-;-;-;-;-;0,01;-;-;-;-;-;-;-
IDIV26P530600;BRBMEFVIVXE4;FINANCIAL;-;-;-;-;-;-;-;-;-;0,01;-;-;-;-;-;-;-
IDIV26P530700;BRBMEFVIVXF1;FINANCIAL;-;-;-;-;-;-;-;-;-;0,01;-;-;-;-;-;-;-
IDIV26P530800;BRBMEFVIVXG9;FINANCIAL;-;-;-;-;-;-;-;-;-;0,01;-;-;-;-;-;-;-
IDIV26P530900;BRBMEFVIVXH7;FINANCIAL;-;-;-;-;-;-;-;-;-;0,01;-;-;-;-;-;-;-
IDIV26P531100;BRBMEFVIVXI5;FINANCIAL;-;-;-;-;-;-;-;-;-;0,01;-;-;-;-;-;-;-
IDIV26P531200;BRBMEFVIVXJ3;FINANCIAL;-;-;-;-;-;-;-;-;-;0,01;-;-;-;-;-;-;-
IDIV26P531300;BRBMEFVIVXK1;FINANCIAL;-;-;-;-;-;-;-;-;-;0,01;-;-;-;-;-;-;-
IDIV26P531400;BRBMEFVIVXL9;FINANCIAL;-;-;-;-;-;-;-;-;-;0,01;-;-;-;-;-;-;-
IDIG27C553600;BRBMEFCIG805;FINANCIAL;-;-;-;-;-;-;-;-;-;2866,07;-;-;-;-;-;-;-
IDIG27C553700;BRBMEFCIG813;FINANCIAL;-;-;-;-;-;-;-;-;-;2772,23;-;-;-;-;-;-;-
IDIG27C553800;BRBMEFCIG821;FINANCIAL;-;-;-;-;-;-;-;-;-;2678,39;-;-;-;-;-;-;-
IDIG27C553900;BRBMEFCIG839;FINANCIAL;-;-;-;-;-;-;-;-;-;2584,55;-;-;-;-;-;-;-
IDIG27C554000;BRBMEFCIG847;FINANCIAL;-;-;-;-;-;-;-;-;-;2490,71;-;-;-;-;-;-;-
IDIG27C554100;BRBMEFCIG854;FINANCIAL;-;-;-;-;-;-;-;-;-;2396,88;-;-;-;-;-;-;-
IDIG27C554200;BRBMEFCIG862;FINANCIAL;-;-;-;-;-;-;-;-;-;2303,05;-;-;-;-;-;-;-
IDIG27C554300;BRBMEFCIG870;FINANCIAL;-;-;-;-;-;-;-;-;-;2209,23;-;-;-;-;-;-;-
IDIG27C554400;BRBMEFCIG888;FINANCIAL;-;-;-;-;-;-;-;-;-;2115,42;-;-;-;-;-;-;-
IDIG27C554500;BRBMEFCIG896;FINANCIAL;-;-;-;-;-;-;-;-;-;2021,63;-;-;-;-;-;-;-
IDIG27C554600;BRBMEFCIG8A4;FINANCIAL;-;-;-;-;-;-;-;-;-;1927,88;-;-;-;-;-;-;-
IDIG27C554700;BRBMEFCIG8B2;FINANCIAL;-;-;-;-;-;-;-;-;-;1834,18;-;-;-;-;-;-;-
IDIG27C554800;BRBMEFCIG8C0;FINANCIAL;-;-;-;-;-;-;-;-;-;1740,57;-;-;-;-;-;-;-
IDIG27C554900;BRBMEFCIG8D8;FINANCIAL;-;-;-;-;-;-;-;-;-;1647,08;-;-;-;-;-;-;-
IDIG27C555000;BRBMEFCIG8E6;FINANCIAL;-;-;-;-;-;-;-;-;-;1553,79;-;-;-;-;-;-;-
IDIG27C555100;BRBMEFCIG8F3;FINANCIAL;-;-;-;-;-;-;-;-;-;1461;-;-;-;-;-;-;-
IDIG27C555200;BRBMEFCIG8G1;FINANCIAL;-;-;-;-;-;-;-;-;-;1371,55;-;-;-;-;-;-;-
IDIG27P553600;BRBMEFVIG805;FINANCIAL;-;-;-;-;-;-;-;-;-;0,01;-;-;-;-;-;-;-
IDIG27P553700;BRBMEFVIG813;FINANCIAL;-;-;-;-;-;-;-;-;-;0,01;-;-;-;-;-;-;-
IDIG27P553800;BRBMEFVIG821;FINANCIAL;-;-;-;-;-;-;-;-;-;0,01;-;-;-;-;-;-;-
IDIG27P553900;BRBMEFVIG839;FINANCIAL;-;-;-;-;-;-;-;-;-;0,01;-;-;-;-;-;-;-
IDIG27P554000;BRBMEFVIG847;FINANCIAL;-;-;-;-;-;-;-;-;-;0,01;-;-;-;-;-;-;-
IDIG27P554100;BRBMEFVIG854;FINANCIAL;-;-;-;-;-;-;-;-;-;0,01;-;-;-;-;-;-;-
IDIG27P554200;BRBMEFVIG862;FINANCIAL;-;-;-;-;-;-;-;-;-;0,02;-;-;-;-;-;-;-
IDIG27P554300;BRBMEFVIG870;FINANCIAL;-;-;-;-;-;-;-;-;-;0,04;-;-;-;-;-;-;-
IDIG27P554400;BRBMEFVIG888;FINANCIAL;-;-;-;-;-;-;-;-;-;0,07;-;-;-;-;-;-;-
IDIG27P554500;BRBMEFVIG896;FINANCIAL;-;-;-;-;-;-;-;-;-;0,12;-;-;-;-;-;-;-
IDIG27P554600;BRBMEFVIG8A1;FINANCIAL;-;-;-;-;-;-;-;-;-;0,2;-;-;-;-;-;-;-
IDIG27P554700;BRBMEFVIG8B9;FINANCIAL;-;-;-;-;-;-;-;-;-;0,34;-;-;-;-;-;-;-
IDIG27P554800;BRBMEFVIG8C7;FINANCIAL;-;-;-;-;-;-;-;-;-;0,57;-;-;-;-;-;-;-
IDIG27P554900;BRBMEFVIG8D5;FINANCIAL;-;-;-;-;-;-;-;-;-;0,92;-;-;-;-;-;-;-
IDIG27P555000;BRBMEFVIG8E3;FINANCIAL;-;-;-;-;-;-;-;-;-;1,47;-;-;-;-;-;-;-
IDIG27P555100;BRBMEFVIG8F0;FINANCIAL;-;-;-;-;-;-;-;-;-;2,52;-;-;-;-;-;-;-
IDIG27P555200;BRBMEFVIG8G8;FINANCIAL;-;-;-;-;-;-;-;-;-;6,91;-;-;-;-;-;-;-
IDIH27C558600;BRBMEFCIH7K4;FINANCIAL;-;-;-;-;-;-;-;-;-;3008,45;-;-;-;-;-;-;-
IDIH27C558700;BRBMEFCIH7L2;FINANCIAL;-;-;-;-;-;-;-;-;-;2915,51;-;-;-;-;-;-;-
IDIH27C558800;BRBMEFCIH7M0;FINANCIAL;-;-;-;-;-;-;-;-;-;2822,58;-;-;-;-;-;-;-
IDIH27C558900;BRBMEFCIH7N8;FINANCIAL;-;-;-;-;-;-;-;-;-;2729,67;-;-;-;-;-;-;-
IDIH27C559000;BRBMEFCIH7O6;FINANCIAL;-;-;-;-;-;-;-;-;-;2636,79;-;-;-;-;-;-;-
IDIH27C559100;BRBMEFCIH7P3;FINANCIAL;-;-;-;-;-;-;-;-;-;2543,95;-;-;-;-;-;-;-
IDIH27C559200;BRBMEFCIH7Q1;FINANCIAL;-;-;-;-;-;-;-;-;-;2451,16;-;-;-;-;-;-;-
IDIH27C559300;BRBMEFCIH7R9;FINANCIAL;-;-;-;-;-;-;-;-;-;2358,45;-;-;-;-;-;-;-
IDIH27C559400;BRBMEFCIH7S7;FINANCIAL;-;-;-;-;-;-;-;-;-;2265,85;-;-;-;-;-;-;-
IDIH27C559500;BRBMEFCIH7T5;FINANCIAL;-;-;-;-;-;-;-;-;-;2173,37;-;-;-;-;-;-;-
IDIH27C559600;BRBMEFCIH7U3;FINANCIAL;-;-;-;-;-;-;-;-;-;2081,07;-;-;-;-;-;-;-
IDIH27C559700;BRBMEFCIH7V1;FINANCIAL;-;-;-;-;-;-;-;-;-;1991,21;-;-;-;-;-;-;-
IDIH27C559800;BRBMEFCIH7W9;FINANCIAL;-;-;-;-;-;-;-;-;-;1904,29;-;-;-;-;-;-;-
IDIH27C559900;BRBMEFCIH7X7;FINANCIAL;-;-;-;-;-;-;-;-;-;1817,6;-;-;-;-;-;-;-
IDIH27C560000;BRBMEFCIH7Y5;FINANCIAL;-;-;-;-;-;-;-;-;-;1731,78;-;-;-;-;-;-;-
IDIH27C560100;BRBMEFCIH7Z2;FINANCIAL;-;-;-;-;-;-;-;-;-;1645,93;-;-;-;-;-;-;-
IDIH27C560200;BRBMEFCIH803;FINANCIAL;-;-;-;-;-;-;-;-;-;1561,03;-;-;-;-;-;-;-
IDIH27P558600;BRBMEFVIH7K1;FINANCIAL;-;-;-;-;-;-;-;-;-;0,06;-;-;-;-;-;-;-
IDIH27P558700;BRBMEFVIH7L9;FINANCIAL;-;-;-;-;-;-;-;-;-;0,09;-;-;-;-;-;-;-
IDIH27P558800;BRBMEFVIH7M7;FINANCIAL;-;-;-;-;-;-;-;-;-;0,13;-;-;-;-;-;-;-
IDIH27P558900;BRBMEFVIH7N5;FINANCIAL;-;-;-;-;-;-;-;-;-;0,2;-;-;-;-;-;-;-
IDIH27P559000;BRBMEFVIH7O3;FINANCIAL;-;-;-;-;-;-;-;-;-;0,29;-;-;-;-;-;-;-
IDIH27P559100;BRBMEFVIH7P0;FINANCIAL;-;-;-;-;-;-;-;-;-;0,43;-;-;-;-;-;-;-
IDIH27P559200;BRBMEFVIH7Q8;FINANCIAL;-;-;-;-;-;-;-;-;-;0,61;-;-;-;-;-;-;-
IDIH27P559300;BRBMEFVIH7R6;FINANCIAL;-;-;-;-;-;-;-;-;-;0,88;-;-;-;-;-;-;-
IDIH27P559400;BRBMEFVIH7S4;FINANCIAL;-;-;-;-;-;-;-;-;-;1,24;-;-;-;-;-;-;-
IDIH27P559500;BRBMEFVIH7T2;FINANCIAL;-;-;-;-;-;-;-;-;-;1,74;-;-;-;-;-;-;-
IDIH27P559600;BRBMEFVIH7U0;FINANCIAL;-;-;-;-;-;-;-;-;-;2,42;-;-;-;-;-;-;-
IDIH27P559700;BRBMEFVIH7V8;FINANCIAL;-;-;-;-;-;-;-;-;-;5,53;-;-;-;-;-;-;-
IDIH27P559800;BRBMEFVIH7W6;FINANCIAL;-;-;-;-;-;-;-;-;-;11,58;-;-;-;-;-;-;-
IDIH27P559900;BRBMEFVIH7X4;FINANCIAL;-;-;-;-;-;-;-;-;-;17,87;-;-;-;-;-;-;-
IDIH27P560000;BRBMEFVIH7Y2;FINANCIAL;-;-;-;-;-;-;-;-;-;25,02;-;-;-;-;-;-;-
IDIH27P560100;BRBMEFVIH7Z9;FINANCIAL;-;-;-;-;-;-;-;-;-;32,14;-;-;-;-;-;-;-
IDIH27P560200;BRBMEFVIH803;FINANCIAL;-;-;-;-;-;-;-;-;-;40,22;-;-;-;-;-;-;-
IDIJ27C564600;BRBMEFCIJTW9;FINANCIAL;-;-;-;-;-;-;-;-;-;3320,24;-;-;-;-;-;-;-
IDIJ27C564700;BRBMEFCIJTX7;FINANCIAL;-;-;-;-;-;-;-;-;-;3228,72;-;-;-;-;-;-;-
IDIJ27C564800;BRBMEFCIJTY5;FINANCIAL;-;-;-;-;-;-;-;-;-;3137,3;-;-;-;-;-;-;-
IDIJ27C564900;BRBMEFCIJTZ2;FINANCIAL;-;-;-;-;-;-;-;-;-;3046;-;-;-;-;-;-;-
IDIJ27C565100;BRBMEFCIJU03;FINANCIAL;-;-;-;-;-;-;-;-;-;2866,86;-;-;-;-;-;-;-
IDIJ27C565200;BRBMEFCIJU11;FINANCIAL;-;-;-;-;-;-;-;-;-;2780,4;-;-;-;-;-;-;-
IDIJ27C565300;BRBMEFCIJU29;FINANCIAL;-;-;-;-;-;-;-;-;-;2694,83;-;-;-;-;-;-;-
IDIJ27C565400;BRBMEFCIJU37;FINANCIAL;-;-;-;-;-;-;-;-;-;2609,28;-;-;-;-;-;-;-
IDIJ27C565500;BRBMEFCIJU45;FINANCIAL;-;-;-;-;-;-;-;-;-;2524,63;-;-;-;-;-;-;-
IDIJ27C565600;BRBMEFCIJU52;FINANCIAL;-;-;-;-;-;-;-;-;-;2439,77;-;-;-;-;-;-;-
IDIJ27C565700;BRBMEFCIJU60;FINANCIAL;-;-;-;-;-;-;-;-;-;2355,88;-;-;-;-;-;-;-
IDIJ27C565800;BRBMEFCIJU78;FINANCIAL;-;-;-;-;-;-;-;-;-;2272,7;-;-;-;-;-;-;-
IDIJ27C565900;BRBMEFCIJU86;FINANCIAL;-;-;-;-;-;-;-;-;-;2189,92;-;-;-;-;-;-;-
IDIJ27C566000;BRBMEFCIJU94;FINANCIAL;-;-;-;-;-;-;-;-;-;2107,49;-;-;-;-;-;-;-
IDIJ27C566100;BRBMEFCIJUA3;FINANCIAL;-;-;-;-;-;-;-;-;-;2025,32;-;-;-;-;-;-;-
IDIJ27C566200;BRBMEFCIJUB1;FINANCIAL;-;-;-;-;-;-;-;-;-;1943,39;-;-;-;-;-;-;-
IDIJ27C566300;BRBMEFCIJUC9;FINANCIAL;-;-;-;-;-;-;-;-;-;1863,17;-;-;-;-;-;-;-
IDIJ27P564600;BRBMEFVIJTW9;FINANCIAL;-;-;-;-;-;-;-;-;-;1,55;-;-;-;-;-;-;-
IDIJ27P564700;BRBMEFVIJTX7;FINANCIAL;-;-;-;-;-;-;-;-;-;1,97;-;-;-;-;-;-;-
IDIJ27P564800;BRBMEFVIJTY5;FINANCIAL;-;-;-;-;-;-;-;-;-;2,48;-;-;-;-;-;-;-
IDIJ27P564900;BRBMEFVIJTZ2;FINANCIAL;-;-;-;-;-;-;-;-;-;3,11;-;-;-;-;-;-;-
IDIJ27P565100;BRBMEFVIJU00;FINANCIAL;-;-;-;-;-;-;-;-;-;7,83;-;-;-;-;-;-;-
IDIJ27P565200;BRBMEFVIJU18;FINANCIAL;-;-;-;-;-;-;-;-;-;13,31;-;-;-;-;-;-;-
IDIJ27P565300;BRBMEFVIJU26;FINANCIAL;-;-;-;-;-;-;-;-;-;19,66;-;-;-;-;-;-;-
IDIJ27P565400;BRBMEFVIJU34;FINANCIAL;-;-;-;-;-;-;-;-;-;26,05;-;-;-;-;-;-;-
IDIJ27P565500;BRBMEFVIJU42;FINANCIAL;-;-;-;-;-;-;-;-;-;33,32;-;-;-;-;-;-;-
IDIJ27P565600;BRBMEFVIJU59;FINANCIAL;-;-;-;-;-;-;-;-;-;40,39;-;-;-;-;-;-;-
IDIJ27P565700;BRBMEFVIJU67;FINANCIAL;-;-;-;-;-;-;-;-;-;48,44;-;-;-;-;-;-;-
IDIJ27P565800;BRBMEFVIJU75;FINANCIAL;-;-;-;-;-;-;-;-;-;57,19;-;-;-;-;-;-;-
IDIJ27P565900;BRBMEFVIJU83;FINANCIAL;-;-;-;-;-;-;-;-;-;66,34;-;-;-;-;-;-;-
IDIJ27P566000;BRBMEFVIJU91;FINANCIAL;-;-;-;-;-;-;-;-;-;75,84;-;-;-;-;-;-;-
IDIJ27P566100;BRBMEFVIJUA3;FINANCIAL;-;-;-;-;-;-;-;-;-;85,6;-;-;-;-;-;-;-
IDIJ27P566200;BRBMEFVIJUB1;FINANCIAL;-;-;-;-;-;-;-;-;-;95,6;-;-;-;-;-;-;-
IDIJ27P566300;BRBMEFVIJUC9;FINANCIAL;-;-;-;-;-;-;-;-;-;107,31;-;-;-;-;-;-;-
IDIV26C533900;BRBMEFCIVXM7;FINANCIAL;10,22;10,22;10,22;10,22;10,22;19,25;-;-;-;12,18;-;-;-;-;4;1.155;11804,1
IDIV26C534100;BRBMEFCIVXN5;FINANCIAL;3,91;3,91;3,91;3,91;3,91;-61,77;-;-;-;5,49;-;-;-;-;1;252;985,32
IDIV26C534200;BRBMEFCIVXO3;FINANCIAL;-;-;-;-;-;-;-;-;-;4,94;-;-;-;-;-;-;-
IDIV26C534300;BRBMEFCIVXP0;FINANCIAL;-;-;-;-;-;-;-;-;-;4,41;-;-;-;-;-;-;-
IDIV26C534400;BRBMEFCIVXQ8;FINANCIAL;3,05;3,05;3,05;3,05;3,05;1425;-;-;-;3,9;-;-;-;-;3;1.360;4148
IDIV26C534600;BRBMEFCIVXR6;FINANCIAL;-;-;-;-;-;-;-;-;-;2,95;-;-;-;-;-;-;-
IDIV26C534700;BRBMEFCIVXS4;FINANCIAL;-;-;-;-;-;-;-;-;-;2,6;-;-;-;-;-;-;-
IDIV26C534800;BRBMEFCIVXT2;FINANCIAL;-;-;-;-;-;-;-;-;-;2,32;-;-;-;-;-;-;-
IDIV26C534900;BRBMEFCIVXU0;FINANCIAL;2,63;2,63;2,63;2,63;2,63;4283,33;-;-;-;2,1;-;-;-;-;2;900;2367
IDIV26C535000;BRBMEFCIVXV8;FINANCIAL;-;-;-;-;-;-;-;-;-;1,92;-;-;-;-;-;-;-
IDIV26C535100;BRBMEFCIVXW6;FINANCIAL;-;-;-;-;-;-;-;-;-;1,62;-;-;-;-;-;-;-
IDIV26C535200;BRBMEFCIVXX4;FINANCIAL;-;-;-;-;-;-;-;-;-;0,93;-;-;-;-;-;-;-
IDIV26C535300;BRBMEFCIVXY2;FINANCIAL;-;-;-;-;-;-;-;-;-;0,51;-;-;-;-;-;-;-
IDIV26C535400;BRBMEFCIVXZ9;FINANCIAL;-;-;-;-;-;-;-;-;-;0,28;-;-;-;-;-;-;-
IDIV26C535500;BRBMEFCIVY03;FINANCIAL;-;-;-;-;-;-;-;-;-;0,14;-;-;-;-;-;-;-
IDIV26C535600;BRBMEFCIVY11;FINANCIAL;-;-;-;-;-;-;-;-;-;0,07;-;-;-;-;-;-;-
IDIV26C535700;BRBMEFCIVY29;FINANCIAL;-;-;-;-;-;-;-;-;-;0,04;-;-;-;-;-;-;-
IDIV26C535800;BRBMEFCIVY37;FINANCIAL;-;-;-;-;-;-;-;-;-;0,02;-;-;-;-;-;-;-
IDIV26C535900;BRBMEFCIVY45;FINANCIAL;-;-;-;-;-;-;-;-;-;0,01;-;-;-;-;-;-;-
IDIV26P533900;BRBMEFVIVXM7;FINANCIAL;102,78;102,78;102,78;102,78;102,78;6,06;-;-;-;99,38;-;-;-;-;3;7.731;794592,18
IDIV26P534100;BRBMEFVIVXN5;FINANCIAL;292,07;292,07;292,07;292,07;292,07;2,76;-;-;-;288,41;-;-;-;-;1;1.008;294406,56
IDIV26P534200;BRBMEFVIVXO3;FINANCIAL;-;-;-;-;-;-;-;-;-;385,71;-;-;-;-;-;-;-
IDIV26P534300;BRBMEFVIVXP0;FINANCIAL;-;-;-;-;-;-;-;-;-;483,03;-;-;-;-;-;-;-
IDIV26P534400;BRBMEFVIVXQ8;FINANCIAL;584,63;584,63;584,63;584,63;584,63;1,3;-;-;-;580,37;-;-;-;-;1;1.197;699802,11
IDIV26P534600;BRBMEFVIVXR6;FINANCIAL;-;-;-;-;-;-;-;-;-;775,14;-;-;-;-;-;-;-
IDIV26P534700;BRBMEFVIVXS4;FINANCIAL;-;-;-;-;-;-;-;-;-;872,64;-;-;-;-;-;-;-
IDIV26P534800;BRBMEFVIVXT2;FINANCIAL;-;-;-;-;-;-;-;-;-;970,21;-;-;-;-;-;-;-
IDIV26P534900;BRBMEFVIVXU0;FINANCIAL;-;-;-;-;-;-;-;-;-;1067,85;-;-;-;-;-;-;-
IDIV26P535000;BRBMEFVIVXV8;FINANCIAL;-;-;-;-;-;-;-;-;-;1165,52;-;-;-;-;-;-;-
IDIV26P535100;BRBMEFVIVXW6;FINANCIAL;-;-;-;-;-;-;-;-;-;1263,08;-;-;-;-;-;-;-
IDIV26P535200;BRBMEFVIVXX4;FINANCIAL;-;-;-;-;-;-;-;-;-;1360,24;-;-;-;-;-;-;-
IDIV26P535300;BRBMEFVIVXY2;FINANCIAL;-;-;-;-;-;-;-;-;-;1457,68;-;-;-;-;-;-;-
IDIV26P535400;BRBMEFVIVXZ9;FINANCIAL;-;-;-;-;-;-;-;-;-;1555,3;-;-;-;-;-;-;-
IDIV26P535500;BRBMEFVIVY00;FINANCIAL;-;-;-;-;-;-;-;-;-;1653,02;-;-;-;-;-;-;-
IDIV26P535600;BRBMEFVIVY18;FINANCIAL;-;-;-;-;-;-;-;-;-;1750,81;-;-;-;-;-;-;-
IDIV26P535700;BRBMEFVIVY26;FINANCIAL;-;-;-;-;-;-;-;-;-;1848,62;-;-;-;-;-;-;-
IDIV26P535800;BRBMEFVIVY34;FINANCIAL;-;-;-;-;-;-;-;-;-;1946,46;-;-;-;-;-;-;-
IDIV26P535900;BRBMEFVIVY42;FINANCIAL;-;-;-;-;-;-;-;-;-;2044,3;-;-;-;-;-;-;-
IDIX26C538400;BRBMEFCIX9Z8;FINANCIAL;-;-;-;-;-;-;-;-;-;1129,3;-;-;-;-;-;-;-
IDIX26C538500;BRBMEFCIXA09;FINANCIAL;-;-;-;-;-;-;-;-;-;1032,49;-;-;-;-;-;-;-
IDIX26C538600;BRBMEFCIXA17;FINANCIAL;-;-;-;-;-;-;-;-;-;935,68;-;-;-;-;-;-;-
IDIX26C538700;BRBMEFCIXA25;FINANCIAL;-;-;-;-;-;-;-;-;-;838,87;-;-;-;-;-;-;-
IDIX26C538800;BRBMEFCIXA33;FINANCIAL;-;-;-;-;-;-;-;-;-;742,05;-;-;-;-;-;-;-
IDIX26C538900;BRBMEFCIXA41;FINANCIAL;-;-;-;-;-;-;-;-;-;645,25;-;-;-;-;-;-;-
IDIX26C539000;BRBMEFCIXA58;FINANCIAL;-;-;-;-;-;-;-;-;-;548,45;-;-;-;-;-;-;-
IDIX26C539100;BRBMEFCIXA66;FINANCIAL;-;-;-;-;-;-;-;-;-;451,75;-;-;-;-;-;-;-
IDIX26C539200;BRBMEFCIXA74;FINANCIAL;-;-;-;-;-;-;-;-;-;355,55;-;-;-;-;-;-;-
IDIX26C539300;BRBMEFCIXA82;FINANCIAL;-;-;-;-;-;-;-;-;-;260,7;-;-;-;-;-;-;-
IDIX26C539400;BRBMEFCIXA90;FINANCIAL;-;-;-;-;-;-;-;-;-;168,81;-;-;-;-;-;-;-
IDIX26C539500;BRBMEFCIXAA6;FINANCIAL;-;-;-;-;-;-;-;-;-;89,94;-;-;-;-;-;-;-
IDIX26C539600;BRBMEFCIXAB4;FINANCIAL;-;-;-;-;-;-;-;-;-;58,38;-;-;-;-;-;-;-
IDIX26C539700;BRBMEFCIXAC2;FINANCIAL;-;-;-;-;-;-;-;-;-;41,03;-;-;-;-;-;-;-
IDIX26C539800;BRBMEFCIXAD0;FINANCIAL;-;-;-;-;-;-;-;-;-;30,49;-;-;-;-;-;-;-
IDIX26C539900;BRBMEFCIXAE8;FINANCIAL;-;-;-;-;-;-;-;-;-;26,47;-;-;-;-;-;-;-
IDIX26C540000;BRBMEFCIXAF5;FINANCIAL;-;-;-;-;-;-;-;-;-;25,1;-;-;-;-;-;-;-
IDIX26P538400;BRBMEFVIXA22;FINANCIAL;-;-;-;-;-;-;-;-;-;0,01;-;-;-;-;-;-;-
IDIX26P538500;BRBMEFVIXA30;FINANCIAL;-;-;-;-;-;-;-;-;-;0,01;-;-;-;-;-;-;-
IDIX26P538600;BRBMEFVIXA48;FINANCIAL;-;-;-;-;-;-;-;-;-;0,01;-;-;-;-;-;-;-
IDIX26P538700;BRBMEFVIXA55;FINANCIAL;-;-;-;-;-;-;-;-;-;0,01;-;-;-;-;-;-;-
IDIX26P538800;BRBMEFVIXA63;FINANCIAL;-;-;-;-;-;-;-;-;-;0,01;-;-;-;-;-;-;-
IDIX26P538900;BRBMEFVIXA71;FINANCIAL;-;-;-;-;-;-;-;-;-;0,01;-;-;-;-;-;-;-
IDIX26P539000;BRBMEFVIXA89;FINANCIAL;-;-;-;-;-;-;-;-;-;0,01;-;-;-;-;-;-;-
IDIX26P539100;BRBMEFVIXA97;FINANCIAL;-;-;-;-;-;-;-;-;-;0,13;-;-;-;-;-;-;-
IDIX26P539200;BRBMEFVIXAA6;FINANCIAL;-;-;-;-;-;-;-;-;-;0,74;-;-;-;-;-;-;-
IDIX26P539300;BRBMEFVIXAB4;FINANCIAL;-;-;-;-;-;-;-;-;-;2,7;-;-;-;-;-;-;-
IDIX26P539400;BRBMEFVIXAC2;FINANCIAL;-;-;-;-;-;-;-;-;-;7,62;-;-;-;-;-;-;-
IDIX26P539500;BRBMEFVIXAD0;FINANCIAL;-;-;-;-;-;-;-;-;-;25,56;-;-;-;-;-;-;-
IDIX26P539600;BRBMEFVIXAE8;FINANCIAL;-;-;-;-;-;-;-;-;-;90,81;-;-;-;-;-;-;-
IDIX26P539700;BRBMEFVIXAF5;FINANCIAL;-;-;-;-;-;-;-;-;-;170,27;-;-;-;-;-;-;-
IDIX26P539800;BRBMEFVIXAG3;FINANCIAL;-;-;-;-;-;-;-;-;-;256,54;-;-;-;-;-;-;-
IDIX26P539900;BRBMEFVIXAH1;FINANCIAL;-;-;-;-;-;-;-;-;-;349,34;-;-;-;-;-;-;-
IDIX26P540000;BRBMEFVIXAI9;FINANCIAL;-;-;-;-;-;-;-;-;-;444,77;-;-;-;-;-;-;-
IDIZ26C543100;BRBMEFCIZ9F8;FINANCIAL;-;-;-;-;-;-;-;-;-;1648,76;-;-;-;-;-;-;-
IDIZ26C543200;BRBMEFCIZ9G6;FINANCIAL;-;-;-;-;-;-;-;-;-;1552,88;-;-;-;-;-;-;-
IDIZ26C543300;BRBMEFCIZ9H4;FINANCIAL;-;-;-;-;-;-;-;-;-;1457;-;-;-;-;-;-;-
IDIZ26C543400;BRBMEFCIZ9I2;FINANCIAL;-;-;-;-;-;-;-;-;-;1361,12;-;-;-;-;-;-;-
IDIZ26C543500;BRBMEFCIZ9J0;FINANCIAL;-;-;-;-;-;-;-;-;-;1265,25;-;-;-;-;-;-;-
IDIZ26C543600;BRBMEFCIZ9K8;FINANCIAL;-;-;-;-;-;-;-;-;-;1169,37;-;-;-;-;-;-;-
IDIZ26C543700;BRBMEFCIZ9L6;FINANCIAL;-;-;-;-;-;-;-;-;-;1073,49;-;-;-;-;-;-;-
IDIZ26C543800;BRBMEFCIZ9M4;FINANCIAL;-;-;-;-;-;-;-;-;-;977,62;-;-;-;-;-;-;-
IDIZ26C543900;BRBMEFCIZ9N2;FINANCIAL;-;-;-;-;-;-;-;-;-;881,76;-;-;-;-;-;-;-
IDIZ26C544000;BRBMEFCIZ9O0;FINANCIAL;-;-;-;-;-;-;-;-;-;785,95;-;-;-;-;-;-;-
IDIZ26C544100;BRBMEFCIZ9P7;FINANCIAL;-;-;-;-;-;-;-;-;-;690,29;-;-;-;-;-;-;-
IDIZ26C544200;BRBMEFCIZ9Q5;FINANCIAL;-;-;-;-;-;-;-;-;-;595,09;-;-;-;-;-;-;-
IDIZ26C544300;BRBMEFCIZ9R3;FINANCIAL;-;-;-;-;-;-;-;-;-;501,32;-;-;-;-;-;-;-
IDIZ26C544400;BRBMEFCIZ9S1;FINANCIAL;-;-;-;-;-;-;-;-;-;409,33;-;-;-;-;-;-;-
IDIZ26C544500;BRBMEFCIZ9T9;FINANCIAL;-;-;-;-;-;-;-;-;-;319,81;-;-;-;-;-;-;-
IDIZ26C544600;BRBMEFCIZ9U7;FINANCIAL;-;-;-;-;-;-;-;-;-;233,82;-;-;-;-;-;-;-
IDIZ26C544700;BRBMEFCIZ9V5;FINANCIAL;-;-;-;-;-;-;-;-;-;167,4;-;-;-;-;-;-;-
IDIZ26P543100;BRBMEFVIZ9F5;FINANCIAL;-;-;-;-;-;-;-;-;-;0,01;-;-;-;-;-;-;-
IDIZ26P543200;BRBMEFVIZ9G3;FINANCIAL;-;-;-;-;-;-;-;-;-;0,01;-;-;-;-;-;-;-
IDIZ26P543300;BRBMEFVIZ9H1;FINANCIAL;-;-;-;-;-;-;-;-;-;0,01;-;-;-;-;-;-;-
IDIZ26P543400;BRBMEFVIZ9I9;FINANCIAL;-;-;-;-;-;-;-;-;-;0,01;-;-;-;-;-;-;-
IDIZ26P543500;BRBMEFVIZ9J7;FINANCIAL;-;-;-;-;-;-;-;-;-;0,01;-;-;-;-;-;-;-
IDIZ26P543600;BRBMEFVIZ9K5;FINANCIAL;-;-;-;-;-;-;-;-;-;0,01;-;-;-;-;-;-;-
IDIZ26P543700;BRBMEFVIZ9L3;FINANCIAL;-;-;-;-;-;-;-;-;-;0,01;-;-;-;-;-;-;-
IDIZ26P543800;BRBMEFVIZ9M1;FINANCIAL;-;-;-;-;-;-;-;-;-;0,01;-;-;-;-;-;-;-
IDIZ26P543900;BRBMEFVIZ9N9;FINANCIAL;-;-;-;-;-;-;-;-;-;0,02;-;-;-;-;-;-;-
IDIZ26P544000;BRBMEFVIZ9O7;FINANCIAL;-;-;-;-;-;-;-;-;-;0,09;-;-;-;-;-;-;-
IDIZ26P544100;BRBMEFVIZ9P4;FINANCIAL;-;-;-;-;-;-;-;-;-;0,31;-;-;-;-;-;-;-
IDIZ26P544200;BRBMEFVIZ9Q2;FINANCIAL;-;-;-;-;-;-;-;-;-;0,99;-;-;-;-;-;-;-
IDIZ26P544300;BRBMEFVIZ9R0;FINANCIAL;-;-;-;-;-;-;-;-;-;3,09;-;-;-;-;-;-;-
IDIZ26P544400;BRBMEFVIZ9S8;FINANCIAL;-;-;-;-;-;-;-;-;-;6,98;-;-;-;-;-;-;-
IDIZ26P544500;BRBMEFVIZ9T6;FINANCIAL;-;-;-;-;-;-;-;-;-;13,34;-;-;-;-;-;-;-
IDIZ26P544600;BRBMEFVIZ9U4;FINANCIAL;-;-;-;-;-;-;-;-;-;23,23;-;-;-;-;-;-;-
IDIZ26P544700;BRBMEFVIZ9V2;FINANCIAL;-;-;-;-;-;-;-;-;-;52,69;-;-;-;-;-;-;-
IDIG27C555300;BRBMEFCIG8H9;FINANCIAL;-;-;-;-;-;-;-;-;-;1283,34;-;-;-;-;-;-;-
IDIG27C555400;BRBMEFCIG8I7;FINANCIAL;-;-;-;-;-;-;-;-;-;1195,6;-;-;-;-;-;-;-
IDIG27C555500;BRBMEFCIG8J5;FINANCIAL;-;-;-;-;-;-;-;-;-;1108,63;-;-;-;-;-;-;-
IDIG27C555600;BRBMEFCIG8K3;FINANCIAL;-;-;-;-;-;-;-;-;-;1023,13;-;-;-;-;-;-;-
IDIG27C555700;BRBMEFCIG8L1;FINANCIAL;-;-;-;-;-;-;-;-;-;938,65;-;-;-;-;-;-;-
IDIG27C555800;BRBMEFCIG8M9;FINANCIAL;-;-;-;-;-;-;-;-;-;855,55;-;-;-;-;-;-;-
IDIG27C555900;BRBMEFCIG8N7;FINANCIAL;-;-;-;-;-;-;-;-;-;774,81;-;-;-;-;-;-;-
IDIG27C556000;BRBMEFCIG8O5;FINANCIAL;-;-;-;-;-;-;-;-;-;697,32;-;-;-;-;-;-;-
IDIG27C556100;BRBMEFCIG8P2;FINANCIAL;-;-;-;-;-;-;-;-;-;630,07;-;-;-;-;-;-;-
IDIG27C556200;BRBMEFCIG8Q0;FINANCIAL;-;-;-;-;-;-;-;-;-;573,73;-;-;-;-;-;-;-
IDIG27C556300;BRBMEFCIG8R8;FINANCIAL;-;-;-;-;-;-;-;-;-;520,72;-;-;-;-;-;-;-
IDIG27C556400;BRBMEFCIG8S6;FINANCIAL;-;-;-;-;-;-;-;-;-;474,29;-;-;-;-;-;-;-
IDIG27C556500;BRBMEFCIG8T4;FINANCIAL;-;-;-;-;-;-;-;-;-;434,67;-;-;-;-;-;-;-
IDIG27C556600;BRBMEFCIG8U2;FINANCIAL;-;-;-;-;-;-;-;-;-;406,62;-;-;-;-;-;-;-
IDIG27C556700;BRBMEFCIG8V0;FINANCIAL;-;-;-;-;-;-;-;-;-;385,14;-;-;-;-;-;-;-
IDIG27C556800;BRBMEFCIG8W8;FINANCIAL;-;-;-;-;-;-;-;-;-;363,59;-;-;-;-;-;-;-
IDIG27C556900;BRBMEFCIG8X6;FINANCIAL;-;-;-;-;-;-;-;-;-;348,68;-;-;-;-;-;-;-
IDIG27C557000;BRBMEFCIG8Y4;FINANCIAL;-;-;-;-;-;-;-;-;-;336,58;-;-;-;-;-;-;-
IDIG27C557100;BRBMEFCIG8Z1;FINANCIAL;-;-;-;-;-;-;-;-;-;327,99;-;-;-;-;-;-;-
IDIG27C557200;BRBMEFCIG904;FINANCIAL;-;-;-;-;-;-;-;-;-;322,37;-;-;-;-;-;-;-
IDIG27C557300;BRBMEFCIG912;FINANCIAL;-;-;-;-;-;-;-;-;-;316,45;-;-;-;-;-;-;-
IDIG27C557400;BRBMEFCIG920;FINANCIAL;-;-;-;-;-;-;-;-;-;311,7;-;-;-;-;-;-;-
IDIG27C557500;BRBMEFCIG938;FINANCIAL;-;-;-;-;-;-;-;-;-;308,34;-;-;-;-;-;-;-
IDIG27P555300;BRBMEFVIG8H6;FINANCIAL;-;-;-;-;-;-;-;-;-;12,54;-;-;-;-;-;-;-
IDIG27P555400;BRBMEFVIG8I4;FINANCIAL;-;-;-;-;-;-;-;-;-;18,64;-;-;-;-;-;-;-
IDIG27P555500;BRBMEFVIG8J2;FINANCIAL;-;-;-;-;-;-;-;-;-;25,51;-;-;-;-;-;-;-
IDIG27P555600;BRBMEFVIG8K0;FINANCIAL;-;-;-;-;-;-;-;-;-;33,85;-;-;-;-;-;-;-
IDIG27P555700;BRBMEFVIG8L8;FINANCIAL;-;-;-;-;-;-;-;-;-;43,21;-;-;-;-;-;-;-
IDIG27P555800;BRBMEFVIG8M6;FINANCIAL;-;-;-;-;-;-;-;-;-;53,95;-;-;-;-;-;-;-
IDIG27P555900;BRBMEFVIG8N4;FINANCIAL;-;-;-;-;-;-;-;-;-;67,04;-;-;-;-;-;-;-
IDIG27P556000;BRBMEFVIG8O2;FINANCIAL;-;-;-;-;-;-;-;-;-;83,4;-;-;-;-;-;-;-
IDIG27P556100;BRBMEFVIG8P9;FINANCIAL;-;-;-;-;-;-;-;-;-;109,98;-;-;-;-;-;-;-
IDIG27P556200;BRBMEFVIG8Q7;FINANCIAL;-;-;-;-;-;-;-;-;-;147,48;-;-;-;-;-;-;-
IDIG27P556300;BRBMEFVIG8R5;FINANCIAL;-;-;-;-;-;-;-;-;-;188,31;-;-;-;-;-;-;-
IDIG27P556400;BRBMEFVIG8S3;FINANCIAL;-;-;-;-;-;-;-;-;-;235,72;-;-;-;-;-;-;-
IDIG27P556500;BRBMEFVIG8T1;FINANCIAL;-;-;-;-;-;-;-;-;-;289,94;-;-;-;-;-;-;-
IDIG27P556600;BRBMEFVIG8U9;FINANCIAL;-;-;-;-;-;-;-;-;-;355,73;-;-;-;-;-;-;-
IDIG27P556700;BRBMEFVIG8V7;FINANCIAL;-;-;-;-;-;-;-;-;-;428,09;-;-;-;-;-;-;-
IDIG27P556800;BRBMEFVIG8W5;FINANCIAL;-;-;-;-;-;-;-;-;-;500,37;-;-;-;-;-;-;-
IDIG27P556900;BRBMEFVIG8X3;FINANCIAL;-;-;-;-;-;-;-;-;-;579,31;-;-;-;-;-;-;-
IDIG27P557000;BRBMEFVIG8Y1;FINANCIAL;-;-;-;-;-;-;-;-;-;661,05;-;-;-;-;-;-;-
IDIG27P557100;BRBMEFVIG8Z8;FINANCIAL;-;-;-;-;-;-;-;-;-;746,29;-;-;-;-;-;-;-
IDIG27P557200;BRBMEFVIG904;FINANCIAL;-;-;-;-;-;-;-;-;-;834,51;-;-;-;-;-;-;-
IDIG27P557300;BRBMEFVIG912;FINANCIAL;-;-;-;-;-;-;-;-;-;922,43;-;-;-;-;-;-;-
IDIG27P557400;BRBMEFVIG920;FINANCIAL;-;-;-;-;-;-;-;-;-;1011,52;-;-;-;-;-;-;-
IDIG27P557500;BRBMEFVIG938;FINANCIAL;-;-;-;-;-;-;-;-;-;1102;-;-;-;-;-;-;-
IDIH27C560300;BRBMEFCIH811;FINANCIAL;-;-;-;-;-;-;-;-;-;1477,52;-;-;-;-;-;-;-
IDIH27C560400;BRBMEFCIH829;FINANCIAL;-;-;-;-;-;-;-;-;-;1394,22;-;-;-;-;-;-;-
IDIH27C560500;BRBMEFCIH837;FINANCIAL;-;-;-;-;-;-;-;-;-;1311,45;-;-;-;-;-;-;-
IDIH27C560600;BRBMEFCIH845;FINANCIAL;-;-;-;-;-;-;-;-;-;1230,51;-;-;-;-;-;-;-
IDIH27C560700;BRBMEFCIH852;FINANCIAL;-;-;-;-;-;-;-;-;-;1151,35;-;-;-;-;-;-;-
IDIH27C560800;BRBMEFCIH860;FINANCIAL;-;-;-;-;-;-;-;-;-;1074,49;-;-;-;-;-;-;-
IDIH27C560900;BRBMEFCIH878;FINANCIAL;-;-;-;-;-;-;-;-;-;1003,26;-;-;-;-;-;-;-
IDIH27C561000;BRBMEFCIH886;FINANCIAL;-;-;-;-;-;-;-;-;-;939,8;-;-;-;-;-;-;-
IDIH27C561100;BRBMEFCIH894;FINANCIAL;-;-;-;-;-;-;-;-;-;882,32;-;-;-;-;-;-;-
IDIH27C561200;BRBMEFCIH8A3;FINANCIAL;-;-;-;-;-;-;-;-;-;826,35;-;-;-;-;-;-;-
IDIH27C561300;BRBMEFCIH8B1;FINANCIAL;-;-;-;-;-;-;-;-;-;773,21;-;-;-;-;-;-;-
IDIH27C561400;BRBMEFCIH8C9;FINANCIAL;-;-;-;-;-;-;-;-;-;730,31;-;-;-;-;-;-;-
IDIH27C561500;BRBMEFCIH8D7;FINANCIAL;-;-;-;-;-;-;-;-;-;687,55;-;-;-;-;-;-;-
IDIH27C561600;BRBMEFCIH8E5;FINANCIAL;-;-;-;-;-;-;-;-;-;648,98;-;-;-;-;-;-;-
IDIH27C561700;BRBMEFCIH8F2;FINANCIAL;-;-;-;-;-;-;-;-;-;620,18;-;-;-;-;-;-;-
IDIH27C561800;BRBMEFCIH8G0;FINANCIAL;-;-;-;-;-;-;-;-;-;597,27;-;-;-;-;-;-;-
IDIH27C561900;BRBMEFCIH8H8;FINANCIAL;-;-;-;-;-;-;-;-;-;575,4;-;-;-;-;-;-;-
IDIH27C562000;BRBMEFCIH8I6;FINANCIAL;-;-;-;-;-;-;-;-;-;554,45;-;-;-;-;-;-;-
IDIH27C562100;BRBMEFCIH8J4;FINANCIAL;-;-;-;-;-;-;-;-;-;538,99;-;-;-;-;-;-;-
IDIH27C562200;BRBMEFCIH8K2;FINANCIAL;-;-;-;-;-;-;-;-;-;530,41;-;-;-;-;-;-;-
IDIH27C562300;BRBMEFCIH8L0;FINANCIAL;-;-;-;-;-;-;-;-;-;522,43;-;-;-;-;-;-;-
IDIH27C562400;BRBMEFCIH8M8;FINANCIAL;-;-;-;-;-;-;-;-;-;515,65;-;-;-;-;-;-;-
IDIH27C562500;BRBMEFCIH8N6;FINANCIAL;-;-;-;-;-;-;-;-;-;509,91;-;-;-;-;-;-;-
IDIH27C562600;BRBMEFCIH8O4;FINANCIAL;-;-;-;-;-;-;-;-;-;505,52;-;-;-;-;-;-;-
IDIH27C562700;BRBMEFCIH8P1;FINANCIAL;-;-;-;-;-;-;-;-;-;502,07;-;-;-;-;-;-;-
IDIH27C562800;BRBMEFCIH8Q9;FINANCIAL;-;-;-;-;-;-;-;-;-;498,74;-;-;-;-;-;-;-
IDIH27C562900;BRBMEFCIH8R7;FINANCIAL;-;-;-;-;-;-;-;-;-;495,47;-;-;-;-;-;-;-
IDIH27C563000;BRBMEFCIH8S5;FINANCIAL;-;-;-;-;-;-;-;-;-;492,91;-;-;-;-;-;-;-
IDIH27P560300;BRBMEFVIH811;FINANCIAL;-;-;-;-;-;-;-;-;-;49,68;-;-;-;-;-;-;-
IDIH27P560400;BRBMEFVIH829;FINANCIAL;-;-;-;-;-;-;-;-;-;59,36;-;-;-;-;-;-;-
IDIH27P560500;BRBMEFVIH837;FINANCIAL;-;-;-;-;-;-;-;-;-;69,56;-;-;-;-;-;-;-
IDIH27P560600;BRBMEFVIH845;FINANCIAL;-;-;-;-;-;-;-;-;-;81,59;-;-;-;-;-;-;-
IDIH27P560700;BRBMEFVIH852;FINANCIAL;-;-;-;-;-;-;-;-;-;95,41;-;-;-;-;-;-;-
IDIH27P560800;BRBMEFVIH860;FINANCIAL;-;-;-;-;-;-;-;-;-;111,52;-;-;-;-;-;-;-
IDIH27P560900;BRBMEFVIH878;FINANCIAL;-;-;-;-;-;-;-;-;-;133,26;-;-;-;-;-;-;-
IDIH27P561000;BRBMEFVIH886;FINANCIAL;-;-;-;-;-;-;-;-;-;162,77;-;-;-;-;-;-;-
IDIH27P561100;BRBMEFVIH894;FINANCIAL;-;-;-;-;-;-;-;-;-;198,27;-;-;-;-;-;-;-
IDIH27P561200;BRBMEFVIH8A0;FINANCIAL;-;-;-;-;-;-;-;-;-;235,27;-;-;-;-;-;-;-
IDIH27P561300;BRBMEFVIH8B8;FINANCIAL;-;-;-;-;-;-;-;-;-;275,11;-;-;-;-;-;-;-
IDIH27P561400;BRBMEFVIH8C6;FINANCIAL;-;-;-;-;-;-;-;-;-;325,18;-;-;-;-;-;-;-
IDIH27P561500;BRBMEFVIH8D4;FINANCIAL;-;-;-;-;-;-;-;-;-;375,4;-;-;-;-;-;-;-
IDIH27P561600;BRBMEFVIH8E2;FINANCIAL;-;-;-;-;-;-;-;-;-;429,8;-;-;-;-;-;-;-
IDIH27P561700;BRBMEFVIH8F9;FINANCIAL;-;-;-;-;-;-;-;-;-;493,97;-;-;-;-;-;-;-
IDIH27P561800;BRBMEFVIH8G7;FINANCIAL;-;-;-;-;-;-;-;-;-;564,03;-;-;-;-;-;-;-
IDIH27P561900;BRBMEFVIH8H5;FINANCIAL;-;-;-;-;-;-;-;-;-;635,14;-;-;-;-;-;-;-
IDIH27P562000;BRBMEFVIH8I3;FINANCIAL;-;-;-;-;-;-;-;-;-;707,16;-;-;-;-;-;-;-
IDIH27P562100;BRBMEFVIH8J1;FINANCIAL;-;-;-;-;-;-;-;-;-;784,67;-;-;-;-;-;-;-
IDIH27P562200;BRBMEFVIH8K9;FINANCIAL;-;-;-;-;-;-;-;-;-;869,07;-;-;-;-;-;-;-
IDIH27P562300;BRBMEFVIH8L7;FINANCIAL;-;-;-;-;-;-;-;-;-;954,06;-;-;-;-;-;-;-
IDIH27P562400;BRBMEFVIH8M5;FINANCIAL;-;-;-;-;-;-;-;-;-;1040,26;-;-;-;-;-;-;-
IDIH27P562500;BRBMEFVIH8N3;FINANCIAL;-;-;-;-;-;-;-;-;-;1127,49;-;-;-;-;-;-;-
IDIH27P562600;BRBMEFVIH8O1;FINANCIAL;-;-;-;-;-;-;-;-;-;1216,08;-;-;-;-;-;-;-
IDIH27P562700;BRBMEFVIH8P8;FINANCIAL;-;-;-;-;-;-;-;-;-;1305,6;-;-;-;-;-;-;-
IDIH27P562800;BRBMEFVIH8Q6;FINANCIAL;-;-;-;-;-;-;-;-;-;1395,24;-;-;-;-;-;-;-
IDIH27P562900;BRBMEFVIH8R4;FINANCIAL;-;-;-;-;-;-;-;-;-;1484,94;-;-;-;-;-;-;-
IDIH27P563000;BRBMEFVIH8S2;FINANCIAL;-;-;-;-;-;-;-;-;-;1575,35;-;-;-;-;-;-;-
IDIJ27C566400;BRBMEFCIJUD7;FINANCIAL;-;-;-;-;-;-;-;-;-;1784,19;-;-;-;-;-;-;-
IDIJ27C566500;BRBMEFCIJUE5;FINANCIAL;-;-;-;-;-;-;-;-;-;1706,85;-;-;-;-;-;-;-
IDIJ27C566600;BRBMEFCIJUF2;FINANCIAL;-;-;-;-;-;-;-;-;-;1631,08;-;-;-;-;-;-;-
IDIJ27C566700;BRBMEFCIJUG0;FINANCIAL;-;-;-;-;-;-;-;-;-;1556,42;-;-;-;-;-;-;-
IDIJ27C566800;BRBMEFCIJUH8;FINANCIAL;-;-;-;-;-;-;-;-;-;1486,51;-;-;-;-;-;-;-
IDIJ27C566900;BRBMEFCIJUI6;FINANCIAL;-;-;-;-;-;-;-;-;-;1423,83;-;-;-;-;-;-;-
IDIJ27C567000;BRBMEFCIJUJ4;FINANCIAL;-;-;-;-;-;-;-;-;-;1361,71;-;-;-;-;-;-;-
IDIJ27C567100;BRBMEFCIJUK2;FINANCIAL;-;-;-;-;-;-;-;-;-;1304,92;-;-;-;-;-;-;-
IDIJ27C567200;BRBMEFCIJUL0;FINANCIAL;-;-;-;-;-;-;-;-;-;1249,16;-;-;-;-;-;-;-
IDIJ27C567300;BRBMEFCIJUM8;FINANCIAL;-;-;-;-;-;-;-;-;-;1193,48;-;-;-;-;-;-;-
IDIJ27C567400;BRBMEFCIJUN6;FINANCIAL;-;-;-;-;-;-;-;-;-;1140,28;-;-;-;-;-;-;-
IDIJ27C567600;BRBMEFCIJUO4;FINANCIAL;-;-;-;-;-;-;-;-;-;1051,83;-;-;-;-;-;-;-
IDIJ27C567700;BRBMEFCIJUP1;FINANCIAL;-;-;-;-;-;-;-;-;-;1009,36;-;-;-;-;-;-;-
IDIJ27C567800;BRBMEFCIJUQ9;FINANCIAL;-;-;-;-;-;-;-;-;-;968,48;-;-;-;-;-;-;-
IDIJ27C567900;BRBMEFCIJUR7;FINANCIAL;-;-;-;-;-;-;-;-;-;932,25;-;-;-;-;-;-;-
IDIJ27C568000;BRBMEFCIJUS5;FINANCIAL;-;-;-;-;-;-;-;-;-;903,47;-;-;-;-;-;-;-
IDIJ27C568100;BRBMEFCIJUT3;FINANCIAL;-;-;-;-;-;-;-;-;-;879,58;-;-;-;-;-;-;-
IDIJ27C568200;BRBMEFCIJUU1;FINANCIAL;-;-;-;-;-;-;-;-;-;855,24;-;-;-;-;-;-;-
IDIJ27C568300;BRBMEFCIJUV9;FINANCIAL;-;-;-;-;-;-;-;-;-;832,16;-;-;-;-;-;-;-
IDIJ27C568400;BRBMEFCIJUW7;FINANCIAL;-;-;-;-;-;-;-;-;-;810,55;-;-;-;-;-;-;-
IDIJ27C568500;BRBMEFCIJUX5;FINANCIAL;-;-;-;-;-;-;-;-;-;790,97;-;-;-;-;-;-;-
IDIJ27C568600;BRBMEFCIJUY3;FINANCIAL;-;-;-;-;-;-;-;-;-;777,15;-;-;-;-;-;-;-
IDIJ27C568700;BRBMEFCIJUZ0;FINANCIAL;-;-;-;-;-;-;-;-;-;767,73;-;-;-;-;-;-;-
IDIJ27C568800;BRBMEFCIJV02;FINANCIAL;-;-;-;-;-;-;-;-;-;759,95;-;-;-;-;-;-;-
IDIJ27C568900;BRBMEFCIJV10;FINANCIAL;-;-;-;-;-;-;-;-;-;753,54;-;-;-;-;-;-;-
IDIJ27C569000;BRBMEFCIJV28;FINANCIAL;-;-;-;-;-;-;-;-;-;747,58;-;-;-;-;-;-;-
IDIJ27P566400;BRBMEFVIJUD7;FINANCIAL;-;-;-;-;-;-;-;-;-;120,26;-;-;-;-;-;-;-
IDIJ27P566500;BRBMEFVIJUE5;FINANCIAL;-;-;-;-;-;-;-;-;-;134,85;-;-;-;-;-;-;-
IDIJ27P566600;BRBMEFVIJUF2;FINANCIAL;-;-;-;-;-;-;-;-;-;151,01;-;-;-;-;-;-;-
IDIJ27P566700;BRBMEFVIJUG0;FINANCIAL;-;-;-;-;-;-;-;-;-;168,28;-;-;-;-;-;-;-
IDIJ27P566800;BRBMEFVIJUH8;FINANCIAL;-;-;-;-;-;-;-;-;-;190,3;-;-;-;-;-;-;-
IDIJ27P566900;BRBMEFVIJUI6;FINANCIAL;-;-;-;-;-;-;-;-;-;219,55;-;-;-;-;-;-;-
IDIJ27P567000;BRBMEFVIJUJ4;FINANCIAL;-;-;-;-;-;-;-;-;-;249,36;-;-;-;-;-;-;-
IDIJ27P567100;BRBMEFVIJUK2;FINANCIAL;-;-;-;-;-;-;-;-;-;284,51;-;-;-;-;-;-;-
IDIJ27P567200;BRBMEFVIJUL0;FINANCIAL;-;-;-;-;-;-;-;-;-;320,68;-;-;-;-;-;-;-
IDIJ27P567300;BRBMEFVIJUM8;FINANCIAL;-;-;-;-;-;-;-;-;-;356,93;-;-;-;-;-;-;-
IDIJ27P567400;BRBMEFVIJUN6;FINANCIAL;-;-;-;-;-;-;-;-;-;395,66;-;-;-;-;-;-;-
IDIJ27P567600;BRBMEFVIJUO4;FINANCIAL;-;-;-;-;-;-;-;-;-;491,07;-;-;-;-;-;-;-
IDIJ27P567700;BRBMEFVIJUP1;FINANCIAL;-;-;-;-;-;-;-;-;-;540,53;-;-;-;-;-;-;-
IDIJ27P567800;BRBMEFVIJUQ9;FINANCIAL;-;-;-;-;-;-;-;-;-;591,58;-;-;-;-;-;-;-
IDIJ27P567900;BRBMEFVIJUR7;FINANCIAL;-;-;-;-;-;-;-;-;-;647,28;-;-;-;-;-;-;-
IDIJ27P568000;BRBMEFVIJUS5;FINANCIAL;-;-;-;-;-;-;-;-;-;710,43;-;-;-;-;-;-;-
IDIJ27P568100;BRBMEFVIJUT3;FINANCIAL;-;-;-;-;-;-;-;-;-;778,47;-;-;-;-;-;-;-
IDIJ27P568200;BRBMEFVIJUU1;FINANCIAL;-;-;-;-;-;-;-;-;-;846,07;-;-;-;-;-;-;-
IDIJ27P568300;BRBMEFVIJUV9;FINANCIAL;-;-;-;-;-;-;-;-;-;914,91;-;-;-;-;-;-;-
IDIJ27P568400;BRBMEFVIJUW7;FINANCIAL;-;-;-;-;-;-;-;-;-;985,24;-;-;-;-;-;-;-
IDIJ27P568500;BRBMEFVIJUX5;FINANCIAL;-;-;-;-;-;-;-;-;-;1057,59;-;-;-;-;-;-;-
IDIJ27P568600;BRBMEFVIJUY3;FINANCIAL;-;-;-;-;-;-;-;-;-;1135,69;-;-;-;-;-;-;-
IDIJ27P568700;BRBMEFVIJUZ0;FINANCIAL;-;-;-;-;-;-;-;-;-;1218,21;-;-;-;-;-;-;-
IDIJ27P568800;BRBMEFVIJV09;FINANCIAL;-;-;-;-;-;-;-;-;-;1302,36;-;-;-;-;-;-;-
IDIJ27P568900;BRBMEFVIJV17;FINANCIAL;-;-;-;-;-;-;-;-;-;1387,88;-;-;-;-;-;-;-
IDIJ27P569000;BRBMEFVIJV25;FINANCIAL;-;-;-;-;-;-;-;-;-;1473,85;-;-;-;-;-;-;-
IDIX26C540100;BRBMEFCIXAG3;FINANCIAL;-;-;-;-;-;-;-;-;-;24,65;-;-;-;-;-;-;-
IDIX26C540200;BRBMEFCIXAH1;FINANCIAL;-;-;-;-;-;-;-;-;-;23,62;-;-;-;-;-;-;-
IDIX26C540300;BRBMEFCIXAI9;FINANCIAL;-;-;-;-;-;-;-;-;-;22,42;-;-;-;-;-;-;-
IDIX26C540400;BRBMEFCIXAJ7;FINANCIAL;-;-;-;-;-;-;-;-;-;21,25;-;-;-;-;-;-;-
IDIX26C540500;BRBMEFCIXAK5;FINANCIAL;-;-;-;-;-;-;-;-;-;20,11;-;-;-;-;-;-;-
IDIX26C540600;BRBMEFCIXAL3;FINANCIAL;-;-;-;-;-;-;-;-;-;19,2;-;-;-;-;-;-;-
IDIX26C540700;BRBMEFCIXAM1;FINANCIAL;-;-;-;-;-;-;-;-;-;18,34;-;-;-;-;-;-;-
IDIX26C540800;BRBMEFCIXAN9;FINANCIAL;-;-;-;-;-;-;-;-;-;17,08;-;-;-;-;-;-;-
IDIX26C540900;BRBMEFCIXAO7;FINANCIAL;-;-;-;-;-;-;-;-;-;15,83;-;-;-;-;-;-;-
IDIX26C541000;BRBMEFCIXAP4;FINANCIAL;-;-;-;-;-;-;-;-;-;14,72;-;-;-;-;-;-;-
IDIX26C541100;BRBMEFCIXAQ2;FINANCIAL;-;-;-;-;-;-;-;-;-;13,64;-;-;-;-;-;-;-
IDIX26C541200;BRBMEFCIXAR0;FINANCIAL;-;-;-;-;-;-;-;-;-;12,61;-;-;-;-;-;-;-
IDIX26C541300;BRBMEFCIXAS8;FINANCIAL;-;-;-;-;-;-;-;-;-;11,62;-;-;-;-;-;-;-
IDIX26C541400;BRBMEFCIXAT6;FINANCIAL;-;-;-;-;-;-;-;-;-;10,66;-;-;-;-;-;-;-
IDIX26C541500;BRBMEFCIXAU4;FINANCIAL;-;-;-;-;-;-;-;-;-;9,72;-;-;-;-;-;-;-
IDIX26C541600;BRBMEFCIXAV2;FINANCIAL;-;-;-;-;-;-;-;-;-;8,87;-;-;-;-;-;-;-
IDIX26C541700;BRBMEFCIXAW0;FINANCIAL;-;-;-;-;-;-;-;-;-;8,08;-;-;-;-;-;-;-
IDIX26C541800;BRBMEFCIXAX8;FINANCIAL;-;-;-;-;-;-;-;-;-;7,36;-;-;-;-;-;-;-
IDIX26C541900;BRBMEFCIXAY6;FINANCIAL;-;-;-;-;-;-;-;-;-;6,71;-;-;-;-;-;-;-
IDIX26C542000;BRBMEFCIXAZ3;FINANCIAL;-;-;-;-;-;-;-;-;-;6,13;-;-;-;-;-;-;-
IDIX26C542100;BRBMEFCIXB08;FINANCIAL;-;-;-;-;-;-;-;-;-;5,6;-;-;-;-;-;-;-
IDIX26C542200;BRBMEFCIXB16;FINANCIAL;-;-;-;-;-;-;-;-;-;5,13;-;-;-;-;-;-;-
IDIX26C542300;BRBMEFCIXB24;FINANCIAL;-;-;-;-;-;-;-;-;-;4,7;-;-;-;-;-;-;-
IDIX26P540100;BRBMEFVIXAJ7;FINANCIAL;-;-;-;-;-;-;-;-;-;541,14;-;-;-;-;-;-;-
IDIX26P540200;BRBMEFVIXAK5;FINANCIAL;-;-;-;-;-;-;-;-;-;636,92;-;-;-;-;-;-;-
IDIX26P540300;BRBMEFVIXAL3;FINANCIAL;-;-;-;-;-;-;-;-;-;732,53;-;-;-;-;-;-;-
IDIX26P540400;BRBMEFVIXAM1;FINANCIAL;-;-;-;-;-;-;-;-;-;828,17;-;-;-;-;-;-;-
IDIX26P540500;BRBMEFVIXAN9;FINANCIAL;-;-;-;-;-;-;-;-;-;923,85;-;-;-;-;-;-;-
IDIX26P540600;BRBMEFVIXAO7;FINANCIAL;-;-;-;-;-;-;-;-;-;1019,74;-;-;-;-;-;-;-
IDIX26P540700;BRBMEFVIXAP4;FINANCIAL;-;-;-;-;-;-;-;-;-;1115,7;-;-;-;-;-;-;-
IDIX26P540800;BRBMEFVIXAQ2;FINANCIAL;-;-;-;-;-;-;-;-;-;1211,24;-;-;-;-;-;-;-
IDIX26P540900;BRBMEFVIXAR0;FINANCIAL;-;-;-;-;-;-;-;-;-;1306,8;-;-;-;-;-;-;-
IDIX26P541000;BRBMEFVIXAS8;FINANCIAL;-;-;-;-;-;-;-;-;-;1402,51;-;-;-;-;-;-;-
IDIX26P541100;BRBMEFVIXAT6;FINANCIAL;-;-;-;-;-;-;-;-;-;1498,24;-;-;-;-;-;-;-
IDIX26P541200;BRBMEFVIXAU4;FINANCIAL;-;-;-;-;-;-;-;-;-;1594,02;-;-;-;-;-;-;-
IDIX26P541300;BRBMEFVIXAV2;FINANCIAL;-;-;-;-;-;-;-;-;-;1689,84;-;-;-;-;-;-;-
IDIX26P541400;BRBMEFVIXAW0;FINANCIAL;-;-;-;-;-;-;-;-;-;1785,69;-;-;-;-;-;-;-
IDIX26P541500;BRBMEFVIXAX8;FINANCIAL;-;-;-;-;-;-;-;-;-;1881,56;-;-;-;-;-;-;-
IDIX26P541600;BRBMEFVIXAY6;FINANCIAL;-;-;-;-;-;-;-;-;-;1977,52;-;-;-;-;-;-;-
IDIX26P541700;BRBMEFVIXAZ3;FINANCIAL;-;-;-;-;-;-;-;-;-;2073,54;-;-;-;-;-;-;-
IDIX26P541800;BRBMEFVIXB05;FINANCIAL;-;-;-;-;-;-;-;-;-;2169,63;-;-;-;-;-;-;-
IDIX26P541900;BRBMEFVIXB13;FINANCIAL;-;-;-;-;-;-;-;-;-;2265,79;-;-;-;-;-;-;-
IDIX26P542000;BRBMEFVIXB21;FINANCIAL;-;-;-;-;-;-;-;-;-;2362,02;-;-;-;-;-;-;-
IDIX26P542100;BRBMEFVIXB39;FINANCIAL;-;-;-;-;-;-;-;-;-;2458,31;-;-;-;-;-;-;-
IDIX26P542200;BRBMEFVIXB47;FINANCIAL;-;-;-;-;-;-;-;-;-;2554,65;-;-;-;-;-;-;-
IDIX26P542300;BRBMEFVIXB54;FINANCIAL;-;-;-;-;-;-;-;-;-;2651,03;-;-;-;-;-;-;-
IDIZ26C544800;BRBMEFCIZ9W3;FINANCIAL;-;-;-;-;-;-;-;-;-;127,22;-;-;-;-;-;-;-
IDIZ26C544900;BRBMEFCIZ9X1;FINANCIAL;-;-;-;-;-;-;-;-;-;101,06;-;-;-;-;-;-;-
IDIZ26C545000;BRBMEFCIZ9Y9;FINANCIAL;-;-;-;-;-;-;-;-;-;82,82;-;-;-;-;-;-;-
IDIZ26C545100;BRBMEFCIZ9Z6;FINANCIAL;-;-;-;-;-;-;-;-;-;70,82;-;-;-;-;-;-;-
IDIZ26C545200;BRBMEFCIZA07;FINANCIAL;-;-;-;-;-;-;-;-;-;59,93;-;-;-;-;-;-;-
IDIZ26C545300;BRBMEFCIZA15;FINANCIAL;-;-;-;-;-;-;-;-;-;54,39;-;-;-;-;-;-;-
IDIZ26C545400;BRBMEFCIZA23;FINANCIAL;-;-;-;-;-;-;-;-;-;50,73;-;-;-;-;-;-;-
IDIZ26C545500;BRBMEFCIZA31;FINANCIAL;-;-;-;-;-;-;-;-;-;50,23;-;-;-;-;-;-;-
IDIZ26C545600;BRBMEFCIZA49;FINANCIAL;-;-;-;-;-;-;-;-;-;49,5;-;-;-;-;-;-;-
IDIZ26C545700;BRBMEFCIZA56;FINANCIAL;-;-;-;-;-;-;-;-;-;49,44;-;-;-;-;-;-;-
IDIZ26C545800;BRBMEFCIZA64;FINANCIAL;-;-;-;-;-;-;-;-;-;49,5;-;-;-;-;-;-;-
IDIZ26C545900;BRBMEFCIZA72;FINANCIAL;-;-;-;-;-;-;-;-;-;49,36;-;-;-;-;-;-;-
IDIZ26P544800;BRBMEFVIZ9W0;FINANCIAL;-;-;-;-;-;-;-;-;-;108,38;-;-;-;-;-;-;-
IDIZ26P544900;BRBMEFVIZ9X8;FINANCIAL;-;-;-;-;-;-;-;-;-;178,09;-;-;-;-;-;-;-
IDIZ26P545000;BRBMEFVIZ9Y6;FINANCIAL;-;-;-;-;-;-;-;-;-;255,73;-;-;-;-;-;-;-
IDIZ26P545100;BRBMEFVIZ9Z3;FINANCIAL;-;-;-;-;-;-;-;-;-;339,61;-;-;-;-;-;-;-
IDIZ26P545200;BRBMEFVIZA04;FINANCIAL;-;-;-;-;-;-;-;-;-;424,6;-;-;-;-;-;-;-
IDIZ26P545300;BRBMEFVIZA12;FINANCIAL;-;-;-;-;-;-;-;-;-;514,93;-;-;-;-;-;-;-
IDIZ26P545400;BRBMEFVIZA20;FINANCIAL;-;-;-;-;-;-;-;-;-;607,15;-;-;-;-;-;-;-
IDIZ26P545500;BRBMEFVIZA38;FINANCIAL;-;-;-;-;-;-;-;-;-;702,54;-;-;-;-;-;-;-
IDIZ26P545600;BRBMEFVIZA46;FINANCIAL;-;-;-;-;-;-;-;-;-;797,68;-;-;-;-;-;-;-
IDIZ26P545700;BRBMEFVIZA53;FINANCIAL;-;-;-;-;-;-;-;-;-;893,5;-;-;-;-;-;-;-
IDIZ26P545800;BRBMEFVIZA61;FINANCIAL;-;-;-;-;-;-;-;-;-;989,44;-;-;-;-;-;-;-
IDIZ26P545900;BRBMEFVIZA79;FINANCIAL;-;-;-;-;-;-;-;-;-;1085,17;-;-;-;-;-;-;-
IDIF27C552200;BRBMEFCID075;FINANCIAL;93,76;93,76;93,76;93,76;93,76;91,38;-;-;-;118,03;-;-;-;-;2;784;73507,84
IDIF27C552300;BRBMEFCID083;FINANCIAL;90,45;90,45;90,45;90,45;90,45;99,31;-;-;-;114,96;-;-;-;-;2;488;44139,6
IDIF27C552400;BRBMEFCID091;FINANCIAL;87,38;87,38;87,38;87,38;87,38;107,06;-;-;-;112,77;-;-;-;-;4;3.892;340082,96
IDIF27C552500;BRBMEFCID0A4;FINANCIAL;84,74;84,74;84,74;84,74;84,74;114,69;-;-;-;111,76;-;-;-;-;3;3.404;288454,96
IDIF27C552700;BRBMEFCID0B2;FINANCIAL;-;-;-;-;-;-;-;-;-;108,86;-;-;-;-;-;-;-
IDIF27C552800;BRBMEFCID0C0;FINANCIAL;-;-;-;-;-;-;-;-;-;107,73;-;-;-;-;-;-;-
IDIF27C552900;BRBMEFCID0D8;FINANCIAL;-;-;-;-;-;-;-;-;-;106,91;-;-;-;-;-;-;-
IDIF27C553000;BRBMEFCID0E6;FINANCIAL;-;-;-;-;-;-;-;-;-;106,16;-;-;-;-;-;-;-
IDIF27C553100;BRBMEFCID0F3;FINANCIAL;-;-;-;-;-;-;-;-;-;105,21;-;-;-;-;-;-;-
IDIF27P552200;BRBMEFFI0072;FINANCIAL;-;-;-;-;-;-;-;-;-;1272,53;-;-;-;-;-;-;-
IDIF27P552300;BRBMEFFI0080;FINANCIAL;-;-;-;-;-;-;-;-;-;1364,27;-;-;-;-;-;-;-
IDIF27P552400;BRBMEFFI0098;FINANCIAL;-;-;-;-;-;-;-;-;-;1456,89;-;-;-;-;-;-;-
IDIF27P552500;BRBMEFFI00A9;FINANCIAL;-;-;-;-;-;-;-;-;-;1550,68;-;-;-;-;-;-;-
IDIF27P552700;BRBMEFFI00B7;FINANCIAL;-;-;-;-;-;-;-;-;-;1737,39;-;-;-;-;-;-;-
IDIF27P552800;BRBMEFFI00C5;FINANCIAL;-;-;-;-;-;-;-;-;-;1831,06;-;-;-;-;-;-;-
IDIF27P552900;BRBMEFFI00D3;FINANCIAL;-;-;-;-;-;-;-;-;-;1925,05;-;-;-;-;-;-;-
IDIF27P553000;BRBMEFFI00E1;FINANCIAL;-;-;-;-;-;-;-;-;-;2019,11;-;-;-;-;-;-;-
IDIF27P553100;BRBMEFFI00F8;FINANCIAL;-;-;-;-;-;-;-;-;-;2112,96;-;-;-;-;-;-;-
D11F27C001000;BRBMEFCD1F59;FINANCIAL;-;-;-;-;-;-;-;-;-;747,6;-;-;-;-;-;-;-
D11F27C001025;BRBMEFCD1F67;FINANCIAL;-;-;-;-;-;-;-;-;-;697,84;-;-;-;-;-;-;-
D11F27C001050;BRBMEFCD1F75;FINANCIAL;-;-;-;-;-;-;-;-;-;648,45;-;-;-;-;-;-;-
D11F27C001075;BRBMEFCD1F83;FINANCIAL;-;-;-;-;-;-;-;-;-;599,41;-;-;-;-;-;-;-
D11F27C001100;BRBMEFCD1F91;FINANCIAL;-;-;-;-;-;-;-;-;-;550,87;-;-;-;-;-;-;-
D11F27C001125;BRBMEFCD1FA0;FINANCIAL;-;-;-;-;-;-;-;-;-;503;-;-;-;-;-;-;-
D11F27C001150;BRBMEFCD1FB8;FINANCIAL;-;-;-;-;-;-;-;-;-;455,96;-;-;-;-;-;-;-
D11F27C001175;BRBMEFCD1FC6;FINANCIAL;-;-;-;-;-;-;-;-;-;409,83;-;-;-;-;-;-;-
D11F27C001200;BRBMEFCD1FD4;FINANCIAL;-;-;-;-;-;-;-;-;-;364,91;-;-;-;-;-;-;-
D11F27C001225;BRBMEFCD1FE2;FINANCIAL;-;-;-;-;-;-;-;-;-;322,12;-;-;-;-;-;-;-
D11F27C001250;BRBMEFCD1FF9;FINANCIAL;-;-;-;-;-;-;-;-;-;281,56;-;-;-;-;-;-;-
D11F27C001275;BRBMEFCD1FG7;FINANCIAL;-;-;-;-;-;-;-;-;-;243,38;-;-;-;-;-;-;-
D11F27C001300;BRBMEFCD1FH5;FINANCIAL;-;-;-;-;-;-;-;-;-;208,23;-;-;-;-;-;-;-
D11F27C001325;BRBMEFCD1FI3;FINANCIAL;-;-;-;-;-;-;-;-;-;176,56;-;-;-;-;-;-;-
D11F27C001350;BRBMEFCD1FJ1;FINANCIAL;-;-;-;-;-;-;-;-;-;148,34;-;-;-;-;-;-;-
D11F27C001375;BRBMEFCD1FK9;FINANCIAL;-;-;-;-;-;-;-;-;-;123,74;-;-;-;-;-;-;-
D11F27C001525;BRBMEFCD1FL7;FINANCIAL;-;-;-;-;-;-;-;-;-;38,24;-;-;-;-;-;-;-
D11F27C001550;BRBMEFCD1FM5;FINANCIAL;-;-;-;-;-;-;-;-;-;31,37;-;-;-;-;-;-;-
D11F27C001575;BRBMEFCD1FN3;FINANCIAL;-;-;-;-;-;-;-;-;-;25,71;-;-;-;-;-;-;-
D11F27C001600;BRBMEFCD1FO1;FINANCIAL;-;-;-;-;-;-;-;-;-;21,15;-;-;-;-;-;-;-
D11F27C001625;BRBMEFCD1FP8;FINANCIAL;-;-;-;-;-;-;-;-;-;17,41;-;-;-;-;-;-;-
D11F27C001650;BRBMEFCD1FQ6;FINANCIAL;-;-;-;-;-;-;-;-;-;14,5;-;-;-;-;-;-;-
D11F27C001675;BRBMEFCD1FR4;FINANCIAL;-;-;-;-;-;-;-;-;-;12,18;-;-;-;-;-;-;-
D11F27C001700;BRBMEFCD1FS2;FINANCIAL;-;-;-;-;-;-;-;-;-;10,3;-;-;-;-;-;-;-
D11F27C001725;BRBMEFCD1FT0;FINANCIAL;-;-;-;-;-;-;-;-;-;8,75;-;-;-;-;-;-;-
D11F27C001750;BRBMEFCD1FU8;FINANCIAL;-;-;-;-;-;-;-;-;-;7,44;-;-;-;-;-;-;-
D11F27C001775;BRBMEFCD1FV6;FINANCIAL;-;-;-;-;-;-;-;-;-;6,12;-;-;-;-;-;-;-
D11F27C001800;BRBMEFCD1FW4;FINANCIAL;-;-;-;-;-;-;-;-;-;5,05;-;-;-;-;-;-;-
D11F27P001000;BRBMEFVD1ER4;FINANCIAL;-;-;-;-;-;-;-;-;-;0,35;-;-;-;-;-;-;-
D11F27P001025;BRBMEFVD1ES2;FINANCIAL;-;-;-;-;-;-;-;-;-;0,67;-;-;-;-;-;-;-
D11F27P001050;BRBMEFVD1ET0;FINANCIAL;-;-;-;-;-;-;-;-;-;1,22;-;-;-;-;-;-;-
D11F27P001075;BRBMEFVD1EU8;FINANCIAL;-;-;-;-;-;-;-;-;-;1,98;-;-;-;-;-;-;-
D11F27P001100;BRBMEFVD1EV6;FINANCIAL;-;-;-;-;-;-;-;-;-;3,1;-;-;-;-;-;-;-
D11F27P001125;BRBMEFVD1EW4;FINANCIAL;-;-;-;-;-;-;-;-;-;4,75;-;-;-;-;-;-;-
D11F27P001150;BRBMEFVD1EX2;FINANCIAL;-;-;-;-;-;-;-;-;-;7,09;-;-;-;-;-;-;-
D11F27P001175;BRBMEFVD1EY0;FINANCIAL;-;-;-;-;-;-;-;-;-;10,21;-;-;-;-;-;-;-
D11F27P001200;BRBMEFVD1EZ7;FINANCIAL;-;-;-;-;-;-;-;-;-;14,41;-;-;-;-;-;-;-
D11F27P001225;BRBMEFVD1F00;FINANCIAL;-;-;-;-;-;-;-;-;-;20,59;-;-;-;-;-;-;-
D11F27P001250;BRBMEFVD1F18;FINANCIAL;-;-;-;-;-;-;-;-;-;28,87;-;-;-;-;-;-;-
D11F27P001275;BRBMEFVD1F26;FINANCIAL;-;-;-;-;-;-;-;-;-;39,4;-;-;-;-;-;-;-
D11F27P001300;BRBMEFVD1F34;FINANCIAL;-;-;-;-;-;-;-;-;-;52,82;-;-;-;-;-;-;-
D11F27P001325;BRBMEFVD1F42;FINANCIAL;-;-;-;-;-;-;-;-;-;69,6;-;-;-;-;-;-;-
D11F27P001350;BRBMEFVD1F59;FINANCIAL;-;-;-;-;-;-;-;-;-;89,68;-;-;-;-;-;-;-
D11F27P001375;BRBMEFVD1F67;FINANCIAL;-;-;-;-;-;-;-;-;-;113,26;-;-;-;-;-;-;-
D11F27P001525;BRBMEFVD1F75;FINANCIAL;-;-;-;-;-;-;-;-;-;314,09;-;-;-;-;-;-;-
D11F27P001550;BRBMEFVD1F83;FINANCIAL;-;-;-;-;-;-;-;-;-;354,5;-;-;-;-;-;-;-
D11F27P001575;BRBMEFVD1F91;FINANCIAL;-;-;-;-;-;-;-;-;-;395,98;-;-;-;-;-;-;-
D11F27P001600;BRBMEFVD1FA7;FINANCIAL;-;-;-;-;-;-;-;-;-;438,45;-;-;-;-;-;-;-
D11F27P001625;BRBMEFVD1FB5;FINANCIAL;-;-;-;-;-;-;-;-;-;481,6;-;-;-;-;-;-;-
D11F27P001650;BRBMEFVD1FC3;FINANCIAL;-;-;-;-;-;-;-;-;-;525,47;-;-;-;-;-;-;-
D11F27P001675;BRBMEFVD1FD1;FINANCIAL;-;-;-;-;-;-;-;-;-;569,79;-;-;-;-;-;-;-
D11F27P001700;BRBMEFVD1FE9;FINANCIAL;-;-;-;-;-;-;-;-;-;614,44;-;-;-;-;-;-;-
D11F27P001725;BRBMEFVD1FF6;FINANCIAL;-;-;-;-;-;-;-;-;-;659,29;-;-;-;-;-;-;-
D11F27P001750;BRBMEFVD1FG4;FINANCIAL;-;-;-;-;-;-;-;-;-;704,25;-;-;-;-;-;-;-
D11F27P001775;BRBMEFVD1FH2;FINANCIAL;-;-;-;-;-;-;-;-;-;749,09;-;-;-;-;-;-;-
D11F27P001800;BRBMEFVD1FI0;FINANCIAL;-;-;-;-;-;-;-;-;-;794,06;-;-;-;-;-;-;-
D11V26C001200;BRBMEFCD1EO4;FINANCIAL;-;-;-;-;-;-;-;-;-;359,04;-;-;-;-;-;-;-
D11V26C001225;BRBMEFCD1EP1;FINANCIAL;-;-;-;-;-;-;-;-;-;307,22;-;-;-;-;-;-;-
D11V26C001250;BRBMEFCD1EQ9;FINANCIAL;-;-;-;-;-;-;-;-;-;256,13;-;-;-;-;-;-;-
D11V26C001275;BRBMEFCD1ER7;FINANCIAL;-;-;-;-;-;-;-;-;-;206,48;-;-;-;-;-;-;-
D11V26C001300;BRBMEFCD1ES5;FINANCIAL;-;-;-;-;-;-;-;-;-;159,49;-;-;-;-;-;-;-
D11V26C001325;BRBMEFCD1ET3;FINANCIAL;-;-;-;-;-;-;-;-;-;117,09;-;-;-;-;-;-;-
D11V26C001350;BRBMEFCD1EU1;FINANCIAL;-;-;-;-;-;-;-;-;-;81,15;-;-;-;-;-;-;-
D11V26C001375;BRBMEFCD1EV9;FINANCIAL;-;-;-;-;-;-;-;-;-;53,02;-;-;-;-;-;-;-
D11V26C001400;BRBMEFCD1EW7;FINANCIAL;-;-;-;-;-;-;-;-;-;32,76;-;-;-;-;-;-;-
D11V26C001425;BRBMEFCD1EX5;FINANCIAL;-;-;-;-;-;-;-;-;-;19,3;-;-;-;-;-;-;-
D11V26C001450;BRBMEFCD1EY3;FINANCIAL;-;-;-;-;-;-;-;-;-;10,95;-;-;-;-;-;-;-
D11V26C001475;BRBMEFCD1EZ0;FINANCIAL;-;-;-;-;-;-;-;-;-;6,05;-;-;-;-;-;-;-
D11V26C001500;BRBMEFCD1F00;FINANCIAL;-;-;-;-;-;-;-;-;-;3,39;-;-;-;-;-;-;-
D11V26C001525;BRBMEFCD1F18;FINANCIAL;-;-;-;-;-;-;-;-;-;1,79;-;-;-;-;-;-;-
D11V26C001550;BRBMEFCD1F26;FINANCIAL;-;-;-;-;-;-;-;-;-;0,92;-;-;-;-;-;-;-
D11V26C001575;BRBMEFCD1F34;FINANCIAL;-;-;-;-;-;-;-;-;-;0,46;-;-;-;-;-;-;-
D11V26C001600;BRBMEFCD1F42;FINANCIAL;-;-;-;-;-;-;-;-;-;0,2;-;-;-;-;-;-;-
D11V26P001200;BRBMEFVD1EA0;FINANCIAL;-;-;-;-;-;-;-;-;-;0,14;-;-;-;-;-;-;-
D11V26P001225;BRBMEFVD1EB8;FINANCIAL;-;-;-;-;-;-;-;-;-;0,51;-;-;-;-;-;-;-
D11V26P001250;BRBMEFVD1EC6;FINANCIAL;-;-;-;-;-;-;-;-;-;1,47;-;-;-;-;-;-;-
D11V26P001275;BRBMEFVD1ED4;FINANCIAL;-;-;-;-;-;-;-;-;-;3,72;-;-;-;-;-;-;-
D11V26P001300;BRBMEFVD1EE2;FINANCIAL;-;-;-;-;-;-;-;-;-;8,49;-;-;-;-;-;-;-
D11V26P001325;BRBMEFVD1EF9;FINANCIAL;-;-;-;-;-;-;-;-;-;17,71;-;-;-;-;-;-;-
D11V26P001350;BRBMEFVD1EG7;FINANCIAL;-;-;-;-;-;-;-;-;-;33,24;-;-;-;-;-;-;-
D11V26P001375;BRBMEFVD1EH5;FINANCIAL;-;-;-;-;-;-;-;-;-;56,44;-;-;-;-;-;-;-
D11V26P001400;BRBMEFVD1EI3;FINANCIAL;-;-;-;-;-;-;-;-;-;87,37;-;-;-;-;-;-;-
D11V26P001425;BRBMEFVD1EJ1;FINANCIAL;-;-;-;-;-;-;-;-;-;124,96;-;-;-;-;-;-;-
D11V26P001450;BRBMEFVD1EK9;FINANCIAL;-;-;-;-;-;-;-;-;-;167,53;-;-;-;-;-;-;-
D11V26P001475;BRBMEFVD1EL7;FINANCIAL;-;-;-;-;-;-;-;-;-;213,4;-;-;-;-;-;-;-
D11V26P001500;BRBMEFVD1EM5;FINANCIAL;-;-;-;-;-;-;-;-;-;261,37;-;-;-;-;-;-;-
D11V26P001525;BRBMEFVD1EN3;FINANCIAL;-;-;-;-;-;-;-;-;-;310,28;-;-;-;-;-;-;-
D11V26P001550;BRBMEFVD1EO1;FINANCIAL;-;-;-;-;-;-;-;-;-;359,77;-;-;-;-;-;-;-
D11V26P001575;BRBMEFVD1EP8;FINANCIAL;-;-;-;-;-;-;-;-;-;409,54;-;-;-;-;-;-;-
D11V26P001600;BRBMEFVD1EQ6;FINANCIAL;-;-;-;-;-;-;-;-;-;459,37;-;-;-;-;-;-;-
D12F27C001000;BRBMEFCD2VZ2;FINANCIAL;-;-;-;-;-;-;-;-;-;1489,21;-;-;-;-;-;-;-
D12F27C001025;BRBMEFCD2W08;FINANCIAL;-;-;-;-;-;-;-;-;-;1390,28;-;-;-;-;-;-;-
D12F27C001050;BRBMEFCD2W16;FINANCIAL;-;-;-;-;-;-;-;-;-;1292,18;-;-;-;-;-;-;-
D12F27C001075;BRBMEFCD2W24;FINANCIAL;-;-;-;-;-;-;-;-;-;1195,22;-;-;-;-;-;-;-
D12F27C001100;BRBMEFCD2W32;FINANCIAL;-;-;-;-;-;-;-;-;-;1099,72;-;-;-;-;-;-;-
D12F27C001125;BRBMEFCD2W40;FINANCIAL;-;-;-;-;-;-;-;-;-;1005,97;-;-;-;-;-;-;-
D12F27C001150;BRBMEFCD2W57;FINANCIAL;-;-;-;-;-;-;-;-;-;914,24;-;-;-;-;-;-;-
D12F27C001175;BRBMEFCD2W65;FINANCIAL;-;-;-;-;-;-;-;-;-;825,04;-;-;-;-;-;-;-
D12F27C001200;BRBMEFCD2W73;FINANCIAL;-;-;-;-;-;-;-;-;-;739,7;-;-;-;-;-;-;-
D12F27C001225;BRBMEFCD2W81;FINANCIAL;-;-;-;-;-;-;-;-;-;658,6;-;-;-;-;-;-;-
D12F27C001250;BRBMEFCD2W99;FINANCIAL;-;-;-;-;-;-;-;-;-;582,03;-;-;-;-;-;-;-
D12F27C001275;BRBMEFCD2WA3;FINANCIAL;-;-;-;-;-;-;-;-;-;510,24;-;-;-;-;-;-;-
D12F27C001300;BRBMEFCD2WB1;FINANCIAL;-;-;-;-;-;-;-;-;-;444,91;-;-;-;-;-;-;-
D12F27C001325;BRBMEFCD2WC9;FINANCIAL;-;-;-;-;-;-;-;-;-;385,36;-;-;-;-;-;-;-
D12F27C001350;BRBMEFCD2WD7;FINANCIAL;-;-;-;-;-;-;-;-;-;331,95;-;-;-;-;-;-;-
D12F27C001375;BRBMEFCD2WE5;FINANCIAL;-;-;-;-;-;-;-;-;-;284,49;-;-;-;-;-;-;-
D12F27C001400;BRBMEFCD2WF2;FINANCIAL;-;-;-;-;-;-;-;-;-;242,78;-;-;-;-;-;-;-
D12F27C001425;BRBMEFCD2WG0;FINANCIAL;-;-;-;-;-;-;-;-;-;206,5;-;-;-;-;-;-;-
D12F27C001450;BRBMEFCD2WH8;FINANCIAL;-;-;-;-;-;-;-;-;-;175,11;-;-;-;-;-;-;-
D12F27C001475;BRBMEFCD2WI6;FINANCIAL;-;-;-;-;-;-;-;-;-;148,53;-;-;-;-;-;-;-
D12F27C001500;BRBMEFCD2WJ4;FINANCIAL;-;-;-;-;-;-;-;-;-;126;-;-;-;-;-;-;-
D12F27C001525;BRBMEFCD2WK2;FINANCIAL;-;-;-;-;-;-;-;-;-;106,79;-;-;-;-;-;-;-
D12F27C001550;BRBMEFCD2WL0;FINANCIAL;-;-;-;-;-;-;-;-;-;90,46;-;-;-;-;-;-;-
D12F27C001575;BRBMEFCD2WM8;FINANCIAL;-;-;-;-;-;-;-;-;-;76,63;-;-;-;-;-;-;-
D12F27C001600;BRBMEFCD2WN6;FINANCIAL;-;-;-;-;-;-;-;-;-;65,03;-;-;-;-;-;-;-
D12F27C001625;BRBMEFCD2WO4;FINANCIAL;-;-;-;-;-;-;-;-;-;55,23;-;-;-;-;-;-;-
D12F27C001650;BRBMEFCD2WP1;FINANCIAL;-;-;-;-;-;-;-;-;-;46,97;-;-;-;-;-;-;-
D12F27C001675;BRBMEFCD2WQ9;FINANCIAL;-;-;-;-;-;-;-;-;-;40,08;-;-;-;-;-;-;-
D12F27C001700;BRBMEFCD2WR7;FINANCIAL;-;-;-;-;-;-;-;-;-;34,39;-;-;-;-;-;-;-
D12F27C001725;BRBMEFCD2WS5;FINANCIAL;-;-;-;-;-;-;-;-;-;29,8;-;-;-;-;-;-;-
D12F27C001750;BRBMEFCD2WT3;FINANCIAL;-;-;-;-;-;-;-;-;-;25,91;-;-;-;-;-;-;-
D12F27C001775;BRBMEFCD2WU1;FINANCIAL;-;-;-;-;-;-;-;-;-;22,62;-;-;-;-;-;-;-
D12F27C001800;BRBMEFCD2WV9;FINANCIAL;-;-;-;-;-;-;-;-;-;19,85;-;-;-;-;-;-;-
D12F27P001000;BRBMEFVD2VL9;FINANCIAL;-;-;-;-;-;-;-;-;-;1,83;-;-;-;-;-;-;-
D12F27P001025;BRBMEFVD2VM7;FINANCIAL;-;-;-;-;-;-;-;-;-;3,12;-;-;-;-;-;-;-
D12F27P001050;BRBMEFVD2VN5;FINANCIAL;-;-;-;-;-;-;-;-;-;4,9;-;-;-;-;-;-;-
D12F27P001075;BRBMEFVD2VO3;FINANCIAL;-;-;-;-;-;-;-;-;-;7,49;-;-;-;-;-;-;-
D12F27P001100;BRBMEFVD2VP0;FINANCIAL;-;-;-;-;-;-;-;-;-;11,19;-;-;-;-;-;-;-
D12F27P001125;BRBMEFVD2VQ8;FINANCIAL;-;-;-;-;-;-;-;-;-;16,33;-;-;-;-;-;-;-
D12F27P001150;BRBMEFVD2VR6;FINANCIAL;-;-;-;-;-;-;-;-;-;23,15;-;-;-;-;-;-;-
D12F27P001175;BRBMEFVD2VS4;FINANCIAL;-;-;-;-;-;-;-;-;-;32,16;-;-;-;-;-;-;-
D12F27P001200;BRBMEFVD2VT2;FINANCIAL;-;-;-;-;-;-;-;-;-;44,72;-;-;-;-;-;-;-
D12F27P001225;BRBMEFVD2VU0;FINANCIAL;-;-;-;-;-;-;-;-;-;61,19;-;-;-;-;-;-;-
D12F27P001250;BRBMEFVD2VV8;FINANCIAL;-;-;-;-;-;-;-;-;-;81,87;-;-;-;-;-;-;-
D12F27P001275;BRBMEFVD2VW6;FINANCIAL;-;-;-;-;-;-;-;-;-;107;-;-;-;-;-;-;-
D12F27P001300;BRBMEFVD2VX4;FINANCIAL;-;-;-;-;-;-;-;-;-;138,28;-;-;-;-;-;-;-
D12F27P001325;BRBMEFVD2VY2;FINANCIAL;-;-;-;-;-;-;-;-;-;175,02;-;-;-;-;-;-;-
D12F27P001350;BRBMEFVD2VZ9;FINANCIAL;-;-;-;-;-;-;-;-;-;217,58;-;-;-;-;-;-;-
D12F27P001375;BRBMEFVD2W08;FINANCIAL;-;-;-;-;-;-;-;-;-;265,78;-;-;-;-;-;-;-
D12F27P001400;BRBMEFVD2W16;FINANCIAL;-;-;-;-;-;-;-;-;-;319,41;-;-;-;-;-;-;-
D12F27P001425;BRBMEFVD2W24;FINANCIAL;-;-;-;-;-;-;-;-;-;378,17;-;-;-;-;-;-;-
D12F27P001450;BRBMEFVD2W32;FINANCIAL;-;-;-;-;-;-;-;-;-;441,51;-;-;-;-;-;-;-
D12F27P001475;BRBMEFVD2W40;FINANCIAL;-;-;-;-;-;-;-;-;-;509,35;-;-;-;-;-;-;-
D12F27P001500;BRBMEFVD2W57;FINANCIAL;-;-;-;-;-;-;-;-;-;580,94;-;-;-;-;-;-;-
D12F27P001525;BRBMEFVD2W65;FINANCIAL;-;-;-;-;-;-;-;-;-;655,53;-;-;-;-;-;-;-
D12F27P001550;BRBMEFVD2W73;FINANCIAL;-;-;-;-;-;-;-;-;-;732,72;-;-;-;-;-;-;-
D12F27P001575;BRBMEFVD2W81;FINANCIAL;-;-;-;-;-;-;-;-;-;812,09;-;-;-;-;-;-;-
D12F27P001600;BRBMEFVD2W99;FINANCIAL;-;-;-;-;-;-;-;-;-;893,39;-;-;-;-;-;-;-
D12F27P001625;BRBMEFVD2WA0;FINANCIAL;-;-;-;-;-;-;-;-;-;976,21;-;-;-;-;-;-;-
D12F27P001650;BRBMEFVD2WB8;FINANCIAL;-;-;-;-;-;-;-;-;-;1060,27;-;-;-;-;-;-;-
D12F27P001675;BRBMEFVD2WC6;FINANCIAL;-;-;-;-;-;-;-;-;-;1145,39;-;-;-;-;-;-;-
D12F27P001700;BRBMEFVD2WD4;FINANCIAL;-;-;-;-;-;-;-;-;-;1231,43;-;-;-;-;-;-;-
D12F27P001725;BRBMEFVD2WE2;FINANCIAL;-;-;-;-;-;-;-;-;-;1318,28;-;-;-;-;-;-;-
D12F27P001750;BRBMEFVD2WF9;FINANCIAL;-;-;-;-;-;-;-;-;-;1405,54;-;-;-;-;-;-;-
D12F27P001775;BRBMEFVD2WG7;FINANCIAL;-;-;-;-;-;-;-;-;-;1493,1;-;-;-;-;-;-;-
D12F27P001800;BRBMEFVD2WH5;FINANCIAL;-;-;-;-;-;-;-;-;-;1580,9;-;-;-;-;-;-;-
D12V26C001200;BRBMEFCD2VI8;FINANCIAL;-;-;-;-;-;-;-;-;-;701,71;-;-;-;-;-;-;-
D12V26C001225;BRBMEFCD2VJ6;FINANCIAL;-;-;-;-;-;-;-;-;-;604,1;-;-;-;-;-;-;-
D12V26C001250;BRBMEFCD2VK4;FINANCIAL;-;-;-;-;-;-;-;-;-;509,06;-;-;-;-;-;-;-
D12V26C001275;BRBMEFCD2VL2;FINANCIAL;-;-;-;-;-;-;-;-;-;418,01;-;-;-;-;-;-;-
D12V26C001300;BRBMEFCD2VM0;FINANCIAL;-;-;-;-;-;-;-;-;-;333,66;-;-;-;-;-;-;-
D12V26C001325;BRBMEFCD2VN8;FINANCIAL;-;-;-;-;-;-;-;-;-;257,78;-;-;-;-;-;-;-
D12V26C001350;BRBMEFCD2VO6;FINANCIAL;-;-;-;-;-;-;-;-;-;192,87;-;-;-;-;-;-;-
D12V26C001375;BRBMEFCD2VP3;FINANCIAL;-;-;-;-;-;-;-;-;-;139,69;-;-;-;-;-;-;-
D12V26C001400;BRBMEFCD2VQ1;FINANCIAL;-;-;-;-;-;-;-;-;-;98,26;-;-;-;-;-;-;-
D12V26C001425;BRBMEFCD2VR9;FINANCIAL;-;-;-;-;-;-;-;-;-;67,4;-;-;-;-;-;-;-
D12V26C001450;BRBMEFCD2VS7;FINANCIAL;-;-;-;-;-;-;-;-;-;45,34;-;-;-;-;-;-;-
D12V26C001475;BRBMEFCD2VT5;FINANCIAL;-;-;-;-;-;-;-;-;-;30,07;-;-;-;-;-;-;-
D12V26C001500;BRBMEFCD2VU3;FINANCIAL;-;-;-;-;-;-;-;-;-;19,66;-;-;-;-;-;-;-
D12V26C001525;BRBMEFCD2VV1;FINANCIAL;-;-;-;-;-;-;-;-;-;12,97;-;-;-;-;-;-;-
D12V26C001550;BRBMEFCD2VW9;FINANCIAL;-;-;-;-;-;-;-;-;-;8,71;-;-;-;-;-;-;-
D12V26C001575;BRBMEFCD2VX7;FINANCIAL;-;-;-;-;-;-;-;-;-;5,65;-;-;-;-;-;-;-
D12V26C001600;BRBMEFCD2VY5;FINANCIAL;-;-;-;-;-;-;-;-;-;3,59;-;-;-;-;-;-;-
D12V26P001200;BRBMEFVD2V41;FINANCIAL;-;-;-;-;-;-;-;-;-;1,86;-;-;-;-;-;-;-
D12V26P001225;BRBMEFVD2V58;FINANCIAL;-;-;-;-;-;-;-;-;-;4,19;-;-;-;-;-;-;-
D12V26P001250;BRBMEFVD2V66;FINANCIAL;-;-;-;-;-;-;-;-;-;8,75;-;-;-;-;-;-;-
D12V26P001275;BRBMEFVD2V74;FINANCIAL;-;-;-;-;-;-;-;-;-;16,98;-;-;-;-;-;-;-
D12V26P001300;BRBMEFVD2V82;FINANCIAL;-;-;-;-;-;-;-;-;-;31,58;-;-;-;-;-;-;-
D12V26P001325;BRBMEFVD2V90;FINANCIAL;-;-;-;-;-;-;-;-;-;54,33;-;-;-;-;-;-;-
D12V26P001350;BRBMEFVD2VA2;FINANCIAL;-;-;-;-;-;-;-;-;-;87,72;-;-;-;-;-;-;-
D12V26P001375;BRBMEFVD2VB0;FINANCIAL;-;-;-;-;-;-;-;-;-;132,52;-;-;-;-;-;-;-
D12V26P001400;BRBMEFVD2VC8;FINANCIAL;-;-;-;-;-;-;-;-;-;188,76;-;-;-;-;-;-;-
D12V26P001425;BRBMEFVD2VD6;FINANCIAL;-;-;-;-;-;-;-;-;-;255,24;-;-;-;-;-;-;-
D12V26P001450;BRBMEFVD2VE4;FINANCIAL;-;-;-;-;-;-;-;-;-;330,21;-;-;-;-;-;-;-
D12V26P001475;BRBMEFVD2VF1;FINANCIAL;-;-;-;-;-;-;-;-;-;411,66;-;-;-;-;-;-;-
D12V26P001500;BRBMEFVD2VG9;FINANCIAL;-;-;-;-;-;-;-;-;-;497,65;-;-;-;-;-;-;-
D12V26P001525;BRBMEFVD2VH7;FINANCIAL;-;-;-;-;-;-;-;-;-;587,06;-;-;-;-;-;-;-
D12V26P001550;BRBMEFVD2VI5;FINANCIAL;-;-;-;-;-;-;-;-;-;678,58;-;-;-;-;-;-;-
D12V26P001575;BRBMEFVD2VJ3;FINANCIAL;-;-;-;-;-;-;-;-;-;771,01;-;-;-;-;-;-;-
D12V26P001600;BRBMEFVD2VK1;FINANCIAL;-;-;-;-;-;-;-;-;-;864,12;-;-;-;-;-;-;-
D13V26C001200;BRBMEFD301M5;FINANCIAL;-;-;-;-;-;-;-;-;-;1374,75;-;-;-;-;-;-;-
D13V26C001225;BRBMEFD301N3;FINANCIAL;-;-;-;-;-;-;-;-;-;1190,6;-;-;-;-;-;-;-
D13V26C001250;BRBMEFD301O1;FINANCIAL;-;-;-;-;-;-;-;-;-;1012,07;-;-;-;-;-;-;-
D13V26C001275;BRBMEFD301P8;FINANCIAL;-;-;-;-;-;-;-;-;-;844,76;-;-;-;-;-;-;-
D13V26C001300;BRBMEFD301Q6;FINANCIAL;-;-;-;-;-;-;-;-;-;690,11;-;-;-;-;-;-;-
D13V26C001325;BRBMEFD301R4;FINANCIAL;-;-;-;-;-;-;-;-;-;551,84;-;-;-;-;-;-;-
D13V26C001350;BRBMEFD301S2;FINANCIAL;-;-;-;-;-;-;-;-;-;432,65;-;-;-;-;-;-;-
D13V26C001375;BRBMEFD301T0;FINANCIAL;-;-;-;-;-;-;-;-;-;333,9;-;-;-;-;-;-;-
D13V26C001400;BRBMEFD301U8;FINANCIAL;-;-;-;-;-;-;-;-;-;254,32;-;-;-;-;-;-;-
D13V26C001425;BRBMEFD301V6;FINANCIAL;-;-;-;-;-;-;-;-;-;191,81;-;-;-;-;-;-;-
D13V26C001450;BRBMEFD301W4;FINANCIAL;-;-;-;-;-;-;-;-;-;144,18;-;-;-;-;-;-;-
D13V26C001475;BRBMEFD301X2;FINANCIAL;-;-;-;-;-;-;-;-;-;107,91;-;-;-;-;-;-;-
D13V26C001500;BRBMEFD301Y0;FINANCIAL;-;-;-;-;-;-;-;-;-;80,94;-;-;-;-;-;-;-
D13V26C001525;BRBMEFD301Z7;FINANCIAL;-;-;-;-;-;-;-;-;-;60,92;-;-;-;-;-;-;-
D13V26C001550;BRBMEFD30208;FINANCIAL;-;-;-;-;-;-;-;-;-;45,97;-;-;-;-;-;-;-
D13V26C001575;BRBMEFD30216;FINANCIAL;-;-;-;-;-;-;-;-;-;35,66;-;-;-;-;-;-;-
D13V26C001600;BRBMEFD30224;FINANCIAL;-;-;-;-;-;-;-;-;-;28,28;-;-;-;-;-;-;-
D13V26P001200;BRBMEFP30129;FINANCIAL;-;-;-;-;-;-;-;-;-;12,79;-;-;-;-;-;-;-
D13V26P001225;BRBMEFP30137;FINANCIAL;-;-;-;-;-;-;-;-;-;21,85;-;-;-;-;-;-;-
D13V26P001250;BRBMEFP30145;FINANCIAL;-;-;-;-;-;-;-;-;-;35,69;-;-;-;-;-;-;-
D13V26P001275;BRBMEFP30152;FINANCIAL;-;-;-;-;-;-;-;-;-;59,9;-;-;-;-;-;-;-
D13V26P001300;BRBMEFP30160;FINANCIAL;-;-;-;-;-;-;-;-;-;95,92;-;-;-;-;-;-;-
D13V26P001325;BRBMEFP30178;FINANCIAL;-;-;-;-;-;-;-;-;-;147,48;-;-;-;-;-;-;-
D13V26P001350;BRBMEFP30186;FINANCIAL;-;-;-;-;-;-;-;-;-;217,29;-;-;-;-;-;-;-
D13V26P001375;BRBMEFP30194;FINANCIAL;-;-;-;-;-;-;-;-;-;306,71;-;-;-;-;-;-;-
D13V26P001400;BRBMEFP301A6;FINANCIAL;-;-;-;-;-;-;-;-;-;414,48;-;-;-;-;-;-;-
D13V26P001425;BRBMEFP301B4;FINANCIAL;-;-;-;-;-;-;-;-;-;538,5;-;-;-;-;-;-;-
D13V26P001450;BRBMEFP301C2;FINANCIAL;-;-;-;-;-;-;-;-;-;676,6;-;-;-;-;-;-;-
D13V26P001475;BRBMEFP301D0;FINANCIAL;-;-;-;-;-;-;-;-;-;825,24;-;-;-;-;-;-;-
D13V26P001500;BRBMEFP301E8;FINANCIAL;-;-;-;-;-;-;-;-;-;982,39;-;-;-;-;-;-;-
D13V26P001525;BRBMEFP301F5;FINANCIAL;-;-;-;-;-;-;-;-;-;1145,69;-;-;-;-;-;-;-
D13V26P001550;BRBMEFP301G3;FINANCIAL;-;-;-;-;-;-;-;-;-;1313,27;-;-;-;-;-;-;-
D13V26P001575;BRBMEFP301H1;FINANCIAL;-;-;-;-;-;-;-;-;-;1484,7;-;-;-;-;-;-;-
D13V26P001600;BRBMEFP301I9;FINANCIAL;-;-;-;-;-;-;-;-;-;1658,28;-;-;-;-;-;-;-
D14V26C001250;BRBMEFC14410;FINANCIAL;-;-;-;-;-;-;-;-;-;1244,24;-;-;-;-;-;-;-
D14V26C001275;BRBMEFC14428;FINANCIAL;-;-;-;-;-;-;-;-;-;1047,41;-;-;-;-;-;-;-
D14V26C001300;BRBMEFC14436;FINANCIAL;-;-;-;-;-;-;-;-;-;865,7;-;-;-;-;-;-;-
D14V26C001325;BRBMEFC14444;FINANCIAL;-;-;-;-;-;-;-;-;-;704,39;-;-;-;-;-;-;-
D14V26C001350;BRBMEFC14451;FINANCIAL;-;-;-;-;-;-;-;-;-;564,7;-;-;-;-;-;-;-
D14V26C001375;BRBMEFC14469;FINANCIAL;-;-;-;-;-;-;-;-;-;447,61;-;-;-;-;-;-;-
D14V26C001400;BRBMEFC14477;FINANCIAL;-;-;-;-;-;-;-;-;-;352,37;-;-;-;-;-;-;-
D14V26C001425;BRBMEFC14485;FINANCIAL;-;-;-;-;-;-;-;-;-;275,86;-;-;-;-;-;-;-
D14V26C001450;BRBMEFC14493;FINANCIAL;-;-;-;-;-;-;-;-;-;215,54;-;-;-;-;-;-;-
D14V26C001475;BRBMEFC144A5;FINANCIAL;-;-;-;-;-;-;-;-;-;168,23;-;-;-;-;-;-;-
D14V26C001500;BRBMEFC144B3;FINANCIAL;-;-;-;-;-;-;-;-;-;131,61;-;-;-;-;-;-;-
D14V26C001525;BRBMEFC144C1;FINANCIAL;-;-;-;-;-;-;-;-;-;103,35;-;-;-;-;-;-;-
D14V26C001550;BRBMEFC144D9;FINANCIAL;-;-;-;-;-;-;-;-;-;81,62;-;-;-;-;-;-;-
D14V26C001575;BRBMEFC144E7;FINANCIAL;-;-;-;-;-;-;-;-;-;64,84;-;-;-;-;-;-;-
D14V26C001600;BRBMEFC144F4;FINANCIAL;-;-;-;-;-;-;-;-;-;52,51;-;-;-;-;-;-;-
D14V26P001250;BRBMEFV14410;FINANCIAL;-;-;-;-;-;-;-;-;-;63,3;-;-;-;-;-;-;-
D14V26P001275;BRBMEFV14428;FINANCIAL;-;-;-;-;-;-;-;-;-;99,22;-;-;-;-;-;-;-
D14V26P001300;BRBMEFV14436;FINANCIAL;-;-;-;-;-;-;-;-;-;149,12;-;-;-;-;-;-;-
D14V26P001325;BRBMEFV14444;FINANCIAL;-;-;-;-;-;-;-;-;-;218,26;-;-;-;-;-;-;-
D14V26P001350;BRBMEFV14451;FINANCIAL;-;-;-;-;-;-;-;-;-;307,89;-;-;-;-;-;-;-
D14V26P001375;BRBMEFV14469;FINANCIAL;-;-;-;-;-;-;-;-;-;418,98;-;-;-;-;-;-;-
D14V26P001400;BRBMEFV14477;FINANCIAL;-;-;-;-;-;-;-;-;-;550,8;-;-;-;-;-;-;-
D14V26P001425;BRBMEFV14485;FINANCIAL;-;-;-;-;-;-;-;-;-;700,25;-;-;-;-;-;-;-
D14V26P001450;BRBMEFV14493;FINANCIAL;-;-;-;-;-;-;-;-;-;864,78;-;-;-;-;-;-;-
D14V26P001475;BRBMEFV144A2;FINANCIAL;-;-;-;-;-;-;-;-;-;1041,21;-;-;-;-;-;-;-
D14V26P001500;BRBMEFV144B0;FINANCIAL;-;-;-;-;-;-;-;-;-;1227,25;-;-;-;-;-;-;-
D14V26P001525;BRBMEFV144C8;FINANCIAL;-;-;-;-;-;-;-;-;-;1420,56;-;-;-;-;-;-;-
D14V26P001550;BRBMEFV144D6;FINANCIAL;-;-;-;-;-;-;-;-;-;1619,33;-;-;-;-;-;-;-
D14V26P001575;BRBMEFV144E4;FINANCIAL;-;-;-;-;-;-;-;-;-;1821,99;-;-;-;-;-;-;-
D14V26P001600;BRBMEFV144F1;FINANCIAL;-;-;-;-;-;-;-;-;-;2028,03;-;-;-;-;-;-;-
D15V26C001250;BRBMEFCI56Y8;FINANCIAL;-;-;-;-;-;-;-;-;-;2189,57;-;-;-;-;-;-;-
D15V26C001275;BRBMEFCI56Z5;FINANCIAL;-;-;-;-;-;-;-;-;-;1843,94;-;-;-;-;-;-;-
D15V26C001300;BRBMEFCI5702;FINANCIAL;-;-;-;-;-;-;-;-;-;1519,22;-;-;-;-;-;-;-
D15V26C001325;BRBMEFCI5710;FINANCIAL;-;-;-;-;-;-;-;-;-;1222,31;-;-;-;-;-;-;-
D15V26C001350;BRBMEFCI5728;FINANCIAL;-;-;-;-;-;-;-;-;-;958,41;-;-;-;-;-;-;-
D15V26C001375;BRBMEFCI5736;FINANCIAL;-;-;-;-;-;-;-;-;-;732,75;-;-;-;-;-;-;-
D15V26C001400;BRBMEFCI5744;FINANCIAL;-;-;-;-;-;-;-;-;-;547,79;-;-;-;-;-;-;-
D15V26C001425;BRBMEFCI5751;FINANCIAL;-;-;-;-;-;-;-;-;-;401,89;-;-;-;-;-;-;-
D15V26C001450;BRBMEFCI5769;FINANCIAL;-;-;-;-;-;-;-;-;-;289,07;-;-;-;-;-;-;-
D15V26C001475;BRBMEFCI5777;FINANCIAL;-;-;-;-;-;-;-;-;-;204;-;-;-;-;-;-;-
D15V26C001500;BRBMEFCI5785;FINANCIAL;-;-;-;-;-;-;-;-;-;143,03;-;-;-;-;-;-;-
D15V26C001525;BRBMEFCI5793;FINANCIAL;-;-;-;-;-;-;-;-;-;99,38;-;-;-;-;-;-;-
D15V26C001550;BRBMEFCI57A6;FINANCIAL;-;-;-;-;-;-;-;-;-;68,52;-;-;-;-;-;-;-
D15V26C001575;BRBMEFCI57B4;FINANCIAL;-;-;-;-;-;-;-;-;-;49,47;-;-;-;-;-;-;-
D15V26C001600;BRBMEFCI57C2;FINANCIAL;-;-;-;-;-;-;-;-;-;36,14;-;-;-;-;-;-;-
D15V26P001250;BRBMEFVI56Y8;FINANCIAL;-;-;-;-;-;-;-;-;-;30,9;-;-;-;-;-;-;-
D15V26P001275;BRBMEFVI56Z5;FINANCIAL;-;-;-;-;-;-;-;-;-;56,37;-;-;-;-;-;-;-
D15V26P001300;BRBMEFVI5709;FINANCIAL;-;-;-;-;-;-;-;-;-;100,11;-;-;-;-;-;-;-
D15V26P001325;BRBMEFVI5717;FINANCIAL;-;-;-;-;-;-;-;-;-;169,05;-;-;-;-;-;-;-
D15V26P001350;BRBMEFVI5725;FINANCIAL;-;-;-;-;-;-;-;-;-;268,4;-;-;-;-;-;-;-
D15V26P001375;BRBMEFVI5733;FINANCIAL;-;-;-;-;-;-;-;-;-;403,41;-;-;-;-;-;-;-
D15V26P001400;BRBMEFVI5741;FINANCIAL;-;-;-;-;-;-;-;-;-;576,58;-;-;-;-;-;-;-
D15V26P001425;BRBMEFVI5758;FINANCIAL;-;-;-;-;-;-;-;-;-;786,28;-;-;-;-;-;-;-
D15V26P001450;BRBMEFVI5766;FINANCIAL;-;-;-;-;-;-;-;-;-;1026,56;-;-;-;-;-;-;-
D15V26P001475;BRBMEFVI5774;FINANCIAL;-;-;-;-;-;-;-;-;-;1292,12;-;-;-;-;-;-;-
D15V26P001500;BRBMEFVI5782;FINANCIAL;-;-;-;-;-;-;-;-;-;1579,31;-;-;-;-;-;-;-
D15V26P001525;BRBMEFVI5790;FINANCIAL;-;-;-;-;-;-;-;-;-;1881,39;-;-;-;-;-;-;-
D15V26P001550;BRBMEFVI57A6;FINANCIAL;-;-;-;-;-;-;-;-;-;2193,85;-;-;-;-;-;-;-
D15V26P001575;BRBMEFVI57B4;FINANCIAL;-;-;-;-;-;-;-;-;-;2515,74;-;-;-;-;-;-;-
D15V26P001600;BRBMEFVI57C2;FINANCIAL;-;-;-;-;-;-;-;-;-;2840,97;-;-;-;-;-;-;-
D17F27C001250;BRBMEFCI78O3;FINANCIAL;-;-;-;-;-;-;-;-;-;3853,94;-;-;-;-;-;-;-
D17F27C001275;BRBMEFCI78P0;FINANCIAL;-;-;-;-;-;-;-;-;-;3437,27;-;-;-;-;-;-;-
D17F27C001300;BRBMEFCI78Q8;FINANCIAL;-;-;-;-;-;-;-;-;-;3047,04;-;-;-;-;-;-;-
D17F27C001325;BRBMEFCI78R6;FINANCIAL;-;-;-;-;-;-;-;-;-;2687,69;-;-;-;-;-;-;-
D17F27C001350;BRBMEFCI78S4;FINANCIAL;-;-;-;-;-;-;-;-;-;2361,83;-;-;-;-;-;-;-
D17F27C001375;BRBMEFCI78T2;FINANCIAL;-;-;-;-;-;-;-;-;-;2065,14;-;-;-;-;-;-;-
D17F27C001400;BRBMEFCI78U0;FINANCIAL;-;-;-;-;-;-;-;-;-;1808,31;-;-;-;-;-;-;-
D17F27C001425;BRBMEFCI78V8;FINANCIAL;-;-;-;-;-;-;-;-;-;1579,94;-;-;-;-;-;-;-
D17F27C001450;BRBMEFCI78W6;FINANCIAL;-;-;-;-;-;-;-;-;-;1380,54;-;-;-;-;-;-;-
D17F27C001475;BRBMEFCI78X4;FINANCIAL;-;-;-;-;-;-;-;-;-;1210,82;-;-;-;-;-;-;-
D17F27C001500;BRBMEFCI78Y2;FINANCIAL;-;-;-;-;-;-;-;-;-;1063,5;-;-;-;-;-;-;-
D17F27C001525;BRBMEFCI78Z9;FINANCIAL;-;-;-;-;-;-;-;-;-;932,33;-;-;-;-;-;-;-
D17F27C001550;BRBMEFCI7906;FINANCIAL;-;-;-;-;-;-;-;-;-;811,79;-;-;-;-;-;-;-
D17F27C001575;BRBMEFCI7914;FINANCIAL;-;-;-;-;-;-;-;-;-;707,24;-;-;-;-;-;-;-
D17F27C001600;BRBMEFCI7922;FINANCIAL;-;-;-;-;-;-;-;-;-;616,33;-;-;-;-;-;-;-
D17F27P001250;BRBMEFVI78O3;FINANCIAL;-;-;-;-;-;-;-;-;-;350,89;-;-;-;-;-;-;-
D17F27P001275;BRBMEFVI78P0;FINANCIAL;-;-;-;-;-;-;-;-;-;455,22;-;-;-;-;-;-;-
D17F27P001300;BRBMEFVI78Q8;FINANCIAL;-;-;-;-;-;-;-;-;-;580,28;-;-;-;-;-;-;-
D17F27P001325;BRBMEFVI78R6;FINANCIAL;-;-;-;-;-;-;-;-;-;730,59;-;-;-;-;-;-;-
D17F27P001350;BRBMEFVI78S4;FINANCIAL;-;-;-;-;-;-;-;-;-;908,84;-;-;-;-;-;-;-
D17F27P001375;BRBMEFVI78T2;FINANCIAL;-;-;-;-;-;-;-;-;-;1110,76;-;-;-;-;-;-;-
D17F27P001400;BRBMEFVI78U0;FINANCIAL;-;-;-;-;-;-;-;-;-;1347,13;-;-;-;-;-;-;-
D17F27P001425;BRBMEFVI78V8;FINANCIAL;-;-;-;-;-;-;-;-;-;1606,62;-;-;-;-;-;-;-
D17F27P001450;BRBMEFVI78W6;FINANCIAL;-;-;-;-;-;-;-;-;-;1889,8;-;-;-;-;-;-;-
D17F27P001475;BRBMEFVI78X4;FINANCIAL;-;-;-;-;-;-;-;-;-;2197,45;-;-;-;-;-;-;-
D17F27P001500;BRBMEFVI78Y2;FINANCIAL;-;-;-;-;-;-;-;-;-;2522,37;-;-;-;-;-;-;-
D17F27P001525;BRBMEFVI78Z9;FINANCIAL;-;-;-;-;-;-;-;-;-;2858,35;-;-;-;-;-;-;-
D17F27P001550;BRBMEFVI7903;FINANCIAL;-;-;-;-;-;-;-;-;-;3199,97;-;-;-;-;-;-;-
D17F27P001575;BRBMEFVI7911;FINANCIAL;-;-;-;-;-;-;-;-;-;3552,63;-;-;-;-;-;-;-
D17F27P001600;BRBMEFVI7929;FINANCIAL;-;-;-;-;-;-;-;-;-;3914,05;-;-;-;-;-;-;-
D17V26C001250;BRBMEFCI7898;FINANCIAL;-;-;-;-;-;-;-;-;-;3710,57;-;-;-;-;-;-;-
D17V26C001275;BRBMEFCI78A2;FINANCIAL;-;-;-;-;-;-;-;-;-;3189,88;-;-;-;-;-;-;-
D17V26C001300;BRBMEFCI78B0;FINANCIAL;-;-;-;-;-;-;-;-;-;2696,02;-;-;-;-;-;-;-
D17V26C001325;BRBMEFCI78C8;FINANCIAL;-;-;-;-;-;-;-;-;-;2238,59;-;-;-;-;-;-;-
D17V26C001350;BRBMEFCI78D6;FINANCIAL;-;-;-;-;-;-;-;-;-;1821,65;-;-;-;-;-;-;-
D17V26C001375;BRBMEFCI78E4;FINANCIAL;-;-;-;-;-;-;-;-;-;1452,73;-;-;-;-;-;-;-
D17V26C001400;BRBMEFCI78F1;FINANCIAL;-;-;-;-;-;-;-;-;-;1135,07;-;-;-;-;-;-;-
D17V26C001425;BRBMEFCI78G9;FINANCIAL;-;-;-;-;-;-;-;-;-;870,74;-;-;-;-;-;-;-
D17V26C001450;BRBMEFCI78H7;FINANCIAL;-;-;-;-;-;-;-;-;-;657,53;-;-;-;-;-;-;-
D17V26C001475;BRBMEFCI78I5;FINANCIAL;-;-;-;-;-;-;-;-;-;487,08;-;-;-;-;-;-;-
D17V26C001500;BRBMEFCI78J3;FINANCIAL;-;-;-;-;-;-;-;-;-;353,23;-;-;-;-;-;-;-
D17V26C001525;BRBMEFCI78K1;FINANCIAL;-;-;-;-;-;-;-;-;-;253,59;-;-;-;-;-;-;-
D17V26C001550;BRBMEFCI78L9;FINANCIAL;-;-;-;-;-;-;-;-;-;180,23;-;-;-;-;-;-;-
D17V26C001575;BRBMEFCI78M7;FINANCIAL;-;-;-;-;-;-;-;-;-;126,66;-;-;-;-;-;-;-
D17V26C001600;BRBMEFCI78N5;FINANCIAL;-;-;-;-;-;-;-;-;-;90,59;-;-;-;-;-;-;-
D17V26P001250;BRBMEFVI7895;FINANCIAL;-;-;-;-;-;-;-;-;-;47,93;-;-;-;-;-;-;-
D17V26P001275;BRBMEFVI78A2;FINANCIAL;-;-;-;-;-;-;-;-;-;81,89;-;-;-;-;-;-;-
D17V26P001300;BRBMEFVI78B0;FINANCIAL;-;-;-;-;-;-;-;-;-;136,29;-;-;-;-;-;-;-
D17V26P001325;BRBMEFVI78C8;FINANCIAL;-;-;-;-;-;-;-;-;-;220,83;-;-;-;-;-;-;-
D17V26P001350;BRBMEFVI78D6;FINANCIAL;-;-;-;-;-;-;-;-;-;339,66;-;-;-;-;-;-;-
D17V26P001375;BRBMEFVI78E4;FINANCIAL;-;-;-;-;-;-;-;-;-;500,4;-;-;-;-;-;-;-
D17V26P001400;BRBMEFVI78F1;FINANCIAL;-;-;-;-;-;-;-;-;-;706,36;-;-;-;-;-;-;-
D17V26P001425;BRBMEFVI78G9;FINANCIAL;-;-;-;-;-;-;-;-;-;959,69;-;-;-;-;-;-;-
D17V26P001450;BRBMEFVI78H7;FINANCIAL;-;-;-;-;-;-;-;-;-;1258,28;-;-;-;-;-;-;-
D17V26P001475;BRBMEFVI78I5;FINANCIAL;-;-;-;-;-;-;-;-;-;1593,82;-;-;-;-;-;-;-
D17V26P001500;BRBMEFVI78J3;FINANCIAL;-;-;-;-;-;-;-;-;-;1960,26;-;-;-;-;-;-;-
D17V26P001525;BRBMEFVI78K1;FINANCIAL;-;-;-;-;-;-;-;-;-;2355,26;-;-;-;-;-;-;-
D17V26P001550;BRBMEFVI78L9;FINANCIAL;-;-;-;-;-;-;-;-;-;2770,98;-;-;-;-;-;-;-
D17V26P001575;BRBMEFVI78M7;FINANCIAL;-;-;-;-;-;-;-;-;-;3201,01;-;-;-;-;-;-;-
D17V26P001600;BRBMEFVI78N5;FINANCIAL;-;-;-;-;-;-;-;-;-;3643,11;-;-;-;-;-;-;-
IDIG27C557600;BRBMEFCIG946;FINANCIAL;-;-;-;-;-;-;-;-;-;304,94;-;-;-;-;-;-;-
IDIG27C557700;BRBMEFCIG953;FINANCIAL;-;-;-;-;-;-;-;-;-;301,57;-;-;-;-;-;-;-
IDIG27C557800;BRBMEFCIG961;FINANCIAL;-;-;-;-;-;-;-;-;-;298,66;-;-;-;-;-;-;-
IDIG27C557900;BRBMEFCIG979;FINANCIAL;-;-;-;-;-;-;-;-;-;295,55;-;-;-;-;-;-;-
IDIG27C558000;BRBMEFCIG987;FINANCIAL;-;-;-;-;-;-;-;-;-;292,79;-;-;-;-;-;-;-
IDIG27C558100;BRBMEFCIG995;FINANCIAL;-;-;-;-;-;-;-;-;-;290,57;-;-;-;-;-;-;-
IDIG27C558200;BRBMEFCIG9A2;FINANCIAL;-;-;-;-;-;-;-;-;-;288,49;-;-;-;-;-;-;-
IDIG27C558300;BRBMEFCIG9B0;FINANCIAL;-;-;-;-;-;-;-;-;-;286,41;-;-;-;-;-;-;-
IDIG27C558400;BRBMEFCIG9C8;FINANCIAL;-;-;-;-;-;-;-;-;-;284,21;-;-;-;-;-;-;-
IDIG27C558500;BRBMEFCIG9D6;FINANCIAL;-;-;-;-;-;-;-;-;-;281,65;-;-;-;-;-;-;-
IDIG27C558600;BRBMEFCIG9E4;FINANCIAL;-;-;-;-;-;-;-;-;-;278,84;-;-;-;-;-;-;-
IDIG27C558700;BRBMEFCIG9F1;FINANCIAL;-;-;-;-;-;-;-;-;-;275,88;-;-;-;-;-;-;-
IDIG27C558800;BRBMEFCIG9G9;FINANCIAL;-;-;-;-;-;-;-;-;-;272,57;-;-;-;-;-;-;-
IDIG27C558900;BRBMEFCIG9H7;FINANCIAL;-;-;-;-;-;-;-;-;-;269,12;-;-;-;-;-;-;-
IDIG27C559000;BRBMEFCIG9I5;FINANCIAL;-;-;-;-;-;-;-;-;-;265,42;-;-;-;-;-;-;-
IDIG27C559100;BRBMEFCIG9J3;FINANCIAL;-;-;-;-;-;-;-;-;-;261,77;-;-;-;-;-;-;-
IDIG27C559200;BRBMEFCIG9K1;FINANCIAL;-;-;-;-;-;-;-;-;-;258,07;-;-;-;-;-;-;-
IDIG27C559300;BRBMEFCIG9L9;FINANCIAL;-;-;-;-;-;-;-;-;-;254,5;-;-;-;-;-;-;-
IDIG27C559400;BRBMEFCIG9M7;FINANCIAL;-;-;-;-;-;-;-;-;-;250,96;-;-;-;-;-;-;-
IDIG27C559500;BRBMEFCIG9N5;FINANCIAL;-;-;-;-;-;-;-;-;-;247,44;-;-;-;-;-;-;-
IDIG27P557600;BRBMEFVIG946;FINANCIAL;-;-;-;-;-;-;-;-;-;1192,44;-;-;-;-;-;-;-
IDIG27P557700;BRBMEFVIG953;FINANCIAL;-;-;-;-;-;-;-;-;-;1282,91;-;-;-;-;-;-;-
IDIG27P557800;BRBMEFVIG961;FINANCIAL;-;-;-;-;-;-;-;-;-;1373,84;-;-;-;-;-;-;-
IDIG27P557900;BRBMEFVIG979;FINANCIAL;-;-;-;-;-;-;-;-;-;1464,56;-;-;-;-;-;-;-
IDIG27P558000;BRBMEFVIG987;FINANCIAL;-;-;-;-;-;-;-;-;-;1555,64;-;-;-;-;-;-;-
IDIG27P558100;BRBMEFVIG995;FINANCIAL;-;-;-;-;-;-;-;-;-;1647,26;-;-;-;-;-;-;-
IDIG27P558200;BRBMEFVIG9A9;FINANCIAL;-;-;-;-;-;-;-;-;-;1739,02;-;-;-;-;-;-;-
IDIG27P558300;BRBMEFVIG9B7;FINANCIAL;-;-;-;-;-;-;-;-;-;1830,79;-;-;-;-;-;-;-
IDIG27P558400;BRBMEFVIG9C5;FINANCIAL;-;-;-;-;-;-;-;-;-;1922,42;-;-;-;-;-;-;-
IDIG27P558500;BRBMEFVIG9D3;FINANCIAL;-;-;-;-;-;-;-;-;-;2013,7;-;-;-;-;-;-;-
IDIG27P558600;BRBMEFVIG9E1;FINANCIAL;-;-;-;-;-;-;-;-;-;2104,73;-;-;-;-;-;-;-
IDIG27P558700;BRBMEFVIG9F8;FINANCIAL;-;-;-;-;-;-;-;-;-;2195,61;-;-;-;-;-;-;-
IDIG27P558800;BRBMEFVIG9G6;FINANCIAL;-;-;-;-;-;-;-;-;-;2286,14;-;-;-;-;-;-;-
IDIG27P558900;BRBMEFVIG9H4;FINANCIAL;-;-;-;-;-;-;-;-;-;2376,53;-;-;-;-;-;-;-
IDIG27P559000;BRBMEFVIG9I2;FINANCIAL;-;-;-;-;-;-;-;-;-;2466,67;-;-;-;-;-;-;-
IDIG27P559100;BRBMEFVIG9J0;FINANCIAL;-;-;-;-;-;-;-;-;-;2556,86;-;-;-;-;-;-;-
IDIG27P559200;BRBMEFVIG9K8;FINANCIAL;-;-;-;-;-;-;-;-;-;2646,99;-;-;-;-;-;-;-
IDIG27P559300;BRBMEFVIG9L6;FINANCIAL;-;-;-;-;-;-;-;-;-;2737,26;-;-;-;-;-;-;-
IDIG27P559400;BRBMEFVIG9M4;FINANCIAL;-;-;-;-;-;-;-;-;-;2827,56;-;-;-;-;-;-;-
IDIG27P559500;BRBMEFVIG9N2;FINANCIAL;-;-;-;-;-;-;-;-;-;2917,89;-;-;-;-;-;-;-
IDIH27C563100;BRBMEFCIH8T3;FINANCIAL;-;-;-;-;-;-;-;-;-;490,85;-;-;-;-;-;-;-
IDIH27C563200;BRBMEFCIH8U1;FINANCIAL;-;-;-;-;-;-;-;-;-;489,12;-;-;-;-;-;-;-
IDIH27C563300;BRBMEFCIH8V9;FINANCIAL;-;-;-;-;-;-;-;-;-;487,53;-;-;-;-;-;-;-
IDIH27C563400;BRBMEFCIH8W7;FINANCIAL;-;-;-;-;-;-;-;-;-;486,19;-;-;-;-;-;-;-
IDIH27C563500;BRBMEFCIH8X5;FINANCIAL;-;-;-;-;-;-;-;-;-;484,66;-;-;-;-;-;-;-
IDIH27C563600;BRBMEFCIH8Y3;FINANCIAL;-;-;-;-;-;-;-;-;-;483,06;-;-;-;-;-;-;-
IDIH27C563700;BRBMEFCIH8Z0;FINANCIAL;-;-;-;-;-;-;-;-;-;481,64;-;-;-;-;-;-;-
IDIH27C563800;BRBMEFCIH902;FINANCIAL;-;-;-;-;-;-;-;-;-;480,63;-;-;-;-;-;-;-
IDIH27C563900;BRBMEFCIH910;FINANCIAL;-;-;-;-;-;-;-;-;-;479,63;-;-;-;-;-;-;-
IDIH27C564000;BRBMEFCIH928;FINANCIAL;-;-;-;-;-;-;-;-;-;478,74;-;-;-;-;-;-;-
IDIH27C564100;BRBMEFCIH936;FINANCIAL;-;-;-;-;-;-;-;-;-;477,71;-;-;-;-;-;-;-
IDIH27C564200;BRBMEFCIH944;FINANCIAL;-;-;-;-;-;-;-;-;-;476,77;-;-;-;-;-;-;-
IDIH27C564300;BRBMEFCIH951;FINANCIAL;-;-;-;-;-;-;-;-;-;476,15;-;-;-;-;-;-;-
IDIH27C564400;BRBMEFCIH969;FINANCIAL;-;-;-;-;-;-;-;-;-;475,36;-;-;-;-;-;-;-
IDIH27C564500;BRBMEFCIH977;FINANCIAL;-;-;-;-;-;-;-;-;-;474,14;-;-;-;-;-;-;-
IDIH27C564600;BRBMEFCIH985;FINANCIAL;-;-;-;-;-;-;-;-;-;472,86;-;-;-;-;-;-;-
IDIH27C564700;BRBMEFCIH993;FINANCIAL;-;-;-;-;-;-;-;-;-;471,4;-;-;-;-;-;-;-
IDIH27C564800;BRBMEFCIH9A1;FINANCIAL;-;-;-;-;-;-;-;-;-;469,75;-;-;-;-;-;-;-
IDIH27C564900;BRBMEFCIH9B9;FINANCIAL;-;-;-;-;-;-;-;-;-;467,92;-;-;-;-;-;-;-
IDIH27C565000;BRBMEFCIH9C7;FINANCIAL;-;-;-;-;-;-;-;-;-;466,01;-;-;-;-;-;-;-
IDIH27P563100;BRBMEFVIH8T0;FINANCIAL;-;-;-;-;-;-;-;-;-;1666,28;-;-;-;-;-;-;-
IDIH27P563200;BRBMEFVIH8U8;FINANCIAL;-;-;-;-;-;-;-;-;-;1757,52;-;-;-;-;-;-;-
IDIH27P563300;BRBMEFVIH8V6;FINANCIAL;-;-;-;-;-;-;-;-;-;1848,9;-;-;-;-;-;-;-
IDIH27P563400;BRBMEFVIH8W4;FINANCIAL;-;-;-;-;-;-;-;-;-;1940,53;-;-;-;-;-;-;-
IDIH27P563500;BRBMEFVIH8X2;FINANCIAL;-;-;-;-;-;-;-;-;-;2031,97;-;-;-;-;-;-;-
IDIH27P563600;BRBMEFVIH8Y0;FINANCIAL;-;-;-;-;-;-;-;-;-;2123,35;-;-;-;-;-;-;-
IDIH27P563700;BRBMEFVIH8Z7;FINANCIAL;-;-;-;-;-;-;-;-;-;2214,9;-;-;-;-;-;-;-
IDIH27P563800;BRBMEFVIH902;FINANCIAL;-;-;-;-;-;-;-;-;-;2306,87;-;-;-;-;-;-;-
IDIH27P563900;BRBMEFVIH910;FINANCIAL;-;-;-;-;-;-;-;-;-;2398,84;-;-;-;-;-;-;-
IDIH27P564000;BRBMEFVIH928;FINANCIAL;-;-;-;-;-;-;-;-;-;2490,93;-;-;-;-;-;-;-
IDIH27P564100;BRBMEFVIH936;FINANCIAL;-;-;-;-;-;-;-;-;-;2582,87;-;-;-;-;-;-;-
IDIH27P564200;BRBMEFVIH944;FINANCIAL;-;-;-;-;-;-;-;-;-;2674,9;-;-;-;-;-;-;-
IDIH27P564300;BRBMEFVIH951;FINANCIAL;-;-;-;-;-;-;-;-;-;2767,26;-;-;-;-;-;-;-
IDIH27P564400;BRBMEFVIH969;FINANCIAL;-;-;-;-;-;-;-;-;-;2859,44;-;-;-;-;-;-;-
IDIH27P564500;BRBMEFVIH977;FINANCIAL;-;-;-;-;-;-;-;-;-;2951,19;-;-;-;-;-;-;-
IDIH27P564600;BRBMEFVIH985;FINANCIAL;-;-;-;-;-;-;-;-;-;3042,89;-;-;-;-;-;-;-
IDIH27P564700;BRBMEFVIH993;FINANCIAL;-;-;-;-;-;-;-;-;-;3134,4;-;-;-;-;-;-;-
IDIH27P564800;BRBMEFVIH9A8;FINANCIAL;-;-;-;-;-;-;-;-;-;3225,73;-;-;-;-;-;-;-
IDIH27P564900;BRBMEFVIH9B6;FINANCIAL;-;-;-;-;-;-;-;-;-;3316,87;-;-;-;-;-;-;-
IDIH27P565000;BRBMEFVIH9C4;FINANCIAL;-;-;-;-;-;-;-;-;-;3407,94;-;-;-;-;-;-;-
IDIJ27C575100;BRBMEFCIJV36;FINANCIAL;-;-;-;-;-;-;-;-;-;601,51;-;-;-;-;-;-;-
IDIJ27C575200;BRBMEFCIJV44;FINANCIAL;-;-;-;-;-;-;-;-;-;597,56;-;-;-;-;-;-;-
IDIJ27C575300;BRBMEFCIJV51;FINANCIAL;-;-;-;-;-;-;-;-;-;593,59;-;-;-;-;-;-;-
IDIJ27C575400;BRBMEFCIJV69;FINANCIAL;-;-;-;-;-;-;-;-;-;589,61;-;-;-;-;-;-;-
IDIJ27C575500;BRBMEFCIJV77;FINANCIAL;-;-;-;-;-;-;-;-;-;585,6;-;-;-;-;-;-;-
IDIJ27C575600;BRBMEFCIJV85;FINANCIAL;-;-;-;-;-;-;-;-;-;581,58;-;-;-;-;-;-;-
IDIJ27C575700;BRBMEFCIJV93;FINANCIAL;-;-;-;-;-;-;-;-;-;577,54;-;-;-;-;-;-;-
IDIJ27C575800;BRBMEFCIJVA1;FINANCIAL;-;-;-;-;-;-;-;-;-;573,48;-;-;-;-;-;-;-
IDIJ27C575900;BRBMEFCIJVB9;FINANCIAL;-;-;-;-;-;-;-;-;-;569,41;-;-;-;-;-;-;-
IDIJ27C576000;BRBMEFCIJVC7;FINANCIAL;-;-;-;-;-;-;-;-;-;565,21;-;-;-;-;-;-;-
IDIJ27C576100;BRBMEFCIJVD5;FINANCIAL;-;-;-;-;-;-;-;-;-;560,99;-;-;-;-;-;-;-
IDIJ27C576200;BRBMEFCIJVE3;FINANCIAL;-;-;-;-;-;-;-;-;-;556,76;-;-;-;-;-;-;-
IDIJ27C576300;BRBMEFCIJVF0;FINANCIAL;-;-;-;-;-;-;-;-;-;552,61;-;-;-;-;-;-;-
IDIJ27C576400;BRBMEFCIJVG8;FINANCIAL;-;-;-;-;-;-;-;-;-;548,34;-;-;-;-;-;-;-
IDIJ27C576500;BRBMEFCIJVH6;FINANCIAL;-;-;-;-;-;-;-;-;-;544,16;-;-;-;-;-;-;-
IDIJ27C576600;BRBMEFCIJVI4;FINANCIAL;-;-;-;-;-;-;-;-;-;539,85;-;-;-;-;-;-;-
IDIJ27C576700;BRBMEFCIJVJ2;FINANCIAL;-;-;-;-;-;-;-;-;-;535,63;-;-;-;-;-;-;-
IDIJ27C576800;BRBMEFCIJVK0;FINANCIAL;-;-;-;-;-;-;-;-;-;531,39;-;-;-;-;-;-;-
IDIJ27C576900;BRBMEFCIJVL8;FINANCIAL;-;-;-;-;-;-;-;-;-;527,13;-;-;-;-;-;-;-
IDIJ27C577000;BRBMEFCIJVM6;FINANCIAL;-;-;-;-;-;-;-;-;-;522,77;-;-;-;-;-;-;-
IDIJ27P575100;BRBMEFVIJV33;FINANCIAL;-;-;-;-;-;-;-;-;-;6935,55;-;-;-;-;-;-;-
IDIJ27P575200;BRBMEFVIJV41;FINANCIAL;-;-;-;-;-;-;-;-;-;7023,53;-;-;-;-;-;-;-
IDIJ27P575300;BRBMEFVIJV58;FINANCIAL;-;-;-;-;-;-;-;-;-;7111,49;-;-;-;-;-;-;-
IDIJ27P575400;BRBMEFVIJV66;FINANCIAL;-;-;-;-;-;-;-;-;-;7199,44;-;-;-;-;-;-;-
IDIJ27P575500;BRBMEFVIJV74;FINANCIAL;-;-;-;-;-;-;-;-;-;7287,37;-;-;-;-;-;-;-
IDIJ27P575600;BRBMEFVIJV82;FINANCIAL;-;-;-;-;-;-;-;-;-;7375,28;-;-;-;-;-;-;-
IDIJ27P575700;BRBMEFVIJV90;FINANCIAL;-;-;-;-;-;-;-;-;-;7463,17;-;-;-;-;-;-;-
IDIJ27P575800;BRBMEFVIJVA1;FINANCIAL;-;-;-;-;-;-;-;-;-;7551,04;-;-;-;-;-;-;-
IDIJ27P575900;BRBMEFVIJVB9;FINANCIAL;-;-;-;-;-;-;-;-;-;7638,89;-;-;-;-;-;-;-
IDIJ27P576000;BRBMEFVIJVC7;FINANCIAL;-;-;-;-;-;-;-;-;-;7726,63;-;-;-;-;-;-;-
IDIJ27P576100;BRBMEFVIJVD5;FINANCIAL;-;-;-;-;-;-;-;-;-;7814,34;-;-;-;-;-;-;-
IDIJ27P576200;BRBMEFVIJVE3;FINANCIAL;-;-;-;-;-;-;-;-;-;7902,04;-;-;-;-;-;-;-
IDIJ27P576300;BRBMEFVIJVF0;FINANCIAL;-;-;-;-;-;-;-;-;-;7989,82;-;-;-;-;-;-;-
IDIJ27P576400;BRBMEFVIJVG8;FINANCIAL;-;-;-;-;-;-;-;-;-;8077,48;-;-;-;-;-;-;-
IDIJ27P576500;BRBMEFVIJVH6;FINANCIAL;-;-;-;-;-;-;-;-;-;8165,23;-;-;-;-;-;-;-
IDIJ27P576600;BRBMEFVIJVI4;FINANCIAL;-;-;-;-;-;-;-;-;-;8252,86;-;-;-;-;-;-;-
IDIJ27P576700;BRBMEFVIJVJ2;FINANCIAL;-;-;-;-;-;-;-;-;-;8340,56;-;-;-;-;-;-;-
IDIJ27P576800;BRBMEFVIJVK0;FINANCIAL;-;-;-;-;-;-;-;-;-;8428,25;-;-;-;-;-;-;-
IDIJ27P576900;BRBMEFVIJVL8;FINANCIAL;-;-;-;-;-;-;-;-;-;8515,93;-;-;-;-;-;-;-
IDIJ27P577000;BRBMEFVIJVM6;FINANCIAL;-;-;-;-;-;-;-;-;-;8603,49;-;-;-;-;-;-;-
IDIQ26C523300;BRBMEFCIQ8I5;FINANCIAL;-;-;-;-;-;-;-;-;-;0,01;-;-;-;-;-;-;-
IDIQ26C523400;BRBMEFCIQ8J3;FINANCIAL;-;-;-;-;-;-;-;-;-;0,01;-;-;-;-;-;-;-
IDIQ26C523500;BRBMEFCIQ8K1;FINANCIAL;-;-;-;-;-;-;-;-;-;0,01;-;-;-;-;-;-;-
IDIQ26C523600;BRBMEFCIQ8L9;FINANCIAL;-;-;-;-;-;-;-;-;-;0,01;-;-;-;-;-;-;-
IDIQ26C523700;BRBMEFCIQ8M7;FINANCIAL;-;-;-;-;-;-;-;-;-;0,01;-;-;-;-;-;-;-
IDIQ26C523800;BRBMEFCIQ8N5;FINANCIAL;-;-;-;-;-;-;-;-;-;0,01;-;-;-;-;-;-;-
IDIQ26C523900;BRBMEFCIQ8O3;FINANCIAL;-;-;-;-;-;-;-;-;-;0,01;-;-;-;-;-;-;-
IDIQ26C524000;BRBMEFCIQ8P0;FINANCIAL;-;-;-;-;-;-;-;-;-;0,01;-;-;-;-;-;-;-
IDIK27C575300;BRBMEFCIK8Y8;FINANCIAL;-;-;-;-;-;-;-;-;-;962,77;-;-;-;-;-;-;-
IDIK27C575400;BRBMEFCIK8Z5;FINANCIAL;-;-;-;-;-;-;-;-;-;955,04;-;-;-;-;-;-;-
IDIK27C575500;BRBMEFCIK906;FINANCIAL;-;-;-;-;-;-;-;-;-;947,69;-;-;-;-;-;-;-
IDIK27C575600;BRBMEFCIK914;FINANCIAL;-;-;-;-;-;-;-;-;-;940,71;-;-;-;-;-;-;-
IDIK27C575700;BRBMEFCIK922;FINANCIAL;-;-;-;-;-;-;-;-;-;934,38;-;-;-;-;-;-;-
IDIK27C575800;BRBMEFCIK930;FINANCIAL;-;-;-;-;-;-;-;-;-;928,52;-;-;-;-;-;-;-
IDIK27C575900;BRBMEFCIK948;FINANCIAL;-;-;-;-;-;-;-;-;-;923,09;-;-;-;-;-;-;-
IDIK27C576000;BRBMEFCIK955;FINANCIAL;-;-;-;-;-;-;-;-;-;917,9;-;-;-;-;-;-;-
IDIK27C576100;BRBMEFCIK963;FINANCIAL;-;-;-;-;-;-;-;-;-;912,77;-;-;-;-;-;-;-
IDIK27C576200;BRBMEFCIK971;FINANCIAL;-;-;-;-;-;-;-;-;-;907,83;-;-;-;-;-;-;-
IDIK27C576300;BRBMEFCIK989;FINANCIAL;-;-;-;-;-;-;-;-;-;903,08;-;-;-;-;-;-;-
IDIK27C576400;BRBMEFCIK997;FINANCIAL;-;-;-;-;-;-;-;-;-;898,82;-;-;-;-;-;-;-
IDIK27C576500;BRBMEFCIK9A6;FINANCIAL;-;-;-;-;-;-;-;-;-;895,02;-;-;-;-;-;-;-
IDIK27C576600;BRBMEFCIK9B4;FINANCIAL;-;-;-;-;-;-;-;-;-;891,52;-;-;-;-;-;-;-
IDIK27C576700;BRBMEFCIK9C2;FINANCIAL;-;-;-;-;-;-;-;-;-;888,28;-;-;-;-;-;-;-
IDIK27C576800;BRBMEFCIK9D0;FINANCIAL;-;-;-;-;-;-;-;-;-;885,31;-;-;-;-;-;-;-
IDIK27C576900;BRBMEFCIK9E8;FINANCIAL;-;-;-;-;-;-;-;-;-;882,58;-;-;-;-;-;-;-
IDIK27C577000;BRBMEFCIK9F5;FINANCIAL;-;-;-;-;-;-;-;-;-;880,09;-;-;-;-;-;-;-
IDIK27C577100;BRBMEFCIK9G3;FINANCIAL;-;-;-;-;-;-;-;-;-;877,5;-;-;-;-;-;-;-
IDIK27C577200;BRBMEFCIK9H1;FINANCIAL;-;-;-;-;-;-;-;-;-;875,13;-;-;-;-;-;-;-
IDIK27C577300;BRBMEFCIK9I9;FINANCIAL;-;-;-;-;-;-;-;-;-;872,65;-;-;-;-;-;-;-
IDIK27P574300;BRBMEFVIK8N8;FINANCIAL;-;-;-;-;-;-;-;-;-;1079,41;-;-;-;-;-;-;-
IDIK27P574400;BRBMEFVIK8O6;FINANCIAL;-;-;-;-;-;-;-;-;-;1144,76;-;-;-;-;-;-;-
IDIK27P574500;BRBMEFVIK8P3;FINANCIAL;-;-;-;-;-;-;-;-;-;1210,9;-;-;-;-;-;-;-
IDIK27P574600;BRBMEFVIK8Q1;FINANCIAL;-;-;-;-;-;-;-;-;-;1278,49;-;-;-;-;-;-;-
IDIK27P574700;BRBMEFVIK8R9;FINANCIAL;-;-;-;-;-;-;-;-;-;1346,95;-;-;-;-;-;-;-
IDIK27P574800;BRBMEFVIK8S7;FINANCIAL;-;-;-;-;-;-;-;-;-;1419,41;-;-;-;-;-;-;-
IDIK27P574900;BRBMEFVIK8T5;FINANCIAL;-;-;-;-;-;-;-;-;-;1496,83;-;-;-;-;-;-;-
IDIK27P575000;BRBMEFVIK8U3;FINANCIAL;-;-;-;-;-;-;-;-;-;1576,83;-;-;-;-;-;-;-
IDIK27P575100;BRBMEFVIK8V1;FINANCIAL;-;-;-;-;-;-;-;-;-;1657,93;-;-;-;-;-;-;-
IDIK27P575200;BRBMEFVIK8W9;FINANCIAL;-;-;-;-;-;-;-;-;-;1740,42;-;-;-;-;-;-;-
IDIK27P575300;BRBMEFVIK8X7;FINANCIAL;-;-;-;-;-;-;-;-;-;1823,56;-;-;-;-;-;-;-
IDIK27P575400;BRBMEFVIK8Y5;FINANCIAL;-;-;-;-;-;-;-;-;-;1906,77;-;-;-;-;-;-;-
IDIK27P575500;BRBMEFVIK8Z2;FINANCIAL;-;-;-;-;-;-;-;-;-;1990,38;-;-;-;-;-;-;-
IDIK27P575600;BRBMEFVIK906;FINANCIAL;-;-;-;-;-;-;-;-;-;2074,34;-;-;-;-;-;-;-
IDIK27P575700;BRBMEFVIK914;FINANCIAL;-;-;-;-;-;-;-;-;-;2158,96;-;-;-;-;-;-;-
IDIK27P575800;BRBMEFVIK922;FINANCIAL;-;-;-;-;-;-;-;-;-;2244,05;-;-;-;-;-;-;-
IDIK27P575900;BRBMEFVIK930;FINANCIAL;-;-;-;-;-;-;-;-;-;2329,57;-;-;-;-;-;-;-
IDIK27P576000;BRBMEFVIK948;FINANCIAL;-;-;-;-;-;-;-;-;-;2415,33;-;-;-;-;-;-;-
IDIK27P576100;BRBMEFVIK955;FINANCIAL;-;-;-;-;-;-;-;-;-;2501,14;-;-;-;-;-;-;-
IDIK27P576200;BRBMEFVIK963;FINANCIAL;-;-;-;-;-;-;-;-;-;2587,15;-;-;-;-;-;-;-
IDIK27P576300;BRBMEFVIK971;FINANCIAL;-;-;-;-;-;-;-;-;-;2673,34;-;-;-;-;-;-;-
IDIK27P576400;BRBMEFVIK989;FINANCIAL;-;-;-;-;-;-;-;-;-;2760,03;-;-;-;-;-;-;-
IDIK27P576500;BRBMEFVIK997;FINANCIAL;-;-;-;-;-;-;-;-;-;2847,18;-;-;-;-;-;-;-
IDIK27P576600;BRBMEFVIK9A3;FINANCIAL;-;-;-;-;-;-;-;-;-;2934,62;-;-;-;-;-;-;-
IDIK27P576700;BRBMEFVIK9B1;FINANCIAL;-;-;-;-;-;-;-;-;-;3022,34;-;-;-;-;-;-;-
IDIK27P576800;BRBMEFVIK9C9;FINANCIAL;-;-;-;-;-;-;-;-;-;3110,31;-;-;-;-;-;-;-
IDIK27P576900;BRBMEFVIK9D7;FINANCIAL;-;-;-;-;-;-;-;-;-;3198,53;-;-;-;-;-;-;-
IDIK27P577000;BRBMEFVIK9E5;FINANCIAL;-;-;-;-;-;-;-;-;-;3286,98;-;-;-;-;-;-;-
IDIK27P577100;BRBMEFVIK9F2;FINANCIAL;-;-;-;-;-;-;-;-;-;3375,34;-;-;-;-;-;-;-
IDIK27P577200;BRBMEFVIK9G0;FINANCIAL;-;-;-;-;-;-;-;-;-;3463,92;-;-;-;-;-;-;-
IDIK27P577300;BRBMEFVIK9H8;FINANCIAL;-;-;-;-;-;-;-;-;-;3552,39;-;-;-;-;-;-;-
IDIV27C607000;BRBMEFCIVY52;FINANCIAL;-;-;-;-;-;-;-;-;-;2659,87;-;-;-;-;-;-;-
IDIV27C607100;BRBMEFCIVY60;FINANCIAL;-;-;-;-;-;-;-;-;-;2628,96;-;-;-;-;-;-;-
IDIV27C607200;BRBMEFCIVY78;FINANCIAL;-;-;-;-;-;-;-;-;-;2598,47;-;-;-;-;-;-;-
IDIV27C607300;BRBMEFCIVY86;FINANCIAL;-;-;-;-;-;-;-;-;-;2568,84;-;-;-;-;-;-;-
IDIV27C607400;BRBMEFCIVY94;FINANCIAL;-;-;-;-;-;-;-;-;-;2539,85;-;-;-;-;-;-;-
IDIV27C607500;BRBMEFCIVYA0;FINANCIAL;-;-;-;-;-;-;-;-;-;2511,25;-;-;-;-;-;-;-
IDIV27C607600;BRBMEFCIVYB8;FINANCIAL;-;-;-;-;-;-;-;-;-;2483,27;-;-;-;-;-;-;-
IDIV27C607700;BRBMEFCIVYC6;FINANCIAL;-;-;-;-;-;-;-;-;-;2455,91;-;-;-;-;-;-;-
IDIV27C607800;BRBMEFCIVYD4;FINANCIAL;-;-;-;-;-;-;-;-;-;2429,6;-;-;-;-;-;-;-
IDIV27C607900;BRBMEFCIVYE2;FINANCIAL;-;-;-;-;-;-;-;-;-;2404,55;-;-;-;-;-;-;-
IDIV27C608000;BRBMEFCIVYF9;FINANCIAL;-;-;-;-;-;-;-;-;-;2380,54;-;-;-;-;-;-;-
IDIV27C608100;BRBMEFCIVYG7;FINANCIAL;-;-;-;-;-;-;-;-;-;2357,78;-;-;-;-;-;-;-
IDIV27C608200;BRBMEFCIVYH5;FINANCIAL;-;-;-;-;-;-;-;-;-;2335,81;-;-;-;-;-;-;-
IDIV27C608300;BRBMEFCIVYI3;FINANCIAL;-;-;-;-;-;-;-;-;-;2314,63;-;-;-;-;-;-;-
IDIV27C608400;BRBMEFCIVYJ1;FINANCIAL;-;-;-;-;-;-;-;-;-;2294,01;-;-;-;-;-;-;-
IDIV27C608500;BRBMEFCIVYK9;FINANCIAL;-;-;-;-;-;-;-;-;-;2273,93;-;-;-;-;-;-;-
IDIV27C608600;BRBMEFCIVYL7;FINANCIAL;-;-;-;-;-;-;-;-;-;2254,83;-;-;-;-;-;-;-
IDIV27C608700;BRBMEFCIVYM5;FINANCIAL;-;-;-;-;-;-;-;-;-;2236,27;-;-;-;-;-;-;-
IDIV27C608800;BRBMEFCIVYN3;FINANCIAL;-;-;-;-;-;-;-;-;-;2218,45;-;-;-;-;-;-;-
IDIV27C608900;BRBMEFCIVYO1;FINANCIAL;-;-;-;-;-;-;-;-;-;2201,15;-;-;-;-;-;-;-
IDIV27C609000;BRBMEFCIVYP8;FINANCIAL;-;-;-;-;-;-;-;-;-;2183,92;-;-;-;-;-;-;-
IDIV27C609100;BRBMEFCIVYQ6;FINANCIAL;-;-;-;-;-;-;-;-;-;2166,97;-;-;-;-;-;-;-
IDIV27C609200;BRBMEFCIVYR4;FINANCIAL;-;-;-;-;-;-;-;-;-;2150,09;-;-;-;-;-;-;-
IDIV27C609300;BRBMEFCIVYS2;FINANCIAL;-;-;-;-;-;-;-;-;-;2133,71;-;-;-;-;-;-;-
IDIV27C609400;BRBMEFCIVYT0;FINANCIAL;-;-;-;-;-;-;-;-;-;2117,37;-;-;-;-;-;-;-
IDIV27C609500;BRBMEFCIVYU8;FINANCIAL;-;-;-;-;-;-;-;-;-;2101,3;-;-;-;-;-;-;-
IDIV27C609600;BRBMEFCIVYV6;FINANCIAL;-;-;-;-;-;-;-;-;-;2085,49;-;-;-;-;-;-;-
IDIV27C609700;BRBMEFCIVYW4;FINANCIAL;-;-;-;-;-;-;-;-;-;2069,94;-;-;-;-;-;-;-
IDIV27C609800;BRBMEFCIVYX2;FINANCIAL;-;-;-;-;-;-;-;-;-;2054,85;-;-;-;-;-;-;-
IDIV27C609900;BRBMEFCIVYY0;FINANCIAL;-;-;-;-;-;-;-;-;-;2040,01;-;-;-;-;-;-;-
IDIV27C610000;BRBMEFCIVYZ7;FINANCIAL;-;-;-;-;-;-;-;-;-;2025,4;-;-;-;-;-;-;-
IDIV27P607000;BRBMEFVIVY59;FINANCIAL;-;-;-;-;-;-;-;-;-;2848,45;-;-;-;-;-;-;-
IDIV27P607100;BRBMEFVIVY67;FINANCIAL;-;-;-;-;-;-;-;-;-;2903,64;-;-;-;-;-;-;-
IDIV27P607200;BRBMEFVIVY75;FINANCIAL;-;-;-;-;-;-;-;-;-;2959,23;-;-;-;-;-;-;-
IDIV27P607300;BRBMEFVIVY83;FINANCIAL;-;-;-;-;-;-;-;-;-;3015,69;-;-;-;-;-;-;-
IDIV27P607400;BRBMEFVIVY91;FINANCIAL;-;-;-;-;-;-;-;-;-;3072,78;-;-;-;-;-;-;-
IDIV27P607500;BRBMEFVIVYA0;FINANCIAL;-;-;-;-;-;-;-;-;-;3130,28;-;-;-;-;-;-;-
IDIV27P607600;BRBMEFVIVYB8;FINANCIAL;-;-;-;-;-;-;-;-;-;3188,39;-;-;-;-;-;-;-
IDIV27P607700;BRBMEFVIVYC6;FINANCIAL;-;-;-;-;-;-;-;-;-;3247,11;-;-;-;-;-;-;-
IDIV27P607800;BRBMEFVIVYD4;FINANCIAL;-;-;-;-;-;-;-;-;-;3306,88;-;-;-;-;-;-;-
IDIV27P607900;BRBMEFVIVYE2;FINANCIAL;-;-;-;-;-;-;-;-;-;3367,93;-;-;-;-;-;-;-
IDIV27P608000;BRBMEFVIVYF9;FINANCIAL;-;-;-;-;-;-;-;-;-;3430;-;-;-;-;-;-;-
IDIV27P608100;BRBMEFVIVYG7;FINANCIAL;-;-;-;-;-;-;-;-;-;3493,33;-;-;-;-;-;-;-
IDIV27P608200;BRBMEFVIVYH5;FINANCIAL;-;-;-;-;-;-;-;-;-;3557,45;-;-;-;-;-;-;-
IDIV27P608300;BRBMEFVIVYI3;FINANCIAL;-;-;-;-;-;-;-;-;-;3622,35;-;-;-;-;-;-;-
IDIV27P608400;BRBMEFVIVYJ1;FINANCIAL;-;-;-;-;-;-;-;-;-;3687,81;-;-;-;-;-;-;-
IDIV27P608500;BRBMEFVIVYK9;FINANCIAL;-;-;-;-;-;-;-;-;-;3753,82;-;-;-;-;-;-;-
IDIV27P608600;BRBMEFVIVYL7;FINANCIAL;-;-;-;-;-;-;-;-;-;3820,81;-;-;-;-;-;-;-
IDIV27P608700;BRBMEFVIVYM5;FINANCIAL;-;-;-;-;-;-;-;-;-;3888,34;-;-;-;-;-;-;-
IDIV27P608800;BRBMEFVIVYN3;FINANCIAL;-;-;-;-;-;-;-;-;-;3956,61;-;-;-;-;-;-;-
IDIV27P608900;BRBMEFVIVYO1;FINANCIAL;-;-;-;-;-;-;-;-;-;4025,39;-;-;-;-;-;-;-
IDIV27P609000;BRBMEFVIVYP8;FINANCIAL;-;-;-;-;-;-;-;-;-;4094,25;-;-;-;-;-;-;-
IDIV27P609100;BRBMEFVIVYQ6;FINANCIAL;-;-;-;-;-;-;-;-;-;4163,39;-;-;-;-;-;-;-
IDIV27P609200;BRBMEFVIVYR4;FINANCIAL;-;-;-;-;-;-;-;-;-;4232,6;-;-;-;-;-;-;-
IDIV27P609300;BRBMEFVIVYS2;FINANCIAL;-;-;-;-;-;-;-;-;-;4302,3;-;-;-;-;-;-;-
IDIV27P609400;BRBMEFVIVYT0;FINANCIAL;-;-;-;-;-;-;-;-;-;4372,05;-;-;-;-;-;-;-
IDIV27P609500;BRBMEFVIVYU8;FINANCIAL;-;-;-;-;-;-;-;-;-;4442,07;-;-;-;-;-;-;-
IDIV27P609600;BRBMEFVIVYV6;FINANCIAL;-;-;-;-;-;-;-;-;-;4512,35;-;-;-;-;-;-;-
IDIV27P609700;BRBMEFVIVYW4;FINANCIAL;-;-;-;-;-;-;-;-;-;4582,88;-;-;-;-;-;-;-
IDIV27P609800;BRBMEFVIVYX2;FINANCIAL;-;-;-;-;-;-;-;-;-;4653,88;-;-;-;-;-;-;-
IDIV27P609900;BRBMEFVIVYY0;FINANCIAL;-;-;-;-;-;-;-;-;-;4725,12;-;-;-;-;-;-;-
IDIV27P610000;BRBMEFVIVYZ7;FINANCIAL;-;-;-;-;-;-;-;-;-;4796,6;-;-;-;-;-;-;-
IDIJ27C570600;BRBMEFCIJX00;FINANCIAL;-;-;-;-;-;-;-;-;-;699,96;-;-;-;-;-;-;-
IDIJ27C570700;BRBMEFCIJX18;FINANCIAL;-;-;-;-;-;-;-;-;-;698,4;-;-;-;-;-;-;-
IDIJ27C570800;BRBMEFCIJX26;FINANCIAL;-;-;-;-;-;-;-;-;-;697,07;-;-;-;-;-;-;-
IDIJ27C570900;BRBMEFCIJX34;FINANCIAL;-;-;-;-;-;-;-;-;-;695,8;-;-;-;-;-;-;-
IDIJ27C571000;BRBMEFCIJX42;FINANCIAL;-;-;-;-;-;-;-;-;-;694,73;-;-;-;-;-;-;-
IDIJ27C571100;BRBMEFCIJX59;FINANCIAL;-;-;-;-;-;-;-;-;-;693,84;-;-;-;-;-;-;-
IDIJ27P570600;BRBMEFVIJX07;FINANCIAL;-;-;-;-;-;-;-;-;-;2897,11;-;-;-;-;-;-;-
IDIJ27P570700;BRBMEFVIJX15;FINANCIAL;-;-;-;-;-;-;-;-;-;2987,49;-;-;-;-;-;-;-
IDIJ27P570800;BRBMEFVIJX23;FINANCIAL;-;-;-;-;-;-;-;-;-;3078,09;-;-;-;-;-;-;-
IDIJ27P570900;BRBMEFVIJX31;FINANCIAL;-;-;-;-;-;-;-;-;-;3168,75;-;-;-;-;-;-;-
IDIJ27P571000;BRBMEFVIJX49;FINANCIAL;-;-;-;-;-;-;-;-;-;3259,61;-;-;-;-;-;-;-
IDIJ27P571100;BRBMEFVIJX56;FINANCIAL;-;-;-;-;-;-;-;-;-;3350,65;-;-;-;-;-;-;-
IDIN27C587700;BRBMEFCICMF4;FINANCIAL;-;-;-;-;-;-;-;-;-;1493,07;-;-;-;-;-;-;-
IDIN27C587800;BRBMEFCICMG2;FINANCIAL;-;-;-;-;-;-;-;-;-;1477,54;-;-;-;-;-;-;-
IDIN27C587900;BRBMEFCICMH0;FINANCIAL;-;-;-;-;-;-;-;-;-;1463,11;-;-;-;-;-;-;-
IDIN27C588000;BRBMEFCICMI8;FINANCIAL;-;-;-;-;-;-;-;-;-;1449,58;-;-;-;-;-;-;-
IDIN27C588200;BRBMEFCICMJ6;FINANCIAL;-;-;-;-;-;-;-;-;-;1425,26;-;-;-;-;-;-;-
IDIN27C588300;BRBMEFCICMK4;FINANCIAL;-;-;-;-;-;-;-;-;-;1413,66;-;-;-;-;-;-;-
IDIN27C588400;BRBMEFCICML2;FINANCIAL;-;-;-;-;-;-;-;-;-;1402,29;-;-;-;-;-;-;-
IDIN27C588500;BRBMEFCICMM0;FINANCIAL;-;-;-;-;-;-;-;-;-;1391,14;-;-;-;-;-;-;-
IDIN27C588600;BRBMEFCICMN8;FINANCIAL;-;-;-;-;-;-;-;-;-;1380,37;-;-;-;-;-;-;-
IDIN27C588700;BRBMEFCICMO6;FINANCIAL;-;-;-;-;-;-;-;-;-;1370,16;-;-;-;-;-;-;-
IDIN27C588800;BRBMEFCICMP3;FINANCIAL;-;-;-;-;-;-;-;-;-;1359,93;-;-;-;-;-;-;-
IDIN27C588900;BRBMEFCICMQ1;FINANCIAL;-;-;-;-;-;-;-;-;-;1350,24;-;-;-;-;-;-;-
IDIN27C589000;BRBMEFCICMR9;FINANCIAL;-;-;-;-;-;-;-;-;-;1340,87;-;-;-;-;-;-;-
IDIN27C589100;BRBMEFCICMS7;FINANCIAL;-;-;-;-;-;-;-;-;-;1331,64;-;-;-;-;-;-;-
IDIN27C589200;BRBMEFCICMT5;FINANCIAL;-;-;-;-;-;-;-;-;-;1322,72;-;-;-;-;-;-;-
IDIN27P587700;BRBMEFVI2MF5;FINANCIAL;-;-;-;-;-;-;-;-;-;2235,93;-;-;-;-;-;-;-
IDIN27P587800;BRBMEFVI2MG3;FINANCIAL;-;-;-;-;-;-;-;-;-;2309,41;-;-;-;-;-;-;-
IDIN27P587900;BRBMEFVI2MH1;FINANCIAL;-;-;-;-;-;-;-;-;-;2384;-;-;-;-;-;-;-
IDIN27P588000;BRBMEFVI2MI9;FINANCIAL;-;-;-;-;-;-;-;-;-;2459,47;-;-;-;-;-;-;-
IDIN27P588200;BRBMEFVI2MJ7;FINANCIAL;-;-;-;-;-;-;-;-;-;2613,17;-;-;-;-;-;-;-
IDIN27P588300;BRBMEFVI2MK5;FINANCIAL;-;-;-;-;-;-;-;-;-;2690,58;-;-;-;-;-;-;-
IDIN27P588400;BRBMEFVI2ML3;FINANCIAL;-;-;-;-;-;-;-;-;-;2768,22;-;-;-;-;-;-;-
IDIN27P588500;BRBMEFVI2MM1;FINANCIAL;-;-;-;-;-;-;-;-;-;2846,07;-;-;-;-;-;-;-
IDIN27P588600;BRBMEFVI2MN9;FINANCIAL;-;-;-;-;-;-;-;-;-;2924,31;-;-;-;-;-;-;-
IDIN27P588700;BRBMEFVI2MO7;FINANCIAL;-;-;-;-;-;-;-;-;-;3003,11;-;-;-;-;-;-;-
IDIN27P588800;BRBMEFVI2MP4;FINANCIAL;-;-;-;-;-;-;-;-;-;3081,89;-;-;-;-;-;-;-
IDIN27P588900;BRBMEFVI2MQ2;FINANCIAL;-;-;-;-;-;-;-;-;-;3161,2;-;-;-;-;-;-;-
IDIN27P589000;BRBMEFVI2MR0;FINANCIAL;-;-;-;-;-;-;-;-;-;3240,85;-;-;-;-;-;-;-
IDIN27P589100;BRBMEFVI2MS8;FINANCIAL;-;-;-;-;-;-;-;-;-;3320,63;-;-;-;-;-;-;-
IDIN27P589200;BRBMEFVI2MT6;FINANCIAL;-;-;-;-;-;-;-;-;-;3400,71;-;-;-;-;-;-;-
IDIF27C900000;BRBMEFCID0M9;FINANCIAL;-;-;-;-;-;-;-;-;-;0,01;-;-;-;-;-;-;-
IDIF27P900000;BRBMEFFI00M4;FINANCIAL;-;-;-;-;-;-;-;-;-;330886,68;-;-;-;-;-;-;-
IDIG27C900000;BRBMEFCIG9O3;FINANCIAL;-;-;-;-;-;-;-;-;-;0,01;-;-;-;-;-;-;-
IDIG27P900000;BRBMEFVIG9O0;FINANCIAL;-;-;-;-;-;-;-;-;-;322192,58;-;-;-;-;-;-;-
IDIH27C900000;BRBMEFCIH9D5;FINANCIAL;-;-;-;-;-;-;-;-;-;0,01;-;-;-;-;-;-;-
IDIH27P900000;BRBMEFVIH9D2;FINANCIAL;-;-;-;-;-;-;-;-;-;314403,72;-;-;-;-;-;-;-
IDIJ27C900000;BRBMEFCIJX67;FINANCIAL;-;-;-;-;-;-;-;-;-;0,01;-;-;-;-;-;-;-
IDIJ27P900000;BRBMEFVIJX64;FINANCIAL;-;-;-;-;-;-;-;-;-;305016,83;-;-;-;-;-;-;-
IDIQ26C900000;BRBMEFCIQ8V8;FINANCIAL;-;-;-;-;-;-;-;-;-;0,01;-;-;-;-;-;-;-
IDIQ26P900000;BRBMEFVIQ8V5;FINANCIAL;-;-;-;-;-;-;-;-;-;377640,68;-;-;-;-;-;-;-
IDIU26C900000;BRBMEFCIU9Q0;FINANCIAL;-;-;-;-;-;-;-;-;-;0,01;-;-;-;-;-;-;-
IDIU26P900000;BRBMEFVIU9Q7;FINANCIAL;-;-;-;-;-;-;-;-;-;367898,26;-;-;-;-;-;-;-
IDIV26C900000;BRBMEFCIVZ02;FINANCIAL;-;-;-;-;-;-;-;-;-;0,01;-;-;-;-;-;-;-
IDIV26P900000;BRBMEFVIVZ09;FINANCIAL;-;-;-;-;-;-;-;-;-;358333,45;-;-;-;-;-;-;-
IDIX26C900000;BRBMEFCIXB32;FINANCIAL;-;-;-;-;-;-;-;-;-;0,01;-;-;-;-;-;-;-
IDIX26P900000;BRBMEFVIXB62;FINANCIAL;-;-;-;-;-;-;-;-;-;348939,01;-;-;-;-;-;-;-
IDIZ26C900000;BRBMEFCIZAL8;FINANCIAL;-;-;-;-;-;-;-;-;-;0,01;-;-;-;-;-;-;-
IDIZ26P900000;BRBMEFVIZAL8;FINANCIAL;-;-;-;-;-;-;-;-;-;340537,95;-;-;-;-;-;-;-
D13F28C001125;BRBMEFD302C4;FINANCIAL;-;-;-;-;-;-;-;-;-;2170,58;-;-;-;-;-;-;-
D13F28C001150;BRBMEFD302D2;FINANCIAL;-;-;-;-;-;-;-;-;-;2042,52;-;-;-;-;-;-;-
D13F28C001175;BRBMEFD302E0;FINANCIAL;-;-;-;-;-;-;-;-;-;1918,89;-;-;-;-;-;-;-
D13F28C001200;BRBMEFD302F7;FINANCIAL;-;-;-;-;-;-;-;-;-;1799,79;-;-;-;-;-;-;-
D13F28C001225;BRBMEFD302G5;FINANCIAL;-;-;-;-;-;-;-;-;-;1685,29;-;-;-;-;-;-;-
D13F28C001250;BRBMEFD302H3;FINANCIAL;-;-;-;-;-;-;-;-;-;1579,42;-;-;-;-;-;-;-
D13F28C001275;BRBMEFD302I1;FINANCIAL;-;-;-;-;-;-;-;-;-;1480,06;-;-;-;-;-;-;-
D13F28C001300;BRBMEFD302J9;FINANCIAL;-;-;-;-;-;-;-;-;-;1385,79;-;-;-;-;-;-;-
D13F28C001325;BRBMEFD302K7;FINANCIAL;-;-;-;-;-;-;-;-;-;1296,11;-;-;-;-;-;-;-
D13F28C001350;BRBMEFD302L5;FINANCIAL;-;-;-;-;-;-;-;-;-;1212,1;-;-;-;-;-;-;-
D13F28C001375;BRBMEFD302M3;FINANCIAL;-;-;-;-;-;-;-;-;-;1135,36;-;-;-;-;-;-;-
D13F28C001400;BRBMEFD302N1;FINANCIAL;-;-;-;-;-;-;-;-;-;1063,72;-;-;-;-;-;-;-
D13F28C001425;BRBMEFD302O9;FINANCIAL;-;-;-;-;-;-;-;-;-;996,14;-;-;-;-;-;-;-
D13F28C001450;BRBMEFD302P6;FINANCIAL;-;-;-;-;-;-;-;-;-;933,25;-;-;-;-;-;-;-
D13F28C001475;BRBMEFD302Q4;FINANCIAL;-;-;-;-;-;-;-;-;-;874,43;-;-;-;-;-;-;-
D13F28C001500;BRBMEFD302R2;FINANCIAL;-;-;-;-;-;-;-;-;-;820,74;-;-;-;-;-;-;-
D13F28P001125;BRBMEFP301S8;FINANCIAL;-;-;-;-;-;-;-;-;-;242,82;-;-;-;-;-;-;-
D13F28P001150;BRBMEFP301T6;FINANCIAL;-;-;-;-;-;-;-;-;-;280,38;-;-;-;-;-;-;-
D13F28P001175;BRBMEFP301U4;FINANCIAL;-;-;-;-;-;-;-;-;-;321,63;-;-;-;-;-;-;-
D13F28P001200;BRBMEFP301V2;FINANCIAL;-;-;-;-;-;-;-;-;-;366,67;-;-;-;-;-;-;-
D13F28P001225;BRBMEFP301W0;FINANCIAL;-;-;-;-;-;-;-;-;-;415,59;-;-;-;-;-;-;-
D13F28P001250;BRBMEFP301X8;FINANCIAL;-;-;-;-;-;-;-;-;-;472,42;-;-;-;-;-;-;-
D13F28P001275;BRBMEFP301Y6;FINANCIAL;-;-;-;-;-;-;-;-;-;535,06;-;-;-;-;-;-;-
D13F28P001300;BRBMEFP301Z3;FINANCIAL;-;-;-;-;-;-;-;-;-;602,06;-;-;-;-;-;-;-
D13F28P001325;BRBMEFP30202;FINANCIAL;-;-;-;-;-;-;-;-;-;672,95;-;-;-;-;-;-;-
D13F28P001350;BRBMEFP30210;FINANCIAL;-;-;-;-;-;-;-;-;-;748,81;-;-;-;-;-;-;-
D13F28P001375;BRBMEFP30228;FINANCIAL;-;-;-;-;-;-;-;-;-;831,24;-;-;-;-;-;-;-
D13F28P001400;BRBMEFP30236;FINANCIAL;-;-;-;-;-;-;-;-;-;918,07;-;-;-;-;-;-;-
D13F28P001425;BRBMEFP30244;FINANCIAL;-;-;-;-;-;-;-;-;-;1008,28;-;-;-;-;-;-;-
D13F28P001450;BRBMEFP30251;FINANCIAL;-;-;-;-;-;-;-;-;-;1102,5;-;-;-;-;-;-;-
D13F28P001475;BRBMEFP30269;FINANCIAL;-;-;-;-;-;-;-;-;-;1200,11;-;-;-;-;-;-;-
D13F28P001500;BRBMEFP30277;FINANCIAL;-;-;-;-;-;-;-;-;-;1302,17;-;-;-;-;-;-;-
IDIV27C614000;BRBMEFCIVZ10;FINANCIAL;-;-;-;-;-;-;-;-;-;1635,74;-;-;-;-;-;-;-
IDIV27C620000;BRBMEFCIVZ28;FINANCIAL;-;-;-;-;-;-;-;-;-;1317,29;-;-;-;-;-;-;-
IDIV27P614000;BRBMEFVIVZ17;FINANCIAL;-;-;-;-;-;-;-;-;-;7850,42;-;-;-;-;-;-;-
IDIV27P620000;BRBMEFVIVZ25;FINANCIAL;-;-;-;-;-;-;-;-;-;12697,18;-;-;-;-;-;-;-
IDIF28C636000;BRBMEFCID0N7;FINANCIAL;-;-;-;-;-;-;-;-;-;2048,52;-;-;-;-;-;-;-
IDIF28C636100;BRBMEFCID0O5;FINANCIAL;-;-;-;-;-;-;-;-;-;2038,72;-;-;-;-;-;-;-
IDIF28C636200;BRBMEFCID0P2;FINANCIAL;-;-;-;-;-;-;-;-;-;2029,01;-;-;-;-;-;-;-
IDIF28C636300;BRBMEFCID0Q0;FINANCIAL;-;-;-;-;-;-;-;-;-;2019,6;-;-;-;-;-;-;-
IDIF28C636400;BRBMEFCID0R8;FINANCIAL;-;-;-;-;-;-;-;-;-;2010,29;-;-;-;-;-;-;-
IDIF28C636500;BRBMEFCID0S6;FINANCIAL;-;-;-;-;-;-;-;-;-;2000,86;-;-;-;-;-;-;-
IDIF28C636600;BRBMEFCID0T4;FINANCIAL;-;-;-;-;-;-;-;-;-;1991,72;-;-;-;-;-;-;-
IDIF28C636700;BRBMEFCID0U2;FINANCIAL;-;-;-;-;-;-;-;-;-;1982,47;-;-;-;-;-;-;-
IDIF28C636800;BRBMEFCID0V0;FINANCIAL;-;-;-;-;-;-;-;-;-;1973,51;-;-;-;-;-;-;-
IDIF28C636900;BRBMEFCID0W8;FINANCIAL;-;-;-;-;-;-;-;-;-;1964,44;-;-;-;-;-;-;-
IDIF28C637000;BRBMEFCID0X6;FINANCIAL;-;-;-;-;-;-;-;-;-;1955,45;-;-;-;-;-;-;-
IDIF28P636000;BRBMEFFI00N2;FINANCIAL;-;-;-;-;-;-;-;-;-;9834,24;-;-;-;-;-;-;-
IDIF28P636100;BRBMEFFI00O0;FINANCIAL;-;-;-;-;-;-;-;-;-;9907,79;-;-;-;-;-;-;-
IDIF28P636200;BRBMEFFI00P7;FINANCIAL;-;-;-;-;-;-;-;-;-;9981,44;-;-;-;-;-;-;-
IDIF28P636300;BRBMEFFI00Q5;FINANCIAL;-;-;-;-;-;-;-;-;-;10055,39;-;-;-;-;-;-;-
IDIF28P636400;BRBMEFFI00R3;FINANCIAL;-;-;-;-;-;-;-;-;-;10129,43;-;-;-;-;-;-;-
IDIF28P636500;BRBMEFFI00S1;FINANCIAL;-;-;-;-;-;-;-;-;-;10203,36;-;-;-;-;-;-;-
IDIF28P636600;BRBMEFFI00T9;FINANCIAL;-;-;-;-;-;-;-;-;-;10277,57;-;-;-;-;-;-;-
IDIF28P636700;BRBMEFFI00U7;FINANCIAL;-;-;-;-;-;-;-;-;-;10351,68;-;-;-;-;-;-;-
IDIF28P636800;BRBMEFFI00V5;FINANCIAL;-;-;-;-;-;-;-;-;-;10426,08;-;-;-;-;-;-;-
IDIF28P636900;BRBMEFFI00W3;FINANCIAL;-;-;-;-;-;-;-;-;-;10500,36;-;-;-;-;-;-;-
IDIF28P637000;BRBMEFFI00X1;FINANCIAL;-;-;-;-;-;-;-;-;-;10574,72;-;-;-;-;-;-;-
IDIG27C559600;BRBMEFCIG9P0;FINANCIAL;-;-;-;-;-;-;-;-;-;244,03;-;-;-;-;-;-;-
IDIG27C559700;BRBMEFCIG9Q8;FINANCIAL;-;-;-;-;-;-;-;-;-;240,9;-;-;-;-;-;-;-
IDIG27C559800;BRBMEFCIG9R6;FINANCIAL;-;-;-;-;-;-;-;-;-;238,11;-;-;-;-;-;-;-
IDIG27C559900;BRBMEFCIG9S4;FINANCIAL;-;-;-;-;-;-;-;-;-;235,66;-;-;-;-;-;-;-
IDIG27P559600;BRBMEFVIG9P7;FINANCIAL;-;-;-;-;-;-;-;-;-;3008,31;-;-;-;-;-;-;-
IDIG27P559700;BRBMEFVIG9Q5;FINANCIAL;-;-;-;-;-;-;-;-;-;3099,02;-;-;-;-;-;-;-
IDIG27P559800;BRBMEFVIG9R3;FINANCIAL;-;-;-;-;-;-;-;-;-;3190,07;-;-;-;-;-;-;-
IDIG27P559900;BRBMEFVIG9S1;FINANCIAL;-;-;-;-;-;-;-;-;-;3281,46;-;-;-;-;-;-;-
IDIH27C565100;BRBMEFCIH9E3;FINANCIAL;-;-;-;-;-;-;-;-;-;463,81;-;-;-;-;-;-;-
IDIH27C565200;BRBMEFCIH9F0;FINANCIAL;-;-;-;-;-;-;-;-;-;461,53;-;-;-;-;-;-;-
IDIH27C565300;BRBMEFCIH9G8;FINANCIAL;-;-;-;-;-;-;-;-;-;458,95;-;-;-;-;-;-;-
IDIH27C565400;BRBMEFCIH9H6;FINANCIAL;-;-;-;-;-;-;-;-;-;456,19;-;-;-;-;-;-;-
IDIH27C565500;BRBMEFCIH9I4;FINANCIAL;-;-;-;-;-;-;-;-;-;453,14;-;-;-;-;-;-;-
IDIH27C565600;BRBMEFCIH9J2;FINANCIAL;-;-;-;-;-;-;-;-;-;450,01;-;-;-;-;-;-;-
IDIH27C565700;BRBMEFCIH9K0;FINANCIAL;-;-;-;-;-;-;-;-;-;446,82;-;-;-;-;-;-;-
IDIH27C565800;BRBMEFCIH9L8;FINANCIAL;-;-;-;-;-;-;-;-;-;443,45;-;-;-;-;-;-;-
IDIH27P565100;BRBMEFVIH9E0;FINANCIAL;-;-;-;-;-;-;-;-;-;3498,7;-;-;-;-;-;-;-
IDIH27P565200;BRBMEFVIH9F7;FINANCIAL;-;-;-;-;-;-;-;-;-;3589,4;-;-;-;-;-;-;-
IDIH27P565300;BRBMEFVIH9G5;FINANCIAL;-;-;-;-;-;-;-;-;-;3679,79;-;-;-;-;-;-;-
IDIH27P565400;BRBMEFVIH9H3;FINANCIAL;-;-;-;-;-;-;-;-;-;3770,01;-;-;-;-;-;-;-
IDIH27P565500;BRBMEFVIH9I1;FINANCIAL;-;-;-;-;-;-;-;-;-;3859,93;-;-;-;-;-;-;-
IDIH27P565600;BRBMEFVIH9J9;FINANCIAL;-;-;-;-;-;-;-;-;-;3949,78;-;-;-;-;-;-;-
IDIH27P565700;BRBMEFVIH9K7;FINANCIAL;-;-;-;-;-;-;-;-;-;4039,56;-;-;-;-;-;-;-
IDIH27P565800;BRBMEFVIH9L5;FINANCIAL;-;-;-;-;-;-;-;-;-;4129,16;-;-;-;-;-;-;-
IDIJ27C571200;BRBMEFCIJX75;FINANCIAL;-;-;-;-;-;-;-;-;-;693,13;-;-;-;-;-;-;-
IDIJ27C571300;BRBMEFCIJX83;FINANCIAL;-;-;-;-;-;-;-;-;-;692,44;-;-;-;-;-;-;-
IDIJ27C571400;BRBMEFCIJX91;FINANCIAL;-;-;-;-;-;-;-;-;-;691,64;-;-;-;-;-;-;-
IDIJ27C571500;BRBMEFCIJXA7;FINANCIAL;-;-;-;-;-;-;-;-;-;690,72;-;-;-;-;-;-;-
IDIJ27C571600;BRBMEFCIJXB5;FINANCIAL;-;-;-;-;-;-;-;-;-;689,95;-;-;-;-;-;-;-
IDIJ27C571700;BRBMEFCIJXC3;FINANCIAL;-;-;-;-;-;-;-;-;-;689,32;-;-;-;-;-;-;-
IDIJ27C571800;BRBMEFCIJXD1;FINANCIAL;-;-;-;-;-;-;-;-;-;688,96;-;-;-;-;-;-;-
IDIJ27C571900;BRBMEFCIJXE9;FINANCIAL;-;-;-;-;-;-;-;-;-;688,59;-;-;-;-;-;-;-
IDIJ27C572000;BRBMEFCIJXF6;FINANCIAL;-;-;-;-;-;-;-;-;-;687,82;-;-;-;-;-;-;-
IDIJ27C572100;BRBMEFCIJXG4;FINANCIAL;-;-;-;-;-;-;-;-;-;686,78;-;-;-;-;-;-;-
IDIJ27C572200;BRBMEFCIJXH2;FINANCIAL;-;-;-;-;-;-;-;-;-;685,6;-;-;-;-;-;-;-
IDIJ27C572300;BRBMEFCIJXI0;FINANCIAL;-;-;-;-;-;-;-;-;-;684,41;-;-;-;-;-;-;-
IDIJ27C572400;BRBMEFCIJXJ8;FINANCIAL;-;-;-;-;-;-;-;-;-;682,96;-;-;-;-;-;-;-
IDIJ27C572600;BRBMEFCIJXK6;FINANCIAL;-;-;-;-;-;-;-;-;-;679,63;-;-;-;-;-;-;-
IDIJ27P571200;BRBMEFVIJX72;FINANCIAL;-;-;-;-;-;-;-;-;-;3441,87;-;-;-;-;-;-;-
IDIJ27P571300;BRBMEFVIJX80;FINANCIAL;-;-;-;-;-;-;-;-;-;3533,12;-;-;-;-;-;-;-
IDIJ27P571400;BRBMEFVIJX98;FINANCIAL;-;-;-;-;-;-;-;-;-;3624,25;-;-;-;-;-;-;-
IDIJ27P571500;BRBMEFVIJXA7;FINANCIAL;-;-;-;-;-;-;-;-;-;3715,26;-;-;-;-;-;-;-
IDIJ27P571600;BRBMEFVIJXB5;FINANCIAL;-;-;-;-;-;-;-;-;-;3806,42;-;-;-;-;-;-;-
IDIJ27P571700;BRBMEFVIJXC3;FINANCIAL;-;-;-;-;-;-;-;-;-;3897,72;-;-;-;-;-;-;-
IDIJ27P571800;BRBMEFVIJXD1;FINANCIAL;-;-;-;-;-;-;-;-;-;3989,29;-;-;-;-;-;-;-
IDIJ27P571900;BRBMEFVIJXE9;FINANCIAL;-;-;-;-;-;-;-;-;-;4080,85;-;-;-;-;-;-;-
IDIJ27P572000;BRBMEFVIJXF6;FINANCIAL;-;-;-;-;-;-;-;-;-;4172,01;-;-;-;-;-;-;-
IDIJ27P572100;BRBMEFVIJXG4;FINANCIAL;-;-;-;-;-;-;-;-;-;4262,9;-;-;-;-;-;-;-
IDIJ27P572200;BRBMEFVIJXH2;FINANCIAL;-;-;-;-;-;-;-;-;-;4353,65;-;-;-;-;-;-;-
IDIJ27P572300;BRBMEFVIJXI0;FINANCIAL;-;-;-;-;-;-;-;-;-;4444,4;-;-;-;-;-;-;-
IDIJ27P572400;BRBMEFVIJXJ8;FINANCIAL;-;-;-;-;-;-;-;-;-;4534,87;-;-;-;-;-;-;-
IDIJ27P572600;BRBMEFVIJXK6;FINANCIAL;-;-;-;-;-;-;-;-;-;4715,4;-;-;-;-;-;-;-
IDIK27C577400;BRBMEFCIK9J7;FINANCIAL;-;-;-;-;-;-;-;-;-;870,21;-;-;-;-;-;-;-
IDIK27C577500;BRBMEFCIK9K5;FINANCIAL;-;-;-;-;-;-;-;-;-;867,82;-;-;-;-;-;-;-
IDIK27C577600;BRBMEFCIK9L3;FINANCIAL;-;-;-;-;-;-;-;-;-;865,6;-;-;-;-;-;-;-
IDIK27C577700;BRBMEFCIK9M1;FINANCIAL;-;-;-;-;-;-;-;-;-;863,56;-;-;-;-;-;-;-
IDIK27C577800;BRBMEFCIK9N9;FINANCIAL;-;-;-;-;-;-;-;-;-;861,68;-;-;-;-;-;-;-
IDIK27C577900;BRBMEFCIK9O7;FINANCIAL;-;-;-;-;-;-;-;-;-;860,12;-;-;-;-;-;-;-
IDIK27C578000;BRBMEFCIK9P4;FINANCIAL;-;-;-;-;-;-;-;-;-;858,84;-;-;-;-;-;-;-
IDIK27C578100;BRBMEFCIK9Q2;FINANCIAL;-;-;-;-;-;-;-;-;-;857,56;-;-;-;-;-;-;-
IDIK27C578200;BRBMEFCIK9R0;FINANCIAL;-;-;-;-;-;-;-;-;-;856,28;-;-;-;-;-;-;-
IDIK27C578300;BRBMEFCIK9S8;FINANCIAL;-;-;-;-;-;-;-;-;-;854,98;-;-;-;-;-;-;-
IDIK27C578400;BRBMEFCIK9T6;FINANCIAL;-;-;-;-;-;-;-;-;-;853,52;-;-;-;-;-;-;-
IDIK27C578500;BRBMEFCIK9U4;FINANCIAL;-;-;-;-;-;-;-;-;-;851,9;-;-;-;-;-;-;-
IDIK27C578600;BRBMEFCIK9V2;FINANCIAL;-;-;-;-;-;-;-;-;-;850,55;-;-;-;-;-;-;-
IDIK27C578700;BRBMEFCIK9W0;FINANCIAL;-;-;-;-;-;-;-;-;-;849,32;-;-;-;-;-;-;-
IDIK27C578800;BRBMEFCIK9X8;FINANCIAL;-;-;-;-;-;-;-;-;-;848,34;-;-;-;-;-;-;-
IDIK27C578900;BRBMEFCIK9Y6;FINANCIAL;-;-;-;-;-;-;-;-;-;847,47;-;-;-;-;-;-;-
IDIK27C579000;BRBMEFCIK9Z3;FINANCIAL;-;-;-;-;-;-;-;-;-;846,56;-;-;-;-;-;-;-
IDIK27C579100;BRBMEFCIKA04;FINANCIAL;-;-;-;-;-;-;-;-;-;845,2;-;-;-;-;-;-;-
IDIK27C579200;BRBMEFCIKA12;FINANCIAL;-;-;-;-;-;-;-;-;-;843,66;-;-;-;-;-;-;-
IDIK27C579300;BRBMEFCIKA20;FINANCIAL;-;-;-;-;-;-;-;-;-;841,95;-;-;-;-;-;-;-
IDIK27C579400;BRBMEFCIKA38;FINANCIAL;-;-;-;-;-;-;-;-;-;840,21;-;-;-;-;-;-;-
IDIK27C579500;BRBMEFCIKA46;FINANCIAL;-;-;-;-;-;-;-;-;-;838,29;-;-;-;-;-;-;-
IDIK27P577400;BRBMEFVIK9I6;FINANCIAL;-;-;-;-;-;-;-;-;-;3640,9;-;-;-;-;-;-;-
IDIK27P577500;BRBMEFVIK9J4;FINANCIAL;-;-;-;-;-;-;-;-;-;3729,45;-;-;-;-;-;-;-
IDIK27P577600;BRBMEFVIK9K2;FINANCIAL;-;-;-;-;-;-;-;-;-;3818,18;-;-;-;-;-;-;-
IDIK27P577700;BRBMEFVIK9L0;FINANCIAL;-;-;-;-;-;-;-;-;-;3907,09;-;-;-;-;-;-;-
IDIK27P577800;BRBMEFVIK9M8;FINANCIAL;-;-;-;-;-;-;-;-;-;3996,16;-;-;-;-;-;-;-
IDIK27P577900;BRBMEFVIK9N6;FINANCIAL;-;-;-;-;-;-;-;-;-;4085,54;-;-;-;-;-;-;-
IDIK27P578000;BRBMEFVIK9O4;FINANCIAL;-;-;-;-;-;-;-;-;-;4175,21;-;-;-;-;-;-;-
IDIK27P578100;BRBMEFVIK9P1;FINANCIAL;-;-;-;-;-;-;-;-;-;4264,88;-;-;-;-;-;-;-
IDIK27P578200;BRBMEFVIK9Q9;FINANCIAL;-;-;-;-;-;-;-;-;-;4354,54;-;-;-;-;-;-;-
IDIK27P578300;BRBMEFVIK9R7;FINANCIAL;-;-;-;-;-;-;-;-;-;4444,19;-;-;-;-;-;-;-
IDIK27P578400;BRBMEFVIK9S5;FINANCIAL;-;-;-;-;-;-;-;-;-;4533,68;-;-;-;-;-;-;-
IDIK27P578500;BRBMEFVIK9T3;FINANCIAL;-;-;-;-;-;-;-;-;-;4623,01;-;-;-;-;-;-;-
IDIK27P578600;BRBMEFVIK9U1;FINANCIAL;-;-;-;-;-;-;-;-;-;4712,6;-;-;-;-;-;-;-
IDIK27P578700;BRBMEFVIK9V9;FINANCIAL;-;-;-;-;-;-;-;-;-;4802,32;-;-;-;-;-;-;-
IDIK27P578800;BRBMEFVIK9W7;FINANCIAL;-;-;-;-;-;-;-;-;-;4892,29;-;-;-;-;-;-;-
IDIK27P578900;BRBMEFVIK9X5;FINANCIAL;-;-;-;-;-;-;-;-;-;4982,36;-;-;-;-;-;-;-
IDIK27P579000;BRBMEFVIK9Y3;FINANCIAL;-;-;-;-;-;-;-;-;-;5072,4;-;-;-;-;-;-;-
IDIK27P579100;BRBMEFVIK9Z0;FINANCIAL;-;-;-;-;-;-;-;-;-;5161,99;-;-;-;-;-;-;-
IDIK27P579200;BRBMEFVIKA01;FINANCIAL;-;-;-;-;-;-;-;-;-;5251,4;-;-;-;-;-;-;-
IDIK27P579300;BRBMEFVIKA19;FINANCIAL;-;-;-;-;-;-;-;-;-;5340,64;-;-;-;-;-;-;-
IDIK27P579400;BRBMEFVIKA27;FINANCIAL;-;-;-;-;-;-;-;-;-;5429,84;-;-;-;-;-;-;-
IDIK27P579500;BRBMEFVIKA35;FINANCIAL;-;-;-;-;-;-;-;-;-;5518,87;-;-;-;-;-;-;-
IDIM27C584000;BRBMEFCIMA77;FINANCIAL;-;-;-;-;-;-;-;-;-;1029,48;-;-;-;-;-;-;-
IDIM27C584100;BRBMEFCIMA85;FINANCIAL;-;-;-;-;-;-;-;-;-;1026,16;-;-;-;-;-;-;-
IDIM27C584200;BRBMEFCIMA93;FINANCIAL;-;-;-;-;-;-;-;-;-;1023,15;-;-;-;-;-;-;-
IDIM27C584300;BRBMEFCIMAA9;FINANCIAL;-;-;-;-;-;-;-;-;-;1020,13;-;-;-;-;-;-;-
IDIM27C584400;BRBMEFCIMAB7;FINANCIAL;-;-;-;-;-;-;-;-;-;1017,58;-;-;-;-;-;-;-
IDIM27C584500;BRBMEFCIMAC5;FINANCIAL;-;-;-;-;-;-;-;-;-;1015,16;-;-;-;-;-;-;-
IDIM27C584600;BRBMEFCIMAD3;FINANCIAL;-;-;-;-;-;-;-;-;-;1013,03;-;-;-;-;-;-;-
IDIM27C584700;BRBMEFCIMAE1;FINANCIAL;-;-;-;-;-;-;-;-;-;1011,03;-;-;-;-;-;-;-
IDIM27C584800;BRBMEFCIMAF8;FINANCIAL;-;-;-;-;-;-;-;-;-;1009,15;-;-;-;-;-;-;-
IDIM27C584900;BRBMEFCIMAG6;FINANCIAL;-;-;-;-;-;-;-;-;-;1007,08;-;-;-;-;-;-;-
IDIM27C585000;BRBMEFCIMAH4;FINANCIAL;-;-;-;-;-;-;-;-;-;1005,13;-;-;-;-;-;-;-
IDIM27C585100;BRBMEFCIMAI2;FINANCIAL;-;-;-;-;-;-;-;-;-;1002,98;-;-;-;-;-;-;-
IDIM27C585200;BRBMEFCIMAJ0;FINANCIAL;-;-;-;-;-;-;-;-;-;1000,8;-;-;-;-;-;-;-
IDIM27C585300;BRBMEFCIMAK8;FINANCIAL;-;-;-;-;-;-;-;-;-;998,73;-;-;-;-;-;-;-
IDIM27C585400;BRBMEFCIMAL6;FINANCIAL;-;-;-;-;-;-;-;-;-;996,77;-;-;-;-;-;-;-
IDIM27C585500;BRBMEFCIMAM4;FINANCIAL;-;-;-;-;-;-;-;-;-;995,2;-;-;-;-;-;-;-
IDIM27C585600;BRBMEFCIMAN2;FINANCIAL;-;-;-;-;-;-;-;-;-;993,59;-;-;-;-;-;-;-
IDIM27C585700;BRBMEFCIMAO0;FINANCIAL;-;-;-;-;-;-;-;-;-;992,21;-;-;-;-;-;-;-
IDIM27C585800;BRBMEFCIMAP7;FINANCIAL;-;-;-;-;-;-;-;-;-;990,64;-;-;-;-;-;-;-
IDIM27C585900;BRBMEFCIMAQ5;FINANCIAL;-;-;-;-;-;-;-;-;-;988,71;-;-;-;-;-;-;-
IDIM27C586000;BRBMEFCIMAR3;FINANCIAL;-;-;-;-;-;-;-;-;-;986,59;-;-;-;-;-;-;-
IDIM27C586100;BRBMEFCIMAS1;FINANCIAL;-;-;-;-;-;-;-;-;-;984,55;-;-;-;-;-;-;-
IDIM27P584000;BRBMEFVIMA74;FINANCIAL;-;-;-;-;-;-;-;-;-;4382,02;-;-;-;-;-;-;-
IDIM27P584100;BRBMEFVIMA82;FINANCIAL;-;-;-;-;-;-;-;-;-;4468,71;-;-;-;-;-;-;-
IDIM27P584200;BRBMEFVIMA90;FINANCIAL;-;-;-;-;-;-;-;-;-;4555,72;-;-;-;-;-;-;-
IDIM27P584300;BRBMEFVIMAA9;FINANCIAL;-;-;-;-;-;-;-;-;-;4642,73;-;-;-;-;-;-;-
IDIM27P584400;BRBMEFVIMAB7;FINANCIAL;-;-;-;-;-;-;-;-;-;4730,19;-;-;-;-;-;-;-
IDIM27P584500;BRBMEFVIMAC5;FINANCIAL;-;-;-;-;-;-;-;-;-;4817,79;-;-;-;-;-;-;-
IDIM27P584600;BRBMEFVIMAD3;FINANCIAL;-;-;-;-;-;-;-;-;-;4905,68;-;-;-;-;-;-;-
IDIM27P584700;BRBMEFVIMAE1;FINANCIAL;-;-;-;-;-;-;-;-;-;4993,7;-;-;-;-;-;-;-
IDIM27P584800;BRBMEFVIMAF8;FINANCIAL;-;-;-;-;-;-;-;-;-;5081,83;-;-;-;-;-;-;-
IDIM27P584900;BRBMEFVIMAG6;FINANCIAL;-;-;-;-;-;-;-;-;-;5169,79;-;-;-;-;-;-;-
IDIM27P585000;BRBMEFVIMAH4;FINANCIAL;-;-;-;-;-;-;-;-;-;5257,85;-;-;-;-;-;-;-
IDIM27P585100;BRBMEFVIMAI2;FINANCIAL;-;-;-;-;-;-;-;-;-;5345,73;-;-;-;-;-;-;-
IDIM27P585200;BRBMEFVIMAJ0;FINANCIAL;-;-;-;-;-;-;-;-;-;5433,57;-;-;-;-;-;-;-
IDIM27P585300;BRBMEFVIMAK8;FINANCIAL;-;-;-;-;-;-;-;-;-;5521,52;-;-;-;-;-;-;-
IDIM27P585400;BRBMEFVIMAL6;FINANCIAL;-;-;-;-;-;-;-;-;-;5609,57;-;-;-;-;-;-;-
IDIM27P585500;BRBMEFVIMAM4;FINANCIAL;-;-;-;-;-;-;-;-;-;5698,03;-;-;-;-;-;-;-
IDIM27P585600;BRBMEFVIMAN2;FINANCIAL;-;-;-;-;-;-;-;-;-;5786,43;-;-;-;-;-;-;-
IDIM27P585700;BRBMEFVIMAO0;FINANCIAL;-;-;-;-;-;-;-;-;-;5875,08;-;-;-;-;-;-;-
IDIM27P585800;BRBMEFVIMAP7;FINANCIAL;-;-;-;-;-;-;-;-;-;5963,52;-;-;-;-;-;-;-
IDIM27P585900;BRBMEFVIMAQ5;FINANCIAL;-;-;-;-;-;-;-;-;-;6051,61;-;-;-;-;-;-;-
IDIM27P586000;BRBMEFVIMAR3;FINANCIAL;-;-;-;-;-;-;-;-;-;6139,51;-;-;-;-;-;-;-
IDIM27P586100;BRBMEFVIMAS1;FINANCIAL;-;-;-;-;-;-;-;-;-;6227,49;-;-;-;-;-;-;-
IDIN27C591000;BRBMEFCICMU3;FINANCIAL;-;-;-;-;-;-;-;-;-;1213,77;-;-;-;-;-;-;-
IDIN27C591100;BRBMEFCICMV1;FINANCIAL;-;-;-;-;-;-;-;-;-;1209,5;-;-;-;-;-;-;-
IDIN27C591200;BRBMEFCICMW9;FINANCIAL;-;-;-;-;-;-;-;-;-;1205,03;-;-;-;-;-;-;-
IDIN27C591300;BRBMEFCICMX7;FINANCIAL;-;-;-;-;-;-;-;-;-;1200,89;-;-;-;-;-;-;-
IDIN27C591400;BRBMEFCICMY5;FINANCIAL;-;-;-;-;-;-;-;-;-;1196,72;-;-;-;-;-;-;-
IDIN27C591500;BRBMEFCICMZ2;FINANCIAL;-;-;-;-;-;-;-;-;-;1192,68;-;-;-;-;-;-;-
IDIN27C591600;BRBMEFCICN09;FINANCIAL;-;-;-;-;-;-;-;-;-;1188,79;-;-;-;-;-;-;-
IDIN27C591800;BRBMEFCICN17;FINANCIAL;-;-;-;-;-;-;-;-;-;1181,88;-;-;-;-;-;-;-
IDIN27C591900;BRBMEFCICN25;FINANCIAL;-;-;-;-;-;-;-;-;-;1178,86;-;-;-;-;-;-;-
IDIN27C592000;BRBMEFCICN33;FINANCIAL;-;-;-;-;-;-;-;-;-;1175,95;-;-;-;-;-;-;-
IDIN27C592100;BRBMEFCICN41;FINANCIAL;-;-;-;-;-;-;-;-;-;1173,16;-;-;-;-;-;-;-
IDIN27C592200;BRBMEFCICN58;FINANCIAL;-;-;-;-;-;-;-;-;-;1170,31;-;-;-;-;-;-;-
IDIN27C592300;BRBMEFCICN66;FINANCIAL;-;-;-;-;-;-;-;-;-;1167,57;-;-;-;-;-;-;-
IDIN27C592400;BRBMEFCICN74;FINANCIAL;-;-;-;-;-;-;-;-;-;1164,77;-;-;-;-;-;-;-
IDIN27C592500;BRBMEFCICN82;FINANCIAL;-;-;-;-;-;-;-;-;-;1161,76;-;-;-;-;-;-;-
IDIN27C592600;BRBMEFCICN90;FINANCIAL;-;-;-;-;-;-;-;-;-;1158,85;-;-;-;-;-;-;-
IDIN27C592700;BRBMEFCICNA3;FINANCIAL;-;-;-;-;-;-;-;-;-;1155,88;-;-;-;-;-;-;-
IDIN27C592800;BRBMEFCICNB1;FINANCIAL;-;-;-;-;-;-;-;-;-;1153,01;-;-;-;-;-;-;-
IDIN27C592900;BRBMEFCICNC9;FINANCIAL;-;-;-;-;-;-;-;-;-;1150,55;-;-;-;-;-;-;-
IDIN27C593000;BRBMEFCICND7;FINANCIAL;-;-;-;-;-;-;-;-;-;1148,34;-;-;-;-;-;-;-
IDIN27C593100;BRBMEFCICNE5;FINANCIAL;-;-;-;-;-;-;-;-;-;1146,21;-;-;-;-;-;-;-
IDIN27C593200;BRBMEFCICNF2;FINANCIAL;-;-;-;-;-;-;-;-;-;1144,17;-;-;-;-;-;-;-
IDIN27C593300;BRBMEFCICNG0;FINANCIAL;-;-;-;-;-;-;-;-;-;1142,06;-;-;-;-;-;-;-
IDIN27C593400;BRBMEFCICNH8;FINANCIAL;-;-;-;-;-;-;-;-;-;1139,56;-;-;-;-;-;-;-
IDIN27C593500;BRBMEFCICNI6;FINANCIAL;-;-;-;-;-;-;-;-;-;1137;-;-;-;-;-;-;-
IDIN27P591000;BRBMEFVI2MU4;FINANCIAL;-;-;-;-;-;-;-;-;-;4893,91;-;-;-;-;-;-;-
IDIN27P591100;BRBMEFVI2MV2;FINANCIAL;-;-;-;-;-;-;-;-;-;4978,65;-;-;-;-;-;-;-
IDIN27P591200;BRBMEFVI2MW0;FINANCIAL;-;-;-;-;-;-;-;-;-;5063,19;-;-;-;-;-;-;-
IDIN27P591300;BRBMEFVI2MX8;FINANCIAL;-;-;-;-;-;-;-;-;-;5148,05;-;-;-;-;-;-;-
IDIN27P591400;BRBMEFVI2MY6;FINANCIAL;-;-;-;-;-;-;-;-;-;5232,89;-;-;-;-;-;-;-
IDIN27P591500;BRBMEFVI2MZ3;FINANCIAL;-;-;-;-;-;-;-;-;-;5317,87;-;-;-;-;-;-;-
IDIN27P591600;BRBMEFVI2N08;FINANCIAL;-;-;-;-;-;-;-;-;-;5402,98;-;-;-;-;-;-;-
IDIN27P591800;BRBMEFVI2N16;FINANCIAL;-;-;-;-;-;-;-;-;-;5574,09;-;-;-;-;-;-;-
IDIN27P591900;BRBMEFVI2N24;FINANCIAL;-;-;-;-;-;-;-;-;-;5660,08;-;-;-;-;-;-;-
IDIN27P592000;BRBMEFVI2N32;FINANCIAL;-;-;-;-;-;-;-;-;-;5746,18;-;-;-;-;-;-;-
IDIN27P592100;BRBMEFVI2N40;FINANCIAL;-;-;-;-;-;-;-;-;-;5832,39;-;-;-;-;-;-;-
IDIN27P592200;BRBMEFVI2N57;FINANCIAL;-;-;-;-;-;-;-;-;-;5918,55;-;-;-;-;-;-;-
IDIN27P592300;BRBMEFVI2N65;FINANCIAL;-;-;-;-;-;-;-;-;-;6004,82;-;-;-;-;-;-;-
IDIN27P592400;BRBMEFVI2N73;FINANCIAL;-;-;-;-;-;-;-;-;-;6091,03;-;-;-;-;-;-;-
IDIN27P592500;BRBMEFVI2N81;FINANCIAL;-;-;-;-;-;-;-;-;-;6177,03;-;-;-;-;-;-;-
IDIN27P592600;BRBMEFVI2N99;FINANCIAL;-;-;-;-;-;-;-;-;-;6263,13;-;-;-;-;-;-;-
IDIN27P592700;BRBMEFVI2NA4;FINANCIAL;-;-;-;-;-;-;-;-;-;6349,17;-;-;-;-;-;-;-
IDIN27P592800;BRBMEFVI2NB2;FINANCIAL;-;-;-;-;-;-;-;-;-;6435,31;-;-;-;-;-;-;-
IDIN27P592900;BRBMEFVI2NC0;FINANCIAL;-;-;-;-;-;-;-;-;-;6521,85;-;-;-;-;-;-;-
IDIN27P593000;BRBMEFVI2ND8;FINANCIAL;-;-;-;-;-;-;-;-;-;6608,65;-;-;-;-;-;-;-
IDIN27P593100;BRBMEFVI2NE6;FINANCIAL;-;-;-;-;-;-;-;-;-;6695,53;-;-;-;-;-;-;-
IDIN27P593200;BRBMEFVI2NF3;FINANCIAL;-;-;-;-;-;-;-;-;-;6782,5;-;-;-;-;-;-;-
IDIN27P593300;BRBMEFVI2NG1;FINANCIAL;-;-;-;-;-;-;-;-;-;6869,39;-;-;-;-;-;-;-
IDIN27P593400;BRBMEFVI2NH9;FINANCIAL;-;-;-;-;-;-;-;-;-;6955,91;-;-;-;-;-;-;-
IDIN27P593500;BRBMEFVI2NI7;FINANCIAL;-;-;-;-;-;-;-;-;-;7042,35;-;-;-;-;-;-;-
IDIV27C613100;BRBMEFCIVZ36;FINANCIAL;-;-;-;-;-;-;-;-;-;1699,06;-;-;-;-;-;-;-
IDIV27C613200;BRBMEFCIVZ44;FINANCIAL;-;-;-;-;-;-;-;-;-;1691,36;-;-;-;-;-;-;-
IDIV27C613300;BRBMEFCIVZ51;FINANCIAL;-;-;-;-;-;-;-;-;-;1683,77;-;-;-;-;-;-;-
IDIV27C613400;BRBMEFCIVZ69;FINANCIAL;-;-;-;-;-;-;-;-;-;1676,31;-;-;-;-;-;-;-
IDIV27C613500;BRBMEFCIVZ77;FINANCIAL;-;-;-;-;-;-;-;-;-;1669,15;-;-;-;-;-;-;-
IDIV27C613600;BRBMEFCIVZ85;FINANCIAL;-;-;-;-;-;-;-;-;-;1662,11;-;-;-;-;-;-;-
IDIV27C613700;BRBMEFCIVZ93;FINANCIAL;-;-;-;-;-;-;-;-;-;1655,17;-;-;-;-;-;-;-
IDIV27C613800;BRBMEFCIVZA7;FINANCIAL;-;-;-;-;-;-;-;-;-;1648,53;-;-;-;-;-;-;-
IDIV27C613900;BRBMEFCIVZB5;FINANCIAL;-;-;-;-;-;-;-;-;-;1641,99;-;-;-;-;-;-;-
IDIV27C614100;BRBMEFCIVZC3;FINANCIAL;-;-;-;-;-;-;-;-;-;1629,6;-;-;-;-;-;-;-
IDIV27C614200;BRBMEFCIVZD1;FINANCIAL;-;-;-;-;-;-;-;-;-;1623,55;-;-;-;-;-;-;-
IDIV27C614300;BRBMEFCIVZE9;FINANCIAL;-;-;-;-;-;-;-;-;-;1617,78;-;-;-;-;-;-;-
IDIV27C614400;BRBMEFCIVZF6;FINANCIAL;-;-;-;-;-;-;-;-;-;1611,92;-;-;-;-;-;-;-
IDIV27C614500;BRBMEFCIVZG4;FINANCIAL;-;-;-;-;-;-;-;-;-;1606,15;-;-;-;-;-;-;-
IDIV27C614600;BRBMEFCIVZH2;FINANCIAL;-;-;-;-;-;-;-;-;-;1600,47;-;-;-;-;-;-;-
IDIV27C614700;BRBMEFCIVZI0;FINANCIAL;-;-;-;-;-;-;-;-;-;1594,89;-;-;-;-;-;-;-
IDIV27C614800;BRBMEFCIVZJ8;FINANCIAL;-;-;-;-;-;-;-;-;-;1589,21;-;-;-;-;-;-;-
IDIV27C614900;BRBMEFCIVZK6;FINANCIAL;-;-;-;-;-;-;-;-;-;1583,61;-;-;-;-;-;-;-
IDIV27C615000;BRBMEFCIVZL4;FINANCIAL;-;-;-;-;-;-;-;-;-;1578,11;-;-;-;-;-;-;-
IDIV27C615100;BRBMEFCIVZM2;FINANCIAL;-;-;-;-;-;-;-;-;-;1572,68;-;-;-;-;-;-;-
IDIV27C615200;BRBMEFCIVZN0;FINANCIAL;-;-;-;-;-;-;-;-;-;1567,52;-;-;-;-;-;-;-
IDIV27C615300;BRBMEFCIVZO8;FINANCIAL;-;-;-;-;-;-;-;-;-;1562,44;-;-;-;-;-;-;-
IDIV27C615400;BRBMEFCIVZP5;FINANCIAL;-;-;-;-;-;-;-;-;-;1557,62;-;-;-;-;-;-;-
IDIV27C615500;BRBMEFCIVZQ3;FINANCIAL;-;-;-;-;-;-;-;-;-;1553,05;-;-;-;-;-;-;-
IDIV27P613100;BRBMEFVIVZ33;FINANCIAL;-;-;-;-;-;-;-;-;-;7138,95;-;-;-;-;-;-;-
IDIV27P613200;BRBMEFVIVZ41;FINANCIAL;-;-;-;-;-;-;-;-;-;7217,34;-;-;-;-;-;-;-
IDIV27P613300;BRBMEFVIVZ58;FINANCIAL;-;-;-;-;-;-;-;-;-;7295,84;-;-;-;-;-;-;-
IDIV27P613400;BRBMEFVIVZ66;FINANCIAL;-;-;-;-;-;-;-;-;-;7374,47;-;-;-;-;-;-;-
IDIV27P613500;BRBMEFVIVZ74;FINANCIAL;-;-;-;-;-;-;-;-;-;7453,4;-;-;-;-;-;-;-
IDIV27P613600;BRBMEFVIVZ82;FINANCIAL;-;-;-;-;-;-;-;-;-;7532,44;-;-;-;-;-;-;-
IDIV27P613700;BRBMEFVIVZ90;FINANCIAL;-;-;-;-;-;-;-;-;-;7611,59;-;-;-;-;-;-;-
IDIV27P613800;BRBMEFVIVZA7;FINANCIAL;-;-;-;-;-;-;-;-;-;7691,03;-;-;-;-;-;-;-
IDIV27P613900;BRBMEFVIVZB5;FINANCIAL;-;-;-;-;-;-;-;-;-;7770,58;-;-;-;-;-;-;-
IDIV27P614100;BRBMEFVIVZC3;FINANCIAL;-;-;-;-;-;-;-;-;-;7930,36;-;-;-;-;-;-;-
IDIV27P614200;BRBMEFVIVZD1;FINANCIAL;-;-;-;-;-;-;-;-;-;8010,4;-;-;-;-;-;-;-
IDIV27P614300;BRBMEFVIVZE9;FINANCIAL;-;-;-;-;-;-;-;-;-;8090,72;-;-;-;-;-;-;-
IDIV27P614400;BRBMEFVIVZF6;FINANCIAL;-;-;-;-;-;-;-;-;-;8170,94;-;-;-;-;-;-;-
IDIV27P614500;BRBMEFVIVZG4;FINANCIAL;-;-;-;-;-;-;-;-;-;8251,26;-;-;-;-;-;-;-
IDIV27P614600;BRBMEFVIVZH2;FINANCIAL;-;-;-;-;-;-;-;-;-;8331,67;-;-;-;-;-;-;-
IDIV27P614700;BRBMEFVIVZI0;FINANCIAL;-;-;-;-;-;-;-;-;-;8412,17;-;-;-;-;-;-;-
IDIV27P614800;BRBMEFVIVZJ8;FINANCIAL;-;-;-;-;-;-;-;-;-;8492,58;-;-;-;-;-;-;-
IDIV27P614900;BRBMEFVIVZK6;FINANCIAL;-;-;-;-;-;-;-;-;-;8573,07;-;-;-;-;-;-;-
IDIV27P615000;BRBMEFVIVZL4;FINANCIAL;-;-;-;-;-;-;-;-;-;8653,65;-;-;-;-;-;-;-
IDIV27P615100;BRBMEFVIVZM2;FINANCIAL;-;-;-;-;-;-;-;-;-;8734,32;-;-;-;-;-;-;-
IDIV27P615200;BRBMEFVIVZN0;FINANCIAL;-;-;-;-;-;-;-;-;-;8815,25;-;-;-;-;-;-;-
IDIV27P615300;BRBMEFVIVZO8;FINANCIAL;-;-;-;-;-;-;-;-;-;8896,25;-;-;-;-;-;-;-
IDIV27P615400;BRBMEFVIVZP5;FINANCIAL;-;-;-;-;-;-;-;-;-;8977,52;-;-;-;-;-;-;-
IDIV27P615500;BRBMEFVIVZQ3;FINANCIAL;-;-;-;-;-;-;-;-;-;9059,03;-;-;-;-;-;-;-
IDIN28C679000;BRBMEFCICNJ4;FINANCIAL;-;-;-;-;-;-;-;-;-;3701,26;-;-;-;-;-;-;-
IDIN28P679000;BRBMEFVI2NJ5;FINANCIAL;-;-;-;-;-;-;-;-;-;11742,28;-;-;-;-;-;-;-
IDIK27C573900;BRBMEFCIKA53;FINANCIAL;-;-;-;-;-;-;-;-;-;1243,02;-;-;-;-;-;-;-
IDIK27C574000;BRBMEFCIKA61;FINANCIAL;-;-;-;-;-;-;-;-;-;1209,29;-;-;-;-;-;-;-
IDIK27C574100;BRBMEFCIKA79;FINANCIAL;-;-;-;-;-;-;-;-;-;1181,06;-;-;-;-;-;-;-
IDIK27C574200;BRBMEFCIKA87;FINANCIAL;-;-;-;-;-;-;-;-;-;1154,73;-;-;-;-;-;-;-
IDIK27P573900;BRBMEFVIKA43;FINANCIAL;-;-;-;-;-;-;-;-;-;830,55;-;-;-;-;-;-;-
IDIK27P574000;BRBMEFVIKA50;FINANCIAL;-;-;-;-;-;-;-;-;-;887,77;-;-;-;-;-;-;-
IDIK27P574100;BRBMEFVIKA68;FINANCIAL;-;-;-;-;-;-;-;-;-;950,48;-;-;-;-;-;-;-
IDIK27P574200;BRBMEFVIKA76;FINANCIAL;-;-;-;-;-;-;-;-;-;1015,1;-;-;-;-;-;-;-
IDIM27C580600;BRBMEFCIMAT9;FINANCIAL;-;-;-;-;-;-;-;-;-;1297,03;-;-;-;-;-;-;-
IDIM27C580700;BRBMEFCIMAU7;FINANCIAL;-;-;-;-;-;-;-;-;-;1274,38;-;-;-;-;-;-;-
IDIM27C580800;BRBMEFCIMAV5;FINANCIAL;-;-;-;-;-;-;-;-;-;1254,01;-;-;-;-;-;-;-
IDIM27C580900;BRBMEFCIMAW3;FINANCIAL;-;-;-;-;-;-;-;-;-;1237,18;-;-;-;-;-;-;-
IDIM27C581000;BRBMEFCIMAX1;FINANCIAL;-;-;-;-;-;-;-;-;-;1222,71;-;-;-;-;-;-;-
IDIM27C581100;BRBMEFCIMAY9;FINANCIAL;-;-;-;-;-;-;-;-;-;1209,81;-;-;-;-;-;-;-
IDIM27C581200;BRBMEFCIMAZ6;FINANCIAL;-;-;-;-;-;-;-;-;-;1197,9;-;-;-;-;-;-;-
IDIM27C581300;BRBMEFCIMB01;FINANCIAL;-;-;-;-;-;-;-;-;-;1187,47;-;-;-;-;-;-;-
IDIM27C581400;BRBMEFCIMB19;FINANCIAL;-;-;-;-;-;-;-;-;-;1177,76;-;-;-;-;-;-;-
IDIM27C581500;BRBMEFCIMB27;FINANCIAL;-;-;-;-;-;-;-;-;-;1168,2;-;-;-;-;-;-;-
IDIM27C581600;BRBMEFCIMB35;FINANCIAL;-;-;-;-;-;-;-;-;-;1158,94;-;-;-;-;-;-;-
IDIM27C581700;BRBMEFCIMB43;FINANCIAL;-;-;-;-;-;-;-;-;-;1150,15;-;-;-;-;-;-;-
IDIM27C581800;BRBMEFCIMB50;FINANCIAL;-;-;-;-;-;-;-;-;-;1141,6;-;-;-;-;-;-;-
IDIM27C581900;BRBMEFCIMB68;FINANCIAL;-;-;-;-;-;-;-;-;-;1133,48;-;-;-;-;-;-;-
IDIM27C582000;BRBMEFCIMB76;FINANCIAL;-;-;-;-;-;-;-;-;-;1125,75;-;-;-;-;-;-;-
IDIM27C582100;BRBMEFCIMB84;FINANCIAL;-;-;-;-;-;-;-;-;-;1118,22;-;-;-;-;-;-;-
IDIM27C582200;BRBMEFCIMB92;FINANCIAL;-;-;-;-;-;-;-;-;-;1111,06;-;-;-;-;-;-;-
IDIM27C582300;BRBMEFCIMBA7;FINANCIAL;-;-;-;-;-;-;-;-;-;1104,23;-;-;-;-;-;-;-
IDIM27C582400;BRBMEFCIMBB5;FINANCIAL;-;-;-;-;-;-;-;-;-;1097,73;-;-;-;-;-;-;-
IDIM27C582500;BRBMEFCIMBC3;FINANCIAL;-;-;-;-;-;-;-;-;-;1091,2;-;-;-;-;-;-;-
IDIM27C582600;BRBMEFCIMBD1;FINANCIAL;-;-;-;-;-;-;-;-;-;1085,15;-;-;-;-;-;-;-
IDIM27C582700;BRBMEFCIMBE9;FINANCIAL;-;-;-;-;-;-;-;-;-;1079,38;-;-;-;-;-;-;-
IDIM27C582800;BRBMEFCIMBF6;FINANCIAL;-;-;-;-;-;-;-;-;-;1074,22;-;-;-;-;-;-;-
IDIM27C582900;BRBMEFCIMBG4;FINANCIAL;-;-;-;-;-;-;-;-;-;1069,49;-;-;-;-;-;-;-
IDIM27C583000;BRBMEFCIMBH2;FINANCIAL;-;-;-;-;-;-;-;-;-;1065,18;-;-;-;-;-;-;-
IDIM27P580600;BRBMEFVIMAT9;FINANCIAL;-;-;-;-;-;-;-;-;-;1588,91;-;-;-;-;-;-;-
IDIM27P580700;BRBMEFVIMAU7;FINANCIAL;-;-;-;-;-;-;-;-;-;1656,28;-;-;-;-;-;-;-
IDIM27P580800;BRBMEFVIMAV5;FINANCIAL;-;-;-;-;-;-;-;-;-;1725,93;-;-;-;-;-;-;-
IDIM27P580900;BRBMEFVIMAW3;FINANCIAL;-;-;-;-;-;-;-;-;-;1799,12;-;-;-;-;-;-;-
IDIM27P581000;BRBMEFVIMAX1;FINANCIAL;-;-;-;-;-;-;-;-;-;1874,67;-;-;-;-;-;-;-
IDIM27P581100;BRBMEFVIMAY9;FINANCIAL;-;-;-;-;-;-;-;-;-;1951,79;-;-;-;-;-;-;-
IDIM27P581200;BRBMEFVIMAZ6;FINANCIAL;-;-;-;-;-;-;-;-;-;2029,9;-;-;-;-;-;-;-
IDIM27P581300;BRBMEFVIMB08;FINANCIAL;-;-;-;-;-;-;-;-;-;2109,49;-;-;-;-;-;-;-
IDIM27P581400;BRBMEFVIMB16;FINANCIAL;-;-;-;-;-;-;-;-;-;2189,8;-;-;-;-;-;-;-
IDIM27P581500;BRBMEFVIMB24;FINANCIAL;-;-;-;-;-;-;-;-;-;2270,26;-;-;-;-;-;-;-
IDIM27P581600;BRBMEFVIMB32;FINANCIAL;-;-;-;-;-;-;-;-;-;2351,02;-;-;-;-;-;-;-
IDIM27P581700;BRBMEFVIMB40;FINANCIAL;-;-;-;-;-;-;-;-;-;2432,24;-;-;-;-;-;-;-
IDIM27P581800;BRBMEFVIMB57;FINANCIAL;-;-;-;-;-;-;-;-;-;2513,72;-;-;-;-;-;-;-
IDIM27P581900;BRBMEFVIMB65;FINANCIAL;-;-;-;-;-;-;-;-;-;2595,61;-;-;-;-;-;-;-
IDIM27P582000;BRBMEFVIMB73;FINANCIAL;-;-;-;-;-;-;-;-;-;2677,9;-;-;-;-;-;-;-
IDIM27P582100;BRBMEFVIMB81;FINANCIAL;-;-;-;-;-;-;-;-;-;2760,4;-;-;-;-;-;-;-
IDIM27P582200;BRBMEFVIMB99;FINANCIAL;-;-;-;-;-;-;-;-;-;2843,25;-;-;-;-;-;-;-
IDIM27P582300;BRBMEFVIMBA7;FINANCIAL;-;-;-;-;-;-;-;-;-;2926,44;-;-;-;-;-;-;-
IDIM27P582400;BRBMEFVIMBB5;FINANCIAL;-;-;-;-;-;-;-;-;-;3009,96;-;-;-;-;-;-;-
IDIM27P582500;BRBMEFVIMBC3;FINANCIAL;-;-;-;-;-;-;-;-;-;3093,45;-;-;-;-;-;-;-
IDIM27P582600;BRBMEFVIMBD1;FINANCIAL;-;-;-;-;-;-;-;-;-;3177,42;-;-;-;-;-;-;-
IDIM27P582700;BRBMEFVIMBE9;FINANCIAL;-;-;-;-;-;-;-;-;-;3261,67;-;-;-;-;-;-;-
IDIM27P582800;BRBMEFVIMBF6;FINANCIAL;-;-;-;-;-;-;-;-;-;3346,53;-;-;-;-;-;-;-
IDIM27P582900;BRBMEFVIMBG4;FINANCIAL;-;-;-;-;-;-;-;-;-;3431,82;-;-;-;-;-;-;-
IDIM27P583000;BRBMEFVIMBH2;FINANCIAL;-;-;-;-;-;-;-;-;-;3517,52;-;-;-;-;-;-;-
IDIQ27C594300;BRBMEFCIQ8W6;FINANCIAL;-;-;-;-;-;-;-;-;-;1819,91;-;-;-;-;-;-;-
IDIQ27C594400;BRBMEFCIQ8X4;FINANCIAL;-;-;-;-;-;-;-;-;-;1798,2;-;-;-;-;-;-;-
IDIQ27C594500;BRBMEFCIQ8Y2;FINANCIAL;-;-;-;-;-;-;-;-;-;1778,01;-;-;-;-;-;-;-
IDIQ27C594600;BRBMEFCIQ8Z9;FINANCIAL;-;-;-;-;-;-;-;-;-;1759,32;-;-;-;-;-;-;-
IDIQ27C594700;BRBMEFCIQ903;FINANCIAL;-;-;-;-;-;-;-;-;-;1741,49;-;-;-;-;-;-;-
IDIQ27C594800;BRBMEFCIQ911;FINANCIAL;-;-;-;-;-;-;-;-;-;1724,91;-;-;-;-;-;-;-
IDIQ27C594900;BRBMEFCIQ929;FINANCIAL;-;-;-;-;-;-;-;-;-;1709,57;-;-;-;-;-;-;-
IDIQ27C595000;BRBMEFCIQ937;FINANCIAL;-;-;-;-;-;-;-;-;-;1695,24;-;-;-;-;-;-;-
IDIQ27C595100;BRBMEFCIQ945;FINANCIAL;-;-;-;-;-;-;-;-;-;1681,7;-;-;-;-;-;-;-
IDIQ27C595200;BRBMEFCIQ952;FINANCIAL;-;-;-;-;-;-;-;-;-;1668,53;-;-;-;-;-;-;-
IDIQ27C595300;BRBMEFCIQ960;FINANCIAL;-;-;-;-;-;-;-;-;-;1655,12;-;-;-;-;-;-;-
IDIQ27C595400;BRBMEFCIQ978;FINANCIAL;-;-;-;-;-;-;-;-;-;1642,07;-;-;-;-;-;-;-
IDIQ27C595500;BRBMEFCIQ986;FINANCIAL;-;-;-;-;-;-;-;-;-;1629,17;-;-;-;-;-;-;-
IDIQ27C595600;BRBMEFCIQ994;FINANCIAL;-;-;-;-;-;-;-;-;-;1616,59;-;-;-;-;-;-;-
IDIQ27C595700;BRBMEFCIQ9A0;FINANCIAL;-;-;-;-;-;-;-;-;-;1604,34;-;-;-;-;-;-;-
IDIQ27C595800;BRBMEFCIQ9B8;FINANCIAL;-;-;-;-;-;-;-;-;-;1592,41;-;-;-;-;-;-;-
IDIQ27C595900;BRBMEFCIQ9C6;FINANCIAL;-;-;-;-;-;-;-;-;-;1580,78;-;-;-;-;-;-;-
IDIQ27C596000;BRBMEFCIQ9D4;FINANCIAL;-;-;-;-;-;-;-;-;-;1569,44;-;-;-;-;-;-;-
IDIQ27C596100;BRBMEFCIQ9E2;FINANCIAL;-;-;-;-;-;-;-;-;-;1558,39;-;-;-;-;-;-;-
IDIQ27C596200;BRBMEFCIQ9F9;FINANCIAL;-;-;-;-;-;-;-;-;-;1547,62;-;-;-;-;-;-;-
IDIQ27C596300;BRBMEFCIQ9G7;FINANCIAL;-;-;-;-;-;-;-;-;-;1537,12;-;-;-;-;-;-;-
IDIQ27C596400;BRBMEFCIQ9H5;FINANCIAL;-;-;-;-;-;-;-;-;-;1527,08;-;-;-;-;-;-;-
IDIQ27C596500;BRBMEFCIQ9I3;FINANCIAL;-;-;-;-;-;-;-;-;-;1517,48;-;-;-;-;-;-;-
IDIQ27C596600;BRBMEFCIQ9J1;FINANCIAL;-;-;-;-;-;-;-;-;-;1507,93;-;-;-;-;-;-;-
IDIQ27C596700;BRBMEFCIQ9K9;FINANCIAL;-;-;-;-;-;-;-;-;-;1498,81;-;-;-;-;-;-;-
IDIQ27P594300;BRBMEFVIQ8W3;FINANCIAL;-;-;-;-;-;-;-;-;-;2492,34;-;-;-;-;-;-;-
IDIQ27P594400;BRBMEFVIQ8X1;FINANCIAL;-;-;-;-;-;-;-;-;-;2558,65;-;-;-;-;-;-;-
IDIQ27P594500;BRBMEFVIQ8Y9;FINANCIAL;-;-;-;-;-;-;-;-;-;2626,47;-;-;-;-;-;-;-
IDIQ27P594600;BRBMEFVIQ8Z6;FINANCIAL;-;-;-;-;-;-;-;-;-;2695,78;-;-;-;-;-;-;-
IDIQ27P594700;BRBMEFVIQ903;FINANCIAL;-;-;-;-;-;-;-;-;-;2765,96;-;-;-;-;-;-;-
IDIQ27P594800;BRBMEFVIQ911;FINANCIAL;-;-;-;-;-;-;-;-;-;2837,39;-;-;-;-;-;-;-
IDIQ27P594900;BRBMEFVIQ929;FINANCIAL;-;-;-;-;-;-;-;-;-;2910,05;-;-;-;-;-;-;-
IDIQ27P595000;BRBMEFVIQ937;FINANCIAL;-;-;-;-;-;-;-;-;-;2983,73;-;-;-;-;-;-;-
IDIQ27P595100;BRBMEFVIQ945;FINANCIAL;-;-;-;-;-;-;-;-;-;3058,2;-;-;-;-;-;-;-
IDIQ27P595200;BRBMEFVIQ952;FINANCIAL;-;-;-;-;-;-;-;-;-;3133,04;-;-;-;-;-;-;-
IDIQ27P595300;BRBMEFVIQ960;FINANCIAL;-;-;-;-;-;-;-;-;-;3207,64;-;-;-;-;-;-;-
IDIQ27P595400;BRBMEFVIQ978;FINANCIAL;-;-;-;-;-;-;-;-;-;3282,6;-;-;-;-;-;-;-
IDIQ27P595500;BRBMEFVIQ986;FINANCIAL;-;-;-;-;-;-;-;-;-;3357,7;-;-;-;-;-;-;-
IDIQ27P595600;BRBMEFVIQ994;FINANCIAL;-;-;-;-;-;-;-;-;-;3433,13;-;-;-;-;-;-;-
IDIQ27P595700;BRBMEFVIQ9A7;FINANCIAL;-;-;-;-;-;-;-;-;-;3508,89;-;-;-;-;-;-;-
IDIQ27P595800;BRBMEFVIQ9B5;FINANCIAL;-;-;-;-;-;-;-;-;-;3584,97;-;-;-;-;-;-;-
IDIQ27P595900;BRBMEFVIQ9C3;FINANCIAL;-;-;-;-;-;-;-;-;-;3661,34;-;-;-;-;-;-;-
IDIQ27P596000;BRBMEFVIQ9D1;FINANCIAL;-;-;-;-;-;-;-;-;-;3738,02;-;-;-;-;-;-;-
IDIQ27P596100;BRBMEFVIQ9E9;FINANCIAL;-;-;-;-;-;-;-;-;-;3814,97;-;-;-;-;-;-;-
IDIQ27P596200;BRBMEFVIQ9F6;FINANCIAL;-;-;-;-;-;-;-;-;-;3892,21;-;-;-;-;-;-;-
IDIQ27P596300;BRBMEFVIQ9G4;FINANCIAL;-;-;-;-;-;-;-;-;-;3969,72;-;-;-;-;-;-;-
IDIQ27P596400;BRBMEFVIQ9H2;FINANCIAL;-;-;-;-;-;-;-;-;-;4047,68;-;-;-;-;-;-;-
IDIQ27P596500;BRBMEFVIQ9I0;FINANCIAL;-;-;-;-;-;-;-;-;-;4126,09;-;-;-;-;-;-;-
IDIQ27P596600;BRBMEFVIQ9J8;FINANCIAL;-;-;-;-;-;-;-;-;-;4204,55;-;-;-;-;-;-;-
IDIQ27P596700;BRBMEFVIQ9K6;FINANCIAL;-;-;-;-;-;-;-;-;-;4283,44;-;-;-;-;-;-;-
IDIV27C610100;BRBMEFCIVZR1;FINANCIAL;-;-;-;-;-;-;-;-;-;2011,24;-;-;-;-;-;-;-
IDIV27C610200;BRBMEFCIVZS9;FINANCIAL;-;-;-;-;-;-;-;-;-;1997,1;-;-;-;-;-;-;-
IDIV27C610300;BRBMEFCIVZT7;FINANCIAL;-;-;-;-;-;-;-;-;-;1983,39;-;-;-;-;-;-;-
IDIV27P610100;BRBMEFVIVZR1;FINANCIAL;-;-;-;-;-;-;-;-;-;4868,52;-;-;-;-;-;-;-
IDIV27P610200;BRBMEFVIVZS9;FINANCIAL;-;-;-;-;-;-;-;-;-;4940,47;-;-;-;-;-;-;-
IDIV27P610300;BRBMEFVIVZT7;FINANCIAL;-;-;-;-;-;-;-;-;-;5012,85;-;-;-;-;-;-;-
CPMQ26C099000;BRBMEFCP81L8;FINANCIAL;-;-;-;-;-;-;-;-;-;0;-;-;-;-;-;-;-
CPMQ26C099250;BRBMEFCP81M6;FINANCIAL;0,1;0,1;0,1;0,1;0,1;0;-;-;-;0;-;-;-;-;3;872;87,2
CPMQ26C099500;BRBMEFCP81N4;FINANCIAL;0,1;0,1;2;1,674;1,5;-25;-;-;-;1,5;-;-;0,6;2;6;46.890;78500
CPMQ26C099750;BRBMEFCP81O2;FINANCIAL;95;94;96;94,796;94;-1,05;-;-;-;94,75;-;-;93;96;22;9.957;943887
CPMQ26C100000;BRBMEFCP81P9;FINANCIAL;5;4;6;5,117;5,5;-12,69;-;-;-;4,55;-;-;4,9;6;35;98.116;502098,6
CPMQ26C100250;BRBMEFCP81Q7;FINANCIAL;0,1;0,1;0,1;0,1;0,1;0;-;-;-;0;-;-;-;-;3;2.136;213,6
CPMQ26C100500;BRBMEFCP81R5;FINANCIAL;0,1;0,1;0,1;0,1;0,1;0;-;-;-;0;-;-;-;-;3;2.136;213,6
CPMQ26C100750;BRBMEFCP81S3;FINANCIAL;0,1;0,1;0,1;0,1;0,1;0;-;-;-;0;-;-;-;-;3;2.136;213,6
CPMQ26C101000;BRBMEFCP81T1;FINANCIAL;0,1;0,1;0,1;0,1;0,1;0;-;-;-;0;-;-;-;-;3;2.136;213,6
CPMQ26C101250;BRBMEFCP81U9;FINANCIAL;-;-;-;-;-;-;-;-;-;0;-;-;-;-;-;-;-
CPMQ26C101500;BRBMEFCP81V7;FINANCIAL;-;-;-;-;-;-;-;-;-;0;-;-;-;-;-;-;-
CPMQ26C101750;BRBMEFCP81W5;FINANCIAL;-;-;-;-;-;-;-;-;-;0;-;-;-;-;-;-;-
CPMQ26C102000;BRBMEFCP81X3;FINANCIAL;-;-;-;-;-;-;-;-;-;0;-;-;-;-;-;-;-
CPMU26C099000;BRBMEFCP91K9;FINANCIAL;-;-;-;-;-;-;-;-;-;0;-;-;-;-;-;-;-
CPMU26C099250;BRBMEFCP91L7;FINANCIAL;-;-;-;-;-;-;-;-;-;0;-;-;-;-;-;-;-
CPMU26C099500;BRBMEFCP91M5;FINANCIAL;5,6;5,6;7,5;7,018;7;25;-;-;-;7;-;-;6,5;-;16;94.352;662171,2
CPMU26C099750;BRBMEFCP91N3;FINANCIAL;70;63;70;63,633;63;-10;-;-;-;66;-;-;59;70;8;18.378;1169460
CPMU26C100000;BRBMEFCP91O1;FINANCIAL;25;25;30;28,503;29;7,4;-;-;-;28;-;-;25;29,9;11;41.540;1184047
CPMU26C100250;BRBMEFCP91P8;FINANCIAL;0,1;0,1;0,1;0,1;0,1;-90;-;-;-;0;-;-;-;-;3;1.642;164,2
CPMU26C100500;BRBMEFCP91Q6;FINANCIAL;0,1;0,1;0,1;0,1;0,1;-90;-;-;-;0;-;-;-;-;3;1.642;164,2
CPMU26C100750;BRBMEFCP91R4;FINANCIAL;0,1;0,1;0,1;0,1;0,1;-80;-;-;-;0;-;-;-;-;3;1.642;164,2
CPMU26C101000;BRBMEFCP91S2;FINANCIAL;0,1;0,1;0,1;0,1;0,1;-80;-;-;-;0;-;-;-;-;3;1.642;164,2
CPMU26C101250;BRBMEFCP91X2;FINANCIAL;-;-;-;-;-;-;-;-;-;0;-;-;-;-;-;-;-
CPMU26C101500;BRBMEFCP91Y0;FINANCIAL;-;-;-;-;-;-;-;-;-;0;-;-;-;-;-;-;-
CPMU26C101750;BRBMEFCP91Z7;FINANCIAL;-;-;-;-;-;-;-;-;-;0;-;-;-;-;-;-;-
CPMU26C102000;BRBMEFCP9200;FINANCIAL;-;-;-;-;-;-;-;-;-;0;-;-;-;-;-;-;-
CPMX26C099000;BRBMEFCPY175;FINANCIAL;-;-;-;-;-;-;-;-;-;0;-;-;-;-;-;-;-
CPMX26C099250;BRBMEFCPY183;FINANCIAL;-;-;-;-;-;-;-;-;-;0;-;-;-;-;-;-;-
CPMX26C099500;BRBMEFCPY191;FINANCIAL;12,5;12,5;12,5;12,5;12,5;-;-;-;-;13;-;-;-;-;2;25.000;312500
CPMX26C099750;BRBMEFCPY1A8;FINANCIAL;-;-;-;-;-;-;-;-;-;33;-;-;25;-;-;-;-
CPMX26C100000;BRBMEFCPY1B6;FINANCIAL;56,8;56,8;56,8;56,8;56,8;1,42;-;-;-;50,71;-;-;45;-;2;324;18403,2
CPMX26C100250;BRBMEFCPY1C4;FINANCIAL;-;-;-;-;-;-;-;-;-;0;-;-;-;-;-;-;-
CPMX26C100500;BRBMEFCPY1D2;FINANCIAL;-;-;-;-;-;-;-;-;-;0;-;-;-;-;-;-;-
CPMX26C100750;BRBMEFCPY1E0;FINANCIAL;-;-;-;-;-;-;-;-;-;0;-;-;-;-;-;-;-
CPMX26C101000;BRBMEFCPY1F7;FINANCIAL;-;-;-;-;-;-;-;-;-;0;-;-;-;-;-;-;-
SOYX26C004700;BRBMEFSY10X0;AGRIBUSINESS;-;-;-;-;-;-;-;-;-;432,65;-;-;-;-;-;-;-
SOYX26P004700;BRBMEFSY20X9;AGRIBUSINESS;-;-;-;-;-;-;-;-;-;0,01;-;-;-;-;-;-;-
CNLU26C120000;BRBMEFCCL261;AGRIBUSINESS;-;-;-;-;-;-;-;-;-;4,8;-;-;-;-;-;-;-
CNLU26P120000;BRBMEFVCL261;AGRIBUSINESS;-;-;-;-;-;-;-;-;-;124,34;-;-;-;-;-;-;-
CCMK27C008500;BRBMEFFM0JK9;AGRIBUSINESS;1,75;1,75;1,75;1,75;1,75;-;-;-;-;1,59;-;-;-;-;1;200;157500
CCMK27P008500;BRBMEFOV0JO9;AGRIBUSINESS;-;-;-;-;-;-;-;-;-;8,62;-;-;-;-;-;-;-
CCMF27C007675;BRBMEFFM0JL7;AGRIBUSINESS;3,89;3,89;3,89;3,89;3,89;-;-;-;-;2,92;-;-;-;-;1;110;192555
CCMF27C008525;BRBMEFFM0JM5;AGRIBUSINESS;0,5;0,5;0,5;0,5;0,5;-;-;-;-;0,77;-;-;-;-;1;110;24750
CCMF27P007675;BRBMEFOV0JP6;AGRIBUSINESS;-;-;-;-;-;-;-;-;-;2,87;-;-;-;-;-;-;-
CCMF27P008525;BRBMEFOV0JQ4;AGRIBUSINESS;-;-;-;-;-;-;-;-;-;8,73;-;-;-;-;-;-;-
CNLU26;BRBMEFCNL1E7;AGRIBUSINESS;-;-;-;-;-;-;1079,9;-;1068,29;-;11,61;1161;-;1120;-;-;-
CNLX26;BRBMEFCNL1F4;AGRIBUSINESS;-;-;-;-;-;-;1075,86;-;1064,29;-;11,57;1157;-;-;-;-;-
CNLH27;BRBMEFCNL1G2;AGRIBUSINESS;-;-;-;-;-;-;1075,86;-;1064,29;-;11,57;1157;-;-;-;-;-
CNLK27;BRBMEFCNL1H0;AGRIBUSINESS;-;-;-;-;-;-;1075,86;-;1064,29;-;11,57;1157;-;-;-;-;-
GLDG27;BRBMEFGLD0C1;FINANCIAL;-;-;-;-;-;-;4048,5;-;4061,75;-;-13,25;-67,3948;-;-;-;-;-
GLDQ26;BRBMEFGLD096;FINANCIAL;4075;4035;4080,75;4050,25;4080,75;0,48;4047,75;-;4061,25;-;-13,5;-68,6664;4045,25;4080,75;558;1.067;21981515,94
GLDV26;BRBMEFGLD0A5;FINANCIAL;-;-;-;-;-;-;4117;-;4130,5;-;-13,5;-68,6664;-;-;-;-;-
GLDZ26;BRBMEFGLD0B3;FINANCIAL;4142,5;4111,5;4142,5;4117,71;4137,5;0,13;4118,5;-;4132;-;-13,5;-68,6664;4112,25;4171,75;886;1.615;33825120,77
GLDJ27;BRBMEFGLD0G2;FINANCIAL;-;-;-;-;-;-;4048,5;-;4061,75;-;-13,25;-67,3948;-;-;-;-;-
GLDU26;BRBMEFGLD0H0;FINANCIAL;-;-;-;-;-;-;4112,5;-;4126;-;-13,5;-68,6664;4050;4176,75;-;-;-
ICFU26;BRBMEFICF3D0;AGRIBUSINESS;402;388,85;403,5;393,61;391,6;-2,45;390,8;-;401,45;-;-10,65;-5417,016;391,7;392,4;400;476;95298815,83
ICFZ26;BRBMEFICF3E8;AGRIBUSINESS;378,2;364,2;379,7;370,58;368,4;-2,41;367,15;-;377,5;-;-10,35;-5264,424;367,5;373,95;105;165;31101530,32
ICFU27;BRBMEFICF3G3;AGRIBUSINESS;366,5;357,85;366,5;363,85;357,85;-2,74;355,85;-;367,95;-;-12,1;-6154,544;355,55;368,2;8;12;2220874,83
ICFH27;BRBMEFICF3H1;AGRIBUSINESS;366,5;366,5;366,5;366,5;366,5;-3,55;367,65;-;380;-;-12,35;-6281,704;358,5;-;2;71;13235575,76
ICFK27;BRBMEFICF3J7;AGRIBUSINESS;-;-;-;-;-;-;336,45;-;348,6;-;-12,15;-6179,976;-;-;-;-;-
CCMF27C008450;BRBMEFFM0JN3;AGRIBUSINESS;0,6;0,6;0,6;0,6;0,6;-;-;-;-;0,86;-;-;-;-;1;35;9450
CCMF27P008450;BRBMEFOV0JR2;AGRIBUSINESS;-;-;-;-;-;-;-;-;-;8,12;-;-;-;-;-;-;-
ESTU27;BRBMEFEST027;FINANCIAL;-;-;-;-;-;-;97131,261;2,606;97100,461;-;30,8;36,049491570523;-;-;-;-;-
ESTU30;BRBMEFEST043;FINANCIAL;-;-;-;-;-;-;89411,442;2,829;89234,883;-;176,559;206,651369551948;-;-;-;-;-
ESTZ27;BRBMEFEST035;FINANCIAL;-;-;-;-;-;-;96465,977;2,643;96420,246;-;45,731;53,52530191596;-;-;-;-;-
ESTZ30;BRBMEFEST050;FINANCIAL;-;-;-;-;-;-;88780,366;2,847;88592,478;-;187,888;219,911262084495;-;-;-;-;-
ESTH28;BRBMEFEST076;FINANCIAL;-;-;-;-;-;-;95810,627;2,668;95750,244;-;60,383;70,674560048795;-;-;-;-;-
ESTH31;BRBMEFEST084;FINANCIAL;-;-;-;-;-;-;88151,064;2,865;87955,46;-;195,604;228,942361985734;-;-;-;-;-
ESTM28;BRBMEFEST0A2;FINANCIAL;-;-;-;-;-;-;95113,934;2,688;95038,123;-;75,811;88,732078099121;-;-;-;-;-
ESTM31;BRBMEFEST0B0;FINANCIAL;-;-;-;-;-;-;87519,862;2,884;87316,826;-;203,036;237,64105748418;-;-;-;-;-
ETHQ26;BRBMEFETH5U2;AGRIBUSINESS;-;-;-;-;-;-;2160;-;2164;-;-4;-120;2160;-;-;-;-
ETHU26;BRBMEFETH5V0;AGRIBUSINESS;-;-;-;-;-;-;2195,5;-;2200;-;-4,5;-135;2170;2270;-;-;-
ETHF27;BRBMEFETH5Z1;AGRIBUSINESS;-;-;-;-;-;-;2386,5;-;2371;-;15,5;465;2390;-;-;-;-
ETHG27;BRBMEFETH608;AGRIBUSINESS;-;-;-;-;-;-;2387;-;2380,5;-;6,5;195;2390;-;-;-;-
ETHH27;BRBMEFETH616;AGRIBUSINESS;-;-;-;-;-;-;2355,5;-;2360,5;-;-5;-150;-;-;-;-;-
ETHV26;BRBMEFETH5W8;AGRIBUSINESS;-;-;-;-;-;-;2272,5;-;2277,5;-;-5;-150;2200;2250;-;-;-
ETHX26;BRBMEFETH5X6;AGRIBUSINESS;-;-;-;-;-;-;2320;-;2325;-;-5;-150;-;-;-;-;-
ETHZ26;BRBMEFETH5Y4;AGRIBUSINESS;-;-;-;-;-;-;2367;-;2361;-;6;180;2370;-;-;-;-
ETHF28;BRBMEFETH699;AGRIBUSINESS;-;-;-;-;-;-;2355,5;-;2360,5;-;-5;-150;-;-;-;-;-
ETHJ27;BRBMEFETH665;AGRIBUSINESS;-;-;-;-;-;-;2355,5;-;2360,5;-;-5;-150;-;-;-;-;-
ETHK27;BRBMEFETH673;AGRIBUSINESS;-;-;-;-;-;-;2355,5;-;2360,5;-;-5;-150;-;-;-;-;-
ETHZ27;BRBMEFETH681;AGRIBUSINESS;-;-;-;-;-;-;2355,5;-;2360,5;-;-5;-150;-;-;-;-;-
JSEU26;BRBMEFJSE1M7;FINANCIAL;-;-;-;-;-;-;104356;-;103210;-;1146;458,4;-;-;-;-;-
JSEZ26;BRBMEFJSE1N5;FINANCIAL;-;-;-;-;-;-;105598;-;104452;-;1146;458,4;-;-;-;-;-
HSIQ26;BRBMEFHSI4W8;FINANCIAL;-;-;-;-;-;-;25996;-;25940;-;56;36,4;-;-;-;-;-
HSIU26;BRBMEFHSI4X6;FINANCIAL;-;-;-;-;-;-;25908;-;25849;-;59;38,35;-;-;-;-;-
CCMU26;BRBMEFCCP304;AGRIBUSINESS;69,18;68,41;69,36;68,85;68,73;-0,75;68,74;-;69,25;-;-0,51;-229,5;68,73;68,75;4.047;7.788;241320168
CCMK27;BRBMEFCCP338;AGRIBUSINESS;77,48;77,48;78,18;78,13;77,54;-0,21;77,23;-;77,71;-;-0,48;-216;77,53;78,05;221;292;10266502,5
CCMF27;BRBMEFCCP353;AGRIBUSINESS;77,32;76,61;77,6;76,93;76,85;-0,56;76,81;-;77,29;-;-0,48;-216;76,79;76,87;576;1.098;38015433
CCMX26;BRBMEFCCP346;AGRIBUSINESS;74,04;73,32;74,13;73,72;73,55;-0,54;73,65;-;73,95;-;-0,3;-135;73,55;73,65;2.018;2.983;98961039
CCMH27;BRBMEFCCP361;AGRIBUSINESS;78,93;78,51;78,95;78,76;78,59;-0,43;78,74;-;78,93;-;-0,19;-85,5;78,58;78,65;117;188;6663159
CCMU27;BRBMEFCCP379;AGRIBUSINESS;74,5;74;74,5;74,06;74;-0,67;74,02;-;74,5;-;-0,48;-216;74;74,05;214;1.538;51258627
CCMN27;BRBMEFCCP387;AGRIBUSINESS;-;-;-;-;-;-;74,04;-;74,52;-;-0,48;-216;74,11;75;-;-;-
CCMX27;BRBMEFCCP395;AGRIBUSINESS;76,88;76,88;76,89;76,88;76,89;-0,15;76,82;-;77,01;-;-0,19;-85,5;76,3;76,55;8;8;276795
T10U26;BRBMEFT102R8;FINANCIAL;108,417;108,345;108,49;108,421;108,49;0,45;108,4218;-;108;-;0,4218;2139,49614;108,49;108,524;228;1.371;753975543,53
T10Z26;BRBMEFT102S6;FINANCIAL;-;-;-;-;-;-;108,1406;-;107,7187;-;0,4219;2140,00337;-;-;-;-;-
T10H27;BRBMEFT102T4;FINANCIAL;-;-;-;-;-;-;108,0468;-;107,625;-;0,4218;2139,49614;-;-;-;-;-
TIEU27;BRBMEFTIE028;FINANCIAL;-;-;-;-;-;-;92681,899;6,967;92634,612;-;47,287;41,5785511896;-;-;-;-;-
TIEU30;BRBMEFTIE044;FINANCIAL;-;-;-;-;-;-;72845,245;8,905;72579,656;-;265,589;233,5273083912;-;-;-;-;-
TIEZ27;BRBMEFTIE036;FINANCIAL;-;-;-;-;-;-;91015,096;7,122;90940,629;-;74,467;65,4774033336;-;-;-;-;-
TIEZ30;BRBMEFTIE051;FINANCIAL;-;-;-;-;-;-;71316,11;9,061;71035,167;-;280,943;247,0277857944;-;-;-;-;-
TIEH28;BRBMEFTIE077;FINANCIAL;-;-;-;-;-;-;89334,126;7,285;89230,763;-;103,363;90,8851013304;-;-;-;-;-
TIEH31;BRBMEFTIE085;FINANCIAL;-;-;-;-;-;-;69813,681;9,216;69517,978;-;295,703;260,0059704024;-;-;-;-;-
TIEM28;BRBMEFTIE0A4;FINANCIAL;-;-;-;-;-;-;87517,683;7,463;87387,24;-;130,443;114,6960253944;-;-;-;-;-
TIEM31;BRBMEFTIE0B2;FINANCIAL;-;-;-;-;-;-;68336,637;9,371;68024,519;-;312,118;274,4393647344;-;-;-;-;-
TIEU26;BRBMEFTIE0C0;FINANCIAL;-;-;-;-;-;-;99208,449;6,528;99208,544;-;-0,095;-0,083531676;-;-;-;-;-
TIEU28;BRBMEFTIE0D8;FINANCIAL;-;-;-;-;-;-;85840,355;7,623;85687,099;-;153,256;134,7550582848;-;-;-;-;-
TIEU31;BRBMEFTIE0E6;FINANCIAL;-;-;-;-;-;-;66890,373;9,524;66562,431;-;327,942;288,3531041136;-;-;-;-;-
SFRU27;BRBMEFSF0021;FINANCIAL;-;-;-;-;-;-;95564,836;4,095;95540,936;-;23,9;24,312992;-;-;-;-;-
SFRU30;BRBMEFSF0047;FINANCIAL;-;-;-;-;-;-;84496,766;4,383;84317,214;-;179,552;182,65465856;-;-;-;-;-
SFRZ27;BRBMEFSF0039;FINANCIAL;-;-;-;-;-;-;94575,412;4,138;94541,008;-;34,404;34,99850112;-;-;-;-;-
SFRZ30;BRBMEFSF0054;FINANCIAL;-;-;-;-;-;-;83629,172;4,41;83439,734;-;189,438;192,71148864;-;-;-;-;-
SFRH28;BRBMEFSF0070;FINANCIAL;-;-;-;-;-;-;93605,886;4,168;93559,297;-;46,589;47,39405792;-;-;-;-;-
SFRH31;BRBMEFSF0088;FINANCIAL;-;-;-;-;-;-;82769,86;4,437;82567,478;-;202,382;205,87916096;-;-;-;-;-
SFRM28;BRBMEFSF00B6;FINANCIAL;-;-;-;-;-;-;92586,115;4,19;92525,248;-;60,867;61,91878176;-;-;-;-;-
SFRM31;BRBMEFSF00D2;FINANCIAL;-;-;-;-;-;-;81912,232;4,466;81696,875;-;215,357;219,07836896;-;-;-;-;-
SFRU26;BRBMEFSF00A8;FINANCIAL;-;-;-;-;-;-;99552,6;3,677;99552,207;-;0,393;0,39979104;-;-;-;-;-
SFRU28;BRBMEFSF00C4;FINANCIAL;-;-;-;-;-;-;91654,287;4,208;91579,875;-;74,412;75,69783936;-;-;-;-;-
SFRU31;BRBMEFSF00E0;FINANCIAL;-;-;-;-;-;-;81059,144;4,496;80834,201;-;224,943;228,83001504;-;-;-;-;-
BGIQ26;BRBMEFBGI7P5;AGRIBUSINESS;348,5;340,55;348,75;343,8;341;-1,95;340,95;-;347,8;-;-6,85;-2260,5;341,2;341,35;1.986;3.252;368958694,5
BGIU26;BRBMEFBGI7S9;AGRIBUSINESS;348,35;340,7;349;344,95;341,8;-1,88;341,75;-;348,35;-;-6,6;-2178;341,75;342,1;1.920;5.194;591264960
BGIV26;BRBMEFBGI7U5;AGRIBUSINESS;353,5;349,05;355,35;351,16;350;-0,97;349,65;-;353,45;-;-3,8;-1254;349,6;350;2.939;4.294;497602231,5
BGIX26;BRBMEFBGI7W1;AGRIBUSINESS;356;350,65;357;353,12;350,95;-1,32;351,15;-;355,65;-;-4,5;-1485;350,7;351,35;2.191;2.874;334907199
BGIF27;BRBMEFBGI7Y7;AGRIBUSINESS;370,3;363,75;370,3;365,96;364,1;-1,43;364,5;-;369,4;-;-4,9;-1617;363,55;364,15;74;74;8936779,5
BGIG27;BRBMEFBGI7Z4;AGRIBUSINESS;369;364,25;369;368,1;364,25;-1,36;364,4;-;369,3;-;-4,9;-1617;362,5;366,75;15;15;1822111,5
BGIH27;BRBMEFBGI807;AGRIBUSINESS;368;365;368;366,92;365;-1,36;365,15;-;370,05;-;-4,9;-1617;363,25;365,95;5;9;1089759
BGIZ26;BRBMEFBGI7X9;AGRIBUSINESS;362;355,75;364,15;358,41;356,05;-1,64;356,25;-;362;-;-5,75;-1897,5;356,05;356,75;411;670;79245061,5
BGIK27;BRBMEFBGI815;AGRIBUSINESS;-;-;-;-;-;-;364,1;-;369;-;-4,9;-1617;362,5;372,55;-;-;-
DDIF27;BRBMEFDDI4X7;FINANCIAL;-;-;-;-;-;-;98021,26;4,719;97787,96;-;233,3;592,267045;-;-;-;-;-
DDIF28;BRBMEFDDI4Z2;FINANCIAL;5,41;5,41;5,41;5,41;5,41;-3,87;92777,81;5,41;92508,32;-;269,49;684,1407885;-;-;1;4;942121,52
DDIF29;BRBMEFDDI4W9;FINANCIAL;-;-;-;-;-;-;87819,09;5,655;87528,01;-;291,08;738,950242;-;-;-;-;-
DDIF30;BRBMEFDDI4Y5;FINANCIAL;5,872;5,872;5,872;5,872;5,872;-1,96;83086,66;5,872;82804,29;-;282,37;716,8386005;-;-;1;3;632783,82
DDIF31;BRBMEFDDI693;FINANCIAL;6,146;6,146;6,146;6,146;6,146;-1,67;78408,31;6,146;78120,88;-;287,43;729,6841695;-;-;1;2;398102,5
DDIF35;BRBMEFDDI6K9;FINANCIAL;-;-;-;-;-;-;61475,32;7,339;61208,63;-;266,69;677,0325685;-;-;-;-;-
DDIF33;BRBMEFDDI6L7;FINANCIAL;-;-;-;-;-;-;69645,43;6,691;69299,95;-;345,48;877,052802;-;-;-;-;-
DDIF36;BRBMEFDDI6W4;FINANCIAL;-;-;-;-;-;-;57802,69;7,642;57575,85;-;226,84;575,867366;-;-;-;-;-
DDIV26;BRBMEFDDI743;FINANCIAL;7,373;7,373;7,373;7,373;7,373;42,88;99392,08;3,732;99161,36;-;230,72;585,717328;-;-;1;900;225750618
DDIF37;BRBMEFDDI776;FINANCIAL;-;-;-;-;-;-;54327,35;7,954;54110,32;-;217,03;550,9632095;-;-;-;-;-
DDIF32;BRBMEFDDI792;FINANCIAL;-;-;-;-;-;-;73878,84;6,435;73623,49;-;255,35;648,2442775;-;-;-;-;-
DDIF34;BRBMEFDDI7A8;FINANCIAL;-;-;-;-;-;-;65479,24;7,006;65171,6;-;307,64;780,990286;-;-;-;-;-
DDIJ27;BRBMEFDDI7C4;FINANCIAL;-;-;-;-;-;-;96799,44;4,939;96561,97;-;237,47;602,8532155;-;-;-;-;-
DDIN27;BRBMEFDDI7F7;FINANCIAL;-;-;-;-;-;-;95474,31;5,14;95226,12;-;248,19;630,0675435;-;-;-;-;-
DDIV27;BRBMEFDDI7I1;FINANCIAL;-;-;-;-;-;-;94127,67;5,297;93874,86;-;252,81;641,7961065;-;-;-;-;-
DDIF38;BRBMEFDDI7M3;FINANCIAL;-;-;-;-;-;-;51071,13;8,267;50865,08;-;206,05;523,0888325;-;-;-;-;-
DDIJ28;BRBMEFDDI7P6;FINANCIAL;-;-;-;-;-;-;91553;5,454;91263,14;-;289,86;735,853089;-;-;-;-;-
DDIN28;BRBMEFDDI7S0;FINANCIAL;5,483;5,483;5,483;5,483;5,483;-3,29;90365,76;5,483;90069,14;-;296,62;753,014363;-;-;1;5;1147035,15
DDIV28;BRBMEFDDI7V4;FINANCIAL;-;-;-;-;-;-;89104,69;5,565;88782,92;-;321,77;816,8614105;-;-;-;-;-
DDIF39;BRBMEFDDI7Y8;FINANCIAL;-;-;-;-;-;-;47970,65;8,608;47773,9;-;196,75;499,4793875;-;-;-;-;-
DDIJ29;BRBMEFDDI818;FINANCIAL;-;-;-;-;-;-;86683,21;5,684;86405,74;-;277,47;704,3992155;-;-;-;-;-
DDIN29;BRBMEFDDI826;FINANCIAL;-;-;-;-;-;-;85513,03;5,732;85213,16;-;299,87;761,2649755;-;-;-;-;-
DDIV29;BRBMEFDDI875;FINANCIAL;-;-;-;-;-;-;84317,95;5,797;84014,04;-;303,91;771,5211215;-;-;-;-;-
DDIF40;BRBMEFDDI8B4;FINANCIAL;-;-;-;-;-;-;45164,85;8,92;44979,97;-;184,88;469,345612;-;-;-;-;-
DDIN30;BRBMEFDDI8A6;FINANCIAL;-;-;-;-;-;-;80775,44;6;80490,9;-;284,54;722,347471;-;-;-;-;-
DDIJ30;BRBMEFDDI8E8;FINANCIAL;-;-;-;-;-;-;81961,5;5,926;81674,88;-;286,62;727,627863;-;-;-;-;-
DDIQ26;BRBMEFDDI8H1;FINANCIAL;-;-;-;-;-;-;100000;0;100000;-;0;0;-;-;-;-;-
DDIV30;BRBMEFDDI8I9;FINANCIAL;-;-;-;-;-;-;79642,35;6,054;79358,3;-;284,05;721,1035325;-;-;-;-;-
DDIQ27;BRBMEFDDI8J7;FINANCIAL;-;-;-;-;-;-;95014,9;5,189;94763,95;-;250,95;637,0742175;-;-;-;-;-
DDIU26;BRBMEFDDI8K5;FINANCIAL;8,619;2,765;11,077;7,096;3,12;-41,75;99797,89;2,514;99570,34;-;227,55;577,6698075;-;-;7;6.964;1757876218,89
DDIZ26;BRBMEFDDI8L3;FINANCIAL;-;-;-;-;-;-;98539,97;4,445;98310,42;-;229,55;582,7471075;-;-;-;-;-
DDIX26;BRBMEFDDI8M1;FINANCIAL;-;-;-;-;-;-;98930,56;4,23;98699,91;-;230,65;585,5396225;-;-;-;-;-
DDIJ31;BRBMEFDDI9J5;FINANCIAL;-;-;-;-;-;-;77281,35;6,218;76994,17;-;287,18;729,049507;-;-;-;-;-
DDIN31;BRBMEFDDI9I7;FINANCIAL;-;-;-;-;-;-;76200,31;6,271;75913,75;-;286,56;727,475544;-;-;-;-;-
DDIV31;BRBMEFDDI9K3;FINANCIAL;-;-;-;-;-;-;75153,61;6,314;74897,62;-;255,99;649,8690135;-;-;-;-;-
DDIF41;BRBMEFDDI9L1;FINANCIAL;-;-;-;-;-;-;42521,47;9,241;42343,34;-;178,13;452,2097245;-;-;-;-;-
DDIG27;BRBMEFDDI9M9;FINANCIAL;-;-;-;-;-;-;97636,13;4,789;97401,27;-;234,86;596,227339;-;-;-;-;-
DDIX27;BRBMEFDDI9N7;FINANCIAL;-;-;-;-;-;-;93720,82;5,301;93454,63;-;266,19;675,7632435;-;-;-;-;-
DDIX28;BRBMEFDDI9P2;FINANCIAL;-;-;-;-;-;-;88694,92;5,589;88388,98;-;305,94;776,674581;-;-;-;-;-
DDIX29;BRBMEFDDI9R8;FINANCIAL;-;-;-;-;-;-;83913,47;5,819;83610,1;-;303,37;770,1502505;-;-;-;-;-
DDIZ27;BRBMEFDDI9O5;FINANCIAL;-;-;-;-;-;-;93298,04;5,332;93030,66;-;267,38;678,784237;-;-;-;-;-
DDIZ28;BRBMEFDDI9Q0;FINANCIAL;-;-;-;-;-;-;88304,22;5,603;87997,09;-;307,13;779,6955745;-;-;-;-;-
DDIZ29;BRBMEFDDI9S6;FINANCIAL;-;-;-;-;-;-;83569,73;5,811;83285,51;-;284,22;721,535103;-;-;-;-;-
DDIH27;BRBMEFDDI9T4;FINANCIAL;-;-;-;-;-;-;97240,95;4,864;97005,02;-;235,93;598,9436945;-;-;-;-;-
DDIK27;BRBMEFDDI9U2;FINANCIAL;-;-;-;-;-;-;96336,99;5,014;96098,41;-;238,58;605,671117;-;-;-;-;-
DDIM27;BRBMEFDDI9V0;FINANCIAL;-;-;-;-;-;-;95907,23;5,087;95660,14;-;247,09;627,2750285;-;-;-;-;-
DCOF27;BRBMEFDCO1S6;FINANCIAL;-;-;-;-;-;-;98021,26;4,719;97787,96;-;233,3;592,267045;-;-;-;-;-
DCOF28;BRBMEFDCO1P2;FINANCIAL;-;-;-;-;-;-;92777,81;5,41;92508,32;-;269,49;684,1407885;-;-;-;-;-
DCOF29;BRBMEFDCO1R8;FINANCIAL;-;-;-;-;-;-;87819,09;5,655;87528,01;-;291,08;738,950242;-;-;-;-;-
DCOF30;BRBMEFDCO1Q0;FINANCIAL;-;-;-;-;-;-;83086,66;5,872;82804,29;-;282,37;716,8386005;-;-;-;-;-
DCOF31;BRBMEFDCO313;FINANCIAL;-;-;-;-;-;-;78408,31;6,146;78120,88;-;287,43;729,6841695;-;-;-;-;-
DCOF35;BRBMEFDCO3C6;FINANCIAL;-;-;-;-;-;-;61475,32;7,339;61208,63;-;266,69;677,0325685;-;-;-;-;-
DCOF33;BRBMEFDCO3D4;FINANCIAL;-;-;-;-;-;-;69645,43;6,691;69299,95;-;345,48;877,052802;-;-;-;-;-
DCOF36;BRBMEFDCO3O1;FINANCIAL;-;-;-;-;-;-;57802,69;7,642;57575,85;-;226,84;575,867366;-;-;-;-;-
DCOV26;BRBMEFDCO3W4;FINANCIAL;-;-;-;-;-;-;99392,08;3,732;99161,36;-;230,72;585,717328;-;-;-;-;-
DCOF37;BRBMEFDCO3Z7;FINANCIAL;-;-;-;-;-;-;54327,35;7,954;54110,32;-;217,03;550,9632095;-;-;-;-;-
DCOF32;BRBMEFDCO412;FINANCIAL;-;-;-;-;-;-;73878,84;6,435;73623,49;-;255,35;648,2442775;-;-;-;-;-
DCOF34;BRBMEFDCO420;FINANCIAL;-;-;-;-;-;-;65479,24;7,006;65171,6;-;307,64;780,990286;-;-;-;-;-
DCOJ27;BRBMEFDCO446;FINANCIAL;-;-;-;-;-;-;96799,44;4,939;96561,97;-;237,47;602,8532155;-;-;-;-;-
DCON27;BRBMEFDCO479;FINANCIAL;-;-;-;-;-;-;95474,31;5,14;95226,12;-;248,19;630,0675435;-;-;-;-;-
DCOV27;BRBMEFDCO4A8;FINANCIAL;-;-;-;-;-;-;94127,67;5,297;93874,86;-;252,81;641,7961065;-;-;-;-;-
DCOF38;BRBMEFDCO4E0;FINANCIAL;-;-;-;-;-;-;51071,13;8,267;50865,08;-;206,05;523,0888325;-;-;-;-;-
DCOJ28;BRBMEFDCO4H3;FINANCIAL;-;-;-;-;-;-;91553;5,454;91263,14;-;289,86;735,853089;-;-;-;-;-
DCON28;BRBMEFDCO4K7;FINANCIAL;-;-;-;-;-;-;90365,76;5,483;90069,14;-;296,62;753,014363;-;-;-;-;-
DCOV28;BRBMEFDCO4N1;FINANCIAL;-;-;-;-;-;-;89104,69;5,565;88782,92;-;321,77;816,8614105;-;-;-;-;-
DCOF39;BRBMEFDCO4Q4;FINANCIAL;-;-;-;-;-;-;47970,65;8,608;47773,9;-;196,75;499,4793875;-;-;-;-;-
DCOJ29;BRBMEFDCO4T8;FINANCIAL;-;-;-;-;-;-;86683,21;5,684;86405,74;-;277,47;704,3992155;-;-;-;-;-
DCON29;BRBMEFDCO4U6;FINANCIAL;-;-;-;-;-;-;85513,03;5,732;85213,16;-;299,87;761,2649755;-;-;-;-;-
DCOV29;BRBMEFDCO4Z5;FINANCIAL;-;-;-;-;-;-;84317,95;5,797;84014,04;-;303,91;771,5211215;-;-;-;-;-
DCOF40;BRBMEFDCO537;FINANCIAL;-;-;-;-;-;-;45164,85;8,92;44979,97;-;184,88;469,345612;-;-;-;-;-
DCON30;BRBMEFDCO529;FINANCIAL;-;-;-;-;-;-;80775,44;6;80490,9;-;284,54;722,347471;-;-;-;-;-
DCOJ30;BRBMEFDCO560;FINANCIAL;-;-;-;-;-;-;81961,5;5,926;81674,88;-;286,62;727,627863;-;-;-;-;-
DCOQ26;BRBMEFDCO594;FINANCIAL;-;-;-;-;-;-;100000;0;100000;-;0;0;-;-;-;-;-
DCOV30;BRBMEFDCO5A5;FINANCIAL;-;-;-;-;-;-;79642,35;6,054;79358,3;-;284,05;721,1035325;-;-;-;-;-
DCOQ27;BRBMEFDCO5B3;FINANCIAL;-;-;-;-;-;-;95014,9;5,189;94763,95;-;250,95;637,0742175;-;-;-;-;-
DCOU26;BRBMEFDCO5C1;FINANCIAL;-;-;-;-;-;-;99797,89;2,514;99570,34;-;227,55;577,6698075;-;-;-;-;-
DCOZ26;BRBMEFDCO5D9;FINANCIAL;-;-;-;-;-;-;98539,97;4,445;98310,42;-;229,55;582,7471075;-;-;-;-;-
DCOX26;BRBMEFDCO5E7;FINANCIAL;-;-;-;-;-;-;98930,56;4,23;98699,91;-;230,65;585,5396225;-;-;-;-;-
DCOJ31;BRBMEFDCO5G2;FINANCIAL;-;-;-;-;-;-;77281,35;6,218;76994,17;-;287,18;729,049507;-;-;-;-;-
DCON31;BRBMEFDCO5F4;FINANCIAL;-;-;-;-;-;-;76200,31;6,271;75913,75;-;286,56;727,475544;-;-;-;-;-
DCOV31;BRBMEFDCO5H0;FINANCIAL;-;-;-;-;-;-;75153,61;6,314;74897,62;-;255,99;649,8690135;-;-;-;-;-
DCOF41;BRBMEFDCO5I8;FINANCIAL;-;-;-;-;-;-;42521,47;9,241;42343,34;-;178,13;452,2097245;-;-;-;-;-
DCOG27;BRBMEFDCO5J6;FINANCIAL;-;-;-;-;-;-;97636,13;4,789;97401,27;-;234,86;596,227339;-;-;-;-;-
DCOX27;BRBMEFDCO5K4;FINANCIAL;-;-;-;-;-;-;93720,82;5,301;93454,63;-;266,19;675,7632435;-;-;-;-;-
DCOX28;BRBMEFDCO5M0;FINANCIAL;-;-;-;-;-;-;88694,92;5,589;88388,98;-;305,94;776,674581;-;-;-;-;-
DCOX29;BRBMEFDCO5O6;FINANCIAL;-;-;-;-;-;-;83913,47;5,819;83610,1;-;303,37;770,1502505;-;-;-;-;-
DCOZ27;BRBMEFDCO5L2;FINANCIAL;-;-;-;-;-;-;93298,04;5,332;93030,66;-;267,38;678,784237;-;-;-;-;-
DCOZ28;BRBMEFDCO5N8;FINANCIAL;-;-;-;-;-;-;88304,22;5,603;87997,09;-;307,13;779,6955745;-;-;-;-;-
DCOZ29;BRBMEFDCO5P3;FINANCIAL;-;-;-;-;-;-;83569,73;5,811;83285,51;-;284,22;721,535103;-;-;-;-;-
DCOH27;BRBMEFDCO5Q1;FINANCIAL;-;-;-;-;-;-;97240,95;4,864;97005,02;-;235,93;598,9436945;-;-;-;-;-
DCOK27;BRBMEFDCO5R9;FINANCIAL;-;-;-;-;-;-;96336,99;5,014;96098,41;-;238,58;605,671117;-;-;-;-;-
DCOM27;BRBMEFDCO5S7;FINANCIAL;-;-;-;-;-;-;95907,23;5,087;95660,14;-;247,09;627,2750285;-;-;-;-;-
DI1F27;BRBMEFD1I4Z0;FINANCIAL;13,755;13,755;13,81;13,791;13,805;0,07;94805,11;13,799;94806,62;-;-1,51;-1,51;13,8;13,81;8.408;505.557;47930663160,24
DI1F28;BRBMEFD1I4Y3;FINANCIAL;13,8;13,755;13,85;13,808;13,81;-0,36;83356,14;13,795;83288,92;-;67,22;67,22;13,81;13,82;31.771;436.320;36363710676,05
DI1F29;BRBMEFD1I4K2;FINANCIAL;14,02;13,965;14,045;13,997;13,98;-0,82;73126,01;13,974;72939,18;-;186,83;186,83;13,975;13,985;39.867;378.606;27672327646,96
DI1F30;BRBMEFD1I504;FINANCIAL;14,175;14,095;14,19;14,127;14,105;-1,16;64001,67;14,11;63697,03;-;304,64;304,64;14,105;14,13;18.292;106.649;6822230325,49
DI1F31;BRBMEFD1I686;FINANCIAL;14,3;14,175;14,3;14,23;14,19;-1,33;55905,03;14,195;55505,27;-;399,76;399,76;14,19;14,195;30.036;284.834;15901773317,04
DI1F35;BRBMEFD1I6J9;FINANCIAL;14,56;14,4;14,56;14,464;14,41;-1,61;32413,94;14,424;31892,32;-;521,62;521,62;14,41;14,415;12.443;47.733;1542611477,05
DI1F33;BRBMEFD1I678;FINANCIAL;14,46;14,345;14,475;14,403;14,355;-1,49;42472,42;14,362;41975,16;-;497,26;497,26;14,345;14,37;8.127;41.365;1752838643,39
DI1F36;BRBMEFD1I6W2;FINANCIAL;14,54;14,405;14,54;14,455;14,415;-1,64;28368,76;14,426;27840,67;-;528,09;528,09;-;-;118;344;9735175,11
DI1V26;BRBMEFD1I744;FINANCIAL;13,89;13,883;13,899;13,893;13,896;0,05;97854,75;13,896;97855,77;-;-1,02;-1,02;13,897;13,9;2.931;262.578;25694600435,76
DI1F37;BRBMEFD1I777;FINANCIAL;14,57;14,435;14,59;14,483;14,435;-1,76;24716,29;14,454;24183,4;-;532,89;532,89;14,435;14,44;4.470;10.754;265081795,66
DI1F32;BRBMEFD1I793;FINANCIAL;14,39;14,285;14,405;14,33;14,3;-1,34;48714,25;14,3;48268,89;-;445,36;445,36;14,285;14,3;6.390;39.057;1899939502,34
DI1F34;BRBMEFD1I7A6;FINANCIAL;14,515;14,375;14,515;14,415;14,38;-1,58;37091,31;14,39;36566,35;-;524,96;524,96;14,37;-;76;319;11812397,09
DI1J27;BRBMEFD1I7C2;FINANCIAL;13,775;13,77;13,82;13,798;13,815;-0,02;91930,68;13,801;91921,22;-;9,46;9,46;13,815;13,825;2.149;67.460;6201715079,59
DI1N27;BRBMEFD1I7F5;FINANCIAL;13,765;13,765;13,84;13,808;13,825;-0,12;89008,37;13,799;88978,33;-;30,04;30,04;13,82;13,835;7.941;128.781;11461743962,36
DI1V27;BRBMEFD1I7I9;FINANCIAL;13,785;13,785;13,85;13,82;13,82;-0,26;86086,97;13,802;86038,78;-;48,19;48,19;13,815;13,83;2.133;38.830;3342118320,39
DI1F38;BRBMEFD1I7P4;FINANCIAL;14,555;14,44;14,555;14,503;14,445;-1,5;21629,69;14,454;21182,18;-;447,51;447,51;-;-;25;102;2195384,97
DI1J28;BRBMEFD1I7S8;FINANCIAL;13,81;13,81;13,885;13,845;13,835;-0,5;80667,37;13,828;80576,45;-;90,92;90,92;13,83;13,85;909;14.621;1179133043,96
DI1N28;BRBMEFD1I7V2;FINANCIAL;13,875;13,86;13,935;13,893;13,88;-0,67;78114,93;13,876;77987,79;-;127,14;127,14;13,87;13,895;5.190;26.430;2063968916,15
DI1V28;BRBMEFD1I7Y6;FINANCIAL;13,945;13,93;14,005;13,952;13,955;-0,68;75500,56;13,931;75329,75;-;170,81;170,81;13,93;13,95;840;6.386;481948912,79
DI1F39;BRBMEFD1I819;FINANCIAL;-;-;-;-;-;-;18969,53;14,424;18542,92;-;426,61;426,61;-;-;-;-;-
DI1J29;BRBMEFD1I843;FINANCIAL;14,07;14,015;14,09;14,043;14,015;-1,02;70760,23;14,027;70543,2;-;217,03;217,03;-;14,04;121;2.914;206114970,55
DI1N29;BRBMEFD1I850;FINANCIAL;14,1;14,055;14,135;14,094;14,06;-1,06;68406,58;14,067;68156,18;-;250,4;250,4;14,06;14,08;3.912;17.435;1191833231,11
DI1V29;BRBMEFD1I8A4;FINANCIAL;14,145;14,075;14,15;14,096;14,085;-1,12;66123,22;14,086;65834,57;-;288,65;288,65;14,075;14,095;227;7.143;472181889,18
DI1F40;BRBMEFD1I8E6;FINANCIAL;-;-;-;-;-;-;16614,23;14,41;16210,77;-;403,46;403,46;-;-;-;-;-
DI1N30;BRBMEFD1I8D8;FINANCIAL;14,235;14,14;14,245;14,189;14,155;-1,21;59920,96;14,153;59564,48;-;356,48;356,48;14,145;14,165;745;2.999;179479138,3
DI1J30;BRBMEFD1I8H9;FINANCIAL;14,195;14,125;14,195;14,163;14,13;-1,13;61957,62;14,126;61631,9;-;325,72;325,72;14,115;14,14;84;386;23887250,33
DI1Q26;BRBMEFD1I8K3;FINANCIAL;-;-;-;-;-;-;100000;14,15;100000;-;0;0;-;-;-;-;-
DI1V30;BRBMEFD1I8L1;FINANCIAL;14,23;14,155;14,245;14,197;14,16;-1,34;57843,61;14,17;57461,77;-;381,84;381,84;14,15;14,275;85;152;8783615,75
DI1Q27;BRBMEFD1I8M9;FINANCIAL;13,81;13,8;13,84;13,811;13,82;-0,16;88008,04;13,801;87976,13;-;31,91;31,91;13,81;13,84;30;1.206;106128073,42
DI1U26;BRBMEFD1I8N7;FINANCIAL;13,95;13,94;13,955;13,95;13,951;0,02;98917,51;13,952;98917,81;-;-0,3;-0,3;13,951;13,954;931;202.621;20042785069,45
DI1Z26;BRBMEFD1I8O5;FINANCIAL;13,8;13,8;13,82;13,809;13,815;0,06;95877,47;13,812;95879,16;-;-1,69;-1,69;13,815;13,825;184;10.527;1009310134,57
DI1X26;BRBMEFD1I8P2;FINANCIAL;13,825;13,825;13,85;13,841;13,849;0,1;96810,93;13,842;96812,4;-;-1,47;-1,47;13,841;13,851;696;13.220;1279842702,98
DI1J31;BRBMEFD1I8Q0;FINANCIAL;14,285;14,19;14,285;14,254;14,195;-1,4;54108,82;14,208;53696,31;-;412,51;412,51;14,185;14,215;62;134;7237047,84
DI1N31;BRBMEFD1I8R8;FINANCIAL;14,32;14,22;14,32;14,281;14,235;-1,33;52333,99;14,236;51909,87;-;424,12;424,12;14,22;14,245;114;376;19639173,68
DI1V31;BRBMEFD1I8S6;FINANCIAL;14,35;14,245;14,35;14,288;14,25;-1,41;50486,73;14,26;50048,99;-;437,74;437,74;14,245;14,265;71;167;8420554,09
DI1F41;BRBMEFD1I8T4;FINANCIAL;-;-;-;-;-;-;14553,57;14,401;14174,2;-;379,37;379,37;-;-;-;-;-
DI1G27;BRBMEFD1I8U2;FINANCIAL;13,775;13,775;13,815;13,8;13,815;0,07;93839,1;13,795;93835,35;-;3,75;3,75;13,805;13,82;545;3.262;306095356,97
DI1X27;BRBMEFD1I8V0;FINANCIAL;13,82;13,81;13,84;13,831;13,81;-0,32;85216,48;13,793;85158,98;-;57,5;57,5;13,8;13,83;51;2.363;201283181,74
DI1X28;BRBMEFD1I8X6;FINANCIAL;14,01;13,96;14,01;14,002;13,96;-0,76;74658,02;13,949;74484,03;-;173,99;173,99;-;-;9;154;11485300,54
DI1X29;BRBMEFD1I8Z1;FINANCIAL;14,155;14,155;14,155;14,155;14,155;-0,65;65355,76;14,092;65068,06;-;287,7;287,7;-;-;7;100;6523946
DI1Z27;BRBMEFD1I8W8;FINANCIAL;13,79;13,79;13,84;13,825;13,82;-0,22;84351,95;13,788;84290,36;-;61,59;61,59;13,8;13,82;25;3.626;305726701,37
DI1Z28;BRBMEFD1I8Y4;FINANCIAL;-;-;-;-;-;-;73905,58;13,963;73729,02;-;176,56;176,56;-;-;-;-;-
DI1Z29;BRBMEFD1I900;FINANCIAL;14,16;14,16;14,16;14,16;14,16;-0,68;64698,11;14,098;64401,09;-;297,02;297,02;-;-;17;100;6458217
DI1H27;BRBMEFD1I918;FINANCIAL;13,795;13,795;13,825;13,799;13,825;0,07;92973,67;13,802;92968,31;-;5,36;5,36;13,81;13,825;34;1.152;107106739,17
DI1K27;BRBMEFD1I926;FINANCIAL;13,8;13,8;13,805;13,803;13,805;-0,13;90947,35;13,798;90932,54;-;14,81;14,81;13,81;13,83;93;2.927;266192609,84
DI1M27;BRBMEFD1I934;FINANCIAL;13,81;13,8;13,835;13,816;13,8;-0,21;90019,15;13,798;89998,27;-;20,88;20,88;13,81;13,835;8;580;52204107,25
OC1F27;BRBMEFOC11Z8;FINANCIAL;-;-;-;-;-;-;94805,11;13,799;94806,62;-;-1,51;-1,51;-;-;-;-;-
OC1F28;BRBMEFOC11X3;FINANCIAL;-;-;-;-;-;-;83356,14;13,795;83288,92;-;67,22;67,22;-;-;-;-;-
OC1F29;BRBMEFOC11J2;FINANCIAL;-;-;-;-;-;-;73126,01;13,974;72939,18;-;186,83;186,83;-;-;-;-;-
OC1F30;BRBMEFOC11Y1;FINANCIAL;-;-;-;-;-;-;64001,67;14,11;63697,03;-;304,64;304,64;-;-;-;-;-
OC1F31;BRBMEFOC1364;FINANCIAL;-;-;-;-;-;-;55905,03;14,195;55505,27;-;399,76;399,76;-;-;-;-;-
OC1F35;BRBMEFOC13H2;FINANCIAL;-;-;-;-;-;-;32413,94;14,424;31892,32;-;521,62;521,62;-;-;-;-;-
OC1F33;BRBMEFOC13I0;FINANCIAL;-;-;-;-;-;-;42472,42;14,362;41975,16;-;497,26;497,26;-;-;-;-;-
OC1F36;BRBMEFOC13T7;FINANCIAL;-;-;-;-;-;-;28368,76;14,426;27840,67;-;528,09;528,09;-;-;-;-;-
OC1V26;BRBMEFOC1414;FINANCIAL;-;-;-;-;-;-;97854,75;13,896;97855,77;-;-1,02;-1,02;-;-;-;-;-
OC1F37;BRBMEFOC1448;FINANCIAL;-;-;-;-;-;-;24716,29;14,454;24183,4;-;532,89;532,89;-;-;-;-;-
OC1F32;BRBMEFOC1463;FINANCIAL;-;-;-;-;-;-;48714,25;14,3;48268,89;-;445,36;445,36;-;-;-;-;-
OC1F34;BRBMEFOC1471;FINANCIAL;-;-;-;-;-;-;37091,31;14,39;36566,35;-;524,96;524,96;-;-;-;-;-
OC1J27;BRBMEFOC1497;FINANCIAL;-;-;-;-;-;-;91930,68;13,801;91921,22;-;9,46;9,46;-;-;-;-;-
OC1N27;BRBMEFOC14C1;FINANCIAL;-;-;-;-;-;-;89008,37;13,799;88978,33;-;30,04;30,04;-;-;-;-;-
OC1V27;BRBMEFOC14F4;FINANCIAL;-;-;-;-;-;-;86086,97;13,802;86038,78;-;48,19;48,19;-;-;-;-;-
OC1F38;BRBMEFOC14J6;FINANCIAL;-;-;-;-;-;-;21629,69;14,454;21182,18;-;447,51;447,51;-;-;-;-;-
OC1J28;BRBMEFOC14M0;FINANCIAL;-;-;-;-;-;-;80667,37;13,828;80576,45;-;90,92;90,92;-;-;-;-;-
OC1N28;BRBMEFOC14P3;FINANCIAL;-;-;-;-;-;-;78114,93;13,876;77987,79;-;127,14;127,14;-;-;-;-;-
OC1V28;BRBMEFOC14S7;FINANCIAL;-;-;-;-;-;-;75500,56;13,931;75329,75;-;170,81;170,81;-;-;-;-;-
OC1F39;BRBMEFOC14V1;FINANCIAL;-;-;-;-;-;-;18969,53;14,424;18542,92;-;426,61;426,61;-;-;-;-;-
OC1J29;BRBMEFOC14Y5;FINANCIAL;-;-;-;-;-;-;70760,23;14,027;70543,2;-;217,03;217,03;-;-;-;-;-
OC1N29;BRBMEFOC14Z2;FINANCIAL;-;-;-;-;-;-;68406,58;14,067;68156,18;-;250,4;250,4;-;-;-;-;-
OC1V29;BRBMEFOC1547;FINANCIAL;-;-;-;-;-;-;66123,22;14,086;65834,57;-;288,65;288,65;-;-;-;-;-
OC1F40;BRBMEFOC1588;FINANCIAL;-;-;-;-;-;-;16614,23;14,41;16210,77;-;403,46;403,46;-;-;-;-;-
OC1N30;BRBMEFOC1570;FINANCIAL;-;-;-;-;-;-;59920,96;14,153;59564,48;-;356,48;356,48;-;-;-;-;-
OC1J30;BRBMEFOC15B0;FINANCIAL;-;-;-;-;-;-;61957,62;14,126;61631,9;-;325,72;325,72;-;-;-;-;-
OC1Q26;BRBMEFOC15E4;FINANCIAL;-;-;-;-;-;-;100000;14,15;100000;-;0;0;-;-;-;-;-
OC1V30;BRBMEFOC15F1;FINANCIAL;-;-;-;-;-;-;57843,61;14,17;57461,77;-;381,84;381,84;-;-;-;-;-
OC1Q27;BRBMEFOC15G9;FINANCIAL;-;-;-;-;-;-;88008,04;13,801;87976,13;-;31,91;31,91;-;-;-;-;-
OC1U26;BRBMEFOC15H7;FINANCIAL;-;-;-;-;-;-;98917,51;13,952;98917,81;-;-0,3;-0,3;-;-;-;-;-
OC1Z26;BRBMEFOC15I5;FINANCIAL;-;-;-;-;-;-;95877,47;13,812;95879,16;-;-1,69;-1,69;-;-;-;-;-
OC1X26;BRBMEFOC15J3;FINANCIAL;-;-;-;-;-;-;96810,93;13,842;96812,4;-;-1,47;-1,47;-;-;-;-;-
OC1J31;BRBMEFOC15L9;FINANCIAL;-;-;-;-;-;-;54108,82;14,208;53696,31;-;412,51;412,51;-;-;-;-;-
OC1N31;BRBMEFOC15K1;FINANCIAL;-;-;-;-;-;-;52333,99;14,236;51909,87;-;424,12;424,12;-;-;-;-;-
OC1V31;BRBMEFOC15M7;FINANCIAL;-;-;-;-;-;-;50486,73;14,26;50048,99;-;437,74;437,74;-;-;-;-;-
OC1F41;BRBMEFOC15N5;FINANCIAL;-;-;-;-;-;-;14553,57;14,401;14174,2;-;379,37;379,37;-;-;-;-;-
OC1G27;BRBMEFOC15O3;FINANCIAL;-;-;-;-;-;-;93839,1;13,795;93835,35;-;3,75;3,75;-;-;-;-;-
OC1X27;BRBMEFOC15P0;FINANCIAL;-;-;-;-;-;-;85216,48;13,793;85158,98;-;57,5;57,5;-;-;-;-;-
OC1X28;BRBMEFOC15R6;FINANCIAL;-;-;-;-;-;-;74658,02;13,949;74484,03;-;173,99;173,99;-;-;-;-;-
OC1X29;BRBMEFOC15T2;FINANCIAL;-;-;-;-;-;-;65355,76;14,092;65068,06;-;287,7;287,7;-;-;-;-;-
OC1Z27;BRBMEFOC15Q8;FINANCIAL;-;-;-;-;-;-;84351,95;13,788;84290,36;-;61,59;61,59;-;-;-;-;-
OC1Z28;BRBMEFOC15S4;FINANCIAL;-;-;-;-;-;-;73905,58;13,963;73729,02;-;176,56;176,56;-;-;-;-;-
OC1Z29;BRBMEFOC15U0;FINANCIAL;-;-;-;-;-;-;64698,11;14,098;64401,09;-;297,02;297,02;-;-;-;-;-
OC1H27;BRBMEFOC15V8;FINANCIAL;-;-;-;-;-;-;92973,67;13,802;92968,31;-;5,36;5,36;-;-;-;-;-
OC1K27;BRBMEFOC15W6;FINANCIAL;-;-;-;-;-;-;90947,35;13,798;90932,54;-;14,81;14,81;-;-;-;-;-
OC1M27;BRBMEFOC15X4;FINANCIAL;-;-;-;-;-;-;90019,15;13,798;89998,27;-;20,88;20,88;-;-;-;-;-
DOLV26;BRBMEFDOL7D4;FINANCIAL;-;-;-;-;-;-;5157,066;-;5145,041;-;12,025;601,25;-;-;-;-;-
DOLF27;BRBMEFDOL7G7;FINANCIAL;-;-;-;-;-;-;5249,541;-;5236,964;-;12,577;628,85;-;-;-;-;-
DOLF29;BRBMEFDOL7K9;FINANCIAL;-;-;-;-;-;-;6097,473;-;6092,829;-;4,644;232,2;-;-;-;-;-
DOLF28;BRBMEFDOL7J1;FINANCIAL;-;-;-;-;-;-;5651,183;-;5639,316;-;11,867;593,35;-;-;-;-;-
DOLJ27;BRBMEFDOL7L7;FINANCIAL;-;-;-;-;-;-;5346,2;-;5333,633;-;12,567;628,35;-;-;-;-;-
DOLF30;BRBMEFDOL7O1;FINANCIAL;-;-;-;-;-;-;6591,327;-;6600,342;-;-9,015;-450,75;-;-;-;-;-
DOLN28;BRBMEFDOL7N3;FINANCIAL;-;-;-;-;-;-;5873,577;-;5863,842;-;9,735;486,75;-;-;-;-;-
DOLN29;BRBMEFDOL7P8;FINANCIAL;-;-;-;-;-;-;6346,982;-;6347,96;-;-0,978;-48,9;-;-;-;-;-
DOLN27;BRBMEFDOL7M5;FINANCIAL;-;-;-;-;-;-;5446,136;-;5433,812;-;12,324;616,2;-;-;-;-;-
DOLV27;BRBMEFDOL7U8;FINANCIAL;-;-;-;-;-;-;5551,53;-;5539,721;-;11,809;590,45;-;-;-;-;-
DOLN30;BRBMEFDOL7X2;FINANCIAL;-;-;-;-;-;-;6844,369;-;6861,075;-;-16,706;-835,3;-;-;-;-;-
DOLJ28;BRBMEFDOL801;FINANCIAL;-;-;-;-;-;-;5762,454;-;5750,692;-;11,762;588,1;-;-;-;-;-
DOLQ26;BRBMEFDOL835;FINANCIAL;-;-;-;-;-;-;5077,3;-;5077,3;-;0;0;-;-;-;-;-
DOLQ27;BRBMEFDOL843;FINANCIAL;-;-;-;-;-;-;5481,535;-;5469,04;-;12,495;624,75;-;-;-;-;-
DOLZ26;BRBMEFDOL850;FINANCIAL;-;-;-;-;-;-;5218,295;-;5206,048;-;12,247;612,35;-;-;-;-;-
DOLU26;BRBMEFDOL868;FINANCIAL;5110,5;5087,5;5127,5;5111,338;5125;0,27;5122,488;-;5110,795;-;11,693;584,65;5115;5125;14.096;177.470;45355460375
DOLV28;BRBMEFDOL884;FINANCIAL;-;-;-;-;-;-;5992,157;-;5984,057;-;8,1;405;-;-;-;-;-
DOLX26;BRBMEFDOL892;FINANCIAL;-;-;-;-;-;-;5188,465;-;5176,29;-;12,175;608,75;-;-;-;-;-
DOLJ29;BRBMEFDOL8B6;FINANCIAL;-;-;-;-;-;-;6219,831;-;6218,996;-;0,835;41,75;-;-;-;-;-
DOLF31;BRBMEFDOL8C4;FINANCIAL;-;-;-;-;-;-;7121,051;-;7146,045;-;-24,994;-1249,7;-;-;-;-;-
DOLG27;BRBMEFDOL8D2;FINANCIAL;-;-;-;-;-;-;5282,744;-;5270,247;-;12,497;624,85;-;-;-;-;-
DOLH27;BRBMEFDOL8E0;FINANCIAL;-;-;-;-;-;-;5310,336;-;5297,758;-;12,578;628,9;-;-;-;-;-
DOLK27;BRBMEFDOL8F7;FINANCIAL;-;-;-;-;-;-;5378,187;-;5365,741;-;12,446;622,3;-;-;-;-;-
DOLM27;BRBMEFDOL8G5;FINANCIAL;-;-;-;-;-;-;5409,402;-;5396,717;-;12,685;634,25;-;-;-;-;-
DOLV29;BRBMEFDOL8H3;FINANCIAL;-;-;-;-;-;-;6474,39;-;6479,339;-;-4,949;-247,45;-;-;-;-;-
SJCX26;BRBMEFSJC2Z9;AGRIBUSINESS;26,07;25,97;26,34;26,17;26,3;0,46;26,2842;-;26,1795;-;0,1047;239,645736;26,25;26,34;46;220;13182094,8
SJCU26;BRBMEFSJC345;AGRIBUSINESS;25,62;25,62;25,92;25,85;25,92;0,42;25,8763;-;25,8102;-;0,0661;151,294968;25,86;25,89;31;40;2366701,92
SJCF27;BRBMEFSJC352;AGRIBUSINESS;-;-;-;-;-;-;26,6093;-;26,4826;-;0,1267;290,001096;26,56;26,64;-;-;-
SJCH27;BRBMEFSJC360;AGRIBUSINESS;26,55;26,55;26,55;26,55;26,55;-0,03;26,7141;-;26,5597;-;0,1544;353,403072;-;-;1;1;60769,76
SJCK27;BRBMEFSJC378;AGRIBUSINESS;26,58;26,58;26,85;26,71;26,85;0,61;26,8463;-;26,6865;-;0,1598;365,763024;26,75;26,9;4;90;5502238,63
SJCN27;BRBMEFSJC386;AGRIBUSINESS;-;-;-;-;-;-;26,9345;-;26,7692;-;0,1653;378,351864;-;-;-;-;-
SJCQ27;BRBMEFSJC3A0;AGRIBUSINESS;-;-;-;-;-;-;26,5763;-;26,422;-;0,1543;353,174184;-;-;-;-;-
WDOV26;BRBMEFWDO4T4;FINANCIAL;5141,5;5124,5;5160;5145,335;5157;0,23;5157,066;-;5145,041;-;12,025;120,25;5156,5;5157;688;1.570;80781770
WDOJ27;BRBMEFWDO4V0;FINANCIAL;-;-;-;-;-;-;5346,2;-;5333,633;-;12,567;125,67;-;-;-;-;-
WDOF27;BRBMEFWDO4W8;FINANCIAL;5226;5223,5;5239,5;5232,083;5239,5;0,04;5249,541;-;5236,964;-;12,577;125,77;5221;5257,5;6;6;313925
WDON27;BRBMEFWDO4X6;FINANCIAL;-;-;-;-;-;-;5446,136;-;5433,812;-;12,324;123,24;-;-;-;-;-
WDON28;BRBMEFWDO4Y4;FINANCIAL;-;-;-;-;-;-;5873,577;-;5863,842;-;9,735;97,35;-;-;-;-;-
WDOF28;BRBMEFWDO4Z1;FINANCIAL;-;-;-;-;-;-;5651,183;-;5639,316;-;11,867;118,67;-;-;-;-;-
WDOF29;BRBMEFWDO501;FINANCIAL;-;-;-;-;-;-;6097,473;-;6092,829;-;4,644;46,44;-;-;-;-;-
WDOF30;BRBMEFWDO576;FINANCIAL;-;-;-;-;-;-;6591,327;-;6600,342;-;-9,015;-90,15;-;-;-;-;-
WDON29;BRBMEFWDO568;FINANCIAL;-;-;-;-;-;-;6346,982;-;6347,96;-;-0,978;-9,78;-;-;-;-;-
WDOV27;BRBMEFWDO592;FINANCIAL;-;-;-;-;-;-;5551,53;-;5539,721;-;11,809;118,09;-;-;-;-;-
WDOJ28;BRBMEFWDO5D5;FINANCIAL;-;-;-;-;-;-;5762,454;-;5750,692;-;11,762;117,62;-;-;-;-;-
WDON30;BRBMEFWDO5F0;FINANCIAL;-;-;-;-;-;-;6844,369;-;6861,075;-;-16,706;-167,06;-;-;-;-;-
WDOQ26;BRBMEFWDO5C7;FINANCIAL;-;-;-;-;-;-;5077,3;-;5077,3;-;0;0;-;-;-;-;-
WDOQ27;BRBMEFWDO5G8;FINANCIAL;-;-;-;-;-;-;5481,535;-;5469,04;-;12,495;124,95;-;-;-;-;-
WDOZ26;BRBMEFWDO5E3;FINANCIAL;5206,5;5206,5;5219;5214;5219;0,24;5218,295;-;5206,048;-;12,247;122,47;5208;5224,5;3;3;156420
WDOU26;BRBMEFWDO5H6;FINANCIAL;5107;5087;5127;5109,627;5123,5;0,24;5122,488;-;5110,795;-;11,693;116,93;5123;5123,5;341.476;1.501.884;76740683465
WDOV28;BRBMEFWDO5J2;FINANCIAL;-;-;-;-;-;-;5992,157;-;5984,057;-;8,1;81;-;-;-;-;-
WDOX26;BRBMEFWDO5I4;FINANCIAL;5188;5164;5188;5174,23;5181;0,09;5188,465;-;5176,29;-;12,175;121,75;5185;5195;11;13;672650
WDOJ29;BRBMEFWDO5K0;FINANCIAL;-;-;-;-;-;-;6219,831;-;6218,996;-;0,835;8,35;-;-;-;-;-
WDOG27;BRBMEFWDO5M6;FINANCIAL;-;-;-;-;-;-;5282,744;-;5270,247;-;12,497;124,97;-;-;-;-;-
WDOH27;BRBMEFWDO5L8;FINANCIAL;-;-;-;-;-;-;5310,336;-;5297,758;-;12,578;125,78;-;-;-;-;-
WDOK27;BRBMEFWDO5O2;FINANCIAL;-;-;-;-;-;-;5378,187;-;5365,741;-;12,446;124,46;-;-;-;-;-
WDOM27;BRBMEFWDO5N4;FINANCIAL;-;-;-;-;-;-;5409,402;-;5396,717;-;12,685;126,85;-;-;-;-;-
WDOV29;BRBMEFWDO5P9;FINANCIAL;-;-;-;-;-;-;6474,39;-;6479,339;-;-4,949;-49,49;-;-;-;-;-
FRCF27;BRBMEFFRC4U1;FINANCIAL;5,25;5,22;5,25;5,22;5,22;-0,57;-;5,22;-;-;-;-;5,22;-;16;7.651;918664108,94
FRCF28;BRBMEFFRC4X5;FINANCIAL;5,59;5,57;5,62;5,59;5,57;-0,88;-;5,57;-;-;-;-;5,57;-;16;8.682;1013295518,28
FRCF29;BRBMEFFRC4V9;FINANCIAL;5,77;5,75;5,8;5,78;5,75;-0,86;-;5,75;-;-;-;-;5,75;-;14;4.530;513571705,4
FRCF30;BRBMEFFRC4W7;FINANCIAL;5,94;5,94;5,94;5,94;5,94;-0,66;-;5,94;-;-;-;-;5,94;-;6;677;74599604,98
FRCF31;BRBMEFFRC667;FINANCIAL;6,2;6,2;6,2;6,2;6,2;-0,64;-;6,2;-;-;-;-;-;-;5;1.108;118098309,72
FRCF35;BRBMEFFRC6H3;FINANCIAL;7,41;7,41;7,41;7,41;7,41;0;-;7,37;-;-;-;-;-;-;1;81;3078043,14
FRCF33;BRBMEFFRC6I1;FINANCIAL;6,73;6,73;6,73;6,73;6,73;-0,88;-;6,73;-;-;-;-;-;-;2;170;6969046,8
FRCF36;BRBMEFFRC6T8;FINANCIAL;7,67;7,67;7,67;7,67;7,67;-0,38;-;7,67;-;-;-;-;-;-;3;395;14449528,8
FRCV26;BRBMEFFRC717;FINANCIAL;4,95;4,9;4,98;4,9;4,9;-1,01;-;4,9;-;-;-;-;4,9;4,92;43;115.086;5725503771,54
FRCF37;BRBMEFFRC741;FINANCIAL;-;-;-;-;-;-;-;7,98;-;-;-;-;-;-;-;-;-
FRCF32;BRBMEFFRC766;FINANCIAL;6,48;6,48;6,48;6,48;6,48;-0,46;-;6,48;-;-;-;-;-;-;3;1.218;51658099,92
FRCF34;BRBMEFFRC774;FINANCIAL;-;-;-;-;-;-;-;7,04;-;-;-;-;-;-;-;-;-
FRCJ27;BRBMEFFRC790;FINANCIAL;5,26;5,26;5,26;5,26;5,26;-0,56;-;5,26;-;-;-;-;-;-;5;2.738;134399728,62
FRCN27;BRBMEFFRC7C2;FINANCIAL;5,38;5,38;5,38;5,38;5,38;-0,73;-;5,38;-;-;-;-;-;-;11;4.597;224068669,68
FRCV27;BRBMEFFRC7F5;FINANCIAL;5,48;5,48;5,48;5,48;5,48;-0,9;-;5,49;-;-;-;-;-;-;3;3.012;145753487,28
FRCF38;BRBMEFFRC7J7;FINANCIAL;-;-;-;-;-;-;-;8,29;-;-;-;-;-;-;-;-;-
FRCJ28;BRBMEFFRC7M1;FINANCIAL;5,59;5,59;5,59;5,59;5,59;-1,06;-;5,59;-;-;-;-;-;-;4;1.323;63105422,22
FRCN28;BRBMEFFRC7P4;FINANCIAL;5,6;5,6;5,6;5,6;5,6;-1,06;-;5,6;-;-;-;-;-;-;3;439;20799619,86
FRCV28;BRBMEFFRC7S8;FINANCIAL;5,67;5,67;5,67;5,67;5,67;-1,21;-;5,67;-;-;-;-;-;-;6;758;35648196,52
FRCF39;BRBMEFFRC7V2;FINANCIAL;-;-;-;-;-;-;-;8,63;-;-;-;-;-;-;-;-;-
FRCJ29;BRBMEFFRC7Y6;FINANCIAL;5,77;5,77;5,77;5,77;5,77;-0,68;-;5,77;-;-;-;-;-;-;1;93;4308376,92
FRCN29;BRBMEFFRC7Z3;FINANCIAL;5,81;5,81;5,81;5,81;5,81;-0,85;-;5,81;-;-;-;-;-;-;4;1.484;68268786,96
FRCV29;BRBMEFFRC840;FINANCIAL;5,87;5,87;5,87;5,87;5,87;-0,84;-;5,87;-;-;-;-;-;-;1;480;21917495,6
FRCF40;BRBMEFFRC881;FINANCIAL;-;-;-;-;-;-;-;8,94;-;-;-;-;-;-;-;-;-
FRCN30;BRBMEFFRC873;FINANCIAL;6,05;6,05;6,05;6,05;6,05;-0,81;-;6,06;-;-;-;-;-;-;2;90;4012113,6
FRCJ30;BRBMEFFRC8B2;FINANCIAL;-;-;-;-;-;-;-;5,99;-;-;-;-;-;5,99;-;-;-
FRCV30;BRBMEFFRC8F3;FINANCIAL;-;-;-;-;-;-;-;6,11;-;-;-;-;-;-;-;-;-
FRCQ27;BRBMEFFRC8G1;FINANCIAL;5,41;5,41;5,41;5,41;5,41;-0,73;-;5,41;-;-;-;-;-;-;7;1.036;50374462,34
FRCZ26;BRBMEFFRC8I7;FINANCIAL;5,05;5,05;5,05;5,05;5,05;-0,39;-;5,05;-;-;-;-;-;-;8;4.990;247171743,8
FRCX26;BRBMEFFRC8J5;FINANCIAL;5,02;5,01;5,02;5,01;5,01;-0,59;-;5,01;-;-;-;-;-;5,01;21;13.325;661350665,7
FRCJ31;BRBMEFFRC8L1;FINANCIAL;-;-;-;-;-;-;-;6,27;-;-;-;-;-;-;-;-;-
FRCN31;BRBMEFFRC8K3;FINANCIAL;-;-;-;-;-;-;-;6,32;-;-;-;-;-;-;-;-;-
FRCV31;BRBMEFFRC8M9;FINANCIAL;-;-;-;-;-;-;-;6,36;-;-;-;-;-;-;-;-;-
FRCF41;BRBMEFFRC8N7;FINANCIAL;-;-;-;-;-;-;-;9,26;-;-;-;-;-;-;-;-;-
FRCG27;BRBMEFFRC8O5;FINANCIAL;5,21;5,21;5,21;5,21;5,21;-0,57;-;5,21;-;-;-;-;-;-;11;4.214;207756217,56
FRCX27;BRBMEFFRC8P2;FINANCIAL;5,48;5,48;5,48;5,48;5,48;-0,9;-;5,48;-;-;-;-;5,48;-;10;2.619;126449455,86
FRCX28;BRBMEFFRC8R8;FINANCIAL;-;-;-;-;-;-;-;5,69;-;-;-;-;5,69;-;-;-;-
FRCX29;BRBMEFFRC8T4;FINANCIAL;-;-;-;-;-;-;-;5,89;-;-;-;-;-;-;-;-;-
FRCZ27;BRBMEFFRC8Q0;FINANCIAL;5,5;5,5;5,5;5,5;5,5;-0,9;-;5,5;-;-;-;-;-;-;6;3.578;172344200,32
FRCZ28;BRBMEFFRC8S6;FINANCIAL;-;-;-;-;-;-;-;5,7;-;-;-;-;-;-;-;-;-
FRCZ29;BRBMEFFRC8U2;FINANCIAL;-;-;-;-;-;-;-;5,88;-;-;-;-;-;-;-;-;-
FRCH27;BRBMEFFRC8V0;FINANCIAL;5,23;5,23;5,23;5,23;5,23;-0,57;-;5,23;-;-;-;-;5,23;-;14;6.118;301006194,92
FRCK27;BRBMEFFRC8W8;FINANCIAL;5,3;5,3;5,3;5,3;5,3;-0,56;-;5,3;-;-;-;-;-;-;5;1.180;57782221,2
FRCM27;BRBMEFFRC8X6;FINANCIAL;5,35;5,35;5,35;5,35;5,35;-0,74;-;5,35;-;-;-;-;-;-;5;1.687;82419452,98
FROF27;BRBMEFFRO1P3;FINANCIAL;-;-;-;-;-;-;-;5,22;-;-;-;-;-;-;-;-;-
FROF28;BRBMEFFRO1Q1;FINANCIAL;-;-;-;-;-;-;-;5,57;-;-;-;-;-;-;-;-;-
FROF29;BRBMEFFRO1O6;FINANCIAL;-;-;-;-;-;-;-;5,75;-;-;-;-;-;-;-;-;-
FROF30;BRBMEFFRO1R9;FINANCIAL;-;-;-;-;-;-;-;5,94;-;-;-;-;-;-;-;-;-
FROF31;BRBMEFFRO2Z0;FINANCIAL;-;-;-;-;-;-;-;6,2;-;-;-;-;-;-;-;-;-
FROF35;BRBMEFFRO3A1;FINANCIAL;-;-;-;-;-;-;-;7,37;-;-;-;-;-;-;-;-;-
FROF33;BRBMEFFRO3B9;FINANCIAL;-;-;-;-;-;-;-;6,73;-;-;-;-;-;-;-;-;-
FROF36;BRBMEFFRO3M6;FINANCIAL;-;-;-;-;-;-;-;7,67;-;-;-;-;-;-;-;-;-
FROV26;BRBMEFFRO3U9;FINANCIAL;-;-;-;-;-;-;-;4,9;-;-;-;-;-;-;-;-;-
FROF37;BRBMEFFRO3X3;FINANCIAL;-;-;-;-;-;-;-;7,98;-;-;-;-;-;-;-;-;-
FROF32;BRBMEFFRO3Z8;FINANCIAL;-;-;-;-;-;-;-;6,48;-;-;-;-;-;-;-;-;-
FROF34;BRBMEFFRO407;FINANCIAL;-;-;-;-;-;-;-;7,04;-;-;-;-;-;-;-;-;-
FROJ27;BRBMEFFRO423;FINANCIAL;-;-;-;-;-;-;-;5,26;-;-;-;-;-;-;-;-;-
FRON27;BRBMEFFRO456;FINANCIAL;-;-;-;-;-;-;-;5,38;-;-;-;-;-;-;-;-;-
FROV27;BRBMEFFRO480;FINANCIAL;-;-;-;-;-;-;-;5,49;-;-;-;-;-;-;-;-;-
FROF38;BRBMEFFRO4C5;FINANCIAL;-;-;-;-;-;-;-;8,29;-;-;-;-;-;-;-;-;-
FROJ28;BRBMEFFRO4F8;FINANCIAL;-;-;-;-;-;-;-;5,59;-;-;-;-;-;-;-;-;-
FRON28;BRBMEFFRO4I2;FINANCIAL;-;-;-;-;-;-;-;5,6;-;-;-;-;-;-;-;-;-
FROV28;BRBMEFFRO4L6;FINANCIAL;-;-;-;-;-;-;-;5,67;-;-;-;-;-;-;-;-;-
FROF39;BRBMEFFRO4O0;FINANCIAL;-;-;-;-;-;-;-;8,63;-;-;-;-;-;-;-;-;-
FROJ29;BRBMEFFRO4R3;FINANCIAL;-;-;-;-;-;-;-;5,77;-;-;-;-;-;-;-;-;-
FRON29;BRBMEFFRO4S1;FINANCIAL;-;-;-;-;-;-;-;5,81;-;-;-;-;-;-;-;-;-
FROV29;BRBMEFFRO4X1;FINANCIAL;-;-;-;-;-;-;-;5,87;-;-;-;-;-;-;-;-;-
FROF40;BRBMEFFRO514;FINANCIAL;-;-;-;-;-;-;-;8,94;-;-;-;-;-;-;-;-;-
FRON30;BRBMEFFRO506;FINANCIAL;-;-;-;-;-;-;-;6,06;-;-;-;-;-;-;-;-;-
FROJ30;BRBMEFFRO548;FINANCIAL;-;-;-;-;-;-;-;5,99;-;-;-;-;-;-;-;-;-
FROV30;BRBMEFFRO589;FINANCIAL;-;-;-;-;-;-;-;6,11;-;-;-;-;-;-;-;-;-
FROQ27;BRBMEFFRO597;FINANCIAL;-;-;-;-;-;-;-;5,41;-;-;-;-;-;-;-;-;-
FROZ26;BRBMEFFRO5B4;FINANCIAL;-;-;-;-;-;-;-;5,05;-;-;-;-;-;-;-;-;-
FROX26;BRBMEFFRO5C2;FINANCIAL;-;-;-;-;-;-;-;5,01;-;-;-;-;-;-;-;-;-
FROJ31;BRBMEFFRO5E8;FINANCIAL;-;-;-;-;-;-;-;6,27;-;-;-;-;-;-;-;-;-
FRON31;BRBMEFFRO5D0;FINANCIAL;-;-;-;-;-;-;-;6,32;-;-;-;-;-;-;-;-;-
FROV31;BRBMEFFRO5F5;FINANCIAL;-;-;-;-;-;-;-;6,36;-;-;-;-;-;-;-;-;-
FROF41;BRBMEFFRO5G3;FINANCIAL;-;-;-;-;-;-;-;9,26;-;-;-;-;-;-;-;-;-
FROG27;BRBMEFFRO5H1;FINANCIAL;-;-;-;-;-;-;-;5,21;-;-;-;-;-;-;-;-;-
FROX27;BRBMEFFRO5I9;FINANCIAL;-;-;-;-;-;-;-;5,48;-;-;-;-;-;-;-;-;-
FROX28;BRBMEFFRO5K5;FINANCIAL;-;-;-;-;-;-;-;5,69;-;-;-;-;-;-;-;-;-
FROX29;BRBMEFFRO5M1;FINANCIAL;-;-;-;-;-;-;-;5,89;-;-;-;-;-;-;-;-;-
FROZ27;BRBMEFFRO5J7;FINANCIAL;-;-;-;-;-;-;-;5,5;-;-;-;-;-;-;-;-;-
FROZ28;BRBMEFFRO5L3;FINANCIAL;-;-;-;-;-;-;-;5,7;-;-;-;-;-;-;-;-;-
FROZ29;BRBMEFFRO5N9;FINANCIAL;-;-;-;-;-;-;-;5,88;-;-;-;-;-;-;-;-;-
FROH27;BRBMEFFRO5O7;FINANCIAL;-;-;-;-;-;-;-;5,23;-;-;-;-;-;-;-;-;-
FROK27;BRBMEFFRO5P4;FINANCIAL;-;-;-;-;-;-;-;5,3;-;-;-;-;-;-;-;-;-
FROM27;BRBMEFFRO5Q2;FINANCIAL;-;-;-;-;-;-;-;5,35;-;-;-;-;-;-;-;-;-
SCSU601;BRBMEFSCS4A7;FINANCIAL;-;-;-;-;-;-;-;2,514;-;-;-;-;-;-;-;-;-
SCSQ603;BRBMEFSCS494;FINANCIAL;-;-;-;-;-;-;-;0;-;-;-;-;-;-;-;-;-
SCSV601;BRBMEFSCS4B5;FINANCIAL;-;-;-;-;-;-;-;3,732;-;-;-;-;-;-;-;-;-
SCSX603;BRBMEFSCS4C3;FINANCIAL;-;-;-;-;-;-;-;4,23;-;-;-;-;-;-;-;-;-
AUSQ26;BRBMEFAUS2K8;FINANCIAL;700,5;699,3;700,5;699,7;699,3;-0,59;699,683;-;703,451;-;-3,768;-191,655552;-;-;2;138;4911356,63
AUSU26;BRBMEFAUS2L6;FINANCIAL;-;-;-;-;-;-;699,332;-;703,095;-;-3,763;-191,401232;-;-;-;-;-
AUSV26;BRBMEFAUS2M4;FINANCIAL;-;-;-;-;-;-;698,97;-;702,717;-;-3,747;-190,587408;-;-;-;-;-
AUSX26;BRBMEFAUS2N2;FINANCIAL;-;-;-;-;-;-;698,681;-;702,42;-;-3,739;-190,180496;-;-;-;-;-
AUSZ26;BRBMEFAUS2O0;FINANCIAL;-;-;-;-;-;-;698,397;-;702,119;-;-3,722;-189,315808;-;-;-;-;-
CANQ26;BRBMEFCAN2L3;FINANCIAL;-;-;-;-;-;-;1403,287;-;1400,355;-;2,932;106,197570692;-;-;-;-;-
CANU26;BRBMEFCAN2M1;FINANCIAL;-;-;-;-;-;-;1401,6;-;1398,546;-;3,054;110,616432774;-;-;-;-;-
CANV26;BRBMEFCAN2N9;FINANCIAL;-;-;-;-;-;-;1399,268;-;1396,253;-;3,015;109,203845715;-;-;-;-;-
CANX26;BRBMEFCAN2O7;FINANCIAL;-;-;-;-;-;-;1397,362;-;1394,351;-;3,011;109,058964991;-;-;-;-;-
CANZ26;BRBMEFCAN2P4;FINANCIAL;-;-;-;-;-;-;1395,467;-;1392,396;-;3,071;111,232175851;-;-;-;-;-
NZLQ26;BRBMEFNZL2K5;FINANCIAL;-;-;-;-;-;-;587,2;-;589,2;-;-2;-101,728;-;-;-;-;-
NZLU26;BRBMEFNZL2L3;FINANCIAL;-;-;-;-;-;-;587,7;-;589,6;-;-1,9;-96,6416;-;-;-;-;-
NZLV26;BRBMEFNZL2M1;FINANCIAL;-;-;-;-;-;-;588,2;-;590,2;-;-2;-101,728;-;-;-;-;-
NZLX26;BRBMEFNZL2N9;FINANCIAL;-;-;-;-;-;-;588,6;-;590,7;-;-2,1;-106,8144;-;-;-;-;-
NZLZ26;BRBMEFNZL2O7;FINANCIAL;-;-;-;-;-;-;589,1;-;591,1;-;-2;-101,728;-;-;-;-;-
EUPQ26;BRBMEFEUP2K7;FINANCIAL;1153,3;1151;1154,2;1152,85;1152,3;-0,14;1152,048;-;1153,982;-;-1,934;-98,370976;-;-;59;2.150;126073427,97
EUPU26;BRBMEFEUP2L5;FINANCIAL;-;-;-;-;-;-;1153,307;-;1155,29;-;-1,983;-100,863312;-;-;-;-;-
EUPV26;BRBMEFEUP2M3;FINANCIAL;-;-;-;-;-;-;1154,825;-;1156,903;-;-2,078;-105,695392;-;-;-;-;-
EUPX26;BRBMEFEUP2N1;FINANCIAL;-;-;-;-;-;-;1156,164;-;1158,215;-;-2,051;-104,322064;-;-;-;-;-
EUPZ26;BRBMEFEUP2O9;FINANCIAL;-;-;-;-;-;-;1157,502;-;1159,569;-;-2,067;-105,135888;-;-;-;-;-
SWIQ26;BRBMEFSWI2K8;FINANCIAL;808,9;808,9;808,9;808,9;808,9;0,29;808,5;-;806,5;-;2;125,60563;-;-;2;170;8636203,49
SWIU26;BRBMEFSWI2L6;FINANCIAL;-;-;-;-;-;-;806;-;803,9;-;2,1;131,8859115;-;-;-;-;-
SWIV26;BRBMEFSWI2M4;FINANCIAL;-;-;-;-;-;-;803;-;800,7;-;2,3;144,4464745;-;-;-;-;-
SWIX26;BRBMEFSWI2N2;FINANCIAL;-;-;-;-;-;-;800,3;-;798,1;-;2,2;138,166193;-;-;-;-;-
SWIZ26;BRBMEFSWI2O0;FINANCIAL;-;-;-;-;-;-;797,6;-;795,4;-;2,2;138,166193;-;-;-;-;-
JAPQ26;BRBMEFJAP2K6;FINANCIAL;156460;156150;156900;156586,07;156800;-1,17;156579,144;-;158666,899;-;-2087,755;-677,328266895;154000;-;22;283;14376701,28
JAPU26;BRBMEFJAP2L4;FINANCIAL;156410;156400;156410;156409,4;156400;-1,2;156235,546;-;158307,225;-;-2071,679;-672,112746291;-;-;2;400;20297498,09
JAPV26;BRBMEFJAP2M2;FINANCIAL;-;-;-;-;-;-;155806,29;-;157853,33;-;-2047,04;-664,11914016;-;-;-;-;-
JAPX26;BRBMEFJAP2N0;FINANCIAL;-;-;-;-;-;-;155433,841;-;157482,51;-;-2048,669;-664,647635001;-;-;-;-;-
JAPZ26;BRBMEFJAP2O8;FINANCIAL;-;-;-;-;-;-;155065,796;-;157097,91;-;-2032,114;-659,276712906;-;-;-;-;-
CNHQ26;BRBMEFCNH2K8;FINANCIAL;-;-;-;-;-;-;6750,015;-;6743,959;-;6,056;45,578382568;-;-;-;-;-
CNHU26;BRBMEFCNH2L6;FINANCIAL;-;-;-;-;-;-;6736,288;-;6729,615;-;6,673;50,222018969;-;-;-;-;-
CNHV26;BRBMEFCNH2M4;FINANCIAL;-;-;-;-;-;-;6719,84;-;6712,5;-;7,34;55,24196302;-;-;-;-;-
CNHX26;BRBMEFCNH2N2;FINANCIAL;-;-;-;-;-;-;6705,248;-;6698,656;-;6,592;49,612400576;-;-;-;-;-
CNHZ26;BRBMEFCNH2O0;FINANCIAL;-;-;-;-;-;-;6689,201;-;6683,952;-;5,249;39,504777097;-;-;-;-;-
GBRQ26;BRBMEFGBR2K6;FINANCIAL;1344;1343,3;1344;1343,45;1343,4;-0,36;1342,966;-;1348,358;-;-5,392;-274,258688;-;-;3;60;4100019,88
GBRU26;BRBMEFGBR2L4;FINANCIAL;-;-;-;-;-;-;1342,955;-;1348,35;-;-5,395;-274,41128;-;-;-;-;-
GBRV26;BRBMEFGBR2M2;FINANCIAL;-;-;-;-;-;-;1343,019;-;1348,403;-;-5,384;-273,851776;-;-;-;-;-
GBRX26;BRBMEFGBR2N0;FINANCIAL;-;-;-;-;-;-;1343,058;-;1348,392;-;-5,334;-271,308576;-;-;-;-;-
GBRZ26;BRBMEFGBR2O8;FINANCIAL;-;-;-;-;-;-;1343,074;-;1348,348;-;-5,274;-268,256736;-;-;-;-;-
TUQQ26;BRBMEFTUQ2K9;FINANCIAL;-;-;-;-;-;-;48032,2;-;48108;-;-75,8;-81,124192;-;-;-;-;-
TUQU26;BRBMEFTUQ2L7;FINANCIAL;-;-;-;-;-;-;49047,7;-;49252,1;-;-204,4;-218,757056;-;-;-;-;-
TUQV26;BRBMEFTUQ2M5;FINANCIAL;-;-;-;-;-;-;50455,8;-;50684,5;-;-228,7;-244,763888;-;-;-;-;-
TUQX26;BRBMEFTUQ2N3;FINANCIAL;-;-;-;-;-;-;51601,9;-;51845,8;-;-243,9;-261,031536;-;-;-;-;-
TUQZ26;BRBMEFTUQ2O1;FINANCIAL;-;-;-;-;-;-;52778,4;-;53082,9;-;-304,5;-325,88808;-;-;-;-;-
CHLN27;BRBMEFCHL2Q7;FINANCIAL;-;-;-;-;-;-;922775,2;-;927760,9;-;-4985,7;-274,7220414;-;-;-;-;-
CHLQ26;BRBMEFCHL2R5;FINANCIAL;-;-;-;-;-;-;928420;-;928420;-;0;0;-;-;-;-;-
CHLU26;BRBMEFCHL2S3;FINANCIAL;-;-;-;-;-;-;924994,2;-;930126,5;-;-5132,3;-282,7999946;-;-;-;-;-
CHLV26;BRBMEFCHL2U9;FINANCIAL;-;-;-;-;-;-;924670,9;-;929833,8;-;-5162,9;-284,4861158;-;-;-;-;-
CHLX26;BRBMEFCHL2V7;FINANCIAL;-;-;-;-;-;-;924350;-;929455,3;-;-5105,3;-281,3122406;-;-;-;-;-
CHLZ26;BRBMEFCHL2W5;FINANCIAL;-;-;-;-;-;-;924060,2;-;929125,9;-;-5065,7;-279,1302014;-;-;-;-;-
MEXQ26;BRBMEFMEX2K7;FINANCIAL;-;-;-;-;-;-;17341,955;-;17337,342;-;4,613;13,545603974;-;-;-;-;-
MEXU26;BRBMEFMEX2L5;FINANCIAL;-;-;-;-;-;-;17381,4;-;17378,836;-;2,564;7,528924472;-;-;-;-;-
MEXV26;BRBMEFMEX2M3;FINANCIAL;-;-;-;-;-;-;17428,302;-;17428,456;-;-0,154;-0,452205292;-;-;-;-;-
MEXX26;BRBMEFMEX2N1;FINANCIAL;-;-;-;-;-;-;17468,231;-;17466,671;-;1,56;4,58078088;-;-;-;-;-
MEXZ26;BRBMEFMEX2O9;FINANCIAL;-;-;-;-;-;-;17507,115;-;17505,488;-;1,627;4,777519546;-;-;-;-;-
AFSQ26;BRBMEFAFS2K7;FINANCIAL;16477;16477;16477;16477;16477;-0,37;16540,4;-;16538,7;-;1,7;5,2336506;-;-;1;22;1115980,55
AFSU26;BRBMEFAFS2L5;FINANCIAL;-;-;-;-;-;-;16576,3;-;16576,4;-;-0,1;-0,3078618;-;-;-;-;-
AFSV26;BRBMEFAFS2M3;FINANCIAL;-;-;-;-;-;-;16619;-;16622;-;-3;-9,235854;-;-;-;-;-
AFSX26;BRBMEFAFS2N1;FINANCIAL;-;-;-;-;-;-;16656,3;-;16659,1;-;-2,8;-8,6201304;-;-;-;-;-
AFSZ26;BRBMEFAFS2O9;FINANCIAL;-;-;-;-;-;-;16693,4;-;16697,4;-;-4;-12,314472;-;-;-;-;-
NOKQ26;BRBMEFNOK2K9;FINANCIAL;-;-;-;-;-;-;9534,565;-;9472,062;-;62,503;333,286434481;-;-;-;-;-
NOKU26;BRBMEFNOK2L7;FINANCIAL;-;-;-;-;-;-;9538,17;-;9475,845;-;62,325;332,337280275;-;-;-;-;-
NOKV26;BRBMEFNOK2M5;FINANCIAL;-;-;-;-;-;-;9542,195;-;9480,996;-;61,199;326,333080073;-;-;-;-;-
NOKX26;BRBMEFNOK2N3;FINANCIAL;-;-;-;-;-;-;9546,035;-;9485,043;-;60,992;325,229288384;-;-;-;-;-
NOKZ26;BRBMEFNOK2O1;FINANCIAL;-;-;-;-;-;-;9549,903;-;9488,817;-;61,086;325,730527122;-;-;-;-;-
RUBN27;BRBMEFRUB2Q5;FINANCIAL;-;-;-;-;-;-;88287,804;-;87593,865;-;693,939;439,035775008;-;-;-;-;-
RUBQ26;BRBMEFRUB2S1;FINANCIAL;-;-;-;-;-;-;79500;-;79500;-;0;0;-;-;-;-;-
RUBU26;BRBMEFRUB2T9;FINANCIAL;-;-;-;-;-;-;81043,624;-;80315,294;-;728,33;460,79399776;-;-;-;-;-
RUBV26;BRBMEFRUB2U7;FINANCIAL;-;-;-;-;-;-;81768,638;-;81060,637;-;708,001;447,932408672;-;-;-;-;-
RUBX26;BRBMEFRUB2V5;FINANCIAL;-;-;-;-;-;-;82357,9;-;81640,211;-;717,689;454,061735008;-;-;-;-;-
RUBZ26;BRBMEFRUB2W3;FINANCIAL;-;-;-;-;-;-;83087,953;-;82383,124;-;704,829;445,925573088;-;-;-;-;-
SEKQ26;BRBMEFSEK2K6;FINANCIAL;-;-;-;-;-;-;9547,76;-;9506,006;-;41,754;222,242888442;-;-;-;-;-
SEKU26;BRBMEFSEK2L4;FINANCIAL;-;-;-;-;-;-;9533,681;-;9491,302;-;42,379;225,569559067;-;-;-;-;-
SEKV26;BRBMEFSEK2M2;FINANCIAL;-;-;-;-;-;-;9516,287;-;9472,674;-;43,613;232,137737549;-;-;-;-;-
SEKX26;BRBMEFSEK2N0;FINANCIAL;-;-;-;-;-;-;9501,11;-;9457,809;-;43,301;230,477063573;-;-;-;-;-
SEKZ26;BRBMEFSEK2O8;FINANCIAL;-;-;-;-;-;-;9485,796;-;9442,722;-;43,074;229,268816802;-;-;-;-;-
SEKF27;BRBMEFSEK2P5;FINANCIAL;-;-;-;-;-;-;9468,095;-;9425,282;-;42,813;227,879599149;-;-;-;-;-
ARSN27;BRBMEFARS2F3;FINANCIAL;-;-;-;-;-;-;1817046,7;-;1819417,3;-;-2370,6;-80,7094476;-;-;-;-;-
ARSQ26;BRBMEFARS2H9;FINANCIAL;-;-;-;-;-;-;1488453,1;-;1488453,1;-;0;0;-;-;-;-;-
ARSU26;BRBMEFARS2I7;FINANCIAL;-;-;-;-;-;-;1508453,7;-;1518557,4;-;-10103,7;-343,9905702;-;-;-;-;-
ARSV26;BRBMEFARS2J5;FINANCIAL;-;-;-;-;-;-;1541096,6;-;1545863,6;-;-4767;-162,297282;-;-;-;-;-
ARSX26;BRBMEFARS2K3;FINANCIAL;-;-;-;-;-;-;1569265;-;1576997;-;-7732;-263,243672;-;-;-;-;-
ARSZ26;BRBMEFARS2L1;FINANCIAL;-;-;-;-;-;-;1598451,6;-;1606191,1;-;-7739,5;-263,499017;-;-;-;-;-
SOYH27;BRBMEFSOY0O4;AGRIBUSINESS;-;-;-;-;-;-;442,8;-;440,2;-;2,6;448,39132;-;-;-;-;-
SOYX26;BRBMEFSOY0N6;AGRIBUSINESS;-;-;-;-;-;-;491,4;-;488,6;-;2,8;482,88296;-;-;-;-;-
SOYK27;BRBMEFSOY0Q9;AGRIBUSINESS;-;-;-;-;-;-;450;-;447,4;-;2,6;448,39132;-;-;-;-;-
VIXQ26;BRBMEFIX00B0;FINANCIAL;-;-;-;-;-;-;18,37;-;18,43;-;-0,06;-6;-;-;-;-;-
VIXU26;BRBMEFIX00C8;FINANCIAL;-;-;-;-;-;-;18,37;-;18,43;-;-0,06;-6;-;-;-;-;-
AUDQ26;BRBMEFAUD5F8;FINANCIAL;-;-;-;-;-;-;3566,517;-;3583,955;-;-17,438;-1046,28;-;-;-;-;-
AUDU26;BRBMEFAUD5G6;FINANCIAL;-;-;-;-;-;-;3592,66;-;3603,672;-;-11,012;-660,72;-;-;-;-;-
AUDV26;BRBMEFAUD5H4;FINANCIAL;-;-;-;-;-;-;3617,154;-;3628,035;-;-10,881;-652,86;-;-;-;-;-
AUDX26;BRBMEFAUD5I2;FINANCIAL;-;-;-;-;-;-;3636,031;-;3646,913;-;-10,882;-652,92;-;-;-;-;-
AUDZ26;BRBMEFAUD5J0;FINANCIAL;-;-;-;-;-;-;3654,348;-;3665,124;-;-10,776;-646,56;-;-;-;-;-
CADQ26;BRBMEFCAD5F0;FINANCIAL;-;-;-;-;-;-;3634,211;-;3639,371;-;-5,16;-309,6;-;-;-;-;-
CADU26;BRBMEFCAD5G8;FINANCIAL;-;-;-;-;-;-;3666,473;-;3666;-;0,473;28,38;-;-;-;-;-
CADV26;BRBMEFCAD5H6;FINANCIAL;-;-;-;-;-;-;3699,424;-;3698,731;-;0,693;41,58;-;-;-;-;-
CADX26;BRBMEFCAD5I4;FINANCIAL;-;-;-;-;-;-;3725,388;-;3724,67;-;0,718;43,08;-;-;-;-;-
CADZ26;BRBMEFCAD5J2;FINANCIAL;-;-;-;-;-;-;3750,648;-;3749,992;-;0,656;39,36;-;-;-;-;-
NZDQ26;BRBMEFNZD506;FINANCIAL;-;-;-;-;-;-;2993,154;-;3001,866;-;-8,712;-653,4;-;-;-;-;-
NZDU26;BRBMEFNZD514;FINANCIAL;-;-;-;-;-;-;3019,177;-;3021,96;-;-2,783;-208,725;-;-;-;-;-
NZDV26;BRBMEFNZD522;FINANCIAL;-;-;-;-;-;-;3043,924;-;3047,126;-;-3,202;-240,15;-;-;-;-;-
NZDX26;BRBMEFNZD530;FINANCIAL;-;-;-;-;-;-;3063,156;-;3066,871;-;-3,715;-278,625;-;-;-;-;-
NZDZ26;BRBMEFNZD548;FINANCIAL;-;-;-;-;-;-;3082,453;-;3085,595;-;-3,142;-235,65;-;-;-;-;-
EURQ26;BRBMEFEUR7L2;FINANCIAL;-;-;-;-;-;-;5872,369;-;5879,329;-;-6,96;-348;-;-;-;-;-
EURU26;BRBMEFEUR7M0;FINANCIAL;-;-;-;-;-;-;5924,856;-;5921,37;-;3,486;174,3;-;-;-;-;-
EURV26;BRBMEFEUR7N8;FINANCIAL;-;-;-;-;-;-;5976,199;-;5972,942;-;3,257;162,85;-;-;-;-;-
EURX26;BRBMEFEUR7O6;FINANCIAL;-;-;-;-;-;-;6016,836;-;6013,367;-;3,469;173,45;-;-;-;-;-
EURZ26;BRBMEFEUR7P3;FINANCIAL;-;-;-;-;-;-;6056,605;-;6053,057;-;3,548;177,4;-;-;-;-;-
CHFU26;BRBMEFCHF4Z2;FINANCIAL;-;-;-;-;-;-;6373,791;-;6375,72;-;-1,929;-96,45;-;-;-;-;-
CHFQ26;BRBMEFCHF510;FINANCIAL;-;-;-;-;-;-;6304,679;-;6317,194;-;-12,515;-625,75;-;-;-;-;-
CHFV26;BRBMEFCHF528;FINANCIAL;-;-;-;-;-;-;6444,559;-;6447,946;-;-3,387;-169,35;-;-;-;-;-
CHFX26;BRBMEFCHF536;FINANCIAL;-;-;-;-;-;-;6502,734;-;6505,359;-;-2,625;-131,25;-;-;-;-;-
CHFZ26;BRBMEFCHF544;FINANCIAL;-;-;-;-;-;-;6560,278;-;6562,849;-;-2,571;-128,55;-;-;-;-;-
JPYQ26;BRBMEFJPY5F1;FINANCIAL;3248;3248;3248;3248;3248;1,15;3255,435;-;3211,015;-;44,42;2221;-;-;1;21;3410400
JPYU26;BRBMEFJPY5G9;FINANCIAL;-;-;-;-;-;-;3288,16;-;3237,655;-;50,505;2525,25;-;-;-;-;-
JPYV26;BRBMEFJPY5H7;FINANCIAL;-;-;-;-;-;-;3321,42;-;3270,676;-;50,744;2537,2;-;-;-;-;-
JPYX26;BRBMEFJPY5I5;FINANCIAL;-;-;-;-;-;-;3348,137;-;3296,828;-;51,309;2565,45;-;-;-;-;-
JPYZ26;BRBMEFJPY5J3;FINANCIAL;-;-;-;-;-;-;3374,36;-;3322,826;-;51,534;2576,7;-;-;-;-;-
CNYQ26;BRBMEFCNY501;FINANCIAL;-;-;-;-;-;-;7561,406;-;7553,733;-;7,673;268,555;-;-;-;-;-
CNYU26;BRBMEFCNY519;FINANCIAL;-;-;-;-;-;-;7632,325;-;7617,874;-;14,451;505,785;-;-;-;-;-
CNYV26;BRBMEFCNY527;FINANCIAL;-;-;-;-;-;-;7706,519;-;7692,537;-;13,982;489,37;-;-;-;-;-
CNYX26;BRBMEFCNY535;FINANCIAL;-;-;-;-;-;-;7766,725;-;7751,889;-;14,836;519,26;-;-;-;-;-
CNYZ26;BRBMEFCNY543;FINANCIAL;-;-;-;-;-;-;7827,519;-;7811,317;-;16,202;567,07;-;-;-;-;-
GBPQ26;BRBMEFGBP5E4;FINANCIAL;-;-;-;-;-;-;6845,544;-;6869,638;-;-24,094;-843,29;-;-;-;-;-
GBPU26;BRBMEFGBP5F1;FINANCIAL;-;-;-;-;-;-;6899,131;-;6910,889;-;-11,758;-411,53;-;-;-;-;-
GBPV26;BRBMEFGBP5G9;FINANCIAL;-;-;-;-;-;-;6950,095;-;6961,632;-;-11,537;-403,795;-;-;-;-;-
GBPX26;BRBMEFGBP5H7;FINANCIAL;-;-;-;-;-;-;6989,46;-;7000,753;-;-11,293;-395,255;-;-;-;-;-
GBPZ26;BRBMEFGBP5I5;FINANCIAL;-;-;-;-;-;-;7027,604;-;7038,496;-;-10,892;-381,22;-;-;-;-;-
TRYQ26;BRBMEFTRY506;FINANCIAL;-;-;-;-;-;-;106,123;-;105,904;-;0,219;16,425;-;-;-;-;-
TRYU26;BRBMEFTRY514;FINANCIAL;-;-;-;-;-;-;104,74;-;104,065;-;0,675;50,625;-;-;-;-;-
TRYV26;BRBMEFTRY522;FINANCIAL;-;-;-;-;-;-;102,565;-;101,863;-;0,702;52,65;-;-;-;-;-
TRYX26;BRBMEFTRY530;FINANCIAL;-;-;-;-;-;-;100,852;-;100,142;-;0,71;53,25;-;-;-;-;-
TRYZ26;BRBMEFTRY548;FINANCIAL;-;-;-;-;-;-;99,141;-;98,338;-;0,803;60,225;-;-;-;-;-
CLPN27;BRBMEFCLP560;FINANCIAL;-;-;-;-;-;-;5901,91;-;5856,91;-;45;1125;-;-;-;-;-
CLPQ26;BRBMEFCLP578;FINANCIAL;-;-;-;-;-;-;5468,429;-;5468,429;-;0;0;-;-;-;-;-
CLPU26;BRBMEFCLP586;FINANCIAL;-;-;-;-;-;-;5537,86;-;5494,731;-;43,129;1078,225;-;-;-;-;-
CLPV26;BRBMEFCLP5A4;FINANCIAL;-;-;-;-;-;-;5577,191;-;5533,291;-;43,9;1097,5;-;-;-;-;-
CLPX26;BRBMEFCLP5B2;FINANCIAL;-;-;-;-;-;-;5613,096;-;5569,165;-;43,931;1098,275;-;-;-;-;-
CLPZ26;BRBMEFCLP5C0;FINANCIAL;-;-;-;-;-;-;5647,137;-;5603,167;-;43,97;1099,25;-;-;-;-;-
MXNQ26;BRBMEFMXN5E2;FINANCIAL;-;-;-;-;-;-;2939,307;-;2938,638;-;0,669;50,175;-;-;-;-;-
MXNU26;BRBMEFMXN5F9;FINANCIAL;-;-;-;-;-;-;2955,617;-;2949,243;-;6,374;478,05;-;-;-;-;-
MXNV26;BRBMEFMXN5G7;FINANCIAL;-;-;-;-;-;-;2969,297;-;2962,322;-;6,975;523,125;-;-;-;-;-
MXNX26;BRBMEFMXN5H5;FINANCIAL;-;-;-;-;-;-;2979,202;-;2972,477;-;6,725;504,375;-;-;-;-;-
MXNZ26;BRBMEFMXN5I3;FINANCIAL;-;-;-;-;-;-;2988,772;-;2981,974;-;6,798;509,85;-;-;-;-;-
ZARQ26;BRBMEFZAR503;FINANCIAL;-;-;-;-;-;-;3081,747;-;3080,543;-;1,204;42,14;-;-;-;-;-
ZARU26;BRBMEFZAR511;FINANCIAL;-;-;-;-;-;-;3099,169;-;3092,011;-;7,158;250,53;-;-;-;-;-
ZARV26;BRBMEFZAR529;FINANCIAL;-;-;-;-;-;-;3113,894;-;3106,047;-;7,847;274,645;-;-;-;-;-
ZARX26;BRBMEFZAR537;FINANCIAL;-;-;-;-;-;-;3124,426;-;3116,571;-;7,855;274,925;-;-;-;-;-
ZARZ26;BRBMEFZAR545;FINANCIAL;-;-;-;-;-;-;3134,459;-;3126,289;-;8,17;285,95;-;-;-;-;-
INDQ26;BRBMEFIBV3X9;FINANCIAL;179670;177430;179720;178375;178650;-0,1;178561;-;178845;-;-284;-284;178625;178780;4.692;27.725;4945459375
INDZ26;BRBMEFIBV3Y7;FINANCIAL;-;-;-;-;-;-;186021;-;186321;-;-300;-300;-;-;-;-;-
INDV26;BRBMEFIBV3Z4;FINANCIAL;182225;182180;182225;182202;182180;-0,2;182271;-;182562;-;-291;-291;-;-;2;10;1822025
INDG27;BRBMEFIBV400;FINANCIAL;-;-;-;-;-;-;189686;-;190007;-;-321;-321;-;-;-;-;-
INDJ27;BRBMEFIBV418;FINANCIAL;-;-;-;-;-;-;193243;-;193588;-;-345;-345;-;-;-;-;-
INDM27;BRBMEFIBV426;FINANCIAL;-;-;-;-;-;-;197239;-;197626;-;-387;-387;-;-;-;-;-
INDQ27;BRBMEFIBV434;FINANCIAL;-;-;-;-;-;-;201515;-;201941;-;-426;-426;-;-;-;-;-
INDV27;BRBMEFIBV442;FINANCIAL;-;-;-;-;-;-;205191;-;205665;-;-474;-474;-;-;-;-;-
INDZ27;BRBMEFIBV459;FINANCIAL;-;-;-;-;-;-;209417;-;209939;-;-522;-522;-;-;-;-;-
INDG28;BRBMEFIBV467;FINANCIAL;-;-;-;-;-;-;214014;-;214596;-;-582;-582;-;-;-;-;-
INDJ28;BRBMEFIBV475;FINANCIAL;-;-;-;-;-;-;217993;-;218638;-;-645;-645;-;-;-;-;-
INDM28;BRBMEFIBV483;FINANCIAL;-;-;-;-;-;-;222532;-;223267;-;-735;-735;-;-;-;-;-
ISPZ26;BRBMEFISP1P8;FINANCIAL;-;-;-;-;-;-;7699,5;-;7592,25;-;107,25;27275,82;-;-;-;-;-
ISPU26;BRBMEFISP1Q6;FINANCIAL;7557,75;7551,25;7644;7608,49;7635;1,44;7632;-;7526,25;-;105,75;26894,34;7630;7650;282;551;1066180331,7
ISPH27;BRBMEFISP1R4;FINANCIAL;-;-;-;-;-;-;7776,75;-;7668,75;-;108;27466,56;-;-;-;-;-
ISPM27;BRBMEFISP1S2;FINANCIAL;-;-;-;-;-;-;7853;-;7743,5;-;109,5;27848,04;-;-;-;-;-
BRIQ26;BRBMEFBRI3U1;FINANCIAL;29935;29935;29935;29935;29935;-0,42;29944;-;30063;-;-119;-1190;-;-;1;50;14967500
BRIV26;BRBMEFBRI3V9;FINANCIAL;30611;30611;30611;30611;30611;-0,2;30624;-;30674;-;-50;-500;-;-;1;35;10713850
BRIZ26;BRBMEFBRI3W7;FINANCIAL;-;-;-;-;-;-;31206;-;31260;-;-54;-540;-;-;-;-;-
WEUQ26;BRBMEFWEU506;FINANCIAL;-;-;-;-;-;-;5872,369;-;5879,329;-;-6,96;-69,6;-;-;-;-;-
WEUU26;BRBMEFWEU514;FINANCIAL;-;-;-;-;-;-;5924,856;-;5921,37;-;3,486;34,86;-;-;-;-;-
WEUV26;BRBMEFWEU522;FINANCIAL;-;-;-;-;-;-;5976,199;-;5972,942;-;3,257;32,57;-;-;-;-;-
WINQ26;BRBMEFWIN3P0;FINANCIAL;179590;177410;179715;178337;178650;-0,1;178561;-;178845;-;-284;-56,8;178650;178655;4.170.422;14.647.503;522440407208
WINV26;BRBMEFWIN3Q8;FINANCIAL;182810;181145;183400;182057;182400;-0,08;182271;-;182562;-;-291;-58,2;182355;182400;5.367;16.277;592669402
WINZ26;BRBMEFWIN3R6;FINANCIAL;186655;184920;187025;185882;185985;-0,18;186021;-;186321;-;-300;-60;185800;186100;31;38;1412709
WINM27;BRBMEFWIN3S4;FINANCIAL;-;-;-;-;-;-;197239;-;197626;-;-387;-77,4;-;-;-;-;-
WINQ27;BRBMEFWIN3T2;FINANCIAL;-;-;-;-;-;-;201515;-;201941;-;-426;-85,2;-;-;-;-;-
WINV27;BRBMEFWIN3U0;FINANCIAL;-;-;-;-;-;-;205191;-;205665;-;-474;-94,8;-;-;-;-;-
WING28;BRBMEFWIN3V8;FINANCIAL;-;-;-;-;-;-;214014;-;214596;-;-582;-116,4;-;-;-;-;-
WINJ28;BRBMEFWIN3W6;FINANCIAL;-;-;-;-;-;-;217993;-;218638;-;-645;-129;-;-;-;-;-
WINM28;BRBMEFWIN3X4;FINANCIAL;-;-;-;-;-;-;222532;-;223267;-;-735;-147;-;-;-;-;-
WSPZ26;BRBMEFWSP0W8;FINANCIAL;-;-;-;-;-;-;7699,5;-;7592,25;-;107,25;1363,791;-;-;-;-;-
WSPU26;BRBMEFWSP0Y4;FINANCIAL;7556,5;7546,5;7640;7609,23;7640;1,51;7632;-;7526,25;-;105,75;1344,717;7634,25;7640,5;7.351;21.669;2096671171,27
WSPH27;BRBMEFWSP0Z1;FINANCIAL;-;-;-;-;-;-;7776,75;-;7668,75;-;108;1373,328;-;-;-;-;-
WSPM27;BRBMEFWSP100;FINANCIAL;-;-;-;-;-;-;7853;-;7743,5;-;109,5;1392,402;-;-;-;-;-
ARBN27;BRBMEFARB2Q9;FINANCIAL;-;-;-;-;-;-;2,997;-;2,987;-;0,01;1,5;-;-;-;-;-
ARBQ26;BRBMEFARB2S5;FINANCIAL;-;-;-;-;-;-;3,411;-;3,411;-;0;0;-;-;-;-;-
ARBU26;BRBMEFARB2T3;FINANCIAL;-;-;-;-;-;-;3,396;-;3,366;-;0,03;4,5;-;-;-;-;-
ARBV26;BRBMEFARB2U1;FINANCIAL;-;-;-;-;-;-;3,346;-;3,328;-;0,018;2,7;-;-;-;-;-
ARBX26;BRBMEFARB2V9;FINANCIAL;-;-;-;-;-;-;3,306;-;3,282;-;0,024;3,6;-;-;-;-;-
ARBZ26;BRBMEFARB2W7;FINANCIAL;-;-;-;-;-;-;3,265;-;3,241;-;0,024;3,6;-;-;-;-;-
ESXU26;BRBMEFESX0I9;FINANCIAL;6441;6435,5;6441;6438,4;6440;1,05;6454;-;6373;-;81;4743,3375792081;-;-;8;27;10179846,6
ESXZ26;BRBMEFESX0J7;FINANCIAL;-;-;-;-;-;-;6475;-;6394;-;81;4743,3375792081;-;-;-;-;-
ESXH27;BRBMEFESX0K5;FINANCIAL;-;-;-;-;-;-;6514;-;6430;-;84;4919,0167488084;-;-;-;-;-
DAXU26;BRBMEFDAX0K6;FINANCIAL;26046;26046;26165;26095,55;26140;1,84;26130;-;25667;-;463;13556,5759208232;-;-;9;9;6876668,29
DAXZ26;BRBMEFDAX0L4;FINANCIAL;-;-;-;-;-;-;26313;-;25891;-;422;12356,1015952211;-;-;-;-;-
DAXH27;BRBMEFDAX0M2;FINANCIAL;-;-;-;-;-;-;26537;-;26115;-;422;12356,1015952211;-;-;-;-;-
BITQ26;BRBMEFBIT0X9;FINANCIAL;321120;319160;329360;325401,39;327860;1,65;328588,3;-;322512,4;-;6075,9;60,759;327840;327940;51.078;235.499;766317024
BITU26;BRBMEFBIT0Y7;FINANCIAL;-;-;-;-;-;-;324907,23;-;318899,4;-;6007,83;60,0783;-;-;-;-;-
XFIQ26;BRBMEFXFI0M2;FINANCIAL;-;-;-;-;-;-;3889,4;-;3923,3;-;-33,9;-339;-;-;-;-;-
XFIV26;BRBMEFXFI0N0;FINANCIAL;-;-;-;-;-;-;3889,4;-;3923,3;-;-33,9;-339;-;-;-;-;-
SMLQ26;BRBMEFSM00E6;FINANCIAL;-;-;-;-;-;-;2204;-;2185,58;-;18,42;184,2;-;-;-;-;-
SMLV26;BRBMEFSM00F3;FINANCIAL;-;-;-;-;-;-;2204;-;2185,58;-;18,42;184,2;-;-;-;-;-
SMLZ26;BRBMEFSM00G1;FINANCIAL;-;-;-;-;-;-;2204;-;2185,58;-;18,42;184,2;-;-;-;-;-
SMLG27;BRBMEFSM00H9;FINANCIAL;-;-;-;-;-;-;2204;-;2185,58;-;18,42;184,2;-;-;-;-;-
SMLJ27;BRBMEFSM00I7;FINANCIAL;-;-;-;-;-;-;2204;-;2185,58;-;18,42;184,2;-;-;-;-;-
SMLM27;BRBMEFSM00J5;FINANCIAL;-;-;-;-;-;-;2204;-;2185,58;-;18,42;184,2;-;-;-;-;-
SMLQ27;BRBMEFSM00K3;FINANCIAL;-;-;-;-;-;-;2204;-;2185,58;-;18,42;184,2;-;-;-;-;-
SMLV27;BRBMEFSM00L1;FINANCIAL;-;-;-;-;-;-;2204;-;2185,58;-;18,42;184,2;-;-;-;-;-
SMLZ27;BRBMEFSM00M9;FINANCIAL;-;-;-;-;-;-;2204;-;2185,58;-;18,42;184,2;-;-;-;-;-
SMLG28;BRBMEFSM00N7;FINANCIAL;-;-;-;-;-;-;2204;-;2185,58;-;18,42;184,2;-;-;-;-;-
SMLJ28;BRBMEFSM00O5;FINANCIAL;-;-;-;-;-;-;2204;-;2185,58;-;18,42;184,2;-;-;-;-;-
ETRQ26;BRBMEFET00E1;FINANCIAL;1835,9;1830,8;1897,7;1859,41;1868,1;-0,17;1875,51;-;1871,38;-;4,13;5,251708;1859,9;1867,9;2.544;5.693;13460614,01
ETRU26;BRBMEFET00F8;FINANCIAL;-;-;-;-;-;-;1875,51;-;1871,38;-;4,13;5,251708;-;-;-;-;-
SOLQ26;BRBMEFSO00G7;FINANCIAL;74,16;72,27;74,3;73,477;73,75;0,84;74,078;-;73,13;-;0,948;24,109536;73,3;73,82;1.536;4.501;8410873,32
SOLU26;BRBMEFSO00H5;FINANCIAL;-;-;-;-;-;-;74,078;-;73,13;-;0,948;24,109536;72,24;-;-;-;-
MBRQ26;BRBMEFBP0069;FINANCIAL;-;-;-;-;-;-;1440,04;-;1436,64;-;3,4;34;-;-;-;-;-
MBRV26;BRBMEFBP0077;FINANCIAL;-;-;-;-;-;-;1440,04;-;1436,64;-;3,4;34;-;-;-;-;-
ABEVOQ26;BRABEV380038;FINANCIAL;16,03;15,96;16,03;16,01;15,96;-0,74;15,87;-;16,08;-;-0,21;-0,21;-;-;3;3.100;49658
AXIAOQ26;BRAXIA380009;FINANCIAL;53,17;52,8;54,04;53,46;54,04;1,52;53,95;-;53,23;-;0,72;0,72;-;-;53;25.600;1368611
B3SAOQ26;BRB3SA380071;FINANCIAL;15,69;15,6;15,77;15,67;15,74;-0,69;15,73;-;15,85;-;-0,12;-0,12;-;-;15;29.200;457851
BBASOQ26;BRBBAS380036;FINANCIAL;21,58;21,33;21,58;21,43;21,44;-0,37;21,42;-;21,52;-;-0,1;-0,1;-;21,62;155;171.200;3669627
BBDCPQ26;BRBBDC480039;FINANCIAL;18,7;18,57;18,7;18,61;18,63;0,32;18,68;-;18,57;-;0,11;0,11;-;-;6;7.200;134050
BHIAOQ26;BRBHIA380024;FINANCIAL;-;-;-;-;-;-;0,76;-;0,77;-;-0,01;-0,01;-;-;-;-;-
BPACIQ26;BRBPAC180016;FINANCIAL;57,86;57,47;57,86;57,68;57,56;0,55;57,53;-;57,24;-;0,29;0,29;-;-;5;2.900;167294
CMIGPQ26;BRCMIG480077;FINANCIAL;11,36;11,24;11,37;11,29;11,34;-0,78;11,36;-;11,43;-;-0,07;-0,07;-;-;30;23.300;263116
COGNOQ26;BRCOGN380062;FINANCIAL;2,37;2,37;2,37;2,37;2,37;3,04;2,35;-;2,3;-;0,05;0,05;-;-;3;6.000;14220
CSANOQ26;BRCSAN380015;FINANCIAL;4,1;4,1;4,1;4,1;4,1;0,24;4,12;-;4,09;-;0,03;0,03;-;-;6;10.500;43050
CSNAOQ26;BRCSNA380031;FINANCIAL;4,55;4,39;4,7;4,51;4,58;-6,14;4,54;-;4,88;-;-0,34;-0,34;-;-;166;124.900;564483
EMBJOQ26;BREMBJ380006;FINANCIAL;89,54;89,46;91,07;90,16;91,07;3,99;90,25;-;87,57;-;2,68;2,68;-;-;19;4.300;387711
ENEVOQ26;BRENEV380014;FINANCIAL;-;-;-;-;-;-;26,94;-;26,51;-;0,43;0,43;-;-;-;-;-
EQTLOQ26;BREQTL380016;FINANCIAL;38,97;38,83;39,03;38,93;39,03;0,17;39,17;-;38,96;-;0,21;0,21;-;-;9;3.800;147958
GGBRPQ26;BRGGBR480034;FINANCIAL;24,73;24,73;25,65;25,32;25,64;1,86;25,82;-;25,17;-;0,65;0,65;-;-;33;19.700;498880
HAPVOQ26;BRHAPV380013;FINANCIAL;11,48;11,46;11,52;11,47;11,52;1,31;12;-;11,37;-;0,63;0,63;-;-;33;16.500;189380
HYPEOQ26;BRHYPE380073;FINANCIAL;21,59;21,46;21,62;21,56;21,58;0,65;21,68;-;21,44;-;0,24;0,24;-;-;26;2.900;62541
ITSAPQ26;BRITSA480037;FINANCIAL;14,01;13,9;14,01;13,9;13,9;-0,21;13,98;-;13,93;-;0,05;0,05;-;-;5;2.700;37541
ITUBPQ26;BRITUB480032;FINANCIAL;43,33;43,26;43,45;43,35;43,26;0,13;43,48;-;43,2;-;0,28;0,28;-;-;15;13.700;593901
KLBNIQ26;BRKLBN180015;FINANCIAL;-;-;-;-;-;-;18,37;-;18,39;-;-0,02;-0,02;-;-;-;-;-
LRENOQ26;BRLREN380037;FINANCIAL;13,97;13,9;14,06;13,98;13,99;2,04;13,95;-;13,71;-;0,24;0,24;-;-;92;88.200;1233712
MGLUOQ26;BRMGLU380031;FINANCIAL;5,09;5,09;5,15;5,1;5,15;2,38;5,17;-;5,03;-;0,14;0,14;-;-;5;5.800;29636
MOTVOQ26;BRMOTV380016;FINANCIAL;14,88;14,82;15;14,88;15;0,87;14,93;-;14,87;-;0,06;0,06;-;-;33;14.700;218867
NATUOQ26;BRNATU380012;FINANCIAL;-;-;-;-;-;-;8,13;-;7,9;-;0,23;0,23;-;9,28;-;-;-
PETRPQ26;BRPETR480076;FINANCIAL;42,76;42,7;43,35;43,07;43,06;-1,59;43,36;-;43,76;-;-0,4;-0,4;41,73;43,24;141;236.200;10175087
PRIOOQ26;BRPRIO380012;FINANCIAL;59,2;59,08;59,51;59,32;59,46;-3,03;58,93;-;61,32;-;-2,39;-2,39;-;-;24;15.200;901715
PSSAOQ26;BRPSSA380072;FINANCIAL;55,12;54,41;55,12;54,86;54,41;-1,3;54,39;-;55,13;-;-0,74;-0,74;-;-;37;4.400;241415
RADLOQ26;BRRADL380017;FINANCIAL;18,69;18,69;18,69;18,69;18,69;0,37;18,99;-;18,62;-;0,37;0,37;-;-;1;700;13083
RAILOQ26;BRRAIL380012;FINANCIAL;14,45;14,22;14,46;14,33;14,24;-2,13;14,26;-;14,55;-;-0,29;-0,29;-;-;5;3.900;55894
RDOROQ26;BRRDOR380015;FINANCIAL;34,87;34,22;34,87;34,55;34,31;-1,71;34,31;-;34,91;-;-0,6;-0,6;-;-;53;20.400;704867
RENTOQ26;BRRENT380039;FINANCIAL;38,22;38,15;38,51;38,31;38,42;1,37;38,37;-;37,9;-;0,47;0,47;-;-;16;6.200;237526
SBSPOQ26;BRSBSP380014;FINANCIAL;27,54;27,41;27,63;27,48;27,61;-1,11;27,77;-;27,92;-;-0,15;-0,15;-;-;19;3.200;87951
SUZBOQ26;BRSUZB380034;FINANCIAL;43,7;43,38;43,72;43,55;43,46;-0,45;43,41;-;43,66;-;-0,25;-0,25;-;-;16;5.400;235204
TIMSOQ26;BRTIMS380019;FINANCIAL;19,26;19,26;19,26;19,26;19,26;-1,63;19,42;-;19,58;-;-0,16;-0,16;19;-;1;400;7704
USIMAQ26;BRUSIM580078;FINANCIAL;7,54;7,39;7,63;7,48;7,63;2,83;7,61;-;7,42;-;0,19;0,19;-;-;17;9.400;70326
VALEOQ26;BRVALE380077;FINANCIAL;75,77;74,5;75,77;74,88;74,89;-2,51;75,17;-;76,82;-;-1,65;-1,65;74,04;-;107;63.000;4717744
VBBROQ26;BRVBBR380016;FINANCIAL;36,2;35,96;36,49;36,23;36,45;0,33;36,39;-;36,33;-;0,06;0,06;-;-;17;6.600;239121
VIVTOQ26;BRVIVT380013;FINANCIAL;33,01;32,49;33,01;32,66;32,49;-1,18;32,53;-;32,88;-;-0,35;-0,35;-;-;48;10.700;349513
WEGEOQ26;BRWEGE380038;FINANCIAL;48,14;48,05;48,93;48,47;48,68;2,33;48,55;-;47,57;-;0,98;0,98;-;-;60;24.300;1178054
MBRFOQ26;BRMBRF380005;FINANCIAL;-;-;-;-;-;-;17,66;-;17,59;-;0,07;0,07;-;18,5;-;-;-
HASHEQ26;BRHASHHAE036;FINANCIAL;-;-;-;-;-;-;42,76;-;41,8;-;0,96;0,96;-;-;-;-;-
ABEVOU26;BRABEV390045;FINANCIAL;16,19;16,02;16,22;16,12;16,03;-1,04;16;-;16,2;-;-0,2;-0,2;-;-;28;39.600;638701
AXIAOU26;BRAXIA390008;FINANCIAL;53,32;53,32;54,3;53,82;54,3;1;54,48;-;53,76;-;0,72;0,72;-;-;14;5.700;306775
B3SAOU26;BRB3SA390070;FINANCIAL;15,89;15,76;15,96;15,82;15,92;-0,56;15,89;-;16,01;-;-0,12;-0,12;-;-;10;16.900;267393
BBASOU26;BRBBAS390043;FINANCIAL;21,74;21,53;21,79;21,68;21,56;-0,78;21,64;-;21,73;-;-0,09;-0,09;-;-;50;60.200;1305615
BBDCPU26;BRBBDC490046;FINANCIAL;18,88;18,75;18,88;18,81;18,81;0,26;18,87;-;18,76;-;0,11;0,11;-;-;6;8.800;165572
BHIAOU26;BRBHIA390023;FINANCIAL;-;-;-;-;-;-;0,75;-;0,76;-;-0,01;-0,01;-;-;-;-;-
BPACIU26;BRBPAC190015;FINANCIAL;58,42;58,42;58,42;58,42;58,42;1,07;58,1;-;57,8;-;0,3;0,3;-;-;1;500;29210
CMIGPU26;BRCMIG490076;FINANCIAL;11,47;11,36;11,47;11,39;11,4;-1,21;11,47;-;11,54;-;-0,07;-0,07;-;-;11;9.000;102592
COGNOU26;BRCOGN390061;FINANCIAL;2,4;2,4;2,4;2,4;2,4;3,44;2,37;-;2,32;-;0,05;0,05;-;-;1;2.000;4800
CSANOU26;BRCSAN390014;FINANCIAL;-;-;-;-;-;-;4,15;-;4,12;-;0,03;0,03;-;-;-;-;-
CSNAOU26;BRCSNA390048;FINANCIAL;4,76;4,44;4,76;4,55;4,63;-5,89;4,58;-;4,92;-;-0,34;-0,34;-;-;66;34.000;154995
EMBJOU26;BREMBJ390005;FINANCIAL;90,95;90,95;90,97;90,95;90,97;2,87;91,14;-;88,43;-;2,71;2,71;-;-;7;1.100;100054
ENEVOU26;BRENEV390013;FINANCIAL;26,77;26,77;27,05;26,87;27,05;1,04;27,21;-;26,77;-;0,44;0,44;-;-;5;1.700;45686
EQTLOU26;BREQTL390015;FINANCIAL;39,35;39,16;39,39;39,28;39,38;0,1;39,56;-;39,34;-;0,22;0,22;-;-;9;2.800;110006
GGBRPU26;BRGGBR490041;FINANCIAL;25,26;25;25,76;25,33;25,71;1,14;26,07;-;25,42;-;0,65;0,65;-;26;6;3.300;83621
HAPVOU26;BRHAPV390012;FINANCIAL;-;-;-;-;-;-;12,11;-;11,48;-;0,63;0,63;-;-;-;-;-
HASHEU26;BRHASHHAE044;FINANCIAL;-;-;-;-;-;-;43,17;-;42,21;-;0,96;0,96;-;-;-;-;-
HYPEOU26;BRHYPE390072;FINANCIAL;21,76;21,76;21,77;21,76;21,77;0,55;21,89;-;21,65;-;0,24;0,24;-;-;3;400;8706
ITSAPU26;BRITSA490044;FINANCIAL;14,1;14,1;14,1;14,1;14,1;0,28;14,12;-;14,06;-;0,06;0,06;-;-;1;100;1410
ITUBPU26;BRITUB490049;FINANCIAL;43,85;43,67;43,85;43,76;43,8;0,38;43,91;-;43,63;-;0,28;0,28;-;-;7;3.400;148810
KLBNIU26;BRKLBN190014;FINANCIAL;-;-;-;-;-;-;18,55;-;18,56;-;-0,01;-0,01;-;-;-;-;-
LRENOU26;BRLREN390044;FINANCIAL;14,06;14,06;14,19;14,11;14,06;1,58;14,09;-;13,84;-;0,25;0,25;-;-;12;5.100;72003
MBRFOU26;BRMBRF390004;FINANCIAL;-;-;-;-;-;-;17,59;-;17,65;-;-0,06;-0,06;-;-;-;-;-
MGLUOU26;BRMGLU390048;FINANCIAL;5,15;5,08;5,15;5,11;5,09;0,99;5,18;-;5,04;-;0,14;0,14;-;-;5;6.000;30707
MOTVOU26;BRMOTV390015;FINANCIAL;15,05;15,05;15,14;15,09;15,13;0,73;15,07;-;15,02;-;0,05;0,05;-;-;7;3.300;49818
NATUOU26;BRNATU390011;FINANCIAL;-;-;-;-;-;-;7,64;-;7,34;-;0,3;0,3;-;-;-;-;-
PETRPU26;BRPETR490075;FINANCIAL;43,08;43,08;43,75;43,38;43,55;-1,44;43,79;-;44,19;-;-0,4;-0,4;-;-;20;23.500;1019656
PRIOOU26;BRPRIO390011;FINANCIAL;59,67;59,67;60,03;59,83;60,03;-3,06;59,5;-;61,93;-;-2,43;-2,43;-;-;6;4.200;251300
PSSAOU26;BRPSSA390071;FINANCIAL;55,64;54,95;55,64;55,38;54,95;-1,29;54,93;-;55,67;-;-0,74;-0,74;-;56,5;10;1.000;55389
RADLOU26;BRRADL390016;FINANCIAL;18,89;18,89;18,89;18,89;18,89;0,47;19,17;-;18,8;-;0,37;0,37;-;-;1;700;13223
RAILOU26;BRRAIL390011;FINANCIAL;14,74;14,35;14,74;14,46;14,38;-2,11;14,4;-;14,69;-;-0,29;-0,29;-;-;10;3.100;44834
RDOROU26;BRRDOR390014;FINANCIAL;35,12;34,59;35,12;34,91;34,59;-1,87;34,64;-;35,25;-;-0,61;-0,61;-;-;24;7.800;272309
RENTOU26;BRRENT390046;FINANCIAL;38,59;38,44;38,91;38,67;38,85;1,54;38,74;-;38,26;-;0,48;0,48;-;-;16;5.600;216560
SBSPOU26;BRSBSP390013;FINANCIAL;-;-;-;-;-;-;28,04;-;28,19;-;-0,15;-0,15;-;-;-;-;-
SUZBOU26;BRSUZB390041;FINANCIAL;44,12;44,12;44,12;44,12;44,12;0,06;43,84;-;44,09;-;-0,25;-0,25;-;-;1;400;17648
TIMSOU26;BRTIMS390018;FINANCIAL;-;-;-;-;-;-;19,61;-;19,77;-;-0,16;-0,16;-;-;-;-;-
USIMAU26;BRUSIM590077;FINANCIAL;7,55;7,46;7,55;7,48;7,53;0,53;7,69;-;7,49;-;0,2;0,2;-;-;10;4.500;33691
VALEOU26;BRVALE390076;FINANCIAL;75,85;75,24;75,85;75,46;75,52;-2,55;75,89;-;77,5;-;-1,61;-1,61;-;-;17;13.600;1026267
VBBROU26;BRVBBR390015;FINANCIAL;36,55;36,29;36,8;36,59;36,8;0,29;36,75;-;36,69;-;0,06;0,06;-;-;6;1.900;69532
VIVTOU26;BRVIVT390012;FINANCIAL;33,29;32,81;33,3;33,03;32,84;-1,08;32,85;-;33,2;-;-0,35;-0,35;-;-;61;19.400;640810
WEGEOU26;BRWEGE390045;FINANCIAL;48,6;48,51;49,39;48,81;49,14;2,31;49,03;-;48,03;-;1;1;-;-;23;8.700;424722
DIFF31F32;BRBMEFDIF151;FINANCIAL;14,73;14,705;14,73;14,7175;14,705;-1,83;-;-;-;-;-;-;-;-;2;186;9681074,09
DIFF29F30;BRBMEFDIF144;FINANCIAL;14,505;14,505;14,505;14,505;14,505;-1,92;-;-;-;-;-;-;-;-;2;459;31291785,64
DIFF28F29;BRBMEFDIF136;FINANCIAL;14,3;14,29;14,3;14,2951;14,29;-1;-;-;-;-;-;-;-;-;2;403;31368142,87
DIFF27J27;BRBMEFDIF110;FINANCIAL;13,83;13,825;13,83;13,8275;13,825;-4,35;-;-;-;-;-;-;-;-;2;24.462;2283347029,94
DIFV26F27;BRBMEFDIF2E9;FINANCIAL;13,708;13,708;13,709;13,708;13,709;-2,61;-;-;-;-;-;-;-;-;3;22.927;2207894418,39
DIFN28F29;BRBMEFDIF318;FINANCIAL;14,57;14,565;14,57;14,5699;14,565;-2,21;-;-;-;-;-;-;-;-;2;649;48995681,9
DIFF33F35;BRBMEFDIF433;FINANCIAL;14,59;14,565;14,59;14,5775;14,565;-2,44;-;-;-;-;-;-;-;-;2;140;5144676,4
DIFF31F35;BRBMEFDIF5E2;FINANCIAL;14,785;14,78;14,785;14,7824;14,78;3,32;-;-;-;-;-;-;-;-;2;3.150;128451195,24
DIFF29N29;BRBMEFDIF6D2;FINANCIAL;14,79;14,79;14,79;14,79;14,79;0;-;-;-;-;-;-;-;-;1;696;49157998,56
DIFF31N31;BRBMEFDIFB33;FINANCIAL;14,6;14,575;14,645;14,6019;14,575;-1,85;-;-;-;-;-;-;-;-;3;67;3622236,08
DIFN31F32;BRBMEFDIFB66;FINANCIAL;14,9;14,875;14,945;14,9019;14,875;-1,75;-;-;-;-;-;-;-;-;3;67;3381504,92
DIIF27F29;BRBMEFDII015;FINANCIAL;0,23;0,215;0,25;0,232;0,215;-40,27;-;-;-;-;-;-;0,16;0,19;21;1.404;127460899,84
DIIF31F33;BRBMEFDII0H3;FINANCIAL;0,185;0,155;0,19;0,17;0,16;-8,57;-;-;-;-;-;-;0,155;0,16;630;30.792;1520266242,64
DIIF31F32;BRBMEFDII0G5;FINANCIAL;0,11;0,095;0,115;0,103;0,1;-4,76;-;-;-;-;-;-;0,095;0,105;532;37.413;1959145221,65
DIIF29F31;BRBMEFDII0O9;FINANCIAL;0,28;0,205;0,285;0,23;0,215;-18,86;-;-;-;-;-;-;0,205;0,215;1.378;64.986;4281396919,43
DIIF30F31;BRBMEFDII0U6;FINANCIAL;0,1;0,075;0,11;0,083;0,085;-10,52;-;-;-;-;-;-;0,075;0,09;890;61.335;3690781605,16
DIIN27F28;BRBMEFDII197;FINANCIAL;0,01;-0,01;0,01;-0,002;-0,005;-116,66;-;-;-;-;-;-;-0,01;0;440;40.239;3488775928,83
DIIF27N27;BRBMEFDII189;FINANCIAL;0,015;0,005;0,045;0,018;0,01;-83,33;-;-;-;-;-;-;0;0,03;453;80.258;7455520358,96
DIIJ27N27;BRBMEFDII163;FINANCIAL;0,01;-;0,025;0,008;0,005;-85,71;-;-;-;-;-;-;0;0,01;292;44.279;4015031074,79
DIIF27J27;BRBMEFDII155;FINANCIAL;0,005;0,005;0,02;0,013;0,005;-83,33;-;-;-;-;-;-;0;0,02;347;83.553;7826107273,87
DIIF27F28;BRBMEFDII1I9;FINANCIAL;0,02;-0,01;0,05;0,017;-;-100;-;-;-;-;-;-;-0,01;0,015;358;139.582;12830840119,68
DIIF29F30;BRBMEFDII1K5;FINANCIAL;0,17;0,125;0,18;0,136;0,13;-21,21;-;-;-;-;-;-;0,125;0,135;1.239;118.383;8170515581,93
DIIF28F29;BRBMEFDII1J7;FINANCIAL;0,21;0,16;0,21;0,19;0,165;-28,26;-;-;-;-;-;-;0,165;0,17;1.834;193.877;15356397095,37
DIIF32F33;BRBMEFDII1L3;FINANCIAL;0,075;0,06;0,075;0,063;0,06;-14,28;-;-;-;-;-;-;0,055;0,065;190;10.667;486208793,02
DIIF33F34;BRBMEFDII1M1;FINANCIAL;0,025;0,025;0,025;0,025;0,025;-37,5;-;-;-;-;-;-;0,02;0,04;3;2.357;93616805,3
DIIF29F33;BRBMEFDII1Q2;FINANCIAL;0,44;0,44;0,445;0,444;0,445;2,29;-;-;-;-;-;-;-;-;4;5.445;331637407,06
DIIV26F27;BRBMEFDII2H9;FINANCIAL;-0,12;-0,12;-0,092;-0,097;-0,092;0;-;-;-;-;-;-;-0,115;-0,086;181;48.507;4702688999,49
DIIN27V27;BRBMEFDII2I7;FINANCIAL;0,01;-0,005;0,015;0,004;0,005;-80;-;-;-;-;-;-;0;0,005;211;20.441;1792402164,61
DIIV27F28;BRBMEFDII2J5;FINANCIAL;-;-0,01;-0,005;-0,006;-0,005;-150;-;-;-;-;-;-;-0,01;-0,005;246;25.557;2167427776,49
DIIF28J28;BRBMEFDII2K3;FINANCIAL;0,035;0,03;0,04;0,034;0,03;-33,33;-;-;-;-;-;-;0,025;0,035;87;15.285;1254665006,23
DIIF28F30;BRBMEFDII2N7;FINANCIAL;0,31;0,31;0,31;0,31;0,31;-29,54;-;-;-;-;-;-;0,285;0,31;1;14;1070167,17
DIIF28F31;BRBMEFDII2X6;FINANCIAL;0,475;0,375;0,475;0,42;0,38;-22,44;-;-;-;-;-;-;0,37;0,39;114;13.188;980293712,63
DIIN28F29;BRBMEFDII353;FINANCIAL;0,11;0,09;0,11;0,104;0,09;-25;-;-;-;-;-;-;0,09;0,1;469;19.716;1494371259,11
DIIJ28N28;BRBMEFDII346;FINANCIAL;0,05;0,04;0,06;0,051;0,045;-18,18;-;-;-;-;-;-;0,04;0,045;49;2.791;221717323,9
DIIN27F29;BRBMEFDII361;FINANCIAL;0,2;0,17;0,2;0,193;0,17;-32;-;-;-;-;-;-;-;-;3;316;26534422,4
DIIN28V28;BRBMEFDII3Y2;FINANCIAL;0,065;0,055;0,07;0,061;0,06;-20;-;-;-;-;-;-;0,055;0,065;10;122;9371818,37
DIIV28F29;BRBMEFDII3Z9;FINANCIAL;0,04;0,03;0,04;0,035;0,03;-40;-;-;-;-;-;-;0,03;0,04;17;5.474;406951116,7
DIIF33F35;BRBMEFDII460;FINANCIAL;0,07;0,06;0,075;0,064;0,06;-7,69;-;-;-;-;-;-;0,055;0,06;505;23.615;881730752,8
DIIF33F37;BRBMEFDII478;FINANCIAL;0,115;0,09;0,115;0,101;0,09;-21,73;-;-;-;-;-;-;0,08;0,095;53;650;21679249,84
DIIF28N28;BRBMEFDII4H5;FINANCIAL;0,09;0,07;0,095;0,084;0,07;-33,33;-;-;-;-;-;-;0,07;0,08;397;25.784;2088913265,91
DIIF34F35;BRBMEFDII5G4;FINANCIAL;0,025;0,025;0,025;0,025;0,025;-28,57;-;-;-;-;-;-;0,02;0,035;1;20;695504
DIIF31F35;BRBMEFDII5I0;FINANCIAL;0,255;0,215;0,255;0,228;0,215;-12,24;-;-;-;-;-;-;0,205;0,22;242;12.791;570348314,01
DIIF30F32;BRBMEFDII5K6;FINANCIAL;0,215;0,19;0,215;0,213;0,195;-11,36;-;-;-;-;-;-;0,17;0,2;6;1.157;65881862,43
DIIF29F35;BRBMEFDII5Q3;FINANCIAL;0,515;0,44;0,515;0,5;0,44;-8,33;-;-;-;-;-;-;-;-;4;6.069;345128197,6
DIIF29F32;BRBMEFDII5O8;FINANCIAL;0,305;0,305;0,31;0,309;0,31;-17,33;-;-;-;-;-;-;0,295;0,33;2;4.963;314055033,62
DIIF29J29;BRBMEFDII692;FINANCIAL;0,055;0,055;0,06;0,055;0,055;-15,38;-;-;-;-;-;-;0,045;0,055;6;4.522;325377340,76
DIIF30F35;BRBMEFDII6D9;FINANCIAL;0,32;0,32;0,32;0,32;0,32;1,58;-;-;-;-;-;-;-;-;3;1.797;89401140,97
DIIF30F33;BRBMEFDII6B3;FINANCIAL;0,275;0,275;0,275;0,275;0,275;66,66;-;-;-;-;-;-;-;-;1;336;18218967,54
DIIF29N29;BRBMEFDII6H0;FINANCIAL;0,115;0,085;0,115;0,098;0,09;-18,18;-;-;-;-;-;-;0,085;0,09;376;22.655;1605423635,86
DIIN29F30;BRBMEFDII6G2;FINANCIAL;0,065;0,035;0,065;0,042;0,04;-27,27;-;-;-;-;-;-;0,04;0,045;263;15.057;997580121,65
DIIJ29N29;BRBMEFDII6Q1;FINANCIAL;0,035;0,035;0,04;0,037;0,04;-20;-;-;-;-;-;-;0,035;0,045;2;20;1391913,35
DIIN28F30;BRBMEFDII6T5;FINANCIAL;0,24;0,235;0,24;0,236;0,235;-16,07;-;-;-;-;-;-;-;-;2;256;18504131,61
DIIV27F29;BRBMEFDII6Y5;FINANCIAL;0,195;0,195;0,195;0,195;0,195;-1400;-;-;-;-;-;-;-;-;1;2.511;204152340,54
DIIF29V29;BRBMEFDII7C9;FINANCIAL;0,115;0,115;0,115;0,115;0,115;64,28;-;-;-;-;-;-;-;-;1;4.179;292068415,92
DIIV29F30;BRBMEFDII7D7;FINANCIAL;0,02;0,02;0,03;0,023;0,025;-;-;-;-;-;-;-;-;-;5;60;3903432,05
DIIN29V29;BRBMEFDII7E5;FINANCIAL;0,025;0,01;0,025;0,02;0,015;-;-;-;-;-;-;-;-;-;5;72;4844977,98
DIIF32F35;BRBMEFDII809;FINANCIAL;0,145;0,14;0,145;0,142;0,14;-3,44;-;-;-;-;-;-;-;-;3;598;24214704,71
DIIF30N30;BRBMEFDII858;FINANCIAL;0,055;0,04;0,055;0,04;0,04;-20;-;-;-;-;-;-;0,04;0,05;42;4.785;296777689,35
DIIN30F31;BRBMEFDII866;FINANCIAL;0,04;0,035;0,05;0,041;0,04;-11,11;-;-;-;-;-;-;0,035;0,045;52;1.578;91361167,54
DIIF35F36;BRBMEFDII8J2;FINANCIAL;-0,055;-0,055;-0,01;-0,041;-0,01;-300;-;-;-;-;-;-;-;0,01;3;80;2429079,1
DIIF35F37;BRBMEFDII8K0;FINANCIAL;0,04;0,03;0,04;0,034;0,03;-25;-;-;-;-;-;-;0,025;0,035;62;5.059;143257102,39
DIIF30J30;BRBMEFDII8P9;FINANCIAL;-0,01;-0,01;-0,01;-0,01;-0,01;-200;-;-;-;-;-;-;-;0,02;1;20;1259138,6
DIIJ30N30;BRBMEFDII8Q7;FINANCIAL;0,025;0,025;0,025;0,015;-;-100;-;-;-;-;-;-;-;-;2;50;3047094,35
DIIV30F31;BRBMEFDIIAI8;FINANCIAL;0,005;0,005;0,02;0,008;0,02;100;-;-;-;-;-;-;-;-;3;50;2843886,2
DIIN30V30;BRBMEFDIIAJ6;FINANCIAL;0,02;0,01;0,02;0,011;0,01;-;-;-;-;-;-;-;-;-;2;51;3004715,71
DIIV26J27;BRBMEFDIIAK4;FINANCIAL;-0,095;-0,095;-0,095;-0,095;-0,095;-203,26;-;-;-;-;-;-;-0,11;-0,052;2;873;84301826,6
DIIN27Q27;BRBMEFDIIAM0;FINANCIAL;0,005;0,005;0,005;0,004;-;-100;-;-;-;-;-;-;-;-;6;1.209;107023573,16
DIIQ27V27;BRBMEFDIIAN8;FINANCIAL;0,005;0,005;0,005;0,005;0,005;-50;-;-;-;-;-;-;-;-;3;719;62627764,74
DIIF32F37;BRBMEFDIIB14;FINANCIAL;0,155;0,155;0,165;0,16;0,16;-20;-;-;-;-;-;-;-;-;5;1.149;41976011,66
DIIF31J31;BRBMEFDIIBI6;FINANCIAL;0,01;-0,01;0,01;0,009;-0,01;-166,66;-;-;-;-;-;-;-;0,02;5;3.364;184883340,84
DIIJ31N31;BRBMEFDIIBF2;FINANCIAL;0,03;0,03;0,03;0,03;0,03;20;-;-;-;-;-;-;-;-;2;60;3193548,3
DIIN31V31;BRBMEFDIIBG0;FINANCIAL;0,02;0,02;0,025;0,022;0,025;150;-;-;-;-;-;-;-;-;2;60;3084656,4
DIIV31F32;BRBMEFDIIBH8;FINANCIAL;0,02;0,02;0,02;0,02;0,02;-20;-;-;-;-;-;-;-;-;1;131;6499442,63
DIIF31N31;BRBMEFDIIBJ4;FINANCIAL;0,05;0,04;0,05;0,047;0,04;-900;-;-;-;-;-;-;-;-;2;41;2221182,58
DIIF31V31;BRBMEFDIIBK2;FINANCIAL;-0,005;-0,005;-0,005;-0,005;-0,005;-;-;-;-;-;-;-;-;-;1;31;1650201,6
DIIF36F37;BRBMEFDIIBO4;FINANCIAL;-0,015;-0,015;-0,015;-0,015;-0,015;-150;-;-;-;-;-;-;-;-;1;78;2064479,46
DIIN31F32;BRBMEFDIIBM8;FINANCIAL;0,07;0,06;0,07;0,067;0,06;300;-;-;-;-;-;-;-;-;2;40;2021663,7
DIIV27X27;BRBMEFDIIC47;FINANCIAL;-0,005;-0,005;-0,005;-0,005;-0,005;-;-;-;-;-;-;-;-;-;1;21;1798838,58
DIIX27F28;BRBMEFDIIC54;FINANCIAL;-;-;-;-;-;-100;-;-;-;-;-;-;-;-;1;11;927907,62
DIIX26Z26;BRBMEFDIICX3;FINANCIAL;-0,035;-0,035;-0,035;-0,035;-0,035;-;-;-;-;-;-;-;-;-;1;1.678;161760845,47
DIIJ27K27;BRBMEFDIID87;FINANCIAL;-;-;-;-;-;-100;-;-;-;-;-;-;-;-;3;222;20304314,4
DIIK27N27;BRBMEFDIID95;FINANCIAL;0,01;0,01;0,01;0,01;0,01;-33,33;-;-;-;-;-;-;-;-;3;132;11887739,28
DAIK33K35;BRBMEFDAI0Q2;FINANCIAL;-0,135;-0,135;-0,135;-0,135;-0,135;8;-;-;-;-;-;-;-;-;1;286;30288284,23
DAIK29Q30;BRBMEFDAI0V2;FINANCIAL;0,01;0,01;0,01;0,01;0,01;-50;-;-;-;-;-;-;-;-;1;2.221;327812273,19
DAIK35K37;BRBMEFDAI1B2;FINANCIAL;-0,16;-0,16;-0,155;-0,159;-0,155;6,89;-;-;-;-;-;-;-;-;2;414;37954261,7
DAIQ30K31;BRBMEFDAI1A4;FINANCIAL;-0,015;-0,015;-0,015;-0,015;-0,015;-75;-;-;-;-;-;-;-;-;1;423;57347991,64
FRIF28F29;BRBMEFFRI0U3;FINANCIAL;0,18;0,18;0,18;0,18;0,18;350;-;-;-;-;-;-;-;-;4;9.435;1088911757,2
FRIV26J27;BRBMEFFRI8M3;FINANCIAL;0,36;0,36;0,36;0,36;0,36;-460;-;-;-;-;-;-;-;-;1;16.539;821417638,26
FRIV26X26;BRBMEFFRIG40;FINANCIAL;0,09;0,09;0,09;0,09;0,09;50;-;-;-;-;-;-;-;-;1;240;11930822,8
DITV26;BRBMEFDIT0A5;FINANCIAL;-;-;0,002;0,001;0,002;0;-;-;-;-;-;-;-;-;2;1.376;134647943,36
DITF27;BRBMEFDIT095;FINANCIAL;-;-;0,002;0;0,002;-;-;-;-;-;-;-;-;-;5;4.972;471369300,55
DITN27;BRBMEFDIT079;FINANCIAL;-;0,002;0,002;0,001;0,002;0;-;-;-;-;-;-;-;-;3;190;16911423,92
DITF28;BRBMEFDIT053;FINANCIAL;-;0,002;0,002;0;0,002;-;-;-;-;-;-;-;-;-;5;225;18755009,37
DITF29;BRBMEFDIT0K4;FINANCIAL;-;0,002;0,002;0;0,002;-;-;-;-;-;-;-;-;-;5;441;32248337,09
DITF30;BRBMEFDIT0J6;FINANCIAL;-;-;0,002;0;0,002;-;-;-;-;-;-;-;-;-;4;496;31744524,32
DITF31;BRBMEFDIT0I8;FINANCIAL;-;-0,002;0,002;0;-0,002;-;-;-;-;-;-;-;-;-;5;970;54228436,8
DITF32;BRBMEFDIT0H0;FINANCIAL;-;-;-;-;-;-;-;-;-;-;-;-;-;-;1;239;11642705,75
DITF33;BRBMEFDIT0G2;FINANCIAL;-;-;0,002;0;0,002;-;-;-;-;-;-;-;-;-;3;30;1274106,24
DITF35;BRBMEFDIT0E7;FINANCIAL;-;-;0,002;0;0,002;-;-;-;-;-;-;-;-;-;3;39;1264072,56
DITN28;BRBMEFDIT1A3;FINANCIAL;-;0,002;0,002;0,001;0,002;0;-;-;-;-;-;-;-;-;3;86;6717711,72
DITN29;BRBMEFDIT1L0;FINANCIAL;-;-;0,002;0;0,002;-;-;-;-;-;-;-;-;-;4;530;36255272,88
DAPQ26;BRBMEFDAP1L2;FINANCIAL;14,45;14,45;14,6;14,598;14,6;1,67;99460,68;14,6;99468,99;-;-8,31;-15,901953675;-;-;16;405;77082559,53
DAPQ30;BRBMEFDAP1E7;FINANCIAL;8,31;8,23;8,31;8,249;8,25;-0,72;72826,32;8,25;72665,27;-;161,05;308,184072125;8,23;8,25;97;10.329;1439488205,61
DAPQ28;BRBMEFDAP280;FINANCIAL;8,44;8,43;8,46;8,435;8,43;-0,53;84891,5;8,43;84819,77;-;71,73;137,261990025;8,43;8,46;72;6.838;1110712107,63
DAPK35;BRBMEFDAP2L0;FINANCIAL;8,17;7,96;8,17;7,972;7,97;-0,66;51229,83;7,97;51012,87;-;216,96;415,1730288;7,94;7,99;73;5.668;555546602,23
DAPQ40;BRBMEFDAP3A1;FINANCIAL;7,68;7,68;7,71;7,691;7,69;-0,74;35535,94;7,695;35290,96;-;244,98;468,79189065;-;7,725;43;3.476;236489231,68
DAPQ32;BRBMEFDAP3T1;FINANCIAL;8,215;8,15;8,22;8,171;8,17;-0,57;62425,07;8,17;62264,09;-;160,98;308,05012065;8,16;-;79;4.075;486732319,13
DAPK27;BRBMEFDAP3U9;FINANCIAL;8,65;8,63;8,66;8,651;8,66;0,16;93775,4;8,66;93785,06;-;-9,66;-18,48530355;8,6;-;45;12.013;2155836956,7
DAPK33;BRBMEFDAP462;FINANCIAL;8,11;8,105;8,115;8,112;8,105;-0,81;59093,37;8,115;58884,06;-;209,31;400,534046175;-;-;44;2.398;271212084,39
DAPK29;BRBMEFDAP4N2;FINANCIAL;8,245;8,215;8,25;8,229;8,24;-0,57;80438,3;8,225;80310,29;-;128,01;244,958975925;8,225;8,265;60;8.310;1278994989,84
DAPF27;BRBMEFDAP4Y9;FINANCIAL;10,18;10,18;10,18;10,18;10,18;0,08;95745,99;10,18;95749,56;-;-3,57;-6,831525225;-;-;6;503;92159056,4
DAPK31;BRBMEFDAP5E8;FINANCIAL;8,23;8,21;8,25;8,225;8,225;-0,85;68762,65;8,225;68550,18;-;212,47;406,580998475;8,21;8,26;31;3.216;423158331,26
DAPK37;BRBMEFDAP5F5;FINANCIAL;7,84;7,795;7,84;7,798;7,795;-0,67;44756,74;7,795;44521,98;-;234,76;449,2349753;-;-;29;1.586;135789452,35
MR1U26X26;BRBMEFMR16S4;AGRIBUSINESS;4,81;4,81;4,89;4,86;4,89;5,16;-;-;-;-;-;-;-;-;5;12;384700,5
FRP0;BRBMEFFRP099;FINANCIAL;34,3;33,5;35,4;34,43;34,2;-4,73;-;-;-;-;-;-;34,2;-;133;26.270;6707690675
FRP1;BRBMEFFRP032;FINANCIAL;33,8;33,8;33,8;33,8;33,8;-8,15;-;-;-;-;-;-;-;-;1;130;33189650
IR1Q26V26;BRBMEFIR1EJ2;FINANCIAL;3700;3700;3700;3700;3700;0;-;-;-;-;-;-;3685;3730;2;40;7212000
WI1Q26V26;BRBMEFWI14O6;FINANCIAL;3697;3697;3697;3697;3697;-0,59;-;-;-;-;-;-;3660;3750;1;2;72455,4
DOLF27C004150;BRBMEFCE1LR1;FINANCIAL;-;-;-;-;-;-;-;-;-;1042,62;-;-;-;-;-;-;-
DOLF27C004250;BRBMEFCE1LS9;FINANCIAL;-;-;-;-;-;-;-;-;-;948,18;-;-;-;-;-;-;-
DOLF27C004350;BRBMEFCE1LT7;FINANCIAL;-;-;-;-;-;-;-;-;-;854,197;-;-;-;-;-;-;-
DOLF27C004550;BRBMEFCE1LU5;FINANCIAL;-;-;-;-;-;-;-;-;-;669,526;-;-;-;-;-;-;-
DOLF27C004650;BRBMEFCE1LV3;FINANCIAL;-;-;-;-;-;-;-;-;-;580,478;-;-;-;-;-;-;-
DOLF27C004750;BRBMEFCE1LW1;FINANCIAL;-;-;-;-;-;-;-;-;-;495,266;-;-;-;-;-;-;-
DOLF27C004850;BRBMEFCE1LX9;FINANCIAL;-;-;-;-;-;-;-;-;-;415,778;-;-;-;-;-;-;-
DOLF27C004950;BRBMEFCE1LY7;FINANCIAL;-;-;-;-;-;-;-;-;-;343,098;-;-;-;-;-;-;-
DOLF27C005050;BRBMEFCE1LZ4;FINANCIAL;-;-;-;-;-;-;-;-;-;280,006;-;-;-;-;-;-;-
DOLF27C005150;BRBMEFCE1M09;FINANCIAL;-;-;-;-;-;-;-;-;-;226;-;-;-;-;-;-;-
DOLF27P004150;BRBMEFDE1KX0;FINANCIAL;-;-;-;-;-;-;-;-;-;0,225;-;-;-;-;-;-;-
DOLF27P004250;BRBMEFDE1KY8;FINANCIAL;-;-;-;-;-;-;-;-;-;0,591;-;-;-;-;-;-;-
DOLF27P004350;BRBMEFDE1KZ5;FINANCIAL;-;-;-;-;-;-;-;-;-;1,412;-;-;-;-;-;-;-
DOLF27P004550;BRBMEFDE1L08;FINANCIAL;-;-;-;-;-;-;-;-;-;6,352;-;-;-;-;-;-;-
DOLF27P004650;BRBMEFDE1L16;FINANCIAL;-;-;-;-;-;-;-;-;-;12,109;-;-;-;-;-;-;-
DOLF27P004750;BRBMEFDE1L24;FINANCIAL;-;-;-;-;-;-;-;-;-;21,703;-;-;-;-;-;-;-
DOLF27P004850;BRBMEFDE1L32;FINANCIAL;-;-;-;-;-;-;-;-;-;37,019;-;-;-;-;-;-;-
DOLF27P004950;BRBMEFDE1L40;FINANCIAL;-;-;-;-;-;-;-;-;-;59,145;-;-;-;-;-;-;-
DOLF27P005050;BRBMEFDE1L57;FINANCIAL;-;-;-;-;-;-;-;-;-;90,858;-;-;-;-;-;-;-
DOLF27P005150;BRBMEFDE1L65;FINANCIAL;-;-;-;-;-;-;-;-;-;131,656;-;-;-;-;-;-;-
DOLJ28C005500;BRBMEFCL19L7;FINANCIAL;-;-;-;-;-;-;-;-;-;430,918;-;-;-;-;-;-;-
DOLJ28C005600;BRBMEFCL19M5;FINANCIAL;-;-;-;-;-;-;-;-;-;390,342;-;-;-;-;-;-;-
DOLJ28C005700;BRBMEFCL19N3;FINANCIAL;-;-;-;-;-;-;-;-;-;353,466;-;-;-;-;-;-;-
DOLJ28P005500;BRBMEFVDEAD1;FINANCIAL;-;-;-;-;-;-;-;-;-;219,119;-;-;-;-;-;-;-
DOLJ28P005600;BRBMEFVDEAE9;FINANCIAL;-;-;-;-;-;-;-;-;-;259,21;-;-;-;-;-;-;-
DOLJ28P005700;BRBMEFVDEAF6;FINANCIAL;-;-;-;-;-;-;-;-;-;303,002;-;-;-;-;-;-;-
GL1Q26Z26;BRBMEFGL11E0;FINANCIAL;68,25;68,25;72,25;70,73;72,25;1,76;-;-;-;-;-;-;71;-;333;1.518;31527489,62
DAPK45;BRBMEFDAP3B9;FINANCIAL;-;-;-;-;-;-;25646,87;7,562;25479,34;-;167,53;320,584151525;-;-;-;-;-
DAPQ50;BRBMEFDAP3C7;FINANCIAL;-;-;-;-;-;-;17578,74;7,55;17427,03;-;151,71;290,311118175;-;-;-;-;-
DAPK55;BRBMEFDAP3D5;FINANCIAL;-;-;-;-;-;-;12781,68;7,457;12638,99;-;142,69;273,050513825;-;-;-;-;-
DAPQ60;BRBMEFDAP3V7;FINANCIAL;-;-;-;-;-;-;8829,73;7,438;8696,47;-;133,26;255,00533655;-;-;-;-;-
DAPU26;BRBMEFDAP5G3;FINANCIAL;-;-;-;-;-;-;98133,1;17,152;98155,39;-;-22,29;-42,653976825;-;-;-;-;-
DAPV26;BRBMEFDAP5H1;FINANCIAL;-;-;-;-;-;-;97527,04;13,171;97550,39;-;-23,35;-44,682384875;-;-;-;-;-
DAPX26;BRBMEFDAP5J7;FINANCIAL;-;-;-;-;-;-;96826,5;11,949;96849,75;-;-23,25;-44,491025625;-;-;-;-;-
DAPZ26;BRBMEFDAP5K5;FINANCIAL;-;-;-;-;-;-;96172,57;11,282;96190,78;-;-18,21;-34,846519425;-;-;-;-;-
DAPG27;BRBMEFDAP5L3;FINANCIAL;-;-;-;-;-;-;95191,35;9,865;95212,49;-;-21,14;-40,45334545;-;-;-;-;-