Resume as transações realizadas em derivativos durante um pregão, incluindo volumes e valores. Os detalhes sobre as regras utilizadas, bem como a definição de cada um dos campos, estão disponíveis no 
Glossário;https://www.b3.com.br/data/files/F8/42/7A/61/FEC4A8103234E0A8AC094EA8/TradeInformationConsolidatedFileV3_PT.pdf

Instrumento financeiro;Código ISIN;Segmento;Preço de abertura;Preço mínimo;Preço máximo;Preço médio;Preço de fechamento;Oscilação;Ajuste;Ajuste de referência;Ajuste do dia anterior;Preço de referência;Variação;Valor do ajuste por contrato (R$);Última oferta de compra;Última oferta de venda;Quantidade de negócios;Quantidade de contratos;Volume financeiro
BGIU26C032400;BRBMEFCBUUD9;AGRIBUSINESS;-;-;-;-;-;-;-;-;-;34,32;-;-;-;-;-;-;-
BGIU26P032400;BRBMEFVBUUC1;AGRIBUSINESS;-;-;-;-;-;-;-;-;-;0,01;-;-;-;-;-;-;-
BGIV26C032400;BRBMEFCB1KB0;AGRIBUSINESS;-;-;-;-;-;-;-;-;-;52,5;-;-;-;-;-;-;-
BGIV26P032400;BRBMEFVB1KA9;AGRIBUSINESS;-;-;-;-;-;-;-;-;-;0,01;-;-;-;-;-;-;-
BGIU26C035000;BRBMEFCBUUE7;AGRIBUSINESS;9,35;9,35;9,35;9,35;9,35;-10,95;-;-;-;9,33;-;-;-;-;1;6;18513
BGIU26P035000;BRBMEFVBUUD9;AGRIBUSINESS;-;-;-;-;-;-;-;-;-;0,84;-;-;-;-;-;-;-
BGIV26C035000;BRBMEFCB1KC8;AGRIBUSINESS;-;-;-;-;-;-;-;-;-;27,58;-;-;-;-;-;-;-
BGIV26C035500;BRBMEFCB1KD6;AGRIBUSINESS;-;-;-;-;-;-;-;-;-;23,11;-;-;-;-;-;-;-
BGIV26C036000;BRBMEFCB1KE4;AGRIBUSINESS;16,1;16,1;16,1;16,1;16,1;-12,02;-;-;-;18,89;-;-;-;-;1;6;31878
BGIV26C036500;BRBMEFCB1KF1;AGRIBUSINESS;-;-;-;-;-;-;-;-;-;14,99;-;-;-;-;-;-;-
BGIV26C037000;BRBMEFCB1KG9;AGRIBUSINESS;-;-;-;-;-;-;-;-;-;11,53;-;-;-;-;-;-;-
BGIV26P035000;BRBMEFVB1KB7;AGRIBUSINESS;1;1;1;1;1;0;-;-;-;0,65;-;-;-;-;1;5;1650
BGIV26P035500;BRBMEFVB1KC5;AGRIBUSINESS;-;-;-;-;-;-;-;-;-;1,1;-;-;-;-;-;-;-
BGIV26P036000;BRBMEFVB1KD3;AGRIBUSINESS;3;3;3,78;3,13;3,78;38,46;-;-;-;1,79;-;-;-;-;2;18;18592,2
BGIV26P036500;BRBMEFVB1KE1;AGRIBUSINESS;4,6;4,6;4,6;4,6;4,6;36,9;-;-;-;2,8;-;-;-;-;1;5;7590
BGIV26P037000;BRBMEFVB1KF8;AGRIBUSINESS;7,53;7,53;7,53;7,53;7,53;53,67;-;-;-;4,26;-;-;-;-;1;50;124245
BGIU26C034000;BRBMEFCBUUF4;AGRIBUSINESS;18,2;18,2;18,2;18,2;18,2;160;-;-;-;18,51;-;-;-;-;1;5;30030
BGIU26P034000;BRBMEFVBUUE7;AGRIBUSINESS;-;-;-;-;-;-;-;-;-;0,08;-;-;-;-;-;-;-
BGIU26C031200;BRBMEFCBUUG2;AGRIBUSINESS;-;-;-;-;-;-;-;-;-;46,24;-;-;-;-;-;-;-
BGIU26P031200;BRBMEFVBUUF4;AGRIBUSINESS;-;-;-;-;-;-;-;-;-;0,01;-;-;-;-;-;-;-
BGIV26C033500;BRBMEFCB1KH7;AGRIBUSINESS;-;-;-;-;-;-;-;-;-;41,76;-;-;-;-;-;-;-
BGIV26C034500;BRBMEFCB1KI5;AGRIBUSINESS;-;-;-;-;-;-;-;-;-;32,21;-;-;-;-;-;-;-
BGIV26P033500;BRBMEFVB1KG6;AGRIBUSINESS;-;-;-;-;-;-;-;-;-;0,09;-;-;-;-;-;-;-
BGIV26P034500;BRBMEFVB1KH4;AGRIBUSINESS;-;-;-;-;-;-;-;-;-;0,37;-;-;-;-;-;-;-
BGIV26C034200;BRBMEFCB1KJ3;AGRIBUSINESS;-;-;-;-;-;-;-;-;-;35,04;-;-;-;-;-;-;-
BGIV26P034200;BRBMEFVB1KI2;AGRIBUSINESS;-;-;-;-;-;-;-;-;-;0,25;-;-;-;-;-;-;-
BGIV26C034550;BRBMEFCB1KK1;AGRIBUSINESS;-;-;-;-;-;-;-;-;-;31,75;-;-;-;-;-;-;-
BGIV26P034550;BRBMEFVB1KJ0;AGRIBUSINESS;-;-;-;-;-;-;-;-;-;0,39;-;-;-;-;-;-;-
BGIV26C032200;BRBMEFCB1KL9;AGRIBUSINESS;-;-;-;-;-;-;-;-;-;54,46;-;-;-;-;-;-;-
BGIV26C036800;BRBMEFCB1KM7;AGRIBUSINESS;-;-;-;-;-;-;-;-;-;12,86;-;-;-;-;-;-;-
BGIV26P032200;BRBMEFVB1KK8;AGRIBUSINESS;-;-;-;-;-;-;-;-;-;0,01;-;-;-;-;-;-;-
BGIV26P036800;BRBMEFVB1KL6;AGRIBUSINESS;2;2;2;2;2;-66,66;-;-;-;3,62;-;-;-;-;2;50;33000
BGIV26C038000;BRBMEFCB1KN5;AGRIBUSINESS;-;-;-;-;-;-;-;-;-;6,16;-;-;-;-;-;-;-
BGIV26P038000;BRBMEFVB1KM4;AGRIBUSINESS;-;-;-;-;-;-;-;-;-;8,71;-;-;-;-;-;-;-
BGIV26C035400;BRBMEFCB1KO3;AGRIBUSINESS;-;-;-;-;-;-;-;-;-;23,99;-;-;-;-;-;-;-
BGIV26C040000;BRBMEFCB1KP0;AGRIBUSINESS;-;-;-;-;-;-;-;-;-;1,22;-;-;-;-;-;-;-
BGIV26P035400;BRBMEFVB1KN2;AGRIBUSINESS;-;-;-;-;-;-;-;-;-;0,99;-;-;-;-;-;-;-
BGIV26P040000;BRBMEFVB1KO0;AGRIBUSINESS;-;-;-;-;-;-;-;-;-;23,43;-;-;-;-;-;-;-
BGIV26C031500;BRBMEFCB1KQ8;AGRIBUSINESS;-;-;-;-;-;-;-;-;-;61,33;-;-;-;-;-;-;-
BGIV26P031500;BRBMEFVB1KP7;AGRIBUSINESS;-;-;-;-;-;-;-;-;-;0,01;-;-;-;-;-;-;-
BGIV26C033000;BRBMEFCB1KR6;AGRIBUSINESS;-;-;-;-;-;-;-;-;-;46,62;-;-;-;-;-;-;-
BGIV26C033100;BRBMEFCB1KS4;AGRIBUSINESS;-;-;-;-;-;-;-;-;-;45,65;-;-;-;-;-;-;-
BGIV26C033200;BRBMEFCB1KT2;AGRIBUSINESS;-;-;-;-;-;-;-;-;-;44,67;-;-;-;-;-;-;-
BGIV26C033300;BRBMEFCB1KU0;AGRIBUSINESS;-;-;-;-;-;-;-;-;-;43,7;-;-;-;-;-;-;-
BGIV26C033400;BRBMEFCB1KV8;AGRIBUSINESS;-;-;-;-;-;-;-;-;-;42,73;-;-;-;-;-;-;-
BGIV26C033600;BRBMEFCB1KW6;AGRIBUSINESS;-;-;-;-;-;-;-;-;-;40,79;-;-;-;-;-;-;-
BGIV26C033700;BRBMEFCB1KX4;AGRIBUSINESS;-;-;-;-;-;-;-;-;-;39,82;-;-;-;-;-;-;-
BGIV26C033800;BRBMEFCB1KY2;AGRIBUSINESS;-;-;-;-;-;-;-;-;-;38,86;-;-;-;-;-;-;-
BGIV26C033900;BRBMEFCB1KZ9;AGRIBUSINESS;-;-;-;-;-;-;-;-;-;37,9;-;-;-;-;-;-;-
BGIV26C034000;BRBMEFCB1L06;AGRIBUSINESS;-;-;-;-;-;-;-;-;-;36,94;-;-;-;-;-;-;-
BGIV26P033000;BRBMEFVB1KQ5;AGRIBUSINESS;-;-;-;-;-;-;-;-;-;0,04;-;-;-;-;-;-;-
BGIV26P033100;BRBMEFVB1KR3;AGRIBUSINESS;-;-;-;-;-;-;-;-;-;0,04;-;-;-;-;-;-;-
BGIV26P033200;BRBMEFVB1KS1;AGRIBUSINESS;-;-;-;-;-;-;-;-;-;0,05;-;-;-;-;-;-;-
BGIV26P033300;BRBMEFVB1KT9;AGRIBUSINESS;-;-;-;-;-;-;-;-;-;0,06;-;-;-;-;-;-;-
BGIV26P033400;BRBMEFVB1KU7;AGRIBUSINESS;-;-;-;-;-;-;-;-;-;0,07;-;-;-;-;-;-;-
BGIV26P033600;BRBMEFVB1KV5;AGRIBUSINESS;-;-;-;-;-;-;-;-;-;0,1;-;-;-;-;-;-;-
BGIV26P033700;BRBMEFVB1KW3;AGRIBUSINESS;-;-;-;-;-;-;-;-;-;0,12;-;-;-;-;-;-;-
BGIV26P033800;BRBMEFVB1KX1;AGRIBUSINESS;-;-;-;-;-;-;-;-;-;0,14;-;-;-;-;-;-;-
BGIV26P033900;BRBMEFVB1KY9;AGRIBUSINESS;-;-;-;-;-;-;-;-;-;0,16;-;-;-;-;-;-;-
BGIV26P034000;BRBMEFVB1KZ6;AGRIBUSINESS;-;-;-;-;-;-;-;-;-;0,18;-;-;-;-;-;-;-
BGIU26C030500;BRBMEFCBUUH0;AGRIBUSINESS;-;-;-;-;-;-;-;-;-;53,2;-;-;-;-;-;-;-
BGIU26C031000;BRBMEFCBUUI8;AGRIBUSINESS;-;-;-;-;-;-;-;-;-;48,23;-;-;-;-;-;-;-
BGIU26C031100;BRBMEFCBUUJ6;AGRIBUSINESS;-;-;-;-;-;-;-;-;-;47,24;-;-;-;-;-;-;-
BGIU26C031500;BRBMEFCBUUK4;AGRIBUSINESS;-;-;-;-;-;-;-;-;-;43,26;-;-;-;-;-;-;-
BGIU26C032000;BRBMEFCBUUL2;AGRIBUSINESS;-;-;-;-;-;-;-;-;-;38,29;-;-;-;-;-;-;-
BGIU26C032500;BRBMEFCBUUM0;AGRIBUSINESS;-;-;-;-;-;-;-;-;-;33,33;-;-;-;-;-;-;-
BGIU26C032600;BRBMEFCBUUN8;AGRIBUSINESS;-;-;-;-;-;-;-;-;-;32,34;-;-;-;-;-;-;-
BGIU26C033000;BRBMEFCBUUO6;AGRIBUSINESS;-;-;-;-;-;-;-;-;-;28,36;-;-;-;-;-;-;-
BGIU26C033500;BRBMEFCBUUP3;AGRIBUSINESS;-;-;-;-;-;-;-;-;-;23,41;-;-;-;-;-;-;-
BGIU26C034500;BRBMEFCBUUQ1;AGRIBUSINESS;-;-;-;-;-;-;-;-;-;13,76;-;-;-;-;-;-;-
BGIU26P030500;BRBMEFVBUUG2;AGRIBUSINESS;-;-;-;-;-;-;-;-;-;0,01;-;-;-;-;-;-;-
BGIU26P031000;BRBMEFVBUUH0;AGRIBUSINESS;-;-;-;-;-;-;-;-;-;0,01;-;-;-;-;-;-;-
BGIU26P031100;BRBMEFVBUUI8;AGRIBUSINESS;-;-;-;-;-;-;-;-;-;0,01;-;-;-;-;-;-;-
BGIU26P031500;BRBMEFVBUUJ6;AGRIBUSINESS;-;-;-;-;-;-;-;-;-;0,01;-;-;-;-;-;-;-
BGIU26P032000;BRBMEFVBUUK4;AGRIBUSINESS;-;-;-;-;-;-;-;-;-;0,01;-;-;-;-;-;-;-
BGIU26P032500;BRBMEFVBUUL2;AGRIBUSINESS;-;-;-;-;-;-;-;-;-;0,01;-;-;-;-;-;-;-
BGIU26P032600;BRBMEFVBUUM0;AGRIBUSINESS;-;-;-;-;-;-;-;-;-;0,01;-;-;-;-;-;-;-
BGIU26P033000;BRBMEFVBUUN8;AGRIBUSINESS;-;-;-;-;-;-;-;-;-;0,01;-;-;-;-;-;-;-
BGIU26P033500;BRBMEFVBUUO6;AGRIBUSINESS;-;-;-;-;-;-;-;-;-;0,02;-;-;-;-;-;-;-
BGIU26P034500;BRBMEFVBUUP3;AGRIBUSINESS;-;-;-;-;-;-;-;-;-;0,3;-;-;-;-;-;-;-
BGIV26C032500;BRBMEFCB1L14;AGRIBUSINESS;-;-;-;-;-;-;-;-;-;51,52;-;-;-;-;-;-;-
BGIV26P032500;BRBMEFVB1L06;AGRIBUSINESS;-;-;-;-;-;-;-;-;-;0,01;-;-;-;-;-;-;-
BGIX26C035000;BRBMEFGI0261;AGRIBUSINESS;-;-;-;-;-;-;-;-;-;34,59;-;-;-;-;-;-;-
BGIX26C035050;BRBMEFGI0279;AGRIBUSINESS;-;-;-;-;-;-;-;-;-;34,15;-;-;-;-;-;-;-
BGIX26C035100;BRBMEFGI0287;AGRIBUSINESS;-;-;-;-;-;-;-;-;-;33,71;-;-;-;-;-;-;-
BGIX26C035150;BRBMEFGI0295;AGRIBUSINESS;-;-;-;-;-;-;-;-;-;33,27;-;-;-;-;-;-;-
BGIX26P035000;BRBMEFBG0243;AGRIBUSINESS;1,5;1,5;1,5;1,5;1,5;400;-;-;-;1,25;-;-;-;-;1;133;65835
BGIX26P035050;BRBMEFBG0250;AGRIBUSINESS;-;-;-;-;-;-;-;-;-;1,29;-;-;-;-;-;-;-
BGIX26P035100;BRBMEFBG0268;AGRIBUSINESS;-;-;-;-;-;-;-;-;-;1,34;-;-;-;-;-;-;-
BGIX26P035150;BRBMEFBG0276;AGRIBUSINESS;-;-;-;-;-;-;-;-;-;1,39;-;-;-;-;-;-;-
BGIU26C036500;BRBMEFCBUUR9;AGRIBUSINESS;-;-;-;-;-;-;-;-;-;1,31;-;-;-;-;-;-;-
BGIU26C039500;BRBMEFCBUUS7;AGRIBUSINESS;-;-;-;-;-;-;-;-;-;0,01;-;-;-;-;-;-;-
BGIU26P036500;BRBMEFVBUUQ1;AGRIBUSINESS;-;-;-;-;-;-;-;-;-;7,71;-;-;-;-;-;-;-
BGIU26P039500;BRBMEFVBUUR9;AGRIBUSINESS;-;-;-;-;-;-;-;-;-;36,21;-;-;-;-;-;-;-
BGIV26C037500;BRBMEFCB1L22;AGRIBUSINESS;-;-;-;-;-;-;-;-;-;8,58;-;-;-;-;-;-;-
BGIV26P037500;BRBMEFVB1L14;AGRIBUSINESS;6,64;6,64;6,64;6,64;6,64;11,59;-;-;-;6,22;-;-;-;7;1;6;13147,2
BGIU26C037000;BRBMEFCBUUT5;AGRIBUSINESS;-;-;-;-;-;-;-;-;-;0,54;-;-;-;-;-;-;-
BGIU26P037000;BRBMEFVBUUS7;AGRIBUSINESS;-;-;-;-;-;-;-;-;-;11,92;-;-;-;-;-;-;-
BGIX26C034000;BRBMEFGI02A3;AGRIBUSINESS;-;-;-;-;-;-;-;-;-;43,68;-;-;-;-;-;-;-
BGIX26C038000;BRBMEFGI02B1;AGRIBUSINESS;-;-;-;-;-;-;-;-;-;12,35;-;-;-;-;-;-;-
BGIX26P034000;BRBMEFBG0284;AGRIBUSINESS;-;-;-;-;-;-;-;-;-;0,6;-;-;-;-;-;-;-
BGIX26P038000;BRBMEFBG0292;AGRIBUSINESS;-;-;-;-;-;-;-;-;-;8,22;-;-;-;-;-;-;-
BGIV26C032000;BRBMEFCB1L30;AGRIBUSINESS;-;-;-;-;-;-;-;-;-;56,42;-;-;-;-;-;-;-
BGIV26P032000;BRBMEFVB1L22;AGRIBUSINESS;-;-;-;-;-;-;-;-;-;0,01;-;-;-;-;-;-;-
BGIU26C040000;BRBMEFCBUUU3;AGRIBUSINESS;-;-;-;-;-;-;-;-;-;0,01;-;-;-;-;-;-;-
BGIU26P040000;BRBMEFVBUUT5;AGRIBUSINESS;-;-;-;-;-;-;-;-;-;41,18;-;-;-;-;-;-;-
BGIX26C033500;BRBMEFGI02C9;AGRIBUSINESS;-;-;-;-;-;-;-;-;-;48,32;-;-;-;-;-;-;-
BGIX26P033500;BRBMEFBG02A8;AGRIBUSINESS;-;-;-;-;-;-;-;-;-;0,37;-;-;-;-;-;-;-
BGIU26C033200;BRBMEFCBUUV1;AGRIBUSINESS;-;-;-;-;-;-;-;-;-;26,38;-;-;-;-;-;-;-
BGIU26P033200;BRBMEFVBUUU3;AGRIBUSINESS;-;-;-;-;-;-;-;-;-;0,01;-;-;-;-;-;-;-
BGIV26C035300;BRBMEFCB1L48;AGRIBUSINESS;-;-;-;-;-;-;-;-;-;24,87;-;-;-;-;-;-;-
BGIV26P035300;BRBMEFVB1L30;AGRIBUSINESS;-;-;-;-;-;-;-;-;-;0,89;-;-;-;-;-;-;-
BGIX26C033000;BRBMEFGI02D7;AGRIBUSINESS;-;-;-;-;-;-;-;-;-;53,03;-;-;-;-;-;-;-
BGIX26C036500;BRBMEFGI02E5;AGRIBUSINESS;-;-;-;-;-;-;-;-;-;22,17;-;-;-;-;-;-;-
BGIX26P033000;BRBMEFBG02B6;AGRIBUSINESS;0,5;0,5;0,5;0,5;0,5;-50;-;-;-;0,22;-;-;-;-;1;15;2475
BGIX26P036500;BRBMEFBG02C4;AGRIBUSINESS;-;-;-;-;-;-;-;-;-;3,43;-;-;-;-;-;-;-
BGIX26C032700;BRBMEFGI02F2;AGRIBUSINESS;-;-;-;-;-;-;-;-;-;55,89;-;-;-;-;-;-;-
BGIX26C034200;BRBMEFGI02G0;AGRIBUSINESS;-;-;-;-;-;-;-;-;-;41,83;-;-;-;-;-;-;-
BGIX26P032700;BRBMEFBG02D2;AGRIBUSINESS;-;-;-;-;-;-;-;-;-;0,16;-;-;-;-;-;-;-
BGIX26P034200;BRBMEFBG02E0;AGRIBUSINESS;-;-;-;-;-;-;-;-;-;0,7;-;-;-;-;-;-;-
BGIU26C034700;BRBMEFCBUUW9;AGRIBUSINESS;-;-;-;-;-;-;-;-;-;11,93;-;-;-;-;-;-;-
BGIU26P034700;BRBMEFVBUUV1;AGRIBUSINESS;-;-;-;-;-;-;-;-;-;0,45;-;-;-;-;-;-;-
BGIX26C037000;BRBMEFGI02H8;AGRIBUSINESS;-;-;-;-;-;-;-;-;-;18,54;-;-;-;-;-;-;-
BGIX26P037000;BRBMEFBG02F7;AGRIBUSINESS;6,55;6,55;6,55;6,55;6,55;90,4;-;-;-;4,67;-;-;-;-;1;133;287479,5
BGIU26C035500;BRBMEFCBUUX7;AGRIBUSINESS;-;-;-;-;-;-;-;-;-;5,58;-;-;-;-;-;-;-
BGIU26P035500;BRBMEFVBUUW9;AGRIBUSINESS;-;-;-;-;-;-;-;-;-;2,06;-;-;-;-;-;-;-
BGIV26C031700;BRBMEFCB1L55;AGRIBUSINESS;-;-;-;-;-;-;-;-;-;59,37;-;-;-;-;-;-;-
BGIV26C031800;BRBMEFCB1L63;AGRIBUSINESS;-;-;-;-;-;-;-;-;-;58,38;-;-;-;-;-;-;-
BGIV26C031900;BRBMEFCB1L71;AGRIBUSINESS;-;-;-;-;-;-;-;-;-;57,4;-;-;-;-;-;-;-
BGIV26P031700;BRBMEFVB1L48;AGRIBUSINESS;-;-;-;-;-;-;-;-;-;0,01;-;-;-;-;-;-;-
BGIV26P031800;BRBMEFVB1L55;AGRIBUSINESS;-;-;-;-;-;-;-;-;-;0,01;-;-;-;-;-;-;-
BGIV26P031900;BRBMEFVB1L63;AGRIBUSINESS;-;-;-;-;-;-;-;-;-;0,01;-;-;-;-;-;-;-
BGIX26C031700;BRBMEFGI02I6;AGRIBUSINESS;-;-;-;-;-;-;-;-;-;65,51;-;-;-;-;-;-;-
BGIX26C031800;BRBMEFGI02J4;AGRIBUSINESS;-;-;-;-;-;-;-;-;-;64,55;-;-;-;-;-;-;-
BGIX26C031900;BRBMEFGI02K2;AGRIBUSINESS;-;-;-;-;-;-;-;-;-;63,58;-;-;-;-;-;-;-
BGIX26P031700;BRBMEFBG02G5;AGRIBUSINESS;-;-;-;-;-;-;-;-;-;0,05;-;-;-;-;-;-;-
BGIX26P031800;BRBMEFBG02H3;AGRIBUSINESS;-;-;-;-;-;-;-;-;-;0,05;-;-;-;-;-;-;-
BGIX26P031900;BRBMEFBG02I1;AGRIBUSINESS;-;-;-;-;-;-;-;-;-;0,06;-;-;-;-;-;-;-
BGIV26C034800;BRBMEFCB1L89;AGRIBUSINESS;-;-;-;-;-;-;-;-;-;29,42;-;-;-;-;-;-;-
BGIV26C037100;BRBMEFCB1L97;AGRIBUSINESS;-;-;-;-;-;-;-;-;-;10,89;-;-;-;-;-;-;-
BGIV26P034800;BRBMEFVB1L71;AGRIBUSINESS;-;-;-;-;-;-;-;-;-;0,53;-;-;-;-;-;-;-
BGIV26P037100;BRBMEFVB1L89;AGRIBUSINESS;-;-;-;-;-;-;-;-;-;4,6;-;-;-;-;-;-;-
BGIU26C036000;BRBMEFCBUUY5;AGRIBUSINESS;-;-;-;-;-;-;-;-;-;2,89;-;-;-;-;-;-;-
BGIU26P036000;BRBMEFVBUUX7;AGRIBUSINESS;-;-;-;-;-;-;-;-;-;4,33;-;-;-;-;-;-;-
BGIX26C037500;BRBMEFGI02L0;AGRIBUSINESS;-;-;-;-;-;-;-;-;-;15,26;-;-;-;-;-;-;-
BGIX26P037500;BRBMEFBG02J9;AGRIBUSINESS;-;-;-;-;-;-;-;-;-;6,25;-;-;-;-;-;-;-
BGIU26C037500;BRBMEFCBUUZ2;AGRIBUSINESS;-;-;-;-;-;-;-;-;-;0,21;-;-;-;-;-;-;-
BGIU26P037500;BRBMEFVBUUY5;AGRIBUSINESS;-;-;-;-;-;-;-;-;-;16,55;-;-;-;-;-;-;-
BGIX26C032000;BRBMEFGI02M8;AGRIBUSINESS;-;-;-;-;-;-;-;-;-;62,61;-;-;-;-;-;-;-
BGIX26P032000;BRBMEFBG02K7;AGRIBUSINESS;-;-;-;-;-;-;-;-;-;0,07;-;-;-;-;-;-;-
BGIU26C035150;BRBMEFCBUV04;AGRIBUSINESS;-;-;-;-;-;-;-;-;-;8,11;-;-;-;-;-;-;-
BGIU26C035200;BRBMEFCBUV12;AGRIBUSINESS;-;-;-;-;-;-;-;-;-;7,72;-;-;-;-;-;-;-
BGIU26C035250;BRBMEFCBUV20;AGRIBUSINESS;-;-;-;-;-;-;-;-;-;7,34;-;-;-;-;-;-;-
BGIU26P035150;BRBMEFVBUUZ2;AGRIBUSINESS;-;-;-;-;-;-;-;-;-;1,11;-;-;-;-;-;-;-
BGIU26P035200;BRBMEFVBUV01;AGRIBUSINESS;-;-;-;-;-;-;-;-;-;1,21;-;-;-;-;-;-;-
BGIU26P035250;BRBMEFVBUV19;AGRIBUSINESS;-;-;-;-;-;-;-;-;-;1,33;-;-;-;-;-;-;-
BGIU26C035050;BRBMEFCBUV38;AGRIBUSINESS;-;-;-;-;-;-;-;-;-;8,92;-;-;-;-;-;-;-
BGIU26P035050;BRBMEFVBUV27;AGRIBUSINESS;-;-;-;-;-;-;-;-;-;0,92;-;-;-;-;-;-;-
BGIV26C035600;BRBMEFCB1LA0;AGRIBUSINESS;-;-;-;-;-;-;-;-;-;22,25;-;-;-;-;-;-;-
BGIV26P035600;BRBMEFVB1L97;AGRIBUSINESS;-;-;-;-;-;-;-;-;-;1,21;-;-;-;-;-;-;-
BGIX26C035500;BRBMEFGI02N6;AGRIBUSINESS;-;-;-;-;-;-;-;-;-;30,25;-;-;-;-;-;-;-
BGIX26C035600;BRBMEFGI02O4;AGRIBUSINESS;-;-;-;-;-;-;-;-;-;29,41;-;-;-;-;-;-;-
BGIX26P035500;BRBMEFBG02L5;AGRIBUSINESS;-;-;-;-;-;-;-;-;-;1,78;-;-;-;-;-;-;-
BGIX26P035600;BRBMEFBG02M3;AGRIBUSINESS;-;-;-;-;-;-;-;-;-;1,91;-;-;-;-;-;-;-
BGIU26C036300;BRBMEFCBUV46;AGRIBUSINESS;-;-;-;-;-;-;-;-;-;1,82;-;-;-;-;-;-;-
BGIU26P036300;BRBMEFVBUV35;AGRIBUSINESS;-;-;-;-;-;-;-;-;-;6,24;-;-;-;-;-;-;-
BGIX26C036200;BRBMEFGI02P1;AGRIBUSINESS;-;-;-;-;-;-;-;-;-;24,5;-;-;-;-;-;-;-
BGIX26P036200;BRBMEFBG02N1;AGRIBUSINESS;-;-;-;-;-;-;-;-;-;2,84;-;-;-;-;-;-;-
BGIU26C034300;BRBMEFCBUV53;AGRIBUSINESS;-;-;-;-;-;-;-;-;-;15,64;-;-;-;-;-;-;-
BGIU26P034300;BRBMEFVBUV43;AGRIBUSINESS;-;-;-;-;-;-;-;-;-;0,19;-;-;-;-;-;-;-
BGIU26C033100;BRBMEFCBUV61;AGRIBUSINESS;-;-;-;-;-;-;-;-;-;27,37;-;-;-;-;-;-;-
BGIU26P033100;BRBMEFVBUV50;AGRIBUSINESS;-;-;-;-;-;-;-;-;-;0,01;-;-;-;-;-;-;-
BGIX26C033800;BRBMEFGI02Q9;AGRIBUSINESS;-;-;-;-;-;-;-;-;-;45,52;-;-;-;-;-;-;-
BGIX26C035300;BRBMEFGI02R7;AGRIBUSINESS;-;-;-;-;-;-;-;-;-;31,96;-;-;-;-;-;-;-
BGIX26P033800;BRBMEFBG02O9;AGRIBUSINESS;-;-;-;-;-;-;-;-;-;0,5;-;-;-;-;-;-;-
BGIX26P035300;BRBMEFBG02P6;AGRIBUSINESS;-;-;-;-;-;-;-;-;-;1,54;-;-;-;-;-;-;-
BGIH27C028550;BRBMEFCBHRO9;AGRIBUSINESS;-;-;-;-;-;-;-;-;-;93,4;-;-;-;-;-;-;-
BGIH27P028550;BRBMEFVBHRO9;AGRIBUSINESS;-;-;-;-;-;-;-;-;-;0,12;-;-;-;-;-;-;-
BGIV26C034700;BRBMEFCB1LB8;AGRIBUSINESS;-;-;-;-;-;-;-;-;-;30,35;-;-;-;-;-;-;-
BGIV26P034700;BRBMEFVB1LA7;AGRIBUSINESS;-;-;-;-;-;-;-;-;-;0,47;-;-;-;-;-;-;-
BGIV26C035200;BRBMEFCB1LC6;AGRIBUSINESS;-;-;-;-;-;-;-;-;-;25,77;-;-;-;-;-;-;-
BGIV26P035200;BRBMEFVB1LB5;AGRIBUSINESS;-;-;-;-;-;-;-;-;-;0,81;-;-;-;-;-;-;-
BGIV26C038800;BRBMEFCB1LD4;AGRIBUSINESS;-;-;-;-;-;-;-;-;-;3,38;-;-;-;-;-;-;-
BGIV26P038800;BRBMEFVB1LC3;AGRIBUSINESS;-;-;-;-;-;-;-;-;-;13,8;-;-;-;-;-;-;-
BGIX26C034750;BRBMEFGI02S5;AGRIBUSINESS;-;-;-;-;-;-;-;-;-;36,82;-;-;-;-;-;-;-
BGIX26C034800;BRBMEFGI02T3;AGRIBUSINESS;-;-;-;-;-;-;-;-;-;36,37;-;-;-;-;-;-;-
BGIX26P034750;BRBMEFBG02Q4;AGRIBUSINESS;-;-;-;-;-;-;-;-;-;1,05;-;-;-;-;-;-;-
BGIX26P034800;BRBMEFBG02R2;AGRIBUSINESS;-;-;-;-;-;-;-;-;-;1,09;-;-;-;-;-;-;-
BGIX26C033400;BRBMEFGI02U1;AGRIBUSINESS;-;-;-;-;-;-;-;-;-;49,25;-;-;-;-;-;-;-
BGIX26P033400;BRBMEFBG02S0;AGRIBUSINESS;-;-;-;-;-;-;-;-;-;0,34;-;-;-;-;-;-;-
BGIX26C034900;BRBMEFGI02V9;AGRIBUSINESS;-;-;-;-;-;-;-;-;-;35,48;-;-;-;-;-;-;-
BGIX26C034950;BRBMEFGI02W7;AGRIBUSINESS;-;-;-;-;-;-;-;-;-;35,03;-;-;-;-;-;-;-
BGIX26P034900;BRBMEFBG02T8;AGRIBUSINESS;-;-;-;-;-;-;-;-;-;1,16;-;-;-;-;-;-;-
BGIX26P034950;BRBMEFBG02U6;AGRIBUSINESS;-;-;-;-;-;-;-;-;-;1,21;-;-;-;-;-;-;-
BGIX26C035200;BRBMEFGI02X5;AGRIBUSINESS;-;-;-;-;-;-;-;-;-;32,83;-;-;-;-;-;-;-
BGIX26P035200;BRBMEFBG02V4;AGRIBUSINESS;-;-;-;-;-;-;-;-;-;1,44;-;-;-;-;-;-;-
BGIX26C032500;BRBMEFGI02Y3;AGRIBUSINESS;-;-;-;-;-;-;-;-;-;57,8;-;-;-;-;-;-;-
BGIX26P032500;BRBMEFBG02W2;AGRIBUSINESS;-;-;-;-;-;-;-;-;-;0,13;-;-;-;-;-;-;-
BGIV26C034400;BRBMEFCB1LE2;AGRIBUSINESS;-;-;-;-;-;-;-;-;-;33,15;-;-;-;-;-;-;-
BGIV26P034400;BRBMEFVB1LD1;AGRIBUSINESS;-;-;-;-;-;-;-;-;-;0,32;-;-;-;-;-;-;-
BGIX26C034500;BRBMEFGI02Z0;AGRIBUSINESS;-;-;-;-;-;-;-;-;-;39,08;-;-;-;-;-;-;-
BGIX26P034500;BRBMEFBG02X0;AGRIBUSINESS;-;-;-;-;-;-;-;-;-;0,87;-;-;-;-;-;-;-
BGIU26C030000;BRBMEFCBUV79;AGRIBUSINESS;-;-;-;-;-;-;-;-;-;58,16;-;-;-;-;-;-;-
BGIU26P030000;BRBMEFVBUV68;AGRIBUSINESS;-;-;-;-;-;-;-;-;-;0,01;-;-;-;-;-;-;-
BGIV26C037150;BRBMEFCB1LF9;AGRIBUSINESS;-;-;-;-;-;-;-;-;-;10,58;-;-;-;-;-;-;-
BGIV26P037150;BRBMEFVB1LE9;AGRIBUSINESS;-;-;-;-;-;-;-;-;-;4,79;-;-;-;-;-;-;-
BGIV26C035700;BRBMEFCB1LG7;AGRIBUSINESS;-;-;-;-;-;-;-;-;-;21,39;-;-;-;-;-;-;-
BGIV26P035700;BRBMEFVB1LF6;AGRIBUSINESS;-;-;-;-;-;-;-;-;-;1,34;-;-;-;-;-;-;-
BGIV26C036200;BRBMEFCB1LH5;AGRIBUSINESS;-;-;-;-;-;-;-;-;-;17,28;-;-;-;-;-;-;-
BGIV26P036200;BRBMEFVB1LG4;AGRIBUSINESS;-;-;-;-;-;-;-;-;-;2,15;-;-;-;-;-;-;-
BGIU26C032100;BRBMEFCBUV87;AGRIBUSINESS;-;-;-;-;-;-;-;-;-;37,3;-;-;-;-;-;-;-
BGIU26C034100;BRBMEFCBUV95;AGRIBUSINESS;-;-;-;-;-;-;-;-;-;17,54;-;-;-;-;-;-;-
BGIU26P032100;BRBMEFVBUV76;AGRIBUSINESS;-;-;-;-;-;-;-;-;-;0,01;-;-;-;-;-;-;-
BGIU26P034100;BRBMEFVBUV84;AGRIBUSINESS;-;-;-;-;-;-;-;-;-;0,11;-;-;-;-;-;-;-
BGIZ26C035900;BRBMEFCB24J2;AGRIBUSINESS;-;-;-;-;-;-;-;-;-;28,31;-;-;-;-;-;-;-
BGIZ26C035950;BRBMEFCB24K0;AGRIBUSINESS;-;-;-;-;-;-;-;-;-;27,93;-;-;-;-;-;-;-
BGIZ26C036000;BRBMEFCB24L8;AGRIBUSINESS;-;-;-;-;-;-;-;-;-;27,54;-;-;-;-;-;-;-
BGIZ26C036050;BRBMEFCB24M6;AGRIBUSINESS;-;-;-;-;-;-;-;-;-;27,16;-;-;-;-;-;-;-
BGIZ26C036100;BRBMEFCB24N4;AGRIBUSINESS;-;-;-;-;-;-;-;-;-;26,78;-;-;-;-;-;-;-
BGIZ26C036150;BRBMEFCB24O2;AGRIBUSINESS;-;-;-;-;-;-;-;-;-;26,4;-;-;-;-;-;-;-
BGIZ26C036200;BRBMEFCB24P9;AGRIBUSINESS;19,6;19,6;19,6;19,6;19,6;1,03;-;-;-;26,03;-;-;-;-;2;3;19404
BGIZ26C036250;BRBMEFCB24Q7;AGRIBUSINESS;-;-;-;-;-;-;-;-;-;25,66;-;-;-;-;-;-;-
BGIZ26C036300;BRBMEFCB24R5;AGRIBUSINESS;-;-;-;-;-;-;-;-;-;25,29;-;-;-;-;-;-;-
BGIZ26C036350;BRBMEFCB24S3;AGRIBUSINESS;-;-;-;-;-;-;-;-;-;24,92;-;-;-;-;-;-;-
BGIZ26C036400;BRBMEFCB24T1;AGRIBUSINESS;-;-;-;-;-;-;-;-;-;24,55;-;-;-;-;-;-;-
BGIZ26C036450;BRBMEFCB24U9;AGRIBUSINESS;-;-;-;-;-;-;-;-;-;24,2;-;-;-;-;-;-;-
BGIZ26C036500;BRBMEFCB24V7;AGRIBUSINESS;-;-;-;-;-;-;-;-;-;23,84;-;-;-;-;-;-;-
BGIZ26C036550;BRBMEFCB24W5;AGRIBUSINESS;-;-;-;-;-;-;-;-;-;23,49;-;-;-;-;-;-;-
BGIZ26C036600;BRBMEFCB24X3;AGRIBUSINESS;-;-;-;-;-;-;-;-;-;23,14;-;-;-;-;-;-;-
BGIZ26C036650;BRBMEFCB24Y1;AGRIBUSINESS;-;-;-;-;-;-;-;-;-;22,8;-;-;-;-;-;-;-
BGIZ26C036700;BRBMEFCB24Z8;AGRIBUSINESS;-;-;-;-;-;-;-;-;-;22,45;-;-;-;-;-;-;-
BGIZ26C036750;BRBMEFCB2508;AGRIBUSINESS;-;-;-;-;-;-;-;-;-;22,12;-;-;-;-;-;-;-
BGIZ26C036800;BRBMEFCB2516;AGRIBUSINESS;-;-;-;-;-;-;-;-;-;21,78;-;-;-;-;-;-;-
BGIZ26C036850;BRBMEFCB2524;AGRIBUSINESS;-;-;-;-;-;-;-;-;-;21,44;-;-;-;-;-;-;-
BGIZ26C036900;BRBMEFCB2532;AGRIBUSINESS;-;-;-;-;-;-;-;-;-;21,11;-;-;-;-;-;-;-
BGIZ26C036950;BRBMEFCB2540;AGRIBUSINESS;-;-;-;-;-;-;-;-;-;20,78;-;-;-;-;-;-;-
BGIZ26C037000;BRBMEFCB2557;AGRIBUSINESS;-;-;-;-;-;-;-;-;-;20,45;-;-;-;-;-;-;-
BGIZ26C037050;BRBMEFCB2565;AGRIBUSINESS;-;-;-;-;-;-;-;-;-;20,13;-;-;-;-;-;-;-
BGIZ26C037100;BRBMEFCB2573;AGRIBUSINESS;-;-;-;-;-;-;-;-;-;19,81;-;-;-;-;-;-;-
BGIZ26C037150;BRBMEFCB2581;AGRIBUSINESS;-;-;-;-;-;-;-;-;-;19,49;-;-;-;-;-;-;-
BGIZ26C037200;BRBMEFCB2599;AGRIBUSINESS;-;-;-;-;-;-;-;-;-;19,17;-;-;-;-;-;-;-
BGIZ26C037250;BRBMEFCB25A8;AGRIBUSINESS;-;-;-;-;-;-;-;-;-;18,86;-;-;-;-;-;-;-
BGIZ26C037300;BRBMEFCB25B6;AGRIBUSINESS;-;-;-;-;-;-;-;-;-;18,54;-;-;-;-;-;-;-
BGIZ26C037350;BRBMEFCB25C4;AGRIBUSINESS;-;-;-;-;-;-;-;-;-;18,24;-;-;-;-;-;-;-
BGIZ26C037400;BRBMEFCB25D2;AGRIBUSINESS;-;-;-;-;-;-;-;-;-;17,94;-;-;-;-;-;-;-
BGIZ26C037450;BRBMEFCB25E0;AGRIBUSINESS;-;-;-;-;-;-;-;-;-;17,63;-;-;-;-;-;-;-
BGIZ26C037500;BRBMEFCB25F7;AGRIBUSINESS;-;-;-;-;-;-;-;-;-;17,33;-;-;-;-;-;-;-
BGIZ26C037550;BRBMEFCB25G5;AGRIBUSINESS;-;-;-;-;-;-;-;-;-;17,04;-;-;-;-;-;-;-
BGIZ26C037600;BRBMEFCB25H3;AGRIBUSINESS;-;-;-;-;-;-;-;-;-;16,75;-;-;-;-;-;-;-
BGIZ26C037650;BRBMEFCB25I1;AGRIBUSINESS;-;-;-;-;-;-;-;-;-;16,47;-;-;-;-;-;-;-
BGIZ26C037700;BRBMEFCB25J9;AGRIBUSINESS;-;-;-;-;-;-;-;-;-;16,19;-;-;-;-;-;-;-
BGIZ26C037750;BRBMEFCB25K7;AGRIBUSINESS;-;-;-;-;-;-;-;-;-;15,91;-;-;-;-;-;-;-
BGIZ26C037800;BRBMEFCB25L5;AGRIBUSINESS;-;-;-;-;-;-;-;-;-;15,64;-;-;-;-;-;-;-
BGIZ26C037850;BRBMEFCB25M3;AGRIBUSINESS;-;-;-;-;-;-;-;-;-;15,37;-;-;-;-;-;-;-
BGIZ26C037900;BRBMEFCB25N1;AGRIBUSINESS;-;-;-;-;-;-;-;-;-;15,1;-;-;-;-;-;-;-
BGIZ26C037950;BRBMEFCB25O9;AGRIBUSINESS;-;-;-;-;-;-;-;-;-;14,83;-;-;-;-;-;-;-
BGIZ26C038000;BRBMEFCB25P6;AGRIBUSINESS;-;-;-;-;-;-;-;-;-;14,57;-;-;-;-;-;-;-
BGIZ26C038050;BRBMEFCB25Q4;AGRIBUSINESS;-;-;-;-;-;-;-;-;-;14,31;-;-;-;-;-;-;-
BGIZ26C038100;BRBMEFCB25R2;AGRIBUSINESS;-;-;-;-;-;-;-;-;-;14,05;-;-;-;-;-;-;-
BGIZ26C038150;BRBMEFCB25S0;AGRIBUSINESS;-;-;-;-;-;-;-;-;-;13,8;-;-;-;-;-;-;-
BGIZ26C038200;BRBMEFCB25T8;AGRIBUSINESS;-;-;-;-;-;-;-;-;-;13,55;-;-;-;-;-;-;-
BGIZ26C038250;BRBMEFCB25U6;AGRIBUSINESS;-;-;-;-;-;-;-;-;-;13,3;-;-;-;-;-;-;-
BGIZ26C038300;BRBMEFCB25V4;AGRIBUSINESS;-;-;-;-;-;-;-;-;-;13,06;-;-;-;-;-;-;-
BGIZ26C038350;BRBMEFCB25W2;AGRIBUSINESS;-;-;-;-;-;-;-;-;-;12,81;-;-;-;-;-;-;-
BGIZ26C038400;BRBMEFCB25X0;AGRIBUSINESS;6;6;6;6;6;-25;-;-;-;12,57;-;-;-;-;2;3;5940
BGIZ26C038450;BRBMEFCB25Y8;AGRIBUSINESS;-;-;-;-;-;-;-;-;-;12,34;-;-;-;-;-;-;-
BGIZ26C038500;BRBMEFCB25Z5;AGRIBUSINESS;-;-;-;-;-;-;-;-;-;12,1;-;-;-;-;-;-;-
BGIZ26C038550;BRBMEFCB2607;AGRIBUSINESS;-;-;-;-;-;-;-;-;-;11,87;-;-;-;-;-;-;-
BGIZ26C038600;BRBMEFCB2615;AGRIBUSINESS;-;-;-;-;-;-;-;-;-;11,65;-;-;-;-;-;-;-
BGIZ26C038650;BRBMEFCB2623;AGRIBUSINESS;-;-;-;-;-;-;-;-;-;11,44;-;-;-;-;-;-;-
BGIZ26C038700;BRBMEFCB2631;AGRIBUSINESS;-;-;-;-;-;-;-;-;-;11,23;-;-;-;-;-;-;-
BGIZ26P035900;BRBMEFBV24J2;AGRIBUSINESS;-;-;-;-;-;-;-;-;-;3,89;-;-;-;-;-;-;-
BGIZ26P035950;BRBMEFBV24K0;AGRIBUSINESS;-;-;-;-;-;-;-;-;-;3,99;-;-;-;-;-;-;-
BGIZ26P036000;BRBMEFBV24L8;AGRIBUSINESS;-;-;-;-;-;-;-;-;-;4,09;-;-;-;-;-;-;-
BGIZ26P036050;BRBMEFBV24M6;AGRIBUSINESS;-;-;-;-;-;-;-;-;-;4,19;-;-;-;-;-;-;-
BGIZ26P036100;BRBMEFBV24N4;AGRIBUSINESS;-;-;-;-;-;-;-;-;-;4,29;-;-;-;-;-;-;-
BGIZ26P036150;BRBMEFBV24O2;AGRIBUSINESS;-;-;-;-;-;-;-;-;-;4,39;-;-;-;-;-;-;-
BGIZ26P036200;BRBMEFBV24P9;AGRIBUSINESS;-;-;-;-;-;-;-;-;-;4,5;-;-;-;-;-;-;-
BGIZ26P036250;BRBMEFBV24Q7;AGRIBUSINESS;-;-;-;-;-;-;-;-;-;4,61;-;-;-;-;-;-;-
BGIZ26P036300;BRBMEFBV24R5;AGRIBUSINESS;-;-;-;-;-;-;-;-;-;4,72;-;-;-;-;-;-;-
BGIZ26P036350;BRBMEFBV24S3;AGRIBUSINESS;-;-;-;-;-;-;-;-;-;4,83;-;-;-;-;-;-;-
BGIZ26P036400;BRBMEFBV24T1;AGRIBUSINESS;-;-;-;-;-;-;-;-;-;4,95;-;-;-;-;-;-;-
BGIZ26P036450;BRBMEFBV24U9;AGRIBUSINESS;-;-;-;-;-;-;-;-;-;5,07;-;-;-;-;-;-;-
BGIZ26P036500;BRBMEFBV24V7;AGRIBUSINESS;-;-;-;-;-;-;-;-;-;5,2;-;-;-;-;-;-;-
BGIZ26P036550;BRBMEFBV24W5;AGRIBUSINESS;-;-;-;-;-;-;-;-;-;5,33;-;-;-;-;-;-;-
BGIZ26P036600;BRBMEFBV24X3;AGRIBUSINESS;-;-;-;-;-;-;-;-;-;5,47;-;-;-;-;-;-;-
BGIZ26P036650;BRBMEFBV24Y1;AGRIBUSINESS;-;-;-;-;-;-;-;-;-;5,61;-;-;-;-;-;-;-
BGIZ26P036700;BRBMEFBV24Z8;AGRIBUSINESS;-;-;-;-;-;-;-;-;-;5,74;-;-;-;-;-;-;-
BGIZ26P036750;BRBMEFBV2505;AGRIBUSINESS;-;-;-;-;-;-;-;-;-;5,89;-;-;-;-;-;-;-
BGIZ26P036800;BRBMEFBV2513;AGRIBUSINESS;6,6;6,6;6,6;6,6;6,6;-;-;-;-;6,03;-;-;-;-;1;3;6534
BGIZ26P036850;BRBMEFBV2521;AGRIBUSINESS;-;-;-;-;-;-;-;-;-;6,17;-;-;-;-;-;-;-
BGIZ26P036900;BRBMEFBV2539;AGRIBUSINESS;-;-;-;-;-;-;-;-;-;6,32;-;-;-;-;-;-;-
BGIZ26P036950;BRBMEFBV2547;AGRIBUSINESS;-;-;-;-;-;-;-;-;-;6,48;-;-;-;-;-;-;-
BGIZ26P037000;BRBMEFBV2554;AGRIBUSINESS;-;-;-;-;-;-;-;-;-;6,63;-;-;-;-;-;-;-
BGIZ26P037050;BRBMEFBV2562;AGRIBUSINESS;-;-;-;-;-;-;-;-;-;6,79;-;-;-;-;-;-;-
BGIZ26P037100;BRBMEFBV2570;AGRIBUSINESS;-;-;-;-;-;-;-;-;-;6,95;-;-;-;-;-;-;-
BGIZ26P037150;BRBMEFBV2588;AGRIBUSINESS;-;-;-;-;-;-;-;-;-;7,11;-;-;-;-;-;-;-
BGIZ26P037200;BRBMEFBV2596;AGRIBUSINESS;-;-;-;-;-;-;-;-;-;7,27;-;-;-;-;-;-;-
BGIZ26P037250;BRBMEFBV25A8;AGRIBUSINESS;-;-;-;-;-;-;-;-;-;7,45;-;-;-;-;-;-;-
BGIZ26P037300;BRBMEFBV25B6;AGRIBUSINESS;-;-;-;-;-;-;-;-;-;7,61;-;-;-;-;-;-;-
BGIZ26P037350;BRBMEFBV25C4;AGRIBUSINESS;-;-;-;-;-;-;-;-;-;7,79;-;-;-;-;-;-;-
BGIZ26P037400;BRBMEFBV25D2;AGRIBUSINESS;-;-;-;-;-;-;-;-;-;7,97;-;-;-;-;-;-;-
BGIZ26P037450;BRBMEFBV25E0;AGRIBUSINESS;-;-;-;-;-;-;-;-;-;8,14;-;-;-;-;-;-;-
BGIZ26P037500;BRBMEFBV25F7;AGRIBUSINESS;-;-;-;-;-;-;-;-;-;8,32;-;-;-;-;-;-;-
BGIZ26P037550;BRBMEFBV25G5;AGRIBUSINESS;-;-;-;-;-;-;-;-;-;8,52;-;-;-;-;-;-;-
BGIZ26P037600;BRBMEFBV25H3;AGRIBUSINESS;-;-;-;-;-;-;-;-;-;8,71;-;-;-;-;-;-;-
BGIZ26P037650;BRBMEFBV25I1;AGRIBUSINESS;-;-;-;-;-;-;-;-;-;8,91;-;-;-;-;-;-;-
BGIZ26P037700;BRBMEFBV25J9;AGRIBUSINESS;-;-;-;-;-;-;-;-;-;9,11;-;-;-;-;-;-;-
BGIZ26P037750;BRBMEFBV25K7;AGRIBUSINESS;-;-;-;-;-;-;-;-;-;9,31;-;-;-;-;-;-;-
BGIZ26P037800;BRBMEFBV25L5;AGRIBUSINESS;-;-;-;-;-;-;-;-;-;9,52;-;-;-;-;-;-;-
BGIZ26P037850;BRBMEFBV25M3;AGRIBUSINESS;-;-;-;-;-;-;-;-;-;9,73;-;-;-;-;-;-;-
BGIZ26P037900;BRBMEFBV25N1;AGRIBUSINESS;-;-;-;-;-;-;-;-;-;9,94;-;-;-;-;-;-;-
BGIZ26P037950;BRBMEFBV25O9;AGRIBUSINESS;-;-;-;-;-;-;-;-;-;10,16;-;-;-;-;-;-;-
BGIZ26P038000;BRBMEFBV25P6;AGRIBUSINESS;-;-;-;-;-;-;-;-;-;10,38;-;-;-;-;-;-;-
BGIZ26P038050;BRBMEFBV25Q4;AGRIBUSINESS;-;-;-;-;-;-;-;-;-;10,6;-;-;-;-;-;-;-
BGIZ26P038100;BRBMEFBV25R2;AGRIBUSINESS;-;-;-;-;-;-;-;-;-;10,83;-;-;-;-;-;-;-
BGIZ26P038150;BRBMEFBV25S0;AGRIBUSINESS;-;-;-;-;-;-;-;-;-;11,06;-;-;-;-;-;-;-
BGIZ26P038200;BRBMEFBV25T8;AGRIBUSINESS;-;-;-;-;-;-;-;-;-;11,28;-;-;-;-;-;-;-
BGIZ26P038250;BRBMEFBV25U6;AGRIBUSINESS;-;-;-;-;-;-;-;-;-;11,52;-;-;-;-;-;-;-
BGIZ26P038300;BRBMEFBV25V4;AGRIBUSINESS;-;-;-;-;-;-;-;-;-;11,76;-;-;-;-;-;-;-
BGIZ26P038350;BRBMEFBV25W2;AGRIBUSINESS;-;-;-;-;-;-;-;-;-;11,99;-;-;-;-;-;-;-
BGIZ26P038400;BRBMEFBV25X0;AGRIBUSINESS;-;-;-;-;-;-;-;-;-;12,24;-;-;-;-;-;-;-
BGIZ26P038450;BRBMEFBV25Y8;AGRIBUSINESS;-;-;-;-;-;-;-;-;-;12,49;-;-;-;-;-;-;-
BGIZ26P038500;BRBMEFBV25Z5;AGRIBUSINESS;-;-;-;-;-;-;-;-;-;12,73;-;-;-;-;-;-;-
BGIZ26P038550;BRBMEFBV2604;AGRIBUSINESS;-;-;-;-;-;-;-;-;-;12,98;-;-;-;-;-;-;-
BGIZ26P038600;BRBMEFBV2612;AGRIBUSINESS;-;-;-;-;-;-;-;-;-;13,24;-;-;-;-;-;-;-
BGIZ26P038650;BRBMEFBV2620;AGRIBUSINESS;-;-;-;-;-;-;-;-;-;13,51;-;-;-;-;-;-;-
BGIZ26P038700;BRBMEFBV2638;AGRIBUSINESS;-;-;-;-;-;-;-;-;-;13,78;-;-;-;-;-;-;-
BGIX26C035700;BRBMEFGI0303;AGRIBUSINESS;-;-;-;-;-;-;-;-;-;28,57;-;-;-;-;-;-;-
BGIX26P035700;BRBMEFBG02Y8;AGRIBUSINESS;-;-;-;-;-;-;-;-;-;2,04;-;-;-;-;-;-;-
BGIZ26C033000;BRBMEFCB2649;AGRIBUSINESS;-;-;-;-;-;-;-;-;-;53,2;-;-;-;-;-;-;-
BGIZ26C035000;BRBMEFCB2656;AGRIBUSINESS;-;-;-;-;-;-;-;-;-;35,56;-;-;-;-;-;-;-
BGIZ26P033000;BRBMEFBV2646;AGRIBUSINESS;-;-;-;-;-;-;-;-;-;0,85;-;-;-;-;-;-;-
BGIZ26P035000;BRBMEFBV2653;AGRIBUSINESS;-;-;-;-;-;-;-;-;-;2,47;-;-;-;-;-;-;-
BGIU26C029000;BRBMEFCBUVA3;AGRIBUSINESS;-;-;-;-;-;-;-;-;-;68,1;-;-;-;-;-;-;-
BGIU26P029000;BRBMEFVBUV92;AGRIBUSINESS;-;-;-;-;-;-;-;-;-;0,01;-;-;-;-;-;-;-
BGIF27C034000;BRBMEFBC01R3;AGRIBUSINESS;-;-;-;-;-;-;-;-;-;45,2;-;-;-;-;-;-;-
BGIF27C034050;BRBMEFBC01S1;AGRIBUSINESS;-;-;-;-;-;-;-;-;-;44,78;-;-;-;-;-;-;-
BGIF27C034100;BRBMEFBC01T9;AGRIBUSINESS;-;-;-;-;-;-;-;-;-;44,35;-;-;-;-;-;-;-
BGIF27C034150;BRBMEFBC01U7;AGRIBUSINESS;-;-;-;-;-;-;-;-;-;43,93;-;-;-;-;-;-;-
BGIF27C034200;BRBMEFBC01V5;AGRIBUSINESS;-;-;-;-;-;-;-;-;-;43,5;-;-;-;-;-;-;-
BGIF27C034250;BRBMEFBC01W3;AGRIBUSINESS;-;-;-;-;-;-;-;-;-;43,08;-;-;-;-;-;-;-
BGIF27C034300;BRBMEFBC01X1;AGRIBUSINESS;-;-;-;-;-;-;-;-;-;42,66;-;-;-;-;-;-;-
BGIF27C034350;BRBMEFBC01Y9;AGRIBUSINESS;-;-;-;-;-;-;-;-;-;42,24;-;-;-;-;-;-;-
BGIF27C034400;BRBMEFBC01Z6;AGRIBUSINESS;-;-;-;-;-;-;-;-;-;41,82;-;-;-;-;-;-;-
BGIF27C034450;BRBMEFBC0205;AGRIBUSINESS;-;-;-;-;-;-;-;-;-;41,4;-;-;-;-;-;-;-
BGIF27C034500;BRBMEFBC0213;AGRIBUSINESS;-;-;-;-;-;-;-;-;-;40,98;-;-;-;-;-;-;-
BGIF27C034550;BRBMEFBC0221;AGRIBUSINESS;-;-;-;-;-;-;-;-;-;40,57;-;-;-;-;-;-;-
BGIF27C034600;BRBMEFBC0239;AGRIBUSINESS;-;-;-;-;-;-;-;-;-;40,15;-;-;-;-;-;-;-
BGIF27C034650;BRBMEFBC0247;AGRIBUSINESS;-;-;-;-;-;-;-;-;-;39,74;-;-;-;-;-;-;-
BGIF27C034700;BRBMEFBC0254;AGRIBUSINESS;-;-;-;-;-;-;-;-;-;39,33;-;-;-;-;-;-;-
BGIF27C034750;BRBMEFBC0262;AGRIBUSINESS;-;-;-;-;-;-;-;-;-;38,92;-;-;-;-;-;-;-
BGIF27C034800;BRBMEFBC0270;AGRIBUSINESS;-;-;-;-;-;-;-;-;-;38,51;-;-;-;-;-;-;-
BGIF27C034850;BRBMEFBC0288;AGRIBUSINESS;-;-;-;-;-;-;-;-;-;38,1;-;-;-;-;-;-;-
BGIF27C034900;BRBMEFBC0296;AGRIBUSINESS;-;-;-;-;-;-;-;-;-;37,7;-;-;-;-;-;-;-
BGIF27C034950;BRBMEFBC02A7;AGRIBUSINESS;-;-;-;-;-;-;-;-;-;37,29;-;-;-;-;-;-;-
BGIF27C035000;BRBMEFBC02B5;AGRIBUSINESS;-;-;-;-;-;-;-;-;-;36,89;-;-;-;-;-;-;-
BGIF27C035050;BRBMEFBC02C3;AGRIBUSINESS;-;-;-;-;-;-;-;-;-;36,49;-;-;-;-;-;-;-
BGIF27C035100;BRBMEFBC02D1;AGRIBUSINESS;-;-;-;-;-;-;-;-;-;36,09;-;-;-;-;-;-;-
BGIF27C035150;BRBMEFBC02E9;AGRIBUSINESS;-;-;-;-;-;-;-;-;-;35,69;-;-;-;-;-;-;-
BGIF27C035200;BRBMEFBC02F6;AGRIBUSINESS;-;-;-;-;-;-;-;-;-;35,29;-;-;-;-;-;-;-
BGIF27C035250;BRBMEFBC02G4;AGRIBUSINESS;-;-;-;-;-;-;-;-;-;34,89;-;-;-;-;-;-;-
BGIF27C035300;BRBMEFBC02H2;AGRIBUSINESS;-;-;-;-;-;-;-;-;-;34,5;-;-;-;-;-;-;-
BGIF27C035350;BRBMEFBC02I0;AGRIBUSINESS;-;-;-;-;-;-;-;-;-;34,11;-;-;-;-;-;-;-
BGIF27C035400;BRBMEFBC01Q5;AGRIBUSINESS;-;-;-;-;-;-;-;-;-;33,71;-;-;-;-;-;-;-
BGIF27C035450;BRBMEFBC02J8;AGRIBUSINESS;-;-;-;-;-;-;-;-;-;33,33;-;-;-;-;-;-;-
BGIF27C035500;BRBMEFBC02K6;AGRIBUSINESS;-;-;-;-;-;-;-;-;-;32,94;-;-;-;-;-;-;-
BGIF27C035550;BRBMEFBC02L4;AGRIBUSINESS;-;-;-;-;-;-;-;-;-;32,55;-;-;-;-;-;-;-
BGIF27C035600;BRBMEFBC02M2;AGRIBUSINESS;-;-;-;-;-;-;-;-;-;32,16;-;-;-;-;-;-;-
BGIF27C035650;BRBMEFBC02N0;AGRIBUSINESS;-;-;-;-;-;-;-;-;-;31,78;-;-;-;-;-;-;-
BGIF27C035700;BRBMEFBC02O8;AGRIBUSINESS;-;-;-;-;-;-;-;-;-;31,4;-;-;-;-;-;-;-
BGIF27C035750;BRBMEFBC02P5;AGRIBUSINESS;-;-;-;-;-;-;-;-;-;31,02;-;-;-;-;-;-;-
BGIF27C035800;BRBMEFBC02Q3;AGRIBUSINESS;-;-;-;-;-;-;-;-;-;30,64;-;-;-;-;-;-;-
BGIF27C035850;BRBMEFBC02R1;AGRIBUSINESS;-;-;-;-;-;-;-;-;-;30,27;-;-;-;-;-;-;-
BGIF27C035900;BRBMEFBC02S9;AGRIBUSINESS;-;-;-;-;-;-;-;-;-;29,89;-;-;-;-;-;-;-
BGIF27C035950;BRBMEFBC02T7;AGRIBUSINESS;-;-;-;-;-;-;-;-;-;29,52;-;-;-;-;-;-;-
BGIF27C036000;BRBMEFBC02U5;AGRIBUSINESS;-;-;-;-;-;-;-;-;-;29,15;-;-;-;-;-;-;-
BGIF27C036050;BRBMEFBC02V3;AGRIBUSINESS;-;-;-;-;-;-;-;-;-;28,78;-;-;-;-;-;-;-
BGIF27C036100;BRBMEFBC02W1;AGRIBUSINESS;-;-;-;-;-;-;-;-;-;28,42;-;-;-;-;-;-;-
BGIF27C036150;BRBMEFBC02X9;AGRIBUSINESS;-;-;-;-;-;-;-;-;-;28,05;-;-;-;-;-;-;-
BGIF27C036200;BRBMEFBC02Y7;AGRIBUSINESS;-;-;-;-;-;-;-;-;-;27,69;-;-;-;-;-;-;-
BGIF27C036250;BRBMEFBC02Z4;AGRIBUSINESS;-;-;-;-;-;-;-;-;-;27,33;-;-;-;-;-;-;-
BGIF27C036300;BRBMEFBC0304;AGRIBUSINESS;-;-;-;-;-;-;-;-;-;26,98;-;-;-;-;-;-;-
BGIF27C036350;BRBMEFBC0312;AGRIBUSINESS;-;-;-;-;-;-;-;-;-;26,63;-;-;-;-;-;-;-
BGIF27C036400;BRBMEFBC0320;AGRIBUSINESS;-;-;-;-;-;-;-;-;-;26,29;-;-;-;-;-;-;-
BGIF27C036450;BRBMEFBC0338;AGRIBUSINESS;-;-;-;-;-;-;-;-;-;25,94;-;-;-;-;-;-;-
BGIF27C036500;BRBMEFBC0346;AGRIBUSINESS;-;-;-;-;-;-;-;-;-;25,6;-;-;-;-;-;-;-
BGIF27C036550;BRBMEFBC0353;AGRIBUSINESS;-;-;-;-;-;-;-;-;-;25,26;-;-;-;-;-;-;-
BGIF27C036600;BRBMEFBC0361;AGRIBUSINESS;-;-;-;-;-;-;-;-;-;24,93;-;-;-;-;-;-;-
BGIF27C036650;BRBMEFBC0379;AGRIBUSINESS;-;-;-;-;-;-;-;-;-;24,59;-;-;-;-;-;-;-
BGIF27C036700;BRBMEFBC0387;AGRIBUSINESS;-;-;-;-;-;-;-;-;-;24,26;-;-;-;-;-;-;-
BGIF27C036750;BRBMEFBC0395;AGRIBUSINESS;-;-;-;-;-;-;-;-;-;23,93;-;-;-;-;-;-;-
BGIF27C036800;BRBMEFBC03A5;AGRIBUSINESS;-;-;-;-;-;-;-;-;-;23,6;-;-;-;-;-;-;-
BGIF27C036850;BRBMEFBC03B3;AGRIBUSINESS;-;-;-;-;-;-;-;-;-;23,28;-;-;-;-;-;-;-
BGIF27C036900;BRBMEFBC03C1;AGRIBUSINESS;-;-;-;-;-;-;-;-;-;22,95;-;-;-;-;-;-;-
BGIF27C036950;BRBMEFBC03D9;AGRIBUSINESS;-;-;-;-;-;-;-;-;-;22,63;-;-;-;-;-;-;-
BGIF27C037000;BRBMEFBC03E7;AGRIBUSINESS;-;-;-;-;-;-;-;-;-;22,32;-;-;-;-;-;-;-
BGIF27C037050;BRBMEFBC03F4;AGRIBUSINESS;-;-;-;-;-;-;-;-;-;22;-;-;-;-;-;-;-
BGIF27C037100;BRBMEFBC03G2;AGRIBUSINESS;-;-;-;-;-;-;-;-;-;21,68;-;-;-;-;-;-;-
BGIF27C037150;BRBMEFBC03H0;AGRIBUSINESS;-;-;-;-;-;-;-;-;-;21,37;-;-;-;-;-;-;-
BGIF27C037200;BRBMEFBC03I8;AGRIBUSINESS;-;-;-;-;-;-;-;-;-;21,07;-;-;-;-;-;-;-
BGIF27C037250;BRBMEFBC03J6;AGRIBUSINESS;-;-;-;-;-;-;-;-;-;20,76;-;-;-;-;-;-;-
BGIF27C037300;BRBMEFBC03K4;AGRIBUSINESS;-;-;-;-;-;-;-;-;-;20,46;-;-;-;-;-;-;-
BGIF27C037350;BRBMEFBC03L2;AGRIBUSINESS;-;-;-;-;-;-;-;-;-;20,15;-;-;-;-;-;-;-
BGIF27C037400;BRBMEFBC03M0;AGRIBUSINESS;-;-;-;-;-;-;-;-;-;19,85;-;-;-;-;-;-;-
BGIF27C037450;BRBMEFBC03N8;AGRIBUSINESS;-;-;-;-;-;-;-;-;-;19,56;-;-;-;-;-;-;-
BGIF27C037500;BRBMEFBC03O6;AGRIBUSINESS;-;-;-;-;-;-;-;-;-;19,27;-;-;-;-;-;-;-
BGIF27C037550;BRBMEFBC03P3;AGRIBUSINESS;-;-;-;-;-;-;-;-;-;18,98;-;-;-;-;-;-;-
BGIF27C037600;BRBMEFBC03Q1;AGRIBUSINESS;-;-;-;-;-;-;-;-;-;18,7;-;-;-;-;-;-;-
BGIF27C037650;BRBMEFBC03R9;AGRIBUSINESS;-;-;-;-;-;-;-;-;-;18,42;-;-;-;-;-;-;-
BGIF27C037700;BRBMEFBC03S7;AGRIBUSINESS;-;-;-;-;-;-;-;-;-;18,15;-;-;-;-;-;-;-
BGIF27C037750;BRBMEFBC03T5;AGRIBUSINESS;-;-;-;-;-;-;-;-;-;17,88;-;-;-;-;-;-;-
BGIF27C037800;BRBMEFBC03U3;AGRIBUSINESS;-;-;-;-;-;-;-;-;-;17,6;-;-;-;-;-;-;-
BGIF27C037850;BRBMEFBC03V1;AGRIBUSINESS;-;-;-;-;-;-;-;-;-;17,33;-;-;-;-;-;-;-
BGIF27C037900;BRBMEFBC03W9;AGRIBUSINESS;-;-;-;-;-;-;-;-;-;17,07;-;-;-;-;-;-;-
BGIF27C037950;BRBMEFBC03X7;AGRIBUSINESS;-;-;-;-;-;-;-;-;-;16,81;-;-;-;-;-;-;-
BGIF27C038000;BRBMEFBC03Y5;AGRIBUSINESS;-;-;-;-;-;-;-;-;-;16,55;-;-;-;-;-;-;-
BGIF27P034000;BRBMEFBF0152;AGRIBUSINESS;-;-;-;-;-;-;-;-;-;2,02;-;-;-;-;-;-;-
BGIF27P034050;BRBMEFBF0160;AGRIBUSINESS;-;-;-;-;-;-;-;-;-;2,07;-;-;-;-;-;-;-
BGIF27P034100;BRBMEFBF0178;AGRIBUSINESS;-;-;-;-;-;-;-;-;-;2,12;-;-;-;-;-;-;-
BGIF27P034150;BRBMEFBF0186;AGRIBUSINESS;-;-;-;-;-;-;-;-;-;2,18;-;-;-;-;-;-;-
BGIF27P034200;BRBMEFBF0194;AGRIBUSINESS;-;-;-;-;-;-;-;-;-;2,23;-;-;-;-;-;-;-
BGIF27P034250;BRBMEFBF01A2;AGRIBUSINESS;-;-;-;-;-;-;-;-;-;2,28;-;-;-;-;-;-;-
BGIF27P034300;BRBMEFBF01B0;AGRIBUSINESS;-;-;-;-;-;-;-;-;-;2,34;-;-;-;-;-;-;-
BGIF27P034350;BRBMEFBF01C8;AGRIBUSINESS;-;-;-;-;-;-;-;-;-;2,39;-;-;-;-;-;-;-
BGIF27P034400;BRBMEFBF01D6;AGRIBUSINESS;-;-;-;-;-;-;-;-;-;2,45;-;-;-;-;-;-;-
BGIF27P034450;BRBMEFBF01E4;AGRIBUSINESS;-;-;-;-;-;-;-;-;-;2,51;-;-;-;-;-;-;-
BGIF27P034500;BRBMEFBF01F1;AGRIBUSINESS;-;-;-;-;-;-;-;-;-;2,57;-;-;-;-;-;-;-
BGIF27P034550;BRBMEFBF01G9;AGRIBUSINESS;-;-;-;-;-;-;-;-;-;2,63;-;-;-;-;-;-;-
BGIF27P034600;BRBMEFBF01H7;AGRIBUSINESS;-;-;-;-;-;-;-;-;-;2,69;-;-;-;-;-;-;-
BGIF27P034650;BRBMEFBF01I5;AGRIBUSINESS;-;-;-;-;-;-;-;-;-;2,76;-;-;-;-;-;-;-
BGIF27P034700;BRBMEFBF01J3;AGRIBUSINESS;-;-;-;-;-;-;-;-;-;2,82;-;-;-;-;-;-;-
BGIF27P034750;BRBMEFBF01K1;AGRIBUSINESS;-;-;-;-;-;-;-;-;-;2,89;-;-;-;-;-;-;-
BGIF27P034800;BRBMEFBF01L9;AGRIBUSINESS;-;-;-;-;-;-;-;-;-;2,96;-;-;-;-;-;-;-
BGIF27P034850;BRBMEFBF01M7;AGRIBUSINESS;-;-;-;-;-;-;-;-;-;3,02;-;-;-;-;-;-;-
BGIF27P034900;BRBMEFBF01N5;AGRIBUSINESS;-;-;-;-;-;-;-;-;-;3,1;-;-;-;-;-;-;-
BGIF27P034950;BRBMEFBF01O3;AGRIBUSINESS;-;-;-;-;-;-;-;-;-;3,17;-;-;-;-;-;-;-
BGIF27P035000;BRBMEFBF01P0;AGRIBUSINESS;-;-;-;-;-;-;-;-;-;3,24;-;-;-;-;-;-;-
BGIF27P035050;BRBMEFBF01Q8;AGRIBUSINESS;-;-;-;-;-;-;-;-;-;3,31;-;-;-;-;-;-;-
BGIF27P035100;BRBMEFBF01R6;AGRIBUSINESS;-;-;-;-;-;-;-;-;-;3,39;-;-;-;-;-;-;-
BGIF27P035150;BRBMEFBF01S4;AGRIBUSINESS;-;-;-;-;-;-;-;-;-;3,47;-;-;-;-;-;-;-
BGIF27P035200;BRBMEFBF01T2;AGRIBUSINESS;-;-;-;-;-;-;-;-;-;3,55;-;-;-;-;-;-;-
BGIF27P035250;BRBMEFBF01U0;AGRIBUSINESS;-;-;-;-;-;-;-;-;-;3,63;-;-;-;-;-;-;-
BGIF27P035300;BRBMEFBF01V8;AGRIBUSINESS;-;-;-;-;-;-;-;-;-;3,71;-;-;-;-;-;-;-
BGIF27P035350;BRBMEFBF01W6;AGRIBUSINESS;-;-;-;-;-;-;-;-;-;3,8;-;-;-;-;-;-;-
BGIF27P035400;BRBMEFBF0145;AGRIBUSINESS;-;-;-;-;-;-;-;-;-;3,88;-;-;-;-;-;-;-
BGIF27P035450;BRBMEFBF01X4;AGRIBUSINESS;-;-;-;-;-;-;-;-;-;3,97;-;-;-;-;-;-;-
BGIF27P035500;BRBMEFBF01Y2;AGRIBUSINESS;-;-;-;-;-;-;-;-;-;4,05;-;-;-;-;-;-;-
BGIF27P035550;BRBMEFBF01Z9;AGRIBUSINESS;-;-;-;-;-;-;-;-;-;4,15;-;-;-;-;-;-;-
BGIF27P035600;BRBMEFBF0202;AGRIBUSINESS;-;-;-;-;-;-;-;-;-;4,24;-;-;-;-;-;-;-
BGIF27P035650;BRBMEFBF0210;AGRIBUSINESS;-;-;-;-;-;-;-;-;-;4,33;-;-;-;-;-;-;-
BGIF27P035700;BRBMEFBF0228;AGRIBUSINESS;-;-;-;-;-;-;-;-;-;4,42;-;-;-;-;-;-;-
BGIF27P035750;BRBMEFBF0236;AGRIBUSINESS;-;-;-;-;-;-;-;-;-;4,52;-;-;-;-;-;-;-
BGIF27P035800;BRBMEFBF0244;AGRIBUSINESS;-;-;-;-;-;-;-;-;-;4,62;-;-;-;-;-;-;-
BGIF27P035850;BRBMEFBF0251;AGRIBUSINESS;-;-;-;-;-;-;-;-;-;4,72;-;-;-;-;-;-;-
BGIF27P035900;BRBMEFBF0269;AGRIBUSINESS;-;-;-;-;-;-;-;-;-;4,82;-;-;-;-;-;-;-
BGIF27P035950;BRBMEFBF0277;AGRIBUSINESS;-;-;-;-;-;-;-;-;-;4,93;-;-;-;-;-;-;-
BGIF27P036000;BRBMEFBF0285;AGRIBUSINESS;-;-;-;-;-;-;-;-;-;5,03;-;-;-;-;-;-;-
BGIF27P036050;BRBMEFBF0293;AGRIBUSINESS;-;-;-;-;-;-;-;-;-;5,14;-;-;-;-;-;-;-
BGIF27P036100;BRBMEFBF02A0;AGRIBUSINESS;-;-;-;-;-;-;-;-;-;5,26;-;-;-;-;-;-;-
BGIF27P036150;BRBMEFBF02B8;AGRIBUSINESS;-;-;-;-;-;-;-;-;-;5,36;-;-;-;-;-;-;-
BGIF27P036200;BRBMEFBF02C6;AGRIBUSINESS;-;-;-;-;-;-;-;-;-;5,48;-;-;-;-;-;-;-
BGIF27P036250;BRBMEFBF02D4;AGRIBUSINESS;-;-;-;-;-;-;-;-;-;5,59;-;-;-;-;-;-;-
BGIF27P036300;BRBMEFBF02E2;AGRIBUSINESS;-;-;-;-;-;-;-;-;-;5,72;-;-;-;-;-;-;-
BGIF27P036350;BRBMEFBF02F9;AGRIBUSINESS;-;-;-;-;-;-;-;-;-;5,85;-;-;-;-;-;-;-
BGIF27P036400;BRBMEFBF02G7;AGRIBUSINESS;-;-;-;-;-;-;-;-;-;5,98;-;-;-;-;-;-;-
BGIF27P036450;BRBMEFBF02H5;AGRIBUSINESS;-;-;-;-;-;-;-;-;-;6,11;-;-;-;-;-;-;-
BGIF27P036500;BRBMEFBF02I3;AGRIBUSINESS;-;-;-;-;-;-;-;-;-;6,25;-;-;-;-;-;-;-
BGIF27P036550;BRBMEFBF02J1;AGRIBUSINESS;-;-;-;-;-;-;-;-;-;6,39;-;-;-;-;-;-;-
BGIF27P036600;BRBMEFBF02K9;AGRIBUSINESS;-;-;-;-;-;-;-;-;-;6,53;-;-;-;-;-;-;-
BGIF27P036650;BRBMEFBF02L7;AGRIBUSINESS;-;-;-;-;-;-;-;-;-;6,67;-;-;-;-;-;-;-
BGIF27P036700;BRBMEFBF02M5;AGRIBUSINESS;-;-;-;-;-;-;-;-;-;6,82;-;-;-;-;-;-;-
BGIF27P036750;BRBMEFBF02N3;AGRIBUSINESS;-;-;-;-;-;-;-;-;-;6,96;-;-;-;-;-;-;-
BGIF27P036800;BRBMEFBF02O1;AGRIBUSINESS;-;-;-;-;-;-;-;-;-;7,11;-;-;-;-;-;-;-
BGIF27P036850;BRBMEFBF02P8;AGRIBUSINESS;-;-;-;-;-;-;-;-;-;7,26;-;-;-;-;-;-;-
BGIF27P036900;BRBMEFBF02Q6;AGRIBUSINESS;-;-;-;-;-;-;-;-;-;7,42;-;-;-;-;-;-;-
BGIF27P036950;BRBMEFBF02R4;AGRIBUSINESS;-;-;-;-;-;-;-;-;-;7,57;-;-;-;-;-;-;-
BGIF27P037000;BRBMEFBF02S2;AGRIBUSINESS;-;-;-;-;-;-;-;-;-;7,73;-;-;-;-;-;-;-
BGIF27P037050;BRBMEFBF02T0;AGRIBUSINESS;-;-;-;-;-;-;-;-;-;7,89;-;-;-;-;-;-;-
BGIF27P037100;BRBMEFBF02U8;AGRIBUSINESS;-;-;-;-;-;-;-;-;-;8,05;-;-;-;-;-;-;-
BGIF27P037150;BRBMEFBF02V6;AGRIBUSINESS;-;-;-;-;-;-;-;-;-;8,22;-;-;-;-;-;-;-
BGIF27P037200;BRBMEFBF02W4;AGRIBUSINESS;-;-;-;-;-;-;-;-;-;8,39;-;-;-;-;-;-;-
BGIF27P037250;BRBMEFBF02X2;AGRIBUSINESS;-;-;-;-;-;-;-;-;-;8,56;-;-;-;-;-;-;-
BGIF27P037300;BRBMEFBF02Y0;AGRIBUSINESS;-;-;-;-;-;-;-;-;-;8,73;-;-;-;-;-;-;-
BGIF27P037350;BRBMEFBF02Z7;AGRIBUSINESS;-;-;-;-;-;-;-;-;-;8,9;-;-;-;-;-;-;-
BGIF27P037400;BRBMEFBF0301;AGRIBUSINESS;-;-;-;-;-;-;-;-;-;9,08;-;-;-;-;-;-;-
BGIF27P037450;BRBMEFBF0319;AGRIBUSINESS;-;-;-;-;-;-;-;-;-;9,26;-;-;-;-;-;-;-
BGIF27P037500;BRBMEFBF0327;AGRIBUSINESS;-;-;-;-;-;-;-;-;-;9,45;-;-;-;-;-;-;-
BGIF27P037550;BRBMEFBF0335;AGRIBUSINESS;-;-;-;-;-;-;-;-;-;9,64;-;-;-;-;-;-;-
BGIF27P037600;BRBMEFBF0343;AGRIBUSINESS;-;-;-;-;-;-;-;-;-;9,83;-;-;-;-;-;-;-
BGIF27P037650;BRBMEFBF0350;AGRIBUSINESS;-;-;-;-;-;-;-;-;-;10,03;-;-;-;-;-;-;-
BGIF27P037700;BRBMEFBF0368;AGRIBUSINESS;-;-;-;-;-;-;-;-;-;10,24;-;-;-;-;-;-;-
BGIF27P037750;BRBMEFBF0376;AGRIBUSINESS;-;-;-;-;-;-;-;-;-;10,44;-;-;-;-;-;-;-
BGIF27P037800;BRBMEFBF0384;AGRIBUSINESS;-;-;-;-;-;-;-;-;-;10,64;-;-;-;-;-;-;-
BGIF27P037850;BRBMEFBF0392;AGRIBUSINESS;-;-;-;-;-;-;-;-;-;10,85;-;-;-;-;-;-;-
BGIF27P037900;BRBMEFBF03A8;AGRIBUSINESS;-;-;-;-;-;-;-;-;-;11,06;-;-;-;-;-;-;-
BGIF27P037950;BRBMEFBF03B6;AGRIBUSINESS;-;-;-;-;-;-;-;-;-;11,28;-;-;-;-;-;-;-
BGIF27P038000;BRBMEFBF03C4;AGRIBUSINESS;-;-;-;-;-;-;-;-;-;11,5;-;-;-;-;-;-;-
BGIV26C036400;BRBMEFCB1LI3;AGRIBUSINESS;-;-;-;-;-;-;-;-;-;15,74;-;-;-;-;-;-;-
BGIV26P036400;BRBMEFVB1LH2;AGRIBUSINESS;-;-;-;-;-;-;-;-;-;2,57;-;-;-;-;-;-;-
BGIZ26C034000;BRBMEFCB2664;AGRIBUSINESS;-;-;-;-;-;-;-;-;-;44,17;-;-;-;-;-;-;-
BGIZ26P034000;BRBMEFBV2661;AGRIBUSINESS;-;-;-;-;-;-;-;-;-;1,45;-;-;-;-;-;-;-
BGIU26C036200;BRBMEFCBUVB1;AGRIBUSINESS;-;-;-;-;-;-;-;-;-;2,13;-;-;-;-;-;-;-
BGIU26P036200;BRBMEFVBUVA3;AGRIBUSINESS;-;-;-;-;-;-;-;-;-;5,56;-;-;-;-;-;-;-
BGIV26C034300;BRBMEFCB1LJ1;AGRIBUSINESS;-;-;-;-;-;-;-;-;-;34,09;-;-;-;-;-;-;-
BGIV26P034300;BRBMEFVB1LI0;AGRIBUSINESS;-;-;-;-;-;-;-;-;-;0,28;-;-;-;-;-;-;-
BGIU26C033800;BRBMEFCBUVD7;AGRIBUSINESS;-;-;-;-;-;-;-;-;-;20,46;-;-;-;-;-;-;-
BGIU26C033900;BRBMEFCBUVC9;AGRIBUSINESS;-;-;-;-;-;-;-;-;-;19,48;-;-;-;-;-;-;-
BGIU26P033800;BRBMEFVBUVC9;AGRIBUSINESS;-;-;-;-;-;-;-;-;-;0,05;-;-;-;-;-;-;-
BGIU26P033900;BRBMEFVBUVB1;AGRIBUSINESS;-;-;-;-;-;-;-;-;-;0,06;-;-;-;-;-;-;-
BGIX26C036000;BRBMEFGI0311;AGRIBUSINESS;-;-;-;-;-;-;-;-;-;26,1;-;-;-;-;-;-;-
BGIX26P036000;BRBMEFBG02Z5;AGRIBUSINESS;3;3;3;3;3;-8,25;-;-;-;2,5;-;-;-;-;1;15;14850
BGIU26C032800;BRBMEFCBUVF2;AGRIBUSINESS;-;-;-;-;-;-;-;-;-;30,35;-;-;-;-;-;-;-
BGIU26C033600;BRBMEFCBUVE5;AGRIBUSINESS;-;-;-;-;-;-;-;-;-;22,42;-;-;-;-;-;-;-
BGIU26C034800;BRBMEFCBUVG0;AGRIBUSINESS;-;-;-;-;-;-;-;-;-;11,04;-;-;-;-;-;-;-
BGIU26P032800;BRBMEFVBUVE5;AGRIBUSINESS;-;-;-;-;-;-;-;-;-;0,01;-;-;-;-;-;-;-
BGIU26P033600;BRBMEFVBUVD7;AGRIBUSINESS;-;-;-;-;-;-;-;-;-;0,02;-;-;-;-;-;-;-
BGIU26P034800;BRBMEFVBUVF2;AGRIBUSINESS;-;-;-;-;-;-;-;-;-;0,56;-;-;-;-;-;-;-
BGIU26C032200;BRBMEFCBUVH8;AGRIBUSINESS;-;-;-;-;-;-;-;-;-;36,31;-;-;-;-;-;-;-
BGIU26P032200;BRBMEFVBUVG0;AGRIBUSINESS;-;-;-;-;-;-;-;-;-;0,01;-;-;-;-;-;-;-
BGIZ26C033600;BRBMEFCB2672;AGRIBUSINESS;-;-;-;-;-;-;-;-;-;47,75;-;-;-;-;-;-;-
BGIZ26C035100;BRBMEFCB2680;AGRIBUSINESS;-;-;-;-;-;-;-;-;-;34,73;-;-;-;-;-;-;-
BGIZ26P033600;BRBMEFBV2679;AGRIBUSINESS;-;-;-;-;-;-;-;-;-;1,17;-;-;-;-;-;-;-
BGIZ26P035100;BRBMEFBV2687;AGRIBUSINESS;-;-;-;-;-;-;-;-;-;2,6;-;-;-;-;-;-;-
BGIV26C032900;BRBMEFCB1LK9;AGRIBUSINESS;-;-;-;-;-;-;-;-;-;47,6;-;-;-;-;-;-;-
BGIV26P032900;BRBMEFVB1LJ8;AGRIBUSINESS;-;-;-;-;-;-;-;-;-;0,03;-;-;-;-;-;-;-
BGIU26C035100;BRBMEFCBUVI6;AGRIBUSINESS;-;-;-;-;-;-;-;-;-;8,51;-;-;-;-;-;-;-
BGIU26P035100;BRBMEFVBUVH8;AGRIBUSINESS;-;-;-;-;-;-;-;-;-;1,01;-;-;-;-;-;-;-
BGIV26C034900;BRBMEFCB1LL7;AGRIBUSINESS;-;-;-;-;-;-;-;-;-;28,5;-;-;-;-;-;-;-
BGIV26C036100;BRBMEFCB1LM5;AGRIBUSINESS;-;-;-;-;-;-;-;-;-;18,08;-;-;-;-;-;-;-
BGIV26P034900;BRBMEFVB1LK6;AGRIBUSINESS;-;-;-;-;-;-;-;-;-;0,58;-;-;-;-;-;-;-
BGIV26P036100;BRBMEFVB1LL4;AGRIBUSINESS;-;-;-;-;-;-;-;-;-;1,96;-;-;-;-;-;-;-
BGIV26C030000;BRBMEFCB1LN3;AGRIBUSINESS;-;-;-;-;-;-;-;-;-;76,07;-;-;-;-;-;-;-
BGIV26P030000;BRBMEFVB1LM2;AGRIBUSINESS;-;-;-;-;-;-;-;-;-;0,01;-;-;-;-;-;-;-
BGIX26C030000;BRBMEFGI0329;AGRIBUSINESS;-;-;-;-;-;-;-;-;-;82,02;-;-;-;-;-;-;-
BGIX26P030000;BRBMEFBG0300;AGRIBUSINESS;-;-;-;-;-;-;-;-;-;0,01;-;-;-;-;-;-;-
BGIZ26C033500;BRBMEFCB2698;AGRIBUSINESS;-;-;-;-;-;-;-;-;-;48,65;-;-;-;-;-;-;-
BGIZ26C035300;BRBMEFCB26A6;AGRIBUSINESS;-;-;-;-;-;-;-;-;-;33,08;-;-;-;-;-;-;-
BGIZ26P033500;BRBMEFBV2695;AGRIBUSINESS;-;-;-;-;-;-;-;-;-;1,11;-;-;-;-;-;-;-
BGIZ26P035300;BRBMEFBV26A6;AGRIBUSINESS;-;-;-;-;-;-;-;-;-;2,88;-;-;-;-;-;-;-
BGIV26C033450;BRBMEFCB1LO1;AGRIBUSINESS;-;-;-;-;-;-;-;-;-;42,24;-;-;-;-;-;-;-
BGIV26C033950;BRBMEFCB1LP8;AGRIBUSINESS;-;-;-;-;-;-;-;-;-;37,42;-;-;-;-;-;-;-
BGIV26C035450;BRBMEFCB1LQ6;AGRIBUSINESS;-;-;-;-;-;-;-;-;-;23,55;-;-;-;-;-;-;-
BGIV26C035950;BRBMEFCB1LR4;AGRIBUSINESS;-;-;-;-;-;-;-;-;-;19,3;-;-;-;-;-;-;-
BGIV26P033450;BRBMEFVB1LN0;AGRIBUSINESS;-;-;-;-;-;-;-;-;-;0,08;-;-;-;-;-;-;-
BGIV26P033950;BRBMEFVB1LO8;AGRIBUSINESS;-;-;-;-;-;-;-;-;-;0,17;-;-;-;-;-;-;-
BGIV26P035450;BRBMEFVB1LP5;AGRIBUSINESS;-;-;-;-;-;-;-;-;-;1,04;-;-;-;-;-;-;-
BGIV26P035950;BRBMEFVB1LQ3;AGRIBUSINESS;-;-;-;-;-;-;-;-;-;1,7;-;-;-;-;-;-;-
BGIX26C033450;BRBMEFGI0337;AGRIBUSINESS;-;-;-;-;-;-;-;-;-;48,79;-;-;-;-;-;-;-
BGIX26C033950;BRBMEFGI0345;AGRIBUSINESS;-;-;-;-;-;-;-;-;-;44,14;-;-;-;-;-;-;-
BGIX26C035450;BRBMEFGI0352;AGRIBUSINESS;-;-;-;-;-;-;-;-;-;30,68;-;-;-;-;-;-;-
BGIX26C035950;BRBMEFGI0360;AGRIBUSINESS;-;-;-;-;-;-;-;-;-;26,51;-;-;-;-;-;-;-
BGIX26P033450;BRBMEFBG0318;AGRIBUSINESS;-;-;-;-;-;-;-;-;-;0,35;-;-;-;-;-;-;-
BGIX26P033950;BRBMEFBG0326;AGRIBUSINESS;-;-;-;-;-;-;-;-;-;0,58;-;-;-;-;-;-;-
BGIX26P035450;BRBMEFBG0334;AGRIBUSINESS;-;-;-;-;-;-;-;-;-;1,72;-;-;-;-;-;-;-
BGIX26P035950;BRBMEFBG0342;AGRIBUSINESS;-;-;-;-;-;-;-;-;-;2,41;-;-;-;-;-;-;-
BGIV26C033250;BRBMEFCB1LS2;AGRIBUSINESS;-;-;-;-;-;-;-;-;-;44,19;-;-;-;-;-;-;-
BGIV26C033750;BRBMEFCB1LT0;AGRIBUSINESS;-;-;-;-;-;-;-;-;-;39,34;-;-;-;-;-;-;-
BGIV26C035250;BRBMEFCB1LU8;AGRIBUSINESS;-;-;-;-;-;-;-;-;-;25,32;-;-;-;-;-;-;-
BGIV26C035750;BRBMEFCB1LV6;AGRIBUSINESS;-;-;-;-;-;-;-;-;-;20,96;-;-;-;-;-;-;-
BGIV26P033250;BRBMEFVB1LR1;AGRIBUSINESS;-;-;-;-;-;-;-;-;-;0,06;-;-;-;-;-;-;-
BGIV26P033750;BRBMEFVB1LS9;AGRIBUSINESS;-;-;-;-;-;-;-;-;-;0,13;-;-;-;-;-;-;-
BGIV26P035250;BRBMEFVB1LT7;AGRIBUSINESS;-;-;-;-;-;-;-;-;-;0,85;-;-;-;-;-;-;-
BGIV26P035750;BRBMEFVB1LU5;AGRIBUSINESS;-;-;-;-;-;-;-;-;-;1,4;-;-;-;-;-;-;-
BGIX26C033250;BRBMEFGI0378;AGRIBUSINESS;-;-;-;-;-;-;-;-;-;50,67;-;-;-;-;-;-;-
BGIX26C033750;BRBMEFGI0386;AGRIBUSINESS;-;-;-;-;-;-;-;-;-;45,99;-;-;-;-;-;-;-
BGIX26C035250;BRBMEFGI0394;AGRIBUSINESS;-;-;-;-;-;-;-;-;-;32,4;-;-;-;-;-;-;-
BGIX26C035750;BRBMEFGI03A1;AGRIBUSINESS;-;-;-;-;-;-;-;-;-;28,15;-;-;-;-;-;-;-
BGIX26P033250;BRBMEFBG0359;AGRIBUSINESS;-;-;-;-;-;-;-;-;-;0,29;-;-;-;-;-;-;-
BGIX26P033750;BRBMEFBG0367;AGRIBUSINESS;-;-;-;-;-;-;-;-;-;0,48;-;-;-;-;-;-;-
BGIX26P035250;BRBMEFBG0375;AGRIBUSINESS;-;-;-;-;-;-;-;-;-;1,49;-;-;-;-;-;-;-
BGIX26P035750;BRBMEFBG0383;AGRIBUSINESS;-;-;-;-;-;-;-;-;-;2,11;-;-;-;-;-;-;-
BGIX26C035800;BRBMEFGI03B9;AGRIBUSINESS;-;-;-;-;-;-;-;-;-;27,74;-;-;-;-;-;-;-
BGIX26P035800;BRBMEFBG0391;AGRIBUSINESS;-;-;-;-;-;-;-;-;-;2,18;-;-;-;-;-;-;-
BGIV26C039000;BRBMEFCB1LW4;AGRIBUSINESS;-;-;-;-;-;-;-;-;-;2,87;-;-;-;-;-;-;-
BGIV26P039000;BRBMEFVB1LV3;AGRIBUSINESS;-;-;-;-;-;-;-;-;-;15,26;-;-;-;-;-;-;-
BGIH27C032000;BRBMEFCBHRP6;AGRIBUSINESS;-;-;-;-;-;-;-;-;-;62,3;-;-;-;-;-;-;-
BGIH27P032000;BRBMEFVBHRP6;AGRIBUSINESS;-;-;-;-;-;-;-;-;-;1,25;-;-;-;-;-;-;-
BGIU26C032700;BRBMEFCBUVJ4;AGRIBUSINESS;-;-;-;-;-;-;-;-;-;31,34;-;-;-;-;-;-;-
BGIU26P032700;BRBMEFVBUVI6;AGRIBUSINESS;-;-;-;-;-;-;-;-;-;0,01;-;-;-;-;-;-;-
BGIU26C032900;BRBMEFCBUVK2;AGRIBUSINESS;-;-;-;-;-;-;-;-;-;29,36;-;-;-;-;-;-;-
BGIU26C034900;BRBMEFCBUVL0;AGRIBUSINESS;-;-;-;-;-;-;-;-;-;10,17;-;-;-;-;-;-;-
BGIU26P032900;BRBMEFVBUVJ4;AGRIBUSINESS;-;-;-;-;-;-;-;-;-;0,01;-;-;-;-;-;-;-
BGIU26P034900;BRBMEFVBUVK2;AGRIBUSINESS;-;-;-;-;-;-;-;-;-;0,69;-;-;-;-;-;-;-
BGIZ26C035700;BRBMEFCB26B4;AGRIBUSINESS;-;-;-;-;-;-;-;-;-;29,87;-;-;-;-;-;-;-
BGIZ26P035700;BRBMEFBV26B4;AGRIBUSINESS;-;-;-;-;-;-;-;-;-;3,53;-;-;-;-;-;-;-
BGIV26C031000;BRBMEFCB1LX2;AGRIBUSINESS;-;-;-;-;-;-;-;-;-;66,24;-;-;-;-;-;-;-
BGIV26P031000;BRBMEFVB1LW1;AGRIBUSINESS;-;-;-;-;-;-;-;-;-;0,01;-;-;-;-;-;-;-
BGIU26C034600;BRBMEFCBUVM8;AGRIBUSINESS;-;-;-;-;-;-;-;-;-;12,84;-;-;-;-;-;-;-
BGIU26P034600;BRBMEFVBUVL0;AGRIBUSINESS;-;-;-;-;-;-;-;-;-;0,37;-;-;-;-;-;-;-
BGIU26C034400;BRBMEFCBUVN6;AGRIBUSINESS;-;-;-;-;-;-;-;-;-;14,69;-;-;-;-;-;-;-
BGIU26P034400;BRBMEFVBUVM8;AGRIBUSINESS;-;-;-;-;-;-;-;-;-;0,24;-;-;-;-;-;-;-
BGIX26C034600;BRBMEFGI03C7;AGRIBUSINESS;-;-;-;-;-;-;-;-;-;38,18;-;-;-;-;-;-;-
BGIX26C036100;BRBMEFGI03D5;AGRIBUSINESS;-;-;-;-;-;-;-;-;-;25,3;-;-;-;-;-;-;-
BGIX26P034600;BRBMEFBG03A6;AGRIBUSINESS;-;-;-;-;-;-;-;-;-;0,94;-;-;-;-;-;-;-
BGIX26P036100;BRBMEFBG03B4;AGRIBUSINESS;-;-;-;-;-;-;-;-;-;2,66;-;-;-;-;-;-;-
BGIU26C035800;BRBMEFCBUVO4;AGRIBUSINESS;-;-;-;-;-;-;-;-;-;3,83;-;-;-;-;-;-;-
BGIU26P035800;BRBMEFVBUVN6;AGRIBUSINESS;-;-;-;-;-;-;-;-;-;3,28;-;-;-;-;-;-;-
BGIU26C035600;BRBMEFCBUVP1;AGRIBUSINESS;-;-;-;-;-;-;-;-;-;4,95;-;-;-;-;-;-;-
BGIU26P035600;BRBMEFVBUVO4;AGRIBUSINESS;-;-;-;-;-;-;-;-;-;2,42;-;-;-;-;-;-;-
BGIV26C034600;BRBMEFCB1LY0;AGRIBUSINESS;-;-;-;-;-;-;-;-;-;31,28;-;-;-;-;-;-;-
BGIV26P034600;BRBMEFVB1LX9;AGRIBUSINESS;-;-;-;-;-;-;-;-;-;0,42;-;-;-;-;-;-;-
BGIX26C037600;BRBMEFGI03E3;AGRIBUSINESS;-;-;-;-;-;-;-;-;-;14,64;-;-;-;-;-;-;-
BGIX26P037600;BRBMEFBG03C2;AGRIBUSINESS;-;-;-;-;-;-;-;-;-;6,61;-;-;-;-;-;-;-
BGIZ26C035500;BRBMEFCB26C2;AGRIBUSINESS;-;-;-;-;-;-;-;-;-;31,47;-;-;-;-;-;-;-
BGIZ26P035500;BRBMEFBV26C2;AGRIBUSINESS;-;-;-;-;-;-;-;-;-;3,19;-;-;-;-;-;-;-
BGIX26C036400;BRBMEFGI03F0;AGRIBUSINESS;-;-;-;-;-;-;-;-;-;22,94;-;-;-;-;-;-;-
BGIX26P036400;BRBMEFBG03D0;AGRIBUSINESS;-;-;-;-;-;-;-;-;-;3,23;-;-;-;-;-;-;-
BGIU26C035900;BRBMEFCBUVQ9;AGRIBUSINESS;-;-;-;-;-;-;-;-;-;3,34;-;-;-;-;-;-;-
BGIU26P035900;BRBMEFVBUVP1;AGRIBUSINESS;-;-;-;-;-;-;-;-;-;3,78;-;-;-;-;-;-;-
BGIU26C034250;BRBMEFCBUVR7;AGRIBUSINESS;-;-;-;-;-;-;-;-;-;16,11;-;-;-;-;-;-;-
BGIU26C035750;BRBMEFCBUVS5;AGRIBUSINESS;-;-;-;-;-;-;-;-;-;4,09;-;-;-;-;-;-;-
BGIU26P034250;BRBMEFVBUVQ9;AGRIBUSINESS;-;-;-;-;-;-;-;-;-;0,17;-;-;-;-;-;-;-
BGIU26P035750;BRBMEFVBUVR7;AGRIBUSINESS;-;-;-;-;-;-;-;-;-;3,05;-;-;-;-;-;-;-
BGIV26C035100;BRBMEFCB1LZ7;AGRIBUSINESS;-;-;-;-;-;-;-;-;-;26,67;-;-;-;-;-;-;-
BGIV26P035100;BRBMEFVB1LY7;AGRIBUSINESS;-;-;-;-;-;-;-;-;-;0,72;-;-;-;-;-;-;-
BGIX26C036300;BRBMEFGI03G8;AGRIBUSINESS;-;-;-;-;-;-;-;-;-;23,71;-;-;-;-;-;-;-
BGIX26P036300;BRBMEFBG03E8;AGRIBUSINESS;5,71;5,3;5,71;5,33;5,3;-64,42;-;-;-;3,03;-;-;-;-;2;26;45744,6
BGIX26C037100;BRBMEFGI03H6;AGRIBUSINESS;-;-;-;-;-;-;-;-;-;17,86;-;-;-;-;-;-;-
BGIX26P037100;BRBMEFBG03F5;AGRIBUSINESS;-;-;-;-;-;-;-;-;-;4,96;-;-;-;-;-;-;-
BGIV26C035800;BRBMEFCB1M05;AGRIBUSINESS;-;-;-;-;-;-;-;-;-;20,54;-;-;-;-;-;-;-
BGIV26C036700;BRBMEFCB1M13;AGRIBUSINESS;-;-;-;-;-;-;-;-;-;13,55;-;-;-;-;-;-;-
BGIV26C038300;BRBMEFCB1M21;AGRIBUSINESS;-;-;-;-;-;-;-;-;-;4,96;-;-;-;-;-;-;-
BGIV26P035800;BRBMEFVB1LZ4;AGRIBUSINESS;-;-;-;-;-;-;-;-;-;1,47;-;-;-;-;-;-;-
BGIV26P036700;BRBMEFVB1M05;AGRIBUSINESS;-;-;-;-;-;-;-;-;-;3,33;-;-;-;-;-;-;-
BGIV26P038300;BRBMEFVB1M13;AGRIBUSINESS;-;-;-;-;-;-;-;-;-;10,46;-;-;-;-;-;-;-
BGIX26C037200;BRBMEFGI03I4;AGRIBUSINESS;-;-;-;-;-;-;-;-;-;17,19;-;-;-;-;-;-;-
BGIX26C038400;BRBMEFGI03J2;AGRIBUSINESS;-;-;-;-;-;-;-;-;-;10,31;-;-;-;-;-;-;-
BGIX26P037200;BRBMEFBG03G3;AGRIBUSINESS;-;-;-;-;-;-;-;-;-;5,27;-;-;-;-;-;-;-
BGIX26P038400;BRBMEFBG03H1;AGRIBUSINESS;-;-;-;-;-;-;-;-;-;10,06;-;-;-;-;-;-;-
BGIZ26C039000;BRBMEFCB26D0;AGRIBUSINESS;-;-;-;-;-;-;-;-;-;10;-;-;-;-;-;-;-
BGIZ26P039000;BRBMEFBV26D0;AGRIBUSINESS;-;-;-;-;-;-;-;-;-;15,44;-;-;-;-;-;-;-
BGIV26C037200;BRBMEFCB1M39;AGRIBUSINESS;-;-;-;-;-;-;-;-;-;10,29;-;-;-;-;-;-;-
BGIV26P037200;BRBMEFVB1M21;AGRIBUSINESS;-;-;-;-;-;-;-;-;-;4,98;-;-;-;-;-;-;-
BGIX26C034700;BRBMEFGI03K0;AGRIBUSINESS;-;-;-;-;-;-;-;-;-;37,27;-;-;-;-;-;-;-
BGIX26C038500;BRBMEFGI03L8;AGRIBUSINESS;-;-;-;-;-;-;-;-;-;9,83;-;-;-;-;-;-;-
BGIX26P034700;BRBMEFBG03I9;AGRIBUSINESS;-;-;-;-;-;-;-;-;-;1,01;-;-;-;-;-;-;-
BGIX26P038500;BRBMEFBG03J7;AGRIBUSINESS;-;-;-;-;-;-;-;-;-;10,56;-;-;-;-;-;-;-
BGIU26C033700;BRBMEFCBUVT3;AGRIBUSINESS;-;-;-;-;-;-;-;-;-;21,44;-;-;-;-;-;-;-
BGIU26C038000;BRBMEFCBUVU1;AGRIBUSINESS;-;-;-;-;-;-;-;-;-;0,06;-;-;-;-;-;-;-
BGIU26P033700;BRBMEFVBUVS5;AGRIBUSINESS;-;-;-;-;-;-;-;-;-;0,03;-;-;-;-;-;-;-
BGIU26P038000;BRBMEFVBUVT3;AGRIBUSINESS;-;-;-;-;-;-;-;-;-;21,37;-;-;-;-;-;-;-
BGIG27C035900;BRBMEFCBGU29;AGRIBUSINESS;-;-;-;-;-;-;-;-;-;29,4;-;-;-;-;-;-;-
BGIG27C038000;BRBMEFCBGU37;AGRIBUSINESS;-;-;-;-;-;-;-;-;-;16,72;-;-;-;-;-;-;-
BGIG27P035900;BRBMEFVBGU26;AGRIBUSINESS;-;-;-;-;-;-;-;-;-;5,74;-;-;-;-;-;-;-
BGIG27P038000;BRBMEFVBGU34;AGRIBUSINESS;-;-;-;-;-;-;-;-;-;12,89;-;-;-;-;-;-;-
BGIX26C038600;BRBMEFGI03M6;AGRIBUSINESS;-;-;-;-;-;-;-;-;-;9,38;-;-;-;-;-;-;-
BGIX26P038600;BRBMEFBG03K5;AGRIBUSINESS;-;-;-;-;-;-;-;-;-;11,08;-;-;-;-;-;-;-
BGIZ26C034500;BRBMEFCB26E8;AGRIBUSINESS;-;-;-;-;-;-;-;-;-;39,8;-;-;-;-;-;-;-
BGIZ26P034500;BRBMEFBV26E8;AGRIBUSINESS;4;4;4;4;4;100;-;-;-;1,89;-;-;-;-;2;3;3960
BGIX26C039000;BRBMEFGI03N4;AGRIBUSINESS;-;-;-;-;-;-;-;-;-;7,72;-;-;-;-;-;-;-
BGIX26P039000;BRBMEFBG03L3;AGRIBUSINESS;-;-;-;-;-;-;-;-;-;13,32;-;-;-;-;-;-;-
BGIU26C037300;BRBMEFCBUVV9;AGRIBUSINESS;-;-;-;-;-;-;-;-;-;0,31;-;-;-;-;-;-;-
BGIU26P037300;BRBMEFVBUVU1;AGRIBUSINESS;-;-;-;-;-;-;-;-;-;14,67;-;-;-;-;-;-;-
BGIX26C037700;BRBMEFGI03O2;AGRIBUSINESS;-;-;-;-;-;-;-;-;-;14,05;-;-;-;-;-;-;-
BGIX26P037700;BRBMEFBG03M1;AGRIBUSINESS;-;-;-;-;-;-;-;-;-;6,99;-;-;-;-;-;-;-
BGIZ26C035600;BRBMEFCB26F5;AGRIBUSINESS;-;-;-;-;-;-;-;-;-;30,67;-;-;-;-;-;-;-
BGIZ26P035600;BRBMEFBV26F5;AGRIBUSINESS;-;-;-;-;-;-;-;-;-;3,36;-;-;-;-;-;-;-
BGIX26C035650;BRBMEFGI03P9;AGRIBUSINESS;-;-;-;-;-;-;-;-;-;28,98;-;-;-;-;-;-;-
BGIX26P035650;BRBMEFBG03N9;AGRIBUSINESS;-;-;-;-;-;-;-;-;-;1,97;-;-;-;-;-;-;-
BGIV26C036300;BRBMEFCB1M47;AGRIBUSINESS;-;-;-;-;-;-;-;-;-;16,5;-;-;-;-;-;-;-
BGIV26P036300;BRBMEFVB1M39;AGRIBUSINESS;-;-;-;-;-;-;-;-;-;2,35;-;-;-;-;-;-;-
BGIX26C038200;BRBMEFGI03Q7;AGRIBUSINESS;-;-;-;-;-;-;-;-;-;11,3;-;-;-;-;-;-;-
BGIX26P038200;BRBMEFBG03O7;AGRIBUSINESS;-;-;-;-;-;-;-;-;-;9,11;-;-;-;-;-;-;-
BGIX26C036050;BRBMEFGI03R5;AGRIBUSINESS;-;-;-;-;-;-;-;-;-;25,7;-;-;-;-;-;-;-
BGIX26P036050;BRBMEFBG03P4;AGRIBUSINESS;-;-;-;-;-;-;-;-;-;2,58;-;-;-;-;-;-;-
BGIU26C034850;BRBMEFCBUVW7;AGRIBUSINESS;-;-;-;-;-;-;-;-;-;10,6;-;-;-;-;-;-;-
BGIU26P034850;BRBMEFVBUVV9;AGRIBUSINESS;-;-;-;-;-;-;-;-;-;0,62;-;-;-;-;-;-;-
BGIZ26C032500;BRBMEFCB26G3;AGRIBUSINESS;-;-;-;-;-;-;-;-;-;57,77;-;-;-;-;-;-;-
BGIZ26P032500;BRBMEFBV26G3;AGRIBUSINESS;-;-;-;-;-;-;-;-;-;0,6;-;-;-;-;-;-;-
BGIX26C031000;BRBMEFGI03S3;AGRIBUSINESS;-;-;-;-;-;-;-;-;-;72,3;-;-;-;-;-;-;-
BGIX26P031000;BRBMEFBG03Q2;AGRIBUSINESS;-;-;-;-;-;-;-;-;-;0,02;-;-;-;-;-;-;-
BGIV26C037300;BRBMEFCB1M54;AGRIBUSINESS;-;-;-;-;-;-;-;-;-;9,69;-;-;-;-;-;-;-
BGIV26P037300;BRBMEFVB1M47;AGRIBUSINESS;-;-;-;-;-;-;-;-;-;5,37;-;-;-;-;-;-;-
BGIH27C034000;BRBMEFCBHRQ4;AGRIBUSINESS;-;-;-;-;-;-;-;-;-;45,31;-;-;-;-;-;-;-
BGIH27C036000;BRBMEFCBHRR2;AGRIBUSINESS;-;-;-;-;-;-;-;-;-;30,13;-;-;-;-;-;-;-
BGIH27C039000;BRBMEFCBHRS0;AGRIBUSINESS;-;-;-;-;-;-;-;-;-;13,81;-;-;-;-;-;-;-
BGIH27C039500;BRBMEFCBHRT8;AGRIBUSINESS;-;-;-;-;-;-;-;-;-;11,93;-;-;-;-;-;-;-
BGIH27C040000;BRBMEFCBHRU6;AGRIBUSINESS;-;-;-;-;-;-;-;-;-;10,26;-;-;-;-;-;-;-
BGIH27P034000;BRBMEFVBHRQ4;AGRIBUSINESS;-;-;-;-;-;-;-;-;-;2,95;-;-;-;-;-;-;-
BGIH27P036000;BRBMEFVBHRR2;AGRIBUSINESS;-;-;-;-;-;-;-;-;-;6,45;-;-;-;-;-;-;-
BGIH27P039000;BRBMEFVBHRS0;AGRIBUSINESS;-;-;-;-;-;-;-;-;-;18,15;-;-;-;-;-;-;-
BGIH27P039500;BRBMEFVBHRT8;AGRIBUSINESS;-;-;-;-;-;-;-;-;-;20,95;-;-;-;-;-;-;-
BGIH27P040000;BRBMEFVBHRU6;AGRIBUSINESS;-;-;-;-;-;-;-;-;-;23,95;-;-;-;-;-;-;-
BGIX26C033700;BRBMEFGI03T1;AGRIBUSINESS;-;-;-;-;-;-;-;-;-;46,45;-;-;-;-;-;-;-
BGIX26P033700;BRBMEFBG03R0;AGRIBUSINESS;-;-;-;-;-;-;-;-;-;0,45;-;-;-;-;-;-;-
BGIZ26C033700;BRBMEFCB26H1;AGRIBUSINESS;-;-;-;-;-;-;-;-;-;46,85;-;-;-;-;-;-;-
BGIZ26P033700;BRBMEFBV26H1;AGRIBUSINESS;-;-;-;-;-;-;-;-;-;1,24;-;-;-;-;-;-;-
BGIH27C036500;BRBMEFCBHRV4;AGRIBUSINESS;-;-;-;-;-;-;-;-;-;26,85;-;-;-;-;-;-;-
BGIH27P036500;BRBMEFVBHRV4;AGRIBUSINESS;-;-;-;-;-;-;-;-;-;7,84;-;-;-;-;-;-;-
BGIX26C036900;BRBMEFGI03U9;AGRIBUSINESS;-;-;-;-;-;-;-;-;-;19,24;-;-;-;-;-;-;-
BGIX26P036900;BRBMEFBG03S8;AGRIBUSINESS;-;-;-;-;-;-;-;-;-;4,39;-;-;-;-;-;-;-
BGIV26C038100;BRBMEFCB1M62;AGRIBUSINESS;-;-;-;-;-;-;-;-;-;5,73;-;-;-;-;-;-;-
BGIV26P038100;BRBMEFVB1M54;AGRIBUSINESS;-;-;-;-;-;-;-;-;-;9,27;-;-;-;-;-;-;-
BGIX26C037300;BRBMEFGI03V7;AGRIBUSINESS;-;-;-;-;-;-;-;-;-;16,53;-;-;-;-;-;-;-
BGIX26C038300;BRBMEFGI03W5;AGRIBUSINESS;-;-;-;-;-;-;-;-;-;10,8;-;-;-;-;-;-;-
BGIX26P037300;BRBMEFBG03T6;AGRIBUSINESS;-;-;-;-;-;-;-;-;-;5,58;-;-;-;-;-;-;-
BGIX26P038300;BRBMEFBG03U4;AGRIBUSINESS;-;-;-;-;-;-;-;-;-;9,58;-;-;-;-;-;-;-
BGIF27C040000;BRBMEFBC03Z2;AGRIBUSINESS;-;-;-;-;-;-;-;-;-;8,41;-;-;-;-;-;-;-
BGIF27P040000;BRBMEFBF03D2;AGRIBUSINESS;-;-;-;-;-;-;-;-;-;22,42;-;-;-;-;-;-;-
BGIV26C038500;BRBMEFCB1M70;AGRIBUSINESS;-;-;-;-;-;-;-;-;-;4,27;-;-;-;-;-;-;-
BGIV26P038500;BRBMEFVB1M62;AGRIBUSINESS;-;-;-;-;-;-;-;-;-;11,74;-;-;-;-;-;-;-
BGIV26C039500;BRBMEFCB1M88;AGRIBUSINESS;0,4;0,4;0,4;0,4;0,4;-82,06;-;-;-;1,89;-;-;-;-;1;15;1980
BGIV26P039500;BRBMEFVB1M70;AGRIBUSINESS;-;-;-;-;-;-;-;-;-;19,19;-;-;-;-;-;-;-
BGIX26C033200;BRBMEFGI03X3;AGRIBUSINESS;-;-;-;-;-;-;-;-;-;51,14;-;-;-;-;-;-;-
BGIX26P033200;BRBMEFBG03V2;AGRIBUSINESS;-;-;-;-;-;-;-;-;-;0,27;-;-;-;-;-;-;-
BGIZ26C033200;BRBMEFCB26I9;AGRIBUSINESS;-;-;-;-;-;-;-;-;-;51,37;-;-;-;-;-;-;-
BGIZ26C039300;BRBMEFCB26J7;AGRIBUSINESS;-;-;-;-;-;-;-;-;-;8,88;-;-;-;-;-;-;-
BGIZ26P033200;BRBMEFBV26I9;AGRIBUSINESS;-;-;-;-;-;-;-;-;-;0,95;-;-;-;-;-;-;-
BGIZ26P039300;BRBMEFBV26J7;AGRIBUSINESS;-;-;-;-;-;-;-;-;-;17,22;-;-;-;-;-;-;-
BGIX26C036800;BRBMEFGI03Y1;AGRIBUSINESS;-;-;-;-;-;-;-;-;-;19,95;-;-;-;-;-;-;-
BGIX26C039500;BRBMEFGI03Z8;AGRIBUSINESS;-;-;-;-;-;-;-;-;-;5,97;-;-;-;-;-;-;-
BGIX26P036800;BRBMEFBG03W0;AGRIBUSINESS;-;-;-;-;-;-;-;-;-;4,13;-;-;-;-;-;-;-
BGIX26P039500;BRBMEFBG03X8;AGRIBUSINESS;-;-;-;-;-;-;-;-;-;16,43;-;-;-;-;-;-;-
BGIZ26C039500;BRBMEFCB26K5;AGRIBUSINESS;-;-;-;-;-;-;-;-;-;8,19;-;-;-;-;-;-;-
BGIZ26P039500;BRBMEFBV26K5;AGRIBUSINESS;-;-;-;-;-;-;-;-;-;18,45;-;-;-;-;-;-;-
BGIX26C036700;BRBMEFGI0402;AGRIBUSINESS;-;-;-;-;-;-;-;-;-;20,67;-;-;-;-;-;-;-
BGIX26P036700;BRBMEFBG03Y6;AGRIBUSINESS;-;-;-;-;-;-;-;-;-;3,88;-;-;-;-;-;-;-
BGIX26C040000;BRBMEFGI0410;AGRIBUSINESS;-;-;-;-;-;-;-;-;-;4,58;-;-;-;-;-;-;-
BGIX26P040000;BRBMEFBG03Z3;AGRIBUSINESS;-;-;-;-;-;-;-;-;-;19,92;-;-;-;-;-;-;-
BGIZ26C040000;BRBMEFCB26L3;AGRIBUSINESS;-;-;-;-;-;-;-;-;-;6,69;-;-;-;-;-;-;-
BGIZ26P040000;BRBMEFBV26L3;AGRIBUSINESS;-;-;-;-;-;-;-;-;-;21,77;-;-;-;-;-;-;-
BGIF27C039200;BRBMEFBC0403;AGRIBUSINESS;-;-;-;-;-;-;-;-;-;11,15;-;-;-;-;-;-;-
BGIF27P039200;BRBMEFBF03E0;AGRIBUSINESS;-;-;-;-;-;-;-;-;-;17,54;-;-;-;-;-;-;-
BGIG27C035800;BRBMEFCBGU45;AGRIBUSINESS;-;-;-;-;-;-;-;-;-;30,12;-;-;-;-;-;-;-
BGIG27C037700;BRBMEFCBGU52;AGRIBUSINESS;-;-;-;-;-;-;-;-;-;18,24;-;-;-;-;-;-;-
BGIG27C038500;BRBMEFCBGU60;AGRIBUSINESS;-;-;-;-;-;-;-;-;-;14,35;-;-;-;-;-;-;-
BGIG27P035800;BRBMEFVBGU42;AGRIBUSINESS;-;-;-;-;-;-;-;-;-;5,52;-;-;-;-;-;-;-
BGIG27P037700;BRBMEFVBGU59;AGRIBUSINESS;-;-;-;-;-;-;-;-;-;11,59;-;-;-;-;-;-;-
BGIG27P038500;BRBMEFVBGU67;AGRIBUSINESS;-;-;-;-;-;-;-;-;-;15,24;-;-;-;-;-;-;-
BGIZ26C031000;BRBMEFCB26M1;AGRIBUSINESS;-;-;-;-;-;-;-;-;-;71,78;-;-;-;-;-;-;-
BGIZ26P031000;BRBMEFBV26M1;AGRIBUSINESS;-;-;-;-;-;-;-;-;-;0,16;-;-;-;-;-;-;-
BGIX26C031500;BRBMEFGI0428;AGRIBUSINESS;-;-;-;-;-;-;-;-;-;67,45;-;-;-;-;-;-;-
BGIX26P031500;BRBMEFBG0409;AGRIBUSINESS;-;-;-;-;-;-;-;-;-;0,04;-;-;-;-;-;-;-
BGIF27C039100;BRBMEFBC0411;AGRIBUSINESS;-;-;-;-;-;-;-;-;-;11,53;-;-;-;-;-;-;-
BGIF27P039100;BRBMEFBF03F7;AGRIBUSINESS;-;-;-;-;-;-;-;-;-;16,96;-;-;-;-;-;-;-
BGIZ26C039800;BRBMEFCB26N9;AGRIBUSINESS;-;-;-;-;-;-;-;-;-;7,25;-;-;-;-;-;-;-
BGIZ26P039800;BRBMEFBV26N9;AGRIBUSINESS;-;-;-;-;-;-;-;-;-;20,4;-;-;-;-;-;-;-
BGIH27C038000;BRBMEFCBHRW2;AGRIBUSINESS;-;-;-;-;-;-;-;-;-;18,31;-;-;-;-;-;-;-
BGIH27P038000;BRBMEFVBHRW2;AGRIBUSINESS;-;-;-;-;-;-;-;-;-;13,31;-;-;-;-;-;-;-
BGIF27C038250;BRBMEFBC0429;AGRIBUSINESS;-;-;-;-;-;-;-;-;-;15,28;-;-;-;-;-;-;-
BGIF27P038250;BRBMEFBF03G5;AGRIBUSINESS;-;-;-;-;-;-;-;-;-;12,61;-;-;-;-;-;-;-
BGIG27C038250;BRBMEFCBGU78;AGRIBUSINESS;-;-;-;-;-;-;-;-;-;15,51;-;-;-;-;-;-;-
BGIG27P038250;BRBMEFVBGU75;AGRIBUSINESS;-;-;-;-;-;-;-;-;-;14,04;-;-;-;-;-;-;-
BGIX26C041000;BRBMEFGI0436;AGRIBUSINESS;-;-;-;-;-;-;-;-;-;2,66;-;-;-;-;-;-;-
BGIX26P041000;BRBMEFBG0417;AGRIBUSINESS;-;-;-;-;-;-;-;-;-;27,72;-;-;-;-;-;-;-
BGIG27C038300;BRBMEFCBGU86;AGRIBUSINESS;-;-;-;-;-;-;-;-;-;15,26;-;-;-;-;-;-;-
BGIG27P038300;BRBMEFVBGU83;AGRIBUSINESS;-;-;-;-;-;-;-;-;-;14,27;-;-;-;-;-;-;-
BGIV26C036900;BRBMEFCB1M96;AGRIBUSINESS;-;-;-;-;-;-;-;-;-;12,19;-;-;-;-;-;-;-
BGIV26P036900;BRBMEFVB1M88;AGRIBUSINESS;-;-;-;-;-;-;-;-;-;3,93;-;-;-;-;-;-;-
BGIV26C040500;BRBMEFCB1MA8;AGRIBUSINESS;-;-;-;-;-;-;-;-;-;0,77;-;-;-;-;-;-;-
BGIV26P040500;BRBMEFVB1M96;AGRIBUSINESS;-;-;-;-;-;-;-;-;-;27,89;-;-;-;-;-;-;-
BGIF27C038550;BRBMEFBC0437;AGRIBUSINESS;-;-;-;-;-;-;-;-;-;13,86;-;-;-;-;-;-;-
BGIF27P038550;BRBMEFBF03H3;AGRIBUSINESS;-;-;-;-;-;-;-;-;-;14,05;-;-;-;-;-;-;-
BGIX26C039300;BRBMEFGI0444;AGRIBUSINESS;-;-;-;-;-;-;-;-;-;6,62;-;-;-;-;-;-;-
BGIX26P039300;BRBMEFBG0425;AGRIBUSINESS;-;-;-;-;-;-;-;-;-;15,14;-;-;-;-;-;-;-
BGIZ26C041000;BRBMEFCB26O7;AGRIBUSINESS;-;-;-;-;-;-;-;-;-;4,43;-;-;-;-;-;-;-
BGIZ26P041000;BRBMEFBV26O7;AGRIBUSINESS;-;-;-;-;-;-;-;-;-;29,14;-;-;-;-;-;-;-
BGIF27C039500;BRBMEFBC0445;AGRIBUSINESS;-;-;-;-;-;-;-;-;-;10,05;-;-;-;-;-;-;-
BGIF27C041000;BRBMEFBC0452;AGRIBUSINESS;-;-;-;-;-;-;-;-;-;5,9;-;-;-;-;-;-;-
BGIF27P039500;BRBMEFBF03I1;AGRIBUSINESS;-;-;-;-;-;-;-;-;-;19,3;-;-;-;-;-;-;-
BGIF27P041000;BRBMEFBF03J9;AGRIBUSINESS;-;-;-;-;-;-;-;-;-;29,45;-;-;-;-;-;-;-
BGIX26C037900;BRBMEFGI0451;AGRIBUSINESS;-;-;-;-;-;-;-;-;-;12,91;-;-;-;-;-;-;-
BGIX26P037900;BRBMEFBG0433;AGRIBUSINESS;-;-;-;-;-;-;-;-;-;7,79;-;-;-;-;-;-;-
BGIX26C040100;BRBMEFGI0469;AGRIBUSINESS;-;-;-;-;-;-;-;-;-;4,35;-;-;-;-;-;-;-
BGIX26P040100;BRBMEFBG0441;AGRIBUSINESS;-;-;-;-;-;-;-;-;-;20,65;-;-;-;-;-;-;-
BGIH27C038500;BRBMEFCBHRX0;AGRIBUSINESS;-;-;-;-;-;-;-;-;-;15,93;-;-;-;-;-;-;-
BGIH27P038500;BRBMEFVBHRX0;AGRIBUSINESS;-;-;-;-;-;-;-;-;-;15,6;-;-;-;-;-;-;-
BGIX26C039400;BRBMEFGI0477;AGRIBUSINESS;-;-;-;-;-;-;-;-;-;6,28;-;-;-;-;-;-;-
BGIX26P039400;BRBMEFBG0458;AGRIBUSINESS;-;-;-;-;-;-;-;-;-;15,78;-;-;-;-;-;-;-
BGIG27C034000;BRBMEFCBGU94;AGRIBUSINESS;-;-;-;-;-;-;-;-;-;44,19;-;-;-;-;-;-;-
BGIG27C037500;BRBMEFCBGUA4;AGRIBUSINESS;-;-;-;-;-;-;-;-;-;19,32;-;-;-;-;-;-;-
BGIG27C041000;BRBMEFCBGUB2;AGRIBUSINESS;-;-;-;-;-;-;-;-;-;6,39;-;-;-;-;-;-;-
BGIG27P034000;BRBMEFVBGU91;AGRIBUSINESS;-;-;-;-;-;-;-;-;-;2,58;-;-;-;-;-;-;-
BGIG27P037500;BRBMEFVBGUA4;AGRIBUSINESS;-;-;-;-;-;-;-;-;-;10,77;-;-;-;-;-;-;-
BGIG27P041000;BRBMEFVBGUB2;AGRIBUSINESS;-;-;-;-;-;-;-;-;-;30,9;-;-;-;-;-;-;-
BGIH27C037500;BRBMEFCBHRY8;AGRIBUSINESS;-;-;-;-;-;-;-;-;-;20,91;-;-;-;-;-;-;-
BGIH27C041000;BRBMEFCBHRZ5;AGRIBUSINESS;-;-;-;-;-;-;-;-;-;7,62;-;-;-;-;-;-;-
BGIH27P037500;BRBMEFVBHRY8;AGRIBUSINESS;-;-;-;-;-;-;-;-;-;11,24;-;-;-;-;-;-;-
BGIH27P041000;BRBMEFVBHRZ5;AGRIBUSINESS;-;-;-;-;-;-;-;-;-;30,64;-;-;-;-;-;-;-
BGIG27C038650;BRBMEFCBGUC0;AGRIBUSINESS;-;-;-;-;-;-;-;-;-;13,69;-;-;-;-;-;-;-
BGIG27P038650;BRBMEFVBGUC0;AGRIBUSINESS;-;-;-;-;-;-;-;-;-;16,01;-;-;-;-;-;-;-
BGIZ26C032000;BRBMEFCB26P4;AGRIBUSINESS;-;-;-;-;-;-;-;-;-;62,39;-;-;-;-;-;-;-
BGIZ26P032000;BRBMEFBV26P4;AGRIBUSINESS;-;-;-;-;-;-;-;-;-;0,4;-;-;-;-;-;-;-
ICFZ26C027500;BRBMEFCCXA70;AGRIBUSINESS;-;-;-;-;-;-;-;-;-;71,01;-;-;-;-;-;-;-
ICFZ26C028000;BRBMEFCCXA88;AGRIBUSINESS;-;-;-;-;-;-;-;-;-;66,57;-;-;-;-;-;-;-
ICFZ26C028500;BRBMEFCCXA96;AGRIBUSINESS;-;-;-;-;-;-;-;-;-;62,25;-;-;-;-;-;-;-
ICFZ26C029000;BRBMEFCCXAA9;AGRIBUSINESS;-;-;-;-;-;-;-;-;-;58,1;-;-;-;-;-;-;-
ICFZ26C029500;BRBMEFCCXAB7;AGRIBUSINESS;-;-;-;-;-;-;-;-;-;54,07;-;-;-;-;-;-;-
ICFZ26C030000;BRBMEFCCXAC5;AGRIBUSINESS;-;-;-;-;-;-;-;-;-;50,17;-;-;-;-;-;-;-
ICFZ26C030500;BRBMEFCCXAD3;AGRIBUSINESS;-;-;-;-;-;-;-;-;-;46,42;-;-;-;-;-;-;-
ICFZ26C031000;BRBMEFCCXAE1;AGRIBUSINESS;-;-;-;-;-;-;-;-;-;42,82;-;-;-;-;-;-;-
ICFZ26C031500;BRBMEFCCXAF8;AGRIBUSINESS;-;-;-;-;-;-;-;-;-;39,41;-;-;-;-;-;-;-
ICFZ26C032000;BRBMEFCCXAG6;AGRIBUSINESS;-;-;-;-;-;-;-;-;-;36,22;-;-;-;-;-;-;-
ICFZ26C032500;BRBMEFCCXAH4;AGRIBUSINESS;-;-;-;-;-;-;-;-;-;33,22;-;-;-;-;-;-;-
ICFZ26C033000;BRBMEFCCXAI2;AGRIBUSINESS;-;-;-;-;-;-;-;-;-;30,4;-;-;-;-;-;-;-
ICFZ26C033500;BRBMEFCCXAJ0;AGRIBUSINESS;-;-;-;-;-;-;-;-;-;27,77;-;-;-;-;-;-;-
ICFZ26C034000;BRBMEFCCXAK8;AGRIBUSINESS;-;-;-;-;-;-;-;-;-;25,32;-;-;-;-;-;-;-
ICFZ26C034500;BRBMEFCCXAL6;AGRIBUSINESS;-;-;-;-;-;-;-;-;-;23,05;-;-;-;-;-;-;-
ICFZ26C035000;BRBMEFCCXAM4;AGRIBUSINESS;-;-;-;-;-;-;-;-;-;20,94;-;-;-;-;-;-;-
ICFZ26C035500;BRBMEFCCXAN2;AGRIBUSINESS;-;-;-;-;-;-;-;-;-;19;-;-;-;-;-;-;-
ICFZ26C036000;BRBMEFCCXAO0;AGRIBUSINESS;-;-;-;-;-;-;-;-;-;17,21;-;-;-;-;-;-;-
ICFZ26C036500;BRBMEFCCXAP7;AGRIBUSINESS;-;-;-;-;-;-;-;-;-;15,57;-;-;-;-;-;-;-
ICFZ26C037000;BRBMEFCCXAQ5;AGRIBUSINESS;-;-;-;-;-;-;-;-;-;14,07;-;-;-;-;-;-;-
ICFZ26C037500;BRBMEFCCXAR3;AGRIBUSINESS;-;-;-;-;-;-;-;-;-;12,7;-;-;-;-;-;-;-
ICFZ26C038000;BRBMEFCCXAS1;AGRIBUSINESS;-;-;-;-;-;-;-;-;-;11,45;-;-;-;-;-;-;-
ICFZ26C038500;BRBMEFCCXAT9;AGRIBUSINESS;-;-;-;-;-;-;-;-;-;10,31;-;-;-;-;-;-;-
ICFZ26C039000;BRBMEFCCXAU7;AGRIBUSINESS;-;-;-;-;-;-;-;-;-;9,28;-;-;-;-;-;-;-
ICFZ26C039500;BRBMEFCCXAV5;AGRIBUSINESS;-;-;-;-;-;-;-;-;-;8,35;-;-;-;-;-;-;-
ICFZ26C040000;BRBMEFCCXAW3;AGRIBUSINESS;-;-;-;-;-;-;-;-;-;7,53;-;-;-;-;-;-;-
ICFZ26C040500;BRBMEFCCXAX1;AGRIBUSINESS;-;-;-;-;-;-;-;-;-;6,78;-;-;-;-;-;-;-
ICFZ26C041000;BRBMEFCCXAY9;AGRIBUSINESS;-;-;-;-;-;-;-;-;-;6,12;-;-;-;-;-;-;-
ICFZ26P027500;BRBMEFVCXB76;AGRIBUSINESS;-;-;-;-;-;-;-;-;-;2,08;-;-;-;-;-;-;-
ICFZ26P028000;BRBMEFVCXB84;AGRIBUSINESS;-;-;-;-;-;-;-;-;-;2,54;-;-;-;-;-;-;-
ICFZ26P028500;BRBMEFVCXB92;AGRIBUSINESS;-;-;-;-;-;-;-;-;-;3,11;-;-;-;-;-;-;-
ICFZ26P029000;BRBMEFVCXBA7;AGRIBUSINESS;-;-;-;-;-;-;-;-;-;3,85;-;-;-;-;-;-;-
ICFZ26P029500;BRBMEFVCXBB5;AGRIBUSINESS;-;-;-;-;-;-;-;-;-;4,71;-;-;-;-;-;-;-
ICFZ26P030000;BRBMEFVCXBC3;AGRIBUSINESS;-;-;-;-;-;-;-;-;-;5,71;-;-;-;-;-;-;-
ICFZ26P030500;BRBMEFVCXBD1;AGRIBUSINESS;-;-;-;-;-;-;-;-;-;6,85;-;-;-;-;-;-;-
ICFZ26P031000;BRBMEFVCXBE9;AGRIBUSINESS;-;-;-;-;-;-;-;-;-;8,14;-;-;-;-;-;-;-
ICFZ26P031500;BRBMEFVCXBF6;AGRIBUSINESS;-;-;-;-;-;-;-;-;-;9,61;-;-;-;-;-;-;-
ICFZ26P032000;BRBMEFVCXBG4;AGRIBUSINESS;-;-;-;-;-;-;-;-;-;11,32;-;-;-;-;-;-;-
ICFZ26P032500;BRBMEFVCXBH2;AGRIBUSINESS;-;-;-;-;-;-;-;-;-;13,21;-;-;-;-;-;-;-
ICFZ26P033000;BRBMEFVCXBI0;AGRIBUSINESS;-;-;-;-;-;-;-;-;-;15,28;-;-;-;-;-;-;-
ICFZ26P033500;BRBMEFVCXBJ8;AGRIBUSINESS;-;-;-;-;-;-;-;-;-;17,54;-;-;-;-;-;-;-
ICFZ26P034000;BRBMEFVCXBK6;AGRIBUSINESS;-;-;-;-;-;-;-;-;-;19,99;-;-;-;-;-;-;-
ICFZ26P034500;BRBMEFVCXBL4;AGRIBUSINESS;-;-;-;-;-;-;-;-;-;22,61;-;-;-;-;-;-;-
ICFZ26P035000;BRBMEFVCXBM2;AGRIBUSINESS;-;-;-;-;-;-;-;-;-;25,39;-;-;-;-;-;-;-
ICFZ26P035500;BRBMEFVCXBN0;AGRIBUSINESS;-;-;-;-;-;-;-;-;-;28,34;-;-;-;-;-;-;-
ICFZ26P036000;BRBMEFVCXBO8;AGRIBUSINESS;-;-;-;-;-;-;-;-;-;31,45;-;-;-;-;-;-;-
ICFZ26P036500;BRBMEFVCXBP5;AGRIBUSINESS;-;-;-;-;-;-;-;-;-;34,7;-;-;-;-;-;-;-
ICFZ26P037000;BRBMEFVCXBQ3;AGRIBUSINESS;-;-;-;-;-;-;-;-;-;38,09;-;-;-;-;-;-;-
ICFZ26P037500;BRBMEFVCXBR1;AGRIBUSINESS;-;-;-;-;-;-;-;-;-;41,61;-;-;-;-;-;-;-
ICFZ26P038000;BRBMEFVCXBS9;AGRIBUSINESS;-;-;-;-;-;-;-;-;-;45,25;-;-;-;-;-;-;-
ICFZ26P038500;BRBMEFVCXBT7;AGRIBUSINESS;-;-;-;-;-;-;-;-;-;49,01;-;-;-;-;-;-;-
ICFZ26P039000;BRBMEFVCXBU5;AGRIBUSINESS;-;-;-;-;-;-;-;-;-;52,87;-;-;-;-;-;-;-
ICFZ26P039500;BRBMEFVCXBV3;AGRIBUSINESS;-;-;-;-;-;-;-;-;-;56,83;-;-;-;-;-;-;-
ICFZ26P040000;BRBMEFVCXBW1;AGRIBUSINESS;-;-;-;-;-;-;-;-;-;60,9;-;-;-;-;-;-;-
ICFZ26P040500;BRBMEFVCXBX9;AGRIBUSINESS;-;-;-;-;-;-;-;-;-;65,05;-;-;-;-;-;-;-
ICFZ26P041000;BRBMEFVCXBY7;AGRIBUSINESS;-;-;-;-;-;-;-;-;-;69,27;-;-;-;-;-;-;-
ICFH27C030000;BRBMEFCCG8W4;AGRIBUSINESS;-;-;-;-;-;-;-;-;-;54,57;-;-;-;-;-;-;-
ICFH27C030500;BRBMEFCCG8X2;AGRIBUSINESS;-;-;-;-;-;-;-;-;-;51,46;-;-;-;-;-;-;-
ICFH27C031000;BRBMEFCCG8Y0;AGRIBUSINESS;-;-;-;-;-;-;-;-;-;48,48;-;-;-;-;-;-;-
ICFH27C031500;BRBMEFCCG8Z7;AGRIBUSINESS;-;-;-;-;-;-;-;-;-;45,63;-;-;-;-;-;-;-
ICFH27C032000;BRBMEFCCG907;AGRIBUSINESS;-;-;-;-;-;-;-;-;-;42,91;-;-;-;-;-;-;-
ICFH27C032500;BRBMEFCCG915;AGRIBUSINESS;-;-;-;-;-;-;-;-;-;40,31;-;-;-;-;-;-;-
ICFH27C033000;BRBMEFCCG923;AGRIBUSINESS;-;-;-;-;-;-;-;-;-;37,85;-;-;-;-;-;-;-
ICFH27C033500;BRBMEFCCG931;AGRIBUSINESS;-;-;-;-;-;-;-;-;-;35,5;-;-;-;-;-;-;-
ICFH27C034000;BRBMEFCCG949;AGRIBUSINESS;-;-;-;-;-;-;-;-;-;33,28;-;-;-;-;-;-;-
ICFH27C034500;BRBMEFCCG956;AGRIBUSINESS;-;-;-;-;-;-;-;-;-;31,18;-;-;-;-;-;-;-
ICFH27C035000;BRBMEFCCG964;AGRIBUSINESS;-;-;-;-;-;-;-;-;-;29,19;-;-;-;-;-;-;-
ICFH27C035500;BRBMEFCCG972;AGRIBUSINESS;-;-;-;-;-;-;-;-;-;27,31;-;-;-;-;-;-;-
ICFH27C036000;BRBMEFCCG980;AGRIBUSINESS;-;-;-;-;-;-;-;-;-;25,56;-;-;-;-;-;-;-
ICFH27C036500;BRBMEFCCG998;AGRIBUSINESS;-;-;-;-;-;-;-;-;-;23,92;-;-;-;-;-;-;-
ICFH27P030000;BRBMEFVCG8W1;AGRIBUSINESS;-;-;-;-;-;-;-;-;-;12,7;-;-;-;-;-;-;-
ICFH27P030500;BRBMEFVCG8X9;AGRIBUSINESS;-;-;-;-;-;-;-;-;-;14,34;-;-;-;-;-;-;-
ICFH27P031000;BRBMEFVCG8Y7;AGRIBUSINESS;-;-;-;-;-;-;-;-;-;16,11;-;-;-;-;-;-;-
ICFH27P031500;BRBMEFVCG8Z4;AGRIBUSINESS;-;-;-;-;-;-;-;-;-;18;-;-;-;-;-;-;-
ICFH27P032000;BRBMEFVCG907;AGRIBUSINESS;-;-;-;-;-;-;-;-;-;20,03;-;-;-;-;-;-;-
ICFH27P032500;BRBMEFVCG915;AGRIBUSINESS;-;-;-;-;-;-;-;-;-;22,18;-;-;-;-;-;-;-
ICFH27P033000;BRBMEFVCG923;AGRIBUSINESS;-;-;-;-;-;-;-;-;-;24,46;-;-;-;-;-;-;-
ICFH27P033500;BRBMEFVCG931;AGRIBUSINESS;-;-;-;-;-;-;-;-;-;26,86;-;-;-;-;-;-;-
ICFH27P034000;BRBMEFVCG949;AGRIBUSINESS;-;-;-;-;-;-;-;-;-;29,39;-;-;-;-;-;-;-
ICFH27P034500;BRBMEFVCG956;AGRIBUSINESS;-;-;-;-;-;-;-;-;-;32,04;-;-;-;-;-;-;-
ICFH27P035000;BRBMEFVCG964;AGRIBUSINESS;-;-;-;-;-;-;-;-;-;34,79;-;-;-;-;-;-;-
ICFH27P035500;BRBMEFVCG972;AGRIBUSINESS;-;-;-;-;-;-;-;-;-;37,66;-;-;-;-;-;-;-
ICFH27P036000;BRBMEFVCG980;AGRIBUSINESS;-;-;-;-;-;-;-;-;-;40,66;-;-;-;-;-;-;-
ICFH27P036500;BRBMEFVCG998;AGRIBUSINESS;-;-;-;-;-;-;-;-;-;43,76;-;-;-;-;-;-;-
ICFU27C028500;BRBMEFCCQCA9;AGRIBUSINESS;-;-;-;-;-;-;-;-;-;57,02;-;-;-;-;-;-;-
ICFU27C029000;BRBMEFCCQCB7;AGRIBUSINESS;-;-;-;-;-;-;-;-;-;54,43;-;-;-;-;-;-;-
ICFU27C029500;BRBMEFCCQCC5;AGRIBUSINESS;-;-;-;-;-;-;-;-;-;51,93;-;-;-;-;-;-;-
ICFU27C030000;BRBMEFCCQCD3;AGRIBUSINESS;-;-;-;-;-;-;-;-;-;49,53;-;-;-;-;-;-;-
ICFU27C030500;BRBMEFCCQCE1;AGRIBUSINESS;-;-;-;-;-;-;-;-;-;47,21;-;-;-;-;-;-;-
ICFU27C031000;BRBMEFCCQCF8;AGRIBUSINESS;-;-;-;-;-;-;-;-;-;44,99;-;-;-;-;-;-;-
ICFU27C031500;BRBMEFCCQCG6;AGRIBUSINESS;-;-;-;-;-;-;-;-;-;42,89;-;-;-;-;-;-;-
ICFU27C032000;BRBMEFCCQCH4;AGRIBUSINESS;-;-;-;-;-;-;-;-;-;40,87;-;-;-;-;-;-;-
ICFU27C032500;BRBMEFCCQCI2;AGRIBUSINESS;-;-;-;-;-;-;-;-;-;38,95;-;-;-;-;-;-;-
ICFU27C033000;BRBMEFCCQCJ0;AGRIBUSINESS;-;-;-;-;-;-;-;-;-;37,1;-;-;-;-;-;-;-
ICFU27C033500;BRBMEFCCQCK8;AGRIBUSINESS;-;-;-;-;-;-;-;-;-;35,34;-;-;-;-;-;-;-
ICFU27C034000;BRBMEFCCQCL6;AGRIBUSINESS;-;-;-;-;-;-;-;-;-;33,66;-;-;-;-;-;-;-
ICFU27C034500;BRBMEFCCQCM4;AGRIBUSINESS;-;-;-;-;-;-;-;-;-;32,04;-;-;-;-;-;-;-
ICFU27C035000;BRBMEFCCQCN2;AGRIBUSINESS;-;-;-;-;-;-;-;-;-;30,52;-;-;-;-;-;-;-
ICFU27P028500;BRBMEFVCQCC5;AGRIBUSINESS;-;-;-;-;-;-;-;-;-;19,54;-;-;-;-;-;-;-
ICFU27P029000;BRBMEFVCQCD3;AGRIBUSINESS;-;-;-;-;-;-;-;-;-;21,4;-;-;-;-;-;-;-
ICFU27P029500;BRBMEFVCQCE1;AGRIBUSINESS;-;-;-;-;-;-;-;-;-;23,35;-;-;-;-;-;-;-
ICFU27P030000;BRBMEFVCQCF8;AGRIBUSINESS;-;-;-;-;-;-;-;-;-;25,4;-;-;-;-;-;-;-
ICFU27P030500;BRBMEFVCQCG6;AGRIBUSINESS;-;-;-;-;-;-;-;-;-;27,53;-;-;-;-;-;-;-
ICFU27P031000;BRBMEFVCQCH4;AGRIBUSINESS;-;-;-;-;-;-;-;-;-;29,76;-;-;-;-;-;-;-
ICFU27P031500;BRBMEFVCQCI2;AGRIBUSINESS;-;-;-;-;-;-;-;-;-;32,12;-;-;-;-;-;-;-
ICFU27P032000;BRBMEFVCQCJ0;AGRIBUSINESS;-;-;-;-;-;-;-;-;-;34,55;-;-;-;-;-;-;-
ICFU27P032500;BRBMEFVCQCK8;AGRIBUSINESS;-;-;-;-;-;-;-;-;-;37,08;-;-;-;-;-;-;-
ICFU27P033000;BRBMEFVCQCL6;AGRIBUSINESS;-;-;-;-;-;-;-;-;-;39,68;-;-;-;-;-;-;-
ICFU27P033500;BRBMEFVCQCM4;AGRIBUSINESS;-;-;-;-;-;-;-;-;-;42,37;-;-;-;-;-;-;-
ICFU27P034000;BRBMEFVCQCN2;AGRIBUSINESS;-;-;-;-;-;-;-;-;-;45,14;-;-;-;-;-;-;-
ICFU27P034500;BRBMEFVCQCO0;AGRIBUSINESS;-;-;-;-;-;-;-;-;-;47,98;-;-;-;-;-;-;-
ICFU27P035000;BRBMEFVCQCP7;AGRIBUSINESS;-;-;-;-;-;-;-;-;-;50,91;-;-;-;-;-;-;-
ICFZ26C043000;BRBMEFCCXAZ6;AGRIBUSINESS;-;-;-;-;-;-;-;-;-;4,05;-;-;-;-;-;-;-
ICFZ26P043000;BRBMEFVCXBZ4;AGRIBUSINESS;-;-;-;-;-;-;-;-;-;86,77;-;-;-;-;-;-;-
ICFH27C019000;BRBMEFCCG9A8;AGRIBUSINESS;-;-;-;-;-;-;-;-;-;146,45;-;-;-;-;-;-;-
ICFH27P019000;BRBMEFVCG9A5;AGRIBUSINESS;-;-;-;-;-;-;-;-;-;0,15;-;-;-;-;-;-;-
ICFZ26C019000;BRBMEFCCXB04;AGRIBUSINESS;-;-;-;-;-;-;-;-;-;152,09;-;-;-;-;-;-;-
ICFZ26P019000;BRBMEFVCXC00;AGRIBUSINESS;-;-;-;-;-;-;-;-;-;0,01;-;-;-;-;-;-;-
ICFZ26C037250;BRBMEFCCXB20;AGRIBUSINESS;-;-;-;-;-;-;-;-;-;13,37;-;-;-;-;-;-;-
ICFZ26C037750;BRBMEFCCXB38;AGRIBUSINESS;-;-;-;-;-;-;-;-;-;12,06;-;-;-;-;-;-;-
ICFZ26C042500;BRBMEFCCXB12;AGRIBUSINESS;-;-;-;-;-;-;-;-;-;4,49;-;-;-;-;-;-;-
ICFZ26C044000;BRBMEFCCXB46;AGRIBUSINESS;-;-;-;-;-;-;-;-;-;3,31;-;-;-;-;-;-;-
ICFZ26C045000;BRBMEFCCXB53;AGRIBUSINESS;-;-;-;-;-;-;-;-;-;2,71;-;-;-;-;-;-;-
ICFZ26C050000;BRBMEFCCXB61;AGRIBUSINESS;-;-;-;-;-;-;-;-;-;1,13;-;-;-;-;-;-;-
ICFZ26P037250;BRBMEFVCXC26;AGRIBUSINESS;-;-;-;-;-;-;-;-;-;39,83;-;-;-;-;-;-;-
ICFZ26P037750;BRBMEFVCXC34;AGRIBUSINESS;-;-;-;-;-;-;-;-;-;43,42;-;-;-;-;-;-;-
ICFZ26P042500;BRBMEFVCXC18;AGRIBUSINESS;-;-;-;-;-;-;-;-;-;82,32;-;-;-;-;-;-;-
ICFZ26P044000;BRBMEFVCXC42;AGRIBUSINESS;-;-;-;-;-;-;-;-;-;95,81;-;-;-;-;-;-;-
ICFZ26P045000;BRBMEFVCXC59;AGRIBUSINESS;-;-;-;-;-;-;-;-;-;105;-;-;-;-;-;-;-
ICFZ26P050000;BRBMEFVCXC67;AGRIBUSINESS;-;-;-;-;-;-;-;-;-;152,34;-;-;-;-;-;-;-
ICFU27C040000;BRBMEFCCQCP7;AGRIBUSINESS;-;-;-;-;-;-;-;-;-;18,88;-;-;-;-;-;-;-
ICFU27C042000;BRBMEFCCQCO0;AGRIBUSINESS;-;-;-;-;-;-;-;-;-;15,65;-;-;-;-;-;-;-
ICFU27P040000;BRBMEFVCQCR3;AGRIBUSINESS;-;-;-;-;-;-;-;-;-;83,78;-;-;-;-;-;-;-
ICFU27P042000;BRBMEFVCQCQ5;AGRIBUSINESS;-;-;-;-;-;-;-;-;-;98,35;-;-;-;-;-;-;-
ETHH27C298000;BRBMEFCETMP6;AGRIBUSINESS;-;-;-;-;-;-;-;-;-;107,23;-;-;-;-;-;-;-
ETHH27C320000;BRBMEFCETMQ4;AGRIBUSINESS;-;-;-;-;-;-;-;-;-;68,83;-;-;-;-;-;-;-
ETHH27P298000;BRBMEFVETMP6;AGRIBUSINESS;-;-;-;-;-;-;-;-;-;352,45;-;-;-;-;-;-;-
ETHH27P320000;BRBMEFVETMQ4;AGRIBUSINESS;-;-;-;-;-;-;-;-;-;519,57;-;-;-;-;-;-;-
ETHF27C250000;BRBMEFCETMT8;AGRIBUSINESS;-;-;-;-;-;-;-;-;-;340,54;-;-;-;-;-;-;-
ETHF27P250000;BRBMEFVETMT8;AGRIBUSINESS;-;-;-;-;-;-;-;-;-;81,75;-;-;-;-;-;-;-
ETHG27C250000;BRBMEFCETMU6;AGRIBUSINESS;-;-;-;-;-;-;-;-;-;364,25;-;-;-;-;-;-;-
ETHG27P250000;BRBMEFVETMU6;AGRIBUSINESS;-;-;-;-;-;-;-;-;-;90,31;-;-;-;-;-;-;-
ETHH27C250000;BRBMEFCETMV4;AGRIBUSINESS;-;-;-;-;-;-;-;-;-;320,92;-;-;-;-;-;-;-
ETHH27P250000;BRBMEFVETMV4;AGRIBUSINESS;-;-;-;-;-;-;-;-;-;117,73;-;-;-;-;-;-;-
ETHZ26C250000;BRBMEFCETMX0;AGRIBUSINESS;-;-;-;-;-;-;-;-;-;322,3;-;-;-;-;-;-;-
ETHZ26P250000;BRBMEFVETMX0;AGRIBUSINESS;-;-;-;-;-;-;-;-;-;67,51;-;-;-;-;-;-;-
ETHU26C235000;BRBMEFCETMZ5;AGRIBUSINESS;-;-;-;-;-;-;-;-;-;375,87;-;-;-;-;-;-;-
ETHU26P235000;BRBMEFVETMZ5;AGRIBUSINESS;-;-;-;-;-;-;-;-;-;3,35;-;-;-;-;-;-;-
ETHV26C235000;BRBMEFCETMY8;AGRIBUSINESS;-;-;-;-;-;-;-;-;-;403,95;-;-;-;-;-;-;-
ETHV26P235000;BRBMEFVETMY8;AGRIBUSINESS;-;-;-;-;-;-;-;-;-;17,2;-;-;-;-;-;-;-
CCMU26C006500;BRBMEFFM03X7;AGRIBUSINESS;-;-;-;-;-;-;-;-;-;4,92;-;-;-;-;-;-;-
CCMU26C006600;BRBMEFFM03Y5;AGRIBUSINESS;-;-;-;-;-;-;-;-;-;3,93;-;-;-;-;-;-;-
CCMU26C006700;BRBMEFFM03Z2;AGRIBUSINESS;-;-;-;-;-;-;-;-;-;2,93;-;-;-;-;-;-;-
CCMU26C006800;BRBMEFFM0407;AGRIBUSINESS;-;-;-;-;-;-;-;-;-;1,93;-;-;-;-;-;-;-
CCMU26C006900;BRBMEFFM0415;AGRIBUSINESS;-;-;-;-;-;-;-;-;-;0,96;-;-;-;-;-;-;-
CCMU26C007000;BRBMEFFM0423;AGRIBUSINESS;-;-;-;-;-;-;-;-;-;0,23;-;-;-;-;-;-;-
CCMU26C007100;BRBMEFFM0431;AGRIBUSINESS;-;-;-;-;-;-;-;-;-;0,03;-;-;-;-;-;-;-
CCMU26C007200;BRBMEFFM0449;AGRIBUSINESS;-;-;-;-;-;-;-;-;-;0,01;-;-;-;-;-;-;-
CCMU26C007300;BRBMEFFM0456;AGRIBUSINESS;-;-;-;-;-;-;-;-;-;0,01;-;-;-;-;-;-;-
CCMU26C007400;BRBMEFFM0464;AGRIBUSINESS;-;-;-;-;-;-;-;-;-;0,01;-;-;-;-;-;-;-
CCMU26C007500;BRBMEFFM0472;AGRIBUSINESS;-;-;-;-;-;-;-;-;-;0,01;-;-;-;-;-;-;-
CCMU26C007600;BRBMEFFM0480;AGRIBUSINESS;-;-;-;-;-;-;-;-;-;0,01;-;-;-;-;-;-;-
CCMU26C007700;BRBMEFFM0498;AGRIBUSINESS;-;-;-;-;-;-;-;-;-;0,01;-;-;-;-;-;-;-
CCMU26C007800;BRBMEFFM04A3;AGRIBUSINESS;-;-;-;-;-;-;-;-;-;0,01;-;-;-;-;-;-;-
CCMU26C007900;BRBMEFFM04B1;AGRIBUSINESS;-;-;-;-;-;-;-;-;-;0,01;-;-;-;-;-;-;-
CCMU26C008000;BRBMEFFM04C9;AGRIBUSINESS;-;-;-;-;-;-;-;-;-;0,01;-;-;-;-;-;-;-
CCMU26P006500;BRBMEFOV0413;AGRIBUSINESS;-;-;-;-;-;-;-;-;-;0,01;-;-;-;-;-;-;-
CCMU26P006600;BRBMEFOV0421;AGRIBUSINESS;-;-;-;-;-;-;-;-;-;0,01;-;-;-;-;-;-;-
CCMU26P006700;BRBMEFOV0439;AGRIBUSINESS;-;-;-;-;-;-;-;-;-;0,01;-;-;-;-;-;-;-
CCMU26P006800;BRBMEFOV0447;AGRIBUSINESS;-;-;-;-;-;-;-;-;-;0,01;-;-;-;-;-;-;-
CCMU26P006900;BRBMEFOV0454;AGRIBUSINESS;-;-;-;-;-;-;-;-;-;0,03;-;-;-;-;-;-;-
CCMU26P007000;BRBMEFOV0462;AGRIBUSINESS;-;-;-;-;-;-;-;-;-;0,3;-;-;-;-;-;-;-
CCMU26P007100;BRBMEFOV0470;AGRIBUSINESS;-;-;-;-;-;-;-;-;-;1,09;-;-;-;-;-;-;-
CCMU26P007200;BRBMEFOV0488;AGRIBUSINESS;-;-;-;-;-;-;-;-;-;2,07;-;-;-;-;-;-;-
CCMU26P007300;BRBMEFOV0496;AGRIBUSINESS;-;-;-;-;-;-;-;-;-;3,07;-;-;-;-;-;-;-
CCMU26P007400;BRBMEFOV04A6;AGRIBUSINESS;-;-;-;-;-;-;-;-;-;4,07;-;-;-;-;-;-;-
CCMU26P007500;BRBMEFOV04B4;AGRIBUSINESS;-;-;-;-;-;-;-;-;-;5,06;-;-;-;-;-;-;-
CCMU26P007600;BRBMEFOV04C2;AGRIBUSINESS;-;-;-;-;-;-;-;-;-;6,06;-;-;-;-;-;-;-
CCMU26P007700;BRBMEFOV04D0;AGRIBUSINESS;-;-;-;-;-;-;-;-;-;7,06;-;-;-;-;-;-;-
CCMU26P007800;BRBMEFOV04E8;AGRIBUSINESS;-;-;-;-;-;-;-;-;-;8,06;-;-;-;-;-;-;-
CCMU26P007900;BRBMEFOV04F5;AGRIBUSINESS;-;-;-;-;-;-;-;-;-;9,06;-;-;-;-;-;-;-
CCMU26P008000;BRBMEFOV04G3;AGRIBUSINESS;-;-;-;-;-;-;-;-;-;10,06;-;-;-;-;-;-;-
CCMU26C006200;BRBMEFFM06F7;AGRIBUSINESS;-;-;-;-;-;-;-;-;-;7,92;-;-;-;-;-;-;-
CCMU26P006200;BRBMEFOV06J2;AGRIBUSINESS;-;-;-;-;-;-;-;-;-;0,01;-;-;-;-;-;-;-
CCMU26C008300;BRBMEFFM08D8;AGRIBUSINESS;-;-;-;-;-;-;-;-;-;0,01;-;-;-;-;-;-;-
CCMU26P008300;BRBMEFOV08H2;AGRIBUSINESS;-;-;-;-;-;-;-;-;-;13,06;-;-;-;-;-;-;-
CCMU26C006400;BRBMEFFM08F3;AGRIBUSINESS;-;-;-;-;-;-;-;-;-;5,92;-;-;-;-;-;-;-
CCMU26P006400;BRBMEFOV08J8;AGRIBUSINESS;-;-;-;-;-;-;-;-;-;0,01;-;-;-;-;-;-;-
CCMU26C006300;BRBMEFFM08G1;AGRIBUSINESS;-;-;-;-;-;-;-;-;-;6,92;-;-;-;-;-;-;-
CCMU26P006300;BRBMEFOV08K6;AGRIBUSINESS;-;-;-;-;-;-;-;-;-;0,01;-;-;-;-;-;-;-
CCMU26C007050;BRBMEFFM08H9;AGRIBUSINESS;-;-;-;-;-;-;-;-;-;0,08;-;-;-;-;-;-;-
CCMU26P007050;BRBMEFOV08L4;AGRIBUSINESS;-;-;-;-;-;-;-;-;-;0,65;-;-;-;-;-;-;-
CCMX26C005000;BRBMEFFM08L1;AGRIBUSINESS;-;-;-;-;-;-;-;-;-;25,66;-;-;-;-;-;-;-
CCMX26C008000;BRBMEFFM08M9;AGRIBUSINESS;-;-;-;-;-;-;-;-;-;0,51;-;-;-;-;-;-;-
CCMX26P005000;BRBMEFOV08P5;AGRIBUSINESS;-;-;-;-;-;-;-;-;-;0,01;-;-;-;-;-;-;-
CCMX26P008000;BRBMEFOV08Q3;AGRIBUSINESS;-;-;-;-;-;-;-;-;-;4,19;-;-;-;-;-;-;-
CCMU26C006950;BRBMEFFM08O5;AGRIBUSINESS;-;-;-;-;-;-;-;-;-;0,53;-;-;-;-;-;-;-
CCMU26P006950;BRBMEFOV08S9;AGRIBUSINESS;-;-;-;-;-;-;-;-;-;0,1;-;-;-;-;-;-;-
CCMU26C005800;BRBMEFFM08P2;AGRIBUSINESS;-;-;-;-;-;-;-;-;-;11,92;-;-;-;-;-;-;-
CCMU26C008500;BRBMEFFM08Q0;AGRIBUSINESS;-;-;-;-;-;-;-;-;-;0,01;-;-;-;-;-;-;-
CCMU26P005800;BRBMEFOV08T7;AGRIBUSINESS;-;-;-;-;-;-;-;-;-;0,01;-;-;-;-;-;-;-
CCMU26P008500;BRBMEFOV08U5;AGRIBUSINESS;-;-;-;-;-;-;-;-;-;15,05;-;-;-;-;-;-;-
CCMU26C005500;BRBMEFFM08W8;AGRIBUSINESS;-;-;-;-;-;-;-;-;-;14,91;-;-;-;-;-;-;-
CCMU26P005500;BRBMEFOV0900;AGRIBUSINESS;-;-;-;-;-;-;-;-;-;0,01;-;-;-;-;-;-;-
CCMU26C007450;BRBMEFFM0936;AGRIBUSINESS;-;-;-;-;-;-;-;-;-;0,01;-;-;-;-;-;-;-
CCMU26P007450;BRBMEFOV0975;AGRIBUSINESS;-;-;-;-;-;-;-;-;-;4,57;-;-;-;-;-;-;-
CCMU26C006000;BRBMEFFM09A2;AGRIBUSINESS;-;-;-;-;-;-;-;-;-;9,92;-;-;-;-;-;-;-
CCMU26C006100;BRBMEFFM09B0;AGRIBUSINESS;-;-;-;-;-;-;-;-;-;8,92;-;-;-;-;-;-;-
CCMU26P006000;BRBMEFOV09E7;AGRIBUSINESS;-;-;-;-;-;-;-;-;-;0,01;-;-;-;-;-;-;-
CCMU26P006100;BRBMEFOV09F4;AGRIBUSINESS;-;-;-;-;-;-;-;-;-;0,01;-;-;-;-;-;-;-
CCMX26C006500;BRBMEFFM09O3;AGRIBUSINESS;-;-;-;-;-;-;-;-;-;10,99;-;-;-;-;-;-;-
CCMX26C007000;BRBMEFFM09P0;AGRIBUSINESS;-;-;-;-;-;-;-;-;-;6,2;-;-;-;-;-;-;-
CCMX26C007600;BRBMEFFM09Q8;AGRIBUSINESS;-;-;-;-;-;-;-;-;-;1,71;-;-;-;-;-;-;-
CCMX26P006500;BRBMEFOV09S7;AGRIBUSINESS;0,1;0,1;0,1;0,1;0,1;400;-;-;-;0,01;-;-;-;-;1;44;1980
CCMX26P007000;BRBMEFOV09T5;AGRIBUSINESS;-;-;-;-;-;-;-;-;-;0,1;-;-;-;-;-;-;-
CCMX26P007600;BRBMEFOV09U3;AGRIBUSINESS;-;-;-;-;-;-;-;-;-;1,48;-;-;-;-;-;-;-
CCMX26C007500;BRBMEFFM09R6;AGRIBUSINESS;-;-;-;-;-;-;-;-;-;2,24;-;-;-;-;-;-;-
CCMX26P007500;BRBMEFOV09V1;AGRIBUSINESS;-;-;-;-;-;-;-;-;-;1,03;-;-;-;-;-;-;-
CCMU26C006350;BRBMEFFM09S4;AGRIBUSINESS;-;-;-;-;-;-;-;-;-;6,42;-;-;-;-;-;-;-
CCMU26C006850;BRBMEFFM09T2;AGRIBUSINESS;-;-;-;-;-;-;-;-;-;1,43;-;-;-;-;-;-;-
CCMU26P006350;BRBMEFOV09W9;AGRIBUSINESS;-;-;-;-;-;-;-;-;-;0,01;-;-;-;-;-;-;-
CCMU26P006850;BRBMEFOV09X7;AGRIBUSINESS;-;-;-;-;-;-;-;-;-;0,01;-;-;-;-;-;-;-
CCMU26C006050;BRBMEFFM09U0;AGRIBUSINESS;-;-;-;-;-;-;-;-;-;9,42;-;-;-;-;-;-;-
CCMU26C006150;BRBMEFFM09V8;AGRIBUSINESS;-;-;-;-;-;-;-;-;-;8,42;-;-;-;-;-;-;-
CCMU26C006250;BRBMEFFM09W6;AGRIBUSINESS;-;-;-;-;-;-;-;-;-;7,42;-;-;-;-;-;-;-
CCMU26C006450;BRBMEFFM09X4;AGRIBUSINESS;-;-;-;-;-;-;-;-;-;5,42;-;-;-;-;-;-;-
CCMU26C006550;BRBMEFFM09Y2;AGRIBUSINESS;-;-;-;-;-;-;-;-;-;4,43;-;-;-;-;-;-;-
CCMU26C006650;BRBMEFFM09Z9;AGRIBUSINESS;-;-;-;-;-;-;-;-;-;3,43;-;-;-;-;-;-;-
CCMU26C006750;BRBMEFFM0A00;AGRIBUSINESS;-;-;-;-;-;-;-;-;-;2,43;-;-;-;-;-;-;-
CCMU26C007150;BRBMEFFM0A18;AGRIBUSINESS;-;-;-;-;-;-;-;-;-;0,01;-;-;-;-;-;-;-
CCMU26C007250;BRBMEFFM0A26;AGRIBUSINESS;-;-;-;-;-;-;-;-;-;0,01;-;-;-;-;-;-;-
CCMU26C007350;BRBMEFFM0A34;AGRIBUSINESS;-;-;-;-;-;-;-;-;-;0,01;-;-;-;-;-;-;-
CCMU26P006050;BRBMEFOV09Y5;AGRIBUSINESS;-;-;-;-;-;-;-;-;-;0,01;-;-;-;-;-;-;-
CCMU26P006150;BRBMEFOV09Z2;AGRIBUSINESS;-;-;-;-;-;-;-;-;-;0,01;-;-;-;-;-;-;-
CCMU26P006250;BRBMEFOV0A03;AGRIBUSINESS;-;-;-;-;-;-;-;-;-;0,01;-;-;-;-;-;-;-
CCMU26P006450;BRBMEFOV0A11;AGRIBUSINESS;-;-;-;-;-;-;-;-;-;0,01;-;-;-;-;-;-;-
CCMU26P006550;BRBMEFOV0A29;AGRIBUSINESS;-;-;-;-;-;-;-;-;-;0,01;-;-;-;-;-;-;-
CCMU26P006650;BRBMEFOV0A37;AGRIBUSINESS;-;-;-;-;-;-;-;-;-;0,01;-;-;-;-;-;-;-
CCMU26P006750;BRBMEFOV0A45;AGRIBUSINESS;-;-;-;-;-;-;-;-;-;0,01;-;-;-;-;-;-;-
CCMU26P007150;BRBMEFOV0A52;AGRIBUSINESS;-;-;-;-;-;-;-;-;-;1,57;-;-;-;-;-;-;-
CCMU26P007250;BRBMEFOV0A60;AGRIBUSINESS;-;-;-;-;-;-;-;-;-;2,57;-;-;-;-;-;-;-
CCMU26P007350;BRBMEFOV0A78;AGRIBUSINESS;-;-;-;-;-;-;-;-;-;3,57;-;-;-;-;-;-;-
CCMU26C006875;BRBMEFFM0A42;AGRIBUSINESS;-;-;-;-;-;-;-;-;-;1,19;-;-;-;-;-;-;-
CCMU26P006875;BRBMEFOV0A86;AGRIBUSINESS;-;-;-;-;-;-;-;-;-;0,01;-;-;-;-;-;-;-
CCMU26C008100;BRBMEFFM0AD3;AGRIBUSINESS;-;-;-;-;-;-;-;-;-;0,01;-;-;-;-;-;-;-
CCMU26P008100;BRBMEFOV0AH2;AGRIBUSINESS;-;-;-;-;-;-;-;-;-;11,06;-;-;-;-;-;-;-
CCMX26C007200;BRBMEFFM0AG6;AGRIBUSINESS;-;-;-;-;-;-;-;-;-;4,43;-;-;-;-;-;-;-
CCMX26C007700;BRBMEFFM0AH4;AGRIBUSINESS;-;-;-;-;-;-;-;-;-;1,28;-;-;-;-;-;-;-
CCMX26P007200;BRBMEFOV0AK6;AGRIBUSINESS;-;-;-;-;-;-;-;-;-;0,28;-;-;-;-;-;-;-
CCMX26P007700;BRBMEFOV0AL4;AGRIBUSINESS;-;-;-;-;-;-;-;-;-;2,02;-;-;-;-;-;-;-
CCMU26C005000;BRBMEFFM0AI2;AGRIBUSINESS;-;-;-;-;-;-;-;-;-;19,91;-;-;-;-;-;-;-
CCMU26P005000;BRBMEFOV0AM2;AGRIBUSINESS;-;-;-;-;-;-;-;-;-;0,01;-;-;-;-;-;-;-
CCMU26C006925;BRBMEFFM0AJ0;AGRIBUSINESS;-;-;-;-;-;-;-;-;-;0,73;-;-;-;-;-;-;-
CCMU26P006925;BRBMEFOV0AN0;AGRIBUSINESS;-;-;-;-;-;-;-;-;-;0,05;-;-;-;-;-;-;-
CCMX26C005500;BRBMEFFM0AM4;AGRIBUSINESS;-;-;-;-;-;-;-;-;-;20,77;-;-;-;-;-;-;-
CCMX26C009000;BRBMEFFM0AN2;AGRIBUSINESS;-;-;-;-;-;-;-;-;-;0,01;-;-;-;-;-;-;-
CCMX26P005500;BRBMEFOV0AQ3;AGRIBUSINESS;-;-;-;-;-;-;-;-;-;0,01;-;-;-;-;-;-;-
CCMX26P009000;BRBMEFOV0AR1;AGRIBUSINESS;-;-;-;-;-;-;-;-;-;13,47;-;-;-;-;-;-;-
CCMX26C005600;BRBMEFFM0AO0;AGRIBUSINESS;-;-;-;-;-;-;-;-;-;19,79;-;-;-;-;-;-;-
CCMX26C005700;BRBMEFFM0AP7;AGRIBUSINESS;-;-;-;-;-;-;-;-;-;18,81;-;-;-;-;-;-;-
CCMX26C005800;BRBMEFFM0AQ5;AGRIBUSINESS;-;-;-;-;-;-;-;-;-;17,84;-;-;-;-;-;-;-
CCMX26C005900;BRBMEFFM0AR3;AGRIBUSINESS;-;-;-;-;-;-;-;-;-;16,86;-;-;-;-;-;-;-
CCMX26C006000;BRBMEFFM0AS1;AGRIBUSINESS;-;-;-;-;-;-;-;-;-;15,88;-;-;-;-;-;-;-
CCMX26C006100;BRBMEFFM0AT9;AGRIBUSINESS;-;-;-;-;-;-;-;-;-;14,9;-;-;-;-;-;-;-
CCMX26C006200;BRBMEFFM0AU7;AGRIBUSINESS;-;-;-;-;-;-;-;-;-;13,93;-;-;-;-;-;-;-
CCMX26C006300;BRBMEFFM0AV5;AGRIBUSINESS;-;-;-;-;-;-;-;-;-;12,95;-;-;-;-;-;-;-
CCMX26C006400;BRBMEFFM0AW3;AGRIBUSINESS;-;-;-;-;-;-;-;-;-;11,97;-;-;-;-;-;-;-
CCMX26C008100;BRBMEFFM0AX1;AGRIBUSINESS;-;-;-;-;-;-;-;-;-;0,38;-;-;-;-;-;-;-
CCMX26C008200;BRBMEFFM0AY9;AGRIBUSINESS;-;-;-;-;-;-;-;-;-;0,28;-;-;-;-;-;-;-
CCMX26C008300;BRBMEFFM0AZ6;AGRIBUSINESS;-;-;-;-;-;-;-;-;-;0,21;-;-;-;-;-;-;-
CCMX26C008400;BRBMEFFM0B09;AGRIBUSINESS;-;-;-;-;-;-;-;-;-;0,15;-;-;-;-;-;-;-
CCMX26C008500;BRBMEFFM0B17;AGRIBUSINESS;-;-;-;-;-;-;-;-;-;0,11;-;-;-;-;-;-;-
CCMX26C008600;BRBMEFFM0B25;AGRIBUSINESS;-;-;-;-;-;-;-;-;-;0,08;-;-;-;-;-;-;-
CCMX26C008700;BRBMEFFM0B33;AGRIBUSINESS;-;-;-;-;-;-;-;-;-;0,05;-;-;-;-;-;-;-
CCMX26C008800;BRBMEFFM0B41;AGRIBUSINESS;-;-;-;-;-;-;-;-;-;0,03;-;-;-;-;-;-;-
CCMX26C008900;BRBMEFFM0B58;AGRIBUSINESS;-;-;-;-;-;-;-;-;-;0,02;-;-;-;-;-;-;-
CCMX26P005600;BRBMEFOV0AS9;AGRIBUSINESS;-;-;-;-;-;-;-;-;-;0,01;-;-;-;-;-;-;-
CCMX26P005700;BRBMEFOV0AT7;AGRIBUSINESS;-;-;-;-;-;-;-;-;-;0,01;-;-;-;-;-;-;-
CCMX26P005800;BRBMEFOV0AU5;AGRIBUSINESS;-;-;-;-;-;-;-;-;-;0,01;-;-;-;-;-;-;-
CCMX26P005900;BRBMEFOV0AV3;AGRIBUSINESS;-;-;-;-;-;-;-;-;-;0,01;-;-;-;-;-;-;-
CCMX26P006000;BRBMEFOV0AW1;AGRIBUSINESS;-;-;-;-;-;-;-;-;-;0,01;-;-;-;-;-;-;-
CCMX26P006100;BRBMEFOV0AX9;AGRIBUSINESS;-;-;-;-;-;-;-;-;-;0,01;-;-;-;-;-;-;-
CCMX26P006200;BRBMEFOV0AY7;AGRIBUSINESS;-;-;-;-;-;-;-;-;-;0,01;-;-;-;-;-;-;-
CCMX26P006300;BRBMEFOV0AZ4;AGRIBUSINESS;-;-;-;-;-;-;-;-;-;0,01;-;-;-;-;-;-;-
CCMX26P006400;BRBMEFOV0B02;AGRIBUSINESS;-;-;-;-;-;-;-;-;-;0,01;-;-;-;-;-;-;-
CCMX26P008100;BRBMEFOV0B10;AGRIBUSINESS;-;-;-;-;-;-;-;-;-;5,03;-;-;-;-;-;-;-
CCMX26P008200;BRBMEFOV0B28;AGRIBUSINESS;-;-;-;-;-;-;-;-;-;5,91;-;-;-;-;-;-;-
CCMX26P008300;BRBMEFOV0B36;AGRIBUSINESS;-;-;-;-;-;-;-;-;-;6,82;-;-;-;-;-;-;-
CCMX26P008400;BRBMEFOV0B44;AGRIBUSINESS;-;-;-;-;-;-;-;-;-;7,74;-;-;-;-;-;-;-
CCMX26P008500;BRBMEFOV0B51;AGRIBUSINESS;-;-;-;-;-;-;-;-;-;8,68;-;-;-;-;-;-;-
CCMX26P008600;BRBMEFOV0B69;AGRIBUSINESS;-;-;-;-;-;-;-;-;-;9,62;-;-;-;-;-;-;-
CCMX26P008700;BRBMEFOV0B77;AGRIBUSINESS;-;-;-;-;-;-;-;-;-;10,57;-;-;-;-;-;-;-
CCMX26P008800;BRBMEFOV0B85;AGRIBUSINESS;-;-;-;-;-;-;-;-;-;11,53;-;-;-;-;-;-;-
CCMX26P008900;BRBMEFOV0B93;AGRIBUSINESS;-;-;-;-;-;-;-;-;-;12,5;-;-;-;-;-;-;-
CCMU26C007025;BRBMEFFM0B90;AGRIBUSINESS;-;-;-;-;-;-;-;-;-;0,14;-;-;-;-;-;-;-
CCMU26P007025;BRBMEFOV0BD9;AGRIBUSINESS;-;-;-;-;-;-;-;-;-;0,46;-;-;-;-;-;-;-
CCMU26C006475;BRBMEFFM0BM2;AGRIBUSINESS;-;-;-;-;-;-;-;-;-;5,17;-;-;-;-;-;-;-
CCMU26P006475;BRBMEFOV0BQ1;AGRIBUSINESS;-;-;-;-;-;-;-;-;-;0,01;-;-;-;-;-;-;-
CCMX26C007950;BRBMEFFM0BO8;AGRIBUSINESS;0,6;0,6;0,6;0,6;0,6;-29,41;-;-;-;0,6;-;-;-;-;1;44;11880
CCMX26P007950;BRBMEFOV0BS7;AGRIBUSINESS;-;-;-;-;-;-;-;-;-;3,79;-;-;-;-;-;-;-
CCMF27C006800;BRBMEFFM0BV3;AGRIBUSINESS;-;-;-;-;-;-;-;-;-;11,62;-;-;-;-;-;-;-
CCMF27C006850;BRBMEFFM0BW1;AGRIBUSINESS;-;-;-;-;-;-;-;-;-;11,16;-;-;-;-;-;-;-
CCMF27C007500;BRBMEFFM0BX9;AGRIBUSINESS;5,75;5,7;5,75;5,72;5,7;80,95;-;-;-;5,5;-;-;-;-;2;200;515250
CCMF27C008000;BRBMEFFM0BY7;AGRIBUSINESS;-;-;-;-;-;-;-;-;-;2,41;-;-;-;-;-;-;-
CCMF27P006800;BRBMEFOV0BZ2;AGRIBUSINESS;-;-;-;-;-;-;-;-;-;0,05;-;-;-;-;-;-;-
CCMF27P006850;BRBMEFOV0C01;AGRIBUSINESS;-;-;-;-;-;-;-;-;-;0,06;-;-;-;-;-;-;-
CCMF27P007500;BRBMEFOV0C19;AGRIBUSINESS;0,5;0,5;0,5;0,5;0,5;-80,76;-;-;-;0,63;-;-;-;-;1;20;4500
CCMF27P008000;BRBMEFOV0C27;AGRIBUSINESS;2,4;2,4;2,4;2,4;2,4;-5,88;-;-;-;2,33;-;-;-;-;1;20;21600
CCMU26C007550;BRBMEFFM0BZ4;AGRIBUSINESS;-;-;-;-;-;-;-;-;-;0,01;-;-;-;-;-;-;-
CCMU26P007550;BRBMEFOV0C35;AGRIBUSINESS;-;-;-;-;-;-;-;-;-;5,56;-;-;-;-;-;-;-
CCMX26C006550;BRBMEFFM0C16;AGRIBUSINESS;-;-;-;-;-;-;-;-;-;10,51;-;-;-;-;-;-;-
CCMX26P006550;BRBMEFOV0C50;AGRIBUSINESS;-;-;-;-;-;-;-;-;-;0,01;-;-;-;-;-;-;-
CCMU26C007525;BRBMEFFM0C24;AGRIBUSINESS;-;-;-;-;-;-;-;-;-;0,01;-;-;-;-;-;-;-
CCMU26P007525;BRBMEFOV0C68;AGRIBUSINESS;-;-;-;-;-;-;-;-;-;5,31;-;-;-;-;-;-;-
CCMX26C006900;BRBMEFFM0C73;AGRIBUSINESS;-;-;-;-;-;-;-;-;-;7,14;-;-;-;-;-;-;-
CCMX26P006900;BRBMEFOV0CB1;AGRIBUSINESS;0,06;0,06;0,06;0,06;0,06;-76,92;-;-;-;0,06;-;-;-;-;2;400;10800
CCMX26C006700;BRBMEFFM0CB3;AGRIBUSINESS;-;-;-;-;-;-;-;-;-;9,05;-;-;-;-;-;-;-
CCMX26C007400;BRBMEFFM0CC1;AGRIBUSINESS;-;-;-;-;-;-;-;-;-;2,88;-;-;-;-;-;-;-
CCMX26P006700;BRBMEFOV0CF2;AGRIBUSINESS;-;-;-;-;-;-;-;-;-;0,01;-;-;-;-;-;-;-
CCMX26P007400;BRBMEFOV0CG0;AGRIBUSINESS;-;-;-;-;-;-;-;-;-;0,69;-;-;-;-;-;-;-
CCMX26C007900;BRBMEFFM0CN8;AGRIBUSINESS;0,54;0,54;0,54;0,54;0,54;-70,81;-;-;-;0,7;-;-;-;-;1;300;72900
CCMX26P007900;BRBMEFOV0CR7;AGRIBUSINESS;-;-;-;-;-;-;-;-;-;3,4;-;-;-;-;-;-;-
CCMU26C006725;BRBMEFFM0CO6;AGRIBUSINESS;-;-;-;-;-;-;-;-;-;2,68;-;-;-;-;-;-;-
CCMU26C006775;BRBMEFFM0CP3;AGRIBUSINESS;-;-;-;-;-;-;-;-;-;2,18;-;-;-;-;-;-;-
CCMU26P006725;BRBMEFOV0CS5;AGRIBUSINESS;-;-;-;-;-;-;-;-;-;0,01;-;-;-;-;-;-;-
CCMU26P006775;BRBMEFOV0CT3;AGRIBUSINESS;-;-;-;-;-;-;-;-;-;0,01;-;-;-;-;-;-;-
CCMH27C007000;BRBMEFFM0CS7;AGRIBUSINESS;-;-;-;-;-;-;-;-;-;11,89;-;-;-;-;-;-;-
CCMH27C007050;BRBMEFFM0CT5;AGRIBUSINESS;-;-;-;-;-;-;-;-;-;11,45;-;-;-;-;-;-;-
CCMH27C007100;BRBMEFFM0CU3;AGRIBUSINESS;-;-;-;-;-;-;-;-;-;11;-;-;-;-;-;-;-
CCMH27C007150;BRBMEFFM0CV1;AGRIBUSINESS;-;-;-;-;-;-;-;-;-;10,56;-;-;-;-;-;-;-
CCMH27C007200;BRBMEFFM0CW9;AGRIBUSINESS;-;-;-;-;-;-;-;-;-;10,13;-;-;-;-;-;-;-
CCMH27C007250;BRBMEFFM0CX7;AGRIBUSINESS;-;-;-;-;-;-;-;-;-;9,69;-;-;-;-;-;-;-
CCMH27C007300;BRBMEFFM0CY5;AGRIBUSINESS;-;-;-;-;-;-;-;-;-;9,26;-;-;-;-;-;-;-
CCMH27C007350;BRBMEFFM0CZ2;AGRIBUSINESS;-;-;-;-;-;-;-;-;-;8,84;-;-;-;-;-;-;-
CCMH27C007400;BRBMEFFM0D07;AGRIBUSINESS;-;-;-;-;-;-;-;-;-;8,43;-;-;-;-;-;-;-
CCMH27C007450;BRBMEFFM0CQ1;AGRIBUSINESS;-;-;-;-;-;-;-;-;-;8,03;-;-;-;-;-;-;-
CCMH27C007500;BRBMEFFM0CR9;AGRIBUSINESS;-;-;-;-;-;-;-;-;-;7,63;-;-;-;-;-;-;-
CCMH27C007550;BRBMEFFM0D15;AGRIBUSINESS;-;-;-;-;-;-;-;-;-;7,24;-;-;-;-;-;-;-
CCMH27C007600;BRBMEFFM0D23;AGRIBUSINESS;-;-;-;-;-;-;-;-;-;6,86;-;-;-;-;-;-;-
CCMH27C007650;BRBMEFFM0D31;AGRIBUSINESS;-;-;-;-;-;-;-;-;-;6,48;-;-;-;-;-;-;-
CCMH27C007700;BRBMEFFM0D49;AGRIBUSINESS;-;-;-;-;-;-;-;-;-;6,12;-;-;-;-;-;-;-
CCMH27P007000;BRBMEFOV0CW7;AGRIBUSINESS;-;-;-;-;-;-;-;-;-;0,15;-;-;-;-;-;-;-
CCMH27P007050;BRBMEFOV0CX5;AGRIBUSINESS;-;-;-;-;-;-;-;-;-;0,17;-;-;-;-;-;-;-
CCMH27P007100;BRBMEFOV0CY3;AGRIBUSINESS;-;-;-;-;-;-;-;-;-;0,2;-;-;-;-;-;-;-
CCMH27P007150;BRBMEFOV0CZ0;AGRIBUSINESS;-;-;-;-;-;-;-;-;-;0,23;-;-;-;-;-;-;-
CCMH27P007200;BRBMEFOV0D00;AGRIBUSINESS;-;-;-;-;-;-;-;-;-;0,26;-;-;-;-;-;-;-
CCMH27P007250;BRBMEFOV0D18;AGRIBUSINESS;-;-;-;-;-;-;-;-;-;0,3;-;-;-;-;-;-;-
CCMH27P007300;BRBMEFOV0D26;AGRIBUSINESS;-;-;-;-;-;-;-;-;-;0,34;-;-;-;-;-;-;-
CCMH27P007350;BRBMEFOV0D34;AGRIBUSINESS;-;-;-;-;-;-;-;-;-;0,39;-;-;-;-;-;-;-
CCMH27P007400;BRBMEFOV0D42;AGRIBUSINESS;-;-;-;-;-;-;-;-;-;0,45;-;-;-;-;-;-;-
CCMH27P007450;BRBMEFOV0CU1;AGRIBUSINESS;-;-;-;-;-;-;-;-;-;0,51;-;-;-;-;-;-;-
CCMH27P007500;BRBMEFOV0CV9;AGRIBUSINESS;-;-;-;-;-;-;-;-;-;0,58;-;-;-;-;-;-;-
CCMH27P007550;BRBMEFOV0D59;AGRIBUSINESS;-;-;-;-;-;-;-;-;-;0,66;-;-;-;-;-;-;-
CCMH27P007600;BRBMEFOV0D67;AGRIBUSINESS;-;-;-;-;-;-;-;-;-;0,75;-;-;-;-;-;-;-
CCMH27P007650;BRBMEFOV0D75;AGRIBUSINESS;-;-;-;-;-;-;-;-;-;0,85;-;-;-;-;-;-;-
CCMH27P007700;BRBMEFOV0D83;AGRIBUSINESS;-;-;-;-;-;-;-;-;-;0,95;-;-;-;-;-;-;-
CCMU26C006625;BRBMEFFM0D80;AGRIBUSINESS;-;-;-;-;-;-;-;-;-;3,68;-;-;-;-;-;-;-
CCMU26P006625;BRBMEFOV0DC7;AGRIBUSINESS;-;-;-;-;-;-;-;-;-;0,01;-;-;-;-;-;-;-
CCMX26C007450;BRBMEFFM0D98;AGRIBUSINESS;-;-;-;-;-;-;-;-;-;2,55;-;-;-;-;-;-;-
CCMX26P007450;BRBMEFOV0DD5;AGRIBUSINESS;-;-;-;-;-;-;-;-;-;0,85;-;-;-;-;-;-;-
CCMU26C008200;BRBMEFFM0DA3;AGRIBUSINESS;-;-;-;-;-;-;-;-;-;0,01;-;-;-;-;-;-;-
CCMU26C008400;BRBMEFFM0DB1;AGRIBUSINESS;-;-;-;-;-;-;-;-;-;0,01;-;-;-;-;-;-;-
CCMU26P008200;BRBMEFOV0DE3;AGRIBUSINESS;-;-;-;-;-;-;-;-;-;12,06;-;-;-;-;-;-;-
CCMU26P008400;BRBMEFOV0DF0;AGRIBUSINESS;-;-;-;-;-;-;-;-;-;14,06;-;-;-;-;-;-;-
CCMU26C007275;BRBMEFFM0DE5;AGRIBUSINESS;-;-;-;-;-;-;-;-;-;0,01;-;-;-;-;-;-;-
CCMU26P007275;BRBMEFOV0DI4;AGRIBUSINESS;-;-;-;-;-;-;-;-;-;2,82;-;-;-;-;-;-;-
CCMX26C007150;BRBMEFFM0DF2;AGRIBUSINESS;-;-;-;-;-;-;-;-;-;4,85;-;-;-;-;-;-;-
CCMX26C007550;BRBMEFFM0DG0;AGRIBUSINESS;-;-;-;-;-;-;-;-;-;1,96;-;-;-;-;-;-;-
CCMX26P007150;BRBMEFOV0DJ2;AGRIBUSINESS;-;-;-;-;-;-;-;-;-;0,22;-;-;-;-;-;-;-
CCMX26P007550;BRBMEFOV0DK0;AGRIBUSINESS;-;-;-;-;-;-;-;-;-;1,24;-;-;-;-;-;-;-
CCMF27C007050;BRBMEFFM0DH8;AGRIBUSINESS;-;-;-;-;-;-;-;-;-;9,32;-;-;-;-;-;-;-
CCMF27C007400;BRBMEFFM0DI6;AGRIBUSINESS;-;-;-;-;-;-;-;-;-;6,29;-;-;-;-;-;-;-
CCMF27P007050;BRBMEFOV0DL8;AGRIBUSINESS;-;-;-;-;-;-;-;-;-;0,15;-;-;-;-;-;-;-
CCMF27P007400;BRBMEFOV0DM6;AGRIBUSINESS;-;-;-;-;-;-;-;-;-;0,46;-;-;-;-;-;-;-
CCMU26C007075;BRBMEFFM0DJ4;AGRIBUSINESS;-;-;-;-;-;-;-;-;-;0,05;-;-;-;-;-;-;-
CCMU26C008075;BRBMEFFM0DK2;AGRIBUSINESS;-;-;-;-;-;-;-;-;-;0,01;-;-;-;-;-;-;-
CCMU26P007075;BRBMEFOV0DN4;AGRIBUSINESS;-;-;-;-;-;-;-;-;-;0,86;-;-;-;-;-;-;-
CCMU26P008075;BRBMEFOV0DO2;AGRIBUSINESS;-;-;-;-;-;-;-;-;-;10,81;-;-;-;-;-;-;-
CCMX26C006800;BRBMEFFM0DL0;AGRIBUSINESS;-;-;-;-;-;-;-;-;-;8,09;-;-;-;-;-;-;-
CCMX26P006800;BRBMEFOV0DP9;AGRIBUSINESS;-;-;-;-;-;-;-;-;-;0,03;-;-;-;-;-;-;-
CCMX26C007300;BRBMEFFM0DM8;AGRIBUSINESS;-;-;-;-;-;-;-;-;-;3,62;-;-;-;-;-;-;-
CCMX26P007300;BRBMEFOV0DQ7;AGRIBUSINESS;-;-;-;-;-;-;-;-;-;0,45;-;-;-;-;-;-;-
CCMU27C006700;BRBMEFFM0DR7;AGRIBUSINESS;-;-;-;-;-;-;-;-;-;11,22;-;-;-;-;-;-;-
CCMU27C007100;BRBMEFFM0DS5;AGRIBUSINESS;-;-;-;-;-;-;-;-;-;8,22;-;-;-;-;-;-;-
CCMU27C007500;BRBMEFFM0DT3;AGRIBUSINESS;-;-;-;-;-;-;-;-;-;5,69;-;-;-;-;-;-;-
CCMU27P006700;BRBMEFOV0DV7;AGRIBUSINESS;-;-;-;-;-;-;-;-;-;0,37;-;-;-;-;-;-;-
CCMU27P007100;BRBMEFOV0DW5;AGRIBUSINESS;-;-;-;-;-;-;-;-;-;0,9;-;-;-;-;-;-;-
CCMU27P007500;BRBMEFOV0DX3;AGRIBUSINESS;2,2;2,2;2,2;2,2;2,2;10;-;-;-;1,89;-;-;-;-;1;50;49500
CCMU26C005700;BRBMEFFM0DU1;AGRIBUSINESS;-;-;-;-;-;-;-;-;-;12,92;-;-;-;-;-;-;-
CCMU26P005700;BRBMEFOV0DY1;AGRIBUSINESS;-;-;-;-;-;-;-;-;-;0,01;-;-;-;-;-;-;-
CCMF27C007000;BRBMEFFM0E30;AGRIBUSINESS;-;-;-;-;-;-;-;-;-;9,78;-;-;-;-;-;-;-
CCMF27P007000;BRBMEFOV0E74;AGRIBUSINESS;-;-;-;-;-;-;-;-;-;0,12;-;-;-;-;-;-;-
CCMX26C006750;BRBMEFFM0E48;AGRIBUSINESS;-;-;-;-;-;-;-;-;-;8,57;-;-;-;-;-;-;-
CCMX26P006750;BRBMEFOV0E82;AGRIBUSINESS;-;-;-;-;-;-;-;-;-;0,02;-;-;-;-;-;-;-
CCMH27C006900;BRBMEFFM0E63;AGRIBUSINESS;-;-;-;-;-;-;-;-;-;12,78;-;-;-;-;-;-;-
CCMH27C008200;BRBMEFFM0E71;AGRIBUSINESS;-;-;-;-;-;-;-;-;-;3,17;-;-;-;-;-;-;-
CCMH27P006900;BRBMEFOV0EA9;AGRIBUSINESS;-;-;-;-;-;-;-;-;-;0,1;-;-;-;-;-;-;-
CCMH27P008200;BRBMEFOV0EB7;AGRIBUSINESS;4;4;4;4;4;53,84;-;-;-;2,7;-;-;-;-;1;3;5400
CCMX26C007350;BRBMEFFM0E55;AGRIBUSINESS;-;-;-;-;-;-;-;-;-;3,24;-;-;-;-;-;-;-
CCMX26P007350;BRBMEFOV0E90;AGRIBUSINESS;-;-;-;-;-;-;-;-;-;0,56;-;-;-;-;-;-;-
CCMX26C007425;BRBMEFFM0E89;AGRIBUSINESS;-;-;-;-;-;-;-;-;-;2,71;-;-;-;-;-;-;-
CCMX26P007425;BRBMEFOV0EC5;AGRIBUSINESS;-;-;-;-;-;-;-;-;-;0,77;-;-;-;-;-;-;-
CCMU26C005900;BRBMEFFM0E97;AGRIBUSINESS;-;-;-;-;-;-;-;-;-;10,92;-;-;-;-;-;-;-
CCMU26P005900;BRBMEFOV0ED3;AGRIBUSINESS;-;-;-;-;-;-;-;-;-;0,01;-;-;-;-;-;-;-
CCMU26C007225;BRBMEFFM0EA1;AGRIBUSINESS;-;-;-;-;-;-;-;-;-;0,01;-;-;-;-;-;-;-
CCMU26P007225;BRBMEFOV0EE1;AGRIBUSINESS;-;-;-;-;-;-;-;-;-;2,32;-;-;-;-;-;-;-
CCMU27C007200;BRBMEFFM0EB9;AGRIBUSINESS;-;-;-;-;-;-;-;-;-;7,54;-;-;-;-;-;-;-
CCMU27C008000;BRBMEFFM0EC7;AGRIBUSINESS;-;-;-;-;-;-;-;-;-;3,38;-;-;-;-;-;-;-
CCMU27P007200;BRBMEFOV0EF8;AGRIBUSINESS;-;-;-;-;-;-;-;-;-;1,09;-;-;-;-;-;-;-
CCMU27P008000;BRBMEFOV0EG6;AGRIBUSINESS;-;-;-;-;-;-;-;-;-;3,98;-;-;-;-;-;-;-
CCMU27C007250;BRBMEFFM0EE3;AGRIBUSINESS;-;-;-;-;-;-;-;-;-;7,2;-;-;-;-;-;-;-
CCMU27P007250;BRBMEFOV0EI2;AGRIBUSINESS;-;-;-;-;-;-;-;-;-;1,2;-;-;-;-;-;-;-
CCMF27C008025;BRBMEFFM0EF0;AGRIBUSINESS;-;-;-;-;-;-;-;-;-;2,3;-;-;-;-;-;-;-
CCMF27P008025;BRBMEFOV0EJ0;AGRIBUSINESS;-;-;-;-;-;-;-;-;-;2,46;-;-;-;-;-;-;-
CCMH27C009000;BRBMEFFM0EG8;AGRIBUSINESS;-;-;-;-;-;-;-;-;-;0,94;-;-;-;-;-;-;-
CCMH27P009000;BRBMEFOV0EK8;AGRIBUSINESS;-;-;-;-;-;-;-;-;-;7,99;-;-;-;-;-;-;-
CCMU26C008600;BRBMEFFM0EJ2;AGRIBUSINESS;-;-;-;-;-;-;-;-;-;0,01;-;-;-;-;-;-;-
CCMU26P008600;BRBMEFOV0EN2;AGRIBUSINESS;-;-;-;-;-;-;-;-;-;16,05;-;-;-;-;-;-;-
CCMK27C007300;BRBMEFFM0EK0;AGRIBUSINESS;-;-;-;-;-;-;-;-;-;7,96;-;-;-;-;-;-;-
CCMK27P007300;BRBMEFOV0EO0;AGRIBUSINESS;-;-;-;-;-;-;-;-;-;0,67;-;-;-;-;-;-;-
CCMX26C007800;BRBMEFFM0EL8;AGRIBUSINESS;0,78;0,78;0,78;0,78;0,78;-51,25;-;-;-;0,95;-;-;-;-;1;100;35100
CCMX26P007800;BRBMEFOV0EP7;AGRIBUSINESS;-;-;-;-;-;-;-;-;-;2,67;-;-;-;-;-;-;-
CCMH27C007800;BRBMEFFM0EM6;AGRIBUSINESS;-;-;-;-;-;-;-;-;-;5,43;-;-;-;-;-;-;-
CCMH27P007800;BRBMEFOV0EQ5;AGRIBUSINESS;-;-;-;-;-;-;-;-;-;1,2;-;-;-;-;-;-;-
CCMF27C007450;BRBMEFFM0EN4;AGRIBUSINESS;-;-;-;-;-;-;-;-;-;5,89;-;-;-;-;-;-;-
CCMF27P007450;BRBMEFOV0ER3;AGRIBUSINESS;-;-;-;-;-;-;-;-;-;0,54;-;-;-;-;-;-;-
CCMF27C007100;BRBMEFFM0EO2;AGRIBUSINESS;-;-;-;-;-;-;-;-;-;8,87;-;-;-;-;-;-;-
CCMF27C007150;BRBMEFFM0EP9;AGRIBUSINESS;-;-;-;-;-;-;-;-;-;8,42;-;-;-;-;-;-;-
CCMF27C007200;BRBMEFFM0EQ7;AGRIBUSINESS;-;-;-;-;-;-;-;-;-;7,98;-;-;-;-;-;-;-
CCMF27C007250;BRBMEFFM0ER5;AGRIBUSINESS;-;-;-;-;-;-;-;-;-;7,54;-;-;-;-;-;-;-
CCMF27C007300;BRBMEFFM0ES3;AGRIBUSINESS;-;-;-;-;-;-;-;-;-;7,12;-;-;-;-;-;-;-
CCMF27C007950;BRBMEFFM0ET1;AGRIBUSINESS;-;-;-;-;-;-;-;-;-;2,64;-;-;-;-;-;-;-
CCMF27C008050;BRBMEFFM0EU9;AGRIBUSINESS;-;-;-;-;-;-;-;-;-;2,19;-;-;-;-;-;-;-
CCMF27C008100;BRBMEFFM0EV7;AGRIBUSINESS;-;-;-;-;-;-;-;-;-;1,99;-;-;-;-;-;-;-
CCMF27C008200;BRBMEFFM0EW5;AGRIBUSINESS;1,6;1,6;1,6;1,6;1,6;-40,07;-;-;-;1,64;-;-;-;-;1;20;14400
CCMF27C008250;BRBMEFFM0EX3;AGRIBUSINESS;-;-;-;-;-;-;-;-;-;1,48;-;-;-;-;-;-;-
CCMF27C008300;BRBMEFFM0EY1;AGRIBUSINESS;1,25;1,25;1,25;1,25;1,25;4,16;-;-;-;1,35;-;-;-;-;1;750;421875
CCMF27C008350;BRBMEFFM0EZ8;AGRIBUSINESS;-;-;-;-;-;-;-;-;-;1,22;-;-;-;-;-;-;-
CCMF27P007100;BRBMEFOV0ES1;AGRIBUSINESS;-;-;-;-;-;-;-;-;-;0,17;-;-;-;-;-;-;-
CCMF27P007150;BRBMEFOV0ET9;AGRIBUSINESS;-;-;-;-;-;-;-;-;-;0,2;-;-;-;-;-;-;-
CCMF27P007200;BRBMEFOV0EU7;AGRIBUSINESS;-;-;-;-;-;-;-;-;-;0,24;-;-;-;-;-;-;-
CCMF27P007250;BRBMEFOV0EV5;AGRIBUSINESS;-;-;-;-;-;-;-;-;-;0,28;-;-;-;-;-;-;-
CCMF27P007300;BRBMEFOV0EW3;AGRIBUSINESS;-;-;-;-;-;-;-;-;-;0,33;-;-;-;-;-;-;-
CCMF27P007950;BRBMEFOV0EX1;AGRIBUSINESS;-;-;-;-;-;-;-;-;-;2,09;-;-;-;-;-;-;-
CCMF27P008050;BRBMEFOV0EY9;AGRIBUSINESS;3,6;3,6;3,6;3,6;3,6;-;-;-;-;2,6;-;-;-;-;1;3;4860
CCMF27P008100;BRBMEFOV0EZ6;AGRIBUSINESS;-;-;-;-;-;-;-;-;-;2,88;-;-;-;-;-;-;-
CCMF27P008200;BRBMEFOV0F08;AGRIBUSINESS;-;-;-;-;-;-;-;-;-;3,48;-;-;-;-;-;-;-
CCMF27P008250;BRBMEFOV0F16;AGRIBUSINESS;4,47;4,47;4,47;4,47;4,47;78,8;-;-;-;3,8;-;-;-;-;1;2;4023
CCMF27P008300;BRBMEFOV0F24;AGRIBUSINESS;-;-;-;-;-;-;-;-;-;4,14;-;-;-;-;-;-;-
CCMF27P008350;BRBMEFOV0F32;AGRIBUSINESS;-;-;-;-;-;-;-;-;-;4,5;-;-;-;-;-;-;-
CCMH27C008250;BRBMEFFM0F05;AGRIBUSINESS;-;-;-;-;-;-;-;-;-;2,95;-;-;-;-;-;-;-
CCMH27C008300;BRBMEFFM0F13;AGRIBUSINESS;-;-;-;-;-;-;-;-;-;2,73;-;-;-;-;-;-;-
CCMH27C008350;BRBMEFFM0F21;AGRIBUSINESS;-;-;-;-;-;-;-;-;-;2,54;-;-;-;-;-;-;-
CCMH27P008250;BRBMEFOV0F40;AGRIBUSINESS;-;-;-;-;-;-;-;-;-;2,95;-;-;-;-;-;-;-
CCMH27P008300;BRBMEFOV0F57;AGRIBUSINESS;-;-;-;-;-;-;-;-;-;3,2;-;-;-;-;-;-;-
CCMH27P008350;BRBMEFOV0F65;AGRIBUSINESS;-;-;-;-;-;-;-;-;-;3,48;-;-;-;-;-;-;-
CCMU26C006825;BRBMEFFM0F47;AGRIBUSINESS;-;-;-;-;-;-;-;-;-;1,68;-;-;-;-;-;-;-
CCMU26P006825;BRBMEFOV0F81;AGRIBUSINESS;-;-;-;-;-;-;-;-;-;0,01;-;-;-;-;-;-;-
CCMX26C007525;BRBMEFFM0F54;AGRIBUSINESS;-;-;-;-;-;-;-;-;-;2,1;-;-;-;-;-;-;-
CCMX26P007525;BRBMEFOV0F99;AGRIBUSINESS;-;-;-;-;-;-;-;-;-;1,13;-;-;-;-;-;-;-
CCMX26C007625;BRBMEFFM0F62;AGRIBUSINESS;-;-;-;-;-;-;-;-;-;1,59;-;-;-;-;-;-;-
CCMX26C007650;BRBMEFFM0F70;AGRIBUSINESS;-;-;-;-;-;-;-;-;-;1,48;-;-;-;-;-;-;-
CCMX26C007675;BRBMEFFM0F88;AGRIBUSINESS;-;-;-;-;-;-;-;-;-;1,38;-;-;-;-;-;-;-
CCMX26P007625;BRBMEFOV0FA6;AGRIBUSINESS;-;-;-;-;-;-;-;-;-;1,6;-;-;-;-;-;-;-
CCMX26P007650;BRBMEFOV0FB4;AGRIBUSINESS;-;-;-;-;-;-;-;-;-;1,74;-;-;-;-;-;-;-
CCMX26P007675;BRBMEFOV0FC2;AGRIBUSINESS;-;-;-;-;-;-;-;-;-;1,88;-;-;-;-;-;-;-
CCMX26C007325;BRBMEFFM0F96;AGRIBUSINESS;-;-;-;-;-;-;-;-;-;3,42;-;-;-;-;-;-;-
CCMX26C007375;BRBMEFFM0FA8;AGRIBUSINESS;-;-;-;-;-;-;-;-;-;3,05;-;-;-;-;-;-;-
CCMX26P007325;BRBMEFOV0FD0;AGRIBUSINESS;-;-;-;-;-;-;-;-;-;0,5;-;-;-;-;-;-;-
CCMX26P007375;BRBMEFOV0FE8;AGRIBUSINESS;-;-;-;-;-;-;-;-;-;0,62;-;-;-;-;-;-;-
CCMH27C007525;BRBMEFFM0FB6;AGRIBUSINESS;-;-;-;-;-;-;-;-;-;7,43;-;-;-;-;-;-;-
CCMH27P007525;BRBMEFOV0FF5;AGRIBUSINESS;-;-;-;-;-;-;-;-;-;0,62;-;-;-;-;-;-;-
CCMU27C006800;BRBMEFFM0FC4;AGRIBUSINESS;-;-;-;-;-;-;-;-;-;10,43;-;-;-;-;-;-;-
CCMU27P006800;BRBMEFOV0FG3;AGRIBUSINESS;-;-;-;-;-;-;-;-;-;0,47;-;-;-;-;-;-;-
CCMH27C007750;BRBMEFFM0FD2;AGRIBUSINESS;-;-;-;-;-;-;-;-;-;5,77;-;-;-;-;-;-;-
CCMH27P007750;BRBMEFOV0FH1;AGRIBUSINESS;-;-;-;-;-;-;-;-;-;1,07;-;-;-;-;-;-;-
CCMX26C007100;BRBMEFFM0FE0;AGRIBUSINESS;-;-;-;-;-;-;-;-;-;5,29;-;-;-;-;-;-;-
CCMX26P007100;BRBMEFOV0FI9;AGRIBUSINESS;-;-;-;-;-;-;-;-;-;0,17;-;-;-;-;-;-;-
CCMK27C007500;BRBMEFFM0FF7;AGRIBUSINESS;-;-;-;-;-;-;-;-;-;6,51;-;-;-;-;-;-;-
CCMK27P007500;BRBMEFOV0FJ7;AGRIBUSINESS;-;-;-;-;-;-;-;-;-;1,06;-;-;-;-;-;-;-
CCMU26C006975;BRBMEFFM0FG5;AGRIBUSINESS;-;-;-;-;-;-;-;-;-;0,36;-;-;-;-;-;-;-
CCMU26P006975;BRBMEFOV0FK5;AGRIBUSINESS;-;-;-;-;-;-;-;-;-;0,18;-;-;-;-;-;-;-
CCMX26C006600;BRBMEFFM0FH3;AGRIBUSINESS;-;-;-;-;-;-;-;-;-;10,02;-;-;-;-;-;-;-
CCMX26P006600;BRBMEFOV0FL3;AGRIBUSINESS;-;-;-;-;-;-;-;-;-;0,01;-;-;-;-;-;-;-
CCMU26C008150;BRBMEFFM0FI1;AGRIBUSINESS;-;-;-;-;-;-;-;-;-;0,01;-;-;-;-;-;-;-
CCMU26P008150;BRBMEFOV0FM1;AGRIBUSINESS;-;-;-;-;-;-;-;-;-;11,56;-;-;-;-;-;-;-
CCMF27C007275;BRBMEFFM0FK7;AGRIBUSINESS;-;-;-;-;-;-;-;-;-;7,33;-;-;-;-;-;-;-
CCMF27P007275;BRBMEFOV0FO7;AGRIBUSINESS;-;-;-;-;-;-;-;-;-;0,31;-;-;-;-;-;-;-
CCMK27C007000;BRBMEFFM0FL5;AGRIBUSINESS;-;-;-;-;-;-;-;-;-;10,37;-;-;-;-;-;-;-
CCMK27P007000;BRBMEFOV0FP4;AGRIBUSINESS;-;-;-;-;-;-;-;-;-;0,32;-;-;-;-;-;-;-
CCMU27C006750;BRBMEFFM0FM3;AGRIBUSINESS;-;-;-;-;-;-;-;-;-;10,82;-;-;-;-;-;-;-
CCMU27P006750;BRBMEFOV0FQ2;AGRIBUSINESS;-;-;-;-;-;-;-;-;-;0,42;-;-;-;-;-;-;-
CCMU26C007975;BRBMEFFM0FN1;AGRIBUSINESS;-;-;-;-;-;-;-;-;-;0,01;-;-;-;-;-;-;-
CCMU26C008250;BRBMEFFM0FO9;AGRIBUSINESS;-;-;-;-;-;-;-;-;-;0,01;-;-;-;-;-;-;-
CCMU26P007975;BRBMEFOV0FR0;AGRIBUSINESS;-;-;-;-;-;-;-;-;-;9,81;-;-;-;-;-;-;-
CCMU26P008250;BRBMEFOV0FS8;AGRIBUSINESS;-;-;-;-;-;-;-;-;-;12,56;-;-;-;-;-;-;-
CCMU26C007125;BRBMEFFM0FP6;AGRIBUSINESS;-;-;-;-;-;-;-;-;-;0,01;-;-;-;-;-;-;-
CCMU26P007125;BRBMEFOV0FT6;AGRIBUSINESS;-;-;-;-;-;-;-;-;-;1,33;-;-;-;-;-;-;-
CCMU27C008500;BRBMEFFM0FQ4;AGRIBUSINESS;-;-;-;-;-;-;-;-;-;1,95;-;-;-;-;-;-;-
CCMU27P008500;BRBMEFOV0FU4;AGRIBUSINESS;-;-;-;-;-;-;-;-;-;6,95;-;-;-;-;-;-;-
CCMU26C007175;BRBMEFFM0FR2;AGRIBUSINESS;-;-;-;-;-;-;-;-;-;0,01;-;-;-;-;-;-;-
CCMU26C007575;BRBMEFFM0FS0;AGRIBUSINESS;-;-;-;-;-;-;-;-;-;0,01;-;-;-;-;-;-;-
CCMU26C007625;BRBMEFFM0FT8;AGRIBUSINESS;-;-;-;-;-;-;-;-;-;0,01;-;-;-;-;-;-;-
CCMU26C007650;BRBMEFFM0FU6;AGRIBUSINESS;-;-;-;-;-;-;-;-;-;0,01;-;-;-;-;-;-;-
CCMU26C007675;BRBMEFFM0FV4;AGRIBUSINESS;-;-;-;-;-;-;-;-;-;0,01;-;-;-;-;-;-;-
CCMU26P007175;BRBMEFOV0FV2;AGRIBUSINESS;-;-;-;-;-;-;-;-;-;1,82;-;-;-;-;-;-;-
CCMU26P007575;BRBMEFOV0FW0;AGRIBUSINESS;-;-;-;-;-;-;-;-;-;5,81;-;-;-;-;-;-;-
CCMU26P007625;BRBMEFOV0FX8;AGRIBUSINESS;-;-;-;-;-;-;-;-;-;6,31;-;-;-;-;-;-;-
CCMU26P007650;BRBMEFOV0FY6;AGRIBUSINESS;-;-;-;-;-;-;-;-;-;6,56;-;-;-;-;-;-;-
CCMU26P007675;BRBMEFOV0FZ3;AGRIBUSINESS;-;-;-;-;-;-;-;-;-;6,81;-;-;-;-;-;-;-
CCMU26C007325;BRBMEFFM0FW2;AGRIBUSINESS;-;-;-;-;-;-;-;-;-;0,01;-;-;-;-;-;-;-
CCMU26P007325;BRBMEFOV0G07;AGRIBUSINESS;-;-;-;-;-;-;-;-;-;3,32;-;-;-;-;-;-;-
CCMX26C006950;BRBMEFFM0FX0;AGRIBUSINESS;-;-;-;-;-;-;-;-;-;6,67;-;-;-;-;-;-;-
CCMX26P006950;BRBMEFOV0G15;AGRIBUSINESS;-;-;-;-;-;-;-;-;-;0,08;-;-;-;-;-;-;-
CCMU27C006600;BRBMEFFM0FY8;AGRIBUSINESS;-;-;-;-;-;-;-;-;-;12,02;-;-;-;-;-;-;-
CCMU27C006650;BRBMEFFM0FZ5;AGRIBUSINESS;-;-;-;-;-;-;-;-;-;11,62;-;-;-;-;-;-;-
CCMU27P006600;BRBMEFOV0G23;AGRIBUSINESS;-;-;-;-;-;-;-;-;-;0,3;-;-;-;-;-;-;-
CCMU27P006650;BRBMEFOV0G31;AGRIBUSINESS;-;-;-;-;-;-;-;-;-;0,33;-;-;-;-;-;-;-
CCMF27C008500;BRBMEFFM0G20;AGRIBUSINESS;-;-;-;-;-;-;-;-;-;0,91;-;-;-;-;-;-;-
CCMF27P008500;BRBMEFOV0G64;AGRIBUSINESS;-;-;-;-;-;-;-;-;-;5,62;-;-;-;-;-;-;-
CCMK27C007050;BRBMEFFM0G04;AGRIBUSINESS;-;-;-;-;-;-;-;-;-;9,95;-;-;-;-;-;-;-
CCMK27C007250;BRBMEFFM0G12;AGRIBUSINESS;-;-;-;-;-;-;-;-;-;8,35;-;-;-;-;-;-;-
CCMK27P007050;BRBMEFOV0G49;AGRIBUSINESS;-;-;-;-;-;-;-;-;-;0,36;-;-;-;-;-;-;-
CCMK27P007250;BRBMEFOV0G56;AGRIBUSINESS;-;-;-;-;-;-;-;-;-;0,6;-;-;-;-;-;-;-
CCMF27C007850;BRBMEFFM0G53;AGRIBUSINESS;-;-;-;-;-;-;-;-;-;3,16;-;-;-;-;-;-;-
CCMF27P007850;BRBMEFOV0G98;AGRIBUSINESS;-;-;-;-;-;-;-;-;-;1,65;-;-;-;-;-;-;-
CCMX26C006850;BRBMEFFM0G46;AGRIBUSINESS;-;-;-;-;-;-;-;-;-;7,61;-;-;-;-;-;-;-
CCMX26P006850;BRBMEFOV0G80;AGRIBUSINESS;-;-;-;-;-;-;-;-;-;0,04;-;-;-;-;-;-;-
CCMX26C007725;BRBMEFFM0G61;AGRIBUSINESS;-;-;-;-;-;-;-;-;-;1,19;-;-;-;-;-;-;-
CCMX26P007725;BRBMEFOV0GA4;AGRIBUSINESS;-;-;-;-;-;-;-;-;-;2,18;-;-;-;-;-;-;-
CCMX26C006975;BRBMEFFM0G79;AGRIBUSINESS;-;-;-;-;-;-;-;-;-;6,44;-;-;-;-;-;-;-
CCMX26P006975;BRBMEFOV0GB2;AGRIBUSINESS;-;-;-;-;-;-;-;-;-;0,09;-;-;-;-;-;-;-
CCMX26C007750;BRBMEFFM0G87;AGRIBUSINESS;-;-;-;-;-;-;-;-;-;1,1;-;-;-;-;-;-;-
CCMX26P007750;BRBMEFOV0GC0;AGRIBUSINESS;-;-;-;-;-;-;-;-;-;2,33;-;-;-;-;-;-;-
CCMU27C007000;BRBMEFFM0GA6;AGRIBUSINESS;-;-;-;-;-;-;-;-;-;8,93;-;-;-;-;-;-;-
CCMU27C007800;BRBMEFFM0GB4;AGRIBUSINESS;-;-;-;-;-;-;-;-;-;4,19;-;-;-;-;-;-;-
CCMU27P007000;BRBMEFOV0GE6;AGRIBUSINESS;-;-;-;-;-;-;-;-;-;0,73;-;-;-;-;-;-;-
CCMU27P007800;BRBMEFOV0GF3;AGRIBUSINESS;-;-;-;-;-;-;-;-;-;3,03;-;-;-;-;-;-;-
CCMF27C007800;BRBMEFFM0GC2;AGRIBUSINESS;-;-;-;-;-;-;-;-;-;3,44;-;-;-;-;-;-;-
CCMF27P007800;BRBMEFOV0GG1;AGRIBUSINESS;-;-;-;-;-;-;-;-;-;1,45;-;-;-;-;-;-;-
CCMF27C007700;BRBMEFFM0GD0;AGRIBUSINESS;-;-;-;-;-;-;-;-;-;4,07;-;-;-;-;-;-;-
CCMF27P007700;BRBMEFOV0GH9;AGRIBUSINESS;-;-;-;-;-;-;-;-;-;1,12;-;-;-;-;-;-;-
CCMF27C007900;BRBMEFFM0GE8;AGRIBUSINESS;-;-;-;-;-;-;-;-;-;2,89;-;-;-;-;-;-;-
CCMF27P007900;BRBMEFOV0GI7;AGRIBUSINESS;-;-;-;-;-;-;-;-;-;1,86;-;-;-;-;-;-;-
CCMH27C007900;BRBMEFFM0GF5;AGRIBUSINESS;-;-;-;-;-;-;-;-;-;4,79;-;-;-;-;-;-;-
CCMH27P007900;BRBMEFOV0GJ5;AGRIBUSINESS;-;-;-;-;-;-;-;-;-;1,5;-;-;-;-;-;-;-
CCMU27C008100;BRBMEFFM0GG3;AGRIBUSINESS;-;-;-;-;-;-;-;-;-;3,03;-;-;-;-;-;-;-
CCMU27P008100;BRBMEFOV0GK3;AGRIBUSINESS;-;-;-;-;-;-;-;-;-;4,51;-;-;-;-;-;-;-
CCMX26C007250;BRBMEFFM0GH1;AGRIBUSINESS;-;-;-;-;-;-;-;-;-;4,01;-;-;-;-;-;-;-
CCMX26P007250;BRBMEFOV0GL1;AGRIBUSINESS;-;-;-;-;-;-;-;-;-;0,36;-;-;-;-;-;-;-
CCMU27C007300;BRBMEFFM0GI9;AGRIBUSINESS;-;-;-;-;-;-;-;-;-;6,88;-;-;-;-;-;-;-
CCMU27P007300;BRBMEFOV0GM9;AGRIBUSINESS;-;-;-;-;-;-;-;-;-;1,32;-;-;-;-;-;-;-
CCMU27C008150;BRBMEFFM0GJ7;AGRIBUSINESS;-;-;-;-;-;-;-;-;-;2,87;-;-;-;-;-;-;-
CCMU27P008150;BRBMEFOV0GN7;AGRIBUSINESS;-;-;-;-;-;-;-;-;-;4,79;-;-;-;-;-;-;-
CCMF27C007600;BRBMEFFM0GK5;AGRIBUSINESS;-;-;-;-;-;-;-;-;-;4,75;-;-;-;-;-;-;-
CCMF27P007600;BRBMEFOV0GO5;AGRIBUSINESS;-;-;-;-;-;-;-;-;-;0,84;-;-;-;-;-;-;-
CCMX26C008350;BRBMEFFM0GL3;AGRIBUSINESS;-;-;-;-;-;-;-;-;-;0,18;-;-;-;-;-;-;-
CCMX26P008350;BRBMEFOV0GP2;AGRIBUSINESS;-;-;-;-;-;-;-;-;-;7,28;-;-;-;-;-;-;-
CCMK27C007400;BRBMEFFM0GM1;AGRIBUSINESS;-;-;-;-;-;-;-;-;-;7,22;-;-;-;-;-;-;-
CCMK27P007400;BRBMEFOV0GQ0;AGRIBUSINESS;0,7;0,7;0,7;0,7;0,7;-83,52;-;-;-;0,85;-;-;-;-;1;44;13860
CCMX26C007850;BRBMEFFM0GN9;AGRIBUSINESS;-;-;-;-;-;-;-;-;-;0,81;-;-;-;-;-;-;-
CCMX26P007850;BRBMEFOV0GR8;AGRIBUSINESS;-;-;-;-;-;-;-;-;-;3,02;-;-;-;-;-;-;-
CCMU26C008550;BRBMEFFM0GO7;AGRIBUSINESS;-;-;-;-;-;-;-;-;-;0,01;-;-;-;-;-;-;-
CCMU26P008550;BRBMEFOV0GS6;AGRIBUSINESS;-;-;-;-;-;-;-;-;-;15,55;-;-;-;-;-;-;-
CCMH27C007575;BRBMEFFM0GP4;AGRIBUSINESS;-;-;-;-;-;-;-;-;-;7,05;-;-;-;-;-;-;-
CCMH27P007575;BRBMEFOV0GT4;AGRIBUSINESS;-;-;-;-;-;-;-;-;-;0,71;-;-;-;-;-;-;-
CCMU27C010000;BRBMEFFM0GQ2;AGRIBUSINESS;-;-;-;-;-;-;-;-;-;0,43;-;-;-;-;-;-;-
CCMU27P010000;BRBMEFOV0GU2;AGRIBUSINESS;-;-;-;-;-;-;-;-;-;18,63;-;-;-;-;-;-;-
CCMX26C007050;BRBMEFFM0GS8;AGRIBUSINESS;-;-;-;-;-;-;-;-;-;5,75;-;-;-;-;-;-;-
CCMX26P007050;BRBMEFOV0GW8;AGRIBUSINESS;-;-;-;-;-;-;-;-;-;0,13;-;-;-;-;-;-;-
CCMH27C008600;BRBMEFFM0GT6;AGRIBUSINESS;-;-;-;-;-;-;-;-;-;1,73;-;-;-;-;-;-;-
CCMH27P008600;BRBMEFOV0GX6;AGRIBUSINESS;-;-;-;-;-;-;-;-;-;5,02;-;-;-;-;-;-;-
CCMF27C007350;BRBMEFFM0GW0;AGRIBUSINESS;5,3;5,3;5,3;5,3;5,3;-6,52;-;-;-;6,7;-;-;-;-;1;30;71550
CCMF27P007350;BRBMEFOV0H06;AGRIBUSINESS;-;-;-;-;-;-;-;-;-;0,39;-;-;-;-;-;-;-
CCMU27C007400;BRBMEFFM0GX8;AGRIBUSINESS;-;-;-;-;-;-;-;-;-;6,26;-;-;-;-;-;-;-
CCMU27P007400;BRBMEFOV0H14;AGRIBUSINESS;-;-;-;-;-;-;-;-;-;1,58;-;-;-;-;-;-;-
CCMX26C007225;BRBMEFFM0GY6;AGRIBUSINESS;-;-;-;-;-;-;-;-;-;4,22;-;-;-;-;-;-;-
CCMX26P007225;BRBMEFOV0H22;AGRIBUSINESS;-;-;-;-;-;-;-;-;-;0,32;-;-;-;-;-;-;-
CCMK27C006550;BRBMEFFM0GZ3;AGRIBUSINESS;-;-;-;-;-;-;-;-;-;14,27;-;-;-;-;-;-;-
CCMK27C007350;BRBMEFFM0H03;AGRIBUSINESS;-;-;-;-;-;-;-;-;-;7,59;-;-;-;-;-;-;-
CCMK27P006550;BRBMEFOV0H30;AGRIBUSINESS;-;-;-;-;-;-;-;-;-;0,08;-;-;-;-;-;-;-
CCMK27P007350;BRBMEFOV0H48;AGRIBUSINESS;-;-;-;-;-;-;-;-;-;0,76;-;-;-;-;-;-;-
CCMF27C006950;BRBMEFFM0H11;AGRIBUSINESS;-;-;-;-;-;-;-;-;-;10,23;-;-;-;-;-;-;-
CCMF27C007825;BRBMEFFM0H29;AGRIBUSINESS;-;-;-;-;-;-;-;-;-;3,3;-;-;-;-;-;-;-
CCMF27P006950;BRBMEFOV0H55;AGRIBUSINESS;-;-;-;-;-;-;-;-;-;0,1;-;-;-;-;-;-;-
CCMF27P007825;BRBMEFOV0H63;AGRIBUSINESS;-;-;-;-;-;-;-;-;-;1,55;-;-;-;-;-;-;-
CCMF27C007925;BRBMEFFM0H37;AGRIBUSINESS;-;-;-;-;-;-;-;-;-;2,77;-;-;-;-;-;-;-
CCMF27P007925;BRBMEFOV0H71;AGRIBUSINESS;-;-;-;-;-;-;-;-;-;1,97;-;-;-;-;-;-;-
CCMU27C006500;BRBMEFFM0H45;AGRIBUSINESS;-;-;-;-;-;-;-;-;-;12,84;-;-;-;-;-;-;-
CCMU27P006500;BRBMEFOV0H89;AGRIBUSINESS;-;-;-;-;-;-;-;-;-;0,23;-;-;-;-;-;-;-
CCMU27C007150;BRBMEFFM0H52;AGRIBUSINESS;-;-;-;-;-;-;-;-;-;7,88;-;-;-;-;-;-;-
CCMU27P007150;BRBMEFOV0H97;AGRIBUSINESS;-;-;-;-;-;-;-;-;-;0,99;-;-;-;-;-;-;-
CCMH27C007950;BRBMEFFM0H60;AGRIBUSINESS;-;-;-;-;-;-;-;-;-;4,48;-;-;-;-;-;-;-
CCMH27C008000;BRBMEFFM0H78;AGRIBUSINESS;-;-;-;-;-;-;-;-;-;4,19;-;-;-;-;-;-;-
CCMH27P007950;BRBMEFOV0HA2;AGRIBUSINESS;-;-;-;-;-;-;-;-;-;1,67;-;-;-;-;-;-;-
CCMH27P008000;BRBMEFOV0HB0;AGRIBUSINESS;-;-;-;-;-;-;-;-;-;1,84;-;-;-;-;-;-;-
CCMK27C006850;BRBMEFFM0H86;AGRIBUSINESS;-;-;-;-;-;-;-;-;-;11,64;-;-;-;-;-;-;-
CCMK27C008000;BRBMEFFM0H94;AGRIBUSINESS;-;-;-;-;-;-;-;-;-;3,63;-;-;-;-;-;-;-
CCMK27C008025;BRBMEFFM0HA4;AGRIBUSINESS;-;-;-;-;-;-;-;-;-;3,52;-;-;-;-;-;-;-
CCMK27C008050;BRBMEFFM0HB2;AGRIBUSINESS;-;-;-;-;-;-;-;-;-;3,41;-;-;-;-;-;-;-
CCMK27P006850;BRBMEFOV0HC8;AGRIBUSINESS;-;-;-;-;-;-;-;-;-;0,22;-;-;-;-;-;-;-
CCMK27P008000;BRBMEFOV0HD6;AGRIBUSINESS;-;-;-;-;-;-;-;-;-;2,78;-;-;-;-;-;-;-
CCMK27P008025;BRBMEFOV0HE4;AGRIBUSINESS;-;-;-;-;-;-;-;-;-;2,89;-;-;-;-;-;-;-
CCMK27P008050;BRBMEFOV0HF1;AGRIBUSINESS;-;-;-;-;-;-;-;-;-;3,01;-;-;-;-;-;-;-
CCMK27C006800;BRBMEFFM0HC0;AGRIBUSINESS;-;-;-;-;-;-;-;-;-;12,07;-;-;-;-;-;-;-
CCMK27C007100;BRBMEFFM0HD8;AGRIBUSINESS;-;-;-;-;-;-;-;-;-;9,54;-;-;-;-;-;-;-
CCMK27P006800;BRBMEFOV0HG9;AGRIBUSINESS;-;-;-;-;-;-;-;-;-;0,19;-;-;-;-;-;-;-
CCMK27P007100;BRBMEFOV0HH7;AGRIBUSINESS;-;-;-;-;-;-;-;-;-;0,41;-;-;-;-;-;-;-
CCMK27C008100;BRBMEFFM0HE6;AGRIBUSINESS;-;-;-;-;-;-;-;-;-;3,19;-;-;-;-;-;-;-
CCMK27P008100;BRBMEFOV0HI5;AGRIBUSINESS;-;-;-;-;-;-;-;-;-;3,26;-;-;-;-;-;-;-
CCMN27C006500;BRBMEFFM0HF3;AGRIBUSINESS;-;-;-;-;-;-;-;-;-;13,1;-;-;-;-;-;-;-
CCMN27C007150;BRBMEFFM0HG1;AGRIBUSINESS;-;-;-;-;-;-;-;-;-;7,89;-;-;-;-;-;-;-
CCMN27C007600;BRBMEFFM0HH9;AGRIBUSINESS;-;-;-;-;-;-;-;-;-;5;-;-;-;-;-;-;-
CCMN27P006500;BRBMEFOV0HJ3;AGRIBUSINESS;-;-;-;-;-;-;-;-;-;0,16;-;-;-;-;-;-;-
CCMN27P007150;BRBMEFOV0HK1;AGRIBUSINESS;-;-;-;-;-;-;-;-;-;0,8;-;-;-;-;-;-;-
CCMN27P007600;BRBMEFOV0HL9;AGRIBUSINESS;-;-;-;-;-;-;-;-;-;1,96;-;-;-;-;-;-;-
CCMK27C006500;BRBMEFFM0HI7;AGRIBUSINESS;-;-;-;-;-;-;-;-;-;14,71;-;-;-;-;-;-;-
CCMK27P006500;BRBMEFOV0HM7;AGRIBUSINESS;-;-;-;-;-;-;-;-;-;0,07;-;-;-;-;-;-;-
CCMK27C007525;BRBMEFFM0HJ5;AGRIBUSINESS;-;-;-;-;-;-;-;-;-;6,34;-;-;-;-;-;-;-
CCMK27P007525;BRBMEFOV0HN5;AGRIBUSINESS;-;-;-;-;-;-;-;-;-;1,12;-;-;-;-;-;-;-
CCMF27C007650;BRBMEFFM0HK3;AGRIBUSINESS;-;-;-;-;-;-;-;-;-;4,4;-;-;-;-;-;-;-
CCMF27P007650;BRBMEFOV0HO3;AGRIBUSINESS;-;-;-;-;-;-;-;-;-;0,97;-;-;-;-;-;-;-
CCMN27C006450;BRBMEFFM0HL1;AGRIBUSINESS;-;-;-;-;-;-;-;-;-;13,52;-;-;-;-;-;-;-
CCMN27C007100;BRBMEFFM0HM9;AGRIBUSINESS;-;-;-;-;-;-;-;-;-;8,25;-;-;-;-;-;-;-
CCMN27C007500;BRBMEFFM0HN7;AGRIBUSINESS;-;-;-;-;-;-;-;-;-;5,57;-;-;-;-;-;-;-
CCMN27P006450;BRBMEFOV0HP0;AGRIBUSINESS;-;-;-;-;-;-;-;-;-;0,13;-;-;-;-;-;-;-
CCMN27P007100;BRBMEFOV0HQ8;AGRIBUSINESS;-;-;-;-;-;-;-;-;-;0,71;-;-;-;-;-;-;-
CCMN27P007500;BRBMEFOV0HR6;AGRIBUSINESS;-;-;-;-;-;-;-;-;-;1,63;-;-;-;-;-;-;-
CCMF27C006900;BRBMEFFM0HO5;AGRIBUSINESS;-;-;-;-;-;-;-;-;-;10,69;-;-;-;-;-;-;-
CCMF27P006900;BRBMEFOV0HS4;AGRIBUSINESS;-;-;-;-;-;-;-;-;-;0,08;-;-;-;-;-;-;-
CCMH27C008050;BRBMEFFM0HP2;AGRIBUSINESS;-;-;-;-;-;-;-;-;-;3,92;-;-;-;-;-;-;-
CCMH27P008050;BRBMEFOV0HT2;AGRIBUSINESS;-;-;-;-;-;-;-;-;-;2,04;-;-;-;-;-;-;-
CCMX26C006725;BRBMEFFM0HQ0;AGRIBUSINESS;-;-;-;-;-;-;-;-;-;8,81;-;-;-;-;-;-;-
CCMX26P006725;BRBMEFOV0HU0;AGRIBUSINESS;-;-;-;-;-;-;-;-;-;0,02;-;-;-;-;-;-;-
CCMU27C007700;BRBMEFFM0IM7;AGRIBUSINESS;-;-;-;-;-;-;-;-;-;4,65;-;-;-;-;-;-;-
CCMU27P007700;BRBMEFOV0IQ6;AGRIBUSINESS;-;-;-;-;-;-;-;-;-;2,61;-;-;-;-;-;-;-
CCMX27C006500;BRBMEFFM0HR8;AGRIBUSINESS;-;-;-;-;-;-;-;-;-;14,94;-;-;-;-;-;-;-
CCMX27C006550;BRBMEFFM0HS6;AGRIBUSINESS;-;-;-;-;-;-;-;-;-;14,54;-;-;-;-;-;-;-
CCMX27C006600;BRBMEFFM0HT4;AGRIBUSINESS;-;-;-;-;-;-;-;-;-;14,13;-;-;-;-;-;-;-
CCMX27C006650;BRBMEFFM0HU2;AGRIBUSINESS;-;-;-;-;-;-;-;-;-;13,73;-;-;-;-;-;-;-
CCMX27C006700;BRBMEFFM0HV0;AGRIBUSINESS;-;-;-;-;-;-;-;-;-;13,33;-;-;-;-;-;-;-
CCMX27C006750;BRBMEFFM0HW8;AGRIBUSINESS;-;-;-;-;-;-;-;-;-;12,93;-;-;-;-;-;-;-
CCMX27C006800;BRBMEFFM0HX6;AGRIBUSINESS;-;-;-;-;-;-;-;-;-;12,54;-;-;-;-;-;-;-
CCMX27C006850;BRBMEFFM0HY4;AGRIBUSINESS;-;-;-;-;-;-;-;-;-;12,14;-;-;-;-;-;-;-
CCMX27C006900;BRBMEFFM0HZ1;AGRIBUSINESS;-;-;-;-;-;-;-;-;-;11,76;-;-;-;-;-;-;-
CCMX27C006950;BRBMEFFM0I02;AGRIBUSINESS;-;-;-;-;-;-;-;-;-;11,37;-;-;-;-;-;-;-
CCMX27C007000;BRBMEFFM0I10;AGRIBUSINESS;-;-;-;-;-;-;-;-;-;11;-;-;-;-;-;-;-
CCMX27C007050;BRBMEFFM0I28;AGRIBUSINESS;-;-;-;-;-;-;-;-;-;10,63;-;-;-;-;-;-;-
CCMX27C007100;BRBMEFFM0I36;AGRIBUSINESS;-;-;-;-;-;-;-;-;-;10,26;-;-;-;-;-;-;-
CCMX27C007150;BRBMEFFM0I44;AGRIBUSINESS;-;-;-;-;-;-;-;-;-;9,9;-;-;-;-;-;-;-
CCMX27C007200;BRBMEFFM0I51;AGRIBUSINESS;-;-;-;-;-;-;-;-;-;9,55;-;-;-;-;-;-;-
CCMX27C007250;BRBMEFFM0I69;AGRIBUSINESS;-;-;-;-;-;-;-;-;-;9,2;-;-;-;-;-;-;-
CCMX27C007300;BRBMEFFM0I77;AGRIBUSINESS;-;-;-;-;-;-;-;-;-;8,86;-;-;-;-;-;-;-
CCMX27C007350;BRBMEFFM0I85;AGRIBUSINESS;-;-;-;-;-;-;-;-;-;8,52;-;-;-;-;-;-;-
CCMX27C007400;BRBMEFFM0I93;AGRIBUSINESS;-;-;-;-;-;-;-;-;-;8,19;-;-;-;-;-;-;-
CCMX27C007450;BRBMEFFM0IA2;AGRIBUSINESS;-;-;-;-;-;-;-;-;-;7,86;-;-;-;-;-;-;-
CCMX27C007500;BRBMEFFM0IB0;AGRIBUSINESS;-;-;-;-;-;-;-;-;-;7,55;-;-;-;-;-;-;-
CCMX27C007550;BRBMEFFM0IC8;AGRIBUSINESS;-;-;-;-;-;-;-;-;-;7,24;-;-;-;-;-;-;-
CCMX27C007600;BRBMEFFM0ID6;AGRIBUSINESS;-;-;-;-;-;-;-;-;-;6,94;-;-;-;-;-;-;-
CCMX27C007650;BRBMEFFM0IE4;AGRIBUSINESS;-;-;-;-;-;-;-;-;-;6,65;-;-;-;-;-;-;-
CCMX27C007700;BRBMEFFM0IF1;AGRIBUSINESS;-;-;-;-;-;-;-;-;-;6,37;-;-;-;-;-;-;-
CCMX27C007750;BRBMEFFM0IG9;AGRIBUSINESS;-;-;-;-;-;-;-;-;-;6,1;-;-;-;-;-;-;-
CCMX27C007800;BRBMEFFM0IH7;AGRIBUSINESS;-;-;-;-;-;-;-;-;-;5,83;-;-;-;-;-;-;-
CCMX27C007850;BRBMEFFM0II5;AGRIBUSINESS;-;-;-;-;-;-;-;-;-;5,58;-;-;-;-;-;-;-
CCMX27C007900;BRBMEFFM0IJ3;AGRIBUSINESS;-;-;-;-;-;-;-;-;-;5,33;-;-;-;-;-;-;-
CCMX27C007950;BRBMEFFM0IK1;AGRIBUSINESS;-;-;-;-;-;-;-;-;-;5,09;-;-;-;-;-;-;-
CCMX27C008000;BRBMEFFM0IL9;AGRIBUSINESS;-;-;-;-;-;-;-;-;-;4,86;-;-;-;-;-;-;-
CCMX27P006500;BRBMEFOV0HV8;AGRIBUSINESS;-;-;-;-;-;-;-;-;-;0,18;-;-;-;-;-;-;-
CCMX27P006550;BRBMEFOV0HW6;AGRIBUSINESS;-;-;-;-;-;-;-;-;-;0,21;-;-;-;-;-;-;-
CCMX27P006600;BRBMEFOV0HX4;AGRIBUSINESS;-;-;-;-;-;-;-;-;-;0,23;-;-;-;-;-;-;-
CCMX27P006650;BRBMEFOV0HY2;AGRIBUSINESS;-;-;-;-;-;-;-;-;-;0,26;-;-;-;-;-;-;-
CCMX27P006700;BRBMEFOV0HZ9;AGRIBUSINESS;-;-;-;-;-;-;-;-;-;0,29;-;-;-;-;-;-;-
CCMX27P006750;BRBMEFOV0I05;AGRIBUSINESS;-;-;-;-;-;-;-;-;-;0,33;-;-;-;-;-;-;-
CCMX27P006800;BRBMEFOV0I13;AGRIBUSINESS;-;-;-;-;-;-;-;-;-;0,36;-;-;-;-;-;-;-
CCMX27P006850;BRBMEFOV0I21;AGRIBUSINESS;-;-;-;-;-;-;-;-;-;0,4;-;-;-;-;-;-;-
CCMX27P006900;BRBMEFOV0I39;AGRIBUSINESS;-;-;-;-;-;-;-;-;-;0,45;-;-;-;-;-;-;-
CCMX27P006950;BRBMEFOV0I47;AGRIBUSINESS;-;-;-;-;-;-;-;-;-;0,49;-;-;-;-;-;-;-
CCMX27P007000;BRBMEFOV0I54;AGRIBUSINESS;-;-;-;-;-;-;-;-;-;0,55;-;-;-;-;-;-;-
CCMX27P007050;BRBMEFOV0I62;AGRIBUSINESS;-;-;-;-;-;-;-;-;-;0,61;-;-;-;-;-;-;-
CCMX27P007100;BRBMEFOV0I70;AGRIBUSINESS;-;-;-;-;-;-;-;-;-;0,67;-;-;-;-;-;-;-
CCMX27P007150;BRBMEFOV0I88;AGRIBUSINESS;-;-;-;-;-;-;-;-;-;0,75;-;-;-;-;-;-;-
CCMX27P007200;BRBMEFOV0I96;AGRIBUSINESS;-;-;-;-;-;-;-;-;-;0,82;-;-;-;-;-;-;-
CCMX27P007250;BRBMEFOV0IA0;AGRIBUSINESS;-;-;-;-;-;-;-;-;-;0,9;-;-;-;-;-;-;-
CCMX27P007300;BRBMEFOV0IB8;AGRIBUSINESS;-;-;-;-;-;-;-;-;-;0,99;-;-;-;-;-;-;-
CCMX27P007350;BRBMEFOV0IC6;AGRIBUSINESS;-;-;-;-;-;-;-;-;-;1,09;-;-;-;-;-;-;-
CCMX27P007400;BRBMEFOV0ID4;AGRIBUSINESS;-;-;-;-;-;-;-;-;-;1,19;-;-;-;-;-;-;-
CCMX27P007450;BRBMEFOV0IE2;AGRIBUSINESS;-;-;-;-;-;-;-;-;-;1,3;-;-;-;-;-;-;-
CCMX27P007500;BRBMEFOV0IF9;AGRIBUSINESS;-;-;-;-;-;-;-;-;-;1,41;-;-;-;-;-;-;-
CCMX27P007550;BRBMEFOV0IG7;AGRIBUSINESS;-;-;-;-;-;-;-;-;-;1,53;-;-;-;-;-;-;-
CCMX27P007600;BRBMEFOV0IH5;AGRIBUSINESS;-;-;-;-;-;-;-;-;-;1,66;-;-;-;-;-;-;-
CCMX27P007650;BRBMEFOV0II3;AGRIBUSINESS;-;-;-;-;-;-;-;-;-;1,81;-;-;-;-;-;-;-
CCMX27P007700;BRBMEFOV0IJ1;AGRIBUSINESS;-;-;-;-;-;-;-;-;-;1,96;-;-;-;-;-;-;-
CCMX27P007750;BRBMEFOV0IK9;AGRIBUSINESS;-;-;-;-;-;-;-;-;-;2,12;-;-;-;-;-;-;-
CCMX27P007800;BRBMEFOV0IL7;AGRIBUSINESS;-;-;-;-;-;-;-;-;-;2,28;-;-;-;-;-;-;-
CCMX27P007850;BRBMEFOV0IM5;AGRIBUSINESS;-;-;-;-;-;-;-;-;-;2,46;-;-;-;-;-;-;-
CCMX27P007900;BRBMEFOV0IN3;AGRIBUSINESS;-;-;-;-;-;-;-;-;-;2,64;-;-;-;-;-;-;-
CCMX27P007950;BRBMEFOV0IO1;AGRIBUSINESS;-;-;-;-;-;-;-;-;-;2,83;-;-;-;-;-;-;-
CCMX27P008000;BRBMEFOV0IP8;AGRIBUSINESS;-;-;-;-;-;-;-;-;-;3,04;-;-;-;-;-;-;-
CCMF27C008075;BRBMEFFM0IN5;AGRIBUSINESS;3;3;3;3;3;-3,22;-;-;-;2,09;-;-;-;-;1;30;40500
CCMF27P008075;BRBMEFOV0IR4;AGRIBUSINESS;-;-;-;-;-;-;-;-;-;2,73;-;-;-;-;-;-;-
CCMF27C007325;BRBMEFFM0IO3;AGRIBUSINESS;-;-;-;-;-;-;-;-;-;6,91;-;-;-;-;-;-;-
CCMF27C007375;BRBMEFFM0IP0;AGRIBUSINESS;4,97;4,97;4,97;4,97;4,97;19,18;-;-;-;6,49;-;-;-;-;1;36;80514
CCMF27C008125;BRBMEFFM0IQ8;AGRIBUSINESS;2,7;2,7;2,7;2,7;2,7;440;-;-;-;1,9;-;-;-;-;1;36;43740
CCMF27P007325;BRBMEFOV0IS2;AGRIBUSINESS;-;-;-;-;-;-;-;-;-;0,36;-;-;-;-;-;-;-
CCMF27P007375;BRBMEFOV0IT0;AGRIBUSINESS;-;-;-;-;-;-;-;-;-;0,43;-;-;-;-;-;-;-
CCMF27P008125;BRBMEFOV0IU8;AGRIBUSINESS;-;-;-;-;-;-;-;-;-;3,02;-;-;-;-;-;-;-
CCMF27C008400;BRBMEFFM0IR6;AGRIBUSINESS;-;-;-;-;-;-;-;-;-;1,11;-;-;-;-;-;-;-
CCMF27P008400;BRBMEFOV0IV6;AGRIBUSINESS;-;-;-;-;-;-;-;-;-;4,86;-;-;-;-;-;-;-
CCMH27C008550;BRBMEFFM0IS4;AGRIBUSINESS;-;-;-;-;-;-;-;-;-;1,87;-;-;-;-;-;-;-
CCMH27P008550;BRBMEFOV0IW4;AGRIBUSINESS;-;-;-;-;-;-;-;-;-;4,69;-;-;-;-;-;-;-
CCMF27C007425;BRBMEFFM0IT2;AGRIBUSINESS;-;-;-;-;-;-;-;-;-;6,09;-;-;-;-;-;-;-
CCMF27C008175;BRBMEFFM0IU0;AGRIBUSINESS;-;-;-;-;-;-;-;-;-;1,72;-;-;-;-;-;-;-
CCMF27P007425;BRBMEFOV0IX2;AGRIBUSINESS;-;-;-;-;-;-;-;-;-;0,5;-;-;-;-;-;-;-
CCMF27P008175;BRBMEFOV0IY0;AGRIBUSINESS;-;-;-;-;-;-;-;-;-;3,32;-;-;-;-;-;-;-
CCMX26C007175;BRBMEFFM0IV8;AGRIBUSINESS;-;-;-;-;-;-;-;-;-;4,64;-;-;-;-;-;-;-
CCMX26P007175;BRBMEFOV0IZ7;AGRIBUSINESS;-;-;-;-;-;-;-;-;-;0,25;-;-;-;-;-;-;-
CCMK27C007550;BRBMEFFM0IW6;AGRIBUSINESS;-;-;-;-;-;-;-;-;-;6,17;-;-;-;-;-;-;-
CCMK27P007550;BRBMEFOV0J04;AGRIBUSINESS;-;-;-;-;-;-;-;-;-;1,18;-;-;-;-;-;-;-
CCMX26C007125;BRBMEFFM0IX4;AGRIBUSINESS;-;-;-;-;-;-;-;-;-;5,07;-;-;-;-;-;-;-
CCMX26P007125;BRBMEFOV0J12;AGRIBUSINESS;-;-;-;-;-;-;-;-;-;0,19;-;-;-;-;-;-;-
CCMH27C008500;BRBMEFFM0IY2;AGRIBUSINESS;-;-;-;-;-;-;-;-;-;2,02;-;-;-;-;-;-;-
CCMH27C009500;BRBMEFFM0IZ9;AGRIBUSINESS;-;-;-;-;-;-;-;-;-;0,45;-;-;-;-;-;-;-
CCMH27C010000;BRBMEFFM0J01;AGRIBUSINESS;-;-;-;-;-;-;-;-;-;0,22;-;-;-;-;-;-;-
CCMH27C011500;BRBMEFFM0J19;AGRIBUSINESS;-;-;-;-;-;-;-;-;-;0,01;-;-;-;-;-;-;-
CCMH27P008500;BRBMEFOV0J20;AGRIBUSINESS;-;-;-;-;-;-;-;-;-;4,37;-;-;-;-;-;-;-
CCMH27P009500;BRBMEFOV0J38;AGRIBUSINESS;-;-;-;-;-;-;-;-;-;12,2;-;-;-;-;-;-;-
CCMH27P010000;BRBMEFOV0J46;AGRIBUSINESS;-;-;-;-;-;-;-;-;-;16,66;-;-;-;-;-;-;-
CCMH27P011500;BRBMEFOV0J53;AGRIBUSINESS;-;-;-;-;-;-;-;-;-;30,54;-;-;-;-;-;-;-
CCMU27C007075;BRBMEFFM0J27;AGRIBUSINESS;-;-;-;-;-;-;-;-;-;8,4;-;-;-;-;-;-;-
CCMU27C007600;BRBMEFFM0J35;AGRIBUSINESS;-;-;-;-;-;-;-;-;-;5,15;-;-;-;-;-;-;-
CCMU27P007075;BRBMEFOV0J61;AGRIBUSINESS;-;-;-;-;-;-;-;-;-;0,85;-;-;-;-;-;-;-
CCMU27P007600;BRBMEFOV0J79;AGRIBUSINESS;-;-;-;-;-;-;-;-;-;2,23;-;-;-;-;-;-;-
CCMH27C010500;BRBMEFFM0J43;AGRIBUSINESS;-;-;-;-;-;-;-;-;-;0,09;-;-;-;-;-;-;-
CCMH27P010500;BRBMEFOV0J87;AGRIBUSINESS;-;-;-;-;-;-;-;-;-;21,23;-;-;-;-;-;-;-
CCMN27C007000;BRBMEFFM0J50;AGRIBUSINESS;-;-;-;-;-;-;-;-;-;9;-;-;-;-;-;-;-
CCMN27P007000;BRBMEFOV0J95;AGRIBUSINESS;-;-;-;-;-;-;-;-;-;0,56;-;-;-;-;-;-;-
CCMH27C008700;BRBMEFFM0J68;AGRIBUSINESS;-;-;-;-;-;-;-;-;-;1,49;-;-;-;-;-;-;-
CCMH27C009400;BRBMEFFM0J76;AGRIBUSINESS;-;-;-;-;-;-;-;-;-;0,52;-;-;-;-;-;-;-
CCMH27P008700;BRBMEFOV0JA8;AGRIBUSINESS;-;-;-;-;-;-;-;-;-;5,72;-;-;-;-;-;-;-
CCMH27P009400;BRBMEFOV0JB6;AGRIBUSINESS;-;-;-;-;-;-;-;-;-;11,33;-;-;-;-;-;-;-
CCMK27C006600;BRBMEFFM0J84;AGRIBUSINESS;-;-;-;-;-;-;-;-;-;13,82;-;-;-;-;-;-;-
CCMK27P006600;BRBMEFOV0JC4;AGRIBUSINESS;-;-;-;-;-;-;-;-;-;0,1;-;-;-;-;-;-;-
CCMF27C007750;BRBMEFFM0J92;AGRIBUSINESS;-;-;-;-;-;-;-;-;-;3,75;-;-;-;-;-;-;-
CCMF27P007750;BRBMEFOV0JD2;AGRIBUSINESS;-;-;-;-;-;-;-;-;-;1,28;-;-;-;-;-;-;-
CCMN27C007450;BRBMEFFM0JA0;AGRIBUSINESS;-;-;-;-;-;-;-;-;-;5,87;-;-;-;-;-;-;-
CCMN27P007450;BRBMEFOV0JE0;AGRIBUSINESS;-;-;-;-;-;-;-;-;-;1,48;-;-;-;-;-;-;-
CCMF27C008800;BRBMEFFM0JC6;AGRIBUSINESS;-;-;-;-;-;-;-;-;-;0,51;-;-;-;-;-;-;-
CCMF27P008800;BRBMEFOV0JG5;AGRIBUSINESS;-;-;-;-;-;-;-;-;-;8,09;-;-;-;-;-;-;-
CCMU27C008050;BRBMEFFM0JD4;AGRIBUSINESS;-;-;-;-;-;-;-;-;-;3,2;-;-;-;-;-;-;-
CCMU27P008050;BRBMEFOV0JH3;AGRIBUSINESS;-;-;-;-;-;-;-;-;-;4,24;-;-;-;-;-;-;-
CCMX26C007475;BRBMEFFM0JB8;AGRIBUSINESS;-;-;-;-;-;-;-;-;-;2,39;-;-;-;-;-;-;-
CCMX26P007475;BRBMEFOV0JF7;AGRIBUSINESS;-;-;-;-;-;-;-;-;-;0,94;-;-;-;-;-;-;-
CCMU27C006900;BRBMEFFM0JE2;AGRIBUSINESS;-;-;-;-;-;-;-;-;-;9,67;-;-;-;-;-;-;-
CCMU27C006950;BRBMEFFM0JF9;AGRIBUSINESS;-;-;-;-;-;-;-;-;-;9,3;-;-;-;-;-;-;-
CCMU27C007350;BRBMEFFM0JG7;AGRIBUSINESS;-;-;-;-;-;-;-;-;-;6,57;-;-;-;-;-;-;-
CCMU27C007550;BRBMEFFM0JH5;AGRIBUSINESS;-;-;-;-;-;-;-;-;-;5,42;-;-;-;-;-;-;-
CCMU27P006900;BRBMEFOV0JI1;AGRIBUSINESS;-;-;-;-;-;-;-;-;-;0,59;-;-;-;-;-;-;-
CCMU27P006950;BRBMEFOV0JJ9;AGRIBUSINESS;-;-;-;-;-;-;-;-;-;0,66;-;-;-;-;-;-;-
CCMU27P007350;BRBMEFOV0JK7;AGRIBUSINESS;-;-;-;-;-;-;-;-;-;1,44;-;-;-;-;-;-;-
CCMU27P007550;BRBMEFOV0JL5;AGRIBUSINESS;-;-;-;-;-;-;-;-;-;2,05;-;-;-;-;-;-;-
CCMX26C008325;BRBMEFFM0JI3;AGRIBUSINESS;-;-;-;-;-;-;-;-;-;0,19;-;-;-;-;-;-;-
CCMX26P008325;BRBMEFOV0JM3;AGRIBUSINESS;-;-;-;-;-;-;-;-;-;7,05;-;-;-;-;-;-;-
CCMK27C007800;BRBMEFFM0JJ1;AGRIBUSINESS;-;-;-;-;-;-;-;-;-;4,64;-;-;-;-;-;-;-
CCMK27P007800;BRBMEFOV0JN1;AGRIBUSINESS;-;-;-;-;-;-;-;-;-;1,95;-;-;-;-;-;-;-
CCMK27C008500;BRBMEFFM0JK9;AGRIBUSINESS;-;-;-;-;-;-;-;-;-;1,87;-;-;-;-;-;-;-
CCMK27P008500;BRBMEFOV0JO9;AGRIBUSINESS;-;-;-;-;-;-;-;-;-;5,61;-;-;-;-;-;-;-
CCMF27C007675;BRBMEFFM0JL7;AGRIBUSINESS;-;-;-;-;-;-;-;-;-;4,23;-;-;-;-;-;-;-
CCMF27C008525;BRBMEFFM0JM5;AGRIBUSINESS;-;-;-;-;-;-;-;-;-;0,87;-;-;-;-;-;-;-
CCMF27P007675;BRBMEFOV0JP6;AGRIBUSINESS;-;-;-;-;-;-;-;-;-;1,04;-;-;-;-;-;-;-
CCMF27P008525;BRBMEFOV0JQ4;AGRIBUSINESS;-;-;-;-;-;-;-;-;-;5,82;-;-;-;-;-;-;-
CCMF27C008450;BRBMEFFM0JN3;AGRIBUSINESS;-;-;-;-;-;-;-;-;-;1;-;-;-;-;-;-;-
CCMF27P008450;BRBMEFOV0JR2;AGRIBUSINESS;-;-;-;-;-;-;-;-;-;5,24;-;-;-;-;-;-;-
CCMK27C006700;BRBMEFFM0JO1;AGRIBUSINESS;-;-;-;-;-;-;-;-;-;12,94;-;-;-;-;-;-;-
CCMK27C006750;BRBMEFFM0JP8;AGRIBUSINESS;-;-;-;-;-;-;-;-;-;12,51;-;-;-;-;-;-;-
CCMK27C006900;BRBMEFFM0JQ6;AGRIBUSINESS;-;-;-;-;-;-;-;-;-;11,21;-;-;-;-;-;-;-
CCMK27C006950;BRBMEFFM0JR4;AGRIBUSINESS;-;-;-;-;-;-;-;-;-;10,79;-;-;-;-;-;-;-
CCMK27C007450;BRBMEFFM0JS2;AGRIBUSINESS;-;-;-;-;-;-;-;-;-;6,86;-;-;-;-;-;-;-
CCMK27C007600;BRBMEFFM0JT0;AGRIBUSINESS;-;-;-;-;-;-;-;-;-;5,84;-;-;-;-;-;-;-
CCMK27C007650;BRBMEFFM0JU8;AGRIBUSINESS;-;-;-;-;-;-;-;-;-;5,53;-;-;-;-;-;-;-
CCMK27C007700;BRBMEFFM0JV6;AGRIBUSINESS;-;-;-;-;-;-;-;-;-;5,22;-;-;-;-;-;-;-
CCMK27C007750;BRBMEFFM0JW4;AGRIBUSINESS;-;-;-;-;-;-;-;-;-;4,93;-;-;-;-;-;-;-
CCMK27P006700;BRBMEFOV0JS0;AGRIBUSINESS;-;-;-;-;-;-;-;-;-;0,14;-;-;-;-;-;-;-
CCMK27P006750;BRBMEFOV0JT8;AGRIBUSINESS;-;-;-;-;-;-;-;-;-;0,16;-;-;-;-;-;-;-
CCMK27P006900;BRBMEFOV0JU6;AGRIBUSINESS;0,2;0,2;0,2;0,2;0,2;-;-;-;-;0,25;-;-;-;-;1;22;1980
CCMK27P006950;BRBMEFOV0JV4;AGRIBUSINESS;-;-;-;-;-;-;-;-;-;0,28;-;-;-;-;-;-;-
CCMK27P007450;BRBMEFOV0JW2;AGRIBUSINESS;-;-;-;-;-;-;-;-;-;0,95;-;-;-;-;-;-;-
CCMK27P007600;BRBMEFOV0JX0;AGRIBUSINESS;1,2;1,2;1,2;1,2;1,2;-66,85;-;-;-;1,31;-;-;-;-;1;200;108000
CCMK27P007650;BRBMEFOV0JY8;AGRIBUSINESS;-;-;-;-;-;-;-;-;-;1,45;-;-;-;-;-;-;-
CCMK27P007700;BRBMEFOV0JZ5;AGRIBUSINESS;-;-;-;-;-;-;-;-;-;1,61;-;-;-;-;-;-;-
CCMK27P007750;BRBMEFOV0K01;AGRIBUSINESS;-;-;-;-;-;-;-;-;-;1,77;-;-;-;-;-;-;-
CCMH27C007775;BRBMEFFM0JX2;AGRIBUSINESS;-;-;-;-;-;-;-;-;-;5,59;-;-;-;-;-;-;-
CCMH27P007775;BRBMEFOV0K19;AGRIBUSINESS;-;-;-;-;-;-;-;-;-;1,13;-;-;-;-;-;-;-
CCMH27C007825;BRBMEFFM0JY0;AGRIBUSINESS;-;-;-;-;-;-;-;-;-;5,26;-;-;-;-;-;-;-
CCMH27C008825;BRBMEFFM0JZ7;AGRIBUSINESS;-;-;-;-;-;-;-;-;-;1,23;-;-;-;-;-;-;-
CCMH27P007825;BRBMEFOV0K27;AGRIBUSINESS;-;-;-;-;-;-;-;-;-;1,27;-;-;-;-;-;-;-
CCMH27P008825;BRBMEFOV0K35;AGRIBUSINESS;-;-;-;-;-;-;-;-;-;6,63;-;-;-;-;-;-;-
CCMU27C007450;BRBMEFFM0K08;AGRIBUSINESS;-;-;-;-;-;-;-;-;-;5,97;-;-;-;-;-;-;-
CCMU27P007450;BRBMEFOV0K43;AGRIBUSINESS;-;-;-;-;-;-;-;-;-;1,73;-;-;-;-;-;-;-
CCMH27C007850;BRBMEFFM0K16;AGRIBUSINESS;-;-;-;-;-;-;-;-;-;5,1;-;-;-;-;-;-;-
CCMH27P007850;BRBMEFOV0K50;AGRIBUSINESS;-;-;-;-;-;-;-;-;-;1,34;-;-;-;-;-;-;-
CCMF27C007725;BRBMEFFM0K24;AGRIBUSINESS;-;-;-;-;-;-;-;-;-;3,9;-;-;-;-;-;-;-
CCMF27P007725;BRBMEFOV0K68;AGRIBUSINESS;-;-;-;-;-;-;-;-;-;1,19;-;-;-;-;-;-;-
CCMH27C008650;BRBMEFFM0K32;AGRIBUSINESS;-;-;-;-;-;-;-;-;-;1,61;-;-;-;-;-;-;-
CCMH27P008650;BRBMEFOV0K76;AGRIBUSINESS;-;-;-;-;-;-;-;-;-;5,37;-;-;-;-;-;-;-
CCMK27C008450;BRBMEFFM0K40;AGRIBUSINESS;-;-;-;-;-;-;-;-;-;2;-;-;-;-;-;-;-
CCMK27P008450;BRBMEFOV0K84;AGRIBUSINESS;-;-;-;-;-;-;-;-;-;5,28;-;-;-;-;-;-;-
CCMX26C008250;BRBMEFFM0K57;AGRIBUSINESS;-;-;-;-;-;-;-;-;-;0,24;-;-;-;-;-;-;-
CCMX26P008250;BRBMEFOV0K92;AGRIBUSINESS;-;-;-;-;-;-;-;-;-;6,36;-;-;-;-;-;-;-
CCMH27C009200;BRBMEFFM0K65;AGRIBUSINESS;-;-;-;-;-;-;-;-;-;0,7;-;-;-;-;-;-;-
CCMH27P009200;BRBMEFOV0KA6;AGRIBUSINESS;-;-;-;-;-;-;-;-;-;9,63;-;-;-;-;-;-;-
CCMX27C008200;BRBMEFFM0K73;AGRIBUSINESS;-;-;-;-;-;-;-;-;-;4,02;-;-;-;-;-;-;-
CCMX27C008300;BRBMEFFM0K81;AGRIBUSINESS;-;-;-;-;-;-;-;-;-;3,65;-;-;-;-;-;-;-
CCMX27P008200;BRBMEFOV0KB4;AGRIBUSINESS;-;-;-;-;-;-;-;-;-;3,92;-;-;-;-;-;-;-
CCMX27P008300;BRBMEFOV0KC2;AGRIBUSINESS;-;-;-;-;-;-;-;-;-;4,41;-;-;-;-;-;-;-
CCMF27C009000;BRBMEFFM0K99;AGRIBUSINESS;-;-;-;-;-;-;-;-;-;0,35;-;-;-;-;-;-;-
CCMF27C009500;BRBMEFFM0KA8;AGRIBUSINESS;-;-;-;-;-;-;-;-;-;0,13;-;-;-;-;-;-;-
CCMF27P009000;BRBMEFOV0KD0;AGRIBUSINESS;-;-;-;-;-;-;-;-;-;9,85;-;-;-;-;-;-;-
CCMF27P009500;BRBMEFOV0KE8;AGRIBUSINESS;-;-;-;-;-;-;-;-;-;14,43;-;-;-;-;-;-;-
CCMK27C007850;BRBMEFFM0KB6;AGRIBUSINESS;-;-;-;-;-;-;-;-;-;4,37;-;-;-;-;-;-;-
CCMK27P007850;BRBMEFOV0KF5;AGRIBUSINESS;-;-;-;-;-;-;-;-;-;2,14;-;-;-;-;-;-;-
CCMH27C008100;BRBMEFFM0KC4;AGRIBUSINESS;-;-;-;-;-;-;-;-;-;3,66;-;-;-;-;-;-;-
CCMH27C008150;BRBMEFFM0KD2;AGRIBUSINESS;-;-;-;-;-;-;-;-;-;3,41;-;-;-;-;-;-;-
CCMH27P008100;BRBMEFOV0KG3;AGRIBUSINESS;-;-;-;-;-;-;-;-;-;2,25;-;-;-;-;-;-;-
CCMH27P008150;BRBMEFOV0KH1;AGRIBUSINESS;-;-;-;-;-;-;-;-;-;2,47;-;-;-;-;-;-;-
CCMU27C006850;BRBMEFFM0KE0;AGRIBUSINESS;-;-;-;-;-;-;-;-;-;10,05;-;-;-;-;-;-;-
CCMU27C007650;BRBMEFFM0KF7;AGRIBUSINESS;-;-;-;-;-;-;-;-;-;4,9;-;-;-;-;-;-;-
CCMU27C008400;BRBMEFFM0KG5;AGRIBUSINESS;-;-;-;-;-;-;-;-;-;2,17;-;-;-;-;-;-;-
CCMU27C008450;BRBMEFFM0KH3;AGRIBUSINESS;-;-;-;-;-;-;-;-;-;2,06;-;-;-;-;-;-;-
CCMU27P006850;BRBMEFOV0KI9;AGRIBUSINESS;-;-;-;-;-;-;-;-;-;0,52;-;-;-;-;-;-;-
CCMU27P007650;BRBMEFOV0KJ7;AGRIBUSINESS;-;-;-;-;-;-;-;-;-;2,41;-;-;-;-;-;-;-
CCMU27P008400;BRBMEFOV0KK5;AGRIBUSINESS;-;-;-;-;-;-;-;-;-;6,29;-;-;-;-;-;-;-
CCMU27P008450;BRBMEFOV0KL3;AGRIBUSINESS;-;-;-;-;-;-;-;-;-;6,62;-;-;-;-;-;-;-
CCMH27C008225;BRBMEFFM0KI1;AGRIBUSINESS;-;-;-;-;-;-;-;-;-;3,06;-;-;-;-;-;-;-
CCMH27P008225;BRBMEFOV0KM1;AGRIBUSINESS;-;-;-;-;-;-;-;-;-;2,82;-;-;-;-;-;-;-
CCMK27C009500;BRBMEFFM0KJ9;AGRIBUSINESS;-;-;-;-;-;-;-;-;-;0,52;-;-;-;-;-;-;-
CCMK27P009500;BRBMEFOV0KN9;AGRIBUSINESS;-;-;-;-;-;-;-;-;-;13,46;-;-;-;-;-;-;-
CCMX26C007875;BRBMEFFM0KK7;AGRIBUSINESS;-;-;-;-;-;-;-;-;-;0,75;-;-;-;-;-;-;-
CCMX26C008175;BRBMEFFM0KL5;AGRIBUSINESS;-;-;-;-;-;-;-;-;-;0,3;-;-;-;-;-;-;-
CCMX26P007875;BRBMEFOV0KO7;AGRIBUSINESS;-;-;-;-;-;-;-;-;-;3,21;-;-;-;-;-;-;-
CCMX26P008175;BRBMEFOV0KP4;AGRIBUSINESS;-;-;-;-;-;-;-;-;-;5,69;-;-;-;-;-;-;-
CCMU27C007775;BRBMEFFM0KM3;AGRIBUSINESS;-;-;-;-;-;-;-;-;-;4,31;-;-;-;-;-;-;-
CCMU27P007775;BRBMEFOV0KQ2;AGRIBUSINESS;-;-;-;-;-;-;-;-;-;2,92;-;-;-;-;-;-;-
CCMU27C008300;BRBMEFFM0KN1;AGRIBUSINESS;-;-;-;-;-;-;-;-;-;2,43;-;-;-;-;-;-;-
CCMU27P008300;BRBMEFOV0KR0;AGRIBUSINESS;-;-;-;-;-;-;-;-;-;5,67;-;-;-;-;-;-;-
CCMX26C008150;BRBMEFFM0KO9;AGRIBUSINESS;-;-;-;-;-;-;-;-;-;0,33;-;-;-;-;-;-;-
CCMX26P008150;BRBMEFOV0KS8;AGRIBUSINESS;-;-;-;-;-;-;-;-;-;5,47;-;-;-;-;-;-;-
CCMF27C008150;BRBMEFFM0KQ4;AGRIBUSINESS;-;-;-;-;-;-;-;-;-;1,81;-;-;-;-;-;-;-
CCMF27C008850;BRBMEFFM0KR2;AGRIBUSINESS;-;-;-;-;-;-;-;-;-;0,46;-;-;-;-;-;-;-
CCMF27P008150;BRBMEFOV0KU4;AGRIBUSINESS;-;-;-;-;-;-;-;-;-;3,17;-;-;-;-;-;-;-
CCMF27P008850;BRBMEFOV0KV2;AGRIBUSINESS;-;-;-;-;-;-;-;-;-;8,53;-;-;-;-;-;-;-
CCMX26C007775;BRBMEFFM0KP6;AGRIBUSINESS;-;-;-;-;-;-;-;-;-;1,02;-;-;-;-;-;-;-
CCMX26P007775;BRBMEFOV0KT6;AGRIBUSINESS;-;-;-;-;-;-;-;-;-;2,5;-;-;-;-;-;-;-
CCMN27C006000;BRBMEFFM0KS0;AGRIBUSINESS;-;-;-;-;-;-;-;-;-;17,46;-;-;-;-;-;-;-
CCMN27P006000;BRBMEFOV0KW0;AGRIBUSINESS;-;-;-;-;-;-;-;-;-;0,03;-;-;-;-;-;-;-
CCMK27C008200;BRBMEFFM0KT8;AGRIBUSINESS;-;-;-;-;-;-;-;-;-;2,8;-;-;-;-;-;-;-
CCMK27P008200;BRBMEFOV0KX8;AGRIBUSINESS;-;-;-;-;-;-;-;-;-;3,78;-;-;-;-;-;-;-
CCMU27C007750;BRBMEFFM0KU6;AGRIBUSINESS;-;-;-;-;-;-;-;-;-;4,42;-;-;-;-;-;-;-
CCMU27P007750;BRBMEFOV0KY6;AGRIBUSINESS;-;-;-;-;-;-;-;-;-;2,82;-;-;-;-;-;-;-
CCMH27C008400;BRBMEFFM0KV4;AGRIBUSINESS;-;-;-;-;-;-;-;-;-;2,36;-;-;-;-;-;-;-
CCMH27P008400;BRBMEFOV0KZ3;AGRIBUSINESS;-;-;-;-;-;-;-;-;-;3,77;-;-;-;-;-;-;-
CCMN27C007700;BRBMEFFM0KW2;AGRIBUSINESS;-;-;-;-;-;-;-;-;-;4,47;-;-;-;-;-;-;-
CCMN27C007800;BRBMEFFM0KX0;AGRIBUSINESS;-;-;-;-;-;-;-;-;-;3,99;-;-;-;-;-;-;-
CCMN27C007900;BRBMEFFM0KY8;AGRIBUSINESS;3,5;3,5;3,5;3,5;3,5;-11,39;-;-;-;3,55;-;-;-;-;1;500;787500
CCMN27P007700;BRBMEFOV0L00;AGRIBUSINESS;-;-;-;-;-;-;-;-;-;2,33;-;-;-;-;-;-;-
CCMN27P007800;BRBMEFOV0L18;AGRIBUSINESS;-;-;-;-;-;-;-;-;-;2,75;-;-;-;-;-;-;-
CCMN27P007900;BRBMEFOV0L26;AGRIBUSINESS;-;-;-;-;-;-;-;-;-;3,21;-;-;-;-;-;-;-
CCMU27C007900;BRBMEFFM0KZ5;AGRIBUSINESS;-;-;-;-;-;-;-;-;-;3,77;-;-;-;-;-;-;-
CCMU27P007900;BRBMEFOV0L34;AGRIBUSINESS;-;-;-;-;-;-;-;-;-;3,49;-;-;-;-;-;-;-
CCMX27C008100;BRBMEFFM0L07;AGRIBUSINESS;-;-;-;-;-;-;-;-;-;4,42;-;-;-;-;-;-;-
CCMX27P008100;BRBMEFOV0L42;AGRIBUSINESS;-;-;-;-;-;-;-;-;-;3,46;-;-;-;-;-;-;-
CCMF27C008900;BRBMEFFM0L15;AGRIBUSINESS;-;-;-;-;-;-;-;-;-;0,42;-;-;-;-;-;-;-
CCMF27P008900;BRBMEFOV0L59;AGRIBUSINESS;-;-;-;-;-;-;-;-;-;8,97;-;-;-;-;-;-;-
CCMN27C008000;BRBMEFFM0L23;AGRIBUSINESS;-;-;-;-;-;-;-;-;-;3,15;-;-;-;-;-;-;-
CCMN27P008000;BRBMEFOV0L67;AGRIBUSINESS;-;-;-;-;-;-;-;-;-;3,7;-;-;-;-;-;-;-
CCMH27C008450;BRBMEFFM0L31;AGRIBUSINESS;-;-;-;-;-;-;-;-;-;2,19;-;-;-;-;-;-;-
CCMH27P008450;BRBMEFOV0L75;AGRIBUSINESS;-;-;-;-;-;-;-;-;-;4,06;-;-;-;-;-;-;-
CCMU27C007225;BRBMEFFM0L49;AGRIBUSINESS;-;-;-;-;-;-;-;-;-;7,37;-;-;-;-;-;-;-
CCMU27C008200;BRBMEFFM0L56;AGRIBUSINESS;-;-;-;-;-;-;-;-;-;2,71;-;-;-;-;-;-;-
CCMU27P007225;BRBMEFOV0L83;AGRIBUSINESS;-;-;-;-;-;-;-;-;-;1,15;-;-;-;-;-;-;-
CCMU27P008200;BRBMEFOV0L91;AGRIBUSINESS;-;-;-;-;-;-;-;-;-;5,07;-;-;-;-;-;-;-
CCMU27C007850;BRBMEFFM0L64;AGRIBUSINESS;-;-;-;-;-;-;-;-;-;3,98;-;-;-;-;-;-;-
CCMU27C008350;BRBMEFFM0L72;AGRIBUSINESS;-;-;-;-;-;-;-;-;-;2,29;-;-;-;-;-;-;-
CCMU27P007850;BRBMEFOV0LA4;AGRIBUSINESS;-;-;-;-;-;-;-;-;-;3,25;-;-;-;-;-;-;-
CCMU27P008350;BRBMEFOV0LB2;AGRIBUSINESS;-;-;-;-;-;-;-;-;-;5,97;-;-;-;-;-;-;-
CCMH27C008850;BRBMEFFM0L80;AGRIBUSINESS;-;-;-;-;-;-;-;-;-;1,19;-;-;-;-;-;-;-
CCMH27P008850;BRBMEFOV0LC0;AGRIBUSINESS;-;-;-;-;-;-;-;-;-;6,82;-;-;-;-;-;-;-
CCMU27C007950;BRBMEFFM0L98;AGRIBUSINESS;-;-;-;-;-;-;-;-;-;3,57;-;-;-;-;-;-;-
CCMU27C008250;BRBMEFFM0LA6;AGRIBUSINESS;-;-;-;-;-;-;-;-;-;2,57;-;-;-;-;-;-;-
CCMU27C008550;BRBMEFFM0LB4;AGRIBUSINESS;-;-;-;-;-;-;-;-;-;1,85;-;-;-;-;-;-;-
CCMU27C008600;BRBMEFFM0LC2;AGRIBUSINESS;-;-;-;-;-;-;-;-;-;1,75;-;-;-;-;-;-;-
CCMU27C008650;BRBMEFFM0LD0;AGRIBUSINESS;-;-;-;-;-;-;-;-;-;1,66;-;-;-;-;-;-;-
CCMU27C008700;BRBMEFFM0LE8;AGRIBUSINESS;-;-;-;-;-;-;-;-;-;1,57;-;-;-;-;-;-;-
CCMU27C008750;BRBMEFFM0LF5;AGRIBUSINESS;-;-;-;-;-;-;-;-;-;1,49;-;-;-;-;-;-;-
CCMU27C008800;BRBMEFFM0LG3;AGRIBUSINESS;-;-;-;-;-;-;-;-;-;1,41;-;-;-;-;-;-;-
CCMU27C008850;BRBMEFFM0LH1;AGRIBUSINESS;-;-;-;-;-;-;-;-;-;1,34;-;-;-;-;-;-;-
CCMU27C008900;BRBMEFFM0LI9;AGRIBUSINESS;-;-;-;-;-;-;-;-;-;1,27;-;-;-;-;-;-;-
CCMU27C008950;BRBMEFFM0LJ7;AGRIBUSINESS;-;-;-;-;-;-;-;-;-;1,21;-;-;-;-;-;-;-
CCMU27C009000;BRBMEFFM0LK5;AGRIBUSINESS;-;-;-;-;-;-;-;-;-;1,14;-;-;-;-;-;-;-
CCMU27P007950;BRBMEFOV0LD8;AGRIBUSINESS;-;-;-;-;-;-;-;-;-;3,73;-;-;-;-;-;-;-
CCMU27P008250;BRBMEFOV0LE6;AGRIBUSINESS;-;-;-;-;-;-;-;-;-;5,37;-;-;-;-;-;-;-
CCMU27P008550;BRBMEFOV0LF3;AGRIBUSINESS;-;-;-;-;-;-;-;-;-;7,29;-;-;-;-;-;-;-
CCMU27P008600;BRBMEFOV0LG1;AGRIBUSINESS;-;-;-;-;-;-;-;-;-;7,63;-;-;-;-;-;-;-
CCMU27P008650;BRBMEFOV0LH9;AGRIBUSINESS;-;-;-;-;-;-;-;-;-;7,98;-;-;-;-;-;-;-
CCMU27P008700;BRBMEFOV0LI7;AGRIBUSINESS;-;-;-;-;-;-;-;-;-;8,33;-;-;-;-;-;-;-
CCMU27P008750;BRBMEFOV0LJ5;AGRIBUSINESS;-;-;-;-;-;-;-;-;-;8,69;-;-;-;-;-;-;-
CCMU27P008800;BRBMEFOV0LK3;AGRIBUSINESS;-;-;-;-;-;-;-;-;-;9,06;-;-;-;-;-;-;-
CCMU27P008850;BRBMEFOV0LL1;AGRIBUSINESS;-;-;-;-;-;-;-;-;-;9,42;-;-;-;-;-;-;-
CCMU27P008900;BRBMEFOV0LM9;AGRIBUSINESS;-;-;-;-;-;-;-;-;-;9,79;-;-;-;-;-;-;-
CCMU27P008950;BRBMEFOV0LN7;AGRIBUSINESS;-;-;-;-;-;-;-;-;-;10,17;-;-;-;-;-;-;-
CCMU27P009000;BRBMEFOV0LO5;AGRIBUSINESS;-;-;-;-;-;-;-;-;-;10,55;-;-;-;-;-;-;-
CCMH27C012000;BRBMEFFM0LL3;AGRIBUSINESS;-;-;-;-;-;-;-;-;-;0,01;-;-;-;-;-;-;-
CCMH27P012000;BRBMEFOV0LP2;AGRIBUSINESS;-;-;-;-;-;-;-;-;-;35,23;-;-;-;-;-;-;-
CCMH27C008800;BRBMEFFM0LM1;AGRIBUSINESS;-;-;-;-;-;-;-;-;-;1,28;-;-;-;-;-;-;-
CCMH27P008800;BRBMEFOV0LQ0;AGRIBUSINESS;-;-;-;-;-;-;-;-;-;6,45;-;-;-;-;-;-;-
CCMU27C007525;BRBMEFFM0LN9;AGRIBUSINESS;-;-;-;-;-;-;-;-;-;5,55;-;-;-;-;-;-;-
CCMU27P007525;BRBMEFOV0LR8;AGRIBUSINESS;-;-;-;-;-;-;-;-;-;1,97;-;-;-;-;-;-;-
CCMU27C007125;BRBMEFFM0LO7;AGRIBUSINESS;-;-;-;-;-;-;-;-;-;8,05;-;-;-;-;-;-;-
CCMU27P007125;BRBMEFOV0LS6;AGRIBUSINESS;-;-;-;-;-;-;-;-;-;0,94;-;-;-;-;-;-;-
CCMN27C007250;BRBMEFFM0LP4;AGRIBUSINESS;-;-;-;-;-;-;-;-;-;7,18;-;-;-;-;-;-;-
CCMN27C007275;BRBMEFFM0LR0;AGRIBUSINESS;-;-;-;-;-;-;-;-;-;7,01;-;-;-;-;-;-;-
CCMN27C008500;BRBMEFFM0LQ2;AGRIBUSINESS;-;-;-;-;-;-;-;-;-;1,71;-;-;-;-;-;-;-
CCMN27P007250;BRBMEFOV0LT4;AGRIBUSINESS;0,85;0,85;0,85;0,85;0,85;-;-;-;-;0,99;-;-;-;-;1;1.000;382500
CCMN27P007275;BRBMEFOV0LV0;AGRIBUSINESS;-;-;-;-;-;-;-;-;-;1,04;-;-;-;-;-;-;-
CCMN27P008500;BRBMEFOV0LU2;AGRIBUSINESS;-;-;-;-;-;-;-;-;-;6,77;-;-;-;-;-;-;-
CCMK27C008700;BRBMEFFM0LS8;AGRIBUSINESS;1,81;1,81;1,81;1,81;1,81;-;-;-;-;1,44;-;-;-;-;1;10;8145
CCMK27P008700;BRBMEFOV0LW8;AGRIBUSINESS;-;-;-;-;-;-;-;-;-;7,02;-;-;-;-;-;-;-
SJCX26C002225;BRBMEFFJMGV3;AGRIBUSINESS;-;-;-;-;-;-;-;-;-;6,24;-;-;-;-;-;-;-
SJCX26P002225;BRBMEFSJ1GV0;AGRIBUSINESS;-;-;-;-;-;-;-;-;-;0,01;-;-;-;-;-;-;-
SJCX26C002175;BRBMEFFJMGY7;AGRIBUSINESS;-;-;-;-;-;-;-;-;-;6,73;-;-;-;-;-;-;-
SJCX26P002175;BRBMEFSJ1GY4;AGRIBUSINESS;-;-;-;-;-;-;-;-;-;0,01;-;-;-;-;-;-;-
SJCX26C002200;BRBMEFFJMJ74;AGRIBUSINESS;-;-;-;-;-;-;-;-;-;6,49;-;-;-;-;-;-;-
SJCX26C002250;BRBMEFFJMJ82;AGRIBUSINESS;-;-;-;-;-;-;-;-;-;5,99;-;-;-;-;-;-;-
SJCX26C002300;BRBMEFFJMJ90;AGRIBUSINESS;-;-;-;-;-;-;-;-;-;5,5;-;-;-;-;-;-;-
SJCX26C002350;BRBMEFFJMJA1;AGRIBUSINESS;-;-;-;-;-;-;-;-;-;5,01;-;-;-;-;-;-;-
SJCX26C002400;BRBMEFFJMJB9;AGRIBUSINESS;-;-;-;-;-;-;-;-;-;4,52;-;-;-;-;-;-;-
SJCX26C002450;BRBMEFFJMJC7;AGRIBUSINESS;-;-;-;-;-;-;-;-;-;4,03;-;-;-;-;-;-;-
SJCX26C002500;BRBMEFFJMJD5;AGRIBUSINESS;-;-;-;-;-;-;-;-;-;3,54;-;-;-;-;-;-;-
SJCX26C002550;BRBMEFFJMJE3;AGRIBUSINESS;-;-;-;-;-;-;-;-;-;3,06;-;-;-;-;-;-;-
SJCX26C002600;BRBMEFFJMJF0;AGRIBUSINESS;-;-;-;-;-;-;-;-;-;2,59;-;-;-;-;-;-;-
SJCX26C002650;BRBMEFFJMJG8;AGRIBUSINESS;-;-;-;-;-;-;-;-;-;2,13;-;-;-;-;-;-;-
SJCX26C002700;BRBMEFFJMJH6;AGRIBUSINESS;-;-;-;-;-;-;-;-;-;1,7;-;-;-;-;-;-;-
SJCX26P002200;BRBMEFSJ1J74;AGRIBUSINESS;-;-;-;-;-;-;-;-;-;0,01;-;-;-;-;-;-;-
SJCX26P002250;BRBMEFSJ1J82;AGRIBUSINESS;-;-;-;-;-;-;-;-;-;0,01;-;-;-;-;-;-;-
SJCX26P002300;BRBMEFSJ1J90;AGRIBUSINESS;-;-;-;-;-;-;-;-;-;0,01;-;-;-;-;-;-;-
SJCX26P002350;BRBMEFSJ1JA8;AGRIBUSINESS;-;-;-;-;-;-;-;-;-;0,01;-;-;-;-;-;-;-
SJCX26P002400;BRBMEFSJ1JB6;AGRIBUSINESS;-;-;-;-;-;-;-;-;-;0,01;-;-;-;-;-;-;-
SJCX26P002450;BRBMEFSJ1JC4;AGRIBUSINESS;-;-;-;-;-;-;-;-;-;0,01;-;-;-;-;-;-;-
SJCX26P002500;BRBMEFSJ1JD2;AGRIBUSINESS;-;-;-;-;-;-;-;-;-;0,01;-;-;-;-;-;-;-
SJCX26P002550;BRBMEFSJ1JE0;AGRIBUSINESS;-;-;-;-;-;-;-;-;-;0,02;-;-;-;-;-;-;-
SJCX26P002600;BRBMEFSJ1JF7;AGRIBUSINESS;-;-;-;-;-;-;-;-;-;0,04;-;-;-;-;-;-;-
SJCX26P002650;BRBMEFSJ1JG5;AGRIBUSINESS;-;-;-;-;-;-;-;-;-;0,08;-;-;-;-;-;-;-
SJCX26P002700;BRBMEFSJ1JH3;AGRIBUSINESS;-;-;-;-;-;-;-;-;-;0,14;-;-;-;-;-;-;-
SJCF27C002000;BRBMEFFJMJI4;AGRIBUSINESS;-;-;-;-;-;-;-;-;-;8,61;-;-;-;-;-;-;-
SJCF27C003000;BRBMEFFJMJJ2;AGRIBUSINESS;-;-;-;-;-;-;-;-;-;0,63;-;-;-;-;-;-;-
SJCF27P002000;BRBMEFSJ1JI1;AGRIBUSINESS;-;-;-;-;-;-;-;-;-;0,01;-;-;-;-;-;-;-
SJCF27P003000;BRBMEFSJ1JJ9;AGRIBUSINESS;-;-;-;-;-;-;-;-;-;1,67;-;-;-;-;-;-;-
SJCH27C002000;BRBMEFFJMJK0;AGRIBUSINESS;-;-;-;-;-;-;-;-;-;8,59;-;-;-;-;-;-;-
SJCH27C003000;BRBMEFFJMJL8;AGRIBUSINESS;-;-;-;-;-;-;-;-;-;0,8;-;-;-;-;-;-;-
SJCH27P002000;BRBMEFSJ1JK7;AGRIBUSINESS;-;-;-;-;-;-;-;-;-;0,01;-;-;-;-;-;-;-
SJCH27P003000;BRBMEFSJ1JL5;AGRIBUSINESS;-;-;-;-;-;-;-;-;-;1,68;-;-;-;-;-;-;-
SJCK27C002000;BRBMEFFJMJM6;AGRIBUSINESS;-;-;-;-;-;-;-;-;-;8,54;-;-;-;-;-;-;-
SJCK27C003000;BRBMEFFJMJN4;AGRIBUSINESS;-;-;-;-;-;-;-;-;-;1;-;-;-;-;-;-;-
SJCK27P002000;BRBMEFSJ1JM3;AGRIBUSINESS;-;-;-;-;-;-;-;-;-;0,01;-;-;-;-;-;-;-
SJCK27P003000;BRBMEFSJ1JN1;AGRIBUSINESS;-;-;-;-;-;-;-;-;-;1,73;-;-;-;-;-;-;-
SJCX26C002375;BRBMEFFJMJP9;AGRIBUSINESS;-;-;-;-;-;-;-;-;-;4,76;-;-;-;-;-;-;-
SJCX26P002375;BRBMEFSJ1JP6;AGRIBUSINESS;-;-;-;-;-;-;-;-;-;0,01;-;-;-;-;-;-;-
SJCK27C002475;BRBMEFFJMJQ7;AGRIBUSINESS;-;-;-;-;-;-;-;-;-;4,22;-;-;-;-;-;-;-
SJCK27P002475;BRBMEFSJ1JQ4;AGRIBUSINESS;-;-;-;-;-;-;-;-;-;0,09;-;-;-;-;-;-;-
SJCK27C002275;BRBMEFFJMJR5;AGRIBUSINESS;-;-;-;-;-;-;-;-;-;6;-;-;-;-;-;-;-
SJCK27C002325;BRBMEFFJMJS3;AGRIBUSINESS;-;-;-;-;-;-;-;-;-;5,55;-;-;-;-;-;-;-
SJCK27P002275;BRBMEFSJ1JR2;AGRIBUSINESS;-;-;-;-;-;-;-;-;-;0,01;-;-;-;-;-;-;-
SJCK27P002325;BRBMEFSJ1JS0;AGRIBUSINESS;-;-;-;-;-;-;-;-;-;0,02;-;-;-;-;-;-;-
SJCH27C002300;BRBMEFFJMJT1;AGRIBUSINESS;-;-;-;-;-;-;-;-;-;5,76;-;-;-;-;-;-;-
SJCH27C002475;BRBMEFFJMJU9;AGRIBUSINESS;-;-;-;-;-;-;-;-;-;4,15;-;-;-;-;-;-;-
SJCH27C002575;BRBMEFFJMJV7;AGRIBUSINESS;-;-;-;-;-;-;-;-;-;3,26;-;-;-;-;-;-;-
SJCH27P002300;BRBMEFSJ1JT8;AGRIBUSINESS;-;-;-;-;-;-;-;-;-;0,01;-;-;-;-;-;-;-
SJCH27P002475;BRBMEFSJ1JU6;AGRIBUSINESS;-;-;-;-;-;-;-;-;-;0,05;-;-;-;-;-;-;-
SJCH27P002575;BRBMEFSJ1JV4;AGRIBUSINESS;-;-;-;-;-;-;-;-;-;0,12;-;-;-;-;-;-;-
SJCH27C002400;BRBMEFFJMJW5;AGRIBUSINESS;-;-;-;-;-;-;-;-;-;4,83;-;-;-;-;-;-;-
SJCH27C002600;BRBMEFFJMJX3;AGRIBUSINESS;-;-;-;-;-;-;-;-;-;3,05;-;-;-;-;-;-;-
SJCH27P002400;BRBMEFSJ1JW2;AGRIBUSINESS;-;-;-;-;-;-;-;-;-;0,02;-;-;-;-;-;-;-
SJCH27P002600;BRBMEFSJ1JX0;AGRIBUSINESS;-;-;-;-;-;-;-;-;-;0,14;-;-;-;-;-;-;-
SJCK27C002400;BRBMEFFJMJY1;AGRIBUSINESS;-;-;-;-;-;-;-;-;-;4,88;-;-;-;-;-;-;-
SJCK27C002600;BRBMEFFJMJZ8;AGRIBUSINESS;-;-;-;-;-;-;-;-;-;3,18;-;-;-;-;-;-;-
SJCK27P002400;BRBMEFSJ1JY8;AGRIBUSINESS;-;-;-;-;-;-;-;-;-;0,05;-;-;-;-;-;-;-
SJCK27P002600;BRBMEFSJ1JZ5;AGRIBUSINESS;-;-;-;-;-;-;-;-;-;0,2;-;-;-;-;-;-;-
SJCK27C002350;BRBMEFFJMK06;AGRIBUSINESS;-;-;-;-;-;-;-;-;-;5,32;-;-;-;-;-;-;-
SJCK27C002425;BRBMEFFJMK14;AGRIBUSINESS;-;-;-;-;-;-;-;-;-;4,66;-;-;-;-;-;-;-
SJCK27C002450;BRBMEFFJMK22;AGRIBUSINESS;-;-;-;-;-;-;-;-;-;4,44;-;-;-;-;-;-;-
SJCK27C002500;BRBMEFFJMK30;AGRIBUSINESS;-;-;-;-;-;-;-;-;-;4;-;-;-;-;-;-;-
SJCK27C002525;BRBMEFFJMK48;AGRIBUSINESS;-;-;-;-;-;-;-;-;-;3,79;-;-;-;-;-;-;-
SJCK27C002575;BRBMEFFJMK55;AGRIBUSINESS;-;-;-;-;-;-;-;-;-;3,38;-;-;-;-;-;-;-
SJCK27P002350;BRBMEFSJ1K06;AGRIBUSINESS;-;-;-;-;-;-;-;-;-;0,03;-;-;-;-;-;-;-
SJCK27P002425;BRBMEFSJ1K14;AGRIBUSINESS;-;-;-;-;-;-;-;-;-;0,06;-;-;-;-;-;-;-
SJCK27P002450;BRBMEFSJ1K22;AGRIBUSINESS;-;-;-;-;-;-;-;-;-;0,07;-;-;-;-;-;-;-
SJCK27P002500;BRBMEFSJ1K30;AGRIBUSINESS;0,1;0,1;0,1;0,1;0,1;-;-;-;-;0,1;-;-;-;-;1;2;461,65
SJCK27P002525;BRBMEFSJ1K48;AGRIBUSINESS;-;-;-;-;-;-;-;-;-;0,12;-;-;-;-;-;-;-
SJCK27P002575;BRBMEFSJ1K55;AGRIBUSINESS;-;-;-;-;-;-;-;-;-;0,17;-;-;-;-;-;-;-
SJCK27C002550;BRBMEFFJMK63;AGRIBUSINESS;-;-;-;-;-;-;-;-;-;3,58;-;-;-;-;-;-;-
SJCK27P002550;BRBMEFSJ1K63;AGRIBUSINESS;-;-;-;-;-;-;-;-;-;0,14;-;-;-;-;-;-;-
SJCH27C002375;BRBMEFFJMKG6;AGRIBUSINESS;-;-;-;-;-;-;-;-;-;5,06;-;-;-;-;-;-;-
SJCH27C002450;BRBMEFFJMKH4;AGRIBUSINESS;-;-;-;-;-;-;-;-;-;4,37;-;-;-;-;-;-;-
SJCH27C002500;BRBMEFFJMKI2;AGRIBUSINESS;-;-;-;-;-;-;-;-;-;3,92;-;-;-;-;-;-;-
SJCH27C002525;BRBMEFFJMKJ0;AGRIBUSINESS;-;-;-;-;-;-;-;-;-;3,7;-;-;-;-;-;-;-
SJCH27C002550;BRBMEFFJMKK8;AGRIBUSINESS;-;-;-;-;-;-;-;-;-;3,48;-;-;-;-;-;-;-
SJCH27P002375;BRBMEFSJ1KG3;AGRIBUSINESS;-;-;-;-;-;-;-;-;-;0,02;-;-;-;-;-;-;-
SJCH27P002450;BRBMEFSJ1KH1;AGRIBUSINESS;-;-;-;-;-;-;-;-;-;0,04;-;-;-;-;-;-;-
SJCH27P002500;BRBMEFSJ1KI9;AGRIBUSINESS;-;-;-;-;-;-;-;-;-;0,07;-;-;-;-;-;-;-
SJCH27P002525;BRBMEFSJ1KJ7;AGRIBUSINESS;-;-;-;-;-;-;-;-;-;0,08;-;-;-;-;-;-;-
SJCH27P002550;BRBMEFSJ1KK5;AGRIBUSINESS;-;-;-;-;-;-;-;-;-;0,1;-;-;-;-;-;-;-
SJCH27C002350;BRBMEFFJMKN2;AGRIBUSINESS;-;-;-;-;-;-;-;-;-;5,29;-;-;-;-;-;-;-
SJCH27C002700;BRBMEFFJMKO0;AGRIBUSINESS;-;-;-;-;-;-;-;-;-;2,28;-;-;-;-;-;-;-
SJCH27P002350;BRBMEFSJ1KN9;AGRIBUSINESS;-;-;-;-;-;-;-;-;-;0,01;-;-;-;-;-;-;-
SJCH27P002700;BRBMEFSJ1KO7;AGRIBUSINESS;-;-;-;-;-;-;-;-;-;0,31;-;-;-;-;-;-;-
SJCK27C002300;BRBMEFFJML96;AGRIBUSINESS;-;-;-;-;-;-;-;-;-;5,77;-;-;-;-;-;-;-
SJCK27C002675;BRBMEFFJMLA7;AGRIBUSINESS;-;-;-;-;-;-;-;-;-;2,62;-;-;-;-;-;-;-
SJCK27P002300;BRBMEFSJ1L96;AGRIBUSINESS;-;-;-;-;-;-;-;-;-;0,02;-;-;-;-;-;-;-
SJCK27P002675;BRBMEFSJ1LA4;AGRIBUSINESS;-;-;-;-;-;-;-;-;-;0,34;-;-;-;-;-;-;-
SJCH27C002650;BRBMEFFJMLB5;AGRIBUSINESS;-;-;-;-;-;-;-;-;-;2,65;-;-;-;-;-;-;-
SJCH27C002800;BRBMEFFJMLC3;AGRIBUSINESS;-;-;-;-;-;-;-;-;-;1,64;-;-;-;-;-;-;-
SJCH27P002650;BRBMEFSJ1LB2;AGRIBUSINESS;-;-;-;-;-;-;-;-;-;0,22;-;-;-;-;-;-;-
SJCH27P002800;BRBMEFSJ1LC0;AGRIBUSINESS;-;-;-;-;-;-;-;-;-;0,62;-;-;-;-;-;-;-
SJCX26C002525;BRBMEFFJMLR1;AGRIBUSINESS;-;-;-;-;-;-;-;-;-;3,3;-;-;-;-;-;-;-
SJCX26C002575;BRBMEFFJMLS9;AGRIBUSINESS;-;-;-;-;-;-;-;-;-;2,82;-;-;-;-;-;-;-
SJCX26C002625;BRBMEFFJMLT7;AGRIBUSINESS;-;-;-;-;-;-;-;-;-;2,36;-;-;-;-;-;-;-
SJCX26C002675;BRBMEFFJMLU5;AGRIBUSINESS;-;-;-;-;-;-;-;-;-;1,91;-;-;-;-;-;-;-
SJCX26C002725;BRBMEFFJMLV3;AGRIBUSINESS;-;-;-;-;-;-;-;-;-;1,5;-;-;-;-;-;-;-
SJCX26C002750;BRBMEFFJMLW1;AGRIBUSINESS;-;-;-;-;-;-;-;-;-;1,31;-;-;-;-;-;-;-
SJCX26C002775;BRBMEFFJMLX9;AGRIBUSINESS;-;-;-;-;-;-;-;-;-;1,14;-;-;-;-;-;-;-
SJCX26C002800;BRBMEFFJMLY7;AGRIBUSINESS;-;-;-;-;-;-;-;-;-;0,98;-;-;-;-;-;-;-
SJCX26C002825;BRBMEFFJMLZ4;AGRIBUSINESS;-;-;-;-;-;-;-;-;-;0,85;-;-;-;-;-;-;-
SJCX26C002850;BRBMEFFJMM04;AGRIBUSINESS;-;-;-;-;-;-;-;-;-;0,72;-;-;-;-;-;-;-
SJCX26C002875;BRBMEFFJMM12;AGRIBUSINESS;-;-;-;-;-;-;-;-;-;0,61;-;-;-;-;-;-;-
SJCX26C002900;BRBMEFFJMM20;AGRIBUSINESS;-;-;-;-;-;-;-;-;-;0,52;-;-;-;-;-;-;-
SJCX26P002525;BRBMEFSJ1LR8;AGRIBUSINESS;-;-;-;-;-;-;-;-;-;0,01;-;-;-;-;-;-;-
SJCX26P002575;BRBMEFSJ1LS6;AGRIBUSINESS;-;-;-;-;-;-;-;-;-;0,03;-;-;-;-;-;-;-
SJCX26P002625;BRBMEFSJ1LT4;AGRIBUSINESS;-;-;-;-;-;-;-;-;-;0,06;-;-;-;-;-;-;-
SJCX26P002675;BRBMEFSJ1LU2;AGRIBUSINESS;-;-;-;-;-;-;-;-;-;0,1;-;-;-;-;-;-;-
SJCX26P002725;BRBMEFSJ1LV0;AGRIBUSINESS;-;-;-;-;-;-;-;-;-;0,19;-;-;-;-;-;-;-
SJCX26P002750;BRBMEFSJ1LW8;AGRIBUSINESS;-;-;-;-;-;-;-;-;-;0,24;-;-;-;-;-;-;-
SJCX26P002775;BRBMEFSJ1LX6;AGRIBUSINESS;-;-;-;-;-;-;-;-;-;0,32;-;-;-;-;-;-;-
SJCX26P002800;BRBMEFSJ1LY4;AGRIBUSINESS;-;-;-;-;-;-;-;-;-;0,41;-;-;-;-;-;-;-
SJCX26P002825;BRBMEFSJ1LZ1;AGRIBUSINESS;-;-;-;-;-;-;-;-;-;0,52;-;-;-;-;-;-;-
SJCX26P002850;BRBMEFSJ1M04;AGRIBUSINESS;-;-;-;-;-;-;-;-;-;0,64;-;-;-;-;-;-;-
SJCX26P002875;BRBMEFSJ1M12;AGRIBUSINESS;-;-;-;-;-;-;-;-;-;0,78;-;-;-;-;-;-;-
SJCX26P002900;BRBMEFSJ1M20;AGRIBUSINESS;-;-;-;-;-;-;-;-;-;0,93;-;-;-;-;-;-;-
SJCH27C002625;BRBMEFFJMM38;AGRIBUSINESS;-;-;-;-;-;-;-;-;-;2,85;-;-;-;-;-;-;-
SJCH27P002625;BRBMEFSJ1M38;AGRIBUSINESS;-;-;-;-;-;-;-;-;-;0,18;-;-;-;-;-;-;-
SJCK27C002700;BRBMEFFJMM61;AGRIBUSINESS;-;-;-;-;-;-;-;-;-;2,44;-;-;-;-;-;-;-
SJCK27P002700;BRBMEFSJ1M61;AGRIBUSINESS;-;-;-;-;-;-;-;-;-;0,4;-;-;-;-;-;-;-
SJCK27C002650;BRBMEFFJMM79;AGRIBUSINESS;-;-;-;-;-;-;-;-;-;2,8;-;-;-;-;-;-;-
SJCK27P002650;BRBMEFSJ1M79;AGRIBUSINESS;-;-;-;-;-;-;-;-;-;0,29;-;-;-;-;-;-;-
SJCK27C002725;BRBMEFFJMM87;AGRIBUSINESS;-;-;-;-;-;-;-;-;-;2,28;-;-;-;-;-;-;-
SJCK27C002750;BRBMEFFJMM95;AGRIBUSINESS;-;-;-;-;-;-;-;-;-;2,12;-;-;-;-;-;-;-
SJCK27C002775;BRBMEFFJMMA5;AGRIBUSINESS;-;-;-;-;-;-;-;-;-;1,97;-;-;-;-;-;-;-
SJCK27C002800;BRBMEFFJMMB3;AGRIBUSINESS;-;-;-;-;-;-;-;-;-;1,84;-;-;-;-;-;-;-
SJCK27C002825;BRBMEFFJMMC1;AGRIBUSINESS;-;-;-;-;-;-;-;-;-;1,7;-;-;-;-;-;-;-
SJCK27C002850;BRBMEFFJMMD9;AGRIBUSINESS;-;-;-;-;-;-;-;-;-;1,58;-;-;-;-;-;-;-
SJCK27P002725;BRBMEFSJ1M87;AGRIBUSINESS;-;-;-;-;-;-;-;-;-;0,46;-;-;-;-;-;-;-
SJCK27P002750;BRBMEFSJ1M95;AGRIBUSINESS;-;-;-;-;-;-;-;-;-;0,54;-;-;-;-;-;-;-
SJCK27P002775;BRBMEFSJ1MA2;AGRIBUSINESS;-;-;-;-;-;-;-;-;-;0,62;-;-;-;-;-;-;-
SJCK27P002800;BRBMEFSJ1MB0;AGRIBUSINESS;-;-;-;-;-;-;-;-;-;0,71;-;-;-;-;-;-;-
SJCK27P002825;BRBMEFSJ1MC8;AGRIBUSINESS;-;-;-;-;-;-;-;-;-;0,81;-;-;-;-;-;-;-
SJCK27P002850;BRBMEFSJ1MD6;AGRIBUSINESS;-;-;-;-;-;-;-;-;-;0,92;-;-;-;-;-;-;-
SJCN27C002300;BRBMEFFJMME7;AGRIBUSINESS;-;-;-;-;-;-;-;-;-;5,73;-;-;-;-;-;-;-
SJCN27C002325;BRBMEFFJMMF4;AGRIBUSINESS;-;-;-;-;-;-;-;-;-;5,52;-;-;-;-;-;-;-
SJCN27C002350;BRBMEFFJMMG2;AGRIBUSINESS;-;-;-;-;-;-;-;-;-;5,3;-;-;-;-;-;-;-
SJCN27C002375;BRBMEFFJMMH0;AGRIBUSINESS;-;-;-;-;-;-;-;-;-;5,08;-;-;-;-;-;-;-
SJCN27C002400;BRBMEFFJMMI8;AGRIBUSINESS;-;-;-;-;-;-;-;-;-;4,87;-;-;-;-;-;-;-
SJCN27C002425;BRBMEFFJMMJ6;AGRIBUSINESS;-;-;-;-;-;-;-;-;-;4,66;-;-;-;-;-;-;-
SJCN27C002450;BRBMEFFJMMK4;AGRIBUSINESS;-;-;-;-;-;-;-;-;-;4,45;-;-;-;-;-;-;-
SJCN27C002475;BRBMEFFJMML2;AGRIBUSINESS;-;-;-;-;-;-;-;-;-;4,24;-;-;-;-;-;-;-
SJCN27C002500;BRBMEFFJMMM0;AGRIBUSINESS;-;-;-;-;-;-;-;-;-;4,04;-;-;-;-;-;-;-
SJCN27C002525;BRBMEFFJMMN8;AGRIBUSINESS;-;-;-;-;-;-;-;-;-;3,83;-;-;-;-;-;-;-
SJCN27C002550;BRBMEFFJMMO6;AGRIBUSINESS;-;-;-;-;-;-;-;-;-;3,64;-;-;-;-;-;-;-
SJCN27C002575;BRBMEFFJMMP3;AGRIBUSINESS;-;-;-;-;-;-;-;-;-;3,45;-;-;-;-;-;-;-
SJCN27C002600;BRBMEFFJMMQ1;AGRIBUSINESS;-;-;-;-;-;-;-;-;-;3,26;-;-;-;-;-;-;-
SJCN27C002625;BRBMEFFJMMR9;AGRIBUSINESS;-;-;-;-;-;-;-;-;-;3,08;-;-;-;-;-;-;-
SJCN27C002650;BRBMEFFJMMS7;AGRIBUSINESS;-;-;-;-;-;-;-;-;-;2,9;-;-;-;-;-;-;-
SJCN27C002675;BRBMEFFJMMT5;AGRIBUSINESS;-;-;-;-;-;-;-;-;-;2,73;-;-;-;-;-;-;-
SJCN27C002700;BRBMEFFJMMU3;AGRIBUSINESS;-;-;-;-;-;-;-;-;-;2,56;-;-;-;-;-;-;-
SJCN27C002725;BRBMEFFJMMV1;AGRIBUSINESS;-;-;-;-;-;-;-;-;-;2,41;-;-;-;-;-;-;-
SJCN27C002750;BRBMEFFJMMW9;AGRIBUSINESS;-;-;-;-;-;-;-;-;-;2,26;-;-;-;-;-;-;-
SJCN27C002775;BRBMEFFJMMX7;AGRIBUSINESS;-;-;-;-;-;-;-;-;-;2,12;-;-;-;-;-;-;-
SJCN27C002800;BRBMEFFJMMY5;AGRIBUSINESS;-;-;-;-;-;-;-;-;-;1,98;-;-;-;-;-;-;-
SJCN27C002825;BRBMEFFJMMZ2;AGRIBUSINESS;-;-;-;-;-;-;-;-;-;1,86;-;-;-;-;-;-;-
SJCN27C002850;BRBMEFFJMN03;AGRIBUSINESS;-;-;-;-;-;-;-;-;-;1,74;-;-;-;-;-;-;-
SJCN27C002875;BRBMEFFJMN11;AGRIBUSINESS;-;-;-;-;-;-;-;-;-;1,63;-;-;-;-;-;-;-
SJCN27C002900;BRBMEFFJMN29;AGRIBUSINESS;-;-;-;-;-;-;-;-;-;1,52;-;-;-;-;-;-;-
SJCN27P002300;BRBMEFSJ1ME4;AGRIBUSINESS;-;-;-;-;-;-;-;-;-;0,04;-;-;-;-;-;-;-
SJCN27P002325;BRBMEFSJ1MF1;AGRIBUSINESS;-;-;-;-;-;-;-;-;-;0,04;-;-;-;-;-;-;-
SJCN27P002350;BRBMEFSJ1MG9;AGRIBUSINESS;-;-;-;-;-;-;-;-;-;0,05;-;-;-;-;-;-;-
SJCN27P002375;BRBMEFSJ1MH7;AGRIBUSINESS;-;-;-;-;-;-;-;-;-;0,07;-;-;-;-;-;-;-
SJCN27P002400;BRBMEFSJ1MI5;AGRIBUSINESS;-;-;-;-;-;-;-;-;-;0,08;-;-;-;-;-;-;-
SJCN27P002425;BRBMEFSJ1MJ3;AGRIBUSINESS;-;-;-;-;-;-;-;-;-;0,09;-;-;-;-;-;-;-
SJCN27P002450;BRBMEFSJ1MK1;AGRIBUSINESS;-;-;-;-;-;-;-;-;-;0,11;-;-;-;-;-;-;-
SJCN27P002475;BRBMEFSJ1ML9;AGRIBUSINESS;-;-;-;-;-;-;-;-;-;0,13;-;-;-;-;-;-;-
SJCN27P002500;BRBMEFSJ1MM7;AGRIBUSINESS;-;-;-;-;-;-;-;-;-;0,15;-;-;-;-;-;-;-
SJCN27P002525;BRBMEFSJ1MN5;AGRIBUSINESS;-;-;-;-;-;-;-;-;-;0,17;-;-;-;-;-;-;-
SJCN27P002550;BRBMEFSJ1MO3;AGRIBUSINESS;-;-;-;-;-;-;-;-;-;0,21;-;-;-;-;-;-;-
SJCN27P002575;BRBMEFSJ1MP0;AGRIBUSINESS;-;-;-;-;-;-;-;-;-;0,24;-;-;-;-;-;-;-
SJCN27P002600;BRBMEFSJ1MQ8;AGRIBUSINESS;-;-;-;-;-;-;-;-;-;0,28;-;-;-;-;-;-;-
SJCN27P002625;BRBMEFSJ1MR6;AGRIBUSINESS;-;-;-;-;-;-;-;-;-;0,33;-;-;-;-;-;-;-
SJCN27P002650;BRBMEFSJ1MS4;AGRIBUSINESS;-;-;-;-;-;-;-;-;-;0,38;-;-;-;-;-;-;-
SJCN27P002675;BRBMEFSJ1MT2;AGRIBUSINESS;-;-;-;-;-;-;-;-;-;0,43;-;-;-;-;-;-;-
SJCN27P002700;BRBMEFSJ1MU0;AGRIBUSINESS;-;-;-;-;-;-;-;-;-;0,49;-;-;-;-;-;-;-
SJCN27P002725;BRBMEFSJ1MV8;AGRIBUSINESS;-;-;-;-;-;-;-;-;-;0,56;-;-;-;-;-;-;-
SJCN27P002750;BRBMEFSJ1MW6;AGRIBUSINESS;-;-;-;-;-;-;-;-;-;0,64;-;-;-;-;-;-;-
SJCN27P002775;BRBMEFSJ1MX4;AGRIBUSINESS;-;-;-;-;-;-;-;-;-;0,72;-;-;-;-;-;-;-
SJCN27P002800;BRBMEFSJ1MY2;AGRIBUSINESS;-;-;-;-;-;-;-;-;-;0,82;-;-;-;-;-;-;-
SJCN27P002825;BRBMEFSJ1MZ9;AGRIBUSINESS;-;-;-;-;-;-;-;-;-;0,92;-;-;-;-;-;-;-
SJCN27P002850;BRBMEFSJ1N03;AGRIBUSINESS;-;-;-;-;-;-;-;-;-;1,03;-;-;-;-;-;-;-
SJCN27P002875;BRBMEFSJ1N11;AGRIBUSINESS;-;-;-;-;-;-;-;-;-;1,14;-;-;-;-;-;-;-
SJCN27P002900;BRBMEFSJ1N29;AGRIBUSINESS;-;-;-;-;-;-;-;-;-;1,26;-;-;-;-;-;-;-
SJCF27C002350;BRBMEFFJMN37;AGRIBUSINESS;-;-;-;-;-;-;-;-;-;5,24;-;-;-;-;-;-;-
SJCF27C002550;BRBMEFFJMN45;AGRIBUSINESS;-;-;-;-;-;-;-;-;-;3,38;-;-;-;-;-;-;-
SJCF27C002650;BRBMEFFJMN52;AGRIBUSINESS;-;-;-;-;-;-;-;-;-;2,51;-;-;-;-;-;-;-
SJCF27P002350;BRBMEFSJ1N37;AGRIBUSINESS;-;-;-;-;-;-;-;-;-;0,01;-;-;-;-;-;-;-
SJCF27P002550;BRBMEFSJ1N45;AGRIBUSINESS;-;-;-;-;-;-;-;-;-;0,07;-;-;-;-;-;-;-
SJCF27P002650;BRBMEFSJ1N52;AGRIBUSINESS;-;-;-;-;-;-;-;-;-;0,17;-;-;-;-;-;-;-
SJCH27C002725;BRBMEFFJMN60;AGRIBUSINESS;-;-;-;-;-;-;-;-;-;2,1;-;-;-;-;-;-;-
SJCH27P002725;BRBMEFSJ1N60;AGRIBUSINESS;-;-;-;-;-;-;-;-;-;0,37;-;-;-;-;-;-;-
SJCK27C003200;BRBMEFFJMN78;AGRIBUSINESS;-;-;-;-;-;-;-;-;-;0,52;-;-;-;-;-;-;-
SJCK27P003200;BRBMEFSJ1N78;AGRIBUSINESS;-;-;-;-;-;-;-;-;-;3,11;-;-;-;-;-;-;-
SJCK27C002900;BRBMEFFJMN86;AGRIBUSINESS;-;-;-;-;-;-;-;-;-;1,36;-;-;-;-;-;-;-
SJCK27P002900;BRBMEFSJ1N86;AGRIBUSINESS;1,45;1,45;1,45;1,45;1,45;-14,7;-;-;-;1,17;-;-;-;-;1;2;6693,99
SJCF27C002600;BRBMEFFJMN94;AGRIBUSINESS;-;-;-;-;-;-;-;-;-;2,93;-;-;-;-;-;-;-
SJCF27P002600;BRBMEFSJ1N94;AGRIBUSINESS;-;-;-;-;-;-;-;-;-;0,11;-;-;-;-;-;-;-
SJCH27C002750;BRBMEFFJMNA3;AGRIBUSINESS;-;-;-;-;-;-;-;-;-;1,93;-;-;-;-;-;-;-
SJCH27C002925;BRBMEFFJMNB1;AGRIBUSINESS;-;-;-;-;-;-;-;-;-;1,05;-;-;-;-;-;-;-
SJCH27P002750;BRBMEFSJ1NA0;AGRIBUSINESS;-;-;-;-;-;-;-;-;-;0,44;-;-;-;-;-;-;-
SJCH27P002925;BRBMEFSJ1NB8;AGRIBUSINESS;-;-;-;-;-;-;-;-;-;1,22;-;-;-;-;-;-;-
SJCF27C002700;BRBMEFFJMNC9;AGRIBUSINESS;-;-;-;-;-;-;-;-;-;2,12;-;-;-;-;-;-;-
SJCF27P002700;BRBMEFSJ1NC6;AGRIBUSINESS;-;-;-;-;-;-;-;-;-;0,26;-;-;-;-;-;-;-
SJCH27C002775;BRBMEFFJMND7;AGRIBUSINESS;-;-;-;-;-;-;-;-;-;1,78;-;-;-;-;-;-;-
SJCH27P002775;BRBMEFSJ1ND4;AGRIBUSINESS;-;-;-;-;-;-;-;-;-;0,53;-;-;-;-;-;-;-
SJCK27C003300;BRBMEFFJMNE5;AGRIBUSINESS;-;-;-;-;-;-;-;-;-;0,38;-;-;-;-;-;-;-
SJCK27P003300;BRBMEFSJ1NE2;AGRIBUSINESS;-;-;-;-;-;-;-;-;-;3,89;-;-;-;-;-;-;-
SJCF27C002800;BRBMEFFJMNF2;AGRIBUSINESS;-;-;-;-;-;-;-;-;-;1,46;-;-;-;-;-;-;-
SJCF27P002800;BRBMEFSJ1NF9;AGRIBUSINESS;-;-;-;-;-;-;-;-;-;0,56;-;-;-;-;-;-;-
SJCF27C002900;BRBMEFFJMNG0;AGRIBUSINESS;-;-;-;-;-;-;-;-;-;0,97;-;-;-;-;-;-;-
SJCF27P002900;BRBMEFSJ1NG7;AGRIBUSINESS;-;-;-;-;-;-;-;-;-;1,04;-;-;-;-;-;-;-
SJCH27C002900;BRBMEFFJMNH8;AGRIBUSINESS;-;-;-;-;-;-;-;-;-;1,15;-;-;-;-;-;-;-
SJCH27P002900;BRBMEFSJ1NH5;AGRIBUSINESS;1,5;1,5;1,5;1,5;1,5;-;-;-;-;1,08;-;-;-;-;1;3;10387,23
SJCH27C003100;BRBMEFFJMNI6;AGRIBUSINESS;-;-;-;-;-;-;-;-;-;0,54;-;-;-;-;-;-;-
SJCH27P003100;BRBMEFSJ1NI3;AGRIBUSINESS;-;-;-;-;-;-;-;-;-;2,37;-;-;-;-;-;-;-
DOLF27P007000;BRBMEFDE19N6;FINANCIAL;-;-;-;-;-;-;-;-;-;1696,209;-;-;-;-;-;-;-
DOLF27C007000;BRBMEFCE1AH5;FINANCIAL;-;-;-;-;-;-;-;-;-;2,43;-;-;-;-;-;-;-
DOLF27P006500;BRBMEFDE19M8;FINANCIAL;-;-;-;-;-;-;-;-;-;1221,016;-;-;-;-;-;-;-
DOLF27C006500;BRBMEFCE1AG7;FINANCIAL;-;-;-;-;-;-;-;-;-;8,391;-;-;-;-;-;-;-
DOLF27P006000;BRBMEFDE19L0;FINANCIAL;-;-;-;-;-;-;-;-;-;758,982;-;-;-;-;-;-;-
DOLF27C006000;BRBMEFCE1AF9;FINANCIAL;-;-;-;-;-;-;-;-;-;27,51;-;-;-;-;-;-;-
DOLF27P004800;BRBMEFDE19K2;FINANCIAL;-;-;-;-;-;-;-;-;-;41,249;-;-;-;-;-;-;-
DOLF27C004800;BRBMEFCE1AE2;FINANCIAL;-;-;-;-;-;-;-;-;-;464,546;-;-;-;-;-;-;-
DOLF27P004500;BRBMEFDE19J4;FINANCIAL;-;-;-;-;-;-;-;-;-;9,237;-;-;-;-;-;-;-
DOLF27C004500;BRBMEFCE1AD4;FINANCIAL;-;-;-;-;-;-;-;-;-;721,225;-;-;-;-;-;-;-
DOLF29P006700;BRBMEFDE1AD3;FINANCIAL;-;-;-;-;-;-;-;-;-;758,755;-;-;-;-;-;-;-
DOLF29C006700;BRBMEFCE1B77;FINANCIAL;-;-;-;-;-;-;-;-;-;246,859;-;-;-;-;-;-;-
DOLF29P006600;BRBMEFDE1AC5;FINANCIAL;-;-;-;-;-;-;-;-;-;703,525;-;-;-;-;-;-;-
DOLF29C006600;BRBMEFCE1B69;FINANCIAL;-;-;-;-;-;-;-;-;-;266,02;-;-;-;-;-;-;-
DOLF29P006500;BRBMEFDE1AB7;FINANCIAL;-;-;-;-;-;-;-;-;-;649,837;-;-;-;-;-;-;-
DOLF29C006500;BRBMEFCE1B51;FINANCIAL;-;-;-;-;-;-;-;-;-;286,724;-;-;-;-;-;-;-
DOLF29P006400;BRBMEFDE1AA9;FINANCIAL;-;-;-;-;-;-;-;-;-;597,796;-;-;-;-;-;-;-
DOLF29C006400;BRBMEFCE1B44;FINANCIAL;-;-;-;-;-;-;-;-;-;309,074;-;-;-;-;-;-;-
DOLF29P006300;BRBMEFDE1A92;FINANCIAL;-;-;-;-;-;-;-;-;-;547,507;-;-;-;-;-;-;-
DOLF29C006300;BRBMEFCE1B36;FINANCIAL;-;-;-;-;-;-;-;-;-;333,177;-;-;-;-;-;-;-
DOLF29P006200;BRBMEFDE1A84;FINANCIAL;-;-;-;-;-;-;-;-;-;499,08;-;-;-;-;-;-;-
DOLF29C006200;BRBMEFCE1B28;FINANCIAL;-;-;-;-;-;-;-;-;-;359,141;-;-;-;-;-;-;-
DOLF29P006100;BRBMEFDE1A76;FINANCIAL;-;-;-;-;-;-;-;-;-;452,888;-;-;-;-;-;-;-
DOLF29C006100;BRBMEFCE1B10;FINANCIAL;-;-;-;-;-;-;-;-;-;387,341;-;-;-;-;-;-;-
DOLF29P006000;BRBMEFDE1A68;FINANCIAL;-;-;-;-;-;-;-;-;-;409,031;-;-;-;-;-;-;-
DOLF29C006000;BRBMEFCE1B02;FINANCIAL;-;-;-;-;-;-;-;-;-;417,875;-;-;-;-;-;-;-
DOLF29P005900;BRBMEFDE1A50;FINANCIAL;-;-;-;-;-;-;-;-;-;367,067;-;-;-;-;-;-;-
DOLF29C005900;BRBMEFCE1AZ7;FINANCIAL;-;-;-;-;-;-;-;-;-;450,302;-;-;-;-;-;-;-
DOLF29P005800;BRBMEFDE1A43;FINANCIAL;-;-;-;-;-;-;-;-;-;327,614;-;-;-;-;-;-;-
DOLF29C005800;BRBMEFCE1AY0;FINANCIAL;-;-;-;-;-;-;-;-;-;485,241;-;-;-;-;-;-;-
DOLF29P005700;BRBMEFDE1A35;FINANCIAL;-;-;-;-;-;-;-;-;-;290,483;-;-;-;-;-;-;-
DOLF29C005700;BRBMEFCE1AX2;FINANCIAL;-;-;-;-;-;-;-;-;-;522,501;-;-;-;-;-;-;-
DOLF29P005600;BRBMEFDE1A27;FINANCIAL;-;-;-;-;-;-;-;-;-;255,985;-;-;-;-;-;-;-
DOLF29C005600;BRBMEFCE1AW4;FINANCIAL;-;-;-;-;-;-;-;-;-;562,395;-;-;-;-;-;-;-
DOLF29P005500;BRBMEFDE1A19;FINANCIAL;-;-;-;-;-;-;-;-;-;223,907;-;-;-;-;-;-;-
DOLF29C005500;BRBMEFCE1AV6;FINANCIAL;-;-;-;-;-;-;-;-;-;604,709;-;-;-;-;-;-;-
DOLF28P006700;BRBMEFDE1A01;FINANCIAL;-;-;-;-;-;-;-;-;-;1024,954;-;-;-;-;-;-;-
DOLF28C006700;BRBMEFCE1AU8;FINANCIAL;-;-;-;-;-;-;-;-;-;100,966;-;-;-;-;-;-;-
DOLF28P006600;BRBMEFDE19Z0;FINANCIAL;-;-;-;-;-;-;-;-;-;951,429;-;-;-;-;-;-;-
DOLF28C006600;BRBMEFCE1AT0;FINANCIAL;-;-;-;-;-;-;-;-;-;112,167;-;-;-;-;-;-;-
DOLF28P006500;BRBMEFDE19Y3;FINANCIAL;-;-;-;-;-;-;-;-;-;879,462;-;-;-;-;-;-;-
DOLF28C006500;BRBMEFCE1AS2;FINANCIAL;-;-;-;-;-;-;-;-;-;124,926;-;-;-;-;-;-;-
DOLF28P006400;BRBMEFDE19X5;FINANCIAL;-;-;-;-;-;-;-;-;-;808,882;-;-;-;-;-;-;-
DOLF28C006400;BRBMEFCE1AR4;FINANCIAL;-;-;-;-;-;-;-;-;-;139,072;-;-;-;-;-;-;-
DOLF28P006300;BRBMEFDE19W7;FINANCIAL;-;-;-;-;-;-;-;-;-;740,037;-;-;-;-;-;-;-
DOLF28C006300;BRBMEFCE1AQ6;FINANCIAL;-;-;-;-;-;-;-;-;-;154,952;-;-;-;-;-;-;-
DOLF28P006200;BRBMEFDE19V9;FINANCIAL;-;-;-;-;-;-;-;-;-;673,317;-;-;-;-;-;-;-
DOLF28C006200;BRBMEFCE1AP8;FINANCIAL;-;-;-;-;-;-;-;-;-;172,959;-;-;-;-;-;-;-
DOLF28P006100;BRBMEFDE19U1;FINANCIAL;-;-;-;-;-;-;-;-;-;608,55;-;-;-;-;-;-;-
DOLF28C006100;BRBMEFCE1AO1;FINANCIAL;-;-;-;-;-;-;-;-;-;192,917;-;-;-;-;-;-;-
DOLF28P006000;BRBMEFDE19T3;FINANCIAL;-;-;-;-;-;-;-;-;-;546,563;-;-;-;-;-;-;-
DOLF28C006000;BRBMEFCE1AN3;FINANCIAL;-;-;-;-;-;-;-;-;-;215,656;-;-;-;-;-;-;-
DOLF28P005900;BRBMEFDE19S5;FINANCIAL;-;-;-;-;-;-;-;-;-;487,191;-;-;-;-;-;-;-
DOLF28C005900;BRBMEFCE1AM5;FINANCIAL;-;-;-;-;-;-;-;-;-;241,01;-;-;-;-;-;-;-
DOLF28P005800;BRBMEFDE19R7;FINANCIAL;-;-;-;-;-;-;-;-;-;430,88;-;-;-;-;-;-;-
DOLF28C005800;BRBMEFCE1AL7;FINANCIAL;-;-;-;-;-;-;-;-;-;269,425;-;-;-;-;-;-;-
DOLF28P005700;BRBMEFDE19Q9;FINANCIAL;-;-;-;-;-;-;-;-;-;377,648;-;-;-;-;-;-;-
DOLF28C005700;BRBMEFCE1AK9;FINANCIAL;-;-;-;-;-;-;-;-;-;300,919;-;-;-;-;-;-;-
DOLF28P005600;BRBMEFDE19P1;FINANCIAL;-;-;-;-;-;-;-;-;-;327,925;-;-;-;-;-;-;-
DOLF28C005600;BRBMEFCE1AJ1;FINANCIAL;-;-;-;-;-;-;-;-;-;335,922;-;-;-;-;-;-;-
DOLF28P005500;BRBMEFDE19O4;FINANCIAL;-;-;-;-;-;-;-;-;-;281,689;-;-;-;-;-;-;-
DOLF28C005500;BRBMEFCE1AI3;FINANCIAL;-;-;-;-;-;-;-;-;-;374,411;-;-;-;-;-;-;-
DOLF27C005000;BRBMEFCE1B85;FINANCIAL;-;-;-;-;-;-;-;-;-;321,657;-;-;-;-;-;-;-
DOLF27C005200;BRBMEFCE1B93;FINANCIAL;-;-;-;-;-;-;-;-;-;210,119;-;-;-;-;-;-;-
DOLF27C005400;BRBMEFCE1BA8;FINANCIAL;-;-;-;-;-;-;-;-;-;130,619;-;-;-;-;-;-;-
DOLF27C005600;BRBMEFCE1BB6;FINANCIAL;-;-;-;-;-;-;-;-;-;78,622;-;-;-;-;-;-;-
DOLF27C005800;BRBMEFCE1BC4;FINANCIAL;-;-;-;-;-;-;-;-;-;46,6;-;-;-;-;-;-;-
DOLF27P005000;BRBMEFDE1AE1;FINANCIAL;-;-;-;-;-;-;-;-;-;90,822;-;-;-;-;-;-;-
DOLF27P005200;BRBMEFDE1AF8;FINANCIAL;-;-;-;-;-;-;-;-;-;171,745;-;-;-;-;-;-;-
DOLF27P005400;BRBMEFDE1AG6;FINANCIAL;-;-;-;-;-;-;-;-;-;284,706;-;-;-;-;-;-;-
DOLF27P005600;BRBMEFDE1AH4;FINANCIAL;-;-;-;-;-;-;-;-;-;425,171;-;-;-;-;-;-;-
DOLF27P005800;BRBMEFDE1AI2;FINANCIAL;-;-;-;-;-;-;-;-;-;585,61;-;-;-;-;-;-;-
DOLF27C005100;BRBMEFCE1BM3;FINANCIAL;-;-;-;-;-;-;-;-;-;261,607;-;-;-;-;-;-;-
DOLF27C005300;BRBMEFCE1BN1;FINANCIAL;-;-;-;-;-;-;-;-;-;166,578;-;-;-;-;-;-;-
DOLF27C005500;BRBMEFCE1BO9;FINANCIAL;-;-;-;-;-;-;-;-;-;101,706;-;-;-;-;-;-;-
DOLF27C005700;BRBMEFCE1BP6;FINANCIAL;-;-;-;-;-;-;-;-;-;60,613;-;-;-;-;-;-;-
DOLF27C005900;BRBMEFCE1BQ4;FINANCIAL;-;-;-;-;-;-;-;-;-;35,791;-;-;-;-;-;-;-
DOLF27C006100;BRBMEFCE1BR2;FINANCIAL;-;-;-;-;-;-;-;-;-;21,418;-;-;-;-;-;-;-
DOLF27C006200;BRBMEFCE1BS0;FINANCIAL;-;-;-;-;-;-;-;-;-;17,031;-;-;-;-;-;-;-
DOLF27C006300;BRBMEFCE1BT8;FINANCIAL;-;-;-;-;-;-;-;-;-;13,631;-;-;-;-;-;-;-
DOLF27P005100;BRBMEFDE1AS1;FINANCIAL;-;-;-;-;-;-;-;-;-;127,002;-;-;-;-;-;-;-
DOLF27P005300;BRBMEFDE1AT9;FINANCIAL;-;-;-;-;-;-;-;-;-;224,435;-;-;-;-;-;-;-
DOLF27P005500;BRBMEFDE1AU7;FINANCIAL;-;-;-;-;-;-;-;-;-;352,024;-;-;-;-;-;-;-
DOLF27P005700;BRBMEFDE1AV5;FINANCIAL;-;-;-;-;-;-;-;-;-;503,393;-;-;-;-;-;-;-
DOLF27P005900;BRBMEFDE1AW3;FINANCIAL;-;-;-;-;-;-;-;-;-;671,032;-;-;-;-;-;-;-
DOLF27P006100;BRBMEFDE1AX1;FINANCIAL;-;-;-;-;-;-;-;-;-;849,12;-;-;-;-;-;-;-
DOLF27P006200;BRBMEFDE1AY9;FINANCIAL;-;-;-;-;-;-;-;-;-;940,964;-;-;-;-;-;-;-
DOLF27P006300;BRBMEFDE1AZ6;FINANCIAL;-;-;-;-;-;-;-;-;-;1033,795;-;-;-;-;-;-;-
DOLJ27C005000;BRBMEFCL13X5;FINANCIAL;-;-;-;-;-;-;-;-;-;404,501;-;-;-;-;-;-;-
DOLJ27C005100;BRBMEFCL13Y3;FINANCIAL;-;-;-;-;-;-;-;-;-;344,585;-;-;-;-;-;-;-
DOLJ27C005200;BRBMEFCL13Z0;FINANCIAL;-;-;-;-;-;-;-;-;-;291,309;-;-;-;-;-;-;-
DOLJ27C005300;BRBMEFCL1409;FINANCIAL;-;-;-;-;-;-;-;-;-;244,671;-;-;-;-;-;-;-
DOLJ27C005400;BRBMEFCL1417;FINANCIAL;-;-;-;-;-;-;-;-;-;204,287;-;-;-;-;-;-;-
DOLJ27C005500;BRBMEFCL1425;FINANCIAL;-;-;-;-;-;-;-;-;-;169,893;-;-;-;-;-;-;-
DOLJ27C005600;BRBMEFCL1433;FINANCIAL;-;-;-;-;-;-;-;-;-;140,676;-;-;-;-;-;-;-
DOLJ27C005700;BRBMEFCL1441;FINANCIAL;-;-;-;-;-;-;-;-;-;116,458;-;-;-;-;-;-;-
DOLJ27C005800;BRBMEFCL1458;FINANCIAL;-;-;-;-;-;-;-;-;-;96,222;-;-;-;-;-;-;-
DOLJ27C005900;BRBMEFCL1466;FINANCIAL;-;-;-;-;-;-;-;-;-;79,518;-;-;-;-;-;-;-
DOLJ27C006000;BRBMEFCL1474;FINANCIAL;-;-;-;-;-;-;-;-;-;65,7;-;-;-;-;-;-;-
DOLJ27C006100;BRBMEFCL1482;FINANCIAL;-;-;-;-;-;-;-;-;-;54,307;-;-;-;-;-;-;-
DOLJ27C006200;BRBMEFCL1490;FINANCIAL;-;-;-;-;-;-;-;-;-;45,016;-;-;-;-;-;-;-
DOLJ27C006300;BRBMEFCL14A1;FINANCIAL;-;-;-;-;-;-;-;-;-;37,454;-;-;-;-;-;-;-
DOLJ27P005000;BRBMEFVDE4P5;FINANCIAL;-;-;-;-;-;-;-;-;-;96,917;-;-;-;-;-;-;-
DOLJ27P005100;BRBMEFVDE4Q3;FINANCIAL;-;-;-;-;-;-;-;-;-;130,372;-;-;-;-;-;-;-
DOLJ27P005200;BRBMEFVDE4R1;FINANCIAL;-;-;-;-;-;-;-;-;-;170,467;-;-;-;-;-;-;-
DOLJ27P005300;BRBMEFVDE4S9;FINANCIAL;-;-;-;-;-;-;-;-;-;217,199;-;-;-;-;-;-;-
DOLJ27P005400;BRBMEFVDE4T7;FINANCIAL;-;-;-;-;-;-;-;-;-;270,186;-;-;-;-;-;-;-
DOLJ27P005500;BRBMEFVDE4U5;FINANCIAL;-;-;-;-;-;-;-;-;-;329,163;-;-;-;-;-;-;-
DOLJ27P005600;BRBMEFVDE4V3;FINANCIAL;-;-;-;-;-;-;-;-;-;393,317;-;-;-;-;-;-;-
DOLJ27P005700;BRBMEFVDE4W1;FINANCIAL;-;-;-;-;-;-;-;-;-;462,469;-;-;-;-;-;-;-
DOLJ27P005800;BRBMEFVDE4X9;FINANCIAL;-;-;-;-;-;-;-;-;-;535,604;-;-;-;-;-;-;-
DOLJ27P005900;BRBMEFVDE4Y7;FINANCIAL;-;-;-;-;-;-;-;-;-;612,271;-;-;-;-;-;-;-
DOLJ27P006000;BRBMEFVDE4Z4;FINANCIAL;-;-;-;-;-;-;-;-;-;691,823;-;-;-;-;-;-;-
DOLJ27P006100;BRBMEFVDE504;FINANCIAL;-;-;-;-;-;-;-;-;-;773,8;-;-;-;-;-;-;-
DOLJ27P006200;BRBMEFVDE512;FINANCIAL;-;-;-;-;-;-;-;-;-;857,88;-;-;-;-;-;-;-
DOLJ27P006300;BRBMEFVDE520;FINANCIAL;-;-;-;-;-;-;-;-;-;943,689;-;-;-;-;-;-;-
DOLV26C005000;BRBMEFCD41F0;FINANCIAL;-;-;-;-;-;-;-;-;-;160,534;-;-;-;-;-;-;-
DOLV26C005100;BRBMEFCD41G8;FINANCIAL;-;-;-;-;-;-;-;-;-;85,176;-;-;-;-;-;-;-
DOLV26C005200;BRBMEFCD41H6;FINANCIAL;-;-;-;-;-;-;-;-;-;37,071;-;-;-;-;-;-;-
DOLV26C005300;BRBMEFCD41I4;FINANCIAL;-;-;-;-;-;-;-;-;-;14,046;-;-;-;-;-;-;-
DOLV26C005400;BRBMEFCD41J2;FINANCIAL;-;-;-;-;-;-;-;-;-;5,134;-;-;-;-;-;-;-
DOLV26C005500;BRBMEFCD41K0;FINANCIAL;-;-;-;-;-;-;-;-;-;1,849;-;-;-;-;-;-;-
DOLV26C005600;BRBMEFCD41L8;FINANCIAL;-;-;-;-;-;-;-;-;-;0,62;-;-;-;-;-;-;-
DOLV26C005700;BRBMEFCD41M6;FINANCIAL;-;-;-;-;-;-;-;-;-;0,13;-;-;-;-;-;-;-
DOLV26C005800;BRBMEFCD41N4;FINANCIAL;-;-;-;-;-;-;-;-;-;0,023;-;-;-;-;-;-;-
DOLV26C005900;BRBMEFCD41O2;FINANCIAL;-;-;-;-;-;-;-;-;-;0,003;-;-;-;-;-;-;-
DOLV26C006000;BRBMEFCD41P9;FINANCIAL;-;-;-;-;-;-;-;-;-;0,001;-;-;-;-;-;-;-
DOLV26C006100;BRBMEFCD41Q7;FINANCIAL;-;-;-;-;-;-;-;-;-;0,001;-;-;-;-;-;-;-
DOLV26C006200;BRBMEFCD41R5;FINANCIAL;-;-;-;-;-;-;-;-;-;0,001;-;-;-;-;-;-;-
DOLV26C006300;BRBMEFCD41S3;FINANCIAL;-;-;-;-;-;-;-;-;-;0,001;-;-;-;-;-;-;-
DOLV26P005000;BRBMEFVD41E3;FINANCIAL;-;-;-;-;-;-;-;-;-;9,233;-;-;-;-;-;-;-
DOLV26P005100;BRBMEFVD41G8;FINANCIAL;-;-;-;-;-;-;-;-;-;33,163;-;-;-;-;-;-;-
DOLV26P005200;BRBMEFVD41I4;FINANCIAL;122,5;122,5;122,5;122,5;122,5;32,07;-;-;-;84,345;-;-;-;-;1;200;1225000
DOLV26P005300;BRBMEFVD41J2;FINANCIAL;-;-;-;-;-;-;-;-;-;160,608;-;-;-;-;-;-;-
DOLV26P005400;BRBMEFVD41K0;FINANCIAL;-;-;-;-;-;-;-;-;-;250,983;-;-;-;-;-;-;-
DOLV26P005500;BRBMEFVD41L8;FINANCIAL;-;-;-;-;-;-;-;-;-;346,986;-;-;-;-;-;-;-
DOLV26P005600;BRBMEFVD41M6;FINANCIAL;-;-;-;-;-;-;-;-;-;445,045;-;-;-;-;-;-;-
DOLV26P005700;BRBMEFVD41N4;FINANCIAL;-;-;-;-;-;-;-;-;-;543,842;-;-;-;-;-;-;-
DOLV26P005800;BRBMEFVD41O2;FINANCIAL;-;-;-;-;-;-;-;-;-;643,023;-;-;-;-;-;-;-
DOLV26P005900;BRBMEFVD41P9;FINANCIAL;-;-;-;-;-;-;-;-;-;742,291;-;-;-;-;-;-;-
DOLV26P006000;BRBMEFVD41Q7;FINANCIAL;-;-;-;-;-;-;-;-;-;841,576;-;-;-;-;-;-;-
DOLV26P006100;BRBMEFVD41R5;FINANCIAL;-;-;-;-;-;-;-;-;-;940,863;-;-;-;-;-;-;-
DOLV26P006200;BRBMEFVD41S3;FINANCIAL;-;-;-;-;-;-;-;-;-;1040,15;-;-;-;-;-;-;-
DOLV26P006300;BRBMEFVD41T1;FINANCIAL;-;-;-;-;-;-;-;-;-;1139,438;-;-;-;-;-;-;-
DOLV26C006400;BRBMEFCD41T1;FINANCIAL;-;-;-;-;-;-;-;-;-;0,001;-;-;-;-;-;-;-
DOLV26C006450;BRBMEFCD41U9;FINANCIAL;-;-;-;-;-;-;-;-;-;0,001;-;-;-;-;-;-;-
DOLV26C006500;BRBMEFCD41V7;FINANCIAL;-;-;-;-;-;-;-;-;-;0,001;-;-;-;-;-;-;-
DOLV26C006550;BRBMEFCD41W5;FINANCIAL;-;-;-;-;-;-;-;-;-;0,001;-;-;-;-;-;-;-
DOLV26C006600;BRBMEFCD41X3;FINANCIAL;-;-;-;-;-;-;-;-;-;0,001;-;-;-;-;-;-;-
DOLV26C006650;BRBMEFCD41Y1;FINANCIAL;-;-;-;-;-;-;-;-;-;0,001;-;-;-;-;-;-;-
DOLV26C006700;BRBMEFCD41Z8;FINANCIAL;-;-;-;-;-;-;-;-;-;0,001;-;-;-;-;-;-;-
DOLV26C006750;BRBMEFCD4205;FINANCIAL;-;-;-;-;-;-;-;-;-;0,001;-;-;-;-;-;-;-
DOLV26C006800;BRBMEFCD4213;FINANCIAL;-;-;-;-;-;-;-;-;-;0,001;-;-;-;-;-;-;-
DOLV26C006850;BRBMEFCD4221;FINANCIAL;-;-;-;-;-;-;-;-;-;0,001;-;-;-;-;-;-;-
DOLV26C006900;BRBMEFCD4239;FINANCIAL;-;-;-;-;-;-;-;-;-;0,001;-;-;-;-;-;-;-
DOLV26C006950;BRBMEFCD4247;FINANCIAL;-;-;-;-;-;-;-;-;-;0,001;-;-;-;-;-;-;-
DOLV26C007000;BRBMEFCD4254;FINANCIAL;-;-;-;-;-;-;-;-;-;0,001;-;-;-;-;-;-;-
DOLV26P006400;BRBMEFVD41U9;FINANCIAL;-;-;-;-;-;-;-;-;-;1238,726;-;-;-;-;-;-;-
DOLV26P006450;BRBMEFVD41V7;FINANCIAL;-;-;-;-;-;-;-;-;-;1288,369;-;-;-;-;-;-;-
DOLV26P006500;BRBMEFVD41W5;FINANCIAL;-;-;-;-;-;-;-;-;-;1338,013;-;-;-;-;-;-;-
DOLV26P006550;BRBMEFVD41X3;FINANCIAL;-;-;-;-;-;-;-;-;-;1387,657;-;-;-;-;-;-;-
DOLV26P006600;BRBMEFVD41Y1;FINANCIAL;-;-;-;-;-;-;-;-;-;1437,301;-;-;-;-;-;-;-
DOLV26P006650;BRBMEFVD41Z8;FINANCIAL;-;-;-;-;-;-;-;-;-;1486,945;-;-;-;-;-;-;-
DOLV26P006700;BRBMEFVD4202;FINANCIAL;-;-;-;-;-;-;-;-;-;1536,588;-;-;-;-;-;-;-
DOLV26P006750;BRBMEFVD4210;FINANCIAL;-;-;-;-;-;-;-;-;-;1586,232;-;-;-;-;-;-;-
DOLV26P006800;BRBMEFVD4228;FINANCIAL;-;-;-;-;-;-;-;-;-;1635,876;-;-;-;-;-;-;-
DOLV26P006850;BRBMEFVD4236;FINANCIAL;-;-;-;-;-;-;-;-;-;1685,52;-;-;-;-;-;-;-
DOLV26P006900;BRBMEFVD4244;FINANCIAL;-;-;-;-;-;-;-;-;-;1735,164;-;-;-;-;-;-;-
DOLV26P006950;BRBMEFVD4251;FINANCIAL;-;-;-;-;-;-;-;-;-;1784,807;-;-;-;-;-;-;-
DOLV26P007000;BRBMEFVD4269;FINANCIAL;-;-;-;-;-;-;-;-;-;1834,451;-;-;-;-;-;-;-
DOLF28C011000;BRBMEFCE1BU6;FINANCIAL;-;-;-;-;-;-;-;-;-;4,302;-;-;-;-;-;-;-
DOLF28P011000;BRBMEFDE1B00;FINANCIAL;-;-;-;-;-;-;-;-;-;4571,502;-;-;-;-;-;-;-
DOLN27C009700;BRBMEFCD6788;FINANCIAL;-;-;-;-;-;-;-;-;-;0,957;-;-;-;-;-;-;-
DOLN27P009700;BRBMEFVDR787;FINANCIAL;-;-;-;-;-;-;-;-;-;3869,919;-;-;-;-;-;-;-
DOLF28C008500;BRBMEFCE1BV4;FINANCIAL;-;-;-;-;-;-;-;-;-;23,11;-;-;-;-;-;-;-
DOLF28P008500;BRBMEFDE1B18;FINANCIAL;-;-;-;-;-;-;-;-;-;2472,163;-;-;-;-;-;-;-
DOLN27C007650;BRBMEFCD6796;FINANCIAL;-;-;-;-;-;-;-;-;-;13,47;-;-;-;-;-;-;-
DOLN27P007650;BRBMEFVDR795;FINANCIAL;-;-;-;-;-;-;-;-;-;2028,495;-;-;-;-;-;-;-
DOLF29C007500;BRBMEFCE1BY8;FINANCIAL;-;-;-;-;-;-;-;-;-;139,82;-;-;-;-;-;-;-
DOLF29P007500;BRBMEFDE1B42;FINANCIAL;-;-;-;-;-;-;-;-;-;1246,848;-;-;-;-;-;-;-
DOLF27C005750;BRBMEFCE1BZ5;FINANCIAL;-;-;-;-;-;-;-;-;-;53,207;-;-;-;-;-;-;-
DOLF27C005850;BRBMEFCE1C01;FINANCIAL;-;-;-;-;-;-;-;-;-;40,848;-;-;-;-;-;-;-
DOLF27C005950;BRBMEFCE1C19;FINANCIAL;-;-;-;-;-;-;-;-;-;31,351;-;-;-;-;-;-;-
DOLF27C006050;BRBMEFCE1C27;FINANCIAL;-;-;-;-;-;-;-;-;-;24,144;-;-;-;-;-;-;-
DOLF27C006150;BRBMEFCE1C35;FINANCIAL;-;-;-;-;-;-;-;-;-;19,063;-;-;-;-;-;-;-
DOLF27C006250;BRBMEFCE1C43;FINANCIAL;-;-;-;-;-;-;-;-;-;15,206;-;-;-;-;-;-;-
DOLF27P005750;BRBMEFDE1B59;FINANCIAL;-;-;-;-;-;-;-;-;-;544,102;-;-;-;-;-;-;-
DOLF27P005850;BRBMEFDE1B67;FINANCIAL;-;-;-;-;-;-;-;-;-;627,974;-;-;-;-;-;-;-
DOLF27P005950;BRBMEFDE1B75;FINANCIAL;-;-;-;-;-;-;-;-;-;714,708;-;-;-;-;-;-;-
DOLF27P006050;BRBMEFDE1B83;FINANCIAL;-;-;-;-;-;-;-;-;-;803,731;-;-;-;-;-;-;-
DOLF27P006150;BRBMEFDE1B91;FINANCIAL;-;-;-;-;-;-;-;-;-;894,881;-;-;-;-;-;-;-
DOLF27P006250;BRBMEFDE1BA7;FINANCIAL;-;-;-;-;-;-;-;-;-;987,255;-;-;-;-;-;-;-
DOLF28C005750;BRBMEFCE1C50;FINANCIAL;-;-;-;-;-;-;-;-;-;284,665;-;-;-;-;-;-;-
DOLF28C005850;BRBMEFCE1C68;FINANCIAL;-;-;-;-;-;-;-;-;-;254,953;-;-;-;-;-;-;-
DOLF28C005950;BRBMEFCE1C76;FINANCIAL;-;-;-;-;-;-;-;-;-;227,992;-;-;-;-;-;-;-
DOLF28C006050;BRBMEFCE1C84;FINANCIAL;-;-;-;-;-;-;-;-;-;203,974;-;-;-;-;-;-;-
DOLF28C006150;BRBMEFCE1C92;FINANCIAL;-;-;-;-;-;-;-;-;-;182,657;-;-;-;-;-;-;-
DOLF28C006250;BRBMEFCE1CA6;FINANCIAL;-;-;-;-;-;-;-;-;-;163,603;-;-;-;-;-;-;-
DOLF28P005750;BRBMEFDE1BB5;FINANCIAL;-;-;-;-;-;-;-;-;-;403,757;-;-;-;-;-;-;-
DOLF28P005850;BRBMEFDE1BC3;FINANCIAL;-;-;-;-;-;-;-;-;-;458,771;-;-;-;-;-;-;-
DOLF28P005950;BRBMEFDE1BD1;FINANCIAL;-;-;-;-;-;-;-;-;-;516,535;-;-;-;-;-;-;-
DOLF28P006050;BRBMEFDE1BE9;FINANCIAL;-;-;-;-;-;-;-;-;-;577,244;-;-;-;-;-;-;-
DOLF28P006150;BRBMEFDE1BF6;FINANCIAL;-;-;-;-;-;-;-;-;-;640,652;-;-;-;-;-;-;-
DOLF28P006250;BRBMEFDE1BG4;FINANCIAL;-;-;-;-;-;-;-;-;-;706,325;-;-;-;-;-;-;-
DOLF29C005750;BRBMEFCE1CB4;FINANCIAL;-;-;-;-;-;-;-;-;-;503,448;-;-;-;-;-;-;-
DOLF29C005850;BRBMEFCE1CC2;FINANCIAL;-;-;-;-;-;-;-;-;-;467,617;-;-;-;-;-;-;-
DOLF29C005950;BRBMEFCE1CD0;FINANCIAL;-;-;-;-;-;-;-;-;-;433,812;-;-;-;-;-;-;-
DOLF29C006050;BRBMEFCE1CE8;FINANCIAL;-;-;-;-;-;-;-;-;-;402,478;-;-;-;-;-;-;-
DOLF29C006150;BRBMEFCE1CF5;FINANCIAL;-;-;-;-;-;-;-;-;-;372,988;-;-;-;-;-;-;-
DOLF29C006250;BRBMEFCE1CG3;FINANCIAL;-;-;-;-;-;-;-;-;-;345,785;-;-;-;-;-;-;-
DOLF29P005750;BRBMEFDE1BH2;FINANCIAL;-;-;-;-;-;-;-;-;-;308,625;-;-;-;-;-;-;-
DOLF29P005850;BRBMEFDE1BI0;FINANCIAL;-;-;-;-;-;-;-;-;-;347,186;-;-;-;-;-;-;-
DOLF29P005950;BRBMEFDE1BJ8;FINANCIAL;-;-;-;-;-;-;-;-;-;387,773;-;-;-;-;-;-;-
DOLF29P006050;BRBMEFDE1BK6;FINANCIAL;-;-;-;-;-;-;-;-;-;430,83;-;-;-;-;-;-;-
DOLF29P006150;BRBMEFDE1BL4;FINANCIAL;-;-;-;-;-;-;-;-;-;475,732;-;-;-;-;-;-;-
DOLF29P006250;BRBMEFDE1BM2;FINANCIAL;-;-;-;-;-;-;-;-;-;522,92;-;-;-;-;-;-;-
DOLJ27C005750;BRBMEFCL14L8;FINANCIAL;-;-;-;-;-;-;-;-;-;105,941;-;-;-;-;-;-;-
DOLJ27C005850;BRBMEFCL14M6;FINANCIAL;-;-;-;-;-;-;-;-;-;87,478;-;-;-;-;-;-;-
DOLJ27C005950;BRBMEFCL14N4;FINANCIAL;-;-;-;-;-;-;-;-;-;72,279;-;-;-;-;-;-;-
DOLJ27C006050;BRBMEFCL14O2;FINANCIAL;-;-;-;-;-;-;-;-;-;59,727;-;-;-;-;-;-;-
DOLJ27C006150;BRBMEFCL14P9;FINANCIAL;-;-;-;-;-;-;-;-;-;49,477;-;-;-;-;-;-;-
DOLJ27C006250;BRBMEFCL14Q7;FINANCIAL;-;-;-;-;-;-;-;-;-;41,049;-;-;-;-;-;-;-
DOLJ27P005750;BRBMEFVDE5D8;FINANCIAL;-;-;-;-;-;-;-;-;-;498,637;-;-;-;-;-;-;-
DOLJ27P005850;BRBMEFVDE5E6;FINANCIAL;-;-;-;-;-;-;-;-;-;573,545;-;-;-;-;-;-;-
DOLJ27P005950;BRBMEFVDE5F3;FINANCIAL;-;-;-;-;-;-;-;-;-;651,716;-;-;-;-;-;-;-
DOLJ27P006050;BRBMEFVDE5G1;FINANCIAL;-;-;-;-;-;-;-;-;-;732,535;-;-;-;-;-;-;-
DOLJ27P006150;BRBMEFVDE5H9;FINANCIAL;-;-;-;-;-;-;-;-;-;815,656;-;-;-;-;-;-;-
DOLJ27P006250;BRBMEFVDE5I7;FINANCIAL;-;-;-;-;-;-;-;-;-;900,599;-;-;-;-;-;-;-
DOLN27C005000;BRBMEFCD67A6;FINANCIAL;-;-;-;-;-;-;-;-;-;483,051;-;-;-;-;-;-;-
DOLN27C005050;BRBMEFCD67B4;FINANCIAL;-;-;-;-;-;-;-;-;-;452,598;-;-;-;-;-;-;-
DOLN27C005100;BRBMEFCD67C2;FINANCIAL;-;-;-;-;-;-;-;-;-;423,599;-;-;-;-;-;-;-
DOLN27C005150;BRBMEFCD67D0;FINANCIAL;-;-;-;-;-;-;-;-;-;395,77;-;-;-;-;-;-;-
DOLN27C005200;BRBMEFCD67E8;FINANCIAL;-;-;-;-;-;-;-;-;-;369,423;-;-;-;-;-;-;-
DOLN27C005250;BRBMEFCD67F5;FINANCIAL;-;-;-;-;-;-;-;-;-;344,402;-;-;-;-;-;-;-
DOLN27C005300;BRBMEFCD67G3;FINANCIAL;-;-;-;-;-;-;-;-;-;320,693;-;-;-;-;-;-;-
DOLN27C005350;BRBMEFCD67H1;FINANCIAL;-;-;-;-;-;-;-;-;-;298,451;-;-;-;-;-;-;-
DOLN27C005400;BRBMEFCD67I9;FINANCIAL;-;-;-;-;-;-;-;-;-;277,479;-;-;-;-;-;-;-
DOLN27C005450;BRBMEFCD67J7;FINANCIAL;-;-;-;-;-;-;-;-;-;257,745;-;-;-;-;-;-;-
DOLN27C005500;BRBMEFCD67K5;FINANCIAL;-;-;-;-;-;-;-;-;-;239,209;-;-;-;-;-;-;-
DOLN27C005550;BRBMEFCD67L3;FINANCIAL;208,7;208,7;208,7;208,7;208,7;-;-;-;-;222,004;-;-;-;-;1;200;2087000
DOLN27C005600;BRBMEFCD67M1;FINANCIAL;-;-;-;-;-;-;-;-;-;205,91;-;-;-;-;-;-;-
DOLN27C005650;BRBMEFCD67N9;FINANCIAL;-;-;-;-;-;-;-;-;-;190,877;-;-;-;-;-;-;-
DOLN27C005700;BRBMEFCD67O7;FINANCIAL;-;-;-;-;-;-;-;-;-;176,856;-;-;-;-;-;-;-
DOLN27C005750;BRBMEFCD67P4;FINANCIAL;-;-;-;-;-;-;-;-;-;163,795;-;-;-;-;-;-;-
DOLN27C005800;BRBMEFCD67Q2;FINANCIAL;-;-;-;-;-;-;-;-;-;151,804;-;-;-;-;-;-;-
DOLN27C005850;BRBMEFCD67R0;FINANCIAL;-;-;-;-;-;-;-;-;-;140,665;-;-;-;-;-;-;-
DOLN27C005900;BRBMEFCD67S8;FINANCIAL;-;-;-;-;-;-;-;-;-;130,327;-;-;-;-;-;-;-
DOLN27C005950;BRBMEFCD67T6;FINANCIAL;-;-;-;-;-;-;-;-;-;120,74;-;-;-;-;-;-;-
DOLN27C006000;BRBMEFCD67U4;FINANCIAL;-;-;-;-;-;-;-;-;-;111,857;-;-;-;-;-;-;-
DOLN27C006050;BRBMEFCD67V2;FINANCIAL;-;-;-;-;-;-;-;-;-;103,632;-;-;-;-;-;-;-
DOLN27C006100;BRBMEFCD67W0;FINANCIAL;-;-;-;-;-;-;-;-;-;96,02;-;-;-;-;-;-;-
DOLN27C006150;BRBMEFCD67X8;FINANCIAL;-;-;-;-;-;-;-;-;-;89,109;-;-;-;-;-;-;-
DOLN27C006200;BRBMEFCD67Y6;FINANCIAL;-;-;-;-;-;-;-;-;-;82,595;-;-;-;-;-;-;-
DOLN27C006250;BRBMEFCD67Z3;FINANCIAL;-;-;-;-;-;-;-;-;-;76,575;-;-;-;-;-;-;-
DOLN27C006300;BRBMEFCD6804;FINANCIAL;-;-;-;-;-;-;-;-;-;71,129;-;-;-;-;-;-;-
DOLN27C006350;BRBMEFCD6812;FINANCIAL;-;-;-;-;-;-;-;-;-;66,098;-;-;-;-;-;-;-
DOLN27C006400;BRBMEFCD6820;FINANCIAL;-;-;-;-;-;-;-;-;-;61,343;-;-;-;-;-;-;-
DOLN27C006450;BRBMEFCD6838;FINANCIAL;-;-;-;-;-;-;-;-;-;57,055;-;-;-;-;-;-;-
DOLN27C006500;BRBMEFCD6846;FINANCIAL;-;-;-;-;-;-;-;-;-;53,094;-;-;-;-;-;-;-
DOLN27C006550;BRBMEFCD6853;FINANCIAL;-;-;-;-;-;-;-;-;-;49,435;-;-;-;-;-;-;-
DOLN27C006600;BRBMEFCD6861;FINANCIAL;-;-;-;-;-;-;-;-;-;46,055;-;-;-;-;-;-;-
DOLN27C006650;BRBMEFCD6879;FINANCIAL;-;-;-;-;-;-;-;-;-;42,932;-;-;-;-;-;-;-
DOLN27C006700;BRBMEFCD6887;FINANCIAL;-;-;-;-;-;-;-;-;-;40,046;-;-;-;-;-;-;-
DOLN27C006750;BRBMEFCD6895;FINANCIAL;-;-;-;-;-;-;-;-;-;37,378;-;-;-;-;-;-;-
DOLN27C006800;BRBMEFCD68A4;FINANCIAL;-;-;-;-;-;-;-;-;-;34,986;-;-;-;-;-;-;-
DOLN27C006850;BRBMEFCD68B2;FINANCIAL;-;-;-;-;-;-;-;-;-;32,917;-;-;-;-;-;-;-
DOLN27C006900;BRBMEFCD68C0;FINANCIAL;-;-;-;-;-;-;-;-;-;31;-;-;-;-;-;-;-
DOLN27C006950;BRBMEFCD68D8;FINANCIAL;-;-;-;-;-;-;-;-;-;29,222;-;-;-;-;-;-;-
DOLN27C007000;BRBMEFCD68E6;FINANCIAL;-;-;-;-;-;-;-;-;-;27,637;-;-;-;-;-;-;-
DOLN27P005000;BRBMEFVDR7A5;FINANCIAL;-;-;-;-;-;-;-;-;-;101,523;-;-;-;-;-;-;-
DOLN27P005050;BRBMEFVDR7B3;FINANCIAL;-;-;-;-;-;-;-;-;-;116,288;-;-;-;-;-;-;-
DOLN27P005100;BRBMEFVDR7C1;FINANCIAL;-;-;-;-;-;-;-;-;-;132,507;-;-;-;-;-;-;-
DOLN27P005150;BRBMEFVDR7D9;FINANCIAL;-;-;-;-;-;-;-;-;-;149,896;-;-;-;-;-;-;-
DOLN27P005200;BRBMEFVDR7E7;FINANCIAL;-;-;-;-;-;-;-;-;-;168,766;-;-;-;-;-;-;-
DOLN27P005250;BRBMEFVDR7F4;FINANCIAL;-;-;-;-;-;-;-;-;-;188,963;-;-;-;-;-;-;-
DOLN27P005300;BRBMEFVDR7G2;FINANCIAL;-;-;-;-;-;-;-;-;-;210,473;-;-;-;-;-;-;-
DOLN27P005350;BRBMEFVDR7H0;FINANCIAL;-;-;-;-;-;-;-;-;-;233,448;-;-;-;-;-;-;-
DOLN27P005400;BRBMEFVDR7I8;FINANCIAL;-;-;-;-;-;-;-;-;-;257,695;-;-;-;-;-;-;-
DOLN27P005450;BRBMEFVDR7J6;FINANCIAL;-;-;-;-;-;-;-;-;-;283,178;-;-;-;-;-;-;-
DOLN27P005500;BRBMEFVDR7K4;FINANCIAL;-;-;-;-;-;-;-;-;-;309,86;-;-;-;-;-;-;-
DOLN27P005550;BRBMEFVDR7L2;FINANCIAL;-;-;-;-;-;-;-;-;-;337,873;-;-;-;-;-;-;-
DOLN27P005600;BRBMEFVDR7M0;FINANCIAL;-;-;-;-;-;-;-;-;-;366,997;-;-;-;-;-;-;-
DOLN27P005650;BRBMEFVDR7N8;FINANCIAL;-;-;-;-;-;-;-;-;-;397,182;-;-;-;-;-;-;-
DOLN27P005700;BRBMEFVDR7O6;FINANCIAL;-;-;-;-;-;-;-;-;-;428,379;-;-;-;-;-;-;-
DOLN27P005750;BRBMEFVDR7P3;FINANCIAL;-;-;-;-;-;-;-;-;-;460,536;-;-;-;-;-;-;-
DOLN27P005800;BRBMEFVDR7Q1;FINANCIAL;-;-;-;-;-;-;-;-;-;493,763;-;-;-;-;-;-;-
DOLN27P005850;BRBMEFVDR7R9;FINANCIAL;-;-;-;-;-;-;-;-;-;527,842;-;-;-;-;-;-;-
DOLN27P005900;BRBMEFVDR7S7;FINANCIAL;-;-;-;-;-;-;-;-;-;562,722;-;-;-;-;-;-;-
DOLU27C005900;BRBMEFCS04S9;FINANCIAL;-;-;-;-;-;-;-;-;-;169,197;-;-;-;-;-;-;-
DOLU27C005950;BRBMEFCS04T7;FINANCIAL;-;-;-;-;-;-;-;-;-;158,228;-;-;-;-;-;-;-
DOLU27C006000;BRBMEFCS04U5;FINANCIAL;-;-;-;-;-;-;-;-;-;147,966;-;-;-;-;-;-;-
DOLU27C006050;BRBMEFCS04V3;FINANCIAL;-;-;-;-;-;-;-;-;-;138,371;-;-;-;-;-;-;-
DOLU27C006100;BRBMEFCS04W1;FINANCIAL;-;-;-;-;-;-;-;-;-;129,566;-;-;-;-;-;-;-
DOLU27C006150;BRBMEFCS04X9;FINANCIAL;-;-;-;-;-;-;-;-;-;121,188;-;-;-;-;-;-;-
DOLU27C006200;BRBMEFCS04Y7;FINANCIAL;-;-;-;-;-;-;-;-;-;113,365;-;-;-;-;-;-;-
DOLU27C006250;BRBMEFCS04Z4;FINANCIAL;-;-;-;-;-;-;-;-;-;106,213;-;-;-;-;-;-;-
DOLU27C006300;BRBMEFCS0503;FINANCIAL;-;-;-;-;-;-;-;-;-;99,397;-;-;-;-;-;-;-
DOLU27C006350;BRBMEFCS0511;FINANCIAL;-;-;-;-;-;-;-;-;-;93,039;-;-;-;-;-;-;-
DOLU27C006400;BRBMEFCS0529;FINANCIAL;-;-;-;-;-;-;-;-;-;87,246;-;-;-;-;-;-;-
DOLU27C006450;BRBMEFCS0537;FINANCIAL;-;-;-;-;-;-;-;-;-;81,714;-;-;-;-;-;-;-
DOLU27C006500;BRBMEFCS0545;FINANCIAL;-;-;-;-;-;-;-;-;-;76,557;-;-;-;-;-;-;-
DOLU27C006550;BRBMEFCS0552;FINANCIAL;-;-;-;-;-;-;-;-;-;71,871;-;-;-;-;-;-;-
DOLU27C006600;BRBMEFCS0560;FINANCIAL;-;-;-;-;-;-;-;-;-;67,503;-;-;-;-;-;-;-
DOLU27C006650;BRBMEFCS0578;FINANCIAL;-;-;-;-;-;-;-;-;-;63,317;-;-;-;-;-;-;-
DOLU27C006700;BRBMEFCS0586;FINANCIAL;-;-;-;-;-;-;-;-;-;59,525;-;-;-;-;-;-;-
DOLU27C006750;BRBMEFCS0594;FINANCIAL;-;-;-;-;-;-;-;-;-;55,988;-;-;-;-;-;-;-
DOLU27P004500;BRBMEFVS0492;FINANCIAL;-;-;-;-;-;-;-;-;-;21,786;-;-;-;-;-;-;-
DOLU27P004550;BRBMEFVS04A7;FINANCIAL;-;-;-;-;-;-;-;-;-;26,234;-;-;-;-;-;-;-
DOLU27P004600;BRBMEFVS04B5;FINANCIAL;-;-;-;-;-;-;-;-;-;31,35;-;-;-;-;-;-;-
DOLU27P004650;BRBMEFVS04C3;FINANCIAL;-;-;-;-;-;-;-;-;-;37,28;-;-;-;-;-;-;-
DOLU27P004700;BRBMEFVS04D1;FINANCIAL;-;-;-;-;-;-;-;-;-;44,104;-;-;-;-;-;-;-
DOLU27P004750;BRBMEFVS04E9;FINANCIAL;-;-;-;-;-;-;-;-;-;51,799;-;-;-;-;-;-;-
DOLU27P004800;BRBMEFVS04F6;FINANCIAL;-;-;-;-;-;-;-;-;-;60,416;-;-;-;-;-;-;-
DOLU27P004850;BRBMEFVS04G4;FINANCIAL;-;-;-;-;-;-;-;-;-;70,002;-;-;-;-;-;-;-
DOLU27P004900;BRBMEFVS04H2;FINANCIAL;-;-;-;-;-;-;-;-;-;80,601;-;-;-;-;-;-;-
DOLU27P004950;BRBMEFVS04I0;FINANCIAL;-;-;-;-;-;-;-;-;-;92,25;-;-;-;-;-;-;-
DOLU27P005000;BRBMEFVS04J8;FINANCIAL;-;-;-;-;-;-;-;-;-;105,128;-;-;-;-;-;-;-
DOLU27P005050;BRBMEFVS04K6;FINANCIAL;-;-;-;-;-;-;-;-;-;118,975;-;-;-;-;-;-;-
DOLU27P005100;BRBMEFVS04L4;FINANCIAL;-;-;-;-;-;-;-;-;-;134,273;-;-;-;-;-;-;-
DOLU27P005150;BRBMEFVS04M2;FINANCIAL;-;-;-;-;-;-;-;-;-;150,741;-;-;-;-;-;-;-
DOLU27P005200;BRBMEFVS04N0;FINANCIAL;-;-;-;-;-;-;-;-;-;168,209;-;-;-;-;-;-;-
DOLU27P005250;BRBMEFVS04O8;FINANCIAL;-;-;-;-;-;-;-;-;-;187,018;-;-;-;-;-;-;-
DOLU27P005300;BRBMEFVS04P5;FINANCIAL;-;-;-;-;-;-;-;-;-;206,994;-;-;-;-;-;-;-
DOLU27P005350;BRBMEFVS04Q3;FINANCIAL;-;-;-;-;-;-;-;-;-;228,311;-;-;-;-;-;-;-
DOLU27P005400;BRBMEFVS04R1;FINANCIAL;-;-;-;-;-;-;-;-;-;250,771;-;-;-;-;-;-;-
DOLU27P005450;BRBMEFVS04S9;FINANCIAL;-;-;-;-;-;-;-;-;-;274,353;-;-;-;-;-;-;-
DOLU27P005500;BRBMEFVS04T7;FINANCIAL;-;-;-;-;-;-;-;-;-;299,028;-;-;-;-;-;-;-
DOLU27P005550;BRBMEFVS04U5;FINANCIAL;-;-;-;-;-;-;-;-;-;324,767;-;-;-;-;-;-;-
DOLU27P005600;BRBMEFVS04V3;FINANCIAL;-;-;-;-;-;-;-;-;-;351,726;-;-;-;-;-;-;-
DOLU27P005650;BRBMEFVS04W1;FINANCIAL;-;-;-;-;-;-;-;-;-;379,679;-;-;-;-;-;-;-
DOLU27P005700;BRBMEFVS04X9;FINANCIAL;-;-;-;-;-;-;-;-;-;408,776;-;-;-;-;-;-;-
DOLU27P005750;BRBMEFVS04Y7;FINANCIAL;-;-;-;-;-;-;-;-;-;438,599;-;-;-;-;-;-;-
DOLU27P005800;BRBMEFVS04Z4;FINANCIAL;-;-;-;-;-;-;-;-;-;469,297;-;-;-;-;-;-;-
DOLU27P005850;BRBMEFVS0500;FINANCIAL;-;-;-;-;-;-;-;-;-;500,829;-;-;-;-;-;-;-
DOLU27P005900;BRBMEFVS0518;FINANCIAL;-;-;-;-;-;-;-;-;-;533,333;-;-;-;-;-;-;-
DOLU27P005950;BRBMEFVS0526;FINANCIAL;-;-;-;-;-;-;-;-;-;566,583;-;-;-;-;-;-;-
DOLU27P006000;BRBMEFVS0534;FINANCIAL;-;-;-;-;-;-;-;-;-;600,539;-;-;-;-;-;-;-
DOLU27P006050;BRBMEFVS0542;FINANCIAL;-;-;-;-;-;-;-;-;-;635,163;-;-;-;-;-;-;-
DOLU27P006100;BRBMEFVS0559;FINANCIAL;-;-;-;-;-;-;-;-;-;670,577;-;-;-;-;-;-;-
DOLU27P006150;BRBMEFVS0567;FINANCIAL;-;-;-;-;-;-;-;-;-;706,417;-;-;-;-;-;-;-
DOLU27P006200;BRBMEFVS0575;FINANCIAL;-;-;-;-;-;-;-;-;-;742,813;-;-;-;-;-;-;-
DOLU27P006250;BRBMEFVS0583;FINANCIAL;-;-;-;-;-;-;-;-;-;779,879;-;-;-;-;-;-;-
DOLU27P006300;BRBMEFVS0591;FINANCIAL;-;-;-;-;-;-;-;-;-;817,282;-;-;-;-;-;-;-
DOLU27P006350;BRBMEFVS05A4;FINANCIAL;-;-;-;-;-;-;-;-;-;855,144;-;-;-;-;-;-;-
DOLU27P006400;BRBMEFVS05B2;FINANCIAL;-;-;-;-;-;-;-;-;-;893,569;-;-;-;-;-;-;-
DOLU27P006450;BRBMEFVS05C0;FINANCIAL;-;-;-;-;-;-;-;-;-;932,256;-;-;-;-;-;-;-
DOLU27P006500;BRBMEFVS05D8;FINANCIAL;-;-;-;-;-;-;-;-;-;971,317;-;-;-;-;-;-;-
DOLU27P006550;BRBMEFVS05E6;FINANCIAL;-;-;-;-;-;-;-;-;-;1010,85;-;-;-;-;-;-;-
DOLU27P006600;BRBMEFVS05F3;FINANCIAL;-;-;-;-;-;-;-;-;-;1050,701;-;-;-;-;-;-;-
DOLU27P006650;BRBMEFVS05G1;FINANCIAL;-;-;-;-;-;-;-;-;-;1090,734;-;-;-;-;-;-;-
DOLU27P006700;BRBMEFVS05H9;FINANCIAL;-;-;-;-;-;-;-;-;-;1131,16;-;-;-;-;-;-;-
DOLU27P006750;BRBMEFVS05I7;FINANCIAL;-;-;-;-;-;-;-;-;-;1171,842;-;-;-;-;-;-;-
DOLH27C004550;BRBMEFPC02K6;FINANCIAL;-;-;-;-;-;-;-;-;-;718,976;-;-;-;-;-;-;-
DOLH27C004650;BRBMEFPC02L4;FINANCIAL;-;-;-;-;-;-;-;-;-;633,701;-;-;-;-;-;-;-
DOLH27C004750;BRBMEFPC02M2;FINANCIAL;-;-;-;-;-;-;-;-;-;552,772;-;-;-;-;-;-;-
DOLH27C004850;BRBMEFPC02N0;FINANCIAL;-;-;-;-;-;-;-;-;-;476,909;-;-;-;-;-;-;-
DOLH27C005650;BRBMEFPC02O8;FINANCIAL;-;-;-;-;-;-;-;-;-;106,755;-;-;-;-;-;-;-
DOLH27C005700;BRBMEFPC02P5;FINANCIAL;-;-;-;-;-;-;-;-;-;96,284;-;-;-;-;-;-;-
DOLH27C005950;BRBMEFPC02Q3;FINANCIAL;-;-;-;-;-;-;-;-;-;57,1;-;-;-;-;-;-;-
DOLH27C006050;BRBMEFPC02R1;FINANCIAL;-;-;-;-;-;-;-;-;-;46,418;-;-;-;-;-;-;-
DOLH27P004550;BRBMEFOP02Q8;FINANCIAL;-;-;-;-;-;-;-;-;-;14,82;-;-;-;-;-;-;-
DOLH27P004650;BRBMEFOP02R6;FINANCIAL;-;-;-;-;-;-;-;-;-;23,957;-;-;-;-;-;-;-
DOLH27P004750;BRBMEFOP02S4;FINANCIAL;-;-;-;-;-;-;-;-;-;37,442;-;-;-;-;-;-;-
DOLH27P004850;BRBMEFOP02T2;FINANCIAL;-;-;-;-;-;-;-;-;-;55,992;-;-;-;-;-;-;-
DOLH27P005650;BRBMEFOP02U0;FINANCIAL;-;-;-;-;-;-;-;-;-;441,14;-;-;-;-;-;-;-
DOLH27P005700;BRBMEFOP02V8;FINANCIAL;-;-;-;-;-;-;-;-;-;477,875;-;-;-;-;-;-;-
DOLH27P005950;BRBMEFOP02W6;FINANCIAL;-;-;-;-;-;-;-;-;-;674,723;-;-;-;-;-;-;-
DOLH27P006050;BRBMEFOP02X4;FINANCIAL;-;-;-;-;-;-;-;-;-;758,454;-;-;-;-;-;-;-
DOLJ27C004550;BRBMEFCL19W4;FINANCIAL;-;-;-;-;-;-;-;-;-;744,452;-;-;-;-;-;-;-
DOLJ27C004650;BRBMEFCL19X2;FINANCIAL;-;-;-;-;-;-;-;-;-;660,627;-;-;-;-;-;-;-
DOLJ27C004750;BRBMEFCL19Y0;FINANCIAL;-;-;-;-;-;-;-;-;-;581,048;-;-;-;-;-;-;-
DOLJ27C004850;BRBMEFCL19Z7;FINANCIAL;-;-;-;-;-;-;-;-;-;506,198;-;-;-;-;-;-;-
DOLJ27C005550;BRBMEFCL1A08;FINANCIAL;-;-;-;-;-;-;-;-;-;154,673;-;-;-;-;-;-;-
DOLJ27C005650;BRBMEFCL1A16;FINANCIAL;-;-;-;-;-;-;-;-;-;128,1;-;-;-;-;-;-;-
DOLJ27P004550;BRBMEFVDEAO8;FINANCIAL;-;-;-;-;-;-;-;-;-;16,701;-;-;-;-;-;-;-
DOLJ27P004650;BRBMEFVDEAP5;FINANCIAL;-;-;-;-;-;-;-;-;-;26,246;-;-;-;-;-;-;-
DOLJ27P004750;BRBMEFVDEAQ3;FINANCIAL;-;-;-;-;-;-;-;-;-;40,038;-;-;-;-;-;-;-
DOLJ27P004850;BRBMEFVDEAR1;FINANCIAL;-;-;-;-;-;-;-;-;-;58,559;-;-;-;-;-;-;-
DOLJ27P005550;BRBMEFVDEAS9;FINANCIAL;-;-;-;-;-;-;-;-;-;360,628;-;-;-;-;-;-;-
DOLJ27P005650;BRBMEFVDEAT7;FINANCIAL;-;-;-;-;-;-;-;-;-;427,426;-;-;-;-;-;-;-
DOLK27C004500;BRBMEFCDI6Z8;FINANCIAL;-;-;-;-;-;-;-;-;-;808,199;-;-;-;-;-;-;-
DOLK27C004550;BRBMEFCDI703;FINANCIAL;-;-;-;-;-;-;-;-;-;765,836;-;-;-;-;-;-;-
DOLK27C004600;BRBMEFCDI711;FINANCIAL;-;-;-;-;-;-;-;-;-;724,214;-;-;-;-;-;-;-
DOLK27C004650;BRBMEFCDI729;FINANCIAL;-;-;-;-;-;-;-;-;-;683,421;-;-;-;-;-;-;-
DOLK27C004700;BRBMEFCDI737;FINANCIAL;-;-;-;-;-;-;-;-;-;643,776;-;-;-;-;-;-;-
DOLK27C004750;BRBMEFCDI745;FINANCIAL;-;-;-;-;-;-;-;-;-;605,099;-;-;-;-;-;-;-
DOLK27C004800;BRBMEFCDI752;FINANCIAL;-;-;-;-;-;-;-;-;-;567,637;-;-;-;-;-;-;-
DOLK27C004850;BRBMEFCDI760;FINANCIAL;-;-;-;-;-;-;-;-;-;531,284;-;-;-;-;-;-;-
DOLK27C004900;BRBMEFCDI778;FINANCIAL;-;-;-;-;-;-;-;-;-;496,307;-;-;-;-;-;-;-
DOLK27P004500;BRBMEFVDO6X2;FINANCIAL;-;-;-;-;-;-;-;-;-;14,815;-;-;-;-;-;-;-
DOLK27P004550;BRBMEFVDO6Y0;FINANCIAL;-;-;-;-;-;-;-;-;-;18,646;-;-;-;-;-;-;-
DOLK27P004600;BRBMEFVDO6Z7;FINANCIAL;-;-;-;-;-;-;-;-;-;23,219;-;-;-;-;-;-;-
DOLK27P004650;BRBMEFVDO701;FINANCIAL;-;-;-;-;-;-;-;-;-;28,621;-;-;-;-;-;-;-
DOLK27P004700;BRBMEFVDO719;FINANCIAL;-;-;-;-;-;-;-;-;-;35,171;-;-;-;-;-;-;-
DOLK27P004750;BRBMEFVDO727;FINANCIAL;-;-;-;-;-;-;-;-;-;42,689;-;-;-;-;-;-;-
DOLK27P004800;BRBMEFVDO735;FINANCIAL;-;-;-;-;-;-;-;-;-;51,421;-;-;-;-;-;-;-
DOLK27P004850;BRBMEFVDO743;FINANCIAL;-;-;-;-;-;-;-;-;-;61,262;-;-;-;-;-;-;-
DOLK27P004900;BRBMEFVDO750;FINANCIAL;-;-;-;-;-;-;-;-;-;72,481;-;-;-;-;-;-;-
DOLM27C004500;BRBMEFDM04T8;FINANCIAL;-;-;-;-;-;-;-;-;-;828,705;-;-;-;-;-;-;-
DOLM27C004550;BRBMEFDM04U6;FINANCIAL;-;-;-;-;-;-;-;-;-;787,033;-;-;-;-;-;-;-
DOLM27C004600;BRBMEFDM04V4;FINANCIAL;-;-;-;-;-;-;-;-;-;746,038;-;-;-;-;-;-;-
DOLM27C004650;BRBMEFDM04W2;FINANCIAL;-;-;-;-;-;-;-;-;-;705,847;-;-;-;-;-;-;-
DOLM27C004700;BRBMEFDM04X0;FINANCIAL;-;-;-;-;-;-;-;-;-;666,704;-;-;-;-;-;-;-
DOLM27C004750;BRBMEFDM04Y8;FINANCIAL;-;-;-;-;-;-;-;-;-;628,646;-;-;-;-;-;-;-
DOLM27C004800;BRBMEFDM04Z5;FINANCIAL;-;-;-;-;-;-;-;-;-;591,574;-;-;-;-;-;-;-
DOLM27C004850;BRBMEFDM0508;FINANCIAL;-;-;-;-;-;-;-;-;-;555,637;-;-;-;-;-;-;-
DOLM27C005550;BRBMEFDM0516;FINANCIAL;-;-;-;-;-;-;-;-;-;197,403;-;-;-;-;-;-;-
DOLM27C005650;BRBMEFDM0524;FINANCIAL;-;-;-;-;-;-;-;-;-;167,568;-;-;-;-;-;-;-
DOLM27C005700;BRBMEFDM0532;FINANCIAL;-;-;-;-;-;-;-;-;-;154,239;-;-;-;-;-;-;-
DOLM27C005750;BRBMEFDM0540;FINANCIAL;-;-;-;-;-;-;-;-;-;142,046;-;-;-;-;-;-;-
DOLM27C005800;BRBMEFDM04S0;FINANCIAL;-;-;-;-;-;-;-;-;-;130,772;-;-;-;-;-;-;-
DOLM27C005850;BRBMEFDM0557;FINANCIAL;-;-;-;-;-;-;-;-;-;120,359;-;-;-;-;-;-;-
DOLM27C005900;BRBMEFDM0565;FINANCIAL;-;-;-;-;-;-;-;-;-;110,892;-;-;-;-;-;-;-
DOLM27C005950;BRBMEFDM0573;FINANCIAL;-;-;-;-;-;-;-;-;-;102,033;-;-;-;-;-;-;-
DOLM27C006000;BRBMEFDM0581;FINANCIAL;-;-;-;-;-;-;-;-;-;94,005;-;-;-;-;-;-;-
DOLM27C006050;BRBMEFDM0599;FINANCIAL;-;-;-;-;-;-;-;-;-;86,493;-;-;-;-;-;-;-
DOLM27P004500;BRBMEFPV04T3;FINANCIAL;-;-;-;-;-;-;-;-;-;16,426;-;-;-;-;-;-;-
DOLM27P004550;BRBMEFPV04U1;FINANCIAL;-;-;-;-;-;-;-;-;-;20,482;-;-;-;-;-;-;-
DOLM27P004600;BRBMEFPV04V9;FINANCIAL;-;-;-;-;-;-;-;-;-;25,214;-;-;-;-;-;-;-
DOLM27P004650;BRBMEFPV04W7;FINANCIAL;-;-;-;-;-;-;-;-;-;30,75;-;-;-;-;-;-;-
DOLM27P004700;BRBMEFPV04X5;FINANCIAL;-;-;-;-;-;-;-;-;-;37,335;-;-;-;-;-;-;-
DOLM27P004750;BRBMEFPV04Y3;FINANCIAL;-;-;-;-;-;-;-;-;-;45,005;-;-;-;-;-;-;-
DOLM27P004800;BRBMEFPV04Z0;FINANCIAL;-;-;-;-;-;-;-;-;-;53,66;-;-;-;-;-;-;-
DOLM27P004850;BRBMEFPV0503;FINANCIAL;-;-;-;-;-;-;-;-;-;63,451;-;-;-;-;-;-;-
DOLM27P005550;BRBMEFPV0511;FINANCIAL;-;-;-;-;-;-;-;-;-;345,402;-;-;-;-;-;-;-
DOLM27P005650;BRBMEFPV0529;FINANCIAL;-;-;-;-;-;-;-;-;-;407,022;-;-;-;-;-;-;-
DOLM27P005700;BRBMEFPV0537;FINANCIAL;-;-;-;-;-;-;-;-;-;439,422;-;-;-;-;-;-;-
DOLM27P005750;BRBMEFPV0545;FINANCIAL;-;-;-;-;-;-;-;-;-;472,956;-;-;-;-;-;-;-
DOLM27P005800;BRBMEFPV04S5;FINANCIAL;-;-;-;-;-;-;-;-;-;507,409;-;-;-;-;-;-;-
DOLM27P005850;BRBMEFPV0552;FINANCIAL;-;-;-;-;-;-;-;-;-;542,724;-;-;-;-;-;-;-
DOLM27P005900;BRBMEFPV0560;FINANCIAL;-;-;-;-;-;-;-;-;-;578,984;-;-;-;-;-;-;-
DOLM27P005950;BRBMEFPV0578;FINANCIAL;-;-;-;-;-;-;-;-;-;615,854;-;-;-;-;-;-;-
DOLM27P006000;BRBMEFPV0586;FINANCIAL;-;-;-;-;-;-;-;-;-;653,553;-;-;-;-;-;-;-
DOLM27P006050;BRBMEFPV0594;FINANCIAL;-;-;-;-;-;-;-;-;-;691,768;-;-;-;-;-;-;-
DOLN27C004500;BRBMEFCD6EC8;FINANCIAL;-;-;-;-;-;-;-;-;-;851,413;-;-;-;-;-;-;-
DOLN27C004600;BRBMEFCD6ED6;FINANCIAL;-;-;-;-;-;-;-;-;-;770;-;-;-;-;-;-;-
DOLN27C004650;BRBMEFCD6EE4;FINANCIAL;-;-;-;-;-;-;-;-;-;730,443;-;-;-;-;-;-;-
DOLN27C004700;BRBMEFCD6EF1;FINANCIAL;-;-;-;-;-;-;-;-;-;691,923;-;-;-;-;-;-;-
DOLN27C004750;BRBMEFCD6EG9;FINANCIAL;-;-;-;-;-;-;-;-;-;654,369;-;-;-;-;-;-;-
DOLN27C004800;BRBMEFCD6EH7;FINANCIAL;-;-;-;-;-;-;-;-;-;617,846;-;-;-;-;-;-;-
DOLN27C004850;BRBMEFCD6EI5;FINANCIAL;-;-;-;-;-;-;-;-;-;582,417;-;-;-;-;-;-;-
DOLN27P004500;BRBMEFVDREC7;FINANCIAL;-;-;-;-;-;-;-;-;-;17,705;-;-;-;-;-;-;-
DOLN27P004600;BRBMEFVDRED5;FINANCIAL;-;-;-;-;-;-;-;-;-;26,728;-;-;-;-;-;-;-
DOLN27P004650;BRBMEFVDREE3;FINANCIAL;-;-;-;-;-;-;-;-;-;32,389;-;-;-;-;-;-;-
DOLN27P004700;BRBMEFVDREF0;FINANCIAL;-;-;-;-;-;-;-;-;-;39,086;-;-;-;-;-;-;-
DOLN27P004750;BRBMEFVDREG8;FINANCIAL;-;-;-;-;-;-;-;-;-;46,75;-;-;-;-;-;-;-
DOLN27P004800;BRBMEFVDREH6;FINANCIAL;-;-;-;-;-;-;-;-;-;55,446;-;-;-;-;-;-;-
DOLN27P004850;BRBMEFVDREI4;FINANCIAL;-;-;-;-;-;-;-;-;-;65,235;-;-;-;-;-;-;-
DOLX26C004525;BRBMEFDC0583;FINANCIAL;-;-;-;-;-;-;-;-;-;650,511;-;-;-;-;-;-;-
DOLX26C004575;BRBMEFDC0591;FINANCIAL;-;-;-;-;-;-;-;-;-;603,26;-;-;-;-;-;-;-
DOLX26C004625;BRBMEFDC05A6;FINANCIAL;-;-;-;-;-;-;-;-;-;556,658;-;-;-;-;-;-;-
DOLX26C004675;BRBMEFDC05B4;FINANCIAL;-;-;-;-;-;-;-;-;-;510,847;-;-;-;-;-;-;-
DOLX26C005775;BRBMEFDC05C2;FINANCIAL;-;-;-;-;-;-;-;-;-;17,269;-;-;-;-;-;-;-
DOLX26C005825;BRBMEFDC05D0;FINANCIAL;-;-;-;-;-;-;-;-;-;14,436;-;-;-;-;-;-;-
DOLX26C005875;BRBMEFDC05E8;FINANCIAL;-;-;-;-;-;-;-;-;-;12,104;-;-;-;-;-;-;-
DOLX26C005925;BRBMEFDC05F5;FINANCIAL;-;-;-;-;-;-;-;-;-;10,164;-;-;-;-;-;-;-
DOLX26C005975;BRBMEFDC05G3;FINANCIAL;-;-;-;-;-;-;-;-;-;8,529;-;-;-;-;-;-;-
DOLX26P004525;BRBMEFVDY7Q2;FINANCIAL;-;-;-;-;-;-;-;-;-;4,354;-;-;-;-;-;-;-
DOLX26P004575;BRBMEFVDY7R0;FINANCIAL;-;-;-;-;-;-;-;-;-;6,219;-;-;-;-;-;-;-
DOLX26P004625;BRBMEFVDY7S8;FINANCIAL;-;-;-;-;-;-;-;-;-;8,735;-;-;-;-;-;-;-
DOLX26P004675;BRBMEFVDY7T6;FINANCIAL;-;-;-;-;-;-;-;-;-;12,04;-;-;-;-;-;-;-
DOLX26P005775;BRBMEFVDY7U4;FINANCIAL;-;-;-;-;-;-;-;-;-;599,031;-;-;-;-;-;-;-
DOLX26P005825;BRBMEFVDY7V2;FINANCIAL;-;-;-;-;-;-;-;-;-;645,314;-;-;-;-;-;-;-
DOLX26P005875;BRBMEFVDY7W0;FINANCIAL;-;-;-;-;-;-;-;-;-;692,1;-;-;-;-;-;-;-
DOLX26P005925;BRBMEFVDY7X8;FINANCIAL;-;-;-;-;-;-;-;-;-;739,276;-;-;-;-;-;-;-
DOLX26P005975;BRBMEFVDY7Y6;FINANCIAL;-;-;-;-;-;-;-;-;-;786,758;-;-;-;-;-;-;-
DOLN27P005950;BRBMEFVDR7T5;FINANCIAL;-;-;-;-;-;-;-;-;-;598,353;-;-;-;-;-;-;-
DOLN27P006000;BRBMEFVDR7U3;FINANCIAL;-;-;-;-;-;-;-;-;-;634,688;-;-;-;-;-;-;-
DOLN27P006050;BRBMEFVDR7V1;FINANCIAL;-;-;-;-;-;-;-;-;-;671,681;-;-;-;-;-;-;-
DOLN27P006100;BRBMEFVDR7W9;FINANCIAL;-;-;-;-;-;-;-;-;-;709,287;-;-;-;-;-;-;-
DOLN27P006150;BRBMEFVDR7X7;FINANCIAL;-;-;-;-;-;-;-;-;-;747,595;-;-;-;-;-;-;-
DOLN27P006200;BRBMEFVDR7Y5;FINANCIAL;-;-;-;-;-;-;-;-;-;786,299;-;-;-;-;-;-;-
DOLN27P006250;BRBMEFVDR7Z2;FINANCIAL;-;-;-;-;-;-;-;-;-;825,496;-;-;-;-;-;-;-
DOLN27P006300;BRBMEFVDR803;FINANCIAL;-;-;-;-;-;-;-;-;-;865,268;-;-;-;-;-;-;-
DOLN27P006350;BRBMEFVDR811;FINANCIAL;-;-;-;-;-;-;-;-;-;905,455;-;-;-;-;-;-;-
DOLN27P006400;BRBMEFVDR829;FINANCIAL;-;-;-;-;-;-;-;-;-;945,918;-;-;-;-;-;-;-
DOLN27P006450;BRBMEFVDR837;FINANCIAL;-;-;-;-;-;-;-;-;-;986,848;-;-;-;-;-;-;-
DOLN27P006500;BRBMEFVDR845;FINANCIAL;-;-;-;-;-;-;-;-;-;1028,105;-;-;-;-;-;-;-
DOLN27P006550;BRBMEFVDR852;FINANCIAL;-;-;-;-;-;-;-;-;-;1069,664;-;-;-;-;-;-;-
DOLN27P006600;BRBMEFVDR860;FINANCIAL;-;-;-;-;-;-;-;-;-;1111,502;-;-;-;-;-;-;-
DOLN27P006650;BRBMEFVDR878;FINANCIAL;-;-;-;-;-;-;-;-;-;1153,597;-;-;-;-;-;-;-
DOLN27P006700;BRBMEFVDR886;FINANCIAL;-;-;-;-;-;-;-;-;-;1195,929;-;-;-;-;-;-;-
DOLN27P006750;BRBMEFVDR894;FINANCIAL;-;-;-;-;-;-;-;-;-;1238,479;-;-;-;-;-;-;-
DOLN27P006800;BRBMEFVDR8A3;FINANCIAL;-;-;-;-;-;-;-;-;-;1281,305;-;-;-;-;-;-;-
DOLN27P006850;BRBMEFVDR8B1;FINANCIAL;-;-;-;-;-;-;-;-;-;1324,454;-;-;-;-;-;-;-
DOLN27P006900;BRBMEFVDR8C9;FINANCIAL;-;-;-;-;-;-;-;-;-;1367,755;-;-;-;-;-;-;-
DOLN27P006950;BRBMEFVDR8D7;FINANCIAL;-;-;-;-;-;-;-;-;-;1411,195;-;-;-;-;-;-;-
DOLN27P007000;BRBMEFVDR8E5;FINANCIAL;-;-;-;-;-;-;-;-;-;1454,828;-;-;-;-;-;-;-
DOLN28C005000;BRBMEFCD68F3;FINANCIAL;-;-;-;-;-;-;-;-;-;750,049;-;-;-;-;-;-;-
DOLN28C005050;BRBMEFCD68G1;FINANCIAL;-;-;-;-;-;-;-;-;-;721,356;-;-;-;-;-;-;-
DOLN28C005100;BRBMEFCD68H9;FINANCIAL;-;-;-;-;-;-;-;-;-;693,199;-;-;-;-;-;-;-
DOLN28C005150;BRBMEFCD68I7;FINANCIAL;-;-;-;-;-;-;-;-;-;665,758;-;-;-;-;-;-;-
DOLN28C005200;BRBMEFCD68J5;FINANCIAL;-;-;-;-;-;-;-;-;-;639,041;-;-;-;-;-;-;-
DOLN28C005250;BRBMEFCD68K3;FINANCIAL;-;-;-;-;-;-;-;-;-;613,464;-;-;-;-;-;-;-
DOLN28C005300;BRBMEFCD68L1;FINANCIAL;-;-;-;-;-;-;-;-;-;588,438;-;-;-;-;-;-;-
DOLN28C005350;BRBMEFCD68M9;FINANCIAL;-;-;-;-;-;-;-;-;-;564,376;-;-;-;-;-;-;-
DOLN28C005400;BRBMEFCD68N7;FINANCIAL;-;-;-;-;-;-;-;-;-;540,853;-;-;-;-;-;-;-
DOLN28C005450;BRBMEFCD68O5;FINANCIAL;-;-;-;-;-;-;-;-;-;518,303;-;-;-;-;-;-;-
DOLN28C005500;BRBMEFCD68P2;FINANCIAL;-;-;-;-;-;-;-;-;-;496,274;-;-;-;-;-;-;-
DOLN28C005550;BRBMEFCD68Q0;FINANCIAL;-;-;-;-;-;-;-;-;-;475,215;-;-;-;-;-;-;-
DOLN28C005600;BRBMEFCD68R8;FINANCIAL;-;-;-;-;-;-;-;-;-;454,893;-;-;-;-;-;-;-
DOLN28C005650;BRBMEFCD68S6;FINANCIAL;-;-;-;-;-;-;-;-;-;435,536;-;-;-;-;-;-;-
DOLN28C005700;BRBMEFCD68T4;FINANCIAL;-;-;-;-;-;-;-;-;-;416,658;-;-;-;-;-;-;-
DOLN28C005750;BRBMEFCD68U2;FINANCIAL;-;-;-;-;-;-;-;-;-;398,725;-;-;-;-;-;-;-
DOLN28C005800;BRBMEFCD68V0;FINANCIAL;-;-;-;-;-;-;-;-;-;381,483;-;-;-;-;-;-;-
DOLN28C005850;BRBMEFCD68W8;FINANCIAL;-;-;-;-;-;-;-;-;-;364,67;-;-;-;-;-;-;-
DOLN28C005900;BRBMEFCD68X6;FINANCIAL;-;-;-;-;-;-;-;-;-;348,762;-;-;-;-;-;-;-
DOLN28C005950;BRBMEFCD68Y4;FINANCIAL;-;-;-;-;-;-;-;-;-;333,495;-;-;-;-;-;-;-
DOLN28C006000;BRBMEFCD68Z1;FINANCIAL;-;-;-;-;-;-;-;-;-;318,853;-;-;-;-;-;-;-
DOLN28C006050;BRBMEFCD6903;FINANCIAL;-;-;-;-;-;-;-;-;-;304,818;-;-;-;-;-;-;-
DOLN28C006100;BRBMEFCD6911;FINANCIAL;-;-;-;-;-;-;-;-;-;291,616;-;-;-;-;-;-;-
DOLN28C006150;BRBMEFCD6929;FINANCIAL;-;-;-;-;-;-;-;-;-;278,738;-;-;-;-;-;-;-
DOLN28C006200;BRBMEFCD6937;FINANCIAL;-;-;-;-;-;-;-;-;-;266,652;-;-;-;-;-;-;-
DOLN28C006250;BRBMEFCD6945;FINANCIAL;-;-;-;-;-;-;-;-;-;254,855;-;-;-;-;-;-;-
DOLN28C006300;BRBMEFCD6952;FINANCIAL;-;-;-;-;-;-;-;-;-;243,808;-;-;-;-;-;-;-
DOLN28C006350;BRBMEFCD6960;FINANCIAL;-;-;-;-;-;-;-;-;-;233,018;-;-;-;-;-;-;-
DOLN28C006400;BRBMEFCD6978;FINANCIAL;-;-;-;-;-;-;-;-;-;222,936;-;-;-;-;-;-;-
DOLN28C006450;BRBMEFCD6986;FINANCIAL;-;-;-;-;-;-;-;-;-;213,307;-;-;-;-;-;-;-
DOLN28C006500;BRBMEFCD6994;FINANCIAL;-;-;-;-;-;-;-;-;-;204,114;-;-;-;-;-;-;-
DOLN28C006550;BRBMEFCD69A2;FINANCIAL;-;-;-;-;-;-;-;-;-;195,338;-;-;-;-;-;-;-
DOLN28C006600;BRBMEFCD69B0;FINANCIAL;-;-;-;-;-;-;-;-;-;187,182;-;-;-;-;-;-;-
DOLN28C006650;BRBMEFCD69C8;FINANCIAL;-;-;-;-;-;-;-;-;-;179,185;-;-;-;-;-;-;-
DOLN28C006700;BRBMEFCD69D6;FINANCIAL;-;-;-;-;-;-;-;-;-;171,556;-;-;-;-;-;-;-
DOLN28C006750;BRBMEFCD69E4;FINANCIAL;-;-;-;-;-;-;-;-;-;164,487;-;-;-;-;-;-;-
DOLN28C006800;BRBMEFCD69F1;FINANCIAL;-;-;-;-;-;-;-;-;-;157,54;-;-;-;-;-;-;-
DOLN28C006850;BRBMEFCD69G9;FINANCIAL;-;-;-;-;-;-;-;-;-;150,913;-;-;-;-;-;-;-
DOLN28C006900;BRBMEFCD69H7;FINANCIAL;-;-;-;-;-;-;-;-;-;144,792;-;-;-;-;-;-;-
DOLN28C006950;BRBMEFCD69I5;FINANCIAL;-;-;-;-;-;-;-;-;-;138,761;-;-;-;-;-;-;-
DOLN28C007000;BRBMEFCD69J3;FINANCIAL;-;-;-;-;-;-;-;-;-;133,008;-;-;-;-;-;-;-
DOLN28P005000;BRBMEFVDR8F2;FINANCIAL;-;-;-;-;-;-;-;-;-;106,349;-;-;-;-;-;-;-
DOLN28P005050;BRBMEFVDR8G0;FINANCIAL;-;-;-;-;-;-;-;-;-;117,375;-;-;-;-;-;-;-
DOLN28P005100;BRBMEFVDR8H8;FINANCIAL;-;-;-;-;-;-;-;-;-;128,936;-;-;-;-;-;-;-
DOLN28P005150;BRBMEFVDR8I6;FINANCIAL;-;-;-;-;-;-;-;-;-;141,213;-;-;-;-;-;-;-
DOLN28P005200;BRBMEFVDR8J4;FINANCIAL;-;-;-;-;-;-;-;-;-;154,215;-;-;-;-;-;-;-
DOLN28P005250;BRBMEFVDR8K2;FINANCIAL;-;-;-;-;-;-;-;-;-;168,357;-;-;-;-;-;-;-
DOLN28P005300;BRBMEFVDR8L0;FINANCIAL;-;-;-;-;-;-;-;-;-;183,048;-;-;-;-;-;-;-
DOLN28P005350;BRBMEFVDR8M8;FINANCIAL;-;-;-;-;-;-;-;-;-;198,705;-;-;-;-;-;-;-
DOLN28P005400;BRBMEFVDR8N6;FINANCIAL;-;-;-;-;-;-;-;-;-;214,901;-;-;-;-;-;-;-
DOLN28P005450;BRBMEFVDR8O4;FINANCIAL;-;-;-;-;-;-;-;-;-;232,069;-;-;-;-;-;-;-
DOLN28P005500;BRBMEFVDR8P1;FINANCIAL;-;-;-;-;-;-;-;-;-;249,758;-;-;-;-;-;-;-
DOLN28P005550;BRBMEFVDR8Q9;FINANCIAL;-;-;-;-;-;-;-;-;-;268,418;-;-;-;-;-;-;-
DOLN28P005600;BRBMEFVDR8R7;FINANCIAL;-;-;-;-;-;-;-;-;-;287,814;-;-;-;-;-;-;-
DOLN28P005650;BRBMEFVDR8S5;FINANCIAL;-;-;-;-;-;-;-;-;-;308,176;-;-;-;-;-;-;-
DOLN28P005700;BRBMEFVDR8T3;FINANCIAL;-;-;-;-;-;-;-;-;-;329,016;-;-;-;-;-;-;-
DOLN28P005750;BRBMEFVDR8U1;FINANCIAL;-;-;-;-;-;-;-;-;-;350,801;-;-;-;-;-;-;-
DOLN28P005800;BRBMEFVDR8V9;FINANCIAL;-;-;-;-;-;-;-;-;-;373,278;-;-;-;-;-;-;-
DOLN28P005850;BRBMEFVDR8W7;FINANCIAL;-;-;-;-;-;-;-;-;-;396,183;-;-;-;-;-;-;-
DOLN28P005900;BRBMEFVDR8X5;FINANCIAL;-;-;-;-;-;-;-;-;-;419,993;-;-;-;-;-;-;-
DOLN28P005950;BRBMEFVDR8Y3;FINANCIAL;-;-;-;-;-;-;-;-;-;444,445;-;-;-;-;-;-;-
DOLN28P006000;BRBMEFVDR8Z0;FINANCIAL;-;-;-;-;-;-;-;-;-;469,522;-;-;-;-;-;-;-
DOLN28P006050;BRBMEFVDR902;FINANCIAL;-;-;-;-;-;-;-;-;-;495,205;-;-;-;-;-;-;-
DOLN28P006100;BRBMEFVDR910;FINANCIAL;-;-;-;-;-;-;-;-;-;521,721;-;-;-;-;-;-;-
DOLN28P006150;BRBMEFVDR928;FINANCIAL;-;-;-;-;-;-;-;-;-;548,561;-;-;-;-;-;-;-
DOLN28P006200;BRBMEFVDR936;FINANCIAL;-;-;-;-;-;-;-;-;-;576,194;-;-;-;-;-;-;-
DOLN28P006250;BRBMEFVDR944;FINANCIAL;-;-;-;-;-;-;-;-;-;604,115;-;-;-;-;-;-;-
DOLN28P006300;BRBMEFVDR951;FINANCIAL;-;-;-;-;-;-;-;-;-;632,787;-;-;-;-;-;-;-
DOLN28P006350;BRBMEFVDR969;FINANCIAL;-;-;-;-;-;-;-;-;-;661,715;-;-;-;-;-;-;-
DOLN28P006400;BRBMEFVDR977;FINANCIAL;-;-;-;-;-;-;-;-;-;691,352;-;-;-;-;-;-;-
DOLN28P006450;BRBMEFVDR985;FINANCIAL;-;-;-;-;-;-;-;-;-;721,442;-;-;-;-;-;-;-
DOLN28P006500;BRBMEFVDR993;FINANCIAL;-;-;-;-;-;-;-;-;-;751,966;-;-;-;-;-;-;-
DOLN28P006550;BRBMEFVDR9A1;FINANCIAL;-;-;-;-;-;-;-;-;-;782,909;-;-;-;-;-;-;-
DOLN28P006600;BRBMEFVDR9B9;FINANCIAL;-;-;-;-;-;-;-;-;-;814,471;-;-;-;-;-;-;-
DOLN28P006650;BRBMEFVDR9C7;FINANCIAL;-;-;-;-;-;-;-;-;-;846,193;-;-;-;-;-;-;-
DOLN28P006700;BRBMEFVDR9D5;FINANCIAL;-;-;-;-;-;-;-;-;-;878,282;-;-;-;-;-;-;-
DOLN28P006750;BRBMEFVDR9E3;FINANCIAL;-;-;-;-;-;-;-;-;-;910,932;-;-;-;-;-;-;-
DOLN28P006800;BRBMEFVDR9F0;FINANCIAL;-;-;-;-;-;-;-;-;-;943,703;-;-;-;-;-;-;-
DOLN28P006850;BRBMEFVDR9G8;FINANCIAL;-;-;-;-;-;-;-;-;-;976,795;-;-;-;-;-;-;-
DOLN28P006900;BRBMEFVDR9H6;FINANCIAL;-;-;-;-;-;-;-;-;-;1010,392;-;-;-;-;-;-;-
DOLN28P006950;BRBMEFVDR9I4;FINANCIAL;-;-;-;-;-;-;-;-;-;1044,079;-;-;-;-;-;-;-
DOLN28P007000;BRBMEFVDR9J2;FINANCIAL;-;-;-;-;-;-;-;-;-;1078,045;-;-;-;-;-;-;-
DOLN29C005000;BRBMEFCD69K1;FINANCIAL;-;-;-;-;-;-;-;-;-;953,316;-;-;-;-;-;-;-
DOLN29C005050;BRBMEFCD69L9;FINANCIAL;-;-;-;-;-;-;-;-;-;926,544;-;-;-;-;-;-;-
DOLN29C005100;BRBMEFCD69M7;FINANCIAL;-;-;-;-;-;-;-;-;-;900,412;-;-;-;-;-;-;-
DOLN29C005150;BRBMEFCD69N5;FINANCIAL;-;-;-;-;-;-;-;-;-;874,569;-;-;-;-;-;-;-
DOLN29C005200;BRBMEFCD69O3;FINANCIAL;-;-;-;-;-;-;-;-;-;849,396;-;-;-;-;-;-;-
DOLN29C005250;BRBMEFCD69P0;FINANCIAL;-;-;-;-;-;-;-;-;-;824,51;-;-;-;-;-;-;-
DOLN29C005300;BRBMEFCD69Q8;FINANCIAL;-;-;-;-;-;-;-;-;-;800,106;-;-;-;-;-;-;-
DOLN29C005350;BRBMEFCD69R6;FINANCIAL;-;-;-;-;-;-;-;-;-;776,409;-;-;-;-;-;-;-
DOLN29C005400;BRBMEFCD69S4;FINANCIAL;-;-;-;-;-;-;-;-;-;752,991;-;-;-;-;-;-;-
DOLN29C005450;BRBMEFCD69T2;FINANCIAL;-;-;-;-;-;-;-;-;-;730,298;-;-;-;-;-;-;-
DOLN29C005500;BRBMEFCD69U0;FINANCIAL;-;-;-;-;-;-;-;-;-;708,113;-;-;-;-;-;-;-
DOLN29C005550;BRBMEFCD69V8;FINANCIAL;-;-;-;-;-;-;-;-;-;686,436;-;-;-;-;-;-;-
DOLN29C005600;BRBMEFCD69W6;FINANCIAL;-;-;-;-;-;-;-;-;-;665,514;-;-;-;-;-;-;-
DOLN29C005650;BRBMEFCD69X4;FINANCIAL;-;-;-;-;-;-;-;-;-;644,857;-;-;-;-;-;-;-
DOLN29C005700;BRBMEFCD69Y2;FINANCIAL;-;-;-;-;-;-;-;-;-;624,961;-;-;-;-;-;-;-
DOLN29C005750;BRBMEFCD69Z9;FINANCIAL;-;-;-;-;-;-;-;-;-;605,316;-;-;-;-;-;-;-
DOLN29C005800;BRBMEFCD6A00;FINANCIAL;-;-;-;-;-;-;-;-;-;586,434;-;-;-;-;-;-;-
DOLN29C005850;BRBMEFCD6A18;FINANCIAL;-;-;-;-;-;-;-;-;-;567,786;-;-;-;-;-;-;-
DOLN29C005900;BRBMEFCD6A26;FINANCIAL;-;-;-;-;-;-;-;-;-;549,901;-;-;-;-;-;-;-
DOLN29C005950;BRBMEFCD6A34;FINANCIAL;-;-;-;-;-;-;-;-;-;532,507;-;-;-;-;-;-;-
DOLN29C006000;BRBMEFCD6A42;FINANCIAL;-;-;-;-;-;-;-;-;-;515,599;-;-;-;-;-;-;-
DOLN29C006050;BRBMEFCD6A59;FINANCIAL;-;-;-;-;-;-;-;-;-;499,169;-;-;-;-;-;-;-
DOLN29C006100;BRBMEFCD6A67;FINANCIAL;-;-;-;-;-;-;-;-;-;483,211;-;-;-;-;-;-;-
DOLN29C006150;BRBMEFCD6A75;FINANCIAL;-;-;-;-;-;-;-;-;-;467,715;-;-;-;-;-;-;-
DOLN29C006200;BRBMEFCD6A83;FINANCIAL;-;-;-;-;-;-;-;-;-;452,96;-;-;-;-;-;-;-
DOLN29C006250;BRBMEFCD6A91;FINANCIAL;-;-;-;-;-;-;-;-;-;438,368;-;-;-;-;-;-;-
DOLN29C006300;BRBMEFCD6AA0;FINANCIAL;-;-;-;-;-;-;-;-;-;424,214;-;-;-;-;-;-;-
DOLN29C006350;BRBMEFCD6AB8;FINANCIAL;-;-;-;-;-;-;-;-;-;410,49;-;-;-;-;-;-;-
DOLN29C006400;BRBMEFCD6AC6;FINANCIAL;-;-;-;-;-;-;-;-;-;397,474;-;-;-;-;-;-;-
DOLN29C006450;BRBMEFCD6AD4;FINANCIAL;-;-;-;-;-;-;-;-;-;384,582;-;-;-;-;-;-;-
DOLN29C006500;BRBMEFCD6AE2;FINANCIAL;-;-;-;-;-;-;-;-;-;372,379;-;-;-;-;-;-;-
DOLN29C006550;BRBMEFCD6AF9;FINANCIAL;-;-;-;-;-;-;-;-;-;360,281;-;-;-;-;-;-;-
DOLN29C006600;BRBMEFCD6AG7;FINANCIAL;-;-;-;-;-;-;-;-;-;348,853;-;-;-;-;-;-;-
DOLN29C006650;BRBMEFCD6AH5;FINANCIAL;-;-;-;-;-;-;-;-;-;337,798;-;-;-;-;-;-;-
DOLN29C006700;BRBMEFCD6AI3;FINANCIAL;-;-;-;-;-;-;-;-;-;327,104;-;-;-;-;-;-;-
DOLN29C006750;BRBMEFCD6AJ1;FINANCIAL;-;-;-;-;-;-;-;-;-;316,763;-;-;-;-;-;-;-
DOLN29C006800;BRBMEFCD6AK9;FINANCIAL;-;-;-;-;-;-;-;-;-;306,763;-;-;-;-;-;-;-
DOLN29C006850;BRBMEFCD6AL7;FINANCIAL;-;-;-;-;-;-;-;-;-;296,815;-;-;-;-;-;-;-
DOLN29C006900;BRBMEFCD6AM5;FINANCIAL;-;-;-;-;-;-;-;-;-;287,472;-;-;-;-;-;-;-
DOLN29C006950;BRBMEFCD6AN3;FINANCIAL;-;-;-;-;-;-;-;-;-;278,443;-;-;-;-;-;-;-
DOLN29C007000;BRBMEFCD6AO1;FINANCIAL;-;-;-;-;-;-;-;-;-;269,717;-;-;-;-;-;-;-
DOLN29P005000;BRBMEFVDR9K0;FINANCIAL;-;-;-;-;-;-;-;-;-;92,295;-;-;-;-;-;-;-
DOLN29P005050;BRBMEFVDR9L8;FINANCIAL;-;-;-;-;-;-;-;-;-;100,333;-;-;-;-;-;-;-
DOLN29P005100;BRBMEFVDR9M6;FINANCIAL;-;-;-;-;-;-;-;-;-;109,012;-;-;-;-;-;-;-
DOLN29P005150;BRBMEFVDR9N4;FINANCIAL;-;-;-;-;-;-;-;-;-;117,979;-;-;-;-;-;-;-
DOLN29P005200;BRBMEFVDR9O2;FINANCIAL;-;-;-;-;-;-;-;-;-;127,616;-;-;-;-;-;-;-
DOLN29P005250;BRBMEFVDR9P9;FINANCIAL;-;-;-;-;-;-;-;-;-;137,54;-;-;-;-;-;-;-
DOLN29P005300;BRBMEFVDR9Q7;FINANCIAL;-;-;-;-;-;-;-;-;-;147,947;-;-;-;-;-;-;-
DOLN29P005350;BRBMEFVDR9R5;FINANCIAL;-;-;-;-;-;-;-;-;-;159,06;-;-;-;-;-;-;-
DOLN29P005400;BRBMEFVDR9S3;FINANCIAL;-;-;-;-;-;-;-;-;-;170,453;-;-;-;-;-;-;-
DOLN29P005450;BRBMEFVDR9T1;FINANCIAL;-;-;-;-;-;-;-;-;-;182,57;-;-;-;-;-;-;-
DOLN29P005500;BRBMEFVDR9U9;FINANCIAL;-;-;-;-;-;-;-;-;-;195,195;-;-;-;-;-;-;-
DOLN29P005550;BRBMEFVDR9V7;FINANCIAL;-;-;-;-;-;-;-;-;-;208,328;-;-;-;-;-;-;-
DOLN29P005600;BRBMEFVDR9W5;FINANCIAL;-;-;-;-;-;-;-;-;-;222,217;-;-;-;-;-;-;-
DOLN29P005650;BRBMEFVDR9X3;FINANCIAL;-;-;-;-;-;-;-;-;-;236,37;-;-;-;-;-;-;-
DOLN29P005700;BRBMEFVDR9Y1;FINANCIAL;-;-;-;-;-;-;-;-;-;251,284;-;-;-;-;-;-;-
DOLN29P005750;BRBMEFVDR9Z8;FINANCIAL;-;-;-;-;-;-;-;-;-;266,449;-;-;-;-;-;-;-
DOLN29P005800;BRBMEFVDRA09;FINANCIAL;-;-;-;-;-;-;-;-;-;282,378;-;-;-;-;-;-;-
DOLN29P005850;BRBMEFVDRA17;FINANCIAL;-;-;-;-;-;-;-;-;-;298,541;-;-;-;-;-;-;-
DOLN29P005900;BRBMEFVDRA25;FINANCIAL;-;-;-;-;-;-;-;-;-;315,466;-;-;-;-;-;-;-
DOLN29P005950;BRBMEFVDRA33;FINANCIAL;-;-;-;-;-;-;-;-;-;332,883;-;-;-;-;-;-;-
DOLN29P006000;BRBMEFVDRA41;FINANCIAL;-;-;-;-;-;-;-;-;-;350,785;-;-;-;-;-;-;-
DOLN29P006050;BRBMEFVDRA58;FINANCIAL;-;-;-;-;-;-;-;-;-;369,165;-;-;-;-;-;-;-
DOLN29P006100;BRBMEFVDRA66;FINANCIAL;-;-;-;-;-;-;-;-;-;388,017;-;-;-;-;-;-;-
DOLN29P006150;BRBMEFVDRA74;FINANCIAL;-;-;-;-;-;-;-;-;-;407,332;-;-;-;-;-;-;-
DOLN29P006200;BRBMEFVDRA82;FINANCIAL;-;-;-;-;-;-;-;-;-;427,387;-;-;-;-;-;-;-
DOLN29P006250;BRBMEFVDRA90;FINANCIAL;-;-;-;-;-;-;-;-;-;447,605;-;-;-;-;-;-;-
DOLN29P006300;BRBMEFVDRAA9;FINANCIAL;-;-;-;-;-;-;-;-;-;468,262;-;-;-;-;-;-;-
DOLN29P006350;BRBMEFVDRAB7;FINANCIAL;-;-;-;-;-;-;-;-;-;489,348;-;-;-;-;-;-;-
DOLN29P006400;BRBMEFVDRAC5;FINANCIAL;-;-;-;-;-;-;-;-;-;511,143;-;-;-;-;-;-;-
DOLN29P006450;BRBMEFVDRAD3;FINANCIAL;-;-;-;-;-;-;-;-;-;533,06;-;-;-;-;-;-;-
DOLN29P006500;BRBMEFVDRAE1;FINANCIAL;-;-;-;-;-;-;-;-;-;555,668;-;-;-;-;-;-;-
DOLN29P006550;BRBMEFVDRAF8;FINANCIAL;-;-;-;-;-;-;-;-;-;578,38;-;-;-;-;-;-;-
DOLN29P006600;BRBMEFVDRAG6;FINANCIAL;-;-;-;-;-;-;-;-;-;601,763;-;-;-;-;-;-;-
DOLN29P006650;BRBMEFVDRAH4;FINANCIAL;-;-;-;-;-;-;-;-;-;625,518;-;-;-;-;-;-;-
DOLN29P006700;BRBMEFVDRAI2;FINANCIAL;-;-;-;-;-;-;-;-;-;649,634;-;-;-;-;-;-;-
DOLN29P006750;BRBMEFVDRAJ0;FINANCIAL;-;-;-;-;-;-;-;-;-;674,103;-;-;-;-;-;-;-
DOLN29P006800;BRBMEFVDRAK8;FINANCIAL;-;-;-;-;-;-;-;-;-;698,914;-;-;-;-;-;-;-
DOLN29P006850;BRBMEFVDRAL6;FINANCIAL;-;-;-;-;-;-;-;-;-;723,776;-;-;-;-;-;-;-
DOLN29P006900;BRBMEFVDRAM4;FINANCIAL;-;-;-;-;-;-;-;-;-;749,243;-;-;-;-;-;-;-
DOLN29P006950;BRBMEFVDRAN2;FINANCIAL;-;-;-;-;-;-;-;-;-;775,024;-;-;-;-;-;-;-
DOLN29P007000;BRBMEFVDRAO0;FINANCIAL;-;-;-;-;-;-;-;-;-;801,109;-;-;-;-;-;-;-
DOLV26C005750;BRBMEFCD44C1;FINANCIAL;-;-;-;-;-;-;-;-;-;0,055;-;-;-;-;-;-;-
DOLV26C005850;BRBMEFCD44D9;FINANCIAL;-;-;-;-;-;-;-;-;-;0,009;-;-;-;-;-;-;-
DOLV26C005950;BRBMEFCD44E7;FINANCIAL;-;-;-;-;-;-;-;-;-;0,001;-;-;-;-;-;-;-
DOLV26C006050;BRBMEFCD44F4;FINANCIAL;-;-;-;-;-;-;-;-;-;0,001;-;-;-;-;-;-;-
DOLV26C006150;BRBMEFCD44G2;FINANCIAL;-;-;-;-;-;-;-;-;-;0,001;-;-;-;-;-;-;-
DOLV26C006250;BRBMEFCD44H0;FINANCIAL;-;-;-;-;-;-;-;-;-;0,001;-;-;-;-;-;-;-
DOLV26P005750;BRBMEFVD44D9;FINANCIAL;-;-;-;-;-;-;-;-;-;593,412;-;-;-;-;-;-;-
DOLV26P005850;BRBMEFVD44E7;FINANCIAL;-;-;-;-;-;-;-;-;-;692,653;-;-;-;-;-;-;-
DOLV26P005950;BRBMEFVD44F4;FINANCIAL;-;-;-;-;-;-;-;-;-;791,933;-;-;-;-;-;-;-
DOLV26P006050;BRBMEFVD44G2;FINANCIAL;-;-;-;-;-;-;-;-;-;891,219;-;-;-;-;-;-;-
DOLV26P006150;BRBMEFVD44H0;FINANCIAL;-;-;-;-;-;-;-;-;-;990,507;-;-;-;-;-;-;-
DOLV26P006250;BRBMEFVD44I8;FINANCIAL;-;-;-;-;-;-;-;-;-;1089,794;-;-;-;-;-;-;-
DOLF27C007050;BRBMEFCE1CH1;FINANCIAL;-;-;-;-;-;-;-;-;-;2,162;-;-;-;-;-;-;-
DOLF27C007100;BRBMEFCE1CI9;FINANCIAL;-;-;-;-;-;-;-;-;-;1,871;-;-;-;-;-;-;-
DOLF27C007150;BRBMEFCE1CJ7;FINANCIAL;-;-;-;-;-;-;-;-;-;1,582;-;-;-;-;-;-;-
DOLF27C007200;BRBMEFCE1CK5;FINANCIAL;-;-;-;-;-;-;-;-;-;1,336;-;-;-;-;-;-;-
DOLF27C007250;BRBMEFCE1CL3;FINANCIAL;-;-;-;-;-;-;-;-;-;1,127;-;-;-;-;-;-;-
DOLF27C007300;BRBMEFCE1CM1;FINANCIAL;-;-;-;-;-;-;-;-;-;0,949;-;-;-;-;-;-;-
DOLF27C007350;BRBMEFCE1CN9;FINANCIAL;-;-;-;-;-;-;-;-;-;0,798;-;-;-;-;-;-;-
DOLF27C007400;BRBMEFCE1CO7;FINANCIAL;-;-;-;-;-;-;-;-;-;0,67;-;-;-;-;-;-;-
DOLF27C007450;BRBMEFCE1CP4;FINANCIAL;-;-;-;-;-;-;-;-;-;0,562;-;-;-;-;-;-;-
DOLF27C007500;BRBMEFCE1CQ2;FINANCIAL;-;-;-;-;-;-;-;-;-;0,471;-;-;-;-;-;-;-
DOLF27C007550;BRBMEFCE1CR0;FINANCIAL;-;-;-;-;-;-;-;-;-;0,394;-;-;-;-;-;-;-
DOLF27C007600;BRBMEFCE1CS8;FINANCIAL;-;-;-;-;-;-;-;-;-;0,329;-;-;-;-;-;-;-
DOLF27C007650;BRBMEFCE1CT6;FINANCIAL;-;-;-;-;-;-;-;-;-;0,274;-;-;-;-;-;-;-
DOLF27C007700;BRBMEFCE1CU4;FINANCIAL;-;-;-;-;-;-;-;-;-;0,229;-;-;-;-;-;-;-
DOLF27C007750;BRBMEFCE1CV2;FINANCIAL;-;-;-;-;-;-;-;-;-;0,19;-;-;-;-;-;-;-
DOLF27C007800;BRBMEFCE1CW0;FINANCIAL;-;-;-;-;-;-;-;-;-;0,158;-;-;-;-;-;-;-
DOLF27C007850;BRBMEFCE1CX8;FINANCIAL;-;-;-;-;-;-;-;-;-;0,131;-;-;-;-;-;-;-
DOLF27C007900;BRBMEFCE1CY6;FINANCIAL;-;-;-;-;-;-;-;-;-;0,109;-;-;-;-;-;-;-
DOLF27C007950;BRBMEFCE1CZ3;FINANCIAL;-;-;-;-;-;-;-;-;-;0,09;-;-;-;-;-;-;-
DOLF27C008000;BRBMEFCE1D00;FINANCIAL;-;-;-;-;-;-;-;-;-;0,075;-;-;-;-;-;-;-
DOLF27C008050;BRBMEFCE1D18;FINANCIAL;-;-;-;-;-;-;-;-;-;0,062;-;-;-;-;-;-;-
DOLF27C008100;BRBMEFCE1D26;FINANCIAL;-;-;-;-;-;-;-;-;-;0,051;-;-;-;-;-;-;-
DOLF27C008150;BRBMEFCE1D34;FINANCIAL;-;-;-;-;-;-;-;-;-;0,042;-;-;-;-;-;-;-
DOLF27C008200;BRBMEFCE1D42;FINANCIAL;-;-;-;-;-;-;-;-;-;0,035;-;-;-;-;-;-;-
DOLF27C008250;BRBMEFCE1D59;FINANCIAL;-;-;-;-;-;-;-;-;-;0,029;-;-;-;-;-;-;-
DOLF27C008300;BRBMEFCE1D67;FINANCIAL;-;-;-;-;-;-;-;-;-;0,024;-;-;-;-;-;-;-
DOLF27C008350;BRBMEFCE1D75;FINANCIAL;-;-;-;-;-;-;-;-;-;0,019;-;-;-;-;-;-;-
DOLF27C008400;BRBMEFCE1D83;FINANCIAL;-;-;-;-;-;-;-;-;-;0,016;-;-;-;-;-;-;-
DOLF27C008450;BRBMEFCE1D91;FINANCIAL;-;-;-;-;-;-;-;-;-;0,013;-;-;-;-;-;-;-
DOLF27C008500;BRBMEFCE1DA4;FINANCIAL;-;-;-;-;-;-;-;-;-;0,011;-;-;-;-;-;-;-
DOLF27C008550;BRBMEFCE1DB2;FINANCIAL;-;-;-;-;-;-;-;-;-;0,009;-;-;-;-;-;-;-
DOLF27C008600;BRBMEFCE1DC0;FINANCIAL;-;-;-;-;-;-;-;-;-;0,007;-;-;-;-;-;-;-
DOLF27C008650;BRBMEFCE1DD8;FINANCIAL;-;-;-;-;-;-;-;-;-;0,006;-;-;-;-;-;-;-
DOLF27C008700;BRBMEFCE1DE6;FINANCIAL;-;-;-;-;-;-;-;-;-;0,005;-;-;-;-;-;-;-
DOLF27C008750;BRBMEFCE1DF3;FINANCIAL;-;-;-;-;-;-;-;-;-;0,004;-;-;-;-;-;-;-
DOLF27C008800;BRBMEFCE1DG1;FINANCIAL;-;-;-;-;-;-;-;-;-;0,003;-;-;-;-;-;-;-
DOLF27C008850;BRBMEFCE1DH9;FINANCIAL;-;-;-;-;-;-;-;-;-;0,003;-;-;-;-;-;-;-
DOLF27C008900;BRBMEFCE1DI7;FINANCIAL;-;-;-;-;-;-;-;-;-;0,002;-;-;-;-;-;-;-
DOLF27C008950;BRBMEFCE1DJ5;FINANCIAL;-;-;-;-;-;-;-;-;-;0,002;-;-;-;-;-;-;-
DOLF27C009000;BRBMEFCE1DK3;FINANCIAL;-;-;-;-;-;-;-;-;-;0,001;-;-;-;-;-;-;-
DOLF27C009050;BRBMEFCE1DL1;FINANCIAL;-;-;-;-;-;-;-;-;-;0,001;-;-;-;-;-;-;-
DOLF27C009100;BRBMEFCE1DM9;FINANCIAL;-;-;-;-;-;-;-;-;-;0,001;-;-;-;-;-;-;-
DOLF27P007050;BRBMEFDE1BN0;FINANCIAL;-;-;-;-;-;-;-;-;-;1744,056;-;-;-;-;-;-;-
DOLF27P007100;BRBMEFDE1BO8;FINANCIAL;-;-;-;-;-;-;-;-;-;1791,88;-;-;-;-;-;-;-
DOLF27P007150;BRBMEFDE1BP5;FINANCIAL;-;-;-;-;-;-;-;-;-;1839,707;-;-;-;-;-;-;-
DOLF27P007200;BRBMEFDE1BQ3;FINANCIAL;-;-;-;-;-;-;-;-;-;1887,576;-;-;-;-;-;-;-
DOLF27P007250;BRBMEFDE1BR1;FINANCIAL;-;-;-;-;-;-;-;-;-;1935,482;-;-;-;-;-;-;-
DOLF27P007300;BRBMEFDE1BS9;FINANCIAL;-;-;-;-;-;-;-;-;-;1983,42;-;-;-;-;-;-;-
DOLF27P007350;BRBMEFDE1BT7;FINANCIAL;-;-;-;-;-;-;-;-;-;2031,384;-;-;-;-;-;-;-
DOLF27P007400;BRBMEFDE1BU5;FINANCIAL;-;-;-;-;-;-;-;-;-;2079,372;-;-;-;-;-;-;-
DOLF27P007450;BRBMEFDE1BV3;FINANCIAL;-;-;-;-;-;-;-;-;-;2127,379;-;-;-;-;-;-;-
DOLF27P007500;BRBMEFDE1BW1;FINANCIAL;-;-;-;-;-;-;-;-;-;2175,403;-;-;-;-;-;-;-
DOLF27P007550;BRBMEFDE1BX9;FINANCIAL;-;-;-;-;-;-;-;-;-;2223,441;-;-;-;-;-;-;-
DOLF27P007600;BRBMEFDE1BY7;FINANCIAL;-;-;-;-;-;-;-;-;-;2271,492;-;-;-;-;-;-;-
DOLF27P007650;BRBMEFDE1BZ4;FINANCIAL;-;-;-;-;-;-;-;-;-;2319,553;-;-;-;-;-;-;-
DOLF27P007700;BRBMEFDE1C09;FINANCIAL;-;-;-;-;-;-;-;-;-;2367,622;-;-;-;-;-;-;-
DOLF27P007750;BRBMEFDE1C17;FINANCIAL;-;-;-;-;-;-;-;-;-;2415,699;-;-;-;-;-;-;-
DOLF27P007800;BRBMEFDE1C25;FINANCIAL;-;-;-;-;-;-;-;-;-;2463,782;-;-;-;-;-;-;-
DOLF27P007850;BRBMEFDE1C33;FINANCIAL;-;-;-;-;-;-;-;-;-;2511,871;-;-;-;-;-;-;-
DOLF27P007900;BRBMEFDE1C41;FINANCIAL;-;-;-;-;-;-;-;-;-;2559,964;-;-;-;-;-;-;-
DOLF27P007950;BRBMEFDE1C58;FINANCIAL;-;-;-;-;-;-;-;-;-;2608,061;-;-;-;-;-;-;-
DOLF27P008000;BRBMEFDE1C66;FINANCIAL;-;-;-;-;-;-;-;-;-;2656,16;-;-;-;-;-;-;-
DOLF27P008050;BRBMEFDE1C74;FINANCIAL;-;-;-;-;-;-;-;-;-;2704,263;-;-;-;-;-;-;-
DOLF27P008100;BRBMEFDE1C82;FINANCIAL;-;-;-;-;-;-;-;-;-;2752,367;-;-;-;-;-;-;-
DOLF27P008150;BRBMEFDE1C90;FINANCIAL;-;-;-;-;-;-;-;-;-;2800,474;-;-;-;-;-;-;-
DOLF27P008200;BRBMEFDE1CA5;FINANCIAL;-;-;-;-;-;-;-;-;-;2848,582;-;-;-;-;-;-;-
DOLF27P008250;BRBMEFDE1CB3;FINANCIAL;-;-;-;-;-;-;-;-;-;2896,691;-;-;-;-;-;-;-
DOLF27P008300;BRBMEFDE1CC1;FINANCIAL;-;-;-;-;-;-;-;-;-;2944,801;-;-;-;-;-;-;-
DOLF27P008350;BRBMEFDE1CD9;FINANCIAL;-;-;-;-;-;-;-;-;-;2992,912;-;-;-;-;-;-;-
DOLF27P008400;BRBMEFDE1CE7;FINANCIAL;-;-;-;-;-;-;-;-;-;3041,024;-;-;-;-;-;-;-
DOLF27P008450;BRBMEFDE1CF4;FINANCIAL;-;-;-;-;-;-;-;-;-;3089,137;-;-;-;-;-;-;-
DOLF27P008500;BRBMEFDE1CG2;FINANCIAL;-;-;-;-;-;-;-;-;-;3137,25;-;-;-;-;-;-;-
DOLF27P008550;BRBMEFDE1CH0;FINANCIAL;-;-;-;-;-;-;-;-;-;3185,363;-;-;-;-;-;-;-
DOLF27P008600;BRBMEFDE1CI8;FINANCIAL;-;-;-;-;-;-;-;-;-;3233,477;-;-;-;-;-;-;-
DOLF27P008650;BRBMEFDE1CJ6;FINANCIAL;-;-;-;-;-;-;-;-;-;3281,591;-;-;-;-;-;-;-
DOLF27P008700;BRBMEFDE1CK4;FINANCIAL;-;-;-;-;-;-;-;-;-;3329,705;-;-;-;-;-;-;-
DOLF27P008750;BRBMEFDE1CL2;FINANCIAL;-;-;-;-;-;-;-;-;-;3377,82;-;-;-;-;-;-;-
DOLF27P008800;BRBMEFDE1CM0;FINANCIAL;-;-;-;-;-;-;-;-;-;3425,934;-;-;-;-;-;-;-
DOLF27P008850;BRBMEFDE1CN8;FINANCIAL;-;-;-;-;-;-;-;-;-;3474,049;-;-;-;-;-;-;-
DOLF27P008900;BRBMEFDE1CO6;FINANCIAL;-;-;-;-;-;-;-;-;-;3522,164;-;-;-;-;-;-;-
DOLF27P008950;BRBMEFDE1CP3;FINANCIAL;-;-;-;-;-;-;-;-;-;3570,279;-;-;-;-;-;-;-
DOLF27P009000;BRBMEFDE1CQ1;FINANCIAL;-;-;-;-;-;-;-;-;-;3618,394;-;-;-;-;-;-;-
DOLF27P009050;BRBMEFDE1CR9;FINANCIAL;-;-;-;-;-;-;-;-;-;3666,509;-;-;-;-;-;-;-
DOLF27P009100;BRBMEFDE1CS7;FINANCIAL;-;-;-;-;-;-;-;-;-;3714,624;-;-;-;-;-;-;-
DOLF28C007500;BRBMEFCE1DN7;FINANCIAL;-;-;-;-;-;-;-;-;-;46,21;-;-;-;-;-;-;-
DOLF28C008000;BRBMEFCE1DO5;FINANCIAL;-;-;-;-;-;-;-;-;-;31,412;-;-;-;-;-;-;-
DOLF28P007500;BRBMEFDE1CT5;FINANCIAL;-;-;-;-;-;-;-;-;-;1648,005;-;-;-;-;-;-;-
DOLF28P008000;BRBMEFDE1CU3;FINANCIAL;-;-;-;-;-;-;-;-;-;2056,836;-;-;-;-;-;-;-
DOLF29C008000;BRBMEFCE1DP2;FINANCIAL;-;-;-;-;-;-;-;-;-;100,273;-;-;-;-;-;-;-
DOLF29C008500;BRBMEFCE1DQ0;FINANCIAL;-;-;-;-;-;-;-;-;-;73,875;-;-;-;-;-;-;-
DOLF29P008000;BRBMEFDE1CV1;FINANCIAL;-;-;-;-;-;-;-;-;-;1579,259;-;-;-;-;-;-;-
DOLF29P008500;BRBMEFDE1CW9;FINANCIAL;-;-;-;-;-;-;-;-;-;1924,818;-;-;-;-;-;-;-
DOLN29C007500;BRBMEFCD6AT0;FINANCIAL;-;-;-;-;-;-;-;-;-;197,973;-;-;-;-;-;-;-
DOLN29C008000;BRBMEFCD6AU8;FINANCIAL;-;-;-;-;-;-;-;-;-;147,397;-;-;-;-;-;-;-
DOLN29C008500;BRBMEFCD6AV6;FINANCIAL;-;-;-;-;-;-;-;-;-;111,281;-;-;-;-;-;-;-
DOLN29P007500;BRBMEFVDRAT9;FINANCIAL;-;-;-;-;-;-;-;-;-;1077,468;-;-;-;-;-;-;-
DOLN29P008000;BRBMEFVDRAU7;FINANCIAL;-;-;-;-;-;-;-;-;-;1374,996;-;-;-;-;-;-;-
DOLN29P008500;BRBMEFVDRAV5;FINANCIAL;-;-;-;-;-;-;-;-;-;1686,983;-;-;-;-;-;-;-
DOLV26C007500;BRBMEFCD44I8;FINANCIAL;-;-;-;-;-;-;-;-;-;0,001;-;-;-;-;-;-;-
DOLV26P007500;BRBMEFVD44J6;FINANCIAL;-;-;-;-;-;-;-;-;-;2330,889;-;-;-;-;-;-;-
DOLF27C009150;BRBMEFCE1EJ3;FINANCIAL;-;-;-;-;-;-;-;-;-;0,001;-;-;-;-;-;-;-
DOLF27C009200;BRBMEFCE1EK1;FINANCIAL;-;-;-;-;-;-;-;-;-;0,001;-;-;-;-;-;-;-
DOLF27C009250;BRBMEFCE1EL9;FINANCIAL;-;-;-;-;-;-;-;-;-;0,001;-;-;-;-;-;-;-
DOLF27C009300;BRBMEFCE1EM7;FINANCIAL;-;-;-;-;-;-;-;-;-;0,001;-;-;-;-;-;-;-
DOLF27C009350;BRBMEFCE1EN5;FINANCIAL;-;-;-;-;-;-;-;-;-;0,001;-;-;-;-;-;-;-
DOLF27C009400;BRBMEFCE1EO3;FINANCIAL;-;-;-;-;-;-;-;-;-;0,001;-;-;-;-;-;-;-
DOLF27C009450;BRBMEFCE1EP0;FINANCIAL;-;-;-;-;-;-;-;-;-;0,001;-;-;-;-;-;-;-
DOLF27C009500;BRBMEFCE1EQ8;FINANCIAL;-;-;-;-;-;-;-;-;-;0,001;-;-;-;-;-;-;-
DOLF27C009550;BRBMEFCE1ER6;FINANCIAL;-;-;-;-;-;-;-;-;-;0,001;-;-;-;-;-;-;-
DOLF27C009600;BRBMEFCE1ES4;FINANCIAL;-;-;-;-;-;-;-;-;-;0,001;-;-;-;-;-;-;-
DOLF27C009650;BRBMEFCE1ET2;FINANCIAL;-;-;-;-;-;-;-;-;-;0,001;-;-;-;-;-;-;-
DOLF27C009700;BRBMEFCE1EU0;FINANCIAL;-;-;-;-;-;-;-;-;-;0,001;-;-;-;-;-;-;-
DOLF27C009750;BRBMEFCE1EV8;FINANCIAL;-;-;-;-;-;-;-;-;-;0,001;-;-;-;-;-;-;-
DOLF27C009800;BRBMEFCE1EW6;FINANCIAL;-;-;-;-;-;-;-;-;-;0,001;-;-;-;-;-;-;-
DOLF27C009850;BRBMEFCE1EX4;FINANCIAL;-;-;-;-;-;-;-;-;-;0,001;-;-;-;-;-;-;-
DOLF27C009900;BRBMEFCE1EY2;FINANCIAL;-;-;-;-;-;-;-;-;-;0,001;-;-;-;-;-;-;-
DOLF27C009950;BRBMEFCE1EZ9;FINANCIAL;-;-;-;-;-;-;-;-;-;0,001;-;-;-;-;-;-;-
DOLF27C010000;BRBMEFCE1F08;FINANCIAL;-;-;-;-;-;-;-;-;-;0,001;-;-;-;-;-;-;-
DOLF27P009150;BRBMEFDE1DP1;FINANCIAL;-;-;-;-;-;-;-;-;-;3762,739;-;-;-;-;-;-;-
DOLF27P009200;BRBMEFDE1DQ9;FINANCIAL;-;-;-;-;-;-;-;-;-;3810,854;-;-;-;-;-;-;-
DOLF27P009250;BRBMEFDE1DR7;FINANCIAL;-;-;-;-;-;-;-;-;-;3858,97;-;-;-;-;-;-;-
DOLF27P009300;BRBMEFDE1DS5;FINANCIAL;-;-;-;-;-;-;-;-;-;3907,085;-;-;-;-;-;-;-
DOLF27P009350;BRBMEFDE1DT3;FINANCIAL;-;-;-;-;-;-;-;-;-;3955,2;-;-;-;-;-;-;-
DOLF27P009400;BRBMEFDE1DU1;FINANCIAL;-;-;-;-;-;-;-;-;-;4003,315;-;-;-;-;-;-;-
DOLF27P009450;BRBMEFDE1DV9;FINANCIAL;-;-;-;-;-;-;-;-;-;4051,431;-;-;-;-;-;-;-
DOLF27P009500;BRBMEFDE1DW7;FINANCIAL;-;-;-;-;-;-;-;-;-;4099,546;-;-;-;-;-;-;-
DOLF27P009550;BRBMEFDE1DX5;FINANCIAL;-;-;-;-;-;-;-;-;-;4147,661;-;-;-;-;-;-;-
DOLF27P009600;BRBMEFDE1DY3;FINANCIAL;-;-;-;-;-;-;-;-;-;4195,777;-;-;-;-;-;-;-
DOLF27P009650;BRBMEFDE1DZ0;FINANCIAL;-;-;-;-;-;-;-;-;-;4243,892;-;-;-;-;-;-;-
DOLF27P009700;BRBMEFDE1E07;FINANCIAL;-;-;-;-;-;-;-;-;-;4292,007;-;-;-;-;-;-;-
DOLF27P009750;BRBMEFDE1E15;FINANCIAL;-;-;-;-;-;-;-;-;-;4340,123;-;-;-;-;-;-;-
DOLF27P009800;BRBMEFDE1E23;FINANCIAL;-;-;-;-;-;-;-;-;-;4388,238;-;-;-;-;-;-;-
DOLF27P009850;BRBMEFDE1E31;FINANCIAL;-;-;-;-;-;-;-;-;-;4436,353;-;-;-;-;-;-;-
DOLF27P009900;BRBMEFDE1E49;FINANCIAL;-;-;-;-;-;-;-;-;-;4484,469;-;-;-;-;-;-;-
DOLF27P009950;BRBMEFDE1E56;FINANCIAL;-;-;-;-;-;-;-;-;-;4532,584;-;-;-;-;-;-;-
DOLF27P010000;BRBMEFDE1E64;FINANCIAL;-;-;-;-;-;-;-;-;-;4580,699;-;-;-;-;-;-;-
DOLF28C010500;BRBMEFCE1F99;FINANCIAL;-;-;-;-;-;-;-;-;-;5,629;-;-;-;-;-;-;-
DOLF28C011500;BRBMEFCE1FA9;FINANCIAL;-;-;-;-;-;-;-;-;-;2,792;-;-;-;-;-;-;-
DOLF28P010500;BRBMEFDE1EF0;FINANCIAL;-;-;-;-;-;-;-;-;-;4149,2;-;-;-;-;-;-;-
DOLF28P011500;BRBMEFDE1EG8;FINANCIAL;-;-;-;-;-;-;-;-;-;4993,622;-;-;-;-;-;-;-
DOLJ27C006400;BRBMEFCL15N1;FINANCIAL;-;-;-;-;-;-;-;-;-;31,24;-;-;-;-;-;-;-
DOLJ27C006500;BRBMEFCL15L5;FINANCIAL;-;-;-;-;-;-;-;-;-;26,479;-;-;-;-;-;-;-
DOLJ27C006600;BRBMEFCL15O9;FINANCIAL;-;-;-;-;-;-;-;-;-;22,703;-;-;-;-;-;-;-
DOLJ27C006700;BRBMEFCL15P6;FINANCIAL;-;-;-;-;-;-;-;-;-;19,568;-;-;-;-;-;-;-
DOLJ27C006800;BRBMEFCL15Q4;FINANCIAL;-;-;-;-;-;-;-;-;-;16,999;-;-;-;-;-;-;-
DOLJ27C006900;BRBMEFCL15R2;FINANCIAL;-;-;-;-;-;-;-;-;-;14,849;-;-;-;-;-;-;-
DOLJ27C007000;BRBMEFCL15S0;FINANCIAL;-;-;-;-;-;-;-;-;-;12,471;-;-;-;-;-;-;-
DOLJ27C007100;BRBMEFCL15T8;FINANCIAL;-;-;-;-;-;-;-;-;-;10,499;-;-;-;-;-;-;-
DOLJ27C007200;BRBMEFCL15U6;FINANCIAL;-;-;-;-;-;-;-;-;-;8,862;-;-;-;-;-;-;-
DOLJ27C007300;BRBMEFCL15V4;FINANCIAL;-;-;-;-;-;-;-;-;-;7,5;-;-;-;-;-;-;-
DOLJ27C007400;BRBMEFCL15M3;FINANCIAL;-;-;-;-;-;-;-;-;-;6,366;-;-;-;-;-;-;-
DOLJ27C007500;BRBMEFCL15W2;FINANCIAL;-;-;-;-;-;-;-;-;-;5,419;-;-;-;-;-;-;-
DOLJ27P006400;BRBMEFVDE6F1;FINANCIAL;-;-;-;-;-;-;-;-;-;1030,845;-;-;-;-;-;-;-
DOLJ27P006500;BRBMEFVDE6D6;FINANCIAL;-;-;-;-;-;-;-;-;-;1119,455;-;-;-;-;-;-;-
DOLJ27P006600;BRBMEFVDE6G9;FINANCIAL;-;-;-;-;-;-;-;-;-;1209,049;-;-;-;-;-;-;-
DOLJ27P006700;BRBMEFVDE6H7;FINANCIAL;-;-;-;-;-;-;-;-;-;1299,285;-;-;-;-;-;-;-
DOLJ27P006800;BRBMEFVDE6I5;FINANCIAL;-;-;-;-;-;-;-;-;-;1390,087;-;-;-;-;-;-;-
DOLJ27P006900;BRBMEFVDE6J3;FINANCIAL;-;-;-;-;-;-;-;-;-;1481,308;-;-;-;-;-;-;-
DOLJ27P007000;BRBMEFVDE6K1;FINANCIAL;-;-;-;-;-;-;-;-;-;1572,3;-;-;-;-;-;-;-
DOLJ27P007100;BRBMEFVDE6L9;FINANCIAL;-;-;-;-;-;-;-;-;-;1663,699;-;-;-;-;-;-;-
DOLJ27P007200;BRBMEFVDE6M7;FINANCIAL;-;-;-;-;-;-;-;-;-;1755,432;-;-;-;-;-;-;-
DOLJ27P007300;BRBMEFVDE6N5;FINANCIAL;-;-;-;-;-;-;-;-;-;1847,441;-;-;-;-;-;-;-
DOLJ27P007400;BRBMEFVDE6E4;FINANCIAL;-;-;-;-;-;-;-;-;-;1939,677;-;-;-;-;-;-;-
DOLJ27P007500;BRBMEFVDE6O3;FINANCIAL;-;-;-;-;-;-;-;-;-;2032,101;-;-;-;-;-;-;-
DOLF27C006450;BRBMEFCE1FB7;FINANCIAL;-;-;-;-;-;-;-;-;-;9,551;-;-;-;-;-;-;-
DOLF27P006450;BRBMEFDE1EH6;FINANCIAL;-;-;-;-;-;-;-;-;-;1174,06;-;-;-;-;-;-;-
DOLF28C007000;BRBMEFCE1FS1;FINANCIAL;-;-;-;-;-;-;-;-;-;74,105;-;-;-;-;-;-;-
DOLF28P007000;BRBMEFDE1EY1;FINANCIAL;-;-;-;-;-;-;-;-;-;1252,27;-;-;-;-;-;-;-
DOLF29C006800;BRBMEFCE1FT9;FINANCIAL;-;-;-;-;-;-;-;-;-;229,389;-;-;-;-;-;-;-
DOLF29C006900;BRBMEFCE1FU7;FINANCIAL;-;-;-;-;-;-;-;-;-;213,251;-;-;-;-;-;-;-
DOLF29C007000;BRBMEFCE1FV5;FINANCIAL;-;-;-;-;-;-;-;-;-;198,35;-;-;-;-;-;-;-
DOLF29C007100;BRBMEFCE1FW3;FINANCIAL;-;-;-;-;-;-;-;-;-;184,828;-;-;-;-;-;-;-
DOLF29C007200;BRBMEFCE1FX1;FINANCIAL;-;-;-;-;-;-;-;-;-;172,128;-;-;-;-;-;-;-
DOLF29C007300;BRBMEFCE1FY9;FINANCIAL;-;-;-;-;-;-;-;-;-;160,628;-;-;-;-;-;-;-
DOLF29C007400;BRBMEFCE1FZ6;FINANCIAL;-;-;-;-;-;-;-;-;-;149,806;-;-;-;-;-;-;-
DOLF29P006800;BRBMEFDE1EZ8;FINANCIAL;-;-;-;-;-;-;-;-;-;815,677;-;-;-;-;-;-;-
DOLF29P006900;BRBMEFDE1F06;FINANCIAL;-;-;-;-;-;-;-;-;-;873,931;-;-;-;-;-;-;-
DOLF29P007000;BRBMEFDE1F14;FINANCIAL;-;-;-;-;-;-;-;-;-;933,421;-;-;-;-;-;-;-
DOLF29P007100;BRBMEFDE1F22;FINANCIAL;-;-;-;-;-;-;-;-;-;994,291;-;-;-;-;-;-;-
DOLF29P007200;BRBMEFDE1F30;FINANCIAL;-;-;-;-;-;-;-;-;-;1055,982;-;-;-;-;-;-;-
DOLF29P007300;BRBMEFDE1F48;FINANCIAL;-;-;-;-;-;-;-;-;-;1118,873;-;-;-;-;-;-;-
DOLF29P007400;BRBMEFDE1F55;FINANCIAL;-;-;-;-;-;-;-;-;-;1182,443;-;-;-;-;-;-;-
DOLF29C007600;BRBMEFCE1G07;FINANCIAL;-;-;-;-;-;-;-;-;-;130,602;-;-;-;-;-;-;-
DOLF29C007700;BRBMEFCE1G15;FINANCIAL;-;-;-;-;-;-;-;-;-;122,093;-;-;-;-;-;-;-
DOLF29C007800;BRBMEFCE1G23;FINANCIAL;-;-;-;-;-;-;-;-;-;114,236;-;-;-;-;-;-;-
DOLF29C007900;BRBMEFCE1G31;FINANCIAL;-;-;-;-;-;-;-;-;-;106,979;-;-;-;-;-;-;-
DOLF29P007600;BRBMEFDE1F63;FINANCIAL;-;-;-;-;-;-;-;-;-;1312,022;-;-;-;-;-;-;-
DOLF29P007700;BRBMEFDE1F71;FINANCIAL;-;-;-;-;-;-;-;-;-;1377,904;-;-;-;-;-;-;-
DOLF29P007800;BRBMEFDE1F89;FINANCIAL;-;-;-;-;-;-;-;-;-;1444,439;-;-;-;-;-;-;-
DOLF29P007900;BRBMEFDE1F97;FINANCIAL;-;-;-;-;-;-;-;-;-;1511,573;-;-;-;-;-;-;-
DOLN28C007050;BRBMEFCD6C08;FINANCIAL;-;-;-;-;-;-;-;-;-;127,522;-;-;-;-;-;-;-
DOLN28C007100;BRBMEFCD6C16;FINANCIAL;-;-;-;-;-;-;-;-;-;122,474;-;-;-;-;-;-;-
DOLN28C007150;BRBMEFCD6C24;FINANCIAL;-;-;-;-;-;-;-;-;-;117,48;-;-;-;-;-;-;-
DOLN28C007200;BRBMEFCD6C32;FINANCIAL;-;-;-;-;-;-;-;-;-;112,717;-;-;-;-;-;-;-
DOLN28C007250;BRBMEFCD6C40;FINANCIAL;-;-;-;-;-;-;-;-;-;108,173;-;-;-;-;-;-;-
DOLN28C007300;BRBMEFCD6C57;FINANCIAL;-;-;-;-;-;-;-;-;-;103,84;-;-;-;-;-;-;-
DOLN28C007350;BRBMEFCD6C65;FINANCIAL;-;-;-;-;-;-;-;-;-;99,872;-;-;-;-;-;-;-
DOLN28C007400;BRBMEFCD6C73;FINANCIAL;-;-;-;-;-;-;-;-;-;95,925;-;-;-;-;-;-;-
DOLN28C007450;BRBMEFCD6C81;FINANCIAL;-;-;-;-;-;-;-;-;-;92,159;-;-;-;-;-;-;-
DOLN28C007500;BRBMEFCD6C99;FINANCIAL;-;-;-;-;-;-;-;-;-;88,721;-;-;-;-;-;-;-
DOLN28C007550;BRBMEFCD6CA6;FINANCIAL;-;-;-;-;-;-;-;-;-;85,289;-;-;-;-;-;-;-
DOLN28C007600;BRBMEFCD6CB4;FINANCIAL;-;-;-;-;-;-;-;-;-;82,161;-;-;-;-;-;-;-
DOLN28C007650;BRBMEFCD6CC2;FINANCIAL;-;-;-;-;-;-;-;-;-;79,031;-;-;-;-;-;-;-
DOLN28C007700;BRBMEFCD6CD0;FINANCIAL;-;-;-;-;-;-;-;-;-;76,184;-;-;-;-;-;-;-
DOLN28C007750;BRBMEFCD6CE8;FINANCIAL;-;-;-;-;-;-;-;-;-;73,327;-;-;-;-;-;-;-
DOLN28C007800;BRBMEFCD6CF5;FINANCIAL;-;-;-;-;-;-;-;-;-;70,734;-;-;-;-;-;-;-
DOLN28C007850;BRBMEFCD6CG3;FINANCIAL;-;-;-;-;-;-;-;-;-;68,125;-;-;-;-;-;-;-
DOLN28C007900;BRBMEFCD6CH1;FINANCIAL;-;-;-;-;-;-;-;-;-;65,762;-;-;-;-;-;-;-
DOLN28C007950;BRBMEFCD6CI9;FINANCIAL;-;-;-;-;-;-;-;-;-;63,504;-;-;-;-;-;-;-
DOLN28C008000;BRBMEFCD6CJ7;FINANCIAL;-;-;-;-;-;-;-;-;-;61,222;-;-;-;-;-;-;-
DOLN28P007050;BRBMEFVDRC07;FINANCIAL;-;-;-;-;-;-;-;-;-;1112,277;-;-;-;-;-;-;-
DOLN28P007100;BRBMEFVDRC15;FINANCIAL;-;-;-;-;-;-;-;-;-;1146,947;-;-;-;-;-;-;-
DOLN28P007150;BRBMEFVDRC23;FINANCIAL;-;-;-;-;-;-;-;-;-;1181,672;-;-;-;-;-;-;-
DOLN28P007200;BRBMEFVDRC31;FINANCIAL;-;-;-;-;-;-;-;-;-;1216,627;-;-;-;-;-;-;-
DOLN28P007250;BRBMEFVDRC49;FINANCIAL;-;-;-;-;-;-;-;-;-;1251,802;-;-;-;-;-;-;-
DOLN28P007300;BRBMEFVDRC56;FINANCIAL;-;-;-;-;-;-;-;-;-;1287,187;-;-;-;-;-;-;-
DOLN28P007350;BRBMEFVDRC64;FINANCIAL;-;-;-;-;-;-;-;-;-;1322,938;-;-;-;-;-;-;-
DOLN28P007400;BRBMEFVDRC72;FINANCIAL;-;-;-;-;-;-;-;-;-;1358,709;-;-;-;-;-;-;-
DOLN28P007450;BRBMEFVDRC80;FINANCIAL;-;-;-;-;-;-;-;-;-;1394,662;-;-;-;-;-;-;-
DOLN28P007500;BRBMEFVDRC98;FINANCIAL;-;-;-;-;-;-;-;-;-;1430,942;-;-;-;-;-;-;-
DOLN28P007550;BRBMEFVDRCA5;FINANCIAL;-;-;-;-;-;-;-;-;-;1467,228;-;-;-;-;-;-;-
DOLN28P007600;BRBMEFVDRCB3;FINANCIAL;-;-;-;-;-;-;-;-;-;1503,819;-;-;-;-;-;-;-
DOLN28P007650;BRBMEFVDRCC1;FINANCIAL;-;-;-;-;-;-;-;-;-;1540,407;-;-;-;-;-;-;-
DOLN28P007700;BRBMEFVDRCD9;FINANCIAL;-;-;-;-;-;-;-;-;-;1577,279;-;-;-;-;-;-;-
DOLN28P007750;BRBMEFVDRCE7;FINANCIAL;-;-;-;-;-;-;-;-;-;1614,14;-;-;-;-;-;-;-
DOLN28P007800;BRBMEFVDRCF4;FINANCIAL;-;-;-;-;-;-;-;-;-;1651,266;-;-;-;-;-;-;-
DOLN28P007850;BRBMEFVDRCG2;FINANCIAL;-;-;-;-;-;-;-;-;-;1688,375;-;-;-;-;-;-;-
DOLN28P007900;BRBMEFVDRCH0;FINANCIAL;-;-;-;-;-;-;-;-;-;1725,73;-;-;-;-;-;-;-
DOLN28P007950;BRBMEFVDRCI8;FINANCIAL;-;-;-;-;-;-;-;-;-;1763,191;-;-;-;-;-;-;-
DOLN28P008000;BRBMEFVDRCJ6;FINANCIAL;-;-;-;-;-;-;-;-;-;1800,627;-;-;-;-;-;-;-
DOLV26C007100;BRBMEFCD44K4;FINANCIAL;-;-;-;-;-;-;-;-;-;0,001;-;-;-;-;-;-;-
DOLV26C007200;BRBMEFCD44L2;FINANCIAL;-;-;-;-;-;-;-;-;-;0,001;-;-;-;-;-;-;-
DOLV26C007300;BRBMEFCD44M0;FINANCIAL;-;-;-;-;-;-;-;-;-;0,001;-;-;-;-;-;-;-
DOLV26C007400;BRBMEFCD44N8;FINANCIAL;-;-;-;-;-;-;-;-;-;0,001;-;-;-;-;-;-;-
DOLV26P007100;BRBMEFVD44L2;FINANCIAL;-;-;-;-;-;-;-;-;-;1933,739;-;-;-;-;-;-;-
DOLV26P007200;BRBMEFVD44M0;FINANCIAL;-;-;-;-;-;-;-;-;-;2033,026;-;-;-;-;-;-;-
DOLV26P007300;BRBMEFVD44N8;FINANCIAL;-;-;-;-;-;-;-;-;-;2132,314;-;-;-;-;-;-;-
DOLV26P007400;BRBMEFVD44O6;FINANCIAL;-;-;-;-;-;-;-;-;-;2231,602;-;-;-;-;-;-;-
DOLF27C005650;BRBMEFCE1G49;FINANCIAL;-;-;-;-;-;-;-;-;-;69,076;-;-;-;-;-;-;-
DOLF27P005650;BRBMEFDE1FA8;FINANCIAL;-;-;-;-;-;-;-;-;-;463,74;-;-;-;-;-;-;-
DOLF27C004600;BRBMEFCE1G56;FINANCIAL;-;-;-;-;-;-;-;-;-;631,591;-;-;-;-;-;-;-
DOLF27P004600;BRBMEFDE1FB6;FINANCIAL;-;-;-;-;-;-;-;-;-;15,833;-;-;-;-;-;-;-
DOLN27C007900;BRBMEFCD6CL3;FINANCIAL;-;-;-;-;-;-;-;-;-;9,857;-;-;-;-;-;-;-
DOLN27C008100;BRBMEFCD6CM1;FINANCIAL;-;-;-;-;-;-;-;-;-;7,785;-;-;-;-;-;-;-
DOLN27P007900;BRBMEFVDRCL2;FINANCIAL;-;-;-;-;-;-;-;-;-;2250,971;-;-;-;-;-;-;-
DOLN27P008100;BRBMEFVDRCM0;FINANCIAL;-;-;-;-;-;-;-;-;-;2429,771;-;-;-;-;-;-;-
DOLN29C007550;BRBMEFCD6CN9;FINANCIAL;-;-;-;-;-;-;-;-;-;192,008;-;-;-;-;-;-;-
DOLN29P007550;BRBMEFVDRCN8;FINANCIAL;-;-;-;-;-;-;-;-;-;1106,314;-;-;-;-;-;-;-
DOLQ27C004500;BRBMEFDA0338;FINANCIAL;-;-;-;-;-;-;-;-;-;873,132;-;-;-;-;-;-;-
DOLQ27C004550;BRBMEFDA0346;FINANCIAL;-;-;-;-;-;-;-;-;-;832,8;-;-;-;-;-;-;-
DOLQ27C004600;BRBMEFDA0353;FINANCIAL;-;-;-;-;-;-;-;-;-;793,097;-;-;-;-;-;-;-
DOLQ27C004650;BRBMEFDA0361;FINANCIAL;-;-;-;-;-;-;-;-;-;754,229;-;-;-;-;-;-;-
DOLQ27C004700;BRBMEFDA0379;FINANCIAL;-;-;-;-;-;-;-;-;-;716,285;-;-;-;-;-;-;-
DOLQ27C004750;BRBMEFDA0387;FINANCIAL;-;-;-;-;-;-;-;-;-;679,352;-;-;-;-;-;-;-
DOLQ27C004800;BRBMEFDA0395;FINANCIAL;-;-;-;-;-;-;-;-;-;643,294;-;-;-;-;-;-;-
DOLQ27C004850;BRBMEFDA03A5;FINANCIAL;-;-;-;-;-;-;-;-;-;608,257;-;-;-;-;-;-;-
DOLQ27C004900;BRBMEFDA03B3;FINANCIAL;-;-;-;-;-;-;-;-;-;574,414;-;-;-;-;-;-;-
DOLQ27C004950;BRBMEFDA03C1;FINANCIAL;-;-;-;-;-;-;-;-;-;541,564;-;-;-;-;-;-;-
DOLQ27C005000;BRBMEFDA03D9;FINANCIAL;-;-;-;-;-;-;-;-;-;510,002;-;-;-;-;-;-;-
DOLQ27C005050;BRBMEFDA03E7;FINANCIAL;-;-;-;-;-;-;-;-;-;479,63;-;-;-;-;-;-;-
DOLQ27C005100;BRBMEFDA03F4;FINANCIAL;-;-;-;-;-;-;-;-;-;450,625;-;-;-;-;-;-;-
DOLQ27C005150;BRBMEFDA03G2;FINANCIAL;-;-;-;-;-;-;-;-;-;422,857;-;-;-;-;-;-;-
DOLQ27C005200;BRBMEFDA03H0;FINANCIAL;-;-;-;-;-;-;-;-;-;396,331;-;-;-;-;-;-;-
DOLQ27C005250;BRBMEFDA03I8;FINANCIAL;-;-;-;-;-;-;-;-;-;371,043;-;-;-;-;-;-;-
DOLQ27C005300;BRBMEFDA03J6;FINANCIAL;-;-;-;-;-;-;-;-;-;347,163;-;-;-;-;-;-;-
DOLQ27C005350;BRBMEFDA03K4;FINANCIAL;-;-;-;-;-;-;-;-;-;324,685;-;-;-;-;-;-;-
DOLQ27C005400;BRBMEFDA03L2;FINANCIAL;-;-;-;-;-;-;-;-;-;303,232;-;-;-;-;-;-;-
DOLQ27C005450;BRBMEFDA03M0;FINANCIAL;-;-;-;-;-;-;-;-;-;282,952;-;-;-;-;-;-;-
DOLQ27C005500;BRBMEFDA0320;FINANCIAL;-;-;-;-;-;-;-;-;-;263,995;-;-;-;-;-;-;-
DOLQ27C005550;BRBMEFDA03N8;FINANCIAL;-;-;-;-;-;-;-;-;-;246,147;-;-;-;-;-;-;-
DOLQ27C005600;BRBMEFDA03O6;FINANCIAL;-;-;-;-;-;-;-;-;-;229,367;-;-;-;-;-;-;-
DOLQ27C005650;BRBMEFDA03P3;FINANCIAL;-;-;-;-;-;-;-;-;-;213,794;-;-;-;-;-;-;-
DOLQ27C005700;BRBMEFDA03Q1;FINANCIAL;-;-;-;-;-;-;-;-;-;199,024;-;-;-;-;-;-;-
DOLQ27C005750;BRBMEFDA03R9;FINANCIAL;-;-;-;-;-;-;-;-;-;185,368;-;-;-;-;-;-;-
DOLQ27C005800;BRBMEFDA03S7;FINANCIAL;-;-;-;-;-;-;-;-;-;172,429;-;-;-;-;-;-;-
DOLQ27C005850;BRBMEFDA03T5;FINANCIAL;-;-;-;-;-;-;-;-;-;160,678;-;-;-;-;-;-;-
DOLQ27C005900;BRBMEFDA03U3;FINANCIAL;-;-;-;-;-;-;-;-;-;149,553;-;-;-;-;-;-;-
DOLQ27C005950;BRBMEFDA03V1;FINANCIAL;-;-;-;-;-;-;-;-;-;139,342;-;-;-;-;-;-;-
DOLQ27C006000;BRBMEFDA03W9;FINANCIAL;-;-;-;-;-;-;-;-;-;129,676;-;-;-;-;-;-;-
DOLQ27C006050;BRBMEFDA03X7;FINANCIAL;-;-;-;-;-;-;-;-;-;120,83;-;-;-;-;-;-;-
DOLQ27C006100;BRBMEFDA03Y5;FINANCIAL;-;-;-;-;-;-;-;-;-;112,602;-;-;-;-;-;-;-
DOLQ27C006150;BRBMEFDA03Z2;FINANCIAL;-;-;-;-;-;-;-;-;-;104,951;-;-;-;-;-;-;-
DOLQ27C006200;BRBMEFDA0403;FINANCIAL;-;-;-;-;-;-;-;-;-;97,701;-;-;-;-;-;-;-
DOLQ27C006250;BRBMEFDA0411;FINANCIAL;-;-;-;-;-;-;-;-;-;91,1;-;-;-;-;-;-;-
DOLQ27C006300;BRBMEFDA0429;FINANCIAL;-;-;-;-;-;-;-;-;-;84,969;-;-;-;-;-;-;-
DOLQ27C006350;BRBMEFDA0437;FINANCIAL;-;-;-;-;-;-;-;-;-;79,276;-;-;-;-;-;-;-
DOLQ27C006400;BRBMEFDA0445;FINANCIAL;-;-;-;-;-;-;-;-;-;73,991;-;-;-;-;-;-;-
DOLQ27C006450;BRBMEFDA0452;FINANCIAL;-;-;-;-;-;-;-;-;-;69,084;-;-;-;-;-;-;-
DOLQ27C006500;BRBMEFDA0460;FINANCIAL;-;-;-;-;-;-;-;-;-;64,53;-;-;-;-;-;-;-
DOLQ27P004500;BRBMEFVA02Z6;FINANCIAL;-;-;-;-;-;-;-;-;-;20,012;-;-;-;-;-;-;-
DOLQ27P004550;BRBMEFVA0302;FINANCIAL;-;-;-;-;-;-;-;-;-;24,396;-;-;-;-;-;-;-
DOLQ27P004600;BRBMEFVA0310;FINANCIAL;-;-;-;-;-;-;-;-;-;29,41;-;-;-;-;-;-;-
DOLQ27P004650;BRBMEFVA0328;FINANCIAL;-;-;-;-;-;-;-;-;-;35,258;-;-;-;-;-;-;-
DOLQ27P004700;BRBMEFVA0336;FINANCIAL;-;-;-;-;-;-;-;-;-;42,031;-;-;-;-;-;-;-
DOLQ27P004750;BRBMEFVA0344;FINANCIAL;-;-;-;-;-;-;-;-;-;49,814;-;-;-;-;-;-;-
DOLQ27P004800;BRBMEFVA0351;FINANCIAL;-;-;-;-;-;-;-;-;-;58,473;-;-;-;-;-;-;-
DOLQ27P004850;BRBMEFVA0369;FINANCIAL;-;-;-;-;-;-;-;-;-;68,152;-;-;-;-;-;-;-
DOLQ27P004900;BRBMEFVA0377;FINANCIAL;-;-;-;-;-;-;-;-;-;79,026;-;-;-;-;-;-;-
DOLQ27P004950;BRBMEFVA0385;FINANCIAL;-;-;-;-;-;-;-;-;-;90,892;-;-;-;-;-;-;-
DOLQ27P005000;BRBMEFVA0393;FINANCIAL;-;-;-;-;-;-;-;-;-;104,047;-;-;-;-;-;-;-
DOLQ27P005050;BRBMEFVA03A7;FINANCIAL;-;-;-;-;-;-;-;-;-;118,392;-;-;-;-;-;-;-
DOLQ27P005100;BRBMEFVA03B5;FINANCIAL;-;-;-;-;-;-;-;-;-;134,103;-;-;-;-;-;-;-
DOLQ27P005150;BRBMEFVA03C3;FINANCIAL;-;-;-;-;-;-;-;-;-;151,052;-;-;-;-;-;-;-
DOLQ27P005200;BRBMEFVA03D1;FINANCIAL;-;-;-;-;-;-;-;-;-;169,242;-;-;-;-;-;-;-
DOLQ27P005250;BRBMEFVA03E9;FINANCIAL;-;-;-;-;-;-;-;-;-;188,671;-;-;-;-;-;-;-
DOLQ27P005300;BRBMEFVA03F6;FINANCIAL;-;-;-;-;-;-;-;-;-;209,507;-;-;-;-;-;-;-
DOLQ27P005350;BRBMEFVA03G4;FINANCIAL;-;-;-;-;-;-;-;-;-;231,745;-;-;-;-;-;-;-
DOLQ27P005400;BRBMEFVA03H2;FINANCIAL;-;-;-;-;-;-;-;-;-;255,009;-;-;-;-;-;-;-
DOLQ27P005450;BRBMEFVA03I0;FINANCIAL;-;-;-;-;-;-;-;-;-;279,445;-;-;-;-;-;-;-
DOLQ27P005500;BRBMEFVA02Y9;FINANCIAL;-;-;-;-;-;-;-;-;-;305,205;-;-;-;-;-;-;-
DOLQ27P005550;BRBMEFVA03J8;FINANCIAL;-;-;-;-;-;-;-;-;-;332,073;-;-;-;-;-;-;-
DOLQ27P005600;BRBMEFVA03K6;FINANCIAL;-;-;-;-;-;-;-;-;-;360,01;-;-;-;-;-;-;-
DOLQ27P005650;BRBMEFVA03L4;FINANCIAL;-;-;-;-;-;-;-;-;-;389,154;-;-;-;-;-;-;-
DOLQ27P005700;BRBMEFVA03M2;FINANCIAL;-;-;-;-;-;-;-;-;-;419,1;-;-;-;-;-;-;-
DOLQ27P005750;BRBMEFVA03N0;FINANCIAL;-;-;-;-;-;-;-;-;-;450,161;-;-;-;-;-;-;-
DOLQ27P005800;BRBMEFVA03O8;FINANCIAL;-;-;-;-;-;-;-;-;-;481,938;-;-;-;-;-;-;-
DOLQ27P005850;BRBMEFVA03P5;FINANCIAL;-;-;-;-;-;-;-;-;-;514,904;-;-;-;-;-;-;-
DOLQ27P005900;BRBMEFVA03Q3;FINANCIAL;-;-;-;-;-;-;-;-;-;548,495;-;-;-;-;-;-;-
DOLQ27P005950;BRBMEFVA03R1;FINANCIAL;-;-;-;-;-;-;-;-;-;583,001;-;-;-;-;-;-;-
DOLQ27P006000;BRBMEFVA03S9;FINANCIAL;-;-;-;-;-;-;-;-;-;618,051;-;-;-;-;-;-;-
DOLQ27P006050;BRBMEFVA03T7;FINANCIAL;-;-;-;-;-;-;-;-;-;653,921;-;-;-;-;-;-;-
DOLQ27P006100;BRBMEFVA03U5;FINANCIAL;-;-;-;-;-;-;-;-;-;690,41;-;-;-;-;-;-;-
DOLQ27P006150;BRBMEFVA03V3;FINANCIAL;-;-;-;-;-;-;-;-;-;727,476;-;-;-;-;-;-;-
DOLQ27P006200;BRBMEFVA03W1;FINANCIAL;-;-;-;-;-;-;-;-;-;764,942;-;-;-;-;-;-;-
DOLQ27P006250;BRBMEFVA03X9;FINANCIAL;-;-;-;-;-;-;-;-;-;803,058;-;-;-;-;-;-;-
DOLQ27P006300;BRBMEFVA03Y7;FINANCIAL;-;-;-;-;-;-;-;-;-;841,643;-;-;-;-;-;-;-
DOLQ27P006350;BRBMEFVA03Z4;FINANCIAL;-;-;-;-;-;-;-;-;-;880,667;-;-;-;-;-;-;-
DOLQ27P006400;BRBMEFVA0401;FINANCIAL;-;-;-;-;-;-;-;-;-;920,098;-;-;-;-;-;-;-
DOLQ27P006450;BRBMEFVA0419;FINANCIAL;-;-;-;-;-;-;-;-;-;959,908;-;-;-;-;-;-;-
DOLQ27P006500;BRBMEFVA0427;FINANCIAL;-;-;-;-;-;-;-;-;-;1000,07;-;-;-;-;-;-;-
DOLV27C004500;BRBMEFCD45F1;FINANCIAL;-;-;-;-;-;-;-;-;-;914,226;-;-;-;-;-;-;-
DOLV27C004550;BRBMEFCD45G9;FINANCIAL;-;-;-;-;-;-;-;-;-;875,061;-;-;-;-;-;-;-
DOLV27C004600;BRBMEFCD45H7;FINANCIAL;-;-;-;-;-;-;-;-;-;836,464;-;-;-;-;-;-;-
DOLV27C004650;BRBMEFCD45I5;FINANCIAL;-;-;-;-;-;-;-;-;-;798,737;-;-;-;-;-;-;-
DOLV27C004700;BRBMEFCD45J3;FINANCIAL;-;-;-;-;-;-;-;-;-;761,883;-;-;-;-;-;-;-
DOLV27C004750;BRBMEFCD45K1;FINANCIAL;-;-;-;-;-;-;-;-;-;725,868;-;-;-;-;-;-;-
DOLV27C004800;BRBMEFCD45L9;FINANCIAL;-;-;-;-;-;-;-;-;-;690,738;-;-;-;-;-;-;-
DOLV27C004850;BRBMEFCD45M7;FINANCIAL;-;-;-;-;-;-;-;-;-;656,408;-;-;-;-;-;-;-
DOLV27C004900;BRBMEFCD45N5;FINANCIAL;-;-;-;-;-;-;-;-;-;623,163;-;-;-;-;-;-;-
DOLV27C004950;BRBMEFCD45O3;FINANCIAL;-;-;-;-;-;-;-;-;-;590,918;-;-;-;-;-;-;-
DOLV27C005000;BRBMEFCD45P0;FINANCIAL;-;-;-;-;-;-;-;-;-;559,704;-;-;-;-;-;-;-
DOLV27C005050;BRBMEFCD45Q8;FINANCIAL;-;-;-;-;-;-;-;-;-;529,543;-;-;-;-;-;-;-
DOLV27C005100;BRBMEFCD45R6;FINANCIAL;-;-;-;-;-;-;-;-;-;500,619;-;-;-;-;-;-;-
DOLV27C005150;BRBMEFCD45S4;FINANCIAL;-;-;-;-;-;-;-;-;-;472,967;-;-;-;-;-;-;-
DOLV27C005200;BRBMEFCD45T2;FINANCIAL;-;-;-;-;-;-;-;-;-;446,254;-;-;-;-;-;-;-
DOLV27C005250;BRBMEFCD45U0;FINANCIAL;-;-;-;-;-;-;-;-;-;420,83;-;-;-;-;-;-;-
DOLV27C005300;BRBMEFCD45V8;FINANCIAL;-;-;-;-;-;-;-;-;-;396,332;-;-;-;-;-;-;-
DOLV27C005350;BRBMEFCD45W6;FINANCIAL;-;-;-;-;-;-;-;-;-;373,309;-;-;-;-;-;-;-
DOLV27C005400;BRBMEFCD45X4;FINANCIAL;-;-;-;-;-;-;-;-;-;351,187;-;-;-;-;-;-;-
DOLV27C005450;BRBMEFCD45Y2;FINANCIAL;-;-;-;-;-;-;-;-;-;330,329;-;-;-;-;-;-;-
DOLV27C005500;BRBMEFCD45Z9;FINANCIAL;-;-;-;-;-;-;-;-;-;310,522;-;-;-;-;-;-;-
DOLV27C005550;BRBMEFCD4601;FINANCIAL;-;-;-;-;-;-;-;-;-;291,54;-;-;-;-;-;-;-
DOLV27C005600;BRBMEFCD4619;FINANCIAL;-;-;-;-;-;-;-;-;-;273,748;-;-;-;-;-;-;-
DOLV27C005650;BRBMEFCD4627;FINANCIAL;-;-;-;-;-;-;-;-;-;257,116;-;-;-;-;-;-;-
DOLV27C005700;BRBMEFCD4635;FINANCIAL;-;-;-;-;-;-;-;-;-;241,412;-;-;-;-;-;-;-
DOLV27C005750;BRBMEFCD4643;FINANCIAL;-;-;-;-;-;-;-;-;-;226,405;-;-;-;-;-;-;-
DOLV27C005800;BRBMEFCD4650;FINANCIAL;187;187;187;187;187;-35,95;-;-;-;212,449;-;-;-;-;1;5.000;46750000
DOLV27C005850;BRBMEFCD4668;FINANCIAL;-;-;-;-;-;-;-;-;-;199,31;-;-;-;-;-;-;-
DOLV27C005900;BRBMEFCD4676;FINANCIAL;164,5;164,5;164,5;164,5;164,5;-;-;-;-;186,951;-;-;-;-;1;5.000;41125000
DOLV27C005950;BRBMEFCD4684;FINANCIAL;-;-;-;-;-;-;-;-;-;175,336;-;-;-;-;-;-;-
DOLV27C006000;BRBMEFCD4692;FINANCIAL;-;-;-;-;-;-;-;-;-;164,607;-;-;-;-;-;-;-
DOLV27C006050;BRBMEFCD46A0;FINANCIAL;-;-;-;-;-;-;-;-;-;154,541;-;-;-;-;-;-;-
DOLV27C006100;BRBMEFCD46B8;FINANCIAL;-;-;-;-;-;-;-;-;-;144,928;-;-;-;-;-;-;-
DOLV27C006150;BRBMEFCD46C6;FINANCIAL;-;-;-;-;-;-;-;-;-;136,084;-;-;-;-;-;-;-
DOLV27C006200;BRBMEFCD46D4;FINANCIAL;-;-;-;-;-;-;-;-;-;127,799;-;-;-;-;-;-;-
DOLV27C006250;BRBMEFCD46E2;FINANCIAL;-;-;-;-;-;-;-;-;-;120,039;-;-;-;-;-;-;-
DOLV27C006300;BRBMEFCD46F9;FINANCIAL;-;-;-;-;-;-;-;-;-;112,774;-;-;-;-;-;-;-
DOLV27C006350;BRBMEFCD46G7;FINANCIAL;-;-;-;-;-;-;-;-;-;105,973;-;-;-;-;-;-;-
DOLV27C006400;BRBMEFCD46H5;FINANCIAL;-;-;-;-;-;-;-;-;-;99,609;-;-;-;-;-;-;-
DOLV27C006450;BRBMEFCD46I3;FINANCIAL;-;-;-;-;-;-;-;-;-;93,512;-;-;-;-;-;-;-
DOLV27C006500;BRBMEFCD46J1;FINANCIAL;-;-;-;-;-;-;-;-;-;87,945;-;-;-;-;-;-;-
DOLV27P004500;BRBMEFVD45G9;FINANCIAL;-;-;-;-;-;-;-;-;-;23,563;-;-;-;-;-;-;-
DOLV27P004550;BRBMEFVD45H7;FINANCIAL;-;-;-;-;-;-;-;-;-;28,143;-;-;-;-;-;-;-
DOLV27P004600;BRBMEFVD45I5;FINANCIAL;-;-;-;-;-;-;-;-;-;33,292;-;-;-;-;-;-;-
DOLV27P004650;BRBMEFVD45J3;FINANCIAL;-;-;-;-;-;-;-;-;-;39,31;-;-;-;-;-;-;-
DOLV27P004700;BRBMEFVD45K1;FINANCIAL;-;-;-;-;-;-;-;-;-;46,201;-;-;-;-;-;-;-
DOLV27P004750;BRBMEFVD45L9;FINANCIAL;-;-;-;-;-;-;-;-;-;53,931;-;-;-;-;-;-;-
DOLV27P004800;BRBMEFVD45M7;FINANCIAL;-;-;-;-;-;-;-;-;-;62,546;-;-;-;-;-;-;-
DOLV27P004850;BRBMEFVD45N5;FINANCIAL;-;-;-;-;-;-;-;-;-;71,962;-;-;-;-;-;-;-
DOLV27P004900;BRBMEFVD45O3;FINANCIAL;-;-;-;-;-;-;-;-;-;82,462;-;-;-;-;-;-;-
DOLV27P004950;BRBMEFVD45P0;FINANCIAL;-;-;-;-;-;-;-;-;-;93,963;-;-;-;-;-;-;-
DOLV27P005000;BRBMEFVD45Q8;FINANCIAL;-;-;-;-;-;-;-;-;-;106,493;-;-;-;-;-;-;-
DOLV27P005050;BRBMEFVD45R6;FINANCIAL;-;-;-;-;-;-;-;-;-;120,077;-;-;-;-;-;-;-
DOLV27P005100;BRBMEFVD45S4;FINANCIAL;-;-;-;-;-;-;-;-;-;134,899;-;-;-;-;-;-;-
DOLV27P005150;BRBMEFVD45T2;FINANCIAL;-;-;-;-;-;-;-;-;-;150,992;-;-;-;-;-;-;-
DOLV27P005200;BRBMEFVD45U0;FINANCIAL;-;-;-;-;-;-;-;-;-;168,024;-;-;-;-;-;-;-
DOLV27P005250;BRBMEFVD45V8;FINANCIAL;-;-;-;-;-;-;-;-;-;186,346;-;-;-;-;-;-;-
DOLV27P005300;BRBMEFVD45W6;FINANCIAL;-;-;-;-;-;-;-;-;-;205,593;-;-;-;-;-;-;-
DOLV27P005350;BRBMEFVD45X4;FINANCIAL;-;-;-;-;-;-;-;-;-;226,314;-;-;-;-;-;-;-
DOLV27P005400;BRBMEFVD45Y2;FINANCIAL;-;-;-;-;-;-;-;-;-;247,938;-;-;-;-;-;-;-
DOLV27P005450;BRBMEFVD45Z9;FINANCIAL;-;-;-;-;-;-;-;-;-;270,825;-;-;-;-;-;-;-
DOLV27P005500;BRBMEFVD4608;FINANCIAL;-;-;-;-;-;-;-;-;-;294,763;-;-;-;-;-;-;-
DOLV27P005550;BRBMEFVD4616;FINANCIAL;-;-;-;-;-;-;-;-;-;319,527;-;-;-;-;-;-;-
DOLV27P005600;BRBMEFVD4624;FINANCIAL;-;-;-;-;-;-;-;-;-;345,48;-;-;-;-;-;-;-
DOLV27P005650;BRBMEFVD4632;FINANCIAL;-;-;-;-;-;-;-;-;-;372,593;-;-;-;-;-;-;-
DOLV27P005700;BRBMEFVD4640;FINANCIAL;-;-;-;-;-;-;-;-;-;400,634;-;-;-;-;-;-;-
DOLV27P005750;BRBMEFVD4657;FINANCIAL;-;-;-;-;-;-;-;-;-;429,372;-;-;-;-;-;-;-
DOLV27P005800;BRBMEFVD4665;FINANCIAL;481,212;481,212;481,212;481,212;481,212;36,51;-;-;-;459,161;-;-;-;-;1;5.000;120303000
DOLV27P005850;BRBMEFVD4673;FINANCIAL;-;-;-;-;-;-;-;-;-;489,768;-;-;-;-;-;-;-
DOLV27P005900;BRBMEFVD4681;FINANCIAL;546,5;546,5;546,5;546,5;546,5;-;-;-;-;521,155;-;-;-;-;1;5.000;136625000
DOLV27P005950;BRBMEFVD4699;FINANCIAL;-;-;-;-;-;-;-;-;-;553,284;-;-;-;-;-;-;-
DOLV27P006000;BRBMEFVD46A0;FINANCIAL;-;-;-;-;-;-;-;-;-;586,301;-;-;-;-;-;-;-
DOLV27P006050;BRBMEFVD46B8;FINANCIAL;-;-;-;-;-;-;-;-;-;619,98;-;-;-;-;-;-;-
DOLV27P006100;BRBMEFVD46C6;FINANCIAL;-;-;-;-;-;-;-;-;-;654,112;-;-;-;-;-;-;-
DOLV27P006150;BRBMEFVD46D4;FINANCIAL;-;-;-;-;-;-;-;-;-;689,014;-;-;-;-;-;-;-
DOLV27P006200;BRBMEFVD46E2;FINANCIAL;-;-;-;-;-;-;-;-;-;724,473;-;-;-;-;-;-;-
DOLV27P006250;BRBMEFVD46F9;FINANCIAL;-;-;-;-;-;-;-;-;-;760,459;-;-;-;-;-;-;-
DOLV27P006300;BRBMEFVD46G7;FINANCIAL;-;-;-;-;-;-;-;-;-;796,939;-;-;-;-;-;-;-
DOLV27P006350;BRBMEFVD46H5;FINANCIAL;-;-;-;-;-;-;-;-;-;833,883;-;-;-;-;-;-;-
DOLV27P006400;BRBMEFVD46I3;FINANCIAL;-;-;-;-;-;-;-;-;-;871,265;-;-;-;-;-;-;-
DOLV27P006450;BRBMEFVD46J1;FINANCIAL;-;-;-;-;-;-;-;-;-;908,912;-;-;-;-;-;-;-
DOLV27P006500;BRBMEFVD46K9;FINANCIAL;-;-;-;-;-;-;-;-;-;947,091;-;-;-;-;-;-;-
DOLZ26C004900;BRBMEFD103J1;FINANCIAL;-;-;-;-;-;-;-;-;-;355,7;-;-;-;-;-;-;-
DOLZ26C005400;BRBMEFD103K9;FINANCIAL;97;97;97;97;97;4,3;-;-;-;99,555;-;-;-;-;1;20;97000
DOLZ26P004900;BRBMEFD203I1;FINANCIAL;-;-;-;-;-;-;-;-;-;53,139;-;-;-;-;-;-;-
DOLZ26P005400;BRBMEFD203J9;FINANCIAL;-;-;-;-;-;-;-;-;-;283,49;-;-;-;-;-;-;-
DOLF30C006000;BRBMEFCE1G64;FINANCIAL;-;-;-;-;-;-;-;-;-;603,168;-;-;-;-;-;-;-
DOLF30C006050;BRBMEFCE1G72;FINANCIAL;-;-;-;-;-;-;-;-;-;586,187;-;-;-;-;-;-;-
DOLF30C006100;BRBMEFCE1G80;FINANCIAL;-;-;-;-;-;-;-;-;-;569,617;-;-;-;-;-;-;-
DOLF30C006150;BRBMEFCE1G98;FINANCIAL;-;-;-;-;-;-;-;-;-;553,744;-;-;-;-;-;-;-
DOLF30C006200;BRBMEFCE1GA7;FINANCIAL;-;-;-;-;-;-;-;-;-;537,987;-;-;-;-;-;-;-
DOLF30C006250;BRBMEFCE1GB5;FINANCIAL;-;-;-;-;-;-;-;-;-;522,921;-;-;-;-;-;-;-
DOLF30C006300;BRBMEFCE1GC3;FINANCIAL;-;-;-;-;-;-;-;-;-;508,251;-;-;-;-;-;-;-
DOLF30C006350;BRBMEFCE1GD1;FINANCIAL;-;-;-;-;-;-;-;-;-;493,97;-;-;-;-;-;-;-
DOLF30C006400;BRBMEFCE1GE9;FINANCIAL;-;-;-;-;-;-;-;-;-;479,772;-;-;-;-;-;-;-
DOLF30C006450;BRBMEFCE1GF6;FINANCIAL;-;-;-;-;-;-;-;-;-;466,248;-;-;-;-;-;-;-
DOLF30C006500;BRBMEFCE1GG4;FINANCIAL;-;-;-;-;-;-;-;-;-;453,094;-;-;-;-;-;-;-
DOLF30C006550;BRBMEFCE1GH2;FINANCIAL;-;-;-;-;-;-;-;-;-;440,302;-;-;-;-;-;-;-
DOLF30C006600;BRBMEFCE1GI0;FINANCIAL;-;-;-;-;-;-;-;-;-;427,561;-;-;-;-;-;-;-
DOLF30C006650;BRBMEFCE1GJ8;FINANCIAL;-;-;-;-;-;-;-;-;-;415,471;-;-;-;-;-;-;-
DOLF30C006700;BRBMEFCE1GK6;FINANCIAL;-;-;-;-;-;-;-;-;-;403,722;-;-;-;-;-;-;-
DOLF30C006750;BRBMEFCE1GL4;FINANCIAL;-;-;-;-;-;-;-;-;-;392,306;-;-;-;-;-;-;-
DOLF30C006800;BRBMEFCE1GM2;FINANCIAL;-;-;-;-;-;-;-;-;-;381,215;-;-;-;-;-;-;-
DOLF30C006850;BRBMEFCE1GN0;FINANCIAL;-;-;-;-;-;-;-;-;-;370,444;-;-;-;-;-;-;-
DOLF30C006900;BRBMEFCE1GO8;FINANCIAL;-;-;-;-;-;-;-;-;-;359,983;-;-;-;-;-;-;-
DOLF30C006950;BRBMEFCE1GP5;FINANCIAL;-;-;-;-;-;-;-;-;-;350,127;-;-;-;-;-;-;-
DOLF30C007000;BRBMEFCE1GQ3;FINANCIAL;-;-;-;-;-;-;-;-;-;340,266;-;-;-;-;-;-;-
DOLF30C007050;BRBMEFCE1GR1;FINANCIAL;-;-;-;-;-;-;-;-;-;330,693;-;-;-;-;-;-;-
DOLF30C007100;BRBMEFCE1GS9;FINANCIAL;-;-;-;-;-;-;-;-;-;321,401;-;-;-;-;-;-;-
DOLF30C007150;BRBMEFCE1GT7;FINANCIAL;-;-;-;-;-;-;-;-;-;312,681;-;-;-;-;-;-;-
DOLF30C007200;BRBMEFCE1GU5;FINANCIAL;-;-;-;-;-;-;-;-;-;303,929;-;-;-;-;-;-;-
DOLF30C007250;BRBMEFCE1GV3;FINANCIAL;-;-;-;-;-;-;-;-;-;295,438;-;-;-;-;-;-;-
DOLF30C007300;BRBMEFCE1GW1;FINANCIAL;-;-;-;-;-;-;-;-;-;287,492;-;-;-;-;-;-;-
DOLF30C007350;BRBMEFCE1GX9;FINANCIAL;-;-;-;-;-;-;-;-;-;279,498;-;-;-;-;-;-;-
DOLF30C007400;BRBMEFCE1GY7;FINANCIAL;-;-;-;-;-;-;-;-;-;271,743;-;-;-;-;-;-;-
DOLF30C007450;BRBMEFCE1GZ4;FINANCIAL;-;-;-;-;-;-;-;-;-;264,508;-;-;-;-;-;-;-
DOLF30C007500;BRBMEFCE1H06;FINANCIAL;-;-;-;-;-;-;-;-;-;257,211;-;-;-;-;-;-;-
DOLF30C007550;BRBMEFCE1H14;FINANCIAL;-;-;-;-;-;-;-;-;-;250,415;-;-;-;-;-;-;-
DOLF30C007600;BRBMEFCE1H22;FINANCIAL;-;-;-;-;-;-;-;-;-;243,828;-;-;-;-;-;-;-
DOLF30C007650;BRBMEFCE1H30;FINANCIAL;-;-;-;-;-;-;-;-;-;237,167;-;-;-;-;-;-;-
DOLF30C007700;BRBMEFCE1H48;FINANCIAL;-;-;-;-;-;-;-;-;-;230,982;-;-;-;-;-;-;-
DOLF30C007750;BRBMEFCE1H55;FINANCIAL;-;-;-;-;-;-;-;-;-;224,988;-;-;-;-;-;-;-
DOLF30C007800;BRBMEFCE1H63;FINANCIAL;-;-;-;-;-;-;-;-;-;218,909;-;-;-;-;-;-;-
DOLF30C007850;BRBMEFCE1H71;FINANCIAL;-;-;-;-;-;-;-;-;-;213,281;-;-;-;-;-;-;-
DOLF30C007900;BRBMEFCE1H89;FINANCIAL;-;-;-;-;-;-;-;-;-;207,826;-;-;-;-;-;-;-
DOLF30C007950;BRBMEFCE1H97;FINANCIAL;-;-;-;-;-;-;-;-;-;202,278;-;-;-;-;-;-;-
DOLF30C008000;BRBMEFCE1HA5;FINANCIAL;-;-;-;-;-;-;-;-;-;197,157;-;-;-;-;-;-;-
DOLF30C008050;BRBMEFCE1HB3;FINANCIAL;-;-;-;-;-;-;-;-;-;192,193;-;-;-;-;-;-;-
DOLF30C008100;BRBMEFCE1HC1;FINANCIAL;-;-;-;-;-;-;-;-;-;187,382;-;-;-;-;-;-;-
DOLF30C008150;BRBMEFCE1HD9;FINANCIAL;-;-;-;-;-;-;-;-;-;182,719;-;-;-;-;-;-;-
DOLF30C008200;BRBMEFCE1HE7;FINANCIAL;-;-;-;-;-;-;-;-;-;177,95;-;-;-;-;-;-;-
DOLF30C008250;BRBMEFCE1HF4;FINANCIAL;-;-;-;-;-;-;-;-;-;173,571;-;-;-;-;-;-;-
DOLF30C008300;BRBMEFCE1HG2;FINANCIAL;-;-;-;-;-;-;-;-;-;169,326;-;-;-;-;-;-;-
DOLF30C008350;BRBMEFCE1HH0;FINANCIAL;-;-;-;-;-;-;-;-;-;165,21;-;-;-;-;-;-;-
DOLF30C008400;BRBMEFCE1HI8;FINANCIAL;-;-;-;-;-;-;-;-;-;160,982;-;-;-;-;-;-;-
DOLF30C008450;BRBMEFCE1HJ6;FINANCIAL;-;-;-;-;-;-;-;-;-;156,882;-;-;-;-;-;-;-
DOLF30C008500;BRBMEFCE1HK4;FINANCIAL;-;-;-;-;-;-;-;-;-;152,904;-;-;-;-;-;-;-
DOLF30C008550;BRBMEFCE1HL2;FINANCIAL;-;-;-;-;-;-;-;-;-;149,275;-;-;-;-;-;-;-
DOLF30C008600;BRBMEFCE1HM0;FINANCIAL;-;-;-;-;-;-;-;-;-;145,529;-;-;-;-;-;-;-
DOLF30C008650;BRBMEFCE1HN8;FINANCIAL;-;-;-;-;-;-;-;-;-;141,894;-;-;-;-;-;-;-
DOLF30C008700;BRBMEFCE1HO6;FINANCIAL;-;-;-;-;-;-;-;-;-;138,59;-;-;-;-;-;-;-
DOLF30C008750;BRBMEFCE1HP3;FINANCIAL;-;-;-;-;-;-;-;-;-;135,166;-;-;-;-;-;-;-
DOLF30C008800;BRBMEFCE1HQ1;FINANCIAL;-;-;-;-;-;-;-;-;-;132,06;-;-;-;-;-;-;-
DOLF30C008850;BRBMEFCE1HR9;FINANCIAL;-;-;-;-;-;-;-;-;-;128,834;-;-;-;-;-;-;-
DOLF30C008900;BRBMEFCE1HS7;FINANCIAL;-;-;-;-;-;-;-;-;-;125,703;-;-;-;-;-;-;-
DOLF30C008950;BRBMEFCE1HT5;FINANCIAL;-;-;-;-;-;-;-;-;-;122,872;-;-;-;-;-;-;-
DOLF30C009000;BRBMEFCE1HU3;FINANCIAL;-;-;-;-;-;-;-;-;-;119,921;-;-;-;-;-;-;-
DOLF30C009050;BRBMEFCE1HV1;FINANCIAL;-;-;-;-;-;-;-;-;-;117,259;-;-;-;-;-;-;-
DOLF30C009100;BRBMEFCE1HW9;FINANCIAL;-;-;-;-;-;-;-;-;-;114,475;-;-;-;-;-;-;-
DOLF30C009150;BRBMEFCE1HX7;FINANCIAL;-;-;-;-;-;-;-;-;-;111,773;-;-;-;-;-;-;-
DOLF30C009200;BRBMEFCE1HY5;FINANCIAL;-;-;-;-;-;-;-;-;-;109,344;-;-;-;-;-;-;-
DOLF30C009250;BRBMEFCE1HZ2;FINANCIAL;-;-;-;-;-;-;-;-;-;106,794;-;-;-;-;-;-;-
DOLF30C009300;BRBMEFCE1I05;FINANCIAL;-;-;-;-;-;-;-;-;-;104,509;-;-;-;-;-;-;-
DOLF30C009350;BRBMEFCE1I13;FINANCIAL;-;-;-;-;-;-;-;-;-;102,102;-;-;-;-;-;-;-
DOLF30C009400;BRBMEFCE1I21;FINANCIAL;-;-;-;-;-;-;-;-;-;99,95;-;-;-;-;-;-;-
DOLF30C009450;BRBMEFCE1I39;FINANCIAL;-;-;-;-;-;-;-;-;-;97,677;-;-;-;-;-;-;-
DOLF30C009500;BRBMEFCE1I47;FINANCIAL;-;-;-;-;-;-;-;-;-;95,65;-;-;-;-;-;-;-
DOLF30C009550;BRBMEFCE1I54;FINANCIAL;-;-;-;-;-;-;-;-;-;93,503;-;-;-;-;-;-;-
DOLF30C009600;BRBMEFCE1I62;FINANCIAL;-;-;-;-;-;-;-;-;-;91,593;-;-;-;-;-;-;-
DOLF30C009650;BRBMEFCE1I70;FINANCIAL;-;-;-;-;-;-;-;-;-;89,737;-;-;-;-;-;-;-
DOLF30C009700;BRBMEFCE1I88;FINANCIAL;-;-;-;-;-;-;-;-;-;87,764;-;-;-;-;-;-;-
DOLF30C009750;BRBMEFCE1I96;FINANCIAL;-;-;-;-;-;-;-;-;-;86,014;-;-;-;-;-;-;-
DOLF30C009800;BRBMEFCE1IA3;FINANCIAL;-;-;-;-;-;-;-;-;-;84,148;-;-;-;-;-;-;-
DOLF30C009850;BRBMEFCE1IB1;FINANCIAL;-;-;-;-;-;-;-;-;-;82,498;-;-;-;-;-;-;-
DOLF30C009900;BRBMEFCE1IC9;FINANCIAL;-;-;-;-;-;-;-;-;-;80,895;-;-;-;-;-;-;-
DOLF30C009950;BRBMEFCE1ID7;FINANCIAL;-;-;-;-;-;-;-;-;-;79,176;-;-;-;-;-;-;-
DOLF30C010000;BRBMEFCE1IE5;FINANCIAL;-;-;-;-;-;-;-;-;-;77,663;-;-;-;-;-;-;-
DOLF30P006000;BRBMEFDE1FC4;FINANCIAL;-;-;-;-;-;-;-;-;-;305,889;-;-;-;-;-;-;-
DOLF30P006050;BRBMEFDE1FD2;FINANCIAL;-;-;-;-;-;-;-;-;-;321,497;-;-;-;-;-;-;-
DOLF30P006100;BRBMEFDE1FE0;FINANCIAL;-;-;-;-;-;-;-;-;-;337,516;-;-;-;-;-;-;-
DOLF30P006150;BRBMEFDE1FF7;FINANCIAL;-;-;-;-;-;-;-;-;-;354,232;-;-;-;-;-;-;-
DOLF30P006200;BRBMEFDE1FG5;FINANCIAL;-;-;-;-;-;-;-;-;-;371,065;-;-;-;-;-;-;-
DOLF30P006250;BRBMEFDE1FH3;FINANCIAL;-;-;-;-;-;-;-;-;-;388,588;-;-;-;-;-;-;-
DOLF30P006300;BRBMEFDE1FI1;FINANCIAL;-;-;-;-;-;-;-;-;-;406,507;-;-;-;-;-;-;-
DOLF30P006350;BRBMEFDE1FJ9;FINANCIAL;-;-;-;-;-;-;-;-;-;424,815;-;-;-;-;-;-;-
DOLF30P006400;BRBMEFDE1FK7;FINANCIAL;-;-;-;-;-;-;-;-;-;443,207;-;-;-;-;-;-;-
DOLF30P006450;BRBMEFDE1FL5;FINANCIAL;-;-;-;-;-;-;-;-;-;462,273;-;-;-;-;-;-;-
DOLF30P006500;BRBMEFDE1FM3;FINANCIAL;-;-;-;-;-;-;-;-;-;481,707;-;-;-;-;-;-;-
DOLF30P006550;BRBMEFDE1FN1;FINANCIAL;-;-;-;-;-;-;-;-;-;501,504;-;-;-;-;-;-;-
DOLF30P006600;BRBMEFDE1FO9;FINANCIAL;-;-;-;-;-;-;-;-;-;521,353;-;-;-;-;-;-;-
DOLF30P006650;BRBMEFDE1FP6;FINANCIAL;-;-;-;-;-;-;-;-;-;541,853;-;-;-;-;-;-;-
DOLF30P006700;BRBMEFDE1FQ4;FINANCIAL;-;-;-;-;-;-;-;-;-;562,693;-;-;-;-;-;-;-
DOLF30P006750;BRBMEFDE1FR2;FINANCIAL;-;-;-;-;-;-;-;-;-;583,866;-;-;-;-;-;-;-
DOLF30P006800;BRBMEFDE1FS0;FINANCIAL;-;-;-;-;-;-;-;-;-;605,365;-;-;-;-;-;-;-
DOLF30P006850;BRBMEFDE1FT8;FINANCIAL;-;-;-;-;-;-;-;-;-;627,182;-;-;-;-;-;-;-
DOLF30P006900;BRBMEFDE1FU6;FINANCIAL;-;-;-;-;-;-;-;-;-;649,311;-;-;-;-;-;-;-
DOLF30P006950;BRBMEFDE1FV4;FINANCIAL;-;-;-;-;-;-;-;-;-;672,044;-;-;-;-;-;-;-
DOLF30P007000;BRBMEFDE1FW2;FINANCIAL;-;-;-;-;-;-;-;-;-;694,772;-;-;-;-;-;-;-
DOLF30P007050;BRBMEFDE1FX0;FINANCIAL;-;-;-;-;-;-;-;-;-;717,788;-;-;-;-;-;-;-
DOLF30P007100;BRBMEFDE1FY8;FINANCIAL;-;-;-;-;-;-;-;-;-;741,086;-;-;-;-;-;-;-
DOLF30P007150;BRBMEFDE1FZ5;FINANCIAL;-;-;-;-;-;-;-;-;-;764,955;-;-;-;-;-;-;-
DOLF30P007200;BRBMEFDE1G05;FINANCIAL;-;-;-;-;-;-;-;-;-;788,793;-;-;-;-;-;-;-
DOLF30P007250;BRBMEFDE1G13;FINANCIAL;-;-;-;-;-;-;-;-;-;812,89;-;-;-;-;-;-;-
DOLF30P007300;BRBMEFDE1G21;FINANCIAL;-;-;-;-;-;-;-;-;-;837,533;-;-;-;-;-;-;-
DOLF30P007350;BRBMEFDE1G39;FINANCIAL;-;-;-;-;-;-;-;-;-;862,129;-;-;-;-;-;-;-
DOLF30P007400;BRBMEFDE1G47;FINANCIAL;-;-;-;-;-;-;-;-;-;886,964;-;-;-;-;-;-;-
DOLF30P007450;BRBMEFDE1G54;FINANCIAL;-;-;-;-;-;-;-;-;-;912,317;-;-;-;-;-;-;-
DOLF30P007500;BRBMEFDE1G62;FINANCIAL;-;-;-;-;-;-;-;-;-;937,609;-;-;-;-;-;-;-
DOLF30P007550;BRBMEFDE1G70;FINANCIAL;-;-;-;-;-;-;-;-;-;963,403;-;-;-;-;-;-;-
DOLF30P007600;BRBMEFDE1G88;FINANCIAL;-;-;-;-;-;-;-;-;-;989,406;-;-;-;-;-;-;-
DOLF30P007650;BRBMEFDE1G96;FINANCIAL;-;-;-;-;-;-;-;-;-;1015,334;-;-;-;-;-;-;-
DOLF30P007700;BRBMEFDE1GA6;FINANCIAL;-;-;-;-;-;-;-;-;-;1041,738;-;-;-;-;-;-;-
DOLF30P007750;BRBMEFDE1GB4;FINANCIAL;-;-;-;-;-;-;-;-;-;1068,333;-;-;-;-;-;-;-
DOLF30P007800;BRBMEFDE1GC2;FINANCIAL;-;-;-;-;-;-;-;-;-;1094,843;-;-;-;-;-;-;-
DOLF30P007850;BRBMEFDE1GD0;FINANCIAL;-;-;-;-;-;-;-;-;-;1121,805;-;-;-;-;-;-;-
DOLF30P007900;BRBMEFDE1GE8;FINANCIAL;-;-;-;-;-;-;-;-;-;1148,939;-;-;-;-;-;-;-
DOLF30P007950;BRBMEFDE1GF5;FINANCIAL;-;-;-;-;-;-;-;-;-;1175,98;-;-;-;-;-;-;-
DOLF30P008000;BRBMEFDE1GG3;FINANCIAL;-;-;-;-;-;-;-;-;-;1203,448;-;-;-;-;-;-;-
DOLF30P008050;BRBMEFDE1GH1;FINANCIAL;-;-;-;-;-;-;-;-;-;1231,074;-;-;-;-;-;-;-
DOLF30P008100;BRBMEFDE1GI9;FINANCIAL;-;-;-;-;-;-;-;-;-;1258,852;-;-;-;-;-;-;-
DOLF30P008150;BRBMEFDE1GJ7;FINANCIAL;-;-;-;-;-;-;-;-;-;1286,778;-;-;-;-;-;-;-
DOLF30P008200;BRBMEFDE1GK5;FINANCIAL;-;-;-;-;-;-;-;-;-;1314,598;-;-;-;-;-;-;-
DOLF30P008250;BRBMEFDE1GL3;FINANCIAL;-;-;-;-;-;-;-;-;-;1342,809;-;-;-;-;-;-;-
DOLF30P008300;BRBMEFDE1GM1;FINANCIAL;-;-;-;-;-;-;-;-;-;1371,153;-;-;-;-;-;-;-
DOLF30P008350;BRBMEFDE1GN9;FINANCIAL;-;-;-;-;-;-;-;-;-;1399,627;-;-;-;-;-;-;-
DOLF30P008400;BRBMEFDE1GO7;FINANCIAL;-;-;-;-;-;-;-;-;-;1427,988;-;-;-;-;-;-;-
DOLF30P008450;BRBMEFDE1GP4;FINANCIAL;-;-;-;-;-;-;-;-;-;1456,476;-;-;-;-;-;-;-
DOLF30P008500;BRBMEFDE1GQ2;FINANCIAL;-;-;-;-;-;-;-;-;-;1485,088;-;-;-;-;-;-;-
DOLF30P008550;BRBMEFDE1GR0;FINANCIAL;-;-;-;-;-;-;-;-;-;1514,048;-;-;-;-;-;-;-
DOLF30P008600;BRBMEFDE1GS8;FINANCIAL;-;-;-;-;-;-;-;-;-;1542,891;-;-;-;-;-;-;-
DOLF30P008650;BRBMEFDE1GT6;FINANCIAL;-;-;-;-;-;-;-;-;-;1571,846;-;-;-;-;-;-;-
DOLF30P008700;BRBMEFDE1GU4;FINANCIAL;-;-;-;-;-;-;-;-;-;1601,131;-;-;-;-;-;-;-
DOLF30P008750;BRBMEFDE1GV2;FINANCIAL;-;-;-;-;-;-;-;-;-;1630,297;-;-;-;-;-;-;-
DOLF30P008800;BRBMEFDE1GW0;FINANCIAL;-;-;-;-;-;-;-;-;-;1659,78;-;-;-;-;-;-;-
DOLF30P008850;BRBMEFDE1GX8;FINANCIAL;-;-;-;-;-;-;-;-;-;1689,143;-;-;-;-;-;-;-
DOLF30P008900;BRBMEFDE1GY6;FINANCIAL;-;-;-;-;-;-;-;-;-;1718,601;-;-;-;-;-;-;-
DOLF30P008950;BRBMEFDE1GZ3;FINANCIAL;-;-;-;-;-;-;-;-;-;1748,36;-;-;-;-;-;-;-
DOLF30P009000;BRBMEFDE1H04;FINANCIAL;-;-;-;-;-;-;-;-;-;1777,998;-;-;-;-;-;-;-
DOLF30P009050;BRBMEFDE1H12;FINANCIAL;-;-;-;-;-;-;-;-;-;1807,925;-;-;-;-;-;-;-
DOLF30P009100;BRBMEFDE1H20;FINANCIAL;-;-;-;-;-;-;-;-;-;1837,73;-;-;-;-;-;-;-
DOLF30P009150;BRBMEFDE1H38;FINANCIAL;-;-;-;-;-;-;-;-;-;1867,617;-;-;-;-;-;-;-
DOLF30P009200;BRBMEFDE1H46;FINANCIAL;-;-;-;-;-;-;-;-;-;1897,778;-;-;-;-;-;-;-
DOLF30P009250;BRBMEFDE1H53;FINANCIAL;-;-;-;-;-;-;-;-;-;1927,818;-;-;-;-;-;-;-
DOLF30P009300;BRBMEFDE1H61;FINANCIAL;-;-;-;-;-;-;-;-;-;1958,121;-;-;-;-;-;-;-
DOLF30P009350;BRBMEFDE1H79;FINANCIAL;-;-;-;-;-;-;-;-;-;1988,304;-;-;-;-;-;-;-
DOLF30P009400;BRBMEFDE1H87;FINANCIAL;-;-;-;-;-;-;-;-;-;2018,74;-;-;-;-;-;-;-
DOLF30P009450;BRBMEFDE1H95;FINANCIAL;-;-;-;-;-;-;-;-;-;2049,057;-;-;-;-;-;-;-
DOLF30P009500;BRBMEFDE1HA4;FINANCIAL;-;-;-;-;-;-;-;-;-;2079,619;-;-;-;-;-;-;-
DOLF30P009550;BRBMEFDE1HB2;FINANCIAL;-;-;-;-;-;-;-;-;-;2110,062;-;-;-;-;-;-;-
DOLF30P009600;BRBMEFDE1HC0;FINANCIAL;-;-;-;-;-;-;-;-;-;2140,741;-;-;-;-;-;-;-
DOLF30P009650;BRBMEFDE1HD8;FINANCIAL;-;-;-;-;-;-;-;-;-;2171,475;-;-;-;-;-;-;-
DOLF30P009700;BRBMEFDE1HE6;FINANCIAL;-;-;-;-;-;-;-;-;-;2202,09;-;-;-;-;-;-;-
DOLF30P009750;BRBMEFDE1HF3;FINANCIAL;-;-;-;-;-;-;-;-;-;2232,93;-;-;-;-;-;-;-
DOLF30P009800;BRBMEFDE1HG1;FINANCIAL;-;-;-;-;-;-;-;-;-;2263,653;-;-;-;-;-;-;-
DOLF30P009850;BRBMEFDE1HH9;FINANCIAL;-;-;-;-;-;-;-;-;-;2294,592;-;-;-;-;-;-;-
DOLF30P009900;BRBMEFDE1HI7;FINANCIAL;-;-;-;-;-;-;-;-;-;2325,578;-;-;-;-;-;-;-
DOLF30P009950;BRBMEFDE1HJ5;FINANCIAL;-;-;-;-;-;-;-;-;-;2356,449;-;-;-;-;-;-;-
DOLF30P010000;BRBMEFDE1HK3;FINANCIAL;-;-;-;-;-;-;-;-;-;2387,525;-;-;-;-;-;-;-
DOLV26C006350;BRBMEFCD46K9;FINANCIAL;-;-;-;-;-;-;-;-;-;0,001;-;-;-;-;-;-;-
DOLV26P006350;BRBMEFVD46L7;FINANCIAL;-;-;-;-;-;-;-;-;-;1189,082;-;-;-;-;-;-;-
DOLJ27C006950;BRBMEFCL17B2;FINANCIAL;-;-;-;-;-;-;-;-;-;13,622;-;-;-;-;-;-;-
DOLJ27P006950;BRBMEFVDE835;FINANCIAL;-;-;-;-;-;-;-;-;-;1526,766;-;-;-;-;-;-;-
DOLZ26C005000;BRBMEFD10465;FINANCIAL;-;-;-;-;-;-;-;-;-;286,219;-;-;-;-;-;-;-
DOLZ26C005500;BRBMEFD10473;FINANCIAL;-;-;-;-;-;-;-;-;-;73,772;-;-;-;-;-;-;-
DOLZ26P005000;BRBMEFD20456;FINANCIAL;-;-;-;-;-;-;-;-;-;80,958;-;-;-;-;-;-;-
DOLZ26P005500;BRBMEFD20464;FINANCIAL;-;-;-;-;-;-;-;-;-;355,006;-;-;-;-;-;-;-
DOLZ26C005100;BRBMEFD10481;FINANCIAL;-;-;-;-;-;-;-;-;-;225,67;-;-;-;-;-;-;-
DOLZ26C005550;BRBMEFD10499;FINANCIAL;-;-;-;-;-;-;-;-;-;63,212;-;-;-;-;-;-;-
DOLZ26P005100;BRBMEFD20472;FINANCIAL;-;-;-;-;-;-;-;-;-;117,708;-;-;-;-;-;-;-
DOLZ26P005550;BRBMEFD20480;FINANCIAL;-;-;-;-;-;-;-;-;-;393,096;-;-;-;-;-;-;-
DOLJ27C005350;BRBMEFCL17C0;FINANCIAL;-;-;-;-;-;-;-;-;-;223,738;-;-;-;-;-;-;-
DOLJ27P005350;BRBMEFVDE843;FINANCIAL;-;-;-;-;-;-;-;-;-;242,952;-;-;-;-;-;-;-
DOLZ26C005600;BRBMEFD104A8;FINANCIAL;-;-;-;-;-;-;-;-;-;54,153;-;-;-;-;-;-;-
DOLZ26C005700;BRBMEFD104B6;FINANCIAL;-;-;-;-;-;-;-;-;-;39,559;-;-;-;-;-;-;-
DOLZ26C005800;BRBMEFD104C4;FINANCIAL;-;-;-;-;-;-;-;-;-;28,718;-;-;-;-;-;-;-
DOLZ26C005900;BRBMEFD104D2;FINANCIAL;-;-;-;-;-;-;-;-;-;20,877;-;-;-;-;-;-;-
DOLZ26C006000;BRBMEFD104E0;FINANCIAL;-;-;-;-;-;-;-;-;-;15,582;-;-;-;-;-;-;-
DOLZ26C006100;BRBMEFD104F7;FINANCIAL;-;-;-;-;-;-;-;-;-;11,745;-;-;-;-;-;-;-
DOLZ26P005600;BRBMEFD20498;FINANCIAL;-;-;-;-;-;-;-;-;-;432,687;-;-;-;-;-;-;-
DOLZ26P005700;BRBMEFD204A6;FINANCIAL;-;-;-;-;-;-;-;-;-;515,392;-;-;-;-;-;-;-
DOLZ26P005800;BRBMEFD204B4;FINANCIAL;-;-;-;-;-;-;-;-;-;601,851;-;-;-;-;-;-;-
DOLZ26P005900;BRBMEFD204C2;FINANCIAL;-;-;-;-;-;-;-;-;-;691,309;-;-;-;-;-;-;-
DOLZ26P006000;BRBMEFD204D0;FINANCIAL;-;-;-;-;-;-;-;-;-;783,313;-;-;-;-;-;-;-
DOLZ26P006100;BRBMEFD204E8;FINANCIAL;-;-;-;-;-;-;-;-;-;876,775;-;-;-;-;-;-;-
DOLF29C009000;BRBMEFCE1IF2;FINANCIAL;-;-;-;-;-;-;-;-;-;56,072;-;-;-;-;-;-;-
DOLF29P009000;BRBMEFDE1HL1;FINANCIAL;-;-;-;-;-;-;-;-;-;2278,972;-;-;-;-;-;-;-
DOLZ26C004950;BRBMEFD104O9;FINANCIAL;-;-;-;-;-;-;-;-;-;319,822;-;-;-;-;-;-;-
DOLZ26C005350;BRBMEFD104N1;FINANCIAL;-;-;-;-;-;-;-;-;-;115,159;-;-;-;-;-;-;-
DOLZ26P004950;BRBMEFD204N9;FINANCIAL;-;-;-;-;-;-;-;-;-;65,911;-;-;-;-;-;-;-
DOLZ26P005350;BRBMEFD204M1;FINANCIAL;-;-;-;-;-;-;-;-;-;250,445;-;-;-;-;-;-;-
DOLZ26C004100;BRBMEFD104P6;FINANCIAL;-;-;-;-;-;-;-;-;-;1081,19;-;-;-;-;-;-;-
DOLZ26C004200;BRBMEFD104Q4;FINANCIAL;-;-;-;-;-;-;-;-;-;984,267;-;-;-;-;-;-;-
DOLZ26C004300;BRBMEFD104R2;FINANCIAL;-;-;-;-;-;-;-;-;-;887,808;-;-;-;-;-;-;-
DOLZ26C004400;BRBMEFD104S0;FINANCIAL;-;-;-;-;-;-;-;-;-;792,116;-;-;-;-;-;-;-
DOLZ26C004500;BRBMEFD104T8;FINANCIAL;-;-;-;-;-;-;-;-;-;697,794;-;-;-;-;-;-;-
DOLZ26C004600;BRBMEFD104U6;FINANCIAL;-;-;-;-;-;-;-;-;-;605,662;-;-;-;-;-;-;-
DOLZ26C004700;BRBMEFD104V4;FINANCIAL;-;-;-;-;-;-;-;-;-;516,752;-;-;-;-;-;-;-
DOLZ26C004800;BRBMEFD104W2;FINANCIAL;-;-;-;-;-;-;-;-;-;433,06;-;-;-;-;-;-;-
DOLZ26P004100;BRBMEFD204O7;FINANCIAL;-;-;-;-;-;-;-;-;-;0,235;-;-;-;-;-;-;-
DOLZ26P004200;BRBMEFD204P4;FINANCIAL;-;-;-;-;-;-;-;-;-;0,612;-;-;-;-;-;-;-
DOLZ26P004300;BRBMEFD204Q2;FINANCIAL;-;-;-;-;-;-;-;-;-;1,452;-;-;-;-;-;-;-
DOLZ26P004400;BRBMEFD204R0;FINANCIAL;-;-;-;-;-;-;-;-;-;3,059;-;-;-;-;-;-;-
DOLZ26P004500;BRBMEFD204S8;FINANCIAL;-;-;-;-;-;-;-;-;-;6,037;-;-;-;-;-;-;-
DOLZ26P004600;BRBMEFD204T6;FINANCIAL;-;-;-;-;-;-;-;-;-;11,204;-;-;-;-;-;-;-
DOLZ26P004700;BRBMEFD204U4;FINANCIAL;-;-;-;-;-;-;-;-;-;19,592;-;-;-;-;-;-;-
DOLZ26P004800;BRBMEFD204V2;FINANCIAL;35;35;35;35;35;67,66;-;-;-;33,2;-;-;-;-;1;20;35000
DOLV26C004500;BRBMEFCD46L7;FINANCIAL;-;-;-;-;-;-;-;-;-;647,739;-;-;-;-;-;-;-
DOLV26P004500;BRBMEFVD46M5;FINANCIAL;-;-;-;-;-;-;-;-;-;0,001;-;-;-;-;-;-;-
DOLX26C004500;BRBMEFDC03H6;FINANCIAL;-;-;-;-;-;-;-;-;-;674,329;-;-;-;-;-;-;-
DOLX26C004550;BRBMEFDC03I4;FINANCIAL;-;-;-;-;-;-;-;-;-;626,806;-;-;-;-;-;-;-
DOLX26C004600;BRBMEFDC03J2;FINANCIAL;-;-;-;-;-;-;-;-;-;579,877;-;-;-;-;-;-;-
DOLX26C004650;BRBMEFDC03K0;FINANCIAL;-;-;-;-;-;-;-;-;-;533,641;-;-;-;-;-;-;-
DOLX26C004700;BRBMEFDC03L8;FINANCIAL;-;-;-;-;-;-;-;-;-;488,302;-;-;-;-;-;-;-
DOLX26C004750;BRBMEFDC03M6;FINANCIAL;-;-;-;-;-;-;-;-;-;444,127;-;-;-;-;-;-;-
DOLX26C004800;BRBMEFDC03N4;FINANCIAL;-;-;-;-;-;-;-;-;-;401,615;-;-;-;-;-;-;-
DOLX26C004850;BRBMEFDC03O2;FINANCIAL;-;-;-;-;-;-;-;-;-;360,723;-;-;-;-;-;-;-
DOLX26C004900;BRBMEFDC03P9;FINANCIAL;-;-;-;-;-;-;-;-;-;321,767;-;-;-;-;-;-;-
DOLX26C004950;BRBMEFDC03Q7;FINANCIAL;-;-;-;-;-;-;-;-;-;284,86;-;-;-;-;-;-;-
DOLX26C005000;BRBMEFDC03R5;FINANCIAL;-;-;-;-;-;-;-;-;-;250,565;-;-;-;-;-;-;-
DOLX26C005050;BRBMEFDC03S3;FINANCIAL;-;-;-;-;-;-;-;-;-;218,825;-;-;-;-;-;-;-
DOLX26C005100;BRBMEFDC03T1;FINANCIAL;-;-;-;-;-;-;-;-;-;189,749;-;-;-;-;-;-;-
DOLX26C005150;BRBMEFDC03U9;FINANCIAL;-;-;-;-;-;-;-;-;-;163,464;-;-;-;-;-;-;-
DOLX26C005200;BRBMEFDC03V7;FINANCIAL;-;-;-;-;-;-;-;-;-;139,891;-;-;-;-;-;-;-
DOLX26C005250;BRBMEFDC03W5;FINANCIAL;120;120;120;120;120;42,56;-;-;-;119,039;-;-;-;-;1;300;1800000
DOLX26C005300;BRBMEFDC03X3;FINANCIAL;-;-;-;-;-;-;-;-;-;100,718;-;-;-;-;-;-;-
DOLX26C005350;BRBMEFDC03Y1;FINANCIAL;-;-;-;-;-;-;-;-;-;84,773;-;-;-;-;-;-;-
DOLX26C005400;BRBMEFDC03Z8;FINANCIAL;-;-;-;-;-;-;-;-;-;71,02;-;-;-;-;-;-;-
DOLX26C005450;BRBMEFDC0401;FINANCIAL;-;-;-;-;-;-;-;-;-;59,256;-;-;-;-;-;-;-
DOLX26C005500;BRBMEFDC0419;FINANCIAL;35,8;35,8;35,8;35,8;35,8;-23,01;-;-;-;49,329;-;-;-;-;1;1.000;1790000
DOLX26C005550;BRBMEFDC0427;FINANCIAL;-;-;-;-;-;-;-;-;-;40,91;-;-;-;-;-;-;-
DOLX26C005600;BRBMEFDC0435;FINANCIAL;-;-;-;-;-;-;-;-;-;33,858;-;-;-;-;-;-;-
DOLX26C005650;BRBMEFDC0443;FINANCIAL;-;-;-;-;-;-;-;-;-;27,984;-;-;-;-;-;-;-
DOLX26C005700;BRBMEFDC0450;FINANCIAL;-;-;-;-;-;-;-;-;-;23,039;-;-;-;-;-;-;-
DOLX26C005750;BRBMEFDC0468;FINANCIAL;12,615;12,615;12,615;12,615;12,615;-27,91;-;-;-;18,926;-;-;-;-;2;2.000;1261500
DOLX26C005800;BRBMEFDC0476;FINANCIAL;-;-;-;-;-;-;-;-;-;15,787;-;-;-;-;-;-;-
DOLX26C005850;BRBMEFDC0484;FINANCIAL;-;-;-;-;-;-;-;-;-;13,23;-;-;-;-;-;-;-
DOLX26C005900;BRBMEFDC0492;FINANCIAL;-;-;-;-;-;-;-;-;-;11,078;-;-;-;-;-;-;-
DOLX26C005950;BRBMEFDC04A9;FINANCIAL;-;-;-;-;-;-;-;-;-;9,309;-;-;-;-;-;-;-
DOLX26C006000;BRBMEFDC04B7;FINANCIAL;-;-;-;-;-;-;-;-;-;7,728;-;-;-;-;-;-;-
DOLX26C006050;BRBMEFDC04C5;FINANCIAL;-;-;-;-;-;-;-;-;-;6,326;-;-;-;-;-;-;-
DOLX26C006100;BRBMEFDC04D3;FINANCIAL;-;-;-;-;-;-;-;-;-;5,176;-;-;-;-;-;-;-
DOLX26C006150;BRBMEFDC04E1;FINANCIAL;-;-;-;-;-;-;-;-;-;4,245;-;-;-;-;-;-;-
DOLX26C006200;BRBMEFDC04F8;FINANCIAL;-;-;-;-;-;-;-;-;-;3,482;-;-;-;-;-;-;-
DOLX26C006250;BRBMEFDC04G6;FINANCIAL;-;-;-;-;-;-;-;-;-;2,848;-;-;-;-;-;-;-
DOLX26C006300;BRBMEFDC04H4;FINANCIAL;-;-;-;-;-;-;-;-;-;2,338;-;-;-;-;-;-;-
DOLX26C006350;BRBMEFDC04I2;FINANCIAL;-;-;-;-;-;-;-;-;-;1,92;-;-;-;-;-;-;-
DOLX26C006400;BRBMEFDC04J0;FINANCIAL;-;-;-;-;-;-;-;-;-;1,578;-;-;-;-;-;-;-
DOLX26C006450;BRBMEFDC04K8;FINANCIAL;-;-;-;-;-;-;-;-;-;1,241;-;-;-;-;-;-;-
DOLX26C006500;BRBMEFDC04L6;FINANCIAL;-;-;-;-;-;-;-;-;-;0,956;-;-;-;-;-;-;-
DOLX26P004500;BRBMEFVDY5Z7;FINANCIAL;-;-;-;-;-;-;-;-;-;3,614;-;-;-;-;-;-;-
DOLX26P004550;BRBMEFVDY601;FINANCIAL;-;-;-;-;-;-;-;-;-;5,208;-;-;-;-;-;-;-
DOLX26P004600;BRBMEFVDY619;FINANCIAL;-;-;-;-;-;-;-;-;-;7,395;-;-;-;-;-;-;-
DOLX26P004650;BRBMEFVDY627;FINANCIAL;-;-;-;-;-;-;-;-;-;10,275;-;-;-;-;-;-;-
DOLX26P004700;BRBMEFVDY635;FINANCIAL;-;-;-;-;-;-;-;-;-;14,053;-;-;-;-;-;-;-
DOLX26P004750;BRBMEFVDY643;FINANCIAL;-;-;-;-;-;-;-;-;-;18,996;-;-;-;-;-;-;-
DOLX26P004800;BRBMEFVDY650;FINANCIAL;-;-;-;-;-;-;-;-;-;25,6;-;-;-;-;-;-;-
DOLX26P004850;BRBMEFVDY668;FINANCIAL;-;-;-;-;-;-;-;-;-;33,825;-;-;-;-;-;-;-
DOLX26P004900;BRBMEFVDY676;FINANCIAL;-;-;-;-;-;-;-;-;-;43,986;-;-;-;-;-;-;-
DOLX26P004950;BRBMEFVDY684;FINANCIAL;-;-;-;-;-;-;-;-;-;56,195;-;-;-;-;-;-;-
DOLX26P005000;BRBMEFVDY692;FINANCIAL;-;-;-;-;-;-;-;-;-;71,017;-;-;-;-;-;-;-
DOLX26P005050;BRBMEFVDY6A8;FINANCIAL;-;-;-;-;-;-;-;-;-;88,394;-;-;-;-;-;-;-
DOLX26P005100;BRBMEFVDY6B6;FINANCIAL;-;-;-;-;-;-;-;-;-;108,434;-;-;-;-;-;-;-
DOLX26P005150;BRBMEFVDY6C4;FINANCIAL;-;-;-;-;-;-;-;-;-;131,266;-;-;-;-;-;-;-
DOLX26P005200;BRBMEFVDY6D2;FINANCIAL;-;-;-;-;-;-;-;-;-;156,81;-;-;-;-;-;-;-
DOLX26P005250;BRBMEFVDY6E0;FINANCIAL;-;-;-;-;-;-;-;-;-;185,075;-;-;-;-;-;-;-
DOLX26P005300;BRBMEFVDY6F7;FINANCIAL;-;-;-;-;-;-;-;-;-;215,871;-;-;-;-;-;-;-
DOLX26P005350;BRBMEFVDY6G5;FINANCIAL;-;-;-;-;-;-;-;-;-;249,043;-;-;-;-;-;-;-
DOLX26P005400;BRBMEFVDY6H3;FINANCIAL;-;-;-;-;-;-;-;-;-;284,406;-;-;-;-;-;-;-
DOLX26P005450;BRBMEFVDY6I1;FINANCIAL;-;-;-;-;-;-;-;-;-;321,759;-;-;-;-;-;-;-
DOLX26P005500;BRBMEFVDY6J9;FINANCIAL;-;-;-;-;-;-;-;-;-;360,949;-;-;-;-;-;-;-
DOLX26P005550;BRBMEFVDY6K7;FINANCIAL;-;-;-;-;-;-;-;-;-;401,646;-;-;-;-;-;-;-
DOLX26P005600;BRBMEFVDY6L5;FINANCIAL;-;-;-;-;-;-;-;-;-;443,711;-;-;-;-;-;-;-
DOLX26P005650;BRBMEFVDY6M3;FINANCIAL;-;-;-;-;-;-;-;-;-;486,955;-;-;-;-;-;-;-
DOLX26P005700;BRBMEFVDY6N1;FINANCIAL;-;-;-;-;-;-;-;-;-;531,126;-;-;-;-;-;-;-
DOLX26P005750;BRBMEFVDY6O9;FINANCIAL;-;-;-;-;-;-;-;-;-;576,13;-;-;-;-;-;-;-
DOLX26P005800;BRBMEFVDY6P6;FINANCIAL;-;-;-;-;-;-;-;-;-;622,107;-;-;-;-;-;-;-
DOLX26P005850;BRBMEFVDY6Q4;FINANCIAL;-;-;-;-;-;-;-;-;-;668,667;-;-;-;-;-;-;-
DOLX26P005900;BRBMEFVDY6R2;FINANCIAL;-;-;-;-;-;-;-;-;-;715,632;-;-;-;-;-;-;-
DOLX26P005950;BRBMEFVDY6S0;FINANCIAL;-;-;-;-;-;-;-;-;-;762,98;-;-;-;-;-;-;-
DOLX26P006000;BRBMEFVDY6T8;FINANCIAL;-;-;-;-;-;-;-;-;-;810,515;-;-;-;-;-;-;-
DOLX26P006050;BRBMEFVDY6U6;FINANCIAL;-;-;-;-;-;-;-;-;-;858,23;-;-;-;-;-;-;-
DOLX26P006100;BRBMEFVDY6V4;FINANCIAL;-;-;-;-;-;-;-;-;-;906,197;-;-;-;-;-;-;-
DOLX26P006150;BRBMEFVDY6W2;FINANCIAL;-;-;-;-;-;-;-;-;-;954,382;-;-;-;-;-;-;-
DOLX26P006200;BRBMEFVDY6X0;FINANCIAL;-;-;-;-;-;-;-;-;-;1002,736;-;-;-;-;-;-;-
DOLX26P006250;BRBMEFVDY6Y8;FINANCIAL;-;-;-;-;-;-;-;-;-;1051,219;-;-;-;-;-;-;-
DOLX26P006300;BRBMEFVDY6Z5;FINANCIAL;-;-;-;-;-;-;-;-;-;1099,826;-;-;-;-;-;-;-
DOLX26P006350;BRBMEFVDY700;FINANCIAL;-;-;-;-;-;-;-;-;-;1148,525;-;-;-;-;-;-;-
DOLX26P006400;BRBMEFVDY718;FINANCIAL;-;-;-;-;-;-;-;-;-;1197,3;-;-;-;-;-;-;-
DOLX26P006450;BRBMEFVDY726;FINANCIAL;-;-;-;-;-;-;-;-;-;1246,079;-;-;-;-;-;-;-
DOLX26P006500;BRBMEFVDY734;FINANCIAL;-;-;-;-;-;-;-;-;-;1294,911;-;-;-;-;-;-;-
DOLX26C006750;BRBMEFDC04M4;FINANCIAL;-;-;-;-;-;-;-;-;-;0,243;-;-;-;-;-;-;-
DOLX26P006750;BRBMEFVDY742;FINANCIAL;-;-;-;-;-;-;-;-;-;1539,782;-;-;-;-;-;-;-
DOLF28C005000;BRBMEFCE1JX3;FINANCIAL;-;-;-;-;-;-;-;-;-;625,904;-;-;-;-;-;-;-
DOLF28C005050;BRBMEFCE1JY1;FINANCIAL;-;-;-;-;-;-;-;-;-;596,211;-;-;-;-;-;-;-
DOLF28C005100;BRBMEFCE1JZ8;FINANCIAL;-;-;-;-;-;-;-;-;-;567,61;-;-;-;-;-;-;-
DOLF28C005150;BRBMEFCE1K01;FINANCIAL;-;-;-;-;-;-;-;-;-;540,133;-;-;-;-;-;-;-
DOLF28C005200;BRBMEFCE1K19;FINANCIAL;-;-;-;-;-;-;-;-;-;513,431;-;-;-;-;-;-;-
DOLF28C005250;BRBMEFCE1K27;FINANCIAL;-;-;-;-;-;-;-;-;-;487,876;-;-;-;-;-;-;-
DOLF28C005300;BRBMEFCE1K35;FINANCIAL;-;-;-;-;-;-;-;-;-;463,086;-;-;-;-;-;-;-
DOLF28C005350;BRBMEFCE1K43;FINANCIAL;-;-;-;-;-;-;-;-;-;439,449;-;-;-;-;-;-;-
DOLF28C005400;BRBMEFCE1K50;FINANCIAL;-;-;-;-;-;-;-;-;-;416,763;-;-;-;-;-;-;-
DOLF28C005450;BRBMEFCE1K68;FINANCIAL;-;-;-;-;-;-;-;-;-;395,227;-;-;-;-;-;-;-
DOLF28C005550;BRBMEFCE1K76;FINANCIAL;-;-;-;-;-;-;-;-;-;354,72;-;-;-;-;-;-;-
DOLF28C005650;BRBMEFCE1K84;FINANCIAL;-;-;-;-;-;-;-;-;-;317,996;-;-;-;-;-;-;-
DOLF28P005000;BRBMEFDE1J36;FINANCIAL;-;-;-;-;-;-;-;-;-;109,552;-;-;-;-;-;-;-
DOLF28P005050;BRBMEFDE1J44;FINANCIAL;-;-;-;-;-;-;-;-;-;122,222;-;-;-;-;-;-;-
DOLF28P005100;BRBMEFDE1J51;FINANCIAL;-;-;-;-;-;-;-;-;-;135,984;-;-;-;-;-;-;-
DOLF28P005150;BRBMEFDE1J69;FINANCIAL;-;-;-;-;-;-;-;-;-;150,87;-;-;-;-;-;-;-
DOLF28P005200;BRBMEFDE1J77;FINANCIAL;-;-;-;-;-;-;-;-;-;166,531;-;-;-;-;-;-;-
DOLF28P005250;BRBMEFDE1J85;FINANCIAL;-;-;-;-;-;-;-;-;-;183,338;-;-;-;-;-;-;-
DOLF28P005300;BRBMEFDE1J93;FINANCIAL;-;-;-;-;-;-;-;-;-;200,912;-;-;-;-;-;-;-
DOLF28P005350;BRBMEFDE1JA0;FINANCIAL;-;-;-;-;-;-;-;-;-;219,637;-;-;-;-;-;-;-
DOLF28P005400;BRBMEFDE1JB8;FINANCIAL;-;-;-;-;-;-;-;-;-;239,314;-;-;-;-;-;-;-
DOLF28P005450;BRBMEFDE1JC6;FINANCIAL;-;-;-;-;-;-;-;-;-;260,141;-;-;-;-;-;-;-
DOLF28P005550;BRBMEFDE1JD4;FINANCIAL;-;-;-;-;-;-;-;-;-;304,36;-;-;-;-;-;-;-
DOLF28P005650;BRBMEFDE1JE2;FINANCIAL;-;-;-;-;-;-;-;-;-;352,363;-;-;-;-;-;-;-
DOLZ26C005250;BRBMEFD104X0;FINANCIAL;150,73;150,73;150,73;150,73;150,73;3,23;-;-;-;152,585;-;-;-;-;1;650;4898725
DOLZ26P005250;BRBMEFD204W0;FINANCIAL;-;-;-;-;-;-;-;-;-;190,572;-;-;-;-;-;-;-
DOLF28C007100;BRBMEFCE1K92;FINANCIAL;-;-;-;-;-;-;-;-;-;67,206;-;-;-;-;-;-;-
DOLF28C007200;BRBMEFCE1KA9;FINANCIAL;-;-;-;-;-;-;-;-;-;60,942;-;-;-;-;-;-;-
DOLF28C007300;BRBMEFCE1KB7;FINANCIAL;-;-;-;-;-;-;-;-;-;55,466;-;-;-;-;-;-;-
DOLF28C007400;BRBMEFCE1KC5;FINANCIAL;-;-;-;-;-;-;-;-;-;50,578;-;-;-;-;-;-;-
DOLF28C007600;BRBMEFCE1KD3;FINANCIAL;-;-;-;-;-;-;-;-;-;42,395;-;-;-;-;-;-;-
DOLF28C007700;BRBMEFCE1KE1;FINANCIAL;-;-;-;-;-;-;-;-;-;39,151;-;-;-;-;-;-;-
DOLF28C007800;BRBMEFCE1KF8;FINANCIAL;-;-;-;-;-;-;-;-;-;36,321;-;-;-;-;-;-;-
DOLF28C007900;BRBMEFCE1KG6;FINANCIAL;-;-;-;-;-;-;-;-;-;33,699;-;-;-;-;-;-;-
DOLF28P007100;BRBMEFDE1JF9;FINANCIAL;-;-;-;-;-;-;-;-;-;1330,097;-;-;-;-;-;-;-
DOLF28P007200;BRBMEFDE1JG7;FINANCIAL;-;-;-;-;-;-;-;-;-;1408,559;-;-;-;-;-;-;-
DOLF28P007300;BRBMEFDE1JH5;FINANCIAL;-;-;-;-;-;-;-;-;-;1487,809;-;-;-;-;-;-;-
DOLF28P007400;BRBMEFDE1JI3;FINANCIAL;-;-;-;-;-;-;-;-;-;1567,647;-;-;-;-;-;-;-
DOLF28P007600;BRBMEFDE1JJ1;FINANCIAL;-;-;-;-;-;-;-;-;-;1728,916;-;-;-;-;-;-;-
DOLF28P007700;BRBMEFDE1JK9;FINANCIAL;-;-;-;-;-;-;-;-;-;1810,397;-;-;-;-;-;-;-
DOLF28P007800;BRBMEFDE1JL7;FINANCIAL;-;-;-;-;-;-;-;-;-;1892,294;-;-;-;-;-;-;-
DOLF28P007900;BRBMEFDE1JM5;FINANCIAL;-;-;-;-;-;-;-;-;-;1974,397;-;-;-;-;-;-;-
DOLZ26C005150;BRBMEFD104Y8;FINANCIAL;-;-;-;-;-;-;-;-;-;199,014;-;-;-;-;-;-;-
DOLZ26C005200;BRBMEFD104Z5;FINANCIAL;166;166;166;166;166;2,94;-;-;-;174,635;-;-;-;-;1;20;166000
DOLZ26C005300;BRBMEFD10507;FINANCIAL;110,4;110,4;110,4;110,4;110,4;-6,51;-;-;-;132,886;-;-;-;-;1;100;552000
DOLZ26C005450;BRBMEFD10515;FINANCIAL;-;-;-;-;-;-;-;-;-;85,837;-;-;-;-;-;-;-
DOLZ26P005150;BRBMEFD204X8;FINANCIAL;-;-;-;-;-;-;-;-;-;139,701;-;-;-;-;-;-;-
DOLZ26P005200;BRBMEFD204Y6;FINANCIAL;-;-;-;-;-;-;-;-;-;163,972;-;-;-;-;-;-;-
DOLZ26P005300;BRBMEFD204Z3;FINANCIAL;-;-;-;-;-;-;-;-;-;219,522;-;-;-;-;-;-;-
DOLZ26P005450;BRBMEFD20506;FINANCIAL;-;-;-;-;-;-;-;-;-;318,422;-;-;-;-;-;-;-
DOLZ26C004150;BRBMEFD10523;FINANCIAL;-;-;-;-;-;-;-;-;-;1032,689;-;-;-;-;-;-;-
DOLZ26C004250;BRBMEFD10531;FINANCIAL;-;-;-;-;-;-;-;-;-;935,958;-;-;-;-;-;-;-
DOLZ26C004350;BRBMEFD10549;FINANCIAL;-;-;-;-;-;-;-;-;-;839,832;-;-;-;-;-;-;-
DOLZ26C004450;BRBMEFD10556;FINANCIAL;-;-;-;-;-;-;-;-;-;744,739;-;-;-;-;-;-;-
DOLZ26C004550;BRBMEFD10564;FINANCIAL;-;-;-;-;-;-;-;-;-;651,416;-;-;-;-;-;-;-
DOLZ26C004650;BRBMEFD10572;FINANCIAL;-;-;-;-;-;-;-;-;-;560,743;-;-;-;-;-;-;-
DOLZ26C004750;BRBMEFD10580;FINANCIAL;-;-;-;-;-;-;-;-;-;474,21;-;-;-;-;-;-;-
DOLZ26C004850;BRBMEFD10598;FINANCIAL;-;-;-;-;-;-;-;-;-;393,54;-;-;-;-;-;-;-
DOLZ26C005050;BRBMEFD105A5;FINANCIAL;-;-;-;-;-;-;-;-;-;254,783;-;-;-;-;-;-;-
DOLZ26C005650;BRBMEFD105B3;FINANCIAL;-;-;-;-;-;-;-;-;-;46,357;-;-;-;-;-;-;-
DOLZ26C005750;BRBMEFD105C1;FINANCIAL;-;-;-;-;-;-;-;-;-;33,755;-;-;-;-;-;-;-
DOLZ26C005850;BRBMEFD105D9;FINANCIAL;-;-;-;-;-;-;-;-;-;24,448;-;-;-;-;-;-;-
DOLZ26C005950;BRBMEFD105E7;FINANCIAL;-;-;-;-;-;-;-;-;-;18,008;-;-;-;-;-;-;-
DOLZ26C006050;BRBMEFD105F4;FINANCIAL;-;-;-;-;-;-;-;-;-;13,502;-;-;-;-;-;-;-
DOLZ26C006150;BRBMEFD105G2;FINANCIAL;-;-;-;-;-;-;-;-;-;10,21;-;-;-;-;-;-;-
DOLZ26C006200;BRBMEFD105H0;FINANCIAL;-;-;-;-;-;-;-;-;-;8,716;-;-;-;-;-;-;-
DOLZ26C006250;BRBMEFD105I8;FINANCIAL;-;-;-;-;-;-;-;-;-;7,404;-;-;-;-;-;-;-
DOLZ26C006300;BRBMEFD105J6;FINANCIAL;-;-;-;-;-;-;-;-;-;6,289;-;-;-;-;-;-;-
DOLZ26C006350;BRBMEFD105K4;FINANCIAL;-;-;-;-;-;-;-;-;-;5,359;-;-;-;-;-;-;-
DOLZ26C006400;BRBMEFD105L2;FINANCIAL;-;-;-;-;-;-;-;-;-;4,555;-;-;-;-;-;-;-
DOLZ26C006450;BRBMEFD105M0;FINANCIAL;-;-;-;-;-;-;-;-;-;3,885;-;-;-;-;-;-;-
DOLZ26C006500;BRBMEFD105N8;FINANCIAL;-;-;-;-;-;-;-;-;-;3,316;-;-;-;-;-;-;-
DOLZ26C006550;BRBMEFD105O6;FINANCIAL;-;-;-;-;-;-;-;-;-;2,832;-;-;-;-;-;-;-
DOLZ26C006600;BRBMEFD105P3;FINANCIAL;-;-;-;-;-;-;-;-;-;2,421;-;-;-;-;-;-;-
DOLZ26C006650;BRBMEFD105Q1;FINANCIAL;-;-;-;-;-;-;-;-;-;2,072;-;-;-;-;-;-;-
DOLZ26C006700;BRBMEFD105R9;FINANCIAL;-;-;-;-;-;-;-;-;-;1,775;-;-;-;-;-;-;-
DOLZ26C006750;BRBMEFD105S7;FINANCIAL;-;-;-;-;-;-;-;-;-;1,446;-;-;-;-;-;-;-
DOLZ26C006800;BRBMEFD105T5;FINANCIAL;-;-;-;-;-;-;-;-;-;1,17;-;-;-;-;-;-;-
DOLZ26C006850;BRBMEFD105U3;FINANCIAL;-;-;-;-;-;-;-;-;-;0,945;-;-;-;-;-;-;-
DOLZ26C006900;BRBMEFD105V1;FINANCIAL;-;-;-;-;-;-;-;-;-;0,761;-;-;-;-;-;-;-
DOLZ26C006950;BRBMEFD105W9;FINANCIAL;-;-;-;-;-;-;-;-;-;0,612;-;-;-;-;-;-;-
DOLZ26C007000;BRBMEFD105X7;FINANCIAL;-;-;-;-;-;-;-;-;-;0,49;-;-;-;-;-;-;-
DOLZ26C007050;BRBMEFD105Y5;FINANCIAL;-;-;-;-;-;-;-;-;-;0,392;-;-;-;-;-;-;-
DOLZ26C007100;BRBMEFD105Z2;FINANCIAL;-;-;-;-;-;-;-;-;-;0,313;-;-;-;-;-;-;-
DOLZ26C007150;BRBMEFD10606;FINANCIAL;-;-;-;-;-;-;-;-;-;0,249;-;-;-;-;-;-;-
DOLZ26C007200;BRBMEFD10614;FINANCIAL;-;-;-;-;-;-;-;-;-;0,198;-;-;-;-;-;-;-
DOLZ26C007250;BRBMEFD10622;FINANCIAL;-;-;-;-;-;-;-;-;-;0,157;-;-;-;-;-;-;-
DOLZ26C007300;BRBMEFD10630;FINANCIAL;-;-;-;-;-;-;-;-;-;0,124;-;-;-;-;-;-;-
DOLZ26C007350;BRBMEFD10648;FINANCIAL;-;-;-;-;-;-;-;-;-;0,098;-;-;-;-;-;-;-
DOLZ26C007400;BRBMEFD10655;FINANCIAL;-;-;-;-;-;-;-;-;-;0,077;-;-;-;-;-;-;-
DOLZ26C007450;BRBMEFD10663;FINANCIAL;-;-;-;-;-;-;-;-;-;0,06;-;-;-;-;-;-;-
DOLZ26C007500;BRBMEFD10671;FINANCIAL;-;-;-;-;-;-;-;-;-;0,047;-;-;-;-;-;-;-
DOLZ26C007550;BRBMEFD10689;FINANCIAL;-;-;-;-;-;-;-;-;-;0,037;-;-;-;-;-;-;-
DOLZ26C007600;BRBMEFD10697;FINANCIAL;-;-;-;-;-;-;-;-;-;0,029;-;-;-;-;-;-;-
DOLZ26C007650;BRBMEFD106A3;FINANCIAL;-;-;-;-;-;-;-;-;-;0,023;-;-;-;-;-;-;-
DOLZ26C007700;BRBMEFD106B1;FINANCIAL;-;-;-;-;-;-;-;-;-;0,018;-;-;-;-;-;-;-
DOLZ26C007750;BRBMEFD106C9;FINANCIAL;-;-;-;-;-;-;-;-;-;0,014;-;-;-;-;-;-;-
DOLZ26C007800;BRBMEFD106D7;FINANCIAL;-;-;-;-;-;-;-;-;-;0,011;-;-;-;-;-;-;-
DOLZ26C007850;BRBMEFD106E5;FINANCIAL;-;-;-;-;-;-;-;-;-;0,008;-;-;-;-;-;-;-
DOLZ26C007900;BRBMEFD106F2;FINANCIAL;-;-;-;-;-;-;-;-;-;0,006;-;-;-;-;-;-;-
DOLZ26C007950;BRBMEFD106G0;FINANCIAL;-;-;-;-;-;-;-;-;-;0,005;-;-;-;-;-;-;-
DOLZ26C008000;BRBMEFD106H8;FINANCIAL;-;-;-;-;-;-;-;-;-;0,004;-;-;-;-;-;-;-
DOLZ26P004150;BRBMEFD20514;FINANCIAL;-;-;-;-;-;-;-;-;-;0,384;-;-;-;-;-;-;-
DOLZ26P004250;BRBMEFD20522;FINANCIAL;-;-;-;-;-;-;-;-;-;0,953;-;-;-;-;-;-;-
DOLZ26P004350;BRBMEFD20530;FINANCIAL;-;-;-;-;-;-;-;-;-;2,126;-;-;-;-;-;-;-
DOLZ26P004450;BRBMEFD20548;FINANCIAL;-;-;-;-;-;-;-;-;-;4,332;-;-;-;-;-;-;-
DOLZ26P004550;BRBMEFD20555;FINANCIAL;-;-;-;-;-;-;-;-;-;8,308;-;-;-;-;-;-;-
DOLZ26P004650;BRBMEFD20563;FINANCIAL;-;-;-;-;-;-;-;-;-;14,935;-;-;-;-;-;-;-
DOLZ26P004750;BRBMEFD20571;FINANCIAL;-;-;-;-;-;-;-;-;-;25,7;-;-;-;-;-;-;-
DOLZ26P004850;BRBMEFD20589;FINANCIAL;-;-;-;-;-;-;-;-;-;42,329;-;-;-;-;-;-;-
DOLZ26P005050;BRBMEFD20597;FINANCIAL;-;-;-;-;-;-;-;-;-;98,171;-;-;-;-;-;-;-
DOLZ26P005650;BRBMEFD205A3;FINANCIAL;-;-;-;-;-;-;-;-;-;473,541;-;-;-;-;-;-;-
DOLZ26P005750;BRBMEFD205B1;FINANCIAL;-;-;-;-;-;-;-;-;-;558,238;-;-;-;-;-;-;-
DOLZ26P005850;BRBMEFD205C9;FINANCIAL;-;-;-;-;-;-;-;-;-;646,23;-;-;-;-;-;-;-
DOLZ26P005950;BRBMEFD205D7;FINANCIAL;-;-;-;-;-;-;-;-;-;737,089;-;-;-;-;-;-;-
DOLZ26P006050;BRBMEFD205E5;FINANCIAL;-;-;-;-;-;-;-;-;-;829,883;-;-;-;-;-;-;-
DOLZ26P006150;BRBMEFD205F2;FINANCIAL;-;-;-;-;-;-;-;-;-;923,89;-;-;-;-;-;-;-
DOLZ26P006200;BRBMEFD205G0;FINANCIAL;-;-;-;-;-;-;-;-;-;971,045;-;-;-;-;-;-;-
DOLZ26P006250;BRBMEFD205H8;FINANCIAL;-;-;-;-;-;-;-;-;-;1018,383;-;-;-;-;-;-;-
DOLZ26P006300;BRBMEFD205I6;FINANCIAL;-;-;-;-;-;-;-;-;-;1065,918;-;-;-;-;-;-;-
DOLZ26P006350;BRBMEFD205J4;FINANCIAL;-;-;-;-;-;-;-;-;-;1113,637;-;-;-;-;-;-;-
DOLZ26P006400;BRBMEFD205K2;FINANCIAL;-;-;-;-;-;-;-;-;-;1161,483;-;-;-;-;-;-;-
DOLZ26P006450;BRBMEFD205L0;FINANCIAL;-;-;-;-;-;-;-;-;-;1209,462;-;-;-;-;-;-;-
DOLZ26P006500;BRBMEFD205M8;FINANCIAL;-;-;-;-;-;-;-;-;-;1257,543;-;-;-;-;-;-;-
DOLZ26P006550;BRBMEFD205N6;FINANCIAL;-;-;-;-;-;-;-;-;-;1305,709;-;-;-;-;-;-;-
DOLZ26P006600;BRBMEFD205O4;FINANCIAL;-;-;-;-;-;-;-;-;-;1353,948;-;-;-;-;-;-;-
DOLZ26P006650;BRBMEFD205P1;FINANCIAL;-;-;-;-;-;-;-;-;-;1402,248;-;-;-;-;-;-;-
DOLZ26P006700;BRBMEFD205Q9;FINANCIAL;-;-;-;-;-;-;-;-;-;1450,6;-;-;-;-;-;-;-
DOLZ26P006750;BRBMEFD205R7;FINANCIAL;-;-;-;-;-;-;-;-;-;1498,921;-;-;-;-;-;-;-
DOLZ26P006800;BRBMEFD205S5;FINANCIAL;-;-;-;-;-;-;-;-;-;1547,295;-;-;-;-;-;-;-
DOLZ26P006850;BRBMEFD205T3;FINANCIAL;-;-;-;-;-;-;-;-;-;1595,72;-;-;-;-;-;-;-
DOLZ26P006900;BRBMEFD205U1;FINANCIAL;-;-;-;-;-;-;-;-;-;1644,185;-;-;-;-;-;-;-
DOLZ26P006950;BRBMEFD205V9;FINANCIAL;-;-;-;-;-;-;-;-;-;1692,685;-;-;-;-;-;-;-
DOLZ26P007000;BRBMEFD205W7;FINANCIAL;-;-;-;-;-;-;-;-;-;1741,214;-;-;-;-;-;-;-
DOLZ26P007050;BRBMEFD205X5;FINANCIAL;-;-;-;-;-;-;-;-;-;1789,765;-;-;-;-;-;-;-
DOLZ26P007100;BRBMEFD205Y3;FINANCIAL;-;-;-;-;-;-;-;-;-;1838,335;-;-;-;-;-;-;-
DOLZ26P007150;BRBMEFD205Z0;FINANCIAL;-;-;-;-;-;-;-;-;-;1886,921;-;-;-;-;-;-;-
DOLZ26P007200;BRBMEFD20605;FINANCIAL;-;-;-;-;-;-;-;-;-;1935,52;-;-;-;-;-;-;-
DOLZ26P007250;BRBMEFD20613;FINANCIAL;-;-;-;-;-;-;-;-;-;1984,128;-;-;-;-;-;-;-
DOLZ26P007300;BRBMEFD20621;FINANCIAL;-;-;-;-;-;-;-;-;-;2032,745;-;-;-;-;-;-;-
DOLZ26P007350;BRBMEFD20639;FINANCIAL;-;-;-;-;-;-;-;-;-;2081,369;-;-;-;-;-;-;-
DOLZ26P007400;BRBMEFD20647;FINANCIAL;-;-;-;-;-;-;-;-;-;2129,997;-;-;-;-;-;-;-
DOLZ26P007450;BRBMEFD20654;FINANCIAL;-;-;-;-;-;-;-;-;-;2178,631;-;-;-;-;-;-;-
DOLZ26P007500;BRBMEFD20662;FINANCIAL;-;-;-;-;-;-;-;-;-;2227,267;-;-;-;-;-;-;-
DOLZ26P007550;BRBMEFD20670;FINANCIAL;-;-;-;-;-;-;-;-;-;2275,906;-;-;-;-;-;-;-
DOLZ26P007600;BRBMEFD20688;FINANCIAL;-;-;-;-;-;-;-;-;-;2324,548;-;-;-;-;-;-;-
DOLZ26P007650;BRBMEFD20696;FINANCIAL;-;-;-;-;-;-;-;-;-;2373,191;-;-;-;-;-;-;-
DOLZ26P007700;BRBMEFD206A1;FINANCIAL;-;-;-;-;-;-;-;-;-;2421,836;-;-;-;-;-;-;-
DOLZ26P007750;BRBMEFD206B9;FINANCIAL;-;-;-;-;-;-;-;-;-;2470,481;-;-;-;-;-;-;-
DOLZ26P007800;BRBMEFD206C7;FINANCIAL;-;-;-;-;-;-;-;-;-;2519,128;-;-;-;-;-;-;-
DOLZ26P007850;BRBMEFD206D5;FINANCIAL;-;-;-;-;-;-;-;-;-;2567,775;-;-;-;-;-;-;-
DOLZ26P007900;BRBMEFD206E3;FINANCIAL;-;-;-;-;-;-;-;-;-;2616,423;-;-;-;-;-;-;-
DOLZ26P007950;BRBMEFD206F0;FINANCIAL;-;-;-;-;-;-;-;-;-;2665,071;-;-;-;-;-;-;-
DOLZ26P008000;BRBMEFD206G8;FINANCIAL;-;-;-;-;-;-;-;-;-;2713,72;-;-;-;-;-;-;-
DOLF27C005450;BRBMEFCE1KH4;FINANCIAL;-;-;-;-;-;-;-;-;-;115,286;-;-;-;-;-;-;-
DOLF27P005450;BRBMEFDE1JN3;FINANCIAL;-;-;-;-;-;-;-;-;-;317,489;-;-;-;-;-;-;-
DOLF27C005250;BRBMEFCE1KJ0;FINANCIAL;-;-;-;-;-;-;-;-;-;187,281;-;-;-;-;-;-;-
DOLF27C005350;BRBMEFCE1KI2;FINANCIAL;-;-;-;-;-;-;-;-;-;147,718;-;-;-;-;-;-;-
DOLF27P005250;BRBMEFDE1JP8;FINANCIAL;-;-;-;-;-;-;-;-;-;197,023;-;-;-;-;-;-;-
DOLF27P005350;BRBMEFDE1JO1;FINANCIAL;-;-;-;-;-;-;-;-;-;253,691;-;-;-;-;-;-;-
DOLJ28C005800;BRBMEFCL1839;FINANCIAL;-;-;-;-;-;-;-;-;-;326,525;-;-;-;-;-;-;-
DOLJ28C005900;BRBMEFCL1847;FINANCIAL;-;-;-;-;-;-;-;-;-;295,751;-;-;-;-;-;-;-
DOLJ28C006000;BRBMEFCL1854;FINANCIAL;-;-;-;-;-;-;-;-;-;267,923;-;-;-;-;-;-;-
DOLJ28C006100;BRBMEFCL1862;FINANCIAL;-;-;-;-;-;-;-;-;-;242,625;-;-;-;-;-;-;-
DOLJ28C006200;BRBMEFCL1870;FINANCIAL;-;-;-;-;-;-;-;-;-;219,674;-;-;-;-;-;-;-
DOLJ28C006300;BRBMEFCL1888;FINANCIAL;-;-;-;-;-;-;-;-;-;199,319;-;-;-;-;-;-;-
DOLJ28C006400;BRBMEFCL1896;FINANCIAL;-;-;-;-;-;-;-;-;-;180,717;-;-;-;-;-;-;-
DOLJ28C006500;BRBMEFCL18A2;FINANCIAL;-;-;-;-;-;-;-;-;-;164,123;-;-;-;-;-;-;-
DOLJ28C006600;BRBMEFCL18B0;FINANCIAL;-;-;-;-;-;-;-;-;-;149,157;-;-;-;-;-;-;-
DOLJ28C006700;BRBMEFCL18C8;FINANCIAL;-;-;-;-;-;-;-;-;-;135,667;-;-;-;-;-;-;-
DOLJ28C006800;BRBMEFCL18D6;FINANCIAL;-;-;-;-;-;-;-;-;-;123,333;-;-;-;-;-;-;-
DOLJ28C006900;BRBMEFCL18E4;FINANCIAL;-;-;-;-;-;-;-;-;-;112,39;-;-;-;-;-;-;-
DOLJ28C007000;BRBMEFCL18F1;FINANCIAL;-;-;-;-;-;-;-;-;-;102,37;-;-;-;-;-;-;-
DOLJ28C007100;BRBMEFCL18G9;FINANCIAL;-;-;-;-;-;-;-;-;-;93,497;-;-;-;-;-;-;-
DOLJ28C007200;BRBMEFCL18H7;FINANCIAL;-;-;-;-;-;-;-;-;-;85,501;-;-;-;-;-;-;-
DOLJ28P005800;BRBMEFVDE8V4;FINANCIAL;-;-;-;-;-;-;-;-;-;400,859;-;-;-;-;-;-;-
DOLJ28P005900;BRBMEFVDE8W2;FINANCIAL;-;-;-;-;-;-;-;-;-;452,095;-;-;-;-;-;-;-
DOLJ28P006000;BRBMEFVDE8X0;FINANCIAL;-;-;-;-;-;-;-;-;-;506,278;-;-;-;-;-;-;-
DOLJ28P006100;BRBMEFVDE8Y8;FINANCIAL;-;-;-;-;-;-;-;-;-;562,99;-;-;-;-;-;-;-
DOLJ28P006200;BRBMEFVDE8Z5;FINANCIAL;-;-;-;-;-;-;-;-;-;622,049;-;-;-;-;-;-;-
DOLJ28P006300;BRBMEFVDE900;FINANCIAL;-;-;-;-;-;-;-;-;-;683,705;-;-;-;-;-;-;-
DOLJ28P006400;BRBMEFVDE918;FINANCIAL;-;-;-;-;-;-;-;-;-;747,114;-;-;-;-;-;-;-
DOLJ28P006500;BRBMEFVDE926;FINANCIAL;-;-;-;-;-;-;-;-;-;812,53;-;-;-;-;-;-;-
DOLJ28P006600;BRBMEFVDE934;FINANCIAL;-;-;-;-;-;-;-;-;-;879,575;-;-;-;-;-;-;-
DOLJ28P006700;BRBMEFVDE942;FINANCIAL;-;-;-;-;-;-;-;-;-;948,095;-;-;-;-;-;-;-
DOLJ28P006800;BRBMEFVDE959;FINANCIAL;-;-;-;-;-;-;-;-;-;1017,771;-;-;-;-;-;-;-
DOLJ28P006900;BRBMEFVDE967;FINANCIAL;-;-;-;-;-;-;-;-;-;1088,839;-;-;-;-;-;-;-
DOLJ28P007000;BRBMEFVDE975;FINANCIAL;-;-;-;-;-;-;-;-;-;1160,829;-;-;-;-;-;-;-
DOLJ28P007100;BRBMEFVDE983;FINANCIAL;-;-;-;-;-;-;-;-;-;1233,967;-;-;-;-;-;-;-
DOLJ28P007200;BRBMEFVDE991;FINANCIAL;-;-;-;-;-;-;-;-;-;1307,982;-;-;-;-;-;-;-
DOLJ29C005800;BRBMEFCL18I5;FINANCIAL;-;-;-;-;-;-;-;-;-;535,874;-;-;-;-;-;-;-
DOLJ29C005900;BRBMEFCL18J3;FINANCIAL;-;-;-;-;-;-;-;-;-;500,303;-;-;-;-;-;-;-
DOLJ29C006000;BRBMEFCL18K1;FINANCIAL;-;-;-;-;-;-;-;-;-;466,568;-;-;-;-;-;-;-
DOLJ29C006100;BRBMEFCL18L9;FINANCIAL;-;-;-;-;-;-;-;-;-;435,142;-;-;-;-;-;-;-
DOLJ29C006200;BRBMEFCL18M7;FINANCIAL;-;-;-;-;-;-;-;-;-;405,68;-;-;-;-;-;-;-
DOLJ29C006300;BRBMEFCL18N5;FINANCIAL;-;-;-;-;-;-;-;-;-;378,099;-;-;-;-;-;-;-
DOLJ29C006400;BRBMEFCL18O3;FINANCIAL;-;-;-;-;-;-;-;-;-;352,594;-;-;-;-;-;-;-
DOLJ29C006500;BRBMEFCL18P0;FINANCIAL;-;-;-;-;-;-;-;-;-;329,074;-;-;-;-;-;-;-
DOLJ29C006600;BRBMEFCL18Q8;FINANCIAL;-;-;-;-;-;-;-;-;-;306,889;-;-;-;-;-;-;-
DOLJ29C006700;BRBMEFCL18R6;FINANCIAL;-;-;-;-;-;-;-;-;-;286,228;-;-;-;-;-;-;-
DOLJ29C006800;BRBMEFCL18S4;FINANCIAL;-;-;-;-;-;-;-;-;-;267,269;-;-;-;-;-;-;-
DOLJ29C006900;BRBMEFCL18T2;FINANCIAL;-;-;-;-;-;-;-;-;-;249,384;-;-;-;-;-;-;-
DOLJ29C007000;BRBMEFCL18U0;FINANCIAL;-;-;-;-;-;-;-;-;-;233,02;-;-;-;-;-;-;-
DOLJ29C007100;BRBMEFCL18V8;FINANCIAL;-;-;-;-;-;-;-;-;-;218,08;-;-;-;-;-;-;-
DOLJ29C007200;BRBMEFCL18W6;FINANCIAL;-;-;-;-;-;-;-;-;-;203,97;-;-;-;-;-;-;-
DOLJ29P005800;BRBMEFVDE9A6;FINANCIAL;-;-;-;-;-;-;-;-;-;304,25;-;-;-;-;-;-;-
DOLJ29P005900;BRBMEFVDE9B4;FINANCIAL;-;-;-;-;-;-;-;-;-;340,685;-;-;-;-;-;-;-
DOLJ29P006000;BRBMEFVDE9C2;FINANCIAL;-;-;-;-;-;-;-;-;-;378,957;-;-;-;-;-;-;-
DOLJ29P006100;BRBMEFVDE9D0;FINANCIAL;-;-;-;-;-;-;-;-;-;419,538;-;-;-;-;-;-;-
DOLJ29P006200;BRBMEFVDE9E8;FINANCIAL;-;-;-;-;-;-;-;-;-;462,082;-;-;-;-;-;-;-
DOLJ29P006300;BRBMEFVDE9F5;FINANCIAL;-;-;-;-;-;-;-;-;-;506,509;-;-;-;-;-;-;-
DOLJ29P006400;BRBMEFVDE9G3;FINANCIAL;-;-;-;-;-;-;-;-;-;553,01;-;-;-;-;-;-;-
DOLJ29P006500;BRBMEFVDE9H1;FINANCIAL;-;-;-;-;-;-;-;-;-;601,497;-;-;-;-;-;-;-
DOLJ29P006600;BRBMEFVDE9I9;FINANCIAL;-;-;-;-;-;-;-;-;-;651,319;-;-;-;-;-;-;-
DOLJ29P006700;BRBMEFVDE9J7;FINANCIAL;-;-;-;-;-;-;-;-;-;702,664;-;-;-;-;-;-;-
DOLJ29P006800;BRBMEFVDE9K5;FINANCIAL;-;-;-;-;-;-;-;-;-;755,712;-;-;-;-;-;-;-
DOLJ29P006900;BRBMEFVDE9L3;FINANCIAL;-;-;-;-;-;-;-;-;-;809,835;-;-;-;-;-;-;-
DOLJ29P007000;BRBMEFVDE9M1;FINANCIAL;-;-;-;-;-;-;-;-;-;865,478;-;-;-;-;-;-;-
DOLJ29P007100;BRBMEFVDE9N9;FINANCIAL;-;-;-;-;-;-;-;-;-;922,544;-;-;-;-;-;-;-
DOLJ29P007200;BRBMEFVDE9O7;FINANCIAL;-;-;-;-;-;-;-;-;-;980,441;-;-;-;-;-;-;-
DOLF27C005550;BRBMEFCE1KK8;FINANCIAL;-;-;-;-;-;-;-;-;-;89,553;-;-;-;-;-;-;-
DOLF27C006350;BRBMEFCE1KL6;FINANCIAL;-;-;-;-;-;-;-;-;-;12,241;-;-;-;-;-;-;-
DOLF27C006400;BRBMEFCE1KM4;FINANCIAL;-;-;-;-;-;-;-;-;-;10,876;-;-;-;-;-;-;-
DOLF27C006550;BRBMEFCE1KN2;FINANCIAL;-;-;-;-;-;-;-;-;-;7,375;-;-;-;-;-;-;-
DOLF27C006600;BRBMEFCE1KO0;FINANCIAL;-;-;-;-;-;-;-;-;-;6,487;-;-;-;-;-;-;-
DOLF27C006650;BRBMEFCE1KP7;FINANCIAL;-;-;-;-;-;-;-;-;-;5,726;-;-;-;-;-;-;-
DOLF27C006700;BRBMEFCE1KQ5;FINANCIAL;-;-;-;-;-;-;-;-;-;5,043;-;-;-;-;-;-;-
DOLF27C006750;BRBMEFCE1KR3;FINANCIAL;-;-;-;-;-;-;-;-;-;4,445;-;-;-;-;-;-;-
DOLF27C006800;BRBMEFCE1KS1;FINANCIAL;-;-;-;-;-;-;-;-;-;3,934;-;-;-;-;-;-;-
DOLF27C006850;BRBMEFCE1KT9;FINANCIAL;-;-;-;-;-;-;-;-;-;3,485;-;-;-;-;-;-;-
DOLF27C006900;BRBMEFCE1KU7;FINANCIAL;-;-;-;-;-;-;-;-;-;3,08;-;-;-;-;-;-;-
DOLF27C006950;BRBMEFCE1KV5;FINANCIAL;-;-;-;-;-;-;-;-;-;2,734;-;-;-;-;-;-;-
DOLF27P005550;BRBMEFDE1JQ6;FINANCIAL;-;-;-;-;-;-;-;-;-;387,986;-;-;-;-;-;-;-
DOLF27P006350;BRBMEFDE1JR4;FINANCIAL;-;-;-;-;-;-;-;-;-;1080,52;-;-;-;-;-;-;-
DOLF27P006400;BRBMEFDE1JS2;FINANCIAL;-;-;-;-;-;-;-;-;-;1127,27;-;-;-;-;-;-;-
DOLF27P006550;BRBMEFDE1JT0;FINANCIAL;-;-;-;-;-;-;-;-;-;1268,116;-;-;-;-;-;-;-
DOLF27P006600;BRBMEFDE1JU8;FINANCIAL;-;-;-;-;-;-;-;-;-;1315,343;-;-;-;-;-;-;-
DOLF27P006650;BRBMEFDE1JV6;FINANCIAL;-;-;-;-;-;-;-;-;-;1362,697;-;-;-;-;-;-;-
DOLF27P006700;BRBMEFDE1JW4;FINANCIAL;-;-;-;-;-;-;-;-;-;1410,13;-;-;-;-;-;-;-
DOLF27P006750;BRBMEFDE1JX2;FINANCIAL;-;-;-;-;-;-;-;-;-;1457,647;-;-;-;-;-;-;-
DOLF27P006800;BRBMEFDE1JY0;FINANCIAL;-;-;-;-;-;-;-;-;-;1505,251;-;-;-;-;-;-;-
DOLF27P006850;BRBMEFDE1JZ7;FINANCIAL;-;-;-;-;-;-;-;-;-;1552,917;-;-;-;-;-;-;-
DOLF27P006900;BRBMEFDE1K09;FINANCIAL;-;-;-;-;-;-;-;-;-;1600,628;-;-;-;-;-;-;-
DOLF27P006950;BRBMEFDE1K17;FINANCIAL;-;-;-;-;-;-;-;-;-;1648,398;-;-;-;-;-;-;-
DOLJ28C007500;BRBMEFCL18X4;FINANCIAL;-;-;-;-;-;-;-;-;-;66,052;-;-;-;-;-;-;-
DOLJ28C008000;BRBMEFCL18Y2;FINANCIAL;-;-;-;-;-;-;-;-;-;44,715;-;-;-;-;-;-;-
DOLJ28C008500;BRBMEFCL18Z9;FINANCIAL;-;-;-;-;-;-;-;-;-;32,501;-;-;-;-;-;-;-
DOLJ28C009000;BRBMEFCL1904;FINANCIAL;-;-;-;-;-;-;-;-;-;25,104;-;-;-;-;-;-;-
DOLJ28P007500;BRBMEFVDE9P4;FINANCIAL;-;-;-;-;-;-;-;-;-;1534,564;-;-;-;-;-;-;-
DOLJ28P008000;BRBMEFVDE9Q2;FINANCIAL;-;-;-;-;-;-;-;-;-;1923,28;-;-;-;-;-;-;-
DOLJ28P008500;BRBMEFVDE9R0;FINANCIAL;-;-;-;-;-;-;-;-;-;2321,118;-;-;-;-;-;-;-
DOLJ28P009000;BRBMEFVDE9S8;FINANCIAL;-;-;-;-;-;-;-;-;-;2723,775;-;-;-;-;-;-;-
DOLJ29C007500;BRBMEFCL1912;FINANCIAL;-;-;-;-;-;-;-;-;-;167,908;-;-;-;-;-;-;-
DOLJ29C008000;BRBMEFCL1920;FINANCIAL;-;-;-;-;-;-;-;-;-;122,737;-;-;-;-;-;-;-
DOLJ29C008500;BRBMEFCL1938;FINANCIAL;-;-;-;-;-;-;-;-;-;91,514;-;-;-;-;-;-;-
DOLJ29C009000;BRBMEFCL1946;FINANCIAL;-;-;-;-;-;-;-;-;-;69,865;-;-;-;-;-;-;-
DOLJ29P007500;BRBMEFVDE9T6;FINANCIAL;-;-;-;-;-;-;-;-;-;1160,4;-;-;-;-;-;-;-
DOLJ29P008000;BRBMEFVDE9U4;FINANCIAL;-;-;-;-;-;-;-;-;-;1475,263;-;-;-;-;-;-;-
DOLJ29P008500;BRBMEFVDE9V2;FINANCIAL;-;-;-;-;-;-;-;-;-;1804,074;-;-;-;-;-;-;-
DOLJ29P009000;BRBMEFVDE9W0;FINANCIAL;-;-;-;-;-;-;-;-;-;2142,459;-;-;-;-;-;-;-
DOLF27C004400;BRBMEFCE1KX1;FINANCIAL;-;-;-;-;-;-;-;-;-;813,335;-;-;-;-;-;-;-
DOLF27C004450;BRBMEFCE1KW3;FINANCIAL;-;-;-;-;-;-;-;-;-;767,024;-;-;-;-;-;-;-
DOLF27P004400;BRBMEFDE1K33;FINANCIAL;-;-;-;-;-;-;-;-;-;5,115;-;-;-;-;-;-;-
DOLF27P004450;BRBMEFDE1K25;FINANCIAL;-;-;-;-;-;-;-;-;-;6,92;-;-;-;-;-;-;-
DOLF31C007000;BRBMEFCE1KY9;FINANCIAL;-;-;-;-;-;-;-;-;-;494,961;-;-;-;-;-;-;-
DOLF31C007100;BRBMEFCE1KZ6;FINANCIAL;-;-;-;-;-;-;-;-;-;473,44;-;-;-;-;-;-;-
DOLF31C007200;BRBMEFCE1L00;FINANCIAL;-;-;-;-;-;-;-;-;-;452,571;-;-;-;-;-;-;-
DOLF31C007300;BRBMEFCE1L18;FINANCIAL;-;-;-;-;-;-;-;-;-;432,643;-;-;-;-;-;-;-
DOLF31C007400;BRBMEFCE1L26;FINANCIAL;-;-;-;-;-;-;-;-;-;413,949;-;-;-;-;-;-;-
DOLF31C007500;BRBMEFCE1L34;FINANCIAL;-;-;-;-;-;-;-;-;-;395,8;-;-;-;-;-;-;-
DOLF31C007600;BRBMEFCE1L42;FINANCIAL;-;-;-;-;-;-;-;-;-;378,814;-;-;-;-;-;-;-
DOLF31C007700;BRBMEFCE1L59;FINANCIAL;-;-;-;-;-;-;-;-;-;362,629;-;-;-;-;-;-;-
DOLF31C007800;BRBMEFCE1L67;FINANCIAL;-;-;-;-;-;-;-;-;-;347,212;-;-;-;-;-;-;-
DOLF31C007900;BRBMEFCE1L75;FINANCIAL;-;-;-;-;-;-;-;-;-;332,528;-;-;-;-;-;-;-
DOLF31C008000;BRBMEFCE1L83;FINANCIAL;-;-;-;-;-;-;-;-;-;318,228;-;-;-;-;-;-;-
DOLF31C008100;BRBMEFCE1L91;FINANCIAL;-;-;-;-;-;-;-;-;-;304,917;-;-;-;-;-;-;-
DOLF31C008200;BRBMEFCE1LA7;FINANCIAL;-;-;-;-;-;-;-;-;-;292,244;-;-;-;-;-;-;-
DOLF31C008300;BRBMEFCE1LB5;FINANCIAL;-;-;-;-;-;-;-;-;-;280,18;-;-;-;-;-;-;-
DOLF31C008400;BRBMEFCE1LC3;FINANCIAL;-;-;-;-;-;-;-;-;-;268,999;-;-;-;-;-;-;-
DOLF31C008500;BRBMEFCE1LD1;FINANCIAL;-;-;-;-;-;-;-;-;-;258,064;-;-;-;-;-;-;-
DOLF31C008600;BRBMEFCE1LE9;FINANCIAL;-;-;-;-;-;-;-;-;-;247,654;-;-;-;-;-;-;-
DOLF31C008700;BRBMEFCE1LF6;FINANCIAL;-;-;-;-;-;-;-;-;-;238,036;-;-;-;-;-;-;-
DOLF31P007000;BRBMEFDE1K41;FINANCIAL;-;-;-;-;-;-;-;-;-;527,623;-;-;-;-;-;-;-
DOLF31P007100;BRBMEFDE1K58;FINANCIAL;-;-;-;-;-;-;-;-;-;563,144;-;-;-;-;-;-;-
DOLF31P007200;BRBMEFDE1K66;FINANCIAL;-;-;-;-;-;-;-;-;-;599,318;-;-;-;-;-;-;-
DOLF31P007300;BRBMEFDE1K74;FINANCIAL;-;-;-;-;-;-;-;-;-;636,432;-;-;-;-;-;-;-
DOLF31P007400;BRBMEFDE1K82;FINANCIAL;-;-;-;-;-;-;-;-;-;674,78;-;-;-;-;-;-;-
DOLF31P007500;BRBMEFDE1K90;FINANCIAL;-;-;-;-;-;-;-;-;-;713,673;-;-;-;-;-;-;-
DOLF31P007600;BRBMEFDE1KA8;FINANCIAL;-;-;-;-;-;-;-;-;-;753,729;-;-;-;-;-;-;-
DOLF31P007700;BRBMEFDE1KB6;FINANCIAL;-;-;-;-;-;-;-;-;-;794,587;-;-;-;-;-;-;-
DOLF31P007800;BRBMEFDE1KC4;FINANCIAL;-;-;-;-;-;-;-;-;-;836,211;-;-;-;-;-;-;-
DOLF31P007900;BRBMEFDE1KD2;FINANCIAL;-;-;-;-;-;-;-;-;-;878,569;-;-;-;-;-;-;-
DOLF31P008000;BRBMEFDE1KE0;FINANCIAL;-;-;-;-;-;-;-;-;-;921,312;-;-;-;-;-;-;-
DOLF31P008100;BRBMEFDE1KF7;FINANCIAL;-;-;-;-;-;-;-;-;-;965,043;-;-;-;-;-;-;-
DOLF31P008200;BRBMEFDE1KG5;FINANCIAL;-;-;-;-;-;-;-;-;-;1009,412;-;-;-;-;-;-;-
DOLF31P008300;BRBMEFDE1KH3;FINANCIAL;-;-;-;-;-;-;-;-;-;1054,39;-;-;-;-;-;-;-
DOLF31P008400;BRBMEFDE1KI1;FINANCIAL;-;-;-;-;-;-;-;-;-;1100,252;-;-;-;-;-;-;-
DOLF31P008500;BRBMEFDE1KJ9;FINANCIAL;-;-;-;-;-;-;-;-;-;1146,358;-;-;-;-;-;-;-
DOLF31P008600;BRBMEFDE1KK7;FINANCIAL;-;-;-;-;-;-;-;-;-;1192,991;-;-;-;-;-;-;-
DOLF31P008700;BRBMEFDE1KL5;FINANCIAL;-;-;-;-;-;-;-;-;-;1240,415;-;-;-;-;-;-;-
DOLG27C005250;BRBMEFDL01T6;FINANCIAL;-;-;-;-;-;-;-;-;-;217,096;-;-;-;-;-;-;-
DOLG27C005600;BRBMEFDL01U4;FINANCIAL;-;-;-;-;-;-;-;-;-;101,886;-;-;-;-;-;-;-
DOLG27C005750;BRBMEFDL01V2;FINANCIAL;-;-;-;-;-;-;-;-;-;72,653;-;-;-;-;-;-;-
DOLG27P005250;BRBMEFLD01V2;FINANCIAL;-;-;-;-;-;-;-;-;-;197,638;-;-;-;-;-;-;-
DOLG27P005600;BRBMEFLD01W0;FINANCIAL;-;-;-;-;-;-;-;-;-;415,884;-;-;-;-;-;-;-
DOLG27P005750;BRBMEFLD01X8;FINANCIAL;-;-;-;-;-;-;-;-;-;529,561;-;-;-;-;-;-;-
DOLG27C005400;BRBMEFDL01W0;FINANCIAL;-;-;-;-;-;-;-;-;-;158,198;-;-;-;-;-;-;-
DOLG27P005400;BRBMEFLD01Y6;FINANCIAL;-;-;-;-;-;-;-;-;-;281,65;-;-;-;-;-;-;-
DOLG27C004900;BRBMEFDL01X8;FINANCIAL;-;-;-;-;-;-;-;-;-;418,903;-;-;-;-;-;-;-
DOLG27C004950;BRBMEFDL01Y6;FINANCIAL;-;-;-;-;-;-;-;-;-;384,401;-;-;-;-;-;-;-
DOLG27C005000;BRBMEFDL01Z3;FINANCIAL;-;-;-;-;-;-;-;-;-;351,9;-;-;-;-;-;-;-
DOLG27C005050;BRBMEFDL0202;FINANCIAL;-;-;-;-;-;-;-;-;-;321,179;-;-;-;-;-;-;-
DOLG27C005100;BRBMEFDL0210;FINANCIAL;-;-;-;-;-;-;-;-;-;292,156;-;-;-;-;-;-;-
DOLG27C005150;BRBMEFDL0228;FINANCIAL;-;-;-;-;-;-;-;-;-;265,31;-;-;-;-;-;-;-
DOLG27C005200;BRBMEFDL0236;FINANCIAL;-;-;-;-;-;-;-;-;-;240,298;-;-;-;-;-;-;-
DOLG27C005300;BRBMEFDL0244;FINANCIAL;-;-;-;-;-;-;-;-;-;195,656;-;-;-;-;-;-;-
DOLG27C005350;BRBMEFDL0251;FINANCIAL;-;-;-;-;-;-;-;-;-;176,17;-;-;-;-;-;-;-
DOLG27C005450;BRBMEFDL0269;FINANCIAL;-;-;-;-;-;-;-;-;-;141,904;-;-;-;-;-;-;-
DOLG27C005500;BRBMEFDL0277;FINANCIAL;-;-;-;-;-;-;-;-;-;127,192;-;-;-;-;-;-;-
DOLG27P004900;BRBMEFLD01Z3;FINANCIAL;-;-;-;-;-;-;-;-;-;65,989;-;-;-;-;-;-;-
DOLG27P004950;BRBMEFLD0202;FINANCIAL;-;-;-;-;-;-;-;-;-;79,123;-;-;-;-;-;-;-
DOLG27P005000;BRBMEFLD0210;FINANCIAL;-;-;-;-;-;-;-;-;-;94,259;-;-;-;-;-;-;-
DOLG27P005050;BRBMEFLD0228;FINANCIAL;-;-;-;-;-;-;-;-;-;111,175;-;-;-;-;-;-;-
DOLG27P005100;BRBMEFLD0236;FINANCIAL;-;-;-;-;-;-;-;-;-;129,788;-;-;-;-;-;-;-
DOLG27P005150;BRBMEFLD0244;FINANCIAL;-;-;-;-;-;-;-;-;-;150,578;-;-;-;-;-;-;-
DOLG27P005200;BRBMEFLD0251;FINANCIAL;-;-;-;-;-;-;-;-;-;173,204;-;-;-;-;-;-;-
DOLG27P005300;BRBMEFLD0269;FINANCIAL;-;-;-;-;-;-;-;-;-;223,835;-;-;-;-;-;-;-
DOLG27P005350;BRBMEFLD0277;FINANCIAL;-;-;-;-;-;-;-;-;-;251,986;-;-;-;-;-;-;-
DOLG27P005450;BRBMEFLD0285;FINANCIAL;-;-;-;-;-;-;-;-;-;312,992;-;-;-;-;-;-;-
DOLG27P005500;BRBMEFLD0293;FINANCIAL;-;-;-;-;-;-;-;-;-;345,917;-;-;-;-;-;-;-
DOLG27C004400;BRBMEFDL0285;FINANCIAL;-;-;-;-;-;-;-;-;-;835,26;-;-;-;-;-;-;-
DOLG27C006200;BRBMEFDL0293;FINANCIAL;-;-;-;-;-;-;-;-;-;26,579;-;-;-;-;-;-;-
DOLG27P004400;BRBMEFLD02A4;FINANCIAL;-;-;-;-;-;-;-;-;-;5,981;-;-;-;-;-;-;-
DOLG27P006200;BRBMEFLD02B2;FINANCIAL;-;-;-;-;-;-;-;-;-;912,216;-;-;-;-;-;-;-
DOLF28C006750;BRBMEFCE1LG4;FINANCIAL;-;-;-;-;-;-;-;-;-;95,686;-;-;-;-;-;-;-
DOLF28P006750;BRBMEFDE1KM3;FINANCIAL;-;-;-;-;-;-;-;-;-;1062,037;-;-;-;-;-;-;-
DOLF29C007050;BRBMEFCE1LH2;FINANCIAL;-;-;-;-;-;-;-;-;-;191,335;-;-;-;-;-;-;-
DOLF29P007050;BRBMEFDE1KN1;FINANCIAL;-;-;-;-;-;-;-;-;-;963,601;-;-;-;-;-;-;-
DOLF31C007650;BRBMEFCE1LI0;FINANCIAL;-;-;-;-;-;-;-;-;-;370,462;-;-;-;-;-;-;-
DOLF31P007650;BRBMEFDE1KO9;FINANCIAL;-;-;-;-;-;-;-;-;-;773,898;-;-;-;-;-;-;-
DOLG27C006450;BRBMEFDL02A4;FINANCIAL;-;-;-;-;-;-;-;-;-;16,572;-;-;-;-;-;-;-
DOLG27P006450;BRBMEFLD02C0;FINANCIAL;-;-;-;-;-;-;-;-;-;1140,392;-;-;-;-;-;-;-
DOLN29C007350;BRBMEFCD6CO7;FINANCIAL;-;-;-;-;-;-;-;-;-;216,908;-;-;-;-;-;-;-
DOLN29P007350;BRBMEFVDRCO6;FINANCIAL;-;-;-;-;-;-;-;-;-;991,972;-;-;-;-;-;-;-
DOLQ27C006750;BRBMEFDA04D7;FINANCIAL;-;-;-;-;-;-;-;-;-;46,301;-;-;-;-;-;-;-
DOLQ27P006750;BRBMEFVA0492;FINANCIAL;-;-;-;-;-;-;-;-;-;1205,424;-;-;-;-;-;-;-
DOLH27C004900;BRBMEFPC01R3;FINANCIAL;-;-;-;-;-;-;-;-;-;441,152;-;-;-;-;-;-;-
DOLH27C004950;BRBMEFPC01S1;FINANCIAL;-;-;-;-;-;-;-;-;-;406,93;-;-;-;-;-;-;-
DOLH27C005000;BRBMEFPC01T9;FINANCIAL;-;-;-;-;-;-;-;-;-;374,422;-;-;-;-;-;-;-
DOLH27C005050;BRBMEFPC01U7;FINANCIAL;-;-;-;-;-;-;-;-;-;343,697;-;-;-;-;-;-;-
DOLH27C005100;BRBMEFPC01V5;FINANCIAL;-;-;-;-;-;-;-;-;-;314,805;-;-;-;-;-;-;-
DOLH27C005150;BRBMEFPC01W3;FINANCIAL;-;-;-;-;-;-;-;-;-;287,516;-;-;-;-;-;-;-
DOLH27C005200;BRBMEFPC01X1;FINANCIAL;-;-;-;-;-;-;-;-;-;262,208;-;-;-;-;-;-;-
DOLH27C005250;BRBMEFPC01Y9;FINANCIAL;-;-;-;-;-;-;-;-;-;238,614;-;-;-;-;-;-;-
DOLH27C005300;BRBMEFPC01Z6;FINANCIAL;194,625;194,625;194,625;194,625;194,625;1,1;-;-;-;216,696;-;-;-;-;1;200;1946250
DOLH27C005350;BRBMEFPC0209;FINANCIAL;-;-;-;-;-;-;-;-;-;196,538;-;-;-;-;-;-;-
DOLH27C005400;BRBMEFPC0217;FINANCIAL;-;-;-;-;-;-;-;-;-;177,948;-;-;-;-;-;-;-
DOLH27C005450;BRBMEFPC0225;FINANCIAL;-;-;-;-;-;-;-;-;-;160,988;-;-;-;-;-;-;-
DOLH27C005500;BRBMEFPC0233;FINANCIAL;-;-;-;-;-;-;-;-;-;145,448;-;-;-;-;-;-;-
DOLH27P004900;BRBMEFOP01X6;FINANCIAL;-;-;-;-;-;-;-;-;-;67,441;-;-;-;-;-;-;-
DOLH27P004950;BRBMEFOP01Y4;FINANCIAL;-;-;-;-;-;-;-;-;-;80,425;-;-;-;-;-;-;-
DOLH27P005000;BRBMEFOP01Z1;FINANCIAL;-;-;-;-;-;-;-;-;-;95,124;-;-;-;-;-;-;-
DOLH27P005050;BRBMEFOP0205;FINANCIAL;-;-;-;-;-;-;-;-;-;111,605;-;-;-;-;-;-;-
DOLH27P005100;BRBMEFOP0213;FINANCIAL;-;-;-;-;-;-;-;-;-;129,919;-;-;-;-;-;-;-
DOLH27P005150;BRBMEFOP0221;FINANCIAL;-;-;-;-;-;-;-;-;-;149,836;-;-;-;-;-;-;-
DOLH27P005200;BRBMEFOP0239;FINANCIAL;-;-;-;-;-;-;-;-;-;171,735;-;-;-;-;-;-;-
DOLH27P005250;BRBMEFOP0247;FINANCIAL;-;-;-;-;-;-;-;-;-;195,347;-;-;-;-;-;-;-
DOLH27P005300;BRBMEFOP0254;FINANCIAL;-;-;-;-;-;-;-;-;-;220,636;-;-;-;-;-;-;-
DOLH27P005350;BRBMEFOP0262;FINANCIAL;-;-;-;-;-;-;-;-;-;247,684;-;-;-;-;-;-;-
DOLH27P005400;BRBMEFOP0270;FINANCIAL;-;-;-;-;-;-;-;-;-;276,3;-;-;-;-;-;-;-
DOLH27P005450;BRBMEFOP0288;FINANCIAL;-;-;-;-;-;-;-;-;-;306,547;-;-;-;-;-;-;-
DOLH27P005500;BRBMEFOP0296;FINANCIAL;-;-;-;-;-;-;-;-;-;338,213;-;-;-;-;-;-;-
DOLJ27C004900;BRBMEFCL19C6;FINANCIAL;-;-;-;-;-;-;-;-;-;470,812;-;-;-;-;-;-;-
DOLJ27C004950;BRBMEFCL19D4;FINANCIAL;-;-;-;-;-;-;-;-;-;436,854;-;-;-;-;-;-;-
DOLJ27C005050;BRBMEFCL19E2;FINANCIAL;-;-;-;-;-;-;-;-;-;373,69;-;-;-;-;-;-;-
DOLJ27C005150;BRBMEFCL19F9;FINANCIAL;-;-;-;-;-;-;-;-;-;317,077;-;-;-;-;-;-;-
DOLJ27C005250;BRBMEFCL19G7;FINANCIAL;-;-;-;-;-;-;-;-;-;267,277;-;-;-;-;-;-;-
DOLJ27C005450;BRBMEFCL19H5;FINANCIAL;-;-;-;-;-;-;-;-;-;186,409;-;-;-;-;-;-;-
DOLJ27P004900;BRBMEFVDEA46;FINANCIAL;-;-;-;-;-;-;-;-;-;69,858;-;-;-;-;-;-;-
DOLJ27P004950;BRBMEFVDEA53;FINANCIAL;-;-;-;-;-;-;-;-;-;82,585;-;-;-;-;-;-;-
DOLJ27P005050;BRBMEFVDEA61;FINANCIAL;-;-;-;-;-;-;-;-;-;112,792;-;-;-;-;-;-;-
DOLJ27P005150;BRBMEFVDEA79;FINANCIAL;-;-;-;-;-;-;-;-;-;149,55;-;-;-;-;-;-;-
DOLJ27P005250;BRBMEFVDEA87;FINANCIAL;-;-;-;-;-;-;-;-;-;193,12;-;-;-;-;-;-;-
DOLJ27P005450;BRBMEFVDEA95;FINANCIAL;-;-;-;-;-;-;-;-;-;298,993;-;-;-;-;-;-;-
DOLH27C005550;BRBMEFPC0241;FINANCIAL;-;-;-;-;-;-;-;-;-;131,245;-;-;-;-;-;-;-
DOLH27C005800;BRBMEFPC0258;FINANCIAL;-;-;-;-;-;-;-;-;-;78,118;-;-;-;-;-;-;-
DOLH27C005850;BRBMEFPC0266;FINANCIAL;-;-;-;-;-;-;-;-;-;70,376;-;-;-;-;-;-;-
DOLH27P005550;BRBMEFOP02A2;FINANCIAL;-;-;-;-;-;-;-;-;-;371,217;-;-;-;-;-;-;-
DOLH27P005800;BRBMEFOP02B0;FINANCIAL;-;-;-;-;-;-;-;-;-;554,122;-;-;-;-;-;-;-
DOLH27P005850;BRBMEFOP02C8;FINANCIAL;-;-;-;-;-;-;-;-;-;593,586;-;-;-;-;-;-;-
DOLH27C005600;BRBMEFPC0274;FINANCIAL;-;-;-;-;-;-;-;-;-;118,419;-;-;-;-;-;-;-
DOLH27C005900;BRBMEFPC0282;FINANCIAL;-;-;-;-;-;-;-;-;-;63,392;-;-;-;-;-;-;-
DOLH27P005600;BRBMEFOP02D6;FINANCIAL;-;-;-;-;-;-;-;-;-;405,597;-;-;-;-;-;-;-
DOLH27P005900;BRBMEFOP02E4;FINANCIAL;-;-;-;-;-;-;-;-;-;633,809;-;-;-;-;-;-;-
DOLV28C005500;BRBMEFCD46M5;FINANCIAL;-;-;-;-;-;-;-;-;-;555,849;-;-;-;-;-;-;-
DOLV28C005600;BRBMEFCD46N3;FINANCIAL;-;-;-;-;-;-;-;-;-;513,489;-;-;-;-;-;-;-
DOLV28C005700;BRBMEFCD46O1;FINANCIAL;-;-;-;-;-;-;-;-;-;474,011;-;-;-;-;-;-;-
DOLV28C005800;BRBMEFCD46P8;FINANCIAL;-;-;-;-;-;-;-;-;-;437,622;-;-;-;-;-;-;-
DOLV28C005900;BRBMEFCD46Q6;FINANCIAL;-;-;-;-;-;-;-;-;-;403,489;-;-;-;-;-;-;-
DOLV28C006000;BRBMEFCD46R4;FINANCIAL;-;-;-;-;-;-;-;-;-;371,76;-;-;-;-;-;-;-
DOLV28C006100;BRBMEFCD46S2;FINANCIAL;-;-;-;-;-;-;-;-;-;342,588;-;-;-;-;-;-;-
DOLV28C006200;BRBMEFCD46T0;FINANCIAL;-;-;-;-;-;-;-;-;-;315,597;-;-;-;-;-;-;-
DOLV28C006300;BRBMEFCD46U8;FINANCIAL;-;-;-;-;-;-;-;-;-;290,921;-;-;-;-;-;-;-
DOLV28C006400;BRBMEFCD46V6;FINANCIAL;-;-;-;-;-;-;-;-;-;268,174;-;-;-;-;-;-;-
DOLV28C006500;BRBMEFCD46W4;FINANCIAL;-;-;-;-;-;-;-;-;-;247,231;-;-;-;-;-;-;-
DOLV28C006600;BRBMEFCD46X2;FINANCIAL;-;-;-;-;-;-;-;-;-;227,968;-;-;-;-;-;-;-
DOLV28C006700;BRBMEFCD46Y0;FINANCIAL;-;-;-;-;-;-;-;-;-;210,503;-;-;-;-;-;-;-
DOLV28C006800;BRBMEFCD46Z7;FINANCIAL;-;-;-;-;-;-;-;-;-;194,472;-;-;-;-;-;-;-
DOLV28C006900;BRBMEFCD4700;FINANCIAL;-;-;-;-;-;-;-;-;-;179,765;-;-;-;-;-;-;-
DOLV28C007000;BRBMEFCD4718;FINANCIAL;-;-;-;-;-;-;-;-;-;166,496;-;-;-;-;-;-;-
DOLV28P005500;BRBMEFVD46N3;FINANCIAL;-;-;-;-;-;-;-;-;-;234,197;-;-;-;-;-;-;-
DOLV28P005600;BRBMEFVD46O1;FINANCIAL;-;-;-;-;-;-;-;-;-;268,625;-;-;-;-;-;-;-
DOLV28P005700;BRBMEFVD46P8;FINANCIAL;-;-;-;-;-;-;-;-;-;305,935;-;-;-;-;-;-;-
DOLV28P005800;BRBMEFVD46Q6;FINANCIAL;-;-;-;-;-;-;-;-;-;346,336;-;-;-;-;-;-;-
DOLV28P005900;BRBMEFVD46R4;FINANCIAL;-;-;-;-;-;-;-;-;-;388,991;-;-;-;-;-;-;-
DOLV28P006000;BRBMEFVD46S2;FINANCIAL;-;-;-;-;-;-;-;-;-;434,051;-;-;-;-;-;-;-
DOLV28P006100;BRBMEFVD46T0;FINANCIAL;-;-;-;-;-;-;-;-;-;481,667;-;-;-;-;-;-;-
DOLV28P006200;BRBMEFVD46U8;FINANCIAL;-;-;-;-;-;-;-;-;-;531,464;-;-;-;-;-;-;-
DOLV28P006300;BRBMEFVD46V6;FINANCIAL;-;-;-;-;-;-;-;-;-;583,577;-;-;-;-;-;-;-
DOLV28P006400;BRBMEFVD46W4;FINANCIAL;-;-;-;-;-;-;-;-;-;637,619;-;-;-;-;-;-;-
DOLV28P006500;BRBMEFVD46X2;FINANCIAL;-;-;-;-;-;-;-;-;-;693,464;-;-;-;-;-;-;-
DOLV28P006600;BRBMEFVD46Y0;FINANCIAL;-;-;-;-;-;-;-;-;-;750,989;-;-;-;-;-;-;-
DOLV28P006700;BRBMEFVD46Z7;FINANCIAL;-;-;-;-;-;-;-;-;-;810,313;-;-;-;-;-;-;-
DOLV28P006800;BRBMEFVD4707;FINANCIAL;-;-;-;-;-;-;-;-;-;871,071;-;-;-;-;-;-;-
DOLV28P006900;BRBMEFVD4715;FINANCIAL;-;-;-;-;-;-;-;-;-;933,152;-;-;-;-;-;-;-
DOLV28P007000;BRBMEFVD4723;FINANCIAL;-;-;-;-;-;-;-;-;-;996,671;-;-;-;-;-;-;-
DOLJ27C004600;BRBMEFCL19I3;FINANCIAL;-;-;-;-;-;-;-;-;-;702,145;-;-;-;-;-;-;-
DOLJ27P004600;BRBMEFVDEAA7;FINANCIAL;-;-;-;-;-;-;-;-;-;21,079;-;-;-;-;-;-;-
DOLJ27C004250;BRBMEFCL19J1;FINANCIAL;-;-;-;-;-;-;-;-;-;1011,177;-;-;-;-;-;-;-
DOLJ27P004250;BRBMEFVDEAB5;FINANCIAL;-;-;-;-;-;-;-;-;-;3,314;-;-;-;-;-;-;-
DOLF27C004000;BRBMEFCE1LJ8;FINANCIAL;-;-;-;-;-;-;-;-;-;1193,384;-;-;-;-;-;-;-
DOLF27C004100;BRBMEFCE1LK6;FINANCIAL;-;-;-;-;-;-;-;-;-;1097,497;-;-;-;-;-;-;-
DOLF27C004200;BRBMEFCE1LL4;FINANCIAL;-;-;-;-;-;-;-;-;-;1001,99;-;-;-;-;-;-;-
DOLF27C004300;BRBMEFCE1LM2;FINANCIAL;-;-;-;-;-;-;-;-;-;907,129;-;-;-;-;-;-;-
DOLF27C004700;BRBMEFCE1LN0;FINANCIAL;-;-;-;-;-;-;-;-;-;545,49;-;-;-;-;-;-;-
DOLF27C004900;BRBMEFCE1LO8;FINANCIAL;-;-;-;-;-;-;-;-;-;389,497;-;-;-;-;-;-;-
DOLF27P004000;BRBMEFDE1KP6;FINANCIAL;-;-;-;-;-;-;-;-;-;0,242;-;-;-;-;-;-;-
DOLF27P004100;BRBMEFDE1KQ4;FINANCIAL;-;-;-;-;-;-;-;-;-;0,586;-;-;-;-;-;-;-
DOLF27P004200;BRBMEFDE1KR2;FINANCIAL;-;-;-;-;-;-;-;-;-;1,31;-;-;-;-;-;-;-
DOLF27P004300;BRBMEFDE1KS0;FINANCIAL;-;-;-;-;-;-;-;-;-;2,679;-;-;-;-;-;-;-
DOLF27P004700;BRBMEFDE1KT8;FINANCIAL;-;-;-;-;-;-;-;-;-;25,963;-;-;-;-;-;-;-
DOLF27P004900;BRBMEFDE1KU6;FINANCIAL;-;-;-;-;-;-;-;-;-;62,431;-;-;-;-;-;-;-
DOLJ27C004450;BRBMEFCL19K9;FINANCIAL;-;-;-;-;-;-;-;-;-;831,306;-;-;-;-;-;-;-
DOLJ27P004450;BRBMEFVDEAC3;FINANCIAL;-;-;-;-;-;-;-;-;-;10,185;-;-;-;-;-;-;-
DOLN27C004900;BRBMEFCD6E71;FINANCIAL;-;-;-;-;-;-;-;-;-;548,012;-;-;-;-;-;-;-
DOLN27C004950;BRBMEFCD6E89;FINANCIAL;-;-;-;-;-;-;-;-;-;514,914;-;-;-;-;-;-;-
DOLN27P004900;BRBMEFVDRE70;FINANCIAL;-;-;-;-;-;-;-;-;-;76,047;-;-;-;-;-;-;-
DOLN27P004950;BRBMEFVDRE88;FINANCIAL;-;-;-;-;-;-;-;-;-;88,168;-;-;-;-;-;-;-
DOLV26C004550;BRBMEFCD4726;FINANCIAL;-;-;-;-;-;-;-;-;-;598,095;-;-;-;-;-;-;-
DOLV26C004600;BRBMEFCD4734;FINANCIAL;-;-;-;-;-;-;-;-;-;548,452;-;-;-;-;-;-;-
DOLV26C004650;BRBMEFCD4742;FINANCIAL;-;-;-;-;-;-;-;-;-;498,812;-;-;-;-;-;-;-
DOLV26C004700;BRBMEFCD4759;FINANCIAL;-;-;-;-;-;-;-;-;-;449,184;-;-;-;-;-;-;-
DOLV26C004750;BRBMEFCD4767;FINANCIAL;-;-;-;-;-;-;-;-;-;399,6;-;-;-;-;-;-;-
DOLV26C004800;BRBMEFCD4775;FINANCIAL;-;-;-;-;-;-;-;-;-;350,148;-;-;-;-;-;-;-
DOLV26C004850;BRBMEFCD4783;FINANCIAL;-;-;-;-;-;-;-;-;-;301,006;-;-;-;-;-;-;-
DOLV26C004900;BRBMEFCD4791;FINANCIAL;-;-;-;-;-;-;-;-;-;252,504;-;-;-;-;-;-;-
DOLV26C004950;BRBMEFCD47A8;FINANCIAL;-;-;-;-;-;-;-;-;-;205,288;-;-;-;-;-;-;-
DOLV26C005050;BRBMEFCD47B6;FINANCIAL;-;-;-;-;-;-;-;-;-;119,924;-;-;-;-;-;-;-
DOLV26C005150;BRBMEFCD47C4;FINANCIAL;-;-;-;-;-;-;-;-;-;57,507;-;-;-;-;-;-;-
DOLV26C005250;BRBMEFCD47D2;FINANCIAL;-;-;-;-;-;-;-;-;-;23,086;-;-;-;-;-;-;-
DOLV26C005350;BRBMEFCD47E0;FINANCIAL;-;-;-;-;-;-;-;-;-;8,384;-;-;-;-;-;-;-
DOLV26C005450;BRBMEFCD47F7;FINANCIAL;-;-;-;-;-;-;-;-;-;3,196;-;-;-;-;-;-;-
DOLV26C005550;BRBMEFCD47G5;FINANCIAL;-;-;-;-;-;-;-;-;-;1,068;-;-;-;-;-;-;-
DOLV26C005650;BRBMEFCD47H3;FINANCIAL;-;-;-;-;-;-;-;-;-;0,291;-;-;-;-;-;-;-
DOLV26P004550;BRBMEFVD4731;FINANCIAL;-;-;-;-;-;-;-;-;-;0,001;-;-;-;-;-;-;-
DOLV26P004600;BRBMEFVD4749;FINANCIAL;-;-;-;-;-;-;-;-;-;0,001;-;-;-;-;-;-;-
DOLV26P004650;BRBMEFVD4756;FINANCIAL;-;-;-;-;-;-;-;-;-;0,005;-;-;-;-;-;-;-
DOLV26P004700;BRBMEFVD4764;FINANCIAL;-;-;-;-;-;-;-;-;-;0,021;-;-;-;-;-;-;-
DOLV26P004750;BRBMEFVD4772;FINANCIAL;-;-;-;-;-;-;-;-;-;0,081;-;-;-;-;-;-;-
DOLV26P004800;BRBMEFVD4780;FINANCIAL;-;-;-;-;-;-;-;-;-;0,272;-;-;-;-;-;-;-
DOLV26P004850;BRBMEFVD4798;FINANCIAL;-;-;-;-;-;-;-;-;-;0,774;-;-;-;-;-;-;-
DOLV26P004900;BRBMEFVD47A8;FINANCIAL;-;-;-;-;-;-;-;-;-;1,915;-;-;-;50,125;-;-;-
DOLV26P004950;BRBMEFVD47B6;FINANCIAL;-;-;-;-;-;-;-;-;-;4,343;-;-;-;-;-;-;-
DOLV26P005050;BRBMEFVD47C4;FINANCIAL;37;37;37;37;37;60,86;-;-;-;18,267;-;-;-;-;1;200;370000
DOLV26P005150;BRBMEFVD47D2;FINANCIAL;-;-;-;-;-;-;-;-;-;55,138;-;-;-;-;-;-;-
DOLV26P005250;BRBMEFVD47E0;FINANCIAL;-;-;-;-;-;-;-;-;-;120,004;-;-;-;-;-;-;-
DOLV26P005350;BRBMEFVD47F7;FINANCIAL;-;-;-;-;-;-;-;-;-;204,59;-;-;-;-;-;-;-
DOLV26P005450;BRBMEFVD47G5;FINANCIAL;-;-;-;-;-;-;-;-;-;298,69;-;-;-;-;-;-;-
DOLV26P005550;BRBMEFVD47H3;FINANCIAL;-;-;-;-;-;-;-;-;-;395,85;-;-;-;-;-;-;-
DOLV26P005650;BRBMEFVD47I1;FINANCIAL;-;-;-;-;-;-;-;-;-;494,36;-;-;-;-;-;-;-
DOLK27C004950;BRBMEFCDI5S5;FINANCIAL;-;-;-;-;-;-;-;-;-;462,673;-;-;-;-;-;-;-
DOLK27C005000;BRBMEFCDI5T3;FINANCIAL;-;-;-;-;-;-;-;-;-;430,431;-;-;-;-;-;-;-
DOLK27C005050;BRBMEFCDI5U1;FINANCIAL;-;-;-;-;-;-;-;-;-;399,887;-;-;-;-;-;-;-
DOLK27C005100;BRBMEFCDI5V9;FINANCIAL;-;-;-;-;-;-;-;-;-;370,688;-;-;-;-;-;-;-
DOLK27C005150;BRBMEFCDI5W7;FINANCIAL;-;-;-;-;-;-;-;-;-;343,119;-;-;-;-;-;-;-
DOLK27C005200;BRBMEFCDI5X5;FINANCIAL;-;-;-;-;-;-;-;-;-;317,048;-;-;-;-;-;-;-
DOLK27C005250;BRBMEFCDI5Y3;FINANCIAL;-;-;-;-;-;-;-;-;-;292,618;-;-;-;-;-;-;-
DOLK27P004950;BRBMEFVDO5Q8;FINANCIAL;-;-;-;-;-;-;-;-;-;85,041;-;-;-;-;-;-;-
DOLK27P005000;BRBMEFVDO5R6;FINANCIAL;-;-;-;-;-;-;-;-;-;98,994;-;-;-;-;-;-;-
DOLK27P005050;BRBMEFVDO5S4;FINANCIAL;-;-;-;-;-;-;-;-;-;114,645;-;-;-;-;-;-;-
DOLK27P005100;BRBMEFVDO5T2;FINANCIAL;-;-;-;-;-;-;-;-;-;131,64;-;-;-;-;-;-;-
DOLK27P005150;BRBMEFVDO5U0;FINANCIAL;-;-;-;-;-;-;-;-;-;150,266;-;-;-;-;-;-;-
DOLK27P005200;BRBMEFVDO5V8;FINANCIAL;-;-;-;-;-;-;-;-;-;170,39;-;-;-;-;-;-;-
DOLK27P005250;BRBMEFVDO5W6;FINANCIAL;-;-;-;-;-;-;-;-;-;192,155;-;-;-;-;-;-;-
DOLG27C005800;BRBMEFDL02B2;FINANCIAL;-;-;-;-;-;-;-;-;-;64,916;-;-;-;-;-;-;-
DOLG27P005800;BRBMEFLD02D8;FINANCIAL;-;-;-;-;-;-;-;-;-;569,46;-;-;-;-;-;-;-
DOLK27C005300;BRBMEFCDI5Z0;FINANCIAL;-;-;-;-;-;-;-;-;-;269,664;-;-;-;-;-;-;-
DOLK27C005350;BRBMEFCDI604;FINANCIAL;-;-;-;-;-;-;-;-;-;248,154;-;-;-;-;-;-;-
DOLK27C005400;BRBMEFCDI612;FINANCIAL;-;-;-;-;-;-;-;-;-;228,048;-;-;-;-;-;-;-
DOLK27C005450;BRBMEFCDI620;FINANCIAL;-;-;-;-;-;-;-;-;-;209,457;-;-;-;-;-;-;-
DOLK27C005500;BRBMEFCDI638;FINANCIAL;-;-;-;-;-;-;-;-;-;192,174;-;-;-;-;-;-;-
DOLK27C005550;BRBMEFCDI646;FINANCIAL;-;-;-;-;-;-;-;-;-;176,294;-;-;-;-;-;-;-
DOLK27C005600;BRBMEFCDI653;FINANCIAL;-;-;-;-;-;-;-;-;-;161,449;-;-;-;-;-;-;-
DOLK27C005650;BRBMEFCDI661;FINANCIAL;-;-;-;-;-;-;-;-;-;147,877;-;-;-;-;-;-;-
DOLK27C005700;BRBMEFCDI679;FINANCIAL;-;-;-;-;-;-;-;-;-;135,506;-;-;-;-;-;-;-
DOLK27C005750;BRBMEFCDI687;FINANCIAL;-;-;-;-;-;-;-;-;-;123,98;-;-;-;-;-;-;-
DOLK27C005800;BRBMEFCDI695;FINANCIAL;-;-;-;-;-;-;-;-;-;113,519;-;-;-;-;-;-;-
DOLK27C005850;BRBMEFCDI6A1;FINANCIAL;-;-;-;-;-;-;-;-;-;103,915;-;-;-;-;-;-;-
DOLK27C005900;BRBMEFCDI6B9;FINANCIAL;-;-;-;-;-;-;-;-;-;95,108;-;-;-;-;-;-;-
DOLK27C005950;BRBMEFCDI6C7;FINANCIAL;-;-;-;-;-;-;-;-;-;87,04;-;-;-;-;-;-;-
DOLK27C006000;BRBMEFCDI6D5;FINANCIAL;-;-;-;-;-;-;-;-;-;79,655;-;-;-;-;-;-;-
DOLK27C006050;BRBMEFCDI6E3;FINANCIAL;-;-;-;-;-;-;-;-;-;72,9;-;-;-;-;-;-;-
DOLK27C006100;BRBMEFCDI6F0;FINANCIAL;-;-;-;-;-;-;-;-;-;66,832;-;-;-;-;-;-;-
DOLK27C006150;BRBMEFCDI6G8;FINANCIAL;-;-;-;-;-;-;-;-;-;61,187;-;-;-;-;-;-;-
DOLK27C006200;BRBMEFCDI6H6;FINANCIAL;-;-;-;-;-;-;-;-;-;56,128;-;-;-;-;-;-;-
DOLK27C006250;BRBMEFCDI6I4;FINANCIAL;-;-;-;-;-;-;-;-;-;51,418;-;-;-;-;-;-;-
DOLK27C006300;BRBMEFCDI6J2;FINANCIAL;-;-;-;-;-;-;-;-;-;47,206;-;-;-;-;-;-;-
DOLK27C006350;BRBMEFCDI6K0;FINANCIAL;-;-;-;-;-;-;-;-;-;43,361;-;-;-;-;-;-;-
DOLK27C006400;BRBMEFCDI6L8;FINANCIAL;-;-;-;-;-;-;-;-;-;39,852;-;-;-;-;-;-;-
DOLK27C006450;BRBMEFCDI6M6;FINANCIAL;-;-;-;-;-;-;-;-;-;36,649;-;-;-;-;-;-;-
DOLK27C006500;BRBMEFCDI6N4;FINANCIAL;-;-;-;-;-;-;-;-;-;33,726;-;-;-;-;-;-;-
DOLK27C006550;BRBMEFCDI6O2;FINANCIAL;-;-;-;-;-;-;-;-;-;31,123;-;-;-;-;-;-;-
DOLK27C006600;BRBMEFCDI6P9;FINANCIAL;-;-;-;-;-;-;-;-;-;28,936;-;-;-;-;-;-;-
DOLK27C006650;BRBMEFCDI6Q7;FINANCIAL;-;-;-;-;-;-;-;-;-;26,934;-;-;-;-;-;-;-
DOLK27C006700;BRBMEFCDI6R5;FINANCIAL;-;-;-;-;-;-;-;-;-;25,099;-;-;-;-;-;-;-
DOLK27C006750;BRBMEFCDI6S3;FINANCIAL;-;-;-;-;-;-;-;-;-;23,418;-;-;-;-;-;-;-
DOLK27C006800;BRBMEFCDI6T1;FINANCIAL;-;-;-;-;-;-;-;-;-;21,874;-;-;-;-;-;-;-
DOLK27C006850;BRBMEFCDI6U9;FINANCIAL;-;-;-;-;-;-;-;-;-;20,457;-;-;-;-;-;-;-
DOLK27C006900;BRBMEFCDI6V7;FINANCIAL;-;-;-;-;-;-;-;-;-;19,202;-;-;-;-;-;-;-
DOLK27C006950;BRBMEFCDI6W5;FINANCIAL;-;-;-;-;-;-;-;-;-;18,047;-;-;-;-;-;-;-
DOLK27C007000;BRBMEFCDI6X3;FINANCIAL;-;-;-;-;-;-;-;-;-;16,94;-;-;-;-;-;-;-
DOLK27P005300;BRBMEFVDO5X4;FINANCIAL;-;-;-;-;-;-;-;-;-;215,395;-;-;-;-;-;-;-
DOLK27P005350;BRBMEFVDO5Y2;FINANCIAL;-;-;-;-;-;-;-;-;-;240,08;-;-;-;-;-;-;-
DOLK27P005400;BRBMEFVDO5Z9;FINANCIAL;-;-;-;-;-;-;-;-;-;266,169;-;-;-;-;-;-;-
DOLK27P005450;BRBMEFVDO602;FINANCIAL;-;-;-;-;-;-;-;-;-;293,773;-;-;-;-;-;-;-
DOLK27P005500;BRBMEFVDO610;FINANCIAL;-;-;-;-;-;-;-;-;-;322,685;-;-;-;-;-;-;-
DOLK27P005550;BRBMEFVDO628;FINANCIAL;-;-;-;-;-;-;-;-;-;352,999;-;-;-;-;-;-;-
DOLK27P005600;BRBMEFVDO636;FINANCIAL;-;-;-;-;-;-;-;-;-;384,348;-;-;-;-;-;-;-
DOLK27P005650;BRBMEFVDO644;FINANCIAL;-;-;-;-;-;-;-;-;-;416,971;-;-;-;-;-;-;-
DOLK27P005700;BRBMEFVDO651;FINANCIAL;-;-;-;-;-;-;-;-;-;450,795;-;-;-;-;-;-;-
DOLK27P005750;BRBMEFVDO669;FINANCIAL;-;-;-;-;-;-;-;-;-;485,464;-;-;-;-;-;-;-
DOLK27P005800;BRBMEFVDO677;FINANCIAL;-;-;-;-;-;-;-;-;-;521,197;-;-;-;-;-;-;-
DOLK27P005850;BRBMEFVDO685;FINANCIAL;-;-;-;-;-;-;-;-;-;557,788;-;-;-;-;-;-;-
DOLK27P005900;BRBMEFVDO693;FINANCIAL;-;-;-;-;-;-;-;-;-;595,176;-;-;-;-;-;-;-
DOLK27P005950;BRBMEFVDO6A0;FINANCIAL;-;-;-;-;-;-;-;-;-;633,303;-;-;-;-;-;-;-
DOLK27P006000;BRBMEFVDO6B8;FINANCIAL;-;-;-;-;-;-;-;-;-;672,112;-;-;-;-;-;-;-
DOLK27P006050;BRBMEFVDO6C6;FINANCIAL;-;-;-;-;-;-;-;-;-;711,552;-;-;-;-;-;-;-
DOLK27P006100;BRBMEFVDO6D4;FINANCIAL;-;-;-;-;-;-;-;-;-;751,679;-;-;-;-;-;-;-
DOLK27P006150;BRBMEFVDO6E2;FINANCIAL;-;-;-;-;-;-;-;-;-;792,228;-;-;-;-;-;-;-
DOLK27P006200;BRBMEFVDO6F9;FINANCIAL;-;-;-;-;-;-;-;-;-;833,364;-;-;-;-;-;-;-
DOLK27P006250;BRBMEFVDO6G7;FINANCIAL;-;-;-;-;-;-;-;-;-;874,848;-;-;-;-;-;-;-
DOLK27P006300;BRBMEFVDO6H5;FINANCIAL;-;-;-;-;-;-;-;-;-;916,831;-;-;-;-;-;-;-
DOLK27P006350;BRBMEFVDO6I3;FINANCIAL;-;-;-;-;-;-;-;-;-;959,181;-;-;-;-;-;-;-
DOLK27P006400;BRBMEFVDO6J1;FINANCIAL;-;-;-;-;-;-;-;-;-;1001,867;-;-;-;-;-;-;-
DOLK27P006450;BRBMEFVDO6K9;FINANCIAL;-;-;-;-;-;-;-;-;-;1044,859;-;-;-;-;-;-;-
DOLK27P006500;BRBMEFVDO6L7;FINANCIAL;-;-;-;-;-;-;-;-;-;1088,13;-;-;-;-;-;-;-
DOLK27P006550;BRBMEFVDO6M5;FINANCIAL;-;-;-;-;-;-;-;-;-;1131,722;-;-;-;-;-;-;-
DOLK27P006600;BRBMEFVDO6N3;FINANCIAL;-;-;-;-;-;-;-;-;-;1175,73;-;-;-;-;-;-;-
DOLK27P006650;BRBMEFVDO6O1;FINANCIAL;-;-;-;-;-;-;-;-;-;1219,922;-;-;-;-;-;-;-
DOLK27P006700;BRBMEFVDO6P8;FINANCIAL;-;-;-;-;-;-;-;-;-;1264,283;-;-;-;-;-;-;-
DOLK27P006750;BRBMEFVDO6Q6;FINANCIAL;-;-;-;-;-;-;-;-;-;1308,796;-;-;-;-;-;-;-
DOLK27P006800;BRBMEFVDO6R4;FINANCIAL;-;-;-;-;-;-;-;-;-;1353,447;-;-;-;-;-;-;-
DOLK27P006850;BRBMEFVDO6S2;FINANCIAL;-;-;-;-;-;-;-;-;-;1398,225;-;-;-;-;-;-;-
DOLK27P006900;BRBMEFVDO6T0;FINANCIAL;-;-;-;-;-;-;-;-;-;1443,164;-;-;-;-;-;-;-
DOLK27P006950;BRBMEFVDO6U8;FINANCIAL;-;-;-;-;-;-;-;-;-;1488,204;-;-;-;-;-;-;-
DOLK27P007000;BRBMEFVDO6V6;FINANCIAL;-;-;-;-;-;-;-;-;-;1533,291;-;-;-;-;-;-;-
DOLK27C004300;BRBMEFCDI6Y1;FINANCIAL;-;-;-;-;-;-;-;-;-;983,526;-;-;-;-;-;-;-
DOLK27P004300;BRBMEFVDO6W4;FINANCIAL;-;-;-;-;-;-;-;-;-;5,363;-;-;-;-;-;-;-
DOLM27C004900;BRBMEFDM04B6;FINANCIAL;-;-;-;-;-;-;-;-;-;521,014;-;-;-;-;-;-;-
DOLM27C004950;BRBMEFDM04C4;FINANCIAL;-;-;-;-;-;-;-;-;-;487,534;-;-;-;-;-;-;-
DOLM27C005000;BRBMEFDM04D2;FINANCIAL;-;-;-;-;-;-;-;-;-;455,484;-;-;-;-;-;-;-
DOLM27C005050;BRBMEFDM04E0;FINANCIAL;-;-;-;-;-;-;-;-;-;424,92;-;-;-;-;-;-;-
DOLM27C005100;BRBMEFDM04F7;FINANCIAL;-;-;-;-;-;-;-;-;-;395,743;-;-;-;-;-;-;-
DOLM27C005150;BRBMEFDM04G5;FINANCIAL;-;-;-;-;-;-;-;-;-;367,965;-;-;-;-;-;-;-
DOLM27C005200;BRBMEFDM04H3;FINANCIAL;-;-;-;-;-;-;-;-;-;341,748;-;-;-;-;-;-;-
DOLM27C005250;BRBMEFDM04I1;FINANCIAL;-;-;-;-;-;-;-;-;-;316,938;-;-;-;-;-;-;-
DOLM27C005300;BRBMEFDM04J9;FINANCIAL;-;-;-;-;-;-;-;-;-;293,683;-;-;-;-;-;-;-
DOLM27C005350;BRBMEFDM04K7;FINANCIAL;-;-;-;-;-;-;-;-;-;271,636;-;-;-;-;-;-;-
DOLM27C005400;BRBMEFDM04L5;FINANCIAL;-;-;-;-;-;-;-;-;-;251,091;-;-;-;-;-;-;-
DOLM27C005450;BRBMEFDM04M3;FINANCIAL;-;-;-;-;-;-;-;-;-;231,846;-;-;-;-;-;-;-
DOLM27C005500;BRBMEFDM04N1;FINANCIAL;-;-;-;-;-;-;-;-;-;214,021;-;-;-;-;-;-;-
DOLM27P004900;BRBMEFPV04B1;FINANCIAL;-;-;-;-;-;-;-;-;-;74,556;-;-;-;-;-;-;-
DOLM27P004950;BRBMEFPV04C9;FINANCIAL;-;-;-;-;-;-;-;-;-;86,803;-;-;-;-;-;-;-
DOLM27P005000;BRBMEFPV04D7;FINANCIAL;-;-;-;-;-;-;-;-;-;100,48;-;-;-;-;-;-;-
DOLM27P005050;BRBMEFPV04E5;FINANCIAL;-;-;-;-;-;-;-;-;-;115,644;-;-;-;-;-;-;-
DOLM27P005100;BRBMEFPV04F2;FINANCIAL;-;-;-;-;-;-;-;-;-;132,194;-;-;-;-;-;-;-
DOLM27P005150;BRBMEFPV04G0;FINANCIAL;-;-;-;-;-;-;-;-;-;150,144;-;-;-;-;-;-;-
DOLM27P005200;BRBMEFPV04H8;FINANCIAL;-;-;-;-;-;-;-;-;-;169,654;-;-;-;-;-;-;-
DOLM27P005250;BRBMEFPV04I6;FINANCIAL;-;-;-;-;-;-;-;-;-;190,572;-;-;-;-;-;-;-
DOLM27P005300;BRBMEFPV04J4;FINANCIAL;-;-;-;-;-;-;-;-;-;213,044;-;-;-;-;-;-;-
DOLM27P005350;BRBMEFPV04K2;FINANCIAL;-;-;-;-;-;-;-;-;-;236,726;-;-;-;-;-;-;-
DOLM27P005400;BRBMEFPV04L0;FINANCIAL;-;-;-;-;-;-;-;-;-;261,908;-;-;-;-;-;-;-
DOLM27P005450;BRBMEFPV04M8;FINANCIAL;-;-;-;-;-;-;-;-;-;288,39;-;-;-;-;-;-;-
DOLM27P005500;BRBMEFPV04N6;FINANCIAL;-;-;-;-;-;-;-;-;-;316,293;-;-;-;-;-;-;-
DOLH27C006000;BRBMEFPC0290;FINANCIAL;-;-;-;-;-;-;-;-;-;51,435;-;-;-;-;-;-;-
DOLH27P006000;BRBMEFOP02F1;FINANCIAL;-;-;-;-;-;-;-;-;-;716,264;-;-;-;-;-;-;-
DOLM27C005600;BRBMEFDM04O9;FINANCIAL;-;-;-;-;-;-;-;-;-;181,937;-;-;-;-;-;-;-
DOLM27P005600;BRBMEFPV04O4;FINANCIAL;-;-;-;-;-;-;-;-;-;375,664;-;-;-;-;-;-;-
DOLM27C004400;BRBMEFDM04P6;FINANCIAL;-;-;-;-;-;-;-;-;-;914,104;-;-;-;-;-;-;-
DOLM27C006250;BRBMEFDM04Q4;FINANCIAL;-;-;-;-;-;-;-;-;-;62,468;-;-;-;-;-;-;-
DOLM27P004400;BRBMEFPV04P1;FINANCIAL;-;-;-;-;-;-;-;-;-;10,37;-;-;-;-;-;-;-
DOLM27P006250;BRBMEFPV04Q9;FINANCIAL;-;-;-;-;-;-;-;-;-;850,653;-;-;-;-;-;-;-
DOLF31C010000;BRBMEFCE1LP5;FINANCIAL;-;-;-;-;-;-;-;-;-;144,884;-;-;-;-;-;-;-
DOLF31P010000;BRBMEFDE1KV4;FINANCIAL;-;-;-;-;-;-;-;-;-;1888,811;-;-;-;-;-;-;-
DOLF31C005500;BRBMEFCE1LQ3;FINANCIAL;-;-;-;-;-;-;-;-;-;962,741;-;-;-;-;-;-;-
DOLF31P005500;BRBMEFDE1KW2;FINANCIAL;-;-;-;-;-;-;-;-;-;139,771;-;-;-;-;-;-;-
DOLV26C005075;BRBMEFCD47I1;FINANCIAL;-;-;-;-;-;-;-;-;-;101,701;-;-;-;-;-;-;-
DOLV26C005275;BRBMEFCD47J9;FINANCIAL;-;-;-;-;-;-;-;-;-;18,035;-;-;-;-;-;-;-
DOLV26P005075;BRBMEFVD47J9;FINANCIAL;-;-;-;-;-;-;-;-;-;24,866;-;-;-;-;-;-;-
DOLV26P005275;BRBMEFVD47K7;FINANCIAL;-;-;-;-;-;-;-;-;-;139,775;-;-;-;-;-;-;-
DOLM27C006700;BRBMEFDM04R2;FINANCIAL;-;-;-;-;-;-;-;-;-;31,353;-;-;-;-;-;-;-
DOLM27P006700;BRBMEFPV04R7;FINANCIAL;-;-;-;-;-;-;-;-;-;1231,086;-;-;-;-;-;-;-
DOLN27C004550;BRBMEFCD6EB0;FINANCIAL;-;-;-;-;-;-;-;-;-;810,347;-;-;-;-;-;-;-
DOLN27P004550;BRBMEFVDREB9;FINANCIAL;-;-;-;-;-;-;-;-;-;21,857;-;-;-;-;-;-;-
DOLV26C005225;BRBMEFCD47K7;FINANCIAL;-;-;-;-;-;-;-;-;-;29,397;-;-;-;-;-;-;-
DOLV26P005225;BRBMEFVD47L5;FINANCIAL;-;-;-;-;-;-;-;-;-;101,494;-;-;-;-;-;-;-
DOLX26C004725;BRBMEFDC04N2;FINANCIAL;-;-;-;-;-;-;-;-;-;466,03;-;-;-;-;-;-;-
DOLX26C004775;BRBMEFDC04O0;FINANCIAL;-;-;-;-;-;-;-;-;-;422,677;-;-;-;-;-;-;-
DOLX26C004825;BRBMEFDC04P7;FINANCIAL;-;-;-;-;-;-;-;-;-;380,926;-;-;-;-;-;-;-
DOLX26C004875;BRBMEFDC04Q5;FINANCIAL;-;-;-;-;-;-;-;-;-;340,995;-;-;-;-;-;-;-
DOLX26C004925;BRBMEFDC04R3;FINANCIAL;-;-;-;-;-;-;-;-;-;303,01;-;-;-;-;-;-;-
DOLX26C004975;BRBMEFDC04S1;FINANCIAL;-;-;-;-;-;-;-;-;-;267,409;-;-;-;-;-;-;-
DOLX26C005025;BRBMEFDC04T9;FINANCIAL;-;-;-;-;-;-;-;-;-;234,41;-;-;-;-;-;-;-
DOLX26C005075;BRBMEFDC04U7;FINANCIAL;-;-;-;-;-;-;-;-;-;203,887;-;-;-;-;-;-;-
DOLX26C005125;BRBMEFDC04V5;FINANCIAL;-;-;-;-;-;-;-;-;-;176,275;-;-;-;-;-;-;-
DOLX26C005175;BRBMEFDC04W3;FINANCIAL;-;-;-;-;-;-;-;-;-;151,389;-;-;-;-;-;-;-
DOLX26C005225;BRBMEFDC04X1;FINANCIAL;-;-;-;-;-;-;-;-;-;129,187;-;-;-;-;-;-;-
DOLX26C005275;BRBMEFDC04Y9;FINANCIAL;-;-;-;-;-;-;-;-;-;109,58;-;-;-;-;-;-;-
DOLX26C005325;BRBMEFDC04Z6;FINANCIAL;-;-;-;-;-;-;-;-;-;92,361;-;-;-;-;-;-;-
DOLX26C005375;BRBMEFDC0500;FINANCIAL;-;-;-;-;-;-;-;-;-;77,644;-;-;-;-;-;-;-
DOLX26C005425;BRBMEFDC0518;FINANCIAL;-;-;-;-;-;-;-;-;-;64,942;-;-;-;-;-;-;-
DOLX26C005475;BRBMEFDC0526;FINANCIAL;-;-;-;-;-;-;-;-;-;54,062;-;-;-;-;-;-;-
DOLX26C005525;BRBMEFDC0534;FINANCIAL;-;-;-;-;-;-;-;-;-;44,915;-;-;-;-;-;-;-
DOLX26C005575;BRBMEFDC0542;FINANCIAL;-;-;-;-;-;-;-;-;-;37,231;-;-;-;-;-;-;-
DOLX26C005625;BRBMEFDC0559;FINANCIAL;-;-;-;-;-;-;-;-;-;30,768;-;-;-;-;-;-;-
DOLX26C005675;BRBMEFDC0567;FINANCIAL;-;-;-;-;-;-;-;-;-;25,399;-;-;-;-;-;-;-
DOLX26C005725;BRBMEFDC0575;FINANCIAL;-;-;-;-;-;-;-;-;-;20,887;-;-;-;-;-;-;-
DOLX26P004725;BRBMEFVDY759;FINANCIAL;-;-;-;-;-;-;-;-;-;16,34;-;-;-;-;-;-;-
DOLX26P004775;BRBMEFVDY767;FINANCIAL;-;-;-;-;-;-;-;-;-;22,104;-;-;-;-;-;-;-
DOLX26P004825;BRBMEFVDY775;FINANCIAL;-;-;-;-;-;-;-;-;-;29,469;-;-;-;-;-;-;-
DOLX26P004875;BRBMEFVDY783;FINANCIAL;-;-;-;-;-;-;-;-;-;38,655;-;-;-;-;-;-;-
DOLX26P004925;BRBMEFVDY791;FINANCIAL;-;-;-;-;-;-;-;-;-;49,787;-;-;-;-;-;-;-
DOLX26P004975;BRBMEFVDY7A6;FINANCIAL;-;-;-;-;-;-;-;-;-;63,303;-;-;-;-;-;-;-
DOLX26P005025;BRBMEFVDY7B4;FINANCIAL;-;-;-;-;-;-;-;-;-;79,42;-;-;-;-;-;-;-
DOLX26P005075;BRBMEFVDY7C2;FINANCIAL;-;-;-;-;-;-;-;-;-;98,014;-;-;-;-;-;-;-
DOLX26P005125;BRBMEFVDY7D0;FINANCIAL;-;-;-;-;-;-;-;-;-;119,519;-;-;-;-;-;-;-
DOLX26P005175;BRBMEFVDY7E8;FINANCIAL;-;-;-;-;-;-;-;-;-;143,75;-;-;-;-;-;-;-
DOLX26P005225;BRBMEFVDY7F5;FINANCIAL;-;-;-;-;-;-;-;-;-;170,665;-;-;-;-;-;-;-
DOLX26P005275;BRBMEFVDY7G3;FINANCIAL;-;-;-;-;-;-;-;-;-;200,175;-;-;-;-;-;-;-
DOLX26P005325;BRBMEFVDY7H1;FINANCIAL;-;-;-;-;-;-;-;-;-;232,072;-;-;-;-;-;-;-
DOLX26P005375;BRBMEFVDY7I9;FINANCIAL;-;-;-;-;-;-;-;-;-;266,471;-;-;-;-;-;-;-
DOLX26P005425;BRBMEFVDY7J7;FINANCIAL;-;-;-;-;-;-;-;-;-;302,887;-;-;-;-;-;-;-
DOLX26P005475;BRBMEFVDY7K5;FINANCIAL;-;-;-;-;-;-;-;-;-;341,123;-;-;-;-;-;-;-
DOLX26P005525;BRBMEFVDY7L3;FINANCIAL;-;-;-;-;-;-;-;-;-;381,093;-;-;-;-;-;-;-
DOLX26P005575;BRBMEFVDY7M1;FINANCIAL;-;-;-;-;-;-;-;-;-;422,526;-;-;-;-;-;-;-
DOLX26P005625;BRBMEFVDY7N9;FINANCIAL;-;-;-;-;-;-;-;-;-;465,18;-;-;-;-;-;-;-
DOLX26P005675;BRBMEFVDY7O7;FINANCIAL;-;-;-;-;-;-;-;-;-;508,928;-;-;-;-;-;-;-
DOLX26P005725;BRBMEFVDY7P4;FINANCIAL;-;-;-;-;-;-;-;-;-;553,532;-;-;-;-;-;-;-
DOLF27C004150;BRBMEFCE1LR1;FINANCIAL;-;-;-;-;-;-;-;-;-;1049,68;-;-;-;-;-;-;-
DOLF27C004250;BRBMEFCE1LS9;FINANCIAL;-;-;-;-;-;-;-;-;-;954,462;-;-;-;-;-;-;-
DOLF27C004350;BRBMEFCE1LT7;FINANCIAL;-;-;-;-;-;-;-;-;-;860,064;-;-;-;-;-;-;-
DOLF27C004550;BRBMEFCE1LU5;FINANCIAL;-;-;-;-;-;-;-;-;-;676,042;-;-;-;-;-;-;-
DOLF27C004650;BRBMEFCE1LV3;FINANCIAL;-;-;-;-;-;-;-;-;-;587,995;-;-;-;-;-;-;-
DOLF27C004750;BRBMEFCE1LW1;FINANCIAL;-;-;-;-;-;-;-;-;-;504,376;-;-;-;-;-;-;-
DOLF27C004850;BRBMEFCE1LX9;FINANCIAL;-;-;-;-;-;-;-;-;-;426,259;-;-;-;-;-;-;-
DOLF27C004950;BRBMEFCE1LY7;FINANCIAL;-;-;-;-;-;-;-;-;-;354,529;-;-;-;-;-;-;-
DOLF27C005050;BRBMEFCE1LZ4;FINANCIAL;-;-;-;-;-;-;-;-;-;290,703;-;-;-;-;-;-;-
DOLF27C005150;BRBMEFCE1M09;FINANCIAL;-;-;-;-;-;-;-;-;-;234,919;-;-;-;-;-;-;-
DOLF27P004150;BRBMEFDE1KX0;FINANCIAL;-;-;-;-;-;-;-;-;-;0,884;-;-;-;-;-;-;-
DOLF27P004250;BRBMEFDE1KY8;FINANCIAL;-;-;-;-;-;-;-;-;-;1,897;-;-;-;-;-;-;-
DOLF27P004350;BRBMEFDE1KZ5;FINANCIAL;-;-;-;-;-;-;-;-;-;3,729;-;-;-;-;-;-;-
DOLF27P004550;BRBMEFDE1L08;FINANCIAL;-;-;-;-;-;-;-;-;-;12,169;-;-;-;-;-;-;-
DOLF27P004650;BRBMEFDE1L16;FINANCIAL;-;-;-;-;-;-;-;-;-;20,352;-;-;-;-;-;-;-
DOLF27P004750;BRBMEFDE1L24;FINANCIAL;-;-;-;-;-;-;-;-;-;32,965;-;-;-;-;-;-;-
DOLF27P004850;BRBMEFDE1L32;FINANCIAL;-;-;-;-;-;-;-;-;-;51,078;-;-;-;-;-;-;-
DOLF27P004950;BRBMEFDE1L40;FINANCIAL;-;-;-;-;-;-;-;-;-;75,578;-;-;-;-;-;-;-
DOLF27P005050;BRBMEFDE1L57;FINANCIAL;-;-;-;-;-;-;-;-;-;107,983;-;-;-;-;-;-;-
DOLF27P005150;BRBMEFDE1L65;FINANCIAL;-;-;-;-;-;-;-;-;-;148,43;-;-;-;-;-;-;-
DOLJ28C005500;BRBMEFCL19L7;FINANCIAL;402;402;402;402;402;-;-;-;-;437,23;-;-;-;-;1;5.000;100500000
DOLJ28C005600;BRBMEFCL19M5;FINANCIAL;364;364;364;364;364;-;-;-;-;397,118;-;-;-;-;1;5.000;91000000
DOLJ28C005700;BRBMEFCL19N3;FINANCIAL;-;-;-;-;-;-;-;-;-;360,185;-;-;-;-;-;-;-
DOLJ28P005500;BRBMEFVDEAD1;FINANCIAL;275,591;275,591;275,591;275,591;275,591;-;-;-;-;265,532;-;-;-;-;1;5.000;68897750
DOLJ28P005600;BRBMEFVDEAE9;FINANCIAL;320;320;320;320;320;-;-;-;-;307,43;-;-;-;-;1;5.000;80000000
DOLJ28P005700;BRBMEFVDEAF6;FINANCIAL;-;-;-;-;-;-;-;-;-;352,508;-;-;-;-;-;-;-
DOLH27C005750;BRBMEFPC02A7;FINANCIAL;-;-;-;-;-;-;-;-;-;86,691;-;-;-;-;-;-;-
DOLH27P005750;BRBMEFOP02G9;FINANCIAL;-;-;-;-;-;-;-;-;-;515,488;-;-;-;-;-;-;-
DOLG27C004000;BRBMEFDL02C0;FINANCIAL;-;-;-;-;-;-;-;-;-;1210,704;-;-;-;-;-;-;-
DOLG27C004100;BRBMEFDL02D8;FINANCIAL;-;-;-;-;-;-;-;-;-;1115,856;-;-;-;-;-;-;-
DOLG27C004200;BRBMEFDL02E6;FINANCIAL;-;-;-;-;-;-;-;-;-;1021,435;-;-;-;-;-;-;-
DOLG27C004300;BRBMEFDL02F3;FINANCIAL;-;-;-;-;-;-;-;-;-;927,751;-;-;-;-;-;-;-
DOLG27C004500;BRBMEFDL02G1;FINANCIAL;-;-;-;-;-;-;-;-;-;744,576;-;-;-;-;-;-;-
DOLG27C004600;BRBMEFDL02H9;FINANCIAL;-;-;-;-;-;-;-;-;-;656,467;-;-;-;-;-;-;-
DOLG27C004700;BRBMEFDL02I7;FINANCIAL;-;-;-;-;-;-;-;-;-;572,06;-;-;-;-;-;-;-
DOLG27C004800;BRBMEFDL02J5;FINANCIAL;-;-;-;-;-;-;-;-;-;492,651;-;-;-;-;-;-;-
DOLG27P004000;BRBMEFLD02E6;FINANCIAL;-;-;-;-;-;-;-;-;-;0,332;-;-;-;-;-;-;-
DOLG27P004100;BRBMEFLD02F3;FINANCIAL;-;-;-;-;-;-;-;-;-;0,757;-;-;-;-;-;-;-
DOLG27P004200;BRBMEFLD02G1;FINANCIAL;-;-;-;-;-;-;-;-;-;1,609;-;-;-;-;-;-;-
DOLG27P004300;BRBMEFLD02H9;FINANCIAL;-;-;-;-;-;-;-;-;-;3,198;-;-;-;-;-;-;-
DOLG27P004500;BRBMEFLD02I7;FINANCIAL;-;-;-;-;-;-;-;-;-;10,57;-;-;-;-;-;-;-
DOLG27P004600;BRBMEFLD02J5;FINANCIAL;-;-;-;-;-;-;-;-;-;17,734;-;-;-;-;-;-;-
DOLG27P004700;BRBMEFLD02K3;FINANCIAL;-;-;-;-;-;-;-;-;-;28,6;-;-;-;-;-;-;-
DOLG27P004800;BRBMEFLD02L1;FINANCIAL;-;-;-;-;-;-;-;-;-;44,464;-;-;-;-;-;-;-
DOLH27C004000;BRBMEFPC02B5;FINANCIAL;-;-;-;-;-;-;-;-;-;1223,846;-;-;-;-;-;-;-
DOLH27C004100;BRBMEFPC02C3;FINANCIAL;-;-;-;-;-;-;-;-;-;1129,931;-;-;-;-;-;-;-
DOLH27C004200;BRBMEFPC02D1;FINANCIAL;-;-;-;-;-;-;-;-;-;1036,476;-;-;-;-;-;-;-
DOLH27C004300;BRBMEFPC02E9;FINANCIAL;-;-;-;-;-;-;-;-;-;943,811;-;-;-;-;-;-;-
DOLH27C004400;BRBMEFPC02F6;FINANCIAL;-;-;-;-;-;-;-;-;-;852,378;-;-;-;-;-;-;-
DOLH27C004500;BRBMEFPC02G4;FINANCIAL;-;-;-;-;-;-;-;-;-;762,805;-;-;-;-;-;-;-
DOLH27C004600;BRBMEFPC02H2;FINANCIAL;-;-;-;-;-;-;-;-;-;675,905;-;-;-;-;-;-;-
DOLH27C004700;BRBMEFPC02I0;FINANCIAL;-;-;-;-;-;-;-;-;-;592,603;-;-;-;-;-;-;-
DOLH27C004800;BRBMEFPC02J8;FINANCIAL;-;-;-;-;-;-;-;-;-;514,122;-;-;-;-;-;-;-
DOLH27P004000;BRBMEFOP02H7;FINANCIAL;-;-;-;-;-;-;-;-;-;0,419;-;-;-;-;-;-;-
DOLH27P004100;BRBMEFOP02I5;FINANCIAL;-;-;-;-;-;-;-;-;-;0,917;-;-;-;-;-;-;-
DOLH27P004200;BRBMEFOP02J3;FINANCIAL;-;-;-;-;-;-;-;-;-;1,875;-;-;-;-;-;-;-
DOLH27P004300;BRBMEFOP02K1;FINANCIAL;-;-;-;-;-;-;-;-;-;3,623;-;-;-;-;-;-;-
DOLH27P004400;BRBMEFOP02L9;FINANCIAL;-;-;-;-;-;-;-;-;-;6,603;-;-;-;-;-;-;-
DOLH27P004500;BRBMEFOP02M7;FINANCIAL;-;-;-;-;-;-;-;-;-;11,442;-;-;-;-;-;-;-
DOLH27P004600;BRBMEFOP02N5;FINANCIAL;-;-;-;-;-;-;-;-;-;18,955;-;-;-;-;-;-;-
DOLH27P004700;BRBMEFOP02O3;FINANCIAL;-;-;-;-;-;-;-;-;-;30,066;-;-;-;-;-;-;-
DOLH27P004800;BRBMEFOP02P0;FINANCIAL;-;-;-;-;-;-;-;-;-;45,998;-;-;-;-;-;-;-
DOLJ27C004000;BRBMEFCL19O1;FINANCIAL;-;-;-;-;-;-;-;-;-;1241,894;-;-;-;-;-;-;-
DOLJ27C004100;BRBMEFCL19P8;FINANCIAL;-;-;-;-;-;-;-;-;-;1149,162;-;-;-;-;-;-;-
DOLJ27C004200;BRBMEFCL19Q6;FINANCIAL;-;-;-;-;-;-;-;-;-;1056,969;-;-;-;-;-;-;-
DOLJ27C004300;BRBMEFCL19R4;FINANCIAL;-;-;-;-;-;-;-;-;-;965,651;-;-;-;-;-;-;-
DOLJ27C004400;BRBMEFCL19S2;FINANCIAL;-;-;-;-;-;-;-;-;-;875,646;-;-;-;-;-;-;-
DOLJ27C004500;BRBMEFCL19T0;FINANCIAL;-;-;-;-;-;-;-;-;-;787,555;-;-;-;-;-;-;-
DOLJ27C004700;BRBMEFCL19U8;FINANCIAL;-;-;-;-;-;-;-;-;-;620,328;-;-;-;-;-;-;-
DOLJ27C004800;BRBMEFCL19V6;FINANCIAL;-;-;-;-;-;-;-;-;-;543,032;-;-;-;-;-;-;-
DOLJ27P004000;BRBMEFVDEAG4;FINANCIAL;-;-;-;-;-;-;-;-;-;0,604;-;-;-;-;-;-;-
DOLJ27P004100;BRBMEFVDEAH2;FINANCIAL;-;-;-;-;-;-;-;-;-;1,243;-;-;-;-;-;-;-
DOLJ27P004200;BRBMEFVDEAI0;FINANCIAL;-;-;-;-;-;-;-;-;-;2,421;-;-;-;-;-;-;-
DOLJ27P004300;BRBMEFVDEAJ8;FINANCIAL;-;-;-;-;-;-;-;-;-;4,473;-;-;-;-;-;-;-
DOLJ27P004400;BRBMEFVDEAK6;FINANCIAL;-;-;-;-;-;-;-;-;-;7,839;-;-;-;-;-;-;-
DOLJ27P004500;BRBMEFVDEAL4;FINANCIAL;-;-;-;-;-;-;-;-;-;13,119;-;-;-;-;-;-;-
DOLJ27P004700;BRBMEFVDEAM2;FINANCIAL;-;-;-;-;-;-;-;-;-;32,633;-;-;-;-;-;-;-
DOLJ27P004800;BRBMEFVDEAN0;FINANCIAL;-;-;-;-;-;-;-;-;-;48,707;-;-;-;-;-;-;-
DOLV26C004525;BRBMEFCD47L5;FINANCIAL;-;-;-;-;-;-;-;-;-;622,917;-;-;-;-;-;-;-
DOLV26C004575;BRBMEFCD47M3;FINANCIAL;-;-;-;-;-;-;-;-;-;573,273;-;-;-;-;-;-;-
DOLV26C004625;BRBMEFCD47N1;FINANCIAL;-;-;-;-;-;-;-;-;-;523,631;-;-;-;-;-;-;-
DOLV26C004675;BRBMEFCD47O9;FINANCIAL;-;-;-;-;-;-;-;-;-;473,995;-;-;-;-;-;-;-
DOLV26C004725;BRBMEFCD47P6;FINANCIAL;-;-;-;-;-;-;-;-;-;424,383;-;-;-;-;-;-;-
DOLV26C004775;BRBMEFCD47Q4;FINANCIAL;-;-;-;-;-;-;-;-;-;374,848;-;-;-;-;-;-;-
DOLV26C004825;BRBMEFCD47R2;FINANCIAL;-;-;-;-;-;-;-;-;-;325,53;-;-;-;-;-;-;-
DOLV26C004875;BRBMEFCD47S0;FINANCIAL;-;-;-;-;-;-;-;-;-;276,637;-;-;-;-;-;-;-
DOLV26C004925;BRBMEFCD47T8;FINANCIAL;-;-;-;-;-;-;-;-;-;228,692;-;-;-;-;-;-;-
DOLV26C004975;BRBMEFCD47U6;FINANCIAL;-;-;-;-;-;-;-;-;-;182,466;-;-;-;-;-;-;-
DOLV26C005025;BRBMEFCD47V4;FINANCIAL;-;-;-;-;-;-;-;-;-;139,616;-;-;-;-;-;-;-
DOLV26C005125;BRBMEFCD47W2;FINANCIAL;-;-;-;-;-;-;-;-;-;70,441;-;-;-;-;-;-;-
DOLV26C005175;BRBMEFCD47X0;FINANCIAL;-;-;-;-;-;-;-;-;-;46,457;-;-;-;-;-;-;-
DOLV26C005325;BRBMEFCD47Y8;FINANCIAL;-;-;-;-;-;-;-;-;-;10,878;-;-;-;-;-;-;-
DOLV26C005375;BRBMEFCD47Z5;FINANCIAL;-;-;-;-;-;-;-;-;-;6,512;-;-;-;-;-;-;-
DOLV26C005425;BRBMEFCD4809;FINANCIAL;-;-;-;-;-;-;-;-;-;4,068;-;-;-;-;-;-;-
DOLV26C005475;BRBMEFCD4817;FINANCIAL;-;-;-;-;-;-;-;-;-;2,429;-;-;-;-;-;-;-
DOLV26C005525;BRBMEFCD4825;FINANCIAL;-;-;-;-;-;-;-;-;-;1,406;-;-;-;-;-;-;-
DOLV26C005575;BRBMEFCD4833;FINANCIAL;-;-;-;-;-;-;-;-;-;0,812;-;-;-;-;-;-;-
DOLV26C005625;BRBMEFCD4841;FINANCIAL;-;-;-;-;-;-;-;-;-;0,428;-;-;-;-;-;-;-
DOLV26C005675;BRBMEFCD4858;FINANCIAL;-;-;-;-;-;-;-;-;-;0,196;-;-;-;-;-;-;-
DOLV26C005725;BRBMEFCD4866;FINANCIAL;-;-;-;-;-;-;-;-;-;0,085;-;-;-;-;-;-;-
DOLV26C005775;BRBMEFCD4874;FINANCIAL;-;-;-;-;-;-;-;-;-;0,036;-;-;-;-;-;-;-
DOLV26C005825;BRBMEFCD4882;FINANCIAL;-;-;-;-;-;-;-;-;-;0,014;-;-;-;-;-;-;-
DOLV26C005875;BRBMEFCD4890;FINANCIAL;-;-;-;-;-;-;-;-;-;0,005;-;-;-;-;-;-;-
DOLV26C005925;BRBMEFCD48A6;FINANCIAL;-;-;-;-;-;-;-;-;-;0,002;-;-;-;-;-;-;-
DOLV26C005975;BRBMEFCD48B4;FINANCIAL;-;-;-;-;-;-;-;-;-;0,001;-;-;-;-;-;-;-
DOLV26P004525;BRBMEFVD47M3;FINANCIAL;-;-;-;-;-;-;-;-;-;0,001;-;-;-;-;-;-;-
DOLV26P004575;BRBMEFVD47N1;FINANCIAL;-;-;-;-;-;-;-;-;-;0,001;-;-;-;-;-;-;-
DOLV26P004625;BRBMEFVD47O9;FINANCIAL;-;-;-;-;-;-;-;-;-;0,002;-;-;-;-;-;-;-
DOLV26P004675;BRBMEFVD47P6;FINANCIAL;-;-;-;-;-;-;-;-;-;0,01;-;-;-;-;-;-;-
DOLV26P004725;BRBMEFVD47Q4;FINANCIAL;-;-;-;-;-;-;-;-;-;0,042;-;-;-;-;-;-;-
DOLV26P004775;BRBMEFVD47R2;FINANCIAL;-;-;-;-;-;-;-;-;-;0,15;-;-;-;-;-;-;-
DOLV26P004825;BRBMEFVD47S0;FINANCIAL;-;-;-;-;-;-;-;-;-;0,476;-;-;-;-;-;-;-
DOLV26P004875;BRBMEFVD47T8;FINANCIAL;-;-;-;-;-;-;-;-;-;1,227;-;-;-;-;-;-;-
DOLV26P004925;BRBMEFVD47U6;FINANCIAL;-;-;-;-;-;-;-;-;-;2,926;-;-;-;-;-;-;-
DOLV26P004975;BRBMEFVD47V4;FINANCIAL;-;-;-;-;-;-;-;-;-;6,344;-;-;-;-;-;-;-
DOLV26P005025;BRBMEFVD47W2;FINANCIAL;-;-;-;-;-;-;-;-;-;13,137;-;-;-;-;-;-;-
DOLV26P005125;BRBMEFVD47X0;FINANCIAL;-;-;-;-;-;-;-;-;-;43,249;-;-;-;-;-;-;-
DOLV26P005175;BRBMEFVD47Y8;FINANCIAL;-;-;-;-;-;-;-;-;-;68,91;-;-;-;-;-;-;-
DOLV26P005325;BRBMEFVD47Z5;FINANCIAL;-;-;-;-;-;-;-;-;-;182,262;-;-;-;-;-;-;-
DOLV26P005375;BRBMEFVD4806;FINANCIAL;-;-;-;-;-;-;-;-;-;227,54;-;-;-;-;-;-;-
DOLV26P005425;BRBMEFVD4814;FINANCIAL;-;-;-;-;-;-;-;-;-;274,739;-;-;-;-;-;-;-
DOLV26P005475;BRBMEFVD4822;FINANCIAL;-;-;-;-;-;-;-;-;-;322,744;-;-;-;-;-;-;-
DOLV26P005525;BRBMEFVD4830;FINANCIAL;-;-;-;-;-;-;-;-;-;371,365;-;-;-;-;-;-;-
DOLV26P005575;BRBMEFVD4848;FINANCIAL;-;-;-;-;-;-;-;-;-;420,415;-;-;-;-;-;-;-
DOLV26P005625;BRBMEFVD4855;FINANCIAL;-;-;-;-;-;-;-;-;-;469,675;-;-;-;-;-;-;-
DOLV26P005675;BRBMEFVD4863;FINANCIAL;-;-;-;-;-;-;-;-;-;519,086;-;-;-;-;-;-;-
DOLV26P005725;BRBMEFVD4871;FINANCIAL;-;-;-;-;-;-;-;-;-;568,62;-;-;-;-;-;-;-
DOLV26P005775;BRBMEFVD4889;FINANCIAL;-;-;-;-;-;-;-;-;-;618,214;-;-;-;-;-;-;-
DOLV26P005825;BRBMEFVD4897;FINANCIAL;-;-;-;-;-;-;-;-;-;667,836;-;-;-;-;-;-;-
DOLV26P005875;BRBMEFVD48A6;FINANCIAL;-;-;-;-;-;-;-;-;-;717,471;-;-;-;-;-;-;-
DOLV26P005925;BRBMEFVD48B4;FINANCIAL;-;-;-;-;-;-;-;-;-;767,112;-;-;-;-;-;-;-
DOLV26P005975;BRBMEFVD48C2;FINANCIAL;-;-;-;-;-;-;-;-;-;816,754;-;-;-;-;-;-;-
DOLU27C004500;BRBMEFCS0404;FINANCIAL;-;-;-;-;-;-;-;-;-;895,775;-;-;-;-;-;-;-
DOLU27C004550;BRBMEFCS0412;FINANCIAL;-;-;-;-;-;-;-;-;-;856,004;-;-;-;-;-;-;-
DOLU27C004600;BRBMEFCS0420;FINANCIAL;-;-;-;-;-;-;-;-;-;816,902;-;-;-;-;-;-;-
DOLU27C004650;BRBMEFCS0438;FINANCIAL;-;-;-;-;-;-;-;-;-;778,612;-;-;-;-;-;-;-
DOLU27C004700;BRBMEFCS0446;FINANCIAL;-;-;-;-;-;-;-;-;-;741,218;-;-;-;-;-;-;-
DOLU27C004750;BRBMEFCS0453;FINANCIAL;-;-;-;-;-;-;-;-;-;704,694;-;-;-;-;-;-;-
DOLU27C004800;BRBMEFCS0461;FINANCIAL;-;-;-;-;-;-;-;-;-;669,093;-;-;-;-;-;-;-
DOLU27C004850;BRBMEFCS0479;FINANCIAL;-;-;-;-;-;-;-;-;-;634,46;-;-;-;-;-;-;-
DOLU27C004900;BRBMEFCS0487;FINANCIAL;-;-;-;-;-;-;-;-;-;600,84;-;-;-;-;-;-;-
DOLU27C004950;BRBMEFCS0495;FINANCIAL;-;-;-;-;-;-;-;-;-;568,27;-;-;-;-;-;-;-
DOLU27C005000;BRBMEFCS04A7;FINANCIAL;-;-;-;-;-;-;-;-;-;536,929;-;-;-;-;-;-;-
DOLU27C005050;BRBMEFCS04B5;FINANCIAL;-;-;-;-;-;-;-;-;-;506,558;-;-;-;-;-;-;-
DOLU27C005100;BRBMEFCS04C3;FINANCIAL;-;-;-;-;-;-;-;-;-;477,638;-;-;-;-;-;-;-
DOLU27C005150;BRBMEFCS04D1;FINANCIAL;-;-;-;-;-;-;-;-;-;449,886;-;-;-;-;-;-;-
DOLU27C005200;BRBMEFCS04E9;FINANCIAL;-;-;-;-;-;-;-;-;-;423,136;-;-;-;-;-;-;-
DOLU27C005250;BRBMEFCS04F6;FINANCIAL;-;-;-;-;-;-;-;-;-;397,726;-;-;-;-;-;-;-
DOLU27C005300;BRBMEFCS04G4;FINANCIAL;-;-;-;-;-;-;-;-;-;373,483;-;-;-;-;-;-;-
DOLU27C005350;BRBMEFCS04H2;FINANCIAL;-;-;-;-;-;-;-;-;-;350,581;-;-;-;-;-;-;-
DOLU27C005400;BRBMEFCS04I0;FINANCIAL;-;-;-;-;-;-;-;-;-;328,823;-;-;-;-;-;-;-
DOLU27C005450;BRBMEFCS04J8;FINANCIAL;-;-;-;-;-;-;-;-;-;308,186;-;-;-;-;-;-;-
DOLU27C005500;BRBMEFCS04K6;FINANCIAL;-;-;-;-;-;-;-;-;-;288,643;-;-;-;-;-;-;-
DOLU27C005550;BRBMEFCS04L4;FINANCIAL;-;-;-;-;-;-;-;-;-;270,162;-;-;-;-;-;-;-
DOLU27C005600;BRBMEFCS04M2;FINANCIAL;-;-;-;-;-;-;-;-;-;252,902;-;-;-;-;-;-;-
DOLU27C005650;BRBMEFCS04N0;FINANCIAL;-;-;-;-;-;-;-;-;-;236,637;-;-;-;-;-;-;-
DOLU27C005700;BRBMEFCS04O8;FINANCIAL;-;-;-;-;-;-;-;-;-;221,515;-;-;-;-;-;-;-
DOLU27C005750;BRBMEFCS04P5;FINANCIAL;-;-;-;-;-;-;-;-;-;207,119;-;-;-;-;-;-;-
DOLU27C005800;BRBMEFCS04Q3;FINANCIAL;-;-;-;-;-;-;-;-;-;193,599;-;-;-;-;-;-;-
DOLU27C005850;BRBMEFCS04R1;FINANCIAL;-;-;-;-;-;-;-;-;-;180,912;-;-;-;-;-;-;-
WDOV26C005700;BRBMEF0W07U9;FINANCIAL;-;-;-;-;-;-;-;-;-;0,13;-;-;-;-;-;-;-
WDOV26C006500;BRBMEF0W07V7;FINANCIAL;-;-;-;-;-;-;-;-;-;0,001;-;-;-;-;-;-;-
WDOV26P005700;BRBMEF2007U0;FINANCIAL;-;-;-;-;-;-;-;-;-;543,842;-;-;-;-;-;-;-
WDOV26P006500;BRBMEF2007V8;FINANCIAL;-;-;-;-;-;-;-;-;-;1338,013;-;-;-;-;-;-;-
WDOV26C005900;BRBMEF0W08J0;FINANCIAL;-;-;-;-;-;-;-;-;-;0,003;-;-;-;-;-;-;-
WDOV26C006000;BRBMEF0W08K8;FINANCIAL;-;-;-;-;-;-;-;-;-;0,001;-;-;-;-;-;-;-
WDOV26C006100;BRBMEF0W08L6;FINANCIAL;-;-;-;-;-;-;-;-;-;0,001;-;-;-;-;-;-;-
WDOV26P005900;BRBMEF2008J1;FINANCIAL;-;-;-;-;-;-;-;-;-;742,291;-;-;-;-;-;-;-
WDOV26P006000;BRBMEF2008K9;FINANCIAL;-;-;-;-;-;-;-;-;-;841,576;-;-;-;-;-;-;-
WDOV26P006100;BRBMEF2008L7;FINANCIAL;-;-;-;-;-;-;-;-;-;940,863;-;-;-;-;-;-;-
WDOZ26C005400;BRBMEF0Z0850;FINANCIAL;-;-;-;-;-;-;-;-;-;99,555;-;-;-;-;-;-;-
WDOZ26P005400;BRBMEF2Z0858;FINANCIAL;-;-;-;-;-;-;-;-;-;283,49;-;-;-;-;-;-;-
WDOJ27C006100;BRBMEF0409Q8;FINANCIAL;-;-;-;-;-;-;-;-;-;54,307;-;-;-;-;-;-;-
WDOJ27P006100;BRBMEF9409Q9;FINANCIAL;-;-;-;-;-;-;-;-;-;773,8;-;-;-;-;-;-;-
WDOJ27C005950;BRBMEF040AF7;FINANCIAL;-;-;-;-;-;-;-;-;-;72,279;-;-;-;-;-;-;-
WDOJ27P005950;BRBMEF940AF8;FINANCIAL;-;-;-;-;-;-;-;-;-;651,716;-;-;-;-;-;-;-
WDOJ27C006450;BRBMEF040AG5;FINANCIAL;-;-;-;-;-;-;-;-;-;28,684;-;-;-;-;-;-;-
WDOJ27P006450;BRBMEF940AG6;FINANCIAL;-;-;-;-;-;-;-;-;-;1074,975;-;-;-;-;-;-;-
WDOX26C005250;BRBMEF0Y07R1;FINANCIAL;-;-;-;-;-;-;-;-;-;119,039;-;-;-;-;-;-;-
WDOX26P005250;BRBMEF2Y07R7;FINANCIAL;-;-;-;-;-;-;-;-;-;185,075;-;-;-;-;-;-;-
WDOV26C005200;BRBMEF0W08M4;FINANCIAL;-;-;-;-;-;-;-;-;-;37,071;-;-;-;-;-;-;-
WDOV26C005225;BRBMEF0W08N2;FINANCIAL;-;-;-;-;-;-;-;-;-;29,397;-;-;-;-;-;-;-
WDOV26C005250;BRBMEF0W08O0;FINANCIAL;-;-;-;-;-;-;-;-;-;23,086;-;-;-;-;-;-;-
WDOV26C005275;BRBMEF0W08P7;FINANCIAL;-;-;-;-;-;-;-;-;-;18,035;-;-;-;-;-;-;-
WDOV26C005300;BRBMEF0W08Q5;FINANCIAL;-;-;-;-;-;-;-;-;-;14,046;-;-;-;-;-;-;-
WDOV26C005325;BRBMEF0W08R3;FINANCIAL;-;-;-;-;-;-;-;-;-;10,878;-;-;-;-;-;-;-
WDOV26C005350;BRBMEF0W08S1;FINANCIAL;-;-;-;-;-;-;-;-;-;8,384;-;-;-;-;-;-;-
WDOV26C005375;BRBMEF0W08T9;FINANCIAL;-;-;-;-;-;-;-;-;-;6,512;-;-;-;-;-;-;-
WDOV26C005400;BRBMEF0W08U7;FINANCIAL;-;-;-;-;-;-;-;-;-;5,134;-;-;-;-;-;-;-
WDOV26C005425;BRBMEF0W08V5;FINANCIAL;-;-;-;-;-;-;-;-;-;4,068;-;-;-;-;-;-;-
WDOV26C005450;BRBMEF0W08W3;FINANCIAL;-;-;-;-;-;-;-;-;-;3,196;-;-;-;-;-;-;-
WDOV26C005475;BRBMEF0W08X1;FINANCIAL;-;-;-;-;-;-;-;-;-;2,429;-;-;-;-;-;-;-
WDOV26C005500;BRBMEF0W08Y9;FINANCIAL;-;-;-;-;-;-;-;-;-;1,849;-;-;-;-;-;-;-
WDOV26C005525;BRBMEF0W08Z6;FINANCIAL;-;-;-;-;-;-;-;-;-;1,406;-;-;-;-;-;-;-
WDOV26C005550;BRBMEF0W0903;FINANCIAL;-;-;-;-;-;-;-;-;-;1,068;-;-;-;-;-;-;-
WDOV26C005575;BRBMEF0W0911;FINANCIAL;-;-;-;-;-;-;-;-;-;0,812;-;-;-;-;-;-;-
WDOV26C005600;BRBMEF0W0929;FINANCIAL;-;-;-;-;-;-;-;-;-;0,62;-;-;-;-;-;-;-
WDOV26C005625;BRBMEF0W0937;FINANCIAL;-;-;-;-;-;-;-;-;-;0,428;-;-;-;-;-;-;-
WDOV26C005650;BRBMEF0W0945;FINANCIAL;-;-;-;-;-;-;-;-;-;0,291;-;-;-;-;-;-;-
WDOV26C005675;BRBMEF0W0952;FINANCIAL;-;-;-;-;-;-;-;-;-;0,196;-;-;-;-;-;-;-
WDOV26P005200;BRBMEF2008M5;FINANCIAL;-;-;-;-;-;-;-;-;-;84,345;-;-;-;-;-;-;-
WDOV26P005225;BRBMEF2008N3;FINANCIAL;-;-;-;-;-;-;-;-;-;101,494;-;-;-;-;-;-;-
WDOV26P005250;BRBMEF2008O1;FINANCIAL;-;-;-;-;-;-;-;-;-;120,004;-;-;-;-;-;-;-
WDOV26P005275;BRBMEF2008P8;FINANCIAL;-;-;-;-;-;-;-;-;-;139,775;-;-;-;-;-;-;-
WDOV26P005300;BRBMEF2008Q6;FINANCIAL;-;-;-;-;-;-;-;-;-;160,608;-;-;-;-;-;-;-
WDOV26P005325;BRBMEF2008R4;FINANCIAL;-;-;-;-;-;-;-;-;-;182,262;-;-;-;-;-;-;-
WDOV26P005350;BRBMEF2008S2;FINANCIAL;-;-;-;-;-;-;-;-;-;204,59;-;-;-;-;-;-;-
WDOV26P005375;BRBMEF2008T0;FINANCIAL;-;-;-;-;-;-;-;-;-;227,54;-;-;-;-;-;-;-
WDOV26P005400;BRBMEF2008U8;FINANCIAL;-;-;-;-;-;-;-;-;-;250,983;-;-;-;-;-;-;-
WDOV26P005425;BRBMEF2008V6;FINANCIAL;-;-;-;-;-;-;-;-;-;274,739;-;-;-;-;-;-;-
WDOV26P005450;BRBMEF2008W4;FINANCIAL;-;-;-;-;-;-;-;-;-;298,69;-;-;-;-;-;-;-
WDOV26P005475;BRBMEF2008X2;FINANCIAL;-;-;-;-;-;-;-;-;-;322,744;-;-;-;-;-;-;-
WDOV26P005500;BRBMEF2008Y0;FINANCIAL;-;-;-;-;-;-;-;-;-;346,986;-;-;-;-;-;-;-
WDOV26P005525;BRBMEF2008Z7;FINANCIAL;-;-;-;-;-;-;-;-;-;371,365;-;-;-;-;-;-;-
WDOV26P005550;BRBMEF200901;FINANCIAL;-;-;-;-;-;-;-;-;-;395,85;-;-;-;-;-;-;-
WDOV26P005575;BRBMEF200919;FINANCIAL;-;-;-;-;-;-;-;-;-;420,415;-;-;-;-;-;-;-
WDOV26P005600;BRBMEF200927;FINANCIAL;-;-;-;-;-;-;-;-;-;445,045;-;-;-;-;-;-;-
WDOV26P005625;BRBMEF200935;FINANCIAL;-;-;-;-;-;-;-;-;-;469,675;-;-;-;-;-;-;-
WDOV26P005650;BRBMEF200943;FINANCIAL;-;-;-;-;-;-;-;-;-;494,36;-;-;-;-;-;-;-
WDOV26P005675;BRBMEF200950;FINANCIAL;-;-;-;-;-;-;-;-;-;519,086;-;-;-;-;-;-;-
WDOV26C005150;BRBMEF0W0960;FINANCIAL;-;-;-;-;-;-;-;-;-;57,507;-;-;-;-;-;-;-
WDOV26P005150;BRBMEF200968;FINANCIAL;-;-;-;-;-;-;-;-;-;55,138;-;-;-;-;-;-;-
WDOX26C005200;BRBMEF0Y07S9;FINANCIAL;-;-;-;-;-;-;-;-;-;139,891;-;-;-;-;-;-;-
WDOX26P005200;BRBMEF2Y07S5;FINANCIAL;-;-;-;-;-;-;-;-;-;156,81;-;-;-;-;-;-;-
WDOX26C005000;BRBMEF0Y07T7;FINANCIAL;-;-;-;-;-;-;-;-;-;250,565;-;-;-;-;-;-;-
WDOX26C005050;BRBMEF0Y07U5;FINANCIAL;-;-;-;-;-;-;-;-;-;218,825;-;-;-;-;-;-;-
WDOX26C005100;BRBMEF0Y07V3;FINANCIAL;-;-;-;-;-;-;-;-;-;189,749;-;-;-;-;-;-;-
WDOX26C005150;BRBMEF0Y07W1;FINANCIAL;-;-;-;-;-;-;-;-;-;163,464;-;-;-;-;-;-;-
WDOX26C005300;BRBMEF0Y07X9;FINANCIAL;-;-;-;-;-;-;-;-;-;100,718;-;-;-;-;-;-;-
WDOX26C005350;BRBMEF0Y07Y7;FINANCIAL;-;-;-;-;-;-;-;-;-;84,773;-;-;-;-;-;-;-
WDOX26C005400;BRBMEF0Y07Z4;FINANCIAL;-;-;-;-;-;-;-;-;-;71,02;-;-;-;-;-;-;-
WDOX26C005450;BRBMEF0Y0802;FINANCIAL;-;-;-;-;-;-;-;-;-;59,256;-;-;-;-;-;-;-
WDOX26C005500;BRBMEF0Y0810;FINANCIAL;-;-;-;-;-;-;-;-;-;49,329;-;-;-;-;-;-;-
WDOX26C005550;BRBMEF0Y0828;FINANCIAL;-;-;-;-;-;-;-;-;-;40,91;-;-;-;-;-;-;-
WDOX26C005600;BRBMEF0Y0836;FINANCIAL;-;-;-;-;-;-;-;-;-;33,858;-;-;-;-;-;-;-
WDOX26C005650;BRBMEF0Y0844;FINANCIAL;-;-;-;-;-;-;-;-;-;27,984;-;-;-;-;-;-;-
WDOX26C005700;BRBMEF0Y0851;FINANCIAL;-;-;-;-;-;-;-;-;-;23,039;-;-;-;-;-;-;-
WDOX26C005750;BRBMEF0Y0869;FINANCIAL;-;-;-;-;-;-;-;-;-;18,926;-;-;-;-;-;-;-
WDOX26C005800;BRBMEF0Y0877;FINANCIAL;-;-;-;-;-;-;-;-;-;15,787;-;-;-;-;-;-;-
WDOX26C005850;BRBMEF0Y0885;FINANCIAL;-;-;-;-;-;-;-;-;-;13,23;-;-;-;-;-;-;-
WDOX26C005900;BRBMEF0Y0893;FINANCIAL;-;-;-;-;-;-;-;-;-;11,078;-;-;-;-;-;-;-
WDOX26C005950;BRBMEF0Y08A5;FINANCIAL;-;-;-;-;-;-;-;-;-;9,309;-;-;-;-;-;-;-
WDOX26C006000;BRBMEF0Y08B3;FINANCIAL;-;-;-;-;-;-;-;-;-;7,728;-;-;-;-;-;-;-
WDOX26P005000;BRBMEF2Y07T3;FINANCIAL;-;-;-;-;-;-;-;-;-;71,017;-;-;-;-;-;-;-
WDOX26P005050;BRBMEF2Y07U1;FINANCIAL;-;-;-;-;-;-;-;-;-;88,394;-;-;-;-;-;-;-
WDOX26P005100;BRBMEF2Y07V9;FINANCIAL;-;-;-;-;-;-;-;-;-;108,434;-;-;-;-;-;-;-
WDOX26P005150;BRBMEF2Y07W7;FINANCIAL;-;-;-;-;-;-;-;-;-;131,266;-;-;-;-;-;-;-
WDOX26P005300;BRBMEF2Y07X5;FINANCIAL;-;-;-;-;-;-;-;-;-;215,871;-;-;-;-;-;-;-
WDOX26P005350;BRBMEF2Y07Y3;FINANCIAL;-;-;-;-;-;-;-;-;-;249,043;-;-;-;-;-;-;-
WDOX26P005400;BRBMEF2Y07Z0;FINANCIAL;-;-;-;-;-;-;-;-;-;284,406;-;-;-;-;-;-;-
WDOX26P005450;BRBMEF2Y0800;FINANCIAL;-;-;-;-;-;-;-;-;-;321,759;-;-;-;-;-;-;-
WDOX26P005500;BRBMEF2Y0818;FINANCIAL;-;-;-;-;-;-;-;-;-;360,949;-;-;-;-;-;-;-
WDOX26P005550;BRBMEF2Y0826;FINANCIAL;-;-;-;-;-;-;-;-;-;401,646;-;-;-;-;-;-;-
WDOX26P005600;BRBMEF2Y0834;FINANCIAL;-;-;-;-;-;-;-;-;-;443,711;-;-;-;-;-;-;-
WDOX26P005650;BRBMEF2Y0842;FINANCIAL;-;-;-;-;-;-;-;-;-;486,955;-;-;-;-;-;-;-
WDOX26P005700;BRBMEF2Y0859;FINANCIAL;-;-;-;-;-;-;-;-;-;531,126;-;-;-;-;-;-;-
WDOX26P005750;BRBMEF2Y0867;FINANCIAL;-;-;-;-;-;-;-;-;-;576,13;-;-;-;-;-;-;-
WDOX26P005800;BRBMEF2Y0875;FINANCIAL;-;-;-;-;-;-;-;-;-;622,107;-;-;-;-;-;-;-
WDOX26P005850;BRBMEF2Y0883;FINANCIAL;-;-;-;-;-;-;-;-;-;668,667;-;-;-;-;-;-;-
WDOX26P005900;BRBMEF2Y0891;FINANCIAL;-;-;-;-;-;-;-;-;-;715,632;-;-;-;-;-;-;-
WDOX26P005950;BRBMEF2Y08A1;FINANCIAL;-;-;-;-;-;-;-;-;-;762,98;-;-;-;-;-;-;-
WDOX26P006000;BRBMEF2Y08B9;FINANCIAL;-;-;-;-;-;-;-;-;-;810,515;-;-;-;-;-;-;-
WDOV26C005175;BRBMEF0W0978;FINANCIAL;-;-;-;-;-;-;-;-;-;46,457;-;-;-;-;-;-;-
WDOV26P005175;BRBMEF200976;FINANCIAL;-;-;-;-;-;-;-;-;-;68,91;-;-;-;-;-;-;-
WDOX26C005175;BRBMEF0Y08C1;FINANCIAL;-;-;-;-;-;-;-;-;-;151,389;-;-;-;-;-;-;-
WDOX26C005225;BRBMEF0Y08D9;FINANCIAL;-;-;-;-;-;-;-;-;-;129,187;-;-;-;-;-;-;-
WDOX26C005275;BRBMEF0Y08E7;FINANCIAL;-;-;-;-;-;-;-;-;-;109,58;-;-;-;-;-;-;-
WDOX26C005325;BRBMEF0Y08F4;FINANCIAL;-;-;-;-;-;-;-;-;-;92,361;-;-;-;-;-;-;-
WDOX26C005375;BRBMEF0Y08G2;FINANCIAL;-;-;-;-;-;-;-;-;-;77,644;-;-;-;-;-;-;-
WDOX26C005425;BRBMEF0Y08H0;FINANCIAL;-;-;-;-;-;-;-;-;-;64,942;-;-;-;-;-;-;-
WDOX26C005475;BRBMEF0Y08I8;FINANCIAL;-;-;-;-;-;-;-;-;-;54,062;-;-;-;-;-;-;-
WDOX26P005175;BRBMEF2Y08C7;FINANCIAL;-;-;-;-;-;-;-;-;-;143,75;-;-;-;-;-;-;-
WDOX26P005225;BRBMEF2Y08D5;FINANCIAL;-;-;-;-;-;-;-;-;-;170,665;-;-;-;-;-;-;-
WDOX26P005275;BRBMEF2Y08E3;FINANCIAL;-;-;-;-;-;-;-;-;-;200,175;-;-;-;-;-;-;-
WDOX26P005325;BRBMEF2Y08F0;FINANCIAL;-;-;-;-;-;-;-;-;-;232,072;-;-;-;-;-;-;-
WDOX26P005375;BRBMEF2Y08G8;FINANCIAL;-;-;-;-;-;-;-;-;-;266,471;-;-;-;-;-;-;-
WDOX26P005425;BRBMEF2Y08H6;FINANCIAL;-;-;-;-;-;-;-;-;-;302,887;-;-;-;-;-;-;-
WDOX26P005475;BRBMEF2Y08I4;FINANCIAL;-;-;-;-;-;-;-;-;-;341,123;-;-;-;-;-;-;-
WDOF27C005250;BRBMEF010C53;FINANCIAL;-;-;-;-;-;-;-;-;-;187,281;-;-;-;-;-;-;-
WDOF27C005800;BRBMEF010C61;FINANCIAL;-;-;-;-;-;-;-;-;-;46,6;-;-;-;-;-;-;-
WDOF27P005250;BRBMEF210C51;FINANCIAL;-;-;-;-;-;-;-;-;-;197,023;-;-;-;-;-;-;-
WDOF27P005800;BRBMEF210C69;FINANCIAL;-;-;-;-;-;-;-;-;-;585,61;-;-;-;-;-;-;-
WDOZ26C005250;BRBMEF0Z08F1;FINANCIAL;-;-;-;-;-;-;-;-;-;152,585;-;-;-;-;-;-;-
WDOZ26C005600;BRBMEF0Z08G9;FINANCIAL;-;-;-;-;-;-;-;-;-;54,153;-;-;-;-;-;-;-
WDOZ26P005250;BRBMEF2Z08F7;FINANCIAL;-;-;-;-;-;-;-;-;-;190,572;-;-;-;-;-;-;-
WDOZ26P005600;BRBMEF2Z08G5;FINANCIAL;-;-;-;-;-;-;-;-;-;432,687;-;-;-;-;-;-;-
WDOH27C005750;BRBMEF030AP7;FINANCIAL;-;-;-;-;-;-;-;-;-;86,691;-;-;-;-;-;-;-
WDOH27P005750;BRBMEF930AP8;FINANCIAL;-;-;-;-;-;-;-;-;-;515,488;-;-;-;-;-;-;-
WDOF27C005300;BRBMEF010C79;FINANCIAL;-;-;-;-;-;-;-;-;-;166,578;-;-;-;-;-;-;-
WDOF27C005400;BRBMEF010C87;FINANCIAL;-;-;-;-;-;-;-;-;-;130,619;-;-;-;-;-;-;-
WDOF27P005300;BRBMEF210C77;FINANCIAL;-;-;-;-;-;-;-;-;-;224,435;-;-;-;-;-;-;-
WDOF27P005400;BRBMEF210C85;FINANCIAL;-;-;-;-;-;-;-;-;-;284,706;-;-;-;-;-;-;-
WDOZ26C005300;BRBMEF0Z08H7;FINANCIAL;-;-;-;-;-;-;-;-;-;132,886;-;-;-;-;-;-;-
WDOZ26P005300;BRBMEF2Z08H3;FINANCIAL;-;-;-;-;-;-;-;-;-;219,522;-;-;-;-;-;-;-
WDOH27C005400;BRBMEF030AQ5;FINANCIAL;-;-;-;-;-;-;-;-;-;177,948;-;-;-;-;-;-;-
WDOH27P005400;BRBMEF930AQ6;FINANCIAL;-;-;-;-;-;-;-;-;-;276,3;-;-;-;-;-;-;-
WDOZ26C005275;BRBMEF0Z08I5;FINANCIAL;-;-;-;-;-;-;-;-;-;142,517;-;-;-;-;-;-;-
WDOZ26C005325;BRBMEF0Z08J3;FINANCIAL;-;-;-;-;-;-;-;-;-;123,771;-;-;-;-;-;-;-
WDOZ26C005350;BRBMEF0Z08K1;FINANCIAL;-;-;-;-;-;-;-;-;-;115,159;-;-;-;-;-;-;-
WDOZ26C005375;BRBMEF0Z08L9;FINANCIAL;-;-;-;-;-;-;-;-;-;107,123;-;-;-;-;-;-;-
WDOZ26C005425;BRBMEF0Z08M7;FINANCIAL;-;-;-;-;-;-;-;-;-;92,437;-;-;-;-;-;-;-
WDOZ26C005450;BRBMEF0Z08N5;FINANCIAL;-;-;-;-;-;-;-;-;-;85,837;-;-;-;-;-;-;-
WDOZ26C005475;BRBMEF0Z08O3;FINANCIAL;-;-;-;-;-;-;-;-;-;79,566;-;-;-;-;-;-;-
WDOZ26C005500;BRBMEF0Z08P0;FINANCIAL;-;-;-;-;-;-;-;-;-;73,772;-;-;-;-;-;-;-
WDOZ26P005275;BRBMEF2Z08I1;FINANCIAL;-;-;-;-;-;-;-;-;-;204,829;-;-;-;-;-;-;-
WDOZ26P005325;BRBMEF2Z08J9;FINANCIAL;-;-;-;-;-;-;-;-;-;234,732;-;-;-;-;-;-;-
WDOZ26P005350;BRBMEF2Z08K7;FINANCIAL;-;-;-;-;-;-;-;-;-;250,445;-;-;-;-;-;-;-
WDOZ26P005375;BRBMEF2Z08L5;FINANCIAL;-;-;-;-;-;-;-;-;-;266,733;-;-;-;-;-;-;-
WDOZ26P005425;BRBMEF2Z08M3;FINANCIAL;-;-;-;-;-;-;-;-;-;300,698;-;-;-;-;-;-;-
WDOZ26P005450;BRBMEF2Z08N1;FINANCIAL;-;-;-;-;-;-;-;-;-;318,422;-;-;-;-;-;-;-
WDOZ26P005475;BRBMEF2Z08O9;FINANCIAL;-;-;-;-;-;-;-;-;-;336,476;-;-;-;-;-;-;-
WDOZ26P005500;BRBMEF2Z08P6;FINANCIAL;-;-;-;-;-;-;-;-;-;355,006;-;-;-;-;-;-;-
ISPZ26C004200;BRBMEFCSIYR0;FINANCIAL;-;-;-;-;-;-;-;-;-;3414,26;-;-;-;-;-;-;-
ISPZ26C005000;BRBMEFCSIYS8;FINANCIAL;-;-;-;-;-;-;-;-;-;2641,41;-;-;-;-;-;-;-
ISPZ26C005500;BRBMEFCSIYT6;FINANCIAL;-;-;-;-;-;-;-;-;-;2161,42;-;-;-;-;-;-;-
ISPZ26P004200;BRBMEFVSIYR0;FINANCIAL;-;-;-;-;-;-;-;-;-;0,01;-;-;-;-;-;-;-
ISPZ26P005000;BRBMEFVSIYS8;FINANCIAL;-;-;-;-;-;-;-;-;-;0,49;-;-;-;-;-;-;-
ISPZ26P005500;BRBMEFVSIYT6;FINANCIAL;-;-;-;-;-;-;-;-;-;3,83;-;-;-;-;-;-;-
ISPZ26C006300;BRBMEFCSIZ31;FINANCIAL;-;-;-;-;-;-;-;-;-;1414,12;-;-;-;-;-;-;-
ISPZ26P006300;BRBMEFVSIZ38;FINANCIAL;-;-;-;-;-;-;-;-;-;29,85;-;-;-;-;-;-;-
ISPZ26C005200;BRBMEFCSN0H5;FINANCIAL;-;-;-;-;-;-;-;-;-;2448,78;-;-;-;-;-;-;-
ISPZ26C005300;BRBMEFCSN0I3;FINANCIAL;-;-;-;-;-;-;-;-;-;2352,72;-;-;-;-;-;-;-
ISPZ26C005400;BRBMEFCSN0J1;FINANCIAL;-;-;-;-;-;-;-;-;-;2256,91;-;-;-;-;-;-;-
ISPZ26C005600;BRBMEFCSN0K9;FINANCIAL;-;-;-;-;-;-;-;-;-;2066,36;-;-;-;-;-;-;-
ISPZ26C005700;BRBMEFCSN0L7;FINANCIAL;-;-;-;-;-;-;-;-;-;1971,84;-;-;-;-;-;-;-
ISPZ26C005800;BRBMEFCSN0M5;FINANCIAL;-;-;-;-;-;-;-;-;-;1878;-;-;-;-;-;-;-
ISPZ26C005900;BRBMEFCSN0N3;FINANCIAL;-;-;-;-;-;-;-;-;-;1784,97;-;-;-;-;-;-;-
ISPZ26C006000;BRBMEFCSN0O1;FINANCIAL;-;-;-;-;-;-;-;-;-;1692,92;-;-;-;-;-;-;-
ISPZ26C006100;BRBMEFCSN0P8;FINANCIAL;-;-;-;-;-;-;-;-;-;1602,05;-;-;-;-;-;-;-
ISPZ26C006200;BRBMEFCSN0Q6;FINANCIAL;-;-;-;-;-;-;-;-;-;1507,99;-;-;-;-;-;-;-
ISPZ26C006400;BRBMEFCSN0R4;FINANCIAL;-;-;-;-;-;-;-;-;-;1320,79;-;-;-;-;-;-;-
ISPZ26C006500;BRBMEFCSN0S2;FINANCIAL;-;-;-;-;-;-;-;-;-;1228,14;-;-;-;-;-;-;-
ISPZ26C006600;BRBMEFCSN0T0;FINANCIAL;-;-;-;-;-;-;-;-;-;1136,26;-;-;-;-;-;-;-
ISPZ26C006700;BRBMEFCSN0U8;FINANCIAL;-;-;-;-;-;-;-;-;-;1044,89;-;-;-;-;-;-;-
ISPZ26C006800;BRBMEFCSN0V6;FINANCIAL;-;-;-;-;-;-;-;-;-;953,95;-;-;-;-;-;-;-
ISPZ26C006900;BRBMEFCSN0W4;FINANCIAL;-;-;-;-;-;-;-;-;-;864,27;-;-;-;-;-;-;-
ISPZ26P005200;BRBMEFVSN0H2;FINANCIAL;-;-;-;-;-;-;-;-;-;1,19;-;-;-;-;-;-;-
ISPZ26P005300;BRBMEFVSN0I0;FINANCIAL;-;-;-;-;-;-;-;-;-;1,79;-;-;-;-;-;-;-
ISPZ26P005400;BRBMEFVSN0J8;FINANCIAL;-;-;-;-;-;-;-;-;-;2,65;-;-;-;-;-;-;-
ISPZ26P005600;BRBMEFVSN0K6;FINANCIAL;-;-;-;-;-;-;-;-;-;5,44;-;-;-;-;-;-;-
ISPZ26P005700;BRBMEFVSN0L4;FINANCIAL;-;-;-;-;-;-;-;-;-;7,58;-;-;-;-;-;-;-
ISPZ26P005800;BRBMEFVSN0M2;FINANCIAL;-;-;-;-;-;-;-;-;-;10,4;-;-;-;-;-;-;-
ISPZ26P005900;BRBMEFVSN0N0;FINANCIAL;-;-;-;-;-;-;-;-;-;14,04;-;-;-;-;-;-;-
ISPZ26P006000;BRBMEFVSN0O8;FINANCIAL;-;-;-;-;-;-;-;-;-;18,66;-;-;-;-;-;-;-
ISPZ26P006100;BRBMEFVSN0P5;FINANCIAL;-;-;-;-;-;-;-;-;-;24,45;-;-;-;-;-;-;-
ISPZ26P006200;BRBMEFVSN0Q3;FINANCIAL;-;-;-;-;-;-;-;-;-;27,06;-;-;-;-;-;-;-
ISPZ26P006400;BRBMEFVSN0R1;FINANCIAL;-;-;-;-;-;-;-;-;-;33,2;-;-;-;-;-;-;-
ISPZ26P006500;BRBMEFVSN0S9;FINANCIAL;-;-;-;-;-;-;-;-;-;37,21;-;-;-;-;-;-;-
ISPZ26P006600;BRBMEFVSN0T7;FINANCIAL;-;-;-;-;-;-;-;-;-;41,99;-;-;-;-;-;-;-
ISPZ26P006700;BRBMEFVSN0U5;FINANCIAL;-;-;-;-;-;-;-;-;-;47,29;-;-;-;-;-;-;-
ISPZ26P006800;BRBMEFVSN0V3;FINANCIAL;-;-;-;-;-;-;-;-;-;53,02;-;-;-;-;-;-;-
ISPZ26P006900;BRBMEFVSN0W1;FINANCIAL;-;-;-;-;-;-;-;-;-;60;-;-;-;-;-;-;-
ISPU26C006200;BRBMEFCSN0X2;FINANCIAL;-;-;-;-;-;-;-;-;-;1456,27;-;-;-;-;-;-;-
ISPU26P006200;BRBMEFVSN0X9;FINANCIAL;-;-;-;-;-;-;-;-;-;0,01;-;-;-;-;-;-;-
ISPU26C006900;BRBMEFCSN2B4;FINANCIAL;-;-;-;-;-;-;-;-;-;758,06;-;-;-;-;-;-;-
ISPU26C007400;BRBMEFCSN2C2;FINANCIAL;-;-;-;-;-;-;-;-;-;265,89;-;-;-;-;-;-;-
ISPU26C007800;BRBMEFCSN2D0;FINANCIAL;-;-;-;-;-;-;-;-;-;3,88;-;-;-;-;-;-;-
ISPU26P006900;BRBMEFVSN2B1;FINANCIAL;-;-;-;-;-;-;-;-;-;0,01;-;-;-;-;-;-;-
ISPU26P007400;BRBMEFVSN2C9;FINANCIAL;-;-;-;-;-;-;-;-;-;6,55;-;-;-;-;-;-;-
ISPU26P007800;BRBMEFVSN2D7;FINANCIAL;-;-;-;-;-;-;-;-;-;143,52;-;-;-;-;-;-;-
ISPU26C006000;BRBMEFCSN2E8;FINANCIAL;-;-;-;-;-;-;-;-;-;1655,76;-;-;-;-;-;-;-
ISPU26C006500;BRBMEFCSN2F5;FINANCIAL;-;-;-;-;-;-;-;-;-;1157,04;-;-;-;-;-;-;-
ISPU26P006000;BRBMEFVSN2E5;FINANCIAL;-;-;-;-;-;-;-;-;-;0,01;-;-;-;-;-;-;-
ISPU26P006500;BRBMEFVSN2F2;FINANCIAL;-;-;-;-;-;-;-;-;-;0,01;-;-;-;-;-;-;-
ISPU26C007000;BRBMEFCSN2G3;FINANCIAL;-;-;-;-;-;-;-;-;-;658,34;-;-;-;-;-;-;-
ISPU26C007100;BRBMEFCSN2H1;FINANCIAL;-;-;-;-;-;-;-;-;-;558,74;-;-;-;-;-;-;-
ISPU26C007200;BRBMEFCSN2I9;FINANCIAL;-;-;-;-;-;-;-;-;-;459,66;-;-;-;-;-;-;-
ISPU26C007300;BRBMEFCSN2J7;FINANCIAL;-;-;-;-;-;-;-;-;-;362,33;-;-;-;-;-;-;-
ISPU26P007000;BRBMEFVSN2G0;FINANCIAL;-;-;-;-;-;-;-;-;-;0,03;-;-;-;-;-;-;-
ISPU26P007100;BRBMEFVSN2H8;FINANCIAL;-;-;-;-;-;-;-;-;-;0,17;-;-;-;-;-;-;-
ISPU26P007200;BRBMEFVSN2I6;FINANCIAL;-;-;-;-;-;-;-;-;-;0,83;-;-;-;-;-;-;-
ISPU26P007300;BRBMEFVSN2J4;FINANCIAL;-;-;-;-;-;-;-;-;-;3,25;-;-;-;-;-;-;-
ISPZ26C007000;BRBMEFCSN2K5;FINANCIAL;-;-;-;-;-;-;-;-;-;776,23;-;-;-;-;-;-;-
ISPZ26C007100;BRBMEFCSN2L3;FINANCIAL;-;-;-;-;-;-;-;-;-;690,03;-;-;-;-;-;-;-
ISPZ26C007200;BRBMEFCSN2M1;FINANCIAL;-;-;-;-;-;-;-;-;-;606,33;-;-;-;-;-;-;-
ISPZ26C007300;BRBMEFCSN2N9;FINANCIAL;-;-;-;-;-;-;-;-;-;525,34;-;-;-;-;-;-;-
ISPZ26C007400;BRBMEFCSN2O7;FINANCIAL;-;-;-;-;-;-;-;-;-;446,98;-;-;-;-;-;-;-
ISPZ26C007500;BRBMEFCSN2P4;FINANCIAL;-;-;-;-;-;-;-;-;-;372,67;-;-;-;-;-;-;-
ISPZ26P007000;BRBMEFVSN2K2;FINANCIAL;-;-;-;-;-;-;-;-;-;68,63;-;-;-;-;-;-;-
ISPZ26P007100;BRBMEFVSN2L0;FINANCIAL;-;-;-;-;-;-;-;-;-;79,1;-;-;-;-;-;-;-
ISPZ26P007200;BRBMEFVSN2M8;FINANCIAL;-;-;-;-;-;-;-;-;-;92,07;-;-;-;-;-;-;-
ISPZ26P007300;BRBMEFVSN2N6;FINANCIAL;-;-;-;-;-;-;-;-;-;107,74;-;-;-;-;-;-;-
ISPZ26P007400;BRBMEFVSN2O4;FINANCIAL;-;-;-;-;-;-;-;-;-;126,05;-;-;-;-;-;-;-
ISPZ26P007500;BRBMEFVSN2P1;FINANCIAL;-;-;-;-;-;-;-;-;-;148,41;-;-;-;-;-;-;-
ISPU26C007600;BRBMEFCSN2R0;FINANCIAL;-;-;-;-;-;-;-;-;-;89,4;-;-;-;-;-;-;-
ISPU26C007900;BRBMEFCSN2S8;FINANCIAL;-;-;-;-;-;-;-;-;-;0,3;-;-;-;-;-;-;-
ISPU26P007600;BRBMEFVSN2R7;FINANCIAL;-;-;-;-;-;-;-;-;-;29,55;-;-;-;-;-;-;-
ISPU26P007900;BRBMEFVSN2S5;FINANCIAL;-;-;-;-;-;-;-;-;-;239,69;-;-;-;-;-;-;-
ISPU26C006100;BRBMEFCSN2T6;FINANCIAL;-;-;-;-;-;-;-;-;-;1556,02;-;-;-;-;-;-;-
ISPU26C006300;BRBMEFCSN2U4;FINANCIAL;-;-;-;-;-;-;-;-;-;1356,53;-;-;-;-;-;-;-
ISPU26C006400;BRBMEFCSN2V2;FINANCIAL;-;-;-;-;-;-;-;-;-;1256,78;-;-;-;-;-;-;-
ISPU26C006600;BRBMEFCSN2W0;FINANCIAL;-;-;-;-;-;-;-;-;-;1057,29;-;-;-;-;-;-;-
ISPU26C006700;BRBMEFCSN2X8;FINANCIAL;-;-;-;-;-;-;-;-;-;957,55;-;-;-;-;-;-;-
ISPU26C006800;BRBMEFCSN2Y6;FINANCIAL;-;-;-;-;-;-;-;-;-;857,8;-;-;-;-;-;-;-
ISPU26C007500;BRBMEFCSN2Z3;FINANCIAL;-;-;-;-;-;-;-;-;-;172,72;-;-;-;-;-;-;-
ISPU26C007700;BRBMEFCSN305;FINANCIAL;-;-;-;-;-;-;-;-;-;28,67;-;-;-;-;-;-;-
ISPU26P006100;BRBMEFVSN2T3;FINANCIAL;-;-;-;-;-;-;-;-;-;0,01;-;-;-;-;-;-;-
ISPU26P006300;BRBMEFVSN2U1;FINANCIAL;-;-;-;-;-;-;-;-;-;0,01;-;-;-;-;-;-;-
ISPU26P006400;BRBMEFVSN2V9;FINANCIAL;-;-;-;-;-;-;-;-;-;0,01;-;-;-;-;-;-;-
ISPU26P006600;BRBMEFVSN2W7;FINANCIAL;-;-;-;-;-;-;-;-;-;0,01;-;-;-;-;-;-;-
ISPU26P006700;BRBMEFVSN2X5;FINANCIAL;-;-;-;-;-;-;-;-;-;0,01;-;-;-;-;-;-;-
ISPU26P006800;BRBMEFVSN2Y3;FINANCIAL;-;-;-;-;-;-;-;-;-;0,01;-;-;-;-;-;-;-
ISPU26P007500;BRBMEFVSN2Z0;FINANCIAL;-;-;-;-;-;-;-;-;-;13,13;-;-;-;-;-;-;-
ISPU26P007700;BRBMEFVSN305;FINANCIAL;-;-;-;-;-;-;-;-;-;68,57;-;-;-;-;-;-;-
ISPM27C006400;BRBMEFCSN3A4;FINANCIAL;-;-;-;-;-;-;-;-;-;1455,4;-;-;-;-;-;-;-
ISPM27C006500;BRBMEFCSN3B2;FINANCIAL;-;-;-;-;-;-;-;-;-;1373,94;-;-;-;-;-;-;-
ISPM27C006600;BRBMEFCSN3C0;FINANCIAL;-;-;-;-;-;-;-;-;-;1293,62;-;-;-;-;-;-;-
ISPM27C006700;BRBMEFCSN3D8;FINANCIAL;-;-;-;-;-;-;-;-;-;1214,24;-;-;-;-;-;-;-
ISPM27C006800;BRBMEFCSN3E6;FINANCIAL;-;-;-;-;-;-;-;-;-;1136,23;-;-;-;-;-;-;-
ISPM27C006900;BRBMEFCSN3F3;FINANCIAL;-;-;-;-;-;-;-;-;-;1059,58;-;-;-;-;-;-;-
ISPM27C007000;BRBMEFCSN3G1;FINANCIAL;-;-;-;-;-;-;-;-;-;984,43;-;-;-;-;-;-;-
ISPM27C007100;BRBMEFCSN3H9;FINANCIAL;-;-;-;-;-;-;-;-;-;910,94;-;-;-;-;-;-;-
ISPM27C007200;BRBMEFCSN3I7;FINANCIAL;-;-;-;-;-;-;-;-;-;837,84;-;-;-;-;-;-;-
ISPM27C007300;BRBMEFCSN3J5;FINANCIAL;-;-;-;-;-;-;-;-;-;765,97;-;-;-;-;-;-;-
ISPM27C007400;BRBMEFCSN3K3;FINANCIAL;-;-;-;-;-;-;-;-;-;696,35;-;-;-;-;-;-;-
ISPM27C007500;BRBMEFCSN3L1;FINANCIAL;-;-;-;-;-;-;-;-;-;628,98;-;-;-;-;-;-;-
ISPM27C007600;BRBMEFCSN3M9;FINANCIAL;-;-;-;-;-;-;-;-;-;564,32;-;-;-;-;-;-;-
ISPM27C007700;BRBMEFCSN3N7;FINANCIAL;-;-;-;-;-;-;-;-;-;501,9;-;-;-;-;-;-;-
ISPM27C007800;BRBMEFCSN3O5;FINANCIAL;-;-;-;-;-;-;-;-;-;442,68;-;-;-;-;-;-;-
ISPM27P006400;BRBMEFVSN3A1;FINANCIAL;-;-;-;-;-;-;-;-;-;103,3;-;-;-;-;-;-;-
ISPM27P006500;BRBMEFVSN3B9;FINANCIAL;-;-;-;-;-;-;-;-;-;112,7;-;-;-;-;-;-;-
ISPM27P006600;BRBMEFVSN3C7;FINANCIAL;-;-;-;-;-;-;-;-;-;123,22;-;-;-;-;-;-;-
ISPM27P006700;BRBMEFVSN3D5;FINANCIAL;-;-;-;-;-;-;-;-;-;134,69;-;-;-;-;-;-;-
ISPM27P006800;BRBMEFVSN3E3;FINANCIAL;-;-;-;-;-;-;-;-;-;147,54;-;-;-;-;-;-;-
ISPM27P006900;BRBMEFVSN3F0;FINANCIAL;-;-;-;-;-;-;-;-;-;161,74;-;-;-;-;-;-;-
ISPM27P007000;BRBMEFVSN3G8;FINANCIAL;-;-;-;-;-;-;-;-;-;177,44;-;-;-;-;-;-;-
ISPM27P007100;BRBMEFVSN3H6;FINANCIAL;-;-;-;-;-;-;-;-;-;194,8;-;-;-;-;-;-;-
ISPM27P007200;BRBMEFVSN3I4;FINANCIAL;-;-;-;-;-;-;-;-;-;212,55;-;-;-;-;-;-;-
ISPM27P007300;BRBMEFVSN3J2;FINANCIAL;-;-;-;-;-;-;-;-;-;231,54;-;-;-;-;-;-;-
ISPM27P007400;BRBMEFVSN3K0;FINANCIAL;-;-;-;-;-;-;-;-;-;252,77;-;-;-;-;-;-;-
ISPM27P007500;BRBMEFVSN3L8;FINANCIAL;-;-;-;-;-;-;-;-;-;276,25;-;-;-;-;-;-;-
ISPM27P007600;BRBMEFVSN3M6;FINANCIAL;-;-;-;-;-;-;-;-;-;302,44;-;-;-;-;-;-;-
ISPM27P007700;BRBMEFVSN3N4;FINANCIAL;-;-;-;-;-;-;-;-;-;330,87;-;-;-;-;-;-;-
ISPM27P007800;BRBMEFVSN3O2;FINANCIAL;-;-;-;-;-;-;-;-;-;362,5;-;-;-;-;-;-;-
ISPU26C007650;BRBMEFCSN3P2;FINANCIAL;-;-;-;-;-;-;-;-;-;55,05;-;-;-;-;-;-;-
ISPU26P007650;BRBMEFVSN3P9;FINANCIAL;-;-;-;-;-;-;-;-;-;45,07;-;-;-;-;-;-;-
ISPV26C007500;BRBMEFCSN3Q0;FINANCIAL;-;-;-;-;-;-;-;-;-;294,5;-;-;-;-;-;-;-
ISPV26P007500;BRBMEFVSN3Q7;FINANCIAL;-;-;-;-;-;-;-;-;-;65,32;-;-;-;-;-;-;-
IDIF27C544000;BRBMEFCIAW83;FINANCIAL;-;-;-;-;-;-;-;-;-;6487,03;-;-;-;-;-;-;-
IDIF27C545000;BRBMEFCIAW91;FINANCIAL;-;-;-;-;-;-;-;-;-;5524,72;-;-;-;-;-;-;-
IDIF27C547300;BRBMEFCIAWA8;FINANCIAL;-;-;-;-;-;-;-;-;-;3311,42;-;-;-;-;-;-;-
IDIF27C548000;BRBMEFCIAWB6;FINANCIAL;-;-;-;-;-;-;-;-;-;2637,8;-;-;-;-;-;-;-
IDIF27C550000;BRBMEFCIAWC4;FINANCIAL;-;-;-;-;-;-;-;-;-;713,28;-;-;-;-;-;-;-
IDIF27C555000;BRBMEFCIAWD2;FINANCIAL;-;-;-;-;-;-;-;-;-;0,01;-;-;-;-;-;-;-
IDIF27P544000;BRBMEFVI1W81;FINANCIAL;-;-;-;-;-;-;-;-;-;0,01;-;-;-;-;-;-;-
IDIF27P545000;BRBMEFVI1W99;FINANCIAL;-;-;-;-;-;-;-;-;-;0,01;-;-;-;-;-;-;-
IDIF27P547300;BRBMEFVI1WA7;FINANCIAL;-;-;-;-;-;-;-;-;-;0,01;-;-;-;-;-;-;-
IDIF27P548000;BRBMEFVI1WB5;FINANCIAL;-;-;-;-;-;-;-;-;-;0,01;-;-;-;-;-;-;-
IDIF27P550000;BRBMEFVI1WC3;FINANCIAL;-;-;-;-;-;-;-;-;-;0,09;-;-;-;-;-;-;-
IDIF27P555000;BRBMEFVI1WD1;FINANCIAL;-;-;-;-;-;-;-;-;-;4098,34;-;-;-;-;-;-;-
D13F27C001250;BRBMEFD302S0;FINANCIAL;-;-;-;-;-;-;-;-;-;1033,55;-;-;-;-;-;-;-
D13F27C001275;BRBMEFD302T8;FINANCIAL;-;-;-;-;-;-;-;-;-;898,59;-;-;-;-;-;-;-
D13F27C001300;BRBMEFD302U6;FINANCIAL;-;-;-;-;-;-;-;-;-;777,2;-;-;-;-;-;-;-
D13F27C001325;BRBMEFD302V4;FINANCIAL;-;-;-;-;-;-;-;-;-;668,2;-;-;-;-;-;-;-
D13F27C001350;BRBMEFD302W2;FINANCIAL;-;-;-;-;-;-;-;-;-;572,99;-;-;-;-;-;-;-
D13F27C001375;BRBMEFD302X0;FINANCIAL;-;-;-;-;-;-;-;-;-;488,99;-;-;-;-;-;-;-
D13F27C001400;BRBMEFD302Y8;FINANCIAL;-;-;-;-;-;-;-;-;-;417,56;-;-;-;-;-;-;-
D13F27C001425;BRBMEFD302Z5;FINANCIAL;-;-;-;-;-;-;-;-;-;355,74;-;-;-;-;-;-;-
D13F27C001450;BRBMEFD30307;FINANCIAL;-;-;-;-;-;-;-;-;-;303,6;-;-;-;-;-;-;-
D13F27C001475;BRBMEFD30315;FINANCIAL;-;-;-;-;-;-;-;-;-;259,81;-;-;-;-;-;-;-
D13F27C001500;BRBMEFD30323;FINANCIAL;-;-;-;-;-;-;-;-;-;222,9;-;-;-;-;-;-;-
D13F27C001525;BRBMEFD30331;FINANCIAL;-;-;-;-;-;-;-;-;-;191,37;-;-;-;-;-;-;-
D13F27C001550;BRBMEFD30349;FINANCIAL;-;-;-;-;-;-;-;-;-;164,6;-;-;-;-;-;-;-
D13F27C001575;BRBMEFD30356;FINANCIAL;-;-;-;-;-;-;-;-;-;142,05;-;-;-;-;-;-;-
D13F27C001600;BRBMEFD30364;FINANCIAL;-;-;-;-;-;-;-;-;-;122,93;-;-;-;-;-;-;-
D13F27P001250;BRBMEFP30285;FINANCIAL;-;-;-;-;-;-;-;-;-;181,04;-;-;-;-;-;-;-
D13F27P001275;BRBMEFP30293;FINANCIAL;-;-;-;-;-;-;-;-;-;235,08;-;-;-;-;-;-;-
D13F27P001300;BRBMEFP302A4;FINANCIAL;-;-;-;-;-;-;-;-;-;301,85;-;-;-;-;-;-;-
D13F27P001325;BRBMEFP302B2;FINANCIAL;-;-;-;-;-;-;-;-;-;380,19;-;-;-;-;-;-;-
D13F27P001350;BRBMEFP302C0;FINANCIAL;-;-;-;-;-;-;-;-;-;471,49;-;-;-;-;-;-;-
D13F27P001375;BRBMEFP302D8;FINANCIAL;-;-;-;-;-;-;-;-;-;573,19;-;-;-;-;-;-;-
D13F27P001400;BRBMEFP302E6;FINANCIAL;-;-;-;-;-;-;-;-;-;686,64;-;-;-;-;-;-;-
D13F27P001425;BRBMEFP302F3;FINANCIAL;-;-;-;-;-;-;-;-;-;808,89;-;-;-;-;-;-;-
D13F27P001450;BRBMEFP302G1;FINANCIAL;-;-;-;-;-;-;-;-;-;940,03;-;-;-;-;-;-;-
D13F27P001475;BRBMEFP302H9;FINANCIAL;-;-;-;-;-;-;-;-;-;1078,72;-;-;-;-;-;-;-
D13F27P001500;BRBMEFP302I7;FINANCIAL;-;-;-;-;-;-;-;-;-;1223,49;-;-;-;-;-;-;-
D13F27P001525;BRBMEFP302J5;FINANCIAL;-;-;-;-;-;-;-;-;-;1372,85;-;-;-;-;-;-;-
D13F27P001550;BRBMEFP302K3;FINANCIAL;-;-;-;-;-;-;-;-;-;1526,2;-;-;-;-;-;-;-
D13F27P001575;BRBMEFP302L1;FINANCIAL;-;-;-;-;-;-;-;-;-;1682,99;-;-;-;-;-;-;-
D13F27P001600;BRBMEFP302M9;FINANCIAL;-;-;-;-;-;-;-;-;-;1842,43;-;-;-;-;-;-;-
IDIF27C544500;BRBMEFCIAWU6;FINANCIAL;-;-;-;-;-;-;-;-;-;6005,88;-;-;-;-;-;-;-
IDIF27C545500;BRBMEFCIAWV4;FINANCIAL;-;-;-;-;-;-;-;-;-;5043,57;-;-;-;-;-;-;-
IDIF27C546000;BRBMEFCIAWW2;FINANCIAL;-;-;-;-;-;-;-;-;-;4562,42;-;-;-;-;-;-;-
IDIF27C546500;BRBMEFCIAWX0;FINANCIAL;-;-;-;-;-;-;-;-;-;4081,26;-;-;-;-;-;-;-
IDIF27C547000;BRBMEFCIAWY8;FINANCIAL;-;-;-;-;-;-;-;-;-;3600,11;-;-;-;-;-;-;-
IDIF27P544500;BRBMEFVI1WU5;FINANCIAL;-;-;-;-;-;-;-;-;-;0,01;-;-;-;-;-;-;-
IDIF27P545500;BRBMEFVI1WV3;FINANCIAL;-;-;-;-;-;-;-;-;-;0,01;-;-;-;-;-;-;-
IDIF27P546000;BRBMEFVI1WW1;FINANCIAL;-;-;-;-;-;-;-;-;-;0,01;-;-;-;-;-;-;-
IDIF27P546500;BRBMEFVI1WX9;FINANCIAL;-;-;-;-;-;-;-;-;-;0,01;-;-;-;-;-;-;-
IDIF27P547000;BRBMEFVI1WY7;FINANCIAL;-;-;-;-;-;-;-;-;-;0,01;-;-;-;-;-;-;-
IDIV26C522000;BRBMEFCIVVU4;FINANCIAL;-;-;-;-;-;-;-;-;-;11700,73;-;-;-;-;-;-;-
IDIV26C524000;BRBMEFCIVVV2;FINANCIAL;-;-;-;-;-;-;-;-;-;9714,98;-;-;-;-;-;-;-
IDIV26C526000;BRBMEFCIVVW0;FINANCIAL;-;-;-;-;-;-;-;-;-;7729,23;-;-;-;-;-;-;-
IDIV26C528000;BRBMEFCIVVX8;FINANCIAL;-;-;-;-;-;-;-;-;-;5743,48;-;-;-;-;-;-;-
IDIV26C530000;BRBMEFCIVVY6;FINANCIAL;-;-;-;-;-;-;-;-;-;3757,73;-;-;-;-;-;-;-
IDIV26C532000;BRBMEFCIVVZ3;FINANCIAL;-;-;-;-;-;-;-;-;-;1771,97;-;-;-;-;-;-;-
IDIV26C534000;BRBMEFCIVW05;FINANCIAL;-;-;-;-;-;-;-;-;-;0,01;-;-;-;-;-;-;-
IDIV26C536000;BRBMEFCIVW13;FINANCIAL;-;-;-;-;-;-;-;-;-;0,01;-;-;-;-;-;-;-
IDIV26C538000;BRBMEFCIVW21;FINANCIAL;-;-;-;-;-;-;-;-;-;0,01;-;-;-;-;-;-;-
IDIV26C540000;BRBMEFCIVW39;FINANCIAL;-;-;-;-;-;-;-;-;-;0,01;-;-;-;-;-;-;-
IDIV26C542000;BRBMEFCIVW47;FINANCIAL;-;-;-;-;-;-;-;-;-;0,01;-;-;-;-;-;-;-
IDIV26C544000;BRBMEFCIVW54;FINANCIAL;-;-;-;-;-;-;-;-;-;0,01;-;-;-;-;-;-;-
IDIV26C546000;BRBMEFCIVW62;FINANCIAL;-;-;-;-;-;-;-;-;-;0,01;-;-;-;-;-;-;-
IDIV26P522000;BRBMEFVIVVU4;FINANCIAL;-;-;-;-;-;-;-;-;-;0,01;-;-;-;-;-;-;-
IDIV26P524000;BRBMEFVIVVV2;FINANCIAL;-;-;-;-;-;-;-;-;-;0,01;-;-;-;-;-;-;-
IDIV26P526000;BRBMEFVIVVW0;FINANCIAL;-;-;-;-;-;-;-;-;-;0,01;-;-;-;-;-;-;-
IDIV26P528000;BRBMEFVIVVX8;FINANCIAL;-;-;-;-;-;-;-;-;-;0,01;-;-;-;-;-;-;-
IDIV26P530000;BRBMEFVIVVY6;FINANCIAL;-;-;-;-;-;-;-;-;-;0,01;-;-;-;-;-;-;-
IDIV26P532000;BRBMEFVIVVZ3;FINANCIAL;-;-;-;-;-;-;-;-;-;0,01;-;-;-;-;-;-;-
IDIV26P534000;BRBMEFVIVW02;FINANCIAL;-;-;-;-;-;-;-;-;-;213,78;-;-;-;-;-;-;-
IDIV26P536000;BRBMEFVIVW10;FINANCIAL;-;-;-;-;-;-;-;-;-;2199,53;-;-;-;-;-;-;-
IDIV26P538000;BRBMEFVIVW28;FINANCIAL;-;-;-;-;-;-;-;-;-;4185,28;-;-;-;-;-;-;-
IDIV26P540000;BRBMEFVIVW36;FINANCIAL;-;-;-;-;-;-;-;-;-;6171,03;-;-;-;-;-;-;-
IDIV26P542000;BRBMEFVIVW44;FINANCIAL;-;-;-;-;-;-;-;-;-;8156,78;-;-;-;-;-;-;-
IDIV26P544000;BRBMEFVIVW51;FINANCIAL;-;-;-;-;-;-;-;-;-;10142,54;-;-;-;-;-;-;-
IDIV26P546000;BRBMEFVIVW69;FINANCIAL;-;-;-;-;-;-;-;-;-;12128,29;-;-;-;-;-;-;-
IDIN28C657500;BRBMEFCICHU3;FINANCIAL;-;-;-;-;-;-;-;-;-;9734,19;-;-;-;-;-;-;-
IDIN28C657800;BRBMEFCICHV1;FINANCIAL;-;-;-;-;-;-;-;-;-;9569,19;-;-;-;-;-;-;-
IDIN28C658000;BRBMEFCICHX7;FINANCIAL;-;-;-;-;-;-;-;-;-;9460,3;-;-;-;-;-;-;-
IDIN28C660000;BRBMEFCICHY5;FINANCIAL;-;-;-;-;-;-;-;-;-;8414,95;-;-;-;-;-;-;-
IDIN28C662000;BRBMEFCICHZ2;FINANCIAL;-;-;-;-;-;-;-;-;-;7451,11;-;-;-;-;-;-;-
IDIN28C664000;BRBMEFCICI06;FINANCIAL;-;-;-;-;-;-;-;-;-;6570,83;-;-;-;-;-;-;-
IDIN28C666000;BRBMEFCICI14;FINANCIAL;-;-;-;-;-;-;-;-;-;5776,65;-;-;-;-;-;-;-
IDIN28C667000;BRBMEFCICHW9;FINANCIAL;-;-;-;-;-;-;-;-;-;5408,3;-;-;-;-;-;-;-
IDIN28C668000;BRBMEFCICI22;FINANCIAL;-;-;-;-;-;-;-;-;-;5059,95;-;-;-;-;-;-;-
IDIN28C670000;BRBMEFCICI30;FINANCIAL;-;-;-;-;-;-;-;-;-;4422,01;-;-;-;-;-;-;-
IDIN28C672000;BRBMEFCICI48;FINANCIAL;-;-;-;-;-;-;-;-;-;3853,96;-;-;-;-;-;-;-
IDIN28C674000;BRBMEFCICI55;FINANCIAL;-;-;-;-;-;-;-;-;-;3353,21;-;-;-;-;-;-;-
IDIN28C676000;BRBMEFCICI63;FINANCIAL;-;-;-;-;-;-;-;-;-;2912,69;-;-;-;-;-;-;-
IDIN28C678000;BRBMEFCICI71;FINANCIAL;-;-;-;-;-;-;-;-;-;2526,87;-;-;-;-;-;-;-
IDIN28C680000;BRBMEFCICI89;FINANCIAL;-;-;-;-;-;-;-;-;-;2191,44;-;-;-;-;-;-;-
IDIN28C682000;BRBMEFCICI97;FINANCIAL;-;-;-;-;-;-;-;-;-;1899,17;-;-;-;-;-;-;-
IDIN28C684000;BRBMEFCICIA3;FINANCIAL;-;-;-;-;-;-;-;-;-;1645,41;-;-;-;-;-;-;-
IDIN28C686000;BRBMEFCICIB1;FINANCIAL;-;-;-;-;-;-;-;-;-;1425,21;-;-;-;-;-;-;-
IDIN28C688000;BRBMEFCICIC9;FINANCIAL;-;-;-;-;-;-;-;-;-;1235,82;-;-;-;-;-;-;-
IDIN28C690000;BRBMEFCICID7;FINANCIAL;-;-;-;-;-;-;-;-;-;1071,53;-;-;-;-;-;-;-
IDIN28C692000;BRBMEFCICIE5;FINANCIAL;-;-;-;-;-;-;-;-;-;930,26;-;-;-;-;-;-;-
IDIN28C694000;BRBMEFCICIF2;FINANCIAL;-;-;-;-;-;-;-;-;-;808,12;-;-;-;-;-;-;-
IDIN28C696000;BRBMEFCICIG0;FINANCIAL;-;-;-;-;-;-;-;-;-;702,56;-;-;-;-;-;-;-
IDIN28C698000;BRBMEFCICIH8;FINANCIAL;-;-;-;-;-;-;-;-;-;611,24;-;-;-;-;-;-;-
IDIN28C700000;BRBMEFCICII6;FINANCIAL;-;-;-;-;-;-;-;-;-;532,91;-;-;-;-;-;-;-
IDIN28C702000;BRBMEFCICIJ4;FINANCIAL;-;-;-;-;-;-;-;-;-;464,83;-;-;-;-;-;-;-
IDIN28C704000;BRBMEFCICIK2;FINANCIAL;-;-;-;-;-;-;-;-;-;406,27;-;-;-;-;-;-;-
IDIN28C706000;BRBMEFCICIL0;FINANCIAL;-;-;-;-;-;-;-;-;-;355,73;-;-;-;-;-;-;-
IDIN28C708000;BRBMEFCICIM8;FINANCIAL;-;-;-;-;-;-;-;-;-;311,81;-;-;-;-;-;-;-
IDIN28C710000;BRBMEFCICIN6;FINANCIAL;-;-;-;-;-;-;-;-;-;273,56;-;-;-;-;-;-;-
IDIN28C712000;BRBMEFCICIO4;FINANCIAL;-;-;-;-;-;-;-;-;-;240,32;-;-;-;-;-;-;-
IDIN28C714000;BRBMEFCICIP1;FINANCIAL;-;-;-;-;-;-;-;-;-;211,5;-;-;-;-;-;-;-
IDIN28C716000;BRBMEFCICIQ9;FINANCIAL;-;-;-;-;-;-;-;-;-;186,48;-;-;-;-;-;-;-
IDIN28C718000;BRBMEFCICIR7;FINANCIAL;-;-;-;-;-;-;-;-;-;164,75;-;-;-;-;-;-;-
IDIN28C720000;BRBMEFCICIS5;FINANCIAL;-;-;-;-;-;-;-;-;-;145,73;-;-;-;-;-;-;-
IDIN28C722000;BRBMEFCICIT3;FINANCIAL;-;-;-;-;-;-;-;-;-;129,03;-;-;-;-;-;-;-
IDIN28C724000;BRBMEFCICIU1;FINANCIAL;-;-;-;-;-;-;-;-;-;114,41;-;-;-;-;-;-;-
IDIN28C726000;BRBMEFCICIV9;FINANCIAL;-;-;-;-;-;-;-;-;-;101,58;-;-;-;-;-;-;-
IDIN28C728000;BRBMEFCICIW7;FINANCIAL;-;-;-;-;-;-;-;-;-;90,32;-;-;-;-;-;-;-
IDIN28C730000;BRBMEFCICIX5;FINANCIAL;-;-;-;-;-;-;-;-;-;80,47;-;-;-;-;-;-;-
IDIN28C732000;BRBMEFCICIY3;FINANCIAL;-;-;-;-;-;-;-;-;-;71,79;-;-;-;-;-;-;-
IDIN28C734000;BRBMEFCICIZ0;FINANCIAL;-;-;-;-;-;-;-;-;-;59,45;-;-;-;-;-;-;-
IDIN28C736000;BRBMEFCICJ05;FINANCIAL;-;-;-;-;-;-;-;-;-;48,32;-;-;-;-;-;-;-
IDIN28C738000;BRBMEFCICJ13;FINANCIAL;-;-;-;-;-;-;-;-;-;39,14;-;-;-;-;-;-;-
IDIN28C740000;BRBMEFCICJ21;FINANCIAL;-;-;-;-;-;-;-;-;-;31,59;-;-;-;-;-;-;-
IDIN28C742000;BRBMEFCICJ39;FINANCIAL;-;-;-;-;-;-;-;-;-;25,42;-;-;-;-;-;-;-
IDIN28C744000;BRBMEFCICJ47;FINANCIAL;-;-;-;-;-;-;-;-;-;20,38;-;-;-;-;-;-;-
IDIN28C746000;BRBMEFCICJ54;FINANCIAL;-;-;-;-;-;-;-;-;-;16,28;-;-;-;-;-;-;-
IDIN28C748000;BRBMEFCICJ62;FINANCIAL;-;-;-;-;-;-;-;-;-;12,97;-;-;-;-;-;-;-
IDIN28C750000;BRBMEFCICJ70;FINANCIAL;-;-;-;-;-;-;-;-;-;10,29;-;-;-;-;-;-;-
IDIN28P657500;BRBMEFVI2HU4;FINANCIAL;-;-;-;-;-;-;-;-;-;2049,4;-;-;-;-;-;-;-
IDIN28P657800;BRBMEFVI2HV2;FINANCIAL;-;-;-;-;-;-;-;-;-;2122,71;-;-;-;-;-;-;-
IDIN28P658000;BRBMEFVI2HX8;FINANCIAL;-;-;-;-;-;-;-;-;-;2172,69;-;-;-;-;-;-;-
IDIN28P660000;BRBMEFVI2HY6;FINANCIAL;-;-;-;-;-;-;-;-;-;2716,08;-;-;-;-;-;-;-
IDIN28P662000;BRBMEFVI2HZ3;FINANCIAL;-;-;-;-;-;-;-;-;-;3340,97;-;-;-;-;-;-;-
IDIN28P664000;BRBMEFVI2I05;FINANCIAL;-;-;-;-;-;-;-;-;-;4049,43;-;-;-;-;-;-;-
IDIN28P666000;BRBMEFVI2I13;FINANCIAL;-;-;-;-;-;-;-;-;-;4843,98;-;-;-;-;-;-;-
IDIN28P667000;BRBMEFVI2HW0;FINANCIAL;-;-;-;-;-;-;-;-;-;5270,01;-;-;-;-;-;-;-
IDIN28P668000;BRBMEFVI2I21;FINANCIAL;-;-;-;-;-;-;-;-;-;5716,02;-;-;-;-;-;-;-
IDIN28P670000;BRBMEFVI2I39;FINANCIAL;-;-;-;-;-;-;-;-;-;6666,82;-;-;-;-;-;-;-
IDIN28P672000;BRBMEFVI2I47;FINANCIAL;-;-;-;-;-;-;-;-;-;7687,5;-;-;-;-;-;-;-
IDIN28P674000;BRBMEFVI2I54;FINANCIAL;-;-;-;-;-;-;-;-;-;8775,49;-;-;-;-;-;-;-
IDIN28P676000;BRBMEFVI2I62;FINANCIAL;-;-;-;-;-;-;-;-;-;9923,71;-;-;-;-;-;-;-
IDIN28P678000;BRBMEFVI2I70;FINANCIAL;-;-;-;-;-;-;-;-;-;11126,63;-;-;-;-;-;-;-
IDIN28P680000;BRBMEFVI2I88;FINANCIAL;-;-;-;-;-;-;-;-;-;12379,93;-;-;-;-;-;-;-
IDIN28P682000;BRBMEFVI2I96;FINANCIAL;-;-;-;-;-;-;-;-;-;13676,4;-;-;-;-;-;-;-
IDIN28P684000;BRBMEFVI2IA4;FINANCIAL;-;-;-;-;-;-;-;-;-;15011,37;-;-;-;-;-;-;-
IDIN28P686000;BRBMEFVI2IB2;FINANCIAL;-;-;-;-;-;-;-;-;-;16379,91;-;-;-;-;-;-;-
IDIN28P688000;BRBMEFVI2IC0;FINANCIAL;-;-;-;-;-;-;-;-;-;17779,27;-;-;-;-;-;-;-
IDIN28P690000;BRBMEFVI2ID8;FINANCIAL;-;-;-;-;-;-;-;-;-;19203,71;-;-;-;-;-;-;-
IDIN28P692000;BRBMEFVI2IE6;FINANCIAL;-;-;-;-;-;-;-;-;-;20651,17;-;-;-;-;-;-;-
IDIN28P694000;BRBMEFVI2IF3;FINANCIAL;-;-;-;-;-;-;-;-;-;22117,77;-;-;-;-;-;-;-
IDIN28P696000;BRBMEFVI2IG1;FINANCIAL;-;-;-;-;-;-;-;-;-;23600,94;-;-;-;-;-;-;-
IDIN28P698000;BRBMEFVI2IH9;FINANCIAL;-;-;-;-;-;-;-;-;-;25098,36;-;-;-;-;-;-;-
IDIN28P700000;BRBMEFVI2II7;FINANCIAL;-;-;-;-;-;-;-;-;-;26608,77;-;-;-;-;-;-;-
IDIN28P702000;BRBMEFVI2IJ5;FINANCIAL;-;-;-;-;-;-;-;-;-;28129,43;-;-;-;-;-;-;-
IDIN28P704000;BRBMEFVI2IK3;FINANCIAL;-;-;-;-;-;-;-;-;-;29659,61;-;-;-;-;-;-;-
IDIN28P706000;BRBMEFVI2IL1;FINANCIAL;-;-;-;-;-;-;-;-;-;31197,8;-;-;-;-;-;-;-
IDIN28P708000;BRBMEFVI2IM9;FINANCIAL;-;-;-;-;-;-;-;-;-;32742,62;-;-;-;-;-;-;-
IDIN28P710000;BRBMEFVI2IN7;FINANCIAL;-;-;-;-;-;-;-;-;-;34293,1;-;-;-;-;-;-;-
IDIN28P712000;BRBMEFVI2IO5;FINANCIAL;-;-;-;-;-;-;-;-;-;35848,6;-;-;-;-;-;-;-
IDIN28P714000;BRBMEFVI2IP2;FINANCIAL;-;-;-;-;-;-;-;-;-;37408,51;-;-;-;-;-;-;-
IDIN28P716000;BRBMEFVI2IQ0;FINANCIAL;-;-;-;-;-;-;-;-;-;38972,24;-;-;-;-;-;-;-
IDIN28P718000;BRBMEFVI2IR8;FINANCIAL;-;-;-;-;-;-;-;-;-;40539,24;-;-;-;-;-;-;-
IDIN28P720000;BRBMEFVI2IS6;FINANCIAL;-;-;-;-;-;-;-;-;-;42108,95;-;-;-;-;-;-;-
IDIN28P722000;BRBMEFVI2IT4;FINANCIAL;-;-;-;-;-;-;-;-;-;43680,99;-;-;-;-;-;-;-
IDIN28P724000;BRBMEFVI2IU2;FINANCIAL;-;-;-;-;-;-;-;-;-;45255,12;-;-;-;-;-;-;-
IDIN28P726000;BRBMEFVI2IV0;FINANCIAL;-;-;-;-;-;-;-;-;-;46831,02;-;-;-;-;-;-;-
IDIN28P728000;BRBMEFVI2IW8;FINANCIAL;-;-;-;-;-;-;-;-;-;48408,49;-;-;-;-;-;-;-
IDIN28P730000;BRBMEFVI2IX6;FINANCIAL;-;-;-;-;-;-;-;-;-;49987,38;-;-;-;-;-;-;-
IDIN28P732000;BRBMEFVI2IY4;FINANCIAL;-;-;-;-;-;-;-;-;-;51567,44;-;-;-;-;-;-;-
IDIN28P734000;BRBMEFVI2IZ1;FINANCIAL;-;-;-;-;-;-;-;-;-;53143,83;-;-;-;-;-;-;-
IDIN28P736000;BRBMEFVI2J04;FINANCIAL;-;-;-;-;-;-;-;-;-;54721,44;-;-;-;-;-;-;-
IDIN28P738000;BRBMEFVI2J12;FINANCIAL;-;-;-;-;-;-;-;-;-;56301;-;-;-;-;-;-;-
IDIN28P740000;BRBMEFVI2J20;FINANCIAL;-;-;-;-;-;-;-;-;-;57882,19;-;-;-;-;-;-;-
IDIN28P742000;BRBMEFVI2J38;FINANCIAL;-;-;-;-;-;-;-;-;-;59464,75;-;-;-;-;-;-;-
IDIN28P744000;BRBMEFVI2J46;FINANCIAL;-;-;-;-;-;-;-;-;-;61048,45;-;-;-;-;-;-;-
IDIN28P746000;BRBMEFVI2J53;FINANCIAL;-;-;-;-;-;-;-;-;-;62633,09;-;-;-;-;-;-;-
IDIN28P748000;BRBMEFVI2J61;FINANCIAL;-;-;-;-;-;-;-;-;-;64218,51;-;-;-;-;-;-;-
IDIN28P750000;BRBMEFVI2J79;FINANCIAL;-;-;-;-;-;-;-;-;-;65804,57;-;-;-;-;-;-;-
IDIV26C530500;BRBMEFCIVW88;FINANCIAL;-;-;-;-;-;-;-;-;-;3261,29;-;-;-;-;-;-;-
IDIV26C531000;BRBMEFCIVW96;FINANCIAL;-;-;-;-;-;-;-;-;-;2764,85;-;-;-;-;-;-;-
IDIV26C531500;BRBMEFCIVWA4;FINANCIAL;-;-;-;-;-;-;-;-;-;2268,41;-;-;-;-;-;-;-
IDIV26C532500;BRBMEFCIVWB2;FINANCIAL;-;-;-;-;-;-;-;-;-;1275,54;-;-;-;-;-;-;-
IDIV26C533000;BRBMEFCIVWC0;FINANCIAL;-;-;-;-;-;-;-;-;-;779,1;-;-;-;-;-;-;-
IDIV26C533500;BRBMEFCIVWD8;FINANCIAL;-;-;-;-;-;-;-;-;-;282,66;-;-;-;-;-;-;-
IDIV26C534500;BRBMEFCIVWE6;FINANCIAL;-;-;-;-;-;-;-;-;-;0,01;-;-;-;-;-;-;-
IDIV26P530500;BRBMEFVIVW85;FINANCIAL;-;-;-;-;-;-;-;-;-;0,01;-;-;-;-;-;-;-
IDIV26P531000;BRBMEFVIVW93;FINANCIAL;-;-;-;-;-;-;-;-;-;0,01;-;-;-;-;-;-;-
IDIV26P531500;BRBMEFVIVWA4;FINANCIAL;-;-;-;-;-;-;-;-;-;0,01;-;-;-;-;-;-;-
IDIV26P532500;BRBMEFVIVWB2;FINANCIAL;-;-;-;-;-;-;-;-;-;0,01;-;-;-;-;-;-;-
IDIV26P533000;BRBMEFVIVWC0;FINANCIAL;-;-;-;-;-;-;-;-;-;0,01;-;-;-;-;-;-;-
IDIV26P533500;BRBMEFVIVWD8;FINANCIAL;-;-;-;-;-;-;-;-;-;0,01;-;-;-;-;-;-;-
IDIV26P534500;BRBMEFVIVWE6;FINANCIAL;-;-;-;-;-;-;-;-;-;710,21;-;-;-;-;-;-;-
D11F27C001400;BRBMEFCD1DZ2;FINANCIAL;-;-;-;-;-;-;-;-;-;62,7;-;-;-;-;-;-;-
D11F27C001425;BRBMEFCD1E01;FINANCIAL;-;-;-;-;-;-;-;-;-;48,95;-;-;-;-;-;-;-
D11F27C001450;BRBMEFCD1E19;FINANCIAL;-;-;-;-;-;-;-;-;-;37,99;-;-;-;-;-;-;-
D11F27C001475;BRBMEFCD1E27;FINANCIAL;-;-;-;-;-;-;-;-;-;29,41;-;-;-;-;-;-;-
D11F27C001500;BRBMEFCD1E35;FINANCIAL;-;-;-;-;-;-;-;-;-;22,72;-;-;-;-;-;-;-
D11F27P001400;BRBMEFVD1DL9;FINANCIAL;-;-;-;-;-;-;-;-;-;158,42;-;-;-;-;-;-;-
D11F27P001425;BRBMEFVD1DM7;FINANCIAL;-;-;-;-;-;-;-;-;-;193,31;-;-;-;-;-;-;-
D11F27P001450;BRBMEFVD1DN5;FINANCIAL;-;-;-;-;-;-;-;-;-;230,85;-;-;-;-;-;-;-
D11F27P001475;BRBMEFVD1DO3;FINANCIAL;-;-;-;-;-;-;-;-;-;270,65;-;-;-;-;-;-;-
D11F27P001500;BRBMEFVD1DP0;FINANCIAL;-;-;-;-;-;-;-;-;-;312,2;-;-;-;-;-;-;-
IDIF27C553900;BRBMEFCIAX09;FINANCIAL;-;-;-;-;-;-;-;-;-;0,01;-;-;-;-;-;-;-
IDIF27P553900;BRBMEFVI1X07;FINANCIAL;-;-;-;-;-;-;-;-;-;3039,81;-;-;-;-;-;-;-
IDIN27C588100;BRBMEFCICJA1;FINANCIAL;-;-;-;-;-;-;-;-;-;771,78;-;-;-;-;-;-;-
IDIN27P588100;BRBMEFVI2JA2;FINANCIAL;-;-;-;-;-;-;-;-;-;2643,7;-;-;-;-;-;-;-
IDIF27C547400;BRBMEFCIAX17;FINANCIAL;-;-;-;-;-;-;-;-;-;3215,19;-;-;-;-;-;-;-
IDIF27C547500;BRBMEFCIAX25;FINANCIAL;-;-;-;-;-;-;-;-;-;3118,96;-;-;-;-;-;-;-
IDIF27C547600;BRBMEFCIAX33;FINANCIAL;-;-;-;-;-;-;-;-;-;3022,73;-;-;-;-;-;-;-
IDIF27C547700;BRBMEFCIAX41;FINANCIAL;-;-;-;-;-;-;-;-;-;2926,5;-;-;-;-;-;-;-
IDIF27C547800;BRBMEFCIAX58;FINANCIAL;-;-;-;-;-;-;-;-;-;2830,26;-;-;-;-;-;-;-
IDIF27C547900;BRBMEFCIAX66;FINANCIAL;-;-;-;-;-;-;-;-;-;2734,03;-;-;-;-;-;-;-
IDIF27C548100;BRBMEFCIAX74;FINANCIAL;-;-;-;-;-;-;-;-;-;2541,57;-;-;-;-;-;-;-
IDIF27C548200;BRBMEFCIAX82;FINANCIAL;-;-;-;-;-;-;-;-;-;2445,34;-;-;-;-;-;-;-
IDIF27C548300;BRBMEFCIAX90;FINANCIAL;-;-;-;-;-;-;-;-;-;2349,11;-;-;-;-;-;-;-
IDIF27C548400;BRBMEFCIAXA6;FINANCIAL;-;-;-;-;-;-;-;-;-;2252,88;-;-;-;-;-;-;-
IDIF27C548500;BRBMEFCIAXB4;FINANCIAL;-;-;-;-;-;-;-;-;-;2156,65;-;-;-;-;-;-;-
IDIF27C548600;BRBMEFCIAXC2;FINANCIAL;-;-;-;-;-;-;-;-;-;2060,42;-;-;-;-;-;-;-
IDIF27C548700;BRBMEFCIAXD0;FINANCIAL;-;-;-;-;-;-;-;-;-;1964,19;-;-;-;-;-;-;-
IDIF27C548800;BRBMEFCIAXE8;FINANCIAL;-;-;-;-;-;-;-;-;-;1867,96;-;-;-;-;-;-;-
IDIF27C548900;BRBMEFCIAXF5;FINANCIAL;-;-;-;-;-;-;-;-;-;1771,73;-;-;-;-;-;-;-
IDIF27C549000;BRBMEFCIAXG3;FINANCIAL;-;-;-;-;-;-;-;-;-;1675,5;-;-;-;-;-;-;-
IDIF27C549100;BRBMEFCIAXH1;FINANCIAL;-;-;-;-;-;-;-;-;-;1579,27;-;-;-;-;-;-;-
IDIF27C549200;BRBMEFCIAXI9;FINANCIAL;-;-;-;-;-;-;-;-;-;1483,03;-;-;-;-;-;-;-
IDIF27C549300;BRBMEFCIAXJ7;FINANCIAL;-;-;-;-;-;-;-;-;-;1386,8;-;-;-;-;-;-;-
IDIF27P547400;BRBMEFVI1X15;FINANCIAL;-;-;-;-;-;-;-;-;-;0,01;-;-;-;-;-;-;-
IDIF27P547500;BRBMEFVI1X23;FINANCIAL;-;-;-;-;-;-;-;-;-;0,01;-;-;-;-;-;-;-
IDIF27P547600;BRBMEFVI1X31;FINANCIAL;-;-;-;-;-;-;-;-;-;0,01;-;-;-;-;-;-;-
IDIF27P547700;BRBMEFVI1X49;FINANCIAL;-;-;-;-;-;-;-;-;-;0,01;-;-;-;-;-;-;-
IDIF27P547800;BRBMEFVI1X56;FINANCIAL;-;-;-;-;-;-;-;-;-;0,01;-;-;-;-;-;-;-
IDIF27P547900;BRBMEFVI1X64;FINANCIAL;-;-;-;-;-;-;-;-;-;0,01;-;-;-;-;-;-;-
IDIF27P548100;BRBMEFVI1X72;FINANCIAL;-;-;-;-;-;-;-;-;-;0,01;-;-;-;-;-;-;-
IDIF27P548200;BRBMEFVI1X80;FINANCIAL;-;-;-;-;-;-;-;-;-;0,01;-;-;-;-;-;-;-
IDIF27P548300;BRBMEFVI1X98;FINANCIAL;-;-;-;-;-;-;-;-;-;0,01;-;-;-;-;-;-;-
IDIF27P548400;BRBMEFVI1XA5;FINANCIAL;-;-;-;-;-;-;-;-;-;0,01;-;-;-;-;-;-;-
IDIF27P548500;BRBMEFVI1XB3;FINANCIAL;-;-;-;-;-;-;-;-;-;0,01;-;-;-;-;-;-;-
IDIF27P548600;BRBMEFVI1XC1;FINANCIAL;-;-;-;-;-;-;-;-;-;0,01;-;-;-;-;-;-;-
IDIF27P548700;BRBMEFVI1XD9;FINANCIAL;-;-;-;-;-;-;-;-;-;0,01;-;-;-;-;-;-;-
IDIF27P548800;BRBMEFVI1XE7;FINANCIAL;-;-;-;-;-;-;-;-;-;0,01;-;-;-;-;-;-;-
IDIF27P548900;BRBMEFVI1XF4;FINANCIAL;-;-;-;-;-;-;-;-;-;0,01;-;-;-;-;-;-;-
IDIF27P549000;BRBMEFVI1XG2;FINANCIAL;-;-;-;-;-;-;-;-;-;0,01;-;-;-;-;-;-;-
IDIF27P549100;BRBMEFVI1XH0;FINANCIAL;-;-;-;-;-;-;-;-;-;0,01;-;-;-;-;-;-;-
IDIF27P549200;BRBMEFVI1XI8;FINANCIAL;-;-;-;-;-;-;-;-;-;0,01;-;-;-;-;-;-;-
IDIF27P549300;BRBMEFVI1XJ6;FINANCIAL;-;-;-;-;-;-;-;-;-;0,01;-;-;-;-;-;-;-
IDIV26C531600;BRBMEFCIVWF3;FINANCIAL;-;-;-;-;-;-;-;-;-;2169,13;-;-;-;-;-;-;-
IDIV26C531700;BRBMEFCIVWG1;FINANCIAL;-;-;-;-;-;-;-;-;-;2069,84;-;-;-;-;-;-;-
IDIV26C531800;BRBMEFCIVWH9;FINANCIAL;-;-;-;-;-;-;-;-;-;1970,55;-;-;-;-;-;-;-
IDIV26C531900;BRBMEFCIVWI7;FINANCIAL;-;-;-;-;-;-;-;-;-;1871,26;-;-;-;-;-;-;-
IDIV26C532100;BRBMEFCIVWJ5;FINANCIAL;-;-;-;-;-;-;-;-;-;1672,69;-;-;-;-;-;-;-
IDIV26C532200;BRBMEFCIVWK3;FINANCIAL;-;-;-;-;-;-;-;-;-;1573,4;-;-;-;-;-;-;-
IDIV26C532300;BRBMEFCIVWL1;FINANCIAL;-;-;-;-;-;-;-;-;-;1474,11;-;-;-;-;-;-;-
IDIV26C532400;BRBMEFCIVWM9;FINANCIAL;-;-;-;-;-;-;-;-;-;1374,82;-;-;-;-;-;-;-
IDIV26C532600;BRBMEFCIVWN7;FINANCIAL;-;-;-;-;-;-;-;-;-;1176,25;-;-;-;-;-;-;-
IDIV26C532700;BRBMEFCIVWO5;FINANCIAL;-;-;-;-;-;-;-;-;-;1076,96;-;-;-;-;-;-;-
IDIV26C532800;BRBMEFCIVWP2;FINANCIAL;-;-;-;-;-;-;-;-;-;977,67;-;-;-;-;-;-;-
IDIV26C532900;BRBMEFCIVWQ0;FINANCIAL;-;-;-;-;-;-;-;-;-;878,39;-;-;-;-;-;-;-
IDIV26C533100;BRBMEFCIVWR8;FINANCIAL;-;-;-;-;-;-;-;-;-;679,81;-;-;-;-;-;-;-
IDIV26C533200;BRBMEFCIVWS6;FINANCIAL;-;-;-;-;-;-;-;-;-;580,52;-;-;-;-;-;-;-
IDIV26C533300;BRBMEFCIVWT4;FINANCIAL;-;-;-;-;-;-;-;-;-;481,24;-;-;-;-;-;-;-
IDIV26C533400;BRBMEFCIVWU2;FINANCIAL;-;-;-;-;-;-;-;-;-;381,95;-;-;-;-;-;-;-
IDIV26C533600;BRBMEFCIVWV0;FINANCIAL;-;-;-;-;-;-;-;-;-;183,37;-;-;-;-;-;-;-
IDIV26C533700;BRBMEFCIVWW8;FINANCIAL;-;-;-;-;-;-;-;-;-;84,09;-;-;-;-;-;-;-
IDIV26C533800;BRBMEFCIVWX6;FINANCIAL;-;-;-;-;-;-;-;-;-;1,66;-;-;-;-;-;-;-
IDIV26P531600;BRBMEFVIVWF3;FINANCIAL;-;-;-;-;-;-;-;-;-;0,01;-;-;-;-;-;-;-
IDIV26P531700;BRBMEFVIVWG1;FINANCIAL;-;-;-;-;-;-;-;-;-;0,01;-;-;-;-;-;-;-
IDIV26P531800;BRBMEFVIVWH9;FINANCIAL;-;-;-;-;-;-;-;-;-;0,01;-;-;-;-;-;-;-
IDIV26P531900;BRBMEFVIVWI7;FINANCIAL;-;-;-;-;-;-;-;-;-;0,01;-;-;-;-;-;-;-
IDIV26P532100;BRBMEFVIVWJ5;FINANCIAL;-;-;-;-;-;-;-;-;-;0,01;-;-;-;-;-;-;-
IDIV26P532200;BRBMEFVIVWK3;FINANCIAL;-;-;-;-;-;-;-;-;-;0,01;-;-;-;-;-;-;-
IDIV26P532300;BRBMEFVIVWL1;FINANCIAL;-;-;-;-;-;-;-;-;-;0,01;-;-;-;-;-;-;-
IDIV26P532400;BRBMEFVIVWM9;FINANCIAL;-;-;-;-;-;-;-;-;-;0,01;-;-;-;-;-;-;-
IDIV26P532600;BRBMEFVIVWN7;FINANCIAL;-;-;-;-;-;-;-;-;-;0,01;-;-;-;-;-;-;-
IDIV26P532700;BRBMEFVIVWO5;FINANCIAL;-;-;-;-;-;-;-;-;-;0,01;-;-;-;-;-;-;-
IDIV26P532800;BRBMEFVIVWP2;FINANCIAL;-;-;-;-;-;-;-;-;-;0,01;-;-;-;-;-;-;-
IDIV26P532900;BRBMEFVIVWQ0;FINANCIAL;-;-;-;-;-;-;-;-;-;0,01;-;-;-;-;-;-;-
IDIV26P533100;BRBMEFVIVWR8;FINANCIAL;-;-;-;-;-;-;-;-;-;0,01;-;-;-;-;-;-;-
IDIV26P533200;BRBMEFVIVWS6;FINANCIAL;-;-;-;-;-;-;-;-;-;0,01;-;-;-;-;-;-;-
IDIV26P533300;BRBMEFVIVWT4;FINANCIAL;-;-;-;-;-;-;-;-;-;0,01;-;-;-;-;-;-;-
IDIV26P533400;BRBMEFVIVWU2;FINANCIAL;-;-;-;-;-;-;-;-;-;0,01;-;-;-;-;-;-;-
IDIV26P533600;BRBMEFVIVWV0;FINANCIAL;-;-;-;-;-;-;-;-;-;0,01;-;-;-;-;-;-;-
IDIV26P533700;BRBMEFVIVWW8;FINANCIAL;-;-;-;-;-;-;-;-;-;0,01;-;-;-;-;-;-;-
IDIV26P533800;BRBMEFVIVWX6;FINANCIAL;-;-;-;-;-;-;-;-;-;16,86;-;-;-;-;-;-;-
IDIF27C544400;BRBMEFCIAXK5;FINANCIAL;-;-;-;-;-;-;-;-;-;6102,11;-;-;-;-;-;-;-
IDIF27C544600;BRBMEFCIAXL3;FINANCIAL;-;-;-;-;-;-;-;-;-;5909,65;-;-;-;-;-;-;-
IDIF27C544700;BRBMEFCIAXM1;FINANCIAL;-;-;-;-;-;-;-;-;-;5813,42;-;-;-;-;-;-;-
IDIF27C544800;BRBMEFCIAXN9;FINANCIAL;-;-;-;-;-;-;-;-;-;5717,19;-;-;-;-;-;-;-
IDIF27C544900;BRBMEFCIAXO7;FINANCIAL;-;-;-;-;-;-;-;-;-;5620,95;-;-;-;-;-;-;-
IDIF27C545100;BRBMEFCIAXP4;FINANCIAL;-;-;-;-;-;-;-;-;-;5428,49;-;-;-;-;-;-;-
IDIF27C545200;BRBMEFCIAXQ2;FINANCIAL;-;-;-;-;-;-;-;-;-;5332,26;-;-;-;-;-;-;-
IDIF27C545300;BRBMEFCIAXR0;FINANCIAL;-;-;-;-;-;-;-;-;-;5236,03;-;-;-;-;-;-;-
IDIF27C545400;BRBMEFCIAXS8;FINANCIAL;-;-;-;-;-;-;-;-;-;5139,8;-;-;-;-;-;-;-
IDIF27C545600;BRBMEFCIAXT6;FINANCIAL;-;-;-;-;-;-;-;-;-;4947,34;-;-;-;-;-;-;-
IDIF27C545700;BRBMEFCIAXU4;FINANCIAL;-;-;-;-;-;-;-;-;-;4851,11;-;-;-;-;-;-;-
IDIF27C545800;BRBMEFCIAXV2;FINANCIAL;-;-;-;-;-;-;-;-;-;4754,88;-;-;-;-;-;-;-
IDIF27C545900;BRBMEFCIAXW0;FINANCIAL;-;-;-;-;-;-;-;-;-;4658,65;-;-;-;-;-;-;-
IDIF27P544400;BRBMEFVI1XK4;FINANCIAL;-;-;-;-;-;-;-;-;-;0,01;-;-;-;-;-;-;-
IDIF27P544600;BRBMEFVI1XL2;FINANCIAL;-;-;-;-;-;-;-;-;-;0,01;-;-;-;-;-;-;-
IDIF27P544700;BRBMEFVI1XM0;FINANCIAL;-;-;-;-;-;-;-;-;-;0,01;-;-;-;-;-;-;-
IDIF27P544800;BRBMEFVI1XN8;FINANCIAL;-;-;-;-;-;-;-;-;-;0,01;-;-;-;-;-;-;-
IDIF27P544900;BRBMEFVI1XO6;FINANCIAL;-;-;-;-;-;-;-;-;-;0,01;-;-;-;-;-;-;-
IDIF27P545100;BRBMEFVI1XP3;FINANCIAL;-;-;-;-;-;-;-;-;-;0,01;-;-;-;-;-;-;-
IDIF27P545200;BRBMEFVI1XQ1;FINANCIAL;-;-;-;-;-;-;-;-;-;0,01;-;-;-;-;-;-;-
IDIF27P545300;BRBMEFVI1XR9;FINANCIAL;-;-;-;-;-;-;-;-;-;0,01;-;-;-;-;-;-;-
IDIF27P545400;BRBMEFVI1XS7;FINANCIAL;-;-;-;-;-;-;-;-;-;0,01;-;-;-;-;-;-;-
IDIF27P545600;BRBMEFVI1XT5;FINANCIAL;-;-;-;-;-;-;-;-;-;0,01;-;-;-;-;-;-;-
IDIF27P545700;BRBMEFVI1XU3;FINANCIAL;-;-;-;-;-;-;-;-;-;0,01;-;-;-;-;-;-;-
IDIF27P545800;BRBMEFVI1XV1;FINANCIAL;-;-;-;-;-;-;-;-;-;0,01;-;-;-;-;-;-;-
IDIF27P545900;BRBMEFVI1XW9;FINANCIAL;-;-;-;-;-;-;-;-;-;0,01;-;-;-;-;-;-;-
IDIF27C543600;BRBMEFCIAY99;FINANCIAL;-;-;-;-;-;-;-;-;-;6871,95;-;-;-;-;-;-;-
IDIF27C543700;BRBMEFCIAYA4;FINANCIAL;-;-;-;-;-;-;-;-;-;6775,72;-;-;-;-;-;-;-
IDIF27C543800;BRBMEFCIAYB2;FINANCIAL;-;-;-;-;-;-;-;-;-;6679,49;-;-;-;-;-;-;-
IDIF27C543900;BRBMEFCIAYC0;FINANCIAL;-;-;-;-;-;-;-;-;-;6583,26;-;-;-;-;-;-;-
IDIF27C544100;BRBMEFCIAYD8;FINANCIAL;-;-;-;-;-;-;-;-;-;6390,8;-;-;-;-;-;-;-
IDIF27C544200;BRBMEFCIAYE6;FINANCIAL;-;-;-;-;-;-;-;-;-;6294,57;-;-;-;-;-;-;-
IDIF27C544300;BRBMEFCIAYF3;FINANCIAL;-;-;-;-;-;-;-;-;-;6198,34;-;-;-;-;-;-;-
IDIF27C546100;BRBMEFCIAYG1;FINANCIAL;-;-;-;-;-;-;-;-;-;4466,19;-;-;-;-;-;-;-
IDIF27C546200;BRBMEFCIAYH9;FINANCIAL;-;-;-;-;-;-;-;-;-;4369,96;-;-;-;-;-;-;-
IDIF27C546300;BRBMEFCIAYI7;FINANCIAL;-;-;-;-;-;-;-;-;-;4273,72;-;-;-;-;-;-;-
IDIF27C546400;BRBMEFCIAYJ5;FINANCIAL;-;-;-;-;-;-;-;-;-;4177,49;-;-;-;-;-;-;-
IDIF27C546600;BRBMEFCIAYK3;FINANCIAL;-;-;-;-;-;-;-;-;-;3985,03;-;-;-;-;-;-;-
IDIF27C546700;BRBMEFCIAYL1;FINANCIAL;-;-;-;-;-;-;-;-;-;3888,8;-;-;-;-;-;-;-
IDIF27C546800;BRBMEFCIAYM9;FINANCIAL;-;-;-;-;-;-;-;-;-;3792,57;-;-;-;-;-;-;-
IDIF27C546900;BRBMEFCIAYN7;FINANCIAL;-;-;-;-;-;-;-;-;-;3696,34;-;-;-;-;-;-;-
IDIF27C547100;BRBMEFCIAYO5;FINANCIAL;-;-;-;-;-;-;-;-;-;3503,88;-;-;-;-;-;-;-
IDIF27C547200;BRBMEFCIAYP2;FINANCIAL;-;-;-;-;-;-;-;-;-;3407,65;-;-;-;-;-;-;-
IDIF27C549400;BRBMEFCIAYQ0;FINANCIAL;-;-;-;-;-;-;-;-;-;1290,57;-;-;-;-;-;-;-
IDIF27C549500;BRBMEFCIAYR8;FINANCIAL;-;-;-;-;-;-;-;-;-;1194,34;-;-;-;-;-;-;-
IDIF27C549600;BRBMEFCIAYS6;FINANCIAL;-;-;-;-;-;-;-;-;-;1098,11;-;-;-;-;-;-;-
IDIF27C549700;BRBMEFCIAYT4;FINANCIAL;-;-;-;-;-;-;-;-;-;1001,88;-;-;-;-;-;-;-
IDIF27C549800;BRBMEFCIAYU2;FINANCIAL;-;-;-;-;-;-;-;-;-;905,65;-;-;-;-;-;-;-
IDIF27C549900;BRBMEFCIAYV0;FINANCIAL;-;-;-;-;-;-;-;-;-;809,44;-;-;-;-;-;-;-
IDIF27C550100;BRBMEFCIAYW8;FINANCIAL;-;-;-;-;-;-;-;-;-;617,32;-;-;-;-;-;-;-
IDIF27C550200;BRBMEFCIAYX6;FINANCIAL;-;-;-;-;-;-;-;-;-;521,95;-;-;-;-;-;-;-
IDIF27C550300;BRBMEFCIAYY4;FINANCIAL;-;-;-;-;-;-;-;-;-;428,08;-;-;-;-;-;-;-
IDIF27C550400;BRBMEFCIAYZ1;FINANCIAL;-;-;-;-;-;-;-;-;-;337;-;-;-;-;-;-;-
IDIF27C550500;BRBMEFCIAZ07;FINANCIAL;-;-;-;-;-;-;-;-;-;248,13;-;-;-;-;-;-;-
IDIF27C550600;BRBMEFCIAZ15;FINANCIAL;-;-;-;-;-;-;-;-;-;169,78;-;-;-;-;-;-;-
IDIF27C550700;BRBMEFCIAZ23;FINANCIAL;-;-;-;-;-;-;-;-;-;127,66;-;-;-;-;-;-;-
IDIF27C550800;BRBMEFCIAZ31;FINANCIAL;-;-;-;-;-;-;-;-;-;100,71;-;-;-;-;-;-;-
IDIF27C550900;BRBMEFCIAZ49;FINANCIAL;-;-;-;-;-;-;-;-;-;80,82;-;-;-;-;-;-;-
IDIF27C551000;BRBMEFCIAZ56;FINANCIAL;-;-;-;-;-;-;-;-;-;69,04;-;-;-;-;-;-;-
IDIF27C551100;BRBMEFCIAZ64;FINANCIAL;-;-;-;-;-;-;-;-;-;60,44;-;-;-;-;-;-;-
IDIF27C551200;BRBMEFCIAZ72;FINANCIAL;-;-;-;-;-;-;-;-;-;53,19;-;-;-;-;-;-;-
IDIF27C551300;BRBMEFCIAZ80;FINANCIAL;-;-;-;-;-;-;-;-;-;47,23;-;-;-;-;-;-;-
IDIF27C551400;BRBMEFCIAZ98;FINANCIAL;-;-;-;-;-;-;-;-;-;42,76;-;-;-;-;-;-;-
IDIF27C551500;BRBMEFCIAZA1;FINANCIAL;-;-;-;-;-;-;-;-;-;38,34;-;-;-;-;-;-;-
IDIF27C551600;BRBMEFCIAZB9;FINANCIAL;-;-;-;-;-;-;-;-;-;33,77;-;-;-;-;-;-;-
IDIF27C551700;BRBMEFCIAZC7;FINANCIAL;-;-;-;-;-;-;-;-;-;29,5;-;-;-;-;-;-;-
IDIF27C551800;BRBMEFCIAZD5;FINANCIAL;-;-;-;-;-;-;-;-;-;25,47;-;-;-;-;-;-;-
IDIF27P543600;BRBMEFVI1Y97;FINANCIAL;-;-;-;-;-;-;-;-;-;0,01;-;-;-;-;-;-;-
IDIF27P543700;BRBMEFVI1YA3;FINANCIAL;-;-;-;-;-;-;-;-;-;0,01;-;-;-;-;-;-;-
IDIF27P543800;BRBMEFVI1YB1;FINANCIAL;-;-;-;-;-;-;-;-;-;0,01;-;-;-;-;-;-;-
IDIF27P543900;BRBMEFVI1YC9;FINANCIAL;-;-;-;-;-;-;-;-;-;0,01;-;-;-;-;-;-;-
IDIF27P544100;BRBMEFVI1YD7;FINANCIAL;-;-;-;-;-;-;-;-;-;0,01;-;-;-;-;-;-;-
IDIF27P544200;BRBMEFVI1YE5;FINANCIAL;-;-;-;-;-;-;-;-;-;0,01;-;-;-;-;-;-;-
IDIF27P544300;BRBMEFVI1YF2;FINANCIAL;-;-;-;-;-;-;-;-;-;0,01;-;-;-;-;-;-;-
IDIF27P546100;BRBMEFVI1YG0;FINANCIAL;-;-;-;-;-;-;-;-;-;0,01;-;-;-;-;-;-;-
IDIF27P546200;BRBMEFVI1YH8;FINANCIAL;-;-;-;-;-;-;-;-;-;0,01;-;-;-;-;-;-;-
IDIF27P546300;BRBMEFVI1YI6;FINANCIAL;-;-;-;-;-;-;-;-;-;0,01;-;-;-;-;-;-;-
IDIF27P546400;BRBMEFVI1YJ4;FINANCIAL;-;-;-;-;-;-;-;-;-;0,01;-;-;-;-;-;-;-
IDIF27P546600;BRBMEFVI1YK2;FINANCIAL;-;-;-;-;-;-;-;-;-;0,01;-;-;-;-;-;-;-
IDIF27P546700;BRBMEFVI1YL0;FINANCIAL;-;-;-;-;-;-;-;-;-;0,01;-;-;-;-;-;-;-
IDIF27P546800;BRBMEFVI1YM8;FINANCIAL;-;-;-;-;-;-;-;-;-;0,01;-;-;-;-;-;-;-
IDIF27P546900;BRBMEFVI1YN6;FINANCIAL;-;-;-;-;-;-;-;-;-;0,01;-;-;-;-;-;-;-
IDIF27P547100;BRBMEFVI1YO4;FINANCIAL;-;-;-;-;-;-;-;-;-;0,01;-;-;-;-;-;-;-
IDIF27P547200;BRBMEFVI1YP1;FINANCIAL;-;-;-;-;-;-;-;-;-;0,01;-;-;-;-;-;-;-
IDIF27P549400;BRBMEFVI1YQ9;FINANCIAL;-;-;-;-;-;-;-;-;-;0,01;-;-;-;-;-;-;-
IDIF27P549500;BRBMEFVI1YR7;FINANCIAL;-;-;-;-;-;-;-;-;-;0,01;-;-;-;-;-;-;-
IDIF27P549600;BRBMEFVI1YS5;FINANCIAL;-;-;-;-;-;-;-;-;-;0,01;-;-;-;-;-;-;-
IDIF27P549700;BRBMEFVI1YT3;FINANCIAL;-;-;-;-;-;-;-;-;-;0,01;-;-;-;-;-;-;-
IDIF27P549800;BRBMEFVI1YU1;FINANCIAL;-;-;-;-;-;-;-;-;-;0,01;-;-;-;-;-;-;-
IDIF27P549900;BRBMEFVI1YV9;FINANCIAL;-;-;-;-;-;-;-;-;-;0,02;-;-;-;-;-;-;-
IDIF27P550100;BRBMEFVI1YW7;FINANCIAL;-;-;-;-;-;-;-;-;-;0,36;-;-;-;-;-;-;-
IDIF27P550200;BRBMEFVI1YX5;FINANCIAL;-;-;-;-;-;-;-;-;-;1,22;-;-;-;-;-;-;-
IDIF27P550300;BRBMEFVI1YY3;FINANCIAL;-;-;-;-;-;-;-;-;-;3,59;-;-;-;-;-;-;-
IDIF27P550400;BRBMEFVI1YZ0;FINANCIAL;-;-;-;-;-;-;-;-;-;8,73;-;-;-;-;-;-;-
IDIF27P550500;BRBMEFVI1Z05;FINANCIAL;-;-;-;-;-;-;-;-;-;16,1;-;-;-;-;-;-;-
IDIF27P550600;BRBMEFVI1Z13;FINANCIAL;-;-;-;-;-;-;-;-;-;33,98;-;-;-;-;-;-;-
IDIF27P550700;BRBMEFVI1Z21;FINANCIAL;-;-;-;-;-;-;-;-;-;88,08;-;-;-;-;-;-;-
IDIF27P550800;BRBMEFVI1Z39;FINANCIAL;-;-;-;-;-;-;-;-;-;157,37;-;-;-;-;-;-;-
IDIF27P550900;BRBMEFVI1Z47;FINANCIAL;-;-;-;-;-;-;-;-;-;233,7;-;-;-;-;-;-;-
IDIF27P551000;BRBMEFVI1Z54;FINANCIAL;-;-;-;-;-;-;-;-;-;318,16;-;-;-;-;-;-;-
IDIF27P551100;BRBMEFVI1Z62;FINANCIAL;-;-;-;-;-;-;-;-;-;405,78;-;-;-;-;-;-;-
IDIF27P551200;BRBMEFVI1Z70;FINANCIAL;-;-;-;-;-;-;-;-;-;494,77;-;-;-;-;-;-;-
IDIF27P551300;BRBMEFVI1Z88;FINANCIAL;-;-;-;-;-;-;-;-;-;585,04;-;-;-;-;-;-;-
IDIF27P551400;BRBMEFVI1Z96;FINANCIAL;-;-;-;-;-;-;-;-;-;676,8;-;-;-;-;-;-;-
IDIF27P551500;BRBMEFVI1ZA0;FINANCIAL;-;-;-;-;-;-;-;-;-;768,62;-;-;-;-;-;-;-
IDIF27P551600;BRBMEFVI1ZB8;FINANCIAL;-;-;-;-;-;-;-;-;-;860,27;-;-;-;-;-;-;-
IDIF27P551700;BRBMEFVI1ZC6;FINANCIAL;-;-;-;-;-;-;-;-;-;952,23;-;-;-;-;-;-;-
IDIF27P551800;BRBMEFVI1ZD4;FINANCIAL;-;-;-;-;-;-;-;-;-;1044,43;-;-;-;-;-;-;-
D15F27C000975;BRBMEFCI5801;FINANCIAL;-;-;-;-;-;-;-;-;-;5663,08;-;-;-;-;-;-;-
D15F27C001175;BRBMEFCI5843;FINANCIAL;-;-;-;-;-;-;-;-;-;2967,46;-;-;-;-;-;-;-
D15F27P000975;BRBMEFVI5808;FINANCIAL;-;-;-;-;-;-;-;-;-;14,73;-;-;-;-;-;-;-
D15F27P001175;BRBMEFVI5840;FINANCIAL;-;-;-;-;-;-;-;-;-;130,77;-;-;-;-;-;-;-
D15F27C000900;BRBMEFCI57X8;FINANCIAL;-;-;-;-;-;-;-;-;-;6746,1;-;-;-;-;-;-;-
D15F27C000925;BRBMEFCI57Y6;FINANCIAL;-;-;-;-;-;-;-;-;-;6381,3;-;-;-;-;-;-;-
D15F27C000950;BRBMEFCI57Z3;FINANCIAL;-;-;-;-;-;-;-;-;-;6020,3;-;-;-;-;-;-;-
D15F27C001000;BRBMEFCI57S8;FINANCIAL;-;-;-;-;-;-;-;-;-;5308,6;-;-;-;-;-;-;-
D15F27C001025;BRBMEFCI5819;FINANCIAL;-;-;-;-;-;-;-;-;-;4958,27;-;-;-;-;-;-;-
D15F27C001050;BRBMEFCI57T6;FINANCIAL;-;-;-;-;-;-;-;-;-;4612,53;-;-;-;-;-;-;-
D15F27C001075;BRBMEFCI5827;FINANCIAL;-;-;-;-;-;-;-;-;-;4271,95;-;-;-;-;-;-;-
D15F27C001100;BRBMEFCI57U4;FINANCIAL;-;-;-;-;-;-;-;-;-;3937,09;-;-;-;-;-;-;-
D15F27C001125;BRBMEFCI5835;FINANCIAL;-;-;-;-;-;-;-;-;-;3607,18;-;-;-;-;-;-;-
D15F27C001150;BRBMEFCI57V2;FINANCIAL;-;-;-;-;-;-;-;-;-;3283,42;-;-;-;-;-;-;-
D15F27C001200;BRBMEFCI57W0;FINANCIAL;-;-;-;-;-;-;-;-;-;2668,07;-;-;-;-;-;-;-
D15F27C001250;BRBMEFCI57D0;FINANCIAL;-;-;-;-;-;-;-;-;-;2114,12;-;-;-;-;-;-;-
D15F27C001275;BRBMEFCI57E8;FINANCIAL;-;-;-;-;-;-;-;-;-;1860,25;-;-;-;-;-;-;-
D15F27C001300;BRBMEFCI57F5;FINANCIAL;-;-;-;-;-;-;-;-;-;1628,88;-;-;-;-;-;-;-
D15F27C001325;BRBMEFCI57G3;FINANCIAL;-;-;-;-;-;-;-;-;-;1418,91;-;-;-;-;-;-;-
D15F27C001350;BRBMEFCI57H1;FINANCIAL;-;-;-;-;-;-;-;-;-;1230,68;-;-;-;-;-;-;-
D15F27C001375;BRBMEFCI57I9;FINANCIAL;-;-;-;-;-;-;-;-;-;1065,34;-;-;-;-;-;-;-
D15F27C001400;BRBMEFCI57J7;FINANCIAL;-;-;-;-;-;-;-;-;-;918,88;-;-;-;-;-;-;-
D15F27C001425;BRBMEFCI57K5;FINANCIAL;-;-;-;-;-;-;-;-;-;794,31;-;-;-;-;-;-;-
D15F27C001450;BRBMEFCI57L3;FINANCIAL;-;-;-;-;-;-;-;-;-;685,96;-;-;-;-;-;-;-
D15F27C001475;BRBMEFCI57M1;FINANCIAL;-;-;-;-;-;-;-;-;-;592,57;-;-;-;-;-;-;-
D15F27C001500;BRBMEFCI57N9;FINANCIAL;-;-;-;-;-;-;-;-;-;513,17;-;-;-;-;-;-;-
D15F27C001525;BRBMEFCI57O7;FINANCIAL;-;-;-;-;-;-;-;-;-;444,76;-;-;-;-;-;-;-
D15F27C001550;BRBMEFCI57P4;FINANCIAL;-;-;-;-;-;-;-;-;-;386,22;-;-;-;-;-;-;-
D15F27C001575;BRBMEFCI57Q2;FINANCIAL;-;-;-;-;-;-;-;-;-;336,22;-;-;-;-;-;-;-
D15F27C001600;BRBMEFCI57R0;FINANCIAL;-;-;-;-;-;-;-;-;-;293,3;-;-;-;-;-;-;-
D15F27P000900;BRBMEFVI57X8;FINANCIAL;-;-;-;-;-;-;-;-;-;3,53;-;-;-;-;-;-;-
D15F27P000925;BRBMEFVI57Y6;FINANCIAL;-;-;-;-;-;-;-;-;-;5,96;-;-;-;-;-;-;-
D15F27P000950;BRBMEFVI57Z3;FINANCIAL;-;-;-;-;-;-;-;-;-;9,7;-;-;-;-;-;-;-
D15F27P001000;BRBMEFVI57S8;FINANCIAL;-;-;-;-;-;-;-;-;-;20,06;-;-;-;-;-;-;-
D15F27P001025;BRBMEFVI5816;FINANCIAL;-;-;-;-;-;-;-;-;-;27,1;-;-;-;-;-;-;-
D15F27P001050;BRBMEFVI57T6;FINANCIAL;-;-;-;-;-;-;-;-;-;36,34;-;-;-;-;-;-;-
D15F27P001075;BRBMEFVI5824;FINANCIAL;-;-;-;-;-;-;-;-;-;48,34;-;-;-;-;-;-;-
D15F27P001100;BRBMEFVI57U4;FINANCIAL;-;-;-;-;-;-;-;-;-;63,7;-;-;-;-;-;-;-
D15F27P001125;BRBMEFVI5832;FINANCIAL;-;-;-;-;-;-;-;-;-;81,67;-;-;-;-;-;-;-
D15F27P001150;BRBMEFVI57V2;FINANCIAL;-;-;-;-;-;-;-;-;-;103,47;-;-;-;-;-;-;-
D15F27P001200;BRBMEFVI57W0;FINANCIAL;-;-;-;-;-;-;-;-;-;172,35;-;-;-;-;-;-;-
D15F27P001250;BRBMEFVI57D0;FINANCIAL;-;-;-;-;-;-;-;-;-;293,59;-;-;-;-;-;-;-
D15F27P001275;BRBMEFVI57E8;FINANCIAL;-;-;-;-;-;-;-;-;-;373,97;-;-;-;-;-;-;-
D15F27P001300;BRBMEFVI57F5;FINANCIAL;-;-;-;-;-;-;-;-;-;474,65;-;-;-;-;-;-;-
D15F27P001325;BRBMEFVI57G3;FINANCIAL;-;-;-;-;-;-;-;-;-;594,55;-;-;-;-;-;-;-
D15F27P001350;BRBMEFVI57H1;FINANCIAL;-;-;-;-;-;-;-;-;-;734,02;-;-;-;-;-;-;-
D15F27P001375;BRBMEFVI57I9;FINANCIAL;-;-;-;-;-;-;-;-;-;894,25;-;-;-;-;-;-;-
D15F27P001400;BRBMEFVI57J7;FINANCIAL;-;-;-;-;-;-;-;-;-;1071,23;-;-;-;-;-;-;-
D15F27P001425;BRBMEFVI57K5;FINANCIAL;-;-;-;-;-;-;-;-;-;1267,99;-;-;-;-;-;-;-
D15F27P001450;BRBMEFVI57L3;FINANCIAL;-;-;-;-;-;-;-;-;-;1478,88;-;-;-;-;-;-;-
D15F27P001475;BRBMEFVI57M1;FINANCIAL;-;-;-;-;-;-;-;-;-;1702,66;-;-;-;-;-;-;-
D15F27P001500;BRBMEFVI57N9;FINANCIAL;-;-;-;-;-;-;-;-;-;1938,37;-;-;-;-;-;-;-
D15F27P001525;BRBMEFVI57O7;FINANCIAL;-;-;-;-;-;-;-;-;-;2183,04;-;-;-;-;-;-;-
D15F27P001550;BRBMEFVI57P4;FINANCIAL;-;-;-;-;-;-;-;-;-;2435,57;-;-;-;-;-;-;-
D15F27P001575;BRBMEFVI57Q2;FINANCIAL;-;-;-;-;-;-;-;-;-;2694,64;-;-;-;-;-;-;-
D15F27P001600;BRBMEFVI57R0;FINANCIAL;-;-;-;-;-;-;-;-;-;2958,8;-;-;-;-;-;-;-
IDIF27C554000;BRBMEFCIAZE3;FINANCIAL;-;-;-;-;-;-;-;-;-;0,01;-;-;-;-;-;-;-
IDIF27C554100;BRBMEFCIAZF0;FINANCIAL;-;-;-;-;-;-;-;-;-;0,01;-;-;-;-;-;-;-
IDIF27C554200;BRBMEFCIAZG8;FINANCIAL;-;-;-;-;-;-;-;-;-;0,01;-;-;-;-;-;-;-
IDIF27C554300;BRBMEFCIAZH6;FINANCIAL;-;-;-;-;-;-;-;-;-;0,01;-;-;-;-;-;-;-
IDIF27C554400;BRBMEFCIAZI4;FINANCIAL;-;-;-;-;-;-;-;-;-;0,01;-;-;-;-;-;-;-
IDIF27C554500;BRBMEFCIAZJ2;FINANCIAL;-;-;-;-;-;-;-;-;-;0,01;-;-;-;-;-;-;-
IDIF27C554600;BRBMEFCIAZK0;FINANCIAL;-;-;-;-;-;-;-;-;-;0,01;-;-;-;-;-;-;-
IDIF27C554700;BRBMEFCIAZL8;FINANCIAL;-;-;-;-;-;-;-;-;-;0,01;-;-;-;-;-;-;-
IDIF27C554800;BRBMEFCIAZM6;FINANCIAL;-;-;-;-;-;-;-;-;-;0,01;-;-;-;-;-;-;-
IDIF27C554900;BRBMEFCIAZN4;FINANCIAL;-;-;-;-;-;-;-;-;-;0,01;-;-;-;-;-;-;-
IDIF27C555100;BRBMEFCIAZO2;FINANCIAL;-;-;-;-;-;-;-;-;-;0,01;-;-;-;-;-;-;-
IDIF27C555200;BRBMEFCIAZP9;FINANCIAL;-;-;-;-;-;-;-;-;-;0,01;-;-;-;-;-;-;-
IDIF27C555300;BRBMEFCIAZQ7;FINANCIAL;-;-;-;-;-;-;-;-;-;0,01;-;-;-;-;-;-;-
IDIF27C555400;BRBMEFCIAZR5;FINANCIAL;-;-;-;-;-;-;-;-;-;0,01;-;-;-;-;-;-;-
IDIF27C555500;BRBMEFCIAZS3;FINANCIAL;-;-;-;-;-;-;-;-;-;0,01;-;-;-;-;-;-;-
IDIF27P554000;BRBMEFVI1ZE2;FINANCIAL;-;-;-;-;-;-;-;-;-;3136,04;-;-;-;-;-;-;-
IDIF27P554100;BRBMEFVI1ZF9;FINANCIAL;-;-;-;-;-;-;-;-;-;3232,27;-;-;-;-;-;-;-
IDIF27P554200;BRBMEFVI1ZG7;FINANCIAL;-;-;-;-;-;-;-;-;-;3328,5;-;-;-;-;-;-;-
IDIF27P554300;BRBMEFVI1ZH5;FINANCIAL;-;-;-;-;-;-;-;-;-;3424,73;-;-;-;-;-;-;-
IDIF27P554400;BRBMEFVI1ZI3;FINANCIAL;-;-;-;-;-;-;-;-;-;3520,96;-;-;-;-;-;-;-
IDIF27P554500;BRBMEFVI1ZJ1;FINANCIAL;-;-;-;-;-;-;-;-;-;3617,19;-;-;-;-;-;-;-
IDIF27P554600;BRBMEFVI1ZK9;FINANCIAL;-;-;-;-;-;-;-;-;-;3713,42;-;-;-;-;-;-;-
IDIF27P554700;BRBMEFVI1ZL7;FINANCIAL;-;-;-;-;-;-;-;-;-;3809,65;-;-;-;-;-;-;-
IDIF27P554800;BRBMEFVI1ZM5;FINANCIAL;-;-;-;-;-;-;-;-;-;3905,88;-;-;-;-;-;-;-
IDIF27P554900;BRBMEFVI1ZN3;FINANCIAL;-;-;-;-;-;-;-;-;-;4002,11;-;-;-;-;-;-;-
IDIF27P555100;BRBMEFVI1ZO1;FINANCIAL;-;-;-;-;-;-;-;-;-;4194,58;-;-;-;-;-;-;-
IDIF27P555200;BRBMEFVI1ZP8;FINANCIAL;-;-;-;-;-;-;-;-;-;4290,81;-;-;-;-;-;-;-
IDIF27P555300;BRBMEFVI1ZQ6;FINANCIAL;-;-;-;-;-;-;-;-;-;4387,04;-;-;-;-;-;-;-
IDIF27P555400;BRBMEFVI1ZR4;FINANCIAL;-;-;-;-;-;-;-;-;-;4483,27;-;-;-;-;-;-;-
IDIF27P555500;BRBMEFVI1ZS2;FINANCIAL;-;-;-;-;-;-;-;-;-;4579,5;-;-;-;-;-;-;-
IDIF27C552100;BRBMEFCIAZT1;FINANCIAL;-;-;-;-;-;-;-;-;-;14,52;-;-;-;-;-;-;-
IDIF27C552600;BRBMEFCIAZU9;FINANCIAL;-;-;-;-;-;-;-;-;-;1,8;-;-;-;-;-;-;-
IDIF27P552100;BRBMEFVI1ZT0;FINANCIAL;-;-;-;-;-;-;-;-;-;1322,18;-;-;-;-;-;-;-
IDIF27P552600;BRBMEFVI1ZU8;FINANCIAL;-;-;-;-;-;-;-;-;-;1790,61;-;-;-;-;-;-;-
IDIF28C588500;BRBMEFCIAZV7;FINANCIAL;-;-;-;-;-;-;-;-;-;31370,25;-;-;-;-;-;-;-
IDIF28C600500;BRBMEFCIAZW5;FINANCIAL;-;-;-;-;-;-;-;-;-;21205,01;-;-;-;-;-;-;-
IDIF28C625000;BRBMEFCIAZX3;FINANCIAL;-;-;-;-;-;-;-;-;-;3300,91;-;-;-;-;-;-;-
IDIF28P588500;BRBMEFVI1ZV6;FINANCIAL;-;-;-;-;-;-;-;-;-;0,01;-;-;-;-;-;-;-
IDIF28P600500;BRBMEFVI1ZW4;FINANCIAL;-;-;-;-;-;-;-;-;-;1,86;-;-;-;-;-;-;-
IDIF28P625000;BRBMEFVI1ZX2;FINANCIAL;-;-;-;-;-;-;-;-;-;2855,6;-;-;-;-;-;-;-
IDIN27C579500;BRBMEFCICJL8;FINANCIAL;-;-;-;-;-;-;-;-;-;5919,58;-;-;-;-;-;-;-
IDIN27C580000;BRBMEFCICJM6;FINANCIAL;-;-;-;-;-;-;-;-;-;5469,15;-;-;-;-;-;-;-
IDIN27C580500;BRBMEFCICJN4;FINANCIAL;-;-;-;-;-;-;-;-;-;5019,57;-;-;-;-;-;-;-
IDIN27C581000;BRBMEFCICJO2;FINANCIAL;-;-;-;-;-;-;-;-;-;4573,73;-;-;-;-;-;-;-
IDIN27C581500;BRBMEFCICJP9;FINANCIAL;-;-;-;-;-;-;-;-;-;4136,23;-;-;-;-;-;-;-
IDIN27C582000;BRBMEFCICJQ7;FINANCIAL;-;-;-;-;-;-;-;-;-;3715,15;-;-;-;-;-;-;-
IDIN27C582500;BRBMEFCICJR5;FINANCIAL;-;-;-;-;-;-;-;-;-;3312,71;-;-;-;-;-;-;-
IDIN27C583000;BRBMEFCICJS3;FINANCIAL;-;-;-;-;-;-;-;-;-;2934,61;-;-;-;-;-;-;-
IDIN27C583500;BRBMEFCICJT1;FINANCIAL;-;-;-;-;-;-;-;-;-;2573,62;-;-;-;-;-;-;-
IDIN27C584000;BRBMEFCICJU9;FINANCIAL;-;-;-;-;-;-;-;-;-;2238,42;-;-;-;-;-;-;-
IDIN27C584500;BRBMEFCICJV7;FINANCIAL;-;-;-;-;-;-;-;-;-;1943,78;-;-;-;-;-;-;-
IDIN27C585000;BRBMEFCICJW5;FINANCIAL;-;-;-;-;-;-;-;-;-;1687,44;-;-;-;-;-;-;-
IDIN27P579500;BRBMEFVI2JL9;FINANCIAL;-;-;-;-;-;-;-;-;-;14,01;-;-;-;-;-;-;-
IDIN27P580000;BRBMEFVI2JM7;FINANCIAL;-;-;-;-;-;-;-;-;-;15,76;-;-;-;-;-;-;-
IDIN27P580500;BRBMEFVI2JN5;FINANCIAL;-;-;-;-;-;-;-;-;-;18,36;-;-;-;-;-;-;-
IDIN27P581000;BRBMEFVI2JO3;FINANCIAL;-;-;-;-;-;-;-;-;-;24,7;-;-;-;-;-;-;-
IDIN27P581500;BRBMEFVI2JP0;FINANCIAL;-;-;-;-;-;-;-;-;-;39,37;-;-;-;-;-;-;-
IDIN27P582000;BRBMEFVI2JQ8;FINANCIAL;-;-;-;-;-;-;-;-;-;70,48;-;-;-;-;-;-;-
IDIN27P582500;BRBMEFVI2JR6;FINANCIAL;-;-;-;-;-;-;-;-;-;120,22;-;-;-;-;-;-;-
IDIN27P583000;BRBMEFVI2JS4;FINANCIAL;-;-;-;-;-;-;-;-;-;194,3;-;-;-;-;-;-;-
IDIN27P583500;BRBMEFVI2JT2;FINANCIAL;-;-;-;-;-;-;-;-;-;285,49;-;-;-;-;-;-;-
IDIN27P584000;BRBMEFVI2JU0;FINANCIAL;-;-;-;-;-;-;-;-;-;402,47;-;-;-;-;-;-;-
IDIN27P584500;BRBMEFVI2JV8;FINANCIAL;-;-;-;-;-;-;-;-;-;560,01;-;-;-;-;-;-;-
IDIN27P585000;BRBMEFVI2JW6;FINANCIAL;-;-;-;-;-;-;-;-;-;755,85;-;-;-;-;-;-;-
IDIX26C536100;BRBMEFCIX9C7;FINANCIAL;-;-;-;-;-;-;-;-;-;3352,03;-;-;-;-;-;-;-
IDIX26C536200;BRBMEFCIX9D5;FINANCIAL;-;-;-;-;-;-;-;-;-;3253,8;-;-;-;-;-;-;-
IDIX26C536300;BRBMEFCIX9E3;FINANCIAL;-;-;-;-;-;-;-;-;-;3155,57;-;-;-;-;-;-;-
IDIX26C536400;BRBMEFCIX9F0;FINANCIAL;-;-;-;-;-;-;-;-;-;3057,33;-;-;-;-;-;-;-
IDIX26C536500;BRBMEFCIX9G8;FINANCIAL;-;-;-;-;-;-;-;-;-;2959,1;-;-;-;-;-;-;-
IDIX26C536600;BRBMEFCIX9H6;FINANCIAL;-;-;-;-;-;-;-;-;-;2860,87;-;-;-;-;-;-;-
IDIX26C536700;BRBMEFCIX9I4;FINANCIAL;-;-;-;-;-;-;-;-;-;2762,63;-;-;-;-;-;-;-
IDIX26C536800;BRBMEFCIX9J2;FINANCIAL;-;-;-;-;-;-;-;-;-;2664,4;-;-;-;-;-;-;-
IDIX26C536900;BRBMEFCIX9K0;FINANCIAL;-;-;-;-;-;-;-;-;-;2566,17;-;-;-;-;-;-;-
IDIX26C537000;BRBMEFCIX9L8;FINANCIAL;-;-;-;-;-;-;-;-;-;2467,93;-;-;-;-;-;-;-
IDIX26C537100;BRBMEFCIX9M6;FINANCIAL;-;-;-;-;-;-;-;-;-;2369,7;-;-;-;-;-;-;-
IDIX26C537200;BRBMEFCIX9N4;FINANCIAL;-;-;-;-;-;-;-;-;-;2271,47;-;-;-;-;-;-;-
IDIX26C537300;BRBMEFCIX9O2;FINANCIAL;-;-;-;-;-;-;-;-;-;2173,23;-;-;-;-;-;-;-
IDIX26C537400;BRBMEFCIX9P9;FINANCIAL;-;-;-;-;-;-;-;-;-;2075;-;-;-;-;-;-;-
IDIX26C537500;BRBMEFCIX9Q7;FINANCIAL;-;-;-;-;-;-;-;-;-;1976,76;-;-;-;-;-;-;-
IDIX26C537600;BRBMEFCIX9R5;FINANCIAL;-;-;-;-;-;-;-;-;-;1878,53;-;-;-;-;-;-;-
IDIX26C537700;BRBMEFCIX9S3;FINANCIAL;-;-;-;-;-;-;-;-;-;1780,3;-;-;-;-;-;-;-
IDIX26C537800;BRBMEFCIX9T1;FINANCIAL;-;-;-;-;-;-;-;-;-;1682,06;-;-;-;-;-;-;-
IDIX26C537900;BRBMEFCIX9U9;FINANCIAL;-;-;-;-;-;-;-;-;-;1583,83;-;-;-;-;-;-;-
IDIX26C538000;BRBMEFCIX9V7;FINANCIAL;-;-;-;-;-;-;-;-;-;1485,6;-;-;-;-;-;-;-
IDIX26C538100;BRBMEFCIX9W5;FINANCIAL;-;-;-;-;-;-;-;-;-;1387,36;-;-;-;-;-;-;-
IDIX26C538200;BRBMEFCIX9X3;FINANCIAL;-;-;-;-;-;-;-;-;-;1289,13;-;-;-;-;-;-;-
IDIX26C538300;BRBMEFCIX9Y1;FINANCIAL;-;-;-;-;-;-;-;-;-;1190,9;-;-;-;-;-;-;-
IDIX26P536100;BRBMEFVIX9F7;FINANCIAL;-;-;-;-;-;-;-;-;-;0,01;-;-;-;-;-;-;-
IDIX26P536200;BRBMEFVIX9G5;FINANCIAL;-;-;-;-;-;-;-;-;-;0,01;-;-;-;-;-;-;-
IDIX26P536300;BRBMEFVIX9H3;FINANCIAL;-;-;-;-;-;-;-;-;-;0,01;-;-;-;-;-;-;-
IDIX26P536400;BRBMEFVIX9I1;FINANCIAL;-;-;-;-;-;-;-;-;-;0,01;-;-;-;-;-;-;-
IDIX26P536500;BRBMEFVIX9J9;FINANCIAL;-;-;-;-;-;-;-;-;-;0,01;-;-;-;-;-;-;-
IDIX26P536600;BRBMEFVIX9K7;FINANCIAL;-;-;-;-;-;-;-;-;-;0,01;-;-;-;-;-;-;-
IDIX26P536700;BRBMEFVIX9L5;FINANCIAL;-;-;-;-;-;-;-;-;-;0,01;-;-;-;-;-;-;-
IDIX26P536800;BRBMEFVIX9M3;FINANCIAL;-;-;-;-;-;-;-;-;-;0,01;-;-;-;-;-;-;-
IDIX26P536900;BRBMEFVIX9N1;FINANCIAL;-;-;-;-;-;-;-;-;-;0,01;-;-;-;-;-;-;-
IDIX26P537000;BRBMEFVIX9O9;FINANCIAL;-;-;-;-;-;-;-;-;-;0,01;-;-;-;-;-;-;-
IDIX26P537100;BRBMEFVIX9P6;FINANCIAL;-;-;-;-;-;-;-;-;-;0,01;-;-;-;-;-;-;-
IDIX26P537200;BRBMEFVIX9Q4;FINANCIAL;-;-;-;-;-;-;-;-;-;0,01;-;-;-;-;-;-;-
IDIX26P537300;BRBMEFVIX9R2;FINANCIAL;-;-;-;-;-;-;-;-;-;0,01;-;-;-;-;-;-;-
IDIX26P537400;BRBMEFVIX9S0;FINANCIAL;-;-;-;-;-;-;-;-;-;0,01;-;-;-;-;-;-;-
IDIX26P537500;BRBMEFVIX9T8;FINANCIAL;-;-;-;-;-;-;-;-;-;0,01;-;-;-;-;-;-;-
IDIX26P537600;BRBMEFVIX9U6;FINANCIAL;-;-;-;-;-;-;-;-;-;0,01;-;-;-;-;-;-;-
IDIX26P537700;BRBMEFVIX9V4;FINANCIAL;-;-;-;-;-;-;-;-;-;0,01;-;-;-;-;-;-;-
IDIX26P537800;BRBMEFVIX9W2;FINANCIAL;-;-;-;-;-;-;-;-;-;0,01;-;-;-;-;-;-;-
IDIX26P537900;BRBMEFVIX9X0;FINANCIAL;-;-;-;-;-;-;-;-;-;0,01;-;-;-;-;-;-;-
IDIX26P538000;BRBMEFVIX9Y8;FINANCIAL;-;-;-;-;-;-;-;-;-;0,01;-;-;-;-;-;-;-
IDIX26P538100;BRBMEFVIX9Z5;FINANCIAL;-;-;-;-;-;-;-;-;-;0,01;-;-;-;-;-;-;-
IDIX26P538200;BRBMEFVIXA06;FINANCIAL;-;-;-;-;-;-;-;-;-;0,01;-;-;-;-;-;-;-
IDIX26P538300;BRBMEFVIXA14;FINANCIAL;-;-;-;-;-;-;-;-;-;0,01;-;-;-;-;-;-;-
IDIZ26C541000;BRBMEFCIZ8U9;FINANCIAL;-;-;-;-;-;-;-;-;-;3593,07;-;-;-;-;-;-;-
IDIZ26C541100;BRBMEFCIZ8V7;FINANCIAL;-;-;-;-;-;-;-;-;-;3495,77;-;-;-;-;-;-;-
IDIZ26C541200;BRBMEFCIZ8W5;FINANCIAL;-;-;-;-;-;-;-;-;-;3398,47;-;-;-;-;-;-;-
IDIZ26C541300;BRBMEFCIZ8X3;FINANCIAL;-;-;-;-;-;-;-;-;-;3301,17;-;-;-;-;-;-;-
IDIZ26C541400;BRBMEFCIZ8Y1;FINANCIAL;-;-;-;-;-;-;-;-;-;3203,87;-;-;-;-;-;-;-
IDIZ26C541500;BRBMEFCIZ8Z8;FINANCIAL;-;-;-;-;-;-;-;-;-;3106,57;-;-;-;-;-;-;-
IDIZ26C541600;BRBMEFCIZ904;FINANCIAL;-;-;-;-;-;-;-;-;-;3009,27;-;-;-;-;-;-;-
IDIZ26C541700;BRBMEFCIZ912;FINANCIAL;-;-;-;-;-;-;-;-;-;2911,97;-;-;-;-;-;-;-
IDIZ26C541800;BRBMEFCIZ920;FINANCIAL;-;-;-;-;-;-;-;-;-;2814,67;-;-;-;-;-;-;-
IDIZ26C541900;BRBMEFCIZ938;FINANCIAL;-;-;-;-;-;-;-;-;-;2717,37;-;-;-;-;-;-;-
IDIZ26C542000;BRBMEFCIZ946;FINANCIAL;-;-;-;-;-;-;-;-;-;2620,07;-;-;-;-;-;-;-
IDIZ26C542100;BRBMEFCIZ953;FINANCIAL;-;-;-;-;-;-;-;-;-;2522,77;-;-;-;-;-;-;-
IDIZ26C542200;BRBMEFCIZ961;FINANCIAL;-;-;-;-;-;-;-;-;-;2425,48;-;-;-;-;-;-;-
IDIZ26C542300;BRBMEFCIZ979;FINANCIAL;-;-;-;-;-;-;-;-;-;2328,18;-;-;-;-;-;-;-
IDIZ26C542400;BRBMEFCIZ987;FINANCIAL;-;-;-;-;-;-;-;-;-;2230,88;-;-;-;-;-;-;-
IDIZ26C542500;BRBMEFCIZ995;FINANCIAL;-;-;-;-;-;-;-;-;-;2133,58;-;-;-;-;-;-;-
IDIZ26C542600;BRBMEFCIZ9A9;FINANCIAL;-;-;-;-;-;-;-;-;-;2036,28;-;-;-;-;-;-;-
IDIZ26C542700;BRBMEFCIZ9B7;FINANCIAL;-;-;-;-;-;-;-;-;-;1938,98;-;-;-;-;-;-;-
IDIZ26C542800;BRBMEFCIZ9C5;FINANCIAL;-;-;-;-;-;-;-;-;-;1841,68;-;-;-;-;-;-;-
IDIZ26C542900;BRBMEFCIZ9D3;FINANCIAL;-;-;-;-;-;-;-;-;-;1744,38;-;-;-;-;-;-;-
IDIZ26C543000;BRBMEFCIZ9E1;FINANCIAL;-;-;-;-;-;-;-;-;-;1647,08;-;-;-;-;-;-;-
IDIZ26P541000;BRBMEFVIZ8U6;FINANCIAL;-;-;-;-;-;-;-;-;-;0,01;-;-;-;-;-;-;-
IDIZ26P541100;BRBMEFVIZ8V4;FINANCIAL;-;-;-;-;-;-;-;-;-;0,01;-;-;-;-;-;-;-
IDIZ26P541200;BRBMEFVIZ8W2;FINANCIAL;-;-;-;-;-;-;-;-;-;0,01;-;-;-;-;-;-;-
IDIZ26P541300;BRBMEFVIZ8X0;FINANCIAL;-;-;-;-;-;-;-;-;-;0,01;-;-;-;-;-;-;-
IDIZ26P541400;BRBMEFVIZ8Y8;FINANCIAL;-;-;-;-;-;-;-;-;-;0,01;-;-;-;-;-;-;-
IDIZ26P541500;BRBMEFVIZ8Z5;FINANCIAL;-;-;-;-;-;-;-;-;-;0,01;-;-;-;-;-;-;-
IDIZ26P541600;BRBMEFVIZ904;FINANCIAL;-;-;-;-;-;-;-;-;-;0,01;-;-;-;-;-;-;-
IDIZ26P541700;BRBMEFVIZ912;FINANCIAL;-;-;-;-;-;-;-;-;-;0,01;-;-;-;-;-;-;-
IDIZ26P541800;BRBMEFVIZ920;FINANCIAL;-;-;-;-;-;-;-;-;-;0,01;-;-;-;-;-;-;-
IDIZ26P541900;BRBMEFVIZ938;FINANCIAL;-;-;-;-;-;-;-;-;-;0,01;-;-;-;-;-;-;-
IDIZ26P542000;BRBMEFVIZ946;FINANCIAL;-;-;-;-;-;-;-;-;-;0,01;-;-;-;-;-;-;-
IDIZ26P542100;BRBMEFVIZ953;FINANCIAL;-;-;-;-;-;-;-;-;-;0,01;-;-;-;-;-;-;-
IDIZ26P542200;BRBMEFVIZ961;FINANCIAL;-;-;-;-;-;-;-;-;-;0,01;-;-;-;-;-;-;-
IDIZ26P542300;BRBMEFVIZ979;FINANCIAL;-;-;-;-;-;-;-;-;-;0,01;-;-;-;-;-;-;-
IDIZ26P542400;BRBMEFVIZ987;FINANCIAL;-;-;-;-;-;-;-;-;-;0,01;-;-;-;-;-;-;-
IDIZ26P542500;BRBMEFVIZ995;FINANCIAL;-;-;-;-;-;-;-;-;-;0,01;-;-;-;-;-;-;-
IDIZ26P542600;BRBMEFVIZ9A6;FINANCIAL;-;-;-;-;-;-;-;-;-;0,01;-;-;-;-;-;-;-
IDIZ26P542700;BRBMEFVIZ9B4;FINANCIAL;-;-;-;-;-;-;-;-;-;0,01;-;-;-;-;-;-;-
IDIZ26P542800;BRBMEFVIZ9C2;FINANCIAL;-;-;-;-;-;-;-;-;-;0,01;-;-;-;-;-;-;-
IDIZ26P542900;BRBMEFVIZ9D0;FINANCIAL;-;-;-;-;-;-;-;-;-;0,01;-;-;-;-;-;-;-
IDIZ26P543000;BRBMEFVIZ9E8;FINANCIAL;-;-;-;-;-;-;-;-;-;0,01;-;-;-;-;-;-;-
IDIF27C551900;BRBMEFCIAZZ8;FINANCIAL;-;-;-;-;-;-;-;-;-;21,72;-;-;-;-;-;-;-
IDIF27P551900;BRBMEFVI1ZZ7;FINANCIAL;-;-;-;-;-;-;-;-;-;1136,92;-;-;-;-;-;-;-
IDIF28C625400;BRBMEFCID000;FINANCIAL;-;-;-;-;-;-;-;-;-;3151,21;-;-;-;-;-;-;-
IDIF28P625400;BRBMEFFI0007;FINANCIAL;-;-;-;-;-;-;-;-;-;3044,8;-;-;-;-;-;-;-
IDIN27C586500;BRBMEFCICJX3;FINANCIAL;-;-;-;-;-;-;-;-;-;1107,08;-;-;-;-;-;-;-
IDIN27P586500;BRBMEFVI2JX4;FINANCIAL;-;-;-;-;-;-;-;-;-;1532,03;-;-;-;-;-;-;-
IDIN28C666800;BRBMEFCICJY1;FINANCIAL;-;-;-;-;-;-;-;-;-;5480,61;-;-;-;-;-;-;-
IDIN28P666800;BRBMEFVI2JY2;FINANCIAL;-;-;-;-;-;-;-;-;-;5183,44;-;-;-;-;-;-;-
IDIF28C625100;BRBMEFCID018;FINANCIAL;-;-;-;-;-;-;-;-;-;3262,8;-;-;-;-;-;-;-
IDIF28P625100;BRBMEFFI0015;FINANCIAL;-;-;-;-;-;-;-;-;-;2902,21;-;-;-;-;-;-;-
IDIN27C586300;BRBMEFCICJZ8;FINANCIAL;-;-;-;-;-;-;-;-;-;1170,46;-;-;-;-;-;-;-
IDIN27P586300;BRBMEFVI2JZ9;FINANCIAL;-;-;-;-;-;-;-;-;-;1414,54;-;-;-;-;-;-;-
IDIN28C666600;BRBMEFCICK02;FINANCIAL;-;-;-;-;-;-;-;-;-;5553,4;-;-;-;-;-;-;-
IDIN28P666600;BRBMEFVI2K01;FINANCIAL;-;-;-;-;-;-;-;-;-;5097,36;-;-;-;-;-;-;-
IDIF27C552000;BRBMEFCID034;FINANCIAL;-;-;-;-;-;-;-;-;-;18,07;-;-;-;-;-;-;-
IDIF27P552000;BRBMEFFI0031;FINANCIAL;-;-;-;-;-;-;-;-;-;1229,5;-;-;-;-;-;-;-
IDIF28C625300;BRBMEFCID042;FINANCIAL;-;-;-;-;-;-;-;-;-;3187,95;-;-;-;-;-;-;-
IDIF28C625800;BRBMEFCID026;FINANCIAL;-;-;-;-;-;-;-;-;-;3007,2;-;-;-;-;-;-;-
IDIF28C632700;BRBMEFCID059;FINANCIAL;-;-;-;-;-;-;-;-;-;1396,13;-;-;-;-;-;-;-
IDIF28P625300;BRBMEFFI0049;FINANCIAL;-;-;-;-;-;-;-;-;-;2996,82;-;-;-;-;-;-;-
IDIF28P625800;BRBMEFFI0023;FINANCIAL;-;-;-;-;-;-;-;-;-;3239,69;-;-;-;-;-;-;-
IDIF28P632700;BRBMEFFI0056;FINANCIAL;-;-;-;-;-;-;-;-;-;7474,72;-;-;-;-;-;-;-
IDIN27C586800;BRBMEFCICK10;FINANCIAL;-;-;-;-;-;-;-;-;-;1019,22;-;-;-;-;-;-;-
IDIN27C591700;BRBMEFCICK51;FINANCIAL;-;-;-;-;-;-;-;-;-;457,89;-;-;-;-;-;-;-
IDIN27C625800;BRBMEFCICK28;FINANCIAL;-;-;-;-;-;-;-;-;-;0,03;-;-;-;-;-;-;-
IDIN27C667500;BRBMEFCICK36;FINANCIAL;-;-;-;-;-;-;-;-;-;0,01;-;-;-;-;-;-;-
IDIN27P586800;BRBMEFVI2K19;FINANCIAL;-;-;-;-;-;-;-;-;-;1715,47;-;-;-;-;-;-;-
IDIN27P591700;BRBMEFVI2K50;FINANCIAL;-;-;-;-;-;-;-;-;-;5585,51;-;-;-;-;-;-;-
IDIN27P625800;BRBMEFVI2K27;FINANCIAL;-;-;-;-;-;-;-;-;-;35966,31;-;-;-;-;-;-;-
IDIN27P667500;BRBMEFVI2K35;FINANCIAL;-;-;-;-;-;-;-;-;-;73678,07;-;-;-;-;-;-;-
IDIF28C624400;BRBMEFCID067;FINANCIAL;-;-;-;-;-;-;-;-;-;3539,05;-;-;-;-;-;-;-
IDIF28P624400;BRBMEFFI0064;FINANCIAL;-;-;-;-;-;-;-;-;-;2585,39;-;-;-;-;-;-;-
IDIN27C586200;BRBMEFCICK69;FINANCIAL;-;-;-;-;-;-;-;-;-;1204,16;-;-;-;-;-;-;-
IDIN27P586200;BRBMEFVI2K68;FINANCIAL;-;-;-;-;-;-;-;-;-;1357,8;-;-;-;-;-;-;-
IDIJ27C565000;BRBMEFCIJTQ1;FINANCIAL;-;-;-;-;-;-;-;-;-;2444,85;-;-;-;-;-;-;-
IDIJ27C567500;BRBMEFCIJTR9;FINANCIAL;-;-;-;-;-;-;-;-;-;615,57;-;-;-;-;-;-;-
IDIJ27C570000;BRBMEFCIJTS7;FINANCIAL;-;-;-;-;-;-;-;-;-;280,16;-;-;-;-;-;-;-
IDIJ27C572500;BRBMEFCIJTT5;FINANCIAL;-;-;-;-;-;-;-;-;-;179,45;-;-;-;-;-;-;-
IDIJ27C575000;BRBMEFCIJTU3;FINANCIAL;-;-;-;-;-;-;-;-;-;121,78;-;-;-;-;-;-;-
IDIJ27P565000;BRBMEFVIJTQ1;FINANCIAL;-;-;-;-;-;-;-;-;-;6,92;-;-;-;-;-;-;-
IDIJ27P567500;BRBMEFVIJTR9;FINANCIAL;-;-;-;-;-;-;-;-;-;511,91;-;-;-;-;-;-;-
IDIJ27P570000;BRBMEFVIJTS7;FINANCIAL;-;-;-;-;-;-;-;-;-;2510,76;-;-;-;-;-;-;-
IDIJ27P572500;BRBMEFVIJTT5;FINANCIAL;-;-;-;-;-;-;-;-;-;4744,31;-;-;-;-;-;-;-
IDIJ27P575000;BRBMEFVIJTU3;FINANCIAL;-;-;-;-;-;-;-;-;-;7020,91;-;-;-;-;-;-;-
IDIV26C528800;BRBMEFCIVWY4;FINANCIAL;-;-;-;-;-;-;-;-;-;4949,18;-;-;-;-;-;-;-
IDIV26C528900;BRBMEFCIVWZ1;FINANCIAL;-;-;-;-;-;-;-;-;-;4849,89;-;-;-;-;-;-;-
IDIV26C529000;BRBMEFCIVX04;FINANCIAL;-;-;-;-;-;-;-;-;-;4750,6;-;-;-;-;-;-;-
IDIV26C529100;BRBMEFCIVX12;FINANCIAL;-;-;-;-;-;-;-;-;-;4651,32;-;-;-;-;-;-;-
IDIV26C529200;BRBMEFCIVX20;FINANCIAL;-;-;-;-;-;-;-;-;-;4552,03;-;-;-;-;-;-;-
IDIV26C529300;BRBMEFCIVX38;FINANCIAL;-;-;-;-;-;-;-;-;-;4452,74;-;-;-;-;-;-;-
IDIV26C529400;BRBMEFCIVX46;FINANCIAL;-;-;-;-;-;-;-;-;-;4353,45;-;-;-;-;-;-;-
IDIV26C529500;BRBMEFCIVX53;FINANCIAL;-;-;-;-;-;-;-;-;-;4254,16;-;-;-;-;-;-;-
IDIV26C529600;BRBMEFCIVX61;FINANCIAL;-;-;-;-;-;-;-;-;-;4154,88;-;-;-;-;-;-;-
IDIV26C529700;BRBMEFCIVX79;FINANCIAL;-;-;-;-;-;-;-;-;-;4055,59;-;-;-;-;-;-;-
IDIV26C529800;BRBMEFCIVX87;FINANCIAL;-;-;-;-;-;-;-;-;-;3956,3;-;-;-;-;-;-;-
IDIV26C529900;BRBMEFCIVX95;FINANCIAL;-;-;-;-;-;-;-;-;-;3857,01;-;-;-;-;-;-;-
IDIV26C530100;BRBMEFCIVXA2;FINANCIAL;-;-;-;-;-;-;-;-;-;3658,44;-;-;-;-;-;-;-
IDIV26C530200;BRBMEFCIVXB0;FINANCIAL;-;-;-;-;-;-;-;-;-;3559,15;-;-;-;-;-;-;-
IDIV26C530300;BRBMEFCIVXC8;FINANCIAL;-;-;-;-;-;-;-;-;-;3459,86;-;-;-;-;-;-;-
IDIV26C530400;BRBMEFCIVXD6;FINANCIAL;-;-;-;-;-;-;-;-;-;3360,58;-;-;-;-;-;-;-
IDIV26C530600;BRBMEFCIVXE4;FINANCIAL;-;-;-;-;-;-;-;-;-;3162;-;-;-;-;-;-;-
IDIV26C530700;BRBMEFCIVXF1;FINANCIAL;-;-;-;-;-;-;-;-;-;3062,71;-;-;-;-;-;-;-
IDIV26C530800;BRBMEFCIVXG9;FINANCIAL;-;-;-;-;-;-;-;-;-;2963,43;-;-;-;-;-;-;-
IDIV26C530900;BRBMEFCIVXH7;FINANCIAL;-;-;-;-;-;-;-;-;-;2864,14;-;-;-;-;-;-;-
IDIV26C531100;BRBMEFCIVXI5;FINANCIAL;-;-;-;-;-;-;-;-;-;2665,56;-;-;-;-;-;-;-
IDIV26C531200;BRBMEFCIVXJ3;FINANCIAL;-;-;-;-;-;-;-;-;-;2566,28;-;-;-;-;-;-;-
IDIV26C531300;BRBMEFCIVXK1;FINANCIAL;-;-;-;-;-;-;-;-;-;2466,99;-;-;-;-;-;-;-
IDIV26C531400;BRBMEFCIVXL9;FINANCIAL;-;-;-;-;-;-;-;-;-;2367,7;-;-;-;-;-;-;-
IDIV26P528800;BRBMEFVIVWY4;FINANCIAL;-;-;-;-;-;-;-;-;-;0,01;-;-;-;-;-;-;-
IDIV26P528900;BRBMEFVIVWZ1;FINANCIAL;-;-;-;-;-;-;-;-;-;0,01;-;-;-;-;-;-;-
IDIV26P529000;BRBMEFVIVX01;FINANCIAL;-;-;-;-;-;-;-;-;-;0,01;-;-;-;-;-;-;-
IDIV26P529100;BRBMEFVIVX19;FINANCIAL;-;-;-;-;-;-;-;-;-;0,01;-;-;-;-;-;-;-
IDIV26P529200;BRBMEFVIVX27;FINANCIAL;-;-;-;-;-;-;-;-;-;0,01;-;-;-;-;-;-;-
IDIV26P529300;BRBMEFVIVX35;FINANCIAL;-;-;-;-;-;-;-;-;-;0,01;-;-;-;-;-;-;-
IDIV26P529400;BRBMEFVIVX43;FINANCIAL;-;-;-;-;-;-;-;-;-;0,01;-;-;-;-;-;-;-
IDIV26P529500;BRBMEFVIVX50;FINANCIAL;-;-;-;-;-;-;-;-;-;0,01;-;-;-;-;-;-;-
IDIV26P529600;BRBMEFVIVX68;FINANCIAL;-;-;-;-;-;-;-;-;-;0,01;-;-;-;-;-;-;-
IDIV26P529700;BRBMEFVIVX76;FINANCIAL;-;-;-;-;-;-;-;-;-;0,01;-;-;-;-;-;-;-
IDIV26P529800;BRBMEFVIVX84;FINANCIAL;-;-;-;-;-;-;-;-;-;0,01;-;-;-;-;-;-;-
IDIV26P529900;BRBMEFVIVX92;FINANCIAL;-;-;-;-;-;-;-;-;-;0,01;-;-;-;-;-;-;-
IDIV26P530100;BRBMEFVIVXA2;FINANCIAL;-;-;-;-;-;-;-;-;-;0,01;-;-;-;-;-;-;-
IDIV26P530200;BRBMEFVIVXB0;FINANCIAL;-;-;-;-;-;-;-;-;-;0,01;-;-;-;-;-;-;-
IDIV26P530300;BRBMEFVIVXC8;FINANCIAL;-;-;-;-;-;-;-;-;-;0,01;-;-;-;-;-;-;-
IDIV26P530400;BRBMEFVIVXD6;FINANCIAL;-;-;-;-;-;-;-;-;-;0,01;-;-;-;-;-;-;-
IDIV26P530600;BRBMEFVIVXE4;FINANCIAL;-;-;-;-;-;-;-;-;-;0,01;-;-;-;-;-;-;-
IDIV26P530700;BRBMEFVIVXF1;FINANCIAL;-;-;-;-;-;-;-;-;-;0,01;-;-;-;-;-;-;-
IDIV26P530800;BRBMEFVIVXG9;FINANCIAL;-;-;-;-;-;-;-;-;-;0,01;-;-;-;-;-;-;-
IDIV26P530900;BRBMEFVIVXH7;FINANCIAL;-;-;-;-;-;-;-;-;-;0,01;-;-;-;-;-;-;-
IDIV26P531100;BRBMEFVIVXI5;FINANCIAL;-;-;-;-;-;-;-;-;-;0,01;-;-;-;-;-;-;-
IDIV26P531200;BRBMEFVIVXJ3;FINANCIAL;-;-;-;-;-;-;-;-;-;0,01;-;-;-;-;-;-;-
IDIV26P531300;BRBMEFVIVXK1;FINANCIAL;-;-;-;-;-;-;-;-;-;0,01;-;-;-;-;-;-;-
IDIV26P531400;BRBMEFVIVXL9;FINANCIAL;-;-;-;-;-;-;-;-;-;0,01;-;-;-;-;-;-;-
IDIG27C553600;BRBMEFCIG805;FINANCIAL;-;-;-;-;-;-;-;-;-;2549,84;-;-;-;-;-;-;-
IDIG27C553700;BRBMEFCIG813;FINANCIAL;-;-;-;-;-;-;-;-;-;2454,57;-;-;-;-;-;-;-
IDIG27C553800;BRBMEFCIG821;FINANCIAL;-;-;-;-;-;-;-;-;-;2359,3;-;-;-;-;-;-;-
IDIG27C553900;BRBMEFCIG839;FINANCIAL;-;-;-;-;-;-;-;-;-;2264,02;-;-;-;-;-;-;-
IDIG27C554000;BRBMEFCIG847;FINANCIAL;-;-;-;-;-;-;-;-;-;2168,75;-;-;-;-;-;-;-
IDIG27C554100;BRBMEFCIG854;FINANCIAL;-;-;-;-;-;-;-;-;-;2073,48;-;-;-;-;-;-;-
IDIG27C554200;BRBMEFCIG862;FINANCIAL;-;-;-;-;-;-;-;-;-;1978,22;-;-;-;-;-;-;-
IDIG27C554300;BRBMEFCIG870;FINANCIAL;-;-;-;-;-;-;-;-;-;1882,96;-;-;-;-;-;-;-
IDIG27C554400;BRBMEFCIG888;FINANCIAL;-;-;-;-;-;-;-;-;-;1787,71;-;-;-;-;-;-;-
IDIG27C554500;BRBMEFCIG896;FINANCIAL;-;-;-;-;-;-;-;-;-;1692,5;-;-;-;-;-;-;-
IDIG27C554600;BRBMEFCIG8A4;FINANCIAL;-;-;-;-;-;-;-;-;-;1597,33;-;-;-;-;-;-;-
IDIG27C554700;BRBMEFCIG8B2;FINANCIAL;-;-;-;-;-;-;-;-;-;1502,24;-;-;-;-;-;-;-
IDIG27C554800;BRBMEFCIG8C0;FINANCIAL;-;-;-;-;-;-;-;-;-;1407,29;-;-;-;-;-;-;-
IDIG27C554900;BRBMEFCIG8D8;FINANCIAL;-;-;-;-;-;-;-;-;-;1312,55;-;-;-;-;-;-;-
IDIG27C555000;BRBMEFCIG8E6;FINANCIAL;-;-;-;-;-;-;-;-;-;1217,91;-;-;-;-;-;-;-
IDIG27C555100;BRBMEFCIG8F3;FINANCIAL;-;-;-;-;-;-;-;-;-;1122,95;-;-;-;-;-;-;-
IDIG27C555200;BRBMEFCIG8G1;FINANCIAL;-;-;-;-;-;-;-;-;-;1028,05;-;-;-;-;-;-;-
IDIG27P553600;BRBMEFVIG805;FINANCIAL;-;-;-;-;-;-;-;-;-;0,01;-;-;-;-;-;-;-
IDIG27P553700;BRBMEFVIG813;FINANCIAL;-;-;-;-;-;-;-;-;-;0,01;-;-;-;-;-;-;-
IDIG27P553800;BRBMEFVIG821;FINANCIAL;-;-;-;-;-;-;-;-;-;0,01;-;-;-;-;-;-;-
IDIG27P553900;BRBMEFVIG839;FINANCIAL;-;-;-;-;-;-;-;-;-;0,01;-;-;-;-;-;-;-
IDIG27P554000;BRBMEFVIG847;FINANCIAL;-;-;-;-;-;-;-;-;-;0,01;-;-;-;-;-;-;-
IDIG27P554100;BRBMEFVIG854;FINANCIAL;-;-;-;-;-;-;-;-;-;0,01;-;-;-;-;-;-;-
IDIG27P554200;BRBMEFVIG862;FINANCIAL;-;-;-;-;-;-;-;-;-;0,01;-;-;-;-;-;-;-
IDIG27P554300;BRBMEFVIG870;FINANCIAL;-;-;-;-;-;-;-;-;-;0,03;-;-;-;-;-;-;-
IDIG27P554400;BRBMEFVIG888;FINANCIAL;-;-;-;-;-;-;-;-;-;0,06;-;-;-;-;-;-;-
IDIG27P554500;BRBMEFVIG896;FINANCIAL;-;-;-;-;-;-;-;-;-;0,12;-;-;-;-;-;-;-
IDIG27P554600;BRBMEFVIG8A1;FINANCIAL;-;-;-;-;-;-;-;-;-;0,22;-;-;-;-;-;-;-
IDIG27P554700;BRBMEFVIG8B9;FINANCIAL;-;-;-;-;-;-;-;-;-;0,4;-;-;-;-;-;-;-
IDIG27P554800;BRBMEFVIG8C7;FINANCIAL;-;-;-;-;-;-;-;-;-;0,72;-;-;-;-;-;-;-
IDIG27P554900;BRBMEFVIG8D5;FINANCIAL;-;-;-;-;-;-;-;-;-;1,26;-;-;-;-;-;-;-
IDIG27P555000;BRBMEFVIG8E3;FINANCIAL;-;-;-;-;-;-;-;-;-;1,9;-;-;-;-;-;-;-
IDIG27P555100;BRBMEFVIG8F0;FINANCIAL;-;-;-;-;-;-;-;-;-;2,21;-;-;-;-;-;-;-
IDIG27P555200;BRBMEFVIG8G8;FINANCIAL;-;-;-;-;-;-;-;-;-;2,58;-;-;-;-;-;-;-
IDIH27C558600;BRBMEFCIH7K4;FINANCIAL;-;-;-;-;-;-;-;-;-;2592,73;-;-;-;-;-;-;-
IDIH27C558700;BRBMEFCIH7L2;FINANCIAL;-;-;-;-;-;-;-;-;-;2498,61;-;-;-;-;-;-;-
IDIH27C558800;BRBMEFCIH7M0;FINANCIAL;-;-;-;-;-;-;-;-;-;2404,59;-;-;-;-;-;-;-
IDIH27C558900;BRBMEFCIH7N8;FINANCIAL;-;-;-;-;-;-;-;-;-;2310,7;-;-;-;-;-;-;-
IDIH27C559000;BRBMEFCIH7O6;FINANCIAL;-;-;-;-;-;-;-;-;-;2217;-;-;-;-;-;-;-
IDIH27C559100;BRBMEFCIH7P3;FINANCIAL;-;-;-;-;-;-;-;-;-;2123,16;-;-;-;-;-;-;-
IDIH27C559200;BRBMEFCIH7Q1;FINANCIAL;-;-;-;-;-;-;-;-;-;2028,93;-;-;-;-;-;-;-
IDIH27C559300;BRBMEFCIH7R9;FINANCIAL;-;-;-;-;-;-;-;-;-;1934,72;-;-;-;-;-;-;-
IDIH27C559400;BRBMEFCIH7S7;FINANCIAL;-;-;-;-;-;-;-;-;-;1840,52;-;-;-;-;-;-;-
IDIH27C559500;BRBMEFCIH7T5;FINANCIAL;-;-;-;-;-;-;-;-;-;1746,35;-;-;-;-;-;-;-
IDIH27C559600;BRBMEFCIH7U3;FINANCIAL;-;-;-;-;-;-;-;-;-;1652,17;-;-;-;-;-;-;-
IDIH27C559700;BRBMEFCIH7V1;FINANCIAL;-;-;-;-;-;-;-;-;-;1557,92;-;-;-;-;-;-;-
IDIH27C559800;BRBMEFCIH7W9;FINANCIAL;-;-;-;-;-;-;-;-;-;1463,76;-;-;-;-;-;-;-
IDIH27C559900;BRBMEFCIH7X7;FINANCIAL;-;-;-;-;-;-;-;-;-;1369,86;-;-;-;-;-;-;-
IDIH27C560000;BRBMEFCIH7Y5;FINANCIAL;-;-;-;-;-;-;-;-;-;1276,47;-;-;-;-;-;-;-
IDIH27C560100;BRBMEFCIH7Z2;FINANCIAL;-;-;-;-;-;-;-;-;-;1183,76;-;-;-;-;-;-;-
IDIH27C560200;BRBMEFCIH803;FINANCIAL;-;-;-;-;-;-;-;-;-;1094,02;-;-;-;-;-;-;-
IDIH27P558600;BRBMEFVIH7K1;FINANCIAL;-;-;-;-;-;-;-;-;-;0,72;-;-;-;-;-;-;-
IDIH27P558700;BRBMEFVIH7L9;FINANCIAL;-;-;-;-;-;-;-;-;-;1,01;-;-;-;-;-;-;-
IDIH27P558800;BRBMEFVIH7M7;FINANCIAL;-;-;-;-;-;-;-;-;-;1,41;-;-;-;-;-;-;-
IDIH27P558900;BRBMEFVIH7N5;FINANCIAL;-;-;-;-;-;-;-;-;-;1,94;-;-;-;-;-;-;-
IDIH27P559000;BRBMEFVIH7O3;FINANCIAL;-;-;-;-;-;-;-;-;-;2,64;-;-;-;-;-;-;-
IDIH27P559100;BRBMEFVIH7P0;FINANCIAL;-;-;-;-;-;-;-;-;-;3,22;-;-;-;-;-;-;-
IDIH27P559200;BRBMEFVIH7Q8;FINANCIAL;-;-;-;-;-;-;-;-;-;3,4;-;-;-;-;-;-;-
IDIH27P559300;BRBMEFVIH7R6;FINANCIAL;-;-;-;-;-;-;-;-;-;3,6;-;-;-;-;-;-;-
IDIH27P559400;BRBMEFVIH7S4;FINANCIAL;-;-;-;-;-;-;-;-;-;3,82;-;-;-;-;-;-;-
IDIH27P559500;BRBMEFVIH7T2;FINANCIAL;-;-;-;-;-;-;-;-;-;4,06;-;-;-;-;-;-;-
IDIH27P559600;BRBMEFVIH7U0;FINANCIAL;-;-;-;-;-;-;-;-;-;4,29;-;-;-;-;-;-;-
IDIH27P559700;BRBMEFVIH7V8;FINANCIAL;-;-;-;-;-;-;-;-;-;4,46;-;-;-;-;-;-;-
IDIH27P559800;BRBMEFVIH7W6;FINANCIAL;-;-;-;-;-;-;-;-;-;4,7;-;-;-;-;-;-;-
IDIH27P559900;BRBMEFVIH7X4;FINANCIAL;-;-;-;-;-;-;-;-;-;5,22;-;-;-;-;-;-;-
IDIH27P560000;BRBMEFVIH7Y2;FINANCIAL;-;-;-;-;-;-;-;-;-;6,24;-;-;-;-;-;-;-
IDIH27P560100;BRBMEFVIH7Z9;FINANCIAL;-;-;-;-;-;-;-;-;-;7,94;-;-;-;-;-;-;-
IDIH27P560200;BRBMEFVIH803;FINANCIAL;-;-;-;-;-;-;-;-;-;12,61;-;-;-;-;-;-;-
IDIJ27C564600;BRBMEFCIJTW9;FINANCIAL;-;-;-;-;-;-;-;-;-;2817,51;-;-;-;-;-;-;-
IDIJ27C564700;BRBMEFCIJTX7;FINANCIAL;-;-;-;-;-;-;-;-;-;2724,37;-;-;-;-;-;-;-
IDIJ27C564800;BRBMEFCIJTY5;FINANCIAL;-;-;-;-;-;-;-;-;-;2631,24;-;-;-;-;-;-;-
IDIJ27C564900;BRBMEFCIJTZ2;FINANCIAL;-;-;-;-;-;-;-;-;-;2538,05;-;-;-;-;-;-;-
IDIJ27C565100;BRBMEFCIJU03;FINANCIAL;-;-;-;-;-;-;-;-;-;2351,68;-;-;-;-;-;-;-
IDIJ27C565200;BRBMEFCIJU11;FINANCIAL;-;-;-;-;-;-;-;-;-;2258,59;-;-;-;-;-;-;-
IDIJ27C565300;BRBMEFCIJU29;FINANCIAL;-;-;-;-;-;-;-;-;-;2165,66;-;-;-;-;-;-;-
IDIJ27C565400;BRBMEFCIJU37;FINANCIAL;-;-;-;-;-;-;-;-;-;2072,98;-;-;-;-;-;-;-
IDIJ27C565500;BRBMEFCIJU45;FINANCIAL;-;-;-;-;-;-;-;-;-;1980,63;-;-;-;-;-;-;-
IDIJ27C565600;BRBMEFCIJU52;FINANCIAL;-;-;-;-;-;-;-;-;-;1888,76;-;-;-;-;-;-;-
IDIJ27C565700;BRBMEFCIJU60;FINANCIAL;-;-;-;-;-;-;-;-;-;1797,6;-;-;-;-;-;-;-
IDIJ27C565800;BRBMEFCIJU78;FINANCIAL;-;-;-;-;-;-;-;-;-;1709,05;-;-;-;-;-;-;-
IDIJ27C565900;BRBMEFCIJU86;FINANCIAL;-;-;-;-;-;-;-;-;-;1622,01;-;-;-;-;-;-;-
IDIJ27C566000;BRBMEFCIJU94;FINANCIAL;-;-;-;-;-;-;-;-;-;1537,12;-;-;-;-;-;-;-
IDIJ27C566100;BRBMEFCIJUA3;FINANCIAL;-;-;-;-;-;-;-;-;-;1455,05;-;-;-;-;-;-;-
IDIJ27C566200;BRBMEFCIJUB1;FINANCIAL;-;-;-;-;-;-;-;-;-;1375,25;-;-;-;-;-;-;-
IDIJ27C566300;BRBMEFCIJUC9;FINANCIAL;-;-;-;-;-;-;-;-;-;1299,08;-;-;-;-;-;-;-
IDIJ27P564600;BRBMEFVIJTW9;FINANCIAL;-;-;-;-;-;-;-;-;-;6,09;-;-;-;-;-;-;-
IDIJ27P564700;BRBMEFVIJTX7;FINANCIAL;-;-;-;-;-;-;-;-;-;6,33;-;-;-;-;-;-;-
IDIJ27P564800;BRBMEFVIJTY5;FINANCIAL;-;-;-;-;-;-;-;-;-;6,56;-;-;-;-;-;-;-
IDIJ27P564900;BRBMEFVIJTZ2;FINANCIAL;-;-;-;-;-;-;-;-;-;6,75;-;-;-;-;-;-;-
IDIJ27P565100;BRBMEFVIJU00;FINANCIAL;-;-;-;-;-;-;-;-;-;7,12;-;-;-;-;-;-;-
IDIJ27P565200;BRBMEFVIJU18;FINANCIAL;-;-;-;-;-;-;-;-;-;7,4;-;-;-;-;-;-;-
IDIJ27P565300;BRBMEFVIJU26;FINANCIAL;-;-;-;-;-;-;-;-;-;7,85;-;-;-;-;-;-;-
IDIJ27P565400;BRBMEFVIJU34;FINANCIAL;-;-;-;-;-;-;-;-;-;8,53;-;-;-;-;-;-;-
IDIJ27P565500;BRBMEFVIJU42;FINANCIAL;-;-;-;-;-;-;-;-;-;9,55;-;-;-;-;-;-;-
IDIJ27P565600;BRBMEFVIJU59;FINANCIAL;-;-;-;-;-;-;-;-;-;11,06;-;-;-;-;-;-;-
IDIJ27P565700;BRBMEFVIJU67;FINANCIAL;-;-;-;-;-;-;-;-;-;13,27;-;-;-;-;-;-;-
IDIJ27P565800;BRBMEFVIJU75;FINANCIAL;-;-;-;-;-;-;-;-;-;18,09;-;-;-;-;-;-;-
IDIJ27P565900;BRBMEFVIJU83;FINANCIAL;-;-;-;-;-;-;-;-;-;24,41;-;-;-;-;-;-;-
IDIJ27P566000;BRBMEFVIJU91;FINANCIAL;-;-;-;-;-;-;-;-;-;32,9;-;-;-;-;-;-;-
IDIJ27P566100;BRBMEFVIJUA3;FINANCIAL;-;-;-;-;-;-;-;-;-;44,2;-;-;-;-;-;-;-
IDIJ27P566200;BRBMEFVIJUB1;FINANCIAL;44,25;44,25;44,25;44,25;44,25;-24,64;-;-;-;57,76;-;-;-;-;5;35.000;1548750
IDIJ27P566300;BRBMEFVIJUC9;FINANCIAL;60;60;60;60;60;-19,81;-;-;-;74,96;-;-;-;-;4;35.000;2100000
IDIV26C533900;BRBMEFCIVXM7;FINANCIAL;-;-;-;-;-;-;-;-;-;0,08;-;-;-;-;-;-;-
IDIV26C534100;BRBMEFCIVXN5;FINANCIAL;-;-;-;-;-;-;-;-;-;0,01;-;-;-;-;-;-;-
IDIV26C534200;BRBMEFCIVXO3;FINANCIAL;-;-;-;-;-;-;-;-;-;0,01;-;-;-;-;-;-;-
IDIV26C534300;BRBMEFCIVXP0;FINANCIAL;-;-;-;-;-;-;-;-;-;0,01;-;-;-;-;-;-;-
IDIV26C534400;BRBMEFCIVXQ8;FINANCIAL;-;-;-;-;-;-;-;-;-;0,01;-;-;-;-;-;-;-
IDIV26C534600;BRBMEFCIVXR6;FINANCIAL;-;-;-;-;-;-;-;-;-;0,01;-;-;-;-;-;-;-
IDIV26C534700;BRBMEFCIVXS4;FINANCIAL;-;-;-;-;-;-;-;-;-;0,01;-;-;-;-;-;-;-
IDIV26C534800;BRBMEFCIVXT2;FINANCIAL;-;-;-;-;-;-;-;-;-;0,01;-;-;-;-;-;-;-
IDIV26C534900;BRBMEFCIVXU0;FINANCIAL;-;-;-;-;-;-;-;-;-;0,01;-;-;-;-;-;-;-
IDIV26C535000;BRBMEFCIVXV8;FINANCIAL;-;-;-;-;-;-;-;-;-;0,01;-;-;-;-;-;-;-
IDIV26C535100;BRBMEFCIVXW6;FINANCIAL;-;-;-;-;-;-;-;-;-;0,01;-;-;-;-;-;-;-
IDIV26C535200;BRBMEFCIVXX4;FINANCIAL;-;-;-;-;-;-;-;-;-;0,01;-;-;-;-;-;-;-
IDIV26C535300;BRBMEFCIVXY2;FINANCIAL;-;-;-;-;-;-;-;-;-;0,01;-;-;-;-;-;-;-
IDIV26C535400;BRBMEFCIVXZ9;FINANCIAL;-;-;-;-;-;-;-;-;-;0,01;-;-;-;-;-;-;-
IDIV26C535500;BRBMEFCIVY03;FINANCIAL;-;-;-;-;-;-;-;-;-;0,01;-;-;-;-;-;-;-
IDIV26C535600;BRBMEFCIVY11;FINANCIAL;-;-;-;-;-;-;-;-;-;0,01;-;-;-;-;-;-;-
IDIV26C535700;BRBMEFCIVY29;FINANCIAL;-;-;-;-;-;-;-;-;-;0,01;-;-;-;-;-;-;-
IDIV26C535800;BRBMEFCIVY37;FINANCIAL;-;-;-;-;-;-;-;-;-;0,01;-;-;-;-;-;-;-
IDIV26C535900;BRBMEFCIVY45;FINANCIAL;-;-;-;-;-;-;-;-;-;0,01;-;-;-;-;-;-;-
IDIV26P533900;BRBMEFVIVXM7;FINANCIAL;-;-;-;-;-;-;-;-;-;114,57;-;-;-;-;-;-;-
IDIV26P534100;BRBMEFVIVXN5;FINANCIAL;-;-;-;-;-;-;-;-;-;313,06;-;-;-;-;-;-;-
IDIV26P534200;BRBMEFVIVXO3;FINANCIAL;-;-;-;-;-;-;-;-;-;412,35;-;-;-;-;-;-;-
IDIV26P534300;BRBMEFVIVXP0;FINANCIAL;-;-;-;-;-;-;-;-;-;511,64;-;-;-;-;-;-;-
IDIV26P534400;BRBMEFVIVXQ8;FINANCIAL;-;-;-;-;-;-;-;-;-;610,93;-;-;-;-;-;-;-
IDIV26P534600;BRBMEFVIVXR6;FINANCIAL;-;-;-;-;-;-;-;-;-;809,5;-;-;-;-;-;-;-
IDIV26P534700;BRBMEFVIVXS4;FINANCIAL;-;-;-;-;-;-;-;-;-;908,79;-;-;-;-;-;-;-
IDIV26P534800;BRBMEFVIVXT2;FINANCIAL;-;-;-;-;-;-;-;-;-;1008,08;-;-;-;-;-;-;-
IDIV26P534900;BRBMEFVIVXU0;FINANCIAL;-;-;-;-;-;-;-;-;-;1107,37;-;-;-;-;-;-;-
IDIV26P535000;BRBMEFVIVXV8;FINANCIAL;-;-;-;-;-;-;-;-;-;1206,65;-;-;-;-;-;-;-
IDIV26P535100;BRBMEFVIVXW6;FINANCIAL;-;-;-;-;-;-;-;-;-;1305,94;-;-;-;-;-;-;-
IDIV26P535200;BRBMEFVIVXX4;FINANCIAL;-;-;-;-;-;-;-;-;-;1405,23;-;-;-;-;-;-;-
IDIV26P535300;BRBMEFVIVXY2;FINANCIAL;-;-;-;-;-;-;-;-;-;1504,52;-;-;-;-;-;-;-
IDIV26P535400;BRBMEFVIVXZ9;FINANCIAL;-;-;-;-;-;-;-;-;-;1603,8;-;-;-;-;-;-;-
IDIV26P535500;BRBMEFVIVY00;FINANCIAL;-;-;-;-;-;-;-;-;-;1703,09;-;-;-;-;-;-;-
IDIV26P535600;BRBMEFVIVY18;FINANCIAL;-;-;-;-;-;-;-;-;-;1802,38;-;-;-;-;-;-;-
IDIV26P535700;BRBMEFVIVY26;FINANCIAL;-;-;-;-;-;-;-;-;-;1901,67;-;-;-;-;-;-;-
IDIV26P535800;BRBMEFVIVY34;FINANCIAL;-;-;-;-;-;-;-;-;-;2000,95;-;-;-;-;-;-;-
IDIV26P535900;BRBMEFVIVY42;FINANCIAL;-;-;-;-;-;-;-;-;-;2100,24;-;-;-;-;-;-;-
IDIX26C538400;BRBMEFCIX9Z8;FINANCIAL;-;-;-;-;-;-;-;-;-;1092,66;-;-;-;-;-;-;-
IDIX26C538500;BRBMEFCIXA09;FINANCIAL;-;-;-;-;-;-;-;-;-;994,43;-;-;-;-;-;-;-
IDIX26C538600;BRBMEFCIXA17;FINANCIAL;-;-;-;-;-;-;-;-;-;896,2;-;-;-;-;-;-;-
IDIX26C538700;BRBMEFCIXA25;FINANCIAL;-;-;-;-;-;-;-;-;-;797,96;-;-;-;-;-;-;-
IDIX26C538800;BRBMEFCIXA33;FINANCIAL;-;-;-;-;-;-;-;-;-;699,73;-;-;-;-;-;-;-
IDIX26C538900;BRBMEFCIXA41;FINANCIAL;-;-;-;-;-;-;-;-;-;601,5;-;-;-;-;-;-;-
IDIX26C539000;BRBMEFCIXA58;FINANCIAL;-;-;-;-;-;-;-;-;-;503,26;-;-;-;-;-;-;-
IDIX26C539100;BRBMEFCIXA66;FINANCIAL;-;-;-;-;-;-;-;-;-;405,03;-;-;-;-;-;-;-
IDIX26C539200;BRBMEFCIXA74;FINANCIAL;-;-;-;-;-;-;-;-;-;306,8;-;-;-;-;-;-;-
IDIX26C539300;BRBMEFCIXA82;FINANCIAL;-;-;-;-;-;-;-;-;-;208,57;-;-;-;-;-;-;-
IDIX26C539400;BRBMEFCIXA90;FINANCIAL;-;-;-;-;-;-;-;-;-;111,84;-;-;-;-;-;-;-
IDIX26C539500;BRBMEFCIXAA6;FINANCIAL;-;-;-;-;-;-;-;-;-;29,1;-;-;-;-;-;-;-
IDIX26C539600;BRBMEFCIXAB4;FINANCIAL;-;-;-;-;-;-;-;-;-;11,81;-;-;-;-;-;-;-
IDIX26C539700;BRBMEFCIXAC2;FINANCIAL;-;-;-;-;-;-;-;-;-;6,22;-;-;-;-;-;-;-
IDIX26C539800;BRBMEFCIXAD0;FINANCIAL;-;-;-;-;-;-;-;-;-;2,52;-;-;-;-;-;-;-
IDIX26C539900;BRBMEFCIXAE8;FINANCIAL;-;-;-;-;-;-;-;-;-;0,42;-;-;-;-;-;-;-
IDIX26C540000;BRBMEFCIXAF5;FINANCIAL;-;-;-;-;-;-;-;-;-;0,05;-;-;-;-;-;-;-
IDIX26P538400;BRBMEFVIXA22;FINANCIAL;-;-;-;-;-;-;-;-;-;0,01;-;-;-;-;-;-;-
IDIX26P538500;BRBMEFVIXA30;FINANCIAL;-;-;-;-;-;-;-;-;-;0,01;-;-;-;-;-;-;-
IDIX26P538600;BRBMEFVIXA48;FINANCIAL;-;-;-;-;-;-;-;-;-;0,01;-;-;-;-;-;-;-
IDIX26P538700;BRBMEFVIXA55;FINANCIAL;-;-;-;-;-;-;-;-;-;0,01;-;-;-;-;-;-;-
IDIX26P538800;BRBMEFVIXA63;FINANCIAL;-;-;-;-;-;-;-;-;-;0,01;-;-;-;-;-;-;-
IDIX26P538900;BRBMEFVIXA71;FINANCIAL;-;-;-;-;-;-;-;-;-;0,01;-;-;-;-;-;-;-
IDIX26P539000;BRBMEFVIXA89;FINANCIAL;-;-;-;-;-;-;-;-;-;0,01;-;-;-;-;-;-;-
IDIX26P539100;BRBMEFVIXA97;FINANCIAL;-;-;-;-;-;-;-;-;-;0,01;-;-;-;-;-;-;-
IDIX26P539200;BRBMEFVIXAA6;FINANCIAL;-;-;-;-;-;-;-;-;-;0,01;-;-;-;-;-;-;-
IDIX26P539300;BRBMEFVIXAB4;FINANCIAL;-;-;-;-;-;-;-;-;-;0,01;-;-;-;-;-;-;-
IDIX26P539400;BRBMEFVIXAC2;FINANCIAL;-;-;-;-;-;-;-;-;-;1,51;-;-;-;-;-;-;-
IDIX26P539500;BRBMEFVIXAD0;FINANCIAL;-;-;-;-;-;-;-;-;-;17;-;-;-;-;-;-;-
IDIX26P539600;BRBMEFVIXAE8;FINANCIAL;-;-;-;-;-;-;-;-;-;97,95;-;-;-;-;-;-;-
IDIX26P539700;BRBMEFVIXAF5;FINANCIAL;-;-;-;-;-;-;-;-;-;190,6;-;-;-;-;-;-;-
IDIX26P539800;BRBMEFVIXAG3;FINANCIAL;-;-;-;-;-;-;-;-;-;285,13;-;-;-;-;-;-;-
IDIX26P539900;BRBMEFVIXAH1;FINANCIAL;-;-;-;-;-;-;-;-;-;381,26;-;-;-;-;-;-;-
IDIX26P540000;BRBMEFVIXAI9;FINANCIAL;-;-;-;-;-;-;-;-;-;479,13;-;-;-;-;-;-;-
IDIZ26C543100;BRBMEFCIZ9F8;FINANCIAL;-;-;-;-;-;-;-;-;-;1549,78;-;-;-;-;-;-;-
IDIZ26C543200;BRBMEFCIZ9G6;FINANCIAL;-;-;-;-;-;-;-;-;-;1452,48;-;-;-;-;-;-;-
IDIZ26C543300;BRBMEFCIZ9H4;FINANCIAL;-;-;-;-;-;-;-;-;-;1355,18;-;-;-;-;-;-;-
IDIZ26C543400;BRBMEFCIZ9I2;FINANCIAL;-;-;-;-;-;-;-;-;-;1257,88;-;-;-;-;-;-;-
IDIZ26C543500;BRBMEFCIZ9J0;FINANCIAL;-;-;-;-;-;-;-;-;-;1160,59;-;-;-;-;-;-;-
IDIZ26C543600;BRBMEFCIZ9K8;FINANCIAL;-;-;-;-;-;-;-;-;-;1063,29;-;-;-;-;-;-;-
IDIZ26C543700;BRBMEFCIZ9L6;FINANCIAL;-;-;-;-;-;-;-;-;-;965,99;-;-;-;-;-;-;-
IDIZ26C543800;BRBMEFCIZ9M4;FINANCIAL;-;-;-;-;-;-;-;-;-;868,69;-;-;-;-;-;-;-
IDIZ26C543900;BRBMEFCIZ9N2;FINANCIAL;-;-;-;-;-;-;-;-;-;771,39;-;-;-;-;-;-;-
IDIZ26C544000;BRBMEFCIZ9O0;FINANCIAL;-;-;-;-;-;-;-;-;-;674,09;-;-;-;-;-;-;-
IDIZ26C544100;BRBMEFCIZ9P7;FINANCIAL;-;-;-;-;-;-;-;-;-;576,79;-;-;-;-;-;-;-
IDIZ26C544200;BRBMEFCIZ9Q5;FINANCIAL;-;-;-;-;-;-;-;-;-;479,49;-;-;-;-;-;-;-
IDIZ26C544300;BRBMEFCIZ9R3;FINANCIAL;-;-;-;-;-;-;-;-;-;382,22;-;-;-;-;-;-;-
IDIZ26C544400;BRBMEFCIZ9S1;FINANCIAL;-;-;-;-;-;-;-;-;-;285,31;-;-;-;-;-;-;-
IDIZ26C544500;BRBMEFCIZ9T9;FINANCIAL;-;-;-;-;-;-;-;-;-;190,89;-;-;-;-;-;-;-
IDIZ26C544600;BRBMEFCIZ9U7;FINANCIAL;-;-;-;-;-;-;-;-;-;99,22;-;-;-;-;-;-;-
IDIZ26C544700;BRBMEFCIZ9V5;FINANCIAL;-;-;-;-;-;-;-;-;-;50,11;-;-;-;-;-;-;-
IDIZ26P543100;BRBMEFVIZ9F5;FINANCIAL;-;-;-;-;-;-;-;-;-;0,01;-;-;-;-;-;-;-
IDIZ26P543200;BRBMEFVIZ9G3;FINANCIAL;-;-;-;-;-;-;-;-;-;0,01;-;-;-;-;-;-;-
IDIZ26P543300;BRBMEFVIZ9H1;FINANCIAL;-;-;-;-;-;-;-;-;-;0,01;-;-;-;-;-;-;-
IDIZ26P543400;BRBMEFVIZ9I9;FINANCIAL;-;-;-;-;-;-;-;-;-;0,01;-;-;-;-;-;-;-
IDIZ26P543500;BRBMEFVIZ9J7;FINANCIAL;-;-;-;-;-;-;-;-;-;0,01;-;-;-;-;-;-;-
IDIZ26P543600;BRBMEFVIZ9K5;FINANCIAL;-;-;-;-;-;-;-;-;-;0,01;-;-;-;-;-;-;-
IDIZ26P543700;BRBMEFVIZ9L3;FINANCIAL;-;-;-;-;-;-;-;-;-;0,01;-;-;-;-;-;-;-
IDIZ26P543800;BRBMEFVIZ9M1;FINANCIAL;-;-;-;-;-;-;-;-;-;0,01;-;-;-;-;-;-;-
IDIZ26P543900;BRBMEFVIZ9N9;FINANCIAL;-;-;-;-;-;-;-;-;-;0,01;-;-;-;-;-;-;-
IDIZ26P544000;BRBMEFVIZ9O7;FINANCIAL;-;-;-;-;-;-;-;-;-;0,01;-;-;-;-;-;-;-
IDIZ26P544100;BRBMEFVIZ9P4;FINANCIAL;-;-;-;-;-;-;-;-;-;0,01;-;-;-;-;-;-;-
IDIZ26P544200;BRBMEFVIZ9Q2;FINANCIAL;-;-;-;-;-;-;-;-;-;0,01;-;-;-;-;-;-;-
IDIZ26P544300;BRBMEFVIZ9R0;FINANCIAL;-;-;-;-;-;-;-;-;-;0,03;-;-;-;-;-;-;-
IDIZ26P544400;BRBMEFVIZ9S8;FINANCIAL;-;-;-;-;-;-;-;-;-;0,42;-;-;-;-;-;-;-
IDIZ26P544500;BRBMEFVIZ9T6;FINANCIAL;-;-;-;-;-;-;-;-;-;3,3;-;-;-;-;-;-;-
IDIZ26P544600;BRBMEFVIZ9U4;FINANCIAL;-;-;-;-;-;-;-;-;-;8,92;-;-;-;-;-;-;-
IDIZ26P544700;BRBMEFVIZ9V2;FINANCIAL;-;-;-;-;-;-;-;-;-;57,11;-;-;-;-;-;-;-
IDIG27C555300;BRBMEFCIG8H9;FINANCIAL;-;-;-;-;-;-;-;-;-;933,15;-;-;-;-;-;-;-
IDIG27C555400;BRBMEFCIG8I7;FINANCIAL;-;-;-;-;-;-;-;-;-;838,77;-;-;-;-;-;-;-
IDIG27C555500;BRBMEFCIG8J5;FINANCIAL;-;-;-;-;-;-;-;-;-;745,86;-;-;-;-;-;-;-
IDIG27C555600;BRBMEFCIG8K3;FINANCIAL;-;-;-;-;-;-;-;-;-;656,38;-;-;-;-;-;-;-
IDIG27C555700;BRBMEFCIG8L1;FINANCIAL;-;-;-;-;-;-;-;-;-;569,36;-;-;-;-;-;-;-
IDIG27C555800;BRBMEFCIG8M9;FINANCIAL;-;-;-;-;-;-;-;-;-;487;-;-;-;-;-;-;-
IDIG27C555900;BRBMEFCIG8N7;FINANCIAL;-;-;-;-;-;-;-;-;-;408,62;-;-;-;-;-;-;-
IDIG27C556000;BRBMEFCIG8O5;FINANCIAL;-;-;-;-;-;-;-;-;-;340,93;-;-;-;-;-;-;-
IDIG27C556100;BRBMEFCIG8P2;FINANCIAL;-;-;-;-;-;-;-;-;-;292,81;-;-;-;-;-;-;-
IDIG27C556200;BRBMEFCIG8Q0;FINANCIAL;-;-;-;-;-;-;-;-;-;253,89;-;-;-;-;-;-;-
IDIG27C556300;BRBMEFCIG8R8;FINANCIAL;-;-;-;-;-;-;-;-;-;223,68;-;-;-;-;-;-;-
IDIG27C556400;BRBMEFCIG8S6;FINANCIAL;-;-;-;-;-;-;-;-;-;196,97;-;-;-;-;-;-;-
IDIG27C556500;BRBMEFCIG8T4;FINANCIAL;-;-;-;-;-;-;-;-;-;177,53;-;-;-;-;-;-;-
IDIG27C556600;BRBMEFCIG8U2;FINANCIAL;-;-;-;-;-;-;-;-;-;161,1;-;-;-;-;-;-;-
IDIG27C556700;BRBMEFCIG8V0;FINANCIAL;-;-;-;-;-;-;-;-;-;150,85;-;-;-;-;-;-;-
IDIG27C556800;BRBMEFCIG8W8;FINANCIAL;-;-;-;-;-;-;-;-;-;141,92;-;-;-;-;-;-;-
IDIG27C556900;BRBMEFCIG8X6;FINANCIAL;-;-;-;-;-;-;-;-;-;134,36;-;-;-;-;-;-;-
IDIG27C557000;BRBMEFCIG8Y4;FINANCIAL;-;-;-;-;-;-;-;-;-;126,98;-;-;-;-;-;-;-
IDIG27C557100;BRBMEFCIG8Z1;FINANCIAL;-;-;-;-;-;-;-;-;-;119,96;-;-;-;-;-;-;-
IDIG27C557200;BRBMEFCIG904;FINANCIAL;-;-;-;-;-;-;-;-;-;114,19;-;-;-;-;-;-;-
IDIG27C557300;BRBMEFCIG912;FINANCIAL;-;-;-;-;-;-;-;-;-;108,25;-;-;-;-;-;-;-
IDIG27C557400;BRBMEFCIG920;FINANCIAL;-;-;-;-;-;-;-;-;-;103,05;-;-;-;-;-;-;-
IDIG27C557500;BRBMEFCIG938;FINANCIAL;-;-;-;-;-;-;-;-;-;97,68;-;-;-;-;-;-;-
IDIG27P555300;BRBMEFVIG8H6;FINANCIAL;-;-;-;-;-;-;-;-;-;2,95;-;-;-;-;-;-;-
IDIG27P555400;BRBMEFVIG8I4;FINANCIAL;-;-;-;-;-;-;-;-;-;3,85;-;-;-;-;-;-;-
IDIG27P555500;BRBMEFVIG8J2;FINANCIAL;-;-;-;-;-;-;-;-;-;6,21;-;-;-;-;-;-;-
IDIG27P555600;BRBMEFVIG8K0;FINANCIAL;-;-;-;-;-;-;-;-;-;12;-;-;-;-;-;-;-
IDIG27P555700;BRBMEFVIG8L8;FINANCIAL;-;-;-;-;-;-;-;-;-;20,25;-;-;-;-;-;-;-
IDIG27P555800;BRBMEFVIG8M6;FINANCIAL;-;-;-;-;-;-;-;-;-;33,17;-;-;-;-;-;-;-
IDIG27P555900;BRBMEFVIG8N4;FINANCIAL;-;-;-;-;-;-;-;-;-;50,06;-;-;-;-;-;-;-
IDIG27P556000;BRBMEFVIG8O2;FINANCIAL;-;-;-;-;-;-;-;-;-;77,65;-;-;-;-;-;-;-
IDIG27P556100;BRBMEFVIG8P9;FINANCIAL;-;-;-;-;-;-;-;-;-;124,8;-;-;-;-;-;-;-
IDIG27P556200;BRBMEFVIG8Q7;FINANCIAL;-;-;-;-;-;-;-;-;-;181,15;-;-;-;-;-;-;-
IDIG27P556300;BRBMEFVIG8R5;FINANCIAL;-;-;-;-;-;-;-;-;-;246,21;-;-;-;-;-;-;-
IDIG27P556400;BRBMEFVIG8S3;FINANCIAL;-;-;-;-;-;-;-;-;-;314,78;-;-;-;-;-;-;-
IDIG27P556500;BRBMEFVIG8T1;FINANCIAL;-;-;-;-;-;-;-;-;-;390,61;-;-;-;-;-;-;-
IDIG27P556600;BRBMEFVIG8U9;FINANCIAL;-;-;-;-;-;-;-;-;-;469,45;-;-;-;-;-;-;-
IDIG27P556700;BRBMEFVIG8V7;FINANCIAL;-;-;-;-;-;-;-;-;-;554,48;-;-;-;-;-;-;-
IDIG27P556800;BRBMEFVIG8W5;FINANCIAL;-;-;-;-;-;-;-;-;-;640,82;-;-;-;-;-;-;-
IDIG27P556900;BRBMEFVIG8X3;FINANCIAL;-;-;-;-;-;-;-;-;-;728,54;-;-;-;-;-;-;-
IDIG27P557000;BRBMEFVIG8Y1;FINANCIAL;-;-;-;-;-;-;-;-;-;816,43;-;-;-;-;-;-;-
IDIG27P557100;BRBMEFVIG8Z8;FINANCIAL;-;-;-;-;-;-;-;-;-;904,68;-;-;-;-;-;-;-
IDIG27P557200;BRBMEFVIG904;FINANCIAL;-;-;-;-;-;-;-;-;-;994,18;-;-;-;-;-;-;-
IDIG27P557300;BRBMEFVIG912;FINANCIAL;-;-;-;-;-;-;-;-;-;1083,51;-;-;-;-;-;-;-
IDIG27P557400;BRBMEFVIG920;FINANCIAL;-;-;-;-;-;-;-;-;-;1173,59;-;-;-;-;-;-;-
IDIG27P557500;BRBMEFVIG938;FINANCIAL;-;-;-;-;-;-;-;-;-;1263,49;-;-;-;-;-;-;-
IDIH27C560300;BRBMEFCIH811;FINANCIAL;-;-;-;-;-;-;-;-;-;1006,38;-;-;-;-;-;-;-
IDIH27C560400;BRBMEFCIH829;FINANCIAL;-;-;-;-;-;-;-;-;-;921,92;-;-;-;-;-;-;-
IDIH27C560500;BRBMEFCIH837;FINANCIAL;-;-;-;-;-;-;-;-;-;842,33;-;-;-;-;-;-;-
IDIH27C560600;BRBMEFCIH845;FINANCIAL;-;-;-;-;-;-;-;-;-;764,41;-;-;-;-;-;-;-
IDIH27C560700;BRBMEFCIH852;FINANCIAL;-;-;-;-;-;-;-;-;-;689,94;-;-;-;-;-;-;-
IDIH27C560800;BRBMEFCIH860;FINANCIAL;-;-;-;-;-;-;-;-;-;619,29;-;-;-;-;-;-;-
IDIH27C560900;BRBMEFCIH878;FINANCIAL;-;-;-;-;-;-;-;-;-;559,7;-;-;-;-;-;-;-
IDIH27C561000;BRBMEFCIH886;FINANCIAL;-;-;-;-;-;-;-;-;-;506,79;-;-;-;-;-;-;-
IDIH27C561100;BRBMEFCIH894;FINANCIAL;-;-;-;-;-;-;-;-;-;462,8;-;-;-;-;-;-;-
IDIH27C561200;BRBMEFCIH8A3;FINANCIAL;-;-;-;-;-;-;-;-;-;422,56;-;-;-;-;-;-;-
IDIH27C561300;BRBMEFCIH8B1;FINANCIAL;-;-;-;-;-;-;-;-;-;389,85;-;-;-;-;-;-;-
IDIH27C561400;BRBMEFCIH8C9;FINANCIAL;-;-;-;-;-;-;-;-;-;359,75;-;-;-;-;-;-;-
IDIH27C561500;BRBMEFCIH8D7;FINANCIAL;-;-;-;-;-;-;-;-;-;330,91;-;-;-;-;-;-;-
IDIH27C561600;BRBMEFCIH8E5;FINANCIAL;-;-;-;-;-;-;-;-;-;307;-;-;-;-;-;-;-
IDIH27C561700;BRBMEFCIH8F2;FINANCIAL;-;-;-;-;-;-;-;-;-;289,99;-;-;-;-;-;-;-
IDIH27C561800;BRBMEFCIH8G0;FINANCIAL;-;-;-;-;-;-;-;-;-;274,46;-;-;-;-;-;-;-
IDIH27C561900;BRBMEFCIH8H8;FINANCIAL;-;-;-;-;-;-;-;-;-;260,14;-;-;-;-;-;-;-
IDIH27C562000;BRBMEFCIH8I6;FINANCIAL;-;-;-;-;-;-;-;-;-;249,95;-;-;-;-;-;-;-
IDIH27C562100;BRBMEFCIH8J4;FINANCIAL;-;-;-;-;-;-;-;-;-;241,89;-;-;-;-;-;-;-
IDIH27C562200;BRBMEFCIH8K2;FINANCIAL;-;-;-;-;-;-;-;-;-;233,42;-;-;-;-;-;-;-
IDIH27C562300;BRBMEFCIH8L0;FINANCIAL;-;-;-;-;-;-;-;-;-;226,38;-;-;-;-;-;-;-
IDIH27C562400;BRBMEFCIH8M8;FINANCIAL;-;-;-;-;-;-;-;-;-;220,03;-;-;-;-;-;-;-
IDIH27C562500;BRBMEFCIH8N6;FINANCIAL;-;-;-;-;-;-;-;-;-;212,61;-;-;-;-;-;-;-
IDIH27C562600;BRBMEFCIH8O4;FINANCIAL;-;-;-;-;-;-;-;-;-;206,33;-;-;-;-;-;-;-
IDIH27C562700;BRBMEFCIH8P1;FINANCIAL;-;-;-;-;-;-;-;-;-;200,13;-;-;-;-;-;-;-
IDIH27C562800;BRBMEFCIH8Q9;FINANCIAL;-;-;-;-;-;-;-;-;-;193,99;-;-;-;-;-;-;-
IDIH27C562900;BRBMEFCIH8R7;FINANCIAL;-;-;-;-;-;-;-;-;-;188,16;-;-;-;-;-;-;-
IDIH27C563000;BRBMEFCIH8S5;FINANCIAL;-;-;-;-;-;-;-;-;-;182,63;-;-;-;-;-;-;-
IDIH27P560300;BRBMEFVIH811;FINANCIAL;-;-;-;-;-;-;-;-;-;19,39;-;-;-;-;-;-;-
IDIH27P560400;BRBMEFVIH829;FINANCIAL;-;-;-;-;-;-;-;-;-;29,35;-;-;-;-;-;-;-
IDIH27P560500;BRBMEFVIH837;FINANCIAL;-;-;-;-;-;-;-;-;-;44,17;-;-;-;-;-;-;-
IDIH27P560600;BRBMEFVIH845;FINANCIAL;-;-;-;-;-;-;-;-;-;60,66;-;-;-;-;-;-;-
IDIH27P560700;BRBMEFVIH852;FINANCIAL;-;-;-;-;-;-;-;-;-;80,6;-;-;-;-;-;-;-
IDIH27P560800;BRBMEFVIH860;FINANCIAL;-;-;-;-;-;-;-;-;-;104,37;-;-;-;-;-;-;-
IDIH27P560900;BRBMEFVIH878;FINANCIAL;-;-;-;-;-;-;-;-;-;139,19;-;-;-;-;-;-;-
IDIH27P561000;BRBMEFVIH886;FINANCIAL;-;-;-;-;-;-;-;-;-;180,69;-;-;-;-;-;-;-
IDIH27P561100;BRBMEFVIH894;FINANCIAL;-;-;-;-;-;-;-;-;-;231,11;-;-;-;-;-;-;-
IDIH27P561200;BRBMEFVIH8A0;FINANCIAL;-;-;-;-;-;-;-;-;-;285,29;-;-;-;-;-;-;-
IDIH27P561300;BRBMEFVIH8B8;FINANCIAL;-;-;-;-;-;-;-;-;-;346,99;-;-;-;-;-;-;-
IDIH27P561400;BRBMEFVIH8C6;FINANCIAL;-;-;-;-;-;-;-;-;-;411,3;-;-;-;-;-;-;-
IDIH27P561500;BRBMEFVIH8D4;FINANCIAL;-;-;-;-;-;-;-;-;-;476,88;-;-;-;-;-;-;-
IDIH27P561600;BRBMEFVIH8E2;FINANCIAL;-;-;-;-;-;-;-;-;-;547,38;-;-;-;-;-;-;-
IDIH27P561700;BRBMEFVIH8F9;FINANCIAL;-;-;-;-;-;-;-;-;-;624,78;-;-;-;-;-;-;-
IDIH27P561800;BRBMEFVIH8G7;FINANCIAL;-;-;-;-;-;-;-;-;-;703,67;-;-;-;-;-;-;-
IDIH27P561900;BRBMEFVIH8H5;FINANCIAL;-;-;-;-;-;-;-;-;-;783,76;-;-;-;-;-;-;-
IDIH27P562000;BRBMEFVIH8I3;FINANCIAL;-;-;-;-;-;-;-;-;-;867,98;-;-;-;-;-;-;-
IDIH27P562100;BRBMEFVIH8J1;FINANCIAL;-;-;-;-;-;-;-;-;-;954,33;-;-;-;-;-;-;-
IDIH27P562200;BRBMEFVIH8K9;FINANCIAL;-;-;-;-;-;-;-;-;-;1040,28;-;-;-;-;-;-;-
IDIH27P562300;BRBMEFVIH8L7;FINANCIAL;-;-;-;-;-;-;-;-;-;1127,65;-;-;-;-;-;-;-
IDIH27P562400;BRBMEFVIH8M5;FINANCIAL;-;-;-;-;-;-;-;-;-;1215,71;-;-;-;-;-;-;-
IDIH27P562500;BRBMEFVIH8N3;FINANCIAL;-;-;-;-;-;-;-;-;-;1302,71;-;-;-;-;-;-;-
IDIH27P562600;BRBMEFVIH8O1;FINANCIAL;-;-;-;-;-;-;-;-;-;1390,84;-;-;-;-;-;-;-
IDIH27P562700;BRBMEFVIH8P8;FINANCIAL;-;-;-;-;-;-;-;-;-;1479,05;-;-;-;-;-;-;-
IDIH27P562800;BRBMEFVIH8Q6;FINANCIAL;-;-;-;-;-;-;-;-;-;1567,32;-;-;-;-;-;-;-
IDIH27P562900;BRBMEFVIH8R4;FINANCIAL;-;-;-;-;-;-;-;-;-;1655,91;-;-;-;-;-;-;-
IDIH27P563000;BRBMEFVIH8S2;FINANCIAL;-;-;-;-;-;-;-;-;-;1744,78;-;-;-;-;-;-;-
IDIJ27C566400;BRBMEFCIJUD7;FINANCIAL;-;-;-;-;-;-;-;-;-;1223,6;-;-;-;-;-;-;-
IDIJ27C566500;BRBMEFCIJUE5;FINANCIAL;-;-;-;-;-;-;-;-;-;1149,49;-;-;-;-;-;-;-
IDIJ27C566600;BRBMEFCIJUF2;FINANCIAL;-;-;-;-;-;-;-;-;-;1077,3;-;-;-;-;-;-;-
IDIJ27C566700;BRBMEFCIJUG0;FINANCIAL;-;-;-;-;-;-;-;-;-;1007,84;-;-;-;-;-;-;-
IDIJ27C566800;BRBMEFCIJUH8;FINANCIAL;-;-;-;-;-;-;-;-;-;943,01;-;-;-;-;-;-;-
IDIJ27C566900;BRBMEFCIJUI6;FINANCIAL;-;-;-;-;-;-;-;-;-;885,45;-;-;-;-;-;-;-
IDIJ27C567000;BRBMEFCIJUJ4;FINANCIAL;-;-;-;-;-;-;-;-;-;830,2;-;-;-;-;-;-;-
IDIJ27C567100;BRBMEFCIJUK2;FINANCIAL;-;-;-;-;-;-;-;-;-;780,95;-;-;-;-;-;-;-
IDIJ27C567200;BRBMEFCIJUL0;FINANCIAL;-;-;-;-;-;-;-;-;-;735,6;-;-;-;-;-;-;-
IDIJ27C567300;BRBMEFCIJUM8;FINANCIAL;-;-;-;-;-;-;-;-;-;691,58;-;-;-;-;-;-;-
IDIJ27C567400;BRBMEFCIJUN6;FINANCIAL;-;-;-;-;-;-;-;-;-;650,18;-;-;-;-;-;-;-
IDIJ27C567600;BRBMEFCIJUO4;FINANCIAL;-;-;-;-;-;-;-;-;-;584,05;-;-;-;-;-;-;-
IDIJ27C567700;BRBMEFCIJUP1;FINANCIAL;-;-;-;-;-;-;-;-;-;552,46;-;-;-;-;-;-;-
IDIJ27C567800;BRBMEFCIJUQ9;FINANCIAL;-;-;-;-;-;-;-;-;-;522,34;-;-;-;-;-;-;-
IDIJ27C567900;BRBMEFCIJUR7;FINANCIAL;-;-;-;-;-;-;-;-;-;493,24;-;-;-;-;-;-;-
IDIJ27C568000;BRBMEFCIJUS5;FINANCIAL;-;-;-;-;-;-;-;-;-;470,8;-;-;-;-;-;-;-
IDIJ27C568100;BRBMEFCIJUT3;FINANCIAL;-;-;-;-;-;-;-;-;-;452,16;-;-;-;-;-;-;-
IDIJ27C568200;BRBMEFCIJUU1;FINANCIAL;-;-;-;-;-;-;-;-;-;434,72;-;-;-;-;-;-;-
IDIJ27C568300;BRBMEFCIJUV9;FINANCIAL;-;-;-;-;-;-;-;-;-;418,78;-;-;-;-;-;-;-
IDIJ27C568400;BRBMEFCIJUW7;FINANCIAL;-;-;-;-;-;-;-;-;-;403,65;-;-;-;-;-;-;-
IDIJ27C568500;BRBMEFCIJUX5;FINANCIAL;-;-;-;-;-;-;-;-;-;390,48;-;-;-;-;-;-;-
IDIJ27C568600;BRBMEFCIJUY3;FINANCIAL;-;-;-;-;-;-;-;-;-;380,52;-;-;-;-;-;-;-
IDIJ27C568700;BRBMEFCIJUZ0;FINANCIAL;-;-;-;-;-;-;-;-;-;371,66;-;-;-;-;-;-;-
IDIJ27C568800;BRBMEFCIJV02;FINANCIAL;-;-;-;-;-;-;-;-;-;362,46;-;-;-;-;-;-;-
IDIJ27C568900;BRBMEFCIJV10;FINANCIAL;-;-;-;-;-;-;-;-;-;354,1;-;-;-;-;-;-;-
IDIJ27C569000;BRBMEFCIJV28;FINANCIAL;-;-;-;-;-;-;-;-;-;346,5;-;-;-;-;-;-;-
IDIJ27P566400;BRBMEFVIJUD7;FINANCIAL;106,55;106,55;106,55;106,55;106,55;6,36;-;-;-;92,86;-;-;-;-;4;35.000;3729250
IDIJ27P566500;BRBMEFVIJUE5;FINANCIAL;124,8;124,8;124,8;124,8;124,8;6,68;-;-;-;112,12;-;-;-;-;3;35.000;4368000
IDIJ27P566600;BRBMEFVIJUF2;FINANCIAL;-;-;-;-;-;-;-;-;-;133,3;-;-;-;-;-;-;-
IDIJ27P566700;BRBMEFVIJUG0;FINANCIAL;-;-;-;-;-;-;-;-;-;157,21;-;-;-;-;-;-;-
IDIJ27P566800;BRBMEFVIJUH8;FINANCIAL;-;-;-;-;-;-;-;-;-;185,75;-;-;-;-;-;-;-
IDIJ27P566900;BRBMEFVIJUI6;FINANCIAL;-;-;-;-;-;-;-;-;-;221,56;-;-;-;-;-;-;-
IDIJ27P567000;BRBMEFVIJUJ4;FINANCIAL;-;-;-;-;-;-;-;-;-;259,69;-;-;-;-;-;-;-
IDIJ27P567100;BRBMEFVIJUK2;FINANCIAL;-;-;-;-;-;-;-;-;-;303,8;-;-;-;-;-;-;-
IDIJ27P567200;BRBMEFVIJUL0;FINANCIAL;-;-;-;-;-;-;-;-;-;351,82;-;-;-;-;-;-;-
IDIJ27P567300;BRBMEFVIJUM8;FINANCIAL;-;-;-;-;-;-;-;-;-;401,18;-;-;-;-;-;-;-
IDIJ27P567400;BRBMEFVIJUN6;FINANCIAL;-;-;-;-;-;-;-;-;-;453,15;-;-;-;-;-;-;-
IDIJ27P567600;BRBMEFVIJUO4;FINANCIAL;-;-;-;-;-;-;-;-;-;573,76;-;-;-;-;-;-;-
IDIJ27P567700;BRBMEFVIJUP1;FINANCIAL;-;-;-;-;-;-;-;-;-;635,54;-;-;-;-;-;-;-
IDIJ27P567800;BRBMEFVIJUQ9;FINANCIAL;-;-;-;-;-;-;-;-;-;698,79;-;-;-;-;-;-;-
IDIJ27P567900;BRBMEFVIJUR7;FINANCIAL;-;-;-;-;-;-;-;-;-;763,06;-;-;-;-;-;-;-
IDIJ27P568000;BRBMEFVIJUS5;FINANCIAL;-;-;-;-;-;-;-;-;-;833,99;-;-;-;-;-;-;-
IDIJ27P568100;BRBMEFVIJUT3;FINANCIAL;-;-;-;-;-;-;-;-;-;908,72;-;-;-;-;-;-;-
IDIJ27P568200;BRBMEFVIJUU1;FINANCIAL;-;-;-;-;-;-;-;-;-;984,65;-;-;-;-;-;-;-
IDIJ27P568300;BRBMEFVIJUV9;FINANCIAL;-;-;-;-;-;-;-;-;-;1062,08;-;-;-;-;-;-;-
IDIJ27P568400;BRBMEFVIJUW7;FINANCIAL;-;-;-;-;-;-;-;-;-;1140,32;-;-;-;-;-;-;-
IDIJ27P568500;BRBMEFVIJUX5;FINANCIAL;-;-;-;-;-;-;-;-;-;1220,53;-;-;-;-;-;-;-
IDIJ27P568600;BRBMEFVIJUY3;FINANCIAL;-;-;-;-;-;-;-;-;-;1303,93;-;-;-;-;-;-;-
IDIJ27P568700;BRBMEFVIJUZ0;FINANCIAL;-;-;-;-;-;-;-;-;-;1388,44;-;-;-;-;-;-;-
IDIJ27P568800;BRBMEFVIJV09;FINANCIAL;-;-;-;-;-;-;-;-;-;1472,62;-;-;-;-;-;-;-
IDIJ27P568900;BRBMEFVIJV17;FINANCIAL;-;-;-;-;-;-;-;-;-;1557,63;-;-;-;-;-;-;-
IDIJ27P569000;BRBMEFVIJV25;FINANCIAL;-;-;-;-;-;-;-;-;-;1643,39;-;-;-;-;-;-;-
IDIX26C540100;BRBMEFCIXAG3;FINANCIAL;-;-;-;-;-;-;-;-;-;0,01;-;-;-;-;-;-;-
IDIX26C540200;BRBMEFCIXAH1;FINANCIAL;-;-;-;-;-;-;-;-;-;0,01;-;-;-;-;-;-;-
IDIX26C540300;BRBMEFCIXAI9;FINANCIAL;-;-;-;-;-;-;-;-;-;0,01;-;-;-;-;-;-;-
IDIX26C540400;BRBMEFCIXAJ7;FINANCIAL;-;-;-;-;-;-;-;-;-;0,01;-;-;-;-;-;-;-
IDIX26C540500;BRBMEFCIXAK5;FINANCIAL;-;-;-;-;-;-;-;-;-;0,01;-;-;-;-;-;-;-
IDIX26C540600;BRBMEFCIXAL3;FINANCIAL;-;-;-;-;-;-;-;-;-;0,01;-;-;-;-;-;-;-
IDIX26C540700;BRBMEFCIXAM1;FINANCIAL;-;-;-;-;-;-;-;-;-;0,01;-;-;-;-;-;-;-
IDIX26C540800;BRBMEFCIXAN9;FINANCIAL;-;-;-;-;-;-;-;-;-;0,01;-;-;-;-;-;-;-
IDIX26C540900;BRBMEFCIXAO7;FINANCIAL;-;-;-;-;-;-;-;-;-;0,01;-;-;-;-;-;-;-
IDIX26C541000;BRBMEFCIXAP4;FINANCIAL;-;-;-;-;-;-;-;-;-;0,01;-;-;-;-;-;-;-
IDIX26C541100;BRBMEFCIXAQ2;FINANCIAL;-;-;-;-;-;-;-;-;-;0,01;-;-;-;-;-;-;-
IDIX26C541200;BRBMEFCIXAR0;FINANCIAL;-;-;-;-;-;-;-;-;-;0,01;-;-;-;-;-;-;-
IDIX26C541300;BRBMEFCIXAS8;FINANCIAL;-;-;-;-;-;-;-;-;-;0,01;-;-;-;-;-;-;-
IDIX26C541400;BRBMEFCIXAT6;FINANCIAL;-;-;-;-;-;-;-;-;-;0,01;-;-;-;-;-;-;-
IDIX26C541500;BRBMEFCIXAU4;FINANCIAL;-;-;-;-;-;-;-;-;-;0,01;-;-;-;-;-;-;-
IDIX26C541600;BRBMEFCIXAV2;FINANCIAL;-;-;-;-;-;-;-;-;-;0,01;-;-;-;-;-;-;-
IDIX26C541700;BRBMEFCIXAW0;FINANCIAL;-;-;-;-;-;-;-;-;-;0,01;-;-;-;-;-;-;-
IDIX26C541800;BRBMEFCIXAX8;FINANCIAL;-;-;-;-;-;-;-;-;-;0,01;-;-;-;-;-;-;-
IDIX26C541900;BRBMEFCIXAY6;FINANCIAL;-;-;-;-;-;-;-;-;-;0,01;-;-;-;-;-;-;-
IDIX26C542000;BRBMEFCIXAZ3;FINANCIAL;-;-;-;-;-;-;-;-;-;0,01;-;-;-;-;-;-;-
IDIX26C542100;BRBMEFCIXB08;FINANCIAL;-;-;-;-;-;-;-;-;-;0,01;-;-;-;-;-;-;-
IDIX26C542200;BRBMEFCIXB16;FINANCIAL;-;-;-;-;-;-;-;-;-;0,01;-;-;-;-;-;-;-
IDIX26C542300;BRBMEFCIXB24;FINANCIAL;-;-;-;-;-;-;-;-;-;0,01;-;-;-;-;-;-;-
IDIX26P540100;BRBMEFVIXAJ7;FINANCIAL;-;-;-;-;-;-;-;-;-;577,31;-;-;-;-;-;-;-
IDIX26P540200;BRBMEFVIXAK5;FINANCIAL;-;-;-;-;-;-;-;-;-;675,54;-;-;-;-;-;-;-
IDIX26P540300;BRBMEFVIXAL3;FINANCIAL;-;-;-;-;-;-;-;-;-;773,77;-;-;-;-;-;-;-
IDIX26P540400;BRBMEFVIXAM1;FINANCIAL;-;-;-;-;-;-;-;-;-;872,01;-;-;-;-;-;-;-
IDIX26P540500;BRBMEFVIXAN9;FINANCIAL;-;-;-;-;-;-;-;-;-;970,24;-;-;-;-;-;-;-
IDIX26P540600;BRBMEFVIXAO7;FINANCIAL;-;-;-;-;-;-;-;-;-;1068,47;-;-;-;-;-;-;-
IDIX26P540700;BRBMEFVIXAP4;FINANCIAL;-;-;-;-;-;-;-;-;-;1166,71;-;-;-;-;-;-;-
IDIX26P540800;BRBMEFVIXAQ2;FINANCIAL;-;-;-;-;-;-;-;-;-;1264,94;-;-;-;-;-;-;-
IDIX26P540900;BRBMEFVIXAR0;FINANCIAL;-;-;-;-;-;-;-;-;-;1363,17;-;-;-;-;-;-;-
IDIX26P541000;BRBMEFVIXAS8;FINANCIAL;-;-;-;-;-;-;-;-;-;1461,41;-;-;-;-;-;-;-
IDIX26P541100;BRBMEFVIXAT6;FINANCIAL;-;-;-;-;-;-;-;-;-;1559,64;-;-;-;-;-;-;-
IDIX26P541200;BRBMEFVIXAU4;FINANCIAL;-;-;-;-;-;-;-;-;-;1657,88;-;-;-;-;-;-;-
IDIX26P541300;BRBMEFVIXAV2;FINANCIAL;-;-;-;-;-;-;-;-;-;1756,11;-;-;-;-;-;-;-
IDIX26P541400;BRBMEFVIXAW0;FINANCIAL;-;-;-;-;-;-;-;-;-;1854,34;-;-;-;-;-;-;-
IDIX26P541500;BRBMEFVIXAX8;FINANCIAL;-;-;-;-;-;-;-;-;-;1952,58;-;-;-;-;-;-;-
IDIX26P541600;BRBMEFVIXAY6;FINANCIAL;-;-;-;-;-;-;-;-;-;2050,81;-;-;-;-;-;-;-
IDIX26P541700;BRBMEFVIXAZ3;FINANCIAL;-;-;-;-;-;-;-;-;-;2149,04;-;-;-;-;-;-;-
IDIX26P541800;BRBMEFVIXB05;FINANCIAL;-;-;-;-;-;-;-;-;-;2247,28;-;-;-;-;-;-;-
IDIX26P541900;BRBMEFVIXB13;FINANCIAL;-;-;-;-;-;-;-;-;-;2345,51;-;-;-;-;-;-;-
IDIX26P542000;BRBMEFVIXB21;FINANCIAL;-;-;-;-;-;-;-;-;-;2443,74;-;-;-;-;-;-;-
IDIX26P542100;BRBMEFVIXB39;FINANCIAL;-;-;-;-;-;-;-;-;-;2541,98;-;-;-;-;-;-;-
IDIX26P542200;BRBMEFVIXB47;FINANCIAL;-;-;-;-;-;-;-;-;-;2640,21;-;-;-;-;-;-;-
IDIX26P542300;BRBMEFVIXB54;FINANCIAL;-;-;-;-;-;-;-;-;-;2738,44;-;-;-;-;-;-;-
IDIZ26C544800;BRBMEFCIZ9W3;FINANCIAL;-;-;-;-;-;-;-;-;-;31,5;-;-;-;-;-;-;-
IDIZ26C544900;BRBMEFCIZ9X1;FINANCIAL;-;-;-;-;-;-;-;-;-;22,64;-;-;-;-;-;-;-
IDIZ26C545000;BRBMEFCIZ9Y9;FINANCIAL;-;-;-;-;-;-;-;-;-;17,63;-;-;-;-;-;-;-
IDIZ26C545100;BRBMEFCIZ9Z6;FINANCIAL;-;-;-;-;-;-;-;-;-;11,89;-;-;-;-;-;-;-
IDIZ26C545200;BRBMEFCIZA07;FINANCIAL;-;-;-;-;-;-;-;-;-;7,26;-;-;-;-;-;-;-
IDIZ26C545300;BRBMEFCIZA15;FINANCIAL;-;-;-;-;-;-;-;-;-;4,02;-;-;-;-;-;-;-
IDIZ26C545400;BRBMEFCIZA23;FINANCIAL;-;-;-;-;-;-;-;-;-;0,85;-;-;-;-;-;-;-
IDIZ26C545500;BRBMEFCIZA31;FINANCIAL;-;-;-;-;-;-;-;-;-;0,3;-;-;-;-;-;-;-
IDIZ26C545600;BRBMEFCIZA49;FINANCIAL;-;-;-;-;-;-;-;-;-;0,09;-;-;-;-;-;-;-
IDIZ26C545700;BRBMEFCIZA56;FINANCIAL;-;-;-;-;-;-;-;-;-;0,03;-;-;-;-;-;-;-
IDIZ26C545800;BRBMEFCIZA64;FINANCIAL;-;-;-;-;-;-;-;-;-;0,01;-;-;-;-;-;-;-
IDIZ26C545900;BRBMEFCIZA72;FINANCIAL;-;-;-;-;-;-;-;-;-;0,01;-;-;-;-;-;-;-
IDIZ26P544800;BRBMEFVIZ9W0;FINANCIAL;-;-;-;-;-;-;-;-;-;135,81;-;-;-;-;-;-;-
IDIZ26P544900;BRBMEFVIZ9X8;FINANCIAL;-;-;-;-;-;-;-;-;-;224,24;-;-;-;-;-;-;-
IDIZ26P545000;BRBMEFVIZ9Y6;FINANCIAL;-;-;-;-;-;-;-;-;-;316,53;-;-;-;-;-;-;-
IDIZ26P545100;BRBMEFVIZ9Z3;FINANCIAL;-;-;-;-;-;-;-;-;-;408,09;-;-;-;-;-;-;-
IDIZ26P545200;BRBMEFVIZA04;FINANCIAL;-;-;-;-;-;-;-;-;-;500,76;-;-;-;-;-;-;-
IDIZ26P545300;BRBMEFVIZA12;FINANCIAL;-;-;-;-;-;-;-;-;-;594,82;-;-;-;-;-;-;-
IDIZ26P545400;BRBMEFVIZA20;FINANCIAL;-;-;-;-;-;-;-;-;-;688,95;-;-;-;-;-;-;-
IDIZ26P545500;BRBMEFVIZA38;FINANCIAL;-;-;-;-;-;-;-;-;-;785,7;-;-;-;-;-;-;-
IDIZ26P545600;BRBMEFVIZA46;FINANCIAL;-;-;-;-;-;-;-;-;-;882,79;-;-;-;-;-;-;-
IDIZ26P545700;BRBMEFVIZA53;FINANCIAL;-;-;-;-;-;-;-;-;-;980,02;-;-;-;-;-;-;-
IDIZ26P545800;BRBMEFVIZA61;FINANCIAL;-;-;-;-;-;-;-;-;-;1077,3;-;-;-;-;-;-;-
IDIZ26P545900;BRBMEFVIZA79;FINANCIAL;-;-;-;-;-;-;-;-;-;1174,6;-;-;-;-;-;-;-
IDIF27C552200;BRBMEFCID075;FINANCIAL;-;-;-;-;-;-;-;-;-;11,18;-;-;-;-;-;-;-
IDIF27C552300;BRBMEFCID083;FINANCIAL;-;-;-;-;-;-;-;-;-;8,08;-;-;-;-;-;-;-
IDIF27C552400;BRBMEFCID091;FINANCIAL;-;-;-;-;-;-;-;-;-;5,19;-;-;-;-;-;-;-
IDIF27C552500;BRBMEFCID0A4;FINANCIAL;-;-;-;-;-;-;-;-;-;2,79;-;-;-;-;-;-;-
IDIF27C552700;BRBMEFCID0B2;FINANCIAL;-;-;-;-;-;-;-;-;-;1,2;-;-;-;-;-;-;-
IDIF27C552800;BRBMEFCID0C0;FINANCIAL;-;-;-;-;-;-;-;-;-;0,79;-;-;-;-;-;-;-
IDIF27C552900;BRBMEFCID0D8;FINANCIAL;-;-;-;-;-;-;-;-;-;0,51;-;-;-;-;-;-;-
IDIF27C553000;BRBMEFCID0E6;FINANCIAL;-;-;-;-;-;-;-;-;-;0,33;-;-;-;-;-;-;-
IDIF27C553100;BRBMEFCID0F3;FINANCIAL;-;-;-;-;-;-;-;-;-;0,2;-;-;-;-;-;-;-
IDIF27P552200;BRBMEFFI0072;FINANCIAL;-;-;-;-;-;-;-;-;-;1415,06;-;-;-;-;-;-;-
IDIF27P552300;BRBMEFFI0080;FINANCIAL;-;-;-;-;-;-;-;-;-;1508,19;-;-;-;-;-;-;-
IDIF27P552400;BRBMEFFI0098;FINANCIAL;-;-;-;-;-;-;-;-;-;1601,54;-;-;-;-;-;-;-
IDIF27P552500;BRBMEFFI00A9;FINANCIAL;-;-;-;-;-;-;-;-;-;1695,37;-;-;-;-;-;-;-
IDIF27P552700;BRBMEFFI00B7;FINANCIAL;-;-;-;-;-;-;-;-;-;1886,24;-;-;-;-;-;-;-
IDIF27P552800;BRBMEFFI00C5;FINANCIAL;-;-;-;-;-;-;-;-;-;1982,06;-;-;-;-;-;-;-
IDIF27P552900;BRBMEFFI00D3;FINANCIAL;-;-;-;-;-;-;-;-;-;2078,01;-;-;-;-;-;-;-
IDIF27P553000;BRBMEFFI00E1;FINANCIAL;-;-;-;-;-;-;-;-;-;2174,06;-;-;-;-;-;-;-
IDIF27P553100;BRBMEFFI00F8;FINANCIAL;-;-;-;-;-;-;-;-;-;2270,17;-;-;-;-;-;-;-
D11F27C001000;BRBMEFCD1F59;FINANCIAL;-;-;-;-;-;-;-;-;-;700,99;-;-;-;-;-;-;-
D11F27C001025;BRBMEFCD1F67;FINANCIAL;-;-;-;-;-;-;-;-;-;650,29;-;-;-;-;-;-;-
D11F27C001050;BRBMEFCD1F75;FINANCIAL;-;-;-;-;-;-;-;-;-;599,86;-;-;-;-;-;-;-
D11F27C001075;BRBMEFCD1F83;FINANCIAL;-;-;-;-;-;-;-;-;-;549,82;-;-;-;-;-;-;-
D11F27C001100;BRBMEFCD1F91;FINANCIAL;-;-;-;-;-;-;-;-;-;500,22;-;-;-;-;-;-;-
D11F27C001125;BRBMEFCD1FA0;FINANCIAL;-;-;-;-;-;-;-;-;-;451,24;-;-;-;-;-;-;-
D11F27C001150;BRBMEFCD1FB8;FINANCIAL;-;-;-;-;-;-;-;-;-;403,12;-;-;-;-;-;-;-
D11F27C001175;BRBMEFCD1FC6;FINANCIAL;-;-;-;-;-;-;-;-;-;356,11;-;-;-;-;-;-;-
D11F27C001200;BRBMEFCD1FD4;FINANCIAL;-;-;-;-;-;-;-;-;-;310,55;-;-;-;-;-;-;-
D11F27C001225;BRBMEFCD1FE2;FINANCIAL;-;-;-;-;-;-;-;-;-;267,29;-;-;-;-;-;-;-
D11F27C001250;BRBMEFCD1FF9;FINANCIAL;-;-;-;-;-;-;-;-;-;226,75;-;-;-;-;-;-;-
D11F27C001275;BRBMEFCD1FG7;FINANCIAL;-;-;-;-;-;-;-;-;-;189,27;-;-;-;-;-;-;-
D11F27C001300;BRBMEFCD1FH5;FINANCIAL;-;-;-;-;-;-;-;-;-;155,83;-;-;-;-;-;-;-
D11F27C001325;BRBMEFCD1FI3;FINANCIAL;-;-;-;-;-;-;-;-;-;126,42;-;-;-;-;-;-;-
D11F27C001350;BRBMEFCD1FJ1;FINANCIAL;-;-;-;-;-;-;-;-;-;101,21;-;-;-;-;-;-;-
D11F27C001375;BRBMEFCD1FK9;FINANCIAL;-;-;-;-;-;-;-;-;-;80,12;-;-;-;-;-;-;-
D11F27C001525;BRBMEFCD1FL7;FINANCIAL;-;-;-;-;-;-;-;-;-;17,52;-;-;-;-;-;-;-
D11F27C001550;BRBMEFCD1FM5;FINANCIAL;-;-;-;-;-;-;-;-;-;13,52;-;-;-;-;-;-;-
D11F27C001575;BRBMEFCD1FN3;FINANCIAL;-;-;-;-;-;-;-;-;-;10,61;-;-;-;-;-;-;-
D11F27C001600;BRBMEFCD1FO1;FINANCIAL;-;-;-;-;-;-;-;-;-;8,34;-;-;-;-;-;-;-
D11F27C001625;BRBMEFCD1FP8;FINANCIAL;-;-;-;-;-;-;-;-;-;6,62;-;-;-;-;-;-;-
D11F27C001650;BRBMEFCD1FQ6;FINANCIAL;-;-;-;-;-;-;-;-;-;5,04;-;-;-;-;-;-;-
D11F27C001675;BRBMEFCD1FR4;FINANCIAL;-;-;-;-;-;-;-;-;-;3,86;-;-;-;-;-;-;-
D11F27C001700;BRBMEFCD1FS2;FINANCIAL;-;-;-;-;-;-;-;-;-;2,95;-;-;-;-;-;-;-
D11F27C001725;BRBMEFCD1FT0;FINANCIAL;-;-;-;-;-;-;-;-;-;2,26;-;-;-;-;-;-;-
D11F27C001750;BRBMEFCD1FU8;FINANCIAL;-;-;-;-;-;-;-;-;-;1,74;-;-;-;-;-;-;-
D11F27C001775;BRBMEFCD1FV6;FINANCIAL;-;-;-;-;-;-;-;-;-;1,34;-;-;-;-;-;-;-
D11F27C001800;BRBMEFCD1FW4;FINANCIAL;-;-;-;-;-;-;-;-;-;0,98;-;-;-;-;-;-;-
D11F27P001000;BRBMEFVD1ER4;FINANCIAL;-;-;-;-;-;-;-;-;-;0,1;-;-;-;-;-;-;-
D11F27P001025;BRBMEFVD1ES2;FINANCIAL;-;-;-;-;-;-;-;-;-;0,23;-;-;-;-;-;-;-
D11F27P001050;BRBMEFVD1ET0;FINANCIAL;-;-;-;-;-;-;-;-;-;0,49;-;-;-;-;-;-;-
D11F27P001075;BRBMEFVD1EU8;FINANCIAL;-;-;-;-;-;-;-;-;-;1;-;-;-;-;-;-;-
D11F27P001100;BRBMEFVD1EV6;FINANCIAL;-;-;-;-;-;-;-;-;-;1,8;-;-;-;-;-;-;-
D11F27P001125;BRBMEFVD1EW4;FINANCIAL;-;-;-;-;-;-;-;-;-;3,08;-;-;-;-;-;-;-
D11F27P001150;BRBMEFVD1EX2;FINANCIAL;-;-;-;-;-;-;-;-;-;5,1;-;-;-;-;-;-;-
D11F27P001175;BRBMEFVD1EY0;FINANCIAL;-;-;-;-;-;-;-;-;-;8,08;-;-;-;-;-;-;-
D11F27P001200;BRBMEFVD1EZ7;FINANCIAL;-;-;-;-;-;-;-;-;-;12,36;-;-;-;-;-;-;-
D11F27P001225;BRBMEFVD1F00;FINANCIAL;-;-;-;-;-;-;-;-;-;18,82;-;-;-;-;-;-;-
D11F27P001250;BRBMEFVD1F18;FINANCIAL;-;-;-;-;-;-;-;-;-;27,85;-;-;-;-;-;-;-
D11F27P001275;BRBMEFVD1F26;FINANCIAL;-;-;-;-;-;-;-;-;-;39,82;-;-;-;-;-;-;-
D11F27P001300;BRBMEFVD1F34;FINANCIAL;-;-;-;-;-;-;-;-;-;55,68;-;-;-;-;-;-;-
D11F27P001325;BRBMEFVD1F42;FINANCIAL;-;-;-;-;-;-;-;-;-;75,44;-;-;-;-;-;-;-
D11F27P001350;BRBMEFVD1F59;FINANCIAL;-;-;-;-;-;-;-;-;-;99,27;-;-;-;-;-;-;-
D11F27P001375;BRBMEFVD1F67;FINANCIAL;-;-;-;-;-;-;-;-;-;127,08;-;-;-;-;-;-;-
D11F27P001525;BRBMEFVD1F75;FINANCIAL;-;-;-;-;-;-;-;-;-;355,11;-;-;-;-;-;-;-
D11F27P001550;BRBMEFVD1F83;FINANCIAL;-;-;-;-;-;-;-;-;-;399,1;-;-;-;-;-;-;-
D11F27P001575;BRBMEFVD1F91;FINANCIAL;-;-;-;-;-;-;-;-;-;444,05;-;-;-;-;-;-;-
D11F27P001600;BRBMEFVD1FA7;FINANCIAL;-;-;-;-;-;-;-;-;-;489,51;-;-;-;-;-;-;-
D11F27P001625;BRBMEFVD1FB5;FINANCIAL;-;-;-;-;-;-;-;-;-;535,38;-;-;-;-;-;-;-
D11F27P001650;BRBMEFVD1FC3;FINANCIAL;-;-;-;-;-;-;-;-;-;581,29;-;-;-;-;-;-;-
D11F27P001675;BRBMEFVD1FD1;FINANCIAL;-;-;-;-;-;-;-;-;-;627,45;-;-;-;-;-;-;-
D11F27P001700;BRBMEFVD1FE9;FINANCIAL;-;-;-;-;-;-;-;-;-;673,76;-;-;-;-;-;-;-
D11F27P001725;BRBMEFVD1FF6;FINANCIAL;-;-;-;-;-;-;-;-;-;720,17;-;-;-;-;-;-;-
D11F27P001750;BRBMEFVD1FG4;FINANCIAL;-;-;-;-;-;-;-;-;-;766,62;-;-;-;-;-;-;-
D11F27P001775;BRBMEFVD1FH2;FINANCIAL;-;-;-;-;-;-;-;-;-;813,08;-;-;-;-;-;-;-
D11F27P001800;BRBMEFVD1FI0;FINANCIAL;-;-;-;-;-;-;-;-;-;859,44;-;-;-;-;-;-;-
D11V26C001200;BRBMEFCD1EO4;FINANCIAL;-;-;-;-;-;-;-;-;-;326,76;-;-;-;-;-;-;-
D11V26C001225;BRBMEFCD1EP1;FINANCIAL;-;-;-;-;-;-;-;-;-;273,81;-;-;-;-;-;-;-
D11V26C001250;BRBMEFCD1EQ9;FINANCIAL;-;-;-;-;-;-;-;-;-;221,04;-;-;-;-;-;-;-
D11V26C001275;BRBMEFCD1ER7;FINANCIAL;-;-;-;-;-;-;-;-;-;168,72;-;-;-;-;-;-;-
D11V26C001300;BRBMEFCD1ES5;FINANCIAL;-;-;-;-;-;-;-;-;-;118,02;-;-;-;-;-;-;-
D11V26C001325;BRBMEFCD1ET3;FINANCIAL;-;-;-;-;-;-;-;-;-;72,34;-;-;-;-;-;-;-
D11V26C001350;BRBMEFCD1EU1;FINANCIAL;-;-;-;-;-;-;-;-;-;37,08;-;-;-;-;-;-;-
D11V26C001375;BRBMEFCD1EV9;FINANCIAL;-;-;-;-;-;-;-;-;-;15,48;-;-;-;-;-;-;-
D11V26C001400;BRBMEFCD1EW7;FINANCIAL;-;-;-;-;-;-;-;-;-;5,29;-;-;-;-;-;-;-
D11V26C001425;BRBMEFCD1EX5;FINANCIAL;-;-;-;-;-;-;-;-;-;1,56;-;-;-;-;-;-;-
D11V26C001450;BRBMEFCD1EY3;FINANCIAL;-;-;-;-;-;-;-;-;-;0,37;-;-;-;-;-;-;-
D11V26C001475;BRBMEFCD1EZ0;FINANCIAL;-;-;-;-;-;-;-;-;-;0,07;-;-;-;-;-;-;-
D11V26C001500;BRBMEFCD1F00;FINANCIAL;-;-;-;-;-;-;-;-;-;0,01;-;-;-;-;-;-;-
D11V26C001525;BRBMEFCD1F18;FINANCIAL;-;-;-;-;-;-;-;-;-;0,01;-;-;-;-;-;-;-
D11V26C001550;BRBMEFCD1F26;FINANCIAL;-;-;-;-;-;-;-;-;-;0,01;-;-;-;-;-;-;-
D11V26C001575;BRBMEFCD1F34;FINANCIAL;-;-;-;-;-;-;-;-;-;0,01;-;-;-;-;-;-;-
D11V26C001600;BRBMEFCD1F42;FINANCIAL;-;-;-;-;-;-;-;-;-;0,01;-;-;-;-;-;-;-
D11V26P001200;BRBMEFVD1EA0;FINANCIAL;-;-;-;-;-;-;-;-;-;0,01;-;-;-;-;-;-;-
D11V26P001225;BRBMEFVD1EB8;FINANCIAL;-;-;-;-;-;-;-;-;-;0,01;-;-;-;-;-;-;-
D11V26P001250;BRBMEFVD1EC6;FINANCIAL;-;-;-;-;-;-;-;-;-;0,04;-;-;-;-;-;-;-
D11V26P001275;BRBMEFVD1ED4;FINANCIAL;-;-;-;-;-;-;-;-;-;0,38;-;-;-;-;-;-;-
D11V26P001300;BRBMEFVD1EE2;FINANCIAL;-;-;-;-;-;-;-;-;-;2,2;-;-;-;-;-;-;-
D11V26P001325;BRBMEFVD1EF9;FINANCIAL;-;-;-;-;-;-;-;-;-;8,89;-;-;-;-;-;-;-
D11V26P001350;BRBMEFVD1EG7;FINANCIAL;-;-;-;-;-;-;-;-;-;25,86;-;-;-;-;-;-;-
D11V26P001375;BRBMEFVD1EH5;FINANCIAL;-;-;-;-;-;-;-;-;-;56,34;-;-;-;-;-;-;-
D11V26P001400;BRBMEFVD1EI3;FINANCIAL;-;-;-;-;-;-;-;-;-;98,1;-;-;-;-;-;-;-
D11V26P001425;BRBMEFVD1EJ1;FINANCIAL;-;-;-;-;-;-;-;-;-;146,16;-;-;-;-;-;-;-
D11V26P001450;BRBMEFVD1EK9;FINANCIAL;-;-;-;-;-;-;-;-;-;196,64;-;-;-;-;-;-;-
D11V26P001475;BRBMEFVD1EL7;FINANCIAL;-;-;-;-;-;-;-;-;-;247,85;-;-;-;-;-;-;-
D11V26P001500;BRBMEFVD1EM5;FINANCIAL;-;-;-;-;-;-;-;-;-;299,17;-;-;-;-;-;-;-
D11V26P001525;BRBMEFVD1EN3;FINANCIAL;-;-;-;-;-;-;-;-;-;350,4;-;-;-;-;-;-;-
D11V26P001550;BRBMEFVD1EO1;FINANCIAL;-;-;-;-;-;-;-;-;-;401,5;-;-;-;-;-;-;-
D11V26P001575;BRBMEFVD1EP8;FINANCIAL;-;-;-;-;-;-;-;-;-;452,46;-;-;-;-;-;-;-
D11V26P001600;BRBMEFVD1EQ6;FINANCIAL;-;-;-;-;-;-;-;-;-;503,29;-;-;-;-;-;-;-
D12F27C001000;BRBMEFCD2VZ2;FINANCIAL;-;-;-;-;-;-;-;-;-;1421,09;-;-;-;-;-;-;-
D12F27C001025;BRBMEFCD2W08;FINANCIAL;-;-;-;-;-;-;-;-;-;1319,91;-;-;-;-;-;-;-
D12F27C001050;BRBMEFCD2W16;FINANCIAL;-;-;-;-;-;-;-;-;-;1219,53;-;-;-;-;-;-;-
D12F27C001075;BRBMEFCD2W24;FINANCIAL;-;-;-;-;-;-;-;-;-;1120,06;-;-;-;-;-;-;-
D12F27C001100;BRBMEFCD2W32;FINANCIAL;-;-;-;-;-;-;-;-;-;1021,8;-;-;-;-;-;-;-
D12F27C001125;BRBMEFCD2W40;FINANCIAL;-;-;-;-;-;-;-;-;-;925,17;-;-;-;-;-;-;-
D12F27C001150;BRBMEFCD2W57;FINANCIAL;-;-;-;-;-;-;-;-;-;830,65;-;-;-;-;-;-;-
D12F27C001175;BRBMEFCD2W65;FINANCIAL;-;-;-;-;-;-;-;-;-;738,68;-;-;-;-;-;-;-
D12F27C001200;BRBMEFCD2W73;FINANCIAL;-;-;-;-;-;-;-;-;-;650,37;-;-;-;-;-;-;-
D12F27C001225;BRBMEFCD2W81;FINANCIAL;-;-;-;-;-;-;-;-;-;566,97;-;-;-;-;-;-;-
D12F27C001250;BRBMEFCD2W99;FINANCIAL;-;-;-;-;-;-;-;-;-;488,75;-;-;-;-;-;-;-
D12F27C001275;BRBMEFCD2WA3;FINANCIAL;-;-;-;-;-;-;-;-;-;416,57;-;-;-;-;-;-;-
D12F27C001300;BRBMEFCD2WB1;FINANCIAL;-;-;-;-;-;-;-;-;-;351,92;-;-;-;-;-;-;-
D12F27C001325;BRBMEFCD2WC9;FINANCIAL;-;-;-;-;-;-;-;-;-;294,16;-;-;-;-;-;-;-
D12F27C001350;BRBMEFCD2WD7;FINANCIAL;-;-;-;-;-;-;-;-;-;243,82;-;-;-;-;-;-;-
D12F27C001375;BRBMEFCD2WE5;FINANCIAL;-;-;-;-;-;-;-;-;-;200,48;-;-;-;-;-;-;-
D12F27C001400;BRBMEFCD2WF2;FINANCIAL;-;-;-;-;-;-;-;-;-;163,71;-;-;-;-;-;-;-
D12F27C001425;BRBMEFCD2WG0;FINANCIAL;-;-;-;-;-;-;-;-;-;133,09;-;-;-;-;-;-;-
D12F27C001450;BRBMEFCD2WH8;FINANCIAL;-;-;-;-;-;-;-;-;-;108,11;-;-;-;-;-;-;-
D12F27C001475;BRBMEFCD2WI6;FINANCIAL;-;-;-;-;-;-;-;-;-;87,52;-;-;-;-;-;-;-
D12F27C001500;BRBMEFCD2WJ4;FINANCIAL;-;-;-;-;-;-;-;-;-;70,76;-;-;-;-;-;-;-
D12F27C001525;BRBMEFCD2WK2;FINANCIAL;-;-;-;-;-;-;-;-;-;57,2;-;-;-;-;-;-;-
D12F27C001550;BRBMEFCD2WL0;FINANCIAL;-;-;-;-;-;-;-;-;-;46,21;-;-;-;-;-;-;-
D12F27C001575;BRBMEFCD2WM8;FINANCIAL;-;-;-;-;-;-;-;-;-;37,34;-;-;-;-;-;-;-
D12F27C001600;BRBMEFCD2WN6;FINANCIAL;-;-;-;-;-;-;-;-;-;30,3;-;-;-;-;-;-;-
D12F27C001625;BRBMEFCD2WO4;FINANCIAL;-;-;-;-;-;-;-;-;-;24,88;-;-;-;-;-;-;-
D12F27C001650;BRBMEFCD2WP1;FINANCIAL;-;-;-;-;-;-;-;-;-;20,58;-;-;-;-;-;-;-
D12F27C001675;BRBMEFCD2WQ9;FINANCIAL;-;-;-;-;-;-;-;-;-;17,06;-;-;-;-;-;-;-
D12F27C001700;BRBMEFCD2WR7;FINANCIAL;-;-;-;-;-;-;-;-;-;14,02;-;-;-;-;-;-;-
D12F27C001725;BRBMEFCD2WS5;FINANCIAL;-;-;-;-;-;-;-;-;-;11,28;-;-;-;-;-;-;-
D12F27C001750;BRBMEFCD2WT3;FINANCIAL;-;-;-;-;-;-;-;-;-;9,09;-;-;-;-;-;-;-
D12F27C001775;BRBMEFCD2WU1;FINANCIAL;-;-;-;-;-;-;-;-;-;7,33;-;-;-;-;-;-;-
D12F27C001800;BRBMEFCD2WV9;FINANCIAL;-;-;-;-;-;-;-;-;-;5,94;-;-;-;-;-;-;-
D12F27P001000;BRBMEFVD2VL9;FINANCIAL;-;-;-;-;-;-;-;-;-;0,52;-;-;-;-;-;-;-
D12F27P001025;BRBMEFVD2VM7;FINANCIAL;-;-;-;-;-;-;-;-;-;1,07;-;-;-;-;-;-;-
D12F27P001050;BRBMEFVD2VN5;FINANCIAL;-;-;-;-;-;-;-;-;-;2,07;-;-;-;-;-;-;-
D12F27P001075;BRBMEFVD2VO3;FINANCIAL;-;-;-;-;-;-;-;-;-;3,65;-;-;-;-;-;-;-
D12F27P001100;BRBMEFVD2VP0;FINANCIAL;-;-;-;-;-;-;-;-;-;6,09;-;-;-;-;-;-;-
D12F27P001125;BRBMEFVD2VQ8;FINANCIAL;-;-;-;-;-;-;-;-;-;9,82;-;-;-;-;-;-;-
D12F27P001150;BRBMEFVD2VR6;FINANCIAL;-;-;-;-;-;-;-;-;-;15,33;-;-;-;-;-;-;-
D12F27P001175;BRBMEFVD2VS4;FINANCIAL;-;-;-;-;-;-;-;-;-;23,06;-;-;-;-;-;-;-
D12F27P001200;BRBMEFVD2VT2;FINANCIAL;-;-;-;-;-;-;-;-;-;34,11;-;-;-;-;-;-;-
D12F27P001225;BRBMEFVD2VU0;FINANCIAL;-;-;-;-;-;-;-;-;-;49,75;-;-;-;-;-;-;-
D12F27P001250;BRBMEFVD2VV8;FINANCIAL;-;-;-;-;-;-;-;-;-;70,24;-;-;-;-;-;-;-
D12F27P001275;BRBMEFVD2VW6;FINANCIAL;-;-;-;-;-;-;-;-;-;96,44;-;-;-;-;-;-;-
D12F27P001300;BRBMEFVD2VX4;FINANCIAL;-;-;-;-;-;-;-;-;-;129,85;-;-;-;-;-;-;-
D12F27P001325;BRBMEFVD2VY2;FINANCIAL;-;-;-;-;-;-;-;-;-;169,83;-;-;-;-;-;-;-
D12F27P001350;BRBMEFVD2VZ9;FINANCIAL;-;-;-;-;-;-;-;-;-;216,91;-;-;-;-;-;-;-
D12F27P001375;BRBMEFVD2W08;FINANCIAL;-;-;-;-;-;-;-;-;-;270,66;-;-;-;-;-;-;-
D12F27P001400;BRBMEFVD2W16;FINANCIAL;-;-;-;-;-;-;-;-;-;330,68;-;-;-;-;-;-;-
D12F27P001425;BRBMEFVD2W24;FINANCIAL;-;-;-;-;-;-;-;-;-;396,51;-;-;-;-;-;-;-
D12F27P001450;BRBMEFVD2W32;FINANCIAL;-;-;-;-;-;-;-;-;-;467,69;-;-;-;-;-;-;-
D12F27P001475;BRBMEFVD2W40;FINANCIAL;-;-;-;-;-;-;-;-;-;542,94;-;-;-;-;-;-;-
D12F27P001500;BRBMEFVD2W57;FINANCIAL;-;-;-;-;-;-;-;-;-;621,71;-;-;-;-;-;-;-
D12F27P001525;BRBMEFVD2W65;FINANCIAL;-;-;-;-;-;-;-;-;-;703,37;-;-;-;-;-;-;-
D12F27P001550;BRBMEFVD2W73;FINANCIAL;-;-;-;-;-;-;-;-;-;787,29;-;-;-;-;-;-;-
D12F27P001575;BRBMEFVD2W81;FINANCIAL;-;-;-;-;-;-;-;-;-;873,03;-;-;-;-;-;-;-
D12F27P001600;BRBMEFVD2W99;FINANCIAL;-;-;-;-;-;-;-;-;-;960,3;-;-;-;-;-;-;-
D12F27P001625;BRBMEFVD2WA0;FINANCIAL;-;-;-;-;-;-;-;-;-;1048,88;-;-;-;-;-;-;-
D12F27P001650;BRBMEFVD2WB8;FINANCIAL;-;-;-;-;-;-;-;-;-;1138,28;-;-;-;-;-;-;-
D12F27P001675;BRBMEFVD2WC6;FINANCIAL;-;-;-;-;-;-;-;-;-;1228,17;-;-;-;-;-;-;-
D12F27P001700;BRBMEFVD2WD4;FINANCIAL;-;-;-;-;-;-;-;-;-;1318,23;-;-;-;-;-;-;-
D12F27P001725;BRBMEFVD2WE2;FINANCIAL;-;-;-;-;-;-;-;-;-;1408,31;-;-;-;-;-;-;-
D12F27P001750;BRBMEFVD2WF9;FINANCIAL;-;-;-;-;-;-;-;-;-;1498,63;-;-;-;-;-;-;-
D12F27P001775;BRBMEFVD2WG7;FINANCIAL;-;-;-;-;-;-;-;-;-;1589,1;-;-;-;-;-;-;-
D12F27P001800;BRBMEFVD2WH5;FINANCIAL;-;-;-;-;-;-;-;-;-;1679,64;-;-;-;-;-;-;-
D12V26C001200;BRBMEFCD2VI8;FINANCIAL;-;-;-;-;-;-;-;-;-;616,26;-;-;-;-;-;-;-
D12V26C001225;BRBMEFCD2VJ6;FINANCIAL;-;-;-;-;-;-;-;-;-;514,99;-;-;-;-;-;-;-
D12V26C001250;BRBMEFCD2VK4;FINANCIAL;-;-;-;-;-;-;-;-;-;414,62;-;-;-;-;-;-;-
D12V26C001275;BRBMEFCD2VL2;FINANCIAL;-;-;-;-;-;-;-;-;-;316,75;-;-;-;-;-;-;-
D12V26C001300;BRBMEFCD2VM0;FINANCIAL;-;-;-;-;-;-;-;-;-;225,15;-;-;-;-;-;-;-
D12V26C001325;BRBMEFCD2VN8;FINANCIAL;-;-;-;-;-;-;-;-;-;145,94;-;-;-;-;-;-;-
D12V26C001350;BRBMEFCD2VO6;FINANCIAL;-;-;-;-;-;-;-;-;-;85,09;-;-;-;-;-;-;-
D12V26C001375;BRBMEFCD2VP3;FINANCIAL;-;-;-;-;-;-;-;-;-;44,26;-;-;-;-;-;-;-
D12V26C001400;BRBMEFCD2VQ1;FINANCIAL;-;-;-;-;-;-;-;-;-;20,77;-;-;-;-;-;-;-
D12V26C001425;BRBMEFCD2VR9;FINANCIAL;-;-;-;-;-;-;-;-;-;8,84;-;-;-;-;-;-;-
D12V26C001450;BRBMEFCD2VS7;FINANCIAL;-;-;-;-;-;-;-;-;-;3,56;-;-;-;-;-;-;-
D12V26C001475;BRBMEFCD2VT5;FINANCIAL;-;-;-;-;-;-;-;-;-;1,28;-;-;-;-;-;-;-
D12V26C001500;BRBMEFCD2VU3;FINANCIAL;-;-;-;-;-;-;-;-;-;0,4;-;-;-;-;-;-;-
D12V26C001525;BRBMEFCD2VV1;FINANCIAL;-;-;-;-;-;-;-;-;-;0,1;-;-;-;-;-;-;-
D12V26C001550;BRBMEFCD2VW9;FINANCIAL;-;-;-;-;-;-;-;-;-;0,02;-;-;-;-;-;-;-
D12V26C001575;BRBMEFCD2VX7;FINANCIAL;-;-;-;-;-;-;-;-;-;0,01;-;-;-;-;-;-;-
D12V26C001600;BRBMEFCD2VY5;FINANCIAL;-;-;-;-;-;-;-;-;-;0,01;-;-;-;-;-;-;-
D12V26P001200;BRBMEFVD2V41;FINANCIAL;-;-;-;-;-;-;-;-;-;0,02;-;-;-;-;-;-;-
D12V26P001225;BRBMEFVD2V58;FINANCIAL;-;-;-;-;-;-;-;-;-;0,14;-;-;-;-;-;-;-
D12V26P001250;BRBMEFVD2V66;FINANCIAL;-;-;-;-;-;-;-;-;-;0,84;-;-;-;-;-;-;-
D12V26P001275;BRBMEFVD2V74;FINANCIAL;-;-;-;-;-;-;-;-;-;3,7;-;-;-;-;-;-;-
D12V26P001300;BRBMEFVD2V82;FINANCIAL;-;-;-;-;-;-;-;-;-;12,5;-;-;-;-;-;-;-
D12V26P001325;BRBMEFVD2V90;FINANCIAL;-;-;-;-;-;-;-;-;-;33,36;-;-;-;-;-;-;-
D12V26P001350;BRBMEFVD2VA2;FINANCIAL;-;-;-;-;-;-;-;-;-;72,25;-;-;-;-;-;-;-
D12V26P001375;BRBMEFVD2VB0;FINANCIAL;-;-;-;-;-;-;-;-;-;130,84;-;-;-;-;-;-;-
D12V26P001400;BRBMEFVD2VC8;FINANCIAL;-;-;-;-;-;-;-;-;-;206,45;-;-;-;-;-;-;-
D12V26P001425;BRBMEFVD2VD6;FINANCIAL;-;-;-;-;-;-;-;-;-;293,29;-;-;-;-;-;-;-
D12V26P001450;BRBMEFVD2VE4;FINANCIAL;-;-;-;-;-;-;-;-;-;386,46;-;-;-;-;-;-;-
D12V26P001475;BRBMEFVD2VF1;FINANCIAL;-;-;-;-;-;-;-;-;-;482,31;-;-;-;-;-;-;-
D12V26P001500;BRBMEFVD2VG9;FINANCIAL;-;-;-;-;-;-;-;-;-;579,25;-;-;-;-;-;-;-
D12V26P001525;BRBMEFVD2VH7;FINANCIAL;-;-;-;-;-;-;-;-;-;676,46;-;-;-;-;-;-;-
D12V26P001550;BRBMEFVD2VI5;FINANCIAL;-;-;-;-;-;-;-;-;-;773,56;-;-;-;-;-;-;-
D12V26P001575;BRBMEFVD2VJ3;FINANCIAL;-;-;-;-;-;-;-;-;-;870,42;-;-;-;-;-;-;-
D12V26P001600;BRBMEFVD2VK1;FINANCIAL;-;-;-;-;-;-;-;-;-;966,98;-;-;-;-;-;-;-
D13V26C001200;BRBMEFD301M5;FINANCIAL;-;-;-;-;-;-;-;-;-;1239,27;-;-;-;-;-;-;-
D13V26C001225;BRBMEFD301N3;FINANCIAL;-;-;-;-;-;-;-;-;-;1044,26;-;-;-;-;-;-;-
D13V26C001250;BRBMEFD301O1;FINANCIAL;-;-;-;-;-;-;-;-;-;852,39;-;-;-;-;-;-;-
D13V26C001275;BRBMEFD301P8;FINANCIAL;-;-;-;-;-;-;-;-;-;667,03;-;-;-;-;-;-;-
D13V26C001300;BRBMEFD301Q6;FINANCIAL;-;-;-;-;-;-;-;-;-;494,79;-;-;-;-;-;-;-
D13V26C001325;BRBMEFD301R4;FINANCIAL;-;-;-;-;-;-;-;-;-;344,63;-;-;-;-;-;-;-
D13V26C001350;BRBMEFD301S2;FINANCIAL;-;-;-;-;-;-;-;-;-;224,76;-;-;-;-;-;-;-
D13V26C001375;BRBMEFD301T0;FINANCIAL;-;-;-;-;-;-;-;-;-;137,61;-;-;-;-;-;-;-
D13V26C001400;BRBMEFD301U8;FINANCIAL;-;-;-;-;-;-;-;-;-;79,8;-;-;-;-;-;-;-
D13V26C001425;BRBMEFD301V6;FINANCIAL;-;-;-;-;-;-;-;-;-;44,42;-;-;-;-;-;-;-
D13V26C001450;BRBMEFD301W4;FINANCIAL;-;-;-;-;-;-;-;-;-;24;-;-;-;-;-;-;-
D13V26C001475;BRBMEFD301X2;FINANCIAL;-;-;-;-;-;-;-;-;-;13,34;-;-;-;-;-;-;-
D13V26C001500;BRBMEFD301Y0;FINANCIAL;-;-;-;-;-;-;-;-;-;7,08;-;-;-;-;-;-;-
D13V26C001525;BRBMEFD301Z7;FINANCIAL;-;-;-;-;-;-;-;-;-;3,61;-;-;-;-;-;-;-
D13V26C001550;BRBMEFD30208;FINANCIAL;-;-;-;-;-;-;-;-;-;1,82;-;-;-;-;-;-;-
D13V26C001575;BRBMEFD30216;FINANCIAL;-;-;-;-;-;-;-;-;-;0,75;-;-;-;-;-;-;-
D13V26C001600;BRBMEFD30224;FINANCIAL;-;-;-;-;-;-;-;-;-;0,29;-;-;-;-;-;-;-
D13V26P001200;BRBMEFP30129;FINANCIAL;-;-;-;-;-;-;-;-;-;0,3;-;-;-;-;-;-;-
D13V26P001225;BRBMEFP30137;FINANCIAL;-;-;-;-;-;-;-;-;-;1,33;-;-;-;-;-;-;-
D13V26P001250;BRBMEFP30145;FINANCIAL;-;-;-;-;-;-;-;-;-;4,65;-;-;-;-;-;-;-
D13V26P001275;BRBMEFP30152;FINANCIAL;-;-;-;-;-;-;-;-;-;13,61;-;-;-;-;-;-;-
D13V26P001300;BRBMEFP30160;FINANCIAL;-;-;-;-;-;-;-;-;-;34,83;-;-;-;-;-;-;-
D13V26P001325;BRBMEFP30178;FINANCIAL;-;-;-;-;-;-;-;-;-;77,28;-;-;-;-;-;-;-
D13V26P001350;BRBMEFP30186;FINANCIAL;-;-;-;-;-;-;-;-;-;149,18;-;-;-;-;-;-;-
D13V26P001375;BRBMEFP30194;FINANCIAL;-;-;-;-;-;-;-;-;-;252,96;-;-;-;-;-;-;-
D13V26P001400;BRBMEFP301A6;FINANCIAL;-;-;-;-;-;-;-;-;-;385,24;-;-;-;-;-;-;-
D13V26P001425;BRBMEFP301B4;FINANCIAL;-;-;-;-;-;-;-;-;-;539,12;-;-;-;-;-;-;-
D13V26P001450;BRBMEFP301C2;FINANCIAL;-;-;-;-;-;-;-;-;-;707,14;-;-;-;-;-;-;-
D13V26P001475;BRBMEFP301D0;FINANCIAL;-;-;-;-;-;-;-;-;-;884,1;-;-;-;-;-;-;-
D13V26P001500;BRBMEFP301E8;FINANCIAL;-;-;-;-;-;-;-;-;-;1064,65;-;-;-;-;-;-;-
D13V26P001525;BRBMEFP301F5;FINANCIAL;-;-;-;-;-;-;-;-;-;1247,19;-;-;-;-;-;-;-
D13V26P001550;BRBMEFP301G3;FINANCIAL;-;-;-;-;-;-;-;-;-;1430,6;-;-;-;-;-;-;-
D13V26P001575;BRBMEFP301H1;FINANCIAL;-;-;-;-;-;-;-;-;-;1613,93;-;-;-;-;-;-;-
D13V26P001600;BRBMEFP301I9;FINANCIAL;-;-;-;-;-;-;-;-;-;1797,09;-;-;-;-;-;-;-
D14V26C001250;BRBMEFC14410;FINANCIAL;-;-;-;-;-;-;-;-;-;1057,33;-;-;-;-;-;-;-
D14V26C001275;BRBMEFC14428;FINANCIAL;-;-;-;-;-;-;-;-;-;833,78;-;-;-;-;-;-;-
D14V26C001300;BRBMEFC14436;FINANCIAL;-;-;-;-;-;-;-;-;-;626,62;-;-;-;-;-;-;-
D14V26C001325;BRBMEFC14444;FINANCIAL;-;-;-;-;-;-;-;-;-;445,58;-;-;-;-;-;-;-
D14V26C001350;BRBMEFC14451;FINANCIAL;-;-;-;-;-;-;-;-;-;299,94;-;-;-;-;-;-;-
D14V26C001375;BRBMEFC14469;FINANCIAL;-;-;-;-;-;-;-;-;-;192,14;-;-;-;-;-;-;-
D14V26C001400;BRBMEFC14477;FINANCIAL;-;-;-;-;-;-;-;-;-;118,34;-;-;-;-;-;-;-
D14V26C001425;BRBMEFC14485;FINANCIAL;-;-;-;-;-;-;-;-;-;71;-;-;-;-;-;-;-
D14V26C001450;BRBMEFC14493;FINANCIAL;-;-;-;-;-;-;-;-;-;42,1;-;-;-;-;-;-;-
D14V26C001475;BRBMEFC144A5;FINANCIAL;-;-;-;-;-;-;-;-;-;25,35;-;-;-;-;-;-;-
D14V26C001500;BRBMEFC144B3;FINANCIAL;-;-;-;-;-;-;-;-;-;15,92;-;-;-;-;-;-;-
D14V26C001525;BRBMEFC144C1;FINANCIAL;-;-;-;-;-;-;-;-;-;9,39;-;-;-;-;-;-;-
D14V26C001550;BRBMEFC144D9;FINANCIAL;-;-;-;-;-;-;-;-;-;5,49;-;-;-;-;-;-;-
D14V26C001575;BRBMEFC144E7;FINANCIAL;-;-;-;-;-;-;-;-;-;3,23;-;-;-;-;-;-;-
D14V26C001600;BRBMEFC144F4;FINANCIAL;-;-;-;-;-;-;-;-;-;1,69;-;-;-;-;-;-;-
D14V26P001250;BRBMEFV14410;FINANCIAL;-;-;-;-;-;-;-;-;-;8,29;-;-;-;-;-;-;-
D14V26P001275;BRBMEFV14428;FINANCIAL;-;-;-;-;-;-;-;-;-;20,89;-;-;-;-;-;-;-
D14V26P001300;BRBMEFV14436;FINANCIAL;-;-;-;-;-;-;-;-;-;48,73;-;-;-;-;-;-;-
D14V26P001325;BRBMEFV14444;FINANCIAL;-;-;-;-;-;-;-;-;-;101,52;-;-;-;-;-;-;-
D14V26P001350;BRBMEFV14451;FINANCIAL;-;-;-;-;-;-;-;-;-;188,55;-;-;-;-;-;-;-
D14V26P001375;BRBMEFV14469;FINANCIAL;-;-;-;-;-;-;-;-;-;312,29;-;-;-;-;-;-;-
D14V26P001400;BRBMEFV14477;FINANCIAL;-;-;-;-;-;-;-;-;-;468,87;-;-;-;-;-;-;-
D14V26P001425;BRBMEFV14485;FINANCIAL;-;-;-;-;-;-;-;-;-;650,8;-;-;-;-;-;-;-
D14V26P001450;BRBMEFV14493;FINANCIAL;-;-;-;-;-;-;-;-;-;850,03;-;-;-;-;-;-;-
D14V26P001475;BRBMEFV144A2;FINANCIAL;-;-;-;-;-;-;-;-;-;1060,3;-;-;-;-;-;-;-
D14V26P001500;BRBMEFV144B0;FINANCIAL;-;-;-;-;-;-;-;-;-;1276,79;-;-;-;-;-;-;-
D14V26P001525;BRBMEFV144C8;FINANCIAL;-;-;-;-;-;-;-;-;-;1495,08;-;-;-;-;-;-;-
D14V26P001550;BRBMEFV144D6;FINANCIAL;-;-;-;-;-;-;-;-;-;1714,91;-;-;-;-;-;-;-
D14V26P001575;BRBMEFV144E4;FINANCIAL;-;-;-;-;-;-;-;-;-;1935,3;-;-;-;-;-;-;-
D14V26P001600;BRBMEFV144F1;FINANCIAL;-;-;-;-;-;-;-;-;-;2155,32;-;-;-;-;-;-;-
D15V26C001250;BRBMEFCI56Y8;FINANCIAL;-;-;-;-;-;-;-;-;-;1998,9;-;-;-;-;-;-;-
D15V26C001275;BRBMEFCI56Z5;FINANCIAL;-;-;-;-;-;-;-;-;-;1628,39;-;-;-;-;-;-;-
D15V26C001300;BRBMEFCI5702;FINANCIAL;-;-;-;-;-;-;-;-;-;1269,15;-;-;-;-;-;-;-
D15V26C001325;BRBMEFCI5710;FINANCIAL;-;-;-;-;-;-;-;-;-;931,73;-;-;-;-;-;-;-
D15V26C001350;BRBMEFCI5728;FINANCIAL;-;-;-;-;-;-;-;-;-;635,9;-;-;-;-;-;-;-
D15V26C001375;BRBMEFCI5736;FINANCIAL;-;-;-;-;-;-;-;-;-;401,27;-;-;-;-;-;-;-
D15V26C001400;BRBMEFCI5744;FINANCIAL;-;-;-;-;-;-;-;-;-;235,82;-;-;-;-;-;-;-
D15V26C001425;BRBMEFCI5751;FINANCIAL;-;-;-;-;-;-;-;-;-;130,45;-;-;-;-;-;-;-
D15V26C001450;BRBMEFCI5769;FINANCIAL;-;-;-;-;-;-;-;-;-;70,24;-;-;-;-;-;-;-
D15V26C001475;BRBMEFCI5777;FINANCIAL;-;-;-;-;-;-;-;-;-;37,72;-;-;-;-;-;-;-
D15V26C001500;BRBMEFCI5785;FINANCIAL;-;-;-;-;-;-;-;-;-;22,32;-;-;-;-;-;-;-
D15V26C001525;BRBMEFCI5793;FINANCIAL;-;-;-;-;-;-;-;-;-;12,33;-;-;-;-;-;-;-
D15V26C001550;BRBMEFCI57A6;FINANCIAL;-;-;-;-;-;-;-;-;-;6,73;-;-;-;-;-;-;-
D15V26C001575;BRBMEFCI57B4;FINANCIAL;-;-;-;-;-;-;-;-;-;3,75;-;-;-;-;-;-;-
D15V26C001600;BRBMEFCI57C2;FINANCIAL;-;-;-;-;-;-;-;-;-;1,59;-;-;-;-;-;-;-
D15V26P001250;BRBMEFVI56Y8;FINANCIAL;-;-;-;-;-;-;-;-;-;3,34;-;-;-;-;-;-;-
D15V26P001275;BRBMEFVI56Z5;FINANCIAL;-;-;-;-;-;-;-;-;-;9,38;-;-;-;-;-;-;-
D15V26P001300;BRBMEFVI5709;FINANCIAL;-;-;-;-;-;-;-;-;-;24;-;-;-;-;-;-;-
D15V26P001325;BRBMEFVI5717;FINANCIAL;-;-;-;-;-;-;-;-;-;57,78;-;-;-;-;-;-;-
D15V26P001350;BRBMEFVI5725;FINANCIAL;-;-;-;-;-;-;-;-;-;130,51;-;-;-;-;-;-;-
D15V26P001375;BRBMEFVI5733;FINANCIAL;-;-;-;-;-;-;-;-;-;261,84;-;-;-;-;-;-;-
D15V26P001400;BRBMEFVI5741;FINANCIAL;-;-;-;-;-;-;-;-;-;459,77;-;-;-;-;-;-;-
D15V26P001425;BRBMEFVI5758;FINANCIAL;-;-;-;-;-;-;-;-;-;715,2;-;-;-;-;-;-;-
D15V26P001450;BRBMEFVI5766;FINANCIAL;-;-;-;-;-;-;-;-;-;1013,26;-;-;-;-;-;-;-
D15V26P001475;BRBMEFVI5774;FINANCIAL;-;-;-;-;-;-;-;-;-;1336,5;-;-;-;-;-;-;-
D15V26P001500;BRBMEFVI5782;FINANCIAL;-;-;-;-;-;-;-;-;-;1674,36;-;-;-;-;-;-;-
D15V26P001525;BRBMEFVI5790;FINANCIAL;-;-;-;-;-;-;-;-;-;2015,17;-;-;-;-;-;-;-
D15V26P001550;BRBMEFVI57A6;FINANCIAL;-;-;-;-;-;-;-;-;-;2357,91;-;-;-;-;-;-;-
D15V26P001575;BRBMEFVI57B4;FINANCIAL;-;-;-;-;-;-;-;-;-;2700,86;-;-;-;-;-;-;-
D15V26P001600;BRBMEFVI57C2;FINANCIAL;-;-;-;-;-;-;-;-;-;3042,22;-;-;-;-;-;-;-
D17F27C001250;BRBMEFCI78O3;FINANCIAL;-;-;-;-;-;-;-;-;-;3365,34;-;-;-;-;-;-;-
D17F27C001275;BRBMEFCI78P0;FINANCIAL;-;-;-;-;-;-;-;-;-;2878,59;-;-;-;-;-;-;-
D17F27C001300;BRBMEFCI78Q8;FINANCIAL;-;-;-;-;-;-;-;-;-;2433,9;-;-;-;-;-;-;-
D17F27C001325;BRBMEFCI78R6;FINANCIAL;-;-;-;-;-;-;-;-;-;2022,83;-;-;-;-;-;-;-
D17F27C001350;BRBMEFCI78S4;FINANCIAL;-;-;-;-;-;-;-;-;-;1657,09;-;-;-;-;-;-;-
D17F27C001375;BRBMEFCI78T2;FINANCIAL;-;-;-;-;-;-;-;-;-;1341,01;-;-;-;-;-;-;-
D17F27C001400;BRBMEFCI78U0;FINANCIAL;-;-;-;-;-;-;-;-;-;1084,8;-;-;-;-;-;-;-
D17F27C001425;BRBMEFCI78V8;FINANCIAL;-;-;-;-;-;-;-;-;-;876,83;-;-;-;-;-;-;-
D17F27C001450;BRBMEFCI78W6;FINANCIAL;-;-;-;-;-;-;-;-;-;713,86;-;-;-;-;-;-;-
D17F27C001475;BRBMEFCI78X4;FINANCIAL;-;-;-;-;-;-;-;-;-;578,68;-;-;-;-;-;-;-
D17F27C001500;BRBMEFCI78Y2;FINANCIAL;-;-;-;-;-;-;-;-;-;466,52;-;-;-;-;-;-;-
D17F27C001525;BRBMEFCI78Z9;FINANCIAL;-;-;-;-;-;-;-;-;-;378,16;-;-;-;-;-;-;-
D17F27C001550;BRBMEFCI7906;FINANCIAL;-;-;-;-;-;-;-;-;-;309,67;-;-;-;-;-;-;-
D17F27C001575;BRBMEFCI7914;FINANCIAL;-;-;-;-;-;-;-;-;-;255,25;-;-;-;-;-;-;-
D17F27C001600;BRBMEFCI7922;FINANCIAL;-;-;-;-;-;-;-;-;-;212,51;-;-;-;-;-;-;-
D17F27P001250;BRBMEFVI78O3;FINANCIAL;-;-;-;-;-;-;-;-;-;106,09;-;-;-;-;-;-;-
D17F27P001275;BRBMEFVI78P0;FINANCIAL;-;-;-;-;-;-;-;-;-;148,17;-;-;-;-;-;-;-
D17F27P001300;BRBMEFVI78Q8;FINANCIAL;-;-;-;-;-;-;-;-;-;226,53;-;-;-;-;-;-;-
D17F27P001325;BRBMEFVI78R6;FINANCIAL;-;-;-;-;-;-;-;-;-;332,78;-;-;-;-;-;-;-
D17F27P001350;BRBMEFVI78S4;FINANCIAL;-;-;-;-;-;-;-;-;-;478,72;-;-;-;-;-;-;-
D17F27P001375;BRBMEFVI78T2;FINANCIAL;-;-;-;-;-;-;-;-;-;668,76;-;-;-;-;-;-;-
D17F27P001400;BRBMEFVI78U0;FINANCIAL;-;-;-;-;-;-;-;-;-;913,16;-;-;-;-;-;-;-
D17F27P001425;BRBMEFVI78V8;FINANCIAL;-;-;-;-;-;-;-;-;-;1200,38;-;-;-;-;-;-;-
D17F27P001450;BRBMEFVI78W6;FINANCIAL;-;-;-;-;-;-;-;-;-;1527,25;-;-;-;-;-;-;-
D17F27P001475;BRBMEFVI78X4;FINANCIAL;-;-;-;-;-;-;-;-;-;1876,63;-;-;-;-;-;-;-
D17F27P001500;BRBMEFVI78Y2;FINANCIAL;-;-;-;-;-;-;-;-;-;2243,8;-;-;-;-;-;-;-
D17F27P001525;BRBMEFVI78Z9;FINANCIAL;-;-;-;-;-;-;-;-;-;2629,63;-;-;-;-;-;-;-
D17F27P001550;BRBMEFVI7903;FINANCIAL;-;-;-;-;-;-;-;-;-;3030,24;-;-;-;-;-;-;-
D17F27P001575;BRBMEFVI7911;FINANCIAL;-;-;-;-;-;-;-;-;-;3439,9;-;-;-;-;-;-;-
D17F27P001600;BRBMEFVI7929;FINANCIAL;-;-;-;-;-;-;-;-;-;3856,3;-;-;-;-;-;-;-
D17V26C001250;BRBMEFCI7898;FINANCIAL;-;-;-;-;-;-;-;-;-;3397,81;-;-;-;-;-;-;-
D17V26C001275;BRBMEFCI78A2;FINANCIAL;-;-;-;-;-;-;-;-;-;2835,58;-;-;-;-;-;-;-
D17V26C001300;BRBMEFCI78B0;FINANCIAL;-;-;-;-;-;-;-;-;-;2282,34;-;-;-;-;-;-;-
D17V26C001325;BRBMEFCI78C8;FINANCIAL;-;-;-;-;-;-;-;-;-;1743,79;-;-;-;-;-;-;-
D17V26C001350;BRBMEFCI78D6;FINANCIAL;-;-;-;-;-;-;-;-;-;1235,45;-;-;-;-;-;-;-
D17V26C001375;BRBMEFCI78E4;FINANCIAL;-;-;-;-;-;-;-;-;-;793,11;-;-;-;-;-;-;-
D17V26C001400;BRBMEFCI78F1;FINANCIAL;-;-;-;-;-;-;-;-;-;452,44;-;-;-;-;-;-;-
D17V26C001425;BRBMEFCI78G9;FINANCIAL;-;-;-;-;-;-;-;-;-;229,94;-;-;-;-;-;-;-
D17V26C001450;BRBMEFCI78H7;FINANCIAL;-;-;-;-;-;-;-;-;-;103,75;-;-;-;-;-;-;-
D17V26C001475;BRBMEFCI78I5;FINANCIAL;-;-;-;-;-;-;-;-;-;43,58;-;-;-;-;-;-;-
D17V26C001500;BRBMEFCI78J3;FINANCIAL;-;-;-;-;-;-;-;-;-;19,67;-;-;-;-;-;-;-
D17V26C001525;BRBMEFCI78K1;FINANCIAL;-;-;-;-;-;-;-;-;-;8,1;-;-;-;-;-;-;-
D17V26C001550;BRBMEFCI78L9;FINANCIAL;-;-;-;-;-;-;-;-;-;3,17;-;-;-;-;-;-;-
D17V26C001575;BRBMEFCI78M7;FINANCIAL;-;-;-;-;-;-;-;-;-;0,89;-;-;-;-;-;-;-
D17V26C001600;BRBMEFCI78N5;FINANCIAL;-;-;-;-;-;-;-;-;-;0,22;-;-;-;-;-;-;-
D17V26P001250;BRBMEFVI7895;FINANCIAL;-;-;-;-;-;-;-;-;-;0,07;-;-;-;-;-;-;-
D17V26P001275;BRBMEFVI78A2;FINANCIAL;-;-;-;-;-;-;-;-;-;0,6;-;-;-;-;-;-;-
D17V26P001300;BRBMEFVI78B0;FINANCIAL;-;-;-;-;-;-;-;-;-;3,65;-;-;-;-;-;-;-
D17V26P001325;BRBMEFVI78C8;FINANCIAL;-;-;-;-;-;-;-;-;-;15,02;-;-;-;-;-;-;-
D17V26P001350;BRBMEFVI78D6;FINANCIAL;-;-;-;-;-;-;-;-;-;50,29;-;-;-;-;-;-;-
D17V26P001375;BRBMEFVI78E4;FINANCIAL;-;-;-;-;-;-;-;-;-;145,37;-;-;-;-;-;-;-
D17V26P001400;BRBMEFVI78F1;FINANCIAL;-;-;-;-;-;-;-;-;-;335,98;-;-;-;-;-;-;-
D17V26P001425;BRBMEFVI78G9;FINANCIAL;-;-;-;-;-;-;-;-;-;638,73;-;-;-;-;-;-;-
D17V26P001450;BRBMEFVI78H7;FINANCIAL;-;-;-;-;-;-;-;-;-;1031,82;-;-;-;-;-;-;-
D17V26P001475;BRBMEFVI78I5;FINANCIAL;-;-;-;-;-;-;-;-;-;1485,06;-;-;-;-;-;-;-
D17V26P001500;BRBMEFVI78J3;FINANCIAL;-;-;-;-;-;-;-;-;-;1968,75;-;-;-;-;-;-;-
D17V26P001525;BRBMEFVI78K1;FINANCIAL;-;-;-;-;-;-;-;-;-;2459,07;-;-;-;-;-;-;-
D17V26P001550;BRBMEFVI78L9;FINANCIAL;-;-;-;-;-;-;-;-;-;2950,39;-;-;-;-;-;-;-
D17V26P001575;BRBMEFVI78M7;FINANCIAL;-;-;-;-;-;-;-;-;-;3438,77;-;-;-;-;-;-;-
D17V26P001600;BRBMEFVI78N5;FINANCIAL;-;-;-;-;-;-;-;-;-;3923,28;-;-;-;-;-;-;-
IDIG27C557600;BRBMEFCIG946;FINANCIAL;-;-;-;-;-;-;-;-;-;93,37;-;-;-;-;-;-;-
IDIG27C557700;BRBMEFCIG953;FINANCIAL;-;-;-;-;-;-;-;-;-;88,88;-;-;-;-;-;-;-
IDIG27C557800;BRBMEFCIG961;FINANCIAL;-;-;-;-;-;-;-;-;-;85,07;-;-;-;-;-;-;-
IDIG27C557900;BRBMEFCIG979;FINANCIAL;-;-;-;-;-;-;-;-;-;81,38;-;-;-;-;-;-;-
IDIG27C558000;BRBMEFCIG987;FINANCIAL;-;-;-;-;-;-;-;-;-;77,73;-;-;-;-;-;-;-
IDIG27C558100;BRBMEFCIG995;FINANCIAL;-;-;-;-;-;-;-;-;-;74,36;-;-;-;-;-;-;-
IDIG27C558200;BRBMEFCIG9A2;FINANCIAL;-;-;-;-;-;-;-;-;-;71,41;-;-;-;-;-;-;-
IDIG27C558300;BRBMEFCIG9B0;FINANCIAL;-;-;-;-;-;-;-;-;-;68,5;-;-;-;-;-;-;-
IDIG27C558400;BRBMEFCIG9C8;FINANCIAL;-;-;-;-;-;-;-;-;-;65,62;-;-;-;-;-;-;-
IDIG27C558500;BRBMEFCIG9D6;FINANCIAL;-;-;-;-;-;-;-;-;-;62,88;-;-;-;-;-;-;-
IDIG27C558600;BRBMEFCIG9E4;FINANCIAL;-;-;-;-;-;-;-;-;-;60,26;-;-;-;-;-;-;-
IDIG27C558700;BRBMEFCIG9F1;FINANCIAL;-;-;-;-;-;-;-;-;-;57,7;-;-;-;-;-;-;-
IDIG27C558800;BRBMEFCIG9G9;FINANCIAL;-;-;-;-;-;-;-;-;-;55,48;-;-;-;-;-;-;-
IDIG27C558900;BRBMEFCIG9H7;FINANCIAL;-;-;-;-;-;-;-;-;-;52,94;-;-;-;-;-;-;-
IDIG27C559000;BRBMEFCIG9I5;FINANCIAL;-;-;-;-;-;-;-;-;-;49,66;-;-;-;-;-;-;-
IDIG27C559100;BRBMEFCIG9J3;FINANCIAL;-;-;-;-;-;-;-;-;-;45,92;-;-;-;-;-;-;-
IDIG27C559200;BRBMEFCIG9K1;FINANCIAL;-;-;-;-;-;-;-;-;-;42,08;-;-;-;-;-;-;-
IDIG27C559300;BRBMEFCIG9L9;FINANCIAL;-;-;-;-;-;-;-;-;-;38,25;-;-;-;-;-;-;-
IDIG27C559400;BRBMEFCIG9M7;FINANCIAL;-;-;-;-;-;-;-;-;-;34,68;-;-;-;-;-;-;-
IDIG27C559500;BRBMEFCIG9N5;FINANCIAL;-;-;-;-;-;-;-;-;-;31,34;-;-;-;-;-;-;-
IDIG27P557600;BRBMEFVIG946;FINANCIAL;-;-;-;-;-;-;-;-;-;1354,46;-;-;-;-;-;-;-
IDIG27P557700;BRBMEFVIG953;FINANCIAL;-;-;-;-;-;-;-;-;-;1445,24;-;-;-;-;-;-;-
IDIG27P557800;BRBMEFVIG961;FINANCIAL;-;-;-;-;-;-;-;-;-;1536,7;-;-;-;-;-;-;-
IDIG27P557900;BRBMEFVIG979;FINANCIAL;-;-;-;-;-;-;-;-;-;1628,28;-;-;-;-;-;-;-
IDIG27P558000;BRBMEFVIG987;FINANCIAL;-;-;-;-;-;-;-;-;-;1719,91;-;-;-;-;-;-;-
IDIG27P558100;BRBMEFVIG995;FINANCIAL;-;-;-;-;-;-;-;-;-;1811,81;-;-;-;-;-;-;-
IDIG27P558200;BRBMEFVIG9A9;FINANCIAL;-;-;-;-;-;-;-;-;-;1904,13;-;-;-;-;-;-;-
IDIG27P558300;BRBMEFVIG9B7;FINANCIAL;-;-;-;-;-;-;-;-;-;1996,5;-;-;-;-;-;-;-
IDIG27P558400;BRBMEFVIG9C5;FINANCIAL;-;-;-;-;-;-;-;-;-;2088,89;-;-;-;-;-;-;-
IDIG27P558500;BRBMEFVIG9D3;FINANCIAL;-;-;-;-;-;-;-;-;-;2181,42;-;-;-;-;-;-;-
IDIG27P558600;BRBMEFVIG9E1;FINANCIAL;-;-;-;-;-;-;-;-;-;2274,08;-;-;-;-;-;-;-
IDIG27P558700;BRBMEFVIG9F8;FINANCIAL;-;-;-;-;-;-;-;-;-;2366,79;-;-;-;-;-;-;-
IDIG27P558800;BRBMEFVIG9G6;FINANCIAL;-;-;-;-;-;-;-;-;-;2459,84;-;-;-;-;-;-;-
IDIG27P558900;BRBMEFVIG9H4;FINANCIAL;-;-;-;-;-;-;-;-;-;2552,58;-;-;-;-;-;-;-
IDIG27P559000;BRBMEFVIG9I2;FINANCIAL;-;-;-;-;-;-;-;-;-;2644,57;-;-;-;-;-;-;-
IDIG27P559100;BRBMEFVIG9J0;FINANCIAL;-;-;-;-;-;-;-;-;-;2736,1;-;-;-;-;-;-;-
IDIG27P559200;BRBMEFVIG9K8;FINANCIAL;-;-;-;-;-;-;-;-;-;2827,53;-;-;-;-;-;-;-
IDIG27P559300;BRBMEFVIG9L6;FINANCIAL;-;-;-;-;-;-;-;-;-;2918,98;-;-;-;-;-;-;-
IDIG27P559400;BRBMEFVIG9M4;FINANCIAL;-;-;-;-;-;-;-;-;-;3010,68;-;-;-;-;-;-;-
IDIG27P559500;BRBMEFVIG9N2;FINANCIAL;-;-;-;-;-;-;-;-;-;3102,61;-;-;-;-;-;-;-
IDIH27C563100;BRBMEFCIH8T3;FINANCIAL;-;-;-;-;-;-;-;-;-;177,63;-;-;-;-;-;-;-
IDIH27C563200;BRBMEFCIH8U1;FINANCIAL;-;-;-;-;-;-;-;-;-;172,65;-;-;-;-;-;-;-
IDIH27C563300;BRBMEFCIH8V9;FINANCIAL;-;-;-;-;-;-;-;-;-;167,34;-;-;-;-;-;-;-
IDIH27C563400;BRBMEFCIH8W7;FINANCIAL;-;-;-;-;-;-;-;-;-;162,32;-;-;-;-;-;-;-
IDIH27C563500;BRBMEFCIH8X5;FINANCIAL;-;-;-;-;-;-;-;-;-;158,06;-;-;-;-;-;-;-
IDIH27C563600;BRBMEFCIH8Y3;FINANCIAL;-;-;-;-;-;-;-;-;-;153,85;-;-;-;-;-;-;-
IDIH27C563700;BRBMEFCIH8Z0;FINANCIAL;-;-;-;-;-;-;-;-;-;149,68;-;-;-;-;-;-;-
IDIH27C563800;BRBMEFCIH902;FINANCIAL;-;-;-;-;-;-;-;-;-;145,78;-;-;-;-;-;-;-
IDIH27C563900;BRBMEFCIH910;FINANCIAL;-;-;-;-;-;-;-;-;-;142,13;-;-;-;-;-;-;-
IDIH27C564000;BRBMEFCIH928;FINANCIAL;-;-;-;-;-;-;-;-;-;138,64;-;-;-;-;-;-;-
IDIH27C564100;BRBMEFCIH936;FINANCIAL;-;-;-;-;-;-;-;-;-;135,21;-;-;-;-;-;-;-
IDIH27C564200;BRBMEFCIH944;FINANCIAL;-;-;-;-;-;-;-;-;-;131,91;-;-;-;-;-;-;-
IDIH27C564300;BRBMEFCIH951;FINANCIAL;-;-;-;-;-;-;-;-;-;128,74;-;-;-;-;-;-;-
IDIH27C564400;BRBMEFCIH969;FINANCIAL;-;-;-;-;-;-;-;-;-;125,81;-;-;-;-;-;-;-
IDIH27C564500;BRBMEFCIH977;FINANCIAL;-;-;-;-;-;-;-;-;-;123,19;-;-;-;-;-;-;-
IDIH27C564600;BRBMEFCIH985;FINANCIAL;-;-;-;-;-;-;-;-;-;120,83;-;-;-;-;-;-;-
IDIH27C564700;BRBMEFCIH993;FINANCIAL;-;-;-;-;-;-;-;-;-;118,49;-;-;-;-;-;-;-
IDIH27C564800;BRBMEFCIH9A1;FINANCIAL;-;-;-;-;-;-;-;-;-;116,08;-;-;-;-;-;-;-
IDIH27C564900;BRBMEFCIH9B9;FINANCIAL;-;-;-;-;-;-;-;-;-;113,56;-;-;-;-;-;-;-
IDIH27C565000;BRBMEFCIH9C7;FINANCIAL;-;-;-;-;-;-;-;-;-;111,11;-;-;-;-;-;-;-
IDIH27P563100;BRBMEFVIH8T0;FINANCIAL;-;-;-;-;-;-;-;-;-;1834,2;-;-;-;-;-;-;-
IDIH27P563200;BRBMEFVIH8U8;FINANCIAL;-;-;-;-;-;-;-;-;-;1923,64;-;-;-;-;-;-;-
IDIH27P563300;BRBMEFVIH8V6;FINANCIAL;-;-;-;-;-;-;-;-;-;2012,74;-;-;-;-;-;-;-
IDIH27P563400;BRBMEFVIH8W4;FINANCIAL;-;-;-;-;-;-;-;-;-;2102,12;-;-;-;-;-;-;-
IDIH27P563500;BRBMEFVIH8X2;FINANCIAL;-;-;-;-;-;-;-;-;-;2192,28;-;-;-;-;-;-;-
IDIH27P563600;BRBMEFVIH8Y0;FINANCIAL;-;-;-;-;-;-;-;-;-;2282,48;-;-;-;-;-;-;-
IDIH27P563700;BRBMEFVIH8Z7;FINANCIAL;-;-;-;-;-;-;-;-;-;2372,73;-;-;-;-;-;-;-
IDIH27P563800;BRBMEFVIH902;FINANCIAL;-;-;-;-;-;-;-;-;-;2463,24;-;-;-;-;-;-;-
IDIH27P563900;BRBMEFVIH910;FINANCIAL;-;-;-;-;-;-;-;-;-;2554,01;-;-;-;-;-;-;-
IDIH27P564000;BRBMEFVIH928;FINANCIAL;-;-;-;-;-;-;-;-;-;2644,92;-;-;-;-;-;-;-
IDIH27P564100;BRBMEFVIH936;FINANCIAL;-;-;-;-;-;-;-;-;-;2735,91;-;-;-;-;-;-;-
IDIH27P564200;BRBMEFVIH944;FINANCIAL;-;-;-;-;-;-;-;-;-;2827,02;-;-;-;-;-;-;-
IDIH27P564300;BRBMEFVIH951;FINANCIAL;-;-;-;-;-;-;-;-;-;2918,26;-;-;-;-;-;-;-
IDIH27P564400;BRBMEFVIH969;FINANCIAL;-;-;-;-;-;-;-;-;-;3009,75;-;-;-;-;-;-;-
IDIH27P564500;BRBMEFVIH977;FINANCIAL;-;-;-;-;-;-;-;-;-;3101,54;-;-;-;-;-;-;-
IDIH27P564600;BRBMEFVIH985;FINANCIAL;-;-;-;-;-;-;-;-;-;3193,6;-;-;-;-;-;-;-
IDIH27P564700;BRBMEFVIH993;FINANCIAL;-;-;-;-;-;-;-;-;-;3285,66;-;-;-;-;-;-;-
IDIH27P564800;BRBMEFVIH9A8;FINANCIAL;-;-;-;-;-;-;-;-;-;3377,67;-;-;-;-;-;-;-
IDIH27P564900;BRBMEFVIH9B6;FINANCIAL;-;-;-;-;-;-;-;-;-;3469,56;-;-;-;-;-;-;-
IDIH27P565000;BRBMEFVIH9C4;FINANCIAL;-;-;-;-;-;-;-;-;-;3561,52;-;-;-;-;-;-;-
IDIJ27C575100;BRBMEFCIJV36;FINANCIAL;-;-;-;-;-;-;-;-;-;118,03;-;-;-;-;-;-;-
IDIJ27C575200;BRBMEFCIJV44;FINANCIAL;-;-;-;-;-;-;-;-;-;114,32;-;-;-;-;-;-;-
IDIJ27C575300;BRBMEFCIJV51;FINANCIAL;-;-;-;-;-;-;-;-;-;110,5;-;-;-;-;-;-;-
IDIJ27C575400;BRBMEFCIJV69;FINANCIAL;-;-;-;-;-;-;-;-;-;106,64;-;-;-;-;-;-;-
IDIJ27C575500;BRBMEFCIJV77;FINANCIAL;-;-;-;-;-;-;-;-;-;102,74;-;-;-;-;-;-;-
IDIJ27C575600;BRBMEFCIJV85;FINANCIAL;-;-;-;-;-;-;-;-;-;98,98;-;-;-;-;-;-;-
IDIJ27C575700;BRBMEFCIJV93;FINANCIAL;-;-;-;-;-;-;-;-;-;95,36;-;-;-;-;-;-;-
IDIJ27C575800;BRBMEFCIJVA1;FINANCIAL;-;-;-;-;-;-;-;-;-;91,94;-;-;-;-;-;-;-
IDIJ27C575900;BRBMEFCIJVB9;FINANCIAL;-;-;-;-;-;-;-;-;-;88,64;-;-;-;-;-;-;-
IDIJ27C576000;BRBMEFCIJVC7;FINANCIAL;-;-;-;-;-;-;-;-;-;85,46;-;-;-;-;-;-;-
IDIJ27C576100;BRBMEFCIJVD5;FINANCIAL;-;-;-;-;-;-;-;-;-;82,36;-;-;-;-;-;-;-
IDIJ27C576200;BRBMEFCIJVE3;FINANCIAL;-;-;-;-;-;-;-;-;-;79,29;-;-;-;-;-;-;-
IDIJ27C576300;BRBMEFCIJVF0;FINANCIAL;-;-;-;-;-;-;-;-;-;76,31;-;-;-;-;-;-;-
IDIJ27C576400;BRBMEFCIJVG8;FINANCIAL;-;-;-;-;-;-;-;-;-;73,33;-;-;-;-;-;-;-
IDIJ27C576500;BRBMEFCIJVH6;FINANCIAL;-;-;-;-;-;-;-;-;-;70,43;-;-;-;-;-;-;-
IDIJ27C576600;BRBMEFCIJVI4;FINANCIAL;-;-;-;-;-;-;-;-;-;67,58;-;-;-;-;-;-;-
IDIJ27C576700;BRBMEFCIJVJ2;FINANCIAL;-;-;-;-;-;-;-;-;-;64,81;-;-;-;-;-;-;-
IDIJ27C576800;BRBMEFCIJVK0;FINANCIAL;-;-;-;-;-;-;-;-;-;62,11;-;-;-;-;-;-;-
IDIJ27C576900;BRBMEFCIJVL8;FINANCIAL;-;-;-;-;-;-;-;-;-;59,5;-;-;-;-;-;-;-
IDIJ27C577000;BRBMEFCIJVM6;FINANCIAL;-;-;-;-;-;-;-;-;-;56,92;-;-;-;-;-;-;-
IDIJ27P575100;BRBMEFVIJV33;FINANCIAL;-;-;-;-;-;-;-;-;-;7110,53;-;-;-;-;-;-;-
IDIJ27P575200;BRBMEFVIJV41;FINANCIAL;-;-;-;-;-;-;-;-;-;7200,19;-;-;-;-;-;-;-
IDIJ27P575300;BRBMEFVIJV58;FINANCIAL;-;-;-;-;-;-;-;-;-;7289,74;-;-;-;-;-;-;-
IDIJ27P575400;BRBMEFVIJV66;FINANCIAL;-;-;-;-;-;-;-;-;-;7379,25;-;-;-;-;-;-;-
IDIJ27P575500;BRBMEFVIJV74;FINANCIAL;-;-;-;-;-;-;-;-;-;7468,73;-;-;-;-;-;-;-
IDIJ27P575600;BRBMEFVIJV82;FINANCIAL;-;-;-;-;-;-;-;-;-;7558,34;-;-;-;-;-;-;-
IDIJ27P575700;BRBMEFVIJV90;FINANCIAL;-;-;-;-;-;-;-;-;-;7648,08;-;-;-;-;-;-;-
IDIJ27P575800;BRBMEFVIJVA1;FINANCIAL;-;-;-;-;-;-;-;-;-;7738,03;-;-;-;-;-;-;-
IDIJ27P575900;BRBMEFVIJVB9;FINANCIAL;-;-;-;-;-;-;-;-;-;7828,11;-;-;-;-;-;-;-
IDIJ27P576000;BRBMEFVIJVC7;FINANCIAL;-;-;-;-;-;-;-;-;-;7918,3;-;-;-;-;-;-;-
IDIJ27P576100;BRBMEFVIJVD5;FINANCIAL;-;-;-;-;-;-;-;-;-;8008,57;-;-;-;-;-;-;-
IDIJ27P576200;BRBMEFVIJVE3;FINANCIAL;-;-;-;-;-;-;-;-;-;8098,87;-;-;-;-;-;-;-
IDIJ27P576300;BRBMEFVIJVF0;FINANCIAL;-;-;-;-;-;-;-;-;-;8189,26;-;-;-;-;-;-;-
IDIJ27P576400;BRBMEFVIJVG8;FINANCIAL;-;-;-;-;-;-;-;-;-;8279,65;-;-;-;-;-;-;-
IDIJ27P576500;BRBMEFVIJVH6;FINANCIAL;-;-;-;-;-;-;-;-;-;8370,12;-;-;-;-;-;-;-
IDIJ27P576600;BRBMEFVIJVI4;FINANCIAL;-;-;-;-;-;-;-;-;-;8460,64;-;-;-;-;-;-;-
IDIJ27P576700;BRBMEFVIJVJ2;FINANCIAL;-;-;-;-;-;-;-;-;-;8551,24;-;-;-;-;-;-;-
IDIJ27P576800;BRBMEFVIJVK0;FINANCIAL;-;-;-;-;-;-;-;-;-;8641,92;-;-;-;-;-;-;-
IDIJ27P576900;BRBMEFVIJVL8;FINANCIAL;-;-;-;-;-;-;-;-;-;8732,67;-;-;-;-;-;-;-
IDIJ27P577000;BRBMEFVIJVM6;FINANCIAL;-;-;-;-;-;-;-;-;-;8823,47;-;-;-;-;-;-;-
IDIZ26C546000;BRBMEFCIZA80;FINANCIAL;-;-;-;-;-;-;-;-;-;0,01;-;-;-;-;-;-;-
IDIZ26C546100;BRBMEFCIZA98;FINANCIAL;-;-;-;-;-;-;-;-;-;0,01;-;-;-;-;-;-;-
IDIZ26C546200;BRBMEFCIZAA1;FINANCIAL;-;-;-;-;-;-;-;-;-;0,01;-;-;-;-;-;-;-
IDIZ26C546300;BRBMEFCIZAB9;FINANCIAL;-;-;-;-;-;-;-;-;-;0,01;-;-;-;-;-;-;-
IDIZ26C546400;BRBMEFCIZAC7;FINANCIAL;-;-;-;-;-;-;-;-;-;0,01;-;-;-;-;-;-;-
IDIZ26C546500;BRBMEFCIZAD5;FINANCIAL;-;-;-;-;-;-;-;-;-;0,01;-;-;-;-;-;-;-
IDIZ26C546600;BRBMEFCIZAE3;FINANCIAL;-;-;-;-;-;-;-;-;-;0,01;-;-;-;-;-;-;-
IDIZ26C546700;BRBMEFCIZAF0;FINANCIAL;-;-;-;-;-;-;-;-;-;0,01;-;-;-;-;-;-;-
IDIZ26C546800;BRBMEFCIZAG8;FINANCIAL;-;-;-;-;-;-;-;-;-;0,01;-;-;-;-;-;-;-
IDIZ26C546900;BRBMEFCIZAH6;FINANCIAL;-;-;-;-;-;-;-;-;-;0,01;-;-;-;-;-;-;-
IDIZ26C547000;BRBMEFCIZAI4;FINANCIAL;-;-;-;-;-;-;-;-;-;0,01;-;-;-;-;-;-;-
IDIZ26C547100;BRBMEFCIZAJ2;FINANCIAL;-;-;-;-;-;-;-;-;-;0,01;-;-;-;-;-;-;-
IDIZ26C547200;BRBMEFCIZAK0;FINANCIAL;-;-;-;-;-;-;-;-;-;0,01;-;-;-;-;-;-;-
IDIZ26P546000;BRBMEFVIZA87;FINANCIAL;-;-;-;-;-;-;-;-;-;1271,9;-;-;-;-;-;-;-
IDIZ26P546100;BRBMEFVIZA95;FINANCIAL;-;-;-;-;-;-;-;-;-;1369,19;-;-;-;-;-;-;-
IDIZ26P546200;BRBMEFVIZAA1;FINANCIAL;-;-;-;-;-;-;-;-;-;1466,49;-;-;-;-;-;-;-
IDIZ26P546300;BRBMEFVIZAB9;FINANCIAL;-;-;-;-;-;-;-;-;-;1563,79;-;-;-;-;-;-;-
IDIZ26P546400;BRBMEFVIZAC7;FINANCIAL;-;-;-;-;-;-;-;-;-;1661,09;-;-;-;-;-;-;-
IDIZ26P546500;BRBMEFVIZAD5;FINANCIAL;-;-;-;-;-;-;-;-;-;1758,39;-;-;-;-;-;-;-
IDIZ26P546600;BRBMEFVIZAE3;FINANCIAL;-;-;-;-;-;-;-;-;-;1855,69;-;-;-;-;-;-;-
IDIZ26P546700;BRBMEFVIZAF0;FINANCIAL;-;-;-;-;-;-;-;-;-;1952,99;-;-;-;-;-;-;-
IDIZ26P546800;BRBMEFVIZAG8;FINANCIAL;-;-;-;-;-;-;-;-;-;2050,29;-;-;-;-;-;-;-
IDIZ26P546900;BRBMEFVIZAH6;FINANCIAL;-;-;-;-;-;-;-;-;-;2147,59;-;-;-;-;-;-;-
IDIZ26P547000;BRBMEFVIZAI4;FINANCIAL;-;-;-;-;-;-;-;-;-;2244,89;-;-;-;-;-;-;-
IDIZ26P547100;BRBMEFVIZAJ2;FINANCIAL;-;-;-;-;-;-;-;-;-;2342,19;-;-;-;-;-;-;-
IDIZ26P547200;BRBMEFVIZAK0;FINANCIAL;-;-;-;-;-;-;-;-;-;2439,49;-;-;-;-;-;-;-
IDIJ27C562700;BRBMEFCIJW35;FINANCIAL;-;-;-;-;-;-;-;-;-;4585,76;-;-;-;-;-;-;-
IDIJ27C562800;BRBMEFCIJW43;FINANCIAL;-;-;-;-;-;-;-;-;-;4492,47;-;-;-;-;-;-;-
IDIJ27C562900;BRBMEFCIJW50;FINANCIAL;-;-;-;-;-;-;-;-;-;4399,21;-;-;-;-;-;-;-
IDIJ27C563000;BRBMEFCIJW68;FINANCIAL;-;-;-;-;-;-;-;-;-;4305,96;-;-;-;-;-;-;-
IDIJ27C563100;BRBMEFCIJW76;FINANCIAL;-;-;-;-;-;-;-;-;-;4212,75;-;-;-;-;-;-;-
IDIJ27C563200;BRBMEFCIJW84;FINANCIAL;-;-;-;-;-;-;-;-;-;4119,57;-;-;-;-;-;-;-
IDIJ27C563300;BRBMEFCIJW92;FINANCIAL;-;-;-;-;-;-;-;-;-;4026,43;-;-;-;-;-;-;-
IDIJ27C563400;BRBMEFCIJWA9;FINANCIAL;-;-;-;-;-;-;-;-;-;3933,35;-;-;-;-;-;-;-
IDIJ27C563500;BRBMEFCIJWB7;FINANCIAL;-;-;-;-;-;-;-;-;-;3840,32;-;-;-;-;-;-;-
IDIJ27C563600;BRBMEFCIJWC5;FINANCIAL;-;-;-;-;-;-;-;-;-;3747,37;-;-;-;-;-;-;-
IDIJ27C563700;BRBMEFCIJWD3;FINANCIAL;-;-;-;-;-;-;-;-;-;3654,51;-;-;-;-;-;-;-
IDIJ27C563800;BRBMEFCIJWE1;FINANCIAL;-;-;-;-;-;-;-;-;-;3561,75;-;-;-;-;-;-;-
IDIJ27C563900;BRBMEFCIJWF8;FINANCIAL;-;-;-;-;-;-;-;-;-;3469,11;-;-;-;-;-;-;-
IDIJ27C564000;BRBMEFCIJWG6;FINANCIAL;-;-;-;-;-;-;-;-;-;3376,57;-;-;-;-;-;-;-
IDIJ27C564100;BRBMEFCIJWH4;FINANCIAL;-;-;-;-;-;-;-;-;-;3283,36;-;-;-;-;-;-;-
IDIJ27C564200;BRBMEFCIJWI2;FINANCIAL;-;-;-;-;-;-;-;-;-;3190,16;-;-;-;-;-;-;-
IDIJ27C564300;BRBMEFCIJWJ0;FINANCIAL;-;-;-;-;-;-;-;-;-;3096,98;-;-;-;-;-;-;-
IDIJ27C564400;BRBMEFCIJWK8;FINANCIAL;-;-;-;-;-;-;-;-;-;3003,81;-;-;-;-;-;-;-
IDIJ27C564500;BRBMEFCIJWL6;FINANCIAL;-;-;-;-;-;-;-;-;-;2910,65;-;-;-;-;-;-;-
IDIJ27C569100;BRBMEFCIJWM4;FINANCIAL;-;-;-;-;-;-;-;-;-;339,21;-;-;-;-;-;-;-
IDIJ27C569200;BRBMEFCIJWN2;FINANCIAL;-;-;-;-;-;-;-;-;-;331,96;-;-;-;-;-;-;-
IDIJ27C569300;BRBMEFCIJWO0;FINANCIAL;-;-;-;-;-;-;-;-;-;324,35;-;-;-;-;-;-;-
IDIJ27C569400;BRBMEFCIJWP7;FINANCIAL;-;-;-;-;-;-;-;-;-;317,23;-;-;-;-;-;-;-
IDIJ27C569500;BRBMEFCIJWQ5;FINANCIAL;-;-;-;-;-;-;-;-;-;310,68;-;-;-;-;-;-;-
IDIJ27C569600;BRBMEFCIJWR3;FINANCIAL;-;-;-;-;-;-;-;-;-;304,2;-;-;-;-;-;-;-
IDIJ27C569700;BRBMEFCIJWS1;FINANCIAL;-;-;-;-;-;-;-;-;-;297,99;-;-;-;-;-;-;-
IDIJ27C569800;BRBMEFCIJWT9;FINANCIAL;-;-;-;-;-;-;-;-;-;291,92;-;-;-;-;-;-;-
IDIJ27C569900;BRBMEFCIJWU7;FINANCIAL;-;-;-;-;-;-;-;-;-;285,87;-;-;-;-;-;-;-
IDIJ27C570100;BRBMEFCIJWV5;FINANCIAL;-;-;-;-;-;-;-;-;-;274,44;-;-;-;-;-;-;-
IDIJ27C570200;BRBMEFCIJWW3;FINANCIAL;-;-;-;-;-;-;-;-;-;268,92;-;-;-;-;-;-;-
IDIJ27C570300;BRBMEFCIJWX1;FINANCIAL;-;-;-;-;-;-;-;-;-;263,58;-;-;-;-;-;-;-
IDIJ27C570400;BRBMEFCIJWY9;FINANCIAL;-;-;-;-;-;-;-;-;-;258,32;-;-;-;-;-;-;-
IDIJ27C570500;BRBMEFCIJWZ6;FINANCIAL;-;-;-;-;-;-;-;-;-;253,01;-;-;-;-;-;-;-
IDIJ27P562700;BRBMEFVIJW32;FINANCIAL;-;-;-;-;-;-;-;-;-;0,31;-;-;-;-;-;-;-
IDIJ27P562800;BRBMEFVIJW40;FINANCIAL;-;-;-;-;-;-;-;-;-;0,39;-;-;-;-;-;-;-
IDIJ27P562900;BRBMEFVIJW57;FINANCIAL;-;-;-;-;-;-;-;-;-;0,49;-;-;-;-;-;-;-
IDIJ27P563000;BRBMEFVIJW65;FINANCIAL;-;-;-;-;-;-;-;-;-;0,62;-;-;-;-;-;-;-
IDIJ27P563100;BRBMEFVIJW73;FINANCIAL;-;-;-;-;-;-;-;-;-;0,77;-;-;-;-;-;-;-
IDIJ27P563200;BRBMEFVIJW81;FINANCIAL;-;-;-;-;-;-;-;-;-;0,97;-;-;-;-;-;-;-
IDIJ27P563300;BRBMEFVIJW99;FINANCIAL;-;-;-;-;-;-;-;-;-;1,2;-;-;-;-;-;-;-
IDIJ27P563400;BRBMEFVIJWA9;FINANCIAL;-;-;-;-;-;-;-;-;-;1,49;-;-;-;-;-;-;-
IDIJ27P563500;BRBMEFVIJWB7;FINANCIAL;-;-;-;-;-;-;-;-;-;1,83;-;-;-;-;-;-;-
IDIJ27P563600;BRBMEFVIJWC5;FINANCIAL;-;-;-;-;-;-;-;-;-;2,26;-;-;-;-;-;-;-
IDIJ27P563700;BRBMEFVIJWD3;FINANCIAL;-;-;-;-;-;-;-;-;-;2,76;-;-;-;-;-;-;-
IDIJ27P563800;BRBMEFVIJWE1;FINANCIAL;-;-;-;-;-;-;-;-;-;3,37;-;-;-;-;-;-;-
IDIJ27P563900;BRBMEFVIJWF8;FINANCIAL;-;-;-;-;-;-;-;-;-;4,1;-;-;-;-;-;-;-
IDIJ27P564000;BRBMEFVIJWG6;FINANCIAL;-;-;-;-;-;-;-;-;-;4,94;-;-;-;-;-;-;-
IDIJ27P564100;BRBMEFVIJWH4;FINANCIAL;-;-;-;-;-;-;-;-;-;5,1;-;-;-;-;-;-;-
IDIJ27P564200;BRBMEFVIJWI2;FINANCIAL;-;-;-;-;-;-;-;-;-;5,27;-;-;-;-;-;-;-
IDIJ27P564300;BRBMEFVIJWJ0;FINANCIAL;-;-;-;-;-;-;-;-;-;5,45;-;-;-;-;-;-;-
IDIJ27P564400;BRBMEFVIJWK8;FINANCIAL;-;-;-;-;-;-;-;-;-;5,65;-;-;-;-;-;-;-
IDIJ27P564500;BRBMEFVIJWL6;FINANCIAL;-;-;-;-;-;-;-;-;-;5,87;-;-;-;-;-;-;-
IDIJ27P569100;BRBMEFVIJWM4;FINANCIAL;-;-;-;-;-;-;-;-;-;1729,48;-;-;-;-;-;-;-
IDIJ27P569200;BRBMEFVIJWN2;FINANCIAL;-;-;-;-;-;-;-;-;-;1815,6;-;-;-;-;-;-;-
IDIJ27P569300;BRBMEFVIJWO0;FINANCIAL;-;-;-;-;-;-;-;-;-;1901,36;-;-;-;-;-;-;-
IDIJ27P569400;BRBMEFVIJWP7;FINANCIAL;-;-;-;-;-;-;-;-;-;1987,61;-;-;-;-;-;-;-
IDIJ27P569500;BRBMEFVIJWQ5;FINANCIAL;-;-;-;-;-;-;-;-;-;2074,43;-;-;-;-;-;-;-
IDIJ27P569600;BRBMEFVIJWR3;FINANCIAL;-;-;-;-;-;-;-;-;-;2161,31;-;-;-;-;-;-;-
IDIJ27P569700;BRBMEFVIJWS1;FINANCIAL;-;-;-;-;-;-;-;-;-;2248,48;-;-;-;-;-;-;-
IDIJ27P569800;BRBMEFVIJWT9;FINANCIAL;-;-;-;-;-;-;-;-;-;2335,78;-;-;-;-;-;-;-
IDIJ27P569900;BRBMEFVIJWU7;FINANCIAL;-;-;-;-;-;-;-;-;-;2423,1;-;-;-;-;-;-;-
IDIJ27P570100;BRBMEFVIJWV5;FINANCIAL;-;-;-;-;-;-;-;-;-;2598,41;-;-;-;-;-;-;-
IDIJ27P570200;BRBMEFVIJWW3;FINANCIAL;-;-;-;-;-;-;-;-;-;2686,26;-;-;-;-;-;-;-
IDIJ27P570300;BRBMEFVIJWX1;FINANCIAL;-;-;-;-;-;-;-;-;-;2774,3;-;-;-;-;-;-;-
IDIJ27P570400;BRBMEFVIJWY9;FINANCIAL;-;-;-;-;-;-;-;-;-;2862,4;-;-;-;-;-;-;-
IDIJ27P570500;BRBMEFVIJWZ6;FINANCIAL;-;-;-;-;-;-;-;-;-;2950,47;-;-;-;-;-;-;-
IDIN27C579600;BRBMEFCICL76;FINANCIAL;-;-;-;-;-;-;-;-;-;5829,53;-;-;-;-;-;-;-
IDIN27C579700;BRBMEFCICL84;FINANCIAL;-;-;-;-;-;-;-;-;-;5739,44;-;-;-;-;-;-;-
IDIN27C579800;BRBMEFCICL92;FINANCIAL;-;-;-;-;-;-;-;-;-;5649,35;-;-;-;-;-;-;-
IDIN27C579900;BRBMEFCICLA7;FINANCIAL;-;-;-;-;-;-;-;-;-;5559,23;-;-;-;-;-;-;-
IDIN27C580100;BRBMEFCICLB5;FINANCIAL;-;-;-;-;-;-;-;-;-;5379,08;-;-;-;-;-;-;-
IDIN27C580200;BRBMEFCICLC3;FINANCIAL;-;-;-;-;-;-;-;-;-;5289,06;-;-;-;-;-;-;-
IDIN27C580300;BRBMEFCICLD1;FINANCIAL;-;-;-;-;-;-;-;-;-;5199,11;-;-;-;-;-;-;-
IDIN27C580400;BRBMEFCICLE9;FINANCIAL;-;-;-;-;-;-;-;-;-;5109,28;-;-;-;-;-;-;-
IDIN27C580600;BRBMEFCICLF6;FINANCIAL;-;-;-;-;-;-;-;-;-;4930,02;-;-;-;-;-;-;-
IDIN27C580700;BRBMEFCICLG4;FINANCIAL;-;-;-;-;-;-;-;-;-;4840,68;-;-;-;-;-;-;-
IDIN27C580800;BRBMEFCICLH2;FINANCIAL;-;-;-;-;-;-;-;-;-;4751,51;-;-;-;-;-;-;-
IDIN27C580900;BRBMEFCICLI0;FINANCIAL;-;-;-;-;-;-;-;-;-;4662,48;-;-;-;-;-;-;-
IDIN27C581100;BRBMEFCICLJ8;FINANCIAL;-;-;-;-;-;-;-;-;-;4485,26;-;-;-;-;-;-;-
IDIN27C581200;BRBMEFCICLK6;FINANCIAL;-;-;-;-;-;-;-;-;-;4397,04;-;-;-;-;-;-;-
IDIN27C581300;BRBMEFCICLL4;FINANCIAL;-;-;-;-;-;-;-;-;-;4309,24;-;-;-;-;-;-;-
IDIN27C581400;BRBMEFCICLM2;FINANCIAL;-;-;-;-;-;-;-;-;-;4222,23;-;-;-;-;-;-;-
IDIN27C581600;BRBMEFCICLN0;FINANCIAL;-;-;-;-;-;-;-;-;-;4051,39;-;-;-;-;-;-;-
IDIN27C581700;BRBMEFCICLO8;FINANCIAL;-;-;-;-;-;-;-;-;-;3966,56;-;-;-;-;-;-;-
IDIN27C581800;BRBMEFCICLP5;FINANCIAL;-;-;-;-;-;-;-;-;-;3881,32;-;-;-;-;-;-;-
IDIN27C581900;BRBMEFCICLQ3;FINANCIAL;-;-;-;-;-;-;-;-;-;3797,85;-;-;-;-;-;-;-
IDIN27C582100;BRBMEFCICLR1;FINANCIAL;-;-;-;-;-;-;-;-;-;3632,38;-;-;-;-;-;-;-
IDIN27C582200;BRBMEFCICLS9;FINANCIAL;-;-;-;-;-;-;-;-;-;3550,38;-;-;-;-;-;-;-
IDIN27C582300;BRBMEFCICLT7;FINANCIAL;-;-;-;-;-;-;-;-;-;3470,23;-;-;-;-;-;-;-
IDIN27C582400;BRBMEFCICLU5;FINANCIAL;-;-;-;-;-;-;-;-;-;3391,33;-;-;-;-;-;-;-
IDIN27C582600;BRBMEFCICLV3;FINANCIAL;-;-;-;-;-;-;-;-;-;3234,47;-;-;-;-;-;-;-
IDIN27C582700;BRBMEFCICLW1;FINANCIAL;-;-;-;-;-;-;-;-;-;3158,49;-;-;-;-;-;-;-
IDIN27C582800;BRBMEFCICLX9;FINANCIAL;-;-;-;-;-;-;-;-;-;3083,76;-;-;-;-;-;-;-
IDIN27C582900;BRBMEFCICLY7;FINANCIAL;-;-;-;-;-;-;-;-;-;3009;-;-;-;-;-;-;-
IDIN27C583100;BRBMEFCICLZ4;FINANCIAL;-;-;-;-;-;-;-;-;-;2860,77;-;-;-;-;-;-;-
IDIN27C583200;BRBMEFCICM00;FINANCIAL;-;-;-;-;-;-;-;-;-;2788,02;-;-;-;-;-;-;-
IDIN27C583300;BRBMEFCICM18;FINANCIAL;-;-;-;-;-;-;-;-;-;2716,05;-;-;-;-;-;-;-
IDIN27C583400;BRBMEFCICM26;FINANCIAL;-;-;-;-;-;-;-;-;-;2644,47;-;-;-;-;-;-;-
IDIN27C583600;BRBMEFCICM34;FINANCIAL;-;-;-;-;-;-;-;-;-;2504,18;-;-;-;-;-;-;-
IDIN27C583700;BRBMEFCICM42;FINANCIAL;-;-;-;-;-;-;-;-;-;2436,47;-;-;-;-;-;-;-
IDIN27C583800;BRBMEFCICM59;FINANCIAL;-;-;-;-;-;-;-;-;-;2369,73;-;-;-;-;-;-;-
IDIN27C583900;BRBMEFCICM67;FINANCIAL;-;-;-;-;-;-;-;-;-;2303,38;-;-;-;-;-;-;-
IDIN27C584100;BRBMEFCICM75;FINANCIAL;-;-;-;-;-;-;-;-;-;2176,41;-;-;-;-;-;-;-
IDIN27C584200;BRBMEFCICM83;FINANCIAL;-;-;-;-;-;-;-;-;-;2116,56;-;-;-;-;-;-;-
IDIN27C584300;BRBMEFCICM91;FINANCIAL;-;-;-;-;-;-;-;-;-;2057,82;-;-;-;-;-;-;-
IDIN27C584400;BRBMEFCICMA5;FINANCIAL;-;-;-;-;-;-;-;-;-;2000,34;-;-;-;-;-;-;-
IDIN27C584600;BRBMEFCICMB3;FINANCIAL;-;-;-;-;-;-;-;-;-;1888,47;-;-;-;-;-;-;-
IDIN27C584700;BRBMEFCICMC1;FINANCIAL;-;-;-;-;-;-;-;-;-;1835,09;-;-;-;-;-;-;-
IDIN27C584800;BRBMEFCICMD9;FINANCIAL;-;-;-;-;-;-;-;-;-;1784,36;-;-;-;-;-;-;-
IDIN27C584900;BRBMEFCICME7;FINANCIAL;-;-;-;-;-;-;-;-;-;1735,44;-;-;-;-;-;-;-
IDIN27P579600;BRBMEFVI2L75;FINANCIAL;-;-;-;-;-;-;-;-;-;14,39;-;-;-;-;-;-;-
IDIN27P579700;BRBMEFVI2L83;FINANCIAL;-;-;-;-;-;-;-;-;-;14,74;-;-;-;-;-;-;-
IDIN27P579800;BRBMEFVI2L91;FINANCIAL;-;-;-;-;-;-;-;-;-;15,08;-;-;-;-;-;-;-
IDIN27P579900;BRBMEFVI2LA8;FINANCIAL;-;-;-;-;-;-;-;-;-;15,4;-;-;-;-;-;-;-
IDIN27P580100;BRBMEFVI2LB6;FINANCIAL;-;-;-;-;-;-;-;-;-;16,13;-;-;-;-;-;-;-
IDIN27P580200;BRBMEFVI2LC4;FINANCIAL;-;-;-;-;-;-;-;-;-;16,54;-;-;-;-;-;-;-
IDIN27P580300;BRBMEFVI2LD2;FINANCIAL;-;-;-;-;-;-;-;-;-;17,03;-;-;-;-;-;-;-
IDIN27P580400;BRBMEFVI2LE0;FINANCIAL;-;-;-;-;-;-;-;-;-;17,63;-;-;-;-;-;-;-
IDIN27P580600;BRBMEFVI2LF7;FINANCIAL;-;-;-;-;-;-;-;-;-;19,25;-;-;-;-;-;-;-
IDIN27P580700;BRBMEFVI2LG5;FINANCIAL;-;-;-;-;-;-;-;-;-;20,34;-;-;-;-;-;-;-
IDIN27P580800;BRBMEFVI2LH3;FINANCIAL;-;-;-;-;-;-;-;-;-;21,61;-;-;-;-;-;-;-
IDIN27P580900;BRBMEFVI2LI1;FINANCIAL;-;-;-;-;-;-;-;-;-;23,02;-;-;-;-;-;-;-
IDIN27P581100;BRBMEFVI2LJ9;FINANCIAL;-;-;-;-;-;-;-;-;-;26,66;-;-;-;-;-;-;-
IDIN27P581200;BRBMEFVI2LK7;FINANCIAL;-;-;-;-;-;-;-;-;-;28,88;-;-;-;-;-;-;-
IDIN27P581300;BRBMEFVI2LL5;FINANCIAL;-;-;-;-;-;-;-;-;-;31,51;-;-;-;-;-;-;-
IDIN27P581400;BRBMEFVI2LM3;FINANCIAL;-;-;-;-;-;-;-;-;-;34,94;-;-;-;-;-;-;-
IDIN27P581600;BRBMEFVI2LN1;FINANCIAL;-;-;-;-;-;-;-;-;-;44,97;-;-;-;-;-;-;-
IDIN27P581700;BRBMEFVI2LO9;FINANCIAL;-;-;-;-;-;-;-;-;-;50,58;-;-;-;-;-;-;-
IDIN27P581800;BRBMEFVI2LP6;FINANCIAL;-;-;-;-;-;-;-;-;-;55,77;-;-;-;-;-;-;-
IDIN27P581900;BRBMEFVI2LQ4;FINANCIAL;-;-;-;-;-;-;-;-;-;62,74;-;-;-;-;-;-;-
IDIN27P582100;BRBMEFVI2LR2;FINANCIAL;-;-;-;-;-;-;-;-;-;78,15;-;-;-;-;-;-;-
IDIN27P582200;BRBMEFVI2LS0;FINANCIAL;-;-;-;-;-;-;-;-;-;86,58;-;-;-;-;-;-;-
IDIN27P582300;BRBMEFVI2LT8;FINANCIAL;-;-;-;-;-;-;-;-;-;96,87;-;-;-;-;-;-;-
IDIN27P582400;BRBMEFVI2LU6;FINANCIAL;-;-;-;-;-;-;-;-;-;108,4;-;-;-;-;-;-;-
IDIN27P582600;BRBMEFVI2LV4;FINANCIAL;-;-;-;-;-;-;-;-;-;132,41;-;-;-;-;-;-;-
IDIN27P582700;BRBMEFVI2LW2;FINANCIAL;-;-;-;-;-;-;-;-;-;146,87;-;-;-;-;-;-;-
IDIN27P582800;BRBMEFVI2LX0;FINANCIAL;-;-;-;-;-;-;-;-;-;162,57;-;-;-;-;-;-;-
IDIN27P582900;BRBMEFVI2LY8;FINANCIAL;-;-;-;-;-;-;-;-;-;178,25;-;-;-;-;-;-;-
IDIN27P583100;BRBMEFVI2LZ5;FINANCIAL;-;-;-;-;-;-;-;-;-;210,89;-;-;-;-;-;-;-
IDIN27P583200;BRBMEFVI2M09;FINANCIAL;-;-;-;-;-;-;-;-;-;228,58;-;-;-;-;-;-;-
IDIN27P583300;BRBMEFVI2M17;FINANCIAL;-;-;-;-;-;-;-;-;-;247,04;-;-;-;-;-;-;-
IDIN27P583400;BRBMEFVI2M25;FINANCIAL;-;-;-;-;-;-;-;-;-;265,9;-;-;-;-;-;-;-
IDIN27P583600;BRBMEFVI2M33;FINANCIAL;-;-;-;-;-;-;-;-;-;306,48;-;-;-;-;-;-;-
IDIN27P583700;BRBMEFVI2M41;FINANCIAL;-;-;-;-;-;-;-;-;-;329,21;-;-;-;-;-;-;-
IDIN27P583800;BRBMEFVI2M58;FINANCIAL;-;-;-;-;-;-;-;-;-;352,91;-;-;-;-;-;-;-
IDIN27P583900;BRBMEFVI2M66;FINANCIAL;-;-;-;-;-;-;-;-;-;376,99;-;-;-;-;-;-;-
IDIN27P584100;BRBMEFVI2M74;FINANCIAL;-;-;-;-;-;-;-;-;-;430,9;-;-;-;-;-;-;-
IDIN27P584200;BRBMEFVI2M82;FINANCIAL;-;-;-;-;-;-;-;-;-;461,48;-;-;-;-;-;-;-
IDIN27P584300;BRBMEFVI2M90;FINANCIAL;-;-;-;-;-;-;-;-;-;493,18;-;-;-;-;-;-;-
IDIN27P584400;BRBMEFVI2MA6;FINANCIAL;-;-;-;-;-;-;-;-;-;526,13;-;-;-;-;-;-;-
IDIN27P584600;BRBMEFVI2MB4;FINANCIAL;-;-;-;-;-;-;-;-;-;595,14;-;-;-;-;-;-;-
IDIN27P584700;BRBMEFVI2MC2;FINANCIAL;-;-;-;-;-;-;-;-;-;632,19;-;-;-;-;-;-;-
IDIN27P584800;BRBMEFVI2MD0;FINANCIAL;-;-;-;-;-;-;-;-;-;671,89;-;-;-;-;-;-;-
IDIN27P584900;BRBMEFVI2ME8;FINANCIAL;-;-;-;-;-;-;-;-;-;713,41;-;-;-;-;-;-;-
IDIF27C553200;BRBMEFCID0G1;FINANCIAL;-;-;-;-;-;-;-;-;-;0,13;-;-;-;-;-;-;-
IDIF27C553300;BRBMEFCID0H9;FINANCIAL;-;-;-;-;-;-;-;-;-;0,08;-;-;-;-;-;-;-
IDIF27C553400;BRBMEFCID0I7;FINANCIAL;-;-;-;-;-;-;-;-;-;0,05;-;-;-;-;-;-;-
IDIF27C553500;BRBMEFCID0J5;FINANCIAL;-;-;-;-;-;-;-;-;-;0,03;-;-;-;-;-;-;-
IDIF27C553600;BRBMEFCID0K3;FINANCIAL;-;-;-;-;-;-;-;-;-;0,02;-;-;-;-;-;-;-
IDIF27C553700;BRBMEFCID0L1;FINANCIAL;-;-;-;-;-;-;-;-;-;0,01;-;-;-;-;-;-;-
IDIF27P553200;BRBMEFFI00G6;FINANCIAL;-;-;-;-;-;-;-;-;-;2366,32;-;-;-;-;-;-;-
IDIF27P553300;BRBMEFFI00H4;FINANCIAL;-;-;-;-;-;-;-;-;-;2462,5;-;-;-;-;-;-;-
IDIF27P553400;BRBMEFFI00I2;FINANCIAL;-;-;-;-;-;-;-;-;-;2558,7;-;-;-;-;-;-;-
IDIF27P553500;BRBMEFFI00J0;FINANCIAL;-;-;-;-;-;-;-;-;-;2654,91;-;-;-;-;-;-;-
IDIF27P553600;BRBMEFFI00K8;FINANCIAL;-;-;-;-;-;-;-;-;-;2751,13;-;-;-;-;-;-;-
IDIF27P553700;BRBMEFFI00L6;FINANCIAL;-;-;-;-;-;-;-;-;-;2847,36;-;-;-;-;-;-;-
D13F28C001000;BRBMEFD30273;FINANCIAL;-;-;-;-;-;-;-;-;-;2852,71;-;-;-;-;-;-;-
D13F28C001025;BRBMEFD30281;FINANCIAL;-;-;-;-;-;-;-;-;-;2696,3;-;-;-;-;-;-;-
D13F28C001050;BRBMEFD30299;FINANCIAL;-;-;-;-;-;-;-;-;-;2543,67;-;-;-;-;-;-;-
D13F28C001075;BRBMEFD302A8;FINANCIAL;-;-;-;-;-;-;-;-;-;2399,4;-;-;-;-;-;-;-
D13F28C001100;BRBMEFD302B6;FINANCIAL;-;-;-;-;-;-;-;-;-;2259,27;-;-;-;-;-;-;-
D13F28P001000;BRBMEFP301N9;FINANCIAL;-;-;-;-;-;-;-;-;-;104,07;-;-;-;-;-;-;-
D13F28P001025;BRBMEFP301O7;FINANCIAL;-;-;-;-;-;-;-;-;-;119,81;-;-;-;-;-;-;-
D13F28P001050;BRBMEFP301P4;FINANCIAL;-;-;-;-;-;-;-;-;-;138,55;-;-;-;-;-;-;-
D13F28P001075;BRBMEFP301Q2;FINANCIAL;-;-;-;-;-;-;-;-;-;164,89;-;-;-;-;-;-;-
D13F28P001100;BRBMEFP301R0;FINANCIAL;-;-;-;-;-;-;-;-;-;194,6;-;-;-;-;-;-;-
IDIK27C574300;BRBMEFCIK8O9;FINANCIAL;-;-;-;-;-;-;-;-;-;606,61;-;-;-;-;-;-;-
IDIK27C574400;BRBMEFCIK8P6;FINANCIAL;-;-;-;-;-;-;-;-;-;587,21;-;-;-;-;-;-;-
IDIK27C574500;BRBMEFCIK8Q4;FINANCIAL;-;-;-;-;-;-;-;-;-;569,18;-;-;-;-;-;-;-
IDIK27C574600;BRBMEFCIK8R2;FINANCIAL;-;-;-;-;-;-;-;-;-;552,77;-;-;-;-;-;-;-
IDIK27C574700;BRBMEFCIK8S0;FINANCIAL;-;-;-;-;-;-;-;-;-;536,65;-;-;-;-;-;-;-
IDIK27C574800;BRBMEFCIK8T8;FINANCIAL;-;-;-;-;-;-;-;-;-;521,85;-;-;-;-;-;-;-
IDIK27C574900;BRBMEFCIK8U6;FINANCIAL;-;-;-;-;-;-;-;-;-;509,94;-;-;-;-;-;-;-
IDIK27C575000;BRBMEFCIK8V4;FINANCIAL;-;-;-;-;-;-;-;-;-;499,45;-;-;-;-;-;-;-
IDIK27C575100;BRBMEFCIK8W2;FINANCIAL;-;-;-;-;-;-;-;-;-;489,29;-;-;-;-;-;-;-
IDIK27C575200;BRBMEFCIK8X0;FINANCIAL;-;-;-;-;-;-;-;-;-;478,7;-;-;-;-;-;-;-
IDIK27C575300;BRBMEFCIK8Y8;FINANCIAL;-;-;-;-;-;-;-;-;-;468,83;-;-;-;-;-;-;-
IDIK27C575400;BRBMEFCIK8Z5;FINANCIAL;-;-;-;-;-;-;-;-;-;459,9;-;-;-;-;-;-;-
IDIK27C575500;BRBMEFCIK906;FINANCIAL;-;-;-;-;-;-;-;-;-;451,59;-;-;-;-;-;-;-
IDIK27C575600;BRBMEFCIK914;FINANCIAL;-;-;-;-;-;-;-;-;-;443,73;-;-;-;-;-;-;-
IDIK27C575700;BRBMEFCIK922;FINANCIAL;-;-;-;-;-;-;-;-;-;435,21;-;-;-;-;-;-;-
IDIK27C575800;BRBMEFCIK930;FINANCIAL;-;-;-;-;-;-;-;-;-;426,84;-;-;-;-;-;-;-
IDIK27C575900;BRBMEFCIK948;FINANCIAL;-;-;-;-;-;-;-;-;-;418,88;-;-;-;-;-;-;-
IDIK27C576000;BRBMEFCIK955;FINANCIAL;-;-;-;-;-;-;-;-;-;411,04;-;-;-;-;-;-;-
IDIK27C576100;BRBMEFCIK963;FINANCIAL;-;-;-;-;-;-;-;-;-;403,43;-;-;-;-;-;-;-
IDIK27C576200;BRBMEFCIK971;FINANCIAL;-;-;-;-;-;-;-;-;-;396,16;-;-;-;-;-;-;-
IDIK27C576300;BRBMEFCIK989;FINANCIAL;-;-;-;-;-;-;-;-;-;389,22;-;-;-;-;-;-;-
IDIK27C576400;BRBMEFCIK997;FINANCIAL;-;-;-;-;-;-;-;-;-;382,59;-;-;-;-;-;-;-
IDIK27C576500;BRBMEFCIK9A6;FINANCIAL;-;-;-;-;-;-;-;-;-;375,88;-;-;-;-;-;-;-
IDIK27C576600;BRBMEFCIK9B4;FINANCIAL;-;-;-;-;-;-;-;-;-;369,47;-;-;-;-;-;-;-
IDIK27C576700;BRBMEFCIK9C2;FINANCIAL;-;-;-;-;-;-;-;-;-;362,97;-;-;-;-;-;-;-
IDIK27C576800;BRBMEFCIK9D0;FINANCIAL;-;-;-;-;-;-;-;-;-;356,73;-;-;-;-;-;-;-
IDIK27C576900;BRBMEFCIK9E8;FINANCIAL;-;-;-;-;-;-;-;-;-;350,64;-;-;-;-;-;-;-
IDIK27C577000;BRBMEFCIK9F5;FINANCIAL;-;-;-;-;-;-;-;-;-;344,89;-;-;-;-;-;-;-
IDIK27C577100;BRBMEFCIK9G3;FINANCIAL;-;-;-;-;-;-;-;-;-;339,16;-;-;-;-;-;-;-
IDIK27C577200;BRBMEFCIK9H1;FINANCIAL;-;-;-;-;-;-;-;-;-;333,64;-;-;-;-;-;-;-
IDIK27C577300;BRBMEFCIK9I9;FINANCIAL;-;-;-;-;-;-;-;-;-;327,91;-;-;-;-;-;-;-
IDIK27P574300;BRBMEFVIK8N8;FINANCIAL;-;-;-;-;-;-;-;-;-;1217,16;-;-;-;-;-;-;-
IDIK27P574400;BRBMEFVIK8O6;FINANCIAL;-;-;-;-;-;-;-;-;-;1290,14;-;-;-;-;-;-;-
IDIK27P574500;BRBMEFVIK8P3;FINANCIAL;-;-;-;-;-;-;-;-;-;1364,51;-;-;-;-;-;-;-
IDIK27P574600;BRBMEFVIK8Q1;FINANCIAL;-;-;-;-;-;-;-;-;-;1440,48;-;-;-;-;-;-;-
IDIK27P574700;BRBMEFVIK8R9;FINANCIAL;-;-;-;-;-;-;-;-;-;1516,75;-;-;-;-;-;-;-
IDIK27P574800;BRBMEFVIK8S7;FINANCIAL;-;-;-;-;-;-;-;-;-;1594,34;-;-;-;-;-;-;-
IDIK27P574900;BRBMEFVIK8T5;FINANCIAL;-;-;-;-;-;-;-;-;-;1674,82;-;-;-;-;-;-;-
IDIK27P575000;BRBMEFVIK8U3;FINANCIAL;-;-;-;-;-;-;-;-;-;1756,72;-;-;-;-;-;-;-
IDIK27P575100;BRBMEFVIK8V1;FINANCIAL;-;-;-;-;-;-;-;-;-;1838,95;-;-;-;-;-;-;-
IDIK27P575200;BRBMEFVIK8W9;FINANCIAL;-;-;-;-;-;-;-;-;-;1920,75;-;-;-;-;-;-;-
IDIK27P575300;BRBMEFVIK8X7;FINANCIAL;-;-;-;-;-;-;-;-;-;2003,27;-;-;-;-;-;-;-
IDIK27P575400;BRBMEFVIK8Y5;FINANCIAL;-;-;-;-;-;-;-;-;-;2086,73;-;-;-;-;-;-;-
IDIK27P575500;BRBMEFVIK8Z2;FINANCIAL;-;-;-;-;-;-;-;-;-;2170,81;-;-;-;-;-;-;-
IDIK27P575600;BRBMEFVIK906;FINANCIAL;-;-;-;-;-;-;-;-;-;2255,34;-;-;-;-;-;-;-
IDIK27P575700;BRBMEFVIK914;FINANCIAL;-;-;-;-;-;-;-;-;-;2339,21;-;-;-;-;-;-;-
IDIK27P575800;BRBMEFVIK922;FINANCIAL;-;-;-;-;-;-;-;-;-;2423,23;-;-;-;-;-;-;-
IDIK27P575900;BRBMEFVIK930;FINANCIAL;-;-;-;-;-;-;-;-;-;2507,66;-;-;-;-;-;-;-
IDIK27P576000;BRBMEFVIK948;FINANCIAL;-;-;-;-;-;-;-;-;-;2592,2;-;-;-;-;-;-;-
IDIK27P576100;BRBMEFVIK955;FINANCIAL;-;-;-;-;-;-;-;-;-;2676,98;-;-;-;-;-;-;-
IDIK27P576200;BRBMEFVIK963;FINANCIAL;-;-;-;-;-;-;-;-;-;2762,1;-;-;-;-;-;-;-
IDIK27P576300;BRBMEFVIK971;FINANCIAL;-;-;-;-;-;-;-;-;-;2847,55;-;-;-;-;-;-;-
IDIK27P576400;BRBMEFVIK989;FINANCIAL;-;-;-;-;-;-;-;-;-;2933,31;-;-;-;-;-;-;-
IDIK27P576500;BRBMEFVIK997;FINANCIAL;-;-;-;-;-;-;-;-;-;3019;-;-;-;-;-;-;-
IDIK27P576600;BRBMEFVIK9A3;FINANCIAL;-;-;-;-;-;-;-;-;-;3104,97;-;-;-;-;-;-;-
IDIK27P576700;BRBMEFVIK9B1;FINANCIAL;-;-;-;-;-;-;-;-;-;3190,86;-;-;-;-;-;-;-
IDIK27P576800;BRBMEFVIK9C9;FINANCIAL;-;-;-;-;-;-;-;-;-;3277,01;-;-;-;-;-;-;-
IDIK27P576900;BRBMEFVIK9D7;FINANCIAL;-;-;-;-;-;-;-;-;-;3363,31;-;-;-;-;-;-;-
IDIK27P577000;BRBMEFVIK9E5;FINANCIAL;-;-;-;-;-;-;-;-;-;3449,95;-;-;-;-;-;-;-
IDIK27P577100;BRBMEFVIK9F2;FINANCIAL;-;-;-;-;-;-;-;-;-;3536,6;-;-;-;-;-;-;-
IDIK27P577200;BRBMEFVIK9G0;FINANCIAL;-;-;-;-;-;-;-;-;-;3623,48;-;-;-;-;-;-;-
IDIK27P577300;BRBMEFVIK9H8;FINANCIAL;-;-;-;-;-;-;-;-;-;3710,14;-;-;-;-;-;-;-
IDIV27C607000;BRBMEFCIVY52;FINANCIAL;-;-;-;-;-;-;-;-;-;1722,34;-;-;-;-;-;-;-
IDIV27C607100;BRBMEFCIVY60;FINANCIAL;-;-;-;-;-;-;-;-;-;1694,28;-;-;-;-;-;-;-
IDIV27C607200;BRBMEFCIVY78;FINANCIAL;-;-;-;-;-;-;-;-;-;1667,11;-;-;-;-;-;-;-
IDIV27C607300;BRBMEFCIVY86;FINANCIAL;-;-;-;-;-;-;-;-;-;1640,84;-;-;-;-;-;-;-
IDIV27C607400;BRBMEFCIVY94;FINANCIAL;-;-;-;-;-;-;-;-;-;1615,45;-;-;-;-;-;-;-
IDIV27C607500;BRBMEFCIVYA0;FINANCIAL;-;-;-;-;-;-;-;-;-;1590,3;-;-;-;-;-;-;-
IDIV27C607600;BRBMEFCIVYB8;FINANCIAL;-;-;-;-;-;-;-;-;-;1566;-;-;-;-;-;-;-
IDIV27C607700;BRBMEFCIVYC6;FINANCIAL;-;-;-;-;-;-;-;-;-;1542,35;-;-;-;-;-;-;-
IDIV27C607800;BRBMEFCIVYD4;FINANCIAL;-;-;-;-;-;-;-;-;-;1519,12;-;-;-;-;-;-;-
IDIV27C607900;BRBMEFCIVYE2;FINANCIAL;-;-;-;-;-;-;-;-;-;1496,31;-;-;-;-;-;-;-
IDIV27C608000;BRBMEFCIVYF9;FINANCIAL;-;-;-;-;-;-;-;-;-;1473,91;-;-;-;-;-;-;-
IDIV27C608100;BRBMEFCIVYG7;FINANCIAL;-;-;-;-;-;-;-;-;-;1451,7;-;-;-;-;-;-;-
IDIV27C608200;BRBMEFCIVYH5;FINANCIAL;-;-;-;-;-;-;-;-;-;1429,89;-;-;-;-;-;-;-
IDIV27C608300;BRBMEFCIVYI3;FINANCIAL;-;-;-;-;-;-;-;-;-;1408,46;-;-;-;-;-;-;-
IDIV27C608400;BRBMEFCIVYJ1;FINANCIAL;-;-;-;-;-;-;-;-;-;1387,42;-;-;-;-;-;-;-
IDIV27C608500;BRBMEFCIVYK9;FINANCIAL;-;-;-;-;-;-;-;-;-;1366,95;-;-;-;-;-;-;-
IDIV27C608600;BRBMEFCIVYL7;FINANCIAL;-;-;-;-;-;-;-;-;-;1346,65;-;-;-;-;-;-;-
IDIV27C608700;BRBMEFCIVYM5;FINANCIAL;-;-;-;-;-;-;-;-;-;1327,11;-;-;-;-;-;-;-
IDIV27C608800;BRBMEFCIVYN3;FINANCIAL;-;-;-;-;-;-;-;-;-;1308,11;-;-;-;-;-;-;-
IDIV27C608900;BRBMEFCIVYO1;FINANCIAL;-;-;-;-;-;-;-;-;-;1290,05;-;-;-;-;-;-;-
IDIV27C609000;BRBMEFCIVYP8;FINANCIAL;-;-;-;-;-;-;-;-;-;1272,7;-;-;-;-;-;-;-
IDIV27C609100;BRBMEFCIVYQ6;FINANCIAL;-;-;-;-;-;-;-;-;-;1256,05;-;-;-;-;-;-;-
IDIV27C609200;BRBMEFCIVYR4;FINANCIAL;-;-;-;-;-;-;-;-;-;1239,91;-;-;-;-;-;-;-
IDIV27C609300;BRBMEFCIVYS2;FINANCIAL;-;-;-;-;-;-;-;-;-;1224,06;-;-;-;-;-;-;-
IDIV27C609400;BRBMEFCIVYT0;FINANCIAL;-;-;-;-;-;-;-;-;-;1208,51;-;-;-;-;-;-;-
IDIV27C609500;BRBMEFCIVYU8;FINANCIAL;-;-;-;-;-;-;-;-;-;1193,05;-;-;-;-;-;-;-
IDIV27C609600;BRBMEFCIVYV6;FINANCIAL;-;-;-;-;-;-;-;-;-;1177,5;-;-;-;-;-;-;-
IDIV27C609700;BRBMEFCIVYW4;FINANCIAL;-;-;-;-;-;-;-;-;-;1162,04;-;-;-;-;-;-;-
IDIV27C609800;BRBMEFCIVYX2;FINANCIAL;-;-;-;-;-;-;-;-;-;1146,86;-;-;-;-;-;-;-
IDIV27C609900;BRBMEFCIVYY0;FINANCIAL;-;-;-;-;-;-;-;-;-;1132,5;-;-;-;-;-;-;-
IDIV27C610000;BRBMEFCIVYZ7;FINANCIAL;-;-;-;-;-;-;-;-;-;1118,59;-;-;-;-;-;-;-
IDIV27P607000;BRBMEFVIVY59;FINANCIAL;-;-;-;-;-;-;-;-;-;2807,31;-;-;-;-;-;-;-
IDIV27P607100;BRBMEFVIVY67;FINANCIAL;-;-;-;-;-;-;-;-;-;2866,74;-;-;-;-;-;-;-
IDIV27P607200;BRBMEFVIVY75;FINANCIAL;-;-;-;-;-;-;-;-;-;2927,06;-;-;-;-;-;-;-
IDIV27P607300;BRBMEFVIVY83;FINANCIAL;-;-;-;-;-;-;-;-;-;2988,28;-;-;-;-;-;-;-
IDIV27P607400;BRBMEFVIVY91;FINANCIAL;-;-;-;-;-;-;-;-;-;3050,38;-;-;-;-;-;-;-
IDIV27P607500;BRBMEFVIVYA0;FINANCIAL;-;-;-;-;-;-;-;-;-;3112,72;-;-;-;-;-;-;-
IDIV27P607600;BRBMEFVIVYB8;FINANCIAL;-;-;-;-;-;-;-;-;-;3175,92;-;-;-;-;-;-;-
IDIV27P607700;BRBMEFVIVYC6;FINANCIAL;-;-;-;-;-;-;-;-;-;3239,75;-;-;-;-;-;-;-
IDIV27P607800;BRBMEFVIVYD4;FINANCIAL;-;-;-;-;-;-;-;-;-;3304,02;-;-;-;-;-;-;-
IDIV27P607900;BRBMEFVIVYE2;FINANCIAL;-;-;-;-;-;-;-;-;-;3368,69;-;-;-;-;-;-;-
IDIV27P608000;BRBMEFVIVYF9;FINANCIAL;-;-;-;-;-;-;-;-;-;3433,78;-;-;-;-;-;-;-
IDIV27P608100;BRBMEFVIVYG7;FINANCIAL;-;-;-;-;-;-;-;-;-;3499,06;-;-;-;-;-;-;-
IDIV27P608200;BRBMEFVIVYH5;FINANCIAL;-;-;-;-;-;-;-;-;-;3564,74;-;-;-;-;-;-;-
IDIV27P608300;BRBMEFVIVYI3;FINANCIAL;-;-;-;-;-;-;-;-;-;3630,81;-;-;-;-;-;-;-
IDIV27P608400;BRBMEFVIVYJ1;FINANCIAL;-;-;-;-;-;-;-;-;-;3697,26;-;-;-;-;-;-;-
IDIV27P608500;BRBMEFVIVYK9;FINANCIAL;-;-;-;-;-;-;-;-;-;3764,28;-;-;-;-;-;-;-
IDIV27P608600;BRBMEFVIVYL7;FINANCIAL;-;-;-;-;-;-;-;-;-;3831,47;-;-;-;-;-;-;-
IDIV27P608700;BRBMEFVIVYM5;FINANCIAL;-;-;-;-;-;-;-;-;-;3899,42;-;-;-;-;-;-;-
IDIV27P608800;BRBMEFVIVYN3;FINANCIAL;-;-;-;-;-;-;-;-;-;3967,91;-;-;-;-;-;-;-
IDIV27P608900;BRBMEFVIVYO1;FINANCIAL;-;-;-;-;-;-;-;-;-;4037,33;-;-;-;-;-;-;-
IDIV27P609000;BRBMEFVIVYP8;FINANCIAL;-;-;-;-;-;-;-;-;-;4107,47;-;-;-;-;-;-;-
IDIV27P609100;BRBMEFVIVYQ6;FINANCIAL;-;-;-;-;-;-;-;-;-;4178,32;-;-;-;-;-;-;-
IDIV27P609200;BRBMEFVIVYR4;FINANCIAL;-;-;-;-;-;-;-;-;-;4249,67;-;-;-;-;-;-;-
IDIV27P609300;BRBMEFVIVYS2;FINANCIAL;-;-;-;-;-;-;-;-;-;4321,31;-;-;-;-;-;-;-
IDIV27P609400;BRBMEFVIVYT0;FINANCIAL;-;-;-;-;-;-;-;-;-;4393,25;-;-;-;-;-;-;-
IDIV27P609500;BRBMEFVIVYU8;FINANCIAL;-;-;-;-;-;-;-;-;-;4465,28;-;-;-;-;-;-;-
IDIV27P609600;BRBMEFVIVYV6;FINANCIAL;-;-;-;-;-;-;-;-;-;4537,22;-;-;-;-;-;-;-
IDIV27P609700;BRBMEFVIVYW4;FINANCIAL;-;-;-;-;-;-;-;-;-;4609,25;-;-;-;-;-;-;-
IDIV27P609800;BRBMEFVIVYX2;FINANCIAL;-;-;-;-;-;-;-;-;-;4681,56;-;-;-;-;-;-;-
IDIV27P609900;BRBMEFVIVYY0;FINANCIAL;-;-;-;-;-;-;-;-;-;4754,7;-;-;-;-;-;-;-
IDIV27P610000;BRBMEFVIVYZ7;FINANCIAL;-;-;-;-;-;-;-;-;-;4828,27;-;-;-;-;-;-;-
IDIJ27C570600;BRBMEFCIJX00;FINANCIAL;-;-;-;-;-;-;-;-;-;247,87;-;-;-;-;-;-;-
IDIJ27C570700;BRBMEFCIJX18;FINANCIAL;-;-;-;-;-;-;-;-;-;242,87;-;-;-;-;-;-;-
IDIJ27C570800;BRBMEFCIJX26;FINANCIAL;-;-;-;-;-;-;-;-;-;238,1;-;-;-;-;-;-;-
IDIJ27C570900;BRBMEFCIJX34;FINANCIAL;-;-;-;-;-;-;-;-;-;233,46;-;-;-;-;-;-;-
IDIJ27C571000;BRBMEFCIJX42;FINANCIAL;-;-;-;-;-;-;-;-;-;229,03;-;-;-;-;-;-;-
IDIJ27C571100;BRBMEFCIJX59;FINANCIAL;-;-;-;-;-;-;-;-;-;224,79;-;-;-;-;-;-;-
IDIJ27P570600;BRBMEFVIJX07;FINANCIAL;-;-;-;-;-;-;-;-;-;3038,69;-;-;-;-;-;-;-
IDIJ27P570700;BRBMEFVIJX15;FINANCIAL;-;-;-;-;-;-;-;-;-;3127,07;-;-;-;-;-;-;-
IDIJ27P570800;BRBMEFVIJX23;FINANCIAL;-;-;-;-;-;-;-;-;-;3215,67;-;-;-;-;-;-;-
IDIJ27P570900;BRBMEFVIJX31;FINANCIAL;-;-;-;-;-;-;-;-;-;3304,4;-;-;-;-;-;-;-
IDIJ27P571000;BRBMEFVIJX49;FINANCIAL;-;-;-;-;-;-;-;-;-;3393,34;-;-;-;-;-;-;-
IDIJ27P571100;BRBMEFVIJX56;FINANCIAL;-;-;-;-;-;-;-;-;-;3482,47;-;-;-;-;-;-;-
IDIN27C587700;BRBMEFCICMF4;FINANCIAL;-;-;-;-;-;-;-;-;-;832,57;-;-;-;-;-;-;-
IDIN27C587800;BRBMEFCICMG2;FINANCIAL;-;-;-;-;-;-;-;-;-;814,97;-;-;-;-;-;-;-
IDIN27C587900;BRBMEFCICMH0;FINANCIAL;-;-;-;-;-;-;-;-;-;799,12;-;-;-;-;-;-;-
IDIN27C588000;BRBMEFCICMI8;FINANCIAL;-;-;-;-;-;-;-;-;-;784,96;-;-;-;-;-;-;-
IDIN27C588200;BRBMEFCICMJ6;FINANCIAL;-;-;-;-;-;-;-;-;-;759,38;-;-;-;-;-;-;-
IDIN27C588300;BRBMEFCICMK4;FINANCIAL;-;-;-;-;-;-;-;-;-;747,07;-;-;-;-;-;-;-
IDIN27C588400;BRBMEFCICML2;FINANCIAL;-;-;-;-;-;-;-;-;-;734,85;-;-;-;-;-;-;-
IDIN27C588500;BRBMEFCICMM0;FINANCIAL;-;-;-;-;-;-;-;-;-;722,86;-;-;-;-;-;-;-
IDIN27C588600;BRBMEFCICMN8;FINANCIAL;-;-;-;-;-;-;-;-;-;711,1;-;-;-;-;-;-;-
IDIN27C588700;BRBMEFCICMO6;FINANCIAL;-;-;-;-;-;-;-;-;-;699,87;-;-;-;-;-;-;-
IDIN27C588800;BRBMEFCICMP3;FINANCIAL;-;-;-;-;-;-;-;-;-;689,16;-;-;-;-;-;-;-
IDIN27C588900;BRBMEFCICMQ1;FINANCIAL;-;-;-;-;-;-;-;-;-;679,09;-;-;-;-;-;-;-
IDIN27C589000;BRBMEFCICMR9;FINANCIAL;-;-;-;-;-;-;-;-;-;669,19;-;-;-;-;-;-;-
IDIN27C589100;BRBMEFCICMS7;FINANCIAL;-;-;-;-;-;-;-;-;-;659,3;-;-;-;-;-;-;-
IDIN27C589200;BRBMEFCICMT5;FINANCIAL;-;-;-;-;-;-;-;-;-;649,4;-;-;-;-;-;-;-
IDIN27P587700;BRBMEFVI2MF5;FINANCIAL;-;-;-;-;-;-;-;-;-;2342,75;-;-;-;-;-;-;-
IDIN27P587800;BRBMEFVI2MG3;FINANCIAL;-;-;-;-;-;-;-;-;-;2415,59;-;-;-;-;-;-;-
IDIN27P587900;BRBMEFVI2MH1;FINANCIAL;-;-;-;-;-;-;-;-;-;2490,17;-;-;-;-;-;-;-
IDIN27P588000;BRBMEFVI2MI9;FINANCIAL;-;-;-;-;-;-;-;-;-;2566,45;-;-;-;-;-;-;-
IDIN27P588200;BRBMEFVI2MJ7;FINANCIAL;-;-;-;-;-;-;-;-;-;2721,74;-;-;-;-;-;-;-
IDIN27P588300;BRBMEFVI2MK5;FINANCIAL;-;-;-;-;-;-;-;-;-;2799,86;-;-;-;-;-;-;-
IDIN27P588400;BRBMEFVI2ML3;FINANCIAL;-;-;-;-;-;-;-;-;-;2878,07;-;-;-;-;-;-;-
IDIN27P588500;BRBMEFVI2MM1;FINANCIAL;-;-;-;-;-;-;-;-;-;2956,52;-;-;-;-;-;-;-
IDIN27P588600;BRBMEFVI2MN9;FINANCIAL;-;-;-;-;-;-;-;-;-;3035,2;-;-;-;-;-;-;-
IDIN27P588700;BRBMEFVI2MO7;FINANCIAL;-;-;-;-;-;-;-;-;-;3114,41;-;-;-;-;-;-;-
IDIN27P588800;BRBMEFVI2MP4;FINANCIAL;-;-;-;-;-;-;-;-;-;3194,13;-;-;-;-;-;-;-
IDIN27P588900;BRBMEFVI2MQ2;FINANCIAL;-;-;-;-;-;-;-;-;-;3274,5;-;-;-;-;-;-;-
IDIN27P589000;BRBMEFVI2MR0;FINANCIAL;-;-;-;-;-;-;-;-;-;3355,03;-;-;-;-;-;-;-
IDIN27P589100;BRBMEFVI2MS8;FINANCIAL;-;-;-;-;-;-;-;-;-;3435,58;-;-;-;-;-;-;-
IDIN27P589200;BRBMEFVI2MT6;FINANCIAL;-;-;-;-;-;-;-;-;-;3516,12;-;-;-;-;-;-;-
IDIF27C900000;BRBMEFCID0M9;FINANCIAL;-;-;-;-;-;-;-;-;-;0,01;-;-;-;-;-;-;-
IDIF27P900000;BRBMEFFI00M4;FINANCIAL;-;-;-;-;-;-;-;-;-;336094,22;-;-;-;-;-;-;-
IDIG27C900000;BRBMEFCIG9O3;FINANCIAL;-;-;-;-;-;-;-;-;-;0,01;-;-;-;-;-;-;-
IDIG27P900000;BRBMEFVIG9O0;FINANCIAL;-;-;-;-;-;-;-;-;-;327476,33;-;-;-;-;-;-;-
IDIH27C900000;BRBMEFCIH9D5;FINANCIAL;-;-;-;-;-;-;-;-;-;0,01;-;-;-;-;-;-;-
IDIH27P900000;BRBMEFVIH9D2;FINANCIAL;-;-;-;-;-;-;-;-;-;319733,33;-;-;-;-;-;-;-
IDIJ27C900000;BRBMEFCIJX67;FINANCIAL;-;-;-;-;-;-;-;-;-;0,01;-;-;-;-;-;-;-
IDIJ27P900000;BRBMEFVIJX64;FINANCIAL;-;-;-;-;-;-;-;-;-;310353,67;-;-;-;-;-;-;-
IDIV26C900000;BRBMEFCIVZ02;FINANCIAL;-;-;-;-;-;-;-;-;-;0,01;-;-;-;-;-;-;-
IDIV26P900000;BRBMEFVIVZ09;FINANCIAL;-;-;-;-;-;-;-;-;-;363606,37;-;-;-;-;-;-;-
IDIX26C900000;BRBMEFCIXB32;FINANCIAL;-;-;-;-;-;-;-;-;-;0,01;-;-;-;-;-;-;-
IDIX26P900000;BRBMEFVIXB62;FINANCIAL;-;-;-;-;-;-;-;-;-;354119,77;-;-;-;-;-;-;-
IDIZ26C900000;BRBMEFCIZAL8;FINANCIAL;-;-;-;-;-;-;-;-;-;0,01;-;-;-;-;-;-;-
IDIZ26P900000;BRBMEFVIZAL8;FINANCIAL;-;-;-;-;-;-;-;-;-;345711,22;-;-;-;-;-;-;-
D13F28C001125;BRBMEFD302C4;FINANCIAL;-;-;-;-;-;-;-;-;-;2123,46;-;-;-;-;-;-;-
D13F28C001150;BRBMEFD302D2;FINANCIAL;-;-;-;-;-;-;-;-;-;1992,14;-;-;-;-;-;-;-
D13F28C001175;BRBMEFD302E0;FINANCIAL;-;-;-;-;-;-;-;-;-;1865,45;-;-;-;-;-;-;-
D13F28C001200;BRBMEFD302F7;FINANCIAL;-;-;-;-;-;-;-;-;-;1743,5;-;-;-;-;-;-;-
D13F28C001225;BRBMEFD302G5;FINANCIAL;-;-;-;-;-;-;-;-;-;1626,4;-;-;-;-;-;-;-
D13F28C001250;BRBMEFD302H3;FINANCIAL;-;-;-;-;-;-;-;-;-;1519,16;-;-;-;-;-;-;-
D13F28C001275;BRBMEFD302I1;FINANCIAL;-;-;-;-;-;-;-;-;-;1418,04;-;-;-;-;-;-;-
D13F28C001300;BRBMEFD302J9;FINANCIAL;-;-;-;-;-;-;-;-;-;1322,32;-;-;-;-;-;-;-
D13F28C001325;BRBMEFD302K7;FINANCIAL;-;-;-;-;-;-;-;-;-;1231,89;-;-;-;-;-;-;-
D13F28C001350;BRBMEFD302L5;FINANCIAL;-;-;-;-;-;-;-;-;-;1147,85;-;-;-;-;-;-;-
D13F28C001375;BRBMEFD302M3;FINANCIAL;-;-;-;-;-;-;-;-;-;1070,93;-;-;-;-;-;-;-
D13F28C001400;BRBMEFD302N1;FINANCIAL;-;-;-;-;-;-;-;-;-;998,96;-;-;-;-;-;-;-
D13F28C001425;BRBMEFD302O9;FINANCIAL;-;-;-;-;-;-;-;-;-;932,12;-;-;-;-;-;-;-
D13F28C001450;BRBMEFD302P6;FINANCIAL;-;-;-;-;-;-;-;-;-;869,37;-;-;-;-;-;-;-
D13F28C001475;BRBMEFD302Q4;FINANCIAL;-;-;-;-;-;-;-;-;-;811,71;-;-;-;-;-;-;-
D13F28C001500;BRBMEFD302R2;FINANCIAL;-;-;-;-;-;-;-;-;-;759,31;-;-;-;-;-;-;-
D13F28P001125;BRBMEFP301S8;FINANCIAL;-;-;-;-;-;-;-;-;-;227,88;-;-;-;-;-;-;-
D13F28P001150;BRBMEFP301T6;FINANCIAL;-;-;-;-;-;-;-;-;-;264,9;-;-;-;-;-;-;-
D13F28P001175;BRBMEFP301U4;FINANCIAL;-;-;-;-;-;-;-;-;-;305,79;-;-;-;-;-;-;-
D13F28P001200;BRBMEFP301V2;FINANCIAL;-;-;-;-;-;-;-;-;-;350,69;-;-;-;-;-;-;-
D13F28P001225;BRBMEFP301W0;FINANCIAL;-;-;-;-;-;-;-;-;-;399,7;-;-;-;-;-;-;-
D13F28P001250;BRBMEFP301X8;FINANCIAL;-;-;-;-;-;-;-;-;-;457,83;-;-;-;-;-;-;-
D13F28P001275;BRBMEFP301Y6;FINANCIAL;-;-;-;-;-;-;-;-;-;521,36;-;-;-;-;-;-;-
D13F28P001300;BRBMEFP301Z3;FINANCIAL;-;-;-;-;-;-;-;-;-;589,57;-;-;-;-;-;-;-
D13F28P001325;BRBMEFP30202;FINANCIAL;-;-;-;-;-;-;-;-;-;662,35;-;-;-;-;-;-;-
D13F28P001350;BRBMEFP30210;FINANCIAL;-;-;-;-;-;-;-;-;-;740,8;-;-;-;-;-;-;-
D13F28P001375;BRBMEFP30228;FINANCIAL;-;-;-;-;-;-;-;-;-;825,67;-;-;-;-;-;-;-
D13F28P001400;BRBMEFP30236;FINANCIAL;-;-;-;-;-;-;-;-;-;914,77;-;-;-;-;-;-;-
D13F28P001425;BRBMEFP30244;FINANCIAL;-;-;-;-;-;-;-;-;-;1008,32;-;-;-;-;-;-;-
D13F28P001450;BRBMEFP30251;FINANCIAL;-;-;-;-;-;-;-;-;-;1105,26;-;-;-;-;-;-;-
D13F28P001475;BRBMEFP30269;FINANCIAL;-;-;-;-;-;-;-;-;-;1206,6;-;-;-;-;-;-;-
D13F28P001500;BRBMEFP30277;FINANCIAL;-;-;-;-;-;-;-;-;-;1312,51;-;-;-;-;-;-;-
IDIV27C614000;BRBMEFCIVZ10;FINANCIAL;-;-;-;-;-;-;-;-;-;708,09;-;-;-;-;-;-;-
IDIV27C620000;BRBMEFCIVZ28;FINANCIAL;-;-;-;-;-;-;-;-;-;406,98;-;-;-;-;-;-;-
IDIV27P614000;BRBMEFVIVZ17;FINANCIAL;-;-;-;-;-;-;-;-;-;7917,39;-;-;-;-;-;-;-
IDIV27P620000;BRBMEFVIVZ25;FINANCIAL;-;-;-;-;-;-;-;-;-;12865,7;-;-;-;-;-;-;-
IDIF28C636000;BRBMEFCID0N7;FINANCIAL;-;-;-;-;-;-;-;-;-;1010,6;-;-;-;-;-;-;-
IDIF28C636100;BRBMEFCID0O5;FINANCIAL;-;-;-;-;-;-;-;-;-;1001,15;-;-;-;-;-;-;-
IDIF28C636200;BRBMEFCID0P2;FINANCIAL;-;-;-;-;-;-;-;-;-;991,64;-;-;-;-;-;-;-
IDIF28C636300;BRBMEFCID0Q0;FINANCIAL;-;-;-;-;-;-;-;-;-;982,24;-;-;-;-;-;-;-
IDIF28C636400;BRBMEFCID0R8;FINANCIAL;-;-;-;-;-;-;-;-;-;972,96;-;-;-;-;-;-;-
IDIF28C636500;BRBMEFCID0S6;FINANCIAL;-;-;-;-;-;-;-;-;-;963,78;-;-;-;-;-;-;-
IDIF28C636600;BRBMEFCID0T4;FINANCIAL;-;-;-;-;-;-;-;-;-;954,54;-;-;-;-;-;-;-
IDIF28C636700;BRBMEFCID0U2;FINANCIAL;-;-;-;-;-;-;-;-;-;945,57;-;-;-;-;-;-;-
IDIF28C636800;BRBMEFCID0V0;FINANCIAL;-;-;-;-;-;-;-;-;-;936,55;-;-;-;-;-;-;-
IDIF28C636900;BRBMEFCID0W8;FINANCIAL;-;-;-;-;-;-;-;-;-;927,79;-;-;-;-;-;-;-
IDIF28C637000;BRBMEFCID0X6;FINANCIAL;-;-;-;-;-;-;-;-;-;918,97;-;-;-;-;-;-;-
IDIF28P636000;BRBMEFFI00N2;FINANCIAL;-;-;-;-;-;-;-;-;-;9885,14;-;-;-;-;-;-;-
IDIF28P636100;BRBMEFFI00O0;FINANCIAL;-;-;-;-;-;-;-;-;-;9960,41;-;-;-;-;-;-;-
IDIF28P636200;BRBMEFFI00P7;FINANCIAL;-;-;-;-;-;-;-;-;-;10035,63;-;-;-;-;-;-;-
IDIF28P636300;BRBMEFFI00Q5;FINANCIAL;-;-;-;-;-;-;-;-;-;10110,96;-;-;-;-;-;-;-
IDIF28P636400;BRBMEFFI00R3;FINANCIAL;-;-;-;-;-;-;-;-;-;10186,4;-;-;-;-;-;-;-
IDIF28P636500;BRBMEFFI00S1;FINANCIAL;-;-;-;-;-;-;-;-;-;10261,94;-;-;-;-;-;-;-
IDIF28P636600;BRBMEFFI00T9;FINANCIAL;-;-;-;-;-;-;-;-;-;10337,44;-;-;-;-;-;-;-
IDIF28P636700;BRBMEFFI00U7;FINANCIAL;-;-;-;-;-;-;-;-;-;10413,19;-;-;-;-;-;-;-
IDIF28P636800;BRBMEFFI00V5;FINANCIAL;-;-;-;-;-;-;-;-;-;10488,9;-;-;-;-;-;-;-
IDIF28P636900;BRBMEFFI00W3;FINANCIAL;-;-;-;-;-;-;-;-;-;10564,86;-;-;-;-;-;-;-
IDIF28P637000;BRBMEFFI00X1;FINANCIAL;-;-;-;-;-;-;-;-;-;10640,77;-;-;-;-;-;-;-
IDIG27C559600;BRBMEFCIG9P0;FINANCIAL;-;-;-;-;-;-;-;-;-;28,14;-;-;-;-;-;-;-
IDIG27C559700;BRBMEFCIG9Q8;FINANCIAL;-;-;-;-;-;-;-;-;-;25,13;-;-;-;-;-;-;-
IDIG27C559800;BRBMEFCIG9R6;FINANCIAL;-;-;-;-;-;-;-;-;-;22,28;-;-;-;-;-;-;-
IDIG27C559900;BRBMEFCIG9S4;FINANCIAL;-;-;-;-;-;-;-;-;-;19,54;-;-;-;-;-;-;-
IDIG27P559600;BRBMEFVIG9P7;FINANCIAL;-;-;-;-;-;-;-;-;-;3194,69;-;-;-;-;-;-;-
IDIG27P559700;BRBMEFVIG9Q5;FINANCIAL;-;-;-;-;-;-;-;-;-;3286,95;-;-;-;-;-;-;-
IDIG27P559800;BRBMEFVIG9R3;FINANCIAL;-;-;-;-;-;-;-;-;-;3379,37;-;-;-;-;-;-;-
IDIG27P559900;BRBMEFVIG9S1;FINANCIAL;-;-;-;-;-;-;-;-;-;3471,9;-;-;-;-;-;-;-
IDIH27C565100;BRBMEFCIH9E3;FINANCIAL;-;-;-;-;-;-;-;-;-;108,78;-;-;-;-;-;-;-
IDIH27C565200;BRBMEFCIH9F0;FINANCIAL;-;-;-;-;-;-;-;-;-;106,57;-;-;-;-;-;-;-
IDIH27C565300;BRBMEFCIH9G8;FINANCIAL;-;-;-;-;-;-;-;-;-;104,41;-;-;-;-;-;-;-
IDIH27C565400;BRBMEFCIH9H6;FINANCIAL;-;-;-;-;-;-;-;-;-;102,35;-;-;-;-;-;-;-
IDIH27C565500;BRBMEFCIH9I4;FINANCIAL;-;-;-;-;-;-;-;-;-;100,23;-;-;-;-;-;-;-
IDIH27C565600;BRBMEFCIH9J2;FINANCIAL;-;-;-;-;-;-;-;-;-;98,31;-;-;-;-;-;-;-
IDIH27C565700;BRBMEFCIH9K0;FINANCIAL;-;-;-;-;-;-;-;-;-;96,54;-;-;-;-;-;-;-
IDIH27C565800;BRBMEFCIH9L8;FINANCIAL;-;-;-;-;-;-;-;-;-;94,69;-;-;-;-;-;-;-
IDIH27P565100;BRBMEFVIH9E0;FINANCIAL;-;-;-;-;-;-;-;-;-;3653,61;-;-;-;-;-;-;-
IDIH27P565200;BRBMEFVIH9F7;FINANCIAL;-;-;-;-;-;-;-;-;-;3745,81;-;-;-;-;-;-;-
IDIH27P565300;BRBMEFVIH9G5;FINANCIAL;-;-;-;-;-;-;-;-;-;3838,06;-;-;-;-;-;-;-
IDIH27P565400;BRBMEFVIH9H3;FINANCIAL;-;-;-;-;-;-;-;-;-;3930,42;-;-;-;-;-;-;-
IDIH27P565500;BRBMEFVIH9I1;FINANCIAL;-;-;-;-;-;-;-;-;-;4022,71;-;-;-;-;-;-;-
IDIH27P565600;BRBMEFVIH9J9;FINANCIAL;-;-;-;-;-;-;-;-;-;4115,21;-;-;-;-;-;-;-
IDIH27P565700;BRBMEFVIH9K7;FINANCIAL;-;-;-;-;-;-;-;-;-;4207,84;-;-;-;-;-;-;-
IDIH27P565800;BRBMEFVIH9L5;FINANCIAL;-;-;-;-;-;-;-;-;-;4300,4;-;-;-;-;-;-;-
IDIJ27C571200;BRBMEFCIJX75;FINANCIAL;-;-;-;-;-;-;-;-;-;220,74;-;-;-;-;-;-;-
IDIJ27C571300;BRBMEFCIJX83;FINANCIAL;-;-;-;-;-;-;-;-;-;216,78;-;-;-;-;-;-;-
IDIJ27C571400;BRBMEFCIJX91;FINANCIAL;-;-;-;-;-;-;-;-;-;212,91;-;-;-;-;-;-;-
IDIJ27C571500;BRBMEFCIJXA7;FINANCIAL;-;-;-;-;-;-;-;-;-;209,11;-;-;-;-;-;-;-
IDIJ27C571600;BRBMEFCIJXB5;FINANCIAL;-;-;-;-;-;-;-;-;-;205,55;-;-;-;-;-;-;-
IDIJ27C571700;BRBMEFCIJXC3;FINANCIAL;-;-;-;-;-;-;-;-;-;202,05;-;-;-;-;-;-;-
IDIJ27C571800;BRBMEFCIJXD1;FINANCIAL;-;-;-;-;-;-;-;-;-;198,78;-;-;-;-;-;-;-
IDIJ27C571900;BRBMEFCIJXE9;FINANCIAL;-;-;-;-;-;-;-;-;-;195,56;-;-;-;-;-;-;-
IDIJ27C572000;BRBMEFCIJXF6;FINANCIAL;-;-;-;-;-;-;-;-;-;192,54;-;-;-;-;-;-;-
IDIJ27C572100;BRBMEFCIJXG4;FINANCIAL;-;-;-;-;-;-;-;-;-;189,64;-;-;-;-;-;-;-
IDIJ27C572200;BRBMEFCIJXH2;FINANCIAL;-;-;-;-;-;-;-;-;-;186,85;-;-;-;-;-;-;-
IDIJ27C572300;BRBMEFCIJXI0;FINANCIAL;-;-;-;-;-;-;-;-;-;184,16;-;-;-;-;-;-;-
IDIJ27C572400;BRBMEFCIJXJ8;FINANCIAL;-;-;-;-;-;-;-;-;-;181,72;-;-;-;-;-;-;-
IDIJ27C572600;BRBMEFCIJXK6;FINANCIAL;-;-;-;-;-;-;-;-;-;177,19;-;-;-;-;-;-;-
IDIJ27P571200;BRBMEFVIJX72;FINANCIAL;-;-;-;-;-;-;-;-;-;3571,79;-;-;-;-;-;-;-
IDIJ27P571300;BRBMEFVIJX80;FINANCIAL;-;-;-;-;-;-;-;-;-;3661,2;-;-;-;-;-;-;-
IDIJ27P571400;BRBMEFVIJX98;FINANCIAL;-;-;-;-;-;-;-;-;-;3750,7;-;-;-;-;-;-;-
IDIJ27P571500;BRBMEFVIJXA7;FINANCIAL;-;-;-;-;-;-;-;-;-;3840,27;-;-;-;-;-;-;-
IDIJ27P571600;BRBMEFVIJXB5;FINANCIAL;-;-;-;-;-;-;-;-;-;3930,08;-;-;-;-;-;-;-
IDIJ27P571700;BRBMEFVIJXC3;FINANCIAL;-;-;-;-;-;-;-;-;-;4019,96;-;-;-;-;-;-;-
IDIJ27P571800;BRBMEFVIJXD1;FINANCIAL;-;-;-;-;-;-;-;-;-;4110,05;-;-;-;-;-;-;-
IDIJ27P571900;BRBMEFVIJXE9;FINANCIAL;-;-;-;-;-;-;-;-;-;4200,2;-;-;-;-;-;-;-
IDIJ27P572000;BRBMEFVIJXF6;FINANCIAL;-;-;-;-;-;-;-;-;-;4290,55;-;-;-;-;-;-;-
IDIJ27P572100;BRBMEFVIJXG4;FINANCIAL;-;-;-;-;-;-;-;-;-;4381,02;-;-;-;-;-;-;-
IDIJ27P572200;BRBMEFVIJXH2;FINANCIAL;-;-;-;-;-;-;-;-;-;4471,6;-;-;-;-;-;-;-
IDIJ27P572300;BRBMEFVIJXI0;FINANCIAL;-;-;-;-;-;-;-;-;-;4562,29;-;-;-;-;-;-;-
IDIJ27P572400;BRBMEFVIJXJ8;FINANCIAL;-;-;-;-;-;-;-;-;-;4653,22;-;-;-;-;-;-;-
IDIJ27P572600;BRBMEFVIJXK6;FINANCIAL;-;-;-;-;-;-;-;-;-;4835,43;-;-;-;-;-;-;-
IDIK27C577400;BRBMEFCIK9J7;FINANCIAL;-;-;-;-;-;-;-;-;-;322,18;-;-;-;-;-;-;-
IDIK27C577500;BRBMEFCIK9K5;FINANCIAL;-;-;-;-;-;-;-;-;-;316,55;-;-;-;-;-;-;-
IDIK27C577600;BRBMEFCIK9L3;FINANCIAL;-;-;-;-;-;-;-;-;-;311,13;-;-;-;-;-;-;-
IDIK27C577700;BRBMEFCIK9M1;FINANCIAL;-;-;-;-;-;-;-;-;-;305,79;-;-;-;-;-;-;-
IDIK27C577800;BRBMEFCIK9N9;FINANCIAL;-;-;-;-;-;-;-;-;-;300,65;-;-;-;-;-;-;-
IDIK27C577900;BRBMEFCIK9O7;FINANCIAL;-;-;-;-;-;-;-;-;-;295,68;-;-;-;-;-;-;-
IDIK27C578000;BRBMEFCIK9P4;FINANCIAL;-;-;-;-;-;-;-;-;-;290,98;-;-;-;-;-;-;-
IDIK27C578100;BRBMEFCIK9Q2;FINANCIAL;-;-;-;-;-;-;-;-;-;286,44;-;-;-;-;-;-;-
IDIK27C578200;BRBMEFCIK9R0;FINANCIAL;-;-;-;-;-;-;-;-;-;282,14;-;-;-;-;-;-;-
IDIK27C578300;BRBMEFCIK9S8;FINANCIAL;-;-;-;-;-;-;-;-;-;277,81;-;-;-;-;-;-;-
IDIK27C578400;BRBMEFCIK9T6;FINANCIAL;-;-;-;-;-;-;-;-;-;273,62;-;-;-;-;-;-;-
IDIK27C578500;BRBMEFCIK9U4;FINANCIAL;-;-;-;-;-;-;-;-;-;269,57;-;-;-;-;-;-;-
IDIK27C578600;BRBMEFCIK9V2;FINANCIAL;-;-;-;-;-;-;-;-;-;265,56;-;-;-;-;-;-;-
IDIK27C578700;BRBMEFCIK9W0;FINANCIAL;-;-;-;-;-;-;-;-;-;261,67;-;-;-;-;-;-;-
IDIK27C578800;BRBMEFCIK9X8;FINANCIAL;-;-;-;-;-;-;-;-;-;257,91;-;-;-;-;-;-;-
IDIK27C578900;BRBMEFCIK9Y6;FINANCIAL;-;-;-;-;-;-;-;-;-;254,36;-;-;-;-;-;-;-
IDIK27C579000;BRBMEFCIK9Z3;FINANCIAL;-;-;-;-;-;-;-;-;-;250,92;-;-;-;-;-;-;-
IDIK27C579100;BRBMEFCIKA04;FINANCIAL;-;-;-;-;-;-;-;-;-;247,58;-;-;-;-;-;-;-
IDIK27C579200;BRBMEFCIKA12;FINANCIAL;-;-;-;-;-;-;-;-;-;244,34;-;-;-;-;-;-;-
IDIK27C579300;BRBMEFCIKA20;FINANCIAL;-;-;-;-;-;-;-;-;-;241,21;-;-;-;-;-;-;-
IDIK27C579400;BRBMEFCIKA38;FINANCIAL;-;-;-;-;-;-;-;-;-;238,25;-;-;-;-;-;-;-
IDIK27C579500;BRBMEFCIKA46;FINANCIAL;-;-;-;-;-;-;-;-;-;235,38;-;-;-;-;-;-;-
IDIK27P577400;BRBMEFVIK9I6;FINANCIAL;-;-;-;-;-;-;-;-;-;3796,79;-;-;-;-;-;-;-
IDIK27P577500;BRBMEFVIK9J4;FINANCIAL;-;-;-;-;-;-;-;-;-;3883,56;-;-;-;-;-;-;-
IDIK27P577600;BRBMEFVIK9K2;FINANCIAL;-;-;-;-;-;-;-;-;-;3970,52;-;-;-;-;-;-;-
IDIK27P577700;BRBMEFVIK9L0;FINANCIAL;-;-;-;-;-;-;-;-;-;4057,58;-;-;-;-;-;-;-
IDIK27P577800;BRBMEFVIK9M8;FINANCIAL;-;-;-;-;-;-;-;-;-;4144,82;-;-;-;-;-;-;-
IDIK27P577900;BRBMEFVIK9N6;FINANCIAL;-;-;-;-;-;-;-;-;-;4232,24;-;-;-;-;-;-;-
IDIK27P578000;BRBMEFVIK9O4;FINANCIAL;-;-;-;-;-;-;-;-;-;4319,93;-;-;-;-;-;-;-
IDIK27P578100;BRBMEFVIK9P1;FINANCIAL;-;-;-;-;-;-;-;-;-;4407,78;-;-;-;-;-;-;-
IDIK27P578200;BRBMEFVIK9Q9;FINANCIAL;-;-;-;-;-;-;-;-;-;4495,88;-;-;-;-;-;-;-
IDIK27P578300;BRBMEFVIK9R7;FINANCIAL;-;-;-;-;-;-;-;-;-;4583,93;-;-;-;-;-;-;-
IDIK27P578400;BRBMEFVIK9S5;FINANCIAL;-;-;-;-;-;-;-;-;-;4672,13;-;-;-;-;-;-;-
IDIK27P578500;BRBMEFVIK9T3;FINANCIAL;-;-;-;-;-;-;-;-;-;4760,47;-;-;-;-;-;-;-
IDIK27P578600;BRBMEFVIK9U1;FINANCIAL;-;-;-;-;-;-;-;-;-;4848,85;-;-;-;-;-;-;-
IDIK27P578700;BRBMEFVIK9V9;FINANCIAL;-;-;-;-;-;-;-;-;-;4937,35;-;-;-;-;-;-;-
IDIK27P578800;BRBMEFVIK9W7;FINANCIAL;-;-;-;-;-;-;-;-;-;5025,98;-;-;-;-;-;-;-
IDIK27P578900;BRBMEFVIK9X5;FINANCIAL;-;-;-;-;-;-;-;-;-;5114,82;-;-;-;-;-;-;-
IDIK27P579000;BRBMEFVIK9Y3;FINANCIAL;-;-;-;-;-;-;-;-;-;5203,76;-;-;-;-;-;-;-
IDIK27P579100;BRBMEFVIK9Z0;FINANCIAL;-;-;-;-;-;-;-;-;-;5292,82;-;-;-;-;-;-;-
IDIK27P579200;BRBMEFVIKA01;FINANCIAL;-;-;-;-;-;-;-;-;-;5381,97;-;-;-;-;-;-;-
IDIK27P579300;BRBMEFVIKA19;FINANCIAL;-;-;-;-;-;-;-;-;-;5471,22;-;-;-;-;-;-;-
IDIK27P579400;BRBMEFVIKA27;FINANCIAL;-;-;-;-;-;-;-;-;-;5560,65;-;-;-;-;-;-;-
IDIK27P579500;BRBMEFVIKA35;FINANCIAL;-;-;-;-;-;-;-;-;-;5650,17;-;-;-;-;-;-;-
IDIM27C584000;BRBMEFCIMA77;FINANCIAL;-;-;-;-;-;-;-;-;-;395,91;-;-;-;-;-;-;-
IDIM27C584100;BRBMEFCIMA85;FINANCIAL;-;-;-;-;-;-;-;-;-;389,97;-;-;-;-;-;-;-
IDIM27C584200;BRBMEFCIMA93;FINANCIAL;-;-;-;-;-;-;-;-;-;384,1;-;-;-;-;-;-;-
IDIM27C584300;BRBMEFCIMAA9;FINANCIAL;-;-;-;-;-;-;-;-;-;378,4;-;-;-;-;-;-;-
IDIM27C584400;BRBMEFCIMAB7;FINANCIAL;-;-;-;-;-;-;-;-;-;372,87;-;-;-;-;-;-;-
IDIM27C584500;BRBMEFCIMAC5;FINANCIAL;-;-;-;-;-;-;-;-;-;367,39;-;-;-;-;-;-;-
IDIM27C584600;BRBMEFCIMAD3;FINANCIAL;-;-;-;-;-;-;-;-;-;361,96;-;-;-;-;-;-;-
IDIM27C584700;BRBMEFCIMAE1;FINANCIAL;-;-;-;-;-;-;-;-;-;356,79;-;-;-;-;-;-;-
IDIM27C584800;BRBMEFCIMAF8;FINANCIAL;-;-;-;-;-;-;-;-;-;351,76;-;-;-;-;-;-;-
IDIM27C584900;BRBMEFCIMAG6;FINANCIAL;-;-;-;-;-;-;-;-;-;346,97;-;-;-;-;-;-;-
IDIM27C585000;BRBMEFCIMAH4;FINANCIAL;-;-;-;-;-;-;-;-;-;342,42;-;-;-;-;-;-;-
IDIM27C585100;BRBMEFCIMAI2;FINANCIAL;-;-;-;-;-;-;-;-;-;337,79;-;-;-;-;-;-;-
IDIM27C585200;BRBMEFCIMAJ0;FINANCIAL;-;-;-;-;-;-;-;-;-;333,29;-;-;-;-;-;-;-
IDIM27C585300;BRBMEFCIMAK8;FINANCIAL;-;-;-;-;-;-;-;-;-;328,72;-;-;-;-;-;-;-
IDIM27C585400;BRBMEFCIMAL6;FINANCIAL;-;-;-;-;-;-;-;-;-;324,27;-;-;-;-;-;-;-
IDIM27C585500;BRBMEFCIMAM4;FINANCIAL;-;-;-;-;-;-;-;-;-;319,93;-;-;-;-;-;-;-
IDIM27C585600;BRBMEFCIMAN2;FINANCIAL;-;-;-;-;-;-;-;-;-;315,62;-;-;-;-;-;-;-
IDIM27C585700;BRBMEFCIMAO0;FINANCIAL;-;-;-;-;-;-;-;-;-;311,6;-;-;-;-;-;-;-
IDIM27C585800;BRBMEFCIMAP7;FINANCIAL;-;-;-;-;-;-;-;-;-;307,6;-;-;-;-;-;-;-
IDIM27C585900;BRBMEFCIMAQ5;FINANCIAL;-;-;-;-;-;-;-;-;-;303,88;-;-;-;-;-;-;-
IDIM27C586000;BRBMEFCIMAR3;FINANCIAL;-;-;-;-;-;-;-;-;-;300,16;-;-;-;-;-;-;-
IDIM27C586100;BRBMEFCIMAS1;FINANCIAL;-;-;-;-;-;-;-;-;-;296,63;-;-;-;-;-;-;-
IDIM27P584000;BRBMEFVIMA74;FINANCIAL;-;-;-;-;-;-;-;-;-;4511,88;-;-;-;-;-;-;-
IDIM27P584100;BRBMEFVIMA82;FINANCIAL;-;-;-;-;-;-;-;-;-;4597,4;-;-;-;-;-;-;-
IDIM27P584200;BRBMEFVIMA90;FINANCIAL;-;-;-;-;-;-;-;-;-;4682,98;-;-;-;-;-;-;-
IDIM27P584300;BRBMEFVIMAA9;FINANCIAL;-;-;-;-;-;-;-;-;-;4768,74;-;-;-;-;-;-;-
IDIM27P584400;BRBMEFVIMAB7;FINANCIAL;-;-;-;-;-;-;-;-;-;4854,66;-;-;-;-;-;-;-
IDIM27P584500;BRBMEFVIMAC5;FINANCIAL;-;-;-;-;-;-;-;-;-;4940,64;-;-;-;-;-;-;-
IDIM27P584600;BRBMEFVIMAD3;FINANCIAL;-;-;-;-;-;-;-;-;-;5026,66;-;-;-;-;-;-;-
IDIM27P584700;BRBMEFVIMAE1;FINANCIAL;-;-;-;-;-;-;-;-;-;5112,94;-;-;-;-;-;-;-
IDIM27P584800;BRBMEFVIMAF8;FINANCIAL;-;-;-;-;-;-;-;-;-;5199,37;-;-;-;-;-;-;-
IDIM27P584900;BRBMEFVIMAG6;FINANCIAL;-;-;-;-;-;-;-;-;-;5286,04;-;-;-;-;-;-;-
IDIM27P585000;BRBMEFVIMAH4;FINANCIAL;-;-;-;-;-;-;-;-;-;5372,94;-;-;-;-;-;-;-
IDIM27P585100;BRBMEFVIMAI2;FINANCIAL;-;-;-;-;-;-;-;-;-;5459,77;-;-;-;-;-;-;-
IDIM27P585200;BRBMEFVIMAJ0;FINANCIAL;-;-;-;-;-;-;-;-;-;5546,72;-;-;-;-;-;-;-
IDIM27P585300;BRBMEFVIMAK8;FINANCIAL;-;-;-;-;-;-;-;-;-;5633,61;-;-;-;-;-;-;-
IDIM27P585400;BRBMEFVIMAL6;FINANCIAL;-;-;-;-;-;-;-;-;-;5720,61;-;-;-;-;-;-;-
IDIM27P585500;BRBMEFVIMAM4;FINANCIAL;-;-;-;-;-;-;-;-;-;5807,73;-;-;-;-;-;-;-
IDIM27P585600;BRBMEFVIMAN2;FINANCIAL;-;-;-;-;-;-;-;-;-;5894,87;-;-;-;-;-;-;-
IDIM27P585700;BRBMEFVIMAO0;FINANCIAL;-;-;-;-;-;-;-;-;-;5982,31;-;-;-;-;-;-;-
IDIM27P585800;BRBMEFVIMAP7;FINANCIAL;-;-;-;-;-;-;-;-;-;6069,76;-;-;-;-;-;-;-
IDIM27P585900;BRBMEFVIMAQ5;FINANCIAL;-;-;-;-;-;-;-;-;-;6157,5;-;-;-;-;-;-;-
IDIM27P586000;BRBMEFVIMAR3;FINANCIAL;-;-;-;-;-;-;-;-;-;6245,24;-;-;-;-;-;-;-
IDIM27P586100;BRBMEFVIMAS1;FINANCIAL;-;-;-;-;-;-;-;-;-;6333,16;-;-;-;-;-;-;-
IDIN27C591000;BRBMEFCICMU3;FINANCIAL;-;-;-;-;-;-;-;-;-;503,05;-;-;-;-;-;-;-
IDIN27C591100;BRBMEFCICMV1;FINANCIAL;-;-;-;-;-;-;-;-;-;496,41;-;-;-;-;-;-;-
IDIN27C591200;BRBMEFCICMW9;FINANCIAL;-;-;-;-;-;-;-;-;-;489,81;-;-;-;-;-;-;-
IDIN27C591300;BRBMEFCICMX7;FINANCIAL;-;-;-;-;-;-;-;-;-;483,37;-;-;-;-;-;-;-
IDIN27C591400;BRBMEFCICMY5;FINANCIAL;-;-;-;-;-;-;-;-;-;476,85;-;-;-;-;-;-;-
IDIN27C591500;BRBMEFCICMZ2;FINANCIAL;-;-;-;-;-;-;-;-;-;470,5;-;-;-;-;-;-;-
IDIN27C591600;BRBMEFCICN09;FINANCIAL;-;-;-;-;-;-;-;-;-;464,06;-;-;-;-;-;-;-
IDIN27C591800;BRBMEFCICN17;FINANCIAL;-;-;-;-;-;-;-;-;-;451,64;-;-;-;-;-;-;-
IDIN27C591900;BRBMEFCICN25;FINANCIAL;-;-;-;-;-;-;-;-;-;445,66;-;-;-;-;-;-;-
IDIN27C592000;BRBMEFCICN33;FINANCIAL;-;-;-;-;-;-;-;-;-;439,81;-;-;-;-;-;-;-
IDIN27C592100;BRBMEFCICN41;FINANCIAL;-;-;-;-;-;-;-;-;-;434;-;-;-;-;-;-;-
IDIN27C592200;BRBMEFCICN58;FINANCIAL;-;-;-;-;-;-;-;-;-;428,43;-;-;-;-;-;-;-
IDIN27C592300;BRBMEFCICN66;FINANCIAL;-;-;-;-;-;-;-;-;-;422,87;-;-;-;-;-;-;-
IDIN27C592400;BRBMEFCICN74;FINANCIAL;-;-;-;-;-;-;-;-;-;417,56;-;-;-;-;-;-;-
IDIN27C592500;BRBMEFCICN82;FINANCIAL;-;-;-;-;-;-;-;-;-;412,48;-;-;-;-;-;-;-
IDIN27C592600;BRBMEFCICN90;FINANCIAL;-;-;-;-;-;-;-;-;-;407,51;-;-;-;-;-;-;-
IDIN27C592700;BRBMEFCICNA3;FINANCIAL;-;-;-;-;-;-;-;-;-;402,55;-;-;-;-;-;-;-
IDIN27C592800;BRBMEFCICNB1;FINANCIAL;-;-;-;-;-;-;-;-;-;397,7;-;-;-;-;-;-;-
IDIN27C592900;BRBMEFCICNC9;FINANCIAL;-;-;-;-;-;-;-;-;-;392,96;-;-;-;-;-;-;-
IDIN27C593000;BRBMEFCICND7;FINANCIAL;-;-;-;-;-;-;-;-;-;388,33;-;-;-;-;-;-;-
IDIN27C593100;BRBMEFCICNE5;FINANCIAL;-;-;-;-;-;-;-;-;-;383,7;-;-;-;-;-;-;-
IDIN27C593200;BRBMEFCICNF2;FINANCIAL;-;-;-;-;-;-;-;-;-;379,17;-;-;-;-;-;-;-
IDIN27C593300;BRBMEFCICNG0;FINANCIAL;-;-;-;-;-;-;-;-;-;374,74;-;-;-;-;-;-;-
IDIN27C593400;BRBMEFCICNH8;FINANCIAL;-;-;-;-;-;-;-;-;-;370,4;-;-;-;-;-;-;-
IDIN27C593500;BRBMEFCICNI6;FINANCIAL;-;-;-;-;-;-;-;-;-;366,26;-;-;-;-;-;-;-
IDIN27P591000;BRBMEFVI2MU4;FINANCIAL;-;-;-;-;-;-;-;-;-;4997,62;-;-;-;-;-;-;-
IDIN27P591100;BRBMEFVI2MV2;FINANCIAL;-;-;-;-;-;-;-;-;-;5081,41;-;-;-;-;-;-;-
IDIN27P591200;BRBMEFVI2MW0;FINANCIAL;-;-;-;-;-;-;-;-;-;5165,24;-;-;-;-;-;-;-
IDIN27P591300;BRBMEFVI2MX8;FINANCIAL;-;-;-;-;-;-;-;-;-;5249,24;-;-;-;-;-;-;-
IDIN27P591400;BRBMEFVI2MY6;FINANCIAL;-;-;-;-;-;-;-;-;-;5333,16;-;-;-;-;-;-;-
IDIN27P591500;BRBMEFVI2MZ3;FINANCIAL;-;-;-;-;-;-;-;-;-;5417,24;-;-;-;-;-;-;-
IDIN27P591600;BRBMEFVI2N08;FINANCIAL;-;-;-;-;-;-;-;-;-;5501,24;-;-;-;-;-;-;-
IDIN27P591800;BRBMEFVI2N16;FINANCIAL;-;-;-;-;-;-;-;-;-;5669,7;-;-;-;-;-;-;-
IDIN27P591900;BRBMEFVI2N24;FINANCIAL;-;-;-;-;-;-;-;-;-;5754,15;-;-;-;-;-;-;-
IDIN27P592000;BRBMEFVI2N32;FINANCIAL;-;-;-;-;-;-;-;-;-;5838,74;-;-;-;-;-;-;-
IDIN27P592100;BRBMEFVI2N40;FINANCIAL;-;-;-;-;-;-;-;-;-;5923,36;-;-;-;-;-;-;-
IDIN27P592200;BRBMEFVI2N57;FINANCIAL;-;-;-;-;-;-;-;-;-;6008,22;-;-;-;-;-;-;-
IDIN27P592300;BRBMEFVI2N65;FINANCIAL;-;-;-;-;-;-;-;-;-;6093,11;-;-;-;-;-;-;-
IDIN27P592400;BRBMEFVI2N73;FINANCIAL;-;-;-;-;-;-;-;-;-;6178,23;-;-;-;-;-;-;-
IDIN27P592500;BRBMEFVI2N81;FINANCIAL;-;-;-;-;-;-;-;-;-;6263,58;-;-;-;-;-;-;-
IDIN27P592600;BRBMEFVI2N99;FINANCIAL;-;-;-;-;-;-;-;-;-;6349,05;-;-;-;-;-;-;-
IDIN27P592700;BRBMEFVI2NA4;FINANCIAL;-;-;-;-;-;-;-;-;-;6434,52;-;-;-;-;-;-;-
IDIN27P592800;BRBMEFVI2NB2;FINANCIAL;-;-;-;-;-;-;-;-;-;6520,11;-;-;-;-;-;-;-
IDIN27P592900;BRBMEFVI2NC0;FINANCIAL;-;-;-;-;-;-;-;-;-;6605,81;-;-;-;-;-;-;-
IDIN27P593000;BRBMEFVI2ND8;FINANCIAL;-;-;-;-;-;-;-;-;-;6691,61;-;-;-;-;-;-;-
IDIN27P593100;BRBMEFVI2NE6;FINANCIAL;-;-;-;-;-;-;-;-;-;6777,42;-;-;-;-;-;-;-
IDIN27P593200;BRBMEFVI2NF3;FINANCIAL;-;-;-;-;-;-;-;-;-;6863,32;-;-;-;-;-;-;-
IDIN27P593300;BRBMEFVI2NG1;FINANCIAL;-;-;-;-;-;-;-;-;-;6949,33;-;-;-;-;-;-;-
IDIN27P593400;BRBMEFVI2NH9;FINANCIAL;-;-;-;-;-;-;-;-;-;7035,43;-;-;-;-;-;-;-
IDIN27P593500;BRBMEFVI2NI7;FINANCIAL;-;-;-;-;-;-;-;-;-;7121,72;-;-;-;-;-;-;-
IDIV27C613100;BRBMEFCIVZ36;FINANCIAL;-;-;-;-;-;-;-;-;-;781,5;-;-;-;-;-;-;-
IDIV27C613200;BRBMEFCIVZ44;FINANCIAL;-;-;-;-;-;-;-;-;-;773,14;-;-;-;-;-;-;-
IDIV27C613300;BRBMEFCIVZ51;FINANCIAL;-;-;-;-;-;-;-;-;-;764,61;-;-;-;-;-;-;-
IDIV27C613400;BRBMEFCIVZ69;FINANCIAL;-;-;-;-;-;-;-;-;-;756,37;-;-;-;-;-;-;-
IDIV27C613500;BRBMEFCIVZ77;FINANCIAL;-;-;-;-;-;-;-;-;-;747,97;-;-;-;-;-;-;-
IDIV27C613600;BRBMEFCIVZ85;FINANCIAL;-;-;-;-;-;-;-;-;-;739,85;-;-;-;-;-;-;-
IDIV27C613700;BRBMEFCIVZ93;FINANCIAL;-;-;-;-;-;-;-;-;-;731,72;-;-;-;-;-;-;-
IDIV27C613800;BRBMEFCIVZA7;FINANCIAL;-;-;-;-;-;-;-;-;-;723,72;-;-;-;-;-;-;-
IDIV27C613900;BRBMEFCIVZB5;FINANCIAL;-;-;-;-;-;-;-;-;-;715,84;-;-;-;-;-;-;-
IDIV27C614100;BRBMEFCIVZC3;FINANCIAL;-;-;-;-;-;-;-;-;-;700,59;-;-;-;-;-;-;-
IDIV27C614200;BRBMEFCIVZD1;FINANCIAL;-;-;-;-;-;-;-;-;-;693,22;-;-;-;-;-;-;-
IDIV27C614300;BRBMEFCIVZE9;FINANCIAL;-;-;-;-;-;-;-;-;-;685,82;-;-;-;-;-;-;-
IDIV27C614400;BRBMEFCIVZF6;FINANCIAL;-;-;-;-;-;-;-;-;-;678,68;-;-;-;-;-;-;-
IDIV27C614500;BRBMEFCIVZG4;FINANCIAL;-;-;-;-;-;-;-;-;-;671,51;-;-;-;-;-;-;-
IDIV27C614600;BRBMEFCIVZH2;FINANCIAL;-;-;-;-;-;-;-;-;-;664,45;-;-;-;-;-;-;-
IDIV27C614700;BRBMEFCIVZI0;FINANCIAL;-;-;-;-;-;-;-;-;-;657,37;-;-;-;-;-;-;-
IDIV27C614800;BRBMEFCIVZJ8;FINANCIAL;-;-;-;-;-;-;-;-;-;650,4;-;-;-;-;-;-;-
IDIV27C614900;BRBMEFCIVZK6;FINANCIAL;-;-;-;-;-;-;-;-;-;643,4;-;-;-;-;-;-;-
IDIV27C615000;BRBMEFCIVZL4;FINANCIAL;-;-;-;-;-;-;-;-;-;636,39;-;-;-;-;-;-;-
IDIV27C615100;BRBMEFCIVZM2;FINANCIAL;-;-;-;-;-;-;-;-;-;629,48;-;-;-;-;-;-;-
IDIV27C615200;BRBMEFCIVZN0;FINANCIAL;-;-;-;-;-;-;-;-;-;622,67;-;-;-;-;-;-;-
IDIV27C615300;BRBMEFCIVZO8;FINANCIAL;-;-;-;-;-;-;-;-;-;616,1;-;-;-;-;-;-;-
IDIV27C615400;BRBMEFCIVZP5;FINANCIAL;-;-;-;-;-;-;-;-;-;609,75;-;-;-;-;-;-;-
IDIV27C615500;BRBMEFCIVZQ3;FINANCIAL;-;-;-;-;-;-;-;-;-;603,49;-;-;-;-;-;-;-
IDIV27P613100;BRBMEFVIVZ33;FINANCIAL;-;-;-;-;-;-;-;-;-;7203,39;-;-;-;-;-;-;-
IDIV27P613200;BRBMEFVIVZ41;FINANCIAL;-;-;-;-;-;-;-;-;-;7282,51;-;-;-;-;-;-;-
IDIV27P613300;BRBMEFVIVZ58;FINANCIAL;-;-;-;-;-;-;-;-;-;7361,48;-;-;-;-;-;-;-
IDIV27P613400;BRBMEFVIVZ66;FINANCIAL;-;-;-;-;-;-;-;-;-;7440,73;-;-;-;-;-;-;-
IDIV27P613500;BRBMEFVIVZ74;FINANCIAL;-;-;-;-;-;-;-;-;-;7519,82;-;-;-;-;-;-;-
IDIV27P613600;BRBMEFVIVZ82;FINANCIAL;-;-;-;-;-;-;-;-;-;7599,19;-;-;-;-;-;-;-
IDIV27P613700;BRBMEFVIVZ90;FINANCIAL;-;-;-;-;-;-;-;-;-;7678,55;-;-;-;-;-;-;-
IDIV27P613800;BRBMEFVIVZA7;FINANCIAL;-;-;-;-;-;-;-;-;-;7758,04;-;-;-;-;-;-;-
IDIV27P613900;BRBMEFVIVZB5;FINANCIAL;-;-;-;-;-;-;-;-;-;7837,65;-;-;-;-;-;-;-
IDIV27P614100;BRBMEFVIVZC3;FINANCIAL;-;-;-;-;-;-;-;-;-;7997,38;-;-;-;-;-;-;-
IDIV27P614200;BRBMEFVIVZD1;FINANCIAL;-;-;-;-;-;-;-;-;-;8077,5;-;-;-;-;-;-;-
IDIV27P614300;BRBMEFVIVZE9;FINANCIAL;-;-;-;-;-;-;-;-;-;8157,59;-;-;-;-;-;-;-
IDIV27P614400;BRBMEFVIVZF6;FINANCIAL;-;-;-;-;-;-;-;-;-;8237,94;-;-;-;-;-;-;-
IDIV27P614500;BRBMEFVIVZG4;FINANCIAL;-;-;-;-;-;-;-;-;-;8318,26;-;-;-;-;-;-;-
IDIV27P614600;BRBMEFVIVZH2;FINANCIAL;-;-;-;-;-;-;-;-;-;8398,7;-;-;-;-;-;-;-
IDIV27P614700;BRBMEFVIVZI0;FINANCIAL;-;-;-;-;-;-;-;-;-;8479,11;-;-;-;-;-;-;-
IDIV27P614800;BRBMEFVIVZJ8;FINANCIAL;-;-;-;-;-;-;-;-;-;8559,62;-;-;-;-;-;-;-
IDIV27P614900;BRBMEFVIVZK6;FINANCIAL;-;-;-;-;-;-;-;-;-;8640,12;-;-;-;-;-;-;-
IDIV27P615000;BRBMEFVIVZL4;FINANCIAL;-;-;-;-;-;-;-;-;-;8720,59;-;-;-;-;-;-;-
IDIV27P615100;BRBMEFVIVZM2;FINANCIAL;-;-;-;-;-;-;-;-;-;8801,17;-;-;-;-;-;-;-
IDIV27P615200;BRBMEFVIVZN0;FINANCIAL;-;-;-;-;-;-;-;-;-;8881,86;-;-;-;-;-;-;-
IDIV27P615300;BRBMEFVIVZO8;FINANCIAL;-;-;-;-;-;-;-;-;-;8962,77;-;-;-;-;-;-;-
IDIV27P615400;BRBMEFVIVZP5;FINANCIAL;-;-;-;-;-;-;-;-;-;9043,91;-;-;-;-;-;-;-
IDIV27P615500;BRBMEFVIVZQ3;FINANCIAL;-;-;-;-;-;-;-;-;-;9125,15;-;-;-;-;-;-;-
IDIN28C679000;BRBMEFCICNJ4;FINANCIAL;-;-;-;-;-;-;-;-;-;2352,68;-;-;-;-;-;-;-
IDIN28P679000;BRBMEFVI2NJ5;FINANCIAL;-;-;-;-;-;-;-;-;-;11746,81;-;-;-;-;-;-;-
IDIK27C573900;BRBMEFCIKA53;FINANCIAL;-;-;-;-;-;-;-;-;-;705,4;-;-;-;-;-;-;-
IDIK27C574000;BRBMEFCIKA61;FINANCIAL;-;-;-;-;-;-;-;-;-;674,79;-;-;-;-;-;-;-
IDIK27C574100;BRBMEFCIKA79;FINANCIAL;-;-;-;-;-;-;-;-;-;647,77;-;-;-;-;-;-;-
IDIK27C574200;BRBMEFCIKA87;FINANCIAL;-;-;-;-;-;-;-;-;-;626,67;-;-;-;-;-;-;-
IDIK27P573900;BRBMEFVIKA43;FINANCIAL;-;-;-;-;-;-;-;-;-;946,38;-;-;-;-;-;-;-
IDIK27P574000;BRBMEFVIKA50;FINANCIAL;-;-;-;-;-;-;-;-;-;1008,16;-;-;-;-;-;-;-
IDIK27P574100;BRBMEFVIKA68;FINANCIAL;-;-;-;-;-;-;-;-;-;1073,54;-;-;-;-;-;-;-
IDIK27P574200;BRBMEFVIKA76;FINANCIAL;-;-;-;-;-;-;-;-;-;1144,82;-;-;-;-;-;-;-
IDIM27C580600;BRBMEFCIMAT9;FINANCIAL;-;-;-;-;-;-;-;-;-;715,35;-;-;-;-;-;-;-
IDIM27C580700;BRBMEFCIMAU7;FINANCIAL;-;-;-;-;-;-;-;-;-;697,45;-;-;-;-;-;-;-
IDIM27C580800;BRBMEFCIMAV5;FINANCIAL;-;-;-;-;-;-;-;-;-;680,13;-;-;-;-;-;-;-
IDIM27C580900;BRBMEFCIMAW3;FINANCIAL;-;-;-;-;-;-;-;-;-;663,2;-;-;-;-;-;-;-
IDIM27C581000;BRBMEFCIMAX1;FINANCIAL;-;-;-;-;-;-;-;-;-;648,24;-;-;-;-;-;-;-
IDIM27C581100;BRBMEFCIMAY9;FINANCIAL;-;-;-;-;-;-;-;-;-;635,17;-;-;-;-;-;-;-
IDIM27C581200;BRBMEFCIMAZ6;FINANCIAL;-;-;-;-;-;-;-;-;-;623,45;-;-;-;-;-;-;-
IDIM27C581300;BRBMEFCIMB01;FINANCIAL;-;-;-;-;-;-;-;-;-;612,25;-;-;-;-;-;-;-
IDIM27C581400;BRBMEFCIMB19;FINANCIAL;-;-;-;-;-;-;-;-;-;600,77;-;-;-;-;-;-;-
IDIM27C581500;BRBMEFCIMB27;FINANCIAL;-;-;-;-;-;-;-;-;-;589,47;-;-;-;-;-;-;-
IDIM27C581600;BRBMEFCIMB35;FINANCIAL;-;-;-;-;-;-;-;-;-;579,24;-;-;-;-;-;-;-
IDIM27C581700;BRBMEFCIMB43;FINANCIAL;-;-;-;-;-;-;-;-;-;569,57;-;-;-;-;-;-;-
IDIM27C581800;BRBMEFCIMB50;FINANCIAL;-;-;-;-;-;-;-;-;-;560,31;-;-;-;-;-;-;-
IDIM27C581900;BRBMEFCIMB68;FINANCIAL;-;-;-;-;-;-;-;-;-;551,28;-;-;-;-;-;-;-
IDIM27C582000;BRBMEFCIMB76;FINANCIAL;-;-;-;-;-;-;-;-;-;542,19;-;-;-;-;-;-;-
IDIM27C582100;BRBMEFCIMB84;FINANCIAL;-;-;-;-;-;-;-;-;-;532,74;-;-;-;-;-;-;-
IDIM27C582200;BRBMEFCIMB92;FINANCIAL;-;-;-;-;-;-;-;-;-;523,79;-;-;-;-;-;-;-
IDIM27C582300;BRBMEFCIMBA7;FINANCIAL;-;-;-;-;-;-;-;-;-;515,03;-;-;-;-;-;-;-
IDIM27C582400;BRBMEFCIMBB5;FINANCIAL;-;-;-;-;-;-;-;-;-;506,6;-;-;-;-;-;-;-
IDIM27C582500;BRBMEFCIMBC3;FINANCIAL;-;-;-;-;-;-;-;-;-;498,34;-;-;-;-;-;-;-
IDIM27C582600;BRBMEFCIMBD1;FINANCIAL;-;-;-;-;-;-;-;-;-;490,37;-;-;-;-;-;-;-
IDIM27C582700;BRBMEFCIMBE9;FINANCIAL;-;-;-;-;-;-;-;-;-;482,69;-;-;-;-;-;-;-
IDIM27C582800;BRBMEFCIMBF6;FINANCIAL;-;-;-;-;-;-;-;-;-;475,27;-;-;-;-;-;-;-
IDIM27C582900;BRBMEFCIMBG4;FINANCIAL;-;-;-;-;-;-;-;-;-;468,12;-;-;-;-;-;-;-
IDIM27C583000;BRBMEFCIMBH2;FINANCIAL;-;-;-;-;-;-;-;-;-;460,96;-;-;-;-;-;-;-
IDIM27P580600;BRBMEFVIMAT9;FINANCIAL;-;-;-;-;-;-;-;-;-;1721,85;-;-;-;-;-;-;-
IDIM27P580700;BRBMEFVIMAU7;FINANCIAL;-;-;-;-;-;-;-;-;-;1795,4;-;-;-;-;-;-;-
IDIM27P580800;BRBMEFVIMAV5;FINANCIAL;-;-;-;-;-;-;-;-;-;1869,53;-;-;-;-;-;-;-
IDIM27P580900;BRBMEFVIMAW3;FINANCIAL;-;-;-;-;-;-;-;-;-;1944,06;-;-;-;-;-;-;-
IDIM27P581000;BRBMEFVIMAX1;FINANCIAL;-;-;-;-;-;-;-;-;-;2020,55;-;-;-;-;-;-;-
IDIM27P581100;BRBMEFVIMAY9;FINANCIAL;-;-;-;-;-;-;-;-;-;2098,94;-;-;-;-;-;-;-
IDIM27P581200;BRBMEFVIMAZ6;FINANCIAL;-;-;-;-;-;-;-;-;-;2178,67;-;-;-;-;-;-;-
IDIM27P581300;BRBMEFVIMB08;FINANCIAL;-;-;-;-;-;-;-;-;-;2258,93;-;-;-;-;-;-;-
IDIM27P581400;BRBMEFVIMB16;FINANCIAL;-;-;-;-;-;-;-;-;-;2338,91;-;-;-;-;-;-;-
IDIM27P581500;BRBMEFVIMB24;FINANCIAL;-;-;-;-;-;-;-;-;-;2419,06;-;-;-;-;-;-;-
IDIM27P581600;BRBMEFVIMB32;FINANCIAL;-;-;-;-;-;-;-;-;-;2500,28;-;-;-;-;-;-;-
IDIM27P581700;BRBMEFVIMB40;FINANCIAL;-;-;-;-;-;-;-;-;-;2582,08;-;-;-;-;-;-;-
IDIM27P581800;BRBMEFVIMB57;FINANCIAL;-;-;-;-;-;-;-;-;-;2664,27;-;-;-;-;-;-;-
IDIM27P581900;BRBMEFVIMB65;FINANCIAL;-;-;-;-;-;-;-;-;-;2746,7;-;-;-;-;-;-;-
IDIM27P582000;BRBMEFVIMB73;FINANCIAL;-;-;-;-;-;-;-;-;-;2829,06;-;-;-;-;-;-;-
IDIM27P582100;BRBMEFVIMB81;FINANCIAL;-;-;-;-;-;-;-;-;-;2911,07;-;-;-;-;-;-;-
IDIM27P582200;BRBMEFVIMB99;FINANCIAL;-;-;-;-;-;-;-;-;-;2993,57;-;-;-;-;-;-;-
IDIM27P582300;BRBMEFVIMBA7;FINANCIAL;-;-;-;-;-;-;-;-;-;3076,27;-;-;-;-;-;-;-
IDIM27P582400;BRBMEFVIMBB5;FINANCIAL;-;-;-;-;-;-;-;-;-;3159,29;-;-;-;-;-;-;-
IDIM27P582500;BRBMEFVIMBC3;FINANCIAL;-;-;-;-;-;-;-;-;-;3242,48;-;-;-;-;-;-;-
IDIM27P582600;BRBMEFVIMBD1;FINANCIAL;-;-;-;-;-;-;-;-;-;3325,97;-;-;-;-;-;-;-
IDIM27P582700;BRBMEFVIMBE9;FINANCIAL;-;-;-;-;-;-;-;-;-;3409,74;-;-;-;-;-;-;-
IDIM27P582800;BRBMEFVIMBF6;FINANCIAL;-;-;-;-;-;-;-;-;-;3493,78;-;-;-;-;-;-;-
IDIM27P582900;BRBMEFVIMBG4;FINANCIAL;-;-;-;-;-;-;-;-;-;3578,08;-;-;-;-;-;-;-
IDIM27P583000;BRBMEFVIMBH2;FINANCIAL;-;-;-;-;-;-;-;-;-;3662,38;-;-;-;-;-;-;-
IDIQ27C594300;BRBMEFCIQ8W6;FINANCIAL;-;-;-;-;-;-;-;-;-;1065,58;-;-;-;-;-;-;-
IDIQ27C594400;BRBMEFCIQ8X4;FINANCIAL;-;-;-;-;-;-;-;-;-;1046,06;-;-;-;-;-;-;-
IDIQ27C594500;BRBMEFCIQ8Y2;FINANCIAL;-;-;-;-;-;-;-;-;-;1027,05;-;-;-;-;-;-;-
IDIQ27C594600;BRBMEFCIQ8Z9;FINANCIAL;-;-;-;-;-;-;-;-;-;1007,81;-;-;-;-;-;-;-
IDIQ27C594700;BRBMEFCIQ903;FINANCIAL;-;-;-;-;-;-;-;-;-;988,51;-;-;-;-;-;-;-
IDIQ27C594800;BRBMEFCIQ911;FINANCIAL;-;-;-;-;-;-;-;-;-;970,42;-;-;-;-;-;-;-
IDIQ27C594900;BRBMEFCIQ929;FINANCIAL;-;-;-;-;-;-;-;-;-;954,04;-;-;-;-;-;-;-
IDIQ27C595000;BRBMEFCIQ937;FINANCIAL;-;-;-;-;-;-;-;-;-;938,8;-;-;-;-;-;-;-
IDIQ27C595100;BRBMEFCIQ945;FINANCIAL;-;-;-;-;-;-;-;-;-;924,49;-;-;-;-;-;-;-
IDIQ27C595200;BRBMEFCIQ952;FINANCIAL;-;-;-;-;-;-;-;-;-;910,57;-;-;-;-;-;-;-
IDIQ27C595300;BRBMEFCIQ960;FINANCIAL;-;-;-;-;-;-;-;-;-;897,02;-;-;-;-;-;-;-
IDIQ27C595400;BRBMEFCIQ978;FINANCIAL;-;-;-;-;-;-;-;-;-;883,66;-;-;-;-;-;-;-
IDIQ27C595500;BRBMEFCIQ986;FINANCIAL;-;-;-;-;-;-;-;-;-;870,31;-;-;-;-;-;-;-
IDIQ27C595600;BRBMEFCIQ994;FINANCIAL;-;-;-;-;-;-;-;-;-;857,47;-;-;-;-;-;-;-
IDIQ27C595700;BRBMEFCIQ9A0;FINANCIAL;-;-;-;-;-;-;-;-;-;845,13;-;-;-;-;-;-;-
IDIQ27C595800;BRBMEFCIQ9B8;FINANCIAL;-;-;-;-;-;-;-;-;-;833,28;-;-;-;-;-;-;-
IDIQ27C595900;BRBMEFCIQ9C6;FINANCIAL;-;-;-;-;-;-;-;-;-;821,73;-;-;-;-;-;-;-
IDIQ27C596000;BRBMEFCIQ9D4;FINANCIAL;-;-;-;-;-;-;-;-;-;810,49;-;-;-;-;-;-;-
IDIQ27C596100;BRBMEFCIQ9E2;FINANCIAL;-;-;-;-;-;-;-;-;-;799,52;-;-;-;-;-;-;-
IDIQ27C596200;BRBMEFCIQ9F9;FINANCIAL;-;-;-;-;-;-;-;-;-;788,68;-;-;-;-;-;-;-
IDIQ27C596300;BRBMEFCIQ9G7;FINANCIAL;-;-;-;-;-;-;-;-;-;777,79;-;-;-;-;-;-;-
IDIQ27C596400;BRBMEFCIQ9H5;FINANCIAL;-;-;-;-;-;-;-;-;-;767;-;-;-;-;-;-;-
IDIQ27C596500;BRBMEFCIQ9I3;FINANCIAL;-;-;-;-;-;-;-;-;-;756,32;-;-;-;-;-;-;-
IDIQ27C596600;BRBMEFCIQ9J1;FINANCIAL;-;-;-;-;-;-;-;-;-;746,06;-;-;-;-;-;-;-
IDIQ27C596700;BRBMEFCIQ9K9;FINANCIAL;-;-;-;-;-;-;-;-;-;735,89;-;-;-;-;-;-;-
IDIQ27P594300;BRBMEFVIQ8W3;FINANCIAL;-;-;-;-;-;-;-;-;-;2583,91;-;-;-;-;-;-;-
IDIQ27P594400;BRBMEFVIQ8X1;FINANCIAL;-;-;-;-;-;-;-;-;-;2653,83;-;-;-;-;-;-;-
IDIQ27P594500;BRBMEFVIQ8Y9;FINANCIAL;-;-;-;-;-;-;-;-;-;2724,25;-;-;-;-;-;-;-
IDIQ27P594600;BRBMEFVIQ8Z6;FINANCIAL;-;-;-;-;-;-;-;-;-;2794,44;-;-;-;-;-;-;-
IDIQ27P594700;BRBMEFVIQ903;FINANCIAL;-;-;-;-;-;-;-;-;-;2864,58;-;-;-;-;-;-;-
IDIQ27P594800;BRBMEFVIQ911;FINANCIAL;-;-;-;-;-;-;-;-;-;2935,92;-;-;-;-;-;-;-
IDIQ27P594900;BRBMEFVIQ929;FINANCIAL;-;-;-;-;-;-;-;-;-;3008,97;-;-;-;-;-;-;-
IDIQ27P595000;BRBMEFVIQ937;FINANCIAL;-;-;-;-;-;-;-;-;-;3083,16;-;-;-;-;-;-;-
IDIQ27P595100;BRBMEFVIQ945;FINANCIAL;-;-;-;-;-;-;-;-;-;3158,29;-;-;-;-;-;-;-
IDIQ27P595200;BRBMEFVIQ952;FINANCIAL;-;-;-;-;-;-;-;-;-;3233,8;-;-;-;-;-;-;-
IDIQ27P595300;BRBMEFVIQ960;FINANCIAL;-;-;-;-;-;-;-;-;-;3309,69;-;-;-;-;-;-;-
IDIQ27P595400;BRBMEFVIQ978;FINANCIAL;-;-;-;-;-;-;-;-;-;3385,76;-;-;-;-;-;-;-
IDIQ27P595500;BRBMEFVIQ986;FINANCIAL;-;-;-;-;-;-;-;-;-;3461,84;-;-;-;-;-;-;-
IDIQ27P595600;BRBMEFVIQ994;FINANCIAL;-;-;-;-;-;-;-;-;-;3538,43;-;-;-;-;-;-;-
IDIQ27P595700;BRBMEFVIQ9A7;FINANCIAL;-;-;-;-;-;-;-;-;-;3615,53;-;-;-;-;-;-;-
IDIQ27P595800;BRBMEFVIQ9B5;FINANCIAL;-;-;-;-;-;-;-;-;-;3693,11;-;-;-;-;-;-;-
IDIQ27P595900;BRBMEFVIQ9C3;FINANCIAL;-;-;-;-;-;-;-;-;-;3771;-;-;-;-;-;-;-
IDIQ27P596000;BRBMEFVIQ9D1;FINANCIAL;-;-;-;-;-;-;-;-;-;3849,18;-;-;-;-;-;-;-
IDIQ27P596100;BRBMEFVIQ9E9;FINANCIAL;-;-;-;-;-;-;-;-;-;3927,66;-;-;-;-;-;-;-
IDIQ27P596200;BRBMEFVIQ9F6;FINANCIAL;-;-;-;-;-;-;-;-;-;4006,24;-;-;-;-;-;-;-
IDIQ27P596300;BRBMEFVIQ9G4;FINANCIAL;-;-;-;-;-;-;-;-;-;4084,78;-;-;-;-;-;-;-
IDIQ27P596400;BRBMEFVIQ9H2;FINANCIAL;-;-;-;-;-;-;-;-;-;4163,43;-;-;-;-;-;-;-
IDIQ27P596500;BRBMEFVIQ9I0;FINANCIAL;-;-;-;-;-;-;-;-;-;4242,19;-;-;-;-;-;-;-
IDIQ27P596600;BRBMEFVIQ9J8;FINANCIAL;-;-;-;-;-;-;-;-;-;4321,36;-;-;-;-;-;-;-
IDIQ27P596700;BRBMEFVIQ9K6;FINANCIAL;-;-;-;-;-;-;-;-;-;4400,62;-;-;-;-;-;-;-
IDIV27C610100;BRBMEFCIVZR1;FINANCIAL;-;-;-;-;-;-;-;-;-;1104,93;-;-;-;-;-;-;-
IDIV27C610200;BRBMEFCIVZS9;FINANCIAL;-;-;-;-;-;-;-;-;-;1091,52;-;-;-;-;-;-;-
IDIV27C610300;BRBMEFCIVZT7;FINANCIAL;-;-;-;-;-;-;-;-;-;1078,53;-;-;-;-;-;-;-
IDIV27P610100;BRBMEFVIVZR1;FINANCIAL;-;-;-;-;-;-;-;-;-;4902,1;-;-;-;-;-;-;-
IDIV27P610200;BRBMEFVIVZS9;FINANCIAL;-;-;-;-;-;-;-;-;-;4976,18;-;-;-;-;-;-;-
IDIV27P610300;BRBMEFVIVZT7;FINANCIAL;-;-;-;-;-;-;-;-;-;5050,68;-;-;-;-;-;-;-
IDIF28C624000;BRBMEFCID0Y4;FINANCIAL;-;-;-;-;-;-;-;-;-;3707,02;-;-;-;-;-;-;-
IDIF28C624100;BRBMEFCID0Z1;FINANCIAL;-;-;-;-;-;-;-;-;-;3664,32;-;-;-;-;-;-;-
IDIF28C624200;BRBMEFCID109;FINANCIAL;-;-;-;-;-;-;-;-;-;3622,01;-;-;-;-;-;-;-
IDIF28C624300;BRBMEFCID117;FINANCIAL;-;-;-;-;-;-;-;-;-;3580,34;-;-;-;-;-;-;-
IDIF28C624500;BRBMEFCID125;FINANCIAL;-;-;-;-;-;-;-;-;-;3498,16;-;-;-;-;-;-;-
IDIF28C624600;BRBMEFCID133;FINANCIAL;-;-;-;-;-;-;-;-;-;3457,89;-;-;-;-;-;-;-
IDIF28C624700;BRBMEFCID141;FINANCIAL;-;-;-;-;-;-;-;-;-;3418,01;-;-;-;-;-;-;-
IDIF28C624800;BRBMEFCID158;FINANCIAL;-;-;-;-;-;-;-;-;-;3378,51;-;-;-;-;-;-;-
IDIF28C624900;BRBMEFCID166;FINANCIAL;-;-;-;-;-;-;-;-;-;3339,4;-;-;-;-;-;-;-
IDIF28C625200;BRBMEFCID174;FINANCIAL;-;-;-;-;-;-;-;-;-;3225,06;-;-;-;-;-;-;-
IDIF28C625500;BRBMEFCID182;FINANCIAL;-;-;-;-;-;-;-;-;-;3114,6;-;-;-;-;-;-;-
IDIF28C625600;BRBMEFCID190;FINANCIAL;-;-;-;-;-;-;-;-;-;3078,59;-;-;-;-;-;-;-
IDIF28C625700;BRBMEFCID1A2;FINANCIAL;-;-;-;-;-;-;-;-;-;3042,71;-;-;-;-;-;-;-
IDIF28C625900;BRBMEFCID1B0;FINANCIAL;-;-;-;-;-;-;-;-;-;2972,04;-;-;-;-;-;-;-
IDIF28C626000;BRBMEFCID1C8;FINANCIAL;-;-;-;-;-;-;-;-;-;2937,25;-;-;-;-;-;-;-
IDIF28C626100;BRBMEFCID1D6;FINANCIAL;-;-;-;-;-;-;-;-;-;2902,82;-;-;-;-;-;-;-
IDIF28C626200;BRBMEFCID1E4;FINANCIAL;-;-;-;-;-;-;-;-;-;2868,5;-;-;-;-;-;-;-
IDIF28C626300;BRBMEFCID1F1;FINANCIAL;-;-;-;-;-;-;-;-;-;2834,78;-;-;-;-;-;-;-
IDIF28C626400;BRBMEFCID1G9;FINANCIAL;-;-;-;-;-;-;-;-;-;2801,17;-;-;-;-;-;-;-
IDIF28C626500;BRBMEFCID1H7;FINANCIAL;-;-;-;-;-;-;-;-;-;2767,91;-;-;-;-;-;-;-
IDIF28C626600;BRBMEFCID1I5;FINANCIAL;-;-;-;-;-;-;-;-;-;2735;-;-;-;-;-;-;-
IDIF28C626700;BRBMEFCID1J3;FINANCIAL;-;-;-;-;-;-;-;-;-;2702,43;-;-;-;-;-;-;-
IDIF28C626800;BRBMEFCID1K1;FINANCIAL;-;-;-;-;-;-;-;-;-;2670,44;-;-;-;-;-;-;-
IDIF28C626900;BRBMEFCID1L9;FINANCIAL;-;-;-;-;-;-;-;-;-;2638,8;-;-;-;-;-;-;-
IDIF28C627000;BRBMEFCID1M7;FINANCIAL;-;-;-;-;-;-;-;-;-;2607,25;-;-;-;-;-;-;-
IDIF28C627100;BRBMEFCID1N5;FINANCIAL;-;-;-;-;-;-;-;-;-;2576,28;-;-;-;-;-;-;-
IDIF28C627200;BRBMEFCID1O3;FINANCIAL;-;-;-;-;-;-;-;-;-;2545,64;-;-;-;-;-;-;-
IDIF28C627300;BRBMEFCID1P0;FINANCIAL;-;-;-;-;-;-;-;-;-;2515,56;-;-;-;-;-;-;-
IDIF28C627400;BRBMEFCID1Q8;FINANCIAL;-;-;-;-;-;-;-;-;-;2485,82;-;-;-;-;-;-;-
IDIF28C627500;BRBMEFCID1R6;FINANCIAL;-;-;-;-;-;-;-;-;-;2456,87;-;-;-;-;-;-;-
IDIF28C627600;BRBMEFCID1S4;FINANCIAL;-;-;-;-;-;-;-;-;-;2428,24;-;-;-;-;-;-;-
IDIF28C627700;BRBMEFCID1T2;FINANCIAL;-;-;-;-;-;-;-;-;-;2399,92;-;-;-;-;-;-;-
IDIF28C627800;BRBMEFCID1U0;FINANCIAL;-;-;-;-;-;-;-;-;-;2372,16;-;-;-;-;-;-;-
IDIF28C627900;BRBMEFCID1V8;FINANCIAL;-;-;-;-;-;-;-;-;-;2344,94;-;-;-;-;-;-;-
IDIF28C628000;BRBMEFCID1W6;FINANCIAL;-;-;-;-;-;-;-;-;-;2318,03;-;-;-;-;-;-;-
IDIF28P624000;BRBMEFFI00Y9;FINANCIAL;-;-;-;-;-;-;-;-;-;2414,45;-;-;-;-;-;-;-
IDIF28P624100;BRBMEFFI00Z6;FINANCIAL;-;-;-;-;-;-;-;-;-;2456,48;-;-;-;-;-;-;-
IDIF28P624200;BRBMEFFI0106;FINANCIAL;-;-;-;-;-;-;-;-;-;2498,9;-;-;-;-;-;-;-
IDIF28P624300;BRBMEFFI0114;FINANCIAL;-;-;-;-;-;-;-;-;-;2541,95;-;-;-;-;-;-;-
IDIF28P624500;BRBMEFFI0122;FINANCIAL;-;-;-;-;-;-;-;-;-;2629,22;-;-;-;-;-;-;-
IDIF28P624600;BRBMEFFI0130;FINANCIAL;-;-;-;-;-;-;-;-;-;2673,67;-;-;-;-;-;-;-
IDIF28P624700;BRBMEFFI0148;FINANCIAL;-;-;-;-;-;-;-;-;-;2718,52;-;-;-;-;-;-;-
IDIF28P624800;BRBMEFFI0155;FINANCIAL;-;-;-;-;-;-;-;-;-;2763,75;-;-;-;-;-;-;-
IDIF28P624900;BRBMEFFI0163;FINANCIAL;-;-;-;-;-;-;-;-;-;2809,36;-;-;-;-;-;-;-
IDIF28P625200;BRBMEFFI0171;FINANCIAL;-;-;-;-;-;-;-;-;-;2949,21;-;-;-;-;-;-;-
IDIF28P625500;BRBMEFFI0189;FINANCIAL;-;-;-;-;-;-;-;-;-;3092,92;-;-;-;-;-;-;-
IDIF28P625600;BRBMEFFI0197;FINANCIAL;-;-;-;-;-;-;-;-;-;3141,64;-;-;-;-;-;-;-
IDIF28P625700;BRBMEFFI01A7;FINANCIAL;-;-;-;-;-;-;-;-;-;3190,48;-;-;-;-;-;-;-
IDIF28P625900;BRBMEFFI01B5;FINANCIAL;-;-;-;-;-;-;-;-;-;3289,27;-;-;-;-;-;-;-
IDIF28P626000;BRBMEFFI01C3;FINANCIAL;-;-;-;-;-;-;-;-;-;3339,2;-;-;-;-;-;-;-
IDIF28P626100;BRBMEFFI01D1;FINANCIAL;-;-;-;-;-;-;-;-;-;3389,49;-;-;-;-;-;-;-
IDIF28P626200;BRBMEFFI01E9;FINANCIAL;-;-;-;-;-;-;-;-;-;3439,9;-;-;-;-;-;-;-
IDIF28P626300;BRBMEFFI01F6;FINANCIAL;-;-;-;-;-;-;-;-;-;3490,91;-;-;-;-;-;-;-
IDIF28P626400;BRBMEFFI01G4;FINANCIAL;-;-;-;-;-;-;-;-;-;3542,02;-;-;-;-;-;-;-
IDIF28P626500;BRBMEFFI01H2;FINANCIAL;-;-;-;-;-;-;-;-;-;3593,49;-;-;-;-;-;-;-
IDIF28P626600;BRBMEFFI01I0;FINANCIAL;-;-;-;-;-;-;-;-;-;3645,3;-;-;-;-;-;-;-
IDIF28P626700;BRBMEFFI01J8;FINANCIAL;-;-;-;-;-;-;-;-;-;3697,46;-;-;-;-;-;-;-
IDIF28P626800;BRBMEFFI01K6;FINANCIAL;-;-;-;-;-;-;-;-;-;3750,2;-;-;-;-;-;-;-
IDIF28P626900;BRBMEFFI01L4;FINANCIAL;-;-;-;-;-;-;-;-;-;3803,28;-;-;-;-;-;-;-
IDIF28P627000;BRBMEFFI01M2;FINANCIAL;-;-;-;-;-;-;-;-;-;3856,46;-;-;-;-;-;-;-
IDIF28P627100;BRBMEFFI01N0;FINANCIAL;-;-;-;-;-;-;-;-;-;3910,21;-;-;-;-;-;-;-
IDIF28P627200;BRBMEFFI01O8;FINANCIAL;-;-;-;-;-;-;-;-;-;3964,3;-;-;-;-;-;-;-
IDIF28P627300;BRBMEFFI01P5;FINANCIAL;-;-;-;-;-;-;-;-;-;4018,95;-;-;-;-;-;-;-
IDIF28P627400;BRBMEFFI01Q3;FINANCIAL;-;-;-;-;-;-;-;-;-;4073,93;-;-;-;-;-;-;-
IDIF28P627500;BRBMEFFI01R1;FINANCIAL;-;-;-;-;-;-;-;-;-;4129,7;-;-;-;-;-;-;-
IDIF28P627600;BRBMEFFI01S9;FINANCIAL;-;-;-;-;-;-;-;-;-;4185,8;-;-;-;-;-;-;-
IDIF28P627700;BRBMEFFI01T7;FINANCIAL;-;-;-;-;-;-;-;-;-;4242,21;-;-;-;-;-;-;-
IDIF28P627800;BRBMEFFI01U5;FINANCIAL;-;-;-;-;-;-;-;-;-;4299,17;-;-;-;-;-;-;-
IDIF28P627900;BRBMEFFI01V3;FINANCIAL;-;-;-;-;-;-;-;-;-;4356,68;-;-;-;-;-;-;-
IDIF28P628000;BRBMEFFI01W1;FINANCIAL;-;-;-;-;-;-;-;-;-;4414,49;-;-;-;-;-;-;-
D15N27C001000;BRBMEFCI5850;FINANCIAL;-;-;-;-;-;-;-;-;-;4107,26;-;-;-;-;-;-;-
D15N27C001050;BRBMEFCI5868;FINANCIAL;-;-;-;-;-;-;-;-;-;3603,39;-;-;-;-;-;-;-
D15N27C001100;BRBMEFCI5876;FINANCIAL;-;-;-;-;-;-;-;-;-;3112,65;-;-;-;-;-;-;-
D15N27C001150;BRBMEFCI5884;FINANCIAL;-;-;-;-;-;-;-;-;-;2647,52;-;-;-;-;-;-;-
D15N27C001200;BRBMEFCI5892;FINANCIAL;-;-;-;-;-;-;-;-;-;2221,56;-;-;-;-;-;-;-
D15N27C001250;BRBMEFCI58A4;FINANCIAL;-;-;-;-;-;-;-;-;-;1830,99;-;-;-;-;-;-;-
D15N27C001300;BRBMEFCI58B2;FINANCIAL;-;-;-;-;-;-;-;-;-;1492,11;-;-;-;-;-;-;-
D15N27C001350;BRBMEFCI58C0;FINANCIAL;-;-;-;-;-;-;-;-;-;1204,84;-;-;-;-;-;-;-
D15N27C001400;BRBMEFCI58D8;FINANCIAL;-;-;-;-;-;-;-;-;-;971,39;-;-;-;-;-;-;-
D15N27C001450;BRBMEFCI58E6;FINANCIAL;-;-;-;-;-;-;-;-;-;784,2;-;-;-;-;-;-;-
D15N27C001500;BRBMEFCI58F3;FINANCIAL;-;-;-;-;-;-;-;-;-;636,18;-;-;-;-;-;-;-
D15N27C001550;BRBMEFCI58G1;FINANCIAL;-;-;-;-;-;-;-;-;-;519,66;-;-;-;-;-;-;-
D15N27C001600;BRBMEFCI58H9;FINANCIAL;-;-;-;-;-;-;-;-;-;427,54;-;-;-;-;-;-;-
D15N27C001650;BRBMEFCI58I7;FINANCIAL;-;-;-;-;-;-;-;-;-;354,53;-;-;-;-;-;-;-
D15N27C001700;BRBMEFCI58J5;FINANCIAL;-;-;-;-;-;-;-;-;-;294,98;-;-;-;-;-;-;-
D15N27P001000;BRBMEFVI5857;FINANCIAL;-;-;-;-;-;-;-;-;-;50,98;-;-;-;-;-;-;-
D15N27P001050;BRBMEFVI5865;FINANCIAL;-;-;-;-;-;-;-;-;-;76,14;-;-;-;-;-;-;-
D15N27P001100;BRBMEFVI5873;FINANCIAL;-;-;-;-;-;-;-;-;-;108,52;-;-;-;-;-;-;-
D15N27P001150;BRBMEFVI5881;FINANCIAL;-;-;-;-;-;-;-;-;-;160,66;-;-;-;-;-;-;-
D15N27P001200;BRBMEFVI5899;FINANCIAL;-;-;-;-;-;-;-;-;-;246,23;-;-;-;-;-;-;-
D15N27P001250;BRBMEFVI58A4;FINANCIAL;-;-;-;-;-;-;-;-;-;361,52;-;-;-;-;-;-;-
D15N27P001300;BRBMEFVI58B2;FINANCIAL;-;-;-;-;-;-;-;-;-;522,93;-;-;-;-;-;-;-
D15N27P001350;BRBMEFVI58C0;FINANCIAL;-;-;-;-;-;-;-;-;-;730,47;-;-;-;-;-;-;-
D15N27P001400;BRBMEFVI58D8;FINANCIAL;-;-;-;-;-;-;-;-;-;986,42;-;-;-;-;-;-;-
D15N27P001450;BRBMEFVI58E6;FINANCIAL;-;-;-;-;-;-;-;-;-;1283,32;-;-;-;-;-;-;-
D15N27P001500;BRBMEFVI58F3;FINANCIAL;-;-;-;-;-;-;-;-;-;1614,14;-;-;-;-;-;-;-
D15N27P001550;BRBMEFVI58G1;FINANCIAL;-;-;-;-;-;-;-;-;-;1971,3;-;-;-;-;-;-;-
D15N27P001600;BRBMEFVI58H9;FINANCIAL;-;-;-;-;-;-;-;-;-;2347,78;-;-;-;-;-;-;-
D15N27P001650;BRBMEFVI58I7;FINANCIAL;-;-;-;-;-;-;-;-;-;2738,36;-;-;-;-;-;-;-
D15N27P001700;BRBMEFVI58J5;FINANCIAL;-;-;-;-;-;-;-;-;-;3137,48;-;-;-;-;-;-;-
D17N27C001000;BRBMEFCI7930;FINANCIAL;-;-;-;-;-;-;-;-;-;7884,41;-;-;-;-;-;-;-
D17N27C001050;BRBMEFCI7948;FINANCIAL;-;-;-;-;-;-;-;-;-;6880,79;-;-;-;-;-;-;-
D17N27C001100;BRBMEFCI7955;FINANCIAL;-;-;-;-;-;-;-;-;-;5905,73;-;-;-;-;-;-;-
D17N27C001150;BRBMEFCI7963;FINANCIAL;-;-;-;-;-;-;-;-;-;4963,18;-;-;-;-;-;-;-
D17N27C001200;BRBMEFCI7971;FINANCIAL;-;-;-;-;-;-;-;-;-;4048,5;-;-;-;-;-;-;-
D17N27C001250;BRBMEFCI7989;FINANCIAL;-;-;-;-;-;-;-;-;-;3197,51;-;-;-;-;-;-;-
D17N27C001300;BRBMEFCI7997;FINANCIAL;-;-;-;-;-;-;-;-;-;2443,85;-;-;-;-;-;-;-
D17N27C001350;BRBMEFCI79A0;FINANCIAL;-;-;-;-;-;-;-;-;-;1804,86;-;-;-;-;-;-;-
D17N27C001400;BRBMEFCI79B8;FINANCIAL;-;-;-;-;-;-;-;-;-;1307,71;-;-;-;-;-;-;-
D17N27C001450;BRBMEFCI79C6;FINANCIAL;-;-;-;-;-;-;-;-;-;946,61;-;-;-;-;-;-;-
D17N27C001500;BRBMEFCI79D4;FINANCIAL;-;-;-;-;-;-;-;-;-;692,26;-;-;-;-;-;-;-
D17N27C001550;BRBMEFCI79E2;FINANCIAL;-;-;-;-;-;-;-;-;-;503,4;-;-;-;-;-;-;-
D17N27C001600;BRBMEFCI79F9;FINANCIAL;-;-;-;-;-;-;-;-;-;371,57;-;-;-;-;-;-;-
D17N27C001650;BRBMEFCI79G7;FINANCIAL;-;-;-;-;-;-;-;-;-;279,31;-;-;-;-;-;-;-
D17N27C001700;BRBMEFCI79H5;FINANCIAL;-;-;-;-;-;-;-;-;-;214,65;-;-;-;-;-;-;-
D17N27P001000;BRBMEFVI7937;FINANCIAL;-;-;-;-;-;-;-;-;-;20,08;-;-;-;-;-;-;-
D17N27P001050;BRBMEFVI7945;FINANCIAL;-;-;-;-;-;-;-;-;-;32,84;-;-;-;-;-;-;-
D17N27P001100;BRBMEFVI7952;FINANCIAL;-;-;-;-;-;-;-;-;-;53,77;-;-;-;-;-;-;-
D17N27P001150;BRBMEFVI7960;FINANCIAL;-;-;-;-;-;-;-;-;-;87,3;-;-;-;-;-;-;-
D17N27P001200;BRBMEFVI7978;FINANCIAL;-;-;-;-;-;-;-;-;-;129,3;-;-;-;-;-;-;-
D17N27P001250;BRBMEFVI7986;FINANCIAL;-;-;-;-;-;-;-;-;-;216,03;-;-;-;-;-;-;-
D17N27P001300;BRBMEFVI7994;FINANCIAL;-;-;-;-;-;-;-;-;-;381,61;-;-;-;-;-;-;-
D17N27P001350;BRBMEFVI79A0;FINANCIAL;-;-;-;-;-;-;-;-;-;643,81;-;-;-;-;-;-;-
D17N27P001400;BRBMEFVI79B8;FINANCIAL;-;-;-;-;-;-;-;-;-;1030,25;-;-;-;-;-;-;-
D17N27P001450;BRBMEFVI79C6;FINANCIAL;-;-;-;-;-;-;-;-;-;1535,54;-;-;-;-;-;-;-
D17N27P001500;BRBMEFVI79D4;FINANCIAL;-;-;-;-;-;-;-;-;-;2130,79;-;-;-;-;-;-;-
D17N27P001550;BRBMEFVI79E2;FINANCIAL;-;-;-;-;-;-;-;-;-;2775,15;-;-;-;-;-;-;-
D17N27P001600;BRBMEFVI79F9;FINANCIAL;-;-;-;-;-;-;-;-;-;3460,53;-;-;-;-;-;-;-
D17N27P001650;BRBMEFVI79G7;FINANCIAL;-;-;-;-;-;-;-;-;-;4169,85;-;-;-;-;-;-;-
D17N27P001700;BRBMEFVI79H5;FINANCIAL;-;-;-;-;-;-;-;-;-;4891,51;-;-;-;-;-;-;-
IDIG27C553000;BRBMEFCIG9T2;FINANCIAL;-;-;-;-;-;-;-;-;-;3121,48;-;-;-;-;-;-;-
IDIG27C553100;BRBMEFCIG9U0;FINANCIAL;-;-;-;-;-;-;-;-;-;3026,21;-;-;-;-;-;-;-
IDIG27C553200;BRBMEFCIG9V8;FINANCIAL;-;-;-;-;-;-;-;-;-;2930,93;-;-;-;-;-;-;-
IDIG27C553400;BRBMEFCIG9W6;FINANCIAL;-;-;-;-;-;-;-;-;-;2740,39;-;-;-;-;-;-;-
IDIG27C553500;BRBMEFCIG9X4;FINANCIAL;-;-;-;-;-;-;-;-;-;2645,11;-;-;-;-;-;-;-
IDIG27P553000;BRBMEFVIG9T9;FINANCIAL;-;-;-;-;-;-;-;-;-;0,01;-;-;-;-;-;-;-
IDIG27P553100;BRBMEFVIG9U7;FINANCIAL;-;-;-;-;-;-;-;-;-;0,01;-;-;-;-;-;-;-
IDIG27P553200;BRBMEFVIG9V5;FINANCIAL;-;-;-;-;-;-;-;-;-;0,01;-;-;-;-;-;-;-
IDIG27P553400;BRBMEFVIG9W3;FINANCIAL;-;-;-;-;-;-;-;-;-;0,01;-;-;-;-;-;-;-
IDIG27P553500;BRBMEFVIG9X1;FINANCIAL;-;-;-;-;-;-;-;-;-;0,01;-;-;-;-;-;-;-
IDIH27C558400;BRBMEFCIH9M6;FINANCIAL;-;-;-;-;-;-;-;-;-;2781,19;-;-;-;-;-;-;-
IDIH27C558500;BRBMEFCIH9N4;FINANCIAL;-;-;-;-;-;-;-;-;-;2686,93;-;-;-;-;-;-;-
IDIH27P558400;BRBMEFVIH9M3;FINANCIAL;-;-;-;-;-;-;-;-;-;0,36;-;-;-;-;-;-;-
IDIH27P558500;BRBMEFVIH9N1;FINANCIAL;-;-;-;-;-;-;-;-;-;0,51;-;-;-;-;-;-;-
IDIK27C571700;BRBMEFCIKA95;FINANCIAL;-;-;-;-;-;-;-;-;-;1881,43;-;-;-;-;-;-;-
IDIK27C571800;BRBMEFCIKAA3;FINANCIAL;-;-;-;-;-;-;-;-;-;1806,05;-;-;-;-;-;-;-
IDIK27C571900;BRBMEFCIKAB1;FINANCIAL;-;-;-;-;-;-;-;-;-;1730,32;-;-;-;-;-;-;-
IDIK27C572000;BRBMEFCIKAC9;FINANCIAL;-;-;-;-;-;-;-;-;-;1656,22;-;-;-;-;-;-;-
IDIK27C572100;BRBMEFCIKAD7;FINANCIAL;-;-;-;-;-;-;-;-;-;1583,48;-;-;-;-;-;-;-
IDIK27C572200;BRBMEFCIKAE5;FINANCIAL;-;-;-;-;-;-;-;-;-;1512,31;-;-;-;-;-;-;-
IDIK27C572300;BRBMEFCIKAF2;FINANCIAL;-;-;-;-;-;-;-;-;-;1443,1;-;-;-;-;-;-;-
IDIK27C572400;BRBMEFCIKAG0;FINANCIAL;-;-;-;-;-;-;-;-;-;1375,68;-;-;-;-;-;-;-
IDIK27C572500;BRBMEFCIKAH8;FINANCIAL;-;-;-;-;-;-;-;-;-;1312,64;-;-;-;-;-;-;-
IDIK27C572600;BRBMEFCIKAI6;FINANCIAL;-;-;-;-;-;-;-;-;-;1254,17;-;-;-;-;-;-;-
IDIK27C572700;BRBMEFCIKAJ4;FINANCIAL;-;-;-;-;-;-;-;-;-;1197,61;-;-;-;-;-;-;-
IDIK27C572800;BRBMEFCIKAK2;FINANCIAL;-;-;-;-;-;-;-;-;-;1142,28;-;-;-;-;-;-;-
IDIK27C572900;BRBMEFCIKAL0;FINANCIAL;-;-;-;-;-;-;-;-;-;1091,31;-;-;-;-;-;-;-
IDIK27C573000;BRBMEFCIKAM8;FINANCIAL;-;-;-;-;-;-;-;-;-;1044,18;-;-;-;-;-;-;-
IDIK27C573100;BRBMEFCIKAN6;FINANCIAL;-;-;-;-;-;-;-;-;-;997,22;-;-;-;-;-;-;-
IDIK27C573200;BRBMEFCIKAO4;FINANCIAL;-;-;-;-;-;-;-;-;-;952,55;-;-;-;-;-;-;-
IDIK27P571700;BRBMEFVIKA84;FINANCIAL;-;-;-;-;-;-;-;-;-;89,85;-;-;-;-;-;-;-
IDIK27P571800;BRBMEFVIKA92;FINANCIAL;-;-;-;-;-;-;-;-;-;106,85;-;-;-;-;-;-;-
IDIK27P571900;BRBMEFVIKAA3;FINANCIAL;-;-;-;-;-;-;-;-;-;123,51;-;-;-;-;-;-;-
IDIK27P572000;BRBMEFVIKAB1;FINANCIAL;-;-;-;-;-;-;-;-;-;141,81;-;-;-;-;-;-;-
IDIK27P572100;BRBMEFVIKAC9;FINANCIAL;-;-;-;-;-;-;-;-;-;161,45;-;-;-;-;-;-;-
IDIK27P572200;BRBMEFVIKAD7;FINANCIAL;-;-;-;-;-;-;-;-;-;182,67;-;-;-;-;-;-;-
IDIK27P572300;BRBMEFVIKAE5;FINANCIAL;-;-;-;-;-;-;-;-;-;205,86;-;-;-;-;-;-;-
IDIK27P572400;BRBMEFVIKAF2;FINANCIAL;-;-;-;-;-;-;-;-;-;230,82;-;-;-;-;-;-;-
IDIK27P572500;BRBMEFVIKAG0;FINANCIAL;-;-;-;-;-;-;-;-;-;260,18;-;-;-;-;-;-;-
IDIK27P572600;BRBMEFVIKAH8;FINANCIAL;-;-;-;-;-;-;-;-;-;294,1;-;-;-;-;-;-;-
IDIK27P572700;BRBMEFVIKAI6;FINANCIAL;-;-;-;-;-;-;-;-;-;329,92;-;-;-;-;-;-;-
IDIK27P572800;BRBMEFVIKAJ4;FINANCIAL;-;-;-;-;-;-;-;-;-;366,98;-;-;-;-;-;-;-
IDIK27P572900;BRBMEFVIKAK2;FINANCIAL;-;-;-;-;-;-;-;-;-;408,4;-;-;-;-;-;-;-
IDIK27P573000;BRBMEFVIKAL0;FINANCIAL;-;-;-;-;-;-;-;-;-;453,66;-;-;-;-;-;-;-
IDIK27P573100;BRBMEFVIKAM8;FINANCIAL;-;-;-;-;-;-;-;-;-;499,1;-;-;-;-;-;-;-
IDIK27P573200;BRBMEFVIKAN6;FINANCIAL;-;-;-;-;-;-;-;-;-;546,81;-;-;-;-;-;-;-
IDIM27C577900;BRBMEFCIMBI0;FINANCIAL;-;-;-;-;-;-;-;-;-;1769,11;-;-;-;-;-;-;-
IDIM27C578000;BRBMEFCIMBJ8;FINANCIAL;-;-;-;-;-;-;-;-;-;1706,59;-;-;-;-;-;-;-
IDIM27C578100;BRBMEFCIMBK6;FINANCIAL;-;-;-;-;-;-;-;-;-;1647,78;-;-;-;-;-;-;-
IDIM27C578200;BRBMEFCIMBL4;FINANCIAL;-;-;-;-;-;-;-;-;-;1590,4;-;-;-;-;-;-;-
IDIM27C578300;BRBMEFCIMBM2;FINANCIAL;-;-;-;-;-;-;-;-;-;1534,12;-;-;-;-;-;-;-
IDIM27C578400;BRBMEFCIMBN0;FINANCIAL;-;-;-;-;-;-;-;-;-;1478,72;-;-;-;-;-;-;-
IDIM27C578500;BRBMEFCIMBO8;FINANCIAL;-;-;-;-;-;-;-;-;-;1426,41;-;-;-;-;-;-;-
IDIM27C578600;BRBMEFCIMBP5;FINANCIAL;-;-;-;-;-;-;-;-;-;1377,44;-;-;-;-;-;-;-
IDIM27C578700;BRBMEFCIMBQ3;FINANCIAL;-;-;-;-;-;-;-;-;-;1329,83;-;-;-;-;-;-;-
IDIM27C578800;BRBMEFCIMBR1;FINANCIAL;-;-;-;-;-;-;-;-;-;1282,67;-;-;-;-;-;-;-
IDIM27C578900;BRBMEFCIMBS9;FINANCIAL;-;-;-;-;-;-;-;-;-;1236,77;-;-;-;-;-;-;-
IDIM27C579000;BRBMEFCIMBT7;FINANCIAL;-;-;-;-;-;-;-;-;-;1192,24;-;-;-;-;-;-;-
IDIM27C579100;BRBMEFCIMBU5;FINANCIAL;-;-;-;-;-;-;-;-;-;1149,58;-;-;-;-;-;-;-
IDIM27C579200;BRBMEFCIMBV3;FINANCIAL;-;-;-;-;-;-;-;-;-;1110;-;-;-;-;-;-;-
IDIM27C579300;BRBMEFCIMBW1;FINANCIAL;-;-;-;-;-;-;-;-;-;1074,17;-;-;-;-;-;-;-
IDIM27C579400;BRBMEFCIMBX9;FINANCIAL;-;-;-;-;-;-;-;-;-;1039,43;-;-;-;-;-;-;-
IDIM27P577900;BRBMEFVIMBI0;FINANCIAL;-;-;-;-;-;-;-;-;-;306,32;-;-;-;-;-;-;-
IDIM27P578000;BRBMEFVIMBJ8;FINANCIAL;-;-;-;-;-;-;-;-;-;335,26;-;-;-;-;-;-;-
IDIM27P578100;BRBMEFVIMBK6;FINANCIAL;-;-;-;-;-;-;-;-;-;367,9;-;-;-;-;-;-;-
IDIM27P578200;BRBMEFVIMBL4;FINANCIAL;-;-;-;-;-;-;-;-;-;401,98;-;-;-;-;-;-;-
IDIM27P578300;BRBMEFVIMBM2;FINANCIAL;-;-;-;-;-;-;-;-;-;437,15;-;-;-;-;-;-;-
IDIM27P578400;BRBMEFVIMBN0;FINANCIAL;-;-;-;-;-;-;-;-;-;473,2;-;-;-;-;-;-;-
IDIM27P578500;BRBMEFVIMBO8;FINANCIAL;-;-;-;-;-;-;-;-;-;512,35;-;-;-;-;-;-;-
IDIM27P578600;BRBMEFVIMBP5;FINANCIAL;-;-;-;-;-;-;-;-;-;554,83;-;-;-;-;-;-;-
IDIM27P578700;BRBMEFVIMBQ3;FINANCIAL;-;-;-;-;-;-;-;-;-;598,68;-;-;-;-;-;-;-
IDIM27P578800;BRBMEFVIMBR1;FINANCIAL;-;-;-;-;-;-;-;-;-;642,98;-;-;-;-;-;-;-
IDIM27P578900;BRBMEFVIMBS9;FINANCIAL;-;-;-;-;-;-;-;-;-;688,53;-;-;-;-;-;-;-
IDIM27P579000;BRBMEFVIMBT7;FINANCIAL;-;-;-;-;-;-;-;-;-;735,45;-;-;-;-;-;-;-
IDIM27P579100;BRBMEFVIMBU5;FINANCIAL;-;-;-;-;-;-;-;-;-;784,25;-;-;-;-;-;-;-
IDIM27P579200;BRBMEFVIMBV3;FINANCIAL;-;-;-;-;-;-;-;-;-;836,12;-;-;-;-;-;-;-
IDIM27P579300;BRBMEFVIMBW1;FINANCIAL;-;-;-;-;-;-;-;-;-;891,75;-;-;-;-;-;-;-
IDIM27P579400;BRBMEFVIMBX9;FINANCIAL;-;-;-;-;-;-;-;-;-;948,47;-;-;-;-;-;-;-
IDIQ27C591400;BRBMEFCIQ9L7;FINANCIAL;-;-;-;-;-;-;-;-;-;2035,71;-;-;-;-;-;-;-
IDIQ27C591500;BRBMEFCIQ9M5;FINANCIAL;-;-;-;-;-;-;-;-;-;1987,89;-;-;-;-;-;-;-
IDIQ27C591600;BRBMEFCIQ9N3;FINANCIAL;-;-;-;-;-;-;-;-;-;1941,2;-;-;-;-;-;-;-
IDIQ27C591700;BRBMEFCIQ9O1;FINANCIAL;-;-;-;-;-;-;-;-;-;1895,84;-;-;-;-;-;-;-
IDIQ27C591800;BRBMEFCIQ9P8;FINANCIAL;-;-;-;-;-;-;-;-;-;1851,81;-;-;-;-;-;-;-
IDIQ27C591900;BRBMEFCIQ9Q6;FINANCIAL;-;-;-;-;-;-;-;-;-;1808,32;-;-;-;-;-;-;-
IDIQ27C592000;BRBMEFCIQ9R4;FINANCIAL;-;-;-;-;-;-;-;-;-;1765,56;-;-;-;-;-;-;-
IDIQ27C592100;BRBMEFCIQ9S2;FINANCIAL;-;-;-;-;-;-;-;-;-;1724,29;-;-;-;-;-;-;-
IDIQ27C592200;BRBMEFCIQ9T0;FINANCIAL;-;-;-;-;-;-;-;-;-;1685,49;-;-;-;-;-;-;-
IDIQ27C592300;BRBMEFCIQ9U8;FINANCIAL;-;-;-;-;-;-;-;-;-;1648,18;-;-;-;-;-;-;-
IDIQ27C592400;BRBMEFCIQ9V6;FINANCIAL;-;-;-;-;-;-;-;-;-;1611,36;-;-;-;-;-;-;-
IDIQ27C592500;BRBMEFCIQ9W4;FINANCIAL;-;-;-;-;-;-;-;-;-;1575,19;-;-;-;-;-;-;-
IDIQ27C592600;BRBMEFCIQ9X2;FINANCIAL;-;-;-;-;-;-;-;-;-;1539,68;-;-;-;-;-;-;-
IDIQ27C592700;BRBMEFCIQ9Y0;FINANCIAL;-;-;-;-;-;-;-;-;-;1504,99;-;-;-;-;-;-;-
IDIQ27C592800;BRBMEFCIQ9Z7;FINANCIAL;-;-;-;-;-;-;-;-;-;1471,11;-;-;-;-;-;-;-
IDIQ27C592900;BRBMEFCIQA08;FINANCIAL;-;-;-;-;-;-;-;-;-;1437,63;-;-;-;-;-;-;-
IDIQ27P591400;BRBMEFVIQ9L4;FINANCIAL;-;-;-;-;-;-;-;-;-;960,49;-;-;-;-;-;-;-
IDIQ27P591500;BRBMEFVIQ9M2;FINANCIAL;-;-;-;-;-;-;-;-;-;1002,1;-;-;-;-;-;-;-
IDIQ27P591600;BRBMEFVIQ9N0;FINANCIAL;-;-;-;-;-;-;-;-;-;1044,85;-;-;-;-;-;-;-
IDIQ27P591700;BRBMEFVIQ9O8;FINANCIAL;-;-;-;-;-;-;-;-;-;1088,92;-;-;-;-;-;-;-
IDIQ27P591800;BRBMEFVIQ9P5;FINANCIAL;-;-;-;-;-;-;-;-;-;1134,32;-;-;-;-;-;-;-
IDIQ27P591900;BRBMEFVIQ9Q3;FINANCIAL;-;-;-;-;-;-;-;-;-;1180,27;-;-;-;-;-;-;-
IDIQ27P592000;BRBMEFVIQ9R1;FINANCIAL;-;-;-;-;-;-;-;-;-;1226,94;-;-;-;-;-;-;-
IDIQ27P592100;BRBMEFVIQ9S9;FINANCIAL;-;-;-;-;-;-;-;-;-;1275,1;-;-;-;-;-;-;-
IDIQ27P592200;BRBMEFVIQ9T7;FINANCIAL;-;-;-;-;-;-;-;-;-;1325,74;-;-;-;-;-;-;-
IDIQ27P592300;BRBMEFVIQ9U5;FINANCIAL;-;-;-;-;-;-;-;-;-;1377,86;-;-;-;-;-;-;-
IDIQ27P592400;BRBMEFVIQ9V3;FINANCIAL;-;-;-;-;-;-;-;-;-;1430,47;-;-;-;-;-;-;-
IDIQ27P592500;BRBMEFVIQ9W1;FINANCIAL;-;-;-;-;-;-;-;-;-;1483,74;-;-;-;-;-;-;-
IDIQ27P592600;BRBMEFVIQ9X9;FINANCIAL;-;-;-;-;-;-;-;-;-;1537,66;-;-;-;-;-;-;-
IDIQ27P592700;BRBMEFVIQ9Y7;FINANCIAL;-;-;-;-;-;-;-;-;-;1592,4;-;-;-;-;-;-;-
IDIQ27P592800;BRBMEFVIQ9Z4;FINANCIAL;-;-;-;-;-;-;-;-;-;1647,95;-;-;-;-;-;-;-
IDIQ27P592900;BRBMEFVIQA05;FINANCIAL;-;-;-;-;-;-;-;-;-;1703,91;-;-;-;-;-;-;-
IDIV27C604800;BRBMEFCIVZU5;FINANCIAL;-;-;-;-;-;-;-;-;-;2502,47;-;-;-;-;-;-;-
IDIV27C604900;BRBMEFCIVZV3;FINANCIAL;-;-;-;-;-;-;-;-;-;2459,73;-;-;-;-;-;-;-
IDIV27C605000;BRBMEFCIVZW1;FINANCIAL;-;-;-;-;-;-;-;-;-;2418,24;-;-;-;-;-;-;-
IDIV27C605100;BRBMEFCIVZX9;FINANCIAL;-;-;-;-;-;-;-;-;-;2377,81;-;-;-;-;-;-;-
IDIV27C605200;BRBMEFCIVZY7;FINANCIAL;-;-;-;-;-;-;-;-;-;2338,84;-;-;-;-;-;-;-
IDIV27C605300;BRBMEFCIVZZ4;FINANCIAL;-;-;-;-;-;-;-;-;-;2300,92;-;-;-;-;-;-;-
IDIV27C605400;BRBMEFCVV005;FINANCIAL;-;-;-;-;-;-;-;-;-;2263,18;-;-;-;-;-;-;-
IDIV27C605500;BRBMEFCVV013;FINANCIAL;-;-;-;-;-;-;-;-;-;2225,38;-;-;-;-;-;-;-
IDIV27C605600;BRBMEFCVV021;FINANCIAL;-;-;-;-;-;-;-;-;-;2187,95;-;-;-;-;-;-;-
IDIV27C605700;BRBMEFCVV039;FINANCIAL;-;-;-;-;-;-;-;-;-;2151,11;-;-;-;-;-;-;-
IDIV27C605800;BRBMEFCVV047;FINANCIAL;-;-;-;-;-;-;-;-;-;2114,84;-;-;-;-;-;-;-
IDIV27C605900;BRBMEFCVV054;FINANCIAL;-;-;-;-;-;-;-;-;-;2079,57;-;-;-;-;-;-;-
IDIV27C606000;BRBMEFCVV062;FINANCIAL;-;-;-;-;-;-;-;-;-;2045,09;-;-;-;-;-;-;-
IDIV27C606100;BRBMEFCVV070;FINANCIAL;-;-;-;-;-;-;-;-;-;2010,94;-;-;-;-;-;-;-
IDIV27C606200;BRBMEFCVV088;FINANCIAL;-;-;-;-;-;-;-;-;-;1977,13;-;-;-;-;-;-;-
IDIV27C606300;BRBMEFCVV096;FINANCIAL;-;-;-;-;-;-;-;-;-;1943,43;-;-;-;-;-;-;-
IDIV27P604800;BRBMEFVIVZU5;FINANCIAL;-;-;-;-;-;-;-;-;-;1662,65;-;-;-;-;-;-;-
IDIV27P604900;BRBMEFVIVZV3;FINANCIAL;-;-;-;-;-;-;-;-;-;1707,4;-;-;-;-;-;-;-
IDIV27P605000;BRBMEFVIVZW1;FINANCIAL;-;-;-;-;-;-;-;-;-;1753,4;-;-;-;-;-;-;-
IDIV27P605100;BRBMEFVIVZX9;FINANCIAL;-;-;-;-;-;-;-;-;-;1800,46;-;-;-;-;-;-;-
IDIV27P605200;BRBMEFVIVZY7;FINANCIAL;-;-;-;-;-;-;-;-;-;1848,99;-;-;-;-;-;-;-
IDIV27P605300;BRBMEFVIVZZ4;FINANCIAL;-;-;-;-;-;-;-;-;-;1898,56;-;-;-;-;-;-;-
IDIV27P605400;BRBMEFVIC002;FINANCIAL;-;-;-;-;-;-;-;-;-;1948,3;-;-;-;-;-;-;-
IDIV27P605500;BRBMEFVIC010;FINANCIAL;-;-;-;-;-;-;-;-;-;1997,99;-;-;-;-;-;-;-
IDIV27P605600;BRBMEFVIC028;FINANCIAL;-;-;-;-;-;-;-;-;-;2048,06;-;-;-;-;-;-;-
IDIV27P605700;BRBMEFVIC036;FINANCIAL;-;-;-;-;-;-;-;-;-;2098,7;-;-;-;-;-;-;-
IDIV27P605800;BRBMEFVIC044;FINANCIAL;-;-;-;-;-;-;-;-;-;2149,93;-;-;-;-;-;-;-
IDIV27P605900;BRBMEFVIC051;FINANCIAL;-;-;-;-;-;-;-;-;-;2202,15;-;-;-;-;-;-;-
IDIV27P606000;BRBMEFVIC069;FINANCIAL;-;-;-;-;-;-;-;-;-;2255,15;-;-;-;-;-;-;-
IDIV27P606100;BRBMEFVIC077;FINANCIAL;-;-;-;-;-;-;-;-;-;2308,5;-;-;-;-;-;-;-
IDIV27P606200;BRBMEFVIC085;FINANCIAL;-;-;-;-;-;-;-;-;-;2362,18;-;-;-;-;-;-;-
IDIV27P606300;BRBMEFVIC093;FINANCIAL;-;-;-;-;-;-;-;-;-;2415,97;-;-;-;-;-;-;-
IDIX27C611300;BRBMEFCIXB40;FINANCIAL;-;-;-;-;-;-;-;-;-;2652,91;-;-;-;-;-;-;-
IDIX27C611400;BRBMEFCIXB57;FINANCIAL;-;-;-;-;-;-;-;-;-;2613,95;-;-;-;-;-;-;-
IDIX27C611500;BRBMEFCIXB65;FINANCIAL;-;-;-;-;-;-;-;-;-;2575,51;-;-;-;-;-;-;-
IDIX27C611600;BRBMEFCIXB73;FINANCIAL;-;-;-;-;-;-;-;-;-;2537,58;-;-;-;-;-;-;-
IDIX27C611700;BRBMEFCIXB81;FINANCIAL;-;-;-;-;-;-;-;-;-;2500,61;-;-;-;-;-;-;-
IDIX27C611800;BRBMEFCIXB99;FINANCIAL;-;-;-;-;-;-;-;-;-;2463,91;-;-;-;-;-;-;-
IDIX27C611900;BRBMEFCIXBA4;FINANCIAL;-;-;-;-;-;-;-;-;-;2427,71;-;-;-;-;-;-;-
IDIX27C612000;BRBMEFCIXBB2;FINANCIAL;-;-;-;-;-;-;-;-;-;2392;-;-;-;-;-;-;-
IDIX27C612100;BRBMEFCIXBC0;FINANCIAL;-;-;-;-;-;-;-;-;-;2356,78;-;-;-;-;-;-;-
IDIX27C612200;BRBMEFCIXBD8;FINANCIAL;-;-;-;-;-;-;-;-;-;2322,04;-;-;-;-;-;-;-
IDIX27C612300;BRBMEFCIXBE6;FINANCIAL;-;-;-;-;-;-;-;-;-;2287,56;-;-;-;-;-;-;-
IDIX27C612400;BRBMEFCIXBF3;FINANCIAL;-;-;-;-;-;-;-;-;-;2253,33;-;-;-;-;-;-;-
IDIX27C612500;BRBMEFCIXBG1;FINANCIAL;-;-;-;-;-;-;-;-;-;2219,35;-;-;-;-;-;-;-
IDIX27C612600;BRBMEFCIXBH9;FINANCIAL;-;-;-;-;-;-;-;-;-;2185,62;-;-;-;-;-;-;-
IDIX27C612700;BRBMEFCIXBI7;FINANCIAL;-;-;-;-;-;-;-;-;-;2152,35;-;-;-;-;-;-;-
IDIX27C612800;BRBMEFCIXBJ5;FINANCIAL;-;-;-;-;-;-;-;-;-;2119,54;-;-;-;-;-;-;-
IDIX27P611300;BRBMEFVIXB70;FINANCIAL;-;-;-;-;-;-;-;-;-;2128,27;-;-;-;-;-;-;-
IDIX27P611400;BRBMEFVIXB88;FINANCIAL;-;-;-;-;-;-;-;-;-;2175,93;-;-;-;-;-;-;-
IDIX27P611500;BRBMEFVIXB96;FINANCIAL;-;-;-;-;-;-;-;-;-;2224,1;-;-;-;-;-;-;-
IDIX27P611600;BRBMEFVIXBA4;FINANCIAL;-;-;-;-;-;-;-;-;-;2272,78;-;-;-;-;-;-;-
IDIX27P611700;BRBMEFVIXBB2;FINANCIAL;-;-;-;-;-;-;-;-;-;2322,42;-;-;-;-;-;-;-
IDIX27P611800;BRBMEFVIXBC0;FINANCIAL;-;-;-;-;-;-;-;-;-;2372,33;-;-;-;-;-;-;-
IDIX27P611900;BRBMEFVIXBD8;FINANCIAL;-;-;-;-;-;-;-;-;-;2422,75;-;-;-;-;-;-;-
IDIX27P612000;BRBMEFVIXBE6;FINANCIAL;-;-;-;-;-;-;-;-;-;2473,65;-;-;-;-;-;-;-
IDIX27P612100;BRBMEFVIXBF3;FINANCIAL;-;-;-;-;-;-;-;-;-;2525,04;-;-;-;-;-;-;-
IDIX27P612200;BRBMEFVIXBG1;FINANCIAL;-;-;-;-;-;-;-;-;-;2576,91;-;-;-;-;-;-;-
IDIX27P612300;BRBMEFVIXBH9;FINANCIAL;-;-;-;-;-;-;-;-;-;2629,05;-;-;-;-;-;-;-
IDIX27P612400;BRBMEFVIXBI7;FINANCIAL;-;-;-;-;-;-;-;-;-;2681,43;-;-;-;-;-;-;-
IDIX27P612500;BRBMEFVIXBJ5;FINANCIAL;-;-;-;-;-;-;-;-;-;2734,06;-;-;-;-;-;-;-
IDIX27P612600;BRBMEFVIXBK3;FINANCIAL;-;-;-;-;-;-;-;-;-;2786,94;-;-;-;-;-;-;-
IDIX27P612700;BRBMEFVIXBL1;FINANCIAL;-;-;-;-;-;-;-;-;-;2840,28;-;-;-;-;-;-;-
IDIX27P612800;BRBMEFVIXBM9;FINANCIAL;-;-;-;-;-;-;-;-;-;2894,08;-;-;-;-;-;-;-
IDIK27C573300;BRBMEFCIKAP1;FINANCIAL;-;-;-;-;-;-;-;-;-;910,09;-;-;-;-;-;-;-
IDIK27C573400;BRBMEFCIKAQ9;FINANCIAL;-;-;-;-;-;-;-;-;-;869,96;-;-;-;-;-;-;-
IDIK27C573500;BRBMEFCIKAR7;FINANCIAL;-;-;-;-;-;-;-;-;-;835,25;-;-;-;-;-;-;-
IDIK27C573600;BRBMEFCIKAS5;FINANCIAL;-;-;-;-;-;-;-;-;-;801,73;-;-;-;-;-;-;-
IDIK27C573700;BRBMEFCIKAT3;FINANCIAL;-;-;-;-;-;-;-;-;-;768,8;-;-;-;-;-;-;-
IDIK27C573800;BRBMEFCIKAU1;FINANCIAL;-;-;-;-;-;-;-;-;-;736,38;-;-;-;-;-;-;-
IDIK27P573300;BRBMEFVIKAO4;FINANCIAL;-;-;-;-;-;-;-;-;-;596,74;-;-;-;-;-;-;-
IDIK27P573400;BRBMEFVIKAP1;FINANCIAL;-;-;-;-;-;-;-;-;-;649;-;-;-;-;-;-;-
IDIK27P573500;BRBMEFVIKAQ9;FINANCIAL;-;-;-;-;-;-;-;-;-;706,68;-;-;-;-;-;-;-
IDIK27P573600;BRBMEFVIKAR7;FINANCIAL;-;-;-;-;-;-;-;-;-;765,55;-;-;-;-;-;-;-
IDIK27P573700;BRBMEFVIKAS5;FINANCIAL;-;-;-;-;-;-;-;-;-;825,01;-;-;-;-;-;-;-
IDIK27P573800;BRBMEFVIKAT3;FINANCIAL;-;-;-;-;-;-;-;-;-;884,98;-;-;-;-;-;-;-
IDIM27C579500;BRBMEFCIMBY7;FINANCIAL;-;-;-;-;-;-;-;-;-;1005,53;-;-;-;-;-;-;-
IDIM27C579600;BRBMEFCIMBZ4;FINANCIAL;-;-;-;-;-;-;-;-;-;971,89;-;-;-;-;-;-;-
IDIM27C579700;BRBMEFCIMC00;FINANCIAL;-;-;-;-;-;-;-;-;-;939;-;-;-;-;-;-;-
IDIM27C579800;BRBMEFCIMC18;FINANCIAL;-;-;-;-;-;-;-;-;-;907,18;-;-;-;-;-;-;-
IDIM27C579900;BRBMEFCIMC26;FINANCIAL;-;-;-;-;-;-;-;-;-;876,2;-;-;-;-;-;-;-
IDIM27C580000;BRBMEFCIMC34;FINANCIAL;-;-;-;-;-;-;-;-;-;845,51;-;-;-;-;-;-;-
IDIM27C580100;BRBMEFCIMC42;FINANCIAL;-;-;-;-;-;-;-;-;-;818,73;-;-;-;-;-;-;-
IDIM27C580200;BRBMEFCIMC59;FINANCIAL;-;-;-;-;-;-;-;-;-;796,11;-;-;-;-;-;-;-
IDIM27C580300;BRBMEFCIMC67;FINANCIAL;-;-;-;-;-;-;-;-;-;774,63;-;-;-;-;-;-;-
IDIM27C580400;BRBMEFCIMC75;FINANCIAL;-;-;-;-;-;-;-;-;-;753,89;-;-;-;-;-;-;-
IDIM27C580500;BRBMEFCIMC83;FINANCIAL;-;-;-;-;-;-;-;-;-;734,04;-;-;-;-;-;-;-
IDIM27P579500;BRBMEFVIMBY7;FINANCIAL;-;-;-;-;-;-;-;-;-;1006,02;-;-;-;-;-;-;-
IDIM27P579600;BRBMEFVIMBZ4;FINANCIAL;-;-;-;-;-;-;-;-;-;1063,84;-;-;-;-;-;-;-
IDIM27P579700;BRBMEFVIMC07;FINANCIAL;-;-;-;-;-;-;-;-;-;1122,4;-;-;-;-;-;-;-
IDIM27P579800;BRBMEFVIMC15;FINANCIAL;-;-;-;-;-;-;-;-;-;1182,03;-;-;-;-;-;-;-
IDIM27P579900;BRBMEFVIMC23;FINANCIAL;-;-;-;-;-;-;-;-;-;1242,51;-;-;-;-;-;-;-
IDIM27P580000;BRBMEFVIMC31;FINANCIAL;-;-;-;-;-;-;-;-;-;1303,27;-;-;-;-;-;-;-
IDIM27P580100;BRBMEFVIMC49;FINANCIAL;-;-;-;-;-;-;-;-;-;1367,95;-;-;-;-;-;-;-
IDIM27P580200;BRBMEFVIMC56;FINANCIAL;-;-;-;-;-;-;-;-;-;1436,78;-;-;-;-;-;-;-
IDIM27P580300;BRBMEFVIMC64;FINANCIAL;-;-;-;-;-;-;-;-;-;1506,76;-;-;-;-;-;-;-
IDIM27P580400;BRBMEFVIMC72;FINANCIAL;-;-;-;-;-;-;-;-;-;1577,48;-;-;-;-;-;-;-
IDIM27P580500;BRBMEFVIMC80;FINANCIAL;-;-;-;-;-;-;-;-;-;1649,08;-;-;-;-;-;-;-
IDIN27C585500;BRBMEFCICNK2;FINANCIAL;-;-;-;-;-;-;-;-;-;1459,98;-;-;-;-;-;-;-
IDIN27C586000;BRBMEFCICNL0;FINANCIAL;-;-;-;-;-;-;-;-;-;1273,8;-;-;-;-;-;-;-
IDIN27C587000;BRBMEFCICNM8;FINANCIAL;-;-;-;-;-;-;-;-;-;972,68;-;-;-;-;-;-;-
IDIN27C587500;BRBMEFCICNN6;FINANCIAL;-;-;-;-;-;-;-;-;-;869,17;-;-;-;-;-;-;-
IDIN27P585500;BRBMEFVI2NK3;FINANCIAL;-;-;-;-;-;-;-;-;-;980,56;-;-;-;-;-;-;-
IDIN27P586000;BRBMEFVI2NL1;FINANCIAL;-;-;-;-;-;-;-;-;-;1246,56;-;-;-;-;-;-;-
IDIN27P587000;BRBMEFVI2NM9;FINANCIAL;-;-;-;-;-;-;-;-;-;1849,81;-;-;-;-;-;-;-
IDIN27P587500;BRBMEFVI2NN7;FINANCIAL;-;-;-;-;-;-;-;-;-;2198,48;-;-;-;-;-;-;-
IDIQ27C593000;BRBMEFCIQA16;FINANCIAL;-;-;-;-;-;-;-;-;-;1404,35;-;-;-;-;-;-;-
IDIQ27C593100;BRBMEFCIQA24;FINANCIAL;-;-;-;-;-;-;-;-;-;1371,44;-;-;-;-;-;-;-
IDIQ27C593200;BRBMEFCIQA32;FINANCIAL;-;-;-;-;-;-;-;-;-;1339,3;-;-;-;-;-;-;-
IDIQ27C593300;BRBMEFCIQA40;FINANCIAL;-;-;-;-;-;-;-;-;-;1307,31;-;-;-;-;-;-;-
IDIQ27C593400;BRBMEFCIQA57;FINANCIAL;-;-;-;-;-;-;-;-;-;1276,26;-;-;-;-;-;-;-
IDIQ27C593500;BRBMEFCIQA65;FINANCIAL;-;-;-;-;-;-;-;-;-;1247,67;-;-;-;-;-;-;-
IDIQ27C593600;BRBMEFCIQA73;FINANCIAL;-;-;-;-;-;-;-;-;-;1222,1;-;-;-;-;-;-;-
IDIQ27C593700;BRBMEFCIQA81;FINANCIAL;-;-;-;-;-;-;-;-;-;1198,15;-;-;-;-;-;-;-
IDIQ27C593800;BRBMEFCIQA99;FINANCIAL;-;-;-;-;-;-;-;-;-;1174,83;-;-;-;-;-;-;-
IDIQ27C593900;BRBMEFCIQAA0;FINANCIAL;-;-;-;-;-;-;-;-;-;1151,55;-;-;-;-;-;-;-
IDIQ27C594000;BRBMEFCIQAB8;FINANCIAL;-;-;-;-;-;-;-;-;-;1128,87;-;-;-;-;-;-;-
IDIQ27C594100;BRBMEFCIQAC6;FINANCIAL;-;-;-;-;-;-;-;-;-;1106,96;-;-;-;-;-;-;-
IDIQ27C594200;BRBMEFCIQAD4;FINANCIAL;-;-;-;-;-;-;-;-;-;1085,81;-;-;-;-;-;-;-
IDIQ27P593000;BRBMEFVIQA13;FINANCIAL;-;-;-;-;-;-;-;-;-;1760,06;-;-;-;-;-;-;-
IDIQ27P593100;BRBMEFVIQA21;FINANCIAL;-;-;-;-;-;-;-;-;-;1816,59;-;-;-;-;-;-;-
IDIQ27P593200;BRBMEFVIQA39;FINANCIAL;-;-;-;-;-;-;-;-;-;1873,87;-;-;-;-;-;-;-
IDIQ27P593300;BRBMEFVIQA47;FINANCIAL;-;-;-;-;-;-;-;-;-;1931,32;-;-;-;-;-;-;-
IDIQ27P593400;BRBMEFVIQA54;FINANCIAL;-;-;-;-;-;-;-;-;-;1989,7;-;-;-;-;-;-;-
IDIQ27P593500;BRBMEFVIQA62;FINANCIAL;-;-;-;-;-;-;-;-;-;2050,54;-;-;-;-;-;-;-
IDIQ27P593600;BRBMEFVIQA70;FINANCIAL;-;-;-;-;-;-;-;-;-;2114,41;-;-;-;-;-;-;-
IDIQ27P593700;BRBMEFVIQA88;FINANCIAL;-;-;-;-;-;-;-;-;-;2179,89;-;-;-;-;-;-;-
IDIQ27P593800;BRBMEFVIQA96;FINANCIAL;-;-;-;-;-;-;-;-;-;2246;-;-;-;-;-;-;-
IDIQ27P593900;BRBMEFVIQAA0;FINANCIAL;-;-;-;-;-;-;-;-;-;2312,15;-;-;-;-;-;-;-
IDIQ27P594000;BRBMEFVIQAB8;FINANCIAL;-;-;-;-;-;-;-;-;-;2378,9;-;-;-;-;-;-;-
IDIQ27P594100;BRBMEFVIQAC6;FINANCIAL;-;-;-;-;-;-;-;-;-;2446,43;-;-;-;-;-;-;-
IDIQ27P594200;BRBMEFVIQAD4;FINANCIAL;-;-;-;-;-;-;-;-;-;2514,71;-;-;-;-;-;-;-
IDIV27C595000;BRBMEFCVV0A5;FINANCIAL;-;-;-;-;-;-;-;-;-;9441,36;-;-;-;-;-;-;-
IDIV27C595500;BRBMEFCVV0B3;FINANCIAL;-;-;-;-;-;-;-;-;-;9007,48;-;-;-;-;-;-;-
IDIV27C596000;BRBMEFCVV0C1;FINANCIAL;-;-;-;-;-;-;-;-;-;8575,94;-;-;-;-;-;-;-
IDIV27C596500;BRBMEFCVV0D9;FINANCIAL;-;-;-;-;-;-;-;-;-;8147,6;-;-;-;-;-;-;-
IDIV27C597000;BRBMEFCVV0E7;FINANCIAL;-;-;-;-;-;-;-;-;-;7723,32;-;-;-;-;-;-;-
IDIV27C597500;BRBMEFCVV0F4;FINANCIAL;-;-;-;-;-;-;-;-;-;7306,38;-;-;-;-;-;-;-
IDIV27C598000;BRBMEFCVV0G2;FINANCIAL;-;-;-;-;-;-;-;-;-;6895,11;-;-;-;-;-;-;-
IDIV27C598500;BRBMEFCVV0H0;FINANCIAL;-;-;-;-;-;-;-;-;-;6491,41;-;-;-;-;-;-;-
IDIV27C599000;BRBMEFCVV0I8;FINANCIAL;-;-;-;-;-;-;-;-;-;6098,08;-;-;-;-;-;-;-
IDIV27C599500;BRBMEFCVV0J6;FINANCIAL;-;-;-;-;-;-;-;-;-;5714,15;-;-;-;-;-;-;-
IDIV27C600000;BRBMEFCVV0K4;FINANCIAL;-;-;-;-;-;-;-;-;-;5343,22;-;-;-;-;-;-;-
IDIV27C600500;BRBMEFCVV0L2;FINANCIAL;-;-;-;-;-;-;-;-;-;4980,42;-;-;-;-;-;-;-
IDIV27C601000;BRBMEFCVV0M0;FINANCIAL;-;-;-;-;-;-;-;-;-;4630,63;-;-;-;-;-;-;-
IDIV27C601500;BRBMEFCVV0N8;FINANCIAL;-;-;-;-;-;-;-;-;-;4293,03;-;-;-;-;-;-;-
IDIV27C602000;BRBMEFCVV0O6;FINANCIAL;-;-;-;-;-;-;-;-;-;3970,27;-;-;-;-;-;-;-
IDIV27C602500;BRBMEFCVV0P3;FINANCIAL;-;-;-;-;-;-;-;-;-;3668,58;-;-;-;-;-;-;-
IDIV27C603000;BRBMEFCVV0Q1;FINANCIAL;-;-;-;-;-;-;-;-;-;3382,64;-;-;-;-;-;-;-
IDIV27C603500;BRBMEFCVV0R9;FINANCIAL;-;-;-;-;-;-;-;-;-;3115,19;-;-;-;-;-;-;-
IDIV27C604000;BRBMEFCVV0S7;FINANCIAL;-;-;-;-;-;-;-;-;-;2869,18;-;-;-;-;-;-;-
IDIV27C604500;BRBMEFCVV0T5;FINANCIAL;-;-;-;-;-;-;-;-;-;2634,87;-;-;-;-;-;-;-
IDIV27C606400;BRBMEFCVV0U3;FINANCIAL;-;-;-;-;-;-;-;-;-;1910,06;-;-;-;-;-;-;-
IDIV27C606500;BRBMEFCVV0V1;FINANCIAL;-;-;-;-;-;-;-;-;-;1877,23;-;-;-;-;-;-;-
IDIV27C606600;BRBMEFCVV0W9;FINANCIAL;-;-;-;-;-;-;-;-;-;1844,92;-;-;-;-;-;-;-
IDIV27C606700;BRBMEFCVV0X7;FINANCIAL;-;-;-;-;-;-;-;-;-;1813,14;-;-;-;-;-;-;-
IDIV27C606800;BRBMEFCVV0Y5;FINANCIAL;-;-;-;-;-;-;-;-;-;1782,08;-;-;-;-;-;-;-
IDIV27C606900;BRBMEFCVV0Z2;FINANCIAL;-;-;-;-;-;-;-;-;-;1751,54;-;-;-;-;-;-;-
IDIV27P595000;BRBMEFVIC0A2;FINANCIAL;-;-;-;-;-;-;-;-;-;27,48;-;-;-;-;-;-;-
IDIV27P595500;BRBMEFVIC0B0;FINANCIAL;-;-;-;-;-;-;-;-;-;31,05;-;-;-;-;-;-;-
IDIV27P596000;BRBMEFVIC0C8;FINANCIAL;-;-;-;-;-;-;-;-;-;36,96;-;-;-;-;-;-;-
IDIV27P596500;BRBMEFVIC0D6;FINANCIAL;-;-;-;-;-;-;-;-;-;46,08;-;-;-;-;-;-;-
IDIV27P597000;BRBMEFVIC0E4;FINANCIAL;-;-;-;-;-;-;-;-;-;59,24;-;-;-;-;-;-;-
IDIV27P597500;BRBMEFVIC0F1;FINANCIAL;-;-;-;-;-;-;-;-;-;79,76;-;-;-;-;-;-;-
IDIV27P598000;BRBMEFVIC0G9;FINANCIAL;-;-;-;-;-;-;-;-;-;105,95;-;-;-;-;-;-;-
IDIV27P598500;BRBMEFVIC0H7;FINANCIAL;-;-;-;-;-;-;-;-;-;139,7;-;-;-;-;-;-;-
IDIV27P599000;BRBMEFVIC0I5;FINANCIAL;-;-;-;-;-;-;-;-;-;183,82;-;-;-;-;-;-;-
IDIV27P599500;BRBMEFVIC0J3;FINANCIAL;-;-;-;-;-;-;-;-;-;237,34;-;-;-;-;-;-;-
IDIV27P600000;BRBMEFVIC0K1;FINANCIAL;-;-;-;-;-;-;-;-;-;303,86;-;-;-;-;-;-;-
IDIV27P600500;BRBMEFVIC0L9;FINANCIAL;-;-;-;-;-;-;-;-;-;378,51;-;-;-;-;-;-;-
IDIV27P601000;BRBMEFVIC0M7;FINANCIAL;-;-;-;-;-;-;-;-;-;466,18;-;-;-;-;-;-;-
IDIV27P601500;BRBMEFVIC0N5;FINANCIAL;-;-;-;-;-;-;-;-;-;566,03;-;-;-;-;-;-;-
IDIV27P602000;BRBMEFVIC0O3;FINANCIAL;-;-;-;-;-;-;-;-;-;680,71;-;-;-;-;-;-;-
IDIV27P602500;BRBMEFVIC0P0;FINANCIAL;-;-;-;-;-;-;-;-;-;816,48;-;-;-;-;-;-;-
IDIV27P603000;BRBMEFVIC0Q8;FINANCIAL;-;-;-;-;-;-;-;-;-;967,99;-;-;-;-;-;-;-
IDIV27P603500;BRBMEFVIC0R6;FINANCIAL;-;-;-;-;-;-;-;-;-;1137,99;-;-;-;-;-;-;-
IDIV27P604000;BRBMEFVIC0S4;FINANCIAL;-;-;-;-;-;-;-;-;-;1329,44;-;-;-;-;-;-;-
IDIV27P604500;BRBMEFVIC0T2;FINANCIAL;-;-;-;-;-;-;-;-;-;1532,58;-;-;-;-;-;-;-
IDIV27P606400;BRBMEFVIC0U0;FINANCIAL;-;-;-;-;-;-;-;-;-;2470,09;-;-;-;-;-;-;-
IDIV27P606500;BRBMEFVIC0V8;FINANCIAL;-;-;-;-;-;-;-;-;-;2524,75;-;-;-;-;-;-;-
IDIV27P606600;BRBMEFVIC0W6;FINANCIAL;-;-;-;-;-;-;-;-;-;2579,93;-;-;-;-;-;-;-
IDIV27P606700;BRBMEFVIC0X4;FINANCIAL;-;-;-;-;-;-;-;-;-;2635,64;-;-;-;-;-;-;-
IDIV27P606800;BRBMEFVIC0Y2;FINANCIAL;-;-;-;-;-;-;-;-;-;2692,07;-;-;-;-;-;-;-
IDIV27P606900;BRBMEFVIC0Z9;FINANCIAL;-;-;-;-;-;-;-;-;-;2749,02;-;-;-;-;-;-;-
IDIX27C612900;BRBMEFCIXBK3;FINANCIAL;-;-;-;-;-;-;-;-;-;2087,18;-;-;-;-;-;-;-
IDIX27C613000;BRBMEFCIXBL1;FINANCIAL;-;-;-;-;-;-;-;-;-;2055,27;-;-;-;-;-;-;-
IDIX27C613100;BRBMEFCIXBM9;FINANCIAL;-;-;-;-;-;-;-;-;-;2023,82;-;-;-;-;-;-;-
IDIX27C613200;BRBMEFCIXBN7;FINANCIAL;-;-;-;-;-;-;-;-;-;1993,02;-;-;-;-;-;-;-
IDIX27C613300;BRBMEFCIXBO5;FINANCIAL;-;-;-;-;-;-;-;-;-;1963,33;-;-;-;-;-;-;-
IDIX27C613400;BRBMEFCIXBP2;FINANCIAL;-;-;-;-;-;-;-;-;-;1934,72;-;-;-;-;-;-;-
IDIX27C613500;BRBMEFCIXBQ0;FINANCIAL;-;-;-;-;-;-;-;-;-;1907,19;-;-;-;-;-;-;-
IDIX27C613600;BRBMEFCIXBR8;FINANCIAL;-;-;-;-;-;-;-;-;-;1880,73;-;-;-;-;-;-;-
IDIX27C613700;BRBMEFCIXBS6;FINANCIAL;-;-;-;-;-;-;-;-;-;1854,68;-;-;-;-;-;-;-
IDIX27C613800;BRBMEFCIXBT4;FINANCIAL;-;-;-;-;-;-;-;-;-;1829,02;-;-;-;-;-;-;-
IDIX27C613900;BRBMEFCIXBU2;FINANCIAL;-;-;-;-;-;-;-;-;-;1803,53;-;-;-;-;-;-;-
IDIX27C614000;BRBMEFCIXBV0;FINANCIAL;-;-;-;-;-;-;-;-;-;1778,43;-;-;-;-;-;-;-
IDIX27C614100;BRBMEFCIXBW8;FINANCIAL;-;-;-;-;-;-;-;-;-;1753,72;-;-;-;-;-;-;-
IDIX27C614200;BRBMEFCIXBX6;FINANCIAL;-;-;-;-;-;-;-;-;-;1729,59;-;-;-;-;-;-;-
IDIX27C614300;BRBMEFCIXBY4;FINANCIAL;-;-;-;-;-;-;-;-;-;1705,62;-;-;-;-;-;-;-
IDIX27C614400;BRBMEFCIXBZ1;FINANCIAL;-;-;-;-;-;-;-;-;-;1682,23;-;-;-;-;-;-;-
IDIX27C614500;BRBMEFCIXC07;FINANCIAL;-;-;-;-;-;-;-;-;-;1659,2;-;-;-;-;-;-;-
IDIX27C614600;BRBMEFCIXC15;FINANCIAL;-;-;-;-;-;-;-;-;-;1636,52;-;-;-;-;-;-;-
IDIX27C614700;BRBMEFCIXC23;FINANCIAL;-;-;-;-;-;-;-;-;-;1614,4;-;-;-;-;-;-;-
IDIX27C614800;BRBMEFCIXC31;FINANCIAL;-;-;-;-;-;-;-;-;-;1592,62;-;-;-;-;-;-;-
IDIX27C614900;BRBMEFCIXC49;FINANCIAL;-;-;-;-;-;-;-;-;-;1570,97;-;-;-;-;-;-;-
IDIX27P612900;BRBMEFVIXBN7;FINANCIAL;-;-;-;-;-;-;-;-;-;2948,33;-;-;-;-;-;-;-
IDIX27P613000;BRBMEFVIXBO5;FINANCIAL;-;-;-;-;-;-;-;-;-;3003,04;-;-;-;-;-;-;-
IDIX27P613100;BRBMEFVIXBP2;FINANCIAL;-;-;-;-;-;-;-;-;-;3058,19;-;-;-;-;-;-;-
IDIX27P613200;BRBMEFVIXBQ0;FINANCIAL;-;-;-;-;-;-;-;-;-;3114,01;-;-;-;-;-;-;-
IDIX27P613300;BRBMEFVIXBR8;FINANCIAL;-;-;-;-;-;-;-;-;-;3170,93;-;-;-;-;-;-;-
IDIX27P613400;BRBMEFVIXBS6;FINANCIAL;-;-;-;-;-;-;-;-;-;3228,93;-;-;-;-;-;-;-
IDIX27P613500;BRBMEFVIXBT4;FINANCIAL;-;-;-;-;-;-;-;-;-;3288,02;-;-;-;-;-;-;-
IDIX27P613600;BRBMEFVIXBU2;FINANCIAL;-;-;-;-;-;-;-;-;-;3348,17;-;-;-;-;-;-;-
IDIX27P613700;BRBMEFVIXBV0;FINANCIAL;-;-;-;-;-;-;-;-;-;3408,72;-;-;-;-;-;-;-
IDIX27P613800;BRBMEFVIXBW8;FINANCIAL;-;-;-;-;-;-;-;-;-;3469,68;-;-;-;-;-;-;-
IDIX27P613900;BRBMEFVIXBX6;FINANCIAL;-;-;-;-;-;-;-;-;-;3530,8;-;-;-;-;-;-;-
IDIX27P614000;BRBMEFVIXBY4;FINANCIAL;-;-;-;-;-;-;-;-;-;3592,32;-;-;-;-;-;-;-
IDIX27P614100;BRBMEFVIXBZ1;FINANCIAL;-;-;-;-;-;-;-;-;-;3654,21;-;-;-;-;-;-;-
IDIX27P614200;BRBMEFVIXC04;FINANCIAL;-;-;-;-;-;-;-;-;-;3716,7;-;-;-;-;-;-;-
IDIX27P614300;BRBMEFVIXC12;FINANCIAL;-;-;-;-;-;-;-;-;-;3779,34;-;-;-;-;-;-;-
IDIX27P614400;BRBMEFVIXC20;FINANCIAL;-;-;-;-;-;-;-;-;-;3842,56;-;-;-;-;-;-;-
IDIX27P614500;BRBMEFVIXC38;FINANCIAL;-;-;-;-;-;-;-;-;-;3906,14;-;-;-;-;-;-;-
IDIX27P614600;BRBMEFVIXC46;FINANCIAL;-;-;-;-;-;-;-;-;-;3970,07;-;-;-;-;-;-;-
IDIX27P614700;BRBMEFVIXC53;FINANCIAL;-;-;-;-;-;-;-;-;-;4034,57;-;-;-;-;-;-;-
IDIX27P614800;BRBMEFVIXC61;FINANCIAL;-;-;-;-;-;-;-;-;-;4099,4;-;-;-;-;-;-;-
IDIX27P614900;BRBMEFVIXC79;FINANCIAL;-;-;-;-;-;-;-;-;-;4164,36;-;-;-;-;-;-;-
CPMU26C099000;BRBMEFCP91K9;FINANCIAL;-;-;-;-;-;-;-;-;-;0;-;-;-;-;-;-;-
CPMU26C099250;BRBMEFCP91L7;FINANCIAL;-;-;-;-;-;-;-;-;-;0;-;-;-;-;-;-;-
CPMU26C099500;BRBMEFCP91M5;FINANCIAL;-;-;-;-;-;-;-;-;-;1,75;-;-;1,5;3;-;-;-
CPMU26C099750;BRBMEFCP91N3;FINANCIAL;-;-;-;-;-;-;-;-;-;95,75;-;-;95,1;96;-;-;-
CPMU26C100000;BRBMEFCP91O1;FINANCIAL;3;3;3;3;3;20;-;-;-;2,5;-;-;2;3;1;5;15
CPMU26C100250;BRBMEFCP91P8;FINANCIAL;-;-;-;-;-;-;-;-;-;0;-;-;-;-;-;-;-
CPMU26C100500;BRBMEFCP91Q6;FINANCIAL;-;-;-;-;-;-;-;-;-;0;-;-;-;-;-;-;-
CPMU26C100750;BRBMEFCP91R4;FINANCIAL;-;-;-;-;-;-;-;-;-;0;-;-;-;-;-;-;-
CPMU26C101000;BRBMEFCP91S2;FINANCIAL;-;-;-;-;-;-;-;-;-;0;-;-;-;-;-;-;-
CPMU26C101250;BRBMEFCP91X2;FINANCIAL;-;-;-;-;-;-;-;-;-;0;-;-;-;-;-;-;-
CPMU26C101500;BRBMEFCP91Y0;FINANCIAL;-;-;-;-;-;-;-;-;-;0;-;-;-;-;-;-;-
CPMU26C101750;BRBMEFCP91Z7;FINANCIAL;-;-;-;-;-;-;-;-;-;0;-;-;-;-;-;-;-
CPMU26C102000;BRBMEFCP9200;FINANCIAL;-;-;-;-;-;-;-;-;-;0;-;-;-;-;-;-;-
CPMX26C099000;BRBMEFCPY175;FINANCIAL;-;-;-;-;-;-;-;-;-;0,41;-;-;-;-;-;-;-
CPMX26C099250;BRBMEFCPY183;FINANCIAL;-;-;-;-;-;-;-;-;-;0,48;-;-;-;-;-;-;-
CPMX26C099500;BRBMEFCPY191;FINANCIAL;5,5;5,5;7;6,1;7;-26,31;-;-;-;5,5;-;-;-;-;3;5.000;30500
CPMX26C099750;BRBMEFCPY1A8;FINANCIAL;61;61;61;61;61;0;-;-;-;60,25;-;-;60;65;2;5.000;305000
CPMX26C100000;BRBMEFCPY1B6;FINANCIAL;23;23;24;23,5;24;-4;-;-;-;25,75;-;-;23,8;-;4;20.000;470000
CPMX26C100250;BRBMEFCPY1C4;FINANCIAL;-;-;-;-;-;-;-;-;-;2,22;-;-;-;-;-;-;-
CPMX26C100500;BRBMEFCPY1D2;FINANCIAL;-;-;-;-;-;-;-;-;-;2,04;-;-;-;-;-;-;-
CPMX26C100750;BRBMEFCPY1E0;FINANCIAL;-;-;-;-;-;-;-;-;-;0,74;-;-;-;-;-;-;-
CPMX26C101000;BRBMEFCPY1F7;FINANCIAL;-;-;-;-;-;-;-;-;-;0,74;-;-;-;-;-;-;-
CPMZ26C099000;BRBMEFCPZ289;FINANCIAL;-;-;-;-;-;-;-;-;-;1,62;-;-;-;-;-;-;-
CPMZ26C099250;BRBMEFCPZ297;FINANCIAL;-;-;-;-;-;-;-;-;-;2,43;-;-;-;-;-;-;-
CPMZ26C099500;BRBMEFCPZ2A5;FINANCIAL;16;16;16;16;16;-20,39;-;-;-;11,21;-;-;10;-;2;10.000;160000
CPMZ26C099750;BRBMEFCPZ2B3;FINANCIAL;36;36;37;36,5;37;-2,63;-;-;-;36;-;-;5;-;2;2.000;73000
CPMZ26C100000;BRBMEFCPZ2C1;FINANCIAL;36;36;36;36;36;9,09;-;-;-;36;-;-;-;-;3;3.000;108000
CPMZ26C100250;BRBMEFCPZ2D9;FINANCIAL;3;3;4;3,13;4;263,63;-;-;-;3,13;-;-;-;-;6;115.000;360000
CPMZ26C100500;BRBMEFCPZ2E7;FINANCIAL;3;3;3;3;3;172,72;-;-;-;3;-;-;-;-;6;115.000;345000
CPMZ26C100750;BRBMEFCPZ2F4;FINANCIAL;2;2;2;2;2;25;-;-;-;2;-;-;-;-;6;115.000;230000
CPMZ26C101000;BRBMEFCPZ2G2;FINANCIAL;1,5;1,5;2;1,565;2;300;-;-;-;1,57;-;-;-;-;6;115.000;180000
CPMX26C101250;BRBMEFCPY1G5;FINANCIAL;-;-;-;-;-;-;-;-;-;0;-;-;-;-;-;-;-
CPMX26C101500;BRBMEFCPY1H3;FINANCIAL;-;-;-;-;-;-;-;-;-;0;-;-;-;-;-;-;-
CPMX26C101750;BRBMEFCPY1I1;FINANCIAL;-;-;-;-;-;-;-;-;-;0;-;-;-;-;-;-;-
CPMX26C102000;BRBMEFCPY1J9;FINANCIAL;-;-;-;-;-;-;-;-;-;0;-;-;-;-;-;-;-
CPMZ26C101250;BRBMEFCPZ2H0;FINANCIAL;-;-;-;-;-;-;-;-;-;0;-;-;-;-;-;-;-
CPMZ26C101500;BRBMEFCPZ2I8;FINANCIAL;-;-;-;-;-;-;-;-;-;0;-;-;-;-;-;-;-
CPMZ26C101750;BRBMEFCPZ2J6;FINANCIAL;-;-;-;-;-;-;-;-;-;0;-;-;-;-;-;-;-
CPMZ26C102000;BRBMEFCPZ2K4;FINANCIAL;-;-;-;-;-;-;-;-;-;0;-;-;-;-;-;-;-
CPMX26C098000;BRBMEFCPY1K7;FINANCIAL;-;-;-;-;-;-;-;-;-;0;-;-;-;-;-;-;-
CPMX26C098250;BRBMEFCPY1L5;FINANCIAL;-;-;-;-;-;-;-;-;-;0;-;-;-;-;-;-;-
CPMX26C098500;BRBMEFCPY1M3;FINANCIAL;-;-;-;-;-;-;-;-;-;0;-;-;-;-;-;-;-
CPMX26C098750;BRBMEFCPY1N1;FINANCIAL;-;-;-;-;-;-;-;-;-;0;-;-;-;-;-;-;-
CPMZ26C098000;BRBMEFCPZ2L2;FINANCIAL;-;-;-;-;-;-;-;-;-;0;-;-;-;-;-;-;-
CPMZ26C098250;BRBMEFCPZ2M0;FINANCIAL;-;-;-;-;-;-;-;-;-;0;-;-;-;-;-;-;-
CPMZ26C098500;BRBMEFCPZ2N8;FINANCIAL;-;-;-;-;-;-;-;-;-;0;-;-;-;-;-;-;-
CPMZ26C098750;BRBMEFCPZ2O6;FINANCIAL;-;-;-;-;-;-;-;-;-;0;-;-;-;-;-;-;-
SOYX26C004700;BRBMEFSY10X0;AGRIBUSINESS;-;-;-;-;-;-;-;-;-;478,51;-;-;-;-;-;-;-
SOYX26P004700;BRBMEFSY20X9;AGRIBUSINESS;-;-;-;-;-;-;-;-;-;0,01;-;-;-;-;-;-;-
CNLX26C120000;BRBMEFCCL279;AGRIBUSINESS;-;-;-;-;-;-;-;-;-;1,79;-;-;-;-;-;-;-
CNLX26P120000;BRBMEFVCL279;AGRIBUSINESS;-;-;-;-;-;-;-;-;-;228,39;-;-;-;-;-;-;-
BGIZ26C039900;BRBMEFCB26Q2;AGRIBUSINESS;5;5;5;5;5;-;-;-;-;6,96;-;-;-;-;1;3;4950
BGIZ26P039900;BRBMEFBV26Q2;AGRIBUSINESS;-;-;-;-;-;-;-;-;-;21,07;-;-;-;-;-;-;-
CCMK27C007900;BRBMEFFM0LT6;AGRIBUSINESS;-;-;-;-;-;-;-;-;-;4,11;-;-;-;-;-;-;-
CCMK27P007900;BRBMEFOV0LX6;AGRIBUSINESS;2,3;2,3;2,3;2,3;2,3;-;-;-;-;2,34;-;-;-;-;1;22;22770
CCMK27C008850;BRBMEFFM0LU4;AGRIBUSINESS;1,2;1,2;1,2;1,2;1,2;-;-;-;-;1,18;-;-;-;-;1;200;108000
CCMK27P008850;BRBMEFOV0LY4;AGRIBUSINESS;-;-;-;-;-;-;-;-;-;8,14;-;-;-;-;-;-;-
CCMN27C008400;BRBMEFFM0LV2;AGRIBUSINESS;1,8;1,8;1,8;1,8;1,8;-;-;-;-;1,93;-;-;-;-;1;500;405000
CCMN27P008400;BRBMEFOV0LZ1;AGRIBUSINESS;-;-;-;-;-;-;-;-;-;6,09;-;-;-;-;-;-;-
CNLU26;BRBMEFCNL1E7;AGRIBUSINESS;-;-;-;-;-;-;974,71;-;985,33;-;-10,62;-1062;-;-;-;-;-
CNLX26;BRBMEFCNL1F4;AGRIBUSINESS;-;-;-;-;-;-;971,08;-;981,66;-;-10,58;-1058;-;-;-;-;-
CNLH27;BRBMEFCNL1G2;AGRIBUSINESS;-;-;-;-;-;-;971,08;-;981,66;-;-10,58;-1058;-;-;-;-;-
CNLK27;BRBMEFCNL1H0;AGRIBUSINESS;-;-;-;-;-;-;971,08;-;981,66;-;-10,58;-1058;-;-;-;-;-
CNLF27;BRBMEFCNL1I8;AGRIBUSINESS;-;-;-;-;-;-;971,08;-;981,66;-;-10,58;-1058;-;-;-;-;-
ESTU27;BRBMEFEST027;FINANCIAL;-;-;-;-;-;-;97055,341;2,96;97060,277;-;-4,936;-5,843590711209;-;-;-;-;-
ESTU30;BRBMEFEST043;FINANCIAL;-;-;-;-;-;-;88098,215;3,313;88045,794;-;52,421;62,059738385804;-;-;-;-;-
ESTZ27;BRBMEFEST035;FINANCIAL;-;-;-;-;-;-;96257,251;3,043;96237,482;-;19,769;23,403959637339;-;-;-;-;-
ESTZ30;BRBMEFEST050;FINANCIAL;-;-;-;-;-;-;87396,735;3,33;87342,066;-;54,669;64,721081967409;-;-;-;-;-
ESTH28;BRBMEFEST076;FINANCIAL;-;-;-;-;-;-;95474,389;3,097;95448,603;-;25,786;30,527315656251;-;-;-;-;-
ESTH31;BRBMEFEST084;FINANCIAL;-;-;-;-;-;-;86696,432;3,348;86646,49;-;49,942;59,124920441499;-;-;-;-;-
ESTM28;BRBMEFEST0A2;FINANCIAL;-;-;-;-;-;-;94647,393;3,137;94635,642;-;11,751;13,911676346723;-;-;-;-;-
ESTM31;BRBMEFEST0B0;FINANCIAL;-;-;-;-;-;-;86000,532;3,366;85952,353;-;48,179;57,037754634396;-;-;-;-;-
ESTU26;BRBMEFEST0C8;FINANCIAL;-;-;-;-;-;-;99968,649;2,258;99967,679;-;0,97;1,148355549001;-;-;-;-;-
ESTU28;BRBMEFEST0E4;FINANCIAL;-;-;-;-;-;-;93893,383;3,164;93882,276;-;11,107;13,149262971922;-;-;-;-;-
ESTU31;BRBMEFEST0G9;FINANCIAL;-;-;-;-;-;-;85305,389;3,385;85263,002;-;42,387;50,180769747984;-;-;-;-;-
ESTZ26;BRBMEFEST0D6;FINANCIAL;-;-;-;-;-;-;99335,38;2,509;99336,939;-;-1,559;-1,845655980303;-;-;-;-;-
ESTZ28;BRBMEFEST0F1;FINANCIAL;-;-;-;-;-;-;93149,463;3,186;93139,431;-;10,032;11,87660089442;-;-;-;-;-
ESTZ31;BRBMEFEST0H7;FINANCIAL;-;-;-;-;-;-;84614,515;3,404;84574,65;-;39,865;47,195045320579;-;-;-;-;-
GLDG27;BRBMEFGLD0C1;FINANCIAL;-;-;-;-;-;-;4454,5;-;4450,25;-;4,25;21,800375;4422;-;-;-;-
GLDV26;BRBMEFGLD0A5;FINANCIAL;-;-;-;-;-;-;4480,25;-;4476;-;4,25;21,800375;4300;4429,75;-;-;-
GLDZ26;BRBMEFGLD0B3;FINANCIAL;4390,75;4360;4466,75;4420,34;4410,25;-0,4;4432,25;-;4428;-;4,25;21,800375;4410;4424,75;398;1.069;24238650,76
GLDJ27;BRBMEFGLD0G2;FINANCIAL;-;-;-;-;-;-;4405,5;-;4401,25;-;4,25;21,800375;-;-;-;-;-
GLDU26;BRBMEFGLD0H0;FINANCIAL;4348,75;4348,75;4349;4348,87;4349;-0,75;4386,25;-;4382;-;4,25;21,800375;-;4290,25;2;2;44615,1
GLDX26;BRBMEFGLD0I8;FINANCIAL;-;-;-;-;-;-;4428,75;-;4424,5;-;4,25;21,800375;4350;4430;-;-;-
ICFU26;BRBMEFICF3D0;AGRIBUSINESS;369;369;369;369;369;0,04;366,65;-;368,85;-;-2,2;-1128,49;-;377,5;1;16;3028456,8
ICFZ26;BRBMEFICF3E8;AGRIBUSINESS;355,05;342,3;355,05;346,31;342,3;-1,76;345,45;-;348,45;-;-3;-1538,85;342,1;344,15;228;329;58444676,63
ICFU27;BRBMEFICF3G3;AGRIBUSINESS;-;-;-;-;-;-;327,1;-;330,6;-;-3,5;-1795,325;321,6;335,1;-;-;-
ICFH27;BRBMEFICF3H1;AGRIBUSINESS;343,8;341,5;349,25;344,44;343;-0,72;344,1;-;345,5;-;-1,4;-718,13;339,65;343;143;227;40107304,02
ICFK27;BRBMEFICF3J7;AGRIBUSINESS;-;-;-;-;-;-;309,3;-;312,35;-;-3,05;-1564,4975;-;-;-;-;-
ICFZ27;BRBMEFICF3K5;AGRIBUSINESS;-;-;-;-;-;-;322,6;-;326,25;-;-3,65;-1872,2675;310,85;339,1;-;-;-
BGIX26C040500;BRBMEFGI0485;AGRIBUSINESS;2;2;2;2;2;-;-;-;-;3,49;-;-;-;-;1;15;9900
BGIX26P040500;BRBMEFBG0466;AGRIBUSINESS;-;-;-;-;-;-;-;-;-;23,69;-;-;-;-;-;-;-
ETHU26;BRBMEFETH5V0;AGRIBUSINESS;2720;2710;2730;2718,99;2730;0,36;2725;-;2720;-;5;150;2700;2750;12;423;34504050
ETHF27;BRBMEFETH5Z1;AGRIBUSINESS;2770;2770;2790;2777,9;2790;0,79;2771,5;-;2768;-;3,5;105;2760;2780;23;588;49002300
ETHG27;BRBMEFETH608;AGRIBUSINESS;2770;2770;2780;2778,43;2780;-0,03;2790;-;2781;-;9;270;2770;2810;13;510;42510000
ETHH27;BRBMEFETH616;AGRIBUSINESS;-;-;-;-;-;-;2717,5;-;2725;-;-7,5;-225;2710;2725;-;-;-
ETHV26;BRBMEFETH5W8;AGRIBUSINESS;2720;2720;2735;2732,36;2730;-0,36;2743,5;-;2740;-;3,5;105;2710;2760;9;380;31149000
ETHX26;BRBMEFETH5X6;AGRIBUSINESS;2750;2740;2770;2763,15;2760;0,19;2761,5;-;2754,5;-;7;210;2750;2770;16;570;47250000
ETHZ26;BRBMEFETH5Y4;AGRIBUSINESS;2740;2730;2770;2760,41;2760;0;2764,5;-;2760;-;4,5;135;2760;2770;24;1.092;90431100
ETHF28;BRBMEFETH699;AGRIBUSINESS;-;-;-;-;-;-;2796,5;-;2793;-;3,5;105;-;-;-;-;-
ETHJ27;BRBMEFETH665;AGRIBUSINESS;-;-;-;-;-;-;2796,5;-;2793;-;3,5;105;-;-;-;-;-
ETHK27;BRBMEFETH673;AGRIBUSINESS;-;-;-;-;-;-;2796,5;-;2793;-;3,5;105;-;-;-;-;-
ETHZ27;BRBMEFETH681;AGRIBUSINESS;-;-;-;-;-;-;2796,5;-;2793;-;3,5;105;-;-;-;-;-
CCMU26;BRBMEFCCP304;AGRIBUSINESS;70,82;69,9;70,87;70,27;69,92;-1,35;69,93;-;70,88;-;-0,95;-427,5;69,91;69,92;3.854;8.190;259006500
CCMK27;BRBMEFCCP338;AGRIBUSINESS;81,05;80,8;81,28;81,01;81,28;0,59;80,93;-;80,8;-;0,13;58,5;81;81,29;102;206;7510531,5
CCMF27;BRBMEFCCP353;AGRIBUSINESS;80,45;79,61;80,58;79,93;80,1;-0,29;80,08;-;80,34;-;-0,26;-117;80,09;80,1;2.386;3.848;138416116,5
CCMX26;BRBMEFCCP346;AGRIBUSINESS;76,79;75,8;77,07;76,23;76,17;-0,85;76,24;-;76,83;-;-0,59;-265,5;76,2;76,26;7.950;12.741;437111667
CCMH27;BRBMEFCCP361;AGRIBUSINESS;82,52;82,01;82,7;82,36;82,5;0,07;82,5;-;82,44;-;0,06;27;82,49;82,5;895;1.344;49813177,5
CCMU27;BRBMEFCCP379;AGRIBUSINESS;79,45;79,15;79,79;79,44;79,15;-0,36;79,32;-;79,44;-;-0,12;-54;79,15;79,38;386;536;19161468
CCMN27;BRBMEFCCP387;AGRIBUSINESS;79,32;79;79,58;79,39;79,11;-0,49;79,38;-;79,5;-;-0,12;-54;79,1;79,39;784;829;29619612
CCMX27;BRBMEFCCP395;AGRIBUSINESS;81,65;81,65;81,91;81,81;81,8;-0,53;82,12;-;82,24;-;-0,12;-54;81,8;82,38;4;4;147262,5
JSEU26;BRBMEFJSE1M7;FINANCIAL;-;-;-;-;-;-;107683;-;107484;-;199;79,6;-;-;-;-;-
JSEZ26;BRBMEFJSE1N5;FINANCIAL;-;-;-;-;-;-;108663;-;108505;-;158;63,2;-;-;-;-;-
HSIU26;BRBMEFHSI4X6;FINANCIAL;-;-;-;-;-;-;24799;-;24900;-;-101;-65,65;-;-;-;-;-
HSIV26;BRBMEFHSI4Y4;FINANCIAL;-;-;-;-;-;-;24799;-;24923;-;-124;-80,6;-;-;-;-;-
BGIU26;BRBMEFBGI7S9;AGRIBUSINESS;357,85;357,05;359,5;357,93;358,3;-0,12;358,55;-;358,75;-;-0,2;-66;358,2;358,5;1.034;1.537;181547602,5
BGIV26;BRBMEFBGI7U5;AGRIBUSINESS;377,1;374;378,6;376,07;377,5;0,07;377,4;-;377,2;-;0,2;66;377,3;377,5;1.617;2.702;335328312
BGIX26;BRBMEFBGI7W1;AGRIBUSINESS;382,8;379,55;384,95;382,36;384,3;0,23;384,25;-;383,4;-;0,85;280,5;384,3;384,4;1.517;2.493;314568012
BGIF27;BRBMEFBGI7Y7;AGRIBUSINESS;383;382,1;386;383,92;385,05;-0,03;385,3;-;385,2;-;0,1;33;384,65;386,5;75;97;12289563
BGIG27;BRBMEFBGI7Z4;AGRIBUSINESS;382,25;381;384,25;382,15;384,05;0,02;384,05;-;383,95;-;0,1;33;384,3;386;39;46;5801152,5
BGIH27;BRBMEFBGI807;AGRIBUSINESS;385;381,25;385;382,18;383,55;-0,44;385,35;-;385,25;-;0,1;33;384,6;386,05;33;33;4162009,5
BGIZ26;BRBMEFBGI7X9;AGRIBUSINESS;382,5;380;385,55;382,48;384,25;0,19;384,35;-;383,5;-;0,85;280,5;384;384,25;842;1.141;144018204
BGIK27;BRBMEFBGI815;AGRIBUSINESS;380;380;380;380;380;-0,83;383,3;-;383,2;-;0,1;33;380,45;384,35;1;1;125400
BGIJ27;BRBMEFBGI849;AGRIBUSINESS;-;-;-;-;-;-;383,9;-;383,8;-;0,1;33;381,55;387,5;-;-;-
BGIM27;BRBMEFBGI831;AGRIBUSINESS;-;-;-;-;-;-;383,1;-;383;-;0,1;33;-;-;-;-;-
BGIV27;BRBMEFBGI856;AGRIBUSINESS;-;-;-;-;-;-;383,1;-;383;-;0,1;33;-;-;-;-;-
T10Z26;BRBMEFT102S6;FINANCIAL;106,116;106,093;106,551;106,318;106,188;-0,16;106,1093;-;106,3593;-;-0,25;-1272,95;106,117;106,211;333;2.121;1148211307,63
T10H27;BRBMEFT102T4;FINANCIAL;-;-;-;-;-;-;105,9218;-;106,1562;-;-0,2344;-1193,51792;-;-;-;-;-
AUSU26;BRBMEFAUS2L6;FINANCIAL;717,6;717,1;717,8;717,29;717,1;0,18;717,185;-;715,765;-;1,42;72,8389;-;-;14;192;7064408,95
AUSV26;BRBMEFAUS2M4;FINANCIAL;716,4;716,4;717,1;717;717;0,22;716,815;-;715,383;-;1,432;73,45444;-;-;5;246;9047581,37
AUSX26;BRBMEFAUS2N2;FINANCIAL;-;-;-;-;-;-;716,464;-;714,974;-;1,49;76,42955;-;-;-;-;-
AUSZ26;BRBMEFAUS2O0;FINANCIAL;715,9;715,9;715,9;715,9;715,9;0,17;716,145;-;714,641;-;1,504;77,14768;-;-;1;14;514109,26
AUSF27;BRBMEFAUS2P7;FINANCIAL;-;-;-;-;-;-;715,811;-;714,259;-;1,552;79,60984;-;-;-;-;-
AUSG27;BRBMEFAUS2Q5;FINANCIAL;-;-;-;-;-;-;715,538;-;713,947;-;1,591;81,610345;-;-;-;-;-
CANU26;BRBMEFCAN2M1;FINANCIAL;1385,5;1385,5;1390;1389,45;1386,1;0,24;1386,225;-;1382,66;-;3,565;131,890857645;-;-;3;209;10743522,19
CANV26;BRBMEFCAN2N9;FINANCIAL;1383,4;1383,4;1384,1;1383,56;1384,1;0,27;1383,702;-;1380,283;-;3,419;126,489436827;-;-;2;26;1330843,49
CANX26;BRBMEFCAN2O7;FINANCIAL;-;-;-;-;-;-;1381,67;-;1378,376;-;3,294;121,864932702;-;-;-;-;-
CANZ26;BRBMEFCAN2P4;FINANCIAL;1384,2;1384,2;1384,2;1384,2;1384,2;0,54;1379,995;-;1376,699;-;3,296;121,938924768;-;-;1;183;9371413,32
CANF27;BRBMEFCAN2Q2;FINANCIAL;-;-;-;-;-;-;1377,838;-;1374,627;-;3,211;118,794261963;-;-;-;-;-
NZLU26;BRBMEFNZL2L3;FINANCIAL;582;582;582;582;582;0,43;581,2;-;579,5;-;1,7;87,2015;-;-;2;61;1821075,09
NZLV26;BRBMEFNZL2M1;FINANCIAL;581,5;581,5;581,6;581,55;581,6;0,25;581,8;-;580,1;-;1,7;87,2015;-;-;2;46;1372207,93
NZLX26;BRBMEFNZL2N9;FINANCIAL;-;-;-;-;-;-;582,3;-;580,6;-;1,7;87,2015;-;-;-;-;-
NZLZ26;BRBMEFNZL2O7;FINANCIAL;583,2;583,2;583,2;583,2;583,2;0,36;582,7;-;581,1;-;1,6;82,072;-;-;1;15;448728,66
NZLF27;BRBMEFNZL2P4;FINANCIAL;-;-;-;-;-;-;583,2;-;581,6;-;1,6;82,072;-;-;-;-;-
NZLG27;BRBMEFNZL2Q2;FINANCIAL;-;-;-;-;-;-;583,6;-;582,1;-;1,5;76,9425;-;-;-;-;-
EUPU26;BRBMEFEUP2L5;FINANCIAL;1159,5;1158,05;1161,35;1159,71;1159,25;-0,16;1159,575;-;1161,195;-;-1,62;-83,0979;-;-;363;8.459;503203678,13
EUPV26;BRBMEFEUP2M3;FINANCIAL;1161;1160,3;1163;1161,36;1161,05;-0,15;1161,254;-;1162,821;-;-1,567;-80,379265;-;-;366;10.294;613234184,59
EUPX26;BRBMEFEUP2N1;FINANCIAL;1163;1163;1163;1163;1163;-0,1;1162,644;-;1164,233;-;-1,589;-81,507755;-;-;1;1.050;62638889,25
EUPZ26;BRBMEFEUP2O9;FINANCIAL;1164,7;1164,7;1164,7;1164,7;1164,7;-0,05;1163,853;-;1165,344;-;-1,491;-76,480845;-;-;1;226;13501982,74
EUPF27;BRBMEFEUP2P6;FINANCIAL;-;-;-;-;-;-;1165,34;-;1166,744;-;-1,404;-72,01818;-;-;-;-;-
EUPG27;BRBMEFEUP2Q4;FINANCIAL;-;-;-;-;-;-;1166,558;-;1167,89;-;-1,332;-68,32494;-;-;-;-;-
SWIU26;BRBMEFSWI2L6;FINANCIAL;815;815;816,4;815,23;816,4;0,48;816,4;-;812,5;-;3,9;244,9797948;-;-;7;338;17308708,19
SWIV26;BRBMEFSWI2M4;FINANCIAL;812;812;813,3;813,11;813,3;0,5;813;-;809,2;-;3,8;238,6982616;-;-;4;426;21758445,81
SWIX26;BRBMEFSWI2N2;FINANCIAL;-;-;-;-;-;-;810,2;-;806,3;-;3,9;244,9797948;-;-;-;-;-
SWIZ26;BRBMEFSWI2O0;FINANCIAL;806,8;806,8;806,8;806,8;806,8;0,37;807,7;-;803,8;-;3,9;244,9797948;-;-;2;225;11402867,21
SWIF27;BRBMEFSWI2P7;FINANCIAL;-;-;-;-;-;-;804,4;-;800,6;-;3,8;238,6982616;-;-;-;-;-
SWIG27;BRBMEFSWI2Q5;FINANCIAL;-;-;-;-;-;-;801,7;-;798;-;3,7;232,4167284;-;-;-;-;-
JAPU26;BRBMEFJAP2L4;FINANCIAL;154050;153580;154300;153706,66;153670;-0,38;153693,893;-;154262,485;-;-568,592;-189,734033072;-;-;5;339;17387490,11
JAPV26;BRBMEFJAP2M2;FINANCIAL;153630;153120;153630;153278,73;153240;-0,39;153258,651;-;153845,343;-;-586,692;-195,773840172;-;-;4;111;5677398,65
JAPX26;BRBMEFJAP2N0;FINANCIAL;-;-;-;-;-;-;152886,167;-;153463,38;-;-577,213;-192,610783183;-;-;-;-;-
JAPZ26;BRBMEFJAP2O8;FINANCIAL;152590;152590;152590;152590;152590;-0,36;152555,917;-;153143,69;-;-587,773;-196,134560143;-;-;1;228;11609283,4
JAPF27;BRBMEFJAP2P5;FINANCIAL;-;-;-;-;-;-;152137,228;-;152721,377;-;-584,149;-194,925263959;-;-;-;-;-
JAPG27;BRBMEFJAP2Q3;FINANCIAL;-;-;-;-;-;-;151795,52;-;152376,714;-;-581,194;-193,939207054;-;-;-;-;-
CNHU26;BRBMEFCNH2L6;FINANCIAL;6708;6708;6708;6708;6708;-0,05;6706,637;-;6712,02;-;-5,383;-41,165394368;-;-;1;180;9233651,08
CNHV26;BRBMEFCNH2M4;FINANCIAL;6690,5;6690,5;6690,5;6690,5;6690,5;-0,05;6688,481;-;6694,234;-;-5,753;-43,994893888;-;-;1;180;9209562,09
CNHX26;BRBMEFCNH2N2;FINANCIAL;-;-;-;-;-;-;6673,348;-;6679,261;-;-5,913;-45,218461248;-;-;-;-;-
CNHZ26;BRBMEFCNH2O0;FINANCIAL;-;-;-;-;-;-;6660,208;-;6665,897;-;-5,689;-43,505466944;-;-;-;-;-
CNHF27;BRBMEFCNH2P7;FINANCIAL;-;-;-;-;-;-;6642,692;-;6649,13;-;-6,438;-49,233291648;-;-;-;-;-
CNHG27;BRBMEFCNH2Q5;FINANCIAL;-;-;-;-;-;-;6628,395;-;6635,443;-;-7,048;-53,898142208;-;-;-;-;-
GBRU26;BRBMEFGBR2L4;FINANCIAL;1351;1351;1352,6;1351,61;1352,4;0,11;1352,327;-;1350,9;-;1,427;73,197965;-;-;10;79;5477151,86
GBRV26;BRBMEFGBR2M2;FINANCIAL;1351,2;1351,2;1352,1;1351,78;1352,1;0,07;1352,534;-;1351,074;-;1,46;74,8907;-;1365;3;64;4437745,88
GBRX26;BRBMEFGBR2N0;FINANCIAL;-;-;-;-;-;-;1352,642;-;1351,096;-;1,546;79,30207;-;-;-;-;-
GBRZ26;BRBMEFGBR2O8;FINANCIAL;-;-;-;-;-;-;1352,671;-;1351,025;-;1,646;84,43157;-;-;-;-;-
GBRF27;BRBMEFGBR2P5;FINANCIAL;-;-;-;-;-;-;1352,601;-;1350,835;-;1,766;90,58697;-;-;-;-;-
GBRG27;BRBMEFGBR2Q3;FINANCIAL;-;-;-;-;-;-;1352,544;-;1350,679;-;1,865;95,665175;-;-;-;-;-
TUQU26;BRBMEFTUQ2L7;FINANCIAL;-;-;-;-;-;-;48650,7;-;48605,8;-;44,9;47,3936113;-;-;-;-;-
TUQV26;BRBMEFTUQ2M5;FINANCIAL;-;-;-;-;-;-;50006,1;-;49981,5;-;24,6;25,9662102;-;-;-;-;-
TUQX26;BRBMEFTUQ2N3;FINANCIAL;-;-;-;-;-;-;51282,8;-;51217;-;65,8;69,4543346;-;-;-;-;-
TUQZ26;BRBMEFTUQ2O1;FINANCIAL;-;-;-;-;-;-;52452,6;-;52396,5;-;56,1;59,2156257;-;-;-;-;-
TUQF27;BRBMEFTUQ2P8;FINANCIAL;-;-;-;-;-;-;53679,3;-;53643,4;-;35,9;37,8937783;-;-;-;-;-
TUQG27;BRBMEFTUQ2Q6;FINANCIAL;-;-;-;-;-;-;54704,4;-;54685,6;-;18,8;19,8440956;-;-;-;-;-
CHLN27;BRBMEFCHL2Q7;FINANCIAL;-;-;-;-;-;-;939683,2;-;937808,7;-;1874,5;102,1471285;-;-;-;-;-
CHLV26;BRBMEFCHL2U9;FINANCIAL;943350;943350;943400;943388,6;943400;0,3;941710;-;940546,6;-;1163,4;63,3971562;-;-;5;2.000;102816149,95
CHLX26;BRBMEFCHL2V7;FINANCIAL;-;-;-;-;-;-;942369,4;-;940146,7;-;2222,7;121,1215911;-;-;-;-;-
CHLZ26;BRBMEFCHL2W5;FINANCIAL;-;-;-;-;-;-;942543,3;-;939921,4;-;2621,9;142,8751967;-;-;-;-;-
CHLF27;BRBMEFCHL2X3;FINANCIAL;-;-;-;-;-;-;942107,2;-;939511,2;-;2596;141,463828;-;-;-;-;-
MEXU26;BRBMEFMEX2L5;FINANCIAL;16965;16965;16980;16978,37;16980;-0,01;16972,899;-;16983,2;-;-10,301;-31,137430158;-;-;2;461;23659217,54
MEXV26;BRBMEFMEX2M3;FINANCIAL;17000;17000;17015;17007,5;17015;-0,08;17024,258;-;17029,06;-;-4,802;-14,515283916;-;-;2;100;5140955,66
MEXX26;BRBMEFMEX2N1;FINANCIAL;-;-;-;-;-;-;17065,092;-;17072,377;-;-7,285;-22,02079203;-;-;-;-;-
MEXZ26;BRBMEFMEX2O9;FINANCIAL;17080;17080;17080;17080;17080;-0,15;17099,423;-;17107,077;-;-7,654;-23,136189732;-;-;1;411;21219398,42
MEXF27;BRBMEFMEX2P6;FINANCIAL;-;-;-;-;-;-;17139,98;-;17148,259;-;-8,279;-25,025413482;-;-;-;-;-
MEXG27;BRBMEFMEX2Q4;FINANCIAL;-;-;-;-;-;-;17173,234;-;17182,028;-;-8,794;-26,582133852;-;-;-;-;-
AFSU26;BRBMEFAFS2L5;FINANCIAL;-;-;-;-;-;-;16141,9;-;16209,6;-;-67,7;-215,1566253;-;-;-;-;-
AFSV26;BRBMEFAFS2M3;FINANCIAL;-;-;-;-;-;-;16181,3;-;16246,2;-;-64,9;-206,2579761;-;-;-;-;-
AFSX26;BRBMEFAFS2N1;FINANCIAL;-;-;-;-;-;-;16214,6;-;16281,4;-;-66,8;-212,2963452;-;-;-;-;-
AFSZ26;BRBMEFAFS2O9;FINANCIAL;-;-;-;-;-;-;16244,1;-;16310,5;-;-66,4;-211,0251096;-;-;-;-;-
AFSF27;BRBMEFAFS2P6;FINANCIAL;-;-;-;-;-;-;16280,9;-;16349,5;-;-68,6;-218,0169054;-;-;-;-;-
AFSG27;BRBMEFAFS2Q4;FINANCIAL;-;-;-;-;-;-;16311,1;-;16381,5;-;-70,4;-223,7374656;-;-;-;-;-
NOKU26;BRBMEFNOK2L7;FINANCIAL;-;-;-;-;-;-;9281,983;-;9279,515;-;2,468;13,639172476;-;-;-;-;-
NOKV26;BRBMEFNOK2M5;FINANCIAL;-;-;-;-;-;-;9285,796;-;9283,2;-;2,596;14,346552572;-;-;-;-;-
NOKX26;BRBMEFNOK2N3;FINANCIAL;9299;9299;9300;9299,2;9300;0,14;9288,726;-;9286,401;-;2,325;12,848896275;-;-;3;1.220;62697220,04
NOKZ26;BRBMEFNOK2O1;FINANCIAL;-;-;-;-;-;-;9291,529;-;9289,334;-;2,195;12,130463365;-;-;-;-;-
NOKF27;BRBMEFNOK2P8;FINANCIAL;-;-;-;-;-;-;9293,648;-;9291,83;-;1,818;10,047007926;-;-;-;-;-
NOKG27;BRBMEFNOK2Q6;FINANCIAL;-;-;-;-;-;-;9295,382;-;9293,874;-;1,508;8,333821756;-;-;-;-;-
RUBN27;BRBMEFRUB2Q5;FINANCIAL;-;-;-;-;-;-;91508,972;-;91361,456;-;147,516;89,95230648;-;-;-;-;-
RUBV26;BRBMEFRUB2U7;FINANCIAL;-;-;-;-;-;-;84507,399;-;84343,088;-;164,311;100,19356158;-;-;-;-;-
RUBX26;BRBMEFRUB2V5;FINANCIAL;-;-;-;-;-;-;85236,144;-;85091,626;-;144,518;88,12418604;-;-;-;-;-
RUBZ26;BRBMEFRUB2W3;FINANCIAL;-;-;-;-;-;-;85844,47;-;85698,986;-;145,484;88,71323352;-;-;-;-;-
RUBF27;BRBMEFRUB2X1;FINANCIAL;-;-;-;-;-;-;86664,954;-;86531,006;-;133,948;81,67881144;-;-;-;-;-
SEKU26;BRBMEFSEK2L4;FINANCIAL;9675;9674;9675;9674,62;9674;-0,03;9702,39;-;9677,21;-;25,18;133,1129369;-;-;2;16;818311,51
SEKV26;BRBMEFSEK2M2;FINANCIAL;9655;9655;9655;9655;9655;-0,02;9682,143;-;9657,467;-;24,676;130,44856358;-;-;2;16;816651,56
SEKX26;BRBMEFSEK2N0;FINANCIAL;-;-;-;-;-;-;9664,561;-;9639,699;-;24,862;131,43184421;-;-;-;-;-
SEKZ26;BRBMEFSEK2O8;FINANCIAL;-;-;-;-;-;-;9649,687;-;9625,573;-;24,114;127,47757587;-;-;-;-;-
SEKF27;BRBMEFSEK2P5;FINANCIAL;-;-;-;-;-;-;9630,402;-;9607,407;-;22,995;121,562032725;-;-;-;-;-
SEKG27;BRBMEFSEK2Q3;FINANCIAL;-;-;-;-;-;-;9614,652;-;9592,57;-;22,082;116,73549931;-;-;-;-;-
ARSN27;BRBMEFARS2F3;FINANCIAL;-;-;-;-;-;-;1793839,9;-;1796564,5;-;-2724,6;-92,6472984;-;-;-;-;-
ARSV26;BRBMEFARS2J5;FINANCIAL;-;-;-;-;-;-;1523536,5;-;1527353,6;-;-3817,1;-129,7966684;-;-;-;-;-
ARSX26;BRBMEFARS2K3;FINANCIAL;-;-;-;-;-;-;1552336,7;-;1557491,5;-;-5154,8;-175,2838192;-;-;-;-;-
ARSZ26;BRBMEFARS2L1;FINANCIAL;-;-;-;-;-;-;1577452;-;1582524,5;-;-5072,5;-172,48529;-;-;-;-;-
ARSF27;BRBMEFARS2M9;FINANCIAL;-;-;-;-;-;-;1608090,8;-;1613263,1;-;-5172,3;-175,8788892;-;-;-;-;-
TIEU27;BRBMEFTIE028;FINANCIAL;-;-;-;-;-;-;93272,336;7,037;93292,737;-;-20,401;-18,3783122535;-;-;-;-;-
TIEU30;BRBMEFTIE044;FINANCIAL;-;-;-;-;-;-;72660,871;9,227;72735,926;-;-75,055;-67,6135594425;-;-;-;-;-
TIEZ27;BRBMEFTIE036;FINANCIAL;-;-;-;-;-;-;91547,24;7,226;91581,297;-;-34,057;-30,6803676495;-;-;-;-;-
TIEZ30;BRBMEFTIE051;FINANCIAL;-;-;-;-;-;-;71078,308;9,396;71156,84;-;-78,532;-70,745827062;-;-;-;-;-
TIEH28;BRBMEFTIE077;FINANCIAL;-;-;-;-;-;-;89795,323;7,425;89844,378;-;-49,055;-44,1913684425;-;-;-;-;-
TIEH31;BRBMEFTIE085;FINANCIAL;-;-;-;-;-;-;69521,892;9,565;69603,699;-;-81,807;-73,6961222745;-;-;-;-;-
TIEM28;BRBMEFTIE0A4;FINANCIAL;-;-;-;-;-;-;87896,93;7,638;87962,007;-;-65,077;-58,6248432195;-;-;-;-;-
TIEM31;BRBMEFTIE0B2;FINANCIAL;-;-;-;-;-;-;67988,186;9,736;68077,531;-;-89,345;-80,4867559575;-;-;-;-;-
TIEU26;BRBMEFTIE0C0;FINANCIAL;-;-;-;-;-;-;99909,804;6,5;99909,92;-;-0,116;-0,104499006;-;-;-;-;-
TIEU28;BRBMEFTIE0D8;FINANCIAL;-;-;-;-;-;-;86140,929;7,827;86218,299;-;-77,37;-69,699035295;-;-;-;-;-
TIEU31;BRBMEFTIE0E6;FINANCIAL;-;-;-;-;-;-;66482,456;9,907;66581,446;-;-98,99;-89,175487965;-;-;-;-;-
TIEZ26;BRBMEFTIE0F3;FINANCIAL;-;-;-;-;-;-;98270,44;6,6;98268,918;-;1,522;1,371099027;-;-;-;-;-
TIEZ28;BRBMEFTIE0G1;FINANCIAL;-;-;-;-;-;-;84403,707;8,005;84485,492;-;-81,785;-73,6763034975;-;-;-;-;-
TIEZ31;BRBMEFTIE0H9;FINANCIAL;-;-;-;-;-;-;65014,454;10,074;65118,427;-;-103,973;-93,6644409555;-;-;-;-;-
SFRU27;BRBMEFSF0021;FINANCIAL;-;-;-;-;-;-;95702,457;4,381;95781,005;-;-78,548;-80,5823932;-;-;-;-;-
SFRU30;BRBMEFSF0047;FINANCIAL;-;-;-;-;-;-;83511,073;4,842;83749,796;-;-238,723;-244,9059257;-;-;-;-;-
SFRZ27;BRBMEFSF0039;FINANCIAL;-;-;-;-;-;-;94599,225;4,468;94705,46;-;-106,235;-108,9864865;-;-;-;-;-
SFRZ30;BRBMEFSF0054;FINANCIAL;-;-;-;-;-;-;82589,242;4,868;82828,407;-;-239,165;-245,3593735;-;-;-;-;-
SFRH28;BRBMEFSF0070;FINANCIAL;-;-;-;-;-;-;93509,445;4,535;93639,393;-;-129,948;-133,3136532;-;-;-;-;-
SFRH31;BRBMEFSF0088;FINANCIAL;-;-;-;-;-;-;81675,713;4,895;81917,233;-;-241,52;-247,775368;-;-;-;-;-
SFRM28;BRBMEFSF00B6;FINANCIAL;-;-;-;-;-;-;92360,712;4,588;92513,388;-;-152,676;-156,6303084;-;-;-;-;-
SFRM31;BRBMEFSF00D2;FINANCIAL;-;-;-;-;-;-;80773,266;4,922;81013,089;-;-239,823;-246,0344157;-;-;-;-;-
SFRU26;BRBMEFSF00A8;FINANCIAL;-;-;-;-;-;-;99948,998;3,674;99948,47;-;0,528;0,5416752;-;-;-;-;-
SFRU28;BRBMEFSF00C4;FINANCIAL;-;-;-;-;-;-;91316,695;4,626;91487,102;-;-170,407;-174,8205413;-;-;-;-;-
SFRU31;BRBMEFSF00E0;FINANCIAL;-;-;-;-;-;-;79878,585;4,95;80115,682;-;-237,097;-243,2378123;-;-;-;-;-
SFRZ26;BRBMEFSF00F7;FINANCIAL;-;-;-;-;-;-;99123,722;3,929;99134,828;-;-11,106;-11,3936454;-;-;-;-;-
SFRZ28;BRBMEFSF00G5;FINANCIAL;-;-;-;-;-;-;90505,446;4,651;90687,446;-;-182;-186,7138;-;-;-;-;-
SFRZ31;BRBMEFSF00H3;FINANCIAL;-;-;-;-;-;-;79142,926;4,975;79381,943;-;-239,017;-245,2075403;-;-;-;-;-
DDIF27;BRBMEFDDI4X7;FINANCIAL;-;-;-;-;-;-;98581,94;4,503;98029,21;-;552,73;1413,5793385;-;-;-;-;-
DDIF28;BRBMEFDDI4Z2;FINANCIAL;-;-;-;-;-;-;92918,3;5,728;92470,66;-;447,64;1144,816918;-;-;-;-;-
DDIF29;BRBMEFDDI4W9;FINANCIAL;-;-;-;-;-;-;87429,04;6,133;87099;-;330,04;844,060798;-;-;-;-;-
DDIF30;BRBMEFDDI4Y5;FINANCIAL;-;-;-;-;-;-;82272,66;6,416;82065,84;-;206,82;528,931809;-;-;-;-;-
DDIF31;BRBMEFDDI693;FINANCIAL;-;-;-;-;-;-;77421,72;6,67;77261,22;-;160,5;410,470725;-;-;-;-;-
DDIF35;BRBMEFDDI6K9;FINANCIAL;-;-;-;-;-;-;60494,94;7,746;60301,79;-;193,15;493,9714675;-;-;-;-;-
DDIF33;BRBMEFDDI6L7;FINANCIAL;-;-;-;-;-;-;68484,94;7,184;68358,23;-;126,71;324,0544895;-;-;-;-;-
DDIF36;BRBMEFDDI6W4;FINANCIAL;-;-;-;-;-;-;56809,22;8,05;56602,97;-;206,25;527,4740625;-;-;-;-;-
DDIV26;BRBMEFDDI743;FINANCIAL;12,542;1,609;12,542;12,52;1,609;-84,15;100015,28;-0,275;99439,01;-;576,27;1473,7817115;-;-;2;1.003;254740348,52
DDIF37;BRBMEFDDI776;FINANCIAL;-;-;-;-;-;-;53367,02;8,353;53177,86;-;189,16;483,767242;-;-;-;-;-
DDIF32;BRBMEFDDI792;FINANCIAL;-;-;-;-;-;-;72836,7;6,924;72698,97;-;137,73;352,2375885;-;-;-;-;-
DDIF34;BRBMEFDDI7A8;FINANCIAL;-;-;-;-;-;-;64438,21;7,441;64251,73;-;186,48;476,913276;-;-;-;-;-
DDIJ27;BRBMEFDDI7C4;FINANCIAL;-;-;-;-;-;-;97285,34;4,973;96762,87;-;522,47;1336,1909015;-;-;-;-;-
DDIN27;BRBMEFDDI7F7;FINANCIAL;-;-;-;-;-;-;95864,02;5,301;95367,02;-;497;1271,05265;-;-;-;-;-
DDIV27;BRBMEFDDI7I1;FINANCIAL;-;-;-;-;-;-;94388,56;5,559;93915,86;-;472,7;1208,906615;-;-;-;-;-
DDIF38;BRBMEFDDI7M3;FINANCIAL;-;-;-;-;-;-;50188,36;8,645;50012,54;-;175,82;449,650859;-;-;-;-;-
DDIJ28;BRBMEFDDI7P6;FINANCIAL;-;-;-;-;-;-;91539,95;5,837;91114,54;-;425,41;1087,9648045;-;-;-;-;-
DDIN28;BRBMEFDDI7S0;FINANCIAL;-;-;-;-;-;-;90230,27;5,897;89811,57;-;418,7;1070,804315;-;-;-;-;-
DDIV28;BRBMEFDDI7V4;FINANCIAL;-;-;-;-;-;-;88851,01;6,007;88450,25;-;400,76;1024,923662;-;-;-;-;-
DDIF39;BRBMEFDDI7Y8;FINANCIAL;-;-;-;-;-;-;47166,97;8,967;47004,03;-;162,94;416,710903;-;-;-;-;-
DDIJ29;BRBMEFDDI818;FINANCIAL;-;-;-;-;-;-;86185,74;6,178;85877,13;-;308,61;789,2546445;-;-;-;-;-
DDIN29;BRBMEFDDI826;FINANCIAL;-;-;-;-;-;-;84895,2;6,249;84625,84;-;269,36;688,874732;-;-;-;-;-
DDIV29;BRBMEFDDI875;FINANCIAL;-;-;-;-;-;-;83663,18;6,299;83413,81;-;249,37;637,7513065;-;-;-;-;-
DDIF40;BRBMEFDDI8B4;FINANCIAL;-;-;-;-;-;-;44386,79;9,279;44235,84;-;150,95;386,0470775;-;-;-;-;-
DDIN30;BRBMEFDDI8A6;FINANCIAL;-;-;-;-;-;-;79974,04;6,49;79804,43;-;169,61;433,7690945;-;-;-;-;-
DDIJ30;BRBMEFDDI8E8;FINANCIAL;-;-;-;-;-;-;81146,31;6,444;80958,77;-;187,54;479,624173;-;-;-;-;-
DDIV30;BRBMEFDDI8I9;FINANCIAL;-;-;-;-;-;-;78735,4;6,565;78556,44;-;178,96;457,681252;-;-;-;-;-
DDIQ27;BRBMEFDDI8J7;FINANCIAL;-;-;-;-;-;-;95361,46;5,388;94873,61;-;487,85;1247,6519825;-;-;-;-;-
DDIZ26;BRBMEFDDI8L3;FINANCIAL;-;-;-;-;-;-;99126,82;3,915;98562,26;-;564,56;1443,833972;-;-;-;-;-
DDIX26;BRBMEFDDI8M1;FINANCIAL;-;-;-;-;-;-;99537,22;3,158;98967,22;-;570;1457,7465;-;-;-;-;-
DDIJ31;BRBMEFDDI9J5;FINANCIAL;-;-;-;-;-;-;76273,38;6,734;76126,11;-;147,27;376,6356615;-;-;-;-;-
DDIN31;BRBMEFDDI9I7;FINANCIAL;-;-;-;-;-;-;75174,45;6,778;75040,68;-;133,77;342,1100865;-;-;-;-;-
DDIV31;BRBMEFDDI9K3;FINANCIAL;-;-;-;-;-;-;74143,27;6,801;73992,2;-;151,07;386,3539715;-;-;-;-;-
DDIF41;BRBMEFDDI9L1;FINANCIAL;-;-;-;-;-;-;41770,89;9,601;41631,25;-;139,64;357,122318;-;-;-;-;-
DDIG27;BRBMEFDDI9M9;FINANCIAL;-;-;-;-;-;-;98170,33;4,692;97624,49;-;545,84;1395,958508;-;-;-;-;-
DDIX27;BRBMEFDDI9N7;FINANCIAL;-;-;-;-;-;-;93900,79;5,621;93446,49;-;454,3;1161,849535;-;-;-;-;-
DDIX28;BRBMEFDDI9P2;FINANCIAL;-;-;-;-;-;-;88379,46;6,053;88001,43;-;378,03;966,7928235;-;-;-;-;-
DDIX29;BRBMEFDDI9R8;FINANCIAL;-;-;-;-;-;-;83126,41;6,371;82907,09;-;219,32;560,899934;-;-;-;-;-
DDIZ27;BRBMEFDDI9O5;FINANCIAL;-;-;-;-;-;-;93457,1;5,651;93011,5;-;445,6;1139,59972;-;-;-;-;-
DDIZ28;BRBMEFDDI9Q0;FINANCIAL;-;-;-;-;-;-;87873,86;6,118;87520,18;-;353,68;904,518916;-;-;-;-;-
DDIZ29;BRBMEFDDI9S6;FINANCIAL;-;-;-;-;-;-;82640,63;6,414;82427,64;-;212,99;544,7112755;-;-;-;-;-
DDIH27;BRBMEFDDI9T4;FINANCIAL;-;-;-;-;-;-;97752,21;4,841;97216,51;-;535,7;1370,025965;-;-;-;-;-
DDIK27;BRBMEFDDI9U2;FINANCIAL;-;-;-;-;-;-;96793,19;5,097;96280;-;513,19;1312,4577655;-;-;-;-;-
DDIM27;BRBMEFDDI9V0;FINANCIAL;-;-;-;-;-;-;96340,82;5,199;95836,16;-;504,66;1290,642717;-;-;-;-;-
DDIU27;BRBMEFDDI9W8;FINANCIAL;-;-;-;-;-;-;94893,58;5,457;94413,24;-;480,34;1228,445533;-;-;-;-;-
DCOF27;BRBMEFDCO1S6;FINANCIAL;-;-;-;-;-;-;98581,94;4,503;98029,21;-;552,73;1413,5793385;-;-;-;-;-
DCOF28;BRBMEFDCO1P2;FINANCIAL;-;-;-;-;-;-;92918,3;5,728;92470,66;-;447,64;1144,816918;-;-;-;-;-
DCOF29;BRBMEFDCO1R8;FINANCIAL;-;-;-;-;-;-;87429,04;6,133;87099;-;330,04;844,060798;-;-;-;-;-
DCOF30;BRBMEFDCO1Q0;FINANCIAL;-;-;-;-;-;-;82272,66;6,416;82065,84;-;206,82;528,931809;-;-;-;-;-
DCOF31;BRBMEFDCO313;FINANCIAL;-;-;-;-;-;-;77421,72;6,67;77261,22;-;160,5;410,470725;-;-;-;-;-
DCOF35;BRBMEFDCO3C6;FINANCIAL;-;-;-;-;-;-;60494,94;7,746;60301,79;-;193,15;493,9714675;-;-;-;-;-
DCOF33;BRBMEFDCO3D4;FINANCIAL;-;-;-;-;-;-;68484,94;7,184;68358,23;-;126,71;324,0544895;-;-;-;-;-
DCOF36;BRBMEFDCO3O1;FINANCIAL;-;-;-;-;-;-;56809,22;8,05;56602,97;-;206,25;527,4740625;-;-;-;-;-
DCOV26;BRBMEFDCO3W4;FINANCIAL;-;-;-;-;-;-;100015,28;-0,275;99439,01;-;576,27;1473,7817115;-;-;-;-;-
DCOF37;BRBMEFDCO3Z7;FINANCIAL;-;-;-;-;-;-;53367,02;8,353;53177,86;-;189,16;483,767242;-;-;-;-;-
DCOF32;BRBMEFDCO412;FINANCIAL;-;-;-;-;-;-;72836,7;6,924;72698,97;-;137,73;352,2375885;-;-;-;-;-
DCOF34;BRBMEFDCO420;FINANCIAL;-;-;-;-;-;-;64438,21;7,441;64251,73;-;186,48;476,913276;-;-;-;-;-
DCOJ27;BRBMEFDCO446;FINANCIAL;-;-;-;-;-;-;97285,34;4,973;96762,87;-;522,47;1336,1909015;-;-;-;-;-
DCON27;BRBMEFDCO479;FINANCIAL;-;-;-;-;-;-;95864,02;5,301;95367,02;-;497;1271,05265;-;-;-;-;-
DCOV27;BRBMEFDCO4A8;FINANCIAL;-;-;-;-;-;-;94388,56;5,559;93915,86;-;472,7;1208,906615;-;-;-;-;-
DCOF38;BRBMEFDCO4E0;FINANCIAL;-;-;-;-;-;-;50188,36;8,645;50012,54;-;175,82;449,650859;-;-;-;-;-
DCOJ28;BRBMEFDCO4H3;FINANCIAL;-;-;-;-;-;-;91539,95;5,837;91114,54;-;425,41;1087,9648045;-;-;-;-;-
DCON28;BRBMEFDCO4K7;FINANCIAL;-;-;-;-;-;-;90230,27;5,897;89811,57;-;418,7;1070,804315;-;-;-;-;-
DCOV28;BRBMEFDCO4N1;FINANCIAL;-;-;-;-;-;-;88851,01;6,007;88450,25;-;400,76;1024,923662;-;-;-;-;-
DCOF39;BRBMEFDCO4Q4;FINANCIAL;-;-;-;-;-;-;47166,97;8,967;47004,03;-;162,94;416,710903;-;-;-;-;-
DCOJ29;BRBMEFDCO4T8;FINANCIAL;-;-;-;-;-;-;86185,74;6,178;85877,13;-;308,61;789,2546445;-;-;-;-;-
DCON29;BRBMEFDCO4U6;FINANCIAL;-;-;-;-;-;-;84895,2;6,249;84625,84;-;269,36;688,874732;-;-;-;-;-
DCOV29;BRBMEFDCO4Z5;FINANCIAL;-;-;-;-;-;-;83663,18;6,299;83413,81;-;249,37;637,7513065;-;-;-;-;-
DCOF40;BRBMEFDCO537;FINANCIAL;-;-;-;-;-;-;44386,79;9,279;44235,84;-;150,95;386,0470775;-;-;-;-;-
DCON30;BRBMEFDCO529;FINANCIAL;-;-;-;-;-;-;79974,04;6,49;79804,43;-;169,61;433,7690945;-;-;-;-;-
DCOJ30;BRBMEFDCO560;FINANCIAL;-;-;-;-;-;-;81146,31;6,444;80958,77;-;187,54;479,624173;-;-;-;-;-
DCOV30;BRBMEFDCO5A5;FINANCIAL;-;-;-;-;-;-;78735,4;6,565;78556,44;-;178,96;457,681252;-;-;-;-;-
DCOQ27;BRBMEFDCO5B3;FINANCIAL;-;-;-;-;-;-;95361,46;5,388;94873,61;-;487,85;1247,6519825;-;-;-;-;-
DCOZ26;BRBMEFDCO5D9;FINANCIAL;-;-;-;-;-;-;99126,82;3,915;98562,26;-;564,56;1443,833972;-;-;-;-;-
DCOX26;BRBMEFDCO5E7;FINANCIAL;-;-;-;-;-;-;99537,22;3,158;98967,22;-;570;1457,7465;-;-;-;-;-
DCOJ31;BRBMEFDCO5G2;FINANCIAL;-;-;-;-;-;-;76273,38;6,734;76126,11;-;147,27;376,6356615;-;-;-;-;-
DCON31;BRBMEFDCO5F4;FINANCIAL;-;-;-;-;-;-;75174,45;6,778;75040,68;-;133,77;342,1100865;-;-;-;-;-
DCOV31;BRBMEFDCO5H0;FINANCIAL;-;-;-;-;-;-;74143,27;6,801;73992,2;-;151,07;386,3539715;-;-;-;-;-
DCOF41;BRBMEFDCO5I8;FINANCIAL;-;-;-;-;-;-;41770,89;9,601;41631,25;-;139,64;357,122318;-;-;-;-;-
DCOG27;BRBMEFDCO5J6;FINANCIAL;-;-;-;-;-;-;98170,33;4,692;97624,49;-;545,84;1395,958508;-;-;-;-;-
DCOX27;BRBMEFDCO5K4;FINANCIAL;-;-;-;-;-;-;93900,79;5,621;93446,49;-;454,3;1161,849535;-;-;-;-;-
DCOX28;BRBMEFDCO5M0;FINANCIAL;-;-;-;-;-;-;88379,46;6,053;88001,43;-;378,03;966,7928235;-;-;-;-;-
DCOX29;BRBMEFDCO5O6;FINANCIAL;-;-;-;-;-;-;83126,41;6,371;82907,09;-;219,32;560,899934;-;-;-;-;-
DCOZ27;BRBMEFDCO5L2;FINANCIAL;-;-;-;-;-;-;93457,1;5,651;93011,5;-;445,6;1139,59972;-;-;-;-;-
DCOZ28;BRBMEFDCO5N8;FINANCIAL;-;-;-;-;-;-;87873,86;6,118;87520,18;-;353,68;904,518916;-;-;-;-;-
DCOZ29;BRBMEFDCO5P3;FINANCIAL;-;-;-;-;-;-;82640,63;6,414;82427,64;-;212,99;544,7112755;-;-;-;-;-
DCOH27;BRBMEFDCO5Q1;FINANCIAL;-;-;-;-;-;-;97752,21;4,841;97216,51;-;535,7;1370,025965;-;-;-;-;-
DCOK27;BRBMEFDCO5R9;FINANCIAL;-;-;-;-;-;-;96793,19;5,097;96280;-;513,19;1312,4577655;-;-;-;-;-
DCOM27;BRBMEFDCO5S7;FINANCIAL;-;-;-;-;-;-;96340,82;5,199;95836,16;-;504,66;1290,642717;-;-;-;-;-
DCOU27;BRBMEFDCO5T5;FINANCIAL;-;-;-;-;-;-;94893,58;5,457;94413,24;-;480,34;1228,445533;-;-;-;-;-
DI1F27;BRBMEFD1I4Z0;FINANCIAL;13,58;13,57;13,59;13,578;13,585;0;96230,69;13,587;96230,96;-;-0,27;-0,27;13,58;13,585;3.666;380.324;36599672680
DI1F28;BRBMEFD1I4Y3;FINANCIAL;13,595;13,505;13,65;13,575;13,62;-0,08;84725,87;13,625;84718,91;-;6,96;6,96;13,615;13,62;29.794;603.864;51191776839,8
DI1F29;BRBMEFD1I4K2;FINANCIAL;13,76;13,665;13,88;13,769;13,835;0,02;74391,49;13,843;74409,56;-;-18,07;-18,07;13,82;13,835;38.599;466.240;34735481899,61
DI1F30;BRBMEFD1I504;FINANCIAL;13,935;13,805;14,025;13,916;13,97;-0,02;65178,53;13,986;65202,68;-;-24,15;-24,15;13,965;13,975;17.976;123.327;8054270788,44
DI1F31;BRBMEFD1I686;FINANCIAL;13,985;13,865;14,09;13,982;14,04;0,07;57042,15;14,051;57088,91;-;-46,76;-46,76;14,035;14,04;31.432;330.990;18928630422,29
DI1F35;BRBMEFD1I6J9;FINANCIAL;14,13;13,985;14,22;14,103;14,17;0,04;33489,88;14,179;33525,89;-;-36,01;-36,01;14,165;14,17;15.103;71.028;2391830634,37
DI1F33;BRBMEFD1I678;FINANCIAL;14,11;13,975;14,205;14,099;14,155;0,02;43576,61;14,166;43612,15;-;-35,54;-35,54;14,155;14,165;12.533;74.563;3261171419,39
DI1F36;BRBMEFD1I6W2;FINANCIAL;14,125;14,005;14,2;14,13;14,16;0,09;29410,66;14,165;29455,67;-;-45,01;-45,01;14,145;-;226;632;18639928,08
DI1V26;BRBMEFD1I744;FINANCIAL;13,729;13,729;13,735;13,732;13,733;0;99287,59;13,734;99287,7;-;-0,11;-0,11;13,73;13,733;1.340;152.256;15117139509,54
DI1F37;BRBMEFD1I777;FINANCIAL;14,1;14;14,235;14,129;14,19;0,1;25683,41;14,193;25724,67;-;-41,26;-41,26;14,175;14,19;3.218;17.076;441097604,44
DI1F32;BRBMEFD1I793;FINANCIAL;14,08;13,94;14,17;14,07;14,11;-0,01;49830,13;14,131;49873,5;-;-43,37;-43,37;14,115;14,13;7.756;53.211;2658938561,39
DI1F34;BRBMEFD1I7A6;FINANCIAL;14,1;14,01;14,22;14,132;14,195;0,28;38167,73;14,175;38216;-;-48,27;-48,27;-;-;129;636;24340847,06
DI1J27;BRBMEFD1I7C2;FINANCIAL;13,53;13,51;13,565;13,537;13,55;0;93370,63;13,553;93371,31;-;-0,68;-0,68;13,545;13,55;2.814;192.261;17952835459,44
DI1N27;BRBMEFD1I7F5;FINANCIAL;13,56;13,505;13,595;13,549;13,575;-0,03;90435,96;13,576;90433,19;-;2,77;2,77;13,535;13,575;6.642;153.085;13846952534,68
DI1V27;BRBMEFD1I7I9;FINANCIAL;13,57;13,515;13,63;13,584;13,595;-0,16;87490,43;13,606;87481,61;-;8,82;8,82;13,6;13,61;3.461;53.937;4719905189,62
DI1F38;BRBMEFD1I7P4;FINANCIAL;14,09;14,01;14,205;14,135;14,14;-0,25;22544,53;14,185;22564,28;-;-19,75;-19,75;-;-;120;172;3896496,07
DI1J28;BRBMEFD1I7S8;FINANCIAL;13,625;13,54;13,7;13,636;13,66;-0,14;82010,52;13,672;82001,1;-;9,42;9,42;13,655;13,675;1.251;10.554;865953549,4
DI1N28;BRBMEFD1I7V2;FINANCIAL;13,675;13,58;13,76;13,666;13,71;-0,16;79436,83;13,727;79431,04;-;5,79;5,79;13,705;13,73;10.570;81.142;6451854721,67
DI1V28;BRBMEFD1I7Y6;FINANCIAL;13,735;13,635;13,825;13,749;13,79;-0,02;76788,47;13,796;76791,51;-;-3,04;-3,04;13,77;13,795;1.119;10.398;799108392,89
DI1F39;BRBMEFD1I819;FINANCIAL;14,02;14,02;14,045;14,03;14,03;-0,82;19817,82;14,155;19836,76;-;-18,94;-18,94;-;-;9;9;180765,73
DI1J29;BRBMEFD1I843;FINANCIAL;13,81;13,735;13,915;13,827;13,91;0,18;72006,84;13,897;72027,63;-;-20,79;-20,79;-;13,89;79;637;45939185,21
DI1N29;BRBMEFD1I850;FINANCIAL;13,875;13,77;13,975;13,882;13,935;0,02;69620,66;13,945;69642,62;-;-21,96;-21,96;13,92;13,935;8.014;66.276;4621162367,26
DI1V29;BRBMEFD1I8A4;FINANCIAL;13,87;13,795;14;13,872;13,95;-0,05;67310,91;13,967;67326,87;-;-15,96;-15,96;-;13,955;2.316;12.824;865354984,11
DI1F40;BRBMEFD1I8E6;FINANCIAL;14,015;14,015;14,02;14,018;14,02;-0,79;17397,76;14,141;17415,77;-;-18,01;-18,01;-;-;3;3;52940,65
DI1N30;BRBMEFD1I8D8;FINANCIAL;13,93;13,84;14,055;13,944;14;0,02;61069,72;14,023;61121,87;-;-52,15;-52,15;-;-;655;2.278;139476885,52
DI1J30;BRBMEFD1I8H9;FINANCIAL;13,91;13,825;14,03;13,918;14,015;0,24;63124,18;13,997;63155,12;-;-30,94;-30,94;13,97;13,99;80;302;19109531,1
DI1V30;BRBMEFD1I8L1;FINANCIAL;13,985;13,89;14,05;13,919;14,01;-0,02;58987,71;14,032;59024,93;-;-37,22;-37,22;14,005;14,03;74;135;7995122,63
DI1Q27;BRBMEFD1I8M9;FINANCIAL;13,58;13,545;13,605;13,572;13,575;-0,09;89433;13,581;89428,44;-;4,56;4,56;13,57;13,59;42;1.894;169397490,77
DI1Z26;BRBMEFD1I8O5;FINANCIAL;13,617;13,616;13,63;13,622;13,624;0;97299,24;13,629;97299,98;-;-0,74;-0,74;13,622;13,628;198;28.895;2811496970,75
DI1X26;BRBMEFD1I8P2;FINANCIAL;13,694;13,689;13,694;13,692;13,69;0,01;98233,53;13,692;98233,99;-;-0,46;-0,46;13,686;13,694;101;67.238;6605020130,34
DI1J31;BRBMEFD1I8Q0;FINANCIAL;13,97;13,88;14,085;14,004;14,06;0,03;55242,23;14,057;55246,31;-;-4,08;-4,08;14,025;14,055;65;293;16219842,35
DI1N31;BRBMEFD1I8R8;FINANCIAL;14;13,915;14,115;14,034;14,085;0,16;53457,63;14,081;53499,67;-;-42,04;-42,04;-;14,08;82;295;15800977,77
DI1V31;BRBMEFD1I8S6;FINANCIAL;13,99;13,94;14,125;14,088;14,125;0,33;51608,32;14,097;51651,13;-;-42,81;-42,81;14,075;14,1;28;101;5214506,58
DI1F41;BRBMEFD1I8T4;FINANCIAL;-;-;-;-;-;-;15275,46;14,132;15292,48;-;-17,02;-17,02;-;-;-;-;-
DI1G27;BRBMEFD1I8U2;FINANCIAL;13,545;13,54;13,565;13,543;13,565;0,09;95273,14;13,554;95273,65;-;-0,51;-0,51;13,545;13,56;280;7.220;687897046,43
DI1X27;BRBMEFD1I8V0;FINANCIAL;13,55;13,545;13,635;13,613;13,61;-0,02;86611,7;13,603;86603,12;-;8,58;8,58;13,59;13,655;136;779;67463653,29
DI1X28;BRBMEFD1I8X6;FINANCIAL;13,695;13,69;13,85;13,78;13,82;0,1;75937,52;13,816;75951,97;-;-14,45;-14,45;13,77;13,835;22;87;6610966,6
DI1X29;BRBMEFD1I8Z1;FINANCIAL;13,85;13,85;14,015;13,936;13,97;0,1;66548,83;13,966;66566,89;-;-18,06;-18,06;-;-;17;72;4795404,95
DI1Z27;BRBMEFD1I8W8;FINANCIAL;13,55;13,54;13,64;13,548;13,615;-0,02;85733,96;13,609;85725,7;-;8,26;8,26;13,595;13,635;174;4.507;386650446,83
DI1Z28;BRBMEFD1I8Y4;FINANCIAL;13,705;13,705;13,865;13,796;13,835;0,11;75179,81;13,83;75196,03;-;-16,22;-16,22;13,785;13,845;14;53;3987087,61
DI1Z29;BRBMEFD1I900;FINANCIAL;13,905;13,855;14,015;13,927;13,975;0,09;65881,35;13,974;65903,34;-;-21,99;-21,99;-;-;18;81;5343346,03
DI1H27;BRBMEFD1I918;FINANCIAL;13,52;13,52;13,56;13,538;13,54;-0,02;94412,81;13,552;94416,23;-;-3,42;-3,42;13,54;13,555;37;3.912;369362171,62
DI1K27;BRBMEFD1I926;FINANCIAL;13,525;13,525;13,565;13,534;13,56;0,02;92389,43;13,548;92385,46;-;3,97;3,97;13,54;13,555;722;8.599;794517679,55
DI1M27;BRBMEFD1I934;FINANCIAL;13,51;13,51;13,565;13,538;13,565;0,05;91455,13;13,561;91457,34;-;-2,21;-2,21;13,55;13,565;62;3.833;350597084,91
DI1U27;BRBMEFD1I942;FINANCIAL;13,535;13,535;13,615;13,582;13,585;-0,1;88437,47;13,59;88430,89;-;6,58;6,58;13,58;13,645;9;529;46786583,08
OC1F27;BRBMEFOC11Z8;FINANCIAL;-;-;-;-;-;-;96230,69;13,587;96230,96;-;-0,27;-0,27;-;-;-;-;-
OC1F28;BRBMEFOC11X3;FINANCIAL;-;-;-;-;-;-;84725,87;13,625;84718,91;-;6,96;6,96;-;-;-;-;-
OC1F29;BRBMEFOC11J2;FINANCIAL;-;-;-;-;-;-;74391,49;13,843;74409,56;-;-18,07;-18,07;-;-;-;-;-
OC1F30;BRBMEFOC11Y1;FINANCIAL;-;-;-;-;-;-;65178,53;13,986;65202,68;-;-24,15;-24,15;-;-;-;-;-
OC1F31;BRBMEFOC1364;FINANCIAL;-;-;-;-;-;-;57042,15;14,051;57088,91;-;-46,76;-46,76;-;-;-;-;-
OC1F35;BRBMEFOC13H2;FINANCIAL;-;-;-;-;-;-;33489,88;14,179;33525,89;-;-36,01;-36,01;-;-;-;-;-
OC1F33;BRBMEFOC13I0;FINANCIAL;-;-;-;-;-;-;43576,61;14,166;43612,15;-;-35,54;-35,54;-;-;-;-;-
OC1F36;BRBMEFOC13T7;FINANCIAL;-;-;-;-;-;-;29410,66;14,165;29455,67;-;-45,01;-45,01;-;-;-;-;-
OC1V26;BRBMEFOC1414;FINANCIAL;-;-;-;-;-;-;99287,59;13,734;99287,7;-;-0,11;-0,11;-;-;-;-;-
OC1F37;BRBMEFOC1448;FINANCIAL;-;-;-;-;-;-;25683,41;14,193;25724,67;-;-41,26;-41,26;-;-;-;-;-
OC1F32;BRBMEFOC1463;FINANCIAL;-;-;-;-;-;-;49830,13;14,131;49873,5;-;-43,37;-43,37;-;-;-;-;-
OC1F34;BRBMEFOC1471;FINANCIAL;-;-;-;-;-;-;38167,73;14,175;38216;-;-48,27;-48,27;-;-;-;-;-
OC1J27;BRBMEFOC1497;FINANCIAL;-;-;-;-;-;-;93370,63;13,553;93371,31;-;-0,68;-0,68;-;-;-;-;-
OC1N27;BRBMEFOC14C1;FINANCIAL;-;-;-;-;-;-;90435,96;13,576;90433,19;-;2,77;2,77;-;-;-;-;-
OC1V27;BRBMEFOC14F4;FINANCIAL;-;-;-;-;-;-;87490,43;13,606;87481,61;-;8,82;8,82;-;-;-;-;-
OC1F38;BRBMEFOC14J6;FINANCIAL;-;-;-;-;-;-;22544,53;14,185;22564,28;-;-19,75;-19,75;-;-;-;-;-
OC1J28;BRBMEFOC14M0;FINANCIAL;-;-;-;-;-;-;82010,52;13,672;82001,1;-;9,42;9,42;-;-;-;-;-
OC1N28;BRBMEFOC14P3;FINANCIAL;-;-;-;-;-;-;79436,83;13,727;79431,04;-;5,79;5,79;-;-;-;-;-
OC1V28;BRBMEFOC14S7;FINANCIAL;-;-;-;-;-;-;76788,47;13,796;76791,51;-;-3,04;-3,04;-;-;-;-;-
OC1F39;BRBMEFOC14V1;FINANCIAL;-;-;-;-;-;-;19817,82;14,155;19836,76;-;-18,94;-18,94;-;-;-;-;-
OC1J29;BRBMEFOC14Y5;FINANCIAL;-;-;-;-;-;-;72006,84;13,897;72027,63;-;-20,79;-20,79;-;-;-;-;-
OC1N29;BRBMEFOC14Z2;FINANCIAL;-;-;-;-;-;-;69620,66;13,945;69642,62;-;-21,96;-21,96;-;-;-;-;-
OC1V29;BRBMEFOC1547;FINANCIAL;-;-;-;-;-;-;67310,91;13,967;67326,87;-;-15,96;-15,96;-;-;-;-;-
OC1F40;BRBMEFOC1588;FINANCIAL;-;-;-;-;-;-;17397,76;14,141;17415,77;-;-18,01;-18,01;-;-;-;-;-
OC1N30;BRBMEFOC1570;FINANCIAL;-;-;-;-;-;-;61069,72;14,023;61121,87;-;-52,15;-52,15;-;-;-;-;-
OC1J30;BRBMEFOC15B0;FINANCIAL;-;-;-;-;-;-;63124,18;13,997;63155,12;-;-30,94;-30,94;-;-;-;-;-
OC1V30;BRBMEFOC15F1;FINANCIAL;-;-;-;-;-;-;58987,71;14,032;59024,93;-;-37,22;-37,22;-;-;-;-;-
OC1Q27;BRBMEFOC15G9;FINANCIAL;-;-;-;-;-;-;89433;13,581;89428,44;-;4,56;4,56;-;-;-;-;-
OC1Z26;BRBMEFOC15I5;FINANCIAL;-;-;-;-;-;-;97299,24;13,629;97299,98;-;-0,74;-0,74;-;-;-;-;-
OC1X26;BRBMEFOC15J3;FINANCIAL;-;-;-;-;-;-;98233,53;13,692;98233,99;-;-0,46;-0,46;-;-;-;-;-
OC1J31;BRBMEFOC15L9;FINANCIAL;-;-;-;-;-;-;55242,23;14,057;55246,31;-;-4,08;-4,08;-;-;-;-;-
OC1N31;BRBMEFOC15K1;FINANCIAL;-;-;-;-;-;-;53457,63;14,081;53499,67;-;-42,04;-42,04;-;-;-;-;-
OC1V31;BRBMEFOC15M7;FINANCIAL;-;-;-;-;-;-;51608,32;14,097;51651,13;-;-42,81;-42,81;-;-;-;-;-
OC1F41;BRBMEFOC15N5;FINANCIAL;-;-;-;-;-;-;15275,46;14,132;15292,48;-;-17,02;-17,02;-;-;-;-;-
OC1G27;BRBMEFOC15O3;FINANCIAL;-;-;-;-;-;-;95273,14;13,554;95273,65;-;-0,51;-0,51;-;-;-;-;-
OC1X27;BRBMEFOC15P0;FINANCIAL;-;-;-;-;-;-;86611,7;13,603;86603,12;-;8,58;8,58;-;-;-;-;-
OC1X28;BRBMEFOC15R6;FINANCIAL;-;-;-;-;-;-;75937,52;13,816;75951,97;-;-14,45;-14,45;-;-;-;-;-
OC1X29;BRBMEFOC15T2;FINANCIAL;-;-;-;-;-;-;66548,83;13,966;66566,89;-;-18,06;-18,06;-;-;-;-;-
OC1Z27;BRBMEFOC15Q8;FINANCIAL;-;-;-;-;-;-;85733,96;13,609;85725,7;-;8,26;8,26;-;-;-;-;-
OC1Z28;BRBMEFOC15S4;FINANCIAL;-;-;-;-;-;-;75179,81;13,83;75196,03;-;-16,22;-16,22;-;-;-;-;-
OC1Z29;BRBMEFOC15U0;FINANCIAL;-;-;-;-;-;-;65881,35;13,974;65903,34;-;-21,99;-21,99;-;-;-;-;-
OC1H27;BRBMEFOC15V8;FINANCIAL;-;-;-;-;-;-;94412,81;13,552;94416,23;-;-3,42;-3,42;-;-;-;-;-
OC1K27;BRBMEFOC15W6;FINANCIAL;-;-;-;-;-;-;92389,43;13,548;92385,46;-;3,97;3,97;-;-;-;-;-
OC1M27;BRBMEFOC15X4;FINANCIAL;-;-;-;-;-;-;91455,13;13,561;91457,34;-;-2,21;-2,21;-;-;-;-;-
OC1U27;BRBMEFOC15Y2;FINANCIAL;-;-;-;-;-;-;88437,47;13,59;88430,89;-;6,58;6,58;-;-;-;-;-
DOLV26;BRBMEFDOL7D4;FINANCIAL;5132;5094;5155;5123,582;5148,5;0,5;5152,388;-;5122,696;-;29,692;1484,6;5146;5148;17.771;183.835;47094690875
DOLF27;BRBMEFDOL7G7;FINANCIAL;-;-;-;-;-;-;5239,875;-;5210,481;-;29,394;1469,7;-;-;-;-;-
DOLF29;BRBMEFDOL7K9;FINANCIAL;-;-;-;-;-;-;6011,316;-;5987,17;-;24,146;1207,3;-;-;-;-;-
DOLF28;BRBMEFDOL7J1;FINANCIAL;-;-;-;-;-;-;5609,477;-;5582,911;-;26,566;1328,3;-;-;-;-;-
DOLJ27;BRBMEFDOL7L7;FINANCIAL;-;-;-;-;-;-;5329,351;-;5300,691;-;28,66;1433;-;-;-;-;-
DOLF30;BRBMEFDOL7O1;FINANCIAL;-;-;-;-;-;-;6456,365;-;6437,751;-;18,614;930,7;-;-;-;-;-
DOLN28;BRBMEFDOL7N3;FINANCIAL;-;-;-;-;-;-;5809,885;-;5783,345;-;26,54;1327;-;-;-;-;-
DOLN29;BRBMEFDOL7P8;FINANCIAL;-;-;-;-;-;-;6237,092;-;6215,343;-;21,749;1087,45;-;-;-;-;-
DOLN27;BRBMEFDOL7M5;FINANCIAL;-;-;-;-;-;-;5421,901;-;5393,957;-;27,944;1397,2;-;-;-;-;-
DOLV27;BRBMEFDOL7U8;FINANCIAL;-;-;-;-;-;-;5518,181;-;5491,099;-;27,082;1354,1;-;-;-;-;-
DOLN30;BRBMEFDOL7X2;FINANCIAL;-;-;-;-;-;-;6698,232;-;6678,325;-;19,907;995,35;-;-;-;-;-
DOLJ28;BRBMEFDOL801;FINANCIAL;-;-;-;-;-;-;5709,239;-;5683,36;-;25,879;1293,95;-;-;-;-;-
DOLQ27;BRBMEFDOL843;FINANCIAL;-;-;-;-;-;-;5453,964;-;5426,339;-;27,625;1381,25;-;-;-;-;-
DOLZ26;BRBMEFDOL850;FINANCIAL;-;-;-;-;-;-;5210,973;-;5181,256;-;29,717;1485,85;-;-;-;-;-
DOLV28;BRBMEFDOL884;FINANCIAL;-;-;-;-;-;-;5918,389;-;5891,461;-;26,928;1346,4;-;-;-;-;-
DOLX26;BRBMEFDOL892;FINANCIAL;-;-;-;-;-;-;5182,782;-;5153,078;-;29,704;1485,2;5166,5;5191;-;-;-
DOLJ29;BRBMEFDOL8B6;FINANCIAL;-;-;-;-;-;-;6122,077;-;6098,396;-;23,681;1184,05;-;-;-;-;-
DOLF31;BRBMEFDOL8C4;FINANCIAL;-;-;-;-;-;-;6942,311;-;6922,246;-;20,065;1003,25;-;-;-;-;-
DOLG27;BRBMEFDOL8D2;FINANCIAL;-;-;-;-;-;-;5270,441;-;5241,108;-;29,333;1466,65;-;-;-;-;-
DOLH27;BRBMEFDOL8E0;FINANCIAL;-;-;-;-;-;-;5295,815;-;5266,602;-;29,213;1460,65;-;-;-;-;-
DOLK27;BRBMEFDOL8F7;FINANCIAL;-;-;-;-;-;-;5358,703;-;5330,52;-;28,183;1409,15;-;-;-;-;-
DOLM27;BRBMEFDOL8G5;FINANCIAL;-;-;-;-;-;-;5388,147;-;5359,792;-;28,355;1417,75;-;-;-;-;-
DOLV29;BRBMEFDOL8H3;FINANCIAL;-;-;-;-;-;-;6357,495;-;6337,044;-;20,451;1022,55;-;-;-;-;-
DOLU27;BRBMEFDOL8I1;FINANCIAL;-;-;-;-;-;-;5488,297;-;5460,923;-;27,374;1368,7;-;-;-;-;-
SJCX26;BRBMEFSJC2Z9;AGRIBUSINESS;29,15;28,52;29,15;28,89;28,64;-2,48;28,5825;-;29,3706;-;-0,7881;-1819,1515275;28,64;28,66;321;2.896;193143087,08
SJCF27;BRBMEFSJC352;AGRIBUSINESS;29,47;28,9;29,48;29,21;28,9;-2,69;28,9242;-;29,7013;-;-0,7771;-1793,7605025;28,94;29,19;41;525;35404922,1
SJCH27;BRBMEFSJC360;AGRIBUSINESS;29,58;29,03;29,58;29,35;29,06;-2,55;29,073;-;29,8225;-;-0,7495;-1730,0521125;29,08;29,55;37;216;14635294,47
SJCK27;BRBMEFSJC378;AGRIBUSINESS;29,6;29,3;29,6;29,51;29,3;-2,07;29,2108;-;29,9217;-;-0,7109;-1640,9526975;29,12;-;5;51;3474207,78
SJCN27;BRBMEFSJC386;AGRIBUSINESS;-;-;-;-;-;-;29,2879;-;29,9603;-;-0,6724;-1552,08411;-;-;-;-;-
SJCQ27;BRBMEFSJC3A0;AGRIBUSINESS;-;-;-;-;-;-;28,8801;-;29,5084;-;-0,6283;-1450,2891825;-;-;-;-;-
SJCU27;BRBMEFSJC3B8;AGRIBUSINESS;-;-;-;-;-;-;27,9762;-;28,5328;-;-0,5566;-1284,785865;-;-;-;-;-
WDOV26;BRBMEFWDO4T4;FINANCIAL;5131;5093,5;5155;5123,186;5145,5;0,44;5152,388;-;5122,696;-;29,692;296,92;5145,5;5147,5;541.030;2.366.761;121253589430
WDOJ27;BRBMEFWDO4V0;FINANCIAL;5291;5290;5301;5292,285;5301;0;5329,351;-;5300,691;-;28,66;286,6;5265,5;-;7;7;370460
WDOF27;BRBMEFWDO4W8;FINANCIAL;5210,5;5196,5;5238;5217,264;5238;0,52;5239,875;-;5210,481;-;29,394;293,94;5216;5247;17;17;886935
WDON27;BRBMEFWDO4X6;FINANCIAL;-;-;-;-;-;-;5421,901;-;5393,957;-;27,944;279,44;-;-;-;-;-
WDON28;BRBMEFWDO4Y4;FINANCIAL;-;-;-;-;-;-;5809,885;-;5783,345;-;26,54;265,4;-;-;-;-;-
WDOF28;BRBMEFWDO4Z1;FINANCIAL;-;-;-;-;-;-;5609,477;-;5582,911;-;26,566;265,66;-;-;-;-;-
WDOF29;BRBMEFWDO501;FINANCIAL;-;-;-;-;-;-;6011,316;-;5987,17;-;24,146;241,46;-;-;-;-;-
WDOF30;BRBMEFWDO576;FINANCIAL;-;-;-;-;-;-;6456,365;-;6437,751;-;18,614;186,14;-;-;-;-;-
WDON29;BRBMEFWDO568;FINANCIAL;-;-;-;-;-;-;6237,092;-;6215,343;-;21,749;217,49;-;-;-;-;-
WDOV27;BRBMEFWDO592;FINANCIAL;-;-;-;-;-;-;5518,181;-;5491,099;-;27,082;270,82;-;-;-;-;-
WDOJ28;BRBMEFWDO5D5;FINANCIAL;-;-;-;-;-;-;5709,239;-;5683,36;-;25,879;258,79;-;-;-;-;-
WDON30;BRBMEFWDO5F0;FINANCIAL;-;-;-;-;-;-;6698,232;-;6678,325;-;19,907;199,07;-;-;-;-;-
WDOQ27;BRBMEFWDO5G8;FINANCIAL;-;-;-;-;-;-;5453,964;-;5426,339;-;27,625;276,25;-;-;-;-;-
WDOZ26;BRBMEFWDO5E3;FINANCIAL;5192;5158;5210,5;5190,888;5203;0,41;5210,973;-;5181,256;-;29,717;297,17;5203;5210;91;139;7215335
WDOV28;BRBMEFWDO5J2;FINANCIAL;-;-;-;-;-;-;5918,389;-;5891,461;-;26,928;269,28;-;-;-;-;-
WDOX26;BRBMEFWDO5I4;FINANCIAL;5148;5124;5184,5;5154,038;5178;0,48;5182,782;-;5153,078;-;29,704;297,04;5176,5;5182;1.614;3.561;183535295
WDOJ29;BRBMEFWDO5K0;FINANCIAL;-;-;-;-;-;-;6122,077;-;6098,396;-;23,681;236,81;-;-;-;-;-
WDOG27;BRBMEFWDO5M6;FINANCIAL;5231,5;5231,5;5268,5;5251,214;5262;0,39;5270,441;-;5241,108;-;29,333;293,33;5233;-;14;14;735170
WDOH27;BRBMEFWDO5L8;FINANCIAL;5256;5244,5;5256;5249,555;5244,5;-0,41;5295,815;-;5266,602;-;29,213;292,13;5256;-;9;9;472460
WDOK27;BRBMEFWDO5O2;FINANCIAL;-;-;-;-;-;-;5358,703;-;5330,52;-;28,183;281,83;-;-;-;-;-
WDOM27;BRBMEFWDO5N4;FINANCIAL;-;-;-;-;-;-;5388,147;-;5359,792;-;28,355;283,55;-;-;-;-;-
WDOV29;BRBMEFWDO5P9;FINANCIAL;-;-;-;-;-;-;6357,495;-;6337,044;-;20,451;204,51;-;-;-;-;-
WDOU27;BRBMEFWDO5Q7;FINANCIAL;-;-;-;-;-;-;5488,297;-;5460,923;-;27,374;273,74;-;-;-;-;-
FRCF27;BRBMEFFRC4U1;FINANCIAL;5,48;5,48;5,51;5,49;5,51;1,1;-;5,51;-;-;-;-;-;5,51;60;9.619;1157981874,96
FRCF28;BRBMEFFRC4X5;FINANCIAL;5,99;5,99;5,99;5,99;5,99;1,35;-;5,99;-;-;-;-;5,99;6,01;32;2.020;236402611,3
FRCF29;BRBMEFFRC4V9;FINANCIAL;6,19;6,19;6,29;6,27;6,29;1,61;-;6,29;-;-;-;-;-;6,29;20;4.121;466582947,24
FRCF30;BRBMEFFRC4W7;FINANCIAL;6,53;6,53;6,53;6,53;6,53;1,87;-;6,53;-;-;-;-;-;-;43;4.879;534639278,76
FRCF31;BRBMEFFRC667;FINANCIAL;6,65;6,65;6,76;6,69;6,76;1,65;-;6,76;-;-;-;-;-;-;14;2.773;293827693,82
FRCF35;BRBMEFFRC6H3;FINANCIAL;7,74;7,74;7,74;7,74;7,74;-0,12;-;7,8;-;-;-;-;-;-;1;225;8486591,6
FRCF33;BRBMEFFRC6I1;FINANCIAL;7,15;7,15;7,24;7,15;7,24;1,11;-;7,25;-;-;-;-;-;-;2;270;10986468,9
FRCF36;BRBMEFFRC6T8;FINANCIAL;8,05;8,05;8,1;8,08;8,1;0,49;-;8,1;-;-;-;-;-;-;6;847;30660434,88
FRCF37;BRBMEFFRC741;FINANCIAL;8,35;8,35;8,35;8,35;8,35;-0,11;-;8,4;-;-;-;-;-;-;1;77;2684605,28
FRCF32;BRBMEFFRC766;FINANCIAL;6,89;6,89;6,89;6,89;6,89;-0,14;-;7;-;-;-;-;-;-;1;190;8011980,1
FRCF34;BRBMEFFRC774;FINANCIAL;7,43;7,43;7,43;7,43;7,43;-0,13;-;7,5;-;-;-;-;-;-;1;280;10980968,9
FRCJ27;BRBMEFFRC790;FINANCIAL;5,47;5,47;5,55;5,54;5,55;1,46;-;5,55;-;-;-;-;-;5,55;39;5.747;282982891,28
FRCN27;BRBMEFFRC7C2;FINANCIAL;-;-;-;-;-;-;-;5,71;-;-;-;-;-;-;-;-;-
FRCV27;BRBMEFFRC7F5;FINANCIAL;5,88;5,88;5,88;5,88;5,88;1,37;-;5,88;-;-;-;-;-;-;14;2.601;126095713,04
FRCF38;BRBMEFFRC7J7;FINANCIAL;8,65;8,65;8,65;8,65;8,65;0;-;8,69;-;-;-;-;-;-;1;135;4508169,3
FRCJ28;BRBMEFFRC7M1;FINANCIAL;6,06;6,06;6,06;6,06;6,06;1,33;-;6,06;-;-;-;-;-;-;8;6.225;297045919
FRCN28;BRBMEFFRC7P4;FINANCIAL;6,09;6,09;6,09;6,09;6,09;1,16;-;6,09;-;-;-;-;6,09;6,12;14;2.280;107973859,2
FRCV28;BRBMEFFRC7S8;FINANCIAL;6,18;6,18;6,18;6,18;6,18;1,14;-;6,18;-;-;-;-;6,18;-;10;1.323;62153083,72
FRCF39;BRBMEFFRC7V2;FINANCIAL;8,97;8,97;8,97;8,97;8,97;0;-;9,01;-;-;-;-;-;-;1;177;5679952,68
FRCJ29;BRBMEFFRC7Y6;FINANCIAL;6,22;6,22;6,22;6,22;6,22;0;-;6,32;-;-;-;-;-;-;1;410;18972986,2
FRCN29;BRBMEFFRC7Z3;FINANCIAL;-;-;-;-;-;-;-;6,38;-;-;-;-;-;-;-;-;-
FRCV29;BRBMEFFRC840;FINANCIAL;-;-;-;-;-;-;-;6,42;-;-;-;-;-;-;-;-;-
FRCF40;BRBMEFFRC881;FINANCIAL;9,28;9,28;9,28;9,28;9,28;0;-;9,32;-;-;-;-;-;-;1;217;6679320,88
FRCN30;BRBMEFFRC873;FINANCIAL;-;-;-;-;-;-;-;6,59;-;-;-;-;-;-;-;-;-
FRCJ30;BRBMEFFRC8B2;FINANCIAL;-;-;-;-;-;-;-;6,55;-;-;-;-;-;-;-;-;-
FRCV30;BRBMEFFRC8F3;FINANCIAL;-;-;-;-;-;-;-;6,66;-;-;-;-;-;-;-;-;-
FRCQ27;BRBMEFFRC8G1;FINANCIAL;-;-;-;-;-;-;-;5,76;-;-;-;-;-;-;-;-;-
FRCZ26;BRBMEFFRC8I7;FINANCIAL;5,25;5,25;5,29;5,27;5,29;0,76;-;5,29;-;-;-;-;-;-;8;16.545;822442715,1
FRCX26;BRBMEFFRC8J5;FINANCIAL;5,25;5,24;5,26;5,24;5,24;0,76;-;5,24;-;-;-;-;-;5,29;95;95.872;4775564367,58
FRCJ31;BRBMEFFRC8L1;FINANCIAL;6,71;6,71;6,71;6,71;6,71;0;-;6,82;-;-;-;-;-;-;1;71;3076995,24
FRCN31;BRBMEFFRC8K3;FINANCIAL;6,75;6,75;6,86;6,79;6,86;1,62;-;6,86;-;-;-;-;-;-;2;123;5279677,42
FRCV31;BRBMEFFRC8M9;FINANCIAL;6,78;6,78;6,78;6,78;6,78;0;-;6,88;-;-;-;-;-;-;1;70;2984279,2
FRCF41;BRBMEFFRC8N7;FINANCIAL;-;-;-;-;-;-;-;9,64;-;-;-;-;-;-;-;-;-
FRCG27;BRBMEFFRC8O5;FINANCIAL;5,5;5,5;5,5;5,5;5,5;1,1;-;5,5;-;-;-;-;-;5,5;7;2.575;127370028
FRCX27;BRBMEFFRC8P2;FINANCIAL;-;-;-;-;-;-;-;5,92;-;-;-;-;-;-;-;-;-
FRCX28;BRBMEFFRC8R8;FINANCIAL;-;-;-;-;-;-;-;6,22;-;-;-;-;-;-;-;-;-
FRCX29;BRBMEFFRC8T4;FINANCIAL;-;-;-;-;-;-;-;6,49;-;-;-;-;-;-;-;-;-
FRCZ27;BRBMEFFRC8Q0;FINANCIAL;5,93;5,93;5,93;5,93;5,93;1,54;-;5,93;-;-;-;-;-;-;4;890;42929206,6
FRCZ28;BRBMEFFRC8S6;FINANCIAL;-;-;-;-;-;-;-;6,28;-;-;-;-;-;-;-;-;-
FRCZ29;BRBMEFFRC8U2;FINANCIAL;-;-;-;-;-;-;-;6,53;-;-;-;-;-;-;-;-;-
FRCH27;BRBMEFFRC8V0;FINANCIAL;5,46;5,46;5,52;5,48;5,52;1,28;-;5,52;-;-;-;-;-;5,52;6;3.757;185450729,28
FRCK27;BRBMEFFRC8W8;FINANCIAL;5,6;5,6;5,6;5,6;5,6;1,44;-;5,6;-;-;-;-;-;-;5;1.576;77401064,64
FRCM27;BRBMEFFRC8X6;FINANCIAL;-;-;-;-;-;-;-;5,65;-;-;-;-;-;-;-;-;-
FRCU27;BRBMEFFRC8Y4;FINANCIAL;-;-;-;-;-;-;-;5,8;-;-;-;-;-;-;-;-;-
FROF27;BRBMEFFRO1P3;FINANCIAL;-;-;-;-;-;-;-;5,51;-;-;-;-;-;-;-;-;-
FROF28;BRBMEFFRO1Q1;FINANCIAL;-;-;-;-;-;-;-;5,99;-;-;-;-;-;-;-;-;-
FROF29;BRBMEFFRO1O6;FINANCIAL;-;-;-;-;-;-;-;6,29;-;-;-;-;-;-;-;-;-
FROF30;BRBMEFFRO1R9;FINANCIAL;-;-;-;-;-;-;-;6,53;-;-;-;-;-;-;-;-;-
FROF31;BRBMEFFRO2Z0;FINANCIAL;-;-;-;-;-;-;-;6,76;-;-;-;-;-;-;-;-;-
FROF35;BRBMEFFRO3A1;FINANCIAL;-;-;-;-;-;-;-;7,8;-;-;-;-;-;-;-;-;-
FROF33;BRBMEFFRO3B9;FINANCIAL;-;-;-;-;-;-;-;7,25;-;-;-;-;-;-;-;-;-
FROF36;BRBMEFFRO3M6;FINANCIAL;-;-;-;-;-;-;-;8,1;-;-;-;-;-;-;-;-;-
FROF37;BRBMEFFRO3X3;FINANCIAL;-;-;-;-;-;-;-;8,4;-;-;-;-;-;-;-;-;-
FROF32;BRBMEFFRO3Z8;FINANCIAL;-;-;-;-;-;-;-;7;-;-;-;-;-;-;-;-;-
FROF34;BRBMEFFRO407;FINANCIAL;-;-;-;-;-;-;-;7,5;-;-;-;-;-;-;-;-;-
FROJ27;BRBMEFFRO423;FINANCIAL;-;-;-;-;-;-;-;5,55;-;-;-;-;-;-;-;-;-
FRON27;BRBMEFFRO456;FINANCIAL;-;-;-;-;-;-;-;5,71;-;-;-;-;-;-;-;-;-
FROV27;BRBMEFFRO480;FINANCIAL;-;-;-;-;-;-;-;5,88;-;-;-;-;-;-;-;-;-
FROF38;BRBMEFFRO4C5;FINANCIAL;-;-;-;-;-;-;-;8,69;-;-;-;-;-;-;-;-;-
FROJ28;BRBMEFFRO4F8;FINANCIAL;-;-;-;-;-;-;-;6,06;-;-;-;-;-;-;-;-;-
FRON28;BRBMEFFRO4I2;FINANCIAL;-;-;-;-;-;-;-;6,09;-;-;-;-;-;-;-;-;-
FROV28;BRBMEFFRO4L6;FINANCIAL;-;-;-;-;-;-;-;6,18;-;-;-;-;-;-;-;-;-
FROF39;BRBMEFFRO4O0;FINANCIAL;-;-;-;-;-;-;-;9,01;-;-;-;-;-;-;-;-;-
FROJ29;BRBMEFFRO4R3;FINANCIAL;-;-;-;-;-;-;-;6,32;-;-;-;-;-;-;-;-;-
FRON29;BRBMEFFRO4S1;FINANCIAL;-;-;-;-;-;-;-;6,38;-;-;-;-;-;-;-;-;-
FROV29;BRBMEFFRO4X1;FINANCIAL;-;-;-;-;-;-;-;6,42;-;-;-;-;-;-;-;-;-
FROF40;BRBMEFFRO514;FINANCIAL;-;-;-;-;-;-;-;9,32;-;-;-;-;-;-;-;-;-
FRON30;BRBMEFFRO506;FINANCIAL;-;-;-;-;-;-;-;6,59;-;-;-;-;-;-;-;-;-
FROJ30;BRBMEFFRO548;FINANCIAL;-;-;-;-;-;-;-;6,55;-;-;-;-;-;-;-;-;-
FROV30;BRBMEFFRO589;FINANCIAL;-;-;-;-;-;-;-;6,66;-;-;-;-;-;-;-;-;-
FROQ27;BRBMEFFRO597;FINANCIAL;-;-;-;-;-;-;-;5,76;-;-;-;-;-;-;-;-;-
FROZ26;BRBMEFFRO5B4;FINANCIAL;-;-;-;-;-;-;-;5,29;-;-;-;-;-;-;-;-;-
FROX26;BRBMEFFRO5C2;FINANCIAL;-;-;-;-;-;-;-;5,24;-;-;-;-;-;-;-;-;-
FROJ31;BRBMEFFRO5E8;FINANCIAL;-;-;-;-;-;-;-;6,82;-;-;-;-;-;-;-;-;-
FRON31;BRBMEFFRO5D0;FINANCIAL;-;-;-;-;-;-;-;6,86;-;-;-;-;-;-;-;-;-
FROV31;BRBMEFFRO5F5;FINANCIAL;-;-;-;-;-;-;-;6,88;-;-;-;-;-;-;-;-;-
FROF41;BRBMEFFRO5G3;FINANCIAL;-;-;-;-;-;-;-;9,64;-;-;-;-;-;-;-;-;-
FROG27;BRBMEFFRO5H1;FINANCIAL;-;-;-;-;-;-;-;5,5;-;-;-;-;-;-;-;-;-
FROX27;BRBMEFFRO5I9;FINANCIAL;-;-;-;-;-;-;-;5,92;-;-;-;-;-;-;-;-;-
FROX28;BRBMEFFRO5K5;FINANCIAL;-;-;-;-;-;-;-;6,22;-;-;-;-;-;-;-;-;-
FROX29;BRBMEFFRO5M1;FINANCIAL;-;-;-;-;-;-;-;6,49;-;-;-;-;-;-;-;-;-
FROZ27;BRBMEFFRO5J7;FINANCIAL;-;-;-;-;-;-;-;5,93;-;-;-;-;-;-;-;-;-
FROZ28;BRBMEFFRO5L3;FINANCIAL;-;-;-;-;-;-;-;6,28;-;-;-;-;-;-;-;-;-
FROZ29;BRBMEFFRO5N9;FINANCIAL;-;-;-;-;-;-;-;6,53;-;-;-;-;-;-;-;-;-
FROH27;BRBMEFFRO5O7;FINANCIAL;-;-;-;-;-;-;-;5,52;-;-;-;-;-;-;-;-;-
FROK27;BRBMEFFRO5P4;FINANCIAL;-;-;-;-;-;-;-;5,6;-;-;-;-;-;-;-;-;-
FROM27;BRBMEFFRO5Q2;FINANCIAL;-;-;-;-;-;-;-;5,65;-;-;-;-;-;-;-;-;-
FROU27;BRBMEFFRO5R0;FINANCIAL;-;-;-;-;-;-;-;5,8;-;-;-;-;-;-;-;-;-
SCSZ601;BRBMEFSCS4D1;FINANCIAL;-;-;-;-;-;-;-;3,915;-;-;-;-;-;-;-;-;-
SCSV601;BRBMEFSCS4B5;FINANCIAL;-;-;-;-;-;-;-;-0,275;-;-;-;-;-;-;-;-;-
SCSX603;BRBMEFSCS4C3;FINANCIAL;-;-;-;-;-;-;-;3,158;-;-;-;-;-;-;-;-;-
SCSF704;BRBMEFSCS4E9;FINANCIAL;-;-;-;-;-;-;-;4,503;-;-;-;-;-;-;-;-;-
VIXU26;BRBMEFIX00C8;FINANCIAL;-;-;-;-;-;-;29,79;-;29,86;-;-0,07;-7;-;-;-;-;-
VIXV26;BRBMEFIX00E4;FINANCIAL;-;-;-;-;-;-;29,79;-;29,86;-;-0,07;-7;-;-;-;-;-
AUDU26;BRBMEFAUD5G6;FINANCIAL;3656;3656;3656;3656;3656;-0,16;3655,087;-;3661,863;-;-6,776;-406,56;-;-;1;3;658080
AUDV26;BRBMEFAUD5H4;FINANCIAL;3668;3668;3668;3668;3668;-0,24;3705,746;-;3677,098;-;28,648;1718,88;-;-;1;3;660240
AUDX26;BRBMEFAUD5I2;FINANCIAL;-;-;-;-;-;-;3723,896;-;3694,907;-;28,989;1739,34;-;-;-;-;-
AUDZ26;BRBMEFAUD5J0;FINANCIAL;-;-;-;-;-;-;3741,201;-;3712,21;-;28,991;1739,46;-;-;-;-;-
AUDF27;BRBMEFAUD5K8;FINANCIAL;-;-;-;-;-;-;3761,689;-;3732,557;-;29,132;1747,92;-;-;-;-;-
AUDG27;BRBMEFAUD5L6;FINANCIAL;-;-;-;-;-;-;3779,259;-;3749,956;-;29,303;1758,18;-;-;-;-;-
CADU26;BRBMEFCAD5G8;FINANCIAL;3656;3656;3673;3665,714;3673;-0,74;3679,832;-;3700,526;-;-20,694;-1241,64;-;-;2;7;1539600
CADV26;BRBMEFCAD5H6;FINANCIAL;3695;3695;3695;3695;3695;-0,8;3737,21;-;3724,946;-;12,264;735,84;-;-;1;4;886800
CADX26;BRBMEFCAD5I4;FINANCIAL;-;-;-;-;-;-;3762,9;-;3750,339;-;12,561;753,66;-;-;-;-;-
CADZ26;BRBMEFCAD5J2;FINANCIAL;-;-;-;-;-;-;3786,539;-;3774,134;-;12,405;744,3;-;-;-;-;-
CADF27;BRBMEFCAD5K0;FINANCIAL;-;-;-;-;-;-;3816,254;-;3803,824;-;12,43;745,8;-;-;-;-;-
NZDU26;BRBMEFNZD514;FINANCIAL;2966;2966;2966;2966;2966;0,04;2962,048;-;2964,729;-;-2,681;-201,075;-;-;1;1;222450
NZDV26;BRBMEFNZD522;FINANCIAL;2978;2978;2978;2978;2978;-0,12;3007,753;-;2981,736;-;26,017;1951,275;-;-;1;1;223350
NZDX26;BRBMEFNZD530;FINANCIAL;-;-;-;-;-;-;3026,563;-;3000,476;-;26,087;1956,525;-;-;-;-;-
NZDZ26;BRBMEFNZD548;FINANCIAL;-;-;-;-;-;-;3044,076;-;3018,532;-;25,544;1915,8;-;-;-;-;-
NZDF27;BRBMEFNZD555;FINANCIAL;-;-;-;-;-;-;3064,8;-;3039,31;-;25,49;1911,75;-;-;-;-;-
NZDG27;BRBMEFNZD563;FINANCIAL;-;-;-;-;-;-;3082,403;-;3057,438;-;24,965;1872,375;-;-;-;-;-
EURU26;BRBMEFEUR7M0;FINANCIAL;5909;5909;5912;5909,482;5912;-0,48;5909,699;-;5940,688;-;-30,989;-1549,45;-;-;2;280;82732750
EURV26;BRBMEFEUR7N8;FINANCIAL;5962;5944;5962;5959;5944;-0,55;6003,378;-;5976,944;-;26,434;1321,7;-;-;2;270;80446500
EURX26;BRBMEFEUR7O6;FINANCIAL;-;-;-;-;-;-;6042,96;-;6016,625;-;26,335;1316,75;-;-;-;-;-
EURZ26;BRBMEFEUR7P3;FINANCIAL;-;-;-;-;-;-;6080,068;-;6053,396;-;26,672;1333,6;-;-;-;-;-
EURF27;BRBMEFEUR7Q1;FINANCIAL;-;-;-;-;-;-;6124,03;-;6097,14;-;26,89;1344,5;-;-;-;-;-
EURG27;BRBMEFEUR7R9;FINANCIAL;-;-;-;-;-;-;6161,416;-;6134,259;-;27,157;1357,85;-;-;-;-;-
CHFU26;BRBMEFCHF4Z2;FINANCIAL;6251;6251;6251;6251;6251;-0,72;6242,571;-;6296,631;-;-54,06;-2703;-;-;1;1;312550
CHFV26;BRBMEFCHF528;FINANCIAL;6306;6306;6306;6306;6306;-0,72;6358,84;-;6352;-;6,84;342;-;-;1;1;315300
CHFX26;BRBMEFCHF536;FINANCIAL;-;-;-;-;-;-;6415,208;-;6409,386;-;5,822;291,1;-;-;-;-;-
CHFZ26;BRBMEFCHF544;FINANCIAL;-;-;-;-;-;-;6467,856;-;6462,445;-;5,411;270,55;-;-;-;-;-
CHFF27;BRBMEFCHF551;FINANCIAL;-;-;-;-;-;-;6532,999;-;6527,323;-;5,676;283,8;-;-;-;-;-
CHFG27;BRBMEFCHF569;FINANCIAL;-;-;-;-;-;-;6588,132;-;6581,99;-;6,142;307,1;-;-;-;-;-
JPYU26;BRBMEFJPY5G9;FINANCIAL;3318;3318;3320;3319,989;3320;0,1;3315,965;-;3316,433;-;-0,468;-23,4;-;-;3;375;62249800
JPYV26;BRBMEFJPY5H7;FINANCIAL;3338;3338;3352;3351,925;3352;0,32;3373,211;-;3341,043;-;32,168;1608,4;-;-;3;375;62848600
JPYX26;BRBMEFJPY5I5;FINANCIAL;-;-;-;-;-;-;3399,654;-;3367,506;-;32,148;1607,4;-;-;-;-;-
JPYZ26;BRBMEFJPY5J3;FINANCIAL;-;-;-;-;-;-;3424,375;-;3391,921;-;32,454;1622,7;-;-;-;-;-
JPYF27;BRBMEFJPY5K1;FINANCIAL;-;-;-;-;-;-;3454,213;-;3421,77;-;32,443;1622,15;-;-;-;-;-
JPYG27;BRBMEFJPY5L9;FINANCIAL;-;-;-;-;-;-;3479,487;-;3447,002;-;32,485;1624,25;-;-;-;-;-
CNYU26;BRBMEFCNY519;FINANCIAL;-;-;-;-;-;-;7630,323;-;7609,034;-;21,289;745,115;-;-;-;-;-
CNYV26;BRBMEFCNY527;FINANCIAL;-;-;-;-;-;-;7728,484;-;7686,496;-;41,988;1469,58;-;-;-;-;-
CNYX26;BRBMEFCNY535;FINANCIAL;-;-;-;-;-;-;7787,296;-;7745,713;-;41,583;1455,405;-;-;-;-;-
CNYZ26;BRBMEFCNY543;FINANCIAL;-;-;-;-;-;-;7842,938;-;7800,145;-;42,793;1497,755;-;-;-;-;-
CNYF27;BRBMEFCNY550;FINANCIAL;-;-;-;-;-;-;7909,982;-;7867,06;-;42,922;1502,27;-;-;-;-;-
CNYG27;BRBMEFCNY568;FINANCIAL;-;-;-;-;-;-;7966,973;-;7923,493;-;43,48;1521,8;-;-;-;-;-
GBPU26;BRBMEFGBP5F1;FINANCIAL;6889;6889;6890;6889,933;6890;-0,3;6892,049;-;6911,221;-;-19,172;-671,02;-;-;2;105;25320505
GBPV26;BRBMEFGBP5G9;FINANCIAL;6919;6919;6937;6935,8;6937;-0,1;6992,246;-;6944,572;-;47,674;1668,59;-;-;2;105;25489065
GBPX26;BRBMEFGBP5H7;FINANCIAL;-;-;-;-;-;-;7030,493;-;6982,312;-;48,181;1686,335;-;-;-;-;-
GBPZ26;BRBMEFGBP5I5;FINANCIAL;-;-;-;-;-;-;7066,469;-;7017,919;-;48,55;1699,25;-;-;-;-;-
GBPF27;BRBMEFGBP5J3;FINANCIAL;-;-;-;-;-;-;7108,113;-;7059,157;-;48,956;1713,46;-;-;-;-;-
GBPG27;BRBMEFGBP5K1;FINANCIAL;-;-;-;-;-;-;7143,737;-;7094,342;-;49,395;1728,825;-;-;-;-;-
TRYU26;BRBMEFTRY514;FINANCIAL;-;-;-;-;-;-;104,756;-;105,255;-;-0,499;-37,425;-;-;-;-;-
TRYV26;BRBMEFTRY522;FINANCIAL;-;-;-;-;-;-;103,382;-;102,839;-;0,543;40,725;-;-;-;-;-
TRYX26;BRBMEFTRY530;FINANCIAL;-;-;-;-;-;-;101,352;-;100,902;-;0,45;33,75;-;-;-;-;-
TRYZ26;BRBMEFTRY548;FINANCIAL;-;-;-;-;-;-;99,596;-;99,139;-;0,457;34,275;-;-;-;-;-
TRYF27;BRBMEFTRY555;FINANCIAL;-;-;-;-;-;-;97,899;-;97,417;-;0,482;36,15;-;-;-;-;-
TRYG27;BRBMEFTRY563;FINANCIAL;-;-;-;-;-;-;96,55;-;96,048;-;0,502;37,65;-;-;-;-;-
CLPN27;BRBMEFCLP560;FINANCIAL;-;-;-;-;-;-;5769,924;-;5751,66;-;18,264;456,6;-;-;-;-;-
CLPV26;BRBMEFCLP5A4;FINANCIAL;-;-;-;-;-;-;5471,311;-;5446,51;-;24,801;620,025;-;-;-;-;-
CLPX26;BRBMEFCLP5B2;FINANCIAL;-;-;-;-;-;-;5499,735;-;5481,142;-;18,593;464,825;-;-;-;-;-
CLPZ26;BRBMEFCLP5C0;FINANCIAL;-;-;-;-;-;-;5528,63;-;5512,435;-;16,195;404,875;-;-;-;-;-
CLPF27;BRBMEFCLP5D8;FINANCIAL;-;-;-;-;-;-;5561,867;-;5545,949;-;15,918;397,95;-;-;-;-;-
MXNU26;BRBMEFMXN5F9;FINANCIAL;3001;3001;3001;3001;3001;-0,37;3002,69;-;3012,396;-;-9,706;-727,95;-;-;1;2;450150
MXNV26;BRBMEFMXN5G7;FINANCIAL;3001;3001;3001;3001;3001;-0,57;3036,689;-;3018,392;-;18,297;1372,275;-;-;1;2;450150
MXNX26;BRBMEFMXN5H5;FINANCIAL;-;-;-;-;-;-;3045,75;-;3027,047;-;18,703;1402,725;-;-;-;-;-
MXNZ26;BRBMEFMXN5I3;FINANCIAL;-;-;-;-;-;-;3055,125;-;3036,47;-;18,655;1399,125;-;-;-;-;-
MXNF27;BRBMEFMXN5J1;FINANCIAL;-;-;-;-;-;-;3066,016;-;3047,408;-;18,608;1395,6;-;-;-;-;-
MXNG27;BRBMEFMXN5K9;FINANCIAL;-;-;-;-;-;-;3075,545;-;3056,931;-;18,614;1396,05;-;-;-;-;-
ZARU26;BRBMEFZAR511;FINANCIAL;-;-;-;-;-;-;3157,271;-;3156,162;-;1,109;38,815;-;-;-;-;-
ZARV26;BRBMEFZAR529;FINANCIAL;-;-;-;-;-;-;3194,884;-;3163,84;-;31,044;1086,54;-;-;-;-;-
ZARX26;BRBMEFZAR537;FINANCIAL;-;-;-;-;-;-;3205,507;-;3174,106;-;31,401;1099,035;-;-;-;-;-
ZARZ26;BRBMEFZAR545;FINANCIAL;-;-;-;-;-;-;3215,991;-;3184,766;-;31,225;1092,875;-;-;-;-;-
ZARF27;BRBMEFZAR552;FINANCIAL;-;-;-;-;-;-;3227,797;-;3196,29;-;31,507;1102,745;-;-;-;-;-
ZARG27;BRBMEFZAR560;FINANCIAL;-;-;-;-;-;-;3238,105;-;3206,317;-;31,788;1112,58;-;-;-;-;-
WEUU26;BRBMEFWEU514;FINANCIAL;5990;5990;5990;5990;5990;0,83;5909,699;-;5940,688;-;-30,989;-309,89;-;-;5;995;59600500
WEUV26;BRBMEFWEU522;FINANCIAL;6038,5;6038,5;6038,5;6038,5;6038,5;1,02;6003,378;-;5976,944;-;26,434;264,34;-;-;6;995;60083075
WEUX26;BRBMEFWEU530;FINANCIAL;-;-;-;-;-;-;6042,96;-;6016,625;-;26,335;263,35;-;-;-;-;-
ARBN27;BRBMEFARB2Q9;FINANCIAL;-;-;-;-;-;-;3,023;-;3,002;-;0,021;3,15;-;-;-;-;-
ARBV26;BRBMEFARB2U1;FINANCIAL;-;-;-;-;-;-;3,382;-;3,354;-;0,028;4,2;-;-;-;-;-
ARBX26;BRBMEFARB2V9;FINANCIAL;-;-;-;-;-;-;3,339;-;3,309;-;0,03;4,5;-;-;-;-;-
ARBZ26;BRBMEFARB2W7;FINANCIAL;-;-;-;-;-;-;3,303;-;3,274;-;0,029;4,35;-;-;-;-;-
ARBF27;BRBMEFARB2X5;FINANCIAL;-;-;-;-;-;-;3,258;-;3,23;-;0,028;4,2;-;-;-;-;-
SOYH27;BRBMEFSOY0O4;AGRIBUSINESS;-;-;-;-;-;-;482;-;492,6;-;-10,6;-1835,08472;-;-;-;-;-
SOYX26;BRBMEFSOY0N6;AGRIBUSINESS;-;-;-;-;-;-;531,4;-;543,2;-;-11,8;-2042,83016;-;-;-;-;-
SOYK27;BRBMEFSOY0Q9;AGRIBUSINESS;-;-;-;-;-;-;486,8;-;496,4;-;-9,6;-1661,96352;-;-;-;-;-
INDZ26;BRBMEFIBV3Y7;FINANCIAL;-;-;-;-;-;-;192818;-;194272;-;-1454;-1454;-;-;-;-;-
INDV26;BRBMEFIBV3Z4;FINANCIAL;191005;188075;191320;189214;188600;-0,95;188987;-;190412;-;-1425;-1425;188675;188975;7.238;44.295;8381265000
INDG27;BRBMEFIBV400;FINANCIAL;-;-;-;-;-;-;196522;-;197999;-;-1477;-1477;-;-;-;-;-
INDJ27;BRBMEFIBV418;FINANCIAL;-;-;-;-;-;-;200131;-;201643;-;-1512;-1512;-;-;-;-;-
INDM27;BRBMEFIBV426;FINANCIAL;-;-;-;-;-;-;204212;-;205753;-;-1541;-1541;-;-;-;-;-
INDQ27;BRBMEFIBV434;FINANCIAL;-;-;-;-;-;-;208582;-;210168;-;-1586;-1586;-;-;-;-;-
INDV27;BRBMEFIBV442;FINANCIAL;-;-;-;-;-;-;212362;-;213986;-;-1624;-1624;-;-;-;-;-
INDZ27;BRBMEFIBV459;FINANCIAL;-;-;-;-;-;-;216712;-;218366;-;-1654;-1654;-;-;-;-;-
INDG28;BRBMEFIBV467;FINANCIAL;-;-;-;-;-;-;221432;-;223122;-;-1690;-1690;-;-;-;-;-
INDJ28;BRBMEFIBV475;FINANCIAL;-;-;-;-;-;-;225512;-;227239;-;-1727;-1727;-;-;-;-;-
INDM28;BRBMEFIBV483;FINANCIAL;-;-;-;-;-;-;230153;-;231909;-;-1756;-1756;-;-;-;-;-
INDQ28;BRBMEFIBV491;FINANCIAL;-;-;-;-;-;-;235175;-;236952;-;-1777;-1777;-;-;-;-;-
WINV26;BRBMEFWIN3Q8;FINANCIAL;191060;188075;191345;189230;188720;-0,88;188987;-;190412;-;-1425;-285;188695;188720;5.687.907;16.944.440;641281378090
WINZ26;BRBMEFWIN3R6;FINANCIAL;194395;191975;195200;193295;192305;-1,01;192818;-;194272;-;-1454;-290,8;192300;192350;6.616;11.086;428574790
WINM27;BRBMEFWIN3S4;FINANCIAL;-;-;-;-;-;-;204212;-;205753;-;-1541;-308,2;-;-;-;-;-
WINQ27;BRBMEFWIN3T2;FINANCIAL;-;-;-;-;-;-;208582;-;210168;-;-1586;-317,2;-;-;-;-;-
WINV27;BRBMEFWIN3U0;FINANCIAL;-;-;-;-;-;-;212362;-;213986;-;-1624;-324,8;-;-;-;-;-
WING28;BRBMEFWIN3V8;FINANCIAL;-;-;-;-;-;-;221432;-;223122;-;-1690;-338;-;-;-;-;-
WINJ28;BRBMEFWIN3W6;FINANCIAL;-;-;-;-;-;-;225512;-;227239;-;-1727;-345,4;-;-;-;-;-
WINM28;BRBMEFWIN3X4;FINANCIAL;-;-;-;-;-;-;230153;-;231909;-;-1756;-351,2;-;-;-;-;-
WING27;BRBMEFWIN3Z9;FINANCIAL;197835;195850;197835;196428;196275;-0,87;196522;-;197999;-;-1477;-295,4;195655;196600;14;14;550001
WINQ28;BRBMEFWIN3Y2;FINANCIAL;-;-;-;-;-;-;235175;-;236952;-;-1777;-355,4;-;-;-;-;-
ESXU26;BRBMEFESX0I9;FINANCIAL;-;-;-;-;-;-;6327;-;6280;-;47;2795,3979675047;-;-;-;-;-
ESXZ26;BRBMEFESX0J7;FINANCIAL;-;-;-;-;-;-;6348;-;6301;-;47;2795,3979675047;-;-;-;-;-
ESXH27;BRBMEFESX0K5;FINANCIAL;-;-;-;-;-;-;6389;-;6342;-;47;2795,3979675047;-;-;-;-;-
DAXU26;BRBMEFDAX0K6;FINANCIAL;-;-;-;-;-;-;25573;-;25416;-;157;4668,90937125785;-;-;-;-;-
DAXZ26;BRBMEFDAX0L4;FINANCIAL;-;-;-;-;-;-;25755;-;25594;-;161;4787,86247625805;-;-;-;-;-
DAXH27;BRBMEFDAX0M2;FINANCIAL;-;-;-;-;-;-;25985;-;25834;-;151;4490,47971375755;-;-;-;-;-
BITU26;BRBMEFBIT0Y7;FINANCIAL;395000;391480;409320;399833,26;394900;-0,18;398685,66;-;395624,63;-;3061,03;30,6103;394900;395000;75.330;340.814;1362687726,8
BITV26;BRBMEFBIT0Z4;FINANCIAL;-;-;-;-;-;-;398685,66;-;395624,63;-;3061,03;30,6103;-;-;-;-;-
ETRU26;BRBMEFET00F8;FINANCIAL;2464,8;2392;2673,9;2563,93;2524;2,2;2548;-;2469,49;-;78,51;100,67926125;2524;2532;7.412;19.873;65340666,25
ETRV26;BRBMEFET00G6;FINANCIAL;-;-;-;-;-;-;2548;-;2469,49;-;78,51;100,67926125;-;-;-;-;-
SOLU26;BRBMEFSO00H5;FINANCIAL;99,64;98,06;105,87;102,176;101,6;1,91;102,015;-;99,688;-;2,327;59,6817325;101,6;102,7;7.133;18.715;49044150,26
SOLV26;BRBMEFSO00I3;FINANCIAL;-;-;-;-;-;-;102,015;-;99,688;-;2,327;59,6817325;-;-;-;-;-
MBRV26;BRBMEFBP0077;FINANCIAL;-;-;-;-;-;-;1503,82;-;1512,59;-;-8,77;-87,7;-;-;-;-;-
MBRZ26;BRBMEFBP0085;FINANCIAL;-;-;-;-;-;-;1503,82;-;1512,59;-;-8,77;-87,7;-;-;-;-;-
BRIV26;BRBMEFBRI3V9;FINANCIAL;31870;31870;31870;31870;31870;-0,61;31887;-;32066;-;-179;-1790;-;-;1;4;1274800
BRIZ26;BRBMEFBRI3W7;FINANCIAL;-;-;-;-;-;-;32522;-;32704;-;-182;-1820;-;-;-;-;-
ABEVOU26;BRABEV390045;FINANCIAL;15,74;15,64;15,74;15,68;15,64;-0,94;15,66;-;15,79;-;-0,13;-0,13;-;-;4;3.600;56452
AXIAOU26;BRAXIA390008;FINANCIAL;55,49;54,79;55,51;55,22;54,81;-1,89;54,94;-;55,87;-;-0,93;-0,93;-;-;39;22.400;1237052
B3SAOU26;BRB3SA390070;FINANCIAL;17,64;17,3;17,67;17,49;17,3;-2,31;17,32;-;17,71;-;-0,39;-0,39;-;17,79;8;13.700;239643
BBASOU26;BRBBAS390043;FINANCIAL;22,79;22,38;22,81;22,59;22,45;-1,83;22,55;-;22,87;-;-0,32;-0,32;-;-;183;103.300;2334549
BHIAOU26;BRBHIA390023;FINANCIAL;-;-;-;-;-;-;0,76;-;0,72;-;0,04;0,04;-;-;-;-;-
COGNOU26;BRCOGN390061;FINANCIAL;2,36;2,33;2,36;2,34;2,33;-2,51;2,34;-;2,39;-;-0,05;-0,05;-;-;7;10.500;24655
CSANOU26;BRCSAN390014;FINANCIAL;3,7;3,7;3,7;3,7;3,7;-3,89;3,71;-;3,85;-;-0,14;-0,14;-;-;1;2.000;7400
CSNAOU26;BRCSNA390048;FINANCIAL;6,74;6,64;6,83;6,69;6,64;-7,77;6,67;-;7,2;-;-0,53;-0,53;-;-;10;5.300;35483
EMBJOU26;BREMBJ390005;FINANCIAL;96,73;96,16;97,27;96,71;96,75;0,66;97,19;-;96,11;-;1,08;1,08;-;-;120;28.400;2746586
ENEVOU26;BRENEV390013;FINANCIAL;-;-;-;-;-;-;27,43;-;27,77;-;-0,34;-0,34;-;-;-;-;-
EQTLOU26;BREQTL390015;FINANCIAL;39,79;39,32;39,89;39,61;39,6;-1,54;39,75;-;40,22;-;-0,47;-0,47;-;-;59;28.300;1121081
HAPVOU26;BRHAPV390012;FINANCIAL;-;-;-;-;-;-;6,73;-;7,32;-;-0,59;-0,59;-;-;-;-;-
HYPEOU26;BRHYPE390072;FINANCIAL;23,03;22,84;23,03;22,9;22,88;-0,13;22,82;-;22,91;-;-0,09;-0,09;-;-;18;2.500;57265
LRENOU26;BRLREN390044;FINANCIAL;11,65;11,39;11,68;11,5;11,41;-0,6;11,36;-;11,48;-;-0,12;-0,12;-;12;28;21.600;248487
MBRFOU26;BRMBRF390004;FINANCIAL;-;-;-;-;-;-;17,13;-;16,99;-;0,14;0,14;-;-;-;-;-
MGLUOU26;BRMGLU390048;FINANCIAL;5,74;5,72;5,74;5,73;5,72;-3,86;5,77;-;5,95;-;-0,18;-0,18;-;-;2;1.400;8034
MOTVOU26;BRMOTV390015;FINANCIAL;16,63;16,63;16,63;16,63;16,63;-0,53;16,58;-;16,72;-;-0,14;-0,14;-;-;1;600;9978
NATUOU26;BRNATU390011;FINANCIAL;8,39;8,21;8,39;8,28;8,26;-2,36;8,31;-;8,46;-;-0,15;-0,15;-;8,8;9;8.600;71234
PRIOOU26;BRPRIO390011;FINANCIAL;62,62;62,55;64,24;63,6;64,24;-0,23;64,35;-;64,39;-;-0,04;-0,04;-;-;128;83.700;5323997
PSSAOU26;BRPSSA390071;FINANCIAL;51,38;50,59;51,39;50,94;50,71;-1,45;50,8;-;51,46;-;-0,66;-0,66;-;-;76;9.300;473830
USIMAU26;BRUSIM590077;FINANCIAL;7,52;7,36;7,56;7,49;7,36;-4,04;7,4;-;7,67;-;-0,27;-0,27;-;8;17;7.500;56188
ABEVOV26;BRABEV300044;FINANCIAL;15,95;15,82;15,95;15,89;15,85;-0,56;15,81;-;15,94;-;-0,13;-0,13;-;-;46;64.900;1031403
AXIAOV26;BRAXIA300007;FINANCIAL;55,83;55,35;55,83;55,58;55,35;-1,87;55,47;-;56,41;-;-0,94;-0,94;-;-;8;3.600;200103
B3SAOV26;BRB3SA300079;FINANCIAL;17,46;17,46;17,52;17,5;17,46;-2,4;17,49;-;17,89;-;-0,4;-0,4;-;-;13;25.800;451517
BBASOV26;BRBBAS300042;FINANCIAL;22,88;22,65;22,91;22,78;22,71;-1,64;22,77;-;23,09;-;-0,32;-0,32;-;-;25;26.100;594776
BHIAOV26;BRBHIA300048;FINANCIAL;-;-;-;-;-;-;0,77;-;0,71;-;0,06;0,06;-;-;-;-;-
COGNOV26;BRCOGN300086;FINANCIAL;2,37;2,37;2,37;2,37;2,37;-1,65;2,36;-;2,41;-;-0,05;-0,05;-;-;1;500;1185
CSANOV26;BRCSAN300013;FINANCIAL;3,76;3,76;3,78;3,76;3,78;-2,32;3,73;-;3,87;-;-0,14;-0,14;-;-;3;3.000;11294
CSNAOV26;BRCSNA300047;FINANCIAL;6,74;6,69;6,82;6,74;6,69;-7,34;6,69;-;7,22;-;-0,53;-0,53;-;-;5;2.700;18213
EMBJOV26;BREMBJ300004;FINANCIAL;97,84;97,25;98,21;97,7;98;0,98;98,13;-;97,04;-;1,09;1,09;-;-;34;10.900;1065003
ENEVOV26;BRENEV300012;FINANCIAL;-;-;-;-;-;-;27,7;-;28,03;-;-0,33;-0,33;-;-;-;-;-
EQTLOV26;BREQTL300014;FINANCIAL;40,2;39,7;40,2;39,94;39,85;-1,87;40,13;-;40,61;-;-0,48;-0,48;-;-;27;12.700;507316
HAPVOV26;BRHAPV300011;FINANCIAL;-;-;-;-;-;-;6,74;-;7,32;-;-0,58;-0,58;-;-;-;-;-
HYPEOV26;BRHYPE300071;FINANCIAL;23,21;23,02;23,21;23,08;23,02;-0,47;23,04;-;23,13;-;-0,09;-0,09;-;-;6;800;18465
LRENOV26;BRLREN300043;FINANCIAL;11,78;11,45;11,78;11,63;11,45;-1,12;11,46;-;11,58;-;-0,12;-0,12;-;11,97;5;3.400;39553
MBRFOV26;BRMBRF300011;FINANCIAL;-;-;-;-;-;-;17,28;-;17,13;-;0,15;0,15;-;-;-;-;-
MGLUOV26;BRMGLU300047;FINANCIAL;5,78;5,78;5,78;5,78;5,78;-3,34;5,79;-;5,98;-;-0,19;-0,19;-;-;1;500;2890
MOTVOV26;BRMOTV300014;FINANCIAL;-;-;-;-;-;-;16,74;-;16,88;-;-0,14;-0,14;-;-;-;-;-
NATUOV26;BRNATU300010;FINANCIAL;8,17;8,17;8,17;8,17;8,17;-1,8;8,25;-;8,32;-;-0,07;-0,07;-;-;1;1.000;8170
PRIOOV26;BRPRIO300010;FINANCIAL;63,18;63,18;64,71;64,09;64,71;-0,46;64,98;-;65,01;-;-0,03;-0,03;-;-;45;30.900;1980629
PSSAOV26;BRPSSA300070;FINANCIAL;51,88;51,07;51,88;51,48;51,2;-1,44;51,29;-;51,95;-;-0,66;-0,66;-;-;64;7.200;370707
USIMAV26;BRUSIM500076;FINANCIAL;7,54;7,43;7,64;7,55;7,43;-4,12;7,47;-;7,75;-;-0,28;-0,28;-;-;5;1.500;11325
XFIV26;BRBMEFXFI0N0;FINANCIAL;-;-;-;-;-;-;3851,6;-;3849,9;-;1,7;17;-;-;-;-;-
XFIZ26;BRBMEFXFI0O8;FINANCIAL;-;-;-;-;-;-;3851,6;-;3849,9;-;1,7;17;-;-;-;-;-
SMLV26;BRBMEFSM00F3;FINANCIAL;-;-;-;-;-;-;2243,75;-;2274,86;-;-31,11;-311,1;-;-;-;-;-
SMLZ26;BRBMEFSM00G1;FINANCIAL;-;-;-;-;-;-;2243,75;-;2274,86;-;-31,11;-311,1;-;-;-;-;-
SMLG27;BRBMEFSM00H9;FINANCIAL;-;-;-;-;-;-;2243,75;-;2274,86;-;-31,11;-311,1;-;-;-;-;-
SMLJ27;BRBMEFSM00I7;FINANCIAL;-;-;-;-;-;-;2243,75;-;2274,86;-;-31,11;-311,1;-;-;-;-;-
SMLM27;BRBMEFSM00J5;FINANCIAL;-;-;-;-;-;-;2243,75;-;2274,86;-;-31,11;-311,1;-;-;-;-;-
SMLQ27;BRBMEFSM00K3;FINANCIAL;-;-;-;-;-;-;2243,75;-;2274,86;-;-31,11;-311,1;-;-;-;-;-
SMLV27;BRBMEFSM00L1;FINANCIAL;-;-;-;-;-;-;2243,75;-;2274,86;-;-31,11;-311,1;-;-;-;-;-
SMLZ27;BRBMEFSM00M9;FINANCIAL;-;-;-;-;-;-;2243,75;-;2274,86;-;-31,11;-311,1;-;-;-;-;-
SMLG28;BRBMEFSM00N7;FINANCIAL;-;-;-;-;-;-;2243,75;-;2274,86;-;-31,11;-311,1;-;-;-;-;-
SMLJ28;BRBMEFSM00O5;FINANCIAL;-;-;-;-;-;-;2243,75;-;2274,86;-;-31,11;-311,1;-;-;-;-;-
SMLM28;BRBMEFSM00P2;FINANCIAL;-;-;-;-;-;-;2243,75;-;2274,86;-;-31,11;-311,1;-;-;-;-;-
SMLQ28;BRBMEFSM00Q0;FINANCIAL;-;-;-;-;-;-;2243,75;-;2274,86;-;-31,11;-311,1;-;-;-;-;-
ISPZ26;BRBMEFISP1P8;FINANCIAL;7739,5;7728,5;7751;7742,32;7737,75;0,94;7732;-;7665,25;-;66,75;17119,70625;-;-;159;199;395156674,95
ISPU26;BRBMEFISP1Q6;FINANCIAL;7640,5;7631,5;7684,75;7665,14;7662,5;0,83;7660;-;7599,25;-;60,75;15580,85625;-;-;354;564;1108778036,8
ISPH27;BRBMEFISP1R4;FINANCIAL;-;-;-;-;-;-;7807;-;7742,5;-;64,5;16542,6375;-;-;-;-;-
ISPM27;BRBMEFISP1S2;FINANCIAL;-;-;-;-;-;-;7888,25;-;7820,75;-;67,5;17312,0625;-;-;-;-;-
WSPZ26;BRBMEFWSP0W8;FINANCIAL;7715;7715;7755;7743,99;7733,25;0,88;7732;-;7665,25;-;66,75;855,9853125;7680;7761,75;138;2.161;214602633,07
WSPU26;BRBMEFWSP0Y4;FINANCIAL;7643,25;7626,5;7684,75;7666,17;7666,5;0,88;7660;-;7599,25;-;60,75;779,0428125;7659;7667,5;6.381;20.153;1981222375,95
WSPH27;BRBMEFWSP0Z1;FINANCIAL;-;-;-;-;-;-;7807;-;7742,5;-;64,5;827,131875;-;-;-;-;-
WSPM27;BRBMEFWSP100;FINANCIAL;-;-;-;-;-;-;7888,25;-;7820,75;-;67,5;865,603125;-;-;-;-;-
BBDCPU26;BRBBDC490046;FINANCIAL;-;-;-;-;-;-;18,64;-;18,54;-;0,1;0,1;-;-;-;-;-
BPACIU26;BRBPAC190015;FINANCIAL;-;-;-;-;-;-;60,98;-;60,64;-;0,34;0,34;59,99;-;-;-;-
CMIGPU26;BRCMIG490076;FINANCIAL;11,49;11,49;11,53;11,5;11,53;0,26;11,48;-;11,5;-;-0,02;-0,02;-;-;4;2.500;28765
GGBRPU26;BRGGBR490041;FINANCIAL;25,63;25,62;26,18;25,96;26,12;0,11;26,17;-;26,09;-;0,08;0,08;-;-;9;3.800;98669
HASHEU26;BRHASHHAE044;FINANCIAL;-;-;-;-;-;-;52,11;-;51,65;-;0,46;0,46;-;-;-;-;-
ITSAPU26;BRITSA490044;FINANCIAL;14,19;14,19;14,23;14,21;14,22;0,07;14,23;-;14,21;-;0,02;0,02;-;-;8;8.300;117944
ITUBPU26;BRITUB490049;FINANCIAL;42,55;42,4;42,72;42,56;42,72;0,56;42,84;-;42,48;-;0,36;0,36;-;43,25;45;44.600;1898491
KLBNIU26;BRKLBN190014;FINANCIAL;19,67;19,63;19,7;19,64;19,63;0;19,59;-;19,63;-;-0,04;-0,04;-;-;6;600;11789
PETRPU26;BRPETR490075;FINANCIAL;48,58;48,23;49,22;48,7;49,06;-0,42;49,13;-;49,27;-;-0,14;-0,14;48,27;51;365;437.200;21293468
RADLOU26;BRRADL390016;FINANCIAL;-;-;-;-;-;-;19,61;-;19,82;-;-0,21;-0,21;-;-;-;-;-
RAILOU26;BRRAIL390011;FINANCIAL;14,93;14,93;14,93;14,93;14,93;-0,46;14,87;-;15;-;-0,13;-0,13;-;-;2;1.800;26874
RDOROU26;BRRDOR390014;FINANCIAL;37,83;37,57;37,9;37,72;37,58;-1,57;37,71;-;38,18;-;-0,47;-0,47;-;-;24;7.400;279168
RENTOU26;BRRENT390046;FINANCIAL;36,55;35,57;36,57;36,16;35,62;-3,52;35,89;-;36,92;-;-1,03;-1,03;-;-;45;17.500;632918
SBSPOU26;BRSBSP390013;FINANCIAL;27,25;27,16;27,34;27,25;27,16;-0,76;27,11;-;27,37;-;-0,26;-0,26;-;27,5;19;5.700;155348
SUZBOU26;BRSUZB390041;FINANCIAL;48,11;47,79;48,3;48,07;47,93;-0,66;47,93;-;48,25;-;-0,32;-0,32;-;-;35;12.400;596188
TIMSOU26;BRTIMS390018;FINANCIAL;-;-;-;-;-;-;19,42;-;19,6;-;-0,18;-0,18;-;20;-;-;-
VALEOU26;BRVALE390076;FINANCIAL;78,25;77,62;78,48;78;78,2;-0,34;78,4;-;78,47;-;-0,07;-0,07;-;-;72;54.700;4266747
VBBROU26;BRVBBR390015;FINANCIAL;38,09;37,54;38,25;37,9;37,59;-2,03;37,65;-;38,37;-;-0,72;-0,72;-;-;24;12.500;473818
VIVTOU26;BRVIVT390012;FINANCIAL;30,56;30,29;30,56;30,45;30,29;-0,85;30,35;-;30,55;-;-0,2;-0,2;-;31,3;7;1.600;48722
WEGEOU26;BRWEGE390045;FINANCIAL;51,97;51,56;51,98;51,75;51,56;-1,47;51,62;-;52,33;-;-0,71;-0,71;-;-;12;4.500;232914
BBDCPV26;BRBBDC400045;FINANCIAL;18,75;18,74;18,76;18,74;18,74;0,1;18,82;-;18,72;-;0,1;0,1;-;-;5;10.400;194978
BPACIV26;BRBPAC100014;FINANCIAL;-;-;-;-;-;-;61,57;-;61,22;-;0,35;0,35;-;-;-;-;-
CMIGPV26;BRCMIG400075;FINANCIAL;11,64;11,64;11,64;11,64;11,64;0,25;11,59;-;11,61;-;-0,02;-0,02;-;-;1;1.000;11640
GGBRPV26;BRGGBR400040;FINANCIAL;25,86;25,86;26,5;26,13;26,5;0,6;26,42;-;26,34;-;0,08;0,08;-;26,5;14;6.500;169891
HASHEV26;BRHASHHAE051;FINANCIAL;-;-;-;-;-;-;52,61;-;52,15;-;0,46;0,46;-;-;-;-;-
ITSAPV26;BRITSA400043;FINANCIAL;-;-;-;-;-;-;14,36;-;14,35;-;0,01;0,01;-;-;-;-;-
ITUBPV26;BRITUB400048;FINANCIAL;42,87;42,81;43,09;42,91;43,07;0,41;43,26;-;42,89;-;0,37;0,37;-;-;44;58.900;2527875
KLBNIV26;BRKLBN100013;FINANCIAL;19,82;19,79;19,85;19,81;19,79;-0,15;19,78;-;19,82;-;-0,04;-0,04;-;-;6;600;11886
PETRPV26;BRPETR400074;FINANCIAL;49,09;48,77;49,68;49,39;49,41;-0,68;49,6;-;49,75;-;-0,15;-0,15;-;-;395;1.268.800;62674685
RADLOV26;BRRADL300015;FINANCIAL;-;-;-;-;-;-;19,79;-;20,01;-;-0,22;-0,22;-;-;-;-;-
RAILOV26;BRRAIL300010;FINANCIAL;15,04;15,04;15,05;15,04;15,05;-0,59;15,01;-;15,14;-;-0,13;-0,13;-;-;2;1.800;27081
RDOROV26;BRRDOR300013;FINANCIAL;38,11;37,87;38,26;38,04;37,93;-1,58;38,07;-;38,54;-;-0,47;-0,47;-;-;35;10.000;380497
RENTOV26;BRRENT300045;FINANCIAL;36,92;35,9;37,02;36,52;36,13;-3,08;36,24;-;37,28;-;-1,04;-1,04;-;-;101;43.600;1592592
SBSPOV26;BRSBSP300012;FINANCIAL;27,51;27,48;27,51;27,49;27,5;-0,5;27,37;-;27,64;-;-0,27;-0,27;-;-;4;1.100;30246
SUZBOV26;BRSUZB300040;FINANCIAL;48,35;48,35;48,77;48,55;48,42;-0,61;48,4;-;48,72;-;-0,32;-0,32;-;-;41;14.300;694386
TIMSOV26;BRTIMS300017;FINANCIAL;-;-;-;-;-;-;19,61;-;19,79;-;-0,18;-0,18;-;-;-;-;-
VALEOV26;BRVALE300075;FINANCIAL;78,58;78,58;79,22;78,87;78,97;-0,32;79,16;-;79,23;-;-0,07;-0,07;-;-;27;316.000;24925382
VBBROV26;BRVBBR300014;FINANCIAL;38,51;37,91;38,68;38,27;37,95;-2,03;38,01;-;38,74;-;-0,73;-0,73;-;-;15;8.700;333020
VIVTOV26;BRVIVT300011;FINANCIAL;30,85;30,58;30,88;30,79;30,64;-0,68;30,64;-;30,85;-;-0,21;-0,21;-;-;16;3.600;110869
WEGEOV26;BRWEGE300044;FINANCIAL;52,5;51,91;52,5;52,26;51,91;-1,76;52,12;-;52,84;-;-0,72;-0,72;-;-;13;3.800;198597
BOVAEU26;BRBOVABVE004;FINANCIAL;-;-;-;-;-;-;184,3;-;185,75;-;-1,45;-1,45;-;-;-;-;-
BOVAEV26;BRBOVABVE012;FINANCIAL;-;-;-;-;-;-;186,01;-;187,45;-;-1,44;-1,44;-;-;-;-;-
BOVVEU26;BRBOVVOVE003;FINANCIAL;-;-;-;-;-;-;193,59;-;194,85;-;-1,26;-1,26;-;-;-;-;-
BOVVEV26;BRBOVVOVE011;FINANCIAL;-;-;-;-;-;-;195,44;-;196,7;-;-1,26;-1,26;-;-;-;-;-
DIFF31N31;BRBMEFDIFB33;FINANCIAL;14,23;14,23;14,23;14,23;14,23;-0,28;-;-;-;-;-;-;-;-;1;10;554180,7
DIFN31F32;BRBMEFDIFB66;FINANCIAL;14,53;14,53;14,53;14,53;14,53;0,41;-;-;-;-;-;-;-;-;1;10;518275,25
DIIF27F29;BRBMEFDII015;FINANCIAL;0,165;0,115;0,23;0,167;0,23;31,42;-;-;-;-;-;-;0,235;0,27;39;7.918;736593112,69
DIIF31F33;BRBMEFDII0H3;FINANCIAL;0,12;0,105;0,13;0,116;0,125;8,69;-;-;-;-;-;-;0,12;0,13;935;54.769;2782766523,82
DIIF31F32;BRBMEFDII0G5;FINANCIAL;0,085;0,07;0,09;0,08;0,085;13,33;-;-;-;-;-;-;0,08;0,085;534;46.988;2524933563,93
DIIF29F31;BRBMEFDII0O9;FINANCIAL;0,205;0,185;0,225;0,201;0,21;2,43;-;-;-;-;-;-;0,205;0,215;1.771;74.880;5044016285,12
DIIF30F31;BRBMEFDII0U6;FINANCIAL;0,065;0,05;0,07;0,062;0,07;7,69;-;-;-;-;-;-;0,065;0,07;944;45.357;2790883301,76
DIIN27F28;BRBMEFDII197;FINANCIAL;0,025;0,005;0,055;0,026;0,045;12,5;-;-;-;-;-;-;0,04;0,055;1.016;65.881;5811735162,51
DIIF27N27;BRBMEFDII189;FINANCIAL;-0,02;-0,06;-0,005;-0,038;-0,01;-60;-;-;-;-;-;-;-0,025;-0,005;116;16.050;1517580567,65
DIIJ27N27;BRBMEFDII163;FINANCIAL;0,01;0,005;0,03;0,011;0,025;0;-;-;-;-;-;-;0,015;0,03;468;48.575;4476997776,78
DIIF27J27;BRBMEFDII155;FINANCIAL;-0,045;-0,06;-0,025;-0,045;-0,035;-12,5;-;-;-;-;-;-;-0,04;-0,03;239;109.818;10453257090,08
DIIF27F28;BRBMEFDII1I9;FINANCIAL;-0,03;-0,06;0,055;-0,009;0,045;-;-;-;-;-;-;-;0,02;0,05;221;25.343;2377642246,1
DIIF29F30;BRBMEFDII1K5;FINANCIAL;0,15;0,13;0,155;0,138;0,145;3,57;-;-;-;-;-;-;0,14;0,145;990;65.952;4645528020,52
DIIF28F29;BRBMEFDII1J7;FINANCIAL;0,18;0,16;0,23;0,186;0,215;10,25;-;-;-;-;-;-;0,21;0,215;2.505;175.253;14150159831,39
DIIF32F33;BRBMEFDII1L3;FINANCIAL;0,035;0,03;0,04;0,036;0,04;14,28;-;-;-;-;-;-;0,035;0,04;276;7.304;342100983,62
DIIF33F34;BRBMEFDII1M1;FINANCIAL;0,01;0,005;0,01;0,006;0,005;0;-;-;-;-;-;-;0,005;0,01;6;141;5769277,47
DIIF29F33;BRBMEFDII1Q2;FINANCIAL;0,31;0,31;0,345;0,329;0,345;9,52;-;-;-;-;-;-;-;-;7;4.544;284645131,61
DIIV26F27;BRBMEFDII2H9;FINANCIAL;-0,159;-0,159;-0,147;-0,151;-0,148;-12,42;-;-;-;-;-;-;-;-;21;4.191;413975491,38
DIIN27V27;BRBMEFDII2I7;FINANCIAL;0,025;0,01;0,035;0,021;0,035;40;-;-;-;-;-;-;0,03;0,035;312;16.766;1494899237,58
DIIV27F28;BRBMEFDII2J5;FINANCIAL;0,005;-;0,02;0,008;0,015;50;-;-;-;-;-;-;0,01;0,02;281;19.018;1640626654,91
DIIF28J28;BRBMEFDII2K3;FINANCIAL;0,045;0,035;0,05;0,042;0,045;0;-;-;-;-;-;-;0,045;0,05;158;6.975;582445434,49
DIIF28F30;BRBMEFDII2N7;FINANCIAL;0,335;0,3;0,38;0,364;0,38;10,14;-;-;-;-;-;-;0,345;0,37;154;5.517;430855074,23
DIIV27J28;BRBMEFDII2V0;FINANCIAL;0,055;0,055;0,06;0,056;0,06;0;-;-;-;-;-;-;-;-;2;227;19336554,04
DIIF28F31;BRBMEFDII2X6;FINANCIAL;0,375;0,35;0,45;0,392;0,43;6,17;-;-;-;-;-;-;0,41;0,44;677;41.378;3151713839,85
DIIN28F29;BRBMEFDII353;FINANCIAL;0,09;0,085;0,115;0,103;0,115;15;-;-;-;-;-;-;0,105;0,12;1.111;54.263;4190324960,89
DIIJ28N28;BRBMEFDII346;FINANCIAL;0,045;0,04;0,06;0,045;0,055;22,22;-;-;-;-;-;-;0,05;0,06;55;1.368;110676792,17
DIIN27N28;BRBMEFDII3R6;FINANCIAL;0,165;0,165;0,165;0,165;0,165;26,92;-;-;-;-;-;-;0,135;0,16;1;298;25848502,82
DIIN28V28;BRBMEFDII3Y2;FINANCIAL;0,055;0,055;0,065;0,063;0,065;0;-;-;-;-;-;-;0,06;0,07;19;2.721;212781264,94
DIIV28F29;BRBMEFDII3Z9;FINANCIAL;0,04;0,035;0,045;0,041;0,045;12,5;-;-;-;-;-;-;0,045;0,05;18;2.444;185088258,73
DIIF33F35;BRBMEFDII460;FINANCIAL;0,015;0,005;0,015;0,01;0,01;0;-;-;-;-;-;-;0,01;0,015;543;24.618;952040754,43
DIIF33F37;BRBMEFDII478;FINANCIAL;0,02;0,015;0,03;0,025;0,02;0;-;-;-;-;-;-;0,02;0,03;284;5.489;190106226,81
DIIF28N28;BRBMEFDII4H5;FINANCIAL;0,095;0,07;0,11;0,092;0,1;5,26;-;-;-;-;-;-;0,1;0,105;1.211;70.324;5799085769,89
DIIF34F35;BRBMEFDII5G4;FINANCIAL;-;0,005;0,005;0,004;-;-100;-;-;-;-;-;-;-0,005;0,005;4;160;5725752,15
DIIF31F35;BRBMEFDII5I0;FINANCIAL;0,13;0,11;0,14;0,127;0,135;3,84;-;-;-;-;-;-;0,13;0,14;552;22.647;1046066142,79
DIIF30F32;BRBMEFDII5K6;FINANCIAL;0,15;0,135;0,15;0,138;0,135;0;-;-;-;-;-;-;0,145;0,165;6;211;12288627,63
DIIF29F32;BRBMEFDII5O8;FINANCIAL;0,265;0,265;0,3;0,272;0,3;5,26;-;-;-;-;-;-;-;-;3;1.131;73383339,12
DIIF29J29;BRBMEFDII692;FINANCIAL;0,05;0,05;0,05;0,05;0,05;-9,09;-;-;-;-;-;-;0,05;0,06;3;270;19817118,3
DIIF29N29;BRBMEFDII6H0;FINANCIAL;0,105;0,095;0,11;0,1;0,105;0;-;-;-;-;-;-;0,1;0,105;687;49.078;3544841484,43
DIIN29F30;BRBMEFDII6G2;FINANCIAL;0,04;0,035;0,05;0,041;0,045;12,5;-;-;-;-;-;-;0,04;0,045;635;36.709;2480138477,54
DIIJ27F28;BRBMEFDII6O6;FINANCIAL;0,035;0,035;0,035;0,035;0,035;-46,15;-;-;-;-;-;-;0,05;0,09;1;317;28741071,54
DIIJ29N29;BRBMEFDII6Q1;FINANCIAL;0,045;0,045;0,05;0,045;0,05;11,11;-;-;-;-;-;-;0,045;0,055;14;570;40475847,14
DIIV27F29;BRBMEFDII6Y5;FINANCIAL;0,185;0,185;0,255;0,237;0,24;-15,78;-;-;-;-;-;-;-;-;11;13.261;1099124134,14
DIIV29F30;BRBMEFDII7D7;FINANCIAL;0,015;0,015;0,075;0,025;0,03;500;-;-;-;-;-;-;-;-;20;29.192;1939563025,13
DIIN29V29;BRBMEFDII7E5;FINANCIAL;0,015;0,015;0,08;0,024;0,02;0;-;-;-;-;-;-;-;-;31;8.870;608269108,97
DIIF32F35;BRBMEFDII809;FINANCIAL;0,05;0,05;0,05;0,05;0,05;66,66;-;-;-;-;-;-;-;-;3;2.873;121104594,48
DIIF30N30;BRBMEFDII858;FINANCIAL;0,03;0,03;0,035;0,031;0,035;16,66;-;-;-;-;-;-;0,03;0,04;22;876;55428066,11
DIIN30F31;BRBMEFDII866;FINANCIAL;0,03;0,025;0,035;0,029;0,03;-14,28;-;-;-;-;-;-;0,03;0,04;32;1.431;84858983,72
DIIF35F36;BRBMEFDII8J2;FINANCIAL;-0,025;-0,025;-0,02;-0,022;-0,02;33,33;-;-;-;-;-;-;-;-;2;129;4045917,96
DIIF35F37;BRBMEFDII8K0;FINANCIAL;0,015;0,015;0,015;0,015;0,015;0;-;-;-;-;-;-;0,01;0,015;31;2.135;63034894,65
DIIF31J31;BRBMEFDIIBI6;FINANCIAL;0,01;-0,005;0,01;0,006;-0,005;-200;-;-;-;-;-;-;-;-;3;151;8472424,92
DIIV31F32;BRBMEFDIIBH8;FINANCIAL;0,04;0,04;0,04;0,04;0,04;33,33;-;-;-;-;-;-;-;-;1;20;1013424,6
DIIF36F37;BRBMEFDIIBO4;FINANCIAL;0,025;0,025;0,025;0,025;0,025;0;-;-;-;-;-;-;-;-;1;79;2170378,82
DIIJ31F32;BRBMEFDIIBL0;FINANCIAL;0,07;0,07;0,08;0,071;0,08;33,33;-;-;-;-;-;-;-;-;3;51;2679762,15
DIIV27X27;BRBMEFDIIC47;FINANCIAL;-0,01;-0,01;-0,01;-0,01;-0,01;100;-;-;-;-;-;-;-;-;1;31;2699990,02
DIIV27Z27;BRBMEFDIICA1;FINANCIAL;-0,015;-0,015;-;-0,01;-0,005;0;-;-;-;-;-;-;-;-;5;55;4769823,81
DIIV28X28;BRBMEFDIIC62;FINANCIAL;0,02;0,02;0,02;0,02;0,02;100;-;-;-;-;-;-;-;-;1;20;1529052,3
DIIV29X29;BRBMEFDIIC88;FINANCIAL;0,01;0,01;0,01;0,01;0,01;-;-;-;-;-;-;-;-;-;1;20;1341757
DIIX27F28;BRBMEFDIIC54;FINANCIAL;0,01;0,01;0,01;0,01;0,01;-60;-;-;-;-;-;-;-;-;1;11;943737,51
DIIX28F29;BRBMEFDIIC70;FINANCIAL;0,02;0,02;0,02;0,02;0,02;-42,85;-;-;-;-;-;-;-;-;1;10;752512,85
DIIX29F30;BRBMEFDIIC96;FINANCIAL;0,005;0,005;0,005;0,005;0,005;-80;-;-;-;-;-;-;-;-;1;10;660088,65
DIIZ27F28;BRBMEFDIICB9;FINANCIAL;0,01;0,01;0,015;0,01;0,015;-25;-;-;-;-;-;-;-;-;6;4.230;360852217,97
DIIZ28F29;BRBMEFDIICD5;FINANCIAL;0,01;0,01;0,01;0,01;0,01;100;-;-;-;-;-;-;-;-;1;10;748542,1
DIIZ29F30;BRBMEFDIICF0;FINANCIAL;0,01;0,01;0,01;0,01;0,01;-33,33;-;-;-;-;-;-;-;-;3;30;1970920,8
DAIQ30K31;BRBMEFDAI1A4;FINANCIAL;-;-;-;-;-;-;-;-;-;-;-;-;-;-;1;787;110279261,94
DAIK31Q32;BRBMEFDAI1E6;FINANCIAL;-0,02;-0,03;-0,02;-0,021;-0,03;-25;-;-;-;-;-;-;-;-;2;604;78855364,14
DAIQ30K37;BRBMEFDAI1R8;FINANCIAL;-;-;-;-;-;-100;-;-;-;-;-;-;-;-;1;1.002;124616132,28
DITV26;BRBMEFDIT0A5;FINANCIAL;-;0,002;0,002;0,001;0,002;0;-;-;-;-;-;-;-;-;2;116;11517355,22
DITF27;BRBMEFDIT095;FINANCIAL;-;-;0,002;0;0,002;-;-;-;-;-;-;-;-;-;3;331;31852312,49
DITJ27;BRBMEFDIT087;FINANCIAL;-;0,002;0,002;0,001;0,002;0;-;-;-;-;-;-;-;-;2;332;30998901,42
DITN27;BRBMEFDIT079;FINANCIAL;-;0,002;0,002;0,001;0,002;0;-;-;-;-;-;-;-;-;2;14;1266094,62
DITF28;BRBMEFDIT053;FINANCIAL;-;-;-;-;-;-;-;-;-;-;-;-;-;-;1;382;32365282,34
DITF29;BRBMEFDIT0K4;FINANCIAL;-;-;0,002;0;0,002;-;-;-;-;-;-;-;-;-;3;1.276;94923475,68
DITF30;BRBMEFDIT0J6;FINANCIAL;-;-;0,002;0;0,002;-;-;-;-;-;-;-;-;-;3;1.758;114583840,78
DITF31;BRBMEFDIT0I8;FINANCIAL;-;-;0,002;0;0,002;-;-;-;-;-;-;-;-;-;3;2.742;156409549,68
DITF32;BRBMEFDIT0H0;FINANCIAL;-;-;-;-;-;-;-;-;-;-;-;-;-;-;1;986;49132508,18
DITF33;BRBMEFDIT0G2;FINANCIAL;-;-;0,002;0,001;0,002;-;-;-;-;-;-;-;-;-;2;6;261445,32
DITF35;BRBMEFDIT0E7;FINANCIAL;-;-;0,002;0,001;0,002;-;-;-;-;-;-;-;-;-;2;4;133949,84
DITN28;BRBMEFDIT1A3;FINANCIAL;-;-;0,002;0,001;0,002;0;-;-;-;-;-;-;-;-;2;8;635484,64
DITN29;BRBMEFDIT1L0;FINANCIAL;-;-;-;-;-;-;-;-;-;-;-;-;-;-;1;1.465;101994266,9
DITN30;BRBMEFDIT1S5;FINANCIAL;-;-;0,002;0,001;0,002;-;-;-;-;-;-;-;-;-;2;6;366406,26
DAPQ30;BRBMEFDAP1E7;FINANCIAL;7,68;7,57;7,68;7,611;7,615;-0,58;75170,97;7,615;75076,15;-;94,82;181,06898315;7,59;7,615;101;10.937;1570180347,97
DAPQ28;BRBMEFDAP280;FINANCIAL;7,485;7,43;7,55;7,48;7,49;-0,18;87096,83;7,49;87106,19;-;-9,36;-17,8739262;7,43;7,625;135;28.209;4692495609,92
DAPK35;BRBMEFDAP2L0;FINANCIAL;7,515;7,44;7,515;7,479;7,48;-0,39;53732,13;7,48;53620,85;-;111,28;212,5011226;7,42;7,88;96;11.793;1210121392,79
DAPQ40;BRBMEFDAP3A1;FINANCIAL;7,3;7,3;7,35;7,329;7,35;0,72;37457,46;7,35;37727,7;-;-270,24;-516,0523308;7,21;-;44;4.403;315777227,71
DAPK45;BRBMEFDAP3B9;FINANCIAL;7,32;7,32;7,395;7,384;7,395;1,06;27061,72;7,298;26983,52;-;78,2;149,3313065;-;-;4;7;356388,99
DAPQ50;BRBMEFDAP3C7;FINANCIAL;7,31;7,31;7,31;7,31;7,31;0,02;18829,45;7,276;18701,93;-;127,52;243,5131484;-;-;1;3;107060,97
DAPK55;BRBMEFDAP3D5;FINANCIAL;7,24;7,24;7,24;7,24;7,24;-0,01;13804,94;7,197;13650,95;-;153,99;294,060458925;-;-;1;1;26062,49
DAPQ32;BRBMEFDAP3T1;FINANCIAL;7,6;7,56;7,635;7,594;7,605;-0,56;64997,82;7,59;64814,05;-;183,77;350,928570275;7,605;7,61;111;7.914;982038587,05
DAPK27;BRBMEFDAP3U9;FINANCIAL;6,42;6,42;6,43;6,425;6,425;-0,07;95957,34;6,425;95989,26;-;-31,92;-60,9546714;-;6,425;51;4.188;767409779,12
DAPQ60;BRBMEFDAP3V7;FINANCIAL;7,24;7,24;7,24;7,24;7,24;0,05;9612,6;7,193;9487,52;-;125,08;238,8537061;-;-;1;1;18086,96
DAPK33;BRBMEFDAP462;FINANCIAL;7,61;7,54;7,63;7,557;7,55;-0,71;61715,3;7,55;61532,2;-;183,1;349,64913325;-;-;72;1.781;209793354,55
DAPK29;BRBMEFDAP4N2;FINANCIAL;7,49;7,46;7,56;7,511;7,5;-0,46;82602,26;7,5;82560,98;-;41,28;78,8285976;7,5;7,61;122;18.812;2966504156,95
DAPF27;BRBMEFDAP4Y9;FINANCIAL;6,805;6,805;6,805;6,805;6,805;-0,68;97798,3;6,823;97824,79;-;-26,49;-50,585502675;-;-;5;305;56963928,9
DAPK31;BRBMEFDAP5E8;FINANCIAL;7,68;7,555;7,68;7,585;7,6;-0,8;71253,32;7,6;71090,73;-;162,59;310,483083425;-;-;81;16.086;2190122561,16
DAPK37;BRBMEFDAP5F5;FINANCIAL;7,395;7,34;7,395;7,385;7,395;0,05;46945,45;7,395;46979,96;-;-34,51;-65,900554825;-;-;36;2.167;194454842,51
DAPV26;BRBMEFDAP5H1;FINANCIAL;8,64;8,64;8,64;8,64;8,64;4,75;99281,1;8,226;99315,18;-;-34,08;-65,0794236;-;-;2;16;3032349,76
MR1U26X26;BRBMEFMR16S4;AGRIBUSINESS;6,1;5,79;6,29;6,09;6,29;15,83;-;-;-;-;-;-;6,26;6,35;8;768;25370514
FRP0;BRBMEFFRP099;FINANCIAL;21,8;21;22,6;21,77;21,8;-8,01;-;-;-;-;-;-;-;-;142;40.195;10277007425
RSPU26Z26;BRBMEFRSP1O0;FINANCIAL;71;71;76;73,91;76;8,57;-;-;-;-;-;-;71;80;14;1.868;3695457328,96
WS1U26Z26;BRBMEFWS10V8;FINANCIAL;73,25;73,25;76,95;74,52;76,95;-;-;-;-;-;-;-;74;80;12;2.254;221175738,99
DAPX26;BRBMEFDAP5J7;FINANCIAL;-;-;-;-;-;-;98481,19;9,161;98510,02;-;-28,83;-55,053984225;-;-;-;-;-
DAPZ26;BRBMEFDAP5K5;FINANCIAL;-;-;-;-;-;-;97866,16;8,864;97892,26;-;-26,1;-49,84075575;-;-;-;-;-
DAPG27;BRBMEFDAP5L3;FINANCIAL;-;-;-;-;-;-;97063,17;7,49;97084,52;-;-21,35;-40,770120125;-;-;-;-;-
DAPF28;BRBMEFDAP5N9;FINANCIAL;-;-;-;-;-;-;90935,33;7,364;90912,55;-;22,78;43,50085885;-;-;-;-;-
DAPU26;BRBMEFDAP5G3;FINANCIAL;-;-;-;-;-;-;99864,77;18,59;99912,63;-;-47,86;-91,39381495;-;-;-;-;-
BGIJ27C038500;BRBMEFCBJQJ7;AGRIBUSINESS;-;-;-;-;-;-;-;-;-;15,52;-;-;-;-;-;-;-
BGIJ27C042500;BRBMEFCBJQK5;AGRIBUSINESS;-;-;-;-;-;-;-;-;-;4,93;-;-;-;-;-;-;-
BGIJ27P038500;BRBMEFVBJQJ7;AGRIBUSINESS;-;-;-;-;-;-;-;-;-;16,53;-;-;-;-;-;-;-
BGIJ27P042500;BRBMEFVBJQK5;AGRIBUSINESS;-;-;-;-;-;-;-;-;-;42,92;-;-;-;-;-;-;-