Resume as transações realizadas em derivativos durante um pregão, incluindo volumes e valores. Os detalhes sobre as regras utilizadas, bem como a definição de cada um dos campos, estão disponíveis no 
Glossário;https://www.b3.com.br/data/files/F8/42/7A/61/FEC4A8103234E0A8AC094EA8/TradeInformationConsolidatedFileV3_PT.pdf

Instrumento financeiro;Código ISIN;Segmento;Preço de abertura;Preço mínimo;Preço máximo;Preço médio;Preço de fechamento;Oscilação;Ajuste;Ajuste de referência;Ajuste do dia anterior;Preço de referência;Variação;Valor do ajuste por contrato (R$);Última oferta de compra;Última oferta de venda;Quantidade de negócios;Quantidade de contratos;Volume financeiro
BGIN26C030000;BRBMEFCBNRH1;AGRIBUSINESS;-;-;-;-;-;-;-;-;-;33,16;-;-;-;-;-;-;-
BGIN26P030000;BRBMEFVBNRH1;AGRIBUSINESS;-;-;-;-;-;-;-;-;-;0,05;-;-;-;-;-;-;-
BGIU26C032400;BRBMEFCBUUD9;AGRIBUSINESS;-;-;-;-;-;-;-;-;-;17,34;-;-;-;-;-;-;-
BGIU26P032400;BRBMEFVBUUC1;AGRIBUSINESS;-;-;-;-;-;-;-;-;-;4,3;-;-;-;-;-;-;-
BGIV26C032400;BRBMEFCB1KB0;AGRIBUSINESS;-;-;-;-;-;-;-;-;-;23,95;-;-;-;-;-;-;-
BGIV26P032400;BRBMEFVB1KA9;AGRIBUSINESS;-;-;-;-;-;-;-;-;-;3,8;-;-;-;-;-;-;-
BGIM26C033200;BRBMEFCBMLX3;AGRIBUSINESS;-;-;-;-;-;-;-;-;-;7,4;-;-;-;-;-;-;-
BGIM26C033300;BRBMEFCBMLY1;AGRIBUSINESS;-;-;-;-;-;-;-;-;-;6,41;-;-;-;-;-;-;-
BGIM26P033200;BRBMEFVBMLX3;AGRIBUSINESS;-;-;-;-;-;-;-;-;-;0,01;-;-;-;-;-;-;-
BGIM26P033300;BRBMEFVBMLY1;AGRIBUSINESS;-;-;-;-;-;-;-;-;-;0,01;-;-;-;-;-;-;-
BGIM26C033900;BRBMEFCBMLZ8;AGRIBUSINESS;-;-;-;-;-;-;-;-;-;1,3;-;-;-;-;-;-;-
BGIM26P033900;BRBMEFVBMLZ8;AGRIBUSINESS;-;-;-;-;-;-;-;-;-;0,9;-;-;-;-;-;-;-
BGIU26C035000;BRBMEFCBUUE7;AGRIBUSINESS;-;-;-;-;-;-;-;-;-;4,82;-;-;-;-;-;-;-
BGIU26P035000;BRBMEFVBUUD9;AGRIBUSINESS;-;-;-;-;-;-;-;-;-;16,89;-;-;-;-;-;-;-
BGIV26C035000;BRBMEFCB1KC8;AGRIBUSINESS;-;-;-;-;-;-;-;-;-;8,89;-;-;-;-;-;-;-
BGIV26C035500;BRBMEFCB1KD6;AGRIBUSINESS;-;-;-;-;-;-;-;-;-;7,08;-;-;-;-;-;-;-
BGIV26C036000;BRBMEFCB1KE4;AGRIBUSINESS;-;-;-;-;-;-;-;-;-;5,62;-;-;-;-;-;-;-
BGIV26C036500;BRBMEFCB1KF1;AGRIBUSINESS;-;-;-;-;-;-;-;-;-;4,44;-;-;-;-;-;-;-
BGIV26C037000;BRBMEFCB1KG9;AGRIBUSINESS;-;-;-;-;-;-;-;-;-;3,51;-;-;-;-;-;-;-
BGIV26P035000;BRBMEFVB1KB7;AGRIBUSINESS;-;-;-;-;-;-;-;-;-;13,57;-;-;-;-;-;-;-
BGIV26P035500;BRBMEFVB1KC5;AGRIBUSINESS;-;-;-;-;-;-;-;-;-;16,53;-;-;-;-;-;-;-
BGIV26P036000;BRBMEFVB1KD3;AGRIBUSINESS;-;-;-;-;-;-;-;-;-;19,86;-;-;-;-;-;-;-
BGIV26P036500;BRBMEFVB1KE1;AGRIBUSINESS;-;-;-;-;-;-;-;-;-;23,45;-;-;-;-;-;-;-
BGIV26P037000;BRBMEFVB1KF8;AGRIBUSINESS;-;-;-;-;-;-;-;-;-;27,3;-;-;-;-;-;-;-
BGIU26C034000;BRBMEFCBUUF4;AGRIBUSINESS;-;-;-;-;-;-;-;-;-;8,27;-;-;-;-;-;-;-
BGIU26P034000;BRBMEFVBUUE7;AGRIBUSINESS;-;-;-;-;-;-;-;-;-;10,68;-;-;-;-;-;-;-
BGIU26C031200;BRBMEFCBUUG2;AGRIBUSINESS;-;-;-;-;-;-;-;-;-;26,63;-;-;-;-;-;-;-
BGIU26P031200;BRBMEFVBUUF4;AGRIBUSINESS;-;-;-;-;-;-;-;-;-;2;-;-;-;-;-;-;-
BGIM26C032000;BRBMEFCBMM05;AGRIBUSINESS;-;-;-;-;-;-;-;-;-;19,38;-;-;-;-;-;-;-
BGIM26P032000;BRBMEFVBMM02;AGRIBUSINESS;-;-;-;-;-;-;-;-;-;0,01;-;-;-;-;-;-;-
BGIM26C030800;BRBMEFCBMM13;AGRIBUSINESS;-;-;-;-;-;-;-;-;-;31,37;-;-;-;-;-;-;-
BGIM26C032800;BRBMEFCBMM21;AGRIBUSINESS;-;-;-;-;-;-;-;-;-;11,39;-;-;-;-;-;-;-
BGIM26C034000;BRBMEFCBMM39;AGRIBUSINESS;-;-;-;-;-;-;-;-;-;0,81;-;-;-;-;-;-;-
BGIM26P030800;BRBMEFVBMM10;AGRIBUSINESS;-;-;-;-;-;-;-;-;-;0,01;-;-;-;-;-;-;-
BGIM26P032800;BRBMEFVBMM28;AGRIBUSINESS;-;-;-;-;-;-;-;-;-;0,01;-;-;-;-;-;-;-
BGIM26P034000;BRBMEFVBMM36;AGRIBUSINESS;-;-;-;-;-;-;-;-;-;1,41;-;-;-;-;-;-;-
BGIV26C033500;BRBMEFCB1KH7;AGRIBUSINESS;-;-;-;-;-;-;-;-;-;16,44;-;-;-;-;-;-;-
BGIV26C034500;BRBMEFCB1KI5;AGRIBUSINESS;-;-;-;-;-;-;-;-;-;11,03;-;-;-;-;-;-;-
BGIV26P033500;BRBMEFVB1KG6;AGRIBUSINESS;-;-;-;-;-;-;-;-;-;6,79;-;-;-;-;-;-;-
BGIV26P034500;BRBMEFVB1KH4;AGRIBUSINESS;-;-;-;-;-;-;-;-;-;10,94;-;-;-;-;-;-;-
BGIM26C030000;BRBMEFCBMM47;AGRIBUSINESS;-;-;-;-;-;-;-;-;-;39,36;-;-;-;-;-;-;-
BGIM26P030000;BRBMEFVBMM44;AGRIBUSINESS;-;-;-;-;-;-;-;-;-;0,01;-;-;-;-;-;-;-
BGIV26C034200;BRBMEFCB1KJ3;AGRIBUSINESS;-;-;-;-;-;-;-;-;-;12,5;-;-;-;-;-;-;-
BGIV26P034200;BRBMEFVB1KI2;AGRIBUSINESS;-;-;-;-;-;-;-;-;-;9,54;-;-;-;-;-;-;-
BGIN26C033600;BRBMEFCBNRI9;AGRIBUSINESS;-;-;-;-;-;-;-;-;-;4,43;-;-;-;-;-;-;-
BGIN26P033600;BRBMEFVBNRI9;AGRIBUSINESS;-;-;-;-;-;-;-;-;-;6,84;-;-;-;-;-;-;-
BGIV26C034550;BRBMEFCB1KK1;AGRIBUSINESS;-;-;-;-;-;-;-;-;-;10,79;-;-;-;-;-;-;-
BGIV26P034550;BRBMEFVB1KJ0;AGRIBUSINESS;-;-;-;-;-;-;-;-;-;11,18;-;-;-;-;-;-;-
BGIM26C031200;BRBMEFCBMM54;AGRIBUSINESS;-;-;-;-;-;-;-;-;-;27,37;-;-;-;-;-;-;-
BGIM26C033000;BRBMEFCBMM62;AGRIBUSINESS;-;-;-;-;-;-;-;-;-;9,39;-;-;-;-;-;-;-
BGIM26C035000;BRBMEFCBMM70;AGRIBUSINESS;-;-;-;-;-;-;-;-;-;0,01;-;-;-;-;-;-;-
BGIM26P031200;BRBMEFVBMM51;AGRIBUSINESS;-;-;-;-;-;-;-;-;-;0,01;-;-;-;-;-;-;-
BGIM26P033000;BRBMEFVBMM69;AGRIBUSINESS;-;-;-;-;-;-;-;-;-;0,01;-;-;-;-;-;-;-
BGIM26P035000;BRBMEFVBMM77;AGRIBUSINESS;-;-;-;-;-;-;-;-;-;10,59;-;-;-;-;-;-;-
BGIV26C032200;BRBMEFCB1KL9;AGRIBUSINESS;-;-;-;-;-;-;-;-;-;25,48;-;-;-;-;-;-;-
BGIV26C036800;BRBMEFCB1KM7;AGRIBUSINESS;-;-;-;-;-;-;-;-;-;3,86;-;-;-;-;-;-;-
BGIV26P032200;BRBMEFVB1KK8;AGRIBUSINESS;-;-;-;-;-;-;-;-;-;3,41;-;-;-;-;-;-;-
BGIV26P036800;BRBMEFVB1KL6;AGRIBUSINESS;-;-;-;-;-;-;-;-;-;25,73;-;-;-;-;-;-;-
BGIM26C032500;BRBMEFCBMM88;AGRIBUSINESS;-;-;-;-;-;-;-;-;-;14,38;-;-;-;-;-;-;-
BGIM26P032500;BRBMEFVBMM85;AGRIBUSINESS;-;-;-;-;-;-;-;-;-;0,01;-;-;-;-;-;-;-
BGIV26C038000;BRBMEFCB1KN5;AGRIBUSINESS;-;-;-;-;-;-;-;-;-;2,21;-;-;-;-;-;-;-
BGIV26P038000;BRBMEFVB1KM4;AGRIBUSINESS;-;-;-;-;-;-;-;-;-;35,55;-;-;-;-;-;-;-
BGIM26C031000;BRBMEFCBMM96;AGRIBUSINESS;-;-;-;-;-;-;-;-;-;29,37;-;-;-;-;-;-;-
BGIM26C037000;BRBMEFCBMMA9;AGRIBUSINESS;-;-;-;-;-;-;-;-;-;0,01;-;-;-;-;-;-;-
BGIM26P031000;BRBMEFVBMM93;AGRIBUSINESS;-;-;-;-;-;-;-;-;-;0,01;-;-;-;-;-;-;-
BGIM26P037000;BRBMEFVBMMA9;AGRIBUSINESS;-;-;-;-;-;-;-;-;-;30,57;-;-;-;-;-;-;-
BGIN26C031000;BRBMEFCBNRJ7;AGRIBUSINESS;-;-;-;-;-;-;-;-;-;23,57;-;-;-;-;-;-;-
BGIN26C037000;BRBMEFCBNRK5;AGRIBUSINESS;-;-;-;-;-;-;-;-;-;0,05;-;-;-;-;-;-;-
BGIN26P031000;BRBMEFVBNRJ7;AGRIBUSINESS;-;-;-;-;-;-;-;-;-;0,33;-;-;-;-;-;-;-
BGIN26P037000;BRBMEFVBNRK5;AGRIBUSINESS;-;-;-;-;-;-;-;-;-;36,03;-;-;-;-;-;-;-
BGIN26C033000;BRBMEFCBNRL3;AGRIBUSINESS;-;-;-;-;-;-;-;-;-;7,46;-;-;-;-;-;-;-
BGIN26C035050;BRBMEFCBNRM1;AGRIBUSINESS;-;-;-;-;-;-;-;-;-;0,91;-;-;-;-;-;-;-
BGIN26P033000;BRBMEFVBNRL3;AGRIBUSINESS;-;-;-;-;-;-;-;-;-;3,96;-;-;-;-;-;-;-
BGIN26P035050;BRBMEFVBNRM1;AGRIBUSINESS;-;-;-;-;-;-;-;-;-;17,64;-;-;-;-;-;-;-
BGIM26C032900;BRBMEFCBMMB7;AGRIBUSINESS;-;-;-;-;-;-;-;-;-;10,39;-;-;-;-;-;-;-
BGIM26P032900;BRBMEFVBMMB7;AGRIBUSINESS;-;-;-;-;-;-;-;-;-;0,01;-;-;-;-;-;-;-
BGIN26C032900;BRBMEFCBNRN9;AGRIBUSINESS;-;-;-;-;-;-;-;-;-;8,07;-;-;-;-;-;-;-
BGIN26P032900;BRBMEFVBNRN9;AGRIBUSINESS;-;-;-;-;-;-;-;-;-;3,58;-;-;-;-;-;-;-
BGIQ26C032000;BRBMEFCBQOU4;AGRIBUSINESS;-;-;-;-;-;-;-;-;-;18,05;-;-;-;-;-;-;-
BGIQ26C032200;BRBMEFCBQOV2;AGRIBUSINESS;-;-;-;-;-;-;-;-;-;16,5;-;-;-;-;-;-;-
BGIQ26C032500;BRBMEFCBQOW0;AGRIBUSINESS;-;-;-;-;-;-;-;-;-;14,31;-;-;-;-;-;-;-
BGIQ26C032700;BRBMEFCBQOX8;AGRIBUSINESS;-;-;-;-;-;-;-;-;-;12,94;-;-;-;-;-;-;-
BGIQ26P032000;BRBMEFVBQOU4;AGRIBUSINESS;-;-;-;-;-;-;-;-;-;2,33;-;-;-;-;-;-;-
BGIQ26P032200;BRBMEFVBQOV2;AGRIBUSINESS;-;-;-;-;-;-;-;-;-;2,73;-;-;-;-;-;-;-
BGIQ26P032500;BRBMEFVBQOW0;AGRIBUSINESS;-;-;-;-;-;-;-;-;-;3,47;-;-;-;-;-;-;-
BGIQ26P032700;BRBMEFVBQOX8;AGRIBUSINESS;-;-;-;-;-;-;-;-;-;4,05;-;-;-;-;-;-;-
BGIV26C035400;BRBMEFCB1KO3;AGRIBUSINESS;-;-;-;-;-;-;-;-;-;7,42;-;-;-;-;-;-;-
BGIV26C040000;BRBMEFCB1KP0;AGRIBUSINESS;-;-;-;-;-;-;-;-;-;0,89;-;-;-;-;-;-;-
BGIV26P035400;BRBMEFVB1KN2;AGRIBUSINESS;-;-;-;-;-;-;-;-;-;15,92;-;-;-;-;-;-;-
BGIV26P040000;BRBMEFVB1KO0;AGRIBUSINESS;-;-;-;-;-;-;-;-;-;53,33;-;-;-;-;-;-;-
BGIV26C031500;BRBMEFCB1KQ8;AGRIBUSINESS;-;-;-;-;-;-;-;-;-;31,07;-;-;-;-;-;-;-
BGIV26P031500;BRBMEFVB1KP7;AGRIBUSINESS;-;-;-;-;-;-;-;-;-;2,32;-;-;-;-;-;-;-
BGIQ26C032600;BRBMEFCBQOY6;AGRIBUSINESS;-;-;-;-;-;-;-;-;-;13,61;-;-;-;-;-;-;-
BGIQ26C032800;BRBMEFCBQOZ3;AGRIBUSINESS;-;-;-;-;-;-;-;-;-;12,28;-;-;-;-;-;-;-
BGIQ26C032900;BRBMEFCBQP65;AGRIBUSINESS;-;-;-;-;-;-;-;-;-;11,64;-;-;-;-;-;-;-
BGIQ26C033000;BRBMEFCBQP08;AGRIBUSINESS;-;-;-;-;-;-;-;-;-;11,02;-;-;-;-;-;-;-
BGIQ26C033100;BRBMEFCBQP73;AGRIBUSINESS;-;-;-;-;-;-;-;-;-;10,42;-;-;-;-;-;-;-
BGIQ26C033200;BRBMEFCBQP16;AGRIBUSINESS;-;-;-;-;-;-;-;-;-;9,85;-;-;-;-;-;-;-
BGIQ26C033300;BRBMEFCBQP81;AGRIBUSINESS;-;-;-;-;-;-;-;-;-;9,29;-;-;-;-;-;-;-
BGIQ26C033400;BRBMEFCBQP24;AGRIBUSINESS;-;-;-;-;-;-;-;-;-;8,76;-;-;-;-;-;-;-
BGIQ26C033500;BRBMEFCBQP99;AGRIBUSINESS;-;-;-;-;-;-;-;-;-;8,24;-;-;-;-;-;-;-
BGIQ26C033600;BRBMEFCBQP32;AGRIBUSINESS;7,45;7,45;7,45;7,45;7,45;-;-;-;-;7,74;-;-;-;-;1;100;245850
BGIQ26C033700;BRBMEFCBQPA3;AGRIBUSINESS;-;-;-;-;-;-;-;-;-;7,27;-;-;-;-;-;-;-
BGIQ26C033800;BRBMEFCBQP40;AGRIBUSINESS;-;-;-;-;-;-;-;-;-;6,82;-;-;-;-;-;-;-
BGIQ26C033900;BRBMEFCBQPB1;AGRIBUSINESS;-;-;-;-;-;-;-;-;-;6,39;-;-;-;-;-;-;-
BGIQ26C034000;BRBMEFCBQP57;AGRIBUSINESS;-;-;-;-;-;-;-;-;-;5,98;-;-;-;-;-;-;-
BGIQ26P032600;BRBMEFVBQOY6;AGRIBUSINESS;-;-;-;-;-;-;-;-;-;3,75;-;-;-;-;-;-;-
BGIQ26P032800;BRBMEFVBQOZ3;AGRIBUSINESS;-;-;-;-;-;-;-;-;-;4,37;-;-;-;-;-;-;-
BGIQ26P032900;BRBMEFVBQP62;AGRIBUSINESS;-;-;-;-;-;-;-;-;-;4,71;-;-;-;-;-;-;-
BGIQ26P033000;BRBMEFVBQP05;AGRIBUSINESS;-;-;-;-;-;-;-;-;-;5,06;-;-;-;-;-;-;-
BGIQ26P033100;BRBMEFVBQP70;AGRIBUSINESS;-;-;-;-;-;-;-;-;-;5,45;-;-;-;-;-;-;-
BGIQ26P033200;BRBMEFVBQP13;AGRIBUSINESS;-;-;-;-;-;-;-;-;-;5,84;-;-;-;-;-;-;-
BGIQ26P033300;BRBMEFVBQP88;AGRIBUSINESS;-;-;-;-;-;-;-;-;-;6,27;-;-;-;-;-;-;-
BGIQ26P033400;BRBMEFVBQP21;AGRIBUSINESS;-;-;-;-;-;-;-;-;-;6,71;-;-;-;-;-;-;-
BGIQ26P033500;BRBMEFVBQP96;AGRIBUSINESS;-;-;-;-;-;-;-;-;-;7,17;-;-;-;-;-;-;-
BGIQ26P033600;BRBMEFVBQP39;AGRIBUSINESS;7,5;7,5;7,5;7,5;7,5;-19,35;-;-;-;7,64;-;-;-;-;1;100;247500
BGIQ26P033700;BRBMEFVBQPA3;AGRIBUSINESS;-;-;-;-;-;-;-;-;-;8,15;-;-;-;-;-;-;-
BGIQ26P033800;BRBMEFVBQP47;AGRIBUSINESS;-;-;-;-;-;-;-;-;-;8,68;-;-;-;-;-;-;-
BGIQ26P033900;BRBMEFVBQPB1;AGRIBUSINESS;-;-;-;-;-;-;-;-;-;9,23;-;-;-;-;-;-;-
BGIQ26P034000;BRBMEFVBQP54;AGRIBUSINESS;-;-;-;-;-;-;-;-;-;9,79;-;-;-;-;-;-;-
BGIV26C033000;BRBMEFCB1KR6;AGRIBUSINESS;-;-;-;-;-;-;-;-;-;19,66;-;-;-;-;-;-;-
BGIV26C033100;BRBMEFCB1KS4;AGRIBUSINESS;-;-;-;-;-;-;-;-;-;19;-;-;-;-;-;-;-
BGIV26C033200;BRBMEFCB1KT2;AGRIBUSINESS;-;-;-;-;-;-;-;-;-;18,34;-;-;-;-;-;-;-
BGIV26C033300;BRBMEFCB1KU0;AGRIBUSINESS;-;-;-;-;-;-;-;-;-;17,69;-;-;-;-;-;-;-
BGIV26C033400;BRBMEFCB1KV8;AGRIBUSINESS;-;-;-;-;-;-;-;-;-;17,06;-;-;-;-;-;-;-
BGIV26C033600;BRBMEFCB1KW6;AGRIBUSINESS;-;-;-;-;-;-;-;-;-;15,82;-;-;-;-;-;-;-
BGIV26C033700;BRBMEFCB1KX4;AGRIBUSINESS;-;-;-;-;-;-;-;-;-;15,23;-;-;-;-;-;-;-
BGIV26C033800;BRBMEFCB1KY2;AGRIBUSINESS;-;-;-;-;-;-;-;-;-;14,66;-;-;-;-;-;-;-
BGIV26C033900;BRBMEFCB1KZ9;AGRIBUSINESS;-;-;-;-;-;-;-;-;-;14,1;-;-;-;-;-;-;-
BGIV26C034000;BRBMEFCB1L06;AGRIBUSINESS;-;-;-;-;-;-;-;-;-;13,56;-;-;-;-;-;-;-
BGIV26P033000;BRBMEFVB1KQ5;AGRIBUSINESS;-;-;-;-;-;-;-;-;-;5,24;-;-;-;-;-;-;-
BGIV26P033100;BRBMEFVB1KR3;AGRIBUSINESS;-;-;-;-;-;-;-;-;-;5,53;-;-;-;-;-;-;-
BGIV26P033200;BRBMEFVB1KS1;AGRIBUSINESS;-;-;-;-;-;-;-;-;-;5,83;-;-;-;-;-;-;-
BGIV26P033300;BRBMEFVB1KT9;AGRIBUSINESS;-;-;-;-;-;-;-;-;-;6,14;-;-;-;-;-;-;-
BGIV26P033400;BRBMEFVB1KU7;AGRIBUSINESS;-;-;-;-;-;-;-;-;-;6,46;-;-;-;-;-;-;-
BGIV26P033600;BRBMEFVB1KV5;AGRIBUSINESS;-;-;-;-;-;-;-;-;-;7,13;-;-;-;-;-;-;-
BGIV26P033700;BRBMEFVB1KW3;AGRIBUSINESS;-;-;-;-;-;-;-;-;-;7,5;-;-;-;-;-;-;-
BGIV26P033800;BRBMEFVB1KX1;AGRIBUSINESS;-;-;-;-;-;-;-;-;-;7,88;-;-;-;-;-;-;-
BGIV26P033900;BRBMEFVB1KY9;AGRIBUSINESS;-;-;-;-;-;-;-;-;-;8,27;-;-;-;-;-;-;-
BGIV26P034000;BRBMEFVB1KZ6;AGRIBUSINESS;-;-;-;-;-;-;-;-;-;8,69;-;-;-;-;-;-;-
BGIN26C030500;BRBMEFCBNRO7;AGRIBUSINESS;-;-;-;-;-;-;-;-;-;28,31;-;-;-;-;-;-;-
BGIN26C031100;BRBMEFCBNRP4;AGRIBUSINESS;-;-;-;-;-;-;-;-;-;22,64;-;-;-;-;-;-;-
BGIN26C031500;BRBMEFCBNRQ2;AGRIBUSINESS;-;-;-;-;-;-;-;-;-;18,97;-;-;-;-;-;-;-
BGIN26C032000;BRBMEFCBNRR0;AGRIBUSINESS;-;-;-;-;-;-;-;-;-;14,65;-;-;-;-;-;-;-
BGIN26C032500;BRBMEFCBNRS8;AGRIBUSINESS;-;-;-;-;-;-;-;-;-;10,76;-;-;-;-;-;-;-
BGIN26C032600;BRBMEFCBNRT6;AGRIBUSINESS;-;-;-;-;-;-;-;-;-;10,05;-;-;-;-;-;-;-
BGIN26C033500;BRBMEFCBNRU4;AGRIBUSINESS;-;-;-;-;-;-;-;-;-;4,86;-;-;-;-;-;-;-
BGIN26C034000;BRBMEFCBNRV2;AGRIBUSINESS;-;-;-;-;-;-;-;-;-;2,98;-;-;-;-;-;-;-
BGIN26C034500;BRBMEFCBNRW0;AGRIBUSINESS;-;-;-;-;-;-;-;-;-;1,73;-;-;-;-;-;-;-
BGIN26P030500;BRBMEFVBNRO7;AGRIBUSINESS;-;-;-;-;-;-;-;-;-;0,13;-;-;-;-;-;-;-
BGIN26P031100;BRBMEFVBNRP4;AGRIBUSINESS;-;-;-;-;-;-;-;-;-;0,38;-;-;-;-;-;-;-
BGIN26P031500;BRBMEFVBNRQ2;AGRIBUSINESS;-;-;-;-;-;-;-;-;-;0,66;-;-;-;-;-;-;-
BGIN26P032000;BRBMEFVBNRR0;AGRIBUSINESS;-;-;-;-;-;-;-;-;-;1,28;-;-;-;-;-;-;-
BGIN26P032500;BRBMEFVBNRS8;AGRIBUSINESS;-;-;-;-;-;-;-;-;-;2,32;-;-;-;-;-;-;-
BGIN26P032600;BRBMEFVBNRT6;AGRIBUSINESS;-;-;-;-;-;-;-;-;-;2,59;-;-;-;-;-;-;-
BGIN26P033500;BRBMEFVBNRU4;AGRIBUSINESS;-;-;-;-;-;-;-;-;-;6,29;-;-;-;-;-;-;-
BGIN26P034000;BRBMEFVBNRV2;AGRIBUSINESS;-;-;-;-;-;-;-;-;-;9,34;-;-;-;-;-;-;-
BGIN26P034500;BRBMEFVBNRW0;AGRIBUSINESS;-;-;-;-;-;-;-;-;-;13,03;-;-;-;-;-;-;-
BGIQ26C030500;BRBMEFCBQPC9;AGRIBUSINESS;-;-;-;-;-;-;-;-;-;30,99;-;-;-;-;-;-;-
BGIQ26C031000;BRBMEFCBQPD7;AGRIBUSINESS;-;-;-;-;-;-;-;-;-;26,46;-;-;-;-;-;-;-
BGIQ26C031100;BRBMEFCBQPE5;AGRIBUSINESS;-;-;-;-;-;-;-;-;-;25,57;-;-;-;-;-;-;-
BGIQ26C031500;BRBMEFCBQPF2;AGRIBUSINESS;-;-;-;-;-;-;-;-;-;22,13;-;-;-;-;-;-;-
BGIQ26C034500;BRBMEFCBQPG0;AGRIBUSINESS;-;-;-;-;-;-;-;-;-;4,24;-;-;-;-;-;-;-
BGIQ26P030500;BRBMEFVBQPC9;AGRIBUSINESS;-;-;-;-;-;-;-;-;-;0,63;-;-;-;-;-;-;-
BGIQ26P031000;BRBMEFVBQPD7;AGRIBUSINESS;-;-;-;-;-;-;-;-;-;0,98;-;-;-;-;-;-;-
BGIQ26P031100;BRBMEFVBQPE5;AGRIBUSINESS;-;-;-;-;-;-;-;-;-;1,07;-;-;-;-;-;-;-
BGIQ26P031500;BRBMEFVBQPF2;AGRIBUSINESS;2,4;2,4;2,4;2,4;2,4;4,34;-;-;-;1,53;-;-;-;-;1;8;6336
BGIQ26P034500;BRBMEFVBQPG0;AGRIBUSINESS;-;-;-;-;-;-;-;-;-;12,93;-;-;-;-;-;-;-
BGIU26C030500;BRBMEFCBUUH0;AGRIBUSINESS;-;-;-;-;-;-;-;-;-;32,63;-;-;-;-;-;-;-
BGIU26C031000;BRBMEFCBUUI8;AGRIBUSINESS;-;-;-;-;-;-;-;-;-;28,31;-;-;-;-;-;-;-
BGIU26C031100;BRBMEFCBUUJ6;AGRIBUSINESS;-;-;-;-;-;-;-;-;-;27,46;-;-;-;-;-;-;-
BGIU26C031500;BRBMEFCBUUK4;AGRIBUSINESS;-;-;-;-;-;-;-;-;-;24,16;-;-;-;-;-;-;-
BGIU26C032000;BRBMEFCBUUL2;AGRIBUSINESS;-;-;-;-;-;-;-;-;-;20,24;-;-;-;-;-;-;-
BGIU26C032500;BRBMEFCBUUM0;AGRIBUSINESS;-;-;-;-;-;-;-;-;-;16,65;-;-;-;-;-;-;-
BGIU26C032600;BRBMEFCBUUN8;AGRIBUSINESS;-;-;-;-;-;-;-;-;-;15,98;-;-;-;-;-;-;-
BGIU26C033000;BRBMEFCBUUO6;AGRIBUSINESS;-;-;-;-;-;-;-;-;-;13,42;-;-;-;-;-;-;-
BGIU26C033500;BRBMEFCBUUP3;AGRIBUSINESS;-;-;-;-;-;-;-;-;-;10,64;-;-;-;-;-;-;-
BGIU26C034500;BRBMEFCBUUQ1;AGRIBUSINESS;-;-;-;-;-;-;-;-;-;6,34;-;-;-;-;-;-;-
BGIU26P030500;BRBMEFVBUUG2;AGRIBUSINESS;-;-;-;-;-;-;-;-;-;1,25;-;-;-;-;-;-;-
BGIU26P031000;BRBMEFVBUUH0;AGRIBUSINESS;-;-;-;-;-;-;-;-;-;1,75;-;-;-;-;-;-;-
BGIU26P031100;BRBMEFVBUUI8;AGRIBUSINESS;-;-;-;-;-;-;-;-;-;1,88;-;-;-;-;-;-;-
BGIU26P031500;BRBMEFVBUUJ6;AGRIBUSINESS;-;-;-;-;-;-;-;-;-;2,44;-;-;-;-;-;-;-
BGIU26P032000;BRBMEFVBUUK4;AGRIBUSINESS;-;-;-;-;-;-;-;-;-;3,34;-;-;-;-;-;-;-
BGIU26P032500;BRBMEFVBUUL2;AGRIBUSINESS;-;-;-;-;-;-;-;-;-;4,58;-;-;-;-;-;-;-
BGIU26P032600;BRBMEFVBUUM0;AGRIBUSINESS;-;-;-;-;-;-;-;-;-;4,87;-;-;-;-;-;-;-
BGIU26P033000;BRBMEFVBUUN8;AGRIBUSINESS;-;-;-;-;-;-;-;-;-;6,18;-;-;-;-;-;-;-
BGIU26P033500;BRBMEFVBUUO6;AGRIBUSINESS;-;-;-;-;-;-;-;-;-;8,22;-;-;-;-;-;-;-
BGIU26P034500;BRBMEFVBUUP3;AGRIBUSINESS;-;-;-;-;-;-;-;-;-;13,58;-;-;-;-;-;-;-
BGIV26C032500;BRBMEFCB1L14;AGRIBUSINESS;-;-;-;-;-;-;-;-;-;23,21;-;-;-;-;-;-;-
BGIV26P032500;BRBMEFVB1L06;AGRIBUSINESS;-;-;-;-;-;-;-;-;-;4,01;-;-;-;-;-;-;-
BGIM26C035400;BRBMEFCBMMC5;AGRIBUSINESS;-;-;-;-;-;-;-;-;-;0,01;-;-;-;-;-;-;-
BGIM26P035400;BRBMEFVBMMC5;AGRIBUSINESS;-;-;-;-;-;-;-;-;-;14,58;-;-;-;-;-;-;-
BGIM26C035800;BRBMEFCBMMD3;AGRIBUSINESS;-;-;-;-;-;-;-;-;-;0,01;-;-;-;-;-;-;-
BGIM26P035800;BRBMEFVBMMD3;AGRIBUSINESS;-;-;-;-;-;-;-;-;-;18,58;-;-;-;-;-;-;-
BGIM26C033800;BRBMEFCBMME1;AGRIBUSINESS;-;-;-;-;-;-;-;-;-;1,93;-;-;-;-;-;-;-
BGIM26P033800;BRBMEFVBMME1;AGRIBUSINESS;-;-;-;-;-;-;-;-;-;0,54;-;-;-;-;-;-;-
BGIX26C035000;BRBMEFGI0261;AGRIBUSINESS;-;-;-;-;-;-;-;-;-;11,67;-;-;-;-;-;-;-
BGIX26C035050;BRBMEFGI0279;AGRIBUSINESS;-;-;-;-;-;-;-;-;-;11,45;-;-;-;-;-;-;-
BGIX26C035100;BRBMEFGI0287;AGRIBUSINESS;-;-;-;-;-;-;-;-;-;11,23;-;-;-;-;-;-;-
BGIX26C035150;BRBMEFGI0295;AGRIBUSINESS;-;-;-;-;-;-;-;-;-;11,03;-;-;-;-;-;-;-
BGIX26P035000;BRBMEFBG0243;AGRIBUSINESS;-;-;-;-;-;-;-;-;-;12,62;-;-;-;-;-;-;-
BGIX26P035050;BRBMEFBG0250;AGRIBUSINESS;-;-;-;-;-;-;-;-;-;12,87;-;-;-;-;-;-;-
BGIX26P035100;BRBMEFBG0268;AGRIBUSINESS;-;-;-;-;-;-;-;-;-;13,12;-;-;-;-;-;-;-
BGIX26P035150;BRBMEFBG0276;AGRIBUSINESS;-;-;-;-;-;-;-;-;-;13,39;-;-;-;-;-;-;-
BGIM26C034100;BRBMEFCBMMF8;AGRIBUSINESS;-;-;-;-;-;-;-;-;-;0,47;-;-;-;-;-;-;-
BGIM26P034100;BRBMEFVBMMF8;AGRIBUSINESS;-;-;-;-;-;-;-;-;-;2,07;-;-;-;-;-;-;-
BGIU26C036500;BRBMEFCBUUR9;AGRIBUSINESS;-;-;-;-;-;-;-;-;-;2,09;-;-;-;-;-;-;-
BGIU26C039500;BRBMEFCBUUS7;AGRIBUSINESS;-;-;-;-;-;-;-;-;-;0,37;-;-;-;-;-;-;-
BGIU26P036500;BRBMEFVBUUQ1;AGRIBUSINESS;-;-;-;-;-;-;-;-;-;28,64;-;-;-;-;-;-;-
BGIU26P039500;BRBMEFVBUUR9;AGRIBUSINESS;-;-;-;-;-;-;-;-;-;55,9;-;-;-;-;-;-;-
BGIM26C035200;BRBMEFCBMMG6;AGRIBUSINESS;-;-;-;-;-;-;-;-;-;0,01;-;-;-;-;-;-;-
BGIM26P035200;BRBMEFVBMMG6;AGRIBUSINESS;-;-;-;-;-;-;-;-;-;12,59;-;-;-;-;-;-;-
BGIM26C036000;BRBMEFCBMMH4;AGRIBUSINESS;-;-;-;-;-;-;-;-;-;0,01;-;-;-;-;-;-;-
BGIM26P036000;BRBMEFVBMMH4;AGRIBUSINESS;-;-;-;-;-;-;-;-;-;20,58;-;-;-;-;-;-;-
BGIM26C034700;BRBMEFCBMMI2;AGRIBUSINESS;-;-;-;-;-;-;-;-;-;0,01;-;-;-;-;-;-;-
BGIM26P034700;BRBMEFVBMMI2;AGRIBUSINESS;-;-;-;-;-;-;-;-;-;7,6;-;-;-;-;-;-;-
BGIV26C037500;BRBMEFCB1L22;AGRIBUSINESS;-;-;-;-;-;-;-;-;-;2,79;-;-;-;-;-;-;-
BGIV26P037500;BRBMEFVB1L14;AGRIBUSINESS;-;-;-;-;-;-;-;-;-;31,35;-;-;-;-;-;-;-
BGIM26C036500;BRBMEFCBMMJ0;AGRIBUSINESS;-;-;-;-;-;-;-;-;-;0,01;-;-;-;-;-;-;-
BGIM26P036500;BRBMEFVBMMJ0;AGRIBUSINESS;-;-;-;-;-;-;-;-;-;25,57;-;-;-;-;-;-;-
BGIU26C037000;BRBMEFCBUUT5;AGRIBUSINESS;-;-;-;-;-;-;-;-;-;1,58;-;-;-;-;-;-;-
BGIU26P037000;BRBMEFVBUUS7;AGRIBUSINESS;-;-;-;-;-;-;-;-;-;32,96;-;-;-;-;-;-;-
BGIM26C033500;BRBMEFCBMMK8;AGRIBUSINESS;-;-;-;-;-;-;-;-;-;4,48;-;-;-;-;-;-;-
BGIM26P033500;BRBMEFVBMMK8;AGRIBUSINESS;-;-;-;-;-;-;-;-;-;0,08;-;-;-;-;-;-;-
BGIQ26C037000;BRBMEFCBQPH8;AGRIBUSINESS;-;-;-;-;-;-;-;-;-;0,65;-;-;-;-;-;-;-
BGIQ26P037000;BRBMEFVBQPH8;AGRIBUSINESS;-;-;-;-;-;-;-;-;-;33,75;-;-;-;-;-;-;-
BGIM26C034800;BRBMEFCBMML6;AGRIBUSINESS;-;-;-;-;-;-;-;-;-;0,01;-;-;-;-;-;-;-
BGIM26C036800;BRBMEFCBMMM4;AGRIBUSINESS;-;-;-;-;-;-;-;-;-;0,01;-;-;-;-;-;-;-
BGIM26P034800;BRBMEFVBMML6;AGRIBUSINESS;-;-;-;-;-;-;-;-;-;8,59;-;-;-;-;-;-;-
BGIM26P036800;BRBMEFVBMMM4;AGRIBUSINESS;-;-;-;-;-;-;-;-;-;28,57;-;-;-;-;-;-;-
BGIX26C034000;BRBMEFGI02A3;AGRIBUSINESS;-;-;-;-;-;-;-;-;-;16,76;-;-;-;-;-;-;-
BGIX26C038000;BRBMEFGI02B1;AGRIBUSINESS;-;-;-;-;-;-;-;-;-;3,47;-;-;-;-;-;-;-
BGIX26P034000;BRBMEFBG0284;AGRIBUSINESS;-;-;-;-;-;-;-;-;-;8,25;-;-;-;-;-;-;-
BGIX26P038000;BRBMEFBG0292;AGRIBUSINESS;-;-;-;-;-;-;-;-;-;32,79;-;-;-;-;-;-;-
BGIN26C034600;BRBMEFCBNRX8;AGRIBUSINESS;-;-;-;-;-;-;-;-;-;1,55;-;-;-;-;-;-;-
BGIN26C035600;BRBMEFCBNRY6;AGRIBUSINESS;-;-;-;-;-;-;-;-;-;0,46;-;-;-;-;-;-;-
BGIN26C036600;BRBMEFCBNRZ3;AGRIBUSINESS;-;-;-;-;-;-;-;-;-;0,1;-;-;-;-;-;-;-
BGIN26P034600;BRBMEFVBNRX8;AGRIBUSINESS;-;-;-;-;-;-;-;-;-;13,83;-;-;-;-;-;-;-
BGIN26P035600;BRBMEFVBNRY6;AGRIBUSINESS;-;-;-;-;-;-;-;-;-;22,62;-;-;-;-;-;-;-
BGIN26P036600;BRBMEFVBNRZ3;AGRIBUSINESS;-;-;-;-;-;-;-;-;-;32,13;-;-;-;-;-;-;-
BGIV26C032000;BRBMEFCB1L30;AGRIBUSINESS;-;-;-;-;-;-;-;-;-;27,04;-;-;-;-;-;-;-
BGIV26P032000;BRBMEFVB1L22;AGRIBUSINESS;-;-;-;-;-;-;-;-;-;3,06;-;-;-;-;-;-;-
BGIM26C035500;BRBMEFCBMMN2;AGRIBUSINESS;-;-;-;-;-;-;-;-;-;0,01;-;-;-;-;-;-;-
BGIM26P035500;BRBMEFVBMMN2;AGRIBUSINESS;-;-;-;-;-;-;-;-;-;15,58;-;-;-;-;-;-;-
BGIU26C040000;BRBMEFCBUUU3;AGRIBUSINESS;-;-;-;-;-;-;-;-;-;0,26;-;-;-;-;-;-;-
BGIU26P040000;BRBMEFVBUUT5;AGRIBUSINESS;-;-;-;-;-;-;-;-;-;60,61;-;-;-;-;-;-;-
BGIX26C033500;BRBMEFGI02C9;AGRIBUSINESS;-;-;-;-;-;-;-;-;-;19,8;-;-;-;-;-;-;-
BGIX26P033500;BRBMEFBG02A8;AGRIBUSINESS;-;-;-;-;-;-;-;-;-;6,56;-;-;-;-;-;-;-
BGIU26C033200;BRBMEFCBUUV1;AGRIBUSINESS;-;-;-;-;-;-;-;-;-;12,26;-;-;-;-;-;-;-
BGIU26P033200;BRBMEFVBUUU3;AGRIBUSINESS;-;-;-;-;-;-;-;-;-;6,95;-;-;-;-;-;-;-
BGIV26C035300;BRBMEFCB1L48;AGRIBUSINESS;-;-;-;-;-;-;-;-;-;7,77;-;-;-;-;-;-;-
BGIV26P035300;BRBMEFVB1L30;AGRIBUSINESS;-;-;-;-;-;-;-;-;-;15,31;-;-;-;-;-;-;-
BGIM26C034500;BRBMEFCBMMO0;AGRIBUSINESS;-;-;-;-;-;-;-;-;-;0,03;-;-;-;-;-;-;-
BGIM26P034500;BRBMEFVBMMO0;AGRIBUSINESS;-;-;-;-;-;-;-;-;-;5,62;-;-;-;-;-;-;-
BGIM26C028000;BRBMEFCBMMP7;AGRIBUSINESS;-;-;-;-;-;-;-;-;-;59,34;-;-;-;-;-;-;-
BGIM26C028500;BRBMEFCBMMQ5;AGRIBUSINESS;-;-;-;-;-;-;-;-;-;54,34;-;-;-;-;-;-;-
BGIM26C029000;BRBMEFCBMMR3;AGRIBUSINESS;-;-;-;-;-;-;-;-;-;49,35;-;-;-;-;-;-;-
BGIM26P028000;BRBMEFVBMMP7;AGRIBUSINESS;-;-;-;-;-;-;-;-;-;0,01;-;-;-;-;-;-;-
BGIM26P028500;BRBMEFVBMMQ5;AGRIBUSINESS;-;-;-;-;-;-;-;-;-;0,01;-;-;-;-;-;-;-
BGIM26P029000;BRBMEFVBMMR3;AGRIBUSINESS;-;-;-;-;-;-;-;-;-;0,01;-;-;-;-;-;-;-
BGIN26C028000;BRBMEFCBNS08;AGRIBUSINESS;-;-;-;-;-;-;-;-;-;52,85;-;-;-;-;-;-;-
BGIN26C028500;BRBMEFCBNS16;AGRIBUSINESS;-;-;-;-;-;-;-;-;-;47,92;-;-;-;-;-;-;-
BGIN26C029000;BRBMEFCBNS24;AGRIBUSINESS;-;-;-;-;-;-;-;-;-;42,99;-;-;-;-;-;-;-
BGIN26P028000;BRBMEFVBNS05;AGRIBUSINESS;-;-;-;-;-;-;-;-;-;0,01;-;-;-;-;-;-;-
BGIN26P028500;BRBMEFVBNS13;AGRIBUSINESS;-;-;-;-;-;-;-;-;-;0,01;-;-;-;-;-;-;-
BGIN26P029000;BRBMEFVBNS21;AGRIBUSINESS;-;-;-;-;-;-;-;-;-;0,01;-;-;-;-;-;-;-
BGIN26C035500;BRBMEFCBNS32;AGRIBUSINESS;-;-;-;-;-;-;-;-;-;0,52;-;-;-;-;-;-;-
BGIN26P035500;BRBMEFVBNS39;AGRIBUSINESS;-;-;-;-;-;-;-;-;-;21,69;-;-;-;-;-;-;-
BGIQ26C035500;BRBMEFCBQPI6;AGRIBUSINESS;3,04;3,04;3,04;3,04;3,04;-24;-;-;-;2,05;-;-;-;-;1;30;30096
BGIQ26P035500;BRBMEFVBQPI6;AGRIBUSINESS;-;-;-;-;-;-;-;-;-;20,5;-;-;-;-;-;-;-
BGIX26C033000;BRBMEFGI02D7;AGRIBUSINESS;-;-;-;-;-;-;-;-;-;23,1;-;-;-;-;-;-;-
BGIX26C036500;BRBMEFGI02E5;AGRIBUSINESS;-;-;-;-;-;-;-;-;-;6,42;-;-;-;-;-;-;-
BGIX26P033000;BRBMEFBG02B6;AGRIBUSINESS;-;-;-;-;-;-;-;-;-;5,13;-;-;-;-;-;-;-
BGIX26P036500;BRBMEFBG02C4;AGRIBUSINESS;-;-;-;-;-;-;-;-;-;21,55;-;-;-;-;-;-;-
BGIM26C031600;BRBMEFCBMMS1;AGRIBUSINESS;-;-;-;-;-;-;-;-;-;23,38;-;-;-;-;-;-;-
BGIM26C031700;BRBMEFCBMMT9;AGRIBUSINESS;-;-;-;-;-;-;-;-;-;22,38;-;-;-;-;-;-;-
BGIM26C031800;BRBMEFCBMMU7;AGRIBUSINESS;-;-;-;-;-;-;-;-;-;21,38;-;-;-;-;-;-;-
BGIM26C031900;BRBMEFCBMMV5;AGRIBUSINESS;-;-;-;-;-;-;-;-;-;20,38;-;-;-;-;-;-;-
BGIM26C033400;BRBMEFCBMMW3;AGRIBUSINESS;-;-;-;-;-;-;-;-;-;5,43;-;-;-;-;-;-;-
BGIM26C033600;BRBMEFCBMMX1;AGRIBUSINESS;-;-;-;-;-;-;-;-;-;3,56;-;-;-;-;-;-;-
BGIM26C033700;BRBMEFCBMMY9;AGRIBUSINESS;-;-;-;-;-;-;-;-;-;2,7;-;-;-;-;-;-;-
BGIM26C034200;BRBMEFCBMMZ6;AGRIBUSINESS;-;-;-;-;-;-;-;-;-;0,26;-;-;-;-;-;-;-
BGIM26C034300;BRBMEFCBMN04;AGRIBUSINESS;-;-;-;-;-;-;-;-;-;0,13;-;-;-;-;-;-;-
BGIM26C034900;BRBMEFCBMN12;AGRIBUSINESS;-;-;-;-;-;-;-;-;-;0,01;-;-;-;-;-;-;-
BGIM26P031600;BRBMEFVBMMS1;AGRIBUSINESS;-;-;-;-;-;-;-;-;-;0,01;-;-;-;-;-;-;-
BGIM26P031700;BRBMEFVBMMT9;AGRIBUSINESS;-;-;-;-;-;-;-;-;-;0,01;-;-;-;-;-;-;-
BGIM26P031800;BRBMEFVBMMU7;AGRIBUSINESS;-;-;-;-;-;-;-;-;-;0,01;-;-;-;-;-;-;-
BGIM26P031900;BRBMEFVBMMV5;AGRIBUSINESS;-;-;-;-;-;-;-;-;-;0,01;-;-;-;-;-;-;-
BGIM26P033400;BRBMEFVBMMW3;AGRIBUSINESS;-;-;-;-;-;-;-;-;-;0,04;-;-;-;-;-;-;-
BGIM26P033600;BRBMEFVBMMX1;AGRIBUSINESS;-;-;-;-;-;-;-;-;-;0,16;-;-;-;-;-;-;-
BGIM26P033700;BRBMEFVBMMY9;AGRIBUSINESS;-;-;-;-;-;-;-;-;-;0,3;-;-;-;-;-;-;-
BGIM26P034200;BRBMEFVBMMZ6;AGRIBUSINESS;-;-;-;-;-;-;-;-;-;2,85;-;-;-;-;-;-;-
BGIM26P034300;BRBMEFVBMN01;AGRIBUSINESS;-;-;-;-;-;-;-;-;-;3,73;-;-;-;-;-;-;-
BGIM26P034900;BRBMEFVBMN19;AGRIBUSINESS;-;-;-;-;-;-;-;-;-;9,59;-;-;-;-;-;-;-
BGIQ26C036500;BRBMEFCBQPJ4;AGRIBUSINESS;-;-;-;-;-;-;-;-;-;0,95;-;-;-;-;-;-;-
BGIQ26P036500;BRBMEFVBQPJ4;AGRIBUSINESS;-;-;-;-;-;-;-;-;-;29,17;-;-;-;-;-;-;-
BGIQ26C034600;BRBMEFCBQPK2;AGRIBUSINESS;-;-;-;-;-;-;-;-;-;3,95;-;-;-;-;-;-;-
BGIQ26P034600;BRBMEFVBQPK2;AGRIBUSINESS;-;-;-;-;-;-;-;-;-;13,62;-;-;-;-;-;-;-
BGIX26C032700;BRBMEFGI02F2;AGRIBUSINESS;-;-;-;-;-;-;-;-;-;25,24;-;-;-;-;-;-;-
BGIX26C034200;BRBMEFGI02G0;AGRIBUSINESS;-;-;-;-;-;-;-;-;-;15,65;-;-;-;-;-;-;-
BGIX26P032700;BRBMEFBG02D2;AGRIBUSINESS;-;-;-;-;-;-;-;-;-;4,44;-;-;-;-;-;-;-
BGIX26P034200;BRBMEFBG02E0;AGRIBUSINESS;-;-;-;-;-;-;-;-;-;9,03;-;-;-;-;-;-;-
BGIU26C034700;BRBMEFCBUUW9;AGRIBUSINESS;-;-;-;-;-;-;-;-;-;5,67;-;-;-;-;-;-;-
BGIU26P034700;BRBMEFVBUUV1;AGRIBUSINESS;-;-;-;-;-;-;-;-;-;14,85;-;-;-;-;-;-;-
BGIM26C034400;BRBMEFCBMN20;AGRIBUSINESS;-;-;-;-;-;-;-;-;-;0,07;-;-;-;-;-;-;-
BGIM26P034400;BRBMEFVBMN27;AGRIBUSINESS;-;-;-;-;-;-;-;-;-;4,66;-;-;-;-;-;-;-
BGIN26C032800;BRBMEFCBNS40;AGRIBUSINESS;-;-;-;-;-;-;-;-;-;8,7;-;-;-;-;-;-;-
BGIN26C036000;BRBMEFCBNS57;AGRIBUSINESS;-;-;-;-;-;-;-;-;-;0,27;-;-;-;-;-;-;-
BGIN26P032800;BRBMEFVBNS47;AGRIBUSINESS;-;-;-;-;-;-;-;-;-;3,22;-;-;-;-;-;-;-
BGIN26P036000;BRBMEFVBNS54;AGRIBUSINESS;-;-;-;-;-;-;-;-;-;26,37;-;-;-;-;-;-;-
BGIQ26C036000;BRBMEFCBQPL0;AGRIBUSINESS;-;-;-;-;-;-;-;-;-;1,41;-;-;-;-;-;-;-
BGIQ26P036000;BRBMEFVBQPL0;AGRIBUSINESS;-;-;-;-;-;-;-;-;-;24,74;-;-;-;-;-;-;-
BGIM26C035100;BRBMEFCBMN38;AGRIBUSINESS;-;-;-;-;-;-;-;-;-;0,01;-;-;-;-;-;-;-
BGIM26P035100;BRBMEFVBMN35;AGRIBUSINESS;-;-;-;-;-;-;-;-;-;11,59;-;-;-;-;-;-;-
BGIM26C034600;BRBMEFCBMN46;AGRIBUSINESS;-;-;-;-;-;-;-;-;-;0,01;-;-;-;-;-;-;-
BGIM26P034600;BRBMEFVBMN43;AGRIBUSINESS;-;-;-;-;-;-;-;-;-;6,6;-;-;-;-;-;-;-
BGIN26C035000;BRBMEFCBNS65;AGRIBUSINESS;-;-;-;-;-;-;-;-;-;0,97;-;-;-;-;-;-;-
BGIN26C036500;BRBMEFCBNS73;AGRIBUSINESS;-;-;-;-;-;-;-;-;-;0,12;-;-;-;-;-;-;-
BGIN26P035000;BRBMEFVBNS62;AGRIBUSINESS;-;-;-;-;-;-;-;-;-;17,2;-;-;-;-;-;-;-
BGIN26P036500;BRBMEFVBNS70;AGRIBUSINESS;-;-;-;-;-;-;-;-;-;31,16;-;-;-;-;-;-;-
BGIQ26C034200;BRBMEFCBQPM8;AGRIBUSINESS;-;-;-;-;-;-;-;-;-;5,22;-;-;-;-;-;-;-
BGIQ26P034200;BRBMEFVBQPM8;AGRIBUSINESS;-;-;-;-;-;-;-;-;-;10,98;-;-;-;-;-;-;-
BGIX26C037000;BRBMEFGI02H8;AGRIBUSINESS;-;-;-;-;-;-;-;-;-;5,22;-;-;-;-;-;-;-
BGIX26P037000;BRBMEFBG02F7;AGRIBUSINESS;-;-;-;-;-;-;-;-;-;25,08;-;-;-;-;-;-;-
BGIM26C039000;BRBMEFCBMN53;AGRIBUSINESS;-;-;-;-;-;-;-;-;-;0,01;-;-;-;-;-;-;-
BGIM26C040000;BRBMEFCBMN61;AGRIBUSINESS;-;-;-;-;-;-;-;-;-;0,01;-;-;-;-;-;-;-
BGIM26P039000;BRBMEFVBMN50;AGRIBUSINESS;-;-;-;-;-;-;-;-;-;50,55;-;-;-;-;-;-;-
BGIM26P040000;BRBMEFVBMN68;AGRIBUSINESS;-;-;-;-;-;-;-;-;-;60,54;-;-;-;-;-;-;-
BGIN26C035100;BRBMEFCBNS81;AGRIBUSINESS;-;-;-;-;-;-;-;-;-;0,85;-;-;-;-;-;-;-
BGIN26P035100;BRBMEFVBNS88;AGRIBUSINESS;-;-;-;-;-;-;-;-;-;18,08;-;-;-;-;-;-;-
BGIN26C034800;BRBMEFCBNS99;AGRIBUSINESS;-;-;-;-;-;-;-;-;-;1,23;-;-;-;-;-;-;-
BGIN26P034800;BRBMEFVBNS96;AGRIBUSINESS;-;-;-;-;-;-;-;-;-;15,49;-;-;-;-;-;-;-
BGIU26C035500;BRBMEFCBUUX7;AGRIBUSINESS;-;-;-;-;-;-;-;-;-;3,63;-;-;-;-;-;-;-
BGIU26P035500;BRBMEFVBUUW9;AGRIBUSINESS;-;-;-;-;-;-;-;-;-;20,53;-;-;-;-;-;-;-
BGIV26C031700;BRBMEFCB1L55;AGRIBUSINESS;-;-;-;-;-;-;-;-;-;29,43;-;-;-;-;-;-;-
BGIV26C031800;BRBMEFCB1L63;AGRIBUSINESS;-;-;-;-;-;-;-;-;-;28,62;-;-;-;-;-;-;-
BGIV26C031900;BRBMEFCB1L71;AGRIBUSINESS;-;-;-;-;-;-;-;-;-;27,83;-;-;-;-;-;-;-
BGIV26P031700;BRBMEFVB1L48;AGRIBUSINESS;-;-;-;-;-;-;-;-;-;2,59;-;-;-;-;-;-;-
BGIV26P031800;BRBMEFVB1L55;AGRIBUSINESS;-;-;-;-;-;-;-;-;-;2,74;-;-;-;-;-;-;-
BGIV26P031900;BRBMEFVB1L63;AGRIBUSINESS;-;-;-;-;-;-;-;-;-;2,9;-;-;-;-;-;-;-
BGIX26C031700;BRBMEFGI02I6;AGRIBUSINESS;-;-;-;-;-;-;-;-;-;32,95;-;-;-;-;-;-;-
BGIX26C031800;BRBMEFGI02J4;AGRIBUSINESS;-;-;-;-;-;-;-;-;-;32,15;-;-;-;-;-;-;-
BGIX26C031900;BRBMEFGI02K2;AGRIBUSINESS;-;-;-;-;-;-;-;-;-;31,36;-;-;-;-;-;-;-
BGIX26P031700;BRBMEFBG02G5;AGRIBUSINESS;-;-;-;-;-;-;-;-;-;2,69;-;-;-;-;-;-;-
BGIX26P031800;BRBMEFBG02H3;AGRIBUSINESS;-;-;-;-;-;-;-;-;-;2,83;-;-;-;-;-;-;-
BGIX26P031900;BRBMEFBG02I1;AGRIBUSINESS;-;-;-;-;-;-;-;-;-;2,99;-;-;-;-;-;-;-
BGIM26C031850;BRBMEFCBMN79;AGRIBUSINESS;-;-;-;-;-;-;-;-;-;20,88;-;-;-;-;-;-;-
BGIM26C032400;BRBMEFCBMN87;AGRIBUSINESS;-;-;-;-;-;-;-;-;-;15,38;-;-;-;-;-;-;-
BGIM26C032700;BRBMEFCBMN95;AGRIBUSINESS;-;-;-;-;-;-;-;-;-;12,39;-;-;-;-;-;-;-
BGIM26P031850;BRBMEFVBMN76;AGRIBUSINESS;-;-;-;-;-;-;-;-;-;0,01;-;-;-;-;-;-;-
BGIM26P032400;BRBMEFVBMN84;AGRIBUSINESS;-;-;-;-;-;-;-;-;-;0,01;-;-;-;-;-;-;-
BGIM26P032700;BRBMEFVBMN92;AGRIBUSINESS;-;-;-;-;-;-;-;-;-;0,01;-;-;-;-;-;-;-
BGIN26C031850;BRBMEFCBNSA4;AGRIBUSINESS;-;-;-;-;-;-;-;-;-;15,91;-;-;-;-;-;-;-
BGIN26C032400;BRBMEFCBNSB2;AGRIBUSINESS;-;-;-;-;-;-;-;-;-;11,49;-;-;-;-;-;-;-
BGIN26C032700;BRBMEFCBNSC0;AGRIBUSINESS;-;-;-;-;-;-;-;-;-;9,36;-;-;-;-;-;-;-
BGIN26P031850;BRBMEFVBNSA4;AGRIBUSINESS;-;-;-;-;-;-;-;-;-;1,06;-;-;-;-;-;-;-
BGIN26P032400;BRBMEFVBNSB2;AGRIBUSINESS;-;-;-;-;-;-;-;-;-;2,07;-;-;-;-;-;-;-
BGIN26P032700;BRBMEFVBNSC0;AGRIBUSINESS;-;-;-;-;-;-;-;-;-;2,89;-;-;-;-;-;-;-
BGIV26C034800;BRBMEFCB1L89;AGRIBUSINESS;-;-;-;-;-;-;-;-;-;9,69;-;-;-;-;-;-;-
BGIV26C037100;BRBMEFCB1L97;AGRIBUSINESS;-;-;-;-;-;-;-;-;-;3,36;-;-;-;-;-;-;-
BGIV26P034800;BRBMEFVB1L71;AGRIBUSINESS;-;-;-;-;-;-;-;-;-;12,46;-;-;-;-;-;-;-
BGIV26P037100;BRBMEFVB1L89;AGRIBUSINESS;-;-;-;-;-;-;-;-;-;28,1;-;-;-;-;-;-;-
BGIM26C038600;BRBMEFCBMNA7;AGRIBUSINESS;-;-;-;-;-;-;-;-;-;0,01;-;-;-;-;-;-;-
BGIM26P038600;BRBMEFVBMNA7;AGRIBUSINESS;-;-;-;-;-;-;-;-;-;46,55;-;-;-;-;-;-;-
BGIN26C033200;BRBMEFCBNSD8;AGRIBUSINESS;-;-;-;-;-;-;-;-;-;6,33;-;-;-;-;-;-;-
BGIN26P033200;BRBMEFVBNSD8;AGRIBUSINESS;-;-;-;-;-;-;-;-;-;4,8;-;-;-;-;-;-;-
BGIU26C036000;BRBMEFCBUUY5;AGRIBUSINESS;-;-;-;-;-;-;-;-;-;2,75;-;-;-;-;-;-;-
BGIU26P036000;BRBMEFVBUUX7;AGRIBUSINESS;-;-;-;-;-;-;-;-;-;24,48;-;-;-;-;-;-;-
BGIX26C037500;BRBMEFGI02L0;AGRIBUSINESS;-;-;-;-;-;-;-;-;-;4,24;-;-;-;-;-;-;-
BGIX26P037500;BRBMEFBG02J9;AGRIBUSINESS;-;-;-;-;-;-;-;-;-;28,83;-;-;-;-;-;-;-
BGIM26C032200;BRBMEFCBMNB5;AGRIBUSINESS;-;-;-;-;-;-;-;-;-;17,38;-;-;-;-;-;-;-
BGIM26P032200;BRBMEFVBMNB5;AGRIBUSINESS;-;-;-;-;-;-;-;-;-;0,01;-;-;-;-;-;-;-
BGIN26C034300;BRBMEFCBNSE6;AGRIBUSINESS;-;-;-;-;-;-;-;-;-;2,16;-;-;-;-;-;-;-
BGIN26P034300;BRBMEFVBNSE6;AGRIBUSINESS;-;-;-;-;-;-;-;-;-;11,49;-;-;-;-;-;-;-
BGIQ26C031800;BRBMEFCBQPN6;AGRIBUSINESS;-;-;-;-;-;-;-;-;-;19,64;-;-;-;-;-;-;-
BGIQ26C034150;BRBMEFCBQPO4;AGRIBUSINESS;-;-;-;-;-;-;-;-;-;5,41;-;-;-;-;-;-;-
BGIQ26C036300;BRBMEFCBQPP1;AGRIBUSINESS;-;-;-;-;-;-;-;-;-;1,11;-;-;-;-;-;-;-
BGIQ26P031800;BRBMEFVBQPN6;AGRIBUSINESS;-;-;-;-;-;-;-;-;-;1,97;-;-;-;-;-;-;-
BGIQ26P034150;BRBMEFVBQPO4;AGRIBUSINESS;-;-;-;-;-;-;-;-;-;10,68;-;-;-;-;-;-;-
BGIQ26P036300;BRBMEFVBQPP1;AGRIBUSINESS;-;-;-;-;-;-;-;-;-;27,37;-;-;-;-;-;-;-
BGIQ26C037500;BRBMEFCBQPQ9;AGRIBUSINESS;-;-;-;-;-;-;-;-;-;0,45;-;-;-;-;-;-;-
BGIQ26P037500;BRBMEFVBQPQ9;AGRIBUSINESS;-;-;-;-;-;-;-;-;-;38,43;-;-;-;-;-;-;-
BGIU26C037500;BRBMEFCBUUZ2;AGRIBUSINESS;-;-;-;-;-;-;-;-;-;1,2;-;-;-;-;-;-;-
BGIU26P037500;BRBMEFVBUUY5;AGRIBUSINESS;-;-;-;-;-;-;-;-;-;37,41;-;-;-;-;-;-;-
BGIN26C037500;BRBMEFCBNSF3;AGRIBUSINESS;-;-;-;-;-;-;-;-;-;0,02;-;-;-;-;-;-;-
BGIN26P037500;BRBMEFVBNSF3;AGRIBUSINESS;-;-;-;-;-;-;-;-;-;40,93;-;-;-;-;-;-;-
BGIX26C032000;BRBMEFGI02M8;AGRIBUSINESS;-;-;-;-;-;-;-;-;-;30,57;-;-;-;-;-;-;-
BGIX26P032000;BRBMEFBG02K7;AGRIBUSINESS;-;-;-;-;-;-;-;-;-;3,14;-;-;-;-;-;-;-
BGIM26C035300;BRBMEFCBMNC3;AGRIBUSINESS;-;-;-;-;-;-;-;-;-;0,01;-;-;-;-;-;-;-
BGIM26P035300;BRBMEFVBMNC3;AGRIBUSINESS;-;-;-;-;-;-;-;-;-;13,59;-;-;-;-;-;-;-
BGIM26C035550;BRBMEFCBMND1;AGRIBUSINESS;-;-;-;-;-;-;-;-;-;0,01;-;-;-;-;-;-;-
BGIM26C035600;BRBMEFCBMNE9;AGRIBUSINESS;-;-;-;-;-;-;-;-;-;0,01;-;-;-;-;-;-;-
BGIM26P035550;BRBMEFVBMND1;AGRIBUSINESS;-;-;-;-;-;-;-;-;-;16,08;-;-;-;-;-;-;-
BGIM26P035600;BRBMEFVBMNE9;AGRIBUSINESS;-;-;-;-;-;-;-;-;-;16,58;-;-;-;-;-;-;-
BGIN26C035250;BRBMEFCBNSG1;AGRIBUSINESS;-;-;-;-;-;-;-;-;-;0,71;-;-;-;-;-;-;-
BGIN26C035300;BRBMEFCBNSH9;AGRIBUSINESS;-;-;-;-;-;-;-;-;-;0,67;-;-;-;-;-;-;-
BGIN26C035400;BRBMEFCBNSI7;AGRIBUSINESS;-;-;-;-;-;-;-;-;-;0,59;-;-;-;-;-;-;-
BGIN26P035250;BRBMEFVBNSG1;AGRIBUSINESS;-;-;-;-;-;-;-;-;-;19,41;-;-;-;-;-;-;-
BGIN26P035300;BRBMEFVBNSH9;AGRIBUSINESS;-;-;-;-;-;-;-;-;-;19,86;-;-;-;-;-;-;-
BGIN26P035400;BRBMEFVBNSI7;AGRIBUSINESS;-;-;-;-;-;-;-;-;-;20,77;-;-;-;-;-;-;-
BGIQ26C035050;BRBMEFCBQPR7;AGRIBUSINESS;-;-;-;-;-;-;-;-;-;2,84;-;-;-;-;-;-;-
BGIQ26C035100;BRBMEFCBQPS5;AGRIBUSINESS;-;-;-;-;-;-;-;-;-;2,74;-;-;-;-;-;-;-
BGIQ26C035150;BRBMEFCBQPT3;AGRIBUSINESS;-;-;-;-;-;-;-;-;-;2,65;-;-;-;-;-;-;-
BGIQ26P035050;BRBMEFVBQPR7;AGRIBUSINESS;-;-;-;-;-;-;-;-;-;16,9;-;-;-;-;-;-;-
BGIQ26P035100;BRBMEFVBQPS5;AGRIBUSINESS;-;-;-;-;-;-;-;-;-;17,29;-;-;-;-;-;-;-
BGIQ26P035150;BRBMEFVBQPT3;AGRIBUSINESS;-;-;-;-;-;-;-;-;-;17,68;-;-;-;-;-;-;-
BGIU26C035150;BRBMEFCBUV04;AGRIBUSINESS;-;-;-;-;-;-;-;-;-;4,43;-;-;-;-;-;-;-
BGIU26C035200;BRBMEFCBUV12;AGRIBUSINESS;-;-;-;-;-;-;-;-;-;4,31;-;-;-;-;-;-;-
BGIU26C035250;BRBMEFCBUV20;AGRIBUSINESS;-;-;-;-;-;-;-;-;-;4,19;-;-;-;-;-;-;-
BGIU26P035150;BRBMEFVBUUZ2;AGRIBUSINESS;-;-;-;-;-;-;-;-;-;17,95;-;-;-;-;-;-;-
BGIU26P035200;BRBMEFVBUV01;AGRIBUSINESS;-;-;-;-;-;-;-;-;-;18,31;-;-;-;-;-;-;-
BGIU26P035250;BRBMEFVBUV19;AGRIBUSINESS;-;-;-;-;-;-;-;-;-;18,67;-;-;-;-;-;-;-
BGIN26C035350;BRBMEFCBNSJ5;AGRIBUSINESS;-;-;-;-;-;-;-;-;-;0,63;-;-;-;-;-;-;-
BGIN26P035350;BRBMEFVBNSJ5;AGRIBUSINESS;-;-;-;-;-;-;-;-;-;20,32;-;-;-;-;-;-;-
BGIN26C033700;BRBMEFCBNSL1;AGRIBUSINESS;-;-;-;-;-;-;-;-;-;4,02;-;-;-;-;-;-;-
BGIN26C034700;BRBMEFCBNSK3;AGRIBUSINESS;-;-;-;-;-;-;-;-;-;1,38;-;-;-;-;-;-;-
BGIN26C036200;BRBMEFCBNSM9;AGRIBUSINESS;-;-;-;-;-;-;-;-;-;0,2;-;-;-;-;-;-;-
BGIN26P033700;BRBMEFVBNSL1;AGRIBUSINESS;-;-;-;-;-;-;-;-;-;7,43;-;-;-;-;-;-;-
BGIN26P034700;BRBMEFVBNSK3;AGRIBUSINESS;-;-;-;-;-;-;-;-;-;14,65;-;-;-;-;-;-;-
BGIN26P036200;BRBMEFVBNSM9;AGRIBUSINESS;-;-;-;-;-;-;-;-;-;28,28;-;-;-;-;-;-;-
BGIQ26C035700;BRBMEFCBQPV9;AGRIBUSINESS;-;-;-;-;-;-;-;-;-;1,76;-;-;-;-;-;-;-
BGIQ26C036200;BRBMEFCBQPU1;AGRIBUSINESS;-;-;-;-;-;-;-;-;-;1,2;-;-;-;-;-;-;-
BGIQ26P035700;BRBMEFVBQPV9;AGRIBUSINESS;-;-;-;-;-;-;-;-;-;22,17;-;-;-;-;-;-;-
BGIQ26P036200;BRBMEFVBQPU1;AGRIBUSINESS;-;-;-;-;-;-;-;-;-;26,49;-;-;-;-;-;-;-
BGIM26C035350;BRBMEFCBMNF6;AGRIBUSINESS;-;-;-;-;-;-;-;-;-;0,01;-;-;-;-;-;-;-
BGIM26P035350;BRBMEFVBMNF6;AGRIBUSINESS;-;-;-;-;-;-;-;-;-;14,09;-;-;-;-;-;-;-
BGIU26C035050;BRBMEFCBUV38;AGRIBUSINESS;-;-;-;-;-;-;-;-;-;4,69;-;-;-;-;-;-;-
BGIU26P035050;BRBMEFVBUV27;AGRIBUSINESS;-;-;-;-;-;-;-;-;-;17,24;-;-;-;-;-;-;-
BGIV26C035600;BRBMEFCB1LA0;AGRIBUSINESS;-;-;-;-;-;-;-;-;-;6,75;-;-;-;-;-;-;-
BGIV26P035600;BRBMEFVB1L97;AGRIBUSINESS;-;-;-;-;-;-;-;-;-;17,16;-;-;-;-;-;-;-
BGIX26C035500;BRBMEFGI02N6;AGRIBUSINESS;-;-;-;-;-;-;-;-;-;9,63;-;-;-;-;-;-;-
BGIX26C035600;BRBMEFGI02O4;AGRIBUSINESS;-;-;-;-;-;-;-;-;-;9,26;-;-;-;-;-;-;-
BGIX26P035500;BRBMEFBG02L5;AGRIBUSINESS;-;-;-;-;-;-;-;-;-;15,3;-;-;-;-;-;-;-
BGIX26P035600;BRBMEFBG02M3;AGRIBUSINESS;-;-;-;-;-;-;-;-;-;15,88;-;-;-;-;-;-;-
BGIU26C036300;BRBMEFCBUV46;AGRIBUSINESS;-;-;-;-;-;-;-;-;-;2,33;-;-;-;-;-;-;-
BGIU26P036300;BRBMEFVBUV35;AGRIBUSINESS;-;-;-;-;-;-;-;-;-;26,96;-;-;-;-;-;-;-
BGIX26C036200;BRBMEFGI02P1;AGRIBUSINESS;-;-;-;-;-;-;-;-;-;7,25;-;-;-;-;-;-;-
BGIX26P036200;BRBMEFBG02N1;AGRIBUSINESS;-;-;-;-;-;-;-;-;-;19,54;-;-;-;-;-;-;-
BGIM26C031500;BRBMEFCBMNG4;AGRIBUSINESS;-;-;-;-;-;-;-;-;-;24,37;-;-;-;-;-;-;-
BGIM26P031500;BRBMEFVBMNG4;AGRIBUSINESS;-;-;-;-;-;-;-;-;-;0,01;-;-;-;-;-;-;-
BGIM26C036400;BRBMEFCBMNH2;AGRIBUSINESS;-;-;-;-;-;-;-;-;-;0,01;-;-;-;-;-;-;-
BGIM26P036400;BRBMEFVBMNH2;AGRIBUSINESS;-;-;-;-;-;-;-;-;-;24,57;-;-;-;-;-;-;-
BGIN26C034100;BRBMEFCBNSN7;AGRIBUSINESS;-;-;-;-;-;-;-;-;-;2,68;-;-;-;-;-;-;-
BGIN26C034200;BRBMEFCBNSO5;AGRIBUSINESS;-;-;-;-;-;-;-;-;-;2,41;-;-;-;-;-;-;-
BGIN26C034400;BRBMEFCBNSP2;AGRIBUSINESS;-;-;-;-;-;-;-;-;-;1,93;-;-;-;-;-;-;-
BGIN26C034900;BRBMEFCBNSQ0;AGRIBUSINESS;-;-;-;-;-;-;-;-;-;1,09;-;-;-;-;-;-;-
BGIN26P034100;BRBMEFVBNSN7;AGRIBUSINESS;-;-;-;-;-;-;-;-;-;10,03;-;-;-;-;-;-;-
BGIN26P034200;BRBMEFVBNSO5;AGRIBUSINESS;-;-;-;-;-;-;-;-;-;10,75;-;-;-;-;-;-;-
BGIN26P034400;BRBMEFVBNSP2;AGRIBUSINESS;-;-;-;-;-;-;-;-;-;12,25;-;-;-;-;-;-;-
BGIN26P034900;BRBMEFVBNSQ0;AGRIBUSINESS;-;-;-;-;-;-;-;-;-;16,34;-;-;-;-;-;-;-
BGIN26C035200;BRBMEFCBNSR8;AGRIBUSINESS;-;-;-;-;-;-;-;-;-;0,76;-;-;-;-;-;-;-
BGIN26C035700;BRBMEFCBNSS6;AGRIBUSINESS;-;-;-;-;-;-;-;-;-;0,4;-;-;-;-;-;-;-
BGIN26C035800;BRBMEFCBNST4;AGRIBUSINESS;-;-;-;-;-;-;-;-;-;0,35;-;-;-;-;-;-;-
BGIN26C035900;BRBMEFCBNSU2;AGRIBUSINESS;-;-;-;-;-;-;-;-;-;0,31;-;-;-;-;-;-;-
BGIN26P035200;BRBMEFVBNSR8;AGRIBUSINESS;-;-;-;-;-;-;-;-;-;18,96;-;-;-;-;-;-;-
BGIN26P035700;BRBMEFVBNSS6;AGRIBUSINESS;-;-;-;-;-;-;-;-;-;23,55;-;-;-;-;-;-;-
BGIN26P035800;BRBMEFVBNST4;AGRIBUSINESS;-;-;-;-;-;-;-;-;-;24,49;-;-;-;-;-;-;-
BGIN26P035900;BRBMEFVBNSU2;AGRIBUSINESS;-;-;-;-;-;-;-;-;-;25,43;-;-;-;-;-;-;-
BGIU26C034300;BRBMEFCBUV53;AGRIBUSINESS;-;-;-;-;-;-;-;-;-;7,07;-;-;-;-;-;-;-
BGIU26P034300;BRBMEFVBUV43;AGRIBUSINESS;-;-;-;-;-;-;-;-;-;12,38;-;-;-;-;-;-;-
BGIN26C033300;BRBMEFCBNSV0;AGRIBUSINESS;5,15;5,15;5,15;5,15;5,15;-;-;-;-;5,81;-;-;-;-;1;100;169950
BGIN26P033300;BRBMEFVBNSV0;AGRIBUSINESS;5,15;5,15;5,15;5,15;5,15;-22,78;-;-;-;5,27;-;-;-;-;1;100;169950
BGIU26C033100;BRBMEFCBUV61;AGRIBUSINESS;-;-;-;-;-;-;-;-;-;12,83;-;-;-;-;-;-;-
BGIU26P033100;BRBMEFVBUV50;AGRIBUSINESS;-;-;-;-;-;-;-;-;-;6,55;-;-;-;-;-;-;-
BGIM26C037500;BRBMEFCBMNI0;AGRIBUSINESS;-;-;-;-;-;-;-;-;-;0,01;-;-;-;-;-;-;-
BGIM26P037500;BRBMEFVBMNI0;AGRIBUSINESS;-;-;-;-;-;-;-;-;-;35,56;-;-;-;-;-;-;-
BGIQ26C035000;BRBMEFCBQPW7;AGRIBUSINESS;-;-;-;-;-;-;-;-;-;2,95;-;-;-;-;-;-;-
BGIQ26P035000;BRBMEFVBQPW7;AGRIBUSINESS;-;-;-;-;-;-;-;-;-;16,52;-;-;-;-;-;-;-
BGIM26C036600;BRBMEFCBMNJ8;AGRIBUSINESS;-;-;-;-;-;-;-;-;-;0,01;-;-;-;-;-;-;-
BGIM26P036600;BRBMEFVBMNJ8;AGRIBUSINESS;-;-;-;-;-;-;-;-;-;26,57;-;-;-;-;-;-;-
BGIX26C033800;BRBMEFGI02Q9;AGRIBUSINESS;-;-;-;-;-;-;-;-;-;17,94;-;-;-;-;-;-;-
BGIX26C035300;BRBMEFGI02R7;AGRIBUSINESS;-;-;-;-;-;-;-;-;-;10,41;-;-;-;-;-;-;-
BGIX26P033800;BRBMEFBG02O9;AGRIBUSINESS;-;-;-;-;-;-;-;-;-;7,54;-;-;-;-;-;-;-
BGIX26P035300;BRBMEFBG02P6;AGRIBUSINESS;-;-;-;-;-;-;-;-;-;14,19;-;-;-;-;-;-;-
BGIH27C028550;BRBMEFCBHRO9;AGRIBUSINESS;-;-;-;-;-;-;-;-;-;67,91;-;-;-;-;-;-;-
BGIH27P028550;BRBMEFVBHRO9;AGRIBUSINESS;-;-;-;-;-;-;-;-;-;0,86;-;-;-;-;-;-;-
BGIN26C031800;BRBMEFCBNSW8;AGRIBUSINESS;-;-;-;-;-;-;-;-;-;16,34;-;-;-;-;-;-;-
BGIN26P031800;BRBMEFVBNSW8;AGRIBUSINESS;-;-;-;-;-;-;-;-;-;0,99;-;-;-;-;-;-;-
BGIV26C034700;BRBMEFCB1LB8;AGRIBUSINESS;-;-;-;-;-;-;-;-;-;10,12;-;-;-;-;-;-;-
BGIV26P034700;BRBMEFVB1LA7;AGRIBUSINESS;-;-;-;-;-;-;-;-;-;11,93;-;-;-;-;-;-;-
BGIV26C035200;BRBMEFCB1LC6;AGRIBUSINESS;-;-;-;-;-;-;-;-;-;8,12;-;-;-;-;-;-;-
BGIV26P035200;BRBMEFVB1LB5;AGRIBUSINESS;-;-;-;-;-;-;-;-;-;14,72;-;-;-;-;-;-;-
BGIM26C030500;BRBMEFCBMNK6;AGRIBUSINESS;-;-;-;-;-;-;-;-;-;34,36;-;-;-;-;-;-;-
BGIM26P030500;BRBMEFVBMNK6;AGRIBUSINESS;-;-;-;-;-;-;-;-;-;0,01;-;-;-;-;-;-;-
BGIN26C032200;BRBMEFCBNSX6;AGRIBUSINESS;-;-;-;-;-;-;-;-;-;13,03;-;-;-;-;-;-;-
BGIN26P032200;BRBMEFVBNSX6;AGRIBUSINESS;-;-;-;-;-;-;-;-;-;1,63;-;-;-;-;-;-;-
BGIN26C036650;BRBMEFCBNSY4;AGRIBUSINESS;-;-;-;-;-;-;-;-;-;0,1;-;-;-;-;-;-;-
BGIN26P036650;BRBMEFVBNSY4;AGRIBUSINESS;-;-;-;-;-;-;-;-;-;32,62;-;-;-;-;-;-;-
BGIN26C032100;BRBMEFCBNSZ1;AGRIBUSINESS;-;-;-;-;-;-;-;-;-;13,84;-;-;-;-;-;-;-
BGIN26P032100;BRBMEFVBNSZ1;AGRIBUSINESS;-;-;-;-;-;-;-;-;-;1,45;-;-;-;-;-;-;-
BGIN26C033400;BRBMEFCBNT07;AGRIBUSINESS;-;-;-;-;-;-;-;-;-;5,32;-;-;-;-;-;-;-
BGIN26P033400;BRBMEFVBNT04;AGRIBUSINESS;-;-;-;-;-;-;-;-;-;5,76;-;-;-;-;-;-;-
BGIM26C032100;BRBMEFCBMNL4;AGRIBUSINESS;-;-;-;-;-;-;-;-;-;18,38;-;-;-;-;-;-;-
BGIM26P032100;BRBMEFVBMNL4;AGRIBUSINESS;-;-;-;-;-;-;-;-;-;0,01;-;-;-;-;-;-;-
BGIM26C033100;BRBMEFCBMNM2;AGRIBUSINESS;-;-;-;-;-;-;-;-;-;8,39;-;-;-;-;-;-;-
BGIM26P033100;BRBMEFVBMNM2;AGRIBUSINESS;-;-;-;-;-;-;-;-;-;0,01;-;-;-;-;-;-;-
BGIQ26C032300;BRBMEFCBQPX5;AGRIBUSINESS;-;-;-;-;-;-;-;-;-;15,74;-;-;-;-;-;-;-
BGIQ26P032300;BRBMEFVBQPX5;AGRIBUSINESS;-;-;-;-;-;-;-;-;-;2,96;-;-;-;-;-;-;-
BGIV26C038800;BRBMEFCB1LD4;AGRIBUSINESS;-;-;-;-;-;-;-;-;-;1,53;-;-;-;-;-;-;-
BGIV26P038800;BRBMEFVB1LC3;AGRIBUSINESS;-;-;-;-;-;-;-;-;-;42,5;-;-;-;-;-;-;-
BGIX26C034750;BRBMEFGI02S5;AGRIBUSINESS;-;-;-;-;-;-;-;-;-;12,83;-;-;-;-;-;-;-
BGIX26C034800;BRBMEFGI02T3;AGRIBUSINESS;-;-;-;-;-;-;-;-;-;12,6;-;-;-;-;-;-;-
BGIX26P034750;BRBMEFBG02Q4;AGRIBUSINESS;-;-;-;-;-;-;-;-;-;11,41;-;-;-;-;-;-;-
BGIX26P034800;BRBMEFBG02R2;AGRIBUSINESS;-;-;-;-;-;-;-;-;-;11,65;-;-;-;-;-;-;-
BGIX26C033400;BRBMEFGI02U1;AGRIBUSINESS;-;-;-;-;-;-;-;-;-;20,44;-;-;-;-;-;-;-
BGIX26P033400;BRBMEFBG02S0;AGRIBUSINESS;-;-;-;-;-;-;-;-;-;6,25;-;-;-;-;-;-;-
BGIX26C034900;BRBMEFGI02V9;AGRIBUSINESS;-;-;-;-;-;-;-;-;-;12,13;-;-;-;-;-;-;-
BGIX26C034950;BRBMEFGI02W7;AGRIBUSINESS;-;-;-;-;-;-;-;-;-;11,9;-;-;-;-;-;-;-
BGIX26P034900;BRBMEFBG02T8;AGRIBUSINESS;-;-;-;-;-;-;-;-;-;12,13;-;-;-;-;-;-;-
BGIX26P034950;BRBMEFBG02U6;AGRIBUSINESS;-;-;-;-;-;-;-;-;-;12,38;-;-;-;-;-;-;-
BGIX26C035200;BRBMEFGI02X5;AGRIBUSINESS;-;-;-;-;-;-;-;-;-;10,81;-;-;-;-;-;-;-
BGIX26P035200;BRBMEFBG02V4;AGRIBUSINESS;-;-;-;-;-;-;-;-;-;13,65;-;-;-;-;-;-;-
BGIX26C032500;BRBMEFGI02Y3;AGRIBUSINESS;-;-;-;-;-;-;-;-;-;26,73;-;-;-;-;-;-;-
BGIX26P032500;BRBMEFBG02W2;AGRIBUSINESS;-;-;-;-;-;-;-;-;-;4,03;-;-;-;-;-;-;-
BGIQ26C034400;BRBMEFCBQPY3;AGRIBUSINESS;-;-;-;-;-;-;-;-;-;4,55;-;-;-;-;-;-;-
BGIQ26P034400;BRBMEFVBQPY3;AGRIBUSINESS;-;-;-;-;-;-;-;-;-;12,26;-;-;-;-;-;-;-
BGIV26C034400;BRBMEFCB1LE2;AGRIBUSINESS;-;-;-;-;-;-;-;-;-;11,51;-;-;-;-;-;-;-
BGIV26P034400;BRBMEFVB1LD1;AGRIBUSINESS;-;-;-;-;-;-;-;-;-;10,46;-;-;-;-;-;-;-
BGIM26C038000;BRBMEFCBMNN0;AGRIBUSINESS;-;-;-;-;-;-;-;-;-;0,01;-;-;-;-;-;-;-
BGIM26P038000;BRBMEFVBMNN0;AGRIBUSINESS;-;-;-;-;-;-;-;-;-;40,56;-;-;-;-;-;-;-
BGIX26C034500;BRBMEFGI02Z0;AGRIBUSINESS;-;-;-;-;-;-;-;-;-;14,07;-;-;-;-;-;-;-
BGIX26P034500;BRBMEFBG02X0;AGRIBUSINESS;-;-;-;-;-;-;-;-;-;10,29;-;-;-;-;-;-;-
BGIN26C032850;BRBMEFCBNT15;AGRIBUSINESS;-;-;-;-;-;-;-;-;-;8,38;-;-;-;-;-;-;-
BGIN26P032850;BRBMEFVBNT12;AGRIBUSINESS;-;-;-;-;-;-;-;-;-;3,39;-;-;-;-;-;-;-
BGIN26C032450;BRBMEFCBNT23;AGRIBUSINESS;-;-;-;-;-;-;-;-;-;11,12;-;-;-;-;-;-;-
BGIN26P032450;BRBMEFVBNT20;AGRIBUSINESS;-;-;-;-;-;-;-;-;-;2,19;-;-;-;-;-;-;-
BGIQ26C035900;BRBMEFCBQQ07;AGRIBUSINESS;-;-;-;-;-;-;-;-;-;1,51;-;-;-;-;-;-;-
BGIQ26P035900;BRBMEFVBQQ04;AGRIBUSINESS;-;-;-;-;-;-;-;-;-;23,87;-;-;-;-;-;-;-
BGIQ26C030000;BRBMEFCBQPZ0;AGRIBUSINESS;-;-;-;-;-;-;-;-;-;35,61;-;-;-;-;-;-;-
BGIQ26P030000;BRBMEFVBQPZ0;AGRIBUSINESS;-;-;-;-;-;-;-;-;-;0,37;-;-;-;-;-;-;-
BGIU26C030000;BRBMEFCBUV79;AGRIBUSINESS;-;-;-;-;-;-;-;-;-;37,1;-;-;-;-;-;-;-
BGIU26P030000;BRBMEFVBUV68;AGRIBUSINESS;-;-;-;-;-;-;-;-;-;0,89;-;-;-;-;-;-;-
BGIV26C037150;BRBMEFCB1LF9;AGRIBUSINESS;-;-;-;-;-;-;-;-;-;3,28;-;-;-;-;-;-;-
BGIV26P037150;BRBMEFVB1LE9;AGRIBUSINESS;-;-;-;-;-;-;-;-;-;28,5;-;-;-;-;-;-;-
BGIQ26C034100;BRBMEFCBQQ15;AGRIBUSINESS;-;-;-;-;-;-;-;-;-;5,6;-;-;-;-;-;-;-
BGIQ26P034100;BRBMEFVBQQ12;AGRIBUSINESS;-;-;-;-;-;-;-;-;-;10,38;-;-;-;-;-;-;-
BGIV26C035700;BRBMEFCB1LG7;AGRIBUSINESS;-;-;-;-;-;-;-;-;-;6,46;-;-;-;-;-;-;-
BGIV26P035700;BRBMEFVB1LF6;AGRIBUSINESS;-;-;-;-;-;-;-;-;-;17,82;-;-;-;-;-;-;-
BGIM26C033750;BRBMEFCBMNO8;AGRIBUSINESS;-;-;-;-;-;-;-;-;-;2,3;-;-;-;-;-;-;-
BGIM26P033750;BRBMEFVBMNO8;AGRIBUSINESS;-;-;-;-;-;-;-;-;-;0,4;-;-;-;-;-;-;-
BGIV26C036200;BRBMEFCB1LH5;AGRIBUSINESS;-;-;-;-;-;-;-;-;-;5,12;-;-;-;-;-;-;-
BGIV26P036200;BRBMEFVB1LG4;AGRIBUSINESS;-;-;-;-;-;-;-;-;-;21,27;-;-;-;-;-;-;-
BGIM26C033850;BRBMEFCBMNP5;AGRIBUSINESS;-;-;-;-;-;-;-;-;-;1,6;-;-;-;-;-;-;-
BGIM26C034350;BRBMEFCBMNQ3;AGRIBUSINESS;-;-;-;-;-;-;-;-;-;0,09;-;-;-;-;-;-;-
BGIM26P033850;BRBMEFVBMNP5;AGRIBUSINESS;-;-;-;-;-;-;-;-;-;0,7;-;-;-;-;-;-;-
BGIM26P034350;BRBMEFVBMNQ3;AGRIBUSINESS;-;-;-;-;-;-;-;-;-;4,19;-;-;-;-;-;-;-
BGIU26C032100;BRBMEFCBUV87;AGRIBUSINESS;-;-;-;-;-;-;-;-;-;19,49;-;-;-;-;-;-;-
BGIU26C034100;BRBMEFCBUV95;AGRIBUSINESS;-;-;-;-;-;-;-;-;-;7,85;-;-;-;-;-;-;-
BGIU26P032100;BRBMEFVBUV76;AGRIBUSINESS;-;-;-;-;-;-;-;-;-;3,56;-;-;-;-;-;-;-
BGIU26P034100;BRBMEFVBUV84;AGRIBUSINESS;-;-;-;-;-;-;-;-;-;11,23;-;-;-;-;-;-;-
BGIZ26C035900;BRBMEFCB24J2;AGRIBUSINESS;-;-;-;-;-;-;-;-;-;10,09;-;-;-;-;-;-;-
BGIZ26C035950;BRBMEFCB24K0;AGRIBUSINESS;-;-;-;-;-;-;-;-;-;9,91;-;-;-;-;-;-;-
BGIZ26C036000;BRBMEFCB24L8;AGRIBUSINESS;-;-;-;-;-;-;-;-;-;9,74;-;-;-;-;-;-;-
BGIZ26C036050;BRBMEFCB24M6;AGRIBUSINESS;-;-;-;-;-;-;-;-;-;9,56;-;-;-;-;-;-;-
BGIZ26C036100;BRBMEFCB24N4;AGRIBUSINESS;-;-;-;-;-;-;-;-;-;9,39;-;-;-;-;-;-;-
BGIZ26C036150;BRBMEFCB24O2;AGRIBUSINESS;-;-;-;-;-;-;-;-;-;9,22;-;-;-;-;-;-;-
BGIZ26C036200;BRBMEFCB24P9;AGRIBUSINESS;-;-;-;-;-;-;-;-;-;9,05;-;-;-;-;-;-;-
BGIZ26C036250;BRBMEFCB24Q7;AGRIBUSINESS;-;-;-;-;-;-;-;-;-;8,89;-;-;-;-;-;-;-
BGIZ26C036300;BRBMEFCB24R5;AGRIBUSINESS;-;-;-;-;-;-;-;-;-;8,73;-;-;-;-;-;-;-
BGIZ26C036350;BRBMEFCB24S3;AGRIBUSINESS;-;-;-;-;-;-;-;-;-;8,56;-;-;-;-;-;-;-
BGIZ26C036400;BRBMEFCB24T1;AGRIBUSINESS;-;-;-;-;-;-;-;-;-;8,41;-;-;-;-;-;-;-
BGIZ26C036450;BRBMEFCB24U9;AGRIBUSINESS;-;-;-;-;-;-;-;-;-;8,25;-;-;-;-;-;-;-
BGIZ26C036500;BRBMEFCB24V7;AGRIBUSINESS;-;-;-;-;-;-;-;-;-;8,1;-;-;-;-;-;-;-
BGIZ26C036550;BRBMEFCB24W5;AGRIBUSINESS;-;-;-;-;-;-;-;-;-;7,96;-;-;-;-;-;-;-
BGIZ26C036600;BRBMEFCB24X3;AGRIBUSINESS;-;-;-;-;-;-;-;-;-;7,81;-;-;-;-;-;-;-
BGIZ26C036650;BRBMEFCB24Y1;AGRIBUSINESS;-;-;-;-;-;-;-;-;-;7,68;-;-;-;-;-;-;-
BGIZ26C036700;BRBMEFCB24Z8;AGRIBUSINESS;-;-;-;-;-;-;-;-;-;7,54;-;-;-;-;-;-;-
BGIZ26C036750;BRBMEFCB2508;AGRIBUSINESS;-;-;-;-;-;-;-;-;-;7,4;-;-;-;-;-;-;-
BGIZ26C036800;BRBMEFCB2516;AGRIBUSINESS;-;-;-;-;-;-;-;-;-;7,27;-;-;-;-;-;-;-
BGIZ26C036850;BRBMEFCB2524;AGRIBUSINESS;-;-;-;-;-;-;-;-;-;7,14;-;-;-;-;-;-;-
BGIZ26C036900;BRBMEFCB2532;AGRIBUSINESS;-;-;-;-;-;-;-;-;-;7,01;-;-;-;-;-;-;-
BGIZ26C036950;BRBMEFCB2540;AGRIBUSINESS;-;-;-;-;-;-;-;-;-;6,89;-;-;-;-;-;-;-
BGIZ26C037000;BRBMEFCB2557;AGRIBUSINESS;-;-;-;-;-;-;-;-;-;6,76;-;-;-;-;-;-;-
BGIZ26C037050;BRBMEFCB2565;AGRIBUSINESS;-;-;-;-;-;-;-;-;-;6,64;-;-;-;-;-;-;-
BGIZ26C037100;BRBMEFCB2573;AGRIBUSINESS;-;-;-;-;-;-;-;-;-;6,52;-;-;-;-;-;-;-
BGIZ26C037150;BRBMEFCB2581;AGRIBUSINESS;-;-;-;-;-;-;-;-;-;6,4;-;-;-;-;-;-;-
BGIZ26C037200;BRBMEFCB2599;AGRIBUSINESS;-;-;-;-;-;-;-;-;-;6,29;-;-;-;-;-;-;-
BGIZ26C037250;BRBMEFCB25A8;AGRIBUSINESS;-;-;-;-;-;-;-;-;-;6,17;-;-;-;-;-;-;-
BGIZ26C037300;BRBMEFCB25B6;AGRIBUSINESS;4;4;4;4;4;-;-;-;-;6,05;-;-;-;-;1;1;1320
BGIZ26C037350;BRBMEFCB25C4;AGRIBUSINESS;-;-;-;-;-;-;-;-;-;5,95;-;-;-;-;-;-;-
BGIZ26C037400;BRBMEFCB25D2;AGRIBUSINESS;-;-;-;-;-;-;-;-;-;5,83;-;-;-;-;-;-;-
BGIZ26C037450;BRBMEFCB25E0;AGRIBUSINESS;-;-;-;-;-;-;-;-;-;5,73;-;-;-;-;-;-;-
BGIZ26C037500;BRBMEFCB25F7;AGRIBUSINESS;-;-;-;-;-;-;-;-;-;5,62;-;-;-;-;-;-;-
BGIZ26C037550;BRBMEFCB25G5;AGRIBUSINESS;-;-;-;-;-;-;-;-;-;5,52;-;-;-;-;-;-;-
BGIZ26C037600;BRBMEFCB25H3;AGRIBUSINESS;-;-;-;-;-;-;-;-;-;5,42;-;-;-;-;-;-;-
BGIZ26C037650;BRBMEFCB25I1;AGRIBUSINESS;-;-;-;-;-;-;-;-;-;5,31;-;-;-;-;-;-;-
BGIZ26C037700;BRBMEFCB25J9;AGRIBUSINESS;-;-;-;-;-;-;-;-;-;5,22;-;-;-;-;-;-;-
BGIZ26C037750;BRBMEFCB25K7;AGRIBUSINESS;-;-;-;-;-;-;-;-;-;5,12;-;-;-;-;-;-;-
BGIZ26C037800;BRBMEFCB25L5;AGRIBUSINESS;-;-;-;-;-;-;-;-;-;5,02;-;-;-;-;-;-;-
BGIZ26C037850;BRBMEFCB25M3;AGRIBUSINESS;-;-;-;-;-;-;-;-;-;4,93;-;-;-;-;-;-;-
BGIZ26C037900;BRBMEFCB25N1;AGRIBUSINESS;-;-;-;-;-;-;-;-;-;4,84;-;-;-;-;-;-;-
BGIZ26C037950;BRBMEFCB25O9;AGRIBUSINESS;-;-;-;-;-;-;-;-;-;4,75;-;-;-;-;-;-;-
BGIZ26C038000;BRBMEFCB25P6;AGRIBUSINESS;-;-;-;-;-;-;-;-;-;4,67;-;-;-;-;-;-;-
BGIZ26C038050;BRBMEFCB25Q4;AGRIBUSINESS;-;-;-;-;-;-;-;-;-;4,58;-;-;-;-;-;-;-
BGIZ26C038100;BRBMEFCB25R2;AGRIBUSINESS;-;-;-;-;-;-;-;-;-;4,5;-;-;-;-;-;-;-
BGIZ26C038150;BRBMEFCB25S0;AGRIBUSINESS;-;-;-;-;-;-;-;-;-;4,42;-;-;-;-;-;-;-
BGIZ26C038200;BRBMEFCB25T8;AGRIBUSINESS;-;-;-;-;-;-;-;-;-;4,34;-;-;-;-;-;-;-
BGIZ26C038250;BRBMEFCB25U6;AGRIBUSINESS;-;-;-;-;-;-;-;-;-;4,26;-;-;-;-;-;-;-
BGIZ26C038300;BRBMEFCB25V4;AGRIBUSINESS;-;-;-;-;-;-;-;-;-;4,19;-;-;-;-;-;-;-
BGIZ26C038350;BRBMEFCB25W2;AGRIBUSINESS;-;-;-;-;-;-;-;-;-;4,11;-;-;-;-;-;-;-
BGIZ26C038400;BRBMEFCB25X0;AGRIBUSINESS;-;-;-;-;-;-;-;-;-;4,04;-;-;-;-;-;-;-
BGIZ26C038450;BRBMEFCB25Y8;AGRIBUSINESS;-;-;-;-;-;-;-;-;-;3,97;-;-;-;-;-;-;-
BGIZ26C038500;BRBMEFCB25Z5;AGRIBUSINESS;-;-;-;-;-;-;-;-;-;3,9;-;-;-;-;-;-;-
BGIZ26C038550;BRBMEFCB2607;AGRIBUSINESS;-;-;-;-;-;-;-;-;-;3,83;-;-;-;-;-;-;-
BGIZ26C038600;BRBMEFCB2615;AGRIBUSINESS;-;-;-;-;-;-;-;-;-;3,76;-;-;-;-;-;-;-
BGIZ26C038650;BRBMEFCB2623;AGRIBUSINESS;-;-;-;-;-;-;-;-;-;3,69;-;-;-;-;-;-;-
BGIZ26C038700;BRBMEFCB2631;AGRIBUSINESS;-;-;-;-;-;-;-;-;-;3,62;-;-;-;-;-;-;-
BGIZ26P035900;BRBMEFBV24J2;AGRIBUSINESS;-;-;-;-;-;-;-;-;-;17,3;-;-;-;-;-;-;-
BGIZ26P035950;BRBMEFBV24K0;AGRIBUSINESS;-;-;-;-;-;-;-;-;-;17,58;-;-;-;-;-;-;-
BGIZ26P036000;BRBMEFBV24L8;AGRIBUSINESS;-;-;-;-;-;-;-;-;-;17,88;-;-;-;-;-;-;-
BGIZ26P036050;BRBMEFBV24M6;AGRIBUSINESS;-;-;-;-;-;-;-;-;-;18,16;-;-;-;-;-;-;-
BGIZ26P036100;BRBMEFBV24N4;AGRIBUSINESS;-;-;-;-;-;-;-;-;-;18,46;-;-;-;-;-;-;-
BGIZ26P036150;BRBMEFBV24O2;AGRIBUSINESS;-;-;-;-;-;-;-;-;-;18,76;-;-;-;-;-;-;-
BGIZ26P036200;BRBMEFBV24P9;AGRIBUSINESS;-;-;-;-;-;-;-;-;-;19,06;-;-;-;-;-;-;-
BGIZ26P036250;BRBMEFBV24Q7;AGRIBUSINESS;-;-;-;-;-;-;-;-;-;19,36;-;-;-;-;-;-;-
BGIZ26P036300;BRBMEFBV24R5;AGRIBUSINESS;-;-;-;-;-;-;-;-;-;19,67;-;-;-;-;-;-;-
BGIZ26P036350;BRBMEFBV24S3;AGRIBUSINESS;-;-;-;-;-;-;-;-;-;19,97;-;-;-;-;-;-;-
BGIZ26P036400;BRBMEFBV24T1;AGRIBUSINESS;-;-;-;-;-;-;-;-;-;20,29;-;-;-;-;-;-;-
BGIZ26P036450;BRBMEFBV24U9;AGRIBUSINESS;-;-;-;-;-;-;-;-;-;20,6;-;-;-;-;-;-;-
BGIZ26P036500;BRBMEFBV24V7;AGRIBUSINESS;-;-;-;-;-;-;-;-;-;20,92;-;-;-;-;-;-;-
BGIZ26P036550;BRBMEFBV24W5;AGRIBUSINESS;-;-;-;-;-;-;-;-;-;21,24;-;-;-;-;-;-;-
BGIZ26P036600;BRBMEFBV24X3;AGRIBUSINESS;-;-;-;-;-;-;-;-;-;21,56;-;-;-;-;-;-;-
BGIZ26P036650;BRBMEFBV24Y1;AGRIBUSINESS;-;-;-;-;-;-;-;-;-;21,9;-;-;-;-;-;-;-
BGIZ26P036700;BRBMEFBV24Z8;AGRIBUSINESS;-;-;-;-;-;-;-;-;-;22,22;-;-;-;-;-;-;-
BGIZ26P036750;BRBMEFBV2505;AGRIBUSINESS;-;-;-;-;-;-;-;-;-;22,55;-;-;-;-;-;-;-
BGIZ26P036800;BRBMEFBV2513;AGRIBUSINESS;-;-;-;-;-;-;-;-;-;22,89;-;-;-;-;-;-;-
BGIZ26P036850;BRBMEFBV2521;AGRIBUSINESS;-;-;-;-;-;-;-;-;-;23,23;-;-;-;-;-;-;-
BGIZ26P036900;BRBMEFBV2539;AGRIBUSINESS;-;-;-;-;-;-;-;-;-;23,56;-;-;-;-;-;-;-
BGIZ26P036950;BRBMEFBV2547;AGRIBUSINESS;-;-;-;-;-;-;-;-;-;23,91;-;-;-;-;-;-;-
BGIZ26P037000;BRBMEFBV2554;AGRIBUSINESS;-;-;-;-;-;-;-;-;-;24,25;-;-;-;-;-;-;-
BGIZ26P037050;BRBMEFBV2562;AGRIBUSINESS;-;-;-;-;-;-;-;-;-;24,6;-;-;-;-;-;-;-
BGIZ26P037100;BRBMEFBV2570;AGRIBUSINESS;-;-;-;-;-;-;-;-;-;24,95;-;-;-;-;-;-;-
BGIZ26P037150;BRBMEFBV2588;AGRIBUSINESS;-;-;-;-;-;-;-;-;-;25,29;-;-;-;-;-;-;-
BGIZ26P037200;BRBMEFBV2596;AGRIBUSINESS;-;-;-;-;-;-;-;-;-;25,65;-;-;-;-;-;-;-
BGIZ26P037250;BRBMEFBV25A8;AGRIBUSINESS;-;-;-;-;-;-;-;-;-;26;-;-;-;-;-;-;-
BGIZ26P037300;BRBMEFBV25B6;AGRIBUSINESS;-;-;-;-;-;-;-;-;-;26,35;-;-;-;-;-;-;-
BGIZ26P037350;BRBMEFBV25C4;AGRIBUSINESS;-;-;-;-;-;-;-;-;-;26,71;-;-;-;-;-;-;-
BGIZ26P037400;BRBMEFBV25D2;AGRIBUSINESS;-;-;-;-;-;-;-;-;-;27,07;-;-;-;-;-;-;-
BGIZ26P037450;BRBMEFBV25E0;AGRIBUSINESS;-;-;-;-;-;-;-;-;-;27,43;-;-;-;-;-;-;-
BGIZ26P037500;BRBMEFBV25F7;AGRIBUSINESS;-;-;-;-;-;-;-;-;-;27,79;-;-;-;-;-;-;-
BGIZ26P037550;BRBMEFBV25G5;AGRIBUSINESS;-;-;-;-;-;-;-;-;-;28,15;-;-;-;-;-;-;-
BGIZ26P037600;BRBMEFBV25H3;AGRIBUSINESS;-;-;-;-;-;-;-;-;-;28,52;-;-;-;-;-;-;-
BGIZ26P037650;BRBMEFBV25I1;AGRIBUSINESS;-;-;-;-;-;-;-;-;-;28,89;-;-;-;-;-;-;-
BGIZ26P037700;BRBMEFBV25J9;AGRIBUSINESS;-;-;-;-;-;-;-;-;-;29,26;-;-;-;-;-;-;-
BGIZ26P037750;BRBMEFBV25K7;AGRIBUSINESS;-;-;-;-;-;-;-;-;-;29,63;-;-;-;-;-;-;-
BGIZ26P037800;BRBMEFBV25L5;AGRIBUSINESS;-;-;-;-;-;-;-;-;-;30;-;-;-;-;-;-;-
BGIZ26P037850;BRBMEFBV25M3;AGRIBUSINESS;-;-;-;-;-;-;-;-;-;30,37;-;-;-;-;-;-;-
BGIZ26P037900;BRBMEFBV25N1;AGRIBUSINESS;-;-;-;-;-;-;-;-;-;30,75;-;-;-;-;-;-;-
BGIZ26P037950;BRBMEFBV25O9;AGRIBUSINESS;-;-;-;-;-;-;-;-;-;31,13;-;-;-;-;-;-;-
BGIZ26P038000;BRBMEFBV25P6;AGRIBUSINESS;-;-;-;-;-;-;-;-;-;31,51;-;-;-;-;-;-;-
BGIZ26P038050;BRBMEFBV25Q4;AGRIBUSINESS;-;-;-;-;-;-;-;-;-;31,9;-;-;-;-;-;-;-
BGIZ26P038100;BRBMEFBV25R2;AGRIBUSINESS;-;-;-;-;-;-;-;-;-;32,28;-;-;-;-;-;-;-
BGIZ26P038150;BRBMEFBV25S0;AGRIBUSINESS;-;-;-;-;-;-;-;-;-;32,67;-;-;-;-;-;-;-
BGIZ26P038200;BRBMEFBV25T8;AGRIBUSINESS;-;-;-;-;-;-;-;-;-;33,06;-;-;-;-;-;-;-
BGIZ26P038250;BRBMEFBV25U6;AGRIBUSINESS;-;-;-;-;-;-;-;-;-;33,45;-;-;-;-;-;-;-
BGIZ26P038300;BRBMEFBV25V4;AGRIBUSINESS;-;-;-;-;-;-;-;-;-;33,84;-;-;-;-;-;-;-
BGIZ26P038350;BRBMEFBV25W2;AGRIBUSINESS;-;-;-;-;-;-;-;-;-;34,23;-;-;-;-;-;-;-
BGIZ26P038400;BRBMEFBV25X0;AGRIBUSINESS;-;-;-;-;-;-;-;-;-;34,63;-;-;-;-;-;-;-
BGIZ26P038450;BRBMEFBV25Y8;AGRIBUSINESS;-;-;-;-;-;-;-;-;-;35,02;-;-;-;-;-;-;-
BGIZ26P038500;BRBMEFBV25Z5;AGRIBUSINESS;-;-;-;-;-;-;-;-;-;35,42;-;-;-;-;-;-;-
BGIZ26P038550;BRBMEFBV2604;AGRIBUSINESS;-;-;-;-;-;-;-;-;-;35,82;-;-;-;-;-;-;-
BGIZ26P038600;BRBMEFBV2612;AGRIBUSINESS;-;-;-;-;-;-;-;-;-;36,22;-;-;-;-;-;-;-
BGIZ26P038650;BRBMEFBV2620;AGRIBUSINESS;-;-;-;-;-;-;-;-;-;36,62;-;-;-;-;-;-;-
BGIZ26P038700;BRBMEFBV2638;AGRIBUSINESS;-;-;-;-;-;-;-;-;-;37,02;-;-;-;-;-;-;-
BGIX26C035700;BRBMEFGI0303;AGRIBUSINESS;-;-;-;-;-;-;-;-;-;8,89;-;-;-;-;-;-;-
BGIX26P035700;BRBMEFBG02Y8;AGRIBUSINESS;-;-;-;-;-;-;-;-;-;16,45;-;-;-;-;-;-;-
BGIN26C034450;BRBMEFCBNT31;AGRIBUSINESS;-;-;-;-;-;-;-;-;-;1,83;-;-;-;-;-;-;-
BGIN26P034450;BRBMEFVBNT38;AGRIBUSINESS;-;-;-;-;-;-;-;-;-;12,64;-;-;-;-;-;-;-
BGIM26C034550;BRBMEFCBMNR1;AGRIBUSINESS;-;-;-;-;-;-;-;-;-;0,02;-;-;-;-;-;-;-
BGIM26P034550;BRBMEFVBMNR1;AGRIBUSINESS;-;-;-;-;-;-;-;-;-;6,11;-;-;-;-;-;-;-
BGIM26C034850;BRBMEFCBMNS9;AGRIBUSINESS;-;-;-;-;-;-;-;-;-;0,01;-;-;-;-;-;-;-
BGIM26P034850;BRBMEFVBMNS9;AGRIBUSINESS;-;-;-;-;-;-;-;-;-;9,09;-;-;-;-;-;-;-
BGIM26C035250;BRBMEFCBMNT7;AGRIBUSINESS;-;-;-;-;-;-;-;-;-;0,01;-;-;-;-;-;-;-
BGIM26P035250;BRBMEFVBMNT7;AGRIBUSINESS;-;-;-;-;-;-;-;-;-;13,09;-;-;-;-;-;-;-
BGIM26C035450;BRBMEFCBMNU5;AGRIBUSINESS;-;-;-;-;-;-;-;-;-;0,01;-;-;-;-;-;-;-
BGIM26C035700;BRBMEFCBMNV3;AGRIBUSINESS;-;-;-;-;-;-;-;-;-;0,01;-;-;-;-;-;-;-
BGIM26P035450;BRBMEFVBMNU5;AGRIBUSINESS;-;-;-;-;-;-;-;-;-;15,08;-;-;-;-;-;-;-
BGIM26P035700;BRBMEFVBMNV3;AGRIBUSINESS;-;-;-;-;-;-;-;-;-;17,58;-;-;-;-;-;-;-
BGIN26C033900;BRBMEFCBNT49;AGRIBUSINESS;-;-;-;-;-;-;-;-;-;3,29;-;-;-;-;-;-;-
BGIN26P033900;BRBMEFVBNT46;AGRIBUSINESS;-;-;-;-;-;-;-;-;-;8,67;-;-;-;-;-;-;-
BGIZ26C033000;BRBMEFCB2649;AGRIBUSINESS;-;-;-;-;-;-;-;-;-;25,36;-;-;-;-;-;-;-
BGIZ26C035000;BRBMEFCB2656;AGRIBUSINESS;-;-;-;-;-;-;-;-;-;13,8;-;-;-;-;-;-;-
BGIZ26P033000;BRBMEFBV2646;AGRIBUSINESS;-;-;-;-;-;-;-;-;-;5,43;-;-;-;-;-;-;-
BGIZ26P035000;BRBMEFBV2653;AGRIBUSINESS;-;-;-;-;-;-;-;-;-;12,58;-;-;-;-;-;-;-
BGIM26C035900;BRBMEFCBMNW1;AGRIBUSINESS;-;-;-;-;-;-;-;-;-;0,01;-;-;-;-;-;-;-
BGIM26P035900;BRBMEFVBMNW1;AGRIBUSINESS;-;-;-;-;-;-;-;-;-;19,58;-;-;-;-;-;-;-
BGIM26C036200;BRBMEFCBMNX9;AGRIBUSINESS;-;-;-;-;-;-;-;-;-;0,01;-;-;-;-;-;-;-
BGIM26P036200;BRBMEFVBMNX9;AGRIBUSINESS;-;-;-;-;-;-;-;-;-;22,58;-;-;-;-;-;-;-
BGIM26C034650;BRBMEFCBMNY7;AGRIBUSINESS;-;-;-;-;-;-;-;-;-;0,01;-;-;-;-;-;-;-
BGIM26P034650;BRBMEFVBMNY7;AGRIBUSINESS;-;-;-;-;-;-;-;-;-;7,1;-;-;-;-;-;-;-
BGIU26C029000;BRBMEFCBUVA3;AGRIBUSINESS;-;-;-;-;-;-;-;-;-;46,26;-;-;-;-;-;-;-
BGIU26P029000;BRBMEFVBUV92;AGRIBUSINESS;-;-;-;-;-;-;-;-;-;0,39;-;-;-;-;-;-;-
BGIF27C034000;BRBMEFBC01R3;AGRIBUSINESS;-;-;-;-;-;-;-;-;-;24,49;-;-;-;-;-;-;-
BGIF27C034050;BRBMEFBC01S1;AGRIBUSINESS;-;-;-;-;-;-;-;-;-;24,17;-;-;-;-;-;-;-
BGIF27C034100;BRBMEFBC01T9;AGRIBUSINESS;-;-;-;-;-;-;-;-;-;23,86;-;-;-;-;-;-;-
BGIF27C034150;BRBMEFBC01U7;AGRIBUSINESS;-;-;-;-;-;-;-;-;-;23,54;-;-;-;-;-;-;-
BGIF27C034200;BRBMEFBC01V5;AGRIBUSINESS;-;-;-;-;-;-;-;-;-;23,23;-;-;-;-;-;-;-
BGIF27C034250;BRBMEFBC01W3;AGRIBUSINESS;-;-;-;-;-;-;-;-;-;22,93;-;-;-;-;-;-;-
BGIF27C034300;BRBMEFBC01X1;AGRIBUSINESS;-;-;-;-;-;-;-;-;-;22,62;-;-;-;-;-;-;-
BGIF27C034350;BRBMEFBC01Y9;AGRIBUSINESS;-;-;-;-;-;-;-;-;-;22,31;-;-;-;-;-;-;-
BGIF27C034400;BRBMEFBC01Z6;AGRIBUSINESS;-;-;-;-;-;-;-;-;-;22,01;-;-;-;-;-;-;-
BGIF27C034450;BRBMEFBC0205;AGRIBUSINESS;-;-;-;-;-;-;-;-;-;21,72;-;-;-;-;-;-;-
BGIF27C034500;BRBMEFBC0213;AGRIBUSINESS;-;-;-;-;-;-;-;-;-;21,42;-;-;-;-;-;-;-
BGIF27C034550;BRBMEFBC0221;AGRIBUSINESS;-;-;-;-;-;-;-;-;-;21,13;-;-;-;-;-;-;-
BGIF27C034600;BRBMEFBC0239;AGRIBUSINESS;-;-;-;-;-;-;-;-;-;20,84;-;-;-;-;-;-;-
BGIF27C034650;BRBMEFBC0247;AGRIBUSINESS;-;-;-;-;-;-;-;-;-;20,54;-;-;-;-;-;-;-
BGIF27C034700;BRBMEFBC0254;AGRIBUSINESS;-;-;-;-;-;-;-;-;-;20,26;-;-;-;-;-;-;-
BGIF27C034750;BRBMEFBC0262;AGRIBUSINESS;-;-;-;-;-;-;-;-;-;19,97;-;-;-;-;-;-;-
BGIF27C034800;BRBMEFBC0270;AGRIBUSINESS;-;-;-;-;-;-;-;-;-;19,69;-;-;-;-;-;-;-
BGIF27C034850;BRBMEFBC0288;AGRIBUSINESS;-;-;-;-;-;-;-;-;-;19,41;-;-;-;-;-;-;-
BGIF27C034900;BRBMEFBC0296;AGRIBUSINESS;-;-;-;-;-;-;-;-;-;19,14;-;-;-;-;-;-;-
BGIF27C034950;BRBMEFBC02A7;AGRIBUSINESS;-;-;-;-;-;-;-;-;-;18,87;-;-;-;-;-;-;-
BGIF27C035000;BRBMEFBC02B5;AGRIBUSINESS;-;-;-;-;-;-;-;-;-;18,6;-;-;-;-;-;-;-
BGIF27C035050;BRBMEFBC02C3;AGRIBUSINESS;-;-;-;-;-;-;-;-;-;18,34;-;-;-;-;-;-;-
BGIF27C035100;BRBMEFBC02D1;AGRIBUSINESS;-;-;-;-;-;-;-;-;-;18,07;-;-;-;-;-;-;-
BGIF27C035150;BRBMEFBC02E9;AGRIBUSINESS;-;-;-;-;-;-;-;-;-;17,81;-;-;-;-;-;-;-
BGIF27C035200;BRBMEFBC02F6;AGRIBUSINESS;-;-;-;-;-;-;-;-;-;17,56;-;-;-;-;-;-;-
BGIF27C035250;BRBMEFBC02G4;AGRIBUSINESS;-;-;-;-;-;-;-;-;-;17,3;-;-;-;-;-;-;-
BGIF27C035300;BRBMEFBC02H2;AGRIBUSINESS;-;-;-;-;-;-;-;-;-;17,04;-;-;-;-;-;-;-
BGIF27C035350;BRBMEFBC02I0;AGRIBUSINESS;-;-;-;-;-;-;-;-;-;16,79;-;-;-;-;-;-;-
BGIF27C035400;BRBMEFBC01Q5;AGRIBUSINESS;-;-;-;-;-;-;-;-;-;16,55;-;-;-;-;-;-;-
BGIF27C035450;BRBMEFBC02J8;AGRIBUSINESS;-;-;-;-;-;-;-;-;-;16,31;-;-;-;-;-;-;-
BGIF27C035500;BRBMEFBC02K6;AGRIBUSINESS;-;-;-;-;-;-;-;-;-;16,05;-;-;-;-;-;-;-
BGIF27C035550;BRBMEFBC02L4;AGRIBUSINESS;-;-;-;-;-;-;-;-;-;15,82;-;-;-;-;-;-;-
BGIF27C035600;BRBMEFBC02M2;AGRIBUSINESS;-;-;-;-;-;-;-;-;-;15,58;-;-;-;-;-;-;-
BGIF27C035650;BRBMEFBC02N0;AGRIBUSINESS;-;-;-;-;-;-;-;-;-;15,34;-;-;-;-;-;-;-
BGIF27C035700;BRBMEFBC02O8;AGRIBUSINESS;-;-;-;-;-;-;-;-;-;15,1;-;-;-;-;-;-;-
BGIF27C035750;BRBMEFBC02P5;AGRIBUSINESS;-;-;-;-;-;-;-;-;-;14,88;-;-;-;-;-;-;-
BGIF27C035800;BRBMEFBC02Q3;AGRIBUSINESS;-;-;-;-;-;-;-;-;-;14,65;-;-;-;-;-;-;-
BGIF27C035850;BRBMEFBC02R1;AGRIBUSINESS;-;-;-;-;-;-;-;-;-;14,41;-;-;-;-;-;-;-
BGIF27C035900;BRBMEFBC02S9;AGRIBUSINESS;-;-;-;-;-;-;-;-;-;14,19;-;-;-;-;-;-;-
BGIF27C035950;BRBMEFBC02T7;AGRIBUSINESS;-;-;-;-;-;-;-;-;-;13,97;-;-;-;-;-;-;-
BGIF27C036000;BRBMEFBC02U5;AGRIBUSINESS;-;-;-;-;-;-;-;-;-;13,76;-;-;-;-;-;-;-
BGIF27C036050;BRBMEFBC02V3;AGRIBUSINESS;-;-;-;-;-;-;-;-;-;13,53;-;-;-;-;-;-;-
BGIF27C036100;BRBMEFBC02W1;AGRIBUSINESS;-;-;-;-;-;-;-;-;-;13,32;-;-;-;-;-;-;-
BGIF27C036150;BRBMEFBC02X9;AGRIBUSINESS;-;-;-;-;-;-;-;-;-;13,11;-;-;-;-;-;-;-
BGIF27C036200;BRBMEFBC02Y7;AGRIBUSINESS;-;-;-;-;-;-;-;-;-;12,91;-;-;-;-;-;-;-
BGIF27C036250;BRBMEFBC02Z4;AGRIBUSINESS;-;-;-;-;-;-;-;-;-;12,71;-;-;-;-;-;-;-
BGIF27C036300;BRBMEFBC0304;AGRIBUSINESS;-;-;-;-;-;-;-;-;-;12,51;-;-;-;-;-;-;-
BGIF27C036350;BRBMEFBC0312;AGRIBUSINESS;-;-;-;-;-;-;-;-;-;12,31;-;-;-;-;-;-;-
BGIF27C036400;BRBMEFBC0320;AGRIBUSINESS;-;-;-;-;-;-;-;-;-;12,13;-;-;-;-;-;-;-
BGIF27C036450;BRBMEFBC0338;AGRIBUSINESS;-;-;-;-;-;-;-;-;-;11,93;-;-;-;-;-;-;-
BGIF27C036500;BRBMEFBC0346;AGRIBUSINESS;-;-;-;-;-;-;-;-;-;11,74;-;-;-;-;-;-;-
BGIF27C036550;BRBMEFBC0353;AGRIBUSINESS;-;-;-;-;-;-;-;-;-;11,55;-;-;-;-;-;-;-
BGIF27C036600;BRBMEFBC0361;AGRIBUSINESS;-;-;-;-;-;-;-;-;-;11,37;-;-;-;-;-;-;-
BGIF27C036650;BRBMEFBC0379;AGRIBUSINESS;-;-;-;-;-;-;-;-;-;11,19;-;-;-;-;-;-;-
BGIF27C036700;BRBMEFBC0387;AGRIBUSINESS;-;-;-;-;-;-;-;-;-;11;-;-;-;-;-;-;-
BGIF27C036750;BRBMEFBC0395;AGRIBUSINESS;-;-;-;-;-;-;-;-;-;10,82;-;-;-;-;-;-;-
BGIF27C036800;BRBMEFBC03A5;AGRIBUSINESS;-;-;-;-;-;-;-;-;-;10,65;-;-;-;-;-;-;-
BGIF27C036850;BRBMEFBC03B3;AGRIBUSINESS;-;-;-;-;-;-;-;-;-;10,47;-;-;-;-;-;-;-
BGIF27C036900;BRBMEFBC03C1;AGRIBUSINESS;-;-;-;-;-;-;-;-;-;10,31;-;-;-;-;-;-;-
BGIF27C036950;BRBMEFBC03D9;AGRIBUSINESS;-;-;-;-;-;-;-;-;-;10,13;-;-;-;-;-;-;-
BGIF27C037000;BRBMEFBC03E7;AGRIBUSINESS;-;-;-;-;-;-;-;-;-;9,97;-;-;-;-;-;-;-
BGIF27C037050;BRBMEFBC03F4;AGRIBUSINESS;-;-;-;-;-;-;-;-;-;9,8;-;-;-;-;-;-;-
BGIF27C037100;BRBMEFBC03G2;AGRIBUSINESS;-;-;-;-;-;-;-;-;-;9,64;-;-;-;-;-;-;-
BGIF27C037150;BRBMEFBC03H0;AGRIBUSINESS;-;-;-;-;-;-;-;-;-;9,48;-;-;-;-;-;-;-
BGIF27C037200;BRBMEFBC03I8;AGRIBUSINESS;-;-;-;-;-;-;-;-;-;9,32;-;-;-;-;-;-;-
BGIF27C037250;BRBMEFBC03J6;AGRIBUSINESS;-;-;-;-;-;-;-;-;-;9,17;-;-;-;-;-;-;-
BGIF27C037300;BRBMEFBC03K4;AGRIBUSINESS;-;-;-;-;-;-;-;-;-;9,01;-;-;-;-;-;-;-
BGIF27C037350;BRBMEFBC03L2;AGRIBUSINESS;-;-;-;-;-;-;-;-;-;8,85;-;-;-;-;-;-;-
BGIF27C037400;BRBMEFBC03M0;AGRIBUSINESS;-;-;-;-;-;-;-;-;-;8,71;-;-;-;-;-;-;-
BGIF27C037450;BRBMEFBC03N8;AGRIBUSINESS;-;-;-;-;-;-;-;-;-;8,57;-;-;-;-;-;-;-
BGIF27C037500;BRBMEFBC03O6;AGRIBUSINESS;-;-;-;-;-;-;-;-;-;8,42;-;-;-;-;-;-;-
BGIF27C037550;BRBMEFBC03P3;AGRIBUSINESS;-;-;-;-;-;-;-;-;-;8,29;-;-;-;-;-;-;-
BGIF27C037600;BRBMEFBC03Q1;AGRIBUSINESS;-;-;-;-;-;-;-;-;-;8,16;-;-;-;-;-;-;-
BGIF27C037650;BRBMEFBC03R9;AGRIBUSINESS;-;-;-;-;-;-;-;-;-;8,02;-;-;-;-;-;-;-
BGIF27C037700;BRBMEFBC03S7;AGRIBUSINESS;-;-;-;-;-;-;-;-;-;7,89;-;-;-;-;-;-;-
BGIF27C037750;BRBMEFBC03T5;AGRIBUSINESS;-;-;-;-;-;-;-;-;-;7,76;-;-;-;-;-;-;-
BGIF27C037800;BRBMEFBC03U3;AGRIBUSINESS;-;-;-;-;-;-;-;-;-;7,64;-;-;-;-;-;-;-
BGIF27C037850;BRBMEFBC03V1;AGRIBUSINESS;-;-;-;-;-;-;-;-;-;7,51;-;-;-;-;-;-;-
BGIF27C037900;BRBMEFBC03W9;AGRIBUSINESS;-;-;-;-;-;-;-;-;-;7,39;-;-;-;-;-;-;-
BGIF27C037950;BRBMEFBC03X7;AGRIBUSINESS;-;-;-;-;-;-;-;-;-;7,27;-;-;-;-;-;-;-
BGIF27C038000;BRBMEFBC03Y5;AGRIBUSINESS;-;-;-;-;-;-;-;-;-;7,15;-;-;-;-;-;-;-
BGIF27P034000;BRBMEFBF0152;AGRIBUSINESS;-;-;-;-;-;-;-;-;-;7,05;-;-;-;-;-;-;-
BGIF27P034050;BRBMEFBF0160;AGRIBUSINESS;-;-;-;-;-;-;-;-;-;7,2;-;-;-;-;-;-;-
BGIF27P034100;BRBMEFBF0178;AGRIBUSINESS;-;-;-;-;-;-;-;-;-;7,35;-;-;-;-;-;-;-
BGIF27P034150;BRBMEFBF0186;AGRIBUSINESS;-;-;-;-;-;-;-;-;-;7,5;-;-;-;-;-;-;-
BGIF27P034200;BRBMEFBF0194;AGRIBUSINESS;-;-;-;-;-;-;-;-;-;7,65;-;-;-;-;-;-;-
BGIF27P034250;BRBMEFBF01A2;AGRIBUSINESS;-;-;-;-;-;-;-;-;-;7,8;-;-;-;-;-;-;-
BGIF27P034300;BRBMEFBF01B0;AGRIBUSINESS;-;-;-;-;-;-;-;-;-;7,96;-;-;-;-;-;-;-
BGIF27P034350;BRBMEFBF01C8;AGRIBUSINESS;-;-;-;-;-;-;-;-;-;8,12;-;-;-;-;-;-;-
BGIF27P034400;BRBMEFBF01D6;AGRIBUSINESS;-;-;-;-;-;-;-;-;-;8,28;-;-;-;-;-;-;-
BGIF27P034450;BRBMEFBF01E4;AGRIBUSINESS;-;-;-;-;-;-;-;-;-;8,45;-;-;-;-;-;-;-
BGIF27P034500;BRBMEFBF01F1;AGRIBUSINESS;-;-;-;-;-;-;-;-;-;8,61;-;-;-;-;-;-;-
BGIF27P034550;BRBMEFBF01G9;AGRIBUSINESS;-;-;-;-;-;-;-;-;-;8,78;-;-;-;-;-;-;-
BGIF27P034600;BRBMEFBF01H7;AGRIBUSINESS;-;-;-;-;-;-;-;-;-;8,95;-;-;-;-;-;-;-
BGIF27P034650;BRBMEFBF01I5;AGRIBUSINESS;-;-;-;-;-;-;-;-;-;9,12;-;-;-;-;-;-;-
BGIF27P034700;BRBMEFBF01J3;AGRIBUSINESS;-;-;-;-;-;-;-;-;-;9,29;-;-;-;-;-;-;-
BGIF27P034750;BRBMEFBF01K1;AGRIBUSINESS;-;-;-;-;-;-;-;-;-;9,47;-;-;-;-;-;-;-
BGIF27P034800;BRBMEFBF01L9;AGRIBUSINESS;-;-;-;-;-;-;-;-;-;9,65;-;-;-;-;-;-;-
BGIF27P034850;BRBMEFBF01M7;AGRIBUSINESS;-;-;-;-;-;-;-;-;-;9,84;-;-;-;-;-;-;-
BGIF27P034900;BRBMEFBF01N5;AGRIBUSINESS;-;-;-;-;-;-;-;-;-;10,03;-;-;-;-;-;-;-
BGIF27P034950;BRBMEFBF01O3;AGRIBUSINESS;-;-;-;-;-;-;-;-;-;10,22;-;-;-;-;-;-;-
BGIF27P035000;BRBMEFBF01P0;AGRIBUSINESS;-;-;-;-;-;-;-;-;-;10,42;-;-;-;-;-;-;-
BGIF27P035050;BRBMEFBF01Q8;AGRIBUSINESS;-;-;-;-;-;-;-;-;-;10,62;-;-;-;-;-;-;-
BGIF27P035100;BRBMEFBF01R6;AGRIBUSINESS;-;-;-;-;-;-;-;-;-;10,81;-;-;-;-;-;-;-
BGIF27P035150;BRBMEFBF01S4;AGRIBUSINESS;-;-;-;-;-;-;-;-;-;11,01;-;-;-;-;-;-;-
BGIF27P035200;BRBMEFBF01T2;AGRIBUSINESS;-;-;-;-;-;-;-;-;-;11,22;-;-;-;-;-;-;-
BGIF27P035250;BRBMEFBF01U0;AGRIBUSINESS;-;-;-;-;-;-;-;-;-;11,43;-;-;-;-;-;-;-
BGIF27P035300;BRBMEFBF01V8;AGRIBUSINESS;-;-;-;-;-;-;-;-;-;11,63;-;-;-;-;-;-;-
BGIF27P035350;BRBMEFBF01W6;AGRIBUSINESS;-;-;-;-;-;-;-;-;-;11,85;-;-;-;-;-;-;-
BGIF27P035400;BRBMEFBF0145;AGRIBUSINESS;-;-;-;-;-;-;-;-;-;12,06;-;-;-;-;-;-;-
BGIF27P035450;BRBMEFBF01X4;AGRIBUSINESS;-;-;-;-;-;-;-;-;-;12,28;-;-;-;-;-;-;-
BGIF27P035500;BRBMEFBF01Y2;AGRIBUSINESS;-;-;-;-;-;-;-;-;-;12,49;-;-;-;-;-;-;-
BGIF27P035550;BRBMEFBF01Z9;AGRIBUSINESS;-;-;-;-;-;-;-;-;-;12,72;-;-;-;-;-;-;-
BGIF27P035600;BRBMEFBF0202;AGRIBUSINESS;-;-;-;-;-;-;-;-;-;12,94;-;-;-;-;-;-;-
BGIF27P035650;BRBMEFBF0210;AGRIBUSINESS;-;-;-;-;-;-;-;-;-;13,16;-;-;-;-;-;-;-
BGIF27P035700;BRBMEFBF0228;AGRIBUSINESS;-;-;-;-;-;-;-;-;-;13,39;-;-;-;-;-;-;-
BGIF27P035750;BRBMEFBF0236;AGRIBUSINESS;-;-;-;-;-;-;-;-;-;13,63;-;-;-;-;-;-;-
BGIF27P035800;BRBMEFBF0244;AGRIBUSINESS;-;-;-;-;-;-;-;-;-;13,86;-;-;-;-;-;-;-
BGIF27P035850;BRBMEFBF0251;AGRIBUSINESS;-;-;-;-;-;-;-;-;-;14,09;-;-;-;-;-;-;-
BGIF27P035900;BRBMEFBF0269;AGRIBUSINESS;-;-;-;-;-;-;-;-;-;14,33;-;-;-;-;-;-;-
BGIF27P035950;BRBMEFBF0277;AGRIBUSINESS;-;-;-;-;-;-;-;-;-;14,57;-;-;-;-;-;-;-
BGIF27P036000;BRBMEFBF0285;AGRIBUSINESS;-;-;-;-;-;-;-;-;-;14,82;-;-;-;-;-;-;-
BGIF27P036050;BRBMEFBF0293;AGRIBUSINESS;-;-;-;-;-;-;-;-;-;15,06;-;-;-;-;-;-;-
BGIF27P036100;BRBMEFBF02A0;AGRIBUSINESS;-;-;-;-;-;-;-;-;-;15,31;-;-;-;-;-;-;-
BGIF27P036150;BRBMEFBF02B8;AGRIBUSINESS;-;-;-;-;-;-;-;-;-;15,56;-;-;-;-;-;-;-
BGIF27P036200;BRBMEFBF02C6;AGRIBUSINESS;-;-;-;-;-;-;-;-;-;15,83;-;-;-;-;-;-;-
BGIF27P036250;BRBMEFBF02D4;AGRIBUSINESS;-;-;-;-;-;-;-;-;-;16,08;-;-;-;-;-;-;-
BGIF27P036300;BRBMEFBF02E2;AGRIBUSINESS;-;-;-;-;-;-;-;-;-;16,35;-;-;-;-;-;-;-
BGIF27P036350;BRBMEFBF02F9;AGRIBUSINESS;-;-;-;-;-;-;-;-;-;16,61;-;-;-;-;-;-;-
BGIF27P036400;BRBMEFBF02G7;AGRIBUSINESS;-;-;-;-;-;-;-;-;-;16,89;-;-;-;-;-;-;-
BGIF27P036450;BRBMEFBF02H5;AGRIBUSINESS;-;-;-;-;-;-;-;-;-;17,16;-;-;-;-;-;-;-
BGIF27P036500;BRBMEFBF02I3;AGRIBUSINESS;-;-;-;-;-;-;-;-;-;17,42;-;-;-;-;-;-;-
BGIF27P036550;BRBMEFBF02J1;AGRIBUSINESS;-;-;-;-;-;-;-;-;-;17,71;-;-;-;-;-;-;-
BGIF27P036600;BRBMEFBF02K9;AGRIBUSINESS;-;-;-;-;-;-;-;-;-;17,98;-;-;-;-;-;-;-
BGIF27P036650;BRBMEFBF02L7;AGRIBUSINESS;-;-;-;-;-;-;-;-;-;18,26;-;-;-;-;-;-;-
BGIF27P036700;BRBMEFBF02M5;AGRIBUSINESS;-;-;-;-;-;-;-;-;-;18,54;-;-;-;-;-;-;-
BGIF27P036750;BRBMEFBF02N3;AGRIBUSINESS;-;-;-;-;-;-;-;-;-;18,82;-;-;-;-;-;-;-
BGIF27P036800;BRBMEFBF02O1;AGRIBUSINESS;-;-;-;-;-;-;-;-;-;19,12;-;-;-;-;-;-;-
BGIF27P036850;BRBMEFBF02P8;AGRIBUSINESS;-;-;-;-;-;-;-;-;-;19,4;-;-;-;-;-;-;-
BGIF27P036900;BRBMEFBF02Q6;AGRIBUSINESS;-;-;-;-;-;-;-;-;-;19,7;-;-;-;-;-;-;-
BGIF27P036950;BRBMEFBF02R4;AGRIBUSINESS;-;-;-;-;-;-;-;-;-;19,99;-;-;-;-;-;-;-
BGIF27P037000;BRBMEFBF02S2;AGRIBUSINESS;-;-;-;-;-;-;-;-;-;20,29;-;-;-;-;-;-;-
BGIF27P037050;BRBMEFBF02T0;AGRIBUSINESS;-;-;-;-;-;-;-;-;-;20,58;-;-;-;-;-;-;-
BGIF27P037100;BRBMEFBF02U8;AGRIBUSINESS;-;-;-;-;-;-;-;-;-;20,88;-;-;-;-;-;-;-
BGIF27P037150;BRBMEFBF02V6;AGRIBUSINESS;-;-;-;-;-;-;-;-;-;21,18;-;-;-;-;-;-;-
BGIF27P037200;BRBMEFBF02W4;AGRIBUSINESS;-;-;-;-;-;-;-;-;-;21,48;-;-;-;-;-;-;-
BGIF27P037250;BRBMEFBF02X2;AGRIBUSINESS;-;-;-;-;-;-;-;-;-;21,79;-;-;-;-;-;-;-
BGIF27P037300;BRBMEFBF02Y0;AGRIBUSINESS;-;-;-;-;-;-;-;-;-;22,1;-;-;-;-;-;-;-
BGIF27P037350;BRBMEFBF02Z7;AGRIBUSINESS;-;-;-;-;-;-;-;-;-;22,4;-;-;-;-;-;-;-
BGIF27P037400;BRBMEFBF0301;AGRIBUSINESS;-;-;-;-;-;-;-;-;-;22,72;-;-;-;-;-;-;-
BGIF27P037450;BRBMEFBF0319;AGRIBUSINESS;-;-;-;-;-;-;-;-;-;23,04;-;-;-;-;-;-;-
BGIF27P037500;BRBMEFBF0327;AGRIBUSINESS;-;-;-;-;-;-;-;-;-;23,36;-;-;-;-;-;-;-
BGIF27P037550;BRBMEFBF0335;AGRIBUSINESS;-;-;-;-;-;-;-;-;-;23,69;-;-;-;-;-;-;-
BGIF27P037600;BRBMEFBF0343;AGRIBUSINESS;-;-;-;-;-;-;-;-;-;24,02;-;-;-;-;-;-;-
BGIF27P037650;BRBMEFBF0350;AGRIBUSINESS;-;-;-;-;-;-;-;-;-;24,35;-;-;-;-;-;-;-
BGIF27P037700;BRBMEFBF0368;AGRIBUSINESS;-;-;-;-;-;-;-;-;-;24,68;-;-;-;-;-;-;-
BGIF27P037750;BRBMEFBF0376;AGRIBUSINESS;-;-;-;-;-;-;-;-;-;25,01;-;-;-;-;-;-;-
BGIF27P037800;BRBMEFBF0384;AGRIBUSINESS;-;-;-;-;-;-;-;-;-;25,35;-;-;-;-;-;-;-
BGIF27P037850;BRBMEFBF0392;AGRIBUSINESS;-;-;-;-;-;-;-;-;-;25,69;-;-;-;-;-;-;-
BGIF27P037900;BRBMEFBF03A8;AGRIBUSINESS;-;-;-;-;-;-;-;-;-;26,02;-;-;-;-;-;-;-
BGIF27P037950;BRBMEFBF03B6;AGRIBUSINESS;-;-;-;-;-;-;-;-;-;26,37;-;-;-;-;-;-;-
BGIF27P038000;BRBMEFBF03C4;AGRIBUSINESS;-;-;-;-;-;-;-;-;-;26,71;-;-;-;-;-;-;-
BGIV26C036400;BRBMEFCB1LI3;AGRIBUSINESS;-;-;-;-;-;-;-;-;-;4,66;-;-;-;-;-;-;-
BGIV26P036400;BRBMEFVB1LH2;AGRIBUSINESS;-;-;-;-;-;-;-;-;-;22,71;-;-;-;-;-;-;-
BGIZ26C034000;BRBMEFCB2664;AGRIBUSINESS;-;-;-;-;-;-;-;-;-;19,03;-;-;-;-;-;-;-
BGIZ26P034000;BRBMEFBV2661;AGRIBUSINESS;-;-;-;-;-;-;-;-;-;8,46;-;-;-;-;-;-;-
BGIU26C036200;BRBMEFCBUVB1;AGRIBUSINESS;-;-;-;-;-;-;-;-;-;2,46;-;-;-;-;-;-;-
BGIU26P036200;BRBMEFVBUVA3;AGRIBUSINESS;-;-;-;-;-;-;-;-;-;26,12;-;-;-;-;-;-;-
BGIV26C034300;BRBMEFCB1LJ1;AGRIBUSINESS;-;-;-;-;-;-;-;-;-;12;-;-;-;-;-;-;-
BGIV26P034300;BRBMEFVB1LI0;AGRIBUSINESS;-;-;-;-;-;-;-;-;-;9,99;-;-;-;-;-;-;-
BGIQ26C034800;BRBMEFCBQQ23;AGRIBUSINESS;-;-;-;-;-;-;-;-;-;3,42;-;-;-;-;-;-;-
BGIQ26P034800;BRBMEFVBQQ20;AGRIBUSINESS;-;-;-;-;-;-;-;-;-;15,04;-;-;-;-;-;-;-
BGIU26C033800;BRBMEFCBUVD7;AGRIBUSINESS;-;-;-;-;-;-;-;-;-;9,16;-;-;-;-;-;-;-
BGIU26C033900;BRBMEFCBUVC9;AGRIBUSINESS;-;-;-;-;-;-;-;-;-;8,7;-;-;-;-;-;-;-
BGIU26P033800;BRBMEFVBUVC9;AGRIBUSINESS;11,14;11,14;11,14;11,14;11,14;-;-;-;-;9,64;-;-;-;-;1;1;3676,2
BGIU26P033900;BRBMEFVBUVB1;AGRIBUSINESS;-;-;-;-;-;-;-;-;-;10,15;-;-;-;-;-;-;-
BGIN26C031700;BRBMEFCBNT56;AGRIBUSINESS;-;-;-;-;-;-;-;-;-;17,2;-;-;-;-;-;-;-
BGIN26P031700;BRBMEFVBNT53;AGRIBUSINESS;-;-;-;-;-;-;-;-;-;0,87;-;-;-;-;-;-;-
BGIQ26C034700;BRBMEFCBQQ31;AGRIBUSINESS;-;-;-;-;-;-;-;-;-;3,68;-;-;-;-;-;-;-
BGIQ26P034700;BRBMEFVBQQ38;AGRIBUSINESS;-;-;-;-;-;-;-;-;-;14,32;-;-;-;-;-;-;-
BGIQ26C031600;BRBMEFCBQQ49;AGRIBUSINESS;-;-;-;-;-;-;-;-;-;21,29;-;-;-;-;-;-;-
BGIQ26P031600;BRBMEFVBQQ46;AGRIBUSINESS;-;-;-;-;-;-;-;-;-;1,67;-;-;-;-;-;-;-
BGIX26C036000;BRBMEFGI0311;AGRIBUSINESS;-;-;-;-;-;-;-;-;-;7,87;-;-;-;-;-;-;-
BGIX26P036000;BRBMEFBG02Z5;AGRIBUSINESS;-;-;-;-;-;-;-;-;-;18,27;-;-;-;-;-;-;-
BGIU26C032800;BRBMEFCBUVF2;AGRIBUSINESS;-;-;-;-;-;-;-;-;-;14,67;-;-;-;-;-;-;-
BGIU26C033600;BRBMEFCBUVE5;AGRIBUSINESS;-;-;-;-;-;-;-;-;-;10,12;-;-;-;-;-;-;-
BGIU26C034800;BRBMEFCBUVG0;AGRIBUSINESS;-;-;-;-;-;-;-;-;-;5,37;-;-;-;-;-;-;-
BGIU26P032800;BRBMEFVBUVE5;AGRIBUSINESS;-;-;-;-;-;-;-;-;-;5,49;-;-;-;-;-;-;-
BGIU26P033600;BRBMEFVBUVD7;AGRIBUSINESS;-;-;-;-;-;-;-;-;-;8,68;-;-;-;-;-;-;-
BGIU26P034800;BRBMEFVBUVF2;AGRIBUSINESS;-;-;-;-;-;-;-;-;-;15,51;-;-;-;-;-;-;-
BGIU26C032200;BRBMEFCBUVH8;AGRIBUSINESS;-;-;-;-;-;-;-;-;-;18,75;-;-;-;-;-;-;-
BGIU26P032200;BRBMEFVBUVG0;AGRIBUSINESS;-;-;-;-;-;-;-;-;-;3,79;-;-;-;-;-;-;-
BGIQ26C029500;BRBMEFCBQQ56;AGRIBUSINESS;-;-;-;-;-;-;-;-;-;40,32;-;-;-;-;-;-;-
BGIQ26P029500;BRBMEFVBQQ53;AGRIBUSINESS;-;-;-;-;-;-;-;-;-;0,19;-;-;-;-;-;-;-
BGIZ26C033600;BRBMEFCB2672;AGRIBUSINESS;-;-;-;-;-;-;-;-;-;21,45;-;-;-;-;-;-;-
BGIZ26C035100;BRBMEFCB2680;AGRIBUSINESS;-;-;-;-;-;-;-;-;-;13,33;-;-;-;-;-;-;-
BGIZ26P033600;BRBMEFBV2679;AGRIBUSINESS;-;-;-;-;-;-;-;-;-;7,13;-;-;-;-;-;-;-
BGIZ26P035100;BRBMEFBV2687;AGRIBUSINESS;-;-;-;-;-;-;-;-;-;13,05;-;-;-;-;-;-;-
BGIV26C032900;BRBMEFCB1LK9;AGRIBUSINESS;-;-;-;-;-;-;-;-;-;20,34;-;-;-;-;-;-;-
BGIV26P032900;BRBMEFVB1LJ8;AGRIBUSINESS;-;-;-;-;-;-;-;-;-;4,97;-;-;-;-;-;-;-
BGIQ26C035800;BRBMEFCBQQ64;AGRIBUSINESS;-;-;-;-;-;-;-;-;-;1,63;-;-;-;-;-;-;-
BGIQ26P035800;BRBMEFVBQQ61;AGRIBUSINESS;-;-;-;-;-;-;-;-;-;23,01;-;-;-;-;-;-;-
BGIQ26C031200;BRBMEFCBQQ80;AGRIBUSINESS;-;-;-;-;-;-;-;-;-;24,7;-;-;-;-;-;-;-
BGIQ26C034900;BRBMEFCBQQ72;AGRIBUSINESS;-;-;-;-;-;-;-;-;-;3,18;-;-;-;-;-;-;-
BGIQ26P031200;BRBMEFVBQQ87;AGRIBUSINESS;-;-;-;-;-;-;-;-;-;1,17;-;-;-;-;-;-;-
BGIQ26P034900;BRBMEFVBQQ79;AGRIBUSINESS;-;-;-;-;-;-;-;-;-;15,77;-;-;-;-;-;-;-
BGIU26C035100;BRBMEFCBUVI6;AGRIBUSINESS;-;-;-;-;-;-;-;-;-;4,56;-;-;-;-;-;-;-
BGIU26P035100;BRBMEFVBUVH8;AGRIBUSINESS;-;-;-;-;-;-;-;-;-;17,59;-;-;-;-;-;-;-
BGIV26C034900;BRBMEFCB1LL7;AGRIBUSINESS;-;-;-;-;-;-;-;-;-;9,28;-;-;-;-;-;-;-
BGIV26C036100;BRBMEFCB1LM5;AGRIBUSINESS;-;-;-;-;-;-;-;-;-;5,37;-;-;-;-;-;-;-
BGIV26P034900;BRBMEFVB1LK6;AGRIBUSINESS;-;-;-;-;-;-;-;-;-;13,01;-;-;-;-;-;-;-
BGIV26P036100;BRBMEFVB1LL4;AGRIBUSINESS;-;-;-;-;-;-;-;-;-;20,56;-;-;-;-;-;-;-
BGIV26C030000;BRBMEFCB1LN3;AGRIBUSINESS;-;-;-;-;-;-;-;-;-;44,04;-;-;-;-;-;-;-
BGIV26P030000;BRBMEFVB1LM2;AGRIBUSINESS;-;-;-;-;-;-;-;-;-;0,96;-;-;-;-;-;-;-
BGIX26C030000;BRBMEFGI0329;AGRIBUSINESS;-;-;-;-;-;-;-;-;-;47,41;-;-;-;-;-;-;-
BGIX26P030000;BRBMEFBG0300;AGRIBUSINESS;-;-;-;-;-;-;-;-;-;1,07;-;-;-;-;-;-;-
ICFU26C040000;BRBMEFCCQAY3;AGRIBUSINESS;-;-;-;-;-;-;-;-;-;1,74;-;-;-;-;-;-;-
ICFU26C042000;BRBMEFCCQAZ0;AGRIBUSINESS;-;-;-;-;-;-;-;-;-;1,08;-;-;-;-;-;-;-
ICFU26C045000;BRBMEFCCQB03;AGRIBUSINESS;-;-;-;-;-;-;-;-;-;0,38;-;-;-;-;-;-;-
ICFU26C047000;BRBMEFCCQB11;AGRIBUSINESS;-;-;-;-;-;-;-;-;-;0,18;-;-;-;-;-;-;-
ICFU26C050000;BRBMEFCCQB29;AGRIBUSINESS;-;-;-;-;-;-;-;-;-;0,05;-;-;-;-;-;-;-
ICFU26C052000;BRBMEFCCQB37;AGRIBUSINESS;-;-;-;-;-;-;-;-;-;0,02;-;-;-;-;-;-;-
ICFU26P040000;BRBMEFVCQB00;AGRIBUSINESS;-;-;-;-;-;-;-;-;-;76,99;-;-;-;-;-;-;-
ICFU26P042000;BRBMEFVCQB18;AGRIBUSINESS;-;-;-;-;-;-;-;-;-;95,97;-;-;-;-;-;-;-
ICFU26P045000;BRBMEFVCQB26;AGRIBUSINESS;-;-;-;-;-;-;-;-;-;124,73;-;-;-;-;-;-;-
ICFU26P047000;BRBMEFVCQB34;AGRIBUSINESS;-;-;-;-;-;-;-;-;-;144,16;-;-;-;-;-;-;-
ICFU26P050000;BRBMEFVCQB42;AGRIBUSINESS;-;-;-;-;-;-;-;-;-;173,49;-;-;-;-;-;-;-
ICFU26P052000;BRBMEFVCQB59;AGRIBUSINESS;-;-;-;-;-;-;-;-;-;193,1;-;-;-;-;-;-;-
ICFU26C030000;BRBMEFCCQB45;AGRIBUSINESS;-;-;-;-;-;-;-;-;-;30,32;-;-;-;-;-;-;-
ICFU26P030000;BRBMEFVCQB67;AGRIBUSINESS;6,7;6,7;6,7;6,7;6,7;-57,86;-;-;-;7,39;-;-;-;-;1;20;69283,36
ICFU26C025000;BRBMEFCCQB78;AGRIBUSINESS;-;-;-;-;-;-;-;-;-;72,73;-;-;-;-;-;-;-
ICFU26P025000;BRBMEFVCQB91;AGRIBUSINESS;-;-;-;-;-;-;-;-;-;0,71;-;-;-;-;-;-;-
ICFU26C037250;BRBMEFCCQB86;AGRIBUSINESS;-;-;-;-;-;-;-;-;-;3,88;-;-;-;-;-;-;-
ICFU26P037250;BRBMEFVCQBA1;AGRIBUSINESS;-;-;-;-;-;-;-;-;-;52,14;-;-;-;-;-;-;-
ICFU26C035000;BRBMEFCCQB94;AGRIBUSINESS;-;-;-;-;-;-;-;-;-;7,75;-;-;-;-;-;-;-
ICFU26P035000;BRBMEFVCQBB9;AGRIBUSINESS;-;-;-;-;-;-;-;-;-;33,92;-;-;-;-;-;-;-
ICFU26C036500;BRBMEFCCQBB9;AGRIBUSINESS;-;-;-;-;-;-;-;-;-;4,88;-;-;-;-;-;-;-
ICFU26C039000;BRBMEFCCQBA1;AGRIBUSINESS;-;-;-;-;-;-;-;-;-;2,28;-;-;-;-;-;-;-
ICFU26P036500;BRBMEFVCQBD5;AGRIBUSINESS;-;-;-;-;-;-;-;-;-;45,77;-;-;-;-;-;-;-
ICFU26P039000;BRBMEFVCQBC7;AGRIBUSINESS;-;-;-;-;-;-;-;-;-;67,72;-;-;-;-;-;-;-
ICFU26C031000;BRBMEFCCQBC7;AGRIBUSINESS;-;-;-;-;-;-;-;-;-;23,98;-;-;-;-;-;-;-
ICFU26P031000;BRBMEFVCQBE3;AGRIBUSINESS;-;-;-;-;-;-;-;-;-;10,88;-;-;-;-;-;-;-
ICFU26C033500;BRBMEFCCQBE3;AGRIBUSINESS;-;-;-;-;-;-;-;-;-;12,21;-;-;-;-;-;-;-
ICFU26C033750;BRBMEFCCQBD5;AGRIBUSINESS;-;-;-;-;-;-;-;-;-;11,34;-;-;-;-;-;-;-
ICFU26P033500;BRBMEFVCQBG8;AGRIBUSINESS;-;-;-;-;-;-;-;-;-;23,65;-;-;-;-;-;-;-
ICFU26P033750;BRBMEFVCQBF0;AGRIBUSINESS;-;-;-;-;-;-;-;-;-;25,23;-;-;-;-;-;-;-
ICFU26C028000;BRBMEFCCQBF0;AGRIBUSINESS;-;-;-;-;-;-;-;-;-;45,67;-;-;-;-;-;-;-
ICFU26C038000;BRBMEFCCQBG8;AGRIBUSINESS;-;-;-;-;-;-;-;-;-;3,09;-;-;-;-;-;-;-
ICFU26C043000;BRBMEFCCQBH6;AGRIBUSINESS;-;-;-;-;-;-;-;-;-;0,8;-;-;-;-;-;-;-
ICFU26P028000;BRBMEFVCQBH6;AGRIBUSINESS;-;-;-;-;-;-;-;-;-;3,11;-;-;-;-;-;-;-
ICFU26P038000;BRBMEFVCQBI4;AGRIBUSINESS;-;-;-;-;-;-;-;-;-;58,71;-;-;-;-;-;-;-
ICFU26P043000;BRBMEFVCQBJ2;AGRIBUSINESS;-;-;-;-;-;-;-;-;-;105,51;-;-;-;-;-;-;-
ICFU26C044000;BRBMEFCCQBI4;AGRIBUSINESS;-;-;-;-;-;-;-;-;-;0,55;-;-;-;-;-;-;-
ICFU26P044000;BRBMEFVCQBK0;AGRIBUSINESS;-;-;-;-;-;-;-;-;-;115,08;-;-;-;-;-;-;-
ICFU26C039500;BRBMEFCCQBJ2;AGRIBUSINESS;-;-;-;-;-;-;-;-;-;1,97;-;-;-;-;-;-;-
ICFU26P039500;BRBMEFVCQBL8;AGRIBUSINESS;-;-;-;-;-;-;-;-;-;72,32;-;-;-;-;-;-;-
ICFU26C029000;BRBMEFCCQBK0;AGRIBUSINESS;-;-;-;-;-;-;-;-;-;37,64;-;-;-;-;-;-;-
ICFU26C042500;BRBMEFCCQBL8;AGRIBUSINESS;-;-;-;-;-;-;-;-;-;0,96;-;-;-;-;-;-;-
ICFU26P029000;BRBMEFVCQBM6;AGRIBUSINESS;-;-;-;-;-;-;-;-;-;4,89;-;-;-;-;-;-;-
ICFU26P042500;BRBMEFVCQBN4;AGRIBUSINESS;-;-;-;-;-;-;-;-;-;100,76;-;-;-;-;-;-;-
ICFU26C033000;BRBMEFCCQBM6;AGRIBUSINESS;-;-;-;-;-;-;-;-;-;14,11;-;-;-;-;-;-;-
ICFU26P033000;BRBMEFVCQBO2;AGRIBUSINESS;-;-;-;-;-;-;-;-;-;20,63;-;-;-;-;-;-;-
ICFU26C032000;BRBMEFCCQBN4;AGRIBUSINESS;-;-;-;-;-;-;-;-;-;18,58;-;-;-;-;-;-;-
ICFU26C034000;BRBMEFCCQBO2;AGRIBUSINESS;-;-;-;-;-;-;-;-;-;10,52;-;-;-;-;-;-;-
ICFU26P032000;BRBMEFVCQBP9;AGRIBUSINESS;-;-;-;-;-;-;-;-;-;15,29;-;-;-;-;-;-;-
ICFU26P034000;BRBMEFVCQBQ7;AGRIBUSINESS;-;-;-;-;-;-;-;-;-;26,87;-;-;-;-;-;-;-
ICFU26C030500;BRBMEFCCQBQ7;AGRIBUSINESS;-;-;-;-;-;-;-;-;-;27,04;-;-;-;-;-;-;-
ICFU26C031500;BRBMEFCCQBP9;AGRIBUSINESS;-;-;-;-;-;-;-;-;-;21,16;-;-;-;-;-;-;-
ICFU26P030500;BRBMEFVCQBS3;AGRIBUSINESS;-;-;-;-;-;-;-;-;-;9,02;-;-;-;-;-;-;-
ICFU26P031500;BRBMEFVCQBR5;AGRIBUSINESS;-;-;-;-;-;-;-;-;-;12,96;-;-;-;-;-;-;-
ICFU26C031250;BRBMEFCCQBS3;AGRIBUSINESS;-;-;-;-;-;-;-;-;-;22,54;-;-;-;-;-;-;-
ICFU26C034750;BRBMEFCCQBR5;AGRIBUSINESS;-;-;-;-;-;-;-;-;-;8,38;-;-;-;-;-;-;-
ICFU26P031250;BRBMEFVCQBU9;AGRIBUSINESS;-;-;-;-;-;-;-;-;-;11,89;-;-;-;-;-;-;-
ICFU26P034750;BRBMEFVCQBT1;AGRIBUSINESS;-;-;-;-;-;-;-;-;-;32,09;-;-;-;-;-;-;-
ICFU26C037000;BRBMEFCCQBT1;AGRIBUSINESS;-;-;-;-;-;-;-;-;-;4,19;-;-;-;-;-;-;-
ICFU26P037000;BRBMEFVCQBV7;AGRIBUSINESS;-;-;-;-;-;-;-;-;-;49,99;-;-;-;-;-;-;-
ICFU26C032500;BRBMEFCCQBU9;AGRIBUSINESS;-;-;-;-;-;-;-;-;-;16,22;-;-;-;-;-;-;-
ICFU26C037500;BRBMEFCCQBV7;AGRIBUSINESS;-;-;-;-;-;-;-;-;-;3,6;-;-;-;-;-;-;-
ICFU26P032500;BRBMEFVCQBW5;AGRIBUSINESS;-;-;-;-;-;-;-;-;-;17,84;-;-;-;-;-;-;-
ICFU26P037500;BRBMEFVCQBX3;AGRIBUSINESS;-;-;-;-;-;-;-;-;-;54,31;-;-;-;-;-;-;-
ICFU26C027500;BRBMEFCCQBW5;AGRIBUSINESS;-;-;-;-;-;-;-;-;-;49,91;-;-;-;-;-;-;-
ICFU26C028500;BRBMEFCCQBX3;AGRIBUSINESS;-;-;-;-;-;-;-;-;-;41,58;-;-;-;-;-;-;-
ICFU26C029500;BRBMEFCCQBY1;AGRIBUSINESS;-;-;-;-;-;-;-;-;-;33,86;-;-;-;-;-;-;-
ICFU26C034500;BRBMEFCCQBZ8;AGRIBUSINESS;-;-;-;-;-;-;-;-;-;9,04;-;-;-;-;-;-;-
ICFU26C035500;BRBMEFCCQC02;AGRIBUSINESS;-;-;-;-;-;-;-;-;-;6,63;-;-;-;-;-;-;-
ICFU26C036000;BRBMEFCCQC10;AGRIBUSINESS;-;-;-;-;-;-;-;-;-;5,67;-;-;-;-;-;-;-
ICFU26C038500;BRBMEFCCQC28;AGRIBUSINESS;-;-;-;-;-;-;-;-;-;2,66;-;-;-;-;-;-;-
ICFU26C040500;BRBMEFCCQC36;AGRIBUSINESS;-;-;-;-;-;-;-;-;-;1,53;-;-;-;-;-;-;-
ICFU26C041000;BRBMEFCCQC44;AGRIBUSINESS;-;-;-;-;-;-;-;-;-;1,36;-;-;-;-;-;-;-
ICFU26P027500;BRBMEFVCQBY1;AGRIBUSINESS;-;-;-;-;-;-;-;-;-;2,44;-;-;-;-;-;-;-
ICFU26P028500;BRBMEFVCQBZ8;AGRIBUSINESS;-;-;-;-;-;-;-;-;-;3,92;-;-;-;-;-;-;-
ICFU26P029500;BRBMEFVCQC09;AGRIBUSINESS;-;-;-;-;-;-;-;-;-;6,03;-;-;-;-;-;-;-
ICFU26P034500;BRBMEFVCQC17;AGRIBUSINESS;-;-;-;-;-;-;-;-;-;30,3;-;-;-;-;-;-;-
ICFU26P035500;BRBMEFVCQC25;AGRIBUSINESS;-;-;-;-;-;-;-;-;-;37,7;-;-;-;-;-;-;-
ICFU26P036000;BRBMEFVCQC33;AGRIBUSINESS;-;-;-;-;-;-;-;-;-;41,66;-;-;-;-;-;-;-
ICFU26P038500;BRBMEFVCQC41;AGRIBUSINESS;-;-;-;-;-;-;-;-;-;63,19;-;-;-;-;-;-;-
ICFU26P040500;BRBMEFVCQC58;AGRIBUSINESS;-;-;-;-;-;-;-;-;-;81,7;-;-;-;-;-;-;-
ICFU26P041000;BRBMEFVCQC66;AGRIBUSINESS;-;-;-;-;-;-;-;-;-;86,43;-;-;-;-;-;-;-
ICFZ26C027500;BRBMEFCCXA70;AGRIBUSINESS;-;-;-;-;-;-;-;-;-;51,66;-;-;-;-;-;-;-
ICFZ26C028000;BRBMEFCCXA88;AGRIBUSINESS;-;-;-;-;-;-;-;-;-;48,27;-;-;-;-;-;-;-
ICFZ26C028500;BRBMEFCCXA96;AGRIBUSINESS;-;-;-;-;-;-;-;-;-;45,04;-;-;-;-;-;-;-
ICFZ26C029000;BRBMEFCCXAA9;AGRIBUSINESS;-;-;-;-;-;-;-;-;-;41,95;-;-;-;-;-;-;-
ICFZ26C029500;BRBMEFCCXAB7;AGRIBUSINESS;-;-;-;-;-;-;-;-;-;38,99;-;-;-;-;-;-;-
ICFZ26C030000;BRBMEFCCXAC5;AGRIBUSINESS;-;-;-;-;-;-;-;-;-;36,17;-;-;-;-;-;-;-
ICFZ26C030500;BRBMEFCCXAD3;AGRIBUSINESS;-;-;-;-;-;-;-;-;-;33,49;-;-;-;-;-;-;-
ICFZ26C031000;BRBMEFCCXAE1;AGRIBUSINESS;-;-;-;-;-;-;-;-;-;30,99;-;-;-;-;-;-;-
ICFZ26C031500;BRBMEFCCXAF8;AGRIBUSINESS;-;-;-;-;-;-;-;-;-;28,62;-;-;-;-;-;-;-
ICFZ26C032000;BRBMEFCCXAG6;AGRIBUSINESS;-;-;-;-;-;-;-;-;-;26,38;-;-;-;-;-;-;-
ICFZ26C032500;BRBMEFCCXAH4;AGRIBUSINESS;-;-;-;-;-;-;-;-;-;24,28;-;-;-;-;-;-;-
ICFZ26C033000;BRBMEFCCXAI2;AGRIBUSINESS;-;-;-;-;-;-;-;-;-;22,33;-;-;-;-;-;-;-
ICFZ26C033500;BRBMEFCCXAJ0;AGRIBUSINESS;-;-;-;-;-;-;-;-;-;20,54;-;-;-;-;-;-;-
ICFZ26C034000;BRBMEFCCXAK8;AGRIBUSINESS;-;-;-;-;-;-;-;-;-;18,86;-;-;-;-;-;-;-
ICFZ26C034500;BRBMEFCCXAL6;AGRIBUSINESS;-;-;-;-;-;-;-;-;-;17,3;-;-;-;-;-;-;-
ICFZ26C035000;BRBMEFCCXAM4;AGRIBUSINESS;-;-;-;-;-;-;-;-;-;15,85;-;-;-;-;-;-;-
ICFZ26C035500;BRBMEFCCXAN2;AGRIBUSINESS;-;-;-;-;-;-;-;-;-;14,53;-;-;-;-;-;-;-
ICFZ26C036000;BRBMEFCCXAO0;AGRIBUSINESS;-;-;-;-;-;-;-;-;-;13,32;-;-;-;-;-;-;-
ICFZ26C036500;BRBMEFCCXAP7;AGRIBUSINESS;-;-;-;-;-;-;-;-;-;12,21;-;-;-;-;-;-;-
ICFZ26C037000;BRBMEFCCXAQ5;AGRIBUSINESS;-;-;-;-;-;-;-;-;-;11,18;-;-;-;-;-;-;-
ICFZ26C037500;BRBMEFCCXAR3;AGRIBUSINESS;-;-;-;-;-;-;-;-;-;10,23;-;-;-;-;-;-;-
ICFZ26C038000;BRBMEFCCXAS1;AGRIBUSINESS;-;-;-;-;-;-;-;-;-;9,36;-;-;-;-;-;-;-
ICFZ26C038500;BRBMEFCCXAT9;AGRIBUSINESS;-;-;-;-;-;-;-;-;-;8,6;-;-;-;-;-;-;-
ICFZ26C039000;BRBMEFCCXAU7;AGRIBUSINESS;-;-;-;-;-;-;-;-;-;7,91;-;-;-;-;-;-;-
ICFZ26C039500;BRBMEFCCXAV5;AGRIBUSINESS;-;-;-;-;-;-;-;-;-;7,28;-;-;-;-;-;-;-
ICFZ26C040000;BRBMEFCCXAW3;AGRIBUSINESS;-;-;-;-;-;-;-;-;-;6,71;-;-;-;-;-;-;-
ICFZ26C040500;BRBMEFCCXAX1;AGRIBUSINESS;-;-;-;-;-;-;-;-;-;6,18;-;-;-;-;-;-;-
ICFZ26C041000;BRBMEFCCXAY9;AGRIBUSINESS;-;-;-;-;-;-;-;-;-;5,7;-;-;-;-;-;-;-
ICFZ26P027500;BRBMEFVCXB76;AGRIBUSINESS;-;-;-;-;-;-;-;-;-;9,83;-;-;-;-;-;-;-
ICFZ26P028000;BRBMEFVCXB84;AGRIBUSINESS;-;-;-;-;-;-;-;-;-;11,19;-;-;-;-;-;-;-
ICFZ26P028500;BRBMEFVCXB92;AGRIBUSINESS;-;-;-;-;-;-;-;-;-;12,71;-;-;-;-;-;-;-
ICFZ26P029000;BRBMEFVCXBA7;AGRIBUSINESS;-;-;-;-;-;-;-;-;-;14,38;-;-;-;-;-;-;-
ICFZ26P029500;BRBMEFVCXBB5;AGRIBUSINESS;-;-;-;-;-;-;-;-;-;16,17;-;-;-;-;-;-;-
ICFZ26P030000;BRBMEFVCXBC3;AGRIBUSINESS;-;-;-;-;-;-;-;-;-;18,1;-;-;-;-;-;-;-
ICFZ26P030500;BRBMEFVCXBD1;AGRIBUSINESS;-;-;-;-;-;-;-;-;-;20,18;-;-;-;-;-;-;-
ICFZ26P031000;BRBMEFVCXBE9;AGRIBUSINESS;-;-;-;-;-;-;-;-;-;22,43;-;-;-;-;-;-;-
ICFZ26P031500;BRBMEFVCXBF6;AGRIBUSINESS;-;-;-;-;-;-;-;-;-;24,81;-;-;-;-;-;-;-
ICFZ26P032000;BRBMEFVCXBG4;AGRIBUSINESS;-;-;-;-;-;-;-;-;-;27,33;-;-;-;-;-;-;-
ICFZ26P032500;BRBMEFVCXBH2;AGRIBUSINESS;-;-;-;-;-;-;-;-;-;29,98;-;-;-;-;-;-;-
ICFZ26P033000;BRBMEFVCXBI0;AGRIBUSINESS;-;-;-;-;-;-;-;-;-;32,79;-;-;-;-;-;-;-
ICFZ26P033500;BRBMEFVCXBJ8;AGRIBUSINESS;-;-;-;-;-;-;-;-;-;35,75;-;-;-;-;-;-;-
ICFZ26P034000;BRBMEFVCXBK6;AGRIBUSINESS;-;-;-;-;-;-;-;-;-;38,83;-;-;-;-;-;-;-
ICFZ26P034500;BRBMEFVCXBL4;AGRIBUSINESS;-;-;-;-;-;-;-;-;-;42,02;-;-;-;-;-;-;-
ICFZ26P035000;BRBMEFVCXBM2;AGRIBUSINESS;-;-;-;-;-;-;-;-;-;45,32;-;-;-;-;-;-;-
ICFZ26P035500;BRBMEFVCXBN0;AGRIBUSINESS;-;-;-;-;-;-;-;-;-;48,75;-;-;-;-;-;-;-
ICFZ26P036000;BRBMEFVCXBO8;AGRIBUSINESS;-;-;-;-;-;-;-;-;-;52,3;-;-;-;-;-;-;-
ICFZ26P036500;BRBMEFVCXBP5;AGRIBUSINESS;-;-;-;-;-;-;-;-;-;55,94;-;-;-;-;-;-;-
ICFZ26P037000;BRBMEFVCXBQ3;AGRIBUSINESS;-;-;-;-;-;-;-;-;-;59,66;-;-;-;-;-;-;-
ICFZ26P037500;BRBMEFVCXBR1;AGRIBUSINESS;-;-;-;-;-;-;-;-;-;63,47;-;-;-;-;-;-;-
ICFZ26P038000;BRBMEFVCXBS9;AGRIBUSINESS;-;-;-;-;-;-;-;-;-;67,35;-;-;-;-;-;-;-
ICFZ26P038500;BRBMEFVCXBT7;AGRIBUSINESS;-;-;-;-;-;-;-;-;-;71,34;-;-;-;-;-;-;-
ICFZ26P039000;BRBMEFVCXBU5;AGRIBUSINESS;-;-;-;-;-;-;-;-;-;75,41;-;-;-;-;-;-;-
ICFZ26P039500;BRBMEFVCXBV3;AGRIBUSINESS;-;-;-;-;-;-;-;-;-;79,54;-;-;-;-;-;-;-
ICFZ26P040000;BRBMEFVCXBW1;AGRIBUSINESS;-;-;-;-;-;-;-;-;-;83,72;-;-;-;-;-;-;-
ICFZ26P040500;BRBMEFVCXBX9;AGRIBUSINESS;-;-;-;-;-;-;-;-;-;87,94;-;-;-;-;-;-;-
ICFZ26P041000;BRBMEFVCXBY7;AGRIBUSINESS;-;-;-;-;-;-;-;-;-;92,21;-;-;-;-;-;-;-
ICFU26C032750;BRBMEFCCQC51;AGRIBUSINESS;-;-;-;-;-;-;-;-;-;15,13;-;-;-;-;-;-;-
ICFU26P032750;BRBMEFVCQC74;AGRIBUSINESS;-;-;-;-;-;-;-;-;-;19,21;-;-;-;-;-;-;-
ICFU26C019000;BRBMEFCCQC69;AGRIBUSINESS;-;-;-;-;-;-;-;-;-;130,93;-;-;-;-;-;-;-
ICFU26P019000;BRBMEFVCQC82;AGRIBUSINESS;-;-;-;-;-;-;-;-;-;0,01;-;-;-;-;-;-;-
ICFU26C048000;BRBMEFCCQC77;AGRIBUSINESS;-;-;-;-;-;-;-;-;-;0,12;-;-;-;-;-;-;-
ICFU26P048000;BRBMEFVCQC90;AGRIBUSINESS;-;-;-;-;-;-;-;-;-;153,92;-;-;-;-;-;-;-
ICFU26C030250;BRBMEFCCQC85;AGRIBUSINESS;-;-;-;-;-;-;-;-;-;28,65;-;-;-;-;-;-;-
ICFU26C034250;BRBMEFCCQC93;AGRIBUSINESS;-;-;-;-;-;-;-;-;-;9,75;-;-;-;-;-;-;-
ICFU26P030250;BRBMEFVCQCA9;AGRIBUSINESS;-;-;-;-;-;-;-;-;-;8,18;-;-;-;-;-;-;-
ICFU26P034250;BRBMEFVCQCB7;AGRIBUSINESS;-;-;-;-;-;-;-;-;-;28,56;-;-;-;-;-;-;-
ICFH27C030000;BRBMEFCCG8W4;AGRIBUSINESS;-;-;-;-;-;-;-;-;-;39,17;-;-;-;-;-;-;-
ICFH27C030500;BRBMEFCCG8X2;AGRIBUSINESS;-;-;-;-;-;-;-;-;-;36,82;-;-;-;-;-;-;-
ICFH27C031000;BRBMEFCCG8Y0;AGRIBUSINESS;-;-;-;-;-;-;-;-;-;34,57;-;-;-;-;-;-;-
ICFH27C031500;BRBMEFCCG8Z7;AGRIBUSINESS;-;-;-;-;-;-;-;-;-;32,44;-;-;-;-;-;-;-
ICFH27C032000;BRBMEFCCG907;AGRIBUSINESS;-;-;-;-;-;-;-;-;-;30,4;-;-;-;-;-;-;-
ICFH27C032500;BRBMEFCCG915;AGRIBUSINESS;-;-;-;-;-;-;-;-;-;28,47;-;-;-;-;-;-;-
ICFH27C033000;BRBMEFCCG923;AGRIBUSINESS;-;-;-;-;-;-;-;-;-;26,67;-;-;-;-;-;-;-
ICFH27C033500;BRBMEFCCG931;AGRIBUSINESS;-;-;-;-;-;-;-;-;-;25;-;-;-;-;-;-;-
ICFH27C034000;BRBMEFCCG949;AGRIBUSINESS;-;-;-;-;-;-;-;-;-;23,43;-;-;-;-;-;-;-
ICFH27C034500;BRBMEFCCG956;AGRIBUSINESS;-;-;-;-;-;-;-;-;-;21,94;-;-;-;-;-;-;-
ICFH27C035000;BRBMEFCCG964;AGRIBUSINESS;-;-;-;-;-;-;-;-;-;20,54;-;-;-;-;-;-;-
ICFH27C035500;BRBMEFCCG972;AGRIBUSINESS;-;-;-;-;-;-;-;-;-;19,22;-;-;-;-;-;-;-
ICFH27C036000;BRBMEFCCG980;AGRIBUSINESS;-;-;-;-;-;-;-;-;-;17,99;-;-;-;-;-;-;-
ICFH27C036500;BRBMEFCCG998;AGRIBUSINESS;-;-;-;-;-;-;-;-;-;16,86;-;-;-;-;-;-;-
ICFH27P030000;BRBMEFVCG8W1;AGRIBUSINESS;-;-;-;-;-;-;-;-;-;24,57;-;-;-;-;-;-;-
ICFH27P030500;BRBMEFVCG8X9;AGRIBUSINESS;-;-;-;-;-;-;-;-;-;26,82;-;-;-;-;-;-;-
ICFH27P031000;BRBMEFVCG8Y7;AGRIBUSINESS;-;-;-;-;-;-;-;-;-;29,19;-;-;-;-;-;-;-
ICFH27P031500;BRBMEFVCG8Z4;AGRIBUSINESS;-;-;-;-;-;-;-;-;-;31,65;-;-;-;-;-;-;-
ICFH27P032000;BRBMEFVCG907;AGRIBUSINESS;-;-;-;-;-;-;-;-;-;34,23;-;-;-;-;-;-;-
ICFH27P032500;BRBMEFVCG915;AGRIBUSINESS;-;-;-;-;-;-;-;-;-;36,9;-;-;-;-;-;-;-
ICFH27P033000;BRBMEFVCG923;AGRIBUSINESS;-;-;-;-;-;-;-;-;-;39,7;-;-;-;-;-;-;-
ICFH27P033500;BRBMEFVCG931;AGRIBUSINESS;-;-;-;-;-;-;-;-;-;42,63;-;-;-;-;-;-;-
ICFH27P034000;BRBMEFVCG949;AGRIBUSINESS;-;-;-;-;-;-;-;-;-;45,67;-;-;-;-;-;-;-
ICFH27P034500;BRBMEFVCG956;AGRIBUSINESS;-;-;-;-;-;-;-;-;-;48,79;-;-;-;-;-;-;-
ICFH27P035000;BRBMEFVCG964;AGRIBUSINESS;-;-;-;-;-;-;-;-;-;51,99;-;-;-;-;-;-;-
ICFH27P035500;BRBMEFVCG972;AGRIBUSINESS;-;-;-;-;-;-;-;-;-;55,28;-;-;-;-;-;-;-
ICFH27P036000;BRBMEFVCG980;AGRIBUSINESS;-;-;-;-;-;-;-;-;-;58,65;-;-;-;-;-;-;-
ICFH27P036500;BRBMEFVCG998;AGRIBUSINESS;-;-;-;-;-;-;-;-;-;62,13;-;-;-;-;-;-;-
ICFU27C028500;BRBMEFCCQCA9;AGRIBUSINESS;-;-;-;-;-;-;-;-;-;47,34;-;-;-;-;-;-;-
ICFU27C029000;BRBMEFCCQCB7;AGRIBUSINESS;-;-;-;-;-;-;-;-;-;45;-;-;-;-;-;-;-
ICFU27C029500;BRBMEFCCQCC5;AGRIBUSINESS;-;-;-;-;-;-;-;-;-;42,75;-;-;-;-;-;-;-
ICFU27C030000;BRBMEFCCQCD3;AGRIBUSINESS;-;-;-;-;-;-;-;-;-;40,64;-;-;-;-;-;-;-
ICFU27C030500;BRBMEFCCQCE1;AGRIBUSINESS;-;-;-;-;-;-;-;-;-;38,61;-;-;-;-;-;-;-
ICFU27C031000;BRBMEFCCQCF8;AGRIBUSINESS;-;-;-;-;-;-;-;-;-;36,66;-;-;-;-;-;-;-
ICFU27C031500;BRBMEFCCQCG6;AGRIBUSINESS;-;-;-;-;-;-;-;-;-;34,79;-;-;-;-;-;-;-
ICFU27C032000;BRBMEFCCQCH4;AGRIBUSINESS;-;-;-;-;-;-;-;-;-;33,01;-;-;-;-;-;-;-
ICFU27C032500;BRBMEFCCQCI2;AGRIBUSINESS;-;-;-;-;-;-;-;-;-;31,31;-;-;-;-;-;-;-
ICFU27C033000;BRBMEFCCQCJ0;AGRIBUSINESS;-;-;-;-;-;-;-;-;-;29,68;-;-;-;-;-;-;-
ICFU27C033500;BRBMEFCCQCK8;AGRIBUSINESS;-;-;-;-;-;-;-;-;-;28,16;-;-;-;-;-;-;-
ICFU27C034000;BRBMEFCCQCL6;AGRIBUSINESS;-;-;-;-;-;-;-;-;-;26,71;-;-;-;-;-;-;-
ICFU27C034500;BRBMEFCCQCM4;AGRIBUSINESS;-;-;-;-;-;-;-;-;-;25,32;-;-;-;-;-;-;-
ICFU27C035000;BRBMEFCCQCN2;AGRIBUSINESS;-;-;-;-;-;-;-;-;-;24,01;-;-;-;-;-;-;-
ICFU27P028500;BRBMEFVCQCC5;AGRIBUSINESS;-;-;-;-;-;-;-;-;-;23,88;-;-;-;-;-;-;-
ICFU27P029000;BRBMEFVCQCD3;AGRIBUSINESS;-;-;-;-;-;-;-;-;-;25,84;-;-;-;-;-;-;-
ICFU27P029500;BRBMEFVCQCE1;AGRIBUSINESS;-;-;-;-;-;-;-;-;-;27,9;-;-;-;-;-;-;-
ICFU27P030000;BRBMEFVCQCF8;AGRIBUSINESS;-;-;-;-;-;-;-;-;-;30,09;-;-;-;-;-;-;-
ICFU27P030500;BRBMEFVCQCG6;AGRIBUSINESS;-;-;-;-;-;-;-;-;-;32,37;-;-;-;-;-;-;-
ICFU27P031000;BRBMEFVCQCH4;AGRIBUSINESS;-;-;-;-;-;-;-;-;-;34,72;-;-;-;-;-;-;-
ICFU27P031500;BRBMEFVCQCI2;AGRIBUSINESS;-;-;-;-;-;-;-;-;-;37,16;-;-;-;-;-;-;-
ICFU27P032000;BRBMEFVCQCJ0;AGRIBUSINESS;-;-;-;-;-;-;-;-;-;39,69;-;-;-;-;-;-;-
ICFU27P032500;BRBMEFVCQCK8;AGRIBUSINESS;-;-;-;-;-;-;-;-;-;42,29;-;-;-;-;-;-;-
ICFU27P033000;BRBMEFVCQCL6;AGRIBUSINESS;-;-;-;-;-;-;-;-;-;44,96;-;-;-;-;-;-;-
ICFU27P033500;BRBMEFVCQCM4;AGRIBUSINESS;-;-;-;-;-;-;-;-;-;47,75;-;-;-;-;-;-;-
ICFU27P034000;BRBMEFVCQCN2;AGRIBUSINESS;-;-;-;-;-;-;-;-;-;50,6;-;-;-;-;-;-;-
ICFU27P034500;BRBMEFVCQCO0;AGRIBUSINESS;-;-;-;-;-;-;-;-;-;53,53;-;-;-;-;-;-;-
ICFU27P035000;BRBMEFVCQCP7;AGRIBUSINESS;-;-;-;-;-;-;-;-;-;56,52;-;-;-;-;-;-;-
ETHH27C298000;BRBMEFCETMP6;AGRIBUSINESS;-;-;-;-;-;-;-;-;-;1,6;-;-;-;-;-;-;-
ETHH27C320000;BRBMEFCETMQ4;AGRIBUSINESS;-;-;-;-;-;-;-;-;-;0,12;-;-;-;-;-;-;-
ETHH27P298000;BRBMEFVETMP6;AGRIBUSINESS;-;-;-;-;-;-;-;-;-;386,9;-;-;-;-;-;-;-
ETHH27P320000;BRBMEFVETMQ4;AGRIBUSINESS;-;-;-;-;-;-;-;-;-;584,63;-;-;-;-;-;-;-
ETHF27C250000;BRBMEFCETMT8;AGRIBUSINESS;-;-;-;-;-;-;-;-;-;85,35;-;-;-;-;-;-;-
ETHF27P250000;BRBMEFVETMT8;AGRIBUSINESS;-;-;-;-;-;-;-;-;-;29,85;-;-;-;-;-;-;-
ETHG27C250000;BRBMEFCETMU6;AGRIBUSINESS;-;-;-;-;-;-;-;-;-;101,16;-;-;-;-;-;-;-
ETHG27P250000;BRBMEFVETMU6;AGRIBUSINESS;-;-;-;-;-;-;-;-;-;27,86;-;-;-;-;-;-;-
ETHH27C250000;BRBMEFCETMV4;AGRIBUSINESS;-;-;-;-;-;-;-;-;-;85,48;-;-;-;-;-;-;-
ETHH27P250000;BRBMEFVETMV4;AGRIBUSINESS;-;-;-;-;-;-;-;-;-;36,13;-;-;-;-;-;-;-
ETHZ26C250000;BRBMEFCETMX0;AGRIBUSINESS;-;-;-;-;-;-;-;-;-;69,25;-;-;-;-;-;-;-
ETHZ26P250000;BRBMEFVETMX0;AGRIBUSINESS;-;-;-;-;-;-;-;-;-;31,83;-;-;-;-;-;-;-
CCMU26C006500;BRBMEFFM03X7;AGRIBUSINESS;-;-;-;-;-;-;-;-;-;3,45;-;-;-;-;-;-;-
CCMU26C006600;BRBMEFFM03Y5;AGRIBUSINESS;-;-;-;-;-;-;-;-;-;2,79;-;-;-;-;-;-;-
CCMU26C006700;BRBMEFFM03Z2;AGRIBUSINESS;-;-;-;-;-;-;-;-;-;2,21;-;-;-;-;-;-;-
CCMU26C006800;BRBMEFFM0407;AGRIBUSINESS;-;-;-;-;-;-;-;-;-;1,72;-;-;-;-;-;-;-
CCMU26C006900;BRBMEFFM0415;AGRIBUSINESS;-;-;-;-;-;-;-;-;-;1,32;-;-;-;-;-;-;-
CCMU26C007000;BRBMEFFM0423;AGRIBUSINESS;1,03;0,87;1,03;1,02;0,87;-32,03;-;-;-;0,99;-;-;-;-;2;201;93091,5
CCMU26C007100;BRBMEFFM0431;AGRIBUSINESS;-;-;-;-;-;-;-;-;-;0,75;-;-;-;-;-;-;-
CCMU26C007200;BRBMEFFM0449;AGRIBUSINESS;-;-;-;-;-;-;-;-;-;0,56;-;-;-;-;-;-;-
CCMU26C007300;BRBMEFFM0456;AGRIBUSINESS;-;-;-;-;-;-;-;-;-;0,42;-;-;-;-;-;-;-
CCMU26C007400;BRBMEFFM0464;AGRIBUSINESS;-;-;-;-;-;-;-;-;-;0,31;-;-;-;-;-;-;-
CCMU26C007500;BRBMEFFM0472;AGRIBUSINESS;-;-;-;-;-;-;-;-;-;0,23;-;-;-;-;-;-;-
CCMU26C007600;BRBMEFFM0480;AGRIBUSINESS;-;-;-;-;-;-;-;-;-;0,17;-;-;-;-;-;-;-
CCMU26C007700;BRBMEFFM0498;AGRIBUSINESS;-;-;-;-;-;-;-;-;-;0,12;-;-;-;-;-;-;-
CCMU26C007800;BRBMEFFM04A3;AGRIBUSINESS;-;-;-;-;-;-;-;-;-;0,09;-;-;-;-;-;-;-
CCMU26C007900;BRBMEFFM04B1;AGRIBUSINESS;-;-;-;-;-;-;-;-;-;0,06;-;-;-;-;-;-;-
CCMU26C008000;BRBMEFFM04C9;AGRIBUSINESS;-;-;-;-;-;-;-;-;-;0,04;-;-;-;-;-;-;-
CCMU26P006500;BRBMEFOV0413;AGRIBUSINESS;0,6;0,6;0,6;0,6;0,6;-76,92;-;-;-;0,67;-;-;-;-;2;201;54270
CCMU26P006600;BRBMEFOV0421;AGRIBUSINESS;-;-;-;-;-;-;-;-;-;0,98;-;-;-;-;-;-;-
CCMU26P006700;BRBMEFOV0439;AGRIBUSINESS;-;-;-;-;-;-;-;-;-;1,37;-;-;-;-;-;-;-
CCMU26P006800;BRBMEFOV0447;AGRIBUSINESS;1,85;1,85;1,85;1,85;1,85;-28,84;-;-;-;1,85;-;-;-;-;2;201;167332,5
CCMU26P006900;BRBMEFOV0454;AGRIBUSINESS;-;-;-;-;-;-;-;-;-;2,42;-;-;-;-;-;-;-
CCMU26P007000;BRBMEFOV0462;AGRIBUSINESS;2,93;2,93;2,93;2,93;2,93;-13,05;-;-;-;3,07;-;-;-;-;1;14;18459
CCMU26P007100;BRBMEFOV0470;AGRIBUSINESS;-;-;-;-;-;-;-;-;-;3,8;-;-;-;-;-;-;-
CCMU26P007200;BRBMEFOV0488;AGRIBUSINESS;-;-;-;-;-;-;-;-;-;4,58;-;-;-;-;-;-;-
CCMU26P007300;BRBMEFOV0496;AGRIBUSINESS;-;-;-;-;-;-;-;-;-;5,41;-;-;-;-;-;-;-
CCMU26P007400;BRBMEFOV04A6;AGRIBUSINESS;-;-;-;-;-;-;-;-;-;6,27;-;-;-;-;-;-;-
CCMU26P007500;BRBMEFOV04B4;AGRIBUSINESS;-;-;-;-;-;-;-;-;-;7,16;-;-;-;-;-;-;-
CCMU26P007600;BRBMEFOV04C2;AGRIBUSINESS;-;-;-;-;-;-;-;-;-;8,07;-;-;-;-;-;-;-
CCMU26P007700;BRBMEFOV04D0;AGRIBUSINESS;-;-;-;-;-;-;-;-;-;9;-;-;-;-;-;-;-
CCMU26P007800;BRBMEFOV04E8;AGRIBUSINESS;-;-;-;-;-;-;-;-;-;9,94;-;-;-;-;-;-;-
CCMU26P007900;BRBMEFOV04F5;AGRIBUSINESS;-;-;-;-;-;-;-;-;-;10,88;-;-;-;-;-;-;-
CCMU26P008000;BRBMEFOV04G3;AGRIBUSINESS;-;-;-;-;-;-;-;-;-;11,83;-;-;-;-;-;-;-
CCMU26C006200;BRBMEFFM06F7;AGRIBUSINESS;-;-;-;-;-;-;-;-;-;5,87;-;-;-;-;-;-;-
CCMU26P006200;BRBMEFOV06J2;AGRIBUSINESS;-;-;-;-;-;-;-;-;-;0,18;-;-;-;-;-;-;-
CCMN26C006000;BRBMEFFM07E8;AGRIBUSINESS;-;-;-;-;-;-;-;-;-;4,29;-;-;-;-;-;-;-
CCMN26C006050;BRBMEFFM07F5;AGRIBUSINESS;-;-;-;-;-;-;-;-;-;3,81;-;-;-;-;-;-;-
CCMN26C006100;BRBMEFFM07G3;AGRIBUSINESS;-;-;-;-;-;-;-;-;-;3,33;-;-;-;-;-;-;-
CCMN26C006150;BRBMEFFM07H1;AGRIBUSINESS;-;-;-;-;-;-;-;-;-;2,87;-;-;-;-;-;-;-
CCMN26C006200;BRBMEFFM07I9;AGRIBUSINESS;-;-;-;-;-;-;-;-;-;2,42;-;-;-;-;-;-;-
CCMN26C006250;BRBMEFFM07J7;AGRIBUSINESS;-;-;-;-;-;-;-;-;-;2;-;-;-;-;-;-;-
CCMN26C006300;BRBMEFFM07K5;AGRIBUSINESS;-;-;-;-;-;-;-;-;-;1,62;-;-;-;-;-;-;-
CCMN26C006350;BRBMEFFM07L3;AGRIBUSINESS;-;-;-;-;-;-;-;-;-;1,28;-;-;-;-;-;-;-
CCMN26C006400;BRBMEFFM07M1;AGRIBUSINESS;-;-;-;-;-;-;-;-;-;0,98;-;-;-;-;-;-;-
CCMN26C006450;BRBMEFFM07N9;AGRIBUSINESS;-;-;-;-;-;-;-;-;-;0,74;-;-;-;-;-;-;-
CCMN26C006500;BRBMEFFM07O7;AGRIBUSINESS;-;-;-;-;-;-;-;-;-;0,54;-;-;-;-;-;-;-
CCMN26C006550;BRBMEFFM07P4;AGRIBUSINESS;-;-;-;-;-;-;-;-;-;0,4;-;-;-;-;-;-;-
CCMN26C006600;BRBMEFFM07Q2;AGRIBUSINESS;-;-;-;-;-;-;-;-;-;0,28;-;-;-;-;-;-;-
CCMN26C006650;BRBMEFFM07R0;AGRIBUSINESS;-;-;-;-;-;-;-;-;-;0,2;-;-;-;-;-;-;-
CCMN26C006700;BRBMEFFM07S8;AGRIBUSINESS;-;-;-;-;-;-;-;-;-;0,14;-;-;-;-;-;-;-
CCMN26C006750;BRBMEFFM07T6;AGRIBUSINESS;-;-;-;-;-;-;-;-;-;0,1;-;-;-;-;-;-;-
CCMN26C006800;BRBMEFFM07U4;AGRIBUSINESS;-;-;-;-;-;-;-;-;-;0,07;-;-;-;-;-;-;-
CCMN26C006850;BRBMEFFM07V2;AGRIBUSINESS;-;-;-;-;-;-;-;-;-;0,05;-;-;-;-;-;-;-
CCMN26C006900;BRBMEFFM07W0;AGRIBUSINESS;-;-;-;-;-;-;-;-;-;0,03;-;-;-;-;-;-;-
CCMN26C006950;BRBMEFFM07X8;AGRIBUSINESS;-;-;-;-;-;-;-;-;-;0,02;-;-;-;-;-;-;-
CCMN26C007000;BRBMEFFM07Y6;AGRIBUSINESS;-;-;-;-;-;-;-;-;-;0,01;-;-;-;-;-;-;-
CCMN26C007050;BRBMEFFM07Z3;AGRIBUSINESS;-;-;-;-;-;-;-;-;-;0,01;-;-;-;-;-;-;-
CCMN26C007100;BRBMEFFM07D0;AGRIBUSINESS;-;-;-;-;-;-;-;-;-;0,01;-;-;-;-;-;-;-
CCMN26C007150;BRBMEFFM0803;AGRIBUSINESS;-;-;-;-;-;-;-;-;-;0,01;-;-;-;-;-;-;-
CCMN26C007200;BRBMEFFM0811;AGRIBUSINESS;-;-;-;-;-;-;-;-;-;0,01;-;-;-;-;-;-;-
CCMN26C007250;BRBMEFFM0829;AGRIBUSINESS;-;-;-;-;-;-;-;-;-;0,01;-;-;-;-;-;-;-
CCMN26C007300;BRBMEFFM0837;AGRIBUSINESS;-;-;-;-;-;-;-;-;-;0,01;-;-;-;-;-;-;-
CCMN26C007350;BRBMEFFM0845;AGRIBUSINESS;-;-;-;-;-;-;-;-;-;0,01;-;-;-;-;-;-;-
CCMN26C007400;BRBMEFFM0852;AGRIBUSINESS;-;-;-;-;-;-;-;-;-;0,01;-;-;-;-;-;-;-
CCMN26C007450;BRBMEFFM0860;AGRIBUSINESS;-;-;-;-;-;-;-;-;-;0,01;-;-;-;-;-;-;-
CCMN26C007500;BRBMEFFM0878;AGRIBUSINESS;-;-;-;-;-;-;-;-;-;0,01;-;-;-;-;-;-;-
CCMN26C007550;BRBMEFFM0886;AGRIBUSINESS;-;-;-;-;-;-;-;-;-;0,01;-;-;-;-;-;-;-
CCMN26C007600;BRBMEFFM0894;AGRIBUSINESS;-;-;-;-;-;-;-;-;-;0,01;-;-;-;-;-;-;-
CCMN26C007650;BRBMEFFM08A4;AGRIBUSINESS;-;-;-;-;-;-;-;-;-;0,01;-;-;-;-;-;-;-
CCMN26C007700;BRBMEFFM08B2;AGRIBUSINESS;-;-;-;-;-;-;-;-;-;0,01;-;-;-;-;-;-;-
CCMN26P006000;BRBMEFOV07I2;AGRIBUSINESS;-;-;-;-;-;-;-;-;-;0,01;-;-;-;-;-;-;-
CCMN26P006050;BRBMEFOV07J0;AGRIBUSINESS;-;-;-;-;-;-;-;-;-;0,03;-;-;-;-;-;-;-
CCMN26P006100;BRBMEFOV07K8;AGRIBUSINESS;-;-;-;-;-;-;-;-;-;0,05;-;-;-;-;-;-;-
CCMN26P006150;BRBMEFOV07L6;AGRIBUSINESS;-;-;-;-;-;-;-;-;-;0,08;-;-;-;-;-;-;-
CCMN26P006200;BRBMEFOV07M4;AGRIBUSINESS;-;-;-;-;-;-;-;-;-;0,13;-;-;-;-;-;-;-
CCMN26P006250;BRBMEFOV07N2;AGRIBUSINESS;-;-;-;-;-;-;-;-;-;0,21;-;-;-;-;-;-;-
CCMN26P006300;BRBMEFOV07O0;AGRIBUSINESS;-;-;-;-;-;-;-;-;-;0,32;-;-;-;-;-;-;-
CCMN26P006350;BRBMEFOV07P7;AGRIBUSINESS;-;-;-;-;-;-;-;-;-;0,47;-;-;-;-;-;-;-
CCMN26P006400;BRBMEFOV07Q5;AGRIBUSINESS;-;-;-;-;-;-;-;-;-;0,67;-;-;-;-;-;-;-
CCMN26P006450;BRBMEFOV07R3;AGRIBUSINESS;-;-;-;-;-;-;-;-;-;0,93;-;-;-;-;-;-;-
CCMN26P006500;BRBMEFOV07S1;AGRIBUSINESS;-;-;-;-;-;-;-;-;-;1,23;-;-;-;-;-;-;-
CCMN26P006550;BRBMEFOV07T9;AGRIBUSINESS;-;-;-;-;-;-;-;-;-;1,58;-;-;-;-;-;-;-
CCMN26P006600;BRBMEFOV07U7;AGRIBUSINESS;-;-;-;-;-;-;-;-;-;1,96;-;-;-;-;-;-;-
CCMN26P006650;BRBMEFOV07V5;AGRIBUSINESS;-;-;-;-;-;-;-;-;-;2,38;-;-;-;-;-;-;-
CCMN26P006700;BRBMEFOV07W3;AGRIBUSINESS;-;-;-;-;-;-;-;-;-;2,82;-;-;-;-;-;-;-
CCMN26P006750;BRBMEFOV07X1;AGRIBUSINESS;-;-;-;-;-;-;-;-;-;3,27;-;-;-;-;-;-;-
CCMN26P006800;BRBMEFOV07Y9;AGRIBUSINESS;-;-;-;-;-;-;-;-;-;3,74;-;-;-;-;-;-;-
CCMN26P006850;BRBMEFOV07Z6;AGRIBUSINESS;-;-;-;-;-;-;-;-;-;4,21;-;-;-;-;-;-;-
CCMN26P006900;BRBMEFOV0801;AGRIBUSINESS;-;-;-;-;-;-;-;-;-;4,69;-;-;-;-;-;-;-
CCMN26P006950;BRBMEFOV0819;AGRIBUSINESS;-;-;-;-;-;-;-;-;-;5,17;-;-;-;-;-;-;-
CCMN26P007000;BRBMEFOV0827;AGRIBUSINESS;-;-;-;-;-;-;-;-;-;5,66;-;-;-;-;-;-;-
CCMN26P007050;BRBMEFOV0835;AGRIBUSINESS;-;-;-;-;-;-;-;-;-;6,15;-;-;-;-;-;-;-
CCMN26P007100;BRBMEFOV07H4;AGRIBUSINESS;-;-;-;-;-;-;-;-;-;6,65;-;-;-;-;-;-;-
CCMN26P007150;BRBMEFOV0843;AGRIBUSINESS;-;-;-;-;-;-;-;-;-;7,14;-;-;-;-;-;-;-
CCMN26P007200;BRBMEFOV0850;AGRIBUSINESS;-;-;-;-;-;-;-;-;-;7,64;-;-;-;-;-;-;-
CCMN26P007250;BRBMEFOV0868;AGRIBUSINESS;-;-;-;-;-;-;-;-;-;8,13;-;-;-;-;-;-;-
CCMN26P007300;BRBMEFOV0876;AGRIBUSINESS;-;-;-;-;-;-;-;-;-;8,63;-;-;-;-;-;-;-
CCMN26P007350;BRBMEFOV0884;AGRIBUSINESS;-;-;-;-;-;-;-;-;-;9,13;-;-;-;-;-;-;-
CCMN26P007400;BRBMEFOV0892;AGRIBUSINESS;-;-;-;-;-;-;-;-;-;9,62;-;-;-;-;-;-;-
CCMN26P007450;BRBMEFOV08A7;AGRIBUSINESS;-;-;-;-;-;-;-;-;-;10,12;-;-;-;-;-;-;-
CCMN26P007500;BRBMEFOV08B5;AGRIBUSINESS;-;-;-;-;-;-;-;-;-;10,62;-;-;-;-;-;-;-
CCMN26P007550;BRBMEFOV08C3;AGRIBUSINESS;-;-;-;-;-;-;-;-;-;11,11;-;-;-;-;-;-;-
CCMN26P007600;BRBMEFOV08D1;AGRIBUSINESS;-;-;-;-;-;-;-;-;-;11,61;-;-;-;-;-;-;-
CCMN26P007650;BRBMEFOV08E9;AGRIBUSINESS;-;-;-;-;-;-;-;-;-;12,11;-;-;-;-;-;-;-
CCMN26P007700;BRBMEFOV08F6;AGRIBUSINESS;-;-;-;-;-;-;-;-;-;12,6;-;-;-;-;-;-;-
CCMU26C008300;BRBMEFFM08D8;AGRIBUSINESS;-;-;-;-;-;-;-;-;-;0,01;-;-;-;-;-;-;-
CCMU26P008300;BRBMEFOV08H2;AGRIBUSINESS;-;-;-;-;-;-;-;-;-;14,71;-;-;-;-;-;-;-
CCMU26C006400;BRBMEFFM08F3;AGRIBUSINESS;-;-;-;-;-;-;-;-;-;4,2;-;-;-;-;-;-;-
CCMU26P006400;BRBMEFOV08J8;AGRIBUSINESS;-;-;-;-;-;-;-;-;-;0,45;-;-;-;-;-;-;-
CCMU26C006300;BRBMEFFM08G1;AGRIBUSINESS;-;-;-;-;-;-;-;-;-;5,01;-;-;-;-;-;-;-
CCMU26P006300;BRBMEFOV08K6;AGRIBUSINESS;-;-;-;-;-;-;-;-;-;0,29;-;-;-;-;-;-;-
CCMU26C007050;BRBMEFFM08H9;AGRIBUSINESS;-;-;-;-;-;-;-;-;-;0,86;-;-;-;-;-;-;-
CCMU26P007050;BRBMEFOV08L4;AGRIBUSINESS;-;-;-;-;-;-;-;-;-;3,43;-;-;-;-;-;-;-
CCMX26C005000;BRBMEFFM08L1;AGRIBUSINESS;-;-;-;-;-;-;-;-;-;19,94;-;-;-;-;-;-;-
CCMX26C008000;BRBMEFFM08M9;AGRIBUSINESS;-;-;-;-;-;-;-;-;-;0,5;-;-;-;-;-;-;-
CCMX26P005000;BRBMEFOV08P5;AGRIBUSINESS;-;-;-;-;-;-;-;-;-;0,01;-;-;-;-;-;-;-
CCMX26P008000;BRBMEFOV08Q3;AGRIBUSINESS;-;-;-;-;-;-;-;-;-;9,07;-;-;-;-;-;-;-
CCMU26C006950;BRBMEFFM08O5;AGRIBUSINESS;-;-;-;-;-;-;-;-;-;1,14;-;-;-;-;-;-;-
CCMU26P006950;BRBMEFOV08S9;AGRIBUSINESS;2,51;2,51;2,51;2,51;2,51;25,5;-;-;-;2,74;-;-;-;-;1;18;20331
CCMU26C005800;BRBMEFFM08P2;AGRIBUSINESS;-;-;-;-;-;-;-;-;-;9,59;-;-;-;-;-;-;-
CCMU26C008500;BRBMEFFM08Q0;AGRIBUSINESS;-;-;-;-;-;-;-;-;-;0,01;-;-;-;-;-;-;-
CCMU26P005800;BRBMEFOV08T7;AGRIBUSINESS;-;-;-;-;-;-;-;-;-;0,02;-;-;-;-;-;-;-
CCMU26P008500;BRBMEFOV08U5;AGRIBUSINESS;-;-;-;-;-;-;-;-;-;16,65;-;-;-;-;-;-;-
CCMU26C005500;BRBMEFFM08W8;AGRIBUSINESS;-;-;-;-;-;-;-;-;-;12,49;-;-;-;-;-;-;-
CCMU26P005500;BRBMEFOV0900;AGRIBUSINESS;-;-;-;-;-;-;-;-;-;0,01;-;-;-;-;-;-;-
CCMU26C007450;BRBMEFFM0936;AGRIBUSINESS;-;-;-;-;-;-;-;-;-;0,26;-;-;-;-;-;-;-
CCMU26P007450;BRBMEFOV0975;AGRIBUSINESS;-;-;-;-;-;-;-;-;-;6,71;-;-;-;-;-;-;-
CCMU26C006000;BRBMEFFM09A2;AGRIBUSINESS;-;-;-;-;-;-;-;-;-;7,7;-;-;-;-;-;-;-
CCMU26C006100;BRBMEFFM09B0;AGRIBUSINESS;-;-;-;-;-;-;-;-;-;6,77;-;-;-;-;-;-;-
CCMU26P006000;BRBMEFOV09E7;AGRIBUSINESS;-;-;-;-;-;-;-;-;-;0,06;-;-;-;-;-;-;-
CCMU26P006100;BRBMEFOV09F4;AGRIBUSINESS;-;-;-;-;-;-;-;-;-;0,11;-;-;-;-;-;-;-
CCMX26C006500;BRBMEFFM09O3;AGRIBUSINESS;-;-;-;-;-;-;-;-;-;6,24;-;-;-;-;-;-;-
CCMX26C007000;BRBMEFFM09P0;AGRIBUSINESS;-;-;-;-;-;-;-;-;-;2,99;-;-;-;-;-;-;-
CCMX26C007600;BRBMEFFM09Q8;AGRIBUSINESS;-;-;-;-;-;-;-;-;-;1,03;-;-;-;-;-;-;-
CCMX26P006500;BRBMEFOV09S7;AGRIBUSINESS;-;-;-;-;-;-;-;-;-;0,55;-;-;-;-;-;-;-
CCMX26P007000;BRBMEFOV09T5;AGRIBUSINESS;-;-;-;-;-;-;-;-;-;2,06;-;-;-;-;-;-;-
CCMX26P007600;BRBMEFOV09U3;AGRIBUSINESS;-;-;-;-;-;-;-;-;-;5,8;-;-;-;-;-;-;-
CCMX26C007500;BRBMEFFM09R6;AGRIBUSINESS;-;-;-;-;-;-;-;-;-;1,23;-;-;-;-;-;-;-
CCMX26P007500;BRBMEFOV09V1;AGRIBUSINESS;-;-;-;-;-;-;-;-;-;5,05;-;-;-;-;-;-;-
CCMU26C006350;BRBMEFFM09S4;AGRIBUSINESS;-;-;-;-;-;-;-;-;-;4,6;-;-;-;-;-;-;-
CCMU26C006850;BRBMEFFM09T2;AGRIBUSINESS;-;-;-;-;-;-;-;-;-;1,51;-;-;-;-;-;-;-
CCMU26P006350;BRBMEFOV09W9;AGRIBUSINESS;-;-;-;-;-;-;-;-;-;0,37;-;-;-;-;-;-;-
CCMU26P006850;BRBMEFOV09X7;AGRIBUSINESS;-;-;-;-;-;-;-;-;-;2,13;-;-;-;-;-;-;-
CCMU26C006050;BRBMEFFM09U0;AGRIBUSINESS;-;-;-;-;-;-;-;-;-;7,23;-;-;-;-;-;-;-
CCMU26C006150;BRBMEFFM09V8;AGRIBUSINESS;-;-;-;-;-;-;-;-;-;6,32;-;-;-;-;-;-;-
CCMU26C006250;BRBMEFFM09W6;AGRIBUSINESS;-;-;-;-;-;-;-;-;-;5,44;-;-;-;-;-;-;-
CCMU26C006450;BRBMEFFM09X4;AGRIBUSINESS;-;-;-;-;-;-;-;-;-;3,82;-;-;-;-;-;-;-
CCMU26C006550;BRBMEFFM09Y2;AGRIBUSINESS;-;-;-;-;-;-;-;-;-;3,11;-;-;-;-;-;-;-
CCMU26C006650;BRBMEFFM09Z9;AGRIBUSINESS;-;-;-;-;-;-;-;-;-;2,48;-;-;-;-;-;-;-
CCMU26C006750;BRBMEFFM0A00;AGRIBUSINESS;-;-;-;-;-;-;-;-;-;1,95;-;-;-;-;-;-;-
CCMU26C007150;BRBMEFFM0A18;AGRIBUSINESS;-;-;-;-;-;-;-;-;-;0,65;-;-;-;-;-;-;-
CCMU26C007250;BRBMEFFM0A26;AGRIBUSINESS;-;-;-;-;-;-;-;-;-;0,48;-;-;-;-;-;-;-
CCMU26C007350;BRBMEFFM0A34;AGRIBUSINESS;-;-;-;-;-;-;-;-;-;0,36;-;-;-;-;-;-;-
CCMU26P006050;BRBMEFOV09Y5;AGRIBUSINESS;-;-;-;-;-;-;-;-;-;0,09;-;-;-;-;-;-;-
CCMU26P006150;BRBMEFOV09Z2;AGRIBUSINESS;-;-;-;-;-;-;-;-;-;0,14;-;-;-;-;-;-;-
CCMU26P006250;BRBMEFOV0A03;AGRIBUSINESS;-;-;-;-;-;-;-;-;-;0,23;-;-;-;-;-;-;-
CCMU26P006450;BRBMEFOV0A11;AGRIBUSINESS;-;-;-;-;-;-;-;-;-;0,56;-;-;-;-;-;-;-
CCMU26P006550;BRBMEFOV0A29;AGRIBUSINESS;-;-;-;-;-;-;-;-;-;0,82;-;-;-;-;-;-;-
CCMU26P006650;BRBMEFOV0A37;AGRIBUSINESS;-;-;-;-;-;-;-;-;-;1,16;-;-;-;-;-;-;-
CCMU26P006750;BRBMEFOV0A45;AGRIBUSINESS;-;-;-;-;-;-;-;-;-;1,6;-;-;-;-;-;-;-
CCMU26P007150;BRBMEFOV0A52;AGRIBUSINESS;-;-;-;-;-;-;-;-;-;4,18;-;-;-;-;-;-;-
CCMU26P007250;BRBMEFOV0A60;AGRIBUSINESS;-;-;-;-;-;-;-;-;-;4,99;-;-;-;-;-;-;-
CCMU26P007350;BRBMEFOV0A78;AGRIBUSINESS;-;-;-;-;-;-;-;-;-;5,84;-;-;-;-;-;-;-
CCMU26C006875;BRBMEFFM0A42;AGRIBUSINESS;-;-;-;-;-;-;-;-;-;1,41;-;-;-;-;-;-;-
CCMU26P006875;BRBMEFOV0A86;AGRIBUSINESS;-;-;-;-;-;-;-;-;-;2,27;-;-;-;-;-;-;-
CCMU26C008100;BRBMEFFM0AD3;AGRIBUSINESS;-;-;-;-;-;-;-;-;-;0,02;-;-;-;-;-;-;-
CCMU26P008100;BRBMEFOV0AH2;AGRIBUSINESS;-;-;-;-;-;-;-;-;-;12,79;-;-;-;-;-;-;-
CCMX26C007200;BRBMEFFM0AG6;AGRIBUSINESS;-;-;-;-;-;-;-;-;-;2,12;-;-;-;-;-;-;-
CCMX26C007700;BRBMEFFM0AH4;AGRIBUSINESS;-;-;-;-;-;-;-;-;-;0,86;-;-;-;-;-;-;-
CCMX26P007200;BRBMEFOV0AK6;AGRIBUSINESS;-;-;-;-;-;-;-;-;-;3,09;-;-;-;-;-;-;-
CCMX26P007700;BRBMEFOV0AL4;AGRIBUSINESS;-;-;-;-;-;-;-;-;-;6,58;-;-;-;-;-;-;-
CCMU26C005000;BRBMEFFM0AI2;AGRIBUSINESS;-;-;-;-;-;-;-;-;-;17,35;-;-;-;-;-;-;-
CCMU26P005000;BRBMEFOV0AM2;AGRIBUSINESS;-;-;-;-;-;-;-;-;-;0,01;-;-;-;-;-;-;-
CCMU26C006925;BRBMEFFM0AJ0;AGRIBUSINESS;-;-;-;-;-;-;-;-;-;1,23;-;-;-;-;-;-;-
CCMU26P006925;BRBMEFOV0AN0;AGRIBUSINESS;-;-;-;-;-;-;-;-;-;2,58;-;-;-;-;-;-;-
CCMX26C005500;BRBMEFFM0AM4;AGRIBUSINESS;-;-;-;-;-;-;-;-;-;15,19;-;-;-;-;-;-;-
CCMX26C009000;BRBMEFFM0AN2;AGRIBUSINESS;-;-;-;-;-;-;-;-;-;0,07;-;-;-;-;-;-;-
CCMX26P005500;BRBMEFOV0AQ3;AGRIBUSINESS;-;-;-;-;-;-;-;-;-;0,01;-;-;-;-;-;-;-
CCMX26P009000;BRBMEFOV0AR1;AGRIBUSINESS;-;-;-;-;-;-;-;-;-;18,14;-;-;-;-;-;-;-
CCMX26C005600;BRBMEFFM0AO0;AGRIBUSINESS;-;-;-;-;-;-;-;-;-;14,25;-;-;-;-;-;-;-
CCMX26C005700;BRBMEFFM0AP7;AGRIBUSINESS;-;-;-;-;-;-;-;-;-;13,31;-;-;-;-;-;-;-
CCMX26C005800;BRBMEFFM0AQ5;AGRIBUSINESS;-;-;-;-;-;-;-;-;-;12,37;-;-;-;-;-;-;-
CCMX26C005900;BRBMEFFM0AR3;AGRIBUSINESS;-;-;-;-;-;-;-;-;-;11,45;-;-;-;-;-;-;-
CCMX26C006000;BRBMEFFM0AS1;AGRIBUSINESS;-;-;-;-;-;-;-;-;-;10,53;-;-;-;-;-;-;-
CCMX26C006100;BRBMEFFM0AT9;AGRIBUSINESS;-;-;-;-;-;-;-;-;-;9,63;-;-;-;-;-;-;-
CCMX26C006200;BRBMEFFM0AU7;AGRIBUSINESS;-;-;-;-;-;-;-;-;-;8,74;-;-;-;-;-;-;-
CCMX26C006300;BRBMEFFM0AV5;AGRIBUSINESS;-;-;-;-;-;-;-;-;-;7,87;-;-;-;-;-;-;-
CCMX26C006400;BRBMEFFM0AW3;AGRIBUSINESS;-;-;-;-;-;-;-;-;-;7,04;-;-;-;-;-;-;-
CCMX26C008100;BRBMEFFM0AX1;AGRIBUSINESS;-;-;-;-;-;-;-;-;-;0,42;-;-;-;-;-;-;-
CCMX26C008200;BRBMEFFM0AY9;AGRIBUSINESS;-;-;-;-;-;-;-;-;-;0,35;-;-;-;-;-;-;-
CCMX26C008300;BRBMEFFM0AZ6;AGRIBUSINESS;-;-;-;-;-;-;-;-;-;0,3;-;-;-;-;-;-;-
CCMX26C008400;BRBMEFFM0B09;AGRIBUSINESS;-;-;-;-;-;-;-;-;-;0,25;-;-;-;-;-;-;-
CCMX26C008500;BRBMEFFM0B17;AGRIBUSINESS;-;-;-;-;-;-;-;-;-;0,21;-;-;-;-;-;-;-
CCMX26C008600;BRBMEFFM0B25;AGRIBUSINESS;-;-;-;-;-;-;-;-;-;0,18;-;-;-;-;-;-;-
CCMX26C008700;BRBMEFFM0B33;AGRIBUSINESS;-;-;-;-;-;-;-;-;-;0,15;-;-;-;-;-;-;-
CCMX26C008800;BRBMEFFM0B41;AGRIBUSINESS;-;-;-;-;-;-;-;-;-;0,12;-;-;-;-;-;-;-
CCMX26C008900;BRBMEFFM0B58;AGRIBUSINESS;-;-;-;-;-;-;-;-;-;0,09;-;-;-;-;-;-;-
CCMX26P005600;BRBMEFOV0AS9;AGRIBUSINESS;-;-;-;-;-;-;-;-;-;0,01;-;-;-;-;-;-;-
CCMX26P005700;BRBMEFOV0AT7;AGRIBUSINESS;-;-;-;-;-;-;-;-;-;0,02;-;-;-;-;-;-;-
CCMX26P005800;BRBMEFOV0AU5;AGRIBUSINESS;-;-;-;-;-;-;-;-;-;0,04;-;-;-;-;-;-;-
CCMX26P005900;BRBMEFOV0AV3;AGRIBUSINESS;-;-;-;-;-;-;-;-;-;0,06;-;-;-;-;-;-;-
CCMX26P006000;BRBMEFOV0AW1;AGRIBUSINESS;-;-;-;-;-;-;-;-;-;0,1;-;-;-;-;-;-;-
CCMX26P006100;BRBMEFOV0AX9;AGRIBUSINESS;-;-;-;-;-;-;-;-;-;0,15;-;-;-;-;-;-;-
CCMX26P006200;BRBMEFOV0AY7;AGRIBUSINESS;-;-;-;-;-;-;-;-;-;0,21;-;-;-;-;-;-;-
CCMX26P006300;BRBMEFOV0AZ4;AGRIBUSINESS;-;-;-;-;-;-;-;-;-;0,29;-;-;-;-;-;-;-
CCMX26P006400;BRBMEFOV0B02;AGRIBUSINESS;-;-;-;-;-;-;-;-;-;0,41;-;-;-;-;-;-;-
CCMX26P008100;BRBMEFOV0B10;AGRIBUSINESS;-;-;-;-;-;-;-;-;-;9,94;-;-;-;-;-;-;-
CCMX26P008200;BRBMEFOV0B28;AGRIBUSINESS;-;-;-;-;-;-;-;-;-;10,82;-;-;-;-;-;-;-
CCMX26P008300;BRBMEFOV0B36;AGRIBUSINESS;-;-;-;-;-;-;-;-;-;11,72;-;-;-;-;-;-;-
CCMX26P008400;BRBMEFOV0B44;AGRIBUSINESS;-;-;-;-;-;-;-;-;-;12,62;-;-;-;-;-;-;-
CCMX26P008500;BRBMEFOV0B51;AGRIBUSINESS;-;-;-;-;-;-;-;-;-;13,53;-;-;-;-;-;-;-
CCMX26P008600;BRBMEFOV0B69;AGRIBUSINESS;-;-;-;-;-;-;-;-;-;14,45;-;-;-;-;-;-;-
CCMX26P008700;BRBMEFOV0B77;AGRIBUSINESS;-;-;-;-;-;-;-;-;-;15,37;-;-;-;-;-;-;-
CCMX26P008800;BRBMEFOV0B85;AGRIBUSINESS;-;-;-;-;-;-;-;-;-;16,29;-;-;-;-;-;-;-
CCMX26P008900;BRBMEFOV0B93;AGRIBUSINESS;-;-;-;-;-;-;-;-;-;17,21;-;-;-;-;-;-;-
CCMU26C007025;BRBMEFFM0B90;AGRIBUSINESS;-;-;-;-;-;-;-;-;-;0,93;-;-;-;-;-;-;-
CCMU26P007025;BRBMEFOV0BD9;AGRIBUSINESS;-;-;-;-;-;-;-;-;-;3,25;-;-;-;-;-;-;-
CCMU26C006475;BRBMEFFM0BM2;AGRIBUSINESS;-;-;-;-;-;-;-;-;-;3,63;-;-;-;-;-;-;-
CCMU26P006475;BRBMEFOV0BQ1;AGRIBUSINESS;-;-;-;-;-;-;-;-;-;0,61;-;-;-;-;-;-;-
CCMX26C007950;BRBMEFFM0BO8;AGRIBUSINESS;-;-;-;-;-;-;-;-;-;0,55;-;-;-;-;-;-;-
CCMX26P007950;BRBMEFOV0BS7;AGRIBUSINESS;-;-;-;-;-;-;-;-;-;8,64;-;-;-;-;-;-;-
CCMN26C007875;BRBMEFFM0BS9;AGRIBUSINESS;-;-;-;-;-;-;-;-;-;0,01;-;-;-;-;-;-;-
CCMN26P007875;BRBMEFOV0BW9;AGRIBUSINESS;-;-;-;-;-;-;-;-;-;14,34;-;-;-;-;-;-;-
CCMN26C007800;BRBMEFFM0BT7;AGRIBUSINESS;-;-;-;-;-;-;-;-;-;0,01;-;-;-;-;-;-;-
CCMN26P007800;BRBMEFOV0BX7;AGRIBUSINESS;-;-;-;-;-;-;-;-;-;13,6;-;-;-;-;-;-;-
CCMF27C006800;BRBMEFFM0BV3;AGRIBUSINESS;-;-;-;-;-;-;-;-;-;6,23;-;-;-;-;-;-;-
CCMF27C006850;BRBMEFFM0BW1;AGRIBUSINESS;-;-;-;-;-;-;-;-;-;5,88;-;-;-;-;-;-;-
CCMF27C007500;BRBMEFFM0BX9;AGRIBUSINESS;-;-;-;-;-;-;-;-;-;2,55;-;-;-;-;-;-;-
CCMF27C008000;BRBMEFFM0BY7;AGRIBUSINESS;-;-;-;-;-;-;-;-;-;1,25;-;-;-;-;-;-;-
CCMF27P006800;BRBMEFOV0BZ2;AGRIBUSINESS;-;-;-;-;-;-;-;-;-;1,05;-;-;-;-;-;-;-
CCMF27P006850;BRBMEFOV0C01;AGRIBUSINESS;-;-;-;-;-;-;-;-;-;1,17;-;-;-;-;-;-;-
CCMF27P007500;BRBMEFOV0C19;AGRIBUSINESS;-;-;-;-;-;-;-;-;-;3,88;-;-;-;-;-;-;-
CCMF27P008000;BRBMEFOV0C27;AGRIBUSINESS;-;-;-;-;-;-;-;-;-;7,23;-;-;-;-;-;-;-
CCMU26C007550;BRBMEFFM0BZ4;AGRIBUSINESS;-;-;-;-;-;-;-;-;-;0,2;-;-;-;-;-;-;-
CCMU26P007550;BRBMEFOV0C35;AGRIBUSINESS;-;-;-;-;-;-;-;-;-;7,62;-;-;-;-;-;-;-
CCMX26C006550;BRBMEFFM0C16;AGRIBUSINESS;-;-;-;-;-;-;-;-;-;5,85;-;-;-;-;-;-;-
CCMX26P006550;BRBMEFOV0C50;AGRIBUSINESS;-;-;-;-;-;-;-;-;-;0,64;-;-;-;-;-;-;-
CCMU26C007525;BRBMEFFM0C24;AGRIBUSINESS;-;-;-;-;-;-;-;-;-;0,21;-;-;-;-;-;-;-
CCMU26P007525;BRBMEFOV0C68;AGRIBUSINESS;-;-;-;-;-;-;-;-;-;7,39;-;-;-;-;-;-;-
CCMN26C006425;BRBMEFFM0C32;AGRIBUSINESS;-;-;-;-;-;-;-;-;-;0,85;-;-;-;-;-;-;-
CCMN26C006925;BRBMEFFM0C40;AGRIBUSINESS;-;-;-;-;-;-;-;-;-;0,02;-;-;-;-;-;-;-
CCMN26C007425;BRBMEFFM0C57;AGRIBUSINESS;-;-;-;-;-;-;-;-;-;0,01;-;-;-;-;-;-;-
CCMN26P006425;BRBMEFOV0C76;AGRIBUSINESS;-;-;-;-;-;-;-;-;-;0,79;-;-;-;-;-;-;-
CCMN26P006925;BRBMEFOV0C84;AGRIBUSINESS;-;-;-;-;-;-;-;-;-;4,93;-;-;-;-;-;-;-
CCMN26P007425;BRBMEFOV0C92;AGRIBUSINESS;-;-;-;-;-;-;-;-;-;9,87;-;-;-;-;-;-;-
CCMN26C008000;BRBMEFFM0C65;AGRIBUSINESS;-;-;-;-;-;-;-;-;-;0,01;-;-;-;-;-;-;-
CCMN26P008000;BRBMEFOV0CA3;AGRIBUSINESS;-;-;-;-;-;-;-;-;-;15,58;-;-;-;-;-;-;-
CCMX26C006900;BRBMEFFM0C73;AGRIBUSINESS;-;-;-;-;-;-;-;-;-;3,52;-;-;-;-;-;-;-
CCMX26P006900;BRBMEFOV0CB1;AGRIBUSINESS;2,5;2,5;2,5;2,5;2,5;18,48;-;-;-;1,64;-;-;-;-;1;185;208125
CCMN26C006675;BRBMEFFM0C81;AGRIBUSINESS;-;-;-;-;-;-;-;-;-;0,17;-;-;-;-;-;-;-
CCMN26C006875;BRBMEFFM0C99;AGRIBUSINESS;-;-;-;-;-;-;-;-;-;0,04;-;-;-;-;-;-;-
CCMN26C007275;BRBMEFFM0CA5;AGRIBUSINESS;-;-;-;-;-;-;-;-;-;0,01;-;-;-;-;-;-;-
CCMN26P006675;BRBMEFOV0CC9;AGRIBUSINESS;-;-;-;-;-;-;-;-;-;2,59;-;-;-;-;-;-;-
CCMN26P006875;BRBMEFOV0CD7;AGRIBUSINESS;-;-;-;-;-;-;-;-;-;4,45;-;-;-;-;-;-;-
CCMN26P007275;BRBMEFOV0CE5;AGRIBUSINESS;-;-;-;-;-;-;-;-;-;8,38;-;-;-;-;-;-;-
CCMX26C006700;BRBMEFFM0CB3;AGRIBUSINESS;-;-;-;-;-;-;-;-;-;4,76;-;-;-;-;-;-;-
CCMX26C007400;BRBMEFFM0CC1;AGRIBUSINESS;-;-;-;-;-;-;-;-;-;1,48;-;-;-;-;-;-;-
CCMX26P006700;BRBMEFOV0CF2;AGRIBUSINESS;-;-;-;-;-;-;-;-;-;0,98;-;-;-;-;-;-;-
CCMX26P007400;BRBMEFOV0CG0;AGRIBUSINESS;4,4;4,4;4,4;4,4;4,4;17,96;-;-;-;4,35;-;-;-;-;1;185;366300
CCMX26C007900;BRBMEFFM0CN8;AGRIBUSINESS;-;-;-;-;-;-;-;-;-;0,6;-;-;-;-;-;-;-
CCMX26P007900;BRBMEFOV0CR7;AGRIBUSINESS;-;-;-;-;-;-;-;-;-;8,22;-;-;-;-;-;-;-
CCMU26C006725;BRBMEFFM0CO6;AGRIBUSINESS;-;-;-;-;-;-;-;-;-;2,08;-;-;-;-;-;-;-
CCMU26C006775;BRBMEFFM0CP3;AGRIBUSINESS;-;-;-;-;-;-;-;-;-;1,83;-;-;-;-;-;-;-
CCMU26P006725;BRBMEFOV0CS5;AGRIBUSINESS;-;-;-;-;-;-;-;-;-;1,48;-;-;-;-;-;-;-
CCMU26P006775;BRBMEFOV0CT3;AGRIBUSINESS;-;-;-;-;-;-;-;-;-;1,72;-;-;-;-;-;-;-
CCMH27C007000;BRBMEFFM0CS7;AGRIBUSINESS;-;-;-;-;-;-;-;-;-;6,1;-;-;-;-;-;-;-
CCMH27C007050;BRBMEFFM0CT5;AGRIBUSINESS;-;-;-;-;-;-;-;-;-;5,8;-;-;-;-;-;-;-
CCMH27C007100;BRBMEFFM0CU3;AGRIBUSINESS;-;-;-;-;-;-;-;-;-;5,51;-;-;-;-;-;-;-
CCMH27C007150;BRBMEFFM0CV1;AGRIBUSINESS;-;-;-;-;-;-;-;-;-;5,22;-;-;-;-;-;-;-
CCMH27C007200;BRBMEFFM0CW9;AGRIBUSINESS;-;-;-;-;-;-;-;-;-;4,95;-;-;-;-;-;-;-
CCMH27C007250;BRBMEFFM0CX7;AGRIBUSINESS;-;-;-;-;-;-;-;-;-;4,69;-;-;-;-;-;-;-
CCMH27C007300;BRBMEFFM0CY5;AGRIBUSINESS;-;-;-;-;-;-;-;-;-;4,44;-;-;-;-;-;-;-
CCMH27C007350;BRBMEFFM0CZ2;AGRIBUSINESS;-;-;-;-;-;-;-;-;-;4,2;-;-;-;-;-;-;-
CCMH27C007400;BRBMEFFM0D07;AGRIBUSINESS;-;-;-;-;-;-;-;-;-;3,97;-;-;-;-;-;-;-
CCMH27C007450;BRBMEFFM0CQ1;AGRIBUSINESS;-;-;-;-;-;-;-;-;-;3,74;-;-;-;-;-;-;-
CCMH27C007500;BRBMEFFM0CR9;AGRIBUSINESS;-;-;-;-;-;-;-;-;-;3,53;-;-;-;-;-;-;-
CCMH27C007550;BRBMEFFM0D15;AGRIBUSINESS;-;-;-;-;-;-;-;-;-;3,33;-;-;-;-;-;-;-
CCMH27C007600;BRBMEFFM0D23;AGRIBUSINESS;-;-;-;-;-;-;-;-;-;3,14;-;-;-;-;-;-;-
CCMH27C007650;BRBMEFFM0D31;AGRIBUSINESS;-;-;-;-;-;-;-;-;-;2,96;-;-;-;-;-;-;-
CCMH27C007700;BRBMEFFM0D49;AGRIBUSINESS;-;-;-;-;-;-;-;-;-;2,79;-;-;-;-;-;-;-
CCMH27P007000;BRBMEFOV0CW7;AGRIBUSINESS;-;-;-;-;-;-;-;-;-;1,56;-;-;-;-;-;-;-
CCMH27P007050;BRBMEFOV0CX5;AGRIBUSINESS;-;-;-;-;-;-;-;-;-;1,71;-;-;-;-;-;-;-
CCMH27P007100;BRBMEFOV0CY3;AGRIBUSINESS;-;-;-;-;-;-;-;-;-;1,87;-;-;-;-;-;-;-
CCMH27P007150;BRBMEFOV0CZ0;AGRIBUSINESS;-;-;-;-;-;-;-;-;-;2,04;-;-;-;-;-;-;-
CCMH27P007200;BRBMEFOV0D00;AGRIBUSINESS;-;-;-;-;-;-;-;-;-;2,23;-;-;-;-;-;-;-
CCMH27P007250;BRBMEFOV0D18;AGRIBUSINESS;-;-;-;-;-;-;-;-;-;2,42;-;-;-;-;-;-;-
CCMH27P007300;BRBMEFOV0D26;AGRIBUSINESS;-;-;-;-;-;-;-;-;-;2,62;-;-;-;-;-;-;-
CCMH27P007350;BRBMEFOV0D34;AGRIBUSINESS;-;-;-;-;-;-;-;-;-;2,84;-;-;-;-;-;-;-
CCMH27P007400;BRBMEFOV0D42;AGRIBUSINESS;-;-;-;-;-;-;-;-;-;3,06;-;-;-;-;-;-;-
CCMH27P007450;BRBMEFOV0CU1;AGRIBUSINESS;-;-;-;-;-;-;-;-;-;3,3;-;-;-;-;-;-;-
CCMH27P007500;BRBMEFOV0CV9;AGRIBUSINESS;-;-;-;-;-;-;-;-;-;3,54;-;-;-;-;-;-;-
CCMH27P007550;BRBMEFOV0D59;AGRIBUSINESS;-;-;-;-;-;-;-;-;-;3,79;-;-;-;-;-;-;-
CCMH27P007600;BRBMEFOV0D67;AGRIBUSINESS;-;-;-;-;-;-;-;-;-;4,06;-;-;-;-;-;-;-
CCMH27P007650;BRBMEFOV0D75;AGRIBUSINESS;-;-;-;-;-;-;-;-;-;4,34;-;-;-;-;-;-;-
CCMH27P007700;BRBMEFOV0D83;AGRIBUSINESS;-;-;-;-;-;-;-;-;-;4,62;-;-;-;-;-;-;-
CCMN26C006625;BRBMEFFM0D72;AGRIBUSINESS;-;-;-;-;-;-;-;-;-;0,24;-;-;-;-;-;-;-
CCMN26P006625;BRBMEFOV0DB9;AGRIBUSINESS;-;-;-;-;-;-;-;-;-;2,17;-;-;-;-;-;-;-
CCMU26C006625;BRBMEFFM0D80;AGRIBUSINESS;-;-;-;-;-;-;-;-;-;2,63;-;-;-;-;-;-;-
CCMU26P006625;BRBMEFOV0DC7;AGRIBUSINESS;-;-;-;-;-;-;-;-;-;1,07;-;-;-;-;-;-;-
CCMX26C007450;BRBMEFFM0D98;AGRIBUSINESS;-;-;-;-;-;-;-;-;-;1,35;-;-;-;-;-;-;-
CCMX26P007450;BRBMEFOV0DD5;AGRIBUSINESS;-;-;-;-;-;-;-;-;-;4,69;-;-;-;-;-;-;-
CCMU26C008200;BRBMEFFM0DA3;AGRIBUSINESS;-;-;-;-;-;-;-;-;-;0,02;-;-;-;-;-;-;-
CCMU26C008400;BRBMEFFM0DB1;AGRIBUSINESS;-;-;-;-;-;-;-;-;-;0,01;-;-;-;-;-;-;-
CCMU26P008200;BRBMEFOV0DE3;AGRIBUSINESS;-;-;-;-;-;-;-;-;-;13,75;-;-;-;-;-;-;-
CCMU26P008400;BRBMEFOV0DF0;AGRIBUSINESS;-;-;-;-;-;-;-;-;-;15,68;-;-;-;-;-;-;-
CCMN26C005800;BRBMEFFM0DC9;AGRIBUSINESS;-;-;-;-;-;-;-;-;-;6,27;-;-;-;-;-;-;-
CCMN26P005800;BRBMEFOV0DG8;AGRIBUSINESS;-;-;-;-;-;-;-;-;-;0,01;-;-;-;-;-;-;-
CCMU26C007275;BRBMEFFM0DE5;AGRIBUSINESS;-;-;-;-;-;-;-;-;-;0,45;-;-;-;-;-;-;-
CCMU26P007275;BRBMEFOV0DI4;AGRIBUSINESS;-;-;-;-;-;-;-;-;-;5,2;-;-;-;-;-;-;-
CCMX26C007150;BRBMEFFM0DF2;AGRIBUSINESS;2,35;2,35;2,35;2,35;2,35;-16,07;-;-;-;2,31;-;-;-;-;1;100;105750
CCMX26C007550;BRBMEFFM0DG0;AGRIBUSINESS;-;-;-;-;-;-;-;-;-;1,13;-;-;-;-;-;-;-
CCMX26P007150;BRBMEFOV0DJ2;AGRIBUSINESS;-;-;-;-;-;-;-;-;-;2,81;-;-;-;-;-;-;-
CCMX26P007550;BRBMEFOV0DK0;AGRIBUSINESS;-;-;-;-;-;-;-;-;-;5,42;-;-;-;-;-;-;-
CCMF27C007050;BRBMEFFM0DH8;AGRIBUSINESS;-;-;-;-;-;-;-;-;-;4,64;-;-;-;-;-;-;-
CCMF27C007400;BRBMEFFM0DI6;AGRIBUSINESS;-;-;-;-;-;-;-;-;-;2,93;-;-;-;-;-;-;-
CCMF27P007050;BRBMEFOV0DL8;AGRIBUSINESS;-;-;-;-;-;-;-;-;-;1,79;-;-;-;-;-;-;-
CCMF27P007400;BRBMEFOV0DM6;AGRIBUSINESS;-;-;-;-;-;-;-;-;-;3,33;-;-;-;-;-;-;-
CCMU26C007075;BRBMEFFM0DJ4;AGRIBUSINESS;-;-;-;-;-;-;-;-;-;0,8;-;-;-;-;-;-;-
CCMU26C008075;BRBMEFFM0DK2;AGRIBUSINESS;-;-;-;-;-;-;-;-;-;0,03;-;-;-;-;-;-;-
CCMU26P007075;BRBMEFOV0DN4;AGRIBUSINESS;-;-;-;-;-;-;-;-;-;3,61;-;-;-;-;-;-;-
CCMU26P008075;BRBMEFOV0DO2;AGRIBUSINESS;-;-;-;-;-;-;-;-;-;12,55;-;-;-;-;-;-;-
CCMX26C006800;BRBMEFFM0DL0;AGRIBUSINESS;-;-;-;-;-;-;-;-;-;4,11;-;-;-;-;-;-;-
CCMX26P006800;BRBMEFOV0DP9;AGRIBUSINESS;-;-;-;-;-;-;-;-;-;1,28;-;-;-;-;-;-;-
CCMX26C007300;BRBMEFFM0DM8;AGRIBUSINESS;-;-;-;-;-;-;-;-;-;1,77;-;-;-;-;-;-;-
CCMX26P007300;BRBMEFOV0DQ7;AGRIBUSINESS;-;-;-;-;-;-;-;-;-;3,69;-;-;-;-;-;-;-
CCMN26C007225;BRBMEFFM0DN6;AGRIBUSINESS;-;-;-;-;-;-;-;-;-;0,01;-;-;-;-;-;-;-
CCMN26P007225;BRBMEFOV0DR5;AGRIBUSINESS;-;-;-;-;-;-;-;-;-;7,89;-;-;-;-;-;-;-
CCMN26C007325;BRBMEFFM0DO4;AGRIBUSINESS;-;-;-;-;-;-;-;-;-;0,01;-;-;-;-;-;-;-
CCMN26P007325;BRBMEFOV0DS3;AGRIBUSINESS;-;-;-;-;-;-;-;-;-;8,88;-;-;-;-;-;-;-
CCMU27C006700;BRBMEFFM0DR7;AGRIBUSINESS;-;-;-;-;-;-;-;-;-;5,85;-;-;-;-;-;-;-
CCMU27C007100;BRBMEFFM0DS5;AGRIBUSINESS;-;-;-;-;-;-;-;-;-;4,1;-;-;-;-;-;-;-
CCMU27C007500;BRBMEFFM0DT3;AGRIBUSINESS;-;-;-;-;-;-;-;-;-;2,83;-;-;-;-;-;-;-
CCMU27P006700;BRBMEFOV0DV7;AGRIBUSINESS;-;-;-;-;-;-;-;-;-;2,37;-;-;-;-;-;-;-
CCMU27P007100;BRBMEFOV0DW5;AGRIBUSINESS;-;-;-;-;-;-;-;-;-;4,02;-;-;-;-;-;-;-
CCMU27P007500;BRBMEFOV0DX3;AGRIBUSINESS;-;-;-;-;-;-;-;-;-;6,15;-;-;-;-;-;-;-
CCMU26C005700;BRBMEFFM0DU1;AGRIBUSINESS;-;-;-;-;-;-;-;-;-;10,55;-;-;-;-;-;-;-
CCMU26P005700;BRBMEFOV0DY1;AGRIBUSINESS;-;-;-;-;-;-;-;-;-;0,01;-;-;-;-;-;-;-
CCMN26C007075;BRBMEFFM0DW7;AGRIBUSINESS;-;-;-;-;-;-;-;-;-;0,01;-;-;-;-;-;-;-
CCMN26P007075;BRBMEFOV0E09;AGRIBUSINESS;-;-;-;-;-;-;-;-;-;6,4;-;-;-;-;-;-;-
CCMN26C005000;BRBMEFFM0DY3;AGRIBUSINESS;-;-;-;-;-;-;-;-;-;14,21;-;-;-;-;-;-;-
CCMN26C005200;BRBMEFFM0DZ0;AGRIBUSINESS;-;-;-;-;-;-;-;-;-;12,23;-;-;-;-;-;-;-
CCMN26P005000;BRBMEFOV0E25;AGRIBUSINESS;-;-;-;-;-;-;-;-;-;0,01;-;-;-;-;-;-;-
CCMN26P005200;BRBMEFOV0E33;AGRIBUSINESS;-;-;-;-;-;-;-;-;-;0,01;-;-;-;-;-;-;-
CCMN26C008100;BRBMEFFM0E14;AGRIBUSINESS;-;-;-;-;-;-;-;-;-;0,01;-;-;-;-;-;-;-
CCMN26P008100;BRBMEFOV0E58;AGRIBUSINESS;-;-;-;-;-;-;-;-;-;16,58;-;-;-;-;-;-;-
CCMN26C008300;BRBMEFFM0E22;AGRIBUSINESS;-;-;-;-;-;-;-;-;-;0,01;-;-;-;-;-;-;-
CCMN26P008300;BRBMEFOV0E66;AGRIBUSINESS;-;-;-;-;-;-;-;-;-;18,56;-;-;-;-;-;-;-
CCMF27C007000;BRBMEFFM0E30;AGRIBUSINESS;-;-;-;-;-;-;-;-;-;4,93;-;-;-;-;-;-;-
CCMF27P007000;BRBMEFOV0E74;AGRIBUSINESS;-;-;-;-;-;-;-;-;-;1,61;-;-;-;-;-;-;-
CCMX26C006750;BRBMEFFM0E48;AGRIBUSINESS;-;-;-;-;-;-;-;-;-;4,43;-;-;-;-;-;-;-
CCMX26P006750;BRBMEFOV0E82;AGRIBUSINESS;-;-;-;-;-;-;-;-;-;1,12;-;-;-;-;-;-;-
CCMH27C006900;BRBMEFFM0E63;AGRIBUSINESS;-;-;-;-;-;-;-;-;-;6,74;-;-;-;-;-;-;-
CCMH27C008200;BRBMEFFM0E71;AGRIBUSINESS;-;-;-;-;-;-;-;-;-;1,53;-;-;-;-;-;-;-
CCMH27P006900;BRBMEFOV0EA9;AGRIBUSINESS;-;-;-;-;-;-;-;-;-;1,28;-;-;-;-;-;-;-
CCMH27P008200;BRBMEFOV0EB7;AGRIBUSINESS;-;-;-;-;-;-;-;-;-;7,91;-;-;-;-;-;-;-
CCMX26C007350;BRBMEFFM0E55;AGRIBUSINESS;1,48;1,48;1,48;1,48;1,48;-51,47;-;-;-;1,62;-;-;-;-;1;100;66600
CCMX26P007350;BRBMEFOV0E90;AGRIBUSINESS;-;-;-;-;-;-;-;-;-;4,01;-;-;-;-;-;-;-
CCMX26C007425;BRBMEFFM0E89;AGRIBUSINESS;-;-;-;-;-;-;-;-;-;1,41;-;-;-;-;-;-;-
CCMX26P007425;BRBMEFOV0EC5;AGRIBUSINESS;-;-;-;-;-;-;-;-;-;4,52;-;-;-;-;-;-;-
CCMU26C005900;BRBMEFFM0E97;AGRIBUSINESS;-;-;-;-;-;-;-;-;-;8,64;-;-;-;-;-;-;-
CCMU26P005900;BRBMEFOV0ED3;AGRIBUSINESS;-;-;-;-;-;-;-;-;-;0,03;-;-;-;-;-;-;-
CCMU26C007225;BRBMEFFM0EA1;AGRIBUSINESS;-;-;-;-;-;-;-;-;-;0,52;-;-;-;-;-;-;-
CCMU26P007225;BRBMEFOV0EE1;AGRIBUSINESS;-;-;-;-;-;-;-;-;-;4,78;-;-;-;-;-;-;-
CCMU27C007200;BRBMEFFM0EB9;AGRIBUSINESS;-;-;-;-;-;-;-;-;-;3,73;-;-;-;-;-;-;-
CCMU27C008000;BRBMEFFM0EC7;AGRIBUSINESS;-;-;-;-;-;-;-;-;-;1,78;-;-;-;-;-;-;-
CCMU27P007200;BRBMEFOV0EF8;AGRIBUSINESS;4,28;4,28;4,28;4,28;4,28;-;-;-;-;4,51;-;-;-;-;1;145;279270
CCMU27P008000;BRBMEFOV0EG6;AGRIBUSINESS;-;-;-;-;-;-;-;-;-;9,37;-;-;-;-;-;-;-
CCMU27C007250;BRBMEFFM0EE3;AGRIBUSINESS;-;-;-;-;-;-;-;-;-;3,57;-;-;-;-;-;-;-
CCMU27P007250;BRBMEFOV0EI2;AGRIBUSINESS;-;-;-;-;-;-;-;-;-;4,77;-;-;-;-;-;-;-
CCMF27C008025;BRBMEFFM0EF0;AGRIBUSINESS;-;-;-;-;-;-;-;-;-;1,21;-;-;-;-;-;-;-
CCMF27P008025;BRBMEFOV0EJ0;AGRIBUSINESS;-;-;-;-;-;-;-;-;-;7,42;-;-;-;-;-;-;-
CCMH27C009000;BRBMEFFM0EG8;AGRIBUSINESS;-;-;-;-;-;-;-;-;-;0,6;-;-;-;-;-;-;-
CCMH27P009000;BRBMEFOV0EK8;AGRIBUSINESS;-;-;-;-;-;-;-;-;-;14,28;-;-;-;-;-;-;-
CCMU26C008600;BRBMEFFM0EJ2;AGRIBUSINESS;-;-;-;-;-;-;-;-;-;0,01;-;-;-;-;-;-;-
CCMU26P008600;BRBMEFOV0EN2;AGRIBUSINESS;-;-;-;-;-;-;-;-;-;17,62;-;-;-;-;-;-;-
CCMK27C007300;BRBMEFFM0EK0;AGRIBUSINESS;-;-;-;-;-;-;-;-;-;3,92;-;-;-;-;-;-;-
CCMK27P007300;BRBMEFOV0EO0;AGRIBUSINESS;-;-;-;-;-;-;-;-;-;3,58;-;-;-;-;-;-;-
CCMX26C007800;BRBMEFFM0EL8;AGRIBUSINESS;-;-;-;-;-;-;-;-;-;0,72;-;-;-;-;-;-;-
CCMX26P007800;BRBMEFOV0EP7;AGRIBUSINESS;-;-;-;-;-;-;-;-;-;7,39;-;-;-;-;-;-;-
CCMH27C007800;BRBMEFFM0EM6;AGRIBUSINESS;-;-;-;-;-;-;-;-;-;2,47;-;-;-;-;-;-;-
CCMH27P007800;BRBMEFOV0EQ5;AGRIBUSINESS;-;-;-;-;-;-;-;-;-;5,21;-;-;-;-;-;-;-
CCMF27C007450;BRBMEFFM0EN4;AGRIBUSINESS;-;-;-;-;-;-;-;-;-;2,73;-;-;-;-;-;-;-
CCMF27P007450;BRBMEFOV0ER3;AGRIBUSINESS;-;-;-;-;-;-;-;-;-;3,6;-;-;-;-;-;-;-
CCMF27C007100;BRBMEFFM0EO2;AGRIBUSINESS;-;-;-;-;-;-;-;-;-;4,36;-;-;-;-;-;-;-
CCMF27C007150;BRBMEFFM0EP9;AGRIBUSINESS;-;-;-;-;-;-;-;-;-;4,09;-;-;-;-;-;-;-
CCMF27C007200;BRBMEFFM0EQ7;AGRIBUSINESS;-;-;-;-;-;-;-;-;-;3,83;-;-;-;-;-;-;-
CCMF27C007250;BRBMEFFM0ER5;AGRIBUSINESS;-;-;-;-;-;-;-;-;-;3,59;-;-;-;-;-;-;-
CCMF27C007300;BRBMEFFM0ES3;AGRIBUSINESS;-;-;-;-;-;-;-;-;-;3,36;-;-;-;-;-;-;-
CCMF27C007950;BRBMEFFM0ET1;AGRIBUSINESS;-;-;-;-;-;-;-;-;-;1,34;-;-;-;-;-;-;-
CCMF27C008050;BRBMEFFM0EU9;AGRIBUSINESS;-;-;-;-;-;-;-;-;-;1,17;-;-;-;-;-;-;-
CCMF27C008100;BRBMEFFM0EV7;AGRIBUSINESS;-;-;-;-;-;-;-;-;-;1,09;-;-;-;-;-;-;-
CCMF27C008200;BRBMEFFM0EW5;AGRIBUSINESS;-;-;-;-;-;-;-;-;-;0,94;-;-;-;-;-;-;-
CCMF27C008250;BRBMEFFM0EX3;AGRIBUSINESS;-;-;-;-;-;-;-;-;-;0,88;-;-;-;-;-;-;-
CCMF27C008300;BRBMEFFM0EY1;AGRIBUSINESS;-;-;-;-;-;-;-;-;-;0,82;-;-;-;-;-;-;-
CCMF27C008350;BRBMEFFM0EZ8;AGRIBUSINESS;-;-;-;-;-;-;-;-;-;0,76;-;-;-;-;-;-;-
CCMF27P007100;BRBMEFOV0ES1;AGRIBUSINESS;-;-;-;-;-;-;-;-;-;1,97;-;-;-;-;-;-;-
CCMF27P007150;BRBMEFOV0ET9;AGRIBUSINESS;-;-;-;-;-;-;-;-;-;2,16;-;-;-;-;-;-;-
CCMF27P007200;BRBMEFOV0EU7;AGRIBUSINESS;-;-;-;-;-;-;-;-;-;2,37;-;-;-;-;-;-;-
CCMF27P007250;BRBMEFOV0EV5;AGRIBUSINESS;-;-;-;-;-;-;-;-;-;2,6;-;-;-;-;-;-;-
CCMF27P007300;BRBMEFOV0EW3;AGRIBUSINESS;-;-;-;-;-;-;-;-;-;2,83;-;-;-;-;-;-;-
CCMF27P007950;BRBMEFOV0EX1;AGRIBUSINESS;-;-;-;-;-;-;-;-;-;6,86;-;-;-;-;-;-;-
CCMF27P008050;BRBMEFOV0EY9;AGRIBUSINESS;-;-;-;-;-;-;-;-;-;7,61;-;-;-;-;-;-;-
CCMF27P008100;BRBMEFOV0EZ6;AGRIBUSINESS;-;-;-;-;-;-;-;-;-;8;-;-;-;-;-;-;-
CCMF27P008200;BRBMEFOV0F08;AGRIBUSINESS;-;-;-;-;-;-;-;-;-;8,78;-;-;-;-;-;-;-
CCMF27P008250;BRBMEFOV0F16;AGRIBUSINESS;-;-;-;-;-;-;-;-;-;9,18;-;-;-;-;-;-;-
CCMF27P008300;BRBMEFOV0F24;AGRIBUSINESS;-;-;-;-;-;-;-;-;-;9,59;-;-;-;-;-;-;-
CCMF27P008350;BRBMEFOV0F32;AGRIBUSINESS;-;-;-;-;-;-;-;-;-;10;-;-;-;-;-;-;-
CCMH27C008250;BRBMEFFM0F05;AGRIBUSINESS;-;-;-;-;-;-;-;-;-;1,44;-;-;-;-;-;-;-
CCMH27C008300;BRBMEFFM0F13;AGRIBUSINESS;-;-;-;-;-;-;-;-;-;1,36;-;-;-;-;-;-;-
CCMH27C008350;BRBMEFFM0F21;AGRIBUSINESS;-;-;-;-;-;-;-;-;-;1,28;-;-;-;-;-;-;-
CCMH27P008250;BRBMEFOV0F40;AGRIBUSINESS;-;-;-;-;-;-;-;-;-;8,28;-;-;-;-;-;-;-
CCMH27P008300;BRBMEFOV0F57;AGRIBUSINESS;-;-;-;-;-;-;-;-;-;8,65;-;-;-;-;-;-;-
CCMH27P008350;BRBMEFOV0F65;AGRIBUSINESS;-;-;-;-;-;-;-;-;-;9,03;-;-;-;-;-;-;-
CCMU26C006825;BRBMEFFM0F47;AGRIBUSINESS;-;-;-;-;-;-;-;-;-;1,61;-;-;-;-;-;-;-
CCMU26P006825;BRBMEFOV0F81;AGRIBUSINESS;-;-;-;-;-;-;-;-;-;1,99;-;-;-;-;-;-;-
CCMX26C007525;BRBMEFFM0F54;AGRIBUSINESS;-;-;-;-;-;-;-;-;-;1,18;-;-;-;-;-;-;-
CCMX26P007525;BRBMEFOV0F99;AGRIBUSINESS;-;-;-;-;-;-;-;-;-;5,24;-;-;-;-;-;-;-
CCMX26C007625;BRBMEFFM0F62;AGRIBUSINESS;-;-;-;-;-;-;-;-;-;0,98;-;-;-;-;-;-;-
CCMX26C007650;BRBMEFFM0F70;AGRIBUSINESS;-;-;-;-;-;-;-;-;-;0,94;-;-;-;-;-;-;-
CCMX26C007675;BRBMEFFM0F88;AGRIBUSINESS;-;-;-;-;-;-;-;-;-;0,9;-;-;-;-;-;-;-
CCMX26P007625;BRBMEFOV0FA6;AGRIBUSINESS;-;-;-;-;-;-;-;-;-;5,99;-;-;-;-;-;-;-
CCMX26P007650;BRBMEFOV0FB4;AGRIBUSINESS;-;-;-;-;-;-;-;-;-;6,19;-;-;-;-;-;-;-
CCMX26P007675;BRBMEFOV0FC2;AGRIBUSINESS;-;-;-;-;-;-;-;-;-;6,38;-;-;-;-;-;-;-
CCMX26C007325;BRBMEFFM0F96;AGRIBUSINESS;-;-;-;-;-;-;-;-;-;1,69;-;-;-;-;-;-;-
CCMX26C007375;BRBMEFFM0FA8;AGRIBUSINESS;-;-;-;-;-;-;-;-;-;1,54;-;-;-;-;-;-;-
CCMX26P007325;BRBMEFOV0FD0;AGRIBUSINESS;-;-;-;-;-;-;-;-;-;3,85;-;-;-;-;-;-;-
CCMX26P007375;BRBMEFOV0FE8;AGRIBUSINESS;-;-;-;-;-;-;-;-;-;4,18;-;-;-;-;-;-;-
CCMH27C007525;BRBMEFFM0FB6;AGRIBUSINESS;-;-;-;-;-;-;-;-;-;3,43;-;-;-;-;-;-;-
CCMH27P007525;BRBMEFOV0FF5;AGRIBUSINESS;-;-;-;-;-;-;-;-;-;3,67;-;-;-;-;-;-;-
CCMU27C006800;BRBMEFFM0FC4;AGRIBUSINESS;-;-;-;-;-;-;-;-;-;5,36;-;-;-;-;-;-;-
CCMU27P006800;BRBMEFOV0FG3;AGRIBUSINESS;-;-;-;-;-;-;-;-;-;2,73;-;-;-;-;-;-;-
CCMH27C007750;BRBMEFFM0FD2;AGRIBUSINESS;-;-;-;-;-;-;-;-;-;2,63;-;-;-;-;-;-;-
CCMH27P007750;BRBMEFOV0FH1;AGRIBUSINESS;-;-;-;-;-;-;-;-;-;4,91;-;-;-;-;-;-;-
CCMX26C007100;BRBMEFFM0FE0;AGRIBUSINESS;-;-;-;-;-;-;-;-;-;2,52;-;-;-;-;-;-;-
CCMX26P007100;BRBMEFOV0FI9;AGRIBUSINESS;-;-;-;-;-;-;-;-;-;2,54;-;-;-;-;-;-;-
CCMK27C007500;BRBMEFFM0FF7;AGRIBUSINESS;-;-;-;-;-;-;-;-;-;3,17;-;-;-;-;-;-;-
CCMK27P007500;BRBMEFOV0FJ7;AGRIBUSINESS;-;-;-;-;-;-;-;-;-;4,61;-;-;-;-;-;-;-
CCMU26C006975;BRBMEFFM0FG5;AGRIBUSINESS;-;-;-;-;-;-;-;-;-;1,07;-;-;-;-;-;-;-
CCMU26P006975;BRBMEFOV0FK5;AGRIBUSINESS;-;-;-;-;-;-;-;-;-;2,9;-;-;-;-;-;-;-
CCMX26C006600;BRBMEFFM0FH3;AGRIBUSINESS;-;-;-;-;-;-;-;-;-;5,48;-;-;-;-;-;-;-
CCMX26P006600;BRBMEFOV0FL3;AGRIBUSINESS;-;-;-;-;-;-;-;-;-;0,74;-;-;-;-;-;-;-
CCMU26C008150;BRBMEFFM0FI1;AGRIBUSINESS;-;-;-;-;-;-;-;-;-;0,02;-;-;-;-;-;-;-
CCMU26P008150;BRBMEFOV0FM1;AGRIBUSINESS;-;-;-;-;-;-;-;-;-;13,27;-;-;-;-;-;-;-
CCMF27C007275;BRBMEFFM0FK7;AGRIBUSINESS;-;-;-;-;-;-;-;-;-;3,47;-;-;-;-;-;-;-
CCMF27P007275;BRBMEFOV0FO7;AGRIBUSINESS;-;-;-;-;-;-;-;-;-;2,71;-;-;-;-;-;-;-
CCMK27C007000;BRBMEFFM0FL5;AGRIBUSINESS;-;-;-;-;-;-;-;-;-;5,32;-;-;-;-;-;-;-
CCMK27P007000;BRBMEFOV0FP4;AGRIBUSINESS;-;-;-;-;-;-;-;-;-;2,32;-;-;-;-;-;-;-
CCMU27C006750;BRBMEFFM0FM3;AGRIBUSINESS;-;-;-;-;-;-;-;-;-;5,6;-;-;-;-;-;-;-
CCMU27P006750;BRBMEFOV0FQ2;AGRIBUSINESS;-;-;-;-;-;-;-;-;-;2,54;-;-;-;-;-;-;-
CCMU26C007975;BRBMEFFM0FN1;AGRIBUSINESS;-;-;-;-;-;-;-;-;-;0,04;-;-;-;-;-;-;-
CCMU26C008250;BRBMEFFM0FO9;AGRIBUSINESS;-;-;-;-;-;-;-;-;-;0,01;-;-;-;-;-;-;-
CCMU26P007975;BRBMEFOV0FR0;AGRIBUSINESS;-;-;-;-;-;-;-;-;-;11,59;-;-;-;-;-;-;-
CCMU26P008250;BRBMEFOV0FS8;AGRIBUSINESS;-;-;-;-;-;-;-;-;-;14,23;-;-;-;-;-;-;-
CCMU26C007125;BRBMEFFM0FP6;AGRIBUSINESS;-;-;-;-;-;-;-;-;-;0,7;-;-;-;-;-;-;-
CCMU26P007125;BRBMEFOV0FT6;AGRIBUSINESS;-;-;-;-;-;-;-;-;-;3,99;-;-;-;-;-;-;-
CCMU27C008500;BRBMEFFM0FQ4;AGRIBUSINESS;-;-;-;-;-;-;-;-;-;1,14;-;-;-;-;-;-;-
CCMU27P008500;BRBMEFOV0FU4;AGRIBUSINESS;-;-;-;-;-;-;-;-;-;12,98;-;-;-;-;-;-;-
CCMU26C007175;BRBMEFFM0FR2;AGRIBUSINESS;-;-;-;-;-;-;-;-;-;0,6;-;-;-;-;-;-;-
CCMU26C007575;BRBMEFFM0FS0;AGRIBUSINESS;-;-;-;-;-;-;-;-;-;0,18;-;-;-;-;-;-;-
CCMU26C007625;BRBMEFFM0FT8;AGRIBUSINESS;-;-;-;-;-;-;-;-;-;0,16;-;-;-;-;-;-;-
CCMU26C007650;BRBMEFFM0FU6;AGRIBUSINESS;-;-;-;-;-;-;-;-;-;0,14;-;-;-;-;-;-;-
CCMU26C007675;BRBMEFFM0FV4;AGRIBUSINESS;-;-;-;-;-;-;-;-;-;0,13;-;-;-;-;-;-;-
CCMU26P007175;BRBMEFOV0FV2;AGRIBUSINESS;-;-;-;-;-;-;-;-;-;4,38;-;-;-;-;-;-;-
CCMU26P007575;BRBMEFOV0FW0;AGRIBUSINESS;-;-;-;-;-;-;-;-;-;7,84;-;-;-;-;-;-;-
CCMU26P007625;BRBMEFOV0FX8;AGRIBUSINESS;-;-;-;-;-;-;-;-;-;8,3;-;-;-;-;-;-;-
CCMU26P007650;BRBMEFOV0FY6;AGRIBUSINESS;-;-;-;-;-;-;-;-;-;8,54;-;-;-;-;-;-;-
CCMU26P007675;BRBMEFOV0FZ3;AGRIBUSINESS;-;-;-;-;-;-;-;-;-;8,77;-;-;-;-;-;-;-
CCMU26C007325;BRBMEFFM0FW2;AGRIBUSINESS;-;-;-;-;-;-;-;-;-;0,39;-;-;-;-;-;-;-
CCMU26P007325;BRBMEFOV0G07;AGRIBUSINESS;-;-;-;-;-;-;-;-;-;5,62;-;-;-;-;-;-;-
CCMX26C006950;BRBMEFFM0FX0;AGRIBUSINESS;-;-;-;-;-;-;-;-;-;3,25;-;-;-;-;-;-;-
CCMX26P006950;BRBMEFOV0G15;AGRIBUSINESS;-;-;-;-;-;-;-;-;-;1,84;-;-;-;-;-;-;-
CCMU27C006600;BRBMEFFM0FY8;AGRIBUSINESS;-;-;-;-;-;-;-;-;-;6,37;-;-;-;-;-;-;-
CCMU27C006650;BRBMEFFM0FZ5;AGRIBUSINESS;-;-;-;-;-;-;-;-;-;6,1;-;-;-;-;-;-;-
CCMU27P006600;BRBMEFOV0G23;AGRIBUSINESS;-;-;-;-;-;-;-;-;-;2,03;-;-;-;-;-;-;-
CCMU27P006650;BRBMEFOV0G31;AGRIBUSINESS;-;-;-;-;-;-;-;-;-;2,19;-;-;-;-;-;-;-
CCMF27C008500;BRBMEFFM0G20;AGRIBUSINESS;-;-;-;-;-;-;-;-;-;0,62;-;-;-;-;-;-;-
CCMF27P008500;BRBMEFOV0G64;AGRIBUSINESS;-;-;-;-;-;-;-;-;-;11,25;-;-;-;-;-;-;-
CCMK27C007050;BRBMEFFM0G04;AGRIBUSINESS;-;-;-;-;-;-;-;-;-;5,07;-;-;-;-;-;-;-
CCMK27C007250;BRBMEFFM0G12;AGRIBUSINESS;-;-;-;-;-;-;-;-;-;4,13;-;-;-;-;-;-;-
CCMK27P007050;BRBMEFOV0G49;AGRIBUSINESS;-;-;-;-;-;-;-;-;-;2,5;-;-;-;-;-;-;-
CCMK27P007250;BRBMEFOV0G56;AGRIBUSINESS;-;-;-;-;-;-;-;-;-;3,35;-;-;-;-;-;-;-
CCMN26C006775;BRBMEFFM0G38;AGRIBUSINESS;-;-;-;-;-;-;-;-;-;0,08;-;-;-;-;-;-;-
CCMN26P006775;BRBMEFOV0G72;AGRIBUSINESS;-;-;-;-;-;-;-;-;-;3,5;-;-;-;-;-;-;-
CCMF27C007850;BRBMEFFM0G53;AGRIBUSINESS;-;-;-;-;-;-;-;-;-;1,55;-;-;-;-;-;-;-
CCMF27P007850;BRBMEFOV0G98;AGRIBUSINESS;-;-;-;-;-;-;-;-;-;6,13;-;-;-;-;-;-;-
CCMX26C006850;BRBMEFFM0G46;AGRIBUSINESS;-;-;-;-;-;-;-;-;-;3,81;-;-;-;-;-;-;-
CCMX26P006850;BRBMEFOV0G80;AGRIBUSINESS;-;-;-;-;-;-;-;-;-;1,45;-;-;-;-;-;-;-
CCMX26C007725;BRBMEFFM0G61;AGRIBUSINESS;-;-;-;-;-;-;-;-;-;0,82;-;-;-;-;-;-;-
CCMX26P007725;BRBMEFOV0GA4;AGRIBUSINESS;-;-;-;-;-;-;-;-;-;6,78;-;-;-;-;-;-;-
CCMX26C006975;BRBMEFFM0G79;AGRIBUSINESS;-;-;-;-;-;-;-;-;-;3,12;-;-;-;-;-;-;-
CCMX26P006975;BRBMEFOV0GB2;AGRIBUSINESS;-;-;-;-;-;-;-;-;-;1,95;-;-;-;-;-;-;-
CCMX26C007750;BRBMEFFM0G87;AGRIBUSINESS;-;-;-;-;-;-;-;-;-;0,78;-;-;-;-;-;-;-
CCMX26P007750;BRBMEFOV0GC0;AGRIBUSINESS;-;-;-;-;-;-;-;-;-;6,98;-;-;-;-;-;-;-
CCMN26C006725;BRBMEFFM0G95;AGRIBUSINESS;-;-;-;-;-;-;-;-;-;0,12;-;-;-;-;-;-;-
CCMN26P006725;BRBMEFOV0GD8;AGRIBUSINESS;-;-;-;-;-;-;-;-;-;3,04;-;-;-;-;-;-;-
CCMU27C007000;BRBMEFFM0GA6;AGRIBUSINESS;-;-;-;-;-;-;-;-;-;4,49;-;-;-;-;-;-;-
CCMU27C007800;BRBMEFFM0GB4;AGRIBUSINESS;-;-;-;-;-;-;-;-;-;2,14;-;-;-;-;-;-;-
CCMU27P007000;BRBMEFOV0GE6;AGRIBUSINESS;-;-;-;-;-;-;-;-;-;3,56;-;-;-;-;-;-;-
CCMU27P007800;BRBMEFOV0GF3;AGRIBUSINESS;-;-;-;-;-;-;-;-;-;8,02;-;-;-;-;-;-;-
CCMF27C007800;BRBMEFFM0GC2;AGRIBUSINESS;-;-;-;-;-;-;-;-;-;1,66;-;-;-;-;-;-;-
CCMF27P007800;BRBMEFOV0GG1;AGRIBUSINESS;-;-;-;-;-;-;-;-;-;5,78;-;-;-;-;-;-;-
CCMF27C007700;BRBMEFFM0GD0;AGRIBUSINESS;1,75;1,75;1,75;1,75;1,75;-35,18;-;-;-;1,91;-;-;-;-;1;500;393750
CCMF27P007700;BRBMEFOV0GH9;AGRIBUSINESS;-;-;-;-;-;-;-;-;-;5,1;-;-;-;-;-;-;-
CCMF27C007900;BRBMEFFM0GE8;AGRIBUSINESS;-;-;-;-;-;-;-;-;-;1,44;-;-;-;-;-;-;-
CCMF27P007900;BRBMEFOV0GI7;AGRIBUSINESS;-;-;-;-;-;-;-;-;-;6,49;-;-;-;-;-;-;-
CCMH27C007900;BRBMEFFM0GF5;AGRIBUSINESS;2,8;2,8;2,8;2,8;2,8;43,58;-;-;-;2,19;-;-;-;-;1;11;13860
CCMH27P007900;BRBMEFOV0GJ5;AGRIBUSINESS;-;-;-;-;-;-;-;-;-;5,84;-;-;-;-;-;-;-
CCMU27C008100;BRBMEFFM0GG3;AGRIBUSINESS;-;-;-;-;-;-;-;-;-;1,63;-;-;-;-;-;-;-
CCMU27P008100;BRBMEFOV0GK3;AGRIBUSINESS;-;-;-;-;-;-;-;-;-;10,07;-;-;-;-;-;-;-
CCMX26C007250;BRBMEFFM0GH1;AGRIBUSINESS;-;-;-;-;-;-;-;-;-;1,94;-;-;-;-;-;-;-
CCMX26P007250;BRBMEFOV0GL1;AGRIBUSINESS;-;-;-;-;-;-;-;-;-;3,38;-;-;-;-;-;-;-
CCMU27C007300;BRBMEFFM0GI9;AGRIBUSINESS;-;-;-;-;-;-;-;-;-;3,41;-;-;-;-;-;-;-
CCMU27P007300;BRBMEFOV0GM9;AGRIBUSINESS;-;-;-;-;-;-;-;-;-;5,03;-;-;-;-;-;-;-
CCMU27C008150;BRBMEFFM0GJ7;AGRIBUSINESS;-;-;-;-;-;-;-;-;-;1,56;-;-;-;-;-;-;-
CCMU27P008150;BRBMEFOV0GN7;AGRIBUSINESS;-;-;-;-;-;-;-;-;-;10,42;-;-;-;-;-;-;-
CCMF27C007600;BRBMEFFM0GK5;AGRIBUSINESS;-;-;-;-;-;-;-;-;-;2,21;-;-;-;-;-;-;-
CCMF27P007600;BRBMEFOV0GO5;AGRIBUSINESS;-;-;-;-;-;-;-;-;-;4,47;-;-;-;-;-;-;-
CCMX26C008350;BRBMEFFM0GL3;AGRIBUSINESS;-;-;-;-;-;-;-;-;-;0,27;-;-;-;-;-;-;-
CCMX26P008350;BRBMEFOV0GP2;AGRIBUSINESS;-;-;-;-;-;-;-;-;-;12,17;-;-;-;-;-;-;-
CCMK27C007400;BRBMEFFM0GM1;AGRIBUSINESS;-;-;-;-;-;-;-;-;-;3,52;-;-;-;-;-;-;-
CCMK27P007400;BRBMEFOV0GQ0;AGRIBUSINESS;-;-;-;-;-;-;-;-;-;4,08;-;-;-;-;-;-;-
CCMX26C007850;BRBMEFFM0GN9;AGRIBUSINESS;-;-;-;-;-;-;-;-;-;0,65;-;-;-;-;-;-;-
CCMX26P007850;BRBMEFOV0GR8;AGRIBUSINESS;-;-;-;-;-;-;-;-;-;7,8;-;-;-;-;-;-;-
CCMU26C008550;BRBMEFFM0GO7;AGRIBUSINESS;-;-;-;-;-;-;-;-;-;0,01;-;-;-;-;-;-;-
CCMU26P008550;BRBMEFOV0GS6;AGRIBUSINESS;-;-;-;-;-;-;-;-;-;17,13;-;-;-;-;-;-;-
CCMH27C007575;BRBMEFFM0GP4;AGRIBUSINESS;-;-;-;-;-;-;-;-;-;3,23;-;-;-;-;-;-;-
CCMH27P007575;BRBMEFOV0GT4;AGRIBUSINESS;-;-;-;-;-;-;-;-;-;3,92;-;-;-;-;-;-;-
CCMU27C010000;BRBMEFFM0GQ2;AGRIBUSINESS;-;-;-;-;-;-;-;-;-;0,34;-;-;-;-;-;-;-
CCMU27P010000;BRBMEFOV0GU2;AGRIBUSINESS;-;-;-;-;-;-;-;-;-;24,95;-;-;-;-;-;-;-
CCMN26C006575;BRBMEFFM0GR0;AGRIBUSINESS;-;-;-;-;-;-;-;-;-;0,34;-;-;-;-;-;-;-
CCMN26P006575;BRBMEFOV0GV0;AGRIBUSINESS;-;-;-;-;-;-;-;-;-;1,77;-;-;-;-;-;-;-
CCMX26C007050;BRBMEFFM0GS8;AGRIBUSINESS;-;-;-;-;-;-;-;-;-;2,75;-;-;-;-;-;-;-
CCMX26P007050;BRBMEFOV0GW8;AGRIBUSINESS;-;-;-;-;-;-;-;-;-;2,29;-;-;-;-;-;-;-
CCMH27C008600;BRBMEFFM0GT6;AGRIBUSINESS;-;-;-;-;-;-;-;-;-;0,95;-;-;-;-;-;-;-
CCMH27P008600;BRBMEFOV0GX6;AGRIBUSINESS;-;-;-;-;-;-;-;-;-;10,98;-;-;-;-;-;-;-
CCMN26C006525;BRBMEFFM0GU4;AGRIBUSINESS;-;-;-;-;-;-;-;-;-;0,46;-;-;-;-;-;-;-
CCMN26P006525;BRBMEFOV0GY4;AGRIBUSINESS;-;-;-;-;-;-;-;-;-;1,4;-;-;-;-;-;-;-
CCMN26C006475;BRBMEFFM0GV2;AGRIBUSINESS;-;-;-;-;-;-;-;-;-;0,64;-;-;-;-;-;-;-
CCMN26P006475;BRBMEFOV0GZ1;AGRIBUSINESS;-;-;-;-;-;-;-;-;-;1,07;-;-;-;-;-;-;-
CCMF27C007350;BRBMEFFM0GW0;AGRIBUSINESS;-;-;-;-;-;-;-;-;-;3,14;-;-;-;-;-;-;-
CCMF27P007350;BRBMEFOV0H06;AGRIBUSINESS;-;-;-;-;-;-;-;-;-;3,07;-;-;-;-;-;-;-
CCMU27C007400;BRBMEFFM0GX8;AGRIBUSINESS;-;-;-;-;-;-;-;-;-;3,1;-;-;-;-;-;-;-
CCMU27P007400;BRBMEFOV0H14;AGRIBUSINESS;-;-;-;-;-;-;-;-;-;5,58;-;-;-;-;-;-;-
CCMX26C007225;BRBMEFFM0GY6;AGRIBUSINESS;-;-;-;-;-;-;-;-;-;2,03;-;-;-;-;-;-;-
CCMX26P007225;BRBMEFOV0H22;AGRIBUSINESS;-;-;-;-;-;-;-;-;-;3,23;-;-;-;-;-;-;-
CCMK27C006550;BRBMEFFM0GZ3;AGRIBUSINESS;-;-;-;-;-;-;-;-;-;8,06;-;-;-;-;-;-;-
CCMK27C007350;BRBMEFFM0H03;AGRIBUSINESS;-;-;-;-;-;-;-;-;-;3,72;-;-;-;-;-;-;-
CCMK27P006550;BRBMEFOV0H30;AGRIBUSINESS;-;-;-;-;-;-;-;-;-;1,05;-;-;-;-;-;-;-
CCMK27P007350;BRBMEFOV0H48;AGRIBUSINESS;-;-;-;-;-;-;-;-;-;3,82;-;-;-;-;-;-;-
CCMF27C006950;BRBMEFFM0H11;AGRIBUSINESS;-;-;-;-;-;-;-;-;-;5,24;-;-;-;-;-;-;-
CCMF27C007825;BRBMEFFM0H29;AGRIBUSINESS;-;-;-;-;-;-;-;-;-;1,6;-;-;-;-;-;-;-
CCMF27P006950;BRBMEFOV0H55;AGRIBUSINESS;-;-;-;-;-;-;-;-;-;1,45;-;-;-;-;-;-;-
CCMF27P007825;BRBMEFOV0H63;AGRIBUSINESS;-;-;-;-;-;-;-;-;-;5,96;-;-;-;-;-;-;-
CCMF27C007925;BRBMEFFM0H37;AGRIBUSINESS;-;-;-;-;-;-;-;-;-;1,39;-;-;-;-;-;-;-
CCMF27P007925;BRBMEFOV0H71;AGRIBUSINESS;-;-;-;-;-;-;-;-;-;6,67;-;-;-;-;-;-;-
CCMU27C006500;BRBMEFFM0H45;AGRIBUSINESS;-;-;-;-;-;-;-;-;-;6,91;-;-;-;-;-;-;-
CCMU27P006500;BRBMEFOV0H89;AGRIBUSINESS;-;-;-;-;-;-;-;-;-;1,73;-;-;-;-;-;-;-
CCMU27C007150;BRBMEFFM0H52;AGRIBUSINESS;-;-;-;-;-;-;-;-;-;3,91;-;-;-;-;-;-;-
CCMU27P007150;BRBMEFOV0H97;AGRIBUSINESS;4,03;4,03;4,03;4,03;4,03;-3,81;-;-;-;4,26;-;-;-;-;1;145;262957,5
CCMH27C007950;BRBMEFFM0H60;AGRIBUSINESS;-;-;-;-;-;-;-;-;-;2,06;-;-;-;-;-;-;-
CCMH27C008000;BRBMEFFM0H78;AGRIBUSINESS;-;-;-;-;-;-;-;-;-;1,94;-;-;-;-;-;-;-
CCMH27P007950;BRBMEFOV0HA2;AGRIBUSINESS;-;-;-;-;-;-;-;-;-;6,17;-;-;-;-;-;-;-
CCMH27P008000;BRBMEFOV0HB0;AGRIBUSINESS;-;-;-;-;-;-;-;-;-;6,5;-;-;-;-;-;-;-
CCMK27C006850;BRBMEFFM0H86;AGRIBUSINESS;-;-;-;-;-;-;-;-;-;6,15;-;-;-;-;-;-;-
CCMK27C008000;BRBMEFFM0H94;AGRIBUSINESS;-;-;-;-;-;-;-;-;-;1,84;-;-;-;-;-;-;-
CCMK27C008025;BRBMEFFM0HA4;AGRIBUSINESS;-;-;-;-;-;-;-;-;-;1,79;-;-;-;-;-;-;-
CCMK27C008050;BRBMEFFM0HB2;AGRIBUSINESS;-;-;-;-;-;-;-;-;-;1,74;-;-;-;-;-;-;-
CCMK27P006850;BRBMEFOV0HC8;AGRIBUSINESS;-;-;-;-;-;-;-;-;-;1,81;-;-;-;-;-;-;-
CCMK27P008000;BRBMEFOV0HD6;AGRIBUSINESS;-;-;-;-;-;-;-;-;-;7,73;-;-;-;-;-;-;-
CCMK27P008025;BRBMEFOV0HE4;AGRIBUSINESS;-;-;-;-;-;-;-;-;-;7,9;-;-;-;-;-;-;-
CCMK27P008050;BRBMEFOV0HF1;AGRIBUSINESS;-;-;-;-;-;-;-;-;-;8,08;-;-;-;-;-;-;-
CCMK27C006800;BRBMEFFM0HC0;AGRIBUSINESS;-;-;-;-;-;-;-;-;-;6,45;-;-;-;-;-;-;-
CCMK27C007100;BRBMEFFM0HD8;AGRIBUSINESS;-;-;-;-;-;-;-;-;-;4,82;-;-;-;-;-;-;-
CCMK27P006800;BRBMEFOV0HG9;AGRIBUSINESS;-;-;-;-;-;-;-;-;-;1,66;-;-;-;-;-;-;-
CCMK27P007100;BRBMEFOV0HH7;AGRIBUSINESS;-;-;-;-;-;-;-;-;-;2,7;-;-;-;-;-;-;-
CCMK27C008100;BRBMEFFM0HE6;AGRIBUSINESS;-;-;-;-;-;-;-;-;-;1,65;-;-;-;-;-;-;-
CCMK27P008100;BRBMEFOV0HI5;AGRIBUSINESS;-;-;-;-;-;-;-;-;-;8,43;-;-;-;-;-;-;-
CCMN27C006500;BRBMEFFM0HF3;AGRIBUSINESS;-;-;-;-;-;-;-;-;-;7,05;-;-;-;-;-;-;-
CCMN27C007150;BRBMEFFM0HG1;AGRIBUSINESS;-;-;-;-;-;-;-;-;-;3,83;-;-;-;-;-;-;-
CCMN27C007600;BRBMEFFM0HH9;AGRIBUSINESS;-;-;-;-;-;-;-;-;-;2,42;-;-;-;-;-;-;-
CCMN27P006500;BRBMEFOV0HJ3;AGRIBUSINESS;-;-;-;-;-;-;-;-;-;1,49;-;-;-;-;-;-;-
CCMN27P007150;BRBMEFOV0HK1;AGRIBUSINESS;-;-;-;-;-;-;-;-;-;3,93;-;-;-;-;-;-;-
CCMN27P007600;BRBMEFOV0HL9;AGRIBUSINESS;-;-;-;-;-;-;-;-;-;6,43;-;-;-;-;-;-;-
CCMK27C006500;BRBMEFFM0HI7;AGRIBUSINESS;-;-;-;-;-;-;-;-;-;8,41;-;-;-;-;-;-;-
CCMK27P006500;BRBMEFOV0HM7;AGRIBUSINESS;-;-;-;-;-;-;-;-;-;0,95;-;-;-;-;-;-;-
CCMK27C007525;BRBMEFFM0HJ5;AGRIBUSINESS;-;-;-;-;-;-;-;-;-;3,08;-;-;-;-;-;-;-
CCMK27P007525;BRBMEFOV0HN5;AGRIBUSINESS;-;-;-;-;-;-;-;-;-;4,75;-;-;-;-;-;-;-
CCMF27C007650;BRBMEFFM0HK3;AGRIBUSINESS;-;-;-;-;-;-;-;-;-;2,06;-;-;-;-;-;-;-
CCMF27P007650;BRBMEFOV0HO3;AGRIBUSINESS;-;-;-;-;-;-;-;-;-;4,78;-;-;-;-;-;-;-
CCMN27C006450;BRBMEFFM0HL1;AGRIBUSINESS;-;-;-;-;-;-;-;-;-;7,37;-;-;-;-;-;-;-
CCMN27C007100;BRBMEFFM0HM9;AGRIBUSINESS;-;-;-;-;-;-;-;-;-;4,03;-;-;-;-;-;-;-
CCMN27C007500;BRBMEFFM0HN7;AGRIBUSINESS;-;-;-;-;-;-;-;-;-;2,68;-;-;-;-;-;-;-
CCMN27P006450;BRBMEFOV0HP0;AGRIBUSINESS;-;-;-;-;-;-;-;-;-;1,37;-;-;-;-;-;-;-
CCMN27P007100;BRBMEFOV0HQ8;AGRIBUSINESS;-;-;-;-;-;-;-;-;-;3,69;-;-;-;-;-;-;-
CCMN27P007500;BRBMEFOV0HR6;AGRIBUSINESS;-;-;-;-;-;-;-;-;-;5,83;-;-;-;-;-;-;-
CCMF27C006900;BRBMEFFM0HO5;AGRIBUSINESS;-;-;-;-;-;-;-;-;-;5,55;-;-;-;-;-;-;-
CCMF27P006900;BRBMEFOV0HS4;AGRIBUSINESS;-;-;-;-;-;-;-;-;-;1,3;-;-;-;-;-;-;-
CCMH27C008050;BRBMEFFM0HP2;AGRIBUSINESS;-;-;-;-;-;-;-;-;-;1,83;-;-;-;-;-;-;-
CCMH27P008050;BRBMEFOV0HT2;AGRIBUSINESS;-;-;-;-;-;-;-;-;-;6,85;-;-;-;-;-;-;-
SJCX26C002225;BRBMEFFJMGV3;AGRIBUSINESS;-;-;-;-;-;-;-;-;-;3,15;-;-;-;-;-;-;-
SJCX26P002225;BRBMEFSJ1GV0;AGRIBUSINESS;-;-;-;-;-;-;-;-;-;0,05;-;-;-;-;-;-;-
SJCX26C002175;BRBMEFFJMGY7;AGRIBUSINESS;-;-;-;-;-;-;-;-;-;3,61;-;-;-;-;-;-;-
SJCX26P002175;BRBMEFSJ1GY4;AGRIBUSINESS;-;-;-;-;-;-;-;-;-;0,03;-;-;-;-;-;-;-
SJCN26C002325;BRBMEFFJMH50;AGRIBUSINESS;-;-;-;-;-;-;-;-;-;1,58;-;-;-;-;-;-;-
SJCN26P002325;BRBMEFSJ1H50;AGRIBUSINESS;-;-;-;-;-;-;-;-;-;0,01;-;-;-;-;-;-;-
SJCQ26C002500;BRBMEFFJMI18;AGRIBUSINESS;-;-;-;-;-;-;-;-;-;0,52;-;-;-;-;-;-;-
SJCQ26P002500;BRBMEFSJ1I18;AGRIBUSINESS;-;-;-;-;-;-;-;-;-;0,47;-;-;-;-;-;-;-
SJCU26C001800;BRBMEFFJMI26;AGRIBUSINESS;-;-;-;-;-;-;-;-;-;7,02;-;-;-;-;-;-;-
SJCU26C002500;BRBMEFFJMI34;AGRIBUSINESS;-;-;-;-;-;-;-;-;-;0,73;-;-;-;-;-;-;-
SJCU26P001800;BRBMEFSJ1I26;AGRIBUSINESS;-;-;-;-;-;-;-;-;-;0,01;-;-;-;-;-;-;-
SJCU26P002500;BRBMEFSJ1I34;AGRIBUSINESS;-;-;-;-;-;-;-;-;-;0,57;-;-;-;-;-;-;-
SJCN26C002600;BRBMEFFJMIE5;AGRIBUSINESS;-;-;-;-;-;-;-;-;-;0,01;-;-;-;-;-;-;-
SJCN26P002600;BRBMEFSJ1IE2;AGRIBUSINESS;-;-;-;-;-;-;-;-;-;1,17;-;-;-;-;-;-;-
SJCN26C002350;BRBMEFFJMIL0;AGRIBUSINESS;-;-;-;-;-;-;-;-;-;1,33;-;-;-;-;-;-;-
SJCN26P002350;BRBMEFSJ1IL7;AGRIBUSINESS;-;-;-;-;-;-;-;-;-;0,01;-;-;-;-;-;-;-
SJCN26C002500;BRBMEFFJMIR7;AGRIBUSINESS;-;-;-;-;-;-;-;-;-;0,01;-;-;-;-;-;-;-
SJCN26C002800;BRBMEFFJMIS5;AGRIBUSINESS;-;-;-;-;-;-;-;-;-;0,01;-;-;-;-;-;-;-
SJCN26P002500;BRBMEFSJ1IR4;AGRIBUSINESS;-;-;-;-;-;-;-;-;-;0,17;-;-;-;-;-;-;-
SJCN26P002800;BRBMEFSJ1IS2;AGRIBUSINESS;-;-;-;-;-;-;-;-;-;3,17;-;-;-;-;-;-;-
SJCN26C002575;BRBMEFFJMIX5;AGRIBUSINESS;-;-;-;-;-;-;-;-;-;0,01;-;-;-;-;-;-;-
SJCN26P002575;BRBMEFSJ1IX2;AGRIBUSINESS;-;-;-;-;-;-;-;-;-;0,92;-;-;-;-;-;-;-
SJCN26C002200;BRBMEFFJMJ17;AGRIBUSINESS;-;-;-;-;-;-;-;-;-;2,83;-;-;-;-;-;-;-
SJCN26C002400;BRBMEFFJMJ25;AGRIBUSINESS;-;-;-;-;-;-;-;-;-;0,83;-;-;-;-;-;-;-
SJCN26C002425;BRBMEFFJMJ33;AGRIBUSINESS;-;-;-;-;-;-;-;-;-;0,58;-;-;-;-;-;-;-
SJCN26C002725;BRBMEFFJMJ41;AGRIBUSINESS;-;-;-;-;-;-;-;-;-;0,01;-;-;-;-;-;-;-
SJCN26P002200;BRBMEFSJ1J17;AGRIBUSINESS;-;-;-;-;-;-;-;-;-;0,01;-;-;-;-;-;-;-
SJCN26P002400;BRBMEFSJ1J25;AGRIBUSINESS;-;-;-;-;-;-;-;-;-;0,01;-;-;-;-;-;-;-
SJCN26P002425;BRBMEFSJ1J33;AGRIBUSINESS;-;-;-;-;-;-;-;-;-;0,01;-;-;-;-;-;-;-
SJCN26P002725;BRBMEFSJ1J41;AGRIBUSINESS;-;-;-;-;-;-;-;-;-;2,42;-;-;-;-;-;-;-
SJCU26C002450;BRBMEFFJMJ66;AGRIBUSINESS;-;-;-;-;-;-;-;-;-;1;-;-;-;-;-;-;-
SJCU26P002450;BRBMEFSJ1J66;AGRIBUSINESS;-;-;-;-;-;-;-;-;-;0,35;-;-;-;-;-;-;-
SJCX26C002200;BRBMEFFJMJ74;AGRIBUSINESS;-;-;-;-;-;-;-;-;-;3,38;-;-;-;-;-;-;-
SJCX26C002250;BRBMEFFJMJ82;AGRIBUSINESS;-;-;-;-;-;-;-;-;-;2,93;-;-;-;-;-;-;-
SJCX26C002300;BRBMEFFJMJ90;AGRIBUSINESS;-;-;-;-;-;-;-;-;-;2,49;-;-;-;-;-;-;-
SJCX26C002350;BRBMEFFJMJA1;AGRIBUSINESS;-;-;-;-;-;-;-;-;-;2,09;-;-;-;-;-;-;-
SJCX26C002400;BRBMEFFJMJB9;AGRIBUSINESS;-;-;-;-;-;-;-;-;-;1,71;-;-;-;-;-;-;-
SJCX26C002450;BRBMEFFJMJC7;AGRIBUSINESS;-;-;-;-;-;-;-;-;-;1,39;-;-;-;-;-;-;-
SJCX26C002500;BRBMEFFJMJD5;AGRIBUSINESS;-;-;-;-;-;-;-;-;-;1,11;-;-;-;-;-;-;-
SJCX26C002550;BRBMEFFJMJE3;AGRIBUSINESS;-;-;-;-;-;-;-;-;-;0,89;-;-;-;-;-;-;-
SJCX26C002600;BRBMEFFJMJF0;AGRIBUSINESS;-;-;-;-;-;-;-;-;-;0,7;-;-;-;-;-;-;-
SJCX26C002650;BRBMEFFJMJG8;AGRIBUSINESS;-;-;-;-;-;-;-;-;-;0,55;-;-;-;-;-;-;-
SJCX26C002700;BRBMEFFJMJH6;AGRIBUSINESS;-;-;-;-;-;-;-;-;-;0,43;-;-;-;-;-;-;-
SJCX26P002200;BRBMEFSJ1J74;AGRIBUSINESS;-;-;-;-;-;-;-;-;-;0,04;-;-;-;-;-;-;-
SJCX26P002250;BRBMEFSJ1J82;AGRIBUSINESS;-;-;-;-;-;-;-;-;-;0,06;-;-;-;-;-;-;-
SJCX26P002300;BRBMEFSJ1J90;AGRIBUSINESS;-;-;-;-;-;-;-;-;-;0,11;-;-;-;-;-;-;-
SJCX26P002350;BRBMEFSJ1JA8;AGRIBUSINESS;-;-;-;-;-;-;-;-;-;0,18;-;-;-;-;-;-;-
SJCX26P002400;BRBMEFSJ1JB6;AGRIBUSINESS;-;-;-;-;-;-;-;-;-;0,29;-;-;-;-;-;-;-
SJCX26P002450;BRBMEFSJ1JC4;AGRIBUSINESS;-;-;-;-;-;-;-;-;-;0,44;-;-;-;-;-;-;-
SJCX26P002500;BRBMEFSJ1JD2;AGRIBUSINESS;-;-;-;-;-;-;-;-;-;0,64;-;-;-;-;-;-;-
SJCX26P002550;BRBMEFSJ1JE0;AGRIBUSINESS;-;-;-;-;-;-;-;-;-;0,9;-;-;-;-;-;-;-
SJCX26P002600;BRBMEFSJ1JF7;AGRIBUSINESS;-;-;-;-;-;-;-;-;-;1,19;-;-;-;-;-;-;-
SJCX26P002650;BRBMEFSJ1JG5;AGRIBUSINESS;-;-;-;-;-;-;-;-;-;1,52;-;-;-;-;-;-;-
SJCX26P002700;BRBMEFSJ1JH3;AGRIBUSINESS;-;-;-;-;-;-;-;-;-;1,87;-;-;-;-;-;-;-
SJCF27C002000;BRBMEFFJMJI4;AGRIBUSINESS;-;-;-;-;-;-;-;-;-;5,44;-;-;-;-;-;-;-
SJCF27C003000;BRBMEFFJMJJ2;AGRIBUSINESS;-;-;-;-;-;-;-;-;-;0,15;-;-;-;-;-;-;-
SJCF27P002000;BRBMEFSJ1JI1;AGRIBUSINESS;-;-;-;-;-;-;-;-;-;0,01;-;-;-;-;-;-;-
SJCF27P003000;BRBMEFSJ1JJ9;AGRIBUSINESS;-;-;-;-;-;-;-;-;-;4,09;-;-;-;-;-;-;-
SJCH27C002000;BRBMEFFJMJK0;AGRIBUSINESS;-;-;-;-;-;-;-;-;-;5,44;-;-;-;-;-;-;-
SJCH27C003000;BRBMEFFJMJL8;AGRIBUSINESS;-;-;-;-;-;-;-;-;-;0,22;-;-;-;-;-;-;-
SJCH27P002000;BRBMEFSJ1JK7;AGRIBUSINESS;-;-;-;-;-;-;-;-;-;0,01;-;-;-;-;-;-;-
SJCH27P003000;BRBMEFSJ1JL5;AGRIBUSINESS;-;-;-;-;-;-;-;-;-;3,97;-;-;-;-;-;-;-
SJCK27C002000;BRBMEFFJMJM6;AGRIBUSINESS;-;-;-;-;-;-;-;-;-;5,43;-;-;-;-;-;-;-
SJCK27C003000;BRBMEFFJMJN4;AGRIBUSINESS;-;-;-;-;-;-;-;-;-;0,3;-;-;-;-;-;-;-
SJCK27P002000;BRBMEFSJ1JM3;AGRIBUSINESS;-;-;-;-;-;-;-;-;-;0,01;-;-;-;-;-;-;-
SJCK27P003000;BRBMEFSJ1JN1;AGRIBUSINESS;-;-;-;-;-;-;-;-;-;3,86;-;-;-;-;-;-;-
SJCN26C002450;BRBMEFFJMJO2;AGRIBUSINESS;-;-;-;-;-;-;-;-;-;0,33;-;-;-;-;-;-;-
SJCN26P002450;BRBMEFSJ1JO9;AGRIBUSINESS;-;-;-;-;-;-;-;-;-;0,01;-;-;-;-;-;-;-
SJCX26C002375;BRBMEFFJMJP9;AGRIBUSINESS;-;-;-;-;-;-;-;-;-;1,9;-;-;-;-;-;-;-
SJCX26P002375;BRBMEFSJ1JP6;AGRIBUSINESS;-;-;-;-;-;-;-;-;-;0,23;-;-;-;-;-;-;-
SJCK27C002475;BRBMEFFJMJQ7;AGRIBUSINESS;-;-;-;-;-;-;-;-;-;1,73;-;-;-;-;-;-;-
SJCK27P002475;BRBMEFSJ1JQ4;AGRIBUSINESS;-;-;-;-;-;-;-;-;-;0,57;-;-;-;-;-;-;-
SJCK27C002275;BRBMEFFJMJR5;AGRIBUSINESS;-;-;-;-;-;-;-;-;-;3,09;-;-;-;-;-;-;-
SJCK27C002325;BRBMEFFJMJS3;AGRIBUSINESS;-;-;-;-;-;-;-;-;-;2,71;-;-;-;-;-;-;-
SJCK27P002275;BRBMEFSJ1JR2;AGRIBUSINESS;-;-;-;-;-;-;-;-;-;0,14;-;-;-;-;-;-;-
SJCK27P002325;BRBMEFSJ1JS0;AGRIBUSINESS;-;-;-;-;-;-;-;-;-;0,2;-;-;-;-;-;-;-
SJCH27C002300;BRBMEFFJMJT1;AGRIBUSINESS;-;-;-;-;-;-;-;-;-;2,8;-;-;-;-;-;-;-
SJCH27C002475;BRBMEFFJMJU9;AGRIBUSINESS;-;-;-;-;-;-;-;-;-;1,59;-;-;-;-;-;-;-
SJCH27C002575;BRBMEFFJMJV7;AGRIBUSINESS;-;-;-;-;-;-;-;-;-;1,1;-;-;-;-;-;-;-
SJCH27P002300;BRBMEFSJ1JT8;AGRIBUSINESS;-;-;-;-;-;-;-;-;-;0,13;-;-;-;-;-;-;-
SJCH27P002475;BRBMEFSJ1JU6;AGRIBUSINESS;-;-;-;-;-;-;-;-;-;0,52;-;-;-;-;-;-;-
SJCH27P002575;BRBMEFSJ1JV4;AGRIBUSINESS;-;-;-;-;-;-;-;-;-;0,95;-;-;-;-;-;-;-
SJCH27C002400;BRBMEFFJMJW5;AGRIBUSINESS;-;-;-;-;-;-;-;-;-;2,06;-;-;-;-;-;-;-
SJCH27C002600;BRBMEFFJMJX3;AGRIBUSINESS;-;-;-;-;-;-;-;-;-;1,01;-;-;-;-;-;-;-
SJCH27P002400;BRBMEFSJ1JW2;AGRIBUSINESS;-;-;-;-;-;-;-;-;-;0,3;-;-;-;-;-;-;-
SJCH27P002600;BRBMEFSJ1JX0;AGRIBUSINESS;-;-;-;-;-;-;-;-;-;1,08;-;-;-;-;-;-;-
SJCK27C002400;BRBMEFFJMJY1;AGRIBUSINESS;-;-;-;-;-;-;-;-;-;2,18;-;-;-;-;-;-;-
SJCK27C002600;BRBMEFFJMJZ8;AGRIBUSINESS;-;-;-;-;-;-;-;-;-;1,15;-;-;-;-;-;-;-
SJCK27P002400;BRBMEFSJ1JY8;AGRIBUSINESS;-;-;-;-;-;-;-;-;-;0,35;-;-;-;-;-;-;-
SJCK27P002600;BRBMEFSJ1JZ5;AGRIBUSINESS;-;-;-;-;-;-;-;-;-;1,12;-;-;-;-;-;-;-
SJCK27C002350;BRBMEFFJMK06;AGRIBUSINESS;-;-;-;-;-;-;-;-;-;2,52;-;-;-;-;-;-;-
SJCK27C002425;BRBMEFFJMK14;AGRIBUSINESS;-;-;-;-;-;-;-;-;-;2,02;-;-;-;-;-;-;-
SJCK27C002450;BRBMEFFJMK22;AGRIBUSINESS;-;-;-;-;-;-;-;-;-;1,87;-;-;-;-;-;-;-
SJCK27C002500;BRBMEFFJMK30;AGRIBUSINESS;-;-;-;-;-;-;-;-;-;1,6;-;-;-;-;-;-;-
SJCK27C002525;BRBMEFFJMK48;AGRIBUSINESS;-;-;-;-;-;-;-;-;-;1,47;-;-;-;-;-;-;-
SJCK27C002575;BRBMEFFJMK55;AGRIBUSINESS;-;-;-;-;-;-;-;-;-;1,25;-;-;-;-;-;-;-
SJCK27P002350;BRBMEFSJ1K06;AGRIBUSINESS;-;-;-;-;-;-;-;-;-;0,25;-;-;-;-;-;-;-
SJCK27P002425;BRBMEFSJ1K14;AGRIBUSINESS;-;-;-;-;-;-;-;-;-;0,42;-;-;-;-;-;-;-
SJCK27P002450;BRBMEFSJ1K22;AGRIBUSINESS;-;-;-;-;-;-;-;-;-;0,49;-;-;-;-;-;-;-
SJCK27P002500;BRBMEFSJ1K30;AGRIBUSINESS;-;-;-;-;-;-;-;-;-;0,67;-;-;-;-;-;-;-
SJCK27P002525;BRBMEFSJ1K48;AGRIBUSINESS;-;-;-;-;-;-;-;-;-;0,77;-;-;-;-;-;-;-
SJCK27P002575;BRBMEFSJ1K55;AGRIBUSINESS;-;-;-;-;-;-;-;-;-;0,99;-;-;-;-;-;-;-
SJCK27C002550;BRBMEFFJMK63;AGRIBUSINESS;-;-;-;-;-;-;-;-;-;1,36;-;-;-;-;-;-;-
SJCK27P002550;BRBMEFSJ1K63;AGRIBUSINESS;-;-;-;-;-;-;-;-;-;0,88;-;-;-;-;-;-;-
SJCN26C002525;BRBMEFFJMK89;AGRIBUSINESS;-;-;-;-;-;-;-;-;-;0,01;-;-;-;-;-;-;-
SJCN26C002625;BRBMEFFJMK97;AGRIBUSINESS;-;-;-;-;-;-;-;-;-;0,01;-;-;-;-;-;-;-
SJCN26C002650;BRBMEFFJMKA9;AGRIBUSINESS;-;-;-;-;-;-;-;-;-;0,01;-;-;-;-;-;-;-
SJCN26C002700;BRBMEFFJMKB7;AGRIBUSINESS;-;-;-;-;-;-;-;-;-;0,01;-;-;-;-;-;-;-
SJCN26C002750;BRBMEFFJMKC5;AGRIBUSINESS;-;-;-;-;-;-;-;-;-;0,01;-;-;-;-;-;-;-
SJCN26P002525;BRBMEFSJ1K89;AGRIBUSINESS;-;-;-;-;-;-;-;-;-;0,42;-;-;-;-;-;-;-
SJCN26P002625;BRBMEFSJ1K97;AGRIBUSINESS;-;-;-;-;-;-;-;-;-;1,42;-;-;-;-;-;-;-
SJCN26P002650;BRBMEFSJ1KA6;AGRIBUSINESS;-;-;-;-;-;-;-;-;-;1,67;-;-;-;-;-;-;-
SJCN26P002700;BRBMEFSJ1KB4;AGRIBUSINESS;-;-;-;-;-;-;-;-;-;2,17;-;-;-;-;-;-;-
SJCN26P002750;BRBMEFSJ1KC2;AGRIBUSINESS;-;-;-;-;-;-;-;-;-;2,67;-;-;-;-;-;-;-
SJCN26C002775;BRBMEFFJMKD3;AGRIBUSINESS;-;-;-;-;-;-;-;-;-;0,01;-;-;-;-;-;-;-
SJCN26P002775;BRBMEFSJ1KD0;AGRIBUSINESS;-;-;-;-;-;-;-;-;-;2,92;-;-;-;-;-;-;-
SJCN26C002550;BRBMEFFJMKE1;AGRIBUSINESS;-;-;-;-;-;-;-;-;-;0,01;-;-;-;-;-;-;-
SJCN26P002550;BRBMEFSJ1KE8;AGRIBUSINESS;-;-;-;-;-;-;-;-;-;0,67;-;-;-;-;-;-;-
SJCN26C003000;BRBMEFFJMKF8;AGRIBUSINESS;-;-;-;-;-;-;-;-;-;0,01;-;-;-;-;-;-;-
SJCN26P003000;BRBMEFSJ1KF5;AGRIBUSINESS;-;-;-;-;-;-;-;-;-;5,17;-;-;-;-;-;-;-
SJCH27C002375;BRBMEFFJMKG6;AGRIBUSINESS;-;-;-;-;-;-;-;-;-;2,24;-;-;-;-;-;-;-
SJCH27C002450;BRBMEFFJMKH4;AGRIBUSINESS;-;-;-;-;-;-;-;-;-;1,74;-;-;-;-;-;-;-
SJCH27C002500;BRBMEFFJMKI2;AGRIBUSINESS;-;-;-;-;-;-;-;-;-;1,45;-;-;-;-;-;-;-
SJCH27C002525;BRBMEFFJMKJ0;AGRIBUSINESS;-;-;-;-;-;-;-;-;-;1,33;-;-;-;-;-;-;-
SJCH27C002550;BRBMEFFJMKK8;AGRIBUSINESS;-;-;-;-;-;-;-;-;-;1,21;-;-;-;-;-;-;-
SJCH27P002375;BRBMEFSJ1KG3;AGRIBUSINESS;-;-;-;-;-;-;-;-;-;0,25;-;-;-;-;-;-;-
SJCH27P002450;BRBMEFSJ1KH1;AGRIBUSINESS;-;-;-;-;-;-;-;-;-;0,44;-;-;-;-;-;-;-
SJCH27P002500;BRBMEFSJ1KI9;AGRIBUSINESS;-;-;-;-;-;-;-;-;-;0,61;-;-;-;-;-;-;-
SJCH27P002525;BRBMEFSJ1KJ7;AGRIBUSINESS;-;-;-;-;-;-;-;-;-;0,72;-;-;-;-;-;-;-
SJCH27P002550;BRBMEFSJ1KK5;AGRIBUSINESS;-;-;-;-;-;-;-;-;-;0,83;-;-;-;-;-;-;-
SJCQ26C002650;BRBMEFFJMKL6;AGRIBUSINESS;-;-;-;-;-;-;-;-;-;0,12;-;-;-;-;-;-;-
SJCQ26P002650;BRBMEFSJ1KL3;AGRIBUSINESS;-;-;-;-;-;-;-;-;-;1,55;-;-;-;-;-;-;-
SJCN26C002300;BRBMEFFJMKM4;AGRIBUSINESS;-;-;-;-;-;-;-;-;-;1,83;-;-;-;-;-;-;-
SJCN26P002300;BRBMEFSJ1KM1;AGRIBUSINESS;-;-;-;-;-;-;-;-;-;0,01;-;-;-;-;-;-;-
SJCH27C002350;BRBMEFFJMKN2;AGRIBUSINESS;-;-;-;-;-;-;-;-;-;2,42;-;-;-;-;-;-;-
SJCH27C002700;BRBMEFFJMKO0;AGRIBUSINESS;-;-;-;-;-;-;-;-;-;0,69;-;-;-;-;-;-;-
SJCH27P002350;BRBMEFSJ1KN9;AGRIBUSINESS;-;-;-;-;-;-;-;-;-;0,2;-;-;-;-;-;-;-
SJCH27P002700;BRBMEFSJ1KO7;AGRIBUSINESS;-;-;-;-;-;-;-;-;-;1,68;-;-;-;-;-;-;-
SJCQ26C002675;BRBMEFFJMKR3;AGRIBUSINESS;-;-;-;-;-;-;-;-;-;0,1;-;-;-;-;-;-;-
SJCQ26C002700;BRBMEFFJMKS1;AGRIBUSINESS;-;-;-;-;-;-;-;-;-;0,08;-;-;-;-;-;-;-
SJCQ26P002675;BRBMEFSJ1KR0;AGRIBUSINESS;-;-;-;-;-;-;-;-;-;1,77;-;-;-;-;-;-;-
SJCQ26P002700;BRBMEFSJ1KS8;AGRIBUSINESS;-;-;-;-;-;-;-;-;-;2;-;-;-;-;-;-;-
SJCU26C002550;BRBMEFFJMKP7;AGRIBUSINESS;-;-;-;-;-;-;-;-;-;0,53;-;-;-;-;-;-;-
SJCU26C002575;BRBMEFFJMKQ5;AGRIBUSINESS;-;-;-;-;-;-;-;-;-;0,44;-;-;-;-;-;-;-
SJCU26P002550;BRBMEFSJ1KP4;AGRIBUSINESS;-;-;-;-;-;-;-;-;-;0,85;-;-;-;-;-;-;-
SJCU26P002575;BRBMEFSJ1KQ2;AGRIBUSINESS;-;-;-;-;-;-;-;-;-;1,02;-;-;-;-;-;-;-
SJCN26C002475;BRBMEFFJMKT9;AGRIBUSINESS;-;-;-;-;-;-;-;-;-;0,08;-;-;-;-;-;-;-
SJCN26P002475;BRBMEFSJ1KT6;AGRIBUSINESS;-;-;-;-;-;-;-;-;-;0,01;-;-;-;-;-;-;-
SJCQ26C002525;BRBMEFFJMKU7;AGRIBUSINESS;-;-;-;-;-;-;-;-;-;0,42;-;-;-;-;-;-;-
SJCQ26P002525;BRBMEFSJ1KU4;AGRIBUSINESS;-;-;-;-;-;-;-;-;-;0,61;-;-;-;-;-;-;-
SJCQ26C002400;BRBMEFFJMKV5;AGRIBUSINESS;-;-;-;-;-;-;-;-;-;1,16;-;-;-;-;-;-;-
SJCQ26C002750;BRBMEFFJMKW3;AGRIBUSINESS;-;-;-;-;-;-;-;-;-;0,05;-;-;-;-;-;-;-
SJCQ26P002400;BRBMEFSJ1KV2;AGRIBUSINESS;-;-;-;-;-;-;-;-;-;0,11;-;-;-;-;-;-;-
SJCQ26P002750;BRBMEFSJ1KW0;AGRIBUSINESS;-;-;-;-;-;-;-;-;-;2,47;-;-;-;-;-;-;-
SJCQ26C002550;BRBMEFFJMKX1;AGRIBUSINESS;-;-;-;-;-;-;-;-;-;0,33;-;-;-;-;-;-;-
SJCQ26C002575;BRBMEFFJMKY9;AGRIBUSINESS;-;-;-;-;-;-;-;-;-;0,26;-;-;-;-;-;-;-
SJCQ26C002600;BRBMEFFJMKZ6;AGRIBUSINESS;-;-;-;-;-;-;-;-;-;0,2;-;-;-;-;-;-;-
SJCQ26C002625;BRBMEFFJML05;AGRIBUSINESS;-;-;-;-;-;-;-;-;-;0,16;-;-;-;-;-;-;-
SJCQ26C002725;BRBMEFFJML13;AGRIBUSINESS;-;-;-;-;-;-;-;-;-;0,06;-;-;-;-;-;-;-
SJCQ26C002775;BRBMEFFJML21;AGRIBUSINESS;-;-;-;-;-;-;-;-;-;0,04;-;-;-;-;-;-;-
SJCQ26C002800;BRBMEFFJML39;AGRIBUSINESS;-;-;-;-;-;-;-;-;-;0,03;-;-;-;-;-;-;-
SJCQ26C002825;BRBMEFFJML47;AGRIBUSINESS;-;-;-;-;-;-;-;-;-;0,02;-;-;-;-;-;-;-
SJCQ26C002850;BRBMEFFJML54;AGRIBUSINESS;-;-;-;-;-;-;-;-;-;0,02;-;-;-;-;-;-;-
SJCQ26C002875;BRBMEFFJML62;AGRIBUSINESS;-;-;-;-;-;-;-;-;-;0,01;-;-;-;-;-;-;-
SJCQ26C002900;BRBMEFFJML70;AGRIBUSINESS;-;-;-;-;-;-;-;-;-;0,01;-;-;-;-;-;-;-
SJCQ26P002550;BRBMEFSJ1KX8;AGRIBUSINESS;-;-;-;-;-;-;-;-;-;0,77;-;-;-;-;-;-;-
SJCQ26P002575;BRBMEFSJ1KY6;AGRIBUSINESS;-;-;-;-;-;-;-;-;-;0,95;-;-;-;-;-;-;-
SJCQ26P002600;BRBMEFSJ1KZ3;AGRIBUSINESS;-;-;-;-;-;-;-;-;-;1,14;-;-;-;-;-;-;-
SJCQ26P002625;BRBMEFSJ1L05;AGRIBUSINESS;-;-;-;-;-;-;-;-;-;1,34;-;-;-;-;-;-;-
SJCQ26P002725;BRBMEFSJ1L13;AGRIBUSINESS;-;-;-;-;-;-;-;-;-;2,23;-;-;-;-;-;-;-
SJCQ26P002775;BRBMEFSJ1L21;AGRIBUSINESS;-;-;-;-;-;-;-;-;-;2,71;-;-;-;-;-;-;-
SJCQ26P002800;BRBMEFSJ1L39;AGRIBUSINESS;-;-;-;-;-;-;-;-;-;2,95;-;-;-;-;-;-;-
SJCQ26P002825;BRBMEFSJ1L47;AGRIBUSINESS;-;-;-;-;-;-;-;-;-;3,18;-;-;-;-;-;-;-
SJCQ26P002850;BRBMEFSJ1L54;AGRIBUSINESS;-;-;-;-;-;-;-;-;-;3,42;-;-;-;-;-;-;-
SJCQ26P002875;BRBMEFSJ1L62;AGRIBUSINESS;-;-;-;-;-;-;-;-;-;3,67;-;-;-;-;-;-;-
SJCQ26P002900;BRBMEFSJ1L70;AGRIBUSINESS;-;-;-;-;-;-;-;-;-;3,91;-;-;-;-;-;-;-
SJCN26C002375;BRBMEFFJML88;AGRIBUSINESS;-;-;-;-;-;-;-;-;-;1,08;-;-;-;-;-;-;-
SJCN26P002375;BRBMEFSJ1L88;AGRIBUSINESS;-;-;-;-;-;-;-;-;-;0,01;-;-;-;-;-;-;-
SJCK27C002300;BRBMEFFJML96;AGRIBUSINESS;-;-;-;-;-;-;-;-;-;2,89;-;-;-;-;-;-;-
SJCK27C002675;BRBMEFFJMLA7;AGRIBUSINESS;-;-;-;-;-;-;-;-;-;0,9;-;-;-;-;-;-;-
SJCK27P002300;BRBMEFSJ1L96;AGRIBUSINESS;-;-;-;-;-;-;-;-;-;0,17;-;-;-;-;-;-;-
SJCK27P002675;BRBMEFSJ1LA4;AGRIBUSINESS;-;-;-;-;-;-;-;-;-;1,54;-;-;-;-;-;-;-
SJCH27C002650;BRBMEFFJMLB5;AGRIBUSINESS;-;-;-;-;-;-;-;-;-;0,83;-;-;-;-;-;-;-
SJCH27C002800;BRBMEFFJMLC3;AGRIBUSINESS;-;-;-;-;-;-;-;-;-;0,47;-;-;-;-;-;-;-
SJCH27P002650;BRBMEFSJ1LB2;AGRIBUSINESS;-;-;-;-;-;-;-;-;-;1,37;-;-;-;-;-;-;-
SJCH27P002800;BRBMEFSJ1LC0;AGRIBUSINESS;-;-;-;-;-;-;-;-;-;2,38;-;-;-;-;-;-;-
SJCU26C002525;BRBMEFFJMLD1;AGRIBUSINESS;-;-;-;-;-;-;-;-;-;0,62;-;-;-;-;-;-;-
SJCU26C002600;BRBMEFFJMLE9;AGRIBUSINESS;-;-;-;-;-;-;-;-;-;0,37;-;-;-;-;-;-;-
SJCU26C002625;BRBMEFFJMLF6;AGRIBUSINESS;-;-;-;-;-;-;-;-;-;0,31;-;-;-;-;-;-;-
SJCU26C002650;BRBMEFFJMLG4;AGRIBUSINESS;-;-;-;-;-;-;-;-;-;0,26;-;-;-;-;-;-;-
SJCU26C002675;BRBMEFFJMLH2;AGRIBUSINESS;-;-;-;-;-;-;-;-;-;0,22;-;-;-;-;-;-;-
SJCU26C002700;BRBMEFFJMLI0;AGRIBUSINESS;-;-;-;-;-;-;-;-;-;0,18;-;-;-;-;-;-;-
SJCU26C002725;BRBMEFFJMLJ8;AGRIBUSINESS;-;-;-;-;-;-;-;-;-;0,15;-;-;-;-;-;-;-
SJCU26C002750;BRBMEFFJMLK6;AGRIBUSINESS;-;-;-;-;-;-;-;-;-;0,13;-;-;-;-;-;-;-
SJCU26C002775;BRBMEFFJMLL4;AGRIBUSINESS;-;-;-;-;-;-;-;-;-;0,11;-;-;-;-;-;-;-
SJCU26C002800;BRBMEFFJMLM2;AGRIBUSINESS;-;-;-;-;-;-;-;-;-;0,09;-;-;-;-;-;-;-
SJCU26C002825;BRBMEFFJMLN0;AGRIBUSINESS;-;-;-;-;-;-;-;-;-;0,08;-;-;-;-;-;-;-
SJCU26C002850;BRBMEFFJMLO8;AGRIBUSINESS;-;-;-;-;-;-;-;-;-;0,07;-;-;-;-;-;-;-
SJCU26C002875;BRBMEFFJMLP5;AGRIBUSINESS;-;-;-;-;-;-;-;-;-;0,06;-;-;-;-;-;-;-
SJCU26C002900;BRBMEFFJMLQ3;AGRIBUSINESS;-;-;-;-;-;-;-;-;-;0,05;-;-;-;-;-;-;-
SJCU26P002525;BRBMEFSJ1LD8;AGRIBUSINESS;-;-;-;-;-;-;-;-;-;0,71;-;-;-;-;-;-;-
SJCU26P002600;BRBMEFSJ1LE6;AGRIBUSINESS;-;-;-;-;-;-;-;-;-;1,19;-;-;-;-;-;-;-
SJCU26P002625;BRBMEFSJ1LF3;AGRIBUSINESS;-;-;-;-;-;-;-;-;-;1,38;-;-;-;-;-;-;-
SJCU26P002650;BRBMEFSJ1LG1;AGRIBUSINESS;-;-;-;-;-;-;-;-;-;1,57;-;-;-;-;-;-;-
SJCU26P002675;BRBMEFSJ1LH9;AGRIBUSINESS;-;-;-;-;-;-;-;-;-;1,77;-;-;-;-;-;-;-
SJCU26P002700;BRBMEFSJ1LI7;AGRIBUSINESS;-;-;-;-;-;-;-;-;-;1,98;-;-;-;-;-;-;-
SJCU26P002725;BRBMEFSJ1LJ5;AGRIBUSINESS;-;-;-;-;-;-;-;-;-;2,2;-;-;-;-;-;-;-
SJCU26P002750;BRBMEFSJ1LK3;AGRIBUSINESS;-;-;-;-;-;-;-;-;-;2,42;-;-;-;-;-;-;-
SJCU26P002775;BRBMEFSJ1LL1;AGRIBUSINESS;-;-;-;-;-;-;-;-;-;2,64;-;-;-;-;-;-;-
SJCU26P002800;BRBMEFSJ1LM9;AGRIBUSINESS;-;-;-;-;-;-;-;-;-;2,87;-;-;-;-;-;-;-
SJCU26P002825;BRBMEFSJ1LN7;AGRIBUSINESS;-;-;-;-;-;-;-;-;-;3,1;-;-;-;-;-;-;-
SJCU26P002850;BRBMEFSJ1LO5;AGRIBUSINESS;-;-;-;-;-;-;-;-;-;3,33;-;-;-;-;-;-;-
SJCU26P002875;BRBMEFSJ1LP2;AGRIBUSINESS;-;-;-;-;-;-;-;-;-;3,57;-;-;-;-;-;-;-
SJCU26P002900;BRBMEFSJ1LQ0;AGRIBUSINESS;-;-;-;-;-;-;-;-;-;3,8;-;-;-;-;-;-;-
SJCX26C002525;BRBMEFFJMLR1;AGRIBUSINESS;-;-;-;-;-;-;-;-;-;0,99;-;-;-;-;-;-;-
SJCX26C002575;BRBMEFFJMLS9;AGRIBUSINESS;-;-;-;-;-;-;-;-;-;0,79;-;-;-;-;-;-;-
SJCX26C002625;BRBMEFFJMLT7;AGRIBUSINESS;-;-;-;-;-;-;-;-;-;0,62;-;-;-;-;-;-;-
SJCX26C002675;BRBMEFFJMLU5;AGRIBUSINESS;-;-;-;-;-;-;-;-;-;0,49;-;-;-;-;-;-;-
SJCX26C002725;BRBMEFFJMLV3;AGRIBUSINESS;-;-;-;-;-;-;-;-;-;0,38;-;-;-;-;-;-;-
SJCX26C002750;BRBMEFFJMLW1;AGRIBUSINESS;-;-;-;-;-;-;-;-;-;0,33;-;-;-;-;-;-;-
SJCX26C002775;BRBMEFFJMLX9;AGRIBUSINESS;-;-;-;-;-;-;-;-;-;0,3;-;-;-;-;-;-;-
SJCX26C002800;BRBMEFFJMLY7;AGRIBUSINESS;-;-;-;-;-;-;-;-;-;0,26;-;-;-;-;-;-;-
SJCX26C002825;BRBMEFFJMLZ4;AGRIBUSINESS;-;-;-;-;-;-;-;-;-;0,23;-;-;-;-;-;-;-
SJCX26C002850;BRBMEFFJMM04;AGRIBUSINESS;-;-;-;-;-;-;-;-;-;0,21;-;-;-;-;-;-;-
SJCX26C002875;BRBMEFFJMM12;AGRIBUSINESS;-;-;-;-;-;-;-;-;-;0,18;-;-;-;-;-;-;-
SJCX26C002900;BRBMEFFJMM20;AGRIBUSINESS;-;-;-;-;-;-;-;-;-;0,16;-;-;-;-;-;-;-
SJCX26P002525;BRBMEFSJ1LR8;AGRIBUSINESS;-;-;-;-;-;-;-;-;-;0,76;-;-;-;-;-;-;-
SJCX26P002575;BRBMEFSJ1LS6;AGRIBUSINESS;-;-;-;-;-;-;-;-;-;1,04;-;-;-;-;-;-;-
SJCX26P002625;BRBMEFSJ1LT4;AGRIBUSINESS;-;-;-;-;-;-;-;-;-;1,35;-;-;-;-;-;-;-
SJCX26P002675;BRBMEFSJ1LU2;AGRIBUSINESS;-;-;-;-;-;-;-;-;-;1,69;-;-;-;-;-;-;-
SJCX26P002725;BRBMEFSJ1LV0;AGRIBUSINESS;-;-;-;-;-;-;-;-;-;2,06;-;-;-;-;-;-;-
SJCX26P002750;BRBMEFSJ1LW8;AGRIBUSINESS;-;-;-;-;-;-;-;-;-;2,26;-;-;-;-;-;-;-
SJCX26P002775;BRBMEFSJ1LX6;AGRIBUSINESS;-;-;-;-;-;-;-;-;-;2,46;-;-;-;-;-;-;-
SJCX26P002800;BRBMEFSJ1LY4;AGRIBUSINESS;-;-;-;-;-;-;-;-;-;2,67;-;-;-;-;-;-;-
SJCX26P002825;BRBMEFSJ1LZ1;AGRIBUSINESS;-;-;-;-;-;-;-;-;-;2,87;-;-;-;-;-;-;-
SJCX26P002850;BRBMEFSJ1M04;AGRIBUSINESS;-;-;-;-;-;-;-;-;-;3,09;-;-;-;-;-;-;-
SJCX26P002875;BRBMEFSJ1M12;AGRIBUSINESS;-;-;-;-;-;-;-;-;-;3,3;-;-;-;-;-;-;-
SJCX26P002900;BRBMEFSJ1M20;AGRIBUSINESS;-;-;-;-;-;-;-;-;-;3,52;-;-;-;-;-;-;-
SJCH27C002625;BRBMEFFJMM38;AGRIBUSINESS;-;-;-;-;-;-;-;-;-;0,92;-;-;-;-;-;-;-
SJCH27P002625;BRBMEFSJ1M38;AGRIBUSINESS;-;-;-;-;-;-;-;-;-;1,22;-;-;-;-;-;-;-
SJCU26C002150;BRBMEFFJMM46;AGRIBUSINESS;-;-;-;-;-;-;-;-;-;3,59;-;-;-;-;-;-;-
SJCU26P002150;BRBMEFSJ1M46;AGRIBUSINESS;-;-;-;-;-;-;-;-;-;0,01;-;-;-;-;-;-;-
SJCN26C002675;BRBMEFFJMM53;AGRIBUSINESS;-;-;-;-;-;-;-;-;-;0,01;-;-;-;-;-;-;-
SJCN26P002675;BRBMEFSJ1M53;AGRIBUSINESS;-;-;-;-;-;-;-;-;-;1,92;-;-;-;-;-;-;-
SJCK27C002700;BRBMEFFJMM61;AGRIBUSINESS;-;-;-;-;-;-;-;-;-;0,82;-;-;-;-;-;-;-
SJCK27P002700;BRBMEFSJ1M61;AGRIBUSINESS;-;-;-;-;-;-;-;-;-;1,69;-;-;-;-;-;-;-
SJCK27C002650;BRBMEFFJMM79;AGRIBUSINESS;-;-;-;-;-;-;-;-;-;0,98;-;-;-;-;-;-;-
SJCK27P002650;BRBMEFSJ1M79;AGRIBUSINESS;-;-;-;-;-;-;-;-;-;1,39;-;-;-;-;-;-;-
SJCK27C002725;BRBMEFFJMM87;AGRIBUSINESS;-;-;-;-;-;-;-;-;-;0,76;-;-;-;-;-;-;-
SJCK27C002750;BRBMEFFJMM95;AGRIBUSINESS;-;-;-;-;-;-;-;-;-;0,7;-;-;-;-;-;-;-
SJCK27C002775;BRBMEFFJMMA5;AGRIBUSINESS;-;-;-;-;-;-;-;-;-;0,64;-;-;-;-;-;-;-
SJCK27C002800;BRBMEFFJMMB3;AGRIBUSINESS;-;-;-;-;-;-;-;-;-;0,59;-;-;-;-;-;-;-
SJCK27C002825;BRBMEFFJMMC1;AGRIBUSINESS;-;-;-;-;-;-;-;-;-;0,54;-;-;-;-;-;-;-
SJCK27C002850;BRBMEFFJMMD9;AGRIBUSINESS;-;-;-;-;-;-;-;-;-;0,5;-;-;-;-;-;-;-
SJCK27P002725;BRBMEFSJ1M87;AGRIBUSINESS;-;-;-;-;-;-;-;-;-;1,85;-;-;-;-;-;-;-
SJCK27P002750;BRBMEFSJ1M95;AGRIBUSINESS;-;-;-;-;-;-;-;-;-;2,01;-;-;-;-;-;-;-
SJCK27P002775;BRBMEFSJ1MA2;AGRIBUSINESS;-;-;-;-;-;-;-;-;-;2,18;-;-;-;-;-;-;-
SJCK27P002800;BRBMEFSJ1MB0;AGRIBUSINESS;-;-;-;-;-;-;-;-;-;2,35;-;-;-;-;-;-;-
SJCK27P002825;BRBMEFSJ1MC8;AGRIBUSINESS;-;-;-;-;-;-;-;-;-;2,53;-;-;-;-;-;-;-
SJCK27P002850;BRBMEFSJ1MD6;AGRIBUSINESS;-;-;-;-;-;-;-;-;-;2,71;-;-;-;-;-;-;-
SJCN27C002300;BRBMEFFJMME7;AGRIBUSINESS;-;-;-;-;-;-;-;-;-;2,98;-;-;-;-;-;-;-
SJCN27C002325;BRBMEFFJMMF4;AGRIBUSINESS;-;-;-;-;-;-;-;-;-;2,8;-;-;-;-;-;-;-
SJCN27C002350;BRBMEFFJMMG2;AGRIBUSINESS;-;-;-;-;-;-;-;-;-;2,63;-;-;-;-;-;-;-
SJCN27C002375;BRBMEFFJMMH0;AGRIBUSINESS;-;-;-;-;-;-;-;-;-;2,46;-;-;-;-;-;-;-
SJCN27C002400;BRBMEFFJMMI8;AGRIBUSINESS;-;-;-;-;-;-;-;-;-;2,3;-;-;-;-;-;-;-
SJCN27C002425;BRBMEFFJMMJ6;AGRIBUSINESS;-;-;-;-;-;-;-;-;-;2,15;-;-;-;-;-;-;-
SJCN27C002450;BRBMEFFJMMK4;AGRIBUSINESS;-;-;-;-;-;-;-;-;-;2;-;-;-;-;-;-;-
SJCN27C002475;BRBMEFFJMML2;AGRIBUSINESS;-;-;-;-;-;-;-;-;-;1,87;-;-;-;-;-;-;-
SJCN27C002500;BRBMEFFJMMM0;AGRIBUSINESS;-;-;-;-;-;-;-;-;-;1,74;-;-;-;-;-;-;-
SJCN27C002525;BRBMEFFJMMN8;AGRIBUSINESS;-;-;-;-;-;-;-;-;-;1,62;-;-;-;-;-;-;-
SJCN27C002550;BRBMEFFJMMO6;AGRIBUSINESS;-;-;-;-;-;-;-;-;-;1,51;-;-;-;-;-;-;-
SJCN27C002575;BRBMEFFJMMP3;AGRIBUSINESS;-;-;-;-;-;-;-;-;-;1,4;-;-;-;-;-;-;-
SJCN27C002600;BRBMEFFJMMQ1;AGRIBUSINESS;-;-;-;-;-;-;-;-;-;1,3;-;-;-;-;-;-;-
SJCN27C002625;BRBMEFFJMMR9;AGRIBUSINESS;-;-;-;-;-;-;-;-;-;1,21;-;-;-;-;-;-;-
SJCN27C002650;BRBMEFFJMMS7;AGRIBUSINESS;-;-;-;-;-;-;-;-;-;1,12;-;-;-;-;-;-;-
SJCN27C002675;BRBMEFFJMMT5;AGRIBUSINESS;-;-;-;-;-;-;-;-;-;1,04;-;-;-;-;-;-;-
SJCN27C002700;BRBMEFFJMMU3;AGRIBUSINESS;-;-;-;-;-;-;-;-;-;0,97;-;-;-;-;-;-;-
SJCN27C002725;BRBMEFFJMMV1;AGRIBUSINESS;-;-;-;-;-;-;-;-;-;0,9;-;-;-;-;-;-;-
SJCN27C002750;BRBMEFFJMMW9;AGRIBUSINESS;-;-;-;-;-;-;-;-;-;0,83;-;-;-;-;-;-;-
SJCN27C002775;BRBMEFFJMMX7;AGRIBUSINESS;-;-;-;-;-;-;-;-;-;0,77;-;-;-;-;-;-;-
SJCN27C002800;BRBMEFFJMMY5;AGRIBUSINESS;-;-;-;-;-;-;-;-;-;0,71;-;-;-;-;-;-;-
SJCN27C002825;BRBMEFFJMMZ2;AGRIBUSINESS;-;-;-;-;-;-;-;-;-;0,66;-;-;-;-;-;-;-
SJCN27C002850;BRBMEFFJMN03;AGRIBUSINESS;-;-;-;-;-;-;-;-;-;0,61;-;-;-;-;-;-;-
SJCN27C002875;BRBMEFFJMN11;AGRIBUSINESS;-;-;-;-;-;-;-;-;-;0,57;-;-;-;-;-;-;-
SJCN27C002900;BRBMEFFJMN29;AGRIBUSINESS;-;-;-;-;-;-;-;-;-;0,53;-;-;-;-;-;-;-
SJCN27P002300;BRBMEFSJ1ME4;AGRIBUSINESS;-;-;-;-;-;-;-;-;-;0,21;-;-;-;-;-;-;-
SJCN27P002325;BRBMEFSJ1MF1;AGRIBUSINESS;-;-;-;-;-;-;-;-;-;0,25;-;-;-;-;-;-;-
SJCN27P002350;BRBMEFSJ1MG9;AGRIBUSINESS;-;-;-;-;-;-;-;-;-;0,3;-;-;-;-;-;-;-
SJCN27P002375;BRBMEFSJ1MH7;AGRIBUSINESS;-;-;-;-;-;-;-;-;-;0,35;-;-;-;-;-;-;-
SJCN27P002400;BRBMEFSJ1MI5;AGRIBUSINESS;-;-;-;-;-;-;-;-;-;0,41;-;-;-;-;-;-;-
SJCN27P002425;BRBMEFSJ1MJ3;AGRIBUSINESS;-;-;-;-;-;-;-;-;-;0,47;-;-;-;-;-;-;-
SJCN27P002450;BRBMEFSJ1MK1;AGRIBUSINESS;-;-;-;-;-;-;-;-;-;0,55;-;-;-;-;-;-;-
SJCN27P002475;BRBMEFSJ1ML9;AGRIBUSINESS;-;-;-;-;-;-;-;-;-;0,63;-;-;-;-;-;-;-
SJCN27P002500;BRBMEFSJ1MM7;AGRIBUSINESS;-;-;-;-;-;-;-;-;-;0,72;-;-;-;-;-;-;-
SJCN27P002525;BRBMEFSJ1MN5;AGRIBUSINESS;-;-;-;-;-;-;-;-;-;0,82;-;-;-;-;-;-;-
SJCN27P002550;BRBMEFSJ1MO3;AGRIBUSINESS;-;-;-;-;-;-;-;-;-;0,93;-;-;-;-;-;-;-
SJCN27P002575;BRBMEFSJ1MP0;AGRIBUSINESS;-;-;-;-;-;-;-;-;-;1,04;-;-;-;-;-;-;-
SJCN27P002600;BRBMEFSJ1MQ8;AGRIBUSINESS;-;-;-;-;-;-;-;-;-;1,16;-;-;-;-;-;-;-
SJCN27P002625;BRBMEFSJ1MR6;AGRIBUSINESS;-;-;-;-;-;-;-;-;-;1,29;-;-;-;-;-;-;-
SJCN27P002650;BRBMEFSJ1MS4;AGRIBUSINESS;-;-;-;-;-;-;-;-;-;1,42;-;-;-;-;-;-;-
SJCN27P002675;BRBMEFSJ1MT2;AGRIBUSINESS;-;-;-;-;-;-;-;-;-;1,56;-;-;-;-;-;-;-
SJCN27P002700;BRBMEFSJ1MU0;AGRIBUSINESS;-;-;-;-;-;-;-;-;-;1,7;-;-;-;-;-;-;-
SJCN27P002725;BRBMEFSJ1MV8;AGRIBUSINESS;-;-;-;-;-;-;-;-;-;1,85;-;-;-;-;-;-;-
SJCN27P002750;BRBMEFSJ1MW6;AGRIBUSINESS;-;-;-;-;-;-;-;-;-;2,01;-;-;-;-;-;-;-
SJCN27P002775;BRBMEFSJ1MX4;AGRIBUSINESS;-;-;-;-;-;-;-;-;-;2,17;-;-;-;-;-;-;-
SJCN27P002800;BRBMEFSJ1MY2;AGRIBUSINESS;-;-;-;-;-;-;-;-;-;2,33;-;-;-;-;-;-;-
SJCN27P002825;BRBMEFSJ1MZ9;AGRIBUSINESS;-;-;-;-;-;-;-;-;-;2,5;-;-;-;-;-;-;-
SJCN27P002850;BRBMEFSJ1N03;AGRIBUSINESS;-;-;-;-;-;-;-;-;-;2,67;-;-;-;-;-;-;-
SJCN27P002875;BRBMEFSJ1N11;AGRIBUSINESS;-;-;-;-;-;-;-;-;-;2,84;-;-;-;-;-;-;-
SJCN27P002900;BRBMEFSJ1N29;AGRIBUSINESS;-;-;-;-;-;-;-;-;-;3,02;-;-;-;-;-;-;-
SJCF27C002350;BRBMEFFJMN37;AGRIBUSINESS;-;-;-;-;-;-;-;-;-;2,32;-;-;-;-;-;-;-
SJCF27C002550;BRBMEFFJMN45;AGRIBUSINESS;-;-;-;-;-;-;-;-;-;1,08;-;-;-;-;-;-;-
SJCF27C002650;BRBMEFFJMN52;AGRIBUSINESS;-;-;-;-;-;-;-;-;-;0,7;-;-;-;-;-;-;-
SJCF27P002350;BRBMEFSJ1N37;AGRIBUSINESS;-;-;-;-;-;-;-;-;-;0,16;-;-;-;-;-;-;-
SJCF27P002550;BRBMEFSJ1N45;AGRIBUSINESS;-;-;-;-;-;-;-;-;-;0,79;-;-;-;-;-;-;-
SJCF27P002650;BRBMEFSJ1N52;AGRIBUSINESS;-;-;-;-;-;-;-;-;-;1,36;-;-;-;-;-;-;-
DOLN26P007000;BRBMEFVDR5C5;FINANCIAL;-;-;-;-;-;-;-;-;-;1823,424;-;-;-;-;-;-;-
DOLN26C007000;BRBMEFCD65C6;FINANCIAL;-;-;-;-;-;-;-;-;-;0,001;-;-;-;-;-;-;-
DOLN26P006500;BRBMEFVDR597;FINANCIAL;-;-;-;-;-;-;-;-;-;1324,212;-;-;-;-;-;-;-
DOLN26C006500;BRBMEFCD6598;FINANCIAL;-;-;-;-;-;-;-;-;-;0,001;-;-;-;-;-;-;-
DOLN26P006000;BRBMEFVDR589;FINANCIAL;-;-;-;-;-;-;-;-;-;824,999;-;-;-;-;-;-;-
DOLN26C006000;BRBMEFCD6580;FINANCIAL;-;-;-;-;-;-;-;-;-;0,001;-;-;-;-;-;-;-
DOLN26P004800;BRBMEFVDR571;FINANCIAL;-;-;-;-;-;-;-;-;-;0,001;-;-;-;-;-;-;-
DOLN26C004800;BRBMEFCD6572;FINANCIAL;-;-;-;-;-;-;-;-;-;373,112;-;-;-;-;-;-;-
DOLN26P004500;BRBMEFVDR563;FINANCIAL;-;-;-;-;-;-;-;-;-;0,001;-;-;-;-;-;-;-
DOLN26C004500;BRBMEFCD6564;FINANCIAL;-;-;-;-;-;-;-;-;-;672,639;-;-;-;-;-;-;-
DOLF27P007000;BRBMEFDE19N6;FINANCIAL;-;-;-;-;-;-;-;-;-;1519,7;-;-;-;-;-;-;-
DOLF27C007000;BRBMEFCE1AH5;FINANCIAL;-;-;-;-;-;-;-;-;-;9,065;-;-;-;-;-;-;-
DOLF27P006500;BRBMEFDE19M8;FINANCIAL;-;-;-;-;-;-;-;-;-;1070,47;-;-;-;-;-;-;-
DOLF27C006500;BRBMEFCE1AG7;FINANCIAL;-;-;-;-;-;-;-;-;-;27,03;-;-;-;-;-;-;-
DOLF27P006000;BRBMEFDE19L0;FINANCIAL;-;-;-;-;-;-;-;-;-;643,213;-;-;-;-;-;-;-
DOLF27C006000;BRBMEFCE1AF9;FINANCIAL;-;-;-;-;-;-;-;-;-;66,969;-;-;-;-;-;-;-
DOLF27P004800;BRBMEFDE19K2;FINANCIAL;-;-;-;-;-;-;-;-;-;24,684;-;-;-;-;-;-;-
DOLF27C004800;BRBMEFCE1AE2;FINANCIAL;-;-;-;-;-;-;-;-;-;569,708;-;-;-;-;-;-;-
DOLF27P004500;BRBMEFDE19J4;FINANCIAL;-;-;-;-;-;-;-;-;-;4,785;-;-;-;-;-;-;-
DOLF27C004500;BRBMEFCE1AD4;FINANCIAL;-;-;-;-;-;-;-;-;-;830,126;-;-;-;-;-;-;-
DOLN26P004900;BRBMEFVDR5D3;FINANCIAL;-;-;-;-;-;-;-;-;-;0,001;-;-;-;-;-;-;-
DOLN26C004900;BRBMEFCD65D4;FINANCIAL;-;-;-;-;-;-;-;-;-;273,269;-;-;-;-;-;-;-
DOLN26P005100;BRBMEFVDR5F8;FINANCIAL;1,75;1,75;1,75;1,75;1,75;-12,5;-;-;-;1,265;-;-;-;-;1;1.000;87500
DOLN26C005100;BRBMEFCD65F9;FINANCIAL;-;-;-;-;-;-;-;-;-;74,849;-;-;-;-;-;-;-
DOLN26P005000;BRBMEFVDR5E1;FINANCIAL;-;-;-;-;-;-;-;-;-;0,003;-;-;-;-;-;-;-
DOLN26C005000;BRBMEFCD65E2;FINANCIAL;-;-;-;-;-;-;-;-;-;173,429;-;-;-;-;-;-;-
DOLF29P006700;BRBMEFDE1AD3;FINANCIAL;-;-;-;-;-;-;-;-;-;632,61;-;-;-;-;-;-;-
DOLF29C006700;BRBMEFCE1B77;FINANCIAL;-;-;-;-;-;-;-;-;-;336,032;-;-;-;-;-;-;-
DOLF29P006600;BRBMEFDE1AC5;FINANCIAL;-;-;-;-;-;-;-;-;-;582,433;-;-;-;-;-;-;-
DOLF29C006600;BRBMEFCE1B69;FINANCIAL;-;-;-;-;-;-;-;-;-;357,589;-;-;-;-;-;-;-
DOLF29P006500;BRBMEFDE1AB7;FINANCIAL;-;-;-;-;-;-;-;-;-;533,861;-;-;-;-;-;-;-
DOLF29C006500;BRBMEFCE1B51;FINANCIAL;-;-;-;-;-;-;-;-;-;380,753;-;-;-;-;-;-;-
DOLF29P006400;BRBMEFDE1AA9;FINANCIAL;-;-;-;-;-;-;-;-;-;487,283;-;-;-;-;-;-;-
DOLF29C006400;BRBMEFCE1B44;FINANCIAL;-;-;-;-;-;-;-;-;-;405,91;-;-;-;-;-;-;-
DOLF29P006300;BRBMEFDE1A92;FINANCIAL;-;-;-;-;-;-;-;-;-;442,515;-;-;-;-;-;-;-
DOLF29C006300;BRBMEFCE1B36;FINANCIAL;-;-;-;-;-;-;-;-;-;432,877;-;-;-;-;-;-;-
DOLF29P006200;BRBMEFDE1A84;FINANCIAL;-;-;-;-;-;-;-;-;-;399,936;-;-;-;-;-;-;-
DOLF29C006200;BRBMEFCE1B28;FINANCIAL;-;-;-;-;-;-;-;-;-;462,033;-;-;-;-;-;-;-
DOLF29P006100;BRBMEFDE1A76;FINANCIAL;-;-;-;-;-;-;-;-;-;359,358;-;-;-;-;-;-;-
DOLF29C006100;BRBMEFCE1B10;FINANCIAL;-;-;-;-;-;-;-;-;-;493,19;-;-;-;-;-;-;-
DOLF29P006000;BRBMEFDE1A68;FINANCIAL;-;-;-;-;-;-;-;-;-;320,6;-;-;-;-;-;-;-
DOLF29C006000;BRBMEFCE1B02;FINANCIAL;-;-;-;-;-;-;-;-;-;526,167;-;-;-;-;-;-;-
DOLF29P005900;BRBMEFDE1A50;FINANCIAL;-;-;-;-;-;-;-;-;-;285,349;-;-;-;-;-;-;-
DOLF29C005900;BRBMEFCE1AZ7;FINANCIAL;-;-;-;-;-;-;-;-;-;562,651;-;-;-;-;-;-;-
DOLF29P005800;BRBMEFDE1A43;FINANCIAL;-;-;-;-;-;-;-;-;-;252,284;-;-;-;-;-;-;-
DOLF29C005800;BRBMEFCE1AY0;FINANCIAL;-;-;-;-;-;-;-;-;-;601,322;-;-;-;-;-;-;-
DOLF29P005700;BRBMEFDE1A35;FINANCIAL;-;-;-;-;-;-;-;-;-;221,698;-;-;-;-;-;-;-
DOLF29C005700;BRBMEFCE1AX2;FINANCIAL;-;-;-;-;-;-;-;-;-;642,47;-;-;-;-;-;-;-
DOLF29P005600;BRBMEFDE1A27;FINANCIAL;-;-;-;-;-;-;-;-;-;193,355;-;-;-;-;-;-;-
DOLF29C005600;BRBMEFCE1AW4;FINANCIAL;-;-;-;-;-;-;-;-;-;685,862;-;-;-;-;-;-;-
DOLF29P005500;BRBMEFDE1A19;FINANCIAL;-;-;-;-;-;-;-;-;-;167,493;-;-;-;-;-;-;-
DOLF29C005500;BRBMEFCE1AV6;FINANCIAL;-;-;-;-;-;-;-;-;-;731,735;-;-;-;-;-;-;-
DOLF28P006700;BRBMEFDE1A01;FINANCIAL;-;-;-;-;-;-;-;-;-;880,875;-;-;-;-;-;-;-
DOLF28C006700;BRBMEFCE1AU8;FINANCIAL;-;-;-;-;-;-;-;-;-;157,991;-;-;-;-;-;-;-
DOLF28P006600;BRBMEFDE19Z0;FINANCIAL;-;-;-;-;-;-;-;-;-;813,369;-;-;-;-;-;-;-
DOLF28C006600;BRBMEFCE1AT0;FINANCIAL;-;-;-;-;-;-;-;-;-;172,341;-;-;-;-;-;-;-
DOLF28P006500;BRBMEFDE19Y3;FINANCIAL;-;-;-;-;-;-;-;-;-;747,206;-;-;-;-;-;-;-
DOLF28C006500;BRBMEFCE1AS2;FINANCIAL;-;-;-;-;-;-;-;-;-;188,035;-;-;-;-;-;-;-
DOLF28P006400;BRBMEFDE19X5;FINANCIAL;-;-;-;-;-;-;-;-;-;682,97;-;-;-;-;-;-;-
DOLF28C006400;BRBMEFCE1AR4;FINANCIAL;-;-;-;-;-;-;-;-;-;205,654;-;-;-;-;-;-;-
DOLF28P006300;BRBMEFDE19W7;FINANCIAL;-;-;-;-;-;-;-;-;-;620,409;-;-;-;-;-;-;-
DOLF28C006300;BRBMEFCE1AQ6;FINANCIAL;-;-;-;-;-;-;-;-;-;224,949;-;-;-;-;-;-;-
DOLF28P006200;BRBMEFDE19V9;FINANCIAL;-;-;-;-;-;-;-;-;-;559,471;-;-;-;-;-;-;-
DOLF28C006200;BRBMEFCE1AP8;FINANCIAL;-;-;-;-;-;-;-;-;-;245,867;-;-;-;-;-;-;-
DOLF28P006100;BRBMEFDE19U1;FINANCIAL;-;-;-;-;-;-;-;-;-;500,801;-;-;-;-;-;-;-
DOLF28C006100;BRBMEFCE1AO1;FINANCIAL;-;-;-;-;-;-;-;-;-;269,053;-;-;-;-;-;-;-
DOLF28P006000;BRBMEFDE19T3;FINANCIAL;-;-;-;-;-;-;-;-;-;444,85;-;-;-;-;-;-;-
DOLF28C006000;BRBMEFCE1AN3;FINANCIAL;-;-;-;-;-;-;-;-;-;294,958;-;-;-;-;-;-;-
DOLF28P005900;BRBMEFDE19S5;FINANCIAL;-;-;-;-;-;-;-;-;-;391,616;-;-;-;-;-;-;-
DOLF28C005900;BRBMEFCE1AM5;FINANCIAL;-;-;-;-;-;-;-;-;-;323,58;-;-;-;-;-;-;-
DOLF28P005800;BRBMEFDE19R7;FINANCIAL;-;-;-;-;-;-;-;-;-;341,553;-;-;-;-;-;-;-
DOLF28C005800;BRBMEFCE1AL7;FINANCIAL;-;-;-;-;-;-;-;-;-;355,373;-;-;-;-;-;-;-
DOLF28P005700;BRBMEFDE19Q9;FINANCIAL;-;-;-;-;-;-;-;-;-;294,642;-;-;-;-;-;-;-
DOLF28C005700;BRBMEFCE1AK9;FINANCIAL;-;-;-;-;-;-;-;-;-;390,318;-;-;-;-;-;-;-
DOLF28P005600;BRBMEFDE19P1;FINANCIAL;-;-;-;-;-;-;-;-;-;251,312;-;-;-;-;-;-;-
DOLF28C005600;BRBMEFCE1AJ1;FINANCIAL;-;-;-;-;-;-;-;-;-;428,843;-;-;-;-;-;-;-
DOLF28P005500;BRBMEFDE19O4;FINANCIAL;-;-;-;-;-;-;-;-;-;212,364;-;-;-;-;-;-;-
DOLF28C005500;BRBMEFCE1AI3;FINANCIAL;-;-;-;-;-;-;-;-;-;471,752;-;-;-;-;-;-;-
DOLN26C005650;BRBMEFCD65R4;FINANCIAL;-;-;-;-;-;-;-;-;-;0,001;-;-;-;-;-;-;-
DOLN26P005750;BRBMEFVDR5T9;FINANCIAL;-;-;-;-;-;-;-;-;-;575,392;-;-;-;-;-;-;-
DOLN26C005900;BRBMEFCD65W4;FINANCIAL;-;-;-;-;-;-;-;-;-;0,001;-;-;-;-;-;-;-
DOLN26C005350;BRBMEFCD65L7;FINANCIAL;-;-;-;-;-;-;-;-;-;0,172;-;-;-;-;-;-;-
DOLN26C005500;BRBMEFCD65O1;FINANCIAL;-;-;-;-;-;-;-;-;-;0,001;-;-;-;-;-;-;-
DOLN26P005250;BRBMEFVDR5J0;FINANCIAL;-;-;-;-;-;-;-;-;-;79,227;-;-;-;-;-;-;-
DOLN26P005950;BRBMEFVDR5X1;FINANCIAL;-;-;-;-;-;-;-;-;-;775,078;-;-;-;-;-;-;-
DOLN26P005050;BRBMEFVDR5G6;FINANCIAL;-;-;-;-;-;-;-;-;-;0,104;-;-;-;-;-;-;-
DOLN26P005850;BRBMEFVDR5V5;FINANCIAL;-;-;-;-;-;-;-;-;-;675,235;-;-;-;-;-;-;-
DOLN26C005700;BRBMEFCD65S2;FINANCIAL;-;-;-;-;-;-;-;-;-;0,001;-;-;-;-;-;-;-
DOLN26C005150;BRBMEFCD65H5;FINANCIAL;-;-;-;-;-;-;-;-;-;32,932;-;-;-;-;-;-;-
DOLN26P005550;BRBMEFVDR5P7;FINANCIAL;-;-;-;-;-;-;-;-;-;375,707;-;-;-;-;-;-;-
DOLN26C005400;BRBMEFCD65M5;FINANCIAL;-;-;-;-;-;-;-;-;-;0,018;-;-;-;-;-;-;-
DOLN26P005650;BRBMEFVDR5R3;FINANCIAL;-;-;-;-;-;-;-;-;-;475,55;-;-;-;-;-;-;-
DOLN26C005250;BRBMEFCD65J1;FINANCIAL;5,5;4,5;5,5;4,951;5;-37,1;-;-;-;3,048;-;-;-;-;3;2.050;507500
DOLN26C005450;BRBMEFCD65N3;FINANCIAL;-;-;-;-;-;-;-;-;-;0,001;-;-;-;-;-;-;-
DOLN26C005550;BRBMEFCD65P8;FINANCIAL;-;-;-;-;-;-;-;-;-;0,001;-;-;-;-;-;-;-
DOLN26P005500;BRBMEFVDR5O0;FINANCIAL;-;-;-;-;-;-;-;-;-;325,786;-;-;-;-;-;-;-
DOLN26C005750;BRBMEFCD65T0;FINANCIAL;-;-;-;-;-;-;-;-;-;0,001;-;-;-;-;-;-;-
DOLN26C005200;BRBMEFCD65I3;FINANCIAL;12;12;14,4;12,48;14,4;-23,8;-;-;-;10,578;-;-;-;-;2;1.250;780000
DOLN26C005600;BRBMEFCD65Q6;FINANCIAL;-;-;-;-;-;-;-;-;-;0,001;-;-;-;-;-;-;-
DOLN26P005300;BRBMEFVDR5K8;FINANCIAL;-;-;-;-;-;-;-;-;-;126,93;-;-;-;-;-;-;-
DOLN26P005700;BRBMEFVDR5S1;FINANCIAL;-;-;-;-;-;-;-;-;-;525,471;-;-;-;-;-;-;-
DOLN26P005900;BRBMEFVDR5W3;FINANCIAL;-;-;-;-;-;-;-;-;-;725,156;-;-;-;-;-;-;-
DOLN26C005050;BRBMEFCD65G7;FINANCIAL;-;-;-;-;-;-;-;-;-;123,609;-;-;-;-;-;-;-
DOLN26C005850;BRBMEFCD65V6;FINANCIAL;-;-;-;-;-;-;-;-;-;0,001;-;-;-;-;-;-;-
DOLN26P005200;BRBMEFVDR5I2;FINANCIAL;39,75;39,75;39,75;39,75;39,75;19,69;-;-;-;36,837;-;-;-;-;1;500;993750
DOLN26P005800;BRBMEFVDR5U7;FINANCIAL;-;-;-;-;-;-;-;-;-;625,314;-;-;-;-;-;-;-
DOLN26C005950;BRBMEFCD65X2;FINANCIAL;-;-;-;-;-;-;-;-;-;0,001;-;-;-;-;-;-;-
DOLN26P005150;BRBMEFVDR5H4;FINANCIAL;-;-;-;-;-;-;-;-;-;9,269;-;-;-;-;-;-;-
DOLN26P005400;BRBMEFVDR5M4;FINANCIAL;-;-;-;-;-;-;-;-;-;225,961;-;-;-;-;-;-;-
DOLN26C005300;BRBMEFCD65K9;FINANCIAL;2,25;2,25;2,25;2,25;2,25;-23,72;-;-;-;0,829;-;-;-;-;1;500;56250
DOLN26C005800;BRBMEFCD65U8;FINANCIAL;-;-;-;-;-;-;-;-;-;0,001;-;-;-;-;-;-;-
DOLN26P005350;BRBMEFVDR5L6;FINANCIAL;-;-;-;-;-;-;-;-;-;176,194;-;-;-;-;-;-;-
DOLN26P005600;BRBMEFVDR5Q5;FINANCIAL;-;-;-;-;-;-;-;-;-;425,629;-;-;-;-;-;-;-
DOLN26P005450;BRBMEFVDR5N2;FINANCIAL;-;-;-;-;-;-;-;-;-;275,866;-;-;-;-;-;-;-
DOLF27C005000;BRBMEFCE1B85;FINANCIAL;-;-;-;-;-;-;-;-;-;419,036;-;-;-;-;-;-;-
DOLF27C005200;BRBMEFCE1B93;FINANCIAL;-;-;-;-;-;-;-;-;-;297,006;-;-;-;-;-;-;-
DOLF27C005400;BRBMEFCE1BA8;FINANCIAL;-;-;-;-;-;-;-;-;-;204,678;-;-;-;-;-;-;-
DOLF27C005600;BRBMEFCE1BB6;FINANCIAL;-;-;-;-;-;-;-;-;-;142,617;-;-;-;-;-;-;-
DOLF27C005800;BRBMEFCE1BC4;FINANCIAL;-;-;-;-;-;-;-;-;-;97,827;-;-;-;-;-;-;-
DOLF27P005000;BRBMEFDE1AE1;FINANCIAL;-;-;-;-;-;-;-;-;-;60,89;-;-;-;-;-;-;-
DOLF27P005200;BRBMEFDE1AF8;FINANCIAL;-;-;-;-;-;-;-;-;-;125,738;-;-;-;-;-;-;-
DOLF27P005400;BRBMEFDE1AG6;FINANCIAL;-;-;-;-;-;-;-;-;-;220,288;-;-;-;-;-;-;-
DOLF27P005600;BRBMEFDE1AH4;FINANCIAL;-;-;-;-;-;-;-;-;-;345,105;-;-;-;-;-;-;-
DOLF27P005800;BRBMEFDE1AI2;FINANCIAL;-;-;-;-;-;-;-;-;-;487,193;-;-;-;-;-;-;-
DOLF27C005100;BRBMEFCE1BM3;FINANCIAL;-;-;-;-;-;-;-;-;-;353,77;-;-;-;-;-;-;-
DOLF27C005300;BRBMEFCE1BN1;FINANCIAL;-;-;-;-;-;-;-;-;-;247,381;-;-;-;-;-;-;-
DOLF27C005500;BRBMEFCE1BO9;FINANCIAL;-;-;-;-;-;-;-;-;-;170,502;-;-;-;-;-;-;-
DOLF27C005700;BRBMEFCE1BP6;FINANCIAL;-;-;-;-;-;-;-;-;-;118,285;-;-;-;-;-;-;-
DOLF27C005900;BRBMEFCE1BQ4;FINANCIAL;-;-;-;-;-;-;-;-;-;80,99;-;-;-;-;-;-;-
DOLF27C006100;BRBMEFCE1BR2;FINANCIAL;-;-;-;-;-;-;-;-;-;55,578;-;-;-;-;-;-;-
DOLF27C006200;BRBMEFCE1BS0;FINANCIAL;-;-;-;-;-;-;-;-;-;46,342;-;-;-;-;-;-;-
DOLF27C006300;BRBMEFCE1BT8;FINANCIAL;-;-;-;-;-;-;-;-;-;38,783;-;-;-;-;-;-;-
DOLF27P005100;BRBMEFDE1AS1;FINANCIAL;-;-;-;-;-;-;-;-;-;89,063;-;-;-;-;-;-;-
DOLF27P005300;BRBMEFDE1AT9;FINANCIAL;-;-;-;-;-;-;-;-;-;169,552;-;-;-;-;-;-;-
DOLF27P005500;BRBMEFDE1AU7;FINANCIAL;-;-;-;-;-;-;-;-;-;279,551;-;-;-;-;-;-;-
DOLF27P005700;BRBMEFDE1AV5;FINANCIAL;-;-;-;-;-;-;-;-;-;414,212;-;-;-;-;-;-;-
DOLF27P005900;BRBMEFDE1AW3;FINANCIAL;-;-;-;-;-;-;-;-;-;563,795;-;-;-;-;-;-;-
DOLF27P006100;BRBMEFDE1AX1;FINANCIAL;-;-;-;-;-;-;-;-;-;725,262;-;-;-;-;-;-;-
DOLF27P006200;BRBMEFDE1AY9;FINANCIAL;-;-;-;-;-;-;-;-;-;809,465;-;-;-;-;-;-;-
DOLF27P006300;BRBMEFDE1AZ6;FINANCIAL;-;-;-;-;-;-;-;-;-;895,344;-;-;-;-;-;-;-
DOLJ27C005000;BRBMEFCL13X5;FINANCIAL;-;-;-;-;-;-;-;-;-;510,261;-;-;-;-;-;-;-
DOLJ27C005100;BRBMEFCL13Y3;FINANCIAL;-;-;-;-;-;-;-;-;-;444,841;-;-;-;-;-;-;-
DOLJ27C005200;BRBMEFCL13Z0;FINANCIAL;-;-;-;-;-;-;-;-;-;385,328;-;-;-;-;-;-;-
DOLJ27C005300;BRBMEFCL1409;FINANCIAL;-;-;-;-;-;-;-;-;-;331,365;-;-;-;-;-;-;-
DOLJ27C005400;BRBMEFCL1417;FINANCIAL;-;-;-;-;-;-;-;-;-;285,974;-;-;-;-;-;-;-
DOLJ27C005500;BRBMEFCL1425;FINANCIAL;-;-;-;-;-;-;-;-;-;246,766;-;-;-;-;-;-;-
DOLJ27C005600;BRBMEFCL1433;FINANCIAL;-;-;-;-;-;-;-;-;-;213,119;-;-;-;-;-;-;-
DOLJ27C005700;BRBMEFCL1441;FINANCIAL;-;-;-;-;-;-;-;-;-;184,326;-;-;-;-;-;-;-
DOLJ27C005800;BRBMEFCL1458;FINANCIAL;-;-;-;-;-;-;-;-;-;159,98;-;-;-;-;-;-;-
DOLJ27C005900;BRBMEFCL1466;FINANCIAL;-;-;-;-;-;-;-;-;-;138,418;-;-;-;-;-;-;-
DOLJ27C006000;BRBMEFCL1474;FINANCIAL;-;-;-;-;-;-;-;-;-;120,294;-;-;-;-;-;-;-
DOLJ27C006100;BRBMEFCL1482;FINANCIAL;-;-;-;-;-;-;-;-;-;104,841;-;-;-;-;-;-;-
DOLJ27C006200;BRBMEFCL1490;FINANCIAL;-;-;-;-;-;-;-;-;-;90,363;-;-;-;-;-;-;-
DOLJ27C006300;BRBMEFCL14A1;FINANCIAL;-;-;-;-;-;-;-;-;-;77,759;-;-;-;-;-;-;-
DOLJ27P005000;BRBMEFVDE4P5;FINANCIAL;-;-;-;-;-;-;-;-;-;68,287;-;-;-;-;-;-;-
DOLJ27P005100;BRBMEFVDE4Q3;FINANCIAL;-;-;-;-;-;-;-;-;-;93,37;-;-;-;-;-;-;-
DOLJ27P005200;BRBMEFVDE4R1;FINANCIAL;-;-;-;-;-;-;-;-;-;124,359;-;-;-;-;-;-;-
DOLJ27P005300;BRBMEFVDE4S9;FINANCIAL;-;-;-;-;-;-;-;-;-;160,899;-;-;-;-;-;-;-
DOLJ27P005400;BRBMEFVDE4T7;FINANCIAL;-;-;-;-;-;-;-;-;-;206,011;-;-;-;-;-;-;-
DOLJ27P005500;BRBMEFVDE4U5;FINANCIAL;-;-;-;-;-;-;-;-;-;257,305;-;-;-;-;-;-;-
DOLJ27P005600;BRBMEFVDE4V3;FINANCIAL;-;-;-;-;-;-;-;-;-;314,162;-;-;-;-;-;-;-
DOLJ27P005700;BRBMEFVDE4W1;FINANCIAL;-;-;-;-;-;-;-;-;-;375,871;-;-;-;-;-;-;-
DOLJ27P005800;BRBMEFVDE4X9;FINANCIAL;-;-;-;-;-;-;-;-;-;442,028;-;-;-;-;-;-;-
DOLJ27P005900;BRBMEFVDE4Y7;FINANCIAL;-;-;-;-;-;-;-;-;-;510,969;-;-;-;-;-;-;-
DOLJ27P006000;BRBMEFVDE4Z4;FINANCIAL;-;-;-;-;-;-;-;-;-;583,348;-;-;-;-;-;-;-
DOLJ27P006100;BRBMEFVDE504;FINANCIAL;-;-;-;-;-;-;-;-;-;658,397;-;-;-;-;-;-;-
DOLJ27P006200;BRBMEFVDE512;FINANCIAL;-;-;-;-;-;-;-;-;-;734,422;-;-;-;-;-;-;-
DOLJ27P006300;BRBMEFVDE520;FINANCIAL;-;-;-;-;-;-;-;-;-;812,321;-;-;-;-;-;-;-
DOLN26C006100;BRBMEFCD66L5;FINANCIAL;-;-;-;-;-;-;-;-;-;0,001;-;-;-;-;-;-;-
DOLN26C006200;BRBMEFCD66M3;FINANCIAL;-;-;-;-;-;-;-;-;-;0,001;-;-;-;-;-;-;-
DOLN26C006300;BRBMEFCD66N1;FINANCIAL;-;-;-;-;-;-;-;-;-;0,001;-;-;-;-;-;-;-
DOLN26P006100;BRBMEFVDR6L4;FINANCIAL;-;-;-;-;-;-;-;-;-;924,841;-;-;-;-;-;-;-
DOLN26P006200;BRBMEFVDR6M2;FINANCIAL;-;-;-;-;-;-;-;-;-;1024,684;-;-;-;-;-;-;-
DOLN26P006300;BRBMEFVDR6N0;FINANCIAL;-;-;-;-;-;-;-;-;-;1124,526;-;-;-;-;-;-;-
DOLV26C005000;BRBMEFCD41F0;FINANCIAL;-;-;-;-;-;-;-;-;-;297,786;-;-;-;-;-;-;-
DOLV26C005100;BRBMEFCD41G8;FINANCIAL;-;-;-;-;-;-;-;-;-;223,163;-;-;-;-;-;-;-
DOLV26C005200;BRBMEFCD41H6;FINANCIAL;-;-;-;-;-;-;-;-;-;164,11;-;-;-;-;-;-;-
DOLV26C005300;BRBMEFCD41I4;FINANCIAL;-;-;-;-;-;-;-;-;-;120,508;-;-;-;-;-;-;-
DOLV26C005400;BRBMEFCD41J2;FINANCIAL;-;-;-;-;-;-;-;-;-;89,211;-;-;-;-;-;-;-
DOLV26C005500;BRBMEFCD41K0;FINANCIAL;-;-;-;-;-;-;-;-;-;66,036;-;-;-;-;-;-;-
DOLV26C005600;BRBMEFCD41L8;FINANCIAL;-;-;-;-;-;-;-;-;-;48,84;-;-;-;-;-;-;-
DOLV26C005700;BRBMEFCD41M6;FINANCIAL;-;-;-;-;-;-;-;-;-;35,346;-;-;-;-;-;-;-
DOLV26C005800;BRBMEFCD41N4;FINANCIAL;-;-;-;-;-;-;-;-;-;25,816;-;-;-;-;-;-;-
DOLV26C005900;BRBMEFCD41O2;FINANCIAL;-;-;-;-;-;-;-;-;-;19,058;-;-;-;-;-;-;-
DOLV26C006000;BRBMEFCD41P9;FINANCIAL;-;-;-;-;-;-;-;-;-;13,258;-;-;-;-;-;-;-
DOLV26C006100;BRBMEFCD41Q7;FINANCIAL;-;-;-;-;-;-;-;-;-;9,235;-;-;-;-;-;-;-
DOLV26C006200;BRBMEFCD41R5;FINANCIAL;-;-;-;-;-;-;-;-;-;6,098;-;-;-;-;-;-;-
DOLV26C006300;BRBMEFCD41S3;FINANCIAL;-;-;-;-;-;-;-;-;-;3,976;-;-;-;-;-;-;-
DOLV26P005000;BRBMEFVD41E3;FINANCIAL;-;-;-;-;-;-;-;-;-;22,346;-;-;-;-;-;-;-
DOLV26P005100;BRBMEFVD41G8;FINANCIAL;-;-;-;-;-;-;-;-;-;44,237;-;-;-;-;-;-;-
DOLV26P005200;BRBMEFVD41I4;FINANCIAL;-;-;-;-;-;-;-;-;-;81,698;-;-;-;-;-;-;-
DOLV26P005300;BRBMEFVD41J2;FINANCIAL;-;-;-;-;-;-;-;-;-;134,61;-;-;-;-;-;-;-
DOLV26P005400;BRBMEFVD41K0;FINANCIAL;-;-;-;-;-;-;-;-;-;199,828;-;-;-;-;-;-;-
DOLV26P005500;BRBMEFVD41L8;FINANCIAL;-;-;-;-;-;-;-;-;-;273,167;-;-;-;-;-;-;-
DOLV26P005600;BRBMEFVD41M6;FINANCIAL;-;-;-;-;-;-;-;-;-;352,485;-;-;-;-;-;-;-
DOLV26P005700;BRBMEFVD41N4;FINANCIAL;-;-;-;-;-;-;-;-;-;435,505;-;-;-;-;-;-;-
DOLV26P005800;BRBMEFVD41O2;FINANCIAL;-;-;-;-;-;-;-;-;-;522,489;-;-;-;-;-;-;-
DOLV26P005900;BRBMEFVD41P9;FINANCIAL;-;-;-;-;-;-;-;-;-;612,246;-;-;-;-;-;-;-
DOLV26P006000;BRBMEFVD41Q7;FINANCIAL;-;-;-;-;-;-;-;-;-;702,96;-;-;-;-;-;-;-
DOLV26P006100;BRBMEFVD41R5;FINANCIAL;-;-;-;-;-;-;-;-;-;795,451;-;-;-;-;-;-;-
DOLV26P006200;BRBMEFVD41S3;FINANCIAL;-;-;-;-;-;-;-;-;-;888,828;-;-;-;-;-;-;-
DOLV26P006300;BRBMEFVD41T1;FINANCIAL;-;-;-;-;-;-;-;-;-;983,22;-;-;-;-;-;-;-
DOLV26C006400;BRBMEFCD41T1;FINANCIAL;-;-;-;-;-;-;-;-;-;2,571;-;-;-;-;-;-;-
DOLV26C006450;BRBMEFCD41U9;FINANCIAL;-;-;-;-;-;-;-;-;-;2,066;-;-;-;-;-;-;-
DOLV26C006500;BRBMEFCD41V7;FINANCIAL;-;-;-;-;-;-;-;-;-;1,651;-;-;-;-;-;-;-
DOLV26C006550;BRBMEFCD41W5;FINANCIAL;-;-;-;-;-;-;-;-;-;1,298;-;-;-;-;-;-;-
DOLV26C006600;BRBMEFCD41X3;FINANCIAL;-;-;-;-;-;-;-;-;-;1,002;-;-;-;-;-;-;-
DOLV26C006650;BRBMEFCD41Y1;FINANCIAL;-;-;-;-;-;-;-;-;-;0,77;-;-;-;-;-;-;-
DOLV26C006700;BRBMEFCD41Z8;FINANCIAL;-;-;-;-;-;-;-;-;-;0,589;-;-;-;-;-;-;-
DOLV26C006750;BRBMEFCD4205;FINANCIAL;-;-;-;-;-;-;-;-;-;0,449;-;-;-;-;-;-;-
DOLV26C006800;BRBMEFCD4213;FINANCIAL;-;-;-;-;-;-;-;-;-;0,341;-;-;-;-;-;-;-
DOLV26C006850;BRBMEFCD4221;FINANCIAL;-;-;-;-;-;-;-;-;-;0,258;-;-;-;-;-;-;-
DOLV26C006900;BRBMEFCD4239;FINANCIAL;-;-;-;-;-;-;-;-;-;0,194;-;-;-;-;-;-;-
DOLV26C006950;BRBMEFCD4247;FINANCIAL;-;-;-;-;-;-;-;-;-;0,146;-;-;-;-;-;-;-
DOLV26C007000;BRBMEFCD4254;FINANCIAL;-;-;-;-;-;-;-;-;-;0,109;-;-;-;-;-;-;-
DOLV26P006400;BRBMEFVD41U9;FINANCIAL;-;-;-;-;-;-;-;-;-;1078,33;-;-;-;-;-;-;-
DOLV26P006450;BRBMEFVD41V7;FINANCIAL;-;-;-;-;-;-;-;-;-;1126,082;-;-;-;-;-;-;-
DOLV26P006500;BRBMEFVD41W5;FINANCIAL;-;-;-;-;-;-;-;-;-;1173,924;-;-;-;-;-;-;-
DOLV26P006550;BRBMEFVD41X3;FINANCIAL;-;-;-;-;-;-;-;-;-;1221,828;-;-;-;-;-;-;-
DOLV26P006600;BRBMEFVD41Y1;FINANCIAL;-;-;-;-;-;-;-;-;-;1269,789;-;-;-;-;-;-;-
DOLV26P006650;BRBMEFVD41Z8;FINANCIAL;-;-;-;-;-;-;-;-;-;1317,814;-;-;-;-;-;-;-
DOLV26P006700;BRBMEFVD4202;FINANCIAL;-;-;-;-;-;-;-;-;-;1365,891;-;-;-;-;-;-;-
DOLV26P006750;BRBMEFVD4210;FINANCIAL;-;-;-;-;-;-;-;-;-;1414,008;-;-;-;-;-;-;-
DOLV26P006800;BRBMEFVD4228;FINANCIAL;-;-;-;-;-;-;-;-;-;1462,156;-;-;-;-;-;-;-
DOLV26P006850;BRBMEFVD4236;FINANCIAL;-;-;-;-;-;-;-;-;-;1510,33;-;-;-;-;-;-;-
DOLV26P006900;BRBMEFVD4244;FINANCIAL;-;-;-;-;-;-;-;-;-;1558,524;-;-;-;-;-;-;-
DOLV26P006950;BRBMEFVD4251;FINANCIAL;-;-;-;-;-;-;-;-;-;1606,733;-;-;-;-;-;-;-
DOLV26P007000;BRBMEFVD4269;FINANCIAL;-;-;-;-;-;-;-;-;-;1654,953;-;-;-;-;-;-;-
DOLF28C011000;BRBMEFCE1BU6;FINANCIAL;-;-;-;-;-;-;-;-;-;2,725;-;-;-;-;-;-;-
DOLF28P011000;BRBMEFDE1B00;FINANCIAL;-;-;-;-;-;-;-;-;-;4245,414;-;-;-;-;-;-;-
DOLN27C009700;BRBMEFCD6788;FINANCIAL;-;-;-;-;-;-;-;-;-;1,021;-;-;-;-;-;-;-
DOLN27P009700;BRBMEFVDR787;FINANCIAL;-;-;-;-;-;-;-;-;-;3592,809;-;-;-;-;-;-;-
DOLF28C008500;BRBMEFCE1BV4;FINANCIAL;-;-;-;-;-;-;-;-;-;32,494;-;-;-;-;-;-;-
DOLF28P008500;BRBMEFDE1B18;FINANCIAL;-;-;-;-;-;-;-;-;-;2228,785;-;-;-;-;-;-;-
DOLN27C007650;BRBMEFCD6796;FINANCIAL;-;-;-;-;-;-;-;-;-;22,695;-;-;-;-;-;-;-
DOLN27P007650;BRBMEFVDR795;FINANCIAL;-;-;-;-;-;-;-;-;-;1820,096;-;-;-;-;-;-;-
DOLF29C007500;BRBMEFCE1BY8;FINANCIAL;-;-;-;-;-;-;-;-;-;208,837;-;-;-;-;-;-;-
DOLF29P007500;BRBMEFDE1B42;FINANCIAL;-;-;-;-;-;-;-;-;-;1079,296;-;-;-;-;-;-;-
DOLF27C005750;BRBMEFCE1BZ5;FINANCIAL;-;-;-;-;-;-;-;-;-;107,5;-;-;-;-;-;-;-
DOLF27C005850;BRBMEFCE1C01;FINANCIAL;-;-;-;-;-;-;-;-;-;88,936;-;-;-;-;-;-;-
DOLF27C005950;BRBMEFCE1C19;FINANCIAL;-;-;-;-;-;-;-;-;-;73,577;-;-;-;-;-;-;-
DOLF27C006050;BRBMEFCE1C27;FINANCIAL;-;-;-;-;-;-;-;-;-;60,988;-;-;-;-;-;-;-
DOLF27C006150;BRBMEFCE1C35;FINANCIAL;-;-;-;-;-;-;-;-;-;50,685;-;-;-;-;-;-;-
DOLF27C006250;BRBMEFCE1C43;FINANCIAL;-;-;-;-;-;-;-;-;-;42,334;-;-;-;-;-;-;-
DOLF27P005750;BRBMEFDE1B59;FINANCIAL;-;-;-;-;-;-;-;-;-;450,146;-;-;-;-;-;-;-
DOLF27P005850;BRBMEFDE1B67;FINANCIAL;-;-;-;-;-;-;-;-;-;525,022;-;-;-;-;-;-;-
DOLF27P005950;BRBMEFDE1B75;FINANCIAL;-;-;-;-;-;-;-;-;-;603,102;-;-;-;-;-;-;-
DOLF27P006050;BRBMEFDE1B83;FINANCIAL;-;-;-;-;-;-;-;-;-;683,952;-;-;-;-;-;-;-
DOLF27P006150;BRBMEFDE1B91;FINANCIAL;-;-;-;-;-;-;-;-;-;767,088;-;-;-;-;-;-;-
DOLF27P006250;BRBMEFDE1BA7;FINANCIAL;-;-;-;-;-;-;-;-;-;852,176;-;-;-;-;-;-;-
DOLF28C005750;BRBMEFCE1C50;FINANCIAL;-;-;-;-;-;-;-;-;-;372,438;-;-;-;-;-;-;-
DOLF28C005850;BRBMEFCE1C68;FINANCIAL;-;-;-;-;-;-;-;-;-;339,095;-;-;-;-;-;-;-
DOLF28C005950;BRBMEFCE1C76;FINANCIAL;-;-;-;-;-;-;-;-;-;308,799;-;-;-;-;-;-;-
DOLF28C006050;BRBMEFCE1C84;FINANCIAL;-;-;-;-;-;-;-;-;-;281,564;-;-;-;-;-;-;-
DOLF28C006150;BRBMEFCE1C92;FINANCIAL;-;-;-;-;-;-;-;-;-;257,163;-;-;-;-;-;-;-
DOLF28C006250;BRBMEFCE1CA6;FINANCIAL;-;-;-;-;-;-;-;-;-;235,138;-;-;-;-;-;-;-
DOLF28P005750;BRBMEFDE1BB5;FINANCIAL;-;-;-;-;-;-;-;-;-;317,691;-;-;-;-;-;-;-
DOLF28P005850;BRBMEFDE1BC3;FINANCIAL;-;-;-;-;-;-;-;-;-;366,204;-;-;-;-;-;-;-
DOLF28P005950;BRBMEFDE1BD1;FINANCIAL;-;-;-;-;-;-;-;-;-;417,763;-;-;-;-;-;-;-
DOLF28P006050;BRBMEFDE1BE9;FINANCIAL;-;-;-;-;-;-;-;-;-;472,384;-;-;-;-;-;-;-
DOLF28P006150;BRBMEFDE1BF6;FINANCIAL;-;-;-;-;-;-;-;-;-;529,839;-;-;-;-;-;-;-
DOLF28P006250;BRBMEFDE1BG4;FINANCIAL;-;-;-;-;-;-;-;-;-;589,67;-;-;-;-;-;-;-
DOLF29C005750;BRBMEFCE1CB4;FINANCIAL;-;-;-;-;-;-;-;-;-;621,742;-;-;-;-;-;-;-
DOLF29C005850;BRBMEFCE1CC2;FINANCIAL;-;-;-;-;-;-;-;-;-;581,71;-;-;-;-;-;-;-
DOLF29C005950;BRBMEFCE1CD0;FINANCIAL;-;-;-;-;-;-;-;-;-;543,872;-;-;-;-;-;-;-
DOLF29C006050;BRBMEFCE1CE8;FINANCIAL;-;-;-;-;-;-;-;-;-;509,273;-;-;-;-;-;-;-
DOLF29C006150;BRBMEFCE1CF5;FINANCIAL;-;-;-;-;-;-;-;-;-;477,356;-;-;-;-;-;-;-
DOLF29C006250;BRBMEFCE1CG3;FINANCIAL;-;-;-;-;-;-;-;-;-;447,211;-;-;-;-;-;-;-
DOLF29P005750;BRBMEFDE1BH2;FINANCIAL;-;-;-;-;-;-;-;-;-;236,837;-;-;-;-;-;-;-
DOLF29P005850;BRBMEFDE1BI0;FINANCIAL;-;-;-;-;-;-;-;-;-;268,541;-;-;-;-;-;-;-
DOLF29P005950;BRBMEFDE1BJ8;FINANCIAL;-;-;-;-;-;-;-;-;-;302,438;-;-;-;-;-;-;-
DOLF29P006050;BRBMEFDE1BK6;FINANCIAL;-;-;-;-;-;-;-;-;-;339,574;-;-;-;-;-;-;-
DOLF29P006150;BRBMEFDE1BL4;FINANCIAL;-;-;-;-;-;-;-;-;-;379,391;-;-;-;-;-;-;-
DOLF29P006250;BRBMEFDE1BM2;FINANCIAL;-;-;-;-;-;-;-;-;-;420,981;-;-;-;-;-;-;-
DOLJ27C005750;BRBMEFCL14L8;FINANCIAL;-;-;-;-;-;-;-;-;-;171,757;-;-;-;-;-;-;-
DOLJ27C005850;BRBMEFCL14M6;FINANCIAL;-;-;-;-;-;-;-;-;-;148,777;-;-;-;-;-;-;-
DOLJ27C005950;BRBMEFCL14N4;FINANCIAL;-;-;-;-;-;-;-;-;-;128,996;-;-;-;-;-;-;-
DOLJ27C006050;BRBMEFCL14O2;FINANCIAL;-;-;-;-;-;-;-;-;-;112,259;-;-;-;-;-;-;-
DOLJ27C006150;BRBMEFCL14P9;FINANCIAL;-;-;-;-;-;-;-;-;-;97,586;-;-;-;-;-;-;-
DOLJ27C006250;BRBMEFCL14Q7;FINANCIAL;-;-;-;-;-;-;-;-;-;83,811;-;-;-;-;-;-;-
DOLJ27P005750;BRBMEFVDE5D8;FINANCIAL;-;-;-;-;-;-;-;-;-;408,554;-;-;-;-;-;-;-
DOLJ27P005850;BRBMEFVDE5E6;FINANCIAL;-;-;-;-;-;-;-;-;-;476,077;-;-;-;-;-;-;-
DOLJ27P005950;BRBMEFVDE5F3;FINANCIAL;-;-;-;-;-;-;-;-;-;546,798;-;-;-;-;-;-;-
DOLJ27P006050;BRBMEFVDE5G1;FINANCIAL;-;-;-;-;-;-;-;-;-;620,564;-;-;-;-;-;-;-
DOLJ27P006150;BRBMEFVDE5H9;FINANCIAL;-;-;-;-;-;-;-;-;-;696,394;-;-;-;-;-;-;-
DOLJ27P006250;BRBMEFVDE5I7;FINANCIAL;-;-;-;-;-;-;-;-;-;773,122;-;-;-;-;-;-;-
DOLN26C006050;BRBMEFCD6AP8;FINANCIAL;-;-;-;-;-;-;-;-;-;0,001;-;-;-;-;-;-;-
DOLN26C006150;BRBMEFCD6AQ6;FINANCIAL;-;-;-;-;-;-;-;-;-;0,001;-;-;-;-;-;-;-
DOLN26C006250;BRBMEFCD6AR4;FINANCIAL;-;-;-;-;-;-;-;-;-;0,001;-;-;-;-;-;-;-
DOLN26P006050;BRBMEFVDRAP7;FINANCIAL;-;-;-;-;-;-;-;-;-;874,92;-;-;-;-;-;-;-
DOLN26P006150;BRBMEFVDRAQ5;FINANCIAL;-;-;-;-;-;-;-;-;-;974,763;-;-;-;-;-;-;-
DOLN26P006250;BRBMEFVDRAR3;FINANCIAL;-;-;-;-;-;-;-;-;-;1074,605;-;-;-;-;-;-;-
DOLN27C005000;BRBMEFCD67A6;FINANCIAL;-;-;-;-;-;-;-;-;-;592,92;-;-;-;-;-;-;-
DOLN27C005050;BRBMEFCD67B4;FINANCIAL;-;-;-;-;-;-;-;-;-;560,184;-;-;-;-;-;-;-
DOLN27C005100;BRBMEFCD67C2;FINANCIAL;-;-;-;-;-;-;-;-;-;528,406;-;-;-;-;-;-;-
DOLN27C005150;BRBMEFCD67D0;FINANCIAL;-;-;-;-;-;-;-;-;-;497,905;-;-;-;-;-;-;-
DOLN27C005200;BRBMEFCD67E8;FINANCIAL;-;-;-;-;-;-;-;-;-;468,728;-;-;-;-;-;-;-
DOLN27C005250;BRBMEFCD67F5;FINANCIAL;-;-;-;-;-;-;-;-;-;440,744;-;-;-;-;-;-;-
DOLN27C005300;BRBMEFCD67G3;FINANCIAL;-;-;-;-;-;-;-;-;-;413,961;-;-;-;-;-;-;-
DOLN27C005350;BRBMEFCD67H1;FINANCIAL;-;-;-;-;-;-;-;-;-;388,381;-;-;-;-;-;-;-
DOLN27C005400;BRBMEFCD67I9;FINANCIAL;-;-;-;-;-;-;-;-;-;363,999;-;-;-;-;-;-;-
DOLN27C005450;BRBMEFCD67J7;FINANCIAL;-;-;-;-;-;-;-;-;-;342,13;-;-;-;-;-;-;-
DOLN27C005500;BRBMEFCD67K5;FINANCIAL;-;-;-;-;-;-;-;-;-;321,473;-;-;-;-;-;-;-
DOLN27C005550;BRBMEFCD67L3;FINANCIAL;-;-;-;-;-;-;-;-;-;301,99;-;-;-;-;-;-;-
DOLN27C005600;BRBMEFCD67M1;FINANCIAL;-;-;-;-;-;-;-;-;-;283,638;-;-;-;-;-;-;-
DOLN27C005650;BRBMEFCD67N9;FINANCIAL;-;-;-;-;-;-;-;-;-;266,569;-;-;-;-;-;-;-
DOLN27C005700;BRBMEFCD67O7;FINANCIAL;-;-;-;-;-;-;-;-;-;250,54;-;-;-;-;-;-;-
DOLN27C005750;BRBMEFCD67P4;FINANCIAL;-;-;-;-;-;-;-;-;-;235,503;-;-;-;-;-;-;-
DOLN27C005800;BRBMEFCD67Q2;FINANCIAL;-;-;-;-;-;-;-;-;-;221,602;-;-;-;-;-;-;-
DOLN27C005850;BRBMEFCD67R0;FINANCIAL;-;-;-;-;-;-;-;-;-;208,398;-;-;-;-;-;-;-
DOLN27C005900;BRBMEFCD67S8;FINANCIAL;-;-;-;-;-;-;-;-;-;196,227;-;-;-;-;-;-;-
DOLN27C005950;BRBMEFCD67T6;FINANCIAL;-;-;-;-;-;-;-;-;-;184,847;-;-;-;-;-;-;-
DOLN27C006000;BRBMEFCD67U4;FINANCIAL;-;-;-;-;-;-;-;-;-;174,026;-;-;-;-;-;-;-
DOLN27C006050;BRBMEFCD67V2;FINANCIAL;-;-;-;-;-;-;-;-;-;163,728;-;-;-;-;-;-;-
DOLN27C006100;BRBMEFCD67W0;FINANCIAL;-;-;-;-;-;-;-;-;-;154,275;-;-;-;-;-;-;-
DOLN27C006150;BRBMEFCD67X8;FINANCIAL;-;-;-;-;-;-;-;-;-;145,268;-;-;-;-;-;-;-
DOLN27C006200;BRBMEFCD67Y6;FINANCIAL;-;-;-;-;-;-;-;-;-;136,85;-;-;-;-;-;-;-
DOLN27C006250;BRBMEFCD67Z3;FINANCIAL;-;-;-;-;-;-;-;-;-;129,147;-;-;-;-;-;-;-
DOLN27C006300;BRBMEFCD6804;FINANCIAL;-;-;-;-;-;-;-;-;-;121,951;-;-;-;-;-;-;-
DOLN27C006350;BRBMEFCD6812;FINANCIAL;-;-;-;-;-;-;-;-;-;115,072;-;-;-;-;-;-;-
DOLN27C006400;BRBMEFCD6820;FINANCIAL;-;-;-;-;-;-;-;-;-;108,185;-;-;-;-;-;-;-
DOLN27C006450;BRBMEFCD6838;FINANCIAL;-;-;-;-;-;-;-;-;-;101,447;-;-;-;-;-;-;-
DOLN27C006500;BRBMEFCD6846;FINANCIAL;-;-;-;-;-;-;-;-;-;95,288;-;-;-;-;-;-;-
DOLN27C006550;BRBMEFCD6853;FINANCIAL;-;-;-;-;-;-;-;-;-;89,39;-;-;-;-;-;-;-
DOLN27C006600;BRBMEFCD6861;FINANCIAL;-;-;-;-;-;-;-;-;-;83,875;-;-;-;-;-;-;-
DOLN27C006650;BRBMEFCD6879;FINANCIAL;-;-;-;-;-;-;-;-;-;78,85;-;-;-;-;-;-;-
DOLN27C006700;BRBMEFCD6887;FINANCIAL;-;-;-;-;-;-;-;-;-;74,027;-;-;-;-;-;-;-
DOLN27C006750;BRBMEFCD6895;FINANCIAL;-;-;-;-;-;-;-;-;-;69,641;-;-;-;-;-;-;-
DOLN27C006800;BRBMEFCD68A4;FINANCIAL;-;-;-;-;-;-;-;-;-;65,423;-;-;-;-;-;-;-
DOLN27C006850;BRBMEFCD68B2;FINANCIAL;-;-;-;-;-;-;-;-;-;61,594;-;-;-;-;-;-;-
DOLN27C006900;BRBMEFCD68C0;FINANCIAL;57,2;57,2;57,2;57,2;57,2;-71,4;-;-;-;58,014;-;-;-;-;1;440;1258400
DOLN27C006950;BRBMEFCD68D8;FINANCIAL;-;-;-;-;-;-;-;-;-;54,562;-;-;-;-;-;-;-
DOLN27C007000;BRBMEFCD68E6;FINANCIAL;-;-;-;-;-;-;-;-;-;51,437;-;-;-;-;-;-;-
DOLN27P005000;BRBMEFVDR7A5;FINANCIAL;-;-;-;-;-;-;-;-;-;70,747;-;-;-;-;-;-;-
DOLN27P005050;BRBMEFVDR7B3;FINANCIAL;-;-;-;-;-;-;-;-;-;81,776;-;-;-;-;-;-;-
DOLN27P005100;BRBMEFVDR7C1;FINANCIAL;-;-;-;-;-;-;-;-;-;93,764;-;-;-;-;-;-;-
DOLN27P005150;BRBMEFVDR7D9;FINANCIAL;-;-;-;-;-;-;-;-;-;107,028;-;-;-;-;-;-;-
DOLN27P005200;BRBMEFVDR7E7;FINANCIAL;-;-;-;-;-;-;-;-;-;121,617;-;-;-;-;-;-;-
DOLN27P005250;BRBMEFVDR7F4;FINANCIAL;-;-;-;-;-;-;-;-;-;137,399;-;-;-;-;-;-;-
DOLN27P005300;BRBMEFVDR7G2;FINANCIAL;-;-;-;-;-;-;-;-;-;154,382;-;-;-;-;-;-;-
DOLN27P005350;BRBMEFVDR7H0;FINANCIAL;-;-;-;-;-;-;-;-;-;172,567;-;-;-;-;-;-;-
DOLN27P005400;BRBMEFVDR7I8;FINANCIAL;-;-;-;-;-;-;-;-;-;191,95;-;-;-;-;-;-;-
DOLN27P005450;BRBMEFVDR7J6;FINANCIAL;-;-;-;-;-;-;-;-;-;213,847;-;-;-;-;-;-;-
DOLN27P005500;BRBMEFVDR7K4;FINANCIAL;-;-;-;-;-;-;-;-;-;236,956;-;-;-;-;-;-;-
DOLN27P005550;BRBMEFVDR7L2;FINANCIAL;-;-;-;-;-;-;-;-;-;261,238;-;-;-;-;-;-;-
DOLN27P005600;BRBMEFVDR7M0;FINANCIAL;-;-;-;-;-;-;-;-;-;286,652;-;-;-;-;-;-;-
DOLN27P005650;BRBMEFVDR7N8;FINANCIAL;-;-;-;-;-;-;-;-;-;313,348;-;-;-;-;-;-;-
DOLN27P005700;BRBMEFVDR7O6;FINANCIAL;-;-;-;-;-;-;-;-;-;341,084;-;-;-;-;-;-;-
DOLN27P005750;BRBMEFVDR7P3;FINANCIAL;-;-;-;-;-;-;-;-;-;369,813;-;-;-;-;-;-;-
DOLN27P005800;BRBMEFVDR7Q1;FINANCIAL;-;-;-;-;-;-;-;-;-;399,677;-;-;-;-;-;-;-
DOLN27P005850;BRBMEFVDR7R9;FINANCIAL;-;-;-;-;-;-;-;-;-;430,239;-;-;-;-;-;-;-
DOLN27P005900;BRBMEFVDR7S7;FINANCIAL;-;-;-;-;-;-;-;-;-;461,834;-;-;-;-;-;-;-
DOLN27P005950;BRBMEFVDR7T5;FINANCIAL;-;-;-;-;-;-;-;-;-;494,219;-;-;-;-;-;-;-
DOLN27P006000;BRBMEFVDR7U3;FINANCIAL;-;-;-;-;-;-;-;-;-;527,163;-;-;-;-;-;-;-
DOLN27P006050;BRBMEFVDR7V1;FINANCIAL;-;-;-;-;-;-;-;-;-;560,631;-;-;-;-;-;-;-
DOLN27P006100;BRBMEFVDR7W9;FINANCIAL;-;-;-;-;-;-;-;-;-;594,944;-;-;-;-;-;-;-
DOLN27P006150;BRBMEFVDR7X7;FINANCIAL;-;-;-;-;-;-;-;-;-;629,703;-;-;-;-;-;-;-
DOLN27P006200;BRBMEFVDR7Y5;FINANCIAL;-;-;-;-;-;-;-;-;-;665,05;-;-;-;-;-;-;-
DOLN27P006250;BRBMEFVDR7Z2;FINANCIAL;-;-;-;-;-;-;-;-;-;701,112;-;-;-;-;-;-;-
DOLN27P006300;BRBMEFVDR803;FINANCIAL;-;-;-;-;-;-;-;-;-;737,682;-;-;-;-;-;-;-
DOLN27P006350;BRBMEFVDR811;FINANCIAL;-;-;-;-;-;-;-;-;-;774,568;-;-;-;-;-;-;-
DOLN27P006400;BRBMEFVDR829;FINANCIAL;-;-;-;-;-;-;-;-;-;811,447;-;-;-;-;-;-;-
DOLN27P006450;BRBMEFVDR837;FINANCIAL;-;-;-;-;-;-;-;-;-;848,475;-;-;-;-;-;-;-
DOLN27P006500;BRBMEFVDR845;FINANCIAL;-;-;-;-;-;-;-;-;-;886,081;-;-;-;-;-;-;-
DOLN27P006550;BRBMEFVDR852;FINANCIAL;-;-;-;-;-;-;-;-;-;923,949;-;-;-;-;-;-;-
DOLN27P006600;BRBMEFVDR860;FINANCIAL;-;-;-;-;-;-;-;-;-;962,2;-;-;-;-;-;-;-
DOLN27P006650;BRBMEFVDR878;FINANCIAL;-;-;-;-;-;-;-;-;-;1000,94;-;-;-;-;-;-;-
DOLN27P006700;BRBMEFVDR886;FINANCIAL;-;-;-;-;-;-;-;-;-;1039,883;-;-;-;-;-;-;-
DOLN27P006750;BRBMEFVDR894;FINANCIAL;-;-;-;-;-;-;-;-;-;1079,262;-;-;-;-;-;-;-
DOLN27P006800;BRBMEFVDR8A3;FINANCIAL;-;-;-;-;-;-;-;-;-;1118,809;-;-;-;-;-;-;-
DOLN27P006850;BRBMEFVDR8B1;FINANCIAL;-;-;-;-;-;-;-;-;-;1158,746;-;-;-;-;-;-;-
DOLN27P006900;BRBMEFVDR8C9;FINANCIAL;-;-;-;-;-;-;-;-;-;1198,932;-;-;-;-;-;-;-
DOLN27P006950;BRBMEFVDR8D7;FINANCIAL;-;-;-;-;-;-;-;-;-;1239,245;-;-;-;-;-;-;-
DOLN27P007000;BRBMEFVDR8E5;FINANCIAL;-;-;-;-;-;-;-;-;-;1279,885;-;-;-;-;-;-;-
DOLN28C005000;BRBMEFCD68F3;FINANCIAL;-;-;-;-;-;-;-;-;-;884,889;-;-;-;-;-;-;-
DOLN28C005050;BRBMEFCD68G1;FINANCIAL;-;-;-;-;-;-;-;-;-;854,559;-;-;-;-;-;-;-
DOLN28C005100;BRBMEFCD68H9;FINANCIAL;-;-;-;-;-;-;-;-;-;824,956;-;-;-;-;-;-;-
DOLN28C005150;BRBMEFCD68I7;FINANCIAL;-;-;-;-;-;-;-;-;-;795,947;-;-;-;-;-;-;-
DOLN28C005200;BRBMEFCD68J5;FINANCIAL;-;-;-;-;-;-;-;-;-;767,361;-;-;-;-;-;-;-
DOLN28C005250;BRBMEFCD68K3;FINANCIAL;-;-;-;-;-;-;-;-;-;739,568;-;-;-;-;-;-;-
DOLN28C005300;BRBMEFCD68L1;FINANCIAL;-;-;-;-;-;-;-;-;-;712,208;-;-;-;-;-;-;-
DOLN28C005350;BRBMEFCD68M9;FINANCIAL;-;-;-;-;-;-;-;-;-;685,675;-;-;-;-;-;-;-
DOLN28C005400;BRBMEFCD68N7;FINANCIAL;-;-;-;-;-;-;-;-;-;659,789;-;-;-;-;-;-;-
DOLN28C005450;BRBMEFCD68O5;FINANCIAL;-;-;-;-;-;-;-;-;-;635,422;-;-;-;-;-;-;-
DOLN28C005500;BRBMEFCD68P2;FINANCIAL;-;-;-;-;-;-;-;-;-;611,76;-;-;-;-;-;-;-
DOLN28C005550;BRBMEFCD68Q0;FINANCIAL;-;-;-;-;-;-;-;-;-;588,574;-;-;-;-;-;-;-
DOLN28C005600;BRBMEFCD68R8;FINANCIAL;-;-;-;-;-;-;-;-;-;566,311;-;-;-;-;-;-;-
DOLN28C005650;BRBMEFCD68S6;FINANCIAL;-;-;-;-;-;-;-;-;-;544,745;-;-;-;-;-;-;-
DOLN28C005700;BRBMEFCD68T4;FINANCIAL;-;-;-;-;-;-;-;-;-;523,87;-;-;-;-;-;-;-
DOLN28C005750;BRBMEFCD68U2;FINANCIAL;-;-;-;-;-;-;-;-;-;503,431;-;-;-;-;-;-;-
DOLN28C005800;BRBMEFCD68V0;FINANCIAL;-;-;-;-;-;-;-;-;-;484,409;-;-;-;-;-;-;-
DOLN28C005850;BRBMEFCD68W8;FINANCIAL;-;-;-;-;-;-;-;-;-;466,064;-;-;-;-;-;-;-
DOLN28C005900;BRBMEFCD68X6;FINANCIAL;-;-;-;-;-;-;-;-;-;448,637;-;-;-;-;-;-;-
DOLN28C005950;BRBMEFCD68Y4;FINANCIAL;-;-;-;-;-;-;-;-;-;431,605;-;-;-;-;-;-;-
DOLN28C006000;BRBMEFCD68Z1;FINANCIAL;-;-;-;-;-;-;-;-;-;415,466;-;-;-;-;-;-;-
DOLN28C006050;BRBMEFCD6903;FINANCIAL;-;-;-;-;-;-;-;-;-;399,945;-;-;-;-;-;-;-
DOLN28C006100;BRBMEFCD6911;FINANCIAL;-;-;-;-;-;-;-;-;-;384,766;-;-;-;-;-;-;-
DOLN28C006150;BRBMEFCD6929;FINANCIAL;-;-;-;-;-;-;-;-;-;370,431;-;-;-;-;-;-;-
DOLN28C006200;BRBMEFCD6937;FINANCIAL;-;-;-;-;-;-;-;-;-;356,663;-;-;-;-;-;-;-
DOLN28C006250;BRBMEFCD6945;FINANCIAL;-;-;-;-;-;-;-;-;-;343,444;-;-;-;-;-;-;-
DOLN28C006300;BRBMEFCD6952;FINANCIAL;-;-;-;-;-;-;-;-;-;331,018;-;-;-;-;-;-;-
DOLN28C006350;BRBMEFCD6960;FINANCIAL;-;-;-;-;-;-;-;-;-;318,842;-;-;-;-;-;-;-
DOLN28C006400;BRBMEFCD6978;FINANCIAL;-;-;-;-;-;-;-;-;-;307,421;-;-;-;-;-;-;-
DOLN28C006450;BRBMEFCD6986;FINANCIAL;-;-;-;-;-;-;-;-;-;296,474;-;-;-;-;-;-;-
DOLN28C006500;BRBMEFCD6994;FINANCIAL;-;-;-;-;-;-;-;-;-;285,983;-;-;-;-;-;-;-
DOLN28C006550;BRBMEFCD69A2;FINANCIAL;-;-;-;-;-;-;-;-;-;275,676;-;-;-;-;-;-;-
DOLN28C006600;BRBMEFCD69B0;FINANCIAL;-;-;-;-;-;-;-;-;-;266,048;-;-;-;-;-;-;-
DOLN28C006650;BRBMEFCD69C8;FINANCIAL;-;-;-;-;-;-;-;-;-;256,824;-;-;-;-;-;-;-
DOLN28C006700;BRBMEFCD69D6;FINANCIAL;-;-;-;-;-;-;-;-;-;247,988;-;-;-;-;-;-;-
DOLN28C006750;BRBMEFCD69E4;FINANCIAL;-;-;-;-;-;-;-;-;-;239,525;-;-;-;-;-;-;-
DOLN28C006800;BRBMEFCD69F1;FINANCIAL;-;-;-;-;-;-;-;-;-;230,929;-;-;-;-;-;-;-
DOLN28C006850;BRBMEFCD69G9;FINANCIAL;-;-;-;-;-;-;-;-;-;222,928;-;-;-;-;-;-;-
DOLN28C006900;BRBMEFCD69H7;FINANCIAL;-;-;-;-;-;-;-;-;-;215,259;-;-;-;-;-;-;-
DOLN28C006950;BRBMEFCD69I5;FINANCIAL;-;-;-;-;-;-;-;-;-;207,673;-;-;-;-;-;-;-
DOLN28C007000;BRBMEFCD69J3;FINANCIAL;-;-;-;-;-;-;-;-;-;200,632;-;-;-;-;-;-;-
DOLN28P005000;BRBMEFVDR8F2;FINANCIAL;-;-;-;-;-;-;-;-;-;77,141;-;-;-;-;-;-;-
DOLN28P005050;BRBMEFVDR8G0;FINANCIAL;-;-;-;-;-;-;-;-;-;85,131;-;-;-;-;-;-;-
DOLN28P005100;BRBMEFVDR8H8;FINANCIAL;-;-;-;-;-;-;-;-;-;93,849;-;-;-;-;-;-;-
DOLN28P005150;BRBMEFVDR8I6;FINANCIAL;-;-;-;-;-;-;-;-;-;103,16;-;-;-;-;-;-;-
DOLN28P005200;BRBMEFVDR8J4;FINANCIAL;-;-;-;-;-;-;-;-;-;112,895;-;-;-;-;-;-;-
DOLN28P005250;BRBMEFVDR8K2;FINANCIAL;-;-;-;-;-;-;-;-;-;123,423;-;-;-;-;-;-;-
DOLN28P005300;BRBMEFVDR8L0;FINANCIAL;-;-;-;-;-;-;-;-;-;134,383;-;-;-;-;-;-;-
DOLN28P005350;BRBMEFVDR8M8;FINANCIAL;-;-;-;-;-;-;-;-;-;146,171;-;-;-;-;-;-;-
DOLN28P005400;BRBMEFVDR8N6;FINANCIAL;-;-;-;-;-;-;-;-;-;158,606;-;-;-;-;-;-;-
DOLN28P005450;BRBMEFVDR8O4;FINANCIAL;-;-;-;-;-;-;-;-;-;172,559;-;-;-;-;-;-;-
DOLN28P005500;BRBMEFVDR8P1;FINANCIAL;-;-;-;-;-;-;-;-;-;187,217;-;-;-;-;-;-;-
DOLN28P005550;BRBMEFVDR8Q9;FINANCIAL;-;-;-;-;-;-;-;-;-;202,352;-;-;-;-;-;-;-
DOLN28P005600;BRBMEFVDR8R7;FINANCIAL;-;-;-;-;-;-;-;-;-;218,41;-;-;-;-;-;-;-
DOLN28P005650;BRBMEFVDR8S5;FINANCIAL;-;-;-;-;-;-;-;-;-;235,164;-;-;-;-;-;-;-
DOLN28P005700;BRBMEFVDR8T3;FINANCIAL;-;-;-;-;-;-;-;-;-;252,61;-;-;-;-;-;-;-
DOLN28P005750;BRBMEFVDR8U1;FINANCIAL;-;-;-;-;-;-;-;-;-;270,491;-;-;-;-;-;-;-
DOLN28P005800;BRBMEFVDR8V9;FINANCIAL;-;-;-;-;-;-;-;-;-;289,79;-;-;-;-;-;-;-
DOLN28P005850;BRBMEFVDR8W7;FINANCIAL;-;-;-;-;-;-;-;-;-;309,765;-;-;-;-;-;-;-
DOLN28P005900;BRBMEFVDR8X5;FINANCIAL;-;-;-;-;-;-;-;-;-;330,659;-;-;-;-;-;-;-
DOLN28P005950;BRBMEFVDR8Y3;FINANCIAL;-;-;-;-;-;-;-;-;-;351,948;-;-;-;-;-;-;-
DOLN28P006000;BRBMEFVDR8Z0;FINANCIAL;-;-;-;-;-;-;-;-;-;374,129;-;-;-;-;-;-;-
DOLN28P006050;BRBMEFVDR902;FINANCIAL;-;-;-;-;-;-;-;-;-;396,929;-;-;-;-;-;-;-
DOLN28P006100;BRBMEFVDR910;FINANCIAL;-;-;-;-;-;-;-;-;-;420,07;-;-;-;-;-;-;-
DOLN28P006150;BRBMEFVDR928;FINANCIAL;-;-;-;-;-;-;-;-;-;444,056;-;-;-;-;-;-;-
DOLN28P006200;BRBMEFVDR936;FINANCIAL;-;-;-;-;-;-;-;-;-;468,609;-;-;-;-;-;-;-
DOLN28P006250;BRBMEFVDR944;FINANCIAL;-;-;-;-;-;-;-;-;-;493,71;-;-;-;-;-;-;-
DOLN28P006300;BRBMEFVDR951;FINANCIAL;-;-;-;-;-;-;-;-;-;519,604;-;-;-;-;-;-;-
DOLN28P006350;BRBMEFVDR969;FINANCIAL;-;-;-;-;-;-;-;-;-;545,749;-;-;-;-;-;-;-
DOLN28P006400;BRBMEFVDR977;FINANCIAL;-;-;-;-;-;-;-;-;-;572,648;-;-;-;-;-;-;-
DOLN28P006450;BRBMEFVDR985;FINANCIAL;-;-;-;-;-;-;-;-;-;600,022;-;-;-;-;-;-;-
DOLN28P006500;BRBMEFVDR993;FINANCIAL;-;-;-;-;-;-;-;-;-;627,852;-;-;-;-;-;-;-
DOLN28P006550;BRBMEFVDR9A1;FINANCIAL;-;-;-;-;-;-;-;-;-;655,865;-;-;-;-;-;-;-
DOLN28P006600;BRBMEFVDR9B9;FINANCIAL;-;-;-;-;-;-;-;-;-;684,557;-;-;-;-;-;-;-
DOLN28P006650;BRBMEFVDR9C7;FINANCIAL;-;-;-;-;-;-;-;-;-;713,654;-;-;-;-;-;-;-
DOLN28P006700;BRBMEFVDR9D5;FINANCIAL;-;-;-;-;-;-;-;-;-;743,139;-;-;-;-;-;-;-
DOLN28P006750;BRBMEFVDR9E3;FINANCIAL;-;-;-;-;-;-;-;-;-;772,996;-;-;-;-;-;-;-
DOLN28P006800;BRBMEFVDR9F0;FINANCIAL;-;-;-;-;-;-;-;-;-;802,721;-;-;-;-;-;-;-
DOLN28P006850;BRBMEFVDR9G8;FINANCIAL;-;-;-;-;-;-;-;-;-;833,04;-;-;-;-;-;-;-
DOLN28P006900;BRBMEFVDR9H6;FINANCIAL;-;-;-;-;-;-;-;-;-;863,692;-;-;-;-;-;-;-
DOLN28P006950;BRBMEFVDR9I4;FINANCIAL;-;-;-;-;-;-;-;-;-;894,427;-;-;-;-;-;-;-
DOLN28P007000;BRBMEFVDR9J2;FINANCIAL;-;-;-;-;-;-;-;-;-;925,706;-;-;-;-;-;-;-
DOLN29C005000;BRBMEFCD69K1;FINANCIAL;-;-;-;-;-;-;-;-;-;1114,981;-;-;-;-;-;-;-
DOLN29C005050;BRBMEFCD69L9;FINANCIAL;-;-;-;-;-;-;-;-;-;1087,482;-;-;-;-;-;-;-
DOLN29C005100;BRBMEFCD69M7;FINANCIAL;-;-;-;-;-;-;-;-;-;1060,319;-;-;-;-;-;-;-
DOLN29C005150;BRBMEFCD69N5;FINANCIAL;-;-;-;-;-;-;-;-;-;1033,499;-;-;-;-;-;-;-
DOLN29C005200;BRBMEFCD69O3;FINANCIAL;-;-;-;-;-;-;-;-;-;1007,029;-;-;-;-;-;-;-
DOLN29C005250;BRBMEFCD69P0;FINANCIAL;-;-;-;-;-;-;-;-;-;980,919;-;-;-;-;-;-;-
DOLN29C005300;BRBMEFCD69Q8;FINANCIAL;-;-;-;-;-;-;-;-;-;955,366;-;-;-;-;-;-;-
DOLN29C005350;BRBMEFCD69R6;FINANCIAL;-;-;-;-;-;-;-;-;-;930;-;-;-;-;-;-;-
DOLN29C005400;BRBMEFCD69S4;FINANCIAL;-;-;-;-;-;-;-;-;-;905,012;-;-;-;-;-;-;-
DOLN29C005450;BRBMEFCD69T2;FINANCIAL;-;-;-;-;-;-;-;-;-;880,408;-;-;-;-;-;-;-
DOLN29C005500;BRBMEFCD69U0;FINANCIAL;-;-;-;-;-;-;-;-;-;856,193;-;-;-;-;-;-;-
DOLN29C005550;BRBMEFCD69V8;FINANCIAL;-;-;-;-;-;-;-;-;-;832,373;-;-;-;-;-;-;-
DOLN29C005600;BRBMEFCD69W6;FINANCIAL;-;-;-;-;-;-;-;-;-;809,182;-;-;-;-;-;-;-
DOLN29C005650;BRBMEFCD69X4;FINANCIAL;-;-;-;-;-;-;-;-;-;786,169;-;-;-;-;-;-;-
DOLN29C005700;BRBMEFCD69Y2;FINANCIAL;-;-;-;-;-;-;-;-;-;763,562;-;-;-;-;-;-;-
DOLN29C005750;BRBMEFCD69Z9;FINANCIAL;-;-;-;-;-;-;-;-;-;742,354;-;-;-;-;-;-;-
DOLN29C005800;BRBMEFCD6A00;FINANCIAL;-;-;-;-;-;-;-;-;-;721,348;-;-;-;-;-;-;-
DOLN29C005850;BRBMEFCD6A18;FINANCIAL;-;-;-;-;-;-;-;-;-;701,043;-;-;-;-;-;-;-
DOLN29C005900;BRBMEFCD6A26;FINANCIAL;-;-;-;-;-;-;-;-;-;681,19;-;-;-;-;-;-;-
DOLN29C005950;BRBMEFCD6A34;FINANCIAL;-;-;-;-;-;-;-;-;-;661,521;-;-;-;-;-;-;-
DOLN29C006000;BRBMEFCD6A42;FINANCIAL;-;-;-;-;-;-;-;-;-;642,563;-;-;-;-;-;-;-
DOLN29C006050;BRBMEFCD6A59;FINANCIAL;-;-;-;-;-;-;-;-;-;623,776;-;-;-;-;-;-;-
DOLN29C006100;BRBMEFCD6A67;FINANCIAL;-;-;-;-;-;-;-;-;-;605,703;-;-;-;-;-;-;-
DOLN29C006150;BRBMEFCD6A75;FINANCIAL;-;-;-;-;-;-;-;-;-;588,069;-;-;-;-;-;-;-
DOLN29C006200;BRBMEFCD6A83;FINANCIAL;-;-;-;-;-;-;-;-;-;570,584;-;-;-;-;-;-;-
DOLN29C006250;BRBMEFCD6A91;FINANCIAL;-;-;-;-;-;-;-;-;-;554,391;-;-;-;-;-;-;-
DOLN29C006300;BRBMEFCD6AA0;FINANCIAL;-;-;-;-;-;-;-;-;-;538,925;-;-;-;-;-;-;-
DOLN29C006350;BRBMEFCD6AB8;FINANCIAL;-;-;-;-;-;-;-;-;-;523,893;-;-;-;-;-;-;-
DOLN29C006400;BRBMEFCD6AC6;FINANCIAL;-;-;-;-;-;-;-;-;-;508,992;-;-;-;-;-;-;-
DOLN29C006450;BRBMEFCD6AD4;FINANCIAL;-;-;-;-;-;-;-;-;-;494,801;-;-;-;-;-;-;-
DOLN29C006500;BRBMEFCD6AE2;FINANCIAL;-;-;-;-;-;-;-;-;-;481,02;-;-;-;-;-;-;-
DOLN29C006550;BRBMEFCD6AF9;FINANCIAL;-;-;-;-;-;-;-;-;-;467,64;-;-;-;-;-;-;-
DOLN29C006600;BRBMEFCD6AG7;FINANCIAL;-;-;-;-;-;-;-;-;-;454,652;-;-;-;-;-;-;-
DOLN29C006650;BRBMEFCD6AH5;FINANCIAL;-;-;-;-;-;-;-;-;-;442,046;-;-;-;-;-;-;-
DOLN29C006700;BRBMEFCD6AI3;FINANCIAL;-;-;-;-;-;-;-;-;-;429,512;-;-;-;-;-;-;-
DOLN29C006750;BRBMEFCD6AJ1;FINANCIAL;-;-;-;-;-;-;-;-;-;417,646;-;-;-;-;-;-;-
DOLN29C006800;BRBMEFCD6AK9;FINANCIAL;-;-;-;-;-;-;-;-;-;406,135;-;-;-;-;-;-;-
DOLN29C006850;BRBMEFCD6AL7;FINANCIAL;-;-;-;-;-;-;-;-;-;395,579;-;-;-;-;-;-;-
DOLN29C006900;BRBMEFCD6AM5;FINANCIAL;-;-;-;-;-;-;-;-;-;385,057;-;-;-;-;-;-;-
DOLN29C006950;BRBMEFCD6AN3;FINANCIAL;-;-;-;-;-;-;-;-;-;374,864;-;-;-;-;-;-;-
DOLN29C007000;BRBMEFCD6AO1;FINANCIAL;-;-;-;-;-;-;-;-;-;364,989;-;-;-;-;-;-;-
DOLN29P005000;BRBMEFVDR9K0;FINANCIAL;-;-;-;-;-;-;-;-;-;75,263;-;-;-;-;-;-;-
DOLN29P005050;BRBMEFVDR9L8;FINANCIAL;-;-;-;-;-;-;-;-;-;81,303;-;-;-;-;-;-;-
DOLN29P005100;BRBMEFVDR9M6;FINANCIAL;-;-;-;-;-;-;-;-;-;87,678;-;-;-;-;-;-;-
DOLN29P005150;BRBMEFVDR9N4;FINANCIAL;-;-;-;-;-;-;-;-;-;94,396;-;-;-;-;-;-;-
DOLN29P005200;BRBMEFVDR9O2;FINANCIAL;-;-;-;-;-;-;-;-;-;101,466;-;-;-;-;-;-;-
DOLN29P005250;BRBMEFVDR9P9;FINANCIAL;-;-;-;-;-;-;-;-;-;108,893;-;-;-;-;-;-;-
DOLN29P005300;BRBMEFVDR9Q7;FINANCIAL;-;-;-;-;-;-;-;-;-;116,88;-;-;-;-;-;-;-
DOLN29P005350;BRBMEFVDR9R5;FINANCIAL;-;-;-;-;-;-;-;-;-;125,052;-;-;-;-;-;-;-
DOLN29P005400;BRBMEFVDR9S3;FINANCIAL;-;-;-;-;-;-;-;-;-;133,602;-;-;-;-;-;-;-
DOLN29P005450;BRBMEFVDR9T1;FINANCIAL;-;-;-;-;-;-;-;-;-;142,537;-;-;-;-;-;-;-
DOLN29P005500;BRBMEFVDR9U9;FINANCIAL;-;-;-;-;-;-;-;-;-;151,861;-;-;-;-;-;-;-
DOLN29P005550;BRBMEFVDR9V7;FINANCIAL;-;-;-;-;-;-;-;-;-;161,579;-;-;-;-;-;-;-
DOLN29P005600;BRBMEFVDR9W5;FINANCIAL;-;-;-;-;-;-;-;-;-;171,927;-;-;-;-;-;-;-
DOLN29P005650;BRBMEFVDR9X3;FINANCIAL;-;-;-;-;-;-;-;-;-;182,452;-;-;-;-;-;-;-
DOLN29P005700;BRBMEFVDR9Y1;FINANCIAL;-;-;-;-;-;-;-;-;-;193,384;-;-;-;-;-;-;-
DOLN29P005750;BRBMEFVDR9Z8;FINANCIAL;-;-;-;-;-;-;-;-;-;205,715;-;-;-;-;-;-;-
DOLN29P005800;BRBMEFVDRA09;FINANCIAL;-;-;-;-;-;-;-;-;-;218,247;-;-;-;-;-;-;-
DOLN29P005850;BRBMEFVDRA17;FINANCIAL;-;-;-;-;-;-;-;-;-;231,481;-;-;-;-;-;-;-
DOLN29P005900;BRBMEFVDRA25;FINANCIAL;-;-;-;-;-;-;-;-;-;245,167;-;-;-;-;-;-;-
DOLN29P005950;BRBMEFVDRA33;FINANCIAL;-;-;-;-;-;-;-;-;-;259,036;-;-;-;-;-;-;-
DOLN29P006000;BRBMEFVDRA41;FINANCIAL;-;-;-;-;-;-;-;-;-;273,617;-;-;-;-;-;-;-
DOLN29P006050;BRBMEFVDRA58;FINANCIAL;-;-;-;-;-;-;-;-;-;288,368;-;-;-;-;-;-;-
DOLN29P006100;BRBMEFVDRA66;FINANCIAL;-;-;-;-;-;-;-;-;-;303,834;-;-;-;-;-;-;-
DOLN29P006150;BRBMEFVDRA74;FINANCIAL;-;-;-;-;-;-;-;-;-;319,739;-;-;-;-;-;-;-
DOLN29P006200;BRBMEFVDRA82;FINANCIAL;-;-;-;-;-;-;-;-;-;335,793;-;-;-;-;-;-;-
DOLN29P006250;BRBMEFVDRA90;FINANCIAL;-;-;-;-;-;-;-;-;-;353,138;-;-;-;-;-;-;-
DOLN29P006300;BRBMEFVDRAA9;FINANCIAL;-;-;-;-;-;-;-;-;-;371,211;-;-;-;-;-;-;-
DOLN29P006350;BRBMEFVDRAB7;FINANCIAL;-;-;-;-;-;-;-;-;-;389,718;-;-;-;-;-;-;-
DOLN29P006400;BRBMEFVDRAC5;FINANCIAL;-;-;-;-;-;-;-;-;-;408,355;-;-;-;-;-;-;-
DOLN29P006450;BRBMEFVDRAD3;FINANCIAL;-;-;-;-;-;-;-;-;-;427,703;-;-;-;-;-;-;-
DOLN29P006500;BRBMEFVDRAE1;FINANCIAL;-;-;-;-;-;-;-;-;-;447,46;-;-;-;-;-;-;-
DOLN29P006550;BRBMEFVDRAF8;FINANCIAL;-;-;-;-;-;-;-;-;-;467,619;-;-;-;-;-;-;-
DOLN29P006600;BRBMEFVDRAG6;FINANCIAL;-;-;-;-;-;-;-;-;-;488,169;-;-;-;-;-;-;-
DOLN29P006650;BRBMEFVDRAH4;FINANCIAL;-;-;-;-;-;-;-;-;-;509,102;-;-;-;-;-;-;-
DOLN29P006700;BRBMEFVDRAI2;FINANCIAL;-;-;-;-;-;-;-;-;-;530,107;-;-;-;-;-;-;-
DOLN29P006750;BRBMEFVDRAJ0;FINANCIAL;-;-;-;-;-;-;-;-;-;551,779;-;-;-;-;-;-;-
DOLN29P006800;BRBMEFVDRAK8;FINANCIAL;-;-;-;-;-;-;-;-;-;573,807;-;-;-;-;-;-;-
DOLN29P006850;BRBMEFVDRAL6;FINANCIAL;-;-;-;-;-;-;-;-;-;596,789;-;-;-;-;-;-;-
DOLN29P006900;BRBMEFVDRAM4;FINANCIAL;-;-;-;-;-;-;-;-;-;619,806;-;-;-;-;-;-;-
DOLN29P006950;BRBMEFVDRAN2;FINANCIAL;-;-;-;-;-;-;-;-;-;643,151;-;-;-;-;-;-;-
DOLN29P007000;BRBMEFVDRAO0;FINANCIAL;-;-;-;-;-;-;-;-;-;666,816;-;-;-;-;-;-;-
DOLV26C005750;BRBMEFCD44C1;FINANCIAL;-;-;-;-;-;-;-;-;-;30,18;-;-;-;-;-;-;-
DOLV26C005850;BRBMEFCD44D9;FINANCIAL;-;-;-;-;-;-;-;-;-;22,18;-;-;-;-;-;-;-
DOLV26C005950;BRBMEFCD44E7;FINANCIAL;-;-;-;-;-;-;-;-;-;15,921;-;-;-;-;-;-;-
DOLV26C006050;BRBMEFCD44F4;FINANCIAL;-;-;-;-;-;-;-;-;-;11,065;-;-;-;-;-;-;-
DOLV26C006150;BRBMEFCD44G2;FINANCIAL;-;-;-;-;-;-;-;-;-;7,537;-;-;-;-;-;-;-
DOLV26C006250;BRBMEFCD44H0;FINANCIAL;-;-;-;-;-;-;-;-;-;4,938;-;-;-;-;-;-;-
DOLV26P005750;BRBMEFVD44D9;FINANCIAL;-;-;-;-;-;-;-;-;-;478,596;-;-;-;-;-;-;-
DOLV26P005850;BRBMEFVD44E7;FINANCIAL;-;-;-;-;-;-;-;-;-;567,11;-;-;-;-;-;-;-
DOLV26P005950;BRBMEFVD44F4;FINANCIAL;-;-;-;-;-;-;-;-;-;657,366;-;-;-;-;-;-;-
DOLV26P006050;BRBMEFVD44G2;FINANCIAL;-;-;-;-;-;-;-;-;-;749,024;-;-;-;-;-;-;-
DOLV26P006150;BRBMEFVD44H0;FINANCIAL;-;-;-;-;-;-;-;-;-;842,011;-;-;-;-;-;-;-
DOLV26P006250;BRBMEFVD44I8;FINANCIAL;-;-;-;-;-;-;-;-;-;935,925;-;-;-;-;-;-;-
DOLN26C006400;BRBMEFCD6AS2;FINANCIAL;-;-;-;-;-;-;-;-;-;0,001;-;-;-;-;-;-;-
DOLN26P006400;BRBMEFVDRAS1;FINANCIAL;-;-;-;-;-;-;-;-;-;1224,369;-;-;-;-;-;-;-
DOLF27C007050;BRBMEFCE1CH1;FINANCIAL;-;-;-;-;-;-;-;-;-;8,061;-;-;-;-;-;-;-
DOLF27C007100;BRBMEFCE1CI9;FINANCIAL;-;-;-;-;-;-;-;-;-;7,142;-;-;-;-;-;-;-
DOLF27C007150;BRBMEFCE1CJ7;FINANCIAL;-;-;-;-;-;-;-;-;-;6,324;-;-;-;-;-;-;-
DOLF27C007200;BRBMEFCE1CK5;FINANCIAL;-;-;-;-;-;-;-;-;-;5,597;-;-;-;-;-;-;-
DOLF27C007250;BRBMEFCE1CL3;FINANCIAL;-;-;-;-;-;-;-;-;-;4,969;-;-;-;-;-;-;-
DOLF27C007300;BRBMEFCE1CM1;FINANCIAL;-;-;-;-;-;-;-;-;-;4,395;-;-;-;-;-;-;-
DOLF27C007350;BRBMEFCE1CN9;FINANCIAL;-;-;-;-;-;-;-;-;-;3,885;-;-;-;-;-;-;-
DOLF27C007400;BRBMEFCE1CO7;FINANCIAL;-;-;-;-;-;-;-;-;-;3,433;-;-;-;-;-;-;-
DOLF27C007450;BRBMEFCE1CP4;FINANCIAL;-;-;-;-;-;-;-;-;-;3,044;-;-;-;-;-;-;-
DOLF27C007500;BRBMEFCE1CQ2;FINANCIAL;-;-;-;-;-;-;-;-;-;2,689;-;-;-;-;-;-;-
DOLF27C007550;BRBMEFCE1CR0;FINANCIAL;-;-;-;-;-;-;-;-;-;2,374;-;-;-;-;-;-;-
DOLF27C007600;BRBMEFCE1CS8;FINANCIAL;-;-;-;-;-;-;-;-;-;2,077;-;-;-;-;-;-;-
DOLF27C007650;BRBMEFCE1CT6;FINANCIAL;-;-;-;-;-;-;-;-;-;1,809;-;-;-;-;-;-;-
DOLF27C007700;BRBMEFCE1CU4;FINANCIAL;-;-;-;-;-;-;-;-;-;1,574;-;-;-;-;-;-;-
DOLF27C007750;BRBMEFCE1CV2;FINANCIAL;-;-;-;-;-;-;-;-;-;1,368;-;-;-;-;-;-;-
DOLF27C007800;BRBMEFCE1CW0;FINANCIAL;-;-;-;-;-;-;-;-;-;1,188;-;-;-;-;-;-;-
DOLF27C007850;BRBMEFCE1CX8;FINANCIAL;-;-;-;-;-;-;-;-;-;1,031;-;-;-;-;-;-;-
DOLF27C007900;BRBMEFCE1CY6;FINANCIAL;-;-;-;-;-;-;-;-;-;0,893;-;-;-;-;-;-;-
DOLF27C007950;BRBMEFCE1CZ3;FINANCIAL;-;-;-;-;-;-;-;-;-;0,774;-;-;-;-;-;-;-
DOLF27C008000;BRBMEFCE1D00;FINANCIAL;-;-;-;-;-;-;-;-;-;0,67;-;-;-;-;-;-;-
DOLF27C008050;BRBMEFCE1D18;FINANCIAL;-;-;-;-;-;-;-;-;-;0,579;-;-;-;-;-;-;-
DOLF27C008100;BRBMEFCE1D26;FINANCIAL;-;-;-;-;-;-;-;-;-;0,501;-;-;-;-;-;-;-
DOLF27C008150;BRBMEFCE1D34;FINANCIAL;-;-;-;-;-;-;-;-;-;0,432;-;-;-;-;-;-;-
DOLF27C008200;BRBMEFCE1D42;FINANCIAL;-;-;-;-;-;-;-;-;-;0,373;-;-;-;-;-;-;-
DOLF27C008250;BRBMEFCE1D59;FINANCIAL;-;-;-;-;-;-;-;-;-;0,322;-;-;-;-;-;-;-
DOLF27C008300;BRBMEFCE1D67;FINANCIAL;-;-;-;-;-;-;-;-;-;0,277;-;-;-;-;-;-;-
DOLF27C008350;BRBMEFCE1D75;FINANCIAL;-;-;-;-;-;-;-;-;-;0,239;-;-;-;-;-;-;-
DOLF27C008400;BRBMEFCE1D83;FINANCIAL;-;-;-;-;-;-;-;-;-;0,205;-;-;-;-;-;-;-
DOLF27C008450;BRBMEFCE1D91;FINANCIAL;-;-;-;-;-;-;-;-;-;0,177;-;-;-;-;-;-;-
DOLF27C008500;BRBMEFCE1DA4;FINANCIAL;-;-;-;-;-;-;-;-;-;0,152;-;-;-;-;-;-;-
DOLF27C008550;BRBMEFCE1DB2;FINANCIAL;-;-;-;-;-;-;-;-;-;0,13;-;-;-;-;-;-;-
DOLF27C008600;BRBMEFCE1DC0;FINANCIAL;-;-;-;-;-;-;-;-;-;0,112;-;-;-;-;-;-;-
DOLF27C008650;BRBMEFCE1DD8;FINANCIAL;-;-;-;-;-;-;-;-;-;0,096;-;-;-;-;-;-;-
DOLF27C008700;BRBMEFCE1DE6;FINANCIAL;-;-;-;-;-;-;-;-;-;0,082;-;-;-;-;-;-;-
DOLF27C008750;BRBMEFCE1DF3;FINANCIAL;-;-;-;-;-;-;-;-;-;0,07;-;-;-;-;-;-;-
DOLF27C008800;BRBMEFCE1DG1;FINANCIAL;-;-;-;-;-;-;-;-;-;0,06;-;-;-;-;-;-;-
DOLF27C008850;BRBMEFCE1DH9;FINANCIAL;-;-;-;-;-;-;-;-;-;0,052;-;-;-;-;-;-;-
DOLF27C008900;BRBMEFCE1DI7;FINANCIAL;-;-;-;-;-;-;-;-;-;0,044;-;-;-;-;-;-;-
DOLF27C008950;BRBMEFCE1DJ5;FINANCIAL;-;-;-;-;-;-;-;-;-;0,038;-;-;-;-;-;-;-
DOLF27C009000;BRBMEFCE1DK3;FINANCIAL;-;-;-;-;-;-;-;-;-;0,032;-;-;-;-;-;-;-
DOLF27C009050;BRBMEFCE1DL1;FINANCIAL;-;-;-;-;-;-;-;-;-;0,028;-;-;-;-;-;-;-
DOLF27C009100;BRBMEFCE1DM9;FINANCIAL;-;-;-;-;-;-;-;-;-;0,023;-;-;-;-;-;-;-
DOLF27P007050;BRBMEFDE1BN0;FINANCIAL;-;-;-;-;-;-;-;-;-;1565,415;-;-;-;-;-;-;-
DOLF27P007100;BRBMEFDE1BO8;FINANCIAL;-;-;-;-;-;-;-;-;-;1611,215;-;-;-;-;-;-;-
DOLF27P007150;BRBMEFDE1BP5;FINANCIAL;-;-;-;-;-;-;-;-;-;1657,117;-;-;-;-;-;-;-
DOLF27P007200;BRBMEFDE1BQ3;FINANCIAL;-;-;-;-;-;-;-;-;-;1703,11;-;-;-;-;-;-;-
DOLF27P007250;BRBMEFDE1BR1;FINANCIAL;-;-;-;-;-;-;-;-;-;1749,202;-;-;-;-;-;-;-
DOLF27P007300;BRBMEFDE1BS9;FINANCIAL;-;-;-;-;-;-;-;-;-;1795,347;-;-;-;-;-;-;-
DOLF27P007350;BRBMEFDE1BT7;FINANCIAL;-;-;-;-;-;-;-;-;-;1841,556;-;-;-;-;-;-;-
DOLF27P007400;BRBMEFDE1BU5;FINANCIAL;-;-;-;-;-;-;-;-;-;1887,824;-;-;-;-;-;-;-
DOLF27P007450;BRBMEFDE1BV3;FINANCIAL;-;-;-;-;-;-;-;-;-;1934,155;-;-;-;-;-;-;-
DOLF27P007500;BRBMEFDE1BW1;FINANCIAL;-;-;-;-;-;-;-;-;-;1980,519;-;-;-;-;-;-;-
DOLF27P007550;BRBMEFDE1BX9;FINANCIAL;-;-;-;-;-;-;-;-;-;2026,923;-;-;-;-;-;-;-
DOLF27P007600;BRBMEFDE1BY7;FINANCIAL;-;-;-;-;-;-;-;-;-;2073,346;-;-;-;-;-;-;-
DOLF27P007650;BRBMEFDE1BZ4;FINANCIAL;-;-;-;-;-;-;-;-;-;2119,797;-;-;-;-;-;-;-
DOLF27P007700;BRBMEFDE1C09;FINANCIAL;-;-;-;-;-;-;-;-;-;2166,282;-;-;-;-;-;-;-
DOLF27P007750;BRBMEFDE1C17;FINANCIAL;-;-;-;-;-;-;-;-;-;2212,795;-;-;-;-;-;-;-
DOLF27P007800;BRBMEFDE1C25;FINANCIAL;-;-;-;-;-;-;-;-;-;2259,335;-;-;-;-;-;-;-
DOLF27P007850;BRBMEFDE1C33;FINANCIAL;-;-;-;-;-;-;-;-;-;2305,897;-;-;-;-;-;-;-
DOLF27P007900;BRBMEFDE1C41;FINANCIAL;-;-;-;-;-;-;-;-;-;2352,48;-;-;-;-;-;-;-
DOLF27P007950;BRBMEFDE1C58;FINANCIAL;-;-;-;-;-;-;-;-;-;2399,08;-;-;-;-;-;-;-
DOLF27P008000;BRBMEFDE1C66;FINANCIAL;-;-;-;-;-;-;-;-;-;2445,695;-;-;-;-;-;-;-
DOLF27P008050;BRBMEFDE1C74;FINANCIAL;-;-;-;-;-;-;-;-;-;2492,324;-;-;-;-;-;-;-
DOLF27P008100;BRBMEFDE1C82;FINANCIAL;-;-;-;-;-;-;-;-;-;2538,965;-;-;-;-;-;-;-
DOLF27P008150;BRBMEFDE1C90;FINANCIAL;-;-;-;-;-;-;-;-;-;2585,616;-;-;-;-;-;-;-
DOLF27P008200;BRBMEFDE1CA5;FINANCIAL;-;-;-;-;-;-;-;-;-;2632,276;-;-;-;-;-;-;-
DOLF27P008250;BRBMEFDE1CB3;FINANCIAL;-;-;-;-;-;-;-;-;-;2678,944;-;-;-;-;-;-;-
DOLF27P008300;BRBMEFDE1CC1;FINANCIAL;-;-;-;-;-;-;-;-;-;2725,619;-;-;-;-;-;-;-
DOLF27P008350;BRBMEFDE1CD9;FINANCIAL;-;-;-;-;-;-;-;-;-;2772,3;-;-;-;-;-;-;-
DOLF27P008400;BRBMEFDE1CE7;FINANCIAL;-;-;-;-;-;-;-;-;-;2818,987;-;-;-;-;-;-;-
DOLF27P008450;BRBMEFDE1CF4;FINANCIAL;-;-;-;-;-;-;-;-;-;2865,677;-;-;-;-;-;-;-
DOLF27P008500;BRBMEFDE1CG2;FINANCIAL;-;-;-;-;-;-;-;-;-;2912,372;-;-;-;-;-;-;-
DOLF27P008550;BRBMEFDE1CH0;FINANCIAL;-;-;-;-;-;-;-;-;-;2959,07;-;-;-;-;-;-;-
DOLF27P008600;BRBMEFDE1CI8;FINANCIAL;-;-;-;-;-;-;-;-;-;3005,771;-;-;-;-;-;-;-
DOLF27P008650;BRBMEFDE1CJ6;FINANCIAL;-;-;-;-;-;-;-;-;-;3052,475;-;-;-;-;-;-;-
DOLF27P008700;BRBMEFDE1CK4;FINANCIAL;-;-;-;-;-;-;-;-;-;3099,181;-;-;-;-;-;-;-
DOLF27P008750;BRBMEFDE1CL2;FINANCIAL;-;-;-;-;-;-;-;-;-;3145,888;-;-;-;-;-;-;-
DOLF27P008800;BRBMEFDE1CM0;FINANCIAL;-;-;-;-;-;-;-;-;-;3192,598;-;-;-;-;-;-;-
DOLF27P008850;BRBMEFDE1CN8;FINANCIAL;-;-;-;-;-;-;-;-;-;3239,309;-;-;-;-;-;-;-
DOLF27P008900;BRBMEFDE1CO6;FINANCIAL;-;-;-;-;-;-;-;-;-;3286,021;-;-;-;-;-;-;-
DOLF27P008950;BRBMEFDE1CP3;FINANCIAL;-;-;-;-;-;-;-;-;-;3332,734;-;-;-;-;-;-;-
DOLF27P009000;BRBMEFDE1CQ1;FINANCIAL;-;-;-;-;-;-;-;-;-;3379,448;-;-;-;-;-;-;-
DOLF27P009050;BRBMEFDE1CR9;FINANCIAL;-;-;-;-;-;-;-;-;-;3426,163;-;-;-;-;-;-;-
DOLF27P009100;BRBMEFDE1CS7;FINANCIAL;-;-;-;-;-;-;-;-;-;3472,878;-;-;-;-;-;-;-
DOLF28C007500;BRBMEFCE1DN7;FINANCIAL;-;-;-;-;-;-;-;-;-;77,575;-;-;-;-;-;-;-
DOLF28C008000;BRBMEFCE1DO5;FINANCIAL;-;-;-;-;-;-;-;-;-;51,18;-;-;-;-;-;-;-
DOLF28P007500;BRBMEFDE1CT5;FINANCIAL;-;-;-;-;-;-;-;-;-;1455,306;-;-;-;-;-;-;-
DOLF28P008000;BRBMEFDE1CU3;FINANCIAL;-;-;-;-;-;-;-;-;-;1838,191;-;-;-;-;-;-;-
DOLF29C008000;BRBMEFCE1DP2;FINANCIAL;-;-;-;-;-;-;-;-;-;158,165;-;-;-;-;-;-;-
DOLF29C008500;BRBMEFCE1DQ0;FINANCIAL;-;-;-;-;-;-;-;-;-;117,924;-;-;-;-;-;-;-
DOLF29P008000;BRBMEFDE1CV1;FINANCIAL;-;-;-;-;-;-;-;-;-;1387,299;-;-;-;-;-;-;-
DOLF29P008500;BRBMEFDE1CW9;FINANCIAL;-;-;-;-;-;-;-;-;-;1705,733;-;-;-;-;-;-;-
DOLN29C007500;BRBMEFCD6AT0;FINANCIAL;-;-;-;-;-;-;-;-;-;283,007;-;-;-;-;-;-;-
DOLN29C008000;BRBMEFCD6AU8;FINANCIAL;-;-;-;-;-;-;-;-;-;222,114;-;-;-;-;-;-;-
DOLN29C008500;BRBMEFCD6AV6;FINANCIAL;-;-;-;-;-;-;-;-;-;178,448;-;-;-;-;-;-;-
DOLN29P007500;BRBMEFVDRAT9;FINANCIAL;-;-;-;-;-;-;-;-;-;920,219;-;-;-;-;-;-;-
DOLN29P008000;BRBMEFVDRAU7;FINANCIAL;-;-;-;-;-;-;-;-;-;1194,713;-;-;-;-;-;-;-
DOLN29P008500;BRBMEFVDRAV5;FINANCIAL;-;-;-;-;-;-;-;-;-;1486,433;-;-;-;-;-;-;-
DOLN26C006600;BRBMEFCD6AW4;FINANCIAL;-;-;-;-;-;-;-;-;-;0,001;-;-;-;-;-;-;-
DOLN26C006700;BRBMEFCD6AX2;FINANCIAL;-;-;-;-;-;-;-;-;-;0,001;-;-;-;-;-;-;-
DOLN26C006800;BRBMEFCD6AY0;FINANCIAL;-;-;-;-;-;-;-;-;-;0,001;-;-;-;-;-;-;-
DOLN26C006900;BRBMEFCD6AZ7;FINANCIAL;-;-;-;-;-;-;-;-;-;0,001;-;-;-;-;-;-;-
DOLN26P006600;BRBMEFVDRAW3;FINANCIAL;-;-;-;-;-;-;-;-;-;1424,054;-;-;-;-;-;-;-
DOLN26P006700;BRBMEFVDRAX1;FINANCIAL;-;-;-;-;-;-;-;-;-;1523,897;-;-;-;-;-;-;-
DOLN26P006800;BRBMEFVDRAY9;FINANCIAL;-;-;-;-;-;-;-;-;-;1623,739;-;-;-;-;-;-;-
DOLN26P006900;BRBMEFVDRAZ6;FINANCIAL;-;-;-;-;-;-;-;-;-;1723,582;-;-;-;-;-;-;-
DOLV26C007500;BRBMEFCD44I8;FINANCIAL;-;-;-;-;-;-;-;-;-;0,005;-;-;-;-;-;-;-
DOLV26P007500;BRBMEFVD44J6;FINANCIAL;-;-;-;-;-;-;-;-;-;2137,42;-;-;-;-;-;-;-
DOLF27C009150;BRBMEFCE1EJ3;FINANCIAL;-;-;-;-;-;-;-;-;-;0,02;-;-;-;-;-;-;-
DOLF27C009200;BRBMEFCE1EK1;FINANCIAL;-;-;-;-;-;-;-;-;-;0,017;-;-;-;-;-;-;-
DOLF27C009250;BRBMEFCE1EL9;FINANCIAL;-;-;-;-;-;-;-;-;-;0,015;-;-;-;-;-;-;-
DOLF27C009300;BRBMEFCE1EM7;FINANCIAL;-;-;-;-;-;-;-;-;-;0,012;-;-;-;-;-;-;-
DOLF27C009350;BRBMEFCE1EN5;FINANCIAL;-;-;-;-;-;-;-;-;-;0,011;-;-;-;-;-;-;-
DOLF27C009400;BRBMEFCE1EO3;FINANCIAL;-;-;-;-;-;-;-;-;-;0,009;-;-;-;-;-;-;-
DOLF27C009450;BRBMEFCE1EP0;FINANCIAL;-;-;-;-;-;-;-;-;-;0,008;-;-;-;-;-;-;-
DOLF27C009500;BRBMEFCE1EQ8;FINANCIAL;-;-;-;-;-;-;-;-;-;0,006;-;-;-;-;-;-;-
DOLF27C009550;BRBMEFCE1ER6;FINANCIAL;-;-;-;-;-;-;-;-;-;0,006;-;-;-;-;-;-;-
DOLF27C009600;BRBMEFCE1ES4;FINANCIAL;-;-;-;-;-;-;-;-;-;0,005;-;-;-;-;-;-;-
DOLF27C009650;BRBMEFCE1ET2;FINANCIAL;-;-;-;-;-;-;-;-;-;0,004;-;-;-;-;-;-;-
DOLF27C009700;BRBMEFCE1EU0;FINANCIAL;-;-;-;-;-;-;-;-;-;0,003;-;-;-;-;-;-;-
DOLF27C009750;BRBMEFCE1EV8;FINANCIAL;-;-;-;-;-;-;-;-;-;0,003;-;-;-;-;-;-;-
DOLF27C009800;BRBMEFCE1EW6;FINANCIAL;-;-;-;-;-;-;-;-;-;0,002;-;-;-;-;-;-;-
DOLF27C009850;BRBMEFCE1EX4;FINANCIAL;-;-;-;-;-;-;-;-;-;0,002;-;-;-;-;-;-;-
DOLF27C009900;BRBMEFCE1EY2;FINANCIAL;-;-;-;-;-;-;-;-;-;0,002;-;-;-;-;-;-;-
DOLF27C009950;BRBMEFCE1EZ9;FINANCIAL;-;-;-;-;-;-;-;-;-;0,001;-;-;-;-;-;-;-
DOLF27C010000;BRBMEFCE1F08;FINANCIAL;-;-;-;-;-;-;-;-;-;0,001;-;-;-;-;-;-;-
DOLF27P009150;BRBMEFDE1DP1;FINANCIAL;-;-;-;-;-;-;-;-;-;3519,594;-;-;-;-;-;-;-
DOLF27P009200;BRBMEFDE1DQ9;FINANCIAL;-;-;-;-;-;-;-;-;-;3566,311;-;-;-;-;-;-;-
DOLF27P009250;BRBMEFDE1DR7;FINANCIAL;-;-;-;-;-;-;-;-;-;3613,028;-;-;-;-;-;-;-
DOLF27P009300;BRBMEFDE1DS5;FINANCIAL;-;-;-;-;-;-;-;-;-;3659,745;-;-;-;-;-;-;-
DOLF27P009350;BRBMEFDE1DT3;FINANCIAL;-;-;-;-;-;-;-;-;-;3706,463;-;-;-;-;-;-;-
DOLF27P009400;BRBMEFDE1DU1;FINANCIAL;-;-;-;-;-;-;-;-;-;3753,181;-;-;-;-;-;-;-
DOLF27P009450;BRBMEFDE1DV9;FINANCIAL;-;-;-;-;-;-;-;-;-;3799,899;-;-;-;-;-;-;-
DOLF27P009500;BRBMEFDE1DW7;FINANCIAL;-;-;-;-;-;-;-;-;-;3846,617;-;-;-;-;-;-;-
DOLF27P009550;BRBMEFDE1DX5;FINANCIAL;-;-;-;-;-;-;-;-;-;3893,336;-;-;-;-;-;-;-
DOLF27P009600;BRBMEFDE1DY3;FINANCIAL;-;-;-;-;-;-;-;-;-;3940,055;-;-;-;-;-;-;-
DOLF27P009650;BRBMEFDE1DZ0;FINANCIAL;-;-;-;-;-;-;-;-;-;3986,773;-;-;-;-;-;-;-
DOLF27P009700;BRBMEFDE1E07;FINANCIAL;-;-;-;-;-;-;-;-;-;4033,492;-;-;-;-;-;-;-
DOLF27P009750;BRBMEFDE1E15;FINANCIAL;-;-;-;-;-;-;-;-;-;4080,211;-;-;-;-;-;-;-
DOLF27P009800;BRBMEFDE1E23;FINANCIAL;-;-;-;-;-;-;-;-;-;4126,93;-;-;-;-;-;-;-
DOLF27P009850;BRBMEFDE1E31;FINANCIAL;-;-;-;-;-;-;-;-;-;4173,65;-;-;-;-;-;-;-
DOLF27P009900;BRBMEFDE1E49;FINANCIAL;-;-;-;-;-;-;-;-;-;4220,369;-;-;-;-;-;-;-
DOLF27P009950;BRBMEFDE1E56;FINANCIAL;-;-;-;-;-;-;-;-;-;4267,088;-;-;-;-;-;-;-
DOLF27P010000;BRBMEFDE1E64;FINANCIAL;-;-;-;-;-;-;-;-;-;4313,807;-;-;-;-;-;-;-
DOLF28C010500;BRBMEFCE1F99;FINANCIAL;-;-;-;-;-;-;-;-;-;4,59;-;-;-;-;-;-;-
DOLF28C011500;BRBMEFCE1FA9;FINANCIAL;-;-;-;-;-;-;-;-;-;1,568;-;-;-;-;-;-;-
DOLF28P010500;BRBMEFDE1EF0;FINANCIAL;-;-;-;-;-;-;-;-;-;3837,999;-;-;-;-;-;-;-
DOLF28P011500;BRBMEFDE1EG8;FINANCIAL;-;-;-;-;-;-;-;-;-;4653,536;-;-;-;-;-;-;-
DOLJ27C006400;BRBMEFCL15N1;FINANCIAL;-;-;-;-;-;-;-;-;-;67,006;-;-;-;-;-;-;-
DOLJ27C006500;BRBMEFCL15L5;FINANCIAL;-;-;-;-;-;-;-;-;-;57,837;-;-;-;-;-;-;-
DOLJ27C006600;BRBMEFCL15O9;FINANCIAL;-;-;-;-;-;-;-;-;-;50,115;-;-;-;-;-;-;-
DOLJ27C006700;BRBMEFCL15P6;FINANCIAL;-;-;-;-;-;-;-;-;-;43,529;-;-;-;-;-;-;-
DOLJ27C006800;BRBMEFCL15Q4;FINANCIAL;-;-;-;-;-;-;-;-;-;37,906;-;-;-;-;-;-;-
DOLJ27C006900;BRBMEFCL15R2;FINANCIAL;-;-;-;-;-;-;-;-;-;32,671;-;-;-;-;-;-;-
DOLJ27C007000;BRBMEFCL15S0;FINANCIAL;-;-;-;-;-;-;-;-;-;27,883;-;-;-;-;-;-;-
DOLJ27C007100;BRBMEFCL15T8;FINANCIAL;-;-;-;-;-;-;-;-;-;23,756;-;-;-;-;-;-;-
DOLJ27C007200;BRBMEFCL15U6;FINANCIAL;-;-;-;-;-;-;-;-;-;20,254;-;-;-;-;-;-;-
DOLJ27C007300;BRBMEFCL15V4;FINANCIAL;-;-;-;-;-;-;-;-;-;17,328;-;-;-;-;-;-;-
DOLJ27C007400;BRBMEFCL15M3;FINANCIAL;-;-;-;-;-;-;-;-;-;14,637;-;-;-;-;-;-;-
DOLJ27C007500;BRBMEFCL15W2;FINANCIAL;-;-;-;-;-;-;-;-;-;12,22;-;-;-;-;-;-;-
DOLJ27P006400;BRBMEFVDE6F1;FINANCIAL;-;-;-;-;-;-;-;-;-;892,071;-;-;-;-;-;-;-
DOLJ27P006500;BRBMEFVDE6D6;FINANCIAL;-;-;-;-;-;-;-;-;-;973,405;-;-;-;-;-;-;-
DOLJ27P006600;BRBMEFVDE6G9;FINANCIAL;-;-;-;-;-;-;-;-;-;1056,186;-;-;-;-;-;-;-
DOLJ27P006700;BRBMEFVDE6H7;FINANCIAL;-;-;-;-;-;-;-;-;-;1140,102;-;-;-;-;-;-;-
DOLJ27P006800;BRBMEFVDE6I5;FINANCIAL;-;-;-;-;-;-;-;-;-;1224,983;-;-;-;-;-;-;-
DOLJ27P006900;BRBMEFVDE6J3;FINANCIAL;-;-;-;-;-;-;-;-;-;1310,25;-;-;-;-;-;-;-
DOLJ27P007000;BRBMEFVDE6K1;FINANCIAL;-;-;-;-;-;-;-;-;-;1395,965;-;-;-;-;-;-;-
DOLJ27P007100;BRBMEFVDE6L9;FINANCIAL;-;-;-;-;-;-;-;-;-;1482,341;-;-;-;-;-;-;-
DOLJ27P007200;BRBMEFVDE6M7;FINANCIAL;-;-;-;-;-;-;-;-;-;1569,342;-;-;-;-;-;-;-
DOLJ27P007300;BRBMEFVDE6N5;FINANCIAL;-;-;-;-;-;-;-;-;-;1656,919;-;-;-;-;-;-;-
DOLJ27P007400;BRBMEFVDE6E4;FINANCIAL;-;-;-;-;-;-;-;-;-;1744,73;-;-;-;-;-;-;-
DOLJ27P007500;BRBMEFVDE6O3;FINANCIAL;-;-;-;-;-;-;-;-;-;1832,816;-;-;-;-;-;-;-
DOLF27C006450;BRBMEFCE1FB7;FINANCIAL;-;-;-;-;-;-;-;-;-;30,017;-;-;-;-;-;-;-
DOLF27P006450;BRBMEFDE1EH6;FINANCIAL;-;-;-;-;-;-;-;-;-;1026,737;-;-;-;-;-;-;-
DOLN26C007100;BRBMEFCD6B25;FINANCIAL;-;-;-;-;-;-;-;-;-;0,001;-;-;-;-;-;-;-
DOLN26C007200;BRBMEFCD6B33;FINANCIAL;-;-;-;-;-;-;-;-;-;0,001;-;-;-;-;-;-;-
DOLN26C007300;BRBMEFCD6B41;FINANCIAL;-;-;-;-;-;-;-;-;-;0,001;-;-;-;-;-;-;-
DOLN26C007400;BRBMEFCD6B58;FINANCIAL;-;-;-;-;-;-;-;-;-;0,001;-;-;-;-;-;-;-
DOLN26C007500;BRBMEFCD6B17;FINANCIAL;-;-;-;-;-;-;-;-;-;0,001;-;-;-;-;-;-;-
DOLN26C007600;BRBMEFCD6B66;FINANCIAL;-;-;-;-;-;-;-;-;-;0,001;-;-;-;-;-;-;-
DOLN26C007700;BRBMEFCD6B74;FINANCIAL;-;-;-;-;-;-;-;-;-;0,001;-;-;-;-;-;-;-
DOLN26C007800;BRBMEFCD6B82;FINANCIAL;-;-;-;-;-;-;-;-;-;0,001;-;-;-;-;-;-;-
DOLN26C007900;BRBMEFCD6B90;FINANCIAL;-;-;-;-;-;-;-;-;-;0,001;-;-;-;-;-;-;-
DOLN26C008000;BRBMEFCD6BA8;FINANCIAL;-;-;-;-;-;-;-;-;-;0,001;-;-;-;-;-;-;-
DOLN26P007100;BRBMEFVDRB24;FINANCIAL;-;-;-;-;-;-;-;-;-;1923,267;-;-;-;-;-;-;-
DOLN26P007200;BRBMEFVDRB32;FINANCIAL;-;-;-;-;-;-;-;-;-;2023,109;-;-;-;-;-;-;-
DOLN26P007300;BRBMEFVDRB40;FINANCIAL;-;-;-;-;-;-;-;-;-;2122,952;-;-;-;-;-;-;-
DOLN26P007400;BRBMEFVDRB57;FINANCIAL;-;-;-;-;-;-;-;-;-;2222,794;-;-;-;-;-;-;-
DOLN26P007500;BRBMEFVDRB16;FINANCIAL;-;-;-;-;-;-;-;-;-;2322,637;-;-;-;-;-;-;-
DOLN26P007600;BRBMEFVDRB65;FINANCIAL;-;-;-;-;-;-;-;-;-;2422,479;-;-;-;-;-;-;-
DOLN26P007700;BRBMEFVDRB73;FINANCIAL;-;-;-;-;-;-;-;-;-;2522,322;-;-;-;-;-;-;-
DOLN26P007800;BRBMEFVDRB81;FINANCIAL;-;-;-;-;-;-;-;-;-;2622,165;-;-;-;-;-;-;-
DOLN26P007900;BRBMEFVDRB99;FINANCIAL;-;-;-;-;-;-;-;-;-;2722,007;-;-;-;-;-;-;-
DOLN26P008000;BRBMEFVDRBA7;FINANCIAL;-;-;-;-;-;-;-;-;-;2821,85;-;-;-;-;-;-;-
DOLF28C007000;BRBMEFCE1FS1;FINANCIAL;-;-;-;-;-;-;-;-;-;121,407;-;-;-;-;-;-;-
DOLF28P007000;BRBMEFDE1EY1;FINANCIAL;-;-;-;-;-;-;-;-;-;1089,859;-;-;-;-;-;-;-
DOLF29C006800;BRBMEFCE1FT9;FINANCIAL;-;-;-;-;-;-;-;-;-;315,98;-;-;-;-;-;-;-
DOLF29C006900;BRBMEFCE1FU7;FINANCIAL;-;-;-;-;-;-;-;-;-;297,613;-;-;-;-;-;-;-
DOLF29C007000;BRBMEFCE1FV5;FINANCIAL;-;-;-;-;-;-;-;-;-;280,28;-;-;-;-;-;-;-
DOLF29C007100;BRBMEFCE1FW3;FINANCIAL;-;-;-;-;-;-;-;-;-;264,439;-;-;-;-;-;-;-
DOLF29C007200;BRBMEFCE1FX1;FINANCIAL;-;-;-;-;-;-;-;-;-;248,934;-;-;-;-;-;-;-
DOLF29C007300;BRBMEFCE1FY9;FINANCIAL;-;-;-;-;-;-;-;-;-;234,766;-;-;-;-;-;-;-
DOLF29C007400;BRBMEFCE1FZ6;FINANCIAL;-;-;-;-;-;-;-;-;-;221,336;-;-;-;-;-;-;-
DOLF29P006800;BRBMEFDE1EZ8;FINANCIAL;-;-;-;-;-;-;-;-;-;684,294;-;-;-;-;-;-;-
DOLF29P006900;BRBMEFDE1F06;FINANCIAL;-;-;-;-;-;-;-;-;-;737,662;-;-;-;-;-;-;-
DOLF29P007000;BRBMEFDE1F14;FINANCIAL;-;-;-;-;-;-;-;-;-;792,063;-;-;-;-;-;-;-
DOLF29P007100;BRBMEFDE1F22;FINANCIAL;-;-;-;-;-;-;-;-;-;847,958;-;-;-;-;-;-;-
DOLF29P007200;BRBMEFDE1F30;FINANCIAL;-;-;-;-;-;-;-;-;-;904,188;-;-;-;-;-;-;-
DOLF29P007300;BRBMEFDE1F48;FINANCIAL;-;-;-;-;-;-;-;-;-;961,755;-;-;-;-;-;-;-
DOLF29P007400;BRBMEFDE1F55;FINANCIAL;-;-;-;-;-;-;-;-;-;1020,059;-;-;-;-;-;-;-
DOLF29C007600;BRBMEFCE1G07;FINANCIAL;-;-;-;-;-;-;-;-;-;197,45;-;-;-;-;-;-;-
DOLF29C007700;BRBMEFCE1G15;FINANCIAL;-;-;-;-;-;-;-;-;-;186,855;-;-;-;-;-;-;-
DOLF29C007800;BRBMEFCE1G23;FINANCIAL;-;-;-;-;-;-;-;-;-;176,997;-;-;-;-;-;-;-
DOLF29C007900;BRBMEFCE1G31;FINANCIAL;-;-;-;-;-;-;-;-;-;167,819;-;-;-;-;-;-;-
DOLF29P007600;BRBMEFDE1F63;FINANCIAL;-;-;-;-;-;-;-;-;-;1139,643;-;-;-;-;-;-;-
DOLF29P007700;BRBMEFDE1F71;FINANCIAL;-;-;-;-;-;-;-;-;-;1200,784;-;-;-;-;-;-;-
DOLF29P007800;BRBMEFDE1F89;FINANCIAL;-;-;-;-;-;-;-;-;-;1262,66;-;-;-;-;-;-;-
DOLF29P007900;BRBMEFDE1F97;FINANCIAL;-;-;-;-;-;-;-;-;-;1325,218;-;-;-;-;-;-;-
DOLN28C007050;BRBMEFCD6C08;FINANCIAL;-;-;-;-;-;-;-;-;-;193,884;-;-;-;-;-;-;-
DOLN28C007100;BRBMEFCD6C16;FINANCIAL;-;-;-;-;-;-;-;-;-;187,416;-;-;-;-;-;-;-
DOLN28C007150;BRBMEFCD6C24;FINANCIAL;-;-;-;-;-;-;-;-;-;181,217;-;-;-;-;-;-;-
DOLN28C007200;BRBMEFCD6C32;FINANCIAL;-;-;-;-;-;-;-;-;-;175,275;-;-;-;-;-;-;-
DOLN28C007250;BRBMEFCD6C40;FINANCIAL;-;-;-;-;-;-;-;-;-;169,579;-;-;-;-;-;-;-
DOLN28C007300;BRBMEFCD6C57;FINANCIAL;-;-;-;-;-;-;-;-;-;164,119;-;-;-;-;-;-;-
DOLN28C007350;BRBMEFCD6C65;FINANCIAL;-;-;-;-;-;-;-;-;-;158,883;-;-;-;-;-;-;-
DOLN28C007400;BRBMEFCD6C73;FINANCIAL;-;-;-;-;-;-;-;-;-;153,863;-;-;-;-;-;-;-
DOLN28C007450;BRBMEFCD6C81;FINANCIAL;-;-;-;-;-;-;-;-;-;148,433;-;-;-;-;-;-;-
DOLN28C007500;BRBMEFCD6C99;FINANCIAL;-;-;-;-;-;-;-;-;-;143,017;-;-;-;-;-;-;-
DOLN28C007550;BRBMEFCD6CA6;FINANCIAL;-;-;-;-;-;-;-;-;-;138,015;-;-;-;-;-;-;-
DOLN28C007600;BRBMEFCD6CB4;FINANCIAL;-;-;-;-;-;-;-;-;-;133,211;-;-;-;-;-;-;-
DOLN28C007650;BRBMEFCD6CC2;FINANCIAL;-;-;-;-;-;-;-;-;-;128,408;-;-;-;-;-;-;-
DOLN28C007700;BRBMEFCD6CD0;FINANCIAL;-;-;-;-;-;-;-;-;-;123,983;-;-;-;-;-;-;-
DOLN28C007750;BRBMEFCD6CE8;FINANCIAL;-;-;-;-;-;-;-;-;-;119,733;-;-;-;-;-;-;-
DOLN28C007800;BRBMEFCD6CF5;FINANCIAL;-;-;-;-;-;-;-;-;-;115,472;-;-;-;-;-;-;-
DOLN28C007850;BRBMEFCD6CG3;FINANCIAL;-;-;-;-;-;-;-;-;-;111,556;-;-;-;-;-;-;-
DOLN28C007900;BRBMEFCD6CH1;FINANCIAL;-;-;-;-;-;-;-;-;-;107,797;-;-;-;-;-;-;-
DOLN28C007950;BRBMEFCD6CI9;FINANCIAL;-;-;-;-;-;-;-;-;-;104,185;-;-;-;-;-;-;-
DOLN28C008000;BRBMEFCD6CJ7;FINANCIAL;-;-;-;-;-;-;-;-;-;100,548;-;-;-;-;-;-;-
DOLN28P007050;BRBMEFVDRC07;FINANCIAL;-;-;-;-;-;-;-;-;-;957,278;-;-;-;-;-;-;-
DOLN28P007100;BRBMEFVDRC15;FINANCIAL;-;-;-;-;-;-;-;-;-;989,131;-;-;-;-;-;-;-
DOLN28P007150;BRBMEFVDRC23;FINANCIAL;-;-;-;-;-;-;-;-;-;1021,253;-;-;-;-;-;-;-
DOLN28P007200;BRBMEFVDRC31;FINANCIAL;-;-;-;-;-;-;-;-;-;1053,631;-;-;-;-;-;-;-
DOLN28P007250;BRBMEFVDRC49;FINANCIAL;-;-;-;-;-;-;-;-;-;1086,256;-;-;-;-;-;-;-
DOLN28P007300;BRBMEFVDRC56;FINANCIAL;-;-;-;-;-;-;-;-;-;1119,116;-;-;-;-;-;-;-
DOLN28P007350;BRBMEFVDRC64;FINANCIAL;-;-;-;-;-;-;-;-;-;1152,201;-;-;-;-;-;-;-
DOLN28P007400;BRBMEFVDRC72;FINANCIAL;-;-;-;-;-;-;-;-;-;1185,502;-;-;-;-;-;-;-
DOLN28P007450;BRBMEFVDRC80;FINANCIAL;-;-;-;-;-;-;-;-;-;1218,392;-;-;-;-;-;-;-
DOLN28P007500;BRBMEFVDRC98;FINANCIAL;-;-;-;-;-;-;-;-;-;1251,297;-;-;-;-;-;-;-
DOLN28P007550;BRBMEFVDRCA5;FINANCIAL;-;-;-;-;-;-;-;-;-;1284,615;-;-;-;-;-;-;-
DOLN28P007600;BRBMEFVDRCB3;FINANCIAL;-;-;-;-;-;-;-;-;-;1318,132;-;-;-;-;-;-;-
DOLN28P007650;BRBMEFVDRCC1;FINANCIAL;-;-;-;-;-;-;-;-;-;1351,649;-;-;-;-;-;-;-
DOLN28P007700;BRBMEFVDRCD9;FINANCIAL;-;-;-;-;-;-;-;-;-;1385,545;-;-;-;-;-;-;-
DOLN28P007750;BRBMEFVDRCE7;FINANCIAL;-;-;-;-;-;-;-;-;-;1419,616;-;-;-;-;-;-;-
DOLN28P007800;BRBMEFVDRCF4;FINANCIAL;-;-;-;-;-;-;-;-;-;1453,675;-;-;-;-;-;-;-
DOLN28P007850;BRBMEFVDRCG2;FINANCIAL;-;-;-;-;-;-;-;-;-;1488,08;-;-;-;-;-;-;-
DOLN28P007900;BRBMEFVDRCH0;FINANCIAL;-;-;-;-;-;-;-;-;-;1522,641;-;-;-;-;-;-;-
DOLN28P007950;BRBMEFVDRCI8;FINANCIAL;-;-;-;-;-;-;-;-;-;1557,35;-;-;-;-;-;-;-
DOLN28P008000;BRBMEFVDRCJ6;FINANCIAL;-;-;-;-;-;-;-;-;-;1592,034;-;-;-;-;-;-;-
DOLV26C007100;BRBMEFCD44K4;FINANCIAL;-;-;-;-;-;-;-;-;-;0,06;-;-;-;-;-;-;-
DOLV26C007200;BRBMEFCD44L2;FINANCIAL;-;-;-;-;-;-;-;-;-;0,033;-;-;-;-;-;-;-
DOLV26C007300;BRBMEFCD44M0;FINANCIAL;-;-;-;-;-;-;-;-;-;0,018;-;-;-;-;-;-;-
DOLV26C007400;BRBMEFCD44N8;FINANCIAL;-;-;-;-;-;-;-;-;-;0,009;-;-;-;-;-;-;-
DOLV26P007100;BRBMEFVD44L2;FINANCIAL;-;-;-;-;-;-;-;-;-;1751,418;-;-;-;-;-;-;-
DOLV26P007200;BRBMEFVD44M0;FINANCIAL;-;-;-;-;-;-;-;-;-;1847,905;-;-;-;-;-;-;-
DOLV26P007300;BRBMEFVD44N8;FINANCIAL;-;-;-;-;-;-;-;-;-;1944,404;-;-;-;-;-;-;-
DOLV26P007400;BRBMEFVD44O6;FINANCIAL;-;-;-;-;-;-;-;-;-;2040,91;-;-;-;-;-;-;-
DOLF27C005650;BRBMEFCE1G49;FINANCIAL;-;-;-;-;-;-;-;-;-;130,01;-;-;-;-;-;-;-
DOLF27P005650;BRBMEFDE1FA8;FINANCIAL;-;-;-;-;-;-;-;-;-;379,218;-;-;-;-;-;-;-
DOLF27C004600;BRBMEFCE1G56;FINANCIAL;-;-;-;-;-;-;-;-;-;740,607;-;-;-;-;-;-;-
DOLF27P004600;BRBMEFDE1FB6;FINANCIAL;-;-;-;-;-;-;-;-;-;8,705;-;-;-;-;-;-;-
DOLN26C004850;BRBMEFCD6CK5;FINANCIAL;-;-;-;-;-;-;-;-;-;323,19;-;-;-;-;-;-;-
DOLN26P004850;BRBMEFVDRCK4;FINANCIAL;-;-;-;-;-;-;-;-;-;0,001;-;-;-;-;-;-;-
DOLQ26C005000;BRBMEFDA0189;FINANCIAL;-;-;-;-;-;-;-;-;-;217,353;-;-;-;-;-;-;-
DOLQ26C005050;BRBMEFDA0197;FINANCIAL;-;-;-;-;-;-;-;-;-;174,667;-;-;-;-;-;-;-
DOLQ26C005100;BRBMEFDA01A9;FINANCIAL;-;-;-;-;-;-;-;-;-;136,12;-;-;-;-;-;-;-
DOLQ26C005150;BRBMEFDA01B7;FINANCIAL;-;-;-;-;-;-;-;-;-;104,021;-;-;-;-;-;-;-
DOLQ26C005200;BRBMEFDA01C5;FINANCIAL;-;-;-;-;-;-;-;-;-;79,124;-;-;-;-;-;-;-
DOLQ26C005250;BRBMEFDA01D3;FINANCIAL;-;-;-;-;-;-;-;-;-;59,611;-;-;-;-;-;-;-
DOLQ26C005300;BRBMEFDA01E1;FINANCIAL;-;-;-;-;-;-;-;-;-;44,796;-;-;-;-;-;-;-
DOLQ26C005350;BRBMEFDA01F8;FINANCIAL;-;-;-;-;-;-;-;-;-;34,444;-;-;-;-;-;-;-
DOLQ26C005400;BRBMEFDA01G6;FINANCIAL;-;-;-;-;-;-;-;-;-;25,935;-;-;-;-;-;-;-
DOLQ26C005450;BRBMEFDA01H4;FINANCIAL;-;-;-;-;-;-;-;-;-;19,245;-;-;-;-;-;-;-
DOLQ26C005500;BRBMEFDA01I2;FINANCIAL;-;-;-;-;-;-;-;-;-;14,338;-;-;-;-;-;-;-
DOLQ26C005550;BRBMEFDA01J0;FINANCIAL;-;-;-;-;-;-;-;-;-;10,697;-;-;-;-;-;-;-
DOLQ26C005600;BRBMEFDA01K8;FINANCIAL;-;-;-;-;-;-;-;-;-;7,588;-;-;-;-;-;-;-
DOLQ26C005650;BRBMEFDA01L6;FINANCIAL;-;-;-;-;-;-;-;-;-;5,358;-;-;-;-;-;-;-
DOLQ26C005700;BRBMEFDA01M4;FINANCIAL;-;-;-;-;-;-;-;-;-;3,611;-;-;-;-;-;-;-
DOLQ26C005750;BRBMEFDA01N2;FINANCIAL;-;-;-;-;-;-;-;-;-;2,389;-;-;-;-;-;-;-
DOLQ26C005800;BRBMEFDA01O0;FINANCIAL;-;-;-;-;-;-;-;-;-;1,562;-;-;-;-;-;-;-
DOLQ26C005850;BRBMEFDA01P7;FINANCIAL;-;-;-;-;-;-;-;-;-;1,016;-;-;-;-;-;-;-
DOLQ26C005900;BRBMEFDA01Q5;FINANCIAL;-;-;-;-;-;-;-;-;-;0,628;-;-;-;-;-;-;-
DOLQ26C005950;BRBMEFDA01R3;FINANCIAL;-;-;-;-;-;-;-;-;-;0,373;-;-;-;-;-;-;-
DOLQ26C006000;BRBMEFDA01S1;FINANCIAL;-;-;-;-;-;-;-;-;-;0,217;-;-;-;-;-;-;-
DOLQ26C006050;BRBMEFDA01T9;FINANCIAL;-;-;-;-;-;-;-;-;-;0,124;-;-;-;-;-;-;-
DOLQ26C006100;BRBMEFDA01U7;FINANCIAL;-;-;-;-;-;-;-;-;-;0,069;-;-;-;-;-;-;-
DOLQ26C006150;BRBMEFDA01V5;FINANCIAL;-;-;-;-;-;-;-;-;-;0,038;-;-;-;-;-;-;-
DOLQ26C006200;BRBMEFDA01W3;FINANCIAL;-;-;-;-;-;-;-;-;-;0,021;-;-;-;-;-;-;-
DOLQ26C006250;BRBMEFDA01X1;FINANCIAL;-;-;-;-;-;-;-;-;-;0,011;-;-;-;-;-;-;-
DOLQ26C006300;BRBMEFDA01Y9;FINANCIAL;-;-;-;-;-;-;-;-;-;0,006;-;-;-;-;-;-;-
DOLQ26C006350;BRBMEFDA01Z6;FINANCIAL;-;-;-;-;-;-;-;-;-;0,003;-;-;-;-;-;-;-
DOLQ26C006400;BRBMEFDA0205;FINANCIAL;-;-;-;-;-;-;-;-;-;0,001;-;-;-;-;-;-;-
DOLQ26C006450;BRBMEFDA0213;FINANCIAL;-;-;-;-;-;-;-;-;-;0,001;-;-;-;-;-;-;-
DOLQ26C006500;BRBMEFDA0221;FINANCIAL;-;-;-;-;-;-;-;-;-;0,001;-;-;-;-;-;-;-
DOLQ26P005000;BRBMEFVA0146;FINANCIAL;-;-;-;-;-;-;-;-;-;6,857;-;-;-;-;-;-;-
DOLQ26P005050;BRBMEFVA0153;FINANCIAL;-;-;-;-;-;-;-;-;-;13,492;-;-;-;-;-;-;-
DOLQ26P005100;BRBMEFVA0161;FINANCIAL;-;-;-;-;-;-;-;-;-;24,266;-;-;-;-;-;-;-
DOLQ26P005150;BRBMEFVA0179;FINANCIAL;-;-;-;-;-;-;-;-;-;41,49;-;-;-;-;-;-;-
DOLQ26P005200;BRBMEFVA0187;FINANCIAL;-;-;-;-;-;-;-;-;-;65,914;-;-;-;-;-;-;-
DOLQ26P005250;BRBMEFVA0195;FINANCIAL;-;-;-;-;-;-;-;-;-;95,723;-;-;-;-;-;-;-
DOLQ26P005300;BRBMEFVA01A1;FINANCIAL;-;-;-;-;-;-;-;-;-;130,23;-;-;-;-;-;-;-
DOLQ26P005350;BRBMEFVA01B9;FINANCIAL;-;-;-;-;-;-;-;-;-;169,2;-;-;-;-;-;-;-
DOLQ26P005400;BRBMEFVA01C7;FINANCIAL;-;-;-;-;-;-;-;-;-;210,013;-;-;-;-;-;-;-
DOLQ26P005450;BRBMEFVA01D5;FINANCIAL;-;-;-;-;-;-;-;-;-;252,644;-;-;-;-;-;-;-
DOLQ26P005500;BRBMEFVA01E3;FINANCIAL;-;-;-;-;-;-;-;-;-;297,059;-;-;-;-;-;-;-
DOLQ26P005550;BRBMEFVA01F0;FINANCIAL;-;-;-;-;-;-;-;-;-;342,739;-;-;-;-;-;-;-
DOLQ26P005600;BRBMEFVA01G8;FINANCIAL;-;-;-;-;-;-;-;-;-;388,952;-;-;-;-;-;-;-
DOLQ26P005650;BRBMEFVA01H6;FINANCIAL;-;-;-;-;-;-;-;-;-;436,045;-;-;-;-;-;-;-
DOLQ26P005700;BRBMEFVA01I4;FINANCIAL;-;-;-;-;-;-;-;-;-;483,62;-;-;-;-;-;-;-
DOLQ26P005750;BRBMEFVA01J2;FINANCIAL;-;-;-;-;-;-;-;-;-;531,719;-;-;-;-;-;-;-
DOLQ26P005800;BRBMEFVA01K0;FINANCIAL;-;-;-;-;-;-;-;-;-;580,214;-;-;-;-;-;-;-
DOLQ26P005850;BRBMEFVA01L8;FINANCIAL;-;-;-;-;-;-;-;-;-;628,99;-;-;-;-;-;-;-
DOLQ26P005900;BRBMEFVA01M6;FINANCIAL;-;-;-;-;-;-;-;-;-;677,923;-;-;-;-;-;-;-
DOLQ26P005950;BRBMEFVA01N4;FINANCIAL;-;-;-;-;-;-;-;-;-;726,99;-;-;-;-;-;-;-
DOLQ26P006000;BRBMEFVA01O2;FINANCIAL;-;-;-;-;-;-;-;-;-;776,156;-;-;-;-;-;-;-
DOLQ26P006050;BRBMEFVA01P9;FINANCIAL;-;-;-;-;-;-;-;-;-;825,384;-;-;-;-;-;-;-
DOLQ26P006100;BRBMEFVA01Q7;FINANCIAL;-;-;-;-;-;-;-;-;-;874,652;-;-;-;-;-;-;-
DOLQ26P006150;BRBMEFVA01R5;FINANCIAL;-;-;-;-;-;-;-;-;-;923,942;-;-;-;-;-;-;-
DOLQ26P006200;BRBMEFVA01S3;FINANCIAL;-;-;-;-;-;-;-;-;-;973,247;-;-;-;-;-;-;-
DOLQ26P006250;BRBMEFVA01T1;FINANCIAL;-;-;-;-;-;-;-;-;-;1022,559;-;-;-;-;-;-;-
DOLQ26P006300;BRBMEFVA01U9;FINANCIAL;-;-;-;-;-;-;-;-;-;1071,875;-;-;-;-;-;-;-
DOLQ26P006350;BRBMEFVA01V7;FINANCIAL;-;-;-;-;-;-;-;-;-;1121,194;-;-;-;-;-;-;-
DOLQ26P006400;BRBMEFVA01W5;FINANCIAL;-;-;-;-;-;-;-;-;-;1170,515;-;-;-;-;-;-;-
DOLQ26P006450;BRBMEFVA01X3;FINANCIAL;-;-;-;-;-;-;-;-;-;1219,836;-;-;-;-;-;-;-
DOLQ26P006500;BRBMEFVA01Y1;FINANCIAL;-;-;-;-;-;-;-;-;-;1269,157;-;-;-;-;-;-;-
DOLN27C007900;BRBMEFCD6CL3;FINANCIAL;-;-;-;-;-;-;-;-;-;16,259;-;-;-;-;-;-;-
DOLN27C008100;BRBMEFCD6CM1;FINANCIAL;-;-;-;-;-;-;-;-;-;12,135;-;-;-;-;-;-;-
DOLN27P007900;BRBMEFVDRCL2;FINANCIAL;-;-;-;-;-;-;-;-;-;2032,488;-;-;-;-;-;-;-
DOLN27P008100;BRBMEFVDRCM0;FINANCIAL;-;-;-;-;-;-;-;-;-;2203,426;-;-;-;-;-;-;-
DOLN29C007550;BRBMEFCD6CN9;FINANCIAL;-;-;-;-;-;-;-;-;-;276,064;-;-;-;-;-;-;-
DOLN29P007550;BRBMEFVDRCN8;FINANCIAL;-;-;-;-;-;-;-;-;-;946,815;-;-;-;-;-;-;-
DOLQ27C004500;BRBMEFDA0338;FINANCIAL;-;-;-;-;-;-;-;-;-;994,799;-;-;-;-;-;-;-
DOLQ27C004550;BRBMEFDA0346;FINANCIAL;-;-;-;-;-;-;-;-;-;954,332;-;-;-;-;-;-;-
DOLQ27C004600;BRBMEFDA0353;FINANCIAL;-;-;-;-;-;-;-;-;-;914,315;-;-;-;-;-;-;-
DOLQ27C004650;BRBMEFDA0361;FINANCIAL;-;-;-;-;-;-;-;-;-;874,796;-;-;-;-;-;-;-
DOLQ27C004700;BRBMEFDA0379;FINANCIAL;-;-;-;-;-;-;-;-;-;835,826;-;-;-;-;-;-;-
DOLQ27C004750;BRBMEFDA0387;FINANCIAL;-;-;-;-;-;-;-;-;-;797,455;-;-;-;-;-;-;-
DOLQ27C004800;BRBMEFDA0395;FINANCIAL;-;-;-;-;-;-;-;-;-;760,021;-;-;-;-;-;-;-
DOLQ27C004850;BRBMEFDA03A5;FINANCIAL;-;-;-;-;-;-;-;-;-;723,341;-;-;-;-;-;-;-
DOLQ27C004900;BRBMEFDA03B3;FINANCIAL;-;-;-;-;-;-;-;-;-;687,468;-;-;-;-;-;-;-
DOLQ27C004950;BRBMEFDA03C1;FINANCIAL;-;-;-;-;-;-;-;-;-;652,449;-;-;-;-;-;-;-
DOLQ27C005000;BRBMEFDA03D9;FINANCIAL;-;-;-;-;-;-;-;-;-;618,331;-;-;-;-;-;-;-
DOLQ27C005050;BRBMEFDA03E7;FINANCIAL;-;-;-;-;-;-;-;-;-;585,156;-;-;-;-;-;-;-
DOLQ27C005100;BRBMEFDA03F4;FINANCIAL;-;-;-;-;-;-;-;-;-;552,964;-;-;-;-;-;-;-
DOLQ27C005150;BRBMEFDA03G2;FINANCIAL;-;-;-;-;-;-;-;-;-;521,788;-;-;-;-;-;-;-
DOLQ27C005200;BRBMEFDA03H0;FINANCIAL;-;-;-;-;-;-;-;-;-;491,99;-;-;-;-;-;-;-
DOLQ27C005250;BRBMEFDA03I8;FINANCIAL;-;-;-;-;-;-;-;-;-;463,809;-;-;-;-;-;-;-
DOLQ27C005300;BRBMEFDA03J6;FINANCIAL;-;-;-;-;-;-;-;-;-;436,604;-;-;-;-;-;-;-
DOLQ27C005350;BRBMEFDA03K4;FINANCIAL;-;-;-;-;-;-;-;-;-;410,731;-;-;-;-;-;-;-
DOLQ27C005400;BRBMEFDA03L2;FINANCIAL;-;-;-;-;-;-;-;-;-;385,826;-;-;-;-;-;-;-
DOLQ27C005450;BRBMEFDA03M0;FINANCIAL;-;-;-;-;-;-;-;-;-;362,838;-;-;-;-;-;-;-
DOLQ27C005500;BRBMEFDA0320;FINANCIAL;-;-;-;-;-;-;-;-;-;341,403;-;-;-;-;-;-;-
DOLQ27C005550;BRBMEFDA03N8;FINANCIAL;-;-;-;-;-;-;-;-;-;321,312;-;-;-;-;-;-;-
DOLQ27C005600;BRBMEFDA03O6;FINANCIAL;-;-;-;-;-;-;-;-;-;302,335;-;-;-;-;-;-;-
DOLQ27C005650;BRBMEFDA03P3;FINANCIAL;-;-;-;-;-;-;-;-;-;284,432;-;-;-;-;-;-;-
DOLQ27C005700;BRBMEFDA03Q1;FINANCIAL;-;-;-;-;-;-;-;-;-;267,562;-;-;-;-;-;-;-
DOLQ27C005750;BRBMEFDA03R9;FINANCIAL;-;-;-;-;-;-;-;-;-;252,087;-;-;-;-;-;-;-
DOLQ27C005800;BRBMEFDA03S7;FINANCIAL;-;-;-;-;-;-;-;-;-;237,555;-;-;-;-;-;-;-
DOLQ27C005850;BRBMEFDA03T5;FINANCIAL;-;-;-;-;-;-;-;-;-;223,918;-;-;-;-;-;-;-
DOLQ27C005900;BRBMEFDA03U3;FINANCIAL;-;-;-;-;-;-;-;-;-;211,328;-;-;-;-;-;-;-
DOLQ27C005950;BRBMEFDA03V1;FINANCIAL;-;-;-;-;-;-;-;-;-;199,338;-;-;-;-;-;-;-
DOLQ27C006000;BRBMEFDA03W9;FINANCIAL;-;-;-;-;-;-;-;-;-;188,297;-;-;-;-;-;-;-
DOLQ27C006050;BRBMEFDA03X7;FINANCIAL;-;-;-;-;-;-;-;-;-;177,771;-;-;-;-;-;-;-
DOLQ27C006100;BRBMEFDA03Y5;FINANCIAL;-;-;-;-;-;-;-;-;-;167,727;-;-;-;-;-;-;-
DOLQ27C006150;BRBMEFDA03Z2;FINANCIAL;-;-;-;-;-;-;-;-;-;158,318;-;-;-;-;-;-;-
DOLQ27C006200;BRBMEFDA0403;FINANCIAL;-;-;-;-;-;-;-;-;-;149,686;-;-;-;-;-;-;-
DOLQ27C006250;BRBMEFDA0411;FINANCIAL;-;-;-;-;-;-;-;-;-;141,431;-;-;-;-;-;-;-
DOLQ27C006300;BRBMEFDA0429;FINANCIAL;-;-;-;-;-;-;-;-;-;133,873;-;-;-;-;-;-;-
DOLQ27C006350;BRBMEFDA0437;FINANCIAL;-;-;-;-;-;-;-;-;-;126,799;-;-;-;-;-;-;-
DOLQ27C006400;BRBMEFDA0445;FINANCIAL;-;-;-;-;-;-;-;-;-;120,178;-;-;-;-;-;-;-
DOLQ27C006450;BRBMEFDA0452;FINANCIAL;-;-;-;-;-;-;-;-;-;113,658;-;-;-;-;-;-;-
DOLQ27C006500;BRBMEFDA0460;FINANCIAL;-;-;-;-;-;-;-;-;-;106,926;-;-;-;-;-;-;-
DOLQ27P004500;BRBMEFVA02Z6;FINANCIAL;-;-;-;-;-;-;-;-;-;13,519;-;-;-;-;-;-;-
DOLQ27P004550;BRBMEFVA0302;FINANCIAL;-;-;-;-;-;-;-;-;-;16,317;-;-;-;-;-;-;-
DOLQ27P004600;BRBMEFVA0310;FINANCIAL;-;-;-;-;-;-;-;-;-;19,564;-;-;-;-;-;-;-
DOLQ27P004650;BRBMEFVA0328;FINANCIAL;-;-;-;-;-;-;-;-;-;23,31;-;-;-;-;-;-;-
DOLQ27P004700;BRBMEFVA0336;FINANCIAL;-;-;-;-;-;-;-;-;-;27,604;-;-;-;-;-;-;-
DOLQ27P004750;BRBMEFVA0344;FINANCIAL;-;-;-;-;-;-;-;-;-;32,498;-;-;-;-;-;-;-
DOLQ27P004800;BRBMEFVA0351;FINANCIAL;-;-;-;-;-;-;-;-;-;38,328;-;-;-;-;-;-;-
DOLQ27P004850;BRBMEFVA0369;FINANCIAL;-;-;-;-;-;-;-;-;-;44,913;-;-;-;-;-;-;-
DOLQ27P004900;BRBMEFVA0377;FINANCIAL;-;-;-;-;-;-;-;-;-;52,305;-;-;-;-;-;-;-
DOLQ27P004950;BRBMEFVA0385;FINANCIAL;-;-;-;-;-;-;-;-;-;60,55;-;-;-;-;-;-;-
DOLQ27P005000;BRBMEFVA0393;FINANCIAL;-;-;-;-;-;-;-;-;-;69,697;-;-;-;-;-;-;-
DOLQ27P005050;BRBMEFVA03A7;FINANCIAL;-;-;-;-;-;-;-;-;-;79,787;-;-;-;-;-;-;-
DOLQ27P005100;BRBMEFVA03B5;FINANCIAL;-;-;-;-;-;-;-;-;-;90,859;-;-;-;-;-;-;-
DOLQ27P005150;BRBMEFVA03C3;FINANCIAL;-;-;-;-;-;-;-;-;-;102,948;-;-;-;-;-;-;-
DOLQ27P005200;BRBMEFVA03D1;FINANCIAL;-;-;-;-;-;-;-;-;-;116,414;-;-;-;-;-;-;-
DOLQ27P005250;BRBMEFVA03E9;FINANCIAL;-;-;-;-;-;-;-;-;-;131,498;-;-;-;-;-;-;-
DOLQ27P005300;BRBMEFVA03F6;FINANCIAL;-;-;-;-;-;-;-;-;-;147,557;-;-;-;-;-;-;-
DOLQ27P005350;BRBMEFVA03G4;FINANCIAL;-;-;-;-;-;-;-;-;-;164,949;-;-;-;-;-;-;-
DOLQ27P005400;BRBMEFVA03H2;FINANCIAL;-;-;-;-;-;-;-;-;-;183,307;-;-;-;-;-;-;-
DOLQ27P005450;BRBMEFVA03I0;FINANCIAL;-;-;-;-;-;-;-;-;-;203,584;-;-;-;-;-;-;-
DOLQ27P005500;BRBMEFVA02Y9;FINANCIAL;-;-;-;-;-;-;-;-;-;225,414;-;-;-;-;-;-;-
DOLQ27P005550;BRBMEFVA03J8;FINANCIAL;-;-;-;-;-;-;-;-;-;248,588;-;-;-;-;-;-;-
DOLQ27P005600;BRBMEFVA03K6;FINANCIAL;-;-;-;-;-;-;-;-;-;272,875;-;-;-;-;-;-;-
DOLQ27P005650;BRBMEFVA03L4;FINANCIAL;-;-;-;-;-;-;-;-;-;298,237;-;-;-;-;-;-;-
DOLQ27P005700;BRBMEFVA03M2;FINANCIAL;-;-;-;-;-;-;-;-;-;324,631;-;-;-;-;-;-;-
DOLQ27P005750;BRBMEFVA03N0;FINANCIAL;-;-;-;-;-;-;-;-;-;352,42;-;-;-;-;-;-;-
DOLQ27P005800;BRBMEFVA03O8;FINANCIAL;-;-;-;-;-;-;-;-;-;381,153;-;-;-;-;-;-;-
DOLQ27P005850;BRBMEFVA03P5;FINANCIAL;-;-;-;-;-;-;-;-;-;410,781;-;-;-;-;-;-;-
DOLQ27P005900;BRBMEFVA03Q3;FINANCIAL;-;-;-;-;-;-;-;-;-;441,455;-;-;-;-;-;-;-
DOLQ27P005950;BRBMEFVA03R1;FINANCIAL;-;-;-;-;-;-;-;-;-;472,73;-;-;-;-;-;-;-
DOLQ27P006000;BRBMEFVA03S9;FINANCIAL;-;-;-;-;-;-;-;-;-;504,953;-;-;-;-;-;-;-
DOLQ27P006050;BRBMEFVA03T7;FINANCIAL;-;-;-;-;-;-;-;-;-;537,692;-;-;-;-;-;-;-
DOLQ27P006100;BRBMEFVA03U5;FINANCIAL;-;-;-;-;-;-;-;-;-;570,912;-;-;-;-;-;-;-
DOLQ27P006150;BRBMEFVA03V3;FINANCIAL;-;-;-;-;-;-;-;-;-;604,768;-;-;-;-;-;-;-
DOLQ27P006200;BRBMEFVA03W1;FINANCIAL;-;-;-;-;-;-;-;-;-;639,401;-;-;-;-;-;-;-
DOLQ27P006250;BRBMEFVA03X9;FINANCIAL;-;-;-;-;-;-;-;-;-;674,41;-;-;-;-;-;-;-
DOLQ27P006300;BRBMEFVA03Y7;FINANCIAL;-;-;-;-;-;-;-;-;-;710,117;-;-;-;-;-;-;-
DOLQ27P006350;BRBMEFVA03Z4;FINANCIAL;-;-;-;-;-;-;-;-;-;746,307;-;-;-;-;-;-;-
DOLQ27P006400;BRBMEFVA0401;FINANCIAL;-;-;-;-;-;-;-;-;-;782,95;-;-;-;-;-;-;-
DOLQ27P006450;BRBMEFVA0419;FINANCIAL;-;-;-;-;-;-;-;-;-;819,695;-;-;-;-;-;-;-
DOLQ27P006500;BRBMEFVA0427;FINANCIAL;-;-;-;-;-;-;-;-;-;856,228;-;-;-;-;-;-;-
DOLV27C004500;BRBMEFCD45F1;FINANCIAL;-;-;-;-;-;-;-;-;-;1040,978;-;-;-;-;-;-;-
DOLV27C004550;BRBMEFCD45G9;FINANCIAL;-;-;-;-;-;-;-;-;-;1001,865;-;-;-;-;-;-;-
DOLV27C004600;BRBMEFCD45H7;FINANCIAL;-;-;-;-;-;-;-;-;-;963,12;-;-;-;-;-;-;-
DOLV27C004650;BRBMEFCD45I5;FINANCIAL;-;-;-;-;-;-;-;-;-;924,841;-;-;-;-;-;-;-
DOLV27C004700;BRBMEFCD45J3;FINANCIAL;-;-;-;-;-;-;-;-;-;887,154;-;-;-;-;-;-;-
DOLV27C004750;BRBMEFCD45K1;FINANCIAL;-;-;-;-;-;-;-;-;-;849,93;-;-;-;-;-;-;-
DOLV27C004800;BRBMEFCD45L9;FINANCIAL;-;-;-;-;-;-;-;-;-;813,5;-;-;-;-;-;-;-
DOLV27C004850;BRBMEFCD45M7;FINANCIAL;-;-;-;-;-;-;-;-;-;777,726;-;-;-;-;-;-;-
DOLV27C004900;BRBMEFCD45N5;FINANCIAL;-;-;-;-;-;-;-;-;-;742,65;-;-;-;-;-;-;-
DOLV27C004950;BRBMEFCD45O3;FINANCIAL;-;-;-;-;-;-;-;-;-;708,308;-;-;-;-;-;-;-
DOLV27C005000;BRBMEFCD45P0;FINANCIAL;-;-;-;-;-;-;-;-;-;674,737;-;-;-;-;-;-;-
DOLV27C005050;BRBMEFCD45Q8;FINANCIAL;-;-;-;-;-;-;-;-;-;641,972;-;-;-;-;-;-;-
DOLV27C005100;BRBMEFCD45R6;FINANCIAL;-;-;-;-;-;-;-;-;-;610,044;-;-;-;-;-;-;-
DOLV27C005150;BRBMEFCD45S4;FINANCIAL;-;-;-;-;-;-;-;-;-;578,983;-;-;-;-;-;-;-
DOLV27C005200;BRBMEFCD45T2;FINANCIAL;-;-;-;-;-;-;-;-;-;548,815;-;-;-;-;-;-;-
DOLV27C005250;BRBMEFCD45U0;FINANCIAL;-;-;-;-;-;-;-;-;-;520,455;-;-;-;-;-;-;-
DOLV27C005300;BRBMEFCD45V8;FINANCIAL;-;-;-;-;-;-;-;-;-;493,099;-;-;-;-;-;-;-
DOLV27C005350;BRBMEFCD45W6;FINANCIAL;-;-;-;-;-;-;-;-;-;466,945;-;-;-;-;-;-;-
DOLV27C005400;BRBMEFCD45X4;FINANCIAL;-;-;-;-;-;-;-;-;-;441,817;-;-;-;-;-;-;-
DOLV27C005450;BRBMEFCD45Y2;FINANCIAL;-;-;-;-;-;-;-;-;-;417,712;-;-;-;-;-;-;-
DOLV27C005500;BRBMEFCD45Z9;FINANCIAL;-;-;-;-;-;-;-;-;-;394,831;-;-;-;-;-;-;-
DOLV27C005550;BRBMEFCD4601;FINANCIAL;-;-;-;-;-;-;-;-;-;373,801;-;-;-;-;-;-;-
DOLV27C005600;BRBMEFCD4619;FINANCIAL;-;-;-;-;-;-;-;-;-;353,791;-;-;-;-;-;-;-
DOLV27C005650;BRBMEFCD4627;FINANCIAL;-;-;-;-;-;-;-;-;-;334,774;-;-;-;-;-;-;-
DOLV27C005700;BRBMEFCD4635;FINANCIAL;-;-;-;-;-;-;-;-;-;316,936;-;-;-;-;-;-;-
DOLV27C005750;BRBMEFCD4643;FINANCIAL;-;-;-;-;-;-;-;-;-;299,814;-;-;-;-;-;-;-
DOLV27C005800;BRBMEFCD4650;FINANCIAL;-;-;-;-;-;-;-;-;-;283,805;-;-;-;-;-;-;-
DOLV27C005850;BRBMEFCD4668;FINANCIAL;-;-;-;-;-;-;-;-;-;269,093;-;-;-;-;-;-;-
DOLV27C005900;BRBMEFCD4676;FINANCIAL;-;-;-;-;-;-;-;-;-;254,989;-;-;-;-;-;-;-
DOLV27C005950;BRBMEFCD4684;FINANCIAL;-;-;-;-;-;-;-;-;-;241,885;-;-;-;-;-;-;-
DOLV27C006000;BRBMEFCD4692;FINANCIAL;-;-;-;-;-;-;-;-;-;229,528;-;-;-;-;-;-;-
DOLV27C006050;BRBMEFCD46A0;FINANCIAL;-;-;-;-;-;-;-;-;-;217,879;-;-;-;-;-;-;-
DOLV27C006100;BRBMEFCD46B8;FINANCIAL;-;-;-;-;-;-;-;-;-;206,9;-;-;-;-;-;-;-
DOLV27C006150;BRBMEFCD46C6;FINANCIAL;-;-;-;-;-;-;-;-;-;196,557;-;-;-;-;-;-;-
DOLV27C006200;BRBMEFCD46D4;FINANCIAL;-;-;-;-;-;-;-;-;-;186,612;-;-;-;-;-;-;-
DOLV27C006250;BRBMEFCD46E2;FINANCIAL;-;-;-;-;-;-;-;-;-;177,438;-;-;-;-;-;-;-
DOLV27C006300;BRBMEFCD46F9;FINANCIAL;-;-;-;-;-;-;-;-;-;168,603;-;-;-;-;-;-;-
DOLV27C006350;BRBMEFCD46G7;FINANCIAL;-;-;-;-;-;-;-;-;-;160,279;-;-;-;-;-;-;-
DOLV27C006400;BRBMEFCD46H5;FINANCIAL;-;-;-;-;-;-;-;-;-;152,625;-;-;-;-;-;-;-
DOLV27C006450;BRBMEFCD46I3;FINANCIAL;-;-;-;-;-;-;-;-;-;145,233;-;-;-;-;-;-;-
DOLV27C006500;BRBMEFCD46J1;FINANCIAL;-;-;-;-;-;-;-;-;-;138,449;-;-;-;-;-;-;-
DOLV27P004500;BRBMEFVD45G9;FINANCIAL;-;-;-;-;-;-;-;-;-;17,669;-;-;-;-;-;-;-
DOLV27P004550;BRBMEFVD45H7;FINANCIAL;-;-;-;-;-;-;-;-;-;20,852;-;-;-;-;-;-;-
DOLV27P004600;BRBMEFVD45I5;FINANCIAL;-;-;-;-;-;-;-;-;-;24,403;-;-;-;-;-;-;-
DOLV27P004650;BRBMEFVD45J3;FINANCIAL;-;-;-;-;-;-;-;-;-;28,419;-;-;-;-;-;-;-
DOLV27P004700;BRBMEFVD45K1;FINANCIAL;-;-;-;-;-;-;-;-;-;33,028;-;-;-;-;-;-;-
DOLV27P004750;BRBMEFVD45L9;FINANCIAL;-;-;-;-;-;-;-;-;-;38,1;-;-;-;-;-;-;-
DOLV27P004800;BRBMEFVD45M7;FINANCIAL;-;-;-;-;-;-;-;-;-;43,966;-;-;-;-;-;-;-
DOLV27P004850;BRBMEFVD45N5;FINANCIAL;-;-;-;-;-;-;-;-;-;50,488;-;-;-;-;-;-;-
DOLV27P004900;BRBMEFVD45O3;FINANCIAL;-;-;-;-;-;-;-;-;-;57,707;-;-;-;-;-;-;-
DOLV27P004950;BRBMEFVD45P0;FINANCIAL;-;-;-;-;-;-;-;-;-;65,661;-;-;-;-;-;-;-
DOLV27P005000;BRBMEFVD45Q8;FINANCIAL;-;-;-;-;-;-;-;-;-;74,386;-;-;-;-;-;-;-
DOLV27P005050;BRBMEFVD45R6;FINANCIAL;-;-;-;-;-;-;-;-;-;83,917;-;-;-;-;-;-;-
DOLV27P005100;BRBMEFVD45S4;FINANCIAL;-;-;-;-;-;-;-;-;-;94,285;-;-;-;-;-;-;-
DOLV27P005150;BRBMEFVD45T2;FINANCIAL;-;-;-;-;-;-;-;-;-;105,519;-;-;-;-;-;-;-
DOLV27P005200;BRBMEFVD45U0;FINANCIAL;-;-;-;-;-;-;-;-;-;117,647;-;-;-;-;-;-;-
DOLV27P005250;BRBMEFVD45V8;FINANCIAL;-;-;-;-;-;-;-;-;-;131,583;-;-;-;-;-;-;-
DOLV27P005300;BRBMEFVD45W6;FINANCIAL;-;-;-;-;-;-;-;-;-;146,522;-;-;-;-;-;-;-
DOLV27P005350;BRBMEFVD45X4;FINANCIAL;-;-;-;-;-;-;-;-;-;162,664;-;-;-;-;-;-;-
DOLV27P005400;BRBMEFVD45Y2;FINANCIAL;-;-;-;-;-;-;-;-;-;179,832;-;-;-;-;-;-;-
DOLV27P005450;BRBMEFVD45Z9;FINANCIAL;-;-;-;-;-;-;-;-;-;198,023;-;-;-;-;-;-;-
DOLV27P005500;BRBMEFVD4608;FINANCIAL;-;-;-;-;-;-;-;-;-;217,437;-;-;-;-;-;-;-
DOLV27P005550;BRBMEFVD4616;FINANCIAL;-;-;-;-;-;-;-;-;-;238,703;-;-;-;-;-;-;-
DOLV27P005600;BRBMEFVD4624;FINANCIAL;-;-;-;-;-;-;-;-;-;260,989;-;-;-;-;-;-;-
DOLV27P005650;BRBMEFVD4632;FINANCIAL;-;-;-;-;-;-;-;-;-;284,268;-;-;-;-;-;-;-
DOLV27P005700;BRBMEFVD4640;FINANCIAL;-;-;-;-;-;-;-;-;-;308,725;-;-;-;-;-;-;-
DOLV27P005750;BRBMEFVD4657;FINANCIAL;-;-;-;-;-;-;-;-;-;333,899;-;-;-;-;-;-;-
DOLV27P005800;BRBMEFVD4665;FINANCIAL;-;-;-;-;-;-;-;-;-;360,187;-;-;-;-;-;-;-
DOLV27P005850;BRBMEFVD4673;FINANCIAL;-;-;-;-;-;-;-;-;-;387,77;-;-;-;-;-;-;-
DOLV27P005900;BRBMEFVD4681;FINANCIAL;-;-;-;-;-;-;-;-;-;415,961;-;-;-;-;-;-;-
DOLV27P005950;BRBMEFVD4699;FINANCIAL;-;-;-;-;-;-;-;-;-;445,154;-;-;-;-;-;-;-
DOLV27P006000;BRBMEFVD46A0;FINANCIAL;-;-;-;-;-;-;-;-;-;475,092;-;-;-;-;-;-;-
DOLV27P006050;BRBMEFVD46B8;FINANCIAL;-;-;-;-;-;-;-;-;-;505,739;-;-;-;-;-;-;-
DOLV27P006100;BRBMEFVD46C6;FINANCIAL;-;-;-;-;-;-;-;-;-;537,056;-;-;-;-;-;-;-
DOLV27P006150;BRBMEFVD46D4;FINANCIAL;-;-;-;-;-;-;-;-;-;569,008;-;-;-;-;-;-;-
DOLV27P006200;BRBMEFVD46E2;FINANCIAL;-;-;-;-;-;-;-;-;-;601,359;-;-;-;-;-;-;-
DOLV27P006250;BRBMEFVD46F9;FINANCIAL;-;-;-;-;-;-;-;-;-;634,481;-;-;-;-;-;-;-
DOLV27P006300;BRBMEFVD46G7;FINANCIAL;-;-;-;-;-;-;-;-;-;667,942;-;-;-;-;-;-;-
DOLV27P006350;BRBMEFVD46H5;FINANCIAL;-;-;-;-;-;-;-;-;-;701,914;-;-;-;-;-;-;-
DOLV27P006400;BRBMEFVD46I3;FINANCIAL;-;-;-;-;-;-;-;-;-;736,556;-;-;-;-;-;-;-
DOLV27P006450;BRBMEFVD46J1;FINANCIAL;-;-;-;-;-;-;-;-;-;771,459;-;-;-;-;-;-;-
DOLV27P006500;BRBMEFVD46K9;FINANCIAL;-;-;-;-;-;-;-;-;-;806,971;-;-;-;-;-;-;-
DOLZ26C004900;BRBMEFD103J1;FINANCIAL;-;-;-;-;-;-;-;-;-;456,95;-;-;-;-;-;-;-
DOLZ26C005400;BRBMEFD103K9;FINANCIAL;-;-;-;-;-;-;-;-;-;171,182;-;-;-;-;-;-;-
DOLZ26P004900;BRBMEFD203I1;FINANCIAL;-;-;-;-;-;-;-;-;-;31,91;-;-;-;-;-;-;-
DOLZ26P005400;BRBMEFD203J9;FINANCIAL;-;-;-;-;-;-;-;-;-;218,776;-;-;-;-;-;-;-
DOLQ26C004950;BRBMEFDA0478;FINANCIAL;-;-;-;-;-;-;-;-;-;263,131;-;-;-;-;-;-;-
DOLQ26C007000;BRBMEFDA0486;FINANCIAL;-;-;-;-;-;-;-;-;-;0,001;-;-;-;-;-;-;-
DOLQ26P004950;BRBMEFVA0435;FINANCIAL;-;-;-;-;-;-;-;-;-;3,312;-;-;-;-;-;-;-
DOLQ26P007000;BRBMEFVA0443;FINANCIAL;-;-;-;-;-;-;-;-;-;1762,374;-;-;-;-;-;-;-
DOLQ26C004650;BRBMEFDA0494;FINANCIAL;-;-;-;-;-;-;-;-;-;555,755;-;-;-;-;-;-;-
DOLQ26C006750;BRBMEFDA04A3;FINANCIAL;-;-;-;-;-;-;-;-;-;0,001;-;-;-;-;-;-;-
DOLQ26P004650;BRBMEFVA0450;FINANCIAL;-;-;-;-;-;-;-;-;-;0,005;-;-;-;-;-;-;-
DOLQ26P006750;BRBMEFVA0468;FINANCIAL;-;-;-;-;-;-;-;-;-;1515,766;-;-;-;-;-;-;-
DOLQ26C004600;BRBMEFDA04B1;FINANCIAL;-;-;-;-;-;-;-;-;-;605,072;-;-;-;-;-;-;-
DOLQ26C006700;BRBMEFDA04C9;FINANCIAL;-;-;-;-;-;-;-;-;-;0,001;-;-;-;-;-;-;-
DOLQ26P004600;BRBMEFVA0476;FINANCIAL;-;-;-;-;-;-;-;-;-;0,001;-;-;-;-;-;-;-
DOLQ26P006700;BRBMEFVA0484;FINANCIAL;-;-;-;-;-;-;-;-;-;1466,444;-;-;-;-;-;-;-
DOLF30C006000;BRBMEFCE1G64;FINANCIAL;-;-;-;-;-;-;-;-;-;741,159;-;-;-;-;-;-;-
DOLF30C006050;BRBMEFCE1G72;FINANCIAL;-;-;-;-;-;-;-;-;-;722,783;-;-;-;-;-;-;-
DOLF30C006100;BRBMEFCE1G80;FINANCIAL;-;-;-;-;-;-;-;-;-;704,803;-;-;-;-;-;-;-
DOLF30C006150;BRBMEFCE1G98;FINANCIAL;-;-;-;-;-;-;-;-;-;687,215;-;-;-;-;-;-;-
DOLF30C006200;BRBMEFCE1GA7;FINANCIAL;-;-;-;-;-;-;-;-;-;670,016;-;-;-;-;-;-;-
DOLF30C006250;BRBMEFCE1GB5;FINANCIAL;-;-;-;-;-;-;-;-;-;653,204;-;-;-;-;-;-;-
DOLF30C006300;BRBMEFCE1GC3;FINANCIAL;-;-;-;-;-;-;-;-;-;636,775;-;-;-;-;-;-;-
DOLF30C006350;BRBMEFCE1GD1;FINANCIAL;-;-;-;-;-;-;-;-;-;620,724;-;-;-;-;-;-;-
DOLF30C006400;BRBMEFCE1GE9;FINANCIAL;-;-;-;-;-;-;-;-;-;605,047;-;-;-;-;-;-;-
DOLF30C006450;BRBMEFCE1GF6;FINANCIAL;-;-;-;-;-;-;-;-;-;589,74;-;-;-;-;-;-;-
DOLF30C006500;BRBMEFCE1GG4;FINANCIAL;-;-;-;-;-;-;-;-;-;575,101;-;-;-;-;-;-;-
DOLF30C006550;BRBMEFCE1GH2;FINANCIAL;-;-;-;-;-;-;-;-;-;561,132;-;-;-;-;-;-;-
DOLF30C006600;BRBMEFCE1GI0;FINANCIAL;-;-;-;-;-;-;-;-;-;547,527;-;-;-;-;-;-;-
DOLF30C006650;BRBMEFCE1GJ8;FINANCIAL;-;-;-;-;-;-;-;-;-;533,968;-;-;-;-;-;-;-
DOLF30C006700;BRBMEFCE1GK6;FINANCIAL;-;-;-;-;-;-;-;-;-;521,066;-;-;-;-;-;-;-
DOLF30C006750;BRBMEFCE1GL4;FINANCIAL;-;-;-;-;-;-;-;-;-;508,506;-;-;-;-;-;-;-
DOLF30C006800;BRBMEFCE1GM2;FINANCIAL;-;-;-;-;-;-;-;-;-;496,282;-;-;-;-;-;-;-
DOLF30C006850;BRBMEFCE1GN0;FINANCIAL;-;-;-;-;-;-;-;-;-;484,07;-;-;-;-;-;-;-
DOLF30C006900;BRBMEFCE1GO8;FINANCIAL;-;-;-;-;-;-;-;-;-;472,495;-;-;-;-;-;-;-
DOLF30C006950;BRBMEFCE1GP5;FINANCIAL;-;-;-;-;-;-;-;-;-;461,233;-;-;-;-;-;-;-
DOLF30C007000;BRBMEFCE1GQ3;FINANCIAL;-;-;-;-;-;-;-;-;-;450,278;-;-;-;-;-;-;-
DOLF30C007050;BRBMEFCE1GR1;FINANCIAL;-;-;-;-;-;-;-;-;-;439,624;-;-;-;-;-;-;-
DOLF30C007100;BRBMEFCE1GS9;FINANCIAL;-;-;-;-;-;-;-;-;-;429,261;-;-;-;-;-;-;-
DOLF30C007150;BRBMEFCE1GT7;FINANCIAL;-;-;-;-;-;-;-;-;-;419,185;-;-;-;-;-;-;-
DOLF30C007200;BRBMEFCE1GU5;FINANCIAL;-;-;-;-;-;-;-;-;-;409,387;-;-;-;-;-;-;-
DOLF30C007250;BRBMEFCE1GV3;FINANCIAL;-;-;-;-;-;-;-;-;-;399,861;-;-;-;-;-;-;-
DOLF30C007300;BRBMEFCE1GW1;FINANCIAL;-;-;-;-;-;-;-;-;-;390,599;-;-;-;-;-;-;-
DOLF30C007350;BRBMEFCE1GX9;FINANCIAL;-;-;-;-;-;-;-;-;-;381,913;-;-;-;-;-;-;-
DOLF30C007400;BRBMEFCE1GY7;FINANCIAL;-;-;-;-;-;-;-;-;-;373,16;-;-;-;-;-;-;-
DOLF30C007450;BRBMEFCE1GZ4;FINANCIAL;-;-;-;-;-;-;-;-;-;364,652;-;-;-;-;-;-;-
DOLF30C007500;BRBMEFCE1H06;FINANCIAL;-;-;-;-;-;-;-;-;-;356,382;-;-;-;-;-;-;-
DOLF30C007550;BRBMEFCE1H14;FINANCIAL;-;-;-;-;-;-;-;-;-;348,657;-;-;-;-;-;-;-
DOLF30C007600;BRBMEFCE1H22;FINANCIAL;-;-;-;-;-;-;-;-;-;340,843;-;-;-;-;-;-;-
DOLF30C007650;BRBMEFCE1H30;FINANCIAL;-;-;-;-;-;-;-;-;-;333,559;-;-;-;-;-;-;-
DOLF30C007700;BRBMEFCE1H48;FINANCIAL;-;-;-;-;-;-;-;-;-;326,176;-;-;-;-;-;-;-
DOLF30C007750;BRBMEFCE1H55;FINANCIAL;-;-;-;-;-;-;-;-;-;319;-;-;-;-;-;-;-
DOLF30C007800;BRBMEFCE1H63;FINANCIAL;-;-;-;-;-;-;-;-;-;312,331;-;-;-;-;-;-;-
DOLF30C007850;BRBMEFCE1H71;FINANCIAL;-;-;-;-;-;-;-;-;-;305,551;-;-;-;-;-;-;-
DOLF30C007900;BRBMEFCE1H89;FINANCIAL;-;-;-;-;-;-;-;-;-;299,263;-;-;-;-;-;-;-
DOLF30C007950;BRBMEFCE1H97;FINANCIAL;-;-;-;-;-;-;-;-;-;292,856;-;-;-;-;-;-;-
DOLF30C008000;BRBMEFCE1HA5;FINANCIAL;-;-;-;-;-;-;-;-;-;286,627;-;-;-;-;-;-;-
DOLF30C008050;BRBMEFCE1HB3;FINANCIAL;-;-;-;-;-;-;-;-;-;280,276;-;-;-;-;-;-;-
DOLF30C008100;BRBMEFCE1HC1;FINANCIAL;-;-;-;-;-;-;-;-;-;274,097;-;-;-;-;-;-;-
DOLF30C008150;BRBMEFCE1HD9;FINANCIAL;-;-;-;-;-;-;-;-;-;268,38;-;-;-;-;-;-;-
DOLF30C008200;BRBMEFCE1HE7;FINANCIAL;-;-;-;-;-;-;-;-;-;262,531;-;-;-;-;-;-;-
DOLF30C008250;BRBMEFCE1HF4;FINANCIAL;-;-;-;-;-;-;-;-;-;256,841;-;-;-;-;-;-;-
DOLF30C008300;BRBMEFCE1HG2;FINANCIAL;-;-;-;-;-;-;-;-;-;251,593;-;-;-;-;-;-;-
DOLF30C008350;BRBMEFCE1HH0;FINANCIAL;-;-;-;-;-;-;-;-;-;246,205;-;-;-;-;-;-;-
DOLF30C008400;BRBMEFCE1HI8;FINANCIAL;-;-;-;-;-;-;-;-;-;240,964;-;-;-;-;-;-;-
DOLF30C008450;BRBMEFCE1HJ6;FINANCIAL;-;-;-;-;-;-;-;-;-;236,146;-;-;-;-;-;-;-
DOLF30C008500;BRBMEFCE1HK4;FINANCIAL;-;-;-;-;-;-;-;-;-;231,182;-;-;-;-;-;-;-
DOLF30C008550;BRBMEFCE1HL2;FINANCIAL;-;-;-;-;-;-;-;-;-;226,629;-;-;-;-;-;-;-
DOLF30C008600;BRBMEFCE1HM0;FINANCIAL;-;-;-;-;-;-;-;-;-;221,927;-;-;-;-;-;-;-
DOLF30C008650;BRBMEFCE1HN8;FINANCIAL;-;-;-;-;-;-;-;-;-;217,624;-;-;-;-;-;-;-
DOLF30C008700;BRBMEFCE1HO6;FINANCIAL;-;-;-;-;-;-;-;-;-;213,169;-;-;-;-;-;-;-
DOLF30C008750;BRBMEFCE1HP3;FINANCIAL;-;-;-;-;-;-;-;-;-;209,101;-;-;-;-;-;-;-
DOLF30C008800;BRBMEFCE1HQ1;FINANCIAL;-;-;-;-;-;-;-;-;-;204,879;-;-;-;-;-;-;-
DOLF30C008850;BRBMEFCE1HR9;FINANCIAL;-;-;-;-;-;-;-;-;-;201,033;-;-;-;-;-;-;-
DOLF30C008900;BRBMEFCE1HS7;FINANCIAL;-;-;-;-;-;-;-;-;-;197,292;-;-;-;-;-;-;-
DOLF30C008950;BRBMEFCE1HT5;FINANCIAL;-;-;-;-;-;-;-;-;-;193,394;-;-;-;-;-;-;-
DOLF30C009000;BRBMEFCE1HU3;FINANCIAL;-;-;-;-;-;-;-;-;-;189,855;-;-;-;-;-;-;-
DOLF30C009050;BRBMEFCE1HV1;FINANCIAL;-;-;-;-;-;-;-;-;-;186,158;-;-;-;-;-;-;-
DOLF30C009100;BRBMEFCE1HW9;FINANCIAL;-;-;-;-;-;-;-;-;-;182,558;-;-;-;-;-;-;-
DOLF30C009150;BRBMEFCE1HX7;FINANCIAL;-;-;-;-;-;-;-;-;-;178,553;-;-;-;-;-;-;-
DOLF30C009200;BRBMEFCE1HY5;FINANCIAL;-;-;-;-;-;-;-;-;-;174,65;-;-;-;-;-;-;-
DOLF30C009250;BRBMEFCE1HZ2;FINANCIAL;-;-;-;-;-;-;-;-;-;171,09;-;-;-;-;-;-;-
DOLF30C009300;BRBMEFCE1I05;FINANCIAL;-;-;-;-;-;-;-;-;-;167,379;-;-;-;-;-;-;-
DOLF30C009350;BRBMEFCE1I13;FINANCIAL;-;-;-;-;-;-;-;-;-;163,762;-;-;-;-;-;-;-
DOLF30C009400;BRBMEFCE1I21;FINANCIAL;-;-;-;-;-;-;-;-;-;160,236;-;-;-;-;-;-;-
DOLF30C009450;BRBMEFCE1I39;FINANCIAL;-;-;-;-;-;-;-;-;-;157,033;-;-;-;-;-;-;-
DOLF30C009500;BRBMEFCE1I47;FINANCIAL;-;-;-;-;-;-;-;-;-;153,68;-;-;-;-;-;-;-
DOLF30C009550;BRBMEFCE1I54;FINANCIAL;-;-;-;-;-;-;-;-;-;150,411;-;-;-;-;-;-;-
DOLF30C009600;BRBMEFCE1I62;FINANCIAL;-;-;-;-;-;-;-;-;-;147,452;-;-;-;-;-;-;-
DOLF30C009650;BRBMEFCE1I70;FINANCIAL;-;-;-;-;-;-;-;-;-;144,342;-;-;-;-;-;-;-
DOLF30C009700;BRBMEFCE1I88;FINANCIAL;-;-;-;-;-;-;-;-;-;141,31;-;-;-;-;-;-;-
DOLF30C009750;BRBMEFCE1I96;FINANCIAL;-;-;-;-;-;-;-;-;-;138,575;-;-;-;-;-;-;-
DOLF30C009800;BRBMEFCE1IA3;FINANCIAL;-;-;-;-;-;-;-;-;-;135,69;-;-;-;-;-;-;-
DOLF30C009850;BRBMEFCE1IB1;FINANCIAL;-;-;-;-;-;-;-;-;-;132,876;-;-;-;-;-;-;-
DOLF30C009900;BRBMEFCE1IC9;FINANCIAL;-;-;-;-;-;-;-;-;-;130,347;-;-;-;-;-;-;-
DOLF30C009950;BRBMEFCE1ID7;FINANCIAL;-;-;-;-;-;-;-;-;-;127,669;-;-;-;-;-;-;-
DOLF30C010000;BRBMEFCE1IE5;FINANCIAL;-;-;-;-;-;-;-;-;-;125,266;-;-;-;-;-;-;-
DOLF30P006000;BRBMEFDE1FC4;FINANCIAL;-;-;-;-;-;-;-;-;-;232,094;-;-;-;-;-;-;-
DOLF30P006050;BRBMEFDE1FD2;FINANCIAL;-;-;-;-;-;-;-;-;-;245,088;-;-;-;-;-;-;-
DOLF30P006100;BRBMEFDE1FE0;FINANCIAL;-;-;-;-;-;-;-;-;-;258,478;-;-;-;-;-;-;-
DOLF30P006150;BRBMEFDE1FF7;FINANCIAL;-;-;-;-;-;-;-;-;-;272,26;-;-;-;-;-;-;-
DOLF30P006200;BRBMEFDE1FG5;FINANCIAL;-;-;-;-;-;-;-;-;-;286,432;-;-;-;-;-;-;-
DOLF30P006250;BRBMEFDE1FH3;FINANCIAL;-;-;-;-;-;-;-;-;-;300,99;-;-;-;-;-;-;-
DOLF30P006300;BRBMEFDE1FI1;FINANCIAL;-;-;-;-;-;-;-;-;-;315,931;-;-;-;-;-;-;-
DOLF30P006350;BRBMEFDE1FJ9;FINANCIAL;-;-;-;-;-;-;-;-;-;331,25;-;-;-;-;-;-;-
DOLF30P006400;BRBMEFDE1FK7;FINANCIAL;-;-;-;-;-;-;-;-;-;346,943;-;-;-;-;-;-;-
DOLF30P006450;BRBMEFDE1FL5;FINANCIAL;-;-;-;-;-;-;-;-;-;363,006;-;-;-;-;-;-;-
DOLF30P006500;BRBMEFDE1FM3;FINANCIAL;-;-;-;-;-;-;-;-;-;379,738;-;-;-;-;-;-;-
DOLF30P006550;BRBMEFDE1FN1;FINANCIAL;-;-;-;-;-;-;-;-;-;397,14;-;-;-;-;-;-;-
DOLF30P006600;BRBMEFDE1FO9;FINANCIAL;-;-;-;-;-;-;-;-;-;414,905;-;-;-;-;-;-;-
DOLF30P006650;BRBMEFDE1FP6;FINANCIAL;-;-;-;-;-;-;-;-;-;432,715;-;-;-;-;-;-;-
DOLF30P006700;BRBMEFDE1FQ4;FINANCIAL;-;-;-;-;-;-;-;-;-;451,184;-;-;-;-;-;-;-
DOLF30P006750;BRBMEFDE1FR2;FINANCIAL;-;-;-;-;-;-;-;-;-;469,994;-;-;-;-;-;-;-
DOLF30P006800;BRBMEFDE1FS0;FINANCIAL;-;-;-;-;-;-;-;-;-;489,14;-;-;-;-;-;-;-
DOLF30P006850;BRBMEFDE1FT8;FINANCIAL;-;-;-;-;-;-;-;-;-;508,299;-;-;-;-;-;-;-
DOLF30P006900;BRBMEFDE1FU6;FINANCIAL;-;-;-;-;-;-;-;-;-;528,094;-;-;-;-;-;-;-
DOLF30P006950;BRBMEFDE1FV4;FINANCIAL;-;-;-;-;-;-;-;-;-;548,202;-;-;-;-;-;-;-
DOLF30P007000;BRBMEFDE1FW2;FINANCIAL;-;-;-;-;-;-;-;-;-;568,618;-;-;-;-;-;-;-
DOLF30P007050;BRBMEFDE1FX0;FINANCIAL;-;-;-;-;-;-;-;-;-;589,333;-;-;-;-;-;-;-
DOLF30P007100;BRBMEFDE1FY8;FINANCIAL;-;-;-;-;-;-;-;-;-;610,341;-;-;-;-;-;-;-
DOLF30P007150;BRBMEFDE1FZ5;FINANCIAL;-;-;-;-;-;-;-;-;-;631,635;-;-;-;-;-;-;-
DOLF30P007200;BRBMEFDE1G05;FINANCIAL;-;-;-;-;-;-;-;-;-;653,207;-;-;-;-;-;-;-
DOLF30P007250;BRBMEFDE1G13;FINANCIAL;-;-;-;-;-;-;-;-;-;675,051;-;-;-;-;-;-;-
DOLF30P007300;BRBMEFDE1G21;FINANCIAL;-;-;-;-;-;-;-;-;-;697,16;-;-;-;-;-;-;-
DOLF30P007350;BRBMEFDE1G39;FINANCIAL;-;-;-;-;-;-;-;-;-;719,844;-;-;-;-;-;-;-
DOLF30P007400;BRBMEFDE1G47;FINANCIAL;-;-;-;-;-;-;-;-;-;742,461;-;-;-;-;-;-;-
DOLF30P007450;BRBMEFDE1G54;FINANCIAL;-;-;-;-;-;-;-;-;-;765,324;-;-;-;-;-;-;-
DOLF30P007500;BRBMEFDE1G62;FINANCIAL;-;-;-;-;-;-;-;-;-;788,424;-;-;-;-;-;-;-
DOLF30P007550;BRBMEFDE1G70;FINANCIAL;-;-;-;-;-;-;-;-;-;812,069;-;-;-;-;-;-;-
DOLF30P007600;BRBMEFDE1G88;FINANCIAL;-;-;-;-;-;-;-;-;-;835,625;-;-;-;-;-;-;-
DOLF30P007650;BRBMEFDE1G96;FINANCIAL;-;-;-;-;-;-;-;-;-;859,711;-;-;-;-;-;-;-
DOLF30P007700;BRBMEFDE1GA6;FINANCIAL;-;-;-;-;-;-;-;-;-;883,698;-;-;-;-;-;-;-
DOLF30P007750;BRBMEFDE1GB4;FINANCIAL;-;-;-;-;-;-;-;-;-;907,892;-;-;-;-;-;-;-
DOLF30P007800;BRBMEFDE1GC2;FINANCIAL;-;-;-;-;-;-;-;-;-;932,594;-;-;-;-;-;-;-
DOLF30P007850;BRBMEFDE1GD0;FINANCIAL;-;-;-;-;-;-;-;-;-;957,184;-;-;-;-;-;-;-
DOLF30P007900;BRBMEFDE1GE8;FINANCIAL;-;-;-;-;-;-;-;-;-;982,267;-;-;-;-;-;-;-
DOLF30P007950;BRBMEFDE1GF5;FINANCIAL;-;-;-;-;-;-;-;-;-;1007,23;-;-;-;-;-;-;-
DOLF30P008000;BRBMEFDE1GG3;FINANCIAL;-;-;-;-;-;-;-;-;-;1032,372;-;-;-;-;-;-;-
DOLF30P008050;BRBMEFDE1GH1;FINANCIAL;-;-;-;-;-;-;-;-;-;1057,39;-;-;-;-;-;-;-
DOLF30P008100;BRBMEFDE1GI9;FINANCIAL;-;-;-;-;-;-;-;-;-;1082,581;-;-;-;-;-;-;-
DOLF30P008150;BRBMEFDE1GJ7;FINANCIAL;-;-;-;-;-;-;-;-;-;1108,235;-;-;-;-;-;-;-
DOLF30P008200;BRBMEFDE1GK5;FINANCIAL;-;-;-;-;-;-;-;-;-;1133,756;-;-;-;-;-;-;-
DOLF30P008250;BRBMEFDE1GL3;FINANCIAL;-;-;-;-;-;-;-;-;-;1159,436;-;-;-;-;-;-;-
DOLF30P008300;BRBMEFDE1GM1;FINANCIAL;-;-;-;-;-;-;-;-;-;1185,558;-;-;-;-;-;-;-
DOLF30P008350;BRBMEFDE1GN9;FINANCIAL;-;-;-;-;-;-;-;-;-;1211,541;-;-;-;-;-;-;-
DOLF30P008400;BRBMEFDE1GO7;FINANCIAL;-;-;-;-;-;-;-;-;-;1237,67;-;-;-;-;-;-;-
DOLF30P008450;BRBMEFDE1GP4;FINANCIAL;-;-;-;-;-;-;-;-;-;1264,222;-;-;-;-;-;-;-
DOLF30P008500;BRBMEFDE1GQ2;FINANCIAL;-;-;-;-;-;-;-;-;-;1290,628;-;-;-;-;-;-;-
DOLF30P008550;BRBMEFDE1GR0;FINANCIAL;-;-;-;-;-;-;-;-;-;1317,445;-;-;-;-;-;-;-
DOLF30P008600;BRBMEFDE1GS8;FINANCIAL;-;-;-;-;-;-;-;-;-;1344,114;-;-;-;-;-;-;-
DOLF30P008650;BRBMEFDE1GT6;FINANCIAL;-;-;-;-;-;-;-;-;-;1371,181;-;-;-;-;-;-;-
DOLF30P008700;BRBMEFDE1GU4;FINANCIAL;-;-;-;-;-;-;-;-;-;1398,096;-;-;-;-;-;-;-
DOLF30P008750;BRBMEFDE1GV2;FINANCIAL;-;-;-;-;-;-;-;-;-;1425,399;-;-;-;-;-;-;-
DOLF30P008800;BRBMEFDE1GW0;FINANCIAL;-;-;-;-;-;-;-;-;-;1452,547;-;-;-;-;-;-;-
DOLF30P008850;BRBMEFDE1GX8;FINANCIAL;-;-;-;-;-;-;-;-;-;1480,071;-;-;-;-;-;-;-
DOLF30P008900;BRBMEFDE1GY6;FINANCIAL;-;-;-;-;-;-;-;-;-;1507,7;-;-;-;-;-;-;-
DOLF30P008950;BRBMEFDE1GZ3;FINANCIAL;-;-;-;-;-;-;-;-;-;1535,172;-;-;-;-;-;-;-
DOLF30P009000;BRBMEFDE1H04;FINANCIAL;-;-;-;-;-;-;-;-;-;1563,004;-;-;-;-;-;-;-
DOLF30P009050;BRBMEFDE1H12;FINANCIAL;-;-;-;-;-;-;-;-;-;1590,677;-;-;-;-;-;-;-
DOLF30P009100;BRBMEFDE1H20;FINANCIAL;-;-;-;-;-;-;-;-;-;1618,447;-;-;-;-;-;-;-
DOLF30P009150;BRBMEFDE1H38;FINANCIAL;-;-;-;-;-;-;-;-;-;1645,813;-;-;-;-;-;-;-
DOLF30P009200;BRBMEFDE1H46;FINANCIAL;-;-;-;-;-;-;-;-;-;1673,279;-;-;-;-;-;-;-
DOLF30P009250;BRBMEFDE1H53;FINANCIAL;-;-;-;-;-;-;-;-;-;1701,09;-;-;-;-;-;-;-
DOLF30P009300;BRBMEFDE1H61;FINANCIAL;-;-;-;-;-;-;-;-;-;1728,749;-;-;-;-;-;-;-
DOLF30P009350;BRBMEFDE1H79;FINANCIAL;-;-;-;-;-;-;-;-;-;1756,502;-;-;-;-;-;-;-
DOLF30P009400;BRBMEFDE1H87;FINANCIAL;-;-;-;-;-;-;-;-;-;1784,346;-;-;-;-;-;-;-
DOLF30P009450;BRBMEFDE1H95;FINANCIAL;-;-;-;-;-;-;-;-;-;1812,514;-;-;-;-;-;-;-
DOLF30P009500;BRBMEFDE1HA4;FINANCIAL;-;-;-;-;-;-;-;-;-;1840,531;-;-;-;-;-;-;-
DOLF30P009550;BRBMEFDE1HB2;FINANCIAL;-;-;-;-;-;-;-;-;-;1868,633;-;-;-;-;-;-;-
DOLF30P009600;BRBMEFDE1HC0;FINANCIAL;-;-;-;-;-;-;-;-;-;1897,043;-;-;-;-;-;-;-
DOLF30P009650;BRBMEFDE1HD8;FINANCIAL;-;-;-;-;-;-;-;-;-;1925,304;-;-;-;-;-;-;-
DOLF30P009700;BRBMEFDE1HE6;FINANCIAL;-;-;-;-;-;-;-;-;-;1953,642;-;-;-;-;-;-;-
DOLF30P009750;BRBMEFDE1HF3;FINANCIAL;-;-;-;-;-;-;-;-;-;1982,277;-;-;-;-;-;-;-
DOLF30P009800;BRBMEFDE1HG1;FINANCIAL;-;-;-;-;-;-;-;-;-;2010,762;-;-;-;-;-;-;-
DOLF30P009850;BRBMEFDE1HH9;FINANCIAL;-;-;-;-;-;-;-;-;-;2039,319;-;-;-;-;-;-;-
DOLF30P009900;BRBMEFDE1HI7;FINANCIAL;-;-;-;-;-;-;-;-;-;2068,159;-;-;-;-;-;-;-
DOLF30P009950;BRBMEFDE1HJ5;FINANCIAL;-;-;-;-;-;-;-;-;-;2096,852;-;-;-;-;-;-;-
DOLF30P010000;BRBMEFDE1HK3;FINANCIAL;-;-;-;-;-;-;-;-;-;2125,819;-;-;-;-;-;-;-
DOLV26C006350;BRBMEFCD46K9;FINANCIAL;-;-;-;-;-;-;-;-;-;3,206;-;-;-;-;-;-;-
DOLV26P006350;BRBMEFVD46L7;FINANCIAL;-;-;-;-;-;-;-;-;-;1030,708;-;-;-;-;-;-;-
DOLJ27C006950;BRBMEFCL17B2;FINANCIAL;-;-;-;-;-;-;-;-;-;30,18;-;-;-;-;-;-;-
DOLJ27P006950;BRBMEFVDE835;FINANCIAL;-;-;-;-;-;-;-;-;-;1353,01;-;-;-;-;-;-;-
DOLZ26C005000;BRBMEFD10465;FINANCIAL;-;-;-;-;-;-;-;-;-;381,943;-;-;-;-;-;-;-
DOLZ26C005500;BRBMEFD10473;FINANCIAL;-;-;-;-;-;-;-;-;-;139,743;-;-;-;-;-;-;-
DOLZ26P005000;BRBMEFD20456;FINANCIAL;-;-;-;-;-;-;-;-;-;51,43;-;-;-;-;-;-;-
DOLZ26P005500;BRBMEFD20464;FINANCIAL;-;-;-;-;-;-;-;-;-;281,864;-;-;-;-;-;-;-
DOLZ26C005100;BRBMEFD10481;FINANCIAL;-;-;-;-;-;-;-;-;-;315,563;-;-;-;-;-;-;-
DOLZ26C005550;BRBMEFD10499;FINANCIAL;-;-;-;-;-;-;-;-;-;126,401;-;-;-;-;-;-;-
DOLZ26P005100;BRBMEFD20472;FINANCIAL;-;-;-;-;-;-;-;-;-;79,576;-;-;-;-;-;-;-
DOLZ26P005550;BRBMEFD20480;FINANCIAL;-;-;-;-;-;-;-;-;-;315,785;-;-;-;-;-;-;-
DOLJ27C005350;BRBMEFCL17C0;FINANCIAL;-;-;-;-;-;-;-;-;-;307,854;-;-;-;-;-;-;-
DOLJ27P005350;BRBMEFVDE843;FINANCIAL;-;-;-;-;-;-;-;-;-;182,639;-;-;-;-;-;-;-
DOLU26C004500;BRBMEFCS01S5;FINANCIAL;-;-;-;-;-;-;-;-;-;731,506;-;-;-;-;-;-;-
DOLU26C004550;BRBMEFCS01T3;FINANCIAL;-;-;-;-;-;-;-;-;-;682,736;-;-;-;-;-;-;-
DOLU26C004600;BRBMEFCS01U1;FINANCIAL;-;-;-;-;-;-;-;-;-;633,99;-;-;-;-;-;-;-
DOLU26C004650;BRBMEFCS01V9;FINANCIAL;-;-;-;-;-;-;-;-;-;585,294;-;-;-;-;-;-;-
DOLU26C004700;BRBMEFCS01W7;FINANCIAL;-;-;-;-;-;-;-;-;-;536,7;-;-;-;-;-;-;-
DOLU26C004750;BRBMEFCS01X5;FINANCIAL;-;-;-;-;-;-;-;-;-;488,303;-;-;-;-;-;-;-
DOLU26C004800;BRBMEFCS01Y3;FINANCIAL;-;-;-;-;-;-;-;-;-;440,263;-;-;-;-;-;-;-
DOLU26C004850;BRBMEFCS01Z0;FINANCIAL;-;-;-;-;-;-;-;-;-;392,815;-;-;-;-;-;-;-
DOLU26C004900;BRBMEFCS0206;FINANCIAL;-;-;-;-;-;-;-;-;-;346,293;-;-;-;-;-;-;-
DOLU26C004950;BRBMEFCS0214;FINANCIAL;-;-;-;-;-;-;-;-;-;301,237;-;-;-;-;-;-;-
DOLU26C005000;BRBMEFCS0222;FINANCIAL;-;-;-;-;-;-;-;-;-;258,559;-;-;-;-;-;-;-
DOLU26C005050;BRBMEFCS0230;FINANCIAL;-;-;-;-;-;-;-;-;-;219,008;-;-;-;-;-;-;-
DOLU26C005100;BRBMEFCS0248;FINANCIAL;-;-;-;-;-;-;-;-;-;183,057;-;-;-;-;-;-;-
DOLU26C005150;BRBMEFCS0255;FINANCIAL;-;-;-;-;-;-;-;-;-;152,27;-;-;-;-;-;-;-
DOLU26C005200;BRBMEFCS0263;FINANCIAL;-;-;-;-;-;-;-;-;-;125,54;-;-;-;-;-;-;-
DOLU26C005250;BRBMEFCS0271;FINANCIAL;-;-;-;-;-;-;-;-;-;102,748;-;-;-;-;-;-;-
DOLU26C005300;BRBMEFCS0289;FINANCIAL;-;-;-;-;-;-;-;-;-;84,002;-;-;-;-;-;-;-
DOLU26C005350;BRBMEFCS0297;FINANCIAL;67,9;67,9;67,9;67,9;67,9;38,57;-;-;-;68,608;-;-;-;-;1;1.000;3395000
DOLU26C005400;BRBMEFCS02A1;FINANCIAL;-;-;-;-;-;-;-;-;-;56,956;-;-;-;-;-;-;-
DOLU26C005450;BRBMEFCS02B9;FINANCIAL;-;-;-;-;-;-;-;-;-;47,657;-;-;-;-;-;-;-
DOLU26C005500;BRBMEFCS02C7;FINANCIAL;-;-;-;-;-;-;-;-;-;39,389;-;-;-;-;-;-;-
DOLU26C005550;BRBMEFCS02D5;FINANCIAL;-;-;-;-;-;-;-;-;-;32,069;-;-;-;-;-;-;-
DOLU26C005600;BRBMEFCS02E3;FINANCIAL;-;-;-;-;-;-;-;-;-;26,189;-;-;-;-;-;-;-
DOLU26C005650;BRBMEFCS02F0;FINANCIAL;-;-;-;-;-;-;-;-;-;21,478;-;-;-;-;-;-;-
DOLU26C005700;BRBMEFCS02G8;FINANCIAL;-;-;-;-;-;-;-;-;-;17,666;-;-;-;-;-;-;-
DOLU26C005750;BRBMEFCS02H6;FINANCIAL;-;-;-;-;-;-;-;-;-;14,36;-;-;-;-;-;-;-
DOLU26C005800;BRBMEFCS02I4;FINANCIAL;-;-;-;-;-;-;-;-;-;11,347;-;-;-;-;-;-;-
DOLU26C005850;BRBMEFCS02J2;FINANCIAL;-;-;-;-;-;-;-;-;-;8,95;-;-;-;-;-;-;-
DOLU26C005900;BRBMEFCS02K0;FINANCIAL;-;-;-;-;-;-;-;-;-;7,049;-;-;-;-;-;-;-
DOLU26C005950;BRBMEFCS02L8;FINANCIAL;-;-;-;-;-;-;-;-;-;5,361;-;-;-;-;-;-;-
DOLU26C006000;BRBMEFCS02M6;FINANCIAL;-;-;-;-;-;-;-;-;-;4,055;-;-;-;-;-;-;-
DOLU26C006050;BRBMEFCS02N4;FINANCIAL;-;-;-;-;-;-;-;-;-;3,052;-;-;-;-;-;-;-
DOLU26C006100;BRBMEFCS02O2;FINANCIAL;-;-;-;-;-;-;-;-;-;2,286;-;-;-;-;-;-;-
DOLU26C006150;BRBMEFCS02P9;FINANCIAL;-;-;-;-;-;-;-;-;-;1,705;-;-;-;-;-;-;-
DOLU26C006200;BRBMEFCS02Q7;FINANCIAL;-;-;-;-;-;-;-;-;-;1,273;-;-;-;-;-;-;-
DOLU26C006250;BRBMEFCS02R5;FINANCIAL;-;-;-;-;-;-;-;-;-;0,913;-;-;-;-;-;-;-
DOLU26C006300;BRBMEFCS02S3;FINANCIAL;-;-;-;-;-;-;-;-;-;0,647;-;-;-;-;-;-;-
DOLU26C006350;BRBMEFCS02T1;FINANCIAL;-;-;-;-;-;-;-;-;-;0,455;-;-;-;-;-;-;-
DOLU26C006400;BRBMEFCS02U9;FINANCIAL;-;-;-;-;-;-;-;-;-;0,317;-;-;-;-;-;-;-
DOLU26C006450;BRBMEFCS02V7;FINANCIAL;-;-;-;-;-;-;-;-;-;0,219;-;-;-;-;-;-;-
DOLU26C006500;BRBMEFCS02W5;FINANCIAL;-;-;-;-;-;-;-;-;-;0,151;-;-;-;-;-;-;-
DOLU26P004500;BRBMEFVS0211;FINANCIAL;-;-;-;-;-;-;-;-;-;0,009;-;-;-;-;-;-;-
DOLU26P004550;BRBMEFVS0229;FINANCIAL;-;-;-;-;-;-;-;-;-;0,025;-;-;-;-;-;-;-
DOLU26P004600;BRBMEFVS0237;FINANCIAL;-;-;-;-;-;-;-;-;-;0,064;-;-;-;-;-;-;-
DOLU26P004650;BRBMEFVS0245;FINANCIAL;-;-;-;-;-;-;-;-;-;0,154;-;-;-;-;-;-;-
DOLU26P004700;BRBMEFVS0252;FINANCIAL;-;-;-;-;-;-;-;-;-;0,346;-;-;-;-;-;-;-
DOLU26P004750;BRBMEFVS0260;FINANCIAL;-;-;-;-;-;-;-;-;-;0,735;-;-;-;-;-;-;-
DOLU26P004800;BRBMEFVS0278;FINANCIAL;-;-;-;-;-;-;-;-;-;1,48;-;-;-;-;-;-;-
DOLU26P004850;BRBMEFVS0286;FINANCIAL;-;-;-;-;-;-;-;-;-;2,818;-;-;-;-;-;-;-
DOLU26P004900;BRBMEFVS0294;FINANCIAL;-;-;-;-;-;-;-;-;-;5,082;-;-;-;-;-;-;-
DOLU26P004950;BRBMEFVS02A1;FINANCIAL;-;-;-;-;-;-;-;-;-;8,813;-;-;-;-;-;-;-
DOLU26P005000;BRBMEFVS02B9;FINANCIAL;-;-;-;-;-;-;-;-;-;14,92;-;-;-;-;-;-;-
DOLU26P005050;BRBMEFVS02C7;FINANCIAL;-;-;-;-;-;-;-;-;-;24,154;-;-;-;-;-;-;-
DOLU26P005100;BRBMEFVS02D5;FINANCIAL;-;-;-;-;-;-;-;-;-;36,989;-;-;-;-;-;-;-
DOLU26P005150;BRBMEFVS02E3;FINANCIAL;-;-;-;-;-;-;-;-;-;54,988;-;-;-;-;-;-;-
DOLU26P005200;BRBMEFVS02F0;FINANCIAL;-;-;-;-;-;-;-;-;-;77,044;-;-;-;-;-;-;-
DOLU26P005250;BRBMEFVS02G8;FINANCIAL;-;-;-;-;-;-;-;-;-;103,038;-;-;-;-;-;-;-
DOLU26P005300;BRBMEFVS02H6;FINANCIAL;-;-;-;-;-;-;-;-;-;133,078;-;-;-;-;-;-;-
DOLU26P005350;BRBMEFVS02I4;FINANCIAL;-;-;-;-;-;-;-;-;-;166,47;-;-;-;-;-;-;-
DOLU26P005400;BRBMEFVS02J2;FINANCIAL;-;-;-;-;-;-;-;-;-;203,603;-;-;-;-;-;-;-
DOLU26P005450;BRBMEFVS02K0;FINANCIAL;-;-;-;-;-;-;-;-;-;243,091;-;-;-;-;-;-;-
DOLU26P005500;BRBMEFVS02L8;FINANCIAL;-;-;-;-;-;-;-;-;-;283,608;-;-;-;-;-;-;-
DOLU26P005550;BRBMEFVS02M6;FINANCIAL;-;-;-;-;-;-;-;-;-;325,074;-;-;-;-;-;-;-
DOLU26P005600;BRBMEFVS02N4;FINANCIAL;-;-;-;-;-;-;-;-;-;367,98;-;-;-;-;-;-;-
DOLU26P005650;BRBMEFVS02O2;FINANCIAL;-;-;-;-;-;-;-;-;-;412,055;-;-;-;-;-;-;-
DOLU26P005700;BRBMEFVS02P9;FINANCIAL;-;-;-;-;-;-;-;-;-;457,028;-;-;-;-;-;-;-
DOLU26P005750;BRBMEFVS02Q7;FINANCIAL;-;-;-;-;-;-;-;-;-;502,508;-;-;-;-;-;-;-
DOLU26P005800;BRBMEFVS02R5;FINANCIAL;-;-;-;-;-;-;-;-;-;548,281;-;-;-;-;-;-;-
DOLU26P005850;BRBMEFVS02S3;FINANCIAL;-;-;-;-;-;-;-;-;-;594,669;-;-;-;-;-;-;-
DOLU26P005900;BRBMEFVS02T1;FINANCIAL;-;-;-;-;-;-;-;-;-;641,555;-;-;-;-;-;-;-
DOLU26P005950;BRBMEFVS02U9;FINANCIAL;-;-;-;-;-;-;-;-;-;688,652;-;-;-;-;-;-;-
DOLU26P006000;BRBMEFVS02V7;FINANCIAL;-;-;-;-;-;-;-;-;-;736,132;-;-;-;-;-;-;-
DOLU26P006050;BRBMEFVS02W5;FINANCIAL;-;-;-;-;-;-;-;-;-;783,915;-;-;-;-;-;-;-
DOLU26P006100;BRBMEFVS02X3;FINANCIAL;-;-;-;-;-;-;-;-;-;831,935;-;-;-;-;-;-;-
DOLU26P006150;BRBMEFVS02Y1;FINANCIAL;-;-;-;-;-;-;-;-;-;880,14;-;-;-;-;-;-;-
DOLU26P006200;BRBMEFVS02Z8;FINANCIAL;-;-;-;-;-;-;-;-;-;928,493;-;-;-;-;-;-;-
DOLU26P006250;BRBMEFVS0302;FINANCIAL;-;-;-;-;-;-;-;-;-;976,92;-;-;-;-;-;-;-
DOLU26P006300;BRBMEFVS0310;FINANCIAL;-;-;-;-;-;-;-;-;-;1025,439;-;-;-;-;-;-;-
DOLU26P006350;BRBMEFVS0328;FINANCIAL;-;-;-;-;-;-;-;-;-;1074,033;-;-;-;-;-;-;-
DOLU26P006400;BRBMEFVS0336;FINANCIAL;-;-;-;-;-;-;-;-;-;1122,681;-;-;-;-;-;-;-
DOLU26P006450;BRBMEFVS0344;FINANCIAL;-;-;-;-;-;-;-;-;-;1171,369;-;-;-;-;-;-;-
DOLU26P006500;BRBMEFVS0351;FINANCIAL;-;-;-;-;-;-;-;-;-;1220,086;-;-;-;-;-;-;-
DOLU26C006550;BRBMEFCS02X3;FINANCIAL;-;-;-;-;-;-;-;-;-;0,103;-;-;-;-;-;-;-
DOLU26P006550;BRBMEFVS0369;FINANCIAL;-;-;-;-;-;-;-;-;-;1268,824;-;-;-;-;-;-;-
DOLZ26C005600;BRBMEFD104A8;FINANCIAL;-;-;-;-;-;-;-;-;-;114,054;-;-;-;-;-;-;-
DOLZ26C005700;BRBMEFD104B6;FINANCIAL;-;-;-;-;-;-;-;-;-;93,018;-;-;-;-;-;-;-
DOLZ26C005800;BRBMEFD104C4;FINANCIAL;-;-;-;-;-;-;-;-;-;76,114;-;-;-;-;-;-;-
DOLZ26C005900;BRBMEFD104D2;FINANCIAL;-;-;-;-;-;-;-;-;-;61,052;-;-;-;-;-;-;-
DOLZ26C006000;BRBMEFD104E0;FINANCIAL;-;-;-;-;-;-;-;-;-;49,076;-;-;-;-;-;-;-
DOLZ26C006100;BRBMEFD104F7;FINANCIAL;-;-;-;-;-;-;-;-;-;39,59;-;-;-;-;-;-;-
DOLZ26P005600;BRBMEFD20498;FINANCIAL;-;-;-;-;-;-;-;-;-;350,702;-;-;-;-;-;-;-
DOLZ26P005700;BRBMEFD204A6;FINANCIAL;-;-;-;-;-;-;-;-;-;424,192;-;-;-;-;-;-;-
DOLZ26P005800;BRBMEFD204B4;FINANCIAL;-;-;-;-;-;-;-;-;-;501,816;-;-;-;-;-;-;-
DOLZ26P005900;BRBMEFD204C2;FINANCIAL;-;-;-;-;-;-;-;-;-;581,28;-;-;-;-;-;-;-
DOLZ26P006000;BRBMEFD204D0;FINANCIAL;-;-;-;-;-;-;-;-;-;663,831;-;-;-;-;-;-;-
DOLZ26P006100;BRBMEFD204E8;FINANCIAL;-;-;-;-;-;-;-;-;-;748,872;-;-;-;-;-;-;-
DOLF29C009000;BRBMEFCE1IF2;FINANCIAL;-;-;-;-;-;-;-;-;-;89,412;-;-;-;-;-;-;-
DOLF29P009000;BRBMEFDE1HL1;FINANCIAL;-;-;-;-;-;-;-;-;-;2035,897;-;-;-;-;-;-;-
DOLU26C006600;BRBMEFCS02Y1;FINANCIAL;-;-;-;-;-;-;-;-;-;0,07;-;-;-;-;-;-;-
DOLU26C007000;BRBMEFCS02Z8;FINANCIAL;-;-;-;-;-;-;-;-;-;0,002;-;-;-;-;-;-;-
DOLU26P006600;BRBMEFVS0377;FINANCIAL;-;-;-;-;-;-;-;-;-;1317,577;-;-;-;-;-;-;-
DOLU26P007000;BRBMEFVS0385;FINANCIAL;-;-;-;-;-;-;-;-;-;1707,796;-;-;-;-;-;-;-
DOLZ26C004950;BRBMEFD104O9;FINANCIAL;-;-;-;-;-;-;-;-;-;418,567;-;-;-;-;-;-;-
DOLZ26C005350;BRBMEFD104N1;FINANCIAL;-;-;-;-;-;-;-;-;-;190,083;-;-;-;-;-;-;-
DOLZ26P004950;BRBMEFD204N9;FINANCIAL;-;-;-;-;-;-;-;-;-;40,79;-;-;-;-;-;-;-
DOLZ26P005350;BRBMEFD204M1;FINANCIAL;-;-;-;-;-;-;-;-;-;190,414;-;-;-;-;-;-;-
DOLZ26C004100;BRBMEFD104P6;FINANCIAL;-;-;-;-;-;-;-;-;-;1181,324;-;-;-;-;-;-;-
DOLZ26C004200;BRBMEFD104Q4;FINANCIAL;-;-;-;-;-;-;-;-;-;1086,924;-;-;-;-;-;-;-
DOLZ26C004300;BRBMEFD104R2;FINANCIAL;-;-;-;-;-;-;-;-;-;992,711;-;-;-;-;-;-;-
DOLZ26C004400;BRBMEFD104S0;FINANCIAL;-;-;-;-;-;-;-;-;-;898,884;-;-;-;-;-;-;-
DOLZ26C004500;BRBMEFD104T8;FINANCIAL;-;-;-;-;-;-;-;-;-;805,807;-;-;-;-;-;-;-
DOLZ26C004600;BRBMEFD104U6;FINANCIAL;-;-;-;-;-;-;-;-;-;714,059;-;-;-;-;-;-;-
DOLZ26C004700;BRBMEFD104V4;FINANCIAL;-;-;-;-;-;-;-;-;-;624,471;-;-;-;-;-;-;-
DOLZ26C004800;BRBMEFD104W2;FINANCIAL;-;-;-;-;-;-;-;-;-;538,18;-;-;-;-;-;-;-
DOLZ26P004100;BRBMEFD204O7;FINANCIAL;-;-;-;-;-;-;-;-;-;0,069;-;-;-;-;-;-;-
DOLZ26P004200;BRBMEFD204P4;FINANCIAL;-;-;-;-;-;-;-;-;-;0,196;-;-;-;-;-;-;-
DOLZ26P004300;BRBMEFD204Q2;FINANCIAL;-;-;-;-;-;-;-;-;-;0,509;-;-;-;-;-;-;-
DOLZ26P004400;BRBMEFD204R0;FINANCIAL;-;-;-;-;-;-;-;-;-;1,209;-;-;-;-;-;-;-
DOLZ26P004500;BRBMEFD204S8;FINANCIAL;-;-;-;-;-;-;-;-;-;2,66;-;-;-;-;-;-;-
DOLZ26P004600;BRBMEFD204T6;FINANCIAL;-;-;-;-;-;-;-;-;-;5,438;-;-;-;-;-;-;-
DOLZ26P004700;BRBMEFD204U4;FINANCIAL;-;-;-;-;-;-;-;-;-;10,377;-;-;-;-;-;-;-
DOLZ26P004800;BRBMEFD204V2;FINANCIAL;-;-;-;-;-;-;-;-;-;18,613;-;-;-;-;-;-;-
DOLV26C004500;BRBMEFCD46L7;FINANCIAL;-;-;-;-;-;-;-;-;-;758,112;-;-;-;-;-;-;-
DOLV26P004500;BRBMEFVD46M5;FINANCIAL;-;-;-;-;-;-;-;-;-;0,1;-;-;-;-;-;-;-
DOLX26C004500;BRBMEFDC03H6;FINANCIAL;-;-;-;-;-;-;-;-;-;782,439;-;-;-;-;-;-;-
DOLX26C004550;BRBMEFDC03I4;FINANCIAL;-;-;-;-;-;-;-;-;-;735,385;-;-;-;-;-;-;-
DOLX26C004600;BRBMEFDC03J2;FINANCIAL;-;-;-;-;-;-;-;-;-;688,629;-;-;-;-;-;-;-
DOLX26C004650;BRBMEFDC03K0;FINANCIAL;-;-;-;-;-;-;-;-;-;642,242;-;-;-;-;-;-;-
DOLX26C004700;BRBMEFDC03L8;FINANCIAL;-;-;-;-;-;-;-;-;-;596,373;-;-;-;-;-;-;-
DOLX26C004750;BRBMEFDC03M6;FINANCIAL;-;-;-;-;-;-;-;-;-;551,114;-;-;-;-;-;-;-
DOLX26C004800;BRBMEFDC03N4;FINANCIAL;-;-;-;-;-;-;-;-;-;506,643;-;-;-;-;-;-;-
DOLX26C004850;BRBMEFDC03O2;FINANCIAL;-;-;-;-;-;-;-;-;-;463,136;-;-;-;-;-;-;-
DOLX26C004900;BRBMEFDC03P9;FINANCIAL;-;-;-;-;-;-;-;-;-;421,511;-;-;-;-;-;-;-
DOLX26C004950;BRBMEFDC03Q7;FINANCIAL;-;-;-;-;-;-;-;-;-;381,784;-;-;-;-;-;-;-
DOLX26C005000;BRBMEFDC03R5;FINANCIAL;-;-;-;-;-;-;-;-;-;344,052;-;-;-;-;-;-;-
DOLX26C005050;BRBMEFDC03S3;FINANCIAL;-;-;-;-;-;-;-;-;-;308,437;-;-;-;-;-;-;-
DOLX26C005100;BRBMEFDC03T1;FINANCIAL;-;-;-;-;-;-;-;-;-;275,792;-;-;-;-;-;-;-
DOLX26C005150;BRBMEFDC03U9;FINANCIAL;-;-;-;-;-;-;-;-;-;246,269;-;-;-;-;-;-;-
DOLX26C005200;BRBMEFDC03V7;FINANCIAL;-;-;-;-;-;-;-;-;-;219,307;-;-;-;-;-;-;-
DOLX26C005250;BRBMEFDC03W5;FINANCIAL;-;-;-;-;-;-;-;-;-;194,376;-;-;-;-;-;-;-
DOLX26C005300;BRBMEFDC03X3;FINANCIAL;-;-;-;-;-;-;-;-;-;171,951;-;-;-;-;-;-;-
DOLX26C005350;BRBMEFDC03Y1;FINANCIAL;-;-;-;-;-;-;-;-;-;151,921;-;-;-;-;-;-;-
DOLX26C005400;BRBMEFDC03Z8;FINANCIAL;-;-;-;-;-;-;-;-;-;134,263;-;-;-;-;-;-;-
DOLX26C005450;BRBMEFDC0401;FINANCIAL;-;-;-;-;-;-;-;-;-;118,688;-;-;-;-;-;-;-
DOLX26C005500;BRBMEFDC0419;FINANCIAL;-;-;-;-;-;-;-;-;-;104,901;-;-;-;-;-;-;-
DOLX26C005550;BRBMEFDC0427;FINANCIAL;-;-;-;-;-;-;-;-;-;93,604;-;-;-;-;-;-;-
DOLX26C005600;BRBMEFDC0435;FINANCIAL;-;-;-;-;-;-;-;-;-;83,788;-;-;-;-;-;-;-
DOLX26C005650;BRBMEFDC0443;FINANCIAL;-;-;-;-;-;-;-;-;-;75,173;-;-;-;-;-;-;-
DOLX26C005700;BRBMEFDC0450;FINANCIAL;-;-;-;-;-;-;-;-;-;67,514;-;-;-;-;-;-;-
DOLX26C005750;BRBMEFDC0468;FINANCIAL;-;-;-;-;-;-;-;-;-;59,434;-;-;-;-;-;-;-
DOLX26C005800;BRBMEFDC0476;FINANCIAL;-;-;-;-;-;-;-;-;-;52,406;-;-;-;-;-;-;-
DOLX26C005850;BRBMEFDC0484;FINANCIAL;-;-;-;-;-;-;-;-;-;46,227;-;-;-;-;-;-;-
DOLX26C005900;BRBMEFDC0492;FINANCIAL;-;-;-;-;-;-;-;-;-;40,8;-;-;-;-;-;-;-
DOLX26C005950;BRBMEFDC04A9;FINANCIAL;-;-;-;-;-;-;-;-;-;36,037;-;-;-;-;-;-;-
DOLX26C006000;BRBMEFDC04B7;FINANCIAL;-;-;-;-;-;-;-;-;-;31,922;-;-;-;-;-;-;-
DOLX26C006050;BRBMEFDC04C5;FINANCIAL;-;-;-;-;-;-;-;-;-;28,31;-;-;-;-;-;-;-
DOLX26C006100;BRBMEFDC04D3;FINANCIAL;-;-;-;-;-;-;-;-;-;25,14;-;-;-;-;-;-;-
DOLX26C006150;BRBMEFDC04E1;FINANCIAL;-;-;-;-;-;-;-;-;-;22,106;-;-;-;-;-;-;-
DOLX26C006200;BRBMEFDC04F8;FINANCIAL;-;-;-;-;-;-;-;-;-;19,358;-;-;-;-;-;-;-
DOLX26C006250;BRBMEFDC04G6;FINANCIAL;-;-;-;-;-;-;-;-;-;16,957;-;-;-;-;-;-;-
DOLX26C006300;BRBMEFDC04H4;FINANCIAL;-;-;-;-;-;-;-;-;-;14,86;-;-;-;-;-;-;-
DOLX26C006350;BRBMEFDC04I2;FINANCIAL;-;-;-;-;-;-;-;-;-;13,064;-;-;-;-;-;-;-
DOLX26C006400;BRBMEFDC04J0;FINANCIAL;-;-;-;-;-;-;-;-;-;11,463;-;-;-;-;-;-;-
DOLX26C006450;BRBMEFDC04K8;FINANCIAL;-;-;-;-;-;-;-;-;-;9,893;-;-;-;-;-;-;-
DOLX26C006500;BRBMEFDC04L6;FINANCIAL;-;-;-;-;-;-;-;-;-;8,508;-;-;-;-;-;-;-
DOLX26P004500;BRBMEFVDY5Z7;FINANCIAL;-;-;-;-;-;-;-;-;-;1,362;-;-;-;-;-;-;-
DOLX26P004550;BRBMEFVDY601;FINANCIAL;-;-;-;-;-;-;-;-;-;2,042;-;-;-;-;-;-;-
DOLX26P004600;BRBMEFVDY619;FINANCIAL;-;-;-;-;-;-;-;-;-;3,021;-;-;-;-;-;-;-
DOLX26P004650;BRBMEFVDY627;FINANCIAL;-;-;-;-;-;-;-;-;-;4,368;-;-;-;-;-;-;-
DOLX26P004700;BRBMEFVDY635;FINANCIAL;-;-;-;-;-;-;-;-;-;6,234;-;-;-;-;-;-;-
DOLX26P004750;BRBMEFVDY643;FINANCIAL;-;-;-;-;-;-;-;-;-;8,71;-;-;-;-;-;-;-
DOLX26P004800;BRBMEFVDY650;FINANCIAL;-;-;-;-;-;-;-;-;-;11,973;-;-;-;-;-;-;-
DOLX26P004850;BRBMEFVDY668;FINANCIAL;-;-;-;-;-;-;-;-;-;16,201;-;-;-;-;-;-;-
DOLX26P004900;BRBMEFVDY676;FINANCIAL;-;-;-;-;-;-;-;-;-;22,31;-;-;-;-;-;-;-
DOLX26P004950;BRBMEFVDY684;FINANCIAL;-;-;-;-;-;-;-;-;-;30,318;-;-;-;-;-;-;-
DOLX26P005000;BRBMEFVDY692;FINANCIAL;-;-;-;-;-;-;-;-;-;40,321;-;-;-;-;-;-;-
DOLX26P005050;BRBMEFVDY6A8;FINANCIAL;-;-;-;-;-;-;-;-;-;52,441;-;-;-;-;-;-;-
DOLX26P005100;BRBMEFVDY6B6;FINANCIAL;79,737;79,737;84,375;82,056;84,375;-;-;-;-;67,53;-;-;-;-;2;160;656448
DOLX26P005150;BRBMEFVDY6C4;FINANCIAL;-;-;-;-;-;-;-;-;-;85,742;-;-;-;-;-;-;-
DOLX26P005200;BRBMEFVDY6D2;FINANCIAL;-;-;-;-;-;-;-;-;-;106,515;-;-;-;-;-;-;-
DOLX26P005250;BRBMEFVDY6E0;FINANCIAL;-;-;-;-;-;-;-;-;-;129,318;-;-;-;-;-;-;-
DOLX26P005300;BRBMEFVDY6F7;FINANCIAL;-;-;-;-;-;-;-;-;-;154,628;-;-;-;-;-;-;-
DOLX26P005350;BRBMEFVDY6G5;FINANCIAL;-;-;-;-;-;-;-;-;-;182,332;-;-;-;-;-;-;-
DOLX26P005400;BRBMEFVDY6H3;FINANCIAL;-;-;-;-;-;-;-;-;-;212,409;-;-;-;-;-;-;-
DOLX26P005450;BRBMEFVDY6I1;FINANCIAL;-;-;-;-;-;-;-;-;-;244,569;-;-;-;-;-;-;-
DOLX26P005500;BRBMEFVDY6J9;FINANCIAL;-;-;-;-;-;-;-;-;-;278,516;-;-;-;-;-;-;-
DOLX26P005550;BRBMEFVDY6K7;FINANCIAL;-;-;-;-;-;-;-;-;-;314,954;-;-;-;-;-;-;-
DOLX26P005600;BRBMEFVDY6L5;FINANCIAL;-;-;-;-;-;-;-;-;-;352,872;-;-;-;-;-;-;-
DOLX26P005650;BRBMEFVDY6M3;FINANCIAL;-;-;-;-;-;-;-;-;-;391,992;-;-;-;-;-;-;-
DOLX26P005700;BRBMEFVDY6N1;FINANCIAL;-;-;-;-;-;-;-;-;-;432,068;-;-;-;-;-;-;-
DOLX26P005750;BRBMEFVDY6O9;FINANCIAL;-;-;-;-;-;-;-;-;-;471,722;-;-;-;-;-;-;-
DOLX26P005800;BRBMEFVDY6P6;FINANCIAL;-;-;-;-;-;-;-;-;-;512,429;-;-;-;-;-;-;-
DOLX26P005850;BRBMEFVDY6Q4;FINANCIAL;-;-;-;-;-;-;-;-;-;553,985;-;-;-;-;-;-;-
DOLX26P005900;BRBMEFVDY6R2;FINANCIAL;-;-;-;-;-;-;-;-;-;596,293;-;-;-;-;-;-;-
DOLX26P005950;BRBMEFVDY6S0;FINANCIAL;-;-;-;-;-;-;-;-;-;639,264;-;-;-;-;-;-;-
DOLX26P006000;BRBMEFVDY6T8;FINANCIAL;-;-;-;-;-;-;-;-;-;682,883;-;-;-;-;-;-;-
DOLX26P006050;BRBMEFVDY6U6;FINANCIAL;-;-;-;-;-;-;-;-;-;727,006;-;-;-;-;-;-;-
DOLX26P006100;BRBMEFVDY6V4;FINANCIAL;-;-;-;-;-;-;-;-;-;771,571;-;-;-;-;-;-;-
DOLX26P006150;BRBMEFVDY6W2;FINANCIAL;-;-;-;-;-;-;-;-;-;816,271;-;-;-;-;-;-;-
DOLX26P006200;BRBMEFVDY6X0;FINANCIAL;-;-;-;-;-;-;-;-;-;861,258;-;-;-;-;-;-;-
DOLX26P006250;BRBMEFVDY6Y8;FINANCIAL;-;-;-;-;-;-;-;-;-;906,592;-;-;-;-;-;-;-
DOLX26P006300;BRBMEFVDY6Z5;FINANCIAL;-;-;-;-;-;-;-;-;-;952,23;-;-;-;-;-;-;-
DOLX26P006350;BRBMEFVDY700;FINANCIAL;-;-;-;-;-;-;-;-;-;998,168;-;-;-;-;-;-;-
DOLX26P006400;BRBMEFVDY718;FINANCIAL;-;-;-;-;-;-;-;-;-;1044,302;-;-;-;-;-;-;-
DOLX26P006450;BRBMEFVDY726;FINANCIAL;-;-;-;-;-;-;-;-;-;1090,467;-;-;-;-;-;-;-
DOLX26P006500;BRBMEFVDY734;FINANCIAL;-;-;-;-;-;-;-;-;-;1136,816;-;-;-;-;-;-;-
DOLX26C006750;BRBMEFDC04M4;FINANCIAL;-;-;-;-;-;-;-;-;-;3,955;-;-;-;-;-;-;-
DOLX26P006750;BRBMEFVDY742;FINANCIAL;-;-;-;-;-;-;-;-;-;1370,936;-;-;-;-;-;-;-
DOLF28C005000;BRBMEFCE1JX3;FINANCIAL;-;-;-;-;-;-;-;-;-;745,445;-;-;-;-;-;-;-
DOLF28C005050;BRBMEFCE1JY1;FINANCIAL;-;-;-;-;-;-;-;-;-;713,951;-;-;-;-;-;-;-
DOLF28C005100;BRBMEFCE1JZ8;FINANCIAL;-;-;-;-;-;-;-;-;-;683,226;-;-;-;-;-;-;-
DOLF28C005150;BRBMEFCE1K01;FINANCIAL;-;-;-;-;-;-;-;-;-;653,29;-;-;-;-;-;-;-
DOLF28C005200;BRBMEFCE1K19;FINANCIAL;-;-;-;-;-;-;-;-;-;624,161;-;-;-;-;-;-;-
DOLF28C005250;BRBMEFCE1K27;FINANCIAL;-;-;-;-;-;-;-;-;-;595,856;-;-;-;-;-;-;-
DOLF28C005300;BRBMEFCE1K35;FINANCIAL;-;-;-;-;-;-;-;-;-;568,962;-;-;-;-;-;-;-
DOLF28C005350;BRBMEFCE1K43;FINANCIAL;-;-;-;-;-;-;-;-;-;543,351;-;-;-;-;-;-;-
DOLF28C005400;BRBMEFCE1K50;FINANCIAL;-;-;-;-;-;-;-;-;-;518,651;-;-;-;-;-;-;-
DOLF28C005450;BRBMEFCE1K68;FINANCIAL;-;-;-;-;-;-;-;-;-;494,648;-;-;-;-;-;-;-
DOLF28C005550;BRBMEFCE1K76;FINANCIAL;-;-;-;-;-;-;-;-;-;449,746;-;-;-;-;-;-;-
DOLF28C005650;BRBMEFCE1K84;FINANCIAL;-;-;-;-;-;-;-;-;-;409,263;-;-;-;-;-;-;-
DOLF28P005000;BRBMEFDE1J36;FINANCIAL;-;-;-;-;-;-;-;-;-;76,778;-;-;-;-;-;-;-
DOLF28P005050;BRBMEFDE1J44;FINANCIAL;-;-;-;-;-;-;-;-;-;86,212;-;-;-;-;-;-;-
DOLF28P005100;BRBMEFDE1J51;FINANCIAL;-;-;-;-;-;-;-;-;-;96,415;-;-;-;-;-;-;-
DOLF28P005150;BRBMEFDE1J69;FINANCIAL;-;-;-;-;-;-;-;-;-;107,406;-;-;-;-;-;-;-
DOLF28P005200;BRBMEFDE1J77;FINANCIAL;-;-;-;-;-;-;-;-;-;119,206;-;-;-;-;-;-;-
DOLF28P005250;BRBMEFDE1J85;FINANCIAL;-;-;-;-;-;-;-;-;-;131,829;-;-;-;-;-;-;-
DOLF28P005300;BRBMEFDE1J93;FINANCIAL;-;-;-;-;-;-;-;-;-;145,863;-;-;-;-;-;-;-
DOLF28P005350;BRBMEFDE1JA0;FINANCIAL;-;-;-;-;-;-;-;-;-;161,18;-;-;-;-;-;-;-
DOLF28P005400;BRBMEFDE1JB8;FINANCIAL;-;-;-;-;-;-;-;-;-;177,408;-;-;-;-;-;-;-
DOLF28P005450;BRBMEFDE1JC6;FINANCIAL;-;-;-;-;-;-;-;-;-;194,333;-;-;-;-;-;-;-
DOLF28P005550;BRBMEFDE1JD4;FINANCIAL;-;-;-;-;-;-;-;-;-;231,287;-;-;-;-;-;-;-
DOLF28P005650;BRBMEFDE1JE2;FINANCIAL;-;-;-;-;-;-;-;-;-;272,66;-;-;-;-;-;-;-
DOLZ26C005250;BRBMEFD104X0;FINANCIAL;-;-;-;-;-;-;-;-;-;235,326;-;-;-;-;-;-;-
DOLZ26P005250;BRBMEFD204W0;FINANCIAL;-;-;-;-;-;-;-;-;-;141,13;-;-;-;-;-;-;-
DOLF28C007100;BRBMEFCE1K92;FINANCIAL;-;-;-;-;-;-;-;-;-;110,761;-;-;-;-;-;-;-
DOLF28C007200;BRBMEFCE1KA9;FINANCIAL;-;-;-;-;-;-;-;-;-;101,134;-;-;-;-;-;-;-
DOLF28C007300;BRBMEFCE1KB7;FINANCIAL;-;-;-;-;-;-;-;-;-;92,429;-;-;-;-;-;-;-
DOLF28C007400;BRBMEFCE1KC5;FINANCIAL;-;-;-;-;-;-;-;-;-;84,557;-;-;-;-;-;-;-
DOLF28C007600;BRBMEFCE1KD3;FINANCIAL;-;-;-;-;-;-;-;-;-;71,125;-;-;-;-;-;-;-
DOLF28C007700;BRBMEFCE1KE1;FINANCIAL;-;-;-;-;-;-;-;-;-;65,287;-;-;-;-;-;-;-
DOLF28C007800;BRBMEFCE1KF8;FINANCIAL;-;-;-;-;-;-;-;-;-;60,117;-;-;-;-;-;-;-
DOLF28C007900;BRBMEFCE1KG6;FINANCIAL;-;-;-;-;-;-;-;-;-;55,431;-;-;-;-;-;-;-
DOLF28P007100;BRBMEFDE1JF9;FINANCIAL;-;-;-;-;-;-;-;-;-;1161,068;-;-;-;-;-;-;-
DOLF28P007200;BRBMEFDE1JG7;FINANCIAL;-;-;-;-;-;-;-;-;-;1233,298;-;-;-;-;-;-;-
DOLF28P007300;BRBMEFDE1JH5;FINANCIAL;-;-;-;-;-;-;-;-;-;1306,449;-;-;-;-;-;-;-
DOLF28P007400;BRBMEFDE1JI3;FINANCIAL;-;-;-;-;-;-;-;-;-;1380,432;-;-;-;-;-;-;-
DOLF28P007600;BRBMEFDE1JJ1;FINANCIAL;-;-;-;-;-;-;-;-;-;1530,712;-;-;-;-;-;-;-
DOLF28P007700;BRBMEFDE1JK9;FINANCIAL;-;-;-;-;-;-;-;-;-;1606,73;-;-;-;-;-;-;-
DOLF28P007800;BRBMEFDE1JL7;FINANCIAL;-;-;-;-;-;-;-;-;-;1683,416;-;-;-;-;-;-;-
DOLF28P007900;BRBMEFDE1JM5;FINANCIAL;-;-;-;-;-;-;-;-;-;1760,586;-;-;-;-;-;-;-
DOLZ26C005150;BRBMEFD104Y8;FINANCIAL;-;-;-;-;-;-;-;-;-;286,983;-;-;-;-;-;-;-
DOLZ26C005200;BRBMEFD104Z5;FINANCIAL;-;-;-;-;-;-;-;-;-;260,642;-;-;-;-;-;-;-
DOLZ26C005300;BRBMEFD10507;FINANCIAL;-;-;-;-;-;-;-;-;-;211,788;-;-;-;-;-;-;-
DOLZ26C005450;BRBMEFD10515;FINANCIAL;-;-;-;-;-;-;-;-;-;154,58;-;-;-;-;-;-;-
DOLZ26P005150;BRBMEFD204X8;FINANCIAL;-;-;-;-;-;-;-;-;-;98,26;-;-;-;-;-;-;-
DOLZ26P005200;BRBMEFD204Y6;FINANCIAL;-;-;-;-;-;-;-;-;-;119,183;-;-;-;-;-;-;-
DOLZ26P005300;BRBMEFD204Z3;FINANCIAL;-;-;-;-;-;-;-;-;-;164,856;-;-;-;-;-;-;-
DOLZ26P005450;BRBMEFD20506;FINANCIAL;-;-;-;-;-;-;-;-;-;249,438;-;-;-;-;-;-;-
DOLZ26C004150;BRBMEFD10523;FINANCIAL;-;-;-;-;-;-;-;-;-;1134,109;-;-;-;-;-;-;-
DOLZ26C004250;BRBMEFD10531;FINANCIAL;-;-;-;-;-;-;-;-;-;1039,784;-;-;-;-;-;-;-
DOLZ26C004350;BRBMEFD10549;FINANCIAL;-;-;-;-;-;-;-;-;-;945,731;-;-;-;-;-;-;-
DOLZ26C004450;BRBMEFD10556;FINANCIAL;-;-;-;-;-;-;-;-;-;852,228;-;-;-;-;-;-;-
DOLZ26C004550;BRBMEFD10564;FINANCIAL;-;-;-;-;-;-;-;-;-;759,723;-;-;-;-;-;-;-
DOLZ26C004650;BRBMEFD10572;FINANCIAL;-;-;-;-;-;-;-;-;-;668,921;-;-;-;-;-;-;-
DOLZ26C004750;BRBMEFD10580;FINANCIAL;-;-;-;-;-;-;-;-;-;580,868;-;-;-;-;-;-;-
DOLZ26C004850;BRBMEFD10598;FINANCIAL;-;-;-;-;-;-;-;-;-;496,792;-;-;-;-;-;-;-
DOLZ26C005050;BRBMEFD105A5;FINANCIAL;-;-;-;-;-;-;-;-;-;347,131;-;-;-;-;-;-;-
DOLZ26C005650;BRBMEFD105B3;FINANCIAL;-;-;-;-;-;-;-;-;-;102,965;-;-;-;-;-;-;-
DOLZ26C005750;BRBMEFD105C1;FINANCIAL;-;-;-;-;-;-;-;-;-;84,21;-;-;-;-;-;-;-
DOLZ26C005850;BRBMEFD105D9;FINANCIAL;-;-;-;-;-;-;-;-;-;68,168;-;-;-;-;-;-;-
DOLZ26C005950;BRBMEFD105E7;FINANCIAL;-;-;-;-;-;-;-;-;-;54,773;-;-;-;-;-;-;-
DOLZ26C006050;BRBMEFD105F4;FINANCIAL;-;-;-;-;-;-;-;-;-;44,065;-;-;-;-;-;-;-
DOLZ26C006150;BRBMEFD105G2;FINANCIAL;-;-;-;-;-;-;-;-;-;35,595;-;-;-;-;-;-;-
DOLZ26C006200;BRBMEFD105H0;FINANCIAL;-;-;-;-;-;-;-;-;-;32,027;-;-;-;-;-;-;-
DOLZ26C006250;BRBMEFD105I8;FINANCIAL;-;-;-;-;-;-;-;-;-;28,903;-;-;-;-;-;-;-
DOLZ26C006300;BRBMEFD105J6;FINANCIAL;-;-;-;-;-;-;-;-;-;25,886;-;-;-;-;-;-;-
DOLZ26C006350;BRBMEFD105K4;FINANCIAL;-;-;-;-;-;-;-;-;-;22,936;-;-;-;-;-;-;-
DOLZ26C006400;BRBMEFD105L2;FINANCIAL;-;-;-;-;-;-;-;-;-;20,364;-;-;-;-;-;-;-
DOLZ26C006450;BRBMEFD105M0;FINANCIAL;-;-;-;-;-;-;-;-;-;18,037;-;-;-;-;-;-;-
DOLZ26C006500;BRBMEFD105N8;FINANCIAL;-;-;-;-;-;-;-;-;-;16,014;-;-;-;-;-;-;-
DOLZ26C006550;BRBMEFD105O6;FINANCIAL;-;-;-;-;-;-;-;-;-;14,22;-;-;-;-;-;-;-
DOLZ26C006600;BRBMEFD105P3;FINANCIAL;-;-;-;-;-;-;-;-;-;12,594;-;-;-;-;-;-;-
DOLZ26C006650;BRBMEFD105Q1;FINANCIAL;-;-;-;-;-;-;-;-;-;11,03;-;-;-;-;-;-;-
DOLZ26C006700;BRBMEFD105R9;FINANCIAL;-;-;-;-;-;-;-;-;-;9,625;-;-;-;-;-;-;-
DOLZ26C006750;BRBMEFD105S7;FINANCIAL;-;-;-;-;-;-;-;-;-;8,392;-;-;-;-;-;-;-
DOLZ26C006800;BRBMEFD105T5;FINANCIAL;-;-;-;-;-;-;-;-;-;7,287;-;-;-;-;-;-;-
DOLZ26C006850;BRBMEFD105U3;FINANCIAL;-;-;-;-;-;-;-;-;-;6,343;-;-;-;-;-;-;-
DOLZ26C006900;BRBMEFD105V1;FINANCIAL;-;-;-;-;-;-;-;-;-;5,517;-;-;-;-;-;-;-
DOLZ26C006950;BRBMEFD105W9;FINANCIAL;-;-;-;-;-;-;-;-;-;4,795;-;-;-;-;-;-;-
DOLZ26C007000;BRBMEFD105X7;FINANCIAL;-;-;-;-;-;-;-;-;-;4,166;-;-;-;-;-;-;-
DOLZ26C007050;BRBMEFD105Y5;FINANCIAL;-;-;-;-;-;-;-;-;-;3,617;-;-;-;-;-;-;-
DOLZ26C007100;BRBMEFD105Z2;FINANCIAL;-;-;-;-;-;-;-;-;-;3,138;-;-;-;-;-;-;-
DOLZ26C007150;BRBMEFD10606;FINANCIAL;-;-;-;-;-;-;-;-;-;2,722;-;-;-;-;-;-;-
DOLZ26C007200;BRBMEFD10614;FINANCIAL;-;-;-;-;-;-;-;-;-;2,369;-;-;-;-;-;-;-
DOLZ26C007250;BRBMEFD10622;FINANCIAL;-;-;-;-;-;-;-;-;-;2,045;-;-;-;-;-;-;-
DOLZ26C007300;BRBMEFD10630;FINANCIAL;-;-;-;-;-;-;-;-;-;1,741;-;-;-;-;-;-;-
DOLZ26C007350;BRBMEFD10648;FINANCIAL;-;-;-;-;-;-;-;-;-;1,48;-;-;-;-;-;-;-
DOLZ26C007400;BRBMEFD10655;FINANCIAL;-;-;-;-;-;-;-;-;-;1,256;-;-;-;-;-;-;-
DOLZ26C007450;BRBMEFD10663;FINANCIAL;-;-;-;-;-;-;-;-;-;1,065;-;-;-;-;-;-;-
DOLZ26C007500;BRBMEFD10671;FINANCIAL;-;-;-;-;-;-;-;-;-;0,902;-;-;-;-;-;-;-
DOLZ26C007550;BRBMEFD10689;FINANCIAL;-;-;-;-;-;-;-;-;-;0,763;-;-;-;-;-;-;-
DOLZ26C007600;BRBMEFD10697;FINANCIAL;-;-;-;-;-;-;-;-;-;0,644;-;-;-;-;-;-;-
DOLZ26C007650;BRBMEFD106A3;FINANCIAL;-;-;-;-;-;-;-;-;-;0,543;-;-;-;-;-;-;-
DOLZ26C007700;BRBMEFD106B1;FINANCIAL;-;-;-;-;-;-;-;-;-;0,458;-;-;-;-;-;-;-
DOLZ26C007750;BRBMEFD106C9;FINANCIAL;-;-;-;-;-;-;-;-;-;0,385;-;-;-;-;-;-;-
DOLZ26C007800;BRBMEFD106D7;FINANCIAL;-;-;-;-;-;-;-;-;-;0,324;-;-;-;-;-;-;-
DOLZ26C007850;BRBMEFD106E5;FINANCIAL;-;-;-;-;-;-;-;-;-;0,272;-;-;-;-;-;-;-
DOLZ26C007900;BRBMEFD106F2;FINANCIAL;-;-;-;-;-;-;-;-;-;0,228;-;-;-;-;-;-;-
DOLZ26C007950;BRBMEFD106G0;FINANCIAL;-;-;-;-;-;-;-;-;-;0,191;-;-;-;-;-;-;-
DOLZ26C008000;BRBMEFD106H8;FINANCIAL;-;-;-;-;-;-;-;-;-;0,16;-;-;-;-;-;-;-
DOLZ26P004150;BRBMEFD20514;FINANCIAL;-;-;-;-;-;-;-;-;-;0,118;-;-;-;-;-;-;-
DOLZ26P004250;BRBMEFD20522;FINANCIAL;-;-;-;-;-;-;-;-;-;0,32;-;-;-;-;-;-;-
DOLZ26P004350;BRBMEFD20530;FINANCIAL;-;-;-;-;-;-;-;-;-;0,793;-;-;-;-;-;-;-
DOLZ26P004450;BRBMEFD20548;FINANCIAL;-;-;-;-;-;-;-;-;-;1,817;-;-;-;-;-;-;-
DOLZ26P004550;BRBMEFD20555;FINANCIAL;-;-;-;-;-;-;-;-;-;3,839;-;-;-;-;-;-;-
DOLZ26P004650;BRBMEFD20563;FINANCIAL;-;-;-;-;-;-;-;-;-;7,564;-;-;-;-;-;-;-
DOLZ26P004750;BRBMEFD20571;FINANCIAL;-;-;-;-;-;-;-;-;-;14,038;-;-;-;-;-;-;-
DOLZ26P004850;BRBMEFD20589;FINANCIAL;-;-;-;-;-;-;-;-;-;24,488;-;-;-;-;-;-;-
DOLZ26P005050;BRBMEFD20597;FINANCIAL;-;-;-;-;-;-;-;-;-;63,881;-;-;-;-;-;-;-
DOLZ26P005650;BRBMEFD205A3;FINANCIAL;-;-;-;-;-;-;-;-;-;386,876;-;-;-;-;-;-;-
DOLZ26P005750;BRBMEFD205B1;FINANCIAL;-;-;-;-;-;-;-;-;-;462,648;-;-;-;-;-;-;-
DOLZ26P005850;BRBMEFD205C9;FINANCIAL;-;-;-;-;-;-;-;-;-;541,133;-;-;-;-;-;-;-
DOLZ26P005950;BRBMEFD205D7;FINANCIAL;-;-;-;-;-;-;-;-;-;622,265;-;-;-;-;-;-;-
DOLZ26P006050;BRBMEFD205E5;FINANCIAL;-;-;-;-;-;-;-;-;-;706,084;-;-;-;-;-;-;-
DOLZ26P006150;BRBMEFD205F2;FINANCIAL;-;-;-;-;-;-;-;-;-;792,14;-;-;-;-;-;-;-
DOLZ26P006200;BRBMEFD205G0;FINANCIAL;-;-;-;-;-;-;-;-;-;835,836;-;-;-;-;-;-;-
DOLZ26P006250;BRBMEFD205H8;FINANCIAL;-;-;-;-;-;-;-;-;-;879,975;-;-;-;-;-;-;-
DOLZ26P006300;BRBMEFD205I6;FINANCIAL;-;-;-;-;-;-;-;-;-;924,221;-;-;-;-;-;-;-
DOLZ26P006350;BRBMEFD205J4;FINANCIAL;-;-;-;-;-;-;-;-;-;968,535;-;-;-;-;-;-;-
DOLZ26P006400;BRBMEFD205K2;FINANCIAL;-;-;-;-;-;-;-;-;-;1013,227;-;-;-;-;-;-;-
DOLZ26P006450;BRBMEFD205L0;FINANCIAL;-;-;-;-;-;-;-;-;-;1058,162;-;-;-;-;-;-;-
DOLZ26P006500;BRBMEFD205M8;FINANCIAL;-;-;-;-;-;-;-;-;-;1103,403;-;-;-;-;-;-;-
DOLZ26P006550;BRBMEFD205N6;FINANCIAL;-;-;-;-;-;-;-;-;-;1148,872;-;-;-;-;-;-;-
DOLZ26P006600;BRBMEFD205O4;FINANCIAL;-;-;-;-;-;-;-;-;-;1194,51;-;-;-;-;-;-;-
DOLZ26P006650;BRBMEFD205P1;FINANCIAL;-;-;-;-;-;-;-;-;-;1240,209;-;-;-;-;-;-;-
DOLZ26P006700;BRBMEFD205Q9;FINANCIAL;-;-;-;-;-;-;-;-;-;1286,067;-;-;-;-;-;-;-
DOLZ26P006750;BRBMEFD205R7;FINANCIAL;-;-;-;-;-;-;-;-;-;1332,098;-;-;-;-;-;-;-
DOLZ26P006800;BRBMEFD205S5;FINANCIAL;-;-;-;-;-;-;-;-;-;1378,257;-;-;-;-;-;-;-
DOLZ26P006850;BRBMEFD205T3;FINANCIAL;-;-;-;-;-;-;-;-;-;1424,576;-;-;-;-;-;-;-
DOLZ26P006900;BRBMEFD205U1;FINANCIAL;-;-;-;-;-;-;-;-;-;1471,013;-;-;-;-;-;-;-
DOLZ26P006950;BRBMEFD205V9;FINANCIAL;-;-;-;-;-;-;-;-;-;1517,555;-;-;-;-;-;-;-
DOLZ26P007000;BRBMEFD205W7;FINANCIAL;-;-;-;-;-;-;-;-;-;1564,189;-;-;-;-;-;-;-
DOLZ26P007050;BRBMEFD205X5;FINANCIAL;-;-;-;-;-;-;-;-;-;1610,903;-;-;-;-;-;-;-
DOLZ26P007100;BRBMEFD205Y3;FINANCIAL;-;-;-;-;-;-;-;-;-;1657,688;-;-;-;-;-;-;-
DOLZ26P007150;BRBMEFD205Z0;FINANCIAL;-;-;-;-;-;-;-;-;-;1704,535;-;-;-;-;-;-;-
DOLZ26P007200;BRBMEFD20605;FINANCIAL;-;-;-;-;-;-;-;-;-;1751,446;-;-;-;-;-;-;-
DOLZ26P007250;BRBMEFD20613;FINANCIAL;-;-;-;-;-;-;-;-;-;1798,385;-;-;-;-;-;-;-
DOLZ26P007300;BRBMEFD20621;FINANCIAL;-;-;-;-;-;-;-;-;-;1845,344;-;-;-;-;-;-;-
DOLZ26P007350;BRBMEFD20639;FINANCIAL;-;-;-;-;-;-;-;-;-;1892,347;-;-;-;-;-;-;-
DOLZ26P007400;BRBMEFD20647;FINANCIAL;-;-;-;-;-;-;-;-;-;1939,387;-;-;-;-;-;-;-
DOLZ26P007450;BRBMEFD20654;FINANCIAL;-;-;-;-;-;-;-;-;-;1986,459;-;-;-;-;-;-;-
DOLZ26P007500;BRBMEFD20662;FINANCIAL;-;-;-;-;-;-;-;-;-;2033,559;-;-;-;-;-;-;-
DOLZ26P007550;BRBMEFD20670;FINANCIAL;-;-;-;-;-;-;-;-;-;2080,683;-;-;-;-;-;-;-
DOLZ26P007600;BRBMEFD20688;FINANCIAL;-;-;-;-;-;-;-;-;-;2127,828;-;-;-;-;-;-;-
DOLZ26P007650;BRBMEFD20696;FINANCIAL;-;-;-;-;-;-;-;-;-;2174,991;-;-;-;-;-;-;-
DOLZ26P007700;BRBMEFD206A1;FINANCIAL;-;-;-;-;-;-;-;-;-;2222,169;-;-;-;-;-;-;-
DOLZ26P007750;BRBMEFD206B9;FINANCIAL;-;-;-;-;-;-;-;-;-;2269,36;-;-;-;-;-;-;-
DOLZ26P007800;BRBMEFD206C7;FINANCIAL;-;-;-;-;-;-;-;-;-;2316,562;-;-;-;-;-;-;-
DOLZ26P007850;BRBMEFD206D5;FINANCIAL;-;-;-;-;-;-;-;-;-;2363,773;-;-;-;-;-;-;-
DOLZ26P007900;BRBMEFD206E3;FINANCIAL;-;-;-;-;-;-;-;-;-;2410,993;-;-;-;-;-;-;-
DOLZ26P007950;BRBMEFD206F0;FINANCIAL;-;-;-;-;-;-;-;-;-;2458,219;-;-;-;-;-;-;-
DOLZ26P008000;BRBMEFD206G8;FINANCIAL;-;-;-;-;-;-;-;-;-;2505,451;-;-;-;-;-;-;-
DOLF27C005450;BRBMEFCE1KH4;FINANCIAL;-;-;-;-;-;-;-;-;-;186,677;-;-;-;-;-;-;-
DOLF27P005450;BRBMEFDE1JN3;FINANCIAL;-;-;-;-;-;-;-;-;-;249,006;-;-;-;-;-;-;-
DOLF27C005250;BRBMEFCE1KJ0;FINANCIAL;-;-;-;-;-;-;-;-;-;271,353;-;-;-;-;-;-;-
DOLF27C005350;BRBMEFCE1KI2;FINANCIAL;-;-;-;-;-;-;-;-;-;225,176;-;-;-;-;-;-;-
DOLF27P005250;BRBMEFDE1JP8;FINANCIAL;-;-;-;-;-;-;-;-;-;146,805;-;-;-;-;-;-;-
DOLF27P005350;BRBMEFDE1JO1;FINANCIAL;-;-;-;-;-;-;-;-;-;194,067;-;-;-;-;-;-;-
DOLJ28C005800;BRBMEFCL1839;FINANCIAL;-;-;-;-;-;-;-;-;-;425,092;-;-;-;-;-;-;-
DOLJ28C005900;BRBMEFCL1847;FINANCIAL;-;-;-;-;-;-;-;-;-;390,228;-;-;-;-;-;-;-
DOLJ28C006000;BRBMEFCL1854;FINANCIAL;-;-;-;-;-;-;-;-;-;358,355;-;-;-;-;-;-;-
DOLJ28C006100;BRBMEFCL1862;FINANCIAL;-;-;-;-;-;-;-;-;-;329,325;-;-;-;-;-;-;-
DOLJ28C006200;BRBMEFCL1870;FINANCIAL;-;-;-;-;-;-;-;-;-;303,468;-;-;-;-;-;-;-
DOLJ28C006300;BRBMEFCL1888;FINANCIAL;-;-;-;-;-;-;-;-;-;280,106;-;-;-;-;-;-;-
DOLJ28C006400;BRBMEFCL1896;FINANCIAL;-;-;-;-;-;-;-;-;-;258,81;-;-;-;-;-;-;-
DOLJ28C006500;BRBMEFCL18A2;FINANCIAL;-;-;-;-;-;-;-;-;-;239,409;-;-;-;-;-;-;-
DOLJ28C006600;BRBMEFCL18B0;FINANCIAL;-;-;-;-;-;-;-;-;-;221,509;-;-;-;-;-;-;-
DOLJ28C006700;BRBMEFCL18C8;FINANCIAL;-;-;-;-;-;-;-;-;-;205,202;-;-;-;-;-;-;-
DOLJ28C006800;BRBMEFCL18D6;FINANCIAL;-;-;-;-;-;-;-;-;-;190,347;-;-;-;-;-;-;-
DOLJ28C006900;BRBMEFCL18E4;FINANCIAL;-;-;-;-;-;-;-;-;-;176,813;-;-;-;-;-;-;-
DOLJ28C007000;BRBMEFCL18F1;FINANCIAL;-;-;-;-;-;-;-;-;-;164,689;-;-;-;-;-;-;-
DOLJ28C007100;BRBMEFCL18G9;FINANCIAL;-;-;-;-;-;-;-;-;-;153,44;-;-;-;-;-;-;-
DOLJ28C007200;BRBMEFCL18H7;FINANCIAL;-;-;-;-;-;-;-;-;-;142,789;-;-;-;-;-;-;-
DOLJ28P005800;BRBMEFVDE8V4;FINANCIAL;-;-;-;-;-;-;-;-;-;315,925;-;-;-;-;-;-;-
DOLJ28P005900;BRBMEFVDE8W2;FINANCIAL;-;-;-;-;-;-;-;-;-;360,225;-;-;-;-;-;-;-
DOLJ28P006000;BRBMEFVDE8X0;FINANCIAL;-;-;-;-;-;-;-;-;-;407,518;-;-;-;-;-;-;-
DOLJ28P006100;BRBMEFVDE8Y8;FINANCIAL;-;-;-;-;-;-;-;-;-;457,652;-;-;-;-;-;-;-
DOLJ28P006200;BRBMEFVDE8Z5;FINANCIAL;-;-;-;-;-;-;-;-;-;510,96;-;-;-;-;-;-;-
DOLJ28P006300;BRBMEFVDE900;FINANCIAL;-;-;-;-;-;-;-;-;-;566,762;-;-;-;-;-;-;-
DOLJ28P006400;BRBMEFVDE918;FINANCIAL;-;-;-;-;-;-;-;-;-;624,631;-;-;-;-;-;-;-
DOLJ28P006500;BRBMEFVDE926;FINANCIAL;-;-;-;-;-;-;-;-;-;684,395;-;-;-;-;-;-;-
DOLJ28P006600;BRBMEFVDE934;FINANCIAL;-;-;-;-;-;-;-;-;-;745,66;-;-;-;-;-;-;-
DOLJ28P006700;BRBMEFVDE942;FINANCIAL;-;-;-;-;-;-;-;-;-;808,518;-;-;-;-;-;-;-
DOLJ28P006800;BRBMEFVDE959;FINANCIAL;-;-;-;-;-;-;-;-;-;872,827;-;-;-;-;-;-;-
DOLJ28P006900;BRBMEFVDE967;FINANCIAL;-;-;-;-;-;-;-;-;-;938,458;-;-;-;-;-;-;-
DOLJ28P007000;BRBMEFVDE975;FINANCIAL;-;-;-;-;-;-;-;-;-;1005,499;-;-;-;-;-;-;-
DOLJ28P007100;BRBMEFVDE983;FINANCIAL;-;-;-;-;-;-;-;-;-;1073,414;-;-;-;-;-;-;-
DOLJ28P007200;BRBMEFVDE991;FINANCIAL;-;-;-;-;-;-;-;-;-;1141,928;-;-;-;-;-;-;-
DOLJ29C005800;BRBMEFCL18I5;FINANCIAL;-;-;-;-;-;-;-;-;-;667,251;-;-;-;-;-;-;-
DOLJ29C005900;BRBMEFCL18J3;FINANCIAL;-;-;-;-;-;-;-;-;-;628,721;-;-;-;-;-;-;-
DOLJ29C006000;BRBMEFCL18K1;FINANCIAL;-;-;-;-;-;-;-;-;-;592,204;-;-;-;-;-;-;-
DOLJ29C006100;BRBMEFCL18L9;FINANCIAL;-;-;-;-;-;-;-;-;-;557,651;-;-;-;-;-;-;-
DOLJ29C006200;BRBMEFCL18M7;FINANCIAL;-;-;-;-;-;-;-;-;-;524,153;-;-;-;-;-;-;-
DOLJ29C006300;BRBMEFCL18N5;FINANCIAL;-;-;-;-;-;-;-;-;-;492,764;-;-;-;-;-;-;-
DOLJ29C006400;BRBMEFCL18O3;FINANCIAL;-;-;-;-;-;-;-;-;-;462,851;-;-;-;-;-;-;-
DOLJ29C006500;BRBMEFCL18P0;FINANCIAL;-;-;-;-;-;-;-;-;-;434,931;-;-;-;-;-;-;-
DOLJ29C006600;BRBMEFCL18Q8;FINANCIAL;-;-;-;-;-;-;-;-;-;408,645;-;-;-;-;-;-;-
DOLJ29C006700;BRBMEFCL18R6;FINANCIAL;-;-;-;-;-;-;-;-;-;384,511;-;-;-;-;-;-;-
DOLJ29C006800;BRBMEFCL18S4;FINANCIAL;-;-;-;-;-;-;-;-;-;362,746;-;-;-;-;-;-;-
DOLJ29C006900;BRBMEFCL18T2;FINANCIAL;-;-;-;-;-;-;-;-;-;342,383;-;-;-;-;-;-;-
DOLJ29C007000;BRBMEFCL18U0;FINANCIAL;-;-;-;-;-;-;-;-;-;323,339;-;-;-;-;-;-;-
DOLJ29C007100;BRBMEFCL18V8;FINANCIAL;-;-;-;-;-;-;-;-;-;305,823;-;-;-;-;-;-;-
DOLJ29C007200;BRBMEFCL18W6;FINANCIAL;-;-;-;-;-;-;-;-;-;289,18;-;-;-;-;-;-;-
DOLJ29P005800;BRBMEFVDE9A6;FINANCIAL;-;-;-;-;-;-;-;-;-;240,266;-;-;-;-;-;-;-
DOLJ29P005900;BRBMEFVDE9B4;FINANCIAL;-;-;-;-;-;-;-;-;-;271,133;-;-;-;-;-;-;-
DOLJ29P006000;BRBMEFVDE9C2;FINANCIAL;-;-;-;-;-;-;-;-;-;304,011;-;-;-;-;-;-;-
DOLJ29P006100;BRBMEFVDE9D0;FINANCIAL;-;-;-;-;-;-;-;-;-;338,854;-;-;-;-;-;-;-
DOLJ29P006200;BRBMEFVDE9E8;FINANCIAL;-;-;-;-;-;-;-;-;-;374,752;-;-;-;-;-;-;-
DOLJ29P006300;BRBMEFVDE9F5;FINANCIAL;-;-;-;-;-;-;-;-;-;412,759;-;-;-;-;-;-;-
DOLJ29P006400;BRBMEFVDE9G3;FINANCIAL;-;-;-;-;-;-;-;-;-;452,243;-;-;-;-;-;-;-
DOLJ29P006500;BRBMEFVDE9H1;FINANCIAL;-;-;-;-;-;-;-;-;-;493,718;-;-;-;-;-;-;-
DOLJ29P006600;BRBMEFVDE9I9;FINANCIAL;-;-;-;-;-;-;-;-;-;536,828;-;-;-;-;-;-;-
DOLJ29P006700;BRBMEFVDE9J7;FINANCIAL;-;-;-;-;-;-;-;-;-;582,09;-;-;-;-;-;-;-
DOLJ29P006800;BRBMEFVDE9K5;FINANCIAL;-;-;-;-;-;-;-;-;-;629,721;-;-;-;-;-;-;-
DOLJ29P006900;BRBMEFVDE9L3;FINANCIAL;-;-;-;-;-;-;-;-;-;678,754;-;-;-;-;-;-;-
DOLJ29P007000;BRBMEFVDE9M1;FINANCIAL;-;-;-;-;-;-;-;-;-;729,107;-;-;-;-;-;-;-
DOLJ29P007100;BRBMEFVDE9N9;FINANCIAL;-;-;-;-;-;-;-;-;-;780,986;-;-;-;-;-;-;-
DOLJ29P007200;BRBMEFVDE9O7;FINANCIAL;-;-;-;-;-;-;-;-;-;833,739;-;-;-;-;-;-;-
DOLF27C005550;BRBMEFCE1KK8;FINANCIAL;-;-;-;-;-;-;-;-;-;155,9;-;-;-;-;-;-;-
DOLF27C006350;BRBMEFCE1KL6;FINANCIAL;-;-;-;-;-;-;-;-;-;35,568;-;-;-;-;-;-;-
DOLF27C006400;BRBMEFCE1KM4;FINANCIAL;-;-;-;-;-;-;-;-;-;32,656;-;-;-;-;-;-;-
DOLF27C006550;BRBMEFCE1KN2;FINANCIAL;-;-;-;-;-;-;-;-;-;24,393;-;-;-;-;-;-;-
DOLF27C006600;BRBMEFCE1KO0;FINANCIAL;-;-;-;-;-;-;-;-;-;21,963;-;-;-;-;-;-;-
DOLF27C006650;BRBMEFCE1KP7;FINANCIAL;-;-;-;-;-;-;-;-;-;19,775;-;-;-;-;-;-;-
DOLF27C006700;BRBMEFCE1KQ5;FINANCIAL;-;-;-;-;-;-;-;-;-;17,805;-;-;-;-;-;-;-
DOLF27C006750;BRBMEFCE1KR3;FINANCIAL;-;-;-;-;-;-;-;-;-;16,074;-;-;-;-;-;-;-
DOLF27C006800;BRBMEFCE1KS1;FINANCIAL;-;-;-;-;-;-;-;-;-;14,476;-;-;-;-;-;-;-
DOLF27C006850;BRBMEFCE1KT9;FINANCIAL;-;-;-;-;-;-;-;-;-;12,968;-;-;-;-;-;-;-
DOLF27C006900;BRBMEFCE1KU7;FINANCIAL;-;-;-;-;-;-;-;-;-;11,517;-;-;-;-;-;-;-
DOLF27C006950;BRBMEFCE1KV5;FINANCIAL;-;-;-;-;-;-;-;-;-;10,221;-;-;-;-;-;-;-
DOLF27P005550;BRBMEFDE1JQ6;FINANCIAL;-;-;-;-;-;-;-;-;-;311,668;-;-;-;-;-;-;-
DOLF27P006350;BRBMEFDE1JR4;FINANCIAL;-;-;-;-;-;-;-;-;-;938,848;-;-;-;-;-;-;-
DOLF27P006400;BRBMEFDE1JS2;FINANCIAL;-;-;-;-;-;-;-;-;-;982,656;-;-;-;-;-;-;-
DOLF27P006550;BRBMEFDE1JT0;FINANCIAL;-;-;-;-;-;-;-;-;-;1114,552;-;-;-;-;-;-;-
DOLF27P006600;BRBMEFDE1JU8;FINANCIAL;-;-;-;-;-;-;-;-;-;1158,842;-;-;-;-;-;-;-
DOLF27P006650;BRBMEFDE1JV6;FINANCIAL;-;-;-;-;-;-;-;-;-;1203,373;-;-;-;-;-;-;-
DOLF27P006700;BRBMEFDE1JW4;FINANCIAL;-;-;-;-;-;-;-;-;-;1248,123;-;-;-;-;-;-;-
DOLF27P006750;BRBMEFDE1JX2;FINANCIAL;-;-;-;-;-;-;-;-;-;1293,111;-;-;-;-;-;-;-
DOLF27P006800;BRBMEFDE1JY0;FINANCIAL;-;-;-;-;-;-;-;-;-;1338,233;-;-;-;-;-;-;-
DOLF27P006850;BRBMEFDE1JZ7;FINANCIAL;-;-;-;-;-;-;-;-;-;1383,444;-;-;-;-;-;-;-
DOLF27P006900;BRBMEFDE1K09;FINANCIAL;-;-;-;-;-;-;-;-;-;1428,712;-;-;-;-;-;-;-
DOLF27P006950;BRBMEFDE1K17;FINANCIAL;-;-;-;-;-;-;-;-;-;1474,136;-;-;-;-;-;-;-
DOLJ28C007500;BRBMEFCL18X4;FINANCIAL;-;-;-;-;-;-;-;-;-;113,243;-;-;-;-;-;-;-
DOLJ28C008000;BRBMEFCL18Y2;FINANCIAL;-;-;-;-;-;-;-;-;-;78,966;-;-;-;-;-;-;-
DOLJ28C008500;BRBMEFCL18Z9;FINANCIAL;-;-;-;-;-;-;-;-;-;56,907;-;-;-;-;-;-;-
DOLJ28C009000;BRBMEFCL1904;FINANCIAL;-;-;-;-;-;-;-;-;-;39,815;-;-;-;-;-;-;-
DOLJ28P007500;BRBMEFVDE9P4;FINANCIAL;-;-;-;-;-;-;-;-;-;1349,877;-;-;-;-;-;-;-
DOLJ28P008000;BRBMEFVDE9Q2;FINANCIAL;-;-;-;-;-;-;-;-;-;1711,423;-;-;-;-;-;-;-
DOLJ28P008500;BRBMEFVDE9R0;FINANCIAL;-;-;-;-;-;-;-;-;-;2085,188;-;-;-;-;-;-;-
DOLJ28P009000;BRBMEFVDE9S8;FINANCIAL;-;-;-;-;-;-;-;-;-;2463,919;-;-;-;-;-;-;-
DOLJ29C007500;BRBMEFCL1912;FINANCIAL;-;-;-;-;-;-;-;-;-;244,433;-;-;-;-;-;-;-
DOLJ29C008000;BRBMEFCL1920;FINANCIAL;-;-;-;-;-;-;-;-;-;186,634;-;-;-;-;-;-;-
DOLJ29C008500;BRBMEFCL1938;FINANCIAL;-;-;-;-;-;-;-;-;-;144,029;-;-;-;-;-;-;-
DOLJ29C009000;BRBMEFCL1946;FINANCIAL;-;-;-;-;-;-;-;-;-;112,589;-;-;-;-;-;-;-
DOLJ29P007500;BRBMEFVDE9T6;FINANCIAL;-;-;-;-;-;-;-;-;-;997,18;-;-;-;-;-;-;-
DOLJ29P008000;BRBMEFVDE9U4;FINANCIAL;-;-;-;-;-;-;-;-;-;1286,361;-;-;-;-;-;-;-
DOLJ29P008500;BRBMEFVDE9V2;FINANCIAL;-;-;-;-;-;-;-;-;-;1590,736;-;-;-;-;-;-;-
DOLJ29P009000;BRBMEFVDE9W0;FINANCIAL;-;-;-;-;-;-;-;-;-;1906,276;-;-;-;-;-;-;-
DOLF27C004400;BRBMEFCE1KX1;FINANCIAL;-;-;-;-;-;-;-;-;-;921,256;-;-;-;-;-;-;-
DOLF27C004450;BRBMEFCE1KW3;FINANCIAL;-;-;-;-;-;-;-;-;-;875,538;-;-;-;-;-;-;-
DOLF27P004400;BRBMEFDE1K33;FINANCIAL;-;-;-;-;-;-;-;-;-;2,475;-;-;-;-;-;-;-
DOLF27P004450;BRBMEFDE1K25;FINANCIAL;-;-;-;-;-;-;-;-;-;3,477;-;-;-;-;-;-;-
DOLF31C007000;BRBMEFCE1KY9;FINANCIAL;-;-;-;-;-;-;-;-;-;613,192;-;-;-;-;-;-;-
DOLF31C007100;BRBMEFCE1KZ6;FINANCIAL;-;-;-;-;-;-;-;-;-;589,191;-;-;-;-;-;-;-
DOLF31C007200;BRBMEFCE1L00;FINANCIAL;-;-;-;-;-;-;-;-;-;566,212;-;-;-;-;-;-;-
DOLF31C007300;BRBMEFCE1L18;FINANCIAL;-;-;-;-;-;-;-;-;-;544,223;-;-;-;-;-;-;-
DOLF31C007400;BRBMEFCE1L26;FINANCIAL;-;-;-;-;-;-;-;-;-;523,526;-;-;-;-;-;-;-
DOLF31C007500;BRBMEFCE1L34;FINANCIAL;-;-;-;-;-;-;-;-;-;503,416;-;-;-;-;-;-;-
DOLF31C007600;BRBMEFCE1L42;FINANCIAL;-;-;-;-;-;-;-;-;-;484,192;-;-;-;-;-;-;-
DOLF31C007700;BRBMEFCE1L59;FINANCIAL;-;-;-;-;-;-;-;-;-;466,163;-;-;-;-;-;-;-
DOLF31C007800;BRBMEFCE1L67;FINANCIAL;-;-;-;-;-;-;-;-;-;448,612;-;-;-;-;-;-;-
DOLF31C007900;BRBMEFCE1L75;FINANCIAL;-;-;-;-;-;-;-;-;-;432,189;-;-;-;-;-;-;-
DOLF31C008000;BRBMEFCE1L83;FINANCIAL;-;-;-;-;-;-;-;-;-;416,519;-;-;-;-;-;-;-
DOLF31C008100;BRBMEFCE1L91;FINANCIAL;-;-;-;-;-;-;-;-;-;401,568;-;-;-;-;-;-;-
DOLF31C008200;BRBMEFCE1LA7;FINANCIAL;-;-;-;-;-;-;-;-;-;387,306;-;-;-;-;-;-;-
DOLF31C008300;BRBMEFCE1LB5;FINANCIAL;-;-;-;-;-;-;-;-;-;373,363;-;-;-;-;-;-;-
DOLF31C008400;BRBMEFCE1LC3;FINANCIAL;-;-;-;-;-;-;-;-;-;360,386;-;-;-;-;-;-;-
DOLF31C008500;BRBMEFCE1LD1;FINANCIAL;-;-;-;-;-;-;-;-;-;348,34;-;-;-;-;-;-;-
DOLF31C008600;BRBMEFCE1LE9;FINANCIAL;-;-;-;-;-;-;-;-;-;336,529;-;-;-;-;-;-;-
DOLF31C008700;BRBMEFCE1LF6;FINANCIAL;-;-;-;-;-;-;-;-;-;325,261;-;-;-;-;-;-;-
DOLF31P007000;BRBMEFDE1K41;FINANCIAL;-;-;-;-;-;-;-;-;-;407,685;-;-;-;-;-;-;-
DOLF31P007100;BRBMEFDE1K58;FINANCIAL;-;-;-;-;-;-;-;-;-;438,519;-;-;-;-;-;-;-
DOLF31P007200;BRBMEFDE1K66;FINANCIAL;-;-;-;-;-;-;-;-;-;470,374;-;-;-;-;-;-;-
DOLF31P007300;BRBMEFDE1K74;FINANCIAL;-;-;-;-;-;-;-;-;-;503,218;-;-;-;-;-;-;-
DOLF31P007400;BRBMEFDE1K82;FINANCIAL;-;-;-;-;-;-;-;-;-;537,356;-;-;-;-;-;-;-
DOLF31P007500;BRBMEFDE1K90;FINANCIAL;-;-;-;-;-;-;-;-;-;572,079;-;-;-;-;-;-;-
DOLF31P007600;BRBMEFDE1KA8;FINANCIAL;-;-;-;-;-;-;-;-;-;607,689;-;-;-;-;-;-;-
DOLF31P007700;BRBMEFDE1KB6;FINANCIAL;-;-;-;-;-;-;-;-;-;644,494;-;-;-;-;-;-;-
DOLF31P007800;BRBMEFDE1KC4;FINANCIAL;-;-;-;-;-;-;-;-;-;681,777;-;-;-;-;-;-;-
DOLF31P007900;BRBMEFDE1KD2;FINANCIAL;-;-;-;-;-;-;-;-;-;720,188;-;-;-;-;-;-;-
DOLF31P008000;BRBMEFDE1KE0;FINANCIAL;-;-;-;-;-;-;-;-;-;759,351;-;-;-;-;-;-;-
DOLF31P008100;BRBMEFDE1KF7;FINANCIAL;-;-;-;-;-;-;-;-;-;799,235;-;-;-;-;-;-;-
DOLF31P008200;BRBMEFDE1KG5;FINANCIAL;-;-;-;-;-;-;-;-;-;839,806;-;-;-;-;-;-;-
DOLF31P008300;BRBMEFDE1KH3;FINANCIAL;-;-;-;-;-;-;-;-;-;880,697;-;-;-;-;-;-;-
DOLF31P008400;BRBMEFDE1KI1;FINANCIAL;-;-;-;-;-;-;-;-;-;922,554;-;-;-;-;-;-;-
DOLF31P008500;BRBMEFDE1KJ9;FINANCIAL;-;-;-;-;-;-;-;-;-;965,342;-;-;-;-;-;-;-
DOLF31P008600;BRBMEFDE1KK7;FINANCIAL;-;-;-;-;-;-;-;-;-;1008,365;-;-;-;-;-;-;-
DOLF31P008700;BRBMEFDE1KL5;FINANCIAL;-;-;-;-;-;-;-;-;-;1051,93;-;-;-;-;-;-;-
DOLG27C005250;BRBMEFDL01T6;FINANCIAL;-;-;-;-;-;-;-;-;-;299,722;-;-;-;-;-;-;-
DOLG27C005600;BRBMEFDL01U4;FINANCIAL;-;-;-;-;-;-;-;-;-;166,806;-;-;-;-;-;-;-
DOLG27C005750;BRBMEFDL01V2;FINANCIAL;-;-;-;-;-;-;-;-;-;129,942;-;-;-;-;-;-;-
DOLG27P005250;BRBMEFLD01V2;FINANCIAL;-;-;-;-;-;-;-;-;-;143,056;-;-;-;-;-;-;-
DOLG27P005600;BRBMEFLD01W0;FINANCIAL;-;-;-;-;-;-;-;-;-;333,721;-;-;-;-;-;-;-
DOLG27P005750;BRBMEFLD01X8;FINANCIAL;-;-;-;-;-;-;-;-;-;435,535;-;-;-;-;-;-;-
DOLG27C005400;BRBMEFDL01W0;FINANCIAL;-;-;-;-;-;-;-;-;-;233,125;-;-;-;-;-;-;-
DOLG27P005400;BRBMEFLD01Y6;FINANCIAL;-;-;-;-;-;-;-;-;-;215,137;-;-;-;-;-;-;-
DOLG27C004900;BRBMEFDL01X8;FINANCIAL;-;-;-;-;-;-;-;-;-;523,177;-;-;-;-;-;-;-
DOLG27C004950;BRBMEFDL01Y6;FINANCIAL;-;-;-;-;-;-;-;-;-;486,585;-;-;-;-;-;-;-
DOLG27C005000;BRBMEFDL01Z3;FINANCIAL;-;-;-;-;-;-;-;-;-;451,42;-;-;-;-;-;-;-
DOLG27C005050;BRBMEFDL0202;FINANCIAL;-;-;-;-;-;-;-;-;-;417,759;-;-;-;-;-;-;-
DOLG27C005100;BRBMEFDL0210;FINANCIAL;-;-;-;-;-;-;-;-;-;385,789;-;-;-;-;-;-;-
DOLG27C005150;BRBMEFDL0228;FINANCIAL;-;-;-;-;-;-;-;-;-;355,444;-;-;-;-;-;-;-
DOLG27C005200;BRBMEFDL0236;FINANCIAL;-;-;-;-;-;-;-;-;-;326,751;-;-;-;-;-;-;-
DOLG27C005300;BRBMEFDL0244;FINANCIAL;-;-;-;-;-;-;-;-;-;275,695;-;-;-;-;-;-;-
DOLG27C005350;BRBMEFDL0251;FINANCIAL;-;-;-;-;-;-;-;-;-;253,515;-;-;-;-;-;-;-
DOLG27C005450;BRBMEFDL0269;FINANCIAL;-;-;-;-;-;-;-;-;-;214,298;-;-;-;-;-;-;-
DOLG27C005500;BRBMEFDL0277;FINANCIAL;-;-;-;-;-;-;-;-;-;197,105;-;-;-;-;-;-;-
DOLG27P004900;BRBMEFLD01Z3;FINANCIAL;-;-;-;-;-;-;-;-;-;42,93;-;-;-;-;-;-;-
DOLG27P004950;BRBMEFLD0202;FINANCIAL;-;-;-;-;-;-;-;-;-;52,564;-;-;-;-;-;-;-
DOLG27P005000;BRBMEFLD0210;FINANCIAL;-;-;-;-;-;-;-;-;-;63,625;-;-;-;-;-;-;-
DOLG27P005050;BRBMEFLD0228;FINANCIAL;-;-;-;-;-;-;-;-;-;76,19;-;-;-;-;-;-;-
DOLG27P005100;BRBMEFLD0236;FINANCIAL;-;-;-;-;-;-;-;-;-;90,446;-;-;-;-;-;-;-
DOLG27P005150;BRBMEFLD0244;FINANCIAL;-;-;-;-;-;-;-;-;-;106,326;-;-;-;-;-;-;-
DOLG27P005200;BRBMEFLD0251;FINANCIAL;-;-;-;-;-;-;-;-;-;123,859;-;-;-;-;-;-;-
DOLG27P005300;BRBMEFLD0269;FINANCIAL;-;-;-;-;-;-;-;-;-;165,255;-;-;-;-;-;-;-
DOLG27P005350;BRBMEFLD0277;FINANCIAL;-;-;-;-;-;-;-;-;-;189,301;-;-;-;-;-;-;-
DOLG27P005450;BRBMEFLD0285;FINANCIAL;-;-;-;-;-;-;-;-;-;242,536;-;-;-;-;-;-;-
DOLG27P005500;BRBMEFLD0293;FINANCIAL;-;-;-;-;-;-;-;-;-;271,569;-;-;-;-;-;-;-
DOLG27C004400;BRBMEFDL0285;FINANCIAL;-;-;-;-;-;-;-;-;-;945,897;-;-;-;-;-;-;-
DOLG27C006200;BRBMEFDL0293;FINANCIAL;-;-;-;-;-;-;-;-;-;60,689;-;-;-;-;-;-;-
DOLG27P004400;BRBMEFLD02A4;FINANCIAL;-;-;-;-;-;-;-;-;-;3,391;-;-;-;-;-;-;-
DOLG27P006200;BRBMEFLD02B2;FINANCIAL;-;-;-;-;-;-;-;-;-;782,315;-;-;-;-;-;-;-
DOLF28C006750;BRBMEFCE1LG4;FINANCIAL;-;-;-;-;-;-;-;-;-;151,449;-;-;-;-;-;-;-
DOLF28P006750;BRBMEFDE1KM3;FINANCIAL;-;-;-;-;-;-;-;-;-;915,261;-;-;-;-;-;-;-
DOLF29C007050;BRBMEFCE1LH2;FINANCIAL;-;-;-;-;-;-;-;-;-;272,349;-;-;-;-;-;-;-
DOLF29P007050;BRBMEFDE1KN1;FINANCIAL;-;-;-;-;-;-;-;-;-;820;-;-;-;-;-;-;-
DOLF31C007650;BRBMEFCE1LI0;FINANCIAL;-;-;-;-;-;-;-;-;-;475,073;-;-;-;-;-;-;-
DOLF31P007650;BRBMEFDE1KO9;FINANCIAL;-;-;-;-;-;-;-;-;-;625,987;-;-;-;-;-;-;-
DOLG27C006450;BRBMEFDL02A4;FINANCIAL;-;-;-;-;-;-;-;-;-;39,752;-;-;-;-;-;-;-
DOLG27P006450;BRBMEFLD02C0;FINANCIAL;-;-;-;-;-;-;-;-;-;992,507;-;-;-;-;-;-;-
DOLN29C007350;BRBMEFCD6CO7;FINANCIAL;-;-;-;-;-;-;-;-;-;304,933;-;-;-;-;-;-;-
DOLN29P007350;BRBMEFVDRCO6;FINANCIAL;-;-;-;-;-;-;-;-;-;841,529;-;-;-;-;-;-;-
DOLQ27C006750;BRBMEFDA04D7;FINANCIAL;-;-;-;-;-;-;-;-;-;79,607;-;-;-;-;-;-;-
DOLQ27P006750;BRBMEFVA0492;FINANCIAL;-;-;-;-;-;-;-;-;-;1045,232;-;-;-;-;-;-;-
DOLH27C004900;BRBMEFPC01R3;FINANCIAL;-;-;-;-;-;-;-;-;-;548,998;-;-;-;-;-;-;-
DOLH27C004950;BRBMEFPC01S1;FINANCIAL;-;-;-;-;-;-;-;-;-;512,447;-;-;-;-;-;-;-
DOLH27C005000;BRBMEFPC01T9;FINANCIAL;-;-;-;-;-;-;-;-;-;477,168;-;-;-;-;-;-;-
DOLH27C005050;BRBMEFPC01U7;FINANCIAL;-;-;-;-;-;-;-;-;-;443,232;-;-;-;-;-;-;-
DOLH27C005100;BRBMEFPC01V5;FINANCIAL;-;-;-;-;-;-;-;-;-;410,962;-;-;-;-;-;-;-
DOLH27C005150;BRBMEFPC01W3;FINANCIAL;-;-;-;-;-;-;-;-;-;380,869;-;-;-;-;-;-;-
DOLH27C005200;BRBMEFPC01X1;FINANCIAL;-;-;-;-;-;-;-;-;-;352,505;-;-;-;-;-;-;-
DOLH27C005250;BRBMEFPC01Y9;FINANCIAL;-;-;-;-;-;-;-;-;-;325,74;-;-;-;-;-;-;-
DOLH27C005300;BRBMEFPC01Z6;FINANCIAL;-;-;-;-;-;-;-;-;-;300,875;-;-;-;-;-;-;-
DOLH27C005350;BRBMEFPC0209;FINANCIAL;-;-;-;-;-;-;-;-;-;278,066;-;-;-;-;-;-;-
DOLH27C005400;BRBMEFPC0217;FINANCIAL;-;-;-;-;-;-;-;-;-;256,811;-;-;-;-;-;-;-
DOLH27C005450;BRBMEFPC0225;FINANCIAL;-;-;-;-;-;-;-;-;-;237,212;-;-;-;-;-;-;-
DOLH27C005500;BRBMEFPC0233;FINANCIAL;-;-;-;-;-;-;-;-;-;219,039;-;-;-;-;-;-;-
DOLH27P004900;BRBMEFOP01X6;FINANCIAL;-;-;-;-;-;-;-;-;-;45,648;-;-;-;-;-;-;-
DOLH27P004950;BRBMEFOP01Y4;FINANCIAL;-;-;-;-;-;-;-;-;-;54,881;-;-;-;-;-;-;-
DOLH27P005000;BRBMEFOP01Z1;FINANCIAL;-;-;-;-;-;-;-;-;-;65,386;-;-;-;-;-;-;-
DOLH27P005050;BRBMEFOP0205;FINANCIAL;-;-;-;-;-;-;-;-;-;77,233;-;-;-;-;-;-;-
DOLH27P005100;BRBMEFOP0213;FINANCIAL;-;-;-;-;-;-;-;-;-;90,747;-;-;-;-;-;-;-
DOLH27P005150;BRBMEFOP0221;FINANCIAL;-;-;-;-;-;-;-;-;-;106,438;-;-;-;-;-;-;-
DOLH27P005200;BRBMEFOP0239;FINANCIAL;-;-;-;-;-;-;-;-;-;123,857;-;-;-;-;-;-;-
DOLH27P005250;BRBMEFOP0247;FINANCIAL;-;-;-;-;-;-;-;-;-;142,876;-;-;-;-;-;-;-
DOLH27P005300;BRBMEFOP0254;FINANCIAL;-;-;-;-;-;-;-;-;-;163,795;-;-;-;-;-;-;-
DOLH27P005350;BRBMEFOP0262;FINANCIAL;-;-;-;-;-;-;-;-;-;186,77;-;-;-;-;-;-;-
DOLH27P005400;BRBMEFOP0270;FINANCIAL;-;-;-;-;-;-;-;-;-;211,299;-;-;-;-;-;-;-
DOLH27P005450;BRBMEFOP0288;FINANCIAL;-;-;-;-;-;-;-;-;-;237,483;-;-;-;-;-;-;-
DOLH27P005500;BRBMEFOP0296;FINANCIAL;-;-;-;-;-;-;-;-;-;265,094;-;-;-;-;-;-;-
DOLJ27C004900;BRBMEFCL19C6;FINANCIAL;-;-;-;-;-;-;-;-;-;580,88;-;-;-;-;-;-;-
DOLJ27C004950;BRBMEFCL19D4;FINANCIAL;-;-;-;-;-;-;-;-;-;545,022;-;-;-;-;-;-;-
DOLJ27C005050;BRBMEFCL19E2;FINANCIAL;-;-;-;-;-;-;-;-;-;476,888;-;-;-;-;-;-;-
DOLJ27C005150;BRBMEFCL19F9;FINANCIAL;-;-;-;-;-;-;-;-;-;414,305;-;-;-;-;-;-;-
DOLJ27C005250;BRBMEFCL19G7;FINANCIAL;-;-;-;-;-;-;-;-;-;357,631;-;-;-;-;-;-;-
DOLJ27C005450;BRBMEFCL19H5;FINANCIAL;-;-;-;-;-;-;-;-;-;265,686;-;-;-;-;-;-;-
DOLJ27P004900;BRBMEFVDEA46;FINANCIAL;-;-;-;-;-;-;-;-;-;48,403;-;-;-;-;-;-;-
DOLJ27P004950;BRBMEFVDEA53;FINANCIAL;-;-;-;-;-;-;-;-;-;57,796;-;-;-;-;-;-;-
DOLJ27P005050;BRBMEFVDEA61;FINANCIAL;-;-;-;-;-;-;-;-;-;80,165;-;-;-;-;-;-;-
DOLJ27P005150;BRBMEFVDEA79;FINANCIAL;-;-;-;-;-;-;-;-;-;108,084;-;-;-;-;-;-;-
DOLJ27P005250;BRBMEFVDEA87;FINANCIAL;-;-;-;-;-;-;-;-;-;141,913;-;-;-;-;-;-;-
DOLJ27P005450;BRBMEFVDEA95;FINANCIAL;-;-;-;-;-;-;-;-;-;230,974;-;-;-;-;-;-;-
DOLH27C005550;BRBMEFPC0241;FINANCIAL;-;-;-;-;-;-;-;-;-;202,546;-;-;-;-;-;-;-
DOLH27C005800;BRBMEFPC0258;FINANCIAL;-;-;-;-;-;-;-;-;-;137,594;-;-;-;-;-;-;-
DOLH27C005850;BRBMEFPC0266;FINANCIAL;-;-;-;-;-;-;-;-;-;127,417;-;-;-;-;-;-;-
DOLH27P005550;BRBMEFOP02A2;FINANCIAL;-;-;-;-;-;-;-;-;-;294,385;-;-;-;-;-;-;-
DOLH27P005800;BRBMEFOP02B0;FINANCIAL;-;-;-;-;-;-;-;-;-;458,351;-;-;-;-;-;-;-
DOLH27P005850;BRBMEFOP02C8;FINANCIAL;-;-;-;-;-;-;-;-;-;493,958;-;-;-;-;-;-;-
DOLH27C005600;BRBMEFPC0274;FINANCIAL;-;-;-;-;-;-;-;-;-;187,327;-;-;-;-;-;-;-
DOLH27C005900;BRBMEFPC0282;FINANCIAL;-;-;-;-;-;-;-;-;-;118,068;-;-;-;-;-;-;-
DOLH27P005600;BRBMEFOP02D6;FINANCIAL;-;-;-;-;-;-;-;-;-;324,95;-;-;-;-;-;-;-
DOLH27P005900;BRBMEFOP02E4;FINANCIAL;-;-;-;-;-;-;-;-;-;530,392;-;-;-;-;-;-;-
DOLV28C005500;BRBMEFCD46M5;FINANCIAL;-;-;-;-;-;-;-;-;-;686,201;-;-;-;-;-;-;-
DOLV28C005600;BRBMEFCD46N3;FINANCIAL;-;-;-;-;-;-;-;-;-;639,646;-;-;-;-;-;-;-
DOLV28C005700;BRBMEFCD46O1;FINANCIAL;-;-;-;-;-;-;-;-;-;595,431;-;-;-;-;-;-;-
DOLV28C005800;BRBMEFCD46P8;FINANCIAL;-;-;-;-;-;-;-;-;-;553,799;-;-;-;-;-;-;-
DOLV28C005900;BRBMEFCD46Q6;FINANCIAL;-;-;-;-;-;-;-;-;-;514,748;-;-;-;-;-;-;-
DOLV28C006000;BRBMEFCD46R4;FINANCIAL;-;-;-;-;-;-;-;-;-;479,586;-;-;-;-;-;-;-
DOLV28C006100;BRBMEFCD46S2;FINANCIAL;-;-;-;-;-;-;-;-;-;446,704;-;-;-;-;-;-;-
DOLV28C006200;BRBMEFCD46T0;FINANCIAL;-;-;-;-;-;-;-;-;-;416,007;-;-;-;-;-;-;-
DOLV28C006300;BRBMEFCD46U8;FINANCIAL;-;-;-;-;-;-;-;-;-;387,668;-;-;-;-;-;-;-
DOLV28C006400;BRBMEFCD46V6;FINANCIAL;-;-;-;-;-;-;-;-;-;361,583;-;-;-;-;-;-;-
DOLV28C006500;BRBMEFCD46W4;FINANCIAL;-;-;-;-;-;-;-;-;-;338,185;-;-;-;-;-;-;-
DOLV28C006600;BRBMEFCD46X2;FINANCIAL;-;-;-;-;-;-;-;-;-;316,531;-;-;-;-;-;-;-
DOLV28C006700;BRBMEFCD46Y0;FINANCIAL;-;-;-;-;-;-;-;-;-;296,5;-;-;-;-;-;-;-
DOLV28C006800;BRBMEFCD46Z7;FINANCIAL;-;-;-;-;-;-;-;-;-;277,979;-;-;-;-;-;-;-
DOLV28C006900;BRBMEFCD4700;FINANCIAL;-;-;-;-;-;-;-;-;-;260,858;-;-;-;-;-;-;-
DOLV28C007000;BRBMEFCD4718;FINANCIAL;-;-;-;-;-;-;-;-;-;245,033;-;-;-;-;-;-;-
DOLV28P005500;BRBMEFVD46N3;FINANCIAL;-;-;-;-;-;-;-;-;-;183,077;-;-;-;-;-;-;-
DOLV28P005600;BRBMEFVD46O1;FINANCIAL;-;-;-;-;-;-;-;-;-;210,58;-;-;-;-;-;-;-
DOLV28P005700;BRBMEFVD46P8;FINANCIAL;-;-;-;-;-;-;-;-;-;240,422;-;-;-;-;-;-;-
DOLV28P005800;BRBMEFVD46Q6;FINANCIAL;-;-;-;-;-;-;-;-;-;272,847;-;-;-;-;-;-;-
DOLV28P005900;BRBMEFVD46R4;FINANCIAL;-;-;-;-;-;-;-;-;-;307,855;-;-;-;-;-;-;-
DOLV28P006000;BRBMEFVD46S2;FINANCIAL;-;-;-;-;-;-;-;-;-;346,751;-;-;-;-;-;-;-
DOLV28P006100;BRBMEFVD46T0;FINANCIAL;-;-;-;-;-;-;-;-;-;387,926;-;-;-;-;-;-;-
DOLV28P006200;BRBMEFVD46U8;FINANCIAL;-;-;-;-;-;-;-;-;-;431,287;-;-;-;-;-;-;-
DOLV28P006300;BRBMEFVD46V6;FINANCIAL;-;-;-;-;-;-;-;-;-;477,005;-;-;-;-;-;-;-
DOLV28P006400;BRBMEFVD46W4;FINANCIAL;-;-;-;-;-;-;-;-;-;524,978;-;-;-;-;-;-;-
DOLV28P006500;BRBMEFVD46X2;FINANCIAL;-;-;-;-;-;-;-;-;-;575,638;-;-;-;-;-;-;-
DOLV28P006600;BRBMEFVD46Y0;FINANCIAL;-;-;-;-;-;-;-;-;-;628,041;-;-;-;-;-;-;-
DOLV28P006700;BRBMEFVD46Z7;FINANCIAL;-;-;-;-;-;-;-;-;-;682,068;-;-;-;-;-;-;-
DOLV28P006800;BRBMEFVD4707;FINANCIAL;-;-;-;-;-;-;-;-;-;737,605;-;-;-;-;-;-;-
DOLV28P006900;BRBMEFVD4715;FINANCIAL;-;-;-;-;-;-;-;-;-;794,541;-;-;-;-;-;-;-
DOLV28P007000;BRBMEFVD4723;FINANCIAL;-;-;-;-;-;-;-;-;-;852,774;-;-;-;-;-;-;-
DOLJ27C004600;BRBMEFCL19I3;FINANCIAL;-;-;-;-;-;-;-;-;-;818,518;-;-;-;-;-;-;-
DOLJ27P004600;BRBMEFVDEAA7;FINANCIAL;-;-;-;-;-;-;-;-;-;14,533;-;-;-;-;-;-;-
DOLJ27C004250;BRBMEFCL19J1;FINANCIAL;-;-;-;-;-;-;-;-;-;1123,164;-;-;-;-;-;-;-
DOLJ27P004250;BRBMEFVDEAB5;FINANCIAL;-;-;-;-;-;-;-;-;-;2,418;-;-;-;-;-;-;-
DOLN26C004550;BRBMEFCD6CP4;FINANCIAL;-;-;-;-;-;-;-;-;-;622,718;-;-;-;-;-;-;-
DOLN26C004575;BRBMEFCD6CQ2;FINANCIAL;-;-;-;-;-;-;-;-;-;597,757;-;-;-;-;-;-;-
DOLN26C004600;BRBMEFCD6CR0;FINANCIAL;-;-;-;-;-;-;-;-;-;572,797;-;-;-;-;-;-;-
DOLN26C004625;BRBMEFCD6CS8;FINANCIAL;-;-;-;-;-;-;-;-;-;547,836;-;-;-;-;-;-;-
DOLN26C004650;BRBMEFCD6CT6;FINANCIAL;-;-;-;-;-;-;-;-;-;522,875;-;-;-;-;-;-;-
DOLN26C004675;BRBMEFCD6CU4;FINANCIAL;-;-;-;-;-;-;-;-;-;497,915;-;-;-;-;-;-;-
DOLN26C004700;BRBMEFCD6CV2;FINANCIAL;-;-;-;-;-;-;-;-;-;472,954;-;-;-;-;-;-;-
DOLN26C004725;BRBMEFCD6CW0;FINANCIAL;-;-;-;-;-;-;-;-;-;447,994;-;-;-;-;-;-;-
DOLN26C004750;BRBMEFCD6CX8;FINANCIAL;-;-;-;-;-;-;-;-;-;423,033;-;-;-;-;-;-;-
DOLN26C004775;BRBMEFCD6CY6;FINANCIAL;-;-;-;-;-;-;-;-;-;398,072;-;-;-;-;-;-;-
DOLN26C004825;BRBMEFCD6CZ3;FINANCIAL;-;-;-;-;-;-;-;-;-;348,151;-;-;-;-;-;-;-
DOLN26C004875;BRBMEFCD6D07;FINANCIAL;-;-;-;-;-;-;-;-;-;298,23;-;-;-;-;-;-;-
DOLN26C004925;BRBMEFCD6D15;FINANCIAL;-;-;-;-;-;-;-;-;-;248,308;-;-;-;-;-;-;-
DOLN26C004950;BRBMEFCD6D23;FINANCIAL;-;-;-;-;-;-;-;-;-;223,348;-;-;-;-;-;-;-
DOLN26C004975;BRBMEFCD6D31;FINANCIAL;-;-;-;-;-;-;-;-;-;198,388;-;-;-;-;-;-;-
DOLN26C005025;BRBMEFCD6D49;FINANCIAL;-;-;-;-;-;-;-;-;-;148,485;-;-;-;-;-;-;-
DOLN26C005075;BRBMEFCD6D56;FINANCIAL;-;-;-;-;-;-;-;-;-;98,946;-;-;-;-;-;-;-
DOLN26C005125;BRBMEFCD6D64;FINANCIAL;-;-;-;-;-;-;-;-;-;52,199;-;-;-;-;-;-;-
DOLN26C005175;BRBMEFCD6D72;FINANCIAL;20;20;20;20;20;-16,66;-;-;-;19,079;-;-;-;-;1;1.000;1000000
DOLN26C005225;BRBMEFCD6D80;FINANCIAL;-;-;-;-;-;-;-;-;-;5,719;-;-;-;-;-;-;-
DOLN26C005275;BRBMEFCD6D98;FINANCIAL;-;-;-;-;-;-;-;-;-;1,647;-;-;-;-;-;-;-
DOLN26C005325;BRBMEFCD6DA4;FINANCIAL;-;-;-;-;-;-;-;-;-;0,396;-;-;-;-;-;-;-
DOLN26C005375;BRBMEFCD6DB2;FINANCIAL;-;-;-;-;-;-;-;-;-;0,058;-;-;-;-;-;-;-
DOLN26C005425;BRBMEFCD6DC0;FINANCIAL;-;-;-;-;-;-;-;-;-;0,005;-;-;-;-;-;-;-
DOLN26C005475;BRBMEFCD6DD8;FINANCIAL;-;-;-;-;-;-;-;-;-;0,001;-;-;-;-;-;-;-
DOLN26C005525;BRBMEFCD6DE6;FINANCIAL;-;-;-;-;-;-;-;-;-;0,001;-;-;-;-;-;-;-
DOLN26C005575;BRBMEFCD6DF3;FINANCIAL;-;-;-;-;-;-;-;-;-;0,001;-;-;-;-;-;-;-
DOLN26C005625;BRBMEFCD6DG1;FINANCIAL;-;-;-;-;-;-;-;-;-;0,001;-;-;-;-;-;-;-
DOLN26C005675;BRBMEFCD6DH9;FINANCIAL;-;-;-;-;-;-;-;-;-;0,001;-;-;-;-;-;-;-
DOLN26C005725;BRBMEFCD6DI7;FINANCIAL;-;-;-;-;-;-;-;-;-;0,001;-;-;-;-;-;-;-
DOLN26C005775;BRBMEFCD6DJ5;FINANCIAL;-;-;-;-;-;-;-;-;-;0,001;-;-;-;-;-;-;-
DOLN26C005825;BRBMEFCD6DK3;FINANCIAL;-;-;-;-;-;-;-;-;-;0,001;-;-;-;-;-;-;-
DOLN26C005875;BRBMEFCD6DL1;FINANCIAL;-;-;-;-;-;-;-;-;-;0,001;-;-;-;-;-;-;-
DOLN26C005925;BRBMEFCD6DM9;FINANCIAL;-;-;-;-;-;-;-;-;-;0,001;-;-;-;-;-;-;-
DOLN26C005975;BRBMEFCD6DN7;FINANCIAL;-;-;-;-;-;-;-;-;-;0,001;-;-;-;-;-;-;-
DOLN26C006025;BRBMEFCD6DO5;FINANCIAL;-;-;-;-;-;-;-;-;-;0,001;-;-;-;-;-;-;-
DOLN26C006075;BRBMEFCD6DP2;FINANCIAL;-;-;-;-;-;-;-;-;-;0,001;-;-;-;-;-;-;-
DOLN26C006125;BRBMEFCD6DQ0;FINANCIAL;-;-;-;-;-;-;-;-;-;0,001;-;-;-;-;-;-;-
DOLN26C006175;BRBMEFCD6DR8;FINANCIAL;-;-;-;-;-;-;-;-;-;0,001;-;-;-;-;-;-;-
DOLN26C006225;BRBMEFCD6DS6;FINANCIAL;-;-;-;-;-;-;-;-;-;0,001;-;-;-;-;-;-;-
DOLN26C006275;BRBMEFCD6DT4;FINANCIAL;-;-;-;-;-;-;-;-;-;0,001;-;-;-;-;-;-;-
DOLN26C006325;BRBMEFCD6DU2;FINANCIAL;-;-;-;-;-;-;-;-;-;0,001;-;-;-;-;-;-;-
DOLN26C006350;BRBMEFCD6DV0;FINANCIAL;-;-;-;-;-;-;-;-;-;0,001;-;-;-;-;-;-;-
DOLN26C006375;BRBMEFCD6DW8;FINANCIAL;-;-;-;-;-;-;-;-;-;0,001;-;-;-;-;-;-;-
DOLN26C006425;BRBMEFCD6DX6;FINANCIAL;-;-;-;-;-;-;-;-;-;0,001;-;-;-;-;-;-;-
DOLN26C006450;BRBMEFCD6DY4;FINANCIAL;-;-;-;-;-;-;-;-;-;0,001;-;-;-;-;-;-;-
DOLN26C006475;BRBMEFCD6DZ1;FINANCIAL;-;-;-;-;-;-;-;-;-;0,001;-;-;-;-;-;-;-
DOLN26C006525;BRBMEFCD6E06;FINANCIAL;-;-;-;-;-;-;-;-;-;0,001;-;-;-;-;-;-;-
DOLN26C006550;BRBMEFCD6E14;FINANCIAL;-;-;-;-;-;-;-;-;-;0,001;-;-;-;-;-;-;-
DOLN26C006575;BRBMEFCD6E22;FINANCIAL;-;-;-;-;-;-;-;-;-;0,001;-;-;-;-;-;-;-
DOLN26C006625;BRBMEFCD6E30;FINANCIAL;-;-;-;-;-;-;-;-;-;0,001;-;-;-;-;-;-;-
DOLN26C006650;BRBMEFCD6E48;FINANCIAL;-;-;-;-;-;-;-;-;-;0,001;-;-;-;-;-;-;-
DOLN26C006675;BRBMEFCD6E55;FINANCIAL;-;-;-;-;-;-;-;-;-;0,001;-;-;-;-;-;-;-
DOLN26C006725;BRBMEFCD6E63;FINANCIAL;-;-;-;-;-;-;-;-;-;0,001;-;-;-;-;-;-;-
DOLN26P004550;BRBMEFVDRCP3;FINANCIAL;-;-;-;-;-;-;-;-;-;0,001;-;-;-;-;-;-;-
DOLN26P004575;BRBMEFVDRCQ1;FINANCIAL;-;-;-;-;-;-;-;-;-;0,001;-;-;-;-;-;-;-
DOLN26P004600;BRBMEFVDRCR9;FINANCIAL;-;-;-;-;-;-;-;-;-;0,001;-;-;-;-;-;-;-
DOLN26P004625;BRBMEFVDRCS7;FINANCIAL;-;-;-;-;-;-;-;-;-;0,001;-;-;-;-;-;-;-
DOLN26P004650;BRBMEFVDRCT5;FINANCIAL;-;-;-;-;-;-;-;-;-;0,001;-;-;-;-;-;-;-
DOLN26P004675;BRBMEFVDRCU3;FINANCIAL;-;-;-;-;-;-;-;-;-;0,001;-;-;-;-;-;-;-
DOLN26P004700;BRBMEFVDRCV1;FINANCIAL;-;-;-;-;-;-;-;-;-;0,001;-;-;-;-;-;-;-
DOLN26P004725;BRBMEFVDRCW9;FINANCIAL;-;-;-;-;-;-;-;-;-;0,001;-;-;-;-;-;-;-
DOLN26P004750;BRBMEFVDRCX7;FINANCIAL;-;-;-;-;-;-;-;-;-;0,001;-;-;-;-;-;-;-
DOLN26P004775;BRBMEFVDRCY5;FINANCIAL;-;-;-;-;-;-;-;-;-;0,001;-;-;-;-;-;-;-
DOLN26P004825;BRBMEFVDRCZ2;FINANCIAL;-;-;-;-;-;-;-;-;-;0,001;-;-;-;-;-;-;-
DOLN26P004875;BRBMEFVDRD06;FINANCIAL;-;-;-;-;-;-;-;-;-;0,001;-;-;-;-;-;-;-
DOLN26P004925;BRBMEFVDRD14;FINANCIAL;-;-;-;-;-;-;-;-;-;0,001;-;-;-;-;-;-;-
DOLN26P004950;BRBMEFVDRD22;FINANCIAL;-;-;-;-;-;-;-;-;-;0,001;-;-;-;-;-;-;-
DOLN26P004975;BRBMEFVDRD30;FINANCIAL;-;-;-;-;-;-;-;-;-;0,001;-;-;-;-;-;-;-
DOLN26P005025;BRBMEFVDRD48;FINANCIAL;-;-;-;-;-;-;-;-;-;0,019;-;-;-;-;-;-;-
DOLN26P005075;BRBMEFVDRD55;FINANCIAL;-;-;-;-;-;-;-;-;-;0,401;-;-;-;-;-;-;-
DOLN26P005125;BRBMEFVDRD63;FINANCIAL;-;-;-;-;-;-;-;-;-;3,575;-;-;-;-;-;-;-
DOLN26P005175;BRBMEFVDRD71;FINANCIAL;-;-;-;-;-;-;-;-;-;20,377;-;-;-;-;-;-;-
DOLN26P005225;BRBMEFVDRD89;FINANCIAL;-;-;-;-;-;-;-;-;-;56,938;-;-;-;-;-;-;-
DOLN26P005275;BRBMEFVDRD97;FINANCIAL;-;-;-;-;-;-;-;-;-;102,787;-;-;-;-;-;-;-
DOLN26P005325;BRBMEFVDRDA3;FINANCIAL;-;-;-;-;-;-;-;-;-;151,458;-;-;-;-;-;-;-
DOLN26P005375;BRBMEFVDRDB1;FINANCIAL;-;-;-;-;-;-;-;-;-;201,041;-;-;-;-;-;-;-
DOLN26P005425;BRBMEFVDRDC9;FINANCIAL;-;-;-;-;-;-;-;-;-;250,909;-;-;-;-;-;-;-
DOLN26P005475;BRBMEFVDRDD7;FINANCIAL;-;-;-;-;-;-;-;-;-;300,826;-;-;-;-;-;-;-
DOLN26P005525;BRBMEFVDRDE5;FINANCIAL;-;-;-;-;-;-;-;-;-;350,747;-;-;-;-;-;-;-
DOLN26P005575;BRBMEFVDRDF2;FINANCIAL;-;-;-;-;-;-;-;-;-;400,668;-;-;-;-;-;-;-
DOLN26P005625;BRBMEFVDRDG0;FINANCIAL;-;-;-;-;-;-;-;-;-;450,589;-;-;-;-;-;-;-
DOLN26P005675;BRBMEFVDRDH8;FINANCIAL;-;-;-;-;-;-;-;-;-;500,511;-;-;-;-;-;-;-
DOLN26P005725;BRBMEFVDRDI6;FINANCIAL;-;-;-;-;-;-;-;-;-;550,432;-;-;-;-;-;-;-
DOLN26P005775;BRBMEFVDRDJ4;FINANCIAL;-;-;-;-;-;-;-;-;-;600,353;-;-;-;-;-;-;-
DOLN26P005825;BRBMEFVDRDK2;FINANCIAL;-;-;-;-;-;-;-;-;-;650,274;-;-;-;-;-;-;-
DOLN26P005875;BRBMEFVDRDL0;FINANCIAL;-;-;-;-;-;-;-;-;-;700,196;-;-;-;-;-;-;-
DOLN26P005925;BRBMEFVDRDM8;FINANCIAL;-;-;-;-;-;-;-;-;-;750,117;-;-;-;-;-;-;-
DOLN26P005975;BRBMEFVDRDN6;FINANCIAL;-;-;-;-;-;-;-;-;-;800,038;-;-;-;-;-;-;-
DOLN26P006025;BRBMEFVDRDO4;FINANCIAL;-;-;-;-;-;-;-;-;-;849,959;-;-;-;-;-;-;-
DOLN26P006075;BRBMEFVDRDP1;FINANCIAL;-;-;-;-;-;-;-;-;-;899,881;-;-;-;-;-;-;-
DOLN26P006125;BRBMEFVDRDQ9;FINANCIAL;-;-;-;-;-;-;-;-;-;949,802;-;-;-;-;-;-;-
DOLN26P006175;BRBMEFVDRDR7;FINANCIAL;-;-;-;-;-;-;-;-;-;999,723;-;-;-;-;-;-;-
DOLN26P006225;BRBMEFVDRDS5;FINANCIAL;-;-;-;-;-;-;-;-;-;1049,645;-;-;-;-;-;-;-
DOLN26P006275;BRBMEFVDRDT3;FINANCIAL;-;-;-;-;-;-;-;-;-;1099,566;-;-;-;-;-;-;-
DOLN26P006325;BRBMEFVDRDU1;FINANCIAL;-;-;-;-;-;-;-;-;-;1149,487;-;-;-;-;-;-;-
DOLN26P006350;BRBMEFVDRDV9;FINANCIAL;-;-;-;-;-;-;-;-;-;1174,448;-;-;-;-;-;-;-
DOLN26P006375;BRBMEFVDRDW7;FINANCIAL;-;-;-;-;-;-;-;-;-;1199,408;-;-;-;-;-;-;-
DOLN26P006425;BRBMEFVDRDX5;FINANCIAL;-;-;-;-;-;-;-;-;-;1249,33;-;-;-;-;-;-;-
DOLN26P006450;BRBMEFVDRDY3;FINANCIAL;-;-;-;-;-;-;-;-;-;1274,29;-;-;-;-;-;-;-
DOLN26P006475;BRBMEFVDRDZ0;FINANCIAL;-;-;-;-;-;-;-;-;-;1299,251;-;-;-;-;-;-;-
DOLN26P006525;BRBMEFVDRE05;FINANCIAL;-;-;-;-;-;-;-;-;-;1349,172;-;-;-;-;-;-;-
DOLN26P006550;BRBMEFVDRE13;FINANCIAL;-;-;-;-;-;-;-;-;-;1374,133;-;-;-;-;-;-;-
DOLN26P006575;BRBMEFVDRE21;FINANCIAL;-;-;-;-;-;-;-;-;-;1399,093;-;-;-;-;-;-;-
DOLN26P006625;BRBMEFVDRE39;FINANCIAL;-;-;-;-;-;-;-;-;-;1449,015;-;-;-;-;-;-;-
DOLN26P006650;BRBMEFVDRE47;FINANCIAL;-;-;-;-;-;-;-;-;-;1473,975;-;-;-;-;-;-;-
DOLN26P006675;BRBMEFVDRE54;FINANCIAL;-;-;-;-;-;-;-;-;-;1498,936;-;-;-;-;-;-;-
DOLN26P006725;BRBMEFVDRE62;FINANCIAL;-;-;-;-;-;-;-;-;-;1548,857;-;-;-;-;-;-;-
DOLF27C004000;BRBMEFCE1LJ8;FINANCIAL;-;-;-;-;-;-;-;-;-;1292,627;-;-;-;-;-;-;-
DOLF27C004100;BRBMEFCE1LK6;FINANCIAL;-;-;-;-;-;-;-;-;-;1199,329;-;-;-;-;-;-;-
DOLF27C004200;BRBMEFCE1LL4;FINANCIAL;-;-;-;-;-;-;-;-;-;1106,208;-;-;-;-;-;-;-
DOLF27C004300;BRBMEFCE1LM2;FINANCIAL;-;-;-;-;-;-;-;-;-;1013,426;-;-;-;-;-;-;-
DOLF27C004700;BRBMEFCE1LN0;FINANCIAL;-;-;-;-;-;-;-;-;-;653,442;-;-;-;-;-;-;-
DOLF27C004900;BRBMEFCE1LO8;FINANCIAL;-;-;-;-;-;-;-;-;-;491,47;-;-;-;-;-;-;-
DOLF27P004000;BRBMEFDE1KP6;FINANCIAL;-;-;-;-;-;-;-;-;-;0,09;-;-;-;-;-;-;-
DOLF27P004100;BRBMEFDE1KQ4;FINANCIAL;-;-;-;-;-;-;-;-;-;0,232;-;-;-;-;-;-;-
DOLF27P004200;BRBMEFDE1KR2;FINANCIAL;-;-;-;-;-;-;-;-;-;0,549;-;-;-;-;-;-;-
DOLF27P004300;BRBMEFDE1KS0;FINANCIAL;-;-;-;-;-;-;-;-;-;1,207;-;-;-;-;-;-;-
DOLF27P004700;BRBMEFDE1KT8;FINANCIAL;-;-;-;-;-;-;-;-;-;14,979;-;-;-;-;-;-;-
DOLF27P004900;BRBMEFDE1KU6;FINANCIAL;-;-;-;-;-;-;-;-;-;39,885;-;-;-;-;-;-;-
DOLJ27C004450;BRBMEFCL19K9;FINANCIAL;-;-;-;-;-;-;-;-;-;946,902;-;-;-;-;-;-;-
DOLJ27P004450;BRBMEFVDEAC3;FINANCIAL;-;-;-;-;-;-;-;-;-;7,162;-;-;-;-;-;-;-
DOLN27C004900;BRBMEFCD6E71;FINANCIAL;-;-;-;-;-;-;-;-;-;661,782;-;-;-;-;-;-;-
DOLN27C004950;BRBMEFCD6E89;FINANCIAL;-;-;-;-;-;-;-;-;-;626,847;-;-;-;-;-;-;-
DOLN27P004900;BRBMEFVDRE70;FINANCIAL;-;-;-;-;-;-;-;-;-;52,078;-;-;-;-;-;-;-
DOLN27P004950;BRBMEFVDRE88;FINANCIAL;-;-;-;-;-;-;-;-;-;60,909;-;-;-;-;-;-;-
DOLN26C004400;BRBMEFCD6E97;FINANCIAL;-;-;-;-;-;-;-;-;-;772,482;-;-;-;-;-;-;-
DOLN26C004450;BRBMEFCD6EA2;FINANCIAL;-;-;-;-;-;-;-;-;-;722,561;-;-;-;-;-;-;-
DOLN26P004400;BRBMEFVDRE96;FINANCIAL;-;-;-;-;-;-;-;-;-;0,001;-;-;-;-;-;-;-
DOLN26P004450;BRBMEFVDREA1;FINANCIAL;-;-;-;-;-;-;-;-;-;0,001;-;-;-;-;-;-;-
DOLV26C004550;BRBMEFCD4726;FINANCIAL;-;-;-;-;-;-;-;-;-;709,959;-;-;-;-;-;-;-
DOLV26C004600;BRBMEFCD4734;FINANCIAL;-;-;-;-;-;-;-;-;-;661,895;-;-;-;-;-;-;-
DOLV26C004650;BRBMEFCD4742;FINANCIAL;-;-;-;-;-;-;-;-;-;613,984;-;-;-;-;-;-;-
DOLV26C004700;BRBMEFCD4759;FINANCIAL;-;-;-;-;-;-;-;-;-;566,326;-;-;-;-;-;-;-
DOLV26C004750;BRBMEFCD4767;FINANCIAL;-;-;-;-;-;-;-;-;-;519,07;-;-;-;-;-;-;-
DOLV26C004800;BRBMEFCD4775;FINANCIAL;-;-;-;-;-;-;-;-;-;472,4;-;-;-;-;-;-;-
DOLV26C004850;BRBMEFCD4783;FINANCIAL;-;-;-;-;-;-;-;-;-;426,559;-;-;-;-;-;-;-
DOLV26C004900;BRBMEFCD4791;FINANCIAL;-;-;-;-;-;-;-;-;-;381,881;-;-;-;-;-;-;-
DOLV26C004950;BRBMEFCD47A8;FINANCIAL;-;-;-;-;-;-;-;-;-;338,789;-;-;-;-;-;-;-
DOLV26C005050;BRBMEFCD47B6;FINANCIAL;-;-;-;-;-;-;-;-;-;259,132;-;-;-;-;-;-;-
DOLV26C005150;BRBMEFCD47C4;FINANCIAL;-;-;-;-;-;-;-;-;-;191,842;-;-;-;-;-;-;-
DOLV26C005250;BRBMEFCD47D2;FINANCIAL;-;-;-;-;-;-;-;-;-;140,663;-;-;-;-;-;-;-
DOLV26C005350;BRBMEFCD47E0;FINANCIAL;-;-;-;-;-;-;-;-;-;103,544;-;-;-;-;-;-;-
DOLV26C005450;BRBMEFCD47F7;FINANCIAL;76,5;76,5;76,5;76,5;76,5;10,37;-;-;-;76,768;-;-;-;-;1;300;1147500
DOLV26C005550;BRBMEFCD47G5;FINANCIAL;-;-;-;-;-;-;-;-;-;57,115;-;-;-;-;-;-;-
DOLV26C005650;BRBMEFCD47H3;FINANCIAL;-;-;-;-;-;-;-;-;-;41,531;-;-;-;-;-;-;-
DOLV26P004550;BRBMEFVD4731;FINANCIAL;-;-;-;-;-;-;-;-;-;0,204;-;-;-;-;-;-;-
DOLV26P004600;BRBMEFVD4749;FINANCIAL;-;-;-;-;-;-;-;-;-;0,398;-;-;-;-;-;-;-
DOLV26P004650;BRBMEFVD4756;FINANCIAL;-;-;-;-;-;-;-;-;-;0,744;-;-;-;-;-;-;-
DOLV26P004700;BRBMEFVD4764;FINANCIAL;-;-;-;-;-;-;-;-;-;1,343;-;-;-;-;-;-;-
DOLV26P004750;BRBMEFVD4772;FINANCIAL;-;-;-;-;-;-;-;-;-;2,344;-;-;-;-;-;-;-
DOLV26P004800;BRBMEFVD4780;FINANCIAL;-;-;-;-;-;-;-;-;-;3,931;-;-;-;-;-;-;-
DOLV26P004850;BRBMEFVD4798;FINANCIAL;-;-;-;-;-;-;-;-;-;6,347;-;-;-;-;-;-;-
DOLV26P004900;BRBMEFVD47A8;FINANCIAL;-;-;-;-;-;-;-;-;-;9,927;-;-;-;-;-;-;-
DOLV26P004950;BRBMEFVD47B6;FINANCIAL;-;-;-;-;-;-;-;-;-;15,092;-;-;-;-;-;-;-
DOLV26P005050;BRBMEFVD47C4;FINANCIAL;-;-;-;-;-;-;-;-;-;31,949;-;-;-;-;-;-;-
DOLV26P005150;BRBMEFVD47D2;FINANCIAL;-;-;-;-;-;-;-;-;-;61,173;-;-;-;-;-;-;-
DOLV26P005250;BRBMEFVD47E0;FINANCIAL;-;-;-;-;-;-;-;-;-;106,508;-;-;-;-;-;-;-
DOLV26P005350;BRBMEFVD47F7;FINANCIAL;-;-;-;-;-;-;-;-;-;165,904;-;-;-;-;-;-;-
DOLV26P005450;BRBMEFVD47G5;FINANCIAL;-;-;-;-;-;-;-;-;-;235,642;-;-;-;-;-;-;-
DOLV26P005550;BRBMEFVD47H3;FINANCIAL;-;-;-;-;-;-;-;-;-;312,503;-;-;-;-;-;-;-
DOLV26P005650;BRBMEFVD47I1;FINANCIAL;-;-;-;-;-;-;-;-;-;393,433;-;-;-;-;-;-;-
DOLK27C004950;BRBMEFCDI5S5;FINANCIAL;-;-;-;-;-;-;-;-;-;571,48;-;-;-;-;-;-;-
DOLK27C005000;BRBMEFCDI5T3;FINANCIAL;-;-;-;-;-;-;-;-;-;536,875;-;-;-;-;-;-;-
DOLK27C005050;BRBMEFCDI5U1;FINANCIAL;-;-;-;-;-;-;-;-;-;503,305;-;-;-;-;-;-;-
DOLK27C005100;BRBMEFCDI5V9;FINANCIAL;-;-;-;-;-;-;-;-;-;471,074;-;-;-;-;-;-;-
DOLK27C005150;BRBMEFCDI5W7;FINANCIAL;-;-;-;-;-;-;-;-;-;440,544;-;-;-;-;-;-;-
DOLK27C005200;BRBMEFCDI5X5;FINANCIAL;-;-;-;-;-;-;-;-;-;411,81;-;-;-;-;-;-;-
DOLK27C005250;BRBMEFCDI5Y3;FINANCIAL;-;-;-;-;-;-;-;-;-;384,46;-;-;-;-;-;-;-
DOLK27P004950;BRBMEFVDO5Q8;FINANCIAL;-;-;-;-;-;-;-;-;-;58,884;-;-;-;-;-;-;-
DOLK27P005000;BRBMEFVDO5R6;FINANCIAL;-;-;-;-;-;-;-;-;-;69,03;-;-;-;-;-;-;-
DOLK27P005050;BRBMEFVDO5S4;FINANCIAL;-;-;-;-;-;-;-;-;-;80,21;-;-;-;-;-;-;-
DOLK27P005100;BRBMEFVDO5T2;FINANCIAL;-;-;-;-;-;-;-;-;-;92,729;-;-;-;-;-;-;-
DOLK27P005150;BRBMEFVDO5U0;FINANCIAL;-;-;-;-;-;-;-;-;-;106,949;-;-;-;-;-;-;-
DOLK27P005200;BRBMEFVDO5V8;FINANCIAL;-;-;-;-;-;-;-;-;-;122,965;-;-;-;-;-;-;-
DOLK27P005250;BRBMEFVDO5W6;FINANCIAL;-;-;-;-;-;-;-;-;-;140,365;-;-;-;-;-;-;-
DOLG27C005800;BRBMEFDL02B2;FINANCIAL;-;-;-;-;-;-;-;-;-;119,64;-;-;-;-;-;-;-
DOLG27P005800;BRBMEFLD02D8;FINANCIAL;-;-;-;-;-;-;-;-;-;471,459;-;-;-;-;-;-;-
DOLK27C005300;BRBMEFCDI5Z0;FINANCIAL;-;-;-;-;-;-;-;-;-;358,66;-;-;-;-;-;-;-
DOLK27C005350;BRBMEFCDI604;FINANCIAL;-;-;-;-;-;-;-;-;-;334,244;-;-;-;-;-;-;-
DOLK27C005400;BRBMEFCDI612;FINANCIAL;-;-;-;-;-;-;-;-;-;312,067;-;-;-;-;-;-;-
DOLK27C005450;BRBMEFCDI620;FINANCIAL;-;-;-;-;-;-;-;-;-;291,071;-;-;-;-;-;-;-
DOLK27C005500;BRBMEFCDI638;FINANCIAL;-;-;-;-;-;-;-;-;-;271,563;-;-;-;-;-;-;-
DOLK27C005550;BRBMEFCDI646;FINANCIAL;-;-;-;-;-;-;-;-;-;253,314;-;-;-;-;-;-;-
DOLK27C005600;BRBMEFCDI653;FINANCIAL;-;-;-;-;-;-;-;-;-;236,265;-;-;-;-;-;-;-
DOLK27C005650;BRBMEFCDI661;FINANCIAL;-;-;-;-;-;-;-;-;-;220,541;-;-;-;-;-;-;-
DOLK27C005700;BRBMEFCDI679;FINANCIAL;-;-;-;-;-;-;-;-;-;206,077;-;-;-;-;-;-;-
DOLK27C005750;BRBMEFCDI687;FINANCIAL;-;-;-;-;-;-;-;-;-;192,63;-;-;-;-;-;-;-
DOLK27C005800;BRBMEFCDI695;FINANCIAL;-;-;-;-;-;-;-;-;-;180,136;-;-;-;-;-;-;-
DOLK27C005850;BRBMEFCDI6A1;FINANCIAL;-;-;-;-;-;-;-;-;-;168,535;-;-;-;-;-;-;-
DOLK27C005900;BRBMEFCDI6B9;FINANCIAL;-;-;-;-;-;-;-;-;-;157,432;-;-;-;-;-;-;-
DOLK27C005950;BRBMEFCDI6C7;FINANCIAL;-;-;-;-;-;-;-;-;-;147,121;-;-;-;-;-;-;-
DOLK27C006000;BRBMEFCDI6D5;FINANCIAL;132,5;132,5;132,5;132,5;132,5;-;-;-;-;137,55;-;-;-;-;1;370;2451250
DOLK27C006050;BRBMEFCDI6E3;FINANCIAL;-;-;-;-;-;-;-;-;-;128,823;-;-;-;-;-;-;-
DOLK27C006100;BRBMEFCDI6F0;FINANCIAL;-;-;-;-;-;-;-;-;-;120,578;-;-;-;-;-;-;-
DOLK27C006150;BRBMEFCDI6G8;FINANCIAL;-;-;-;-;-;-;-;-;-;113,077;-;-;-;-;-;-;-
DOLK27C006200;BRBMEFCDI6H6;FINANCIAL;-;-;-;-;-;-;-;-;-;106,121;-;-;-;-;-;-;-
DOLK27C006250;BRBMEFCDI6I4;FINANCIAL;-;-;-;-;-;-;-;-;-;98,832;-;-;-;-;-;-;-
DOLK27C006300;BRBMEFCDI6J2;FINANCIAL;-;-;-;-;-;-;-;-;-;92,063;-;-;-;-;-;-;-
DOLK27C006350;BRBMEFCDI6K0;FINANCIAL;-;-;-;-;-;-;-;-;-;85,78;-;-;-;-;-;-;-
DOLK27C006400;BRBMEFCDI6L8;FINANCIAL;-;-;-;-;-;-;-;-;-;79,949;-;-;-;-;-;-;-
DOLK27C006450;BRBMEFCDI6M6;FINANCIAL;-;-;-;-;-;-;-;-;-;74,538;-;-;-;-;-;-;-
DOLK27C006500;BRBMEFCDI6N4;FINANCIAL;-;-;-;-;-;-;-;-;-;69,634;-;-;-;-;-;-;-
DOLK27C006550;BRBMEFCDI6O2;FINANCIAL;-;-;-;-;-;-;-;-;-;64,973;-;-;-;-;-;-;-
DOLK27C006600;BRBMEFCDI6P9;FINANCIAL;-;-;-;-;-;-;-;-;-;60,649;-;-;-;-;-;-;-
DOLK27C006650;BRBMEFCDI6Q7;FINANCIAL;-;-;-;-;-;-;-;-;-;56,741;-;-;-;-;-;-;-
DOLK27C006700;BRBMEFCDI6R5;FINANCIAL;-;-;-;-;-;-;-;-;-;53,015;-;-;-;-;-;-;-
DOLK27C006750;BRBMEFCDI6S3;FINANCIAL;-;-;-;-;-;-;-;-;-;49,654;-;-;-;-;-;-;-
DOLK27C006800;BRBMEFCDI6T1;FINANCIAL;-;-;-;-;-;-;-;-;-;46,534;-;-;-;-;-;-;-
DOLK27C006850;BRBMEFCDI6U9;FINANCIAL;-;-;-;-;-;-;-;-;-;43,638;-;-;-;-;-;-;-
DOLK27C006900;BRBMEFCDI6V7;FINANCIAL;-;-;-;-;-;-;-;-;-;40,863;-;-;-;-;-;-;-
DOLK27C006950;BRBMEFCDI6W5;FINANCIAL;-;-;-;-;-;-;-;-;-;38,368;-;-;-;-;-;-;-
DOLK27C007000;BRBMEFCDI6X3;FINANCIAL;-;-;-;-;-;-;-;-;-;35,816;-;-;-;-;-;-;-
DOLK27P005300;BRBMEFVDO5X4;FINANCIAL;-;-;-;-;-;-;-;-;-;159,316;-;-;-;-;-;-;-
DOLK27P005350;BRBMEFVDO5Y2;FINANCIAL;-;-;-;-;-;-;-;-;-;179,65;-;-;-;-;-;-;-
DOLK27P005400;BRBMEFVDO5Z9;FINANCIAL;-;-;-;-;-;-;-;-;-;202,223;-;-;-;-;-;-;-
DOLK27P005450;BRBMEFVDO602;FINANCIAL;-;-;-;-;-;-;-;-;-;225,977;-;-;-;-;-;-;-
DOLK27P005500;BRBMEFVDO610;FINANCIAL;-;-;-;-;-;-;-;-;-;251,22;-;-;-;-;-;-;-
DOLK27P005550;BRBMEFVDO628;FINANCIAL;-;-;-;-;-;-;-;-;-;277,72;-;-;-;-;-;-;-
DOLK27P005600;BRBMEFVDO636;FINANCIAL;-;-;-;-;-;-;-;-;-;305,422;-;-;-;-;-;-;-
DOLK27P005650;BRBMEFVDO644;FINANCIAL;-;-;-;-;-;-;-;-;-;334,448;-;-;-;-;-;-;-
DOLK27P005700;BRBMEFVDO651;FINANCIAL;-;-;-;-;-;-;-;-;-;364,734;-;-;-;-;-;-;-
DOLK27P005750;BRBMEFVDO669;FINANCIAL;-;-;-;-;-;-;-;-;-;396,037;-;-;-;-;-;-;-
DOLK27P005800;BRBMEFVDO677;FINANCIAL;-;-;-;-;-;-;-;-;-;428,293;-;-;-;-;-;-;-
DOLK27P005850;BRBMEFVDO685;FINANCIAL;-;-;-;-;-;-;-;-;-;461,442;-;-;-;-;-;-;-
DOLK27P005900;BRBMEFVDO693;FINANCIAL;-;-;-;-;-;-;-;-;-;495,09;-;-;-;-;-;-;-
DOLK27P005950;BRBMEFVDO6A0;FINANCIAL;-;-;-;-;-;-;-;-;-;529,529;-;-;-;-;-;-;-
DOLK27P006000;BRBMEFVDO6B8;FINANCIAL;-;-;-;-;-;-;-;-;-;564,707;-;-;-;-;-;-;-
DOLK27P006050;BRBMEFVDO6C6;FINANCIAL;-;-;-;-;-;-;-;-;-;600,731;-;-;-;-;-;-;-
DOLK27P006100;BRBMEFVDO6D4;FINANCIAL;-;-;-;-;-;-;-;-;-;637,236;-;-;-;-;-;-;-
DOLK27P006150;BRBMEFVDO6E2;FINANCIAL;-;-;-;-;-;-;-;-;-;674,485;-;-;-;-;-;-;-
DOLK27P006200;BRBMEFVDO6F9;FINANCIAL;-;-;-;-;-;-;-;-;-;712,279;-;-;-;-;-;-;-
DOLK27P006250;BRBMEFVDO6G7;FINANCIAL;-;-;-;-;-;-;-;-;-;749,74;-;-;-;-;-;-;-
DOLK27P006300;BRBMEFVDO6H5;FINANCIAL;-;-;-;-;-;-;-;-;-;787,722;-;-;-;-;-;-;-
DOLK27P006350;BRBMEFVDO6I3;FINANCIAL;-;-;-;-;-;-;-;-;-;826,189;-;-;-;-;-;-;-
DOLK27P006400;BRBMEFVDO6J1;FINANCIAL;-;-;-;-;-;-;-;-;-;865,107;-;-;-;-;-;-;-
DOLK27P006450;BRBMEFVDO6K9;FINANCIAL;-;-;-;-;-;-;-;-;-;904,447;-;-;-;-;-;-;-
DOLK27P006500;BRBMEFVDO6L7;FINANCIAL;-;-;-;-;-;-;-;-;-;944,293;-;-;-;-;-;-;-
DOLK27P006550;BRBMEFVDO6M5;FINANCIAL;-;-;-;-;-;-;-;-;-;984,382;-;-;-;-;-;-;-
DOLK27P006600;BRBMEFVDO6N3;FINANCIAL;-;-;-;-;-;-;-;-;-;1024,808;-;-;-;-;-;-;-
DOLK27P006650;BRBMEFVDO6O1;FINANCIAL;-;-;-;-;-;-;-;-;-;1065,65;-;-;-;-;-;-;-
DOLK27P006700;BRBMEFVDO6P8;FINANCIAL;-;-;-;-;-;-;-;-;-;1106,675;-;-;-;-;-;-;-
DOLK27P006750;BRBMEFVDO6Q6;FINANCIAL;-;-;-;-;-;-;-;-;-;1148,064;-;-;-;-;-;-;-
DOLK27P006800;BRBMEFVDO6R4;FINANCIAL;-;-;-;-;-;-;-;-;-;1189,694;-;-;-;-;-;-;-
DOLK27P006850;BRBMEFVDO6S2;FINANCIAL;-;-;-;-;-;-;-;-;-;1231,548;-;-;-;-;-;-;-
DOLK27P006900;BRBMEFVDO6T0;FINANCIAL;-;-;-;-;-;-;-;-;-;1273,523;-;-;-;-;-;-;-
DOLK27P006950;BRBMEFVDO6U8;FINANCIAL;-;-;-;-;-;-;-;-;-;1315,778;-;-;-;-;-;-;-
DOLK27P007000;BRBMEFVDO6V6;FINANCIAL;-;-;-;-;-;-;-;-;-;1357,976;-;-;-;-;-;-;-
DOLK27C004300;BRBMEFCDI6Y1;FINANCIAL;-;-;-;-;-;-;-;-;-;1098,289;-;-;-;-;-;-;-
DOLK27P004300;BRBMEFVDO6W4;FINANCIAL;-;-;-;-;-;-;-;-;-;3,942;-;-;-;-;-;-;-
DOLM27C004900;BRBMEFDM04B6;FINANCIAL;-;-;-;-;-;-;-;-;-;632,853;-;-;-;-;-;-;-
DOLM27C004950;BRBMEFDM04C4;FINANCIAL;-;-;-;-;-;-;-;-;-;597,643;-;-;-;-;-;-;-
DOLM27C005000;BRBMEFDM04D2;FINANCIAL;-;-;-;-;-;-;-;-;-;563,629;-;-;-;-;-;-;-
DOLM27C005050;BRBMEFDM04E0;FINANCIAL;-;-;-;-;-;-;-;-;-;530,75;-;-;-;-;-;-;-
DOLM27C005100;BRBMEFDM04F7;FINANCIAL;-;-;-;-;-;-;-;-;-;499,046;-;-;-;-;-;-;-
DOLM27C005150;BRBMEFDM04G5;FINANCIAL;-;-;-;-;-;-;-;-;-;468,549;-;-;-;-;-;-;-
DOLM27C005200;BRBMEFDM04H3;FINANCIAL;-;-;-;-;-;-;-;-;-;439,445;-;-;-;-;-;-;-
DOLM27C005250;BRBMEFDM04I1;FINANCIAL;-;-;-;-;-;-;-;-;-;411,602;-;-;-;-;-;-;-
DOLM27C005300;BRBMEFDM04J9;FINANCIAL;-;-;-;-;-;-;-;-;-;385,03;-;-;-;-;-;-;-
DOLM27C005350;BRBMEFDM04K7;FINANCIAL;-;-;-;-;-;-;-;-;-;359,727;-;-;-;-;-;-;-
DOLM27C005400;BRBMEFDM04L5;FINANCIAL;-;-;-;-;-;-;-;-;-;336,772;-;-;-;-;-;-;-
DOLM27C005450;BRBMEFDM04M3;FINANCIAL;-;-;-;-;-;-;-;-;-;315,287;-;-;-;-;-;-;-
DOLM27C005500;BRBMEFDM04N1;FINANCIAL;-;-;-;-;-;-;-;-;-;295,243;-;-;-;-;-;-;-
DOLM27P004900;BRBMEFPV04B1;FINANCIAL;-;-;-;-;-;-;-;-;-;51,705;-;-;-;-;-;-;-
DOLM27P004950;BRBMEFPV04C9;FINANCIAL;-;-;-;-;-;-;-;-;-;60,774;-;-;-;-;-;-;-
DOLM27P005000;BRBMEFPV04D7;FINANCIAL;-;-;-;-;-;-;-;-;-;71,04;-;-;-;-;-;-;-
DOLM27P005050;BRBMEFPV04E5;FINANCIAL;-;-;-;-;-;-;-;-;-;82,44;-;-;-;-;-;-;-
DOLM27P005100;BRBMEFPV04F2;FINANCIAL;-;-;-;-;-;-;-;-;-;95,015;-;-;-;-;-;-;-
DOLM27P005150;BRBMEFPV04G0;FINANCIAL;-;-;-;-;-;-;-;-;-;108,797;-;-;-;-;-;-;-
DOLM27P005200;BRBMEFPV04H8;FINANCIAL;-;-;-;-;-;-;-;-;-;123,972;-;-;-;-;-;-;-
DOLM27P005250;BRBMEFPV04I6;FINANCIAL;-;-;-;-;-;-;-;-;-;140,409;-;-;-;-;-;-;-
DOLM27P005300;BRBMEFPV04J4;FINANCIAL;-;-;-;-;-;-;-;-;-;158,115;-;-;-;-;-;-;-
DOLM27P005350;BRBMEFPV04K2;FINANCIAL;-;-;-;-;-;-;-;-;-;177,092;-;-;-;-;-;-;-
DOLM27P005400;BRBMEFPV04L0;FINANCIAL;-;-;-;-;-;-;-;-;-;198,416;-;-;-;-;-;-;-
DOLM27P005450;BRBMEFPV04M8;FINANCIAL;-;-;-;-;-;-;-;-;-;221,21;-;-;-;-;-;-;-
DOLM27P005500;BRBMEFPV04N6;FINANCIAL;-;-;-;-;-;-;-;-;-;245,446;-;-;-;-;-;-;-
DOLQ26C004625;BRBMEFDA04E5;FINANCIAL;-;-;-;-;-;-;-;-;-;580,413;-;-;-;-;-;-;-
DOLQ26C004675;BRBMEFDA04F2;FINANCIAL;-;-;-;-;-;-;-;-;-;531,099;-;-;-;-;-;-;-
DOLQ26C004700;BRBMEFDA04G0;FINANCIAL;-;-;-;-;-;-;-;-;-;506,448;-;-;-;-;-;-;-
DOLQ26C004725;BRBMEFDA04H8;FINANCIAL;-;-;-;-;-;-;-;-;-;481,805;-;-;-;-;-;-;-
DOLQ26C004750;BRBMEFDA04I6;FINANCIAL;-;-;-;-;-;-;-;-;-;457,176;-;-;-;-;-;-;-
DOLQ26C004775;BRBMEFDA04J4;FINANCIAL;-;-;-;-;-;-;-;-;-;432,569;-;-;-;-;-;-;-
DOLQ26C004800;BRBMEFDA04K2;FINANCIAL;-;-;-;-;-;-;-;-;-;407,998;-;-;-;-;-;-;-
DOLQ26C004825;BRBMEFDA04L0;FINANCIAL;-;-;-;-;-;-;-;-;-;383,483;-;-;-;-;-;-;-
DOLQ26C004850;BRBMEFDA04M8;FINANCIAL;-;-;-;-;-;-;-;-;-;359,051;-;-;-;-;-;-;-
DOLQ26C004875;BRBMEFDA04N6;FINANCIAL;-;-;-;-;-;-;-;-;-;334,741;-;-;-;-;-;-;-
DOLQ26C004900;BRBMEFDA04O4;FINANCIAL;-;-;-;-;-;-;-;-;-;310,604;-;-;-;-;-;-;-
DOLQ26C004925;BRBMEFDA04P1;FINANCIAL;-;-;-;-;-;-;-;-;-;286,707;-;-;-;-;-;-;-
DOLQ26C004975;BRBMEFDA04Q9;FINANCIAL;-;-;-;-;-;-;-;-;-;239,975;-;-;-;-;-;-;-
DOLQ26C005025;BRBMEFDA04R7;FINANCIAL;-;-;-;-;-;-;-;-;-;195,526;-;-;-;-;-;-;-
DOLQ26C005075;BRBMEFDA04S5;FINANCIAL;-;-;-;-;-;-;-;-;-;154,793;-;-;-;-;-;-;-
DOLQ26C005125;BRBMEFDA04T3;FINANCIAL;-;-;-;-;-;-;-;-;-;119,288;-;-;-;-;-;-;-
DOLQ26C005175;BRBMEFDA04U1;FINANCIAL;-;-;-;-;-;-;-;-;-;90,675;-;-;-;-;-;-;-
DOLQ26C005225;BRBMEFDA04V9;FINANCIAL;-;-;-;-;-;-;-;-;-;68,894;-;-;-;-;-;-;-
DOLQ26C005275;BRBMEFDA04W7;FINANCIAL;-;-;-;-;-;-;-;-;-;51,494;-;-;-;-;-;-;-
DOLQ26C005325;BRBMEFDA04X5;FINANCIAL;-;-;-;-;-;-;-;-;-;39,236;-;-;-;-;-;-;-
DOLQ26C005375;BRBMEFDA04Y3;FINANCIAL;-;-;-;-;-;-;-;-;-;30,159;-;-;-;-;-;-;-
DOLQ26C005425;BRBMEFDA04Z0;FINANCIAL;-;-;-;-;-;-;-;-;-;22,339;-;-;-;-;-;-;-
DOLQ26C005475;BRBMEFDA0502;FINANCIAL;-;-;-;-;-;-;-;-;-;16,586;-;-;-;-;-;-;-
DOLQ26P004625;BRBMEFVA04A5;FINANCIAL;-;-;-;-;-;-;-;-;-;0,003;-;-;-;-;-;-;-
DOLQ26P004675;BRBMEFVA04B3;FINANCIAL;-;-;-;-;-;-;-;-;-;0,011;-;-;-;-;-;-;-
DOLQ26P004700;BRBMEFVA04C1;FINANCIAL;-;-;-;-;-;-;-;-;-;0,021;-;-;-;-;-;-;-
DOLQ26P004725;BRBMEFVA04D9;FINANCIAL;-;-;-;-;-;-;-;-;-;0,039;-;-;-;-;-;-;-
DOLQ26P004750;BRBMEFVA04E7;FINANCIAL;-;-;-;-;-;-;-;-;-;0,07;-;-;-;-;-;-;-
DOLQ26P004775;BRBMEFVA04F4;FINANCIAL;-;-;-;-;-;-;-;-;-;0,124;-;-;-;-;-;-;-
DOLQ26P004800;BRBMEFVA04G2;FINANCIAL;-;-;-;-;-;-;-;-;-;0,214;-;-;-;-;-;-;-
DOLQ26P004825;BRBMEFVA04H0;FINANCIAL;-;-;-;-;-;-;-;-;-;0,36;-;-;-;-;-;-;-
DOLQ26P004850;BRBMEFVA04I8;FINANCIAL;-;-;-;-;-;-;-;-;-;0,589;-;-;-;-;-;-;-
DOLQ26P004875;BRBMEFVA04J6;FINANCIAL;-;-;-;-;-;-;-;-;-;0,94;-;-;-;-;-;-;-
DOLQ26P004900;BRBMEFVA04K4;FINANCIAL;-;-;-;-;-;-;-;-;-;1,464;-;-;-;-;-;-;-
DOLQ26P004925;BRBMEFVA04L2;FINANCIAL;-;-;-;-;-;-;-;-;-;2,227;-;-;-;-;-;-;-
DOLQ26P004975;BRBMEFVA04M0;FINANCIAL;-;-;-;-;-;-;-;-;-;4,817;-;-;-;-;-;-;-
DOLQ26P005025;BRBMEFVA04N8;FINANCIAL;-;-;-;-;-;-;-;-;-;9,69;-;-;-;-;-;-;-
DOLQ26P005075;BRBMEFVA04O6;FINANCIAL;-;-;-;-;-;-;-;-;-;18,279;-;-;-;-;-;-;-
DOLQ26P005125;BRBMEFVA04P3;FINANCIAL;-;-;-;-;-;-;-;-;-;32,096;-;-;-;-;-;-;-
DOLQ26P005175;BRBMEFVA04Q1;FINANCIAL;-;-;-;-;-;-;-;-;-;52,804;-;-;-;-;-;-;-
DOLQ26P005225;BRBMEFVA04R9;FINANCIAL;-;-;-;-;-;-;-;-;-;80,345;-;-;-;-;-;-;-
DOLQ26P005275;BRBMEFVA04S7;FINANCIAL;-;-;-;-;-;-;-;-;-;112,267;-;-;-;-;-;-;-
DOLQ26P005325;BRBMEFVA04T5;FINANCIAL;-;-;-;-;-;-;-;-;-;149,331;-;-;-;-;-;-;-
DOLQ26P005375;BRBMEFVA04U3;FINANCIAL;-;-;-;-;-;-;-;-;-;189,576;-;-;-;-;-;-;-
DOLQ26P005425;BRBMEFVA04V1;FINANCIAL;-;-;-;-;-;-;-;-;-;231,077;-;-;-;-;-;-;-
DOLQ26P005475;BRBMEFVA04W9;FINANCIAL;-;-;-;-;-;-;-;-;-;274,646;-;-;-;-;-;-;-
DOLH27C006000;BRBMEFPC0290;FINANCIAL;-;-;-;-;-;-;-;-;-;101,727;-;-;-;-;-;-;-
DOLH27P006000;BRBMEFOP02F1;FINANCIAL;-;-;-;-;-;-;-;-;-;605,62;-;-;-;-;-;-;-
DOLM27C005600;BRBMEFDM04O9;FINANCIAL;-;-;-;-;-;-;-;-;-;258,561;-;-;-;-;-;-;-
DOLM27P005600;BRBMEFPV04O4;FINANCIAL;-;-;-;-;-;-;-;-;-;297,322;-;-;-;-;-;-;-
WDOV26C005700;BRBMEF0W07U9;FINANCIAL;-;-;-;-;-;-;-;-;-;35,346;-;-;-;-;-;-;-
WDOV26C006500;BRBMEF0W07V7;FINANCIAL;-;-;-;-;-;-;-;-;-;1,651;-;-;-;-;-;-;-
WDOV26P005700;BRBMEF2007U0;FINANCIAL;-;-;-;-;-;-;-;-;-;435,505;-;-;-;-;-;-;-
WDOV26P006500;BRBMEF2007V8;FINANCIAL;-;-;-;-;-;-;-;-;-;1173,924;-;-;-;-;-;-;-
WDOQ26C006000;BRBMEF080964;FINANCIAL;-;-;-;-;-;-;-;-;-;0,217;-;-;-;-;-;-;-
WDOQ26P006000;BRBMEF280960;FINANCIAL;-;-;-;-;-;-;-;-;-;776,156;-;-;-;-;-;-;-
WDOV26C005900;BRBMEF0W08J0;FINANCIAL;-;-;-;-;-;-;-;-;-;19,058;-;-;-;-;-;-;-
WDOV26C006000;BRBMEF0W08K8;FINANCIAL;-;-;-;-;-;-;-;-;-;13,258;-;-;-;-;-;-;-
WDOV26C006100;BRBMEF0W08L6;FINANCIAL;-;-;-;-;-;-;-;-;-;9,235;-;-;-;-;-;-;-
WDOV26P005900;BRBMEF2008J1;FINANCIAL;-;-;-;-;-;-;-;-;-;612,246;-;-;-;-;-;-;-
WDOV26P006000;BRBMEF2008K9;FINANCIAL;-;-;-;-;-;-;-;-;-;702,96;-;-;-;-;-;-;-
WDOV26P006100;BRBMEF2008L7;FINANCIAL;-;-;-;-;-;-;-;-;-;795,451;-;-;-;-;-;-;-
WDOZ26C005400;BRBMEF0Z0850;FINANCIAL;-;-;-;-;-;-;-;-;-;171,182;-;-;-;-;-;-;-
WDOZ26P005400;BRBMEF2Z0858;FINANCIAL;-;-;-;-;-;-;-;-;-;218,776;-;-;-;-;-;-;-
WDOJ27C006100;BRBMEF0409Q8;FINANCIAL;-;-;-;-;-;-;-;-;-;104,841;-;-;-;-;-;-;-
WDOJ27P006100;BRBMEF9409Q9;FINANCIAL;-;-;-;-;-;-;-;-;-;658,397;-;-;-;-;-;-;-
WDOQ26C005100;BRBMEF080972;FINANCIAL;-;-;-;-;-;-;-;-;-;136,12;-;-;-;-;-;-;-
WDOQ26P005100;BRBMEF280978;FINANCIAL;-;-;-;-;-;-;-;-;-;24,266;-;-;-;-;-;-;-
WDOJ27C005950;BRBMEF040AF7;FINANCIAL;-;-;-;-;-;-;-;-;-;128,996;-;-;-;-;-;-;-
WDOJ27P005950;BRBMEF940AF8;FINANCIAL;-;-;-;-;-;-;-;-;-;546,798;-;-;-;-;-;-;-
WDOJ27C006450;BRBMEF040AG5;FINANCIAL;-;-;-;-;-;-;-;-;-;62,239;-;-;-;-;-;-;-
WDOJ27P006450;BRBMEF940AG6;FINANCIAL;-;-;-;-;-;-;-;-;-;932,555;-;-;-;-;-;-;-
WDON26C005100;BRBMEF0708Z4;FINANCIAL;-;-;-;-;-;-;-;-;-;74,849;-;-;-;-;-;-;-
WDON26C005125;BRBMEF070908;FINANCIAL;-;-;-;-;-;-;-;-;-;52,199;-;-;-;-;-;-;-
WDON26C005150;BRBMEF070916;FINANCIAL;-;-;-;-;-;-;-;-;-;32,932;-;-;-;-;-;-;-
WDON26C005175;BRBMEF070924;FINANCIAL;-;-;-;-;-;-;-;-;-;19,079;-;-;-;-;-;-;-
WDON26C005200;BRBMEF070932;FINANCIAL;-;-;-;-;-;-;-;-;-;10,578;-;-;-;-;-;-;-
WDON26C005225;BRBMEF070940;FINANCIAL;-;-;-;-;-;-;-;-;-;5,719;-;-;-;-;-;-;-
WDON26C005250;BRBMEF070957;FINANCIAL;-;-;-;-;-;-;-;-;-;3,048;-;-;-;-;-;-;-
WDON26C005275;BRBMEF070965;FINANCIAL;-;-;-;-;-;-;-;-;-;1,647;-;-;-;-;-;-;-
WDON26C005300;BRBMEF070973;FINANCIAL;-;-;-;-;-;-;-;-;-;0,829;-;-;-;-;-;-;-
WDON26C005325;BRBMEF070981;FINANCIAL;-;-;-;-;-;-;-;-;-;0,396;-;-;-;-;-;-;-
WDON26C005350;BRBMEF070999;FINANCIAL;-;-;-;-;-;-;-;-;-;0,172;-;-;-;-;-;-;-
WDON26C005375;BRBMEF0709A5;FINANCIAL;-;-;-;-;-;-;-;-;-;0,058;-;-;-;-;-;-;-
WDON26C005400;BRBMEF0709B3;FINANCIAL;-;-;-;-;-;-;-;-;-;0,018;-;-;-;-;-;-;-
WDON26C005425;BRBMEF0709C1;FINANCIAL;-;-;-;-;-;-;-;-;-;0,005;-;-;-;-;-;-;-
WDON26C005450;BRBMEF0709D9;FINANCIAL;-;-;-;-;-;-;-;-;-;0,001;-;-;-;-;-;-;-
WDON26C005475;BRBMEF0709E7;FINANCIAL;-;-;-;-;-;-;-;-;-;0,001;-;-;-;-;-;-;-
WDON26C005500;BRBMEF0709F4;FINANCIAL;-;-;-;-;-;-;-;-;-;0,001;-;-;-;-;-;-;-
WDON26P005100;BRBMEF2708Z2;FINANCIAL;-;-;-;-;-;-;-;-;-;1,265;-;-;-;-;-;-;-
WDON26P005125;BRBMEF270904;FINANCIAL;-;-;-;-;-;-;-;-;-;3,575;-;-;-;-;-;-;-
WDON26P005150;BRBMEF270912;FINANCIAL;-;-;-;-;-;-;-;-;-;9,269;-;-;-;-;-;-;-
WDON26P005175;BRBMEF270920;FINANCIAL;-;-;-;-;-;-;-;-;-;20,377;-;-;-;-;-;-;-
WDON26P005200;BRBMEF270938;FINANCIAL;-;-;-;-;-;-;-;-;-;36,837;-;-;-;-;-;-;-
WDON26P005225;BRBMEF270946;FINANCIAL;-;-;-;-;-;-;-;-;-;56,938;-;-;-;-;-;-;-
WDON26P005250;BRBMEF270953;FINANCIAL;-;-;-;-;-;-;-;-;-;79,227;-;-;-;-;-;-;-
WDON26P005275;BRBMEF270961;FINANCIAL;-;-;-;-;-;-;-;-;-;102,787;-;-;-;-;-;-;-
WDON26P005300;BRBMEF270979;FINANCIAL;-;-;-;-;-;-;-;-;-;126,93;-;-;-;-;-;-;-
WDON26P005325;BRBMEF270987;FINANCIAL;-;-;-;-;-;-;-;-;-;151,458;-;-;-;-;-;-;-
WDON26P005350;BRBMEF270995;FINANCIAL;-;-;-;-;-;-;-;-;-;176,194;-;-;-;-;-;-;-
WDON26P005375;BRBMEF2709A3;FINANCIAL;-;-;-;-;-;-;-;-;-;201,041;-;-;-;-;-;-;-
WDON26P005400;BRBMEF2709B1;FINANCIAL;-;-;-;-;-;-;-;-;-;225,961;-;-;-;-;-;-;-
WDON26P005425;BRBMEF2709C9;FINANCIAL;-;-;-;-;-;-;-;-;-;250,909;-;-;-;-;-;-;-
WDON26P005450;BRBMEF2709D7;FINANCIAL;-;-;-;-;-;-;-;-;-;275,866;-;-;-;-;-;-;-
WDON26P005475;BRBMEF2709E5;FINANCIAL;-;-;-;-;-;-;-;-;-;300,826;-;-;-;-;-;-;-
WDON26P005500;BRBMEF2709F2;FINANCIAL;-;-;-;-;-;-;-;-;-;325,786;-;-;-;-;-;-;-
WDON26C004900;BRBMEF0709G2;FINANCIAL;-;-;-;-;-;-;-;-;-;273,269;-;-;-;-;-;-;-
WDON26C004925;BRBMEF0709H0;FINANCIAL;-;-;-;-;-;-;-;-;-;248,308;-;-;-;-;-;-;-
WDON26C004950;BRBMEF0709I8;FINANCIAL;-;-;-;-;-;-;-;-;-;223,348;-;-;-;-;-;-;-
WDON26C004975;BRBMEF0709J6;FINANCIAL;-;-;-;-;-;-;-;-;-;198,388;-;-;-;-;-;-;-
WDON26C005000;BRBMEF0709K4;FINANCIAL;-;-;-;-;-;-;-;-;-;173,429;-;-;-;-;-;-;-
WDON26C005025;BRBMEF0709L2;FINANCIAL;-;-;-;-;-;-;-;-;-;148,485;-;-;-;-;-;-;-
WDON26C005050;BRBMEF0709M0;FINANCIAL;-;-;-;-;-;-;-;-;-;123,609;-;-;-;-;-;-;-
WDON26C005075;BRBMEF0709N8;FINANCIAL;-;-;-;-;-;-;-;-;-;98,946;-;-;-;-;-;-;-
WDON26P004900;BRBMEF2709G0;FINANCIAL;-;-;-;-;-;-;-;-;-;0,001;-;-;-;-;-;-;-
WDON26P004925;BRBMEF2709H8;FINANCIAL;-;-;-;-;-;-;-;-;-;0,001;-;-;-;-;-;-;-
WDON26P004950;BRBMEF2709I6;FINANCIAL;-;-;-;-;-;-;-;-;-;0,001;-;-;-;-;-;-;-
WDON26P004975;BRBMEF2709J4;FINANCIAL;-;-;-;-;-;-;-;-;-;0,001;-;-;-;-;-;-;-
WDON26P005000;BRBMEF2709K2;FINANCIAL;-;-;-;-;-;-;-;-;-;0,003;-;-;-;-;-;-;-
WDON26P005025;BRBMEF2709L0;FINANCIAL;-;-;-;-;-;-;-;-;-;0,019;-;-;-;-;-;-;-
WDON26P005050;BRBMEF2709M8;FINANCIAL;-;-;-;-;-;-;-;-;-;0,104;-;-;-;-;-;-;-
WDON26P005075;BRBMEF2709N6;FINANCIAL;-;-;-;-;-;-;-;-;-;0,401;-;-;-;-;-;-;-
WDON26C005525;BRBMEF0709O6;FINANCIAL;-;-;-;-;-;-;-;-;-;0,001;-;-;-;-;-;-;-
WDON26C005550;BRBMEF0709P3;FINANCIAL;-;-;-;-;-;-;-;-;-;0,001;-;-;-;-;-;-;-
WDON26C005575;BRBMEF0709Q1;FINANCIAL;-;-;-;-;-;-;-;-;-;0,001;-;-;-;-;-;-;-
WDON26C005600;BRBMEF0709R9;FINANCIAL;-;-;-;-;-;-;-;-;-;0,001;-;-;-;-;-;-;-
WDON26P005525;BRBMEF2709O4;FINANCIAL;-;-;-;-;-;-;-;-;-;350,747;-;-;-;-;-;-;-
WDON26P005550;BRBMEF2709P1;FINANCIAL;-;-;-;-;-;-;-;-;-;375,707;-;-;-;-;-;-;-
WDON26P005575;BRBMEF2709Q9;FINANCIAL;-;-;-;-;-;-;-;-;-;400,668;-;-;-;-;-;-;-
WDON26P005600;BRBMEF2709R7;FINANCIAL;-;-;-;-;-;-;-;-;-;425,629;-;-;-;-;-;-;-
WDOX26C005250;BRBMEF0Y07R1;FINANCIAL;-;-;-;-;-;-;-;-;-;194,376;-;-;-;-;-;-;-
WDOX26P005250;BRBMEF2Y07R7;FINANCIAL;-;-;-;-;-;-;-;-;-;129,318;-;-;-;-;-;-;-
WDOQ26C005350;BRBMEF0809L0;FINANCIAL;-;-;-;-;-;-;-;-;-;34,444;-;-;-;-;-;-;-
WDOQ26C005375;BRBMEF0809M8;FINANCIAL;-;-;-;-;-;-;-;-;-;30,159;-;-;-;-;-;-;-
WDOQ26C005400;BRBMEF0809N6;FINANCIAL;-;-;-;-;-;-;-;-;-;25,935;-;-;-;-;-;-;-
WDOQ26C005425;BRBMEF0809O4;FINANCIAL;-;-;-;-;-;-;-;-;-;22,339;-;-;-;-;-;-;-
WDOQ26C005450;BRBMEF0809P1;FINANCIAL;-;-;-;-;-;-;-;-;-;19,245;-;-;-;-;-;-;-
WDOQ26C005475;BRBMEF0809Q9;FINANCIAL;-;-;-;-;-;-;-;-;-;16,586;-;-;-;-;-;-;-
WDOQ26C005500;BRBMEF0809R7;FINANCIAL;-;-;-;-;-;-;-;-;-;14,338;-;-;-;-;-;-;-
WDOQ26C005525;BRBMEF0809S5;FINANCIAL;-;-;-;-;-;-;-;-;-;12,409;-;-;-;-;-;-;-
WDOQ26C005550;BRBMEF0809T3;FINANCIAL;-;-;-;-;-;-;-;-;-;10,697;-;-;-;-;-;-;-
WDOQ26C005575;BRBMEF0809U1;FINANCIAL;-;-;-;-;-;-;-;-;-;9,002;-;-;-;-;-;-;-
WDOQ26C005600;BRBMEF0809V9;FINANCIAL;-;-;-;-;-;-;-;-;-;7,588;-;-;-;-;-;-;-
WDOQ26P005000;BRBMEF280986;FINANCIAL;-;-;-;-;-;-;-;-;-;6,857;-;-;-;-;-;-;-
WDOQ26P005025;BRBMEF280994;FINANCIAL;-;-;-;-;-;-;-;-;-;9,69;-;-;-;-;-;-;-
WDOQ26P005050;BRBMEF2809A1;FINANCIAL;-;-;-;-;-;-;-;-;-;13,492;-;-;-;-;-;-;-
WDOQ26P005075;BRBMEF2809B9;FINANCIAL;-;-;-;-;-;-;-;-;-;18,279;-;-;-;-;-;-;-
WDOQ26P005125;BRBMEF2809C7;FINANCIAL;-;-;-;-;-;-;-;-;-;32,096;-;-;-;-;-;-;-
WDOQ26P005150;BRBMEF2809D5;FINANCIAL;-;-;-;-;-;-;-;-;-;41,49;-;-;-;-;-;-;-
WDOQ26P005175;BRBMEF2809E3;FINANCIAL;-;-;-;-;-;-;-;-;-;52,804;-;-;-;-;-;-;-
WDOQ26P005200;BRBMEF2809F0;FINANCIAL;-;-;-;-;-;-;-;-;-;65,914;-;-;-;-;-;-;-
WDOQ26P005225;BRBMEF2809G8;FINANCIAL;-;-;-;-;-;-;-;-;-;80,345;-;-;-;-;-;-;-
WDOQ26P005250;BRBMEF2809H6;FINANCIAL;-;-;-;-;-;-;-;-;-;95,723;-;-;-;-;-;-;-
WDOQ26P005275;BRBMEF2809I4;FINANCIAL;-;-;-;-;-;-;-;-;-;112,267;-;-;-;-;-;-;-
WDOQ26P005300;BRBMEF2809J2;FINANCIAL;-;-;-;-;-;-;-;-;-;130,23;-;-;-;-;-;-;-
WDOQ26P005325;BRBMEF2809K0;FINANCIAL;-;-;-;-;-;-;-;-;-;149,331;-;-;-;-;-;-;-
WDOQ26P005350;BRBMEF2809L8;FINANCIAL;-;-;-;-;-;-;-;-;-;169,2;-;-;-;-;-;-;-
WDOQ26P005375;BRBMEF2809M6;FINANCIAL;-;-;-;-;-;-;-;-;-;189,576;-;-;-;-;-;-;-
WDOQ26P005400;BRBMEF2809N4;FINANCIAL;-;-;-;-;-;-;-;-;-;210,013;-;-;-;-;-;-;-
WDOQ26C005000;BRBMEF080980;FINANCIAL;-;-;-;-;-;-;-;-;-;217,353;-;-;-;-;-;-;-
WDOQ26C005025;BRBMEF080998;FINANCIAL;-;-;-;-;-;-;-;-;-;195,526;-;-;-;-;-;-;-
WDOQ26C005050;BRBMEF0809A3;FINANCIAL;-;-;-;-;-;-;-;-;-;174,667;-;-;-;-;-;-;-
WDOQ26C005075;BRBMEF0809B1;FINANCIAL;-;-;-;-;-;-;-;-;-;154,793;-;-;-;-;-;-;-
WDOQ26C005125;BRBMEF0809C9;FINANCIAL;-;-;-;-;-;-;-;-;-;119,288;-;-;-;-;-;-;-
WDOQ26C005150;BRBMEF0809D7;FINANCIAL;-;-;-;-;-;-;-;-;-;104,021;-;-;-;-;-;-;-
WDOQ26C005175;BRBMEF0809E5;FINANCIAL;-;-;-;-;-;-;-;-;-;90,675;-;-;-;-;-;-;-
WDOQ26C005200;BRBMEF0809F2;FINANCIAL;-;-;-;-;-;-;-;-;-;79,124;-;-;-;-;-;-;-
WDOQ26C005225;BRBMEF0809G0;FINANCIAL;-;-;-;-;-;-;-;-;-;68,894;-;-;-;-;-;-;-
WDOQ26C005250;BRBMEF0809H8;FINANCIAL;-;-;-;-;-;-;-;-;-;59,611;-;-;-;-;-;-;-
WDOQ26C005275;BRBMEF0809I6;FINANCIAL;-;-;-;-;-;-;-;-;-;51,494;-;-;-;-;-;-;-
WDOQ26C005300;BRBMEF0809J4;FINANCIAL;-;-;-;-;-;-;-;-;-;44,796;-;-;-;-;-;-;-
WDOQ26C005325;BRBMEF0809K2;FINANCIAL;-;-;-;-;-;-;-;-;-;39,236;-;-;-;-;-;-;-
WDOQ26P005425;BRBMEF2809O2;FINANCIAL;-;-;-;-;-;-;-;-;-;231,077;-;-;-;-;-;-;-
WDOQ26P005450;BRBMEF2809P9;FINANCIAL;-;-;-;-;-;-;-;-;-;252,644;-;-;-;-;-;-;-
WDOQ26P005475;BRBMEF2809Q7;FINANCIAL;-;-;-;-;-;-;-;-;-;274,646;-;-;-;-;-;-;-
WDOQ26P005500;BRBMEF2809R5;FINANCIAL;-;-;-;-;-;-;-;-;-;297,059;-;-;-;-;-;-;-
WDOQ26P005525;BRBMEF2809S3;FINANCIAL;-;-;-;-;-;-;-;-;-;319,791;-;-;-;-;-;-;-
WDOQ26P005550;BRBMEF2809T1;FINANCIAL;-;-;-;-;-;-;-;-;-;342,739;-;-;-;-;-;-;-
WDOQ26P005575;BRBMEF2809U9;FINANCIAL;-;-;-;-;-;-;-;-;-;365,706;-;-;-;-;-;-;-
WDOQ26P005600;BRBMEF2809V7;FINANCIAL;-;-;-;-;-;-;-;-;-;388,952;-;-;-;-;-;-;-
WDOU26C005100;BRBMEF0908R7;FINANCIAL;-;-;-;-;-;-;-;-;-;183,057;-;-;-;-;-;-;-
WDOU26C005125;BRBMEF0908S5;FINANCIAL;-;-;-;-;-;-;-;-;-;167,092;-;-;-;-;-;-;-
WDOU26C005150;BRBMEF0908T3;FINANCIAL;-;-;-;-;-;-;-;-;-;152,27;-;-;-;-;-;-;-
WDOU26C005175;BRBMEF0908U1;FINANCIAL;-;-;-;-;-;-;-;-;-;138,512;-;-;-;-;-;-;-
WDOU26C005200;BRBMEF0908V9;FINANCIAL;-;-;-;-;-;-;-;-;-;125,54;-;-;-;-;-;-;-
WDOU26C005225;BRBMEF0908W7;FINANCIAL;-;-;-;-;-;-;-;-;-;113,659;-;-;-;-;-;-;-
WDOU26C005250;BRBMEF0908X5;FINANCIAL;-;-;-;-;-;-;-;-;-;102,748;-;-;-;-;-;-;-
WDOU26C005275;BRBMEF0908Y3;FINANCIAL;-;-;-;-;-;-;-;-;-;92,85;-;-;-;-;-;-;-
WDOU26C005300;BRBMEF0908Z0;FINANCIAL;-;-;-;-;-;-;-;-;-;84,002;-;-;-;-;-;-;-
WDOU26C005325;BRBMEF090906;FINANCIAL;-;-;-;-;-;-;-;-;-;75,884;-;-;-;-;-;-;-
WDOU26C005350;BRBMEF090914;FINANCIAL;-;-;-;-;-;-;-;-;-;68,608;-;-;-;-;-;-;-
WDOU26C005375;BRBMEF090922;FINANCIAL;-;-;-;-;-;-;-;-;-;62,436;-;-;-;-;-;-;-
WDOU26C005400;BRBMEF090930;FINANCIAL;-;-;-;-;-;-;-;-;-;56,956;-;-;-;-;-;-;-
WDOU26C005425;BRBMEF090948;FINANCIAL;-;-;-;-;-;-;-;-;-;52,023;-;-;-;-;-;-;-
WDOU26C005450;BRBMEF090955;FINANCIAL;-;-;-;-;-;-;-;-;-;47,657;-;-;-;-;-;-;-
WDOU26C005475;BRBMEF090963;FINANCIAL;-;-;-;-;-;-;-;-;-;43,659;-;-;-;-;-;-;-
WDOU26C005500;BRBMEF090971;FINANCIAL;-;-;-;-;-;-;-;-;-;39,389;-;-;-;-;-;-;-
WDOU26C005525;BRBMEF090989;FINANCIAL;-;-;-;-;-;-;-;-;-;35,539;-;-;-;-;-;-;-
WDOU26C005550;BRBMEF090997;FINANCIAL;-;-;-;-;-;-;-;-;-;32,069;-;-;-;-;-;-;-
WDOU26C005575;BRBMEF0909A1;FINANCIAL;-;-;-;-;-;-;-;-;-;28,946;-;-;-;-;-;-;-
WDOU26C005600;BRBMEF0909B9;FINANCIAL;-;-;-;-;-;-;-;-;-;26,189;-;-;-;-;-;-;-
WDOU26P005100;BRBMEF2908R5;FINANCIAL;-;-;-;-;-;-;-;-;-;36,989;-;-;-;-;-;-;-
WDOU26P005125;BRBMEF2908S3;FINANCIAL;-;-;-;-;-;-;-;-;-;45,417;-;-;-;-;-;-;-
WDOU26P005150;BRBMEF2908T1;FINANCIAL;-;-;-;-;-;-;-;-;-;54,988;-;-;-;-;-;-;-
WDOU26P005175;BRBMEF2908U9;FINANCIAL;-;-;-;-;-;-;-;-;-;65,624;-;-;-;-;-;-;-
WDOU26P005200;BRBMEF2908V7;FINANCIAL;-;-;-;-;-;-;-;-;-;77,044;-;-;-;-;-;-;-
WDOU26P005225;BRBMEF2908W5;FINANCIAL;-;-;-;-;-;-;-;-;-;89,556;-;-;-;-;-;-;-
WDOU26P005250;BRBMEF2908X3;FINANCIAL;-;-;-;-;-;-;-;-;-;103,038;-;-;-;-;-;-;-
WDOU26P005275;BRBMEF2908Y1;FINANCIAL;-;-;-;-;-;-;-;-;-;117,533;-;-;-;-;-;-;-
WDOU26P005300;BRBMEF2908Z8;FINANCIAL;-;-;-;-;-;-;-;-;-;133,078;-;-;-;-;-;-;-
WDOU26P005325;BRBMEF290902;FINANCIAL;-;-;-;-;-;-;-;-;-;149,352;-;-;-;-;-;-;-
WDOU26P005350;BRBMEF290910;FINANCIAL;-;-;-;-;-;-;-;-;-;166,47;-;-;-;-;-;-;-
WDOU26P005375;BRBMEF290928;FINANCIAL;-;-;-;-;-;-;-;-;-;184,691;-;-;-;-;-;-;-
WDOU26P005400;BRBMEF290936;FINANCIAL;-;-;-;-;-;-;-;-;-;203,603;-;-;-;-;-;-;-
WDOU26P005425;BRBMEF290944;FINANCIAL;-;-;-;-;-;-;-;-;-;223,063;-;-;-;-;-;-;-
WDOU26P005450;BRBMEF290951;FINANCIAL;-;-;-;-;-;-;-;-;-;243,091;-;-;-;-;-;-;-
WDOU26P005475;BRBMEF290969;FINANCIAL;-;-;-;-;-;-;-;-;-;263,485;-;-;-;-;-;-;-
WDOU26P005500;BRBMEF290977;FINANCIAL;-;-;-;-;-;-;-;-;-;283,608;-;-;-;-;-;-;-
WDOU26P005525;BRBMEF290985;FINANCIAL;-;-;-;-;-;-;-;-;-;304,15;-;-;-;-;-;-;-
WDOU26P005550;BRBMEF290993;FINANCIAL;-;-;-;-;-;-;-;-;-;325,074;-;-;-;-;-;-;-
WDOU26P005575;BRBMEF2909A9;FINANCIAL;-;-;-;-;-;-;-;-;-;346,344;-;-;-;-;-;-;-
WDOU26P005600;BRBMEF2909B7;FINANCIAL;-;-;-;-;-;-;-;-;-;367,98;-;-;-;-;-;-;-
WDOQ26C004950;BRBMEF0809W7;FINANCIAL;-;-;-;-;-;-;-;-;-;263,131;-;-;-;-;-;-;-
WDOQ26P004950;BRBMEF2809W5;FINANCIAL;-;-;-;-;-;-;-;-;-;3,312;-;-;-;-;-;-;-
ISPZ26C004200;BRBMEFCSIYR0;FINANCIAL;-;-;-;-;-;-;-;-;-;3073,69;-;-;-;-;-;-;-
ISPZ26C005000;BRBMEFCSIYS8;FINANCIAL;-;-;-;-;-;-;-;-;-;2337,99;-;-;-;-;-;-;-
ISPZ26C005500;BRBMEFCSIYT6;FINANCIAL;-;-;-;-;-;-;-;-;-;1893,29;-;-;-;-;-;-;-
ISPZ26P004200;BRBMEFVSIYR0;FINANCIAL;-;-;-;-;-;-;-;-;-;1,62;-;-;-;-;-;-;-
ISPZ26P005000;BRBMEFVSIYS8;FINANCIAL;-;-;-;-;-;-;-;-;-;16,97;-;-;-;-;-;-;-
ISPZ26P005500;BRBMEFVSIYT6;FINANCIAL;-;-;-;-;-;-;-;-;-;41,69;-;-;-;-;-;-;-
ISPZ26C006300;BRBMEFCSIZ31;FINANCIAL;-;-;-;-;-;-;-;-;-;1192,27;-;-;-;-;-;-;-
ISPZ26P006300;BRBMEFVSIZ38;FINANCIAL;-;-;-;-;-;-;-;-;-;91,73;-;-;-;-;-;-;-
ISPZ26C005200;BRBMEFCSN0H5;FINANCIAL;-;-;-;-;-;-;-;-;-;2160,08;-;-;-;-;-;-;-
ISPZ26C005300;BRBMEFCSN0I3;FINANCIAL;-;-;-;-;-;-;-;-;-;2072,59;-;-;-;-;-;-;-
ISPZ26C005400;BRBMEFCSN0J1;FINANCIAL;-;-;-;-;-;-;-;-;-;1983,23;-;-;-;-;-;-;-
ISPZ26C005600;BRBMEFCSN0K9;FINANCIAL;-;-;-;-;-;-;-;-;-;1803,79;-;-;-;-;-;-;-
ISPZ26C005700;BRBMEFCSN0L7;FINANCIAL;-;-;-;-;-;-;-;-;-;1714,86;-;-;-;-;-;-;-
ISPZ26C005800;BRBMEFCSN0M5;FINANCIAL;-;-;-;-;-;-;-;-;-;1626,57;-;-;-;-;-;-;-
ISPZ26C005900;BRBMEFCSN0N3;FINANCIAL;-;-;-;-;-;-;-;-;-;1539,03;-;-;-;-;-;-;-
ISPZ26C006000;BRBMEFCSN0O1;FINANCIAL;-;-;-;-;-;-;-;-;-;1451,81;-;-;-;-;-;-;-
ISPZ26C006100;BRBMEFCSN0P8;FINANCIAL;-;-;-;-;-;-;-;-;-;1364,34;-;-;-;-;-;-;-
ISPZ26C006200;BRBMEFCSN0Q6;FINANCIAL;-;-;-;-;-;-;-;-;-;1277,82;-;-;-;-;-;-;-
ISPZ26C006400;BRBMEFCSN0R4;FINANCIAL;-;-;-;-;-;-;-;-;-;1107,84;-;-;-;-;-;-;-
ISPZ26C006500;BRBMEFCSN0S2;FINANCIAL;-;-;-;-;-;-;-;-;-;1024,72;-;-;-;-;-;-;-
ISPZ26C006600;BRBMEFCSN0T0;FINANCIAL;-;-;-;-;-;-;-;-;-;943,21;-;-;-;-;-;-;-
ISPZ26C006700;BRBMEFCSN0U8;FINANCIAL;-;-;-;-;-;-;-;-;-;863,42;-;-;-;-;-;-;-
ISPZ26C006800;BRBMEFCSN0V6;FINANCIAL;-;-;-;-;-;-;-;-;-;785,45;-;-;-;-;-;-;-
ISPZ26C006900;BRBMEFCSN0W4;FINANCIAL;-;-;-;-;-;-;-;-;-;709,21;-;-;-;-;-;-;-
ISPZ26P005200;BRBMEFVSN0H2;FINANCIAL;-;-;-;-;-;-;-;-;-;26,84;-;-;-;-;-;-;-
ISPZ26P005300;BRBMEFVSN0I0;FINANCIAL;-;-;-;-;-;-;-;-;-;33,22;-;-;-;-;-;-;-
ISPZ26P005400;BRBMEFVSN0J8;FINANCIAL;-;-;-;-;-;-;-;-;-;37,75;-;-;-;-;-;-;-
ISPZ26P005600;BRBMEFVSN0K6;FINANCIAL;-;-;-;-;-;-;-;-;-;46,07;-;-;-;-;-;-;-
ISPZ26P005700;BRBMEFVSN0L4;FINANCIAL;-;-;-;-;-;-;-;-;-;51,02;-;-;-;-;-;-;-
ISPZ26P005800;BRBMEFVSN0M2;FINANCIAL;-;-;-;-;-;-;-;-;-;56,62;-;-;-;-;-;-;-
ISPZ26P005900;BRBMEFVSN0N0;FINANCIAL;-;-;-;-;-;-;-;-;-;62,96;-;-;-;-;-;-;-
ISPZ26P006000;BRBMEFVSN0O8;FINANCIAL;-;-;-;-;-;-;-;-;-;69,62;-;-;-;-;-;-;-
ISPZ26P006100;BRBMEFVSN0P5;FINANCIAL;-;-;-;-;-;-;-;-;-;76,04;-;-;-;-;-;-;-
ISPZ26P006200;BRBMEFVSN0Q3;FINANCIAL;-;-;-;-;-;-;-;-;-;83,39;-;-;-;-;-;-;-
ISPZ26P006400;BRBMEFVSN0R1;FINANCIAL;-;-;-;-;-;-;-;-;-;101,19;-;-;-;-;-;-;-
ISPZ26P006500;BRBMEFVSN0S9;FINANCIAL;-;-;-;-;-;-;-;-;-;111,94;-;-;-;-;-;-;-
ISPZ26P006600;BRBMEFVSN0T7;FINANCIAL;-;-;-;-;-;-;-;-;-;124,32;-;-;-;-;-;-;-
ISPZ26P006700;BRBMEFVSN0U5;FINANCIAL;-;-;-;-;-;-;-;-;-;138,41;-;-;-;-;-;-;-
ISPZ26P006800;BRBMEFVSN0V3;FINANCIAL;-;-;-;-;-;-;-;-;-;154,32;-;-;-;-;-;-;-
ISPZ26P006900;BRBMEFVSN0W1;FINANCIAL;-;-;-;-;-;-;-;-;-;171,97;-;-;-;-;-;-;-
ISPU26C006200;BRBMEFCSN0X2;FINANCIAL;-;-;-;-;-;-;-;-;-;1203,23;-;-;-;-;-;-;-
ISPU26P006200;BRBMEFVSN0X9;FINANCIAL;-;-;-;-;-;-;-;-;-;34,3;-;-;-;-;-;-;-
ISPU26C006900;BRBMEFCSN2B4;FINANCIAL;-;-;-;-;-;-;-;-;-;583,02;-;-;-;-;-;-;-
ISPU26C007400;BRBMEFCSN2C2;FINANCIAL;-;-;-;-;-;-;-;-;-;221,28;-;-;-;-;-;-;-
ISPU26C007800;BRBMEFCSN2D0;FINANCIAL;-;-;-;-;-;-;-;-;-;55,32;-;-;-;-;-;-;-
ISPU26P006900;BRBMEFVSN2B1;FINANCIAL;-;-;-;-;-;-;-;-;-;92,86;-;-;-;-;-;-;-
ISPU26P007400;BRBMEFVSN2C9;FINANCIAL;233,75;233,75;233,75;233,75;233,75;12,37;-;-;-;215,94;-;-;-;-;1;1;60429,05
ISPU26P007800;BRBMEFVSN2D7;FINANCIAL;-;-;-;-;-;-;-;-;-;437,85;-;-;-;-;-;-;-
ISPU26C006000;BRBMEFCSN2E8;FINANCIAL;-;-;-;-;-;-;-;-;-;1390,05;-;-;-;-;-;-;-
ISPU26C006500;BRBMEFCSN2F5;FINANCIAL;-;-;-;-;-;-;-;-;-;928,76;-;-;-;-;-;-;-
ISPU26P006000;BRBMEFVSN2E5;FINANCIAL;-;-;-;-;-;-;-;-;-;27,19;-;-;-;-;-;-;-
ISPU26P006500;BRBMEFVSN2F2;FINANCIAL;-;-;-;-;-;-;-;-;-;50,74;-;-;-;-;-;-;-
ISPU26C007000;BRBMEFCSN2G3;FINANCIAL;-;-;-;-;-;-;-;-;-;502,9;-;-;-;-;-;-;-
ISPU26C007100;BRBMEFCSN2H1;FINANCIAL;-;-;-;-;-;-;-;-;-;425,61;-;-;-;-;-;-;-
ISPU26C007200;BRBMEFCSN2I9;FINANCIAL;-;-;-;-;-;-;-;-;-;352,75;-;-;-;-;-;-;-
ISPU26C007300;BRBMEFCSN2J7;FINANCIAL;-;-;-;-;-;-;-;-;-;284,13;-;-;-;-;-;-;-
ISPU26P007000;BRBMEFVSN2G0;FINANCIAL;-;-;-;-;-;-;-;-;-;109,71;-;-;-;-;-;-;-
ISPU26P007100;BRBMEFVSN2H8;FINANCIAL;130;130;130;130;130;30;-;-;-;129,38;-;-;-;-;1;1;33607,6
ISPU26P007200;BRBMEFVSN2I6;FINANCIAL;-;-;-;-;-;-;-;-;-;153,49;-;-;-;-;-;-;-
ISPU26P007300;BRBMEFVSN2J4;FINANCIAL;-;-;-;-;-;-;-;-;-;181,83;-;-;-;-;-;-;-
ISPZ26C007000;BRBMEFCSN2K5;FINANCIAL;-;-;-;-;-;-;-;-;-;634,77;-;-;-;-;-;-;-
ISPZ26C007100;BRBMEFCSN2L3;FINANCIAL;-;-;-;-;-;-;-;-;-;563,05;-;-;-;-;-;-;-
ISPZ26C007200;BRBMEFCSN2M1;FINANCIAL;-;-;-;-;-;-;-;-;-;494,41;-;-;-;-;-;-;-
ISPZ26C007300;BRBMEFCSN2N9;FINANCIAL;-;-;-;-;-;-;-;-;-;428,48;-;-;-;-;-;-;-
ISPZ26C007400;BRBMEFCSN2O7;FINANCIAL;-;-;-;-;-;-;-;-;-;365,99;-;-;-;-;-;-;-
ISPZ26C007500;BRBMEFCSN2P4;FINANCIAL;-;-;-;-;-;-;-;-;-;307,93;-;-;-;-;-;-;-
ISPZ26P007000;BRBMEFVSN2K2;FINANCIAL;-;-;-;-;-;-;-;-;-;191,41;-;-;-;-;-;-;-
ISPZ26P007100;BRBMEFVSN2L0;FINANCIAL;-;-;-;-;-;-;-;-;-;213,58;-;-;-;-;-;-;-
ISPZ26P007200;BRBMEFVSN2M8;FINANCIAL;-;-;-;-;-;-;-;-;-;238,82;-;-;-;-;-;-;-
ISPZ26P007300;BRBMEFVSN2N6;FINANCIAL;-;-;-;-;-;-;-;-;-;266,77;-;-;-;-;-;-;-
ISPZ26P007400;BRBMEFVSN2O4;FINANCIAL;-;-;-;-;-;-;-;-;-;298,16;-;-;-;-;-;-;-
ISPZ26P007500;BRBMEFVSN2P1;FINANCIAL;-;-;-;-;-;-;-;-;-;333,98;-;-;-;-;-;-;-
ISPU26C007600;BRBMEFCSN2R0;FINANCIAL;-;-;-;-;-;-;-;-;-;119,36;-;-;-;-;-;-;-
ISPU26C007900;BRBMEFCSN2S8;FINANCIAL;-;-;-;-;-;-;-;-;-;36,27;-;-;-;-;-;-;-
ISPU26P007600;BRBMEFVSN2R7;FINANCIAL;-;-;-;-;-;-;-;-;-;307,96;-;-;-;-;-;-;-
ISPU26P007900;BRBMEFVSN2S5;FINANCIAL;-;-;-;-;-;-;-;-;-;515,76;-;-;-;-;-;-;-
ISPU26C006100;BRBMEFCSN2T6;FINANCIAL;-;-;-;-;-;-;-;-;-;1296,31;-;-;-;-;-;-;-
ISPU26C006300;BRBMEFCSN2U4;FINANCIAL;-;-;-;-;-;-;-;-;-;1110,95;-;-;-;-;-;-;-
ISPU26C006400;BRBMEFCSN2V2;FINANCIAL;-;-;-;-;-;-;-;-;-;1019,53;-;-;-;-;-;-;-
ISPU26C006600;BRBMEFCSN2W0;FINANCIAL;-;-;-;-;-;-;-;-;-;839,35;-;-;-;-;-;-;-
ISPU26C006700;BRBMEFCSN2X8;FINANCIAL;-;-;-;-;-;-;-;-;-;751,71;-;-;-;-;-;-;-
ISPU26C006800;BRBMEFCSN2Y6;FINANCIAL;-;-;-;-;-;-;-;-;-;666,08;-;-;-;-;-;-;-
ISPU26C007500;BRBMEFCSN2Z3;FINANCIAL;-;-;-;-;-;-;-;-;-;166,16;-;-;-;-;-;-;-
ISPU26C007700;BRBMEFCSN305;FINANCIAL;90;90;90;90;90;-;-;-;-;82,59;-;-;-;-;1;1;23266,8
ISPU26P006100;BRBMEFVSN2T3;FINANCIAL;-;-;-;-;-;-;-;-;-;30,42;-;-;-;-;-;-;-
ISPU26P006300;BRBMEFVSN2U1;FINANCIAL;-;-;-;-;-;-;-;-;-;38,99;-;-;-;-;-;-;-
ISPU26P006400;BRBMEFVSN2V9;FINANCIAL;-;-;-;-;-;-;-;-;-;44,54;-;-;-;-;-;-;-
ISPU26P006600;BRBMEFVSN2W7;FINANCIAL;-;-;-;-;-;-;-;-;-;58,29;-;-;-;-;-;-;-
ISPU26P006700;BRBMEFVSN2X5;FINANCIAL;-;-;-;-;-;-;-;-;-;67,62;-;-;-;-;-;-;-
ISPU26P006800;BRBMEFVSN2Y3;FINANCIAL;-;-;-;-;-;-;-;-;-;78,95;-;-;-;-;-;-;-
ISPU26P007500;BRBMEFVSN2Z0;FINANCIAL;-;-;-;-;-;-;-;-;-;257,79;-;-;-;-;-;-;-
ISPU26P007700;BRBMEFVSN305;FINANCIAL;-;-;-;-;-;-;-;-;-;368,15;-;-;-;-;-;-;-
ISPN26C007300;BRBMEFCSN313;FINANCIAL;-;-;-;-;-;-;-;-;-;185,35;-;-;-;-;-;-;-
ISPN26P007300;BRBMEFVSN313;FINANCIAL;-;-;-;-;-;-;-;-;-;80,67;-;-;-;-;-;-;-
IDIN26C499500;BRBMEFCICEQ8;FINANCIAL;-;-;-;-;-;-;-;-;-;16561,77;-;-;-;-;-;-;-
IDIN26C500000;BRBMEFCICER6;FINANCIAL;-;-;-;-;-;-;-;-;-;16062,55;-;-;-;-;-;-;-
IDIN26C500500;BRBMEFCICES4;FINANCIAL;-;-;-;-;-;-;-;-;-;15563,34;-;-;-;-;-;-;-
IDIN26C501000;BRBMEFCICET2;FINANCIAL;-;-;-;-;-;-;-;-;-;15064,13;-;-;-;-;-;-;-
IDIN26C501500;BRBMEFCICEU0;FINANCIAL;-;-;-;-;-;-;-;-;-;14564,91;-;-;-;-;-;-;-
IDIN26C502000;BRBMEFCICEV8;FINANCIAL;-;-;-;-;-;-;-;-;-;14065,7;-;-;-;-;-;-;-
IDIN26C502500;BRBMEFCICEW6;FINANCIAL;-;-;-;-;-;-;-;-;-;13566,49;-;-;-;-;-;-;-
IDIN26C503000;BRBMEFCICEX4;FINANCIAL;-;-;-;-;-;-;-;-;-;13067,28;-;-;-;-;-;-;-
IDIN26C503500;BRBMEFCICEY2;FINANCIAL;-;-;-;-;-;-;-;-;-;12568,06;-;-;-;-;-;-;-
IDIN26C504000;BRBMEFCICEZ9;FINANCIAL;-;-;-;-;-;-;-;-;-;12068,85;-;-;-;-;-;-;-
IDIN26C504500;BRBMEFCICF09;FINANCIAL;-;-;-;-;-;-;-;-;-;11569,64;-;-;-;-;-;-;-
IDIN26C505000;BRBMEFCICF17;FINANCIAL;-;-;-;-;-;-;-;-;-;11070,43;-;-;-;-;-;-;-
IDIN26C505500;BRBMEFCICF25;FINANCIAL;-;-;-;-;-;-;-;-;-;10571,21;-;-;-;-;-;-;-
IDIN26C506000;BRBMEFCICF33;FINANCIAL;-;-;-;-;-;-;-;-;-;10072;-;-;-;-;-;-;-
IDIN26C506500;BRBMEFCICF41;FINANCIAL;-;-;-;-;-;-;-;-;-;9572,79;-;-;-;-;-;-;-
IDIN26C507000;BRBMEFCICF58;FINANCIAL;-;-;-;-;-;-;-;-;-;9073,58;-;-;-;-;-;-;-
IDIN26C507500;BRBMEFCICF66;FINANCIAL;-;-;-;-;-;-;-;-;-;8574,36;-;-;-;-;-;-;-
IDIN26C508000;BRBMEFCICF74;FINANCIAL;-;-;-;-;-;-;-;-;-;8075,15;-;-;-;-;-;-;-
IDIN26C508500;BRBMEFCICF82;FINANCIAL;-;-;-;-;-;-;-;-;-;7575,94;-;-;-;-;-;-;-
IDIN26C509000;BRBMEFCICF90;FINANCIAL;-;-;-;-;-;-;-;-;-;7076,72;-;-;-;-;-;-;-
IDIN26C509500;BRBMEFCICFA9;FINANCIAL;-;-;-;-;-;-;-;-;-;6577,51;-;-;-;-;-;-;-
IDIN26C510000;BRBMEFCICFB7;FINANCIAL;-;-;-;-;-;-;-;-;-;6078,3;-;-;-;-;-;-;-
IDIN26C510500;BRBMEFCICFC5;FINANCIAL;-;-;-;-;-;-;-;-;-;5579,09;-;-;-;-;-;-;-
IDIN26C511000;BRBMEFCICFD3;FINANCIAL;-;-;-;-;-;-;-;-;-;5079,87;-;-;-;-;-;-;-
IDIN26C511500;BRBMEFCICFE1;FINANCIAL;-;-;-;-;-;-;-;-;-;4580,66;-;-;-;-;-;-;-
IDIN26C512000;BRBMEFCICFF8;FINANCIAL;-;-;-;-;-;-;-;-;-;4081,45;-;-;-;-;-;-;-
IDIN26C512500;BRBMEFCICFG6;FINANCIAL;-;-;-;-;-;-;-;-;-;3582,24;-;-;-;-;-;-;-
IDIN26C513000;BRBMEFCICFH4;FINANCIAL;-;-;-;-;-;-;-;-;-;3083,02;-;-;-;-;-;-;-
IDIN26C513500;BRBMEFCICFI2;FINANCIAL;-;-;-;-;-;-;-;-;-;2583,81;-;-;-;-;-;-;-
IDIN26C514000;BRBMEFCICFJ0;FINANCIAL;-;-;-;-;-;-;-;-;-;2084,6;-;-;-;-;-;-;-
IDIN26C514500;BRBMEFCICFK8;FINANCIAL;-;-;-;-;-;-;-;-;-;1585,38;-;-;-;-;-;-;-
IDIN26C515000;BRBMEFCICFL6;FINANCIAL;-;-;-;-;-;-;-;-;-;1086,17;-;-;-;-;-;-;-
IDIN26C515500;BRBMEFCICFM4;FINANCIAL;-;-;-;-;-;-;-;-;-;586,96;-;-;-;-;-;-;-
IDIN26C516000;BRBMEFCICFN2;FINANCIAL;-;-;-;-;-;-;-;-;-;87,75;-;-;-;-;-;-;-
IDIN26C516500;BRBMEFCICFO0;FINANCIAL;-;-;-;-;-;-;-;-;-;0,01;-;-;-;-;-;-;-
IDIN26C517000;BRBMEFCICFP7;FINANCIAL;-;-;-;-;-;-;-;-;-;0,01;-;-;-;-;-;-;-
IDIN26C517500;BRBMEFCICFQ5;FINANCIAL;-;-;-;-;-;-;-;-;-;0,01;-;-;-;-;-;-;-
IDIN26C518000;BRBMEFCICFR3;FINANCIAL;-;-;-;-;-;-;-;-;-;0,01;-;-;-;-;-;-;-
IDIN26C518500;BRBMEFCICFS1;FINANCIAL;-;-;-;-;-;-;-;-;-;0,01;-;-;-;-;-;-;-
IDIN26C519000;BRBMEFCICFT9;FINANCIAL;-;-;-;-;-;-;-;-;-;0,01;-;-;-;-;-;-;-
IDIN26C519500;BRBMEFCICFU7;FINANCIAL;-;-;-;-;-;-;-;-;-;0,01;-;-;-;-;-;-;-
IDIN26C520000;BRBMEFCICFV5;FINANCIAL;-;-;-;-;-;-;-;-;-;0,01;-;-;-;-;-;-;-
IDIN26C520500;BRBMEFCICFW3;FINANCIAL;-;-;-;-;-;-;-;-;-;0,01;-;-;-;-;-;-;-
IDIN26C521000;BRBMEFCICFX1;FINANCIAL;-;-;-;-;-;-;-;-;-;0,01;-;-;-;-;-;-;-
IDIN26C521500;BRBMEFCICFY9;FINANCIAL;-;-;-;-;-;-;-;-;-;0,01;-;-;-;-;-;-;-
IDIN26C522000;BRBMEFCICFZ6;FINANCIAL;-;-;-;-;-;-;-;-;-;0,01;-;-;-;-;-;-;-
IDIN26C522500;BRBMEFCICG08;FINANCIAL;-;-;-;-;-;-;-;-;-;0,01;-;-;-;-;-;-;-
IDIN26C523000;BRBMEFCICG16;FINANCIAL;-;-;-;-;-;-;-;-;-;0,01;-;-;-;-;-;-;-
IDIN26C523500;BRBMEFCICG24;FINANCIAL;-;-;-;-;-;-;-;-;-;0,01;-;-;-;-;-;-;-
IDIN26P499500;BRBMEFVI2EQ9;FINANCIAL;-;-;-;-;-;-;-;-;-;0,01;-;-;-;-;-;-;-
IDIN26P500000;BRBMEFVI2ER7;FINANCIAL;-;-;-;-;-;-;-;-;-;0,01;-;-;-;-;-;-;-
IDIN26P500500;BRBMEFVI2ES5;FINANCIAL;-;-;-;-;-;-;-;-;-;0,01;-;-;-;-;-;-;-
IDIN26P501000;BRBMEFVI2ET3;FINANCIAL;-;-;-;-;-;-;-;-;-;0,01;-;-;-;-;-;-;-
IDIN26P501500;BRBMEFVI2EU1;FINANCIAL;-;-;-;-;-;-;-;-;-;0,01;-;-;-;-;-;-;-
IDIN26P502000;BRBMEFVI2EV9;FINANCIAL;-;-;-;-;-;-;-;-;-;0,01;-;-;-;-;-;-;-
IDIN26P502500;BRBMEFVI2EW7;FINANCIAL;-;-;-;-;-;-;-;-;-;0,01;-;-;-;-;-;-;-
IDIN26P503000;BRBMEFVI2EX5;FINANCIAL;-;-;-;-;-;-;-;-;-;0,01;-;-;-;-;-;-;-
IDIN26P503500;BRBMEFVI2EY3;FINANCIAL;-;-;-;-;-;-;-;-;-;0,01;-;-;-;-;-;-;-
IDIN26P504000;BRBMEFVI2EZ0;FINANCIAL;-;-;-;-;-;-;-;-;-;0,01;-;-;-;-;-;-;-
IDIN26P504500;BRBMEFVI2F08;FINANCIAL;-;-;-;-;-;-;-;-;-;0,01;-;-;-;-;-;-;-
IDIN26P505000;BRBMEFVI2F16;FINANCIAL;-;-;-;-;-;-;-;-;-;0,01;-;-;-;-;-;-;-
IDIN26P505500;BRBMEFVI2F24;FINANCIAL;-;-;-;-;-;-;-;-;-;0,01;-;-;-;-;-;-;-
IDIN26P506000;BRBMEFVI2F32;FINANCIAL;-;-;-;-;-;-;-;-;-;0,01;-;-;-;-;-;-;-
IDIN26P506500;BRBMEFVI2F40;FINANCIAL;-;-;-;-;-;-;-;-;-;0,01;-;-;-;-;-;-;-
IDIN26P507000;BRBMEFVI2F57;FINANCIAL;-;-;-;-;-;-;-;-;-;0,01;-;-;-;-;-;-;-
IDIN26P507500;BRBMEFVI2F65;FINANCIAL;-;-;-;-;-;-;-;-;-;0,01;-;-;-;-;-;-;-
IDIN26P508000;BRBMEFVI2F73;FINANCIAL;-;-;-;-;-;-;-;-;-;0,01;-;-;-;-;-;-;-
IDIN26P508500;BRBMEFVI2F81;FINANCIAL;-;-;-;-;-;-;-;-;-;0,01;-;-;-;-;-;-;-
IDIN26P509000;BRBMEFVI2F99;FINANCIAL;-;-;-;-;-;-;-;-;-;0,01;-;-;-;-;-;-;-
IDIN26P509500;BRBMEFVI2FA0;FINANCIAL;-;-;-;-;-;-;-;-;-;0,01;-;-;-;-;-;-;-
IDIN26P510000;BRBMEFVI2FB8;FINANCIAL;-;-;-;-;-;-;-;-;-;0,01;-;-;-;-;-;-;-
IDIN26P510500;BRBMEFVI2FC6;FINANCIAL;-;-;-;-;-;-;-;-;-;0,01;-;-;-;-;-;-;-
IDIN26P511000;BRBMEFVI2FD4;FINANCIAL;-;-;-;-;-;-;-;-;-;0,01;-;-;-;-;-;-;-
IDIN26P511500;BRBMEFVI2FE2;FINANCIAL;-;-;-;-;-;-;-;-;-;0,01;-;-;-;-;-;-;-
IDIN26P512000;BRBMEFVI2FF9;FINANCIAL;-;-;-;-;-;-;-;-;-;0,01;-;-;-;-;-;-;-
IDIN26P512500;BRBMEFVI2FG7;FINANCIAL;-;-;-;-;-;-;-;-;-;0,01;-;-;-;-;-;-;-
IDIN26P513000;BRBMEFVI2FH5;FINANCIAL;-;-;-;-;-;-;-;-;-;0,01;-;-;-;-;-;-;-
IDIN26P513500;BRBMEFVI2FI3;FINANCIAL;-;-;-;-;-;-;-;-;-;0,01;-;-;-;-;-;-;-
IDIN26P514000;BRBMEFVI2FJ1;FINANCIAL;-;-;-;-;-;-;-;-;-;0,01;-;-;-;-;-;-;-
IDIN26P514500;BRBMEFVI2FK9;FINANCIAL;0,01;0,01;0,01;0,01;0,01;0;-;-;-;0,01;-;-;-;-;1;272;2,72
IDIN26P515000;BRBMEFVI2FL7;FINANCIAL;-;-;-;-;-;-;-;-;-;0,01;-;-;-;-;-;-;-
IDIN26P515500;BRBMEFVI2FM5;FINANCIAL;-;-;-;-;-;-;-;-;-;0,01;-;-;-;-;-;-;-
IDIN26P516000;BRBMEFVI2FN3;FINANCIAL;-;-;-;-;-;-;-;-;-;0,01;-;-;-;-;-;-;-
IDIN26P516500;BRBMEFVI2FO1;FINANCIAL;-;-;-;-;-;-;-;-;-;411,47;-;-;-;-;-;-;-
IDIN26P517000;BRBMEFVI2FP8;FINANCIAL;-;-;-;-;-;-;-;-;-;910,68;-;-;-;-;-;-;-
IDIN26P517500;BRBMEFVI2FQ6;FINANCIAL;-;-;-;-;-;-;-;-;-;1409,89;-;-;-;-;-;-;-
IDIN26P518000;BRBMEFVI2FR4;FINANCIAL;-;-;-;-;-;-;-;-;-;1909,1;-;-;-;-;-;-;-
IDIN26P518500;BRBMEFVI2FS2;FINANCIAL;-;-;-;-;-;-;-;-;-;2408,32;-;-;-;-;-;-;-
IDIN26P519000;BRBMEFVI2FT0;FINANCIAL;-;-;-;-;-;-;-;-;-;2907,53;-;-;-;-;-;-;-
IDIN26P519500;BRBMEFVI2FU8;FINANCIAL;-;-;-;-;-;-;-;-;-;3406,74;-;-;-;-;-;-;-
IDIN26P520000;BRBMEFVI2FV6;FINANCIAL;-;-;-;-;-;-;-;-;-;3905,96;-;-;-;-;-;-;-
IDIN26P520500;BRBMEFVI2FW4;FINANCIAL;-;-;-;-;-;-;-;-;-;4405,17;-;-;-;-;-;-;-
IDIN26P521000;BRBMEFVI2FX2;FINANCIAL;-;-;-;-;-;-;-;-;-;4904,38;-;-;-;-;-;-;-
IDIN26P521500;BRBMEFVI2FY0;FINANCIAL;-;-;-;-;-;-;-;-;-;5403,59;-;-;-;-;-;-;-
IDIN26P522000;BRBMEFVI2FZ7;FINANCIAL;-;-;-;-;-;-;-;-;-;5902,81;-;-;-;-;-;-;-
IDIN26P522500;BRBMEFVI2G07;FINANCIAL;-;-;-;-;-;-;-;-;-;6402,02;-;-;-;-;-;-;-
IDIN26P523000;BRBMEFVI2G15;FINANCIAL;-;-;-;-;-;-;-;-;-;6901,23;-;-;-;-;-;-;-
IDIN26P523500;BRBMEFVI2G23;FINANCIAL;-;-;-;-;-;-;-;-;-;7400,44;-;-;-;-;-;-;-
IDIN26C524000;BRBMEFCICG32;FINANCIAL;-;-;-;-;-;-;-;-;-;0,01;-;-;-;-;-;-;-
IDIN26C525000;BRBMEFCICG40;FINANCIAL;-;-;-;-;-;-;-;-;-;0,01;-;-;-;-;-;-;-
IDIN26C526000;BRBMEFCICG57;FINANCIAL;-;-;-;-;-;-;-;-;-;0,01;-;-;-;-;-;-;-
IDIN26C527000;BRBMEFCICG65;FINANCIAL;-;-;-;-;-;-;-;-;-;0,01;-;-;-;-;-;-;-
IDIN26P524000;BRBMEFVI2G31;FINANCIAL;-;-;-;-;-;-;-;-;-;7899,66;-;-;-;-;-;-;-
IDIN26P525000;BRBMEFVI2G49;FINANCIAL;-;-;-;-;-;-;-;-;-;8898,08;-;-;-;-;-;-;-
IDIN26P526000;BRBMEFVI2G56;FINANCIAL;-;-;-;-;-;-;-;-;-;9896,51;-;-;-;-;-;-;-
IDIN26P527000;BRBMEFVI2G64;FINANCIAL;-;-;-;-;-;-;-;-;-;10894,93;-;-;-;-;-;-;-
IDIF27C544000;BRBMEFCIAW83;FINANCIAL;-;-;-;-;-;-;-;-;-;6966,84;-;-;-;-;-;-;-
IDIF27C545000;BRBMEFCIAW91;FINANCIAL;-;-;-;-;-;-;-;-;-;6032,46;-;-;-;-;-;-;-
IDIF27C547300;BRBMEFCIAWA8;FINANCIAL;-;-;-;-;-;-;-;-;-;3885,03;-;-;-;-;-;-;-
IDIF27C548000;BRBMEFCIAWB6;FINANCIAL;-;-;-;-;-;-;-;-;-;3234,81;-;-;-;-;-;-;-
IDIF27C550000;BRBMEFCIAWC4;FINANCIAL;-;-;-;-;-;-;-;-;-;1393,09;-;-;-;-;-;-;-
IDIF27C555000;BRBMEFCIAWD2;FINANCIAL;-;-;-;-;-;-;-;-;-;103,46;-;-;-;-;-;-;-
IDIF27P544000;BRBMEFVI1W81;FINANCIAL;-;-;-;-;-;-;-;-;-;0,01;-;-;-;-;-;-;-
IDIF27P545000;BRBMEFVI1W99;FINANCIAL;-;-;-;-;-;-;-;-;-;0,01;-;-;-;-;-;-;-
IDIF27P547300;BRBMEFVI1WA7;FINANCIAL;-;-;-;-;-;-;-;-;-;1,68;-;-;-;-;-;-;-
IDIF27P548000;BRBMEFVI1WB5;FINANCIAL;-;-;-;-;-;-;-;-;-;5,53;-;-;-;-;-;-;-
IDIF27P550000;BRBMEFVI1WC3;FINANCIAL;-;-;-;-;-;-;-;-;-;32,59;-;-;-;-;-;-;-
IDIF27P555000;BRBMEFVI1WD1;FINANCIAL;-;-;-;-;-;-;-;-;-;3414,91;-;-;-;-;-;-;-
D14F27C001250;BRBMEFC144G2;FINANCIAL;-;-;-;-;-;-;-;-;-;1455,55;-;-;-;-;-;-;-
D14F27C001300;BRBMEFC144I8;FINANCIAL;-;-;-;-;-;-;-;-;-;1191,1;-;-;-;-;-;-;-
D14F27C001350;BRBMEFC144K4;FINANCIAL;-;-;-;-;-;-;-;-;-;972,25;-;-;-;-;-;-;-
D14F27C001400;BRBMEFC144M0;FINANCIAL;-;-;-;-;-;-;-;-;-;794,27;-;-;-;-;-;-;-
D14F27C001450;BRBMEFC144O6;FINANCIAL;-;-;-;-;-;-;-;-;-;651,14;-;-;-;-;-;-;-
D14F27C001500;BRBMEFC144Q1;FINANCIAL;-;-;-;-;-;-;-;-;-;539,1;-;-;-;-;-;-;-
D14F27C001550;BRBMEFC144S7;FINANCIAL;-;-;-;-;-;-;-;-;-;450,35;-;-;-;-;-;-;-
D14F27C001600;BRBMEFC144U3;FINANCIAL;-;-;-;-;-;-;-;-;-;381,46;-;-;-;-;-;-;-
D14F27P001250;BRBMEFV144G9;FINANCIAL;-;-;-;-;-;-;-;-;-;215,72;-;-;-;-;-;-;-
D14F27P001300;BRBMEFV144I5;FINANCIAL;-;-;-;-;-;-;-;-;-;317,49;-;-;-;-;-;-;-
D14F27P001350;BRBMEFV144K1;FINANCIAL;-;-;-;-;-;-;-;-;-;461,65;-;-;-;-;-;-;-
D14F27P001400;BRBMEFV144M7;FINANCIAL;-;-;-;-;-;-;-;-;-;643,49;-;-;-;-;-;-;-
D14F27P001450;BRBMEFV144O3;FINANCIAL;-;-;-;-;-;-;-;-;-;857,06;-;-;-;-;-;-;-
D14F27P001500;BRBMEFV144Q8;FINANCIAL;-;-;-;-;-;-;-;-;-;1098,61;-;-;-;-;-;-;-
D14F27P001550;BRBMEFV144S4;FINANCIAL;-;-;-;-;-;-;-;-;-;1360,4;-;-;-;-;-;-;-
D14F27P001600;BRBMEFV144U0;FINANCIAL;-;-;-;-;-;-;-;-;-;1639,03;-;-;-;-;-;-;-
IDIF27C544500;BRBMEFCIAWU6;FINANCIAL;-;-;-;-;-;-;-;-;-;6499,65;-;-;-;-;-;-;-
IDIF27C545500;BRBMEFCIAWV4;FINANCIAL;-;-;-;-;-;-;-;-;-;5565,28;-;-;-;-;-;-;-
IDIF27C546000;BRBMEFCIAWW2;FINANCIAL;-;-;-;-;-;-;-;-;-;5098,14;-;-;-;-;-;-;-
IDIF27C546500;BRBMEFCIAWX0;FINANCIAL;-;-;-;-;-;-;-;-;-;4631,15;-;-;-;-;-;-;-
IDIF27C547000;BRBMEFCIAWY8;FINANCIAL;-;-;-;-;-;-;-;-;-;4164,55;-;-;-;-;-;-;-
IDIF27P544500;BRBMEFVI1WU5;FINANCIAL;-;-;-;-;-;-;-;-;-;0,01;-;-;-;-;-;-;-
IDIF27P545500;BRBMEFVI1WV3;FINANCIAL;-;-;-;-;-;-;-;-;-;0,02;-;-;-;-;-;-;-
IDIF27P546000;BRBMEFVI1WW1;FINANCIAL;-;-;-;-;-;-;-;-;-;0,08;-;-;-;-;-;-;-
IDIF27P546500;BRBMEFVI1WX9;FINANCIAL;-;-;-;-;-;-;-;-;-;0,28;-;-;-;-;-;-;-
IDIF27P547000;BRBMEFVI1WY7;FINANCIAL;-;-;-;-;-;-;-;-;-;0,88;-;-;-;-;-;-;-
IDIV26C522000;BRBMEFCIVVU4;FINANCIAL;-;-;-;-;-;-;-;-;-;11471,06;-;-;-;-;-;-;-
IDIV26C524000;BRBMEFCIVVV2;FINANCIAL;-;-;-;-;-;-;-;-;-;9540,78;-;-;-;-;-;-;-
IDIV26C526000;BRBMEFCIVVW0;FINANCIAL;-;-;-;-;-;-;-;-;-;7610,49;-;-;-;-;-;-;-
IDIV26C528000;BRBMEFCIVVX8;FINANCIAL;-;-;-;-;-;-;-;-;-;5680,21;-;-;-;-;-;-;-
IDIV26C530000;BRBMEFCIVVY6;FINANCIAL;-;-;-;-;-;-;-;-;-;3749,92;-;-;-;-;-;-;-
IDIV26C532000;BRBMEFCIVVZ3;FINANCIAL;-;-;-;-;-;-;-;-;-;1819,64;-;-;-;-;-;-;-
IDIV26C534000;BRBMEFCIVW05;FINANCIAL;-;-;-;-;-;-;-;-;-;15,58;-;-;-;-;-;-;-
IDIV26C536000;BRBMEFCIVW13;FINANCIAL;-;-;-;-;-;-;-;-;-;0,01;-;-;-;-;-;-;-
IDIV26C538000;BRBMEFCIVW21;FINANCIAL;-;-;-;-;-;-;-;-;-;0,01;-;-;-;-;-;-;-
IDIV26C540000;BRBMEFCIVW39;FINANCIAL;-;-;-;-;-;-;-;-;-;0,01;-;-;-;-;-;-;-
IDIV26C542000;BRBMEFCIVW47;FINANCIAL;-;-;-;-;-;-;-;-;-;0,01;-;-;-;-;-;-;-
IDIV26C544000;BRBMEFCIVW54;FINANCIAL;-;-;-;-;-;-;-;-;-;0,01;-;-;-;-;-;-;-
IDIV26C546000;BRBMEFCIVW62;FINANCIAL;-;-;-;-;-;-;-;-;-;0,01;-;-;-;-;-;-;-
IDIV26P522000;BRBMEFVIVVU4;FINANCIAL;-;-;-;-;-;-;-;-;-;0,01;-;-;-;-;-;-;-
IDIV26P524000;BRBMEFVIVVV2;FINANCIAL;-;-;-;-;-;-;-;-;-;0,01;-;-;-;-;-;-;-
IDIV26P526000;BRBMEFVIVVW0;FINANCIAL;-;-;-;-;-;-;-;-;-;0,01;-;-;-;-;-;-;-
IDIV26P528000;BRBMEFVIVVX8;FINANCIAL;-;-;-;-;-;-;-;-;-;0,01;-;-;-;-;-;-;-
IDIV26P530000;BRBMEFVIVVY6;FINANCIAL;-;-;-;-;-;-;-;-;-;0,01;-;-;-;-;-;-;-
IDIV26P532000;BRBMEFVIVVZ3;FINANCIAL;-;-;-;-;-;-;-;-;-;0,01;-;-;-;-;-;-;-
IDIV26P534000;BRBMEFVIVW02;FINANCIAL;-;-;-;-;-;-;-;-;-;126,22;-;-;-;-;-;-;-
IDIV26P536000;BRBMEFVIVW10;FINANCIAL;-;-;-;-;-;-;-;-;-;2040,94;-;-;-;-;-;-;-
IDIV26P538000;BRBMEFVIVW28;FINANCIAL;-;-;-;-;-;-;-;-;-;3971,21;-;-;-;-;-;-;-
IDIV26P540000;BRBMEFVIVW36;FINANCIAL;-;-;-;-;-;-;-;-;-;5901,5;-;-;-;-;-;-;-
IDIV26P542000;BRBMEFVIVW44;FINANCIAL;-;-;-;-;-;-;-;-;-;7831,78;-;-;-;-;-;-;-
IDIV26P544000;BRBMEFVIVW51;FINANCIAL;-;-;-;-;-;-;-;-;-;9762,07;-;-;-;-;-;-;-
IDIV26P546000;BRBMEFVIVW69;FINANCIAL;-;-;-;-;-;-;-;-;-;11692,35;-;-;-;-;-;-;-
IDIN26C510600;BRBMEFCICG73;FINANCIAL;-;-;-;-;-;-;-;-;-;5479,24;-;-;-;-;-;-;-
IDIN26C510700;BRBMEFCICG81;FINANCIAL;-;-;-;-;-;-;-;-;-;5379,4;-;-;-;-;-;-;-
IDIN26C510800;BRBMEFCICG99;FINANCIAL;-;-;-;-;-;-;-;-;-;5279,56;-;-;-;-;-;-;-
IDIN26C510900;BRBMEFCICGA7;FINANCIAL;-;-;-;-;-;-;-;-;-;5179,72;-;-;-;-;-;-;-
IDIN26C511100;BRBMEFCICGB5;FINANCIAL;-;-;-;-;-;-;-;-;-;4980,03;-;-;-;-;-;-;-
IDIN26C511200;BRBMEFCICGC3;FINANCIAL;-;-;-;-;-;-;-;-;-;4880,19;-;-;-;-;-;-;-
IDIN26C511300;BRBMEFCICGD1;FINANCIAL;-;-;-;-;-;-;-;-;-;4780,35;-;-;-;-;-;-;-
IDIN26C511400;BRBMEFCICGE9;FINANCIAL;-;-;-;-;-;-;-;-;-;4680,5;-;-;-;-;-;-;-
IDIN26C511600;BRBMEFCICGF6;FINANCIAL;-;-;-;-;-;-;-;-;-;4480,82;-;-;-;-;-;-;-
IDIN26C511700;BRBMEFCICGG4;FINANCIAL;-;-;-;-;-;-;-;-;-;4380,98;-;-;-;-;-;-;-
IDIN26C511800;BRBMEFCICGH2;FINANCIAL;-;-;-;-;-;-;-;-;-;4281,13;-;-;-;-;-;-;-
IDIN26C511900;BRBMEFCICGI0;FINANCIAL;-;-;-;-;-;-;-;-;-;4181,29;-;-;-;-;-;-;-
IDIN26C512100;BRBMEFCICGJ8;FINANCIAL;-;-;-;-;-;-;-;-;-;3981,61;-;-;-;-;-;-;-
IDIN26C512200;BRBMEFCICGK6;FINANCIAL;-;-;-;-;-;-;-;-;-;3881,76;-;-;-;-;-;-;-
IDIN26C512300;BRBMEFCICGL4;FINANCIAL;-;-;-;-;-;-;-;-;-;3781,92;-;-;-;-;-;-;-
IDIN26C512400;BRBMEFCICGM2;FINANCIAL;-;-;-;-;-;-;-;-;-;3682,08;-;-;-;-;-;-;-
IDIN26C512600;BRBMEFCICGN0;FINANCIAL;-;-;-;-;-;-;-;-;-;3482,39;-;-;-;-;-;-;-
IDIN26C512700;BRBMEFCICGO8;FINANCIAL;-;-;-;-;-;-;-;-;-;3382,55;-;-;-;-;-;-;-
IDIN26C512800;BRBMEFCICGP5;FINANCIAL;-;-;-;-;-;-;-;-;-;3282,71;-;-;-;-;-;-;-
IDIN26C512900;BRBMEFCICGQ3;FINANCIAL;-;-;-;-;-;-;-;-;-;3182,87;-;-;-;-;-;-;-
IDIN26C513100;BRBMEFCICGR1;FINANCIAL;-;-;-;-;-;-;-;-;-;2983,18;-;-;-;-;-;-;-
IDIN26C513200;BRBMEFCICGS9;FINANCIAL;-;-;-;-;-;-;-;-;-;2883,34;-;-;-;-;-;-;-
IDIN26C513300;BRBMEFCICGT7;FINANCIAL;-;-;-;-;-;-;-;-;-;2783,5;-;-;-;-;-;-;-
IDIN26C513400;BRBMEFCICGU5;FINANCIAL;-;-;-;-;-;-;-;-;-;2683,65;-;-;-;-;-;-;-
IDIN26C513600;BRBMEFCICGV3;FINANCIAL;-;-;-;-;-;-;-;-;-;2483,97;-;-;-;-;-;-;-
IDIN26C513700;BRBMEFCICGW1;FINANCIAL;-;-;-;-;-;-;-;-;-;2384,12;-;-;-;-;-;-;-
IDIN26C513800;BRBMEFCICGX9;FINANCIAL;-;-;-;-;-;-;-;-;-;2284,28;-;-;-;-;-;-;-
IDIN26C513900;BRBMEFCICGY7;FINANCIAL;-;-;-;-;-;-;-;-;-;2184,44;-;-;-;-;-;-;-
IDIN26C514100;BRBMEFCICGZ4;FINANCIAL;-;-;-;-;-;-;-;-;-;1984,75;-;-;-;-;-;-;-
IDIN26C514200;BRBMEFCICH07;FINANCIAL;-;-;-;-;-;-;-;-;-;1884,91;-;-;-;-;-;-;-
IDIN26C514300;BRBMEFCICH15;FINANCIAL;-;-;-;-;-;-;-;-;-;1785,07;-;-;-;-;-;-;-
IDIN26C514400;BRBMEFCICH23;FINANCIAL;-;-;-;-;-;-;-;-;-;1685,23;-;-;-;-;-;-;-
IDIN26C514600;BRBMEFCICH31;FINANCIAL;-;-;-;-;-;-;-;-;-;1485,54;-;-;-;-;-;-;-
IDIN26C514700;BRBMEFCICH49;FINANCIAL;-;-;-;-;-;-;-;-;-;1385,7;-;-;-;-;-;-;-
IDIN26C514800;BRBMEFCICH56;FINANCIAL;-;-;-;-;-;-;-;-;-;1285,86;-;-;-;-;-;-;-
IDIN26C514900;BRBMEFCICH64;FINANCIAL;-;-;-;-;-;-;-;-;-;1186,01;-;-;-;-;-;-;-
IDIN26C515100;BRBMEFCICH72;FINANCIAL;-;-;-;-;-;-;-;-;-;986,33;-;-;-;-;-;-;-
IDIN26C515200;BRBMEFCICH80;FINANCIAL;-;-;-;-;-;-;-;-;-;886,49;-;-;-;-;-;-;-
IDIN26C515300;BRBMEFCICH98;FINANCIAL;-;-;-;-;-;-;-;-;-;786,64;-;-;-;-;-;-;-
IDIN26C515400;BRBMEFCICHA5;FINANCIAL;-;-;-;-;-;-;-;-;-;686,8;-;-;-;-;-;-;-
IDIN26C515600;BRBMEFCICHB3;FINANCIAL;-;-;-;-;-;-;-;-;-;487,12;-;-;-;-;-;-;-
IDIN26C515700;BRBMEFCICHC1;FINANCIAL;-;-;-;-;-;-;-;-;-;387,27;-;-;-;-;-;-;-
IDIN26C515800;BRBMEFCICHD9;FINANCIAL;-;-;-;-;-;-;-;-;-;287,43;-;-;-;-;-;-;-
IDIN26C515900;BRBMEFCICHE7;FINANCIAL;-;-;-;-;-;-;-;-;-;187,59;-;-;-;-;-;-;-
IDIN26C516100;BRBMEFCICHF4;FINANCIAL;-;-;-;-;-;-;-;-;-;0,01;-;-;-;-;-;-;-
IDIN26C516200;BRBMEFCICHG2;FINANCIAL;-;-;-;-;-;-;-;-;-;0,01;-;-;-;-;-;-;-
IDIN26C516300;BRBMEFCICHH0;FINANCIAL;-;-;-;-;-;-;-;-;-;0,01;-;-;-;-;-;-;-
IDIN26C516400;BRBMEFCICHI8;FINANCIAL;-;-;-;-;-;-;-;-;-;0,01;-;-;-;-;-;-;-
IDIN26C516600;BRBMEFCICHJ6;FINANCIAL;-;-;-;-;-;-;-;-;-;0,01;-;-;-;-;-;-;-
IDIN26C516700;BRBMEFCICHK4;FINANCIAL;-;-;-;-;-;-;-;-;-;0,01;-;-;-;-;-;-;-
IDIN26C516800;BRBMEFCICHL2;FINANCIAL;-;-;-;-;-;-;-;-;-;0,01;-;-;-;-;-;-;-
IDIN26C516900;BRBMEFCICHM0;FINANCIAL;-;-;-;-;-;-;-;-;-;0,01;-;-;-;-;-;-;-
IDIN26C517100;BRBMEFCICHN8;FINANCIAL;-;-;-;-;-;-;-;-;-;0,01;-;-;-;-;-;-;-
IDIN26C517200;BRBMEFCICHO6;FINANCIAL;-;-;-;-;-;-;-;-;-;0,01;-;-;-;-;-;-;-
IDIN26C517300;BRBMEFCICHP3;FINANCIAL;-;-;-;-;-;-;-;-;-;0,01;-;-;-;-;-;-;-
IDIN26C517400;BRBMEFCICHQ1;FINANCIAL;-;-;-;-;-;-;-;-;-;0,01;-;-;-;-;-;-;-
IDIN26C517600;BRBMEFCICHR9;FINANCIAL;-;-;-;-;-;-;-;-;-;0,01;-;-;-;-;-;-;-
IDIN26C517700;BRBMEFCICHS7;FINANCIAL;-;-;-;-;-;-;-;-;-;0,01;-;-;-;-;-;-;-
IDIN26C517800;BRBMEFCICHT5;FINANCIAL;-;-;-;-;-;-;-;-;-;0,01;-;-;-;-;-;-;-
IDIN26P510600;BRBMEFVI2G72;FINANCIAL;-;-;-;-;-;-;-;-;-;0,01;-;-;-;-;-;-;-
IDIN26P510700;BRBMEFVI2G80;FINANCIAL;-;-;-;-;-;-;-;-;-;0,01;-;-;-;-;-;-;-
IDIN26P510800;BRBMEFVI2G98;FINANCIAL;-;-;-;-;-;-;-;-;-;0,01;-;-;-;-;-;-;-
IDIN26P510900;BRBMEFVI2GA8;FINANCIAL;-;-;-;-;-;-;-;-;-;0,01;-;-;-;-;-;-;-
IDIN26P511100;BRBMEFVI2GB6;FINANCIAL;-;-;-;-;-;-;-;-;-;0,01;-;-;-;-;-;-;-
IDIN26P511200;BRBMEFVI2GC4;FINANCIAL;-;-;-;-;-;-;-;-;-;0,01;-;-;-;-;-;-;-
IDIN26P511300;BRBMEFVI2GD2;FINANCIAL;-;-;-;-;-;-;-;-;-;0,01;-;-;-;-;-;-;-
IDIN26P511400;BRBMEFVI2GE0;FINANCIAL;-;-;-;-;-;-;-;-;-;0,01;-;-;-;-;-;-;-
IDIN26P511600;BRBMEFVI2GF7;FINANCIAL;-;-;-;-;-;-;-;-;-;0,01;-;-;-;-;-;-;-
IDIN26P511700;BRBMEFVI2GG5;FINANCIAL;-;-;-;-;-;-;-;-;-;0,01;-;-;-;-;-;-;-
IDIN26P511800;BRBMEFVI2GH3;FINANCIAL;-;-;-;-;-;-;-;-;-;0,01;-;-;-;-;-;-;-
IDIN26P511900;BRBMEFVI2GI1;FINANCIAL;-;-;-;-;-;-;-;-;-;0,01;-;-;-;-;-;-;-
IDIN26P512100;BRBMEFVI2GJ9;FINANCIAL;-;-;-;-;-;-;-;-;-;0,01;-;-;-;-;-;-;-
IDIN26P512200;BRBMEFVI2GK7;FINANCIAL;-;-;-;-;-;-;-;-;-;0,01;-;-;-;-;-;-;-
IDIN26P512300;BRBMEFVI2GL5;FINANCIAL;-;-;-;-;-;-;-;-;-;0,01;-;-;-;-;-;-;-
IDIN26P512400;BRBMEFVI2GM3;FINANCIAL;-;-;-;-;-;-;-;-;-;0,01;-;-;-;-;-;-;-
IDIN26P512600;BRBMEFVI2GN1;FINANCIAL;-;-;-;-;-;-;-;-;-;0,01;-;-;-;-;-;-;-
IDIN26P512700;BRBMEFVI2GO9;FINANCIAL;-;-;-;-;-;-;-;-;-;0,01;-;-;-;-;-;-;-
IDIN26P512800;BRBMEFVI2GP6;FINANCIAL;-;-;-;-;-;-;-;-;-;0,01;-;-;-;-;-;-;-
IDIN26P512900;BRBMEFVI2GQ4;FINANCIAL;-;-;-;-;-;-;-;-;-;0,01;-;-;-;-;-;-;-
IDIN26P513100;BRBMEFVI2GR2;FINANCIAL;-;-;-;-;-;-;-;-;-;0,01;-;-;-;-;-;-;-
IDIN26P513200;BRBMEFVI2GS0;FINANCIAL;-;-;-;-;-;-;-;-;-;0,01;-;-;-;-;-;-;-
IDIN26P513300;BRBMEFVI2GT8;FINANCIAL;-;-;-;-;-;-;-;-;-;0,01;-;-;-;-;-;-;-
IDIN26P513400;BRBMEFVI2GU6;FINANCIAL;-;-;-;-;-;-;-;-;-;0,01;-;-;-;-;-;-;-
IDIN26P513600;BRBMEFVI2GV4;FINANCIAL;-;-;-;-;-;-;-;-;-;0,01;-;-;-;-;-;-;-
IDIN26P513700;BRBMEFVI2GW2;FINANCIAL;-;-;-;-;-;-;-;-;-;0,01;-;-;-;-;-;-;-
IDIN26P513800;BRBMEFVI2GX0;FINANCIAL;-;-;-;-;-;-;-;-;-;0,01;-;-;-;-;-;-;-
IDIN26P513900;BRBMEFVI2GY8;FINANCIAL;-;-;-;-;-;-;-;-;-;0,01;-;-;-;-;-;-;-
IDIN26P514100;BRBMEFVI2GZ5;FINANCIAL;0,01;0,01;0,01;0,01;0,01;0;-;-;-;0,01;-;-;-;-;1;68;0,68
IDIN26P514200;BRBMEFVI2H06;FINANCIAL;0,01;0,01;0,01;0,01;0,01;0;-;-;-;0,01;-;-;-;-;1;68;0,68
IDIN26P514300;BRBMEFVI2H14;FINANCIAL;0,01;0,01;0,01;0,01;0,01;0;-;-;-;0,01;-;-;-;-;1;272;2,72
IDIN26P514400;BRBMEFVI2H22;FINANCIAL;0,01;0,01;0,01;0,01;0,01;0;-;-;-;0,01;-;-;-;-;1;272;2,72
IDIN26P514600;BRBMEFVI2H30;FINANCIAL;0,01;0,01;0,01;0,01;0,01;0;-;-;-;0,01;-;-;-;-;1;68;0,68
IDIN26P514700;BRBMEFVI2H48;FINANCIAL;0,02;0,01;0,02;0,01;0,01;0;-;-;-;0,01;-;-;-;-;3;78;0,88
IDIN26P514800;BRBMEFVI2H55;FINANCIAL;-;-;-;-;-;-;-;-;-;0,01;-;-;-;-;-;-;-
IDIN26P514900;BRBMEFVI2H63;FINANCIAL;-;-;-;-;-;-;-;-;-;0,01;-;-;-;-;-;-;-
IDIN26P515100;BRBMEFVI2H71;FINANCIAL;-;-;-;-;-;-;-;-;-;0,01;-;-;-;-;-;-;-
IDIN26P515200;BRBMEFVI2H89;FINANCIAL;-;-;-;-;-;-;-;-;-;0,01;-;-;-;-;-;-;-
IDIN26P515300;BRBMEFVI2H97;FINANCIAL;-;-;-;-;-;-;-;-;-;0,01;-;-;-;-;-;-;-
IDIN26P515400;BRBMEFVI2HA6;FINANCIAL;-;-;-;-;-;-;-;-;-;0,01;-;-;-;-;-;-;-
IDIN26P515600;BRBMEFVI2HB4;FINANCIAL;-;-;-;-;-;-;-;-;-;0,01;-;-;-;-;-;-;-
IDIN26P515700;BRBMEFVI2HC2;FINANCIAL;-;-;-;-;-;-;-;-;-;0,01;-;-;-;-;-;-;-
IDIN26P515800;BRBMEFVI2HD0;FINANCIAL;-;-;-;-;-;-;-;-;-;0,01;-;-;-;-;-;-;-
IDIN26P515900;BRBMEFVI2HE8;FINANCIAL;-;-;-;-;-;-;-;-;-;0,01;-;-;-;-;-;-;-
IDIN26P516100;BRBMEFVI2HF5;FINANCIAL;-;-;-;-;-;-;-;-;-;12,1;-;-;-;-;-;-;-
IDIN26P516200;BRBMEFVI2HG3;FINANCIAL;-;-;-;-;-;-;-;-;-;111,94;-;-;-;-;-;-;-
IDIN26P516300;BRBMEFVI2HH1;FINANCIAL;-;-;-;-;-;-;-;-;-;211,78;-;-;-;-;-;-;-
IDIN26P516400;BRBMEFVI2HI9;FINANCIAL;-;-;-;-;-;-;-;-;-;311,62;-;-;-;-;-;-;-
IDIN26P516600;BRBMEFVI2HJ7;FINANCIAL;-;-;-;-;-;-;-;-;-;511,31;-;-;-;-;-;-;-
IDIN26P516700;BRBMEFVI2HK5;FINANCIAL;-;-;-;-;-;-;-;-;-;611,15;-;-;-;-;-;-;-
IDIN26P516800;BRBMEFVI2HL3;FINANCIAL;-;-;-;-;-;-;-;-;-;710,99;-;-;-;-;-;-;-
IDIN26P516900;BRBMEFVI2HM1;FINANCIAL;-;-;-;-;-;-;-;-;-;810,84;-;-;-;-;-;-;-
IDIN26P517100;BRBMEFVI2HN9;FINANCIAL;-;-;-;-;-;-;-;-;-;1010,52;-;-;-;-;-;-;-
IDIN26P517200;BRBMEFVI2HO7;FINANCIAL;-;-;-;-;-;-;-;-;-;1110,36;-;-;-;-;-;-;-
IDIN26P517300;BRBMEFVI2HP4;FINANCIAL;-;-;-;-;-;-;-;-;-;1210,21;-;-;-;-;-;-;-
IDIN26P517400;BRBMEFVI2HQ2;FINANCIAL;-;-;-;-;-;-;-;-;-;1310,05;-;-;-;-;-;-;-
IDIN26P517600;BRBMEFVI2HR0;FINANCIAL;-;-;-;-;-;-;-;-;-;1509,73;-;-;-;-;-;-;-
IDIN26P517700;BRBMEFVI2HS8;FINANCIAL;-;-;-;-;-;-;-;-;-;1609,58;-;-;-;-;-;-;-
IDIN26P517800;BRBMEFVI2HT6;FINANCIAL;-;-;-;-;-;-;-;-;-;1709,42;-;-;-;-;-;-;-
IDIN28C657500;BRBMEFCICHU3;FINANCIAL;-;-;-;-;-;-;-;-;-;12425,87;-;-;-;-;-;-;-
IDIN28C657800;BRBMEFCICHV1;FINANCIAL;-;-;-;-;-;-;-;-;-;12240,26;-;-;-;-;-;-;-
IDIN28C658000;BRBMEFCICHX7;FINANCIAL;-;-;-;-;-;-;-;-;-;12117,39;-;-;-;-;-;-;-
IDIN28C660000;BRBMEFCICHY5;FINANCIAL;-;-;-;-;-;-;-;-;-;10928,81;-;-;-;-;-;-;-
IDIN28C662000;BRBMEFCICHZ2;FINANCIAL;-;-;-;-;-;-;-;-;-;9808,12;-;-;-;-;-;-;-
IDIN28C664000;BRBMEFCICI06;FINANCIAL;-;-;-;-;-;-;-;-;-;8763,21;-;-;-;-;-;-;-
IDIN28C666000;BRBMEFCICI14;FINANCIAL;-;-;-;-;-;-;-;-;-;7796,69;-;-;-;-;-;-;-
IDIN28C667000;BRBMEFCICHW9;FINANCIAL;-;-;-;-;-;-;-;-;-;7344,12;-;-;-;-;-;-;-
IDIN28C668000;BRBMEFCICI22;FINANCIAL;-;-;-;-;-;-;-;-;-;6909,82;-;-;-;-;-;-;-
IDIN28C670000;BRBMEFCICI30;FINANCIAL;-;-;-;-;-;-;-;-;-;6102,09;-;-;-;-;-;-;-
IDIN28C672000;BRBMEFCICI48;FINANCIAL;-;-;-;-;-;-;-;-;-;5373,85;-;-;-;-;-;-;-
IDIN28C674000;BRBMEFCICI55;FINANCIAL;-;-;-;-;-;-;-;-;-;4719,62;-;-;-;-;-;-;-
IDIN28C676000;BRBMEFCICI63;FINANCIAL;-;-;-;-;-;-;-;-;-;4134,84;-;-;-;-;-;-;-
IDIN28C678000;BRBMEFCICI71;FINANCIAL;-;-;-;-;-;-;-;-;-;3618,64;-;-;-;-;-;-;-
IDIN28C680000;BRBMEFCICI89;FINANCIAL;-;-;-;-;-;-;-;-;-;3159,57;-;-;-;-;-;-;-
IDIN28C682000;BRBMEFCICI97;FINANCIAL;-;-;-;-;-;-;-;-;-;2756,9;-;-;-;-;-;-;-
IDIN28C684000;BRBMEFCICIA3;FINANCIAL;-;-;-;-;-;-;-;-;-;2404,28;-;-;-;-;-;-;-
IDIN28C686000;BRBMEFCICIB1;FINANCIAL;-;-;-;-;-;-;-;-;-;2096,55;-;-;-;-;-;-;-
IDIN28C688000;BRBMEFCICIC9;FINANCIAL;-;-;-;-;-;-;-;-;-;1827,07;-;-;-;-;-;-;-
IDIN28C690000;BRBMEFCICID7;FINANCIAL;-;-;-;-;-;-;-;-;-;1592,77;-;-;-;-;-;-;-
IDIN28C692000;BRBMEFCICIE5;FINANCIAL;-;-;-;-;-;-;-;-;-;1390,18;-;-;-;-;-;-;-
IDIN28C694000;BRBMEFCICIF2;FINANCIAL;-;-;-;-;-;-;-;-;-;1212,06;-;-;-;-;-;-;-
IDIN28C696000;BRBMEFCICIG0;FINANCIAL;-;-;-;-;-;-;-;-;-;1058,4;-;-;-;-;-;-;-
IDIN28C698000;BRBMEFCICIH8;FINANCIAL;-;-;-;-;-;-;-;-;-;924,52;-;-;-;-;-;-;-
IDIN28C700000;BRBMEFCICII6;FINANCIAL;-;-;-;-;-;-;-;-;-;809,12;-;-;-;-;-;-;-
IDIN28C702000;BRBMEFCICIJ4;FINANCIAL;-;-;-;-;-;-;-;-;-;708,83;-;-;-;-;-;-;-
IDIN28C704000;BRBMEFCICIK2;FINANCIAL;-;-;-;-;-;-;-;-;-;621,32;-;-;-;-;-;-;-
IDIN28C706000;BRBMEFCICIL0;FINANCIAL;-;-;-;-;-;-;-;-;-;545,66;-;-;-;-;-;-;-
IDIN28C708000;BRBMEFCICIM8;FINANCIAL;-;-;-;-;-;-;-;-;-;479,93;-;-;-;-;-;-;-
IDIN28C710000;BRBMEFCICIN6;FINANCIAL;-;-;-;-;-;-;-;-;-;422,46;-;-;-;-;-;-;-
IDIN28C712000;BRBMEFCICIO4;FINANCIAL;-;-;-;-;-;-;-;-;-;372,1;-;-;-;-;-;-;-
IDIN28C714000;BRBMEFCICIP1;FINANCIAL;-;-;-;-;-;-;-;-;-;328,5;-;-;-;-;-;-;-
IDIN28C716000;BRBMEFCICIQ9;FINANCIAL;-;-;-;-;-;-;-;-;-;290,52;-;-;-;-;-;-;-
IDIN28C718000;BRBMEFCICIR7;FINANCIAL;-;-;-;-;-;-;-;-;-;257,23;-;-;-;-;-;-;-
IDIN28C720000;BRBMEFCICIS5;FINANCIAL;-;-;-;-;-;-;-;-;-;228,08;-;-;-;-;-;-;-
IDIN28C722000;BRBMEFCICIT3;FINANCIAL;-;-;-;-;-;-;-;-;-;202,51;-;-;-;-;-;-;-
IDIN28C724000;BRBMEFCICIU1;FINANCIAL;-;-;-;-;-;-;-;-;-;180,11;-;-;-;-;-;-;-
IDIN28C726000;BRBMEFCICIV9;FINANCIAL;-;-;-;-;-;-;-;-;-;160,42;-;-;-;-;-;-;-
IDIN28C728000;BRBMEFCICIW7;FINANCIAL;-;-;-;-;-;-;-;-;-;143,09;-;-;-;-;-;-;-
IDIN28C730000;BRBMEFCICIX5;FINANCIAL;-;-;-;-;-;-;-;-;-;127,76;-;-;-;-;-;-;-
IDIN28C732000;BRBMEFCICIY3;FINANCIAL;-;-;-;-;-;-;-;-;-;114,23;-;-;-;-;-;-;-
IDIN28C734000;BRBMEFCICIZ0;FINANCIAL;-;-;-;-;-;-;-;-;-;102,25;-;-;-;-;-;-;-
IDIN28C736000;BRBMEFCICJ05;FINANCIAL;-;-;-;-;-;-;-;-;-;91,71;-;-;-;-;-;-;-
IDIN28C738000;BRBMEFCICJ13;FINANCIAL;-;-;-;-;-;-;-;-;-;82,37;-;-;-;-;-;-;-
IDIN28C740000;BRBMEFCICJ21;FINANCIAL;-;-;-;-;-;-;-;-;-;74,11;-;-;-;-;-;-;-
IDIN28C742000;BRBMEFCICJ39;FINANCIAL;-;-;-;-;-;-;-;-;-;63,19;-;-;-;-;-;-;-
IDIN28C744000;BRBMEFCICJ47;FINANCIAL;-;-;-;-;-;-;-;-;-;51,94;-;-;-;-;-;-;-
IDIN28C746000;BRBMEFCICJ54;FINANCIAL;-;-;-;-;-;-;-;-;-;42,56;-;-;-;-;-;-;-
IDIN28C748000;BRBMEFCICJ62;FINANCIAL;-;-;-;-;-;-;-;-;-;34,76;-;-;-;-;-;-;-
IDIN28C750000;BRBMEFCICJ70;FINANCIAL;-;-;-;-;-;-;-;-;-;28,31;-;-;-;-;-;-;-
IDIN28P657500;BRBMEFVI2HU4;FINANCIAL;-;-;-;-;-;-;-;-;-;1065,95;-;-;-;-;-;-;-
IDIN28P657800;BRBMEFVI2HV2;FINANCIAL;-;-;-;-;-;-;-;-;-;1110,27;-;-;-;-;-;-;-
IDIN28P658000;BRBMEFVI2HX8;FINANCIAL;-;-;-;-;-;-;-;-;-;1140,68;-;-;-;-;-;-;-
IDIN28P660000;BRBMEFVI2HY6;FINANCIAL;-;-;-;-;-;-;-;-;-;1484,92;-;-;-;-;-;-;-
IDIN28P662000;BRBMEFVI2HZ3;FINANCIAL;-;-;-;-;-;-;-;-;-;1897,05;-;-;-;-;-;-;-
IDIN28P664000;BRBMEFVI2I05;FINANCIAL;-;-;-;-;-;-;-;-;-;2384,96;-;-;-;-;-;-;-
IDIN28P666000;BRBMEFVI2I13;FINANCIAL;-;-;-;-;-;-;-;-;-;2951,27;-;-;-;-;-;-;-
IDIN28P667000;BRBMEFVI2HW0;FINANCIAL;-;-;-;-;-;-;-;-;-;3265,1;-;-;-;-;-;-;-
IDIN28P668000;BRBMEFVI2I21;FINANCIAL;-;-;-;-;-;-;-;-;-;3597,21;-;-;-;-;-;-;-
IDIN28P670000;BRBMEFVI2I39;FINANCIAL;-;-;-;-;-;-;-;-;-;4322,31;-;-;-;-;-;-;-
IDIN28P672000;BRBMEFVI2I47;FINANCIAL;-;-;-;-;-;-;-;-;-;5126,89;-;-;-;-;-;-;-
IDIN28P674000;BRBMEFVI2I54;FINANCIAL;-;-;-;-;-;-;-;-;-;6005,49;-;-;-;-;-;-;-
IDIN28P676000;BRBMEFVI2I62;FINANCIAL;-;-;-;-;-;-;-;-;-;6953,53;-;-;-;-;-;-;-
IDIN28P678000;BRBMEFVI2I70;FINANCIAL;-;-;-;-;-;-;-;-;-;7970,15;-;-;-;-;-;-;-
IDIN28P680000;BRBMEFVI2I88;FINANCIAL;-;-;-;-;-;-;-;-;-;9043,9;-;-;-;-;-;-;-
IDIN28P682000;BRBMEFVI2I96;FINANCIAL;-;-;-;-;-;-;-;-;-;10174,05;-;-;-;-;-;-;-
IDIN28P684000;BRBMEFVI2IA4;FINANCIAL;-;-;-;-;-;-;-;-;-;11354,25;-;-;-;-;-;-;-
IDIN28P686000;BRBMEFVI2IB2;FINANCIAL;-;-;-;-;-;-;-;-;-;12579,35;-;-;-;-;-;-;-
IDIN28P688000;BRBMEFVI2IC0;FINANCIAL;-;-;-;-;-;-;-;-;-;13842,69;-;-;-;-;-;-;-
IDIN28P690000;BRBMEFVI2ID8;FINANCIAL;-;-;-;-;-;-;-;-;-;15141,21;-;-;-;-;-;-;-
IDIN28P692000;BRBMEFVI2IE6;FINANCIAL;-;-;-;-;-;-;-;-;-;16471,45;-;-;-;-;-;-;-
IDIN28P694000;BRBMEFVI2IF3;FINANCIAL;-;-;-;-;-;-;-;-;-;17826,15;-;-;-;-;-;-;-
IDIN28P696000;BRBMEFVI2IG1;FINANCIAL;-;-;-;-;-;-;-;-;-;19205,31;-;-;-;-;-;-;-
IDIN28P698000;BRBMEFVI2IH9;FINANCIAL;-;-;-;-;-;-;-;-;-;20604,26;-;-;-;-;-;-;-
IDIN28P700000;BRBMEFVI2II7;FINANCIAL;-;-;-;-;-;-;-;-;-;22021,68;-;-;-;-;-;-;-
IDIN28P702000;BRBMEFVI2IJ5;FINANCIAL;-;-;-;-;-;-;-;-;-;23454,21;-;-;-;-;-;-;-
IDIN28P704000;BRBMEFVI2IK3;FINANCIAL;-;-;-;-;-;-;-;-;-;24899,52;-;-;-;-;-;-;-
IDIN28P706000;BRBMEFVI2IL1;FINANCIAL;-;-;-;-;-;-;-;-;-;26356,68;-;-;-;-;-;-;-
IDIN28P708000;BRBMEFVI2IM9;FINANCIAL;-;-;-;-;-;-;-;-;-;27823,77;-;-;-;-;-;-;-
IDIN28P710000;BRBMEFVI2IN7;FINANCIAL;-;-;-;-;-;-;-;-;-;29299,13;-;-;-;-;-;-;-
IDIN28P712000;BRBMEFVI2IO5;FINANCIAL;-;-;-;-;-;-;-;-;-;30781,59;-;-;-;-;-;-;-
IDIN28P714000;BRBMEFVI2IP2;FINANCIAL;-;-;-;-;-;-;-;-;-;32270,81;-;-;-;-;-;-;-
IDIN28P716000;BRBMEFVI2IQ0;FINANCIAL;-;-;-;-;-;-;-;-;-;33765,65;-;-;-;-;-;-;-
IDIN28P718000;BRBMEFVI2IR8;FINANCIAL;-;-;-;-;-;-;-;-;-;35265,19;-;-;-;-;-;-;-
IDIN28P720000;BRBMEFVI2IS6;FINANCIAL;-;-;-;-;-;-;-;-;-;36768,85;-;-;-;-;-;-;-
IDIN28P722000;BRBMEFVI2IT4;FINANCIAL;-;-;-;-;-;-;-;-;-;38276,11;-;-;-;-;-;-;-
IDIN28P724000;BRBMEFVI2IU2;FINANCIAL;-;-;-;-;-;-;-;-;-;39786,54;-;-;-;-;-;-;-
IDIN28P726000;BRBMEFVI2IV0;FINANCIAL;-;-;-;-;-;-;-;-;-;41299,67;-;-;-;-;-;-;-
IDIN28P728000;BRBMEFVI2IW8;FINANCIAL;-;-;-;-;-;-;-;-;-;42815,16;-;-;-;-;-;-;-
IDIN28P730000;BRBMEFVI2IX6;FINANCIAL;-;-;-;-;-;-;-;-;-;44332,65;-;-;-;-;-;-;-
IDIN28P732000;BRBMEFVI2IY4;FINANCIAL;-;-;-;-;-;-;-;-;-;45851,94;-;-;-;-;-;-;-
IDIN28P734000;BRBMEFVI2IZ1;FINANCIAL;-;-;-;-;-;-;-;-;-;47372,78;-;-;-;-;-;-;-
IDIN28P736000;BRBMEFVI2J04;FINANCIAL;-;-;-;-;-;-;-;-;-;48895,06;-;-;-;-;-;-;-
IDIN28P738000;BRBMEFVI2J12;FINANCIAL;-;-;-;-;-;-;-;-;-;50418,55;-;-;-;-;-;-;-
IDIN28P740000;BRBMEFVI2J20;FINANCIAL;-;-;-;-;-;-;-;-;-;51943,11;-;-;-;-;-;-;-
IDIN28P742000;BRBMEFVI2J38;FINANCIAL;-;-;-;-;-;-;-;-;-;53465,02;-;-;-;-;-;-;-
IDIN28P744000;BRBMEFVI2J46;FINANCIAL;-;-;-;-;-;-;-;-;-;54986,58;-;-;-;-;-;-;-
IDIN28P746000;BRBMEFVI2J53;FINANCIAL;-;-;-;-;-;-;-;-;-;56510,02;-;-;-;-;-;-;-
IDIN28P748000;BRBMEFVI2J61;FINANCIAL;-;-;-;-;-;-;-;-;-;58035,05;-;-;-;-;-;-;-
IDIN28P750000;BRBMEFVI2J79;FINANCIAL;-;-;-;-;-;-;-;-;-;59561,42;-;-;-;-;-;-;-
IDIV26C530500;BRBMEFCIVW88;FINANCIAL;-;-;-;-;-;-;-;-;-;3267,35;-;-;-;-;-;-;-
IDIV26C531000;BRBMEFCIVW96;FINANCIAL;-;-;-;-;-;-;-;-;-;2784,78;-;-;-;-;-;-;-
IDIV26C531500;BRBMEFCIVWA4;FINANCIAL;-;-;-;-;-;-;-;-;-;2302,21;-;-;-;-;-;-;-
IDIV26C532500;BRBMEFCIVWB2;FINANCIAL;-;-;-;-;-;-;-;-;-;1337,07;-;-;-;-;-;-;-
IDIV26C533000;BRBMEFCIVWC0;FINANCIAL;-;-;-;-;-;-;-;-;-;854,5;-;-;-;-;-;-;-
IDIV26C533500;BRBMEFCIVWD8;FINANCIAL;-;-;-;-;-;-;-;-;-;372,83;-;-;-;-;-;-;-
IDIV26C534500;BRBMEFCIVWE6;FINANCIAL;-;-;-;-;-;-;-;-;-;5,56;-;-;-;-;-;-;-
IDIV26P530500;BRBMEFVIVW85;FINANCIAL;-;-;-;-;-;-;-;-;-;0,01;-;-;-;-;-;-;-
IDIV26P531000;BRBMEFVIVW93;FINANCIAL;-;-;-;-;-;-;-;-;-;0,01;-;-;-;-;-;-;-
IDIV26P531500;BRBMEFVIVWA4;FINANCIAL;-;-;-;-;-;-;-;-;-;0,01;-;-;-;-;-;-;-
IDIV26P532500;BRBMEFVIVWB2;FINANCIAL;-;-;-;-;-;-;-;-;-;0,01;-;-;-;-;-;-;-
IDIV26P533000;BRBMEFVIVWC0;FINANCIAL;-;-;-;-;-;-;-;-;-;0,01;-;-;-;-;-;-;-
IDIV26P533500;BRBMEFVIVWD8;FINANCIAL;-;-;-;-;-;-;-;-;-;0,91;-;-;-;-;-;-;-
IDIV26P534500;BRBMEFVIVWE6;FINANCIAL;-;-;-;-;-;-;-;-;-;598,77;-;-;-;-;-;-;-
D11F27C001400;BRBMEFCD1DZ2;FINANCIAL;-;-;-;-;-;-;-;-;-;150,72;-;-;-;-;-;-;-
D11F27C001425;BRBMEFCD1E01;FINANCIAL;-;-;-;-;-;-;-;-;-;127,79;-;-;-;-;-;-;-
D11F27C001450;BRBMEFCD1E19;FINANCIAL;-;-;-;-;-;-;-;-;-;108,18;-;-;-;-;-;-;-
D11F27C001475;BRBMEFCD1E27;FINANCIAL;-;-;-;-;-;-;-;-;-;91,84;-;-;-;-;-;-;-
D11F27C001500;BRBMEFCD1E35;FINANCIAL;-;-;-;-;-;-;-;-;-;78,02;-;-;-;-;-;-;-
D11F27P001400;BRBMEFVD1DL9;FINANCIAL;-;-;-;-;-;-;-;-;-;84,53;-;-;-;-;-;-;-
D11F27P001425;BRBMEFVD1DM7;FINANCIAL;-;-;-;-;-;-;-;-;-;108,82;-;-;-;-;-;-;-
D11F27P001450;BRBMEFVD1DN5;FINANCIAL;-;-;-;-;-;-;-;-;-;136,31;-;-;-;-;-;-;-
D11F27P001475;BRBMEFVD1DO3;FINANCIAL;-;-;-;-;-;-;-;-;-;166,94;-;-;-;-;-;-;-
D11F27P001500;BRBMEFVD1DP0;FINANCIAL;-;-;-;-;-;-;-;-;-;199,96;-;-;-;-;-;-;-
IDIF27C553900;BRBMEFCIAX09;FINANCIAL;-;-;-;-;-;-;-;-;-;129,83;-;-;-;-;-;-;-
IDIF27P553900;BRBMEFVI1X07;FINANCIAL;-;-;-;-;-;-;-;-;-;2413,45;-;-;-;-;-;-;-
IDIN26C519100;BRBMEFCICJ96;FINANCIAL;-;-;-;-;-;-;-;-;-;0,01;-;-;-;-;-;-;-
IDIN26P519100;BRBMEFVI2J95;FINANCIAL;-;-;-;-;-;-;-;-;-;3007,37;-;-;-;-;-;-;-
IDIN27C588100;BRBMEFCICJA1;FINANCIAL;-;-;-;-;-;-;-;-;-;1741,46;-;-;-;-;-;-;-
IDIN27P588100;BRBMEFVI2JA2;FINANCIAL;-;-;-;-;-;-;-;-;-;1236,54;-;-;-;-;-;-;-
IDIF27C547400;BRBMEFCIAX17;FINANCIAL;-;-;-;-;-;-;-;-;-;3791,98;-;-;-;-;-;-;-
IDIF27C547500;BRBMEFCIAX25;FINANCIAL;-;-;-;-;-;-;-;-;-;3699,01;-;-;-;-;-;-;-
IDIF27C547600;BRBMEFCIAX33;FINANCIAL;-;-;-;-;-;-;-;-;-;3606,14;-;-;-;-;-;-;-
IDIF27C547700;BRBMEFCIAX41;FINANCIAL;-;-;-;-;-;-;-;-;-;3513,37;-;-;-;-;-;-;-
IDIF27C547800;BRBMEFCIAX58;FINANCIAL;-;-;-;-;-;-;-;-;-;3420,74;-;-;-;-;-;-;-
IDIF27C547900;BRBMEFCIAX66;FINANCIAL;-;-;-;-;-;-;-;-;-;3327,87;-;-;-;-;-;-;-
IDIF27C548100;BRBMEFCIAX74;FINANCIAL;-;-;-;-;-;-;-;-;-;3141,77;-;-;-;-;-;-;-
IDIF27C548200;BRBMEFCIAX82;FINANCIAL;-;-;-;-;-;-;-;-;-;3048,79;-;-;-;-;-;-;-
IDIF27C548300;BRBMEFCIAX90;FINANCIAL;-;-;-;-;-;-;-;-;-;2955,83;-;-;-;-;-;-;-
IDIF27C548400;BRBMEFCIAXA6;FINANCIAL;-;-;-;-;-;-;-;-;-;2862,87;-;-;-;-;-;-;-
IDIF27C548500;BRBMEFCIAXB4;FINANCIAL;-;-;-;-;-;-;-;-;-;2769,95;-;-;-;-;-;-;-
IDIF27C548600;BRBMEFCIAXC2;FINANCIAL;-;-;-;-;-;-;-;-;-;2677,05;-;-;-;-;-;-;-
IDIF27C548700;BRBMEFCIAXD0;FINANCIAL;-;-;-;-;-;-;-;-;-;2584,21;-;-;-;-;-;-;-
IDIF27C548800;BRBMEFCIAXE8;FINANCIAL;-;-;-;-;-;-;-;-;-;2491,51;-;-;-;-;-;-;-
IDIF27C548900;BRBMEFCIAXF5;FINANCIAL;-;-;-;-;-;-;-;-;-;2398,89;-;-;-;-;-;-;-
IDIF27C549000;BRBMEFCIAXG3;FINANCIAL;-;-;-;-;-;-;-;-;-;2306,41;-;-;-;-;-;-;-
IDIF27C549100;BRBMEFCIAXH1;FINANCIAL;-;-;-;-;-;-;-;-;-;2214,03;-;-;-;-;-;-;-
IDIF27C549200;BRBMEFCIAXI9;FINANCIAL;-;-;-;-;-;-;-;-;-;2121,84;-;-;-;-;-;-;-
IDIF27C549300;BRBMEFCIAXJ7;FINANCIAL;-;-;-;-;-;-;-;-;-;2029,83;-;-;-;-;-;-;-
IDIF27P547400;BRBMEFVI1X15;FINANCIAL;-;-;-;-;-;-;-;-;-;2,07;-;-;-;-;-;-;-
IDIF27P547500;BRBMEFVI1X23;FINANCIAL;-;-;-;-;-;-;-;-;-;2,54;-;-;-;-;-;-;-
IDIF27P547600;BRBMEFVI1X31;FINANCIAL;-;-;-;-;-;-;-;-;-;3,1;-;-;-;-;-;-;-
IDIF27P547700;BRBMEFVI1X49;FINANCIAL;-;-;-;-;-;-;-;-;-;3,78;-;-;-;-;-;-;-
IDIF27P547800;BRBMEFVI1X56;FINANCIAL;-;-;-;-;-;-;-;-;-;4,58;-;-;-;-;-;-;-
IDIF27P547900;BRBMEFVI1X64;FINANCIAL;-;-;-;-;-;-;-;-;-;5,15;-;-;-;-;-;-;-
IDIF27P548100;BRBMEFVI1X72;FINANCIAL;-;-;-;-;-;-;-;-;-;5,93;-;-;-;-;-;-;-
IDIF27P548200;BRBMEFVI1X80;FINANCIAL;-;-;-;-;-;-;-;-;-;6,39;-;-;-;-;-;-;-
IDIF27P548300;BRBMEFVI1X98;FINANCIAL;-;-;-;-;-;-;-;-;-;6,87;-;-;-;-;-;-;-
IDIF27P548400;BRBMEFVI1XA5;FINANCIAL;-;-;-;-;-;-;-;-;-;7,35;-;-;-;-;-;-;-
IDIF27P548500;BRBMEFVI1XB3;FINANCIAL;-;-;-;-;-;-;-;-;-;7,87;-;-;-;-;-;-;-
IDIF27P548600;BRBMEFVI1XC1;FINANCIAL;-;-;-;-;-;-;-;-;-;8,41;-;-;-;-;-;-;-
IDIF27P548700;BRBMEFVI1XD9;FINANCIAL;-;-;-;-;-;-;-;-;-;9;-;-;-;-;-;-;-
IDIF27P548800;BRBMEFVI1XE7;FINANCIAL;-;-;-;-;-;-;-;-;-;9,74;-;-;-;-;-;-;-
IDIF27P548900;BRBMEFVI1XF4;FINANCIAL;-;-;-;-;-;-;-;-;-;10,56;-;-;-;-;-;-;-
IDIF27P549000;BRBMEFVI1XG2;FINANCIAL;-;-;-;-;-;-;-;-;-;11,52;-;-;-;-;-;-;-
IDIF27P549100;BRBMEFVI1XH0;FINANCIAL;-;-;-;-;-;-;-;-;-;12,58;-;-;-;-;-;-;-
IDIF27P549200;BRBMEFVI1XI8;FINANCIAL;-;-;-;-;-;-;-;-;-;13,82;-;-;-;-;-;-;-
IDIF27P549300;BRBMEFVI1XJ6;FINANCIAL;-;-;-;-;-;-;-;-;-;15,26;-;-;-;-;-;-;-
IDIQ26C520700;BRBMEFCIQ7R8;FINANCIAL;-;-;-;-;-;-;-;-;-;1638,21;-;-;-;-;-;-;-
IDIQ26C520800;BRBMEFCIQ7S6;FINANCIAL;-;-;-;-;-;-;-;-;-;1539,56;-;-;-;-;-;-;-
IDIQ26C520900;BRBMEFCIQ7T4;FINANCIAL;-;-;-;-;-;-;-;-;-;1440,92;-;-;-;-;-;-;-
IDIQ26C521000;BRBMEFCIQ7U2;FINANCIAL;-;-;-;-;-;-;-;-;-;1342,28;-;-;-;-;-;-;-
IDIQ26C521100;BRBMEFCIQ7V0;FINANCIAL;-;-;-;-;-;-;-;-;-;1243,63;-;-;-;-;-;-;-
IDIQ26C521200;BRBMEFCIQ7W8;FINANCIAL;-;-;-;-;-;-;-;-;-;1144,99;-;-;-;-;-;-;-
IDIQ26C521300;BRBMEFCIQ7X6;FINANCIAL;-;-;-;-;-;-;-;-;-;1046,35;-;-;-;-;-;-;-
IDIQ26C521400;BRBMEFCIQ7Y4;FINANCIAL;-;-;-;-;-;-;-;-;-;947,7;-;-;-;-;-;-;-
IDIQ26C521500;BRBMEFCIQ7Z1;FINANCIAL;-;-;-;-;-;-;-;-;-;849,06;-;-;-;-;-;-;-
IDIQ26C521600;BRBMEFCIQ804;FINANCIAL;-;-;-;-;-;-;-;-;-;750,42;-;-;-;-;-;-;-
IDIQ26C521700;BRBMEFCIQ812;FINANCIAL;-;-;-;-;-;-;-;-;-;651,77;-;-;-;-;-;-;-
IDIQ26C521800;BRBMEFCIQ820;FINANCIAL;-;-;-;-;-;-;-;-;-;553,13;-;-;-;-;-;-;-
IDIQ26C521900;BRBMEFCIQ838;FINANCIAL;-;-;-;-;-;-;-;-;-;454,48;-;-;-;-;-;-;-
IDIQ26C522000;BRBMEFCIQ846;FINANCIAL;-;-;-;-;-;-;-;-;-;355,84;-;-;-;-;-;-;-
IDIQ26C522100;BRBMEFCIQ853;FINANCIAL;-;-;-;-;-;-;-;-;-;257,2;-;-;-;-;-;-;-
IDIQ26C522200;BRBMEFCIQ861;FINANCIAL;-;-;-;-;-;-;-;-;-;158,55;-;-;-;-;-;-;-
IDIQ26C522300;BRBMEFCIQ879;FINANCIAL;-;-;-;-;-;-;-;-;-;60,07;-;-;-;-;-;-;-
IDIQ26C522400;BRBMEFCIQ887;FINANCIAL;-;-;-;-;-;-;-;-;-;0,47;-;-;-;-;-;-;-
IDIQ26C522500;BRBMEFCIQ895;FINANCIAL;-;-;-;-;-;-;-;-;-;0,01;-;-;-;-;-;-;-
IDIQ26C522600;BRBMEFCIQ8A2;FINANCIAL;-;-;-;-;-;-;-;-;-;0,01;-;-;-;-;-;-;-
IDIQ26C522700;BRBMEFCIQ8B0;FINANCIAL;-;-;-;-;-;-;-;-;-;0,01;-;-;-;-;-;-;-
IDIQ26C522800;BRBMEFCIQ8C8;FINANCIAL;-;-;-;-;-;-;-;-;-;0,01;-;-;-;-;-;-;-
IDIQ26C522900;BRBMEFCIQ8D6;FINANCIAL;-;-;-;-;-;-;-;-;-;0,01;-;-;-;-;-;-;-
IDIQ26C523000;BRBMEFCIQ8E4;FINANCIAL;-;-;-;-;-;-;-;-;-;0,01;-;-;-;-;-;-;-
IDIQ26P520700;BRBMEFVIQ7R5;FINANCIAL;-;-;-;-;-;-;-;-;-;0,01;-;-;-;-;-;-;-
IDIQ26P520800;BRBMEFVIQ7S3;FINANCIAL;-;-;-;-;-;-;-;-;-;0,01;-;-;-;-;-;-;-
IDIQ26P520900;BRBMEFVIQ7T1;FINANCIAL;-;-;-;-;-;-;-;-;-;0,01;-;-;-;-;-;-;-
IDIQ26P521000;BRBMEFVIQ7U9;FINANCIAL;-;-;-;-;-;-;-;-;-;0,01;-;-;-;-;-;-;-
IDIQ26P521100;BRBMEFVIQ7V7;FINANCIAL;-;-;-;-;-;-;-;-;-;0,01;-;-;-;-;-;-;-
IDIQ26P521200;BRBMEFVIQ7W5;FINANCIAL;-;-;-;-;-;-;-;-;-;0,01;-;-;-;-;-;-;-
IDIQ26P521300;BRBMEFVIQ7X3;FINANCIAL;-;-;-;-;-;-;-;-;-;0,01;-;-;-;-;-;-;-
IDIQ26P521400;BRBMEFVIQ7Y1;FINANCIAL;-;-;-;-;-;-;-;-;-;0,01;-;-;-;-;-;-;-
IDIQ26P521500;BRBMEFVIQ7Z8;FINANCIAL;-;-;-;-;-;-;-;-;-;0,01;-;-;-;-;-;-;-
IDIQ26P521600;BRBMEFVIQ804;FINANCIAL;-;-;-;-;-;-;-;-;-;0,01;-;-;-;-;-;-;-
IDIQ26P521700;BRBMEFVIQ812;FINANCIAL;-;-;-;-;-;-;-;-;-;0,01;-;-;-;-;-;-;-
IDIQ26P521800;BRBMEFVIQ820;FINANCIAL;-;-;-;-;-;-;-;-;-;0,01;-;-;-;-;-;-;-
IDIQ26P521900;BRBMEFVIQ838;FINANCIAL;-;-;-;-;-;-;-;-;-;0,01;-;-;-;-;-;-;-
IDIQ26P522000;BRBMEFVIQ846;FINANCIAL;-;-;-;-;-;-;-;-;-;0,01;-;-;-;-;-;-;-
IDIQ26P522100;BRBMEFVIQ853;FINANCIAL;-;-;-;-;-;-;-;-;-;0,01;-;-;-;-;-;-;-
IDIQ26P522200;BRBMEFVIQ861;FINANCIAL;-;-;-;-;-;-;-;-;-;0,01;-;-;-;-;-;-;-
IDIQ26P522300;BRBMEFVIQ879;FINANCIAL;-;-;-;-;-;-;-;-;-;0,16;-;-;-;-;-;-;-
IDIQ26P522400;BRBMEFVIQ887;FINANCIAL;-;-;-;-;-;-;-;-;-;39,2;-;-;-;-;-;-;-
IDIQ26P522500;BRBMEFVIQ895;FINANCIAL;-;-;-;-;-;-;-;-;-;137,38;-;-;-;-;-;-;-
IDIQ26P522600;BRBMEFVIQ8A9;FINANCIAL;-;-;-;-;-;-;-;-;-;236,02;-;-;-;-;-;-;-
IDIQ26P522700;BRBMEFVIQ8B7;FINANCIAL;-;-;-;-;-;-;-;-;-;334,66;-;-;-;-;-;-;-
IDIQ26P522800;BRBMEFVIQ8C5;FINANCIAL;-;-;-;-;-;-;-;-;-;433,31;-;-;-;-;-;-;-
IDIQ26P522900;BRBMEFVIQ8D3;FINANCIAL;-;-;-;-;-;-;-;-;-;531,95;-;-;-;-;-;-;-
IDIQ26P523000;BRBMEFVIQ8E1;FINANCIAL;-;-;-;-;-;-;-;-;-;630,59;-;-;-;-;-;-;-
IDIV26C531600;BRBMEFCIVWF3;FINANCIAL;-;-;-;-;-;-;-;-;-;2205,7;-;-;-;-;-;-;-
IDIV26C531700;BRBMEFCIVWG1;FINANCIAL;-;-;-;-;-;-;-;-;-;2109,18;-;-;-;-;-;-;-
IDIV26C531800;BRBMEFCIVWH9;FINANCIAL;-;-;-;-;-;-;-;-;-;2012,67;-;-;-;-;-;-;-
IDIV26C531900;BRBMEFCIVWI7;FINANCIAL;-;-;-;-;-;-;-;-;-;1916,15;-;-;-;-;-;-;-
IDIV26C532100;BRBMEFCIVWJ5;FINANCIAL;-;-;-;-;-;-;-;-;-;1723,13;-;-;-;-;-;-;-
IDIV26C532200;BRBMEFCIVWK3;FINANCIAL;-;-;-;-;-;-;-;-;-;1626,61;-;-;-;-;-;-;-
IDIV26C532300;BRBMEFCIVWL1;FINANCIAL;-;-;-;-;-;-;-;-;-;1530,1;-;-;-;-;-;-;-
IDIV26C532400;BRBMEFCIVWM9;FINANCIAL;-;-;-;-;-;-;-;-;-;1433,58;-;-;-;-;-;-;-
IDIV26C532600;BRBMEFCIVWN7;FINANCIAL;-;-;-;-;-;-;-;-;-;1240,55;-;-;-;-;-;-;-
IDIV26C532700;BRBMEFCIVWO5;FINANCIAL;-;-;-;-;-;-;-;-;-;1144,04;-;-;-;-;-;-;-
IDIV26C532800;BRBMEFCIVWP2;FINANCIAL;-;-;-;-;-;-;-;-;-;1047,53;-;-;-;-;-;-;-
IDIV26C532900;BRBMEFCIVWQ0;FINANCIAL;-;-;-;-;-;-;-;-;-;951,01;-;-;-;-;-;-;-
IDIV26C533100;BRBMEFCIVWR8;FINANCIAL;-;-;-;-;-;-;-;-;-;757,98;-;-;-;-;-;-;-
IDIV26C533200;BRBMEFCIVWS6;FINANCIAL;-;-;-;-;-;-;-;-;-;661,48;-;-;-;-;-;-;-
IDIV26C533300;BRBMEFCIVWT4;FINANCIAL;-;-;-;-;-;-;-;-;-;565,02;-;-;-;-;-;-;-
IDIV26C533400;BRBMEFCIVWU2;FINANCIAL;-;-;-;-;-;-;-;-;-;468,81;-;-;-;-;-;-;-
IDIV26C533600;BRBMEFCIVWV0;FINANCIAL;-;-;-;-;-;-;-;-;-;277,32;-;-;-;-;-;-;-
IDIV26C533700;BRBMEFCIVWW8;FINANCIAL;-;-;-;-;-;-;-;-;-;184,27;-;-;-;-;-;-;-
IDIV26C533800;BRBMEFCIVWX6;FINANCIAL;200;200;200;200;200;-38,18;-;-;-;97,57;-;-;-;-;1;12;2400
IDIV26P531600;BRBMEFVIVWF3;FINANCIAL;-;-;-;-;-;-;-;-;-;0,01;-;-;-;-;-;-;-
IDIV26P531700;BRBMEFVIVWG1;FINANCIAL;-;-;-;-;-;-;-;-;-;0,01;-;-;-;-;-;-;-
IDIV26P531800;BRBMEFVIVWH9;FINANCIAL;-;-;-;-;-;-;-;-;-;0,01;-;-;-;-;-;-;-
IDIV26P531900;BRBMEFVIVWI7;FINANCIAL;-;-;-;-;-;-;-;-;-;0,01;-;-;-;-;-;-;-
IDIV26P532100;BRBMEFVIVWJ5;FINANCIAL;-;-;-;-;-;-;-;-;-;0,01;-;-;-;-;-;-;-
IDIV26P532200;BRBMEFVIVWK3;FINANCIAL;-;-;-;-;-;-;-;-;-;0,01;-;-;-;-;-;-;-
IDIV26P532300;BRBMEFVIVWL1;FINANCIAL;-;-;-;-;-;-;-;-;-;0,01;-;-;-;-;-;-;-
IDIV26P532400;BRBMEFVIVWM9;FINANCIAL;-;-;-;-;-;-;-;-;-;0,01;-;-;-;-;-;-;-
IDIV26P532600;BRBMEFVIVWN7;FINANCIAL;-;-;-;-;-;-;-;-;-;0,01;-;-;-;-;-;-;-
IDIV26P532700;BRBMEFVIVWO5;FINANCIAL;-;-;-;-;-;-;-;-;-;0,01;-;-;-;-;-;-;-
IDIV26P532800;BRBMEFVIVWP2;FINANCIAL;-;-;-;-;-;-;-;-;-;0,01;-;-;-;-;-;-;-
IDIV26P532900;BRBMEFVIVWQ0;FINANCIAL;-;-;-;-;-;-;-;-;-;0,01;-;-;-;-;-;-;-
IDIV26P533100;BRBMEFVIVWR8;FINANCIAL;-;-;-;-;-;-;-;-;-;0,01;-;-;-;-;-;-;-
IDIV26P533200;BRBMEFVIVWS6;FINANCIAL;-;-;-;-;-;-;-;-;-;0,01;-;-;-;-;-;-;-
IDIV26P533300;BRBMEFVIVWT4;FINANCIAL;1;1;1;1;1;809,09;-;-;-;0,07;-;-;-;-;1;17;17
IDIV26P533400;BRBMEFVIVWU2;FINANCIAL;-;-;-;-;-;-;-;-;-;0,37;-;-;-;-;-;-;-
IDIV26P533600;BRBMEFVIVWV0;FINANCIAL;-;-;-;-;-;-;-;-;-;1,9;-;-;-;-;-;-;-
IDIV26P533700;BRBMEFVIVWW8;FINANCIAL;-;-;-;-;-;-;-;-;-;5,37;-;-;-;-;-;-;-
IDIV26P533800;BRBMEFVIVWX6;FINANCIAL;-;-;-;-;-;-;-;-;-;15,19;-;-;-;-;-;-;-
IDIF27C544400;BRBMEFCIAXK5;FINANCIAL;-;-;-;-;-;-;-;-;-;6593,09;-;-;-;-;-;-;-
IDIF27C544600;BRBMEFCIAXL3;FINANCIAL;-;-;-;-;-;-;-;-;-;6406,21;-;-;-;-;-;-;-
IDIF27C544700;BRBMEFCIAXM1;FINANCIAL;-;-;-;-;-;-;-;-;-;6312,77;-;-;-;-;-;-;-
IDIF27C544800;BRBMEFCIAXN9;FINANCIAL;-;-;-;-;-;-;-;-;-;6219,33;-;-;-;-;-;-;-
IDIF27C544900;BRBMEFCIAXO7;FINANCIAL;-;-;-;-;-;-;-;-;-;6125,89;-;-;-;-;-;-;-
IDIF27C545100;BRBMEFCIAXP4;FINANCIAL;-;-;-;-;-;-;-;-;-;5939,02;-;-;-;-;-;-;-
IDIF27C545200;BRBMEFCIAXQ2;FINANCIAL;-;-;-;-;-;-;-;-;-;5845,58;-;-;-;-;-;-;-
IDIF27C545300;BRBMEFCIAXR0;FINANCIAL;-;-;-;-;-;-;-;-;-;5752,15;-;-;-;-;-;-;-
IDIF27C545400;BRBMEFCIAXS8;FINANCIAL;-;-;-;-;-;-;-;-;-;5658,71;-;-;-;-;-;-;-
IDIF27C545600;BRBMEFCIAXT6;FINANCIAL;-;-;-;-;-;-;-;-;-;5471,85;-;-;-;-;-;-;-
IDIF27C545700;BRBMEFCIAXU4;FINANCIAL;-;-;-;-;-;-;-;-;-;5378,42;-;-;-;-;-;-;-
IDIF27C545800;BRBMEFCIAXV2;FINANCIAL;-;-;-;-;-;-;-;-;-;5284,99;-;-;-;-;-;-;-
IDIF27C545900;BRBMEFCIAXW0;FINANCIAL;-;-;-;-;-;-;-;-;-;5191,56;-;-;-;-;-;-;-
IDIF27P544400;BRBMEFVI1XK4;FINANCIAL;-;-;-;-;-;-;-;-;-;0,01;-;-;-;-;-;-;-
IDIF27P544600;BRBMEFVI1XL2;FINANCIAL;-;-;-;-;-;-;-;-;-;0,01;-;-;-;-;-;-;-
IDIF27P544700;BRBMEFVI1XM0;FINANCIAL;-;-;-;-;-;-;-;-;-;0,01;-;-;-;-;-;-;-
IDIF27P544800;BRBMEFVI1XN8;FINANCIAL;-;-;-;-;-;-;-;-;-;0,01;-;-;-;-;-;-;-
IDIF27P544900;BRBMEFVI1XO6;FINANCIAL;-;-;-;-;-;-;-;-;-;0,01;-;-;-;-;-;-;-
IDIF27P545100;BRBMEFVI1XP3;FINANCIAL;-;-;-;-;-;-;-;-;-;0,01;-;-;-;-;-;-;-
IDIF27P545200;BRBMEFVI1XQ1;FINANCIAL;-;-;-;-;-;-;-;-;-;0,01;-;-;-;-;-;-;-
IDIF27P545300;BRBMEFVI1XR9;FINANCIAL;-;-;-;-;-;-;-;-;-;0,01;-;-;-;-;-;-;-
IDIF27P545400;BRBMEFVI1XS7;FINANCIAL;-;-;-;-;-;-;-;-;-;0,02;-;-;-;-;-;-;-
IDIF27P545600;BRBMEFVI1XT5;FINANCIAL;-;-;-;-;-;-;-;-;-;0,03;-;-;-;-;-;-;-
IDIF27P545700;BRBMEFVI1XU3;FINANCIAL;-;-;-;-;-;-;-;-;-;0,04;-;-;-;-;-;-;-
IDIF27P545800;BRBMEFVI1XV1;FINANCIAL;-;-;-;-;-;-;-;-;-;0,05;-;-;-;-;-;-;-
IDIF27P545900;BRBMEFVI1XW9;FINANCIAL;-;-;-;-;-;-;-;-;-;0,06;-;-;-;-;-;-;-
IDIQ26C520600;BRBMEFCIQ8F1;FINANCIAL;-;-;-;-;-;-;-;-;-;1736,85;-;-;-;-;-;-;-
IDIQ26C523100;BRBMEFCIQ8G9;FINANCIAL;-;-;-;-;-;-;-;-;-;0,01;-;-;-;-;-;-;-
IDIQ26C523200;BRBMEFCIQ8H7;FINANCIAL;-;-;-;-;-;-;-;-;-;0,01;-;-;-;-;-;-;-
IDIQ26P520600;BRBMEFVIQ8F8;FINANCIAL;-;-;-;-;-;-;-;-;-;0,01;-;-;-;-;-;-;-
IDIQ26P523100;BRBMEFVIQ8G6;FINANCIAL;-;-;-;-;-;-;-;-;-;729,24;-;-;-;-;-;-;-
IDIQ26P523200;BRBMEFVIQ8H4;FINANCIAL;-;-;-;-;-;-;-;-;-;827,88;-;-;-;-;-;-;-
IDIU26C526100;BRBMEFCIU8M1;FINANCIAL;-;-;-;-;-;-;-;-;-;1950,89;-;-;-;-;-;-;-
IDIU26C526200;BRBMEFCIU8N9;FINANCIAL;-;-;-;-;-;-;-;-;-;1853,32;-;-;-;-;-;-;-
IDIU26C526300;BRBMEFCIU8O7;FINANCIAL;-;-;-;-;-;-;-;-;-;1755,75;-;-;-;-;-;-;-
IDIU26C526400;BRBMEFCIU8P4;FINANCIAL;-;-;-;-;-;-;-;-;-;1658,17;-;-;-;-;-;-;-
IDIU26C526500;BRBMEFCIU8Q2;FINANCIAL;-;-;-;-;-;-;-;-;-;1560,6;-;-;-;-;-;-;-
IDIU26C526600;BRBMEFCIU8R0;FINANCIAL;-;-;-;-;-;-;-;-;-;1463,03;-;-;-;-;-;-;-
IDIU26C526700;BRBMEFCIU8S8;FINANCIAL;-;-;-;-;-;-;-;-;-;1365,46;-;-;-;-;-;-;-
IDIU26C526800;BRBMEFCIU8T6;FINANCIAL;-;-;-;-;-;-;-;-;-;1267,89;-;-;-;-;-;-;-
IDIU26C526900;BRBMEFCIU8U4;FINANCIAL;-;-;-;-;-;-;-;-;-;1170,32;-;-;-;-;-;-;-
IDIU26C527000;BRBMEFCIU8V2;FINANCIAL;-;-;-;-;-;-;-;-;-;1072,74;-;-;-;-;-;-;-
IDIU26C527100;BRBMEFCIU8W0;FINANCIAL;-;-;-;-;-;-;-;-;-;975,17;-;-;-;-;-;-;-
IDIU26C527200;BRBMEFCIU8X8;FINANCIAL;-;-;-;-;-;-;-;-;-;877,6;-;-;-;-;-;-;-
IDIU26C527300;BRBMEFCIU8Y6;FINANCIAL;-;-;-;-;-;-;-;-;-;780,03;-;-;-;-;-;-;-
IDIU26C527400;BRBMEFCIU8Z3;FINANCIAL;-;-;-;-;-;-;-;-;-;682,46;-;-;-;-;-;-;-
IDIU26C527500;BRBMEFCIU905;FINANCIAL;-;-;-;-;-;-;-;-;-;584,89;-;-;-;-;-;-;-
IDIU26C527600;BRBMEFCIU913;FINANCIAL;-;-;-;-;-;-;-;-;-;487,31;-;-;-;-;-;-;-
IDIU26C527700;BRBMEFCIU921;FINANCIAL;-;-;-;-;-;-;-;-;-;389,74;-;-;-;-;-;-;-
IDIU26C527800;BRBMEFCIU939;FINANCIAL;-;-;-;-;-;-;-;-;-;292,17;-;-;-;-;-;-;-
IDIU26C527900;BRBMEFCIU947;FINANCIAL;-;-;-;-;-;-;-;-;-;194,69;-;-;-;-;-;-;-
IDIU26C528000;BRBMEFCIU954;FINANCIAL;-;-;-;-;-;-;-;-;-;97,94;-;-;-;-;-;-;-
IDIU26C528100;BRBMEFCIU962;FINANCIAL;-;-;-;-;-;-;-;-;-;21,92;-;-;-;-;-;-;-
IDIU26C528200;BRBMEFCIU970;FINANCIAL;-;-;-;-;-;-;-;-;-;1,54;-;-;-;-;-;-;-
IDIU26C528300;BRBMEFCIU988;FINANCIAL;-;-;-;-;-;-;-;-;-;1,31;-;-;-;-;-;-;-
IDIU26C528400;BRBMEFCIU996;FINANCIAL;-;-;-;-;-;-;-;-;-;0,29;-;-;-;-;-;-;-
IDIU26C528500;BRBMEFCIU9A4;FINANCIAL;-;-;-;-;-;-;-;-;-;0,02;-;-;-;-;-;-;-
IDIU26C528600;BRBMEFCIU9B2;FINANCIAL;-;-;-;-;-;-;-;-;-;0,01;-;-;-;-;-;-;-
IDIU26C528700;BRBMEFCIU9C0;FINANCIAL;-;-;-;-;-;-;-;-;-;0,01;-;-;-;-;-;-;-
IDIU26P526100;BRBMEFVIU8M8;FINANCIAL;-;-;-;-;-;-;-;-;-;0,01;-;-;-;-;-;-;-
IDIU26P526200;BRBMEFVIU8N6;FINANCIAL;-;-;-;-;-;-;-;-;-;0,01;-;-;-;-;-;-;-
IDIU26P526300;BRBMEFVIU8O4;FINANCIAL;-;-;-;-;-;-;-;-;-;0,01;-;-;-;-;-;-;-
IDIU26P526400;BRBMEFVIU8P1;FINANCIAL;-;-;-;-;-;-;-;-;-;0,01;-;-;-;-;-;-;-
IDIU26P526500;BRBMEFVIU8Q9;FINANCIAL;-;-;-;-;-;-;-;-;-;0,01;-;-;-;-;-;-;-
IDIU26P526600;BRBMEFVIU8R7;FINANCIAL;-;-;-;-;-;-;-;-;-;0,01;-;-;-;-;-;-;-
IDIU26P526700;BRBMEFVIU8S5;FINANCIAL;-;-;-;-;-;-;-;-;-;0,01;-;-;-;-;-;-;-
IDIU26P526800;BRBMEFVIU8T3;FINANCIAL;-;-;-;-;-;-;-;-;-;0,01;-;-;-;-;-;-;-
IDIU26P526900;BRBMEFVIU8U1;FINANCIAL;-;-;-;-;-;-;-;-;-;0,01;-;-;-;-;-;-;-
IDIU26P527000;BRBMEFVIU8V9;FINANCIAL;-;-;-;-;-;-;-;-;-;0,01;-;-;-;-;-;-;-
IDIU26P527100;BRBMEFVIU8W7;FINANCIAL;-;-;-;-;-;-;-;-;-;0,01;-;-;-;-;-;-;-
D13V26C001200;BRBMEFD301M5;FINANCIAL;-;-;-;-;-;-;-;-;-;1666,51;-;-;-;-;-;-;-
D13V26C001225;BRBMEFD301N3;FINANCIAL;-;-;-;-;-;-;-;-;-;1481,62;-;-;-;-;-;-;-
D13V26C001250;BRBMEFD301O1;FINANCIAL;-;-;-;-;-;-;-;-;-;1301,2;-;-;-;-;-;-;-
D13V26C001275;BRBMEFD301P8;FINANCIAL;-;-;-;-;-;-;-;-;-;1126,7;-;-;-;-;-;-;-
D13V26C001300;BRBMEFD301Q6;FINANCIAL;-;-;-;-;-;-;-;-;-;962,81;-;-;-;-;-;-;-
D13V26C001325;BRBMEFD301R4;FINANCIAL;-;-;-;-;-;-;-;-;-;812,05;-;-;-;-;-;-;-
D13V26C001350;BRBMEFD301S2;FINANCIAL;-;-;-;-;-;-;-;-;-;675,63;-;-;-;-;-;-;-
D13V26C001375;BRBMEFD301T0;FINANCIAL;-;-;-;-;-;-;-;-;-;557,33;-;-;-;-;-;-;-
D13V26C001400;BRBMEFD301U8;FINANCIAL;-;-;-;-;-;-;-;-;-;456,51;-;-;-;-;-;-;-
D13V26C001425;BRBMEFD301V6;FINANCIAL;-;-;-;-;-;-;-;-;-;372,42;-;-;-;-;-;-;-
D13V26C001450;BRBMEFD301W4;FINANCIAL;-;-;-;-;-;-;-;-;-;303,65;-;-;-;-;-;-;-
D13V26C001475;BRBMEFD301X2;FINANCIAL;-;-;-;-;-;-;-;-;-;247,71;-;-;-;-;-;-;-
D13V26C001500;BRBMEFD301Y0;FINANCIAL;-;-;-;-;-;-;-;-;-;203,22;-;-;-;-;-;-;-
D13V26C001525;BRBMEFD301Z7;FINANCIAL;-;-;-;-;-;-;-;-;-;167,83;-;-;-;-;-;-;-
D13V26C001550;BRBMEFD30208;FINANCIAL;-;-;-;-;-;-;-;-;-;138,02;-;-;-;-;-;-;-
D13V26C001575;BRBMEFD30216;FINANCIAL;-;-;-;-;-;-;-;-;-;113,25;-;-;-;-;-;-;-
D13V26C001600;BRBMEFD30224;FINANCIAL;-;-;-;-;-;-;-;-;-;93,41;-;-;-;-;-;-;-
D13V26P001200;BRBMEFP30129;FINANCIAL;-;-;-;-;-;-;-;-;-;7,09;-;-;-;-;-;-;-
D13V26P001225;BRBMEFP30137;FINANCIAL;-;-;-;-;-;-;-;-;-;12,78;-;-;-;-;-;-;-
D13V26P001250;BRBMEFP30145;FINANCIAL;-;-;-;-;-;-;-;-;-;22,09;-;-;-;-;-;-;-
D13V26P001275;BRBMEFP30152;FINANCIAL;-;-;-;-;-;-;-;-;-;36,48;-;-;-;-;-;-;-
D13V26P001300;BRBMEFP30160;FINANCIAL;-;-;-;-;-;-;-;-;-;60,65;-;-;-;-;-;-;-
D13V26P001325;BRBMEFP30178;FINANCIAL;-;-;-;-;-;-;-;-;-;97,12;-;-;-;-;-;-;-
D13V26P001350;BRBMEFP30186;FINANCIAL;-;-;-;-;-;-;-;-;-;147,11;-;-;-;-;-;-;-
D13V26P001375;BRBMEFP30194;FINANCIAL;-;-;-;-;-;-;-;-;-;214,4;-;-;-;-;-;-;-
D13V26P001400;BRBMEFP301A6;FINANCIAL;-;-;-;-;-;-;-;-;-;298,37;-;-;-;-;-;-;-
D13V26P001425;BRBMEFP301B4;FINANCIAL;-;-;-;-;-;-;-;-;-;398,25;-;-;-;-;-;-;-
D13V26P001450;BRBMEFP301C2;FINANCIAL;-;-;-;-;-;-;-;-;-;512,66;-;-;-;-;-;-;-
D13V26P001475;BRBMEFP301D0;FINANCIAL;-;-;-;-;-;-;-;-;-;639,1;-;-;-;-;-;-;-
D13V26P001500;BRBMEFP301E8;FINANCIAL;-;-;-;-;-;-;-;-;-;776,21;-;-;-;-;-;-;-
D13V26P001525;BRBMEFP301F5;FINANCIAL;-;-;-;-;-;-;-;-;-;921,62;-;-;-;-;-;-;-
D13V26P001550;BRBMEFP301G3;FINANCIAL;-;-;-;-;-;-;-;-;-;1071,84;-;-;-;-;-;-;-
D13V26P001575;BRBMEFP301H1;FINANCIAL;-;-;-;-;-;-;-;-;-;1226,33;-;-;-;-;-;-;-
D13V26P001600;BRBMEFP301I9;FINANCIAL;-;-;-;-;-;-;-;-;-;1384,97;-;-;-;-;-;-;-
D14F27C001275;BRBMEFC144H0;FINANCIAL;-;-;-;-;-;-;-;-;-;1317,72;-;-;-;-;-;-;-
D14F27C001325;BRBMEFC144J6;FINANCIAL;-;-;-;-;-;-;-;-;-;1077,25;-;-;-;-;-;-;-
D14F27C001375;BRBMEFC144L2;FINANCIAL;-;-;-;-;-;-;-;-;-;877,97;-;-;-;-;-;-;-
D14F27C001425;BRBMEFC144N8;FINANCIAL;-;-;-;-;-;-;-;-;-;718,75;-;-;-;-;-;-;-
D14F27C001475;BRBMEFC144P3;FINANCIAL;-;-;-;-;-;-;-;-;-;592,06;-;-;-;-;-;-;-
D14F27C001525;BRBMEFC144R9;FINANCIAL;-;-;-;-;-;-;-;-;-;492,25;-;-;-;-;-;-;-
D14F27C001575;BRBMEFC144T5;FINANCIAL;-;-;-;-;-;-;-;-;-;413,96;-;-;-;-;-;-;-
D14F27P001275;BRBMEFV144H7;FINANCIAL;-;-;-;-;-;-;-;-;-;261,41;-;-;-;-;-;-;-
D14F27P001325;BRBMEFV144J3;FINANCIAL;-;-;-;-;-;-;-;-;-;385,54;-;-;-;-;-;-;-
D14F27P001375;BRBMEFV144L9;FINANCIAL;-;-;-;-;-;-;-;-;-;547,67;-;-;-;-;-;-;-
D14F27P001425;BRBMEFV144N5;FINANCIAL;-;-;-;-;-;-;-;-;-;746,7;-;-;-;-;-;-;-
D14F27P001475;BRBMEFV144P0;FINANCIAL;-;-;-;-;-;-;-;-;-;975,15;-;-;-;-;-;-;-
D14F27P001525;BRBMEFV144R6;FINANCIAL;-;-;-;-;-;-;-;-;-;1227,4;-;-;-;-;-;-;-
D14F27P001575;BRBMEFV144T2;FINANCIAL;-;-;-;-;-;-;-;-;-;1498,14;-;-;-;-;-;-;-
D14N26C001250;BRBMEFC143M2;FINANCIAL;-;-;-;-;-;-;-;-;-;1817,36;-;-;-;-;-;-;-
D14N26C001275;BRBMEFC143N0;FINANCIAL;-;-;-;-;-;-;-;-;-;1539,22;-;-;-;-;-;-;-
D14N26C001300;BRBMEFC143O8;FINANCIAL;-;-;-;-;-;-;-;-;-;1262,63;-;-;-;-;-;-;-
D14N26C001325;BRBMEFC143P5;FINANCIAL;-;-;-;-;-;-;-;-;-;987,8;-;-;-;-;-;-;-
D14N26C001350;BRBMEFC143Q3;FINANCIAL;-;-;-;-;-;-;-;-;-;716,77;-;-;-;-;-;-;-
D14N26C001375;BRBMEFC143R1;FINANCIAL;-;-;-;-;-;-;-;-;-;459,46;-;-;-;-;-;-;-
D14N26C001400;BRBMEFC143S9;FINANCIAL;-;-;-;-;-;-;-;-;-;244,94;-;-;-;-;-;-;-
D14N26C001425;BRBMEFC143T7;FINANCIAL;-;-;-;-;-;-;-;-;-;103,28;-;-;-;-;-;-;-
D14N26C001450;BRBMEFC143U5;FINANCIAL;-;-;-;-;-;-;-;-;-;33,81;-;-;-;-;-;-;-
D14N26C001475;BRBMEFC143V3;FINANCIAL;-;-;-;-;-;-;-;-;-;8,77;-;-;-;-;-;-;-
D14N26C001500;BRBMEFC143W1;FINANCIAL;-;-;-;-;-;-;-;-;-;1,71;-;-;-;-;-;-;-
D14N26C001525;BRBMEFC143X9;FINANCIAL;-;-;-;-;-;-;-;-;-;0,23;-;-;-;-;-;-;-
D14N26C001550;BRBMEFC143Y7;FINANCIAL;-;-;-;-;-;-;-;-;-;0,02;-;-;-;-;-;-;-
D14N26C001575;BRBMEFC143Z4;FINANCIAL;-;-;-;-;-;-;-;-;-;0,01;-;-;-;-;-;-;-
D14N26C001600;BRBMEFC14402;FINANCIAL;-;-;-;-;-;-;-;-;-;0,01;-;-;-;-;-;-;-
D14N26P001250;BRBMEFV143M9;FINANCIAL;-;-;-;-;-;-;-;-;-;0,01;-;-;-;-;-;-;-
D14N26P001275;BRBMEFV143N7;FINANCIAL;-;-;-;-;-;-;-;-;-;0,01;-;-;-;-;-;-;-
D14N26P001300;BRBMEFV143O5;FINANCIAL;-;-;-;-;-;-;-;-;-;0,01;-;-;-;-;-;-;-
D14N26P001325;BRBMEFV143P2;FINANCIAL;-;-;-;-;-;-;-;-;-;0,25;-;-;-;-;-;-;-
D14N26P001350;BRBMEFV143Q0;FINANCIAL;-;-;-;-;-;-;-;-;-;2,79;-;-;-;-;-;-;-
D14N26P001375;BRBMEFV143R8;FINANCIAL;-;-;-;-;-;-;-;-;-;17,53;-;-;-;-;-;-;-
D14N26P001400;BRBMEFV143S6;FINANCIAL;-;-;-;-;-;-;-;-;-;73,58;-;-;-;-;-;-;-
D14N26P001425;BRBMEFV143T4;FINANCIAL;-;-;-;-;-;-;-;-;-;201,02;-;-;-;-;-;-;-
D14N26P001450;BRBMEFV143U2;FINANCIAL;-;-;-;-;-;-;-;-;-;399,16;-;-;-;-;-;-;-
D14N26P001475;BRBMEFV143V0;FINANCIAL;-;-;-;-;-;-;-;-;-;640,29;-;-;-;-;-;-;-
D14N26P001500;BRBMEFV143W8;FINANCIAL;-;-;-;-;-;-;-;-;-;897,95;-;-;-;-;-;-;-
D14N26P001525;BRBMEFV143X6;FINANCIAL;-;-;-;-;-;-;-;-;-;1159,74;-;-;-;-;-;-;-
D14N26P001550;BRBMEFV143Y4;FINANCIAL;-;-;-;-;-;-;-;-;-;1421,4;-;-;-;-;-;-;-
D14N26P001575;BRBMEFV143Z1;FINANCIAL;-;-;-;-;-;-;-;-;-;1681,83;-;-;-;-;-;-;-
D14N26P001600;BRBMEFV14402;FINANCIAL;-;-;-;-;-;-;-;-;-;1940,87;-;-;-;-;-;-;-
D14V26C001250;BRBMEFC14410;FINANCIAL;-;-;-;-;-;-;-;-;-;1614,53;-;-;-;-;-;-;-
D14V26C001275;BRBMEFC14428;FINANCIAL;-;-;-;-;-;-;-;-;-;1424,1;-;-;-;-;-;-;-
D14V26C001300;BRBMEFC14436;FINANCIAL;-;-;-;-;-;-;-;-;-;1245,51;-;-;-;-;-;-;-
D14V26C001325;BRBMEFC14444;FINANCIAL;-;-;-;-;-;-;-;-;-;1080,89;-;-;-;-;-;-;-
D14V26C001350;BRBMEFC14451;FINANCIAL;-;-;-;-;-;-;-;-;-;933,6;-;-;-;-;-;-;-
D14V26C001375;BRBMEFC14469;FINANCIAL;-;-;-;-;-;-;-;-;-;801,73;-;-;-;-;-;-;-
D14V26C001400;BRBMEFC14477;FINANCIAL;-;-;-;-;-;-;-;-;-;687,15;-;-;-;-;-;-;-
D14V26C001425;BRBMEFC14485;FINANCIAL;-;-;-;-;-;-;-;-;-;587,04;-;-;-;-;-;-;-
D14V26C001450;BRBMEFC14493;FINANCIAL;-;-;-;-;-;-;-;-;-;501,38;-;-;-;-;-;-;-
D14V26C001475;BRBMEFC144A5;FINANCIAL;-;-;-;-;-;-;-;-;-;427,89;-;-;-;-;-;-;-
D14V26C001500;BRBMEFC144B3;FINANCIAL;-;-;-;-;-;-;-;-;-;365,46;-;-;-;-;-;-;-
D14V26C001525;BRBMEFC144C1;FINANCIAL;-;-;-;-;-;-;-;-;-;312,73;-;-;-;-;-;-;-
D14V26C001550;BRBMEFC144D9;FINANCIAL;-;-;-;-;-;-;-;-;-;268,17;-;-;-;-;-;-;-
D14V26C001575;BRBMEFC144E7;FINANCIAL;-;-;-;-;-;-;-;-;-;230,41;-;-;-;-;-;-;-
D14V26C001600;BRBMEFC144F4;FINANCIAL;-;-;-;-;-;-;-;-;-;197,33;-;-;-;-;-;-;-
D14V26P001250;BRBMEFV14410;FINANCIAL;-;-;-;-;-;-;-;-;-;91,48;-;-;-;-;-;-;-
D14V26P001275;BRBMEFV14428;FINANCIAL;-;-;-;-;-;-;-;-;-;130,61;-;-;-;-;-;-;-
D14V26P001300;BRBMEFV14436;FINANCIAL;-;-;-;-;-;-;-;-;-;180,46;-;-;-;-;-;-;-
D14V26P001325;BRBMEFV14444;FINANCIAL;-;-;-;-;-;-;-;-;-;243,13;-;-;-;-;-;-;-
D14V26P001350;BRBMEFV14451;FINANCIAL;-;-;-;-;-;-;-;-;-;322,01;-;-;-;-;-;-;-
D14V26P001375;BRBMEFV14469;FINANCIAL;-;-;-;-;-;-;-;-;-;415,2;-;-;-;-;-;-;-
D14V26P001400;BRBMEFV14477;FINANCIAL;-;-;-;-;-;-;-;-;-;524,58;-;-;-;-;-;-;-
D14V26P001425;BRBMEFV14485;FINANCIAL;-;-;-;-;-;-;-;-;-;647,32;-;-;-;-;-;-;-
D14V26P001450;BRBMEFV14493;FINANCIAL;-;-;-;-;-;-;-;-;-;783,43;-;-;-;-;-;-;-
D14V26P001475;BRBMEFV144A2;FINANCIAL;-;-;-;-;-;-;-;-;-;930,62;-;-;-;-;-;-;-
D14V26P001500;BRBMEFV144B0;FINANCIAL;-;-;-;-;-;-;-;-;-;1087,8;-;-;-;-;-;-;-
D14V26P001525;BRBMEFV144C8;FINANCIAL;-;-;-;-;-;-;-;-;-;1253,61;-;-;-;-;-;-;-
D14V26P001550;BRBMEFV144D6;FINANCIAL;-;-;-;-;-;-;-;-;-;1426,53;-;-;-;-;-;-;-
D14V26P001575;BRBMEFV144E4;FINANCIAL;-;-;-;-;-;-;-;-;-;1605,19;-;-;-;-;-;-;-
D14V26P001600;BRBMEFV144F1;FINANCIAL;-;-;-;-;-;-;-;-;-;1787,49;-;-;-;-;-;-;-
D15N26C001250;BRBMEFCI56J9;FINANCIAL;-;-;-;-;-;-;-;-;-;2780,39;-;-;-;-;-;-;-
D15N26C001275;BRBMEFCI56K7;FINANCIAL;-;-;-;-;-;-;-;-;-;2370,63;-;-;-;-;-;-;-
D15N26C001300;BRBMEFCI56L5;FINANCIAL;-;-;-;-;-;-;-;-;-;1964,02;-;-;-;-;-;-;-
D15N26C001325;BRBMEFCI56M3;FINANCIAL;-;-;-;-;-;-;-;-;-;1560,55;-;-;-;-;-;-;-
D15N26C001350;BRBMEFCI56N1;FINANCIAL;-;-;-;-;-;-;-;-;-;1160,62;-;-;-;-;-;-;-
D15N26C001375;BRBMEFCI56O9;FINANCIAL;-;-;-;-;-;-;-;-;-;769,52;-;-;-;-;-;-;-
D15N26C001400;BRBMEFCI56P6;FINANCIAL;-;-;-;-;-;-;-;-;-;416,26;-;-;-;-;-;-;-
D15N26C001425;BRBMEFCI56Q4;FINANCIAL;-;-;-;-;-;-;-;-;-;164,82;-;-;-;-;-;-;-
D15N26C001450;BRBMEFCI56R2;FINANCIAL;-;-;-;-;-;-;-;-;-;44,05;-;-;-;-;-;-;-
D15N26C001475;BRBMEFCI56S0;FINANCIAL;-;-;-;-;-;-;-;-;-;7,84;-;-;-;-;-;-;-
D15N26C001500;BRBMEFCI56T8;FINANCIAL;-;-;-;-;-;-;-;-;-;0,86;-;-;-;-;-;-;-
D15N26C001525;BRBMEFCI56U6;FINANCIAL;-;-;-;-;-;-;-;-;-;0,05;-;-;-;-;-;-;-
D15N26C001550;BRBMEFCI56V4;FINANCIAL;-;-;-;-;-;-;-;-;-;0,01;-;-;-;-;-;-;-
D15N26C001575;BRBMEFCI56W2;FINANCIAL;-;-;-;-;-;-;-;-;-;0,01;-;-;-;-;-;-;-
D15N26C001600;BRBMEFCI56X0;FINANCIAL;-;-;-;-;-;-;-;-;-;0,01;-;-;-;-;-;-;-
D15N26P001250;BRBMEFVI56J9;FINANCIAL;-;-;-;-;-;-;-;-;-;0,01;-;-;-;-;-;-;-
D15N26P001275;BRBMEFVI56K7;FINANCIAL;-;-;-;-;-;-;-;-;-;0,01;-;-;-;-;-;-;-
D15N26P001300;BRBMEFVI56L5;FINANCIAL;-;-;-;-;-;-;-;-;-;0,01;-;-;-;-;-;-;-
D15N26P001325;BRBMEFVI56M3;FINANCIAL;-;-;-;-;-;-;-;-;-;0,01;-;-;-;-;-;-;-
D15N26P001350;BRBMEFVI56N1;FINANCIAL;-;-;-;-;-;-;-;-;-;0,47;-;-;-;-;-;-;-
D15N26P001375;BRBMEFVI56O9;FINANCIAL;-;-;-;-;-;-;-;-;-;6,71;-;-;-;-;-;-;-
D15N26P001400;BRBMEFVI56P6;FINANCIAL;-;-;-;-;-;-;-;-;-;47,74;-;-;-;-;-;-;-
D15N26P001425;BRBMEFVI56Q4;FINANCIAL;-;-;-;-;-;-;-;-;-;187,6;-;-;-;-;-;-;-
D15N26P001450;BRBMEFVI56R2;FINANCIAL;-;-;-;-;-;-;-;-;-;455,16;-;-;-;-;-;-;-
D15N26P001475;BRBMEFVI56S0;FINANCIAL;-;-;-;-;-;-;-;-;-;804,33;-;-;-;-;-;-;-
D15N26P001500;BRBMEFVI56T8;FINANCIAL;-;-;-;-;-;-;-;-;-;1179,82;-;-;-;-;-;-;-
D15N26P001525;BRBMEFVI56U6;FINANCIAL;-;-;-;-;-;-;-;-;-;1558,6;-;-;-;-;-;-;-
D15N26P001550;BRBMEFVI56V4;FINANCIAL;-;-;-;-;-;-;-;-;-;1935,28;-;-;-;-;-;-;-
D15N26P001575;BRBMEFVI56W2;FINANCIAL;-;-;-;-;-;-;-;-;-;2309,17;-;-;-;-;-;-;-
D15N26P001600;BRBMEFVI56X0;FINANCIAL;-;-;-;-;-;-;-;-;-;2680,26;-;-;-;-;-;-;-
D15V26C001250;BRBMEFCI56Y8;FINANCIAL;-;-;-;-;-;-;-;-;-;2584,34;-;-;-;-;-;-;-
D15V26C001275;BRBMEFCI56Z5;FINANCIAL;-;-;-;-;-;-;-;-;-;2249,29;-;-;-;-;-;-;-
D15V26C001300;BRBMEFCI5702;FINANCIAL;-;-;-;-;-;-;-;-;-;1936,58;-;-;-;-;-;-;-
D15V26C001325;BRBMEFCI5710;FINANCIAL;-;-;-;-;-;-;-;-;-;1644,27;-;-;-;-;-;-;-
D15V26C001350;BRBMEFCI5728;FINANCIAL;-;-;-;-;-;-;-;-;-;1376,45;-;-;-;-;-;-;-
D15V26C001375;BRBMEFCI5736;FINANCIAL;-;-;-;-;-;-;-;-;-;1139,68;-;-;-;-;-;-;-
D15V26C001400;BRBMEFCI5744;FINANCIAL;-;-;-;-;-;-;-;-;-;933,07;-;-;-;-;-;-;-
D15V26C001425;BRBMEFCI5751;FINANCIAL;-;-;-;-;-;-;-;-;-;757,86;-;-;-;-;-;-;-
D15V26C001450;BRBMEFCI5769;FINANCIAL;-;-;-;-;-;-;-;-;-;612,35;-;-;-;-;-;-;-
D15V26C001475;BRBMEFCI5777;FINANCIAL;-;-;-;-;-;-;-;-;-;492,84;-;-;-;-;-;-;-
D15V26C001500;BRBMEFCI5785;FINANCIAL;-;-;-;-;-;-;-;-;-;394,47;-;-;-;-;-;-;-
D15V26C001525;BRBMEFCI5793;FINANCIAL;-;-;-;-;-;-;-;-;-;314,56;-;-;-;-;-;-;-
D15V26C001550;BRBMEFCI57A6;FINANCIAL;-;-;-;-;-;-;-;-;-;251,02;-;-;-;-;-;-;-
D15V26C001575;BRBMEFCI57B4;FINANCIAL;-;-;-;-;-;-;-;-;-;200,91;-;-;-;-;-;-;-
D15V26C001600;BRBMEFCI57C2;FINANCIAL;-;-;-;-;-;-;-;-;-;161,4;-;-;-;-;-;-;-
D15V26P001250;BRBMEFVI56Y8;FINANCIAL;-;-;-;-;-;-;-;-;-;66,04;-;-;-;-;-;-;-
D15V26P001275;BRBMEFVI56Z5;FINANCIAL;-;-;-;-;-;-;-;-;-;97,03;-;-;-;-;-;-;-
D15V26P001300;BRBMEFVI5709;FINANCIAL;-;-;-;-;-;-;-;-;-;147,73;-;-;-;-;-;-;-
D15V26P001325;BRBMEFVI5717;FINANCIAL;-;-;-;-;-;-;-;-;-;216,25;-;-;-;-;-;-;-
D15V26P001350;BRBMEFVI5725;FINANCIAL;-;-;-;-;-;-;-;-;-;306,7;-;-;-;-;-;-;-
D15V26P001375;BRBMEFVI5733;FINANCIAL;-;-;-;-;-;-;-;-;-;425,66;-;-;-;-;-;-;-
D15V26P001400;BRBMEFVI5741;FINANCIAL;-;-;-;-;-;-;-;-;-;572,27;-;-;-;-;-;-;-
D15V26P001425;BRBMEFVI5758;FINANCIAL;-;-;-;-;-;-;-;-;-;747,8;-;-;-;-;-;-;-
D15V26P001450;BRBMEFVI5766;FINANCIAL;-;-;-;-;-;-;-;-;-;950,55;-;-;-;-;-;-;-
D15V26P001475;BRBMEFVI5774;FINANCIAL;-;-;-;-;-;-;-;-;-;1176,86;-;-;-;-;-;-;-
D15V26P001500;BRBMEFVI5782;FINANCIAL;-;-;-;-;-;-;-;-;-;1421,89;-;-;-;-;-;-;-
D15V26P001525;BRBMEFVI5790;FINANCIAL;-;-;-;-;-;-;-;-;-;1682,97;-;-;-;-;-;-;-
D15V26P001550;BRBMEFVI57A6;FINANCIAL;-;-;-;-;-;-;-;-;-;1958,05;-;-;-;-;-;-;-
D15V26P001575;BRBMEFVI57B4;FINANCIAL;-;-;-;-;-;-;-;-;-;2244,21;-;-;-;-;-;-;-
D15V26P001600;BRBMEFVI57C2;FINANCIAL;-;-;-;-;-;-;-;-;-;2538,62;-;-;-;-;-;-;-
D17F27C001250;BRBMEFCI78O3;FINANCIAL;-;-;-;-;-;-;-;-;-;4090,83;-;-;-;-;-;-;-
D17F27C001275;BRBMEFCI78P0;FINANCIAL;-;-;-;-;-;-;-;-;-;3680,2;-;-;-;-;-;-;-
D17F27C001300;BRBMEFCI78Q8;FINANCIAL;-;-;-;-;-;-;-;-;-;3293,66;-;-;-;-;-;-;-
D17F27C001325;BRBMEFCI78R6;FINANCIAL;-;-;-;-;-;-;-;-;-;2933,87;-;-;-;-;-;-;-
D17F27C001350;BRBMEFCI78S4;FINANCIAL;-;-;-;-;-;-;-;-;-;2607,2;-;-;-;-;-;-;-
D17F27C001375;BRBMEFCI78T2;FINANCIAL;-;-;-;-;-;-;-;-;-;2306,78;-;-;-;-;-;-;-
D17F27C001400;BRBMEFCI78U0;FINANCIAL;-;-;-;-;-;-;-;-;-;2039,24;-;-;-;-;-;-;-
D17F27C001425;BRBMEFCI78V8;FINANCIAL;-;-;-;-;-;-;-;-;-;1803,48;-;-;-;-;-;-;-
D17F27C001450;BRBMEFCI78W6;FINANCIAL;-;-;-;-;-;-;-;-;-;1591,64;-;-;-;-;-;-;-
D17F27C001475;BRBMEFCI78X4;FINANCIAL;-;-;-;-;-;-;-;-;-;1408,54;-;-;-;-;-;-;-
D17F27C001500;BRBMEFCI78Y2;FINANCIAL;-;-;-;-;-;-;-;-;-;1248,83;-;-;-;-;-;-;-
D17F27C001525;BRBMEFCI78Z9;FINANCIAL;-;-;-;-;-;-;-;-;-;1108,46;-;-;-;-;-;-;-
D17F27C001550;BRBMEFCI7906;FINANCIAL;-;-;-;-;-;-;-;-;-;982,42;-;-;-;-;-;-;-
D17F27C001575;BRBMEFCI7914;FINANCIAL;-;-;-;-;-;-;-;-;-;864,58;-;-;-;-;-;-;-
D17F27C001600;BRBMEFCI7922;FINANCIAL;-;-;-;-;-;-;-;-;-;761,85;-;-;-;-;-;-;-
D17F27P001250;BRBMEFVI78O3;FINANCIAL;-;-;-;-;-;-;-;-;-;372,64;-;-;-;-;-;-;-
D17F27P001275;BRBMEFVI78P0;FINANCIAL;-;-;-;-;-;-;-;-;-;475,51;-;-;-;-;-;-;-
D17F27P001300;BRBMEFVI78Q8;FINANCIAL;-;-;-;-;-;-;-;-;-;596,84;-;-;-;-;-;-;-
D17F27P001325;BRBMEFVI78R6;FINANCIAL;-;-;-;-;-;-;-;-;-;739,36;-;-;-;-;-;-;-
D17F27P001350;BRBMEFVI78S4;FINANCIAL;-;-;-;-;-;-;-;-;-;909,53;-;-;-;-;-;-;-
D17F27P001375;BRBMEFVI78T2;FINANCIAL;-;-;-;-;-;-;-;-;-;1100,54;-;-;-;-;-;-;-
D17F27P001400;BRBMEFVI78U0;FINANCIAL;-;-;-;-;-;-;-;-;-;1319,1;-;-;-;-;-;-;-
D17F27P001425;BRBMEFVI78V8;FINANCIAL;-;-;-;-;-;-;-;-;-;1564,16;-;-;-;-;-;-;-
D17F27P001450;BRBMEFVI78W6;FINANCIAL;-;-;-;-;-;-;-;-;-;1827,95;-;-;-;-;-;-;-
D17F27P001475;BRBMEFVI78X4;FINANCIAL;-;-;-;-;-;-;-;-;-;2115,34;-;-;-;-;-;-;-
D17F27P001500;BRBMEFVI78Y2;FINANCIAL;-;-;-;-;-;-;-;-;-;2421,07;-;-;-;-;-;-;-
D17F27P001525;BRBMEFVI78Z9;FINANCIAL;-;-;-;-;-;-;-;-;-;2741,13;-;-;-;-;-;-;-
D17F27P001550;BRBMEFVI7903;FINANCIAL;-;-;-;-;-;-;-;-;-;3070,59;-;-;-;-;-;-;-
D17F27P001575;BRBMEFVI7911;FINANCIAL;-;-;-;-;-;-;-;-;-;3403,36;-;-;-;-;-;-;-
D17F27P001600;BRBMEFVI7929;FINANCIAL;-;-;-;-;-;-;-;-;-;3746,45;-;-;-;-;-;-;-
D17N26C001250;BRBMEFCI77U2;FINANCIAL;-;-;-;-;-;-;-;-;-;4125,13;-;-;-;-;-;-;-
D17N26C001275;BRBMEFCI77V0;FINANCIAL;-;-;-;-;-;-;-;-;-;3542,72;-;-;-;-;-;-;-
D17N26C001300;BRBMEFCI77W8;FINANCIAL;-;-;-;-;-;-;-;-;-;2967,34;-;-;-;-;-;-;-
D17N26C001325;BRBMEFCI77X6;FINANCIAL;-;-;-;-;-;-;-;-;-;2398,89;-;-;-;-;-;-;-
D17N26C001350;BRBMEFCI77Y4;FINANCIAL;-;-;-;-;-;-;-;-;-;1837,3;-;-;-;-;-;-;-
D17N26C001375;BRBMEFCI77Z1;FINANCIAL;-;-;-;-;-;-;-;-;-;1283,96;-;-;-;-;-;-;-
D17N26C001400;BRBMEFCI7807;FINANCIAL;-;-;-;-;-;-;-;-;-;756,07;-;-;-;-;-;-;-
D17N26C001425;BRBMEFCI7815;FINANCIAL;-;-;-;-;-;-;-;-;-;327,6;-;-;-;-;-;-;-
D17N26C001450;BRBMEFCI7823;FINANCIAL;-;-;-;-;-;-;-;-;-;90,35;-;-;-;-;-;-;-
D17N26C001475;BRBMEFCI7831;FINANCIAL;-;-;-;-;-;-;-;-;-;14,74;-;-;-;-;-;-;-
D17N26C001500;BRBMEFCI7849;FINANCIAL;-;-;-;-;-;-;-;-;-;1,34;-;-;-;-;-;-;-
D17N26C001525;BRBMEFCI7856;FINANCIAL;-;-;-;-;-;-;-;-;-;0,06;-;-;-;-;-;-;-
D17N26C001550;BRBMEFCI7864;FINANCIAL;-;-;-;-;-;-;-;-;-;0,01;-;-;-;-;-;-;-
D17N26C001575;BRBMEFCI7872;FINANCIAL;-;-;-;-;-;-;-;-;-;0,01;-;-;-;-;-;-;-
D17N26C001600;BRBMEFCI7880;FINANCIAL;-;-;-;-;-;-;-;-;-;0,01;-;-;-;-;-;-;-
D17N26P001250;BRBMEFVI77U2;FINANCIAL;-;-;-;-;-;-;-;-;-;0,01;-;-;-;-;-;-;-
D17N26P001275;BRBMEFVI77V0;FINANCIAL;-;-;-;-;-;-;-;-;-;0,01;-;-;-;-;-;-;-
D17N26P001300;BRBMEFVI77W8;FINANCIAL;-;-;-;-;-;-;-;-;-;0,01;-;-;-;-;-;-;-
D17N26P001325;BRBMEFVI77X6;FINANCIAL;-;-;-;-;-;-;-;-;-;0,01;-;-;-;-;-;-;-
D17N26P001350;BRBMEFVI77Y4;FINANCIAL;-;-;-;-;-;-;-;-;-;0,05;-;-;-;-;-;-;-
D17N26P001375;BRBMEFVI77Z1;FINANCIAL;-;-;-;-;-;-;-;-;-;1,61;-;-;-;-;-;-;-
D17N26P001400;BRBMEFVI7804;FINANCIAL;-;-;-;-;-;-;-;-;-;21,98;-;-;-;-;-;-;-
D17N26P001425;BRBMEFVI7812;FINANCIAL;-;-;-;-;-;-;-;-;-;135,24;-;-;-;-;-;-;-
D17N26P001450;BRBMEFVI7820;FINANCIAL;-;-;-;-;-;-;-;-;-;433,28;-;-;-;-;-;-;-
D17N26P001475;BRBMEFVI7838;FINANCIAL;-;-;-;-;-;-;-;-;-;886,59;-;-;-;-;-;-;-
D17N26P001500;BRBMEFVI7846;FINANCIAL;-;-;-;-;-;-;-;-;-;1395,84;-;-;-;-;-;-;-
D17N26P001525;BRBMEFVI7853;FINANCIAL;-;-;-;-;-;-;-;-;-;1911,04;-;-;-;-;-;-;-
D17N26P001550;BRBMEFVI7861;FINANCIAL;-;-;-;-;-;-;-;-;-;2421,36;-;-;-;-;-;-;-
D17N26P001575;BRBMEFVI7879;FINANCIAL;-;-;-;-;-;-;-;-;-;2925,72;-;-;-;-;-;-;-
D17N26P001600;BRBMEFVI7887;FINANCIAL;-;-;-;-;-;-;-;-;-;3424,17;-;-;-;-;-;-;-
D17V26C001250;BRBMEFCI7898;FINANCIAL;-;-;-;-;-;-;-;-;-;3980,26;-;-;-;-;-;-;-
D17V26C001275;BRBMEFCI78A2;FINANCIAL;-;-;-;-;-;-;-;-;-;3465,62;-;-;-;-;-;-;-
D17V26C001300;BRBMEFCI78B0;FINANCIAL;-;-;-;-;-;-;-;-;-;2974,42;-;-;-;-;-;-;-
D17V26C001325;BRBMEFCI78C8;FINANCIAL;-;-;-;-;-;-;-;-;-;2518,73;-;-;-;-;-;-;-
D17V26C001350;BRBMEFCI78D6;FINANCIAL;-;-;-;-;-;-;-;-;-;2097,81;-;-;-;-;-;-;-
D17V26C001375;BRBMEFCI78E4;FINANCIAL;-;-;-;-;-;-;-;-;-;1719,01;-;-;-;-;-;-;-
D17V26C001400;BRBMEFCI78F1;FINANCIAL;-;-;-;-;-;-;-;-;-;1385,54;-;-;-;-;-;-;-
D17V26C001425;BRBMEFCI78G9;FINANCIAL;-;-;-;-;-;-;-;-;-;1103,53;-;-;-;-;-;-;-
D17V26C001450;BRBMEFCI78H7;FINANCIAL;-;-;-;-;-;-;-;-;-;868,53;-;-;-;-;-;-;-
D17V26C001475;BRBMEFCI78I5;FINANCIAL;-;-;-;-;-;-;-;-;-;678,22;-;-;-;-;-;-;-
D17V26C001500;BRBMEFCI78J3;FINANCIAL;-;-;-;-;-;-;-;-;-;522,3;-;-;-;-;-;-;-
D17V26C001525;BRBMEFCI78K1;FINANCIAL;-;-;-;-;-;-;-;-;-;396,28;-;-;-;-;-;-;-
D17V26C001550;BRBMEFCI78L9;FINANCIAL;-;-;-;-;-;-;-;-;-;300,3;-;-;-;-;-;-;-
D17V26C001575;BRBMEFCI78M7;FINANCIAL;-;-;-;-;-;-;-;-;-;227,26;-;-;-;-;-;-;-
D17V26C001600;BRBMEFCI78N5;FINANCIAL;-;-;-;-;-;-;-;-;-;171,53;-;-;-;-;-;-;-
D17V26P001250;BRBMEFVI7895;FINANCIAL;-;-;-;-;-;-;-;-;-;62,51;-;-;-;-;-;-;-
D17V26P001275;BRBMEFVI78A2;FINANCIAL;-;-;-;-;-;-;-;-;-;94,91;-;-;-;-;-;-;-
D17V26P001300;BRBMEFVI78B0;FINANCIAL;-;-;-;-;-;-;-;-;-;144,46;-;-;-;-;-;-;-
D17V26P001325;BRBMEFVI78C8;FINANCIAL;-;-;-;-;-;-;-;-;-;223,33;-;-;-;-;-;-;-
D17V26P001350;BRBMEFVI78D6;FINANCIAL;-;-;-;-;-;-;-;-;-;330,84;-;-;-;-;-;-;-
D17V26P001375;BRBMEFVI78E4;FINANCIAL;-;-;-;-;-;-;-;-;-;474,44;-;-;-;-;-;-;-
D17V26P001400;BRBMEFVI78F1;FINANCIAL;-;-;-;-;-;-;-;-;-;657,41;-;-;-;-;-;-;-
D17V26P001425;BRBMEFVI78G9;FINANCIAL;-;-;-;-;-;-;-;-;-;885,98;-;-;-;-;-;-;-
D17V26P001450;BRBMEFVI78H7;FINANCIAL;-;-;-;-;-;-;-;-;-;1155,76;-;-;-;-;-;-;-
D17V26P001475;BRBMEFVI78I5;FINANCIAL;-;-;-;-;-;-;-;-;-;1464,51;-;-;-;-;-;-;-
D17V26P001500;BRBMEFVI78J3;FINANCIAL;-;-;-;-;-;-;-;-;-;1802,02;-;-;-;-;-;-;-
D17V26P001525;BRBMEFVI78K1;FINANCIAL;-;-;-;-;-;-;-;-;-;2163,87;-;-;-;-;-;-;-
D17V26P001550;BRBMEFVI78L9;FINANCIAL;-;-;-;-;-;-;-;-;-;2550,27;-;-;-;-;-;-;-
D17V26P001575;BRBMEFVI78M7;FINANCIAL;-;-;-;-;-;-;-;-;-;2954,19;-;-;-;-;-;-;-
D17V26P001600;BRBMEFVI78N5;FINANCIAL;-;-;-;-;-;-;-;-;-;3370,09;-;-;-;-;-;-;-
IDIG27C557600;BRBMEFCIG946;FINANCIAL;-;-;-;-;-;-;-;-;-;429,91;-;-;-;-;-;-;-
IDIG27C557700;BRBMEFCIG953;FINANCIAL;-;-;-;-;-;-;-;-;-;402,76;-;-;-;-;-;-;-
IDIG27C557800;BRBMEFCIG961;FINANCIAL;-;-;-;-;-;-;-;-;-;382,68;-;-;-;-;-;-;-
IDIG27C557900;BRBMEFCIG979;FINANCIAL;-;-;-;-;-;-;-;-;-;363,27;-;-;-;-;-;-;-
IDIG27C558000;BRBMEFCIG987;FINANCIAL;-;-;-;-;-;-;-;-;-;340,9;-;-;-;-;-;-;-
IDIG27C558100;BRBMEFCIG995;FINANCIAL;-;-;-;-;-;-;-;-;-;324,03;-;-;-;-;-;-;-
IDIG27C558200;BRBMEFCIG9A2;FINANCIAL;-;-;-;-;-;-;-;-;-;307,5;-;-;-;-;-;-;-
IDIG27C558300;BRBMEFCIG9B0;FINANCIAL;-;-;-;-;-;-;-;-;-;293,85;-;-;-;-;-;-;-
IDIG27C558400;BRBMEFCIG9C8;FINANCIAL;-;-;-;-;-;-;-;-;-;281,66;-;-;-;-;-;-;-
IDIG27C558500;BRBMEFCIG9D6;FINANCIAL;-;-;-;-;-;-;-;-;-;269,64;-;-;-;-;-;-;-
IDIG27C558600;BRBMEFCIG9E4;FINANCIAL;-;-;-;-;-;-;-;-;-;260,15;-;-;-;-;-;-;-
IDIG27C558700;BRBMEFCIG9F1;FINANCIAL;-;-;-;-;-;-;-;-;-;250,64;-;-;-;-;-;-;-
IDIG27C558800;BRBMEFCIG9G9;FINANCIAL;-;-;-;-;-;-;-;-;-;242,19;-;-;-;-;-;-;-
IDIG27C558900;BRBMEFCIG9H7;FINANCIAL;-;-;-;-;-;-;-;-;-;234,6;-;-;-;-;-;-;-
IDIG27C559000;BRBMEFCIG9I5;FINANCIAL;-;-;-;-;-;-;-;-;-;227,43;-;-;-;-;-;-;-
IDIG27C559100;BRBMEFCIG9J3;FINANCIAL;-;-;-;-;-;-;-;-;-;221,67;-;-;-;-;-;-;-
IDIG27C559200;BRBMEFCIG9K1;FINANCIAL;-;-;-;-;-;-;-;-;-;216,21;-;-;-;-;-;-;-
IDIG27C559300;BRBMEFCIG9L9;FINANCIAL;-;-;-;-;-;-;-;-;-;211,14;-;-;-;-;-;-;-
IDIG27C559400;BRBMEFCIG9M7;FINANCIAL;-;-;-;-;-;-;-;-;-;206,21;-;-;-;-;-;-;-
IDIG27C559500;BRBMEFCIG9N5;FINANCIAL;-;-;-;-;-;-;-;-;-;201,82;-;-;-;-;-;-;-
IDIG27P557600;BRBMEFVIG946;FINANCIAL;-;-;-;-;-;-;-;-;-;665,44;-;-;-;-;-;-;-
IDIG27P557700;BRBMEFVIG953;FINANCIAL;-;-;-;-;-;-;-;-;-;730,75;-;-;-;-;-;-;-
IDIG27P557800;BRBMEFVIG961;FINANCIAL;-;-;-;-;-;-;-;-;-;803,12;-;-;-;-;-;-;-
IDIG27P557900;BRBMEFVIG979;FINANCIAL;-;-;-;-;-;-;-;-;-;876,16;-;-;-;-;-;-;-
IDIG27P558000;BRBMEFVIG987;FINANCIAL;-;-;-;-;-;-;-;-;-;946,24;-;-;-;-;-;-;-
IDIG27P558100;BRBMEFVIG995;FINANCIAL;-;-;-;-;-;-;-;-;-;1021,82;-;-;-;-;-;-;-
IDIG27P558200;BRBMEFVIG9A9;FINANCIAL;-;-;-;-;-;-;-;-;-;1097,74;-;-;-;-;-;-;-
IDIG27P558300;BRBMEFVIG9B7;FINANCIAL;-;-;-;-;-;-;-;-;-;1176,55;-;-;-;-;-;-;-
IDIG27P558400;BRBMEFVIG9C5;FINANCIAL;-;-;-;-;-;-;-;-;-;1256,81;-;-;-;-;-;-;-
IDIG27P558500;BRBMEFVIG9D3;FINANCIAL;-;-;-;-;-;-;-;-;-;1337,23;-;-;-;-;-;-;-
IDIU26P527200;BRBMEFVIU8X5;FINANCIAL;-;-;-;-;-;-;-;-;-;0,01;-;-;-;-;-;-;-
IDIU26P527300;BRBMEFVIU8Y3;FINANCIAL;-;-;-;-;-;-;-;-;-;0,01;-;-;-;-;-;-;-
IDIU26P527400;BRBMEFVIU8Z0;FINANCIAL;-;-;-;-;-;-;-;-;-;0,01;-;-;-;-;-;-;-
IDIU26P527500;BRBMEFVIU905;FINANCIAL;-;-;-;-;-;-;-;-;-;0,01;-;-;-;-;-;-;-
IDIU26P527600;BRBMEFVIU913;FINANCIAL;-;-;-;-;-;-;-;-;-;0,01;-;-;-;-;-;-;-
IDIU26P527700;BRBMEFVIU921;FINANCIAL;-;-;-;-;-;-;-;-;-;0,01;-;-;-;-;-;-;-
IDIU26P527800;BRBMEFVIU939;FINANCIAL;-;-;-;-;-;-;-;-;-;0,01;-;-;-;-;-;-;-
IDIU26P527900;BRBMEFVIU947;FINANCIAL;-;-;-;-;-;-;-;-;-;0,09;-;-;-;-;-;-;-
IDIU26P528000;BRBMEFVIU954;FINANCIAL;-;-;-;-;-;-;-;-;-;0,91;-;-;-;-;-;-;-
IDIU26P528100;BRBMEFVIU962;FINANCIAL;-;-;-;-;-;-;-;-;-;22,47;-;-;-;-;-;-;-
IDIU26P528200;BRBMEFVIU970;FINANCIAL;-;-;-;-;-;-;-;-;-;99,65;-;-;-;-;-;-;-
IDIU26P528300;BRBMEFVIU988;FINANCIAL;-;-;-;-;-;-;-;-;-;197;-;-;-;-;-;-;-
IDIU26P528400;BRBMEFVIU996;FINANCIAL;-;-;-;-;-;-;-;-;-;293,55;-;-;-;-;-;-;-
IDIU26P528500;BRBMEFVIU9A1;FINANCIAL;-;-;-;-;-;-;-;-;-;390,85;-;-;-;-;-;-;-
IDIU26P528600;BRBMEFVIU9B9;FINANCIAL;-;-;-;-;-;-;-;-;-;488,4;-;-;-;-;-;-;-
IDIU26P528700;BRBMEFVIU9C7;FINANCIAL;-;-;-;-;-;-;-;-;-;585,97;-;-;-;-;-;-;-
IDIF27C543600;BRBMEFCIAY99;FINANCIAL;-;-;-;-;-;-;-;-;-;7340,6;-;-;-;-;-;-;-
IDIF27C543700;BRBMEFCIAYA4;FINANCIAL;-;-;-;-;-;-;-;-;-;7247,16;-;-;-;-;-;-;-
IDIF27C543800;BRBMEFCIAYB2;FINANCIAL;-;-;-;-;-;-;-;-;-;7153,72;-;-;-;-;-;-;-
IDIF27C543900;BRBMEFCIAYC0;FINANCIAL;-;-;-;-;-;-;-;-;-;7060,28;-;-;-;-;-;-;-
IDIF27C544100;BRBMEFCIAYD8;FINANCIAL;-;-;-;-;-;-;-;-;-;6873,4;-;-;-;-;-;-;-
IDIF27C544200;BRBMEFCIAYE6;FINANCIAL;-;-;-;-;-;-;-;-;-;6779,96;-;-;-;-;-;-;-
IDIF27C544300;BRBMEFCIAYF3;FINANCIAL;-;-;-;-;-;-;-;-;-;6686,53;-;-;-;-;-;-;-
IDIF27C546100;BRBMEFCIAYG1;FINANCIAL;-;-;-;-;-;-;-;-;-;5004,73;-;-;-;-;-;-;-
IDIF27C546200;BRBMEFCIAYH9;FINANCIAL;-;-;-;-;-;-;-;-;-;4911,32;-;-;-;-;-;-;-
IDIF27C546300;BRBMEFCIAYI7;FINANCIAL;-;-;-;-;-;-;-;-;-;4817,92;-;-;-;-;-;-;-
IDIF27C546400;BRBMEFCIAYJ5;FINANCIAL;-;-;-;-;-;-;-;-;-;4724,52;-;-;-;-;-;-;-
IDIF27C546600;BRBMEFCIAYK3;FINANCIAL;-;-;-;-;-;-;-;-;-;4537,78;-;-;-;-;-;-;-
IDIF27C546700;BRBMEFCIAYL1;FINANCIAL;-;-;-;-;-;-;-;-;-;4444,43;-;-;-;-;-;-;-
IDIF27C546800;BRBMEFCIAYM9;FINANCIAL;-;-;-;-;-;-;-;-;-;4351,11;-;-;-;-;-;-;-
IDIF27C546900;BRBMEFCIAYN7;FINANCIAL;-;-;-;-;-;-;-;-;-;4257,82;-;-;-;-;-;-;-
IDIF27C547100;BRBMEFCIAYO5;FINANCIAL;-;-;-;-;-;-;-;-;-;4071,33;-;-;-;-;-;-;-
IDIF27C547200;BRBMEFCIAYP2;FINANCIAL;-;-;-;-;-;-;-;-;-;3978,15;-;-;-;-;-;-;-
IDIF27C549400;BRBMEFCIAYQ0;FINANCIAL;-;-;-;-;-;-;-;-;-;1937,99;-;-;-;-;-;-;-
IDIF27C549500;BRBMEFCIAYR8;FINANCIAL;-;-;-;-;-;-;-;-;-;1846,32;-;-;-;-;-;-;-
IDIF27C549600;BRBMEFCIAYS6;FINANCIAL;-;-;-;-;-;-;-;-;-;1754,87;-;-;-;-;-;-;-
IDIF27C549700;BRBMEFCIAYT4;FINANCIAL;-;-;-;-;-;-;-;-;-;1663,82;-;-;-;-;-;-;-
IDIF27C549800;BRBMEFCIAYU2;FINANCIAL;-;-;-;-;-;-;-;-;-;1573,04;-;-;-;-;-;-;-
IDIF27C549900;BRBMEFCIAYV0;FINANCIAL;-;-;-;-;-;-;-;-;-;1482,74;-;-;-;-;-;-;-
IDIF27C550100;BRBMEFCIAYW8;FINANCIAL;-;-;-;-;-;-;-;-;-;1303,91;-;-;-;-;-;-;-
IDIF27C550200;BRBMEFCIAYX6;FINANCIAL;-;-;-;-;-;-;-;-;-;1215,29;-;-;-;-;-;-;-
IDIF27C550300;BRBMEFCIAYY4;FINANCIAL;-;-;-;-;-;-;-;-;-;1127,93;-;-;-;-;-;-;-
IDIF27C550400;BRBMEFCIAYZ1;FINANCIAL;-;-;-;-;-;-;-;-;-;1041,74;-;-;-;-;-;-;-
IDIF27C550500;BRBMEFCIAZ07;FINANCIAL;-;-;-;-;-;-;-;-;-;957,37;-;-;-;-;-;-;-
IDIF27C550600;BRBMEFCIAZ15;FINANCIAL;866,87;866,87;866,87;866,87;866,87;-22,55;-;-;-;875,29;-;-;-;-;4;25.000;21671750
IDIF27C550700;BRBMEFCIAZ23;FINANCIAL;788,87;788,87;788,87;788,87;788,87;-23,51;-;-;-;795,45;-;-;-;-;4;25.000;19721750
IDIF27C550800;BRBMEFCIAZ31;FINANCIAL;-;-;-;-;-;-;-;-;-;720,22;-;-;-;-;-;-;-
IDIF27C550900;BRBMEFCIAZ49;FINANCIAL;-;-;-;-;-;-;-;-;-;649,88;-;-;-;-;-;-;-
IDIF27C551000;BRBMEFCIAZ56;FINANCIAL;-;-;-;-;-;-;-;-;-;587,84;-;-;-;-;-;-;-
IDIF27C551100;BRBMEFCIAZ64;FINANCIAL;-;-;-;-;-;-;-;-;-;523,51;-;-;-;-;-;-;-
IDIF27C551200;BRBMEFCIAZ72;FINANCIAL;-;-;-;-;-;-;-;-;-;469,47;-;-;-;-;-;-;-
IDIF27C551300;BRBMEFCIAZ80;FINANCIAL;-;-;-;-;-;-;-;-;-;431,81;-;-;-;-;-;-;-
IDIF27C551400;BRBMEFCIAZ98;FINANCIAL;-;-;-;-;-;-;-;-;-;387,31;-;-;-;-;-;-;-
IDIF27C551500;BRBMEFCIAZA1;FINANCIAL;-;-;-;-;-;-;-;-;-;353,67;-;-;-;-;-;-;-
IDIF27C551600;BRBMEFCIAZB9;FINANCIAL;-;-;-;-;-;-;-;-;-;320,56;-;-;-;-;-;-;-
IDIF27C551700;BRBMEFCIAZC7;FINANCIAL;-;-;-;-;-;-;-;-;-;292,77;-;-;-;-;-;-;-
IDIF27C551800;BRBMEFCIAZD5;FINANCIAL;-;-;-;-;-;-;-;-;-;273,82;-;-;-;-;-;-;-
IDIF27P543600;BRBMEFVI1Y97;FINANCIAL;-;-;-;-;-;-;-;-;-;0,01;-;-;-;-;-;-;-
IDIF27P543700;BRBMEFVI1YA3;FINANCIAL;-;-;-;-;-;-;-;-;-;0,01;-;-;-;-;-;-;-
IDIF27P543800;BRBMEFVI1YB1;FINANCIAL;-;-;-;-;-;-;-;-;-;0,01;-;-;-;-;-;-;-
IDIF27P543900;BRBMEFVI1YC9;FINANCIAL;-;-;-;-;-;-;-;-;-;0,01;-;-;-;-;-;-;-
IDIF27P544100;BRBMEFVI1YD7;FINANCIAL;-;-;-;-;-;-;-;-;-;0,01;-;-;-;-;-;-;-
IDIF27P544200;BRBMEFVI1YE5;FINANCIAL;-;-;-;-;-;-;-;-;-;0,01;-;-;-;-;-;-;-
IDIF27P544300;BRBMEFVI1YF2;FINANCIAL;-;-;-;-;-;-;-;-;-;0,01;-;-;-;-;-;-;-
IDIF27P546100;BRBMEFVI1YG0;FINANCIAL;-;-;-;-;-;-;-;-;-;0,1;-;-;-;-;-;-;-
IDIF27P546200;BRBMEFVI1YH8;FINANCIAL;-;-;-;-;-;-;-;-;-;0,13;-;-;-;-;-;-;-
IDIF27P546300;BRBMEFVI1YI6;FINANCIAL;-;-;-;-;-;-;-;-;-;0,17;-;-;-;-;-;-;-
IDIF27P546400;BRBMEFVI1YJ4;FINANCIAL;-;-;-;-;-;-;-;-;-;0,22;-;-;-;-;-;-;-
IDIF27P546600;BRBMEFVI1YK2;FINANCIAL;-;-;-;-;-;-;-;-;-;0,35;-;-;-;-;-;-;-
IDIF27P546700;BRBMEFVI1YL0;FINANCIAL;-;-;-;-;-;-;-;-;-;0,45;-;-;-;-;-;-;-
IDIF27P546800;BRBMEFVI1YM8;FINANCIAL;-;-;-;-;-;-;-;-;-;0,56;-;-;-;-;-;-;-
IDIF27P546900;BRBMEFVI1YN6;FINANCIAL;-;-;-;-;-;-;-;-;-;0,7;-;-;-;-;-;-;-
IDIF27P547100;BRBMEFVI1YO4;FINANCIAL;-;-;-;-;-;-;-;-;-;1,1;-;-;-;-;-;-;-
IDIF27P547200;BRBMEFVI1YP1;FINANCIAL;-;-;-;-;-;-;-;-;-;1,36;-;-;-;-;-;-;-
IDIF27P549400;BRBMEFVI1YQ9;FINANCIAL;-;-;-;-;-;-;-;-;-;16,85;-;-;-;-;-;-;-
IDIF27P549500;BRBMEFVI1YR7;FINANCIAL;-;-;-;-;-;-;-;-;-;18,63;-;-;-;-;-;-;-
IDIF27P549600;BRBMEFVI1YS5;FINANCIAL;-;-;-;-;-;-;-;-;-;20,62;-;-;-;-;-;-;-
IDIF27P549700;BRBMEFVI1YT3;FINANCIAL;-;-;-;-;-;-;-;-;-;23,01;-;-;-;-;-;-;-
IDIF27P549800;BRBMEFVI1YU1;FINANCIAL;-;-;-;-;-;-;-;-;-;25,66;-;-;-;-;-;-;-
IDIF27P549900;BRBMEFVI1YV9;FINANCIAL;-;-;-;-;-;-;-;-;-;28,8;-;-;-;-;-;-;-
IDIF27P550100;BRBMEFVI1YW7;FINANCIAL;-;-;-;-;-;-;-;-;-;36,85;-;-;-;-;-;-;-
IDIF27P550200;BRBMEFVI1YX5;FINANCIAL;-;-;-;-;-;-;-;-;-;41,67;-;-;-;-;-;-;-
IDIF27P550300;BRBMEFVI1YY3;FINANCIAL;-;-;-;-;-;-;-;-;-;47,75;-;-;-;-;-;-;-
IDIF27P550400;BRBMEFVI1YZ0;FINANCIAL;-;-;-;-;-;-;-;-;-;55;-;-;-;-;-;-;-
IDIF27P550500;BRBMEFVI1Z05;FINANCIAL;74,84;74,84;74,84;74,84;74,84;280,09;-;-;-;64,06;-;-;-;-;4;25.000;1871000
IDIF27P550600;BRBMEFVI1Z13;FINANCIAL;82,31;82,31;82,31;82,31;82,31;323,4;-;-;-;75,42;-;-;-;-;4;25.000;2057750
IDIF27P550700;BRBMEFVI1Z21;FINANCIAL;-;-;-;-;-;-;-;-;-;89,02;-;-;-;-;-;-;-
IDIF27P550800;BRBMEFVI1Z39;FINANCIAL;-;-;-;-;-;-;-;-;-;107,24;-;-;-;-;-;-;-
IDIF27P550900;BRBMEFVI1Z47;FINANCIAL;-;-;-;-;-;-;-;-;-;130,33;-;-;-;-;-;-;-
IDIF27P551000;BRBMEFVI1Z54;FINANCIAL;-;-;-;-;-;-;-;-;-;161,73;-;-;-;-;-;-;-
IDIF27P551100;BRBMEFVI1Z62;FINANCIAL;-;-;-;-;-;-;-;-;-;190,84;-;-;-;-;-;-;-
IDIF27P551200;BRBMEFVI1Z70;FINANCIAL;-;-;-;-;-;-;-;-;-;230,24;-;-;-;-;-;-;-
IDIF27P551300;BRBMEFVI1Z88;FINANCIAL;-;-;-;-;-;-;-;-;-;286,02;-;-;-;-;-;-;-
IDIF27P551400;BRBMEFVI1Z96;FINANCIAL;-;-;-;-;-;-;-;-;-;334,96;-;-;-;-;-;-;-
IDIF27P551500;BRBMEFVI1ZA0;FINANCIAL;-;-;-;-;-;-;-;-;-;394,76;-;-;-;-;-;-;-
IDIF27P551600;BRBMEFVI1ZB8;FINANCIAL;-;-;-;-;-;-;-;-;-;455,08;-;-;-;-;-;-;-
IDIF27P551700;BRBMEFVI1ZC6;FINANCIAL;-;-;-;-;-;-;-;-;-;520,74;-;-;-;-;-;-;-
IDIF27P551800;BRBMEFVI1ZD4;FINANCIAL;-;-;-;-;-;-;-;-;-;595,23;-;-;-;-;-;-;-
D15F27C000975;BRBMEFCI5801;FINANCIAL;-;-;-;-;-;-;-;-;-;6005,76;-;-;-;-;-;-;-
D15F27C001175;BRBMEFCI5843;FINANCIAL;-;-;-;-;-;-;-;-;-;3372,31;-;-;-;-;-;-;-
D15F27P000975;BRBMEFVI5808;FINANCIAL;-;-;-;-;-;-;-;-;-;22,91;-;-;-;-;-;-;-
D15F27P001175;BRBMEFVI5840;FINANCIAL;-;-;-;-;-;-;-;-;-;119,55;-;-;-;-;-;-;-
D15F27C000900;BRBMEFCI57X8;FINANCIAL;-;-;-;-;-;-;-;-;-;7054,53;-;-;-;-;-;-;-
D15F27C000925;BRBMEFCI57Y6;FINANCIAL;-;-;-;-;-;-;-;-;-;6702,67;-;-;-;-;-;-;-
D15F27C000950;BRBMEFCI57Z3;FINANCIAL;-;-;-;-;-;-;-;-;-;6352,77;-;-;-;-;-;-;-
D15F27C001000;BRBMEFCI57S8;FINANCIAL;-;-;-;-;-;-;-;-;-;5662,27;-;-;-;-;-;-;-
D15F27C001025;BRBMEFCI5819;FINANCIAL;-;-;-;-;-;-;-;-;-;5322,53;-;-;-;-;-;-;-
D15F27C001050;BRBMEFCI57T6;FINANCIAL;-;-;-;-;-;-;-;-;-;4986,94;-;-;-;-;-;-;-
D15F27C001075;BRBMEFCI5827;FINANCIAL;-;-;-;-;-;-;-;-;-;4655,77;-;-;-;-;-;-;-
D15F27C001100;BRBMEFCI57U4;FINANCIAL;-;-;-;-;-;-;-;-;-;4329,45;-;-;-;-;-;-;-
D15F27C001125;BRBMEFCI5835;FINANCIAL;-;-;-;-;-;-;-;-;-;4005,73;-;-;-;-;-;-;-
D15F27C001150;BRBMEFCI57V2;FINANCIAL;-;-;-;-;-;-;-;-;-;3686,21;-;-;-;-;-;-;-
D15F27C001200;BRBMEFCI57W0;FINANCIAL;-;-;-;-;-;-;-;-;-;3064,96;-;-;-;-;-;-;-
D15F27C001250;BRBMEFCI57D0;FINANCIAL;-;-;-;-;-;-;-;-;-;2500,79;-;-;-;-;-;-;-
D15F27C001275;BRBMEFCI57E8;FINANCIAL;-;-;-;-;-;-;-;-;-;2236,64;-;-;-;-;-;-;-
D15F27C001300;BRBMEFCI57F5;FINANCIAL;-;-;-;-;-;-;-;-;-;1985,83;-;-;-;-;-;-;-
D15F27C001325;BRBMEFCI57G3;FINANCIAL;-;-;-;-;-;-;-;-;-;1753,9;-;-;-;-;-;-;-
D15F27C001350;BRBMEFCI57H1;FINANCIAL;-;-;-;-;-;-;-;-;-;1544,48;-;-;-;-;-;-;-
D15F27C001375;BRBMEFCI57I9;FINANCIAL;-;-;-;-;-;-;-;-;-;1352,19;-;-;-;-;-;-;-
D15F27C001400;BRBMEFCI57J7;FINANCIAL;-;-;-;-;-;-;-;-;-;1184,67;-;-;-;-;-;-;-
D15F27C001425;BRBMEFCI57K5;FINANCIAL;-;-;-;-;-;-;-;-;-;1035,71;-;-;-;-;-;-;-
D15F27C001450;BRBMEFCI57L3;FINANCIAL;-;-;-;-;-;-;-;-;-;904,44;-;-;-;-;-;-;-
D15F27C001475;BRBMEFCI57M1;FINANCIAL;-;-;-;-;-;-;-;-;-;794;-;-;-;-;-;-;-
D15F27C001500;BRBMEFCI57N9;FINANCIAL;-;-;-;-;-;-;-;-;-;697,14;-;-;-;-;-;-;-
D15F27C001525;BRBMEFCI57O7;FINANCIAL;-;-;-;-;-;-;-;-;-;612,9;-;-;-;-;-;-;-
D15F27C001550;BRBMEFCI57P4;FINANCIAL;-;-;-;-;-;-;-;-;-;539,84;-;-;-;-;-;-;-
D15F27C001575;BRBMEFCI57Q2;FINANCIAL;-;-;-;-;-;-;-;-;-;476,63;-;-;-;-;-;-;-
D15F27C001600;BRBMEFCI57R0;FINANCIAL;-;-;-;-;-;-;-;-;-;422,03;-;-;-;-;-;-;-
D15F27P000900;BRBMEFVI57X8;FINANCIAL;-;-;-;-;-;-;-;-;-;9,21;-;-;-;-;-;-;-
D15F27P000925;BRBMEFVI57Y6;FINANCIAL;-;-;-;-;-;-;-;-;-;13,93;-;-;-;-;-;-;-
D15F27P000950;BRBMEFVI57Z3;FINANCIAL;-;-;-;-;-;-;-;-;-;18,18;-;-;-;-;-;-;-
D15F27P001000;BRBMEFVI57S8;FINANCIAL;-;-;-;-;-;-;-;-;-;28,79;-;-;-;-;-;-;-
D15F27P001025;BRBMEFVI5816;FINANCIAL;-;-;-;-;-;-;-;-;-;36,07;-;-;-;-;-;-;-
D15F27P001050;BRBMEFVI57T6;FINANCIAL;-;-;-;-;-;-;-;-;-;45,14;-;-;-;-;-;-;-
D15F27P001075;BRBMEFVI5824;FINANCIAL;-;-;-;-;-;-;-;-;-;56,33;-;-;-;-;-;-;-
D15F27P001100;BRBMEFVI57U4;FINANCIAL;-;-;-;-;-;-;-;-;-;70,08;-;-;-;-;-;-;-
D15F27P001125;BRBMEFVI5832;FINANCIAL;-;-;-;-;-;-;-;-;-;84,14;-;-;-;-;-;-;-
D15F27P001150;BRBMEFVI57V2;FINANCIAL;-;-;-;-;-;-;-;-;-;100,16;-;-;-;-;-;-;-
D15F27P001200;BRBMEFVI57W0;FINANCIAL;-;-;-;-;-;-;-;-;-;143,29;-;-;-;-;-;-;-
D15F27P001250;BRBMEFVI57D0;FINANCIAL;-;-;-;-;-;-;-;-;-;234,72;-;-;-;-;-;-;-
D15F27P001275;BRBMEFVI57E8;FINANCIAL;-;-;-;-;-;-;-;-;-;295,12;-;-;-;-;-;-;-
D15F27P001300;BRBMEFVI57F5;FINANCIAL;-;-;-;-;-;-;-;-;-;366,73;-;-;-;-;-;-;-
D15F27P001325;BRBMEFVI57G3;FINANCIAL;-;-;-;-;-;-;-;-;-;455,11;-;-;-;-;-;-;-
D15F27P001350;BRBMEFVI57H1;FINANCIAL;-;-;-;-;-;-;-;-;-;563,88;-;-;-;-;-;-;-
D15F27P001375;BRBMEFVI57I9;FINANCIAL;-;-;-;-;-;-;-;-;-;687,71;-;-;-;-;-;-;-
D15F27P001400;BRBMEFVI57J7;FINANCIAL;-;-;-;-;-;-;-;-;-;834,24;-;-;-;-;-;-;-
D15F27P001425;BRBMEFVI57K5;FINANCIAL;-;-;-;-;-;-;-;-;-;997,29;-;-;-;-;-;-;-
D15F27P001450;BRBMEFVI57L3;FINANCIAL;-;-;-;-;-;-;-;-;-;1176;-;-;-;-;-;-;-
D15F27P001475;BRBMEFVI57M1;FINANCIAL;-;-;-;-;-;-;-;-;-;1373,53;-;-;-;-;-;-;-
D15F27P001500;BRBMEFVI57N9;FINANCIAL;-;-;-;-;-;-;-;-;-;1582,65;-;-;-;-;-;-;-
D15F27P001525;BRBMEFVI57O7;FINANCIAL;-;-;-;-;-;-;-;-;-;1802,4;-;-;-;-;-;-;-
D15F27P001550;BRBMEFVI57P4;FINANCIAL;-;-;-;-;-;-;-;-;-;2031,39;-;-;-;-;-;-;-
D15F27P001575;BRBMEFVI57Q2;FINANCIAL;-;-;-;-;-;-;-;-;-;2268,28;-;-;-;-;-;-;-
D15F27P001600;BRBMEFVI57R0;FINANCIAL;-;-;-;-;-;-;-;-;-;2511,85;-;-;-;-;-;-;-
IDIN26C900000;BRBMEFCICJB9;FINANCIAL;-;-;-;-;-;-;-;-;-;0,01;-;-;-;-;-;-;-
IDIN26P900000;BRBMEFVI2JB0;FINANCIAL;-;-;-;-;-;-;-;-;-;383307,61;-;-;-;-;-;-;-
IDIF27C554000;BRBMEFCIAZE3;FINANCIAL;-;-;-;-;-;-;-;-;-;127,51;-;-;-;-;-;-;-
IDIF27C554100;BRBMEFCIAZF0;FINANCIAL;-;-;-;-;-;-;-;-;-;124,98;-;-;-;-;-;-;-
IDIF27C554200;BRBMEFCIAZG8;FINANCIAL;-;-;-;-;-;-;-;-;-;122,56;-;-;-;-;-;-;-
IDIF27C554300;BRBMEFCIAZH6;FINANCIAL;-;-;-;-;-;-;-;-;-;120,07;-;-;-;-;-;-;-
IDIF27C554400;BRBMEFCIAZI4;FINANCIAL;-;-;-;-;-;-;-;-;-;117,68;-;-;-;-;-;-;-
IDIF27C554500;BRBMEFCIAZJ2;FINANCIAL;-;-;-;-;-;-;-;-;-;115,22;-;-;-;-;-;-;-
IDIF27C554600;BRBMEFCIAZK0;FINANCIAL;-;-;-;-;-;-;-;-;-;112,71;-;-;-;-;-;-;-
IDIF27C554700;BRBMEFCIAZL8;FINANCIAL;-;-;-;-;-;-;-;-;-;110,34;-;-;-;-;-;-;-
IDIF27C554800;BRBMEFCIAZM6;FINANCIAL;-;-;-;-;-;-;-;-;-;107,98;-;-;-;-;-;-;-
IDIF27C554900;BRBMEFCIAZN4;FINANCIAL;-;-;-;-;-;-;-;-;-;105,69;-;-;-;-;-;-;-
IDIF27C555100;BRBMEFCIAZO2;FINANCIAL;-;-;-;-;-;-;-;-;-;101,16;-;-;-;-;-;-;-
IDIF27C555200;BRBMEFCIAZP9;FINANCIAL;-;-;-;-;-;-;-;-;-;98,87;-;-;-;-;-;-;-
IDIF27C555300;BRBMEFCIAZQ7;FINANCIAL;-;-;-;-;-;-;-;-;-;96,58;-;-;-;-;-;-;-
IDIF27C555400;BRBMEFCIAZR5;FINANCIAL;-;-;-;-;-;-;-;-;-;94,41;-;-;-;-;-;-;-
IDIF27C555500;BRBMEFCIAZS3;FINANCIAL;-;-;-;-;-;-;-;-;-;92,34;-;-;-;-;-;-;-
IDIF27P554000;BRBMEFVI1ZE2;FINANCIAL;-;-;-;-;-;-;-;-;-;2504,57;-;-;-;-;-;-;-
IDIF27P554100;BRBMEFVI1ZF9;FINANCIAL;-;-;-;-;-;-;-;-;-;2595,48;-;-;-;-;-;-;-
IDIF27P554200;BRBMEFVI1ZG7;FINANCIAL;-;-;-;-;-;-;-;-;-;2686,5;-;-;-;-;-;-;-
IDIF27P554300;BRBMEFVI1ZH5;FINANCIAL;-;-;-;-;-;-;-;-;-;2777,45;-;-;-;-;-;-;-
IDIF27P554400;BRBMEFVI1ZI3;FINANCIAL;-;-;-;-;-;-;-;-;-;2868,49;-;-;-;-;-;-;-
IDIF27P554500;BRBMEFVI1ZJ1;FINANCIAL;-;-;-;-;-;-;-;-;-;2959,48;-;-;-;-;-;-;-
IDIF27P554600;BRBMEFVI1ZK9;FINANCIAL;-;-;-;-;-;-;-;-;-;3050,41;-;-;-;-;-;-;-
IDIF27P554700;BRBMEFVI1ZL7;FINANCIAL;-;-;-;-;-;-;-;-;-;3141,48;-;-;-;-;-;-;-
IDIF27P554800;BRBMEFVI1ZM5;FINANCIAL;-;-;-;-;-;-;-;-;-;3232,56;-;-;-;-;-;-;-
IDIF27P554900;BRBMEFVI1ZN3;FINANCIAL;-;-;-;-;-;-;-;-;-;3323,7;-;-;-;-;-;-;-
IDIF27P555100;BRBMEFVI1ZO1;FINANCIAL;-;-;-;-;-;-;-;-;-;3506,06;-;-;-;-;-;-;-
IDIF27P555200;BRBMEFVI1ZP8;FINANCIAL;-;-;-;-;-;-;-;-;-;3597,2;-;-;-;-;-;-;-
IDIF27P555300;BRBMEFVI1ZQ6;FINANCIAL;-;-;-;-;-;-;-;-;-;3688,35;-;-;-;-;-;-;-
IDIF27P555400;BRBMEFVI1ZR4;FINANCIAL;-;-;-;-;-;-;-;-;-;3779,62;-;-;-;-;-;-;-
IDIF27P555500;BRBMEFVI1ZS2;FINANCIAL;-;-;-;-;-;-;-;-;-;3870,98;-;-;-;-;-;-;-
IDIF27C552100;BRBMEFCIAZT1;FINANCIAL;-;-;-;-;-;-;-;-;-;220,3;-;-;-;-;-;-;-
IDIF27C552600;BRBMEFCIAZU9;FINANCIAL;-;-;-;-;-;-;-;-;-;173,35;-;-;-;-;-;-;-
IDIF27P552100;BRBMEFVI1ZT0;FINANCIAL;-;-;-;-;-;-;-;-;-;822,02;-;-;-;-;-;-;-
IDIF27P552600;BRBMEFVI1ZU8;FINANCIAL;-;-;-;-;-;-;-;-;-;1242,26;-;-;-;-;-;-;-
IDIF28C588500;BRBMEFCIAZV7;FINANCIAL;-;-;-;-;-;-;-;-;-;33553,14;-;-;-;-;-;-;-
IDIF28C600500;BRBMEFCIAZW5;FINANCIAL;-;-;-;-;-;-;-;-;-;23732;-;-;-;-;-;-;-
IDIF28C625000;BRBMEFCIAZX3;FINANCIAL;-;-;-;-;-;-;-;-;-;5221,4;-;-;-;-;-;-;-
IDIF28P588500;BRBMEFVI1ZV6;FINANCIAL;-;-;-;-;-;-;-;-;-;0,01;-;-;-;-;-;-;-
IDIF28P600500;BRBMEFVI1ZW4;FINANCIAL;-;-;-;-;-;-;-;-;-;1,57;-;-;-;-;-;-;-
IDIF28P625000;BRBMEFVI1ZX2;FINANCIAL;-;-;-;-;-;-;-;-;-;1545,67;-;-;-;-;-;-;-
IDIN27C577500;BRBMEFCICJH6;FINANCIAL;-;-;-;-;-;-;-;-;-;9798,89;-;-;-;-;-;-;-
IDIN27C578000;BRBMEFCICJI4;FINANCIAL;-;-;-;-;-;-;-;-;-;9364,18;-;-;-;-;-;-;-
IDIN27C578500;BRBMEFCICJJ2;FINANCIAL;-;-;-;-;-;-;-;-;-;8929,97;-;-;-;-;-;-;-
IDIN27C579000;BRBMEFCICJK0;FINANCIAL;-;-;-;-;-;-;-;-;-;8496,13;-;-;-;-;-;-;-
IDIN27C579500;BRBMEFCICJL8;FINANCIAL;-;-;-;-;-;-;-;-;-;8063,13;-;-;-;-;-;-;-
IDIN27C580000;BRBMEFCICJM6;FINANCIAL;-;-;-;-;-;-;-;-;-;7631,65;-;-;-;-;-;-;-
IDIN27C580500;BRBMEFCICJN4;FINANCIAL;-;-;-;-;-;-;-;-;-;7202,08;-;-;-;-;-;-;-
IDIN27C581000;BRBMEFCICJO2;FINANCIAL;-;-;-;-;-;-;-;-;-;6774,71;-;-;-;-;-;-;-
IDIN27C581500;BRBMEFCICJP9;FINANCIAL;-;-;-;-;-;-;-;-;-;6349,49;-;-;-;-;-;-;-
IDIN27C582000;BRBMEFCICJQ7;FINANCIAL;-;-;-;-;-;-;-;-;-;5927,9;-;-;-;-;-;-;-
IDIN27C582500;BRBMEFCICJR5;FINANCIAL;-;-;-;-;-;-;-;-;-;5510,16;-;-;-;-;-;-;-
IDIN27C583000;BRBMEFCICJS3;FINANCIAL;-;-;-;-;-;-;-;-;-;5097,93;-;-;-;-;-;-;-
IDIN27C583500;BRBMEFCICJT1;FINANCIAL;-;-;-;-;-;-;-;-;-;4691,27;-;-;-;-;-;-;-
IDIN27C584000;BRBMEFCICJU9;FINANCIAL;-;-;-;-;-;-;-;-;-;4295,09;-;-;-;-;-;-;-
IDIN27C584500;BRBMEFCICJV7;FINANCIAL;-;-;-;-;-;-;-;-;-;3909,9;-;-;-;-;-;-;-
IDIN27C585000;BRBMEFCICJW5;FINANCIAL;-;-;-;-;-;-;-;-;-;3540,09;-;-;-;-;-;-;-
IDIN27P577500;BRBMEFVI2JH7;FINANCIAL;-;-;-;-;-;-;-;-;-;15,68;-;-;-;-;-;-;-
IDIN27P578000;BRBMEFVI2JI5;FINANCIAL;-;-;-;-;-;-;-;-;-;18,62;-;-;-;-;-;-;-
IDIN27P578500;BRBMEFVI2JJ3;FINANCIAL;-;-;-;-;-;-;-;-;-;22,06;-;-;-;-;-;-;-
IDIN27P579000;BRBMEFVI2JK1;FINANCIAL;-;-;-;-;-;-;-;-;-;25,88;-;-;-;-;-;-;-
IDIN27P579500;BRBMEFVI2JL9;FINANCIAL;-;-;-;-;-;-;-;-;-;30,54;-;-;-;-;-;-;-
IDIN27P580000;BRBMEFVI2JM7;FINANCIAL;-;-;-;-;-;-;-;-;-;36,71;-;-;-;-;-;-;-
IDIN27P580500;BRBMEFVI2JN5;FINANCIAL;-;-;-;-;-;-;-;-;-;44,8;-;-;-;-;-;-;-
IDIN27P581000;BRBMEFVI2JO3;FINANCIAL;-;-;-;-;-;-;-;-;-;55,09;-;-;-;-;-;-;-
IDIN27P581500;BRBMEFVI2JP0;FINANCIAL;-;-;-;-;-;-;-;-;-;67,52;-;-;-;-;-;-;-
IDIN27P582000;BRBMEFVI2JQ8;FINANCIAL;-;-;-;-;-;-;-;-;-;83,58;-;-;-;-;-;-;-
IDIN27P582500;BRBMEFVI2JR6;FINANCIAL;-;-;-;-;-;-;-;-;-;103,5;-;-;-;-;-;-;-
IDIN27P583000;BRBMEFVI2JS4;FINANCIAL;-;-;-;-;-;-;-;-;-;128,93;-;-;-;-;-;-;-
IDIN27P583500;BRBMEFVI2JT2;FINANCIAL;-;-;-;-;-;-;-;-;-;159,92;-;-;-;-;-;-;-
IDIN27P584000;BRBMEFVI2JU0;FINANCIAL;-;-;-;-;-;-;-;-;-;201,39;-;-;-;-;-;-;-
IDIN27P584500;BRBMEFVI2JV8;FINANCIAL;-;-;-;-;-;-;-;-;-;253,87;-;-;-;-;-;-;-
IDIN27P585000;BRBMEFVI2JW6;FINANCIAL;-;-;-;-;-;-;-;-;-;321,71;-;-;-;-;-;-;-
IDIX26C536100;BRBMEFCIX9C7;FINANCIAL;-;-;-;-;-;-;-;-;-;3464,46;-;-;-;-;-;-;-
IDIX26C536200;BRBMEFCIX9D5;FINANCIAL;-;-;-;-;-;-;-;-;-;3368,99;-;-;-;-;-;-;-
IDIX26C536300;BRBMEFCIX9E3;FINANCIAL;-;-;-;-;-;-;-;-;-;3273,52;-;-;-;-;-;-;-
IDIX26C536400;BRBMEFCIX9F0;FINANCIAL;-;-;-;-;-;-;-;-;-;3178,05;-;-;-;-;-;-;-
IDIX26C536500;BRBMEFCIX9G8;FINANCIAL;-;-;-;-;-;-;-;-;-;3082,58;-;-;-;-;-;-;-
IDIX26C536600;BRBMEFCIX9H6;FINANCIAL;-;-;-;-;-;-;-;-;-;2987,11;-;-;-;-;-;-;-
IDIX26C536700;BRBMEFCIX9I4;FINANCIAL;-;-;-;-;-;-;-;-;-;2891,64;-;-;-;-;-;-;-
IDIX26C536800;BRBMEFCIX9J2;FINANCIAL;-;-;-;-;-;-;-;-;-;2796,18;-;-;-;-;-;-;-
IDIX26C536900;BRBMEFCIX9K0;FINANCIAL;-;-;-;-;-;-;-;-;-;2700,71;-;-;-;-;-;-;-
IDIX26C537000;BRBMEFCIX9L8;FINANCIAL;-;-;-;-;-;-;-;-;-;2605,24;-;-;-;-;-;-;-
IDIX26C537100;BRBMEFCIX9M6;FINANCIAL;-;-;-;-;-;-;-;-;-;2509,77;-;-;-;-;-;-;-
IDIX26C537200;BRBMEFCIX9N4;FINANCIAL;-;-;-;-;-;-;-;-;-;2414,3;-;-;-;-;-;-;-
IDIX26C537300;BRBMEFCIX9O2;FINANCIAL;-;-;-;-;-;-;-;-;-;2318,83;-;-;-;-;-;-;-
IDIX26C537400;BRBMEFCIX9P9;FINANCIAL;-;-;-;-;-;-;-;-;-;2223,36;-;-;-;-;-;-;-
IDIX26C537500;BRBMEFCIX9Q7;FINANCIAL;-;-;-;-;-;-;-;-;-;2127,89;-;-;-;-;-;-;-
IDIX26C537600;BRBMEFCIX9R5;FINANCIAL;-;-;-;-;-;-;-;-;-;2032,42;-;-;-;-;-;-;-
IDIX26C537700;BRBMEFCIX9S3;FINANCIAL;-;-;-;-;-;-;-;-;-;1936,96;-;-;-;-;-;-;-
IDIX26C537800;BRBMEFCIX9T1;FINANCIAL;-;-;-;-;-;-;-;-;-;1841,5;-;-;-;-;-;-;-
IDIX26C537900;BRBMEFCIX9U9;FINANCIAL;-;-;-;-;-;-;-;-;-;1746,05;-;-;-;-;-;-;-
IDIX26C538000;BRBMEFCIX9V7;FINANCIAL;-;-;-;-;-;-;-;-;-;1650,62;-;-;-;-;-;-;-
IDIX26C538100;BRBMEFCIX9W5;FINANCIAL;-;-;-;-;-;-;-;-;-;1555,23;-;-;-;-;-;-;-
IDIX26C538200;BRBMEFCIX9X3;FINANCIAL;-;-;-;-;-;-;-;-;-;1459,9;-;-;-;-;-;-;-
IDIX26C538300;BRBMEFCIX9Y1;FINANCIAL;-;-;-;-;-;-;-;-;-;1364,7;-;-;-;-;-;-;-
IDIX26P536100;BRBMEFVIX9F7;FINANCIAL;-;-;-;-;-;-;-;-;-;0,01;-;-;-;-;-;-;-
IDIX26P536200;BRBMEFVIX9G5;FINANCIAL;-;-;-;-;-;-;-;-;-;0,01;-;-;-;-;-;-;-
IDIX26P536300;BRBMEFVIX9H3;FINANCIAL;-;-;-;-;-;-;-;-;-;0,01;-;-;-;-;-;-;-
IDIX26P536400;BRBMEFVIX9I1;FINANCIAL;-;-;-;-;-;-;-;-;-;0,01;-;-;-;-;-;-;-
IDIX26P536500;BRBMEFVIX9J9;FINANCIAL;-;-;-;-;-;-;-;-;-;0,01;-;-;-;-;-;-;-
IDIX26P536600;BRBMEFVIX9K7;FINANCIAL;-;-;-;-;-;-;-;-;-;0,01;-;-;-;-;-;-;-
IDIX26P536700;BRBMEFVIX9L5;FINANCIAL;-;-;-;-;-;-;-;-;-;0,01;-;-;-;-;-;-;-
IDIX26P536800;BRBMEFVIX9M3;FINANCIAL;-;-;-;-;-;-;-;-;-;0,01;-;-;-;-;-;-;-
IDIX26P536900;BRBMEFVIX9N1;FINANCIAL;-;-;-;-;-;-;-;-;-;0,01;-;-;-;-;-;-;-
IDIX26P537000;BRBMEFVIX9O9;FINANCIAL;-;-;-;-;-;-;-;-;-;0,01;-;-;-;-;-;-;-
IDIX26P537100;BRBMEFVIX9P6;FINANCIAL;-;-;-;-;-;-;-;-;-;0,01;-;-;-;-;-;-;-
IDIX26P537200;BRBMEFVIX9Q4;FINANCIAL;-;-;-;-;-;-;-;-;-;0,01;-;-;-;-;-;-;-
IDIX26P537300;BRBMEFVIX9R2;FINANCIAL;-;-;-;-;-;-;-;-;-;0,01;-;-;-;-;-;-;-
IDIX26P537400;BRBMEFVIX9S0;FINANCIAL;-;-;-;-;-;-;-;-;-;0,01;-;-;-;-;-;-;-
IDIX26P537500;BRBMEFVIX9T8;FINANCIAL;-;-;-;-;-;-;-;-;-;0,01;-;-;-;-;-;-;-
IDIX26P537600;BRBMEFVIX9U6;FINANCIAL;-;-;-;-;-;-;-;-;-;0,01;-;-;-;-;-;-;-
IDIX26P537700;BRBMEFVIX9V4;FINANCIAL;-;-;-;-;-;-;-;-;-;0,01;-;-;-;-;-;-;-
IDIX26P537800;BRBMEFVIX9W2;FINANCIAL;-;-;-;-;-;-;-;-;-;0,02;-;-;-;-;-;-;-
IDIX26P537900;BRBMEFVIX9X0;FINANCIAL;-;-;-;-;-;-;-;-;-;0,04;-;-;-;-;-;-;-
IDIX26P538000;BRBMEFVIX9Y8;FINANCIAL;-;-;-;-;-;-;-;-;-;0,08;-;-;-;-;-;-;-
IDIX26P538100;BRBMEFVIX9Z5;FINANCIAL;-;-;-;-;-;-;-;-;-;0,15;-;-;-;-;-;-;-
IDIX26P538200;BRBMEFVIXA06;FINANCIAL;-;-;-;-;-;-;-;-;-;0,3;-;-;-;-;-;-;-
IDIX26P538300;BRBMEFVIXA14;FINANCIAL;-;-;-;-;-;-;-;-;-;0,56;-;-;-;-;-;-;-
IDIZ26C541000;BRBMEFCIZ8U9;FINANCIAL;-;-;-;-;-;-;-;-;-;3885,14;-;-;-;-;-;-;-
IDIZ26C541100;BRBMEFCIZ8V7;FINANCIAL;-;-;-;-;-;-;-;-;-;3790,61;-;-;-;-;-;-;-
IDIZ26C541200;BRBMEFCIZ8W5;FINANCIAL;-;-;-;-;-;-;-;-;-;3696,09;-;-;-;-;-;-;-
IDIZ26C541300;BRBMEFCIZ8X3;FINANCIAL;-;-;-;-;-;-;-;-;-;3601,57;-;-;-;-;-;-;-
IDIZ26C541400;BRBMEFCIZ8Y1;FINANCIAL;-;-;-;-;-;-;-;-;-;3507,05;-;-;-;-;-;-;-
IDIZ26C541500;BRBMEFCIZ8Z8;FINANCIAL;-;-;-;-;-;-;-;-;-;3412,53;-;-;-;-;-;-;-
IDIZ26C541600;BRBMEFCIZ904;FINANCIAL;-;-;-;-;-;-;-;-;-;3318,02;-;-;-;-;-;-;-
IDIZ26C541700;BRBMEFCIZ912;FINANCIAL;-;-;-;-;-;-;-;-;-;3223,52;-;-;-;-;-;-;-
IDIZ26C541800;BRBMEFCIZ920;FINANCIAL;-;-;-;-;-;-;-;-;-;3129,02;-;-;-;-;-;-;-
IDIZ26C541900;BRBMEFCIZ938;FINANCIAL;-;-;-;-;-;-;-;-;-;3034,54;-;-;-;-;-;-;-
IDIZ26C542000;BRBMEFCIZ946;FINANCIAL;-;-;-;-;-;-;-;-;-;2940,08;-;-;-;-;-;-;-
IDIZ26C542100;BRBMEFCIZ953;FINANCIAL;-;-;-;-;-;-;-;-;-;2845,65;-;-;-;-;-;-;-
IDIZ26C542200;BRBMEFCIZ961;FINANCIAL;-;-;-;-;-;-;-;-;-;2751,25;-;-;-;-;-;-;-
IDIZ26C542300;BRBMEFCIZ979;FINANCIAL;-;-;-;-;-;-;-;-;-;2656,91;-;-;-;-;-;-;-
D13F28P001125;BRBMEFP301S8;FINANCIAL;-;-;-;-;-;-;-;-;-;218,07;-;-;-;-;-;-;-
D13F28P001150;BRBMEFP301T6;FINANCIAL;-;-;-;-;-;-;-;-;-;253,88;-;-;-;-;-;-;-
D13F28P001175;BRBMEFP301U4;FINANCIAL;-;-;-;-;-;-;-;-;-;293,41;-;-;-;-;-;-;-
D13F28P001200;BRBMEFP301V2;FINANCIAL;-;-;-;-;-;-;-;-;-;336,43;-;-;-;-;-;-;-
D13F28P001225;BRBMEFP301W0;FINANCIAL;-;-;-;-;-;-;-;-;-;383,66;-;-;-;-;-;-;-
D13F28P001250;BRBMEFP301X8;FINANCIAL;-;-;-;-;-;-;-;-;-;437,75;-;-;-;-;-;-;-
D13F28P001275;BRBMEFP301Y6;FINANCIAL;-;-;-;-;-;-;-;-;-;504,04;-;-;-;-;-;-;-
D13F28P001300;BRBMEFP301Z3;FINANCIAL;-;-;-;-;-;-;-;-;-;575,54;-;-;-;-;-;-;-
D13F28P001325;BRBMEFP30202;FINANCIAL;-;-;-;-;-;-;-;-;-;651,69;-;-;-;-;-;-;-
D13F28P001350;BRBMEFP30210;FINANCIAL;-;-;-;-;-;-;-;-;-;732,29;-;-;-;-;-;-;-
D13F28P001375;BRBMEFP30228;FINANCIAL;-;-;-;-;-;-;-;-;-;819,22;-;-;-;-;-;-;-
D13F28P001400;BRBMEFP30236;FINANCIAL;-;-;-;-;-;-;-;-;-;911,9;-;-;-;-;-;-;-
D13F28P001425;BRBMEFP30244;FINANCIAL;-;-;-;-;-;-;-;-;-;1008,39;-;-;-;-;-;-;-
D13F28P001450;BRBMEFP30251;FINANCIAL;-;-;-;-;-;-;-;-;-;1108,82;-;-;-;-;-;-;-
D13F28P001475;BRBMEFP30269;FINANCIAL;-;-;-;-;-;-;-;-;-;1212,49;-;-;-;-;-;-;-
D13F28P001500;BRBMEFP30277;FINANCIAL;-;-;-;-;-;-;-;-;-;1319,56;-;-;-;-;-;-;-
IDIV27C614000;BRBMEFCIVZ10;FINANCIAL;-;-;-;-;-;-;-;-;-;1117,83;-;-;-;-;-;-;-
IDIV27C620000;BRBMEFCIVZ28;FINANCIAL;-;-;-;-;-;-;-;-;-;563,93;-;-;-;-;-;-;-
IDIV27P614000;BRBMEFVIVZ17;FINANCIAL;-;-;-;-;-;-;-;-;-;5234,53;-;-;-;-;-;-;-
IDIV27P620000;BRBMEFVIVZ25;FINANCIAL;-;-;-;-;-;-;-;-;-;9756,13;-;-;-;-;-;-;-
IDIF28C636000;BRBMEFCID0N7;FINANCIAL;-;-;-;-;-;-;-;-;-;1570,42;-;-;-;-;-;-;-
IDIF28C636100;BRBMEFCID0O5;FINANCIAL;-;-;-;-;-;-;-;-;-;1553,05;-;-;-;-;-;-;-
IDIF28C636200;BRBMEFCID0P2;FINANCIAL;-;-;-;-;-;-;-;-;-;1536,09;-;-;-;-;-;-;-
IDIF28C636300;BRBMEFCID0Q0;FINANCIAL;-;-;-;-;-;-;-;-;-;1519,32;-;-;-;-;-;-;-
IDIF28C636400;BRBMEFCID0R8;FINANCIAL;-;-;-;-;-;-;-;-;-;1502,73;-;-;-;-;-;-;-
IDIF28C636500;BRBMEFCID0S6;FINANCIAL;-;-;-;-;-;-;-;-;-;1486,33;-;-;-;-;-;-;-
IDIF28C636600;BRBMEFCID0T4;FINANCIAL;-;-;-;-;-;-;-;-;-;1470,11;-;-;-;-;-;-;-
IDIF28C636700;BRBMEFCID0U2;FINANCIAL;-;-;-;-;-;-;-;-;-;1454,08;-;-;-;-;-;-;-
IDIF28C636800;BRBMEFCID0V0;FINANCIAL;-;-;-;-;-;-;-;-;-;1438,64;-;-;-;-;-;-;-
IDIF28C636900;BRBMEFCID0W8;FINANCIAL;-;-;-;-;-;-;-;-;-;1423,37;-;-;-;-;-;-;-
IDIF28C637000;BRBMEFCID0X6;FINANCIAL;-;-;-;-;-;-;-;-;-;1408,47;-;-;-;-;-;-;-
IDIF28P636000;BRBMEFFI00N2;FINANCIAL;-;-;-;-;-;-;-;-;-;6898,84;-;-;-;-;-;-;-
IDIF28P636100;BRBMEFFI00O0;FINANCIAL;-;-;-;-;-;-;-;-;-;6963,33;-;-;-;-;-;-;-
IDIF28P636200;BRBMEFFI00P7;FINANCIAL;-;-;-;-;-;-;-;-;-;7028,23;-;-;-;-;-;-;-
IDIF28P636300;BRBMEFFI00Q5;FINANCIAL;-;-;-;-;-;-;-;-;-;7093,31;-;-;-;-;-;-;-
IDIF28P636400;BRBMEFFI00R3;FINANCIAL;-;-;-;-;-;-;-;-;-;7158,58;-;-;-;-;-;-;-
IDIF28P636500;BRBMEFFI00S1;FINANCIAL;-;-;-;-;-;-;-;-;-;7224,04;-;-;-;-;-;-;-
IDIF28P636600;BRBMEFFI00T9;FINANCIAL;-;-;-;-;-;-;-;-;-;7289,67;-;-;-;-;-;-;-
IDIF28P636700;BRBMEFFI00U7;FINANCIAL;-;-;-;-;-;-;-;-;-;7355,49;-;-;-;-;-;-;-
IDIF28P636800;BRBMEFFI00V5;FINANCIAL;-;-;-;-;-;-;-;-;-;7421,91;-;-;-;-;-;-;-
IDIF28P636900;BRBMEFFI00W3;FINANCIAL;-;-;-;-;-;-;-;-;-;7488,49;-;-;-;-;-;-;-
IDIF28P637000;BRBMEFFI00X1;FINANCIAL;-;-;-;-;-;-;-;-;-;7555,45;-;-;-;-;-;-;-
IDIG27C559600;BRBMEFCIG9P0;FINANCIAL;-;-;-;-;-;-;-;-;-;198,02;-;-;-;-;-;-;-
IDIG27C559700;BRBMEFCIG9Q8;FINANCIAL;-;-;-;-;-;-;-;-;-;194,68;-;-;-;-;-;-;-
IDIG27C559800;BRBMEFCIG9R6;FINANCIAL;-;-;-;-;-;-;-;-;-;191,57;-;-;-;-;-;-;-
IDIG27C559900;BRBMEFCIG9S4;FINANCIAL;-;-;-;-;-;-;-;-;-;188,67;-;-;-;-;-;-;-
IDIG27P559600;BRBMEFVIG9P7;FINANCIAL;-;-;-;-;-;-;-;-;-;2282,59;-;-;-;-;-;-;-
IDIG27P559700;BRBMEFVIG9Q5;FINANCIAL;-;-;-;-;-;-;-;-;-;2371,7;-;-;-;-;-;-;-
IDIG27P559800;BRBMEFVIG9R3;FINANCIAL;-;-;-;-;-;-;-;-;-;2461,04;-;-;-;-;-;-;-
IDIG27P559900;BRBMEFVIG9S1;FINANCIAL;-;-;-;-;-;-;-;-;-;2550,6;-;-;-;-;-;-;-
IDIH27C565100;BRBMEFCIH9E3;FINANCIAL;-;-;-;-;-;-;-;-;-;266,54;-;-;-;-;-;-;-
IDIH27C565200;BRBMEFCIH9F0;FINANCIAL;-;-;-;-;-;-;-;-;-;261,22;-;-;-;-;-;-;-
IDIH27C565300;BRBMEFCIH9G8;FINANCIAL;-;-;-;-;-;-;-;-;-;255,74;-;-;-;-;-;-;-
IDIH27C565400;BRBMEFCIH9H6;FINANCIAL;-;-;-;-;-;-;-;-;-;250,66;-;-;-;-;-;-;-
IDIH27C565500;BRBMEFCIH9I4;FINANCIAL;-;-;-;-;-;-;-;-;-;246,27;-;-;-;-;-;-;-
IDIH27C565600;BRBMEFCIH9J2;FINANCIAL;-;-;-;-;-;-;-;-;-;242,43;-;-;-;-;-;-;-
IDIH27C565700;BRBMEFCIH9K0;FINANCIAL;-;-;-;-;-;-;-;-;-;238,89;-;-;-;-;-;-;-
IDIH27C565800;BRBMEFCIH9L8;FINANCIAL;-;-;-;-;-;-;-;-;-;235,44;-;-;-;-;-;-;-
IDIH27P565100;BRBMEFVIH9E0;FINANCIAL;-;-;-;-;-;-;-;-;-;2438,87;-;-;-;-;-;-;-
IDIH27P565200;BRBMEFVIH9F7;FINANCIAL;-;-;-;-;-;-;-;-;-;2525,12;-;-;-;-;-;-;-
IDIH27P565300;BRBMEFVIH9G5;FINANCIAL;-;-;-;-;-;-;-;-;-;2611,21;-;-;-;-;-;-;-
IDIH27P565400;BRBMEFVIH9H3;FINANCIAL;-;-;-;-;-;-;-;-;-;2697,7;-;-;-;-;-;-;-
IDIH27P565500;BRBMEFVIH9I1;FINANCIAL;-;-;-;-;-;-;-;-;-;2784,88;-;-;-;-;-;-;-
IDIH27P565600;BRBMEFVIH9J9;FINANCIAL;-;-;-;-;-;-;-;-;-;2872,6;-;-;-;-;-;-;-
IDIH27P565700;BRBMEFVIH9K7;FINANCIAL;-;-;-;-;-;-;-;-;-;2960,63;-;-;-;-;-;-;-
IDIH27P565800;BRBMEFVIH9L5;FINANCIAL;-;-;-;-;-;-;-;-;-;3048,75;-;-;-;-;-;-;-
IDIJ27C571200;BRBMEFCIJX75;FINANCIAL;-;-;-;-;-;-;-;-;-;436,37;-;-;-;-;-;-;-
IDIJ27C571300;BRBMEFCIJX83;FINANCIAL;-;-;-;-;-;-;-;-;-;424,24;-;-;-;-;-;-;-
IDIJ27C571400;BRBMEFCIJX91;FINANCIAL;-;-;-;-;-;-;-;-;-;413,37;-;-;-;-;-;-;-
IDIJ27C571500;BRBMEFCIJXA7;FINANCIAL;-;-;-;-;-;-;-;-;-;402,56;-;-;-;-;-;-;-
IDIJ27C571600;BRBMEFCIJXB5;FINANCIAL;-;-;-;-;-;-;-;-;-;392,37;-;-;-;-;-;-;-
IDIJ27C571700;BRBMEFCIJXC3;FINANCIAL;-;-;-;-;-;-;-;-;-;383,03;-;-;-;-;-;-;-
IDIJ27C571800;BRBMEFCIJXD1;FINANCIAL;-;-;-;-;-;-;-;-;-;374,1;-;-;-;-;-;-;-
IDIJ27C571900;BRBMEFCIJXE9;FINANCIAL;-;-;-;-;-;-;-;-;-;365,69;-;-;-;-;-;-;-
IDIJ27C572000;BRBMEFCIJXF6;FINANCIAL;-;-;-;-;-;-;-;-;-;357,9;-;-;-;-;-;-;-
IDIJ27C572100;BRBMEFCIJXG4;FINANCIAL;-;-;-;-;-;-;-;-;-;350,57;-;-;-;-;-;-;-
IDIJ27C572200;BRBMEFCIJXH2;FINANCIAL;-;-;-;-;-;-;-;-;-;343,68;-;-;-;-;-;-;-
IDIJ27C572300;BRBMEFCIJXI0;FINANCIAL;-;-;-;-;-;-;-;-;-;337,2;-;-;-;-;-;-;-
IDIJ27C572400;BRBMEFCIJXJ8;FINANCIAL;-;-;-;-;-;-;-;-;-;331,12;-;-;-;-;-;-;-
IDIJ27C572600;BRBMEFCIJXK6;FINANCIAL;-;-;-;-;-;-;-;-;-;319,24;-;-;-;-;-;-;-
IDIJ27P571200;BRBMEFVIJX72;FINANCIAL;-;-;-;-;-;-;-;-;-;2113,22;-;-;-;-;-;-;-
IDIJ27P571300;BRBMEFVIJX80;FINANCIAL;-;-;-;-;-;-;-;-;-;2191,6;-;-;-;-;-;-;-
IDIJ27P571400;BRBMEFVIJX98;FINANCIAL;-;-;-;-;-;-;-;-;-;2271,23;-;-;-;-;-;-;-
IDIJ27P571500;BRBMEFVIJXA7;FINANCIAL;-;-;-;-;-;-;-;-;-;2350,92;-;-;-;-;-;-;-
IDIJ27P571600;BRBMEFVIJXB5;FINANCIAL;-;-;-;-;-;-;-;-;-;2431,23;-;-;-;-;-;-;-
IDIJ27P571700;BRBMEFVIJXC3;FINANCIAL;-;-;-;-;-;-;-;-;-;2512,4;-;-;-;-;-;-;-
IDIJ27P571800;BRBMEFVIJXD1;FINANCIAL;-;-;-;-;-;-;-;-;-;2593,97;-;-;-;-;-;-;-
IDIJ27P571900;BRBMEFVIJXE9;FINANCIAL;-;-;-;-;-;-;-;-;-;2676,06;-;-;-;-;-;-;-
IDIJ27P572000;BRBMEFVIJXF6;FINANCIAL;-;-;-;-;-;-;-;-;-;2758,78;-;-;-;-;-;-;-
IDIJ27P572100;BRBMEFVIJXG4;FINANCIAL;-;-;-;-;-;-;-;-;-;2841,95;-;-;-;-;-;-;-
IDIJ27P572200;BRBMEFVIJXH2;FINANCIAL;-;-;-;-;-;-;-;-;-;2925,56;-;-;-;-;-;-;-
IDIJ27P572300;BRBMEFVIJXI0;FINANCIAL;-;-;-;-;-;-;-;-;-;3009,59;-;-;-;-;-;-;-
IDIJ27P572400;BRBMEFVIJXJ8;FINANCIAL;-;-;-;-;-;-;-;-;-;3094,01;-;-;-;-;-;-;-
IDIJ27P572600;BRBMEFVIJXK6;FINANCIAL;-;-;-;-;-;-;-;-;-;3263,13;-;-;-;-;-;-;-
IDIK27C577400;BRBMEFCIK9J7;FINANCIAL;-;-;-;-;-;-;-;-;-;621,38;-;-;-;-;-;-;-
IDIK27C577500;BRBMEFCIK9K5;FINANCIAL;-;-;-;-;-;-;-;-;-;604,47;-;-;-;-;-;-;-
IDIK27C577600;BRBMEFCIK9L3;FINANCIAL;-;-;-;-;-;-;-;-;-;588,68;-;-;-;-;-;-;-
IDIK27C577700;BRBMEFCIK9M1;FINANCIAL;-;-;-;-;-;-;-;-;-;573,94;-;-;-;-;-;-;-
IDIK27C577800;BRBMEFCIK9N9;FINANCIAL;-;-;-;-;-;-;-;-;-;559,75;-;-;-;-;-;-;-
IDIK27C577900;BRBMEFCIK9O7;FINANCIAL;-;-;-;-;-;-;-;-;-;545,92;-;-;-;-;-;-;-
IDIK27C578000;BRBMEFCIK9P4;FINANCIAL;-;-;-;-;-;-;-;-;-;531,82;-;-;-;-;-;-;-
IDIK27C578100;BRBMEFCIK9Q2;FINANCIAL;-;-;-;-;-;-;-;-;-;518,53;-;-;-;-;-;-;-
IDIK27C578200;BRBMEFCIK9R0;FINANCIAL;-;-;-;-;-;-;-;-;-;506,91;-;-;-;-;-;-;-
IDIK27C578300;BRBMEFCIK9S8;FINANCIAL;-;-;-;-;-;-;-;-;-;496,02;-;-;-;-;-;-;-
IDIK27C578400;BRBMEFCIK9T6;FINANCIAL;-;-;-;-;-;-;-;-;-;484,93;-;-;-;-;-;-;-
IDIK27C578500;BRBMEFCIK9U4;FINANCIAL;-;-;-;-;-;-;-;-;-;474,53;-;-;-;-;-;-;-
IDIK27C578600;BRBMEFCIK9V2;FINANCIAL;-;-;-;-;-;-;-;-;-;464,49;-;-;-;-;-;-;-
IDIK27C578700;BRBMEFCIK9W0;FINANCIAL;-;-;-;-;-;-;-;-;-;454,95;-;-;-;-;-;-;-
IDIK27C578800;BRBMEFCIK9X8;FINANCIAL;-;-;-;-;-;-;-;-;-;445,88;-;-;-;-;-;-;-
IDIK27C578900;BRBMEFCIK9Y6;FINANCIAL;-;-;-;-;-;-;-;-;-;437,13;-;-;-;-;-;-;-
IDIK27C579000;BRBMEFCIK9Z3;FINANCIAL;-;-;-;-;-;-;-;-;-;428,95;-;-;-;-;-;-;-
IDIK27C579100;BRBMEFCIKA04;FINANCIAL;-;-;-;-;-;-;-;-;-;421,19;-;-;-;-;-;-;-
IDIK27C579200;BRBMEFCIKA12;FINANCIAL;-;-;-;-;-;-;-;-;-;413,96;-;-;-;-;-;-;-
IDIK27C579300;BRBMEFCIKA20;FINANCIAL;-;-;-;-;-;-;-;-;-;406,85;-;-;-;-;-;-;-
IDIK27C579400;BRBMEFCIKA38;FINANCIAL;-;-;-;-;-;-;-;-;-;399,85;-;-;-;-;-;-;-
IDIK27C579500;BRBMEFCIKA46;FINANCIAL;-;-;-;-;-;-;-;-;-;393,08;-;-;-;-;-;-;-
IDIK27P577400;BRBMEFVIK9I6;FINANCIAL;-;-;-;-;-;-;-;-;-;2120,69;-;-;-;-;-;-;-
IDIK27P577500;BRBMEFVIK9J4;FINANCIAL;-;-;-;-;-;-;-;-;-;2193,29;-;-;-;-;-;-;-
IDIK27P577600;BRBMEFVIK9K2;FINANCIAL;-;-;-;-;-;-;-;-;-;2266,99;-;-;-;-;-;-;-
IDIK27P577700;BRBMEFVIK9L0;FINANCIAL;-;-;-;-;-;-;-;-;-;2341,76;-;-;-;-;-;-;-
IDIK27P577800;BRBMEFVIK9M8;FINANCIAL;-;-;-;-;-;-;-;-;-;2417,07;-;-;-;-;-;-;-
IDIK27P577900;BRBMEFVIK9N6;FINANCIAL;-;-;-;-;-;-;-;-;-;2492,74;-;-;-;-;-;-;-
IDIK27P578000;BRBMEFVIK9O4;FINANCIAL;-;-;-;-;-;-;-;-;-;2568,14;-;-;-;-;-;-;-
IDIK27P578100;BRBMEFVIK9P1;FINANCIAL;-;-;-;-;-;-;-;-;-;2644,34;-;-;-;-;-;-;-
IDIK27P578200;BRBMEFVIK9Q9;FINANCIAL;-;-;-;-;-;-;-;-;-;2722,23;-;-;-;-;-;-;-
IDIK27P578300;BRBMEFVIK9R7;FINANCIAL;-;-;-;-;-;-;-;-;-;2800,84;-;-;-;-;-;-;-
IDIK27P578400;BRBMEFVIK9S5;FINANCIAL;-;-;-;-;-;-;-;-;-;2879,25;-;-;-;-;-;-;-
IDIK27P578500;BRBMEFVIK9T3;FINANCIAL;-;-;-;-;-;-;-;-;-;2958,35;-;-;-;-;-;-;-
IDIK27P578600;BRBMEFVIK9U1;FINANCIAL;-;-;-;-;-;-;-;-;-;3037,81;-;-;-;-;-;-;-
IDIK27P578700;BRBMEFVIK9V9;FINANCIAL;-;-;-;-;-;-;-;-;-;3117,77;-;-;-;-;-;-;-
IDIK27P578800;BRBMEFVIK9W7;FINANCIAL;-;-;-;-;-;-;-;-;-;3198,2;-;-;-;-;-;-;-
IDIK27P578900;BRBMEFVIK9X5;FINANCIAL;-;-;-;-;-;-;-;-;-;3278,95;-;-;-;-;-;-;-
IDIK27P579000;BRBMEFVIK9Y3;FINANCIAL;-;-;-;-;-;-;-;-;-;3360,27;-;-;-;-;-;-;-
IDIK27P579100;BRBMEFVIK9Z0;FINANCIAL;-;-;-;-;-;-;-;-;-;3442,01;-;-;-;-;-;-;-
IDIK27P579200;BRBMEFVIKA01;FINANCIAL;-;-;-;-;-;-;-;-;-;3524,28;-;-;-;-;-;-;-
IDIK27P579300;BRBMEFVIKA19;FINANCIAL;-;-;-;-;-;-;-;-;-;3606,67;-;-;-;-;-;-;-
IDIK27P579400;BRBMEFVIKA27;FINANCIAL;-;-;-;-;-;-;-;-;-;3689,17;-;-;-;-;-;-;-
IDIK27P579500;BRBMEFVIKA35;FINANCIAL;-;-;-;-;-;-;-;-;-;3771,9;-;-;-;-;-;-;-
IDIM27C584000;BRBMEFCIMA77;FINANCIAL;-;-;-;-;-;-;-;-;-;712,76;-;-;-;-;-;-;-
IDIM27C584100;BRBMEFCIMA85;FINANCIAL;-;-;-;-;-;-;-;-;-;696,31;-;-;-;-;-;-;-
IDIM27C584200;BRBMEFCIMA93;FINANCIAL;-;-;-;-;-;-;-;-;-;680,86;-;-;-;-;-;-;-
IDIM27C584300;BRBMEFCIMAA9;FINANCIAL;-;-;-;-;-;-;-;-;-;665,54;-;-;-;-;-;-;-
IDIM27C584400;BRBMEFCIMAB7;FINANCIAL;-;-;-;-;-;-;-;-;-;650,69;-;-;-;-;-;-;-
IDIM27C584500;BRBMEFCIMAC5;FINANCIAL;-;-;-;-;-;-;-;-;-;636,28;-;-;-;-;-;-;-
IDIM27C584600;BRBMEFCIMAD3;FINANCIAL;-;-;-;-;-;-;-;-;-;622,3;-;-;-;-;-;-;-
IDIM27C584700;BRBMEFCIMAE1;FINANCIAL;-;-;-;-;-;-;-;-;-;609,06;-;-;-;-;-;-;-
IDIM27C584800;BRBMEFCIMAF8;FINANCIAL;-;-;-;-;-;-;-;-;-;596,69;-;-;-;-;-;-;-
IDIM27C584900;BRBMEFCIMAG6;FINANCIAL;-;-;-;-;-;-;-;-;-;585,15;-;-;-;-;-;-;-
IDIM27C585000;BRBMEFCIMAH4;FINANCIAL;-;-;-;-;-;-;-;-;-;573,96;-;-;-;-;-;-;-
IDIM27C585100;BRBMEFCIMAI2;FINANCIAL;-;-;-;-;-;-;-;-;-;562,95;-;-;-;-;-;-;-
IDIM27C585200;BRBMEFCIMAJ0;FINANCIAL;-;-;-;-;-;-;-;-;-;551,97;-;-;-;-;-;-;-
IDIM27C585300;BRBMEFCIMAK8;FINANCIAL;-;-;-;-;-;-;-;-;-;541,31;-;-;-;-;-;-;-
IDIM27C585400;BRBMEFCIMAL6;FINANCIAL;-;-;-;-;-;-;-;-;-;531,25;-;-;-;-;-;-;-
IDIM27C585500;BRBMEFCIMAM4;FINANCIAL;-;-;-;-;-;-;-;-;-;521,78;-;-;-;-;-;-;-
IDIM27C585600;BRBMEFCIMAN2;FINANCIAL;-;-;-;-;-;-;-;-;-;512,72;-;-;-;-;-;-;-
IDIM27C585700;BRBMEFCIMAO0;FINANCIAL;-;-;-;-;-;-;-;-;-;504,07;-;-;-;-;-;-;-
IDIM27C585800;BRBMEFCIMAP7;FINANCIAL;-;-;-;-;-;-;-;-;-;495,68;-;-;-;-;-;-;-
IDIM27C585900;BRBMEFCIMAQ5;FINANCIAL;-;-;-;-;-;-;-;-;-;487,52;-;-;-;-;-;-;-
IDIM27C586000;BRBMEFCIMAR3;FINANCIAL;-;-;-;-;-;-;-;-;-;479,73;-;-;-;-;-;-;-
IDIM27C586100;BRBMEFCIMAS1;FINANCIAL;-;-;-;-;-;-;-;-;-;472,3;-;-;-;-;-;-;-
IDIM27P584000;BRBMEFVIMA74;FINANCIAL;-;-;-;-;-;-;-;-;-;2618,9;-;-;-;-;-;-;-
IDIM27P584100;BRBMEFVIMA82;FINANCIAL;-;-;-;-;-;-;-;-;-;2691,01;-;-;-;-;-;-;-
IDIM27P584200;BRBMEFVIMA90;FINANCIAL;-;-;-;-;-;-;-;-;-;2764,12;-;-;-;-;-;-;-
IDIM27P584300;BRBMEFVIMAA9;FINANCIAL;-;-;-;-;-;-;-;-;-;2837,36;-;-;-;-;-;-;-
IDIM27P584400;BRBMEFVIMAB7;FINANCIAL;-;-;-;-;-;-;-;-;-;2911,07;-;-;-;-;-;-;-
IDIM27P584500;BRBMEFVIMAC5;FINANCIAL;-;-;-;-;-;-;-;-;-;2985,22;-;-;-;-;-;-;-
IDIM27P584600;BRBMEFVIMAD3;FINANCIAL;-;-;-;-;-;-;-;-;-;3059,8;-;-;-;-;-;-;-
IDIM27P584700;BRBMEFVIMAE1;FINANCIAL;-;-;-;-;-;-;-;-;-;3135,11;-;-;-;-;-;-;-
IDIM27P584800;BRBMEFVIMAF8;FINANCIAL;-;-;-;-;-;-;-;-;-;3211,29;-;-;-;-;-;-;-
IDIM27P584900;BRBMEFVIMAG6;FINANCIAL;-;-;-;-;-;-;-;-;-;3288,32;-;-;-;-;-;-;-
IDIM27P585000;BRBMEFVIMAH4;FINANCIAL;-;-;-;-;-;-;-;-;-;3365,69;-;-;-;-;-;-;-
IDIM27P585100;BRBMEFVIMAI2;FINANCIAL;-;-;-;-;-;-;-;-;-;3443,24;-;-;-;-;-;-;-
IDIM27P585200;BRBMEFVIMAJ0;FINANCIAL;-;-;-;-;-;-;-;-;-;3520,81;-;-;-;-;-;-;-
IDIM27P585300;BRBMEFVIMAK8;FINANCIAL;-;-;-;-;-;-;-;-;-;3598,71;-;-;-;-;-;-;-
IDIM27P585400;BRBMEFVIMAL6;FINANCIAL;-;-;-;-;-;-;-;-;-;3677,21;-;-;-;-;-;-;-
IDIM27P585500;BRBMEFVIMAM4;FINANCIAL;-;-;-;-;-;-;-;-;-;3756,29;-;-;-;-;-;-;-
IDIM27P585600;BRBMEFVIMAN2;FINANCIAL;-;-;-;-;-;-;-;-;-;3835,8;-;-;-;-;-;-;-
IDIM27P585700;BRBMEFVIMAO0;FINANCIAL;-;-;-;-;-;-;-;-;-;3915,71;-;-;-;-;-;-;-
IDIM27P585800;BRBMEFVIMAP7;FINANCIAL;-;-;-;-;-;-;-;-;-;3995,87;-;-;-;-;-;-;-
IDIM27P585900;BRBMEFVIMAQ5;FINANCIAL;-;-;-;-;-;-;-;-;-;4076,27;-;-;-;-;-;-;-
IDIM27P586000;BRBMEFVIMAR3;FINANCIAL;-;-;-;-;-;-;-;-;-;4157,04;-;-;-;-;-;-;-
IDIM27P586100;BRBMEFVIMAS1;FINANCIAL;-;-;-;-;-;-;-;-;-;4238,17;-;-;-;-;-;-;-
IDIN27C591000;BRBMEFCICMU3;FINANCIAL;-;-;-;-;-;-;-;-;-;886,45;-;-;-;-;-;-;-
IDIN27C591100;BRBMEFCICMV1;FINANCIAL;-;-;-;-;-;-;-;-;-;867,83;-;-;-;-;-;-;-
IDIN27C591200;BRBMEFCICMW9;FINANCIAL;-;-;-;-;-;-;-;-;-;849,86;-;-;-;-;-;-;-
IDIN27C591300;BRBMEFCICMX7;FINANCIAL;-;-;-;-;-;-;-;-;-;832,87;-;-;-;-;-;-;-
IDIN27C591400;BRBMEFCICMY5;FINANCIAL;-;-;-;-;-;-;-;-;-;816,67;-;-;-;-;-;-;-
IDIN27C591500;BRBMEFCICMZ2;FINANCIAL;-;-;-;-;-;-;-;-;-;801,41;-;-;-;-;-;-;-
IDIN27C591600;BRBMEFCICN09;FINANCIAL;-;-;-;-;-;-;-;-;-;785,49;-;-;-;-;-;-;-
IDIN27C591800;BRBMEFCICN17;FINANCIAL;-;-;-;-;-;-;-;-;-;754,65;-;-;-;-;-;-;-
IDIN27C591900;BRBMEFCICN25;FINANCIAL;-;-;-;-;-;-;-;-;-;740,22;-;-;-;-;-;-;-
IDIN27C592000;BRBMEFCICN33;FINANCIAL;-;-;-;-;-;-;-;-;-;726,33;-;-;-;-;-;-;-
IDIN27C592100;BRBMEFCICN41;FINANCIAL;-;-;-;-;-;-;-;-;-;712,95;-;-;-;-;-;-;-
IDIN27C592200;BRBMEFCICN58;FINANCIAL;-;-;-;-;-;-;-;-;-;700,23;-;-;-;-;-;-;-
IDIN27C592300;BRBMEFCICN66;FINANCIAL;-;-;-;-;-;-;-;-;-;687,83;-;-;-;-;-;-;-
IDIN27C592400;BRBMEFCICN74;FINANCIAL;-;-;-;-;-;-;-;-;-;675,73;-;-;-;-;-;-;-
IDIN27C592500;BRBMEFCICN82;FINANCIAL;-;-;-;-;-;-;-;-;-;664,1;-;-;-;-;-;-;-
IDIN27C592600;BRBMEFCICN90;FINANCIAL;-;-;-;-;-;-;-;-;-;652,75;-;-;-;-;-;-;-
IDIN27C592700;BRBMEFCICNA3;FINANCIAL;-;-;-;-;-;-;-;-;-;641,69;-;-;-;-;-;-;-
IDIN27C592800;BRBMEFCICNB1;FINANCIAL;-;-;-;-;-;-;-;-;-;630,89;-;-;-;-;-;-;-
IDIN27C592900;BRBMEFCICNC9;FINANCIAL;-;-;-;-;-;-;-;-;-;620,51;-;-;-;-;-;-;-
IDIN27C593000;BRBMEFCICND7;FINANCIAL;-;-;-;-;-;-;-;-;-;610,54;-;-;-;-;-;-;-
IDIN27C593100;BRBMEFCICNE5;FINANCIAL;-;-;-;-;-;-;-;-;-;600,81;-;-;-;-;-;-;-
IDIN27C593200;BRBMEFCICNF2;FINANCIAL;-;-;-;-;-;-;-;-;-;591,32;-;-;-;-;-;-;-
IDIN27C593300;BRBMEFCICNG0;FINANCIAL;-;-;-;-;-;-;-;-;-;582,2;-;-;-;-;-;-;-
IDIN27C593400;BRBMEFCICNH8;FINANCIAL;-;-;-;-;-;-;-;-;-;573,3;-;-;-;-;-;-;-
IDIN27C593500;BRBMEFCICNI6;FINANCIAL;-;-;-;-;-;-;-;-;-;564,76;-;-;-;-;-;-;-
IDIN27P591000;BRBMEFVI2MU4;FINANCIAL;-;-;-;-;-;-;-;-;-;2919,93;-;-;-;-;-;-;-
IDIN27P591100;BRBMEFVI2MV2;FINANCIAL;-;-;-;-;-;-;-;-;-;2988,84;-;-;-;-;-;-;-
IDIN27P591200;BRBMEFVI2MW0;FINANCIAL;-;-;-;-;-;-;-;-;-;3058,4;-;-;-;-;-;-;-
IDIN27P591300;BRBMEFVI2MX8;FINANCIAL;-;-;-;-;-;-;-;-;-;3128,95;-;-;-;-;-;-;-
IDIN27P591400;BRBMEFVI2MY6;FINANCIAL;-;-;-;-;-;-;-;-;-;3200,28;-;-;-;-;-;-;-
IDIN27P591500;BRBMEFVI2MZ3;FINANCIAL;-;-;-;-;-;-;-;-;-;3272,55;-;-;-;-;-;-;-
IDIN27P591600;BRBMEFVI2N08;FINANCIAL;-;-;-;-;-;-;-;-;-;3344,15;-;-;-;-;-;-;-
IDIN27P591800;BRBMEFVI2N16;FINANCIAL;-;-;-;-;-;-;-;-;-;3488,38;-;-;-;-;-;-;-
IDIN27P591900;BRBMEFVI2N24;FINANCIAL;-;-;-;-;-;-;-;-;-;3561,49;-;-;-;-;-;-;-
IDIN27P592000;BRBMEFVI2N32;FINANCIAL;-;-;-;-;-;-;-;-;-;3635,12;-;-;-;-;-;-;-
IDIN27P592100;BRBMEFVI2N40;FINANCIAL;-;-;-;-;-;-;-;-;-;3709,27;-;-;-;-;-;-;-
IDIN27P592200;BRBMEFVI2N57;FINANCIAL;-;-;-;-;-;-;-;-;-;3784,08;-;-;-;-;-;-;-
IDIN27P592300;BRBMEFVI2N65;FINANCIAL;-;-;-;-;-;-;-;-;-;3859,21;-;-;-;-;-;-;-
IDIN27P592400;BRBMEFVI2N73;FINANCIAL;-;-;-;-;-;-;-;-;-;3934,65;-;-;-;-;-;-;-
IDIN27P592500;BRBMEFVI2N81;FINANCIAL;-;-;-;-;-;-;-;-;-;4010,55;-;-;-;-;-;-;-
IDIN27P592600;BRBMEFVI2N99;FINANCIAL;-;-;-;-;-;-;-;-;-;4086,73;-;-;-;-;-;-;-
IDIN27P592700;BRBMEFVI2NA4;FINANCIAL;-;-;-;-;-;-;-;-;-;4163,2;-;-;-;-;-;-;-
IDIN27P592800;BRBMEFVI2NB2;FINANCIAL;-;-;-;-;-;-;-;-;-;4239,93;-;-;-;-;-;-;-
IDIN27P592900;BRBMEFVI2NC0;FINANCIAL;-;-;-;-;-;-;-;-;-;4317,08;-;-;-;-;-;-;-
IDIN27P593000;BRBMEFVI2ND8;FINANCIAL;-;-;-;-;-;-;-;-;-;4394,64;-;-;-;-;-;-;-
IDIN27P593100;BRBMEFVI2NE6;FINANCIAL;-;-;-;-;-;-;-;-;-;4472,44;-;-;-;-;-;-;-
IDIN27P593200;BRBMEFVI2NF3;FINANCIAL;-;-;-;-;-;-;-;-;-;4550,48;-;-;-;-;-;-;-
IDIN27P593300;BRBMEFVI2NG1;FINANCIAL;-;-;-;-;-;-;-;-;-;4628,9;-;-;-;-;-;-;-
IDIN27P593400;BRBMEFVI2NH9;FINANCIAL;-;-;-;-;-;-;-;-;-;4707,53;-;-;-;-;-;-;-
IDIN27P593500;BRBMEFVI2NI7;FINANCIAL;-;-;-;-;-;-;-;-;-;4786,52;-;-;-;-;-;-;-
IDIV27C613100;BRBMEFCIVZ36;FINANCIAL;-;-;-;-;-;-;-;-;-;1269,67;-;-;-;-;-;-;-
IDIV27C613200;BRBMEFCIVZ44;FINANCIAL;-;-;-;-;-;-;-;-;-;1251,38;-;-;-;-;-;-;-
IDIV27C613300;BRBMEFCIVZ51;FINANCIAL;-;-;-;-;-;-;-;-;-;1233,59;-;-;-;-;-;-;-
IDIV27C613400;BRBMEFCIVZ69;FINANCIAL;-;-;-;-;-;-;-;-;-;1216,48;-;-;-;-;-;-;-
IDIV27C613500;BRBMEFCIVZ77;FINANCIAL;-;-;-;-;-;-;-;-;-;1199,63;-;-;-;-;-;-;-
IDIV27C613600;BRBMEFCIVZ85;FINANCIAL;-;-;-;-;-;-;-;-;-;1182,86;-;-;-;-;-;-;-
IDIV27C613700;BRBMEFCIVZ93;FINANCIAL;-;-;-;-;-;-;-;-;-;1166,16;-;-;-;-;-;-;-
IDIV27C613800;BRBMEFCIVZA7;FINANCIAL;-;-;-;-;-;-;-;-;-;1149,73;-;-;-;-;-;-;-
IDIV27C613900;BRBMEFCIVZB5;FINANCIAL;-;-;-;-;-;-;-;-;-;1133,55;-;-;-;-;-;-;-
IDIV27C614100;BRBMEFCIVZC3;FINANCIAL;-;-;-;-;-;-;-;-;-;1102,16;-;-;-;-;-;-;-
IDIV27C614200;BRBMEFCIVZD1;FINANCIAL;-;-;-;-;-;-;-;-;-;1086,74;-;-;-;-;-;-;-
IDIV27C614300;BRBMEFCIVZE9;FINANCIAL;-;-;-;-;-;-;-;-;-;1071,75;-;-;-;-;-;-;-
IDIV27C614400;BRBMEFCIVZF6;FINANCIAL;-;-;-;-;-;-;-;-;-;1057,19;-;-;-;-;-;-;-
IDIV27C614500;BRBMEFCIVZG4;FINANCIAL;-;-;-;-;-;-;-;-;-;1042,86;-;-;-;-;-;-;-
IDIV27C614600;BRBMEFCIVZH2;FINANCIAL;-;-;-;-;-;-;-;-;-;1028,94;-;-;-;-;-;-;-
IDIV27C614700;BRBMEFCIVZI0;FINANCIAL;-;-;-;-;-;-;-;-;-;1015,24;-;-;-;-;-;-;-
IDIV27C614800;BRBMEFCIVZJ8;FINANCIAL;-;-;-;-;-;-;-;-;-;1001,94;-;-;-;-;-;-;-
IDIV27C614900;BRBMEFCIVZK6;FINANCIAL;-;-;-;-;-;-;-;-;-;988,86;-;-;-;-;-;-;-
IDIV27C615000;BRBMEFCIVZL4;FINANCIAL;-;-;-;-;-;-;-;-;-;975,98;-;-;-;-;-;-;-
IDIV27C615100;BRBMEFCIVZM2;FINANCIAL;-;-;-;-;-;-;-;-;-;963,31;-;-;-;-;-;-;-
IDIV27C615200;BRBMEFCIVZN0;FINANCIAL;-;-;-;-;-;-;-;-;-;950,48;-;-;-;-;-;-;-
IDIV27C615300;BRBMEFCIVZO8;FINANCIAL;-;-;-;-;-;-;-;-;-;937,85;-;-;-;-;-;-;-
IDIV27C615400;BRBMEFCIVZP5;FINANCIAL;-;-;-;-;-;-;-;-;-;925,6;-;-;-;-;-;-;-
IDIV27C615500;BRBMEFCIVZQ3;FINANCIAL;-;-;-;-;-;-;-;-;-;913,72;-;-;-;-;-;-;-
IDIV27P613100;BRBMEFVIVZ33;FINANCIAL;-;-;-;-;-;-;-;-;-;4625,05;-;-;-;-;-;-;-
IDIV27P613200;BRBMEFVIVZ41;FINANCIAL;-;-;-;-;-;-;-;-;-;4691,36;-;-;-;-;-;-;-
IDIV27P613300;BRBMEFVIVZ58;FINANCIAL;-;-;-;-;-;-;-;-;-;4758,15;-;-;-;-;-;-;-
IDIV27P613400;BRBMEFVIVZ66;FINANCIAL;-;-;-;-;-;-;-;-;-;4825,63;-;-;-;-;-;-;-
IDIV27P613500;BRBMEFVIVZ74;FINANCIAL;-;-;-;-;-;-;-;-;-;4893,38;-;-;-;-;-;-;-
IDIV27P613600;BRBMEFVIVZ82;FINANCIAL;-;-;-;-;-;-;-;-;-;4961,2;-;-;-;-;-;-;-
IDIV27P613700;BRBMEFVIVZ90;FINANCIAL;-;-;-;-;-;-;-;-;-;5029,09;-;-;-;-;-;-;-
IDIV27P613800;BRBMEFVIVZA7;FINANCIAL;-;-;-;-;-;-;-;-;-;5097,25;-;-;-;-;-;-;-
IDIV27P613900;BRBMEFVIVZB5;FINANCIAL;-;-;-;-;-;-;-;-;-;5165,67;-;-;-;-;-;-;-
IDIV27P614100;BRBMEFVIVZC3;FINANCIAL;-;-;-;-;-;-;-;-;-;5303,45;-;-;-;-;-;-;-
IDIV27P614200;BRBMEFVIVZD1;FINANCIAL;-;-;-;-;-;-;-;-;-;5372,63;-;-;-;-;-;-;-
IDIV27P614300;BRBMEFVIVZE9;FINANCIAL;-;-;-;-;-;-;-;-;-;5442,23;-;-;-;-;-;-;-
IDIV27P614400;BRBMEFVIVZF6;FINANCIAL;-;-;-;-;-;-;-;-;-;5512,26;-;-;-;-;-;-;-
IDIV27P614500;BRBMEFVIVZG4;FINANCIAL;-;-;-;-;-;-;-;-;-;5582,52;-;-;-;-;-;-;-
IDIV27P614600;BRBMEFVIVZH2;FINANCIAL;-;-;-;-;-;-;-;-;-;5653,19;-;-;-;-;-;-;-
IDIV27P614700;BRBMEFVIVZI0;FINANCIAL;-;-;-;-;-;-;-;-;-;5724,09;-;-;-;-;-;-;-
IDIV27P614800;BRBMEFVIVZJ8;FINANCIAL;-;-;-;-;-;-;-;-;-;5795,38;-;-;-;-;-;-;-
IDIV27P614900;BRBMEFVIVZK6;FINANCIAL;-;-;-;-;-;-;-;-;-;5866,89;-;-;-;-;-;-;-
IDIV27P615000;BRBMEFVIVZL4;FINANCIAL;-;-;-;-;-;-;-;-;-;5938,6;-;-;-;-;-;-;-
IDIV27P615100;BRBMEFVIVZM2;FINANCIAL;-;-;-;-;-;-;-;-;-;6010,52;-;-;-;-;-;-;-
IDIV27P615200;BRBMEFVIVZN0;FINANCIAL;-;-;-;-;-;-;-;-;-;6082,28;-;-;-;-;-;-;-
IDIV27P615300;BRBMEFVIVZO8;FINANCIAL;-;-;-;-;-;-;-;-;-;6154,25;-;-;-;-;-;-;-
IDIV27P615400;BRBMEFVIVZP5;FINANCIAL;-;-;-;-;-;-;-;-;-;6226,59;-;-;-;-;-;-;-
IDIV27P615500;BRBMEFVIVZQ3;FINANCIAL;-;-;-;-;-;-;-;-;-;6299,29;-;-;-;-;-;-;-
IDIZ26C542400;BRBMEFCIZ987;FINANCIAL;-;-;-;-;-;-;-;-;-;2562,63;-;-;-;-;-;-;-
IDIZ26C542500;BRBMEFCIZ995;FINANCIAL;-;-;-;-;-;-;-;-;-;2468,45;-;-;-;-;-;-;-
IDIZ26C542600;BRBMEFCIZ9A9;FINANCIAL;-;-;-;-;-;-;-;-;-;2374,38;-;-;-;-;-;-;-
IDIZ26C542700;BRBMEFCIZ9B7;FINANCIAL;-;-;-;-;-;-;-;-;-;2280,47;-;-;-;-;-;-;-
IDIZ26C542800;BRBMEFCIZ9C5;FINANCIAL;-;-;-;-;-;-;-;-;-;2186,76;-;-;-;-;-;-;-
IDIZ26C542900;BRBMEFCIZ9D3;FINANCIAL;-;-;-;-;-;-;-;-;-;2092,62;-;-;-;-;-;-;-
IDIZ26C543000;BRBMEFCIZ9E1;FINANCIAL;-;-;-;-;-;-;-;-;-;1998,48;-;-;-;-;-;-;-
IDIZ26P541000;BRBMEFVIZ8U6;FINANCIAL;-;-;-;-;-;-;-;-;-;0,01;-;-;-;-;-;-;-
IDIZ26P541100;BRBMEFVIZ8V4;FINANCIAL;-;-;-;-;-;-;-;-;-;0,01;-;-;-;-;-;-;-
IDIZ26P541200;BRBMEFVIZ8W2;FINANCIAL;-;-;-;-;-;-;-;-;-;0,01;-;-;-;-;-;-;-
IDIZ26P541300;BRBMEFVIZ8X0;FINANCIAL;-;-;-;-;-;-;-;-;-;0,01;-;-;-;-;-;-;-
IDIZ26P541400;BRBMEFVIZ8Y8;FINANCIAL;-;-;-;-;-;-;-;-;-;0,02;-;-;-;-;-;-;-
IDIZ26P541500;BRBMEFVIZ8Z5;FINANCIAL;-;-;-;-;-;-;-;-;-;0,03;-;-;-;-;-;-;-
IDIZ26P541600;BRBMEFVIZ904;FINANCIAL;-;-;-;-;-;-;-;-;-;0,04;-;-;-;-;-;-;-
IDIZ26P541700;BRBMEFVIZ912;FINANCIAL;-;-;-;-;-;-;-;-;-;0,07;-;-;-;-;-;-;-
IDIZ26P541800;BRBMEFVIZ920;FINANCIAL;-;-;-;-;-;-;-;-;-;0,1;-;-;-;-;-;-;-
IDIZ26P541900;BRBMEFVIZ938;FINANCIAL;-;-;-;-;-;-;-;-;-;0,15;-;-;-;-;-;-;-
IDIZ26P542000;BRBMEFVIZ946;FINANCIAL;-;-;-;-;-;-;-;-;-;0,21;-;-;-;-;-;-;-
IDIZ26P542100;BRBMEFVIZ953;FINANCIAL;-;-;-;-;-;-;-;-;-;0,31;-;-;-;-;-;-;-
IDIZ26P542200;BRBMEFVIZ961;FINANCIAL;-;-;-;-;-;-;-;-;-;0,44;-;-;-;-;-;-;-
IDIZ26P542300;BRBMEFVIZ979;FINANCIAL;-;-;-;-;-;-;-;-;-;0,62;-;-;-;-;-;-;-
IDIZ26P542400;BRBMEFVIZ987;FINANCIAL;-;-;-;-;-;-;-;-;-;0,87;-;-;-;-;-;-;-
IDIZ26P542500;BRBMEFVIZ995;FINANCIAL;-;-;-;-;-;-;-;-;-;1,22;-;-;-;-;-;-;-
IDIZ26P542600;BRBMEFVIZ9A6;FINANCIAL;-;-;-;-;-;-;-;-;-;1,68;-;-;-;-;-;-;-
IDIZ26P542700;BRBMEFVIZ9B4;FINANCIAL;-;-;-;-;-;-;-;-;-;2,29;-;-;-;-;-;-;-
IDIZ26P542800;BRBMEFVIZ9C2;FINANCIAL;-;-;-;-;-;-;-;-;-;3,1;-;-;-;-;-;-;-
IDIZ26P542900;BRBMEFVIZ9D0;FINANCIAL;-;-;-;-;-;-;-;-;-;3,49;-;-;-;-;-;-;-
IDIZ26P543000;BRBMEFVIZ9E8;FINANCIAL;-;-;-;-;-;-;-;-;-;3,88;-;-;-;-;-;-;-
IDIF27C551900;BRBMEFCIAZZ8;FINANCIAL;-;-;-;-;-;-;-;-;-;252,5;-;-;-;-;-;-;-
IDIF27P551900;BRBMEFVI1ZZ7;FINANCIAL;-;-;-;-;-;-;-;-;-;667,35;-;-;-;-;-;-;-
IDIF28C625400;BRBMEFCID000;FINANCIAL;-;-;-;-;-;-;-;-;-;5010,43;-;-;-;-;-;-;-
IDIF28P625400;BRBMEFFI0007;FINANCIAL;-;-;-;-;-;-;-;-;-;1662,13;-;-;-;-;-;-;-
IDIN27C586500;BRBMEFCICJX3;FINANCIAL;-;-;-;-;-;-;-;-;-;2554,57;-;-;-;-;-;-;-
IDIN27P586500;BRBMEFVI2JX4;FINANCIAL;-;-;-;-;-;-;-;-;-;649,16;-;-;-;-;-;-;-
IDIN28C666800;BRBMEFCICJY1;FINANCIAL;-;-;-;-;-;-;-;-;-;7433,21;-;-;-;-;-;-;-
IDIN28P666800;BRBMEFVI2JY2;FINANCIAL;-;-;-;-;-;-;-;-;-;3200,91;-;-;-;-;-;-;-
IDIF28C625100;BRBMEFCID018;FINANCIAL;-;-;-;-;-;-;-;-;-;5168,15;-;-;-;-;-;-;-
IDIF28P625100;BRBMEFFI0015;FINANCIAL;-;-;-;-;-;-;-;-;-;1574,27;-;-;-;-;-;-;-
IDIN27C586300;BRBMEFCICJZ8;FINANCIAL;-;-;-;-;-;-;-;-;-;2670,22;-;-;-;-;-;-;-
IDIN27P586300;BRBMEFVI2JZ9;FINANCIAL;-;-;-;-;-;-;-;-;-;589,74;-;-;-;-;-;-;-
IDIN28C666600;BRBMEFCICK02;FINANCIAL;-;-;-;-;-;-;-;-;-;7522,8;-;-;-;-;-;-;-
IDIN28P666600;BRBMEFVI2K01;FINANCIAL;-;-;-;-;-;-;-;-;-;3137,22;-;-;-;-;-;-;-
IDIF27C552000;BRBMEFCID034;FINANCIAL;-;-;-;-;-;-;-;-;-;235,28;-;-;-;-;-;-;-
IDIF27P552000;BRBMEFFI0031;FINANCIAL;-;-;-;-;-;-;-;-;-;743,56;-;-;-;-;-;-;-
IDIF28C625300;BRBMEFCID042;FINANCIAL;-;-;-;-;-;-;-;-;-;5062,66;-;-;-;-;-;-;-
IDIF28C625800;BRBMEFCID026;FINANCIAL;-;-;-;-;-;-;-;-;-;4806,61;-;-;-;-;-;-;-
IDIF28C632700;BRBMEFCID059;FINANCIAL;-;-;-;-;-;-;-;-;-;2262,55;-;-;-;-;-;-;-
IDIF28P625300;BRBMEFFI0049;FINANCIAL;-;-;-;-;-;-;-;-;-;1632,5;-;-;-;-;-;-;-
IDIF28P625800;BRBMEFFI0023;FINANCIAL;-;-;-;-;-;-;-;-;-;1785,73;-;-;-;-;-;-;-
IDIF28P632700;BRBMEFFI0056;FINANCIAL;-;-;-;-;-;-;-;-;-;4889,73;-;-;-;-;-;-;-
IDIN26C518800;BRBMEFCICK44;FINANCIAL;-;-;-;-;-;-;-;-;-;0,01;-;-;-;-;-;-;-
IDIN26P518800;BRBMEFVI2K43;FINANCIAL;-;-;-;-;-;-;-;-;-;2707,84;-;-;-;-;-;-;-
IDIN27C586800;BRBMEFCICK10;FINANCIAL;-;-;-;-;-;-;-;-;-;2378,55;-;-;-;-;-;-;-
IDIN27C591700;BRBMEFCICK51;FINANCIAL;-;-;-;-;-;-;-;-;-;769,79;-;-;-;-;-;-;-
IDIN27C625800;BRBMEFCICK28;FINANCIAL;-;-;-;-;-;-;-;-;-;42,86;-;-;-;-;-;-;-
IDIN27C667500;BRBMEFCICK36;FINANCIAL;-;-;-;-;-;-;-;-;-;0,01;-;-;-;-;-;-;-
IDIN27P586800;BRBMEFVI2K19;FINANCIAL;-;-;-;-;-;-;-;-;-;735,73;-;-;-;-;-;-;-
IDIN27P591700;BRBMEFVI2K50;FINANCIAL;-;-;-;-;-;-;-;-;-;3415,99;-;-;-;-;-;-;-
IDIN27P625800;BRBMEFVI2K27;FINANCIAL;-;-;-;-;-;-;-;-;-;32537,16;-;-;-;-;-;-;-
IDIN27P667500;BRBMEFVI2K35;FINANCIAL;-;-;-;-;-;-;-;-;-;68994,77;-;-;-;-;-;-;-
IDIF28C624400;BRBMEFCID067;FINANCIAL;-;-;-;-;-;-;-;-;-;5545,69;-;-;-;-;-;-;-
IDIF28P624400;BRBMEFFI0064;FINANCIAL;-;-;-;-;-;-;-;-;-;1378,83;-;-;-;-;-;-;-
IDIN27C586200;BRBMEFCICK69;FINANCIAL;-;-;-;-;-;-;-;-;-;2731,06;-;-;-;-;-;-;-
IDIN27P586200;BRBMEFVI2K68;FINANCIAL;-;-;-;-;-;-;-;-;-;563,05;-;-;-;-;-;-;-
IDIJ27C565000;BRBMEFCIJTQ1;FINANCIAL;-;-;-;-;-;-;-;-;-;3971,42;-;-;-;-;-;-;-
IDIJ27C567500;BRBMEFCIJTR9;FINANCIAL;-;-;-;-;-;-;-;-;-;1878,06;-;-;-;-;-;-;-
IDIJ27C570000;BRBMEFCIJTS7;FINANCIAL;-;-;-;-;-;-;-;-;-;648,35;-;-;-;-;-;-;-
IDIJ27C572500;BRBMEFCIJTT5;FINANCIAL;-;-;-;-;-;-;-;-;-;325,18;-;-;-;-;-;-;-
IDIJ27C575000;BRBMEFCIJTU3;FINANCIAL;-;-;-;-;-;-;-;-;-;230,72;-;-;-;-;-;-;-
IDIJ27P565000;BRBMEFVIJTQ1;FINANCIAL;-;-;-;-;-;-;-;-;-;37,1;-;-;-;-;-;-;-
IDIJ27P567500;BRBMEFVIJTR9;FINANCIAL;-;-;-;-;-;-;-;-;-;206,31;-;-;-;-;-;-;-
IDIJ27P570000;BRBMEFVIJTS7;FINANCIAL;-;-;-;-;-;-;-;-;-;1239,17;-;-;-;-;-;-;-
IDIJ27P572500;BRBMEFVIJTT5;FINANCIAL;-;-;-;-;-;-;-;-;-;3178,57;-;-;-;-;-;-;-
IDIJ27P575000;BRBMEFVIJTU3;FINANCIAL;-;-;-;-;-;-;-;-;-;5346,68;-;-;-;-;-;-;-
IDIV26C528800;BRBMEFCIVWY4;FINANCIAL;-;-;-;-;-;-;-;-;-;4908,09;-;-;-;-;-;-;-
IDIV26C528900;BRBMEFCIVWZ1;FINANCIAL;-;-;-;-;-;-;-;-;-;4811,58;-;-;-;-;-;-;-
IDIV26C529000;BRBMEFCIVX04;FINANCIAL;-;-;-;-;-;-;-;-;-;4715,07;-;-;-;-;-;-;-
IDIV26C529100;BRBMEFCIVX12;FINANCIAL;-;-;-;-;-;-;-;-;-;4618,55;-;-;-;-;-;-;-
IDIV26C529200;BRBMEFCIVX20;FINANCIAL;-;-;-;-;-;-;-;-;-;4522,04;-;-;-;-;-;-;-
IDIV26C529300;BRBMEFCIVX38;FINANCIAL;-;-;-;-;-;-;-;-;-;4425,52;-;-;-;-;-;-;-
IDIV26C529400;BRBMEFCIVX46;FINANCIAL;-;-;-;-;-;-;-;-;-;4329,01;-;-;-;-;-;-;-
IDIV26C529500;BRBMEFCIVX53;FINANCIAL;-;-;-;-;-;-;-;-;-;4232,5;-;-;-;-;-;-;-
IDIV26C529600;BRBMEFCIVX61;FINANCIAL;-;-;-;-;-;-;-;-;-;4135,98;-;-;-;-;-;-;-
IDIV26C529700;BRBMEFCIVX79;FINANCIAL;-;-;-;-;-;-;-;-;-;4039,47;-;-;-;-;-;-;-
IDIV26C529800;BRBMEFCIVX87;FINANCIAL;-;-;-;-;-;-;-;-;-;3942,95;-;-;-;-;-;-;-
IDIV26C529900;BRBMEFCIVX95;FINANCIAL;-;-;-;-;-;-;-;-;-;3846,44;-;-;-;-;-;-;-
IDIV26C530100;BRBMEFCIVXA2;FINANCIAL;-;-;-;-;-;-;-;-;-;3653,41;-;-;-;-;-;-;-
IDIV26C530200;BRBMEFCIVXB0;FINANCIAL;-;-;-;-;-;-;-;-;-;3556,9;-;-;-;-;-;-;-
IDIV26C530300;BRBMEFCIVXC8;FINANCIAL;-;-;-;-;-;-;-;-;-;3460,38;-;-;-;-;-;-;-
IDIV26C530400;BRBMEFCIVXD6;FINANCIAL;-;-;-;-;-;-;-;-;-;3363,87;-;-;-;-;-;-;-
IDIV26C530600;BRBMEFCIVXE4;FINANCIAL;-;-;-;-;-;-;-;-;-;3170,84;-;-;-;-;-;-;-
IDIV26C530700;BRBMEFCIVXF1;FINANCIAL;-;-;-;-;-;-;-;-;-;3074,32;-;-;-;-;-;-;-
IDIV26C530800;BRBMEFCIVXG9;FINANCIAL;-;-;-;-;-;-;-;-;-;2977,81;-;-;-;-;-;-;-
IDIV26C530900;BRBMEFCIVXH7;FINANCIAL;-;-;-;-;-;-;-;-;-;2881,3;-;-;-;-;-;-;-
IDIV26C531100;BRBMEFCIVXI5;FINANCIAL;-;-;-;-;-;-;-;-;-;2688,27;-;-;-;-;-;-;-
IDIV26C531200;BRBMEFCIVXJ3;FINANCIAL;-;-;-;-;-;-;-;-;-;2591,75;-;-;-;-;-;-;-
IDIV26C531300;BRBMEFCIVXK1;FINANCIAL;-;-;-;-;-;-;-;-;-;2495,24;-;-;-;-;-;-;-
IDIV26C531400;BRBMEFCIVXL9;FINANCIAL;-;-;-;-;-;-;-;-;-;2398,73;-;-;-;-;-;-;-
IDIV26P528800;BRBMEFVIVWY4;FINANCIAL;-;-;-;-;-;-;-;-;-;0,01;-;-;-;-;-;-;-
IDIV26P528900;BRBMEFVIVWZ1;FINANCIAL;-;-;-;-;-;-;-;-;-;0,01;-;-;-;-;-;-;-
IDIV26P529000;BRBMEFVIVX01;FINANCIAL;-;-;-;-;-;-;-;-;-;0,01;-;-;-;-;-;-;-
IDIV26P529100;BRBMEFVIVX19;FINANCIAL;-;-;-;-;-;-;-;-;-;0,01;-;-;-;-;-;-;-
IDIV26P529200;BRBMEFVIVX27;FINANCIAL;-;-;-;-;-;-;-;-;-;0,01;-;-;-;-;-;-;-
IDIV26P529300;BRBMEFVIVX35;FINANCIAL;-;-;-;-;-;-;-;-;-;0,01;-;-;-;-;-;-;-
IDIV26P529400;BRBMEFVIVX43;FINANCIAL;-;-;-;-;-;-;-;-;-;0,01;-;-;-;-;-;-;-
IDIV26P529500;BRBMEFVIVX50;FINANCIAL;-;-;-;-;-;-;-;-;-;0,01;-;-;-;-;-;-;-
IDIV26P529600;BRBMEFVIVX68;FINANCIAL;-;-;-;-;-;-;-;-;-;0,01;-;-;-;-;-;-;-
IDIV26P529700;BRBMEFVIVX76;FINANCIAL;-;-;-;-;-;-;-;-;-;0,01;-;-;-;-;-;-;-
IDIV26P529800;BRBMEFVIVX84;FINANCIAL;-;-;-;-;-;-;-;-;-;0,01;-;-;-;-;-;-;-
IDIV26P529900;BRBMEFVIVX92;FINANCIAL;-;-;-;-;-;-;-;-;-;0,01;-;-;-;-;-;-;-
IDIV26P530100;BRBMEFVIVXA2;FINANCIAL;-;-;-;-;-;-;-;-;-;0,01;-;-;-;-;-;-;-
IDIV26P530200;BRBMEFVIVXB0;FINANCIAL;-;-;-;-;-;-;-;-;-;0,01;-;-;-;-;-;-;-
IDIV26P530300;BRBMEFVIVXC8;FINANCIAL;-;-;-;-;-;-;-;-;-;0,01;-;-;-;-;-;-;-
IDIV26P530400;BRBMEFVIVXD6;FINANCIAL;-;-;-;-;-;-;-;-;-;0,01;-;-;-;-;-;-;-
IDIV26P530600;BRBMEFVIVXE4;FINANCIAL;-;-;-;-;-;-;-;-;-;0,01;-;-;-;-;-;-;-
IDIV26P530700;BRBMEFVIVXF1;FINANCIAL;-;-;-;-;-;-;-;-;-;0,01;-;-;-;-;-;-;-
IDIV26P530800;BRBMEFVIVXG9;FINANCIAL;-;-;-;-;-;-;-;-;-;0,01;-;-;-;-;-;-;-
IDIV26P530900;BRBMEFVIVXH7;FINANCIAL;-;-;-;-;-;-;-;-;-;0,01;-;-;-;-;-;-;-
IDIV26P531100;BRBMEFVIVXI5;FINANCIAL;-;-;-;-;-;-;-;-;-;0,01;-;-;-;-;-;-;-
IDIV26P531200;BRBMEFVIVXJ3;FINANCIAL;-;-;-;-;-;-;-;-;-;0,01;-;-;-;-;-;-;-
IDIV26P531300;BRBMEFVIVXK1;FINANCIAL;-;-;-;-;-;-;-;-;-;0,01;-;-;-;-;-;-;-
IDIV26P531400;BRBMEFVIVXL9;FINANCIAL;-;-;-;-;-;-;-;-;-;0,01;-;-;-;-;-;-;-
IDIG27C553600;BRBMEFCIG805;FINANCIAL;-;-;-;-;-;-;-;-;-;3473,83;-;-;-;-;-;-;-
IDIG27C553700;BRBMEFCIG813;FINANCIAL;-;-;-;-;-;-;-;-;-;3382,05;-;-;-;-;-;-;-
IDIG27C553800;BRBMEFCIG821;FINANCIAL;-;-;-;-;-;-;-;-;-;3290,41;-;-;-;-;-;-;-
IDIG27C553900;BRBMEFCIG839;FINANCIAL;-;-;-;-;-;-;-;-;-;3198,86;-;-;-;-;-;-;-
IDIG27C554000;BRBMEFCIG847;FINANCIAL;-;-;-;-;-;-;-;-;-;3107,4;-;-;-;-;-;-;-
IDIG27C554100;BRBMEFCIG854;FINANCIAL;-;-;-;-;-;-;-;-;-;3016,03;-;-;-;-;-;-;-
IDIG27C554200;BRBMEFCIG862;FINANCIAL;-;-;-;-;-;-;-;-;-;2924,78;-;-;-;-;-;-;-
IDIG27C554300;BRBMEFCIG870;FINANCIAL;-;-;-;-;-;-;-;-;-;2833,65;-;-;-;-;-;-;-
IDIG27C554400;BRBMEFCIG888;FINANCIAL;-;-;-;-;-;-;-;-;-;2742,71;-;-;-;-;-;-;-
IDIG27C554500;BRBMEFCIG896;FINANCIAL;-;-;-;-;-;-;-;-;-;2651,86;-;-;-;-;-;-;-
IDIG27C554600;BRBMEFCIG8A4;FINANCIAL;-;-;-;-;-;-;-;-;-;2561,13;-;-;-;-;-;-;-
IDIG27C554700;BRBMEFCIG8B2;FINANCIAL;-;-;-;-;-;-;-;-;-;2470,73;-;-;-;-;-;-;-
IDIG27C554800;BRBMEFCIG8C0;FINANCIAL;-;-;-;-;-;-;-;-;-;2380,46;-;-;-;-;-;-;-
IDIG27C554900;BRBMEFCIG8D8;FINANCIAL;-;-;-;-;-;-;-;-;-;2290,38;-;-;-;-;-;-;-
IDIG27C555000;BRBMEFCIG8E6;FINANCIAL;-;-;-;-;-;-;-;-;-;2200,78;-;-;-;-;-;-;-
IDIG27C555100;BRBMEFCIG8F3;FINANCIAL;-;-;-;-;-;-;-;-;-;2111,11;-;-;-;-;-;-;-
IDIG27C555200;BRBMEFCIG8G1;FINANCIAL;-;-;-;-;-;-;-;-;-;2022,2;-;-;-;-;-;-;-
IDIG27P553600;BRBMEFVIG805;FINANCIAL;-;-;-;-;-;-;-;-;-;11,29;-;-;-;-;-;-;-
IDIG27P553700;BRBMEFVIG813;FINANCIAL;-;-;-;-;-;-;-;-;-;11,97;-;-;-;-;-;-;-
IDIG27P553800;BRBMEFVIG821;FINANCIAL;-;-;-;-;-;-;-;-;-;12,78;-;-;-;-;-;-;-
IDIG27P553900;BRBMEFVIG839;FINANCIAL;-;-;-;-;-;-;-;-;-;13,68;-;-;-;-;-;-;-
IDIG27P554000;BRBMEFVIG847;FINANCIAL;-;-;-;-;-;-;-;-;-;14,67;-;-;-;-;-;-;-
IDIG27P554100;BRBMEFVIG854;FINANCIAL;-;-;-;-;-;-;-;-;-;15,75;-;-;-;-;-;-;-
IDIG27P554200;BRBMEFVIG862;FINANCIAL;-;-;-;-;-;-;-;-;-;16,95;-;-;-;-;-;-;-
IDIG27P554300;BRBMEFVIG870;FINANCIAL;-;-;-;-;-;-;-;-;-;18,28;-;-;-;-;-;-;-
IDIG27P554400;BRBMEFVIG888;FINANCIAL;-;-;-;-;-;-;-;-;-;19,79;-;-;-;-;-;-;-
IDIG27P554500;BRBMEFVIG896;FINANCIAL;-;-;-;-;-;-;-;-;-;21,39;-;-;-;-;-;-;-
IDIG27P554600;BRBMEFVIG8A1;FINANCIAL;-;-;-;-;-;-;-;-;-;23,11;-;-;-;-;-;-;-
IDIG27P554700;BRBMEFVIG8B9;FINANCIAL;-;-;-;-;-;-;-;-;-;25,16;-;-;-;-;-;-;-
IDIG27P554800;BRBMEFVIG8C7;FINANCIAL;-;-;-;-;-;-;-;-;-;27,34;-;-;-;-;-;-;-
IDIG27P554900;BRBMEFVIG8D5;FINANCIAL;-;-;-;-;-;-;-;-;-;29,71;-;-;-;-;-;-;-
IDIG27P555000;BRBMEFVIG8E3;FINANCIAL;-;-;-;-;-;-;-;-;-;32,56;-;-;-;-;-;-;-
IDIG27P555100;BRBMEFVIG8F0;FINANCIAL;-;-;-;-;-;-;-;-;-;35,34;-;-;-;-;-;-;-
IDIG27P555200;BRBMEFVIG8G8;FINANCIAL;-;-;-;-;-;-;-;-;-;38,89;-;-;-;-;-;-;-
IDIH27C558600;BRBMEFCIH7K4;FINANCIAL;-;-;-;-;-;-;-;-;-;3797,95;-;-;-;-;-;-;-
IDIH27C558700;BRBMEFCIH7L2;FINANCIAL;-;-;-;-;-;-;-;-;-;3707,56;-;-;-;-;-;-;-
IDIH27C558800;BRBMEFCIH7M0;FINANCIAL;-;-;-;-;-;-;-;-;-;3617,31;-;-;-;-;-;-;-
IDIH27C558900;BRBMEFCIH7N8;FINANCIAL;-;-;-;-;-;-;-;-;-;3527,18;-;-;-;-;-;-;-
IDIH27C559000;BRBMEFCIH7O6;FINANCIAL;-;-;-;-;-;-;-;-;-;3437,18;-;-;-;-;-;-;-
IDIH27C559100;BRBMEFCIH7P3;FINANCIAL;-;-;-;-;-;-;-;-;-;3347,32;-;-;-;-;-;-;-
IDIH27C559200;BRBMEFCIH7Q1;FINANCIAL;-;-;-;-;-;-;-;-;-;3257,56;-;-;-;-;-;-;-
IDIH27C559300;BRBMEFCIH7R9;FINANCIAL;-;-;-;-;-;-;-;-;-;3167,95;-;-;-;-;-;-;-
IDIH27C559400;BRBMEFCIH7S7;FINANCIAL;-;-;-;-;-;-;-;-;-;3078,47;-;-;-;-;-;-;-
IDIH27C559500;BRBMEFCIH7T5;FINANCIAL;-;-;-;-;-;-;-;-;-;2989,12;-;-;-;-;-;-;-
IDIH27C559600;BRBMEFCIH7U3;FINANCIAL;-;-;-;-;-;-;-;-;-;2900,04;-;-;-;-;-;-;-
IDIH27C559700;BRBMEFCIH7V1;FINANCIAL;-;-;-;-;-;-;-;-;-;2811,45;-;-;-;-;-;-;-
IDIH27C559800;BRBMEFCIH7W9;FINANCIAL;-;-;-;-;-;-;-;-;-;2722,83;-;-;-;-;-;-;-
IDIH27C559900;BRBMEFCIH7X7;FINANCIAL;-;-;-;-;-;-;-;-;-;2634,52;-;-;-;-;-;-;-
IDIH27C560000;BRBMEFCIH7Y5;FINANCIAL;-;-;-;-;-;-;-;-;-;2546,66;-;-;-;-;-;-;-
IDIH27C560100;BRBMEFCIH7Z2;FINANCIAL;-;-;-;-;-;-;-;-;-;2458,79;-;-;-;-;-;-;-
IDIH27C560200;BRBMEFCIH803;FINANCIAL;-;-;-;-;-;-;-;-;-;2371,72;-;-;-;-;-;-;-
IDIH27P558600;BRBMEFVIH7K1;FINANCIAL;-;-;-;-;-;-;-;-;-;18,4;-;-;-;-;-;-;-
IDIH27P558700;BRBMEFVIH7L9;FINANCIAL;-;-;-;-;-;-;-;-;-;19,58;-;-;-;-;-;-;-
IDIH27P558800;BRBMEFVIH7M7;FINANCIAL;-;-;-;-;-;-;-;-;-;20,9;-;-;-;-;-;-;-
IDIH27P558900;BRBMEFVIH7N5;FINANCIAL;-;-;-;-;-;-;-;-;-;22,33;-;-;-;-;-;-;-
IDIH27P559000;BRBMEFVIH7O3;FINANCIAL;-;-;-;-;-;-;-;-;-;23,9;-;-;-;-;-;-;-
IDIH27P559100;BRBMEFVIH7P0;FINANCIAL;-;-;-;-;-;-;-;-;-;25,61;-;-;-;-;-;-;-
IDIH27P559200;BRBMEFVIH7Q8;FINANCIAL;-;-;-;-;-;-;-;-;-;27,42;-;-;-;-;-;-;-
IDIH27P559300;BRBMEFVIH7R6;FINANCIAL;-;-;-;-;-;-;-;-;-;29,37;-;-;-;-;-;-;-
IDIH27P559400;BRBMEFVIH7S4;FINANCIAL;-;-;-;-;-;-;-;-;-;31,46;-;-;-;-;-;-;-
IDIH27P559500;BRBMEFVIH7T2;FINANCIAL;-;-;-;-;-;-;-;-;-;33,68;-;-;-;-;-;-;-
IDIH27P559600;BRBMEFVIH7U0;FINANCIAL;-;-;-;-;-;-;-;-;-;36,16;-;-;-;-;-;-;-
IDIH27P559700;BRBMEFVIH7V8;FINANCIAL;-;-;-;-;-;-;-;-;-;39,14;-;-;-;-;-;-;-
IDIH27P559800;BRBMEFVIH7W6;FINANCIAL;-;-;-;-;-;-;-;-;-;42,09;-;-;-;-;-;-;-
IDIH27P559900;BRBMEFVIH7X4;FINANCIAL;-;-;-;-;-;-;-;-;-;45,35;-;-;-;-;-;-;-
IDIH27P560000;BRBMEFVIH7Y2;FINANCIAL;-;-;-;-;-;-;-;-;-;49,05;-;-;-;-;-;-;-
IDIH27P560100;BRBMEFVIH7Z9;FINANCIAL;-;-;-;-;-;-;-;-;-;52,75;-;-;-;-;-;-;-
IDIH27P560200;BRBMEFVIH803;FINANCIAL;-;-;-;-;-;-;-;-;-;57,25;-;-;-;-;-;-;-
IDIJ27C564600;BRBMEFCIJTW9;FINANCIAL;-;-;-;-;-;-;-;-;-;4325,66;-;-;-;-;-;-;-
IDIJ27C564700;BRBMEFCIJTX7;FINANCIAL;-;-;-;-;-;-;-;-;-;4236,95;-;-;-;-;-;-;-
IDIJ27C564800;BRBMEFCIJTY5;FINANCIAL;-;-;-;-;-;-;-;-;-;4148,34;-;-;-;-;-;-;-
IDIJ27C564900;BRBMEFCIJTZ2;FINANCIAL;-;-;-;-;-;-;-;-;-;4059,81;-;-;-;-;-;-;-
IDIJ27C565100;BRBMEFCIJU03;FINANCIAL;-;-;-;-;-;-;-;-;-;3883,16;-;-;-;-;-;-;-
IDIJ27C565200;BRBMEFCIJU11;FINANCIAL;-;-;-;-;-;-;-;-;-;3795,02;-;-;-;-;-;-;-
IDIJ27C565300;BRBMEFCIJU29;FINANCIAL;-;-;-;-;-;-;-;-;-;3707,08;-;-;-;-;-;-;-
IDIJ27C565400;BRBMEFCIJU37;FINANCIAL;-;-;-;-;-;-;-;-;-;3619,36;-;-;-;-;-;-;-
IDIJ27C565500;BRBMEFCIJU45;FINANCIAL;-;-;-;-;-;-;-;-;-;3531,88;-;-;-;-;-;-;-
IDIJ27C565600;BRBMEFCIJU52;FINANCIAL;-;-;-;-;-;-;-;-;-;3444,41;-;-;-;-;-;-;-
IDIJ27C565700;BRBMEFCIJU60;FINANCIAL;-;-;-;-;-;-;-;-;-;3357,3;-;-;-;-;-;-;-
IDIJ27C565800;BRBMEFCIJU78;FINANCIAL;-;-;-;-;-;-;-;-;-;3270,83;-;-;-;-;-;-;-
IDIJ27C565900;BRBMEFCIJU86;FINANCIAL;-;-;-;-;-;-;-;-;-;3184,11;-;-;-;-;-;-;-
IDIJ27C566000;BRBMEFCIJU94;FINANCIAL;-;-;-;-;-;-;-;-;-;3098,21;-;-;-;-;-;-;-
IDIJ27C566100;BRBMEFCIJUA3;FINANCIAL;-;-;-;-;-;-;-;-;-;3012,39;-;-;-;-;-;-;-
IDIJ27C566200;BRBMEFCIJUB1;FINANCIAL;-;-;-;-;-;-;-;-;-;2926,96;-;-;-;-;-;-;-
IDIJ27C566300;BRBMEFCIJUC9;FINANCIAL;-;-;-;-;-;-;-;-;-;2842,05;-;-;-;-;-;-;-
IDIJ27P564600;BRBMEFVIJTW9;FINANCIAL;-;-;-;-;-;-;-;-;-;29,32;-;-;-;-;-;-;-
IDIJ27P564700;BRBMEFVIJTX7;FINANCIAL;-;-;-;-;-;-;-;-;-;31,12;-;-;-;-;-;-;-
IDIJ27P564800;BRBMEFVIJTY5;FINANCIAL;-;-;-;-;-;-;-;-;-;33,01;-;-;-;-;-;-;-
IDIJ27P564900;BRBMEFVIJTZ2;FINANCIAL;-;-;-;-;-;-;-;-;-;34,99;-;-;-;-;-;-;-
IDIJ27P565100;BRBMEFVIJU00;FINANCIAL;-;-;-;-;-;-;-;-;-;39,34;-;-;-;-;-;-;-
IDIJ27P565200;BRBMEFVIJU18;FINANCIAL;-;-;-;-;-;-;-;-;-;41,7;-;-;-;-;-;-;-
IDIJ27P565300;BRBMEFVIJU26;FINANCIAL;-;-;-;-;-;-;-;-;-;44,27;-;-;-;-;-;-;-
IDIJ27P565400;BRBMEFVIJU34;FINANCIAL;-;-;-;-;-;-;-;-;-;47,05;-;-;-;-;-;-;-
IDIJ27P565500;BRBMEFVIJU42;FINANCIAL;-;-;-;-;-;-;-;-;-;50,07;-;-;-;-;-;-;-
IDIJ27P565600;BRBMEFVIJU59;FINANCIAL;-;-;-;-;-;-;-;-;-;53,1;-;-;-;-;-;-;-
IDIJ27P565700;BRBMEFVIJU67;FINANCIAL;-;-;-;-;-;-;-;-;-;56,5;-;-;-;-;-;-;-
IDIJ27P565800;BRBMEFVIJU75;FINANCIAL;-;-;-;-;-;-;-;-;-;60,53;-;-;-;-;-;-;-
IDIJ27P565900;BRBMEFVIJU83;FINANCIAL;-;-;-;-;-;-;-;-;-;64,31;-;-;-;-;-;-;-
IDIJ27P566000;BRBMEFVIJU91;FINANCIAL;-;-;-;-;-;-;-;-;-;68,92;-;-;-;-;-;-;-
IDIJ27P566100;BRBMEFVIJUA3;FINANCIAL;-;-;-;-;-;-;-;-;-;73,6;-;-;-;-;-;-;-
IDIJ27P566200;BRBMEFVIJUB1;FINANCIAL;-;-;-;-;-;-;-;-;-;78,68;-;-;-;-;-;-;-
IDIJ27P566300;BRBMEFVIJUC9;FINANCIAL;-;-;-;-;-;-;-;-;-;84,26;-;-;-;-;-;-;-
IDIV26C533900;BRBMEFCIVXM7;FINANCIAL;-;-;-;-;-;-;-;-;-;51,94;-;-;-;-;-;-;-
IDIV26C534100;BRBMEFCIVXN5;FINANCIAL;-;-;-;-;-;-;-;-;-;9,59;-;-;-;-;-;-;-
IDIV26C534200;BRBMEFCIVXO3;FINANCIAL;-;-;-;-;-;-;-;-;-;7,71;-;-;-;-;-;-;-
IDIV26C534300;BRBMEFCIVXP0;FINANCIAL;-;-;-;-;-;-;-;-;-;6,74;-;-;-;-;-;-;-
IDIV26C534400;BRBMEFCIVXQ8;FINANCIAL;-;-;-;-;-;-;-;-;-;6,07;-;-;-;-;-;-;-
IDIV26C534600;BRBMEFCIVXR6;FINANCIAL;-;-;-;-;-;-;-;-;-;5,15;-;-;-;-;-;-;-
IDIV26C534700;BRBMEFCIVXS4;FINANCIAL;-;-;-;-;-;-;-;-;-;4,67;-;-;-;-;-;-;-
IDIV26C534800;BRBMEFCIVXT2;FINANCIAL;-;-;-;-;-;-;-;-;-;4,04;-;-;-;-;-;-;-
IDIV26C534900;BRBMEFCIVXU0;FINANCIAL;-;-;-;-;-;-;-;-;-;3,39;-;-;-;-;-;-;-
IDIV26C535000;BRBMEFCIVXV8;FINANCIAL;-;-;-;-;-;-;-;-;-;2,78;-;-;-;-;-;-;-
IDIV26C535100;BRBMEFCIVXW6;FINANCIAL;-;-;-;-;-;-;-;-;-;2,26;-;-;-;-;-;-;-
IDIV26C535200;BRBMEFCIVXX4;FINANCIAL;-;-;-;-;-;-;-;-;-;1,86;-;-;-;-;-;-;-
IDIV26C535300;BRBMEFCIVXY2;FINANCIAL;-;-;-;-;-;-;-;-;-;1,11;-;-;-;-;-;-;-
IDIV26C535400;BRBMEFCIVXZ9;FINANCIAL;-;-;-;-;-;-;-;-;-;0,63;-;-;-;-;-;-;-
IDIV26C535500;BRBMEFCIVY03;FINANCIAL;-;-;-;-;-;-;-;-;-;0,35;-;-;-;-;-;-;-
IDIV26C535600;BRBMEFCIVY11;FINANCIAL;-;-;-;-;-;-;-;-;-;0,19;-;-;-;-;-;-;-
IDIV26C535700;BRBMEFCIVY29;FINANCIAL;-;-;-;-;-;-;-;-;-;0,1;-;-;-;-;-;-;-
IDIV26C535800;BRBMEFCIVY37;FINANCIAL;-;-;-;-;-;-;-;-;-;0,05;-;-;-;-;-;-;-
IDIV26C535900;BRBMEFCIVY45;FINANCIAL;-;-;-;-;-;-;-;-;-;0,03;-;-;-;-;-;-;-
IDIV26P533900;BRBMEFVIVXM7;FINANCIAL;-;-;-;-;-;-;-;-;-;66,07;-;-;-;-;-;-;-
IDIV26P534100;BRBMEFVIVXN5;FINANCIAL;-;-;-;-;-;-;-;-;-;216,75;-;-;-;-;-;-;-
IDIV26P534200;BRBMEFVIVXO3;FINANCIAL;-;-;-;-;-;-;-;-;-;311,38;-;-;-;-;-;-;-
IDIV26P534300;BRBMEFVIVXP0;FINANCIAL;-;-;-;-;-;-;-;-;-;406,93;-;-;-;-;-;-;-
IDIV26P534400;BRBMEFVIVXQ8;FINANCIAL;-;-;-;-;-;-;-;-;-;502,77;-;-;-;-;-;-;-
IDIV26P534600;BRBMEFVIVXR6;FINANCIAL;-;-;-;-;-;-;-;-;-;694,88;-;-;-;-;-;-;-
IDIV26P534700;BRBMEFVIVXS4;FINANCIAL;-;-;-;-;-;-;-;-;-;790,91;-;-;-;-;-;-;-
IDIV26P534800;BRBMEFVIVXT2;FINANCIAL;-;-;-;-;-;-;-;-;-;886,79;-;-;-;-;-;-;-
IDIV26P534900;BRBMEFVIVXU0;FINANCIAL;-;-;-;-;-;-;-;-;-;982,66;-;-;-;-;-;-;-
IDIV26P535000;BRBMEFVIVXV8;FINANCIAL;-;-;-;-;-;-;-;-;-;1078,57;-;-;-;-;-;-;-
IDIV26P535100;BRBMEFVIVXW6;FINANCIAL;-;-;-;-;-;-;-;-;-;1174,56;-;-;-;-;-;-;-
IDIV26P535200;BRBMEFVIVXX4;FINANCIAL;-;-;-;-;-;-;-;-;-;1270,68;-;-;-;-;-;-;-
IDIV26P535300;BRBMEFVIVXY2;FINANCIAL;-;-;-;-;-;-;-;-;-;1366,43;-;-;-;-;-;-;-
IDIV26P535400;BRBMEFVIVXZ9;FINANCIAL;-;-;-;-;-;-;-;-;-;1462,48;-;-;-;-;-;-;-
IDIV26P535500;BRBMEFVIVY00;FINANCIAL;-;-;-;-;-;-;-;-;-;1558,71;-;-;-;-;-;-;-
IDIV26P535600;BRBMEFVIVY18;FINANCIAL;-;-;-;-;-;-;-;-;-;1655,06;-;-;-;-;-;-;-
IDIV26P535700;BRBMEFVIVY26;FINANCIAL;-;-;-;-;-;-;-;-;-;1751,49;-;-;-;-;-;-;-
IDIV26P535800;BRBMEFVIVY34;FINANCIAL;-;-;-;-;-;-;-;-;-;1847,95;-;-;-;-;-;-;-
IDIV26P535900;BRBMEFVIVY42;FINANCIAL;-;-;-;-;-;-;-;-;-;1944,44;-;-;-;-;-;-;-
IDIX26C538400;BRBMEFCIX9Z8;FINANCIAL;-;-;-;-;-;-;-;-;-;1269,69;-;-;-;-;-;-;-
IDIX26C538500;BRBMEFCIXA09;FINANCIAL;-;-;-;-;-;-;-;-;-;1174,95;-;-;-;-;-;-;-
IDIX26C538600;BRBMEFCIXA17;FINANCIAL;-;-;-;-;-;-;-;-;-;1079,87;-;-;-;-;-;-;-
IDIX26C538700;BRBMEFCIXA25;FINANCIAL;-;-;-;-;-;-;-;-;-;984,87;-;-;-;-;-;-;-
IDIX26C538800;BRBMEFCIXA33;FINANCIAL;-;-;-;-;-;-;-;-;-;890,03;-;-;-;-;-;-;-
IDIX26C538900;BRBMEFCIXA41;FINANCIAL;-;-;-;-;-;-;-;-;-;795,49;-;-;-;-;-;-;-
IDIX26C539000;BRBMEFCIXA58;FINANCIAL;-;-;-;-;-;-;-;-;-;701,24;-;-;-;-;-;-;-
IDIX26C539100;BRBMEFCIXA66;FINANCIAL;-;-;-;-;-;-;-;-;-;607,55;-;-;-;-;-;-;-
IDIX26C539200;BRBMEFCIXA74;FINANCIAL;-;-;-;-;-;-;-;-;-;514,95;-;-;-;-;-;-;-
IDIX26C539300;BRBMEFCIXA82;FINANCIAL;-;-;-;-;-;-;-;-;-;424;-;-;-;-;-;-;-
IDIX26C539400;BRBMEFCIXA90;FINANCIAL;-;-;-;-;-;-;-;-;-;335,85;-;-;-;-;-;-;-
IDIX26C539500;BRBMEFCIXAA6;FINANCIAL;-;-;-;-;-;-;-;-;-;253,2;-;-;-;-;-;-;-
IDIX26C539600;BRBMEFCIXAB4;FINANCIAL;-;-;-;-;-;-;-;-;-;186,67;-;-;-;-;-;-;-
IDIX26C539700;BRBMEFCIXAC2;FINANCIAL;-;-;-;-;-;-;-;-;-;142,89;-;-;-;-;-;-;-
IDIX26C539800;BRBMEFCIXAD0;FINANCIAL;-;-;-;-;-;-;-;-;-;108,07;-;-;-;-;-;-;-
IDIX26C539900;BRBMEFCIXAE8;FINANCIAL;-;-;-;-;-;-;-;-;-;79,3;-;-;-;-;-;-;-
IDIX26C540000;BRBMEFCIXAF5;FINANCIAL;-;-;-;-;-;-;-;-;-;62,95;-;-;-;-;-;-;-
IDIX26P538400;BRBMEFVIXA22;FINANCIAL;-;-;-;-;-;-;-;-;-;1,02;-;-;-;-;-;-;-
IDIX26P538500;BRBMEFVIXA30;FINANCIAL;-;-;-;-;-;-;-;-;-;1,75;-;-;-;-;-;-;-
IDIX26P538600;BRBMEFVIXA48;FINANCIAL;-;-;-;-;-;-;-;-;-;2,14;-;-;-;-;-;-;-
IDIX26P538700;BRBMEFVIXA55;FINANCIAL;-;-;-;-;-;-;-;-;-;2,62;-;-;-;-;-;-;-
IDIX26P538800;BRBMEFVIXA63;FINANCIAL;-;-;-;-;-;-;-;-;-;3,24;-;-;-;-;-;-;-
IDIX26P538900;BRBMEFVIXA71;FINANCIAL;-;-;-;-;-;-;-;-;-;4,17;-;-;-;-;-;-;-
IDIX26P539000;BRBMEFVIXA89;FINANCIAL;-;-;-;-;-;-;-;-;-;5,39;-;-;-;-;-;-;-
IDIX26P539100;BRBMEFVIXA97;FINANCIAL;-;-;-;-;-;-;-;-;-;7,17;-;-;-;-;-;-;-
IDIX26P539200;BRBMEFVIXAA6;FINANCIAL;-;-;-;-;-;-;-;-;-;10,03;-;-;-;-;-;-;-
IDIX26P539300;BRBMEFVIXAB4;FINANCIAL;-;-;-;-;-;-;-;-;-;14,55;-;-;-;-;-;-;-
IDIX26P539400;BRBMEFVIXAC2;FINANCIAL;-;-;-;-;-;-;-;-;-;21,88;-;-;-;-;-;-;-
IDIX26P539500;BRBMEFVIXAD0;FINANCIAL;-;-;-;-;-;-;-;-;-;34,7;-;-;-;-;-;-;-
IDIX26P539600;BRBMEFVIXAE8;FINANCIAL;-;-;-;-;-;-;-;-;-;63,64;-;-;-;-;-;-;-
IDIX26P539700;BRBMEFVIXAF5;FINANCIAL;-;-;-;-;-;-;-;-;-;115,32;-;-;-;-;-;-;-
IDIX26P539800;BRBMEFVIXAG3;FINANCIAL;-;-;-;-;-;-;-;-;-;175,97;-;-;-;-;-;-;-
IDIX26P539900;BRBMEFVIXAH1;FINANCIAL;-;-;-;-;-;-;-;-;-;242,67;-;-;-;-;-;-;-
IDIX26P540000;BRBMEFVIXAI9;FINANCIAL;-;-;-;-;-;-;-;-;-;321,79;-;-;-;-;-;-;-
IDIZ26C543100;BRBMEFCIZ9F8;FINANCIAL;-;-;-;-;-;-;-;-;-;1904,4;-;-;-;-;-;-;-
IDIZ26C543200;BRBMEFCIZ9G6;FINANCIAL;-;-;-;-;-;-;-;-;-;1810,37;-;-;-;-;-;-;-
IDIZ26C543300;BRBMEFCIZ9H4;FINANCIAL;-;-;-;-;-;-;-;-;-;1716,36;-;-;-;-;-;-;-
IDIZ26C543400;BRBMEFCIZ9I2;FINANCIAL;-;-;-;-;-;-;-;-;-;1622,45;-;-;-;-;-;-;-
IDIZ26C543500;BRBMEFCIZ9J0;FINANCIAL;-;-;-;-;-;-;-;-;-;1528,7;-;-;-;-;-;-;-
IDIZ26C543600;BRBMEFCIZ9K8;FINANCIAL;-;-;-;-;-;-;-;-;-;1435,11;-;-;-;-;-;-;-
IDIZ26C543700;BRBMEFCIZ9L6;FINANCIAL;-;-;-;-;-;-;-;-;-;1341,72;-;-;-;-;-;-;-
IDIZ26C543800;BRBMEFCIZ9M4;FINANCIAL;-;-;-;-;-;-;-;-;-;1248,58;-;-;-;-;-;-;-
IDIZ26C543900;BRBMEFCIZ9N2;FINANCIAL;-;-;-;-;-;-;-;-;-;1155,79;-;-;-;-;-;-;-
IDIZ26C544000;BRBMEFCIZ9O0;FINANCIAL;-;-;-;-;-;-;-;-;-;1063,25;-;-;-;-;-;-;-
IDIZ26C544100;BRBMEFCIZ9P7;FINANCIAL;-;-;-;-;-;-;-;-;-;971,35;-;-;-;-;-;-;-
IDIZ26C544200;BRBMEFCIZ9Q5;FINANCIAL;-;-;-;-;-;-;-;-;-;880,25;-;-;-;-;-;-;-
IDIZ26C544300;BRBMEFCIZ9R3;FINANCIAL;-;-;-;-;-;-;-;-;-;789,78;-;-;-;-;-;-;-
IDIZ26C544400;BRBMEFCIZ9S1;FINANCIAL;-;-;-;-;-;-;-;-;-;701,03;-;-;-;-;-;-;-
IDIZ26C544500;BRBMEFCIZ9T9;FINANCIAL;-;-;-;-;-;-;-;-;-;614;-;-;-;-;-;-;-
IDIZ26C544600;BRBMEFCIZ9U7;FINANCIAL;-;-;-;-;-;-;-;-;-;529,3;-;-;-;-;-;-;-
IDIZ26C544700;BRBMEFCIZ9V5;FINANCIAL;-;-;-;-;-;-;-;-;-;450,23;-;-;-;-;-;-;-
IDIZ26P543100;BRBMEFVIZ9F5;FINANCIAL;-;-;-;-;-;-;-;-;-;4,33;-;-;-;-;-;-;-
IDIZ26P543200;BRBMEFVIZ9G3;FINANCIAL;-;-;-;-;-;-;-;-;-;4,82;-;-;-;-;-;-;-
IDIZ26P543300;BRBMEFVIZ9H1;FINANCIAL;-;-;-;-;-;-;-;-;-;5,34;-;-;-;-;-;-;-
IDIZ26P543400;BRBMEFVIZ9I9;FINANCIAL;-;-;-;-;-;-;-;-;-;5,96;-;-;-;-;-;-;-
IDIZ26P543500;BRBMEFVIZ9J7;FINANCIAL;-;-;-;-;-;-;-;-;-;6,73;-;-;-;-;-;-;-
IDIZ26P543600;BRBMEFVIZ9K5;FINANCIAL;-;-;-;-;-;-;-;-;-;7,67;-;-;-;-;-;-;-
IDIZ26P543700;BRBMEFVIZ9L3;FINANCIAL;-;-;-;-;-;-;-;-;-;8,8;-;-;-;-;-;-;-
IDIZ26P543800;BRBMEFVIZ9M1;FINANCIAL;-;-;-;-;-;-;-;-;-;10,2;-;-;-;-;-;-;-
IDIZ26P543900;BRBMEFVIZ9N9;FINANCIAL;-;-;-;-;-;-;-;-;-;11,93;-;-;-;-;-;-;-
IDIZ26P544000;BRBMEFVIZ9O7;FINANCIAL;-;-;-;-;-;-;-;-;-;13,92;-;-;-;-;-;-;-
IDIZ26P544100;BRBMEFVIZ9P4;FINANCIAL;-;-;-;-;-;-;-;-;-;16,55;-;-;-;-;-;-;-
IDIZ26P544200;BRBMEFVIZ9Q2;FINANCIAL;-;-;-;-;-;-;-;-;-;19,97;-;-;-;-;-;-;-
IDIZ26P544300;BRBMEFVIZ9R0;FINANCIAL;-;-;-;-;-;-;-;-;-;24,03;-;-;-;-;-;-;-
IDIZ26P544400;BRBMEFVIZ9S8;FINANCIAL;-;-;-;-;-;-;-;-;-;29,81;-;-;-;-;-;-;-
IDIZ26P544500;BRBMEFVIZ9T6;FINANCIAL;-;-;-;-;-;-;-;-;-;37,3;-;-;-;-;-;-;-
IDIZ26P544600;BRBMEFVIZ9U4;FINANCIAL;-;-;-;-;-;-;-;-;-;47,13;-;-;-;-;-;-;-
IDIZ26P544700;BRBMEFVIZ9V2;FINANCIAL;-;-;-;-;-;-;-;-;-;62,59;-;-;-;-;-;-;-
IDIG27C555300;BRBMEFCIG8H9;FINANCIAL;-;-;-;-;-;-;-;-;-;1933,8;-;-;-;-;-;-;-
IDIG27C555400;BRBMEFCIG8I7;FINANCIAL;-;-;-;-;-;-;-;-;-;1845,45;-;-;-;-;-;-;-
IDIG27C555500;BRBMEFCIG8J5;FINANCIAL;-;-;-;-;-;-;-;-;-;1757,89;-;-;-;-;-;-;-
IDIG27C555600;BRBMEFCIG8K3;FINANCIAL;-;-;-;-;-;-;-;-;-;1670,56;-;-;-;-;-;-;-
IDIG27C555700;BRBMEFCIG8L1;FINANCIAL;-;-;-;-;-;-;-;-;-;1584,4;-;-;-;-;-;-;-
IDIG27C555800;BRBMEFCIG8M9;FINANCIAL;-;-;-;-;-;-;-;-;-;1499,38;-;-;-;-;-;-;-
IDIG27C555900;BRBMEFCIG8N7;FINANCIAL;-;-;-;-;-;-;-;-;-;1415,35;-;-;-;-;-;-;-
IDIG27C556000;BRBMEFCIG8O5;FINANCIAL;-;-;-;-;-;-;-;-;-;1332,78;-;-;-;-;-;-;-
IDIG27C556100;BRBMEFCIG8P2;FINANCIAL;-;-;-;-;-;-;-;-;-;1251,99;-;-;-;-;-;-;-
IDIG27C556200;BRBMEFCIG8Q0;FINANCIAL;-;-;-;-;-;-;-;-;-;1172,6;-;-;-;-;-;-;-
IDIG27C556300;BRBMEFCIG8R8;FINANCIAL;-;-;-;-;-;-;-;-;-;1095,53;-;-;-;-;-;-;-
IDIG27C556400;BRBMEFCIG8S6;FINANCIAL;-;-;-;-;-;-;-;-;-;1022,73;-;-;-;-;-;-;-
IDIG27C556500;BRBMEFCIG8T4;FINANCIAL;-;-;-;-;-;-;-;-;-;952,16;-;-;-;-;-;-;-
IDIG27C556600;BRBMEFCIG8U2;FINANCIAL;-;-;-;-;-;-;-;-;-;885,27;-;-;-;-;-;-;-
IDIG27C556700;BRBMEFCIG8V0;FINANCIAL;-;-;-;-;-;-;-;-;-;825,42;-;-;-;-;-;-;-
IDIG27C556800;BRBMEFCIG8W8;FINANCIAL;-;-;-;-;-;-;-;-;-;760,81;-;-;-;-;-;-;-
IDIG27C556900;BRBMEFCIG8X6;FINANCIAL;-;-;-;-;-;-;-;-;-;702,47;-;-;-;-;-;-;-
IDIG27C557000;BRBMEFCIG8Y4;FINANCIAL;-;-;-;-;-;-;-;-;-;651,41;-;-;-;-;-;-;-
IDIG27C557100;BRBMEFCIG8Z1;FINANCIAL;-;-;-;-;-;-;-;-;-;613,98;-;-;-;-;-;-;-
IDIG27C557200;BRBMEFCIG904;FINANCIAL;-;-;-;-;-;-;-;-;-;570,62;-;-;-;-;-;-;-
IDIG27C557300;BRBMEFCIG912;FINANCIAL;-;-;-;-;-;-;-;-;-;527,73;-;-;-;-;-;-;-
IDIG27C557400;BRBMEFCIG920;FINANCIAL;-;-;-;-;-;-;-;-;-;494,19;-;-;-;-;-;-;-
IDIG27C557500;BRBMEFCIG938;FINANCIAL;-;-;-;-;-;-;-;-;-;460,37;-;-;-;-;-;-;-
IDIG27P555300;BRBMEFVIG8H6;FINANCIAL;-;-;-;-;-;-;-;-;-;42,94;-;-;-;-;-;-;-
IDIG27P555400;BRBMEFVIG8I4;FINANCIAL;-;-;-;-;-;-;-;-;-;47,05;-;-;-;-;-;-;-
IDIG27P555500;BRBMEFVIG8J2;FINANCIAL;-;-;-;-;-;-;-;-;-;51,94;-;-;-;-;-;-;-
IDIG27P555600;BRBMEFVIG8K0;FINANCIAL;-;-;-;-;-;-;-;-;-;57,06;-;-;-;-;-;-;-
IDIG27P555700;BRBMEFVIG8L8;FINANCIAL;-;-;-;-;-;-;-;-;-;63,35;-;-;-;-;-;-;-
IDIG27P555800;BRBMEFVIG8M6;FINANCIAL;-;-;-;-;-;-;-;-;-;70,78;-;-;-;-;-;-;-
IDIG27P555900;BRBMEFVIG8N4;FINANCIAL;-;-;-;-;-;-;-;-;-;79,2;-;-;-;-;-;-;-
IDIG27P556000;BRBMEFVIG8O2;FINANCIAL;-;-;-;-;-;-;-;-;-;89,09;-;-;-;-;-;-;-
IDIG27P556100;BRBMEFVIG8P9;FINANCIAL;-;-;-;-;-;-;-;-;-;100,75;-;-;-;-;-;-;-
IDIG27P556200;BRBMEFVIG8Q7;FINANCIAL;-;-;-;-;-;-;-;-;-;113,81;-;-;-;-;-;-;-
IDIG27P556300;BRBMEFVIG8R5;FINANCIAL;-;-;-;-;-;-;-;-;-;129,19;-;-;-;-;-;-;-
IDIG27P556400;BRBMEFVIG8S3;FINANCIAL;-;-;-;-;-;-;-;-;-;148,85;-;-;-;-;-;-;-
IDIG27P556500;BRBMEFVIG8T1;FINANCIAL;-;-;-;-;-;-;-;-;-;170,72;-;-;-;-;-;-;-
IDIG27P556600;BRBMEFVIG8U9;FINANCIAL;-;-;-;-;-;-;-;-;-;196,28;-;-;-;-;-;-;-
IDIG27P556700;BRBMEFVIG8V7;FINANCIAL;-;-;-;-;-;-;-;-;-;228,89;-;-;-;-;-;-;-
IDIG27P556800;BRBMEFVIG8W5;FINANCIAL;-;-;-;-;-;-;-;-;-;256,73;-;-;-;-;-;-;-
IDIG27P556900;BRBMEFVIG8X3;FINANCIAL;-;-;-;-;-;-;-;-;-;290,84;-;-;-;-;-;-;-
IDIG27P557000;BRBMEFVIG8Y1;FINANCIAL;-;-;-;-;-;-;-;-;-;332,23;-;-;-;-;-;-;-
IDIG27P557100;BRBMEFVIG8Z8;FINANCIAL;-;-;-;-;-;-;-;-;-;387,26;-;-;-;-;-;-;-
IDIG27P557200;BRBMEFVIG904;FINANCIAL;-;-;-;-;-;-;-;-;-;436,35;-;-;-;-;-;-;-
IDIG27P557300;BRBMEFVIG912;FINANCIAL;-;-;-;-;-;-;-;-;-;485,9;-;-;-;-;-;-;-
IDIG27P557400;BRBMEFVIG920;FINANCIAL;-;-;-;-;-;-;-;-;-;544,82;-;-;-;-;-;-;-
IDIG27P557500;BRBMEFVIG938;FINANCIAL;-;-;-;-;-;-;-;-;-;603,45;-;-;-;-;-;-;-
IDIH27C560300;BRBMEFCIH811;FINANCIAL;-;-;-;-;-;-;-;-;-;2285,2;-;-;-;-;-;-;-
IDIH27C560400;BRBMEFCIH829;FINANCIAL;-;-;-;-;-;-;-;-;-;2198,39;-;-;-;-;-;-;-
IDIH27C560500;BRBMEFCIH837;FINANCIAL;-;-;-;-;-;-;-;-;-;2112,8;-;-;-;-;-;-;-
IDIH27C560600;BRBMEFCIH845;FINANCIAL;-;-;-;-;-;-;-;-;-;2028,08;-;-;-;-;-;-;-
IDIH27C560700;BRBMEFCIH852;FINANCIAL;-;-;-;-;-;-;-;-;-;1943,83;-;-;-;-;-;-;-
IDIH27C560800;BRBMEFCIH860;FINANCIAL;-;-;-;-;-;-;-;-;-;1860,09;-;-;-;-;-;-;-
IDIH27C560900;BRBMEFCIH878;FINANCIAL;-;-;-;-;-;-;-;-;-;1777,8;-;-;-;-;-;-;-
IDIH27C561000;BRBMEFCIH886;FINANCIAL;-;-;-;-;-;-;-;-;-;1696,77;-;-;-;-;-;-;-
IDIH27C561100;BRBMEFCIH894;FINANCIAL;-;-;-;-;-;-;-;-;-;1617,44;-;-;-;-;-;-;-
IDIH27C561200;BRBMEFCIH8A3;FINANCIAL;-;-;-;-;-;-;-;-;-;1539,68;-;-;-;-;-;-;-
IDIH27C561300;BRBMEFCIH8B1;FINANCIAL;-;-;-;-;-;-;-;-;-;1462,27;-;-;-;-;-;-;-
IDIH27C561400;BRBMEFCIH8C9;FINANCIAL;-;-;-;-;-;-;-;-;-;1387,92;-;-;-;-;-;-;-
IDIH27C561500;BRBMEFCIH8D7;FINANCIAL;-;-;-;-;-;-;-;-;-;1316,1;-;-;-;-;-;-;-
IDIH27C561600;BRBMEFCIH8E5;FINANCIAL;-;-;-;-;-;-;-;-;-;1246,89;-;-;-;-;-;-;-
IDIH27C561700;BRBMEFCIH8F2;FINANCIAL;-;-;-;-;-;-;-;-;-;1179,26;-;-;-;-;-;-;-
IDIH27C561800;BRBMEFCIH8G0;FINANCIAL;-;-;-;-;-;-;-;-;-;1116,82;-;-;-;-;-;-;-
IDIH27C561900;BRBMEFCIH8H8;FINANCIAL;-;-;-;-;-;-;-;-;-;1057,29;-;-;-;-;-;-;-
IDIH27C562000;BRBMEFCIH8I6;FINANCIAL;-;-;-;-;-;-;-;-;-;993,02;-;-;-;-;-;-;-
IDIH27C562100;BRBMEFCIH8J4;FINANCIAL;-;-;-;-;-;-;-;-;-;934,25;-;-;-;-;-;-;-
IDIH27C562200;BRBMEFCIH8K2;FINANCIAL;-;-;-;-;-;-;-;-;-;880,15;-;-;-;-;-;-;-
IDIH27C562300;BRBMEFCIH8L0;FINANCIAL;-;-;-;-;-;-;-;-;-;830,91;-;-;-;-;-;-;-
IDIH27C562400;BRBMEFCIH8M8;FINANCIAL;-;-;-;-;-;-;-;-;-;793,53;-;-;-;-;-;-;-
IDIH27C562500;BRBMEFCIH8N6;FINANCIAL;-;-;-;-;-;-;-;-;-;749,96;-;-;-;-;-;-;-
IDIH27C562600;BRBMEFCIH8O4;FINANCIAL;-;-;-;-;-;-;-;-;-;705,06;-;-;-;-;-;-;-
IDIH27C562700;BRBMEFCIH8P1;FINANCIAL;-;-;-;-;-;-;-;-;-;667,29;-;-;-;-;-;-;-
IDIH27C562800;BRBMEFCIH8Q9;FINANCIAL;-;-;-;-;-;-;-;-;-;632,59;-;-;-;-;-;-;-
IDIH27C562900;BRBMEFCIH8R7;FINANCIAL;-;-;-;-;-;-;-;-;-;598,34;-;-;-;-;-;-;-
IDIH27C563000;BRBMEFCIH8S5;FINANCIAL;-;-;-;-;-;-;-;-;-;565,97;-;-;-;-;-;-;-
IDIH27P560300;BRBMEFVIH811;FINANCIAL;-;-;-;-;-;-;-;-;-;62,3;-;-;-;-;-;-;-
IDIH27P560400;BRBMEFVIH829;FINANCIAL;-;-;-;-;-;-;-;-;-;67,06;-;-;-;-;-;-;-
IDIH27P560500;BRBMEFVIH837;FINANCIAL;-;-;-;-;-;-;-;-;-;73,04;-;-;-;-;-;-;-
IDIH27P560600;BRBMEFVIH845;FINANCIAL;-;-;-;-;-;-;-;-;-;79,88;-;-;-;-;-;-;-
IDIH27P560700;BRBMEFVIH852;FINANCIAL;-;-;-;-;-;-;-;-;-;87,2;-;-;-;-;-;-;-
IDIH27P560800;BRBMEFVIH860;FINANCIAL;-;-;-;-;-;-;-;-;-;95,03;-;-;-;-;-;-;-
IDIH27P560900;BRBMEFVIH878;FINANCIAL;-;-;-;-;-;-;-;-;-;104,31;-;-;-;-;-;-;-
IDIH27P561000;BRBMEFVIH886;FINANCIAL;-;-;-;-;-;-;-;-;-;114,84;-;-;-;-;-;-;-
IDIH27P561100;BRBMEFVIH894;FINANCIAL;-;-;-;-;-;-;-;-;-;127,07;-;-;-;-;-;-;-
IDIH27P561200;BRBMEFVIH8A0;FINANCIAL;-;-;-;-;-;-;-;-;-;140,88;-;-;-;-;-;-;-
IDIH27P561300;BRBMEFVIH8B8;FINANCIAL;-;-;-;-;-;-;-;-;-;155,04;-;-;-;-;-;-;-
IDIH27P561400;BRBMEFVIH8C6;FINANCIAL;-;-;-;-;-;-;-;-;-;172,26;-;-;-;-;-;-;-
IDIH27P561500;BRBMEFVIH8D4;FINANCIAL;-;-;-;-;-;-;-;-;-;192,01;-;-;-;-;-;-;-
IDIH27P561600;BRBMEFVIH8E2;FINANCIAL;-;-;-;-;-;-;-;-;-;214,37;-;-;-;-;-;-;-
IDIH27P561700;BRBMEFVIH8F9;FINANCIAL;-;-;-;-;-;-;-;-;-;238,31;-;-;-;-;-;-;-
IDIH27P561800;BRBMEFVIH8G7;FINANCIAL;-;-;-;-;-;-;-;-;-;267,43;-;-;-;-;-;-;-
IDIH27P561900;BRBMEFVIH8H5;FINANCIAL;-;-;-;-;-;-;-;-;-;299,47;-;-;-;-;-;-;-
IDIH27P562000;BRBMEFVIH8I3;FINANCIAL;-;-;-;-;-;-;-;-;-;326,77;-;-;-;-;-;-;-
IDIH27P562100;BRBMEFVIH8J1;FINANCIAL;-;-;-;-;-;-;-;-;-;359,56;-;-;-;-;-;-;-
IDIH27P562200;BRBMEFVIH8K9;FINANCIAL;-;-;-;-;-;-;-;-;-;397,03;-;-;-;-;-;-;-
IDIH27P562300;BRBMEFVIH8L7;FINANCIAL;-;-;-;-;-;-;-;-;-;439,36;-;-;-;-;-;-;-
IDIH27P562400;BRBMEFVIH8M5;FINANCIAL;-;-;-;-;-;-;-;-;-;493,55;-;-;-;-;-;-;-
IDIH27P562500;BRBMEFVIH8N3;FINANCIAL;-;-;-;-;-;-;-;-;-;541,54;-;-;-;-;-;-;-
IDIH27P562600;BRBMEFVIH8O1;FINANCIAL;-;-;-;-;-;-;-;-;-;588,21;-;-;-;-;-;-;-
IDIH27P562700;BRBMEFVIH8P8;FINANCIAL;-;-;-;-;-;-;-;-;-;642,01;-;-;-;-;-;-;-
IDIH27P562800;BRBMEFVIH8Q6;FINANCIAL;-;-;-;-;-;-;-;-;-;698,87;-;-;-;-;-;-;-
IDIH27P562900;BRBMEFVIH8R4;FINANCIAL;-;-;-;-;-;-;-;-;-;756,19;-;-;-;-;-;-;-
IDIH27P563000;BRBMEFVIH8S2;FINANCIAL;-;-;-;-;-;-;-;-;-;815,39;-;-;-;-;-;-;-
IDIJ27C566400;BRBMEFCIJUD7;FINANCIAL;-;-;-;-;-;-;-;-;-;2757,31;-;-;-;-;-;-;-
IDIJ27C566500;BRBMEFCIJUE5;FINANCIAL;-;-;-;-;-;-;-;-;-;2672,98;-;-;-;-;-;-;-
IDIJ27C566600;BRBMEFCIJUF2;FINANCIAL;-;-;-;-;-;-;-;-;-;2589,74;-;-;-;-;-;-;-
IDIJ27C566700;BRBMEFCIJUG0;FINANCIAL;-;-;-;-;-;-;-;-;-;2507,12;-;-;-;-;-;-;-
IDIJ27C566800;BRBMEFCIJUH8;FINANCIAL;-;-;-;-;-;-;-;-;-;2425,08;-;-;-;-;-;-;-
IDIJ27C566900;BRBMEFCIJUI6;FINANCIAL;-;-;-;-;-;-;-;-;-;2343,83;-;-;-;-;-;-;-
IDIJ27C567000;BRBMEFCIJUJ4;FINANCIAL;-;-;-;-;-;-;-;-;-;2263,35;-;-;-;-;-;-;-
IDIJ27C567100;BRBMEFCIJUK2;FINANCIAL;-;-;-;-;-;-;-;-;-;2183,99;-;-;-;-;-;-;-
IDIJ27C567200;BRBMEFCIJUL0;FINANCIAL;-;-;-;-;-;-;-;-;-;2105,87;-;-;-;-;-;-;-
IDIJ27C567300;BRBMEFCIJUM8;FINANCIAL;-;-;-;-;-;-;-;-;-;2028,96;-;-;-;-;-;-;-
IDIJ27C567400;BRBMEFCIJUN6;FINANCIAL;-;-;-;-;-;-;-;-;-;1953,01;-;-;-;-;-;-;-
IDIJ27C567600;BRBMEFCIJUO4;FINANCIAL;-;-;-;-;-;-;-;-;-;1805,43;-;-;-;-;-;-;-
IDIJ27C567700;BRBMEFCIJUP1;FINANCIAL;-;-;-;-;-;-;-;-;-;1734,26;-;-;-;-;-;-;-
IDIJ27C567800;BRBMEFCIJUQ9;FINANCIAL;-;-;-;-;-;-;-;-;-;1664,49;-;-;-;-;-;-;-
IDIJ27C567900;BRBMEFCIJUR7;FINANCIAL;-;-;-;-;-;-;-;-;-;1597,02;-;-;-;-;-;-;-
IDIJ27C568000;BRBMEFCIJUS5;FINANCIAL;-;-;-;-;-;-;-;-;-;1532,29;-;-;-;-;-;-;-
IDIJ27C568100;BRBMEFCIJUT3;FINANCIAL;-;-;-;-;-;-;-;-;-;1470,3;-;-;-;-;-;-;-
IDIJ27C568200;BRBMEFCIJUU1;FINANCIAL;-;-;-;-;-;-;-;-;-;1410,41;-;-;-;-;-;-;-
IDIJ27C568300;BRBMEFCIJUV9;FINANCIAL;-;-;-;-;-;-;-;-;-;1347,89;-;-;-;-;-;-;-
IDIJ27C568400;BRBMEFCIJUW7;FINANCIAL;-;-;-;-;-;-;-;-;-;1286,7;-;-;-;-;-;-;-
IDIJ27C568500;BRBMEFCIJUX5;FINANCIAL;-;-;-;-;-;-;-;-;-;1228,34;-;-;-;-;-;-;-
IDIJ27C568600;BRBMEFCIJUY3;FINANCIAL;-;-;-;-;-;-;-;-;-;1174,44;-;-;-;-;-;-;-
IDIJ27C568700;BRBMEFCIJUZ0;FINANCIAL;-;-;-;-;-;-;-;-;-;1122,9;-;-;-;-;-;-;-
IDIJ27C568800;BRBMEFCIJV02;FINANCIAL;-;-;-;-;-;-;-;-;-;1076,02;-;-;-;-;-;-;-
IDIJ27C568900;BRBMEFCIJV10;FINANCIAL;-;-;-;-;-;-;-;-;-;1038,24;-;-;-;-;-;-;-
IDIJ27C569000;BRBMEFCIJV28;FINANCIAL;-;-;-;-;-;-;-;-;-;994,89;-;-;-;-;-;-;-
IDIJ27P566400;BRBMEFVIJUD7;FINANCIAL;-;-;-;-;-;-;-;-;-;90,03;-;-;-;-;-;-;-
IDIJ27P566500;BRBMEFVIJUE5;FINANCIAL;-;-;-;-;-;-;-;-;-;96,2;-;-;-;-;-;-;-
IDIJ27P566600;BRBMEFVIJUF2;FINANCIAL;-;-;-;-;-;-;-;-;-;103,46;-;-;-;-;-;-;-
IDIJ27P566700;BRBMEFVIJUG0;FINANCIAL;-;-;-;-;-;-;-;-;-;111,35;-;-;-;-;-;-;-
IDIJ27P566800;BRBMEFVIJUH8;FINANCIAL;-;-;-;-;-;-;-;-;-;119,8;-;-;-;-;-;-;-
IDIJ27P566900;BRBMEFVIJUI6;FINANCIAL;-;-;-;-;-;-;-;-;-;129,06;-;-;-;-;-;-;-
IDIJ27P567000;BRBMEFVIJUJ4;FINANCIAL;-;-;-;-;-;-;-;-;-;139,08;-;-;-;-;-;-;-
IDIJ27P567100;BRBMEFVIJUK2;FINANCIAL;-;-;-;-;-;-;-;-;-;150,23;-;-;-;-;-;-;-
IDIJ27P567200;BRBMEFVIJUL0;FINANCIAL;-;-;-;-;-;-;-;-;-;162,61;-;-;-;-;-;-;-
IDIJ27P567300;BRBMEFVIJUM8;FINANCIAL;-;-;-;-;-;-;-;-;-;176,2;-;-;-;-;-;-;-
IDIJ27P567400;BRBMEFVIJUN6;FINANCIAL;-;-;-;-;-;-;-;-;-;190,75;-;-;-;-;-;-;-
IDIJ27P567600;BRBMEFVIJUO4;FINANCIAL;-;-;-;-;-;-;-;-;-;224,18;-;-;-;-;-;-;-
IDIJ27P567700;BRBMEFVIJUP1;FINANCIAL;-;-;-;-;-;-;-;-;-;243,51;-;-;-;-;-;-;-
IDIJ27P567800;BRBMEFVIJUQ9;FINANCIAL;-;-;-;-;-;-;-;-;-;264,24;-;-;-;-;-;-;-
IDIJ27P567900;BRBMEFVIJUR7;FINANCIAL;-;-;-;-;-;-;-;-;-;287,28;-;-;-;-;-;-;-
IDIJ27P568000;BRBMEFVIJUS5;FINANCIAL;-;-;-;-;-;-;-;-;-;313,05;-;-;-;-;-;-;-
IDIJ27P568100;BRBMEFVIJUT3;FINANCIAL;-;-;-;-;-;-;-;-;-;341,57;-;-;-;-;-;-;-
IDIJ27P568200;BRBMEFVIJUU1;FINANCIAL;-;-;-;-;-;-;-;-;-;372,18;-;-;-;-;-;-;-
IDIJ27P568300;BRBMEFVIJUV9;FINANCIAL;-;-;-;-;-;-;-;-;-;400,16;-;-;-;-;-;-;-
IDIJ27P568400;BRBMEFVIJUW7;FINANCIAL;-;-;-;-;-;-;-;-;-;429,47;-;-;-;-;-;-;-
IDIJ27P568500;BRBMEFVIJUX5;FINANCIAL;-;-;-;-;-;-;-;-;-;461,62;-;-;-;-;-;-;-
IDIJ27P568600;BRBMEFVIJUY3;FINANCIAL;-;-;-;-;-;-;-;-;-;498,21;-;-;-;-;-;-;-
IDIJ27P568700;BRBMEFVIJUZ0;FINANCIAL;-;-;-;-;-;-;-;-;-;537,18;-;-;-;-;-;-;-
IDIJ27P568800;BRBMEFVIJV09;FINANCIAL;-;-;-;-;-;-;-;-;-;580,8;-;-;-;-;-;-;-
IDIJ27P568900;BRBMEFVIJV17;FINANCIAL;-;-;-;-;-;-;-;-;-;633,53;-;-;-;-;-;-;-
IDIJ27P569000;BRBMEFVIJV25;FINANCIAL;-;-;-;-;-;-;-;-;-;680,68;-;-;-;-;-;-;-
IDIX26C540100;BRBMEFCIXAG3;FINANCIAL;-;-;-;-;-;-;-;-;-;53,08;-;-;-;-;-;-;-
IDIX26C540200;BRBMEFCIXAH1;FINANCIAL;-;-;-;-;-;-;-;-;-;47,42;-;-;-;-;-;-;-
IDIX26C540300;BRBMEFCIXAI9;FINANCIAL;-;-;-;-;-;-;-;-;-;44,13;-;-;-;-;-;-;-
IDIX26C540400;BRBMEFCIXAJ7;FINANCIAL;-;-;-;-;-;-;-;-;-;41,18;-;-;-;-;-;-;-
IDIX26C540500;BRBMEFCIXAK5;FINANCIAL;-;-;-;-;-;-;-;-;-;38,87;-;-;-;-;-;-;-
IDIX26C540600;BRBMEFCIXAL3;FINANCIAL;-;-;-;-;-;-;-;-;-;36,68;-;-;-;-;-;-;-
IDIX26C540700;BRBMEFCIXAM1;FINANCIAL;-;-;-;-;-;-;-;-;-;34,45;-;-;-;-;-;-;-
IDIX26C540800;BRBMEFCIXAN9;FINANCIAL;-;-;-;-;-;-;-;-;-;32,26;-;-;-;-;-;-;-
IDIX26C540900;BRBMEFCIXAO7;FINANCIAL;-;-;-;-;-;-;-;-;-;30,11;-;-;-;-;-;-;-
IDIX26C541000;BRBMEFCIXAP4;FINANCIAL;-;-;-;-;-;-;-;-;-;28,29;-;-;-;-;-;-;-
IDIX26C541100;BRBMEFCIXAQ2;FINANCIAL;-;-;-;-;-;-;-;-;-;26,69;-;-;-;-;-;-;-
IDIX26C541200;BRBMEFCIXAR0;FINANCIAL;-;-;-;-;-;-;-;-;-;25,17;-;-;-;-;-;-;-
IDIX26C541300;BRBMEFCIXAS8;FINANCIAL;-;-;-;-;-;-;-;-;-;23,78;-;-;-;-;-;-;-
IDIX26C541400;BRBMEFCIXAT6;FINANCIAL;-;-;-;-;-;-;-;-;-;22,56;-;-;-;-;-;-;-
IDIX26C541500;BRBMEFCIXAU4;FINANCIAL;-;-;-;-;-;-;-;-;-;21,43;-;-;-;-;-;-;-
IDIX26C541600;BRBMEFCIXAV2;FINANCIAL;-;-;-;-;-;-;-;-;-;20,4;-;-;-;-;-;-;-
IDIX26C541700;BRBMEFCIXAW0;FINANCIAL;-;-;-;-;-;-;-;-;-;19,46;-;-;-;-;-;-;-
IDIX26C541800;BRBMEFCIXAX8;FINANCIAL;-;-;-;-;-;-;-;-;-;18,58;-;-;-;-;-;-;-
IDIX26C541900;BRBMEFCIXAY6;FINANCIAL;-;-;-;-;-;-;-;-;-;17,75;-;-;-;-;-;-;-
IDIX26C542000;BRBMEFCIXAZ3;FINANCIAL;-;-;-;-;-;-;-;-;-;17,02;-;-;-;-;-;-;-
IDIX26C542100;BRBMEFCIXB08;FINANCIAL;-;-;-;-;-;-;-;-;-;16,31;-;-;-;-;-;-;-
IDIX26C542200;BRBMEFCIXB16;FINANCIAL;-;-;-;-;-;-;-;-;-;15,62;-;-;-;-;-;-;-
IDIX26C542300;BRBMEFCIXB24;FINANCIAL;-;-;-;-;-;-;-;-;-;14,96;-;-;-;-;-;-;-
IDIX26P540100;BRBMEFVIXAJ7;FINANCIAL;-;-;-;-;-;-;-;-;-;407,39;-;-;-;-;-;-;-
IDIX26P540200;BRBMEFVIXAK5;FINANCIAL;-;-;-;-;-;-;-;-;-;497,2;-;-;-;-;-;-;-
IDIX26P540300;BRBMEFVIXAL3;FINANCIAL;-;-;-;-;-;-;-;-;-;589,38;-;-;-;-;-;-;-
IDIX26P540400;BRBMEFVIXAM1;FINANCIAL;-;-;-;-;-;-;-;-;-;681,9;-;-;-;-;-;-;-
IDIX26P540500;BRBMEFVIXAN9;FINANCIAL;-;-;-;-;-;-;-;-;-;775,06;-;-;-;-;-;-;-
IDIX26P540600;BRBMEFVIXAO7;FINANCIAL;-;-;-;-;-;-;-;-;-;868,34;-;-;-;-;-;-;-
IDIX26P540700;BRBMEFVIXAP4;FINANCIAL;-;-;-;-;-;-;-;-;-;961,57;-;-;-;-;-;-;-
IDIX26P540800;BRBMEFVIXAQ2;FINANCIAL;-;-;-;-;-;-;-;-;-;1054,86;-;-;-;-;-;-;-
IDIX26P540900;BRBMEFVIXAR0;FINANCIAL;-;-;-;-;-;-;-;-;-;1148,17;-;-;-;-;-;-;-
IDIX26P541000;BRBMEFVIXAS8;FINANCIAL;-;-;-;-;-;-;-;-;-;1241,82;-;-;-;-;-;-;-
IDIX26P541100;BRBMEFVIXAT6;FINANCIAL;-;-;-;-;-;-;-;-;-;1335,7;-;-;-;-;-;-;-
IDIX26P541200;BRBMEFVIXAU4;FINANCIAL;-;-;-;-;-;-;-;-;-;1429,64;-;-;-;-;-;-;-
IDIX26P541300;BRBMEFVIXAV2;FINANCIAL;-;-;-;-;-;-;-;-;-;1523,72;-;-;-;-;-;-;-
IDIX26P541400;BRBMEFVIXAW0;FINANCIAL;-;-;-;-;-;-;-;-;-;1617,97;-;-;-;-;-;-;-
IDIX26P541500;BRBMEFVIXAX8;FINANCIAL;-;-;-;-;-;-;-;-;-;1712,31;-;-;-;-;-;-;-
IDIX26P541600;BRBMEFVIXAY6;FINANCIAL;-;-;-;-;-;-;-;-;-;1806,75;-;-;-;-;-;-;-
IDIX26P541700;BRBMEFVIXAZ3;FINANCIAL;-;-;-;-;-;-;-;-;-;1901,28;-;-;-;-;-;-;-
IDIX26P541800;BRBMEFVIXB05;FINANCIAL;-;-;-;-;-;-;-;-;-;1995,86;-;-;-;-;-;-;-
IDIX26P541900;BRBMEFVIXB13;FINANCIAL;-;-;-;-;-;-;-;-;-;2090,51;-;-;-;-;-;-;-
IDIX26P542000;BRBMEFVIXB21;FINANCIAL;-;-;-;-;-;-;-;-;-;2185,24;-;-;-;-;-;-;-
IDIX26P542100;BRBMEFVIXB39;FINANCIAL;-;-;-;-;-;-;-;-;-;2280;-;-;-;-;-;-;-
IDIX26P542200;BRBMEFVIXB47;FINANCIAL;-;-;-;-;-;-;-;-;-;2374,79;-;-;-;-;-;-;-
IDIX26P542300;BRBMEFVIXB54;FINANCIAL;-;-;-;-;-;-;-;-;-;2469,59;-;-;-;-;-;-;-
IDIZ26C544800;BRBMEFCIZ9W3;FINANCIAL;-;-;-;-;-;-;-;-;-;379,17;-;-;-;-;-;-;-
IDIZ26C544900;BRBMEFCIZ9X1;FINANCIAL;-;-;-;-;-;-;-;-;-;316,97;-;-;-;-;-;-;-
IDIZ26C545000;BRBMEFCIZ9Y9;FINANCIAL;-;-;-;-;-;-;-;-;-;272,24;-;-;-;-;-;-;-
IDIZ26C545100;BRBMEFCIZ9Z6;FINANCIAL;-;-;-;-;-;-;-;-;-;231,96;-;-;-;-;-;-;-
IDIZ26C545200;BRBMEFCIZA07;FINANCIAL;-;-;-;-;-;-;-;-;-;199,33;-;-;-;-;-;-;-
IDIZ26C545300;BRBMEFCIZA15;FINANCIAL;-;-;-;-;-;-;-;-;-;172,32;-;-;-;-;-;-;-
IDIZ26C545400;BRBMEFCIZA23;FINANCIAL;-;-;-;-;-;-;-;-;-;151,62;-;-;-;-;-;-;-
IDIZ26C545500;BRBMEFCIZA31;FINANCIAL;-;-;-;-;-;-;-;-;-;135,23;-;-;-;-;-;-;-
IDIZ26C545600;BRBMEFCIZA49;FINANCIAL;-;-;-;-;-;-;-;-;-;123,47;-;-;-;-;-;-;-
IDIZ26C545700;BRBMEFCIZA56;FINANCIAL;-;-;-;-;-;-;-;-;-;114,21;-;-;-;-;-;-;-
IDIZ26C545800;BRBMEFCIZA64;FINANCIAL;-;-;-;-;-;-;-;-;-;106,59;-;-;-;-;-;-;-
IDIZ26C545900;BRBMEFCIZA72;FINANCIAL;-;-;-;-;-;-;-;-;-;101,11;-;-;-;-;-;-;-
IDIZ26P544800;BRBMEFVIZ9W0;FINANCIAL;-;-;-;-;-;-;-;-;-;86,05;-;-;-;-;-;-;-
IDIZ26P544900;BRBMEFVIZ9X8;FINANCIAL;-;-;-;-;-;-;-;-;-;118,38;-;-;-;-;-;-;-
IDIZ26P545000;BRBMEFVIZ9Y6;FINANCIAL;-;-;-;-;-;-;-;-;-;168,18;-;-;-;-;-;-;-
IDIZ26P545100;BRBMEFVIZ9Z3;FINANCIAL;-;-;-;-;-;-;-;-;-;222,42;-;-;-;-;-;-;-
IDIZ26P545200;BRBMEFVIZA04;FINANCIAL;-;-;-;-;-;-;-;-;-;284,32;-;-;-;-;-;-;-
IDIZ26P545300;BRBMEFVIZA12;FINANCIAL;-;-;-;-;-;-;-;-;-;351,83;-;-;-;-;-;-;-
IDIZ26P545400;BRBMEFVIZA20;FINANCIAL;-;-;-;-;-;-;-;-;-;425,66;-;-;-;-;-;-;-
IDIZ26P545500;BRBMEFVIZA38;FINANCIAL;-;-;-;-;-;-;-;-;-;503,8;-;-;-;-;-;-;-
IDIZ26P545600;BRBMEFVIZA46;FINANCIAL;-;-;-;-;-;-;-;-;-;586,56;-;-;-;-;-;-;-
IDIZ26P545700;BRBMEFVIZA53;FINANCIAL;-;-;-;-;-;-;-;-;-;671,84;-;-;-;-;-;-;-
IDIZ26P545800;BRBMEFVIZA61;FINANCIAL;-;-;-;-;-;-;-;-;-;758,74;-;-;-;-;-;-;-
IDIZ26P545900;BRBMEFVIZA79;FINANCIAL;-;-;-;-;-;-;-;-;-;847,79;-;-;-;-;-;-;-
IDIF27C552200;BRBMEFCID075;FINANCIAL;-;-;-;-;-;-;-;-;-;208,4;-;-;-;-;-;-;-
IDIF27C552300;BRBMEFCID083;FINANCIAL;-;-;-;-;-;-;-;-;-;197,32;-;-;-;-;-;-;-
IDIF27C552400;BRBMEFCID091;FINANCIAL;-;-;-;-;-;-;-;-;-;188,43;-;-;-;-;-;-;-
IDIF27C552500;BRBMEFCID0A4;FINANCIAL;-;-;-;-;-;-;-;-;-;180,26;-;-;-;-;-;-;-
IDIF27C552700;BRBMEFCID0B2;FINANCIAL;-;-;-;-;-;-;-;-;-;167,35;-;-;-;-;-;-;-
IDIF27C552800;BRBMEFCID0C0;FINANCIAL;-;-;-;-;-;-;-;-;-;162,46;-;-;-;-;-;-;-
IDIF27C552900;BRBMEFCID0D8;FINANCIAL;-;-;-;-;-;-;-;-;-;157,87;-;-;-;-;-;-;-
IDIF27C553000;BRBMEFCID0E6;FINANCIAL;-;-;-;-;-;-;-;-;-;153,62;-;-;-;-;-;-;-
IDIF27C553100;BRBMEFCID0F3;FINANCIAL;-;-;-;-;-;-;-;-;-;150,06;-;-;-;-;-;-;-
IDIF27P552200;BRBMEFFI0072;FINANCIAL;-;-;-;-;-;-;-;-;-;903,56;-;-;-;-;-;-;-
IDIF27P552300;BRBMEFFI0080;FINANCIAL;-;-;-;-;-;-;-;-;-;985,91;-;-;-;-;-;-;-
IDIF27P552400;BRBMEFFI0098;FINANCIAL;-;-;-;-;-;-;-;-;-;1070,47;-;-;-;-;-;-;-
IDIF27P552500;BRBMEFFI00A9;FINANCIAL;-;-;-;-;-;-;-;-;-;1155,73;-;-;-;-;-;-;-
IDIF27P552700;BRBMEFFI00B7;FINANCIAL;-;-;-;-;-;-;-;-;-;1329,7;-;-;-;-;-;-;-
IDIF27P552800;BRBMEFFI00C5;FINANCIAL;-;-;-;-;-;-;-;-;-;1418,25;-;-;-;-;-;-;-
IDIF27P552900;BRBMEFFI00D3;FINANCIAL;-;-;-;-;-;-;-;-;-;1507,1;-;-;-;-;-;-;-
IDIF27P553000;BRBMEFFI00E1;FINANCIAL;-;-;-;-;-;-;-;-;-;1596,3;-;-;-;-;-;-;-
IDIF27P553100;BRBMEFFI00F8;FINANCIAL;-;-;-;-;-;-;-;-;-;1686,17;-;-;-;-;-;-;-
D11F27C001000;BRBMEFCD1F59;FINANCIAL;-;-;-;-;-;-;-;-;-;839,77;-;-;-;-;-;-;-
D11F27C001025;BRBMEFCD1F67;FINANCIAL;-;-;-;-;-;-;-;-;-;790,49;-;-;-;-;-;-;-
D11F27C001050;BRBMEFCD1F75;FINANCIAL;-;-;-;-;-;-;-;-;-;741,42;-;-;-;-;-;-;-
D11F27C001075;BRBMEFCD1F83;FINANCIAL;-;-;-;-;-;-;-;-;-;692,62;-;-;-;-;-;-;-
D11F27C001100;BRBMEFCD1F91;FINANCIAL;-;-;-;-;-;-;-;-;-;644,15;-;-;-;-;-;-;-
D11F27C001125;BRBMEFCD1FA0;FINANCIAL;-;-;-;-;-;-;-;-;-;595,98;-;-;-;-;-;-;-
D11F27C001150;BRBMEFCD1FB8;FINANCIAL;-;-;-;-;-;-;-;-;-;548,2;-;-;-;-;-;-;-
D11F27C001175;BRBMEFCD1FC6;FINANCIAL;-;-;-;-;-;-;-;-;-;500,96;-;-;-;-;-;-;-
D11F27C001200;BRBMEFCD1FD4;FINANCIAL;-;-;-;-;-;-;-;-;-;454,41;-;-;-;-;-;-;-
D11F27C001225;BRBMEFCD1FE2;FINANCIAL;-;-;-;-;-;-;-;-;-;408,65;-;-;-;-;-;-;-
D11F27C001250;BRBMEFCD1FF9;FINANCIAL;-;-;-;-;-;-;-;-;-;363,89;-;-;-;-;-;-;-
D11F27C001275;BRBMEFCD1FG7;FINANCIAL;-;-;-;-;-;-;-;-;-;320,85;-;-;-;-;-;-;-
D11F27C001300;BRBMEFCD1FH5;FINANCIAL;-;-;-;-;-;-;-;-;-;280,53;-;-;-;-;-;-;-
D11F27C001325;BRBMEFCD1FI3;FINANCIAL;-;-;-;-;-;-;-;-;-;242,72;-;-;-;-;-;-;-
D11F27C001350;BRBMEFCD1FJ1;FINANCIAL;-;-;-;-;-;-;-;-;-;207,83;-;-;-;-;-;-;-
D11F27C001375;BRBMEFCD1FK9;FINANCIAL;-;-;-;-;-;-;-;-;-;177,42;-;-;-;-;-;-;-
D11F27C001525;BRBMEFCD1FL7;FINANCIAL;-;-;-;-;-;-;-;-;-;67,28;-;-;-;-;-;-;-
D11F27C001550;BRBMEFCD1FM5;FINANCIAL;-;-;-;-;-;-;-;-;-;58,38;-;-;-;-;-;-;-
D11F27C001575;BRBMEFCD1FN3;FINANCIAL;-;-;-;-;-;-;-;-;-;51,14;-;-;-;-;-;-;-
D11F27C001600;BRBMEFCD1FO1;FINANCIAL;-;-;-;-;-;-;-;-;-;44,2;-;-;-;-;-;-;-
D11F27C001625;BRBMEFCD1FP8;FINANCIAL;-;-;-;-;-;-;-;-;-;38,31;-;-;-;-;-;-;-
D11F27C001650;BRBMEFCD1FQ6;FINANCIAL;-;-;-;-;-;-;-;-;-;33,39;-;-;-;-;-;-;-
D11F27C001675;BRBMEFCD1FR4;FINANCIAL;-;-;-;-;-;-;-;-;-;29,33;-;-;-;-;-;-;-
D11F27C001700;BRBMEFCD1FS2;FINANCIAL;-;-;-;-;-;-;-;-;-;25,9;-;-;-;-;-;-;-
D11F27C001725;BRBMEFCD1FT0;FINANCIAL;-;-;-;-;-;-;-;-;-;23,03;-;-;-;-;-;-;-
D11F27C001750;BRBMEFCD1FU8;FINANCIAL;-;-;-;-;-;-;-;-;-;20,62;-;-;-;-;-;-;-
D11F27C001775;BRBMEFCD1FV6;FINANCIAL;-;-;-;-;-;-;-;-;-;18,56;-;-;-;-;-;-;-
D11F27C001800;BRBMEFCD1FW4;FINANCIAL;-;-;-;-;-;-;-;-;-;16,77;-;-;-;-;-;-;-
D11F27P001000;BRBMEFVD1ER4;FINANCIAL;-;-;-;-;-;-;-;-;-;0,07;-;-;-;-;-;-;-
D11F27P001025;BRBMEFVD1ES2;FINANCIAL;-;-;-;-;-;-;-;-;-;0,14;-;-;-;-;-;-;-
D11F27P001050;BRBMEFVD1ET0;FINANCIAL;-;-;-;-;-;-;-;-;-;0,3;-;-;-;-;-;-;-
D11F27P001075;BRBMEFVD1EU8;FINANCIAL;-;-;-;-;-;-;-;-;-;0,57;-;-;-;-;-;-;-
D11F27P001100;BRBMEFVD1EV6;FINANCIAL;-;-;-;-;-;-;-;-;-;1,05;-;-;-;-;-;-;-
D11F27P001125;BRBMEFVD1EW4;FINANCIAL;-;-;-;-;-;-;-;-;-;1,69;-;-;-;-;-;-;-
D11F27P001150;BRBMEFVD1EX2;FINANCIAL;-;-;-;-;-;-;-;-;-;2,59;-;-;-;-;-;-;-
D11F27P001175;BRBMEFVD1EY0;FINANCIAL;-;-;-;-;-;-;-;-;-;3,88;-;-;-;-;-;-;-
D11F27P001200;BRBMEFVD1EZ7;FINANCIAL;-;-;-;-;-;-;-;-;-;5,73;-;-;-;-;-;-;-
D11F27P001225;BRBMEFVD1F00;FINANCIAL;-;-;-;-;-;-;-;-;-;8,25;-;-;-;-;-;-;-
D11F27P001250;BRBMEFVD1F18;FINANCIAL;-;-;-;-;-;-;-;-;-;11,62;-;-;-;-;-;-;-
D11F27P001275;BRBMEFVD1F26;FINANCIAL;-;-;-;-;-;-;-;-;-;16,59;-;-;-;-;-;-;-
D11F27P001300;BRBMEFVD1F34;FINANCIAL;-;-;-;-;-;-;-;-;-;24,14;-;-;-;-;-;-;-
D11F27P001325;BRBMEFVD1F42;FINANCIAL;-;-;-;-;-;-;-;-;-;34,08;-;-;-;-;-;-;-
D11F27P001350;BRBMEFVD1F59;FINANCIAL;-;-;-;-;-;-;-;-;-;46,8;-;-;-;-;-;-;-
D11F27P001375;BRBMEFVD1F67;FINANCIAL;-;-;-;-;-;-;-;-;-;63,87;-;-;-;-;-;-;-
D11F27P001525;BRBMEFVD1F75;FINANCIAL;-;-;-;-;-;-;-;-;-;235,94;-;-;-;-;-;-;-
D11F27P001550;BRBMEFVD1F83;FINANCIAL;-;-;-;-;-;-;-;-;-;273,63;-;-;-;-;-;-;-
D11F27P001575;BRBMEFVD1F91;FINANCIAL;-;-;-;-;-;-;-;-;-;312,86;-;-;-;-;-;-;-
D11F27P001600;BRBMEFVD1FA7;FINANCIAL;-;-;-;-;-;-;-;-;-;352,27;-;-;-;-;-;-;-
D11F27P001625;BRBMEFVD1FB5;FINANCIAL;-;-;-;-;-;-;-;-;-;392,59;-;-;-;-;-;-;-
D11F27P001650;BRBMEFVD1FC3;FINANCIAL;-;-;-;-;-;-;-;-;-;433,77;-;-;-;-;-;-;-
D11F27P001675;BRBMEFVD1FD1;FINANCIAL;-;-;-;-;-;-;-;-;-;475,69;-;-;-;-;-;-;-
D11F27P001700;BRBMEFVD1FE9;FINANCIAL;-;-;-;-;-;-;-;-;-;518,12;-;-;-;-;-;-;-
D11F27P001725;BRBMEFVD1FF6;FINANCIAL;-;-;-;-;-;-;-;-;-;560,98;-;-;-;-;-;-;-
D11F27P001750;BRBMEFVD1FG4;FINANCIAL;-;-;-;-;-;-;-;-;-;604,18;-;-;-;-;-;-;-
D11F27P001775;BRBMEFVD1FH2;FINANCIAL;-;-;-;-;-;-;-;-;-;647,61;-;-;-;-;-;-;-
D11F27P001800;BRBMEFVD1FI0;FINANCIAL;-;-;-;-;-;-;-;-;-;691,19;-;-;-;-;-;-;-
D11N26C001200;BRBMEFCD1E76;FINANCIAL;-;-;-;-;-;-;-;-;-;452,02;-;-;-;-;-;-;-
D11N26C001225;BRBMEFCD1E84;FINANCIAL;-;-;-;-;-;-;-;-;-;396,27;-;-;-;-;-;-;-
D11N26C001250;BRBMEFCD1E92;FINANCIAL;-;-;-;-;-;-;-;-;-;340,67;-;-;-;-;-;-;-
D11N26C001275;BRBMEFCD1EA3;FINANCIAL;-;-;-;-;-;-;-;-;-;285,23;-;-;-;-;-;-;-
D11N26C001300;BRBMEFCD1EB1;FINANCIAL;-;-;-;-;-;-;-;-;-;229,95;-;-;-;-;-;-;-
D11N26C001325;BRBMEFCD1EC9;FINANCIAL;-;-;-;-;-;-;-;-;-;174,82;-;-;-;-;-;-;-
D11N26C001350;BRBMEFCD1ED7;FINANCIAL;-;-;-;-;-;-;-;-;-;119,84;-;-;-;-;-;-;-
D11N26C001375;BRBMEFCD1EE5;FINANCIAL;-;-;-;-;-;-;-;-;-;65,03;-;-;-;-;-;-;-
D11N26C001400;BRBMEFCD1EF2;FINANCIAL;-;-;-;-;-;-;-;-;-;15,13;-;-;-;-;-;-;-
D11N26C001425;BRBMEFCD1EG0;FINANCIAL;-;-;-;-;-;-;-;-;-;0,28;-;-;-;-;-;-;-
D11N26C001450;BRBMEFCD1EH8;FINANCIAL;-;-;-;-;-;-;-;-;-;0,01;-;-;-;-;-;-;-
D11N26C001475;BRBMEFCD1EI6;FINANCIAL;-;-;-;-;-;-;-;-;-;0,01;-;-;-;-;-;-;-
D11N26C001500;BRBMEFCD1EJ4;FINANCIAL;-;-;-;-;-;-;-;-;-;0,01;-;-;-;-;-;-;-
D11N26C001525;BRBMEFCD1EK2;FINANCIAL;-;-;-;-;-;-;-;-;-;0,01;-;-;-;-;-;-;-
D11N26C001550;BRBMEFCD1EL0;FINANCIAL;-;-;-;-;-;-;-;-;-;0,01;-;-;-;-;-;-;-
D11N26C001575;BRBMEFCD1EM8;FINANCIAL;-;-;-;-;-;-;-;-;-;0,01;-;-;-;-;-;-;-
D11N26C001600;BRBMEFCD1EN6;FINANCIAL;-;-;-;-;-;-;-;-;-;0,01;-;-;-;-;-;-;-
D11N26P001200;BRBMEFVD1DT2;FINANCIAL;-;-;-;-;-;-;-;-;-;0,01;-;-;-;-;-;-;-
D11N26P001225;BRBMEFVD1DU0;FINANCIAL;-;-;-;-;-;-;-;-;-;0,01;-;-;-;-;-;-;-
D11N26P001250;BRBMEFVD1DV8;FINANCIAL;-;-;-;-;-;-;-;-;-;0,01;-;-;-;-;-;-;-
D11N26P001275;BRBMEFVD1DW6;FINANCIAL;-;-;-;-;-;-;-;-;-;0,01;-;-;-;-;-;-;-
D11N26P001300;BRBMEFVD1DX4;FINANCIAL;-;-;-;-;-;-;-;-;-;0,01;-;-;-;-;-;-;-
D11N26P001325;BRBMEFVD1DY2;FINANCIAL;-;-;-;-;-;-;-;-;-;0,01;-;-;-;-;-;-;-
D11N26P001350;BRBMEFVD1DZ9;FINANCIAL;-;-;-;-;-;-;-;-;-;0,01;-;-;-;-;-;-;-
D11N26P001375;BRBMEFVD1E01;FINANCIAL;-;-;-;-;-;-;-;-;-;0,01;-;-;-;-;-;-;-
D11N26P001400;BRBMEFVD1E19;FINANCIAL;-;-;-;-;-;-;-;-;-;4,79;-;-;-;-;-;-;-
D11N26P001425;BRBMEFVD1E27;FINANCIAL;-;-;-;-;-;-;-;-;-;44,46;-;-;-;-;-;-;-
D11N26P001450;BRBMEFVD1E35;FINANCIAL;-;-;-;-;-;-;-;-;-;98,56;-;-;-;-;-;-;-
D11N26P001475;BRBMEFVD1E43;FINANCIAL;-;-;-;-;-;-;-;-;-;152,78;-;-;-;-;-;-;-
D11N26P001500;BRBMEFVD1E50;FINANCIAL;-;-;-;-;-;-;-;-;-;206,86;-;-;-;-;-;-;-
D11N26P001525;BRBMEFVD1E68;FINANCIAL;-;-;-;-;-;-;-;-;-;260,79;-;-;-;-;-;-;-
D11N26P001550;BRBMEFVD1E76;FINANCIAL;-;-;-;-;-;-;-;-;-;314,57;-;-;-;-;-;-;-
D11N26P001575;BRBMEFVD1E84;FINANCIAL;-;-;-;-;-;-;-;-;-;368,21;-;-;-;-;-;-;-
D11N26P001600;BRBMEFVD1E92;FINANCIAL;-;-;-;-;-;-;-;-;-;421,7;-;-;-;-;-;-;-
D11V26C001200;BRBMEFCD1EO4;FINANCIAL;-;-;-;-;-;-;-;-;-;421,5;-;-;-;-;-;-;-
D11V26C001225;BRBMEFCD1EP1;FINANCIAL;-;-;-;-;-;-;-;-;-;370,44;-;-;-;-;-;-;-
D11V26C001250;BRBMEFCD1EQ9;FINANCIAL;-;-;-;-;-;-;-;-;-;319,93;-;-;-;-;-;-;-
D11V26C001275;BRBMEFCD1ER7;FINANCIAL;-;-;-;-;-;-;-;-;-;270,43;-;-;-;-;-;-;-
D11V26C001300;BRBMEFCD1ES5;FINANCIAL;-;-;-;-;-;-;-;-;-;222,51;-;-;-;-;-;-;-
D11V26C001325;BRBMEFCD1ET3;FINANCIAL;-;-;-;-;-;-;-;-;-;177,68;-;-;-;-;-;-;-
D11V26C001350;BRBMEFCD1EU1;FINANCIAL;-;-;-;-;-;-;-;-;-;137,29;-;-;-;-;-;-;-
D11V26C001375;BRBMEFCD1EV9;FINANCIAL;-;-;-;-;-;-;-;-;-;103,02;-;-;-;-;-;-;-
D11V26C001400;BRBMEFCD1EW7;FINANCIAL;-;-;-;-;-;-;-;-;-;75,51;-;-;-;-;-;-;-
D11V26C001425;BRBMEFCD1EX5;FINANCIAL;-;-;-;-;-;-;-;-;-;54,36;-;-;-;-;-;-;-
D11V26C001450;BRBMEFCD1EY3;FINANCIAL;-;-;-;-;-;-;-;-;-;38,88;-;-;-;-;-;-;-
D11V26C001475;BRBMEFCD1EZ0;FINANCIAL;-;-;-;-;-;-;-;-;-;28,05;-;-;-;-;-;-;-
D11V26C001500;BRBMEFCD1F00;FINANCIAL;-;-;-;-;-;-;-;-;-;20,05;-;-;-;-;-;-;-
D11V26C001525;BRBMEFCD1F18;FINANCIAL;-;-;-;-;-;-;-;-;-;14,44;-;-;-;-;-;-;-
D11V26C001550;BRBMEFCD1F26;FINANCIAL;-;-;-;-;-;-;-;-;-;10,5;-;-;-;-;-;-;-
D11V26C001575;BRBMEFCD1F34;FINANCIAL;-;-;-;-;-;-;-;-;-;7,89;-;-;-;-;-;-;-
D11V26C001600;BRBMEFCD1F42;FINANCIAL;-;-;-;-;-;-;-;-;-;6,09;-;-;-;-;-;-;-
D11V26P001200;BRBMEFVD1EA0;FINANCIAL;-;-;-;-;-;-;-;-;-;0,22;-;-;-;-;-;-;-
D11V26P001225;BRBMEFVD1EB8;FINANCIAL;-;-;-;-;-;-;-;-;-;0,63;-;-;-;-;-;-;-
D11V26P001250;BRBMEFVD1EC6;FINANCIAL;-;-;-;-;-;-;-;-;-;1,46;-;-;-;-;-;-;-
D11V26P001275;BRBMEFVD1ED4;FINANCIAL;-;-;-;-;-;-;-;-;-;3,15;-;-;-;-;-;-;-
D11V26P001300;BRBMEFVD1EE2;FINANCIAL;-;-;-;-;-;-;-;-;-;6,28;-;-;-;-;-;-;-
D11V26P001325;BRBMEFVD1EF9;FINANCIAL;-;-;-;-;-;-;-;-;-;12,35;-;-;-;-;-;-;-
D11V26P001350;BRBMEFVD1EG7;FINANCIAL;-;-;-;-;-;-;-;-;-;22,74;-;-;-;-;-;-;-
D11V26P001375;BRBMEFVD1EH5;FINANCIAL;-;-;-;-;-;-;-;-;-;39,1;-;-;-;-;-;-;-
D11V26P001400;BRBMEFVD1EI3;FINANCIAL;-;-;-;-;-;-;-;-;-;62,08;-;-;-;-;-;-;-
D11V26P001425;BRBMEFVD1EJ1;FINANCIAL;-;-;-;-;-;-;-;-;-;91,27;-;-;-;-;-;-;-
D11V26P001450;BRBMEFVD1EK9;FINANCIAL;-;-;-;-;-;-;-;-;-;126,01;-;-;-;-;-;-;-
D11V26P001475;BRBMEFVD1EL7;FINANCIAL;-;-;-;-;-;-;-;-;-;165,27;-;-;-;-;-;-;-
D11V26P001500;BRBMEFVD1EM5;FINANCIAL;-;-;-;-;-;-;-;-;-;207,21;-;-;-;-;-;-;-
D11V26P001525;BRBMEFVD1EN3;FINANCIAL;-;-;-;-;-;-;-;-;-;251,4;-;-;-;-;-;-;-
D11V26P001550;BRBMEFVD1EO1;FINANCIAL;-;-;-;-;-;-;-;-;-;297,14;-;-;-;-;-;-;-
D11V26P001575;BRBMEFVD1EP8;FINANCIAL;-;-;-;-;-;-;-;-;-;344,07;-;-;-;-;-;-;-
D11V26P001600;BRBMEFVD1EQ6;FINANCIAL;-;-;-;-;-;-;-;-;-;391,68;-;-;-;-;-;-;-
D12F27C001000;BRBMEFCD2VZ2;FINANCIAL;-;-;-;-;-;-;-;-;-;1666,01;-;-;-;-;-;-;-
D12F27C001025;BRBMEFCD2W08;FINANCIAL;-;-;-;-;-;-;-;-;-;1569,22;-;-;-;-;-;-;-
D12F27C001050;BRBMEFCD2W16;FINANCIAL;-;-;-;-;-;-;-;-;-;1473,37;-;-;-;-;-;-;-
D12F27C001075;BRBMEFCD2W24;FINANCIAL;-;-;-;-;-;-;-;-;-;1378,62;-;-;-;-;-;-;-
D12F27C001100;BRBMEFCD2W32;FINANCIAL;-;-;-;-;-;-;-;-;-;1285,16;-;-;-;-;-;-;-
D12F27C001125;BRBMEFCD2W40;FINANCIAL;-;-;-;-;-;-;-;-;-;1192,98;-;-;-;-;-;-;-
D12F27C001150;BRBMEFCD2W57;FINANCIAL;-;-;-;-;-;-;-;-;-;1102,08;-;-;-;-;-;-;-
D12F27C001175;BRBMEFCD2W65;FINANCIAL;-;-;-;-;-;-;-;-;-;1012,97;-;-;-;-;-;-;-
D12F27C001200;BRBMEFCD2W73;FINANCIAL;-;-;-;-;-;-;-;-;-;926,47;-;-;-;-;-;-;-
D12F27C001225;BRBMEFCD2W81;FINANCIAL;-;-;-;-;-;-;-;-;-;843,94;-;-;-;-;-;-;-
D12F27C001250;BRBMEFCD2W99;FINANCIAL;-;-;-;-;-;-;-;-;-;764,68;-;-;-;-;-;-;-
D12F27C001275;BRBMEFCD2WA3;FINANCIAL;-;-;-;-;-;-;-;-;-;688,93;-;-;-;-;-;-;-
D12F27C001300;BRBMEFCD2WB1;FINANCIAL;-;-;-;-;-;-;-;-;-;617;-;-;-;-;-;-;-
D12F27C001325;BRBMEFCD2WC9;FINANCIAL;-;-;-;-;-;-;-;-;-;550,23;-;-;-;-;-;-;-
D12F27C001350;BRBMEFCD2WD7;FINANCIAL;-;-;-;-;-;-;-;-;-;488,91;-;-;-;-;-;-;-
D12F27C001375;BRBMEFCD2WE5;FINANCIAL;-;-;-;-;-;-;-;-;-;432,24;-;-;-;-;-;-;-
D12F27C001400;BRBMEFCD2WF2;FINANCIAL;-;-;-;-;-;-;-;-;-;381,35;-;-;-;-;-;-;-
D12F27C001425;BRBMEFCD2WG0;FINANCIAL;-;-;-;-;-;-;-;-;-;335,45;-;-;-;-;-;-;-
D12F27C001450;BRBMEFCD2WH8;FINANCIAL;-;-;-;-;-;-;-;-;-;294,04;-;-;-;-;-;-;-
D12F27C001475;BRBMEFCD2WI6;FINANCIAL;-;-;-;-;-;-;-;-;-;257,87;-;-;-;-;-;-;-
D12F27C001500;BRBMEFCD2WJ4;FINANCIAL;-;-;-;-;-;-;-;-;-;225,69;-;-;-;-;-;-;-
D12F27C001525;BRBMEFCD2WK2;FINANCIAL;-;-;-;-;-;-;-;-;-;197,33;-;-;-;-;-;-;-
D12F27C001550;BRBMEFCD2WL0;FINANCIAL;-;-;-;-;-;-;-;-;-;173,34;-;-;-;-;-;-;-
D12F27C001575;BRBMEFCD2WM8;FINANCIAL;-;-;-;-;-;-;-;-;-;152,42;-;-;-;-;-;-;-
D12F27C001600;BRBMEFCD2WN6;FINANCIAL;-;-;-;-;-;-;-;-;-;134,11;-;-;-;-;-;-;-
D12F27C001625;BRBMEFCD2WO4;FINANCIAL;-;-;-;-;-;-;-;-;-;118,09;-;-;-;-;-;-;-
D12F27C001650;BRBMEFCD2WP1;FINANCIAL;-;-;-;-;-;-;-;-;-;103,98;-;-;-;-;-;-;-
D12F27C001675;BRBMEFCD2WQ9;FINANCIAL;-;-;-;-;-;-;-;-;-;91,66;-;-;-;-;-;-;-
D12F27C001700;BRBMEFCD2WR7;FINANCIAL;-;-;-;-;-;-;-;-;-;81,01;-;-;-;-;-;-;-
D12F27C001725;BRBMEFCD2WS5;FINANCIAL;-;-;-;-;-;-;-;-;-;71,72;-;-;-;-;-;-;-
D12F27C001750;BRBMEFCD2WT3;FINANCIAL;-;-;-;-;-;-;-;-;-;63,61;-;-;-;-;-;-;-
D12F27C001775;BRBMEFCD2WU1;FINANCIAL;-;-;-;-;-;-;-;-;-;56,53;-;-;-;-;-;-;-
D12F27C001800;BRBMEFCD2WV9;FINANCIAL;-;-;-;-;-;-;-;-;-;50,42;-;-;-;-;-;-;-
D12F27P001000;BRBMEFVD2VL9;FINANCIAL;-;-;-;-;-;-;-;-;-;5,31;-;-;-;-;-;-;-
D12F27P001025;BRBMEFVD2VM7;FINANCIAL;-;-;-;-;-;-;-;-;-;7,3;-;-;-;-;-;-;-
D12F27P001050;BRBMEFVD2VN5;FINANCIAL;-;-;-;-;-;-;-;-;-;9,9;-;-;-;-;-;-;-
D12F27P001075;BRBMEFVD2VO3;FINANCIAL;-;-;-;-;-;-;-;-;-;13,25;-;-;-;-;-;-;-
D12F27P001100;BRBMEFVD2VP0;FINANCIAL;-;-;-;-;-;-;-;-;-;17,57;-;-;-;-;-;-;-
D12F27P001125;BRBMEFVD2VQ8;FINANCIAL;-;-;-;-;-;-;-;-;-;22,85;-;-;-;-;-;-;-
D12F27P001150;BRBMEFVD2VR6;FINANCIAL;-;-;-;-;-;-;-;-;-;29,07;-;-;-;-;-;-;-
D12F27P001175;BRBMEFVD2VS4;FINANCIAL;-;-;-;-;-;-;-;-;-;36,77;-;-;-;-;-;-;-
D12F27P001200;BRBMEFVD2VT2;FINANCIAL;-;-;-;-;-;-;-;-;-;46,76;-;-;-;-;-;-;-
D12F27P001225;BRBMEFVD2VU0;FINANCIAL;-;-;-;-;-;-;-;-;-;60,39;-;-;-;-;-;-;-
D12F27P001250;BRBMEFVD2VV8;FINANCIAL;-;-;-;-;-;-;-;-;-;76,97;-;-;-;-;-;-;-
D12F27P001275;BRBMEFVD2VW6;FINANCIAL;-;-;-;-;-;-;-;-;-;96,76;-;-;-;-;-;-;-
D12F27P001300;BRBMEFVD2VX4;FINANCIAL;-;-;-;-;-;-;-;-;-;120,04;-;-;-;-;-;-;-
D12F27P001325;BRBMEFVD2VY2;FINANCIAL;-;-;-;-;-;-;-;-;-;148,17;-;-;-;-;-;-;-
D12F27P001350;BRBMEFVD2VZ9;FINANCIAL;-;-;-;-;-;-;-;-;-;181,44;-;-;-;-;-;-;-
D12F27P001375;BRBMEFVD2W08;FINANCIAL;-;-;-;-;-;-;-;-;-;219,06;-;-;-;-;-;-;-
D12F27P001400;BRBMEFVD2W16;FINANCIAL;-;-;-;-;-;-;-;-;-;262,14;-;-;-;-;-;-;-
D12F27P001425;BRBMEFVD2W24;FINANCIAL;-;-;-;-;-;-;-;-;-;309,9;-;-;-;-;-;-;-
D12F27P001450;BRBMEFVD2W32;FINANCIAL;-;-;-;-;-;-;-;-;-;361,86;-;-;-;-;-;-;-
D12F27P001475;BRBMEFVD2W40;FINANCIAL;-;-;-;-;-;-;-;-;-;418,75;-;-;-;-;-;-;-
D12F27P001500;BRBMEFVD2W57;FINANCIAL;-;-;-;-;-;-;-;-;-;479,32;-;-;-;-;-;-;-
D12F27P001525;BRBMEFVD2W65;FINANCIAL;-;-;-;-;-;-;-;-;-;543,42;-;-;-;-;-;-;-
D12F27P001550;BRBMEFVD2W73;FINANCIAL;-;-;-;-;-;-;-;-;-;611,59;-;-;-;-;-;-;-
D12F27P001575;BRBMEFVD2W81;FINANCIAL;-;-;-;-;-;-;-;-;-;682,54;-;-;-;-;-;-;-
D12F27P001600;BRBMEFVD2W99;FINANCIAL;-;-;-;-;-;-;-;-;-;755,79;-;-;-;-;-;-;-
D12F27P001625;BRBMEFVD2WA0;FINANCIAL;-;-;-;-;-;-;-;-;-;831,05;-;-;-;-;-;-;-
D12F27P001650;BRBMEFVD2WB8;FINANCIAL;-;-;-;-;-;-;-;-;-;907,92;-;-;-;-;-;-;-
D12F27P001675;BRBMEFVD2WC6;FINANCIAL;-;-;-;-;-;-;-;-;-;986,3;-;-;-;-;-;-;-
D12F27P001700;BRBMEFVD2WD4;FINANCIAL;-;-;-;-;-;-;-;-;-;1066,06;-;-;-;-;-;-;-
D12F27P001725;BRBMEFVD2WE2;FINANCIAL;-;-;-;-;-;-;-;-;-;1146,89;-;-;-;-;-;-;-
D12F27P001750;BRBMEFVD2WF9;FINANCIAL;-;-;-;-;-;-;-;-;-;1228,61;-;-;-;-;-;-;-
D12F27P001775;BRBMEFVD2WG7;FINANCIAL;-;-;-;-;-;-;-;-;-;1311,08;-;-;-;-;-;-;-
D12F27P001800;BRBMEFVD2WH5;FINANCIAL;-;-;-;-;-;-;-;-;-;1394,24;-;-;-;-;-;-;-
D12N26C001200;BRBMEFCD2V17;FINANCIAL;-;-;-;-;-;-;-;-;-;860,86;-;-;-;-;-;-;-
D12N26C001225;BRBMEFCD2V25;FINANCIAL;-;-;-;-;-;-;-;-;-;754,96;-;-;-;-;-;-;-
D12N26C001250;BRBMEFCD2V33;FINANCIAL;-;-;-;-;-;-;-;-;-;649,41;-;-;-;-;-;-;-
D12N26C001275;BRBMEFCD2V41;FINANCIAL;-;-;-;-;-;-;-;-;-;544,22;-;-;-;-;-;-;-
D12N26C001300;BRBMEFCD2V58;FINANCIAL;-;-;-;-;-;-;-;-;-;439,37;-;-;-;-;-;-;-
D12N26C001325;BRBMEFCD2V66;FINANCIAL;-;-;-;-;-;-;-;-;-;334,87;-;-;-;-;-;-;-
D12N26C001350;BRBMEFCD2V74;FINANCIAL;-;-;-;-;-;-;-;-;-;230,78;-;-;-;-;-;-;-
D12N26C001375;BRBMEFCD2V82;FINANCIAL;-;-;-;-;-;-;-;-;-;129,17;-;-;-;-;-;-;-
D12N26C001400;BRBMEFCD2V90;FINANCIAL;-;-;-;-;-;-;-;-;-;46,66;-;-;-;-;-;-;-
D12N26C001425;BRBMEFCD2VA5;FINANCIAL;-;-;-;-;-;-;-;-;-;8,31;-;-;-;-;-;-;-
D12N26C001450;BRBMEFCD2VB3;FINANCIAL;-;-;-;-;-;-;-;-;-;0,64;-;-;-;-;-;-;-
D12N26C001475;BRBMEFCD2VC1;FINANCIAL;-;-;-;-;-;-;-;-;-;0,02;-;-;-;-;-;-;-
D12N26C001500;BRBMEFCD2VD9;FINANCIAL;-;-;-;-;-;-;-;-;-;0,01;-;-;-;-;-;-;-
D12N26C001525;BRBMEFCD2VE7;FINANCIAL;-;-;-;-;-;-;-;-;-;0,01;-;-;-;-;-;-;-
D12N26C001550;BRBMEFCD2VF4;FINANCIAL;-;-;-;-;-;-;-;-;-;0,01;-;-;-;-;-;-;-
D12N26C001575;BRBMEFCD2VG2;FINANCIAL;-;-;-;-;-;-;-;-;-;0,01;-;-;-;-;-;-;-
D12N26C001600;BRBMEFCD2VH0;FINANCIAL;-;-;-;-;-;-;-;-;-;0,01;-;-;-;-;-;-;-
D12N26P001200;BRBMEFVD2UN7;FINANCIAL;-;-;-;-;-;-;-;-;-;0,01;-;-;-;-;-;-;-
D12N26P001225;BRBMEFVD2UO5;FINANCIAL;-;-;-;-;-;-;-;-;-;0,01;-;-;-;-;-;-;-
D12N26P001250;BRBMEFVD2UP2;FINANCIAL;-;-;-;-;-;-;-;-;-;0,01;-;-;-;-;-;-;-
D12N26P001275;BRBMEFVD2UQ0;FINANCIAL;-;-;-;-;-;-;-;-;-;0,01;-;-;-;-;-;-;-
D12N26P001300;BRBMEFVD2UR8;FINANCIAL;-;-;-;-;-;-;-;-;-;0,01;-;-;-;-;-;-;-
D12N26P001325;BRBMEFVD2US6;FINANCIAL;-;-;-;-;-;-;-;-;-;0,01;-;-;-;-;-;-;-
D12N26P001350;BRBMEFVD2UT4;FINANCIAL;-;-;-;-;-;-;-;-;-;0,06;-;-;-;-;-;-;-
D12N26P001375;BRBMEFVD2UU2;FINANCIAL;-;-;-;-;-;-;-;-;-;2,26;-;-;-;-;-;-;-
D12N26P001400;BRBMEFVD2UV0;FINANCIAL;-;-;-;-;-;-;-;-;-;23,21;-;-;-;-;-;-;-
D12N26P001425;BRBMEFVD2UW8;FINANCIAL;-;-;-;-;-;-;-;-;-;87,98;-;-;-;-;-;-;-
D12N26P001450;BRBMEFVD2UX6;FINANCIAL;-;-;-;-;-;-;-;-;-;183,1;-;-;-;-;-;-;-
D12N26P001475;BRBMEFVD2UY4;FINANCIAL;-;-;-;-;-;-;-;-;-;284,93;-;-;-;-;-;-;-
D12N26P001500;BRBMEFVD2UZ1;FINANCIAL;-;-;-;-;-;-;-;-;-;387,02;-;-;-;-;-;-;-
D12N26P001525;BRBMEFVD2V09;FINANCIAL;-;-;-;-;-;-;-;-;-;488,8;-;-;-;-;-;-;-
D12N26P001550;BRBMEFVD2V17;FINANCIAL;-;-;-;-;-;-;-;-;-;590,25;-;-;-;-;-;-;-
D12N26P001575;BRBMEFVD2V25;FINANCIAL;-;-;-;-;-;-;-;-;-;691,37;-;-;-;-;-;-;-
D12N26P001600;BRBMEFVD2V33;FINANCIAL;-;-;-;-;-;-;-;-;-;792,16;-;-;-;-;-;-;-
D12V26C001200;BRBMEFCD2VI8;FINANCIAL;-;-;-;-;-;-;-;-;-;863,57;-;-;-;-;-;-;-
D12V26C001225;BRBMEFCD2VJ6;FINANCIAL;-;-;-;-;-;-;-;-;-;768,36;-;-;-;-;-;-;-
D12V26C001250;BRBMEFCD2VK4;FINANCIAL;-;-;-;-;-;-;-;-;-;675,21;-;-;-;-;-;-;-
D12V26C001275;BRBMEFCD2VL2;FINANCIAL;-;-;-;-;-;-;-;-;-;584,76;-;-;-;-;-;-;-
D12V26C001300;BRBMEFCD2VM0;FINANCIAL;-;-;-;-;-;-;-;-;-;499,03;-;-;-;-;-;-;-
D12V26C001325;BRBMEFCD2VN8;FINANCIAL;-;-;-;-;-;-;-;-;-;418,89;-;-;-;-;-;-;-
D12V26C001350;BRBMEFCD2VO6;FINANCIAL;-;-;-;-;-;-;-;-;-;345,13;-;-;-;-;-;-;-
D12V26C001375;BRBMEFCD2VP3;FINANCIAL;-;-;-;-;-;-;-;-;-;279,96;-;-;-;-;-;-;-
D12V26C001400;BRBMEFCD2VQ1;FINANCIAL;-;-;-;-;-;-;-;-;-;223,41;-;-;-;-;-;-;-
D12V26C001425;BRBMEFCD2VR9;FINANCIAL;-;-;-;-;-;-;-;-;-;175,53;-;-;-;-;-;-;-
D12V26C001450;BRBMEFCD2VS7;FINANCIAL;-;-;-;-;-;-;-;-;-;136,62;-;-;-;-;-;-;-
D12V26C001475;BRBMEFCD2VT5;FINANCIAL;-;-;-;-;-;-;-;-;-;105,23;-;-;-;-;-;-;-
D12V26C001500;BRBMEFCD2VU3;FINANCIAL;-;-;-;-;-;-;-;-;-;80,71;-;-;-;-;-;-;-
D12V26C001525;BRBMEFCD2VV1;FINANCIAL;-;-;-;-;-;-;-;-;-;61,57;-;-;-;-;-;-;-
D12V26C001550;BRBMEFCD2VW9;FINANCIAL;-;-;-;-;-;-;-;-;-;46,89;-;-;-;-;-;-;-
D12V26C001575;BRBMEFCD2VX7;FINANCIAL;-;-;-;-;-;-;-;-;-;35,62;-;-;-;-;-;-;-
D12V26C001600;BRBMEFCD2VY5;FINANCIAL;-;-;-;-;-;-;-;-;-;27,07;-;-;-;-;-;-;-
D12V26P001200;BRBMEFVD2V41;FINANCIAL;-;-;-;-;-;-;-;-;-;4,83;-;-;-;-;-;-;-
D12V26P001225;BRBMEFVD2V58;FINANCIAL;-;-;-;-;-;-;-;-;-;8,19;-;-;-;-;-;-;-
D12V26P001250;BRBMEFVD2V66;FINANCIAL;-;-;-;-;-;-;-;-;-;13,28;-;-;-;-;-;-;-
D12V26P001275;BRBMEFVD2V74;FINANCIAL;-;-;-;-;-;-;-;-;-;20,75;-;-;-;-;-;-;-
D12V26P001300;BRBMEFVD2V82;FINANCIAL;-;-;-;-;-;-;-;-;-;32,61;-;-;-;-;-;-;-
D12V26P001325;BRBMEFVD2V90;FINANCIAL;-;-;-;-;-;-;-;-;-;49,74;-;-;-;-;-;-;-
D12V26P001350;BRBMEFVD2VA2;FINANCIAL;-;-;-;-;-;-;-;-;-;72,95;-;-;-;-;-;-;-
D12V26P001375;BRBMEFVD2VB0;FINANCIAL;-;-;-;-;-;-;-;-;-;104,42;-;-;-;-;-;-;-
D12V26P001400;BRBMEFVD2VC8;FINANCIAL;-;-;-;-;-;-;-;-;-;144,19;-;-;-;-;-;-;-
D12V26P001425;BRBMEFVD2VD6;FINANCIAL;-;-;-;-;-;-;-;-;-;192,33;-;-;-;-;-;-;-
D12V26P001450;BRBMEFVD2VE4;FINANCIAL;-;-;-;-;-;-;-;-;-;249,11;-;-;-;-;-;-;-
D12V26P001475;BRBMEFVD2VF1;FINANCIAL;-;-;-;-;-;-;-;-;-;313,12;-;-;-;-;-;-;-
D12V26P001500;BRBMEFVD2VG9;FINANCIAL;-;-;-;-;-;-;-;-;-;383,68;-;-;-;-;-;-;-
D12V26P001525;BRBMEFVD2VH7;FINANCIAL;-;-;-;-;-;-;-;-;-;459,32;-;-;-;-;-;-;-
D12V26P001550;BRBMEFVD2VI5;FINANCIAL;-;-;-;-;-;-;-;-;-;539,11;-;-;-;-;-;-;-
D12V26P001575;BRBMEFVD2VJ3;FINANCIAL;-;-;-;-;-;-;-;-;-;622,01;-;-;-;-;-;-;-
D12V26P001600;BRBMEFVD2VK1;FINANCIAL;-;-;-;-;-;-;-;-;-;707,34;-;-;-;-;-;-;-
D13N26C001200;BRBMEFD30158;FINANCIAL;-;-;-;-;-;-;-;-;-;1694,25;-;-;-;-;-;-;-
D13N26C001225;BRBMEFD30166;FINANCIAL;-;-;-;-;-;-;-;-;-;1497,11;-;-;-;-;-;-;-
D13N26C001250;BRBMEFD30174;FINANCIAL;-;-;-;-;-;-;-;-;-;1300,83;-;-;-;-;-;-;-
D13N26C001275;BRBMEFD30182;FINANCIAL;-;-;-;-;-;-;-;-;-;1105,43;-;-;-;-;-;-;-
D13N26C001300;BRBMEFD30190;FINANCIAL;-;-;-;-;-;-;-;-;-;910,89;-;-;-;-;-;-;-
D13N26C001325;BRBMEFD301A0;FINANCIAL;-;-;-;-;-;-;-;-;-;717,2;-;-;-;-;-;-;-
D13N26C001350;BRBMEFD301B8;FINANCIAL;-;-;-;-;-;-;-;-;-;524,36;-;-;-;-;-;-;-
D13N26C001375;BRBMEFD301C6;FINANCIAL;-;-;-;-;-;-;-;-;-;332,8;-;-;-;-;-;-;-
D13N26C001400;BRBMEFD301D4;FINANCIAL;-;-;-;-;-;-;-;-;-;153,11;-;-;-;-;-;-;-
D13N26C001425;BRBMEFD301E2;FINANCIAL;-;-;-;-;-;-;-;-;-;37,68;-;-;-;-;-;-;-
D13N26C001450;BRBMEFD301F9;FINANCIAL;-;-;-;-;-;-;-;-;-;4,17;-;-;-;-;-;-;-
D13N26C001475;BRBMEFD301G7;FINANCIAL;-;-;-;-;-;-;-;-;-;0,17;-;-;-;-;-;-;-
D13N26C001500;BRBMEFD301H5;FINANCIAL;-;-;-;-;-;-;-;-;-;0,01;-;-;-;-;-;-;-
D13N26C001525;BRBMEFD301I3;FINANCIAL;-;-;-;-;-;-;-;-;-;0,01;-;-;-;-;-;-;-
D13N26C001550;BRBMEFD301J1;FINANCIAL;-;-;-;-;-;-;-;-;-;0,01;-;-;-;-;-;-;-
D13N26C001575;BRBMEFD301K9;FINANCIAL;-;-;-;-;-;-;-;-;-;0,01;-;-;-;-;-;-;-
D13N26C001600;BRBMEFD301L7;FINANCIAL;-;-;-;-;-;-;-;-;-;0,01;-;-;-;-;-;-;-
D13N26P001200;BRBMEFP300L5;FINANCIAL;-;-;-;-;-;-;-;-;-;0,01;-;-;-;-;-;-;-
D13N26P001225;BRBMEFP300M3;FINANCIAL;-;-;-;-;-;-;-;-;-;0,01;-;-;-;-;-;-;-
D13N26P001250;BRBMEFP300N1;FINANCIAL;-;-;-;-;-;-;-;-;-;0,01;-;-;-;-;-;-;-
D13N26P001275;BRBMEFP300O9;FINANCIAL;-;-;-;-;-;-;-;-;-;0,01;-;-;-;-;-;-;-
D13N26P001300;BRBMEFP300P6;FINANCIAL;-;-;-;-;-;-;-;-;-;0,01;-;-;-;-;-;-;-
D13N26P001325;BRBMEFP300Q4;FINANCIAL;-;-;-;-;-;-;-;-;-;0,01;-;-;-;-;-;-;-
D13N26P001350;BRBMEFP300R2;FINANCIAL;-;-;-;-;-;-;-;-;-;0,01;-;-;-;-;-;-;-
D13N26P001375;BRBMEFP300S0;FINANCIAL;-;-;-;-;-;-;-;-;-;0,44;-;-;-;-;-;-;-
D13N26P001400;BRBMEFP300T8;FINANCIAL;-;-;-;-;-;-;-;-;-;11,9;-;-;-;-;-;-;-
D13N26P001425;BRBMEFP300U6;FINANCIAL;-;-;-;-;-;-;-;-;-;86,8;-;-;-;-;-;-;-
D13N26P001450;BRBMEFP300V4;FINANCIAL;-;-;-;-;-;-;-;-;-;242,78;-;-;-;-;-;-;-
D13N26P001475;BRBMEFP300W2;FINANCIAL;-;-;-;-;-;-;-;-;-;427,45;-;-;-;-;-;-;-
D13N26P001500;BRBMEFP300X0;FINANCIAL;-;-;-;-;-;-;-;-;-;615,14;-;-;-;-;-;-;-
D13N26P001525;BRBMEFP300Y8;FINANCIAL;-;-;-;-;-;-;-;-;-;802,18;-;-;-;-;-;-;-
D13N26P001550;BRBMEFP300Z5;FINANCIAL;-;-;-;-;-;-;-;-;-;988,41;-;-;-;-;-;-;-
D13N26P001575;BRBMEFP30103;FINANCIAL;-;-;-;-;-;-;-;-;-;1173,85;-;-;-;-;-;-;-
D13N26P001600;BRBMEFP30111;FINANCIAL;-;-;-;-;-;-;-;-;-;1358,49;-;-;-;-;-;-;-
IDIG27P558600;BRBMEFVIG9E1;FINANCIAL;-;-;-;-;-;-;-;-;-;1420,2;-;-;-;-;-;-;-
IDIG27P558700;BRBMEFVIG9F8;FINANCIAL;-;-;-;-;-;-;-;-;-;1503,14;-;-;-;-;-;-;-
IDIG27P558800;BRBMEFVIG9G6;FINANCIAL;-;-;-;-;-;-;-;-;-;1587,15;-;-;-;-;-;-;-
IDIG27P558900;BRBMEFVIG9H4;FINANCIAL;-;-;-;-;-;-;-;-;-;1672;-;-;-;-;-;-;-
IDIG27P559000;BRBMEFVIG9I2;FINANCIAL;-;-;-;-;-;-;-;-;-;1757,29;-;-;-;-;-;-;-
IDIG27P559100;BRBMEFVIG9J0;FINANCIAL;-;-;-;-;-;-;-;-;-;1843,97;-;-;-;-;-;-;-
IDIG27P559200;BRBMEFVIG9K8;FINANCIAL;-;-;-;-;-;-;-;-;-;1930,97;-;-;-;-;-;-;-
IDIG27P559300;BRBMEFVIG9L6;FINANCIAL;-;-;-;-;-;-;-;-;-;2018,35;-;-;-;-;-;-;-
IDIG27P559400;BRBMEFVIG9M4;FINANCIAL;-;-;-;-;-;-;-;-;-;2105,87;-;-;-;-;-;-;-
IDIG27P559500;BRBMEFVIG9N2;FINANCIAL;-;-;-;-;-;-;-;-;-;2193,93;-;-;-;-;-;-;-
IDIH27C563100;BRBMEFCIH8T3;FINANCIAL;-;-;-;-;-;-;-;-;-;537,38;-;-;-;-;-;-;-
IDIH27C563200;BRBMEFCIH8U1;FINANCIAL;-;-;-;-;-;-;-;-;-;510,29;-;-;-;-;-;-;-
IDIH27C563300;BRBMEFCIH8V9;FINANCIAL;-;-;-;-;-;-;-;-;-;489,77;-;-;-;-;-;-;-
IDIH27C563400;BRBMEFCIH8W7;FINANCIAL;-;-;-;-;-;-;-;-;-;471,24;-;-;-;-;-;-;-
IDIH27C563500;BRBMEFCIH8X5;FINANCIAL;-;-;-;-;-;-;-;-;-;447,2;-;-;-;-;-;-;-
IDIH27C563600;BRBMEFCIH8Y3;FINANCIAL;-;-;-;-;-;-;-;-;-;427,44;-;-;-;-;-;-;-
IDIH27C563700;BRBMEFCIH8Z0;FINANCIAL;-;-;-;-;-;-;-;-;-;409,9;-;-;-;-;-;-;-
IDIH27C563800;BRBMEFCIH902;FINANCIAL;-;-;-;-;-;-;-;-;-;392,83;-;-;-;-;-;-;-
IDIH27C563900;BRBMEFCIH910;FINANCIAL;-;-;-;-;-;-;-;-;-;377,63;-;-;-;-;-;-;-
IDIH27C564000;BRBMEFCIH928;FINANCIAL;-;-;-;-;-;-;-;-;-;364,48;-;-;-;-;-;-;-
IDIH27C564100;BRBMEFCIH936;FINANCIAL;-;-;-;-;-;-;-;-;-;351,01;-;-;-;-;-;-;-
IDIH27C564200;BRBMEFCIH944;FINANCIAL;-;-;-;-;-;-;-;-;-;339;-;-;-;-;-;-;-
IDIH27C564300;BRBMEFCIH951;FINANCIAL;-;-;-;-;-;-;-;-;-;328,37;-;-;-;-;-;-;-
IDIH27C564400;BRBMEFCIH969;FINANCIAL;-;-;-;-;-;-;-;-;-;318,76;-;-;-;-;-;-;-
IDIH27C564500;BRBMEFCIH977;FINANCIAL;-;-;-;-;-;-;-;-;-;309,58;-;-;-;-;-;-;-
IDIH27C564600;BRBMEFCIH985;FINANCIAL;-;-;-;-;-;-;-;-;-;300,54;-;-;-;-;-;-;-
IDIH27C564700;BRBMEFCIH993;FINANCIAL;-;-;-;-;-;-;-;-;-;292,26;-;-;-;-;-;-;-
IDIH27C564800;BRBMEFCIH9A1;FINANCIAL;-;-;-;-;-;-;-;-;-;284,81;-;-;-;-;-;-;-
IDIH27C564900;BRBMEFCIH9B9;FINANCIAL;-;-;-;-;-;-;-;-;-;278,12;-;-;-;-;-;-;-
IDIH27C565000;BRBMEFCIH9C7;FINANCIAL;-;-;-;-;-;-;-;-;-;272,05;-;-;-;-;-;-;-
IDIH27P563100;BRBMEFVIH8T0;FINANCIAL;-;-;-;-;-;-;-;-;-;878,37;-;-;-;-;-;-;-
IDIH27P563200;BRBMEFVIH8U8;FINANCIAL;-;-;-;-;-;-;-;-;-;942,85;-;-;-;-;-;-;-
IDIH27P563300;BRBMEFVIH8V6;FINANCIAL;-;-;-;-;-;-;-;-;-;1013,89;-;-;-;-;-;-;-
IDIH27P563400;BRBMEFVIH8W4;FINANCIAL;-;-;-;-;-;-;-;-;-;1086,93;-;-;-;-;-;-;-
IDIH27P563500;BRBMEFVIH8X2;FINANCIAL;-;-;-;-;-;-;-;-;-;1154,46;-;-;-;-;-;-;-
IDIH27P563600;BRBMEFVIH8Y0;FINANCIAL;-;-;-;-;-;-;-;-;-;1226,26;-;-;-;-;-;-;-
IDIH27P563700;BRBMEFVIH8Z7;FINANCIAL;-;-;-;-;-;-;-;-;-;1300,29;-;-;-;-;-;-;-
IDIH27P563800;BRBMEFVIH902;FINANCIAL;-;-;-;-;-;-;-;-;-;1374,79;-;-;-;-;-;-;-
IDIH27P563900;BRBMEFVIH910;FINANCIAL;-;-;-;-;-;-;-;-;-;1451,16;-;-;-;-;-;-;-
IDIH27P564000;BRBMEFVIH928;FINANCIAL;-;-;-;-;-;-;-;-;-;1529,58;-;-;-;-;-;-;-
IDIH27P564100;BRBMEFVIH936;FINANCIAL;-;-;-;-;-;-;-;-;-;1607,67;-;-;-;-;-;-;-
IDIH27P564200;BRBMEFVIH944;FINANCIAL;-;-;-;-;-;-;-;-;-;1687,23;-;-;-;-;-;-;-
IDIH27P564300;BRBMEFVIH951;FINANCIAL;-;-;-;-;-;-;-;-;-;1768,17;-;-;-;-;-;-;-
IDIH27P564400;BRBMEFVIH969;FINANCIAL;-;-;-;-;-;-;-;-;-;1850,12;-;-;-;-;-;-;-
IDIH27P564500;BRBMEFVIH977;FINANCIAL;-;-;-;-;-;-;-;-;-;1932,51;-;-;-;-;-;-;-
IDIH27P564600;BRBMEFVIH985;FINANCIAL;-;-;-;-;-;-;-;-;-;2015,04;-;-;-;-;-;-;-
IDIH27P564700;BRBMEFVIH993;FINANCIAL;-;-;-;-;-;-;-;-;-;2098,33;-;-;-;-;-;-;-
IDIH27P564800;BRBMEFVIH9A8;FINANCIAL;-;-;-;-;-;-;-;-;-;2182,44;-;-;-;-;-;-;-
IDIH27P564900;BRBMEFVIH9B6;FINANCIAL;-;-;-;-;-;-;-;-;-;2267,32;-;-;-;-;-;-;-
IDIH27P565000;BRBMEFVIH9C4;FINANCIAL;-;-;-;-;-;-;-;-;-;2352,82;-;-;-;-;-;-;-
IDIJ27C575100;BRBMEFCIJV36;FINANCIAL;-;-;-;-;-;-;-;-;-;227,61;-;-;-;-;-;-;-
IDIJ27C575200;BRBMEFCIJV44;FINANCIAL;-;-;-;-;-;-;-;-;-;224,5;-;-;-;-;-;-;-
IDIJ27C575300;BRBMEFCIJV51;FINANCIAL;-;-;-;-;-;-;-;-;-;221,41;-;-;-;-;-;-;-
IDIJ27C575400;BRBMEFCIJV69;FINANCIAL;-;-;-;-;-;-;-;-;-;218,41;-;-;-;-;-;-;-
IDIJ27C575500;BRBMEFCIJV77;FINANCIAL;-;-;-;-;-;-;-;-;-;215,33;-;-;-;-;-;-;-
IDIJ27C575600;BRBMEFCIJV85;FINANCIAL;-;-;-;-;-;-;-;-;-;212,34;-;-;-;-;-;-;-
IDIJ27C575700;BRBMEFCIJV93;FINANCIAL;-;-;-;-;-;-;-;-;-;209,44;-;-;-;-;-;-;-
IDIJ27C575800;BRBMEFCIJVA1;FINANCIAL;-;-;-;-;-;-;-;-;-;206,61;-;-;-;-;-;-;-
IDIJ27C575900;BRBMEFCIJVB9;FINANCIAL;-;-;-;-;-;-;-;-;-;203,79;-;-;-;-;-;-;-
IDIJ27C576000;BRBMEFCIJVC7;FINANCIAL;-;-;-;-;-;-;-;-;-;201,05;-;-;-;-;-;-;-
IDIJ27C576100;BRBMEFCIJVD5;FINANCIAL;-;-;-;-;-;-;-;-;-;198,31;-;-;-;-;-;-;-
IDIJ27C576200;BRBMEFCIJVE3;FINANCIAL;-;-;-;-;-;-;-;-;-;195,56;-;-;-;-;-;-;-
IDIJ27C576300;BRBMEFCIJVF0;FINANCIAL;-;-;-;-;-;-;-;-;-;192,82;-;-;-;-;-;-;-
IDIJ27C576400;BRBMEFCIJVG8;FINANCIAL;-;-;-;-;-;-;-;-;-;190,16;-;-;-;-;-;-;-
IDIJ27C576500;BRBMEFCIJVH6;FINANCIAL;-;-;-;-;-;-;-;-;-;187,42;-;-;-;-;-;-;-
IDIJ27C576600;BRBMEFCIJVI4;FINANCIAL;-;-;-;-;-;-;-;-;-;184,68;-;-;-;-;-;-;-
IDIJ27C576700;BRBMEFCIJVJ2;FINANCIAL;-;-;-;-;-;-;-;-;-;182,02;-;-;-;-;-;-;-
IDIJ27C576800;BRBMEFCIJVK0;FINANCIAL;-;-;-;-;-;-;-;-;-;179,42;-;-;-;-;-;-;-
IDIJ27C576900;BRBMEFCIJVL8;FINANCIAL;-;-;-;-;-;-;-;-;-;176,89;-;-;-;-;-;-;-
IDIJ27C577000;BRBMEFCIJVM6;FINANCIAL;-;-;-;-;-;-;-;-;-;174,36;-;-;-;-;-;-;-
IDIJ27P575100;BRBMEFVIJV33;FINANCIAL;-;-;-;-;-;-;-;-;-;5434,07;-;-;-;-;-;-;-
IDIJ27P575200;BRBMEFVIJV41;FINANCIAL;-;-;-;-;-;-;-;-;-;5521,47;-;-;-;-;-;-;-
IDIJ27P575300;BRBMEFVIJV58;FINANCIAL;-;-;-;-;-;-;-;-;-;5608,88;-;-;-;-;-;-;-
IDIJ27P575400;BRBMEFVIJV66;FINANCIAL;-;-;-;-;-;-;-;-;-;5696,38;-;-;-;-;-;-;-
IDIJ27P575500;BRBMEFVIJV74;FINANCIAL;-;-;-;-;-;-;-;-;-;5783,8;-;-;-;-;-;-;-
IDIJ27P575600;BRBMEFVIJV82;FINANCIAL;-;-;-;-;-;-;-;-;-;5871,32;-;-;-;-;-;-;-
IDIJ27P575700;BRBMEFVIJV90;FINANCIAL;-;-;-;-;-;-;-;-;-;5958,91;-;-;-;-;-;-;-
IDIJ27P575800;BRBMEFVIJVA1;FINANCIAL;-;-;-;-;-;-;-;-;-;6046,59;-;-;-;-;-;-;-
IDIJ27P575900;BRBMEFVIJVB9;FINANCIAL;-;-;-;-;-;-;-;-;-;6134,28;-;-;-;-;-;-;-
IDIJ27P576000;BRBMEFVIJVC7;FINANCIAL;-;-;-;-;-;-;-;-;-;6222,04;-;-;-;-;-;-;-
IDIJ27P576100;BRBMEFVIJVD5;FINANCIAL;-;-;-;-;-;-;-;-;-;6309,8;-;-;-;-;-;-;-
IDIJ27P576200;BRBMEFVIJVE3;FINANCIAL;-;-;-;-;-;-;-;-;-;6397,56;-;-;-;-;-;-;-
IDIJ27P576300;BRBMEFVIJVF0;FINANCIAL;-;-;-;-;-;-;-;-;-;6485,32;-;-;-;-;-;-;-
IDIJ27P576400;BRBMEFVIJVG8;FINANCIAL;-;-;-;-;-;-;-;-;-;6573,15;-;-;-;-;-;-;-
IDIJ27P576500;BRBMEFVIJVH6;FINANCIAL;-;-;-;-;-;-;-;-;-;6660,92;-;-;-;-;-;-;-
IDIJ27P576600;BRBMEFVIJVI4;FINANCIAL;-;-;-;-;-;-;-;-;-;6748,69;-;-;-;-;-;-;-
IDIJ27P576700;BRBMEFVIJVJ2;FINANCIAL;-;-;-;-;-;-;-;-;-;6836,52;-;-;-;-;-;-;-
IDIJ27P576800;BRBMEFVIJVK0;FINANCIAL;-;-;-;-;-;-;-;-;-;6924,43;-;-;-;-;-;-;-
IDIJ27P576900;BRBMEFVIJVL8;FINANCIAL;-;-;-;-;-;-;-;-;-;7012,4;-;-;-;-;-;-;-
IDIJ27P577000;BRBMEFVIJVM6;FINANCIAL;-;-;-;-;-;-;-;-;-;7100,38;-;-;-;-;-;-;-
IDIQ26C523300;BRBMEFCIQ8I5;FINANCIAL;-;-;-;-;-;-;-;-;-;0,01;-;-;-;-;-;-;-
IDIQ26C523400;BRBMEFCIQ8J3;FINANCIAL;-;-;-;-;-;-;-;-;-;0,01;-;-;-;-;-;-;-
IDIQ26C523500;BRBMEFCIQ8K1;FINANCIAL;-;-;-;-;-;-;-;-;-;0,01;-;-;-;-;-;-;-
IDIQ26C523600;BRBMEFCIQ8L9;FINANCIAL;-;-;-;-;-;-;-;-;-;0,01;-;-;-;-;-;-;-
IDIQ26C523700;BRBMEFCIQ8M7;FINANCIAL;-;-;-;-;-;-;-;-;-;0,01;-;-;-;-;-;-;-
IDIQ26C523800;BRBMEFCIQ8N5;FINANCIAL;-;-;-;-;-;-;-;-;-;0,01;-;-;-;-;-;-;-
IDIQ26C523900;BRBMEFCIQ8O3;FINANCIAL;-;-;-;-;-;-;-;-;-;0,01;-;-;-;-;-;-;-
IDIQ26C524000;BRBMEFCIQ8P0;FINANCIAL;-;-;-;-;-;-;-;-;-;0,01;-;-;-;-;-;-;-
IDIQ26C524100;BRBMEFCIQ8Q8;FINANCIAL;-;-;-;-;-;-;-;-;-;0,01;-;-;-;-;-;-;-
IDIQ26C524200;BRBMEFCIQ8R6;FINANCIAL;-;-;-;-;-;-;-;-;-;0,01;-;-;-;-;-;-;-
IDIQ26C524300;BRBMEFCIQ8S4;FINANCIAL;-;-;-;-;-;-;-;-;-;0,01;-;-;-;-;-;-;-
IDIQ26C524400;BRBMEFCIQ8T2;FINANCIAL;-;-;-;-;-;-;-;-;-;0,01;-;-;-;-;-;-;-
IDIQ26C524500;BRBMEFCIQ8U0;FINANCIAL;-;-;-;-;-;-;-;-;-;0,01;-;-;-;-;-;-;-
IDIQ26P523300;BRBMEFVIQ8I2;FINANCIAL;-;-;-;-;-;-;-;-;-;926,53;-;-;-;-;-;-;-
IDIQ26P523400;BRBMEFVIQ8J0;FINANCIAL;-;-;-;-;-;-;-;-;-;1025,17;-;-;-;-;-;-;-
IDIQ26P523500;BRBMEFVIQ8K8;FINANCIAL;-;-;-;-;-;-;-;-;-;1123,81;-;-;-;-;-;-;-
IDIQ26P523600;BRBMEFVIQ8L6;FINANCIAL;-;-;-;-;-;-;-;-;-;1222,46;-;-;-;-;-;-;-
IDIQ26P523700;BRBMEFVIQ8M4;FINANCIAL;-;-;-;-;-;-;-;-;-;1321,1;-;-;-;-;-;-;-
IDIQ26P523800;BRBMEFVIQ8N2;FINANCIAL;-;-;-;-;-;-;-;-;-;1419,74;-;-;-;-;-;-;-
IDIQ26P523900;BRBMEFVIQ8O0;FINANCIAL;-;-;-;-;-;-;-;-;-;1518,39;-;-;-;-;-;-;-
IDIQ26P524000;BRBMEFVIQ8P7;FINANCIAL;-;-;-;-;-;-;-;-;-;1617,03;-;-;-;-;-;-;-
IDIQ26P524100;BRBMEFVIQ8Q5;FINANCIAL;-;-;-;-;-;-;-;-;-;1715,67;-;-;-;-;-;-;-
IDIQ26P524200;BRBMEFVIQ8R3;FINANCIAL;-;-;-;-;-;-;-;-;-;1814,32;-;-;-;-;-;-;-
IDIQ26P524300;BRBMEFVIQ8S1;FINANCIAL;-;-;-;-;-;-;-;-;-;1912,96;-;-;-;-;-;-;-
IDIQ26P524400;BRBMEFVIQ8T9;FINANCIAL;-;-;-;-;-;-;-;-;-;2011,6;-;-;-;-;-;-;-
IDIQ26P524500;BRBMEFVIQ8U7;FINANCIAL;-;-;-;-;-;-;-;-;-;2110,25;-;-;-;-;-;-;-
IDIU26C528800;BRBMEFCIU9D8;FINANCIAL;-;-;-;-;-;-;-;-;-;0,01;-;-;-;-;-;-;-
IDIU26C528900;BRBMEFCIU9E6;FINANCIAL;-;-;-;-;-;-;-;-;-;0,01;-;-;-;-;-;-;-
IDIU26C529000;BRBMEFCIU9F3;FINANCIAL;-;-;-;-;-;-;-;-;-;0,01;-;-;-;-;-;-;-
IDIU26C529100;BRBMEFCIU9G1;FINANCIAL;-;-;-;-;-;-;-;-;-;0,01;-;-;-;-;-;-;-
IDIU26C529200;BRBMEFCIU9H9;FINANCIAL;-;-;-;-;-;-;-;-;-;0,01;-;-;-;-;-;-;-
IDIU26C529300;BRBMEFCIU9I7;FINANCIAL;-;-;-;-;-;-;-;-;-;0,01;-;-;-;-;-;-;-
IDIU26C529400;BRBMEFCIU9J5;FINANCIAL;-;-;-;-;-;-;-;-;-;0,01;-;-;-;-;-;-;-
IDIU26C529500;BRBMEFCIU9K3;FINANCIAL;-;-;-;-;-;-;-;-;-;0,01;-;-;-;-;-;-;-
IDIU26C529600;BRBMEFCIU9L1;FINANCIAL;-;-;-;-;-;-;-;-;-;0,01;-;-;-;-;-;-;-
IDIU26C529700;BRBMEFCIU9M9;FINANCIAL;-;-;-;-;-;-;-;-;-;0,01;-;-;-;-;-;-;-
IDIU26C529800;BRBMEFCIU9N7;FINANCIAL;-;-;-;-;-;-;-;-;-;0,01;-;-;-;-;-;-;-
IDIU26C529900;BRBMEFCIU9O5;FINANCIAL;-;-;-;-;-;-;-;-;-;0,01;-;-;-;-;-;-;-
IDIU26C530000;BRBMEFCIU9P2;FINANCIAL;-;-;-;-;-;-;-;-;-;0,01;-;-;-;-;-;-;-
IDIU26P528800;BRBMEFVIU9D5;FINANCIAL;-;-;-;-;-;-;-;-;-;683,55;-;-;-;-;-;-;-
IDIU26P528900;BRBMEFVIU9E3;FINANCIAL;-;-;-;-;-;-;-;-;-;781,12;-;-;-;-;-;-;-
IDIU26P529000;BRBMEFVIU9F0;FINANCIAL;-;-;-;-;-;-;-;-;-;878,69;-;-;-;-;-;-;-
IDIU26P529100;BRBMEFVIU9G8;FINANCIAL;-;-;-;-;-;-;-;-;-;976,26;-;-;-;-;-;-;-
IDIU26P529200;BRBMEFVIU9H6;FINANCIAL;-;-;-;-;-;-;-;-;-;1073,83;-;-;-;-;-;-;-
IDIU26P529300;BRBMEFVIU9I4;FINANCIAL;-;-;-;-;-;-;-;-;-;1171,4;-;-;-;-;-;-;-
IDIU26P529400;BRBMEFVIU9J2;FINANCIAL;-;-;-;-;-;-;-;-;-;1268,98;-;-;-;-;-;-;-
IDIU26P529500;BRBMEFVIU9K0;FINANCIAL;-;-;-;-;-;-;-;-;-;1366,55;-;-;-;-;-;-;-
IDIU26P529600;BRBMEFVIU9L8;FINANCIAL;-;-;-;-;-;-;-;-;-;1464,12;-;-;-;-;-;-;-
IDIU26P529700;BRBMEFVIU9M6;FINANCIAL;-;-;-;-;-;-;-;-;-;1561,69;-;-;-;-;-;-;-
IDIU26P529800;BRBMEFVIU9N4;FINANCIAL;-;-;-;-;-;-;-;-;-;1659,26;-;-;-;-;-;-;-
IDIU26P529900;BRBMEFVIU9O2;FINANCIAL;-;-;-;-;-;-;-;-;-;1756,83;-;-;-;-;-;-;-
IDIU26P530000;BRBMEFVIU9P9;FINANCIAL;-;-;-;-;-;-;-;-;-;1854,4;-;-;-;-;-;-;-
IDIZ26C546000;BRBMEFCIZA80;FINANCIAL;-;-;-;-;-;-;-;-;-;96,8;-;-;-;-;-;-;-
IDIZ26C546100;BRBMEFCIZA98;FINANCIAL;-;-;-;-;-;-;-;-;-;93,08;-;-;-;-;-;-;-
IDIZ26C546200;BRBMEFCIZAA1;FINANCIAL;-;-;-;-;-;-;-;-;-;90,19;-;-;-;-;-;-;-
IDIZ26C546300;BRBMEFCIZAB9;FINANCIAL;-;-;-;-;-;-;-;-;-;87,83;-;-;-;-;-;-;-
IDIZ26C546400;BRBMEFCIZAC7;FINANCIAL;-;-;-;-;-;-;-;-;-;85,61;-;-;-;-;-;-;-
IDIZ26C546500;BRBMEFCIZAD5;FINANCIAL;-;-;-;-;-;-;-;-;-;83,27;-;-;-;-;-;-;-
IDIZ26C546600;BRBMEFCIZAE3;FINANCIAL;-;-;-;-;-;-;-;-;-;81,09;-;-;-;-;-;-;-
IDIZ26C546700;BRBMEFCIZAF0;FINANCIAL;-;-;-;-;-;-;-;-;-;78,84;-;-;-;-;-;-;-
IDIZ26C546800;BRBMEFCIZAG8;FINANCIAL;-;-;-;-;-;-;-;-;-;76,52;-;-;-;-;-;-;-
IDIZ26C546900;BRBMEFCIZAH6;FINANCIAL;-;-;-;-;-;-;-;-;-;74,12;-;-;-;-;-;-;-
IDIZ26C547000;BRBMEFCIZAI4;FINANCIAL;-;-;-;-;-;-;-;-;-;71,96;-;-;-;-;-;-;-
IDIZ26C547100;BRBMEFCIZAJ2;FINANCIAL;-;-;-;-;-;-;-;-;-;69,77;-;-;-;-;-;-;-
IDIZ26C547200;BRBMEFCIZAK0;FINANCIAL;-;-;-;-;-;-;-;-;-;67,55;-;-;-;-;-;-;-
IDIZ26P546000;BRBMEFVIZA87;FINANCIAL;-;-;-;-;-;-;-;-;-;938;-;-;-;-;-;-;-
IDIZ26P546100;BRBMEFVIZA95;FINANCIAL;-;-;-;-;-;-;-;-;-;1028,82;-;-;-;-;-;-;-
IDIZ26P546200;BRBMEFVIZAA1;FINANCIAL;-;-;-;-;-;-;-;-;-;1120,45;-;-;-;-;-;-;-
IDIZ26P546300;BRBMEFVIZAB9;FINANCIAL;-;-;-;-;-;-;-;-;-;1212,62;-;-;-;-;-;-;-
IDIZ26P546400;BRBMEFVIZAC7;FINANCIAL;-;-;-;-;-;-;-;-;-;1304,92;-;-;-;-;-;-;-
IDIZ26P546500;BRBMEFVIZAD5;FINANCIAL;-;-;-;-;-;-;-;-;-;1397,11;-;-;-;-;-;-;-
IDIZ26P546600;BRBMEFVIZAE3;FINANCIAL;-;-;-;-;-;-;-;-;-;1489,46;-;-;-;-;-;-;-
IDIZ26P546700;BRBMEFVIZAF0;FINANCIAL;-;-;-;-;-;-;-;-;-;1581,73;-;-;-;-;-;-;-
IDIZ26P546800;BRBMEFVIZAG8;FINANCIAL;-;-;-;-;-;-;-;-;-;1673,94;-;-;-;-;-;-;-
IDIZ26P546900;BRBMEFVIZAH6;FINANCIAL;-;-;-;-;-;-;-;-;-;1766,07;-;-;-;-;-;-;-
IDIZ26P547000;BRBMEFVIZAI4;FINANCIAL;-;-;-;-;-;-;-;-;-;1858,43;-;-;-;-;-;-;-
IDIZ26P547100;BRBMEFVIZAJ2;FINANCIAL;-;-;-;-;-;-;-;-;-;1950,77;-;-;-;-;-;-;-
IDIZ26P547200;BRBMEFVIZAK0;FINANCIAL;-;-;-;-;-;-;-;-;-;2043,08;-;-;-;-;-;-;-
IDIJ27C562700;BRBMEFCIJW35;FINANCIAL;-;-;-;-;-;-;-;-;-;6027,8;-;-;-;-;-;-;-
IDIJ27C562800;BRBMEFCIJW43;FINANCIAL;-;-;-;-;-;-;-;-;-;5937,84;-;-;-;-;-;-;-
IDIJ27C562900;BRBMEFCIJW50;FINANCIAL;-;-;-;-;-;-;-;-;-;5847,91;-;-;-;-;-;-;-
IDIJ27C563000;BRBMEFCIJW68;FINANCIAL;-;-;-;-;-;-;-;-;-;5758;-;-;-;-;-;-;-
IDIJ27C563100;BRBMEFCIJW76;FINANCIAL;-;-;-;-;-;-;-;-;-;5668,1;-;-;-;-;-;-;-
IDIJ27C563200;BRBMEFCIJW84;FINANCIAL;-;-;-;-;-;-;-;-;-;5578,2;-;-;-;-;-;-;-
IDIJ27C563300;BRBMEFCIJW92;FINANCIAL;-;-;-;-;-;-;-;-;-;5488,34;-;-;-;-;-;-;-
IDIJ27C563400;BRBMEFCIJWA9;FINANCIAL;-;-;-;-;-;-;-;-;-;5398,49;-;-;-;-;-;-;-
IDIJ27C563500;BRBMEFCIJWB7;FINANCIAL;-;-;-;-;-;-;-;-;-;5308,65;-;-;-;-;-;-;-
IDIJ27C563600;BRBMEFCIJWC5;FINANCIAL;-;-;-;-;-;-;-;-;-;5218,9;-;-;-;-;-;-;-
IDIJ27C563700;BRBMEFCIJWD3;FINANCIAL;-;-;-;-;-;-;-;-;-;5129,2;-;-;-;-;-;-;-
IDIJ27C563800;BRBMEFCIJWE1;FINANCIAL;-;-;-;-;-;-;-;-;-;5039,58;-;-;-;-;-;-;-
IDIJ27C563900;BRBMEFCIJWF8;FINANCIAL;-;-;-;-;-;-;-;-;-;4950,05;-;-;-;-;-;-;-
IDIJ27C564000;BRBMEFCIJWG6;FINANCIAL;-;-;-;-;-;-;-;-;-;4860,59;-;-;-;-;-;-;-
IDIJ27C564100;BRBMEFCIJWH4;FINANCIAL;-;-;-;-;-;-;-;-;-;4771,18;-;-;-;-;-;-;-
IDIJ27C564200;BRBMEFCIJWI2;FINANCIAL;-;-;-;-;-;-;-;-;-;4681,87;-;-;-;-;-;-;-
IDIJ27C564300;BRBMEFCIJWJ0;FINANCIAL;-;-;-;-;-;-;-;-;-;4592,64;-;-;-;-;-;-;-
IDIJ27C564400;BRBMEFCIJWK8;FINANCIAL;-;-;-;-;-;-;-;-;-;4503,48;-;-;-;-;-;-;-
IDIJ27C564500;BRBMEFCIJWL6;FINANCIAL;-;-;-;-;-;-;-;-;-;4414,47;-;-;-;-;-;-;-
IDIJ27C569100;BRBMEFCIJWM4;FINANCIAL;-;-;-;-;-;-;-;-;-;950,02;-;-;-;-;-;-;-
IDIJ27C569200;BRBMEFCIJWN2;FINANCIAL;-;-;-;-;-;-;-;-;-;906,75;-;-;-;-;-;-;-
IDIJ27C569300;BRBMEFCIJWO0;FINANCIAL;-;-;-;-;-;-;-;-;-;868,09;-;-;-;-;-;-;-
IDIJ27C569400;BRBMEFCIJWP7;FINANCIAL;-;-;-;-;-;-;-;-;-;832,77;-;-;-;-;-;-;-
IDIJ27C569500;BRBMEFCIJWQ5;FINANCIAL;-;-;-;-;-;-;-;-;-;799,85;-;-;-;-;-;-;-
IDIJ27C569600;BRBMEFCIJWR3;FINANCIAL;-;-;-;-;-;-;-;-;-;765,7;-;-;-;-;-;-;-
IDIJ27C569700;BRBMEFCIJWS1;FINANCIAL;-;-;-;-;-;-;-;-;-;733,68;-;-;-;-;-;-;-
IDIJ27C569800;BRBMEFCIJWT9;FINANCIAL;-;-;-;-;-;-;-;-;-;704,25;-;-;-;-;-;-;-
IDIJ27C569900;BRBMEFCIJWU7;FINANCIAL;-;-;-;-;-;-;-;-;-;675,07;-;-;-;-;-;-;-
IDIJ27C570100;BRBMEFCIJWV5;FINANCIAL;-;-;-;-;-;-;-;-;-;627,96;-;-;-;-;-;-;-
IDIJ27C570200;BRBMEFCIJWW3;FINANCIAL;-;-;-;-;-;-;-;-;-;608,93;-;-;-;-;-;-;-
IDIJ27C570300;BRBMEFCIJWX1;FINANCIAL;-;-;-;-;-;-;-;-;-;585,84;-;-;-;-;-;-;-
IDIJ27C570400;BRBMEFCIJWY9;FINANCIAL;-;-;-;-;-;-;-;-;-;562,61;-;-;-;-;-;-;-
IDIJ27C570500;BRBMEFCIJWZ6;FINANCIAL;-;-;-;-;-;-;-;-;-;543,17;-;-;-;-;-;-;-
IDIJ27P562700;BRBMEFVIJW32;FINANCIAL;-;-;-;-;-;-;-;-;-;11,91;-;-;-;-;-;-;-
IDIJ27P562800;BRBMEFVIJW40;FINANCIAL;-;-;-;-;-;-;-;-;-;12,46;-;-;-;-;-;-;-
IDIJ27P562900;BRBMEFVIJW57;FINANCIAL;-;-;-;-;-;-;-;-;-;13,03;-;-;-;-;-;-;-
IDIJ27P563000;BRBMEFVIJW65;FINANCIAL;-;-;-;-;-;-;-;-;-;13,62;-;-;-;-;-;-;-
IDIJ27P563100;BRBMEFVIJW73;FINANCIAL;-;-;-;-;-;-;-;-;-;14,23;-;-;-;-;-;-;-
IDIJ27P563200;BRBMEFVIJW81;FINANCIAL;-;-;-;-;-;-;-;-;-;14,83;-;-;-;-;-;-;-
IDIJ27P563300;BRBMEFVIJW99;FINANCIAL;-;-;-;-;-;-;-;-;-;15,47;-;-;-;-;-;-;-
IDIJ27P563400;BRBMEFVIJWA9;FINANCIAL;-;-;-;-;-;-;-;-;-;16,12;-;-;-;-;-;-;-
IDIJ27P563500;BRBMEFVIJWB7;FINANCIAL;-;-;-;-;-;-;-;-;-;16,79;-;-;-;-;-;-;-
IDIJ27P563600;BRBMEFVIJWC5;FINANCIAL;-;-;-;-;-;-;-;-;-;17,53;-;-;-;-;-;-;-
IDIJ27P563700;BRBMEFVIJWD3;FINANCIAL;-;-;-;-;-;-;-;-;-;18,34;-;-;-;-;-;-;-
IDIJ27P563800;BRBMEFVIJWE1;FINANCIAL;-;-;-;-;-;-;-;-;-;19,22;-;-;-;-;-;-;-
IDIJ27P563900;BRBMEFVIJWF8;FINANCIAL;-;-;-;-;-;-;-;-;-;20,2;-;-;-;-;-;-;-
IDIJ27P564000;BRBMEFVIJWG6;FINANCIAL;-;-;-;-;-;-;-;-;-;21,23;-;-;-;-;-;-;-
IDIJ27P564100;BRBMEFVIJWH4;FINANCIAL;-;-;-;-;-;-;-;-;-;22,33;-;-;-;-;-;-;-
IDIJ27P564200;BRBMEFVIJWI2;FINANCIAL;-;-;-;-;-;-;-;-;-;23,53;-;-;-;-;-;-;-
IDIJ27P564300;BRBMEFVIJWJ0;FINANCIAL;-;-;-;-;-;-;-;-;-;24,79;-;-;-;-;-;-;-
IDIJ27P564400;BRBMEFVIJWK8;FINANCIAL;-;-;-;-;-;-;-;-;-;26,14;-;-;-;-;-;-;-
IDIJ27P564500;BRBMEFVIJWL6;FINANCIAL;-;-;-;-;-;-;-;-;-;27,64;-;-;-;-;-;-;-
IDIJ27P569100;BRBMEFVIJWM4;FINANCIAL;-;-;-;-;-;-;-;-;-;726,31;-;-;-;-;-;-;-
IDIJ27P569200;BRBMEFVIJWN2;FINANCIAL;-;-;-;-;-;-;-;-;-;773,54;-;-;-;-;-;-;-
IDIJ27P569300;BRBMEFVIJWO0;FINANCIAL;-;-;-;-;-;-;-;-;-;825,39;-;-;-;-;-;-;-
IDIJ27P569400;BRBMEFVIJWP7;FINANCIAL;-;-;-;-;-;-;-;-;-;880,57;-;-;-;-;-;-;-
IDIJ27P569500;BRBMEFVIJWQ5;FINANCIAL;-;-;-;-;-;-;-;-;-;938,15;-;-;-;-;-;-;-
IDIJ27P569600;BRBMEFVIJWR3;FINANCIAL;-;-;-;-;-;-;-;-;-;994,51;-;-;-;-;-;-;-
IDIJ27P569700;BRBMEFVIJWS1;FINANCIAL;-;-;-;-;-;-;-;-;-;1052,99;-;-;-;-;-;-;-
IDIJ27P569800;BRBMEFVIJWT9;FINANCIAL;-;-;-;-;-;-;-;-;-;1114,07;-;-;-;-;-;-;-
IDIJ27P569900;BRBMEFVIJWU7;FINANCIAL;-;-;-;-;-;-;-;-;-;1175,38;-;-;-;-;-;-;-
IDIJ27P570100;BRBMEFVIJWV5;FINANCIAL;-;-;-;-;-;-;-;-;-;1309,28;-;-;-;-;-;-;-
IDIJ27P570200;BRBMEFVIJWW3;FINANCIAL;-;-;-;-;-;-;-;-;-;1380,75;-;-;-;-;-;-;-
IDIJ27P570300;BRBMEFVIJWX1;FINANCIAL;-;-;-;-;-;-;-;-;-;1448,16;-;-;-;-;-;-;-
IDIJ27P570400;BRBMEFVIJWY9;FINANCIAL;-;-;-;-;-;-;-;-;-;1515,44;-;-;-;-;-;-;-
IDIJ27P570500;BRBMEFVIJWZ6;FINANCIAL;-;-;-;-;-;-;-;-;-;1586,5;-;-;-;-;-;-;-
IDIN27C577600;BRBMEFCICKR3;FINANCIAL;-;-;-;-;-;-;-;-;-;9711,9;-;-;-;-;-;-;-
IDIN27C577700;BRBMEFCICKS1;FINANCIAL;-;-;-;-;-;-;-;-;-;9624,94;-;-;-;-;-;-;-
IDIN27C577800;BRBMEFCICKT9;FINANCIAL;-;-;-;-;-;-;-;-;-;9538;-;-;-;-;-;-;-
IDIN27C577900;BRBMEFCICKU7;FINANCIAL;-;-;-;-;-;-;-;-;-;9451,08;-;-;-;-;-;-;-
IDIN27C578100;BRBMEFCICKV5;FINANCIAL;-;-;-;-;-;-;-;-;-;9277,3;-;-;-;-;-;-;-
IDIN27C578200;BRBMEFCICKW3;FINANCIAL;-;-;-;-;-;-;-;-;-;9190,45;-;-;-;-;-;-;-
IDIN27C578300;BRBMEFCICKX1;FINANCIAL;-;-;-;-;-;-;-;-;-;9103,6;-;-;-;-;-;-;-
IDIN27C578400;BRBMEFCICKY9;FINANCIAL;-;-;-;-;-;-;-;-;-;9016,78;-;-;-;-;-;-;-
IDIN27C578600;BRBMEFCICKZ6;FINANCIAL;-;-;-;-;-;-;-;-;-;8843,16;-;-;-;-;-;-;-
IDIN27C578700;BRBMEFCICL01;FINANCIAL;-;-;-;-;-;-;-;-;-;8756,39;-;-;-;-;-;-;-
IDIN27C578800;BRBMEFCICL19;FINANCIAL;-;-;-;-;-;-;-;-;-;8669,61;-;-;-;-;-;-;-
IDIN27C578900;BRBMEFCICL27;FINANCIAL;-;-;-;-;-;-;-;-;-;8582,85;-;-;-;-;-;-;-
IDIN27C579100;BRBMEFCICL35;FINANCIAL;-;-;-;-;-;-;-;-;-;8409,42;-;-;-;-;-;-;-
IDIN27C579200;BRBMEFCICL43;FINANCIAL;-;-;-;-;-;-;-;-;-;8322,77;-;-;-;-;-;-;-
IDIN27C579300;BRBMEFCICL50;FINANCIAL;-;-;-;-;-;-;-;-;-;8236,17;-;-;-;-;-;-;-
IDIN27C579400;BRBMEFCICL68;FINANCIAL;-;-;-;-;-;-;-;-;-;8149,63;-;-;-;-;-;-;-
IDIN27C579600;BRBMEFCICL76;FINANCIAL;-;-;-;-;-;-;-;-;-;7976,73;-;-;-;-;-;-;-
IDIN27C579700;BRBMEFCICL84;FINANCIAL;-;-;-;-;-;-;-;-;-;7890,36;-;-;-;-;-;-;-
IDIN27C579800;BRBMEFCICL92;FINANCIAL;-;-;-;-;-;-;-;-;-;7804,05;-;-;-;-;-;-;-
IDIN27C579900;BRBMEFCICLA7;FINANCIAL;-;-;-;-;-;-;-;-;-;7717,81;-;-;-;-;-;-;-
IDIN27C580100;BRBMEFCICLB5;FINANCIAL;-;-;-;-;-;-;-;-;-;7545,55;-;-;-;-;-;-;-
IDIN27C580200;BRBMEFCICLC3;FINANCIAL;-;-;-;-;-;-;-;-;-;7459,57;-;-;-;-;-;-;-
IDIN27C580300;BRBMEFCICLD1;FINANCIAL;-;-;-;-;-;-;-;-;-;7373,66;-;-;-;-;-;-;-
IDIN27C580400;BRBMEFCICLE9;FINANCIAL;-;-;-;-;-;-;-;-;-;7287,82;-;-;-;-;-;-;-
IDIN27C580600;BRBMEFCICLF6;FINANCIAL;-;-;-;-;-;-;-;-;-;7116,45;-;-;-;-;-;-;-
IDIN27C580700;BRBMEFCICLG4;FINANCIAL;-;-;-;-;-;-;-;-;-;7030,94;-;-;-;-;-;-;-
IDIN27C580800;BRBMEFCICLH2;FINANCIAL;-;-;-;-;-;-;-;-;-;6945,49;-;-;-;-;-;-;-
IDIN27C580900;BRBMEFCICLI0;FINANCIAL;-;-;-;-;-;-;-;-;-;6860,08;-;-;-;-;-;-;-
IDIN27C581100;BRBMEFCICLJ8;FINANCIAL;-;-;-;-;-;-;-;-;-;6689,4;-;-;-;-;-;-;-
IDIN27C581200;BRBMEFCICLK6;FINANCIAL;-;-;-;-;-;-;-;-;-;6604,22;-;-;-;-;-;-;-
IDIN27C581300;BRBMEFCICLL4;FINANCIAL;-;-;-;-;-;-;-;-;-;6519,14;-;-;-;-;-;-;-
IDIN27C581400;BRBMEFCICLM2;FINANCIAL;-;-;-;-;-;-;-;-;-;6434,26;-;-;-;-;-;-;-
IDIN27C581600;BRBMEFCICLN0;FINANCIAL;-;-;-;-;-;-;-;-;-;6264,89;-;-;-;-;-;-;-
IDIN27C581700;BRBMEFCICLO8;FINANCIAL;-;-;-;-;-;-;-;-;-;6180,36;-;-;-;-;-;-;-
IDIN27C581800;BRBMEFCICLP5;FINANCIAL;-;-;-;-;-;-;-;-;-;6096,01;-;-;-;-;-;-;-
IDIN27C581900;BRBMEFCICLQ3;FINANCIAL;-;-;-;-;-;-;-;-;-;6011,85;-;-;-;-;-;-;-
IDIN27C582100;BRBMEFCICLR1;FINANCIAL;-;-;-;-;-;-;-;-;-;5843,92;-;-;-;-;-;-;-
IDIN27C582200;BRBMEFCICLS9;FINANCIAL;-;-;-;-;-;-;-;-;-;5759,85;-;-;-;-;-;-;-
IDIN27C582300;BRBMEFCICLT7;FINANCIAL;-;-;-;-;-;-;-;-;-;5676,11;-;-;-;-;-;-;-
IDIN27C582400;BRBMEFCICLU5;FINANCIAL;-;-;-;-;-;-;-;-;-;5593,04;-;-;-;-;-;-;-
IDIN27C582600;BRBMEFCICLV3;FINANCIAL;-;-;-;-;-;-;-;-;-;5427,15;-;-;-;-;-;-;-
IDIN27C582700;BRBMEFCICLW1;FINANCIAL;-;-;-;-;-;-;-;-;-;5344,4;-;-;-;-;-;-;-
IDIN27C582800;BRBMEFCICLX9;FINANCIAL;-;-;-;-;-;-;-;-;-;5262,07;-;-;-;-;-;-;-
IDIN27C582900;BRBMEFCICLY7;FINANCIAL;-;-;-;-;-;-;-;-;-;5179,89;-;-;-;-;-;-;-
IDIN27C583100;BRBMEFCICLZ4;FINANCIAL;-;-;-;-;-;-;-;-;-;5016,13;-;-;-;-;-;-;-
IDIN27C583200;BRBMEFCICM00;FINANCIAL;-;-;-;-;-;-;-;-;-;4934,5;-;-;-;-;-;-;-
IDIN27C583300;BRBMEFCICM18;FINANCIAL;-;-;-;-;-;-;-;-;-;4853,1;-;-;-;-;-;-;-
IDIN27C583400;BRBMEFCICM26;FINANCIAL;-;-;-;-;-;-;-;-;-;4771,97;-;-;-;-;-;-;-
IDIN27C583600;BRBMEFCICM34;FINANCIAL;-;-;-;-;-;-;-;-;-;4610,94;-;-;-;-;-;-;-
IDIN27C583700;BRBMEFCICM42;FINANCIAL;-;-;-;-;-;-;-;-;-;4531,29;-;-;-;-;-;-;-
IDIN27C583800;BRBMEFCICM59;FINANCIAL;-;-;-;-;-;-;-;-;-;4452,07;-;-;-;-;-;-;-
IDIN27C583900;BRBMEFCICM67;FINANCIAL;-;-;-;-;-;-;-;-;-;4373,39;-;-;-;-;-;-;-
IDIN27C584100;BRBMEFCICM75;FINANCIAL;-;-;-;-;-;-;-;-;-;4217,37;-;-;-;-;-;-;-
IDIN27C584200;BRBMEFCICM83;FINANCIAL;-;-;-;-;-;-;-;-;-;4139,85;-;-;-;-;-;-;-
IDIN27C584300;BRBMEFCICM91;FINANCIAL;-;-;-;-;-;-;-;-;-;4062,63;-;-;-;-;-;-;-
IDIN27C584400;BRBMEFCICMA5;FINANCIAL;-;-;-;-;-;-;-;-;-;3985,93;-;-;-;-;-;-;-
IDIN27C584600;BRBMEFCICMB3;FINANCIAL;-;-;-;-;-;-;-;-;-;3834,69;-;-;-;-;-;-;-
IDIN27C584700;BRBMEFCICMC1;FINANCIAL;-;-;-;-;-;-;-;-;-;3760,1;-;-;-;-;-;-;-
IDIN27C584800;BRBMEFCICMD9;FINANCIAL;-;-;-;-;-;-;-;-;-;3686,14;-;-;-;-;-;-;-
IDIN27C584900;BRBMEFCICME7;FINANCIAL;-;-;-;-;-;-;-;-;-;3612,71;-;-;-;-;-;-;-
IDIN27P577600;BRBMEFVI2KR4;FINANCIAL;-;-;-;-;-;-;-;-;-;16,22;-;-;-;-;-;-;-
IDIN27P577700;BRBMEFVI2KS2;FINANCIAL;-;-;-;-;-;-;-;-;-;16,78;-;-;-;-;-;-;-
IDIN27P577800;BRBMEFVI2KT0;FINANCIAL;-;-;-;-;-;-;-;-;-;17,38;-;-;-;-;-;-;-
IDIN27P577900;BRBMEFVI2KU8;FINANCIAL;-;-;-;-;-;-;-;-;-;17,99;-;-;-;-;-;-;-
IDIN27P578100;BRBMEFVI2KV6;FINANCIAL;-;-;-;-;-;-;-;-;-;19,27;-;-;-;-;-;-;-
IDIN27P578200;BRBMEFVI2KW4;FINANCIAL;-;-;-;-;-;-;-;-;-;19,95;-;-;-;-;-;-;-
IDIN27P578300;BRBMEFVI2KX2;FINANCIAL;-;-;-;-;-;-;-;-;-;20,63;-;-;-;-;-;-;-
IDIN27P578400;BRBMEFVI2KY0;FINANCIAL;-;-;-;-;-;-;-;-;-;21,35;-;-;-;-;-;-;-
IDIN27P578600;BRBMEFVI2KZ7;FINANCIAL;-;-;-;-;-;-;-;-;-;22,79;-;-;-;-;-;-;-
IDIN27P578700;BRBMEFVI2L00;FINANCIAL;-;-;-;-;-;-;-;-;-;23,54;-;-;-;-;-;-;-
IDIN27P578800;BRBMEFVI2L18;FINANCIAL;-;-;-;-;-;-;-;-;-;24,3;-;-;-;-;-;-;-
IDIN27P578900;BRBMEFVI2L26;FINANCIAL;-;-;-;-;-;-;-;-;-;25,07;-;-;-;-;-;-;-
IDIN27P579100;BRBMEFVI2L34;FINANCIAL;-;-;-;-;-;-;-;-;-;26,7;-;-;-;-;-;-;-
IDIN27P579200;BRBMEFVI2L42;FINANCIAL;-;-;-;-;-;-;-;-;-;27,58;-;-;-;-;-;-;-
IDIN27P579300;BRBMEFVI2L59;FINANCIAL;-;-;-;-;-;-;-;-;-;28,51;-;-;-;-;-;-;-
IDIN27P579400;BRBMEFVI2L67;FINANCIAL;-;-;-;-;-;-;-;-;-;29,51;-;-;-;-;-;-;-
IDIN27P579600;BRBMEFVI2L75;FINANCIAL;-;-;-;-;-;-;-;-;-;31,66;-;-;-;-;-;-;-
IDIN27P579700;BRBMEFVI2L83;FINANCIAL;-;-;-;-;-;-;-;-;-;32,83;-;-;-;-;-;-;-
IDIN27P579800;BRBMEFVI2L91;FINANCIAL;-;-;-;-;-;-;-;-;-;34,05;-;-;-;-;-;-;-
IDIN27P579900;BRBMEFVI2LA8;FINANCIAL;-;-;-;-;-;-;-;-;-;35,34;-;-;-;-;-;-;-
IDIN27P580100;BRBMEFVI2LB6;FINANCIAL;-;-;-;-;-;-;-;-;-;38,15;-;-;-;-;-;-;-
IDIN27P580200;BRBMEFVI2LC4;FINANCIAL;-;-;-;-;-;-;-;-;-;39,7;-;-;-;-;-;-;-
IDIN27P580300;BRBMEFVI2LD2;FINANCIAL;-;-;-;-;-;-;-;-;-;41,32;-;-;-;-;-;-;-
IDIN27P580400;BRBMEFVI2LE0;FINANCIAL;-;-;-;-;-;-;-;-;-;43;-;-;-;-;-;-;-
IDIN27P580600;BRBMEFVI2LF7;FINANCIAL;-;-;-;-;-;-;-;-;-;46,7;-;-;-;-;-;-;-
IDIN27P580700;BRBMEFVI2LG5;FINANCIAL;-;-;-;-;-;-;-;-;-;48,72;-;-;-;-;-;-;-
IDIN27P580800;BRBMEFVI2LH3;FINANCIAL;-;-;-;-;-;-;-;-;-;50,8;-;-;-;-;-;-;-
IDIN27P580900;BRBMEFVI2LI1;FINANCIAL;-;-;-;-;-;-;-;-;-;52,92;-;-;-;-;-;-;-
IDIN27P581100;BRBMEFVI2LJ9;FINANCIAL;-;-;-;-;-;-;-;-;-;57,3;-;-;-;-;-;-;-
IDIN27P581200;BRBMEFVI2LK7;FINANCIAL;-;-;-;-;-;-;-;-;-;59,66;-;-;-;-;-;-;-
IDIN27P581300;BRBMEFVI2LL5;FINANCIAL;-;-;-;-;-;-;-;-;-;62,11;-;-;-;-;-;-;-
IDIN27P581400;BRBMEFVI2LM3;FINANCIAL;-;-;-;-;-;-;-;-;-;64,76;-;-;-;-;-;-;-
IDIN27P581600;BRBMEFVI2LN1;FINANCIAL;-;-;-;-;-;-;-;-;-;70,45;-;-;-;-;-;-;-
IDIN27P581700;BRBMEFVI2LO9;FINANCIAL;-;-;-;-;-;-;-;-;-;73,45;-;-;-;-;-;-;-
IDIN27P581800;BRBMEFVI2LP6;FINANCIAL;-;-;-;-;-;-;-;-;-;76,63;-;-;-;-;-;-;-
IDIN27P581900;BRBMEFVI2LQ4;FINANCIAL;-;-;-;-;-;-;-;-;-;80;-;-;-;-;-;-;-
IDIN27P582100;BRBMEFVI2LR2;FINANCIAL;-;-;-;-;-;-;-;-;-;87,13;-;-;-;-;-;-;-
IDIN27P582200;BRBMEFVI2LS0;FINANCIAL;-;-;-;-;-;-;-;-;-;90,6;-;-;-;-;-;-;-
IDIN27P582300;BRBMEFVI2LT8;FINANCIAL;-;-;-;-;-;-;-;-;-;94,39;-;-;-;-;-;-;-
IDIN27P582400;BRBMEFVI2LU6;FINANCIAL;-;-;-;-;-;-;-;-;-;98,85;-;-;-;-;-;-;-
IDIN27P582600;BRBMEFVI2LV4;FINANCIAL;-;-;-;-;-;-;-;-;-;108,02;-;-;-;-;-;-;-
IDIN27P582700;BRBMEFVI2LW2;FINANCIAL;-;-;-;-;-;-;-;-;-;112,8;-;-;-;-;-;-;-
IDIN27P582800;BRBMEFVI2LX0;FINANCIAL;-;-;-;-;-;-;-;-;-;118;-;-;-;-;-;-;-
IDIN27P582900;BRBMEFVI2LY8;FINANCIAL;-;-;-;-;-;-;-;-;-;123,35;-;-;-;-;-;-;-
IDIN27P583100;BRBMEFVI2LZ5;FINANCIAL;-;-;-;-;-;-;-;-;-;134,66;-;-;-;-;-;-;-
IDIN27P583200;BRBMEFVI2M09;FINANCIAL;-;-;-;-;-;-;-;-;-;140,55;-;-;-;-;-;-;-
IDIN27P583300;BRBMEFVI2M17;FINANCIAL;-;-;-;-;-;-;-;-;-;146,69;-;-;-;-;-;-;-
IDIN27P583400;BRBMEFVI2M25;FINANCIAL;-;-;-;-;-;-;-;-;-;153,08;-;-;-;-;-;-;-
IDIN27P583600;BRBMEFVI2M33;FINANCIAL;-;-;-;-;-;-;-;-;-;167,13;-;-;-;-;-;-;-
IDIN27P583700;BRBMEFVI2M41;FINANCIAL;-;-;-;-;-;-;-;-;-;175,01;-;-;-;-;-;-;-
IDIN27P583800;BRBMEFVI2M58;FINANCIAL;-;-;-;-;-;-;-;-;-;183,31;-;-;-;-;-;-;-
IDIN27P583900;BRBMEFVI2M66;FINANCIAL;-;-;-;-;-;-;-;-;-;192,17;-;-;-;-;-;-;-
IDIN27P584100;BRBMEFVI2M74;FINANCIAL;-;-;-;-;-;-;-;-;-;211,21;-;-;-;-;-;-;-
IDIN27P584200;BRBMEFVI2M82;FINANCIAL;-;-;-;-;-;-;-;-;-;221,22;-;-;-;-;-;-;-
IDIN27P584300;BRBMEFVI2M90;FINANCIAL;-;-;-;-;-;-;-;-;-;231,53;-;-;-;-;-;-;-
IDIN27P584400;BRBMEFVI2MA6;FINANCIAL;-;-;-;-;-;-;-;-;-;242,36;-;-;-;-;-;-;-
IDIN27P584600;BRBMEFVI2MB4;FINANCIAL;-;-;-;-;-;-;-;-;-;266,19;-;-;-;-;-;-;-
IDIN27P584700;BRBMEFVI2MC2;FINANCIAL;-;-;-;-;-;-;-;-;-;279,12;-;-;-;-;-;-;-
IDIN27P584800;BRBMEFVI2MD0;FINANCIAL;-;-;-;-;-;-;-;-;-;292,69;-;-;-;-;-;-;-
IDIN27P584900;BRBMEFVI2ME8;FINANCIAL;-;-;-;-;-;-;-;-;-;306,8;-;-;-;-;-;-;-
IDIF27C553200;BRBMEFCID0G1;FINANCIAL;-;-;-;-;-;-;-;-;-;147,12;-;-;-;-;-;-;-
IDIF27C553300;BRBMEFCID0H9;FINANCIAL;-;-;-;-;-;-;-;-;-;144,56;-;-;-;-;-;-;-
IDIF27C553400;BRBMEFCID0I7;FINANCIAL;-;-;-;-;-;-;-;-;-;142,07;-;-;-;-;-;-;-
IDIF27C553500;BRBMEFCID0J5;FINANCIAL;-;-;-;-;-;-;-;-;-;139,65;-;-;-;-;-;-;-
IDIF27C553600;BRBMEFCID0K3;FINANCIAL;-;-;-;-;-;-;-;-;-;137,11;-;-;-;-;-;-;-
IDIF27C553700;BRBMEFCID0L1;FINANCIAL;-;-;-;-;-;-;-;-;-;134,54;-;-;-;-;-;-;-
IDIF27P553200;BRBMEFFI00G6;FINANCIAL;-;-;-;-;-;-;-;-;-;1776,67;-;-;-;-;-;-;-
IDIF27P553300;BRBMEFFI00H4;FINANCIAL;-;-;-;-;-;-;-;-;-;1867,55;-;-;-;-;-;-;-
IDIF27P553400;BRBMEFFI00I2;FINANCIAL;-;-;-;-;-;-;-;-;-;1958,5;-;-;-;-;-;-;-
IDIF27P553500;BRBMEFFI00J0;FINANCIAL;-;-;-;-;-;-;-;-;-;2049,51;-;-;-;-;-;-;-
IDIF27P553600;BRBMEFFI00K8;FINANCIAL;-;-;-;-;-;-;-;-;-;2140,41;-;-;-;-;-;-;-
IDIF27P553700;BRBMEFFI00L6;FINANCIAL;-;-;-;-;-;-;-;-;-;2231,28;-;-;-;-;-;-;-
D13F28C001000;BRBMEFD30273;FINANCIAL;-;-;-;-;-;-;-;-;-;2901,32;-;-;-;-;-;-;-
D13F28C001025;BRBMEFD30281;FINANCIAL;-;-;-;-;-;-;-;-;-;2746,4;-;-;-;-;-;-;-
D13F28C001050;BRBMEFD30299;FINANCIAL;-;-;-;-;-;-;-;-;-;2593,59;-;-;-;-;-;-;-
D13F28C001075;BRBMEFD302A8;FINANCIAL;-;-;-;-;-;-;-;-;-;2452,46;-;-;-;-;-;-;-
D13F28C001100;BRBMEFD302B6;FINANCIAL;-;-;-;-;-;-;-;-;-;2317,14;-;-;-;-;-;-;-
D13F28P001000;BRBMEFP301N9;FINANCIAL;-;-;-;-;-;-;-;-;-;109,23;-;-;-;-;-;-;-
D13F28P001025;BRBMEFP301O7;FINANCIAL;-;-;-;-;-;-;-;-;-;120,62;-;-;-;-;-;-;-
D13F28P001050;BRBMEFP301P4;FINANCIAL;-;-;-;-;-;-;-;-;-;133,38;-;-;-;-;-;-;-
D13F28P001075;BRBMEFP301Q2;FINANCIAL;-;-;-;-;-;-;-;-;-;157,08;-;-;-;-;-;-;-
D13F28P001100;BRBMEFP301R0;FINANCIAL;-;-;-;-;-;-;-;-;-;185,85;-;-;-;-;-;-;-
IDIK27C574300;BRBMEFCIK8O9;FINANCIAL;-;-;-;-;-;-;-;-;-;1744,06;-;-;-;-;-;-;-
IDIK27C574400;BRBMEFCIK8P6;FINANCIAL;-;-;-;-;-;-;-;-;-;1682,17;-;-;-;-;-;-;-
IDIK27C574500;BRBMEFCIK8Q4;FINANCIAL;-;-;-;-;-;-;-;-;-;1621,44;-;-;-;-;-;-;-
IDIK27C574600;BRBMEFCIK8R2;FINANCIAL;-;-;-;-;-;-;-;-;-;1562,25;-;-;-;-;-;-;-
IDIK27C574700;BRBMEFCIK8S0;FINANCIAL;-;-;-;-;-;-;-;-;-;1507,07;-;-;-;-;-;-;-
IDIK27C574800;BRBMEFCIK8T8;FINANCIAL;-;-;-;-;-;-;-;-;-;1454,61;-;-;-;-;-;-;-
IDIK27C574900;BRBMEFCIK8U6;FINANCIAL;-;-;-;-;-;-;-;-;-;1402,95;-;-;-;-;-;-;-
IDIK27C575000;BRBMEFCIK8V4;FINANCIAL;-;-;-;-;-;-;-;-;-;1353,89;-;-;-;-;-;-;-
IDIK27C575100;BRBMEFCIK8W2;FINANCIAL;-;-;-;-;-;-;-;-;-;1312,59;-;-;-;-;-;-;-
IDIK27C575200;BRBMEFCIK8X0;FINANCIAL;-;-;-;-;-;-;-;-;-;1273,84;-;-;-;-;-;-;-
IDIK27C575300;BRBMEFCIK8Y8;FINANCIAL;-;-;-;-;-;-;-;-;-;1229,97;-;-;-;-;-;-;-
IDIK27C575400;BRBMEFCIK8Z5;FINANCIAL;-;-;-;-;-;-;-;-;-;1185,73;-;-;-;-;-;-;-
IDIK27C575500;BRBMEFCIK906;FINANCIAL;-;-;-;-;-;-;-;-;-;1141,25;-;-;-;-;-;-;-
IDIK27C575600;BRBMEFCIK914;FINANCIAL;-;-;-;-;-;-;-;-;-;1100,45;-;-;-;-;-;-;-
IDIK27C575700;BRBMEFCIK922;FINANCIAL;-;-;-;-;-;-;-;-;-;1063,54;-;-;-;-;-;-;-
IDIK27C575800;BRBMEFCIK930;FINANCIAL;-;-;-;-;-;-;-;-;-;1028,02;-;-;-;-;-;-;-
IDIK27C575900;BRBMEFCIK948;FINANCIAL;-;-;-;-;-;-;-;-;-;993,88;-;-;-;-;-;-;-
IDIK27C576000;BRBMEFCIK955;FINANCIAL;-;-;-;-;-;-;-;-;-;959,95;-;-;-;-;-;-;-
IDIK27C576100;BRBMEFCIK963;FINANCIAL;-;-;-;-;-;-;-;-;-;926,6;-;-;-;-;-;-;-
IDIK27C576200;BRBMEFCIK971;FINANCIAL;-;-;-;-;-;-;-;-;-;895,66;-;-;-;-;-;-;-
IDIK27C576300;BRBMEFCIK989;FINANCIAL;-;-;-;-;-;-;-;-;-;866,51;-;-;-;-;-;-;-
IDIK27C576400;BRBMEFCIK997;FINANCIAL;-;-;-;-;-;-;-;-;-;837,11;-;-;-;-;-;-;-
IDIK27C576500;BRBMEFCIK9A6;FINANCIAL;-;-;-;-;-;-;-;-;-;809,27;-;-;-;-;-;-;-
IDIK27C576600;BRBMEFCIK9B4;FINANCIAL;-;-;-;-;-;-;-;-;-;785,83;-;-;-;-;-;-;-
IDIK27C576700;BRBMEFCIK9C2;FINANCIAL;-;-;-;-;-;-;-;-;-;766,34;-;-;-;-;-;-;-
IDIK27C576800;BRBMEFCIK9D0;FINANCIAL;-;-;-;-;-;-;-;-;-;746,58;-;-;-;-;-;-;-
IDIK27C576900;BRBMEFCIK9E8;FINANCIAL;-;-;-;-;-;-;-;-;-;723,36;-;-;-;-;-;-;-
IDIK27C577000;BRBMEFCIK9F5;FINANCIAL;-;-;-;-;-;-;-;-;-;699,21;-;-;-;-;-;-;-
IDIK27C577100;BRBMEFCIK9G3;FINANCIAL;-;-;-;-;-;-;-;-;-;677,8;-;-;-;-;-;-;-
IDIK27C577200;BRBMEFCIK9H1;FINANCIAL;-;-;-;-;-;-;-;-;-;658;-;-;-;-;-;-;-
IDIK27C577300;BRBMEFCIK9I9;FINANCIAL;-;-;-;-;-;-;-;-;-;639,1;-;-;-;-;-;-;-
IDIK27P574300;BRBMEFVIK8N8;FINANCIAL;-;-;-;-;-;-;-;-;-;468,86;-;-;-;-;-;-;-
IDIK27P574400;BRBMEFVIK8O6;FINANCIAL;-;-;-;-;-;-;-;-;-;496,48;-;-;-;-;-;-;-
IDIK27P574500;BRBMEFVIK8P3;FINANCIAL;-;-;-;-;-;-;-;-;-;525,25;-;-;-;-;-;-;-
IDIK27P574600;BRBMEFVIK8Q1;FINANCIAL;-;-;-;-;-;-;-;-;-;555,55;-;-;-;-;-;-;-
IDIK27P574700;BRBMEFVIK8R9;FINANCIAL;-;-;-;-;-;-;-;-;-;589,87;-;-;-;-;-;-;-
IDIK27P574800;BRBMEFVIK8S7;FINANCIAL;-;-;-;-;-;-;-;-;-;626,92;-;-;-;-;-;-;-
IDIK27P574900;BRBMEFVIK8T5;FINANCIAL;-;-;-;-;-;-;-;-;-;664,76;-;-;-;-;-;-;-
IDIK27P575000;BRBMEFVIK8U3;FINANCIAL;-;-;-;-;-;-;-;-;-;705,2;-;-;-;-;-;-;-
IDIK27P575100;BRBMEFVIK8V1;FINANCIAL;-;-;-;-;-;-;-;-;-;753,4;-;-;-;-;-;-;-
IDIK27P575200;BRBMEFVIK8W9;FINANCIAL;-;-;-;-;-;-;-;-;-;804,14;-;-;-;-;-;-;-
IDIK27P575300;BRBMEFVIK8X7;FINANCIAL;-;-;-;-;-;-;-;-;-;849,78;-;-;-;-;-;-;-
IDIK27P575400;BRBMEFVIK8Y5;FINANCIAL;-;-;-;-;-;-;-;-;-;895,03;-;-;-;-;-;-;-
IDIK27P575500;BRBMEFVIK8Z2;FINANCIAL;-;-;-;-;-;-;-;-;-;940,05;-;-;-;-;-;-;-
IDIK27P575600;BRBMEFVIK906;FINANCIAL;-;-;-;-;-;-;-;-;-;988,76;-;-;-;-;-;-;-
IDIK27P575700;BRBMEFVIK914;FINANCIAL;-;-;-;-;-;-;-;-;-;1041,35;-;-;-;-;-;-;-
IDIK27P575800;BRBMEFVIK922;FINANCIAL;-;-;-;-;-;-;-;-;-;1095,33;-;-;-;-;-;-;-
IDIK27P575900;BRBMEFVIK930;FINANCIAL;-;-;-;-;-;-;-;-;-;1150,69;-;-;-;-;-;-;-
IDIK27P576000;BRBMEFVIK948;FINANCIAL;-;-;-;-;-;-;-;-;-;1206,26;-;-;-;-;-;-;-
IDIK27P576100;BRBMEFVIK955;FINANCIAL;-;-;-;-;-;-;-;-;-;1262,41;-;-;-;-;-;-;-
IDIK27P576200;BRBMEFVIK963;FINANCIAL;-;-;-;-;-;-;-;-;-;1320,97;-;-;-;-;-;-;-
IDIK27P576300;BRBMEFVIK971;FINANCIAL;-;-;-;-;-;-;-;-;-;1381,33;-;-;-;-;-;-;-
IDIK27P576400;BRBMEFVIK989;FINANCIAL;-;-;-;-;-;-;-;-;-;1441,42;-;-;-;-;-;-;-
IDIK27P576500;BRBMEFVIK997;FINANCIAL;-;-;-;-;-;-;-;-;-;1503,08;-;-;-;-;-;-;-
IDIK27P576600;BRBMEFVIK9A3;FINANCIAL;-;-;-;-;-;-;-;-;-;1569,15;-;-;-;-;-;-;-
IDIK27P576700;BRBMEFVIK9B1;FINANCIAL;-;-;-;-;-;-;-;-;-;1639,16;-;-;-;-;-;-;-
IDIK27P576800;BRBMEFVIK9C9;FINANCIAL;-;-;-;-;-;-;-;-;-;1708,89;-;-;-;-;-;-;-
IDIK27P576900;BRBMEFVIK9D7;FINANCIAL;-;-;-;-;-;-;-;-;-;1775,17;-;-;-;-;-;-;-
IDIK27P577000;BRBMEFVIK9E5;FINANCIAL;-;-;-;-;-;-;-;-;-;1840,52;-;-;-;-;-;-;-
IDIK27P577100;BRBMEFVIK9F2;FINANCIAL;-;-;-;-;-;-;-;-;-;1908,61;-;-;-;-;-;-;-
IDIK27P577200;BRBMEFVIK9G0;FINANCIAL;-;-;-;-;-;-;-;-;-;1978,32;-;-;-;-;-;-;-
IDIK27P577300;BRBMEFVIK9H8;FINANCIAL;-;-;-;-;-;-;-;-;-;2048,91;-;-;-;-;-;-;-
IDIV27C607000;BRBMEFCIVY52;FINANCIAL;-;-;-;-;-;-;-;-;-;3229,42;-;-;-;-;-;-;-
IDIV27C607100;BRBMEFCIVY60;FINANCIAL;-;-;-;-;-;-;-;-;-;3180,26;-;-;-;-;-;-;-
IDIV27C607200;BRBMEFCIVY78;FINANCIAL;-;-;-;-;-;-;-;-;-;3131,63;-;-;-;-;-;-;-
IDIV27C607300;BRBMEFCIVY86;FINANCIAL;-;-;-;-;-;-;-;-;-;3083,52;-;-;-;-;-;-;-
IDIV27C607400;BRBMEFCIVY94;FINANCIAL;-;-;-;-;-;-;-;-;-;3036,82;-;-;-;-;-;-;-
IDIV27C607500;BRBMEFCIVYA0;FINANCIAL;-;-;-;-;-;-;-;-;-;2991,33;-;-;-;-;-;-;-
IDIV27C607600;BRBMEFCIVYB8;FINANCIAL;-;-;-;-;-;-;-;-;-;2947,73;-;-;-;-;-;-;-
IDIV27C607700;BRBMEFCIVYC6;FINANCIAL;-;-;-;-;-;-;-;-;-;2905,79;-;-;-;-;-;-;-
IDIV27C607800;BRBMEFCIVYD4;FINANCIAL;-;-;-;-;-;-;-;-;-;2864,41;-;-;-;-;-;-;-
IDIV27C607900;BRBMEFCIVYE2;FINANCIAL;-;-;-;-;-;-;-;-;-;2822,66;-;-;-;-;-;-;-
IDIV27C608000;BRBMEFCIVYF9;FINANCIAL;-;-;-;-;-;-;-;-;-;2780,3;-;-;-;-;-;-;-
IDIV27C608100;BRBMEFCIVYG7;FINANCIAL;-;-;-;-;-;-;-;-;-;2737,79;-;-;-;-;-;-;-
IDIV27C608200;BRBMEFCIVYH5;FINANCIAL;-;-;-;-;-;-;-;-;-;2695,35;-;-;-;-;-;-;-
IDIV27C608300;BRBMEFCIVYI3;FINANCIAL;-;-;-;-;-;-;-;-;-;2653,41;-;-;-;-;-;-;-
IDIV27C608400;BRBMEFCIVYJ1;FINANCIAL;-;-;-;-;-;-;-;-;-;2611,77;-;-;-;-;-;-;-
IDIV27C608500;BRBMEFCIVYK9;FINANCIAL;-;-;-;-;-;-;-;-;-;2570,4;-;-;-;-;-;-;-
IDIV27C608600;BRBMEFCIVYL7;FINANCIAL;-;-;-;-;-;-;-;-;-;2529,54;-;-;-;-;-;-;-
IDIV27C608700;BRBMEFCIVYM5;FINANCIAL;-;-;-;-;-;-;-;-;-;2489,65;-;-;-;-;-;-;-
IDIV27C608800;BRBMEFCIVYN3;FINANCIAL;-;-;-;-;-;-;-;-;-;2450,72;-;-;-;-;-;-;-
IDIV27C608900;BRBMEFCIVYO1;FINANCIAL;-;-;-;-;-;-;-;-;-;2412,98;-;-;-;-;-;-;-
IDIV27C609000;BRBMEFCIVYP8;FINANCIAL;-;-;-;-;-;-;-;-;-;2375,98;-;-;-;-;-;-;-
IDIV27C609100;BRBMEFCIVYQ6;FINANCIAL;-;-;-;-;-;-;-;-;-;2339,71;-;-;-;-;-;-;-
IDIV27C609200;BRBMEFCIVYR4;FINANCIAL;-;-;-;-;-;-;-;-;-;2303,68;-;-;-;-;-;-;-
IDIV27C609300;BRBMEFCIVYS2;FINANCIAL;-;-;-;-;-;-;-;-;-;2268,61;-;-;-;-;-;-;-
IDIV27C609400;BRBMEFCIVYT0;FINANCIAL;-;-;-;-;-;-;-;-;-;2234,02;-;-;-;-;-;-;-
IDIV27C609500;BRBMEFCIVYU8;FINANCIAL;-;-;-;-;-;-;-;-;-;2199,91;-;-;-;-;-;-;-
IDIV27C609600;BRBMEFCIVYV6;FINANCIAL;-;-;-;-;-;-;-;-;-;2165,81;-;-;-;-;-;-;-
IDIV27C609700;BRBMEFCIVYW4;FINANCIAL;-;-;-;-;-;-;-;-;-;2131,73;-;-;-;-;-;-;-
IDIV27C609800;BRBMEFCIVYX2;FINANCIAL;-;-;-;-;-;-;-;-;-;2097,42;-;-;-;-;-;-;-
IDIV27C609900;BRBMEFCIVYY0;FINANCIAL;-;-;-;-;-;-;-;-;-;2063,58;-;-;-;-;-;-;-
IDIV27C610000;BRBMEFCIVYZ7;FINANCIAL;-;-;-;-;-;-;-;-;-;2030,43;-;-;-;-;-;-;-
IDIV27P607000;BRBMEFVIVY59;FINANCIAL;-;-;-;-;-;-;-;-;-;1424,72;-;-;-;-;-;-;-
IDIV27P607100;BRBMEFVIVY67;FINANCIAL;-;-;-;-;-;-;-;-;-;1460,15;-;-;-;-;-;-;-
IDIV27P607200;BRBMEFVIVY75;FINANCIAL;-;-;-;-;-;-;-;-;-;1496,11;-;-;-;-;-;-;-
IDIV27P607300;BRBMEFVIVY83;FINANCIAL;-;-;-;-;-;-;-;-;-;1532,59;-;-;-;-;-;-;-
IDIV27P607400;BRBMEFVIVY91;FINANCIAL;-;-;-;-;-;-;-;-;-;1570,49;-;-;-;-;-;-;-
IDIV27P607500;BRBMEFVIVYA0;FINANCIAL;-;-;-;-;-;-;-;-;-;1609,59;-;-;-;-;-;-;-
IDIV27P607600;BRBMEFVIVYB8;FINANCIAL;-;-;-;-;-;-;-;-;-;1650,58;-;-;-;-;-;-;-
IDIV27P607700;BRBMEFVIVYC6;FINANCIAL;-;-;-;-;-;-;-;-;-;1693,23;-;-;-;-;-;-;-
IDIV27P607800;BRBMEFVIVYD4;FINANCIAL;-;-;-;-;-;-;-;-;-;1736,44;-;-;-;-;-;-;-
IDIV27P607900;BRBMEFVIVYE2;FINANCIAL;-;-;-;-;-;-;-;-;-;1779,28;-;-;-;-;-;-;-
IDIV27P608000;BRBMEFVIVYF9;FINANCIAL;-;-;-;-;-;-;-;-;-;1821,52;-;-;-;-;-;-;-
IDIV27P608100;BRBMEFVIVYG7;FINANCIAL;-;-;-;-;-;-;-;-;-;1863,6;-;-;-;-;-;-;-
IDIV27P608200;BRBMEFVIVYH5;FINANCIAL;-;-;-;-;-;-;-;-;-;1905,74;-;-;-;-;-;-;-
IDIV27P608300;BRBMEFVIVYI3;FINANCIAL;-;-;-;-;-;-;-;-;-;1948,4;-;-;-;-;-;-;-
IDIV27P608400;BRBMEFVIVYJ1;FINANCIAL;-;-;-;-;-;-;-;-;-;1991,35;-;-;-;-;-;-;-
IDIV27P608500;BRBMEFVIVYK9;FINANCIAL;-;-;-;-;-;-;-;-;-;2034,57;-;-;-;-;-;-;-
IDIV27P608600;BRBMEFVIVYL7;FINANCIAL;-;-;-;-;-;-;-;-;-;2078,3;-;-;-;-;-;-;-
IDIV27P608700;BRBMEFVIVYM5;FINANCIAL;-;-;-;-;-;-;-;-;-;2123;-;-;-;-;-;-;-
IDIV27P608800;BRBMEFVIVYN3;FINANCIAL;-;-;-;-;-;-;-;-;-;2168,66;-;-;-;-;-;-;-
IDIV27P608900;BRBMEFVIVYO1;FINANCIAL;-;-;-;-;-;-;-;-;-;2215,52;-;-;-;-;-;-;-
IDIV27P609000;BRBMEFVIVYP8;FINANCIAL;-;-;-;-;-;-;-;-;-;2263,11;-;-;-;-;-;-;-
IDIV27P609100;BRBMEFVIVYQ6;FINANCIAL;-;-;-;-;-;-;-;-;-;2311,43;-;-;-;-;-;-;-
IDIV27P609200;BRBMEFVIVYR4;FINANCIAL;-;-;-;-;-;-;-;-;-;2360;-;-;-;-;-;-;-
IDIV27P609300;BRBMEFVIVYS2;FINANCIAL;-;-;-;-;-;-;-;-;-;2409,51;-;-;-;-;-;-;-
IDIV27P609400;BRBMEFVIVYT0;FINANCIAL;-;-;-;-;-;-;-;-;-;2459,51;-;-;-;-;-;-;-
IDIV27P609500;BRBMEFVIVYU8;FINANCIAL;-;-;-;-;-;-;-;-;-;2510;-;-;-;-;-;-;-
IDIV27P609600;BRBMEFVIVYV6;FINANCIAL;-;-;-;-;-;-;-;-;-;2560,49;-;-;-;-;-;-;-
IDIV27P609700;BRBMEFVIVYW4;FINANCIAL;-;-;-;-;-;-;-;-;-;2611;-;-;-;-;-;-;-
IDIV27P609800;BRBMEFVIVYX2;FINANCIAL;-;-;-;-;-;-;-;-;-;2661,28;-;-;-;-;-;-;-
IDIV27P609900;BRBMEFVIVYY0;FINANCIAL;-;-;-;-;-;-;-;-;-;2712,03;-;-;-;-;-;-;-
IDIV27P610000;BRBMEFVIVYZ7;FINANCIAL;-;-;-;-;-;-;-;-;-;2763,47;-;-;-;-;-;-;-
IDIJ27C570600;BRBMEFCIJX00;FINANCIAL;-;-;-;-;-;-;-;-;-;525,26;-;-;-;-;-;-;-
IDIJ27C570700;BRBMEFCIJX18;FINANCIAL;-;-;-;-;-;-;-;-;-;508,17;-;-;-;-;-;-;-
IDIJ27C570800;BRBMEFCIJX26;FINANCIAL;-;-;-;-;-;-;-;-;-;492,03;-;-;-;-;-;-;-
IDIJ27C570900;BRBMEFCIJX34;FINANCIAL;-;-;-;-;-;-;-;-;-;476,78;-;-;-;-;-;-;-
IDIJ27C571000;BRBMEFCIJX42;FINANCIAL;-;-;-;-;-;-;-;-;-;462,68;-;-;-;-;-;-;-
IDIJ27C571100;BRBMEFCIJX59;FINANCIAL;-;-;-;-;-;-;-;-;-;449,22;-;-;-;-;-;-;-
IDIJ27P570600;BRBMEFVIJX07;FINANCIAL;-;-;-;-;-;-;-;-;-;1659,09;-;-;-;-;-;-;-
IDIJ27P570700;BRBMEFVIJX15;FINANCIAL;-;-;-;-;-;-;-;-;-;1732,51;-;-;-;-;-;-;-
IDIJ27P570800;BRBMEFVIJX23;FINANCIAL;-;-;-;-;-;-;-;-;-;1806,87;-;-;-;-;-;-;-
IDIJ27P570900;BRBMEFVIJX31;FINANCIAL;-;-;-;-;-;-;-;-;-;1882,12;-;-;-;-;-;-;-
IDIJ27P571000;BRBMEFVIJX49;FINANCIAL;-;-;-;-;-;-;-;-;-;1958,52;-;-;-;-;-;-;-
IDIJ27P571100;BRBMEFVIJX56;FINANCIAL;-;-;-;-;-;-;-;-;-;2035,57;-;-;-;-;-;-;-
IDIN27C587700;BRBMEFCICMF4;FINANCIAL;-;-;-;-;-;-;-;-;-;1910,73;-;-;-;-;-;-;-
IDIN27C587800;BRBMEFCICMG2;FINANCIAL;-;-;-;-;-;-;-;-;-;1869,78;-;-;-;-;-;-;-
IDIN27C587900;BRBMEFCICMH0;FINANCIAL;-;-;-;-;-;-;-;-;-;1828,55;-;-;-;-;-;-;-
IDIN27C588000;BRBMEFCICMI8;FINANCIAL;-;-;-;-;-;-;-;-;-;1785,39;-;-;-;-;-;-;-
IDIN27C588200;BRBMEFCICMJ6;FINANCIAL;-;-;-;-;-;-;-;-;-;1698,18;-;-;-;-;-;-;-
IDIN27C588300;BRBMEFCICMK4;FINANCIAL;-;-;-;-;-;-;-;-;-;1655,34;-;-;-;-;-;-;-
IDIN27C588400;BRBMEFCICML2;FINANCIAL;-;-;-;-;-;-;-;-;-;1613,75;-;-;-;-;-;-;-
IDIN27C588500;BRBMEFCICMM0;FINANCIAL;-;-;-;-;-;-;-;-;-;1574,43;-;-;-;-;-;-;-
IDIN27C588600;BRBMEFCICMN8;FINANCIAL;-;-;-;-;-;-;-;-;-;1536,55;-;-;-;-;-;-;-
IDIN27C588700;BRBMEFCICMO6;FINANCIAL;-;-;-;-;-;-;-;-;-;1500,32;-;-;-;-;-;-;-
IDIN27C588800;BRBMEFCICMP3;FINANCIAL;-;-;-;-;-;-;-;-;-;1465,51;-;-;-;-;-;-;-
IDIN27C588900;BRBMEFCICMQ1;FINANCIAL;-;-;-;-;-;-;-;-;-;1431,69;-;-;-;-;-;-;-
IDIN27C589000;BRBMEFCICMR9;FINANCIAL;-;-;-;-;-;-;-;-;-;1397,83;-;-;-;-;-;-;-
IDIN27C589100;BRBMEFCICMS7;FINANCIAL;-;-;-;-;-;-;-;-;-;1363,52;-;-;-;-;-;-;-
IDIN27C589200;BRBMEFCICMT5;FINANCIAL;-;-;-;-;-;-;-;-;-;1329,96;-;-;-;-;-;-;-
IDIN27P587700;BRBMEFVI2MF5;FINANCIAL;-;-;-;-;-;-;-;-;-;1055,68;-;-;-;-;-;-;-
IDIN27P587800;BRBMEFVI2MG3;FINANCIAL;-;-;-;-;-;-;-;-;-;1102,27;-;-;-;-;-;-;-
IDIN27P587900;BRBMEFVI2MH1;FINANCIAL;-;-;-;-;-;-;-;-;-;1148,57;-;-;-;-;-;-;-
IDIN27P588000;BRBMEFVI2MI9;FINANCIAL;-;-;-;-;-;-;-;-;-;1192,94;-;-;-;-;-;-;-
IDIN27P588200;BRBMEFVI2MJ7;FINANCIAL;-;-;-;-;-;-;-;-;-;1280,79;-;-;-;-;-;-;-
IDIN27P588300;BRBMEFVI2MK5;FINANCIAL;-;-;-;-;-;-;-;-;-;1325,48;-;-;-;-;-;-;-
IDIN27P588400;BRBMEFVI2ML3;FINANCIAL;-;-;-;-;-;-;-;-;-;1371,42;-;-;-;-;-;-;-
IDIN27P588500;BRBMEFVI2MM1;FINANCIAL;-;-;-;-;-;-;-;-;-;1419,63;-;-;-;-;-;-;-
IDIN27P588600;BRBMEFVI2MN9;FINANCIAL;-;-;-;-;-;-;-;-;-;1469,29;-;-;-;-;-;-;-
IDIN27P588700;BRBMEFVI2MO7;FINANCIAL;-;-;-;-;-;-;-;-;-;1520,59;-;-;-;-;-;-;-
IDIN27P588800;BRBMEFVI2MP4;FINANCIAL;-;-;-;-;-;-;-;-;-;1573,3;-;-;-;-;-;-;-
IDIN27P588900;BRBMEFVI2MQ2;FINANCIAL;-;-;-;-;-;-;-;-;-;1627,02;-;-;-;-;-;-;-
IDIN27P589000;BRBMEFVI2MR0;FINANCIAL;-;-;-;-;-;-;-;-;-;1680,69;-;-;-;-;-;-;-
IDIN27P589100;BRBMEFVI2MS8;FINANCIAL;-;-;-;-;-;-;-;-;-;1733,91;-;-;-;-;-;-;-
IDIN27P589200;BRBMEFVI2MT6;FINANCIAL;-;-;-;-;-;-;-;-;-;1787,88;-;-;-;-;-;-;-
IDIF27C900000;BRBMEFCID0M9;FINANCIAL;-;-;-;-;-;-;-;-;-;0,01;-;-;-;-;-;-;-
IDIF27P900000;BRBMEFFI00M4;FINANCIAL;-;-;-;-;-;-;-;-;-;325676,17;-;-;-;-;-;-;-
IDIG27C900000;BRBMEFCIG9O3;FINANCIAL;-;-;-;-;-;-;-;-;-;0,01;-;-;-;-;-;-;-
IDIG27P900000;BRBMEFVIG9O0;FINANCIAL;-;-;-;-;-;-;-;-;-;316790,22;-;-;-;-;-;-;-
IDIH27C900000;BRBMEFCIH9D5;FINANCIAL;-;-;-;-;-;-;-;-;-;0,01;-;-;-;-;-;-;-
IDIH27P900000;BRBMEFVIH9D2;FINANCIAL;-;-;-;-;-;-;-;-;-;308831,69;-;-;-;-;-;-;-
IDIJ27C900000;BRBMEFCIJX67;FINANCIAL;-;-;-;-;-;-;-;-;-;0,01;-;-;-;-;-;-;-
IDIJ27P900000;BRBMEFVIJX64;FINANCIAL;-;-;-;-;-;-;-;-;-;299250,13;-;-;-;-;-;-;-
IDIQ26C900000;BRBMEFCIQ8V8;FINANCIAL;-;-;-;-;-;-;-;-;-;0,01;-;-;-;-;-;-;-
IDIQ26P900000;BRBMEFVIQ8V5;FINANCIAL;-;-;-;-;-;-;-;-;-;372516,84;-;-;-;-;-;-;-
IDIU26C900000;BRBMEFCIU9Q0;FINANCIAL;-;-;-;-;-;-;-;-;-;0,01;-;-;-;-;-;-;-
IDIU26P900000;BRBMEFVIU9Q7;FINANCIAL;-;-;-;-;-;-;-;-;-;362869,45;-;-;-;-;-;-;-
IDIV26C900000;BRBMEFCIVZ02;FINANCIAL;-;-;-;-;-;-;-;-;-;0,01;-;-;-;-;-;-;-
IDIV26P900000;BRBMEFVIVZ09;FINANCIAL;-;-;-;-;-;-;-;-;-;353352,67;-;-;-;-;-;-;-
IDIX26C900000;BRBMEFCIXB32;FINANCIAL;-;-;-;-;-;-;-;-;-;0,01;-;-;-;-;-;-;-
IDIX26P900000;BRBMEFVIXB62;FINANCIAL;-;-;-;-;-;-;-;-;-;343948,24;-;-;-;-;-;-;-
IDIZ26C900000;BRBMEFCIZAL8;FINANCIAL;-;-;-;-;-;-;-;-;-;0,01;-;-;-;-;-;-;-
IDIZ26P900000;BRBMEFVIZAL8;FINANCIAL;-;-;-;-;-;-;-;-;-;335466,17;-;-;-;-;-;-;-
D13F28C001125;BRBMEFD302C4;FINANCIAL;-;-;-;-;-;-;-;-;-;2186;-;-;-;-;-;-;-
D13F28C001150;BRBMEFD302D2;FINANCIAL;-;-;-;-;-;-;-;-;-;2059,17;-;-;-;-;-;-;-
D13F28C001175;BRBMEFD302E0;FINANCIAL;-;-;-;-;-;-;-;-;-;1936,79;-;-;-;-;-;-;-
D13F28C001200;BRBMEFD302F7;FINANCIAL;-;-;-;-;-;-;-;-;-;1818,62;-;-;-;-;-;-;-
D13F28C001225;BRBMEFD302G5;FINANCIAL;-;-;-;-;-;-;-;-;-;1705,37;-;-;-;-;-;-;-
D13F28C001250;BRBMEFD302H3;FINANCIAL;-;-;-;-;-;-;-;-;-;1599,69;-;-;-;-;-;-;-
D13F28C001275;BRBMEFD302I1;FINANCIAL;-;-;-;-;-;-;-;-;-;1506,91;-;-;-;-;-;-;-
D13F28C001300;BRBMEFD302J9;FINANCIAL;-;-;-;-;-;-;-;-;-;1420,03;-;-;-;-;-;-;-
D13F28C001325;BRBMEFD302K7;FINANCIAL;-;-;-;-;-;-;-;-;-;1338,51;-;-;-;-;-;-;-
D13F28C001350;BRBMEFD302L5;FINANCIAL;-;-;-;-;-;-;-;-;-;1262,11;-;-;-;-;-;-;-
D13F28C001375;BRBMEFD302M3;FINANCIAL;-;-;-;-;-;-;-;-;-;1192,74;-;-;-;-;-;-;-
D13F28C001400;BRBMEFD302N1;FINANCIAL;-;-;-;-;-;-;-;-;-;1129,8;-;-;-;-;-;-;-
D13F28C001425;BRBMEFD302O9;FINANCIAL;-;-;-;-;-;-;-;-;-;1071,33;-;-;-;-;-;-;-
D13F28C001450;BRBMEFD302P6;FINANCIAL;-;-;-;-;-;-;-;-;-;1017,48;-;-;-;-;-;-;-
D13F28C001475;BRBMEFD302Q4;FINANCIAL;-;-;-;-;-;-;-;-;-;967,54;-;-;-;-;-;-;-
D13F28C001500;BRBMEFD302R2;FINANCIAL;-;-;-;-;-;-;-;-;-;921,66;-;-;-;-;-;-;-
CPMQ26C099000;BRBMEFCP81L8;FINANCIAL;-;-;-;-;-;-;-;-;-;0;-;-;-;-;-;-;-
CPMQ26C099250;BRBMEFCP81M6;FINANCIAL;-;-;-;-;-;-;-;-;-;0;-;-;-;0,7;-;-;-
CPMQ26C099500;BRBMEFCP81N4;FINANCIAL;-;-;-;-;-;-;-;-;-;1,5;-;-;1;10;-;-;-
CPMQ26C099750;BRBMEFCP81O2;FINANCIAL;55;55;60;56,994;60;20;-;-;-;57,4;-;-;60;-;8;1.485;84637
CPMQ26C100000;BRBMEFCP81P9;FINANCIAL;40;38,9;40;39;39;-4,87;-;-;-;38,9;-;-;30;45;3;2.100;81900
CPMQ26C100250;BRBMEFCP81Q7;FINANCIAL;-;-;-;-;-;-;-;-;-;0,75;-;-;0,5;-;-;-;-
CPMQ26C100500;BRBMEFCP81R5;FINANCIAL;1;1;1;1;1;0;-;-;-;0,6;-;-;0,2;-;1;1.000;1000
CPMQ26C100750;BRBMEFCP81S3;FINANCIAL;-;-;-;-;-;-;-;-;-;0,3;-;-;0,1;-;-;-;-
CPMQ26C101000;BRBMEFCP81T1;FINANCIAL;0,5;0,5;0,5;0,5;0,5;-50;-;-;-;0,35;-;-;0,2;-;1;1.000;500
CPMQ26C101250;BRBMEFCP81U9;FINANCIAL;-;-;-;-;-;-;-;-;-;0;-;-;-;-;-;-;-
CPMQ26C101500;BRBMEFCP81V7;FINANCIAL;-;-;-;-;-;-;-;-;-;0;-;-;-;-;-;-;-
CPMQ26C101750;BRBMEFCP81W5;FINANCIAL;-;-;-;-;-;-;-;-;-;0;-;-;-;-;-;-;-
CPMQ26C102000;BRBMEFCP81X3;FINANCIAL;-;-;-;-;-;-;-;-;-;0;-;-;-;-;-;-;-
CPMU26C099000;BRBMEFCP91K9;FINANCIAL;0,5;0,5;0,5;0,5;0,5;-;-;-;-;0,5;-;-;-;-;1;1.000;500
CPMU26C099250;BRBMEFCP91L7;FINANCIAL;0,5;0,5;0,5;0,5;0,5;-44,44;-;-;-;0,5;-;-;-;-;1;1.000;500
CPMU26C099500;BRBMEFCP91M5;FINANCIAL;5;5;5;5;5;25;-;-;-;3,5;-;-;3,5;-;5;80.000;400000
CPMU26C099750;BRBMEFCP91N3;FINANCIAL;30;30;30;30;30;15,38;-;-;-;30;-;-;-;-;4;12.000;360000
CPMU26C100000;BRBMEFCP91O1;FINANCIAL;60;59;60;59,583;59;-4,83;-;-;-;60;-;-;-;-;4;12.000;715000
CPMU26C100250;BRBMEFCP91P8;FINANCIAL;-;-;-;-;-;-;-;-;-;1,06;-;-;0,5;-;-;-;-
CPMU26C100500;BRBMEFCP91Q6;FINANCIAL;-;-;-;-;-;-;-;-;-;2;-;-;1;-;-;-;-
CPMU26C100750;BRBMEFCP91R4;FINANCIAL;-;-;-;-;-;-;-;-;-;0,5;-;-;0,5;-;-;-;-
CPMU26C101000;BRBMEFCP91S2;FINANCIAL;-;-;-;-;-;-;-;-;-;1;-;-;1;-;-;-;-
CPMU26C101250;BRBMEFCP91X2;FINANCIAL;-;-;-;-;-;-;-;-;-;0;-;-;-;-;-;-;-
CPMU26C101500;BRBMEFCP91Y0;FINANCIAL;-;-;-;-;-;-;-;-;-;0;-;-;-;-;-;-;-
CPMU26C101750;BRBMEFCP91Z7;FINANCIAL;-;-;-;-;-;-;-;-;-;0;-;-;-;-;-;-;-
CPMU26C102000;BRBMEFCP9200;FINANCIAL;-;-;-;-;-;-;-;-;-;0;-;-;-;-;-;-;-
CPMX26C099000;BRBMEFCPY175;FINANCIAL;-;-;-;-;-;-;-;-;-;41,22;-;-;-;-;-;-;-
CPMX26C099250;BRBMEFCPY183;FINANCIAL;-;-;-;-;-;-;-;-;-;47,54;-;-;-;-;-;-;-
CPMX26C099500;BRBMEFCPY191;FINANCIAL;-;-;-;-;-;-;-;-;-;0,93;-;-;-;-;-;-;-
CPMX26C099750;BRBMEFCPY1A8;FINANCIAL;-;-;-;-;-;-;-;-;-;0,93;-;-;-;-;-;-;-
CPMX26C100000;BRBMEFCPY1B6;FINANCIAL;-;-;-;-;-;-;-;-;-;0;-;-;-;-;-;-;-
CPMX26C100250;BRBMEFCPY1C4;FINANCIAL;-;-;-;-;-;-;-;-;-;4,75;-;-;-;-;-;-;-
CPMX26C100500;BRBMEFCPY1D2;FINANCIAL;-;-;-;-;-;-;-;-;-;0;-;-;-;-;-;-;-
CPMX26C100750;BRBMEFCPY1E0;FINANCIAL;-;-;-;-;-;-;-;-;-;0;-;-;-;-;-;-;-
CPMX26C101000;BRBMEFCPY1F7;FINANCIAL;-;-;-;-;-;-;-;-;-;0;-;-;-;-;-;-;-
SOYX26C004700;BRBMEFSY10X0;AGRIBUSINESS;-;-;-;-;-;-;-;-;-;404,03;-;-;-;-;-;-;-
SOYX26P004700;BRBMEFSY20X9;AGRIBUSINESS;-;-;-;-;-;-;-;-;-;0,01;-;-;-;-;-;-;-
CNLU26C120000;BRBMEFCCL261;AGRIBUSINESS;-;-;-;-;-;-;-;-;-;12,81;-;-;-;-;-;-;-
CNLU26P120000;BRBMEFVCL261;AGRIBUSINESS;-;-;-;-;-;-;-;-;-;168,12;-;-;-;-;-;-;-
BGIZ26C033500;BRBMEFCB2698;AGRIBUSINESS;-;-;-;-;-;-;-;-;-;22,08;-;-;-;-;-;-;-
BGIZ26C035300;BRBMEFCB26A6;AGRIBUSINESS;10,2;10,2;10,2;10,2;10,2;-;-;-;-;12,44;-;-;-;-;1;1;3366
BGIZ26P033500;BRBMEFBV2695;AGRIBUSINESS;4;4;4;4;4;-;-;-;-;6,83;-;-;-;-;1;1;1320
BGIZ26P035300;BRBMEFBV26A6;AGRIBUSINESS;-;-;-;-;-;-;-;-;-;14,03;-;-;-;-;-;-;-
CCMX26C006725;BRBMEFFM0HQ0;AGRIBUSINESS;-;-;-;-;-;-;-;-;-;4,59;-;-;-;-;-;-;-
CCMX26P006725;BRBMEFOV0HU0;AGRIBUSINESS;1;1;1;1;1;-;-;-;-;1,05;-;-;-;-;1;100;45000
ICFH27;BRBMEFICF3H1;AGRIBUSINESS;-;-;-;-;-;-;315,85;-;318,55;-;-2,7;-1396,008;316,6;-;-;-;-
ICFK27;BRBMEFICF3J7;AGRIBUSINESS;-;-;-;-;-;-;316,4;-;318,7;-;-2,3;-1189,192;-;-;-;-;-
ICFN26;BRBMEFICF3I9;AGRIBUSINESS;-;-;-;-;-;-;346,35;-;349,05;-;-2,7;-1396,008;-;-;-;-;-
ICFU26;BRBMEFICF3D0;AGRIBUSINESS;325;319,95;325;322,45;324;-0,78;323,35;-;326,55;-;-3,2;-1654,528;324;324,2;194;356;59353348,28
ICFU27;BRBMEFICF3G3;AGRIBUSINESS;310,5;310,5;311;310,62;311;-1,12;312,25;-;314,55;-;-2,3;-1189,192;310;313;4;4;642422,2
ICFZ26;BRBMEFICF3E8;AGRIBUSINESS;318;317,8;320,1;318,53;320,1;-0,68;319;-;322,3;-;-3,3;-1706,232;319,6;320,15;8;17;2799849,15
CNLH27;BRBMEFCNL1G2;AGRIBUSINESS;-;-;-;-;-;-;1037,93;-;1022,07;-;15,86;1586;-;-;-;-;-
CNLK27;BRBMEFCNL1H0;AGRIBUSINESS;-;-;-;-;-;-;1037,93;-;1022,07;-;15,86;1586;-;-;-;-;-
CNLN26;BRBMEFCNL1D9;AGRIBUSINESS;-;-;-;-;-;-;1070,12;-;1053,76;-;16,36;1636;-;-;-;-;-
CNLU26;BRBMEFCNL1E7;AGRIBUSINESS;-;-;-;-;-;-;1041,82;-;1025,9;-;15,92;1592;-;-;-;-;-
CNLX26;BRBMEFCNL1F4;AGRIBUSINESS;-;-;-;-;-;-;1037,93;-;1022,07;-;15,86;1586;-;-;-;-;-
ETHF27;BRBMEFETH5Z1;AGRIBUSINESS;-;-;-;-;-;-;2560;-;2590;-;-30;-900;-;2560;-;-;-
ETHG27;BRBMEFETH608;AGRIBUSINESS;-;-;-;-;-;-;2580;-;2590;-;-10;-300;-;2580;-;-;-
ETHH27;BRBMEFETH616;AGRIBUSINESS;-;-;-;-;-;-;2554,5;-;2560;-;-5,5;-165;-;-;-;-;-
ETHM26;BRBMEFETH5S6;AGRIBUSINESS;2370;2370;2370;2370;2370;-0,83;2370;-;2390;-;-20;-600;2350;2390;1;20;1422000
ETHN26;BRBMEFETH5T4;AGRIBUSINESS;-;-;-;-;-;-;2380;-;2385;-;-5;-150;2360;-;-;-;-
ETHQ26;BRBMEFETH5U2;AGRIBUSINESS;2410;2380;2410;2395;2380;-0,83;2395;-;2400;-;-5;-150;2360;-;2;4;287400
ETHU26;BRBMEFETH5V0;AGRIBUSINESS;2390;2390;2390;2390;2390;-0,62;2415;-;2405;-;10;300;2390;2440;1;18;1290600
ETHV26;BRBMEFETH5W8;AGRIBUSINESS;-;-;-;-;-;-;2439,5;-;2444,5;-;-5;-150;2420;2480;-;-;-
ETHX26;BRBMEFETH5X6;AGRIBUSINESS;-;-;-;-;-;-;2520;-;2526,5;-;-6,5;-195;2460;2520;-;-;-
ETHZ26;BRBMEFETH5Y4;AGRIBUSINESS;-;-;-;-;-;-;2540;-;2547;-;-7;-210;2470;2540;-;-;-
JSEU26;BRBMEFJSE1M7;FINANCIAL;-;-;-;-;-;-;102608;-;103406;-;-798;-319,2;-;-;-;-;-
JSEZ26;BRBMEFJSE1N5;FINANCIAL;-;-;-;-;-;-;103869;-;104646;-;-777;-310,8;-;-;-;-;-
HSIM26;BRBMEFHSI4U2;FINANCIAL;-;-;-;-;-;-;22700;-;23081;-;-381;-247,65;-;-;-;-;-
HSIN26;BRBMEFHSI4V0;FINANCIAL;-;-;-;-;-;-;22650;-;23026;-;-376;-244,4;-;-;-;-;-
HSIQ26;BRBMEFHSI4W8;FINANCIAL;-;-;-;-;-;-;22667;-;23100;-;-433;-281,45;-;-;-;-;-
GLDG27;BRBMEFGLD0C1;FINANCIAL;-;-;-;-;-;-;4041,75;-;3993,5;-;48,25;249,4718;-;-;-;-;-
GLDJ27;BRBMEFGLD0G2;FINANCIAL;-;-;-;-;-;-;4041,75;-;3993,5;-;48,25;249,4718;-;-;-;-;-
GLDM26;BRBMEFGLD088;FINANCIAL;-;-;-;-;-;-;4072,05;-;4031,25;-;40,8;210,95232;-;-;-;-;-
GLDN26;BRBMEFGLD0F4;FINANCIAL;-;-;-;-;-;-;4067;-;4018,5;-;48,5;250,7644;-;-;-;-;-
GLDQ26;BRBMEFGLD096;FINANCIAL;4055;4055;4130;4108;4130;1,64;4112,5;-;4063,25;-;49,25;254,6422;4090;4130;8.104;15.066;320002477,63
GLDU26;BRBMEFGLD0H0;FINANCIAL;-;-;-;-;-;-;4077;-;4028,25;-;48,75;252,057;-;-;-;-;-
GLDV26;BRBMEFGLD0A5;FINANCIAL;-;-;-;-;-;-;4041,75;-;3993,5;-;48,25;249,4718;-;-;-;-;-
GLDZ26;BRBMEFGLD0B3;FINANCIAL;-;-;-;-;-;-;4041,75;-;3993,5;-;48,25;249,4718;-;-;-;-;-
CCMF27;BRBMEFCCP353;AGRIBUSINESS;73,39;73,39;73,7;73,5;73,55;-0,08;73,57;-;73,61;-;-0,04;-18;73,5;73,58;191;467;15447465
CCMH27;BRBMEFCCP361;AGRIBUSINESS;75,04;74,8;75,07;74,87;74,95;-0,31;74,99;-;75,19;-;-0,2;-90;74,95;75;85;356;11994498
CCMK27;BRBMEFCCP338;AGRIBUSINESS;73,5;73,5;74,05;73,9;73,54;0,16;73,38;-;73,42;-;-0,04;-18;73,4;73,8;11;23;764874
CCMN26;BRBMEFCCP320;AGRIBUSINESS;64,42;64,15;64,62;64,4;64,29;-0,35;64,31;-;64,52;-;-0,21;-94,5;64,26;64,3;745;1.611;46688539,5
CCMN27;BRBMEFCCP387;AGRIBUSINESS;71,15;71,15;71,5;71,2;71,2;0;71,39;-;71,2;-;0,19;85,5;71,02;71,48;23;26;833040
CCMU26;BRBMEFCCP304;AGRIBUSINESS;67,91;67,5;68,13;67,83;67,96;0,07;67,86;-;67,91;-;-0,05;-22,5;67,96;68;3.086;5.222;159408675
CCMU27;BRBMEFCCP379;AGRIBUSINESS;71,2;71;71,2;71,06;71,17;0,01;71,09;-;71,16;-;-0,07;-31,5;71,01;71,18;98;558;17845096,5
CCMX26;BRBMEFCCP346;AGRIBUSINESS;70,88;70,72;71,1;70,91;71;0,16;70,98;-;70,88;-;0,1;45;71;71,01;809;1.432;45699966
CCMX27;BRBMEFCCP395;AGRIBUSINESS;-;-;-;-;-;-;72,32;-;72,24;-;0,08;36;72,35;-;-;-;-
SJCF27;BRBMEFSJC352;AGRIBUSINESS;-;-;-;-;-;-;25,8047;-;25,8157;-;-0,011;-25,59348;25,53;25,84;-;-;-
SJCH27;BRBMEFSJC360;AGRIBUSINESS;-;-;-;-;-;-;25,9149;-;25,9149;-;0;0;-;26,05;-;-;-
SJCK27;BRBMEFSJC378;AGRIBUSINESS;25,94;25,94;26,04;25,99;26,04;0;26,0362;-;26,0417;-;-0,0055;-12,79674;25,6;26,1;4;34;2056598,98
SJCN26;BRBMEFSJC329;AGRIBUSINESS;24,7;24,7;24,84;24,79;24,8;-0,22;24,8291;-;24,8567;-;-0,0276;-64,216368;24,75;24,8;64;503;29016189,14
SJCN27;BRBMEFSJC386;AGRIBUSINESS;-;-;-;-;-;-;26,1574;-;26,1795;-;-0,0221;-51,419628;-;26,5;-;-;-
SJCQ26;BRBMEFSJC337;AGRIBUSINESS;24,92;24,92;25,07;25;25,07;0,01;25,0551;-;25,0661;-;-0,011;-25,59348;25;25,04;25;221;12856209,94
SJCU26;BRBMEFSJC345;AGRIBUSINESS;25,01;25,01;25,09;25,01;25,09;-0,27;25,1653;-;25,1598;-;0,0055;12,79674;25,12;25,18;2;11;640279,06
SJCX26;BRBMEFSJC2Z9;AGRIBUSINESS;25,4;25,37;25,6;25,44;25,46;-0,18;25,4905;-;25,5071;-;-0,0166;-38,622888;25,43;25,46;80;248;14679466,18
BGIF27;BRBMEFBGI7Y7;AGRIBUSINESS;360;356,35;360,95;359,04;359;0,58;358,85;-;356,9;-;1,95;643,5;359,1;359,65;69;117;13862590,5
BGIG27;BRBMEFBGI7Z4;AGRIBUSINESS;355,75;355,75;356;355,87;356;0,55;356;-;354,05;-;1,95;643,5;356,75;357,5;2;2;234877,5
BGIH27;BRBMEFBGI807;AGRIBUSINESS;-;-;-;-;-;-;359,55;-;357,6;-;1,95;643,5;354,65;358,4;-;-;-
BGIK27;BRBMEFBGI815;AGRIBUSINESS;-;-;-;-;-;-;359,55;-;357,6;-;1,95;643,5;345,5;353,95;-;-;-
BGIM26;BRBMEFBGI7N0;AGRIBUSINESS;339;338,85;339,75;339,38;339,3;0,08;339,4;-;339;-;0,4;132;339,25;339,3;890;1.656;185469190,5
BGIN26;BRBMEFBGI7O8;AGRIBUSINESS;333,25;332,95;334,8;333,84;333,85;0,05;333,55;-;333,65;-;-0,1;-33;333,8;333,95;958;1.345;148176039
BGIQ26;BRBMEFBGI7P5;AGRIBUSINESS;335,6;334,25;336,7;336,11;336,05;0,02;336,1;-;335,95;-;0,15;49,5;336,05;336,5;365;603;66883294,5
BGIU26;BRBMEFBGI7S9;AGRIBUSINESS;337,35;336,7;338,9;337,58;338,15;-0,04;337,5;-;338,3;-;-0,8;-264;337,65;338,25;239;263;29298736,5
BGIV26;BRBMEFBGI7U5;AGRIBUSINESS;345,55;343,05;346,9;344,75;345,8;0,07;345,1;-;345,55;-;-0,45;-148,5;345,55;345,8;842;1.277;145281295,5
BGIX26;BRBMEFBGI7W1;AGRIBUSINESS;349,9;345,15;350,85;348,47;349,1;-0,35;349;-;350,35;-;-1,35;-445,5;349;349,7;661;990;113846865
BGIZ26;BRBMEFBGI7X9;AGRIBUSINESS;351,85;346,5;352,1;350;351,45;-0,11;351,3;-;351,85;-;-0,55;-181,5;351,45;351,9;286;389;44930407,5
AUSN26;BRBMEFAUS2J0;FINANCIAL;689,8;689,1;689,8;689,22;689,1;-0,29;689,056;-;691,154;-;-2,098;-108,474992;-;-;3;125;4454434,03
AUSQ26;BRBMEFAUS2K8;FINANCIAL;-;-;-;-;-;-;688,558;-;690,646;-;-2,088;-107,957952;-;-;-;-;-
AUSU26;BRBMEFAUS2L6;FINANCIAL;-;-;-;-;-;-;688,213;-;690,303;-;-2,09;-108,06136;-;-;-;-;-
AUSV26;BRBMEFAUS2M4;FINANCIAL;-;-;-;-;-;-;687,8;-;689,905;-;-2,105;-108,83692;-;-;-;-;-
AUSX26;BRBMEFAUS2N2;FINANCIAL;-;-;-;-;-;-;687,476;-;689,593;-;-2,117;-109,457368;-;-;-;-;-
CANN26;BRBMEFCAN2K5;FINANCIAL;-;-;-;-;-;-;1417,965;-;1418,297;-;-0,332;-12,09620752;-;-;-;-;-
CANQ26;BRBMEFCAN2L3;FINANCIAL;-;-;-;-;-;-;1415,594;-;1415,986;-;-0,392;-14,28226912;-;-;-;-;-
CANU26;BRBMEFCAN2M1;FINANCIAL;-;-;-;-;-;-;1413,878;-;1414,069;-;-0,191;-6,95896276;-;-;-;-;-
CANV26;BRBMEFCAN2N9;FINANCIAL;-;-;-;-;-;-;1411,53;-;1411,648;-;-0,118;-4,29925448;-;-;-;-;-
CANX26;BRBMEFCAN2O7;FINANCIAL;-;-;-;-;-;-;1409,61;-;1409,738;-;-0,128;-4,66359808;-;-;-;-;-
NZLN26;BRBMEFNZL2J7;FINANCIAL;-;-;-;-;-;-;564;-;565,2;-;-1,2;-62,0448;-;-;-;-;-
NZLQ26;BRBMEFNZL2K5;FINANCIAL;-;-;-;-;-;-;564,7;-;565,9;-;-1,2;-62,0448;-;-;-;-;-
NZLU26;BRBMEFNZL2L3;FINANCIAL;-;-;-;-;-;-;565,1;-;566,4;-;-1,3;-67,2152;-;-;-;-;-
NZLV26;BRBMEFNZL2M1;FINANCIAL;-;-;-;-;-;-;565,7;-;567;-;-1,3;-67,2152;-;-;-;-;-
NZLX26;BRBMEFNZL2N9;FINANCIAL;-;-;-;-;-;-;566,2;-;567,5;-;-1,3;-67,2152;-;-;-;-;-
EUPN26;BRBMEFEUP2J9;FINANCIAL;1141;1138,4;1141,05;1140,52;1138,4;0,02;1139,412;-;1138,119;-;1,293;66,853272;-;-;5;294;17337162,95
EUPQ26;BRBMEFEUP2K7;FINANCIAL;-;-;-;-;-;-;1141,155;-;1139,934;-;1,221;63,130584;-;-;-;-;-
EUPU26;BRBMEFEUP2L5;FINANCIAL;-;-;-;-;-;-;1142,457;-;1141,228;-;1,229;63,544216;-;-;-;-;-
EUPV26;BRBMEFEUP2M3;FINANCIAL;-;-;-;-;-;-;1144,141;-;1142,89;-;1,251;64,681704;-;-;-;-;-
EUPX26;BRBMEFEUP2N1;FINANCIAL;-;-;-;-;-;-;1145,495;-;1144,232;-;1,263;65,302152;-;-;-;-;-
SWIN26;BRBMEFSWI2J0;FINANCIAL;808,2;808,2;808,5;808,46;808,5;0,04;807,9;-;808,1;-;-0,2;-12,7743052;-;-;2;62;3201553,85
SWIQ26;BRBMEFSWI2K8;FINANCIAL;-;-;-;-;-;-;804,6;-;804,7;-;-0,1;-6,3871526;-;-;-;-;-
SWIU26;BRBMEFSWI2L6;FINANCIAL;-;-;-;-;-;-;802,2;-;802,2;-;0;0;-;-;-;-;-
SWIV26;BRBMEFSWI2M4;FINANCIAL;-;-;-;-;-;-;799;-;799,1;-;-0,1;-6,3871526;-;-;-;-;-
SWIX26;BRBMEFSWI2N2;FINANCIAL;-;-;-;-;-;-;796,5;-;796,5;-;0;0;-;-;-;-;-
JAPN26;BRBMEFJAP2J8;FINANCIAL;161500;161500;161530;161505;161530;-0,01;161487,567;-;161550,36;-;-62,793;-20,076994269;-;-;4;90;4647463,03
JAPQ26;BRBMEFJAP2K6;FINANCIAL;-;-;-;-;-;-;161007,789;-;161052,371;-;-44,582;-14,254336606;-;-;-;-;-
JAPU26;BRBMEFJAP2L4;FINANCIAL;-;-;-;-;-;-;160647,659;-;160694,107;-;-46,448;-14,850958384;-;-;-;-;-
JAPV26;BRBMEFJAP2M2;FINANCIAL;-;-;-;-;-;-;160175,917;-;160224,93;-;-49,013;-15,671073529;-;-;-;-;-
JAPX26;BRBMEFJAP2N0;FINANCIAL;-;-;-;-;-;-;159796,787;-;159845,941;-;-49,154;-15,716155882;-;-;-;-;-
CNHN26;BRBMEFCNH2J0;FINANCIAL;-;-;-;-;-;-;6794,439;-;6791,947;-;2,492;18,939638592;-;-;-;-;-
CNHQ26;BRBMEFCNH2K8;FINANCIAL;-;-;-;-;-;-;6777,747;-;6774,407;-;3,34;25,38458784;-;-;-;-;-
CNHU26;BRBMEFCNH2L6;FINANCIAL;-;-;-;-;-;-;6764,553;-;6761,872;-;2,681;20,376071856;-;-;-;-;-
CNHV26;BRBMEFCNH2M4;FINANCIAL;-;-;-;-;-;-;6747,207;-;6744,854;-;2,353;17,883214128;-;-;-;-;-
CNHX26;BRBMEFCNH2N2;FINANCIAL;-;-;-;-;-;-;6733,371;-;6730,965;-;2,406;18,286023456;-;-;-;-;-
GBRN26;BRBMEFGBR2J8;FINANCIAL;-;-;-;-;-;-;1319,773;-;1319,776;-;-0,003;-0,155112;-;1325;-;-;-
GBRQ26;BRBMEFGBR2K6;FINANCIAL;-;-;-;-;-;-;1319,735;-;1319,744;-;-0,009;-0,465336;-;-;-;-;-
GBRU26;BRBMEFGBR2L4;FINANCIAL;-;-;-;-;-;-;1319,73;-;1319,769;-;-0,039;-2,016456;-;-;-;-;-
GBRV26;BRBMEFGBR2M2;FINANCIAL;-;-;-;-;-;-;1319,724;-;1319,815;-;-0,091;-4,705064;-;-;-;-;-
GBRX26;BRBMEFGBR2N0;FINANCIAL;-;-;-;-;-;-;1319,718;-;1319,853;-;-0,135;-6,98004;-;-;-;-;-
TUQN26;BRBMEFTUQ2J1;FINANCIAL;-;-;-;-;-;-;47168,6;-;47095,4;-;73,2;81,1869252;-;-;-;-;-
TUQQ26;BRBMEFTUQ2K9;FINANCIAL;-;-;-;-;-;-;48554,6;-;48448,3;-;106,3;117,8984993;-;-;-;-;-
TUQU26;BRBMEFTUQ2L7;FINANCIAL;-;-;-;-;-;-;49674,7;-;49578,7;-;96;106,474656;-;-;-;-;-
TUQV26;BRBMEFTUQ2M5;FINANCIAL;-;-;-;-;-;-;51115,1;-;51033,6;-;81,5;90,3925465;-;-;-;-;-
TUQX26;BRBMEFTUQ2N3;FINANCIAL;-;-;-;-;-;-;52285,4;-;52210,8;-;74,6;82,7396806;-;-;-;-;-
CHLN26;BRBMEFCHL2T1;FINANCIAL;-;-;-;-;-;-;923620;-;920051,2;-;3568,8;199,76358;-;-;-;-;-
CHLN27;BRBMEFCHL2Q7;FINANCIAL;-;-;-;-;-;-;920838,6;-;919774,4;-;1064,2;59,568595;-;-;-;-;-
CHLQ26;BRBMEFCHL2R5;FINANCIAL;-;-;-;-;-;-;922854,8;-;921635;-;1219,8;68,278305;-;-;-;-;-
CHLU26;BRBMEFCHL2S3;FINANCIAL;-;-;-;-;-;-;922676,7;-;921274,3;-;1402,4;78,49934;-;-;-;-;-
CHLV26;BRBMEFCHL2U9;FINANCIAL;-;-;-;-;-;-;922519,2;-;921171,8;-;1347,4;75,420715;-;-;-;-;-
CHLX26;BRBMEFCHL2V7;FINANCIAL;-;-;-;-;-;-;922305,7;-;921213,1;-;1092,6;61,158285;-;-;-;-;-
MEXN26;BRBMEFMEX2J9;FINANCIAL;-;-;-;-;-;-;17535,811;-;17526,969;-;8,842;26,113069758;-;-;-;-;-
MEXQ26;BRBMEFMEX2K7;FINANCIAL;-;-;-;-;-;-;17588,514;-;17582,81;-;5,704;16,845617496;-;-;-;-;-
MEXU26;BRBMEFMEX2L5;FINANCIAL;-;-;-;-;-;-;17628,388;-;17622,747;-;5,641;16,659559659;-;-;-;-;-
MEXV26;BRBMEFMEX2M3;FINANCIAL;-;-;-;-;-;-;17678,402;-;17672,369;-;6,033;17,817252867;-;-;-;-;-
MEXX26;BRBMEFMEX2N1;FINANCIAL;-;-;-;-;-;-;17717,941;-;17712,006;-;5,935;17,527829565;-;-;-;-;-
AFSN26;BRBMEFAFS2J9;FINANCIAL;16460;16460;16511;16485,5;16511;0,16;16494,8;-;16484,5;-;10,3;32,3570174;-;-;2;20;1035770,11
AFSQ26;BRBMEFAFS2K7;FINANCIAL;-;-;-;-;-;-;16542,4;-;16533,9;-;8,5;26,702393;-;-;-;-;-
AFSU26;BRBMEFAFS2L5;FINANCIAL;-;-;-;-;-;-;16577,9;-;16567,8;-;10,1;31,7287258;-;-;-;-;-
AFSV26;BRBMEFAFS2M3;FINANCIAL;-;-;-;-;-;-;16622,7;-;16611,3;-;11,4;35,8126212;-;-;-;-;-
AFSX26;BRBMEFAFS2N1;FINANCIAL;-;-;-;-;-;-;16658,3;-;16646,5;-;11,8;37,0692044;-;-;-;-;-
NOKN26;BRBMEFNOK2J1;FINANCIAL;9927;9927;9927;9927;9927;0,69;9945,078;-;9858,414;-;86,664;450,66536628;-;-;1;17;877571,27
NOKQ26;BRBMEFNOK2K9;FINANCIAL;-;-;-;-;-;-;9949,547;-;9863,378;-;86,169;448,091294505;-;-;-;-;-
NOKU26;BRBMEFNOK2L7;FINANCIAL;-;-;-;-;-;-;9953,69;-;9867,296;-;86,394;449,26132713;-;-;-;-;-
NOKV26;BRBMEFNOK2M5;FINANCIAL;-;-;-;-;-;-;9958,449;-;9872,547;-;85,902;446,70285579;-;-;-;-;-
NOKX26;BRBMEFNOK2N3;FINANCIAL;-;-;-;-;-;-;9961,925;-;9876,789;-;85,136;442,71954472;-;-;-;-;-
RUBN26;BRBMEFRUB2R3;FINANCIAL;-;-;-;-;-;-;78947,962;-;75966,22;-;2981,742;1954,698858552;-;-;-;-;-
RUBN27;BRBMEFRUB2Q5;FINANCIAL;-;-;-;-;-;-;86931,643;-;83911,766;-;3019,877;1979,698486612;-;-;-;-;-
RUBQ26;BRBMEFRUB2S1;FINANCIAL;-;-;-;-;-;-;79684,169;-;76671,844;-;3012,325;1974,7477277;-;-;-;-;-
RUBU26;BRBMEFRUB2T9;FINANCIAL;-;-;-;-;-;-;80355,414;-;77363,91;-;2991,504;1961,098396224;-;-;-;-;-
RUBV26;BRBMEFRUB2U7;FINANCIAL;-;-;-;-;-;-;80999,269;-;78014,39;-;2984,879;1956,755337724;-;-;-;-;-
RUBX26;BRBMEFRUB2V5;FINANCIAL;-;-;-;-;-;-;81752,728;-;78768,002;-;2984,726;1956,655037656;-;-;-;-;-
SEKN26;BRBMEFSEK2J8;FINANCIAL;-;-;-;-;-;-;9730,198;-;9725,009;-;5,189;27,547082994;-;-;-;-;-
SEKQ26;BRBMEFSEK2K6;FINANCIAL;-;-;-;-;-;-;9710,303;-;9704,167;-;6,136;32,574465456;-;-;-;-;-
SEKU26;BRBMEFSEK2L4;FINANCIAL;-;-;-;-;-;-;9695,36;-;9689,179;-;6,181;32,813359026;-;-;-;-;-
SEKV26;BRBMEFSEK2M2;FINANCIAL;-;-;-;-;-;-;9675,862;-;9669,603;-;6,259;33,227441214;-;-;-;-;-
SEKX26;BRBMEFSEK2N0;FINANCIAL;-;-;-;-;-;-;9660,209;-;9653,767;-;6,442;34,198941732;-;-;-;-;-
ARSN26;BRBMEFARS2G1;FINANCIAL;-;-;-;-;-;-;1479653,9;-;1480531;-;-877,1;-30,7037626;-;-;-;-;-
ARSN27;BRBMEFARS2F3;FINANCIAL;-;-;-;-;-;-;1785060;-;1848580;-;-63520;-2223,58112;-;-;-;-;-
ARSQ26;BRBMEFARS2H9;FINANCIAL;-;-;-;-;-;-;1508963,8;-;1508740,2;-;223,6;7,8273416;-;-;-;-;-
ARSU26;BRBMEFARS2I7;FINANCIAL;-;-;-;-;-;-;1532322,7;-;1536935,3;-;-4612,6;-161,4686756;-;-;-;-;-
ARSV26;BRBMEFARS2J5;FINANCIAL;-;-;-;-;-;-;1559732;-;1564580,9;-;-4848,9;-169,7405934;-;-;-;-;-
ARSX26;BRBMEFARS2K3;FINANCIAL;-;-;-;-;-;-;1586030,3;-;1595795,8;-;-9765,5;-341,851093;-;-;-;-;-
SOYH27;BRBMEFSOY0O4;AGRIBUSINESS;-;-;-;-;-;-;432;-;432;-;0;0;-;-;-;-;-
SOYK27;BRBMEFSOY0Q9;AGRIBUSINESS;-;-;-;-;-;-;438,4;-;438,4;-;0;0;-;-;-;-;-
SOYX26;BRBMEFSOY0N6;AGRIBUSINESS;-;-;-;-;-;-;467,8;-;468,2;-;-0,4;-70,3052;-;-;-;-;-
TIEH28;BRBMEFTIE077;FINANCIAL;-;-;-;-;-;-;88656,019;7,335;88658,758;-;-2,739;-2,432075877;-;-;-;-;-
TIEH31;BRBMEFTIE085;FINANCIAL;-;-;-;-;-;-;69676,506;9,072;69630,285;-;46,221;41,041613403;-;-;-;-;-
TIEM28;BRBMEFTIE0A4;FINANCIAL;-;-;-;-;-;-;86866,671;7,497;86872,737;-;-6,066;-5,386262238;-;-;-;-;-
TIEM31;BRBMEFTIE0B2;FINANCIAL;-;-;-;-;-;-;68252,141;9,211;68203,16;-;48,981;43,492336083;-;-;-;-;-
TIEU26;BRBMEFTIE0C0;FINANCIAL;-;-;-;-;-;-;98524,902;6,573;98524,072;-;0,83;0,73699269;-;-;-;-;-
TIEU27;BRBMEFTIE028;FINANCIAL;-;-;-;-;-;-;91995,714;7,023;91986,359;-;9,355;8,306706765;-;-;-;-;-
TIEU28;BRBMEFTIE0D8;FINANCIAL;-;-;-;-;-;-;85220,183;7,642;85226,753;-;-6,57;-5,83378551;-;-;-;-;-
TIEU30;BRBMEFTIE044;FINANCIAL;-;-;-;-;-;-;72604,593;8,792;72564,109;-;40,484;35,947484412;-;-;-;-;-
TIEU31;BRBMEFTIE0E6;FINANCIAL;-;-;-;-;-;-;66858,163;9,348;66806,502;-;51,661;45,872023323;-;-;-;-;-
TIEZ27;BRBMEFTIE036;FINANCIAL;-;-;-;-;-;-;90325,941;7,18;90324,759;-;1,182;1,049548626;-;-;-;-;-
TIEZ30;BRBMEFTIE051;FINANCIAL;-;-;-;-;-;-;71126,021;8,933;71084,933;-;41,088;36,483801984;-;-;-;-;-
SFRH28;BRBMEFSF0070;FINANCIAL;-;-;-;-;-;-;93451,452;4,017;93402,359;-;49,093;50,76608944;-;-;-;-;-
SFRH31;BRBMEFSF0088;FINANCIAL;-;-;-;-;-;-;83483,782;4,124;83340,648;-;143,134;148,01200672;-;-;-;-;-
SFRM28;BRBMEFSF00B6;FINANCIAL;-;-;-;-;-;-;92504,399;4,018;92445,491;-;58,908;60,91558464;-;-;-;-;-
SFRM31;BRBMEFSF00D2;FINANCIAL;-;-;-;-;-;-;82690,928;4,145;82546,574;-;144,354;149,27358432;-;-;-;-;-
SFRU26;BRBMEFSF00A8;FINANCIAL;-;-;-;-;-;-;99162,474;3,708;99160,558;-;1,916;1,98129728;-;-;-;-;-
SFRU27;BRBMEFSF0021;FINANCIAL;-;-;-;-;-;-;95293,048;3,987;95259,942;-;33,106;34,23425248;-;-;-;-;-
SFRU28;BRBMEFSF00C4;FINANCIAL;-;-;-;-;-;-;91643,381;4,018;91574,632;-;68,749;71,09196592;-;-;-;-;-
SFRU30;BRBMEFSF0047;FINANCIAL;-;-;-;-;-;-;85074,284;4,088;84944,336;-;129,948;134,37662784;-;-;-;-;-
SFRU31;BRBMEFSF00E0;FINANCIAL;-;-;-;-;-;-;81902,312;4,167;81750,093;-;152,219;157,40662352;-;-;-;-;-
SFRZ27;BRBMEFSF0039;FINANCIAL;-;-;-;-;-;-;94357,344;4,009;94317,075;-;40,269;41,64136752;-;-;-;-;-
SFRZ30;BRBMEFSF0054;FINANCIAL;-;-;-;-;-;-;84277,988;4,105;84142,99;-;134,998;139,59873184;-;-;-;-;-
ESTH28;BRBMEFEST076;FINANCIAL;-;-;-;-;-;-;95943,018;2,424;95897,629;-;45,389;53,489586630958;-;-;-;-;-
ESTH31;BRBMEFEST084;FINANCIAL;-;-;-;-;-;-;89043,33;2,565;88951,841;-;91,489;107,817065616774;-;-;-;-;-
ESTM28;BRBMEFEST0A2;FINANCIAL;-;-;-;-;-;-;95330,263;2,429;95267,559;-;62,704;73,894799182789;-;-;-;-;-
ESTM31;BRBMEFEST0B0;FINANCIAL;-;-;-;-;-;-;88461,013;2,583;88369,92;-;91,093;107,350391393815;-;-;-;-;-
ESTU27;BRBMEFEST027;FINANCIAL;-;-;-;-;-;-;97105,511;2,406;97077,008;-;28,503;33,589937820665;-;-;-;-;-
ESTU30;BRBMEFEST043;FINANCIAL;-;-;-;-;-;-;90205,556;2,53;90121,525;-;84,031;99,028034417723;-;-;-;-;-
ESTZ27;BRBMEFEST035;FINANCIAL;-;-;-;-;-;-;96518,715;2,418;96480,738;-;37,977;44,754765063868;-;-;-;-;-
ESTZ30;BRBMEFEST050;FINANCIAL;-;-;-;-;-;-;89626,053;2,547;89538,231;-;87,822;103,495615173368;-;-;-;-;-
DDIF27;BRBMEFDDI4X7;FINANCIAL;5,85;5,85;5,85;5,85;5,85;6,84;96935,79;5,927;97162,82;-;-227,03;-589,052038;-;-;1;42;10567610,34
DDIF28;BRBMEFDDI4Z2;FINANCIAL;-;-;-;-;-;-;91763,06;5,812;91957,13;-;-194,07;-503,534022;-;-;-;-;-
DDIF29;BRBMEFDDI4W9;FINANCIAL;-;-;-;-;-;-;86896,97;5,894;87104,77;-;-207,8;-539,15788;-;-;-;-;-
DDIF30;BRBMEFDDI4Y5;FINANCIAL;-;-;-;-;-;-;82344,87;6,002;82516,8;-;-171,93;-446,089578;-;-;-;-;-
DDIF31;BRBMEFDDI693;FINANCIAL;-;-;-;-;-;-;77919,5;6,179;78078;-;-158,5;-411,2441;-;-;-;-;-
DDIF32;BRBMEFDDI792;FINANCIAL;-;-;-;-;-;-;73540,23;6,425;73654,91;-;-114,68;-297,548728;-;-;-;-;-
DDIF33;BRBMEFDDI6L7;FINANCIAL;-;-;-;-;-;-;69387,3;6,665;69552,98;-;-165,68;-429,873328;-;-;-;-;-
DDIF34;BRBMEFDDI7A8;FINANCIAL;-;-;-;-;-;-;65479,52;6,909;65637,79;-;-158,27;-410,647342;-;-;-;-;-
DDIF35;BRBMEFDDI6K9;FINANCIAL;-;-;-;-;-;-;61656,79;7,194;61804,54;-;-147,75;-383,35215;-;-;-;-;-
DDIF36;BRBMEFDDI6W4;FINANCIAL;-;-;-;-;-;-;58086,38;7,471;58226,22;-;-139,84;-362,828864;-;-;-;-;-
DDIF37;BRBMEFDDI776;FINANCIAL;-;-;-;-;-;-;54635,81;7,778;54766,42;-;-130,61;-338,880706;-;-;-;-;-
DDIF38;BRBMEFDDI7M3;FINANCIAL;-;-;-;-;-;-;51366,81;8,096;51489,78;-;-122,97;-319,057962;-;-;-;-;-
DDIF39;BRBMEFDDI7Y8;FINANCIAL;-;-;-;-;-;-;48387,92;8,395;48504,61;-;-116,69;-302,763874;-;-;-;-;-
DDIF40;BRBMEFDDI8B4;FINANCIAL;-;-;-;-;-;-;45781,32;8,634;45889,93;-;-108,61;-281,799506;-;-;-;-;-
DDIF41;BRBMEFDDI9L1;FINANCIAL;-;-;-;-;-;-;43258,05;8,903;43362,25;-;-104,2;-270,35732;-;-;-;-;-
DDIG27;BRBMEFDDI9M9;FINANCIAL;-;-;-;-;-;-;96551,81;5,844;96782,12;-;-230,31;-597,562326;-;-;-;-;-
DDIH27;BRBMEFDDI9T4;FINANCIAL;-;-;-;-;-;-;96162,41;5,793;96385,71;-;-223,3;-579,37418;-;-;-;-;-
DDIJ27;BRBMEFDDI7C4;FINANCIAL;-;-;-;-;-;-;95719,66;5,77;95941,12;-;-221,46;-574,600116;-;-;-;-;-
DDIJ28;BRBMEFDDI7P6;FINANCIAL;-;-;-;-;-;-;90579,28;5,787;90766,23;-;-186,95;-485,06047;-;-;-;-;-
DDIJ29;BRBMEFDDI818;FINANCIAL;-;-;-;-;-;-;85783,91;5,901;85968,95;-;-185,04;-480,104784;-;-;-;-;-
DDIJ30;BRBMEFDDI8E8;FINANCIAL;-;-;-;-;-;-;81267,55;6,035;81409,51;-;-141,96;-368,329416;-;-;-;-;-
DDIJ31;BRBMEFDDI9J5;FINANCIAL;-;-;-;-;-;-;76814,26;6,245;76969,31;-;-155,05;-402,29273;-;-;-;-;-
DDIK27;BRBMEFDDI9U2;FINANCIAL;-;-;-;-;-;-;95252,81;5,769;95472,72;-;-219,91;-570,578486;-;-;-;-;-
DDIM27;BRBMEFDDI9V0;FINANCIAL;-;-;-;-;-;-;94823,68;5,78;95041,86;-;-218,18;-566,089828;-;-;-;-;-
DDIN26;BRBMEFDDI636;FINANCIAL;29,046;28,348;40,936;35,785;29,743;89,14;99544,25;32,964;99782,07;-;-237,82;-617,047772;-;-;11;8.311;2145708178,1
DDIN27;BRBMEFDDI7F7;FINANCIAL;-;-;-;-;-;-;94404,46;5,767;94611,28;-;-206,82;-536,615172;-;-;-;-;-
DDIN28;BRBMEFDDI7S0;FINANCIAL;-;-;-;-;-;-;89404,61;5,781;89585,01;-;-180,4;-468,06584;-;-;-;-;-
DDIN29;BRBMEFDDI826;FINANCIAL;-;-;-;-;-;-;84658,39;5,92;84796,36;-;-137,97;-357,976962;-;-;-;-;-
DDIN30;BRBMEFDDI8A6;FINANCIAL;-;-;-;-;-;-;80157,08;6,079;80268,1;-;-111,02;-288,052492;-;-;-;-;-
DDIN31;BRBMEFDDI9I7;FINANCIAL;-;-;-;-;-;-;75817,88;6,271;75970,02;-;-152,14;-394,742444;-;-;-;-;-
DDIQ26;BRBMEFDDI8H1;FINANCIAL;8,432;7,952;9,668;9,021;9,608;52,12;99103,71;8,568;99337,71;-;-234;-607,1364;-;-;8;8.340;2143485401,8
DDIQ27;BRBMEFDDI8J7;FINANCIAL;-;-;-;-;-;-;93949,8;5,767;94154,14;-;-204,34;-530,180564;-;-;-;-;-
DDIU26;BRBMEFDDI8K5;FINANCIAL;-;-;-;-;-;-;98709,62;7,024;98943,72;-;-234,1;-607,39586;-;-;-;-;-
DDIV26;BRBMEFDDI743;FINANCIAL;6,42;6,42;6,42;6,42;6,42;16,19;98303,23;6,406;98533,21;-;-229,98;-596,706108;-;-;1;20;5100961,8
DDIV27;BRBMEFDDI7I1;FINANCIAL;-;-;-;-;-;-;93081,21;5,792;93292,63;-;-211,42;-548,550332;-;-;-;-;-
DDIV28;BRBMEFDDI7V4;FINANCIAL;-;-;-;-;-;-;88181,74;5,82;88373,46;-;-191,72;-497,436712;-;-;-;-;-
DDIV29;BRBMEFDDI875;FINANCIAL;-;-;-;-;-;-;83576,15;5,93;83752,43;-;-176,28;-457,376088;-;-;-;-;-
DDIV30;BRBMEFDDI8I9;FINANCIAL;-;-;-;-;-;-;79130,53;6,094;79266,61;-;-136,08;-353,073168;-;-;-;-;-
DDIV31;BRBMEFDDI9K3;FINANCIAL;-;-;-;-;-;-;74737,26;6,328;74857,21;-;-119,95;-311,22227;-;-;-;-;-
DDIX26;BRBMEFDDI8M1;FINANCIAL;6,22;6,22;6,22;6,22;6,22;14,1;97842,28;6,107;98069,43;-;-227,15;-589,36339;-;-;1;1.000;253760260
DDIX27;BRBMEFDDI9N7;FINANCIAL;-;-;-;-;-;-;92672,25;5,774;92870,88;-;-198,63;-515,365398;-;-;-;-;-
DDIX28;BRBMEFDDI9P2;FINANCIAL;-;-;-;-;-;-;87778,62;5,835;87970,85;-;-192,23;-498,759958;-;-;-;-;-
DDIX29;BRBMEFDDI9R8;FINANCIAL;-;-;-;-;-;-;83157,46;5,957;83331,31;-;-173,85;-451,07121;-;-;-;-;-
DDIZ26;BRBMEFDDI8L3;FINANCIAL;-;-;-;-;-;-;97448,82;5,965;97677,48;-;-228,66;-593,281236;-;-;-;-;-
DDIZ27;BRBMEFDDI9O5;FINANCIAL;-;-;-;-;-;-;92255,9;5,778;92439,87;-;-183,97;-477,328562;-;-;-;-;-
DDIZ28;BRBMEFDDI9Q0;FINANCIAL;-;-;-;-;-;-;87360,3;5,859;87568,61;-;-208,31;-540,481126;-;-;-;-;-
DDIZ29;BRBMEFDDI9S6;FINANCIAL;-;-;-;-;-;-;82821,6;5,945;82995,5;-;-173,9;-451,20094;-;-;-;-;-
DCOF27;BRBMEFDCO1S6;FINANCIAL;-;-;-;-;-;-;96935,79;5,927;97162,82;-;-227,03;-589,052038;-;-;-;-;-
DCOF28;BRBMEFDCO1P2;FINANCIAL;-;-;-;-;-;-;91763,06;5,812;91957,13;-;-194,07;-503,534022;-;-;-;-;-
DCOF29;BRBMEFDCO1R8;FINANCIAL;-;-;-;-;-;-;86896,97;5,894;87104,77;-;-207,8;-539,15788;-;-;-;-;-
DCOF30;BRBMEFDCO1Q0;FINANCIAL;-;-;-;-;-;-;82344,87;6,002;82516,8;-;-171,93;-446,089578;-;-;-;-;-
DCOF31;BRBMEFDCO313;FINANCIAL;-;-;-;-;-;-;77919,5;6,179;78078;-;-158,5;-411,2441;-;-;-;-;-
DCOF32;BRBMEFDCO412;FINANCIAL;-;-;-;-;-;-;73540,23;6,425;73654,91;-;-114,68;-297,548728;-;-;-;-;-
DCOF33;BRBMEFDCO3D4;FINANCIAL;-;-;-;-;-;-;69387,3;6,665;69552,98;-;-165,68;-429,873328;-;-;-;-;-
DCOF34;BRBMEFDCO420;FINANCIAL;-;-;-;-;-;-;65479,52;6,909;65637,79;-;-158,27;-410,647342;-;-;-;-;-
DCOF35;BRBMEFDCO3C6;FINANCIAL;-;-;-;-;-;-;61656,79;7,194;61804,54;-;-147,75;-383,35215;-;-;-;-;-
DCOF36;BRBMEFDCO3O1;FINANCIAL;-;-;-;-;-;-;58086,38;7,471;58226,22;-;-139,84;-362,828864;-;-;-;-;-
DCOF37;BRBMEFDCO3Z7;FINANCIAL;-;-;-;-;-;-;54635,81;7,778;54766,42;-;-130,61;-338,880706;-;-;-;-;-
DCOF38;BRBMEFDCO4E0;FINANCIAL;-;-;-;-;-;-;51366,81;8,096;51489,78;-;-122,97;-319,057962;-;-;-;-;-
DCOF39;BRBMEFDCO4Q4;FINANCIAL;-;-;-;-;-;-;48387,92;8,395;48504,61;-;-116,69;-302,763874;-;-;-;-;-
DCOF40;BRBMEFDCO537;FINANCIAL;-;-;-;-;-;-;45781,32;8,634;45889,93;-;-108,61;-281,799506;-;-;-;-;-
DCOF41;BRBMEFDCO5I8;FINANCIAL;-;-;-;-;-;-;43258,05;8,903;43362,25;-;-104,2;-270,35732;-;-;-;-;-
DCOG27;BRBMEFDCO5J6;FINANCIAL;-;-;-;-;-;-;96551,81;5,844;96782,12;-;-230,31;-597,562326;-;-;-;-;-
DCOH27;BRBMEFDCO5Q1;FINANCIAL;-;-;-;-;-;-;96162,41;5,793;96385,71;-;-223,3;-579,37418;-;-;-;-;-
DCOJ27;BRBMEFDCO446;FINANCIAL;-;-;-;-;-;-;95719,66;5,77;95941,12;-;-221,46;-574,600116;-;-;-;-;-
DCOJ28;BRBMEFDCO4H3;FINANCIAL;-;-;-;-;-;-;90579,28;5,787;90766,23;-;-186,95;-485,06047;-;-;-;-;-
DCOJ29;BRBMEFDCO4T8;FINANCIAL;-;-;-;-;-;-;85783,91;5,901;85968,95;-;-185,04;-480,104784;-;-;-;-;-
DCOJ30;BRBMEFDCO560;FINANCIAL;-;-;-;-;-;-;81267,55;6,035;81409,51;-;-141,96;-368,329416;-;-;-;-;-
DCOJ31;BRBMEFDCO5G2;FINANCIAL;-;-;-;-;-;-;76814,26;6,245;76969,31;-;-155,05;-402,29273;-;-;-;-;-
DCOK27;BRBMEFDCO5R9;FINANCIAL;-;-;-;-;-;-;95252,81;5,769;95472,72;-;-219,91;-570,578486;-;-;-;-;-
DCOM27;BRBMEFDCO5S7;FINANCIAL;-;-;-;-;-;-;94823,68;5,78;95041,86;-;-218,18;-566,089828;-;-;-;-;-
DCON26;BRBMEFDCO2V8;FINANCIAL;-;-;-;-;-;-;99544,25;32,964;99782,07;-;-237,82;-617,047772;-;-;-;-;-
DCON27;BRBMEFDCO479;FINANCIAL;-;-;-;-;-;-;94404,46;5,767;94611,28;-;-206,82;-536,615172;-;-;-;-;-
DCON28;BRBMEFDCO4K7;FINANCIAL;-;-;-;-;-;-;89404,61;5,781;89585,01;-;-180,4;-468,06584;-;-;-;-;-
DCON29;BRBMEFDCO4U6;FINANCIAL;-;-;-;-;-;-;84658,39;5,92;84796,36;-;-137,97;-357,976962;-;-;-;-;-
DCON30;BRBMEFDCO529;FINANCIAL;-;-;-;-;-;-;80157,08;6,079;80268,1;-;-111,02;-288,052492;-;-;-;-;-
DCON31;BRBMEFDCO5F4;FINANCIAL;-;-;-;-;-;-;75817,88;6,271;75970,02;-;-152,14;-394,742444;-;-;-;-;-
DCOQ26;BRBMEFDCO594;FINANCIAL;-;-;-;-;-;-;99103,71;8,568;99337,71;-;-234;-607,1364;-;-;-;-;-
DCOQ27;BRBMEFDCO5B3;FINANCIAL;-;-;-;-;-;-;93949,8;5,767;94154,14;-;-204,34;-530,180564;-;-;-;-;-
DCOU26;BRBMEFDCO5C1;FINANCIAL;-;-;-;-;-;-;98709,62;7,024;98943,72;-;-234,1;-607,39586;-;-;-;-;-
DCOV26;BRBMEFDCO3W4;FINANCIAL;-;-;-;-;-;-;98303,23;6,406;98533,21;-;-229,98;-596,706108;-;-;-;-;-
DCOV27;BRBMEFDCO4A8;FINANCIAL;-;-;-;-;-;-;93081,21;5,792;93292,63;-;-211,42;-548,550332;-;-;-;-;-
DCOV28;BRBMEFDCO4N1;FINANCIAL;-;-;-;-;-;-;88181,74;5,82;88373,46;-;-191,72;-497,436712;-;-;-;-;-
DCOV29;BRBMEFDCO4Z5;FINANCIAL;-;-;-;-;-;-;83576,15;5,93;83752,43;-;-176,28;-457,376088;-;-;-;-;-
DCOV30;BRBMEFDCO5A5;FINANCIAL;-;-;-;-;-;-;79130,53;6,094;79266,61;-;-136,08;-353,073168;-;-;-;-;-
DCOV31;BRBMEFDCO5H0;FINANCIAL;-;-;-;-;-;-;74737,26;6,328;74857,21;-;-119,95;-311,22227;-;-;-;-;-
DCOX26;BRBMEFDCO5E7;FINANCIAL;-;-;-;-;-;-;97842,28;6,107;98069,43;-;-227,15;-589,36339;-;-;-;-;-
DCOX27;BRBMEFDCO5K4;FINANCIAL;-;-;-;-;-;-;92672,25;5,774;92870,88;-;-198,63;-515,365398;-;-;-;-;-
DCOX28;BRBMEFDCO5M0;FINANCIAL;-;-;-;-;-;-;87778,62;5,835;87970,85;-;-192,23;-498,759958;-;-;-;-;-
DCOX29;BRBMEFDCO5O6;FINANCIAL;-;-;-;-;-;-;83157,46;5,957;83331,31;-;-173,85;-451,07121;-;-;-;-;-
DCOZ26;BRBMEFDCO5D9;FINANCIAL;-;-;-;-;-;-;97448,82;5,965;97677,48;-;-228,66;-593,281236;-;-;-;-;-
DCOZ27;BRBMEFDCO5L2;FINANCIAL;-;-;-;-;-;-;92255,9;5,778;92439,87;-;-183,97;-477,328562;-;-;-;-;-
DCOZ28;BRBMEFDCO5N8;FINANCIAL;-;-;-;-;-;-;87360,3;5,859;87568,61;-;-208,31;-540,481126;-;-;-;-;-
DCOZ29;BRBMEFDCO5P3;FINANCIAL;-;-;-;-;-;-;82821,6;5,945;82995,5;-;-173,9;-451,20094;-;-;-;-;-
DI1F27;BRBMEFD1I4Z0;FINANCIAL;14,095;14,035;14,095;14,061;14,05;-0,29;93439,05;14,059;93425,72;-;13,33;13,33;14,05;14,055;9.438;380.569;35559555393,75
DI1F28;BRBMEFD1I4Y3;FINANCIAL;14,24;14,11;14,24;14,163;14,18;-0,46;81855,93;14,159;81761,43;-;94,5;94,5;14,17;14,19;26.212;406.353;33260590552,75
DI1F29;BRBMEFD1I4K2;FINANCIAL;14,33;14,185;14,33;14,247;14,255;-0,58;71735,05;14,235;71571,83;-;163,22;163,22;14,245;14,26;41.553;366.071;26252860998,07
DI1F30;BRBMEFD1I504;FINANCIAL;14,36;14,245;14,38;14,324;14,335;-0,4;62740,47;14,316;62591,01;-;149,46;149,46;14,29;14,345;15.923;103.123;6468364954,57
DI1F31;BRBMEFD1I686;FINANCIAL;14,365;14,245;14,39;14,335;14,37;-0,18;54833,88;14,339;54711;-;122,88;122,88;14,355;14,36;25.116;190.040;10422010406,84
DI1F32;BRBMEFD1I793;FINANCIAL;14,365;14,265;14,425;14,366;14,425;0,14;47881,45;14,372;47807,62;-;73,83;73,83;14,405;-;6.984;33.532;1605973129,22
DI1F33;BRBMEFD1I678;FINANCIAL;14,365;14,245;14,425;14,352;14,415;0,23;41878,9;14,366;41842,97;-;35,93;35,93;14,375;14,425;13.928;62.158;2605170237,82
DI1F34;BRBMEFD1I7A6;FINANCIAL;14,29;14,21;14,4;14,332;14,4;0,44;36702,59;14,339;36709,55;-;-6,96;-6,96;14,28;14,405;926;2.160;79312878,01
DI1F35;BRBMEFD1I6J9;FINANCIAL;14,305;14,185;14,395;14,299;14,39;0,55;32180,06;14,334;32234,72;-;-54,66;-54,66;14,39;14,395;11.473;49.228;1588216367,98
DI1F36;BRBMEFD1I6W2;FINANCIAL;14,23;14,145;14,375;14,283;14,375;0,74;28274,62;14,298;28342,4;-;-67,78;-67,78;14,25;-;162;352;9964730,39
DI1F37;BRBMEFD1I777;FINANCIAL;14,26;14,145;14,375;14,272;14,375;0,6;24690,61;14,313;24747,02;-;-56,41;-56,41;14,355;14,38;2.778;7.743;191892633,86
DI1F38;BRBMEFD1I7P4;FINANCIAL;14,18;14,12;14,375;14,165;14,375;0,81;21696,46;14,284;21750,77;-;-54,31;-54,31;-;-;169;328;7201414,92
DI1F39;BRBMEFD1I819;FINANCIAL;-;-;-;-;-;-;19056,89;14,254;19108,79;-;-51,9;-51,9;-;-;-;-;-
DI1F40;BRBMEFD1I8E6;FINANCIAL;-;-;-;-;-;-;16727,53;14,234;16776,77;-;-49,24;-49,24;-;-;-;-;-
DI1F41;BRBMEFD1I8T4;FINANCIAL;-;-;-;-;-;-;14658,69;14,234;14705,03;-;-46,34;-46,34;-;-;-;-;-
DI1G27;BRBMEFD1I8U2;FINANCIAL;14,095;14,095;14,11;14,101;14,095;-0,24;92451,72;14,094;92434,91;-;16,81;16,81;14,08;14,095;20;2.248;207823704,8
DI1H27;BRBMEFD1I918;FINANCIAL;14,145;14,125;14,145;14,144;14,125;-0,29;91567,44;14,127;91545,99;-;21,45;21,45;14,115;14,135;12;944;86430893,64
DI1J27;BRBMEFD1I7C2;FINANCIAL;14,19;14,125;14,19;14,151;14,145;-0,37;90502,82;14,151;90474,58;-;28,24;28,24;14,145;14,165;7.382;225.563;20414083445,55
DI1J28;BRBMEFD1I7S8;FINANCIAL;14,225;14,13;14,235;14,185;14,195;-0,51;79164,75;14,18;79057,04;-;107,71;107,71;14,19;14,21;1.400;22.621;1790625808,87
DI1J29;BRBMEFD1I843;FINANCIAL;14,245;14,245;14,33;14,28;14,245;-0,84;69396;14,274;69241,07;-;154,93;154,93;14,275;-;113;965;66957343,32
DI1J30;BRBMEFD1I8H9;FINANCIAL;14,245;14,245;14,37;14,321;14,295;-0,66;60735,09;14,319;60594,24;-;140,85;140,85;14,28;14,35;111;298;18097801,38
DI1J31;BRBMEFD1I8Q0;FINANCIAL;14,255;14,255;14,375;14,33;14,35;-0,23;53090,41;14,336;52984,77;-;105,64;105,64;-;-;134;337;17895750,44
DI1K27;BRBMEFD1I926;FINANCIAL;14,185;14,16;14,19;14,179;14,16;-0,4;89500,27;14,166;89466,6;-;33,67;33,67;14,16;14,18;13;1.081;96740093,42
DI1M27;BRBMEFD1I934;FINANCIAL;14,16;14,16;14,195;14,187;14,17;-0,41;88558,46;14,174;88519,12;-;39,34;39,34;14,16;14,2;43;725;64197711,46
DI1N26;BRBMEFD1I611;FINANCIAL;14,152;14,15;14,153;14,151;14,152;0,01;99842,54;14,153;99842,57;-;-0,03;-0,03;14,151;14,152;858;97.486;9733251349,44
DI1N27;BRBMEFD1I7F5;FINANCIAL;14,245;14,15;14,245;14,185;14,2;-0,32;87531,09;14,185;87483,87;-;47,22;47,22;14,19;14,205;14.902;219.259;19191948373,11
DI1N28;BRBMEFD1I7V2;FINANCIAL;14,27;14,15;14,275;14,205;14,215;-0,58;76641,12;14,197;76505,07;-;136,05;136,05;14,215;14,24;8.878;64.249;4923343543,7
DI1N29;BRBMEFD1I850;FINANCIAL;14,35;14,235;14,365;14,298;14,315;-0,5;67077,22;14,298;66919,08;-;158,14;158,14;14,3;14,325;4.654;29.411;1972774280,27
DI1N30;BRBMEFD1I8D8;FINANCIAL;14,35;14,255;14,38;14,335;14,355;-0,27;58735,32;14,335;58612,54;-;122,78;122,78;-;14,365;399;1.855;108953792,77
DI1N31;BRBMEFD1I8R8;FINANCIAL;14,295;14,255;14,385;14,339;14,365;-0,1;51374;14,346;51297,76;-;76,24;76,24;-;-;304;687;35304367,51
DI1Q26;BRBMEFD1I8K3;FINANCIAL;14,154;14,152;14,154;14,153;14,152;-0,02;98643,57;14,153;98643,37;-;0,2;0,2;14,152;14,154;33;318.390;31407103189,44
DI1Q27;BRBMEFD1I8M9;FINANCIAL;14,19;14,15;14,19;14,189;14,15;-0,7;86529,07;14,178;86469,26;-;59,81;59,81;14,165;-;22;424;36684400,48
DI1U26;BRBMEFD1I8N7;FINANCIAL;14,09;14,086;14,093;14,088;14,092;-0,01;97571,63;14,089;97570,87;-;0,76;0,76;14,086;14,092;22;12.455;1215255989,74
DI1V26;BRBMEFD1I744;FINANCIAL;14,05;14,035;14,06;14,05;14,055;-0,05;96514,21;14,052;96511,76;-;2,45;2,45;14,05;14,055;3.932;299.566;28912445598,54
DI1V27;BRBMEFD1I7I9;FINANCIAL;14,23;14,145;14,235;14,183;14,205;-0,38;84591,53;14,18;84516,47;-;75,06;75,06;14,18;14,215;2.435;32.881;2781332476,5
DI1V28;BRBMEFD1I7Y6;FINANCIAL;14,28;14,18;14,295;14,24;14,25;-0,56;74057,73;14,226;73903,78;-;153,95;153,95;14,23;14,26;446;2.725;201749416,42
DI1V29;BRBMEFD1I8A4;FINANCIAL;14,285;14,25;14,37;14,311;14,33;-0,41;64818,59;14,309;64669,36;-;149,23;149,23;14,29;14,34;91;509;32990013,13
DI1V30;BRBMEFD1I8L1;FINANCIAL;14,345;14,3;14,375;14,342;14,3;-0,64;56710,29;14,335;56588,17;-;122,12;122,12;14,325;-;57;141;7993916,07
DI1V31;BRBMEFD1I8S6;FINANCIAL;14,275;14,275;14,39;14,365;14,375;-0,09;49583,38;14,354;49503,67;-;79,71;79,71;-;-;45;141;6987560,47
DI1X26;BRBMEFD1I8P2;FINANCIAL;14,025;14,02;14,04;14,026;14,025;-0,13;95469,28;14,029;95464,89;-;4,39;4,39;14,02;14,035;94;6.900;658742967,49
DI1X27;BRBMEFD1I8V0;FINANCIAL;14,175;14,155;14,195;14,181;14,155;-0,65;83717,73;14,168;83637,84;-;79,89;79,89;-;-;25;377;31556413,38
DI1X28;BRBMEFD1I8X6;FINANCIAL;14,25;14,22;14,25;14,243;14,22;-0,79;73235,39;14,23;73079,06;-;156,33;156,33;-;-;8;175;12812607,31
DI1X29;BRBMEFD1I8Z1;FINANCIAL;14,295;14,295;14,32;14,302;14,32;-0,46;64060,62;14,312;63920,35;-;140,27;140,27;-;-;4;196;12559299,64
DI1Z26;BRBMEFD1I8O5;FINANCIAL;14,05;14,025;14,05;14,039;14,025;-0,23;94526,83;14,035;94518,59;-;8,24;8,24;14,02;14,04;32;6.149;581235187,66
DI1Z27;BRBMEFD1I8W8;FINANCIAL;14,185;14,145;14,185;14,179;14,145;-0,67;82850,22;14,16;82766,51;-;83,71;83,71;14,155;14,2;17;341;28244961,72
DI1Z28;BRBMEFD1I8Y4;FINANCIAL;14,25;14,21;14,25;14,248;14,21;-0,88;72498,3;14,234;72340,1;-;158,2;158,2;-;-;13;582;42180899,16
DI1Z29;BRBMEFD1I900;FINANCIAL;14,355;14,29;14,355;14,314;14,29;-0,68;63417,8;14,312;63272,05;-;145,75;145,75;-;-;20;149;9448437,38
OC1F27;BRBMEFOC11Z8;FINANCIAL;-;-;-;-;-;-;93439,05;14,059;93425,72;-;13,33;13,33;-;-;-;-;-
OC1F28;BRBMEFOC11X3;FINANCIAL;-;-;-;-;-;-;81855,93;14,159;81761,43;-;94,5;94,5;-;-;-;-;-
OC1F29;BRBMEFOC11J2;FINANCIAL;-;-;-;-;-;-;71735,05;14,235;71571,83;-;163,22;163,22;-;-;-;-;-
OC1F30;BRBMEFOC11Y1;FINANCIAL;-;-;-;-;-;-;62740,47;14,316;62591,01;-;149,46;149,46;-;-;-;-;-
OC1F31;BRBMEFOC1364;FINANCIAL;-;-;-;-;-;-;54833,88;14,339;54711;-;122,88;122,88;-;-;-;-;-
OC1F32;BRBMEFOC1463;FINANCIAL;-;-;-;-;-;-;47881,45;14,372;47807,62;-;73,83;73,83;-;-;-;-;-
OC1F33;BRBMEFOC13I0;FINANCIAL;-;-;-;-;-;-;41878,9;14,366;41842,97;-;35,93;35,93;-;-;-;-;-
OC1F34;BRBMEFOC1471;FINANCIAL;-;-;-;-;-;-;36702,59;14,339;36709,55;-;-6,96;-6,96;-;-;-;-;-
OC1F35;BRBMEFOC13H2;FINANCIAL;-;-;-;-;-;-;32180,06;14,334;32234,72;-;-54,66;-54,66;-;-;-;-;-
OC1F36;BRBMEFOC13T7;FINANCIAL;-;-;-;-;-;-;28274,62;14,298;28342,4;-;-67,78;-67,78;-;-;-;-;-
OC1F37;BRBMEFOC1448;FINANCIAL;-;-;-;-;-;-;24690,61;14,313;24747,02;-;-56,41;-56,41;-;-;-;-;-
OC1F38;BRBMEFOC14J6;FINANCIAL;-;-;-;-;-;-;21696,46;14,284;21750,77;-;-54,31;-54,31;-;-;-;-;-
OC1F39;BRBMEFOC14V1;FINANCIAL;-;-;-;-;-;-;19056,89;14,254;19108,79;-;-51,9;-51,9;-;-;-;-;-
OC1F40;BRBMEFOC1588;FINANCIAL;-;-;-;-;-;-;16727,53;14,234;16776,77;-;-49,24;-49,24;-;-;-;-;-
OC1F41;BRBMEFOC15N5;FINANCIAL;-;-;-;-;-;-;14658,69;14,234;14705,03;-;-46,34;-46,34;-;-;-;-;-
OC1G27;BRBMEFOC15O3;FINANCIAL;-;-;-;-;-;-;92451,72;14,094;92434,91;-;16,81;16,81;-;-;-;-;-
OC1H27;BRBMEFOC15V8;FINANCIAL;-;-;-;-;-;-;91567,44;14,127;91545,99;-;21,45;21,45;-;-;-;-;-
OC1J27;BRBMEFOC1497;FINANCIAL;-;-;-;-;-;-;90502,82;14,151;90474,58;-;28,24;28,24;-;-;-;-;-
OC1J28;BRBMEFOC14M0;FINANCIAL;-;-;-;-;-;-;79164,75;14,18;79057,04;-;107,71;107,71;-;-;-;-;-
OC1J29;BRBMEFOC14Y5;FINANCIAL;-;-;-;-;-;-;69396;14,274;69241,07;-;154,93;154,93;-;-;-;-;-
OC1J30;BRBMEFOC15B0;FINANCIAL;-;-;-;-;-;-;60735,09;14,319;60594,24;-;140,85;140,85;-;-;-;-;-
OC1J31;BRBMEFOC15L9;FINANCIAL;-;-;-;-;-;-;53090,41;14,336;52984,77;-;105,64;105,64;-;-;-;-;-
OC1K27;BRBMEFOC15W6;FINANCIAL;-;-;-;-;-;-;89500,27;14,166;89466,6;-;33,67;33,67;-;-;-;-;-
OC1M27;BRBMEFOC15X4;FINANCIAL;-;-;-;-;-;-;88558,46;14,174;88519,12;-;39,34;39,34;-;-;-;-;-
OC1N26;BRBMEFOC1307;FINANCIAL;-;-;-;-;-;-;99842,54;14,153;99842,57;-;-0,03;-0,03;-;-;-;-;-
OC1N27;BRBMEFOC14C1;FINANCIAL;-;-;-;-;-;-;87531,09;14,185;87483,87;-;47,22;47,22;-;-;-;-;-
OC1N28;BRBMEFOC14P3;FINANCIAL;-;-;-;-;-;-;76641,12;14,197;76505,07;-;136,05;136,05;-;-;-;-;-
OC1N29;BRBMEFOC14Z2;FINANCIAL;-;-;-;-;-;-;67077,22;14,298;66919,08;-;158,14;158,14;-;-;-;-;-
OC1N30;BRBMEFOC1570;FINANCIAL;-;-;-;-;-;-;58735,32;14,335;58612,54;-;122,78;122,78;-;-;-;-;-
OC1N31;BRBMEFOC15K1;FINANCIAL;-;-;-;-;-;-;51374;14,346;51297,76;-;76,24;76,24;-;-;-;-;-
OC1Q26;BRBMEFOC15E4;FINANCIAL;-;-;-;-;-;-;98643,57;14,153;98643,37;-;0,2;0,2;-;-;-;-;-
OC1Q27;BRBMEFOC15G9;FINANCIAL;-;-;-;-;-;-;86529,07;14,178;86469,26;-;59,81;59,81;-;-;-;-;-
OC1U26;BRBMEFOC15H7;FINANCIAL;-;-;-;-;-;-;97571,63;14,089;97570,87;-;0,76;0,76;-;-;-;-;-
OC1V26;BRBMEFOC1414;FINANCIAL;-;-;-;-;-;-;96514,21;14,052;96511,76;-;2,45;2,45;-;-;-;-;-
OC1V27;BRBMEFOC14F4;FINANCIAL;-;-;-;-;-;-;84591,53;14,18;84516,47;-;75,06;75,06;-;-;-;-;-
OC1V28;BRBMEFOC14S7;FINANCIAL;-;-;-;-;-;-;74057,73;14,226;73903,78;-;153,95;153,95;-;-;-;-;-
OC1V29;BRBMEFOC1547;FINANCIAL;-;-;-;-;-;-;64818,59;14,309;64669,36;-;149,23;149,23;-;-;-;-;-
OC1V30;BRBMEFOC15F1;FINANCIAL;-;-;-;-;-;-;56710,29;14,335;56588,17;-;122,12;122,12;-;-;-;-;-
OC1V31;BRBMEFOC15M7;FINANCIAL;-;-;-;-;-;-;49583,38;14,354;49503,67;-;79,71;79,71;-;-;-;-;-
OC1X26;BRBMEFOC15J3;FINANCIAL;-;-;-;-;-;-;95469,28;14,029;95464,89;-;4,39;4,39;-;-;-;-;-
OC1X27;BRBMEFOC15P0;FINANCIAL;-;-;-;-;-;-;83717,73;14,168;83637,84;-;79,89;79,89;-;-;-;-;-
OC1X28;BRBMEFOC15R6;FINANCIAL;-;-;-;-;-;-;73235,39;14,23;73079,06;-;156,33;156,33;-;-;-;-;-
OC1X29;BRBMEFOC15T2;FINANCIAL;-;-;-;-;-;-;64060,62;14,312;63920,35;-;140,27;140,27;-;-;-;-;-
OC1Z26;BRBMEFOC15I5;FINANCIAL;-;-;-;-;-;-;94526,83;14,035;94518,59;-;8,24;8,24;-;-;-;-;-
OC1Z27;BRBMEFOC15Q8;FINANCIAL;-;-;-;-;-;-;82850,22;14,16;82766,51;-;83,71;83,71;-;-;-;-;-
OC1Z28;BRBMEFOC15S4;FINANCIAL;-;-;-;-;-;-;72498,3;14,234;72340,1;-;158,2;158,2;-;-;-;-;-
OC1Z29;BRBMEFOC15U0;FINANCIAL;-;-;-;-;-;-;63417,8;14,312;63272,05;-;145,75;145,75;-;-;-;-;-
DOLF27;BRBMEFDOL7G7;FINANCIAL;-;-;-;-;-;-;5383,394;-;5396,773;-;-13,379;-668,95;-;-;-;-;-
DOLF28;BRBMEFDOL7J1;FINANCIAL;-;-;-;-;-;-;5817,256;-;5836,297;-;-19,041;-952,05;-;-;-;-;-
DOLF29;BRBMEFDOL7K9;FINANCIAL;-;-;-;-;-;-;6285,989;-;6315,391;-;-29,402;-1470,1;-;-;-;-;-
DOLF30;BRBMEFDOL7O1;FINANCIAL;-;-;-;-;-;-;6810,66;-;6841,178;-;-30,518;-1525,9;-;-;-;-;-
DOLF31;BRBMEFDOL8C4;FINANCIAL;-;-;-;-;-;-;7373,906;-;7405,501;-;-31,595;-1579,75;-;-;-;-;-
DOLG27;BRBMEFDOL8D2;FINANCIAL;-;-;-;-;-;-;5419,333;-;5433,248;-;-13,915;-695,75;-;-;-;-;-
DOLH27;BRBMEFDOL8E0;FINANCIAL;-;-;-;-;-;-;5449,601;-;5463,535;-;-13,934;-696,7;-;-;-;-;-
DOLJ27;BRBMEFDOL7L7;FINANCIAL;-;-;-;-;-;-;5488,32;-;5502,735;-;-14,415;-720,75;-;-;-;-;-
DOLJ28;BRBMEFDOL801;FINANCIAL;-;-;-;-;-;-;5937,415;-;5957,776;-;-20,361;-1018,05;-;-;-;-;-
DOLJ29;BRBMEFDOL8B6;FINANCIAL;-;-;-;-;-;-;6414,633;-;6442,854;-;-28,221;-1411,05;-;-;-;-;-
DOLK27;BRBMEFDOL8F7;FINANCIAL;-;-;-;-;-;-;5522,731;-;5537,564;-;-14,833;-741,65;-;-;-;-;-
DOLM27;BRBMEFDOL8G5;FINANCIAL;-;-;-;-;-;-;5556,319;-;5571,578;-;-15,259;-762,95;-;-;-;-;-
DOLN26;BRBMEFDOL7A0;FINANCIAL;5189,5;5160;5192,5;5173,4;5179;-0,13;5173,697;-;5186,056;-;-12,359;-617,95;5171,5;5180;16.441;196.330;50784686375
DOLN27;BRBMEFDOL7M5;FINANCIAL;-;-;-;-;-;-;5596,682;-;5611,97;-;-15,288;-764,4;-;-;-;-;-
DOLN28;BRBMEFDOL7N3;FINANCIAL;-;-;-;-;-;-;6053,388;-;6076,389;-;-23,001;-1150,05;-;-;-;-;-
DOLN29;BRBMEFDOL7P8;FINANCIAL;-;-;-;-;-;-;6549,308;-;6575,483;-;-26,175;-1308,75;-;-;-;-;-
DOLN30;BRBMEFDOL7X2;FINANCIAL;-;-;-;-;-;-;7081,789;-;7106,453;-;-24,664;-1233,2;-;-;-;-;-
DOLQ26;BRBMEFDOL835;FINANCIAL;5229,5;5202;5230,5;5211,859;5223;-0,05;5213,406;-;5225,727;-;-12,321;-616,05;5209;5222,5;331;15.345;3998799250
DOLQ27;BRBMEFDOL843;FINANCIAL;-;-;-;-;-;-;5634,226;-;5650,386;-;-16,16;-808;-;-;-;-;-
DOLU26;BRBMEFDOL868;FINANCIAL;-;-;-;-;-;-;5249,722;-;5262,214;-;-12,492;-624,6;-;-;-;-;-
DOLV26;BRBMEFDOL7D4;FINANCIAL;-;-;-;-;-;-;5285,388;-;5297,889;-;-12,501;-625,05;-;-;-;-;-
DOLV27;BRBMEFDOL7U8;FINANCIAL;-;-;-;-;-;-;5709,993;-;5728,045;-;-18,052;-902,6;-;-;-;-;-
DOLV28;BRBMEFDOL884;FINANCIAL;-;-;-;-;-;-;6178,865;-;6205,198;-;-26,333;-1316,65;-;-;-;-;-
DOLX26;BRBMEFDOL892;FINANCIAL;-;-;-;-;-;-;5318,184;-;5330,775;-;-12,591;-629,55;-;-;-;-;-
DOLZ26;BRBMEFDOL850;FINANCIAL;-;-;-;-;-;-;5349,607;-;5362,627;-;-13,02;-651;-;-;-;-;-
WDOF27;BRBMEFWDO4W8;FINANCIAL;-;-;-;-;-;-;5383,394;-;5396,773;-;-13,379;-133,79;-;-;-;-;-
WDOF28;BRBMEFWDO4Z1;FINANCIAL;-;-;-;-;-;-;5817,256;-;5836,297;-;-19,041;-190,41;-;-;-;-;-
WDOF29;BRBMEFWDO501;FINANCIAL;-;-;-;-;-;-;6285,989;-;6315,391;-;-29,402;-294,02;-;-;-;-;-
WDOF30;BRBMEFWDO576;FINANCIAL;-;-;-;-;-;-;6810,66;-;6841,178;-;-30,518;-305,18;-;-;-;-;-
WDOG27;BRBMEFWDO5M6;FINANCIAL;-;-;-;-;-;-;5419,333;-;5433,248;-;-13,915;-139,15;-;-;-;-;-
WDOH27;BRBMEFWDO5L8;FINANCIAL;-;-;-;-;-;-;5449,601;-;5463,535;-;-13,934;-139,34;-;-;-;-;-
WDOJ27;BRBMEFWDO4V0;FINANCIAL;-;-;-;-;-;-;5488,32;-;5502,735;-;-14,415;-144,15;-;-;-;-;-
WDOJ28;BRBMEFWDO5D5;FINANCIAL;-;-;-;-;-;-;5937,415;-;5957,776;-;-20,361;-203,61;-;-;-;-;-
WDOJ29;BRBMEFWDO5K0;FINANCIAL;-;-;-;-;-;-;6414,633;-;6442,854;-;-28,221;-282,21;-;-;-;-;-
WDOK27;BRBMEFWDO5O2;FINANCIAL;-;-;-;-;-;-;5522,731;-;5537,564;-;-14,833;-148,33;-;-;-;-;-
WDOM27;BRBMEFWDO5N4;FINANCIAL;-;-;-;-;-;-;5556,319;-;5571,578;-;-15,259;-152,59;-;-;-;-;-
WDON26;BRBMEFWDO4U2;FINANCIAL;5191;5160;5192,5;5174,773;5179,5;-0,12;5173,697;-;5186,056;-;-12,359;-123,59;5179,5;5180;476.877;2.008.161;103917790940
WDON27;BRBMEFWDO4X6;FINANCIAL;-;-;-;-;-;-;5596,682;-;5611,97;-;-15,288;-152,88;-;-;-;-;-
WDON28;BRBMEFWDO4Y4;FINANCIAL;-;-;-;-;-;-;6053,388;-;6076,389;-;-23,001;-230,01;-;-;-;-;-
WDON29;BRBMEFWDO568;FINANCIAL;-;-;-;-;-;-;6549,308;-;6575,483;-;-26,175;-261,75;-;-;-;-;-
WDON30;BRBMEFWDO5F0;FINANCIAL;-;-;-;-;-;-;7081,789;-;7106,453;-;-24,664;-246,64;-;-;-;-;-
WDOQ26;BRBMEFWDO5C7;FINANCIAL;5221;5200;5232;5214,111;5218;-0,14;5213,406;-;5225,727;-;-12,321;-123,21;5218;5218,5;7.416;28.155;1468033195
WDOQ27;BRBMEFWDO5G8;FINANCIAL;-;-;-;-;-;-;5634,226;-;5650,386;-;-16,16;-161,6;-;-;-;-;-
WDOU26;BRBMEFWDO5H6;FINANCIAL;5256;5237,5;5265;5255,164;5254,5;-0,14;5249,722;-;5262,214;-;-12,492;-124,92;5252,5;5254,5;48;385;20232385
WDOV26;BRBMEFWDO4T4;FINANCIAL;5280,5;5280,5;5280,5;5280,5;5280,5;-0,32;5285,388;-;5297,889;-;-12,501;-125,01;5282;5294,5;1;2;105610
WDOV27;BRBMEFWDO592;FINANCIAL;-;-;-;-;-;-;5709,993;-;5728,045;-;-18,052;-180,52;-;-;-;-;-
WDOV28;BRBMEFWDO5J2;FINANCIAL;-;-;-;-;-;-;6178,865;-;6205,198;-;-26,333;-263,33;-;-;-;-;-
WDOX26;BRBMEFWDO5I4;FINANCIAL;-;-;-;-;-;-;5318,184;-;5330,775;-;-12,591;-125,91;-;-;-;-;-
WDOZ26;BRBMEFWDO5E3;FINANCIAL;-;-;-;-;-;-;5349,607;-;5362,627;-;-13,02;-130,2;-;-;-;-;-
T10U26;BRBMEFT102R8;FINANCIAL;110,125;110,125;110,275;110,237;110,229;0,12;110,2656;-;110,0937;-;0,1719;888,63705;110,208;110,337;35;251;143038421,09
T10Z26;BRBMEFT102S6;FINANCIAL;-;-;-;-;-;-;110,125;-;109,9531;-;0,1719;888,63705;-;-;-;-;-
FRCF27;BRBMEFFRC4U1;FINANCIAL;5,18;5,18;5,18;5,18;5,18;-0,19;-;5,18;-;-;-;-;-;-;17;7.599;1444903669,56
FRCF28;BRBMEFFRC4X5;FINANCIAL;5,54;5,54;5,54;5,54;5,54;-0,35;-;5,54;-;-;-;-;-;-;17;1.555;287450455,9
FRCF29;BRBMEFFRC4V9;FINANCIAL;5,7;5,7;5,72;5,71;5,72;0;-;5,72;-;-;-;-;-;5,72;10;2.228;400214747,72
FRCF30;BRBMEFFRC4W7;FINANCIAL;5,87;5,87;5,87;5,87;5,87;-0,17;-;5,87;-;-;-;-;-;-;5;255;44478498
FRCF31;BRBMEFFRC667;FINANCIAL;6,07;6,07;6,07;6,07;6,07;-0,16;-;6,07;-;-;-;-;-;6,1;15;2.190;370534710,9
FRCF32;BRBMEFFRC766;FINANCIAL;6,35;6,33;6,35;6,34;6,33;-0,31;-;6,33;-;-;-;-;-;-;12;7.301;751350919,44
FRCF33;BRBMEFFRC6I1;FINANCIAL;6,58;6,58;6,58;6,58;6,58;0;-;6,58;-;-;-;-;-;-;9;3.055;304066763,2
FRCF34;BRBMEFFRC774;FINANCIAL;6,83;6,83;6,83;6,83;6,83;0;-;6,83;-;-;-;-;-;-;8;3.151;303056179,44
FRCF35;BRBMEFFRC6H3;FINANCIAL;-;-;-;-;-;-;-;7,12;-;-;-;-;-;-;-;-;-
FRCF36;BRBMEFFRC6T8;FINANCIAL;-;-;-;-;-;-;-;7,4;-;-;-;-;-;-;-;-;-
FRCF37;BRBMEFFRC741;FINANCIAL;-;-;-;-;-;-;-;7,71;-;-;-;-;-;-;-;-;-
FRCF38;BRBMEFFRC7J7;FINANCIAL;-;-;-;-;-;-;-;8,03;-;-;-;-;-;-;-;-;-
FRCF39;BRBMEFFRC7V2;FINANCIAL;-;-;-;-;-;-;-;8,33;-;-;-;-;-;-;-;-;-
FRCF40;BRBMEFFRC881;FINANCIAL;-;-;-;-;-;-;-;8,57;-;-;-;-;-;-;-;-;-
FRCF41;BRBMEFFRC8N7;FINANCIAL;-;-;-;-;-;-;-;8,84;-;-;-;-;-;-;-;-;-
FRCG27;BRBMEFFRC8O5;FINANCIAL;5,19;5,19;5,19;5,19;5,19;0;-;5,19;-;-;-;-;-;-;18;6.738;803892268,32
FRCH27;BRBMEFFRC8V0;FINANCIAL;5,21;5,21;5,21;5,21;5,21;-0,19;-;5,21;-;-;-;-;-;-;13;7.588;903317165,52
FRCJ27;BRBMEFFRC790;FINANCIAL;5,25;5,25;5,25;5,25;5,25;-0,19;-;5,25;-;-;-;-;-;5,25;10;4.923;584684290,32
FRCJ28;BRBMEFFRC7M1;FINANCIAL;5,55;5,55;5,55;5,55;5,55;-0,35;-;5,55;-;-;-;-;-;-;10;1.337;154339388,28
FRCJ29;BRBMEFFRC7Y6;FINANCIAL;-;-;-;-;-;-;-;5,74;-;-;-;-;-;-;-;-;-
FRCJ30;BRBMEFFRC8B2;FINANCIAL;-;-;-;-;-;-;-;5,91;-;-;-;-;-;-;-;-;-
FRCJ31;BRBMEFFRC8L1;FINANCIAL;-;-;-;-;-;-;-;6,14;-;-;-;-;-;-;-;-;-
FRCK27;BRBMEFFRC8W8;FINANCIAL;5,3;5,3;5,3;5,3;5,3;-0,18;-;5,3;-;-;-;-;-;-;11;9.215;1091633560,4
FRCM27;BRBMEFFRC8X6;FINANCIAL;5,35;5,35;5,35;5,35;5,35;-0,18;-;5,35;-;-;-;-;-;-;12;4.025;475973296,8
FRCN27;BRBMEFFRC7C2;FINANCIAL;5,38;5,37;5,38;5,37;5,37;-0,37;-;5,37;-;-;-;-;5,37;5,39;13;10.441;1231206761,64
FRCN28;BRBMEFFRC7P4;FINANCIAL;5,58;5,57;5,58;5,57;5,57;-0,35;-;5,57;-;-;-;-;-;-;14;2.489;285543690,66
FRCN29;BRBMEFFRC7Z3;FINANCIAL;5,78;5,77;5,78;5,77;5,77;-0,51;-;5,77;-;-;-;-;-;-;10;3.056;340529814,64
FRCN30;BRBMEFFRC873;FINANCIAL;5,96;5,96;5,96;5,96;5,96;-0,5;-;5,96;-;-;-;-;-;-;2;325;35130038,2
FRCN31;BRBMEFFRC8K3;FINANCIAL;-;-;-;-;-;-;-;6,17;-;-;-;-;-;-;-;-;-
FRCQ26;BRBMEFFRC8E6;FINANCIAL;4,88;4,83;4,93;4,86;4,87;-0,2;-;4,85;-;-;-;-;4,83;4,88;401;813.870;98383720328,2
FRCQ27;BRBMEFFRC8G1;FINANCIAL;5,4;5,4;5,4;5,4;5,4;-0,36;-;5,4;-;-;-;-;-;-;8;2.332;274304678,08
FRCU26;BRBMEFFRC8H9;FINANCIAL;4,89;4,89;4,91;4,9;4,91;-0,2;-;4,91;-;-;-;-;-;4,91;31;31.409;3789203590,76
FRCV26;BRBMEFFRC717;FINANCIAL;4,96;4,94;4,96;4,94;4,94;-0,4;-;4,94;-;-;-;-;4,94;4,95;38;71.293;8582812940,82
FRCV27;BRBMEFFRC7F5;FINANCIAL;5,47;5,47;5,47;5,47;5,47;-0,18;-;5,47;-;-;-;-;-;-;5;968;113370332,92
FRCV28;BRBMEFFRC7S8;FINANCIAL;-;-;-;-;-;-;-;5,63;-;-;-;-;-;-;-;-;-
FRCV29;BRBMEFFRC840;FINANCIAL;5,79;5,79;5,79;5,79;5,79;-0,17;-;5,79;-;-;-;-;-;-;1;736;81402983,84
FRCV30;BRBMEFFRC8F3;FINANCIAL;-;-;-;-;-;-;-;5,98;-;-;-;-;-;-;-;-;-
FRCV31;BRBMEFFRC8M9;FINANCIAL;-;-;-;-;-;-;-;6,23;-;-;-;-;-;-;-;-;-
FRCX26;BRBMEFFRC8J5;FINANCIAL;5,01;5,01;5,01;5,01;5,01;-0,39;-;5,01;-;-;-;-;-;-;15;23.992;2881430729,48
FRCX27;BRBMEFFRC8P2;FINANCIAL;5,47;5,47;5,47;5,47;5,47;-0,36;-;5,47;-;-;-;-;-;5,49;4;386;45076391,84
FRCX28;BRBMEFFRC8R8;FINANCIAL;5,7;5,7;5,7;5,7;5,7;0,7;-;5,65;-;-;-;-;-;-;1;19;2171102,56
FRCX29;BRBMEFFRC8T4;FINANCIAL;5,85;5,85;5,85;5,85;5,85;0,34;-;5,82;-;-;-;-;-;-;2;55;6059382,7
FRCZ26;BRBMEFFRC8I7;FINANCIAL;5,06;5,06;5,06;5,06;5,06;-0,19;-;5,06;-;-;-;-;-;-;11;8.093;969951904,02
FRCZ27;BRBMEFFRC8Q0;FINANCIAL;5,49;5,49;5,49;5,49;5,49;-0,54;-;5,49;-;-;-;-;-;-;2;193;22517306,92
FRCZ28;BRBMEFFRC8S6;FINANCIAL;-;-;-;-;-;-;-;5,68;-;-;-;-;-;-;-;-;-
FRCZ29;BRBMEFFRC8U2;FINANCIAL;-;-;-;-;-;-;-;5,81;-;-;-;-;-;-;-;-;-
FROF27;BRBMEFFRO1P3;FINANCIAL;-;-;-;-;-;-;-;5,18;-;-;-;-;-;-;-;-;-
FROF28;BRBMEFFRO1Q1;FINANCIAL;-;-;-;-;-;-;-;5,54;-;-;-;-;-;-;-;-;-
FROF29;BRBMEFFRO1O6;FINANCIAL;-;-;-;-;-;-;-;5,72;-;-;-;-;-;-;-;-;-
FROF30;BRBMEFFRO1R9;FINANCIAL;-;-;-;-;-;-;-;5,87;-;-;-;-;-;-;-;-;-
FROF31;BRBMEFFRO2Z0;FINANCIAL;-;-;-;-;-;-;-;6,07;-;-;-;-;-;-;-;-;-
FROF32;BRBMEFFRO3Z8;FINANCIAL;-;-;-;-;-;-;-;6,33;-;-;-;-;-;-;-;-;-
FROF33;BRBMEFFRO3B9;FINANCIAL;-;-;-;-;-;-;-;6,58;-;-;-;-;-;-;-;-;-
FROF34;BRBMEFFRO407;FINANCIAL;-;-;-;-;-;-;-;6,83;-;-;-;-;-;-;-;-;-
FROF35;BRBMEFFRO3A1;FINANCIAL;-;-;-;-;-;-;-;7,12;-;-;-;-;-;-;-;-;-
FROF36;BRBMEFFRO3M6;FINANCIAL;-;-;-;-;-;-;-;7,4;-;-;-;-;-;-;-;-;-
FROF37;BRBMEFFRO3X3;FINANCIAL;-;-;-;-;-;-;-;7,71;-;-;-;-;-;-;-;-;-
FROF38;BRBMEFFRO4C5;FINANCIAL;-;-;-;-;-;-;-;8,03;-;-;-;-;-;-;-;-;-
FROF39;BRBMEFFRO4O0;FINANCIAL;-;-;-;-;-;-;-;8,33;-;-;-;-;-;-;-;-;-
FROF40;BRBMEFFRO514;FINANCIAL;-;-;-;-;-;-;-;8,57;-;-;-;-;-;-;-;-;-
FROF41;BRBMEFFRO5G3;FINANCIAL;-;-;-;-;-;-;-;8,84;-;-;-;-;-;-;-;-;-
FROG27;BRBMEFFRO5H1;FINANCIAL;-;-;-;-;-;-;-;5,19;-;-;-;-;-;-;-;-;-
FROH27;BRBMEFFRO5O7;FINANCIAL;-;-;-;-;-;-;-;5,21;-;-;-;-;-;-;-;-;-
FROJ27;BRBMEFFRO423;FINANCIAL;-;-;-;-;-;-;-;5,25;-;-;-;-;-;-;-;-;-
FROJ28;BRBMEFFRO4F8;FINANCIAL;-;-;-;-;-;-;-;5,55;-;-;-;-;-;-;-;-;-
FROJ29;BRBMEFFRO4R3;FINANCIAL;-;-;-;-;-;-;-;5,74;-;-;-;-;-;-;-;-;-
FROJ30;BRBMEFFRO548;FINANCIAL;-;-;-;-;-;-;-;5,91;-;-;-;-;-;-;-;-;-
FROJ31;BRBMEFFRO5E8;FINANCIAL;-;-;-;-;-;-;-;6,14;-;-;-;-;-;-;-;-;-
FROK27;BRBMEFFRO5P4;FINANCIAL;-;-;-;-;-;-;-;5,3;-;-;-;-;-;-;-;-;-
FROM27;BRBMEFFRO5Q2;FINANCIAL;-;-;-;-;-;-;-;5,35;-;-;-;-;-;-;-;-;-
FRON27;BRBMEFFRO456;FINANCIAL;-;-;-;-;-;-;-;5,37;-;-;-;-;-;-;-;-;-
FRON28;BRBMEFFRO4I2;FINANCIAL;-;-;-;-;-;-;-;5,57;-;-;-;-;-;-;-;-;-
FRON29;BRBMEFFRO4S1;FINANCIAL;-;-;-;-;-;-;-;5,77;-;-;-;-;-;-;-;-;-
FRON30;BRBMEFFRO506;FINANCIAL;-;-;-;-;-;-;-;5,96;-;-;-;-;-;-;-;-;-
FRON31;BRBMEFFRO5D0;FINANCIAL;-;-;-;-;-;-;-;6,17;-;-;-;-;-;-;-;-;-
FROQ26;BRBMEFFRO571;FINANCIAL;-;-;-;-;-;-;-;4,85;-;-;-;-;-;-;-;-;-
FROQ27;BRBMEFFRO597;FINANCIAL;-;-;-;-;-;-;-;5,4;-;-;-;-;-;-;-;-;-
FROU26;BRBMEFFRO5A6;FINANCIAL;-;-;-;-;-;-;-;4,91;-;-;-;-;-;-;-;-;-
FROV26;BRBMEFFRO3U9;FINANCIAL;-;-;-;-;-;-;-;4,94;-;-;-;-;-;-;-;-;-
FROV27;BRBMEFFRO480;FINANCIAL;-;-;-;-;-;-;-;5,47;-;-;-;-;-;-;-;-;-
FROV28;BRBMEFFRO4L6;FINANCIAL;-;-;-;-;-;-;-;5,63;-;-;-;-;-;-;-;-;-
FROV29;BRBMEFFRO4X1;FINANCIAL;-;-;-;-;-;-;-;5,79;-;-;-;-;-;-;-;-;-
FROV30;BRBMEFFRO589;FINANCIAL;-;-;-;-;-;-;-;5,98;-;-;-;-;-;-;-;-;-
FROV31;BRBMEFFRO5F5;FINANCIAL;-;-;-;-;-;-;-;6,23;-;-;-;-;-;-;-;-;-
FROX26;BRBMEFFRO5C2;FINANCIAL;-;-;-;-;-;-;-;5,01;-;-;-;-;-;-;-;-;-
FROX27;BRBMEFFRO5I9;FINANCIAL;-;-;-;-;-;-;-;5,47;-;-;-;-;-;-;-;-;-
FROX28;BRBMEFFRO5K5;FINANCIAL;-;-;-;-;-;-;-;5,65;-;-;-;-;-;-;-;-;-
FROX29;BRBMEFFRO5M1;FINANCIAL;-;-;-;-;-;-;-;5,82;-;-;-;-;-;-;-;-;-
FROZ26;BRBMEFFRO5B4;FINANCIAL;-;-;-;-;-;-;-;5,06;-;-;-;-;-;-;-;-;-
FROZ27;BRBMEFFRO5J7;FINANCIAL;-;-;-;-;-;-;-;5,49;-;-;-;-;-;-;-;-;-
FROZ28;BRBMEFFRO5L3;FINANCIAL;-;-;-;-;-;-;-;5,68;-;-;-;-;-;-;-;-;-
FROZ29;BRBMEFFRO5N9;FINANCIAL;-;-;-;-;-;-;-;5,81;-;-;-;-;-;-;-;-;-
SCSN601;BRBMEFSCS486;FINANCIAL;-;-;-;-;-;-;-;32,964;-;-;-;-;-;-;-;-;-
SCSQ603;BRBMEFSCS494;FINANCIAL;-;-;-;-;-;-;-;8,568;-;-;-;-;-;-;-;-;-
SCSU601;BRBMEFSCS4A7;FINANCIAL;-;-;-;-;-;-;-;7,024;-;-;-;-;-;-;-;-;-
SCSV601;BRBMEFSCS4B5;FINANCIAL;-;-;-;-;-;-;-;6,406;-;-;-;-;-;-;-;-;-
SCSX603;BRBMEFSCS4C3;FINANCIAL;-;-;-;-;-;-;-;6,107;-;-;-;-;-;-;-;-;-
AUDN26;BRBMEFAUD5E1;FINANCIAL;-;-;-;-;-;-;3575,646;-;3595,067;-;-19,421;-1165,26;-;-;-;-;-
AUDQ26;BRBMEFAUD5F8;FINANCIAL;-;-;-;-;-;-;3602,805;-;3622,301;-;-19,496;-1169,76;-;-;-;-;-
AUDU26;BRBMEFAUD5G6;FINANCIAL;-;-;-;-;-;-;3623,428;-;3643,056;-;-19,628;-1177,68;-;-;-;-;-
AUDV26;BRBMEFAUD5H4;FINANCIAL;-;-;-;-;-;-;3648,156;-;3667,982;-;-19,826;-1189,56;-;-;-;-;-
AUDX26;BRBMEFAUD5I2;FINANCIAL;-;-;-;-;-;-;3667,468;-;3687,604;-;-20,136;-1208,16;-;-;-;-;-
CADN26;BRBMEFCAD5E3;FINANCIAL;-;-;-;-;-;-;3660,827;-;3668,671;-;-7,844;-470,64;-;-;-;-;-
CADQ26;BRBMEFCAD5F0;FINANCIAL;-;-;-;-;-;-;3697,477;-;3705,223;-;-7,746;-464,76;-;-;-;-;-
CADU26;BRBMEFCAD5G8;FINANCIAL;-;-;-;-;-;-;3724,983;-;3733,319;-;-8,336;-500,16;-;-;-;-;-
CADV26;BRBMEFCAD5H6;FINANCIAL;-;-;-;-;-;-;3758,803;-;3767,382;-;-8,579;-514,74;-;-;-;-;-
CADX26;BRBMEFCAD5I4;FINANCIAL;-;-;-;-;-;-;3785,696;-;3794,461;-;-8,765;-525,9;-;-;-;-;-
NZDN26;BRBMEFNZD4Z9;FINANCIAL;-;-;-;-;-;-;2926,708;-;2939,912;-;-13,204;-990,3;-;-;-;-;-
NZDQ26;BRBMEFNZD506;FINANCIAL;-;-;-;-;-;-;2954,733;-;2968,033;-;-13,3;-997,5;-;-;-;-;-
NZDU26;BRBMEFNZD514;FINANCIAL;-;-;-;-;-;-;2975,239;-;2989,162;-;-13,923;-1044,225;-;-;-;-;-
NZDV26;BRBMEFNZD522;FINANCIAL;-;-;-;-;-;-;3000,526;-;3014,54;-;-14,014;-1051,05;-;-;-;-;-
NZDX26;BRBMEFNZD530;FINANCIAL;-;-;-;-;-;-;3020,499;-;3034,71;-;-14,211;-1065,825;-;-;-;-;-
EURN26;BRBMEFEUR7K4;FINANCIAL;-;-;-;-;-;-;5912,637;-;5919,976;-;-7,339;-366,95;-;-;-;-;-
EURQ26;BRBMEFEUR7L2;FINANCIAL;-;-;-;-;-;-;5970,974;-;5978,727;-;-7,753;-387,65;-;-;-;-;-
EURU26;BRBMEFEUR7M0;FINANCIAL;-;-;-;-;-;-;6015,009;-;6022,805;-;-7,796;-389,8;-;-;-;-;-
EURV26;BRBMEFEUR7N8;FINANCIAL;-;-;-;-;-;-;6068,63;-;6076,345;-;-7,715;-385,75;-;-;-;-;-
EURX26;BRBMEFEUR7O6;FINANCIAL;-;-;-;-;-;-;6110,857;-;6118,789;-;-7,932;-396,6;-;-;-;-;-
CHFN26;BRBMEFCHF502;FINANCIAL;-;-;-;-;-;-;6423,07;-;6436,756;-;-13,686;-684,3;-;-;-;-;-
CHFQ26;BRBMEFCHF510;FINANCIAL;-;-;-;-;-;-;6503,101;-;6517,711;-;-14,61;-730,5;-;-;-;-;-
CHFU26;BRBMEFCHF4Z2;FINANCIAL;-;-;-;-;-;-;6563,174;-;6578,753;-;-15,579;-778,95;-;-;-;-;-
CHFV26;BRBMEFCHF528;FINANCIAL;-;-;-;-;-;-;6638,416;-;6653,296;-;-14,88;-744;-;-;-;-;-
CHFX26;BRBMEFCHF536;FINANCIAL;-;-;-;-;-;-;6697,659;-;6713,755;-;-16,096;-804,8;-;-;-;-;-
JPYN26;BRBMEFJPY5E4;FINANCIAL;-;-;-;-;-;-;3213,373;-;3219,765;-;-6,392;-319,6;-;-;-;-;-
JPYQ26;BRBMEFJPY5F1;FINANCIAL;-;-;-;-;-;-;3249,777;-;3256,581;-;-6,804;-340,2;-;-;-;-;-
JPYU26;BRBMEFJPY5G9;FINANCIAL;-;-;-;-;-;-;3277,345;-;3284,175;-;-6,83;-341,5;-;-;-;-;-
JPYV26;BRBMEFJPY5H7;FINANCIAL;-;-;-;-;-;-;3311,418;-;3318,241;-;-6,823;-341,15;-;-;-;-;-
JPYX26;BRBMEFJPY5I5;FINANCIAL;-;-;-;-;-;-;3338,418;-;3345,413;-;-6,995;-349,75;-;-;-;-;-
CNYN26;BRBMEFCNY4Z1;FINANCIAL;-;-;-;-;-;-;7642,25;-;7661,316;-;-19,066;-667,31;-;-;-;-;-
CNYQ26;BRBMEFCNY501;FINANCIAL;-;-;-;-;-;-;7726,048;-;7745,524;-;-19,476;-681,66;-;-;-;-;-
CNYU26;BRBMEFCNY519;FINANCIAL;-;-;-;-;-;-;7788,952;-;7808,657;-;-19,705;-689,675;-;-;-;-;-
CNYV26;BRBMEFCNY527;FINANCIAL;-;-;-;-;-;-;7865,902;-;7886,352;-;-20,45;-715,75;-;-;-;-;-
CNYX26;BRBMEFCNY535;FINANCIAL;-;-;-;-;-;-;7926,754;-;7948,305;-;-21,551;-754,285;-;-;-;-;-
GBPN26;BRBMEFGBP5D6;FINANCIAL;-;-;-;-;-;-;6848,561;-;6864,871;-;-16,31;-570,85;-;-;-;-;-
GBPQ26;BRBMEFGBP5E4;FINANCIAL;-;-;-;-;-;-;6905,374;-;6921,796;-;-16,422;-574,77;-;-;-;-;-
GBPU26;BRBMEFGBP5F1;FINANCIAL;-;-;-;-;-;-;6948,35;-;6965,047;-;-16,697;-584,395;-;-;-;-;-
GBPV26;BRBMEFGBP5G9;FINANCIAL;-;-;-;-;-;-;6999,943;-;7016,995;-;-17,052;-596,82;-;-;-;-;-
GBPX26;BRBMEFGBP5H7;FINANCIAL;-;-;-;-;-;-;7040,282;-;7057,921;-;-17,639;-617,365;-;-;-;-;-
TRYN26;BRBMEFTRY4Z8;FINANCIAL;-;-;-;-;-;-;110,014;-;110,447;-;-0,433;-32,475;-;-;-;-;-
TRYQ26;BRBMEFTRY506;FINANCIAL;-;-;-;-;-;-;107,763;-;108,256;-;-0,493;-36,975;-;-;-;-;-
TRYU26;BRBMEFTRY514;FINANCIAL;-;-;-;-;-;-;105,989;-;106,446;-;-0,457;-34,275;-;-;-;-;-
TRYV26;BRBMEFTRY522;FINANCIAL;-;-;-;-;-;-;103,768;-;104,179;-;-0,411;-30,825;-;-;-;-;-
TRYX26;BRBMEFTRY530;FINANCIAL;-;-;-;-;-;-;102,03;-;102,421;-;-0,391;-29,325;-;-;-;-;-
CLPN26;BRBMEFCLP594;FINANCIAL;-;-;-;-;-;-;5601,543;-;5636,704;-;-35,161;-879,025;-;-;-;-;-
CLPN27;BRBMEFCLP560;FINANCIAL;-;-;-;-;-;-;6077,81;-;6101,464;-;-23,654;-591,35;-;-;-;-;-
CLPQ26;BRBMEFCLP578;FINANCIAL;-;-;-;-;-;-;5649,216;-;5670,061;-;-20,845;-521,125;-;-;-;-;-
CLPU26;BRBMEFCLP586;FINANCIAL;-;-;-;-;-;-;5689,666;-;5711,886;-;-22,22;-555,5;-;-;-;-;-
CLPV26;BRBMEFCLP5A4;FINANCIAL;-;-;-;-;-;-;5729,299;-;5751,25;-;-21,951;-548,775;-;-;-;-;-
CLPX26;BRBMEFCLP5B2;FINANCIAL;-;-;-;-;-;-;5766,184;-;5786,69;-;-20,506;-512,65;-;-;-;-;-
MXNN26;BRBMEFMXN5D4;FINANCIAL;-;-;-;-;-;-;2959,201;-;2967,737;-;-8,536;-640,2;-;-;-;-;-
MXNQ26;BRBMEFMXN5E2;FINANCIAL;-;-;-;-;-;-;2974,893;-;2982,914;-;-8,021;-601,575;-;-;-;-;-
MXNU26;BRBMEFMXN5F9;FINANCIAL;-;-;-;-;-;-;2986,648;-;2994,695;-;-8,047;-603,525;-;-;-;-;-
MXNV26;BRBMEFMXN5G7;FINANCIAL;-;-;-;-;-;-;3000,325;-;3008,453;-;-8,128;-609,6;-;-;-;-;-
MXNX26;BRBMEFMXN5H5;FINANCIAL;-;-;-;-;-;-;3010,895;-;3019,142;-;-8,247;-618,525;-;-;-;-;-
ZARN26;BRBMEFZAR4Z8;FINANCIAL;-;-;-;-;-;-;3145,96;-;3155,414;-;-9,454;-330,89;-;-;-;-;-
ZARQ26;BRBMEFZAR503;FINANCIAL;-;-;-;-;-;-;3163,02;-;3172,15;-;-9,13;-319,55;-;-;-;-;-
ZARU26;BRBMEFZAR511;FINANCIAL;-;-;-;-;-;-;3175,902;-;3185,381;-;-9,479;-331,765;-;-;-;-;-
ZARV26;BRBMEFZAR529;FINANCIAL;-;-;-;-;-;-;3190,874;-;3200,622;-;-9,748;-341,18;-;-;-;-;-
ZARX26;BRBMEFZAR537;FINANCIAL;-;-;-;-;-;-;3202,419;-;3212,391;-;-9,972;-349,02;-;-;-;-;-
WEUN26;BRBMEFWEU4Z2;FINANCIAL;5904;5904;5904;5904;5904;-0,26;5912,637;-;5919,976;-;-7,339;-73,39;-;-;1;15;885600
WEUQ26;BRBMEFWEU506;FINANCIAL;-;-;-;-;-;-;5970,974;-;5978,727;-;-7,753;-77,53;-;-;-;-;-
ARBN26;BRBMEFARB2R7;FINANCIAL;-;-;-;-;-;-;3,497;-;3,503;-;-0,006;-0,9;-;-;-;-;-
ARBN27;BRBMEFARB2Q9;FINANCIAL;-;-;-;-;-;-;3,135;-;3,036;-;0,099;14,85;-;-;-;-;-
ARBQ26;BRBMEFARB2S5;FINANCIAL;-;-;-;-;-;-;3,455;-;3,464;-;-0,009;-1,35;-;-;-;-;-
ARBU26;BRBMEFARB2T3;FINANCIAL;-;-;-;-;-;-;3,426;-;3,424;-;0,002;0,3;-;-;-;-;-
ARBV26;BRBMEFARB2U1;FINANCIAL;-;-;-;-;-;-;3,389;-;3,386;-;0,003;0,45;-;-;-;-;-
ARBX26;BRBMEFARB2V9;FINANCIAL;-;-;-;-;-;-;3,353;-;3,341;-;0,012;1,8;-;-;-;-;-
VIXN26;BRBMEFIX00A2;FINANCIAL;-;-;-;-;-;-;17,7;-;18,34;-;-0,64;-64;-;-;-;-;-
VIXQ26;BRBMEFIX00B0;FINANCIAL;-;-;-;-;-;-;17,7;-;18,34;-;-0,64;-64;-;-;-;-;-
INDG27;BRBMEFIBV400;FINANCIAL;-;-;-;-;-;-;187705;-;186404;-;1301;1301;-;-;-;-;-
INDG28;BRBMEFIBV467;FINANCIAL;-;-;-;-;-;-;212965;-;211712;-;1253;1253;-;-;-;-;-
INDJ27;BRBMEFIBV418;FINANCIAL;-;-;-;-;-;-;191429;-;190127;-;1302;1302;-;-;-;-;-
INDJ28;BRBMEFIBV475;FINANCIAL;-;-;-;-;-;-;217073;-;215828;-;1245;1245;-;-;-;-;-
INDM27;BRBMEFIBV426;FINANCIAL;-;-;-;-;-;-;195604;-;194302;-;1302;1302;-;-;-;-;-
INDM28;BRBMEFIBV483;FINANCIAL;-;-;-;-;-;-;221709;-;220500;-;1209;1209;-;-;-;-;-
INDQ26;BRBMEFIBV3X9;FINANCIAL;174325;173820;176905;175388;176250;0,71;176252;-;174994;-;1258;1258;176180;177000;5.696;38.860;6815579225
INDQ27;BRBMEFIBV434;FINANCIAL;-;-;-;-;-;-;200036;-;198755;-;1281;1281;-;-;-;-;-
INDV26;BRBMEFIBV3Z4;FINANCIAL;-;-;-;-;-;-;180014;-;178735;-;1279;1279;-;-;-;-;-
INDV27;BRBMEFIBV442;FINANCIAL;-;-;-;-;-;-;203851;-;202579;-;1272;1272;-;-;-;-;-
INDZ26;BRBMEFIBV3Y7;FINANCIAL;-;-;-;-;-;-;183878;-;182586;-;1292;1292;-;-;-;-;-
INDZ27;BRBMEFIBV459;FINANCIAL;-;-;-;-;-;-;208221;-;206954;-;1267;1267;-;-;-;-;-
WING28;BRBMEFWIN3V8;FINANCIAL;-;-;-;-;-;-;212965;-;211712;-;1253;250,6;-;-;-;-;-
WINJ28;BRBMEFWIN3W6;FINANCIAL;-;-;-;-;-;-;217073;-;215828;-;1245;249;-;-;-;-;-
WINM27;BRBMEFWIN3S4;FINANCIAL;-;-;-;-;-;-;195604;-;194302;-;1302;260,4;-;-;-;-;-
WINM28;BRBMEFWIN3X4;FINANCIAL;-;-;-;-;-;-;221709;-;220500;-;1209;241,8;-;-;-;-;-
WINQ26;BRBMEFWIN3P0;FINANCIAL;174000;173765;176920;175479;176290;0,74;176252;-;174994;-;1258;251,6;176290;176295;4.971.374;17.329.157;608181728199
WINQ27;BRBMEFWIN3T2;FINANCIAL;-;-;-;-;-;-;200036;-;198755;-;1281;256,2;-;-;-;-;-
WINV26;BRBMEFWIN3Q8;FINANCIAL;177605;177465;180630;179318;179865;0,63;180014;-;178735;-;1279;255,8;179865;180155;4.042;17.699;634751385
WINV27;BRBMEFWIN3U0;FINANCIAL;-;-;-;-;-;-;203851;-;202579;-;1272;254,4;-;-;-;-;-
WINZ26;BRBMEFWIN3R6;FINANCIAL;183000;183000;184340;183723;184000;0,77;183878;-;182586;-;1292;258,4;183400;183990;15;15;551170
BRIQ26;BRBMEFBRI3U1;FINANCIAL;-;-;-;-;-;-;29567;-;29374;-;193;1930;-;-;-;-;-
BRIV26;BRBMEFBRI3V9;FINANCIAL;-;-;-;-;-;-;30198;-;30005;-;193;1930;-;-;-;-;-
ESXH27;BRBMEFESX0K5;FINANCIAL;-;-;-;-;-;-;6311;-;6354;-;-43;-2531,4174991914;-;-;-;-;-
ESXU26;BRBMEFESX0I9;FINANCIAL;-;-;-;-;-;-;6255;-;6296;-;-41;-2413,6771503918;-;-;-;-;-
ESXZ26;BRBMEFESX0J7;FINANCIAL;-;-;-;-;-;-;6275;-;6317;-;-42;-2472,5473247916;-;-;-;-;-
DAXH27;BRBMEFDAX0M2;FINANCIAL;-;-;-;-;-;-;25209;-;25537;-;-328;-9654,7086015672;-;-;-;-;-
DAXU26;BRBMEFDAX0K6;FINANCIAL;-;-;-;-;-;-;24838;-;25167;-;-329;-9684,1436887671;-;-;-;-;-
DAXZ26;BRBMEFDAX0L4;FINANCIAL;-;-;-;-;-;-;25009;-;25334;-;-325;-9566,4033399675;-;-;-;-;-
XFIQ26;BRBMEFXFI0M2;FINANCIAL;-;-;-;-;-;-;3910,9;-;3899,5;-;11,4;114;-;-;-;-;-
XFIV26;BRBMEFXFI0N0;FINANCIAL;-;-;-;-;-;-;3910,9;-;3899,5;-;11,4;114;-;-;-;-;-
SMLG27;BRBMEFSM00H9;FINANCIAL;-;-;-;-;-;-;2217,19;-;2189,93;-;27,26;272,6;-;-;-;-;-
SMLG28;BRBMEFSM00N7;FINANCIAL;-;-;-;-;-;-;2217,19;-;2189,93;-;27,26;272,6;-;-;-;-;-
SMLJ27;BRBMEFSM00I7;FINANCIAL;-;-;-;-;-;-;2217,19;-;2189,93;-;27,26;272,6;-;-;-;-;-
SMLJ28;BRBMEFSM00O5;FINANCIAL;-;-;-;-;-;-;2217,19;-;2189,93;-;27,26;272,6;-;-;-;-;-
SMLM27;BRBMEFSM00J5;FINANCIAL;-;-;-;-;-;-;2217,19;-;2189,93;-;27,26;272,6;-;-;-;-;-
SMLQ26;BRBMEFSM00E6;FINANCIAL;-;-;-;-;-;-;2217,19;-;2189,93;-;27,26;272,6;-;-;-;-;-
SMLQ27;BRBMEFSM00K3;FINANCIAL;-;-;-;-;-;-;2217,19;-;2189,93;-;27,26;272,6;-;-;-;-;-
SMLV26;BRBMEFSM00F3;FINANCIAL;-;-;-;-;-;-;2217,19;-;2189,93;-;27,26;272,6;-;-;-;-;-
SMLV27;BRBMEFSM00L1;FINANCIAL;-;-;-;-;-;-;2217,19;-;2189,93;-;27,26;272,6;-;-;-;-;-
SMLZ26;BRBMEFSM00G1;FINANCIAL;-;-;-;-;-;-;2217,19;-;2189,93;-;27,26;272,6;-;-;-;-;-
SMLZ27;BRBMEFSM00M9;FINANCIAL;-;-;-;-;-;-;2217,19;-;2189,93;-;27,26;272,6;-;-;-;-;-
MBRQ26;BRBMEFBP0069;FINANCIAL;-;-;-;-;-;-;1378,69;-;1361,3;-;17,39;173,9;-;-;-;-;-
MBRV26;BRBMEFBP0077;FINANCIAL;-;-;-;-;-;-;1378,69;-;1361,3;-;17,39;173,9;-;-;-;-;-
ISPH27;BRBMEFISP1R4;FINANCIAL;-;-;-;-;-;-;7546,25;-;7571;-;-24,75;-6398,37;-;-;-;-;-
ISPM27;BRBMEFISP1S2;FINANCIAL;-;-;-;-;-;-;7616,75;-;7643,5;-;-26,75;-6915,41;-;-;-;-;-
ISPU26;BRBMEFISP1Q6;FINANCIAL;7393,75;7367,5;7458,5;7415,49;7409;-0,23;7405,5;-;7426,5;-;-21;-5428,92;7398,5;7500;315;492;943190507,85
ISPZ26;BRBMEFISP1P8;FINANCIAL;-;-;-;-;-;-;7472,25;-;7494,5;-;-22,25;-5752,07;-;-;-;-;-
WSPH27;BRBMEFWSP0Z1;FINANCIAL;-;-;-;-;-;-;7546,25;-;7571;-;-24,75;-319,9185;-;-;-;-;-
WSPM27;BRBMEFWSP100;FINANCIAL;-;-;-;-;-;-;7616,75;-;7643,5;-;-26,75;-345,7705;-;-;-;-;-
WSPU26;BRBMEFWSP0Y4;FINANCIAL;7389,75;7366,75;7464,25;7420,96;7409;-0,23;7405,5;-;7426,5;-;-21;-271,446;7403,25;7410;12.117;24.126;2314246984,24
WSPZ26;BRBMEFWSP0W8;FINANCIAL;7466;7466;7466;7466;7466;-0,38;7472,25;-;7494,5;-;-22,25;-287,6035;-;-;1;1;96505,51
BITM26;BRBMEFBIT0V3;FINANCIAL;306720;302940;312000;308262,2;309560;0,91;309032,27;-;306764,98;-;2267,29;22,6729;-;-;23.068;53.892;166128666,2
BITN26;BRBMEFBIT0W1;FINANCIAL;309740;307040;316280;312427,67;315800;1,85;312726,03;-;310034,17;-;2691,86;26,9186;314940;315800;49.883;281.116;878284181,6
BITQ26;BRBMEFBIT0X9;FINANCIAL;-;-;-;-;-;-;309661,74;-;306996,26;-;2665,48;26,6548;-;-;-;-;-
ETRM26;BRBMEFET00C5;FINANCIAL;1552;1519,1;1576,4;1549,92;1570,2;0,85;1575,82;-;1556,83;-;18,99;24,546474;-;-;198;839;1680871,23
ETRN26;BRBMEFET00D3;FINANCIAL;1554,8;1527,8;1594,7;1563,59;1570,6;0,88;1580,11;-;1556,83;-;23,28;30,091728;1570,8;1581,6;2.937;11.916;24083373,52
ETRQ26;BRBMEFET00E1;FINANCIAL;-;-;-;-;-;-;1580,11;-;1556,83;-;23,28;30,091728;-;-;-;-;-
SOLM26;BRBMEFSO00E2;FINANCIAL;68,7;68,2;73,2;69,804;73,07;10,84;73,21;-;65,921;-;7,289;188,435228;-;-;131;544;981693,76
SOLN26;BRBMEFSO00F9;FINANCIAL;68,51;68,29;74,7;71,68;71,61;8,63;73,524;-;65,921;-;7,603;196,552756;72,01;72,34;4.998;26.504;49114370
SOLQ26;BRBMEFSO00G7;FINANCIAL;-;-;-;-;-;-;73,524;-;65,921;-;7,603;196,552756;-;-;-;-;-
ABEVON26;BRABEV370039;FINANCIAL;-;-;-;-;-;-;16,86;-;16,53;-;0,33;0,33;-;-;-;-;-
ABEVOQ26;BRABEV380038;FINANCIAL;-;-;-;-;-;-;17,08;-;16,74;-;0,34;0,34;-;-;-;-;-
AXIAON26;BRAXIA370026;FINANCIAL;55,93;55,8;56,3;56,12;56,19;1,2;56,06;-;55,52;-;0,54;0,54;-;-;19;9.600;538780
AXIAOQ26;BRAXIA380009;FINANCIAL;56,64;56,64;57,01;56,87;56,95;1,24;56,8;-;56,25;-;0,55;0,55;-;-;56;26.000;1478682
B3SAON26;BRB3SA370072;FINANCIAL;14,66;14,64;15,09;14,98;15,07;2,3;15,04;-;14,73;-;0,31;0,31;-;-;52;90.300;1352768
B3SAOQ26;BRB3SA380071;FINANCIAL;15,23;15,21;15,34;15,27;15,34;2,81;15,23;-;14,92;-;0,31;0,31;-;-;30;72.500;1107342
BBASON26;BRBBAS370037;FINANCIAL;20,22;20,13;21,1;20,48;20,5;1,38;20,5;-;20,22;-;0,28;0,28;-;-;507;470.900;9646913
BBASOQ26;BRBBAS380036;FINANCIAL;20,46;20,46;20,82;20,7;20,75;1,31;20,77;-;20,48;-;0,29;0,29;-;-;18;19.600;405750
BBDCPN26;BRBBDC470030;FINANCIAL;17,7;17,66;18,2;18,05;18,15;2,13;18,06;-;17,77;-;0,29;0,29;-;-;26;36.600;660638
BBDCPQ26;BRBBDC480039;FINANCIAL;18,37;18,37;18,37;18,37;18,37;2,05;18,29;-;18;-;0,29;0,29;-;-;1;1.000;18370
BHIAON26;BRBHIA370033;FINANCIAL;-;-;-;-;-;-;1,13;-;1,11;-;0,02;0,02;-;-;-;-;-
BHIAOQ26;BRBHIA380024;FINANCIAL;-;-;-;-;-;-;1,14;-;1,1;-;0,04;0,04;-;-;-;-;-
BPACIN26;BRBPAC170017;FINANCIAL;-;-;-;-;-;-;55,09;-;54,76;-;0,33;0,33;-;-;-;-;-
BPACIQ26;BRBPAC180016;FINANCIAL;-;-;-;-;-;-;55,82;-;55,48;-;0,34;0,34;-;-;-;-;-
CMIGPN26;BRCMIG470078;FINANCIAL;10,89;10,89;10,96;10,93;10,96;0,73;11,05;-;10,88;-;0,17;0,17;-;-;14;9.700;106093
CMIGPQ26;BRCMIG480077;FINANCIAL;-;-;-;-;-;-;11,19;-;11,02;-;0,17;0,17;-;-;-;-;-
COGNON26;BRCOGN370063;FINANCIAL;2,28;2,28;2,28;2,28;2,28;-0,86;2,32;-;2,3;-;0,02;0,02;-;-;1;1.800;4104
COGNOQ26;BRCOGN380062;FINANCIAL;2,35;2,35;2,36;2,35;2,36;1,28;2,35;-;2,33;-;0,02;0,02;-;-;3;5.800;13648
CSANON26;BRCSAN370016;FINANCIAL;3,75;3,74;3,81;3,76;3,81;1,87;3,79;-;3,74;-;0,05;0,05;-;-;4;5.800;21835
CSANOQ26;BRCSAN380015;FINANCIAL;-;-;-;-;-;-;3,84;-;3,78;-;0,06;0,06;-;-;-;-;-
CSNAON26;BRCSNA370032;FINANCIAL;4,85;4,82;4,9;4,86;4,85;-0,2;4,77;-;4,86;-;-0,09;-0,09;-;-;17;12.500;60777
CSNAOQ26;BRCSNA380031;FINANCIAL;4,91;4,91;4,96;4,91;4,91;-0,2;4,83;-;4,92;-;-0,09;-0,09;-;-;4;1.600;7871
EMBJON26;BREMBJ370007;FINANCIAL;-;-;-;-;-;-;82,54;-;81,77;-;0,77;0,77;-;-;-;-;-
EMBJOQ26;BREMBJ380006;FINANCIAL;-;-;-;-;-;-;83,6;-;82,82;-;0,78;0,78;-;-;-;-;-
ENEVON26;BRENEV370015;FINANCIAL;-;-;-;-;-;-;27,02;-;26,34;-;0,68;0,68;-;-;-;-;-
ENEVOQ26;BRENEV380014;FINANCIAL;-;-;-;-;-;-;27,37;-;26,68;-;0,69;0,69;-;-;-;-;-
EQTLON26;BREQTL370017;FINANCIAL;39,54;39,54;40,11;39,84;40,09;1,8;40,06;-;39,38;-;0,68;0,68;-;-;23;10.600;422312
EQTLOQ26;BREQTL380016;FINANCIAL;40,12;40,12;40,63;40,37;40,63;1,85;40,59;-;39,89;-;0,7;0,7;-;-;6;2.000;80751
GGBRPN26;BRGGBR470035;FINANCIAL;21,5;21,44;21,52;21,48;21,52;-0,46;21,59;-;21,62;-;-0,03;-0,03;-;-;9;4.500;96666
GGBRPQ26;BRGGBR480034;FINANCIAL;21,77;21,77;21,83;21,79;21,8;-0,45;21,87;-;21,9;-;-0,03;-0,03;-;-;4;1.500;32688
HAPVON26;BRHAPV370014;FINANCIAL;-;-;-;-;-;-;10,32;-;10,2;-;0,12;0,12;-;-;-;-;-
HAPVOQ26;BRHAPV380013;FINANCIAL;-;-;-;-;-;-;10,45;-;10,34;-;0,11;0,11;-;-;-;-;-
HASHEN26;BRHASHHAE028;FINANCIAL;-;-;-;-;-;-;40,06;-;39,73;-;0,33;0,33;-;-;-;-;-
HASHEQ26;BRHASHHAE036;FINANCIAL;-;-;-;-;-;-;40,57;-;40,24;-;0,33;0,33;-;-;-;-;-
HYPEON26;BRHYPE370074;FINANCIAL;21,01;20,99;21,72;21,4;21,64;1,78;21,74;-;21,26;-;0,48;0,48;-;-;141;21.600;462333
HYPEOQ26;BRHYPE380073;FINANCIAL;21,28;21,28;21,28;21,28;21,28;-1,16;22,02;-;21,53;-;0,49;0,49;-;-;3;400;8512
ITSAPN26;BRITSA470038;FINANCIAL;-;-;-;-;-;-;13,57;-;13,41;-;0,16;0,16;-;-;-;-;-
ITSAPQ26;BRITSA480037;FINANCIAL;-;-;-;-;-;-;13,74;-;13,59;-;0,15;0,15;-;-;-;-;-
ITUBPN26;BRITUB470033;FINANCIAL;41,8;41,8;42,81;42,56;42,81;1,8;42,57;-;42,05;-;0,52;0,52;-;-;39;39.100;1664208
ITUBPQ26;BRITUB480032;FINANCIAL;42,96;42,96;43,37;43,33;43,34;1,73;43,13;-;42,6;-;0,53;0,53;-;-;35;52.500;2275128
KLBNIN26;BRKLBN170016;FINANCIAL;16,96;16,93;17,23;17,04;17,13;-0,23;17,07;-;17,17;-;-0,1;-0,1;-;-;10;2.700;46009
KLBNIQ26;BRKLBN180015;FINANCIAL;17,13;17,13;17,44;17,3;17,34;-0,17;17,26;-;17,37;-;-0,11;-0,11;-;-;3;900;15573
LRENON26;BRLREN370038;FINANCIAL;14,65;14,6;15,07;14,79;15,02;2,59;15,09;-;14,64;-;0,45;0,45;-;-;49;50.000;739873
LRENOQ26;BRLREN380037;FINANCIAL;14,83;14,79;15,01;14,87;15,01;1,21;15,28;-;14,83;-;0,45;0,45;-;-;3;2.400;35696
MBRFON26;BRMBRF370006;FINANCIAL;-;-;-;-;-;-;17,01;-;16,59;-;0,42;0,42;-;-;-;-;-
MBRFOQ26;BRMBRF380005;FINANCIAL;-;-;-;-;-;-;16,85;-;16,49;-;0,36;0,36;-;-;-;-;-
MGLUON26;BRMGLU370032;FINANCIAL;4,39;4,39;4,4;4,39;4,4;-0,22;4,44;-;4,41;-;0,03;0,03;-;-;2;3.200;14065
MGLUOQ26;BRMGLU380031;FINANCIAL;-;-;-;-;-;-;4,45;-;4,4;-;0,05;0,05;-;-;-;-;-
MOTVON26;BRMOTV370017;FINANCIAL;14,66;14,63;14,71;14,66;14,66;1,17;14,59;-;14,49;-;0,1;0,1;-;-;5;2.900;42532
MOTVOQ26;BRMOTV380016;FINANCIAL;14,59;14,59;14,86;14,81;14,86;1,22;14,79;-;14,68;-;0,11;0,11;-;-;3;1.200;17781
NATUON26;BRNATU370013;FINANCIAL;7,83;7,83;7,9;7,87;7,9;0,5;8,01;-;7,86;-;0,15;0,15;-;-;2;1.600;12598
NATUOQ26;BRNATU380012;FINANCIAL;-;-;-;-;-;-;8,06;-;7,92;-;0,14;0,14;-;-;-;-;-
PETRPN26;BRPETR470077;FINANCIAL;38,38;38,3;38,38;38,36;38,38;-1;38,36;-;38,77;-;-0,41;-0,41;-;-;9;15.100;579270
PETRPQ26;BRPETR480076;FINANCIAL;38,95;38,77;38,95;38,79;38,86;-1,06;38,87;-;39,28;-;-0,41;-0,41;-;-;4;5.000;193978
PRIOON26;BRPRIO370013;FINANCIAL;53,72;53,42;53,83;53,67;53,7;-1,26;53,71;-;54,39;-;-0,68;-0,68;-;-;17;8.800;472305
PRIOOQ26;BRPRIO380012;FINANCIAL;54,42;54,11;54,52;54,25;54,27;-1,52;54,41;-;55,11;-;-0,7;-0,7;-;-;5;2.100;113945
PSSAON26;BRPSSA370073;FINANCIAL;52,76;52,75;53,91;53,58;53,42;0,71;53,68;-;53,04;-;0,64;0,64;-;-;118;14.300;766235
PSSAOQ26;BRPSSA380072;FINANCIAL;53,6;53,6;54,61;54,19;54,61;1,61;54,38;-;53,74;-;0,64;0,64;-;-;14;1.400;75877
RADLON26;BRRADL370018;FINANCIAL;17,47;17,47;17,47;17,47;17,47;0,74;17,49;-;17,34;-;0,15;0,15;-;-;1;700;12229
RADLOQ26;BRRADL380017;FINANCIAL;-;-;-;-;-;-;17,72;-;17,57;-;0,15;0,15;-;-;-;-;-
RAILON26;BRRAIL370013;FINANCIAL;13,53;13,51;13,83;13,65;13,83;1,99;13,8;-;13,56;-;0,24;0,24;-;-;92;60.900;831316
RAILOQ26;BRRAIL380012;FINANCIAL;13,7;13,69;14,03;13,96;14,03;2,18;13,97;-;13,73;-;0,24;0,24;-;-;107;102.200;1427022
RDORON26;BRRDOR370016;FINANCIAL;34,51;34,44;35,25;34,91;34,91;0,63;34,98;-;34,69;-;0,29;0,29;-;-;50;16.400;572678
RDOROQ26;BRRDOR380015;FINANCIAL;34,89;34,89;35,71;35,43;35,36;0,59;35,44;-;35,15;-;0,29;0,29;-;-;25;9.100;322496
RENTON26;BRRENT370030;FINANCIAL;42,5;42,3;43,7;43,25;43,36;1,56;43,42;-;42,69;-;0,73;0,73;-;-;90;42.800;1851278
RENTOQ26;BRRENT380039;FINANCIAL;42,92;42,84;44,04;43,46;43,92;1,59;43,97;-;43,23;-;0,74;0,74;-;-;33;13.500;586796
SBSPON26;BRSBSP370015;FINANCIAL;29,42;29,42;30,03;29,73;29,96;2,81;29,83;-;29,14;-;0,69;0,69;-;-;43;4.800;142714
SBSPOQ26;BRSBSP380014;FINANCIAL;29,94;29,93;30,34;30,24;30,34;2,74;30,22;-;29,53;-;0,69;0,69;-;-;290;31.700;958684
SUZBON26;BRSUZB370035;FINANCIAL;41,19;40,16;41,23;40,86;40,16;-5,14;40,42;-;42,34;-;-1,92;-1,92;-;-;171;62.900;2570499
SUZBOQ26;BRSUZB380034;FINANCIAL;41,67;40,65;41,7;41,3;40,66;-5,19;40,94;-;42,89;-;-1,95;-1,95;-;-;90;27.600;1140035
TIMSON26;BRTIMS370010;FINANCIAL;-;-;-;-;-;-;22,91;-;22,74;-;0,17;0,17;-;-;-;-;-
TIMSOQ26;BRTIMS380019;FINANCIAL;-;-;-;-;-;-;23,21;-;23,04;-;0,17;0,17;-;-;-;-;-
USIMAN26;BRUSIM570079;FINANCIAL;8,5;8,38;8,5;8,41;8,42;-1,75;8,34;-;8,57;-;-0,23;-0,23;-;-;23;16.400;138049
USIMAQ26;BRUSIM580078;FINANCIAL;8,65;8,51;8,65;8,55;8,51;-1,95;8,44;-;8,68;-;-0,24;-0,24;-;-;7;4.400;37655
VALEON26;BRVALE370078;FINANCIAL;78,62;78,62;79,29;78,93;78,68;-0,8;78,77;-;79,32;-;-0,55;-0,55;-;-;50;44.600;3520696
VALEOQ26;BRVALE380077;FINANCIAL;79,72;79,59;80,4;80,21;80,22;-0,18;79,8;-;80,37;-;-0,57;-0,57;-;-;78;2.063.000;165477347
VBBRON26;BRVBBR370017;FINANCIAL;29,43;29,43;30,02;29,7;29,9;1,66;29,92;-;29,41;-;0,51;0,51;-;-;16;9.600;285135
VBBROQ26;BRVBBR380016;FINANCIAL;29,82;29,82;30,3;30,06;30,3;1,67;30,31;-;29,8;-;0,51;0,51;-;-;7;2.600;78176
VIVTON26;BRVIVT370014;FINANCIAL;35,05;34,99;35,27;35,15;35,04;0,51;35,06;-;34,86;-;0,2;0,2;-;-;168;34.400;1209373
VIVTOQ26;BRVIVT380013;FINANCIAL;35,47;35,47;35,71;35,6;35,67;1,01;35,52;-;35,31;-;0,21;0,21;-;-;10;1.400;49848
WEGEON26;BRWEGE370039;FINANCIAL;46,81;46,68;47,54;47,26;47,52;1,34;47,27;-;46,89;-;0,38;0,38;-;-;74;32.800;1550155
WEGEOQ26;BRWEGE380038;FINANCIAL;47,23;47,23;48,15;47,89;48,15;1,34;47,89;-;47,51;-;0,38;0,38;47,15;-;58;26.800;1283717
DAPF27;BRBMEFDAP4Y9;FINANCIAL;10,745;10,745;10,75;10,746;10,75;0,48;94526,02;10,745;94548,09;-;-22,07;-42,213123475;10,5;10,85;8;513;92749091,6
DAPK27;BRBMEFDAP3U9;FINANCIAL;9,155;9,11;9,2;9,134;9,17;0,25;92594,25;9,17;92611,43;-;-17,18;-32,86005715;-;9,17;69;4.607;816152099
DAPK29;BRBMEFDAP4N2;FINANCIAL;8,565;8,48;8,565;8,528;8,5;-0,72;79219;8,495;79080;-;139;265,8642575;-;-;69;10.476;1585939083,89
DAPK31;BRBMEFDAP5E8;FINANCIAL;8,355;8,355;8,495;8,442;8,45;-0,5;67551,98;8,44;67392,37;-;159,61;305,284849925;8,45;-;54;14.319;1849931185,01
DAPK33;BRBMEFDAP462;FINANCIAL;8,235;8,19;8,24;8,202;8,24;0,08;58323,51;8,195;58181,87;-;141,64;270,9137657;8,205;-;56;6.848;763567923,28
DAPK35;BRBMEFDAP2L0;FINANCIAL;8;7,95;8,045;8,01;8,045;0,57;50660,24;8,01;50707,09;-;-46,85;-89,609643625;8,03;8,05;95;10.018;970664634,34
DAPK37;BRBMEFDAP5F5;FINANCIAL;7,84;7,84;7,845;7,84;7,84;0,59;44211,48;7,84;44416,57;-;-205,09;-392,274104825;-;-;34;3.377;285554071,02
DAPK45;BRBMEFDAP3B9;FINANCIAL;7,485;7,485;7,485;7,485;7,485;-0,02;25490,27;7,554;25788,9;-;-298,63;-571,187361275;-;-;1;3;148037,55
DAPK55;BRBMEFDAP3D5;FINANCIAL;7,34;7,34;7,34;7,34;7,34;-0,02;12799,55;7,424;13084,95;-;-285,4;-545,8824395;-;-;1;3;75112,68
DAPN26;BRBMEFDAP5D0;FINANCIAL;-;-;-;-;-;-;99489,97;10,42;99505,38;-;-15,41;-29,474591425;-;-;-;-;-
DAPQ26;BRBMEFDAP1L2;FINANCIAL;11,4;11;11,6;11,379;11;-3,61;98520,2;11;98468,04;-;52,16;99,7660408;10,9;11,5;55;5.342;1006150412,12
DAPQ28;BRBMEFDAP280;FINANCIAL;8,82;8,74;8,835;8,783;8,77;-0,52;83635,01;8,765;83551,59;-;83,42;159,55680835;8,77;-;100;17.631;2819383763,18
DAPQ30;BRBMEFDAP1E7;FINANCIAL;8,565;8,495;8,565;8,52;8,53;-0,38;71525,58;8,51;71383,19;-;142,39;272,348285075;8,53;-;74;4.008;548112142,08
DAPQ32;BRBMEFDAP3T1;FINANCIAL;8,315;8,3;8,35;8,317;8,35;-0,03;61417,11;8,315;61284,65;-;132,46;253,35524855;8,335;8,36;79;8.764;1029402183,86
DAPQ40;BRBMEFDAP3A1;FINANCIAL;7,675;7,65;7,72;7,694;7,72;0,59;35242,16;7,7;35361,6;-;-119,44;-228,4519922;7,7;-;37;3.998;269672955,55
DAPQ50;BRBMEFDAP3C7;FINANCIAL;7,41;7,41;7,41;7,41;7,41;-0,02;17682,35;7,49;17991,25;-;-308,9;-590,83071325;-;-;1;3;103291,05
DAPQ60;BRBMEFDAP3V7;FINANCIAL;7,335;7,335;7,335;7,335;7,335;0;8828,52;7,415;9055,76;-;-227,24;-434,6402437;-;-;1;1;17318,58
DAPU26;BRBMEFDAP5G3;FINANCIAL;-;-;-;-;-;-;97330,17;12,95;97334,62;-;-4,45;-8,511481625;-;-;-;-;-
DAPV26;BRBMEFDAP5H1;FINANCIAL;-;-;-;-;-;-;96732,05;11,487;96736,95;-;-4,9;-9,37219325;-;-;-;-;-
DAPX26;BRBMEFDAP5J7;FINANCIAL;11,18;11,18;11,18;11,18;11,18;-0,01;95958,29;11,192;95961,57;-;-3,28;-6,2736314;-;-;1;49;8993773,6
DAPZ26;BRBMEFDAP5K5;FINANCIAL;-;-;-;-;-;-;95301,16;10,825;95301,22;-;-0,06;-0,11476155;-;-;-;-;-
DIFF27J27;BRBMEFDIF110;FINANCIAL;14,365;14,365;14,37;14,3674;14,37;-2,07;-;-;-;-;-;-;-;-;2;4.832;444293916,34
DIFF27N27;BRBMEFDIF128;FINANCIAL;14,315;14,3;14,325;14,3147;14,305;0,03;-;-;-;-;-;-;-;-;10;23.234;2100005090,35
DIFF28J28;BRBMEFDIF2H2;FINANCIAL;14,3;14,3;14,3;14,3;14,3;-4,41;-;-;-;-;-;-;-;-;1;30;2415478,2
DIFF29F30;BRBMEFDIF144;FINANCIAL;14,47;14,47;14,47;14,47;14,47;-0,54;-;-;-;-;-;-;-;-;1;9;600809,35
DIFF29N29;BRBMEFDIF6D2;FINANCIAL;14,43;14,43;14,43;14,43;14,43;-1,23;-;-;-;-;-;-;-;-;1;10;693517,3
DIFF30F31;BRBMEFDIF0R5;FINANCIAL;14,415;14,415;14,605;14,4612;14,605;1,63;-;-;-;-;-;-;-;-;2;37;2164639,23
DIFF31F32;BRBMEFDIF151;FINANCIAL;14,49;14,49;14,49;14,49;14,49;0,48;-;-;-;-;-;-;-;-;1;19;973169,74
DIFN27F28;BRBMEFDIF1K8;FINANCIAL;14,12;14,09;14,12;14,1085;14,12;-1,7;-;-;-;-;-;-;-;-;10;13.544;1145890622,61
DIFN27V27;BRBMEFDIF2F6;FINANCIAL;14,18;14,18;14,18;14,18;14,18;-2,5;-;-;-;-;-;-;-;-;1;29;2494500,06
DIFV26F27;BRBMEFDIF2E9;FINANCIAL;14,07;14,07;14,07;14,07;14,07;-2,05;-;-;-;-;-;-;-;-;2;4.516;428790608,75
DIFV27F28;BRBMEFDIF2G4;FINANCIAL;14,035;14,035;14,035;14,035;14,035;0,21;-;-;-;-;-;-;-;-;1;59;4908994,65
DIIF27F28;BRBMEFDII1I9;FINANCIAL;0,105;0,07;0,135;0,1;0,12;-25;-;-;-;-;-;-;0,1;-;242;14.313;1290907886,06
DIIF27F29;BRBMEFDII015;FINANCIAL;0,21;0,145;0,21;0,183;0,195;-17,02;-;-;-;-;-;-;-;-;59;8.224;730229838,47
DIIF27F31;BRBMEFDII0W2;FINANCIAL;0,285;0,285;0,285;0,285;0,285;9,61;-;-;-;-;-;-;-;-;1;1.209;105235205,6
DIIF27J27;BRBMEFDII155;FINANCIAL;0,1;0,085;0,105;0,093;0,09;-21,73;-;-;-;-;-;-;0,09;0,095;593;87.911;8107259975,23
DIIF27N27;BRBMEFDII189;FINANCIAL;0,155;0,11;0,155;0,123;0,13;-21,21;-;-;-;-;-;-;0,125;0,14;613;43.148;3941033634,83
DIIF28F29;BRBMEFDII1J7;FINANCIAL;0,07;0,07;0,1;0,082;0,075;0;-;-;-;-;-;-;0,075;0,08;1.747;106.636;8284537662,96
DIIF28F31;BRBMEFDII2X6;FINANCIAL;0,155;0,125;0,2;0,181;0,185;42,3;-;-;-;-;-;-;-;-;291;50.511;3675547279,73
DIIF28F32;BRBMEFDIIA49;FINANCIAL;0,195;0,195;0,195;0,195;0,195;39,28;-;-;-;-;-;-;-;-;1;1.230;87295517,4
DIIF28F35;BRBMEFDII5J8;FINANCIAL;0,155;0,155;0,16;0,155;0,16;220;-;-;-;-;-;-;-;-;3;1.760;116716032,45
DIIF28J28;BRBMEFDII2K3;FINANCIAL;0,015;0,015;0,025;0,019;0,02;0;-;-;-;-;-;-;0,015;0,02;212;21.022;1694249587,79
DIIF28N28;BRBMEFDII4H5;FINANCIAL;0,035;0,035;0,05;0,041;0,04;-11,11;-;-;-;-;-;-;0,04;0,045;834;45.341;3605234316,18
DIIF29F30;BRBMEFDII1K5;FINANCIAL;0,06;0,05;0,085;0,069;0,085;54,54;-;-;-;-;-;-;0,08;0,095;1.391;64.091;4336305329,98
DIIF29F31;BRBMEFDII0O9;FINANCIAL;0,06;0,05;0,12;0,09;0,12;100;-;-;-;-;-;-;0,11;0,12;1.484;83.102;5368591702,94
DIIF29F32;BRBMEFDII5O8;FINANCIAL;0,12;0,12;0,12;0,12;0,12;300;-;-;-;-;-;-;-;-;3;605;37544722,85
DIIF29F33;BRBMEFDII1Q2;FINANCIAL;0,115;0,115;0,115;0,115;0,115;-243,75;-;-;-;-;-;-;-;-;2;2.679;160297227,34
DIIF29F35;BRBMEFDII5Q3;FINANCIAL;-0,01;-0,01;0,105;0,032;0,105;-520;-;-;-;-;-;-;-;-;8;7.590;426119675,43
DIIF29J29;BRBMEFDII692;FINANCIAL;0,04;0,04;0,04;0,04;0,04;60;-;-;-;-;-;-;-;-;1;82;5790498,8
DIIF29N29;BRBMEFDII6H0;FINANCIAL;0,05;0,045;0,065;0,057;0,06;33,33;-;-;-;-;-;-;0,055;0,065;368;17.415;1210913352,72
DIIF30F31;BRBMEFDII0U6;FINANCIAL;0,01;-0,005;0,035;0,015;0,03;-;-;-;-;-;-;-;0,02;0,035;615;40.985;2418655098,07
DIIF30F32;BRBMEFDII5K6;FINANCIAL;0,05;0,045;0,055;0,048;0,055;1000;-;-;-;-;-;-;-;-;23;407;22768972,96
DIIF30F33;BRBMEFDII6B3;FINANCIAL;0,04;0,04;0,04;0,04;0,04;-153,33;-;-;-;-;-;-;-;-;3;3.084;164748169,14
DIIF30N30;BRBMEFDII858;FINANCIAL;0,015;0,015;0,015;0,015;0,015;50;-;-;-;-;-;-;-;-;1;10;607538,35
DIIF31F32;BRBMEFDII0G5;FINANCIAL;0,005;0,005;0,045;0,025;0,045;350;-;-;-;-;-;-;0,04;0,045;243;15.481;796754738,31
DIIF31F33;BRBMEFDII0H3;FINANCIAL;-0,01;-0,015;0,05;0,013;0,045;-400;-;-;-;-;-;-;0,045;0,05;1.397;49.257;2401175832,96
DIIF31F35;BRBMEFDII5I0;FINANCIAL;-0,075;-0,075;0,015;-0,035;0,015;-120;-;-;-;-;-;-;0,005;0,02;481;23.565;1042240942,4
DIIF31J31;BRBMEFDIIBI6;FINANCIAL;-0,01;-0,01;-0,01;-0,01;-0,01;-33,33;-;-;-;-;-;-;-;-;4;374;20178563,59
DIIF31N31;BRBMEFDIIBJ4;FINANCIAL;-;-0,005;0,01;-0,002;0,01;-300;-;-;-;-;-;-;-;-;16;12.343;656170787,2
DIIF31V31;BRBMEFDIIBK2;FINANCIAL;-;-;0,005;0,001;0,005;-112,5;-;-;-;-;-;-;-;-;2;41;2141018,17
DIIF32F33;BRBMEFDII1L3;FINANCIAL;-0,02;-0,02;-0,01;-0,007;-;-100;-;-;-;-;-;-;0;0,01;135;4.729;212368813,64
DIIF33F34;BRBMEFDII1M1;FINANCIAL;-0,035;-0,035;-0,02;-0,032;-0,02;-50;-;-;-;-;-;-;-0,025;-0,015;40;1.477;58214547,33
DIIF33F35;BRBMEFDII460;FINANCIAL;-0,06;-0,065;-0,03;-0,047;-0,03;-50;-;-;-;-;-;-;-0,035;-0,025;536;17.343;643440099,23
DIIF33F37;BRBMEFDII478;FINANCIAL;-0,1;-0,1;-0,055;-0,078;-0,055;-42,1;-;-;-;-;-;-;-0,06;-0,03;113;3.099;102849120,97
DIIF35F36;BRBMEFDII8J2;FINANCIAL;-0,035;-0,035;0,01;-0,034;0,01;-118,18;-;-;-;-;-;-;-0,04;-;5;4.242;128369233,92
DIIF35F37;BRBMEFDII8K0;FINANCIAL;-0,035;-0,035;-0,015;-0,03;-0,015;-62,5;-;-;-;-;-;-;-0,025;-0,01;59;12.742;362399628,35
DIIF36F37;BRBMEFDIIBO4;FINANCIAL;0,035;0,035;0,035;0,035;0,035;-800;-;-;-;-;-;-;-;-;1;39;1034074,09
DIIJ27F28;BRBMEFDII6O6;FINANCIAL;0,01;-0,02;0,015;0,005;0,005;-85,71;-;-;-;-;-;-;-;-;12;799;69851960,3
DIIJ27K27;BRBMEFDIID87;FINANCIAL;0,02;0,02;0,02;0,02;0,02;0;-;-;-;-;-;-;-;-;3;261;23496488,01
DIIJ27M27;BRBMEFDIIDF8;FINANCIAL;0,015;0,015;0,02;0,016;0,015;-40;-;-;-;-;-;-;-;-;7;165;14787340,67
DIIJ27N27;BRBMEFDII163;FINANCIAL;0,035;0,025;0,045;0,035;0,045;-10;-;-;-;-;-;-;0,035;0,045;1.650;109.333;9752653274,1
DIIJ28N28;BRBMEFDII346;FINANCIAL;0,02;0,02;0,03;0,025;0,025;25;-;-;-;-;-;-;0,02;0,025;143;5.304;413405849,92
DIIJ29N29;BRBMEFDII6Q1;FINANCIAL;0,025;0,025;0,025;0,025;0,025;66,66;-;-;-;-;-;-;-;-;1;92;6283778,89
DIIJ31F32;BRBMEFDIIBL0;FINANCIAL;0,055;0,02;0,055;0,025;0,02;0;-;-;-;-;-;-;-;-;3;102;5148976,47
DIIJ31N31;BRBMEFDIIBF2;FINANCIAL;0,01;0,01;0,01;0,01;0,01;0;-;-;-;-;-;-;-;-;1;91;4758220,42
DIIK27N27;BRBMEFDIID95;FINANCIAL;0,01;0,01;0,01;0,01;0,01;-50;-;-;-;-;-;-;-;-;3;151;13376220,27
DIIM27N27;BRBMEFDIIDG6;FINANCIAL;0,015;0,005;0,015;0,012;0,015;0;-;-;-;-;-;-;-;-;7;384;33817800,34
DIIN27F28;BRBMEFDII197;FINANCIAL;-0,01;-0,045;-0,005;-0,026;-0,015;200;-;-;-;-;-;-;-0,015;-0,01;1.297;72.530;6177573374,61
DIIN27F30;BRBMEFDII6R9;FINANCIAL;0,145;0,145;0,155;0,15;0,15;15,38;-;-;-;-;-;-;-;-;5;5.800;466402679,97
DIIN27N28;BRBMEFDII3R6;FINANCIAL;0,04;0,025;0,04;0,033;0,035;16,66;-;-;-;-;-;-;-;-;160;4.918;411001865,92
DIIN27Q27;BRBMEFDIIAM0;FINANCIAL;-;-0,015;-;-0,003;-0,015;-400;-;-;-;-;-;-;-;-;6;516;44921839,04
DIIN27V27;BRBMEFDII2I7;FINANCIAL;0,01;-0,01;0,01;0;0,01;0;-;-;-;-;-;-;0,005;0,01;608;17.625;1519199780,02
DIIN28F29;BRBMEFDII353;FINANCIAL;0,03;0,03;0,045;0,038;0,04;14,28;-;-;-;-;-;-;0,035;0,04;420;20.296;1509411858,91
DIIN28V28;BRBMEFDII3Y2;FINANCIAL;0,025;0,02;0,03;0,025;0,03;50;-;-;-;-;-;-;0,02;0,03;5;292;22015810,86
DIIN29F30;BRBMEFDII6G2;FINANCIAL;0,01;0,005;0,02;0,017;0,02;300;-;-;-;-;-;-;0,015;0,03;186;10.719;696609016
DIIN31F32;BRBMEFDIIBM8;FINANCIAL;0,02;0,015;0,035;0,023;0,035;75;-;-;-;-;-;-;-;-;5;1.388;68944227,46
DIIQ27V27;BRBMEFDIIAN8;FINANCIAL;-;0,015;0,015;0,003;0,015;-400;-;-;-;-;-;-;-;-;6;298;25519510,39
DIIU26V26;BRBMEFDIIAP3;FINANCIAL;-0,041;-0,041;-0,041;-0,041;-0,041;-510;-;-;-;-;-;-;-;-;1;2.496;242447318,22
DIIV26F27;BRBMEFDII2H9;FINANCIAL;-;0,01;0,02;0,009;-;-100;-;-;-;-;-;-;0;0,015;75;16.361;1561298286,36
DIIV26J27;BRBMEFDIIAK4;FINANCIAL;0,115;0,1;0,115;0,107;0,1;0;-;-;-;-;-;-;-;-;18;14.347;1360613888,97
DIIV26Z26;BRBMEFDIIAS7;FINANCIAL;-0,02;-0,02;-0,02;-0,02;-0,02;-55,55;-;-;-;-;-;-;-;-;1;3.560;340808774,4
DIIV27F28;BRBMEFDII2J5;FINANCIAL;-0,025;-0,035;-0,015;-0,027;-0,02;33,33;-;-;-;-;-;-;-0,025;-0,015;343;15.246;1270464518,24
DIIV27X27;BRBMEFDIIC47;FINANCIAL;-0,02;-0,02;-0,02;-0,02;-0,02;33,33;-;-;-;-;-;-;-;-;2;82;6902025,6
DIIV27Z27;BRBMEFDIICA1;FINANCIAL;-0,03;-0,03;-0,03;-0,03;-0,03;200;-;-;-;-;-;-;-;-;3;96;8043173,73
DIIV28F29;BRBMEFDII3Z9;FINANCIAL;0,01;0,005;0,01;0,009;0,01;-33,33;-;-;-;-;-;-;0,01;0,02;3;82;5980320,82
DIIV29Z29;BRBMEFDIICE3;FINANCIAL;0,005;0,005;0,005;0,005;0,005;-;-;-;-;-;-;-;-;-;3;30;1924495,8
DIIV30F31;BRBMEFDIIAI8;FINANCIAL;0,005;0,005;0,005;0,005;0,005;-;-;-;-;-;-;-;-;-;1;10;558135,4
DIIV31F32;BRBMEFDIIBH8;FINANCIAL;0,015;0,015;0,02;0,015;0,02;33,33;-;-;-;-;-;-;-;-;2;131;6377535,21
DIIX27F28;BRBMEFDIIC54;FINANCIAL;-0,005;-0,005;-0,005;-0,005;-0,005;-200;-;-;-;-;-;-;-;-;2;42;3479601,68
DIIZ27F28;BRBMEFDIICB9;FINANCIAL;0,005;0,005;0,005;0,005;0,005;-66,66;-;-;-;-;-;-;-;-;3;186;15323017,44
DIIZ28F29;BRBMEFDIICD5;FINANCIAL;0,005;0,005;0,005;0,005;0,005;-;-;-;-;-;-;-;-;-;3;30;2164135,2
DIIZ29F30;BRBMEFDIICF0;FINANCIAL;0,015;0,015;0,015;0,015;0,015;0;-;-;-;-;-;-;-;-;3;60;3787577,4
DITF27;BRBMEFDIT095;FINANCIAL;-;-;0,002;0;0,002;-;-;-;-;-;-;-;-;-;4;305;28498833,75
DITF28;BRBMEFDIT053;FINANCIAL;-;-;0,002;0;0,002;-;-;-;-;-;-;-;-;-;4;270;22100925,33
DITF29;BRBMEFDIT0K4;FINANCIAL;-;-;0,002;0;0,002;-;-;-;-;-;-;-;-;-;4;160;11477532,64
DITF30;BRBMEFDIT0J6;FINANCIAL;-;-;-;-;-;-;-;-;-;-;-;-;-;-;1;146;9160108,62
DITF31;BRBMEFDIT0I8;FINANCIAL;-;-;0,002;0;0,002;-;-;-;-;-;-;-;-;-;4;376;20617487,28
DITF32;BRBMEFDIT0H0;FINANCIAL;-;-;-;-;-;-;-;-;-;-;-;-;-;-;1;123;5889418,35
DITF33;BRBMEFDIT0G2;FINANCIAL;-;0,002;0,002;0,001;0,002;0;-;-;-;-;-;-;-;-;2;56;2345085,4
DITF35;BRBMEFDIT0E7;FINANCIAL;-;-;0,002;0;0,002;-;-;-;-;-;-;-;-;-;3;13;418326,47
DITN27;BRBMEFDIT079;FINANCIAL;-;0,002;0,002;0,001;0,002;-;-;-;-;-;-;-;-;-;2;28;2450848,96
DITN29;BRBMEFDIT1L0;FINANCIAL;-;-;-;-;-;-;-;-;-;-;-;-;-;-;1;260;17440077,2
DITV26;BRBMEFDIT0A5;FINANCIAL;-;-;0,002;0,001;0,002;-;-;-;-;-;-;-;-;-;2;178;17179489,33
MR1N26U26;BRBMEFMR16O3;AGRIBUSINESS;3,5;3,5;3,58;3,55;3,53;8,61;-;-;-;-;-;-;-;3,74;3;22;654133,5
FRP0;BRBMEFFRP099;FINANCIAL;4;3,7;5,6;4,01;5,6;0;-;-;-;-;-;-;-;-;207;69.400;17952088775
FRP1;BRBMEFFRP032;FINANCIAL;3,4;3,4;3,4;3,4;3,4;-35,84;-;-;-;-;-;-;-;-;1;30;7759350
DR1N26Q26;BRBMEFDR35G8;FINANCIAL;39,98;39,41;40,3;39,609;40,24;1,87;-;-;-;-;-;-;39,71;39,8;2.728;630.010;163572639050
WD1N26Q26;BRBMEFWD17W3;FINANCIAL;39,51;39,33;40,18;39,55;39,8;1,01;-;-;-;-;-;-;39,57;39,8;16.383;360.488;18718759667,2
IMVM26;BRBMEFIMV290;FINANCIAL;-;-;-;-;-;-;3105128;-;3105128;-;0;0;-;-;-;-;-
BGIV26C033450;BRBMEFCB1LO1;AGRIBUSINESS;-;-;-;-;-;-;-;-;-;16,75;-;-;-;-;-;-;-
BGIV26C033950;BRBMEFCB1LP8;AGRIBUSINESS;-;-;-;-;-;-;-;-;-;13,83;-;-;-;-;-;-;-
BGIV26C035450;BRBMEFCB1LQ6;AGRIBUSINESS;-;-;-;-;-;-;-;-;-;7,25;-;-;-;-;-;-;-
BGIV26C035950;BRBMEFCB1LR4;AGRIBUSINESS;-;-;-;-;-;-;-;-;-;5,76;-;-;-;-;-;-;-
BGIV26P033450;BRBMEFVB1LN0;AGRIBUSINESS;-;-;-;-;-;-;-;-;-;6,62;-;-;-;-;-;-;-
BGIV26P033950;BRBMEFVB1LO8;AGRIBUSINESS;-;-;-;-;-;-;-;-;-;8,48;-;-;-;-;-;-;-
BGIV26P035450;BRBMEFVB1LP5;AGRIBUSINESS;-;-;-;-;-;-;-;-;-;16,22;-;-;-;-;-;-;-
BGIV26P035950;BRBMEFVB1LQ3;AGRIBUSINESS;-;-;-;-;-;-;-;-;-;19,51;-;-;-;-;-;-;-
BGIX26C033450;BRBMEFGI0337;AGRIBUSINESS;-;-;-;-;-;-;-;-;-;20,12;-;-;-;-;-;-;-
BGIX26C033950;BRBMEFGI0345;AGRIBUSINESS;-;-;-;-;-;-;-;-;-;17,05;-;-;-;-;-;-;-
BGIX26C035450;BRBMEFGI0352;AGRIBUSINESS;-;-;-;-;-;-;-;-;-;9,82;-;-;-;-;-;-;-
BGIX26C035950;BRBMEFGI0360;AGRIBUSINESS;-;-;-;-;-;-;-;-;-;8,03;-;-;-;-;-;-;-
BGIX26P033450;BRBMEFBG0318;AGRIBUSINESS;-;-;-;-;-;-;-;-;-;6,41;-;-;-;-;-;-;-
BGIX26P033950;BRBMEFBG0326;AGRIBUSINESS;-;-;-;-;-;-;-;-;-;8,07;-;-;-;-;-;-;-
BGIX26P035450;BRBMEFBG0334;AGRIBUSINESS;-;-;-;-;-;-;-;-;-;15,02;-;-;-;-;-;-;-
BGIX26P035950;BRBMEFBG0342;AGRIBUSINESS;-;-;-;-;-;-;-;-;-;17,96;-;-;-;-;-;-;-