Resume as transações realizadas em derivativos durante um pregão, incluindo volumes e valores. Os detalhes sobre as regras utilizadas, bem como a definição de cada um dos campos, estão disponíveis no 
Glossário;https://www.b3.com.br/data/files/F8/42/7A/61/FEC4A8103234E0A8AC094EA8/TradeInformationConsolidatedFileV3_PT.pdf

Instrumento financeiro;Código ISIN;Segmento;Preço de abertura;Preço mínimo;Preço máximo;Preço médio;Preço de fechamento;Oscilação;Ajuste;Ajuste de referência;Ajuste do dia anterior;Preço de referência;Variação;Valor do ajuste por contrato (R$);Última oferta de compra;Última oferta de venda;Quantidade de negócios;Quantidade de contratos;Volume financeiro
BGIF27C033000;BRBMEFBC0486;AGRIBUSINESS;-;-;-;-;-;-;-;-;-;61,5;-;-;-;-;-;-;-
BGIF27C034000;BRBMEFBC01R3;AGRIBUSINESS;-;-;-;-;-;-;-;-;-;52,32;-;-;-;-;-;-;-
BGIF27C034050;BRBMEFBC01S1;AGRIBUSINESS;-;-;-;-;-;-;-;-;-;51,87;-;-;-;-;-;-;-
BGIF27C034100;BRBMEFBC01T9;AGRIBUSINESS;-;-;-;-;-;-;-;-;-;51,41;-;-;-;-;-;-;-
BGIF27C034150;BRBMEFBC01U7;AGRIBUSINESS;-;-;-;-;-;-;-;-;-;50,95;-;-;-;-;-;-;-
BGIF27C034200;BRBMEFBC01V5;AGRIBUSINESS;-;-;-;-;-;-;-;-;-;50,49;-;-;-;-;-;-;-
BGIF27C034250;BRBMEFBC01W3;AGRIBUSINESS;-;-;-;-;-;-;-;-;-;50,04;-;-;-;-;-;-;-
BGIF27C034300;BRBMEFBC01X1;AGRIBUSINESS;-;-;-;-;-;-;-;-;-;49,58;-;-;-;-;-;-;-
BGIF27C034350;BRBMEFBC01Y9;AGRIBUSINESS;-;-;-;-;-;-;-;-;-;49,12;-;-;-;-;-;-;-
BGIF27C034400;BRBMEFBC01Z6;AGRIBUSINESS;-;-;-;-;-;-;-;-;-;48,67;-;-;-;-;-;-;-
BGIF27C034450;BRBMEFBC0205;AGRIBUSINESS;-;-;-;-;-;-;-;-;-;48,22;-;-;-;-;-;-;-
BGIF27C034500;BRBMEFBC0213;AGRIBUSINESS;-;-;-;-;-;-;-;-;-;47,76;-;-;-;-;-;-;-
BGIF27C034550;BRBMEFBC0221;AGRIBUSINESS;-;-;-;-;-;-;-;-;-;47,31;-;-;-;-;-;-;-
BGIF27C034600;BRBMEFBC0239;AGRIBUSINESS;-;-;-;-;-;-;-;-;-;46,86;-;-;-;-;-;-;-
BGIF27C034650;BRBMEFBC0247;AGRIBUSINESS;-;-;-;-;-;-;-;-;-;46,41;-;-;-;-;-;-;-
BGIF27C034700;BRBMEFBC0254;AGRIBUSINESS;-;-;-;-;-;-;-;-;-;45,96;-;-;-;-;-;-;-
BGIF27C034750;BRBMEFBC0262;AGRIBUSINESS;-;-;-;-;-;-;-;-;-;45,51;-;-;-;-;-;-;-
BGIF27C034800;BRBMEFBC0270;AGRIBUSINESS;-;-;-;-;-;-;-;-;-;45,06;-;-;-;-;-;-;-
BGIF27C034850;BRBMEFBC0288;AGRIBUSINESS;-;-;-;-;-;-;-;-;-;44,61;-;-;-;-;-;-;-
BGIF27C034900;BRBMEFBC0296;AGRIBUSINESS;-;-;-;-;-;-;-;-;-;44,17;-;-;-;-;-;-;-
BGIF27C034950;BRBMEFBC02A7;AGRIBUSINESS;-;-;-;-;-;-;-;-;-;43,72;-;-;-;-;-;-;-
BGIF27C035000;BRBMEFBC02B5;AGRIBUSINESS;-;-;-;-;-;-;-;-;-;43,28;-;-;-;-;-;-;-
BGIF27C035050;BRBMEFBC02C3;AGRIBUSINESS;-;-;-;-;-;-;-;-;-;42,83;-;-;-;-;-;-;-
BGIF27C035100;BRBMEFBC02D1;AGRIBUSINESS;-;-;-;-;-;-;-;-;-;42,39;-;-;-;-;-;-;-
BGIF27C035150;BRBMEFBC02E9;AGRIBUSINESS;-;-;-;-;-;-;-;-;-;41,94;-;-;-;-;-;-;-
BGIF27C035200;BRBMEFBC02F6;AGRIBUSINESS;-;-;-;-;-;-;-;-;-;41,5;-;-;-;-;-;-;-
BGIF27C035250;BRBMEFBC02G4;AGRIBUSINESS;-;-;-;-;-;-;-;-;-;41,06;-;-;-;-;-;-;-
BGIF27C035300;BRBMEFBC02H2;AGRIBUSINESS;-;-;-;-;-;-;-;-;-;40,62;-;-;-;-;-;-;-
BGIF27C035350;BRBMEFBC02I0;AGRIBUSINESS;-;-;-;-;-;-;-;-;-;40,19;-;-;-;-;-;-;-
BGIF27C035400;BRBMEFBC01Q5;AGRIBUSINESS;-;-;-;-;-;-;-;-;-;39,75;-;-;-;-;-;-;-
BGIF27C035450;BRBMEFBC02J8;AGRIBUSINESS;-;-;-;-;-;-;-;-;-;39,32;-;-;-;-;-;-;-
BGIF27C035500;BRBMEFBC02K6;AGRIBUSINESS;-;-;-;-;-;-;-;-;-;38,88;-;-;-;-;-;-;-
BGIF27C035550;BRBMEFBC02L4;AGRIBUSINESS;-;-;-;-;-;-;-;-;-;38,45;-;-;-;-;-;-;-
BGIF27C035600;BRBMEFBC02M2;AGRIBUSINESS;-;-;-;-;-;-;-;-;-;38,02;-;-;-;-;-;-;-
BGIF27C035650;BRBMEFBC02N0;AGRIBUSINESS;-;-;-;-;-;-;-;-;-;37,58;-;-;-;-;-;-;-
BGIF27C035700;BRBMEFBC02O8;AGRIBUSINESS;-;-;-;-;-;-;-;-;-;37,16;-;-;-;-;-;-;-
BGIF27C035750;BRBMEFBC02P5;AGRIBUSINESS;-;-;-;-;-;-;-;-;-;36,73;-;-;-;-;-;-;-
BGIF27C035800;BRBMEFBC02Q3;AGRIBUSINESS;-;-;-;-;-;-;-;-;-;36,3;-;-;-;-;-;-;-
BGIF27C035850;BRBMEFBC02R1;AGRIBUSINESS;-;-;-;-;-;-;-;-;-;35,88;-;-;-;-;-;-;-
BGIF27C035900;BRBMEFBC02S9;AGRIBUSINESS;-;-;-;-;-;-;-;-;-;35,45;-;-;-;-;-;-;-
BGIF27C035950;BRBMEFBC02T7;AGRIBUSINESS;-;-;-;-;-;-;-;-;-;35,03;-;-;-;-;-;-;-
BGIF27C036000;BRBMEFBC02U5;AGRIBUSINESS;-;-;-;-;-;-;-;-;-;34,61;-;-;-;-;-;-;-
BGIF27C036050;BRBMEFBC02V3;AGRIBUSINESS;-;-;-;-;-;-;-;-;-;34,19;-;-;-;-;-;-;-
BGIF27C036100;BRBMEFBC02W1;AGRIBUSINESS;-;-;-;-;-;-;-;-;-;33,77;-;-;-;-;-;-;-
BGIF27C036150;BRBMEFBC02X9;AGRIBUSINESS;-;-;-;-;-;-;-;-;-;33,35;-;-;-;-;-;-;-
BGIF27C036200;BRBMEFBC02Y7;AGRIBUSINESS;-;-;-;-;-;-;-;-;-;32,94;-;-;-;-;-;-;-
BGIF27C036250;BRBMEFBC02Z4;AGRIBUSINESS;-;-;-;-;-;-;-;-;-;32,53;-;-;-;-;-;-;-
BGIF27C036300;BRBMEFBC0304;AGRIBUSINESS;-;-;-;-;-;-;-;-;-;32,11;-;-;-;-;-;-;-
BGIF27C036350;BRBMEFBC0312;AGRIBUSINESS;-;-;-;-;-;-;-;-;-;31,7;-;-;-;-;-;-;-
BGIF27C036400;BRBMEFBC0320;AGRIBUSINESS;-;-;-;-;-;-;-;-;-;31,29;-;-;-;-;-;-;-
BGIF27C036450;BRBMEFBC0338;AGRIBUSINESS;-;-;-;-;-;-;-;-;-;30,89;-;-;-;-;-;-;-
BGIF27C036500;BRBMEFBC0346;AGRIBUSINESS;-;-;-;-;-;-;-;-;-;30,48;-;-;-;-;-;-;-
BGIF27C036550;BRBMEFBC0353;AGRIBUSINESS;-;-;-;-;-;-;-;-;-;30,07;-;-;-;-;-;-;-
BGIF27C036600;BRBMEFBC0361;AGRIBUSINESS;-;-;-;-;-;-;-;-;-;29,67;-;-;-;-;-;-;-
BGIF27C036650;BRBMEFBC0379;AGRIBUSINESS;-;-;-;-;-;-;-;-;-;29,27;-;-;-;-;-;-;-
BGIF27C036700;BRBMEFBC0387;AGRIBUSINESS;-;-;-;-;-;-;-;-;-;28,87;-;-;-;-;-;-;-
BGIF27C036750;BRBMEFBC0395;AGRIBUSINESS;-;-;-;-;-;-;-;-;-;28,47;-;-;-;-;-;-;-
BGIF27C036800;BRBMEFBC03A5;AGRIBUSINESS;-;-;-;-;-;-;-;-;-;28,08;-;-;-;-;-;-;-
BGIF27C036850;BRBMEFBC03B3;AGRIBUSINESS;-;-;-;-;-;-;-;-;-;27,69;-;-;-;-;-;-;-
BGIF27C036900;BRBMEFBC03C1;AGRIBUSINESS;-;-;-;-;-;-;-;-;-;27,29;-;-;-;-;-;-;-
BGIF27C036950;BRBMEFBC03D9;AGRIBUSINESS;-;-;-;-;-;-;-;-;-;26,9;-;-;-;-;-;-;-
BGIF27C037000;BRBMEFBC03E7;AGRIBUSINESS;-;-;-;-;-;-;-;-;-;26,52;-;-;-;-;-;-;-
BGIF27C037050;BRBMEFBC03F4;AGRIBUSINESS;-;-;-;-;-;-;-;-;-;26,13;-;-;-;-;-;-;-
BGIF27C037100;BRBMEFBC03G2;AGRIBUSINESS;-;-;-;-;-;-;-;-;-;25,75;-;-;-;-;-;-;-
BGIF27C037150;BRBMEFBC03H0;AGRIBUSINESS;-;-;-;-;-;-;-;-;-;25,37;-;-;-;-;-;-;-
BGIF27C037200;BRBMEFBC03I8;AGRIBUSINESS;-;-;-;-;-;-;-;-;-;24,98;-;-;-;-;-;-;-
BGIF27C037250;BRBMEFBC03J6;AGRIBUSINESS;-;-;-;-;-;-;-;-;-;24,61;-;-;-;-;-;-;-
BGIF27C037300;BRBMEFBC03K4;AGRIBUSINESS;-;-;-;-;-;-;-;-;-;24,24;-;-;-;-;-;-;-
BGIF27C037350;BRBMEFBC03L2;AGRIBUSINESS;-;-;-;-;-;-;-;-;-;23,86;-;-;-;-;-;-;-
BGIF27C037400;BRBMEFBC03M0;AGRIBUSINESS;-;-;-;-;-;-;-;-;-;23,5;-;-;-;-;-;-;-
BGIF27C037450;BRBMEFBC03N8;AGRIBUSINESS;-;-;-;-;-;-;-;-;-;23,14;-;-;-;-;-;-;-
BGIF27C037500;BRBMEFBC03O6;AGRIBUSINESS;-;-;-;-;-;-;-;-;-;22,78;-;-;-;-;-;-;-
BGIF27C037550;BRBMEFBC03P3;AGRIBUSINESS;-;-;-;-;-;-;-;-;-;22,42;-;-;-;-;-;-;-
BGIF27C037600;BRBMEFBC03Q1;AGRIBUSINESS;-;-;-;-;-;-;-;-;-;22,08;-;-;-;-;-;-;-
BGIF27C037650;BRBMEFBC03R9;AGRIBUSINESS;-;-;-;-;-;-;-;-;-;21,73;-;-;-;-;-;-;-
BGIF27C037700;BRBMEFBC03S7;AGRIBUSINESS;-;-;-;-;-;-;-;-;-;21,38;-;-;-;-;-;-;-
BGIF27C037750;BRBMEFBC03T5;AGRIBUSINESS;-;-;-;-;-;-;-;-;-;21,04;-;-;-;-;-;-;-
BGIF27C037800;BRBMEFBC03U3;AGRIBUSINESS;-;-;-;-;-;-;-;-;-;20,7;-;-;-;-;-;-;-
BGIF27C037850;BRBMEFBC03V1;AGRIBUSINESS;-;-;-;-;-;-;-;-;-;20,36;-;-;-;-;-;-;-
BGIF27C037900;BRBMEFBC03W9;AGRIBUSINESS;-;-;-;-;-;-;-;-;-;20,02;-;-;-;-;-;-;-
BGIF27C037950;BRBMEFBC03X7;AGRIBUSINESS;-;-;-;-;-;-;-;-;-;19,69;-;-;-;-;-;-;-
BGIF27C038000;BRBMEFBC03Y5;AGRIBUSINESS;-;-;-;-;-;-;-;-;-;19,37;-;-;-;-;-;-;-
BGIF27C038250;BRBMEFBC0429;AGRIBUSINESS;-;-;-;-;-;-;-;-;-;17,76;-;-;-;-;-;-;-
BGIF27C038500;BRBMEFBC04C9;AGRIBUSINESS;-;-;-;-;-;-;-;-;-;16,23;-;-;-;-;-;-;-
BGIF27C038550;BRBMEFBC0437;AGRIBUSINESS;-;-;-;-;-;-;-;-;-;15,94;-;-;-;-;-;-;-
BGIF27C038800;BRBMEFBC0478;AGRIBUSINESS;-;-;-;-;-;-;-;-;-;14,53;-;-;-;-;-;-;-
BGIF27C039000;BRBMEFBC04A3;AGRIBUSINESS;-;-;-;-;-;-;-;-;-;13,46;-;-;-;-;-;-;-
BGIF27C039100;BRBMEFBC0411;AGRIBUSINESS;-;-;-;-;-;-;-;-;-;12,95;-;-;-;-;-;-;-
BGIF27C039200;BRBMEFBC0403;AGRIBUSINESS;-;-;-;-;-;-;-;-;-;12,44;-;-;-;-;-;-;-
BGIF27C039500;BRBMEFBC0445;AGRIBUSINESS;-;-;-;-;-;-;-;-;-;11,01;-;-;-;-;-;-;-
BGIF27C040000;BRBMEFBC03Z2;AGRIBUSINESS;-;-;-;-;-;-;-;-;-;8,96;-;-;-;-;-;-;-
BGIF27C040500;BRBMEFBC0460;AGRIBUSINESS;-;-;-;-;-;-;-;-;-;7,2;-;-;-;-;-;-;-
BGIF27C041000;BRBMEFBC0452;AGRIBUSINESS;-;-;-;-;-;-;-;-;-;5,81;-;-;-;-;-;-;-
BGIF27C041500;BRBMEFBC0494;AGRIBUSINESS;-;-;-;-;-;-;-;-;-;4,66;-;-;-;-;-;-;-
BGIF27C042000;BRBMEFBC04B1;AGRIBUSINESS;-;-;-;-;-;-;-;-;-;3,75;-;-;-;-;-;-;-
BGIF27P033000;BRBMEFBF03M3;AGRIBUSINESS;-;-;-;-;-;-;-;-;-;0,41;-;-;-;-;-;-;-
BGIF27P034000;BRBMEFBF0152;AGRIBUSINESS;-;-;-;-;-;-;-;-;-;0,86;-;-;-;-;-;-;-
BGIF27P034050;BRBMEFBF0160;AGRIBUSINESS;-;-;-;-;-;-;-;-;-;0,88;-;-;-;-;-;-;-
BGIF27P034100;BRBMEFBF0178;AGRIBUSINESS;-;-;-;-;-;-;-;-;-;0,91;-;-;-;-;-;-;-
BGIF27P034150;BRBMEFBF0186;AGRIBUSINESS;-;-;-;-;-;-;-;-;-;0,93;-;-;-;-;-;-;-
BGIF27P034200;BRBMEFBF0194;AGRIBUSINESS;-;-;-;-;-;-;-;-;-;0,95;-;-;-;-;-;-;-
BGIF27P034250;BRBMEFBF01A2;AGRIBUSINESS;-;-;-;-;-;-;-;-;-;0,98;-;-;-;-;-;-;-
BGIF27P034300;BRBMEFBF01B0;AGRIBUSINESS;-;-;-;-;-;-;-;-;-;1;-;-;-;-;-;-;-
BGIF27P034350;BRBMEFBF01C8;AGRIBUSINESS;-;-;-;-;-;-;-;-;-;1,03;-;-;-;-;-;-;-
BGIF27P034400;BRBMEFBF01D6;AGRIBUSINESS;-;-;-;-;-;-;-;-;-;1,06;-;-;-;-;-;-;-
BGIF27P034450;BRBMEFBF01E4;AGRIBUSINESS;-;-;-;-;-;-;-;-;-;1,09;-;-;-;-;-;-;-
BGIF27P034500;BRBMEFBF01F1;AGRIBUSINESS;-;-;-;-;-;-;-;-;-;1,11;-;-;-;-;-;-;-
BGIF27P034550;BRBMEFBF01G9;AGRIBUSINESS;-;-;-;-;-;-;-;-;-;1,14;-;-;-;-;-;-;-
BGIF27P034600;BRBMEFBF01H7;AGRIBUSINESS;-;-;-;-;-;-;-;-;-;1,17;-;-;-;-;-;-;-
BGIF27P034650;BRBMEFBF01I5;AGRIBUSINESS;-;-;-;-;-;-;-;-;-;1,2;-;-;-;-;-;-;-
BGIF27P034700;BRBMEFBF01J3;AGRIBUSINESS;-;-;-;-;-;-;-;-;-;1,23;-;-;-;-;-;-;-
BGIF27P034750;BRBMEFBF01K1;AGRIBUSINESS;-;-;-;-;-;-;-;-;-;1,27;-;-;-;-;-;-;-
BGIF27P034800;BRBMEFBF01L9;AGRIBUSINESS;-;-;-;-;-;-;-;-;-;1,3;-;-;-;-;-;-;-
BGIF27P034850;BRBMEFBF01M7;AGRIBUSINESS;-;-;-;-;-;-;-;-;-;1,33;-;-;-;-;-;-;-
BGIF27P034900;BRBMEFBF01N5;AGRIBUSINESS;-;-;-;-;-;-;-;-;-;1,37;-;-;-;-;-;-;-
BGIF27P034950;BRBMEFBF01O3;AGRIBUSINESS;-;-;-;-;-;-;-;-;-;1,4;-;-;-;-;-;-;-
BGIF27P035000;BRBMEFBF01P0;AGRIBUSINESS;-;-;-;-;-;-;-;-;-;1,44;-;-;-;-;-;-;-
BGIF27P035050;BRBMEFBF01Q8;AGRIBUSINESS;-;-;-;-;-;-;-;-;-;1,48;-;-;-;-;-;-;-
BGIF27P035100;BRBMEFBF01R6;AGRIBUSINESS;-;-;-;-;-;-;-;-;-;1,51;-;-;-;-;-;-;-
BGIF27P035150;BRBMEFBF01S4;AGRIBUSINESS;-;-;-;-;-;-;-;-;-;1,55;-;-;-;-;-;-;-
BGIF27P035200;BRBMEFBF01T2;AGRIBUSINESS;-;-;-;-;-;-;-;-;-;1,59;-;-;-;-;-;-;-
BGIF27P035250;BRBMEFBF01U0;AGRIBUSINESS;-;-;-;-;-;-;-;-;-;1,63;-;-;-;-;-;-;-
BGIF27P035300;BRBMEFBF01V8;AGRIBUSINESS;-;-;-;-;-;-;-;-;-;1,68;-;-;-;-;-;-;-
BGIF27P035350;BRBMEFBF01W6;AGRIBUSINESS;-;-;-;-;-;-;-;-;-;1,72;-;-;-;-;-;-;-
BGIF27P035400;BRBMEFBF0145;AGRIBUSINESS;-;-;-;-;-;-;-;-;-;1,77;-;-;-;-;-;-;-
BGIF27P035450;BRBMEFBF01X4;AGRIBUSINESS;-;-;-;-;-;-;-;-;-;1,81;-;-;-;-;-;-;-
BGIF27P035500;BRBMEFBF01Y2;AGRIBUSINESS;-;-;-;-;-;-;-;-;-;1,86;-;-;-;-;-;-;-
BGIF27P035550;BRBMEFBF01Z9;AGRIBUSINESS;-;-;-;-;-;-;-;-;-;1,91;-;-;-;-;-;-;-
BGIF27P035600;BRBMEFBF0202;AGRIBUSINESS;-;-;-;-;-;-;-;-;-;1,96;-;-;-;-;-;-;-
BGIF27P035650;BRBMEFBF0210;AGRIBUSINESS;-;-;-;-;-;-;-;-;-;2,01;-;-;-;-;-;-;-
BGIF27P035700;BRBMEFBF0228;AGRIBUSINESS;-;-;-;-;-;-;-;-;-;2,06;-;-;-;-;-;-;-
BGIF27P035750;BRBMEFBF0236;AGRIBUSINESS;-;-;-;-;-;-;-;-;-;2,11;-;-;-;-;-;-;-
BGIF27P035800;BRBMEFBF0244;AGRIBUSINESS;-;-;-;-;-;-;-;-;-;2,17;-;-;-;-;-;-;-
BGIF27P035850;BRBMEFBF0251;AGRIBUSINESS;-;-;-;-;-;-;-;-;-;2,22;-;-;-;-;-;-;-
BGIF27P035900;BRBMEFBF0269;AGRIBUSINESS;-;-;-;-;-;-;-;-;-;2,28;-;-;-;-;-;-;-
BGIF27P035950;BRBMEFBF0277;AGRIBUSINESS;-;-;-;-;-;-;-;-;-;2,34;-;-;-;-;-;-;-
BGIF27P036000;BRBMEFBF0285;AGRIBUSINESS;-;-;-;-;-;-;-;-;-;2,4;-;-;-;-;-;-;-
BGIF27P036050;BRBMEFBF0293;AGRIBUSINESS;-;-;-;-;-;-;-;-;-;2,46;-;-;-;-;-;-;-
BGIF27P036100;BRBMEFBF02A0;AGRIBUSINESS;-;-;-;-;-;-;-;-;-;2,53;-;-;-;-;-;-;-
BGIF27P036150;BRBMEFBF02B8;AGRIBUSINESS;-;-;-;-;-;-;-;-;-;2,59;-;-;-;-;-;-;-
BGIF27P036200;BRBMEFBF02C6;AGRIBUSINESS;-;-;-;-;-;-;-;-;-;2,66;-;-;-;-;-;-;-
BGIF27P036250;BRBMEFBF02D4;AGRIBUSINESS;-;-;-;-;-;-;-;-;-;2,73;-;-;-;-;-;-;-
BGIF27P036300;BRBMEFBF02E2;AGRIBUSINESS;-;-;-;-;-;-;-;-;-;2,79;-;-;-;-;-;-;-
BGIF27P036350;BRBMEFBF02F9;AGRIBUSINESS;-;-;-;-;-;-;-;-;-;2,87;-;-;-;-;-;-;-
BGIF27P036400;BRBMEFBF02G7;AGRIBUSINESS;-;-;-;-;-;-;-;-;-;2,93;-;-;-;-;-;-;-
BGIF27P036450;BRBMEFBF02H5;AGRIBUSINESS;-;-;-;-;-;-;-;-;-;3,01;-;-;-;-;-;-;-
BGIF27P036500;BRBMEFBF02I3;AGRIBUSINESS;-;-;-;-;-;-;-;-;-;3,08;-;-;-;-;-;-;-
BGIF27P036550;BRBMEFBF02J1;AGRIBUSINESS;-;-;-;-;-;-;-;-;-;3,16;-;-;-;-;-;-;-
BGIF27P036600;BRBMEFBF02K9;AGRIBUSINESS;-;-;-;-;-;-;-;-;-;3,24;-;-;-;-;-;-;-
BGIF27P036650;BRBMEFBF02L7;AGRIBUSINESS;-;-;-;-;-;-;-;-;-;3,32;-;-;-;-;-;-;-
BGIF27P036700;BRBMEFBF02M5;AGRIBUSINESS;-;-;-;-;-;-;-;-;-;3,41;-;-;-;-;-;-;-
BGIF27P036750;BRBMEFBF02N3;AGRIBUSINESS;-;-;-;-;-;-;-;-;-;3,49;-;-;-;-;-;-;-
BGIF27P036800;BRBMEFBF02O1;AGRIBUSINESS;-;-;-;-;-;-;-;-;-;3,57;-;-;-;-;-;-;-
BGIF27P036850;BRBMEFBF02P8;AGRIBUSINESS;-;-;-;-;-;-;-;-;-;3,66;-;-;-;-;-;-;-
BGIF27P036900;BRBMEFBF02Q6;AGRIBUSINESS;-;-;-;-;-;-;-;-;-;3,75;-;-;-;-;-;-;-
BGIF27P036950;BRBMEFBF02R4;AGRIBUSINESS;-;-;-;-;-;-;-;-;-;3,84;-;-;-;-;-;-;-
BGIF27P037000;BRBMEFBF02S2;AGRIBUSINESS;-;-;-;-;-;-;-;-;-;3,94;-;-;-;-;-;-;-
BGIF27P037050;BRBMEFBF02T0;AGRIBUSINESS;-;-;-;-;-;-;-;-;-;4,03;-;-;-;-;-;-;-
BGIF27P037100;BRBMEFBF02U8;AGRIBUSINESS;-;-;-;-;-;-;-;-;-;4,13;-;-;-;-;-;-;-
BGIF27P037150;BRBMEFBF02V6;AGRIBUSINESS;-;-;-;-;-;-;-;-;-;4,23;-;-;-;-;-;-;-
BGIF27P037200;BRBMEFBF02W4;AGRIBUSINESS;-;-;-;-;-;-;-;-;-;4,33;-;-;-;-;-;-;-
BGIF27P037250;BRBMEFBF02X2;AGRIBUSINESS;-;-;-;-;-;-;-;-;-;4,44;-;-;-;-;-;-;-
BGIF27P037300;BRBMEFBF02Y0;AGRIBUSINESS;-;-;-;-;-;-;-;-;-;4,55;-;-;-;-;-;-;-
BGIF27P037350;BRBMEFBF02Z7;AGRIBUSINESS;-;-;-;-;-;-;-;-;-;4,65;-;-;-;-;-;-;-
BGIF27P037400;BRBMEFBF0301;AGRIBUSINESS;-;-;-;-;-;-;-;-;-;4,77;-;-;-;-;-;-;-
BGIF27P037450;BRBMEFBF0319;AGRIBUSINESS;-;-;-;-;-;-;-;-;-;4,89;-;-;-;-;-;-;-
BGIF27P037500;BRBMEFBF0327;AGRIBUSINESS;-;-;-;-;-;-;-;-;-;5,01;-;-;-;-;-;-;-
BGIF27P037550;BRBMEFBF0335;AGRIBUSINESS;-;-;-;-;-;-;-;-;-;5,14;-;-;-;-;-;-;-
BGIF27P037600;BRBMEFBF0343;AGRIBUSINESS;-;-;-;-;-;-;-;-;-;5,28;-;-;-;-;-;-;-
BGIF27P037650;BRBMEFBF0350;AGRIBUSINESS;-;-;-;-;-;-;-;-;-;5,41;-;-;-;-;-;-;-
BGIF27P037700;BRBMEFBF0368;AGRIBUSINESS;-;-;-;-;-;-;-;-;-;5,54;-;-;-;-;-;-;-
BGIF27P037750;BRBMEFBF0376;AGRIBUSINESS;-;-;-;-;-;-;-;-;-;5,68;-;-;-;-;-;-;-
BGIF27P037800;BRBMEFBF0384;AGRIBUSINESS;-;-;-;-;-;-;-;-;-;5,83;-;-;-;-;-;-;-
BGIF27P037850;BRBMEFBF0392;AGRIBUSINESS;-;-;-;-;-;-;-;-;-;5,97;-;-;-;-;-;-;-
BGIF27P037900;BRBMEFBF03A8;AGRIBUSINESS;-;-;-;-;-;-;-;-;-;6,11;-;-;-;-;-;-;-
BGIF27P037950;BRBMEFBF03B6;AGRIBUSINESS;-;-;-;-;-;-;-;-;-;6,26;-;-;-;-;-;-;-
BGIF27P038000;BRBMEFBF03C4;AGRIBUSINESS;-;-;-;-;-;-;-;-;-;6,42;-;-;-;-;-;-;-
BGIF27P038250;BRBMEFBF03G5;AGRIBUSINESS;-;-;-;-;-;-;-;-;-;7,21;-;-;-;-;-;-;-
BGIF27P038500;BRBMEFBF03Q4;AGRIBUSINESS;-;-;-;-;-;-;-;-;-;8,09;-;-;-;-;-;-;-
BGIF27P038550;BRBMEFBF03H3;AGRIBUSINESS;-;-;-;-;-;-;-;-;-;8,28;-;-;-;-;-;-;-
BGIF27P038800;BRBMEFBF03L5;AGRIBUSINESS;-;-;-;-;-;-;-;-;-;9,28;-;-;-;-;-;-;-
BGIF27P039000;BRBMEFBF03O9;AGRIBUSINESS;-;-;-;-;-;-;-;-;-;10,14;-;-;-;-;-;-;-
BGIF27P039100;BRBMEFBF03F7;AGRIBUSINESS;-;-;-;-;-;-;-;-;-;10,59;-;-;-;-;-;-;-
BGIF27P039200;BRBMEFBF03E0;AGRIBUSINESS;-;-;-;-;-;-;-;-;-;11,04;-;-;-;-;-;-;-
BGIF27P039500;BRBMEFBF03I1;AGRIBUSINESS;-;-;-;-;-;-;-;-;-;12,5;-;-;-;-;-;-;-
BGIF27P040000;BRBMEFBF03D2;AGRIBUSINESS;-;-;-;-;-;-;-;-;-;15,27;-;-;-;-;-;-;-
BGIF27P040500;BRBMEFBF03K7;AGRIBUSINESS;-;-;-;-;-;-;-;-;-;18,32;-;-;-;-;-;-;-
BGIF27P041000;BRBMEFBF03J9;AGRIBUSINESS;-;-;-;-;-;-;-;-;-;21,74;-;-;-;-;-;-;-
BGIF27P041500;BRBMEFBF03N1;AGRIBUSINESS;-;-;-;-;-;-;-;-;-;25,41;-;-;-;-;-;-;-
BGIF27P042000;BRBMEFBF03P6;AGRIBUSINESS;-;-;-;-;-;-;-;-;-;29,31;-;-;-;-;-;-;-
BGIG27C033500;BRBMEFCBGUF3;AGRIBUSINESS;-;-;-;-;-;-;-;-;-;56,46;-;-;-;-;-;-;-
BGIG27C034000;BRBMEFCBGU94;AGRIBUSINESS;-;-;-;-;-;-;-;-;-;51,95;-;-;-;-;-;-;-
BGIG27C035800;BRBMEFCBGU45;AGRIBUSINESS;-;-;-;-;-;-;-;-;-;36,4;-;-;-;-;-;-;-
BGIG27C035900;BRBMEFCBGU29;AGRIBUSINESS;-;-;-;-;-;-;-;-;-;35,58;-;-;-;-;-;-;-
BGIG27C036500;BRBMEFCBGUD8;AGRIBUSINESS;-;-;-;-;-;-;-;-;-;30,78;-;-;-;-;-;-;-
BGIG27C037500;BRBMEFCBGUA4;AGRIBUSINESS;-;-;-;-;-;-;-;-;-;23,42;-;-;-;-;-;-;-
BGIG27C037700;BRBMEFCBGU52;AGRIBUSINESS;-;-;-;-;-;-;-;-;-;22,08;-;-;-;-;-;-;-
BGIG27C038000;BRBMEFCBGU37;AGRIBUSINESS;-;-;-;-;-;-;-;-;-;20,14;-;-;-;-;-;-;-
BGIG27C038250;BRBMEFCBGU78;AGRIBUSINESS;-;-;-;-;-;-;-;-;-;18,6;-;-;-;-;-;-;-
BGIG27C038300;BRBMEFCBGU86;AGRIBUSINESS;-;-;-;-;-;-;-;-;-;18,29;-;-;-;-;-;-;-
BGIG27C038500;BRBMEFCBGU60;AGRIBUSINESS;-;-;-;-;-;-;-;-;-;17,14;-;-;-;-;-;-;-
BGIG27C038650;BRBMEFCBGUC0;AGRIBUSINESS;-;-;-;-;-;-;-;-;-;16,31;-;-;-;-;-;-;-
BGIG27C040000;BRBMEFCBGUE6;AGRIBUSINESS;-;-;-;-;-;-;-;-;-;10,05;-;-;-;-;-;-;-
BGIG27C041000;BRBMEFCBGUB2;AGRIBUSINESS;-;-;-;-;-;-;-;-;-;6,83;-;-;-;-;-;-;-
BGIG27P033500;BRBMEFVBGUF3;AGRIBUSINESS;-;-;-;-;-;-;-;-;-;0,96;-;-;-;-;-;-;-
BGIG27P034000;BRBMEFVBGU91;AGRIBUSINESS;-;-;-;-;-;-;-;-;-;1,22;-;-;-;-;-;-;-
BGIG27P035800;BRBMEFVBGU42;AGRIBUSINESS;-;-;-;-;-;-;-;-;-;2,85;-;-;-;-;-;-;-
BGIG27P035900;BRBMEFVBGU26;AGRIBUSINESS;-;-;-;-;-;-;-;-;-;2,99;-;-;-;-;-;-;-
BGIG27P036500;BRBMEFVBGUD8;AGRIBUSINESS;-;-;-;-;-;-;-;-;-;3,92;-;-;-;-;-;-;-
BGIG27P037500;BRBMEFVBGUA4;AGRIBUSINESS;-;-;-;-;-;-;-;-;-;6,1;-;-;-;-;-;-;-
BGIG27P037700;BRBMEFVBGU59;AGRIBUSINESS;-;-;-;-;-;-;-;-;-;6,66;-;-;-;-;-;-;-
BGIG27P038000;BRBMEFVBGU34;AGRIBUSINESS;-;-;-;-;-;-;-;-;-;7,59;-;-;-;-;-;-;-
BGIG27P038250;BRBMEFVBGU75;AGRIBUSINESS;-;-;-;-;-;-;-;-;-;8,43;-;-;-;-;-;-;-
BGIG27P038300;BRBMEFVBGU83;AGRIBUSINESS;-;-;-;-;-;-;-;-;-;8,61;-;-;-;-;-;-;-
BGIG27P038500;BRBMEFVBGU67;AGRIBUSINESS;-;-;-;-;-;-;-;-;-;9,36;-;-;-;-;-;-;-
BGIG27P038650;BRBMEFVBGUC0;AGRIBUSINESS;-;-;-;-;-;-;-;-;-;9,96;-;-;-;-;-;-;-
BGIG27P040000;BRBMEFVBGUE6;AGRIBUSINESS;-;-;-;-;-;-;-;-;-;16,58;-;-;-;-;-;-;-
BGIG27P041000;BRBMEFVBGUB2;AGRIBUSINESS;-;-;-;-;-;-;-;-;-;22,91;-;-;-;-;-;-;-
BGIH27C028550;BRBMEFCBHRO9;AGRIBUSINESS;-;-;-;-;-;-;-;-;-;102,26;-;-;-;-;-;-;-
BGIH27C032000;BRBMEFCBHRP6;AGRIBUSINESS;-;-;-;-;-;-;-;-;-;70,21;-;-;-;-;-;-;-
BGIH27C033500;BRBMEFCBHS14;AGRIBUSINESS;-;-;-;-;-;-;-;-;-;56,78;-;-;-;-;-;-;-
BGIH27C034000;BRBMEFCBHRQ4;AGRIBUSINESS;-;-;-;-;-;-;-;-;-;52,37;-;-;-;-;-;-;-
BGIH27C034500;BRBMEFCBHS06;AGRIBUSINESS;-;-;-;-;-;-;-;-;-;48,05;-;-;-;-;-;-;-
BGIH27C035000;BRBMEFCBHS22;AGRIBUSINESS;-;-;-;-;-;-;-;-;-;43,82;-;-;-;-;-;-;-
BGIH27C036000;BRBMEFCBHRR2;AGRIBUSINESS;-;-;-;-;-;-;-;-;-;35,69;-;-;-;-;-;-;-
BGIH27C036500;BRBMEFCBHRV4;AGRIBUSINESS;-;-;-;-;-;-;-;-;-;31,84;-;-;-;-;-;-;-
BGIH27C037500;BRBMEFCBHRY8;AGRIBUSINESS;-;-;-;-;-;-;-;-;-;24,75;-;-;-;-;-;-;-
BGIH27C038000;BRBMEFCBHRW2;AGRIBUSINESS;-;-;-;-;-;-;-;-;-;21,58;-;-;-;-;-;-;-
BGIH27C038500;BRBMEFCBHRX0;AGRIBUSINESS;-;-;-;-;-;-;-;-;-;18,65;-;-;-;-;-;-;-
BGIH27C039000;BRBMEFCBHRS0;AGRIBUSINESS;-;-;-;-;-;-;-;-;-;16,03;-;-;-;-;-;-;-
BGIH27C039500;BRBMEFCBHRT8;AGRIBUSINESS;-;-;-;-;-;-;-;-;-;13,66;-;-;-;-;-;-;-
BGIH27C040000;BRBMEFCBHRU6;AGRIBUSINESS;-;-;-;-;-;-;-;-;-;11,6;-;-;-;-;-;-;-
BGIH27C041000;BRBMEFCBHRZ5;AGRIBUSINESS;-;-;-;-;-;-;-;-;-;8,24;-;-;-;-;-;-;-
BGIH27P028550;BRBMEFVBHRO9;AGRIBUSINESS;-;-;-;-;-;-;-;-;-;0,03;-;-;-;-;-;-;-
BGIH27P032000;BRBMEFVBHRP6;AGRIBUSINESS;-;-;-;-;-;-;-;-;-;0,56;-;-;-;-;-;-;-
BGIH27P033500;BRBMEFVBHS11;AGRIBUSINESS;-;-;-;-;-;-;-;-;-;1,29;-;-;-;-;-;-;-
BGIH27P034000;BRBMEFVBHRQ4;AGRIBUSINESS;-;-;-;-;-;-;-;-;-;1,61;-;-;-;-;-;-;-
BGIH27P034500;BRBMEFVBHS03;AGRIBUSINESS;-;-;-;-;-;-;-;-;-;2,01;-;-;-;-;-;-;-
BGIH27P035000;BRBMEFVBHS29;AGRIBUSINESS;-;-;-;-;-;-;-;-;-;2,5;-;-;-;-;-;-;-
BGIH27P036000;BRBMEFVBHRR2;AGRIBUSINESS;-;-;-;-;-;-;-;-;-;3,82;-;-;-;-;-;-;-
BGIH27P036500;BRBMEFVBHRV4;AGRIBUSINESS;-;-;-;-;-;-;-;-;-;4,69;-;-;-;-;-;-;-
BGIH27P037500;BRBMEFVBHRY8;AGRIBUSINESS;-;-;-;-;-;-;-;-;-;7,04;-;-;-;-;-;-;-
BGIH27P038000;BRBMEFVBHRW2;AGRIBUSINESS;-;-;-;-;-;-;-;-;-;8,59;-;-;-;-;-;-;-
BGIH27P038500;BRBMEFVBHRX0;AGRIBUSINESS;-;-;-;-;-;-;-;-;-;10,39;-;-;-;-;-;-;-
BGIH27P039000;BRBMEFVBHRS0;AGRIBUSINESS;-;-;-;-;-;-;-;-;-;12,49;-;-;-;-;-;-;-
BGIH27P039500;BRBMEFVBHRT8;AGRIBUSINESS;-;-;-;-;-;-;-;-;-;14,84;-;-;-;-;-;-;-
BGIH27P040000;BRBMEFVBHRU6;AGRIBUSINESS;-;-;-;-;-;-;-;-;-;17,5;-;-;-;-;-;-;-
BGIH27P041000;BRBMEFVBHRZ5;AGRIBUSINESS;-;-;-;-;-;-;-;-;-;23,59;-;-;-;-;-;-;-
BGIJ27C030000;BRBMEFCBJQL3;AGRIBUSINESS;-;-;-;-;-;-;-;-;-;87,36;-;-;-;-;-;-;-
BGIJ27C030500;BRBMEFCBJQM1;AGRIBUSINESS;-;-;-;-;-;-;-;-;-;82,79;-;-;-;-;-;-;-
BGIJ27C031000;BRBMEFCBJQN9;AGRIBUSINESS;-;-;-;-;-;-;-;-;-;78,24;-;-;-;-;-;-;-
BGIJ27C031500;BRBMEFCBJQO7;AGRIBUSINESS;-;-;-;-;-;-;-;-;-;73,75;-;-;-;-;-;-;-
BGIJ27C032000;BRBMEFCBJQP4;AGRIBUSINESS;-;-;-;-;-;-;-;-;-;69,3;-;-;-;-;-;-;-
BGIJ27C032500;BRBMEFCBJQQ2;AGRIBUSINESS;-;-;-;-;-;-;-;-;-;64,88;-;-;-;-;-;-;-
BGIJ27C033000;BRBMEFCBJQR0;AGRIBUSINESS;-;-;-;-;-;-;-;-;-;60,47;-;-;-;-;-;-;-
BGIJ27C033500;BRBMEFCBJQS8;AGRIBUSINESS;-;-;-;-;-;-;-;-;-;56,11;-;-;-;-;-;-;-
BGIJ27C034000;BRBMEFCBJQT6;AGRIBUSINESS;-;-;-;-;-;-;-;-;-;51,82;-;-;-;-;-;-;-
BGIJ27C034500;BRBMEFCBJQU4;AGRIBUSINESS;-;-;-;-;-;-;-;-;-;47,62;-;-;-;-;-;-;-
BGIJ27C035000;BRBMEFCBJQV2;AGRIBUSINESS;-;-;-;-;-;-;-;-;-;43,52;-;-;-;-;-;-;-
BGIJ27C035500;BRBMEFCBJQW0;AGRIBUSINESS;-;-;-;-;-;-;-;-;-;39,53;-;-;-;-;-;-;-
BGIJ27C036000;BRBMEFCBJQX8;AGRIBUSINESS;-;-;-;-;-;-;-;-;-;35,66;-;-;-;-;-;-;-
BGIJ27C036500;BRBMEFCBJQY6;AGRIBUSINESS;-;-;-;-;-;-;-;-;-;31,94;-;-;-;-;-;-;-
BGIJ27C037000;BRBMEFCBJQZ3;AGRIBUSINESS;-;-;-;-;-;-;-;-;-;28,42;-;-;-;-;-;-;-
BGIJ27C037500;BRBMEFCBJR05;AGRIBUSINESS;-;-;-;-;-;-;-;-;-;25,17;-;-;-;-;-;-;-
BGIJ27C038000;BRBMEFCBJR13;AGRIBUSINESS;-;-;-;-;-;-;-;-;-;22,12;-;-;-;-;-;-;-
BGIJ27C038500;BRBMEFCBJQJ7;AGRIBUSINESS;-;-;-;-;-;-;-;-;-;19,33;-;-;-;-;-;-;-
BGIJ27C042500;BRBMEFCBJQK5;AGRIBUSINESS;-;-;-;-;-;-;-;-;-;5,71;-;-;-;-;-;-;-
BGIJ27P030000;BRBMEFVBJQL3;AGRIBUSINESS;-;-;-;-;-;-;-;-;-;0,22;-;-;-;-;-;-;-
BGIJ27P030500;BRBMEFVBJQM1;AGRIBUSINESS;-;-;-;-;-;-;-;-;-;0,32;-;-;-;-;-;-;-
BGIJ27P031000;BRBMEFVBJQN9;AGRIBUSINESS;-;-;-;-;-;-;-;-;-;0,45;-;-;-;-;-;-;-
BGIJ27P031500;BRBMEFVBJQO7;AGRIBUSINESS;-;-;-;-;-;-;-;-;-;0,63;-;-;-;-;-;-;-
BGIJ27P032000;BRBMEFVBJQP4;AGRIBUSINESS;-;-;-;-;-;-;-;-;-;0,86;-;-;-;-;-;-;-
BGIJ27P032500;BRBMEFVBJQQ2;AGRIBUSINESS;-;-;-;-;-;-;-;-;-;1,11;-;-;-;-;-;-;-
BGIJ27P033000;BRBMEFVBJQR0;AGRIBUSINESS;-;-;-;-;-;-;-;-;-;1,38;-;-;-;-;-;-;-
BGIJ27P033500;BRBMEFVBJQS8;AGRIBUSINESS;-;-;-;-;-;-;-;-;-;1,69;-;-;-;-;-;-;-
BGIJ27P034000;BRBMEFVBJQT6;AGRIBUSINESS;-;-;-;-;-;-;-;-;-;2,08;-;-;-;-;-;-;-
BGIJ27P034500;BRBMEFVBJQU4;AGRIBUSINESS;-;-;-;-;-;-;-;-;-;2,55;-;-;-;-;-;-;-
BGIJ27P035000;BRBMEFVBJQV2;AGRIBUSINESS;-;-;-;-;-;-;-;-;-;3,13;-;-;-;-;-;-;-
BGIJ27P035500;BRBMEFVBJQW0;AGRIBUSINESS;-;-;-;-;-;-;-;-;-;3,81;-;-;-;-;-;-;-
BGIJ27P036000;BRBMEFVBJQX8;AGRIBUSINESS;-;-;-;-;-;-;-;-;-;4,62;-;-;-;-;-;-;-
BGIJ27P036500;BRBMEFVBJQY6;AGRIBUSINESS;-;-;-;-;-;-;-;-;-;5,57;-;-;-;-;-;-;-
BGIJ27P037000;BRBMEFVBJQZ3;AGRIBUSINESS;-;-;-;-;-;-;-;-;-;6,73;-;-;-;-;-;-;-
BGIJ27P037500;BRBMEFVBJR02;AGRIBUSINESS;-;-;-;-;-;-;-;-;-;8,16;-;-;-;-;-;-;-
BGIJ27P038000;BRBMEFVBJR10;AGRIBUSINESS;-;-;-;-;-;-;-;-;-;9,78;-;-;-;-;-;-;-
BGIJ27P038500;BRBMEFVBJQJ7;AGRIBUSINESS;-;-;-;-;-;-;-;-;-;11,66;-;-;-;-;-;-;-
BGIJ27P042500;BRBMEFVBJQK5;AGRIBUSINESS;-;-;-;-;-;-;-;-;-;35,44;-;-;-;-;-;-;-
BGIV26C030000;BRBMEFCB1LN3;AGRIBUSINESS;-;-;-;-;-;-;-;-;-;87,83;-;-;-;-;-;-;-
BGIV26C031000;BRBMEFCB1LX2;AGRIBUSINESS;-;-;-;-;-;-;-;-;-;77,9;-;-;-;-;-;-;-
BGIV26C031500;BRBMEFCB1KQ8;AGRIBUSINESS;-;-;-;-;-;-;-;-;-;72,94;-;-;-;-;-;-;-
BGIV26C031700;BRBMEFCB1L55;AGRIBUSINESS;-;-;-;-;-;-;-;-;-;70,96;-;-;-;-;-;-;-
BGIV26C031800;BRBMEFCB1L63;AGRIBUSINESS;-;-;-;-;-;-;-;-;-;69,96;-;-;-;-;-;-;-
BGIV26C031900;BRBMEFCB1L71;AGRIBUSINESS;-;-;-;-;-;-;-;-;-;68,97;-;-;-;-;-;-;-
BGIV26C032000;BRBMEFCB1L30;AGRIBUSINESS;-;-;-;-;-;-;-;-;-;67,98;-;-;-;-;-;-;-
BGIV26C032200;BRBMEFCB1KL9;AGRIBUSINESS;-;-;-;-;-;-;-;-;-;66;-;-;-;-;-;-;-
BGIV26C032400;BRBMEFCB1KB0;AGRIBUSINESS;-;-;-;-;-;-;-;-;-;64,01;-;-;-;-;-;-;-
BGIV26C032500;BRBMEFCB1L14;AGRIBUSINESS;-;-;-;-;-;-;-;-;-;63,02;-;-;-;-;-;-;-
BGIV26C032900;BRBMEFCB1LK9;AGRIBUSINESS;-;-;-;-;-;-;-;-;-;59,05;-;-;-;-;-;-;-
BGIV26C033000;BRBMEFCB1KR6;AGRIBUSINESS;-;-;-;-;-;-;-;-;-;58,06;-;-;-;-;-;-;-
BGIV26C033100;BRBMEFCB1KS4;AGRIBUSINESS;-;-;-;-;-;-;-;-;-;57,06;-;-;-;-;-;-;-
BGIV26C033200;BRBMEFCB1KT2;AGRIBUSINESS;-;-;-;-;-;-;-;-;-;56,07;-;-;-;-;-;-;-
BGIV26C033250;BRBMEFCB1LS2;AGRIBUSINESS;-;-;-;-;-;-;-;-;-;55,57;-;-;-;-;-;-;-
BGIV26C033300;BRBMEFCB1KU0;AGRIBUSINESS;-;-;-;-;-;-;-;-;-;55,08;-;-;-;-;-;-;-
BGIV26C033400;BRBMEFCB1KV8;AGRIBUSINESS;-;-;-;-;-;-;-;-;-;54,09;-;-;-;-;-;-;-
BGIV26C033450;BRBMEFCB1LO1;AGRIBUSINESS;-;-;-;-;-;-;-;-;-;53,59;-;-;-;-;-;-;-
BGIV26C033500;BRBMEFCB1KH7;AGRIBUSINESS;-;-;-;-;-;-;-;-;-;53,09;-;-;-;-;-;-;-
BGIV26C033600;BRBMEFCB1KW6;AGRIBUSINESS;-;-;-;-;-;-;-;-;-;52,1;-;-;-;-;-;-;-
BGIV26C033700;BRBMEFCB1KX4;AGRIBUSINESS;-;-;-;-;-;-;-;-;-;51,11;-;-;-;-;-;-;-
BGIV26C033750;BRBMEFCB1LT0;AGRIBUSINESS;-;-;-;-;-;-;-;-;-;50,61;-;-;-;-;-;-;-
BGIV26C033800;BRBMEFCB1KY2;AGRIBUSINESS;-;-;-;-;-;-;-;-;-;50,12;-;-;-;-;-;-;-
BGIV26C033900;BRBMEFCB1KZ9;AGRIBUSINESS;-;-;-;-;-;-;-;-;-;49,12;-;-;-;-;-;-;-
BGIV26C033950;BRBMEFCB1LP8;AGRIBUSINESS;-;-;-;-;-;-;-;-;-;48,63;-;-;-;-;-;-;-
BGIV26C034000;BRBMEFCB1L06;AGRIBUSINESS;-;-;-;-;-;-;-;-;-;48,13;-;-;-;-;-;-;-
BGIV26C034200;BRBMEFCB1KJ3;AGRIBUSINESS;-;-;-;-;-;-;-;-;-;46,15;-;-;-;-;-;-;-
BGIV26C034300;BRBMEFCB1LJ1;AGRIBUSINESS;-;-;-;-;-;-;-;-;-;45,15;-;-;-;-;-;-;-
BGIV26C034400;BRBMEFCB1LE2;AGRIBUSINESS;-;-;-;-;-;-;-;-;-;44,16;-;-;-;-;-;-;-
BGIV26C034500;BRBMEFCB1KI5;AGRIBUSINESS;-;-;-;-;-;-;-;-;-;43,17;-;-;-;-;-;-;-
BGIV26C034550;BRBMEFCB1KK1;AGRIBUSINESS;-;-;-;-;-;-;-;-;-;42,67;-;-;-;-;-;-;-
BGIV26C034600;BRBMEFCB1LY0;AGRIBUSINESS;-;-;-;-;-;-;-;-;-;42,18;-;-;-;-;-;-;-
BGIV26C034700;BRBMEFCB1LB8;AGRIBUSINESS;-;-;-;-;-;-;-;-;-;41,19;-;-;-;-;-;-;-
BGIV26C034800;BRBMEFCB1L89;AGRIBUSINESS;-;-;-;-;-;-;-;-;-;40,19;-;-;-;-;-;-;-
BGIV26C034900;BRBMEFCB1LL7;AGRIBUSINESS;-;-;-;-;-;-;-;-;-;39,2;-;-;-;-;-;-;-
BGIV26C035000;BRBMEFCB1KC8;AGRIBUSINESS;-;-;-;-;-;-;-;-;-;38,21;-;-;-;-;-;-;-
BGIV26C035100;BRBMEFCB1LZ7;AGRIBUSINESS;-;-;-;-;-;-;-;-;-;37,22;-;-;-;-;-;-;-
BGIV26C035200;BRBMEFCB1LC6;AGRIBUSINESS;-;-;-;-;-;-;-;-;-;36,23;-;-;-;-;-;-;-
BGIV26C035250;BRBMEFCB1LU8;AGRIBUSINESS;-;-;-;-;-;-;-;-;-;35,73;-;-;-;-;-;-;-
BGIV26C035300;BRBMEFCB1L48;AGRIBUSINESS;-;-;-;-;-;-;-;-;-;35,24;-;-;-;-;-;-;-
BGIV26C035400;BRBMEFCB1KO3;AGRIBUSINESS;-;-;-;-;-;-;-;-;-;34,24;-;-;-;-;-;-;-
BGIV26C035450;BRBMEFCB1LQ6;AGRIBUSINESS;-;-;-;-;-;-;-;-;-;33,75;-;-;-;-;-;-;-
BGIV26C035500;BRBMEFCB1KD6;AGRIBUSINESS;-;-;-;-;-;-;-;-;-;33,25;-;-;-;-;-;-;-
BGIV26C035600;BRBMEFCB1LA0;AGRIBUSINESS;-;-;-;-;-;-;-;-;-;32,27;-;-;-;-;-;-;-
BGIV26C035700;BRBMEFCB1LG7;AGRIBUSINESS;-;-;-;-;-;-;-;-;-;31,28;-;-;-;-;-;-;-
BGIV26C035750;BRBMEFCB1LV6;AGRIBUSINESS;-;-;-;-;-;-;-;-;-;30,78;-;-;-;-;-;-;-
BGIV26C035800;BRBMEFCB1M05;AGRIBUSINESS;-;-;-;-;-;-;-;-;-;30,29;-;-;-;-;-;-;-
BGIV26C035950;BRBMEFCB1LR4;AGRIBUSINESS;-;-;-;-;-;-;-;-;-;28,81;-;-;-;-;-;-;-
BGIV26C036000;BRBMEFCB1KE4;AGRIBUSINESS;-;-;-;-;-;-;-;-;-;28,32;-;-;-;-;-;-;-
BGIV26C036100;BRBMEFCB1LM5;AGRIBUSINESS;-;-;-;-;-;-;-;-;-;27,34;-;-;-;-;-;-;-
BGIV26C036200;BRBMEFCB1LH5;AGRIBUSINESS;-;-;-;-;-;-;-;-;-;26,36;-;-;-;-;-;-;-
BGIV26C036300;BRBMEFCB1M47;AGRIBUSINESS;-;-;-;-;-;-;-;-;-;25,38;-;-;-;-;-;-;-
BGIV26C036400;BRBMEFCB1LI3;AGRIBUSINESS;-;-;-;-;-;-;-;-;-;24,41;-;-;-;-;-;-;-
BGIV26C036500;BRBMEFCB1KF1;AGRIBUSINESS;-;-;-;-;-;-;-;-;-;23,44;-;-;-;-;-;-;-
BGIV26C036700;BRBMEFCB1M13;AGRIBUSINESS;-;-;-;-;-;-;-;-;-;21,53;-;-;-;-;-;-;-
BGIV26C036800;BRBMEFCB1KM7;AGRIBUSINESS;-;-;-;-;-;-;-;-;-;20,58;-;-;-;-;-;-;-
BGIV26C036900;BRBMEFCB1M96;AGRIBUSINESS;-;-;-;-;-;-;-;-;-;19,63;-;-;-;-;-;-;-
BGIV26C037000;BRBMEFCB1KG9;AGRIBUSINESS;16,87;16,84;16,87;16,85;16,84;23,36;-;-;-;18,69;-;-;-;-;2;1.800;10011870
BGIV26C037100;BRBMEFCB1L97;AGRIBUSINESS;-;-;-;-;-;-;-;-;-;17,76;-;-;-;-;-;-;-
BGIV26C037150;BRBMEFCB1LF9;AGRIBUSINESS;-;-;-;-;-;-;-;-;-;17,3;-;-;-;-;-;-;-
BGIV26C037200;BRBMEFCB1M39;AGRIBUSINESS;-;-;-;-;-;-;-;-;-;16,84;-;-;-;-;-;-;-
BGIV26C037300;BRBMEFCB1M54;AGRIBUSINESS;-;-;-;-;-;-;-;-;-;15,93;-;-;-;-;-;-;-
BGIV26C037500;BRBMEFCB1L22;AGRIBUSINESS;-;-;-;-;-;-;-;-;-;14,14;-;-;-;-;-;-;-
BGIV26C037600;BRBMEFCB1MG5;AGRIBUSINESS;-;-;-;-;-;-;-;-;-;13,28;-;-;-;-;-;-;-
BGIV26C037800;BRBMEFCB1MC4;AGRIBUSINESS;-;-;-;-;-;-;-;-;-;11,6;-;-;-;-;-;-;-
BGIV26C038000;BRBMEFCB1KN5;AGRIBUSINESS;8;8;8;8;8;-26,6;-;-;-;10;-;-;-;-;1;900;2376000
BGIV26C038100;BRBMEFCB1M62;AGRIBUSINESS;-;-;-;-;-;-;-;-;-;9,24;-;-;-;-;-;-;-
BGIV26C038300;BRBMEFCB1M21;AGRIBUSINESS;-;-;-;-;-;-;-;-;-;7,81;-;-;-;-;-;-;-
BGIV26C038400;BRBMEFCB1MF7;AGRIBUSINESS;-;-;-;-;-;-;-;-;-;7,14;-;-;-;-;-;-;-
BGIV26C038500;BRBMEFCB1M70;AGRIBUSINESS;-;-;-;-;-;-;-;-;-;6,51;-;-;-;-;-;-;-
BGIV26C038600;BRBMEFCB1ME0;AGRIBUSINESS;-;-;-;-;-;-;-;-;-;5,9;-;-;-;-;-;-;-
BGIV26C038700;BRBMEFCB1MB6;AGRIBUSINESS;-;-;-;-;-;-;-;-;-;5,34;-;-;-;-;-;-;-
BGIV26C038800;BRBMEFCB1LD4;AGRIBUSINESS;-;-;-;-;-;-;-;-;-;4,81;-;-;-;-;-;-;-
BGIV26C038850;BRBMEFCB1MD2;AGRIBUSINESS;-;-;-;-;-;-;-;-;-;4,55;-;-;-;-;-;-;-
BGIV26C039000;BRBMEFCB1LW4;AGRIBUSINESS;-;-;-;-;-;-;-;-;-;3,85;-;-;-;-;-;-;-
BGIV26C039400;BRBMEFCB1MH3;AGRIBUSINESS;-;-;-;-;-;-;-;-;-;2,37;-;-;-;-;-;-;-
BGIV26C039500;BRBMEFCB1M88;AGRIBUSINESS;-;-;-;-;-;-;-;-;-;2,08;-;-;-;-;-;-;-
BGIV26C039600;BRBMEFCB1MI1;AGRIBUSINESS;-;-;-;-;-;-;-;-;-;1,82;-;-;-;-;-;-;-
BGIV26C040000;BRBMEFCB1KP0;AGRIBUSINESS;-;-;-;-;-;-;-;-;-;1,05;-;-;-;-;-;-;-
BGIV26C040500;BRBMEFCB1MA8;AGRIBUSINESS;-;-;-;-;-;-;-;-;-;0,49;-;-;-;-;-;-;-
BGIV26P030000;BRBMEFVB1LM2;AGRIBUSINESS;-;-;-;-;-;-;-;-;-;0,01;-;-;-;-;-;-;-
BGIV26P031000;BRBMEFVB1LW1;AGRIBUSINESS;-;-;-;-;-;-;-;-;-;0,01;-;-;-;-;-;-;-
BGIV26P031500;BRBMEFVB1KP7;AGRIBUSINESS;-;-;-;-;-;-;-;-;-;0,01;-;-;-;-;-;-;-
BGIV26P031700;BRBMEFVB1L48;AGRIBUSINESS;-;-;-;-;-;-;-;-;-;0,01;-;-;-;-;-;-;-
BGIV26P031800;BRBMEFVB1L55;AGRIBUSINESS;-;-;-;-;-;-;-;-;-;0,01;-;-;-;-;-;-;-
BGIV26P031900;BRBMEFVB1L63;AGRIBUSINESS;-;-;-;-;-;-;-;-;-;0,01;-;-;-;-;-;-;-
BGIV26P032000;BRBMEFVB1L22;AGRIBUSINESS;-;-;-;-;-;-;-;-;-;0,01;-;-;-;-;-;-;-
BGIV26P032200;BRBMEFVB1KK8;AGRIBUSINESS;-;-;-;-;-;-;-;-;-;0,01;-;-;-;-;-;-;-
BGIV26P032400;BRBMEFVB1KA9;AGRIBUSINESS;-;-;-;-;-;-;-;-;-;0,01;-;-;-;-;-;-;-
BGIV26P032500;BRBMEFVB1L06;AGRIBUSINESS;-;-;-;-;-;-;-;-;-;0,01;-;-;-;-;-;-;-
BGIV26P032900;BRBMEFVB1LJ8;AGRIBUSINESS;-;-;-;-;-;-;-;-;-;0,01;-;-;-;-;-;-;-
BGIV26P033000;BRBMEFVB1KQ5;AGRIBUSINESS;-;-;-;-;-;-;-;-;-;0,01;-;-;-;-;-;-;-
BGIV26P033100;BRBMEFVB1KR3;AGRIBUSINESS;-;-;-;-;-;-;-;-;-;0,01;-;-;-;-;-;-;-
BGIV26P033200;BRBMEFVB1KS1;AGRIBUSINESS;-;-;-;-;-;-;-;-;-;0,01;-;-;-;-;-;-;-
BGIV26P033250;BRBMEFVB1LR1;AGRIBUSINESS;-;-;-;-;-;-;-;-;-;0,01;-;-;-;-;-;-;-
BGIV26P033300;BRBMEFVB1KT9;AGRIBUSINESS;-;-;-;-;-;-;-;-;-;0,01;-;-;-;-;-;-;-
BGIV26P033400;BRBMEFVB1KU7;AGRIBUSINESS;-;-;-;-;-;-;-;-;-;0,01;-;-;-;-;-;-;-
BGIV26P033450;BRBMEFVB1LN0;AGRIBUSINESS;-;-;-;-;-;-;-;-;-;0,01;-;-;-;-;-;-;-
BGIV26P033500;BRBMEFVB1KG6;AGRIBUSINESS;-;-;-;-;-;-;-;-;-;0,01;-;-;-;-;-;-;-
BGIV26P033600;BRBMEFVB1KV5;AGRIBUSINESS;-;-;-;-;-;-;-;-;-;0,01;-;-;-;-;-;-;-
BGIV26P033700;BRBMEFVB1KW3;AGRIBUSINESS;-;-;-;-;-;-;-;-;-;0,01;-;-;-;-;-;-;-
BGIV26P033750;BRBMEFVB1LS9;AGRIBUSINESS;-;-;-;-;-;-;-;-;-;0,01;-;-;-;-;-;-;-
BGIV26P033800;BRBMEFVB1KX1;AGRIBUSINESS;-;-;-;-;-;-;-;-;-;0,01;-;-;-;-;-;-;-
BGIV26P033900;BRBMEFVB1KY9;AGRIBUSINESS;-;-;-;-;-;-;-;-;-;0,01;-;-;-;-;-;-;-
BGIV26P033950;BRBMEFVB1LO8;AGRIBUSINESS;-;-;-;-;-;-;-;-;-;0,01;-;-;-;-;-;-;-
BGIV26P034000;BRBMEFVB1KZ6;AGRIBUSINESS;-;-;-;-;-;-;-;-;-;0,01;-;-;-;-;-;-;-
BGIV26P034200;BRBMEFVB1KI2;AGRIBUSINESS;-;-;-;-;-;-;-;-;-;0,01;-;-;-;-;-;-;-
BGIV26P034300;BRBMEFVB1LI0;AGRIBUSINESS;-;-;-;-;-;-;-;-;-;0,01;-;-;-;-;-;-;-
BGIV26P034400;BRBMEFVB1LD1;AGRIBUSINESS;-;-;-;-;-;-;-;-;-;0,01;-;-;-;-;-;-;-
BGIV26P034500;BRBMEFVB1KH4;AGRIBUSINESS;-;-;-;-;-;-;-;-;-;0,01;-;-;-;-;-;-;-
BGIV26P034550;BRBMEFVB1KJ0;AGRIBUSINESS;-;-;-;-;-;-;-;-;-;0,01;-;-;-;-;-;-;-
BGIV26P034600;BRBMEFVB1LX9;AGRIBUSINESS;-;-;-;-;-;-;-;-;-;0,01;-;-;-;-;-;-;-
BGIV26P034700;BRBMEFVB1LA7;AGRIBUSINESS;-;-;-;-;-;-;-;-;-;0,01;-;-;-;-;-;-;-
BGIV26P034800;BRBMEFVB1L71;AGRIBUSINESS;-;-;-;-;-;-;-;-;-;0,01;-;-;-;-;-;-;-
BGIV26P034900;BRBMEFVB1LK6;AGRIBUSINESS;-;-;-;-;-;-;-;-;-;0,01;-;-;-;-;-;-;-
BGIV26P035000;BRBMEFVB1KB7;AGRIBUSINESS;-;-;-;-;-;-;-;-;-;0,01;-;-;-;-;-;-;-
BGIV26P035100;BRBMEFVB1LY7;AGRIBUSINESS;-;-;-;-;-;-;-;-;-;0,01;-;-;-;-;-;-;-
BGIV26P035200;BRBMEFVB1LB5;AGRIBUSINESS;-;-;-;-;-;-;-;-;-;0,01;-;-;-;-;-;-;-
BGIV26P035250;BRBMEFVB1LT7;AGRIBUSINESS;-;-;-;-;-;-;-;-;-;0,01;-;-;-;-;-;-;-
BGIV26P035300;BRBMEFVB1L30;AGRIBUSINESS;-;-;-;-;-;-;-;-;-;0,01;-;-;-;-;-;-;-
BGIV26P035400;BRBMEFVB1KN2;AGRIBUSINESS;-;-;-;-;-;-;-;-;-;0,01;-;-;-;-;-;-;-
BGIV26P035450;BRBMEFVB1LP5;AGRIBUSINESS;-;-;-;-;-;-;-;-;-;0,01;-;-;-;-;-;-;-
BGIV26P035500;BRBMEFVB1KC5;AGRIBUSINESS;-;-;-;-;-;-;-;-;-;0,01;-;-;-;-;-;-;-
BGIV26P035600;BRBMEFVB1L97;AGRIBUSINESS;-;-;-;-;-;-;-;-;-;0,01;-;-;-;-;-;-;-
BGIV26P035700;BRBMEFVB1LF6;AGRIBUSINESS;-;-;-;-;-;-;-;-;-;0,02;-;-;-;-;-;-;-
BGIV26P035750;BRBMEFVB1LU5;AGRIBUSINESS;-;-;-;-;-;-;-;-;-;0,02;-;-;-;-;-;-;-
BGIV26P035800;BRBMEFVB1LZ4;AGRIBUSINESS;-;-;-;-;-;-;-;-;-;0,02;-;-;-;-;-;-;-
BGIV26P035950;BRBMEFVB1LQ3;AGRIBUSINESS;-;-;-;-;-;-;-;-;-;0,03;-;-;-;-;-;-;-
BGIV26P036000;BRBMEFVB1KD3;AGRIBUSINESS;-;-;-;-;-;-;-;-;-;0,04;-;-;-;-;-;-;-
BGIV26P036100;BRBMEFVB1LL4;AGRIBUSINESS;-;-;-;-;-;-;-;-;-;0,05;-;-;-;-;-;-;-
BGIV26P036200;BRBMEFVB1LG4;AGRIBUSINESS;-;-;-;-;-;-;-;-;-;0,06;-;-;-;-;-;-;-
BGIV26P036300;BRBMEFVB1M39;AGRIBUSINESS;-;-;-;-;-;-;-;-;-;0,08;-;-;-;-;-;-;-
BGIV26P036400;BRBMEFVB1LH2;AGRIBUSINESS;-;-;-;-;-;-;-;-;-;0,1;-;-;-;-;-;-;-
BGIV26P036500;BRBMEFVB1KE1;AGRIBUSINESS;-;-;-;-;-;-;-;-;-;0,12;-;-;-;-;-;-;-
BGIV26P036700;BRBMEFVB1M05;AGRIBUSINESS;-;-;-;-;-;-;-;-;-;0,19;-;-;-;-;-;-;-
BGIV26P036800;BRBMEFVB1KL6;AGRIBUSINESS;-;-;-;-;-;-;-;-;-;0,23;-;-;-;-;-;-;-
BGIV26P036900;BRBMEFVB1M88;AGRIBUSINESS;-;-;-;-;-;-;-;-;-;0,28;-;-;-;-;-;-;-
BGIV26P037000;BRBMEFVB1KF8;AGRIBUSINESS;-;-;-;-;-;-;-;-;-;0,33;-;-;-;-;-;-;-
BGIV26P037100;BRBMEFVB1L89;AGRIBUSINESS;-;-;-;-;-;-;-;-;-;0,39;-;-;-;-;-;-;-
BGIV26P037150;BRBMEFVB1LE9;AGRIBUSINESS;-;-;-;-;-;-;-;-;-;0,43;-;-;-;-;-;-;-
BGIV26P037200;BRBMEFVB1M21;AGRIBUSINESS;-;-;-;-;-;-;-;-;-;0,46;-;-;-;-;-;-;-
BGIV26P037300;BRBMEFVB1M47;AGRIBUSINESS;-;-;-;-;-;-;-;-;-;0,54;-;-;-;-;-;-;-
BGIV26P037500;BRBMEFVB1L14;AGRIBUSINESS;-;-;-;-;-;-;-;-;-;0,75;-;-;-;-;-;-;-
BGIV26P037600;BRBMEFVB1MF4;AGRIBUSINESS;-;-;-;-;-;-;-;-;-;0,87;-;-;-;-;-;-;-
BGIV26P037800;BRBMEFVB1MB3;AGRIBUSINESS;-;-;-;-;-;-;-;-;-;1,18;-;-;-;-;-;-;-
BGIV26P038000;BRBMEFVB1KM4;AGRIBUSINESS;-;-;-;-;-;-;-;-;-;1,57;-;-;-;-;-;-;-
BGIV26P038100;BRBMEFVB1M54;AGRIBUSINESS;-;-;-;-;-;-;-;-;-;1,8;-;-;-;-;-;-;-
BGIV26P038300;BRBMEFVB1M13;AGRIBUSINESS;-;-;-;-;-;-;-;-;-;2,35;-;-;-;-;-;-;-
BGIV26P038400;BRBMEFVB1ME7;AGRIBUSINESS;-;-;-;-;-;-;-;-;-;2,68;-;-;-;-;-;-;-
BGIV26P038500;BRBMEFVB1M62;AGRIBUSINESS;-;-;-;-;-;-;-;-;-;3,03;-;-;-;-;-;-;-
BGIV26P038600;BRBMEFVB1MD9;AGRIBUSINESS;-;-;-;-;-;-;-;-;-;3,42;-;-;-;-;-;-;-
BGIV26P038700;BRBMEFVB1MA5;AGRIBUSINESS;-;-;-;-;-;-;-;-;-;3,85;-;-;-;-;-;-;-
BGIV26P038800;BRBMEFVB1LC3;AGRIBUSINESS;-;-;-;-;-;-;-;-;-;4,31;-;-;-;-;-;-;-
BGIV26P038850;BRBMEFVB1MC1;AGRIBUSINESS;-;-;-;-;-;-;-;-;-;4,55;-;-;-;-;-;-;-
BGIV26P039000;BRBMEFVB1LV3;AGRIBUSINESS;-;-;-;-;-;-;-;-;-;5,34;-;-;-;-;-;-;-
BGIV26P039400;BRBMEFVB1MG2;AGRIBUSINESS;-;-;-;-;-;-;-;-;-;7,82;-;-;-;-;-;-;-
BGIV26P039500;BRBMEFVB1M70;AGRIBUSINESS;-;-;-;-;-;-;-;-;-;8,53;-;-;-;-;-;-;-
BGIV26P039600;BRBMEFVB1MH0;AGRIBUSINESS;-;-;-;-;-;-;-;-;-;9,26;-;-;-;-;-;-;-
BGIV26P040000;BRBMEFVB1KO0;AGRIBUSINESS;-;-;-;-;-;-;-;-;-;12,46;-;-;-;-;-;-;-
BGIV26P040500;BRBMEFVB1M96;AGRIBUSINESS;-;-;-;-;-;-;-;-;-;16,87;-;-;-;-;-;-;-
BGIX26C030000;BRBMEFGI0329;AGRIBUSINESS;-;-;-;-;-;-;-;-;-;92,94;-;-;-;-;-;-;-
BGIX26C031000;BRBMEFGI03S3;AGRIBUSINESS;-;-;-;-;-;-;-;-;-;83,11;-;-;-;-;-;-;-
BGIX26C031500;BRBMEFGI0428;AGRIBUSINESS;-;-;-;-;-;-;-;-;-;78,2;-;-;-;-;-;-;-
BGIX26C031700;BRBMEFGI02I6;AGRIBUSINESS;-;-;-;-;-;-;-;-;-;76,23;-;-;-;-;-;-;-
BGIX26C031800;BRBMEFGI02J4;AGRIBUSINESS;-;-;-;-;-;-;-;-;-;75,25;-;-;-;-;-;-;-
BGIX26C031900;BRBMEFGI02K2;AGRIBUSINESS;-;-;-;-;-;-;-;-;-;74,27;-;-;-;-;-;-;-
BGIX26C032000;BRBMEFGI02M8;AGRIBUSINESS;-;-;-;-;-;-;-;-;-;73,28;-;-;-;-;-;-;-
BGIX26C032500;BRBMEFGI02Y3;AGRIBUSINESS;-;-;-;-;-;-;-;-;-;68,37;-;-;-;-;-;-;-
BGIX26C032700;BRBMEFGI02F2;AGRIBUSINESS;-;-;-;-;-;-;-;-;-;66,4;-;-;-;-;-;-;-
BGIX26C033000;BRBMEFGI02D7;AGRIBUSINESS;-;-;-;-;-;-;-;-;-;63,46;-;-;-;-;-;-;-
BGIX26C033200;BRBMEFGI03X3;AGRIBUSINESS;-;-;-;-;-;-;-;-;-;61,49;-;-;-;-;-;-;-
BGIX26C033250;BRBMEFGI0378;AGRIBUSINESS;-;-;-;-;-;-;-;-;-;61;-;-;-;-;-;-;-
BGIX26C033400;BRBMEFGI02U1;AGRIBUSINESS;-;-;-;-;-;-;-;-;-;59,53;-;-;-;-;-;-;-
BGIX26C033450;BRBMEFGI0337;AGRIBUSINESS;-;-;-;-;-;-;-;-;-;59,04;-;-;-;-;-;-;-
BGIX26C033500;BRBMEFGI02C9;AGRIBUSINESS;-;-;-;-;-;-;-;-;-;58,54;-;-;-;-;-;-;-
BGIX26C033700;BRBMEFGI03T1;AGRIBUSINESS;-;-;-;-;-;-;-;-;-;56,58;-;-;-;-;-;-;-
BGIX26C033750;BRBMEFGI0386;AGRIBUSINESS;-;-;-;-;-;-;-;-;-;56,09;-;-;-;-;-;-;-
BGIX26C033800;BRBMEFGI02Q9;AGRIBUSINESS;-;-;-;-;-;-;-;-;-;55,6;-;-;-;-;-;-;-
BGIX26C033950;BRBMEFGI0345;AGRIBUSINESS;-;-;-;-;-;-;-;-;-;54,13;-;-;-;-;-;-;-
BGIX26C034000;BRBMEFGI02A3;AGRIBUSINESS;-;-;-;-;-;-;-;-;-;53,64;-;-;-;-;-;-;-
BGIX26C034200;BRBMEFGI02G0;AGRIBUSINESS;-;-;-;-;-;-;-;-;-;51,68;-;-;-;-;-;-;-
BGIX26C034500;BRBMEFGI02Z0;AGRIBUSINESS;-;-;-;-;-;-;-;-;-;48,75;-;-;-;-;-;-;-
BGIX26C034600;BRBMEFGI03C7;AGRIBUSINESS;-;-;-;-;-;-;-;-;-;47,77;-;-;-;-;-;-;-
BGIX26C034700;BRBMEFGI03K0;AGRIBUSINESS;-;-;-;-;-;-;-;-;-;46,8;-;-;-;-;-;-;-
BGIX26C034750;BRBMEFGI02S5;AGRIBUSINESS;-;-;-;-;-;-;-;-;-;46,31;-;-;-;-;-;-;-
BGIX26C034800;BRBMEFGI02T3;AGRIBUSINESS;-;-;-;-;-;-;-;-;-;45,83;-;-;-;-;-;-;-
BGIX26C034900;BRBMEFGI02V9;AGRIBUSINESS;-;-;-;-;-;-;-;-;-;44,85;-;-;-;-;-;-;-
BGIX26C034950;BRBMEFGI02W7;AGRIBUSINESS;-;-;-;-;-;-;-;-;-;44,37;-;-;-;-;-;-;-
BGIX26C035000;BRBMEFGI0261;AGRIBUSINESS;-;-;-;-;-;-;-;-;-;43,88;-;-;-;-;-;-;-
BGIX26C035050;BRBMEFGI0279;AGRIBUSINESS;-;-;-;-;-;-;-;-;-;43,4;-;-;-;-;-;-;-
BGIX26C035100;BRBMEFGI0287;AGRIBUSINESS;-;-;-;-;-;-;-;-;-;42,91;-;-;-;-;-;-;-
BGIX26C035150;BRBMEFGI0295;AGRIBUSINESS;-;-;-;-;-;-;-;-;-;42,43;-;-;-;-;-;-;-
BGIX26C035200;BRBMEFGI02X5;AGRIBUSINESS;-;-;-;-;-;-;-;-;-;41,95;-;-;-;-;-;-;-
BGIX26C035250;BRBMEFGI0394;AGRIBUSINESS;-;-;-;-;-;-;-;-;-;41,47;-;-;-;-;-;-;-
BGIX26C035300;BRBMEFGI02R7;AGRIBUSINESS;-;-;-;-;-;-;-;-;-;40,98;-;-;-;-;-;-;-
BGIX26C035450;BRBMEFGI0352;AGRIBUSINESS;-;-;-;-;-;-;-;-;-;39,54;-;-;-;-;-;-;-
BGIX26C035500;BRBMEFGI02N6;AGRIBUSINESS;-;-;-;-;-;-;-;-;-;39,07;-;-;-;-;-;-;-
BGIX26C035600;BRBMEFGI02O4;AGRIBUSINESS;-;-;-;-;-;-;-;-;-;38,11;-;-;-;-;-;-;-
BGIX26C035650;BRBMEFGI03P9;AGRIBUSINESS;-;-;-;-;-;-;-;-;-;37,63;-;-;-;-;-;-;-
BGIX26C035700;BRBMEFGI0303;AGRIBUSINESS;-;-;-;-;-;-;-;-;-;37,16;-;-;-;-;-;-;-
BGIX26C035750;BRBMEFGI03A1;AGRIBUSINESS;-;-;-;-;-;-;-;-;-;36,68;-;-;-;-;-;-;-
BGIX26C035800;BRBMEFGI03B9;AGRIBUSINESS;-;-;-;-;-;-;-;-;-;36,21;-;-;-;-;-;-;-
BGIX26C035950;BRBMEFGI0360;AGRIBUSINESS;-;-;-;-;-;-;-;-;-;34,8;-;-;-;-;-;-;-
BGIX26C036000;BRBMEFGI0311;AGRIBUSINESS;-;-;-;-;-;-;-;-;-;34,33;-;-;-;-;-;-;-
BGIX26C036050;BRBMEFGI03R5;AGRIBUSINESS;-;-;-;-;-;-;-;-;-;33,86;-;-;-;-;-;-;-
BGIX26C036100;BRBMEFGI03D5;AGRIBUSINESS;-;-;-;-;-;-;-;-;-;33,39;-;-;-;-;-;-;-
BGIX26C036200;BRBMEFGI02P1;AGRIBUSINESS;-;-;-;-;-;-;-;-;-;32,46;-;-;-;-;-;-;-
BGIX26C036300;BRBMEFGI03G8;AGRIBUSINESS;-;-;-;-;-;-;-;-;-;31,53;-;-;-;-;-;-;-
BGIX26C036400;BRBMEFGI03F0;AGRIBUSINESS;-;-;-;-;-;-;-;-;-;30,6;-;-;-;-;-;-;-
BGIX26C036500;BRBMEFGI02E5;AGRIBUSINESS;-;-;-;-;-;-;-;-;-;29,68;-;-;-;-;-;-;-
BGIX26C036700;BRBMEFGI0402;AGRIBUSINESS;-;-;-;-;-;-;-;-;-;27,84;-;-;-;-;-;-;-
BGIX26C036800;BRBMEFGI03Y1;AGRIBUSINESS;-;-;-;-;-;-;-;-;-;26,94;-;-;-;-;-;-;-
BGIX26C036900;BRBMEFGI03U9;AGRIBUSINESS;-;-;-;-;-;-;-;-;-;26,04;-;-;-;-;-;-;-
BGIX26C037000;BRBMEFGI02H8;AGRIBUSINESS;-;-;-;-;-;-;-;-;-;25,15;-;-;-;-;-;-;-
BGIX26C037100;BRBMEFGI03H6;AGRIBUSINESS;-;-;-;-;-;-;-;-;-;24,27;-;-;-;-;-;-;-
BGIX26C037200;BRBMEFGI03I4;AGRIBUSINESS;-;-;-;-;-;-;-;-;-;23,39;-;-;-;-;-;-;-
BGIX26C037300;BRBMEFGI03V7;AGRIBUSINESS;-;-;-;-;-;-;-;-;-;22,53;-;-;-;-;-;-;-
BGIX26C037500;BRBMEFGI02L0;AGRIBUSINESS;-;-;-;-;-;-;-;-;-;20,83;-;-;-;-;-;-;-
BGIX26C037600;BRBMEFGI03E3;AGRIBUSINESS;-;-;-;-;-;-;-;-;-;20;-;-;-;-;-;-;-
BGIX26C037700;BRBMEFGI03O2;AGRIBUSINESS;-;-;-;-;-;-;-;-;-;19,18;-;-;-;-;-;-;-
BGIX26C037900;BRBMEFGI0451;AGRIBUSINESS;-;-;-;-;-;-;-;-;-;17,57;-;-;-;-;-;-;-
BGIX26C038000;BRBMEFGI02B1;AGRIBUSINESS;-;-;-;-;-;-;-;-;-;16,79;-;-;-;-;-;-;-
BGIX26C038200;BRBMEFGI03Q7;AGRIBUSINESS;-;-;-;-;-;-;-;-;-;15,27;-;-;-;-;-;-;-
BGIX26C038300;BRBMEFGI03W5;AGRIBUSINESS;-;-;-;-;-;-;-;-;-;14,54;-;-;-;-;-;-;-
BGIX26C038400;BRBMEFGI03J2;AGRIBUSINESS;-;-;-;-;-;-;-;-;-;13,82;-;-;-;-;-;-;-
BGIX26C038500;BRBMEFGI03L8;AGRIBUSINESS;-;-;-;-;-;-;-;-;-;13,13;-;-;-;-;-;-;-
BGIX26C038600;BRBMEFGI03M6;AGRIBUSINESS;-;-;-;-;-;-;-;-;-;12,45;-;-;-;-;-;-;-
BGIX26C038700;BRBMEFGI04A9;AGRIBUSINESS;-;-;-;-;-;-;-;-;-;11,79;-;-;-;-;-;-;-
BGIX26C038800;BRBMEFGI04C5;AGRIBUSINESS;-;-;-;-;-;-;-;-;-;11,15;-;-;-;-;-;-;-
BGIX26C039000;BRBMEFGI03N4;AGRIBUSINESS;-;-;-;-;-;-;-;-;-;9,93;-;-;-;-;-;-;-
BGIX26C039300;BRBMEFGI0444;AGRIBUSINESS;-;-;-;-;-;-;-;-;-;8,26;-;-;-;-;-;-;-
BGIX26C039400;BRBMEFGI0477;AGRIBUSINESS;-;-;-;-;-;-;-;-;-;7,74;-;-;-;-;-;-;-
BGIX26C039500;BRBMEFGI03Z8;AGRIBUSINESS;-;-;-;-;-;-;-;-;-;7,24;-;-;-;-;-;-;-
BGIX26C039700;BRBMEFGI0493;AGRIBUSINESS;-;-;-;-;-;-;-;-;-;6,33;-;-;-;-;-;-;-
BGIX26C039800;BRBMEFGI04B7;AGRIBUSINESS;-;-;-;-;-;-;-;-;-;5,9;-;-;-;-;-;-;-
BGIX26C040000;BRBMEFGI0410;AGRIBUSINESS;-;-;-;-;-;-;-;-;-;5,1;-;-;-;-;-;-;-
BGIX26C040100;BRBMEFGI0469;AGRIBUSINESS;-;-;-;-;-;-;-;-;-;4,74;-;-;-;-;-;-;-
BGIX26C040300;BRBMEFGI04D3;AGRIBUSINESS;-;-;-;-;-;-;-;-;-;4,07;-;-;-;-;-;-;-
BGIX26C040500;BRBMEFGI0485;AGRIBUSINESS;-;-;-;-;-;-;-;-;-;3,48;-;-;-;-;-;-;-
BGIX26C040600;BRBMEFGI04F8;AGRIBUSINESS;-;-;-;-;-;-;-;-;-;3,22;-;-;-;-;-;-;-
BGIX26C041000;BRBMEFGI0436;AGRIBUSINESS;-;-;-;-;-;-;-;-;-;2,31;-;-;-;-;-;-;-
BGIX26C042000;BRBMEFGI04E1;AGRIBUSINESS;-;-;-;-;-;-;-;-;-;0,94;-;-;-;-;-;-;-
BGIX26P030000;BRBMEFBG0300;AGRIBUSINESS;-;-;-;-;-;-;-;-;-;0,01;-;-;-;-;-;-;-
BGIX26P031000;BRBMEFBG03Q2;AGRIBUSINESS;-;-;-;-;-;-;-;-;-;0,01;-;-;-;-;-;-;-
BGIX26P031500;BRBMEFBG0409;AGRIBUSINESS;-;-;-;-;-;-;-;-;-;0,01;-;-;-;-;-;-;-
BGIX26P031700;BRBMEFBG02G5;AGRIBUSINESS;-;-;-;-;-;-;-;-;-;0,01;-;-;-;-;-;-;-
BGIX26P031800;BRBMEFBG02H3;AGRIBUSINESS;-;-;-;-;-;-;-;-;-;0,01;-;-;-;-;-;-;-
BGIX26P031900;BRBMEFBG02I1;AGRIBUSINESS;-;-;-;-;-;-;-;-;-;0,01;-;-;-;-;-;-;-
BGIX26P032000;BRBMEFBG02K7;AGRIBUSINESS;-;-;-;-;-;-;-;-;-;0,01;-;-;-;-;-;-;-
BGIX26P032500;BRBMEFBG02W2;AGRIBUSINESS;-;-;-;-;-;-;-;-;-;0,01;-;-;-;-;-;-;-
BGIX26P032700;BRBMEFBG02D2;AGRIBUSINESS;-;-;-;-;-;-;-;-;-;0,01;-;-;-;-;-;-;-
BGIX26P033000;BRBMEFBG02B6;AGRIBUSINESS;-;-;-;-;-;-;-;-;-;0,01;-;-;-;-;-;-;-
BGIX26P033200;BRBMEFBG03V2;AGRIBUSINESS;-;-;-;-;-;-;-;-;-;0,01;-;-;-;-;-;-;-
BGIX26P033250;BRBMEFBG0359;AGRIBUSINESS;-;-;-;-;-;-;-;-;-;0,01;-;-;-;-;-;-;-
BGIX26P033400;BRBMEFBG02S0;AGRIBUSINESS;-;-;-;-;-;-;-;-;-;0,01;-;-;-;-;-;-;-
BGIX26P033450;BRBMEFBG0318;AGRIBUSINESS;-;-;-;-;-;-;-;-;-;0,01;-;-;-;-;-;-;-
BGIX26P033500;BRBMEFBG02A8;AGRIBUSINESS;-;-;-;-;-;-;-;-;-;0,01;-;-;-;-;-;-;-
BGIX26P033700;BRBMEFBG03R0;AGRIBUSINESS;-;-;-;-;-;-;-;-;-;0,01;-;-;-;-;-;-;-
BGIX26P033750;BRBMEFBG0367;AGRIBUSINESS;-;-;-;-;-;-;-;-;-;0,01;-;-;-;-;-;-;-
BGIX26P033800;BRBMEFBG02O9;AGRIBUSINESS;-;-;-;-;-;-;-;-;-;0,01;-;-;-;-;-;-;-
BGIX26P033950;BRBMEFBG0326;AGRIBUSINESS;-;-;-;-;-;-;-;-;-;0,02;-;-;-;-;-;-;-
BGIX26P034000;BRBMEFBG0284;AGRIBUSINESS;-;-;-;-;-;-;-;-;-;0,02;-;-;-;-;-;-;-
BGIX26P034200;BRBMEFBG02E0;AGRIBUSINESS;-;-;-;-;-;-;-;-;-;0,02;-;-;-;-;-;-;-
BGIX26P034500;BRBMEFBG02X0;AGRIBUSINESS;-;-;-;-;-;-;-;-;-;0,04;-;-;-;-;-;-;-
BGIX26P034600;BRBMEFBG03A6;AGRIBUSINESS;-;-;-;-;-;-;-;-;-;0,05;-;-;-;-;-;-;-
BGIX26P034700;BRBMEFBG03I9;AGRIBUSINESS;-;-;-;-;-;-;-;-;-;0,06;-;-;-;-;-;-;-
BGIX26P034750;BRBMEFBG02Q4;AGRIBUSINESS;-;-;-;-;-;-;-;-;-;0,06;-;-;-;-;-;-;-
BGIX26P034800;BRBMEFBG02R2;AGRIBUSINESS;-;-;-;-;-;-;-;-;-;0,07;-;-;-;-;-;-;-
BGIX26P034900;BRBMEFBG02T8;AGRIBUSINESS;-;-;-;-;-;-;-;-;-;0,08;-;-;-;-;-;-;-
BGIX26P034950;BRBMEFBG02U6;AGRIBUSINESS;-;-;-;-;-;-;-;-;-;0,08;-;-;-;-;-;-;-
BGIX26P035000;BRBMEFBG0243;AGRIBUSINESS;-;-;-;-;-;-;-;-;-;0,09;-;-;-;-;-;-;-
BGIX26P035050;BRBMEFBG0250;AGRIBUSINESS;-;-;-;-;-;-;-;-;-;0,1;-;-;-;-;-;-;-
BGIX26P035100;BRBMEFBG0268;AGRIBUSINESS;-;-;-;-;-;-;-;-;-;0,1;-;-;-;-;-;-;-
BGIX26P035150;BRBMEFBG0276;AGRIBUSINESS;-;-;-;-;-;-;-;-;-;0,11;-;-;-;-;-;-;-
BGIX26P035200;BRBMEFBG02V4;AGRIBUSINESS;-;-;-;-;-;-;-;-;-;0,12;-;-;-;-;-;-;-
BGIX26P035250;BRBMEFBG0375;AGRIBUSINESS;-;-;-;-;-;-;-;-;-;0,13;-;-;-;-;-;-;-
BGIX26P035300;BRBMEFBG02P6;AGRIBUSINESS;-;-;-;-;-;-;-;-;-;0,14;-;-;-;-;-;-;-
BGIX26P035450;BRBMEFBG0334;AGRIBUSINESS;-;-;-;-;-;-;-;-;-;0,17;-;-;-;-;-;-;-
BGIX26P035500;BRBMEFBG02L5;AGRIBUSINESS;-;-;-;-;-;-;-;-;-;0,19;-;-;-;-;-;-;-
BGIX26P035600;BRBMEFBG02M3;AGRIBUSINESS;-;-;-;-;-;-;-;-;-;0,21;-;-;-;-;-;-;-
BGIX26P035650;BRBMEFBG03N9;AGRIBUSINESS;-;-;-;-;-;-;-;-;-;0,23;-;-;-;-;-;-;-
BGIX26P035700;BRBMEFBG02Y8;AGRIBUSINESS;-;-;-;-;-;-;-;-;-;0,25;-;-;-;-;-;-;-
BGIX26P035750;BRBMEFBG0383;AGRIBUSINESS;-;-;-;-;-;-;-;-;-;0,26;-;-;-;-;-;-;-
BGIX26P035800;BRBMEFBG0391;AGRIBUSINESS;-;-;-;-;-;-;-;-;-;0,28;-;-;-;-;-;-;-
BGIX26P035950;BRBMEFBG0342;AGRIBUSINESS;-;-;-;-;-;-;-;-;-;0,34;-;-;-;-;-;-;-
BGIX26P036000;BRBMEFBG02Z5;AGRIBUSINESS;-;-;-;-;-;-;-;-;-;0,36;-;-;-;-;-;-;-
BGIX26P036050;BRBMEFBG03P4;AGRIBUSINESS;-;-;-;-;-;-;-;-;-;0,39;-;-;-;-;-;-;-
BGIX26P036100;BRBMEFBG03B4;AGRIBUSINESS;-;-;-;-;-;-;-;-;-;0,41;-;-;-;-;-;-;-
BGIX26P036200;BRBMEFBG02N1;AGRIBUSINESS;-;-;-;-;-;-;-;-;-;0,46;-;-;-;-;-;-;-
BGIX26P036300;BRBMEFBG03E8;AGRIBUSINESS;-;-;-;-;-;-;-;-;-;0,51;-;-;-;-;-;-;-
BGIX26P036400;BRBMEFBG03D0;AGRIBUSINESS;-;-;-;-;-;-;-;-;-;0,57;-;-;-;-;-;-;-
BGIX26P036500;BRBMEFBG02C4;AGRIBUSINESS;-;-;-;-;-;-;-;-;-;0,63;-;-;-;-;-;-;-
BGIX26P036700;BRBMEFBG03Y6;AGRIBUSINESS;-;-;-;-;-;-;-;-;-;0,76;-;-;-;-;-;-;-
BGIX26P036800;BRBMEFBG03W0;AGRIBUSINESS;-;-;-;-;-;-;-;-;-;0,84;-;-;-;-;-;-;-
BGIX26P036900;BRBMEFBG03S8;AGRIBUSINESS;-;-;-;-;-;-;-;-;-;0,92;-;-;-;-;-;-;-
BGIX26P037000;BRBMEFBG02F7;AGRIBUSINESS;-;-;-;-;-;-;-;-;-;1,02;-;-;-;-;-;-;-
BGIX26P037100;BRBMEFBG03F5;AGRIBUSINESS;-;-;-;-;-;-;-;-;-;1,12;-;-;-;-;-;-;-
BGIX26P037200;BRBMEFBG03G3;AGRIBUSINESS;-;-;-;-;-;-;-;-;-;1,23;-;-;-;-;-;-;-
BGIX26P037300;BRBMEFBG03T6;AGRIBUSINESS;-;-;-;-;-;-;-;-;-;1,34;-;-;-;-;-;-;-
BGIX26P037500;BRBMEFBG02J9;AGRIBUSINESS;-;-;-;-;-;-;-;-;-;1,61;-;-;-;-;-;-;-
BGIX26P037600;BRBMEFBG03C2;AGRIBUSINESS;-;-;-;-;-;-;-;-;-;1,76;-;-;-;-;-;-;-
BGIX26P037700;BRBMEFBG03M1;AGRIBUSINESS;-;-;-;-;-;-;-;-;-;1,93;-;-;-;-;-;-;-
BGIX26P037900;BRBMEFBG0433;AGRIBUSINESS;-;-;-;-;-;-;-;-;-;2,29;-;-;-;-;-;-;-
BGIX26P038000;BRBMEFBG0292;AGRIBUSINESS;3,8;2,4;3,8;3;2,88;-26,15;-;-;-;2,49;-;-;-;-;4;35;34716
BGIX26P038200;BRBMEFBG03O7;AGRIBUSINESS;3;3;3;3;3;-;-;-;-;2,93;-;-;-;-;1;40;39600
BGIX26P038300;BRBMEFBG03U4;AGRIBUSINESS;-;-;-;-;-;-;-;-;-;3,19;-;-;-;-;-;-;-
BGIX26P038400;BRBMEFBG03H1;AGRIBUSINESS;-;-;-;-;-;-;-;-;-;3,45;-;-;-;-;-;-;-
BGIX26P038500;BRBMEFBG03J7;AGRIBUSINESS;-;-;-;-;-;-;-;-;-;3,74;-;-;-;-;-;-;-
BGIX26P038600;BRBMEFBG03K5;AGRIBUSINESS;-;-;-;-;-;-;-;-;-;4,04;-;-;-;-;-;-;-
BGIX26P038700;BRBMEFBG0482;AGRIBUSINESS;-;-;-;-;-;-;-;-;-;4,37;-;-;-;-;-;-;-
BGIX26P038800;BRBMEFBG04A4;AGRIBUSINESS;-;-;-;-;-;-;-;-;-;4,71;-;-;-;-;-;-;-
BGIX26P039000;BRBMEFBG03L3;AGRIBUSINESS;4,3;4,3;4,31;4,3;4,31;-45,78;-;-;-;5,46;-;-;-;-;2;100;142065
BGIX26P039300;BRBMEFBG0425;AGRIBUSINESS;-;-;-;-;-;-;-;-;-;6,73;-;-;-;-;-;-;-
BGIX26P039400;BRBMEFBG0458;AGRIBUSINESS;-;-;-;-;-;-;-;-;-;7,19;-;-;-;-;-;-;-
BGIX26P039500;BRBMEFBG03X8;AGRIBUSINESS;-;-;-;-;-;-;-;-;-;7,68;-;-;-;-;-;-;-
BGIX26P039700;BRBMEFBG0474;AGRIBUSINESS;-;-;-;-;-;-;-;-;-;8,73;-;-;-;-;-;-;-
BGIX26P039800;BRBMEFBG0490;AGRIBUSINESS;-;-;-;-;-;-;-;-;-;9,29;-;-;-;-;-;-;-
BGIX26P040000;BRBMEFBG03Z3;AGRIBUSINESS;-;-;-;-;-;-;-;-;-;10,46;-;-;-;-;-;-;-
BGIX26P040100;BRBMEFBG0441;AGRIBUSINESS;-;-;-;-;-;-;-;-;-;11,08;-;-;-;-;-;-;-
BGIX26P040300;BRBMEFBG04B2;AGRIBUSINESS;-;-;-;-;-;-;-;-;-;12,38;-;-;-;-;-;-;-
BGIX26P040500;BRBMEFBG0466;AGRIBUSINESS;-;-;-;-;-;-;-;-;-;13,76;-;-;-;-;-;-;-
BGIX26P040600;BRBMEFBG04D8;AGRIBUSINESS;-;-;-;-;-;-;-;-;-;14,47;-;-;-;-;-;-;-
BGIX26P041000;BRBMEFBG0417;AGRIBUSINESS;-;-;-;-;-;-;-;-;-;17,5;-;-;-;-;-;-;-
BGIX26P042000;BRBMEFBG04C0;AGRIBUSINESS;-;-;-;-;-;-;-;-;-;25,96;-;-;-;-;-;-;-
BGIZ26C031000;BRBMEFCB26M1;AGRIBUSINESS;-;-;-;-;-;-;-;-;-;80,95;-;-;-;-;-;-;-
BGIZ26C032000;BRBMEFCB26P4;AGRIBUSINESS;-;-;-;-;-;-;-;-;-;71,26;-;-;-;-;-;-;-
BGIZ26C032500;BRBMEFCB26G3;AGRIBUSINESS;-;-;-;-;-;-;-;-;-;66,43;-;-;-;-;-;-;-
BGIZ26C033000;BRBMEFCB2649;AGRIBUSINESS;-;-;-;-;-;-;-;-;-;61,63;-;-;-;-;-;-;-
BGIZ26C033200;BRBMEFCB26I9;AGRIBUSINESS;-;-;-;-;-;-;-;-;-;59,72;-;-;-;-;-;-;-
BGIZ26C033500;BRBMEFCB2698;AGRIBUSINESS;-;-;-;-;-;-;-;-;-;56,87;-;-;-;-;-;-;-
BGIZ26C033600;BRBMEFCB2672;AGRIBUSINESS;-;-;-;-;-;-;-;-;-;55,93;-;-;-;-;-;-;-
BGIZ26C033700;BRBMEFCB26H1;AGRIBUSINESS;-;-;-;-;-;-;-;-;-;54,98;-;-;-;-;-;-;-
BGIZ26C034000;BRBMEFCB2664;AGRIBUSINESS;-;-;-;-;-;-;-;-;-;52,17;-;-;-;-;-;-;-
BGIZ26C034500;BRBMEFCB26E8;AGRIBUSINESS;-;-;-;-;-;-;-;-;-;47,54;-;-;-;-;-;-;-
BGIZ26C035000;BRBMEFCB2656;AGRIBUSINESS;-;-;-;-;-;-;-;-;-;42,9;-;-;-;-;-;-;-
BGIZ26C035100;BRBMEFCB2680;AGRIBUSINESS;-;-;-;-;-;-;-;-;-;41,98;-;-;-;-;-;-;-
BGIZ26C035300;BRBMEFCB26A6;AGRIBUSINESS;-;-;-;-;-;-;-;-;-;40,16;-;-;-;-;-;-;-
BGIZ26C035500;BRBMEFCB26C2;AGRIBUSINESS;-;-;-;-;-;-;-;-;-;38,34;-;-;-;-;-;-;-
BGIZ26C035600;BRBMEFCB26F5;AGRIBUSINESS;-;-;-;-;-;-;-;-;-;37,44;-;-;-;-;-;-;-
BGIZ26C035700;BRBMEFCB26B4;AGRIBUSINESS;-;-;-;-;-;-;-;-;-;36,55;-;-;-;-;-;-;-
BGIZ26C035900;BRBMEFCB24J2;AGRIBUSINESS;-;-;-;-;-;-;-;-;-;34,77;-;-;-;-;-;-;-
BGIZ26C035950;BRBMEFCB24K0;AGRIBUSINESS;-;-;-;-;-;-;-;-;-;34,32;-;-;-;-;-;-;-
BGIZ26C036000;BRBMEFCB24L8;AGRIBUSINESS;-;-;-;-;-;-;-;-;-;33,89;-;-;-;-;-;-;-
BGIZ26C036050;BRBMEFCB24M6;AGRIBUSINESS;-;-;-;-;-;-;-;-;-;33,45;-;-;-;-;-;-;-
BGIZ26C036100;BRBMEFCB24N4;AGRIBUSINESS;-;-;-;-;-;-;-;-;-;33,01;-;-;-;-;-;-;-
BGIZ26C036150;BRBMEFCB24O2;AGRIBUSINESS;-;-;-;-;-;-;-;-;-;32,58;-;-;-;-;-;-;-
BGIZ26C036200;BRBMEFCB24P9;AGRIBUSINESS;-;-;-;-;-;-;-;-;-;32,14;-;-;-;-;-;-;-
BGIZ26C036250;BRBMEFCB24Q7;AGRIBUSINESS;-;-;-;-;-;-;-;-;-;31,71;-;-;-;-;-;-;-
BGIZ26C036300;BRBMEFCB24R5;AGRIBUSINESS;-;-;-;-;-;-;-;-;-;31,27;-;-;-;-;-;-;-
BGIZ26C036350;BRBMEFCB24S3;AGRIBUSINESS;-;-;-;-;-;-;-;-;-;30,85;-;-;-;-;-;-;-
BGIZ26C036400;BRBMEFCB24T1;AGRIBUSINESS;-;-;-;-;-;-;-;-;-;30,42;-;-;-;-;-;-;-
BGIZ26C036450;BRBMEFCB24U9;AGRIBUSINESS;-;-;-;-;-;-;-;-;-;29,99;-;-;-;-;-;-;-
BGIZ26C036500;BRBMEFCB24V7;AGRIBUSINESS;-;-;-;-;-;-;-;-;-;29,57;-;-;-;-;-;-;-
BGIZ26C036550;BRBMEFCB24W5;AGRIBUSINESS;-;-;-;-;-;-;-;-;-;29,14;-;-;-;-;-;-;-
BGIZ26C036600;BRBMEFCB24X3;AGRIBUSINESS;-;-;-;-;-;-;-;-;-;28,72;-;-;-;-;-;-;-
BGIZ26C036650;BRBMEFCB24Y1;AGRIBUSINESS;-;-;-;-;-;-;-;-;-;28,3;-;-;-;-;-;-;-
BGIZ26C036700;BRBMEFCB24Z8;AGRIBUSINESS;-;-;-;-;-;-;-;-;-;27,88;-;-;-;-;-;-;-
BGIZ26C036750;BRBMEFCB2508;AGRIBUSINESS;-;-;-;-;-;-;-;-;-;27,47;-;-;-;-;-;-;-
BGIZ26C036800;BRBMEFCB2516;AGRIBUSINESS;-;-;-;-;-;-;-;-;-;27,05;-;-;-;-;-;-;-
BGIZ26C036850;BRBMEFCB2524;AGRIBUSINESS;-;-;-;-;-;-;-;-;-;26,64;-;-;-;-;-;-;-
BGIZ26C036900;BRBMEFCB2532;AGRIBUSINESS;-;-;-;-;-;-;-;-;-;26,23;-;-;-;-;-;-;-
BGIZ26C036950;BRBMEFCB2540;AGRIBUSINESS;-;-;-;-;-;-;-;-;-;25,82;-;-;-;-;-;-;-
BGIZ26C037000;BRBMEFCB2557;AGRIBUSINESS;-;-;-;-;-;-;-;-;-;25,41;-;-;-;-;-;-;-
BGIZ26C037050;BRBMEFCB2565;AGRIBUSINESS;-;-;-;-;-;-;-;-;-;25,01;-;-;-;-;-;-;-
BGIZ26C037100;BRBMEFCB2573;AGRIBUSINESS;-;-;-;-;-;-;-;-;-;24,61;-;-;-;-;-;-;-
BGIZ26C037150;BRBMEFCB2581;AGRIBUSINESS;-;-;-;-;-;-;-;-;-;24,21;-;-;-;-;-;-;-
BGIZ26C037200;BRBMEFCB2599;AGRIBUSINESS;-;-;-;-;-;-;-;-;-;23,81;-;-;-;-;-;-;-
BGIZ26C037250;BRBMEFCB25A8;AGRIBUSINESS;-;-;-;-;-;-;-;-;-;23,42;-;-;-;-;-;-;-
BGIZ26C037300;BRBMEFCB25B6;AGRIBUSINESS;-;-;-;-;-;-;-;-;-;23,02;-;-;-;-;-;-;-
BGIZ26C037350;BRBMEFCB25C4;AGRIBUSINESS;-;-;-;-;-;-;-;-;-;22,63;-;-;-;-;-;-;-
BGIZ26C037400;BRBMEFCB25D2;AGRIBUSINESS;-;-;-;-;-;-;-;-;-;22,24;-;-;-;-;-;-;-
BGIZ26C037450;BRBMEFCB25E0;AGRIBUSINESS;-;-;-;-;-;-;-;-;-;21,85;-;-;-;-;-;-;-
BGIZ26C037500;BRBMEFCB25F7;AGRIBUSINESS;-;-;-;-;-;-;-;-;-;21,47;-;-;-;-;-;-;-
BGIZ26C037550;BRBMEFCB25G5;AGRIBUSINESS;-;-;-;-;-;-;-;-;-;21,09;-;-;-;-;-;-;-
BGIZ26C037600;BRBMEFCB25H3;AGRIBUSINESS;-;-;-;-;-;-;-;-;-;20,71;-;-;-;-;-;-;-
BGIZ26C037650;BRBMEFCB25I1;AGRIBUSINESS;-;-;-;-;-;-;-;-;-;20,34;-;-;-;-;-;-;-
BGIZ26C037700;BRBMEFCB25J9;AGRIBUSINESS;-;-;-;-;-;-;-;-;-;19,97;-;-;-;-;-;-;-
BGIZ26C037750;BRBMEFCB25K7;AGRIBUSINESS;-;-;-;-;-;-;-;-;-;19,61;-;-;-;-;-;-;-
BGIZ26C037800;BRBMEFCB25L5;AGRIBUSINESS;-;-;-;-;-;-;-;-;-;19,26;-;-;-;-;-;-;-
BGIZ26C037850;BRBMEFCB25M3;AGRIBUSINESS;-;-;-;-;-;-;-;-;-;18,9;-;-;-;-;-;-;-
BGIZ26C037900;BRBMEFCB25N1;AGRIBUSINESS;-;-;-;-;-;-;-;-;-;18,55;-;-;-;-;-;-;-
BGIZ26C037950;BRBMEFCB25O9;AGRIBUSINESS;-;-;-;-;-;-;-;-;-;18,2;-;-;-;-;-;-;-
BGIZ26C038000;BRBMEFCB25P6;AGRIBUSINESS;-;-;-;-;-;-;-;-;-;17,86;-;-;-;-;-;-;-
BGIZ26C038050;BRBMEFCB25Q4;AGRIBUSINESS;-;-;-;-;-;-;-;-;-;17,51;-;-;-;-;-;-;-
BGIZ26C038100;BRBMEFCB25R2;AGRIBUSINESS;-;-;-;-;-;-;-;-;-;17,17;-;-;-;-;-;-;-
BGIZ26C038150;BRBMEFCB25S0;AGRIBUSINESS;-;-;-;-;-;-;-;-;-;16,84;-;-;-;-;-;-;-
BGIZ26C038200;BRBMEFCB25T8;AGRIBUSINESS;-;-;-;-;-;-;-;-;-;16,5;-;-;-;-;-;-;-
BGIZ26C038250;BRBMEFCB25U6;AGRIBUSINESS;-;-;-;-;-;-;-;-;-;16,17;-;-;-;-;-;-;-
BGIZ26C038300;BRBMEFCB25V4;AGRIBUSINESS;-;-;-;-;-;-;-;-;-;15,85;-;-;-;-;-;-;-
BGIZ26C038350;BRBMEFCB25W2;AGRIBUSINESS;-;-;-;-;-;-;-;-;-;15,53;-;-;-;-;-;-;-
BGIZ26C038400;BRBMEFCB25X0;AGRIBUSINESS;-;-;-;-;-;-;-;-;-;15,21;-;-;-;-;-;-;-
BGIZ26C038450;BRBMEFCB25Y8;AGRIBUSINESS;-;-;-;-;-;-;-;-;-;14,89;-;-;-;-;-;-;-
BGIZ26C038500;BRBMEFCB25Z5;AGRIBUSINESS;-;-;-;-;-;-;-;-;-;14,58;-;-;-;-;-;-;-
BGIZ26C038550;BRBMEFCB2607;AGRIBUSINESS;-;-;-;-;-;-;-;-;-;14,27;-;-;-;-;-;-;-
BGIZ26C038600;BRBMEFCB2615;AGRIBUSINESS;-;-;-;-;-;-;-;-;-;13,97;-;-;-;-;-;-;-
BGIZ26C038650;BRBMEFCB2623;AGRIBUSINESS;-;-;-;-;-;-;-;-;-;13,68;-;-;-;-;-;-;-
BGIZ26C038700;BRBMEFCB2631;AGRIBUSINESS;-;-;-;-;-;-;-;-;-;13,39;-;-;-;-;-;-;-
BGIZ26C038800;BRBMEFCB26R0;AGRIBUSINESS;-;-;-;-;-;-;-;-;-;12,81;-;-;-;-;-;-;-
BGIZ26C039000;BRBMEFCB26D0;AGRIBUSINESS;-;-;-;-;-;-;-;-;-;11,71;-;-;-;-;-;-;-
BGIZ26C039300;BRBMEFCB26J7;AGRIBUSINESS;-;-;-;-;-;-;-;-;-;10,17;-;-;-;-;-;-;-
BGIZ26C039500;BRBMEFCB26K5;AGRIBUSINESS;-;-;-;-;-;-;-;-;-;9,24;-;-;-;-;-;-;-
BGIZ26C039800;BRBMEFCB26N9;AGRIBUSINESS;-;-;-;-;-;-;-;-;-;7,98;-;-;-;-;-;-;-
BGIZ26C039900;BRBMEFCB26Q2;AGRIBUSINESS;-;-;-;-;-;-;-;-;-;7,59;-;-;-;-;-;-;-
BGIZ26C040000;BRBMEFCB26L3;AGRIBUSINESS;-;-;-;-;-;-;-;-;-;7,21;-;-;-;-;-;-;-
BGIZ26C040200;BRBMEFCB26V2;AGRIBUSINESS;-;-;-;-;-;-;-;-;-;6,5;-;-;-;-;-;-;-
BGIZ26C040500;BRBMEFCB26X8;AGRIBUSINESS;3,2;3,2;3,2;3,2;3,2;0;-;-;-;5,58;-;-;-;-;1;2;2112
BGIZ26C040700;BRBMEFCB26W0;AGRIBUSINESS;-;-;-;-;-;-;-;-;-;5,02;-;-;-;-;-;-;-
BGIZ26C041000;BRBMEFCB26O7;AGRIBUSINESS;-;-;-;-;-;-;-;-;-;4,29;-;-;-;-;-;-;-
BGIZ26C041700;BRBMEFCB2706;AGRIBUSINESS;-;-;-;-;-;-;-;-;-;2,98;-;-;-;-;-;-;-
BGIZ26C042000;BRBMEFCB26S8;AGRIBUSINESS;1;1;1;1;1;0;-;-;-;2,56;-;-;-;-;1;4;1320
BGIZ26C042100;BRBMEFCB26T6;AGRIBUSINESS;-;-;-;-;-;-;-;-;-;2,44;-;-;-;-;-;-;-
BGIZ26C042500;BRBMEFCB26Y6;AGRIBUSINESS;-;-;-;-;-;-;-;-;-;1,98;-;-;-;-;-;-;-
BGIZ26C042800;BRBMEFCB26U4;AGRIBUSINESS;-;-;-;-;-;-;-;-;-;1,7;-;-;-;-;-;-;-
BGIZ26C043500;BRBMEFCB26Z3;AGRIBUSINESS;2;2;2;2;2;0;-;-;-;1,2;-;-;-;-;1;2;1320
BGIZ26P031000;BRBMEFBV26M1;AGRIBUSINESS;-;-;-;-;-;-;-;-;-;0,01;-;-;-;-;-;-;-
BGIZ26P032000;BRBMEFBV26P4;AGRIBUSINESS;-;-;-;-;-;-;-;-;-;0,05;-;-;-;-;-;-;-
BGIZ26P032500;BRBMEFBV26G3;AGRIBUSINESS;-;-;-;-;-;-;-;-;-;0,09;-;-;-;-;-;-;-
BGIZ26P033000;BRBMEFBV2646;AGRIBUSINESS;-;-;-;-;-;-;-;-;-;0,15;-;-;-;-;-;-;-
BGIZ26P033200;BRBMEFBV26I9;AGRIBUSINESS;-;-;-;-;-;-;-;-;-;0,19;-;-;-;-;-;-;-
BGIZ26P033500;BRBMEFBV2695;AGRIBUSINESS;-;-;-;-;-;-;-;-;-;0,25;-;-;-;-;-;-;-
BGIZ26P033600;BRBMEFBV2679;AGRIBUSINESS;-;-;-;-;-;-;-;-;-;0,28;-;-;-;-;-;-;-
BGIZ26P033700;BRBMEFBV26H1;AGRIBUSINESS;-;-;-;-;-;-;-;-;-;0,31;-;-;-;-;-;-;-
BGIZ26P034000;BRBMEFBV2661;AGRIBUSINESS;-;-;-;-;-;-;-;-;-;0,41;-;-;-;-;-;-;-
BGIZ26P034500;BRBMEFBV26E8;AGRIBUSINESS;-;-;-;-;-;-;-;-;-;0,64;-;-;-;-;-;-;-
BGIZ26P035000;BRBMEFBV2653;AGRIBUSINESS;-;-;-;-;-;-;-;-;-;0,88;-;-;-;-;-;-;-
BGIZ26P035100;BRBMEFBV2687;AGRIBUSINESS;-;-;-;-;-;-;-;-;-;0,93;-;-;-;-;-;-;-
BGIZ26P035300;BRBMEFBV26A6;AGRIBUSINESS;-;-;-;-;-;-;-;-;-;1,05;-;-;-;-;-;-;-
BGIZ26P035500;BRBMEFBV26C2;AGRIBUSINESS;-;-;-;-;-;-;-;-;-;1,18;-;-;-;-;-;-;-
BGIZ26P035600;BRBMEFBV26F5;AGRIBUSINESS;-;-;-;-;-;-;-;-;-;1,25;-;-;-;-;-;-;-
BGIZ26P035700;BRBMEFBV26B4;AGRIBUSINESS;-;-;-;-;-;-;-;-;-;1,33;-;-;-;-;-;-;-
BGIZ26P035900;BRBMEFBV24J2;AGRIBUSINESS;-;-;-;-;-;-;-;-;-;1,5;-;-;-;-;-;-;-
BGIZ26P035950;BRBMEFBV24K0;AGRIBUSINESS;-;-;-;-;-;-;-;-;-;1,54;-;-;-;-;-;-;-
BGIZ26P036000;BRBMEFBV24L8;AGRIBUSINESS;-;-;-;-;-;-;-;-;-;1,59;-;-;-;-;-;-;-
BGIZ26P036050;BRBMEFBV24M6;AGRIBUSINESS;-;-;-;-;-;-;-;-;-;1,64;-;-;-;-;-;-;-
BGIZ26P036100;BRBMEFBV24N4;AGRIBUSINESS;-;-;-;-;-;-;-;-;-;1,69;-;-;-;-;-;-;-
BGIZ26P036150;BRBMEFBV24O2;AGRIBUSINESS;-;-;-;-;-;-;-;-;-;1,74;-;-;-;-;-;-;-
BGIZ26P036200;BRBMEFBV24P9;AGRIBUSINESS;-;-;-;-;-;-;-;-;-;1,79;-;-;-;-;-;-;-
BGIZ26P036250;BRBMEFBV24Q7;AGRIBUSINESS;-;-;-;-;-;-;-;-;-;1,84;-;-;-;-;-;-;-
BGIZ26P036300;BRBMEFBV24R5;AGRIBUSINESS;-;-;-;-;-;-;-;-;-;1,9;-;-;-;-;-;-;-
BGIZ26P036350;BRBMEFBV24S3;AGRIBUSINESS;-;-;-;-;-;-;-;-;-;1,95;-;-;-;-;-;-;-
BGIZ26P036400;BRBMEFBV24T1;AGRIBUSINESS;-;-;-;-;-;-;-;-;-;2,01;-;-;-;-;-;-;-
BGIZ26P036450;BRBMEFBV24U9;AGRIBUSINESS;-;-;-;-;-;-;-;-;-;2,07;-;-;-;-;-;-;-
BGIZ26P036500;BRBMEFBV24V7;AGRIBUSINESS;-;-;-;-;-;-;-;-;-;2,13;-;-;-;-;-;-;-
BGIZ26P036550;BRBMEFBV24W5;AGRIBUSINESS;-;-;-;-;-;-;-;-;-;2,2;-;-;-;-;-;-;-
BGIZ26P036600;BRBMEFBV24X3;AGRIBUSINESS;-;-;-;-;-;-;-;-;-;2,26;-;-;-;-;-;-;-
BGIZ26P036650;BRBMEFBV24Y1;AGRIBUSINESS;-;-;-;-;-;-;-;-;-;2,33;-;-;-;-;-;-;-
BGIZ26P036700;BRBMEFBV24Z8;AGRIBUSINESS;-;-;-;-;-;-;-;-;-;2,4;-;-;-;-;-;-;-
BGIZ26P036750;BRBMEFBV2505;AGRIBUSINESS;-;-;-;-;-;-;-;-;-;2,47;-;-;-;-;-;-;-
BGIZ26P036800;BRBMEFBV2513;AGRIBUSINESS;-;-;-;-;-;-;-;-;-;2,54;-;-;-;-;-;-;-
BGIZ26P036850;BRBMEFBV2521;AGRIBUSINESS;-;-;-;-;-;-;-;-;-;2,61;-;-;-;-;-;-;-
BGIZ26P036900;BRBMEFBV2539;AGRIBUSINESS;-;-;-;-;-;-;-;-;-;2,69;-;-;-;-;-;-;-
BGIZ26P036950;BRBMEFBV2547;AGRIBUSINESS;-;-;-;-;-;-;-;-;-;2,76;-;-;-;-;-;-;-
BGIZ26P037000;BRBMEFBV2554;AGRIBUSINESS;3,05;3,05;3,05;3,05;3,05;14,66;-;-;-;2,84;-;-;-;-;1;3;3019,5
BGIZ26P037050;BRBMEFBV2562;AGRIBUSINESS;-;-;-;-;-;-;-;-;-;2,93;-;-;-;-;-;-;-
BGIZ26P037100;BRBMEFBV2570;AGRIBUSINESS;-;-;-;-;-;-;-;-;-;3,01;-;-;-;-;-;-;-
BGIZ26P037150;BRBMEFBV2588;AGRIBUSINESS;-;-;-;-;-;-;-;-;-;3,1;-;-;-;-;-;-;-
BGIZ26P037200;BRBMEFBV2596;AGRIBUSINESS;-;-;-;-;-;-;-;-;-;3,18;-;-;-;-;-;-;-
BGIZ26P037250;BRBMEFBV25A8;AGRIBUSINESS;-;-;-;-;-;-;-;-;-;3,28;-;-;-;-;-;-;-
BGIZ26P037300;BRBMEFBV25B6;AGRIBUSINESS;-;-;-;-;-;-;-;-;-;3,37;-;-;-;-;-;-;-
BGIZ26P037350;BRBMEFBV25C4;AGRIBUSINESS;-;-;-;-;-;-;-;-;-;3,47;-;-;-;-;-;-;-
BGIZ26P037400;BRBMEFBV25D2;AGRIBUSINESS;-;-;-;-;-;-;-;-;-;3,56;-;-;-;-;-;-;-
BGIZ26P037450;BRBMEFBV25E0;AGRIBUSINESS;-;-;-;-;-;-;-;-;-;3,66;-;-;-;-;-;-;-
BGIZ26P037500;BRBMEFBV25F7;AGRIBUSINESS;-;-;-;-;-;-;-;-;-;3,76;-;-;-;-;-;-;-
BGIZ26P037550;BRBMEFBV25G5;AGRIBUSINESS;-;-;-;-;-;-;-;-;-;3,87;-;-;-;-;-;-;-
BGIZ26P037600;BRBMEFBV25H3;AGRIBUSINESS;-;-;-;-;-;-;-;-;-;3,98;-;-;-;-;-;-;-
BGIZ26P037650;BRBMEFBV25I1;AGRIBUSINESS;-;-;-;-;-;-;-;-;-;4,09;-;-;-;-;-;-;-
BGIZ26P037700;BRBMEFBV25J9;AGRIBUSINESS;-;-;-;-;-;-;-;-;-;4,21;-;-;-;-;-;-;-
BGIZ26P037750;BRBMEFBV25K7;AGRIBUSINESS;-;-;-;-;-;-;-;-;-;4,34;-;-;-;-;-;-;-
BGIZ26P037800;BRBMEFBV25L5;AGRIBUSINESS;-;-;-;-;-;-;-;-;-;4,47;-;-;-;-;-;-;-
BGIZ26P037850;BRBMEFBV25M3;AGRIBUSINESS;-;-;-;-;-;-;-;-;-;4,6;-;-;-;-;-;-;-
BGIZ26P037900;BRBMEFBV25N1;AGRIBUSINESS;-;-;-;-;-;-;-;-;-;4,74;-;-;-;-;-;-;-
BGIZ26P037950;BRBMEFBV25O9;AGRIBUSINESS;-;-;-;-;-;-;-;-;-;4,88;-;-;-;-;-;-;-
BGIZ26P038000;BRBMEFBV25P6;AGRIBUSINESS;6,7;5,81;6,7;6,47;5,81;4,68;-;-;-;5,02;-;-;-;-;2;16;34201,2
BGIZ26P038050;BRBMEFBV25Q4;AGRIBUSINESS;-;-;-;-;-;-;-;-;-;5,16;-;-;-;-;-;-;-
BGIZ26P038100;BRBMEFBV25R2;AGRIBUSINESS;-;-;-;-;-;-;-;-;-;5,3;-;-;-;-;-;-;-
BGIZ26P038150;BRBMEFBV25S0;AGRIBUSINESS;-;-;-;-;-;-;-;-;-;5,45;-;-;-;-;-;-;-
BGIZ26P038200;BRBMEFBV25T8;AGRIBUSINESS;-;-;-;-;-;-;-;-;-;5,61;-;-;-;-;-;-;-
BGIZ26P038250;BRBMEFBV25U6;AGRIBUSINESS;-;-;-;-;-;-;-;-;-;5,77;-;-;-;-;-;-;-
BGIZ26P038300;BRBMEFBV25V4;AGRIBUSINESS;-;-;-;-;-;-;-;-;-;5,93;-;-;-;-;-;-;-
BGIZ26P038350;BRBMEFBV25W2;AGRIBUSINESS;-;-;-;-;-;-;-;-;-;6,09;-;-;-;-;-;-;-
BGIZ26P038400;BRBMEFBV25X0;AGRIBUSINESS;-;-;-;-;-;-;-;-;-;6,26;-;-;-;-;-;-;-
BGIZ26P038450;BRBMEFBV25Y8;AGRIBUSINESS;-;-;-;-;-;-;-;-;-;6,43;-;-;-;-;-;-;-
BGIZ26P038500;BRBMEFBV25Z5;AGRIBUSINESS;-;-;-;-;-;-;-;-;-;6,6;-;-;-;-;-;-;-
BGIZ26P038550;BRBMEFBV2604;AGRIBUSINESS;-;-;-;-;-;-;-;-;-;6,78;-;-;-;-;-;-;-
BGIZ26P038600;BRBMEFBV2612;AGRIBUSINESS;-;-;-;-;-;-;-;-;-;6,97;-;-;-;-;-;-;-
BGIZ26P038650;BRBMEFBV2620;AGRIBUSINESS;-;-;-;-;-;-;-;-;-;7,16;-;-;-;-;-;-;-
BGIZ26P038700;BRBMEFBV2638;AGRIBUSINESS;-;-;-;-;-;-;-;-;-;7,35;-;-;-;-;-;-;-
BGIZ26P038800;BRBMEFBV26R0;AGRIBUSINESS;-;-;-;-;-;-;-;-;-;7,75;-;-;-;-;-;-;-
BGIZ26P039000;BRBMEFBV26D0;AGRIBUSINESS;7;7;7;7;7;-33,2;-;-;-;8,6;-;-;-;-;1;200;462000
BGIZ26P039300;BRBMEFBV26J7;AGRIBUSINESS;-;-;-;-;-;-;-;-;-;9,98;-;-;-;-;-;-;-
BGIZ26P039500;BRBMEFBV26K5;AGRIBUSINESS;-;-;-;-;-;-;-;-;-;10,99;-;-;-;-;-;-;-
BGIZ26P039800;BRBMEFBV26N9;AGRIBUSINESS;-;-;-;-;-;-;-;-;-;12,65;-;-;-;-;-;-;-
BGIZ26P039900;BRBMEFBV26Q2;AGRIBUSINESS;-;-;-;-;-;-;-;-;-;13,23;-;-;-;-;-;-;-
BGIZ26P040000;BRBMEFBV26L3;AGRIBUSINESS;-;-;-;-;-;-;-;-;-;13,83;-;-;-;-;-;-;-
BGIZ26P040200;BRBMEFBV26V2;AGRIBUSINESS;-;-;-;-;-;-;-;-;-;15,06;-;-;-;-;-;-;-
BGIZ26P040500;BRBMEFBV26X8;AGRIBUSINESS;-;-;-;-;-;-;-;-;-;17,06;-;-;-;-;-;-;-
BGIZ26P040700;BRBMEFBV26W0;AGRIBUSINESS;-;-;-;-;-;-;-;-;-;18,45;-;-;-;-;-;-;-
BGIZ26P041000;BRBMEFBV26O7;AGRIBUSINESS;-;-;-;-;-;-;-;-;-;20,64;-;-;-;-;-;-;-
BGIZ26P041700;BRBMEFBV2703;AGRIBUSINESS;-;-;-;-;-;-;-;-;-;26,14;-;-;-;-;-;-;-
BGIZ26P042000;BRBMEFBV26S8;AGRIBUSINESS;-;-;-;-;-;-;-;-;-;28,63;-;-;-;-;-;-;-
BGIZ26P042100;BRBMEFBV26T6;AGRIBUSINESS;-;-;-;-;-;-;-;-;-;29,48;-;-;-;-;-;-;-
BGIZ26P042500;BRBMEFBV26Y6;AGRIBUSINESS;-;-;-;-;-;-;-;-;-;32,92;-;-;-;-;-;-;-
BGIZ26P042800;BRBMEFBV26U4;AGRIBUSINESS;-;-;-;-;-;-;-;-;-;35,56;-;-;-;-;-;-;-
BGIZ26P043500;BRBMEFBV26Z3;AGRIBUSINESS;-;-;-;-;-;-;-;-;-;41,86;-;-;-;-;-;-;-
ICFH27C019000;BRBMEFCCG9A8;AGRIBUSINESS;-;-;-;-;-;-;-;-;-;156;-;-;-;-;-;-;-
ICFH27C030000;BRBMEFCCG8W4;AGRIBUSINESS;-;-;-;-;-;-;-;-;-;59,35;-;-;-;-;-;-;-
ICFH27C030500;BRBMEFCCG8X2;AGRIBUSINESS;-;-;-;-;-;-;-;-;-;55,9;-;-;-;-;-;-;-
ICFH27C031000;BRBMEFCCG8Y0;AGRIBUSINESS;-;-;-;-;-;-;-;-;-;52,57;-;-;-;-;-;-;-
ICFH27C031500;BRBMEFCCG8Z7;AGRIBUSINESS;-;-;-;-;-;-;-;-;-;49,41;-;-;-;-;-;-;-
ICFH27C032000;BRBMEFCCG907;AGRIBUSINESS;-;-;-;-;-;-;-;-;-;46,4;-;-;-;-;-;-;-
ICFH27C032500;BRBMEFCCG915;AGRIBUSINESS;-;-;-;-;-;-;-;-;-;43,54;-;-;-;-;-;-;-
ICFH27C033000;BRBMEFCCG923;AGRIBUSINESS;-;-;-;-;-;-;-;-;-;40,81;-;-;-;-;-;-;-
ICFH27C033500;BRBMEFCCG931;AGRIBUSINESS;-;-;-;-;-;-;-;-;-;38,2;-;-;-;-;-;-;-
ICFH27C034000;BRBMEFCCG949;AGRIBUSINESS;-;-;-;-;-;-;-;-;-;35,74;-;-;-;-;-;-;-
ICFH27C034500;BRBMEFCCG956;AGRIBUSINESS;-;-;-;-;-;-;-;-;-;33,4;-;-;-;-;-;-;-
ICFH27C035000;BRBMEFCCG964;AGRIBUSINESS;-;-;-;-;-;-;-;-;-;31,19;-;-;-;-;-;-;-
ICFH27C035500;BRBMEFCCG972;AGRIBUSINESS;-;-;-;-;-;-;-;-;-;29,11;-;-;-;-;-;-;-
ICFH27C036000;BRBMEFCCG980;AGRIBUSINESS;-;-;-;-;-;-;-;-;-;27,14;-;-;-;-;-;-;-
ICFH27C036500;BRBMEFCCG998;AGRIBUSINESS;-;-;-;-;-;-;-;-;-;25,3;-;-;-;-;-;-;-
ICFH27C040000;BRBMEFCCG9B6;AGRIBUSINESS;-;-;-;-;-;-;-;-;-;15,32;-;-;-;-;-;-;-
ICFH27P019000;BRBMEFVCG9A5;AGRIBUSINESS;-;-;-;-;-;-;-;-;-;0,04;-;-;-;-;-;-;-
ICFH27P030000;BRBMEFVCG8W1;AGRIBUSINESS;-;-;-;-;-;-;-;-;-;8,9;-;-;-;-;-;-;-
ICFH27P030500;BRBMEFVCG8X9;AGRIBUSINESS;-;-;-;-;-;-;-;-;-;10,25;-;-;-;-;-;-;-
ICFH27P031000;BRBMEFVCG8Y7;AGRIBUSINESS;-;-;-;-;-;-;-;-;-;11,72;-;-;-;-;-;-;-
ICFH27P031500;BRBMEFVCG8Z4;AGRIBUSINESS;-;-;-;-;-;-;-;-;-;13,35;-;-;-;-;-;-;-
ICFH27P032000;BRBMEFVCG907;AGRIBUSINESS;-;-;-;-;-;-;-;-;-;15,14;-;-;-;-;-;-;-
ICFH27P032500;BRBMEFVCG915;AGRIBUSINESS;-;-;-;-;-;-;-;-;-;17,07;-;-;-;-;-;-;-
ICFH27P033000;BRBMEFVCG923;AGRIBUSINESS;-;-;-;-;-;-;-;-;-;19,13;-;-;-;-;-;-;-
ICFH27P033500;BRBMEFVCG931;AGRIBUSINESS;-;-;-;-;-;-;-;-;-;21,32;-;-;-;-;-;-;-
ICFH27P034000;BRBMEFVCG949;AGRIBUSINESS;-;-;-;-;-;-;-;-;-;23,65;-;-;-;-;-;-;-
ICFH27P034500;BRBMEFVCG956;AGRIBUSINESS;-;-;-;-;-;-;-;-;-;26,11;-;-;-;-;-;-;-
ICFH27P035000;BRBMEFVCG964;AGRIBUSINESS;-;-;-;-;-;-;-;-;-;28,69;-;-;-;-;-;-;-
ICFH27P035500;BRBMEFVCG972;AGRIBUSINESS;-;-;-;-;-;-;-;-;-;31,41;-;-;-;-;-;-;-
ICFH27P036000;BRBMEFVCG980;AGRIBUSINESS;-;-;-;-;-;-;-;-;-;34,24;-;-;-;-;-;-;-
ICFH27P036500;BRBMEFVCG998;AGRIBUSINESS;-;-;-;-;-;-;-;-;-;37,19;-;-;-;-;-;-;-
ICFH27P040000;BRBMEFVCG9B3;AGRIBUSINESS;-;-;-;-;-;-;-;-;-;60,78;-;-;-;-;-;-;-
ICFU27C028000;BRBMEFCCQCQ5;AGRIBUSINESS;-;-;-;-;-;-;-;-;-;61,01;-;-;-;-;-;-;-
ICFU27C028500;BRBMEFCCQCA9;AGRIBUSINESS;-;-;-;-;-;-;-;-;-;58,15;-;-;-;-;-;-;-
ICFU27C029000;BRBMEFCCQCB7;AGRIBUSINESS;-;-;-;-;-;-;-;-;-;55,42;-;-;-;-;-;-;-
ICFU27C029500;BRBMEFCCQCC5;AGRIBUSINESS;-;-;-;-;-;-;-;-;-;52,78;-;-;-;-;-;-;-
ICFU27C030000;BRBMEFCCQCD3;AGRIBUSINESS;-;-;-;-;-;-;-;-;-;50,25;-;-;-;-;-;-;-
ICFU27C030500;BRBMEFCCQCE1;AGRIBUSINESS;-;-;-;-;-;-;-;-;-;47,81;-;-;-;-;-;-;-
ICFU27C031000;BRBMEFCCQCF8;AGRIBUSINESS;-;-;-;-;-;-;-;-;-;45,48;-;-;-;-;-;-;-
ICFU27C031500;BRBMEFCCQCG6;AGRIBUSINESS;-;-;-;-;-;-;-;-;-;43,26;-;-;-;-;-;-;-
ICFU27C032000;BRBMEFCCQCH4;AGRIBUSINESS;-;-;-;-;-;-;-;-;-;41,14;-;-;-;-;-;-;-
ICFU27C032500;BRBMEFCCQCI2;AGRIBUSINESS;-;-;-;-;-;-;-;-;-;39,14;-;-;-;-;-;-;-
ICFU27C033000;BRBMEFCCQCJ0;AGRIBUSINESS;-;-;-;-;-;-;-;-;-;37,21;-;-;-;-;-;-;-
ICFU27C033500;BRBMEFCCQCK8;AGRIBUSINESS;-;-;-;-;-;-;-;-;-;35,37;-;-;-;-;-;-;-
ICFU27C034000;BRBMEFCCQCL6;AGRIBUSINESS;-;-;-;-;-;-;-;-;-;33,61;-;-;-;-;-;-;-
ICFU27C034500;BRBMEFCCQCM4;AGRIBUSINESS;-;-;-;-;-;-;-;-;-;31,95;-;-;-;-;-;-;-
ICFU27C035000;BRBMEFCCQCN2;AGRIBUSINESS;-;-;-;-;-;-;-;-;-;30,37;-;-;-;-;-;-;-
ICFU27C036000;BRBMEFCCQCR3;AGRIBUSINESS;-;-;-;-;-;-;-;-;-;27,46;-;-;-;-;-;-;-
ICFU27C040000;BRBMEFCCQCP7;AGRIBUSINESS;-;-;-;-;-;-;-;-;-;18,45;-;-;-;-;-;-;-
ICFU27C042000;BRBMEFCCQCO0;AGRIBUSINESS;-;-;-;-;-;-;-;-;-;15,22;-;-;-;-;-;-;-
ICFU27P028000;BRBMEFVCQCS1;AGRIBUSINESS;-;-;-;-;-;-;-;-;-;15,69;-;-;-;-;-;-;-
ICFU27P028500;BRBMEFVCQCC5;AGRIBUSINESS;-;-;-;-;-;-;-;-;-;17,35;-;-;-;-;-;-;-
ICFU27P029000;BRBMEFVCQCD3;AGRIBUSINESS;-;-;-;-;-;-;-;-;-;19,14;-;-;-;-;-;-;-
ICFU27P029500;BRBMEFVCQCE1;AGRIBUSINESS;-;-;-;-;-;-;-;-;-;21,02;-;-;-;-;-;-;-
ICFU27P030000;BRBMEFVCQCF8;AGRIBUSINESS;-;-;-;-;-;-;-;-;-;23,01;-;-;-;-;-;-;-
ICFU27P030500;BRBMEFVCQCG6;AGRIBUSINESS;-;-;-;-;-;-;-;-;-;25,09;-;-;-;-;-;-;-
ICFU27P031000;BRBMEFVCQCH4;AGRIBUSINESS;-;-;-;-;-;-;-;-;-;27,27;-;-;-;-;-;-;-
ICFU27P031500;BRBMEFVCQCI2;AGRIBUSINESS;-;-;-;-;-;-;-;-;-;29,56;-;-;-;-;-;-;-
ICFU27P032000;BRBMEFVCQCJ0;AGRIBUSINESS;-;-;-;-;-;-;-;-;-;31,97;-;-;-;-;-;-;-
ICFU27P032500;BRBMEFVCQCK8;AGRIBUSINESS;-;-;-;-;-;-;-;-;-;34,48;-;-;-;-;-;-;-
ICFU27P033000;BRBMEFVCQCL6;AGRIBUSINESS;-;-;-;-;-;-;-;-;-;37,07;-;-;-;-;-;-;-
ICFU27P033500;BRBMEFVCQCM4;AGRIBUSINESS;-;-;-;-;-;-;-;-;-;39,75;-;-;-;-;-;-;-
ICFU27P034000;BRBMEFVCQCN2;AGRIBUSINESS;-;-;-;-;-;-;-;-;-;42,51;-;-;-;-;-;-;-
ICFU27P034500;BRBMEFVCQCO0;AGRIBUSINESS;-;-;-;-;-;-;-;-;-;45,37;-;-;-;-;-;-;-
ICFU27P035000;BRBMEFVCQCP7;AGRIBUSINESS;-;-;-;-;-;-;-;-;-;48,31;-;-;-;-;-;-;-
ICFU27P036000;BRBMEFVCQCT9;AGRIBUSINESS;-;-;-;-;-;-;-;-;-;54,43;-;-;-;-;-;-;-
ICFU27P040000;BRBMEFVCQCR3;AGRIBUSINESS;-;-;-;-;-;-;-;-;-;81,57;-;-;-;-;-;-;-
ICFU27P042000;BRBMEFVCQCQ5;AGRIBUSINESS;-;-;-;-;-;-;-;-;-;96,42;-;-;-;-;-;-;-
ICFZ26C019000;BRBMEFCCXB04;AGRIBUSINESS;-;-;-;-;-;-;-;-;-;163,8;-;-;-;-;-;-;-
ICFZ26C027500;BRBMEFCCXA70;AGRIBUSINESS;-;-;-;-;-;-;-;-;-;80,19;-;-;-;-;-;-;-
ICFZ26C028000;BRBMEFCCXA88;AGRIBUSINESS;-;-;-;-;-;-;-;-;-;75,42;-;-;-;-;-;-;-
ICFZ26C028500;BRBMEFCCXA96;AGRIBUSINESS;-;-;-;-;-;-;-;-;-;70,7;-;-;-;-;-;-;-
ICFZ26C029000;BRBMEFCCXAA9;AGRIBUSINESS;-;-;-;-;-;-;-;-;-;66,04;-;-;-;-;-;-;-
ICFZ26C029500;BRBMEFCCXAB7;AGRIBUSINESS;-;-;-;-;-;-;-;-;-;61,41;-;-;-;-;-;-;-
ICFZ26C030000;BRBMEFCCXAC5;AGRIBUSINESS;-;-;-;-;-;-;-;-;-;56,86;-;-;-;-;-;-;-
ICFZ26C030500;BRBMEFCCXAD3;AGRIBUSINESS;-;-;-;-;-;-;-;-;-;52,39;-;-;-;-;-;-;-
ICFZ26C031000;BRBMEFCCXAE1;AGRIBUSINESS;-;-;-;-;-;-;-;-;-;48,12;-;-;-;-;-;-;-
ICFZ26C031500;BRBMEFCCXAF8;AGRIBUSINESS;-;-;-;-;-;-;-;-;-;43,99;-;-;-;-;-;-;-
ICFZ26C032000;BRBMEFCCXAG6;AGRIBUSINESS;-;-;-;-;-;-;-;-;-;40,03;-;-;-;-;-;-;-
ICFZ26C032500;BRBMEFCCXAH4;AGRIBUSINESS;-;-;-;-;-;-;-;-;-;36,25;-;-;-;-;-;-;-
ICFZ26C033000;BRBMEFCCXAI2;AGRIBUSINESS;-;-;-;-;-;-;-;-;-;32,67;-;-;-;-;-;-;-
ICFZ26C033250;BRBMEFCCXB79;AGRIBUSINESS;-;-;-;-;-;-;-;-;-;30,99;-;-;-;-;-;-;-
ICFZ26C033500;BRBMEFCCXAJ0;AGRIBUSINESS;-;-;-;-;-;-;-;-;-;29,36;-;-;-;-;-;-;-
ICFZ26C034000;BRBMEFCCXAK8;AGRIBUSINESS;-;-;-;-;-;-;-;-;-;26,28;-;-;-;-;-;-;-
ICFZ26C034500;BRBMEFCCXAL6;AGRIBUSINESS;-;-;-;-;-;-;-;-;-;23,44;-;-;-;-;-;-;-
ICFZ26C035000;BRBMEFCCXAM4;AGRIBUSINESS;-;-;-;-;-;-;-;-;-;20,83;-;-;-;-;-;-;-
ICFZ26C035500;BRBMEFCCXAN2;AGRIBUSINESS;-;-;-;-;-;-;-;-;-;18,45;-;-;-;-;-;-;-
ICFZ26C036000;BRBMEFCCXAO0;AGRIBUSINESS;-;-;-;-;-;-;-;-;-;16,28;-;-;-;-;-;-;-
ICFZ26C036500;BRBMEFCCXAP7;AGRIBUSINESS;-;-;-;-;-;-;-;-;-;14,32;-;-;-;-;-;-;-
ICFZ26C037000;BRBMEFCCXAQ5;AGRIBUSINESS;-;-;-;-;-;-;-;-;-;12,57;-;-;-;-;-;-;-
ICFZ26C037250;BRBMEFCCXB20;AGRIBUSINESS;-;-;-;-;-;-;-;-;-;11,76;-;-;-;-;-;-;-
ICFZ26C037500;BRBMEFCCXAR3;AGRIBUSINESS;-;-;-;-;-;-;-;-;-;10,99;-;-;-;-;-;-;-
ICFZ26C037750;BRBMEFCCXB38;AGRIBUSINESS;-;-;-;-;-;-;-;-;-;10,27;-;-;-;-;-;-;-
ICFZ26C038000;BRBMEFCCXAS1;AGRIBUSINESS;-;-;-;-;-;-;-;-;-;9,59;-;-;-;-;-;-;-
ICFZ26C038500;BRBMEFCCXAT9;AGRIBUSINESS;-;-;-;-;-;-;-;-;-;8,35;-;-;-;-;-;-;-
ICFZ26C039000;BRBMEFCCXAU7;AGRIBUSINESS;-;-;-;-;-;-;-;-;-;7,25;-;-;-;-;-;-;-
ICFZ26C039500;BRBMEFCCXAV5;AGRIBUSINESS;-;-;-;-;-;-;-;-;-;6,3;-;-;-;-;-;-;-
ICFZ26C040000;BRBMEFCCXAW3;AGRIBUSINESS;-;-;-;-;-;-;-;-;-;5,48;-;-;-;-;-;-;-
ICFZ26C040500;BRBMEFCCXAX1;AGRIBUSINESS;-;-;-;-;-;-;-;-;-;4,76;-;-;-;-;-;-;-
ICFZ26C041000;BRBMEFCCXAY9;AGRIBUSINESS;-;-;-;-;-;-;-;-;-;4,13;-;-;-;-;-;-;-
ICFZ26C042500;BRBMEFCCXB12;AGRIBUSINESS;-;-;-;-;-;-;-;-;-;2,7;-;-;-;-;-;-;-
ICFZ26C043000;BRBMEFCCXAZ6;AGRIBUSINESS;-;-;-;-;-;-;-;-;-;2,35;-;-;-;-;-;-;-
ICFZ26C044000;BRBMEFCCXB46;AGRIBUSINESS;-;-;-;-;-;-;-;-;-;1,82;-;-;-;-;-;-;-
ICFZ26C045000;BRBMEFCCXB53;AGRIBUSINESS;-;-;-;-;-;-;-;-;-;1,43;-;-;-;-;-;-;-
ICFZ26C050000;BRBMEFCCXB61;AGRIBUSINESS;-;-;-;-;-;-;-;-;-;0,29;-;-;-;-;-;-;-
ICFZ26P019000;BRBMEFVCXC00;AGRIBUSINESS;-;-;-;-;-;-;-;-;-;0,01;-;-;-;-;-;-;-
ICFZ26P027500;BRBMEFVCXB76;AGRIBUSINESS;-;-;-;-;-;-;-;-;-;0,37;-;-;-;-;-;-;-
ICFZ26P028000;BRBMEFVCXB84;AGRIBUSINESS;-;-;-;-;-;-;-;-;-;0,53;-;-;-;-;-;-;-
ICFZ26P028500;BRBMEFVCXB92;AGRIBUSINESS;-;-;-;-;-;-;-;-;-;0,75;-;-;-;-;-;-;-
ICFZ26P029000;BRBMEFVCXBA7;AGRIBUSINESS;-;-;-;-;-;-;-;-;-;1,04;-;-;-;-;-;-;-
ICFZ26P029500;BRBMEFVCXBB5;AGRIBUSINESS;-;-;-;-;-;-;-;-;-;1,34;-;-;-;-;-;-;-
ICFZ26P030000;BRBMEFVCXBC3;AGRIBUSINESS;-;-;-;-;-;-;-;-;-;1,73;-;-;-;-;-;-;-
ICFZ26P030500;BRBMEFVCXBD1;AGRIBUSINESS;-;-;-;-;-;-;-;-;-;2,2;-;-;-;-;-;-;-
ICFZ26P031000;BRBMEFVCXBE9;AGRIBUSINESS;-;-;-;-;-;-;-;-;-;2,87;-;-;-;-;-;-;-
ICFZ26P031500;BRBMEFVCXBF6;AGRIBUSINESS;-;-;-;-;-;-;-;-;-;3,69;-;-;-;-;-;-;-
ICFZ26P032000;BRBMEFVCXBG4;AGRIBUSINESS;-;-;-;-;-;-;-;-;-;4,67;-;-;-;-;-;-;-
ICFZ26P032500;BRBMEFVCXBH2;AGRIBUSINESS;-;-;-;-;-;-;-;-;-;5,82;-;-;-;-;-;-;-
ICFZ26P033000;BRBMEFVCXBI0;AGRIBUSINESS;-;-;-;-;-;-;-;-;-;7,18;-;-;-;-;-;-;-
ICFZ26P033250;BRBMEFVCXC75;AGRIBUSINESS;-;-;-;-;-;-;-;-;-;7,97;-;-;-;-;-;-;-
ICFZ26P033500;BRBMEFVCXBJ8;AGRIBUSINESS;-;-;-;-;-;-;-;-;-;8,81;-;-;-;-;-;-;-
ICFZ26P034000;BRBMEFVCXBK6;AGRIBUSINESS;-;-;-;-;-;-;-;-;-;10,67;-;-;-;-;-;-;-
ICFZ26P034500;BRBMEFVCXBL4;AGRIBUSINESS;-;-;-;-;-;-;-;-;-;12,77;-;-;-;-;-;-;-
ICFZ26P035000;BRBMEFVCXBM2;AGRIBUSINESS;-;-;-;-;-;-;-;-;-;15,1;-;-;-;-;-;-;-
ICFZ26P035500;BRBMEFVCXBN0;AGRIBUSINESS;-;-;-;-;-;-;-;-;-;17,66;-;-;-;-;-;-;-
ICFZ26P036000;BRBMEFVCXBO8;AGRIBUSINESS;-;-;-;-;-;-;-;-;-;20,43;-;-;-;-;-;-;-
ICFZ26P036500;BRBMEFVCXBP5;AGRIBUSINESS;-;-;-;-;-;-;-;-;-;23,41;-;-;-;-;-;-;-
ICFZ26P037000;BRBMEFVCXBQ3;AGRIBUSINESS;-;-;-;-;-;-;-;-;-;26,6;-;-;-;-;-;-;-
ICFZ26P037250;BRBMEFVCXC26;AGRIBUSINESS;-;-;-;-;-;-;-;-;-;28,26;-;-;-;-;-;-;-
ICFZ26P037500;BRBMEFVCXBR1;AGRIBUSINESS;-;-;-;-;-;-;-;-;-;29,96;-;-;-;-;-;-;-
ICFZ26P037750;BRBMEFVCXC34;AGRIBUSINESS;-;-;-;-;-;-;-;-;-;31,71;-;-;-;-;-;-;-
ICFZ26P038000;BRBMEFVCXBS9;AGRIBUSINESS;-;-;-;-;-;-;-;-;-;33,5;-;-;-;-;-;-;-
ICFZ26P038500;BRBMEFVCXBT7;AGRIBUSINESS;-;-;-;-;-;-;-;-;-;37,2;-;-;-;-;-;-;-
ICFZ26P039000;BRBMEFVCXBU5;AGRIBUSINESS;-;-;-;-;-;-;-;-;-;41,04;-;-;-;-;-;-;-
ICFZ26P039500;BRBMEFVCXBV3;AGRIBUSINESS;-;-;-;-;-;-;-;-;-;45,03;-;-;-;-;-;-;-
ICFZ26P040000;BRBMEFVCXBW1;AGRIBUSINESS;-;-;-;-;-;-;-;-;-;49,15;-;-;-;-;-;-;-
ICFZ26P040500;BRBMEFVCXBX9;AGRIBUSINESS;-;-;-;-;-;-;-;-;-;53,37;-;-;-;-;-;-;-
ICFZ26P041000;BRBMEFVCXBY7;AGRIBUSINESS;-;-;-;-;-;-;-;-;-;57,68;-;-;-;-;-;-;-
ICFZ26P042500;BRBMEFVCXC18;AGRIBUSINESS;-;-;-;-;-;-;-;-;-;71,07;-;-;-;-;-;-;-
ICFZ26P043000;BRBMEFVCXBZ4;AGRIBUSINESS;-;-;-;-;-;-;-;-;-;75,66;-;-;-;-;-;-;-
ICFZ26P044000;BRBMEFVCXC42;AGRIBUSINESS;-;-;-;-;-;-;-;-;-;85;-;-;-;-;-;-;-
ICFZ26P045000;BRBMEFVCXC59;AGRIBUSINESS;-;-;-;-;-;-;-;-;-;94,49;-;-;-;-;-;-;-
ICFZ26P050000;BRBMEFVCXC67;AGRIBUSINESS;-;-;-;-;-;-;-;-;-;142,75;-;-;-;-;-;-;-
ETHF27C250000;BRBMEFCETMT8;AGRIBUSINESS;-;-;-;-;-;-;-;-;-;472,93;-;-;-;-;-;-;-
ETHF27P250000;BRBMEFVETMT8;AGRIBUSINESS;-;-;-;-;-;-;-;-;-;10,76;-;-;-;-;-;-;-
ETHG27C250000;BRBMEFCETMU6;AGRIBUSINESS;-;-;-;-;-;-;-;-;-;466,21;-;-;-;-;-;-;-
ETHG27P250000;BRBMEFVETMU6;AGRIBUSINESS;-;-;-;-;-;-;-;-;-;15,7;-;-;-;-;-;-;-
ETHH27C250000;BRBMEFCETMV4;AGRIBUSINESS;-;-;-;-;-;-;-;-;-;333,36;-;-;-;-;-;-;-
ETHH27C298000;BRBMEFCETMP6;AGRIBUSINESS;-;-;-;-;-;-;-;-;-;61,13;-;-;-;-;-;-;-
ETHH27C320000;BRBMEFCETMQ4;AGRIBUSINESS;-;-;-;-;-;-;-;-;-;27,44;-;-;-;-;-;-;-
ETHH27P250000;BRBMEFVETMV4;AGRIBUSINESS;-;-;-;-;-;-;-;-;-;34,46;-;-;-;-;-;-;-
ETHH27P298000;BRBMEFVETMP6;AGRIBUSINESS;-;-;-;-;-;-;-;-;-;215,54;-;-;-;-;-;-;-
ETHH27P320000;BRBMEFVETMQ4;AGRIBUSINESS;-;-;-;-;-;-;-;-;-;389,61;-;-;-;-;-;-;-
ETHV26C235000;BRBMEFCETMY8;AGRIBUSINESS;-;-;-;-;-;-;-;-;-;453,58;-;-;-;-;-;-;-
ETHV26P235000;BRBMEFVETMY8;AGRIBUSINESS;-;-;-;-;-;-;-;-;-;0,05;-;-;-;-;-;-;-
ETHZ26C250000;BRBMEFCETMX0;AGRIBUSINESS;-;-;-;-;-;-;-;-;-;433,62;-;-;-;-;-;-;-
ETHZ26P250000;BRBMEFVETMX0;AGRIBUSINESS;-;-;-;-;-;-;-;-;-;7,52;-;-;-;-;-;-;-
CCMF27C006800;BRBMEFFM0BV3;AGRIBUSINESS;-;-;-;-;-;-;-;-;-;5,89;-;-;-;-;-;-;-
CCMF27C006850;BRBMEFFM0BW1;AGRIBUSINESS;-;-;-;-;-;-;-;-;-;5,45;-;-;-;-;-;-;-
CCMF27C006900;BRBMEFFM0HO5;AGRIBUSINESS;-;-;-;-;-;-;-;-;-;5,03;-;-;-;-;-;-;-
CCMF27C006950;BRBMEFFM0H11;AGRIBUSINESS;-;-;-;-;-;-;-;-;-;4,62;-;-;-;-;-;-;-
CCMF27C007000;BRBMEFFM0E30;AGRIBUSINESS;-;-;-;-;-;-;-;-;-;4,22;-;-;-;-;-;-;-
CCMF27C007050;BRBMEFFM0DH8;AGRIBUSINESS;-;-;-;-;-;-;-;-;-;3,84;-;-;-;-;-;-;-
CCMF27C007100;BRBMEFFM0EO2;AGRIBUSINESS;-;-;-;-;-;-;-;-;-;3,47;-;-;-;-;-;-;-
CCMF27C007150;BRBMEFFM0EP9;AGRIBUSINESS;-;-;-;-;-;-;-;-;-;3,13;-;-;-;-;-;-;-
CCMF27C007200;BRBMEFFM0EQ7;AGRIBUSINESS;-;-;-;-;-;-;-;-;-;2,81;-;-;-;-;-;-;-
CCMF27C007250;BRBMEFFM0ER5;AGRIBUSINESS;-;-;-;-;-;-;-;-;-;2,5;-;-;-;-;-;-;-
CCMF27C007275;BRBMEFFM0FK7;AGRIBUSINESS;-;-;-;-;-;-;-;-;-;2,36;-;-;-;-;-;-;-
CCMF27C007300;BRBMEFFM0ES3;AGRIBUSINESS;-;-;-;-;-;-;-;-;-;2,23;-;-;-;-;-;-;-
CCMF27C007325;BRBMEFFM0IO3;AGRIBUSINESS;-;-;-;-;-;-;-;-;-;2,1;-;-;-;-;-;-;-
CCMF27C007350;BRBMEFFM0GW0;AGRIBUSINESS;-;-;-;-;-;-;-;-;-;1,97;-;-;-;-;-;-;-
CCMF27C007375;BRBMEFFM0IP0;AGRIBUSINESS;-;-;-;-;-;-;-;-;-;1,85;-;-;-;-;-;-;-
CCMF27C007400;BRBMEFFM0DI6;AGRIBUSINESS;-;-;-;-;-;-;-;-;-;1,74;-;-;-;-;-;-;-
CCMF27C007425;BRBMEFFM0IT2;AGRIBUSINESS;-;-;-;-;-;-;-;-;-;1,63;-;-;-;-;-;-;-
CCMF27C007450;BRBMEFFM0EN4;AGRIBUSINESS;-;-;-;-;-;-;-;-;-;1,53;-;-;-;-;-;-;-
CCMF27C007500;BRBMEFFM0BX9;AGRIBUSINESS;2,1;2,05;2,1;2,09;2,05;-63,32;-;-;-;1,34;-;-;-;-;2;11;10372,5
CCMF27C007600;BRBMEFFM0GK5;AGRIBUSINESS;1,42;0,92;1,42;0,93;0,92;-47,42;-;-;-;1,02;-;-;-;-;2;103;43317
CCMF27C007650;BRBMEFFM0HK3;AGRIBUSINESS;-;-;-;-;-;-;-;-;-;0,89;-;-;-;-;-;-;-
CCMF27C007675;BRBMEFFM0JL7;AGRIBUSINESS;-;-;-;-;-;-;-;-;-;0,83;-;-;-;-;-;-;-
CCMF27C007700;BRBMEFFM0GD0;AGRIBUSINESS;-;-;-;-;-;-;-;-;-;0,78;-;-;-;-;-;-;-
CCMF27C007725;BRBMEFFM0K24;AGRIBUSINESS;-;-;-;-;-;-;-;-;-;0,73;-;-;-;-;-;-;-
CCMF27C007750;BRBMEFFM0J92;AGRIBUSINESS;-;-;-;-;-;-;-;-;-;0,68;-;-;-;-;-;-;-
CCMF27C007800;BRBMEFFM0GC2;AGRIBUSINESS;0,31;0,31;0,81;0,42;0,81;-67,6;-;-;-;0,59;-;-;-;-;2;13;2488,5
CCMF27C007825;BRBMEFFM0H29;AGRIBUSINESS;-;-;-;-;-;-;-;-;-;0,55;-;-;-;-;-;-;-
CCMF27C007850;BRBMEFFM0G53;AGRIBUSINESS;-;-;-;-;-;-;-;-;-;0,52;-;-;-;-;-;-;-
CCMF27C007900;BRBMEFFM0GE8;AGRIBUSINESS;-;-;-;-;-;-;-;-;-;0,45;-;-;-;-;-;-;-
CCMF27C007925;BRBMEFFM0H37;AGRIBUSINESS;-;-;-;-;-;-;-;-;-;0,42;-;-;-;-;-;-;-
CCMF27C007950;BRBMEFFM0ET1;AGRIBUSINESS;-;-;-;-;-;-;-;-;-;0,39;-;-;-;-;-;-;-
CCMF27C007975;BRBMEFFM0LX8;AGRIBUSINESS;-;-;-;-;-;-;-;-;-;0,37;-;-;-;-;-;-;-
CCMF27C008000;BRBMEFFM0BY7;AGRIBUSINESS;-;-;-;-;-;-;-;-;-;0,34;-;-;-;-;-;-;-
CCMF27C008025;BRBMEFFM0EF0;AGRIBUSINESS;-;-;-;-;-;-;-;-;-;0,32;-;-;-;-;-;-;-
CCMF27C008050;BRBMEFFM0EU9;AGRIBUSINESS;-;-;-;-;-;-;-;-;-;0,3;-;-;-;-;-;-;-
CCMF27C008075;BRBMEFFM0IN5;AGRIBUSINESS;-;-;-;-;-;-;-;-;-;0,28;-;-;-;-;-;-;-
CCMF27C008100;BRBMEFFM0EV7;AGRIBUSINESS;-;-;-;-;-;-;-;-;-;0,26;-;-;-;-;-;-;-
CCMF27C008125;BRBMEFFM0IQ8;AGRIBUSINESS;-;-;-;-;-;-;-;-;-;0,25;-;-;-;-;-;-;-
CCMF27C008150;BRBMEFFM0KQ4;AGRIBUSINESS;-;-;-;-;-;-;-;-;-;0,23;-;-;-;-;-;-;-
CCMF27C008175;BRBMEFFM0IU0;AGRIBUSINESS;-;-;-;-;-;-;-;-;-;0,21;-;-;-;-;-;-;-
CCMF27C008200;BRBMEFFM0EW5;AGRIBUSINESS;-;-;-;-;-;-;-;-;-;0,2;-;-;-;-;-;-;-
CCMF27C008250;BRBMEFFM0EX3;AGRIBUSINESS;-;-;-;-;-;-;-;-;-;0,18;-;-;-;-;-;-;-
CCMF27C008300;BRBMEFFM0EY1;AGRIBUSINESS;-;-;-;-;-;-;-;-;-;0,15;-;-;-;-;-;-;-
CCMF27C008350;BRBMEFFM0EZ8;AGRIBUSINESS;-;-;-;-;-;-;-;-;-;0,13;-;-;-;-;-;-;-
CCMF27C008400;BRBMEFFM0IR6;AGRIBUSINESS;0,31;0,31;0,31;0,31;0,31;-69,9;-;-;-;0,12;-;-;-;-;1;10;1395
CCMF27C008450;BRBMEFFM0JN3;AGRIBUSINESS;-;-;-;-;-;-;-;-;-;0,1;-;-;-;-;-;-;-
CCMF27C008500;BRBMEFFM0G20;AGRIBUSINESS;-;-;-;-;-;-;-;-;-;0,08;-;-;-;-;-;-;-
CCMF27C008525;BRBMEFFM0JM5;AGRIBUSINESS;-;-;-;-;-;-;-;-;-;0,08;-;-;-;-;-;-;-
CCMF27C008800;BRBMEFFM0JC6;AGRIBUSINESS;-;-;-;-;-;-;-;-;-;0,03;-;-;-;-;-;-;-
CCMF27C008850;BRBMEFFM0KR2;AGRIBUSINESS;-;-;-;-;-;-;-;-;-;0,02;-;-;-;-;-;-;-
CCMF27C008900;BRBMEFFM0L15;AGRIBUSINESS;-;-;-;-;-;-;-;-;-;0,02;-;-;-;-;-;-;-
CCMF27C009000;BRBMEFFM0K99;AGRIBUSINESS;-;-;-;-;-;-;-;-;-;0,01;-;-;-;-;-;-;-
CCMF27C009500;BRBMEFFM0KA8;AGRIBUSINESS;-;-;-;-;-;-;-;-;-;0,01;-;-;-;-;-;-;-
CCMF27P006800;BRBMEFOV0BZ2;AGRIBUSINESS;-;-;-;-;-;-;-;-;-;0,19;-;-;-;-;-;-;-
CCMF27P006850;BRBMEFOV0C01;AGRIBUSINESS;-;-;-;-;-;-;-;-;-;0,24;-;-;-;-;-;-;-
CCMF27P006900;BRBMEFOV0HS4;AGRIBUSINESS;-;-;-;-;-;-;-;-;-;0,3;-;-;-;-;-;-;-
CCMF27P006950;BRBMEFOV0H55;AGRIBUSINESS;-;-;-;-;-;-;-;-;-;0,37;-;-;-;-;-;-;-
CCMF27P007000;BRBMEFOV0E74;AGRIBUSINESS;-;-;-;-;-;-;-;-;-;0,46;-;-;-;-;-;-;-
CCMF27P007050;BRBMEFOV0DL8;AGRIBUSINESS;0,53;0,53;0,53;0,53;0,53;-;-;-;-;0,56;-;-;-;-;1;100;23850
CCMF27P007100;BRBMEFOV0ES1;AGRIBUSINESS;-;-;-;-;-;-;-;-;-;0,67;-;-;-;-;-;-;-
CCMF27P007150;BRBMEFOV0ET9;AGRIBUSINESS;-;-;-;-;-;-;-;-;-;0,81;-;-;-;-;-;-;-
CCMF27P007200;BRBMEFOV0EU7;AGRIBUSINESS;-;-;-;-;-;-;-;-;-;0,98;-;-;-;-;-;-;-
CCMF27P007250;BRBMEFOV0EV5;AGRIBUSINESS;-;-;-;-;-;-;-;-;-;1,16;-;-;-;-;-;-;-
CCMF27P007275;BRBMEFOV0FO7;AGRIBUSINESS;-;-;-;-;-;-;-;-;-;1,26;-;-;-;-;-;-;-
CCMF27P007300;BRBMEFOV0EW3;AGRIBUSINESS;-;-;-;-;-;-;-;-;-;1,37;-;-;-;-;-;-;-
CCMF27P007325;BRBMEFOV0IS2;AGRIBUSINESS;-;-;-;-;-;-;-;-;-;1,48;-;-;-;-;-;-;-
CCMF27P007350;BRBMEFOV0H06;AGRIBUSINESS;1,7;1,7;1,7;1,7;1,7;88,88;-;-;-;1,59;-;-;-;-;1;100;76500
CCMF27P007375;BRBMEFOV0IT0;AGRIBUSINESS;-;-;-;-;-;-;-;-;-;1,71;-;-;-;-;-;-;-
CCMF27P007400;BRBMEFOV0DM6;AGRIBUSINESS;-;-;-;-;-;-;-;-;-;1,84;-;-;-;-;-;-;-
CCMF27P007425;BRBMEFOV0IX2;AGRIBUSINESS;-;-;-;-;-;-;-;-;-;1,98;-;-;-;-;-;-;-
CCMF27P007450;BRBMEFOV0ER3;AGRIBUSINESS;-;-;-;-;-;-;-;-;-;2,12;-;-;-;-;-;-;-
CCMF27P007500;BRBMEFOV0C19;AGRIBUSINESS;2,6;2,6;2,6;2,6;2,6;73,33;-;-;-;2,41;-;-;-;-;1;15;17550
CCMF27P007600;BRBMEFOV0GO5;AGRIBUSINESS;-;-;-;-;-;-;-;-;-;3,06;-;-;-;-;-;-;-
CCMF27P007650;BRBMEFOV0HO3;AGRIBUSINESS;-;-;-;-;-;-;-;-;-;3,42;-;-;-;-;-;-;-
CCMF27P007675;BRBMEFOV0JP6;AGRIBUSINESS;-;-;-;-;-;-;-;-;-;3,6;-;-;-;-;-;-;-
CCMF27P007700;BRBMEFOV0GH9;AGRIBUSINESS;-;-;-;-;-;-;-;-;-;3,79;-;-;-;-;-;-;-
CCMF27P007725;BRBMEFOV0K68;AGRIBUSINESS;-;-;-;-;-;-;-;-;-;3,98;-;-;-;-;-;-;-
CCMF27P007750;BRBMEFOV0JD2;AGRIBUSINESS;-;-;-;-;-;-;-;-;-;4,17;-;-;-;-;-;-;-
CCMF27P007800;BRBMEFOV0GG1;AGRIBUSINESS;-;-;-;-;-;-;-;-;-;4,57;-;-;-;-;-;-;-
CCMF27P007825;BRBMEFOV0H63;AGRIBUSINESS;-;-;-;-;-;-;-;-;-;4,77;-;-;-;-;-;-;-
CCMF27P007850;BRBMEFOV0G98;AGRIBUSINESS;-;-;-;-;-;-;-;-;-;4,98;-;-;-;-;-;-;-
CCMF27P007900;BRBMEFOV0GI7;AGRIBUSINESS;-;-;-;-;-;-;-;-;-;5,4;-;-;-;-;-;-;-
CCMF27P007925;BRBMEFOV0H71;AGRIBUSINESS;-;-;-;-;-;-;-;-;-;5,61;-;-;-;-;-;-;-
CCMF27P007950;BRBMEFOV0EX1;AGRIBUSINESS;-;-;-;-;-;-;-;-;-;5,82;-;-;-;-;-;-;-
CCMF27P007975;BRBMEFOV0M17;AGRIBUSINESS;-;-;-;-;-;-;-;-;-;6,04;-;-;-;-;-;-;-
CCMF27P008000;BRBMEFOV0C27;AGRIBUSINESS;-;-;-;-;-;-;-;-;-;6,26;-;-;-;-;-;-;-
CCMF27P008025;BRBMEFOV0EJ0;AGRIBUSINESS;-;-;-;-;-;-;-;-;-;6,48;-;-;-;-;-;-;-
CCMF27P008050;BRBMEFOV0EY9;AGRIBUSINESS;-;-;-;-;-;-;-;-;-;6,7;-;-;-;-;-;-;-
CCMF27P008075;BRBMEFOV0IR4;AGRIBUSINESS;-;-;-;-;-;-;-;-;-;6,92;-;-;-;-;-;-;-
CCMF27P008100;BRBMEFOV0EZ6;AGRIBUSINESS;-;-;-;-;-;-;-;-;-;7,14;-;-;-;-;-;-;-
CCMF27P008125;BRBMEFOV0IU8;AGRIBUSINESS;-;-;-;-;-;-;-;-;-;7,37;-;-;-;-;-;-;-
CCMF27P008150;BRBMEFOV0KU4;AGRIBUSINESS;-;-;-;-;-;-;-;-;-;7,59;-;-;-;-;-;-;-
CCMF27P008175;BRBMEFOV0IY0;AGRIBUSINESS;-;-;-;-;-;-;-;-;-;7,82;-;-;-;-;-;-;-
CCMF27P008200;BRBMEFOV0F08;AGRIBUSINESS;-;-;-;-;-;-;-;-;-;8,05;-;-;-;-;-;-;-
CCMF27P008250;BRBMEFOV0F16;AGRIBUSINESS;-;-;-;-;-;-;-;-;-;8,51;-;-;-;-;-;-;-
CCMF27P008300;BRBMEFOV0F24;AGRIBUSINESS;-;-;-;-;-;-;-;-;-;8,97;-;-;-;-;-;-;-
CCMF27P008350;BRBMEFOV0F32;AGRIBUSINESS;-;-;-;-;-;-;-;-;-;9,43;-;-;-;-;-;-;-
CCMF27P008400;BRBMEFOV0IV6;AGRIBUSINESS;-;-;-;-;-;-;-;-;-;9,9;-;-;-;-;-;-;-
CCMF27P008450;BRBMEFOV0JR2;AGRIBUSINESS;-;-;-;-;-;-;-;-;-;10,37;-;-;-;-;-;-;-
CCMF27P008500;BRBMEFOV0G64;AGRIBUSINESS;-;-;-;-;-;-;-;-;-;10,83;-;-;-;-;-;-;-
CCMF27P008525;BRBMEFOV0JQ4;AGRIBUSINESS;-;-;-;-;-;-;-;-;-;11,07;-;-;-;-;-;-;-
CCMF27P008800;BRBMEFOV0JG5;AGRIBUSINESS;-;-;-;-;-;-;-;-;-;13,68;-;-;-;-;-;-;-
CCMF27P008850;BRBMEFOV0KV2;AGRIBUSINESS;-;-;-;-;-;-;-;-;-;14,16;-;-;-;-;-;-;-
CCMF27P008900;BRBMEFOV0L59;AGRIBUSINESS;-;-;-;-;-;-;-;-;-;14,64;-;-;-;-;-;-;-
CCMF27P009000;BRBMEFOV0KD0;AGRIBUSINESS;-;-;-;-;-;-;-;-;-;15,6;-;-;-;-;-;-;-
CCMF27P009500;BRBMEFOV0KE8;AGRIBUSINESS;-;-;-;-;-;-;-;-;-;20,43;-;-;-;-;-;-;-
CCMH27C006900;BRBMEFFM0E63;AGRIBUSINESS;-;-;-;-;-;-;-;-;-;8,24;-;-;-;-;-;-;-
CCMH27C007000;BRBMEFFM0CS7;AGRIBUSINESS;-;-;-;-;-;-;-;-;-;7,38;-;-;-;-;-;-;-
CCMH27C007050;BRBMEFFM0CT5;AGRIBUSINESS;-;-;-;-;-;-;-;-;-;6,95;-;-;-;-;-;-;-
CCMH27C007100;BRBMEFFM0CU3;AGRIBUSINESS;-;-;-;-;-;-;-;-;-;6,54;-;-;-;-;-;-;-
CCMH27C007150;BRBMEFFM0CV1;AGRIBUSINESS;-;-;-;-;-;-;-;-;-;6,13;-;-;-;-;-;-;-
CCMH27C007200;BRBMEFFM0CW9;AGRIBUSINESS;-;-;-;-;-;-;-;-;-;5,74;-;-;-;-;-;-;-
CCMH27C007250;BRBMEFFM0CX7;AGRIBUSINESS;-;-;-;-;-;-;-;-;-;5,35;-;-;-;-;-;-;-
CCMH27C007300;BRBMEFFM0CY5;AGRIBUSINESS;-;-;-;-;-;-;-;-;-;4,97;-;-;-;-;-;-;-
CCMH27C007350;BRBMEFFM0CZ2;AGRIBUSINESS;-;-;-;-;-;-;-;-;-;4,6;-;-;-;-;-;-;-
CCMH27C007400;BRBMEFFM0D07;AGRIBUSINESS;-;-;-;-;-;-;-;-;-;4,26;-;-;-;-;-;-;-
CCMH27C007450;BRBMEFFM0CQ1;AGRIBUSINESS;-;-;-;-;-;-;-;-;-;3,93;-;-;-;-;-;-;-
CCMH27C007500;BRBMEFFM0CR9;AGRIBUSINESS;-;-;-;-;-;-;-;-;-;3,62;-;-;-;-;-;-;-
CCMH27C007525;BRBMEFFM0FB6;AGRIBUSINESS;-;-;-;-;-;-;-;-;-;3,47;-;-;-;-;-;-;-
CCMH27C007550;BRBMEFFM0D15;AGRIBUSINESS;-;-;-;-;-;-;-;-;-;3,32;-;-;-;-;-;-;-
CCMH27C007575;BRBMEFFM0GP4;AGRIBUSINESS;-;-;-;-;-;-;-;-;-;3,18;-;-;-;-;-;-;-
CCMH27C007600;BRBMEFFM0D23;AGRIBUSINESS;-;-;-;-;-;-;-;-;-;3,04;-;-;-;-;-;-;-
CCMH27C007650;BRBMEFFM0D31;AGRIBUSINESS;-;-;-;-;-;-;-;-;-;2,78;-;-;-;-;-;-;-
CCMH27C007700;BRBMEFFM0D49;AGRIBUSINESS;-;-;-;-;-;-;-;-;-;2,53;-;-;-;-;-;-;-
CCMH27C007750;BRBMEFFM0FD2;AGRIBUSINESS;-;-;-;-;-;-;-;-;-;2,3;-;-;-;-;-;-;-
CCMH27C007775;BRBMEFFM0JX2;AGRIBUSINESS;-;-;-;-;-;-;-;-;-;2,2;-;-;-;-;-;-;-
CCMH27C007800;BRBMEFFM0EM6;AGRIBUSINESS;-;-;-;-;-;-;-;-;-;2,1;-;-;-;-;-;-;-
CCMH27C007825;BRBMEFFM0JY0;AGRIBUSINESS;-;-;-;-;-;-;-;-;-;2;-;-;-;-;-;-;-
CCMH27C007850;BRBMEFFM0K16;AGRIBUSINESS;-;-;-;-;-;-;-;-;-;1,9;-;-;-;-;-;-;-
CCMH27C007900;BRBMEFFM0GF5;AGRIBUSINESS;-;-;-;-;-;-;-;-;-;1,73;-;-;-;-;-;-;-
CCMH27C007925;BRBMEFFM0M97;AGRIBUSINESS;-;-;-;-;-;-;-;-;-;1,64;-;-;-;-;-;-;-
CCMH27C007950;BRBMEFFM0H60;AGRIBUSINESS;-;-;-;-;-;-;-;-;-;1,56;-;-;-;-;-;-;-
CCMH27C008000;BRBMEFFM0H78;AGRIBUSINESS;1,95;1,95;1,95;1,95;1,95;-17,02;-;-;-;1,41;-;-;-;-;1;11;9652,5
CCMH27C008050;BRBMEFFM0HP2;AGRIBUSINESS;-;-;-;-;-;-;-;-;-;1,29;-;-;-;-;-;-;-
CCMH27C008075;BRBMEFFM0M55;AGRIBUSINESS;-;-;-;-;-;-;-;-;-;1,23;-;-;-;-;-;-;-
CCMH27C008100;BRBMEFFM0KC4;AGRIBUSINESS;-;-;-;-;-;-;-;-;-;1,17;-;-;-;-;-;-;-
CCMH27C008150;BRBMEFFM0KD2;AGRIBUSINESS;-;-;-;-;-;-;-;-;-;1,06;-;-;-;-;-;-;-
CCMH27C008200;BRBMEFFM0E71;AGRIBUSINESS;-;-;-;-;-;-;-;-;-;0,97;-;-;-;-;-;-;-
CCMH27C008225;BRBMEFFM0KI1;AGRIBUSINESS;-;-;-;-;-;-;-;-;-;0,92;-;-;-;-;-;-;-
CCMH27C008250;BRBMEFFM0F05;AGRIBUSINESS;-;-;-;-;-;-;-;-;-;0,88;-;-;-;-;-;-;-
CCMH27C008300;BRBMEFFM0F13;AGRIBUSINESS;-;-;-;-;-;-;-;-;-;0,8;-;-;-;-;-;-;-
CCMH27C008350;BRBMEFFM0F21;AGRIBUSINESS;-;-;-;-;-;-;-;-;-;0,73;-;-;-;-;-;-;-
CCMH27C008400;BRBMEFFM0KV4;AGRIBUSINESS;-;-;-;-;-;-;-;-;-;0,67;-;-;-;-;-;-;-
CCMH27C008450;BRBMEFFM0L31;AGRIBUSINESS;-;-;-;-;-;-;-;-;-;0,61;-;-;-;-;-;-;-
CCMH27C008500;BRBMEFFM0IY2;AGRIBUSINESS;-;-;-;-;-;-;-;-;-;0,56;-;-;-;-;-;-;-
CCMH27C008550;BRBMEFFM0IS4;AGRIBUSINESS;-;-;-;-;-;-;-;-;-;0,51;-;-;-;-;-;-;-
CCMH27C008600;BRBMEFFM0GT6;AGRIBUSINESS;-;-;-;-;-;-;-;-;-;0,47;-;-;-;-;-;-;-
CCMH27C008650;BRBMEFFM0K32;AGRIBUSINESS;-;-;-;-;-;-;-;-;-;0,43;-;-;-;-;-;-;-
CCMH27C008700;BRBMEFFM0J68;AGRIBUSINESS;-;-;-;-;-;-;-;-;-;0,39;-;-;-;-;-;-;-
CCMH27C008800;BRBMEFFM0LM1;AGRIBUSINESS;-;-;-;-;-;-;-;-;-;0,33;-;-;-;-;-;-;-
CCMH27C008825;BRBMEFFM0JZ7;AGRIBUSINESS;-;-;-;-;-;-;-;-;-;0,32;-;-;-;-;-;-;-
CCMH27C008850;BRBMEFFM0L80;AGRIBUSINESS;-;-;-;-;-;-;-;-;-;0,31;-;-;-;-;-;-;-
CCMH27C009000;BRBMEFFM0EG8;AGRIBUSINESS;-;-;-;-;-;-;-;-;-;0,24;-;-;-;-;-;-;-
CCMH27C009200;BRBMEFFM0K65;AGRIBUSINESS;-;-;-;-;-;-;-;-;-;0,18;-;-;-;-;-;-;-
CCMH27C009400;BRBMEFFM0J76;AGRIBUSINESS;-;-;-;-;-;-;-;-;-;0,12;-;-;-;-;-;-;-
CCMH27C009500;BRBMEFFM0IZ9;AGRIBUSINESS;-;-;-;-;-;-;-;-;-;0,09;-;-;-;-;-;-;-
CCMH27C010000;BRBMEFFM0J01;AGRIBUSINESS;-;-;-;-;-;-;-;-;-;0,02;-;-;-;-;-;-;-
CCMH27C010500;BRBMEFFM0J43;AGRIBUSINESS;-;-;-;-;-;-;-;-;-;0,01;-;-;-;-;-;-;-
CCMH27C011000;BRBMEFFM0MB2;AGRIBUSINESS;-;-;-;-;-;-;-;-;-;0,01;-;-;-;-;-;-;-
CCMH27C011500;BRBMEFFM0J19;AGRIBUSINESS;-;-;-;-;-;-;-;-;-;0,01;-;-;-;-;-;-;-
CCMH27C012000;BRBMEFFM0LL3;AGRIBUSINESS;-;-;-;-;-;-;-;-;-;0,01;-;-;-;-;-;-;-
CCMH27P006900;BRBMEFOV0EA9;AGRIBUSINESS;-;-;-;-;-;-;-;-;-;0,25;-;-;-;-;-;-;-
CCMH27P007000;BRBMEFOV0CW7;AGRIBUSINESS;-;-;-;-;-;-;-;-;-;0,33;-;-;-;-;-;-;-
CCMH27P007050;BRBMEFOV0CX5;AGRIBUSINESS;-;-;-;-;-;-;-;-;-;0,38;-;-;-;-;-;-;-
CCMH27P007100;BRBMEFOV0CY3;AGRIBUSINESS;-;-;-;-;-;-;-;-;-;0,45;-;-;-;-;-;-;-
CCMH27P007150;BRBMEFOV0CZ0;AGRIBUSINESS;-;-;-;-;-;-;-;-;-;0,51;-;-;-;-;-;-;-
CCMH27P007200;BRBMEFOV0D00;AGRIBUSINESS;-;-;-;-;-;-;-;-;-;0,59;-;-;-;-;-;-;-
CCMH27P007250;BRBMEFOV0D18;AGRIBUSINESS;-;-;-;-;-;-;-;-;-;0,68;-;-;-;-;-;-;-
CCMH27P007300;BRBMEFOV0D26;AGRIBUSINESS;-;-;-;-;-;-;-;-;-;0,77;-;-;-;-;-;-;-
CCMH27P007350;BRBMEFOV0D34;AGRIBUSINESS;-;-;-;-;-;-;-;-;-;0,88;-;-;-;-;-;-;-
CCMH27P007400;BRBMEFOV0D42;AGRIBUSINESS;-;-;-;-;-;-;-;-;-;1,01;-;-;0,3;-;-;-;-
CCMH27P007450;BRBMEFOV0CU1;AGRIBUSINESS;-;-;-;-;-;-;-;-;-;1,16;-;-;-;-;-;-;-
CCMH27P007500;BRBMEFOV0CV9;AGRIBUSINESS;-;-;-;-;-;-;-;-;-;1,32;-;-;-;-;-;-;-
CCMH27P007525;BRBMEFOV0FF5;AGRIBUSINESS;-;-;-;-;-;-;-;-;-;1,41;-;-;-;-;-;-;-
CCMH27P007550;BRBMEFOV0D59;AGRIBUSINESS;-;-;-;-;-;-;-;-;-;1,49;-;-;-;-;-;-;-
CCMH27P007575;BRBMEFOV0GT4;AGRIBUSINESS;-;-;-;-;-;-;-;-;-;1,59;-;-;-;-;-;-;-
CCMH27P007600;BRBMEFOV0D67;AGRIBUSINESS;-;-;-;-;-;-;-;-;-;1,69;-;-;-;-;-;-;-
CCMH27P007650;BRBMEFOV0D75;AGRIBUSINESS;-;-;-;-;-;-;-;-;-;1,91;-;-;-;-;-;-;-
CCMH27P007700;BRBMEFOV0D83;AGRIBUSINESS;-;-;-;-;-;-;-;-;-;2,13;-;-;-;-;-;-;-
CCMH27P007750;BRBMEFOV0FH1;AGRIBUSINESS;-;-;-;-;-;-;-;-;-;2,38;-;-;-;-;-;-;-
CCMH27P007775;BRBMEFOV0K19;AGRIBUSINESS;-;-;-;-;-;-;-;-;-;2,51;-;-;-;-;-;-;-
CCMH27P007800;BRBMEFOV0EQ5;AGRIBUSINESS;-;-;-;-;-;-;-;-;-;2,65;-;-;-;-;-;-;-
CCMH27P007825;BRBMEFOV0K27;AGRIBUSINESS;-;-;-;-;-;-;-;-;-;2,79;-;-;-;-;-;-;-
CCMH27P007850;BRBMEFOV0K50;AGRIBUSINESS;-;-;-;-;-;-;-;-;-;2,93;-;-;-;-;-;-;-
CCMH27P007900;BRBMEFOV0GJ5;AGRIBUSINESS;-;-;-;-;-;-;-;-;-;3,23;-;-;-;-;-;-;-
CCMH27P007925;BRBMEFOV0MD6;AGRIBUSINESS;-;-;-;-;-;-;-;-;-;3,38;-;-;-;-;-;-;-
CCMH27P007950;BRBMEFOV0HA2;AGRIBUSINESS;-;-;-;-;-;-;-;-;-;3,54;-;-;-;-;-;-;-
CCMH27P008000;BRBMEFOV0HB0;AGRIBUSINESS;-;-;-;-;-;-;-;-;-;3,86;-;-;-;-;-;-;-
CCMH27P008050;BRBMEFOV0HT2;AGRIBUSINESS;-;-;-;-;-;-;-;-;-;4,21;-;-;-;-;-;-;-
CCMH27P008075;BRBMEFOV0M90;AGRIBUSINESS;-;-;-;-;-;-;-;-;-;4,39;-;-;-;-;-;-;-
CCMH27P008100;BRBMEFOV0KG3;AGRIBUSINESS;-;-;-;-;-;-;-;-;-;4,57;-;-;-;-;-;-;-
CCMH27P008150;BRBMEFOV0KH1;AGRIBUSINESS;-;-;-;-;-;-;-;-;-;4,94;-;-;-;-;-;-;-
CCMH27P008200;BRBMEFOV0EB7;AGRIBUSINESS;-;-;-;-;-;-;-;-;-;5,31;-;-;-;-;-;-;-
CCMH27P008225;BRBMEFOV0KM1;AGRIBUSINESS;-;-;-;-;-;-;-;-;-;5,51;-;-;-;-;-;-;-
CCMH27P008250;BRBMEFOV0F40;AGRIBUSINESS;-;-;-;-;-;-;-;-;-;5,7;-;-;-;-;-;-;-
CCMH27P008300;BRBMEFOV0F57;AGRIBUSINESS;-;-;-;-;-;-;-;-;-;6,1;-;-;-;-;-;-;-
CCMH27P008350;BRBMEFOV0F65;AGRIBUSINESS;-;-;-;-;-;-;-;-;-;6,5;-;-;-;-;-;-;-
CCMH27P008400;BRBMEFOV0KZ3;AGRIBUSINESS;-;-;-;-;-;-;-;-;-;6,91;-;-;-;-;-;-;-
CCMH27P008450;BRBMEFOV0L75;AGRIBUSINESS;-;-;-;-;-;-;-;-;-;7,33;-;-;-;-;-;-;-
CCMH27P008500;BRBMEFOV0J20;AGRIBUSINESS;-;-;-;-;-;-;-;-;-;7,75;-;-;-;-;-;-;-
CCMH27P008550;BRBMEFOV0IW4;AGRIBUSINESS;-;-;-;-;-;-;-;-;-;8,18;-;-;-;-;-;-;-
CCMH27P008600;BRBMEFOV0GX6;AGRIBUSINESS;-;-;-;-;-;-;-;-;-;8,61;-;-;-;-;-;-;-
CCMH27P008650;BRBMEFOV0K76;AGRIBUSINESS;-;-;-;-;-;-;-;-;-;9,05;-;-;-;-;-;-;-
CCMH27P008700;BRBMEFOV0JA8;AGRIBUSINESS;-;-;-;-;-;-;-;-;-;9,49;-;-;-;-;-;-;-
CCMH27P008800;BRBMEFOV0LQ0;AGRIBUSINESS;-;-;-;-;-;-;-;-;-;10,38;-;-;-;-;-;-;-
CCMH27P008825;BRBMEFOV0K35;AGRIBUSINESS;-;-;-;-;-;-;-;-;-;10,6;-;-;-;-;-;-;-
CCMH27P008850;BRBMEFOV0LC0;AGRIBUSINESS;-;-;-;-;-;-;-;-;-;10,83;-;-;-;-;-;-;-
CCMH27P009000;BRBMEFOV0EK8;AGRIBUSINESS;-;-;-;-;-;-;-;-;-;12,18;-;-;-;-;-;-;-
CCMH27P009200;BRBMEFOV0KA6;AGRIBUSINESS;-;-;-;-;-;-;-;-;-;14,02;-;-;-;-;-;-;-
CCMH27P009400;BRBMEFOV0JB6;AGRIBUSINESS;-;-;-;-;-;-;-;-;-;15,86;-;-;-;-;-;-;-
CCMH27P009500;BRBMEFOV0J38;AGRIBUSINESS;-;-;-;-;-;-;-;-;-;16,78;-;-;-;-;-;-;-
CCMH27P010000;BRBMEFOV0J46;AGRIBUSINESS;-;-;-;-;-;-;-;-;-;21,46;-;-;-;-;-;-;-
CCMH27P010500;BRBMEFOV0J87;AGRIBUSINESS;-;-;-;-;-;-;-;-;-;26,19;-;-;-;-;-;-;-
CCMH27P011000;BRBMEFOV0MF1;AGRIBUSINESS;-;-;-;-;-;-;-;-;-;30,93;-;-;-;-;-;-;-
CCMH27P011500;BRBMEFOV0J53;AGRIBUSINESS;-;-;-;-;-;-;-;-;-;35,68;-;-;-;-;-;-;-
CCMH27P012000;BRBMEFOV0LP2;AGRIBUSINESS;-;-;-;-;-;-;-;-;-;40,43;-;-;-;-;-;-;-
CCMK27C006500;BRBMEFFM0HI7;AGRIBUSINESS;-;-;-;-;-;-;-;-;-;10,65;-;-;-;-;-;-;-
CCMK27C006550;BRBMEFFM0GZ3;AGRIBUSINESS;-;-;-;-;-;-;-;-;-;10,21;-;-;-;-;-;-;-
CCMK27C006600;BRBMEFFM0J84;AGRIBUSINESS;-;-;-;-;-;-;-;-;-;9,77;-;-;-;-;-;-;-
CCMK27C006700;BRBMEFFM0JO1;AGRIBUSINESS;-;-;-;-;-;-;-;-;-;8,9;-;-;-;-;-;-;-
CCMK27C006750;BRBMEFFM0JP8;AGRIBUSINESS;-;-;-;-;-;-;-;-;-;8,48;-;-;-;-;-;-;-
CCMK27C006800;BRBMEFFM0HC0;AGRIBUSINESS;-;-;-;-;-;-;-;-;-;8,06;-;-;-;-;-;-;-
CCMK27C006850;BRBMEFFM0H86;AGRIBUSINESS;-;-;-;-;-;-;-;-;-;7,65;-;-;-;-;-;-;-
CCMK27C006900;BRBMEFFM0JQ6;AGRIBUSINESS;-;-;-;-;-;-;-;-;-;7,25;-;-;-;-;-;-;-
CCMK27C006950;BRBMEFFM0JR4;AGRIBUSINESS;-;-;-;-;-;-;-;-;-;6,85;-;-;-;-;-;-;-
CCMK27C007000;BRBMEFFM0FL5;AGRIBUSINESS;-;-;-;-;-;-;-;-;-;6,47;-;-;-;-;-;-;-
CCMK27C007050;BRBMEFFM0G04;AGRIBUSINESS;-;-;-;-;-;-;-;-;-;6,09;-;-;-;-;-;-;-
CCMK27C007100;BRBMEFFM0HD8;AGRIBUSINESS;-;-;-;-;-;-;-;-;-;5,72;-;-;-;-;-;-;-
CCMK27C007200;BRBMEFFM0M48;AGRIBUSINESS;-;-;-;-;-;-;-;-;-;5,01;-;-;-;-;-;-;-
CCMK27C007250;BRBMEFFM0G12;AGRIBUSINESS;-;-;-;-;-;-;-;-;-;4,68;-;-;-;-;-;-;-
CCMK27C007300;BRBMEFFM0EK0;AGRIBUSINESS;-;-;-;-;-;-;-;-;-;4,36;-;-;-;-;-;-;-
CCMK27C007350;BRBMEFFM0H03;AGRIBUSINESS;-;-;-;-;-;-;-;-;-;4,06;-;-;-;-;-;-;-
CCMK27C007400;BRBMEFFM0GM1;AGRIBUSINESS;-;-;-;-;-;-;-;-;-;3,77;-;-;-;-;-;-;-
CCMK27C007450;BRBMEFFM0JS2;AGRIBUSINESS;-;-;-;-;-;-;-;-;-;3,49;-;-;-;-;-;-;-
CCMK27C007500;BRBMEFFM0FF7;AGRIBUSINESS;-;-;-;-;-;-;-;-;-;3,23;-;-;-;-;-;-;-
CCMK27C007525;BRBMEFFM0HJ5;AGRIBUSINESS;-;-;-;-;-;-;-;-;-;3,11;-;-;-;-;-;-;-
CCMK27C007550;BRBMEFFM0IW6;AGRIBUSINESS;-;-;-;-;-;-;-;-;-;2,99;-;-;-;-;-;-;-
CCMK27C007600;BRBMEFFM0JT0;AGRIBUSINESS;-;-;-;-;-;-;-;-;-;2,76;-;-;-;-;-;-;-
CCMK27C007650;BRBMEFFM0JU8;AGRIBUSINESS;-;-;-;-;-;-;-;-;-;2,54;-;-;-;-;-;-;-
CCMK27C007700;BRBMEFFM0JV6;AGRIBUSINESS;-;-;-;-;-;-;-;-;-;2,35;-;-;-;-;-;-;-
CCMK27C007750;BRBMEFFM0JW4;AGRIBUSINESS;-;-;-;-;-;-;-;-;-;2,16;-;-;-;-;-;-;-
CCMK27C007800;BRBMEFFM0JJ1;AGRIBUSINESS;-;-;-;-;-;-;-;-;-;1,99;-;-;-;-;-;-;-
CCMK27C007850;BRBMEFFM0KB6;AGRIBUSINESS;-;-;-;-;-;-;-;-;-;1,83;-;-;-;-;-;-;-
CCMK27C007900;BRBMEFFM0LT6;AGRIBUSINESS;-;-;-;-;-;-;-;-;-;1,68;-;-;-;-;-;-;-
CCMK27C008000;BRBMEFFM0H94;AGRIBUSINESS;-;-;-;-;-;-;-;-;-;1,43;-;-;-;-;-;-;-
CCMK27C008025;BRBMEFFM0HA4;AGRIBUSINESS;-;-;-;-;-;-;-;-;-;1,37;-;-;-;-;-;-;-
CCMK27C008050;BRBMEFFM0HB2;AGRIBUSINESS;-;-;-;-;-;-;-;-;-;1,32;-;-;-;-;-;-;-
CCMK27C008100;BRBMEFFM0HE6;AGRIBUSINESS;-;-;-;-;-;-;-;-;-;1,21;-;-;-;-;-;-;-
CCMK27C008150;BRBMEFFM0M63;AGRIBUSINESS;-;-;-;-;-;-;-;-;-;1,12;-;-;-;-;-;-;-
CCMK27C008200;BRBMEFFM0KT8;AGRIBUSINESS;-;-;-;-;-;-;-;-;-;1,03;-;-;-;-;-;-;-
CCMK27C008450;BRBMEFFM0K40;AGRIBUSINESS;-;-;-;-;-;-;-;-;-;0,7;-;-;-;-;-;-;-
CCMK27C008500;BRBMEFFM0JK9;AGRIBUSINESS;-;-;-;-;-;-;-;-;-;0,65;-;-;-;-;-;-;-
CCMK27C008700;BRBMEFFM0LS8;AGRIBUSINESS;-;-;-;-;-;-;-;-;-;0,49;-;-;-;-;-;-;-
CCMK27C008850;BRBMEFFM0LU4;AGRIBUSINESS;-;-;-;-;-;-;-;-;-;0,4;-;-;-;-;-;-;-
CCMK27C009500;BRBMEFFM0KJ9;AGRIBUSINESS;-;-;-;-;-;-;-;-;-;0,17;-;-;-;-;-;-;-
CCMK27P006500;BRBMEFOV0HM7;AGRIBUSINESS;-;-;-;-;-;-;-;-;-;0,18;-;-;-;-;-;-;-
CCMK27P006550;BRBMEFOV0H30;AGRIBUSINESS;-;-;-;-;-;-;-;-;-;0,21;-;-;-;-;-;-;-
CCMK27P006600;BRBMEFOV0JC4;AGRIBUSINESS;-;-;-;-;-;-;-;-;-;0,23;-;-;-;-;-;-;-
CCMK27P006700;BRBMEFOV0JS0;AGRIBUSINESS;-;-;-;-;-;-;-;-;-;0,3;-;-;-;-;-;-;-
CCMK27P006750;BRBMEFOV0JT8;AGRIBUSINESS;-;-;-;-;-;-;-;-;-;0,34;-;-;-;-;-;-;-
CCMK27P006800;BRBMEFOV0HG9;AGRIBUSINESS;-;-;-;-;-;-;-;-;-;0,39;-;-;-;-;-;-;-
CCMK27P006850;BRBMEFOV0HC8;AGRIBUSINESS;-;-;-;-;-;-;-;-;-;0,44;-;-;-;-;-;-;-
CCMK27P006900;BRBMEFOV0JU6;AGRIBUSINESS;-;-;-;-;-;-;-;-;-;0,51;-;-;-;-;-;-;-
CCMK27P006950;BRBMEFOV0JV4;AGRIBUSINESS;-;-;-;-;-;-;-;-;-;0,58;-;-;-;-;-;-;-
CCMK27P007000;BRBMEFOV0FP4;AGRIBUSINESS;-;-;-;-;-;-;-;-;-;0,65;-;-;-;-;-;-;-
CCMK27P007050;BRBMEFOV0G49;AGRIBUSINESS;-;-;-;-;-;-;-;-;-;0,74;-;-;-;-;-;-;-
CCMK27P007100;BRBMEFOV0HH7;AGRIBUSINESS;-;-;-;-;-;-;-;-;-;0,83;-;-;-;-;-;-;-
CCMK27P007200;BRBMEFOV0M82;AGRIBUSINESS;-;-;-;-;-;-;-;-;-;1,05;-;-;-;-;-;-;-
CCMK27P007250;BRBMEFOV0G56;AGRIBUSINESS;-;-;-;-;-;-;-;-;-;1,19;-;-;-;-;-;-;-
CCMK27P007300;BRBMEFOV0EO0;AGRIBUSINESS;-;-;-;-;-;-;-;-;-;1,34;-;-;-;-;-;-;-
CCMK27P007350;BRBMEFOV0H48;AGRIBUSINESS;-;-;-;-;-;-;-;-;-;1,5;-;-;-;-;-;-;-
CCMK27P007400;BRBMEFOV0GQ0;AGRIBUSINESS;-;-;-;-;-;-;-;-;-;1,67;-;-;-;-;-;-;-
CCMK27P007450;BRBMEFOV0JW2;AGRIBUSINESS;-;-;-;-;-;-;-;-;-;1,86;-;-;-;-;-;-;-
CCMK27P007500;BRBMEFOV0FJ7;AGRIBUSINESS;-;-;-;-;-;-;-;-;-;2,07;-;-;-;-;-;-;-
CCMK27P007525;BRBMEFOV0HN5;AGRIBUSINESS;-;-;-;-;-;-;-;-;-;2,18;-;-;-;-;-;-;-
CCMK27P007550;BRBMEFOV0J04;AGRIBUSINESS;-;-;-;-;-;-;-;-;-;2,29;-;-;-;-;-;-;-
CCMK27P007600;BRBMEFOV0JX0;AGRIBUSINESS;-;-;-;-;-;-;-;-;-;2,53;-;-;-;-;-;-;-
CCMK27P007650;BRBMEFOV0JY8;AGRIBUSINESS;-;-;-;-;-;-;-;-;-;2,78;-;-;-;-;-;-;-
CCMK27P007700;BRBMEFOV0JZ5;AGRIBUSINESS;-;-;-;-;-;-;-;-;-;3,04;-;-;-;-;-;-;-
CCMK27P007750;BRBMEFOV0K01;AGRIBUSINESS;-;-;-;-;-;-;-;-;-;3,32;-;-;-;-;-;-;-
CCMK27P007800;BRBMEFOV0JN1;AGRIBUSINESS;-;-;-;-;-;-;-;-;-;3,62;-;-;-;-;-;-;-
CCMK27P007850;BRBMEFOV0KF5;AGRIBUSINESS;-;-;-;-;-;-;-;-;-;3,92;-;-;-;-;-;-;-
CCMK27P007900;BRBMEFOV0LX6;AGRIBUSINESS;-;-;-;-;-;-;-;-;-;4,24;-;-;-;-;-;-;-
CCMK27P008000;BRBMEFOV0HD6;AGRIBUSINESS;-;-;-;-;-;-;-;-;-;4,92;-;-;-;-;-;-;-
CCMK27P008025;BRBMEFOV0HE4;AGRIBUSINESS;-;-;-;-;-;-;-;-;-;5,09;-;-;-;-;-;-;-
CCMK27P008050;BRBMEFOV0HF1;AGRIBUSINESS;-;-;-;-;-;-;-;-;-;5,27;-;-;-;-;-;-;-
CCMK27P008100;BRBMEFOV0HI5;AGRIBUSINESS;-;-;-;-;-;-;-;-;-;5,63;-;-;-;-;-;-;-
CCMK27P008150;BRBMEFOV0MA2;AGRIBUSINESS;-;-;-;-;-;-;-;-;-;6,01;-;-;-;-;-;-;-
CCMK27P008200;BRBMEFOV0KX8;AGRIBUSINESS;-;-;-;-;-;-;-;-;-;6,38;-;-;-;-;-;-;-
CCMK27P008450;BRBMEFOV0K84;AGRIBUSINESS;-;-;-;-;-;-;-;-;-;8,38;-;-;-;-;-;-;-
CCMK27P008500;BRBMEFOV0JO9;AGRIBUSINESS;-;-;-;-;-;-;-;-;-;8,79;-;-;-;-;-;-;-
CCMK27P008700;BRBMEFOV0LW8;AGRIBUSINESS;-;-;-;-;-;-;-;-;-;10,49;-;-;-;-;-;-;-
CCMK27P008850;BRBMEFOV0LY4;AGRIBUSINESS;-;-;-;-;-;-;-;-;-;11,8;-;-;-;-;-;-;-
CCMK27P009500;BRBMEFOV0KN9;AGRIBUSINESS;-;-;-;-;-;-;-;-;-;17,61;-;-;-;-;-;-;-
CCMN27C006000;BRBMEFFM0KS0;AGRIBUSINESS;-;-;-;-;-;-;-;-;-;14,56;-;-;-;-;-;-;-
CCMN27C006450;BRBMEFFM0HL1;AGRIBUSINESS;-;-;-;-;-;-;-;-;-;10,6;-;-;-;-;-;-;-
CCMN27C006500;BRBMEFFM0HF3;AGRIBUSINESS;-;-;-;-;-;-;-;-;-;10,17;-;-;-;-;-;-;-
CCMN27C007000;BRBMEFFM0J50;AGRIBUSINESS;-;-;-;-;-;-;-;-;-;6,21;-;-;-;-;-;-;-
CCMN27C007100;BRBMEFFM0HM9;AGRIBUSINESS;-;-;-;-;-;-;-;-;-;5,52;-;-;-;-;-;-;-
CCMN27C007150;BRBMEFFM0HG1;AGRIBUSINESS;-;-;-;-;-;-;-;-;-;5,19;-;-;-;-;-;-;-
CCMN27C007250;BRBMEFFM0LP4;AGRIBUSINESS;-;-;-;-;-;-;-;-;-;4,58;-;-;-;-;-;-;-
CCMN27C007275;BRBMEFFM0LR0;AGRIBUSINESS;-;-;-;-;-;-;-;-;-;4,44;-;-;-;-;-;-;-
CCMN27C007350;BRBMEFFM0M14;AGRIBUSINESS;-;-;-;-;-;-;-;-;-;4,02;-;-;-;-;-;-;-
CCMN27C007400;BRBMEFFM0LY6;AGRIBUSINESS;-;-;-;-;-;-;-;-;-;3,76;-;-;-;-;-;-;-
CCMN27C007450;BRBMEFFM0JA0;AGRIBUSINESS;-;-;-;-;-;-;-;-;-;3,51;-;-;-;-;-;-;-
CCMN27C007500;BRBMEFFM0HN7;AGRIBUSINESS;-;-;-;-;-;-;-;-;-;3,27;-;-;-;-;-;-;-
CCMN27C007600;BRBMEFFM0HH9;AGRIBUSINESS;-;-;-;-;-;-;-;-;-;2,84;-;-;-;-;-;-;-
CCMN27C007700;BRBMEFFM0KW2;AGRIBUSINESS;-;-;-;-;-;-;-;-;-;2,46;-;-;-;-;-;-;-
CCMN27C007800;BRBMEFFM0KX0;AGRIBUSINESS;-;-;-;-;-;-;-;-;-;2,12;-;-;-;-;-;-;-
CCMN27C007900;BRBMEFFM0KY8;AGRIBUSINESS;-;-;-;-;-;-;-;-;-;1,83;-;-;-;-;-;-;-
CCMN27C007950;BRBMEFFM0M22;AGRIBUSINESS;-;-;-;-;-;-;-;-;-;1,7;-;-;-;-;-;-;-
CCMN27C008000;BRBMEFFM0L23;AGRIBUSINESS;-;-;-;-;-;-;-;-;-;1,59;-;-;-;-;-;-;-
CCMN27C008100;BRBMEFFM0M71;AGRIBUSINESS;-;-;-;-;-;-;-;-;-;1,38;-;-;-;-;-;-;-
CCMN27C008400;BRBMEFFM0LV2;AGRIBUSINESS;-;-;-;-;-;-;-;-;-;0,9;-;-;-;-;-;-;-
CCMN27C008500;BRBMEFFM0LQ2;AGRIBUSINESS;-;-;-;-;-;-;-;-;-;0,79;-;-;-;-;-;-;-
CCMN27C008550;BRBMEFFM0M30;AGRIBUSINESS;-;-;-;-;-;-;-;-;-;0,74;-;-;-;-;-;-;-
CCMN27C008600;BRBMEFFM0LZ3;AGRIBUSINESS;-;-;-;-;-;-;-;-;-;0,69;-;-;-;-;-;-;-
CCMN27C009100;BRBMEFFM0M06;AGRIBUSINESS;-;-;-;-;-;-;-;-;-;0,36;-;-;-;-;-;-;-
CCMN27P006000;BRBMEFOV0KW0;AGRIBUSINESS;-;-;-;-;-;-;-;-;-;0,03;-;-;-;-;-;-;-
CCMN27P006450;BRBMEFOV0HP0;AGRIBUSINESS;-;-;-;-;-;-;-;-;-;0,17;-;-;-;-;-;-;-
CCMN27P006500;BRBMEFOV0HJ3;AGRIBUSINESS;-;-;-;-;-;-;-;-;-;0,2;-;-;-;-;-;-;-
CCMN27P007000;BRBMEFOV0J95;AGRIBUSINESS;-;-;-;-;-;-;-;-;-;0,8;-;-;-;-;-;-;-
CCMN27P007100;BRBMEFOV0HQ8;AGRIBUSINESS;-;-;-;-;-;-;-;-;-;1,02;-;-;-;-;-;-;-
CCMN27P007150;BRBMEFOV0HK1;AGRIBUSINESS;-;-;-;-;-;-;-;-;-;1,15;-;-;-;-;-;-;-
CCMN27P007250;BRBMEFOV0LT4;AGRIBUSINESS;-;-;-;-;-;-;-;-;-;1,45;-;-;-;-;-;-;-
CCMN27P007275;BRBMEFOV0LV0;AGRIBUSINESS;-;-;-;-;-;-;-;-;-;1,53;-;-;-;-;-;-;-
CCMN27P007350;BRBMEFOV0M58;AGRIBUSINESS;2,04;2,04;2,04;2,04;2,04;94,28;-;-;-;1,8;-;-;-;-;1;22;20196
CCMN27P007400;BRBMEFOV0M25;AGRIBUSINESS;-;-;-;-;-;-;-;-;-;2;-;-;-;-;-;-;-
CCMN27P007450;BRBMEFOV0JE0;AGRIBUSINESS;-;-;-;-;-;-;-;-;-;2,21;-;-;-;-;-;-;-
CCMN27P007500;BRBMEFOV0HR6;AGRIBUSINESS;-;-;-;-;-;-;-;-;-;2,43;-;-;-;-;-;-;-
CCMN27P007600;BRBMEFOV0HL9;AGRIBUSINESS;-;-;-;-;-;-;-;-;-;2,9;-;-;-;-;-;-;-
CCMN27P007700;BRBMEFOV0L00;AGRIBUSINESS;-;-;-;-;-;-;-;-;-;3,43;-;-;-;-;-;-;-
CCMN27P007800;BRBMEFOV0L18;AGRIBUSINESS;-;-;-;-;-;-;-;-;-;4,01;-;-;-;-;-;-;-
CCMN27P007900;BRBMEFOV0L26;AGRIBUSINESS;-;-;-;-;-;-;-;-;-;4,63;-;-;-;-;-;-;-
CCMN27P007950;BRBMEFOV0M66;AGRIBUSINESS;-;-;-;-;-;-;-;-;-;4,96;-;-;-;-;-;-;-
CCMN27P008000;BRBMEFOV0L67;AGRIBUSINESS;-;-;-;-;-;-;-;-;-;5,3;-;-;-;-;-;-;-
CCMN27P008100;BRBMEFOV0MB0;AGRIBUSINESS;-;-;-;-;-;-;-;-;-;6;-;-;-;-;-;-;-
CCMN27P008400;BRBMEFOV0LZ1;AGRIBUSINESS;-;-;-;-;-;-;-;-;-;8,27;-;-;-;-;-;-;-
CCMN27P008500;BRBMEFOV0LU2;AGRIBUSINESS;-;-;-;-;-;-;-;-;-;9,06;-;-;-;-;-;-;-
CCMN27P008550;BRBMEFOV0M74;AGRIBUSINESS;-;-;-;-;-;-;-;-;-;9,47;-;-;-;-;-;-;-
CCMN27P008600;BRBMEFOV0M33;AGRIBUSINESS;-;-;-;-;-;-;-;-;-;9,87;-;-;-;-;-;-;-
CCMN27P009100;BRBMEFOV0M41;AGRIBUSINESS;-;-;-;-;-;-;-;-;-;14,11;-;-;-;-;-;-;-
CCMU27C006200;BRBMEFFM0LW0;AGRIBUSINESS;-;-;-;-;-;-;-;-;-;12,82;-;-;-;-;-;-;-
CCMU27C006500;BRBMEFFM0H45;AGRIBUSINESS;-;-;-;-;-;-;-;-;-;10,3;-;-;-;-;-;-;-
CCMU27C006600;BRBMEFFM0FY8;AGRIBUSINESS;-;-;-;-;-;-;-;-;-;9,48;-;-;-;-;-;-;-
CCMU27C006650;BRBMEFFM0FZ5;AGRIBUSINESS;-;-;-;-;-;-;-;-;-;9,09;-;-;-;-;-;-;-
CCMU27C006700;BRBMEFFM0DR7;AGRIBUSINESS;-;-;-;-;-;-;-;-;-;8,7;-;-;-;-;-;-;-
CCMU27C006750;BRBMEFFM0FM3;AGRIBUSINESS;-;-;-;-;-;-;-;-;-;8,31;-;-;-;-;-;-;-
CCMU27C006800;BRBMEFFM0FC4;AGRIBUSINESS;-;-;-;-;-;-;-;-;-;7,93;-;-;-;-;-;-;-
CCMU27C006850;BRBMEFFM0KE0;AGRIBUSINESS;-;-;-;-;-;-;-;-;-;7,56;-;-;-;-;-;-;-
CCMU27C006900;BRBMEFFM0JE2;AGRIBUSINESS;-;-;-;-;-;-;-;-;-;7,19;-;-;-;-;-;-;-
CCMU27C006950;BRBMEFFM0JF9;AGRIBUSINESS;-;-;-;-;-;-;-;-;-;6,83;-;-;-;-;-;-;-
CCMU27C007000;BRBMEFFM0GA6;AGRIBUSINESS;-;-;-;-;-;-;-;-;-;6,48;-;-;-;-;-;-;-
CCMU27C007075;BRBMEFFM0J27;AGRIBUSINESS;-;-;-;-;-;-;-;-;-;5,97;-;-;-;-;-;-;-
CCMU27C007100;BRBMEFFM0DS5;AGRIBUSINESS;-;-;-;-;-;-;-;-;-;5,8;-;-;-;-;-;-;-
CCMU27C007125;BRBMEFFM0LO7;AGRIBUSINESS;-;-;-;-;-;-;-;-;-;5,64;-;-;-;-;-;-;-
CCMU27C007150;BRBMEFFM0H52;AGRIBUSINESS;-;-;-;-;-;-;-;-;-;5,49;-;-;-;-;-;-;-
CCMU27C007200;BRBMEFFM0EB9;AGRIBUSINESS;-;-;-;-;-;-;-;-;-;5,19;-;-;-;-;-;-;-
CCMU27C007225;BRBMEFFM0L49;AGRIBUSINESS;-;-;-;-;-;-;-;-;-;5,04;-;-;-;-;-;-;-
CCMU27C007250;BRBMEFFM0EE3;AGRIBUSINESS;-;-;-;-;-;-;-;-;-;4,89;-;-;-;-;-;-;-
CCMU27C007300;BRBMEFFM0GI9;AGRIBUSINESS;-;-;-;-;-;-;-;-;-;4,61;-;-;-;-;-;-;-
CCMU27C007350;BRBMEFFM0JG7;AGRIBUSINESS;-;-;-;-;-;-;-;-;-;4,34;-;-;-;-;-;-;-
CCMU27C007400;BRBMEFFM0GX8;AGRIBUSINESS;-;-;-;-;-;-;-;-;-;4,08;-;-;-;-;-;-;-
CCMU27C007450;BRBMEFFM0K08;AGRIBUSINESS;-;-;-;-;-;-;-;-;-;3,84;-;-;-;-;-;-;-
CCMU27C007500;BRBMEFFM0DT3;AGRIBUSINESS;-;-;-;-;-;-;-;-;-;3,6;-;-;-;-;-;-;-
CCMU27C007525;BRBMEFFM0LN9;AGRIBUSINESS;-;-;-;-;-;-;-;-;-;3,49;-;-;-;-;-;-;-
CCMU27C007550;BRBMEFFM0JH5;AGRIBUSINESS;-;-;-;-;-;-;-;-;-;3,38;-;-;-;-;-;-;-
CCMU27C007600;BRBMEFFM0J35;AGRIBUSINESS;-;-;-;-;-;-;-;-;-;3,17;-;-;-;-;-;-;-
CCMU27C007650;BRBMEFFM0KF7;AGRIBUSINESS;-;-;-;-;-;-;-;-;-;2,97;-;-;-;-;-;-;-
CCMU27C007700;BRBMEFFM0IM7;AGRIBUSINESS;-;-;-;-;-;-;-;-;-;2,78;-;-;-;-;-;-;-
CCMU27C007750;BRBMEFFM0KU6;AGRIBUSINESS;-;-;-;-;-;-;-;-;-;2,61;-;-;-;-;-;-;-
CCMU27C007775;BRBMEFFM0KM3;AGRIBUSINESS;-;-;-;-;-;-;-;-;-;2,53;-;-;-;-;-;-;-
CCMU27C007800;BRBMEFFM0GB4;AGRIBUSINESS;-;-;-;-;-;-;-;-;-;2,45;-;-;-;-;-;-;-
CCMU27C007850;BRBMEFFM0L64;AGRIBUSINESS;-;-;-;-;-;-;-;-;-;2,29;-;-;-;-;-;-;-
CCMU27C007900;BRBMEFFM0KZ5;AGRIBUSINESS;-;-;-;-;-;-;-;-;-;2,15;-;-;-;-;-;-;-
CCMU27C007950;BRBMEFFM0L98;AGRIBUSINESS;-;-;-;-;-;-;-;-;-;2,01;-;-;-;-;-;-;-
CCMU27C008000;BRBMEFFM0EC7;AGRIBUSINESS;-;-;-;-;-;-;-;-;-;1,89;-;-;-;-;-;-;-
CCMU27C008050;BRBMEFFM0JD4;AGRIBUSINESS;-;-;-;-;-;-;-;-;-;1,78;-;-;-;-;-;-;-
CCMU27C008100;BRBMEFFM0GG3;AGRIBUSINESS;-;-;-;-;-;-;-;-;-;1,67;-;-;-;-;-;-;-
CCMU27C008150;BRBMEFFM0GJ7;AGRIBUSINESS;-;-;-;-;-;-;-;-;-;1,58;-;-;-;-;-;-;-
CCMU27C008200;BRBMEFFM0L56;AGRIBUSINESS;-;-;-;-;-;-;-;-;-;1,48;-;-;-;-;-;-;-
CCMU27C008250;BRBMEFFM0LA6;AGRIBUSINESS;-;-;-;-;-;-;-;-;-;1,4;-;-;-;-;-;-;-
CCMU27C008300;BRBMEFFM0KN1;AGRIBUSINESS;-;-;-;-;-;-;-;-;-;1,32;-;-;-;-;-;-;-
CCMU27C008350;BRBMEFFM0L72;AGRIBUSINESS;-;-;-;-;-;-;-;-;-;1,24;-;-;-;-;-;-;-
CCMU27C008400;BRBMEFFM0KG5;AGRIBUSINESS;-;-;-;-;-;-;-;-;-;1,18;-;-;-;-;-;-;-
CCMU27C008450;BRBMEFFM0KH3;AGRIBUSINESS;-;-;-;-;-;-;-;-;-;1,11;-;-;-;-;-;-;-
CCMU27C008500;BRBMEFFM0FQ4;AGRIBUSINESS;-;-;-;-;-;-;-;-;-;1,05;-;-;-;-;-;-;-
CCMU27C008550;BRBMEFFM0LB4;AGRIBUSINESS;-;-;-;-;-;-;-;-;-;0,99;-;-;-;-;-;-;-
CCMU27C008600;BRBMEFFM0LC2;AGRIBUSINESS;1,05;1;1,05;1,04;1;-31,03;-;-;-;0,94;-;-;-;-;4;2.160;1019475
CCMU27C008650;BRBMEFFM0LD0;AGRIBUSINESS;-;-;-;-;-;-;-;-;-;0,89;-;-;-;-;-;-;-
CCMU27C008700;BRBMEFFM0LE8;AGRIBUSINESS;-;-;-;-;-;-;-;-;-;0,85;-;-;-;-;-;-;-
CCMU27C008750;BRBMEFFM0LF5;AGRIBUSINESS;-;-;-;-;-;-;-;-;-;0,8;-;-;-;-;-;-;-
CCMU27C008800;BRBMEFFM0LG3;AGRIBUSINESS;-;-;-;-;-;-;-;-;-;0,77;-;-;-;-;-;-;-
CCMU27C008850;BRBMEFFM0LH1;AGRIBUSINESS;-;-;-;-;-;-;-;-;-;0,73;-;-;-;-;-;-;-
CCMU27C008900;BRBMEFFM0LI9;AGRIBUSINESS;-;-;-;-;-;-;-;-;-;0,69;-;-;-;-;-;-;-
CCMU27C008950;BRBMEFFM0LJ7;AGRIBUSINESS;-;-;-;-;-;-;-;-;-;0,66;-;-;-;-;-;-;-
CCMU27C009000;BRBMEFFM0LK5;AGRIBUSINESS;-;-;-;-;-;-;-;-;-;0,63;-;-;-;-;-;-;-
CCMU27C010000;BRBMEFFM0GQ2;AGRIBUSINESS;-;-;-;-;-;-;-;-;-;0,28;-;-;-;-;-;-;-
CCMU27P006200;BRBMEFOV0M09;AGRIBUSINESS;-;-;-;-;-;-;-;-;-;0,2;-;-;-;-;-;-;-
CCMU27P006500;BRBMEFOV0H89;AGRIBUSINESS;-;-;-;-;-;-;-;-;-;0,36;-;-;-;-;-;-;-
CCMU27P006600;BRBMEFOV0G23;AGRIBUSINESS;-;-;-;-;-;-;-;-;-;0,44;-;-;-;-;-;-;-
CCMU27P006650;BRBMEFOV0G31;AGRIBUSINESS;-;-;-;-;-;-;-;-;-;0,49;-;-;-;-;-;-;-
CCMU27P006700;BRBMEFOV0DV7;AGRIBUSINESS;-;-;-;-;-;-;-;-;-;0,55;-;-;-;-;-;-;-
CCMU27P006750;BRBMEFOV0FQ2;AGRIBUSINESS;-;-;-;-;-;-;-;-;-;0,61;-;-;-;-;-;-;-
CCMU27P006800;BRBMEFOV0FG3;AGRIBUSINESS;-;-;-;-;-;-;-;-;-;0,68;-;-;-;-;-;-;-
CCMU27P006850;BRBMEFOV0KI9;AGRIBUSINESS;-;-;-;-;-;-;-;-;-;0,75;-;-;-;-;-;-;-
CCMU27P006900;BRBMEFOV0JI1;AGRIBUSINESS;-;-;-;-;-;-;-;-;-;0,83;-;-;-;-;-;-;-
CCMU27P006950;BRBMEFOV0JJ9;AGRIBUSINESS;-;-;-;-;-;-;-;-;-;0,92;-;-;-;-;-;-;-
CCMU27P007000;BRBMEFOV0GE6;AGRIBUSINESS;-;-;-;-;-;-;-;-;-;1,01;-;-;-;-;-;-;-
CCMU27P007075;BRBMEFOV0J61;AGRIBUSINESS;-;-;-;-;-;-;-;-;-;1,17;-;-;-;-;-;-;-
CCMU27P007100;BRBMEFOV0DW5;AGRIBUSINESS;-;-;-;-;-;-;-;-;-;1,23;-;-;-;-;-;-;-
CCMU27P007125;BRBMEFOV0LS6;AGRIBUSINESS;-;-;-;-;-;-;-;-;-;1,29;-;-;-;-;-;-;-
CCMU27P007150;BRBMEFOV0H97;AGRIBUSINESS;-;-;-;-;-;-;-;-;-;1,36;-;-;-;-;-;-;-
CCMU27P007200;BRBMEFOV0EF8;AGRIBUSINESS;1,4;1,4;1,5;1,4;1,5;50;-;-;-;1,51;-;-;-;-;4;2.160;1363050
CCMU27P007225;BRBMEFOV0L83;AGRIBUSINESS;-;-;-;-;-;-;-;-;-;1,58;-;-;-;-;-;-;-
CCMU27P007250;BRBMEFOV0EI2;AGRIBUSINESS;-;-;-;-;-;-;-;-;-;1,66;-;-;-;-;-;-;-
CCMU27P007300;BRBMEFOV0GM9;AGRIBUSINESS;-;-;-;-;-;-;-;-;-;1,83;-;-;-;-;-;-;-
CCMU27P007350;BRBMEFOV0JK7;AGRIBUSINESS;-;-;-;-;-;-;-;-;-;2;-;-;-;-;-;-;-
CCMU27P007400;BRBMEFOV0H14;AGRIBUSINESS;-;-;-;-;-;-;-;-;-;2,19;-;-;-;-;-;-;-
CCMU27P007450;BRBMEFOV0K43;AGRIBUSINESS;-;-;-;-;-;-;-;-;-;2,39;-;-;-;-;-;-;-
CCMU27P007500;BRBMEFOV0DX3;AGRIBUSINESS;-;-;-;-;-;-;-;-;-;2,61;-;-;-;-;-;-;-
CCMU27P007525;BRBMEFOV0LR8;AGRIBUSINESS;-;-;-;-;-;-;-;-;-;2,72;-;-;-;-;-;-;-
CCMU27P007550;BRBMEFOV0JL5;AGRIBUSINESS;-;-;-;-;-;-;-;-;-;2,83;-;-;-;-;-;-;-
CCMU27P007600;BRBMEFOV0J79;AGRIBUSINESS;-;-;-;-;-;-;-;-;-;3,07;-;-;-;-;-;-;-
CCMU27P007650;BRBMEFOV0KJ7;AGRIBUSINESS;-;-;-;-;-;-;-;-;-;3,32;-;-;-;-;-;-;-
CCMU27P007700;BRBMEFOV0IQ6;AGRIBUSINESS;-;-;-;-;-;-;-;-;-;3,58;-;-;-;-;-;-;-
CCMU27P007750;BRBMEFOV0KY6;AGRIBUSINESS;-;-;-;-;-;-;-;-;-;3,85;-;-;-;-;-;-;-
CCMU27P007775;BRBMEFOV0KQ2;AGRIBUSINESS;-;-;-;-;-;-;-;-;-;4;-;-;-;-;-;-;-
CCMU27P007800;BRBMEFOV0GF3;AGRIBUSINESS;-;-;-;-;-;-;-;-;-;4,14;-;-;-;-;-;-;-
CCMU27P007850;BRBMEFOV0LA4;AGRIBUSINESS;-;-;-;-;-;-;-;-;-;4,43;-;-;-;-;-;-;-
CCMU27P007900;BRBMEFOV0L34;AGRIBUSINESS;-;-;-;-;-;-;-;-;-;4,73;-;-;-;-;-;-;-
CCMU27P007950;BRBMEFOV0LD8;AGRIBUSINESS;-;-;-;-;-;-;-;-;-;5,04;-;-;-;-;-;-;-
CCMU27P008000;BRBMEFOV0EG6;AGRIBUSINESS;-;-;-;-;-;-;-;-;-;5,37;-;-;-;-;-;-;-
CCMU27P008050;BRBMEFOV0JH3;AGRIBUSINESS;-;-;-;-;-;-;-;-;-;5,7;-;-;-;-;-;-;-
CCMU27P008100;BRBMEFOV0GK3;AGRIBUSINESS;-;-;-;-;-;-;-;-;-;6,05;-;-;-;-;-;-;-
CCMU27P008150;BRBMEFOV0GN7;AGRIBUSINESS;-;-;-;-;-;-;-;-;-;6,4;-;-;-;-;-;-;-
CCMU27P008200;BRBMEFOV0L91;AGRIBUSINESS;-;-;-;-;-;-;-;-;-;6,75;-;-;-;-;-;-;-
CCMU27P008250;BRBMEFOV0LE6;AGRIBUSINESS;-;-;-;-;-;-;-;-;-;7,12;-;-;-;-;-;-;-
CCMU27P008300;BRBMEFOV0KR0;AGRIBUSINESS;-;-;-;-;-;-;-;-;-;7,48;-;-;-;-;-;-;-
CCMU27P008350;BRBMEFOV0LB2;AGRIBUSINESS;-;-;-;-;-;-;-;-;-;7,86;-;-;-;-;-;-;-
CCMU27P008400;BRBMEFOV0KK5;AGRIBUSINESS;-;-;-;-;-;-;-;-;-;8,24;-;-;-;-;-;-;-
CCMU27P008450;BRBMEFOV0KL3;AGRIBUSINESS;-;-;-;-;-;-;-;-;-;8,62;-;-;-;-;-;-;-
CCMU27P008500;BRBMEFOV0FU4;AGRIBUSINESS;-;-;-;-;-;-;-;-;-;9,01;-;-;-;-;-;-;-
CCMU27P008550;BRBMEFOV0LF3;AGRIBUSINESS;-;-;-;-;-;-;-;-;-;9,4;-;-;-;-;-;-;-
CCMU27P008600;BRBMEFOV0LG1;AGRIBUSINESS;-;-;-;-;-;-;-;-;-;9,79;-;-;-;-;-;-;-
CCMU27P008650;BRBMEFOV0LH9;AGRIBUSINESS;-;-;-;-;-;-;-;-;-;10,19;-;-;-;-;-;-;-
CCMU27P008700;BRBMEFOV0LI7;AGRIBUSINESS;-;-;-;-;-;-;-;-;-;10,59;-;-;-;-;-;-;-
CCMU27P008750;BRBMEFOV0LJ5;AGRIBUSINESS;-;-;-;-;-;-;-;-;-;11;-;-;-;-;-;-;-
CCMU27P008800;BRBMEFOV0LK3;AGRIBUSINESS;-;-;-;-;-;-;-;-;-;11,4;-;-;-;-;-;-;-
CCMU27P008850;BRBMEFOV0LL1;AGRIBUSINESS;-;-;-;-;-;-;-;-;-;11,81;-;-;-;-;-;-;-
CCMU27P008900;BRBMEFOV0LM9;AGRIBUSINESS;-;-;-;-;-;-;-;-;-;12,23;-;-;-;-;-;-;-
CCMU27P008950;BRBMEFOV0LN7;AGRIBUSINESS;-;-;-;-;-;-;-;-;-;12,64;-;-;-;-;-;-;-
CCMU27P009000;BRBMEFOV0LO5;AGRIBUSINESS;-;-;-;-;-;-;-;-;-;13,06;-;-;-;-;-;-;-
CCMU27P010000;BRBMEFOV0GU2;AGRIBUSINESS;-;-;-;-;-;-;-;-;-;21,66;-;-;-;-;-;-;-
CCMX26C005000;BRBMEFFM08L1;AGRIBUSINESS;-;-;-;-;-;-;-;-;-;19,27;-;-;-;-;-;-;-
CCMX26C005500;BRBMEFFM0AM4;AGRIBUSINESS;-;-;-;-;-;-;-;-;-;14,33;-;-;-;-;-;-;-
CCMX26C005600;BRBMEFFM0AO0;AGRIBUSINESS;-;-;-;-;-;-;-;-;-;13,34;-;-;-;-;-;-;-
CCMX26C005700;BRBMEFFM0AP7;AGRIBUSINESS;-;-;-;-;-;-;-;-;-;12,35;-;-;-;-;-;-;-
CCMX26C005800;BRBMEFFM0AQ5;AGRIBUSINESS;-;-;-;-;-;-;-;-;-;11,37;-;-;-;-;-;-;-
CCMX26C005900;BRBMEFFM0AR3;AGRIBUSINESS;-;-;-;-;-;-;-;-;-;10,38;-;-;-;-;-;-;-
CCMX26C006000;BRBMEFFM0AS1;AGRIBUSINESS;-;-;-;-;-;-;-;-;-;9,39;-;-;-;-;-;-;-
CCMX26C006100;BRBMEFFM0AT9;AGRIBUSINESS;-;-;-;-;-;-;-;-;-;8,4;-;-;-;-;-;-;-
CCMX26C006200;BRBMEFFM0AU7;AGRIBUSINESS;-;-;-;-;-;-;-;-;-;7,42;-;-;-;-;-;-;-
CCMX26C006300;BRBMEFFM0AV5;AGRIBUSINESS;-;-;-;-;-;-;-;-;-;6,43;-;-;-;-;-;-;-
CCMX26C006400;BRBMEFFM0AW3;AGRIBUSINESS;-;-;-;-;-;-;-;-;-;5,45;-;-;-;-;-;-;-
CCMX26C006500;BRBMEFFM09O3;AGRIBUSINESS;-;-;-;-;-;-;-;-;-;4,48;-;-;-;-;-;-;-
CCMX26C006550;BRBMEFFM0C16;AGRIBUSINESS;-;-;-;-;-;-;-;-;-;4;-;-;-;-;-;-;-
CCMX26C006600;BRBMEFFM0FH3;AGRIBUSINESS;-;-;-;-;-;-;-;-;-;3,54;-;-;-;-;-;-;-
CCMX26C006700;BRBMEFFM0CB3;AGRIBUSINESS;-;-;-;-;-;-;-;-;-;2,64;-;-;-;-;-;-;-
CCMX26C006725;BRBMEFFM0HQ0;AGRIBUSINESS;-;-;-;-;-;-;-;-;-;2,42;-;-;-;-;-;-;-
CCMX26C006750;BRBMEFFM0E48;AGRIBUSINESS;-;-;-;-;-;-;-;-;-;2,22;-;-;-;-;-;-;-
CCMX26C006800;BRBMEFFM0DL0;AGRIBUSINESS;-;-;-;-;-;-;-;-;-;1,83;-;-;-;-;-;-;-
CCMX26C006850;BRBMEFFM0G46;AGRIBUSINESS;-;-;-;-;-;-;-;-;-;1,48;-;-;-;-;-;-;-
CCMX26C006900;BRBMEFFM0C73;AGRIBUSINESS;-;-;-;-;-;-;-;-;-;1,18;-;-;-;-;-;-;-
CCMX26C006950;BRBMEFFM0FX0;AGRIBUSINESS;-;-;-;-;-;-;-;-;-;0,92;-;-;-;-;-;-;-
CCMX26C006975;BRBMEFFM0G79;AGRIBUSINESS;-;-;-;-;-;-;-;-;-;0,81;-;-;-;-;-;-;-
CCMX26C007000;BRBMEFFM09P0;AGRIBUSINESS;-;-;-;-;-;-;-;-;-;0,71;-;-;-;-;-;-;-
CCMX26C007025;BRBMEFFM0M89;AGRIBUSINESS;-;-;-;-;-;-;-;-;-;0,62;-;-;-;-;-;-;-
CCMX26C007050;BRBMEFFM0GS8;AGRIBUSINESS;0,8;0,8;0,8;0,8;0,8;-71,42;-;-;-;0,54;-;-;-;-;1;1;360
CCMX26C007100;BRBMEFFM0FE0;AGRIBUSINESS;0,57;0,57;0,57;0,57;0,57;26,66;-;-;-;0,41;-;-;-;-;1;2;513
CCMX26C007125;BRBMEFFM0IX4;AGRIBUSINESS;-;-;-;-;-;-;-;-;-;0,36;-;-;-;-;-;-;-
CCMX26C007150;BRBMEFFM0DF2;AGRIBUSINESS;0,8;0,8;0,8;0,8;0,8;-76,67;-;-;-;0,31;-;-;-;-;1;5;1800
CCMX26C007175;BRBMEFFM0IV8;AGRIBUSINESS;-;-;-;-;-;-;-;-;-;0,27;-;-;-;-;-;-;-
CCMX26C007200;BRBMEFFM0AG6;AGRIBUSINESS;-;-;-;-;-;-;-;-;-;0,24;-;-;-;-;-;-;-
CCMX26C007225;BRBMEFFM0GY6;AGRIBUSINESS;-;-;-;-;-;-;-;-;-;0,21;-;-;-;-;-;-;-
CCMX26C007250;BRBMEFFM0GH1;AGRIBUSINESS;-;-;-;-;-;-;-;-;-;0,18;-;-;-;-;-;-;-
CCMX26C007275;BRBMEFFM0MA4;AGRIBUSINESS;-;-;-;-;-;-;-;-;-;0,16;-;-;-;-;-;-;-
CCMX26C007300;BRBMEFFM0DM8;AGRIBUSINESS;-;-;-;-;-;-;-;-;-;0,14;-;-;-;-;-;-;-
CCMX26C007325;BRBMEFFM0F96;AGRIBUSINESS;-;-;-;-;-;-;-;-;-;0,12;-;-;-;-;-;-;-
CCMX26C007350;BRBMEFFM0E55;AGRIBUSINESS;-;-;-;-;-;-;-;-;-;0,11;-;-;-;-;-;-;-
CCMX26C007375;BRBMEFFM0FA8;AGRIBUSINESS;-;-;-;-;-;-;-;-;-;0,09;-;-;-;-;-;-;-
CCMX26C007400;BRBMEFFM0CC1;AGRIBUSINESS;-;-;-;-;-;-;-;-;-;0,08;-;-;-;-;-;-;-
CCMX26C007425;BRBMEFFM0E89;AGRIBUSINESS;-;-;-;-;-;-;-;-;-;0,07;-;-;-;-;-;-;-
CCMX26C007450;BRBMEFFM0D98;AGRIBUSINESS;-;-;-;-;-;-;-;-;-;0,06;-;-;-;-;-;-;-
CCMX26C007475;BRBMEFFM0JB8;AGRIBUSINESS;-;-;-;-;-;-;-;-;-;0,05;-;-;-;-;-;-;-
CCMX26C007500;BRBMEFFM09R6;AGRIBUSINESS;-;-;-;-;-;-;-;-;-;0,04;-;-;-;-;-;-;-
CCMX26C007525;BRBMEFFM0F54;AGRIBUSINESS;-;-;-;-;-;-;-;-;-;0,03;-;-;-;-;-;-;-
CCMX26C007550;BRBMEFFM0DG0;AGRIBUSINESS;-;-;-;-;-;-;-;-;-;0,03;-;-;-;-;-;-;-
CCMX26C007600;BRBMEFFM09Q8;AGRIBUSINESS;-;-;-;-;-;-;-;-;-;0,02;-;-;-;-;-;-;-
CCMX26C007625;BRBMEFFM0F62;AGRIBUSINESS;-;-;-;-;-;-;-;-;-;0,01;-;-;-;-;-;-;-
CCMX26C007650;BRBMEFFM0F70;AGRIBUSINESS;-;-;-;-;-;-;-;-;-;0,01;-;-;-;-;-;-;-
CCMX26C007675;BRBMEFFM0F88;AGRIBUSINESS;-;-;-;-;-;-;-;-;-;0,01;-;-;-;-;-;-;-
CCMX26C007700;BRBMEFFM0AH4;AGRIBUSINESS;-;-;-;-;-;-;-;-;-;0,01;-;-;-;-;-;-;-
CCMX26C007725;BRBMEFFM0G61;AGRIBUSINESS;-;-;-;-;-;-;-;-;-;0,01;-;-;-;-;-;-;-
CCMX26C007750;BRBMEFFM0G87;AGRIBUSINESS;-;-;-;-;-;-;-;-;-;0,01;-;-;-;-;-;-;-
CCMX26C007775;BRBMEFFM0KP6;AGRIBUSINESS;-;-;-;-;-;-;-;-;-;0,01;-;-;-;-;-;-;-
CCMX26C007800;BRBMEFFM0EL8;AGRIBUSINESS;-;-;-;-;-;-;-;-;-;0,01;-;-;-;-;-;-;-
CCMX26C007850;BRBMEFFM0GN9;AGRIBUSINESS;-;-;-;-;-;-;-;-;-;0,01;-;-;-;-;-;-;-
CCMX26C007875;BRBMEFFM0KK7;AGRIBUSINESS;-;-;-;-;-;-;-;-;-;0,01;-;-;-;-;-;-;-
CCMX26C007900;BRBMEFFM0CN8;AGRIBUSINESS;-;-;-;-;-;-;-;-;-;0,01;-;-;-;-;-;-;-
CCMX26C007950;BRBMEFFM0BO8;AGRIBUSINESS;-;-;-;-;-;-;-;-;-;0,01;-;-;-;-;-;-;-
CCMX26C008000;BRBMEFFM08M9;AGRIBUSINESS;-;-;-;-;-;-;-;-;-;0,01;-;-;-;-;-;-;-
CCMX26C008100;BRBMEFFM0AX1;AGRIBUSINESS;-;-;-;-;-;-;-;-;-;0,01;-;-;-;-;-;-;-
CCMX26C008150;BRBMEFFM0KO9;AGRIBUSINESS;-;-;-;-;-;-;-;-;-;0,01;-;-;-;-;-;-;-
CCMX26C008175;BRBMEFFM0KL5;AGRIBUSINESS;-;-;-;-;-;-;-;-;-;0,01;-;-;-;-;-;-;-
CCMX26C008200;BRBMEFFM0AY9;AGRIBUSINESS;-;-;-;-;-;-;-;-;-;0,01;-;-;-;-;-;-;-
CCMX26C008250;BRBMEFFM0K57;AGRIBUSINESS;-;-;-;-;-;-;-;-;-;0,01;-;-;-;-;-;-;-
CCMX26C008300;BRBMEFFM0AZ6;AGRIBUSINESS;-;-;-;-;-;-;-;-;-;0,01;-;-;-;-;-;-;-
CCMX26C008325;BRBMEFFM0JI3;AGRIBUSINESS;-;-;-;-;-;-;-;-;-;0,01;-;-;-;-;-;-;-
CCMX26C008350;BRBMEFFM0GL3;AGRIBUSINESS;-;-;-;-;-;-;-;-;-;0,01;-;-;-;-;-;-;-
CCMX26C008400;BRBMEFFM0B09;AGRIBUSINESS;-;-;-;-;-;-;-;-;-;0,01;-;-;-;-;-;-;-
CCMX26C008500;BRBMEFFM0B17;AGRIBUSINESS;-;-;-;-;-;-;-;-;-;0,01;-;-;-;-;-;-;-
CCMX26C008600;BRBMEFFM0B25;AGRIBUSINESS;-;-;-;-;-;-;-;-;-;0,01;-;-;-;-;-;-;-
CCMX26C008700;BRBMEFFM0B33;AGRIBUSINESS;-;-;-;-;-;-;-;-;-;0,01;-;-;-;-;-;-;-
CCMX26C008800;BRBMEFFM0B41;AGRIBUSINESS;-;-;-;-;-;-;-;-;-;0,01;-;-;-;-;-;-;-
CCMX26C008900;BRBMEFFM0B58;AGRIBUSINESS;-;-;-;-;-;-;-;-;-;0,01;-;-;-;-;-;-;-
CCMX26C009000;BRBMEFFM0AN2;AGRIBUSINESS;-;-;-;-;-;-;-;-;-;0,01;-;-;-;-;-;-;-
CCMX26P005000;BRBMEFOV08P5;AGRIBUSINESS;-;-;-;-;-;-;-;-;-;0,01;-;-;-;-;-;-;-
CCMX26P005500;BRBMEFOV0AQ3;AGRIBUSINESS;-;-;-;-;-;-;-;-;-;0,01;-;-;-;-;-;-;-
CCMX26P005600;BRBMEFOV0AS9;AGRIBUSINESS;-;-;-;-;-;-;-;-;-;0,01;-;-;-;-;-;-;-
CCMX26P005700;BRBMEFOV0AT7;AGRIBUSINESS;-;-;-;-;-;-;-;-;-;0,01;-;-;-;-;-;-;-
CCMX26P005800;BRBMEFOV0AU5;AGRIBUSINESS;-;-;-;-;-;-;-;-;-;0,01;-;-;-;-;-;-;-
CCMX26P005900;BRBMEFOV0AV3;AGRIBUSINESS;-;-;-;-;-;-;-;-;-;0,01;-;-;-;-;-;-;-
CCMX26P006000;BRBMEFOV0AW1;AGRIBUSINESS;-;-;-;-;-;-;-;-;-;0,01;-;-;-;-;-;-;-
CCMX26P006100;BRBMEFOV0AX9;AGRIBUSINESS;-;-;-;-;-;-;-;-;-;0,01;-;-;-;-;-;-;-
CCMX26P006200;BRBMEFOV0AY7;AGRIBUSINESS;-;-;-;-;-;-;-;-;-;0,01;-;-;-;-;-;-;-
CCMX26P006300;BRBMEFOV0AZ4;AGRIBUSINESS;-;-;-;-;-;-;-;-;-;0,01;-;-;-;-;-;-;-
CCMX26P006400;BRBMEFOV0B02;AGRIBUSINESS;-;-;-;-;-;-;-;-;-;0,01;-;-;-;-;-;-;-
CCMX26P006500;BRBMEFOV09S7;AGRIBUSINESS;-;-;-;-;-;-;-;-;-;0,03;-;-;-;-;-;-;-
CCMX26P006550;BRBMEFOV0C50;AGRIBUSINESS;-;-;-;-;-;-;-;-;-;0,04;-;-;-;-;-;-;-
CCMX26P006600;BRBMEFOV0FL3;AGRIBUSINESS;-;-;-;-;-;-;-;-;-;0,07;-;-;-;-;-;-;-
CCMX26P006700;BRBMEFOV0CF2;AGRIBUSINESS;-;-;-;-;-;-;-;-;-;0,16;-;-;-;-;-;-;-
CCMX26P006725;BRBMEFOV0HU0;AGRIBUSINESS;-;-;-;-;-;-;-;-;-;0,19;-;-;-;-;-;-;-
CCMX26P006750;BRBMEFOV0E82;AGRIBUSINESS;-;-;-;-;-;-;-;-;-;0,23;-;-;-;-;-;-;-
CCMX26P006800;BRBMEFOV0DP9;AGRIBUSINESS;-;-;-;-;-;-;-;-;-;0,34;-;-;-;-;-;-;-
CCMX26P006850;BRBMEFOV0G80;AGRIBUSINESS;-;-;-;-;-;-;-;-;-;0,49;-;-;-;-;-;-;-
CCMX26P006900;BRBMEFOV0CB1;AGRIBUSINESS;-;-;-;-;-;-;-;-;-;0,68;-;-;-;-;-;-;-
CCMX26P006950;BRBMEFOV0G15;AGRIBUSINESS;-;-;-;-;-;-;-;-;-;0,91;-;-;-;-;-;-;-
CCMX26P006975;BRBMEFOV0GB2;AGRIBUSINESS;-;-;-;-;-;-;-;-;-;1,05;-;-;-;-;-;-;-
CCMX26P007000;BRBMEFOV09T5;AGRIBUSINESS;-;-;-;-;-;-;-;-;-;1,19;-;-;-;-;-;-;-
CCMX26P007025;BRBMEFOV0MC8;AGRIBUSINESS;-;-;-;-;-;-;-;-;-;1,35;-;-;-;-;-;-;-
CCMX26P007050;BRBMEFOV0GW8;AGRIBUSINESS;-;-;-;-;-;-;-;-;-;1,52;-;-;-;-;-;-;-
CCMX26P007100;BRBMEFOV0FI9;AGRIBUSINESS;-;-;-;-;-;-;-;-;-;1,88;-;-;-;-;-;-;-
CCMX26P007125;BRBMEFOV0J12;AGRIBUSINESS;-;-;-;-;-;-;-;-;-;2,08;-;-;-;-;-;-;-
CCMX26P007150;BRBMEFOV0DJ2;AGRIBUSINESS;-;-;-;-;-;-;-;-;-;2,28;-;-;-;-;-;-;-
CCMX26P007175;BRBMEFOV0IZ7;AGRIBUSINESS;-;-;-;-;-;-;-;-;-;2,49;-;-;-;-;-;-;-
CCMX26P007200;BRBMEFOV0AK6;AGRIBUSINESS;-;-;-;-;-;-;-;-;-;2,7;-;-;-;-;-;-;-
CCMX26P007225;BRBMEFOV0H22;AGRIBUSINESS;-;-;-;-;-;-;-;-;-;2,91;-;-;-;-;-;-;-
CCMX26P007250;BRBMEFOV0GL1;AGRIBUSINESS;-;-;-;-;-;-;-;-;-;3,13;-;-;-;-;-;-;-
CCMX26P007275;BRBMEFOV0ME4;AGRIBUSINESS;-;-;-;-;-;-;-;-;-;3,36;-;-;-;-;-;-;-
CCMX26P007300;BRBMEFOV0DQ7;AGRIBUSINESS;-;-;-;-;-;-;-;-;-;3,58;-;-;-;-;-;-;-
CCMX26P007325;BRBMEFOV0FD0;AGRIBUSINESS;-;-;-;-;-;-;-;-;-;3,81;-;-;-;-;-;-;-
CCMX26P007350;BRBMEFOV0E90;AGRIBUSINESS;-;-;-;-;-;-;-;-;-;4,05;-;-;-;-;-;-;-
CCMX26P007375;BRBMEFOV0FE8;AGRIBUSINESS;-;-;-;-;-;-;-;-;-;4,28;-;-;-;-;-;-;-
CCMX26P007400;BRBMEFOV0CG0;AGRIBUSINESS;-;-;-;-;-;-;-;-;-;4,51;-;-;-;-;-;-;-
CCMX26P007425;BRBMEFOV0EC5;AGRIBUSINESS;-;-;-;-;-;-;-;-;-;4,75;-;-;-;-;-;-;-
CCMX26P007450;BRBMEFOV0DD5;AGRIBUSINESS;-;-;-;-;-;-;-;-;-;4,99;-;-;-;-;-;-;-
CCMX26P007475;BRBMEFOV0JF7;AGRIBUSINESS;-;-;-;-;-;-;-;-;-;5,23;-;-;-;-;-;-;-
CCMX26P007500;BRBMEFOV09V1;AGRIBUSINESS;-;-;-;-;-;-;-;-;-;5,46;-;-;-;-;-;-;-
CCMX26P007525;BRBMEFOV0F99;AGRIBUSINESS;-;-;-;-;-;-;-;-;-;5,7;-;-;-;-;-;-;-
CCMX26P007550;BRBMEFOV0DK0;AGRIBUSINESS;-;-;-;-;-;-;-;-;-;5,94;-;-;-;-;-;-;-
CCMX26P007600;BRBMEFOV09U3;AGRIBUSINESS;-;-;-;-;-;-;-;-;-;6,43;-;-;-;-;-;-;-
CCMX26P007625;BRBMEFOV0FA6;AGRIBUSINESS;-;-;-;-;-;-;-;-;-;6,67;-;-;-;-;-;-;-
CCMX26P007650;BRBMEFOV0FB4;AGRIBUSINESS;-;-;-;-;-;-;-;-;-;6,91;-;-;-;-;-;-;-
CCMX26P007675;BRBMEFOV0FC2;AGRIBUSINESS;-;-;-;-;-;-;-;-;-;7,16;-;-;-;-;-;-;-
CCMX26P007700;BRBMEFOV0AL4;AGRIBUSINESS;-;-;-;-;-;-;-;-;-;7,4;-;-;-;-;-;-;-
CCMX26P007725;BRBMEFOV0GA4;AGRIBUSINESS;-;-;-;-;-;-;-;-;-;7,65;-;-;-;-;-;-;-
CCMX26P007750;BRBMEFOV0GC0;AGRIBUSINESS;-;-;-;-;-;-;-;-;-;7,89;-;-;-;-;-;-;-
CCMX26P007775;BRBMEFOV0KT6;AGRIBUSINESS;-;-;-;-;-;-;-;-;-;8,14;-;-;-;-;-;-;-
CCMX26P007800;BRBMEFOV0EP7;AGRIBUSINESS;-;-;-;-;-;-;-;-;-;8,39;-;-;-;-;-;-;-
CCMX26P007850;BRBMEFOV0GR8;AGRIBUSINESS;-;-;-;-;-;-;-;-;-;8,88;-;-;-;-;-;-;-
CCMX26P007875;BRBMEFOV0KO7;AGRIBUSINESS;-;-;-;-;-;-;-;-;-;9,13;-;-;-;-;-;-;-
CCMX26P007900;BRBMEFOV0CR7;AGRIBUSINESS;-;-;-;-;-;-;-;-;-;9,37;-;-;-;-;-;-;-
CCMX26P007950;BRBMEFOV0BS7;AGRIBUSINESS;-;-;-;-;-;-;-;-;-;9,87;-;-;-;-;-;-;-
CCMX26P008000;BRBMEFOV08Q3;AGRIBUSINESS;-;-;-;-;-;-;-;-;-;10,36;-;-;-;-;-;-;-
CCMX26P008100;BRBMEFOV0B10;AGRIBUSINESS;-;-;-;-;-;-;-;-;-;11,35;-;-;-;-;-;-;-
CCMX26P008150;BRBMEFOV0KS8;AGRIBUSINESS;-;-;-;-;-;-;-;-;-;11,84;-;-;-;-;-;-;-
CCMX26P008175;BRBMEFOV0KP4;AGRIBUSINESS;-;-;-;-;-;-;-;-;-;12,09;-;-;-;-;-;-;-
CCMX26P008200;BRBMEFOV0B28;AGRIBUSINESS;-;-;-;-;-;-;-;-;-;12,33;-;-;-;-;-;-;-
CCMX26P008250;BRBMEFOV0K92;AGRIBUSINESS;-;-;-;-;-;-;-;-;-;12,83;-;-;-;-;-;-;-
CCMX26P008300;BRBMEFOV0B36;AGRIBUSINESS;-;-;-;-;-;-;-;-;-;13,32;-;-;-;-;-;-;-
CCMX26P008325;BRBMEFOV0JM3;AGRIBUSINESS;-;-;-;-;-;-;-;-;-;13,57;-;-;-;-;-;-;-
CCMX26P008350;BRBMEFOV0GP2;AGRIBUSINESS;-;-;-;-;-;-;-;-;-;13,81;-;-;-;-;-;-;-
CCMX26P008400;BRBMEFOV0B44;AGRIBUSINESS;-;-;-;-;-;-;-;-;-;14,31;-;-;-;-;-;-;-
CCMX26P008500;BRBMEFOV0B51;AGRIBUSINESS;-;-;-;-;-;-;-;-;-;15,3;-;-;-;-;-;-;-
CCMX26P008600;BRBMEFOV0B69;AGRIBUSINESS;-;-;-;-;-;-;-;-;-;16,28;-;-;-;-;-;-;-
CCMX26P008700;BRBMEFOV0B77;AGRIBUSINESS;-;-;-;-;-;-;-;-;-;17,27;-;-;-;-;-;-;-
CCMX26P008800;BRBMEFOV0B85;AGRIBUSINESS;-;-;-;-;-;-;-;-;-;18,26;-;-;-;-;-;-;-
CCMX26P008900;BRBMEFOV0B93;AGRIBUSINESS;-;-;-;-;-;-;-;-;-;19,25;-;-;-;-;-;-;-
CCMX26P009000;BRBMEFOV0AR1;AGRIBUSINESS;-;-;-;-;-;-;-;-;-;20,23;-;-;-;-;-;-;-
CCMX27C006500;BRBMEFFM0HR8;AGRIBUSINESS;-;-;-;-;-;-;-;-;-;12,13;-;-;-;-;-;-;-
CCMX27C006550;BRBMEFFM0HS6;AGRIBUSINESS;-;-;-;-;-;-;-;-;-;11,72;-;-;-;-;-;-;-
CCMX27C006600;BRBMEFFM0HT4;AGRIBUSINESS;-;-;-;-;-;-;-;-;-;11,31;-;-;-;-;-;-;-
CCMX27C006650;BRBMEFFM0HU2;AGRIBUSINESS;-;-;-;-;-;-;-;-;-;10,91;-;-;-;-;-;-;-
CCMX27C006700;BRBMEFFM0HV0;AGRIBUSINESS;-;-;-;-;-;-;-;-;-;10,51;-;-;-;-;-;-;-
CCMX27C006750;BRBMEFFM0HW8;AGRIBUSINESS;-;-;-;-;-;-;-;-;-;10,12;-;-;-;-;-;-;-
CCMX27C006800;BRBMEFFM0HX6;AGRIBUSINESS;-;-;-;-;-;-;-;-;-;9,73;-;-;-;-;-;-;-
CCMX27C006850;BRBMEFFM0HY4;AGRIBUSINESS;-;-;-;-;-;-;-;-;-;9,35;-;-;-;-;-;-;-
CCMX27C006900;BRBMEFFM0HZ1;AGRIBUSINESS;-;-;-;-;-;-;-;-;-;8,97;-;-;-;-;-;-;-
CCMX27C006950;BRBMEFFM0I02;AGRIBUSINESS;-;-;-;-;-;-;-;-;-;8,6;-;-;-;-;-;-;-
CCMX27C007000;BRBMEFFM0I10;AGRIBUSINESS;-;-;-;-;-;-;-;-;-;8,24;-;-;-;-;-;-;-
CCMX27C007050;BRBMEFFM0I28;AGRIBUSINESS;-;-;-;-;-;-;-;-;-;7,88;-;-;-;-;-;-;-
CCMX27C007100;BRBMEFFM0I36;AGRIBUSINESS;-;-;-;-;-;-;-;-;-;7,52;-;-;-;-;-;-;-
CCMX27C007150;BRBMEFFM0I44;AGRIBUSINESS;-;-;-;-;-;-;-;-;-;7,18;-;-;-;-;-;-;-
CCMX27C007200;BRBMEFFM0I51;AGRIBUSINESS;-;-;-;-;-;-;-;-;-;6,83;-;-;-;-;-;-;-
CCMX27C007250;BRBMEFFM0I69;AGRIBUSINESS;-;-;-;-;-;-;-;-;-;6,5;-;-;-;-;-;-;-
CCMX27C007300;BRBMEFFM0I77;AGRIBUSINESS;-;-;-;-;-;-;-;-;-;6,18;-;-;-;-;-;-;-
CCMX27C007350;BRBMEFFM0I85;AGRIBUSINESS;-;-;-;-;-;-;-;-;-;5,88;-;-;-;-;-;-;-
CCMX27C007400;BRBMEFFM0I93;AGRIBUSINESS;-;-;-;-;-;-;-;-;-;5,59;-;-;-;-;-;-;-
CCMX27C007450;BRBMEFFM0IA2;AGRIBUSINESS;-;-;-;-;-;-;-;-;-;5,3;-;-;-;-;-;-;-
CCMX27C007500;BRBMEFFM0IB0;AGRIBUSINESS;-;-;-;-;-;-;-;-;-;5,03;-;-;-;-;-;-;-
CCMX27C007550;BRBMEFFM0IC8;AGRIBUSINESS;-;-;-;-;-;-;-;-;-;4,76;-;-;-;-;-;-;-
CCMX27C007600;BRBMEFFM0ID6;AGRIBUSINESS;-;-;-;-;-;-;-;-;-;4,51;-;-;-;-;-;-;-
CCMX27C007650;BRBMEFFM0IE4;AGRIBUSINESS;-;-;-;-;-;-;-;-;-;4,27;-;-;-;-;-;-;-
CCMX27C007700;BRBMEFFM0IF1;AGRIBUSINESS;-;-;-;-;-;-;-;-;-;4,04;-;-;-;-;-;-;-
CCMX27C007750;BRBMEFFM0IG9;AGRIBUSINESS;-;-;-;-;-;-;-;-;-;3,82;-;-;-;-;-;-;-
CCMX27C007800;BRBMEFFM0IH7;AGRIBUSINESS;-;-;-;-;-;-;-;-;-;3,61;-;-;-;-;-;-;-
CCMX27C007850;BRBMEFFM0II5;AGRIBUSINESS;-;-;-;-;-;-;-;-;-;3,4;-;-;-;-;-;-;-
CCMX27C007875;BRBMEFFM0MC0;AGRIBUSINESS;3,4;3,4;3,4;3,4;3,4;-;-;-;-;3,3;-;-;-;-;1;75;114750
CCMX27C007900;BRBMEFFM0IJ3;AGRIBUSINESS;-;-;-;-;-;-;-;-;-;3,21;-;-;-;-;-;-;-
CCMX27C007950;BRBMEFFM0IK1;AGRIBUSINESS;-;-;-;-;-;-;-;-;-;3,03;-;-;-;-;-;-;-
CCMX27C008000;BRBMEFFM0IL9;AGRIBUSINESS;-;-;-;-;-;-;-;-;-;2,86;-;-;-;-;-;-;-
CCMX27C008100;BRBMEFFM0L07;AGRIBUSINESS;-;-;-;-;-;-;-;-;-;2,55;-;-;-;-;-;-;-
CCMX27C008200;BRBMEFFM0K73;AGRIBUSINESS;-;-;-;-;-;-;-;-;-;2,27;-;-;-;-;-;-;-
CCMX27C008300;BRBMEFFM0K81;AGRIBUSINESS;-;-;-;-;-;-;-;-;-;2,03;-;-;-;-;-;-;-
CCMX27P006500;BRBMEFOV0HV8;AGRIBUSINESS;-;-;-;-;-;-;-;-;-;0,32;-;-;-;-;-;-;-
CCMX27P006550;BRBMEFOV0HW6;AGRIBUSINESS;-;-;-;-;-;-;-;-;-;0,35;-;-;-;-;-;-;-
CCMX27P006600;BRBMEFOV0HX4;AGRIBUSINESS;-;-;-;-;-;-;-;-;-;0,38;-;-;-;-;-;-;-
CCMX27P006650;BRBMEFOV0HY2;AGRIBUSINESS;-;-;-;-;-;-;-;-;-;0,42;-;-;-;-;-;-;-
CCMX27P006700;BRBMEFOV0HZ9;AGRIBUSINESS;-;-;-;-;-;-;-;-;-;0,45;-;-;-;-;-;-;-
CCMX27P006750;BRBMEFOV0I05;AGRIBUSINESS;-;-;-;-;-;-;-;-;-;0,5;-;-;-;-;-;-;-
CCMX27P006800;BRBMEFOV0I13;AGRIBUSINESS;-;-;-;-;-;-;-;-;-;0,56;-;-;-;-;-;-;-
CCMX27P006850;BRBMEFOV0I21;AGRIBUSINESS;-;-;-;-;-;-;-;-;-;0,61;-;-;-;-;-;-;-
CCMX27P006900;BRBMEFOV0I39;AGRIBUSINESS;-;-;-;-;-;-;-;-;-;0,68;-;-;-;-;-;-;-
CCMX27P006950;BRBMEFOV0I47;AGRIBUSINESS;-;-;-;-;-;-;-;-;-;0,75;-;-;-;-;-;-;-
CCMX27P007000;BRBMEFOV0I54;AGRIBUSINESS;-;-;-;-;-;-;-;-;-;0,82;-;-;-;-;-;-;-
CCMX27P007050;BRBMEFOV0I62;AGRIBUSINESS;-;-;-;-;-;-;-;-;-;0,9;-;-;-;-;-;-;-
CCMX27P007100;BRBMEFOV0I70;AGRIBUSINESS;-;-;-;-;-;-;-;-;-;0,99;-;-;-;-;-;-;-
CCMX27P007150;BRBMEFOV0I88;AGRIBUSINESS;-;-;-;-;-;-;-;-;-;1,08;-;-;-;-;-;-;-
CCMX27P007200;BRBMEFOV0I96;AGRIBUSINESS;-;-;-;-;-;-;-;-;-;1,18;-;-;-;-;-;-;-
CCMX27P007250;BRBMEFOV0IA0;AGRIBUSINESS;-;-;-;-;-;-;-;-;-;1,28;-;-;-;-;-;-;-
CCMX27P007300;BRBMEFOV0IB8;AGRIBUSINESS;-;-;-;-;-;-;-;-;-;1,4;-;-;-;-;-;-;-
CCMX27P007350;BRBMEFOV0IC6;AGRIBUSINESS;-;-;-;-;-;-;-;-;-;1,54;-;-;-;-;-;-;-
CCMX27P007400;BRBMEFOV0ID4;AGRIBUSINESS;-;-;-;-;-;-;-;-;-;1,69;-;-;-;-;-;-;-
CCMX27P007450;BRBMEFOV0IE2;AGRIBUSINESS;-;-;-;-;-;-;-;-;-;1,84;-;-;-;-;-;-;-
CCMX27P007500;BRBMEFOV0IF9;AGRIBUSINESS;-;-;-;-;-;-;-;-;-;2,01;-;-;-;-;-;-;-
CCMX27P007550;BRBMEFOV0IG7;AGRIBUSINESS;-;-;-;-;-;-;-;-;-;2,18;-;-;-;-;-;-;-
CCMX27P007600;BRBMEFOV0IH5;AGRIBUSINESS;-;-;-;-;-;-;-;-;-;2,37;-;-;-;-;-;-;-
CCMX27P007650;BRBMEFOV0II3;AGRIBUSINESS;-;-;-;-;-;-;-;-;-;2,56;-;-;-;-;-;-;-
CCMX27P007700;BRBMEFOV0IJ1;AGRIBUSINESS;-;-;-;-;-;-;-;-;-;2,77;-;-;-;-;-;-;-
CCMX27P007750;BRBMEFOV0IK9;AGRIBUSINESS;-;-;-;-;-;-;-;-;-;2,99;-;-;-;-;-;-;-
CCMX27P007800;BRBMEFOV0IL7;AGRIBUSINESS;-;-;-;-;-;-;-;-;-;3,22;-;-;-;-;-;-;-
CCMX27P007850;BRBMEFOV0IM5;AGRIBUSINESS;-;-;-;-;-;-;-;-;-;3,45;-;-;-;-;-;-;-
CCMX27P007875;BRBMEFOV0MG9;AGRIBUSINESS;3,39;3,39;3,39;3,39;3,39;-;-;-;-;3,58;-;-;-;-;1;75;114412,5
CCMX27P007900;BRBMEFOV0IN3;AGRIBUSINESS;-;-;-;-;-;-;-;-;-;3,7;-;-;-;-;-;-;-
CCMX27P007950;BRBMEFOV0IO1;AGRIBUSINESS;-;-;-;-;-;-;-;-;-;3,96;-;-;-;-;-;-;-
CCMX27P008000;BRBMEFOV0IP8;AGRIBUSINESS;-;-;-;-;-;-;-;-;-;4,23;-;-;-;-;-;-;-
CCMX27P008100;BRBMEFOV0L42;AGRIBUSINESS;-;-;-;-;-;-;-;-;-;4,8;-;-;-;-;-;-;-
CCMX27P008200;BRBMEFOV0KB4;AGRIBUSINESS;-;-;-;-;-;-;-;-;-;5,4;-;-;-;-;-;-;-
CCMX27P008300;BRBMEFOV0KC2;AGRIBUSINESS;-;-;-;-;-;-;-;-;-;6,04;-;-;-;-;-;-;-
SJCF27C002000;BRBMEFFJMJI4;AGRIBUSINESS;-;-;-;-;-;-;-;-;-;8,53;-;-;-;-;-;-;-
SJCF27C002350;BRBMEFFJMN37;AGRIBUSINESS;-;-;-;-;-;-;-;-;-;5,12;-;-;-;-;-;-;-
SJCF27C002550;BRBMEFFJMN45;AGRIBUSINESS;-;-;-;-;-;-;-;-;-;3,2;-;-;-;-;-;-;-
SJCF27C002600;BRBMEFFJMN94;AGRIBUSINESS;-;-;-;-;-;-;-;-;-;2,73;-;-;-;-;-;-;-
SJCF27C002650;BRBMEFFJMN52;AGRIBUSINESS;-;-;-;-;-;-;-;-;-;2,28;-;-;-;-;-;-;-
SJCF27C002700;BRBMEFFJMNC9;AGRIBUSINESS;-;-;-;-;-;-;-;-;-;1,87;-;-;-;-;-;-;-
SJCF27C002800;BRBMEFFJMNF2;AGRIBUSINESS;-;-;-;-;-;-;-;-;-;1,15;-;-;-;-;-;-;-
SJCF27C002900;BRBMEFFJMNG0;AGRIBUSINESS;-;-;-;-;-;-;-;-;-;0,66;-;-;-;-;-;-;-
SJCF27C003000;BRBMEFFJMJJ2;AGRIBUSINESS;-;-;-;-;-;-;-;-;-;0,36;-;-;-;-;-;-;-
SJCF27P002000;BRBMEFSJ1JI1;AGRIBUSINESS;-;-;-;-;-;-;-;-;-;0,01;-;-;-;-;-;-;-
SJCF27P002350;BRBMEFSJ1N37;AGRIBUSINESS;-;-;-;-;-;-;-;-;-;0,01;-;-;-;-;-;-;-
SJCF27P002550;BRBMEFSJ1N45;AGRIBUSINESS;-;-;-;-;-;-;-;-;-;0,02;-;-;-;-;-;-;-
SJCF27P002600;BRBMEFSJ1N94;AGRIBUSINESS;-;-;-;-;-;-;-;-;-;0,05;-;-;-;-;-;-;-
SJCF27P002650;BRBMEFSJ1N52;AGRIBUSINESS;-;-;-;-;-;-;-;-;-;0,09;-;-;-;-;-;-;-
SJCF27P002700;BRBMEFSJ1NC6;AGRIBUSINESS;-;-;-;-;-;-;-;-;-;0,16;-;-;-;-;-;-;-
SJCF27P002800;BRBMEFSJ1NF9;AGRIBUSINESS;-;-;-;-;-;-;-;-;-;0,42;-;-;-;-;-;-;-
SJCF27P002900;BRBMEFSJ1NG7;AGRIBUSINESS;-;-;-;-;-;-;-;-;-;0,9;-;-;-;-;-;-;-
SJCF27P003000;BRBMEFSJ1JJ9;AGRIBUSINESS;-;-;-;-;-;-;-;-;-;1,57;-;-;-;-;-;-;-
SJCH27C002000;BRBMEFFJMJK0;AGRIBUSINESS;-;-;-;-;-;-;-;-;-;8,58;-;-;-;-;-;-;-
SJCH27C002300;BRBMEFFJMJT1;AGRIBUSINESS;-;-;-;-;-;-;-;-;-;5,71;-;-;-;-;-;-;-
SJCH27C002350;BRBMEFFJMKN2;AGRIBUSINESS;-;-;-;-;-;-;-;-;-;5,24;-;-;-;-;-;-;-
SJCH27C002375;BRBMEFFJMKG6;AGRIBUSINESS;-;-;-;-;-;-;-;-;-;5;-;-;-;-;-;-;-
SJCH27C002400;BRBMEFFJMJW5;AGRIBUSINESS;-;-;-;-;-;-;-;-;-;4,76;-;-;-;-;-;-;-
SJCH27C002450;BRBMEFFJMKH4;AGRIBUSINESS;-;-;-;-;-;-;-;-;-;4,3;-;-;-;-;-;-;-
SJCH27C002475;BRBMEFFJMJU9;AGRIBUSINESS;-;-;-;-;-;-;-;-;-;4,06;-;-;-;-;-;-;-
SJCH27C002500;BRBMEFFJMKI2;AGRIBUSINESS;-;-;-;-;-;-;-;-;-;3,83;-;-;-;-;-;-;-
SJCH27C002525;BRBMEFFJMKJ0;AGRIBUSINESS;-;-;-;-;-;-;-;-;-;3,61;-;-;-;-;-;-;-
SJCH27C002550;BRBMEFFJMKK8;AGRIBUSINESS;-;-;-;-;-;-;-;-;-;3,38;-;-;-;-;-;-;-
SJCH27C002575;BRBMEFFJMJV7;AGRIBUSINESS;-;-;-;-;-;-;-;-;-;3,16;-;-;-;-;-;-;-
SJCH27C002600;BRBMEFFJMJX3;AGRIBUSINESS;-;-;-;-;-;-;-;-;-;2,94;-;-;-;-;-;-;-
SJCH27C002625;BRBMEFFJMM38;AGRIBUSINESS;-;-;-;-;-;-;-;-;-;2,73;-;-;-;-;-;-;-
SJCH27C002650;BRBMEFFJMLB5;AGRIBUSINESS;-;-;-;-;-;-;-;-;-;2,53;-;-;-;-;-;-;-
SJCH27C002700;BRBMEFFJMKO0;AGRIBUSINESS;-;-;-;-;-;-;-;-;-;2,14;-;-;-;-;-;-;-
SJCH27C002725;BRBMEFFJMN60;AGRIBUSINESS;-;-;-;-;-;-;-;-;-;1,95;-;-;-;-;-;-;-
SJCH27C002750;BRBMEFFJMNA3;AGRIBUSINESS;-;-;-;-;-;-;-;-;-;1,78;-;-;-;-;-;-;-
SJCH27C002775;BRBMEFFJMND7;AGRIBUSINESS;-;-;-;-;-;-;-;-;-;1,62;-;-;-;-;-;-;-
SJCH27C002800;BRBMEFFJMLC3;AGRIBUSINESS;-;-;-;-;-;-;-;-;-;1,47;-;-;-;-;-;-;-
SJCH27C002850;BRBMEFFJMNJ4;AGRIBUSINESS;-;-;-;-;-;-;-;-;-;1,21;-;-;-;-;-;-;-
SJCH27C002900;BRBMEFFJMNH8;AGRIBUSINESS;-;-;-;-;-;-;-;-;-;0,98;-;-;-;-;-;-;-
SJCH27C002925;BRBMEFFJMNB1;AGRIBUSINESS;-;-;-;-;-;-;-;-;-;0,89;-;-;-;-;-;-;-
SJCH27C003000;BRBMEFFJMJL8;AGRIBUSINESS;-;-;-;-;-;-;-;-;-;0,64;-;-;-;-;-;-;-
SJCH27C003050;BRBMEFFJMNK2;AGRIBUSINESS;-;-;-;-;-;-;-;-;-;0,52;-;-;-;-;-;-;-
SJCH27C003100;BRBMEFFJMNI6;AGRIBUSINESS;-;-;-;-;-;-;-;-;-;0,42;-;-;-;-;-;-;-
SJCH27C003300;BRBMEFFJMNM8;AGRIBUSINESS;-;-;-;-;-;-;-;-;-;0,18;-;-;-;-;-;-;-
SJCH27C003700;BRBMEFFJMNO4;AGRIBUSINESS;-;-;-;-;-;-;-;-;-;0,03;-;-;-;-;-;-;-
SJCH27P002000;BRBMEFSJ1JK7;AGRIBUSINESS;-;-;-;-;-;-;-;-;-;0,01;-;-;-;-;-;-;-
SJCH27P002300;BRBMEFSJ1JT8;AGRIBUSINESS;-;-;-;-;-;-;-;-;-;0,01;-;-;-;-;-;-;-
SJCH27P002350;BRBMEFSJ1KN9;AGRIBUSINESS;-;-;-;-;-;-;-;-;-;0,01;-;-;-;-;-;-;-
SJCH27P002375;BRBMEFSJ1KG3;AGRIBUSINESS;-;-;-;-;-;-;-;-;-;0,01;-;-;-;-;-;-;-
SJCH27P002400;BRBMEFSJ1JW2;AGRIBUSINESS;-;-;-;-;-;-;-;-;-;0,01;-;-;-;-;-;-;-
SJCH27P002450;BRBMEFSJ1KH1;AGRIBUSINESS;-;-;-;-;-;-;-;-;-;0,02;-;-;-;-;-;-;-
SJCH27P002475;BRBMEFSJ1JU6;AGRIBUSINESS;-;-;-;-;-;-;-;-;-;0,03;-;-;-;-;-;-;-
SJCH27P002500;BRBMEFSJ1KI9;AGRIBUSINESS;-;-;-;-;-;-;-;-;-;0,04;-;-;-;-;-;-;-
SJCH27P002525;BRBMEFSJ1KJ7;AGRIBUSINESS;-;-;-;-;-;-;-;-;-;0,05;-;-;-;-;-;-;-
SJCH27P002550;BRBMEFSJ1KK5;AGRIBUSINESS;-;-;-;-;-;-;-;-;-;0,06;-;-;-;-;-;-;-
SJCH27P002575;BRBMEFSJ1JV4;AGRIBUSINESS;-;-;-;-;-;-;-;-;-;0,08;-;-;-;-;-;-;-
SJCH27P002600;BRBMEFSJ1JX0;AGRIBUSINESS;-;-;-;-;-;-;-;-;-;0,1;-;-;-;-;-;-;-
SJCH27P002625;BRBMEFSJ1M38;AGRIBUSINESS;-;-;-;-;-;-;-;-;-;0,13;-;-;-;-;-;-;-
SJCH27P002650;BRBMEFSJ1LB2;AGRIBUSINESS;-;-;-;-;-;-;-;-;-;0,16;-;-;-;-;-;-;-
SJCH27P002700;BRBMEFSJ1KO7;AGRIBUSINESS;-;-;-;-;-;-;-;-;-;0,25;-;-;-;-;-;-;-
SJCH27P002725;BRBMEFSJ1N60;AGRIBUSINESS;-;-;-;-;-;-;-;-;-;0,31;-;-;-;-;-;-;-
SJCH27P002750;BRBMEFSJ1NA0;AGRIBUSINESS;-;-;-;-;-;-;-;-;-;0,38;-;-;-;-;-;-;-
SJCH27P002775;BRBMEFSJ1ND4;AGRIBUSINESS;-;-;-;-;-;-;-;-;-;0,46;-;-;-;-;-;-;-
SJCH27P002800;BRBMEFSJ1LC0;AGRIBUSINESS;-;-;-;-;-;-;-;-;-;0,55;-;-;-;-;-;-;-
SJCH27P002850;BRBMEFSJ1NJ1;AGRIBUSINESS;-;-;-;-;-;-;-;-;-;0,76;-;-;-;-;-;-;-
SJCH27P002900;BRBMEFSJ1NH5;AGRIBUSINESS;-;-;-;-;-;-;-;-;-;1,01;-;-;-;-;-;-;-
SJCH27P002925;BRBMEFSJ1NB8;AGRIBUSINESS;-;-;-;-;-;-;-;-;-;1,16;-;-;-;-;-;-;-
SJCH27P003000;BRBMEFSJ1JL5;AGRIBUSINESS;-;-;-;-;-;-;-;-;-;1,63;-;-;-;-;-;-;-
SJCH27P003050;BRBMEFSJ1NK9;AGRIBUSINESS;-;-;-;-;-;-;-;-;-;1,98;-;-;-;-;-;-;-
SJCH27P003100;BRBMEFSJ1NI3;AGRIBUSINESS;-;-;-;-;-;-;-;-;-;2,36;-;-;-;-;-;-;-
SJCH27P003300;BRBMEFSJ1NM5;AGRIBUSINESS;-;-;-;-;-;-;-;-;-;4,03;-;-;-;-;-;-;-
SJCH27P003700;BRBMEFSJ1NO1;AGRIBUSINESS;-;-;-;-;-;-;-;-;-;7,72;-;-;-;-;-;-;-
SJCK27C002000;BRBMEFFJMJM6;AGRIBUSINESS;-;-;-;-;-;-;-;-;-;8,59;-;-;-;-;-;-;-
SJCK27C002275;BRBMEFFJMJR5;AGRIBUSINESS;-;-;-;-;-;-;-;-;-;6,02;-;-;-;-;-;-;-
SJCK27C002300;BRBMEFFJML96;AGRIBUSINESS;-;-;-;-;-;-;-;-;-;5,79;-;-;-;-;-;-;-
SJCK27C002325;BRBMEFFJMJS3;AGRIBUSINESS;-;-;-;-;-;-;-;-;-;5,56;-;-;-;-;-;-;-
SJCK27C002350;BRBMEFFJMK06;AGRIBUSINESS;-;-;-;-;-;-;-;-;-;5,33;-;-;-;-;-;-;-
SJCK27C002400;BRBMEFFJMJY1;AGRIBUSINESS;-;-;-;-;-;-;-;-;-;4,87;-;-;-;-;-;-;-
SJCK27C002425;BRBMEFFJMK14;AGRIBUSINESS;-;-;-;-;-;-;-;-;-;4,64;-;-;-;-;-;-;-
SJCK27C002450;BRBMEFFJMK22;AGRIBUSINESS;-;-;-;-;-;-;-;-;-;4,42;-;-;-;-;-;-;-
SJCK27C002475;BRBMEFFJMJQ7;AGRIBUSINESS;-;-;-;-;-;-;-;-;-;4,2;-;-;-;-;-;-;-
SJCK27C002500;BRBMEFFJMK30;AGRIBUSINESS;-;-;-;-;-;-;-;-;-;3,98;-;-;-;-;-;-;-
SJCK27C002525;BRBMEFFJMK48;AGRIBUSINESS;-;-;-;-;-;-;-;-;-;3,76;-;-;-;-;-;-;-
SJCK27C002550;BRBMEFFJMK63;AGRIBUSINESS;-;-;-;-;-;-;-;-;-;3,55;-;-;-;-;-;-;-
SJCK27C002575;BRBMEFFJMK55;AGRIBUSINESS;-;-;-;-;-;-;-;-;-;3,34;-;-;-;-;-;-;-
SJCK27C002600;BRBMEFFJMJZ8;AGRIBUSINESS;-;-;-;-;-;-;-;-;-;3,13;-;-;-;-;-;-;-
SJCK27C002650;BRBMEFFJMM79;AGRIBUSINESS;-;-;-;-;-;-;-;-;-;2,74;-;-;-;-;-;-;-
SJCK27C002675;BRBMEFFJMLA7;AGRIBUSINESS;-;-;-;-;-;-;-;-;-;2,56;-;-;-;-;-;-;-
SJCK27C002700;BRBMEFFJMM61;AGRIBUSINESS;-;-;-;-;-;-;-;-;-;2,38;-;-;-;-;-;-;-
SJCK27C002725;BRBMEFFJMM87;AGRIBUSINESS;-;-;-;-;-;-;-;-;-;2,21;-;-;-;-;-;-;-
SJCK27C002750;BRBMEFFJMM95;AGRIBUSINESS;-;-;-;-;-;-;-;-;-;2,05;-;-;-;-;-;-;-
SJCK27C002775;BRBMEFFJMMA5;AGRIBUSINESS;-;-;-;-;-;-;-;-;-;1,89;-;-;-;-;-;-;-
SJCK27C002800;BRBMEFFJMMB3;AGRIBUSINESS;-;-;-;-;-;-;-;-;-;1,75;-;-;-;-;-;-;-
SJCK27C002825;BRBMEFFJMMC1;AGRIBUSINESS;-;-;-;-;-;-;-;-;-;1,62;-;-;-;-;-;-;-
SJCK27C002850;BRBMEFFJMMD9;AGRIBUSINESS;-;-;-;-;-;-;-;-;-;1,49;-;-;-;-;-;-;-
SJCK27C002900;BRBMEFFJMN86;AGRIBUSINESS;-;-;-;-;-;-;-;-;-;1,27;-;-;-;-;-;-;-
SJCK27C002925;BRBMEFFJMNN6;AGRIBUSINESS;-;-;-;-;-;-;-;-;-;1,17;-;-;-;-;-;-;-
SJCK27C003000;BRBMEFFJMJN4;AGRIBUSINESS;-;-;-;-;-;-;-;-;-;0,91;-;-;-;-;-;-;-
SJCK27C003050;BRBMEFFJMNL0;AGRIBUSINESS;0,81;0,81;0,81;0,81;0,81;-;-;-;-;0,77;-;-;-;-;1;200;365199,84
SJCK27C003200;BRBMEFFJMN78;AGRIBUSINESS;-;-;-;-;-;-;-;-;-;0,46;-;-;-;-;-;-;-
SJCK27C003300;BRBMEFFJMNE5;AGRIBUSINESS;-;-;-;-;-;-;-;-;-;0,33;-;-;-;-;-;-;-
SJCK27P002000;BRBMEFSJ1JM3;AGRIBUSINESS;-;-;-;-;-;-;-;-;-;0,01;-;-;-;-;-;-;-
SJCK27P002275;BRBMEFSJ1JR2;AGRIBUSINESS;-;-;-;-;-;-;-;-;-;0,01;-;-;-;-;-;-;-
SJCK27P002300;BRBMEFSJ1L96;AGRIBUSINESS;-;-;-;-;-;-;-;-;-;0,01;-;-;-;-;-;-;-
SJCK27P002325;BRBMEFSJ1JS0;AGRIBUSINESS;-;-;-;-;-;-;-;-;-;0,01;-;-;-;-;-;-;-
SJCK27P002350;BRBMEFSJ1K06;AGRIBUSINESS;-;-;-;-;-;-;-;-;-;0,02;-;-;-;-;-;-;-
SJCK27P002400;BRBMEFSJ1JY8;AGRIBUSINESS;-;-;-;-;-;-;-;-;-;0,03;-;-;-;-;-;-;-
SJCK27P002425;BRBMEFSJ1K14;AGRIBUSINESS;-;-;-;-;-;-;-;-;-;0,04;-;-;-;-;-;-;-
SJCK27P002450;BRBMEFSJ1K22;AGRIBUSINESS;-;-;-;-;-;-;-;-;-;0,05;-;-;-;-;-;-;-
SJCK27P002475;BRBMEFSJ1JQ4;AGRIBUSINESS;-;-;-;-;-;-;-;-;-;0,06;-;-;-;-;-;-;-
SJCK27P002500;BRBMEFSJ1K30;AGRIBUSINESS;-;-;-;-;-;-;-;-;-;0,07;-;-;-;-;-;-;-
SJCK27P002525;BRBMEFSJ1K48;AGRIBUSINESS;-;-;-;-;-;-;-;-;-;0,09;-;-;-;-;-;-;-
SJCK27P002550;BRBMEFSJ1K63;AGRIBUSINESS;-;-;-;-;-;-;-;-;-;0,11;-;-;-;-;-;-;-
SJCK27P002575;BRBMEFSJ1K55;AGRIBUSINESS;-;-;-;-;-;-;-;-;-;0,13;-;-;-;-;-;-;-
SJCK27P002600;BRBMEFSJ1JZ5;AGRIBUSINESS;-;-;-;-;-;-;-;-;-;0,17;-;-;-;-;-;-;-
SJCK27P002650;BRBMEFSJ1M79;AGRIBUSINESS;-;-;-;-;-;-;-;-;-;0,24;-;-;-;-;-;-;-
SJCK27P002675;BRBMEFSJ1LA4;AGRIBUSINESS;-;-;-;-;-;-;-;-;-;0,29;-;-;-;-;-;-;-
SJCK27P002700;BRBMEFSJ1M61;AGRIBUSINESS;0,55;0,55;0,55;0,55;0,55;-51,75;-;-;-;0,35;-;-;-;-;1;200;247975,2
SJCK27P002725;BRBMEFSJ1M87;AGRIBUSINESS;-;-;-;-;-;-;-;-;-;0,41;-;-;-;-;-;-;-
SJCK27P002750;BRBMEFSJ1M95;AGRIBUSINESS;-;-;-;-;-;-;-;-;-;0,48;-;-;-;-;-;-;-
SJCK27P002775;BRBMEFSJ1MA2;AGRIBUSINESS;-;-;-;-;-;-;-;-;-;0,57;-;-;-;-;-;-;-
SJCK27P002800;BRBMEFSJ1MB0;AGRIBUSINESS;-;-;-;-;-;-;-;-;-;0,66;-;-;-;-;-;-;-
SJCK27P002825;BRBMEFSJ1MC8;AGRIBUSINESS;-;-;-;-;-;-;-;-;-;0,76;-;-;-;-;-;-;-
SJCK27P002850;BRBMEFSJ1MD6;AGRIBUSINESS;-;-;-;-;-;-;-;-;-;0,87;-;-;-;-;-;-;-
SJCK27P002900;BRBMEFSJ1N86;AGRIBUSINESS;1,4;1,4;1,4;1,4;1,4;-6,66;-;-;-;1,11;-;-;-;-;1;200;631209,6
SJCK27P002925;BRBMEFSJ1NN3;AGRIBUSINESS;-;-;-;-;-;-;-;-;-;1,25;-;-;-;-;-;-;-
SJCK27P003000;BRBMEFSJ1JN1;AGRIBUSINESS;-;-;-;-;-;-;-;-;-;1,69;-;-;-;-;-;-;-
SJCK27P003050;BRBMEFSJ1NL7;AGRIBUSINESS;-;-;-;-;-;-;-;-;-;2,02;-;-;-;-;-;-;-
SJCK27P003200;BRBMEFSJ1N78;AGRIBUSINESS;-;-;-;-;-;-;-;-;-;3,12;-;-;-;-;-;-;-
SJCK27P003300;BRBMEFSJ1NE2;AGRIBUSINESS;-;-;-;-;-;-;-;-;-;3,92;-;-;-;-;-;-;-
SJCN27C002300;BRBMEFFJMME7;AGRIBUSINESS;-;-;-;-;-;-;-;-;-;5,8;-;-;-;-;-;-;-
SJCN27C002325;BRBMEFFJMMF4;AGRIBUSINESS;-;-;-;-;-;-;-;-;-;5,58;-;-;-;-;-;-;-
SJCN27C002350;BRBMEFFJMMG2;AGRIBUSINESS;-;-;-;-;-;-;-;-;-;5,36;-;-;-;-;-;-;-
SJCN27C002375;BRBMEFFJMMH0;AGRIBUSINESS;-;-;-;-;-;-;-;-;-;5,14;-;-;-;-;-;-;-
SJCN27C002400;BRBMEFFJMMI8;AGRIBUSINESS;-;-;-;-;-;-;-;-;-;4,92;-;-;-;-;-;-;-
SJCN27C002425;BRBMEFFJMMJ6;AGRIBUSINESS;-;-;-;-;-;-;-;-;-;4,7;-;-;-;-;-;-;-
SJCN27C002450;BRBMEFFJMMK4;AGRIBUSINESS;-;-;-;-;-;-;-;-;-;4,49;-;-;-;-;-;-;-
SJCN27C002475;BRBMEFFJMML2;AGRIBUSINESS;-;-;-;-;-;-;-;-;-;4,27;-;-;-;-;-;-;-
SJCN27C002500;BRBMEFFJMMM0;AGRIBUSINESS;-;-;-;-;-;-;-;-;-;4,06;-;-;-;-;-;-;-
SJCN27C002525;BRBMEFFJMMN8;AGRIBUSINESS;-;-;-;-;-;-;-;-;-;3,85;-;-;-;-;-;-;-
SJCN27C002550;BRBMEFFJMMO6;AGRIBUSINESS;-;-;-;-;-;-;-;-;-;3,65;-;-;-;-;-;-;-
SJCN27C002575;BRBMEFFJMMP3;AGRIBUSINESS;-;-;-;-;-;-;-;-;-;3,45;-;-;-;-;-;-;-
SJCN27C002600;BRBMEFFJMMQ1;AGRIBUSINESS;-;-;-;-;-;-;-;-;-;3,26;-;-;-;-;-;-;-
SJCN27C002625;BRBMEFFJMMR9;AGRIBUSINESS;-;-;-;-;-;-;-;-;-;3,08;-;-;-;-;-;-;-
SJCN27C002650;BRBMEFFJMMS7;AGRIBUSINESS;-;-;-;-;-;-;-;-;-;2,89;-;-;-;-;-;-;-
SJCN27C002675;BRBMEFFJMMT5;AGRIBUSINESS;-;-;-;-;-;-;-;-;-;2,72;-;-;-;-;-;-;-
SJCN27C002700;BRBMEFFJMMU3;AGRIBUSINESS;-;-;-;-;-;-;-;-;-;2,55;-;-;-;-;-;-;-
SJCN27C002725;BRBMEFFJMMV1;AGRIBUSINESS;-;-;-;-;-;-;-;-;-;2,39;-;-;-;-;-;-;-
SJCN27C002750;BRBMEFFJMMW9;AGRIBUSINESS;-;-;-;-;-;-;-;-;-;2,23;-;-;-;-;-;-;-
SJCN27C002775;BRBMEFFJMMX7;AGRIBUSINESS;-;-;-;-;-;-;-;-;-;2,09;-;-;-;-;-;-;-
SJCN27C002800;BRBMEFFJMMY5;AGRIBUSINESS;-;-;-;-;-;-;-;-;-;1,95;-;-;-;-;-;-;-
SJCN27C002825;BRBMEFFJMMZ2;AGRIBUSINESS;-;-;-;-;-;-;-;-;-;1,83;-;-;-;-;-;-;-
SJCN27C002850;BRBMEFFJMN03;AGRIBUSINESS;-;-;-;-;-;-;-;-;-;1,7;-;-;-;-;-;-;-
SJCN27C002875;BRBMEFFJMN11;AGRIBUSINESS;-;-;-;-;-;-;-;-;-;1,59;-;-;-;-;-;-;-
SJCN27C002900;BRBMEFFJMN29;AGRIBUSINESS;-;-;-;-;-;-;-;-;-;1,49;-;-;-;-;-;-;-
SJCN27C002950;BRBMEFFJMNP1;AGRIBUSINESS;-;-;-;-;-;-;-;-;-;1,29;-;-;-;-;-;-;-
SJCN27P002300;BRBMEFSJ1ME4;AGRIBUSINESS;-;-;-;-;-;-;-;-;-;0,02;-;-;-;-;-;-;-
SJCN27P002325;BRBMEFSJ1MF1;AGRIBUSINESS;-;-;-;-;-;-;-;-;-;0,03;-;-;-;-;-;-;-
SJCN27P002350;BRBMEFSJ1MG9;AGRIBUSINESS;-;-;-;-;-;-;-;-;-;0,04;-;-;-;-;-;-;-
SJCN27P002375;BRBMEFSJ1MH7;AGRIBUSINESS;-;-;-;-;-;-;-;-;-;0,05;-;-;-;-;-;-;-
SJCN27P002400;BRBMEFSJ1MI5;AGRIBUSINESS;-;-;-;-;-;-;-;-;-;0,06;-;-;-;-;-;-;-
SJCN27P002425;BRBMEFSJ1MJ3;AGRIBUSINESS;-;-;-;-;-;-;-;-;-;0,07;-;-;-;-;-;-;-
SJCN27P002450;BRBMEFSJ1MK1;AGRIBUSINESS;-;-;-;-;-;-;-;-;-;0,09;-;-;-;-;-;-;-
SJCN27P002475;BRBMEFSJ1ML9;AGRIBUSINESS;-;-;-;-;-;-;-;-;-;0,1;-;-;-;-;-;-;-
SJCN27P002500;BRBMEFSJ1MM7;AGRIBUSINESS;-;-;-;-;-;-;-;-;-;0,12;-;-;-;-;-;-;-
SJCN27P002525;BRBMEFSJ1MN5;AGRIBUSINESS;-;-;-;-;-;-;-;-;-;0,14;-;-;-;-;-;-;-
SJCN27P002550;BRBMEFSJ1MO3;AGRIBUSINESS;-;-;-;-;-;-;-;-;-;0,17;-;-;-;-;-;-;-
SJCN27P002575;BRBMEFSJ1MP0;AGRIBUSINESS;-;-;-;-;-;-;-;-;-;0,2;-;-;-;-;-;-;-
SJCN27P002600;BRBMEFSJ1MQ8;AGRIBUSINESS;-;-;-;-;-;-;-;-;-;0,24;-;-;-;-;-;-;-
SJCN27P002625;BRBMEFSJ1MR6;AGRIBUSINESS;-;-;-;-;-;-;-;-;-;0,28;-;-;-;-;-;-;-
SJCN27P002650;BRBMEFSJ1MS4;AGRIBUSINESS;-;-;-;-;-;-;-;-;-;0,33;-;-;-;-;-;-;-
SJCN27P002675;BRBMEFSJ1MT2;AGRIBUSINESS;-;-;-;-;-;-;-;-;-;0,38;-;-;-;-;-;-;-
SJCN27P002700;BRBMEFSJ1MU0;AGRIBUSINESS;-;-;-;-;-;-;-;-;-;0,44;-;-;-;-;-;-;-
SJCN27P002725;BRBMEFSJ1MV8;AGRIBUSINESS;-;-;-;-;-;-;-;-;-;0,51;-;-;-;-;-;-;-
SJCN27P002750;BRBMEFSJ1MW6;AGRIBUSINESS;-;-;-;-;-;-;-;-;-;0,59;-;-;-;-;-;-;-
SJCN27P002775;BRBMEFSJ1MX4;AGRIBUSINESS;-;-;-;-;-;-;-;-;-;0,67;-;-;-;-;-;-;-
SJCN27P002800;BRBMEFSJ1MY2;AGRIBUSINESS;-;-;-;-;-;-;-;-;-;0,77;-;-;-;-;-;-;-
SJCN27P002825;BRBMEFSJ1MZ9;AGRIBUSINESS;-;-;-;-;-;-;-;-;-;0,87;-;-;-;-;-;-;-
SJCN27P002850;BRBMEFSJ1N03;AGRIBUSINESS;-;-;-;-;-;-;-;-;-;0,98;-;-;-;-;-;-;-
SJCN27P002875;BRBMEFSJ1N11;AGRIBUSINESS;-;-;-;-;-;-;-;-;-;1,09;-;-;-;-;-;-;-
SJCN27P002900;BRBMEFSJ1N29;AGRIBUSINESS;-;-;-;-;-;-;-;-;-;1,22;-;-;-;-;-;-;-
SJCN27P002950;BRBMEFSJ1NP8;AGRIBUSINESS;-;-;-;-;-;-;-;-;-;1,48;-;-;-;-;-;-;-
SJCX26C002175;BRBMEFFJMGY7;AGRIBUSINESS;-;-;-;-;-;-;-;-;-;6,6;-;-;-;-;-;-;-
SJCX26C002200;BRBMEFFJMJ74;AGRIBUSINESS;-;-;-;-;-;-;-;-;-;6,35;-;-;-;-;-;-;-
SJCX26C002225;BRBMEFFJMGV3;AGRIBUSINESS;-;-;-;-;-;-;-;-;-;6,1;-;-;-;-;-;-;-
SJCX26C002250;BRBMEFFJMJ82;AGRIBUSINESS;-;-;-;-;-;-;-;-;-;5,85;-;-;-;-;-;-;-
SJCX26C002300;BRBMEFFJMJ90;AGRIBUSINESS;-;-;-;-;-;-;-;-;-;5,36;-;-;-;-;-;-;-
SJCX26C002350;BRBMEFFJMJA1;AGRIBUSINESS;-;-;-;-;-;-;-;-;-;4,86;-;-;-;-;-;-;-
SJCX26C002375;BRBMEFFJMJP9;AGRIBUSINESS;-;-;-;-;-;-;-;-;-;4,61;-;-;-;-;-;-;-
SJCX26C002400;BRBMEFFJMJB9;AGRIBUSINESS;-;-;-;-;-;-;-;-;-;4,36;-;-;-;-;-;-;-
SJCX26C002450;BRBMEFFJMJC7;AGRIBUSINESS;-;-;-;-;-;-;-;-;-;3,86;-;-;-;-;-;-;-
SJCX26C002500;BRBMEFFJMJD5;AGRIBUSINESS;-;-;-;-;-;-;-;-;-;3,37;-;-;-;-;-;-;-
SJCX26C002525;BRBMEFFJMLR1;AGRIBUSINESS;-;-;-;-;-;-;-;-;-;3,12;-;-;-;-;-;-;-
SJCX26C002550;BRBMEFFJMJE3;AGRIBUSINESS;-;-;-;-;-;-;-;-;-;2,87;-;-;-;-;-;-;-
SJCX26C002575;BRBMEFFJMLS9;AGRIBUSINESS;-;-;-;-;-;-;-;-;-;2,62;-;-;-;-;-;-;-
SJCX26C002600;BRBMEFFJMJF0;AGRIBUSINESS;-;-;-;-;-;-;-;-;-;2,37;-;-;-;-;-;-;-
SJCX26C002625;BRBMEFFJMLT7;AGRIBUSINESS;-;-;-;-;-;-;-;-;-;2,13;-;-;-;-;-;-;-
SJCX26C002650;BRBMEFFJMJG8;AGRIBUSINESS;-;-;-;-;-;-;-;-;-;1,88;-;-;-;-;-;-;-
SJCX26C002675;BRBMEFFJMLU5;AGRIBUSINESS;-;-;-;-;-;-;-;-;-;1,64;-;-;-;-;-;-;-
SJCX26C002700;BRBMEFFJMJH6;AGRIBUSINESS;-;-;-;-;-;-;-;-;-;1,4;-;-;-;-;-;-;-
SJCX26C002725;BRBMEFFJMLV3;AGRIBUSINESS;-;-;-;-;-;-;-;-;-;1,17;-;-;-;-;-;-;-
SJCX26C002750;BRBMEFFJMLW1;AGRIBUSINESS;-;-;-;-;-;-;-;-;-;0,96;-;-;-;-;-;-;-
SJCX26C002775;BRBMEFFJMLX9;AGRIBUSINESS;-;-;-;-;-;-;-;-;-;0,76;-;-;-;-;-;-;-
SJCX26C002800;BRBMEFFJMLY7;AGRIBUSINESS;-;-;-;-;-;-;-;-;-;0,58;-;-;-;-;-;-;-
SJCX26C002825;BRBMEFFJMLZ4;AGRIBUSINESS;-;-;-;-;-;-;-;-;-;0,43;-;-;-;-;-;-;-
SJCX26C002850;BRBMEFFJMM04;AGRIBUSINESS;-;-;-;-;-;-;-;-;-;0,32;-;-;-;-;-;-;-
SJCX26C002875;BRBMEFFJMM12;AGRIBUSINESS;-;-;-;-;-;-;-;-;-;0,22;-;-;-;-;-;-;-
SJCX26C002900;BRBMEFFJMM20;AGRIBUSINESS;-;-;-;-;-;-;-;-;-;0,15;-;-;-;-;-;-;-
SJCX26P002175;BRBMEFSJ1GY4;AGRIBUSINESS;-;-;-;-;-;-;-;-;-;0,01;-;-;-;-;-;-;-
SJCX26P002200;BRBMEFSJ1J74;AGRIBUSINESS;-;-;-;-;-;-;-;-;-;0,01;-;-;-;-;-;-;-
SJCX26P002225;BRBMEFSJ1GV0;AGRIBUSINESS;-;-;-;-;-;-;-;-;-;0,01;-;-;-;-;-;-;-
SJCX26P002250;BRBMEFSJ1J82;AGRIBUSINESS;-;-;-;-;-;-;-;-;-;0,01;-;-;-;-;-;-;-
SJCX26P002300;BRBMEFSJ1J90;AGRIBUSINESS;-;-;-;-;-;-;-;-;-;0,01;-;-;-;-;-;-;-
SJCX26P002350;BRBMEFSJ1JA8;AGRIBUSINESS;-;-;-;-;-;-;-;-;-;0,01;-;-;-;-;-;-;-
SJCX26P002375;BRBMEFSJ1JP6;AGRIBUSINESS;-;-;-;-;-;-;-;-;-;0,01;-;-;-;-;-;-;-
SJCX26P002400;BRBMEFSJ1JB6;AGRIBUSINESS;-;-;-;-;-;-;-;-;-;0,01;-;-;-;-;-;-;-
SJCX26P002450;BRBMEFSJ1JC4;AGRIBUSINESS;-;-;-;-;-;-;-;-;-;0,01;-;-;-;-;-;-;-
SJCX26P002500;BRBMEFSJ1JD2;AGRIBUSINESS;-;-;-;-;-;-;-;-;-;0,01;-;-;-;-;-;-;-
SJCX26P002525;BRBMEFSJ1LR8;AGRIBUSINESS;-;-;-;-;-;-;-;-;-;0,01;-;-;-;-;-;-;-
SJCX26P002550;BRBMEFSJ1JE0;AGRIBUSINESS;-;-;-;-;-;-;-;-;-;0,01;-;-;-;-;-;-;-
SJCX26P002575;BRBMEFSJ1LS6;AGRIBUSINESS;-;-;-;-;-;-;-;-;-;0,01;-;-;-;-;-;-;-
SJCX26P002600;BRBMEFSJ1JF7;AGRIBUSINESS;-;-;-;-;-;-;-;-;-;0,01;-;-;-;-;-;-;-
SJCX26P002625;BRBMEFSJ1LT4;AGRIBUSINESS;-;-;-;-;-;-;-;-;-;0,01;-;-;-;-;-;-;-
SJCX26P002650;BRBMEFSJ1JG5;AGRIBUSINESS;-;-;-;-;-;-;-;-;-;0,01;-;-;-;-;-;-;-
SJCX26P002675;BRBMEFSJ1LU2;AGRIBUSINESS;-;-;-;-;-;-;-;-;-;0,01;-;-;-;-;-;-;-
SJCX26P002700;BRBMEFSJ1JH3;AGRIBUSINESS;-;-;-;-;-;-;-;-;-;0,03;-;-;-;-;-;-;-
SJCX26P002725;BRBMEFSJ1LV0;AGRIBUSINESS;-;-;-;-;-;-;-;-;-;0,04;-;-;-;-;-;-;-
SJCX26P002750;BRBMEFSJ1LW8;AGRIBUSINESS;-;-;-;-;-;-;-;-;-;0,08;-;-;-;-;-;-;-
SJCX26P002775;BRBMEFSJ1LX6;AGRIBUSINESS;-;-;-;-;-;-;-;-;-;0,13;-;-;-;-;-;-;-
SJCX26P002800;BRBMEFSJ1LY4;AGRIBUSINESS;-;-;-;-;-;-;-;-;-;0,2;-;-;-;-;-;-;-
SJCX26P002825;BRBMEFSJ1LZ1;AGRIBUSINESS;-;-;-;-;-;-;-;-;-;0,3;-;-;-;-;-;-;-
SJCX26P002850;BRBMEFSJ1M04;AGRIBUSINESS;-;-;-;-;-;-;-;-;-;0,43;-;-;-;-;-;-;-
SJCX26P002875;BRBMEFSJ1M12;AGRIBUSINESS;-;-;-;-;-;-;-;-;-;0,59;-;-;-;-;-;-;-
SJCX26P002900;BRBMEFSJ1M20;AGRIBUSINESS;-;-;-;-;-;-;-;-;-;0,77;-;-;-;-;-;-;-
DOLF27C004000;BRBMEFCE1LJ8;FINANCIAL;-;-;-;-;-;-;-;-;-;1064,389;-;-;-;-;-;-;-
DOLF27C004100;BRBMEFCE1LK6;FINANCIAL;-;-;-;-;-;-;-;-;-;967,205;-;-;-;-;-;-;-
DOLF27C004150;BRBMEFCE1LR1;FINANCIAL;-;-;-;-;-;-;-;-;-;918,618;-;-;-;-;-;-;-
DOLF27C004200;BRBMEFCE1LL4;FINANCIAL;-;-;-;-;-;-;-;-;-;870,038;-;-;-;-;-;-;-
DOLF27C004250;BRBMEFCE1LS9;FINANCIAL;-;-;-;-;-;-;-;-;-;821,473;-;-;-;-;-;-;-
DOLF27C004300;BRBMEFCE1LM2;FINANCIAL;-;-;-;-;-;-;-;-;-;772,937;-;-;-;-;-;-;-
DOLF27C004350;BRBMEFCE1LT7;FINANCIAL;-;-;-;-;-;-;-;-;-;724,454;-;-;-;-;-;-;-
DOLF27C004400;BRBMEFCE1KX1;FINANCIAL;-;-;-;-;-;-;-;-;-;676,065;-;-;-;-;-;-;-
DOLF27C004450;BRBMEFCE1KW3;FINANCIAL;-;-;-;-;-;-;-;-;-;627,832;-;-;-;-;-;-;-
DOLF27C004500;BRBMEFCE1AD4;FINANCIAL;-;-;-;-;-;-;-;-;-;579,881;-;-;-;-;-;-;-
DOLF27C004550;BRBMEFCE1LU5;FINANCIAL;-;-;-;-;-;-;-;-;-;532,371;-;-;-;-;-;-;-
DOLF27C004600;BRBMEFCE1G56;FINANCIAL;-;-;-;-;-;-;-;-;-;485,493;-;-;-;-;-;-;-
DOLF27C004650;BRBMEFCE1LV3;FINANCIAL;-;-;-;-;-;-;-;-;-;439,554;-;-;-;-;-;-;-
DOLF27C004700;BRBMEFCE1LN0;FINANCIAL;-;-;-;-;-;-;-;-;-;395,118;-;-;-;-;-;-;-
DOLF27C004750;BRBMEFCE1LW1;FINANCIAL;-;-;-;-;-;-;-;-;-;352,728;-;-;-;-;-;-;-
DOLF27C004800;BRBMEFCE1AE2;FINANCIAL;-;-;-;-;-;-;-;-;-;313,093;-;-;-;-;-;-;-
DOLF27C004825;BRBMEFCE1M17;FINANCIAL;-;-;-;-;-;-;-;-;-;294,357;-;-;-;-;-;-;-
DOLF27C004850;BRBMEFCE1LX9;FINANCIAL;-;-;-;-;-;-;-;-;-;276,355;-;-;-;-;-;-;-
DOLF27C004875;BRBMEFCE1M25;FINANCIAL;-;-;-;-;-;-;-;-;-;259,11;-;-;-;-;-;-;-
DOLF27C004900;BRBMEFCE1LO8;FINANCIAL;-;-;-;-;-;-;-;-;-;242,716;-;-;-;-;-;-;-
DOLF27C004925;BRBMEFCE1M33;FINANCIAL;-;-;-;-;-;-;-;-;-;227,194;-;-;-;-;-;-;-
DOLF27C004950;BRBMEFCE1LY7;FINANCIAL;-;-;-;-;-;-;-;-;-;212,389;-;-;-;-;-;-;-
DOLF27C004975;BRBMEFCE1M41;FINANCIAL;-;-;-;-;-;-;-;-;-;198,458;-;-;-;-;-;-;-
DOLF27C005000;BRBMEFCE1B85;FINANCIAL;-;-;-;-;-;-;-;-;-;185,31;-;-;-;-;-;-;-
DOLF27C005050;BRBMEFCE1LZ4;FINANCIAL;-;-;-;-;-;-;-;-;-;161,198;-;-;-;-;-;-;-
DOLF27C005100;BRBMEFCE1BM3;FINANCIAL;138,5;138,5;138,5;138,5;138,5;-;-;-;-;140,055;-;-;-;-;1;200;1385000
DOLF27C005150;BRBMEFCE1M09;FINANCIAL;-;-;-;-;-;-;-;-;-;121,379;-;-;-;-;-;-;-
DOLF27C005200;BRBMEFCE1B93;FINANCIAL;-;-;-;-;-;-;-;-;-;105,027;-;-;-;-;-;-;-
DOLF27C005250;BRBMEFCE1KJ0;FINANCIAL;-;-;-;-;-;-;-;-;-;90,937;-;-;-;-;-;-;-
DOLF27C005300;BRBMEFCE1BN1;FINANCIAL;-;-;-;-;-;-;-;-;-;78,515;-;-;-;-;-;-;-
DOLF27C005350;BRBMEFCE1KI2;FINANCIAL;-;-;-;-;-;-;-;-;-;67,888;-;-;-;-;-;-;-
DOLF27C005400;BRBMEFCE1BA8;FINANCIAL;-;-;-;-;-;-;-;-;-;58,752;-;-;-;-;-;-;-
DOLF27C005450;BRBMEFCE1KH4;FINANCIAL;-;-;-;-;-;-;-;-;-;50,49;-;-;-;-;-;-;-
DOLF27C005500;BRBMEFCE1BO9;FINANCIAL;-;-;-;-;-;-;-;-;-;43,472;-;-;-;-;-;-;-
DOLF27C005550;BRBMEFCE1KK8;FINANCIAL;-;-;-;-;-;-;-;-;-;37,464;-;-;-;-;-;-;-
DOLF27C005600;BRBMEFCE1BB6;FINANCIAL;32;32;32;32;32;8,47;-;-;-;32,381;-;-;-;-;1;200;320000
DOLF27C005650;BRBMEFCE1G49;FINANCIAL;-;-;-;-;-;-;-;-;-;28,034;-;-;-;-;-;-;-
DOLF27C005700;BRBMEFCE1BP6;FINANCIAL;-;-;-;-;-;-;-;-;-;24,363;-;-;-;-;-;-;-
DOLF27C005750;BRBMEFCE1BZ5;FINANCIAL;-;-;-;-;-;-;-;-;-;21,22;-;-;-;-;-;-;-
DOLF27C005800;BRBMEFCE1BC4;FINANCIAL;-;-;-;-;-;-;-;-;-;18,527;-;-;-;-;-;-;-
DOLF27C005850;BRBMEFCE1C01;FINANCIAL;-;-;-;-;-;-;-;-;-;16,252;-;-;-;-;-;-;-
DOLF27C005900;BRBMEFCE1BQ4;FINANCIAL;-;-;-;-;-;-;-;-;-;14,296;-;-;-;-;-;-;-
DOLF27C005950;BRBMEFCE1C19;FINANCIAL;-;-;-;-;-;-;-;-;-;12,641;-;-;-;-;-;-;-
DOLF27C006000;BRBMEFCE1AF9;FINANCIAL;-;-;-;-;-;-;-;-;-;11,238;-;-;-;-;-;-;-
DOLF27C006050;BRBMEFCE1C27;FINANCIAL;-;-;-;-;-;-;-;-;-;9,999;-;-;-;-;-;-;-
DOLF27C006100;BRBMEFCE1BR2;FINANCIAL;-;-;-;-;-;-;-;-;-;8,575;-;-;-;-;-;-;-
DOLF27C006150;BRBMEFCE1C35;FINANCIAL;-;-;-;-;-;-;-;-;-;7,378;-;-;-;-;-;-;-
DOLF27C006200;BRBMEFCE1BS0;FINANCIAL;-;-;-;-;-;-;-;-;-;6,354;-;-;-;-;-;-;-
DOLF27C006250;BRBMEFCE1C43;FINANCIAL;-;-;-;-;-;-;-;-;-;5,478;-;-;-;-;-;-;-
DOLF27C006300;BRBMEFCE1BT8;FINANCIAL;-;-;-;-;-;-;-;-;-;4,728;-;-;-;-;-;-;-
DOLF27C006350;BRBMEFCE1KL6;FINANCIAL;-;-;-;-;-;-;-;-;-;4,098;-;-;-;-;-;-;-
DOLF27C006400;BRBMEFCE1KM4;FINANCIAL;-;-;-;-;-;-;-;-;-;3,546;-;-;-;-;-;-;-
DOLF27C006450;BRBMEFCE1FB7;FINANCIAL;-;-;-;-;-;-;-;-;-;3,082;-;-;-;-;-;-;-
DOLF27C006500;BRBMEFCE1AG7;FINANCIAL;-;-;-;-;-;-;-;-;-;2,684;-;-;-;-;-;-;-
DOLF27C006550;BRBMEFCE1KN2;FINANCIAL;-;-;-;-;-;-;-;-;-;2,341;-;-;-;-;-;-;-
DOLF27C006600;BRBMEFCE1KO0;FINANCIAL;-;-;-;-;-;-;-;-;-;2,045;-;-;-;-;-;-;-
DOLF27C006650;BRBMEFCE1KP7;FINANCIAL;-;-;-;-;-;-;-;-;-;1,784;-;-;-;-;-;-;-
DOLF27C006700;BRBMEFCE1KQ5;FINANCIAL;-;-;-;-;-;-;-;-;-;1,461;-;-;-;-;-;-;-
DOLF27C006750;BRBMEFCE1KR3;FINANCIAL;-;-;-;-;-;-;-;-;-;1,193;-;-;-;-;-;-;-
DOLF27C006800;BRBMEFCE1KS1;FINANCIAL;-;-;-;-;-;-;-;-;-;0,973;-;-;-;-;-;-;-
DOLF27C006850;BRBMEFCE1KT9;FINANCIAL;-;-;-;-;-;-;-;-;-;0,791;-;-;-;-;-;-;-
DOLF27C006900;BRBMEFCE1KU7;FINANCIAL;-;-;-;-;-;-;-;-;-;0,642;-;-;-;-;-;-;-
DOLF27C006950;BRBMEFCE1KV5;FINANCIAL;-;-;-;-;-;-;-;-;-;0,52;-;-;-;-;-;-;-
DOLF27C007000;BRBMEFCE1AH5;FINANCIAL;-;-;-;-;-;-;-;-;-;0,42;-;-;-;-;-;-;-
DOLF27C007050;BRBMEFCE1CH1;FINANCIAL;-;-;-;-;-;-;-;-;-;0,339;-;-;-;-;-;-;-
DOLF27C007100;BRBMEFCE1CI9;FINANCIAL;-;-;-;-;-;-;-;-;-;0,273;-;-;-;-;-;-;-
DOLF27C007150;BRBMEFCE1CJ7;FINANCIAL;-;-;-;-;-;-;-;-;-;0,219;-;-;-;-;-;-;-
DOLF27C007200;BRBMEFCE1CK5;FINANCIAL;-;-;-;-;-;-;-;-;-;0,176;-;-;-;-;-;-;-
DOLF27C007250;BRBMEFCE1CL3;FINANCIAL;-;-;-;-;-;-;-;-;-;0,141;-;-;-;-;-;-;-
DOLF27C007300;BRBMEFCE1CM1;FINANCIAL;-;-;-;-;-;-;-;-;-;0,112;-;-;-;-;-;-;-
DOLF27C007350;BRBMEFCE1CN9;FINANCIAL;-;-;-;-;-;-;-;-;-;0,09;-;-;-;-;-;-;-
DOLF27C007400;BRBMEFCE1CO7;FINANCIAL;-;-;-;-;-;-;-;-;-;0,071;-;-;-;-;-;-;-
DOLF27C007450;BRBMEFCE1CP4;FINANCIAL;-;-;-;-;-;-;-;-;-;0,057;-;-;-;-;-;-;-
DOLF27C007500;BRBMEFCE1CQ2;FINANCIAL;-;-;-;-;-;-;-;-;-;0,045;-;-;-;-;-;-;-
DOLF27C007550;BRBMEFCE1CR0;FINANCIAL;-;-;-;-;-;-;-;-;-;0,036;-;-;-;-;-;-;-
DOLF27C007600;BRBMEFCE1CS8;FINANCIAL;-;-;-;-;-;-;-;-;-;0,028;-;-;-;-;-;-;-
DOLF27C007650;BRBMEFCE1CT6;FINANCIAL;-;-;-;-;-;-;-;-;-;0,022;-;-;-;-;-;-;-
DOLF27C007700;BRBMEFCE1CU4;FINANCIAL;-;-;-;-;-;-;-;-;-;0,017;-;-;-;-;-;-;-
DOLF27C007750;BRBMEFCE1CV2;FINANCIAL;-;-;-;-;-;-;-;-;-;0,014;-;-;-;-;-;-;-
DOLF27C007800;BRBMEFCE1CW0;FINANCIAL;-;-;-;-;-;-;-;-;-;0,011;-;-;-;-;-;-;-
DOLF27C007850;BRBMEFCE1CX8;FINANCIAL;-;-;-;-;-;-;-;-;-;0,008;-;-;-;-;-;-;-
DOLF27C007900;BRBMEFCE1CY6;FINANCIAL;-;-;-;-;-;-;-;-;-;0,007;-;-;-;-;-;-;-
DOLF27C007950;BRBMEFCE1CZ3;FINANCIAL;-;-;-;-;-;-;-;-;-;0,005;-;-;-;-;-;-;-
DOLF27C008000;BRBMEFCE1D00;FINANCIAL;-;-;-;-;-;-;-;-;-;0,004;-;-;-;-;-;-;-
DOLF27C008050;BRBMEFCE1D18;FINANCIAL;-;-;-;-;-;-;-;-;-;0,003;-;-;-;-;-;-;-
DOLF27C008100;BRBMEFCE1D26;FINANCIAL;-;-;-;-;-;-;-;-;-;0,002;-;-;-;-;-;-;-
DOLF27C008150;BRBMEFCE1D34;FINANCIAL;-;-;-;-;-;-;-;-;-;0,002;-;-;-;-;-;-;-
DOLF27C008200;BRBMEFCE1D42;FINANCIAL;-;-;-;-;-;-;-;-;-;0,001;-;-;-;-;-;-;-
DOLF27C008250;BRBMEFCE1D59;FINANCIAL;-;-;-;-;-;-;-;-;-;0,001;-;-;-;-;-;-;-
DOLF27C008300;BRBMEFCE1D67;FINANCIAL;-;-;-;-;-;-;-;-;-;0,001;-;-;-;-;-;-;-
DOLF27C008350;BRBMEFCE1D75;FINANCIAL;-;-;-;-;-;-;-;-;-;0,001;-;-;-;-;-;-;-
DOLF27C008400;BRBMEFCE1D83;FINANCIAL;-;-;-;-;-;-;-;-;-;0,001;-;-;-;-;-;-;-
DOLF27C008450;BRBMEFCE1D91;FINANCIAL;-;-;-;-;-;-;-;-;-;0,001;-;-;-;-;-;-;-
DOLF27C008500;BRBMEFCE1DA4;FINANCIAL;-;-;-;-;-;-;-;-;-;0,001;-;-;-;-;-;-;-
DOLF27C008550;BRBMEFCE1DB2;FINANCIAL;-;-;-;-;-;-;-;-;-;0,001;-;-;-;-;-;-;-
DOLF27C008600;BRBMEFCE1DC0;FINANCIAL;-;-;-;-;-;-;-;-;-;0,001;-;-;-;-;-;-;-
DOLF27C008650;BRBMEFCE1DD8;FINANCIAL;-;-;-;-;-;-;-;-;-;0,001;-;-;-;-;-;-;-
DOLF27C008700;BRBMEFCE1DE6;FINANCIAL;-;-;-;-;-;-;-;-;-;0,001;-;-;-;-;-;-;-
DOLF27C008750;BRBMEFCE1DF3;FINANCIAL;-;-;-;-;-;-;-;-;-;0,001;-;-;-;-;-;-;-
DOLF27C008800;BRBMEFCE1DG1;FINANCIAL;-;-;-;-;-;-;-;-;-;0,001;-;-;-;-;-;-;-
DOLF27C008850;BRBMEFCE1DH9;FINANCIAL;-;-;-;-;-;-;-;-;-;0,001;-;-;-;-;-;-;-
DOLF27C008900;BRBMEFCE1DI7;FINANCIAL;-;-;-;-;-;-;-;-;-;0,001;-;-;-;-;-;-;-
DOLF27C008950;BRBMEFCE1DJ5;FINANCIAL;-;-;-;-;-;-;-;-;-;0,001;-;-;-;-;-;-;-
DOLF27C009000;BRBMEFCE1DK3;FINANCIAL;-;-;-;-;-;-;-;-;-;0,001;-;-;-;-;-;-;-
DOLF27C009050;BRBMEFCE1DL1;FINANCIAL;-;-;-;-;-;-;-;-;-;0,001;-;-;-;-;-;-;-
DOLF27C009100;BRBMEFCE1DM9;FINANCIAL;-;-;-;-;-;-;-;-;-;0,001;-;-;-;-;-;-;-
DOLF27C009150;BRBMEFCE1EJ3;FINANCIAL;-;-;-;-;-;-;-;-;-;0,001;-;-;-;-;-;-;-
DOLF27C009200;BRBMEFCE1EK1;FINANCIAL;-;-;-;-;-;-;-;-;-;0,001;-;-;-;-;-;-;-
DOLF27C009250;BRBMEFCE1EL9;FINANCIAL;-;-;-;-;-;-;-;-;-;0,001;-;-;-;-;-;-;-
DOLF27C009300;BRBMEFCE1EM7;FINANCIAL;-;-;-;-;-;-;-;-;-;0,001;-;-;-;-;-;-;-
DOLF27C009350;BRBMEFCE1EN5;FINANCIAL;-;-;-;-;-;-;-;-;-;0,001;-;-;-;-;-;-;-
DOLF27C009400;BRBMEFCE1EO3;FINANCIAL;-;-;-;-;-;-;-;-;-;0,001;-;-;-;-;-;-;-
DOLF27C009450;BRBMEFCE1EP0;FINANCIAL;-;-;-;-;-;-;-;-;-;0,001;-;-;-;-;-;-;-
DOLF27C009500;BRBMEFCE1EQ8;FINANCIAL;-;-;-;-;-;-;-;-;-;0,001;-;-;-;-;-;-;-
DOLF27C009550;BRBMEFCE1ER6;FINANCIAL;-;-;-;-;-;-;-;-;-;0,001;-;-;-;-;-;-;-
DOLF27C009600;BRBMEFCE1ES4;FINANCIAL;-;-;-;-;-;-;-;-;-;0,001;-;-;-;-;-;-;-
DOLF27C009650;BRBMEFCE1ET2;FINANCIAL;-;-;-;-;-;-;-;-;-;0,001;-;-;-;-;-;-;-
DOLF27C009700;BRBMEFCE1EU0;FINANCIAL;-;-;-;-;-;-;-;-;-;0,001;-;-;-;-;-;-;-
DOLF27C009750;BRBMEFCE1EV8;FINANCIAL;-;-;-;-;-;-;-;-;-;0,001;-;-;-;-;-;-;-
DOLF27C009800;BRBMEFCE1EW6;FINANCIAL;-;-;-;-;-;-;-;-;-;0,001;-;-;-;-;-;-;-
DOLF27C009850;BRBMEFCE1EX4;FINANCIAL;-;-;-;-;-;-;-;-;-;0,001;-;-;-;-;-;-;-
DOLF27C009900;BRBMEFCE1EY2;FINANCIAL;-;-;-;-;-;-;-;-;-;0,001;-;-;-;-;-;-;-
DOLF27C009950;BRBMEFCE1EZ9;FINANCIAL;-;-;-;-;-;-;-;-;-;0,001;-;-;-;-;-;-;-
DOLF27C010000;BRBMEFCE1F08;FINANCIAL;-;-;-;-;-;-;-;-;-;0,001;-;-;-;-;-;-;-
DOLF27P004000;BRBMEFDE1KP6;FINANCIAL;-;-;-;-;-;-;-;-;-;0,001;-;-;-;-;-;-;-
DOLF27P004100;BRBMEFDE1KQ4;FINANCIAL;-;-;-;-;-;-;-;-;-;0,004;-;-;-;-;-;-;-
DOLF27P004150;BRBMEFDE1KX0;FINANCIAL;-;-;-;-;-;-;-;-;-;0,01;-;-;-;-;-;-;-
DOLF27P004200;BRBMEFDE1KR2;FINANCIAL;-;-;-;-;-;-;-;-;-;0,024;-;-;-;-;-;-;-
DOLF27P004250;BRBMEFDE1KY8;FINANCIAL;-;-;-;-;-;-;-;-;-;0,052;-;-;-;-;-;-;-
DOLF27P004300;BRBMEFDE1KS0;FINANCIAL;-;-;-;-;-;-;-;-;-;0,11;-;-;-;-;-;-;-
DOLF27P004350;BRBMEFDE1KZ5;FINANCIAL;-;-;-;-;-;-;-;-;-;0,221;-;-;-;-;-;-;-
DOLF27P004400;BRBMEFDE1K33;FINANCIAL;-;-;-;-;-;-;-;-;-;0,425;-;-;-;-;-;-;-
DOLF27P004450;BRBMEFDE1K25;FINANCIAL;-;-;-;-;-;-;-;-;-;0,786;-;-;-;-;-;-;-
DOLF27P004500;BRBMEFDE19J4;FINANCIAL;-;-;-;-;-;-;-;-;-;1,428;-;-;-;-;-;-;-
DOLF27P004550;BRBMEFDE1L08;FINANCIAL;-;-;-;-;-;-;-;-;-;2,512;-;-;-;-;-;-;-
DOLF27P004600;BRBMEFDE1FB6;FINANCIAL;-;-;-;-;-;-;-;-;-;4,227;-;-;-;-;-;-;-
DOLF27P004650;BRBMEFDE1L16;FINANCIAL;-;-;-;-;-;-;-;-;-;6,881;-;-;-;-;-;-;-
DOLF27P004700;BRBMEFDE1KT8;FINANCIAL;-;-;-;-;-;-;-;-;-;11,039;-;-;-;-;-;-;-
DOLF27P004750;BRBMEFDE1L24;FINANCIAL;-;-;-;-;-;-;-;-;-;17,243;-;-;-;-;-;-;-
DOLF27P004800;BRBMEFDE19K2;FINANCIAL;-;-;-;-;-;-;-;-;-;26,201;-;-;-;-;-;-;-
DOLF27P004825;BRBMEFDE1L73;FINANCIAL;-;-;-;-;-;-;-;-;-;31,762;-;-;-;-;-;-;-
DOLF27P004850;BRBMEFDE1L32;FINANCIAL;39,341;39,341;39,341;39,341;39,341;15,7;-;-;-;38,056;-;-;-;-;1;220;432751
DOLF27P004875;BRBMEFDE1L81;FINANCIAL;-;-;-;-;-;-;-;-;-;45,108;-;-;-;-;-;-;-
DOLF27P004900;BRBMEFDE1KU6;FINANCIAL;-;-;-;-;-;-;-;-;-;53,011;-;-;-;-;-;-;-
DOLF27P004925;BRBMEFDE1L99;FINANCIAL;-;-;-;-;-;-;-;-;-;61,786;-;-;-;-;-;-;-
DOLF27P004950;BRBMEFDE1L40;FINANCIAL;-;-;-;-;-;-;-;-;-;71,277;-;-;-;-;-;-;-
DOLF27P004975;BRBMEFDE1LA6;FINANCIAL;-;-;-;-;-;-;-;-;-;81,643;-;-;-;-;-;-;-
DOLF27P005000;BRBMEFDE1AE1;FINANCIAL;-;-;-;-;-;-;-;-;-;92,792;-;-;-;-;-;-;-
DOLF27P005050;BRBMEFDE1L57;FINANCIAL;-;-;-;-;-;-;-;-;-;117,273;-;-;-;-;-;-;-
DOLF27P005100;BRBMEFDE1AS1;FINANCIAL;-;-;-;-;-;-;-;-;-;144,724;-;-;-;-;-;-;-
DOLF27P005150;BRBMEFDE1L65;FINANCIAL;-;-;-;-;-;-;-;-;-;174,641;-;-;-;-;-;-;-
DOLF27P005200;BRBMEFDE1AF8;FINANCIAL;-;-;-;-;-;-;-;-;-;206,883;-;-;-;-;-;-;-
DOLF27P005250;BRBMEFDE1JP8;FINANCIAL;-;-;-;-;-;-;-;-;-;241,386;-;-;-;-;-;-;-
DOLF27P005300;BRBMEFDE1AT9;FINANCIAL;-;-;-;-;-;-;-;-;-;277,558;-;-;-;-;-;-;-
DOLF27P005350;BRBMEFDE1JO1;FINANCIAL;-;-;-;-;-;-;-;-;-;315,524;-;-;-;-;-;-;-
DOLF27P005400;BRBMEFDE1AG6;FINANCIAL;-;-;-;-;-;-;-;-;-;354,982;-;-;-;-;-;-;-
DOLF27P005450;BRBMEFDE1JN3;FINANCIAL;-;-;-;-;-;-;-;-;-;395,314;-;-;-;-;-;-;-
DOLF27P005500;BRBMEFDE1AU7;FINANCIAL;-;-;-;-;-;-;-;-;-;436,889;-;-;-;-;-;-;-
DOLF27P005550;BRBMEFDE1JQ6;FINANCIAL;-;-;-;-;-;-;-;-;-;479,475;-;-;-;-;-;-;-
DOLF27P005600;BRBMEFDE1AH4;FINANCIAL;-;-;-;-;-;-;-;-;-;522,985;-;-;-;-;-;-;-
DOLF27P005650;BRBMEFDE1FA8;FINANCIAL;-;-;-;-;-;-;-;-;-;567,231;-;-;-;-;-;-;-
DOLF27P005700;BRBMEFDE1AV5;FINANCIAL;-;-;-;-;-;-;-;-;-;612,153;-;-;-;-;-;-;-
DOLF27P005750;BRBMEFDE1B59;FINANCIAL;-;-;-;-;-;-;-;-;-;657,604;-;-;-;-;-;-;-
DOLF27P005800;BRBMEFDE1AI2;FINANCIAL;-;-;-;-;-;-;-;-;-;703,505;-;-;-;-;-;-;-
DOLF27P005850;BRBMEFDE1B67;FINANCIAL;-;-;-;-;-;-;-;-;-;749,823;-;-;-;-;-;-;-
DOLF27P005900;BRBMEFDE1AW3;FINANCIAL;-;-;-;-;-;-;-;-;-;796,461;-;-;-;-;-;-;-
DOLF27P005950;BRBMEFDE1B75;FINANCIAL;-;-;-;-;-;-;-;-;-;843,399;-;-;-;-;-;-;-
DOLF27P006000;BRBMEFDE19L0;FINANCIAL;-;-;-;-;-;-;-;-;-;890,59;-;-;-;-;-;-;-
DOLF27P006050;BRBMEFDE1B83;FINANCIAL;-;-;-;-;-;-;-;-;-;937,944;-;-;-;-;-;-;-
DOLF27P006100;BRBMEFDE1AX1;FINANCIAL;-;-;-;-;-;-;-;-;-;985,114;-;-;-;-;-;-;-
DOLF27P006150;BRBMEFDE1B91;FINANCIAL;-;-;-;-;-;-;-;-;-;1032,51;-;-;-;-;-;-;-
DOLF27P006200;BRBMEFDE1AY9;FINANCIAL;-;-;-;-;-;-;-;-;-;1080,079;-;-;-;-;-;-;-
DOLF27P006250;BRBMEFDE1BA7;FINANCIAL;-;-;-;-;-;-;-;-;-;1127,797;-;-;-;-;-;-;-
DOLF27P006300;BRBMEFDE1AZ6;FINANCIAL;-;-;-;-;-;-;-;-;-;1175,64;-;-;-;-;-;-;-
DOLF27P006350;BRBMEFDE1JR4;FINANCIAL;-;-;-;-;-;-;-;-;-;1223,604;-;-;-;-;-;-;-
DOLF27P006400;BRBMEFDE1JS2;FINANCIAL;-;-;-;-;-;-;-;-;-;1271,645;-;-;-;-;-;-;-
DOLF27P006450;BRBMEFDE1EH6;FINANCIAL;-;-;-;-;-;-;-;-;-;1319,775;-;-;-;-;-;-;-
DOLF27P006500;BRBMEFDE19M8;FINANCIAL;-;-;-;-;-;-;-;-;-;1367,97;-;-;-;-;-;-;-
DOLF27P006550;BRBMEFDE1JT0;FINANCIAL;-;-;-;-;-;-;-;-;-;1416,221;-;-;-;-;-;-;-
DOLF27P006600;BRBMEFDE1JU8;FINANCIAL;-;-;-;-;-;-;-;-;-;1464,519;-;-;-;-;-;-;-
DOLF27P006650;BRBMEFDE1JV6;FINANCIAL;-;-;-;-;-;-;-;-;-;1512,851;-;-;-;-;-;-;-
DOLF27P006700;BRBMEFDE1JW4;FINANCIAL;-;-;-;-;-;-;-;-;-;1561,121;-;-;-;-;-;-;-
DOLF27P006750;BRBMEFDE1JX2;FINANCIAL;-;-;-;-;-;-;-;-;-;1609,447;-;-;-;-;-;-;-
DOLF27P006800;BRBMEFDE1JY0;FINANCIAL;-;-;-;-;-;-;-;-;-;1657,82;-;-;-;-;-;-;-
DOLF27P006850;BRBMEFDE1JZ7;FINANCIAL;-;-;-;-;-;-;-;-;-;1706,232;-;-;-;-;-;-;-
DOLF27P006900;BRBMEFDE1K09;FINANCIAL;-;-;-;-;-;-;-;-;-;1754,677;-;-;-;-;-;-;-
DOLF27P006950;BRBMEFDE1K17;FINANCIAL;-;-;-;-;-;-;-;-;-;1803,148;-;-;-;-;-;-;-
DOLF27P007000;BRBMEFDE19N6;FINANCIAL;-;-;-;-;-;-;-;-;-;1851,642;-;-;-;-;-;-;-
DOLF27P007050;BRBMEFDE1BN0;FINANCIAL;-;-;-;-;-;-;-;-;-;1900,154;-;-;-;-;-;-;-
DOLF27P007100;BRBMEFDE1BO8;FINANCIAL;-;-;-;-;-;-;-;-;-;1948,681;-;-;-;-;-;-;-
DOLF27P007150;BRBMEFDE1BP5;FINANCIAL;-;-;-;-;-;-;-;-;-;1997,221;-;-;-;-;-;-;-
DOLF27P007200;BRBMEFDE1BQ3;FINANCIAL;-;-;-;-;-;-;-;-;-;2045,771;-;-;-;-;-;-;-
DOLF27P007250;BRBMEFDE1BR1;FINANCIAL;-;-;-;-;-;-;-;-;-;2094,329;-;-;-;-;-;-;-
DOLF27P007300;BRBMEFDE1BS9;FINANCIAL;-;-;-;-;-;-;-;-;-;2142,895;-;-;-;-;-;-;-
DOLF27P007350;BRBMEFDE1BT7;FINANCIAL;-;-;-;-;-;-;-;-;-;2191,465;-;-;-;-;-;-;-
DOLF27P007400;BRBMEFDE1BU5;FINANCIAL;-;-;-;-;-;-;-;-;-;2240,041;-;-;-;-;-;-;-
DOLF27P007450;BRBMEFDE1BV3;FINANCIAL;-;-;-;-;-;-;-;-;-;2288,619;-;-;-;-;-;-;-
DOLF27P007500;BRBMEFDE1BW1;FINANCIAL;-;-;-;-;-;-;-;-;-;2337,201;-;-;-;-;-;-;-
DOLF27P007550;BRBMEFDE1BX9;FINANCIAL;-;-;-;-;-;-;-;-;-;2385,785;-;-;-;-;-;-;-
DOLF27P007600;BRBMEFDE1BY7;FINANCIAL;-;-;-;-;-;-;-;-;-;2434,371;-;-;-;-;-;-;-
DOLF27P007650;BRBMEFDE1BZ4;FINANCIAL;-;-;-;-;-;-;-;-;-;2482,959;-;-;-;-;-;-;-
DOLF27P007700;BRBMEFDE1C09;FINANCIAL;-;-;-;-;-;-;-;-;-;2531,548;-;-;-;-;-;-;-
DOLF27P007750;BRBMEFDE1C17;FINANCIAL;-;-;-;-;-;-;-;-;-;2580,137;-;-;-;-;-;-;-
DOLF27P007800;BRBMEFDE1C25;FINANCIAL;-;-;-;-;-;-;-;-;-;2628,728;-;-;-;-;-;-;-
DOLF27P007850;BRBMEFDE1C33;FINANCIAL;-;-;-;-;-;-;-;-;-;2677,319;-;-;-;-;-;-;-
DOLF27P007900;BRBMEFDE1C41;FINANCIAL;-;-;-;-;-;-;-;-;-;2725,911;-;-;-;-;-;-;-
DOLF27P007950;BRBMEFDE1C58;FINANCIAL;-;-;-;-;-;-;-;-;-;2774,503;-;-;-;-;-;-;-
DOLF27P008000;BRBMEFDE1C66;FINANCIAL;-;-;-;-;-;-;-;-;-;2823,095;-;-;-;-;-;-;-
DOLF27P008050;BRBMEFDE1C74;FINANCIAL;-;-;-;-;-;-;-;-;-;2871,688;-;-;-;-;-;-;-
DOLF27P008100;BRBMEFDE1C82;FINANCIAL;-;-;-;-;-;-;-;-;-;2920,281;-;-;-;-;-;-;-
DOLF27P008150;BRBMEFDE1C90;FINANCIAL;-;-;-;-;-;-;-;-;-;2968,874;-;-;-;-;-;-;-
DOLF27P008200;BRBMEFDE1CA5;FINANCIAL;-;-;-;-;-;-;-;-;-;3017,467;-;-;-;-;-;-;-
DOLF27P008250;BRBMEFDE1CB3;FINANCIAL;-;-;-;-;-;-;-;-;-;3066,06;-;-;-;-;-;-;-
DOLF27P008300;BRBMEFDE1CC1;FINANCIAL;-;-;-;-;-;-;-;-;-;3114,653;-;-;-;-;-;-;-
DOLF27P008350;BRBMEFDE1CD9;FINANCIAL;-;-;-;-;-;-;-;-;-;3163,246;-;-;-;-;-;-;-
DOLF27P008400;BRBMEFDE1CE7;FINANCIAL;-;-;-;-;-;-;-;-;-;3211,84;-;-;-;-;-;-;-
DOLF27P008450;BRBMEFDE1CF4;FINANCIAL;-;-;-;-;-;-;-;-;-;3260,433;-;-;-;-;-;-;-
DOLF27P008500;BRBMEFDE1CG2;FINANCIAL;-;-;-;-;-;-;-;-;-;3309,026;-;-;-;-;-;-;-
DOLF27P008550;BRBMEFDE1CH0;FINANCIAL;-;-;-;-;-;-;-;-;-;3357,62;-;-;-;-;-;-;-
DOLF27P008600;BRBMEFDE1CI8;FINANCIAL;-;-;-;-;-;-;-;-;-;3406,213;-;-;-;-;-;-;-
DOLF27P008650;BRBMEFDE1CJ6;FINANCIAL;-;-;-;-;-;-;-;-;-;3454,807;-;-;-;-;-;-;-
DOLF27P008700;BRBMEFDE1CK4;FINANCIAL;-;-;-;-;-;-;-;-;-;3503,4;-;-;-;-;-;-;-
DOLF27P008750;BRBMEFDE1CL2;FINANCIAL;-;-;-;-;-;-;-;-;-;3551,994;-;-;-;-;-;-;-
DOLF27P008800;BRBMEFDE1CM0;FINANCIAL;-;-;-;-;-;-;-;-;-;3600,587;-;-;-;-;-;-;-
DOLF27P008850;BRBMEFDE1CN8;FINANCIAL;-;-;-;-;-;-;-;-;-;3649,181;-;-;-;-;-;-;-
DOLF27P008900;BRBMEFDE1CO6;FINANCIAL;-;-;-;-;-;-;-;-;-;3697,774;-;-;-;-;-;-;-
DOLF27P008950;BRBMEFDE1CP3;FINANCIAL;-;-;-;-;-;-;-;-;-;3746,367;-;-;-;-;-;-;-
DOLF27P009000;BRBMEFDE1CQ1;FINANCIAL;-;-;-;-;-;-;-;-;-;3794,961;-;-;-;-;-;-;-
DOLF27P009050;BRBMEFDE1CR9;FINANCIAL;-;-;-;-;-;-;-;-;-;3843,554;-;-;-;-;-;-;-
DOLF27P009100;BRBMEFDE1CS7;FINANCIAL;-;-;-;-;-;-;-;-;-;3892,148;-;-;-;-;-;-;-
DOLF27P009150;BRBMEFDE1DP1;FINANCIAL;-;-;-;-;-;-;-;-;-;3940,741;-;-;-;-;-;-;-
DOLF27P009200;BRBMEFDE1DQ9;FINANCIAL;-;-;-;-;-;-;-;-;-;3989,335;-;-;-;-;-;-;-
DOLF27P009250;BRBMEFDE1DR7;FINANCIAL;-;-;-;-;-;-;-;-;-;4037,928;-;-;-;-;-;-;-
DOLF27P009300;BRBMEFDE1DS5;FINANCIAL;-;-;-;-;-;-;-;-;-;4086,522;-;-;-;-;-;-;-
DOLF27P009350;BRBMEFDE1DT3;FINANCIAL;-;-;-;-;-;-;-;-;-;4135,115;-;-;-;-;-;-;-
DOLF27P009400;BRBMEFDE1DU1;FINANCIAL;-;-;-;-;-;-;-;-;-;4183,709;-;-;-;-;-;-;-
DOLF27P009450;BRBMEFDE1DV9;FINANCIAL;-;-;-;-;-;-;-;-;-;4232,302;-;-;-;-;-;-;-
DOLF27P009500;BRBMEFDE1DW7;FINANCIAL;-;-;-;-;-;-;-;-;-;4280,896;-;-;-;-;-;-;-
DOLF27P009550;BRBMEFDE1DX5;FINANCIAL;-;-;-;-;-;-;-;-;-;4329,489;-;-;-;-;-;-;-
DOLF27P009600;BRBMEFDE1DY3;FINANCIAL;-;-;-;-;-;-;-;-;-;4378,083;-;-;-;-;-;-;-
DOLF27P009650;BRBMEFDE1DZ0;FINANCIAL;-;-;-;-;-;-;-;-;-;4426,676;-;-;-;-;-;-;-
DOLF27P009700;BRBMEFDE1E07;FINANCIAL;-;-;-;-;-;-;-;-;-;4475,27;-;-;-;-;-;-;-
DOLF27P009750;BRBMEFDE1E15;FINANCIAL;-;-;-;-;-;-;-;-;-;4523,863;-;-;-;-;-;-;-
DOLF27P009800;BRBMEFDE1E23;FINANCIAL;-;-;-;-;-;-;-;-;-;4572,457;-;-;-;-;-;-;-
DOLF27P009850;BRBMEFDE1E31;FINANCIAL;-;-;-;-;-;-;-;-;-;4621,05;-;-;-;-;-;-;-
DOLF27P009900;BRBMEFDE1E49;FINANCIAL;-;-;-;-;-;-;-;-;-;4669,644;-;-;-;-;-;-;-
DOLF27P009950;BRBMEFDE1E56;FINANCIAL;-;-;-;-;-;-;-;-;-;4718,237;-;-;-;-;-;-;-
DOLF27P010000;BRBMEFDE1E64;FINANCIAL;-;-;-;-;-;-;-;-;-;4766,831;-;-;-;-;-;-;-
DOLF28C005000;BRBMEFCE1JX3;FINANCIAL;-;-;-;-;-;-;-;-;-;477,795;-;-;-;-;-;-;-
DOLF28C005050;BRBMEFCE1JY1;FINANCIAL;-;-;-;-;-;-;-;-;-;451,383;-;-;-;-;-;-;-
DOLF28C005100;BRBMEFCE1JZ8;FINANCIAL;-;-;-;-;-;-;-;-;-;425,951;-;-;-;-;-;-;-
DOLF28C005150;BRBMEFCE1K01;FINANCIAL;-;-;-;-;-;-;-;-;-;401,857;-;-;-;-;-;-;-
DOLF28C005200;BRBMEFCE1K19;FINANCIAL;-;-;-;-;-;-;-;-;-;379,102;-;-;-;-;-;-;-
DOLF28C005250;BRBMEFCE1K27;FINANCIAL;-;-;-;-;-;-;-;-;-;357,476;-;-;-;-;-;-;-
DOLF28C005300;BRBMEFCE1K35;FINANCIAL;-;-;-;-;-;-;-;-;-;336,954;-;-;-;-;-;-;-
DOLF28C005350;BRBMEFCE1K43;FINANCIAL;-;-;-;-;-;-;-;-;-;317,709;-;-;-;-;-;-;-
DOLF28C005400;BRBMEFCE1K50;FINANCIAL;-;-;-;-;-;-;-;-;-;299,301;-;-;-;-;-;-;-
DOLF28C005450;BRBMEFCE1K68;FINANCIAL;-;-;-;-;-;-;-;-;-;282,102;-;-;-;-;-;-;-
DOLF28C005500;BRBMEFCE1AI3;FINANCIAL;-;-;-;-;-;-;-;-;-;265,87;-;-;-;-;-;-;-
DOLF28C005550;BRBMEFCE1K76;FINANCIAL;-;-;-;-;-;-;-;-;-;250,565;-;-;-;-;-;-;-
DOLF28C005600;BRBMEFCE1AJ1;FINANCIAL;-;-;-;-;-;-;-;-;-;236,147;-;-;-;-;-;-;-
DOLF28C005650;BRBMEFCE1K84;FINANCIAL;-;-;-;-;-;-;-;-;-;222,573;-;-;-;-;-;-;-
DOLF28C005700;BRBMEFCE1AK9;FINANCIAL;-;-;-;-;-;-;-;-;-;209,804;-;-;-;-;-;-;-
DOLF28C005750;BRBMEFCE1C50;FINANCIAL;-;-;-;-;-;-;-;-;-;197,996;-;-;-;-;-;-;-
DOLF28C005800;BRBMEFCE1AL7;FINANCIAL;-;-;-;-;-;-;-;-;-;186,712;-;-;-;-;-;-;-
DOLF28C005850;BRBMEFCE1C68;FINANCIAL;-;-;-;-;-;-;-;-;-;176,113;-;-;-;-;-;-;-
DOLF28C005900;BRBMEFCE1AM5;FINANCIAL;-;-;-;-;-;-;-;-;-;166,161;-;-;-;-;-;-;-
DOLF28C005950;BRBMEFCE1C76;FINANCIAL;-;-;-;-;-;-;-;-;-;156,819;-;-;-;-;-;-;-
DOLF28C006000;BRBMEFCE1AN3;FINANCIAL;-;-;-;-;-;-;-;-;-;148,053;-;-;-;-;-;-;-
DOLF28C006050;BRBMEFCE1C84;FINANCIAL;-;-;-;-;-;-;-;-;-;139,829;-;-;-;-;-;-;-
DOLF28C006100;BRBMEFCE1AO1;FINANCIAL;-;-;-;-;-;-;-;-;-;132,288;-;-;-;-;-;-;-
DOLF28C006150;BRBMEFCE1C92;FINANCIAL;-;-;-;-;-;-;-;-;-;125,048;-;-;-;-;-;-;-
DOLF28C006200;BRBMEFCE1AP8;FINANCIAL;-;-;-;-;-;-;-;-;-;118,423;-;-;-;-;-;-;-
DOLF28C006250;BRBMEFCE1CA6;FINANCIAL;-;-;-;-;-;-;-;-;-;111,729;-;-;-;-;-;-;-
DOLF28C006300;BRBMEFCE1AQ6;FINANCIAL;-;-;-;-;-;-;-;-;-;105,603;-;-;-;-;-;-;-
DOLF28C006400;BRBMEFCE1AR4;FINANCIAL;-;-;-;-;-;-;-;-;-;94,17;-;-;-;-;-;-;-
DOLF28C006500;BRBMEFCE1AS2;FINANCIAL;-;-;-;-;-;-;-;-;-;84,242;-;-;-;-;-;-;-
DOLF28C006600;BRBMEFCE1AT0;FINANCIAL;-;-;-;-;-;-;-;-;-;75,632;-;-;-;-;-;-;-
DOLF28C006700;BRBMEFCE1AU8;FINANCIAL;-;-;-;-;-;-;-;-;-;67,922;-;-;-;-;-;-;-
DOLF28C006750;BRBMEFCE1LG4;FINANCIAL;-;-;-;-;-;-;-;-;-;64,476;-;-;-;-;-;-;-
DOLF28C007000;BRBMEFCE1FS1;FINANCIAL;-;-;-;-;-;-;-;-;-;50,232;-;-;-;-;-;-;-
DOLF28C007100;BRBMEFCE1K92;FINANCIAL;-;-;-;-;-;-;-;-;-;45,613;-;-;-;-;-;-;-
DOLF28C007200;BRBMEFCE1KA9;FINANCIAL;-;-;-;-;-;-;-;-;-;41,61;-;-;-;-;-;-;-
DOLF28C007300;BRBMEFCE1KB7;FINANCIAL;-;-;-;-;-;-;-;-;-;37,972;-;-;-;-;-;-;-
DOLF28C007400;BRBMEFCE1KC5;FINANCIAL;-;-;-;-;-;-;-;-;-;34,737;-;-;-;-;-;-;-
DOLF28C007500;BRBMEFCE1DN7;FINANCIAL;-;-;-;-;-;-;-;-;-;31,931;-;-;-;-;-;-;-
DOLF28C007600;BRBMEFCE1KD3;FINANCIAL;-;-;-;-;-;-;-;-;-;29,357;-;-;-;-;-;-;-
DOLF28C007700;BRBMEFCE1KE1;FINANCIAL;-;-;-;-;-;-;-;-;-;27,123;-;-;-;-;-;-;-
DOLF28C007800;BRBMEFCE1KF8;FINANCIAL;-;-;-;-;-;-;-;-;-;25,123;-;-;-;-;-;-;-
DOLF28C007900;BRBMEFCE1KG6;FINANCIAL;-;-;-;-;-;-;-;-;-;23,387;-;-;-;-;-;-;-
DOLF28C008000;BRBMEFCE1DO5;FINANCIAL;-;-;-;-;-;-;-;-;-;21,827;-;-;-;-;-;-;-
DOLF28C008500;BRBMEFCE1BV4;FINANCIAL;-;-;-;-;-;-;-;-;-;13,839;-;-;-;-;-;-;-
DOLF28C010500;BRBMEFCE1F99;FINANCIAL;-;-;-;-;-;-;-;-;-;2,482;-;-;-;-;-;-;-
DOLF28C011000;BRBMEFCE1BU6;FINANCIAL;-;-;-;-;-;-;-;-;-;1,408;-;-;-;-;-;-;-
DOLF28C011500;BRBMEFCE1FA9;FINANCIAL;-;-;-;-;-;-;-;-;-;0,797;-;-;-;-;-;-;-
DOLF28P005000;BRBMEFDE1J36;FINANCIAL;-;-;-;-;-;-;-;-;-;135,246;-;-;-;-;-;-;-
DOLF28P005050;BRBMEFDE1J44;FINANCIAL;-;-;-;-;-;-;-;-;-;152,107;-;-;-;-;-;-;-
DOLF28P005100;BRBMEFDE1J51;FINANCIAL;-;-;-;-;-;-;-;-;-;169,949;-;-;-;-;-;-;-
DOLF28P005150;BRBMEFDE1J69;FINANCIAL;-;-;-;-;-;-;-;-;-;189,129;-;-;-;-;-;-;-
DOLF28P005200;BRBMEFDE1J77;FINANCIAL;-;-;-;-;-;-;-;-;-;209,647;-;-;-;-;-;-;-
DOLF28P005250;BRBMEFDE1J85;FINANCIAL;-;-;-;-;-;-;-;-;-;231,295;-;-;-;-;-;-;-
DOLF28P005300;BRBMEFDE1J93;FINANCIAL;-;-;-;-;-;-;-;-;-;254,046;-;-;-;-;-;-;-
DOLF28P005350;BRBMEFDE1JA0;FINANCIAL;-;-;-;-;-;-;-;-;-;278,075;-;-;-;-;-;-;-
DOLF28P005400;BRBMEFDE1JB8;FINANCIAL;-;-;-;-;-;-;-;-;-;302,941;-;-;-;-;-;-;-
DOLF28P005450;BRBMEFDE1JC6;FINANCIAL;-;-;-;-;-;-;-;-;-;329,016;-;-;-;-;-;-;-
DOLF28P005500;BRBMEFDE19O4;FINANCIAL;-;-;-;-;-;-;-;-;-;356,057;-;-;-;-;-;-;-
DOLF28P005550;BRBMEFDE1JD4;FINANCIAL;-;-;-;-;-;-;-;-;-;384,026;-;-;-;-;-;-;-
DOLF28P005600;BRBMEFDE19P1;FINANCIAL;-;-;-;-;-;-;-;-;-;412,881;-;-;-;-;-;-;-
DOLF28P005650;BRBMEFDE1JE2;FINANCIAL;-;-;-;-;-;-;-;-;-;442,581;-;-;-;-;-;-;-
DOLF28P005700;BRBMEFDE19Q9;FINANCIAL;-;-;-;-;-;-;-;-;-;473,086;-;-;-;-;-;-;-
DOLF28P005750;BRBMEFDE1BB5;FINANCIAL;-;-;-;-;-;-;-;-;-;504,552;-;-;-;-;-;-;-
DOLF28P005800;BRBMEFDE19R7;FINANCIAL;-;-;-;-;-;-;-;-;-;536,541;-;-;-;-;-;-;-
DOLF28P005850;BRBMEFDE1BC3;FINANCIAL;-;-;-;-;-;-;-;-;-;569,216;-;-;-;-;-;-;-
DOLF28P005900;BRBMEFDE19S5;FINANCIAL;-;-;-;-;-;-;-;-;-;602,537;-;-;-;-;-;-;-
DOLF28P005950;BRBMEFDE1BD1;FINANCIAL;-;-;-;-;-;-;-;-;-;636,469;-;-;-;-;-;-;-
DOLF28P006000;BRBMEFDE19T3;FINANCIAL;-;-;-;-;-;-;-;-;-;670,977;-;-;-;-;-;-;-
DOLF28P006050;BRBMEFDE1BE9;FINANCIAL;-;-;-;-;-;-;-;-;-;706,027;-;-;-;-;-;-;-
DOLF28P006100;BRBMEFDE19U1;FINANCIAL;-;-;-;-;-;-;-;-;-;741,759;-;-;-;-;-;-;-
DOLF28P006150;BRBMEFDE1BF6;FINANCIAL;-;-;-;-;-;-;-;-;-;777,793;-;-;-;-;-;-;-
DOLF28P006200;BRBMEFDE19V9;FINANCIAL;-;-;-;-;-;-;-;-;-;814,442;-;-;-;-;-;-;-
DOLF28P006250;BRBMEFDE1BG4;FINANCIAL;-;-;-;-;-;-;-;-;-;851,021;-;-;-;-;-;-;-
DOLF28P006300;BRBMEFDE19W7;FINANCIAL;-;-;-;-;-;-;-;-;-;888,17;-;-;-;-;-;-;-
DOLF28P006400;BRBMEFDE19X5;FINANCIAL;-;-;-;-;-;-;-;-;-;963,283;-;-;-;-;-;-;-
DOLF28P006500;BRBMEFDE19Y3;FINANCIAL;-;-;-;-;-;-;-;-;-;1039,903;-;-;-;-;-;-;-
DOLF28P006600;BRBMEFDE19Z0;FINANCIAL;-;-;-;-;-;-;-;-;-;1117,84;-;-;-;-;-;-;-
DOLF28P006700;BRBMEFDE1A01;FINANCIAL;-;-;-;-;-;-;-;-;-;1196,678;-;-;-;-;-;-;-
DOLF28P006750;BRBMEFDE1KM3;FINANCIAL;-;-;-;-;-;-;-;-;-;1236,506;-;-;-;-;-;-;-
DOLF28P007000;BRBMEFDE1EY1;FINANCIAL;-;-;-;-;-;-;-;-;-;1438,629;-;-;-;-;-;-;-
DOLF28P007100;BRBMEFDE1JF9;FINANCIAL;-;-;-;-;-;-;-;-;-;1520,558;-;-;-;-;-;-;-
DOLF28P007200;BRBMEFDE1JG7;FINANCIAL;-;-;-;-;-;-;-;-;-;1603,103;-;-;-;-;-;-;-
DOLF28P007300;BRBMEFDE1JH5;FINANCIAL;-;-;-;-;-;-;-;-;-;1686,012;-;-;-;-;-;-;-
DOLF28P007400;BRBMEFDE1JI3;FINANCIAL;-;-;-;-;-;-;-;-;-;1769,324;-;-;-;-;-;-;-
DOLF28P007500;BRBMEFDE1CT5;FINANCIAL;-;-;-;-;-;-;-;-;-;1853,066;-;-;-;-;-;-;-
DOLF28P007600;BRBMEFDE1JJ1;FINANCIAL;-;-;-;-;-;-;-;-;-;1937,039;-;-;-;-;-;-;-
DOLF28P007700;BRBMEFDE1JK9;FINANCIAL;-;-;-;-;-;-;-;-;-;2021,353;-;-;-;-;-;-;-
DOLF28P007800;BRBMEFDE1JL7;FINANCIAL;-;-;-;-;-;-;-;-;-;2105,899;-;-;-;-;-;-;-
DOLF28P007900;BRBMEFDE1JM5;FINANCIAL;-;-;-;-;-;-;-;-;-;2190,711;-;-;-;-;-;-;-
DOLF28P008000;BRBMEFDE1CU3;FINANCIAL;-;-;-;-;-;-;-;-;-;2275,698;-;-;-;-;-;-;-
DOLF28P008500;BRBMEFDE1B18;FINANCIAL;-;-;-;-;-;-;-;-;-;2700,447;-;-;-;-;-;-;-
DOLF28P010500;BRBMEFDE1EF0;FINANCIAL;-;-;-;-;-;-;-;-;-;4420,037;-;-;-;-;-;-;-
DOLF28P011000;BRBMEFDE1B00;FINANCIAL;-;-;-;-;-;-;-;-;-;4851,7;-;-;-;-;-;-;-
DOLF28P011500;BRBMEFDE1EG8;FINANCIAL;-;-;-;-;-;-;-;-;-;5283,826;-;-;-;-;-;-;-
DOLF29C005500;BRBMEFCE1AV6;FINANCIAL;-;-;-;-;-;-;-;-;-;443,293;-;-;-;-;-;-;-
DOLF29C005600;BRBMEFCE1AW4;FINANCIAL;-;-;-;-;-;-;-;-;-;408,4;-;-;-;-;-;-;-
DOLF29C005700;BRBMEFCE1AX2;FINANCIAL;-;-;-;-;-;-;-;-;-;376,385;-;-;-;-;-;-;-
DOLF29C005750;BRBMEFCE1CB4;FINANCIAL;-;-;-;-;-;-;-;-;-;361,448;-;-;-;-;-;-;-
DOLF29C005800;BRBMEFCE1AY0;FINANCIAL;-;-;-;-;-;-;-;-;-;347,115;-;-;-;-;-;-;-
DOLF29C005850;BRBMEFCE1CC2;FINANCIAL;-;-;-;-;-;-;-;-;-;333,108;-;-;-;-;-;-;-
DOLF29C005900;BRBMEFCE1AZ7;FINANCIAL;-;-;-;-;-;-;-;-;-;319,927;-;-;-;-;-;-;-
DOLF29C005950;BRBMEFCE1CD0;FINANCIAL;-;-;-;-;-;-;-;-;-;307,295;-;-;-;-;-;-;-
DOLF29C006000;BRBMEFCE1B02;FINANCIAL;-;-;-;-;-;-;-;-;-;295,191;-;-;-;-;-;-;-
DOLF29C006050;BRBMEFCE1CE8;FINANCIAL;-;-;-;-;-;-;-;-;-;283,598;-;-;-;-;-;-;-
DOLF29C006100;BRBMEFCE1B10;FINANCIAL;-;-;-;-;-;-;-;-;-;272,496;-;-;-;-;-;-;-
DOLF29C006150;BRBMEFCE1CF5;FINANCIAL;-;-;-;-;-;-;-;-;-;261,867;-;-;-;-;-;-;-
DOLF29C006200;BRBMEFCE1B28;FINANCIAL;-;-;-;-;-;-;-;-;-;251,944;-;-;-;-;-;-;-
DOLF29C006250;BRBMEFCE1CG3;FINANCIAL;-;-;-;-;-;-;-;-;-;242,206;-;-;-;-;-;-;-
DOLF29C006300;BRBMEFCE1B36;FINANCIAL;-;-;-;-;-;-;-;-;-;232,887;-;-;-;-;-;-;-
DOLF29C006400;BRBMEFCE1B44;FINANCIAL;-;-;-;-;-;-;-;-;-;215,441;-;-;-;-;-;-;-
DOLF29C006500;BRBMEFCE1B51;FINANCIAL;-;-;-;-;-;-;-;-;-;199,242;-;-;-;-;-;-;-
DOLF29C006600;BRBMEFCE1B69;FINANCIAL;-;-;-;-;-;-;-;-;-;184,645;-;-;-;-;-;-;-
DOLF29C006700;BRBMEFCE1B77;FINANCIAL;-;-;-;-;-;-;-;-;-;171,294;-;-;-;-;-;-;-
DOLF29C006800;BRBMEFCE1FT9;FINANCIAL;-;-;-;-;-;-;-;-;-;159,081;-;-;-;-;-;-;-
DOLF29C006900;BRBMEFCE1FU7;FINANCIAL;-;-;-;-;-;-;-;-;-;148,118;-;-;-;-;-;-;-
DOLF29C007000;BRBMEFCE1FV5;FINANCIAL;-;-;-;-;-;-;-;-;-;137,484;-;-;-;-;-;-;-
DOLF29C007050;BRBMEFCE1LH2;FINANCIAL;-;-;-;-;-;-;-;-;-;132,308;-;-;-;-;-;-;-
DOLF29C007100;BRBMEFCE1FW3;FINANCIAL;-;-;-;-;-;-;-;-;-;127,548;-;-;-;-;-;-;-
DOLF29C007200;BRBMEFCE1FX1;FINANCIAL;-;-;-;-;-;-;-;-;-;118,441;-;-;-;-;-;-;-
DOLF29C007300;BRBMEFCE1FY9;FINANCIAL;-;-;-;-;-;-;-;-;-;110,092;-;-;-;-;-;-;-
DOLF29C007400;BRBMEFCE1FZ6;FINANCIAL;-;-;-;-;-;-;-;-;-;102,437;-;-;-;-;-;-;-
DOLF29C007500;BRBMEFCE1BY8;FINANCIAL;-;-;-;-;-;-;-;-;-;95,581;-;-;-;-;-;-;-
DOLF29C007600;BRBMEFCE1G07;FINANCIAL;-;-;-;-;-;-;-;-;-;89,289;-;-;-;-;-;-;-
DOLF29C007700;BRBMEFCE1G15;FINANCIAL;-;-;-;-;-;-;-;-;-;83,357;-;-;-;-;-;-;-
DOLF29C007800;BRBMEFCE1G23;FINANCIAL;-;-;-;-;-;-;-;-;-;78,055;-;-;-;-;-;-;-
DOLF29C007900;BRBMEFCE1G31;FINANCIAL;-;-;-;-;-;-;-;-;-;73,181;-;-;-;-;-;-;-
DOLF29C008000;BRBMEFCE1DP2;FINANCIAL;-;-;-;-;-;-;-;-;-;68,696;-;-;-;-;-;-;-
DOLF29C008500;BRBMEFCE1DQ0;FINANCIAL;-;-;-;-;-;-;-;-;-;51,134;-;-;-;-;-;-;-
DOLF29C009000;BRBMEFCE1IF2;FINANCIAL;-;-;-;-;-;-;-;-;-;38,906;-;-;-;-;-;-;-
DOLF29P005500;BRBMEFDE1A19;FINANCIAL;-;-;-;-;-;-;-;-;-;309,415;-;-;-;-;-;-;-
DOLF29P005600;BRBMEFDE1A27;FINANCIAL;-;-;-;-;-;-;-;-;-;351,916;-;-;-;-;-;-;-
DOLF29P005700;BRBMEFDE1A35;FINANCIAL;-;-;-;-;-;-;-;-;-;397,293;-;-;-;-;-;-;-
DOLF29P005750;BRBMEFDE1BH2;FINANCIAL;-;-;-;-;-;-;-;-;-;421,052;-;-;-;-;-;-;-
DOLF29P005800;BRBMEFDE1A43;FINANCIAL;-;-;-;-;-;-;-;-;-;445,416;-;-;-;-;-;-;-
DOLF29P005850;BRBMEFDE1BI0;FINANCIAL;-;-;-;-;-;-;-;-;-;470,104;-;-;-;-;-;-;-
DOLF29P005900;BRBMEFDE1A50;FINANCIAL;-;-;-;-;-;-;-;-;-;495,62;-;-;-;-;-;-;-
DOLF29P005950;BRBMEFDE1BJ8;FINANCIAL;-;-;-;-;-;-;-;-;-;521,684;-;-;-;-;-;-;-
DOLF29P006000;BRBMEFDE1A68;FINANCIAL;-;-;-;-;-;-;-;-;-;548,277;-;-;-;-;-;-;-
DOLF29P006050;BRBMEFDE1BK6;FINANCIAL;-;-;-;-;-;-;-;-;-;575,38;-;-;-;-;-;-;-
DOLF29P006100;BRBMEFDE1A76;FINANCIAL;-;-;-;-;-;-;-;-;-;602,974;-;-;-;-;-;-;-
DOLF29P006150;BRBMEFDE1BL4;FINANCIAL;-;-;-;-;-;-;-;-;-;631,042;-;-;-;-;-;-;-
DOLF29P006200;BRBMEFDE1A84;FINANCIAL;-;-;-;-;-;-;-;-;-;659,815;-;-;-;-;-;-;-
DOLF29P006250;BRBMEFDE1BM2;FINANCIAL;-;-;-;-;-;-;-;-;-;688,773;-;-;-;-;-;-;-
DOLF29P006300;BRBMEFDE1A92;FINANCIAL;-;-;-;-;-;-;-;-;-;718,15;-;-;-;-;-;-;-
DOLF29P006400;BRBMEFDE1AA9;FINANCIAL;-;-;-;-;-;-;-;-;-;778,097;-;-;-;-;-;-;-
DOLF29P006500;BRBMEFDE1AB7;FINANCIAL;-;-;-;-;-;-;-;-;-;839,291;-;-;-;-;-;-;-
DOLF29P006600;BRBMEFDE1AC5;FINANCIAL;-;-;-;-;-;-;-;-;-;902,087;-;-;-;-;-;-;-
DOLF29P006700;BRBMEFDE1AD3;FINANCIAL;-;-;-;-;-;-;-;-;-;966,128;-;-;-;-;-;-;-
DOLF29P006800;BRBMEFDE1EZ8;FINANCIAL;-;-;-;-;-;-;-;-;-;1031,308;-;-;-;-;-;-;-
DOLF29P006900;BRBMEFDE1F06;FINANCIAL;-;-;-;-;-;-;-;-;-;1097,738;-;-;-;-;-;-;-
DOLF29P007000;BRBMEFDE1F14;FINANCIAL;-;-;-;-;-;-;-;-;-;1164,496;-;-;-;-;-;-;-
DOLF29P007050;BRBMEFDE1KN1;FINANCIAL;-;-;-;-;-;-;-;-;-;1198,017;-;-;-;-;-;-;-
DOLF29P007100;BRBMEFDE1F22;FINANCIAL;-;-;-;-;-;-;-;-;-;1231,952;-;-;-;-;-;-;-
DOLF29P007200;BRBMEFDE1F30;FINANCIAL;-;-;-;-;-;-;-;-;-;1300,238;-;-;-;-;-;-;-
DOLF29P007300;BRBMEFDE1F48;FINANCIAL;-;-;-;-;-;-;-;-;-;1369,282;-;-;-;-;-;-;-
DOLF29P007400;BRBMEFDE1F55;FINANCIAL;-;-;-;-;-;-;-;-;-;1439,019;-;-;-;-;-;-;-
DOLF29P007500;BRBMEFDE1B42;FINANCIAL;-;-;-;-;-;-;-;-;-;1509,556;-;-;-;-;-;-;-
DOLF29P007600;BRBMEFDE1F63;FINANCIAL;-;-;-;-;-;-;-;-;-;1580,657;-;-;-;-;-;-;-
DOLF29P007700;BRBMEFDE1F71;FINANCIAL;-;-;-;-;-;-;-;-;-;1652,118;-;-;-;-;-;-;-
DOLF29P007800;BRBMEFDE1F89;FINANCIAL;-;-;-;-;-;-;-;-;-;1724,208;-;-;-;-;-;-;-
DOLF29P007900;BRBMEFDE1F97;FINANCIAL;-;-;-;-;-;-;-;-;-;1796,726;-;-;-;-;-;-;-
DOLF29P008000;BRBMEFDE1CV1;FINANCIAL;-;-;-;-;-;-;-;-;-;1869,634;-;-;-;-;-;-;-
DOLF29P008500;BRBMEFDE1CW9;FINANCIAL;-;-;-;-;-;-;-;-;-;2239,035;-;-;-;-;-;-;-
DOLF29P009000;BRBMEFDE1HL1;FINANCIAL;-;-;-;-;-;-;-;-;-;2613,771;-;-;-;-;-;-;-
DOLF30C006000;BRBMEFCE1G64;FINANCIAL;452;452;453,5;452,818;453,5;4,25;-;-;-;433,205;-;-;-;-;8;220;4981000
DOLF30C006050;BRBMEFCE1G72;FINANCIAL;-;-;-;-;-;-;-;-;-;419,559;-;-;-;-;-;-;-
DOLF30C006100;BRBMEFCE1G80;FINANCIAL;-;-;-;-;-;-;-;-;-;406,635;-;-;-;-;-;-;-
DOLF30C006150;BRBMEFCE1G98;FINANCIAL;-;-;-;-;-;-;-;-;-;394,131;-;-;-;-;-;-;-
DOLF30C006200;BRBMEFCE1GA7;FINANCIAL;-;-;-;-;-;-;-;-;-;382,035;-;-;-;-;-;-;-
DOLF30C006250;BRBMEFCE1GB5;FINANCIAL;-;-;-;-;-;-;-;-;-;370,337;-;-;-;-;-;-;-
DOLF30C006300;BRBMEFCE1GC3;FINANCIAL;-;-;-;-;-;-;-;-;-;359,026;-;-;-;-;-;-;-
DOLF30C006350;BRBMEFCE1GD1;FINANCIAL;-;-;-;-;-;-;-;-;-;348,09;-;-;-;-;-;-;-
DOLF30C006400;BRBMEFCE1GE9;FINANCIAL;-;-;-;-;-;-;-;-;-;337,52;-;-;-;-;-;-;-
DOLF30C006450;BRBMEFCE1GF6;FINANCIAL;-;-;-;-;-;-;-;-;-;327,305;-;-;-;-;-;-;-
DOLF30C006500;BRBMEFCE1GG4;FINANCIAL;-;-;-;-;-;-;-;-;-;317,434;-;-;-;-;-;-;-
DOLF30C006550;BRBMEFCE1GH2;FINANCIAL;-;-;-;-;-;-;-;-;-;307,896;-;-;-;-;-;-;-
DOLF30C006600;BRBMEFCE1GI0;FINANCIAL;-;-;-;-;-;-;-;-;-;298,682;-;-;-;-;-;-;-
DOLF30C006650;BRBMEFCE1GJ8;FINANCIAL;-;-;-;-;-;-;-;-;-;289,781;-;-;-;-;-;-;-
DOLF30C006700;BRBMEFCE1GK6;FINANCIAL;-;-;-;-;-;-;-;-;-;281,467;-;-;-;-;-;-;-
DOLF30C006750;BRBMEFCE1GL4;FINANCIAL;-;-;-;-;-;-;-;-;-;273,161;-;-;-;-;-;-;-
DOLF30C006800;BRBMEFCE1GM2;FINANCIAL;-;-;-;-;-;-;-;-;-;265,139;-;-;-;-;-;-;-
DOLF30C006850;BRBMEFCE1GN0;FINANCIAL;-;-;-;-;-;-;-;-;-;257,391;-;-;-;-;-;-;-
DOLF30C006900;BRBMEFCE1GO8;FINANCIAL;-;-;-;-;-;-;-;-;-;249,909;-;-;-;-;-;-;-
DOLF30C006950;BRBMEFCE1GP5;FINANCIAL;-;-;-;-;-;-;-;-;-;242,683;-;-;-;-;-;-;-
DOLF30C007000;BRBMEFCE1GQ3;FINANCIAL;-;-;-;-;-;-;-;-;-;235,706;-;-;-;-;-;-;-
DOLF30C007050;BRBMEFCE1GR1;FINANCIAL;-;-;-;-;-;-;-;-;-;228,968;-;-;-;-;-;-;-
DOLF30C007100;BRBMEFCE1GS9;FINANCIAL;-;-;-;-;-;-;-;-;-;222,461;-;-;-;-;-;-;-
DOLF30C007150;BRBMEFCE1GT7;FINANCIAL;-;-;-;-;-;-;-;-;-;216,178;-;-;-;-;-;-;-
DOLF30C007200;BRBMEFCE1GU5;FINANCIAL;-;-;-;-;-;-;-;-;-;209,849;-;-;-;-;-;-;-
DOLF30C007250;BRBMEFCE1GV3;FINANCIAL;-;-;-;-;-;-;-;-;-;203,992;-;-;-;-;-;-;-
DOLF30C007300;BRBMEFCE1GW1;FINANCIAL;-;-;-;-;-;-;-;-;-;198,336;-;-;-;-;-;-;-
DOLF30C007350;BRBMEFCE1GX9;FINANCIAL;-;-;-;-;-;-;-;-;-;192,873;-;-;-;-;-;-;-
DOLF30C007400;BRBMEFCE1GY7;FINANCIAL;-;-;-;-;-;-;-;-;-;187,598;-;-;-;-;-;-;-
DOLF30C007450;BRBMEFCE1GZ4;FINANCIAL;-;-;-;-;-;-;-;-;-;182,503;-;-;-;-;-;-;-
DOLF30C007500;BRBMEFCE1H06;FINANCIAL;-;-;-;-;-;-;-;-;-;177,827;-;-;-;-;-;-;-
DOLF30C007550;BRBMEFCE1H14;FINANCIAL;-;-;-;-;-;-;-;-;-;173,07;-;-;-;-;-;-;-
DOLF30C007600;BRBMEFCE1H22;FINANCIAL;-;-;-;-;-;-;-;-;-;168,475;-;-;-;-;-;-;-
DOLF30C007650;BRBMEFCE1H30;FINANCIAL;-;-;-;-;-;-;-;-;-;164,036;-;-;-;-;-;-;-
DOLF30C007700;BRBMEFCE1H48;FINANCIAL;-;-;-;-;-;-;-;-;-;159,747;-;-;-;-;-;-;-
DOLF30C007750;BRBMEFCE1H55;FINANCIAL;-;-;-;-;-;-;-;-;-;155,142;-;-;-;-;-;-;-
DOLF30C007800;BRBMEFCE1H63;FINANCIAL;-;-;-;-;-;-;-;-;-;150,916;-;-;-;-;-;-;-
DOLF30C007850;BRBMEFCE1H71;FINANCIAL;-;-;-;-;-;-;-;-;-;146,83;-;-;-;-;-;-;-
DOLF30C007900;BRBMEFCE1H89;FINANCIAL;-;-;-;-;-;-;-;-;-;142,879;-;-;-;-;-;-;-
DOLF30C007950;BRBMEFCE1H97;FINANCIAL;-;-;-;-;-;-;-;-;-;138,841;-;-;-;-;-;-;-
DOLF30C008000;BRBMEFCE1HA5;FINANCIAL;-;-;-;-;-;-;-;-;-;135,149;-;-;-;-;-;-;-
DOLF30C008050;BRBMEFCE1HB3;FINANCIAL;-;-;-;-;-;-;-;-;-;131,58;-;-;-;-;-;-;-
DOLF30C008100;BRBMEFCE1HC1;FINANCIAL;-;-;-;-;-;-;-;-;-;128,128;-;-;-;-;-;-;-
DOLF30C008150;BRBMEFCE1HD9;FINANCIAL;-;-;-;-;-;-;-;-;-;124,582;-;-;-;-;-;-;-
DOLF30C008200;BRBMEFCE1HE7;FINANCIAL;-;-;-;-;-;-;-;-;-;121,355;-;-;-;-;-;-;-
DOLF30C008250;BRBMEFCE1HF4;FINANCIAL;-;-;-;-;-;-;-;-;-;118,234;-;-;-;-;-;-;-
DOLF30C008300;BRBMEFCE1HG2;FINANCIAL;-;-;-;-;-;-;-;-;-;115,214;-;-;-;-;-;-;-
DOLF30C008350;BRBMEFCE1HH0;FINANCIAL;-;-;-;-;-;-;-;-;-;112,293;-;-;-;-;-;-;-
DOLF30C008400;BRBMEFCE1HI8;FINANCIAL;-;-;-;-;-;-;-;-;-;109,466;-;-;-;-;-;-;-
DOLF30C008450;BRBMEFCE1HJ6;FINANCIAL;-;-;-;-;-;-;-;-;-;106,73;-;-;-;-;-;-;-
DOLF30C008500;BRBMEFCE1HK4;FINANCIAL;130;130;130;130;130;-40,68;-;-;-;104,082;-;-;-;-;1;300;1950000
DOLF30C008550;BRBMEFCE1HL2;FINANCIAL;-;-;-;-;-;-;-;-;-;101,334;-;-;-;-;-;-;-
DOLF30C008600;BRBMEFCE1HM0;FINANCIAL;-;-;-;-;-;-;-;-;-;98,856;-;-;-;-;-;-;-
DOLF30C008650;BRBMEFCE1HN8;FINANCIAL;-;-;-;-;-;-;-;-;-;96,457;-;-;-;-;-;-;-
DOLF30C008700;BRBMEFCE1HO6;FINANCIAL;-;-;-;-;-;-;-;-;-;94,134;-;-;-;-;-;-;-
DOLF30C008750;BRBMEFCE1HP3;FINANCIAL;-;-;-;-;-;-;-;-;-;91,884;-;-;-;-;-;-;-
DOLF30C008800;BRBMEFCE1HQ1;FINANCIAL;-;-;-;-;-;-;-;-;-;89,706;-;-;-;-;-;-;-
DOLF30C008850;BRBMEFCE1HR9;FINANCIAL;-;-;-;-;-;-;-;-;-;87,596;-;-;-;-;-;-;-
DOLF30C008900;BRBMEFCE1HS7;FINANCIAL;-;-;-;-;-;-;-;-;-;85,552;-;-;-;-;-;-;-
DOLF30C008950;BRBMEFCE1HT5;FINANCIAL;-;-;-;-;-;-;-;-;-;83,572;-;-;-;-;-;-;-
DOLF30C009000;BRBMEFCE1HU3;FINANCIAL;-;-;-;-;-;-;-;-;-;81,654;-;-;-;-;-;-;-
DOLF30C009050;BRBMEFCE1HV1;FINANCIAL;-;-;-;-;-;-;-;-;-;79,795;-;-;-;-;-;-;-
DOLF30C009100;BRBMEFCE1HW9;FINANCIAL;-;-;-;-;-;-;-;-;-;78,151;-;-;-;-;-;-;-
DOLF30C009150;BRBMEFCE1HX7;FINANCIAL;-;-;-;-;-;-;-;-;-;76,403;-;-;-;-;-;-;-
DOLF30C009200;BRBMEFCE1HY5;FINANCIAL;-;-;-;-;-;-;-;-;-;74,708;-;-;-;-;-;-;-
DOLF30C009250;BRBMEFCE1HZ2;FINANCIAL;-;-;-;-;-;-;-;-;-;73,065;-;-;-;-;-;-;-
DOLF30C009300;BRBMEFCE1I05;FINANCIAL;-;-;-;-;-;-;-;-;-;71,471;-;-;-;-;-;-;-
DOLF30C009350;BRBMEFCE1I13;FINANCIAL;-;-;-;-;-;-;-;-;-;69,926;-;-;-;-;-;-;-
DOLF30C009400;BRBMEFCE1I21;FINANCIAL;-;-;-;-;-;-;-;-;-;68,427;-;-;-;-;-;-;-
DOLF30C009450;BRBMEFCE1I39;FINANCIAL;-;-;-;-;-;-;-;-;-;66,974;-;-;-;-;-;-;-
DOLF30C009500;BRBMEFCE1I47;FINANCIAL;-;-;-;-;-;-;-;-;-;65,704;-;-;-;-;-;-;-
DOLF30C009550;BRBMEFCE1I54;FINANCIAL;-;-;-;-;-;-;-;-;-;64,334;-;-;-;-;-;-;-
DOLF30C009600;BRBMEFCE1I62;FINANCIAL;-;-;-;-;-;-;-;-;-;63,004;-;-;-;-;-;-;-
DOLF30C009650;BRBMEFCE1I70;FINANCIAL;-;-;-;-;-;-;-;-;-;61,713;-;-;-;-;-;-;-
DOLF30C009700;BRBMEFCE1I88;FINANCIAL;-;-;-;-;-;-;-;-;-;60,594;-;-;-;-;-;-;-
DOLF30C009750;BRBMEFCE1I96;FINANCIAL;-;-;-;-;-;-;-;-;-;59,376;-;-;-;-;-;-;-
DOLF30C009800;BRBMEFCE1IA3;FINANCIAL;-;-;-;-;-;-;-;-;-;58,193;-;-;-;-;-;-;-
DOLF30C009850;BRBMEFCE1IB1;FINANCIAL;-;-;-;-;-;-;-;-;-;57,045;-;-;-;-;-;-;-
DOLF30C009900;BRBMEFCE1IC9;FINANCIAL;-;-;-;-;-;-;-;-;-;55,804;-;-;-;-;-;-;-
DOLF30C009950;BRBMEFCE1ID7;FINANCIAL;-;-;-;-;-;-;-;-;-;54,722;-;-;-;-;-;-;-
DOLF30C010000;BRBMEFCE1IE5;FINANCIAL;-;-;-;-;-;-;-;-;-;53,672;-;-;-;-;-;-;-
DOLF30P006000;BRBMEFDE1FC4;FINANCIAL;456;451;456;453,272;451;-6,04;-;-;-;439,126;-;-;-;-;9;220;4986000
DOLF30P006050;BRBMEFDE1FD2;FINANCIAL;-;-;-;-;-;-;-;-;-;459,909;-;-;-;-;-;-;-
DOLF30P006100;BRBMEFDE1FE0;FINANCIAL;-;-;-;-;-;-;-;-;-;481,414;-;-;-;-;-;-;-
DOLF30P006150;BRBMEFDE1FF7;FINANCIAL;-;-;-;-;-;-;-;-;-;503,339;-;-;-;-;-;-;-
DOLF30P006200;BRBMEFDE1FG5;FINANCIAL;-;-;-;-;-;-;-;-;-;525,672;-;-;-;-;-;-;-
DOLF30P006250;BRBMEFDE1FH3;FINANCIAL;-;-;-;-;-;-;-;-;-;548,402;-;-;-;-;-;-;-
DOLF30P006300;BRBMEFDE1FI1;FINANCIAL;-;-;-;-;-;-;-;-;-;571,52;-;-;-;-;-;-;-
DOLF30P006350;BRBMEFDE1FJ9;FINANCIAL;-;-;-;-;-;-;-;-;-;595,014;-;-;-;-;-;-;-
DOLF30P006400;BRBMEFDE1FK7;FINANCIAL;-;-;-;-;-;-;-;-;-;618,873;-;-;-;-;-;-;-
DOLF30P006450;BRBMEFDE1FL5;FINANCIAL;-;-;-;-;-;-;-;-;-;643,086;-;-;-;-;-;-;-
DOLF30P006500;BRBMEFDE1FM3;FINANCIAL;-;-;-;-;-;-;-;-;-;667,644;-;-;-;-;-;-;-
DOLF30P006550;BRBMEFDE1FN1;FINANCIAL;-;-;-;-;-;-;-;-;-;692,535;-;-;-;-;-;-;-
DOLF30P006600;BRBMEFDE1FO9;FINANCIAL;-;-;-;-;-;-;-;-;-;717,75;-;-;-;-;-;-;-
DOLF30P006650;BRBMEFDE1FP6;FINANCIAL;-;-;-;-;-;-;-;-;-;743,277;-;-;-;-;-;-;-
DOLF30P006700;BRBMEFDE1FQ4;FINANCIAL;-;-;-;-;-;-;-;-;-;769,393;-;-;-;-;-;-;-
DOLF30P006750;BRBMEFDE1FR2;FINANCIAL;-;-;-;-;-;-;-;-;-;795,516;-;-;-;-;-;-;-
DOLF30P006800;BRBMEFDE1FS0;FINANCIAL;-;-;-;-;-;-;-;-;-;821,922;-;-;-;-;-;-;-
DOLF30P006850;BRBMEFDE1FT8;FINANCIAL;-;-;-;-;-;-;-;-;-;848,604;-;-;-;-;-;-;-
DOLF30P006900;BRBMEFDE1FU6;FINANCIAL;-;-;-;-;-;-;-;-;-;875,55;-;-;-;-;-;-;-
DOLF30P006950;BRBMEFDE1FV4;FINANCIAL;-;-;-;-;-;-;-;-;-;902,754;-;-;-;-;-;-;-
DOLF30P007000;BRBMEFDE1FW2;FINANCIAL;-;-;-;-;-;-;-;-;-;930,205;-;-;-;-;-;-;-
DOLF30P007050;BRBMEFDE1FX0;FINANCIAL;-;-;-;-;-;-;-;-;-;957,896;-;-;-;-;-;-;-
DOLF30P007100;BRBMEFDE1FY8;FINANCIAL;-;-;-;-;-;-;-;-;-;985,818;-;-;-;-;-;-;-
DOLF30P007150;BRBMEFDE1FZ5;FINANCIAL;-;-;-;-;-;-;-;-;-;1013,964;-;-;-;-;-;-;-
DOLF30P007200;BRBMEFDE1G05;FINANCIAL;-;-;-;-;-;-;-;-;-;1042,063;-;-;-;-;-;-;-
DOLF30P007250;BRBMEFDE1G13;FINANCIAL;-;-;-;-;-;-;-;-;-;1070,635;-;-;-;-;-;-;-
DOLF30P007300;BRBMEFDE1G21;FINANCIAL;-;-;-;-;-;-;-;-;-;1099,408;-;-;-;-;-;-;-
DOLF30P007350;BRBMEFDE1G39;FINANCIAL;-;-;-;-;-;-;-;-;-;1128,375;-;-;-;-;-;-;-
DOLF30P007400;BRBMEFDE1G47;FINANCIAL;-;-;-;-;-;-;-;-;-;1157,528;-;-;-;-;-;-;-
DOLF30P007450;BRBMEFDE1G54;FINANCIAL;-;-;-;-;-;-;-;-;-;1186,862;-;-;-;-;-;-;-
DOLF30P007500;BRBMEFDE1G62;FINANCIAL;-;-;-;-;-;-;-;-;-;1216,615;-;-;-;-;-;-;-
DOLF30P007550;BRBMEFDE1G70;FINANCIAL;-;-;-;-;-;-;-;-;-;1246,287;-;-;-;-;-;-;-
DOLF30P007600;BRBMEFDE1G88;FINANCIAL;-;-;-;-;-;-;-;-;-;1276,121;-;-;-;-;-;-;-
DOLF30P007650;BRBMEFDE1G96;FINANCIAL;-;-;-;-;-;-;-;-;-;1306,111;-;-;-;-;-;-;-
DOLF30P007700;BRBMEFDE1GA6;FINANCIAL;-;-;-;-;-;-;-;-;-;1336,251;-;-;-;-;-;-;-
DOLF30P007750;BRBMEFDE1GB4;FINANCIAL;-;-;-;-;-;-;-;-;-;1366,075;-;-;-;-;-;-;-
DOLF30P007800;BRBMEFDE1GC2;FINANCIAL;-;-;-;-;-;-;-;-;-;1396,278;-;-;-;-;-;-;-
DOLF30P007850;BRBMEFDE1GD0;FINANCIAL;-;-;-;-;-;-;-;-;-;1426,621;-;-;-;-;-;-;-
DOLF30P007900;BRBMEFDE1GE8;FINANCIAL;-;-;-;-;-;-;-;-;-;1457,099;-;-;-;-;-;-;-
DOLF30P007950;BRBMEFDE1GF5;FINANCIAL;-;-;-;-;-;-;-;-;-;1487,489;-;-;-;-;-;-;-
DOLF30P008000;BRBMEFDE1GG3;FINANCIAL;-;-;-;-;-;-;-;-;-;1518,227;-;-;-;-;-;-;-
DOLF30P008050;BRBMEFDE1GH1;FINANCIAL;-;-;-;-;-;-;-;-;-;1549,086;-;-;-;-;-;-;-
DOLF30P008100;BRBMEFDE1GI9;FINANCIAL;-;-;-;-;-;-;-;-;-;1580,063;-;-;-;-;-;-;-
DOLF30P008150;BRBMEFDE1GJ7;FINANCIAL;-;-;-;-;-;-;-;-;-;1610,946;-;-;-;-;-;-;-
DOLF30P008200;BRBMEFDE1GK5;FINANCIAL;-;-;-;-;-;-;-;-;-;1642,149;-;-;-;-;-;-;-
DOLF30P008250;BRBMEFDE1GL3;FINANCIAL;-;-;-;-;-;-;-;-;-;1673,456;-;-;-;-;-;-;-
DOLF30P008300;BRBMEFDE1GM1;FINANCIAL;-;-;-;-;-;-;-;-;-;1704,865;-;-;-;-;-;-;-
DOLF30P008350;BRBMEFDE1GN9;FINANCIAL;-;-;-;-;-;-;-;-;-;1736,372;-;-;-;-;-;-;-
DOLF30P008400;BRBMEFDE1GO7;FINANCIAL;-;-;-;-;-;-;-;-;-;1767,974;-;-;-;-;-;-;-
DOLF30P008450;BRBMEFDE1GP4;FINANCIAL;-;-;-;-;-;-;-;-;-;1799,667;-;-;-;-;-;-;-
DOLF30P008500;BRBMEFDE1GQ2;FINANCIAL;-;-;-;-;-;-;-;-;-;1831,448;-;-;-;-;-;-;-
DOLF30P008550;BRBMEFDE1GR0;FINANCIAL;-;-;-;-;-;-;-;-;-;1863,13;-;-;-;-;-;-;-
DOLF30P008600;BRBMEFDE1GS8;FINANCIAL;-;-;-;-;-;-;-;-;-;1895,08;-;-;-;-;-;-;-
DOLF30P008650;BRBMEFDE1GT6;FINANCIAL;-;-;-;-;-;-;-;-;-;1927,11;-;-;-;-;-;-;-
DOLF30P008700;BRBMEFDE1GU4;FINANCIAL;-;-;-;-;-;-;-;-;-;1959,216;-;-;-;-;-;-;-
DOLF30P008750;BRBMEFDE1GV2;FINANCIAL;-;-;-;-;-;-;-;-;-;1991,395;-;-;-;-;-;-;-
DOLF30P008800;BRBMEFDE1GW0;FINANCIAL;-;-;-;-;-;-;-;-;-;2023,646;-;-;-;-;-;-;-
DOLF30P008850;BRBMEFDE1GX8;FINANCIAL;-;-;-;-;-;-;-;-;-;2055,965;-;-;-;-;-;-;-
DOLF30P008900;BRBMEFDE1GY6;FINANCIAL;-;-;-;-;-;-;-;-;-;2088,35;-;-;-;-;-;-;-
DOLF30P008950;BRBMEFDE1GZ3;FINANCIAL;-;-;-;-;-;-;-;-;-;2120,799;-;-;-;-;-;-;-
DOLF30P009000;BRBMEFDE1H04;FINANCIAL;-;-;-;-;-;-;-;-;-;2153,31;-;-;-;-;-;-;-
DOLF30P009050;BRBMEFDE1H12;FINANCIAL;-;-;-;-;-;-;-;-;-;2185,88;-;-;-;-;-;-;-
DOLF30P009100;BRBMEFDE1H20;FINANCIAL;-;-;-;-;-;-;-;-;-;2218,665;-;-;-;-;-;-;-
DOLF30P009150;BRBMEFDE1H38;FINANCIAL;-;-;-;-;-;-;-;-;-;2251,345;-;-;-;-;-;-;-
DOLF30P009200;BRBMEFDE1H46;FINANCIAL;-;-;-;-;-;-;-;-;-;2284,079;-;-;-;-;-;-;-
DOLF30P009250;BRBMEFDE1H53;FINANCIAL;-;-;-;-;-;-;-;-;-;2316,865;-;-;-;-;-;-;-
DOLF30P009300;BRBMEFDE1H61;FINANCIAL;-;-;-;-;-;-;-;-;-;2349,7;-;-;-;-;-;-;-
DOLF30P009350;BRBMEFDE1H79;FINANCIAL;-;-;-;-;-;-;-;-;-;2382,584;-;-;-;-;-;-;-
DOLF30P009400;BRBMEFDE1H87;FINANCIAL;-;-;-;-;-;-;-;-;-;2415,514;-;-;-;-;-;-;-
DOLF30P009450;BRBMEFDE1H95;FINANCIAL;-;-;-;-;-;-;-;-;-;2448,489;-;-;-;-;-;-;-
DOLF30P009500;BRBMEFDE1HA4;FINANCIAL;-;-;-;-;-;-;-;-;-;2481,649;-;-;-;-;-;-;-
DOLF30P009550;BRBMEFDE1HB2;FINANCIAL;-;-;-;-;-;-;-;-;-;2514,707;-;-;-;-;-;-;-
DOLF30P009600;BRBMEFDE1HC0;FINANCIAL;-;-;-;-;-;-;-;-;-;2547,807;-;-;-;-;-;-;-
DOLF30P009650;BRBMEFDE1HD8;FINANCIAL;-;-;-;-;-;-;-;-;-;2580,945;-;-;-;-;-;-;-
DOLF30P009700;BRBMEFDE1HE6;FINANCIAL;-;-;-;-;-;-;-;-;-;2614,254;-;-;-;-;-;-;-
DOLF30P009750;BRBMEFDE1HF3;FINANCIAL;-;-;-;-;-;-;-;-;-;2647,465;-;-;-;-;-;-;-
DOLF30P009800;BRBMEFDE1HG1;FINANCIAL;-;-;-;-;-;-;-;-;-;2680,712;-;-;-;-;-;-;-
DOLF30P009850;BRBMEFDE1HH9;FINANCIAL;-;-;-;-;-;-;-;-;-;2713,992;-;-;-;-;-;-;-
DOLF30P009900;BRBMEFDE1HI7;FINANCIAL;-;-;-;-;-;-;-;-;-;2747,18;-;-;-;-;-;-;-
DOLF30P009950;BRBMEFDE1HJ5;FINANCIAL;-;-;-;-;-;-;-;-;-;2780,527;-;-;-;-;-;-;-
DOLF30P010000;BRBMEFDE1HK3;FINANCIAL;-;-;-;-;-;-;-;-;-;2813,906;-;-;-;-;-;-;-
DOLF31C005500;BRBMEFCE1LQ3;FINANCIAL;-;-;-;-;-;-;-;-;-;730,713;-;-;-;-;-;-;-
DOLF31C007000;BRBMEFCE1KY9;FINANCIAL;-;-;-;-;-;-;-;-;-;347,555;-;-;-;-;-;-;-
DOLF31C007100;BRBMEFCE1KZ6;FINANCIAL;-;-;-;-;-;-;-;-;-;331,336;-;-;-;-;-;-;-
DOLF31C007200;BRBMEFCE1L00;FINANCIAL;-;-;-;-;-;-;-;-;-;316,301;-;-;-;-;-;-;-
DOLF31C007300;BRBMEFCE1L18;FINANCIAL;-;-;-;-;-;-;-;-;-;302,091;-;-;-;-;-;-;-
DOLF31C007400;BRBMEFCE1L26;FINANCIAL;-;-;-;-;-;-;-;-;-;288,359;-;-;-;-;-;-;-
DOLF31C007500;BRBMEFCE1L34;FINANCIAL;-;-;-;-;-;-;-;-;-;275,67;-;-;-;-;-;-;-
DOLF31C007600;BRBMEFCE1L42;FINANCIAL;-;-;-;-;-;-;-;-;-;263,383;-;-;-;-;-;-;-
DOLF31C007650;BRBMEFCE1LI0;FINANCIAL;-;-;-;-;-;-;-;-;-;257,345;-;-;-;-;-;-;-
DOLF31C007700;BRBMEFCE1L59;FINANCIAL;-;-;-;-;-;-;-;-;-;251,762;-;-;-;-;-;-;-
DOLF31C007800;BRBMEFCE1L67;FINANCIAL;-;-;-;-;-;-;-;-;-;240,77;-;-;-;-;-;-;-
DOLF31C007900;BRBMEFCE1L75;FINANCIAL;-;-;-;-;-;-;-;-;-;230,372;-;-;-;-;-;-;-
DOLF31C008000;BRBMEFCE1L83;FINANCIAL;-;-;-;-;-;-;-;-;-;220,536;-;-;-;-;-;-;-
DOLF31C008100;BRBMEFCE1L91;FINANCIAL;-;-;-;-;-;-;-;-;-;211,229;-;-;-;-;-;-;-
DOLF31C008200;BRBMEFCE1LA7;FINANCIAL;-;-;-;-;-;-;-;-;-;202,422;-;-;-;-;-;-;-
DOLF31C008300;BRBMEFCE1LB5;FINANCIAL;-;-;-;-;-;-;-;-;-;194,35;-;-;-;-;-;-;-
DOLF31C008400;BRBMEFCE1LC3;FINANCIAL;-;-;-;-;-;-;-;-;-;186,454;-;-;-;-;-;-;-
DOLF31C008500;BRBMEFCE1LD1;FINANCIAL;-;-;-;-;-;-;-;-;-;178,977;-;-;-;-;-;-;-
DOLF31C008600;BRBMEFCE1LE9;FINANCIAL;-;-;-;-;-;-;-;-;-;171,895;-;-;-;-;-;-;-
DOLF31C008700;BRBMEFCE1LF6;FINANCIAL;184,65;184,65;184,65;184,65;184,65;-;-;-;-;164,694;-;-;-;-;1;300;2769750
DOLF31C010000;BRBMEFCE1LP5;FINANCIAL;-;-;-;-;-;-;-;-;-;98,941;-;-;-;-;-;-;-
DOLF31P005500;BRBMEFDE1KW2;FINANCIAL;-;-;-;-;-;-;-;-;-;222,557;-;-;-;-;-;-;-
DOLF31P007000;BRBMEFDE1K41;FINANCIAL;-;-;-;-;-;-;-;-;-;756,414;-;-;-;-;-;-;-
DOLF31P007100;BRBMEFDE1K58;FINANCIAL;-;-;-;-;-;-;-;-;-;801,33;-;-;-;-;-;-;-
DOLF31P007200;BRBMEFDE1K66;FINANCIAL;-;-;-;-;-;-;-;-;-;847,429;-;-;-;-;-;-;-
DOLF31P007300;BRBMEFDE1K74;FINANCIAL;-;-;-;-;-;-;-;-;-;894,354;-;-;-;-;-;-;-
DOLF31P007400;BRBMEFDE1K82;FINANCIAL;-;-;-;-;-;-;-;-;-;941,756;-;-;-;-;-;-;-
DOLF31P007500;BRBMEFDE1K90;FINANCIAL;-;-;-;-;-;-;-;-;-;990,201;-;-;-;-;-;-;-
DOLF31P007600;BRBMEFDE1KA8;FINANCIAL;-;-;-;-;-;-;-;-;-;1039,049;-;-;-;-;-;-;-
DOLF31P007650;BRBMEFDE1KO9;FINANCIAL;-;-;-;-;-;-;-;-;-;1063,578;-;-;-;-;-;-;-
DOLF31P007700;BRBMEFDE1KB6;FINANCIAL;-;-;-;-;-;-;-;-;-;1088,562;-;-;-;-;-;-;-
DOLF31P007800;BRBMEFDE1KC4;FINANCIAL;-;-;-;-;-;-;-;-;-;1138,705;-;-;-;-;-;-;-
DOLF31P007900;BRBMEFDE1KD2;FINANCIAL;-;-;-;-;-;-;-;-;-;1189,441;-;-;-;-;-;-;-
DOLF31P008000;BRBMEFDE1KE0;FINANCIAL;-;-;-;-;-;-;-;-;-;1240,739;-;-;-;-;-;-;-
DOLF31P008100;BRBMEFDE1KF7;FINANCIAL;-;-;-;-;-;-;-;-;-;1292,567;-;-;-;-;-;-;-
DOLF31P008200;BRBMEFDE1KG5;FINANCIAL;-;-;-;-;-;-;-;-;-;1344,894;-;-;-;-;-;-;-
DOLF31P008300;BRBMEFDE1KH3;FINANCIAL;-;-;-;-;-;-;-;-;-;1397,957;-;-;-;-;-;-;-
DOLF31P008400;BRBMEFDE1KI1;FINANCIAL;-;-;-;-;-;-;-;-;-;1451,195;-;-;-;-;-;-;-
DOLF31P008500;BRBMEFDE1KJ9;FINANCIAL;-;-;-;-;-;-;-;-;-;1504,853;-;-;-;-;-;-;-
DOLF31P008600;BRBMEFDE1KK7;FINANCIAL;-;-;-;-;-;-;-;-;-;1558,906;-;-;-;-;-;-;-
DOLF31P008700;BRBMEFDE1KL5;FINANCIAL;-;-;-;-;-;-;-;-;-;1612,839;-;-;-;-;-;-;-
DOLF31P010000;BRBMEFDE1KV4;FINANCIAL;-;-;-;-;-;-;-;-;-;2341,833;-;-;-;-;-;-;-
DOLG27C004000;BRBMEFDL02C0;FINANCIAL;-;-;-;-;-;-;-;-;-;1081,945;-;-;-;-;-;-;-
DOLG27C004100;BRBMEFDL02D8;FINANCIAL;-;-;-;-;-;-;-;-;-;985,724;-;-;-;-;-;-;-
DOLG27C004200;BRBMEFDL02E6;FINANCIAL;-;-;-;-;-;-;-;-;-;889,553;-;-;-;-;-;-;-
DOLG27C004300;BRBMEFDL02F3;FINANCIAL;-;-;-;-;-;-;-;-;-;793,536;-;-;-;-;-;-;-
DOLG27C004400;BRBMEFDL0285;FINANCIAL;-;-;-;-;-;-;-;-;-;697,932;-;-;-;-;-;-;-
DOLG27C004500;BRBMEFDL02G1;FINANCIAL;-;-;-;-;-;-;-;-;-;603,497;-;-;-;-;-;-;-
DOLG27C004600;BRBMEFDL02H9;FINANCIAL;-;-;-;-;-;-;-;-;-;511,434;-;-;-;-;-;-;-
DOLG27C004700;BRBMEFDL02I7;FINANCIAL;-;-;-;-;-;-;-;-;-;424,423;-;-;-;-;-;-;-
DOLG27C004800;BRBMEFDL02J5;FINANCIAL;-;-;-;-;-;-;-;-;-;345,521;-;-;-;-;-;-;-
DOLG27C004900;BRBMEFDL01X8;FINANCIAL;-;-;-;-;-;-;-;-;-;276,604;-;-;-;-;-;-;-
DOLG27C004950;BRBMEFDL01Y6;FINANCIAL;-;-;-;-;-;-;-;-;-;246,329;-;-;-;-;-;-;-
DOLG27C005000;BRBMEFDL01Z3;FINANCIAL;-;-;-;-;-;-;-;-;-;218,768;-;-;-;-;-;-;-
DOLG27C005050;BRBMEFDL0202;FINANCIAL;-;-;-;-;-;-;-;-;-;193,857;-;-;-;-;-;-;-
DOLG27C005100;BRBMEFDL0210;FINANCIAL;-;-;-;-;-;-;-;-;-;171,592;-;-;-;-;-;-;-
DOLG27C005150;BRBMEFDL0228;FINANCIAL;-;-;-;-;-;-;-;-;-;151,718;-;-;-;-;-;-;-
DOLG27C005200;BRBMEFDL0236;FINANCIAL;-;-;-;-;-;-;-;-;-;133,843;-;-;-;-;-;-;-
DOLG27C005250;BRBMEFDL01T6;FINANCIAL;-;-;-;-;-;-;-;-;-;118,007;-;-;-;-;-;-;-
DOLG27C005300;BRBMEFDL0244;FINANCIAL;-;-;-;-;-;-;-;-;-;104,128;-;-;-;-;-;-;-
DOLG27C005350;BRBMEFDL0251;FINANCIAL;-;-;-;-;-;-;-;-;-;91,715;-;-;-;-;-;-;-
DOLG27C005400;BRBMEFDL01W0;FINANCIAL;-;-;-;-;-;-;-;-;-;80,806;-;-;-;-;-;-;-
DOLG27C005450;BRBMEFDL0269;FINANCIAL;-;-;-;-;-;-;-;-;-;71,237;-;-;-;-;-;-;-
DOLG27C005500;BRBMEFDL0277;FINANCIAL;-;-;-;-;-;-;-;-;-;62,771;-;-;-;-;-;-;-
DOLG27C005600;BRBMEFDL01U4;FINANCIAL;-;-;-;-;-;-;-;-;-;48,435;-;-;-;-;-;-;-
DOLG27C005750;BRBMEFDL01V2;FINANCIAL;-;-;-;-;-;-;-;-;-;33,163;-;-;-;-;-;-;-
DOLG27C005800;BRBMEFDL02B2;FINANCIAL;-;-;-;-;-;-;-;-;-;29,38;-;-;-;-;-;-;-
DOLG27C006200;BRBMEFDL0293;FINANCIAL;-;-;-;-;-;-;-;-;-;12,178;-;-;-;-;-;-;-
DOLG27C006450;BRBMEFDL02A4;FINANCIAL;-;-;-;-;-;-;-;-;-;6,587;-;-;-;-;-;-;-
DOLG27P004000;BRBMEFLD02E6;FINANCIAL;-;-;-;-;-;-;-;-;-;0,004;-;-;-;-;-;-;-
DOLG27P004100;BRBMEFLD02F3;FINANCIAL;-;-;-;-;-;-;-;-;-;0,021;-;-;-;-;-;-;-
DOLG27P004200;BRBMEFLD02G1;FINANCIAL;-;-;-;-;-;-;-;-;-;0,088;-;-;-;-;-;-;-
DOLG27P004300;BRBMEFLD02H9;FINANCIAL;-;-;-;-;-;-;-;-;-;0,308;-;-;-;-;-;-;-
DOLG27P004400;BRBMEFLD02A4;FINANCIAL;-;-;-;-;-;-;-;-;-;0,942;-;-;-;-;-;-;-
DOLG27P004500;BRBMEFLD02I7;FINANCIAL;-;-;-;-;-;-;-;-;-;2,745;-;-;-;-;-;-;-
DOLG27P004600;BRBMEFLD02J5;FINANCIAL;-;-;-;-;-;-;-;-;-;6,919;-;-;-;-;-;-;-
DOLG27P004700;BRBMEFLD02K3;FINANCIAL;-;-;-;-;-;-;-;-;-;16,145;-;-;-;-;-;-;-
DOLG27P004800;BRBMEFLD02L1;FINANCIAL;-;-;-;-;-;-;-;-;-;33,481;-;-;-;-;-;-;-
DOLG27P004900;BRBMEFLD01Z3;FINANCIAL;-;-;-;-;-;-;-;-;-;60,801;-;-;-;-;-;-;-
DOLG27P004950;BRBMEFLD0202;FINANCIAL;-;-;-;-;-;-;-;-;-;78,645;-;-;-;-;-;-;-
DOLG27P005000;BRBMEFLD0210;FINANCIAL;-;-;-;-;-;-;-;-;-;99,203;-;-;-;-;-;-;-
DOLG27P005050;BRBMEFLD0228;FINANCIAL;-;-;-;-;-;-;-;-;-;122,411;-;-;-;-;-;-;-
DOLG27P005100;BRBMEFLD0236;FINANCIAL;-;-;-;-;-;-;-;-;-;148,264;-;-;-;-;-;-;-
DOLG27P005150;BRBMEFLD0244;FINANCIAL;-;-;-;-;-;-;-;-;-;176,509;-;-;-;-;-;-;-
DOLG27P005200;BRBMEFLD0251;FINANCIAL;-;-;-;-;-;-;-;-;-;206,753;-;-;-;-;-;-;-
DOLG27P005250;BRBMEFLD01V2;FINANCIAL;-;-;-;-;-;-;-;-;-;239,036;-;-;-;-;-;-;-
DOLG27P005300;BRBMEFLD0269;FINANCIAL;-;-;-;-;-;-;-;-;-;273,275;-;-;-;-;-;-;-
DOLG27P005350;BRBMEFLD0277;FINANCIAL;-;-;-;-;-;-;-;-;-;308,981;-;-;-;-;-;-;-
DOLG27P005400;BRBMEFLD01Y6;FINANCIAL;-;-;-;-;-;-;-;-;-;346,191;-;-;-;-;-;-;-
DOLG27P005450;BRBMEFLD0285;FINANCIAL;-;-;-;-;-;-;-;-;-;384,741;-;-;-;-;-;-;-
DOLG27P005500;BRBMEFLD0293;FINANCIAL;-;-;-;-;-;-;-;-;-;424,393;-;-;-;-;-;-;-
DOLG27P005600;BRBMEFLD01W0;FINANCIAL;-;-;-;-;-;-;-;-;-;506,295;-;-;-;-;-;-;-
DOLG27P005750;BRBMEFLD01X8;FINANCIAL;-;-;-;-;-;-;-;-;-;635,379;-;-;-;-;-;-;-
DOLG27P005800;BRBMEFLD02D8;FINANCIAL;-;-;-;-;-;-;-;-;-;679,715;-;-;-;-;-;-;-
DOLG27P006200;BRBMEFLD02B2;FINANCIAL;-;-;-;-;-;-;-;-;-;1047,463;-;-;-;-;-;-;-
DOLG27P006450;BRBMEFLD02C0;FINANCIAL;-;-;-;-;-;-;-;-;-;1282,465;-;-;-;-;-;-;-
DOLH27C004000;BRBMEFPC02B5;FINANCIAL;-;-;-;-;-;-;-;-;-;1094,946;-;-;-;-;-;-;-
DOLH27C004100;BRBMEFPC02C3;FINANCIAL;-;-;-;-;-;-;-;-;-;999,597;-;-;-;-;-;-;-
DOLH27C004200;BRBMEFPC02D1;FINANCIAL;-;-;-;-;-;-;-;-;-;904,356;-;-;-;-;-;-;-
DOLH27C004300;BRBMEFPC02E9;FINANCIAL;-;-;-;-;-;-;-;-;-;809,391;-;-;-;-;-;-;-
DOLH27C004400;BRBMEFPC02F6;FINANCIAL;-;-;-;-;-;-;-;-;-;715,093;-;-;-;-;-;-;-
DOLH27C004500;BRBMEFPC02G4;FINANCIAL;-;-;-;-;-;-;-;-;-;622,286;-;-;-;-;-;-;-
DOLH27C004550;BRBMEFPC02K6;FINANCIAL;-;-;-;-;-;-;-;-;-;576,773;-;-;-;-;-;-;-
DOLH27C004600;BRBMEFPC02H2;FINANCIAL;-;-;-;-;-;-;-;-;-;532,232;-;-;-;-;-;-;-
DOLH27C004650;BRBMEFPC02L4;FINANCIAL;-;-;-;-;-;-;-;-;-;488,931;-;-;-;-;-;-;-
DOLH27C004700;BRBMEFPC02I0;FINANCIAL;-;-;-;-;-;-;-;-;-;447,19;-;-;-;-;-;-;-
DOLH27C004750;BRBMEFPC02M2;FINANCIAL;-;-;-;-;-;-;-;-;-;407,537;-;-;-;-;-;-;-
DOLH27C004800;BRBMEFPC02J8;FINANCIAL;-;-;-;-;-;-;-;-;-;369,99;-;-;-;-;-;-;-
DOLH27C004850;BRBMEFPC02N0;FINANCIAL;-;-;-;-;-;-;-;-;-;334,662;-;-;-;-;-;-;-
DOLH27C004900;BRBMEFPC01R3;FINANCIAL;-;-;-;-;-;-;-;-;-;301,672;-;-;-;-;-;-;-
DOLH27C004950;BRBMEFPC01S1;FINANCIAL;-;-;-;-;-;-;-;-;-;271,402;-;-;-;-;-;-;-
DOLH27C005000;BRBMEFPC01T9;FINANCIAL;-;-;-;-;-;-;-;-;-;243,702;-;-;-;-;-;-;-
DOLH27C005050;BRBMEFPC01U7;FINANCIAL;-;-;-;-;-;-;-;-;-;218,424;-;-;-;-;-;-;-
DOLH27C005100;BRBMEFPC01V5;FINANCIAL;-;-;-;-;-;-;-;-;-;195,482;-;-;-;-;-;-;-
DOLH27C005150;BRBMEFPC01W3;FINANCIAL;-;-;-;-;-;-;-;-;-;174,881;-;-;-;-;-;-;-
DOLH27C005200;BRBMEFPC01X1;FINANCIAL;-;-;-;-;-;-;-;-;-;156,12;-;-;-;-;-;-;-
DOLH27C005250;BRBMEFPC01Y9;FINANCIAL;-;-;-;-;-;-;-;-;-;139,294;-;-;-;-;-;-;-
DOLH27C005300;BRBMEFPC01Z6;FINANCIAL;-;-;-;-;-;-;-;-;-;124,368;-;-;-;-;-;-;-
DOLH27C005350;BRBMEFPC0209;FINANCIAL;-;-;-;-;-;-;-;-;-;111,064;-;-;-;-;-;-;-
DOLH27C005400;BRBMEFPC0217;FINANCIAL;-;-;-;-;-;-;-;-;-;98,902;-;-;-;-;-;-;-
DOLH27C005450;BRBMEFPC0225;FINANCIAL;-;-;-;-;-;-;-;-;-;88,3;-;-;-;-;-;-;-
DOLH27C005500;BRBMEFPC0233;FINANCIAL;-;-;-;-;-;-;-;-;-;78,795;-;-;-;-;-;-;-
DOLH27C005550;BRBMEFPC0241;FINANCIAL;-;-;-;-;-;-;-;-;-;70,369;-;-;-;-;-;-;-
DOLH27C005600;BRBMEFPC0274;FINANCIAL;-;-;-;-;-;-;-;-;-;62,546;-;-;-;-;-;-;-
DOLH27C005650;BRBMEFPC02O8;FINANCIAL;-;-;-;-;-;-;-;-;-;55,704;-;-;-;-;-;-;-
DOLH27C005700;BRBMEFPC02P5;FINANCIAL;-;-;-;-;-;-;-;-;-;49,651;-;-;-;-;-;-;-
DOLH27C005750;BRBMEFPC02A7;FINANCIAL;-;-;-;-;-;-;-;-;-;44,298;-;-;-;-;-;-;-
DOLH27C005800;BRBMEFPC0258;FINANCIAL;-;-;-;-;-;-;-;-;-;39,565;-;-;-;-;-;-;-
DOLH27C005850;BRBMEFPC0266;FINANCIAL;-;-;-;-;-;-;-;-;-;35,446;-;-;-;-;-;-;-
DOLH27C005900;BRBMEFPC0282;FINANCIAL;-;-;-;-;-;-;-;-;-;31,802;-;-;-;-;-;-;-
DOLH27C005950;BRBMEFPC02Q3;FINANCIAL;-;-;-;-;-;-;-;-;-;28,577;-;-;-;-;-;-;-
DOLH27C006000;BRBMEFPC0290;FINANCIAL;-;-;-;-;-;-;-;-;-;25,721;-;-;-;-;-;-;-
DOLH27C006050;BRBMEFPC02R1;FINANCIAL;-;-;-;-;-;-;-;-;-;23,19;-;-;-;-;-;-;-
DOLH27P004000;BRBMEFOP02H7;FINANCIAL;-;-;-;-;-;-;-;-;-;0,019;-;-;-;-;-;-;-
DOLH27P004100;BRBMEFOP02I5;FINANCIAL;-;-;-;-;-;-;-;-;-;0,07;-;-;-;-;-;-;-
DOLH27P004200;BRBMEFOP02J3;FINANCIAL;-;-;-;-;-;-;-;-;-;0,229;-;-;-;-;-;-;-
DOLH27P004300;BRBMEFOP02K1;FINANCIAL;-;-;-;-;-;-;-;-;-;0,665;-;-;-;-;-;-;-
DOLH27P004400;BRBMEFOP02L9;FINANCIAL;-;-;-;-;-;-;-;-;-;1,768;-;-;-;-;-;-;-
DOLH27P004500;BRBMEFOP02M7;FINANCIAL;-;-;-;-;-;-;-;-;-;4,362;-;-;-;-;-;-;-
DOLH27P004550;BRBMEFOP02Q8;FINANCIAL;-;-;-;-;-;-;-;-;-;6,549;-;-;-;-;-;-;-
DOLH27P004600;BRBMEFOP02N5;FINANCIAL;-;-;-;-;-;-;-;-;-;9,707;-;-;-;-;-;-;-
DOLH27P004650;BRBMEFOP02R6;FINANCIAL;-;-;-;-;-;-;-;-;-;14,107;-;-;-;-;-;-;-
DOLH27P004700;BRBMEFOP02O3;FINANCIAL;-;-;-;-;-;-;-;-;-;20,066;-;-;-;-;-;-;-
DOLH27P004750;BRBMEFOP02S4;FINANCIAL;-;-;-;-;-;-;-;-;-;28,113;-;-;-;-;-;-;-
DOLH27P004800;BRBMEFOP02P0;FINANCIAL;-;-;-;-;-;-;-;-;-;38,266;-;-;-;-;-;-;-
DOLH27P004850;BRBMEFOP02T2;FINANCIAL;-;-;-;-;-;-;-;-;-;50,639;-;-;-;-;-;-;-
DOLH27P004900;BRBMEFOP01X6;FINANCIAL;-;-;-;-;-;-;-;-;-;65,349;-;-;-;-;-;-;-
DOLH27P004950;BRBMEFOP01Y4;FINANCIAL;-;-;-;-;-;-;-;-;-;82,779;-;-;-;-;-;-;-
DOLH27P005000;BRBMEFOP01Z1;FINANCIAL;-;-;-;-;-;-;-;-;-;102,779;-;-;-;-;-;-;-
DOLH27P005050;BRBMEFOP0205;FINANCIAL;-;-;-;-;-;-;-;-;-;125,202;-;-;-;-;-;-;-
DOLH27P005100;BRBMEFOP0213;FINANCIAL;-;-;-;-;-;-;-;-;-;149,96;-;-;-;-;-;-;-
DOLH27P005150;BRBMEFOP0221;FINANCIAL;-;-;-;-;-;-;-;-;-;177,059;-;-;-;-;-;-;-
DOLH27P005200;BRBMEFOP0239;FINANCIAL;-;-;-;-;-;-;-;-;-;205,998;-;-;-;-;-;-;-
DOLH27P005250;BRBMEFOP0247;FINANCIAL;-;-;-;-;-;-;-;-;-;236,873;-;-;-;-;-;-;-
DOLH27P005300;BRBMEFOP0254;FINANCIAL;-;-;-;-;-;-;-;-;-;269,646;-;-;-;-;-;-;-
DOLH27P005350;BRBMEFOP0262;FINANCIAL;-;-;-;-;-;-;-;-;-;304,043;-;-;-;-;-;-;-
DOLH27P005400;BRBMEFOP0270;FINANCIAL;-;-;-;-;-;-;-;-;-;339,581;-;-;-;-;-;-;-
DOLH27P005450;BRBMEFOP0288;FINANCIAL;-;-;-;-;-;-;-;-;-;376,679;-;-;-;-;-;-;-
DOLH27P005500;BRBMEFOP0296;FINANCIAL;-;-;-;-;-;-;-;-;-;414,874;-;-;-;-;-;-;-
DOLH27P005550;BRBMEFOP02A2;FINANCIAL;-;-;-;-;-;-;-;-;-;454,149;-;-;-;-;-;-;-
DOLH27P005600;BRBMEFOP02D6;FINANCIAL;-;-;-;-;-;-;-;-;-;494,026;-;-;-;-;-;-;-
DOLH27P005650;BRBMEFOP02U0;FINANCIAL;-;-;-;-;-;-;-;-;-;534,884;-;-;-;-;-;-;-
DOLH27P005700;BRBMEFOP02V8;FINANCIAL;-;-;-;-;-;-;-;-;-;576,531;-;-;-;-;-;-;-
DOLH27P005750;BRBMEFOP02G9;FINANCIAL;-;-;-;-;-;-;-;-;-;618,879;-;-;-;-;-;-;-
DOLH27P005800;BRBMEFOP02B0;FINANCIAL;-;-;-;-;-;-;-;-;-;661,846;-;-;-;-;-;-;-
DOLH27P005850;BRBMEFOP02C8;FINANCIAL;-;-;-;-;-;-;-;-;-;705,427;-;-;-;-;-;-;-
DOLH27P005900;BRBMEFOP02E4;FINANCIAL;-;-;-;-;-;-;-;-;-;749,484;-;-;-;-;-;-;-
DOLH27P005950;BRBMEFOP02W6;FINANCIAL;-;-;-;-;-;-;-;-;-;793,959;-;-;-;-;-;-;-
DOLH27P006000;BRBMEFOP02F1;FINANCIAL;-;-;-;-;-;-;-;-;-;838,803;-;-;-;-;-;-;-
DOLH27P006050;BRBMEFOP02X4;FINANCIAL;-;-;-;-;-;-;-;-;-;883,972;-;-;-;-;-;-;-
DOLJ27C004000;BRBMEFCL19O1;FINANCIAL;-;-;-;-;-;-;-;-;-;1112,333;-;-;-;-;-;-;-
DOLJ27C004100;BRBMEFCL19P8;FINANCIAL;-;-;-;-;-;-;-;-;-;1018,062;-;-;-;-;-;-;-
DOLJ27C004200;BRBMEFCL19Q6;FINANCIAL;-;-;-;-;-;-;-;-;-;923,986;-;-;-;-;-;-;-
DOLJ27C004250;BRBMEFCL19J1;FINANCIAL;-;-;-;-;-;-;-;-;-;877,087;-;-;-;-;-;-;-
DOLJ27C004300;BRBMEFCL19R4;FINANCIAL;-;-;-;-;-;-;-;-;-;830,336;-;-;-;-;-;-;-
DOLJ27C004400;BRBMEFCL19S2;FINANCIAL;-;-;-;-;-;-;-;-;-;737,681;-;-;-;-;-;-;-
DOLJ27C004450;BRBMEFCL19K9;FINANCIAL;-;-;-;-;-;-;-;-;-;691,963;-;-;-;-;-;-;-
DOLJ27C004500;BRBMEFCL19T0;FINANCIAL;-;-;-;-;-;-;-;-;-;646,81;-;-;-;-;-;-;-
DOLJ27C004550;BRBMEFCL19W4;FINANCIAL;-;-;-;-;-;-;-;-;-;602,441;-;-;-;-;-;-;-
DOLJ27C004600;BRBMEFCL19I3;FINANCIAL;-;-;-;-;-;-;-;-;-;559,161;-;-;-;-;-;-;-
DOLJ27C004650;BRBMEFCL19X2;FINANCIAL;-;-;-;-;-;-;-;-;-;517,1;-;-;-;-;-;-;-
DOLJ27C004700;BRBMEFCL19U8;FINANCIAL;-;-;-;-;-;-;-;-;-;476,678;-;-;-;-;-;-;-
DOLJ27C004750;BRBMEFCL19Y0;FINANCIAL;-;-;-;-;-;-;-;-;-;438,05;-;-;-;-;-;-;-
DOLJ27C004800;BRBMEFCL19V6;FINANCIAL;-;-;-;-;-;-;-;-;-;401,266;-;-;-;-;-;-;-
DOLJ27C004850;BRBMEFCL19Z7;FINANCIAL;-;-;-;-;-;-;-;-;-;366,552;-;-;-;-;-;-;-
DOLJ27C004900;BRBMEFCL19C6;FINANCIAL;-;-;-;-;-;-;-;-;-;333,922;-;-;-;-;-;-;-
DOLJ27C004950;BRBMEFCL19D4;FINANCIAL;-;-;-;-;-;-;-;-;-;303,659;-;-;-;-;-;-;-
DOLJ27C005000;BRBMEFCL13X5;FINANCIAL;-;-;-;-;-;-;-;-;-;275,698;-;-;-;-;-;-;-
DOLJ27C005050;BRBMEFCL19E2;FINANCIAL;-;-;-;-;-;-;-;-;-;249,901;-;-;-;-;-;-;-
DOLJ27C005100;BRBMEFCL13Y3;FINANCIAL;-;-;-;-;-;-;-;-;-;226,21;-;-;-;-;-;-;-
DOLJ27C005150;BRBMEFCL19F9;FINANCIAL;-;-;-;-;-;-;-;-;-;204,675;-;-;-;-;-;-;-
DOLJ27C005200;BRBMEFCL13Z0;FINANCIAL;-;-;-;-;-;-;-;-;-;185,066;-;-;-;-;-;-;-
DOLJ27C005250;BRBMEFCL19G7;FINANCIAL;-;-;-;-;-;-;-;-;-;167,133;-;-;-;-;-;-;-
DOLJ27C005300;BRBMEFCL1409;FINANCIAL;-;-;-;-;-;-;-;-;-;150,889;-;-;-;-;-;-;-
DOLJ27C005350;BRBMEFCL17C0;FINANCIAL;-;-;-;-;-;-;-;-;-;136,34;-;-;-;-;-;-;-
DOLJ27C005400;BRBMEFCL1417;FINANCIAL;-;-;-;-;-;-;-;-;-;123,226;-;-;-;-;-;-;-
DOLJ27C005450;BRBMEFCL19H5;FINANCIAL;-;-;-;-;-;-;-;-;-;111,182;-;-;-;-;-;-;-
DOLJ27C005500;BRBMEFCL1425;FINANCIAL;-;-;-;-;-;-;-;-;-;100,348;-;-;-;-;-;-;-
DOLJ27C005550;BRBMEFCL1A08;FINANCIAL;-;-;-;-;-;-;-;-;-;90,615;-;-;-;-;-;-;-
DOLJ27C005600;BRBMEFCL1433;FINANCIAL;-;-;-;-;-;-;-;-;-;81,988;-;-;-;-;-;-;-
DOLJ27C005650;BRBMEFCL1A16;FINANCIAL;-;-;-;-;-;-;-;-;-;74,046;-;-;-;-;-;-;-
DOLJ27C005700;BRBMEFCL1441;FINANCIAL;-;-;-;-;-;-;-;-;-;66,727;-;-;-;-;-;-;-
DOLJ27C005750;BRBMEFCL14L8;FINANCIAL;-;-;-;-;-;-;-;-;-;60,167;-;-;-;-;-;-;-
DOLJ27C005800;BRBMEFCL1458;FINANCIAL;-;-;-;-;-;-;-;-;-;54,29;-;-;-;-;-;-;-
DOLJ27C005850;BRBMEFCL14M6;FINANCIAL;-;-;-;-;-;-;-;-;-;49,109;-;-;-;-;-;-;-
DOLJ27C005900;BRBMEFCL1466;FINANCIAL;-;-;-;-;-;-;-;-;-;44,39;-;-;-;-;-;-;-
DOLJ27C005950;BRBMEFCL14N4;FINANCIAL;-;-;-;-;-;-;-;-;-;40,238;-;-;-;-;-;-;-
DOLJ27C006000;BRBMEFCL1474;FINANCIAL;-;-;-;-;-;-;-;-;-;36,588;-;-;-;-;-;-;-
DOLJ27C006050;BRBMEFCL14O2;FINANCIAL;-;-;-;-;-;-;-;-;-;33,25;-;-;-;-;-;-;-
DOLJ27C006100;BRBMEFCL1482;FINANCIAL;-;-;-;-;-;-;-;-;-;30,317;-;-;-;-;-;-;-
DOLJ27C006150;BRBMEFCL14P9;FINANCIAL;-;-;-;-;-;-;-;-;-;27,685;-;-;-;-;-;-;-
DOLJ27C006200;BRBMEFCL1490;FINANCIAL;-;-;-;-;-;-;-;-;-;25,265;-;-;-;-;-;-;-
DOLJ27C006250;BRBMEFCL14Q7;FINANCIAL;-;-;-;-;-;-;-;-;-;23,141;-;-;-;-;-;-;-
DOLJ27C006300;BRBMEFCL14A1;FINANCIAL;-;-;-;-;-;-;-;-;-;21,229;-;-;-;-;-;-;-
DOLJ27C006400;BRBMEFCL15N1;FINANCIAL;-;-;-;-;-;-;-;-;-;17,996;-;-;-;-;-;-;-
DOLJ27C006500;BRBMEFCL15L5;FINANCIAL;-;-;-;-;-;-;-;-;-;15,395;-;-;-;-;-;-;-
DOLJ27C006600;BRBMEFCL15O9;FINANCIAL;-;-;-;-;-;-;-;-;-;13,195;-;-;-;-;-;-;-
DOLJ27C006700;BRBMEFCL15P6;FINANCIAL;-;-;-;-;-;-;-;-;-;10,824;-;-;-;-;-;-;-
DOLJ27C006800;BRBMEFCL15Q4;FINANCIAL;-;-;-;-;-;-;-;-;-;8,902;-;-;-;-;-;-;-
DOLJ27C006900;BRBMEFCL15R2;FINANCIAL;-;-;-;-;-;-;-;-;-;7,343;-;-;-;-;-;-;-
DOLJ27C006950;BRBMEFCL17B2;FINANCIAL;-;-;-;-;-;-;-;-;-;6,686;-;-;-;-;-;-;-
DOLJ27C007000;BRBMEFCL15S0;FINANCIAL;-;-;-;-;-;-;-;-;-;6,094;-;-;-;-;-;-;-
DOLJ27C007100;BRBMEFCL15T8;FINANCIAL;-;-;-;-;-;-;-;-;-;5,059;-;-;-;-;-;-;-
DOLJ27C007200;BRBMEFCL15U6;FINANCIAL;-;-;-;-;-;-;-;-;-;4,228;-;-;-;-;-;-;-
DOLJ27C007300;BRBMEFCL15V4;FINANCIAL;-;-;-;-;-;-;-;-;-;3,559;-;-;-;-;-;-;-
DOLJ27C007400;BRBMEFCL15M3;FINANCIAL;-;-;-;-;-;-;-;-;-;2,998;-;-;-;-;-;-;-
DOLJ27C007500;BRBMEFCL15W2;FINANCIAL;-;-;-;-;-;-;-;-;-;2,544;-;-;-;-;-;-;-
DOLJ27P004000;BRBMEFVDEAG4;FINANCIAL;-;-;-;-;-;-;-;-;-;0,059;-;-;-;-;-;-;-
DOLJ27P004100;BRBMEFVDEAH2;FINANCIAL;-;-;-;-;-;-;-;-;-;0,181;-;-;-;-;-;-;-
DOLJ27P004200;BRBMEFVDEAI0;FINANCIAL;-;-;-;-;-;-;-;-;-;0,499;-;-;-;-;-;-;-
DOLJ27P004250;BRBMEFVDEAB5;FINANCIAL;-;-;-;-;-;-;-;-;-;0,796;-;-;-;-;-;-;-
DOLJ27P004300;BRBMEFVDEAJ8;FINANCIAL;-;-;-;-;-;-;-;-;-;1,241;-;-;-;-;-;-;-
DOLJ27P004400;BRBMEFVDEAK6;FINANCIAL;-;-;-;-;-;-;-;-;-;2,979;-;-;-;-;-;-;-
DOLJ27P004450;BRBMEFVDEAC3;FINANCIAL;-;-;-;-;-;-;-;-;-;4,458;-;-;-;-;-;-;-
DOLJ27P004500;BRBMEFVDEAL4;FINANCIAL;-;-;-;-;-;-;-;-;-;6,501;-;-;-;-;-;-;-
DOLJ27P004550;BRBMEFVDEAO8;FINANCIAL;-;-;-;-;-;-;-;-;-;9,328;-;-;-;-;-;-;-
DOLJ27P004600;BRBMEFVDEAA7;FINANCIAL;-;-;-;-;-;-;-;-;-;13,244;-;-;-;-;-;-;-
DOLJ27P004650;BRBMEFVDEAP5;FINANCIAL;-;-;-;-;-;-;-;-;-;18,381;-;-;-;-;-;-;-
DOLJ27P004700;BRBMEFVDEAM2;FINANCIAL;-;-;-;-;-;-;-;-;-;25,154;-;-;-;-;-;-;-
DOLJ27P004750;BRBMEFVDEAQ3;FINANCIAL;-;-;-;-;-;-;-;-;-;33,723;-;-;-;-;-;-;-
DOLJ27P004800;BRBMEFVDEAN0;FINANCIAL;-;-;-;-;-;-;-;-;-;44,135;-;-;-;-;-;-;-
DOLJ27P004850;BRBMEFVDEAR1;FINANCIAL;-;-;-;-;-;-;-;-;-;56,618;-;-;-;-;-;-;-
DOLJ27P004900;BRBMEFVDEA46;FINANCIAL;-;-;-;-;-;-;-;-;-;71,185;-;-;-;-;-;-;-
DOLJ27P004950;BRBMEFVDEA53;FINANCIAL;-;-;-;-;-;-;-;-;-;88,118;-;-;-;-;-;-;-
DOLJ27P005000;BRBMEFVDE4P5;FINANCIAL;-;-;-;-;-;-;-;-;-;107,353;-;-;-;-;-;-;-
DOLJ27P005050;BRBMEFVDEA61;FINANCIAL;-;-;-;-;-;-;-;-;-;128,753;-;-;-;-;-;-;-
DOLJ27P005100;BRBMEFVDE4Q3;FINANCIAL;180;180;180;180;180;50;-;-;-;152,258;-;-;-;-;1;5;45000
DOLJ27P005150;BRBMEFVDEA79;FINANCIAL;-;-;-;-;-;-;-;-;-;177,92;-;-;-;-;-;-;-
DOLJ27P005200;BRBMEFVDE4R1;FINANCIAL;-;-;-;-;-;-;-;-;-;205,507;-;-;-;-;-;-;-
DOLJ27P005250;BRBMEFVDEA87;FINANCIAL;-;-;-;-;-;-;-;-;-;234,77;-;-;-;-;-;-;-
DOLJ27P005300;BRBMEFVDE4S9;FINANCIAL;-;-;-;-;-;-;-;-;-;265,723;-;-;-;-;-;-;-
DOLJ27P005350;BRBMEFVDE843;FINANCIAL;-;-;-;-;-;-;-;-;-;298,371;-;-;-;-;-;-;-
DOLJ27P005400;BRBMEFVDE4T7;FINANCIAL;-;-;-;-;-;-;-;-;-;332,453;-;-;-;-;-;-;-
DOLJ27P005450;BRBMEFVDEA95;FINANCIAL;-;-;-;-;-;-;-;-;-;367,605;-;-;-;-;-;-;-
DOLJ27P005500;BRBMEFVDE4U5;FINANCIAL;-;-;-;-;-;-;-;-;-;403,968;-;-;-;-;-;-;-
DOLJ27P005550;BRBMEFVDEAS9;FINANCIAL;-;-;-;-;-;-;-;-;-;441,432;-;-;-;-;-;-;-
DOLJ27P005600;BRBMEFVDE4V3;FINANCIAL;-;-;-;-;-;-;-;-;-;480,001;-;-;-;-;-;-;-
DOLJ27P005650;BRBMEFVDEAT7;FINANCIAL;-;-;-;-;-;-;-;-;-;519,255;-;-;-;-;-;-;-
DOLJ27P005700;BRBMEFVDE4W1;FINANCIAL;-;-;-;-;-;-;-;-;-;559,133;-;-;-;-;-;-;-
DOLJ27P005750;BRBMEFVDE5D8;FINANCIAL;-;-;-;-;-;-;-;-;-;599,769;-;-;-;-;-;-;-
DOLJ27P005800;BRBMEFVDE4X9;FINANCIAL;-;-;-;-;-;-;-;-;-;641,088;-;-;-;-;-;-;-
DOLJ27P005850;BRBMEFVDE5E6;FINANCIAL;-;-;-;-;-;-;-;-;-;683,104;-;-;-;-;-;-;-
DOLJ27P005900;BRBMEFVDE4Y7;FINANCIAL;-;-;-;-;-;-;-;-;-;725,582;-;-;-;-;-;-;-
DOLJ27P005950;BRBMEFVDE5F3;FINANCIAL;-;-;-;-;-;-;-;-;-;768,626;-;-;-;-;-;-;-
DOLJ27P006000;BRBMEFVDE4Z4;FINANCIAL;-;-;-;-;-;-;-;-;-;812,173;-;-;-;-;-;-;-
DOLJ27P006050;BRBMEFVDE5G1;FINANCIAL;-;-;-;-;-;-;-;-;-;856,031;-;-;-;-;-;-;-
DOLJ27P006100;BRBMEFVDE504;FINANCIAL;-;-;-;-;-;-;-;-;-;900,295;-;-;-;-;-;-;-
DOLJ27P006150;BRBMEFVDE5H9;FINANCIAL;-;-;-;-;-;-;-;-;-;944,858;-;-;-;-;-;-;-
DOLJ27P006200;BRBMEFVDE512;FINANCIAL;-;-;-;-;-;-;-;-;-;989,635;-;-;-;-;-;-;-
DOLJ27P006250;BRBMEFVDE5I7;FINANCIAL;-;-;-;-;-;-;-;-;-;1034,708;-;-;-;-;-;-;-
DOLJ27P006300;BRBMEFVDE520;FINANCIAL;-;-;-;-;-;-;-;-;-;1079,992;-;-;-;-;-;-;-
DOLJ27P006400;BRBMEFVDE6F1;FINANCIAL;-;-;-;-;-;-;-;-;-;1171,152;-;-;-;-;-;-;-
DOLJ27P006500;BRBMEFVDE6D6;FINANCIAL;-;-;-;-;-;-;-;-;-;1262,944;-;-;-;-;-;-;-
DOLJ27P006600;BRBMEFVDE6G9;FINANCIAL;-;-;-;-;-;-;-;-;-;1355,137;-;-;-;-;-;-;-
DOLJ27P006700;BRBMEFVDE6H7;FINANCIAL;-;-;-;-;-;-;-;-;-;1447,158;-;-;-;-;-;-;-
DOLJ27P006800;BRBMEFVDE6I5;FINANCIAL;-;-;-;-;-;-;-;-;-;1539,63;-;-;-;-;-;-;-
DOLJ27P006900;BRBMEFVDE6J3;FINANCIAL;-;-;-;-;-;-;-;-;-;1632,463;-;-;-;-;-;-;-
DOLJ27P006950;BRBMEFVDE835;FINANCIAL;-;-;-;-;-;-;-;-;-;1679,003;-;-;-;-;-;-;-
DOLJ27P007000;BRBMEFVDE6K1;FINANCIAL;-;-;-;-;-;-;-;-;-;1725,607;-;-;-;-;-;-;-
DOLJ27P007100;BRBMEFVDE6L9;FINANCIAL;-;-;-;-;-;-;-;-;-;1818,965;-;-;-;-;-;-;-
DOLJ27P007200;BRBMEFVDE6M7;FINANCIAL;-;-;-;-;-;-;-;-;-;1912,528;-;-;-;-;-;-;-
DOLJ27P007300;BRBMEFVDE6N5;FINANCIAL;-;-;-;-;-;-;-;-;-;2006,252;-;-;-;-;-;-;-
DOLJ27P007400;BRBMEFVDE6E4;FINANCIAL;-;-;-;-;-;-;-;-;-;2100,083;-;-;-;-;-;-;-
DOLJ27P007500;BRBMEFVDE6O3;FINANCIAL;-;-;-;-;-;-;-;-;-;2194,022;-;-;-;-;-;-;-
DOLJ28C005500;BRBMEFCL19L7;FINANCIAL;-;-;-;-;-;-;-;-;-;317,164;-;-;-;-;-;-;-
DOLJ28C005600;BRBMEFCL19M5;FINANCIAL;-;-;-;-;-;-;-;-;-;285,521;-;-;-;-;-;-;-
DOLJ28C005700;BRBMEFCL19N3;FINANCIAL;-;-;-;-;-;-;-;-;-;257,051;-;-;-;-;-;-;-
DOLJ28C005800;BRBMEFCL1839;FINANCIAL;-;-;-;-;-;-;-;-;-;231,499;-;-;-;-;-;-;-
DOLJ28C005900;BRBMEFCL1847;FINANCIAL;-;-;-;-;-;-;-;-;-;208,823;-;-;-;-;-;-;-
DOLJ28C006000;BRBMEFCL1854;FINANCIAL;-;-;-;-;-;-;-;-;-;188,346;-;-;-;-;-;-;-
DOLJ28C006100;BRBMEFCL1862;FINANCIAL;-;-;-;-;-;-;-;-;-;169,851;-;-;-;-;-;-;-
DOLJ28C006200;BRBMEFCL1870;FINANCIAL;-;-;-;-;-;-;-;-;-;153,718;-;-;-;-;-;-;-
DOLJ28C006300;BRBMEFCL1888;FINANCIAL;-;-;-;-;-;-;-;-;-;139,145;-;-;-;-;-;-;-
DOLJ28C006400;BRBMEFCL1896;FINANCIAL;-;-;-;-;-;-;-;-;-;126,321;-;-;-;-;-;-;-
DOLJ28C006500;BRBMEFCL18A2;FINANCIAL;-;-;-;-;-;-;-;-;-;114,037;-;-;-;-;-;-;-
DOLJ28C006600;BRBMEFCL18B0;FINANCIAL;-;-;-;-;-;-;-;-;-;103,226;-;-;-;-;-;-;-
DOLJ28C006700;BRBMEFCL18C8;FINANCIAL;-;-;-;-;-;-;-;-;-;93,571;-;-;-;-;-;-;-
DOLJ28C006800;BRBMEFCL18D6;FINANCIAL;-;-;-;-;-;-;-;-;-;85,093;-;-;-;-;-;-;-
DOLJ28C006900;BRBMEFCL18E4;FINANCIAL;-;-;-;-;-;-;-;-;-;77,378;-;-;-;-;-;-;-
DOLJ28C007000;BRBMEFCL18F1;FINANCIAL;-;-;-;-;-;-;-;-;-;70,609;-;-;-;-;-;-;-
DOLJ28C007100;BRBMEFCL18G9;FINANCIAL;-;-;-;-;-;-;-;-;-;64,552;-;-;-;-;-;-;-
DOLJ28C007200;BRBMEFCL18H7;FINANCIAL;-;-;-;-;-;-;-;-;-;59,125;-;-;-;-;-;-;-
DOLJ28C007500;BRBMEFCL18X4;FINANCIAL;-;-;-;-;-;-;-;-;-;46,063;-;-;-;-;-;-;-
DOLJ28C008000;BRBMEFCL18Y2;FINANCIAL;-;-;-;-;-;-;-;-;-;31,507;-;-;-;-;-;-;-
DOLJ28C008500;BRBMEFCL18Z9;FINANCIAL;-;-;-;-;-;-;-;-;-;22,866;-;-;-;-;-;-;-
DOLJ28C009000;BRBMEFCL1904;FINANCIAL;-;-;-;-;-;-;-;-;-;15,356;-;-;-;-;-;-;-
DOLJ28P005500;BRBMEFVDEAD1;FINANCIAL;-;-;-;-;-;-;-;-;-;343,904;-;-;-;-;-;-;-
DOLJ28P005600;BRBMEFVDEAE9;FINANCIAL;-;-;-;-;-;-;-;-;-;396,403;-;-;-;-;-;-;-
DOLJ28P005700;BRBMEFVDEAF6;FINANCIAL;-;-;-;-;-;-;-;-;-;452,076;-;-;-;-;-;-;-
DOLJ28P005800;BRBMEFVDE8V4;FINANCIAL;-;-;-;-;-;-;-;-;-;510,667;-;-;-;-;-;-;-
DOLJ28P005900;BRBMEFVDE8W2;FINANCIAL;-;-;-;-;-;-;-;-;-;572,133;-;-;-;-;-;-;-
DOLJ28P006000;BRBMEFVDE8X0;FINANCIAL;-;-;-;-;-;-;-;-;-;635,799;-;-;-;-;-;-;-
DOLJ28P006100;BRBMEFVDE8Y8;FINANCIAL;-;-;-;-;-;-;-;-;-;701,446;-;-;-;-;-;-;-
DOLJ28P006200;BRBMEFVDE8Z5;FINANCIAL;-;-;-;-;-;-;-;-;-;769,456;-;-;-;-;-;-;-
DOLJ28P006300;BRBMEFVDE900;FINANCIAL;-;-;-;-;-;-;-;-;-;839,025;-;-;-;-;-;-;-
DOLJ28P006400;BRBMEFVDE918;FINANCIAL;-;-;-;-;-;-;-;-;-;910,344;-;-;-;-;-;-;-
DOLJ28P006500;BRBMEFVDE926;FINANCIAL;-;-;-;-;-;-;-;-;-;982,203;-;-;-;-;-;-;-
DOLJ28P006600;BRBMEFVDE934;FINANCIAL;-;-;-;-;-;-;-;-;-;1055,534;-;-;-;-;-;-;-
DOLJ28P006700;BRBMEFVDE942;FINANCIAL;-;-;-;-;-;-;-;-;-;1130,023;-;-;-;-;-;-;-
DOLJ28P006800;BRBMEFVDE959;FINANCIAL;-;-;-;-;-;-;-;-;-;1205,686;-;-;-;-;-;-;-
DOLJ28P006900;BRBMEFVDE967;FINANCIAL;-;-;-;-;-;-;-;-;-;1282,114;-;-;-;-;-;-;-
DOLJ28P007000;BRBMEFVDE975;FINANCIAL;-;-;-;-;-;-;-;-;-;1359,488;-;-;-;-;-;-;-
DOLJ28P007100;BRBMEFVDE983;FINANCIAL;-;-;-;-;-;-;-;-;-;1437,573;-;-;-;-;-;-;-
DOLJ28P007200;BRBMEFVDE991;FINANCIAL;-;-;-;-;-;-;-;-;-;1516,29;-;-;-;-;-;-;-
DOLJ28P007500;BRBMEFVDE9P4;FINANCIAL;-;-;-;-;-;-;-;-;-;1755,656;-;-;-;-;-;-;-
DOLJ28P008000;BRBMEFVDE9Q2;FINANCIAL;-;-;-;-;-;-;-;-;-;2161,812;-;-;-;-;-;-;-
DOLJ28P008500;BRBMEFVDE9R0;FINANCIAL;-;-;-;-;-;-;-;-;-;2573,885;-;-;-;-;-;-;-
DOLJ28P009000;BRBMEFVDE9S8;FINANCIAL;-;-;-;-;-;-;-;-;-;2987,088;-;-;-;-;-;-;-
DOLJ29C005800;BRBMEFCL18I5;FINANCIAL;-;-;-;-;-;-;-;-;-;384,605;-;-;-;-;-;-;-
DOLJ29C005900;BRBMEFCL18J3;FINANCIAL;-;-;-;-;-;-;-;-;-;356,472;-;-;-;-;-;-;-
DOLJ29C006000;BRBMEFCL18K1;FINANCIAL;-;-;-;-;-;-;-;-;-;330,717;-;-;-;-;-;-;-
DOLJ29C006100;BRBMEFCL18L9;FINANCIAL;-;-;-;-;-;-;-;-;-;306,94;-;-;-;-;-;-;-
DOLJ29C006200;BRBMEFCL18M7;FINANCIAL;-;-;-;-;-;-;-;-;-;285,01;-;-;-;-;-;-;-
DOLJ29C006300;BRBMEFCL18N5;FINANCIAL;-;-;-;-;-;-;-;-;-;264,801;-;-;-;-;-;-;-
DOLJ29C006400;BRBMEFCL18O3;FINANCIAL;-;-;-;-;-;-;-;-;-;246,189;-;-;-;-;-;-;-
DOLJ29C006500;BRBMEFCL18P0;FINANCIAL;-;-;-;-;-;-;-;-;-;229,055;-;-;-;-;-;-;-
DOLJ29C006600;BRBMEFCL18Q8;FINANCIAL;-;-;-;-;-;-;-;-;-;213,042;-;-;-;-;-;-;-
DOLJ29C006700;BRBMEFCL18R6;FINANCIAL;-;-;-;-;-;-;-;-;-;198,542;-;-;-;-;-;-;-
DOLJ29C006800;BRBMEFCL18S4;FINANCIAL;-;-;-;-;-;-;-;-;-;184,967;-;-;-;-;-;-;-
DOLJ29C006900;BRBMEFCL18T2;FINANCIAL;-;-;-;-;-;-;-;-;-;172,702;-;-;-;-;-;-;-
DOLJ29C007000;BRBMEFCL18U0;FINANCIAL;-;-;-;-;-;-;-;-;-;161,418;-;-;-;-;-;-;-
DOLJ29C007100;BRBMEFCL18V8;FINANCIAL;-;-;-;-;-;-;-;-;-;151,034;-;-;-;-;-;-;-
DOLJ29C007200;BRBMEFCL18W6;FINANCIAL;-;-;-;-;-;-;-;-;-;141,056;-;-;-;-;-;-;-
DOLJ29C007500;BRBMEFCL1912;FINANCIAL;-;-;-;-;-;-;-;-;-;115,004;-;-;-;-;-;-;-
DOLJ29C008000;BRBMEFCL1920;FINANCIAL;-;-;-;-;-;-;-;-;-;83,688;-;-;-;-;-;-;-
DOLJ29C008500;BRBMEFCL1938;FINANCIAL;-;-;-;-;-;-;-;-;-;62,768;-;-;-;-;-;-;-
DOLJ29C009000;BRBMEFCL1946;FINANCIAL;-;-;-;-;-;-;-;-;-;48,277;-;-;-;-;-;-;-
DOLJ29P005800;BRBMEFVDE9A6;FINANCIAL;-;-;-;-;-;-;-;-;-;422,417;-;-;-;-;-;-;-
DOLJ29P005900;BRBMEFVDE9B4;FINANCIAL;-;-;-;-;-;-;-;-;-;469,476;-;-;-;-;-;-;-
DOLJ29P006000;BRBMEFVDE9C2;FINANCIAL;-;-;-;-;-;-;-;-;-;518,912;-;-;-;-;-;-;-
DOLJ29P006100;BRBMEFVDE9D0;FINANCIAL;-;-;-;-;-;-;-;-;-;570,326;-;-;-;-;-;-;-
DOLJ29P006200;BRBMEFVDE9E8;FINANCIAL;-;-;-;-;-;-;-;-;-;623,587;-;-;-;-;-;-;-
DOLJ29P006300;BRBMEFVDE9F5;FINANCIAL;-;-;-;-;-;-;-;-;-;678,569;-;-;-;-;-;-;-
DOLJ29P006400;BRBMEFVDE9G3;FINANCIAL;-;-;-;-;-;-;-;-;-;735,148;-;-;-;-;-;-;-
DOLJ29P006500;BRBMEFVDE9H1;FINANCIAL;-;-;-;-;-;-;-;-;-;793,206;-;-;-;-;-;-;-
DOLJ29P006600;BRBMEFVDE9I9;FINANCIAL;-;-;-;-;-;-;-;-;-;852,384;-;-;-;-;-;-;-
DOLJ29P006700;BRBMEFVDE9J7;FINANCIAL;-;-;-;-;-;-;-;-;-;913,075;-;-;-;-;-;-;-
DOLJ29P006800;BRBMEFVDE9K5;FINANCIAL;-;-;-;-;-;-;-;-;-;974,692;-;-;-;-;-;-;-
DOLJ29P006900;BRBMEFVDE9L3;FINANCIAL;-;-;-;-;-;-;-;-;-;1037,618;-;-;-;-;-;-;-
DOLJ29P007000;BRBMEFVDE9M1;FINANCIAL;-;-;-;-;-;-;-;-;-;1101,525;-;-;-;-;-;-;-
DOLJ29P007100;BRBMEFVDE9N9;FINANCIAL;-;-;-;-;-;-;-;-;-;1166,331;-;-;-;-;-;-;-
DOLJ29P007200;BRBMEFVDE9O7;FINANCIAL;-;-;-;-;-;-;-;-;-;1231,545;-;-;-;-;-;-;-
DOLJ29P007500;BRBMEFVDE9T6;FINANCIAL;-;-;-;-;-;-;-;-;-;1431,066;-;-;-;-;-;-;-
DOLJ29P008000;BRBMEFVDE9U4;FINANCIAL;-;-;-;-;-;-;-;-;-;1775,706;-;-;-;-;-;-;-
DOLJ29P008500;BRBMEFVDE9V2;FINANCIAL;-;-;-;-;-;-;-;-;-;2130,742;-;-;-;-;-;-;-
DOLJ29P009000;BRBMEFVDE9W0;FINANCIAL;-;-;-;-;-;-;-;-;-;2492,206;-;-;-;-;-;-;-
DOLK27C004300;BRBMEFCDI6Y1;FINANCIAL;-;-;-;-;-;-;-;-;-;847,303;-;-;-;-;-;-;-
DOLK27C004500;BRBMEFCDI6Z8;FINANCIAL;-;-;-;-;-;-;-;-;-;667,341;-;-;-;-;-;-;-
DOLK27C004550;BRBMEFCDI703;FINANCIAL;-;-;-;-;-;-;-;-;-;624,136;-;-;-;-;-;-;-
DOLK27C004600;BRBMEFCDI711;FINANCIAL;-;-;-;-;-;-;-;-;-;581,911;-;-;-;-;-;-;-
DOLK27C004650;BRBMEFCDI729;FINANCIAL;-;-;-;-;-;-;-;-;-;540,886;-;-;-;-;-;-;-
DOLK27C004700;BRBMEFCDI737;FINANCIAL;-;-;-;-;-;-;-;-;-;501,545;-;-;-;-;-;-;-
DOLK27C004750;BRBMEFCDI745;FINANCIAL;-;-;-;-;-;-;-;-;-;463,763;-;-;-;-;-;-;-
DOLK27C004800;BRBMEFCDI752;FINANCIAL;-;-;-;-;-;-;-;-;-;427,761;-;-;-;-;-;-;-
DOLK27C004850;BRBMEFCDI760;FINANCIAL;-;-;-;-;-;-;-;-;-;393,46;-;-;-;-;-;-;-
DOLK27C004900;BRBMEFCDI778;FINANCIAL;-;-;-;-;-;-;-;-;-;361,135;-;-;-;-;-;-;-
DOLK27C004950;BRBMEFCDI5S5;FINANCIAL;-;-;-;-;-;-;-;-;-;331,105;-;-;-;-;-;-;-
DOLK27C005000;BRBMEFCDI5T3;FINANCIAL;-;-;-;-;-;-;-;-;-;303,059;-;-;-;-;-;-;-
DOLK27C005050;BRBMEFCDI5U1;FINANCIAL;-;-;-;-;-;-;-;-;-;276,979;-;-;-;-;-;-;-
DOLK27C005100;BRBMEFCDI5V9;FINANCIAL;-;-;-;-;-;-;-;-;-;252,962;-;-;-;-;-;-;-
DOLK27C005150;BRBMEFCDI5W7;FINANCIAL;-;-;-;-;-;-;-;-;-;230,813;-;-;-;-;-;-;-
DOLK27C005200;BRBMEFCDI5X5;FINANCIAL;-;-;-;-;-;-;-;-;-;210,454;-;-;-;-;-;-;-
DOLK27C005250;BRBMEFCDI5Y3;FINANCIAL;-;-;-;-;-;-;-;-;-;191,791;-;-;-;-;-;-;-
DOLK27C005300;BRBMEFCDI5Z0;FINANCIAL;-;-;-;-;-;-;-;-;-;174,728;-;-;-;-;-;-;-
DOLK27C005350;BRBMEFCDI604;FINANCIAL;-;-;-;-;-;-;-;-;-;159,162;-;-;-;-;-;-;-
DOLK27C005400;BRBMEFCDI612;FINANCIAL;-;-;-;-;-;-;-;-;-;144,988;-;-;-;-;-;-;-
DOLK27C005450;BRBMEFCDI620;FINANCIAL;-;-;-;-;-;-;-;-;-;132,238;-;-;-;-;-;-;-
DOLK27C005500;BRBMEFCDI638;FINANCIAL;-;-;-;-;-;-;-;-;-;120,404;-;-;-;-;-;-;-
DOLK27C005550;BRBMEFCDI646;FINANCIAL;-;-;-;-;-;-;-;-;-;109,667;-;-;-;-;-;-;-
DOLK27C005600;BRBMEFCDI653;FINANCIAL;-;-;-;-;-;-;-;-;-;99,935;-;-;-;-;-;-;-
DOLK27C005650;BRBMEFCDI661;FINANCIAL;-;-;-;-;-;-;-;-;-;91,24;-;-;-;-;-;-;-
DOLK27C005700;BRBMEFCDI679;FINANCIAL;-;-;-;-;-;-;-;-;-;83,256;-;-;-;-;-;-;-
DOLK27C005750;BRBMEFCDI687;FINANCIAL;-;-;-;-;-;-;-;-;-;75,705;-;-;-;-;-;-;-
DOLK27C005800;BRBMEFCDI695;FINANCIAL;-;-;-;-;-;-;-;-;-;68,872;-;-;-;-;-;-;-
DOLK27C005850;BRBMEFCDI6A1;FINANCIAL;-;-;-;-;-;-;-;-;-;62,79;-;-;-;-;-;-;-
DOLK27C005900;BRBMEFCDI6B9;FINANCIAL;-;-;-;-;-;-;-;-;-;57,29;-;-;-;-;-;-;-
DOLK27C005950;BRBMEFCDI6C7;FINANCIAL;-;-;-;-;-;-;-;-;-;52,228;-;-;-;-;-;-;-
DOLK27C006000;BRBMEFCDI6D5;FINANCIAL;-;-;-;-;-;-;-;-;-;47,736;-;-;-;-;-;-;-
DOLK27C006050;BRBMEFCDI6E3;FINANCIAL;-;-;-;-;-;-;-;-;-;43,673;-;-;-;-;-;-;-
DOLK27C006100;BRBMEFCDI6F0;FINANCIAL;-;-;-;-;-;-;-;-;-;40,074;-;-;-;-;-;-;-
DOLK27C006150;BRBMEFCDI6G8;FINANCIAL;-;-;-;-;-;-;-;-;-;36,745;-;-;-;-;-;-;-
DOLK27C006200;BRBMEFCDI6H6;FINANCIAL;-;-;-;-;-;-;-;-;-;33,798;-;-;-;-;-;-;-
DOLK27C006250;BRBMEFCDI6I4;FINANCIAL;-;-;-;-;-;-;-;-;-;31,128;-;-;-;-;-;-;-
DOLK27C006300;BRBMEFCDI6J2;FINANCIAL;-;-;-;-;-;-;-;-;-;28,706;-;-;-;-;-;-;-
DOLK27C006350;BRBMEFCDI6K0;FINANCIAL;-;-;-;-;-;-;-;-;-;26,508;-;-;-;-;-;-;-
DOLK27C006400;BRBMEFCDI6L8;FINANCIAL;-;-;-;-;-;-;-;-;-;24,512;-;-;-;-;-;-;-
DOLK27C006450;BRBMEFCDI6M6;FINANCIAL;-;-;-;-;-;-;-;-;-;22,697;-;-;-;-;-;-;-
DOLK27C006500;BRBMEFCDI6N4;FINANCIAL;-;-;-;-;-;-;-;-;-;21,046;-;-;-;-;-;-;-
DOLK27C006550;BRBMEFCDI6O2;FINANCIAL;-;-;-;-;-;-;-;-;-;19,589;-;-;-;-;-;-;-
DOLK27C006600;BRBMEFCDI6P9;FINANCIAL;-;-;-;-;-;-;-;-;-;18,216;-;-;-;-;-;-;-
DOLK27C006650;BRBMEFCDI6Q7;FINANCIAL;-;-;-;-;-;-;-;-;-;17,004;-;-;-;-;-;-;-
DOLK27C006700;BRBMEFCDI6R5;FINANCIAL;-;-;-;-;-;-;-;-;-;15,936;-;-;-;-;-;-;-
DOLK27C006750;BRBMEFCDI6S3;FINANCIAL;-;-;-;-;-;-;-;-;-;14,921;-;-;-;-;-;-;-
DOLK27C006800;BRBMEFCDI6T1;FINANCIAL;-;-;-;-;-;-;-;-;-;13,742;-;-;-;-;-;-;-
DOLK27C006850;BRBMEFCDI6U9;FINANCIAL;-;-;-;-;-;-;-;-;-;12,567;-;-;-;-;-;-;-
DOLK27C006900;BRBMEFCDI6V7;FINANCIAL;-;-;-;-;-;-;-;-;-;11,499;-;-;-;-;-;-;-
DOLK27C006950;BRBMEFCDI6W5;FINANCIAL;-;-;-;-;-;-;-;-;-;10,556;-;-;-;-;-;-;-
DOLK27C007000;BRBMEFCDI6X3;FINANCIAL;-;-;-;-;-;-;-;-;-;9,671;-;-;-;-;-;-;-
DOLK27P004300;BRBMEFVDO6W4;FINANCIAL;-;-;-;-;-;-;-;-;-;2,186;-;-;-;-;-;-;-
DOLK27P004500;BRBMEFVDO6X2;FINANCIAL;-;-;-;-;-;-;-;-;-;9,141;-;-;-;-;-;-;-
DOLK27P004550;BRBMEFVDO6Y0;FINANCIAL;-;-;-;-;-;-;-;-;-;12,665;-;-;-;-;-;-;-
DOLK27P004600;BRBMEFVDO6Z7;FINANCIAL;-;-;-;-;-;-;-;-;-;17,169;-;-;-;-;-;-;-
DOLK27P004650;BRBMEFVDO701;FINANCIAL;-;-;-;-;-;-;-;-;-;22,874;-;-;-;-;-;-;-
DOLK27P004700;BRBMEFVDO719;FINANCIAL;-;-;-;-;-;-;-;-;-;30,262;-;-;-;-;-;-;-
DOLK27P004750;BRBMEFVDO727;FINANCIAL;-;-;-;-;-;-;-;-;-;39,208;-;-;-;-;-;-;-
DOLK27P004800;BRBMEFVDO735;FINANCIAL;-;-;-;-;-;-;-;-;-;49,936;-;-;-;-;-;-;-
DOLK27P004850;BRBMEFVDO743;FINANCIAL;-;-;-;-;-;-;-;-;-;62,364;-;-;-;-;-;-;-
DOLK27P004900;BRBMEFVDO750;FINANCIAL;-;-;-;-;-;-;-;-;-;76,768;-;-;-;-;-;-;-
DOLK27P004950;BRBMEFVDO5Q8;FINANCIAL;-;-;-;-;-;-;-;-;-;93,467;-;-;-;-;-;-;-
DOLK27P005000;BRBMEFVDO5R6;FINANCIAL;-;-;-;-;-;-;-;-;-;112,15;-;-;-;-;-;-;-
DOLK27P005050;BRBMEFVDO5S4;FINANCIAL;-;-;-;-;-;-;-;-;-;132,799;-;-;-;-;-;-;-
DOLK27P005100;BRBMEFVDO5T2;FINANCIAL;-;-;-;-;-;-;-;-;-;155,511;-;-;-;-;-;-;-
DOLK27P005150;BRBMEFVDO5U0;FINANCIAL;-;-;-;-;-;-;-;-;-;180,092;-;-;-;-;-;-;-
DOLK27P005200;BRBMEFVDO5V8;FINANCIAL;-;-;-;-;-;-;-;-;-;206,462;-;-;-;-;-;-;-
DOLK27P005250;BRBMEFVDO5W6;FINANCIAL;-;-;-;-;-;-;-;-;-;234,528;-;-;-;-;-;-;-
DOLK27P005300;BRBMEFVDO5X4;FINANCIAL;-;-;-;-;-;-;-;-;-;264,194;-;-;-;-;-;-;-
DOLK27P005350;BRBMEFVDO5Y2;FINANCIAL;-;-;-;-;-;-;-;-;-;295,357;-;-;-;-;-;-;-
DOLK27P005400;BRBMEFVDO5Z9;FINANCIAL;-;-;-;-;-;-;-;-;-;327,912;-;-;-;-;-;-;-
DOLK27P005450;BRBMEFVDO602;FINANCIAL;-;-;-;-;-;-;-;-;-;361,891;-;-;-;-;-;-;-
DOLK27P005500;BRBMEFVDO610;FINANCIAL;-;-;-;-;-;-;-;-;-;396,787;-;-;-;-;-;-;-
DOLK27P005550;BRBMEFVDO628;FINANCIAL;-;-;-;-;-;-;-;-;-;432,779;-;-;-;-;-;-;-
DOLK27P005600;BRBMEFVDO636;FINANCIAL;-;-;-;-;-;-;-;-;-;469,776;-;-;-;-;-;-;-
DOLK27P005650;BRBMEFVDO644;FINANCIAL;-;-;-;-;-;-;-;-;-;507,81;-;-;-;-;-;-;-
DOLK27P005700;BRBMEFVDO651;FINANCIAL;-;-;-;-;-;-;-;-;-;546,556;-;-;-;-;-;-;-
DOLK27P005750;BRBMEFVDO669;FINANCIAL;-;-;-;-;-;-;-;-;-;585,733;-;-;-;-;-;-;-
DOLK27P005800;BRBMEFVDO677;FINANCIAL;-;-;-;-;-;-;-;-;-;625,629;-;-;-;-;-;-;-
DOLK27P005850;BRBMEFVDO685;FINANCIAL;-;-;-;-;-;-;-;-;-;666,276;-;-;-;-;-;-;-
DOLK27P005900;BRBMEFVDO693;FINANCIAL;-;-;-;-;-;-;-;-;-;707,506;-;-;-;-;-;-;-
DOLK27P005950;BRBMEFVDO6A0;FINANCIAL;-;-;-;-;-;-;-;-;-;749,173;-;-;-;-;-;-;-
DOLK27P006000;BRBMEFVDO6B8;FINANCIAL;-;-;-;-;-;-;-;-;-;791,41;-;-;-;-;-;-;-
DOLK27P006050;BRBMEFVDO6C6;FINANCIAL;-;-;-;-;-;-;-;-;-;834,076;-;-;-;-;-;-;-
DOLK27P006100;BRBMEFVDO6D4;FINANCIAL;-;-;-;-;-;-;-;-;-;877,207;-;-;-;-;-;-;-
DOLK27P006150;BRBMEFVDO6E2;FINANCIAL;-;-;-;-;-;-;-;-;-;920,606;-;-;-;-;-;-;-
DOLK27P006200;BRBMEFVDO6F9;FINANCIAL;-;-;-;-;-;-;-;-;-;964,388;-;-;-;-;-;-;-
DOLK27P006250;BRBMEFVDO6G7;FINANCIAL;-;-;-;-;-;-;-;-;-;1008,447;-;-;-;-;-;-;-
DOLK27P006300;BRBMEFVDO6H5;FINANCIAL;-;-;-;-;-;-;-;-;-;1052,755;-;-;-;-;-;-;-
DOLK27P006350;BRBMEFVDO6I3;FINANCIAL;-;-;-;-;-;-;-;-;-;1097,286;-;-;-;-;-;-;-
DOLK27P006400;BRBMEFVDO6J1;FINANCIAL;-;-;-;-;-;-;-;-;-;1142,019;-;-;-;-;-;-;-
DOLK27P006450;BRBMEFVDO6K9;FINANCIAL;-;-;-;-;-;-;-;-;-;1186,934;-;-;-;-;-;-;-
DOLK27P006500;BRBMEFVDO6L7;FINANCIAL;-;-;-;-;-;-;-;-;-;1232,012;-;-;-;-;-;-;-
DOLK27P006550;BRBMEFVDO6M5;FINANCIAL;-;-;-;-;-;-;-;-;-;1277,283;-;-;-;-;-;-;-
DOLK27P006600;BRBMEFVDO6N3;FINANCIAL;-;-;-;-;-;-;-;-;-;1322,639;-;-;-;-;-;-;-
DOLK27P006650;BRBMEFVDO6O1;FINANCIAL;-;-;-;-;-;-;-;-;-;1368,157;-;-;-;-;-;-;-
DOLK27P006700;BRBMEFVDO6P8;FINANCIAL;-;-;-;-;-;-;-;-;-;1413,818;-;-;-;-;-;-;-
DOLK27P006750;BRBMEFVDO6Q6;FINANCIAL;-;-;-;-;-;-;-;-;-;1459,532;-;-;-;-;-;-;-
DOLK27P006800;BRBMEFVDO6R4;FINANCIAL;-;-;-;-;-;-;-;-;-;1505,082;-;-;-;-;-;-;-
DOLK27P006850;BRBMEFVDO6S2;FINANCIAL;-;-;-;-;-;-;-;-;-;1550,636;-;-;-;-;-;-;-
DOLK27P006900;BRBMEFVDO6T0;FINANCIAL;-;-;-;-;-;-;-;-;-;1596,297;-;-;-;-;-;-;-
DOLK27P006950;BRBMEFVDO6U8;FINANCIAL;-;-;-;-;-;-;-;-;-;1642,084;-;-;-;-;-;-;-
DOLK27P007000;BRBMEFVDO6V6;FINANCIAL;-;-;-;-;-;-;-;-;-;1687,927;-;-;-;-;-;-;-
DOLM27C004400;BRBMEFDM04P6;FINANCIAL;-;-;-;-;-;-;-;-;-;774,039;-;-;-;-;-;-;-
DOLM27C004500;BRBMEFDM04T8;FINANCIAL;-;-;-;-;-;-;-;-;-;686,845;-;-;-;-;-;-;-
DOLM27C004550;BRBMEFDM04U6;FINANCIAL;-;-;-;-;-;-;-;-;-;644,546;-;-;-;-;-;-;-
DOLM27C004600;BRBMEFDM04V4;FINANCIAL;-;-;-;-;-;-;-;-;-;603,143;-;-;-;-;-;-;-
DOLM27C004650;BRBMEFDM04W2;FINANCIAL;-;-;-;-;-;-;-;-;-;563,099;-;-;-;-;-;-;-
DOLM27C004700;BRBMEFDM04X0;FINANCIAL;-;-;-;-;-;-;-;-;-;524,496;-;-;-;-;-;-;-
DOLM27C004750;BRBMEFDM04Y8;FINANCIAL;-;-;-;-;-;-;-;-;-;487,329;-;-;-;-;-;-;-
DOLM27C004800;BRBMEFDM04Z5;FINANCIAL;-;-;-;-;-;-;-;-;-;451,806;-;-;-;-;-;-;-
DOLM27C004850;BRBMEFDM0508;FINANCIAL;-;-;-;-;-;-;-;-;-;417,926;-;-;-;-;-;-;-
DOLM27C004900;BRBMEFDM04B6;FINANCIAL;-;-;-;-;-;-;-;-;-;385,755;-;-;-;-;-;-;-
DOLM27C004950;BRBMEFDM04C4;FINANCIAL;-;-;-;-;-;-;-;-;-;355,725;-;-;-;-;-;-;-
DOLM27C005000;BRBMEFDM04D2;FINANCIAL;-;-;-;-;-;-;-;-;-;327,645;-;-;-;-;-;-;-
DOLM27C005050;BRBMEFDM04E0;FINANCIAL;-;-;-;-;-;-;-;-;-;301,237;-;-;-;-;-;-;-
DOLM27C005100;BRBMEFDM04F7;FINANCIAL;-;-;-;-;-;-;-;-;-;276,752;-;-;-;-;-;-;-
DOLM27C005150;BRBMEFDM04G5;FINANCIAL;-;-;-;-;-;-;-;-;-;254,156;-;-;-;-;-;-;-
DOLM27C005200;BRBMEFDM04H3;FINANCIAL;-;-;-;-;-;-;-;-;-;233,242;-;-;-;-;-;-;-
DOLM27C005250;BRBMEFDM04I1;FINANCIAL;-;-;-;-;-;-;-;-;-;214,087;-;-;-;-;-;-;-
DOLM27C005300;BRBMEFDM04J9;FINANCIAL;-;-;-;-;-;-;-;-;-;196,304;-;-;-;-;-;-;-
DOLM27C005350;BRBMEFDM04K7;FINANCIAL;-;-;-;-;-;-;-;-;-;179,959;-;-;-;-;-;-;-
DOLM27C005400;BRBMEFDM04L5;FINANCIAL;-;-;-;-;-;-;-;-;-;165,114;-;-;-;-;-;-;-
DOLM27C005450;BRBMEFDM04M3;FINANCIAL;-;-;-;-;-;-;-;-;-;151,375;-;-;-;-;-;-;-
DOLM27C005500;BRBMEFDM04N1;FINANCIAL;-;-;-;-;-;-;-;-;-;138,951;-;-;-;-;-;-;-
DOLM27C005550;BRBMEFDM0516;FINANCIAL;-;-;-;-;-;-;-;-;-;127,323;-;-;-;-;-;-;-
DOLM27C005600;BRBMEFDM04O9;FINANCIAL;-;-;-;-;-;-;-;-;-;116,839;-;-;-;-;-;-;-
DOLM27C005650;BRBMEFDM0524;FINANCIAL;-;-;-;-;-;-;-;-;-;107,274;-;-;-;-;-;-;-
DOLM27C005700;BRBMEFDM0532;FINANCIAL;-;-;-;-;-;-;-;-;-;98,554;-;-;-;-;-;-;-
DOLM27C005750;BRBMEFDM0540;FINANCIAL;-;-;-;-;-;-;-;-;-;90,607;-;-;-;-;-;-;-
DOLM27C005800;BRBMEFDM04S0;FINANCIAL;-;-;-;-;-;-;-;-;-;83,131;-;-;-;-;-;-;-
DOLM27C005850;BRBMEFDM0557;FINANCIAL;-;-;-;-;-;-;-;-;-;76,204;-;-;-;-;-;-;-
DOLM27C005900;BRBMEFDM0565;FINANCIAL;-;-;-;-;-;-;-;-;-;69,894;-;-;-;-;-;-;-
DOLM27C005950;BRBMEFDM0573;FINANCIAL;-;-;-;-;-;-;-;-;-;64,25;-;-;-;-;-;-;-
DOLM27C006000;BRBMEFDM0581;FINANCIAL;-;-;-;-;-;-;-;-;-;59,01;-;-;-;-;-;-;-
DOLM27C006050;BRBMEFDM0599;FINANCIAL;-;-;-;-;-;-;-;-;-;54,333;-;-;-;-;-;-;-
DOLM27C006250;BRBMEFDM04Q4;FINANCIAL;-;-;-;-;-;-;-;-;-;39,423;-;-;-;-;-;-;-
DOLM27C006700;BRBMEFDM04R2;FINANCIAL;-;-;-;-;-;-;-;-;-;20,768;-;-;-;-;-;-;-
DOLM27P004400;BRBMEFPV04P1;FINANCIAL;-;-;-;-;-;-;-;-;-;6,648;-;-;-;-;-;-;-
DOLM27P004500;BRBMEFPV04T3;FINANCIAL;-;-;-;-;-;-;-;-;-;12,046;-;-;-;-;-;-;-
DOLM27P004550;BRBMEFPV04U1;FINANCIAL;-;-;-;-;-;-;-;-;-;16,042;-;-;-;-;-;-;-
DOLM27P004600;BRBMEFPV04V9;FINANCIAL;-;-;-;-;-;-;-;-;-;20,936;-;-;-;-;-;-;-
DOLM27P004650;BRBMEFPV04W7;FINANCIAL;-;-;-;-;-;-;-;-;-;27,187;-;-;-;-;-;-;-
DOLM27P004700;BRBMEFPV04X5;FINANCIAL;-;-;-;-;-;-;-;-;-;34,88;-;-;-;-;-;-;-
DOLM27P004750;BRBMEFPV04Y3;FINANCIAL;-;-;-;-;-;-;-;-;-;44,009;-;-;-;-;-;-;-
DOLM27P004800;BRBMEFPV04Z0;FINANCIAL;-;-;-;-;-;-;-;-;-;54,781;-;-;-;-;-;-;-
DOLM27P004850;BRBMEFPV0503;FINANCIAL;-;-;-;-;-;-;-;-;-;67,198;-;-;-;-;-;-;-
DOLM27P004900;BRBMEFPV04B1;FINANCIAL;-;-;-;-;-;-;-;-;-;81,322;-;-;-;-;-;-;-
DOLM27P004950;BRBMEFPV04C9;FINANCIAL;-;-;-;-;-;-;-;-;-;97,588;-;-;-;-;-;-;-
DOLM27P005000;BRBMEFPV04D7;FINANCIAL;-;-;-;-;-;-;-;-;-;115,803;-;-;-;-;-;-;-
DOLM27P005050;BRBMEFPV04E5;FINANCIAL;-;-;-;-;-;-;-;-;-;135,692;-;-;-;-;-;-;-
DOLM27P005100;BRBMEFPV04F2;FINANCIAL;-;-;-;-;-;-;-;-;-;157,503;-;-;-;-;-;-;-
DOLM27P005150;BRBMEFPV04G0;FINANCIAL;-;-;-;-;-;-;-;-;-;181,202;-;-;-;-;-;-;-
DOLM27P005200;BRBMEFPV04H8;FINANCIAL;-;-;-;-;-;-;-;-;-;206,584;-;-;-;-;-;-;-
DOLM27P005250;BRBMEFPV04I6;FINANCIAL;-;-;-;-;-;-;-;-;-;233,725;-;-;-;-;-;-;-
DOLM27P005300;BRBMEFPV04J4;FINANCIAL;-;-;-;-;-;-;-;-;-;262,237;-;-;-;-;-;-;-
DOLM27P005350;BRBMEFPV04K2;FINANCIAL;-;-;-;-;-;-;-;-;-;292,188;-;-;-;-;-;-;-
DOLM27P005400;BRBMEFPV04L0;FINANCIAL;-;-;-;-;-;-;-;-;-;323,638;-;-;-;-;-;-;-
DOLM27P005450;BRBMEFPV04M8;FINANCIAL;-;-;-;-;-;-;-;-;-;356,196;-;-;-;-;-;-;-
DOLM27P005500;BRBMEFPV04N6;FINANCIAL;-;-;-;-;-;-;-;-;-;390,068;-;-;-;-;-;-;-
DOLM27P005550;BRBMEFPV0511;FINANCIAL;-;-;-;-;-;-;-;-;-;424,735;-;-;-;-;-;-;-
DOLM27P005600;BRBMEFPV04O4;FINANCIAL;-;-;-;-;-;-;-;-;-;460,546;-;-;-;-;-;-;-
DOLM27P005650;BRBMEFPV0529;FINANCIAL;-;-;-;-;-;-;-;-;-;497,278;-;-;-;-;-;-;-
DOLM27P005700;BRBMEFPV0537;FINANCIAL;-;-;-;-;-;-;-;-;-;534,854;-;-;-;-;-;-;-
DOLM27P005750;BRBMEFPV0545;FINANCIAL;-;-;-;-;-;-;-;-;-;573,202;-;-;-;-;-;-;-
DOLM27P005800;BRBMEFPV04S5;FINANCIAL;-;-;-;-;-;-;-;-;-;612,022;-;-;-;-;-;-;-
DOLM27P005850;BRBMEFPV0552;FINANCIAL;-;-;-;-;-;-;-;-;-;651,391;-;-;-;-;-;-;-
DOLM27P005900;BRBMEFPV0560;FINANCIAL;-;-;-;-;-;-;-;-;-;691,377;-;-;-;-;-;-;-
DOLM27P005950;BRBMEFPV0578;FINANCIAL;-;-;-;-;-;-;-;-;-;732,028;-;-;-;-;-;-;-
DOLM27P006000;BRBMEFPV0586;FINANCIAL;-;-;-;-;-;-;-;-;-;773,084;-;-;-;-;-;-;-
DOLM27P006050;BRBMEFPV0594;FINANCIAL;-;-;-;-;-;-;-;-;-;814,702;-;-;-;-;-;-;-
DOLM27P006250;BRBMEFPV04Q9;FINANCIAL;-;-;-;-;-;-;-;-;-;984,976;-;-;-;-;-;-;-
DOLM27P006700;BRBMEFPV04R7;FINANCIAL;-;-;-;-;-;-;-;-;-;1382,983;-;-;-;-;-;-;-
DOLN27C004500;BRBMEFCD6EC8;FINANCIAL;-;-;-;-;-;-;-;-;-;708,115;-;-;-;-;-;-;-
DOLN27C004550;BRBMEFCD6EB0;FINANCIAL;-;-;-;-;-;-;-;-;-;666,665;-;-;-;-;-;-;-
DOLN27C004600;BRBMEFCD6ED6;FINANCIAL;-;-;-;-;-;-;-;-;-;626,078;-;-;-;-;-;-;-
DOLN27C004650;BRBMEFCD6EE4;FINANCIAL;-;-;-;-;-;-;-;-;-;586,913;-;-;-;-;-;-;-
DOLN27C004700;BRBMEFCD6EF1;FINANCIAL;-;-;-;-;-;-;-;-;-;549,07;-;-;-;-;-;-;-
DOLN27C004750;BRBMEFCD6EG9;FINANCIAL;-;-;-;-;-;-;-;-;-;512,579;-;-;-;-;-;-;-
DOLN27C004800;BRBMEFCD6EH7;FINANCIAL;-;-;-;-;-;-;-;-;-;477,525;-;-;-;-;-;-;-
DOLN27C004850;BRBMEFCD6EI5;FINANCIAL;-;-;-;-;-;-;-;-;-;443,98;-;-;-;-;-;-;-
DOLN27C004900;BRBMEFCD6E71;FINANCIAL;-;-;-;-;-;-;-;-;-;411,999;-;-;-;-;-;-;-
DOLN27C004950;BRBMEFCD6E89;FINANCIAL;-;-;-;-;-;-;-;-;-;382,168;-;-;-;-;-;-;-
DOLN27C005000;BRBMEFCD67A6;FINANCIAL;-;-;-;-;-;-;-;-;-;353,873;-;-;-;-;-;-;-
DOLN27C005050;BRBMEFCD67B4;FINANCIAL;-;-;-;-;-;-;-;-;-;327,391;-;-;-;-;-;-;-
DOLN27C005100;BRBMEFCD67C2;FINANCIAL;-;-;-;-;-;-;-;-;-;302,562;-;-;-;-;-;-;-
DOLN27C005150;BRBMEFCD67D0;FINANCIAL;-;-;-;-;-;-;-;-;-;279,509;-;-;-;-;-;-;-
DOLN27C005200;BRBMEFCD67E8;FINANCIAL;-;-;-;-;-;-;-;-;-;258,193;-;-;-;-;-;-;-
DOLN27C005250;BRBMEFCD67F5;FINANCIAL;-;-;-;-;-;-;-;-;-;238,234;-;-;-;-;-;-;-
DOLN27C005300;BRBMEFCD67G3;FINANCIAL;-;-;-;-;-;-;-;-;-;219,886;-;-;-;-;-;-;-
DOLN27C005350;BRBMEFCD67H1;FINANCIAL;-;-;-;-;-;-;-;-;-;202,752;-;-;-;-;-;-;-
DOLN27C005400;BRBMEFCD67I9;FINANCIAL;-;-;-;-;-;-;-;-;-;187,081;-;-;-;-;-;-;-
DOLN27C005450;BRBMEFCD67J7;FINANCIAL;-;-;-;-;-;-;-;-;-;172,633;-;-;-;-;-;-;-
DOLN27C005500;BRBMEFCD67K5;FINANCIAL;-;-;-;-;-;-;-;-;-;159,327;-;-;-;-;-;-;-
DOLN27C005550;BRBMEFCD67L3;FINANCIAL;-;-;-;-;-;-;-;-;-;147,088;-;-;-;-;-;-;-
DOLN27C005600;BRBMEFCD67M1;FINANCIAL;-;-;-;-;-;-;-;-;-;135,69;-;-;-;-;-;-;-
DOLN27C005650;BRBMEFCD67N9;FINANCIAL;-;-;-;-;-;-;-;-;-;125,218;-;-;-;-;-;-;-
DOLN27C005700;BRBMEFCD67O7;FINANCIAL;-;-;-;-;-;-;-;-;-;115,603;-;-;-;-;-;-;-
DOLN27C005750;BRBMEFCD67P4;FINANCIAL;-;-;-;-;-;-;-;-;-;106,917;-;-;-;-;-;-;-
DOLN27C005800;BRBMEFCD67Q2;FINANCIAL;-;-;-;-;-;-;-;-;-;98,952;-;-;-;-;-;-;-
DOLN27C005850;BRBMEFCD67R0;FINANCIAL;-;-;-;-;-;-;-;-;-;91,522;-;-;-;-;-;-;-
DOLN27C005900;BRBMEFCD67S8;FINANCIAL;-;-;-;-;-;-;-;-;-;84,34;-;-;-;-;-;-;-
DOLN27C005950;BRBMEFCD67T6;FINANCIAL;-;-;-;-;-;-;-;-;-;77,871;-;-;-;-;-;-;-
DOLN27C006000;BRBMEFCD67U4;FINANCIAL;-;-;-;-;-;-;-;-;-;71,94;-;-;-;-;-;-;-
DOLN27C006050;BRBMEFCD67V2;FINANCIAL;-;-;-;-;-;-;-;-;-;66,502;-;-;-;-;-;-;-
DOLN27C006100;BRBMEFCD67W0;FINANCIAL;-;-;-;-;-;-;-;-;-;61,622;-;-;-;-;-;-;-
DOLN27C006150;BRBMEFCD67X8;FINANCIAL;-;-;-;-;-;-;-;-;-;57,048;-;-;-;-;-;-;-
DOLN27C006200;BRBMEFCD67Y6;FINANCIAL;-;-;-;-;-;-;-;-;-;52,948;-;-;-;-;-;-;-
DOLN27C006250;BRBMEFCD67Z3;FINANCIAL;-;-;-;-;-;-;-;-;-;49,097;-;-;-;-;-;-;-
DOLN27C006300;BRBMEFCD6804;FINANCIAL;-;-;-;-;-;-;-;-;-;45,651;-;-;-;-;-;-;-
DOLN27C006350;BRBMEFCD6812;FINANCIAL;-;-;-;-;-;-;-;-;-;42,487;-;-;-;-;-;-;-
DOLN27C006400;BRBMEFCD6820;FINANCIAL;-;-;-;-;-;-;-;-;-;39,582;-;-;-;-;-;-;-
DOLN27C006450;BRBMEFCD6838;FINANCIAL;-;-;-;-;-;-;-;-;-;36,912;-;-;-;-;-;-;-
DOLN27C006500;BRBMEFCD6846;FINANCIAL;-;-;-;-;-;-;-;-;-;34,53;-;-;-;-;-;-;-
DOLN27C006550;BRBMEFCD6853;FINANCIAL;-;-;-;-;-;-;-;-;-;32,269;-;-;-;-;-;-;-
DOLN27C006600;BRBMEFCD6861;FINANCIAL;-;-;-;-;-;-;-;-;-;30,188;-;-;-;-;-;-;-
DOLN27C006650;BRBMEFCD6879;FINANCIAL;-;-;-;-;-;-;-;-;-;28,271;-;-;-;-;-;-;-
DOLN27C006700;BRBMEFCD6887;FINANCIAL;-;-;-;-;-;-;-;-;-;26,504;-;-;-;-;-;-;-
DOLN27C006750;BRBMEFCD6895;FINANCIAL;-;-;-;-;-;-;-;-;-;24,931;-;-;-;-;-;-;-
DOLN27C006800;BRBMEFCD68A4;FINANCIAL;-;-;-;-;-;-;-;-;-;23,424;-;-;-;-;-;-;-
DOLN27C006850;BRBMEFCD68B2;FINANCIAL;-;-;-;-;-;-;-;-;-;22,084;-;-;-;-;-;-;-
DOLN27C006900;BRBMEFCD68C0;FINANCIAL;-;-;-;-;-;-;-;-;-;20,845;-;-;-;-;-;-;-
DOLN27C006950;BRBMEFCD68D8;FINANCIAL;-;-;-;-;-;-;-;-;-;19,698;-;-;-;-;-;-;-
DOLN27C007000;BRBMEFCD68E6;FINANCIAL;-;-;-;-;-;-;-;-;-;18,635;-;-;-;-;-;-;-
DOLN27C007650;BRBMEFCD6796;FINANCIAL;-;-;-;-;-;-;-;-;-;7,776;-;-;-;-;-;-;-
DOLN27C007900;BRBMEFCD6CL3;FINANCIAL;-;-;-;-;-;-;-;-;-;5,612;-;-;-;-;-;-;-
DOLN27C008100;BRBMEFCD6CM1;FINANCIAL;-;-;-;-;-;-;-;-;-;4,387;-;-;-;-;-;-;-
DOLN27C009700;BRBMEFCD6788;FINANCIAL;-;-;-;-;-;-;-;-;-;0,289;-;-;-;-;-;-;-
DOLN27P004500;BRBMEFVDREC7;FINANCIAL;-;-;-;-;-;-;-;-;-;14,777;-;-;-;-;-;-;-
DOLN27P004550;BRBMEFVDREB9;FINANCIAL;-;-;-;-;-;-;-;-;-;19,15;-;-;-;-;-;-;-
DOLN27P004600;BRBMEFVDRED5;FINANCIAL;-;-;-;-;-;-;-;-;-;24,387;-;-;-;-;-;-;-
DOLN27P004650;BRBMEFVDREE3;FINANCIAL;-;-;-;-;-;-;-;-;-;31,045;-;-;-;-;-;-;-
DOLN27P004700;BRBMEFVDREF0;FINANCIAL;-;-;-;-;-;-;-;-;-;39,026;-;-;-;-;-;-;-
DOLN27P004750;BRBMEFVDREG8;FINANCIAL;-;-;-;-;-;-;-;-;-;48,358;-;-;-;-;-;-;-
DOLN27P004800;BRBMEFVDREH6;FINANCIAL;-;-;-;-;-;-;-;-;-;59,128;-;-;-;-;-;-;-
DOLN27P004850;BRBMEFVDREI4;FINANCIAL;-;-;-;-;-;-;-;-;-;71,406;-;-;-;-;-;-;-
DOLN27P004900;BRBMEFVDRE70;FINANCIAL;-;-;-;-;-;-;-;-;-;85,248;-;-;-;-;-;-;-
DOLN27P004950;BRBMEFVDRE88;FINANCIAL;-;-;-;-;-;-;-;-;-;101,24;-;-;-;-;-;-;-
DOLN27P005000;BRBMEFVDR7A5;FINANCIAL;-;-;-;-;-;-;-;-;-;118,769;-;-;-;-;-;-;-
DOLN27P005050;BRBMEFVDR7B3;FINANCIAL;-;-;-;-;-;-;-;-;-;138,11;-;-;-;-;-;-;-
DOLN27P005100;BRBMEFVDR7C1;FINANCIAL;-;-;-;-;-;-;-;-;-;159,104;-;-;-;-;-;-;-
DOLN27P005150;BRBMEFVDR7D9;FINANCIAL;-;-;-;-;-;-;-;-;-;181,875;-;-;-;-;-;-;-
DOLN27P005200;BRBMEFVDR7E7;FINANCIAL;-;-;-;-;-;-;-;-;-;206,382;-;-;-;-;-;-;-
DOLN27P005250;BRBMEFVDR7F4;FINANCIAL;-;-;-;-;-;-;-;-;-;232,247;-;-;-;-;-;-;-
DOLN27P005300;BRBMEFVDR7G2;FINANCIAL;-;-;-;-;-;-;-;-;-;259,722;-;-;-;-;-;-;-
DOLN27P005350;BRBMEFVDR7H0;FINANCIAL;-;-;-;-;-;-;-;-;-;288,411;-;-;-;-;-;-;-
DOLN27P005400;BRBMEFVDR7I8;FINANCIAL;-;-;-;-;-;-;-;-;-;318,564;-;-;-;-;-;-;-
DOLN27P005450;BRBMEFVDR7J6;FINANCIAL;-;-;-;-;-;-;-;-;-;349,939;-;-;-;-;-;-;-
DOLN27P005500;BRBMEFVDR7K4;FINANCIAL;-;-;-;-;-;-;-;-;-;382,457;-;-;-;-;-;-;-
DOLN27P005550;BRBMEFVDR7L2;FINANCIAL;-;-;-;-;-;-;-;-;-;416,041;-;-;-;-;-;-;-
DOLN27P005600;BRBMEFVDR7M0;FINANCIAL;-;-;-;-;-;-;-;-;-;450,466;-;-;-;-;-;-;-
DOLN27P005650;BRBMEFVDR7N8;FINANCIAL;-;-;-;-;-;-;-;-;-;485,817;-;-;-;-;-;-;-
DOLN27P005700;BRBMEFVDR7O6;FINANCIAL;-;-;-;-;-;-;-;-;-;522,026;-;-;-;-;-;-;-
DOLN27P005750;BRBMEFVDR7P3;FINANCIAL;-;-;-;-;-;-;-;-;-;559,163;-;-;-;-;-;-;-
DOLN27P005800;BRBMEFVDR7Q1;FINANCIAL;-;-;-;-;-;-;-;-;-;597,022;-;-;-;-;-;-;-
DOLN27P005850;BRBMEFVDR7R9;FINANCIAL;-;-;-;-;-;-;-;-;-;635,415;-;-;-;-;-;-;-
DOLN27P005900;BRBMEFVDR7S7;FINANCIAL;-;-;-;-;-;-;-;-;-;674,056;-;-;-;-;-;-;-
DOLN27P005950;BRBMEFVDR7T5;FINANCIAL;-;-;-;-;-;-;-;-;-;713,411;-;-;-;-;-;-;-
DOLN27P006000;BRBMEFVDR7U3;FINANCIAL;-;-;-;-;-;-;-;-;-;753,303;-;-;-;-;-;-;-
DOLN27P006050;BRBMEFVDR7V1;FINANCIAL;-;-;-;-;-;-;-;-;-;793,689;-;-;-;-;-;-;-
DOLN27P006100;BRBMEFVDR7W9;FINANCIAL;-;-;-;-;-;-;-;-;-;834,632;-;-;-;-;-;-;-
DOLN27P006150;BRBMEFVDR7X7;FINANCIAL;-;-;-;-;-;-;-;-;-;875,881;-;-;-;-;-;-;-
DOLN27P006200;BRBMEFVDR7Y5;FINANCIAL;-;-;-;-;-;-;-;-;-;917,605;-;-;-;-;-;-;-
DOLN27P006250;BRBMEFVDR7Z2;FINANCIAL;-;-;-;-;-;-;-;-;-;959,577;-;-;-;-;-;-;-
DOLN27P006300;BRBMEFVDR803;FINANCIAL;-;-;-;-;-;-;-;-;-;1001,954;-;-;-;-;-;-;-
DOLN27P006350;BRBMEFVDR811;FINANCIAL;-;-;-;-;-;-;-;-;-;1044,614;-;-;-;-;-;-;-
DOLN27P006400;BRBMEFVDR829;FINANCIAL;-;-;-;-;-;-;-;-;-;1087,532;-;-;-;-;-;-;-
DOLN27P006450;BRBMEFVDR837;FINANCIAL;-;-;-;-;-;-;-;-;-;1130,686;-;-;-;-;-;-;-
DOLN27P006500;BRBMEFVDR845;FINANCIAL;-;-;-;-;-;-;-;-;-;1174,127;-;-;-;-;-;-;-
DOLN27P006550;BRBMEFVDR852;FINANCIAL;-;-;-;-;-;-;-;-;-;1217,69;-;-;-;-;-;-;-
DOLN27P006600;BRBMEFVDR860;FINANCIAL;-;-;-;-;-;-;-;-;-;1261,432;-;-;-;-;-;-;-
DOLN27P006650;BRBMEFVDR878;FINANCIAL;-;-;-;-;-;-;-;-;-;1305,338;-;-;-;-;-;-;-
DOLN27P006700;BRBMEFVDR886;FINANCIAL;-;-;-;-;-;-;-;-;-;1349,394;-;-;-;-;-;-;-
DOLN27P006750;BRBMEFVDR894;FINANCIAL;-;-;-;-;-;-;-;-;-;1393,645;-;-;-;-;-;-;-
DOLN27P006800;BRBMEFVDR8A3;FINANCIAL;-;-;-;-;-;-;-;-;-;1437,961;-;-;-;-;-;-;-
DOLN27P006850;BRBMEFVDR8B1;FINANCIAL;-;-;-;-;-;-;-;-;-;1482,445;-;-;-;-;-;-;-
DOLN27P006900;BRBMEFVDR8C9;FINANCIAL;-;-;-;-;-;-;-;-;-;1527,029;-;-;-;-;-;-;-
DOLN27P006950;BRBMEFVDR8D7;FINANCIAL;-;-;-;-;-;-;-;-;-;1571,705;-;-;-;-;-;-;-
DOLN27P007000;BRBMEFVDR8E5;FINANCIAL;-;-;-;-;-;-;-;-;-;1616,466;-;-;-;-;-;-;-
DOLN27P007650;BRBMEFVDR795;FINANCIAL;-;-;-;-;-;-;-;-;-;2201,31;-;-;-;-;-;-;-
DOLN27P007900;BRBMEFVDRCL2;FINANCIAL;-;-;-;-;-;-;-;-;-;2428,264;-;-;-;-;-;-;-
DOLN27P008100;BRBMEFVDRCM0;FINANCIAL;-;-;-;-;-;-;-;-;-;2610,332;-;-;-;-;-;-;-
DOLN27P009700;BRBMEFVDR787;FINANCIAL;-;-;-;-;-;-;-;-;-;4072,582;-;-;-;-;-;-;-
DOLN28C004500;BRBMEFCD6EJ3;FINANCIAL;-;-;-;-;-;-;-;-;-;889,068;-;-;-;-;-;-;-
DOLN28C005000;BRBMEFCD68F3;FINANCIAL;-;-;-;-;-;-;-;-;-;578,61;-;-;-;-;-;-;-
DOLN28C005050;BRBMEFCD68G1;FINANCIAL;-;-;-;-;-;-;-;-;-;552,789;-;-;-;-;-;-;-
DOLN28C005100;BRBMEFCD68H9;FINANCIAL;-;-;-;-;-;-;-;-;-;527,678;-;-;-;-;-;-;-
DOLN28C005150;BRBMEFCD68I7;FINANCIAL;-;-;-;-;-;-;-;-;-;503,468;-;-;-;-;-;-;-
DOLN28C005200;BRBMEFCD68J5;FINANCIAL;-;-;-;-;-;-;-;-;-;480,37;-;-;-;-;-;-;-
DOLN28C005250;BRBMEFCD68K3;FINANCIAL;-;-;-;-;-;-;-;-;-;457,948;-;-;-;-;-;-;-
DOLN28C005300;BRBMEFCD68L1;FINANCIAL;-;-;-;-;-;-;-;-;-;436,628;-;-;-;-;-;-;-
DOLN28C005350;BRBMEFCD68M9;FINANCIAL;-;-;-;-;-;-;-;-;-;416,406;-;-;-;-;-;-;-
DOLN28C005400;BRBMEFCD68N7;FINANCIAL;-;-;-;-;-;-;-;-;-;397,044;-;-;-;-;-;-;-
DOLN28C005450;BRBMEFCD68O5;FINANCIAL;-;-;-;-;-;-;-;-;-;378,289;-;-;-;-;-;-;-
DOLN28C005500;BRBMEFCD68P2;FINANCIAL;-;-;-;-;-;-;-;-;-;360,582;-;-;-;-;-;-;-
DOLN28C005550;BRBMEFCD68Q0;FINANCIAL;-;-;-;-;-;-;-;-;-;343,906;-;-;-;-;-;-;-
DOLN28C005600;BRBMEFCD68R8;FINANCIAL;-;-;-;-;-;-;-;-;-;327,765;-;-;-;-;-;-;-
DOLN28C005650;BRBMEFCD68S6;FINANCIAL;-;-;-;-;-;-;-;-;-;312,368;-;-;-;-;-;-;-
DOLN28C005700;BRBMEFCD68T4;FINANCIAL;-;-;-;-;-;-;-;-;-;297,692;-;-;-;-;-;-;-
DOLN28C005750;BRBMEFCD68U2;FINANCIAL;-;-;-;-;-;-;-;-;-;283,945;-;-;-;-;-;-;-
DOLN28C005800;BRBMEFCD68V0;FINANCIAL;-;-;-;-;-;-;-;-;-;270,63;-;-;-;-;-;-;-
DOLN28C005850;BRBMEFCD68W8;FINANCIAL;-;-;-;-;-;-;-;-;-;258,191;-;-;-;-;-;-;-
DOLN28C005900;BRBMEFCD68X6;FINANCIAL;-;-;-;-;-;-;-;-;-;246,363;-;-;-;-;-;-;-
DOLN28C005950;BRBMEFCD68Y4;FINANCIAL;-;-;-;-;-;-;-;-;-;235,122;-;-;-;-;-;-;-
DOLN28C006000;BRBMEFCD68Z1;FINANCIAL;-;-;-;-;-;-;-;-;-;224,214;-;-;-;-;-;-;-
DOLN28C006050;BRBMEFCD6903;FINANCIAL;-;-;-;-;-;-;-;-;-;214,07;-;-;-;-;-;-;-
DOLN28C006100;BRBMEFCD6911;FINANCIAL;-;-;-;-;-;-;-;-;-;204,436;-;-;-;-;-;-;-
DOLN28C006150;BRBMEFCD6929;FINANCIAL;-;-;-;-;-;-;-;-;-;195,071;-;-;-;-;-;-;-
DOLN28C006200;BRBMEFCD6937;FINANCIAL;-;-;-;-;-;-;-;-;-;186,389;-;-;-;-;-;-;-
DOLN28C006250;BRBMEFCD6945;FINANCIAL;-;-;-;-;-;-;-;-;-;177,937;-;-;-;-;-;-;-
DOLN28C006300;BRBMEFCD6952;FINANCIAL;-;-;-;-;-;-;-;-;-;170,118;-;-;-;-;-;-;-
DOLN28C006350;BRBMEFCD6960;FINANCIAL;-;-;-;-;-;-;-;-;-;162,493;-;-;-;-;-;-;-
DOLN28C006400;BRBMEFCD6978;FINANCIAL;-;-;-;-;-;-;-;-;-;155,454;-;-;-;-;-;-;-
DOLN28C006450;BRBMEFCD6986;FINANCIAL;-;-;-;-;-;-;-;-;-;148,774;-;-;-;-;-;-;-
DOLN28C006500;BRBMEFCD6994;FINANCIAL;-;-;-;-;-;-;-;-;-;142,435;-;-;-;-;-;-;-
DOLN28C006550;BRBMEFCD69A2;FINANCIAL;-;-;-;-;-;-;-;-;-;136,418;-;-;-;-;-;-;-
DOLN28C006600;BRBMEFCD69B0;FINANCIAL;-;-;-;-;-;-;-;-;-;130,52;-;-;-;-;-;-;-
DOLN28C006650;BRBMEFCD69C8;FINANCIAL;-;-;-;-;-;-;-;-;-;124,737;-;-;-;-;-;-;-
DOLN28C006700;BRBMEFCD69D6;FINANCIAL;-;-;-;-;-;-;-;-;-;119,243;-;-;-;-;-;-;-
DOLN28C006750;BRBMEFCD69E4;FINANCIAL;-;-;-;-;-;-;-;-;-;114,025;-;-;-;-;-;-;-
DOLN28C006800;BRBMEFCD69F1;FINANCIAL;-;-;-;-;-;-;-;-;-;109,068;-;-;-;-;-;-;-
DOLN28C006850;BRBMEFCD69G9;FINANCIAL;-;-;-;-;-;-;-;-;-;104,358;-;-;-;-;-;-;-
DOLN28C006900;BRBMEFCD69H7;FINANCIAL;-;-;-;-;-;-;-;-;-;99,884;-;-;-;-;-;-;-
DOLN28C006950;BRBMEFCD69I5;FINANCIAL;-;-;-;-;-;-;-;-;-;95,633;-;-;-;-;-;-;-
DOLN28C007000;BRBMEFCD69J3;FINANCIAL;-;-;-;-;-;-;-;-;-;91,749;-;-;-;-;-;-;-
DOLN28C007050;BRBMEFCD6C08;FINANCIAL;-;-;-;-;-;-;-;-;-;87,907;-;-;-;-;-;-;-
DOLN28C007100;BRBMEFCD6C16;FINANCIAL;-;-;-;-;-;-;-;-;-;84,254;-;-;-;-;-;-;-
DOLN28C007150;BRBMEFCD6C24;FINANCIAL;-;-;-;-;-;-;-;-;-;80,927;-;-;-;-;-;-;-
DOLN28C007200;BRBMEFCD6C32;FINANCIAL;-;-;-;-;-;-;-;-;-;77,622;-;-;-;-;-;-;-
DOLN28C007250;BRBMEFCD6C40;FINANCIAL;-;-;-;-;-;-;-;-;-;74,617;-;-;-;-;-;-;-
DOLN28C007300;BRBMEFCD6C57;FINANCIAL;-;-;-;-;-;-;-;-;-;71,624;-;-;-;-;-;-;-
DOLN28C007350;BRBMEFCD6C65;FINANCIAL;-;-;-;-;-;-;-;-;-;68,909;-;-;-;-;-;-;-
DOLN28C007400;BRBMEFCD6C73;FINANCIAL;-;-;-;-;-;-;-;-;-;66,196;-;-;-;-;-;-;-
DOLN28C007450;BRBMEFCD6C81;FINANCIAL;-;-;-;-;-;-;-;-;-;63,74;-;-;-;-;-;-;-
DOLN28C007500;BRBMEFCD6C99;FINANCIAL;-;-;-;-;-;-;-;-;-;61,28;-;-;-;-;-;-;-
DOLN28C007550;BRBMEFCD6CA6;FINANCIAL;-;-;-;-;-;-;-;-;-;59,056;-;-;-;-;-;-;-
DOLN28C007600;BRBMEFCD6CB4;FINANCIAL;-;-;-;-;-;-;-;-;-;56,938;-;-;-;-;-;-;-
DOLN28C007650;BRBMEFCD6CC2;FINANCIAL;-;-;-;-;-;-;-;-;-;54,92;-;-;-;-;-;-;-
DOLN28C007700;BRBMEFCD6CD0;FINANCIAL;-;-;-;-;-;-;-;-;-;52,886;-;-;-;-;-;-;-
DOLN28C007750;BRBMEFCD6CE8;FINANCIAL;-;-;-;-;-;-;-;-;-;51,056;-;-;-;-;-;-;-
DOLN28C007800;BRBMEFCD6CF5;FINANCIAL;-;-;-;-;-;-;-;-;-;49,311;-;-;-;-;-;-;-
DOLN28C007850;BRBMEFCD6CG3;FINANCIAL;-;-;-;-;-;-;-;-;-;47,646;-;-;-;-;-;-;-
DOLN28C007900;BRBMEFCD6CH1;FINANCIAL;-;-;-;-;-;-;-;-;-;45,957;-;-;-;-;-;-;-
DOLN28C007950;BRBMEFCD6CI9;FINANCIAL;-;-;-;-;-;-;-;-;-;44,444;-;-;-;-;-;-;-
DOLN28C008000;BRBMEFCD6CJ7;FINANCIAL;-;-;-;-;-;-;-;-;-;42,904;-;-;-;-;-;-;-
DOLN28P004500;BRBMEFVDREJ2;FINANCIAL;-;-;-;-;-;-;-;-;-;42,544;-;-;-;-;-;-;-
DOLN28P005000;BRBMEFVDR8F2;FINANCIAL;-;-;-;-;-;-;-;-;-;141,517;-;-;-;-;-;-;-
DOLN28P005050;BRBMEFVDR8G0;FINANCIAL;-;-;-;-;-;-;-;-;-;156,638;-;-;-;-;-;-;-
DOLN28P005100;BRBMEFVDR8H8;FINANCIAL;-;-;-;-;-;-;-;-;-;172,471;-;-;-;-;-;-;-
DOLN28P005150;BRBMEFVDR8I6;FINANCIAL;-;-;-;-;-;-;-;-;-;189,204;-;-;-;-;-;-;-
DOLN28P005200;BRBMEFVDR8J4;FINANCIAL;-;-;-;-;-;-;-;-;-;207,049;-;-;-;-;-;-;-
DOLN28P005250;BRBMEFVDR8K2;FINANCIAL;-;-;-;-;-;-;-;-;-;225,57;-;-;-;-;-;-;-
DOLN28P005300;BRBMEFVDR8L0;FINANCIAL;-;-;-;-;-;-;-;-;-;245,193;-;-;-;-;-;-;-
DOLN28P005350;BRBMEFVDR8M8;FINANCIAL;-;-;-;-;-;-;-;-;-;265,914;-;-;-;-;-;-;-
DOLN28P005400;BRBMEFVDR8N6;FINANCIAL;-;-;-;-;-;-;-;-;-;287,496;-;-;-;-;-;-;-
DOLN28P005450;BRBMEFVDR8O4;FINANCIAL;-;-;-;-;-;-;-;-;-;309,683;-;-;-;-;-;-;-
DOLN28P005500;BRBMEFVDR8P1;FINANCIAL;-;-;-;-;-;-;-;-;-;332,92;-;-;-;-;-;-;-
DOLN28P005550;BRBMEFVDR8Q9;FINANCIAL;-;-;-;-;-;-;-;-;-;357,186;-;-;-;-;-;-;-
DOLN28P005600;BRBMEFVDR8R7;FINANCIAL;-;-;-;-;-;-;-;-;-;381,988;-;-;-;-;-;-;-
DOLN28P005650;BRBMEFVDR8S5;FINANCIAL;-;-;-;-;-;-;-;-;-;407,535;-;-;-;-;-;-;-
DOLN28P005700;BRBMEFVDR8T3;FINANCIAL;-;-;-;-;-;-;-;-;-;433,801;-;-;-;-;-;-;-
DOLN28P005750;BRBMEFVDR8U1;FINANCIAL;-;-;-;-;-;-;-;-;-;460,998;-;-;-;-;-;-;-
DOLN28P005800;BRBMEFVDR8V9;FINANCIAL;-;-;-;-;-;-;-;-;-;488,626;-;-;-;-;-;-;-
DOLN28P005850;BRBMEFVDR8W7;FINANCIAL;-;-;-;-;-;-;-;-;-;517,13;-;-;-;-;-;-;-
DOLN28P005900;BRBMEFVDR8X5;FINANCIAL;-;-;-;-;-;-;-;-;-;546,245;-;-;-;-;-;-;-
DOLN28P005950;BRBMEFVDR8Y3;FINANCIAL;-;-;-;-;-;-;-;-;-;575,947;-;-;-;-;-;-;-
DOLN28P006000;BRBMEFVDR8Z0;FINANCIAL;-;-;-;-;-;-;-;-;-;605,982;-;-;-;-;-;-;-
DOLN28P006050;BRBMEFVDR902;FINANCIAL;-;-;-;-;-;-;-;-;-;636,781;-;-;-;-;-;-;-
DOLN28P006100;BRBMEFVDR910;FINANCIAL;-;-;-;-;-;-;-;-;-;668,091;-;-;-;-;-;-;-
DOLN28P006150;BRBMEFVDR928;FINANCIAL;-;-;-;-;-;-;-;-;-;699,668;-;-;-;-;-;-;-
DOLN28P006200;BRBMEFVDR936;FINANCIAL;-;-;-;-;-;-;-;-;-;731,93;-;-;-;-;-;-;-
DOLN28P006250;BRBMEFVDR944;FINANCIAL;-;-;-;-;-;-;-;-;-;764,421;-;-;-;-;-;-;-
DOLN28P006300;BRBMEFVDR951;FINANCIAL;-;-;-;-;-;-;-;-;-;797,545;-;-;-;-;-;-;-
DOLN28P006350;BRBMEFVDR969;FINANCIAL;-;-;-;-;-;-;-;-;-;830,863;-;-;-;-;-;-;-
DOLN28P006400;BRBMEFVDR977;FINANCIAL;-;-;-;-;-;-;-;-;-;864,767;-;-;-;-;-;-;-
DOLN28P006450;BRBMEFVDR985;FINANCIAL;-;-;-;-;-;-;-;-;-;899,03;-;-;-;-;-;-;-
DOLN28P006500;BRBMEFVDR993;FINANCIAL;-;-;-;-;-;-;-;-;-;933,634;-;-;-;-;-;-;-
DOLN28P006550;BRBMEFVDR9A1;FINANCIAL;-;-;-;-;-;-;-;-;-;968,56;-;-;-;-;-;-;-
DOLN28P006600;BRBMEFVDR9B9;FINANCIAL;-;-;-;-;-;-;-;-;-;1003,605;-;-;-;-;-;-;-
DOLN28P006650;BRBMEFVDR9C7;FINANCIAL;-;-;-;-;-;-;-;-;-;1038,765;-;-;-;-;-;-;-
DOLN28P006700;BRBMEFVDR9D5;FINANCIAL;-;-;-;-;-;-;-;-;-;1074,215;-;-;-;-;-;-;-
DOLN28P006750;BRBMEFVDR9E3;FINANCIAL;-;-;-;-;-;-;-;-;-;1109,939;-;-;-;-;-;-;-
DOLN28P006800;BRBMEFVDR9F0;FINANCIAL;-;-;-;-;-;-;-;-;-;1145,925;-;-;-;-;-;-;-
DOLN28P006850;BRBMEFVDR9G8;FINANCIAL;-;-;-;-;-;-;-;-;-;1182,159;-;-;-;-;-;-;-
DOLN28P006900;BRBMEFVDR9H6;FINANCIAL;-;-;-;-;-;-;-;-;-;1218,628;-;-;-;-;-;-;-
DOLN28P006950;BRBMEFVDR9I4;FINANCIAL;-;-;-;-;-;-;-;-;-;1255,32;-;-;-;-;-;-;-
DOLN28P007000;BRBMEFVDR9J2;FINANCIAL;-;-;-;-;-;-;-;-;-;1292,379;-;-;-;-;-;-;-
DOLN28P007050;BRBMEFVDRC07;FINANCIAL;-;-;-;-;-;-;-;-;-;1329,48;-;-;-;-;-;-;-
DOLN28P007100;BRBMEFVDRC15;FINANCIAL;-;-;-;-;-;-;-;-;-;1366,77;-;-;-;-;-;-;-
DOLN28P007150;BRBMEFVDRC23;FINANCIAL;-;-;-;-;-;-;-;-;-;1404,386;-;-;-;-;-;-;-
DOLN28P007200;BRBMEFVDRC31;FINANCIAL;-;-;-;-;-;-;-;-;-;1442,024;-;-;-;-;-;-;-
DOLN28P007250;BRBMEFVDRC49;FINANCIAL;-;-;-;-;-;-;-;-;-;1479,962;-;-;-;-;-;-;-
DOLN28P007300;BRBMEFVDRC56;FINANCIAL;-;-;-;-;-;-;-;-;-;1517,913;-;-;-;-;-;-;-
DOLN28P007350;BRBMEFVDRC64;FINANCIAL;-;-;-;-;-;-;-;-;-;1556,14;-;-;-;-;-;-;-
DOLN28P007400;BRBMEFVDRC72;FINANCIAL;-;-;-;-;-;-;-;-;-;1594,371;-;-;-;-;-;-;-
DOLN28P007450;BRBMEFVDRC80;FINANCIAL;-;-;-;-;-;-;-;-;-;1632,858;-;-;-;-;-;-;-
DOLN28P007500;BRBMEFVDRC98;FINANCIAL;-;-;-;-;-;-;-;-;-;1671,34;-;-;-;-;-;-;-
DOLN28P007550;BRBMEFVDRCA5;FINANCIAL;-;-;-;-;-;-;-;-;-;1710,06;-;-;-;-;-;-;-
DOLN28P007600;BRBMEFVDRCB3;FINANCIAL;-;-;-;-;-;-;-;-;-;1748,885;-;-;-;-;-;-;-
DOLN28P007650;BRBMEFVDRCC1;FINANCIAL;-;-;-;-;-;-;-;-;-;1787,81;-;-;-;-;-;-;-
DOLN28P007700;BRBMEFVDRCD9;FINANCIAL;-;-;-;-;-;-;-;-;-;1826,719;-;-;-;-;-;-;-
DOLN28P007750;BRBMEFVDRCE7;FINANCIAL;-;-;-;-;-;-;-;-;-;1865,832;-;-;-;-;-;-;-
DOLN28P007800;BRBMEFVDRCF4;FINANCIAL;-;-;-;-;-;-;-;-;-;1905,03;-;-;-;-;-;-;-
DOLN28P007850;BRBMEFVDRCG2;FINANCIAL;-;-;-;-;-;-;-;-;-;1944,309;-;-;-;-;-;-;-
DOLN28P007900;BRBMEFVDRCH0;FINANCIAL;-;-;-;-;-;-;-;-;-;1983,563;-;-;-;-;-;-;-
DOLN28P007950;BRBMEFVDRCI8;FINANCIAL;-;-;-;-;-;-;-;-;-;2022,993;-;-;-;-;-;-;-
DOLN28P008000;BRBMEFVDRCJ6;FINANCIAL;-;-;-;-;-;-;-;-;-;2062,395;-;-;-;-;-;-;-
DOLN29C005000;BRBMEFCD69K1;FINANCIAL;-;-;-;-;-;-;-;-;-;742,199;-;-;-;-;-;-;-
DOLN29C005050;BRBMEFCD69L9;FINANCIAL;-;-;-;-;-;-;-;-;-;717,148;-;-;-;-;-;-;-
DOLN29C005100;BRBMEFCD69M7;FINANCIAL;-;-;-;-;-;-;-;-;-;692,689;-;-;-;-;-;-;-
DOLN29C005150;BRBMEFCD69N5;FINANCIAL;-;-;-;-;-;-;-;-;-;669,05;-;-;-;-;-;-;-
DOLN29C005200;BRBMEFCD69O3;FINANCIAL;-;-;-;-;-;-;-;-;-;646,253;-;-;-;-;-;-;-
DOLN29C005250;BRBMEFCD69P0;FINANCIAL;-;-;-;-;-;-;-;-;-;624,077;-;-;-;-;-;-;-
DOLN29C005300;BRBMEFCD69Q8;FINANCIAL;-;-;-;-;-;-;-;-;-;602,522;-;-;-;-;-;-;-
DOLN29C005350;BRBMEFCD69R6;FINANCIAL;-;-;-;-;-;-;-;-;-;581,582;-;-;-;-;-;-;-
DOLN29C005400;BRBMEFCD69S4;FINANCIAL;-;-;-;-;-;-;-;-;-;561,507;-;-;-;-;-;-;-
DOLN29C005450;BRBMEFCD69T2;FINANCIAL;-;-;-;-;-;-;-;-;-;541,79;-;-;-;-;-;-;-
DOLN29C005500;BRBMEFCD69U0;FINANCIAL;-;-;-;-;-;-;-;-;-;522,672;-;-;-;-;-;-;-
DOLN29C005550;BRBMEFCD69V8;FINANCIAL;-;-;-;-;-;-;-;-;-;504,409;-;-;-;-;-;-;-
DOLN29C005600;BRBMEFCD69W6;FINANCIAL;-;-;-;-;-;-;-;-;-;486,736;-;-;-;-;-;-;-
DOLN29C005650;BRBMEFCD69X4;FINANCIAL;-;-;-;-;-;-;-;-;-;469,642;-;-;-;-;-;-;-
DOLN29C005700;BRBMEFCD69Y2;FINANCIAL;-;-;-;-;-;-;-;-;-;453,388;-;-;-;-;-;-;-
DOLN29C005750;BRBMEFCD69Z9;FINANCIAL;-;-;-;-;-;-;-;-;-;437,419;-;-;-;-;-;-;-
DOLN29C005800;BRBMEFCD6A00;FINANCIAL;-;-;-;-;-;-;-;-;-;422,271;-;-;-;-;-;-;-
DOLN29C005850;BRBMEFCD6A18;FINANCIAL;-;-;-;-;-;-;-;-;-;407,378;-;-;-;-;-;-;-
DOLN29C005900;BRBMEFCD6A26;FINANCIAL;-;-;-;-;-;-;-;-;-;393,282;-;-;-;-;-;-;-
DOLN29C005950;BRBMEFCD6A34;FINANCIAL;-;-;-;-;-;-;-;-;-;379,414;-;-;-;-;-;-;-
DOLN29C006000;BRBMEFCD6A42;FINANCIAL;-;-;-;-;-;-;-;-;-;366,315;-;-;-;-;-;-;-
DOLN29C006050;BRBMEFCD6A59;FINANCIAL;-;-;-;-;-;-;-;-;-;353,695;-;-;-;-;-;-;-
DOLN29C006100;BRBMEFCD6A67;FINANCIAL;-;-;-;-;-;-;-;-;-;341,539;-;-;-;-;-;-;-
DOLN29C006150;BRBMEFCD6A75;FINANCIAL;-;-;-;-;-;-;-;-;-;329,555;-;-;-;-;-;-;-
DOLN29C006200;BRBMEFCD6A83;FINANCIAL;-;-;-;-;-;-;-;-;-;318,286;-;-;-;-;-;-;-
DOLN29C006250;BRBMEFCD6A91;FINANCIAL;-;-;-;-;-;-;-;-;-;307,438;-;-;-;-;-;-;-
DOLN29C006300;BRBMEFCD6AA0;FINANCIAL;-;-;-;-;-;-;-;-;-;296,998;-;-;-;-;-;-;-
DOLN29C006350;BRBMEFCD6AB8;FINANCIAL;-;-;-;-;-;-;-;-;-;286,952;-;-;-;-;-;-;-
DOLN29C006400;BRBMEFCD6AC6;FINANCIAL;-;-;-;-;-;-;-;-;-;277,286;-;-;-;-;-;-;-
DOLN29C006450;BRBMEFCD6AD4;FINANCIAL;-;-;-;-;-;-;-;-;-;267,988;-;-;-;-;-;-;-
DOLN29C006500;BRBMEFCD6AE2;FINANCIAL;-;-;-;-;-;-;-;-;-;259,312;-;-;-;-;-;-;-
DOLN29C006550;BRBMEFCD6AF9;FINANCIAL;-;-;-;-;-;-;-;-;-;250,708;-;-;-;-;-;-;-
DOLN29C006600;BRBMEFCD6AG7;FINANCIAL;-;-;-;-;-;-;-;-;-;242,432;-;-;-;-;-;-;-
DOLN29C006650;BRBMEFCD6AH5;FINANCIAL;-;-;-;-;-;-;-;-;-;234,214;-;-;-;-;-;-;-
DOLN29C006700;BRBMEFCD6AI3;FINANCIAL;-;-;-;-;-;-;-;-;-;226,563;-;-;-;-;-;-;-
DOLN29C006750;BRBMEFCD6AJ1;FINANCIAL;-;-;-;-;-;-;-;-;-;219,207;-;-;-;-;-;-;-
DOLN29C006800;BRBMEFCD6AK9;FINANCIAL;-;-;-;-;-;-;-;-;-;211,881;-;-;-;-;-;-;-
DOLN29C006850;BRBMEFCD6AL7;FINANCIAL;-;-;-;-;-;-;-;-;-;205,082;-;-;-;-;-;-;-
DOLN29C006900;BRBMEFCD6AM5;FINANCIAL;-;-;-;-;-;-;-;-;-;198,545;-;-;-;-;-;-;-
DOLN29C006950;BRBMEFCD6AN3;FINANCIAL;-;-;-;-;-;-;-;-;-;192,259;-;-;-;-;-;-;-
DOLN29C007000;BRBMEFCD6AO1;FINANCIAL;-;-;-;-;-;-;-;-;-;186,214;-;-;-;-;-;-;-
DOLN29C007350;BRBMEFCD6CO7;FINANCIAL;-;-;-;-;-;-;-;-;-;149,475;-;-;-;-;-;-;-
DOLN29C007500;BRBMEFCD6AT0;FINANCIAL;-;-;-;-;-;-;-;-;-;135,872;-;-;-;-;-;-;-
DOLN29C007550;BRBMEFCD6CN9;FINANCIAL;-;-;-;-;-;-;-;-;-;131,534;-;-;-;-;-;-;-
DOLN29C008000;BRBMEFCD6AU8;FINANCIAL;-;-;-;-;-;-;-;-;-;100,093;-;-;-;-;-;-;-
DOLN29C008500;BRBMEFCD6AV6;FINANCIAL;-;-;-;-;-;-;-;-;-;75,69;-;-;-;-;-;-;-
DOLN29P005000;BRBMEFVDR9K0;FINANCIAL;-;-;-;-;-;-;-;-;-;134,85;-;-;-;-;-;-;-
DOLN29P005050;BRBMEFVDR9L8;FINANCIAL;-;-;-;-;-;-;-;-;-;146,296;-;-;-;-;-;-;-
DOLN29P005100;BRBMEFVDR9M6;FINANCIAL;-;-;-;-;-;-;-;-;-;158,333;-;-;-;-;-;-;-
DOLN29P005150;BRBMEFVDR9N4;FINANCIAL;-;-;-;-;-;-;-;-;-;171,191;-;-;-;-;-;-;-
DOLN29P005200;BRBMEFVDR9O2;FINANCIAL;-;-;-;-;-;-;-;-;-;184,89;-;-;-;-;-;-;-
DOLN29P005250;BRBMEFVDR9P9;FINANCIAL;-;-;-;-;-;-;-;-;-;199,212;-;-;-;-;-;-;-
DOLN29P005300;BRBMEFVDR9Q7;FINANCIAL;-;-;-;-;-;-;-;-;-;214,153;-;-;-;-;-;-;-
DOLN29P005350;BRBMEFVDR9R5;FINANCIAL;-;-;-;-;-;-;-;-;-;229,71;-;-;-;-;-;-;-
DOLN29P005400;BRBMEFVDR9S3;FINANCIAL;-;-;-;-;-;-;-;-;-;246,132;-;-;-;-;-;-;-
DOLN29P005450;BRBMEFVDR9T1;FINANCIAL;-;-;-;-;-;-;-;-;-;262,911;-;-;-;-;-;-;-
DOLN29P005500;BRBMEFVDR9U9;FINANCIAL;-;-;-;-;-;-;-;-;-;280,289;-;-;-;-;-;-;-
DOLN29P005550;BRBMEFVDR9V7;FINANCIAL;-;-;-;-;-;-;-;-;-;298,523;-;-;-;-;-;-;-
DOLN29P005600;BRBMEFVDR9W5;FINANCIAL;-;-;-;-;-;-;-;-;-;317,346;-;-;-;-;-;-;-
DOLN29P005650;BRBMEFVDR9X3;FINANCIAL;-;-;-;-;-;-;-;-;-;336,749;-;-;-;-;-;-;-
DOLN29P005700;BRBMEFVDR9Y1;FINANCIAL;-;-;-;-;-;-;-;-;-;356,992;-;-;-;-;-;-;-
DOLN29P005750;BRBMEFVDR9Z8;FINANCIAL;-;-;-;-;-;-;-;-;-;377,52;-;-;-;-;-;-;-
DOLN29P005800;BRBMEFVDRA09;FINANCIAL;-;-;-;-;-;-;-;-;-;398,868;-;-;-;-;-;-;-
DOLN29P005850;BRBMEFVDRA17;FINANCIAL;-;-;-;-;-;-;-;-;-;420,472;-;-;-;-;-;-;-
DOLN29P005900;BRBMEFVDRA25;FINANCIAL;-;-;-;-;-;-;-;-;-;442,872;-;-;-;-;-;-;-
DOLN29P005950;BRBMEFVDRA33;FINANCIAL;-;-;-;-;-;-;-;-;-;465,5;-;-;-;-;-;-;-
DOLN29P006000;BRBMEFVDRA41;FINANCIAL;-;-;-;-;-;-;-;-;-;488,899;-;-;-;-;-;-;-
DOLN29P006050;BRBMEFVDRA58;FINANCIAL;-;-;-;-;-;-;-;-;-;512,775;-;-;-;-;-;-;-
DOLN29P006100;BRBMEFVDRA66;FINANCIAL;-;-;-;-;-;-;-;-;-;537,116;-;-;-;-;-;-;-
DOLN29P006150;BRBMEFVDRA74;FINANCIAL;-;-;-;-;-;-;-;-;-;561,629;-;-;-;-;-;-;-
DOLN29P006200;BRBMEFVDRA82;FINANCIAL;-;-;-;-;-;-;-;-;-;586,856;-;-;-;-;-;-;-
DOLN29P006250;BRBMEFVDRA90;FINANCIAL;-;-;-;-;-;-;-;-;-;612,504;-;-;-;-;-;-;-
DOLN29P006300;BRBMEFVDRAA9;FINANCIAL;-;-;-;-;-;-;-;-;-;638,561;-;-;-;-;-;-;-
DOLN29P006350;BRBMEFVDRAB7;FINANCIAL;-;-;-;-;-;-;-;-;-;665,011;-;-;-;-;-;-;-
DOLN29P006400;BRBMEFVDRAC5;FINANCIAL;-;-;-;-;-;-;-;-;-;691,843;-;-;-;-;-;-;-
DOLN29P006450;BRBMEFVDRAD3;FINANCIAL;-;-;-;-;-;-;-;-;-;719,041;-;-;-;-;-;-;-
DOLN29P006500;BRBMEFVDRAE1;FINANCIAL;-;-;-;-;-;-;-;-;-;746,862;-;-;-;-;-;-;-
DOLN29P006550;BRBMEFVDRAF8;FINANCIAL;-;-;-;-;-;-;-;-;-;774,754;-;-;-;-;-;-;-
DOLN29P006600;BRBMEFVDRAG6;FINANCIAL;-;-;-;-;-;-;-;-;-;802,975;-;-;-;-;-;-;-
DOLN29P006650;BRBMEFVDRAH4;FINANCIAL;-;-;-;-;-;-;-;-;-;831,253;-;-;-;-;-;-;-
DOLN29P006700;BRBMEFVDRAI2;FINANCIAL;-;-;-;-;-;-;-;-;-;860,1;-;-;-;-;-;-;-
DOLN29P006750;BRBMEFVDRAJ0;FINANCIAL;-;-;-;-;-;-;-;-;-;889,24;-;-;-;-;-;-;-
DOLN29P006800;BRBMEFVDRAK8;FINANCIAL;-;-;-;-;-;-;-;-;-;918,41;-;-;-;-;-;-;-
DOLN29P006850;BRBMEFVDRAL6;FINANCIAL;-;-;-;-;-;-;-;-;-;948,108;-;-;-;-;-;-;-
DOLN29P006900;BRBMEFVDRAM4;FINANCIAL;-;-;-;-;-;-;-;-;-;978,067;-;-;-;-;-;-;-
DOLN29P006950;BRBMEFVDRAN2;FINANCIAL;-;-;-;-;-;-;-;-;-;1008,278;-;-;-;-;-;-;-
DOLN29P007000;BRBMEFVDRAO0;FINANCIAL;-;-;-;-;-;-;-;-;-;1038,73;-;-;-;-;-;-;-
DOLN29P007350;BRBMEFVDRCO6;FINANCIAL;-;-;-;-;-;-;-;-;-;1257,467;-;-;-;-;-;-;-
DOLN29P007500;BRBMEFVDRAT9;FINANCIAL;-;-;-;-;-;-;-;-;-;1353,354;-;-;-;-;-;-;-
DOLN29P007550;BRBMEFVDRCN8;FINANCIAL;-;-;-;-;-;-;-;-;-;1385,513;-;-;-;-;-;-;-
DOLN29P008000;BRBMEFVDRAU7;FINANCIAL;-;-;-;-;-;-;-;-;-;1682,541;-;-;-;-;-;-;-
DOLN29P008500;BRBMEFVDRAV5;FINANCIAL;-;-;-;-;-;-;-;-;-;2023,105;-;-;-;-;-;-;-
DOLQ27C004500;BRBMEFDA0338;FINANCIAL;-;-;-;-;-;-;-;-;-;727,503;-;-;-;-;-;-;-
DOLQ27C004550;BRBMEFDA0346;FINANCIAL;-;-;-;-;-;-;-;-;-;686,781;-;-;-;-;-;-;-
DOLQ27C004600;BRBMEFDA0353;FINANCIAL;-;-;-;-;-;-;-;-;-;647,021;-;-;-;-;-;-;-
DOLQ27C004650;BRBMEFDA0361;FINANCIAL;-;-;-;-;-;-;-;-;-;608,607;-;-;-;-;-;-;-
DOLQ27C004700;BRBMEFDA0379;FINANCIAL;-;-;-;-;-;-;-;-;-;571,461;-;-;-;-;-;-;-
DOLQ27C004750;BRBMEFDA0387;FINANCIAL;-;-;-;-;-;-;-;-;-;535,482;-;-;-;-;-;-;-
DOLQ27C004800;BRBMEFDA0395;FINANCIAL;-;-;-;-;-;-;-;-;-;500,948;-;-;-;-;-;-;-
DOLQ27C004850;BRBMEFDA03A5;FINANCIAL;-;-;-;-;-;-;-;-;-;467,823;-;-;-;-;-;-;-
DOLQ27C004900;BRBMEFDA03B3;FINANCIAL;-;-;-;-;-;-;-;-;-;436,153;-;-;-;-;-;-;-
DOLQ27C004950;BRBMEFDA03C1;FINANCIAL;-;-;-;-;-;-;-;-;-;406,403;-;-;-;-;-;-;-
DOLQ27C005000;BRBMEFDA03D9;FINANCIAL;-;-;-;-;-;-;-;-;-;378,204;-;-;-;-;-;-;-
DOLQ27C005050;BRBMEFDA03E7;FINANCIAL;-;-;-;-;-;-;-;-;-;351,712;-;-;-;-;-;-;-
DOLQ27C005100;BRBMEFDA03F4;FINANCIAL;-;-;-;-;-;-;-;-;-;326,604;-;-;-;-;-;-;-
DOLQ27C005150;BRBMEFDA03G2;FINANCIAL;-;-;-;-;-;-;-;-;-;303,336;-;-;-;-;-;-;-
DOLQ27C005200;BRBMEFDA03H0;FINANCIAL;-;-;-;-;-;-;-;-;-;281,553;-;-;-;-;-;-;-
DOLQ27C005250;BRBMEFDA03I8;FINANCIAL;-;-;-;-;-;-;-;-;-;261,204;-;-;-;-;-;-;-
DOLQ27C005300;BRBMEFDA03J6;FINANCIAL;-;-;-;-;-;-;-;-;-;242,233;-;-;-;-;-;-;-
DOLQ27C005350;BRBMEFDA03K4;FINANCIAL;-;-;-;-;-;-;-;-;-;224,577;-;-;-;-;-;-;-
DOLQ27C005400;BRBMEFDA03L2;FINANCIAL;-;-;-;-;-;-;-;-;-;208,343;-;-;-;-;-;-;-
DOLQ27C005450;BRBMEFDA03M0;FINANCIAL;-;-;-;-;-;-;-;-;-;193,122;-;-;-;-;-;-;-
DOLQ27C005500;BRBMEFDA0320;FINANCIAL;-;-;-;-;-;-;-;-;-;179,186;-;-;-;-;-;-;-
DOLQ27C005550;BRBMEFDA03N8;FINANCIAL;-;-;-;-;-;-;-;-;-;166,128;-;-;-;-;-;-;-
DOLQ27C005600;BRBMEFDA03O6;FINANCIAL;-;-;-;-;-;-;-;-;-;154,215;-;-;-;-;-;-;-
DOLQ27C005650;BRBMEFDA03P3;FINANCIAL;-;-;-;-;-;-;-;-;-;143,054;-;-;-;-;-;-;-
DOLQ27C005700;BRBMEFDA03Q1;FINANCIAL;-;-;-;-;-;-;-;-;-;132,749;-;-;-;-;-;-;-
DOLQ27C005750;BRBMEFDA03R9;FINANCIAL;-;-;-;-;-;-;-;-;-;123,238;-;-;-;-;-;-;-
DOLQ27C005800;BRBMEFDA03S7;FINANCIAL;-;-;-;-;-;-;-;-;-;114,464;-;-;-;-;-;-;-
DOLQ27C005850;BRBMEFDA03T5;FINANCIAL;-;-;-;-;-;-;-;-;-;106,514;-;-;-;-;-;-;-
DOLQ27C005900;BRBMEFDA03U3;FINANCIAL;-;-;-;-;-;-;-;-;-;99,05;-;-;-;-;-;-;-
DOLQ27C005950;BRBMEFDA03V1;FINANCIAL;-;-;-;-;-;-;-;-;-;91,906;-;-;-;-;-;-;-
DOLQ27C006000;BRBMEFDA03W9;FINANCIAL;-;-;-;-;-;-;-;-;-;85,317;-;-;-;-;-;-;-
DOLQ27C006050;BRBMEFDA03X7;FINANCIAL;-;-;-;-;-;-;-;-;-;79,243;-;-;-;-;-;-;-
DOLQ27C006100;BRBMEFDA03Y5;FINANCIAL;-;-;-;-;-;-;-;-;-;73,525;-;-;-;-;-;-;-
DOLQ27C006150;BRBMEFDA03Z2;FINANCIAL;-;-;-;-;-;-;-;-;-;68,481;-;-;-;-;-;-;-
DOLQ27C006200;BRBMEFDA0403;FINANCIAL;-;-;-;-;-;-;-;-;-;63,722;-;-;-;-;-;-;-
DOLQ27C006250;BRBMEFDA0411;FINANCIAL;-;-;-;-;-;-;-;-;-;59,334;-;-;-;-;-;-;-
DOLQ27C006300;BRBMEFDA0429;FINANCIAL;-;-;-;-;-;-;-;-;-;55,287;-;-;-;-;-;-;-
DOLQ27C006350;BRBMEFDA0437;FINANCIAL;-;-;-;-;-;-;-;-;-;51,651;-;-;-;-;-;-;-
DOLQ27C006400;BRBMEFDA0445;FINANCIAL;-;-;-;-;-;-;-;-;-;48,296;-;-;-;-;-;-;-
DOLQ27C006450;BRBMEFDA0452;FINANCIAL;-;-;-;-;-;-;-;-;-;45,11;-;-;-;-;-;-;-
DOLQ27C006500;BRBMEFDA0460;FINANCIAL;-;-;-;-;-;-;-;-;-;42,253;-;-;-;-;-;-;-
DOLQ27C006750;BRBMEFDA04D7;FINANCIAL;-;-;-;-;-;-;-;-;-;30,893;-;-;-;-;-;-;-
DOLQ27P004500;BRBMEFVA02Z6;FINANCIAL;-;-;-;-;-;-;-;-;-;17,686;-;-;-;-;-;-;-
DOLQ27P004550;BRBMEFVA0302;FINANCIAL;-;-;-;-;-;-;-;-;-;22,331;-;-;-;-;-;-;-
DOLQ27P004600;BRBMEFVA0310;FINANCIAL;-;-;-;-;-;-;-;-;-;27,938;-;-;-;-;-;-;-
DOLQ27P004650;BRBMEFVA0328;FINANCIAL;-;-;-;-;-;-;-;-;-;34,891;-;-;-;-;-;-;-
DOLQ27P004700;BRBMEFVA0336;FINANCIAL;-;-;-;-;-;-;-;-;-;43,112;-;-;-;-;-;-;-
DOLQ27P004750;BRBMEFVA0344;FINANCIAL;-;-;-;-;-;-;-;-;-;52,5;-;-;-;-;-;-;-
DOLQ27P004800;BRBMEFVA0351;FINANCIAL;-;-;-;-;-;-;-;-;-;63,333;-;-;-;-;-;-;-
DOLQ27P004850;BRBMEFVA0369;FINANCIAL;-;-;-;-;-;-;-;-;-;75,575;-;-;-;-;-;-;-
DOLQ27P004900;BRBMEFVA0377;FINANCIAL;-;-;-;-;-;-;-;-;-;89,272;-;-;-;-;-;-;-
DOLQ27P004950;BRBMEFVA0385;FINANCIAL;-;-;-;-;-;-;-;-;-;104,889;-;-;-;-;-;-;-
DOLQ27P005000;BRBMEFVA0393;FINANCIAL;-;-;-;-;-;-;-;-;-;122,057;-;-;-;-;-;-;-
DOLQ27P005050;BRBMEFVA03A7;FINANCIAL;-;-;-;-;-;-;-;-;-;140,932;-;-;-;-;-;-;-
DOLQ27P005100;BRBMEFVA03B5;FINANCIAL;-;-;-;-;-;-;-;-;-;161,192;-;-;-;-;-;-;-
DOLQ27P005150;BRBMEFVA03C3;FINANCIAL;-;-;-;-;-;-;-;-;-;183,291;-;-;-;-;-;-;-
DOLQ27P005200;BRBMEFVA03D1;FINANCIAL;-;-;-;-;-;-;-;-;-;206,874;-;-;-;-;-;-;-
DOLQ27P005250;BRBMEFVA03E9;FINANCIAL;-;-;-;-;-;-;-;-;-;231,893;-;-;-;-;-;-;-
DOLQ27P005300;BRBMEFVA03F6;FINANCIAL;-;-;-;-;-;-;-;-;-;258,289;-;-;-;-;-;-;-
DOLQ27P005350;BRBMEFVA03G4;FINANCIAL;-;-;-;-;-;-;-;-;-;285,999;-;-;-;-;-;-;-
DOLQ27P005400;BRBMEFVA03H2;FINANCIAL;-;-;-;-;-;-;-;-;-;315,133;-;-;-;-;-;-;-
DOLQ27P005450;BRBMEFVA03I0;FINANCIAL;-;-;-;-;-;-;-;-;-;345,279;-;-;-;-;-;-;-
DOLQ27P005500;BRBMEFVA02Y9;FINANCIAL;-;-;-;-;-;-;-;-;-;376,709;-;-;-;-;-;-;-
DOLQ27P005550;BRBMEFVA03J8;FINANCIAL;-;-;-;-;-;-;-;-;-;409,019;-;-;-;-;-;-;-
DOLQ27P005600;BRBMEFVA03K6;FINANCIAL;-;-;-;-;-;-;-;-;-;442,473;-;-;-;-;-;-;-
DOLQ27P005650;BRBMEFVA03L4;FINANCIAL;-;-;-;-;-;-;-;-;-;476,679;-;-;-;-;-;-;-
DOLQ27P005700;BRBMEFVA03M2;FINANCIAL;-;-;-;-;-;-;-;-;-;511,741;-;-;-;-;-;-;-
DOLQ27P005750;BRBMEFVA03N0;FINANCIAL;-;-;-;-;-;-;-;-;-;547,597;-;-;-;-;-;-;-
DOLQ27P005800;BRBMEFVA03O8;FINANCIAL;-;-;-;-;-;-;-;-;-;584,19;-;-;-;-;-;-;-
DOLQ27P005850;BRBMEFVA03P5;FINANCIAL;-;-;-;-;-;-;-;-;-;621,607;-;-;-;-;-;-;-
DOLQ27P005900;BRBMEFVA03Q3;FINANCIAL;-;-;-;-;-;-;-;-;-;659,51;-;-;-;-;-;-;-
DOLQ27P005950;BRBMEFVA03R1;FINANCIAL;-;-;-;-;-;-;-;-;-;697,733;-;-;-;-;-;-;-
DOLQ27P006000;BRBMEFVA03S9;FINANCIAL;-;-;-;-;-;-;-;-;-;736,511;-;-;-;-;-;-;-
DOLQ27P006050;BRBMEFVA03T7;FINANCIAL;-;-;-;-;-;-;-;-;-;775,804;-;-;-;-;-;-;-
DOLQ27P006100;BRBMEFVA03U5;FINANCIAL;-;-;-;-;-;-;-;-;-;815,453;-;-;-;-;-;-;-
DOLQ27P006150;BRBMEFVA03V3;FINANCIAL;-;-;-;-;-;-;-;-;-;855,776;-;-;-;-;-;-;-
DOLQ27P006200;BRBMEFVA03W1;FINANCIAL;-;-;-;-;-;-;-;-;-;896,384;-;-;-;-;-;-;-
DOLQ27P006250;BRBMEFVA03X9;FINANCIAL;-;-;-;-;-;-;-;-;-;937,363;-;-;-;-;-;-;-
DOLQ27P006300;BRBMEFVA03Y7;FINANCIAL;-;-;-;-;-;-;-;-;-;978,684;-;-;-;-;-;-;-
DOLQ27P006350;BRBMEFVA03Z4;FINANCIAL;-;-;-;-;-;-;-;-;-;1020,415;-;-;-;-;-;-;-
DOLQ27P006400;BRBMEFVA0401;FINANCIAL;-;-;-;-;-;-;-;-;-;1062,426;-;-;-;-;-;-;-
DOLQ27P006450;BRBMEFVA0419;FINANCIAL;-;-;-;-;-;-;-;-;-;1104,608;-;-;-;-;-;-;-
DOLQ27P006500;BRBMEFVA0427;FINANCIAL;-;-;-;-;-;-;-;-;-;1147,118;-;-;-;-;-;-;-
DOLQ27P006750;BRBMEFVA0492;FINANCIAL;-;-;-;-;-;-;-;-;-;1362,593;-;-;-;-;-;-;-
DOLU27C004500;BRBMEFCS0404;FINANCIAL;-;-;-;-;-;-;-;-;-;747,205;-;-;-;-;-;-;-
DOLU27C004550;BRBMEFCS0412;FINANCIAL;-;-;-;-;-;-;-;-;-;707,161;-;-;-;-;-;-;-
DOLU27C004600;BRBMEFCS0420;FINANCIAL;-;-;-;-;-;-;-;-;-;668,213;-;-;-;-;-;-;-
DOLU27C004650;BRBMEFCS0438;FINANCIAL;-;-;-;-;-;-;-;-;-;630,441;-;-;-;-;-;-;-
DOLU27C004700;BRBMEFCS0446;FINANCIAL;-;-;-;-;-;-;-;-;-;593,881;-;-;-;-;-;-;-
DOLU27C004750;BRBMEFCS0453;FINANCIAL;-;-;-;-;-;-;-;-;-;558,522;-;-;-;-;-;-;-
DOLU27C004800;BRBMEFCS0461;FINANCIAL;-;-;-;-;-;-;-;-;-;524,304;-;-;-;-;-;-;-
DOLU27C004850;BRBMEFCS0479;FINANCIAL;-;-;-;-;-;-;-;-;-;491,517;-;-;-;-;-;-;-
DOLU27C004900;BRBMEFCS0487;FINANCIAL;-;-;-;-;-;-;-;-;-;460,087;-;-;-;-;-;-;-
DOLU27C004950;BRBMEFCS0495;FINANCIAL;-;-;-;-;-;-;-;-;-;430,345;-;-;-;-;-;-;-
DOLU27C005000;BRBMEFCS04A7;FINANCIAL;-;-;-;-;-;-;-;-;-;402,35;-;-;-;-;-;-;-
DOLU27C005050;BRBMEFCS04B5;FINANCIAL;-;-;-;-;-;-;-;-;-;375,658;-;-;-;-;-;-;-
DOLU27C005100;BRBMEFCS04C3;FINANCIAL;-;-;-;-;-;-;-;-;-;350,406;-;-;-;-;-;-;-
DOLU27C005150;BRBMEFCS04D1;FINANCIAL;-;-;-;-;-;-;-;-;-;326,745;-;-;-;-;-;-;-
DOLU27C005200;BRBMEFCS04E9;FINANCIAL;-;-;-;-;-;-;-;-;-;304,656;-;-;-;-;-;-;-
DOLU27C005250;BRBMEFCS04F6;FINANCIAL;-;-;-;-;-;-;-;-;-;283,93;-;-;-;-;-;-;-
DOLU27C005300;BRBMEFCS04G4;FINANCIAL;-;-;-;-;-;-;-;-;-;264,517;-;-;-;-;-;-;-
DOLU27C005350;BRBMEFCS04H2;FINANCIAL;-;-;-;-;-;-;-;-;-;246,365;-;-;-;-;-;-;-
DOLU27C005400;BRBMEFCS04I0;FINANCIAL;-;-;-;-;-;-;-;-;-;229,416;-;-;-;-;-;-;-
DOLU27C005450;BRBMEFCS04J8;FINANCIAL;-;-;-;-;-;-;-;-;-;213,615;-;-;-;-;-;-;-
DOLU27C005500;BRBMEFCS04K6;FINANCIAL;-;-;-;-;-;-;-;-;-;199,077;-;-;-;-;-;-;-
DOLU27C005550;BRBMEFCS04L4;FINANCIAL;-;-;-;-;-;-;-;-;-;185,387;-;-;-;-;-;-;-
DOLU27C005600;BRBMEFCS04M2;FINANCIAL;-;-;-;-;-;-;-;-;-;172,836;-;-;-;-;-;-;-
DOLU27C005650;BRBMEFCS04N0;FINANCIAL;-;-;-;-;-;-;-;-;-;161,018;-;-;-;-;-;-;-
DOLU27C005700;BRBMEFCS04O8;FINANCIAL;-;-;-;-;-;-;-;-;-;150,051;-;-;-;-;-;-;-
DOLU27C005750;BRBMEFCS04P5;FINANCIAL;-;-;-;-;-;-;-;-;-;139,879;-;-;-;-;-;-;-
DOLU27C005800;BRBMEFCS04Q3;FINANCIAL;-;-;-;-;-;-;-;-;-;130,449;-;-;-;-;-;-;-
DOLU27C005850;BRBMEFCS04R1;FINANCIAL;-;-;-;-;-;-;-;-;-;121,71;-;-;-;-;-;-;-
DOLU27C005900;BRBMEFCS04S9;FINANCIAL;-;-;-;-;-;-;-;-;-;113,615;-;-;-;-;-;-;-
DOLU27C005950;BRBMEFCS04T7;FINANCIAL;-;-;-;-;-;-;-;-;-;106,261;-;-;-;-;-;-;-
DOLU27C006000;BRBMEFCS04U5;FINANCIAL;-;-;-;-;-;-;-;-;-;99,172;-;-;-;-;-;-;-
DOLU27C006050;BRBMEFCS04V3;FINANCIAL;-;-;-;-;-;-;-;-;-;92,334;-;-;-;-;-;-;-
DOLU27C006100;BRBMEFCS04W1;FINANCIAL;-;-;-;-;-;-;-;-;-;86,129;-;-;-;-;-;-;-
DOLU27C006150;BRBMEFCS04X9;FINANCIAL;-;-;-;-;-;-;-;-;-;80,383;-;-;-;-;-;-;-
DOLU27C006200;BRBMEFCS04Y7;FINANCIAL;-;-;-;-;-;-;-;-;-;75,06;-;-;-;-;-;-;-
DOLU27C006250;BRBMEFCS04Z4;FINANCIAL;-;-;-;-;-;-;-;-;-;70,13;-;-;-;-;-;-;-
DOLU27C006300;BRBMEFCS0503;FINANCIAL;-;-;-;-;-;-;-;-;-;65,676;-;-;-;-;-;-;-
DOLU27C006350;BRBMEFCS0511;FINANCIAL;-;-;-;-;-;-;-;-;-;61,441;-;-;-;-;-;-;-
DOLU27C006400;BRBMEFCS0529;FINANCIAL;-;-;-;-;-;-;-;-;-;57,517;-;-;-;-;-;-;-
DOLU27C006450;BRBMEFCS0537;FINANCIAL;-;-;-;-;-;-;-;-;-;53,98;-;-;-;-;-;-;-
DOLU27C006500;BRBMEFCS0545;FINANCIAL;-;-;-;-;-;-;-;-;-;50,604;-;-;-;-;-;-;-
DOLU27C006550;BRBMEFCS0552;FINANCIAL;-;-;-;-;-;-;-;-;-;47,566;-;-;-;-;-;-;-
DOLU27C006600;BRBMEFCS0560;FINANCIAL;-;-;-;-;-;-;-;-;-;44,748;-;-;-;-;-;-;-
DOLU27C006650;BRBMEFCS0578;FINANCIAL;-;-;-;-;-;-;-;-;-;42,131;-;-;-;-;-;-;-
DOLU27C006700;BRBMEFCS0586;FINANCIAL;-;-;-;-;-;-;-;-;-;39,701;-;-;-;-;-;-;-
DOLU27C006750;BRBMEFCS0594;FINANCIAL;-;-;-;-;-;-;-;-;-;37,442;-;-;-;-;-;-;-
DOLU27P004500;BRBMEFVS0492;FINANCIAL;-;-;-;-;-;-;-;-;-;20,336;-;-;-;-;-;-;-
DOLU27P004550;BRBMEFVS04A7;FINANCIAL;-;-;-;-;-;-;-;-;-;25,211;-;-;-;-;-;-;-
DOLU27P004600;BRBMEFVS04B5;FINANCIAL;-;-;-;-;-;-;-;-;-;31,184;-;-;-;-;-;-;-
DOLU27P004650;BRBMEFVS04C3;FINANCIAL;-;-;-;-;-;-;-;-;-;38,331;-;-;-;-;-;-;-
DOLU27P004700;BRBMEFVS04D1;FINANCIAL;-;-;-;-;-;-;-;-;-;46,69;-;-;-;-;-;-;-
DOLU27P004750;BRBMEFVS04E9;FINANCIAL;-;-;-;-;-;-;-;-;-;56,251;-;-;-;-;-;-;-
DOLU27P004800;BRBMEFVS04F6;FINANCIAL;-;-;-;-;-;-;-;-;-;66,953;-;-;-;-;-;-;-
DOLU27P004850;BRBMEFVS04G4;FINANCIAL;-;-;-;-;-;-;-;-;-;79,085;-;-;-;-;-;-;-
DOLU27P004900;BRBMEFVS04H2;FINANCIAL;-;-;-;-;-;-;-;-;-;92,575;-;-;-;-;-;-;-
DOLU27P004950;BRBMEFVS04I0;FINANCIAL;-;-;-;-;-;-;-;-;-;107,752;-;-;-;-;-;-;-
DOLU27P005000;BRBMEFVS04J8;FINANCIAL;-;-;-;-;-;-;-;-;-;124,677;-;-;-;-;-;-;-
DOLU27P005050;BRBMEFVS04K6;FINANCIAL;-;-;-;-;-;-;-;-;-;142,904;-;-;-;-;-;-;-
DOLU27P005100;BRBMEFVS04L4;FINANCIAL;-;-;-;-;-;-;-;-;-;162,572;-;-;-;-;-;-;-
DOLU27P005150;BRBMEFVS04M2;FINANCIAL;-;-;-;-;-;-;-;-;-;183,83;-;-;-;-;-;-;-
DOLU27P005200;BRBMEFVS04N0;FINANCIAL;-;-;-;-;-;-;-;-;-;206,661;-;-;-;-;-;-;-
DOLU27P005250;BRBMEFVS04O8;FINANCIAL;-;-;-;-;-;-;-;-;-;230,854;-;-;-;-;-;-;-
DOLU27P005300;BRBMEFVS04P5;FINANCIAL;-;-;-;-;-;-;-;-;-;256,361;-;-;-;-;-;-;-
DOLU27P005350;BRBMEFVS04Q3;FINANCIAL;-;-;-;-;-;-;-;-;-;283,128;-;-;-;-;-;-;-
DOLU27P005400;BRBMEFVS04R1;FINANCIAL;-;-;-;-;-;-;-;-;-;311,099;-;-;-;-;-;-;-
DOLU27P005450;BRBMEFVS04S9;FINANCIAL;-;-;-;-;-;-;-;-;-;340,217;-;-;-;-;-;-;-
DOLU27P005500;BRBMEFVS04T7;FINANCIAL;-;-;-;-;-;-;-;-;-;370,599;-;-;-;-;-;-;-
DOLU27P005550;BRBMEFVS04U5;FINANCIAL;-;-;-;-;-;-;-;-;-;401,829;-;-;-;-;-;-;-
DOLU27P005600;BRBMEFVS04V3;FINANCIAL;-;-;-;-;-;-;-;-;-;434,197;-;-;-;-;-;-;-
DOLU27P005650;BRBMEFVS04W1;FINANCIAL;-;-;-;-;-;-;-;-;-;467,299;-;-;-;-;-;-;-
DOLU27P005700;BRBMEFVS04X9;FINANCIAL;-;-;-;-;-;-;-;-;-;501,251;-;-;-;-;-;-;-
DOLU27P005750;BRBMEFVS04Y7;FINANCIAL;-;-;-;-;-;-;-;-;-;535,998;-;-;-;-;-;-;-
DOLU27P005800;BRBMEFVS04Z4;FINANCIAL;-;-;-;-;-;-;-;-;-;571,488;-;-;-;-;-;-;-
DOLU27P005850;BRBMEFVS0500;FINANCIAL;-;-;-;-;-;-;-;-;-;607,669;-;-;-;-;-;-;-
DOLU27P005900;BRBMEFVS0518;FINANCIAL;-;-;-;-;-;-;-;-;-;644,493;-;-;-;-;-;-;-
DOLU27P005950;BRBMEFVS0526;FINANCIAL;-;-;-;-;-;-;-;-;-;682,059;-;-;-;-;-;-;-
DOLU27P006000;BRBMEFVS0534;FINANCIAL;-;-;-;-;-;-;-;-;-;719,89;-;-;-;-;-;-;-
DOLU27P006050;BRBMEFVS0542;FINANCIAL;-;-;-;-;-;-;-;-;-;757,971;-;-;-;-;-;-;-
DOLU27P006100;BRBMEFVS0559;FINANCIAL;-;-;-;-;-;-;-;-;-;796,686;-;-;-;-;-;-;-
DOLU27P006150;BRBMEFVS0567;FINANCIAL;-;-;-;-;-;-;-;-;-;835,859;-;-;-;-;-;-;-
DOLU27P006200;BRBMEFVS0575;FINANCIAL;-;-;-;-;-;-;-;-;-;875,456;-;-;-;-;-;-;-
DOLU27P006250;BRBMEFVS0583;FINANCIAL;-;-;-;-;-;-;-;-;-;915,445;-;-;-;-;-;-;-
DOLU27P006300;BRBMEFVS0591;FINANCIAL;-;-;-;-;-;-;-;-;-;955,911;-;-;-;-;-;-;-
DOLU27P006350;BRBMEFVS05A4;FINANCIAL;-;-;-;-;-;-;-;-;-;996,595;-;-;-;-;-;-;-
DOLU27P006400;BRBMEFVS05B2;FINANCIAL;-;-;-;-;-;-;-;-;-;1037,591;-;-;-;-;-;-;-
DOLU27P006450;BRBMEFVS05C0;FINANCIAL;-;-;-;-;-;-;-;-;-;1078,974;-;-;-;-;-;-;-
DOLU27P006500;BRBMEFVS05D8;FINANCIAL;-;-;-;-;-;-;-;-;-;1120,517;-;-;-;-;-;-;-
DOLU27P006550;BRBMEFVS05E6;FINANCIAL;-;-;-;-;-;-;-;-;-;1162,399;-;-;-;-;-;-;-
DOLU27P006600;BRBMEFVS05F3;FINANCIAL;-;-;-;-;-;-;-;-;-;1204,5;-;-;-;-;-;-;-
DOLU27P006650;BRBMEFVS05G1;FINANCIAL;-;-;-;-;-;-;-;-;-;1246,803;-;-;-;-;-;-;-
DOLU27P006700;BRBMEFVS05H9;FINANCIAL;-;-;-;-;-;-;-;-;-;1289,292;-;-;-;-;-;-;-
DOLU27P006750;BRBMEFVS05I7;FINANCIAL;-;-;-;-;-;-;-;-;-;1331,953;-;-;-;-;-;-;-
DOLV27C004500;BRBMEFCD45F1;FINANCIAL;-;-;-;-;-;-;-;-;-;761,748;-;-;-;-;-;-;-
DOLV27C004550;BRBMEFCD45G9;FINANCIAL;-;-;-;-;-;-;-;-;-;722,415;-;-;-;-;-;-;-
DOLV27C004600;BRBMEFCD45H7;FINANCIAL;-;-;-;-;-;-;-;-;-;684,183;-;-;-;-;-;-;-
DOLV27C004650;BRBMEFCD45I5;FINANCIAL;-;-;-;-;-;-;-;-;-;647,018;-;-;-;-;-;-;-
DOLV27C004700;BRBMEFCD45J3;FINANCIAL;-;-;-;-;-;-;-;-;-;611,019;-;-;-;-;-;-;-
DOLV27C004750;BRBMEFCD45K1;FINANCIAL;-;-;-;-;-;-;-;-;-;576,16;-;-;-;-;-;-;-
DOLV27C004800;BRBMEFCD45L9;FINANCIAL;-;-;-;-;-;-;-;-;-;542,497;-;-;-;-;-;-;-
DOLV27C004850;BRBMEFCD45M7;FINANCIAL;-;-;-;-;-;-;-;-;-;510,075;-;-;-;-;-;-;-
DOLV27C004900;BRBMEFCD45N5;FINANCIAL;-;-;-;-;-;-;-;-;-;479,078;-;-;-;-;-;-;-
DOLV27C004950;BRBMEFCD45O3;FINANCIAL;-;-;-;-;-;-;-;-;-;449,556;-;-;-;-;-;-;-
DOLV27C005000;BRBMEFCD45P0;FINANCIAL;-;-;-;-;-;-;-;-;-;421,548;-;-;-;-;-;-;-
DOLV27C005050;BRBMEFCD45Q8;FINANCIAL;-;-;-;-;-;-;-;-;-;395,076;-;-;-;-;-;-;-
DOLV27C005100;BRBMEFCD45R6;FINANCIAL;-;-;-;-;-;-;-;-;-;369,801;-;-;-;-;-;-;-
DOLV27C005150;BRBMEFCD45S4;FINANCIAL;-;-;-;-;-;-;-;-;-;346,046;-;-;-;-;-;-;-
DOLV27C005200;BRBMEFCD45T2;FINANCIAL;-;-;-;-;-;-;-;-;-;323,796;-;-;-;-;-;-;-
DOLV27C005250;BRBMEFCD45U0;FINANCIAL;-;-;-;-;-;-;-;-;-;302,844;-;-;-;-;-;-;-
DOLV27C005300;BRBMEFCD45V8;FINANCIAL;-;-;-;-;-;-;-;-;-;283,147;-;-;-;-;-;-;-
DOLV27C005350;BRBMEFCD45W6;FINANCIAL;-;-;-;-;-;-;-;-;-;264,657;-;-;-;-;-;-;-
DOLV27C005400;BRBMEFCD45X4;FINANCIAL;-;-;-;-;-;-;-;-;-;247,326;-;-;-;-;-;-;-
DOLV27C005450;BRBMEFCD45Y2;FINANCIAL;-;-;-;-;-;-;-;-;-;231,103;-;-;-;-;-;-;-
DOLV27C005500;BRBMEFCD45Z9;FINANCIAL;-;-;-;-;-;-;-;-;-;216,12;-;-;-;-;-;-;-
DOLV27C005550;BRBMEFCD4601;FINANCIAL;-;-;-;-;-;-;-;-;-;201,951;-;-;-;-;-;-;-
DOLV27C005600;BRBMEFCD4619;FINANCIAL;-;-;-;-;-;-;-;-;-;188,909;-;-;-;-;-;-;-
DOLV27C005650;BRBMEFCD4627;FINANCIAL;-;-;-;-;-;-;-;-;-;176,756;-;-;-;-;-;-;-
DOLV27C005700;BRBMEFCD4635;FINANCIAL;-;-;-;-;-;-;-;-;-;165,262;-;-;-;-;-;-;-
DOLV27C005750;BRBMEFCD4643;FINANCIAL;156,405;156,405;156,406;156,405;156,406;-;-;-;-;154,557;-;-;-;-;2;700;5474200
DOLV27C005800;BRBMEFCD4650;FINANCIAL;-;-;-;-;-;-;-;-;-;144,593;-;-;-;-;-;-;-
DOLV27C005850;BRBMEFCD4668;FINANCIAL;-;-;-;-;-;-;-;-;-;135,322;-;-;-;-;-;-;-
DOLV27C005900;BRBMEFCD4676;FINANCIAL;-;-;-;-;-;-;-;-;-;126,699;-;-;-;-;-;-;-
DOLV27C005950;BRBMEFCD4684;FINANCIAL;-;-;-;-;-;-;-;-;-;118,836;-;-;-;-;-;-;-
DOLV27C006000;BRBMEFCD4692;FINANCIAL;-;-;-;-;-;-;-;-;-;111,377;-;-;-;-;-;-;-
DOLV27C006050;BRBMEFCD46A0;FINANCIAL;-;-;-;-;-;-;-;-;-;104,443;-;-;-;-;-;-;-
DOLV27C006100;BRBMEFCD46B8;FINANCIAL;-;-;-;-;-;-;-;-;-;97,711;-;-;-;-;-;-;-
DOLV27C006150;BRBMEFCD46C6;FINANCIAL;-;-;-;-;-;-;-;-;-;91,451;-;-;-;-;-;-;-
DOLV27C006200;BRBMEFCD46D4;FINANCIAL;-;-;-;-;-;-;-;-;-;85,63;-;-;-;-;-;-;-
DOLV27C006250;BRBMEFCD46E2;FINANCIAL;-;-;-;-;-;-;-;-;-;80,217;-;-;-;-;-;-;-
DOLV27C006300;BRBMEFCD46F9;FINANCIAL;-;-;-;-;-;-;-;-;-;75,309;-;-;-;-;-;-;-
DOLV27C006350;BRBMEFCD46G7;FINANCIAL;-;-;-;-;-;-;-;-;-;70,625;-;-;-;-;-;-;-
DOLV27C006400;BRBMEFCD46H5;FINANCIAL;-;-;-;-;-;-;-;-;-;66,385;-;-;-;-;-;-;-
DOLV27C006450;BRBMEFCD46I3;FINANCIAL;-;-;-;-;-;-;-;-;-;62,329;-;-;-;-;-;-;-
DOLV27C006500;BRBMEFCD46J1;FINANCIAL;-;-;-;-;-;-;-;-;-;58,664;-;-;-;-;-;-;-
DOLV27P004500;BRBMEFVD45G9;FINANCIAL;-;-;-;-;-;-;-;-;-;23,035;-;-;-;-;-;-;-
DOLV27P004550;BRBMEFVD45H7;FINANCIAL;-;-;-;-;-;-;-;-;-;28,201;-;-;-;-;-;-;-
DOLV27P004600;BRBMEFVD45I5;FINANCIAL;-;-;-;-;-;-;-;-;-;34,469;-;-;-;-;-;-;-
DOLV27P004650;BRBMEFVD45J3;FINANCIAL;-;-;-;-;-;-;-;-;-;41,804;-;-;-;-;-;-;-
DOLV27P004700;BRBMEFVD45K1;FINANCIAL;-;-;-;-;-;-;-;-;-;50,304;-;-;-;-;-;-;-
DOLV27P004750;BRBMEFVD45L9;FINANCIAL;-;-;-;-;-;-;-;-;-;59,944;-;-;-;-;-;-;-
DOLV27P004800;BRBMEFVD45M7;FINANCIAL;-;-;-;-;-;-;-;-;-;70,78;-;-;-;-;-;-;-
DOLV27P004850;BRBMEFVD45N5;FINANCIAL;-;-;-;-;-;-;-;-;-;82,858;-;-;-;-;-;-;-
DOLV27P004900;BRBMEFVD45O3;FINANCIAL;102,645;102,645;102,645;102,645;102,645;-;-;-;-;96,36;-;-;-;-;1;700;3592575
DOLV27P004950;BRBMEFVD45P0;FINANCIAL;-;-;-;-;-;-;-;-;-;111,338;-;-;-;-;-;-;-
DOLV27P005000;BRBMEFVD45Q8;FINANCIAL;-;-;-;-;-;-;-;-;-;127,829;-;-;-;-;-;-;-
DOLV27P005050;BRBMEFVD45R6;FINANCIAL;-;-;-;-;-;-;-;-;-;145,856;-;-;-;-;-;-;-
DOLV27P005100;BRBMEFVD45S4;FINANCIAL;-;-;-;-;-;-;-;-;-;165,081;-;-;-;-;-;-;-
DOLV27P005150;BRBMEFVD45T2;FINANCIAL;-;-;-;-;-;-;-;-;-;185,825;-;-;-;-;-;-;-
DOLV27P005200;BRBMEFVD45U0;FINANCIAL;-;-;-;-;-;-;-;-;-;208,075;-;-;-;-;-;-;-
DOLV27P005250;BRBMEFVD45V8;FINANCIAL;-;-;-;-;-;-;-;-;-;231,622;-;-;-;-;-;-;-
DOLV27P005300;BRBMEFVD45W6;FINANCIAL;-;-;-;-;-;-;-;-;-;256,424;-;-;-;-;-;-;-
DOLV27P005350;BRBMEFVD45X4;FINANCIAL;-;-;-;-;-;-;-;-;-;282,433;-;-;-;-;-;-;-
DOLV27P005400;BRBMEFVD45Y2;FINANCIAL;-;-;-;-;-;-;-;-;-;309,602;-;-;-;-;-;-;-
DOLV27P005450;BRBMEFVD45Z9;FINANCIAL;-;-;-;-;-;-;-;-;-;337,878;-;-;-;-;-;-;-
DOLV27P005500;BRBMEFVD4608;FINANCIAL;-;-;-;-;-;-;-;-;-;367,394;-;-;-;-;-;-;-
DOLV27P005550;BRBMEFVD4616;FINANCIAL;-;-;-;-;-;-;-;-;-;397,724;-;-;-;-;-;-;-
DOLV27P005600;BRBMEFVD4624;FINANCIAL;-;-;-;-;-;-;-;-;-;429,182;-;-;-;-;-;-;-
DOLV27P005650;BRBMEFVD4632;FINANCIAL;-;-;-;-;-;-;-;-;-;461,528;-;-;-;-;-;-;-
DOLV27P005700;BRBMEFVD4640;FINANCIAL;-;-;-;-;-;-;-;-;-;494,533;-;-;-;-;-;-;-
DOLV27P005750;BRBMEFVD4657;FINANCIAL;-;-;-;-;-;-;-;-;-;528,328;-;-;-;-;-;-;-
DOLV27P005800;BRBMEFVD4665;FINANCIAL;-;-;-;-;-;-;-;-;-;562,863;-;-;-;-;-;-;-
DOLV27P005850;BRBMEFVD4673;FINANCIAL;-;-;-;-;-;-;-;-;-;598,092;-;-;-;-;-;-;-
DOLV27P005900;BRBMEFVD4681;FINANCIAL;-;-;-;-;-;-;-;-;-;633,968;-;-;-;-;-;-;-
DOLV27P005950;BRBMEFVD4699;FINANCIAL;-;-;-;-;-;-;-;-;-;670,605;-;-;-;-;-;-;-
DOLV27P006000;BRBMEFVD46A0;FINANCIAL;-;-;-;-;-;-;-;-;-;707,645;-;-;-;-;-;-;-
DOLV27P006050;BRBMEFVD46B8;FINANCIAL;-;-;-;-;-;-;-;-;-;745,21;-;-;-;-;-;-;-
DOLV27P006100;BRBMEFVD46C6;FINANCIAL;-;-;-;-;-;-;-;-;-;782,977;-;-;-;-;-;-;-
DOLV27P006150;BRBMEFVD46D4;FINANCIAL;-;-;-;-;-;-;-;-;-;821,216;-;-;-;-;-;-;-
DOLV27P006200;BRBMEFVD46E2;FINANCIAL;-;-;-;-;-;-;-;-;-;859,895;-;-;-;-;-;-;-
DOLV27P006250;BRBMEFVD46F9;FINANCIAL;-;-;-;-;-;-;-;-;-;898,982;-;-;-;-;-;-;-
DOLV27P006300;BRBMEFVD46G7;FINANCIAL;-;-;-;-;-;-;-;-;-;938,573;-;-;-;-;-;-;-
DOLV27P006350;BRBMEFVD46H5;FINANCIAL;-;-;-;-;-;-;-;-;-;978,388;-;-;-;-;-;-;-
DOLV27P006400;BRBMEFVD46I3;FINANCIAL;-;-;-;-;-;-;-;-;-;1018,648;-;-;-;-;-;-;-
DOLV27P006450;BRBMEFVD46J1;FINANCIAL;-;-;-;-;-;-;-;-;-;1059,091;-;-;-;-;-;-;-
DOLV27P006500;BRBMEFVD46K9;FINANCIAL;-;-;-;-;-;-;-;-;-;1099,925;-;-;-;-;-;-;-
DOLV28C005500;BRBMEFCD46M5;FINANCIAL;-;-;-;-;-;-;-;-;-;406,075;-;-;-;-;-;-;-
DOLV28C005600;BRBMEFCD46N3;FINANCIAL;-;-;-;-;-;-;-;-;-;372,129;-;-;-;-;-;-;-
DOLV28C005700;BRBMEFCD46O1;FINANCIAL;-;-;-;-;-;-;-;-;-;340,731;-;-;-;-;-;-;-
DOLV28C005800;BRBMEFCD46P8;FINANCIAL;-;-;-;-;-;-;-;-;-;312,211;-;-;-;-;-;-;-
DOLV28C005900;BRBMEFCD46Q6;FINANCIAL;-;-;-;-;-;-;-;-;-;286,396;-;-;-;-;-;-;-
DOLV28C006000;BRBMEFCD46R4;FINANCIAL;-;-;-;-;-;-;-;-;-;262,611;-;-;-;-;-;-;-
DOLV28C006100;BRBMEFCD46S2;FINANCIAL;-;-;-;-;-;-;-;-;-;241,174;-;-;-;-;-;-;-
DOLV28C006200;BRBMEFCD46T0;FINANCIAL;-;-;-;-;-;-;-;-;-;221,668;-;-;-;-;-;-;-
DOLV28C006300;BRBMEFCD46U8;FINANCIAL;-;-;-;-;-;-;-;-;-;203,7;-;-;-;-;-;-;-
DOLV28C006400;BRBMEFCD46V6;FINANCIAL;-;-;-;-;-;-;-;-;-;187,36;-;-;-;-;-;-;-
DOLV28C006500;BRBMEFCD46W4;FINANCIAL;-;-;-;-;-;-;-;-;-;172,723;-;-;-;-;-;-;-
DOLV28C006600;BRBMEFCD46X2;FINANCIAL;-;-;-;-;-;-;-;-;-;159,215;-;-;-;-;-;-;-
DOLV28C006700;BRBMEFCD46Y0;FINANCIAL;-;-;-;-;-;-;-;-;-;147,139;-;-;-;-;-;-;-
DOLV28C006800;BRBMEFCD46Z7;FINANCIAL;-;-;-;-;-;-;-;-;-;135,97;-;-;-;-;-;-;-
DOLV28C006900;BRBMEFCD4700;FINANCIAL;-;-;-;-;-;-;-;-;-;125,245;-;-;-;-;-;-;-
DOLV28C007000;BRBMEFCD4718;FINANCIAL;-;-;-;-;-;-;-;-;-;115,482;-;-;-;-;-;-;-
DOLV28P005500;BRBMEFVD46N3;FINANCIAL;-;-;-;-;-;-;-;-;-;318,944;-;-;-;-;-;-;-
DOLV28P005600;BRBMEFVD46O1;FINANCIAL;-;-;-;-;-;-;-;-;-;364,526;-;-;-;-;-;-;-
DOLV28P005700;BRBMEFVD46P8;FINANCIAL;-;-;-;-;-;-;-;-;-;412,656;-;-;-;-;-;-;-
DOLV28P005800;BRBMEFVD46Q6;FINANCIAL;-;-;-;-;-;-;-;-;-;463,664;-;-;-;-;-;-;-
DOLV28P005900;BRBMEFVD46R4;FINANCIAL;-;-;-;-;-;-;-;-;-;517,376;-;-;-;-;-;-;-
DOLV28P006000;BRBMEFVD46S2;FINANCIAL;-;-;-;-;-;-;-;-;-;573,119;-;-;-;-;-;-;-
DOLV28P006100;BRBMEFVD46T0;FINANCIAL;-;-;-;-;-;-;-;-;-;631,211;-;-;-;-;-;-;-
DOLV28P006200;BRBMEFVD46U8;FINANCIAL;-;-;-;-;-;-;-;-;-;691,233;-;-;-;-;-;-;-
DOLV28P006300;BRBMEFVD46V6;FINANCIAL;-;-;-;-;-;-;-;-;-;752,793;-;-;-;-;-;-;-
DOLV28P006400;BRBMEFVD46W4;FINANCIAL;-;-;-;-;-;-;-;-;-;815,981;-;-;-;-;-;-;-
DOLV28P006500;BRBMEFVD46X2;FINANCIAL;-;-;-;-;-;-;-;-;-;880,872;-;-;-;-;-;-;-
DOLV28P006600;BRBMEFVD46Y0;FINANCIAL;-;-;-;-;-;-;-;-;-;946,892;-;-;-;-;-;-;-
DOLV28P006700;BRBMEFVD46Z7;FINANCIAL;-;-;-;-;-;-;-;-;-;1014,344;-;-;-;-;-;-;-
DOLV28P006800;BRBMEFVD4707;FINANCIAL;-;-;-;-;-;-;-;-;-;1082,702;-;-;-;-;-;-;-
DOLV28P006900;BRBMEFVD4715;FINANCIAL;-;-;-;-;-;-;-;-;-;1151,506;-;-;-;-;-;-;-
DOLV28P007000;BRBMEFVD4723;FINANCIAL;-;-;-;-;-;-;-;-;-;1221,271;-;-;-;-;-;-;-
DOLX26C004500;BRBMEFDC03H6;FINANCIAL;-;-;-;-;-;-;-;-;-;535,673;-;-;-;-;-;-;-
DOLX26C004525;BRBMEFDC0583;FINANCIAL;-;-;-;-;-;-;-;-;-;510,879;-;-;-;-;-;-;-
DOLX26C004550;BRBMEFDC03I4;FINANCIAL;-;-;-;-;-;-;-;-;-;486,089;-;-;-;-;-;-;-
DOLX26C004575;BRBMEFDC0591;FINANCIAL;-;-;-;-;-;-;-;-;-;461,305;-;-;-;-;-;-;-
DOLX26C004600;BRBMEFDC03J2;FINANCIAL;-;-;-;-;-;-;-;-;-;436,534;-;-;-;-;-;-;-
DOLX26C004625;BRBMEFDC05A6;FINANCIAL;-;-;-;-;-;-;-;-;-;411,784;-;-;-;-;-;-;-
DOLX26C004650;BRBMEFDC03K0;FINANCIAL;-;-;-;-;-;-;-;-;-;387,068;-;-;-;-;-;-;-
DOLX26C004675;BRBMEFDC05B4;FINANCIAL;-;-;-;-;-;-;-;-;-;362,408;-;-;-;-;-;-;-
DOLX26C004700;BRBMEFDC03L8;FINANCIAL;-;-;-;-;-;-;-;-;-;337,842;-;-;-;-;-;-;-
DOLX26C004725;BRBMEFDC04N2;FINANCIAL;-;-;-;-;-;-;-;-;-;313,498;-;-;-;-;-;-;-
DOLX26C004750;BRBMEFDC03M6;FINANCIAL;-;-;-;-;-;-;-;-;-;289,44;-;-;-;-;-;-;-
DOLX26C004775;BRBMEFDC04O0;FINANCIAL;-;-;-;-;-;-;-;-;-;265,78;-;-;-;-;-;-;-
DOLX26C004800;BRBMEFDC03N4;FINANCIAL;-;-;-;-;-;-;-;-;-;242,795;-;-;-;-;-;-;-
DOLX26C004825;BRBMEFDC04P7;FINANCIAL;-;-;-;-;-;-;-;-;-;220,703;-;-;-;-;-;-;-
DOLX26C004850;BRBMEFDC03O2;FINANCIAL;-;-;-;-;-;-;-;-;-;199,445;-;-;-;-;-;-;-
DOLX26C004875;BRBMEFDC04Q5;FINANCIAL;-;-;-;-;-;-;-;-;-;179,202;-;-;-;-;-;-;-
DOLX26C004900;BRBMEFDC03P9;FINANCIAL;-;-;-;-;-;-;-;-;-;160,213;-;-;-;-;-;-;-
DOLX26C004925;BRBMEFDC04R3;FINANCIAL;-;-;-;-;-;-;-;-;-;142,482;-;-;-;-;-;-;-
DOLX26C004950;BRBMEFDC03Q7;FINANCIAL;-;-;-;-;-;-;-;-;-;126,191;-;-;-;-;-;-;-
DOLX26C004975;BRBMEFDC04S1;FINANCIAL;-;-;-;-;-;-;-;-;-;111,338;-;-;-;-;-;-;-
DOLX26C005000;BRBMEFDC03R5;FINANCIAL;-;-;-;-;-;-;-;-;-;97,923;-;-;-;-;-;-;-
DOLX26C005025;BRBMEFDC04T9;FINANCIAL;-;-;-;-;-;-;-;-;-;85,86;-;-;-;-;-;-;-
DOLX26C005050;BRBMEFDC03S3;FINANCIAL;85;85;85;85;85;19,71;-;-;-;75,086;-;-;-;-;1;500;2125000
DOLX26C005075;BRBMEFDC04U7;FINANCIAL;-;-;-;-;-;-;-;-;-;65,568;-;-;-;-;-;-;-
DOLX26C005100;BRBMEFDC03T1;FINANCIAL;49,16;49,16;49,16;49,16;49,16;-7,24;-;-;-;57,167;-;-;-;-;1;10;24580
DOLX26C005125;BRBMEFDC04V5;FINANCIAL;-;-;-;-;-;-;-;-;-;49,783;-;-;-;-;-;-;-
DOLX26C005150;BRBMEFDC03U9;FINANCIAL;-;-;-;-;-;-;-;-;-;43,318;-;-;-;-;-;-;-
DOLX26C005175;BRBMEFDC04W3;FINANCIAL;-;-;-;-;-;-;-;-;-;37,718;-;-;-;-;-;-;-
DOLX26C005200;BRBMEFDC03V7;FINANCIAL;37,75;37,75;37,75;37,75;37,75;12,61;-;-;-;32,844;-;-;-;-;1;25;47187,5
DOLX26C005225;BRBMEFDC04X1;FINANCIAL;-;-;-;-;-;-;-;-;-;28,498;-;-;-;-;-;-;-
DOLX26C005250;BRBMEFDC03W5;FINANCIAL;-;-;-;-;-;-;-;-;-;24,729;-;-;-;-;-;-;-
DOLX26C005275;BRBMEFDC04Y9;FINANCIAL;30;30;30;30;30;-77,94;-;-;-;21,497;-;-;-;-;1;250;375000
DOLX26C005300;BRBMEFDC03X3;FINANCIAL;-;-;-;-;-;-;-;-;-;18,702;-;-;-;-;-;-;-
DOLX26C005325;BRBMEFDC04Z6;FINANCIAL;18,8;18,8;23;21,806;23;-;-;-;-;16,313;-;-;-;-;5;1.600;1744500
DOLX26C005350;BRBMEFDC03Y1;FINANCIAL;14;14;14;14;14;-84,54;-;-;-;14,248;-;-;-;-;1;25;17500
DOLX26C005375;BRBMEFDC0500;FINANCIAL;17,5;17,5;17,5;17,5;17,5;59,09;-;-;-;12,485;-;-;-;-;1;250;218750
DOLX26C005400;BRBMEFDC03Z8;FINANCIAL;-;-;-;-;-;-;-;-;-;11,002;-;-;-;-;-;-;-
DOLX26C005425;BRBMEFDC0518;FINANCIAL;-;-;-;-;-;-;-;-;-;9,735;-;-;-;-;-;-;-
DOLX26C005450;BRBMEFDC0401;FINANCIAL;15,67;15,67;15,67;15,67;15,67;-74,72;-;-;-;8,651;-;-;-;-;1;10;7835
DOLX26C005475;BRBMEFDC0526;FINANCIAL;-;-;-;-;-;-;-;-;-;7,725;-;-;-;-;-;-;-
DOLX26C005500;BRBMEFDC0419;FINANCIAL;-;-;-;-;-;-;-;-;-;6,93;-;-;-;-;-;-;-
DOLX26C005525;BRBMEFDC0534;FINANCIAL;-;-;-;-;-;-;-;-;-;6,235;-;-;-;-;-;-;-
DOLX26C005550;BRBMEFDC0427;FINANCIAL;-;-;-;-;-;-;-;-;-;5,562;-;-;-;-;-;-;-
DOLX26C005575;BRBMEFDC0542;FINANCIAL;-;-;-;-;-;-;-;-;-;4,824;-;-;-;-;-;-;-
DOLX26C005600;BRBMEFDC0435;FINANCIAL;-;-;-;-;-;-;-;-;-;4,187;-;-;-;-;-;-;-
DOLX26C005625;BRBMEFDC0559;FINANCIAL;-;-;-;-;-;-;-;-;-;3,645;-;-;-;-;-;-;-
DOLX26C005650;BRBMEFDC0443;FINANCIAL;-;-;-;-;-;-;-;-;-;3,176;-;-;-;-;-;-;-
DOLX26C005675;BRBMEFDC0567;FINANCIAL;-;-;-;-;-;-;-;-;-;2,77;-;-;-;-;-;-;-
DOLX26C005700;BRBMEFDC0450;FINANCIAL;-;-;-;-;-;-;-;-;-;2,418;-;-;-;-;-;-;-
DOLX26C005725;BRBMEFDC0575;FINANCIAL;-;-;-;-;-;-;-;-;-;2,113;-;-;-;-;-;-;-
DOLX26C005750;BRBMEFDC0468;FINANCIAL;-;-;-;-;-;-;-;-;-;1,854;-;-;-;-;-;-;-
DOLX26C005775;BRBMEFDC05C2;FINANCIAL;-;-;-;-;-;-;-;-;-;1,629;-;-;-;-;-;-;-
DOLX26C005800;BRBMEFDC0476;FINANCIAL;-;-;-;-;-;-;-;-;-;1,433;-;-;-;-;-;-;-
DOLX26C005825;BRBMEFDC05D0;FINANCIAL;-;-;-;-;-;-;-;-;-;1,263;-;-;-;-;-;-;-
DOLX26C005850;BRBMEFDC0484;FINANCIAL;-;-;-;-;-;-;-;-;-;1,118;-;-;-;-;-;-;-
DOLX26C005875;BRBMEFDC05E8;FINANCIAL;-;-;-;-;-;-;-;-;-;0,947;-;-;-;-;-;-;-
DOLX26C005900;BRBMEFDC0492;FINANCIAL;-;-;-;-;-;-;-;-;-;0,776;-;-;-;-;-;-;-
DOLX26C005925;BRBMEFDC05F5;FINANCIAL;-;-;-;-;-;-;-;-;-;0,633;-;-;-;-;-;-;-
DOLX26C005950;BRBMEFDC04A9;FINANCIAL;-;-;-;-;-;-;-;-;-;0,516;-;-;-;-;-;-;-
DOLX26C005975;BRBMEFDC05G3;FINANCIAL;-;-;-;-;-;-;-;-;-;0,419;-;-;-;-;-;-;-
DOLX26C006000;BRBMEFDC04B7;FINANCIAL;-;-;-;-;-;-;-;-;-;0,339;-;-;-;-;-;-;-
DOLX26C006050;BRBMEFDC04C5;FINANCIAL;-;-;-;-;-;-;-;-;-;0,22;-;-;-;-;-;-;-
DOLX26C006100;BRBMEFDC04D3;FINANCIAL;-;-;-;-;-;-;-;-;-;0,142;-;-;-;-;-;-;-
DOLX26C006150;BRBMEFDC04E1;FINANCIAL;-;-;-;-;-;-;-;-;-;0,09;-;-;-;-;-;-;-
DOLX26C006200;BRBMEFDC04F8;FINANCIAL;-;-;-;-;-;-;-;-;-;0,057;-;-;-;-;-;-;-
DOLX26C006250;BRBMEFDC04G6;FINANCIAL;-;-;-;-;-;-;-;-;-;0,035;-;-;-;-;-;-;-
DOLX26C006300;BRBMEFDC04H4;FINANCIAL;-;-;-;-;-;-;-;-;-;0,022;-;-;-;-;-;-;-
DOLX26C006350;BRBMEFDC04I2;FINANCIAL;-;-;-;-;-;-;-;-;-;0,013;-;-;-;-;-;-;-
DOLX26C006400;BRBMEFDC04J0;FINANCIAL;-;-;-;-;-;-;-;-;-;0,008;-;-;-;-;-;-;-
DOLX26C006450;BRBMEFDC04K8;FINANCIAL;-;-;-;-;-;-;-;-;-;0,005;-;-;-;-;-;-;-
DOLX26C006500;BRBMEFDC04L6;FINANCIAL;-;-;-;-;-;-;-;-;-;0,003;-;-;-;-;-;-;-
DOLX26C006750;BRBMEFDC04M4;FINANCIAL;-;-;-;-;-;-;-;-;-;0,001;-;-;-;-;-;-;-
DOLX26P004500;BRBMEFVDY5Z7;FINANCIAL;-;-;-;-;-;-;-;-;-;0,003;-;-;-;-;-;-;-
DOLX26P004525;BRBMEFVDY7Q2;FINANCIAL;-;-;-;-;-;-;-;-;-;0,007;-;-;-;-;-;-;-
DOLX26P004550;BRBMEFVDY601;FINANCIAL;-;-;-;-;-;-;-;-;-;0,015;-;-;-;-;-;-;-
DOLX26P004575;BRBMEFVDY7R0;FINANCIAL;-;-;-;-;-;-;-;-;-;0,029;-;-;-;-;-;-;-
DOLX26P004600;BRBMEFVDY619;FINANCIAL;-;-;-;-;-;-;-;-;-;0,055;-;-;-;-;-;-;-
DOLX26P004625;BRBMEFVDY7S8;FINANCIAL;-;-;-;-;-;-;-;-;-;0,103;-;-;-;-;-;-;-
DOLX26P004650;BRBMEFVDY627;FINANCIAL;-;-;-;-;-;-;-;-;-;0,184;-;-;-;-;-;-;-
DOLX26P004675;BRBMEFVDY7T6;FINANCIAL;-;-;-;-;-;-;-;-;-;0,322;-;-;-;-;-;-;-
DOLX26P004700;BRBMEFVDY635;FINANCIAL;-;-;-;-;-;-;-;-;-;0,553;-;-;-;-;-;-;-
DOLX26P004725;BRBMEFVDY759;FINANCIAL;-;-;-;-;-;-;-;-;-;1,007;-;-;-;-;-;-;-
DOLX26P004750;BRBMEFVDY643;FINANCIAL;-;-;-;-;-;-;-;-;-;1,747;-;-;-;-;-;-;-
DOLX26P004775;BRBMEFVDY767;FINANCIAL;-;-;-;-;-;-;-;-;-;2,884;-;-;-;-;-;-;-
DOLX26P004800;BRBMEFVDY650;FINANCIAL;4;4;5;4,454;5;-64,28;-;-;-;4,698;-;-;-;54,123;3;1.100;245000
DOLX26P004825;BRBMEFVDY775;FINANCIAL;-;-;-;-;-;-;-;-;-;7,403;-;-;-;-;-;-;-
DOLX26P004850;BRBMEFVDY668;FINANCIAL;-;-;-;-;-;-;-;-;-;10,942;-;-;-;-;-;-;-
DOLX26P004875;BRBMEFVDY783;FINANCIAL;-;-;-;-;-;-;-;-;-;15,497;-;-;-;-;-;-;-
DOLX26P004900;BRBMEFVDY676;FINANCIAL;24,95;19;24,95;23,576;19;-5;-;-;-;21,306;-;-;-;-;2;1.300;1532500
DOLX26P004925;BRBMEFVDY791;FINANCIAL;-;-;-;-;-;-;-;-;-;28,372;-;-;-;-;-;-;-
DOLX26P004950;BRBMEFVDY684;FINANCIAL;-;-;-;-;-;-;-;-;-;36,879;-;-;-;-;-;-;-
DOLX26P004975;BRBMEFVDY7A6;FINANCIAL;-;-;-;-;-;-;-;-;-;46,824;-;-;-;-;-;-;-
DOLX26P005000;BRBMEFVDY692;FINANCIAL;57,5;57,5;57,5;57,5;57,5;-24,34;-;-;-;58,207;-;-;-;-;1;150;431250
DOLX26P005025;BRBMEFVDY7B4;FINANCIAL;-;-;-;-;-;-;-;-;-;70,941;-;-;-;-;-;-;-
DOLX26P005050;BRBMEFVDY6A8;FINANCIAL;-;-;-;-;-;-;-;-;-;84,964;-;-;-;-;-;-;-
DOLX26P005075;BRBMEFVDY7C2;FINANCIAL;-;-;-;-;-;-;-;-;-;100,245;-;-;-;-;-;-;-
DOLX26P005100;BRBMEFVDY6B6;FINANCIAL;-;-;-;-;-;-;-;-;-;116,641;-;-;-;-;-;-;-
DOLX26P005125;BRBMEFVDY7D0;FINANCIAL;-;-;-;-;-;-;-;-;-;134,054;-;-;-;-;-;-;-
DOLX26P005150;BRBMEFVDY6C4;FINANCIAL;-;-;-;-;-;-;-;-;-;152,387;-;-;-;-;-;-;-
DOLX26P005175;BRBMEFVDY7E8;FINANCIAL;-;-;-;-;-;-;-;-;-;171,585;-;-;-;-;-;-;-
DOLX26P005200;BRBMEFVDY6D2;FINANCIAL;-;-;-;-;-;-;-;-;-;191,508;-;-;-;-;-;-;-
DOLX26P005225;BRBMEFVDY7F5;FINANCIAL;-;-;-;-;-;-;-;-;-;211,96;-;-;-;-;-;-;-
DOLX26P005250;BRBMEFVDY6E0;FINANCIAL;-;-;-;-;-;-;-;-;-;232,988;-;-;-;-;-;-;-
DOLX26P005275;BRBMEFVDY7G3;FINANCIAL;-;-;-;-;-;-;-;-;-;254,555;-;-;-;-;-;-;-
DOLX26P005300;BRBMEFVDY6F7;FINANCIAL;-;-;-;-;-;-;-;-;-;276,557;-;-;-;-;-;-;-
DOLX26P005325;BRBMEFVDY7H1;FINANCIAL;-;-;-;-;-;-;-;-;-;298,966;-;-;-;-;-;-;-
DOLX26P005350;BRBMEFVDY6G5;FINANCIAL;-;-;-;-;-;-;-;-;-;321,698;-;-;-;-;-;-;-
DOLX26P005375;BRBMEFVDY7I9;FINANCIAL;-;-;-;-;-;-;-;-;-;344,733;-;-;-;-;-;-;-
DOLX26P005400;BRBMEFVDY6H3;FINANCIAL;-;-;-;-;-;-;-;-;-;368,047;-;-;-;-;-;-;-
DOLX26P005425;BRBMEFVDY7J7;FINANCIAL;-;-;-;-;-;-;-;-;-;391,578;-;-;-;-;-;-;-
DOLX26P005450;BRBMEFVDY6I1;FINANCIAL;-;-;-;-;-;-;-;-;-;415,292;-;-;-;-;-;-;-
DOLX26P005475;BRBMEFVDY7K5;FINANCIAL;-;-;-;-;-;-;-;-;-;439,163;-;-;-;-;-;-;-
DOLX26P005500;BRBMEFVDY6J9;FINANCIAL;-;-;-;-;-;-;-;-;-;463,166;-;-;-;-;-;-;-
DOLX26P005525;BRBMEFVDY7L3;FINANCIAL;-;-;-;-;-;-;-;-;-;487,269;-;-;-;-;-;-;-
DOLX26P005550;BRBMEFVDY6K7;FINANCIAL;-;-;-;-;-;-;-;-;-;511,393;-;-;-;-;-;-;-
DOLX26P005575;BRBMEFVDY7M1;FINANCIAL;-;-;-;-;-;-;-;-;-;535,453;-;-;-;-;-;-;-
DOLX26P005600;BRBMEFVDY6L5;FINANCIAL;-;-;-;-;-;-;-;-;-;559,613;-;-;-;-;-;-;-
DOLX26P005625;BRBMEFVDY7N9;FINANCIAL;-;-;-;-;-;-;-;-;-;583,869;-;-;-;-;-;-;-
DOLX26P005650;BRBMEFVDY6M3;FINANCIAL;-;-;-;-;-;-;-;-;-;608,198;-;-;-;-;-;-;-
DOLX26P005675;BRBMEFVDY7O7;FINANCIAL;-;-;-;-;-;-;-;-;-;632,589;-;-;-;-;-;-;-
DOLX26P005700;BRBMEFVDY6N1;FINANCIAL;-;-;-;-;-;-;-;-;-;657,035;-;-;-;-;-;-;-
DOLX26P005725;BRBMEFVDY7P4;FINANCIAL;-;-;-;-;-;-;-;-;-;681,528;-;-;-;-;-;-;-
DOLX26P005750;BRBMEFVDY6O9;FINANCIAL;-;-;-;-;-;-;-;-;-;706,067;-;-;-;-;-;-;-
DOLX26P005775;BRBMEFVDY7U4;FINANCIAL;-;-;-;-;-;-;-;-;-;730,639;-;-;-;-;-;-;-
DOLX26P005800;BRBMEFVDY6P6;FINANCIAL;-;-;-;-;-;-;-;-;-;755,241;-;-;-;-;-;-;-
DOLX26P005825;BRBMEFVDY7V2;FINANCIAL;-;-;-;-;-;-;-;-;-;779,868;-;-;-;-;-;-;-
DOLX26P005850;BRBMEFVDY6Q4;FINANCIAL;-;-;-;-;-;-;-;-;-;804,521;-;-;-;-;-;-;-
DOLX26P005875;BRBMEFVDY7W0;FINANCIAL;-;-;-;-;-;-;-;-;-;829,148;-;-;-;-;-;-;-
DOLX26P005900;BRBMEFVDY6R2;FINANCIAL;-;-;-;-;-;-;-;-;-;853,774;-;-;-;-;-;-;-
DOLX26P005925;BRBMEFVDY7X8;FINANCIAL;-;-;-;-;-;-;-;-;-;878,429;-;-;-;-;-;-;-
DOLX26P005950;BRBMEFVDY6S0;FINANCIAL;-;-;-;-;-;-;-;-;-;903,109;-;-;-;-;-;-;-
DOLX26P005975;BRBMEFVDY7Y6;FINANCIAL;-;-;-;-;-;-;-;-;-;927,81;-;-;-;-;-;-;-
DOLX26P006000;BRBMEFVDY6T8;FINANCIAL;-;-;-;-;-;-;-;-;-;952,528;-;-;-;-;-;-;-
DOLX26P006050;BRBMEFVDY6U6;FINANCIAL;-;-;-;-;-;-;-;-;-;1002,005;-;-;-;-;-;-;-
DOLX26P006100;BRBMEFVDY6V4;FINANCIAL;-;-;-;-;-;-;-;-;-;1051,521;-;-;-;-;-;-;-
DOLX26P006150;BRBMEFVDY6W2;FINANCIAL;-;-;-;-;-;-;-;-;-;1101,065;-;-;-;-;-;-;-
DOLX26P006200;BRBMEFVDY6X0;FINANCIAL;-;-;-;-;-;-;-;-;-;1150,627;-;-;-;-;-;-;-
DOLX26P006250;BRBMEFVDY6Y8;FINANCIAL;-;-;-;-;-;-;-;-;-;1200,201;-;-;-;-;-;-;-
DOLX26P006300;BRBMEFVDY6Z5;FINANCIAL;-;-;-;-;-;-;-;-;-;1249,782;-;-;-;-;-;-;-
DOLX26P006350;BRBMEFVDY700;FINANCIAL;-;-;-;-;-;-;-;-;-;1299,369;-;-;-;-;-;-;-
DOLX26P006400;BRBMEFVDY718;FINANCIAL;-;-;-;-;-;-;-;-;-;1348,959;-;-;-;-;-;-;-
DOLX26P006450;BRBMEFVDY726;FINANCIAL;-;-;-;-;-;-;-;-;-;1398,551;-;-;-;-;-;-;-
DOLX26P006500;BRBMEFVDY734;FINANCIAL;-;-;-;-;-;-;-;-;-;1448,144;-;-;-;-;-;-;-
DOLX26P006750;BRBMEFVDY742;FINANCIAL;-;-;-;-;-;-;-;-;-;1696,118;-;-;-;-;-;-;-
DOLZ26C004100;BRBMEFD104P6;FINANCIAL;-;-;-;-;-;-;-;-;-;950,425;-;-;-;-;-;-;-
DOLZ26C004150;BRBMEFD10523;FINANCIAL;-;-;-;-;-;-;-;-;-;901,299;-;-;-;-;-;-;-
DOLZ26C004200;BRBMEFD104Q4;FINANCIAL;-;-;-;-;-;-;-;-;-;852,174;-;-;-;-;-;-;-
DOLZ26C004250;BRBMEFD10531;FINANCIAL;-;-;-;-;-;-;-;-;-;803,049;-;-;-;-;-;-;-
DOLZ26C004300;BRBMEFD104R2;FINANCIAL;-;-;-;-;-;-;-;-;-;753,927;-;-;-;-;-;-;-
DOLZ26C004350;BRBMEFD10549;FINANCIAL;-;-;-;-;-;-;-;-;-;704,811;-;-;-;-;-;-;-
DOLZ26C004400;BRBMEFD104S0;FINANCIAL;-;-;-;-;-;-;-;-;-;655,713;-;-;-;-;-;-;-
DOLZ26C004450;BRBMEFD10556;FINANCIAL;-;-;-;-;-;-;-;-;-;606,652;-;-;-;-;-;-;-
DOLZ26C004500;BRBMEFD104T8;FINANCIAL;-;-;-;-;-;-;-;-;-;557,67;-;-;-;-;-;-;-
DOLZ26C004550;BRBMEFD10564;FINANCIAL;-;-;-;-;-;-;-;-;-;508,843;-;-;-;-;-;-;-
DOLZ26C004575;BRBMEFD106I6;FINANCIAL;-;-;-;-;-;-;-;-;-;484,53;-;-;-;-;-;-;-
DOLZ26C004600;BRBMEFD104U6;FINANCIAL;-;-;-;-;-;-;-;-;-;460,341;-;-;-;-;-;-;-
DOLZ26C004625;BRBMEFD106J4;FINANCIAL;-;-;-;-;-;-;-;-;-;436,301;-;-;-;-;-;-;-
DOLZ26C004650;BRBMEFD10572;FINANCIAL;-;-;-;-;-;-;-;-;-;412,437;-;-;-;-;-;-;-
DOLZ26C004675;BRBMEFD106K2;FINANCIAL;-;-;-;-;-;-;-;-;-;388,815;-;-;-;-;-;-;-
DOLZ26C004700;BRBMEFD104V4;FINANCIAL;-;-;-;-;-;-;-;-;-;365,483;-;-;-;-;-;-;-
DOLZ26C004725;BRBMEFD106L0;FINANCIAL;-;-;-;-;-;-;-;-;-;342,637;-;-;-;-;-;-;-
DOLZ26C004750;BRBMEFD10580;FINANCIAL;-;-;-;-;-;-;-;-;-;320,289;-;-;-;-;-;-;-
DOLZ26C004775;BRBMEFD106M8;FINANCIAL;-;-;-;-;-;-;-;-;-;298,531;-;-;-;-;-;-;-
DOLZ26C004800;BRBMEFD104W2;FINANCIAL;-;-;-;-;-;-;-;-;-;277,758;-;-;-;-;-;-;-
DOLZ26C004825;BRBMEFD106N6;FINANCIAL;-;-;-;-;-;-;-;-;-;257,801;-;-;-;-;-;-;-
DOLZ26C004850;BRBMEFD10598;FINANCIAL;-;-;-;-;-;-;-;-;-;238,772;-;-;-;-;-;-;-
DOLZ26C004875;BRBMEFD106O4;FINANCIAL;-;-;-;-;-;-;-;-;-;220,737;-;-;-;-;-;-;-
DOLZ26C004900;BRBMEFD103J1;FINANCIAL;-;-;-;-;-;-;-;-;-;203,686;-;-;-;-;-;-;-
DOLZ26C004925;BRBMEFD106P1;FINANCIAL;-;-;-;-;-;-;-;-;-;187,639;-;-;-;-;-;-;-
DOLZ26C004950;BRBMEFD104O9;FINANCIAL;-;-;-;-;-;-;-;-;-;172,666;-;-;-;-;-;-;-
DOLZ26C004975;BRBMEFD106Q9;FINANCIAL;-;-;-;-;-;-;-;-;-;158,698;-;-;-;-;-;-;-
DOLZ26C005000;BRBMEFD10465;FINANCIAL;-;-;-;-;-;-;-;-;-;145,644;-;-;-;-;-;-;-
DOLZ26C005025;BRBMEFD106R7;FINANCIAL;-;-;-;-;-;-;-;-;-;133,541;-;-;-;-;-;-;-
DOLZ26C005050;BRBMEFD105A5;FINANCIAL;-;-;-;-;-;-;-;-;-;122,354;-;-;-;-;-;-;-
DOLZ26C005075;BRBMEFD106S5;FINANCIAL;-;-;-;-;-;-;-;-;-;112,041;-;-;-;-;-;-;-
DOLZ26C005100;BRBMEFD10481;FINANCIAL;-;-;-;-;-;-;-;-;-;102,482;-;-;-;-;-;-;-
DOLZ26C005125;BRBMEFD106T3;FINANCIAL;-;-;-;-;-;-;-;-;-;93,631;-;-;-;-;-;-;-
DOLZ26C005150;BRBMEFD104Y8;FINANCIAL;-;-;-;-;-;-;-;-;-;85,588;-;-;-;-;-;-;-
DOLZ26C005175;BRBMEFD106U1;FINANCIAL;-;-;-;-;-;-;-;-;-;78,299;-;-;-;-;-;-;-
DOLZ26C005200;BRBMEFD104Z5;FINANCIAL;-;-;-;-;-;-;-;-;-;71,437;-;-;-;-;-;-;-
DOLZ26C005225;BRBMEFD106V9;FINANCIAL;-;-;-;-;-;-;-;-;-;65,172;-;-;-;-;-;-;-
DOLZ26C005250;BRBMEFD104X0;FINANCIAL;-;-;-;-;-;-;-;-;-;59,458;-;-;-;-;-;-;-
DOLZ26C005275;BRBMEFD106W7;FINANCIAL;-;-;-;-;-;-;-;-;-;54,252;-;-;-;-;-;-;-
DOLZ26C005300;BRBMEFD10507;FINANCIAL;-;-;-;-;-;-;-;-;-;49,574;-;-;-;-;-;-;-
DOLZ26C005325;BRBMEFD106X5;FINANCIAL;-;-;-;-;-;-;-;-;-;45,205;-;-;-;-;-;-;-
DOLZ26C005350;BRBMEFD104N1;FINANCIAL;-;-;-;-;-;-;-;-;-;41,068;-;-;-;-;-;-;-
DOLZ26C005375;BRBMEFD106Y3;FINANCIAL;-;-;-;-;-;-;-;-;-;37,415;-;-;-;-;-;-;-
DOLZ26C005400;BRBMEFD103K9;FINANCIAL;-;-;-;-;-;-;-;-;-;34,048;-;-;-;-;-;-;-
DOLZ26C005425;BRBMEFD106Z0;FINANCIAL;-;-;-;-;-;-;-;-;-;30,992;-;-;-;-;-;-;-
DOLZ26C005450;BRBMEFD10515;FINANCIAL;-;-;-;-;-;-;-;-;-;28,266;-;-;-;-;-;-;-
DOLZ26C005475;BRBMEFD10705;FINANCIAL;-;-;-;-;-;-;-;-;-;25,793;-;-;-;-;-;-;-
DOLZ26C005500;BRBMEFD10473;FINANCIAL;-;-;-;-;-;-;-;-;-;23,551;-;-;-;-;-;-;-
DOLZ26C005525;BRBMEFD10713;FINANCIAL;-;-;-;-;-;-;-;-;-;21,517;-;-;-;-;-;-;-
DOLZ26C005550;BRBMEFD10499;FINANCIAL;-;-;-;-;-;-;-;-;-;19,709;-;-;-;-;-;-;-
DOLZ26C005575;BRBMEFD10721;FINANCIAL;-;-;-;-;-;-;-;-;-;18,068;-;-;-;-;-;-;-
DOLZ26C005600;BRBMEFD104A8;FINANCIAL;-;-;-;-;-;-;-;-;-;16,578;-;-;-;-;-;-;-
DOLZ26C005625;BRBMEFD10739;FINANCIAL;-;-;-;-;-;-;-;-;-;15,225;-;-;-;-;-;-;-
DOLZ26C005650;BRBMEFD105B3;FINANCIAL;-;-;-;-;-;-;-;-;-;13,996;-;-;-;-;-;-;-
DOLZ26C005675;BRBMEFD10747;FINANCIAL;-;-;-;-;-;-;-;-;-;12,905;-;-;-;-;-;-;-
DOLZ26C005700;BRBMEFD104B6;FINANCIAL;-;-;-;-;-;-;-;-;-;11,888;-;-;-;-;-;-;-
DOLZ26C005725;BRBMEFD10754;FINANCIAL;-;-;-;-;-;-;-;-;-;10,985;-;-;-;-;-;-;-
DOLZ26C005750;BRBMEFD105C1;FINANCIAL;-;-;-;-;-;-;-;-;-;10,162;-;-;-;-;-;-;-
DOLZ26C005775;BRBMEFD10762;FINANCIAL;-;-;-;-;-;-;-;-;-;9,433;-;-;-;-;-;-;-
DOLZ26C005800;BRBMEFD104C4;FINANCIAL;-;-;-;-;-;-;-;-;-;8,747;-;-;-;-;-;-;-
DOLZ26C005825;BRBMEFD10770;FINANCIAL;-;-;-;-;-;-;-;-;-;8,102;-;-;-;-;-;-;-
DOLZ26C005850;BRBMEFD105D9;FINANCIAL;-;-;-;-;-;-;-;-;-;7,353;-;-;-;-;-;-;-
DOLZ26C005875;BRBMEFD10788;FINANCIAL;-;-;-;-;-;-;-;-;-;6,675;-;-;-;-;-;-;-
DOLZ26C005900;BRBMEFD104D2;FINANCIAL;-;-;-;-;-;-;-;-;-;6,061;-;-;-;-;-;-;-
DOLZ26C005925;BRBMEFD10796;FINANCIAL;-;-;-;-;-;-;-;-;-;5,504;-;-;-;-;-;-;-
DOLZ26C005950;BRBMEFD105E7;FINANCIAL;-;-;-;-;-;-;-;-;-;5,001;-;-;-;-;-;-;-
DOLZ26C005975;BRBMEFD107A1;FINANCIAL;-;-;-;-;-;-;-;-;-;4,545;-;-;-;-;-;-;-
DOLZ26C006000;BRBMEFD104E0;FINANCIAL;-;-;-;-;-;-;-;-;-;4,143;-;-;-;-;-;-;-
DOLZ26C006050;BRBMEFD105F4;FINANCIAL;-;-;-;-;-;-;-;-;-;3,438;-;-;-;-;-;-;-
DOLZ26C006100;BRBMEFD104F7;FINANCIAL;-;-;-;-;-;-;-;-;-;2,858;-;-;-;-;-;-;-
DOLZ26C006150;BRBMEFD105G2;FINANCIAL;-;-;-;-;-;-;-;-;-;2,381;-;-;-;-;-;-;-
DOLZ26C006200;BRBMEFD105H0;FINANCIAL;-;-;-;-;-;-;-;-;-;1,994;-;-;-;-;-;-;-
DOLZ26C006250;BRBMEFD105I8;FINANCIAL;-;-;-;-;-;-;-;-;-;1,674;-;-;-;-;-;-;-
DOLZ26C006300;BRBMEFD105J6;FINANCIAL;-;-;-;-;-;-;-;-;-;1,372;-;-;-;-;-;-;-
DOLZ26C006350;BRBMEFD105K4;FINANCIAL;-;-;-;-;-;-;-;-;-;1,056;-;-;-;-;-;-;-
DOLZ26C006400;BRBMEFD105L2;FINANCIAL;-;-;-;-;-;-;-;-;-;0,809;-;-;-;-;-;-;-
DOLZ26C006450;BRBMEFD105M0;FINANCIAL;-;-;-;-;-;-;-;-;-;0,617;-;-;-;-;-;-;-
DOLZ26C006500;BRBMEFD105N8;FINANCIAL;-;-;-;-;-;-;-;-;-;0,469;-;-;-;-;-;-;-
DOLZ26C006550;BRBMEFD105O6;FINANCIAL;-;-;-;-;-;-;-;-;-;0,355;-;-;-;-;-;-;-
DOLZ26C006600;BRBMEFD105P3;FINANCIAL;-;-;-;-;-;-;-;-;-;0,268;-;-;-;-;-;-;-
DOLZ26C006650;BRBMEFD105Q1;FINANCIAL;-;-;-;-;-;-;-;-;-;0,201;-;-;-;-;-;-;-
DOLZ26C006700;BRBMEFD105R9;FINANCIAL;-;-;-;-;-;-;-;-;-;0,15;-;-;-;-;-;-;-
DOLZ26C006750;BRBMEFD105S7;FINANCIAL;-;-;-;-;-;-;-;-;-;0,112;-;-;-;-;-;-;-
DOLZ26C006800;BRBMEFD105T5;FINANCIAL;-;-;-;-;-;-;-;-;-;0,083;-;-;-;-;-;-;-
DOLZ26C006850;BRBMEFD105U3;FINANCIAL;-;-;-;-;-;-;-;-;-;0,061;-;-;-;-;-;-;-
DOLZ26C006900;BRBMEFD105V1;FINANCIAL;-;-;-;-;-;-;-;-;-;0,045;-;-;-;-;-;-;-
DOLZ26C006950;BRBMEFD105W9;FINANCIAL;-;-;-;-;-;-;-;-;-;0,033;-;-;-;-;-;-;-
DOLZ26C007000;BRBMEFD105X7;FINANCIAL;-;-;-;-;-;-;-;-;-;0,024;-;-;-;-;-;-;-
DOLZ26C007050;BRBMEFD105Y5;FINANCIAL;-;-;-;-;-;-;-;-;-;0,018;-;-;-;-;-;-;-
DOLZ26C007100;BRBMEFD105Z2;FINANCIAL;-;-;-;-;-;-;-;-;-;0,013;-;-;-;-;-;-;-
DOLZ26C007150;BRBMEFD10606;FINANCIAL;-;-;-;-;-;-;-;-;-;0,009;-;-;-;-;-;-;-
DOLZ26C007200;BRBMEFD10614;FINANCIAL;-;-;-;-;-;-;-;-;-;0,007;-;-;-;-;-;-;-
DOLZ26C007250;BRBMEFD10622;FINANCIAL;-;-;-;-;-;-;-;-;-;0,005;-;-;-;-;-;-;-
DOLZ26C007300;BRBMEFD10630;FINANCIAL;-;-;-;-;-;-;-;-;-;0,003;-;-;-;-;-;-;-
DOLZ26C007350;BRBMEFD10648;FINANCIAL;-;-;-;-;-;-;-;-;-;0,002;-;-;-;-;-;-;-
DOLZ26C007400;BRBMEFD10655;FINANCIAL;-;-;-;-;-;-;-;-;-;0,002;-;-;-;-;-;-;-
DOLZ26C007450;BRBMEFD10663;FINANCIAL;-;-;-;-;-;-;-;-;-;0,001;-;-;-;-;-;-;-
DOLZ26C007500;BRBMEFD10671;FINANCIAL;-;-;-;-;-;-;-;-;-;0,001;-;-;-;-;-;-;-
DOLZ26C007550;BRBMEFD10689;FINANCIAL;-;-;-;-;-;-;-;-;-;0,001;-;-;-;-;-;-;-
DOLZ26C007600;BRBMEFD10697;FINANCIAL;-;-;-;-;-;-;-;-;-;0,001;-;-;-;-;-;-;-
DOLZ26C007650;BRBMEFD106A3;FINANCIAL;-;-;-;-;-;-;-;-;-;0,001;-;-;-;-;-;-;-
DOLZ26C007700;BRBMEFD106B1;FINANCIAL;-;-;-;-;-;-;-;-;-;0,001;-;-;-;-;-;-;-
DOLZ26C007750;BRBMEFD106C9;FINANCIAL;-;-;-;-;-;-;-;-;-;0,001;-;-;-;-;-;-;-
DOLZ26C007800;BRBMEFD106D7;FINANCIAL;-;-;-;-;-;-;-;-;-;0,001;-;-;-;-;-;-;-
DOLZ26C007850;BRBMEFD106E5;FINANCIAL;-;-;-;-;-;-;-;-;-;0,001;-;-;-;-;-;-;-
DOLZ26C007900;BRBMEFD106F2;FINANCIAL;-;-;-;-;-;-;-;-;-;0,001;-;-;-;-;-;-;-
DOLZ26C007950;BRBMEFD106G0;FINANCIAL;-;-;-;-;-;-;-;-;-;0,001;-;-;-;-;-;-;-
DOLZ26C008000;BRBMEFD106H8;FINANCIAL;-;-;-;-;-;-;-;-;-;0,001;-;-;-;-;-;-;-
DOLZ26P004100;BRBMEFD204O7;FINANCIAL;-;-;-;-;-;-;-;-;-;0,001;-;-;-;-;-;-;-
DOLZ26P004150;BRBMEFD20514;FINANCIAL;-;-;-;-;-;-;-;-;-;0,001;-;-;-;-;-;-;-
DOLZ26P004200;BRBMEFD204P4;FINANCIAL;-;-;-;-;-;-;-;-;-;0,001;-;-;-;-;-;-;-
DOLZ26P004250;BRBMEFD20522;FINANCIAL;-;-;-;-;-;-;-;-;-;0,002;-;-;-;-;-;-;-
DOLZ26P004300;BRBMEFD204Q2;FINANCIAL;-;-;-;-;-;-;-;-;-;0,006;-;-;-;-;-;-;-
DOLZ26P004350;BRBMEFD20530;FINANCIAL;-;-;-;-;-;-;-;-;-;0,017;-;-;-;-;-;-;-
DOLZ26P004400;BRBMEFD204R0;FINANCIAL;-;-;-;-;-;-;-;-;-;0,044;-;-;-;-;-;-;-
DOLZ26P004450;BRBMEFD20548;FINANCIAL;-;-;-;-;-;-;-;-;-;0,109;-;-;-;-;-;-;-
DOLZ26P004500;BRBMEFD204S8;FINANCIAL;-;-;-;-;-;-;-;-;-;0,253;-;-;-;-;-;-;-
DOLZ26P004550;BRBMEFD20555;FINANCIAL;-;-;-;-;-;-;-;-;-;0,553;-;-;-;-;-;-;-
DOLZ26P004575;BRBMEFD206H6;FINANCIAL;-;-;-;-;-;-;-;-;-;0,803;-;-;-;-;-;-;-
DOLZ26P004600;BRBMEFD204T6;FINANCIAL;-;-;-;-;-;-;-;-;-;1,176;-;-;-;-;-;-;-
DOLZ26P004625;BRBMEFD206I4;FINANCIAL;-;-;-;-;-;-;-;-;-;1,7;-;-;-;-;-;-;-
DOLZ26P004650;BRBMEFD20563;FINANCIAL;-;-;-;-;-;-;-;-;-;2,399;-;-;-;-;-;-;-
DOLZ26P004675;BRBMEFD206J2;FINANCIAL;-;-;-;-;-;-;-;-;-;3,34;-;-;-;-;-;-;-
DOLZ26P004700;BRBMEFD204U4;FINANCIAL;-;-;-;-;-;-;-;-;-;4,571;-;-;-;-;-;-;-
DOLZ26P004725;BRBMEFD206K0;FINANCIAL;-;-;-;-;-;-;-;-;-;6,288;-;-;-;-;-;-;-
DOLZ26P004750;BRBMEFD20571;FINANCIAL;6;6;7;6,5;7;-57,05;-;-;-;8,503;-;-;-;-;2;30;9750
DOLZ26P004775;BRBMEFD206L8;FINANCIAL;-;-;-;-;-;-;-;-;-;11,308;-;-;-;-;-;-;-
DOLZ26P004800;BRBMEFD204V2;FINANCIAL;-;-;-;-;-;-;-;-;-;15,098;-;-;-;-;-;-;-
DOLZ26P004825;BRBMEFD206M6;FINANCIAL;-;-;-;-;-;-;-;-;-;19,704;-;-;-;-;-;-;-
DOLZ26P004850;BRBMEFD20589;FINANCIAL;30;26;30;28;26;-13,33;-;-;-;25,238;-;-;-;-;2;30;42000
DOLZ26P004875;BRBMEFD206N4;FINANCIAL;-;-;-;-;-;-;-;-;-;31,766;-;-;-;-;-;-;-
DOLZ26P004900;BRBMEFD203I1;FINANCIAL;-;-;-;-;-;-;-;-;-;39,279;-;-;-;-;-;-;-
DOLZ26P004925;BRBMEFD206O2;FINANCIAL;-;-;-;-;-;-;-;-;-;47,794;-;-;-;-;-;-;-
DOLZ26P004950;BRBMEFD204N9;FINANCIAL;-;-;-;-;-;-;-;-;-;57,384;-;-;-;-;-;-;-
DOLZ26P004975;BRBMEFD206P9;FINANCIAL;-;-;-;-;-;-;-;-;-;67,98;-;-;-;-;-;-;-
DOLZ26P005000;BRBMEFD20456;FINANCIAL;-;-;-;-;-;-;-;-;-;79,489;-;-;-;-;-;-;-
DOLZ26P005025;BRBMEFD206Q7;FINANCIAL;-;-;-;-;-;-;-;-;-;91,949;-;-;-;-;-;-;-
DOLZ26P005050;BRBMEFD20597;FINANCIAL;-;-;-;-;-;-;-;-;-;105,325;-;-;-;-;-;-;-
DOLZ26P005075;BRBMEFD206R5;FINANCIAL;-;-;-;-;-;-;-;-;-;119,575;-;-;-;-;-;-;-
DOLZ26P005100;BRBMEFD20472;FINANCIAL;-;-;-;-;-;-;-;-;-;134,579;-;-;-;-;-;-;-
DOLZ26P005125;BRBMEFD206S3;FINANCIAL;-;-;-;-;-;-;-;-;-;150,291;-;-;-;-;-;-;-
DOLZ26P005150;BRBMEFD204X8;FINANCIAL;-;-;-;-;-;-;-;-;-;166,811;-;-;-;-;-;-;-
DOLZ26P005175;BRBMEFD206T1;FINANCIAL;-;-;-;-;-;-;-;-;-;184,086;-;-;-;-;-;-;-
DOLZ26P005200;BRBMEFD204Y6;FINANCIAL;-;-;-;-;-;-;-;-;-;201,787;-;-;-;-;-;-;-
DOLZ26P005225;BRBMEFD206U9;FINANCIAL;-;-;-;-;-;-;-;-;-;220,084;-;-;-;-;-;-;-
DOLZ26P005250;BRBMEFD204W0;FINANCIAL;-;-;-;-;-;-;-;-;-;238,933;-;-;-;-;-;-;-
DOLZ26P005275;BRBMEFD206V7;FINANCIAL;-;-;-;-;-;-;-;-;-;258,291;-;-;-;-;-;-;-
DOLZ26P005300;BRBMEFD204Z3;FINANCIAL;-;-;-;-;-;-;-;-;-;278,176;-;-;-;-;-;-;-
DOLZ26P005325;BRBMEFD206W5;FINANCIAL;-;-;-;-;-;-;-;-;-;298,37;-;-;-;-;-;-;-
DOLZ26P005350;BRBMEFD204M1;FINANCIAL;-;-;-;-;-;-;-;-;-;318,796;-;-;-;-;-;-;-
DOLZ26P005375;BRBMEFD206X3;FINANCIAL;-;-;-;-;-;-;-;-;-;339,706;-;-;-;-;-;-;-
DOLZ26P005400;BRBMEFD203J9;FINANCIAL;-;-;-;-;-;-;-;-;-;360,902;-;-;-;-;-;-;-
DOLZ26P005425;BRBMEFD206Y1;FINANCIAL;-;-;-;-;-;-;-;-;-;382,41;-;-;-;-;-;-;-
DOLZ26P005450;BRBMEFD20506;FINANCIAL;-;-;-;-;-;-;-;-;-;404,246;-;-;-;-;-;-;-
DOLZ26P005475;BRBMEFD206Z8;FINANCIAL;-;-;-;-;-;-;-;-;-;426,336;-;-;-;-;-;-;-
DOLZ26P005500;BRBMEFD20464;FINANCIAL;-;-;-;-;-;-;-;-;-;448,657;-;-;-;-;-;-;-
DOLZ26P005525;BRBMEFD20704;FINANCIAL;-;-;-;-;-;-;-;-;-;471,187;-;-;-;-;-;-;-
DOLZ26P005550;BRBMEFD20480;FINANCIAL;-;-;-;-;-;-;-;-;-;493,941;-;-;-;-;-;-;-
DOLZ26P005575;BRBMEFD20712;FINANCIAL;-;-;-;-;-;-;-;-;-;516,863;-;-;-;-;-;-;-
DOLZ26P005600;BRBMEFD20498;FINANCIAL;-;-;-;-;-;-;-;-;-;539,936;-;-;-;-;-;-;-
DOLZ26P005625;BRBMEFD20720;FINANCIAL;-;-;-;-;-;-;-;-;-;563,147;-;-;-;-;-;-;-
DOLZ26P005650;BRBMEFD205A3;FINANCIAL;-;-;-;-;-;-;-;-;-;586,481;-;-;-;-;-;-;-
DOLZ26P005675;BRBMEFD20738;FINANCIAL;-;-;-;-;-;-;-;-;-;609,953;-;-;-;-;-;-;-
DOLZ26P005700;BRBMEFD204A6;FINANCIAL;-;-;-;-;-;-;-;-;-;633,498;-;-;-;-;-;-;-
DOLZ26P005725;BRBMEFD20746;FINANCIAL;-;-;-;-;-;-;-;-;-;657,159;-;-;-;-;-;-;-
DOLZ26P005750;BRBMEFD205B1;FINANCIAL;-;-;-;-;-;-;-;-;-;680,899;-;-;-;-;-;-;-
DOLZ26P005775;BRBMEFD20753;FINANCIAL;-;-;-;-;-;-;-;-;-;704,733;-;-;-;-;-;-;-
DOLZ26P005800;BRBMEFD204B4;FINANCIAL;-;-;-;-;-;-;-;-;-;728,61;-;-;-;-;-;-;-
DOLZ26P005825;BRBMEFD20761;FINANCIAL;-;-;-;-;-;-;-;-;-;752,528;-;-;-;-;-;-;-
DOLZ26P005850;BRBMEFD205C9;FINANCIAL;-;-;-;-;-;-;-;-;-;776,342;-;-;-;-;-;-;-
DOLZ26P005875;BRBMEFD20779;FINANCIAL;-;-;-;-;-;-;-;-;-;800,227;-;-;-;-;-;-;-
DOLZ26P005900;BRBMEFD204C2;FINANCIAL;-;-;-;-;-;-;-;-;-;824,176;-;-;-;-;-;-;-
DOLZ26P005925;BRBMEFD20787;FINANCIAL;-;-;-;-;-;-;-;-;-;848,183;-;-;-;-;-;-;-
DOLZ26P005950;BRBMEFD205D7;FINANCIAL;-;-;-;-;-;-;-;-;-;872,242;-;-;-;-;-;-;-
DOLZ26P005975;BRBMEFD20795;FINANCIAL;-;-;-;-;-;-;-;-;-;896,349;-;-;-;-;-;-;-
DOLZ26P006000;BRBMEFD204D0;FINANCIAL;-;-;-;-;-;-;-;-;-;920,51;-;-;-;-;-;-;-
DOLZ26P006050;BRBMEFD205E5;FINANCIAL;-;-;-;-;-;-;-;-;-;968,932;-;-;-;-;-;-;-
DOLZ26P006100;BRBMEFD204E8;FINANCIAL;-;-;-;-;-;-;-;-;-;1017,478;-;-;-;-;-;-;-
DOLZ26P006150;BRBMEFD205F2;FINANCIAL;-;-;-;-;-;-;-;-;-;1066,127;-;-;-;-;-;-;-
DOLZ26P006200;BRBMEFD205G0;FINANCIAL;-;-;-;-;-;-;-;-;-;1114,866;-;-;-;-;-;-;-
DOLZ26P006250;BRBMEFD205H8;FINANCIAL;-;-;-;-;-;-;-;-;-;1163,672;-;-;-;-;-;-;-
DOLZ26P006300;BRBMEFD205I6;FINANCIAL;-;-;-;-;-;-;-;-;-;1212,496;-;-;-;-;-;-;-
DOLZ26P006350;BRBMEFD205J4;FINANCIAL;-;-;-;-;-;-;-;-;-;1261,306;-;-;-;-;-;-;-
DOLZ26P006400;BRBMEFD205K2;FINANCIAL;-;-;-;-;-;-;-;-;-;1310,186;-;-;-;-;-;-;-
DOLZ26P006450;BRBMEFD205L0;FINANCIAL;-;-;-;-;-;-;-;-;-;1359,12;-;-;-;-;-;-;-
DOLZ26P006500;BRBMEFD205M8;FINANCIAL;-;-;-;-;-;-;-;-;-;1408,098;-;-;-;-;-;-;-
DOLZ26P006550;BRBMEFD205N6;FINANCIAL;-;-;-;-;-;-;-;-;-;1457,11;-;-;-;-;-;-;-
DOLZ26P006600;BRBMEFD205O4;FINANCIAL;-;-;-;-;-;-;-;-;-;1506,149;-;-;-;-;-;-;-
DOLZ26P006650;BRBMEFD205P1;FINANCIAL;-;-;-;-;-;-;-;-;-;1555,208;-;-;-;-;-;-;-
DOLZ26P006700;BRBMEFD205Q9;FINANCIAL;-;-;-;-;-;-;-;-;-;1604,284;-;-;-;-;-;-;-
DOLZ26P006750;BRBMEFD205R7;FINANCIAL;-;-;-;-;-;-;-;-;-;1653,371;-;-;-;-;-;-;-
DOLZ26P006800;BRBMEFD205S5;FINANCIAL;-;-;-;-;-;-;-;-;-;1702,469;-;-;-;-;-;-;-
DOLZ26P006850;BRBMEFD205T3;FINANCIAL;-;-;-;-;-;-;-;-;-;1751,573;-;-;-;-;-;-;-
DOLZ26P006900;BRBMEFD205U1;FINANCIAL;-;-;-;-;-;-;-;-;-;1800,683;-;-;-;-;-;-;-
DOLZ26P006950;BRBMEFD205V9;FINANCIAL;-;-;-;-;-;-;-;-;-;1849,797;-;-;-;-;-;-;-
DOLZ26P007000;BRBMEFD205W7;FINANCIAL;-;-;-;-;-;-;-;-;-;1898,914;-;-;-;-;-;-;-
DOLZ26P007050;BRBMEFD205X5;FINANCIAL;-;-;-;-;-;-;-;-;-;1948,034;-;-;-;-;-;-;-
DOLZ26P007100;BRBMEFD205Y3;FINANCIAL;-;-;-;-;-;-;-;-;-;1997,155;-;-;-;-;-;-;-
DOLZ26P007150;BRBMEFD205Z0;FINANCIAL;-;-;-;-;-;-;-;-;-;2046,278;-;-;-;-;-;-;-
DOLZ26P007200;BRBMEFD20605;FINANCIAL;-;-;-;-;-;-;-;-;-;2095,401;-;-;-;-;-;-;-
DOLZ26P007250;BRBMEFD20613;FINANCIAL;-;-;-;-;-;-;-;-;-;2144,526;-;-;-;-;-;-;-
DOLZ26P007300;BRBMEFD20621;FINANCIAL;-;-;-;-;-;-;-;-;-;2193,65;-;-;-;-;-;-;-
DOLZ26P007350;BRBMEFD20639;FINANCIAL;-;-;-;-;-;-;-;-;-;2242,776;-;-;-;-;-;-;-
DOLZ26P007400;BRBMEFD20647;FINANCIAL;-;-;-;-;-;-;-;-;-;2291,901;-;-;-;-;-;-;-
DOLZ26P007450;BRBMEFD20654;FINANCIAL;-;-;-;-;-;-;-;-;-;2341,027;-;-;-;-;-;-;-
DOLZ26P007500;BRBMEFD20662;FINANCIAL;-;-;-;-;-;-;-;-;-;2390,152;-;-;-;-;-;-;-
DOLZ26P007550;BRBMEFD20670;FINANCIAL;-;-;-;-;-;-;-;-;-;2439,278;-;-;-;-;-;-;-
DOLZ26P007600;BRBMEFD20688;FINANCIAL;-;-;-;-;-;-;-;-;-;2488,404;-;-;-;-;-;-;-
DOLZ26P007650;BRBMEFD20696;FINANCIAL;-;-;-;-;-;-;-;-;-;2537,53;-;-;-;-;-;-;-
DOLZ26P007700;BRBMEFD206A1;FINANCIAL;-;-;-;-;-;-;-;-;-;2586,656;-;-;-;-;-;-;-
DOLZ26P007750;BRBMEFD206B9;FINANCIAL;-;-;-;-;-;-;-;-;-;2635,782;-;-;-;-;-;-;-
DOLZ26P007800;BRBMEFD206C7;FINANCIAL;-;-;-;-;-;-;-;-;-;2684,908;-;-;-;-;-;-;-
DOLZ26P007850;BRBMEFD206D5;FINANCIAL;-;-;-;-;-;-;-;-;-;2734,034;-;-;-;-;-;-;-
DOLZ26P007900;BRBMEFD206E3;FINANCIAL;-;-;-;-;-;-;-;-;-;2783,161;-;-;-;-;-;-;-
DOLZ26P007950;BRBMEFD206F0;FINANCIAL;-;-;-;-;-;-;-;-;-;2832,287;-;-;-;-;-;-;-
DOLZ26P008000;BRBMEFD206G8;FINANCIAL;-;-;-;-;-;-;-;-;-;2881,413;-;-;-;-;-;-;-
WDOF27C005250;BRBMEF010C53;FINANCIAL;-;-;-;-;-;-;-;-;-;90,937;-;-;-;-;-;-;-
WDOF27C005300;BRBMEF010C79;FINANCIAL;-;-;-;-;-;-;-;-;-;78,515;-;-;-;-;-;-;-
WDOF27C005400;BRBMEF010C87;FINANCIAL;-;-;-;-;-;-;-;-;-;58,752;-;-;-;-;-;-;-
WDOF27C005800;BRBMEF010C61;FINANCIAL;-;-;-;-;-;-;-;-;-;18,527;-;-;-;-;-;-;-
WDOF27P005250;BRBMEF210C51;FINANCIAL;-;-;-;-;-;-;-;-;-;241,386;-;-;-;-;-;-;-
WDOF27P005300;BRBMEF210C77;FINANCIAL;-;-;-;-;-;-;-;-;-;277,558;-;-;-;-;-;-;-
WDOF27P005400;BRBMEF210C85;FINANCIAL;-;-;-;-;-;-;-;-;-;354,982;-;-;-;-;-;-;-
WDOF27P005800;BRBMEF210C69;FINANCIAL;-;-;-;-;-;-;-;-;-;703,505;-;-;-;-;-;-;-
WDOH27C005400;BRBMEF030AQ5;FINANCIAL;-;-;-;-;-;-;-;-;-;98,902;-;-;-;-;-;-;-
WDOH27C005750;BRBMEF030AP7;FINANCIAL;-;-;-;-;-;-;-;-;-;44,298;-;-;-;-;-;-;-
WDOH27P005400;BRBMEF930AQ6;FINANCIAL;-;-;-;-;-;-;-;-;-;339,581;-;-;-;-;-;-;-
WDOH27P005750;BRBMEF930AP8;FINANCIAL;-;-;-;-;-;-;-;-;-;618,879;-;-;-;-;-;-;-
WDOJ27C005950;BRBMEF040AF7;FINANCIAL;-;-;-;-;-;-;-;-;-;40,238;-;-;-;-;-;-;-
WDOJ27C006100;BRBMEF0409Q8;FINANCIAL;-;-;-;-;-;-;-;-;-;30,317;-;-;-;-;-;-;-
WDOJ27C006450;BRBMEF040AG5;FINANCIAL;-;-;-;-;-;-;-;-;-;16,63;-;-;-;-;-;-;-
WDOJ27P005950;BRBMEF940AF8;FINANCIAL;-;-;-;-;-;-;-;-;-;768,626;-;-;-;-;-;-;-
WDOJ27P006100;BRBMEF9409Q9;FINANCIAL;-;-;-;-;-;-;-;-;-;900,295;-;-;-;-;-;-;-
WDOJ27P006450;BRBMEF940AG6;FINANCIAL;-;-;-;-;-;-;-;-;-;1216,983;-;-;-;-;-;-;-
WDOX26C005000;BRBMEF0Y07T7;FINANCIAL;-;-;-;-;-;-;-;-;-;97,923;-;-;-;-;-;-;-
WDOX26C005050;BRBMEF0Y07U5;FINANCIAL;-;-;-;-;-;-;-;-;-;75,086;-;-;-;-;-;-;-
WDOX26C005100;BRBMEF0Y07V3;FINANCIAL;-;-;-;-;-;-;-;-;-;57,167;-;-;-;-;-;-;-
WDOX26C005150;BRBMEF0Y07W1;FINANCIAL;-;-;-;-;-;-;-;-;-;43,318;-;-;-;-;-;-;-
WDOX26C005175;BRBMEF0Y08C1;FINANCIAL;-;-;-;-;-;-;-;-;-;37,718;-;-;-;-;-;-;-
WDOX26C005200;BRBMEF0Y07S9;FINANCIAL;-;-;-;-;-;-;-;-;-;32,844;-;-;-;-;-;-;-
WDOX26C005225;BRBMEF0Y08D9;FINANCIAL;-;-;-;-;-;-;-;-;-;28,498;-;-;-;-;-;-;-
WDOX26C005250;BRBMEF0Y07R1;FINANCIAL;-;-;-;-;-;-;-;-;-;24,729;-;-;-;-;-;-;-
WDOX26C005275;BRBMEF0Y08E7;FINANCIAL;-;-;-;-;-;-;-;-;-;21,497;-;-;-;-;-;-;-
WDOX26C005300;BRBMEF0Y07X9;FINANCIAL;-;-;-;-;-;-;-;-;-;18,702;-;-;-;-;-;-;-
WDOX26C005325;BRBMEF0Y08F4;FINANCIAL;-;-;-;-;-;-;-;-;-;16,313;-;-;-;-;-;-;-
WDOX26C005350;BRBMEF0Y07Y7;FINANCIAL;-;-;-;-;-;-;-;-;-;14,248;-;-;-;-;-;-;-
WDOX26C005375;BRBMEF0Y08G2;FINANCIAL;-;-;-;-;-;-;-;-;-;12,485;-;-;-;-;-;-;-
WDOX26C005400;BRBMEF0Y07Z4;FINANCIAL;-;-;-;-;-;-;-;-;-;11,002;-;-;-;-;-;-;-
WDOX26C005425;BRBMEF0Y08H0;FINANCIAL;-;-;-;-;-;-;-;-;-;9,735;-;-;-;-;-;-;-
WDOX26C005450;BRBMEF0Y0802;FINANCIAL;-;-;-;-;-;-;-;-;-;8,651;-;-;-;-;-;-;-
WDOX26C005475;BRBMEF0Y08I8;FINANCIAL;-;-;-;-;-;-;-;-;-;7,725;-;-;-;-;-;-;-
WDOX26C005500;BRBMEF0Y0810;FINANCIAL;-;-;-;-;-;-;-;-;-;6,93;-;-;-;-;-;-;-
WDOX26C005550;BRBMEF0Y0828;FINANCIAL;-;-;-;-;-;-;-;-;-;5,562;-;-;-;-;-;-;-
WDOX26C005600;BRBMEF0Y0836;FINANCIAL;-;-;-;-;-;-;-;-;-;4,187;-;-;-;-;-;-;-
WDOX26C005650;BRBMEF0Y0844;FINANCIAL;-;-;-;-;-;-;-;-;-;3,176;-;-;-;-;-;-;-
WDOX26C005700;BRBMEF0Y0851;FINANCIAL;-;-;-;-;-;-;-;-;-;2,418;-;-;-;-;-;-;-
WDOX26C005750;BRBMEF0Y0869;FINANCIAL;-;-;-;-;-;-;-;-;-;1,854;-;-;-;-;-;-;-
WDOX26C005800;BRBMEF0Y0877;FINANCIAL;-;-;-;-;-;-;-;-;-;1,433;-;-;-;-;-;-;-
WDOX26C005850;BRBMEF0Y0885;FINANCIAL;-;-;-;-;-;-;-;-;-;1,118;-;-;-;-;-;-;-
WDOX26C005900;BRBMEF0Y0893;FINANCIAL;-;-;-;-;-;-;-;-;-;0,776;-;-;-;-;-;-;-
WDOX26C005950;BRBMEF0Y08A5;FINANCIAL;-;-;-;-;-;-;-;-;-;0,516;-;-;-;-;-;-;-
WDOX26C006000;BRBMEF0Y08B3;FINANCIAL;-;-;-;-;-;-;-;-;-;0,339;-;-;-;-;-;-;-
WDOX26P005000;BRBMEF2Y07T3;FINANCIAL;-;-;-;-;-;-;-;-;-;58,207;-;-;-;-;-;-;-
WDOX26P005050;BRBMEF2Y07U1;FINANCIAL;-;-;-;-;-;-;-;-;-;84,964;-;-;-;-;-;-;-
WDOX26P005100;BRBMEF2Y07V9;FINANCIAL;-;-;-;-;-;-;-;-;-;116,641;-;-;-;-;-;-;-
WDOX26P005150;BRBMEF2Y07W7;FINANCIAL;-;-;-;-;-;-;-;-;-;152,387;-;-;-;-;-;-;-
WDOX26P005175;BRBMEF2Y08C7;FINANCIAL;-;-;-;-;-;-;-;-;-;171,585;-;-;-;-;-;-;-
WDOX26P005200;BRBMEF2Y07S5;FINANCIAL;-;-;-;-;-;-;-;-;-;191,508;-;-;-;-;-;-;-
WDOX26P005225;BRBMEF2Y08D5;FINANCIAL;-;-;-;-;-;-;-;-;-;211,96;-;-;-;-;-;-;-
WDOX26P005250;BRBMEF2Y07R7;FINANCIAL;-;-;-;-;-;-;-;-;-;232,988;-;-;-;-;-;-;-
WDOX26P005275;BRBMEF2Y08E3;FINANCIAL;-;-;-;-;-;-;-;-;-;254,555;-;-;-;-;-;-;-
WDOX26P005300;BRBMEF2Y07X5;FINANCIAL;-;-;-;-;-;-;-;-;-;276,557;-;-;-;-;-;-;-
WDOX26P005325;BRBMEF2Y08F0;FINANCIAL;-;-;-;-;-;-;-;-;-;298,966;-;-;-;-;-;-;-
WDOX26P005350;BRBMEF2Y07Y3;FINANCIAL;-;-;-;-;-;-;-;-;-;321,698;-;-;-;-;-;-;-
WDOX26P005375;BRBMEF2Y08G8;FINANCIAL;-;-;-;-;-;-;-;-;-;344,733;-;-;-;-;-;-;-
WDOX26P005400;BRBMEF2Y07Z0;FINANCIAL;-;-;-;-;-;-;-;-;-;368,047;-;-;-;-;-;-;-
WDOX26P005425;BRBMEF2Y08H6;FINANCIAL;-;-;-;-;-;-;-;-;-;391,578;-;-;-;-;-;-;-
WDOX26P005450;BRBMEF2Y0800;FINANCIAL;-;-;-;-;-;-;-;-;-;415,292;-;-;-;-;-;-;-
WDOX26P005475;BRBMEF2Y08I4;FINANCIAL;-;-;-;-;-;-;-;-;-;439,163;-;-;-;-;-;-;-
WDOX26P005500;BRBMEF2Y0818;FINANCIAL;-;-;-;-;-;-;-;-;-;463,166;-;-;-;-;-;-;-
WDOX26P005550;BRBMEF2Y0826;FINANCIAL;-;-;-;-;-;-;-;-;-;511,393;-;-;-;-;-;-;-
WDOX26P005600;BRBMEF2Y0834;FINANCIAL;-;-;-;-;-;-;-;-;-;559,613;-;-;-;-;-;-;-
WDOX26P005650;BRBMEF2Y0842;FINANCIAL;-;-;-;-;-;-;-;-;-;608,198;-;-;-;-;-;-;-
WDOX26P005700;BRBMEF2Y0859;FINANCIAL;-;-;-;-;-;-;-;-;-;657,035;-;-;-;-;-;-;-
WDOX26P005750;BRBMEF2Y0867;FINANCIAL;-;-;-;-;-;-;-;-;-;706,067;-;-;-;-;-;-;-
WDOX26P005800;BRBMEF2Y0875;FINANCIAL;-;-;-;-;-;-;-;-;-;755,241;-;-;-;-;-;-;-
WDOX26P005850;BRBMEF2Y0883;FINANCIAL;-;-;-;-;-;-;-;-;-;804,521;-;-;-;-;-;-;-
WDOX26P005900;BRBMEF2Y0891;FINANCIAL;-;-;-;-;-;-;-;-;-;853,774;-;-;-;-;-;-;-
WDOX26P005950;BRBMEF2Y08A1;FINANCIAL;-;-;-;-;-;-;-;-;-;903,109;-;-;-;-;-;-;-
WDOX26P006000;BRBMEF2Y08B9;FINANCIAL;-;-;-;-;-;-;-;-;-;952,528;-;-;-;-;-;-;-
WDOZ26C005175;BRBMEF0Z08Q8;FINANCIAL;-;-;-;-;-;-;-;-;-;78,299;-;-;-;-;-;-;-
WDOZ26C005200;BRBMEF0Z08R6;FINANCIAL;-;-;-;-;-;-;-;-;-;71,437;-;-;-;-;-;-;-
WDOZ26C005250;BRBMEF0Z08F1;FINANCIAL;-;-;-;-;-;-;-;-;-;59,458;-;-;-;-;-;-;-
WDOZ26C005275;BRBMEF0Z08I5;FINANCIAL;-;-;-;-;-;-;-;-;-;54,252;-;-;-;-;-;-;-
WDOZ26C005300;BRBMEF0Z08H7;FINANCIAL;-;-;-;-;-;-;-;-;-;49,574;-;-;-;-;-;-;-
WDOZ26C005325;BRBMEF0Z08J3;FINANCIAL;-;-;-;-;-;-;-;-;-;45,205;-;-;-;-;-;-;-
WDOZ26C005350;BRBMEF0Z08K1;FINANCIAL;-;-;-;-;-;-;-;-;-;41,068;-;-;-;-;-;-;-
WDOZ26C005375;BRBMEF0Z08L9;FINANCIAL;-;-;-;-;-;-;-;-;-;37,415;-;-;-;-;-;-;-
WDOZ26C005400;BRBMEF0Z0850;FINANCIAL;-;-;-;-;-;-;-;-;-;34,048;-;-;-;-;-;-;-
WDOZ26C005425;BRBMEF0Z08M7;FINANCIAL;-;-;-;-;-;-;-;-;-;30,992;-;-;-;-;-;-;-
WDOZ26C005450;BRBMEF0Z08N5;FINANCIAL;-;-;-;-;-;-;-;-;-;28,266;-;-;-;-;-;-;-
WDOZ26C005475;BRBMEF0Z08O3;FINANCIAL;-;-;-;-;-;-;-;-;-;25,793;-;-;-;-;-;-;-
WDOZ26C005500;BRBMEF0Z08P0;FINANCIAL;-;-;-;-;-;-;-;-;-;23,551;-;-;-;-;-;-;-
WDOZ26C005600;BRBMEF0Z08G9;FINANCIAL;-;-;-;-;-;-;-;-;-;16,578;-;-;-;-;-;-;-
WDOZ26P005175;BRBMEF2Z08Q4;FINANCIAL;-;-;-;-;-;-;-;-;-;184,086;-;-;-;-;-;-;-
WDOZ26P005200;BRBMEF2Z08R2;FINANCIAL;-;-;-;-;-;-;-;-;-;201,787;-;-;-;-;-;-;-
WDOZ26P005250;BRBMEF2Z08F7;FINANCIAL;-;-;-;-;-;-;-;-;-;238,933;-;-;-;-;-;-;-
WDOZ26P005275;BRBMEF2Z08I1;FINANCIAL;-;-;-;-;-;-;-;-;-;258,291;-;-;-;-;-;-;-
WDOZ26P005300;BRBMEF2Z08H3;FINANCIAL;-;-;-;-;-;-;-;-;-;278,176;-;-;-;-;-;-;-
WDOZ26P005325;BRBMEF2Z08J9;FINANCIAL;-;-;-;-;-;-;-;-;-;298,37;-;-;-;-;-;-;-
WDOZ26P005350;BRBMEF2Z08K7;FINANCIAL;-;-;-;-;-;-;-;-;-;318,796;-;-;-;-;-;-;-
WDOZ26P005375;BRBMEF2Z08L5;FINANCIAL;-;-;-;-;-;-;-;-;-;339,706;-;-;-;-;-;-;-
WDOZ26P005400;BRBMEF2Z0858;FINANCIAL;-;-;-;-;-;-;-;-;-;360,902;-;-;-;-;-;-;-
WDOZ26P005425;BRBMEF2Z08M3;FINANCIAL;-;-;-;-;-;-;-;-;-;382,41;-;-;-;-;-;-;-
WDOZ26P005450;BRBMEF2Z08N1;FINANCIAL;-;-;-;-;-;-;-;-;-;404,246;-;-;-;-;-;-;-
WDOZ26P005475;BRBMEF2Z08O9;FINANCIAL;-;-;-;-;-;-;-;-;-;426,336;-;-;-;-;-;-;-
WDOZ26P005500;BRBMEF2Z08P6;FINANCIAL;-;-;-;-;-;-;-;-;-;448,657;-;-;-;-;-;-;-
WDOZ26P005600;BRBMEF2Z08G5;FINANCIAL;-;-;-;-;-;-;-;-;-;539,936;-;-;-;-;-;-;-
ISPF27C007600;BRBMEFCSN4H7;FINANCIAL;-;-;-;-;-;-;-;-;-;423,8;-;-;-;-;-;-;-
ISPF27P007600;BRBMEFVSN4H4;FINANCIAL;-;-;-;-;-;-;-;-;-;133,04;-;-;-;-;-;-;-
ISPM27C006400;BRBMEFCSN3A4;FINANCIAL;-;-;-;-;-;-;-;-;-;1543,4;-;-;-;-;-;-;-
ISPM27C006500;BRBMEFCSN3B2;FINANCIAL;-;-;-;-;-;-;-;-;-;1459,06;-;-;-;-;-;-;-
ISPM27C006600;BRBMEFCSN3C0;FINANCIAL;-;-;-;-;-;-;-;-;-;1375,8;-;-;-;-;-;-;-
ISPM27C006700;BRBMEFCSN3D8;FINANCIAL;-;-;-;-;-;-;-;-;-;1293,35;-;-;-;-;-;-;-
ISPM27C006800;BRBMEFCSN3E6;FINANCIAL;-;-;-;-;-;-;-;-;-;1212,09;-;-;-;-;-;-;-
ISPM27C006900;BRBMEFCSN3F3;FINANCIAL;-;-;-;-;-;-;-;-;-;1132,17;-;-;-;-;-;-;-
ISPM27C007000;BRBMEFCSN3G1;FINANCIAL;-;-;-;-;-;-;-;-;-;1053,43;-;-;-;-;-;-;-
ISPM27C007100;BRBMEFCSN3H9;FINANCIAL;-;-;-;-;-;-;-;-;-;976,33;-;-;-;-;-;-;-
ISPM27C007200;BRBMEFCSN3I7;FINANCIAL;-;-;-;-;-;-;-;-;-;901,08;-;-;-;-;-;-;-
ISPM27C007300;BRBMEFCSN3J5;FINANCIAL;-;-;-;-;-;-;-;-;-;826,71;-;-;-;-;-;-;-
ISPM27C007400;BRBMEFCSN3K3;FINANCIAL;-;-;-;-;-;-;-;-;-;753,27;-;-;-;-;-;-;-
ISPM27C007500;BRBMEFCSN3L1;FINANCIAL;-;-;-;-;-;-;-;-;-;682,14;-;-;-;-;-;-;-
ISPM27C007600;BRBMEFCSN3M9;FINANCIAL;-;-;-;-;-;-;-;-;-;613,57;-;-;-;-;-;-;-
ISPM27C007700;BRBMEFCSN3N7;FINANCIAL;-;-;-;-;-;-;-;-;-;547,84;-;-;-;-;-;-;-
ISPM27C007800;BRBMEFCSN3O5;FINANCIAL;-;-;-;-;-;-;-;-;-;484,52;-;-;-;-;-;-;-
ISPM27P006400;BRBMEFVSN3A1;FINANCIAL;-;-;-;-;-;-;-;-;-;87,45;-;-;-;-;-;-;-
ISPM27P006500;BRBMEFVSN3B9;FINANCIAL;-;-;-;-;-;-;-;-;-;95,15;-;-;-;-;-;-;-
ISPM27P006600;BRBMEFVSN3C7;FINANCIAL;-;-;-;-;-;-;-;-;-;103,92;-;-;-;-;-;-;-
ISPM27P006700;BRBMEFVSN3D5;FINANCIAL;-;-;-;-;-;-;-;-;-;113,5;-;-;-;-;-;-;-
ISPM27P006800;BRBMEFVSN3E3;FINANCIAL;-;-;-;-;-;-;-;-;-;124,27;-;-;-;-;-;-;-
ISPM27P006900;BRBMEFVSN3F0;FINANCIAL;-;-;-;-;-;-;-;-;-;136,39;-;-;-;-;-;-;-
ISPM27P007000;BRBMEFVSN3G8;FINANCIAL;-;-;-;-;-;-;-;-;-;149,67;-;-;-;-;-;-;-
ISPM27P007100;BRBMEFVSN3H6;FINANCIAL;-;-;-;-;-;-;-;-;-;164,61;-;-;-;-;-;-;-
ISPM27P007200;BRBMEFVSN3I4;FINANCIAL;-;-;-;-;-;-;-;-;-;181,39;-;-;-;-;-;-;-
ISPM27P007300;BRBMEFVSN3J2;FINANCIAL;-;-;-;-;-;-;-;-;-;199,05;-;-;-;-;-;-;-
ISPM27P007400;BRBMEFVSN3K0;FINANCIAL;-;-;-;-;-;-;-;-;-;217,65;-;-;-;-;-;-;-
ISPM27P007500;BRBMEFVSN3L8;FINANCIAL;-;-;-;-;-;-;-;-;-;238,55;-;-;-;-;-;-;-
ISPM27P007600;BRBMEFVSN3M6;FINANCIAL;-;-;-;-;-;-;-;-;-;262,01;-;-;-;-;-;-;-
ISPM27P007700;BRBMEFVSN3N4;FINANCIAL;-;-;-;-;-;-;-;-;-;288,31;-;-;-;-;-;-;-
ISPM27P007800;BRBMEFVSN3O2;FINANCIAL;-;-;-;-;-;-;-;-;-;317,02;-;-;-;-;-;-;-
ISPV26C007500;BRBMEFCSN3Q0;FINANCIAL;-;-;-;-;-;-;-;-;-;334,32;-;-;-;-;-;-;-
ISPV26C007710;BRBMEFCSN4G9;FINANCIAL;-;-;-;-;-;-;-;-;-;145,84;-;-;-;-;-;-;-
ISPV26P007500;BRBMEFVSN3Q7;FINANCIAL;-;-;-;-;-;-;-;-;-;12,64;-;-;-;-;-;-;-
ISPV26P007710;BRBMEFVSN4G6;FINANCIAL;-;-;-;-;-;-;-;-;-;33,63;-;-;-;-;-;-;-
ISPZ26C004200;BRBMEFCSIYR0;FINANCIAL;-;-;-;-;-;-;-;-;-;3536,34;-;-;-;-;-;-;-
ISPZ26C005000;BRBMEFCSIYS8;FINANCIAL;-;-;-;-;-;-;-;-;-;2755,39;-;-;-;-;-;-;-
ISPZ26C005200;BRBMEFCSN0H5;FINANCIAL;-;-;-;-;-;-;-;-;-;2560,21;-;-;-;-;-;-;-
ISPZ26C005300;BRBMEFCSN0I3;FINANCIAL;-;-;-;-;-;-;-;-;-;2462,66;-;-;-;-;-;-;-
ISPZ26C005400;BRBMEFCSN0J1;FINANCIAL;-;-;-;-;-;-;-;-;-;2365,16;-;-;-;-;-;-;-
ISPZ26C005500;BRBMEFCSIYT6;FINANCIAL;-;-;-;-;-;-;-;-;-;2267,73;-;-;-;-;-;-;-
ISPZ26C005600;BRBMEFCSN0K9;FINANCIAL;-;-;-;-;-;-;-;-;-;2170,42;-;-;-;-;-;-;-
ISPZ26C005700;BRBMEFCSN0L7;FINANCIAL;-;-;-;-;-;-;-;-;-;2073,28;-;-;-;-;-;-;-
ISPZ26C005800;BRBMEFCSN0M5;FINANCIAL;-;-;-;-;-;-;-;-;-;1976,37;-;-;-;-;-;-;-
ISPZ26C005900;BRBMEFCSN0N3;FINANCIAL;-;-;-;-;-;-;-;-;-;1879,8;-;-;-;-;-;-;-
ISPZ26C006000;BRBMEFCSN0O1;FINANCIAL;-;-;-;-;-;-;-;-;-;1783,66;-;-;-;-;-;-;-
ISPZ26C006100;BRBMEFCSN0P8;FINANCIAL;-;-;-;-;-;-;-;-;-;1688,12;-;-;-;-;-;-;-
ISPZ26C006200;BRBMEFCSN0Q6;FINANCIAL;-;-;-;-;-;-;-;-;-;1593,34;-;-;-;-;-;-;-
ISPZ26C006300;BRBMEFCSIZ31;FINANCIAL;-;-;-;-;-;-;-;-;-;1499,52;-;-;-;-;-;-;-
ISPZ26C006400;BRBMEFCSN0R4;FINANCIAL;-;-;-;-;-;-;-;-;-;1406,88;-;-;-;-;-;-;-
ISPZ26C006500;BRBMEFCSN0S2;FINANCIAL;-;-;-;-;-;-;-;-;-;1312,86;-;-;-;-;-;-;-
ISPZ26C006600;BRBMEFCSN0T0;FINANCIAL;-;-;-;-;-;-;-;-;-;1217,73;-;-;-;-;-;-;-
ISPZ26C006700;BRBMEFCSN0U8;FINANCIAL;-;-;-;-;-;-;-;-;-;1123,21;-;-;-;-;-;-;-
ISPZ26C006800;BRBMEFCSN0V6;FINANCIAL;-;-;-;-;-;-;-;-;-;1029,44;-;-;-;-;-;-;-
ISPZ26C006900;BRBMEFCSN0W4;FINANCIAL;-;-;-;-;-;-;-;-;-;936,65;-;-;-;-;-;-;-
ISPZ26C007000;BRBMEFCSN2K5;FINANCIAL;-;-;-;-;-;-;-;-;-;844,28;-;-;-;-;-;-;-
ISPZ26C007050;BRBMEFCSN3R8;FINANCIAL;-;-;-;-;-;-;-;-;-;798,47;-;-;-;-;-;-;-
ISPZ26C007100;BRBMEFCSN2L3;FINANCIAL;-;-;-;-;-;-;-;-;-;753,09;-;-;-;-;-;-;-
ISPZ26C007150;BRBMEFCSN3S6;FINANCIAL;-;-;-;-;-;-;-;-;-;708,12;-;-;-;-;-;-;-
ISPZ26C007200;BRBMEFCSN2M1;FINANCIAL;-;-;-;-;-;-;-;-;-;663,63;-;-;-;-;-;-;-
ISPZ26C007250;BRBMEFCSN3T4;FINANCIAL;-;-;-;-;-;-;-;-;-;619,76;-;-;-;-;-;-;-
ISPZ26C007300;BRBMEFCSN2N9;FINANCIAL;-;-;-;-;-;-;-;-;-;576,51;-;-;-;-;-;-;-
ISPZ26C007350;BRBMEFCSN3U2;FINANCIAL;-;-;-;-;-;-;-;-;-;533,97;-;-;-;-;-;-;-
ISPZ26C007400;BRBMEFCSN2O7;FINANCIAL;-;-;-;-;-;-;-;-;-;492,32;-;-;-;-;-;-;-
ISPZ26C007450;BRBMEFCSN3V0;FINANCIAL;-;-;-;-;-;-;-;-;-;451,48;-;-;-;-;-;-;-
ISPZ26C007500;BRBMEFCSN2P4;FINANCIAL;-;-;-;-;-;-;-;-;-;411,32;-;-;-;-;-;-;-
ISPZ26C007550;BRBMEFCSN3W8;FINANCIAL;-;-;-;-;-;-;-;-;-;372,27;-;-;-;-;-;-;-
ISPZ26C007600;BRBMEFCSN3X6;FINANCIAL;-;-;-;-;-;-;-;-;-;334,47;-;-;-;-;-;-;-
ISPZ26C007650;BRBMEFCSN3Y4;FINANCIAL;-;-;-;-;-;-;-;-;-;298,07;-;-;-;-;-;-;-
ISPZ26C007700;BRBMEFCSN3Z1;FINANCIAL;-;-;-;-;-;-;-;-;-;263,1;-;-;-;-;-;-;-
ISPZ26C007750;BRBMEFCSN404;FINANCIAL;-;-;-;-;-;-;-;-;-;229,85;-;-;-;-;-;-;-
ISPZ26C007800;BRBMEFCSN412;FINANCIAL;-;-;-;-;-;-;-;-;-;198,49;-;-;-;-;-;-;-
ISPZ26C007850;BRBMEFCSN420;FINANCIAL;-;-;-;-;-;-;-;-;-;169,47;-;-;-;-;-;-;-
ISPZ26C007900;BRBMEFCSN438;FINANCIAL;-;-;-;-;-;-;-;-;-;143,07;-;-;-;-;-;-;-
ISPZ26C007950;BRBMEFCSN446;FINANCIAL;-;-;-;-;-;-;-;-;-;119,02;-;-;-;-;-;-;-
ISPZ26C008000;BRBMEFCSN453;FINANCIAL;-;-;-;-;-;-;-;-;-;97,91;-;-;-;-;-;-;-
ISPZ26C008050;BRBMEFCSN461;FINANCIAL;-;-;-;-;-;-;-;-;-;79,71;-;-;-;-;-;-;-
ISPZ26C008100;BRBMEFCSN479;FINANCIAL;-;-;-;-;-;-;-;-;-;63,77;-;-;-;-;-;-;-
ISPZ26C008150;BRBMEFCSN487;FINANCIAL;-;-;-;-;-;-;-;-;-;51,04;-;-;-;-;-;-;-
ISPZ26C008200;BRBMEFCSN495;FINANCIAL;-;-;-;-;-;-;-;-;-;40,76;-;-;-;-;-;-;-
ISPZ26C008250;BRBMEFCSN4A2;FINANCIAL;-;-;-;-;-;-;-;-;-;32,13;-;-;-;-;-;-;-
ISPZ26C008300;BRBMEFCSN4B0;FINANCIAL;-;-;-;-;-;-;-;-;-;24,98;-;-;-;-;-;-;-
ISPZ26C008350;BRBMEFCSN4C8;FINANCIAL;-;-;-;-;-;-;-;-;-;19,15;-;-;-;-;-;-;-
ISPZ26C008400;BRBMEFCSN4D6;FINANCIAL;-;-;-;-;-;-;-;-;-;15,51;-;-;-;-;-;-;-
ISPZ26C008450;BRBMEFCSN4E4;FINANCIAL;-;-;-;-;-;-;-;-;-;12,75;-;-;-;-;-;-;-
ISPZ26C008500;BRBMEFCSN4F1;FINANCIAL;-;-;-;-;-;-;-;-;-;10,53;-;-;-;-;-;-;-
ISPZ26P004200;BRBMEFVSIYR0;FINANCIAL;-;-;-;-;-;-;-;-;-;0,01;-;-;-;-;-;-;-
ISPZ26P005000;BRBMEFVSIYS8;FINANCIAL;-;-;-;-;-;-;-;-;-;0,02;-;-;-;-;-;-;-
ISPZ26P005200;BRBMEFVSN0H2;FINANCIAL;-;-;-;-;-;-;-;-;-;0,09;-;-;-;-;-;-;-
ISPZ26P005300;BRBMEFVSN0I0;FINANCIAL;-;-;-;-;-;-;-;-;-;0,16;-;-;-;-;-;-;-
ISPZ26P005400;BRBMEFVSN0J8;FINANCIAL;-;-;-;-;-;-;-;-;-;0,28;-;-;-;-;-;-;-
ISPZ26P005500;BRBMEFVSIYT6;FINANCIAL;-;-;-;-;-;-;-;-;-;0,48;-;-;-;-;-;-;-
ISPZ26P005600;BRBMEFVSN0K6;FINANCIAL;-;-;-;-;-;-;-;-;-;0,79;-;-;-;-;-;-;-
ISPZ26P005700;BRBMEFVSN0L4;FINANCIAL;-;-;-;-;-;-;-;-;-;1,27;-;-;-;-;-;-;-
ISPZ26P005800;BRBMEFVSN0M2;FINANCIAL;-;-;-;-;-;-;-;-;-;1,98;-;-;-;-;-;-;-
ISPZ26P005900;BRBMEFVSN0N0;FINANCIAL;-;-;-;-;-;-;-;-;-;3,02;-;-;-;-;-;-;-
ISPZ26P006000;BRBMEFVSN0O8;FINANCIAL;-;-;-;-;-;-;-;-;-;4,51;-;-;-;-;-;-;-
ISPZ26P006100;BRBMEFVSN0P5;FINANCIAL;-;-;-;-;-;-;-;-;-;6,59;-;-;-;-;-;-;-
ISPZ26P006200;BRBMEFVSN0Q3;FINANCIAL;-;-;-;-;-;-;-;-;-;9,43;-;-;-;-;-;-;-
ISPZ26P006300;BRBMEFVSIZ38;FINANCIAL;-;-;-;-;-;-;-;-;-;13,23;-;-;-;-;-;-;-
ISPZ26P006400;BRBMEFVSN0R1;FINANCIAL;-;-;-;-;-;-;-;-;-;18,22;-;-;-;-;-;-;-
ISPZ26P006500;BRBMEFVSN0S9;FINANCIAL;-;-;-;-;-;-;-;-;-;21,82;-;-;-;-;-;-;-
ISPZ26P006600;BRBMEFVSN0T7;FINANCIAL;-;-;-;-;-;-;-;-;-;24,31;-;-;-;-;-;-;-
ISPZ26P006700;BRBMEFVSN0U5;FINANCIAL;-;-;-;-;-;-;-;-;-;27,4;-;-;-;-;-;-;-
ISPZ26P006800;BRBMEFVSN0V3;FINANCIAL;-;-;-;-;-;-;-;-;-;31,26;-;-;-;-;-;-;-
ISPZ26P006900;BRBMEFVSN0W1;FINANCIAL;-;-;-;-;-;-;-;-;-;36,1;-;-;-;-;-;-;-
ISPZ26P007000;BRBMEFVSN2K2;FINANCIAL;-;-;-;-;-;-;-;-;-;41,35;-;-;-;-;-;-;-
ISPZ26P007050;BRBMEFVSN3R5;FINANCIAL;-;-;-;-;-;-;-;-;-;44,34;-;-;-;-;-;-;-
ISPZ26P007100;BRBMEFVSN2L0;FINANCIAL;-;-;-;-;-;-;-;-;-;47,77;-;-;-;-;-;-;-
ISPZ26P007150;BRBMEFVSN3S3;FINANCIAL;-;-;-;-;-;-;-;-;-;51,62;-;-;-;-;-;-;-
ISPZ26P007200;BRBMEFVSN2M8;FINANCIAL;-;-;-;-;-;-;-;-;-;55,94;-;-;-;-;-;-;-
ISPZ26P007250;BRBMEFVSN3T1;FINANCIAL;-;-;-;-;-;-;-;-;-;60,88;-;-;-;-;-;-;-
ISPZ26P007300;BRBMEFVSN2N6;FINANCIAL;-;-;-;-;-;-;-;-;-;66,44;-;-;-;-;-;-;-
ISPZ26P007350;BRBMEFVSN3U9;FINANCIAL;-;-;-;-;-;-;-;-;-;72,71;-;-;-;-;-;-;-
ISPZ26P007400;BRBMEFVSN2O4;FINANCIAL;-;-;-;-;-;-;-;-;-;79,87;-;-;-;-;-;-;-
ISPZ26P007450;BRBMEFVSN3V7;FINANCIAL;-;-;-;-;-;-;-;-;-;87,84;-;-;-;-;-;-;-
ISPZ26P007500;BRBMEFVSN2P1;FINANCIAL;-;-;-;-;-;-;-;-;-;96,49;-;-;-;-;-;-;-
ISPZ26P007550;BRBMEFVSN3W5;FINANCIAL;-;-;-;-;-;-;-;-;-;106,25;-;-;-;-;-;-;-
ISPZ26P007600;BRBMEFVSN3X3;FINANCIAL;-;-;-;-;-;-;-;-;-;117,26;-;-;-;-;-;-;-
ISPZ26P007650;BRBMEFVSN3Y1;FINANCIAL;-;-;-;-;-;-;-;-;-;129,67;-;-;-;-;-;-;-
ISPZ26P007700;BRBMEFVSN3Z8;FINANCIAL;-;-;-;-;-;-;-;-;-;143,51;-;-;-;-;-;-;-
ISPZ26P007750;BRBMEFVSN404;FINANCIAL;-;-;-;-;-;-;-;-;-;159,07;-;-;-;-;-;-;-
ISPZ26P007800;BRBMEFVSN412;FINANCIAL;-;-;-;-;-;-;-;-;-;176,53;-;-;-;-;-;-;-
ISPZ26P007850;BRBMEFVSN420;FINANCIAL;-;-;-;-;-;-;-;-;-;196,32;-;-;-;-;-;-;-
ISPZ26P007900;BRBMEFVSN438;FINANCIAL;-;-;-;-;-;-;-;-;-;218,73;-;-;-;-;-;-;-
ISPZ26P007950;BRBMEFVSN446;FINANCIAL;-;-;-;-;-;-;-;-;-;243,49;-;-;-;-;-;-;-
ISPZ26P008000;BRBMEFVSN453;FINANCIAL;-;-;-;-;-;-;-;-;-;271,19;-;-;-;-;-;-;-
ISPZ26P008050;BRBMEFVSN461;FINANCIAL;-;-;-;-;-;-;-;-;-;301,8;-;-;-;-;-;-;-
ISPZ26P008100;BRBMEFVSN479;FINANCIAL;-;-;-;-;-;-;-;-;-;334,67;-;-;-;-;-;-;-
ISPZ26P008150;BRBMEFVSN487;FINANCIAL;-;-;-;-;-;-;-;-;-;370,75;-;-;-;-;-;-;-
ISPZ26P008200;BRBMEFVSN495;FINANCIAL;-;-;-;-;-;-;-;-;-;409,28;-;-;-;-;-;-;-
ISPZ26P008250;BRBMEFVSN4A9;FINANCIAL;-;-;-;-;-;-;-;-;-;449,46;-;-;-;-;-;-;-
ISPZ26P008300;BRBMEFVSN4B7;FINANCIAL;-;-;-;-;-;-;-;-;-;491,13;-;-;-;-;-;-;-
ISPZ26P008350;BRBMEFVSN4C5;FINANCIAL;-;-;-;-;-;-;-;-;-;534,11;-;-;-;-;-;-;-
ISPZ26P008400;BRBMEFVSN4D3;FINANCIAL;-;-;-;-;-;-;-;-;-;579,27;-;-;-;-;-;-;-
ISPZ26P008450;BRBMEFVSN4E1;FINANCIAL;-;-;-;-;-;-;-;-;-;625,33;-;-;-;-;-;-;-
ISPZ26P008500;BRBMEFVSN4F8;FINANCIAL;-;-;-;-;-;-;-;-;-;671,92;-;-;-;-;-;-;-
D11F27C001000;BRBMEFCD1F59;FINANCIAL;-;-;-;-;-;-;-;-;-;613,47;-;-;-;-;-;-;-
D11F27C001025;BRBMEFCD1F67;FINANCIAL;-;-;-;-;-;-;-;-;-;562,14;-;-;-;-;-;-;-
D11F27C001050;BRBMEFCD1F75;FINANCIAL;-;-;-;-;-;-;-;-;-;511;-;-;-;-;-;-;-
D11F27C001075;BRBMEFCD1F83;FINANCIAL;-;-;-;-;-;-;-;-;-;460,1;-;-;-;-;-;-;-
D11F27C001100;BRBMEFCD1F91;FINANCIAL;-;-;-;-;-;-;-;-;-;409,56;-;-;-;-;-;-;-
D11F27C001125;BRBMEFCD1FA0;FINANCIAL;-;-;-;-;-;-;-;-;-;359,56;-;-;-;-;-;-;-
D11F27C001150;BRBMEFCD1FB8;FINANCIAL;-;-;-;-;-;-;-;-;-;310,39;-;-;-;-;-;-;-
D11F27C001175;BRBMEFCD1FC6;FINANCIAL;-;-;-;-;-;-;-;-;-;262,53;-;-;-;-;-;-;-
D11F27C001200;BRBMEFCD1FD4;FINANCIAL;-;-;-;-;-;-;-;-;-;216,62;-;-;-;-;-;-;-
D11F27C001225;BRBMEFCD1FE2;FINANCIAL;-;-;-;-;-;-;-;-;-;174,03;-;-;-;-;-;-;-
D11F27C001250;BRBMEFCD1FF9;FINANCIAL;-;-;-;-;-;-;-;-;-;135,49;-;-;-;-;-;-;-
D11F27C001275;BRBMEFCD1FG7;FINANCIAL;-;-;-;-;-;-;-;-;-;102,38;-;-;-;-;-;-;-
D11F27C001300;BRBMEFCD1FH5;FINANCIAL;-;-;-;-;-;-;-;-;-;75,11;-;-;-;-;-;-;-
D11F27C001325;BRBMEFCD1FI3;FINANCIAL;-;-;-;-;-;-;-;-;-;53,65;-;-;-;-;-;-;-
D11F27C001350;BRBMEFCD1FJ1;FINANCIAL;-;-;-;-;-;-;-;-;-;37,6;-;-;-;-;-;-;-
D11F27C001375;BRBMEFCD1FK9;FINANCIAL;-;-;-;-;-;-;-;-;-;26,01;-;-;-;-;-;-;-
D11F27C001400;BRBMEFCD1DZ2;FINANCIAL;-;-;-;-;-;-;-;-;-;17,83;-;-;-;-;-;-;-
D11F27C001425;BRBMEFCD1E01;FINANCIAL;-;-;-;-;-;-;-;-;-;12,1;-;-;-;-;-;-;-
D11F27C001450;BRBMEFCD1E19;FINANCIAL;-;-;-;-;-;-;-;-;-;8,27;-;-;-;-;-;-;-
D11F27C001475;BRBMEFCD1E27;FINANCIAL;-;-;-;-;-;-;-;-;-;5,72;-;-;-;-;-;-;-
D11F27C001500;BRBMEFCD1E35;FINANCIAL;-;-;-;-;-;-;-;-;-;3,87;-;-;-;-;-;-;-
D11F27C001525;BRBMEFCD1FL7;FINANCIAL;-;-;-;-;-;-;-;-;-;2,55;-;-;-;-;-;-;-
D11F27C001550;BRBMEFCD1FM5;FINANCIAL;-;-;-;-;-;-;-;-;-;1,68;-;-;-;-;-;-;-
D11F27C001575;BRBMEFCD1FN3;FINANCIAL;-;-;-;-;-;-;-;-;-;1,11;-;-;-;-;-;-;-
D11F27C001600;BRBMEFCD1FO1;FINANCIAL;-;-;-;-;-;-;-;-;-;0,68;-;-;-;-;-;-;-
D11F27C001625;BRBMEFCD1FP8;FINANCIAL;-;-;-;-;-;-;-;-;-;0,4;-;-;-;-;-;-;-
D11F27C001650;BRBMEFCD1FQ6;FINANCIAL;-;-;-;-;-;-;-;-;-;0,23;-;-;-;-;-;-;-
D11F27C001675;BRBMEFCD1FR4;FINANCIAL;-;-;-;-;-;-;-;-;-;0,13;-;-;-;-;-;-;-
D11F27C001700;BRBMEFCD1FS2;FINANCIAL;-;-;-;-;-;-;-;-;-;0,07;-;-;-;-;-;-;-
D11F27C001725;BRBMEFCD1FT0;FINANCIAL;-;-;-;-;-;-;-;-;-;0,04;-;-;-;-;-;-;-
D11F27C001750;BRBMEFCD1FU8;FINANCIAL;-;-;-;-;-;-;-;-;-;0,02;-;-;-;-;-;-;-
D11F27C001775;BRBMEFCD1FV6;FINANCIAL;-;-;-;-;-;-;-;-;-;0,01;-;-;-;-;-;-;-
D11F27C001800;BRBMEFCD1FW4;FINANCIAL;-;-;-;-;-;-;-;-;-;0,01;-;-;-;-;-;-;-
D11F27P001000;BRBMEFVD1ER4;FINANCIAL;-;-;-;-;-;-;-;-;-;0,01;-;-;-;-;-;-;-
D11F27P001025;BRBMEFVD1ES2;FINANCIAL;-;-;-;-;-;-;-;-;-;0,02;-;-;-;-;-;-;-
D11F27P001050;BRBMEFVD1ET0;FINANCIAL;-;-;-;-;-;-;-;-;-;0,07;-;-;-;-;-;-;-
D11F27P001075;BRBMEFVD1EU8;FINANCIAL;-;-;-;-;-;-;-;-;-;0,22;-;-;-;-;-;-;-
D11F27P001100;BRBMEFVD1EV6;FINANCIAL;-;-;-;-;-;-;-;-;-;0,59;-;-;-;-;-;-;-
D11F27P001125;BRBMEFVD1EW4;FINANCIAL;-;-;-;-;-;-;-;-;-;1,36;-;-;-;-;-;-;-
D11F27P001150;BRBMEFVD1EX2;FINANCIAL;-;-;-;-;-;-;-;-;-;2,81;-;-;-;-;-;-;-
D11F27P001175;BRBMEFVD1EY0;FINANCIAL;-;-;-;-;-;-;-;-;-;5,44;-;-;-;-;-;-;-
D11F27P001200;BRBMEFVD1EZ7;FINANCIAL;-;-;-;-;-;-;-;-;-;9,87;-;-;-;-;-;-;-
D11F27P001225;BRBMEFVD1F00;FINANCIAL;-;-;-;-;-;-;-;-;-;17,5;-;-;-;-;-;-;-
D11F27P001250;BRBMEFVD1F18;FINANCIAL;-;-;-;-;-;-;-;-;-;29,02;-;-;-;-;-;-;-
D11F27P001275;BRBMEFVD1F26;FINANCIAL;-;-;-;-;-;-;-;-;-;45,84;-;-;-;-;-;-;-
D11F27P001300;BRBMEFVD1F34;FINANCIAL;-;-;-;-;-;-;-;-;-;68,36;-;-;-;-;-;-;-
D11F27P001325;BRBMEFVD1F42;FINANCIAL;-;-;-;-;-;-;-;-;-;96,56;-;-;-;-;-;-;-
D11F27P001350;BRBMEFVD1F59;FINANCIAL;-;-;-;-;-;-;-;-;-;130,04;-;-;-;-;-;-;-
D11F27P001375;BRBMEFVD1F67;FINANCIAL;-;-;-;-;-;-;-;-;-;167,83;-;-;-;-;-;-;-
D11F27P001400;BRBMEFVD1DL9;FINANCIAL;-;-;-;-;-;-;-;-;-;208,9;-;-;-;-;-;-;-
D11F27P001425;BRBMEFVD1DM7;FINANCIAL;-;-;-;-;-;-;-;-;-;252,3;-;-;-;-;-;-;-
D11F27P001450;BRBMEFVD1DN5;FINANCIAL;-;-;-;-;-;-;-;-;-;297,46;-;-;-;-;-;-;-
D11F27P001475;BRBMEFVD1DO3;FINANCIAL;-;-;-;-;-;-;-;-;-;343,76;-;-;-;-;-;-;-
D11F27P001500;BRBMEFVD1DP0;FINANCIAL;-;-;-;-;-;-;-;-;-;390,63;-;-;-;-;-;-;-
D11F27P001525;BRBMEFVD1F75;FINANCIAL;-;-;-;-;-;-;-;-;-;437,9;-;-;-;-;-;-;-
D11F27P001550;BRBMEFVD1F83;FINANCIAL;-;-;-;-;-;-;-;-;-;485,5;-;-;-;-;-;-;-
D11F27P001575;BRBMEFVD1F91;FINANCIAL;-;-;-;-;-;-;-;-;-;533,26;-;-;-;-;-;-;-
D11F27P001600;BRBMEFVD1FA7;FINANCIAL;-;-;-;-;-;-;-;-;-;581,03;-;-;-;-;-;-;-
D11F27P001625;BRBMEFVD1FB5;FINANCIAL;-;-;-;-;-;-;-;-;-;628,82;-;-;-;-;-;-;-
D11F27P001650;BRBMEFVD1FC3;FINANCIAL;-;-;-;-;-;-;-;-;-;676,6;-;-;-;-;-;-;-
D11F27P001675;BRBMEFVD1FD1;FINANCIAL;-;-;-;-;-;-;-;-;-;724,32;-;-;-;-;-;-;-
D11F27P001700;BRBMEFVD1FE9;FINANCIAL;-;-;-;-;-;-;-;-;-;771,95;-;-;-;-;-;-;-
D11F27P001725;BRBMEFVD1FF6;FINANCIAL;-;-;-;-;-;-;-;-;-;819,49;-;-;-;-;-;-;-
D11F27P001750;BRBMEFVD1FG4;FINANCIAL;-;-;-;-;-;-;-;-;-;866,91;-;-;-;-;-;-;-
D11F27P001775;BRBMEFVD1FH2;FINANCIAL;-;-;-;-;-;-;-;-;-;914,22;-;-;-;-;-;-;-
D11F27P001800;BRBMEFVD1FI0;FINANCIAL;-;-;-;-;-;-;-;-;-;961,4;-;-;-;-;-;-;-
D12F27C001000;BRBMEFCD2VZ2;FINANCIAL;-;-;-;-;-;-;-;-;-;1122,84;-;-;-;-;-;-;-
D12F27C001025;BRBMEFCD2W08;FINANCIAL;-;-;-;-;-;-;-;-;-;1020,48;-;-;-;-;-;-;-
D12F27C001050;BRBMEFCD2W16;FINANCIAL;-;-;-;-;-;-;-;-;-;918,94;-;-;-;-;-;-;-
D12F27C001075;BRBMEFCD2W24;FINANCIAL;-;-;-;-;-;-;-;-;-;818,49;-;-;-;-;-;-;-
D12F27C001100;BRBMEFCD2W32;FINANCIAL;-;-;-;-;-;-;-;-;-;719,58;-;-;-;-;-;-;-
D12F27C001125;BRBMEFCD2W40;FINANCIAL;-;-;-;-;-;-;-;-;-;623,02;-;-;-;-;-;-;-
D12F27C001150;BRBMEFCD2W57;FINANCIAL;-;-;-;-;-;-;-;-;-;529,65;-;-;-;-;-;-;-
D12F27C001175;BRBMEFCD2W65;FINANCIAL;-;-;-;-;-;-;-;-;-;441,52;-;-;-;-;-;-;-
D12F27C001200;BRBMEFCD2W73;FINANCIAL;-;-;-;-;-;-;-;-;-;360,23;-;-;-;-;-;-;-
D12F27C001225;BRBMEFCD2W81;FINANCIAL;-;-;-;-;-;-;-;-;-;287,31;-;-;-;-;-;-;-
D12F27C001250;BRBMEFCD2W99;FINANCIAL;-;-;-;-;-;-;-;-;-;224,4;-;-;-;-;-;-;-
D12F27C001275;BRBMEFCD2WA3;FINANCIAL;-;-;-;-;-;-;-;-;-;172;-;-;-;-;-;-;-
D12F27C001300;BRBMEFCD2WB1;FINANCIAL;-;-;-;-;-;-;-;-;-;129,69;-;-;-;-;-;-;-
D12F27C001325;BRBMEFCD2WC9;FINANCIAL;-;-;-;-;-;-;-;-;-;96,62;-;-;-;-;-;-;-
D12F27C001350;BRBMEFCD2WD7;FINANCIAL;-;-;-;-;-;-;-;-;-;71,56;-;-;-;-;-;-;-
D12F27C001375;BRBMEFCD2WE5;FINANCIAL;-;-;-;-;-;-;-;-;-;52,79;-;-;-;-;-;-;-
D12F27C001400;BRBMEFCD2WF2;FINANCIAL;-;-;-;-;-;-;-;-;-;38,9;-;-;-;-;-;-;-
D12F27C001425;BRBMEFCD2WG0;FINANCIAL;-;-;-;-;-;-;-;-;-;28,61;-;-;-;-;-;-;-
D12F27C001450;BRBMEFCD2WH8;FINANCIAL;-;-;-;-;-;-;-;-;-;21,23;-;-;-;-;-;-;-
D12F27C001475;BRBMEFCD2WI6;FINANCIAL;-;-;-;-;-;-;-;-;-;16,03;-;-;-;-;-;-;-
D12F27C001500;BRBMEFCD2WJ4;FINANCIAL;-;-;-;-;-;-;-;-;-;12,22;-;-;-;-;-;-;-
D12F27C001525;BRBMEFCD2WK2;FINANCIAL;-;-;-;-;-;-;-;-;-;8,96;-;-;-;-;-;-;-
D12F27C001550;BRBMEFCD2WL0;FINANCIAL;-;-;-;-;-;-;-;-;-;6,52;-;-;-;-;-;-;-
D12F27C001575;BRBMEFCD2WM8;FINANCIAL;-;-;-;-;-;-;-;-;-;4,76;-;-;-;-;-;-;-
D12F27C001600;BRBMEFCD2WN6;FINANCIAL;-;-;-;-;-;-;-;-;-;3,49;-;-;-;-;-;-;-
D12F27C001625;BRBMEFCD2WO4;FINANCIAL;-;-;-;-;-;-;-;-;-;2,58;-;-;-;-;-;-;-
D12F27C001650;BRBMEFCD2WP1;FINANCIAL;-;-;-;-;-;-;-;-;-;1,79;-;-;-;-;-;-;-
D12F27C001675;BRBMEFCD2WQ9;FINANCIAL;-;-;-;-;-;-;-;-;-;1,18;-;-;-;-;-;-;-
D12F27C001700;BRBMEFCD2WR7;FINANCIAL;-;-;-;-;-;-;-;-;-;0,77;-;-;-;-;-;-;-
D12F27C001725;BRBMEFCD2WS5;FINANCIAL;-;-;-;-;-;-;-;-;-;0,5;-;-;-;-;-;-;-
D12F27C001750;BRBMEFCD2WT3;FINANCIAL;-;-;-;-;-;-;-;-;-;0,32;-;-;-;-;-;-;-
D12F27C001775;BRBMEFCD2WU1;FINANCIAL;-;-;-;-;-;-;-;-;-;0,2;-;-;-;-;-;-;-
D12F27C001800;BRBMEFCD2WV9;FINANCIAL;-;-;-;-;-;-;-;-;-;0,13;-;-;-;-;-;-;-
D12F27P001000;BRBMEFVD2VL9;FINANCIAL;-;-;-;-;-;-;-;-;-;0,23;-;-;-;-;-;-;-
D12F27P001025;BRBMEFVD2VM7;FINANCIAL;-;-;-;-;-;-;-;-;-;0,61;-;-;-;-;-;-;-
D12F27P001050;BRBMEFVD2VN5;FINANCIAL;-;-;-;-;-;-;-;-;-;1,46;-;-;-;-;-;-;-
D12F27P001075;BRBMEFVD2VO3;FINANCIAL;-;-;-;-;-;-;-;-;-;3,05;-;-;-;-;-;-;-
D12F27P001100;BRBMEFVD2VP0;FINANCIAL;-;-;-;-;-;-;-;-;-;5,85;-;-;-;-;-;-;-
D12F27P001125;BRBMEFVD2VQ8;FINANCIAL;-;-;-;-;-;-;-;-;-;10,65;-;-;-;-;-;-;-
D12F27P001150;BRBMEFVD2VR6;FINANCIAL;-;-;-;-;-;-;-;-;-;18,31;-;-;-;-;-;-;-
D12F27P001175;BRBMEFVD2VS4;FINANCIAL;-;-;-;-;-;-;-;-;-;30,87;-;-;-;-;-;-;-
D12F27P001200;BRBMEFVD2VT2;FINANCIAL;-;-;-;-;-;-;-;-;-;49,92;-;-;-;-;-;-;-
D12F27P001225;BRBMEFVD2VU0;FINANCIAL;-;-;-;-;-;-;-;-;-;77,02;-;-;-;-;-;-;-
D12F27P001250;BRBMEFVD2VV8;FINANCIAL;-;-;-;-;-;-;-;-;-;113,81;-;-;-;-;-;-;-
D12F27P001275;BRBMEFVD2VW6;FINANCIAL;-;-;-;-;-;-;-;-;-;160,77;-;-;-;-;-;-;-
D12F27P001300;BRBMEFVD2VX4;FINANCIAL;-;-;-;-;-;-;-;-;-;217,49;-;-;-;-;-;-;-
D12F27P001325;BRBMEFVD2VY2;FINANCIAL;-;-;-;-;-;-;-;-;-;283,13;-;-;-;-;-;-;-
D12F27P001350;BRBMEFVD2VZ9;FINANCIAL;-;-;-;-;-;-;-;-;-;356,45;-;-;-;-;-;-;-
D12F27P001375;BRBMEFVD2W08;FINANCIAL;-;-;-;-;-;-;-;-;-;435,75;-;-;-;-;-;-;-
D12F27P001400;BRBMEFVD2W16;FINANCIAL;-;-;-;-;-;-;-;-;-;519,59;-;-;-;-;-;-;-
D12F27P001425;BRBMEFVD2W24;FINANCIAL;-;-;-;-;-;-;-;-;-;606,73;-;-;-;-;-;-;-
D12F27P001450;BRBMEFVD2W32;FINANCIAL;-;-;-;-;-;-;-;-;-;696,46;-;-;-;-;-;-;-
D12F27P001475;BRBMEFVD2W40;FINANCIAL;-;-;-;-;-;-;-;-;-;788,05;-;-;-;-;-;-;-
D12F27P001500;BRBMEFVD2W57;FINANCIAL;-;-;-;-;-;-;-;-;-;880,72;-;-;-;-;-;-;-
D12F27P001525;BRBMEFVD2W65;FINANCIAL;-;-;-;-;-;-;-;-;-;973,62;-;-;-;-;-;-;-
D12F27P001550;BRBMEFVD2W73;FINANCIAL;-;-;-;-;-;-;-;-;-;1067,05;-;-;-;-;-;-;-
D12F27P001575;BRBMEFVD2W81;FINANCIAL;-;-;-;-;-;-;-;-;-;1160,83;-;-;-;-;-;-;-
D12F27P001600;BRBMEFVD2W99;FINANCIAL;-;-;-;-;-;-;-;-;-;1254,81;-;-;-;-;-;-;-
D12F27P001625;BRBMEFVD2WA0;FINANCIAL;-;-;-;-;-;-;-;-;-;1348,83;-;-;-;-;-;-;-
D12F27P001650;BRBMEFVD2WB8;FINANCIAL;-;-;-;-;-;-;-;-;-;1442,68;-;-;-;-;-;-;-
D12F27P001675;BRBMEFVD2WC6;FINANCIAL;-;-;-;-;-;-;-;-;-;1536,4;-;-;-;-;-;-;-
D12F27P001700;BRBMEFVD2WD4;FINANCIAL;-;-;-;-;-;-;-;-;-;1630,02;-;-;-;-;-;-;-
D12F27P001725;BRBMEFVD2WE2;FINANCIAL;-;-;-;-;-;-;-;-;-;1723,48;-;-;-;-;-;-;-
D12F27P001750;BRBMEFVD2WF9;FINANCIAL;-;-;-;-;-;-;-;-;-;1816,74;-;-;-;-;-;-;-
D12F27P001775;BRBMEFVD2WG7;FINANCIAL;-;-;-;-;-;-;-;-;-;1909,77;-;-;-;-;-;-;-
D12F27P001800;BRBMEFVD2WH5;FINANCIAL;-;-;-;-;-;-;-;-;-;2002,54;-;-;-;-;-;-;-
D13F27C001250;BRBMEFD302S0;FINANCIAL;-;-;-;-;-;-;-;-;-;352,28;-;-;-;-;-;-;-
D13F27C001275;BRBMEFD302T8;FINANCIAL;-;-;-;-;-;-;-;-;-;284,49;-;-;-;-;-;-;-
D13F27C001300;BRBMEFD302U6;FINANCIAL;-;-;-;-;-;-;-;-;-;230,4;-;-;-;-;-;-;-
D13F27C001325;BRBMEFD302V4;FINANCIAL;-;-;-;-;-;-;-;-;-;187,55;-;-;-;-;-;-;-
D13F27C001350;BRBMEFD302W2;FINANCIAL;-;-;-;-;-;-;-;-;-;153,21;-;-;-;-;-;-;-
D13F27C001375;BRBMEFD302X0;FINANCIAL;-;-;-;-;-;-;-;-;-;125,77;-;-;-;-;-;-;-
D13F27C001400;BRBMEFD302Y8;FINANCIAL;-;-;-;-;-;-;-;-;-;103,88;-;-;-;-;-;-;-
D13F27C001425;BRBMEFD302Z5;FINANCIAL;-;-;-;-;-;-;-;-;-;86,5;-;-;-;-;-;-;-
D13F27C001450;BRBMEFD30307;FINANCIAL;-;-;-;-;-;-;-;-;-;72,69;-;-;-;-;-;-;-
D13F27C001475;BRBMEFD30315;FINANCIAL;-;-;-;-;-;-;-;-;-;61,7;-;-;-;-;-;-;-
D13F27C001500;BRBMEFD30323;FINANCIAL;-;-;-;-;-;-;-;-;-;53,14;-;-;-;-;-;-;-
D13F27C001525;BRBMEFD30331;FINANCIAL;-;-;-;-;-;-;-;-;-;46,36;-;-;-;-;-;-;-
D13F27C001550;BRBMEFD30349;FINANCIAL;-;-;-;-;-;-;-;-;-;40,83;-;-;-;-;-;-;-
D13F27C001575;BRBMEFD30356;FINANCIAL;-;-;-;-;-;-;-;-;-;36,43;-;-;-;-;-;-;-
D13F27C001600;BRBMEFD30364;FINANCIAL;-;-;-;-;-;-;-;-;-;32,6;-;-;-;-;-;-;-
D13F27P001250;BRBMEFP30285;FINANCIAL;-;-;-;-;-;-;-;-;-;470,82;-;-;-;-;-;-;-
D13F27P001275;BRBMEFP30293;FINANCIAL;-;-;-;-;-;-;-;-;-;593,92;-;-;-;-;-;-;-
D13F27P001300;BRBMEFP302A4;FINANCIAL;-;-;-;-;-;-;-;-;-;729,86;-;-;-;-;-;-;-
D13F27P001325;BRBMEFP302B2;FINANCIAL;-;-;-;-;-;-;-;-;-;876,2;-;-;-;-;-;-;-
D13F27P001350;BRBMEFP302C0;FINANCIAL;-;-;-;-;-;-;-;-;-;1030,23;-;-;-;-;-;-;-
D13F27P001375;BRBMEFP302D8;FINANCIAL;-;-;-;-;-;-;-;-;-;1190,34;-;-;-;-;-;-;-
D13F27P001400;BRBMEFP302E6;FINANCIAL;-;-;-;-;-;-;-;-;-;1355,16;-;-;-;-;-;-;-
D13F27P001425;BRBMEFP302F3;FINANCIAL;-;-;-;-;-;-;-;-;-;1523,69;-;-;-;-;-;-;-
D13F27P001450;BRBMEFP302G1;FINANCIAL;-;-;-;-;-;-;-;-;-;1694,98;-;-;-;-;-;-;-
D13F27P001475;BRBMEFP302H9;FINANCIAL;-;-;-;-;-;-;-;-;-;1868,27;-;-;-;-;-;-;-
D13F27P001500;BRBMEFP302I7;FINANCIAL;-;-;-;-;-;-;-;-;-;2043,2;-;-;-;-;-;-;-
D13F27P001525;BRBMEFP302J5;FINANCIAL;-;-;-;-;-;-;-;-;-;2219,11;-;-;-;-;-;-;-
D13F27P001550;BRBMEFP302K3;FINANCIAL;-;-;-;-;-;-;-;-;-;2395,49;-;-;-;-;-;-;-
D13F27P001575;BRBMEFP302L1;FINANCIAL;-;-;-;-;-;-;-;-;-;2572,21;-;-;-;-;-;-;-
D13F27P001600;BRBMEFP302M9;FINANCIAL;-;-;-;-;-;-;-;-;-;2748,73;-;-;-;-;-;-;-
D13F28C001000;BRBMEFD30273;FINANCIAL;-;-;-;-;-;-;-;-;-;1661,57;-;-;-;-;-;-;-
D13F28C001025;BRBMEFD30281;FINANCIAL;-;-;-;-;-;-;-;-;-;1531,79;-;-;-;-;-;-;-
D13F28C001050;BRBMEFD30299;FINANCIAL;-;-;-;-;-;-;-;-;-;1408,29;-;-;-;-;-;-;-
D13F28C001075;BRBMEFD302A8;FINANCIAL;-;-;-;-;-;-;-;-;-;1297,24;-;-;-;-;-;-;-
D13F28C001100;BRBMEFD302B6;FINANCIAL;-;-;-;-;-;-;-;-;-;1193,38;-;-;-;-;-;-;-
D13F28C001125;BRBMEFD302C4;FINANCIAL;-;-;-;-;-;-;-;-;-;1096,31;-;-;-;-;-;-;-
D13F28C001150;BRBMEFD302D2;FINANCIAL;-;-;-;-;-;-;-;-;-;1006,91;-;-;-;-;-;-;-
D13F28C001175;BRBMEFD302E0;FINANCIAL;-;-;-;-;-;-;-;-;-;926,47;-;-;-;-;-;-;-
D13F28C001200;BRBMEFD302F7;FINANCIAL;-;-;-;-;-;-;-;-;-;852,64;-;-;-;-;-;-;-
D13F28C001225;BRBMEFD302G5;FINANCIAL;-;-;-;-;-;-;-;-;-;784,36;-;-;-;-;-;-;-
D13F28C001250;BRBMEFD302H3;FINANCIAL;-;-;-;-;-;-;-;-;-;722,34;-;-;-;-;-;-;-
D13F28C001275;BRBMEFD302I1;FINANCIAL;-;-;-;-;-;-;-;-;-;666,94;-;-;-;-;-;-;-
D13F28C001300;BRBMEFD302J9;FINANCIAL;-;-;-;-;-;-;-;-;-;616,31;-;-;-;-;-;-;-
D13F28C001325;BRBMEFD302K7;FINANCIAL;-;-;-;-;-;-;-;-;-;570,07;-;-;-;-;-;-;-
D13F28C001350;BRBMEFD302L5;FINANCIAL;-;-;-;-;-;-;-;-;-;528,21;-;-;-;-;-;-;-
D13F28C001375;BRBMEFD302M3;FINANCIAL;-;-;-;-;-;-;-;-;-;490,02;-;-;-;-;-;-;-
D13F28C001400;BRBMEFD302N1;FINANCIAL;-;-;-;-;-;-;-;-;-;455,86;-;-;-;-;-;-;-
D13F28C001425;BRBMEFD302O9;FINANCIAL;-;-;-;-;-;-;-;-;-;424,72;-;-;-;-;-;-;-
D13F28C001450;BRBMEFD302P6;FINANCIAL;-;-;-;-;-;-;-;-;-;396,32;-;-;-;-;-;-;-
D13F28C001475;BRBMEFD302Q4;FINANCIAL;-;-;-;-;-;-;-;-;-;370,72;-;-;-;-;-;-;-
D13F28C001500;BRBMEFD302R2;FINANCIAL;-;-;-;-;-;-;-;-;-;347,36;-;-;-;-;-;-;-
D13F28P001000;BRBMEFP301N9;FINANCIAL;-;-;-;-;-;-;-;-;-;255,67;-;-;-;-;-;-;-
D13F28P001025;BRBMEFP301O7;FINANCIAL;-;-;-;-;-;-;-;-;-;301,73;-;-;-;-;-;-;-
D13F28P001050;BRBMEFP301P4;FINANCIAL;-;-;-;-;-;-;-;-;-;353,29;-;-;-;-;-;-;-
D13F28P001075;BRBMEFP301Q2;FINANCIAL;-;-;-;-;-;-;-;-;-;416,52;-;-;-;-;-;-;-
D13F28P001100;BRBMEFP301R0;FINANCIAL;-;-;-;-;-;-;-;-;-;486,15;-;-;-;-;-;-;-
D13F28P001125;BRBMEFP301S8;FINANCIAL;-;-;-;-;-;-;-;-;-;561,8;-;-;-;-;-;-;-
D13F28P001150;BRBMEFP301T6;FINANCIAL;-;-;-;-;-;-;-;-;-;644,35;-;-;-;-;-;-;-
D13F28P001175;BRBMEFP301U4;FINANCIAL;-;-;-;-;-;-;-;-;-;735,11;-;-;-;-;-;-;-
D13F28P001200;BRBMEFP301V2;FINANCIAL;-;-;-;-;-;-;-;-;-;831,71;-;-;-;-;-;-;-
D13F28P001225;BRBMEFP301W0;FINANCIAL;-;-;-;-;-;-;-;-;-;933,11;-;-;-;-;-;-;-
D13F28P001250;BRBMEFP301X8;FINANCIAL;-;-;-;-;-;-;-;-;-;1040,02;-;-;-;-;-;-;-
D13F28P001275;BRBMEFP301Y6;FINANCIAL;-;-;-;-;-;-;-;-;-;1152,81;-;-;-;-;-;-;-
D13F28P001300;BRBMEFP301Z3;FINANCIAL;-;-;-;-;-;-;-;-;-;1269,63;-;-;-;-;-;-;-
D13F28P001325;BRBMEFP30202;FINANCIAL;-;-;-;-;-;-;-;-;-;1390,11;-;-;-;-;-;-;-
D13F28P001350;BRBMEFP30210;FINANCIAL;-;-;-;-;-;-;-;-;-;1514,23;-;-;-;-;-;-;-
D13F28P001375;BRBMEFP30228;FINANCIAL;-;-;-;-;-;-;-;-;-;1641,31;-;-;-;-;-;-;-
D13F28P001400;BRBMEFP30236;FINANCIAL;-;-;-;-;-;-;-;-;-;1771,69;-;-;-;-;-;-;-
D13F28P001425;BRBMEFP30244;FINANCIAL;-;-;-;-;-;-;-;-;-;1904,38;-;-;-;-;-;-;-
D13F28P001450;BRBMEFP30251;FINANCIAL;-;-;-;-;-;-;-;-;-;2039,1;-;-;-;-;-;-;-
D13F28P001475;BRBMEFP30269;FINANCIAL;-;-;-;-;-;-;-;-;-;2175,92;-;-;-;-;-;-;-
D13F28P001500;BRBMEFP30277;FINANCIAL;-;-;-;-;-;-;-;-;-;2314,28;-;-;-;-;-;-;-
D15F27C000900;BRBMEFCI57X8;FINANCIAL;-;-;-;-;-;-;-;-;-;4550,85;-;-;-;-;-;-;-
D15F27C000925;BRBMEFCI57Y6;FINANCIAL;-;-;-;-;-;-;-;-;-;4183,19;-;-;-;-;-;-;-
D15F27C000950;BRBMEFCI57Z3;FINANCIAL;-;-;-;-;-;-;-;-;-;3819,77;-;-;-;-;-;-;-
D15F27C000975;BRBMEFCI5801;FINANCIAL;-;-;-;-;-;-;-;-;-;3460,22;-;-;-;-;-;-;-
D15F27C001000;BRBMEFCI57S8;FINANCIAL;-;-;-;-;-;-;-;-;-;3106,4;-;-;-;-;-;-;-
D15F27C001025;BRBMEFCI5819;FINANCIAL;-;-;-;-;-;-;-;-;-;2759,6;-;-;-;-;-;-;-
D15F27C001050;BRBMEFCI57T6;FINANCIAL;-;-;-;-;-;-;-;-;-;2419,94;-;-;-;-;-;-;-
D15F27C001075;BRBMEFCI5827;FINANCIAL;-;-;-;-;-;-;-;-;-;2089,57;-;-;-;-;-;-;-
D15F27C001100;BRBMEFCI57U4;FINANCIAL;-;-;-;-;-;-;-;-;-;1780,04;-;-;-;-;-;-;-
D15F27C001125;BRBMEFCI5835;FINANCIAL;-;-;-;-;-;-;-;-;-;1493,06;-;-;-;-;-;-;-
D15F27C001150;BRBMEFCI57V2;FINANCIAL;-;-;-;-;-;-;-;-;-;1230,1;-;-;-;-;-;-;-
D15F27C001175;BRBMEFCI5843;FINANCIAL;-;-;-;-;-;-;-;-;-;1002,16;-;-;-;-;-;-;-
D15F27C001200;BRBMEFCI57W0;FINANCIAL;-;-;-;-;-;-;-;-;-;807,99;-;-;-;-;-;-;-
D15F27C001250;BRBMEFCI57D0;FINANCIAL;-;-;-;-;-;-;-;-;-;516,56;-;-;-;-;-;-;-
D15F27C001275;BRBMEFCI57E8;FINANCIAL;-;-;-;-;-;-;-;-;-;411,93;-;-;-;-;-;-;-
D15F27C001300;BRBMEFCI57F5;FINANCIAL;-;-;-;-;-;-;-;-;-;329,97;-;-;-;-;-;-;-
D15F27C001325;BRBMEFCI57G3;FINANCIAL;-;-;-;-;-;-;-;-;-;264,91;-;-;-;-;-;-;-
D15F27C001350;BRBMEFCI57H1;FINANCIAL;-;-;-;-;-;-;-;-;-;213,06;-;-;-;-;-;-;-
D15F27C001375;BRBMEFCI57I9;FINANCIAL;-;-;-;-;-;-;-;-;-;172,58;-;-;-;-;-;-;-
D15F27C001400;BRBMEFCI57J7;FINANCIAL;-;-;-;-;-;-;-;-;-;140,68;-;-;-;-;-;-;-
D15F27C001425;BRBMEFCI57K5;FINANCIAL;-;-;-;-;-;-;-;-;-;115,68;-;-;-;-;-;-;-
D15F27C001450;BRBMEFCI57L3;FINANCIAL;-;-;-;-;-;-;-;-;-;96,7;-;-;-;-;-;-;-
D15F27C001475;BRBMEFCI57M1;FINANCIAL;-;-;-;-;-;-;-;-;-;82,45;-;-;-;-;-;-;-
D15F27C001500;BRBMEFCI57N9;FINANCIAL;-;-;-;-;-;-;-;-;-;71,37;-;-;-;-;-;-;-
D15F27C001525;BRBMEFCI57O7;FINANCIAL;-;-;-;-;-;-;-;-;-;62,54;-;-;-;-;-;-;-
D15F27C001550;BRBMEFCI57P4;FINANCIAL;-;-;-;-;-;-;-;-;-;55,56;-;-;-;-;-;-;-
D15F27C001575;BRBMEFCI57Q2;FINANCIAL;-;-;-;-;-;-;-;-;-;47,08;-;-;-;-;-;-;-
D15F27C001600;BRBMEFCI57R0;FINANCIAL;-;-;-;-;-;-;-;-;-;39,45;-;-;-;-;-;-;-
D15F27P000900;BRBMEFVI57X8;FINANCIAL;-;-;-;-;-;-;-;-;-;3,16;-;-;-;-;-;-;-
D15F27P000925;BRBMEFVI57Y6;FINANCIAL;-;-;-;-;-;-;-;-;-;6,37;-;-;-;-;-;-;-
D15F27P000950;BRBMEFVI57Z3;FINANCIAL;-;-;-;-;-;-;-;-;-;11,31;-;-;-;-;-;-;-
D15F27P000975;BRBMEFVI5808;FINANCIAL;-;-;-;-;-;-;-;-;-;17,62;-;-;-;-;-;-;-
D15F27P001000;BRBMEFVI57S8;FINANCIAL;-;-;-;-;-;-;-;-;-;27,18;-;-;-;-;-;-;-
D15F27P001025;BRBMEFVI5816;FINANCIAL;-;-;-;-;-;-;-;-;-;41,31;-;-;-;-;-;-;-
D15F27P001050;BRBMEFVI57T6;FINANCIAL;-;-;-;-;-;-;-;-;-;60,14;-;-;-;-;-;-;-
D15F27P001075;BRBMEFVI5824;FINANCIAL;-;-;-;-;-;-;-;-;-;85,86;-;-;-;-;-;-;-
D15F27P001100;BRBMEFVI57U4;FINANCIAL;-;-;-;-;-;-;-;-;-;130,04;-;-;-;-;-;-;-
D15F27P001125;BRBMEFVI5832;FINANCIAL;-;-;-;-;-;-;-;-;-;194,4;-;-;-;-;-;-;-
D15F27P001150;BRBMEFVI57V2;FINANCIAL;-;-;-;-;-;-;-;-;-;280,42;-;-;-;-;-;-;-
D15F27P001175;BRBMEFVI5840;FINANCIAL;-;-;-;-;-;-;-;-;-;399,15;-;-;-;-;-;-;-
D15F27P001200;BRBMEFVI57W0;FINANCIAL;-;-;-;-;-;-;-;-;-;549,34;-;-;-;-;-;-;-
D15F27P001250;BRBMEFVI57D0;FINANCIAL;-;-;-;-;-;-;-;-;-;939,81;-;-;-;-;-;-;-
D15F27P001275;BRBMEFVI57E8;FINANCIAL;-;-;-;-;-;-;-;-;-;1172,75;-;-;-;-;-;-;-
D15F27P001300;BRBMEFVI57F5;FINANCIAL;-;-;-;-;-;-;-;-;-;1426,15;-;-;-;-;-;-;-
D15F27P001325;BRBMEFVI57G3;FINANCIAL;-;-;-;-;-;-;-;-;-;1694,23;-;-;-;-;-;-;-
D15F27P001350;BRBMEFVI57H1;FINANCIAL;-;-;-;-;-;-;-;-;-;1973,34;-;-;-;-;-;-;-
D15F27P001375;BRBMEFVI57I9;FINANCIAL;-;-;-;-;-;-;-;-;-;2261,66;-;-;-;-;-;-;-
D15F27P001400;BRBMEFVI57J7;FINANCIAL;-;-;-;-;-;-;-;-;-;2556,42;-;-;-;-;-;-;-
D15F27P001425;BRBMEFVI57K5;FINANCIAL;-;-;-;-;-;-;-;-;-;2855,94;-;-;-;-;-;-;-
D15F27P001450;BRBMEFVI57L3;FINANCIAL;-;-;-;-;-;-;-;-;-;3159,38;-;-;-;-;-;-;-
D15F27P001475;BRBMEFVI57M1;FINANCIAL;-;-;-;-;-;-;-;-;-;3465,45;-;-;-;-;-;-;-
D15F27P001500;BRBMEFVI57N9;FINANCIAL;-;-;-;-;-;-;-;-;-;3772,61;-;-;-;-;-;-;-
D15F27P001525;BRBMEFVI57O7;FINANCIAL;-;-;-;-;-;-;-;-;-;4079,98;-;-;-;-;-;-;-
D15F27P001550;BRBMEFVI57P4;FINANCIAL;-;-;-;-;-;-;-;-;-;4387,15;-;-;-;-;-;-;-
D15F27P001575;BRBMEFVI57Q2;FINANCIAL;-;-;-;-;-;-;-;-;-;4690,81;-;-;-;-;-;-;-
D15F27P001600;BRBMEFVI57R0;FINANCIAL;-;-;-;-;-;-;-;-;-;4993,31;-;-;-;-;-;-;-
D15N27C001000;BRBMEFCI5850;FINANCIAL;-;-;-;-;-;-;-;-;-;2264,36;-;-;-;-;-;-;-
D15N27C001050;BRBMEFCI5868;FINANCIAL;-;-;-;-;-;-;-;-;-;1831,23;-;-;-;-;-;-;-
D15N27C001100;BRBMEFCI5876;FINANCIAL;-;-;-;-;-;-;-;-;-;1449,1;-;-;-;-;-;-;-
D15N27C001150;BRBMEFCI5884;FINANCIAL;-;-;-;-;-;-;-;-;-;1132,54;-;-;-;-;-;-;-
D15N27C001200;BRBMEFCI5892;FINANCIAL;-;-;-;-;-;-;-;-;-;881,74;-;-;-;-;-;-;-
D15N27C001250;BRBMEFCI58A4;FINANCIAL;-;-;-;-;-;-;-;-;-;686,58;-;-;-;-;-;-;-
D15N27C001300;BRBMEFCI58B2;FINANCIAL;-;-;-;-;-;-;-;-;-;537,29;-;-;-;-;-;-;-
D15N27C001350;BRBMEFCI58C0;FINANCIAL;-;-;-;-;-;-;-;-;-;424,68;-;-;-;-;-;-;-
D15N27C001400;BRBMEFCI58D8;FINANCIAL;-;-;-;-;-;-;-;-;-;339,33;-;-;-;-;-;-;-
D15N27C001450;BRBMEFCI58E6;FINANCIAL;-;-;-;-;-;-;-;-;-;272,45;-;-;-;-;-;-;-
D15N27C001500;BRBMEFCI58F3;FINANCIAL;-;-;-;-;-;-;-;-;-;221,24;-;-;-;-;-;-;-
D15N27C001550;BRBMEFCI58G1;FINANCIAL;-;-;-;-;-;-;-;-;-;182,1;-;-;-;-;-;-;-
D15N27C001600;BRBMEFCI58H9;FINANCIAL;-;-;-;-;-;-;-;-;-;152,25;-;-;-;-;-;-;-
D15N27C001650;BRBMEFCI58I7;FINANCIAL;-;-;-;-;-;-;-;-;-;129,22;-;-;-;-;-;-;-
D15N27C001700;BRBMEFCI58J5;FINANCIAL;-;-;-;-;-;-;-;-;-;111,33;-;-;-;-;-;-;-
D15N27P001000;BRBMEFVI5857;FINANCIAL;-;-;-;-;-;-;-;-;-;158,94;-;-;-;-;-;-;-
D15N27P001050;BRBMEFVI5865;FINANCIAL;-;-;-;-;-;-;-;-;-;261,93;-;-;-;-;-;-;-
D15N27P001100;BRBMEFVI5873;FINANCIAL;-;-;-;-;-;-;-;-;-;409,91;-;-;-;-;-;-;-
D15N27P001150;BRBMEFVI5881;FINANCIAL;-;-;-;-;-;-;-;-;-;617,55;-;-;-;-;-;-;-
D15N27P001200;BRBMEFVI5899;FINANCIAL;-;-;-;-;-;-;-;-;-;885,13;-;-;-;-;-;-;-
D15N27P001250;BRBMEFVI58A4;FINANCIAL;-;-;-;-;-;-;-;-;-;1202,6;-;-;-;-;-;-;-
D15N27P001300;BRBMEFVI58B2;FINANCIAL;-;-;-;-;-;-;-;-;-;1560,31;-;-;-;-;-;-;-
D15N27P001350;BRBMEFVI58C0;FINANCIAL;-;-;-;-;-;-;-;-;-;1949,13;-;-;-;-;-;-;-
D15N27P001400;BRBMEFVI58D8;FINANCIAL;-;-;-;-;-;-;-;-;-;2359,73;-;-;-;-;-;-;-
D15N27P001450;BRBMEFVI58E6;FINANCIAL;-;-;-;-;-;-;-;-;-;2783,42;-;-;-;-;-;-;-
D15N27P001500;BRBMEFVI58F3;FINANCIAL;-;-;-;-;-;-;-;-;-;3217,46;-;-;-;-;-;-;-
D15N27P001550;BRBMEFVI58G1;FINANCIAL;-;-;-;-;-;-;-;-;-;3658,34;-;-;-;-;-;-;-
D15N27P001600;BRBMEFVI58H9;FINANCIAL;-;-;-;-;-;-;-;-;-;4103,37;-;-;-;-;-;-;-
D15N27P001650;BRBMEFVI58I7;FINANCIAL;-;-;-;-;-;-;-;-;-;4550,14;-;-;-;-;-;-;-
D15N27P001700;BRBMEFVI58J5;FINANCIAL;-;-;-;-;-;-;-;-;-;4997,05;-;-;-;-;-;-;-
D17F27C001250;BRBMEFCI78O3;FINANCIAL;-;-;-;-;-;-;-;-;-;740,71;-;-;-;-;-;-;-
D17F27C001275;BRBMEFCI78P0;FINANCIAL;-;-;-;-;-;-;-;-;-;563,36;-;-;-;-;-;-;-
D17F27C001300;BRBMEFCI78Q8;FINANCIAL;-;-;-;-;-;-;-;-;-;425,84;-;-;-;-;-;-;-
D17F27C001325;BRBMEFCI78R6;FINANCIAL;-;-;-;-;-;-;-;-;-;323,33;-;-;-;-;-;-;-
D17F27C001350;BRBMEFCI78S4;FINANCIAL;-;-;-;-;-;-;-;-;-;248,61;-;-;-;-;-;-;-
D17F27C001375;BRBMEFCI78T2;FINANCIAL;-;-;-;-;-;-;-;-;-;193,63;-;-;-;-;-;-;-
D17F27C001400;BRBMEFCI78U0;FINANCIAL;-;-;-;-;-;-;-;-;-;153,31;-;-;-;-;-;-;-
D17F27C001425;BRBMEFCI78V8;FINANCIAL;-;-;-;-;-;-;-;-;-;125,13;-;-;-;-;-;-;-
D17F27C001450;BRBMEFCI78W6;FINANCIAL;-;-;-;-;-;-;-;-;-;107,06;-;-;-;-;-;-;-
D17F27C001475;BRBMEFCI78X4;FINANCIAL;-;-;-;-;-;-;-;-;-;93,92;-;-;-;-;-;-;-
D17F27C001500;BRBMEFCI78Y2;FINANCIAL;-;-;-;-;-;-;-;-;-;84,52;-;-;-;-;-;-;-
D17F27C001525;BRBMEFCI78Z9;FINANCIAL;-;-;-;-;-;-;-;-;-;77,92;-;-;-;-;-;-;-
D17F27C001550;BRBMEFCI7906;FINANCIAL;-;-;-;-;-;-;-;-;-;70,44;-;-;-;-;-;-;-
D17F27C001575;BRBMEFCI7914;FINANCIAL;-;-;-;-;-;-;-;-;-;58,83;-;-;-;-;-;-;-
D17F27C001600;BRBMEFCI7922;FINANCIAL;-;-;-;-;-;-;-;-;-;49,56;-;-;-;-;-;-;-
D17F27P001250;BRBMEFVI78O3;FINANCIAL;-;-;-;-;-;-;-;-;-;974,48;-;-;-;-;-;-;-
D17F27P001275;BRBMEFVI78P0;FINANCIAL;-;-;-;-;-;-;-;-;-;1331,23;-;-;-;-;-;-;-
D17F27P001300;BRBMEFVI78Q8;FINANCIAL;-;-;-;-;-;-;-;-;-;1721,95;-;-;-;-;-;-;-
D17F27P001325;BRBMEFVI78R6;FINANCIAL;-;-;-;-;-;-;-;-;-;2141,9;-;-;-;-;-;-;-
D17F27P001350;BRBMEFVI78S4;FINANCIAL;-;-;-;-;-;-;-;-;-;2583,95;-;-;-;-;-;-;-
D17F27P001375;BRBMEFVI78T2;FINANCIAL;-;-;-;-;-;-;-;-;-;3040,11;-;-;-;-;-;-;-
D17F27P001400;BRBMEFVI78U0;FINANCIAL;-;-;-;-;-;-;-;-;-;3505,38;-;-;-;-;-;-;-
D17F27P001425;BRBMEFVI78V8;FINANCIAL;-;-;-;-;-;-;-;-;-;3977,32;-;-;-;-;-;-;-
D17F27P001450;BRBMEFVI78W6;FINANCIAL;-;-;-;-;-;-;-;-;-;4453,95;-;-;-;-;-;-;-
D17F27P001475;BRBMEFVI78X4;FINANCIAL;-;-;-;-;-;-;-;-;-;4930,18;-;-;-;-;-;-;-
D17F27P001500;BRBMEFVI78Y2;FINANCIAL;-;-;-;-;-;-;-;-;-;5404,88;-;-;-;-;-;-;-
D17F27P001525;BRBMEFVI78Z9;FINANCIAL;-;-;-;-;-;-;-;-;-;5877,18;-;-;-;-;-;-;-
D17F27P001550;BRBMEFVI7903;FINANCIAL;-;-;-;-;-;-;-;-;-;6343,46;-;-;-;-;-;-;-
D17F27P001575;BRBMEFVI7911;FINANCIAL;-;-;-;-;-;-;-;-;-;6800,55;-;-;-;-;-;-;-
D17F27P001600;BRBMEFVI7929;FINANCIAL;-;-;-;-;-;-;-;-;-;7254,98;-;-;-;-;-;-;-
D17N27C001000;BRBMEFCI7930;FINANCIAL;-;-;-;-;-;-;-;-;-;4709,33;-;-;-;-;-;-;-
D17N27C001050;BRBMEFCI7948;FINANCIAL;-;-;-;-;-;-;-;-;-;3722,85;-;-;-;-;-;-;-
D17N27C001100;BRBMEFCI7955;FINANCIAL;-;-;-;-;-;-;-;-;-;2807,95;-;-;-;-;-;-;-
D17N27C001150;BRBMEFCI7963;FINANCIAL;-;-;-;-;-;-;-;-;-;2010,49;-;-;-;-;-;-;-
D17N27C001200;BRBMEFCI7971;FINANCIAL;-;-;-;-;-;-;-;-;-;1373,5;-;-;-;-;-;-;-
D17N27C001250;BRBMEFCI7989;FINANCIAL;-;-;-;-;-;-;-;-;-;920,46;-;-;-;-;-;-;-
D17N27C001300;BRBMEFCI7997;FINANCIAL;-;-;-;-;-;-;-;-;-;622,5;-;-;-;-;-;-;-
D17N27C001350;BRBMEFCI79A0;FINANCIAL;-;-;-;-;-;-;-;-;-;420,07;-;-;-;-;-;-;-
D17N27C001400;BRBMEFCI79B8;FINANCIAL;-;-;-;-;-;-;-;-;-;290,21;-;-;-;-;-;-;-
D17N27C001450;BRBMEFCI79C6;FINANCIAL;-;-;-;-;-;-;-;-;-;206,58;-;-;-;-;-;-;-
D17N27C001500;BRBMEFCI79D4;FINANCIAL;-;-;-;-;-;-;-;-;-;152,15;-;-;-;-;-;-;-
D17N27C001550;BRBMEFCI79E2;FINANCIAL;-;-;-;-;-;-;-;-;-;121,43;-;-;-;-;-;-;-
D17N27C001600;BRBMEFCI79F9;FINANCIAL;-;-;-;-;-;-;-;-;-;102,03;-;-;-;-;-;-;-
D17N27C001650;BRBMEFCI79G7;FINANCIAL;-;-;-;-;-;-;-;-;-;89,81;-;-;-;-;-;-;-
D17N27C001700;BRBMEFCI79H5;FINANCIAL;-;-;-;-;-;-;-;-;-;82,66;-;-;-;-;-;-;-
D17N27P001000;BRBMEFVI7937;FINANCIAL;-;-;-;-;-;-;-;-;-;68,29;-;-;-;-;-;-;-
D17N27P001050;BRBMEFVI7945;FINANCIAL;-;-;-;-;-;-;-;-;-;111,8;-;-;-;-;-;-;-
D17N27P001100;BRBMEFVI7952;FINANCIAL;-;-;-;-;-;-;-;-;-;206,22;-;-;-;-;-;-;-
D17N27P001150;BRBMEFVI7960;FINANCIAL;-;-;-;-;-;-;-;-;-;397,9;-;-;-;-;-;-;-
D17N27P001200;BRBMEFVI7978;FINANCIAL;-;-;-;-;-;-;-;-;-;730,4;-;-;-;-;-;-;-
D17N27P001250;BRBMEFVI7986;FINANCIAL;-;-;-;-;-;-;-;-;-;1227,64;-;-;-;-;-;-;-
D17N27P001300;BRBMEFVI7994;FINANCIAL;-;-;-;-;-;-;-;-;-;1861,22;-;-;-;-;-;-;-
D17N27P001350;BRBMEFVI79A0;FINANCIAL;-;-;-;-;-;-;-;-;-;2572,06;-;-;-;-;-;-;-
D17N27P001400;BRBMEFVI79B8;FINANCIAL;-;-;-;-;-;-;-;-;-;3337,61;-;-;-;-;-;-;-
D17N27P001450;BRBMEFVI79C6;FINANCIAL;-;-;-;-;-;-;-;-;-;4131,96;-;-;-;-;-;-;-
D17N27P001500;BRBMEFVI79D4;FINANCIAL;-;-;-;-;-;-;-;-;-;4938,52;-;-;-;-;-;-;-
D17N27P001550;BRBMEFVI79E2;FINANCIAL;-;-;-;-;-;-;-;-;-;5752,17;-;-;-;-;-;-;-
D17N27P001600;BRBMEFVI79F9;FINANCIAL;-;-;-;-;-;-;-;-;-;6560,92;-;-;-;-;-;-;-
D17N27P001650;BRBMEFVI79G7;FINANCIAL;-;-;-;-;-;-;-;-;-;7361,02;-;-;-;-;-;-;-
D17N27P001700;BRBMEFVI79H5;FINANCIAL;-;-;-;-;-;-;-;-;-;8150,71;-;-;-;-;-;-;-
IDIF27C543600;BRBMEFCIAY99;FINANCIAL;-;-;-;-;-;-;-;-;-;6829,85;-;-;-;-;-;-;-
IDIF27C543700;BRBMEFCIAYA4;FINANCIAL;-;-;-;-;-;-;-;-;-;6732,67;-;-;-;-;-;-;-
IDIF27C543800;BRBMEFCIAYB2;FINANCIAL;-;-;-;-;-;-;-;-;-;6635,48;-;-;-;-;-;-;-
IDIF27C543900;BRBMEFCIAYC0;FINANCIAL;-;-;-;-;-;-;-;-;-;6538,29;-;-;-;-;-;-;-
IDIF27C544000;BRBMEFCIAW83;FINANCIAL;-;-;-;-;-;-;-;-;-;6441,11;-;-;-;-;-;-;-
IDIF27C544100;BRBMEFCIAYD8;FINANCIAL;-;-;-;-;-;-;-;-;-;6343,92;-;-;-;-;-;-;-
IDIF27C544200;BRBMEFCIAYE6;FINANCIAL;-;-;-;-;-;-;-;-;-;6246,73;-;-;-;-;-;-;-
IDIF27C544300;BRBMEFCIAYF3;FINANCIAL;-;-;-;-;-;-;-;-;-;6149,54;-;-;-;-;-;-;-
IDIF27C544400;BRBMEFCIAXK5;FINANCIAL;-;-;-;-;-;-;-;-;-;6052,36;-;-;-;-;-;-;-
IDIF27C544500;BRBMEFCIAWU6;FINANCIAL;-;-;-;-;-;-;-;-;-;5955,17;-;-;-;-;-;-;-
IDIF27C544600;BRBMEFCIAXL3;FINANCIAL;-;-;-;-;-;-;-;-;-;5857,98;-;-;-;-;-;-;-
IDIF27C544700;BRBMEFCIAXM1;FINANCIAL;-;-;-;-;-;-;-;-;-;5760,8;-;-;-;-;-;-;-
IDIF27C544800;BRBMEFCIAXN9;FINANCIAL;-;-;-;-;-;-;-;-;-;5663,61;-;-;-;-;-;-;-
IDIF27C544900;BRBMEFCIAXO7;FINANCIAL;-;-;-;-;-;-;-;-;-;5566,42;-;-;-;-;-;-;-
IDIF27C545000;BRBMEFCIAW91;FINANCIAL;-;-;-;-;-;-;-;-;-;5469,24;-;-;-;-;-;-;-
IDIF27C545100;BRBMEFCIAXP4;FINANCIAL;-;-;-;-;-;-;-;-;-;5372,05;-;-;-;-;-;-;-
IDIF27C545200;BRBMEFCIAXQ2;FINANCIAL;-;-;-;-;-;-;-;-;-;5274,86;-;-;-;-;-;-;-
IDIF27C545300;BRBMEFCIAXR0;FINANCIAL;-;-;-;-;-;-;-;-;-;5177,67;-;-;-;-;-;-;-
IDIF27C545400;BRBMEFCIAXS8;FINANCIAL;-;-;-;-;-;-;-;-;-;5080,49;-;-;-;-;-;-;-
IDIF27C545500;BRBMEFCIAWV4;FINANCIAL;-;-;-;-;-;-;-;-;-;4983,3;-;-;-;-;-;-;-
IDIF27C545600;BRBMEFCIAXT6;FINANCIAL;-;-;-;-;-;-;-;-;-;4886,11;-;-;-;-;-;-;-
IDIF27C545700;BRBMEFCIAXU4;FINANCIAL;-;-;-;-;-;-;-;-;-;4788,93;-;-;-;-;-;-;-
IDIF27C545800;BRBMEFCIAXV2;FINANCIAL;-;-;-;-;-;-;-;-;-;4691,74;-;-;-;-;-;-;-
IDIF27C545900;BRBMEFCIAXW0;FINANCIAL;-;-;-;-;-;-;-;-;-;4594,55;-;-;-;-;-;-;-
IDIF27C546000;BRBMEFCIAWW2;FINANCIAL;-;-;-;-;-;-;-;-;-;4497,37;-;-;-;-;-;-;-
IDIF27C546100;BRBMEFCIAYG1;FINANCIAL;-;-;-;-;-;-;-;-;-;4400,18;-;-;-;-;-;-;-
IDIF27C546200;BRBMEFCIAYH9;FINANCIAL;-;-;-;-;-;-;-;-;-;4302,99;-;-;-;-;-;-;-
IDIF27C546300;BRBMEFCIAYI7;FINANCIAL;-;-;-;-;-;-;-;-;-;4205,8;-;-;-;-;-;-;-
IDIF27C546400;BRBMEFCIAYJ5;FINANCIAL;-;-;-;-;-;-;-;-;-;4108,62;-;-;-;-;-;-;-
IDIF27C546500;BRBMEFCIAWX0;FINANCIAL;-;-;-;-;-;-;-;-;-;4011,43;-;-;-;-;-;-;-
IDIF27C546600;BRBMEFCIAYK3;FINANCIAL;-;-;-;-;-;-;-;-;-;3914,24;-;-;-;-;-;-;-
IDIF27C546700;BRBMEFCIAYL1;FINANCIAL;-;-;-;-;-;-;-;-;-;3817,06;-;-;-;-;-;-;-
IDIF27C546800;BRBMEFCIAYM9;FINANCIAL;-;-;-;-;-;-;-;-;-;3719,87;-;-;-;-;-;-;-
IDIF27C546900;BRBMEFCIAYN7;FINANCIAL;-;-;-;-;-;-;-;-;-;3622,68;-;-;-;-;-;-;-
IDIF27C547000;BRBMEFCIAWY8;FINANCIAL;-;-;-;-;-;-;-;-;-;3525,5;-;-;-;-;-;-;-
IDIF27C547100;BRBMEFCIAYO5;FINANCIAL;-;-;-;-;-;-;-;-;-;3428,31;-;-;-;-;-;-;-
IDIF27C547200;BRBMEFCIAYP2;FINANCIAL;-;-;-;-;-;-;-;-;-;3331,12;-;-;-;-;-;-;-
IDIF27C547300;BRBMEFCIAWA8;FINANCIAL;-;-;-;-;-;-;-;-;-;3233,94;-;-;-;-;-;-;-
IDIF27C547400;BRBMEFCIAX17;FINANCIAL;-;-;-;-;-;-;-;-;-;3136,75;-;-;-;-;-;-;-
IDIF27C547500;BRBMEFCIAX25;FINANCIAL;-;-;-;-;-;-;-;-;-;3039,56;-;-;-;-;-;-;-
IDIF27C547600;BRBMEFCIAX33;FINANCIAL;-;-;-;-;-;-;-;-;-;2942,37;-;-;-;-;-;-;-
IDIF27C547700;BRBMEFCIAX41;FINANCIAL;-;-;-;-;-;-;-;-;-;2845,19;-;-;-;-;-;-;-
IDIF27C547800;BRBMEFCIAX58;FINANCIAL;-;-;-;-;-;-;-;-;-;2748;-;-;-;-;-;-;-
IDIF27C547900;BRBMEFCIAX66;FINANCIAL;-;-;-;-;-;-;-;-;-;2650,81;-;-;-;-;-;-;-
IDIF27C548000;BRBMEFCIAWB6;FINANCIAL;-;-;-;-;-;-;-;-;-;2553,63;-;-;-;-;-;-;-
IDIF27C548100;BRBMEFCIAX74;FINANCIAL;-;-;-;-;-;-;-;-;-;2456,44;-;-;-;-;-;-;-
IDIF27C548200;BRBMEFCIAX82;FINANCIAL;-;-;-;-;-;-;-;-;-;2359,25;-;-;-;-;-;-;-
IDIF27C548300;BRBMEFCIAX90;FINANCIAL;-;-;-;-;-;-;-;-;-;2262,07;-;-;-;-;-;-;-
IDIF27C548400;BRBMEFCIAXA6;FINANCIAL;-;-;-;-;-;-;-;-;-;2164,88;-;-;-;-;-;-;-
IDIF27C548500;BRBMEFCIAXB4;FINANCIAL;-;-;-;-;-;-;-;-;-;2067,69;-;-;-;-;-;-;-
IDIF27C548600;BRBMEFCIAXC2;FINANCIAL;-;-;-;-;-;-;-;-;-;1970,5;-;-;-;-;-;-;-
IDIF27C548700;BRBMEFCIAXD0;FINANCIAL;-;-;-;-;-;-;-;-;-;1873,32;-;-;-;-;-;-;-
IDIF27C548800;BRBMEFCIAXE8;FINANCIAL;-;-;-;-;-;-;-;-;-;1776,13;-;-;-;-;-;-;-
IDIF27C548900;BRBMEFCIAXF5;FINANCIAL;-;-;-;-;-;-;-;-;-;1678,94;-;-;-;-;-;-;-
IDIF27C549000;BRBMEFCIAXG3;FINANCIAL;-;-;-;-;-;-;-;-;-;1581,76;-;-;-;-;-;-;-
IDIF27C549100;BRBMEFCIAXH1;FINANCIAL;-;-;-;-;-;-;-;-;-;1484,57;-;-;-;-;-;-;-
IDIF27C549200;BRBMEFCIAXI9;FINANCIAL;-;-;-;-;-;-;-;-;-;1387,38;-;-;-;-;-;-;-
IDIF27C549300;BRBMEFCIAXJ7;FINANCIAL;-;-;-;-;-;-;-;-;-;1290,2;-;-;-;-;-;-;-
IDIF27C549400;BRBMEFCIAYQ0;FINANCIAL;-;-;-;-;-;-;-;-;-;1193,01;-;-;-;-;-;-;-
IDIF27C549500;BRBMEFCIAYR8;FINANCIAL;-;-;-;-;-;-;-;-;-;1095,82;-;-;-;-;-;-;-
IDIF27C549600;BRBMEFCIAYS6;FINANCIAL;-;-;-;-;-;-;-;-;-;998,63;-;-;-;-;-;-;-
IDIF27C549700;BRBMEFCIAYT4;FINANCIAL;-;-;-;-;-;-;-;-;-;901,45;-;-;-;-;-;-;-
IDIF27C549800;BRBMEFCIAYU2;FINANCIAL;-;-;-;-;-;-;-;-;-;804,26;-;-;-;-;-;-;-
IDIF27C549900;BRBMEFCIAYV0;FINANCIAL;-;-;-;-;-;-;-;-;-;707,07;-;-;-;-;-;-;-
IDIF27C550000;BRBMEFCIAWC4;FINANCIAL;-;-;-;-;-;-;-;-;-;609,89;-;-;-;-;-;-;-
IDIF27C550100;BRBMEFCIAYW8;FINANCIAL;-;-;-;-;-;-;-;-;-;512,74;-;-;-;-;-;-;-
IDIF27C550200;BRBMEFCIAYX6;FINANCIAL;-;-;-;-;-;-;-;-;-;415,83;-;-;-;-;-;-;-
IDIF27C550300;BRBMEFCIAYY4;FINANCIAL;-;-;-;-;-;-;-;-;-;319,67;-;-;-;-;-;-;-
IDIF27C550400;BRBMEFCIAYZ1;FINANCIAL;-;-;-;-;-;-;-;-;-;225,82;-;-;-;-;-;-;-
IDIF27C550500;BRBMEFCIAZ07;FINANCIAL;-;-;-;-;-;-;-;-;-;135,85;-;-;-;-;-;-;-
IDIF27C550600;BRBMEFCIAZ15;FINANCIAL;60,25;60,25;60,25;60,25;60,25;42,56;-;-;-;69,05;-;-;-;-;2;2.274;137008,5
IDIF27C550700;BRBMEFCIAZ23;FINANCIAL;42,81;42,81;42,81;42,81;42,81;57,27;-;-;-;50,74;-;-;-;-;2;2.274;97349,94
IDIF27C550800;BRBMEFCIAZ31;FINANCIAL;-;-;-;-;-;-;-;-;-;39;-;-;-;-;-;-;-
IDIF27C550900;BRBMEFCIAZ49;FINANCIAL;-;-;-;-;-;-;-;-;-;30,93;-;-;-;-;-;-;-
IDIF27C551000;BRBMEFCIAZ56;FINANCIAL;-;-;-;-;-;-;-;-;-;25,15;-;-;-;-;-;-;-
IDIF27C551100;BRBMEFCIAZ64;FINANCIAL;-;-;-;-;-;-;-;-;-;19,54;-;-;-;-;-;-;-
IDIF27C551200;BRBMEFCIAZ72;FINANCIAL;10,47;10,47;10,47;10,47;10,47;-74,12;-;-;-;14,74;-;-;-;-;2;270;2826,9
IDIF27C551300;BRBMEFCIAZ80;FINANCIAL;7,16;7,16;7,16;7,16;7,16;-87,13;-;-;-;11,06;-;-;-;-;2;270;1933,2
IDIF27C551400;BRBMEFCIAZ98;FINANCIAL;4,97;4,97;4,97;4,97;4,97;-84,57;-;-;-;8,01;-;-;-;-;2;228;1133,16
IDIF27C551500;BRBMEFCIAZA1;FINANCIAL;3,26;3,26;3,26;3,26;3,26;-93,3;-;-;-;5,94;-;-;-;-;2;228;743,28
IDIF27C551600;BRBMEFCIAZB9;FINANCIAL;2,01;2,01;2,01;2,01;2,01;-95,38;-;-;-;4,84;-;-;-;-;2;9.470;19034,7
IDIF27C551700;BRBMEFCIAZC7;FINANCIAL;1,14;1,14;1,14;1,14;1,14;-97,03;-;-;-;4,31;-;-;-;-;2;8.710;9929,4
IDIF27C551800;BRBMEFCIAZD5;FINANCIAL;-;-;-;-;-;-;-;-;-;3,93;-;-;-;-;-;-;-
IDIF27C551900;BRBMEFCIAZZ8;FINANCIAL;-;-;-;-;-;-;-;-;-;3,62;-;-;-;-;-;-;-
IDIF27C552000;BRBMEFCID034;FINANCIAL;-;-;-;-;-;-;-;-;-;3,4;-;-;-;-;-;-;-
IDIF27C552100;BRBMEFCIAZT1;FINANCIAL;-;-;-;-;-;-;-;-;-;3,23;-;-;-;-;-;-;-
IDIF27C552200;BRBMEFCID075;FINANCIAL;-;-;-;-;-;-;-;-;-;3,09;-;-;-;-;-;-;-
IDIF27C552300;BRBMEFCID083;FINANCIAL;-;-;-;-;-;-;-;-;-;2,99;-;-;-;-;-;-;-
IDIF27C552400;BRBMEFCID091;FINANCIAL;-;-;-;-;-;-;-;-;-;2,9;-;-;-;-;-;-;-
IDIF27C552500;BRBMEFCID0A4;FINANCIAL;-;-;-;-;-;-;-;-;-;2,81;-;-;-;-;-;-;-
IDIF27C552600;BRBMEFCIAZU9;FINANCIAL;-;-;-;-;-;-;-;-;-;2,58;-;-;-;-;-;-;-
IDIF27C552700;BRBMEFCID0B2;FINANCIAL;-;-;-;-;-;-;-;-;-;1,8;-;-;-;-;-;-;-
IDIF27C552800;BRBMEFCID0C0;FINANCIAL;-;-;-;-;-;-;-;-;-;1,24;-;-;-;-;-;-;-
IDIF27C552900;BRBMEFCID0D8;FINANCIAL;-;-;-;-;-;-;-;-;-;0,85;-;-;-;-;-;-;-
IDIF27C553000;BRBMEFCID0E6;FINANCIAL;-;-;-;-;-;-;-;-;-;0,57;-;-;-;-;-;-;-
IDIF27C553100;BRBMEFCID0F3;FINANCIAL;-;-;-;-;-;-;-;-;-;0,38;-;-;-;-;-;-;-
IDIF27C553200;BRBMEFCID0G1;FINANCIAL;-;-;-;-;-;-;-;-;-;0,25;-;-;-;-;-;-;-
IDIF27C553300;BRBMEFCID0H9;FINANCIAL;-;-;-;-;-;-;-;-;-;0,16;-;-;-;-;-;-;-
IDIF27C553400;BRBMEFCID0I7;FINANCIAL;-;-;-;-;-;-;-;-;-;0,1;-;-;-;-;-;-;-
IDIF27C553500;BRBMEFCID0J5;FINANCIAL;-;-;-;-;-;-;-;-;-;0,07;-;-;-;-;-;-;-
IDIF27C553600;BRBMEFCID0K3;FINANCIAL;-;-;-;-;-;-;-;-;-;0,04;-;-;-;-;-;-;-
IDIF27C553700;BRBMEFCID0L1;FINANCIAL;-;-;-;-;-;-;-;-;-;0,03;-;-;-;-;-;-;-
IDIF27C553900;BRBMEFCIAX09;FINANCIAL;-;-;-;-;-;-;-;-;-;0,01;-;-;-;-;-;-;-
IDIF27C554000;BRBMEFCIAZE3;FINANCIAL;-;-;-;-;-;-;-;-;-;0,01;-;-;-;-;-;-;-
IDIF27C554100;BRBMEFCIAZF0;FINANCIAL;-;-;-;-;-;-;-;-;-;0,01;-;-;-;-;-;-;-
IDIF27C554200;BRBMEFCIAZG8;FINANCIAL;-;-;-;-;-;-;-;-;-;0,01;-;-;-;-;-;-;-
IDIF27C554300;BRBMEFCIAZH6;FINANCIAL;-;-;-;-;-;-;-;-;-;0,01;-;-;-;-;-;-;-
IDIF27C554400;BRBMEFCIAZI4;FINANCIAL;-;-;-;-;-;-;-;-;-;0,01;-;-;-;-;-;-;-
IDIF27C554500;BRBMEFCIAZJ2;FINANCIAL;-;-;-;-;-;-;-;-;-;0,01;-;-;-;-;-;-;-
IDIF27C554600;BRBMEFCIAZK0;FINANCIAL;-;-;-;-;-;-;-;-;-;0,01;-;-;-;-;-;-;-
IDIF27C554700;BRBMEFCIAZL8;FINANCIAL;-;-;-;-;-;-;-;-;-;0,01;-;-;-;-;-;-;-
IDIF27C554800;BRBMEFCIAZM6;FINANCIAL;-;-;-;-;-;-;-;-;-;0,01;-;-;-;-;-;-;-
IDIF27C554900;BRBMEFCIAZN4;FINANCIAL;-;-;-;-;-;-;-;-;-;0,01;-;-;-;-;-;-;-
IDIF27C555000;BRBMEFCIAWD2;FINANCIAL;-;-;-;-;-;-;-;-;-;0,01;-;-;-;-;-;-;-
IDIF27C555100;BRBMEFCIAZO2;FINANCIAL;-;-;-;-;-;-;-;-;-;0,01;-;-;-;-;-;-;-
IDIF27C555200;BRBMEFCIAZP9;FINANCIAL;-;-;-;-;-;-;-;-;-;0,01;-;-;-;-;-;-;-
IDIF27C555300;BRBMEFCIAZQ7;FINANCIAL;-;-;-;-;-;-;-;-;-;0,01;-;-;-;-;-;-;-
IDIF27C555400;BRBMEFCIAZR5;FINANCIAL;-;-;-;-;-;-;-;-;-;0,01;-;-;-;-;-;-;-
IDIF27C555500;BRBMEFCIAZS3;FINANCIAL;-;-;-;-;-;-;-;-;-;0,01;-;-;-;-;-;-;-
IDIF27C900000;BRBMEFCID0M9;FINANCIAL;-;-;-;-;-;-;-;-;-;0,01;-;-;-;-;-;-;-
IDIF27P543600;BRBMEFVI1Y97;FINANCIAL;-;-;-;-;-;-;-;-;-;0,01;-;-;-;-;-;-;-
IDIF27P543700;BRBMEFVI1YA3;FINANCIAL;-;-;-;-;-;-;-;-;-;0,01;-;-;-;-;-;-;-
IDIF27P543800;BRBMEFVI1YB1;FINANCIAL;-;-;-;-;-;-;-;-;-;0,01;-;-;-;-;-;-;-
IDIF27P543900;BRBMEFVI1YC9;FINANCIAL;-;-;-;-;-;-;-;-;-;0,01;-;-;-;-;-;-;-
IDIF27P544000;BRBMEFVI1W81;FINANCIAL;-;-;-;-;-;-;-;-;-;0,01;-;-;-;-;-;-;-
IDIF27P544100;BRBMEFVI1YD7;FINANCIAL;-;-;-;-;-;-;-;-;-;0,01;-;-;-;-;-;-;-
IDIF27P544200;BRBMEFVI1YE5;FINANCIAL;-;-;-;-;-;-;-;-;-;0,01;-;-;-;-;-;-;-
IDIF27P544300;BRBMEFVI1YF2;FINANCIAL;-;-;-;-;-;-;-;-;-;0,01;-;-;-;-;-;-;-
IDIF27P544400;BRBMEFVI1XK4;FINANCIAL;-;-;-;-;-;-;-;-;-;0,01;-;-;-;-;-;-;-
IDIF27P544500;BRBMEFVI1WU5;FINANCIAL;-;-;-;-;-;-;-;-;-;0,01;-;-;-;-;-;-;-
IDIF27P544600;BRBMEFVI1XL2;FINANCIAL;-;-;-;-;-;-;-;-;-;0,01;-;-;-;-;-;-;-
IDIF27P544700;BRBMEFVI1XM0;FINANCIAL;-;-;-;-;-;-;-;-;-;0,01;-;-;-;-;-;-;-
IDIF27P544800;BRBMEFVI1XN8;FINANCIAL;-;-;-;-;-;-;-;-;-;0,01;-;-;-;-;-;-;-
IDIF27P544900;BRBMEFVI1XO6;FINANCIAL;-;-;-;-;-;-;-;-;-;0,01;-;-;-;-;-;-;-
IDIF27P545000;BRBMEFVI1W99;FINANCIAL;-;-;-;-;-;-;-;-;-;0,01;-;-;-;-;-;-;-
IDIF27P545100;BRBMEFVI1XP3;FINANCIAL;-;-;-;-;-;-;-;-;-;0,01;-;-;-;-;-;-;-
IDIF27P545200;BRBMEFVI1XQ1;FINANCIAL;-;-;-;-;-;-;-;-;-;0,01;-;-;-;-;-;-;-
IDIF27P545300;BRBMEFVI1XR9;FINANCIAL;-;-;-;-;-;-;-;-;-;0,01;-;-;-;-;-;-;-
IDIF27P545400;BRBMEFVI1XS7;FINANCIAL;-;-;-;-;-;-;-;-;-;0,01;-;-;-;-;-;-;-
IDIF27P545500;BRBMEFVI1WV3;FINANCIAL;-;-;-;-;-;-;-;-;-;0,01;-;-;-;-;-;-;-
IDIF27P545600;BRBMEFVI1XT5;FINANCIAL;-;-;-;-;-;-;-;-;-;0,01;-;-;-;-;-;-;-
IDIF27P545700;BRBMEFVI1XU3;FINANCIAL;-;-;-;-;-;-;-;-;-;0,01;-;-;-;-;-;-;-
IDIF27P545800;BRBMEFVI1XV1;FINANCIAL;-;-;-;-;-;-;-;-;-;0,01;-;-;-;-;-;-;-
IDIF27P545900;BRBMEFVI1XW9;FINANCIAL;-;-;-;-;-;-;-;-;-;0,01;-;-;-;-;-;-;-
IDIF27P546000;BRBMEFVI1WW1;FINANCIAL;-;-;-;-;-;-;-;-;-;0,01;-;-;-;-;-;-;-
IDIF27P546100;BRBMEFVI1YG0;FINANCIAL;-;-;-;-;-;-;-;-;-;0,01;-;-;-;-;-;-;-
IDIF27P546200;BRBMEFVI1YH8;FINANCIAL;-;-;-;-;-;-;-;-;-;0,01;-;-;-;-;-;-;-
IDIF27P546300;BRBMEFVI1YI6;FINANCIAL;-;-;-;-;-;-;-;-;-;0,01;-;-;-;-;-;-;-
IDIF27P546400;BRBMEFVI1YJ4;FINANCIAL;-;-;-;-;-;-;-;-;-;0,01;-;-;-;-;-;-;-
IDIF27P546500;BRBMEFVI1WX9;FINANCIAL;-;-;-;-;-;-;-;-;-;0,01;-;-;-;-;-;-;-
IDIF27P546600;BRBMEFVI1YK2;FINANCIAL;-;-;-;-;-;-;-;-;-;0,01;-;-;-;-;-;-;-
IDIF27P546700;BRBMEFVI1YL0;FINANCIAL;-;-;-;-;-;-;-;-;-;0,01;-;-;-;-;-;-;-
IDIF27P546800;BRBMEFVI1YM8;FINANCIAL;-;-;-;-;-;-;-;-;-;0,01;-;-;-;-;-;-;-
IDIF27P546900;BRBMEFVI1YN6;FINANCIAL;-;-;-;-;-;-;-;-;-;0,01;-;-;-;-;-;-;-
IDIF27P547000;BRBMEFVI1WY7;FINANCIAL;-;-;-;-;-;-;-;-;-;0,01;-;-;-;-;-;-;-
IDIF27P547100;BRBMEFVI1YO4;FINANCIAL;-;-;-;-;-;-;-;-;-;0,01;-;-;-;-;-;-;-
IDIF27P547200;BRBMEFVI1YP1;FINANCIAL;-;-;-;-;-;-;-;-;-;0,01;-;-;-;-;-;-;-
IDIF27P547300;BRBMEFVI1WA7;FINANCIAL;-;-;-;-;-;-;-;-;-;0,01;-;-;-;-;-;-;-
IDIF27P547400;BRBMEFVI1X15;FINANCIAL;-;-;-;-;-;-;-;-;-;0,01;-;-;-;-;-;-;-
IDIF27P547500;BRBMEFVI1X23;FINANCIAL;-;-;-;-;-;-;-;-;-;0,01;-;-;-;-;-;-;-
IDIF27P547600;BRBMEFVI1X31;FINANCIAL;-;-;-;-;-;-;-;-;-;0,01;-;-;-;-;-;-;-
IDIF27P547700;BRBMEFVI1X49;FINANCIAL;-;-;-;-;-;-;-;-;-;0,01;-;-;-;-;-;-;-
IDIF27P547800;BRBMEFVI1X56;FINANCIAL;-;-;-;-;-;-;-;-;-;0,01;-;-;-;-;-;-;-
IDIF27P547900;BRBMEFVI1X64;FINANCIAL;-;-;-;-;-;-;-;-;-;0,01;-;-;-;-;-;-;-
IDIF27P548000;BRBMEFVI1WB5;FINANCIAL;-;-;-;-;-;-;-;-;-;0,01;-;-;-;-;-;-;-
IDIF27P548100;BRBMEFVI1X72;FINANCIAL;-;-;-;-;-;-;-;-;-;0,01;-;-;-;-;-;-;-
IDIF27P548200;BRBMEFVI1X80;FINANCIAL;-;-;-;-;-;-;-;-;-;0,01;-;-;-;-;-;-;-
IDIF27P548300;BRBMEFVI1X98;FINANCIAL;-;-;-;-;-;-;-;-;-;0,01;-;-;-;-;-;-;-
IDIF27P548400;BRBMEFVI1XA5;FINANCIAL;-;-;-;-;-;-;-;-;-;0,01;-;-;-;-;-;-;-
IDIF27P548500;BRBMEFVI1XB3;FINANCIAL;-;-;-;-;-;-;-;-;-;0,01;-;-;-;-;-;-;-
IDIF27P548600;BRBMEFVI1XC1;FINANCIAL;-;-;-;-;-;-;-;-;-;0,01;-;-;-;-;-;-;-
IDIF27P548700;BRBMEFVI1XD9;FINANCIAL;-;-;-;-;-;-;-;-;-;0,01;-;-;-;-;-;-;-
IDIF27P548800;BRBMEFVI1XE7;FINANCIAL;-;-;-;-;-;-;-;-;-;0,01;-;-;-;-;-;-;-
IDIF27P548900;BRBMEFVI1XF4;FINANCIAL;-;-;-;-;-;-;-;-;-;0,01;-;-;-;-;-;-;-
IDIF27P549000;BRBMEFVI1XG2;FINANCIAL;-;-;-;-;-;-;-;-;-;0,01;-;-;-;-;-;-;-
IDIF27P549100;BRBMEFVI1XH0;FINANCIAL;-;-;-;-;-;-;-;-;-;0,01;-;-;-;-;-;-;-
IDIF27P549200;BRBMEFVI1XI8;FINANCIAL;-;-;-;-;-;-;-;-;-;0,01;-;-;-;-;-;-;-
IDIF27P549300;BRBMEFVI1XJ6;FINANCIAL;-;-;-;-;-;-;-;-;-;0,01;-;-;-;-;-;-;-
IDIF27P549400;BRBMEFVI1YQ9;FINANCIAL;-;-;-;-;-;-;-;-;-;0,01;-;-;-;-;-;-;-
IDIF27P549500;BRBMEFVI1YR7;FINANCIAL;-;-;-;-;-;-;-;-;-;0,01;-;-;-;-;-;-;-
IDIF27P549600;BRBMEFVI1YS5;FINANCIAL;-;-;-;-;-;-;-;-;-;0,01;-;-;-;-;-;-;-
IDIF27P549700;BRBMEFVI1YT3;FINANCIAL;-;-;-;-;-;-;-;-;-;0,01;-;-;-;-;-;-;-
IDIF27P549800;BRBMEFVI1YU1;FINANCIAL;-;-;-;-;-;-;-;-;-;0,01;-;-;-;-;-;-;-
IDIF27P549900;BRBMEFVI1YV9;FINANCIAL;-;-;-;-;-;-;-;-;-;0,01;-;-;-;-;-;-;-
IDIF27P550000;BRBMEFVI1WC3;FINANCIAL;-;-;-;-;-;-;-;-;-;0,01;-;-;-;-;-;-;-
IDIF27P550100;BRBMEFVI1YW7;FINANCIAL;-;-;-;-;-;-;-;-;-;0,04;-;-;-;-;-;-;-
IDIF27P550200;BRBMEFVI1YX5;FINANCIAL;-;-;-;-;-;-;-;-;-;0,32;-;-;-;-;-;-;-
IDIF27P550300;BRBMEFVI1YY3;FINANCIAL;2,11;2,11;2,11;2,11;2,11;-64,35;-;-;-;1,34;-;-;-;-;2;2.286;4823,46
IDIF27P550400;BRBMEFVI1YZ0;FINANCIAL;5,21;5,21;5,21;5,21;5,21;-33,11;-;-;-;4,68;-;-;-;-;2;8.820;45952,2
IDIF27P550500;BRBMEFVI1Z05;FINANCIAL;13,23;6,5;13,23;12,61;6,5;-67,15;-;-;-;11,9;-;-;-;-;3;6.723;84806,34
IDIF27P550600;BRBMEFVI1Z13;FINANCIAL;46,01;36;46,01;45,25;36;-14,87;-;-;-;42,28;-;-;-;-;3;14.261;645387,86
IDIF27P550700;BRBMEFVI1Z21;FINANCIAL;125,72;116;125,72;124,58;116;-21,51;-;-;-;121,16;-;-;-;-;3;1.333;166078,16
IDIF27P550800;BRBMEFVI1Z39;FINANCIAL;212,43;201;212,43;211,07;201;-13,65;-;-;-;206,61;-;-;-;-;3;5.185;1094420,1
IDIF27P550900;BRBMEFVI1Z47;FINANCIAL;303;303;303;303;303;-6,7;-;-;-;295,73;-;-;-;-;2;2.020;612060
IDIF27P551000;BRBMEFVI1Z54;FINANCIAL;394,59;394,59;394,59;394,59;394,59;-5,77;-;-;-;387,14;-;-;-;-;2;3.986;1572835,74
IDIF27P551100;BRBMEFVI1Z62;FINANCIAL;486,73;486,73;486,73;486,73;486,73;-5,13;-;-;-;478,71;-;-;-;-;2;4.132;2011168,36
IDIF27P551200;BRBMEFVI1Z70;FINANCIAL;579,07;579,07;579,07;579,07;579,07;-4,66;-;-;-;571,1;-;-;-;-;2;2.586;1497475,02
IDIF27P551300;BRBMEFVI1Z88;FINANCIAL;672,9;672,9;672,9;672,9;672,9;-4,11;-;-;-;664,6;-;-;-;-;2;850;571965
IDIF27P551400;BRBMEFVI1Z96;FINANCIAL;767,85;767,85;767,85;767,85;767,85;-3,56;-;-;-;758,74;-;-;-;-;2;380;291783
IDIF27P551500;BRBMEFVI1ZA0;FINANCIAL;863,28;863,28;863,28;863,28;863,28;-3,32;-;-;-;853,86;-;-;-;-;2;380;328046,4
IDIF27P551600;BRBMEFVI1ZB8;FINANCIAL;959,17;959,17;959,17;959,17;959,17;10,78;-;-;-;949,95;-;-;-;-;2;380;364484,6
IDIF27P551700;BRBMEFVI1ZC6;FINANCIAL;1053,46;1053,46;1053,46;1053,46;1053,46;9,88;-;-;-;1046,6;-;-;-;-;2;380;400314,8
IDIF27P551800;BRBMEFVI1ZD4;FINANCIAL;-;-;-;-;-;-;-;-;-;1143,41;-;-;-;-;-;-;-
IDIF27P551900;BRBMEFVI1ZZ7;FINANCIAL;-;-;-;-;-;-;-;-;-;1240,29;-;-;-;-;-;-;-
IDIF27P552000;BRBMEFFI0031;FINANCIAL;-;-;-;-;-;-;-;-;-;1337,25;-;-;-;-;-;-;-
IDIF27P552100;BRBMEFVI1ZT0;FINANCIAL;-;-;-;-;-;-;-;-;-;1434,27;-;-;-;-;-;-;-
IDIF27P552200;BRBMEFFI0072;FINANCIAL;-;-;-;-;-;-;-;-;-;1531,32;-;-;-;-;-;-;-
IDIF27P552300;BRBMEFFI0080;FINANCIAL;-;-;-;-;-;-;-;-;-;1628,4;-;-;-;-;-;-;-
IDIF27P552400;BRBMEFFI0098;FINANCIAL;-;-;-;-;-;-;-;-;-;1725,5;-;-;-;-;-;-;-
IDIF27P552500;BRBMEFFI00A9;FINANCIAL;-;-;-;-;-;-;-;-;-;1822,6;-;-;-;-;-;-;-
IDIF27P552600;BRBMEFVI1ZU8;FINANCIAL;-;-;-;-;-;-;-;-;-;1919,56;-;-;-;-;-;-;-
IDIF27P552700;BRBMEFFI00B7;FINANCIAL;-;-;-;-;-;-;-;-;-;2015,96;-;-;-;-;-;-;-
IDIF27P552800;BRBMEFFI00C5;FINANCIAL;-;-;-;-;-;-;-;-;-;2112,59;-;-;-;-;-;-;-
IDIF27P552900;BRBMEFFI00D3;FINANCIAL;-;-;-;-;-;-;-;-;-;2209,38;-;-;-;-;-;-;-
IDIF27P553000;BRBMEFFI00E1;FINANCIAL;-;-;-;-;-;-;-;-;-;2306,29;-;-;-;-;-;-;-
IDIF27P553100;BRBMEFFI00F8;FINANCIAL;-;-;-;-;-;-;-;-;-;2403,29;-;-;-;-;-;-;-
IDIF27P553200;BRBMEFFI00G6;FINANCIAL;-;-;-;-;-;-;-;-;-;2500,35;-;-;-;-;-;-;-
IDIF27P553300;BRBMEFFI00H4;FINANCIAL;-;-;-;-;-;-;-;-;-;2597,45;-;-;-;-;-;-;-
IDIF27P553400;BRBMEFFI00I2;FINANCIAL;-;-;-;-;-;-;-;-;-;2694,57;-;-;-;-;-;-;-
IDIF27P553500;BRBMEFFI00J0;FINANCIAL;-;-;-;-;-;-;-;-;-;2791,72;-;-;-;-;-;-;-
IDIF27P553600;BRBMEFFI00K8;FINANCIAL;-;-;-;-;-;-;-;-;-;2888,89;-;-;-;-;-;-;-
IDIF27P553700;BRBMEFFI00L6;FINANCIAL;-;-;-;-;-;-;-;-;-;2986,06;-;-;-;-;-;-;-
IDIF27P553900;BRBMEFVI1X07;FINANCIAL;-;-;-;-;-;-;-;-;-;3180,41;-;-;-;-;-;-;-
IDIF27P554000;BRBMEFVI1ZE2;FINANCIAL;-;-;-;-;-;-;-;-;-;3277,6;-;-;-;-;-;-;-
IDIF27P554100;BRBMEFVI1ZF9;FINANCIAL;-;-;-;-;-;-;-;-;-;3374,78;-;-;-;-;-;-;-
IDIF27P554200;BRBMEFVI1ZG7;FINANCIAL;-;-;-;-;-;-;-;-;-;3471,97;-;-;-;-;-;-;-
IDIF27P554300;BRBMEFVI1ZH5;FINANCIAL;-;-;-;-;-;-;-;-;-;3569,15;-;-;-;-;-;-;-
IDIF27P554400;BRBMEFVI1ZI3;FINANCIAL;-;-;-;-;-;-;-;-;-;3666,34;-;-;-;-;-;-;-
IDIF27P554500;BRBMEFVI1ZJ1;FINANCIAL;-;-;-;-;-;-;-;-;-;3763,53;-;-;-;-;-;-;-
IDIF27P554600;BRBMEFVI1ZK9;FINANCIAL;-;-;-;-;-;-;-;-;-;3860,71;-;-;-;-;-;-;-
IDIF27P554700;BRBMEFVI1ZL7;FINANCIAL;-;-;-;-;-;-;-;-;-;3957,9;-;-;-;-;-;-;-
IDIF27P554800;BRBMEFVI1ZM5;FINANCIAL;-;-;-;-;-;-;-;-;-;4055,09;-;-;-;-;-;-;-
IDIF27P554900;BRBMEFVI1ZN3;FINANCIAL;-;-;-;-;-;-;-;-;-;4152,28;-;-;-;-;-;-;-
IDIF27P555000;BRBMEFVI1WD1;FINANCIAL;-;-;-;-;-;-;-;-;-;4249,46;-;-;-;-;-;-;-
IDIF27P555100;BRBMEFVI1ZO1;FINANCIAL;-;-;-;-;-;-;-;-;-;4346,65;-;-;-;-;-;-;-
IDIF27P555200;BRBMEFVI1ZP8;FINANCIAL;-;-;-;-;-;-;-;-;-;4443,84;-;-;-;-;-;-;-
IDIF27P555300;BRBMEFVI1ZQ6;FINANCIAL;-;-;-;-;-;-;-;-;-;4541,02;-;-;-;-;-;-;-
IDIF27P555400;BRBMEFVI1ZR4;FINANCIAL;-;-;-;-;-;-;-;-;-;4638,21;-;-;-;-;-;-;-
IDIF27P555500;BRBMEFVI1ZS2;FINANCIAL;-;-;-;-;-;-;-;-;-;4735,4;-;-;-;-;-;-;-
IDIF27P900000;BRBMEFFI00M4;FINANCIAL;-;-;-;-;-;-;-;-;-;339544,53;-;-;-;-;-;-;-
IDIF28C588500;BRBMEFCIAZV7;FINANCIAL;-;-;-;-;-;-;-;-;-;25808,01;-;-;-;-;-;-;-
IDIF28C600500;BRBMEFCIAZW5;FINANCIAL;-;-;-;-;-;-;-;-;-;15481,12;-;-;-;-;-;-;-
IDIF28C624000;BRBMEFCID0Y4;FINANCIAL;-;-;-;-;-;-;-;-;-;1271,61;-;-;-;-;-;-;-
IDIF28C624100;BRBMEFCID0Z1;FINANCIAL;-;-;-;-;-;-;-;-;-;1257,88;-;-;-;-;-;-;-
IDIF28C624200;BRBMEFCID109;FINANCIAL;-;-;-;-;-;-;-;-;-;1244,35;-;-;-;-;-;-;-
IDIF28C624300;BRBMEFCID117;FINANCIAL;-;-;-;-;-;-;-;-;-;1231,2;-;-;-;-;-;-;-
IDIF28C624400;BRBMEFCID067;FINANCIAL;-;-;-;-;-;-;-;-;-;1218,24;-;-;-;-;-;-;-
IDIF28C624500;BRBMEFCID125;FINANCIAL;-;-;-;-;-;-;-;-;-;1205,66;-;-;-;-;-;-;-
IDIF28C624600;BRBMEFCID133;FINANCIAL;-;-;-;-;-;-;-;-;-;1193,45;-;-;-;-;-;-;-
IDIF28C624700;BRBMEFCID141;FINANCIAL;-;-;-;-;-;-;-;-;-;1181,6;-;-;-;-;-;-;-
IDIF28C624800;BRBMEFCID158;FINANCIAL;-;-;-;-;-;-;-;-;-;1170,29;-;-;-;-;-;-;-
IDIF28C624900;BRBMEFCID166;FINANCIAL;-;-;-;-;-;-;-;-;-;1159,15;-;-;-;-;-;-;-
IDIF28C625000;BRBMEFCIAZX3;FINANCIAL;-;-;-;-;-;-;-;-;-;1148,35;-;-;-;-;-;-;-
IDIF28C625100;BRBMEFCID018;FINANCIAL;-;-;-;-;-;-;-;-;-;1137,53;-;-;-;-;-;-;-
IDIF28C625200;BRBMEFCID174;FINANCIAL;-;-;-;-;-;-;-;-;-;1126,86;-;-;-;-;-;-;-
IDIF28C625300;BRBMEFCID042;FINANCIAL;-;-;-;-;-;-;-;-;-;1116,16;-;-;-;-;-;-;-
IDIF28C625400;BRBMEFCID000;FINANCIAL;-;-;-;-;-;-;-;-;-;1105,62;-;-;-;-;-;-;-
IDIF28C625500;BRBMEFCID182;FINANCIAL;-;-;-;-;-;-;-;-;-;1095,22;-;-;-;-;-;-;-
IDIF28C625600;BRBMEFCID190;FINANCIAL;-;-;-;-;-;-;-;-;-;1084,97;-;-;-;-;-;-;-
IDIF28C625700;BRBMEFCID1A2;FINANCIAL;-;-;-;-;-;-;-;-;-;1075,04;-;-;-;-;-;-;-
IDIF28C625800;BRBMEFCID026;FINANCIAL;-;-;-;-;-;-;-;-;-;1065,26;-;-;-;-;-;-;-
IDIF28C625900;BRBMEFCID1B0;FINANCIAL;-;-;-;-;-;-;-;-;-;1055,61;-;-;-;-;-;-;-
IDIF28C626000;BRBMEFCID1C8;FINANCIAL;-;-;-;-;-;-;-;-;-;1046,1;-;-;-;-;-;-;-
IDIF28C626100;BRBMEFCID1D6;FINANCIAL;-;-;-;-;-;-;-;-;-;1036,72;-;-;-;-;-;-;-
IDIF28C626200;BRBMEFCID1E4;FINANCIAL;-;-;-;-;-;-;-;-;-;1027,47;-;-;-;-;-;-;-
IDIF28C626300;BRBMEFCID1F1;FINANCIAL;-;-;-;-;-;-;-;-;-;1018,52;-;-;-;-;-;-;-
IDIF28C626400;BRBMEFCID1G9;FINANCIAL;-;-;-;-;-;-;-;-;-;1009,7;-;-;-;-;-;-;-
IDIF28C626500;BRBMEFCID1H7;FINANCIAL;-;-;-;-;-;-;-;-;-;1001;-;-;-;-;-;-;-
IDIF28C626600;BRBMEFCID1I5;FINANCIAL;-;-;-;-;-;-;-;-;-;992,59;-;-;-;-;-;-;-
IDIF28C626700;BRBMEFCID1J3;FINANCIAL;-;-;-;-;-;-;-;-;-;984,29;-;-;-;-;-;-;-
IDIF28C626800;BRBMEFCID1K1;FINANCIAL;-;-;-;-;-;-;-;-;-;976,11;-;-;-;-;-;-;-
IDIF28C626900;BRBMEFCID1L9;FINANCIAL;-;-;-;-;-;-;-;-;-;968,04;-;-;-;-;-;-;-
IDIF28C627000;BRBMEFCID1M7;FINANCIAL;-;-;-;-;-;-;-;-;-;960,25;-;-;-;-;-;-;-
IDIF28C627100;BRBMEFCID1N5;FINANCIAL;-;-;-;-;-;-;-;-;-;952,57;-;-;-;-;-;-;-
IDIF28C627200;BRBMEFCID1O3;FINANCIAL;-;-;-;-;-;-;-;-;-;945,15;-;-;-;-;-;-;-
IDIF28C627300;BRBMEFCID1P0;FINANCIAL;-;-;-;-;-;-;-;-;-;937,68;-;-;-;-;-;-;-
IDIF28C627400;BRBMEFCID1Q8;FINANCIAL;-;-;-;-;-;-;-;-;-;930,31;-;-;-;-;-;-;-
IDIF28C627500;BRBMEFCID1R6;FINANCIAL;-;-;-;-;-;-;-;-;-;923,03;-;-;-;-;-;-;-
IDIF28C627600;BRBMEFCID1S4;FINANCIAL;-;-;-;-;-;-;-;-;-;915,7;-;-;-;-;-;-;-
IDIF28C627700;BRBMEFCID1T2;FINANCIAL;-;-;-;-;-;-;-;-;-;908,46;-;-;-;-;-;-;-
IDIF28C627800;BRBMEFCID1U0;FINANCIAL;-;-;-;-;-;-;-;-;-;901,17;-;-;-;-;-;-;-
IDIF28C627900;BRBMEFCID1V8;FINANCIAL;-;-;-;-;-;-;-;-;-;894,12;-;-;-;-;-;-;-
IDIF28C628000;BRBMEFCID1W6;FINANCIAL;-;-;-;-;-;-;-;-;-;887,02;-;-;-;-;-;-;-
IDIF28C632700;BRBMEFCID059;FINANCIAL;-;-;-;-;-;-;-;-;-;641,6;-;-;-;-;-;-;-
IDIF28C636000;BRBMEFCID0N7;FINANCIAL;-;-;-;-;-;-;-;-;-;469,9;-;-;-;-;-;-;-
IDIF28C636100;BRBMEFCID0O5;FINANCIAL;-;-;-;-;-;-;-;-;-;465,83;-;-;-;-;-;-;-
IDIF28C636200;BRBMEFCID0P2;FINANCIAL;-;-;-;-;-;-;-;-;-;461,51;-;-;-;-;-;-;-
IDIF28C636300;BRBMEFCID0Q0;FINANCIAL;-;-;-;-;-;-;-;-;-;457,15;-;-;-;-;-;-;-
IDIF28C636400;BRBMEFCID0R8;FINANCIAL;-;-;-;-;-;-;-;-;-;452,75;-;-;-;-;-;-;-
IDIF28C636500;BRBMEFCID0S6;FINANCIAL;-;-;-;-;-;-;-;-;-;448,39;-;-;-;-;-;-;-
IDIF28C636600;BRBMEFCID0T4;FINANCIAL;-;-;-;-;-;-;-;-;-;444,09;-;-;-;-;-;-;-
IDIF28C636700;BRBMEFCID0U2;FINANCIAL;-;-;-;-;-;-;-;-;-;439,83;-;-;-;-;-;-;-
IDIF28C636800;BRBMEFCID0V0;FINANCIAL;-;-;-;-;-;-;-;-;-;435,53;-;-;-;-;-;-;-
IDIF28C636900;BRBMEFCID0W8;FINANCIAL;-;-;-;-;-;-;-;-;-;431,28;-;-;-;-;-;-;-
IDIF28C637000;BRBMEFCID0X6;FINANCIAL;-;-;-;-;-;-;-;-;-;427,07;-;-;-;-;-;-;-
IDIF28P588500;BRBMEFVI1ZV6;FINANCIAL;-;-;-;-;-;-;-;-;-;0,96;-;-;-;-;-;-;-
IDIF28P600500;BRBMEFVI1ZW4;FINANCIAL;-;-;-;-;-;-;-;-;-;59,75;-;-;-;-;-;-;-
IDIF28P624000;BRBMEFFI00Y9;FINANCIAL;-;-;-;-;-;-;-;-;-;6188,87;-;-;-;-;-;-;-
IDIF28P624100;BRBMEFFI00Z6;FINANCIAL;-;-;-;-;-;-;-;-;-;6261,69;-;-;-;-;-;-;-
IDIF28P624200;BRBMEFFI0106;FINANCIAL;-;-;-;-;-;-;-;-;-;6334,71;-;-;-;-;-;-;-
IDIF28P624300;BRBMEFFI0114;FINANCIAL;-;-;-;-;-;-;-;-;-;6408,11;-;-;-;-;-;-;-
IDIF28P624400;BRBMEFFI0064;FINANCIAL;-;-;-;-;-;-;-;-;-;6481,7;-;-;-;-;-;-;-
IDIF28P624500;BRBMEFFI0122;FINANCIAL;-;-;-;-;-;-;-;-;-;6555,66;-;-;-;-;-;-;-
IDIF28P624600;BRBMEFFI0130;FINANCIAL;-;-;-;-;-;-;-;-;-;6630;-;-;-;-;-;-;-
IDIF28P624700;BRBMEFFI0148;FINANCIAL;-;-;-;-;-;-;-;-;-;6704,69;-;-;-;-;-;-;-
IDIF28P624800;BRBMEFFI0155;FINANCIAL;-;-;-;-;-;-;-;-;-;6779,93;-;-;-;-;-;-;-
IDIF28P624900;BRBMEFFI0163;FINANCIAL;-;-;-;-;-;-;-;-;-;6855,34;-;-;-;-;-;-;-
IDIF28P625000;BRBMEFVI1ZX2;FINANCIAL;-;-;-;-;-;-;-;-;-;6931,09;-;-;-;-;-;-;-
IDIF28P625100;BRBMEFFI0015;FINANCIAL;-;-;-;-;-;-;-;-;-;7006,81;-;-;-;-;-;-;-
IDIF28P625200;BRBMEFFI0171;FINANCIAL;-;-;-;-;-;-;-;-;-;7082,69;-;-;-;-;-;-;-
IDIF28P625300;BRBMEFFI0049;FINANCIAL;-;-;-;-;-;-;-;-;-;7158,54;-;-;-;-;-;-;-
IDIF28P625400;BRBMEFFI0007;FINANCIAL;-;-;-;-;-;-;-;-;-;7234,54;-;-;-;-;-;-;-
IDIF28P625500;BRBMEFFI0189;FINANCIAL;-;-;-;-;-;-;-;-;-;7310,69;-;-;-;-;-;-;-
IDIF28P625600;BRBMEFFI0197;FINANCIAL;-;-;-;-;-;-;-;-;-;7386,99;-;-;-;-;-;-;-
IDIF28P625700;BRBMEFFI01A7;FINANCIAL;-;-;-;-;-;-;-;-;-;7463,61;-;-;-;-;-;-;-
IDIF28P625800;BRBMEFFI0023;FINANCIAL;-;-;-;-;-;-;-;-;-;7540,37;-;-;-;-;-;-;-
IDIF28P625900;BRBMEFFI01B5;FINANCIAL;-;-;-;-;-;-;-;-;-;7617,27;-;-;-;-;-;-;-
IDIF28P626000;BRBMEFFI01C3;FINANCIAL;-;-;-;-;-;-;-;-;-;7694,31;-;-;-;-;-;-;-
IDIF28P626100;BRBMEFFI01D1;FINANCIAL;-;-;-;-;-;-;-;-;-;7771,47;-;-;-;-;-;-;-
IDIF28P626200;BRBMEFFI01E9;FINANCIAL;-;-;-;-;-;-;-;-;-;7848,77;-;-;-;-;-;-;-
IDIF28P626300;BRBMEFFI01F6;FINANCIAL;-;-;-;-;-;-;-;-;-;7926,37;-;-;-;-;-;-;-
IDIF28P626400;BRBMEFFI01G4;FINANCIAL;-;-;-;-;-;-;-;-;-;8004,1;-;-;-;-;-;-;-
IDIF28P626500;BRBMEFFI01H2;FINANCIAL;-;-;-;-;-;-;-;-;-;8081,94;-;-;-;-;-;-;-
IDIF28P626600;BRBMEFFI01I0;FINANCIAL;-;-;-;-;-;-;-;-;-;8160,08;-;-;-;-;-;-;-
IDIF28P626700;BRBMEFFI01J8;FINANCIAL;-;-;-;-;-;-;-;-;-;8238,33;-;-;-;-;-;-;-
IDIF28P626800;BRBMEFFI01K6;FINANCIAL;-;-;-;-;-;-;-;-;-;8316,7;-;-;-;-;-;-;-
IDIF28P626900;BRBMEFFI01L4;FINANCIAL;-;-;-;-;-;-;-;-;-;8395,18;-;-;-;-;-;-;-
IDIF28P627000;BRBMEFFI01M2;FINANCIAL;-;-;-;-;-;-;-;-;-;8473,94;-;-;-;-;-;-;-
IDIF28P627100;BRBMEFFI01N0;FINANCIAL;-;-;-;-;-;-;-;-;-;8552,8;-;-;-;-;-;-;-
IDIF28P627200;BRBMEFFI01O8;FINANCIAL;-;-;-;-;-;-;-;-;-;8631,93;-;-;-;-;-;-;-
IDIF28P627300;BRBMEFFI01P5;FINANCIAL;-;-;-;-;-;-;-;-;-;8711,01;-;-;-;-;-;-;-
IDIF28P627400;BRBMEFFI01Q3;FINANCIAL;-;-;-;-;-;-;-;-;-;8790,18;-;-;-;-;-;-;-
IDIF28P627500;BRBMEFFI01R1;FINANCIAL;-;-;-;-;-;-;-;-;-;8869,45;-;-;-;-;-;-;-
IDIF28P627600;BRBMEFFI01S9;FINANCIAL;-;-;-;-;-;-;-;-;-;8948,67;-;-;-;-;-;-;-
IDIF28P627700;BRBMEFFI01T7;FINANCIAL;-;-;-;-;-;-;-;-;-;9027,98;-;-;-;-;-;-;-
IDIF28P627800;BRBMEFFI01U5;FINANCIAL;-;-;-;-;-;-;-;-;-;9107,23;-;-;-;-;-;-;-
IDIF28P627900;BRBMEFFI01V3;FINANCIAL;-;-;-;-;-;-;-;-;-;9186,73;-;-;-;-;-;-;-
IDIF28P628000;BRBMEFFI01W1;FINANCIAL;-;-;-;-;-;-;-;-;-;9266,18;-;-;-;-;-;-;-
IDIF28P632700;BRBMEFFI0056;FINANCIAL;-;-;-;-;-;-;-;-;-;13088,48;-;-;-;-;-;-;-
IDIF28P636000;BRBMEFFI00N2;FINANCIAL;-;-;-;-;-;-;-;-;-;15772,84;-;-;-;-;-;-;-
IDIF28P636100;BRBMEFFI00O0;FINANCIAL;-;-;-;-;-;-;-;-;-;15855,32;-;-;-;-;-;-;-
IDIF28P636200;BRBMEFFI00P7;FINANCIAL;-;-;-;-;-;-;-;-;-;15937,55;-;-;-;-;-;-;-
IDIF28P636300;BRBMEFFI00Q5;FINANCIAL;-;-;-;-;-;-;-;-;-;16019,74;-;-;-;-;-;-;-
IDIF28P636400;BRBMEFFI00R3;FINANCIAL;-;-;-;-;-;-;-;-;-;16101,89;-;-;-;-;-;-;-
IDIF28P636500;BRBMEFFI00S1;FINANCIAL;-;-;-;-;-;-;-;-;-;16184,08;-;-;-;-;-;-;-
IDIF28P636600;BRBMEFFI00T9;FINANCIAL;-;-;-;-;-;-;-;-;-;16266,32;-;-;-;-;-;-;-
IDIF28P636700;BRBMEFFI00U7;FINANCIAL;-;-;-;-;-;-;-;-;-;16348,61;-;-;-;-;-;-;-
IDIF28P636800;BRBMEFFI00V5;FINANCIAL;-;-;-;-;-;-;-;-;-;16430,85;-;-;-;-;-;-;-
IDIF28P636900;BRBMEFFI00W3;FINANCIAL;-;-;-;-;-;-;-;-;-;16513,15;-;-;-;-;-;-;-
IDIF28P637000;BRBMEFFI00X1;FINANCIAL;-;-;-;-;-;-;-;-;-;16595,49;-;-;-;-;-;-;-
IDIG27C553000;BRBMEFCIG9T2;FINANCIAL;-;-;-;-;-;-;-;-;-;2945,14;-;-;-;-;-;-;-
IDIG27C553100;BRBMEFCIG9U0;FINANCIAL;-;-;-;-;-;-;-;-;-;2848,99;-;-;-;-;-;-;-
IDIG27C553200;BRBMEFCIG9V8;FINANCIAL;-;-;-;-;-;-;-;-;-;2752,87;-;-;-;-;-;-;-
IDIG27C553400;BRBMEFCIG9W6;FINANCIAL;-;-;-;-;-;-;-;-;-;2560,8;-;-;-;-;-;-;-
IDIG27C553500;BRBMEFCIG9X4;FINANCIAL;-;-;-;-;-;-;-;-;-;2464,89;-;-;-;-;-;-;-
IDIG27C553600;BRBMEFCIG805;FINANCIAL;-;-;-;-;-;-;-;-;-;2369,09;-;-;-;-;-;-;-
IDIG27C553700;BRBMEFCIG813;FINANCIAL;-;-;-;-;-;-;-;-;-;2273,45;-;-;-;-;-;-;-
IDIG27C553800;BRBMEFCIG821;FINANCIAL;-;-;-;-;-;-;-;-;-;2178,01;-;-;-;-;-;-;-
IDIG27C553900;BRBMEFCIG839;FINANCIAL;-;-;-;-;-;-;-;-;-;2082,24;-;-;-;-;-;-;-
IDIG27C554000;BRBMEFCIG847;FINANCIAL;-;-;-;-;-;-;-;-;-;1986,41;-;-;-;-;-;-;-
IDIG27C554100;BRBMEFCIG854;FINANCIAL;-;-;-;-;-;-;-;-;-;1890,61;-;-;-;-;-;-;-
IDIG27C554200;BRBMEFCIG862;FINANCIAL;-;-;-;-;-;-;-;-;-;1794,77;-;-;-;-;-;-;-
IDIG27C554300;BRBMEFCIG870;FINANCIAL;-;-;-;-;-;-;-;-;-;1698,85;-;-;-;-;-;-;-
IDIG27C554400;BRBMEFCIG888;FINANCIAL;-;-;-;-;-;-;-;-;-;1602,94;-;-;-;-;-;-;-
IDIG27C554500;BRBMEFCIG896;FINANCIAL;-;-;-;-;-;-;-;-;-;1507,07;-;-;-;-;-;-;-
IDIG27C554600;BRBMEFCIG8A4;FINANCIAL;-;-;-;-;-;-;-;-;-;1411,23;-;-;-;-;-;-;-
IDIG27C554700;BRBMEFCIG8B2;FINANCIAL;-;-;-;-;-;-;-;-;-;1315,62;-;-;-;-;-;-;-
IDIG27C554800;BRBMEFCIG8C0;FINANCIAL;-;-;-;-;-;-;-;-;-;1220,31;-;-;-;-;-;-;-
IDIG27C554900;BRBMEFCIG8D8;FINANCIAL;-;-;-;-;-;-;-;-;-;1124,44;-;-;-;-;-;-;-
IDIG27C555000;BRBMEFCIG8E6;FINANCIAL;-;-;-;-;-;-;-;-;-;1028,56;-;-;-;-;-;-;-
IDIG27C555100;BRBMEFCIG8F3;FINANCIAL;-;-;-;-;-;-;-;-;-;932,75;-;-;-;-;-;-;-
IDIG27C555200;BRBMEFCIG8G1;FINANCIAL;-;-;-;-;-;-;-;-;-;836,99;-;-;-;-;-;-;-
IDIG27C555300;BRBMEFCIG8H9;FINANCIAL;-;-;-;-;-;-;-;-;-;741,36;-;-;-;-;-;-;-
IDIG27C555400;BRBMEFCIG8I7;FINANCIAL;-;-;-;-;-;-;-;-;-;645,7;-;-;-;-;-;-;-
IDIG27C555500;BRBMEFCIG8J5;FINANCIAL;-;-;-;-;-;-;-;-;-;550,83;-;-;-;-;-;-;-
IDIG27C555600;BRBMEFCIG8K3;FINANCIAL;-;-;-;-;-;-;-;-;-;457,84;-;-;-;-;-;-;-
IDIG27C555700;BRBMEFCIG8L1;FINANCIAL;-;-;-;-;-;-;-;-;-;368,2;-;-;-;-;-;-;-
IDIG27C555800;BRBMEFCIG8M9;FINANCIAL;-;-;-;-;-;-;-;-;-;283,87;-;-;-;-;-;-;-
IDIG27C555900;BRBMEFCIG8N7;FINANCIAL;-;-;-;-;-;-;-;-;-;215,24;-;-;-;-;-;-;-
IDIG27C556000;BRBMEFCIG8O5;FINANCIAL;-;-;-;-;-;-;-;-;-;168,09;-;-;-;-;-;-;-
IDIG27C556100;BRBMEFCIG8P2;FINANCIAL;-;-;-;-;-;-;-;-;-;146,96;-;-;-;-;-;-;-
IDIG27C556200;BRBMEFCIG8Q0;FINANCIAL;-;-;-;-;-;-;-;-;-;132,96;-;-;-;-;-;-;-
IDIG27C556300;BRBMEFCIG8R8;FINANCIAL;-;-;-;-;-;-;-;-;-;121,2;-;-;-;-;-;-;-
IDIG27C556400;BRBMEFCIG8S6;FINANCIAL;-;-;-;-;-;-;-;-;-;112,08;-;-;-;-;-;-;-
IDIG27C556500;BRBMEFCIG8T4;FINANCIAL;-;-;-;-;-;-;-;-;-;106,49;-;-;-;-;-;-;-
IDIG27C556600;BRBMEFCIG8U2;FINANCIAL;-;-;-;-;-;-;-;-;-;101,54;-;-;-;-;-;-;-
IDIG27C556700;BRBMEFCIG8V0;FINANCIAL;-;-;-;-;-;-;-;-;-;98,08;-;-;-;-;-;-;-
IDIG27C556800;BRBMEFCIG8W8;FINANCIAL;-;-;-;-;-;-;-;-;-;95,18;-;-;-;-;-;-;-
IDIG27C556900;BRBMEFCIG8X6;FINANCIAL;-;-;-;-;-;-;-;-;-;92,26;-;-;-;-;-;-;-
IDIG27C557000;BRBMEFCIG8Y4;FINANCIAL;-;-;-;-;-;-;-;-;-;89,66;-;-;-;-;-;-;-
IDIG27C557100;BRBMEFCIG8Z1;FINANCIAL;-;-;-;-;-;-;-;-;-;87,2;-;-;-;-;-;-;-
IDIG27C557200;BRBMEFCIG904;FINANCIAL;-;-;-;-;-;-;-;-;-;84,77;-;-;-;-;-;-;-
IDIG27C557300;BRBMEFCIG912;FINANCIAL;-;-;-;-;-;-;-;-;-;82,19;-;-;-;-;-;-;-
IDIG27C557400;BRBMEFCIG920;FINANCIAL;-;-;-;-;-;-;-;-;-;79,91;-;-;-;-;-;-;-
IDIG27C557500;BRBMEFCIG938;FINANCIAL;-;-;-;-;-;-;-;-;-;78,02;-;-;-;-;-;-;-
IDIG27C557600;BRBMEFCIG946;FINANCIAL;-;-;-;-;-;-;-;-;-;75,78;-;-;-;-;-;-;-
IDIG27C557700;BRBMEFCIG953;FINANCIAL;-;-;-;-;-;-;-;-;-;73,12;-;-;-;-;-;-;-
IDIG27C557800;BRBMEFCIG961;FINANCIAL;-;-;-;-;-;-;-;-;-;71,08;-;-;-;-;-;-;-
IDIG27C557900;BRBMEFCIG979;FINANCIAL;-;-;-;-;-;-;-;-;-;70,11;-;-;-;-;-;-;-
IDIG27C558000;BRBMEFCIG987;FINANCIAL;-;-;-;-;-;-;-;-;-;68,91;-;-;-;-;-;-;-
IDIG27C558100;BRBMEFCIG995;FINANCIAL;-;-;-;-;-;-;-;-;-;66,7;-;-;-;-;-;-;-
IDIG27C558200;BRBMEFCIG9A2;FINANCIAL;-;-;-;-;-;-;-;-;-;64,11;-;-;-;-;-;-;-
IDIG27C558300;BRBMEFCIG9B0;FINANCIAL;-;-;-;-;-;-;-;-;-;61,64;-;-;-;-;-;-;-
IDIG27C558400;BRBMEFCIG9C8;FINANCIAL;-;-;-;-;-;-;-;-;-;59,15;-;-;-;-;-;-;-
IDIG27C558500;BRBMEFCIG9D6;FINANCIAL;-;-;-;-;-;-;-;-;-;56,69;-;-;-;-;-;-;-
IDIG27C558600;BRBMEFCIG9E4;FINANCIAL;-;-;-;-;-;-;-;-;-;54,29;-;-;-;-;-;-;-
IDIG27C558700;BRBMEFCIG9F1;FINANCIAL;-;-;-;-;-;-;-;-;-;51,84;-;-;-;-;-;-;-
IDIG27C558800;BRBMEFCIG9G9;FINANCIAL;-;-;-;-;-;-;-;-;-;49,35;-;-;-;-;-;-;-
IDIG27C558900;BRBMEFCIG9H7;FINANCIAL;-;-;-;-;-;-;-;-;-;46,9;-;-;-;-;-;-;-
IDIG27C559000;BRBMEFCIG9I5;FINANCIAL;-;-;-;-;-;-;-;-;-;44,52;-;-;-;-;-;-;-
IDIG27C559100;BRBMEFCIG9J3;FINANCIAL;-;-;-;-;-;-;-;-;-;42,22;-;-;-;-;-;-;-
IDIG27C559200;BRBMEFCIG9K1;FINANCIAL;-;-;-;-;-;-;-;-;-;39,99;-;-;-;-;-;-;-
IDIG27C559300;BRBMEFCIG9L9;FINANCIAL;-;-;-;-;-;-;-;-;-;37,8;-;-;-;-;-;-;-
IDIG27C559400;BRBMEFCIG9M7;FINANCIAL;-;-;-;-;-;-;-;-;-;35,66;-;-;-;-;-;-;-
IDIG27C559500;BRBMEFCIG9N5;FINANCIAL;-;-;-;-;-;-;-;-;-;33,56;-;-;-;-;-;-;-
IDIG27C559600;BRBMEFCIG9P0;FINANCIAL;-;-;-;-;-;-;-;-;-;31,54;-;-;-;-;-;-;-
IDIG27C559700;BRBMEFCIG9Q8;FINANCIAL;-;-;-;-;-;-;-;-;-;29,56;-;-;-;-;-;-;-
IDIG27C559800;BRBMEFCIG9R6;FINANCIAL;-;-;-;-;-;-;-;-;-;27,62;-;-;-;-;-;-;-
IDIG27C559900;BRBMEFCIG9S4;FINANCIAL;-;-;-;-;-;-;-;-;-;25,78;-;-;-;-;-;-;-
IDIG27C900000;BRBMEFCIG9O3;FINANCIAL;-;-;-;-;-;-;-;-;-;0,01;-;-;-;-;-;-;-
IDIG27P553000;BRBMEFVIG9T9;FINANCIAL;-;-;-;-;-;-;-;-;-;0,19;-;-;-;-;-;-;-
IDIG27P553100;BRBMEFVIG9U7;FINANCIAL;-;-;-;-;-;-;-;-;-;0,27;-;-;-;-;-;-;-
IDIG27P553200;BRBMEFVIG9V5;FINANCIAL;-;-;-;-;-;-;-;-;-;0,39;-;-;-;-;-;-;-
IDIG27P553400;BRBMEFVIG9W3;FINANCIAL;-;-;-;-;-;-;-;-;-;0,8;-;-;-;-;-;-;-
IDIG27P553500;BRBMEFVIG9X1;FINANCIAL;-;-;-;-;-;-;-;-;-;1,12;-;-;-;-;-;-;-
IDIG27P553600;BRBMEFVIG805;FINANCIAL;-;-;-;-;-;-;-;-;-;1,57;-;-;-;-;-;-;-
IDIG27P553700;BRBMEFVIG813;FINANCIAL;-;-;-;-;-;-;-;-;-;2,16;-;-;-;-;-;-;-
IDIG27P553800;BRBMEFVIG821;FINANCIAL;-;-;-;-;-;-;-;-;-;2,96;-;-;-;-;-;-;-
IDIG27P553900;BRBMEFVIG839;FINANCIAL;-;-;-;-;-;-;-;-;-;3,42;-;-;-;-;-;-;-
IDIG27P554000;BRBMEFVIG847;FINANCIAL;-;-;-;-;-;-;-;-;-;3,83;-;-;-;-;-;-;-
IDIG27P554100;BRBMEFVIG854;FINANCIAL;-;-;-;-;-;-;-;-;-;4,27;-;-;-;-;-;-;-
IDIG27P554200;BRBMEFVIG862;FINANCIAL;-;-;-;-;-;-;-;-;-;4,67;-;-;-;-;-;-;-
IDIG27P554300;BRBMEFVIG870;FINANCIAL;-;-;-;-;-;-;-;-;-;4,99;-;-;-;-;-;-;-
IDIG27P554400;BRBMEFVIG888;FINANCIAL;-;-;-;-;-;-;-;-;-;5,31;-;-;-;-;-;-;-
IDIG27P554500;BRBMEFVIG896;FINANCIAL;-;-;-;-;-;-;-;-;-;5,68;-;-;-;-;-;-;-
IDIG27P554600;BRBMEFVIG8A1;FINANCIAL;-;-;-;-;-;-;-;-;-;6,07;-;-;-;-;-;-;-
IDIG27P554700;BRBMEFVIG8B9;FINANCIAL;-;-;-;-;-;-;-;-;-;6,71;-;-;-;-;-;-;-
IDIG27P554800;BRBMEFVIG8C7;FINANCIAL;-;-;-;-;-;-;-;-;-;7,63;-;-;-;-;-;-;-
IDIG27P554900;BRBMEFVIG8D5;FINANCIAL;-;-;-;-;-;-;-;-;-;7,99;-;-;-;-;-;-;-
IDIG27P555000;BRBMEFVIG8E3;FINANCIAL;-;-;-;-;-;-;-;-;-;8,35;-;-;-;-;-;-;-
IDIG27P555100;BRBMEFVIG8F0;FINANCIAL;-;-;-;-;-;-;-;-;-;8,79;-;-;-;-;-;-;-
IDIG27P555200;BRBMEFVIG8G8;FINANCIAL;-;-;-;-;-;-;-;-;-;9,26;-;-;-;-;-;-;-
IDIG27P555300;BRBMEFVIG8H6;FINANCIAL;-;-;-;-;-;-;-;-;-;9,87;-;-;-;-;-;-;-
IDIG27P555400;BRBMEFVIG8I4;FINANCIAL;-;-;-;-;-;-;-;-;-;10,45;-;-;-;-;-;-;-
IDIG27P555500;BRBMEFVIG8J2;FINANCIAL;-;-;-;-;-;-;-;-;-;11,82;-;-;-;-;-;-;-
IDIG27P555600;BRBMEFVIG8K0;FINANCIAL;-;-;-;-;-;-;-;-;-;15,06;-;-;-;-;-;-;-
IDIG27P555700;BRBMEFVIG8L8;FINANCIAL;-;-;-;-;-;-;-;-;-;21,66;-;-;-;-;-;-;-
IDIG27P555800;BRBMEFVIG8M6;FINANCIAL;-;-;-;-;-;-;-;-;-;33,56;-;-;-;-;-;-;-
IDIG27P555900;BRBMEFVIG8N4;FINANCIAL;-;-;-;-;-;-;-;-;-;61,18;-;-;-;-;-;-;-
IDIG27P556000;BRBMEFVIG8O2;FINANCIAL;-;-;-;-;-;-;-;-;-;110,26;-;-;-;-;-;-;-
IDIG27P556100;BRBMEFVIG8P9;FINANCIAL;-;-;-;-;-;-;-;-;-;185,37;-;-;-;-;-;-;-
IDIG27P556200;BRBMEFVIG8Q7;FINANCIAL;-;-;-;-;-;-;-;-;-;267,61;-;-;-;-;-;-;-
IDIG27P556300;BRBMEFVIG8R5;FINANCIAL;-;-;-;-;-;-;-;-;-;352,09;-;-;-;-;-;-;-
IDIG27P556400;BRBMEFVIG8S3;FINANCIAL;-;-;-;-;-;-;-;-;-;439,2;-;-;-;-;-;-;-
IDIG27P556500;BRBMEFVIG8T1;FINANCIAL;-;-;-;-;-;-;-;-;-;529,84;-;-;-;-;-;-;-
IDIG27P556600;BRBMEFVIG8U9;FINANCIAL;-;-;-;-;-;-;-;-;-;621,14;-;-;-;-;-;-;-
IDIG27P556700;BRBMEFVIG8V7;FINANCIAL;-;-;-;-;-;-;-;-;-;713,91;-;-;-;-;-;-;-
IDIG27P556800;BRBMEFVIG8W5;FINANCIAL;-;-;-;-;-;-;-;-;-;807,25;-;-;-;-;-;-;-
IDIG27P556900;BRBMEFVIG8X3;FINANCIAL;-;-;-;-;-;-;-;-;-;900,57;-;-;-;-;-;-;-
IDIG27P557000;BRBMEFVIG8Y1;FINANCIAL;-;-;-;-;-;-;-;-;-;994,21;-;-;-;-;-;-;-
IDIG27P557100;BRBMEFVIG8Z8;FINANCIAL;-;-;-;-;-;-;-;-;-;1087,99;-;-;-;-;-;-;-
IDIG27P557200;BRBMEFVIG904;FINANCIAL;-;-;-;-;-;-;-;-;-;1181,79;-;-;-;-;-;-;-
IDIG27P557300;BRBMEFVIG912;FINANCIAL;-;-;-;-;-;-;-;-;-;1275,45;-;-;-;-;-;-;-
IDIG27P557400;BRBMEFVIG920;FINANCIAL;-;-;-;-;-;-;-;-;-;1369,41;-;-;-;-;-;-;-
IDIG27P557500;BRBMEFVIG938;FINANCIAL;-;-;-;-;-;-;-;-;-;1463,75;-;-;-;-;-;-;-
IDIG27P557600;BRBMEFVIG946;FINANCIAL;-;-;-;-;-;-;-;-;-;1557,75;-;-;-;-;-;-;-
IDIG27P557700;BRBMEFVIG953;FINANCIAL;-;-;-;-;-;-;-;-;-;1651,33;-;-;-;-;-;-;-
IDIG27P557800;BRBMEFVIG961;FINANCIAL;-;-;-;-;-;-;-;-;-;1745,52;-;-;-;-;-;-;-
IDIG27P557900;BRBMEFVIG979;FINANCIAL;-;-;-;-;-;-;-;-;-;1840,79;-;-;-;-;-;-;-
IDIG27P558000;BRBMEFVIG987;FINANCIAL;-;-;-;-;-;-;-;-;-;1935,83;-;-;-;-;-;-;-
IDIG27P558100;BRBMEFVIG995;FINANCIAL;-;-;-;-;-;-;-;-;-;2029,86;-;-;-;-;-;-;-
IDIG27P558200;BRBMEFVIG9A9;FINANCIAL;-;-;-;-;-;-;-;-;-;2123,5;-;-;-;-;-;-;-
IDIG27P558300;BRBMEFVIG9B7;FINANCIAL;-;-;-;-;-;-;-;-;-;2217,27;-;-;-;-;-;-;-
IDIG27P558400;BRBMEFVIG9C5;FINANCIAL;-;-;-;-;-;-;-;-;-;2311,02;-;-;-;-;-;-;-
IDIG27P558500;BRBMEFVIG9D3;FINANCIAL;-;-;-;-;-;-;-;-;-;2404,8;-;-;-;-;-;-;-
IDIG27P558600;BRBMEFVIG9E1;FINANCIAL;-;-;-;-;-;-;-;-;-;2498,64;-;-;-;-;-;-;-
IDIG27P558700;BRBMEFVIG9F8;FINANCIAL;-;-;-;-;-;-;-;-;-;2592,43;-;-;-;-;-;-;-
IDIG27P558800;BRBMEFVIG9G6;FINANCIAL;-;-;-;-;-;-;-;-;-;2686,17;-;-;-;-;-;-;-
IDIG27P558900;BRBMEFVIG9H4;FINANCIAL;-;-;-;-;-;-;-;-;-;2779,96;-;-;-;-;-;-;-
IDIG27P559000;BRBMEFVIG9I2;FINANCIAL;-;-;-;-;-;-;-;-;-;2873,82;-;-;-;-;-;-;-
IDIG27P559100;BRBMEFVIG9J0;FINANCIAL;-;-;-;-;-;-;-;-;-;2967,76;-;-;-;-;-;-;-
IDIG27P559200;BRBMEFVIG9K8;FINANCIAL;-;-;-;-;-;-;-;-;-;3061,76;-;-;-;-;-;-;-
IDIG27P559300;BRBMEFVIG9L6;FINANCIAL;-;-;-;-;-;-;-;-;-;3155,81;-;-;-;-;-;-;-
IDIG27P559400;BRBMEFVIG9M4;FINANCIAL;-;-;-;-;-;-;-;-;-;3249,9;-;-;-;-;-;-;-
IDIG27P559500;BRBMEFVIG9N2;FINANCIAL;-;-;-;-;-;-;-;-;-;3344,04;-;-;-;-;-;-;-
IDIG27P559600;BRBMEFVIG9P7;FINANCIAL;-;-;-;-;-;-;-;-;-;3438,26;-;-;-;-;-;-;-
IDIG27P559700;BRBMEFVIG9Q5;FINANCIAL;-;-;-;-;-;-;-;-;-;3532,52;-;-;-;-;-;-;-
IDIG27P559800;BRBMEFVIG9R3;FINANCIAL;-;-;-;-;-;-;-;-;-;3626,81;-;-;-;-;-;-;-
IDIG27P559900;BRBMEFVIG9S1;FINANCIAL;-;-;-;-;-;-;-;-;-;3721,21;-;-;-;-;-;-;-
IDIG27P900000;BRBMEFVIG9O0;FINANCIAL;-;-;-;-;-;-;-;-;-;330999,13;-;-;-;-;-;-;-
IDIH27C558400;BRBMEFCIH9M6;FINANCIAL;-;-;-;-;-;-;-;-;-;2437,98;-;-;-;-;-;-;-
IDIH27C558500;BRBMEFCIH9N4;FINANCIAL;-;-;-;-;-;-;-;-;-;2342,79;-;-;-;-;-;-;-
IDIH27C558600;BRBMEFCIH7K4;FINANCIAL;-;-;-;-;-;-;-;-;-;2247,61;-;-;-;-;-;-;-
IDIH27C558700;BRBMEFCIH7L2;FINANCIAL;-;-;-;-;-;-;-;-;-;2152,43;-;-;-;-;-;-;-
IDIH27C558800;BRBMEFCIH7M0;FINANCIAL;-;-;-;-;-;-;-;-;-;2057,28;-;-;-;-;-;-;-
IDIH27C558900;BRBMEFCIH7N8;FINANCIAL;-;-;-;-;-;-;-;-;-;1962,14;-;-;-;-;-;-;-
IDIH27C559000;BRBMEFCIH7O6;FINANCIAL;-;-;-;-;-;-;-;-;-;1866,99;-;-;-;-;-;-;-
IDIH27C559100;BRBMEFCIH7P3;FINANCIAL;-;-;-;-;-;-;-;-;-;1771,85;-;-;-;-;-;-;-
IDIH27C559200;BRBMEFCIH7Q1;FINANCIAL;-;-;-;-;-;-;-;-;-;1676,7;-;-;-;-;-;-;-
IDIH27C559300;BRBMEFCIH7R9;FINANCIAL;-;-;-;-;-;-;-;-;-;1581,57;-;-;-;-;-;-;-
IDIH27C559400;BRBMEFCIH7S7;FINANCIAL;-;-;-;-;-;-;-;-;-;1486,5;-;-;-;-;-;-;-
IDIH27C559500;BRBMEFCIH7T5;FINANCIAL;-;-;-;-;-;-;-;-;-;1391,4;-;-;-;-;-;-;-
IDIH27C559600;BRBMEFCIH7U3;FINANCIAL;-;-;-;-;-;-;-;-;-;1296,26;-;-;-;-;-;-;-
IDIH27C559700;BRBMEFCIH7V1;FINANCIAL;-;-;-;-;-;-;-;-;-;1201,09;-;-;-;-;-;-;-
IDIH27C559800;BRBMEFCIH7W9;FINANCIAL;-;-;-;-;-;-;-;-;-;1106,01;-;-;-;-;-;-;-
IDIH27C559900;BRBMEFCIH7X7;FINANCIAL;-;-;-;-;-;-;-;-;-;1011,52;-;-;-;-;-;-;-
IDIH27C560000;BRBMEFCIH7Y5;FINANCIAL;-;-;-;-;-;-;-;-;-;918,01;-;-;-;-;-;-;-
IDIH27C560100;BRBMEFCIH7Z2;FINANCIAL;-;-;-;-;-;-;-;-;-;825,37;-;-;-;-;-;-;-
IDIH27C560200;BRBMEFCIH803;FINANCIAL;-;-;-;-;-;-;-;-;-;734,61;-;-;-;-;-;-;-
IDIH27C560300;BRBMEFCIH811;FINANCIAL;-;-;-;-;-;-;-;-;-;646,27;-;-;-;-;-;-;-
IDIH27C560400;BRBMEFCIH829;FINANCIAL;-;-;-;-;-;-;-;-;-;559,76;-;-;-;-;-;-;-
IDIH27C560500;BRBMEFCIH837;FINANCIAL;-;-;-;-;-;-;-;-;-;480,47;-;-;-;-;-;-;-
IDIH27C560600;BRBMEFCIH845;FINANCIAL;-;-;-;-;-;-;-;-;-;415,28;-;-;-;-;-;-;-
IDIH27C560700;BRBMEFCIH852;FINANCIAL;-;-;-;-;-;-;-;-;-;354,72;-;-;-;-;-;-;-
IDIH27C560800;BRBMEFCIH860;FINANCIAL;-;-;-;-;-;-;-;-;-;308,99;-;-;-;-;-;-;-
IDIH27C560900;BRBMEFCIH878;FINANCIAL;-;-;-;-;-;-;-;-;-;279,58;-;-;-;-;-;-;-
IDIH27C561000;BRBMEFCIH886;FINANCIAL;-;-;-;-;-;-;-;-;-;262,69;-;-;-;-;-;-;-
IDIH27C561100;BRBMEFCIH894;FINANCIAL;-;-;-;-;-;-;-;-;-;248,27;-;-;-;-;-;-;-
IDIH27C561200;BRBMEFCIH8A3;FINANCIAL;-;-;-;-;-;-;-;-;-;234,64;-;-;-;-;-;-;-
IDIH27C561300;BRBMEFCIH8B1;FINANCIAL;-;-;-;-;-;-;-;-;-;223,03;-;-;-;-;-;-;-
IDIH27C561400;BRBMEFCIH8C9;FINANCIAL;-;-;-;-;-;-;-;-;-;214,12;-;-;-;-;-;-;-
IDIH27C561500;BRBMEFCIH8D7;FINANCIAL;-;-;-;-;-;-;-;-;-;206,38;-;-;-;-;-;-;-
IDIH27C561600;BRBMEFCIH8E5;FINANCIAL;-;-;-;-;-;-;-;-;-;200,21;-;-;-;-;-;-;-
IDIH27C561700;BRBMEFCIH8F2;FINANCIAL;-;-;-;-;-;-;-;-;-;195,88;-;-;-;-;-;-;-
IDIH27C561800;BRBMEFCIH8G0;FINANCIAL;-;-;-;-;-;-;-;-;-;191,77;-;-;-;-;-;-;-
IDIH27C561900;BRBMEFCIH8H8;FINANCIAL;-;-;-;-;-;-;-;-;-;188,28;-;-;-;-;-;-;-
IDIH27C562000;BRBMEFCIH8I6;FINANCIAL;-;-;-;-;-;-;-;-;-;185,32;-;-;-;-;-;-;-
IDIH27C562100;BRBMEFCIH8J4;FINANCIAL;-;-;-;-;-;-;-;-;-;182,88;-;-;-;-;-;-;-
IDIH27C562200;BRBMEFCIH8K2;FINANCIAL;-;-;-;-;-;-;-;-;-;180,7;-;-;-;-;-;-;-
IDIH27C562300;BRBMEFCIH8L0;FINANCIAL;-;-;-;-;-;-;-;-;-;178,92;-;-;-;-;-;-;-
IDIH27C562400;BRBMEFCIH8M8;FINANCIAL;-;-;-;-;-;-;-;-;-;177,11;-;-;-;-;-;-;-
IDIH27C562500;BRBMEFCIH8N6;FINANCIAL;-;-;-;-;-;-;-;-;-;175,09;-;-;-;-;-;-;-
IDIH27C562600;BRBMEFCIH8O4;FINANCIAL;-;-;-;-;-;-;-;-;-;173,18;-;-;-;-;-;-;-
IDIH27C562700;BRBMEFCIH8P1;FINANCIAL;-;-;-;-;-;-;-;-;-;171,37;-;-;-;-;-;-;-
IDIH27C562800;BRBMEFCIH8Q9;FINANCIAL;-;-;-;-;-;-;-;-;-;169,56;-;-;-;-;-;-;-
IDIH27C562900;BRBMEFCIH8R7;FINANCIAL;-;-;-;-;-;-;-;-;-;167,81;-;-;-;-;-;-;-
IDIH27C563000;BRBMEFCIH8S5;FINANCIAL;-;-;-;-;-;-;-;-;-;166,11;-;-;-;-;-;-;-
IDIH27C563100;BRBMEFCIH8T3;FINANCIAL;-;-;-;-;-;-;-;-;-;164,29;-;-;-;-;-;-;-
IDIH27C563200;BRBMEFCIH8U1;FINANCIAL;-;-;-;-;-;-;-;-;-;162,43;-;-;-;-;-;-;-
IDIH27C563300;BRBMEFCIH8V9;FINANCIAL;-;-;-;-;-;-;-;-;-;160,67;-;-;-;-;-;-;-
IDIH27C563400;BRBMEFCIH8W7;FINANCIAL;-;-;-;-;-;-;-;-;-;158,93;-;-;-;-;-;-;-
IDIH27C563500;BRBMEFCIH8X5;FINANCIAL;-;-;-;-;-;-;-;-;-;157,27;-;-;-;-;-;-;-
IDIH27C563600;BRBMEFCIH8Y3;FINANCIAL;-;-;-;-;-;-;-;-;-;155,76;-;-;-;-;-;-;-
IDIH27C563700;BRBMEFCIH8Z0;FINANCIAL;-;-;-;-;-;-;-;-;-;154,31;-;-;-;-;-;-;-
IDIH27C563800;BRBMEFCIH902;FINANCIAL;-;-;-;-;-;-;-;-;-;152,78;-;-;-;-;-;-;-
IDIH27C563900;BRBMEFCIH910;FINANCIAL;-;-;-;-;-;-;-;-;-;151,17;-;-;-;-;-;-;-
IDIH27C564000;BRBMEFCIH928;FINANCIAL;-;-;-;-;-;-;-;-;-;149,21;-;-;-;-;-;-;-
IDIH27C564100;BRBMEFCIH936;FINANCIAL;-;-;-;-;-;-;-;-;-;147,12;-;-;-;-;-;-;-
IDIH27C564200;BRBMEFCIH944;FINANCIAL;-;-;-;-;-;-;-;-;-;145,09;-;-;-;-;-;-;-
IDIH27C564300;BRBMEFCIH951;FINANCIAL;-;-;-;-;-;-;-;-;-;143,18;-;-;-;-;-;-;-
IDIH27C564400;BRBMEFCIH969;FINANCIAL;-;-;-;-;-;-;-;-;-;141,69;-;-;-;-;-;-;-
IDIH27C564500;BRBMEFCIH977;FINANCIAL;-;-;-;-;-;-;-;-;-;140,78;-;-;-;-;-;-;-
IDIH27C564600;BRBMEFCIH985;FINANCIAL;-;-;-;-;-;-;-;-;-;140,19;-;-;-;-;-;-;-
IDIH27C564700;BRBMEFCIH993;FINANCIAL;-;-;-;-;-;-;-;-;-;139,65;-;-;-;-;-;-;-
IDIH27C564800;BRBMEFCIH9A1;FINANCIAL;-;-;-;-;-;-;-;-;-;138,94;-;-;-;-;-;-;-
IDIH27C564900;BRBMEFCIH9B9;FINANCIAL;-;-;-;-;-;-;-;-;-;137,77;-;-;-;-;-;-;-
IDIH27C565000;BRBMEFCIH9C7;FINANCIAL;-;-;-;-;-;-;-;-;-;136,05;-;-;-;-;-;-;-
IDIH27C565100;BRBMEFCIH9E3;FINANCIAL;-;-;-;-;-;-;-;-;-;134,02;-;-;-;-;-;-;-
IDIH27C565200;BRBMEFCIH9F0;FINANCIAL;-;-;-;-;-;-;-;-;-;131,81;-;-;-;-;-;-;-
IDIH27C565300;BRBMEFCIH9G8;FINANCIAL;-;-;-;-;-;-;-;-;-;129,65;-;-;-;-;-;-;-
IDIH27C565400;BRBMEFCIH9H6;FINANCIAL;-;-;-;-;-;-;-;-;-;127,52;-;-;-;-;-;-;-
IDIH27C565500;BRBMEFCIH9I4;FINANCIAL;-;-;-;-;-;-;-;-;-;125,39;-;-;-;-;-;-;-
IDIH27C565600;BRBMEFCIH9J2;FINANCIAL;-;-;-;-;-;-;-;-;-;123,24;-;-;-;-;-;-;-
IDIH27C565700;BRBMEFCIH9K0;FINANCIAL;-;-;-;-;-;-;-;-;-;121,08;-;-;-;-;-;-;-
IDIH27C565800;BRBMEFCIH9L8;FINANCIAL;-;-;-;-;-;-;-;-;-;118,85;-;-;-;-;-;-;-
IDIH27C900000;BRBMEFCIH9D5;FINANCIAL;-;-;-;-;-;-;-;-;-;0,01;-;-;-;-;-;-;-
IDIH27P558400;BRBMEFVIH9M3;FINANCIAL;-;-;-;-;-;-;-;-;-;15,81;-;-;-;-;-;-;-
IDIH27P558500;BRBMEFVIH9N1;FINANCIAL;-;-;-;-;-;-;-;-;-;16,02;-;-;-;-;-;-;-
IDIH27P558600;BRBMEFVIH7K1;FINANCIAL;-;-;-;-;-;-;-;-;-;16,24;-;-;-;-;-;-;-
IDIH27P558700;BRBMEFVIH7L9;FINANCIAL;-;-;-;-;-;-;-;-;-;16,46;-;-;-;-;-;-;-
IDIH27P558800;BRBMEFVIH7M7;FINANCIAL;-;-;-;-;-;-;-;-;-;16,71;-;-;-;-;-;-;-
IDIH27P558900;BRBMEFVIH7N5;FINANCIAL;-;-;-;-;-;-;-;-;-;16,97;-;-;-;-;-;-;-
IDIH27P559000;BRBMEFVIH7O3;FINANCIAL;-;-;-;-;-;-;-;-;-;17,22;-;-;-;-;-;-;-
IDIH27P559100;BRBMEFVIH7P0;FINANCIAL;-;-;-;-;-;-;-;-;-;17,48;-;-;-;-;-;-;-
IDIH27P559200;BRBMEFVIH7Q8;FINANCIAL;-;-;-;-;-;-;-;-;-;17,73;-;-;-;-;-;-;-
IDIH27P559300;BRBMEFVIH7R6;FINANCIAL;-;-;-;-;-;-;-;-;-;18,01;-;-;-;-;-;-;-
IDIH27P559400;BRBMEFVIH7S4;FINANCIAL;-;-;-;-;-;-;-;-;-;18,34;-;-;-;-;-;-;-
IDIH27P559500;BRBMEFVIH7T2;FINANCIAL;-;-;-;-;-;-;-;-;-;18,63;-;-;-;-;-;-;-
IDIH27P559600;BRBMEFVIH7U0;FINANCIAL;-;-;-;-;-;-;-;-;-;18,9;-;-;-;-;-;-;-
IDIH27P559700;BRBMEFVIH7V8;FINANCIAL;-;-;-;-;-;-;-;-;-;19,13;-;-;-;-;-;-;-
IDIH27P559800;BRBMEFVIH7W6;FINANCIAL;-;-;-;-;-;-;-;-;-;19,45;-;-;-;-;-;-;-
IDIH27P559900;BRBMEFVIH7X4;FINANCIAL;-;-;-;-;-;-;-;-;-;20,36;-;-;-;-;-;-;-
IDIH27P560000;BRBMEFVIH7Y2;FINANCIAL;-;-;-;-;-;-;-;-;-;22,25;-;-;-;-;-;-;-
IDIH27P560100;BRBMEFVIH7Z9;FINANCIAL;-;-;-;-;-;-;-;-;-;25;-;-;-;-;-;-;-
IDIH27P560200;BRBMEFVIH803;FINANCIAL;-;-;-;-;-;-;-;-;-;29,64;-;-;-;-;-;-;-
IDIH27P560300;BRBMEFVIH811;FINANCIAL;-;-;-;-;-;-;-;-;-;36,71;-;-;-;-;-;-;-
IDIH27P560400;BRBMEFVIH829;FINANCIAL;-;-;-;-;-;-;-;-;-;45,6;-;-;-;-;-;-;-
IDIH27P560500;BRBMEFVIH837;FINANCIAL;-;-;-;-;-;-;-;-;-;61,71;-;-;-;-;-;-;-
IDIH27P560600;BRBMEFVIH845;FINANCIAL;-;-;-;-;-;-;-;-;-;91,92;-;-;-;-;-;-;-
IDIH27P560700;BRBMEFVIH852;FINANCIAL;-;-;-;-;-;-;-;-;-;126,76;-;-;-;-;-;-;-
IDIH27P560800;BRBMEFVIH860;FINANCIAL;-;-;-;-;-;-;-;-;-;176,43;-;-;-;-;-;-;-
IDIH27P560900;BRBMEFVIH878;FINANCIAL;-;-;-;-;-;-;-;-;-;242,42;-;-;-;-;-;-;-
IDIH27P561000;BRBMEFVIH886;FINANCIAL;-;-;-;-;-;-;-;-;-;320,93;-;-;-;-;-;-;-
IDIH27P561100;BRBMEFVIH894;FINANCIAL;-;-;-;-;-;-;-;-;-;401,91;-;-;-;-;-;-;-
IDIH27P561200;BRBMEFVIH8A0;FINANCIAL;-;-;-;-;-;-;-;-;-;483,68;-;-;-;-;-;-;-
IDIH27P561300;BRBMEFVIH8B8;FINANCIAL;-;-;-;-;-;-;-;-;-;567,48;-;-;-;-;-;-;-
IDIH27P561400;BRBMEFVIH8C6;FINANCIAL;-;-;-;-;-;-;-;-;-;653,96;-;-;-;-;-;-;-
IDIH27P561500;BRBMEFVIH8D4;FINANCIAL;-;-;-;-;-;-;-;-;-;741,62;-;-;-;-;-;-;-
IDIH27P561600;BRBMEFVIH8E2;FINANCIAL;-;-;-;-;-;-;-;-;-;830,85;-;-;-;-;-;-;-
IDIH27P561700;BRBMEFVIH8F9;FINANCIAL;-;-;-;-;-;-;-;-;-;921,93;-;-;-;-;-;-;-
IDIH27P561800;BRBMEFVIH8G7;FINANCIAL;-;-;-;-;-;-;-;-;-;1013,21;-;-;-;-;-;-;-
IDIH27P561900;BRBMEFVIH8H5;FINANCIAL;-;-;-;-;-;-;-;-;-;1105,13;-;-;-;-;-;-;-
IDIH27P562000;BRBMEFVIH8I3;FINANCIAL;-;-;-;-;-;-;-;-;-;1197,56;-;-;-;-;-;-;-
IDIH27P562100;BRBMEFVIH8J1;FINANCIAL;-;-;-;-;-;-;-;-;-;1290,53;-;-;-;-;-;-;-
IDIH27P562200;BRBMEFVIH8K9;FINANCIAL;-;-;-;-;-;-;-;-;-;1383,75;-;-;-;-;-;-;-
IDIH27P562300;BRBMEFVIH8L7;FINANCIAL;-;-;-;-;-;-;-;-;-;1477,37;-;-;-;-;-;-;-
IDIH27P562400;BRBMEFVIH8M5;FINANCIAL;-;-;-;-;-;-;-;-;-;1570,96;-;-;-;-;-;-;-
IDIH27P562500;BRBMEFVIH8N3;FINANCIAL;-;-;-;-;-;-;-;-;-;1664,33;-;-;-;-;-;-;-
IDIH27P562600;BRBMEFVIH8O1;FINANCIAL;-;-;-;-;-;-;-;-;-;1757,83;-;-;-;-;-;-;-
IDIH27P562700;BRBMEFVIH8P8;FINANCIAL;-;-;-;-;-;-;-;-;-;1851,42;-;-;-;-;-;-;-
IDIH27P562800;BRBMEFVIH8Q6;FINANCIAL;-;-;-;-;-;-;-;-;-;1945,01;-;-;-;-;-;-;-
IDIH27P562900;BRBMEFVIH8R4;FINANCIAL;-;-;-;-;-;-;-;-;-;2038,66;-;-;-;-;-;-;-
IDIH27P563000;BRBMEFVIH8S2;FINANCIAL;-;-;-;-;-;-;-;-;-;2132,36;-;-;-;-;-;-;-
IDIH27P563100;BRBMEFVIH8T0;FINANCIAL;-;-;-;-;-;-;-;-;-;2225,94;-;-;-;-;-;-;-
IDIH27P563200;BRBMEFVIH8U8;FINANCIAL;-;-;-;-;-;-;-;-;-;2319,48;-;-;-;-;-;-;-
IDIH27P563300;BRBMEFVIH8V6;FINANCIAL;-;-;-;-;-;-;-;-;-;2413,12;-;-;-;-;-;-;-
IDIH27P563400;BRBMEFVIH8W4;FINANCIAL;-;-;-;-;-;-;-;-;-;2506,78;-;-;-;-;-;-;-
IDIH27P563500;BRBMEFVIH8X2;FINANCIAL;-;-;-;-;-;-;-;-;-;2600,53;-;-;-;-;-;-;-
IDIH27P563600;BRBMEFVIH8Y0;FINANCIAL;-;-;-;-;-;-;-;-;-;2694,42;-;-;-;-;-;-;-
IDIH27P563700;BRBMEFVIH8Z7;FINANCIAL;-;-;-;-;-;-;-;-;-;2788,37;-;-;-;-;-;-;-
IDIH27P563800;BRBMEFVIH902;FINANCIAL;-;-;-;-;-;-;-;-;-;2882,24;-;-;-;-;-;-;-
IDIH27P563900;BRBMEFVIH910;FINANCIAL;-;-;-;-;-;-;-;-;-;2976,03;-;-;-;-;-;-;-
IDIH27P564000;BRBMEFVIH928;FINANCIAL;-;-;-;-;-;-;-;-;-;3069,47;-;-;-;-;-;-;-
IDIH27P564100;BRBMEFVIH936;FINANCIAL;-;-;-;-;-;-;-;-;-;3162,78;-;-;-;-;-;-;-
IDIH27P564200;BRBMEFVIH944;FINANCIAL;-;-;-;-;-;-;-;-;-;3256,15;-;-;-;-;-;-;-
IDIH27P564300;BRBMEFVIH951;FINANCIAL;-;-;-;-;-;-;-;-;-;3349,64;-;-;-;-;-;-;-
IDIH27P564400;BRBMEFVIH969;FINANCIAL;-;-;-;-;-;-;-;-;-;3443,55;-;-;-;-;-;-;-
IDIH27P564500;BRBMEFVIH977;FINANCIAL;-;-;-;-;-;-;-;-;-;3538,04;-;-;-;-;-;-;-
IDIH27P564600;BRBMEFVIH985;FINANCIAL;-;-;-;-;-;-;-;-;-;3632,84;-;-;-;-;-;-;-
IDIH27P564700;BRBMEFVIH993;FINANCIAL;-;-;-;-;-;-;-;-;-;3727,71;-;-;-;-;-;-;-
IDIH27P564800;BRBMEFVIH9A8;FINANCIAL;-;-;-;-;-;-;-;-;-;3822,4;-;-;-;-;-;-;-
IDIH27P564900;BRBMEFVIH9B6;FINANCIAL;-;-;-;-;-;-;-;-;-;3916,63;-;-;-;-;-;-;-
IDIH27P565000;BRBMEFVIH9C4;FINANCIAL;-;-;-;-;-;-;-;-;-;4010,31;-;-;-;-;-;-;-
IDIH27P565100;BRBMEFVIH9E0;FINANCIAL;-;-;-;-;-;-;-;-;-;4103,68;-;-;-;-;-;-;-
IDIH27P565200;BRBMEFVIH9F7;FINANCIAL;-;-;-;-;-;-;-;-;-;4196,87;-;-;-;-;-;-;-
IDIH27P565300;BRBMEFVIH9G5;FINANCIAL;-;-;-;-;-;-;-;-;-;4290,11;-;-;-;-;-;-;-
IDIH27P565400;BRBMEFVIH9H3;FINANCIAL;-;-;-;-;-;-;-;-;-;4383,38;-;-;-;-;-;-;-
IDIH27P565500;BRBMEFVIH9I1;FINANCIAL;-;-;-;-;-;-;-;-;-;4476,65;-;-;-;-;-;-;-
IDIH27P565600;BRBMEFVIH9J9;FINANCIAL;-;-;-;-;-;-;-;-;-;4569,9;-;-;-;-;-;-;-
IDIH27P565700;BRBMEFVIH9K7;FINANCIAL;-;-;-;-;-;-;-;-;-;4663,14;-;-;-;-;-;-;-
IDIH27P565800;BRBMEFVIH9L5;FINANCIAL;-;-;-;-;-;-;-;-;-;4756,32;-;-;-;-;-;-;-
IDIH27P900000;BRBMEFVIH9D2;FINANCIAL;-;-;-;-;-;-;-;-;-;323465,75;-;-;-;-;-;-;-
IDIJ27C562700;BRBMEFCIJW35;FINANCIAL;-;-;-;-;-;-;-;-;-;4014,87;-;-;-;-;-;-;-
IDIJ27C562800;BRBMEFCIJW43;FINANCIAL;-;-;-;-;-;-;-;-;-;3920,7;-;-;-;-;-;-;-
IDIJ27C562900;BRBMEFCIJW50;FINANCIAL;-;-;-;-;-;-;-;-;-;3826,49;-;-;-;-;-;-;-
IDIJ27C563000;BRBMEFCIJW68;FINANCIAL;-;-;-;-;-;-;-;-;-;3732,3;-;-;-;-;-;-;-
IDIJ27C563100;BRBMEFCIJW76;FINANCIAL;-;-;-;-;-;-;-;-;-;3638,1;-;-;-;-;-;-;-
IDIJ27C563200;BRBMEFCIJW84;FINANCIAL;-;-;-;-;-;-;-;-;-;3543,92;-;-;-;-;-;-;-
IDIJ27C563300;BRBMEFCIJW92;FINANCIAL;-;-;-;-;-;-;-;-;-;3449,75;-;-;-;-;-;-;-
IDIJ27C563400;BRBMEFCIJWA9;FINANCIAL;-;-;-;-;-;-;-;-;-;3355,61;-;-;-;-;-;-;-
IDIJ27C563500;BRBMEFCIJWB7;FINANCIAL;-;-;-;-;-;-;-;-;-;3261,46;-;-;-;-;-;-;-
IDIJ27C563600;BRBMEFCIJWC5;FINANCIAL;-;-;-;-;-;-;-;-;-;3167,33;-;-;-;-;-;-;-
IDIJ27C563700;BRBMEFCIJWD3;FINANCIAL;-;-;-;-;-;-;-;-;-;3073,19;-;-;-;-;-;-;-
IDIJ27C563800;BRBMEFCIJWE1;FINANCIAL;-;-;-;-;-;-;-;-;-;2979,05;-;-;-;-;-;-;-
IDIJ27C563900;BRBMEFCIJWF8;FINANCIAL;-;-;-;-;-;-;-;-;-;2884,91;-;-;-;-;-;-;-
IDIJ27C564000;BRBMEFCIJWG6;FINANCIAL;-;-;-;-;-;-;-;-;-;2790,79;-;-;-;-;-;-;-
IDIJ27C564100;BRBMEFCIJWH4;FINANCIAL;-;-;-;-;-;-;-;-;-;2696,63;-;-;-;-;-;-;-
IDIJ27C564200;BRBMEFCIJWI2;FINANCIAL;-;-;-;-;-;-;-;-;-;2602,51;-;-;-;-;-;-;-
IDIJ27C564300;BRBMEFCIJWJ0;FINANCIAL;-;-;-;-;-;-;-;-;-;2508,42;-;-;-;-;-;-;-
IDIJ27C564400;BRBMEFCIJWK8;FINANCIAL;-;-;-;-;-;-;-;-;-;2414,33;-;-;-;-;-;-;-
IDIJ27C564500;BRBMEFCIJWL6;FINANCIAL;-;-;-;-;-;-;-;-;-;2320,2;-;-;-;-;-;-;-
IDIJ27C564600;BRBMEFCIJTW9;FINANCIAL;-;-;-;-;-;-;-;-;-;2226,12;-;-;-;-;-;-;-
IDIJ27C564700;BRBMEFCIJTX7;FINANCIAL;-;-;-;-;-;-;-;-;-;2132;-;-;-;-;-;-;-
IDIJ27C564800;BRBMEFCIJTY5;FINANCIAL;-;-;-;-;-;-;-;-;-;2037,85;-;-;-;-;-;-;-
IDIJ27C564900;BRBMEFCIJTZ2;FINANCIAL;-;-;-;-;-;-;-;-;-;1943,66;-;-;-;-;-;-;-
IDIJ27C565000;BRBMEFCIJTQ1;FINANCIAL;-;-;-;-;-;-;-;-;-;1849,52;-;-;-;-;-;-;-
IDIJ27C565100;BRBMEFCIJU03;FINANCIAL;-;-;-;-;-;-;-;-;-;1755,54;-;-;-;-;-;-;-
IDIJ27C565200;BRBMEFCIJU11;FINANCIAL;-;-;-;-;-;-;-;-;-;1662,06;-;-;-;-;-;-;-
IDIJ27C565300;BRBMEFCIJU29;FINANCIAL;-;-;-;-;-;-;-;-;-;1569,25;-;-;-;-;-;-;-
IDIJ27C565400;BRBMEFCIJU37;FINANCIAL;-;-;-;-;-;-;-;-;-;1476,87;-;-;-;-;-;-;-
IDIJ27C565500;BRBMEFCIJU45;FINANCIAL;-;-;-;-;-;-;-;-;-;1384,87;-;-;-;-;-;-;-
IDIJ27C565600;BRBMEFCIJU52;FINANCIAL;-;-;-;-;-;-;-;-;-;1293,94;-;-;-;-;-;-;-
IDIJ27C565700;BRBMEFCIJU60;FINANCIAL;-;-;-;-;-;-;-;-;-;1204,65;-;-;-;-;-;-;-
IDIJ27C565800;BRBMEFCIJU78;FINANCIAL;-;-;-;-;-;-;-;-;-;1117,39;-;-;-;-;-;-;-
IDIJ27C565900;BRBMEFCIJU86;FINANCIAL;-;-;-;-;-;-;-;-;-;1030,91;-;-;-;-;-;-;-
IDIJ27C566000;BRBMEFCIJU94;FINANCIAL;-;-;-;-;-;-;-;-;-;945,63;-;-;-;-;-;-;-
IDIJ27C566100;BRBMEFCIJUA3;FINANCIAL;-;-;-;-;-;-;-;-;-;864,34;-;-;-;-;-;-;-
IDIJ27C566200;BRBMEFCIJUB1;FINANCIAL;-;-;-;-;-;-;-;-;-;788,91;-;-;-;-;-;-;-
IDIJ27C566300;BRBMEFCIJUC9;FINANCIAL;-;-;-;-;-;-;-;-;-;725,46;-;-;-;-;-;-;-
IDIJ27C566400;BRBMEFCIJUD7;FINANCIAL;-;-;-;-;-;-;-;-;-;663,57;-;-;-;-;-;-;-
IDIJ27C566500;BRBMEFCIJUE5;FINANCIAL;-;-;-;-;-;-;-;-;-;602,85;-;-;-;-;-;-;-
IDIJ27C566600;BRBMEFCIJUF2;FINANCIAL;-;-;-;-;-;-;-;-;-;552,65;-;-;-;-;-;-;-
IDIJ27C566700;BRBMEFCIJUG0;FINANCIAL;-;-;-;-;-;-;-;-;-;507,34;-;-;-;-;-;-;-
IDIJ27C566800;BRBMEFCIJUH8;FINANCIAL;-;-;-;-;-;-;-;-;-;471,72;-;-;-;-;-;-;-
IDIJ27C566900;BRBMEFCIJUI6;FINANCIAL;-;-;-;-;-;-;-;-;-;448,82;-;-;-;-;-;-;-
IDIJ27C567000;BRBMEFCIJUJ4;FINANCIAL;-;-;-;-;-;-;-;-;-;428,86;-;-;-;-;-;-;-
IDIJ27C567100;BRBMEFCIJUK2;FINANCIAL;-;-;-;-;-;-;-;-;-;410,99;-;-;-;-;-;-;-
IDIJ27C567200;BRBMEFCIJUL0;FINANCIAL;-;-;-;-;-;-;-;-;-;395,79;-;-;-;-;-;-;-
IDIJ27C567300;BRBMEFCIJUM8;FINANCIAL;-;-;-;-;-;-;-;-;-;381,49;-;-;-;-;-;-;-
IDIJ27C567400;BRBMEFCIJUN6;FINANCIAL;-;-;-;-;-;-;-;-;-;367,68;-;-;-;-;-;-;-
IDIJ27C567500;BRBMEFCIJTR9;FINANCIAL;-;-;-;-;-;-;-;-;-;355,01;-;-;-;-;-;-;-
IDIJ27C567600;BRBMEFCIJUO4;FINANCIAL;-;-;-;-;-;-;-;-;-;344,77;-;-;-;-;-;-;-
IDIJ27C567700;BRBMEFCIJUP1;FINANCIAL;-;-;-;-;-;-;-;-;-;336,32;-;-;-;-;-;-;-
IDIJ27C567800;BRBMEFCIJUQ9;FINANCIAL;295,38;295,38;295,38;295,38;295,38;34,91;-;-;-;328,21;-;-;-;-;2;3.122;922176,36
IDIJ27C567900;BRBMEFCIJUR7;FINANCIAL;293,44;293,44;293,44;293,44;293,44;39,98;-;-;-;321,22;-;-;-;-;2;3.122;916119,68
IDIJ27C568000;BRBMEFCIJUS5;FINANCIAL;-;-;-;-;-;-;-;-;-;315,25;-;-;-;-;-;-;-
IDIJ27C568100;BRBMEFCIJUT3;FINANCIAL;-;-;-;-;-;-;-;-;-;310,3;-;-;-;-;-;-;-
IDIJ27C568200;BRBMEFCIJUU1;FINANCIAL;-;-;-;-;-;-;-;-;-;305,81;-;-;-;-;-;-;-
IDIJ27C568300;BRBMEFCIJUV9;FINANCIAL;-;-;-;-;-;-;-;-;-;301,71;-;-;-;-;-;-;-
IDIJ27C568400;BRBMEFCIJUW7;FINANCIAL;-;-;-;-;-;-;-;-;-;297,96;-;-;-;-;-;-;-
IDIJ27C568500;BRBMEFCIJUX5;FINANCIAL;-;-;-;-;-;-;-;-;-;294,62;-;-;-;-;-;-;-
IDIJ27C568600;BRBMEFCIJUY3;FINANCIAL;283,04;283,04;283,04;283,04;283,04;-14,02;-;-;-;291,88;-;-;-;-;2;952;269454,08
IDIJ27C568700;BRBMEFCIJUZ0;FINANCIAL;281,7;281,7;281,7;281,7;281,7;-11,65;-;-;-;289,37;-;-;-;-;2;952;268178,4
IDIJ27C568800;BRBMEFCIJV02;FINANCIAL;-;-;-;-;-;-;-;-;-;286,93;-;-;-;-;-;-;-
IDIJ27C568900;BRBMEFCIJV10;FINANCIAL;-;-;-;-;-;-;-;-;-;284,78;-;-;-;-;-;-;-
IDIJ27C569000;BRBMEFCIJV28;FINANCIAL;-;-;-;-;-;-;-;-;-;282,77;-;-;-;-;-;-;-
IDIJ27C569100;BRBMEFCIJWM4;FINANCIAL;-;-;-;-;-;-;-;-;-;280,8;-;-;-;-;-;-;-
IDIJ27C569200;BRBMEFCIJWN2;FINANCIAL;-;-;-;-;-;-;-;-;-;278,94;-;-;-;-;-;-;-
IDIJ27C569300;BRBMEFCIJWO0;FINANCIAL;-;-;-;-;-;-;-;-;-;277,18;-;-;-;-;-;-;-
IDIJ27C569400;BRBMEFCIJWP7;FINANCIAL;-;-;-;-;-;-;-;-;-;275,32;-;-;-;-;-;-;-
IDIJ27C569500;BRBMEFCIJWQ5;FINANCIAL;-;-;-;-;-;-;-;-;-;273,35;-;-;-;-;-;-;-
IDIJ27C569600;BRBMEFCIJWR3;FINANCIAL;-;-;-;-;-;-;-;-;-;271,46;-;-;-;-;-;-;-
IDIJ27C569700;BRBMEFCIJWS1;FINANCIAL;-;-;-;-;-;-;-;-;-;269,64;-;-;-;-;-;-;-
IDIJ27C569800;BRBMEFCIJWT9;FINANCIAL;-;-;-;-;-;-;-;-;-;267,79;-;-;-;-;-;-;-
IDIJ27C569900;BRBMEFCIJWU7;FINANCIAL;-;-;-;-;-;-;-;-;-;265,9;-;-;-;-;-;-;-
IDIJ27C570000;BRBMEFCIJTS7;FINANCIAL;-;-;-;-;-;-;-;-;-;264,07;-;-;-;-;-;-;-
IDIJ27C570100;BRBMEFCIJWV5;FINANCIAL;-;-;-;-;-;-;-;-;-;262,2;-;-;-;-;-;-;-
IDIJ27C570200;BRBMEFCIJWW3;FINANCIAL;-;-;-;-;-;-;-;-;-;260,46;-;-;-;-;-;-;-
IDIJ27C570300;BRBMEFCIJWX1;FINANCIAL;-;-;-;-;-;-;-;-;-;258,67;-;-;-;-;-;-;-
IDIJ27C570400;BRBMEFCIJWY9;FINANCIAL;-;-;-;-;-;-;-;-;-;256,92;-;-;-;-;-;-;-
IDIJ27C570500;BRBMEFCIJWZ6;FINANCIAL;-;-;-;-;-;-;-;-;-;255,19;-;-;-;-;-;-;-
IDIJ27C570600;BRBMEFCIJX00;FINANCIAL;-;-;-;-;-;-;-;-;-;253,49;-;-;-;-;-;-;-
IDIJ27C570700;BRBMEFCIJX18;FINANCIAL;-;-;-;-;-;-;-;-;-;251,82;-;-;-;-;-;-;-
IDIJ27C570800;BRBMEFCIJX26;FINANCIAL;-;-;-;-;-;-;-;-;-;250,24;-;-;-;-;-;-;-
IDIJ27C570900;BRBMEFCIJX34;FINANCIAL;-;-;-;-;-;-;-;-;-;248,6;-;-;-;-;-;-;-
IDIJ27C571000;BRBMEFCIJX42;FINANCIAL;-;-;-;-;-;-;-;-;-;247,05;-;-;-;-;-;-;-
IDIJ27C571100;BRBMEFCIJX59;FINANCIAL;-;-;-;-;-;-;-;-;-;245,59;-;-;-;-;-;-;-
IDIJ27C571200;BRBMEFCIJX75;FINANCIAL;-;-;-;-;-;-;-;-;-;244,22;-;-;-;-;-;-;-
IDIJ27C571300;BRBMEFCIJX83;FINANCIAL;-;-;-;-;-;-;-;-;-;242,85;-;-;-;-;-;-;-
IDIJ27C571400;BRBMEFCIJX91;FINANCIAL;-;-;-;-;-;-;-;-;-;241,48;-;-;-;-;-;-;-
IDIJ27C571500;BRBMEFCIJXA7;FINANCIAL;-;-;-;-;-;-;-;-;-;240,03;-;-;-;-;-;-;-
IDIJ27C571600;BRBMEFCIJXB5;FINANCIAL;-;-;-;-;-;-;-;-;-;238,51;-;-;-;-;-;-;-
IDIJ27C571700;BRBMEFCIJXC3;FINANCIAL;-;-;-;-;-;-;-;-;-;236,84;-;-;-;-;-;-;-
IDIJ27C571800;BRBMEFCIJXD1;FINANCIAL;-;-;-;-;-;-;-;-;-;235,09;-;-;-;-;-;-;-
IDIJ27C571900;BRBMEFCIJXE9;FINANCIAL;-;-;-;-;-;-;-;-;-;233,35;-;-;-;-;-;-;-
IDIJ27C572000;BRBMEFCIJXF6;FINANCIAL;-;-;-;-;-;-;-;-;-;231,54;-;-;-;-;-;-;-
IDIJ27C572100;BRBMEFCIJXG4;FINANCIAL;-;-;-;-;-;-;-;-;-;229,73;-;-;-;-;-;-;-
IDIJ27C572200;BRBMEFCIJXH2;FINANCIAL;-;-;-;-;-;-;-;-;-;227,85;-;-;-;-;-;-;-
IDIJ27C572300;BRBMEFCIJXI0;FINANCIAL;-;-;-;-;-;-;-;-;-;225,97;-;-;-;-;-;-;-
IDIJ27C572400;BRBMEFCIJXJ8;FINANCIAL;-;-;-;-;-;-;-;-;-;224,09;-;-;-;-;-;-;-
IDIJ27C572500;BRBMEFCIJTT5;FINANCIAL;-;-;-;-;-;-;-;-;-;222,14;-;-;-;-;-;-;-
IDIJ27C572600;BRBMEFCIJXK6;FINANCIAL;-;-;-;-;-;-;-;-;-;220,13;-;-;-;-;-;-;-
IDIJ27C575000;BRBMEFCIJTU3;FINANCIAL;-;-;-;-;-;-;-;-;-;164,55;-;-;-;-;-;-;-
IDIJ27C575100;BRBMEFCIJV36;FINANCIAL;-;-;-;-;-;-;-;-;-;162,11;-;-;-;-;-;-;-
IDIJ27C575200;BRBMEFCIJV44;FINANCIAL;-;-;-;-;-;-;-;-;-;159,74;-;-;-;-;-;-;-
IDIJ27C575300;BRBMEFCIJV51;FINANCIAL;-;-;-;-;-;-;-;-;-;157,37;-;-;-;-;-;-;-
IDIJ27C575400;BRBMEFCIJV69;FINANCIAL;-;-;-;-;-;-;-;-;-;154,97;-;-;-;-;-;-;-
IDIJ27C575500;BRBMEFCIJV77;FINANCIAL;-;-;-;-;-;-;-;-;-;152,62;-;-;-;-;-;-;-
IDIJ27C575600;BRBMEFCIJV85;FINANCIAL;-;-;-;-;-;-;-;-;-;150,24;-;-;-;-;-;-;-
IDIJ27C575700;BRBMEFCIJV93;FINANCIAL;-;-;-;-;-;-;-;-;-;147,87;-;-;-;-;-;-;-
IDIJ27C575800;BRBMEFCIJVA1;FINANCIAL;-;-;-;-;-;-;-;-;-;145,56;-;-;-;-;-;-;-
IDIJ27C575900;BRBMEFCIJVB9;FINANCIAL;-;-;-;-;-;-;-;-;-;143,22;-;-;-;-;-;-;-
IDIJ27C576000;BRBMEFCIJVC7;FINANCIAL;-;-;-;-;-;-;-;-;-;140,93;-;-;-;-;-;-;-
IDIJ27C576100;BRBMEFCIJVD5;FINANCIAL;-;-;-;-;-;-;-;-;-;138,61;-;-;-;-;-;-;-
IDIJ27C576200;BRBMEFCIJVE3;FINANCIAL;-;-;-;-;-;-;-;-;-;136,35;-;-;-;-;-;-;-
IDIJ27C576300;BRBMEFCIJVF0;FINANCIAL;-;-;-;-;-;-;-;-;-;134,1;-;-;-;-;-;-;-
IDIJ27C576400;BRBMEFCIJVG8;FINANCIAL;-;-;-;-;-;-;-;-;-;131,86;-;-;-;-;-;-;-
IDIJ27C576500;BRBMEFCIJVH6;FINANCIAL;-;-;-;-;-;-;-;-;-;129,68;-;-;-;-;-;-;-
IDIJ27C576600;BRBMEFCIJVI4;FINANCIAL;-;-;-;-;-;-;-;-;-;127,47;-;-;-;-;-;-;-
IDIJ27C576700;BRBMEFCIJVJ2;FINANCIAL;-;-;-;-;-;-;-;-;-;125,27;-;-;-;-;-;-;-
IDIJ27C576800;BRBMEFCIJVK0;FINANCIAL;-;-;-;-;-;-;-;-;-;123,08;-;-;-;-;-;-;-
IDIJ27C576900;BRBMEFCIJVL8;FINANCIAL;-;-;-;-;-;-;-;-;-;120,95;-;-;-;-;-;-;-
IDIJ27C577000;BRBMEFCIJVM6;FINANCIAL;-;-;-;-;-;-;-;-;-;118,79;-;-;-;-;-;-;-
IDIJ27C900000;BRBMEFCIJX67;FINANCIAL;-;-;-;-;-;-;-;-;-;0,01;-;-;-;-;-;-;-
IDIJ27P562700;BRBMEFVIJW32;FINANCIAL;-;-;-;-;-;-;-;-;-;25,44;-;-;-;-;-;-;-
IDIJ27P562800;BRBMEFVIJW40;FINANCIAL;-;-;-;-;-;-;-;-;-;25,67;-;-;-;-;-;-;-
IDIJ27P562900;BRBMEFVIJW57;FINANCIAL;-;-;-;-;-;-;-;-;-;25,85;-;-;-;-;-;-;-
IDIJ27P563000;BRBMEFVIJW65;FINANCIAL;-;-;-;-;-;-;-;-;-;26,06;-;-;-;-;-;-;-
IDIJ27P563100;BRBMEFVIJW73;FINANCIAL;-;-;-;-;-;-;-;-;-;26,25;-;-;-;-;-;-;-
IDIJ27P563200;BRBMEFVIJW81;FINANCIAL;-;-;-;-;-;-;-;-;-;26,46;-;-;-;-;-;-;-
IDIJ27P563300;BRBMEFVIJW99;FINANCIAL;-;-;-;-;-;-;-;-;-;26,69;-;-;-;-;-;-;-
IDIJ27P563400;BRBMEFVIJWA9;FINANCIAL;-;-;-;-;-;-;-;-;-;26,94;-;-;-;-;-;-;-
IDIJ27P563500;BRBMEFVIJWB7;FINANCIAL;-;-;-;-;-;-;-;-;-;27,18;-;-;-;-;-;-;-
IDIJ27P563600;BRBMEFVIJWC5;FINANCIAL;-;-;-;-;-;-;-;-;-;27,44;-;-;-;-;-;-;-
IDIJ27P563700;BRBMEFVIJWD3;FINANCIAL;-;-;-;-;-;-;-;-;-;27,7;-;-;-;-;-;-;-
IDIJ27P563800;BRBMEFVIJWE1;FINANCIAL;-;-;-;-;-;-;-;-;-;27,95;-;-;-;-;-;-;-
IDIJ27P563900;BRBMEFVIJWF8;FINANCIAL;-;-;-;-;-;-;-;-;-;28,2;-;-;-;-;-;-;-
IDIJ27P564000;BRBMEFVIJWG6;FINANCIAL;-;-;-;-;-;-;-;-;-;28,47;-;-;-;-;-;-;-
IDIJ27P564100;BRBMEFVIJWH4;FINANCIAL;-;-;-;-;-;-;-;-;-;28,71;-;-;-;-;-;-;-
IDIJ27P564200;BRBMEFVIJWI2;FINANCIAL;-;-;-;-;-;-;-;-;-;28,98;-;-;-;-;-;-;-
IDIJ27P564300;BRBMEFVIJWJ0;FINANCIAL;-;-;-;-;-;-;-;-;-;29,28;-;-;-;-;-;-;-
IDIJ27P564400;BRBMEFVIJWK8;FINANCIAL;-;-;-;-;-;-;-;-;-;29,58;-;-;-;-;-;-;-
IDIJ27P564500;BRBMEFVIJWL6;FINANCIAL;-;-;-;-;-;-;-;-;-;29,85;-;-;-;-;-;-;-
IDIJ27P564600;BRBMEFVIJTW9;FINANCIAL;-;-;-;-;-;-;-;-;-;30,16;-;-;-;-;-;-;-
IDIJ27P564700;BRBMEFVIJTX7;FINANCIAL;-;-;-;-;-;-;-;-;-;30,44;-;-;-;-;-;-;-
IDIJ27P564800;BRBMEFVIJTY5;FINANCIAL;-;-;-;-;-;-;-;-;-;30,68;-;-;-;-;-;-;-
IDIJ27P564900;BRBMEFVIJTZ2;FINANCIAL;-;-;-;-;-;-;-;-;-;30,88;-;-;-;-;-;-;-
IDIJ27P565000;BRBMEFVIJTQ1;FINANCIAL;-;-;-;-;-;-;-;-;-;31,14;-;-;-;-;-;-;-
IDIJ27P565100;BRBMEFVIJU00;FINANCIAL;-;-;-;-;-;-;-;-;-;31,55;-;-;-;-;-;-;-
IDIJ27P565200;BRBMEFVIJU18;FINANCIAL;-;-;-;-;-;-;-;-;-;32,46;-;-;-;-;-;-;-
IDIJ27P565300;BRBMEFVIJU26;FINANCIAL;-;-;-;-;-;-;-;-;-;34,04;-;-;-;-;-;-;-
IDIJ27P565400;BRBMEFVIJU34;FINANCIAL;-;-;-;-;-;-;-;-;-;36,05;-;-;-;-;-;-;-
IDIJ27P565500;BRBMEFVIJU42;FINANCIAL;-;-;-;-;-;-;-;-;-;38,45;-;-;-;-;-;-;-
IDIJ27P565600;BRBMEFVIJU59;FINANCIAL;-;-;-;-;-;-;-;-;-;41,91;-;-;-;-;-;-;-
IDIJ27P565700;BRBMEFVIJU67;FINANCIAL;-;-;-;-;-;-;-;-;-;47,01;-;-;-;-;-;-;-
IDIJ27P565800;BRBMEFVIJU75;FINANCIAL;-;-;-;-;-;-;-;-;-;54,15;-;-;-;-;-;-;-
IDIJ27P565900;BRBMEFVIJU83;FINANCIAL;-;-;-;-;-;-;-;-;-;62,06;-;-;-;-;-;-;-
IDIJ27P566000;BRBMEFVIJU91;FINANCIAL;-;-;-;-;-;-;-;-;-;71,18;-;-;-;-;-;-;-
IDIJ27P566100;BRBMEFVIJUA3;FINANCIAL;-;-;-;-;-;-;-;-;-;84,28;-;-;-;-;-;-;-
IDIJ27P566200;BRBMEFVIJUB1;FINANCIAL;87,58;87,58;87,58;87,58;87,58;-5,17;-;-;-;103,23;-;-;-;-;2;2.698;236290,84
IDIJ27P566300;BRBMEFVIJUC9;FINANCIAL;117,45;117,45;117,45;117,45;117,45;-7,05;-;-;-;134,18;-;-;-;-;2;2.698;316880,1
IDIJ27P566400;BRBMEFVIJUD7;FINANCIAL;-;-;-;-;-;-;-;-;-;166,68;-;-;-;-;-;-;-
IDIJ27P566500;BRBMEFVIJUE5;FINANCIAL;-;-;-;-;-;-;-;-;-;200,35;-;-;-;-;-;-;-
IDIJ27P566600;BRBMEFVIJUF2;FINANCIAL;213;213;213;213;213;-14,92;-;-;-;244,55;-;-;-;-;1;1.182;251766
IDIJ27P566700;BRBMEFVIJUG0;FINANCIAL;259;259;259;259;259;-14,62;-;-;-;293,63;-;-;-;-;1;1.182;306138
IDIJ27P566800;BRBMEFVIJUH8;FINANCIAL;315;315;315;315;315;-3,36;-;-;-;352,41;-;-;-;-;1;1.102;347130
IDIJ27P566900;BRBMEFVIJUI6;FINANCIAL;400,19;383;400,19;393,06;383;-4;-;-;-;423,9;-;-;-;-;3;2.660;1045562,02
IDIJ27P567000;BRBMEFVIJUJ4;FINANCIAL;457,74;457,74;457,74;457,74;457,74;-9,19;-;-;-;498,33;-;-;-;-;2;3.122;1429064,28
IDIJ27P567100;BRBMEFVIJUK2;FINANCIAL;535,41;535,41;535,41;535,41;535,41;-7,4;-;-;-;574,86;-;-;-;-;2;1.558;834168,78
IDIJ27P567200;BRBMEFVIJUL0;FINANCIAL;-;-;-;-;-;-;-;-;-;654,05;-;-;-;-;-;-;-
IDIJ27P567300;BRBMEFVIJUM8;FINANCIAL;703,68;703,68;703,68;703,68;703,68;-3,6;-;-;-;734,14;-;-;-;-;2;1.558;1096333,44
IDIJ27P567400;BRBMEFVIJUN6;FINANCIAL;791,51;791,51;791,51;791,51;791,51;-1,93;-;-;-;814,72;-;-;-;-;2;3.122;2471094,22
IDIJ27P567500;BRBMEFVIJTR9;FINANCIAL;880,9;880,9;880,9;880,9;880,9;-0,93;-;-;-;896,45;-;-;-;-;2;1.558;1372442,2
IDIJ27P567600;BRBMEFVIJUO4;FINANCIAL;-;-;-;-;-;-;-;-;-;980,59;-;-;-;-;-;-;-
IDIJ27P567700;BRBMEFVIJUP1;FINANCIAL;-;-;-;-;-;-;-;-;-;1066,54;-;-;-;-;-;-;-
IDIJ27P567800;BRBMEFVIJUQ9;FINANCIAL;-;-;-;-;-;-;-;-;-;1152,82;-;-;-;-;-;-;-
IDIJ27P567900;BRBMEFVIJUR7;FINANCIAL;-;-;-;-;-;-;-;-;-;1240,23;-;-;-;-;-;-;-
IDIJ27P568000;BRBMEFVIJUS5;FINANCIAL;-;-;-;-;-;-;-;-;-;1328,65;-;-;-;-;-;-;-
IDIJ27P568100;BRBMEFVIJUT3;FINANCIAL;-;-;-;-;-;-;-;-;-;1418,09;-;-;-;-;-;-;-
IDIJ27P568200;BRBMEFVIJUU1;FINANCIAL;-;-;-;-;-;-;-;-;-;1507,99;-;-;-;-;-;-;-
IDIJ27P568300;BRBMEFVIJUV9;FINANCIAL;-;-;-;-;-;-;-;-;-;1598,29;-;-;-;-;-;-;-
IDIJ27P568400;BRBMEFVIJUW7;FINANCIAL;-;-;-;-;-;-;-;-;-;1688,93;-;-;-;-;-;-;-
IDIJ27P568500;BRBMEFVIJUX5;FINANCIAL;-;-;-;-;-;-;-;-;-;1779,99;-;-;-;-;-;-;-
IDIJ27P568600;BRBMEFVIJUY3;FINANCIAL;-;-;-;-;-;-;-;-;-;1871,64;-;-;-;-;-;-;-
IDIJ27P568700;BRBMEFVIJUZ0;FINANCIAL;-;-;-;-;-;-;-;-;-;1963,52;-;-;-;-;-;-;-
IDIJ27P568800;BRBMEFVIJV09;FINANCIAL;-;-;-;-;-;-;-;-;-;2055,48;-;-;-;-;-;-;-
IDIJ27P568900;BRBMEFVIJV17;FINANCIAL;-;-;-;-;-;-;-;-;-;2147,72;-;-;-;-;-;-;-
IDIJ27P569000;BRBMEFVIJV25;FINANCIAL;-;-;-;-;-;-;-;-;-;2240,1;-;-;-;-;-;-;-
IDIJ27P569100;BRBMEFVIJWM4;FINANCIAL;-;-;-;-;-;-;-;-;-;2332,52;-;-;-;-;-;-;-
IDIJ27P569200;BRBMEFVIJWN2;FINANCIAL;-;-;-;-;-;-;-;-;-;2425,05;-;-;-;-;-;-;-
IDIJ27P569300;BRBMEFVIJWO0;FINANCIAL;-;-;-;-;-;-;-;-;-;2517,69;-;-;-;-;-;-;-
IDIJ27P569400;BRBMEFVIJWP7;FINANCIAL;-;-;-;-;-;-;-;-;-;2610,22;-;-;-;-;-;-;-
IDIJ27P569500;BRBMEFVIJWQ5;FINANCIAL;-;-;-;-;-;-;-;-;-;2702,64;-;-;-;-;-;-;-
IDIJ27P569600;BRBMEFVIJWR3;FINANCIAL;-;-;-;-;-;-;-;-;-;2795,14;-;-;-;-;-;-;-
IDIJ27P569700;BRBMEFVIJWS1;FINANCIAL;-;-;-;-;-;-;-;-;-;2887,72;-;-;-;-;-;-;-
IDIJ27P569800;BRBMEFVIJWT9;FINANCIAL;-;-;-;-;-;-;-;-;-;2980,26;-;-;-;-;-;-;-
IDIJ27P569900;BRBMEFVIJWU7;FINANCIAL;-;-;-;-;-;-;-;-;-;3072,77;-;-;-;-;-;-;-
IDIJ27P570000;BRBMEFVIJTS7;FINANCIAL;-;-;-;-;-;-;-;-;-;3165,33;-;-;-;-;-;-;-
IDIJ27P570100;BRBMEFVIJWV5;FINANCIAL;-;-;-;-;-;-;-;-;-;3257,85;-;-;-;-;-;-;-
IDIJ27P570200;BRBMEFVIJWW3;FINANCIAL;-;-;-;-;-;-;-;-;-;3350,51;-;-;-;-;-;-;-
IDIJ27P570300;BRBMEFVIJWX1;FINANCIAL;-;-;-;-;-;-;-;-;-;3443,11;-;-;-;-;-;-;-
IDIJ27P570400;BRBMEFVIJWY9;FINANCIAL;-;-;-;-;-;-;-;-;-;3535,75;-;-;-;-;-;-;-
IDIJ27P570500;BRBMEFVIJWZ6;FINANCIAL;-;-;-;-;-;-;-;-;-;3628,42;-;-;-;-;-;-;-
IDIJ27P570600;BRBMEFVIJX07;FINANCIAL;-;-;-;-;-;-;-;-;-;3721,11;-;-;-;-;-;-;-
IDIJ27P570700;BRBMEFVIJX15;FINANCIAL;-;-;-;-;-;-;-;-;-;3813,82;-;-;-;-;-;-;-
IDIJ27P570800;BRBMEFVIJX23;FINANCIAL;-;-;-;-;-;-;-;-;-;3906,64;-;-;-;-;-;-;-
IDIJ27P570900;BRBMEFVIJX31;FINANCIAL;-;-;-;-;-;-;-;-;-;3999,39;-;-;-;-;-;-;-
IDIJ27P571000;BRBMEFVIJX49;FINANCIAL;-;-;-;-;-;-;-;-;-;4092,24;-;-;-;-;-;-;-
IDIJ27P571100;BRBMEFVIJX56;FINANCIAL;-;-;-;-;-;-;-;-;-;4185,18;-;-;-;-;-;-;-
IDIJ27P571200;BRBMEFVIJX72;FINANCIAL;-;-;-;-;-;-;-;-;-;4278,2;-;-;-;-;-;-;-
IDIJ27P571300;BRBMEFVIJX80;FINANCIAL;-;-;-;-;-;-;-;-;-;4371,22;-;-;-;-;-;-;-
IDIJ27P571400;BRBMEFVIJX98;FINANCIAL;-;-;-;-;-;-;-;-;-;4464,24;-;-;-;-;-;-;-
IDIJ27P571500;BRBMEFVIJXA7;FINANCIAL;-;-;-;-;-;-;-;-;-;4557,19;-;-;-;-;-;-;-
IDIJ27P571600;BRBMEFVIJXB5;FINANCIAL;-;-;-;-;-;-;-;-;-;4650,06;-;-;-;-;-;-;-
IDIJ27P571700;BRBMEFVIJXC3;FINANCIAL;-;-;-;-;-;-;-;-;-;4742,78;-;-;-;-;-;-;-
IDIJ27P571800;BRBMEFVIJXD1;FINANCIAL;-;-;-;-;-;-;-;-;-;4835,43;-;-;-;-;-;-;-
IDIJ27P571900;BRBMEFVIJXE9;FINANCIAL;-;-;-;-;-;-;-;-;-;4928,08;-;-;-;-;-;-;-
IDIJ27P572000;BRBMEFVIJXF6;FINANCIAL;-;-;-;-;-;-;-;-;-;5020,66;-;-;-;-;-;-;-
IDIJ27P572100;BRBMEFVIJXG4;FINANCIAL;-;-;-;-;-;-;-;-;-;5113,24;-;-;-;-;-;-;-
IDIJ27P572200;BRBMEFVIJXH2;FINANCIAL;-;-;-;-;-;-;-;-;-;5205,75;-;-;-;-;-;-;-
IDIJ27P572300;BRBMEFVIJXI0;FINANCIAL;-;-;-;-;-;-;-;-;-;5298,26;-;-;-;-;-;-;-
IDIJ27P572400;BRBMEFVIJXJ8;FINANCIAL;-;-;-;-;-;-;-;-;-;5390,78;-;-;-;-;-;-;-
IDIJ27P572500;BRBMEFVIJTT5;FINANCIAL;-;-;-;-;-;-;-;-;-;5483,23;-;-;-;-;-;-;-
IDIJ27P572600;BRBMEFVIJXK6;FINANCIAL;-;-;-;-;-;-;-;-;-;5575,61;-;-;-;-;-;-;-
IDIJ27P575000;BRBMEFVIJTU3;FINANCIAL;-;-;-;-;-;-;-;-;-;7785,46;-;-;-;-;-;-;-
IDIJ27P575100;BRBMEFVIJV33;FINANCIAL;-;-;-;-;-;-;-;-;-;7877,41;-;-;-;-;-;-;-
IDIJ27P575200;BRBMEFVIJV41;FINANCIAL;-;-;-;-;-;-;-;-;-;7969,43;-;-;-;-;-;-;-
IDIJ27P575300;BRBMEFVIJV58;FINANCIAL;-;-;-;-;-;-;-;-;-;8061,45;-;-;-;-;-;-;-
IDIJ27P575400;BRBMEFVIJV66;FINANCIAL;-;-;-;-;-;-;-;-;-;8153,44;-;-;-;-;-;-;-
IDIJ27P575500;BRBMEFVIJV74;FINANCIAL;-;-;-;-;-;-;-;-;-;8245,49;-;-;-;-;-;-;-
IDIJ27P575600;BRBMEFVIJV82;FINANCIAL;-;-;-;-;-;-;-;-;-;8337,5;-;-;-;-;-;-;-
IDIJ27P575700;BRBMEFVIJV90;FINANCIAL;-;-;-;-;-;-;-;-;-;8429,53;-;-;-;-;-;-;-
IDIJ27P575800;BRBMEFVIJVA1;FINANCIAL;-;-;-;-;-;-;-;-;-;8521,61;-;-;-;-;-;-;-
IDIJ27P575900;BRBMEFVIJVB9;FINANCIAL;-;-;-;-;-;-;-;-;-;8613,66;-;-;-;-;-;-;-
IDIJ27P576000;BRBMEFVIJVC7;FINANCIAL;-;-;-;-;-;-;-;-;-;8705,77;-;-;-;-;-;-;-
IDIJ27P576100;BRBMEFVIJVD5;FINANCIAL;-;-;-;-;-;-;-;-;-;8797,84;-;-;-;-;-;-;-
IDIJ27P576200;BRBMEFVIJVE3;FINANCIAL;-;-;-;-;-;-;-;-;-;8889,97;-;-;-;-;-;-;-
IDIJ27P576300;BRBMEFVIJVF0;FINANCIAL;-;-;-;-;-;-;-;-;-;8982,11;-;-;-;-;-;-;-
IDIJ27P576400;BRBMEFVIJVG8;FINANCIAL;-;-;-;-;-;-;-;-;-;9074,27;-;-;-;-;-;-;-
IDIJ27P576500;BRBMEFVIJVH6;FINANCIAL;-;-;-;-;-;-;-;-;-;9166,48;-;-;-;-;-;-;-
IDIJ27P576600;BRBMEFVIJVI4;FINANCIAL;-;-;-;-;-;-;-;-;-;9258,66;-;-;-;-;-;-;-
IDIJ27P576700;BRBMEFVIJVJ2;FINANCIAL;-;-;-;-;-;-;-;-;-;9350,85;-;-;-;-;-;-;-
IDIJ27P576800;BRBMEFVIJVK0;FINANCIAL;-;-;-;-;-;-;-;-;-;9443,06;-;-;-;-;-;-;-
IDIJ27P576900;BRBMEFVIJVL8;FINANCIAL;-;-;-;-;-;-;-;-;-;9535,31;-;-;-;-;-;-;-
IDIJ27P577000;BRBMEFVIJVM6;FINANCIAL;-;-;-;-;-;-;-;-;-;9627,55;-;-;-;-;-;-;-
IDIJ27P900000;BRBMEFVIJX64;FINANCIAL;-;-;-;-;-;-;-;-;-;314397,82;-;-;-;-;-;-;-
IDIK27C571700;BRBMEFCIKA95;FINANCIAL;-;-;-;-;-;-;-;-;-;1033,21;-;-;-;-;-;-;-
IDIK27C571800;BRBMEFCIKAA3;FINANCIAL;-;-;-;-;-;-;-;-;-;971,21;-;-;-;-;-;-;-
IDIK27C571900;BRBMEFCIKAB1;FINANCIAL;-;-;-;-;-;-;-;-;-;909,41;-;-;-;-;-;-;-
IDIK27C572000;BRBMEFCIKAC9;FINANCIAL;-;-;-;-;-;-;-;-;-;850,84;-;-;-;-;-;-;-
IDIK27C572100;BRBMEFCIKAD7;FINANCIAL;-;-;-;-;-;-;-;-;-;799,74;-;-;-;-;-;-;-
IDIK27C572200;BRBMEFCIKAE5;FINANCIAL;-;-;-;-;-;-;-;-;-;751,73;-;-;-;-;-;-;-
IDIK27C572300;BRBMEFCIKAF2;FINANCIAL;-;-;-;-;-;-;-;-;-;707,95;-;-;-;-;-;-;-
IDIK27C572400;BRBMEFCIKAG0;FINANCIAL;-;-;-;-;-;-;-;-;-;670,37;-;-;-;-;-;-;-
IDIK27C572500;BRBMEFCIKAH8;FINANCIAL;-;-;-;-;-;-;-;-;-;643,51;-;-;-;-;-;-;-
IDIK27C572600;BRBMEFCIKAI6;FINANCIAL;-;-;-;-;-;-;-;-;-;617,72;-;-;-;-;-;-;-
IDIK27C572700;BRBMEFCIKAJ4;FINANCIAL;-;-;-;-;-;-;-;-;-;595,6;-;-;-;-;-;-;-
IDIK27C572800;BRBMEFCIKAK2;FINANCIAL;-;-;-;-;-;-;-;-;-;573,59;-;-;-;-;-;-;-
IDIK27C572900;BRBMEFCIKAL0;FINANCIAL;-;-;-;-;-;-;-;-;-;554,65;-;-;-;-;-;-;-
IDIK27C573000;BRBMEFCIKAM8;FINANCIAL;-;-;-;-;-;-;-;-;-;537,49;-;-;-;-;-;-;-
IDIK27C573100;BRBMEFCIKAN6;FINANCIAL;-;-;-;-;-;-;-;-;-;521,01;-;-;-;-;-;-;-
IDIK27C573200;BRBMEFCIKAO4;FINANCIAL;-;-;-;-;-;-;-;-;-;505,25;-;-;-;-;-;-;-
IDIK27C573300;BRBMEFCIKAP1;FINANCIAL;-;-;-;-;-;-;-;-;-;490,55;-;-;-;-;-;-;-
IDIK27C573400;BRBMEFCIKAQ9;FINANCIAL;-;-;-;-;-;-;-;-;-;476,66;-;-;-;-;-;-;-
IDIK27C573500;BRBMEFCIKAR7;FINANCIAL;-;-;-;-;-;-;-;-;-;464,8;-;-;-;-;-;-;-
IDIK27C573600;BRBMEFCIKAS5;FINANCIAL;-;-;-;-;-;-;-;-;-;454,41;-;-;-;-;-;-;-
IDIK27C573700;BRBMEFCIKAT3;FINANCIAL;-;-;-;-;-;-;-;-;-;444,95;-;-;-;-;-;-;-
IDIK27C573800;BRBMEFCIKAU1;FINANCIAL;-;-;-;-;-;-;-;-;-;436,35;-;-;-;-;-;-;-
IDIK27C573900;BRBMEFCIKA53;FINANCIAL;-;-;-;-;-;-;-;-;-;428,13;-;-;-;-;-;-;-
IDIK27C574000;BRBMEFCIKA61;FINANCIAL;-;-;-;-;-;-;-;-;-;420,24;-;-;-;-;-;-;-
IDIK27C574100;BRBMEFCIKA79;FINANCIAL;-;-;-;-;-;-;-;-;-;414,11;-;-;-;-;-;-;-
IDIK27C574200;BRBMEFCIKA87;FINANCIAL;-;-;-;-;-;-;-;-;-;408,33;-;-;-;-;-;-;-
IDIK27C574300;BRBMEFCIK8O9;FINANCIAL;-;-;-;-;-;-;-;-;-;402,86;-;-;-;-;-;-;-
IDIK27C574400;BRBMEFCIK8P6;FINANCIAL;-;-;-;-;-;-;-;-;-;397,67;-;-;-;-;-;-;-
IDIK27C574500;BRBMEFCIK8Q4;FINANCIAL;-;-;-;-;-;-;-;-;-;392,86;-;-;-;-;-;-;-
IDIK27C574600;BRBMEFCIK8R2;FINANCIAL;-;-;-;-;-;-;-;-;-;388,65;-;-;-;-;-;-;-
IDIK27C574700;BRBMEFCIK8S0;FINANCIAL;-;-;-;-;-;-;-;-;-;384,89;-;-;-;-;-;-;-
IDIK27C574800;BRBMEFCIK8T8;FINANCIAL;-;-;-;-;-;-;-;-;-;381,29;-;-;-;-;-;-;-
IDIK27C574900;BRBMEFCIK8U6;FINANCIAL;-;-;-;-;-;-;-;-;-;377,96;-;-;-;-;-;-;-
IDIK27C575000;BRBMEFCIK8V4;FINANCIAL;-;-;-;-;-;-;-;-;-;374,88;-;-;-;-;-;-;-
IDIK27C575100;BRBMEFCIK8W2;FINANCIAL;-;-;-;-;-;-;-;-;-;371,93;-;-;-;-;-;-;-
IDIK27C575200;BRBMEFCIK8X0;FINANCIAL;-;-;-;-;-;-;-;-;-;369,19;-;-;-;-;-;-;-
IDIK27C575300;BRBMEFCIK8Y8;FINANCIAL;-;-;-;-;-;-;-;-;-;366,65;-;-;-;-;-;-;-
IDIK27C575400;BRBMEFCIK8Z5;FINANCIAL;-;-;-;-;-;-;-;-;-;364,2;-;-;-;-;-;-;-
IDIK27C575500;BRBMEFCIK906;FINANCIAL;-;-;-;-;-;-;-;-;-;361,82;-;-;-;-;-;-;-
IDIK27C575600;BRBMEFCIK914;FINANCIAL;-;-;-;-;-;-;-;-;-;359,5;-;-;-;-;-;-;-
IDIK27C575700;BRBMEFCIK922;FINANCIAL;-;-;-;-;-;-;-;-;-;357,23;-;-;-;-;-;-;-
IDIK27C575800;BRBMEFCIK930;FINANCIAL;-;-;-;-;-;-;-;-;-;354,91;-;-;-;-;-;-;-
IDIK27C575900;BRBMEFCIK948;FINANCIAL;-;-;-;-;-;-;-;-;-;352,52;-;-;-;-;-;-;-
IDIK27C576000;BRBMEFCIK955;FINANCIAL;-;-;-;-;-;-;-;-;-;350,18;-;-;-;-;-;-;-
IDIK27C576100;BRBMEFCIK963;FINANCIAL;-;-;-;-;-;-;-;-;-;347,77;-;-;-;-;-;-;-
IDIK27C576200;BRBMEFCIK971;FINANCIAL;-;-;-;-;-;-;-;-;-;345,49;-;-;-;-;-;-;-
IDIK27C576300;BRBMEFCIK989;FINANCIAL;-;-;-;-;-;-;-;-;-;343,25;-;-;-;-;-;-;-
IDIK27C576400;BRBMEFCIK997;FINANCIAL;-;-;-;-;-;-;-;-;-;341,03;-;-;-;-;-;-;-
IDIK27C576500;BRBMEFCIK9A6;FINANCIAL;-;-;-;-;-;-;-;-;-;338,93;-;-;-;-;-;-;-
IDIK27C576600;BRBMEFCIK9B4;FINANCIAL;-;-;-;-;-;-;-;-;-;336,85;-;-;-;-;-;-;-
IDIK27C576700;BRBMEFCIK9C2;FINANCIAL;-;-;-;-;-;-;-;-;-;334,77;-;-;-;-;-;-;-
IDIK27C576800;BRBMEFCIK9D0;FINANCIAL;-;-;-;-;-;-;-;-;-;332,71;-;-;-;-;-;-;-
IDIK27C576900;BRBMEFCIK9E8;FINANCIAL;-;-;-;-;-;-;-;-;-;330,76;-;-;-;-;-;-;-
IDIK27C577000;BRBMEFCIK9F5;FINANCIAL;-;-;-;-;-;-;-;-;-;328,71;-;-;-;-;-;-;-
IDIK27C577100;BRBMEFCIK9G3;FINANCIAL;-;-;-;-;-;-;-;-;-;326,76;-;-;-;-;-;-;-
IDIK27C577200;BRBMEFCIK9H1;FINANCIAL;-;-;-;-;-;-;-;-;-;324,71;-;-;-;-;-;-;-
IDIK27C577300;BRBMEFCIK9I9;FINANCIAL;-;-;-;-;-;-;-;-;-;322,76;-;-;-;-;-;-;-
IDIK27C577400;BRBMEFCIK9J7;FINANCIAL;-;-;-;-;-;-;-;-;-;320,9;-;-;-;-;-;-;-
IDIK27C577500;BRBMEFCIK9K5;FINANCIAL;-;-;-;-;-;-;-;-;-;319,02;-;-;-;-;-;-;-
IDIK27C577600;BRBMEFCIK9L3;FINANCIAL;-;-;-;-;-;-;-;-;-;317,15;-;-;-;-;-;-;-
IDIK27C577700;BRBMEFCIK9M1;FINANCIAL;-;-;-;-;-;-;-;-;-;315,35;-;-;-;-;-;-;-
IDIK27C577800;BRBMEFCIK9N9;FINANCIAL;-;-;-;-;-;-;-;-;-;313,54;-;-;-;-;-;-;-
IDIK27C577900;BRBMEFCIK9O7;FINANCIAL;-;-;-;-;-;-;-;-;-;311,89;-;-;-;-;-;-;-
IDIK27C578000;BRBMEFCIK9P4;FINANCIAL;-;-;-;-;-;-;-;-;-;310,32;-;-;-;-;-;-;-
IDIK27C578100;BRBMEFCIK9Q2;FINANCIAL;-;-;-;-;-;-;-;-;-;308,81;-;-;-;-;-;-;-
IDIK27C578200;BRBMEFCIK9R0;FINANCIAL;-;-;-;-;-;-;-;-;-;307,28;-;-;-;-;-;-;-
IDIK27C578300;BRBMEFCIK9S8;FINANCIAL;-;-;-;-;-;-;-;-;-;305,81;-;-;-;-;-;-;-
IDIK27C578400;BRBMEFCIK9T6;FINANCIAL;-;-;-;-;-;-;-;-;-;304,24;-;-;-;-;-;-;-
IDIK27C578500;BRBMEFCIK9U4;FINANCIAL;-;-;-;-;-;-;-;-;-;302,65;-;-;-;-;-;-;-
IDIK27C578600;BRBMEFCIK9V2;FINANCIAL;-;-;-;-;-;-;-;-;-;300,96;-;-;-;-;-;-;-
IDIK27C578700;BRBMEFCIK9W0;FINANCIAL;-;-;-;-;-;-;-;-;-;299,24;-;-;-;-;-;-;-
IDIK27C578800;BRBMEFCIK9X8;FINANCIAL;-;-;-;-;-;-;-;-;-;297,83;-;-;-;-;-;-;-
IDIK27C578900;BRBMEFCIK9Y6;FINANCIAL;-;-;-;-;-;-;-;-;-;296,62;-;-;-;-;-;-;-
IDIK27C579000;BRBMEFCIK9Z3;FINANCIAL;-;-;-;-;-;-;-;-;-;295,39;-;-;-;-;-;-;-
IDIK27C579100;BRBMEFCIKA04;FINANCIAL;-;-;-;-;-;-;-;-;-;294,13;-;-;-;-;-;-;-
IDIK27C579200;BRBMEFCIKA12;FINANCIAL;-;-;-;-;-;-;-;-;-;292,61;-;-;-;-;-;-;-
IDIK27C579300;BRBMEFCIKA20;FINANCIAL;-;-;-;-;-;-;-;-;-;290,83;-;-;-;-;-;-;-
IDIK27C579400;BRBMEFCIKA38;FINANCIAL;-;-;-;-;-;-;-;-;-;288,57;-;-;-;-;-;-;-
IDIK27C579500;BRBMEFCIKA46;FINANCIAL;-;-;-;-;-;-;-;-;-;285,76;-;-;-;-;-;-;-
IDIK27P571700;BRBMEFVIKA84;FINANCIAL;-;-;-;-;-;-;-;-;-;195,88;-;-;-;-;-;-;-
IDIK27P571800;BRBMEFVIKA92;FINANCIAL;-;-;-;-;-;-;-;-;-;227,34;-;-;-;-;-;-;-
IDIK27P571900;BRBMEFVIKAA3;FINANCIAL;-;-;-;-;-;-;-;-;-;259;-;-;-;-;-;-;-
IDIK27P572000;BRBMEFVIKAB1;FINANCIAL;-;-;-;-;-;-;-;-;-;293,89;-;-;-;-;-;-;-
IDIK27P572100;BRBMEFVIKAC9;FINANCIAL;-;-;-;-;-;-;-;-;-;336,25;-;-;-;-;-;-;-
IDIK27P572200;BRBMEFVIKAD7;FINANCIAL;-;-;-;-;-;-;-;-;-;381,7;-;-;-;-;-;-;-
IDIK27P572300;BRBMEFVIKAE5;FINANCIAL;-;-;-;-;-;-;-;-;-;431,37;-;-;-;-;-;-;-
IDIK27P572400;BRBMEFVIKAF2;FINANCIAL;-;-;-;-;-;-;-;-;-;487,26;-;-;-;-;-;-;-
IDIK27P572500;BRBMEFVIKAG0;FINANCIAL;-;-;-;-;-;-;-;-;-;553,85;-;-;-;-;-;-;-
IDIK27P572600;BRBMEFVIKAH8;FINANCIAL;-;-;-;-;-;-;-;-;-;621,52;-;-;-;-;-;-;-
IDIK27P572700;BRBMEFVIKAI6;FINANCIAL;-;-;-;-;-;-;-;-;-;692,86;-;-;-;-;-;-;-
IDIK27P572800;BRBMEFVIKAJ4;FINANCIAL;-;-;-;-;-;-;-;-;-;764,31;-;-;-;-;-;-;-
IDIK27P572900;BRBMEFVIKAK2;FINANCIAL;-;-;-;-;-;-;-;-;-;838,83;-;-;-;-;-;-;-
IDIK27P573000;BRBMEFVIKAL0;FINANCIAL;-;-;-;-;-;-;-;-;-;915,12;-;-;-;-;-;-;-
IDIK27P573100;BRBMEFVIKAM8;FINANCIAL;-;-;-;-;-;-;-;-;-;992,1;-;-;-;-;-;-;-
IDIK27P573200;BRBMEFVIKAN6;FINANCIAL;-;-;-;-;-;-;-;-;-;1069,8;-;-;-;-;-;-;-
IDIK27P573300;BRBMEFVIKAO4;FINANCIAL;-;-;-;-;-;-;-;-;-;1148,56;-;-;-;-;-;-;-
IDIK27P573400;BRBMEFVIKAP1;FINANCIAL;-;-;-;-;-;-;-;-;-;1228,13;-;-;-;-;-;-;-
IDIK27P573500;BRBMEFVIKAQ9;FINANCIAL;-;-;-;-;-;-;-;-;-;1309,73;-;-;-;-;-;-;-
IDIK27P573600;BRBMEFVIKAR7;FINANCIAL;-;-;-;-;-;-;-;-;-;1392,79;-;-;-;-;-;-;-
IDIK27P573700;BRBMEFVIKAS5;FINANCIAL;-;-;-;-;-;-;-;-;-;1476,79;-;-;-;-;-;-;-
IDIK27P573800;BRBMEFVIKAT3;FINANCIAL;-;-;-;-;-;-;-;-;-;1561,65;-;-;-;-;-;-;-
IDIK27P573900;BRBMEFVIKA43;FINANCIAL;-;-;-;-;-;-;-;-;-;1646,88;-;-;-;-;-;-;-
IDIK27P574000;BRBMEFVIKA50;FINANCIAL;-;-;-;-;-;-;-;-;-;1732,45;-;-;-;-;-;-;-
IDIK27P574100;BRBMEFVIKA68;FINANCIAL;-;-;-;-;-;-;-;-;-;1819,78;-;-;-;-;-;-;-
IDIK27P574200;BRBMEFVIKA76;FINANCIAL;-;-;-;-;-;-;-;-;-;1907,46;-;-;-;-;-;-;-
IDIK27P574300;BRBMEFVIK8N8;FINANCIAL;-;-;-;-;-;-;-;-;-;1995,45;-;-;-;-;-;-;-
IDIK27P574400;BRBMEFVIK8O6;FINANCIAL;-;-;-;-;-;-;-;-;-;2083,72;-;-;-;-;-;-;-
IDIK27P574500;BRBMEFVIK8P3;FINANCIAL;-;-;-;-;-;-;-;-;-;2172,37;-;-;-;-;-;-;-
IDIK27P574600;BRBMEFVIK8Q1;FINANCIAL;-;-;-;-;-;-;-;-;-;2261,62;-;-;-;-;-;-;-
IDIK27P574700;BRBMEFVIK8R9;FINANCIAL;-;-;-;-;-;-;-;-;-;2351,31;-;-;-;-;-;-;-
IDIK27P574800;BRBMEFVIK8S7;FINANCIAL;-;-;-;-;-;-;-;-;-;2441,17;-;-;-;-;-;-;-
IDIK27P574900;BRBMEFVIK8T5;FINANCIAL;-;-;-;-;-;-;-;-;-;2531,3;-;-;-;-;-;-;-
IDIK27P575000;BRBMEFVIK8U3;FINANCIAL;-;-;-;-;-;-;-;-;-;2621,68;-;-;-;-;-;-;-
IDIK27P575100;BRBMEFVIK8V1;FINANCIAL;-;-;-;-;-;-;-;-;-;2712,18;-;-;-;-;-;-;-
IDIK27P575200;BRBMEFVIK8W9;FINANCIAL;-;-;-;-;-;-;-;-;-;2802,9;-;-;-;-;-;-;-
IDIK27P575300;BRBMEFVIK8X7;FINANCIAL;-;-;-;-;-;-;-;-;-;2893,83;-;-;-;-;-;-;-
IDIK27P575400;BRBMEFVIK8Y5;FINANCIAL;-;-;-;-;-;-;-;-;-;2984,83;-;-;-;-;-;-;-
IDIK27P575500;BRBMEFVIK8Z2;FINANCIAL;-;-;-;-;-;-;-;-;-;3075,91;-;-;-;-;-;-;-
IDIK27P575600;BRBMEFVIK906;FINANCIAL;-;-;-;-;-;-;-;-;-;3167,04;-;-;-;-;-;-;-
IDIK27P575700;BRBMEFVIK914;FINANCIAL;-;-;-;-;-;-;-;-;-;3258,24;-;-;-;-;-;-;-
IDIK27P575800;BRBMEFVIK922;FINANCIAL;-;-;-;-;-;-;-;-;-;3349,37;-;-;-;-;-;-;-
IDIK27P575900;BRBMEFVIK930;FINANCIAL;-;-;-;-;-;-;-;-;-;3440,44;-;-;-;-;-;-;-
IDIK27P576000;BRBMEFVIK948;FINANCIAL;-;-;-;-;-;-;-;-;-;3531,56;-;-;-;-;-;-;-
IDIK27P576100;BRBMEFVIK955;FINANCIAL;-;-;-;-;-;-;-;-;-;3622,61;-;-;-;-;-;-;-
IDIK27P576200;BRBMEFVIK963;FINANCIAL;-;-;-;-;-;-;-;-;-;3713,79;-;-;-;-;-;-;-
IDIK27P576300;BRBMEFVIK971;FINANCIAL;-;-;-;-;-;-;-;-;-;3805;-;-;-;-;-;-;-
IDIK27P576400;BRBMEFVIK989;FINANCIAL;-;-;-;-;-;-;-;-;-;3896,24;-;-;-;-;-;-;-
IDIK27P576500;BRBMEFVIK997;FINANCIAL;-;-;-;-;-;-;-;-;-;3987,6;-;-;-;-;-;-;-
IDIK27P576600;BRBMEFVIK9A3;FINANCIAL;-;-;-;-;-;-;-;-;-;4078,98;-;-;-;-;-;-;-
IDIK27P576700;BRBMEFVIK9B1;FINANCIAL;-;-;-;-;-;-;-;-;-;4170,36;-;-;-;-;-;-;-
IDIK27P576800;BRBMEFVIK9C9;FINANCIAL;-;-;-;-;-;-;-;-;-;4261,76;-;-;-;-;-;-;-
IDIK27P576900;BRBMEFVIK9D7;FINANCIAL;-;-;-;-;-;-;-;-;-;4353,26;-;-;-;-;-;-;-
IDIK27P577000;BRBMEFVIK9E5;FINANCIAL;-;-;-;-;-;-;-;-;-;4444,67;-;-;-;-;-;-;-
IDIK27P577100;BRBMEFVIK9F2;FINANCIAL;-;-;-;-;-;-;-;-;-;4536,18;-;-;-;-;-;-;-
IDIK27P577200;BRBMEFVIK9G0;FINANCIAL;-;-;-;-;-;-;-;-;-;4627,59;-;-;-;-;-;-;-
IDIK27P577300;BRBMEFVIK9H8;FINANCIAL;-;-;-;-;-;-;-;-;-;4719,1;-;-;-;-;-;-;-
IDIK27P577400;BRBMEFVIK9I6;FINANCIAL;-;-;-;-;-;-;-;-;-;4810,69;-;-;-;-;-;-;-
IDIK27P577500;BRBMEFVIK9J4;FINANCIAL;-;-;-;-;-;-;-;-;-;4902,28;-;-;-;-;-;-;-
IDIK27P577600;BRBMEFVIK9K2;FINANCIAL;-;-;-;-;-;-;-;-;-;4993,86;-;-;-;-;-;-;-
IDIK27P577700;BRBMEFVIK9L0;FINANCIAL;-;-;-;-;-;-;-;-;-;5085,52;-;-;-;-;-;-;-
IDIK27P577800;BRBMEFVIK9M8;FINANCIAL;-;-;-;-;-;-;-;-;-;5177,17;-;-;-;-;-;-;-
IDIK27P577900;BRBMEFVIK9N6;FINANCIAL;-;-;-;-;-;-;-;-;-;5268,98;-;-;-;-;-;-;-
IDIK27P578000;BRBMEFVIK9O4;FINANCIAL;-;-;-;-;-;-;-;-;-;5360,86;-;-;-;-;-;-;-
IDIK27P578100;BRBMEFVIK9P1;FINANCIAL;-;-;-;-;-;-;-;-;-;5452,81;-;-;-;-;-;-;-
IDIK27P578200;BRBMEFVIK9Q9;FINANCIAL;-;-;-;-;-;-;-;-;-;5544,74;-;-;-;-;-;-;-
IDIK27P578300;BRBMEFVIK9R7;FINANCIAL;-;-;-;-;-;-;-;-;-;5636,73;-;-;-;-;-;-;-
IDIK27P578400;BRBMEFVIK9S5;FINANCIAL;-;-;-;-;-;-;-;-;-;5728,62;-;-;-;-;-;-;-
IDIK27P578500;BRBMEFVIK9T3;FINANCIAL;-;-;-;-;-;-;-;-;-;5820,49;-;-;-;-;-;-;-
IDIK27P578600;BRBMEFVIK9U1;FINANCIAL;-;-;-;-;-;-;-;-;-;5912,25;-;-;-;-;-;-;-
IDIK27P578700;BRBMEFVIK9V9;FINANCIAL;-;-;-;-;-;-;-;-;-;6003,99;-;-;-;-;-;-;-
IDIK27P578800;BRBMEFVIK9W7;FINANCIAL;-;-;-;-;-;-;-;-;-;6096,04;-;-;-;-;-;-;-
IDIK27P578900;BRBMEFVIK9X5;FINANCIAL;-;-;-;-;-;-;-;-;-;6188,3;-;-;-;-;-;-;-
IDIK27P579000;BRBMEFVIK9Y3;FINANCIAL;-;-;-;-;-;-;-;-;-;6280,52;-;-;-;-;-;-;-
IDIK27P579100;BRBMEFVIK9Z0;FINANCIAL;-;-;-;-;-;-;-;-;-;6372,72;-;-;-;-;-;-;-
IDIK27P579200;BRBMEFVIKA01;FINANCIAL;-;-;-;-;-;-;-;-;-;6464,65;-;-;-;-;-;-;-
IDIK27P579300;BRBMEFVIKA19;FINANCIAL;-;-;-;-;-;-;-;-;-;6556,33;-;-;-;-;-;-;-
IDIK27P579400;BRBMEFVIKA27;FINANCIAL;-;-;-;-;-;-;-;-;-;6647,53;-;-;-;-;-;-;-
IDIK27P579500;BRBMEFVIKA35;FINANCIAL;-;-;-;-;-;-;-;-;-;6738,18;-;-;-;-;-;-;-
IDIM27C577900;BRBMEFCIMBI0;FINANCIAL;-;-;-;-;-;-;-;-;-;817,59;-;-;-;-;-;-;-
IDIM27C578000;BRBMEFCIMBJ8;FINANCIAL;-;-;-;-;-;-;-;-;-;790,69;-;-;-;-;-;-;-
IDIM27C578100;BRBMEFCIMBK6;FINANCIAL;-;-;-;-;-;-;-;-;-;766,46;-;-;-;-;-;-;-
IDIM27C578200;BRBMEFCIMBL4;FINANCIAL;-;-;-;-;-;-;-;-;-;743,26;-;-;-;-;-;-;-
IDIM27C578300;BRBMEFCIMBM2;FINANCIAL;-;-;-;-;-;-;-;-;-;721,64;-;-;-;-;-;-;-
IDIM27C578400;BRBMEFCIMBN0;FINANCIAL;-;-;-;-;-;-;-;-;-;701,67;-;-;-;-;-;-;-
IDIM27C578500;BRBMEFCIMBO8;FINANCIAL;-;-;-;-;-;-;-;-;-;683,08;-;-;-;-;-;-;-
IDIM27C578600;BRBMEFCIMBP5;FINANCIAL;-;-;-;-;-;-;-;-;-;665,29;-;-;-;-;-;-;-
IDIM27C578700;BRBMEFCIMBQ3;FINANCIAL;-;-;-;-;-;-;-;-;-;647,57;-;-;-;-;-;-;-
IDIM27C578800;BRBMEFCIMBR1;FINANCIAL;-;-;-;-;-;-;-;-;-;630,36;-;-;-;-;-;-;-
IDIM27C578900;BRBMEFCIMBS9;FINANCIAL;-;-;-;-;-;-;-;-;-;614,26;-;-;-;-;-;-;-
IDIM27C579000;BRBMEFCIMBT7;FINANCIAL;-;-;-;-;-;-;-;-;-;599,02;-;-;-;-;-;-;-
IDIM27C579100;BRBMEFCIMBU5;FINANCIAL;-;-;-;-;-;-;-;-;-;585,99;-;-;-;-;-;-;-
IDIM27C579200;BRBMEFCIMBV3;FINANCIAL;-;-;-;-;-;-;-;-;-;574,46;-;-;-;-;-;-;-
IDIM27C579300;BRBMEFCIMBW1;FINANCIAL;-;-;-;-;-;-;-;-;-;563,29;-;-;-;-;-;-;-
IDIM27C579400;BRBMEFCIMBX9;FINANCIAL;-;-;-;-;-;-;-;-;-;552,74;-;-;-;-;-;-;-
IDIM27C579500;BRBMEFCIMBY7;FINANCIAL;-;-;-;-;-;-;-;-;-;542,78;-;-;-;-;-;-;-
IDIM27C579600;BRBMEFCIMBZ4;FINANCIAL;-;-;-;-;-;-;-;-;-;533,64;-;-;-;-;-;-;-
IDIM27C579700;BRBMEFCIMC00;FINANCIAL;-;-;-;-;-;-;-;-;-;525,44;-;-;-;-;-;-;-
IDIM27C579800;BRBMEFCIMC18;FINANCIAL;-;-;-;-;-;-;-;-;-;517,7;-;-;-;-;-;-;-
IDIM27C579900;BRBMEFCIMC26;FINANCIAL;-;-;-;-;-;-;-;-;-;510,38;-;-;-;-;-;-;-
IDIM27C580000;BRBMEFCIMC34;FINANCIAL;-;-;-;-;-;-;-;-;-;503,61;-;-;-;-;-;-;-
IDIM27C580100;BRBMEFCIMC42;FINANCIAL;-;-;-;-;-;-;-;-;-;497,34;-;-;-;-;-;-;-
IDIM27C580200;BRBMEFCIMC59;FINANCIAL;-;-;-;-;-;-;-;-;-;491,55;-;-;-;-;-;-;-
IDIM27C580300;BRBMEFCIMC67;FINANCIAL;-;-;-;-;-;-;-;-;-;486,07;-;-;-;-;-;-;-
IDIM27C580400;BRBMEFCIMC75;FINANCIAL;-;-;-;-;-;-;-;-;-;480,9;-;-;-;-;-;-;-
IDIM27C580500;BRBMEFCIMC83;FINANCIAL;-;-;-;-;-;-;-;-;-;476,01;-;-;-;-;-;-;-
IDIM27C580600;BRBMEFCIMAT9;FINANCIAL;-;-;-;-;-;-;-;-;-;471,38;-;-;-;-;-;-;-
IDIM27C580700;BRBMEFCIMAU7;FINANCIAL;-;-;-;-;-;-;-;-;-;467,26;-;-;-;-;-;-;-
IDIM27C580800;BRBMEFCIMAV5;FINANCIAL;-;-;-;-;-;-;-;-;-;463,37;-;-;-;-;-;-;-
IDIM27C580900;BRBMEFCIMAW3;FINANCIAL;-;-;-;-;-;-;-;-;-;459,57;-;-;-;-;-;-;-
IDIM27C581000;BRBMEFCIMAX1;FINANCIAL;-;-;-;-;-;-;-;-;-;456,1;-;-;-;-;-;-;-
IDIM27C581100;BRBMEFCIMAY9;FINANCIAL;-;-;-;-;-;-;-;-;-;452,69;-;-;-;-;-;-;-
IDIM27C581200;BRBMEFCIMAZ6;FINANCIAL;-;-;-;-;-;-;-;-;-;449,35;-;-;-;-;-;-;-
IDIM27C581300;BRBMEFCIMB01;FINANCIAL;-;-;-;-;-;-;-;-;-;446,18;-;-;-;-;-;-;-
IDIM27C581400;BRBMEFCIMB19;FINANCIAL;-;-;-;-;-;-;-;-;-;442,94;-;-;-;-;-;-;-
IDIM27C581500;BRBMEFCIMB27;FINANCIAL;-;-;-;-;-;-;-;-;-;439,74;-;-;-;-;-;-;-
IDIM27C581600;BRBMEFCIMB35;FINANCIAL;-;-;-;-;-;-;-;-;-;436,82;-;-;-;-;-;-;-
IDIM27C581700;BRBMEFCIMB43;FINANCIAL;-;-;-;-;-;-;-;-;-;434,16;-;-;-;-;-;-;-
IDIM27C581800;BRBMEFCIMB50;FINANCIAL;-;-;-;-;-;-;-;-;-;431,52;-;-;-;-;-;-;-
IDIM27C581900;BRBMEFCIMB68;FINANCIAL;-;-;-;-;-;-;-;-;-;428,9;-;-;-;-;-;-;-
IDIM27C582000;BRBMEFCIMB76;FINANCIAL;-;-;-;-;-;-;-;-;-;426,07;-;-;-;-;-;-;-
IDIM27C582100;BRBMEFCIMB84;FINANCIAL;-;-;-;-;-;-;-;-;-;423,36;-;-;-;-;-;-;-
IDIM27C582200;BRBMEFCIMB92;FINANCIAL;-;-;-;-;-;-;-;-;-;420,55;-;-;-;-;-;-;-
IDIM27C582300;BRBMEFCIMBA7;FINANCIAL;-;-;-;-;-;-;-;-;-;417,87;-;-;-;-;-;-;-
IDIM27C582400;BRBMEFCIMBB5;FINANCIAL;-;-;-;-;-;-;-;-;-;415,19;-;-;-;-;-;-;-
IDIM27C582500;BRBMEFCIMBC3;FINANCIAL;-;-;-;-;-;-;-;-;-;412,62;-;-;-;-;-;-;-
IDIM27C582600;BRBMEFCIMBD1;FINANCIAL;-;-;-;-;-;-;-;-;-;410,16;-;-;-;-;-;-;-
IDIM27C582700;BRBMEFCIMBE9;FINANCIAL;-;-;-;-;-;-;-;-;-;407,7;-;-;-;-;-;-;-
IDIM27C582800;BRBMEFCIMBF6;FINANCIAL;-;-;-;-;-;-;-;-;-;405,33;-;-;-;-;-;-;-
IDIM27C582900;BRBMEFCIMBG4;FINANCIAL;-;-;-;-;-;-;-;-;-;403,07;-;-;-;-;-;-;-
IDIM27C583000;BRBMEFCIMBH2;FINANCIAL;-;-;-;-;-;-;-;-;-;400,68;-;-;-;-;-;-;-
IDIM27C584000;BRBMEFCIMA77;FINANCIAL;-;-;-;-;-;-;-;-;-;378,58;-;-;-;-;-;-;-
IDIM27C584100;BRBMEFCIMA85;FINANCIAL;-;-;-;-;-;-;-;-;-;376,49;-;-;-;-;-;-;-
IDIM27C584200;BRBMEFCIMA93;FINANCIAL;-;-;-;-;-;-;-;-;-;374,56;-;-;-;-;-;-;-
IDIM27C584300;BRBMEFCIMAA9;FINANCIAL;-;-;-;-;-;-;-;-;-;372,6;-;-;-;-;-;-;-
IDIM27C584400;BRBMEFCIMAB7;FINANCIAL;-;-;-;-;-;-;-;-;-;370,79;-;-;-;-;-;-;-
IDIM27C584500;BRBMEFCIMAC5;FINANCIAL;-;-;-;-;-;-;-;-;-;369,05;-;-;-;-;-;-;-
IDIM27C584600;BRBMEFCIMAD3;FINANCIAL;-;-;-;-;-;-;-;-;-;367,27;-;-;-;-;-;-;-
IDIM27C584700;BRBMEFCIMAE1;FINANCIAL;-;-;-;-;-;-;-;-;-;365,55;-;-;-;-;-;-;-
IDIM27C584800;BRBMEFCIMAF8;FINANCIAL;-;-;-;-;-;-;-;-;-;363,88;-;-;-;-;-;-;-
IDIM27C584900;BRBMEFCIMAG6;FINANCIAL;-;-;-;-;-;-;-;-;-;362,09;-;-;-;-;-;-;-
IDIM27C585000;BRBMEFCIMAH4;FINANCIAL;-;-;-;-;-;-;-;-;-;360,36;-;-;-;-;-;-;-
IDIM27C585100;BRBMEFCIMAI2;FINANCIAL;-;-;-;-;-;-;-;-;-;358,5;-;-;-;-;-;-;-
IDIM27C585200;BRBMEFCIMAJ0;FINANCIAL;-;-;-;-;-;-;-;-;-;356,61;-;-;-;-;-;-;-
IDIM27C585300;BRBMEFCIMAK8;FINANCIAL;-;-;-;-;-;-;-;-;-;355,03;-;-;-;-;-;-;-
IDIM27C585400;BRBMEFCIMAL6;FINANCIAL;-;-;-;-;-;-;-;-;-;354,1;-;-;-;-;-;-;-
IDIM27C585500;BRBMEFCIMAM4;FINANCIAL;-;-;-;-;-;-;-;-;-;353,55;-;-;-;-;-;-;-
IDIM27C585600;BRBMEFCIMAN2;FINANCIAL;-;-;-;-;-;-;-;-;-;353,3;-;-;-;-;-;-;-
IDIM27C585700;BRBMEFCIMAO0;FINANCIAL;-;-;-;-;-;-;-;-;-;352,9;-;-;-;-;-;-;-
IDIM27C585800;BRBMEFCIMAP7;FINANCIAL;-;-;-;-;-;-;-;-;-;352,28;-;-;-;-;-;-;-
IDIM27C585900;BRBMEFCIMAQ5;FINANCIAL;-;-;-;-;-;-;-;-;-;351,1;-;-;-;-;-;-;-
IDIM27C586000;BRBMEFCIMAR3;FINANCIAL;-;-;-;-;-;-;-;-;-;349,22;-;-;-;-;-;-;-
IDIM27C586100;BRBMEFCIMAS1;FINANCIAL;-;-;-;-;-;-;-;-;-;346,48;-;-;-;-;-;-;-
IDIM27P577900;BRBMEFVIMBI0;FINANCIAL;-;-;-;-;-;-;-;-;-;765,82;-;-;-;-;-;-;-
IDIM27P578000;BRBMEFVIMBJ8;FINANCIAL;-;-;-;-;-;-;-;-;-;831,52;-;-;-;-;-;-;-
IDIM27P578100;BRBMEFVIMBK6;FINANCIAL;-;-;-;-;-;-;-;-;-;899,88;-;-;-;-;-;-;-
IDIM27P578200;BRBMEFVIMBL4;FINANCIAL;-;-;-;-;-;-;-;-;-;969,27;-;-;-;-;-;-;-
IDIM27P578300;BRBMEFVIMBM2;FINANCIAL;-;-;-;-;-;-;-;-;-;1040,24;-;-;-;-;-;-;-
IDIM27P578400;BRBMEFVIMBN0;FINANCIAL;-;-;-;-;-;-;-;-;-;1112,86;-;-;-;-;-;-;-
IDIM27P578500;BRBMEFVIMBO8;FINANCIAL;-;-;-;-;-;-;-;-;-;1186,86;-;-;-;-;-;-;-
IDIM27P578600;BRBMEFVIMBP5;FINANCIAL;-;-;-;-;-;-;-;-;-;1261,66;-;-;-;-;-;-;-
IDIM27P578700;BRBMEFVIMBQ3;FINANCIAL;-;-;-;-;-;-;-;-;-;1336,54;-;-;-;-;-;-;-
IDIM27P578800;BRBMEFVIMBR1;FINANCIAL;-;-;-;-;-;-;-;-;-;1411,93;-;-;-;-;-;-;-
IDIM27P578900;BRBMEFVIMBS9;FINANCIAL;-;-;-;-;-;-;-;-;-;1488,41;-;-;-;-;-;-;-
IDIM27P579000;BRBMEFVIMBT7;FINANCIAL;-;-;-;-;-;-;-;-;-;1565,76;-;-;-;-;-;-;-
IDIM27P579100;BRBMEFVIMBU5;FINANCIAL;-;-;-;-;-;-;-;-;-;1645,33;-;-;-;-;-;-;-
IDIM27P579200;BRBMEFVIMBV3;FINANCIAL;-;-;-;-;-;-;-;-;-;1726,39;-;-;-;-;-;-;-
IDIM27P579300;BRBMEFVIMBW1;FINANCIAL;-;-;-;-;-;-;-;-;-;1807,81;-;-;-;-;-;-;-
IDIM27P579400;BRBMEFVIMBX9;FINANCIAL;-;-;-;-;-;-;-;-;-;1889,86;-;-;-;-;-;-;-
IDIM27P579500;BRBMEFVIMBY7;FINANCIAL;-;-;-;-;-;-;-;-;-;1972,48;-;-;-;-;-;-;-
IDIM27P579600;BRBMEFVIMBZ4;FINANCIAL;-;-;-;-;-;-;-;-;-;2055,94;-;-;-;-;-;-;-
IDIM27P579700;BRBMEFVIMC07;FINANCIAL;-;-;-;-;-;-;-;-;-;2140,33;-;-;-;-;-;-;-
IDIM27P579800;BRBMEFVIMC15;FINANCIAL;-;-;-;-;-;-;-;-;-;2225,18;-;-;-;-;-;-;-
IDIM27P579900;BRBMEFVIMC23;FINANCIAL;-;-;-;-;-;-;-;-;-;2310,45;-;-;-;-;-;-;-
IDIM27P580000;BRBMEFVIMC31;FINANCIAL;-;-;-;-;-;-;-;-;-;2396,27;-;-;-;-;-;-;-
IDIM27P580100;BRBMEFVIMC49;FINANCIAL;-;-;-;-;-;-;-;-;-;2482,59;-;-;-;-;-;-;-
IDIM27P580200;BRBMEFVIMC56;FINANCIAL;-;-;-;-;-;-;-;-;-;2569,39;-;-;-;-;-;-;-
IDIM27P580300;BRBMEFVIMC64;FINANCIAL;-;-;-;-;-;-;-;-;-;2656,51;-;-;-;-;-;-;-
IDIM27P580400;BRBMEFVIMC72;FINANCIAL;-;-;-;-;-;-;-;-;-;2743,93;-;-;-;-;-;-;-
IDIM27P580500;BRBMEFVIMC80;FINANCIAL;-;-;-;-;-;-;-;-;-;2831,63;-;-;-;-;-;-;-
IDIM27P580600;BRBMEFVIMAT9;FINANCIAL;-;-;-;-;-;-;-;-;-;2919,59;-;-;-;-;-;-;-
IDIM27P580700;BRBMEFVIMAU7;FINANCIAL;-;-;-;-;-;-;-;-;-;3008,06;-;-;-;-;-;-;-
IDIM27P580800;BRBMEFVIMAV5;FINANCIAL;-;-;-;-;-;-;-;-;-;3096,76;-;-;-;-;-;-;-
IDIM27P580900;BRBMEFVIMAW3;FINANCIAL;-;-;-;-;-;-;-;-;-;3185,55;-;-;-;-;-;-;-
IDIM27P581000;BRBMEFVIMAX1;FINANCIAL;-;-;-;-;-;-;-;-;-;3274,67;-;-;-;-;-;-;-
IDIM27P581100;BRBMEFVIMAY9;FINANCIAL;-;-;-;-;-;-;-;-;-;3363,86;-;-;-;-;-;-;-
IDIM27P581200;BRBMEFVIMAZ6;FINANCIAL;-;-;-;-;-;-;-;-;-;3453,11;-;-;-;-;-;-;-
IDIM27P581300;BRBMEFVIMB08;FINANCIAL;-;-;-;-;-;-;-;-;-;3542,53;-;-;-;-;-;-;-
IDIM27P581400;BRBMEFVIMB16;FINANCIAL;-;-;-;-;-;-;-;-;-;3631,88;-;-;-;-;-;-;-
IDIM27P581500;BRBMEFVIMB24;FINANCIAL;-;-;-;-;-;-;-;-;-;3721,27;-;-;-;-;-;-;-
IDIM27P581600;BRBMEFVIMB32;FINANCIAL;-;-;-;-;-;-;-;-;-;3810,94;-;-;-;-;-;-;-
IDIM27P581700;BRBMEFVIMB40;FINANCIAL;-;-;-;-;-;-;-;-;-;3900,87;-;-;-;-;-;-;-
IDIM27P581800;BRBMEFVIMB57;FINANCIAL;-;-;-;-;-;-;-;-;-;3990,83;-;-;-;-;-;-;-
IDIM27P581900;BRBMEFVIMB65;FINANCIAL;-;-;-;-;-;-;-;-;-;4080,8;-;-;-;-;-;-;-
IDIM27P582000;BRBMEFVIMB73;FINANCIAL;-;-;-;-;-;-;-;-;-;4170,56;-;-;-;-;-;-;-
IDIM27P582100;BRBMEFVIMB81;FINANCIAL;-;-;-;-;-;-;-;-;-;4260,44;-;-;-;-;-;-;-
IDIM27P582200;BRBMEFVIMB99;FINANCIAL;-;-;-;-;-;-;-;-;-;4350,23;-;-;-;-;-;-;-
IDIM27P582300;BRBMEFVIMBA7;FINANCIAL;-;-;-;-;-;-;-;-;-;4440,13;-;-;-;-;-;-;-
IDIM27P582400;BRBMEFVIMBB5;FINANCIAL;-;-;-;-;-;-;-;-;-;4530,05;-;-;-;-;-;-;-
IDIM27P582500;BRBMEFVIMBC3;FINANCIAL;-;-;-;-;-;-;-;-;-;4620,07;-;-;-;-;-;-;-
IDIM27P582600;BRBMEFVIMBD1;FINANCIAL;-;-;-;-;-;-;-;-;-;4710,2;-;-;-;-;-;-;-
IDIM27P582700;BRBMEFVIMBE9;FINANCIAL;-;-;-;-;-;-;-;-;-;4800,33;-;-;-;-;-;-;-
IDIM27P582800;BRBMEFVIMBF6;FINANCIAL;-;-;-;-;-;-;-;-;-;4890,56;-;-;-;-;-;-;-
IDIM27P582900;BRBMEFVIMBG4;FINANCIAL;-;-;-;-;-;-;-;-;-;4980,88;-;-;-;-;-;-;-
IDIM27P583000;BRBMEFVIMBH2;FINANCIAL;-;-;-;-;-;-;-;-;-;5071,09;-;-;-;-;-;-;-
IDIM27P584000;BRBMEFVIMA74;FINANCIAL;-;-;-;-;-;-;-;-;-;5974,91;-;-;-;-;-;-;-
IDIM27P584100;BRBMEFVIMA82;FINANCIAL;-;-;-;-;-;-;-;-;-;6065,4;-;-;-;-;-;-;-
IDIM27P584200;BRBMEFVIMA90;FINANCIAL;-;-;-;-;-;-;-;-;-;6156,06;-;-;-;-;-;-;-
IDIM27P584300;BRBMEFVIMAA9;FINANCIAL;-;-;-;-;-;-;-;-;-;6246,69;-;-;-;-;-;-;-
IDIM27P584400;BRBMEFVIMAB7;FINANCIAL;-;-;-;-;-;-;-;-;-;6337,48;-;-;-;-;-;-;-
IDIM27P584500;BRBMEFVIMAC5;FINANCIAL;-;-;-;-;-;-;-;-;-;6428,33;-;-;-;-;-;-;-
IDIM27P584600;BRBMEFVIMAD3;FINANCIAL;-;-;-;-;-;-;-;-;-;6519,14;-;-;-;-;-;-;-
IDIM27P584700;BRBMEFVIMAE1;FINANCIAL;-;-;-;-;-;-;-;-;-;6610,01;-;-;-;-;-;-;-
IDIM27P584800;BRBMEFVIMAF8;FINANCIAL;-;-;-;-;-;-;-;-;-;6700,94;-;-;-;-;-;-;-
IDIM27P584900;BRBMEFVIMAG6;FINANCIAL;-;-;-;-;-;-;-;-;-;6791,74;-;-;-;-;-;-;-
IDIM27P585000;BRBMEFVIMAH4;FINANCIAL;-;-;-;-;-;-;-;-;-;6882,59;-;-;-;-;-;-;-
IDIM27P585100;BRBMEFVIMAI2;FINANCIAL;-;-;-;-;-;-;-;-;-;6973,33;-;-;-;-;-;-;-
IDIM27P585200;BRBMEFVIMAJ0;FINANCIAL;-;-;-;-;-;-;-;-;-;7064,03;-;-;-;-;-;-;-
IDIM27P585300;BRBMEFVIMAK8;FINANCIAL;-;-;-;-;-;-;-;-;-;7155,04;-;-;-;-;-;-;-
IDIM27P585400;BRBMEFVIMAL6;FINANCIAL;-;-;-;-;-;-;-;-;-;7246,71;-;-;-;-;-;-;-
IDIM27P585500;BRBMEFVIMAM4;FINANCIAL;-;-;-;-;-;-;-;-;-;7338,75;-;-;-;-;-;-;-
IDIM27P585600;BRBMEFVIMAN2;FINANCIAL;-;-;-;-;-;-;-;-;-;7431,08;-;-;-;-;-;-;-
IDIM27P585700;BRBMEFVIMAO0;FINANCIAL;-;-;-;-;-;-;-;-;-;7523,27;-;-;-;-;-;-;-
IDIM27P585800;BRBMEFVIMAP7;FINANCIAL;-;-;-;-;-;-;-;-;-;7615,24;-;-;-;-;-;-;-
IDIM27P585900;BRBMEFVIMAQ5;FINANCIAL;-;-;-;-;-;-;-;-;-;7706,66;-;-;-;-;-;-;-
IDIM27P586000;BRBMEFVIMAR3;FINANCIAL;-;-;-;-;-;-;-;-;-;7797,37;-;-;-;-;-;-;-
IDIM27P586100;BRBMEFVIMAS1;FINANCIAL;-;-;-;-;-;-;-;-;-;7887,22;-;-;-;-;-;-;-
IDIN27C579500;BRBMEFCICJL8;FINANCIAL;-;-;-;-;-;-;-;-;-;4111,78;-;-;-;-;-;-;-
IDIN27C579600;BRBMEFCICL76;FINANCIAL;-;-;-;-;-;-;-;-;-;4020,99;-;-;-;-;-;-;-
IDIN27C579700;BRBMEFCICL84;FINANCIAL;-;-;-;-;-;-;-;-;-;3930,25;-;-;-;-;-;-;-
IDIN27C579800;BRBMEFCICL92;FINANCIAL;-;-;-;-;-;-;-;-;-;3839,67;-;-;-;-;-;-;-
IDIN27C579900;BRBMEFCICLA7;FINANCIAL;-;-;-;-;-;-;-;-;-;3749,5;-;-;-;-;-;-;-
IDIN27C580000;BRBMEFCICJM6;FINANCIAL;-;-;-;-;-;-;-;-;-;3659,88;-;-;-;-;-;-;-
IDIN27C580100;BRBMEFCICLB5;FINANCIAL;-;-;-;-;-;-;-;-;-;3570,55;-;-;-;-;-;-;-
IDIN27C580200;BRBMEFCICLC3;FINANCIAL;-;-;-;-;-;-;-;-;-;3481,59;-;-;-;-;-;-;-
IDIN27C580300;BRBMEFCICLD1;FINANCIAL;-;-;-;-;-;-;-;-;-;3392,92;-;-;-;-;-;-;-
IDIN27C580400;BRBMEFCICLE9;FINANCIAL;-;-;-;-;-;-;-;-;-;3304,54;-;-;-;-;-;-;-
IDIN27C580500;BRBMEFCICJN4;FINANCIAL;-;-;-;-;-;-;-;-;-;3216,36;-;-;-;-;-;-;-
IDIN27C580600;BRBMEFCICLF6;FINANCIAL;-;-;-;-;-;-;-;-;-;3129,17;-;-;-;-;-;-;-
IDIN27C580700;BRBMEFCICLG4;FINANCIAL;-;-;-;-;-;-;-;-;-;3042,56;-;-;-;-;-;-;-
IDIN27C580800;BRBMEFCICLH2;FINANCIAL;-;-;-;-;-;-;-;-;-;2956,19;-;-;-;-;-;-;-
IDIN27C580900;BRBMEFCICLI0;FINANCIAL;-;-;-;-;-;-;-;-;-;2871,12;-;-;-;-;-;-;-
IDIN27C581000;BRBMEFCICJO2;FINANCIAL;-;-;-;-;-;-;-;-;-;2787,42;-;-;-;-;-;-;-
IDIN27C581100;BRBMEFCICLJ8;FINANCIAL;-;-;-;-;-;-;-;-;-;2704,62;-;-;-;-;-;-;-
IDIN27C581200;BRBMEFCICLK6;FINANCIAL;-;-;-;-;-;-;-;-;-;2622,33;-;-;-;-;-;-;-
IDIN27C581300;BRBMEFCICLL4;FINANCIAL;-;-;-;-;-;-;-;-;-;2540,19;-;-;-;-;-;-;-
IDIN27C581400;BRBMEFCICLM2;FINANCIAL;-;-;-;-;-;-;-;-;-;2458,47;-;-;-;-;-;-;-
IDIN27C581500;BRBMEFCICJP9;FINANCIAL;-;-;-;-;-;-;-;-;-;2377,51;-;-;-;-;-;-;-
IDIN27C581600;BRBMEFCICLN0;FINANCIAL;-;-;-;-;-;-;-;-;-;2297,89;-;-;-;-;-;-;-
IDIN27C581700;BRBMEFCICLO8;FINANCIAL;-;-;-;-;-;-;-;-;-;2219,51;-;-;-;-;-;-;-
IDIN27C581800;BRBMEFCICLP5;FINANCIAL;-;-;-;-;-;-;-;-;-;2143,05;-;-;-;-;-;-;-
IDIN27C581900;BRBMEFCICLQ3;FINANCIAL;-;-;-;-;-;-;-;-;-;2068,8;-;-;-;-;-;-;-
IDIN27C582000;BRBMEFCICJQ7;FINANCIAL;-;-;-;-;-;-;-;-;-;1996,69;-;-;-;-;-;-;-
IDIN27C582100;BRBMEFCICLR1;FINANCIAL;-;-;-;-;-;-;-;-;-;1926,87;-;-;-;-;-;-;-
IDIN27C582200;BRBMEFCICLS9;FINANCIAL;-;-;-;-;-;-;-;-;-;1861,14;-;-;-;-;-;-;-
IDIN27C582300;BRBMEFCICLT7;FINANCIAL;-;-;-;-;-;-;-;-;-;1800,11;-;-;-;-;-;-;-
IDIN27C582400;BRBMEFCICLU5;FINANCIAL;-;-;-;-;-;-;-;-;-;1737,91;-;-;-;-;-;-;-
IDIN27C582500;BRBMEFCICJR5;FINANCIAL;-;-;-;-;-;-;-;-;-;1676,1;-;-;-;-;-;-;-
IDIN27C582600;BRBMEFCICLV3;FINANCIAL;-;-;-;-;-;-;-;-;-;1615,66;-;-;-;-;-;-;-
IDIN27C582700;BRBMEFCICLW1;FINANCIAL;-;-;-;-;-;-;-;-;-;1555,49;-;-;-;-;-;-;-
IDIN27C582800;BRBMEFCICLX9;FINANCIAL;-;-;-;-;-;-;-;-;-;1496;-;-;-;-;-;-;-
IDIN27C582900;BRBMEFCICLY7;FINANCIAL;-;-;-;-;-;-;-;-;-;1439,62;-;-;-;-;-;-;-
IDIN27C583000;BRBMEFCICJS3;FINANCIAL;-;-;-;-;-;-;-;-;-;1387,65;-;-;-;-;-;-;-
IDIN27C583100;BRBMEFCICLZ4;FINANCIAL;-;-;-;-;-;-;-;-;-;1337,98;-;-;-;-;-;-;-
IDIN27C583200;BRBMEFCICM00;FINANCIAL;-;-;-;-;-;-;-;-;-;1289,58;-;-;-;-;-;-;-
IDIN27C583300;BRBMEFCICM18;FINANCIAL;-;-;-;-;-;-;-;-;-;1242,93;-;-;-;-;-;-;-
IDIN27C583400;BRBMEFCICM26;FINANCIAL;-;-;-;-;-;-;-;-;-;1198,02;-;-;-;-;-;-;-
IDIN27C583500;BRBMEFCICJT1;FINANCIAL;-;-;-;-;-;-;-;-;-;1156,78;-;-;-;-;-;-;-
IDIN27C583600;BRBMEFCICM34;FINANCIAL;-;-;-;-;-;-;-;-;-;1119,39;-;-;-;-;-;-;-
IDIN27C583700;BRBMEFCICM42;FINANCIAL;-;-;-;-;-;-;-;-;-;1086,56;-;-;-;-;-;-;-
IDIN27C583800;BRBMEFCICM59;FINANCIAL;-;-;-;-;-;-;-;-;-;1055,72;-;-;-;-;-;-;-
IDIN27C583900;BRBMEFCICM67;FINANCIAL;-;-;-;-;-;-;-;-;-;1025,91;-;-;-;-;-;-;-
IDIN27C584000;BRBMEFCICJU9;FINANCIAL;-;-;-;-;-;-;-;-;-;997,6;-;-;-;-;-;-;-
IDIN27C584100;BRBMEFCICM75;FINANCIAL;-;-;-;-;-;-;-;-;-;970,54;-;-;-;-;-;-;-
IDIN27C584200;BRBMEFCICM83;FINANCIAL;-;-;-;-;-;-;-;-;-;945,22;-;-;-;-;-;-;-
IDIN27C584300;BRBMEFCICM91;FINANCIAL;-;-;-;-;-;-;-;-;-;921,38;-;-;-;-;-;-;-
IDIN27C584400;BRBMEFCICMA5;FINANCIAL;-;-;-;-;-;-;-;-;-;898,8;-;-;-;-;-;-;-
IDIN27C584500;BRBMEFCICJV7;FINANCIAL;-;-;-;-;-;-;-;-;-;877,4;-;-;-;-;-;-;-
IDIN27C584600;BRBMEFCICMB3;FINANCIAL;-;-;-;-;-;-;-;-;-;857,14;-;-;-;-;-;-;-
IDIN27C584700;BRBMEFCICMC1;FINANCIAL;-;-;-;-;-;-;-;-;-;837,61;-;-;-;-;-;-;-
IDIN27C584800;BRBMEFCICMD9;FINANCIAL;-;-;-;-;-;-;-;-;-;818,25;-;-;-;-;-;-;-
IDIN27C584900;BRBMEFCICME7;FINANCIAL;-;-;-;-;-;-;-;-;-;799,01;-;-;-;-;-;-;-
IDIN27C585000;BRBMEFCICJW5;FINANCIAL;-;-;-;-;-;-;-;-;-;780,75;-;-;-;-;-;-;-
IDIN27C585500;BRBMEFCICNK2;FINANCIAL;-;-;-;-;-;-;-;-;-;705,54;-;-;-;-;-;-;-
IDIN27C586000;BRBMEFCICNL0;FINANCIAL;-;-;-;-;-;-;-;-;-;649,5;-;-;-;-;-;-;-
IDIN27C586200;BRBMEFCICK69;FINANCIAL;-;-;-;-;-;-;-;-;-;631,03;-;-;-;-;-;-;-
IDIN27C586300;BRBMEFCICJZ8;FINANCIAL;-;-;-;-;-;-;-;-;-;622,81;-;-;-;-;-;-;-
IDIN27C586500;BRBMEFCICJX3;FINANCIAL;-;-;-;-;-;-;-;-;-;607,38;-;-;-;-;-;-;-
IDIN27C586800;BRBMEFCICK10;FINANCIAL;-;-;-;-;-;-;-;-;-;587,66;-;-;-;-;-;-;-
IDIN27C587000;BRBMEFCICNM8;FINANCIAL;-;-;-;-;-;-;-;-;-;575,77;-;-;-;-;-;-;-
IDIN27C587500;BRBMEFCICNN6;FINANCIAL;-;-;-;-;-;-;-;-;-;551;-;-;-;-;-;-;-
IDIN27C587700;BRBMEFCICMF4;FINANCIAL;-;-;-;-;-;-;-;-;-;542,29;-;-;-;-;-;-;-
IDIN27C587800;BRBMEFCICMG2;FINANCIAL;-;-;-;-;-;-;-;-;-;538,25;-;-;-;-;-;-;-
IDIN27C587900;BRBMEFCICMH0;FINANCIAL;-;-;-;-;-;-;-;-;-;534,38;-;-;-;-;-;-;-
IDIN27C588000;BRBMEFCICMI8;FINANCIAL;-;-;-;-;-;-;-;-;-;530,66;-;-;-;-;-;-;-
IDIN27C588100;BRBMEFCICJA1;FINANCIAL;-;-;-;-;-;-;-;-;-;526,95;-;-;-;-;-;-;-
IDIN27C588200;BRBMEFCICMJ6;FINANCIAL;-;-;-;-;-;-;-;-;-;523,51;-;-;-;-;-;-;-
IDIN27C588300;BRBMEFCICMK4;FINANCIAL;-;-;-;-;-;-;-;-;-;520,08;-;-;-;-;-;-;-
IDIN27C588400;BRBMEFCICML2;FINANCIAL;-;-;-;-;-;-;-;-;-;516,78;-;-;-;-;-;-;-
IDIN27C588500;BRBMEFCICMM0;FINANCIAL;-;-;-;-;-;-;-;-;-;513,6;-;-;-;-;-;-;-
IDIN27C588600;BRBMEFCICMN8;FINANCIAL;-;-;-;-;-;-;-;-;-;510,42;-;-;-;-;-;-;-
IDIN27C588700;BRBMEFCICMO6;FINANCIAL;-;-;-;-;-;-;-;-;-;507,12;-;-;-;-;-;-;-
IDIN27C588800;BRBMEFCICMP3;FINANCIAL;-;-;-;-;-;-;-;-;-;503,8;-;-;-;-;-;-;-
IDIN27C588900;BRBMEFCICMQ1;FINANCIAL;-;-;-;-;-;-;-;-;-;500,6;-;-;-;-;-;-;-
IDIN27C589000;BRBMEFCICMR9;FINANCIAL;-;-;-;-;-;-;-;-;-;497,4;-;-;-;-;-;-;-
IDIN27C589100;BRBMEFCICMS7;FINANCIAL;-;-;-;-;-;-;-;-;-;494,18;-;-;-;-;-;-;-
IDIN27C589200;BRBMEFCICMT5;FINANCIAL;-;-;-;-;-;-;-;-;-;491,18;-;-;-;-;-;-;-
IDIN27C591000;BRBMEFCICMU3;FINANCIAL;-;-;-;-;-;-;-;-;-;443,35;-;-;-;-;-;-;-
IDIN27C591100;BRBMEFCICMV1;FINANCIAL;-;-;-;-;-;-;-;-;-;441,1;-;-;-;-;-;-;-
IDIN27C591200;BRBMEFCICMW9;FINANCIAL;-;-;-;-;-;-;-;-;-;438,9;-;-;-;-;-;-;-
IDIN27C591300;BRBMEFCICMX7;FINANCIAL;-;-;-;-;-;-;-;-;-;436,77;-;-;-;-;-;-;-
IDIN27C591400;BRBMEFCICMY5;FINANCIAL;-;-;-;-;-;-;-;-;-;434,59;-;-;-;-;-;-;-
IDIN27C591500;BRBMEFCICMZ2;FINANCIAL;-;-;-;-;-;-;-;-;-;432,56;-;-;-;-;-;-;-
IDIN27C591600;BRBMEFCICN09;FINANCIAL;-;-;-;-;-;-;-;-;-;430,5;-;-;-;-;-;-;-
IDIN27C591700;BRBMEFCICK51;FINANCIAL;-;-;-;-;-;-;-;-;-;428,48;-;-;-;-;-;-;-
IDIN27C591800;BRBMEFCICN17;FINANCIAL;-;-;-;-;-;-;-;-;-;426,52;-;-;-;-;-;-;-
IDIN27C591900;BRBMEFCICN25;FINANCIAL;-;-;-;-;-;-;-;-;-;424,61;-;-;-;-;-;-;-
IDIN27C592000;BRBMEFCICN33;FINANCIAL;-;-;-;-;-;-;-;-;-;422,65;-;-;-;-;-;-;-
IDIN27C592100;BRBMEFCICN41;FINANCIAL;-;-;-;-;-;-;-;-;-;420,65;-;-;-;-;-;-;-
IDIN27C592200;BRBMEFCICN58;FINANCIAL;-;-;-;-;-;-;-;-;-;418,6;-;-;-;-;-;-;-
IDIN27C592300;BRBMEFCICN66;FINANCIAL;-;-;-;-;-;-;-;-;-;416,6;-;-;-;-;-;-;-
IDIN27C592400;BRBMEFCICN74;FINANCIAL;-;-;-;-;-;-;-;-;-;414,46;-;-;-;-;-;-;-
IDIN27C592500;BRBMEFCICN82;FINANCIAL;-;-;-;-;-;-;-;-;-;412,65;-;-;-;-;-;-;-
IDIN27C592600;BRBMEFCICN90;FINANCIAL;-;-;-;-;-;-;-;-;-;411,99;-;-;-;-;-;-;-
IDIN27C592700;BRBMEFCICNA3;FINANCIAL;-;-;-;-;-;-;-;-;-;412,37;-;-;-;-;-;-;-
IDIN27C592800;BRBMEFCICNB1;FINANCIAL;-;-;-;-;-;-;-;-;-;413,32;-;-;-;-;-;-;-
IDIN27C592900;BRBMEFCICNC9;FINANCIAL;-;-;-;-;-;-;-;-;-;414,46;-;-;-;-;-;-;-
IDIN27C593000;BRBMEFCICND7;FINANCIAL;-;-;-;-;-;-;-;-;-;415,44;-;-;-;-;-;-;-
IDIN27C593100;BRBMEFCICNE5;FINANCIAL;-;-;-;-;-;-;-;-;-;416,07;-;-;-;-;-;-;-
IDIN27C593200;BRBMEFCICNF2;FINANCIAL;-;-;-;-;-;-;-;-;-;415,81;-;-;-;-;-;-;-
IDIN27C593300;BRBMEFCICNG0;FINANCIAL;-;-;-;-;-;-;-;-;-;414,51;-;-;-;-;-;-;-
IDIN27C593400;BRBMEFCICNH8;FINANCIAL;-;-;-;-;-;-;-;-;-;411,63;-;-;-;-;-;-;-
IDIN27C593500;BRBMEFCICNI6;FINANCIAL;-;-;-;-;-;-;-;-;-;407,04;-;-;-;-;-;-;-
IDIN27C625800;BRBMEFCICK28;FINANCIAL;-;-;-;-;-;-;-;-;-;0,14;-;-;-;-;-;-;-
IDIN27C667500;BRBMEFCICK36;FINANCIAL;-;-;-;-;-;-;-;-;-;0,01;-;-;-;-;-;-;-
IDIN27P579500;BRBMEFVI2JL9;FINANCIAL;-;-;-;-;-;-;-;-;-;66,38;-;-;-;-;-;-;-
IDIN27P579600;BRBMEFVI2L75;FINANCIAL;-;-;-;-;-;-;-;-;-;67,24;-;-;-;-;-;-;-
IDIN27P579700;BRBMEFVI2L83;FINANCIAL;-;-;-;-;-;-;-;-;-;68,15;-;-;-;-;-;-;-
IDIN27P579800;BRBMEFVI2L91;FINANCIAL;-;-;-;-;-;-;-;-;-;69,22;-;-;-;-;-;-;-
IDIN27P579900;BRBMEFVI2LA8;FINANCIAL;-;-;-;-;-;-;-;-;-;70,69;-;-;-;-;-;-;-
IDIN27P580000;BRBMEFVI2JM7;FINANCIAL;-;-;-;-;-;-;-;-;-;72,71;-;-;-;-;-;-;-
IDIN27P580100;BRBMEFVI2LB6;FINANCIAL;-;-;-;-;-;-;-;-;-;75,03;-;-;-;-;-;-;-
IDIN27P580200;BRBMEFVI2LC4;FINANCIAL;-;-;-;-;-;-;-;-;-;77,72;-;-;-;-;-;-;-
IDIN27P580300;BRBMEFVI2LD2;FINANCIAL;-;-;-;-;-;-;-;-;-;80,69;-;-;-;-;-;-;-
IDIN27P580400;BRBMEFVI2LE0;FINANCIAL;-;-;-;-;-;-;-;-;-;83,97;-;-;-;-;-;-;-
IDIN27P580500;BRBMEFVI2JN5;FINANCIAL;-;-;-;-;-;-;-;-;-;87,43;-;-;-;-;-;-;-
IDIN27P580600;BRBMEFVI2LF7;FINANCIAL;-;-;-;-;-;-;-;-;-;91,89;-;-;-;-;-;-;-
IDIN27P580700;BRBMEFVI2LG5;FINANCIAL;-;-;-;-;-;-;-;-;-;96,93;-;-;-;-;-;-;-
IDIN27P580800;BRBMEFVI2LH3;FINANCIAL;-;-;-;-;-;-;-;-;-;102,2;-;-;-;-;-;-;-
IDIN27P580900;BRBMEFVI2LI1;FINANCIAL;-;-;-;-;-;-;-;-;-;108,78;-;-;-;-;-;-;-
IDIN27P581000;BRBMEFVI2JO3;FINANCIAL;-;-;-;-;-;-;-;-;-;116,72;-;-;-;-;-;-;-
IDIN27P581100;BRBMEFVI2LJ9;FINANCIAL;-;-;-;-;-;-;-;-;-;125,57;-;-;-;-;-;-;-
IDIN27P581200;BRBMEFVI2LK7;FINANCIAL;-;-;-;-;-;-;-;-;-;134,93;-;-;-;-;-;-;-
IDIN27P581300;BRBMEFVI2LL5;FINANCIAL;-;-;-;-;-;-;-;-;-;144,43;-;-;-;-;-;-;-
IDIN27P581400;BRBMEFVI2LM3;FINANCIAL;-;-;-;-;-;-;-;-;-;154,36;-;-;-;-;-;-;-
IDIN27P581500;BRBMEFVI2JP0;FINANCIAL;-;-;-;-;-;-;-;-;-;165,04;-;-;-;-;-;-;-
IDIN27P581600;BRBMEFVI2LN1;FINANCIAL;-;-;-;-;-;-;-;-;-;177,07;-;-;-;-;-;-;-
IDIN27P581700;BRBMEFVI2LO9;FINANCIAL;-;-;-;-;-;-;-;-;-;190,34;-;-;-;-;-;-;-
IDIN27P581800;BRBMEFVI2LP6;FINANCIAL;-;-;-;-;-;-;-;-;-;205,53;-;-;-;-;-;-;-
IDIN27P581900;BRBMEFVI2LQ4;FINANCIAL;-;-;-;-;-;-;-;-;-;222,93;-;-;-;-;-;-;-
IDIN27P582000;BRBMEFVI2JQ8;FINANCIAL;-;-;-;-;-;-;-;-;-;242,46;-;-;-;-;-;-;-
IDIN27P582100;BRBMEFVI2LR2;FINANCIAL;-;-;-;-;-;-;-;-;-;264,29;-;-;-;-;-;-;-
IDIN27P582200;BRBMEFVI2LS0;FINANCIAL;-;-;-;-;-;-;-;-;-;290,21;-;-;-;-;-;-;-
IDIN27P582300;BRBMEFVI2LT8;FINANCIAL;-;-;-;-;-;-;-;-;-;320,83;-;-;-;-;-;-;-
IDIN27P582400;BRBMEFVI2LU6;FINANCIAL;-;-;-;-;-;-;-;-;-;350,27;-;-;-;-;-;-;-
IDIN27P582500;BRBMEFVI2JR6;FINANCIAL;-;-;-;-;-;-;-;-;-;380,1;-;-;-;-;-;-;-
IDIN27P582600;BRBMEFVI2LV4;FINANCIAL;-;-;-;-;-;-;-;-;-;411,31;-;-;-;-;-;-;-
IDIN27P582700;BRBMEFVI2LW2;FINANCIAL;-;-;-;-;-;-;-;-;-;442,79;-;-;-;-;-;-;-
IDIN27P582800;BRBMEFVI2LX0;FINANCIAL;-;-;-;-;-;-;-;-;-;474,94;-;-;-;-;-;-;-
IDIN27P582900;BRBMEFVI2LY8;FINANCIAL;-;-;-;-;-;-;-;-;-;510,22;-;-;-;-;-;-;-
IDIN27P583000;BRBMEFVI2JS4;FINANCIAL;-;-;-;-;-;-;-;-;-;549,89;-;-;-;-;-;-;-
IDIN27P583100;BRBMEFVI2LZ5;FINANCIAL;-;-;-;-;-;-;-;-;-;591,86;-;-;-;-;-;-;-
IDIN27P583200;BRBMEFVI2M09;FINANCIAL;-;-;-;-;-;-;-;-;-;635,11;-;-;-;-;-;-;-
IDIN27P583300;BRBMEFVI2M17;FINANCIAL;-;-;-;-;-;-;-;-;-;680,11;-;-;-;-;-;-;-
IDIN27P583400;BRBMEFVI2M25;FINANCIAL;-;-;-;-;-;-;-;-;-;726,85;-;-;-;-;-;-;-
IDIN27P583500;BRBMEFVI2JT2;FINANCIAL;-;-;-;-;-;-;-;-;-;777,26;-;-;-;-;-;-;-
IDIN27P583600;BRBMEFVI2M33;FINANCIAL;-;-;-;-;-;-;-;-;-;831,51;-;-;-;-;-;-;-
IDIN27P583700;BRBMEFVI2M41;FINANCIAL;-;-;-;-;-;-;-;-;-;890,33;-;-;-;-;-;-;-
IDIN27P583800;BRBMEFVI2M58;FINANCIAL;-;-;-;-;-;-;-;-;-;951,13;-;-;-;-;-;-;-
IDIN27P583900;BRBMEFVI2M66;FINANCIAL;-;-;-;-;-;-;-;-;-;1012,97;-;-;-;-;-;-;-
IDIN27P584000;BRBMEFVI2JU0;FINANCIAL;-;-;-;-;-;-;-;-;-;1076,3;-;-;-;-;-;-;-
IDIN27P584100;BRBMEFVI2M74;FINANCIAL;-;-;-;-;-;-;-;-;-;1140,89;-;-;-;-;-;-;-
IDIN27P584200;BRBMEFVI2M82;FINANCIAL;-;-;-;-;-;-;-;-;-;1207,22;-;-;-;-;-;-;-
IDIN27P584300;BRBMEFVI2M90;FINANCIAL;-;-;-;-;-;-;-;-;-;1275,03;-;-;-;-;-;-;-
IDIN27P584400;BRBMEFVI2MA6;FINANCIAL;-;-;-;-;-;-;-;-;-;1344,09;-;-;-;-;-;-;-
IDIN27P584500;BRBMEFVI2JV8;FINANCIAL;-;-;-;-;-;-;-;-;-;1414,34;-;-;-;-;-;-;-
IDIN27P584600;BRBMEFVI2MB4;FINANCIAL;-;-;-;-;-;-;-;-;-;1485,73;-;-;-;-;-;-;-
IDIN27P584700;BRBMEFVI2MC2;FINANCIAL;-;-;-;-;-;-;-;-;-;1557,85;-;-;-;-;-;-;-
IDIN27P584800;BRBMEFVI2MD0;FINANCIAL;-;-;-;-;-;-;-;-;-;1630,13;-;-;-;-;-;-;-
IDIN27P584900;BRBMEFVI2ME8;FINANCIAL;-;-;-;-;-;-;-;-;-;1702,54;-;-;-;-;-;-;-
IDIN27P585000;BRBMEFVI2JW6;FINANCIAL;-;-;-;-;-;-;-;-;-;1775,92;-;-;-;-;-;-;-
IDIN27P585500;BRBMEFVI2NK3;FINANCIAL;-;-;-;-;-;-;-;-;-;2158,95;-;-;-;-;-;-;-
IDIN27P586000;BRBMEFVI2NL1;FINANCIAL;-;-;-;-;-;-;-;-;-;2561,14;-;-;-;-;-;-;-
IDIN27P586200;BRBMEFVI2K68;FINANCIAL;-;-;-;-;-;-;-;-;-;2725,97;-;-;-;-;-;-;-
IDIN27P586300;BRBMEFVI2JZ9;FINANCIAL;-;-;-;-;-;-;-;-;-;2809,39;-;-;-;-;-;-;-
IDIN27P586500;BRBMEFVI2JX4;FINANCIAL;-;-;-;-;-;-;-;-;-;2977,25;-;-;-;-;-;-;-
IDIN27P586800;BRBMEFVI2K19;FINANCIAL;-;-;-;-;-;-;-;-;-;3232,47;-;-;-;-;-;-;-
IDIN27P587000;BRBMEFVI2NM9;FINANCIAL;-;-;-;-;-;-;-;-;-;3403,88;-;-;-;-;-;-;-
IDIN27P587500;BRBMEFVI2NN7;FINANCIAL;-;-;-;-;-;-;-;-;-;3837,34;-;-;-;-;-;-;-
IDIN27P587700;BRBMEFVI2MF5;FINANCIAL;-;-;-;-;-;-;-;-;-;4011,92;-;-;-;-;-;-;-
IDIN27P587800;BRBMEFVI2MG3;FINANCIAL;-;-;-;-;-;-;-;-;-;4099,54;-;-;-;-;-;-;-
IDIN27P587900;BRBMEFVI2MH1;FINANCIAL;-;-;-;-;-;-;-;-;-;4187,31;-;-;-;-;-;-;-
IDIN27P588000;BRBMEFVI2MI9;FINANCIAL;-;-;-;-;-;-;-;-;-;4275,23;-;-;-;-;-;-;-
IDIN27P588100;BRBMEFVI2JA2;FINANCIAL;-;-;-;-;-;-;-;-;-;4363,17;-;-;-;-;-;-;-
IDIN27P588200;BRBMEFVI2MJ7;FINANCIAL;-;-;-;-;-;-;-;-;-;4451,38;-;-;-;-;-;-;-
IDIN27P588300;BRBMEFVI2MK5;FINANCIAL;-;-;-;-;-;-;-;-;-;4539,6;-;-;-;-;-;-;-
IDIN27P588400;BRBMEFVI2ML3;FINANCIAL;-;-;-;-;-;-;-;-;-;4627,94;-;-;-;-;-;-;-
IDIN27P588500;BRBMEFVI2MM1;FINANCIAL;-;-;-;-;-;-;-;-;-;4716,41;-;-;-;-;-;-;-
IDIN27P588600;BRBMEFVI2MN9;FINANCIAL;-;-;-;-;-;-;-;-;-;4804,88;-;-;-;-;-;-;-
IDIN27P588700;BRBMEFVI2MO7;FINANCIAL;-;-;-;-;-;-;-;-;-;4893,22;-;-;-;-;-;-;-
IDIN27P588800;BRBMEFVI2MP4;FINANCIAL;-;-;-;-;-;-;-;-;-;4981,55;-;-;-;-;-;-;-
IDIN27P588900;BRBMEFVI2MQ2;FINANCIAL;-;-;-;-;-;-;-;-;-;5070;-;-;-;-;-;-;-
IDIN27P589000;BRBMEFVI2MR0;FINANCIAL;-;-;-;-;-;-;-;-;-;5158,44;-;-;-;-;-;-;-
IDIN27P589100;BRBMEFVI2MS8;FINANCIAL;-;-;-;-;-;-;-;-;-;5246,87;-;-;-;-;-;-;-
IDIN27P589200;BRBMEFVI2MT6;FINANCIAL;-;-;-;-;-;-;-;-;-;5335,52;-;-;-;-;-;-;-
IDIN27P591000;BRBMEFVI2MU4;FINANCIAL;-;-;-;-;-;-;-;-;-;6937,33;-;-;-;-;-;-;-
IDIN27P591100;BRBMEFVI2MV2;FINANCIAL;-;-;-;-;-;-;-;-;-;7026,72;-;-;-;-;-;-;-
IDIN27P591200;BRBMEFVI2MW0;FINANCIAL;-;-;-;-;-;-;-;-;-;7116,17;-;-;-;-;-;-;-
IDIN27P591300;BRBMEFVI2MX8;FINANCIAL;-;-;-;-;-;-;-;-;-;7205,68;-;-;-;-;-;-;-
IDIN27P591400;BRBMEFVI2MY6;FINANCIAL;-;-;-;-;-;-;-;-;-;7295,15;-;-;-;-;-;-;-
IDIN27P591500;BRBMEFVI2MZ3;FINANCIAL;-;-;-;-;-;-;-;-;-;7384,78;-;-;-;-;-;-;-
IDIN27P591600;BRBMEFVI2N08;FINANCIAL;-;-;-;-;-;-;-;-;-;7474,35;-;-;-;-;-;-;-
IDIN27P591700;BRBMEFVI2K50;FINANCIAL;-;-;-;-;-;-;-;-;-;7563,99;-;-;-;-;-;-;-
IDIN27P591800;BRBMEFVI2N16;FINANCIAL;-;-;-;-;-;-;-;-;-;7653,67;-;-;-;-;-;-;-
IDIN27P591900;BRBMEFVI2N24;FINANCIAL;-;-;-;-;-;-;-;-;-;7743,41;-;-;-;-;-;-;-
IDIN27P592000;BRBMEFVI2N32;FINANCIAL;-;-;-;-;-;-;-;-;-;7833,1;-;-;-;-;-;-;-
IDIN27P592100;BRBMEFVI2N40;FINANCIAL;-;-;-;-;-;-;-;-;-;7922,74;-;-;-;-;-;-;-
IDIN27P592200;BRBMEFVI2N57;FINANCIAL;-;-;-;-;-;-;-;-;-;8012,34;-;-;-;-;-;-;-
IDIN27P592300;BRBMEFVI2N65;FINANCIAL;-;-;-;-;-;-;-;-;-;8101,99;-;-;-;-;-;-;-
IDIN27P592400;BRBMEFVI2N73;FINANCIAL;-;-;-;-;-;-;-;-;-;8191,49;-;-;-;-;-;-;-
IDIN27P592500;BRBMEFVI2N81;FINANCIAL;-;-;-;-;-;-;-;-;-;8281,33;-;-;-;-;-;-;-
IDIN27P592600;BRBMEFVI2N99;FINANCIAL;-;-;-;-;-;-;-;-;-;8372,31;-;-;-;-;-;-;-
IDIN27P592700;BRBMEFVI2NA4;FINANCIAL;-;-;-;-;-;-;-;-;-;8464,34;-;-;-;-;-;-;-
IDIN27P592800;BRBMEFVI2NB2;FINANCIAL;-;-;-;-;-;-;-;-;-;8556,93;-;-;-;-;-;-;-
IDIN27P592900;BRBMEFVI2NC0;FINANCIAL;-;-;-;-;-;-;-;-;-;8649,73;-;-;-;-;-;-;-
IDIN27P593000;BRBMEFVI2ND8;FINANCIAL;-;-;-;-;-;-;-;-;-;8742,35;-;-;-;-;-;-;-
IDIN27P593100;BRBMEFVI2NE6;FINANCIAL;-;-;-;-;-;-;-;-;-;8834,63;-;-;-;-;-;-;-
IDIN27P593200;BRBMEFVI2NF3;FINANCIAL;-;-;-;-;-;-;-;-;-;8926,02;-;-;-;-;-;-;-
IDIN27P593300;BRBMEFVI2NG1;FINANCIAL;-;-;-;-;-;-;-;-;-;9016,36;-;-;-;-;-;-;-
IDIN27P593400;BRBMEFVI2NH9;FINANCIAL;-;-;-;-;-;-;-;-;-;9105,13;-;-;-;-;-;-;-
IDIN27P593500;BRBMEFVI2NI7;FINANCIAL;-;-;-;-;-;-;-;-;-;9192,19;-;-;-;-;-;-;-
IDIN27P625800;BRBMEFVI2K27;FINANCIAL;-;-;-;-;-;-;-;-;-;38387,18;-;-;-;-;-;-;-
IDIN27P667500;BRBMEFVI2K35;FINANCIAL;-;-;-;-;-;-;-;-;-;76603,73;-;-;-;-;-;-;-
IDIN28C657500;BRBMEFCICHU3;FINANCIAL;-;-;-;-;-;-;-;-;-;3272,18;-;-;-;-;-;-;-
IDIN28C657800;BRBMEFCICHV1;FINANCIAL;-;-;-;-;-;-;-;-;-;3190,1;-;-;-;-;-;-;-
IDIN28C658000;BRBMEFCICHX7;FINANCIAL;-;-;-;-;-;-;-;-;-;3136,37;-;-;-;-;-;-;-
IDIN28C660000;BRBMEFCICHY5;FINANCIAL;-;-;-;-;-;-;-;-;-;2642,92;-;-;-;-;-;-;-
IDIN28C662000;BRBMEFCICHZ2;FINANCIAL;-;-;-;-;-;-;-;-;-;2221,77;-;-;-;-;-;-;-
IDIN28C664000;BRBMEFCICI06;FINANCIAL;-;-;-;-;-;-;-;-;-;1864,61;-;-;-;-;-;-;-
IDIN28C666000;BRBMEFCICI14;FINANCIAL;-;-;-;-;-;-;-;-;-;1565,02;-;-;-;-;-;-;-
IDIN28C666600;BRBMEFCICK02;FINANCIAL;-;-;-;-;-;-;-;-;-;1483,81;-;-;-;-;-;-;-
IDIN28C666800;BRBMEFCICJY1;FINANCIAL;-;-;-;-;-;-;-;-;-;1457,39;-;-;-;-;-;-;-
IDIN28C667000;BRBMEFCICHW9;FINANCIAL;-;-;-;-;-;-;-;-;-;1431,41;-;-;-;-;-;-;-
IDIN28C668000;BRBMEFCICI22;FINANCIAL;-;-;-;-;-;-;-;-;-;1311,79;-;-;-;-;-;-;-
IDIN28C670000;BRBMEFCICI30;FINANCIAL;-;-;-;-;-;-;-;-;-;1099,93;-;-;-;-;-;-;-
IDIN28C672000;BRBMEFCICI48;FINANCIAL;-;-;-;-;-;-;-;-;-;922,14;-;-;-;-;-;-;-
IDIN28C674000;BRBMEFCICI55;FINANCIAL;-;-;-;-;-;-;-;-;-;773,35;-;-;-;-;-;-;-
IDIN28C676000;BRBMEFCICI63;FINANCIAL;-;-;-;-;-;-;-;-;-;649,38;-;-;-;-;-;-;-
IDIN28C678000;BRBMEFCICI71;FINANCIAL;-;-;-;-;-;-;-;-;-;546,52;-;-;-;-;-;-;-
IDIN28C679000;BRBMEFCICNJ4;FINANCIAL;-;-;-;-;-;-;-;-;-;501,04;-;-;-;-;-;-;-
IDIN28C680000;BRBMEFCICI89;FINANCIAL;-;-;-;-;-;-;-;-;-;460,34;-;-;-;-;-;-;-
IDIN28C682000;BRBMEFCICI97;FINANCIAL;-;-;-;-;-;-;-;-;-;387,7;-;-;-;-;-;-;-
IDIN28C684000;BRBMEFCICIA3;FINANCIAL;-;-;-;-;-;-;-;-;-;328,21;-;-;-;-;-;-;-
IDIN28C686000;BRBMEFCICIB1;FINANCIAL;-;-;-;-;-;-;-;-;-;278,13;-;-;-;-;-;-;-
IDIN28C688000;BRBMEFCICIC9;FINANCIAL;-;-;-;-;-;-;-;-;-;235,87;-;-;-;-;-;-;-
IDIN28C690000;BRBMEFCICID7;FINANCIAL;-;-;-;-;-;-;-;-;-;200,49;-;-;-;-;-;-;-
IDIN28C692000;BRBMEFCICIE5;FINANCIAL;-;-;-;-;-;-;-;-;-;170,88;-;-;-;-;-;-;-
IDIN28C694000;BRBMEFCICIF2;FINANCIAL;-;-;-;-;-;-;-;-;-;146,53;-;-;-;-;-;-;-
IDIN28C696000;BRBMEFCICIG0;FINANCIAL;-;-;-;-;-;-;-;-;-;125,2;-;-;-;-;-;-;-
IDIN28C698000;BRBMEFCICIH8;FINANCIAL;-;-;-;-;-;-;-;-;-;105,62;-;-;-;-;-;-;-
IDIN28C700000;BRBMEFCICII6;FINANCIAL;-;-;-;-;-;-;-;-;-;88,28;-;-;-;-;-;-;-
IDIN28C702000;BRBMEFCICIJ4;FINANCIAL;-;-;-;-;-;-;-;-;-;73,44;-;-;-;-;-;-;-
IDIN28C704000;BRBMEFCICIK2;FINANCIAL;-;-;-;-;-;-;-;-;-;61,16;-;-;-;-;-;-;-
IDIN28C706000;BRBMEFCICIL0;FINANCIAL;-;-;-;-;-;-;-;-;-;48,31;-;-;-;-;-;-;-
IDIN28C708000;BRBMEFCICIM8;FINANCIAL;-;-;-;-;-;-;-;-;-;36,98;-;-;-;-;-;-;-
IDIN28C710000;BRBMEFCICIN6;FINANCIAL;-;-;-;-;-;-;-;-;-;28,15;-;-;-;-;-;-;-
IDIN28C712000;BRBMEFCICIO4;FINANCIAL;-;-;-;-;-;-;-;-;-;21,3;-;-;-;-;-;-;-
IDIN28C714000;BRBMEFCICIP1;FINANCIAL;-;-;-;-;-;-;-;-;-;16,02;-;-;-;-;-;-;-
IDIN28C716000;BRBMEFCICIQ9;FINANCIAL;-;-;-;-;-;-;-;-;-;11,98;-;-;-;-;-;-;-
IDIN28C718000;BRBMEFCICIR7;FINANCIAL;-;-;-;-;-;-;-;-;-;8,91;-;-;-;-;-;-;-
IDIN28C720000;BRBMEFCICIS5;FINANCIAL;-;-;-;-;-;-;-;-;-;6,59;-;-;-;-;-;-;-
IDIN28C722000;BRBMEFCICIT3;FINANCIAL;-;-;-;-;-;-;-;-;-;4,84;-;-;-;-;-;-;-
IDIN28C724000;BRBMEFCICIU1;FINANCIAL;-;-;-;-;-;-;-;-;-;3,54;-;-;-;-;-;-;-
IDIN28C726000;BRBMEFCICIV9;FINANCIAL;-;-;-;-;-;-;-;-;-;2,57;-;-;-;-;-;-;-
IDIN28C728000;BRBMEFCICIW7;FINANCIAL;-;-;-;-;-;-;-;-;-;1,86;-;-;-;-;-;-;-
IDIN28C730000;BRBMEFCICIX5;FINANCIAL;-;-;-;-;-;-;-;-;-;1,34;-;-;-;-;-;-;-
IDIN28C732000;BRBMEFCICIY3;FINANCIAL;-;-;-;-;-;-;-;-;-;0,95;-;-;-;-;-;-;-
IDIN28C734000;BRBMEFCICIZ0;FINANCIAL;-;-;-;-;-;-;-;-;-;0,68;-;-;-;-;-;-;-
IDIN28C736000;BRBMEFCICJ05;FINANCIAL;-;-;-;-;-;-;-;-;-;0,48;-;-;-;-;-;-;-
IDIN28C738000;BRBMEFCICJ13;FINANCIAL;-;-;-;-;-;-;-;-;-;0,34;-;-;-;-;-;-;-
IDIN28C740000;BRBMEFCICJ21;FINANCIAL;-;-;-;-;-;-;-;-;-;0,24;-;-;-;-;-;-;-
IDIN28C742000;BRBMEFCICJ39;FINANCIAL;-;-;-;-;-;-;-;-;-;0,16;-;-;-;-;-;-;-
IDIN28C744000;BRBMEFCICJ47;FINANCIAL;-;-;-;-;-;-;-;-;-;0,11;-;-;-;-;-;-;-
IDIN28C746000;BRBMEFCICJ54;FINANCIAL;-;-;-;-;-;-;-;-;-;0,08;-;-;-;-;-;-;-
IDIN28C748000;BRBMEFCICJ62;FINANCIAL;-;-;-;-;-;-;-;-;-;0,05;-;-;-;-;-;-;-
IDIN28C750000;BRBMEFCICJ70;FINANCIAL;-;-;-;-;-;-;-;-;-;0,04;-;-;-;-;-;-;-
IDIN28P657500;BRBMEFVI2HU4;FINANCIAL;-;-;-;-;-;-;-;-;-;6535,45;-;-;-;-;-;-;-
IDIN28P657800;BRBMEFVI2HV2;FINANCIAL;-;-;-;-;-;-;-;-;-;6699,03;-;-;-;-;-;-;-
IDIN28P658000;BRBMEFVI2HX8;FINANCIAL;-;-;-;-;-;-;-;-;-;6809,08;-;-;-;-;-;-;-
IDIN28P660000;BRBMEFVI2HY6;FINANCIAL;-;-;-;-;-;-;-;-;-;7953,35;-;-;-;-;-;-;-
IDIN28P662000;BRBMEFVI2HZ3;FINANCIAL;-;-;-;-;-;-;-;-;-;9169,92;-;-;-;-;-;-;-
IDIN28P664000;BRBMEFVI2I05;FINANCIAL;-;-;-;-;-;-;-;-;-;10450,48;-;-;-;-;-;-;-
IDIN28P666000;BRBMEFVI2I13;FINANCIAL;-;-;-;-;-;-;-;-;-;11788,62;-;-;-;-;-;-;-
IDIN28P666600;BRBMEFVI2K01;FINANCIAL;-;-;-;-;-;-;-;-;-;12198,72;-;-;-;-;-;-;-
IDIN28P666800;BRBMEFVI2JY2;FINANCIAL;-;-;-;-;-;-;-;-;-;12336,07;-;-;-;-;-;-;-
IDIN28P667000;BRBMEFVI2HW0;FINANCIAL;-;-;-;-;-;-;-;-;-;12473,87;-;-;-;-;-;-;-
IDIN28P668000;BRBMEFVI2I21;FINANCIAL;-;-;-;-;-;-;-;-;-;13173,11;-;-;-;-;-;-;-
IDIN28P670000;BRBMEFVI2I39;FINANCIAL;-;-;-;-;-;-;-;-;-;14598,98;-;-;-;-;-;-;-
IDIN28P672000;BRBMEFVI2I47;FINANCIAL;-;-;-;-;-;-;-;-;-;16058,9;-;-;-;-;-;-;-
IDIN28P674000;BRBMEFVI2I54;FINANCIAL;-;-;-;-;-;-;-;-;-;17547,84;-;-;-;-;-;-;-
IDIN28P676000;BRBMEFVI2I62;FINANCIAL;-;-;-;-;-;-;-;-;-;19061,6;-;-;-;-;-;-;-
IDIN28P678000;BRBMEFVI2I70;FINANCIAL;-;-;-;-;-;-;-;-;-;20596,46;-;-;-;-;-;-;-
IDIN28P679000;BRBMEFVI2NJ5;FINANCIAL;-;-;-;-;-;-;-;-;-;21369,84;-;-;-;-;-;-;-
IDIN28P680000;BRBMEFVI2I88;FINANCIAL;-;-;-;-;-;-;-;-;-;22148;-;-;-;-;-;-;-
IDIN28P682000;BRBMEFVI2I96;FINANCIAL;-;-;-;-;-;-;-;-;-;23713,08;-;-;-;-;-;-;-
IDIN28P684000;BRBMEFVI2IA4;FINANCIAL;-;-;-;-;-;-;-;-;-;25291,32;-;-;-;-;-;-;-
IDIN28P686000;BRBMEFVI2IB2;FINANCIAL;-;-;-;-;-;-;-;-;-;26878,96;-;-;-;-;-;-;-
IDIN28P688000;BRBMEFVI2IC0;FINANCIAL;-;-;-;-;-;-;-;-;-;28474,42;-;-;-;-;-;-;-
IDIN28P690000;BRBMEFVI2ID8;FINANCIAL;-;-;-;-;-;-;-;-;-;30076,76;-;-;-;-;-;-;-
IDIN28P692000;BRBMEFVI2IE6;FINANCIAL;-;-;-;-;-;-;-;-;-;31684,87;-;-;-;-;-;-;-
IDIN28P694000;BRBMEFVI2IF3;FINANCIAL;-;-;-;-;-;-;-;-;-;33298,25;-;-;-;-;-;-;-
IDIN28P696000;BRBMEFVI2IG1;FINANCIAL;-;-;-;-;-;-;-;-;-;34914,64;-;-;-;-;-;-;-
IDIN28P698000;BRBMEFVI2IH9;FINANCIAL;-;-;-;-;-;-;-;-;-;36532,79;-;-;-;-;-;-;-
IDIN28P700000;BRBMEFVI2II7;FINANCIAL;-;-;-;-;-;-;-;-;-;38153,17;-;-;-;-;-;-;-
IDIN28P702000;BRBMEFVI2IJ5;FINANCIAL;-;-;-;-;-;-;-;-;-;39776,06;-;-;-;-;-;-;-
IDIN28P704000;BRBMEFVI2IK3;FINANCIAL;-;-;-;-;-;-;-;-;-;41401,5;-;-;-;-;-;-;-
IDIN28P706000;BRBMEFVI2IL1;FINANCIAL;-;-;-;-;-;-;-;-;-;43026,37;-;-;-;-;-;-;-
IDIN28P708000;BRBMEFVI2IM9;FINANCIAL;-;-;-;-;-;-;-;-;-;44652,77;-;-;-;-;-;-;-
IDIN28P710000;BRBMEFVI2IN7;FINANCIAL;-;-;-;-;-;-;-;-;-;46281,66;-;-;-;-;-;-;-
IDIN28P712000;BRBMEFVI2IO5;FINANCIAL;-;-;-;-;-;-;-;-;-;47912,53;-;-;-;-;-;-;-
IDIN28P714000;BRBMEFVI2IP2;FINANCIAL;-;-;-;-;-;-;-;-;-;49544,98;-;-;-;-;-;-;-
IDIN28P716000;BRBMEFVI2IQ0;FINANCIAL;-;-;-;-;-;-;-;-;-;51178,66;-;-;-;-;-;-;-
IDIN28P718000;BRBMEFVI2IR8;FINANCIAL;-;-;-;-;-;-;-;-;-;52813,31;-;-;-;-;-;-;-
IDIN28P720000;BRBMEFVI2IS6;FINANCIAL;-;-;-;-;-;-;-;-;-;54448,71;-;-;-;-;-;-;-
IDIN28P722000;BRBMEFVI2IT4;FINANCIAL;-;-;-;-;-;-;-;-;-;56084,69;-;-;-;-;-;-;-
IDIN28P724000;BRBMEFVI2IU2;FINANCIAL;-;-;-;-;-;-;-;-;-;57721,11;-;-;-;-;-;-;-
IDIN28P726000;BRBMEFVI2IV0;FINANCIAL;-;-;-;-;-;-;-;-;-;59357,87;-;-;-;-;-;-;-
IDIN28P728000;BRBMEFVI2IW8;FINANCIAL;-;-;-;-;-;-;-;-;-;60994,88;-;-;-;-;-;-;-
IDIN28P730000;BRBMEFVI2IX6;FINANCIAL;-;-;-;-;-;-;-;-;-;62632,08;-;-;-;-;-;-;-
IDIN28P732000;BRBMEFVI2IY4;FINANCIAL;-;-;-;-;-;-;-;-;-;64269,42;-;-;-;-;-;-;-
IDIN28P734000;BRBMEFVI2IZ1;FINANCIAL;-;-;-;-;-;-;-;-;-;65906,87;-;-;-;-;-;-;-
IDIN28P736000;BRBMEFVI2J04;FINANCIAL;-;-;-;-;-;-;-;-;-;67544,39;-;-;-;-;-;-;-
IDIN28P738000;BRBMEFVI2J12;FINANCIAL;-;-;-;-;-;-;-;-;-;69181,97;-;-;-;-;-;-;-
IDIN28P740000;BRBMEFVI2J20;FINANCIAL;-;-;-;-;-;-;-;-;-;70819,59;-;-;-;-;-;-;-
IDIN28P742000;BRBMEFVI2J38;FINANCIAL;-;-;-;-;-;-;-;-;-;72457,24;-;-;-;-;-;-;-
IDIN28P744000;BRBMEFVI2J46;FINANCIAL;-;-;-;-;-;-;-;-;-;74094,92;-;-;-;-;-;-;-
IDIN28P746000;BRBMEFVI2J53;FINANCIAL;-;-;-;-;-;-;-;-;-;75732,61;-;-;-;-;-;-;-
IDIN28P748000;BRBMEFVI2J61;FINANCIAL;-;-;-;-;-;-;-;-;-;77370,3;-;-;-;-;-;-;-
IDIN28P750000;BRBMEFVI2J79;FINANCIAL;-;-;-;-;-;-;-;-;-;79008,01;-;-;-;-;-;-;-
IDIQ27C591400;BRBMEFCIQ9L7;FINANCIAL;-;-;-;-;-;-;-;-;-;891,44;-;-;-;-;-;-;-
IDIQ27C591500;BRBMEFCIQ9M5;FINANCIAL;-;-;-;-;-;-;-;-;-;875,73;-;-;-;-;-;-;-
IDIQ27C591600;BRBMEFCIQ9N3;FINANCIAL;-;-;-;-;-;-;-;-;-;860,89;-;-;-;-;-;-;-
IDIQ27C591700;BRBMEFCIQ9O1;FINANCIAL;-;-;-;-;-;-;-;-;-;846,54;-;-;-;-;-;-;-
IDIQ27C591800;BRBMEFCIQ9P8;FINANCIAL;-;-;-;-;-;-;-;-;-;832,84;-;-;-;-;-;-;-
IDIQ27C591900;BRBMEFCIQ9Q6;FINANCIAL;-;-;-;-;-;-;-;-;-;819,6;-;-;-;-;-;-;-
IDIQ27C592000;BRBMEFCIQ9R4;FINANCIAL;-;-;-;-;-;-;-;-;-;806,78;-;-;-;-;-;-;-
IDIQ27C592100;BRBMEFCIQ9S2;FINANCIAL;-;-;-;-;-;-;-;-;-;794,55;-;-;-;-;-;-;-
IDIQ27C592200;BRBMEFCIQ9T0;FINANCIAL;-;-;-;-;-;-;-;-;-;782,72;-;-;-;-;-;-;-
IDIQ27C592300;BRBMEFCIQ9U8;FINANCIAL;-;-;-;-;-;-;-;-;-;771,27;-;-;-;-;-;-;-
IDIQ27C592400;BRBMEFCIQ9V6;FINANCIAL;-;-;-;-;-;-;-;-;-;760,51;-;-;-;-;-;-;-
IDIQ27C592500;BRBMEFCIQ9W4;FINANCIAL;-;-;-;-;-;-;-;-;-;750,91;-;-;-;-;-;-;-
IDIQ27C592600;BRBMEFCIQ9X2;FINANCIAL;-;-;-;-;-;-;-;-;-;741,79;-;-;-;-;-;-;-
IDIQ27C592700;BRBMEFCIQ9Y0;FINANCIAL;-;-;-;-;-;-;-;-;-;732,65;-;-;-;-;-;-;-
IDIQ27C592800;BRBMEFCIQ9Z7;FINANCIAL;-;-;-;-;-;-;-;-;-;723,64;-;-;-;-;-;-;-
IDIQ27C592900;BRBMEFCIQA08;FINANCIAL;-;-;-;-;-;-;-;-;-;714,77;-;-;-;-;-;-;-
IDIQ27C593000;BRBMEFCIQA16;FINANCIAL;-;-;-;-;-;-;-;-;-;706,33;-;-;-;-;-;-;-
IDIQ27C593100;BRBMEFCIQA24;FINANCIAL;-;-;-;-;-;-;-;-;-;698,62;-;-;-;-;-;-;-
IDIQ27C593200;BRBMEFCIQA32;FINANCIAL;-;-;-;-;-;-;-;-;-;691,62;-;-;-;-;-;-;-
IDIQ27C593300;BRBMEFCIQA40;FINANCIAL;-;-;-;-;-;-;-;-;-;684,53;-;-;-;-;-;-;-
IDIQ27C593400;BRBMEFCIQA57;FINANCIAL;-;-;-;-;-;-;-;-;-;677,83;-;-;-;-;-;-;-
IDIQ27C593500;BRBMEFCIQA65;FINANCIAL;-;-;-;-;-;-;-;-;-;671,19;-;-;-;-;-;-;-
IDIQ27C593600;BRBMEFCIQA73;FINANCIAL;-;-;-;-;-;-;-;-;-;665,05;-;-;-;-;-;-;-
IDIQ27C593700;BRBMEFCIQA81;FINANCIAL;-;-;-;-;-;-;-;-;-;658,96;-;-;-;-;-;-;-
IDIQ27C593800;BRBMEFCIQA99;FINANCIAL;-;-;-;-;-;-;-;-;-;653,35;-;-;-;-;-;-;-
IDIQ27C593900;BRBMEFCIQAA0;FINANCIAL;-;-;-;-;-;-;-;-;-;647,78;-;-;-;-;-;-;-
IDIQ27C594000;BRBMEFCIQAB8;FINANCIAL;-;-;-;-;-;-;-;-;-;642,52;-;-;-;-;-;-;-
IDIQ27C594100;BRBMEFCIQAC6;FINANCIAL;-;-;-;-;-;-;-;-;-;637,43;-;-;-;-;-;-;-
IDIQ27C594200;BRBMEFCIQAD4;FINANCIAL;-;-;-;-;-;-;-;-;-;632,64;-;-;-;-;-;-;-
IDIQ27C594300;BRBMEFCIQ8W6;FINANCIAL;-;-;-;-;-;-;-;-;-;628;-;-;-;-;-;-;-
IDIQ27C594400;BRBMEFCIQ8X4;FINANCIAL;-;-;-;-;-;-;-;-;-;623,5;-;-;-;-;-;-;-
IDIQ27C594500;BRBMEFCIQ8Y2;FINANCIAL;-;-;-;-;-;-;-;-;-;619,01;-;-;-;-;-;-;-
IDIQ27C594600;BRBMEFCIQ8Z9;FINANCIAL;-;-;-;-;-;-;-;-;-;614,38;-;-;-;-;-;-;-
IDIQ27C594700;BRBMEFCIQ903;FINANCIAL;-;-;-;-;-;-;-;-;-;609,89;-;-;-;-;-;-;-
IDIQ27C594800;BRBMEFCIQ911;FINANCIAL;-;-;-;-;-;-;-;-;-;605,53;-;-;-;-;-;-;-
IDIQ27C594900;BRBMEFCIQ929;FINANCIAL;-;-;-;-;-;-;-;-;-;601,29;-;-;-;-;-;-;-
IDIQ27C595000;BRBMEFCIQ937;FINANCIAL;-;-;-;-;-;-;-;-;-;597,45;-;-;-;-;-;-;-
IDIQ27C595100;BRBMEFCIQ945;FINANCIAL;-;-;-;-;-;-;-;-;-;593,58;-;-;-;-;-;-;-
IDIQ27C595200;BRBMEFCIQ952;FINANCIAL;-;-;-;-;-;-;-;-;-;589,97;-;-;-;-;-;-;-
IDIQ27C595300;BRBMEFCIQ960;FINANCIAL;-;-;-;-;-;-;-;-;-;586,19;-;-;-;-;-;-;-
IDIQ27C595400;BRBMEFCIQ978;FINANCIAL;-;-;-;-;-;-;-;-;-;582,4;-;-;-;-;-;-;-
IDIQ27C595500;BRBMEFCIQ986;FINANCIAL;-;-;-;-;-;-;-;-;-;578,59;-;-;-;-;-;-;-
IDIQ27C595600;BRBMEFCIQ994;FINANCIAL;-;-;-;-;-;-;-;-;-;574,87;-;-;-;-;-;-;-
IDIQ27C595700;BRBMEFCIQ9A0;FINANCIAL;-;-;-;-;-;-;-;-;-;571,14;-;-;-;-;-;-;-
IDIQ27C595800;BRBMEFCIQ9B8;FINANCIAL;-;-;-;-;-;-;-;-;-;567,5;-;-;-;-;-;-;-
IDIQ27C595900;BRBMEFCIQ9C6;FINANCIAL;-;-;-;-;-;-;-;-;-;563,96;-;-;-;-;-;-;-
IDIQ27C596000;BRBMEFCIQ9D4;FINANCIAL;-;-;-;-;-;-;-;-;-;560,39;-;-;-;-;-;-;-
IDIQ27C596100;BRBMEFCIQ9E2;FINANCIAL;-;-;-;-;-;-;-;-;-;557,03;-;-;-;-;-;-;-
IDIQ27C596200;BRBMEFCIQ9F9;FINANCIAL;-;-;-;-;-;-;-;-;-;553,52;-;-;-;-;-;-;-
IDIQ27C596300;BRBMEFCIQ9G7;FINANCIAL;-;-;-;-;-;-;-;-;-;550,21;-;-;-;-;-;-;-
IDIQ27C596400;BRBMEFCIQ9H5;FINANCIAL;-;-;-;-;-;-;-;-;-;546,99;-;-;-;-;-;-;-
IDIQ27C596500;BRBMEFCIQ9I3;FINANCIAL;-;-;-;-;-;-;-;-;-;543,74;-;-;-;-;-;-;-
IDIQ27C596600;BRBMEFCIQ9J1;FINANCIAL;-;-;-;-;-;-;-;-;-;540,44;-;-;-;-;-;-;-
IDIQ27C596700;BRBMEFCIQ9K9;FINANCIAL;-;-;-;-;-;-;-;-;-;537,35;-;-;-;-;-;-;-
IDIQ27P591400;BRBMEFVIQ9L4;FINANCIAL;-;-;-;-;-;-;-;-;-;2354,55;-;-;-;-;-;-;-
IDIQ27P591500;BRBMEFVIQ9M2;FINANCIAL;-;-;-;-;-;-;-;-;-;2429,57;-;-;-;-;-;-;-
IDIQ27P591600;BRBMEFVIQ9N0;FINANCIAL;-;-;-;-;-;-;-;-;-;2505,47;-;-;-;-;-;-;-
IDIQ27P591700;BRBMEFVIQ9O8;FINANCIAL;-;-;-;-;-;-;-;-;-;2581,85;-;-;-;-;-;-;-
IDIQ27P591800;BRBMEFVIQ9P5;FINANCIAL;-;-;-;-;-;-;-;-;-;2658,89;-;-;-;-;-;-;-
IDIQ27P591900;BRBMEFVIQ9Q3;FINANCIAL;-;-;-;-;-;-;-;-;-;2736,38;-;-;-;-;-;-;-
IDIQ27P592000;BRBMEFVIQ9R1;FINANCIAL;-;-;-;-;-;-;-;-;-;2814,3;-;-;-;-;-;-;-
IDIQ27P592100;BRBMEFVIQ9S9;FINANCIAL;-;-;-;-;-;-;-;-;-;2892,8;-;-;-;-;-;-;-
IDIQ27P592200;BRBMEFVIQ9T7;FINANCIAL;-;-;-;-;-;-;-;-;-;2971,7;-;-;-;-;-;-;-
IDIQ27P592300;BRBMEFVIQ9U5;FINANCIAL;-;-;-;-;-;-;-;-;-;3050,98;-;-;-;-;-;-;-
IDIQ27P592400;BRBMEFVIQ9V3;FINANCIAL;-;-;-;-;-;-;-;-;-;3130,96;-;-;-;-;-;-;-
IDIQ27P592500;BRBMEFVIQ9W1;FINANCIAL;-;-;-;-;-;-;-;-;-;3212,09;-;-;-;-;-;-;-
IDIQ27P592600;BRBMEFVIQ9X9;FINANCIAL;-;-;-;-;-;-;-;-;-;3293,7;-;-;-;-;-;-;-
IDIQ27P592700;BRBMEFVIQ9Y7;FINANCIAL;-;-;-;-;-;-;-;-;-;3375,3;-;-;-;-;-;-;-
IDIQ27P592800;BRBMEFVIQ9Z4;FINANCIAL;-;-;-;-;-;-;-;-;-;3457,03;-;-;-;-;-;-;-
IDIQ27P592900;BRBMEFVIQA05;FINANCIAL;-;-;-;-;-;-;-;-;-;3538,89;-;-;-;-;-;-;-
IDIQ27P593000;BRBMEFVIQA13;FINANCIAL;-;-;-;-;-;-;-;-;-;3621,19;-;-;-;-;-;-;-
IDIQ27P593100;BRBMEFVIQA21;FINANCIAL;-;-;-;-;-;-;-;-;-;3704,21;-;-;-;-;-;-;-
IDIQ27P593200;BRBMEFVIQA39;FINANCIAL;-;-;-;-;-;-;-;-;-;3787,94;-;-;-;-;-;-;-
IDIQ27P593300;BRBMEFVIQA47;FINANCIAL;-;-;-;-;-;-;-;-;-;3871,59;-;-;-;-;-;-;-
IDIQ27P593400;BRBMEFVIQA54;FINANCIAL;-;-;-;-;-;-;-;-;-;3955,62;-;-;-;-;-;-;-
IDIQ27P593500;BRBMEFVIQA62;FINANCIAL;-;-;-;-;-;-;-;-;-;4039,71;-;-;-;-;-;-;-
IDIQ27P593600;BRBMEFVIQA70;FINANCIAL;-;-;-;-;-;-;-;-;-;4124,31;-;-;-;-;-;-;-
IDIQ27P593700;BRBMEFVIQA88;FINANCIAL;-;-;-;-;-;-;-;-;-;4208,95;-;-;-;-;-;-;-
IDIQ27P593800;BRBMEFVIQA96;FINANCIAL;-;-;-;-;-;-;-;-;-;4294,08;-;-;-;-;-;-;-
IDIQ27P593900;BRBMEFVIQAA0;FINANCIAL;-;-;-;-;-;-;-;-;-;4379,24;-;-;-;-;-;-;-
IDIQ27P594000;BRBMEFVIQAB8;FINANCIAL;-;-;-;-;-;-;-;-;-;4464,72;-;-;-;-;-;-;-
IDIQ27P594100;BRBMEFVIQAC6;FINANCIAL;-;-;-;-;-;-;-;-;-;4550,36;-;-;-;-;-;-;-
IDIQ27P594200;BRBMEFVIQAD4;FINANCIAL;-;-;-;-;-;-;-;-;-;4636,3;-;-;-;-;-;-;-
IDIQ27P594300;BRBMEFVIQ8W3;FINANCIAL;-;-;-;-;-;-;-;-;-;4722,4;-;-;-;-;-;-;-
IDIQ27P594400;BRBMEFVIQ8X1;FINANCIAL;-;-;-;-;-;-;-;-;-;4808,63;-;-;-;-;-;-;-
IDIQ27P594500;BRBMEFVIQ8Y9;FINANCIAL;-;-;-;-;-;-;-;-;-;4894,88;-;-;-;-;-;-;-
IDIQ27P594600;BRBMEFVIQ8Z6;FINANCIAL;-;-;-;-;-;-;-;-;-;4980,98;-;-;-;-;-;-;-
IDIQ27P594700;BRBMEFVIQ903;FINANCIAL;-;-;-;-;-;-;-;-;-;5067,22;-;-;-;-;-;-;-
IDIQ27P594800;BRBMEFVIQ911;FINANCIAL;-;-;-;-;-;-;-;-;-;5153,59;-;-;-;-;-;-;-
IDIQ27P594900;BRBMEFVIQ929;FINANCIAL;-;-;-;-;-;-;-;-;-;5240,09;-;-;-;-;-;-;-
IDIQ27P595000;BRBMEFVIQ937;FINANCIAL;-;-;-;-;-;-;-;-;-;5326,98;-;-;-;-;-;-;-
IDIQ27P595100;BRBMEFVIQ945;FINANCIAL;-;-;-;-;-;-;-;-;-;5413,85;-;-;-;-;-;-;-
IDIQ27P595200;BRBMEFVIQ952;FINANCIAL;-;-;-;-;-;-;-;-;-;5500,97;-;-;-;-;-;-;-
IDIQ27P595300;BRBMEFVIQ960;FINANCIAL;-;-;-;-;-;-;-;-;-;5587,93;-;-;-;-;-;-;-
IDIQ27P595400;BRBMEFVIQ978;FINANCIAL;-;-;-;-;-;-;-;-;-;5674,87;-;-;-;-;-;-;-
IDIQ27P595500;BRBMEFVIQ986;FINANCIAL;-;-;-;-;-;-;-;-;-;5761,79;-;-;-;-;-;-;-
IDIQ27P595600;BRBMEFVIQ994;FINANCIAL;-;-;-;-;-;-;-;-;-;5848,81;-;-;-;-;-;-;-
IDIQ27P595700;BRBMEFVIQ9A7;FINANCIAL;-;-;-;-;-;-;-;-;-;5935,81;-;-;-;-;-;-;-
IDIQ27P595800;BRBMEFVIQ9B5;FINANCIAL;-;-;-;-;-;-;-;-;-;6022,91;-;-;-;-;-;-;-
IDIQ27P595900;BRBMEFVIQ9C3;FINANCIAL;-;-;-;-;-;-;-;-;-;6110,1;-;-;-;-;-;-;-
IDIQ27P596000;BRBMEFVIQ9D1;FINANCIAL;-;-;-;-;-;-;-;-;-;6197,26;-;-;-;-;-;-;-
IDIQ27P596100;BRBMEFVIQ9E9;FINANCIAL;-;-;-;-;-;-;-;-;-;6284,64;-;-;-;-;-;-;-
IDIQ27P596200;BRBMEFVIQ9F6;FINANCIAL;-;-;-;-;-;-;-;-;-;6371,86;-;-;-;-;-;-;-
IDIQ27P596300;BRBMEFVIQ9G4;FINANCIAL;-;-;-;-;-;-;-;-;-;6459,29;-;-;-;-;-;-;-
IDIQ27P596400;BRBMEFVIQ9H2;FINANCIAL;-;-;-;-;-;-;-;-;-;6546,81;-;-;-;-;-;-;-
IDIQ27P596500;BRBMEFVIQ9I0;FINANCIAL;-;-;-;-;-;-;-;-;-;6634,29;-;-;-;-;-;-;-
IDIQ27P596600;BRBMEFVIQ9J8;FINANCIAL;-;-;-;-;-;-;-;-;-;6721,72;-;-;-;-;-;-;-
IDIQ27P596700;BRBMEFVIQ9K6;FINANCIAL;-;-;-;-;-;-;-;-;-;6809,36;-;-;-;-;-;-;-
IDIV27C595000;BRBMEFCVV0A5;FINANCIAL;-;-;-;-;-;-;-;-;-;5737,29;-;-;-;-;-;-;-
IDIV27C595500;BRBMEFCVV0B3;FINANCIAL;-;-;-;-;-;-;-;-;-;5318,96;-;-;-;-;-;-;-
IDIV27C596000;BRBMEFCVV0C1;FINANCIAL;-;-;-;-;-;-;-;-;-;4912,52;-;-;-;-;-;-;-
IDIV27C596500;BRBMEFCVV0D9;FINANCIAL;-;-;-;-;-;-;-;-;-;4517,75;-;-;-;-;-;-;-
IDIV27C597000;BRBMEFCVV0E7;FINANCIAL;-;-;-;-;-;-;-;-;-;4133,42;-;-;-;-;-;-;-
IDIV27C597500;BRBMEFCVV0F4;FINANCIAL;-;-;-;-;-;-;-;-;-;3767,04;-;-;-;-;-;-;-
IDIV27C598000;BRBMEFCVV0G2;FINANCIAL;-;-;-;-;-;-;-;-;-;3425,2;-;-;-;-;-;-;-
IDIV27C598500;BRBMEFCVV0H0;FINANCIAL;-;-;-;-;-;-;-;-;-;3113,08;-;-;-;-;-;-;-
IDIV27C599000;BRBMEFCVV0I8;FINANCIAL;-;-;-;-;-;-;-;-;-;2815,11;-;-;-;-;-;-;-
IDIV27C599500;BRBMEFCVV0J6;FINANCIAL;-;-;-;-;-;-;-;-;-;2533,66;-;-;-;-;-;-;-
IDIV27C600000;BRBMEFCVV0K4;FINANCIAL;-;-;-;-;-;-;-;-;-;2283,26;-;-;-;-;-;-;-
IDIV27C600500;BRBMEFCVV0L2;FINANCIAL;-;-;-;-;-;-;-;-;-;2055,05;-;-;-;-;-;-;-
IDIV27C601000;BRBMEFCVV0M0;FINANCIAL;-;-;-;-;-;-;-;-;-;1865,03;-;-;-;-;-;-;-
IDIV27C601500;BRBMEFCVV0N8;FINANCIAL;-;-;-;-;-;-;-;-;-;1696,78;-;-;-;-;-;-;-
IDIV27C602000;BRBMEFCVV0O6;FINANCIAL;-;-;-;-;-;-;-;-;-;1551,96;-;-;-;-;-;-;-
IDIV27C602500;BRBMEFCVV0P3;FINANCIAL;-;-;-;-;-;-;-;-;-;1422,1;-;-;-;-;-;-;-
IDIV27C603000;BRBMEFCVV0Q1;FINANCIAL;-;-;-;-;-;-;-;-;-;1307,15;-;-;-;-;-;-;-
IDIV27C603500;BRBMEFCVV0R9;FINANCIAL;-;-;-;-;-;-;-;-;-;1204,13;-;-;-;-;-;-;-
IDIV27C604000;BRBMEFCVV0S7;FINANCIAL;-;-;-;-;-;-;-;-;-;1118,34;-;-;-;-;-;-;-
IDIV27C604500;BRBMEFCVV0T5;FINANCIAL;-;-;-;-;-;-;-;-;-;1043,32;-;-;-;-;-;-;-
IDIV27C604800;BRBMEFCIVZU5;FINANCIAL;-;-;-;-;-;-;-;-;-;1003,02;-;-;-;-;-;-;-
IDIV27C604900;BRBMEFCIVZV3;FINANCIAL;-;-;-;-;-;-;-;-;-;990,71;-;-;-;-;-;-;-
IDIV27C605000;BRBMEFCIVZW1;FINANCIAL;-;-;-;-;-;-;-;-;-;979,03;-;-;-;-;-;-;-
IDIV27C605100;BRBMEFCIVZX9;FINANCIAL;-;-;-;-;-;-;-;-;-;967,78;-;-;-;-;-;-;-
IDIV27C605200;BRBMEFCIVZY7;FINANCIAL;-;-;-;-;-;-;-;-;-;956,44;-;-;-;-;-;-;-
IDIV27C605300;BRBMEFCIVZZ4;FINANCIAL;-;-;-;-;-;-;-;-;-;945,17;-;-;-;-;-;-;-
IDIV27C605400;BRBMEFCVV005;FINANCIAL;-;-;-;-;-;-;-;-;-;934,31;-;-;-;-;-;-;-
IDIV27C605500;BRBMEFCVV013;FINANCIAL;-;-;-;-;-;-;-;-;-;923,69;-;-;-;-;-;-;-
IDIV27C605600;BRBMEFCVV021;FINANCIAL;-;-;-;-;-;-;-;-;-;913,64;-;-;-;-;-;-;-
IDIV27C605700;BRBMEFCVV039;FINANCIAL;-;-;-;-;-;-;-;-;-;904,32;-;-;-;-;-;-;-
IDIV27C605800;BRBMEFCVV047;FINANCIAL;-;-;-;-;-;-;-;-;-;895,38;-;-;-;-;-;-;-
IDIV27C605900;BRBMEFCVV054;FINANCIAL;-;-;-;-;-;-;-;-;-;886,63;-;-;-;-;-;-;-
IDIV27C606000;BRBMEFCVV062;FINANCIAL;-;-;-;-;-;-;-;-;-;877,9;-;-;-;-;-;-;-
IDIV27C606100;BRBMEFCVV070;FINANCIAL;-;-;-;-;-;-;-;-;-;869,04;-;-;-;-;-;-;-
IDIV27C606200;BRBMEFCVV088;FINANCIAL;-;-;-;-;-;-;-;-;-;860,69;-;-;-;-;-;-;-
IDIV27C606300;BRBMEFCVV096;FINANCIAL;-;-;-;-;-;-;-;-;-;852,68;-;-;-;-;-;-;-
IDIV27C606400;BRBMEFCVV0U3;FINANCIAL;-;-;-;-;-;-;-;-;-;845,01;-;-;-;-;-;-;-
IDIV27C606500;BRBMEFCVV0V1;FINANCIAL;-;-;-;-;-;-;-;-;-;837,5;-;-;-;-;-;-;-
IDIV27C606600;BRBMEFCVV0W9;FINANCIAL;-;-;-;-;-;-;-;-;-;830,16;-;-;-;-;-;-;-
IDIV27C606700;BRBMEFCVV0X7;FINANCIAL;-;-;-;-;-;-;-;-;-;823,13;-;-;-;-;-;-;-
IDIV27C606800;BRBMEFCVV0Y5;FINANCIAL;-;-;-;-;-;-;-;-;-;816,09;-;-;-;-;-;-;-
IDIV27C606900;BRBMEFCVV0Z2;FINANCIAL;-;-;-;-;-;-;-;-;-;809,35;-;-;-;-;-;-;-
IDIV27C607000;BRBMEFCIVY52;FINANCIAL;-;-;-;-;-;-;-;-;-;802,61;-;-;-;-;-;-;-
IDIV27C607100;BRBMEFCIVY60;FINANCIAL;-;-;-;-;-;-;-;-;-;796,15;-;-;-;-;-;-;-
IDIV27C607200;BRBMEFCIVY78;FINANCIAL;-;-;-;-;-;-;-;-;-;789,84;-;-;-;-;-;-;-
IDIV27C607300;BRBMEFCIVY86;FINANCIAL;-;-;-;-;-;-;-;-;-;783,5;-;-;-;-;-;-;-
IDIV27C607400;BRBMEFCIVY94;FINANCIAL;-;-;-;-;-;-;-;-;-;777,59;-;-;-;-;-;-;-
IDIV27C607500;BRBMEFCIVYA0;FINANCIAL;-;-;-;-;-;-;-;-;-;771,66;-;-;-;-;-;-;-
IDIV27C607600;BRBMEFCIVYB8;FINANCIAL;-;-;-;-;-;-;-;-;-;766;-;-;-;-;-;-;-
IDIV27C607700;BRBMEFCIVYC6;FINANCIAL;-;-;-;-;-;-;-;-;-;760,45;-;-;-;-;-;-;-
IDIV27C607800;BRBMEFCIVYD4;FINANCIAL;-;-;-;-;-;-;-;-;-;754,87;-;-;-;-;-;-;-
IDIV27C607900;BRBMEFCIVYE2;FINANCIAL;-;-;-;-;-;-;-;-;-;749,55;-;-;-;-;-;-;-
IDIV27C608000;BRBMEFCIVYF9;FINANCIAL;-;-;-;-;-;-;-;-;-;744,2;-;-;-;-;-;-;-
IDIV27C608100;BRBMEFCIVYG7;FINANCIAL;-;-;-;-;-;-;-;-;-;738,94;-;-;-;-;-;-;-
IDIV27C608200;BRBMEFCIVYH5;FINANCIAL;-;-;-;-;-;-;-;-;-;733,8;-;-;-;-;-;-;-
IDIV27C608300;BRBMEFCIVYI3;FINANCIAL;-;-;-;-;-;-;-;-;-;728,61;-;-;-;-;-;-;-
IDIV27C608400;BRBMEFCIVYJ1;FINANCIAL;-;-;-;-;-;-;-;-;-;723,52;-;-;-;-;-;-;-
IDIV27C608500;BRBMEFCIVYK9;FINANCIAL;-;-;-;-;-;-;-;-;-;718,53;-;-;-;-;-;-;-
IDIV27C608600;BRBMEFCIVYL7;FINANCIAL;-;-;-;-;-;-;-;-;-;713,5;-;-;-;-;-;-;-
IDIV27C608700;BRBMEFCIVYM5;FINANCIAL;-;-;-;-;-;-;-;-;-;708,56;-;-;-;-;-;-;-
IDIV27C608800;BRBMEFCIVYN3;FINANCIAL;-;-;-;-;-;-;-;-;-;703,72;-;-;-;-;-;-;-
IDIV27C608900;BRBMEFCIVYO1;FINANCIAL;-;-;-;-;-;-;-;-;-;698,83;-;-;-;-;-;-;-
IDIV27C609000;BRBMEFCIVYP8;FINANCIAL;-;-;-;-;-;-;-;-;-;694,17;-;-;-;-;-;-;-
IDIV27C609100;BRBMEFCIVYQ6;FINANCIAL;-;-;-;-;-;-;-;-;-;689,59;-;-;-;-;-;-;-
IDIV27C609200;BRBMEFCIVYR4;FINANCIAL;-;-;-;-;-;-;-;-;-;685,1;-;-;-;-;-;-;-
IDIV27C609300;BRBMEFCIVYS2;FINANCIAL;-;-;-;-;-;-;-;-;-;680,56;-;-;-;-;-;-;-
IDIV27C609400;BRBMEFCIVYT0;FINANCIAL;-;-;-;-;-;-;-;-;-;676,23;-;-;-;-;-;-;-
IDIV27C609500;BRBMEFCIVYU8;FINANCIAL;-;-;-;-;-;-;-;-;-;671,99;-;-;-;-;-;-;-
IDIV27C609600;BRBMEFCIVYV6;FINANCIAL;-;-;-;-;-;-;-;-;-;667,82;-;-;-;-;-;-;-
IDIV27C609700;BRBMEFCIVYW4;FINANCIAL;-;-;-;-;-;-;-;-;-;663,59;-;-;-;-;-;-;-
IDIV27C609800;BRBMEFCIVYX2;FINANCIAL;-;-;-;-;-;-;-;-;-;659,44;-;-;-;-;-;-;-
IDIV27C609900;BRBMEFCIVYY0;FINANCIAL;-;-;-;-;-;-;-;-;-;655,37;-;-;-;-;-;-;-
IDIV27C610000;BRBMEFCIVYZ7;FINANCIAL;-;-;-;-;-;-;-;-;-;651,36;-;-;-;-;-;-;-
IDIV27C610100;BRBMEFCIVZR1;FINANCIAL;-;-;-;-;-;-;-;-;-;647,43;-;-;-;-;-;-;-
IDIV27C610200;BRBMEFCIVZS9;FINANCIAL;-;-;-;-;-;-;-;-;-;643,44;-;-;-;-;-;-;-
IDIV27C610300;BRBMEFCIVZT7;FINANCIAL;-;-;-;-;-;-;-;-;-;639,52;-;-;-;-;-;-;-
IDIV27C613100;BRBMEFCIVZ36;FINANCIAL;-;-;-;-;-;-;-;-;-;549,19;-;-;-;-;-;-;-
IDIV27C613200;BRBMEFCIVZ44;FINANCIAL;-;-;-;-;-;-;-;-;-;547,53;-;-;-;-;-;-;-
IDIV27C613300;BRBMEFCIVZ51;FINANCIAL;-;-;-;-;-;-;-;-;-;546,76;-;-;-;-;-;-;-
IDIV27C613400;BRBMEFCIVZ69;FINANCIAL;-;-;-;-;-;-;-;-;-;546,65;-;-;-;-;-;-;-
IDIV27C613500;BRBMEFCIVZ77;FINANCIAL;-;-;-;-;-;-;-;-;-;546,88;-;-;-;-;-;-;-
IDIV27C613600;BRBMEFCIVZ85;FINANCIAL;-;-;-;-;-;-;-;-;-;547,34;-;-;-;-;-;-;-
IDIV27C613700;BRBMEFCIVZ93;FINANCIAL;-;-;-;-;-;-;-;-;-;547,7;-;-;-;-;-;-;-
IDIV27C613800;BRBMEFCIVZA7;FINANCIAL;-;-;-;-;-;-;-;-;-;547,87;-;-;-;-;-;-;-
IDIV27C613900;BRBMEFCIVZB5;FINANCIAL;-;-;-;-;-;-;-;-;-;547,42;-;-;-;-;-;-;-
IDIV27C614000;BRBMEFCIVZ10;FINANCIAL;-;-;-;-;-;-;-;-;-;546,26;-;-;-;-;-;-;-
IDIV27C614100;BRBMEFCIVZC3;FINANCIAL;-;-;-;-;-;-;-;-;-;544,17;-;-;-;-;-;-;-
IDIV27C614200;BRBMEFCIVZD1;FINANCIAL;-;-;-;-;-;-;-;-;-;540,88;-;-;-;-;-;-;-
IDIV27C614300;BRBMEFCIVZE9;FINANCIAL;-;-;-;-;-;-;-;-;-;536,18;-;-;-;-;-;-;-
IDIV27C614400;BRBMEFCIVZF6;FINANCIAL;-;-;-;-;-;-;-;-;-;530,01;-;-;-;-;-;-;-
IDIV27C614500;BRBMEFCIVZG4;FINANCIAL;-;-;-;-;-;-;-;-;-;521,99;-;-;-;-;-;-;-
IDIV27C614600;BRBMEFCIVZH2;FINANCIAL;-;-;-;-;-;-;-;-;-;512,08;-;-;-;-;-;-;-
IDIV27C614700;BRBMEFCIVZI0;FINANCIAL;-;-;-;-;-;-;-;-;-;499,66;-;-;-;-;-;-;-
IDIV27C614800;BRBMEFCIVZJ8;FINANCIAL;-;-;-;-;-;-;-;-;-;477,35;-;-;-;-;-;-;-
IDIV27C614900;BRBMEFCIVZK6;FINANCIAL;-;-;-;-;-;-;-;-;-;452,16;-;-;-;-;-;-;-
IDIV27C615000;BRBMEFCIVZL4;FINANCIAL;-;-;-;-;-;-;-;-;-;435,54;-;-;-;-;-;-;-
IDIV27C615100;BRBMEFCIVZM2;FINANCIAL;-;-;-;-;-;-;-;-;-;425,3;-;-;-;-;-;-;-
IDIV27C615200;BRBMEFCIVZN0;FINANCIAL;-;-;-;-;-;-;-;-;-;417,85;-;-;-;-;-;-;-
IDIV27C615300;BRBMEFCIVZO8;FINANCIAL;-;-;-;-;-;-;-;-;-;412,65;-;-;-;-;-;-;-
IDIV27C615400;BRBMEFCIVZP5;FINANCIAL;-;-;-;-;-;-;-;-;-;409,03;-;-;-;-;-;-;-
IDIV27C615500;BRBMEFCIVZQ3;FINANCIAL;-;-;-;-;-;-;-;-;-;406,6;-;-;-;-;-;-;-
IDIV27C620000;BRBMEFCIVZ28;FINANCIAL;-;-;-;-;-;-;-;-;-;250,95;-;-;-;-;-;-;-
IDIV27P595000;BRBMEFVIC0A2;FINANCIAL;-;-;-;-;-;-;-;-;-;141,17;-;-;-;-;-;-;-
IDIV27P595500;BRBMEFVIC0B0;FINANCIAL;-;-;-;-;-;-;-;-;-;167,84;-;-;-;-;-;-;-
IDIV27P596000;BRBMEFVIC0C8;FINANCIAL;-;-;-;-;-;-;-;-;-;206,39;-;-;-;-;-;-;-
IDIV27P596500;BRBMEFVIC0D6;FINANCIAL;-;-;-;-;-;-;-;-;-;256,62;-;-;-;-;-;-;-
IDIV27P597000;BRBMEFVIC0E4;FINANCIAL;-;-;-;-;-;-;-;-;-;317,28;-;-;-;-;-;-;-
IDIV27P597500;BRBMEFVIC0F1;FINANCIAL;-;-;-;-;-;-;-;-;-;395,89;-;-;-;-;-;-;-
IDIV27P598000;BRBMEFVIC0G9;FINANCIAL;-;-;-;-;-;-;-;-;-;499,04;-;-;-;-;-;-;-
IDIV27P598500;BRBMEFVIC0H7;FINANCIAL;-;-;-;-;-;-;-;-;-;631,91;-;-;-;-;-;-;-
IDIV27P599000;BRBMEFVIC0I5;FINANCIAL;-;-;-;-;-;-;-;-;-;778,94;-;-;-;-;-;-;-
IDIV27P599500;BRBMEFVIC0J3;FINANCIAL;-;-;-;-;-;-;-;-;-;942,48;-;-;-;-;-;-;-
IDIV27P600000;BRBMEFVIC0K1;FINANCIAL;-;-;-;-;-;-;-;-;-;1137,08;-;-;-;-;-;-;-
IDIV27P600500;BRBMEFVIC0L9;FINANCIAL;-;-;-;-;-;-;-;-;-;1353,86;-;-;-;-;-;-;-
IDIV27P601000;BRBMEFVIC0M7;FINANCIAL;-;-;-;-;-;-;-;-;-;1608,83;-;-;-;-;-;-;-
IDIV27P601500;BRBMEFVIC0N5;FINANCIAL;-;-;-;-;-;-;-;-;-;1885,57;-;-;-;-;-;-;-
IDIV27P602000;BRBMEFVIC0O3;FINANCIAL;-;-;-;-;-;-;-;-;-;2185,75;-;-;-;-;-;-;-
IDIV27P602500;BRBMEFVIC0P0;FINANCIAL;-;-;-;-;-;-;-;-;-;2500,88;-;-;-;-;-;-;-
IDIV27P603000;BRBMEFVIC0Q8;FINANCIAL;-;-;-;-;-;-;-;-;-;2830,92;-;-;-;-;-;-;-
IDIV27P603500;BRBMEFVIC0R6;FINANCIAL;-;-;-;-;-;-;-;-;-;3172,9;-;-;-;-;-;-;-
IDIV27P604000;BRBMEFVIC0S4;FINANCIAL;-;-;-;-;-;-;-;-;-;3532,1;-;-;-;-;-;-;-
IDIV27P604500;BRBMEFVIC0T2;FINANCIAL;-;-;-;-;-;-;-;-;-;3902,07;-;-;-;-;-;-;-
IDIV27P604800;BRBMEFVIVZU5;FINANCIAL;-;-;-;-;-;-;-;-;-;4128,77;-;-;-;-;-;-;-
IDIV27P604900;BRBMEFVIVZV3;FINANCIAL;-;-;-;-;-;-;-;-;-;4205,46;-;-;-;-;-;-;-
IDIV27P605000;BRBMEFVIVZW1;FINANCIAL;-;-;-;-;-;-;-;-;-;4282,78;-;-;-;-;-;-;-
IDIV27P605100;BRBMEFVIVZX9;FINANCIAL;-;-;-;-;-;-;-;-;-;4360,53;-;-;-;-;-;-;-
IDIV27P605200;BRBMEFVIVZY7;FINANCIAL;-;-;-;-;-;-;-;-;-;4438,19;-;-;-;-;-;-;-
IDIV27P605300;BRBMEFVIVZZ4;FINANCIAL;-;-;-;-;-;-;-;-;-;4515,91;-;-;-;-;-;-;-
IDIV27P605400;BRBMEFVIC002;FINANCIAL;-;-;-;-;-;-;-;-;-;4594,06;-;-;-;-;-;-;-
IDIV27P605500;BRBMEFVIC010;FINANCIAL;-;-;-;-;-;-;-;-;-;4672,44;-;-;-;-;-;-;-
IDIV27P605600;BRBMEFVIC028;FINANCIAL;-;-;-;-;-;-;-;-;-;4751,39;-;-;-;-;-;-;-
IDIV27P605700;BRBMEFVIC036;FINANCIAL;-;-;-;-;-;-;-;-;-;4831,06;-;-;-;-;-;-;-
IDIV27P605800;BRBMEFVIC044;FINANCIAL;-;-;-;-;-;-;-;-;-;4911,12;-;-;-;-;-;-;-
IDIV27P605900;BRBMEFVIC051;FINANCIAL;-;-;-;-;-;-;-;-;-;4991,37;-;-;-;-;-;-;-
IDIV27P606000;BRBMEFVIC069;FINANCIAL;-;-;-;-;-;-;-;-;-;5071,64;-;-;-;-;-;-;-
IDIV27P606100;BRBMEFVIC077;FINANCIAL;-;-;-;-;-;-;-;-;-;5151,77;-;-;-;-;-;-;-
IDIV27P606200;BRBMEFVIC085;FINANCIAL;-;-;-;-;-;-;-;-;-;5232,42;-;-;-;-;-;-;-
IDIV27P606300;BRBMEFVIC093;FINANCIAL;-;-;-;-;-;-;-;-;-;5313,42;-;-;-;-;-;-;-
IDIV27P606400;BRBMEFVIC0U0;FINANCIAL;-;-;-;-;-;-;-;-;-;5394,74;-;-;-;-;-;-;-
IDIV27P606500;BRBMEFVIC0V8;FINANCIAL;-;-;-;-;-;-;-;-;-;5476,23;-;-;-;-;-;-;-
IDIV27P606600;BRBMEFVIC0W6;FINANCIAL;-;-;-;-;-;-;-;-;-;5557,89;-;-;-;-;-;-;-
IDIV27P606700;BRBMEFVIC0X4;FINANCIAL;-;-;-;-;-;-;-;-;-;5639,85;-;-;-;-;-;-;-
IDIV27P606800;BRBMEFVIC0Y2;FINANCIAL;-;-;-;-;-;-;-;-;-;5721,81;-;-;-;-;-;-;-
IDIV27P606900;BRBMEFVIC0Z9;FINANCIAL;-;-;-;-;-;-;-;-;-;5804,08;-;-;-;-;-;-;-
IDIV27P607000;BRBMEFVIVY59;FINANCIAL;-;-;-;-;-;-;-;-;-;5886,33;-;-;-;-;-;-;-
IDIV27P607100;BRBMEFVIVY67;FINANCIAL;-;-;-;-;-;-;-;-;-;5968,88;-;-;-;-;-;-;-
IDIV27P607200;BRBMEFVIVY75;FINANCIAL;-;-;-;-;-;-;-;-;-;6051,56;-;-;-;-;-;-;-
IDIV27P607300;BRBMEFVIVY83;FINANCIAL;-;-;-;-;-;-;-;-;-;6134,22;-;-;-;-;-;-;-
IDIV27P607400;BRBMEFVIVY91;FINANCIAL;-;-;-;-;-;-;-;-;-;6217,31;-;-;-;-;-;-;-
IDIV27P607500;BRBMEFVIVYA0;FINANCIAL;-;-;-;-;-;-;-;-;-;6300,38;-;-;-;-;-;-;-
IDIV27P607600;BRBMEFVIVYB8;FINANCIAL;-;-;-;-;-;-;-;-;-;6383,71;-;-;-;-;-;-;-
IDIV27P607700;BRBMEFVIVYC6;FINANCIAL;-;-;-;-;-;-;-;-;-;6467,17;-;-;-;-;-;-;-
IDIV27P607800;BRBMEFVIVYD4;FINANCIAL;-;-;-;-;-;-;-;-;-;6550,59;-;-;-;-;-;-;-
IDIV27P607900;BRBMEFVIVYE2;FINANCIAL;-;-;-;-;-;-;-;-;-;6634,27;-;-;-;-;-;-;-
IDIV27P608000;BRBMEFVIVYF9;FINANCIAL;-;-;-;-;-;-;-;-;-;6717,91;-;-;-;-;-;-;-
IDIV27P608100;BRBMEFVIVYG7;FINANCIAL;-;-;-;-;-;-;-;-;-;6801,65;-;-;-;-;-;-;-
IDIV27P608200;BRBMEFVIVYH5;FINANCIAL;-;-;-;-;-;-;-;-;-;6885,51;-;-;-;-;-;-;-
IDIV27P608300;BRBMEFVIVYI3;FINANCIAL;-;-;-;-;-;-;-;-;-;6969,32;-;-;-;-;-;-;-
IDIV27P608400;BRBMEFVIVYJ1;FINANCIAL;-;-;-;-;-;-;-;-;-;7053,23;-;-;-;-;-;-;-
IDIV27P608500;BRBMEFVIVYK9;FINANCIAL;-;-;-;-;-;-;-;-;-;7137,24;-;-;-;-;-;-;-
IDIV27P608600;BRBMEFVIVYL7;FINANCIAL;-;-;-;-;-;-;-;-;-;7221,2;-;-;-;-;-;-;-
IDIV27P608700;BRBMEFVIVYM5;FINANCIAL;-;-;-;-;-;-;-;-;-;7305,26;-;-;-;-;-;-;-
IDIV27P608800;BRBMEFVIVYN3;FINANCIAL;-;-;-;-;-;-;-;-;-;7389,42;-;-;-;-;-;-;-
IDIV27P608900;BRBMEFVIVYO1;FINANCIAL;-;-;-;-;-;-;-;-;-;7473,53;-;-;-;-;-;-;-
IDIV27P609000;BRBMEFVIVYP8;FINANCIAL;-;-;-;-;-;-;-;-;-;7557,86;-;-;-;-;-;-;-
IDIV27P609100;BRBMEFVIVYQ6;FINANCIAL;-;-;-;-;-;-;-;-;-;7642,29;-;-;-;-;-;-;-
IDIV27P609200;BRBMEFVIVYR4;FINANCIAL;-;-;-;-;-;-;-;-;-;7726,79;-;-;-;-;-;-;-
IDIV27P609300;BRBMEFVIVYS2;FINANCIAL;-;-;-;-;-;-;-;-;-;7811,25;-;-;-;-;-;-;-
IDIV27P609400;BRBMEFVIVYT0;FINANCIAL;-;-;-;-;-;-;-;-;-;7895,92;-;-;-;-;-;-;-
IDIV27P609500;BRBMEFVIVYU8;FINANCIAL;-;-;-;-;-;-;-;-;-;7980,68;-;-;-;-;-;-;-
IDIV27P609600;BRBMEFVIVYV6;FINANCIAL;-;-;-;-;-;-;-;-;-;8065,51;-;-;-;-;-;-;-
IDIV27P609700;BRBMEFVIVYW4;FINANCIAL;-;-;-;-;-;-;-;-;-;8150,28;-;-;-;-;-;-;-
IDIV27P609800;BRBMEFVIVYX2;FINANCIAL;-;-;-;-;-;-;-;-;-;8235,13;-;-;-;-;-;-;-
IDIV27P609900;BRBMEFVIVYY0;FINANCIAL;-;-;-;-;-;-;-;-;-;8320,05;-;-;-;-;-;-;-
IDIV27P610000;BRBMEFVIVYZ7;FINANCIAL;-;-;-;-;-;-;-;-;-;8405,05;-;-;-;-;-;-;-
IDIV27P610100;BRBMEFVIVZR1;FINANCIAL;-;-;-;-;-;-;-;-;-;8490,11;-;-;-;-;-;-;-
IDIV27P610200;BRBMEFVIVZS9;FINANCIAL;-;-;-;-;-;-;-;-;-;8575,12;-;-;-;-;-;-;-
IDIV27P610300;BRBMEFVIVZT7;FINANCIAL;-;-;-;-;-;-;-;-;-;8660,2;-;-;-;-;-;-;-
IDIV27P613100;BRBMEFVIVZ33;FINANCIAL;-;-;-;-;-;-;-;-;-;11061,84;-;-;-;-;-;-;-
IDIV27P613200;BRBMEFVIVZ41;FINANCIAL;-;-;-;-;-;-;-;-;-;11149,17;-;-;-;-;-;-;-
IDIV27P613300;BRBMEFVIVZ58;FINANCIAL;-;-;-;-;-;-;-;-;-;11237,4;-;-;-;-;-;-;-
IDIV27P613400;BRBMEFVIVZ66;FINANCIAL;-;-;-;-;-;-;-;-;-;11326,29;-;-;-;-;-;-;-
IDIV27P613500;BRBMEFVIVZ74;FINANCIAL;-;-;-;-;-;-;-;-;-;11415,52;-;-;-;-;-;-;-
IDIV27P613600;BRBMEFVIVZ82;FINANCIAL;-;-;-;-;-;-;-;-;-;11504,98;-;-;-;-;-;-;-
IDIV27P613700;BRBMEFVIVZ90;FINANCIAL;-;-;-;-;-;-;-;-;-;11594,34;-;-;-;-;-;-;-
IDIV27P613800;BRBMEFVIVZA7;FINANCIAL;-;-;-;-;-;-;-;-;-;11683,51;-;-;-;-;-;-;-
IDIV27P613900;BRBMEFVIVZB5;FINANCIAL;-;-;-;-;-;-;-;-;-;11772,06;-;-;-;-;-;-;-
IDIV27P614000;BRBMEFVIVZ17;FINANCIAL;-;-;-;-;-;-;-;-;-;11859,89;-;-;-;-;-;-;-
IDIV27P614100;BRBMEFVIVZC3;FINANCIAL;-;-;-;-;-;-;-;-;-;11946,8;-;-;-;-;-;-;-
IDIV27P614200;BRBMEFVIVZD1;FINANCIAL;-;-;-;-;-;-;-;-;-;12032,51;-;-;-;-;-;-;-
IDIV27P614300;BRBMEFVIVZE9;FINANCIAL;-;-;-;-;-;-;-;-;-;12116,81;-;-;-;-;-;-;-
IDIV27P614400;BRBMEFVIVZF6;FINANCIAL;-;-;-;-;-;-;-;-;-;12199,63;-;-;-;-;-;-;-
IDIV27P614500;BRBMEFVIVZG4;FINANCIAL;-;-;-;-;-;-;-;-;-;12280,61;-;-;-;-;-;-;-
IDIV27P614600;BRBMEFVIVZH2;FINANCIAL;-;-;-;-;-;-;-;-;-;12359,7;-;-;-;-;-;-;-
IDIV27P614700;BRBMEFVIVZI0;FINANCIAL;-;-;-;-;-;-;-;-;-;12436,28;-;-;-;-;-;-;-
IDIV27P614800;BRBMEFVIVZJ8;FINANCIAL;-;-;-;-;-;-;-;-;-;12502,97;-;-;-;-;-;-;-
IDIV27P614900;BRBMEFVIVZK6;FINANCIAL;-;-;-;-;-;-;-;-;-;12566,78;-;-;-;-;-;-;-
IDIV27P615000;BRBMEFVIVZL4;FINANCIAL;-;-;-;-;-;-;-;-;-;12639,16;-;-;-;-;-;-;-
IDIV27P615100;BRBMEFVIVZM2;FINANCIAL;-;-;-;-;-;-;-;-;-;12717,92;-;-;-;-;-;-;-
IDIV27P615200;BRBMEFVIVZN0;FINANCIAL;-;-;-;-;-;-;-;-;-;12799,46;-;-;-;-;-;-;-
IDIV27P615300;BRBMEFVIVZO8;FINANCIAL;-;-;-;-;-;-;-;-;-;12883,27;-;-;-;-;-;-;-
IDIV27P615400;BRBMEFVIVZP5;FINANCIAL;-;-;-;-;-;-;-;-;-;12968,64;-;-;-;-;-;-;-
IDIV27P615500;BRBMEFVIVZQ3;FINANCIAL;-;-;-;-;-;-;-;-;-;13055,21;-;-;-;-;-;-;-
IDIV27P620000;BRBMEFVIVZ25;FINANCIAL;-;-;-;-;-;-;-;-;-;16904,5;-;-;-;-;-;-;-
IDIX26C536100;BRBMEFCIX9C7;FINANCIAL;-;-;-;-;-;-;-;-;-;3377,69;-;-;-;-;-;-;-
IDIX26C536200;BRBMEFCIX9D5;FINANCIAL;-;-;-;-;-;-;-;-;-;3278,5;-;-;-;-;-;-;-
IDIX26C536300;BRBMEFCIX9E3;FINANCIAL;-;-;-;-;-;-;-;-;-;3179,31;-;-;-;-;-;-;-
IDIX26C536400;BRBMEFCIX9F0;FINANCIAL;-;-;-;-;-;-;-;-;-;3080,12;-;-;-;-;-;-;-
IDIX26C536500;BRBMEFCIX9G8;FINANCIAL;-;-;-;-;-;-;-;-;-;2980,93;-;-;-;-;-;-;-
IDIX26C536600;BRBMEFCIX9H6;FINANCIAL;-;-;-;-;-;-;-;-;-;2881,74;-;-;-;-;-;-;-
IDIX26C536700;BRBMEFCIX9I4;FINANCIAL;-;-;-;-;-;-;-;-;-;2782,54;-;-;-;-;-;-;-
IDIX26C536800;BRBMEFCIX9J2;FINANCIAL;-;-;-;-;-;-;-;-;-;2683,35;-;-;-;-;-;-;-
IDIX26C536900;BRBMEFCIX9K0;FINANCIAL;-;-;-;-;-;-;-;-;-;2584,16;-;-;-;-;-;-;-
IDIX26C537000;BRBMEFCIX9L8;FINANCIAL;-;-;-;-;-;-;-;-;-;2484,97;-;-;-;-;-;-;-
IDIX26C537100;BRBMEFCIX9M6;FINANCIAL;-;-;-;-;-;-;-;-;-;2385,78;-;-;-;-;-;-;-
IDIX26C537200;BRBMEFCIX9N4;FINANCIAL;-;-;-;-;-;-;-;-;-;2286,59;-;-;-;-;-;-;-
IDIX26C537300;BRBMEFCIX9O2;FINANCIAL;-;-;-;-;-;-;-;-;-;2187,4;-;-;-;-;-;-;-
IDIX26C537400;BRBMEFCIX9P9;FINANCIAL;-;-;-;-;-;-;-;-;-;2088,21;-;-;-;-;-;-;-
IDIX26C537500;BRBMEFCIX9Q7;FINANCIAL;-;-;-;-;-;-;-;-;-;1989,02;-;-;-;-;-;-;-
IDIX26C537600;BRBMEFCIX9R5;FINANCIAL;-;-;-;-;-;-;-;-;-;1889,83;-;-;-;-;-;-;-
IDIX26C537700;BRBMEFCIX9S3;FINANCIAL;-;-;-;-;-;-;-;-;-;1790,64;-;-;-;-;-;-;-
IDIX26C537800;BRBMEFCIX9T1;FINANCIAL;-;-;-;-;-;-;-;-;-;1691,45;-;-;-;-;-;-;-
IDIX26C537900;BRBMEFCIX9U9;FINANCIAL;-;-;-;-;-;-;-;-;-;1592,26;-;-;-;-;-;-;-
IDIX26C538000;BRBMEFCIX9V7;FINANCIAL;-;-;-;-;-;-;-;-;-;1493,07;-;-;-;-;-;-;-
IDIX26C538100;BRBMEFCIX9W5;FINANCIAL;-;-;-;-;-;-;-;-;-;1393,88;-;-;-;-;-;-;-
IDIX26C538200;BRBMEFCIX9X3;FINANCIAL;-;-;-;-;-;-;-;-;-;1294,69;-;-;-;-;-;-;-
IDIX26C538300;BRBMEFCIX9Y1;FINANCIAL;-;-;-;-;-;-;-;-;-;1195,5;-;-;-;-;-;-;-
IDIX26C538400;BRBMEFCIX9Z8;FINANCIAL;-;-;-;-;-;-;-;-;-;1096,3;-;-;-;-;-;-;-
IDIX26C538500;BRBMEFCIXA09;FINANCIAL;-;-;-;-;-;-;-;-;-;997,11;-;-;-;-;-;-;-
IDIX26C538600;BRBMEFCIXA17;FINANCIAL;-;-;-;-;-;-;-;-;-;897,92;-;-;-;-;-;-;-
IDIX26C538700;BRBMEFCIXA25;FINANCIAL;-;-;-;-;-;-;-;-;-;798,73;-;-;-;-;-;-;-
IDIX26C538800;BRBMEFCIXA33;FINANCIAL;-;-;-;-;-;-;-;-;-;699,54;-;-;-;-;-;-;-
IDIX26C538900;BRBMEFCIXA41;FINANCIAL;-;-;-;-;-;-;-;-;-;600,35;-;-;-;-;-;-;-
IDIX26C539000;BRBMEFCIXA58;FINANCIAL;-;-;-;-;-;-;-;-;-;501,16;-;-;-;-;-;-;-
IDIX26C539100;BRBMEFCIXA66;FINANCIAL;-;-;-;-;-;-;-;-;-;401,97;-;-;-;-;-;-;-
IDIX26C539200;BRBMEFCIXA74;FINANCIAL;-;-;-;-;-;-;-;-;-;302,78;-;-;-;-;-;-;-
IDIX26C539300;BRBMEFCIXA82;FINANCIAL;-;-;-;-;-;-;-;-;-;203,59;-;-;-;-;-;-;-
IDIX26C539400;BRBMEFCIXA90;FINANCIAL;-;-;-;-;-;-;-;-;-;104,4;-;-;-;-;-;-;-
IDIX26C539500;BRBMEFCIXAA6;FINANCIAL;-;-;-;-;-;-;-;-;-;5,69;-;-;-;-;-;-;-
IDIX26C539600;BRBMEFCIXAB4;FINANCIAL;-;-;-;-;-;-;-;-;-;0,01;-;-;-;-;-;-;-
IDIX26C539700;BRBMEFCIXAC2;FINANCIAL;-;-;-;-;-;-;-;-;-;0,01;-;-;-;-;-;-;-
IDIX26C539800;BRBMEFCIXAD0;FINANCIAL;-;-;-;-;-;-;-;-;-;0,01;-;-;-;-;-;-;-
IDIX26C539900;BRBMEFCIXAE8;FINANCIAL;-;-;-;-;-;-;-;-;-;0,01;-;-;-;-;-;-;-
IDIX26C540000;BRBMEFCIXAF5;FINANCIAL;-;-;-;-;-;-;-;-;-;0,01;-;-;-;-;-;-;-
IDIX26C540100;BRBMEFCIXAG3;FINANCIAL;-;-;-;-;-;-;-;-;-;0,01;-;-;-;-;-;-;-
IDIX26C540200;BRBMEFCIXAH1;FINANCIAL;-;-;-;-;-;-;-;-;-;0,01;-;-;-;-;-;-;-
IDIX26C540300;BRBMEFCIXAI9;FINANCIAL;-;-;-;-;-;-;-;-;-;0,01;-;-;-;-;-;-;-
IDIX26C540400;BRBMEFCIXAJ7;FINANCIAL;-;-;-;-;-;-;-;-;-;0,01;-;-;-;-;-;-;-
IDIX26C540500;BRBMEFCIXAK5;FINANCIAL;-;-;-;-;-;-;-;-;-;0,01;-;-;-;-;-;-;-
IDIX26C540600;BRBMEFCIXAL3;FINANCIAL;-;-;-;-;-;-;-;-;-;0,01;-;-;-;-;-;-;-
IDIX26C540700;BRBMEFCIXAM1;FINANCIAL;-;-;-;-;-;-;-;-;-;0,01;-;-;-;-;-;-;-
IDIX26C540800;BRBMEFCIXAN9;FINANCIAL;-;-;-;-;-;-;-;-;-;0,01;-;-;-;-;-;-;-
IDIX26C540900;BRBMEFCIXAO7;FINANCIAL;-;-;-;-;-;-;-;-;-;0,01;-;-;-;-;-;-;-
IDIX26C541000;BRBMEFCIXAP4;FINANCIAL;-;-;-;-;-;-;-;-;-;0,01;-;-;-;-;-;-;-
IDIX26C541100;BRBMEFCIXAQ2;FINANCIAL;-;-;-;-;-;-;-;-;-;0,01;-;-;-;-;-;-;-
IDIX26C541200;BRBMEFCIXAR0;FINANCIAL;-;-;-;-;-;-;-;-;-;0,01;-;-;-;-;-;-;-
IDIX26C541300;BRBMEFCIXAS8;FINANCIAL;-;-;-;-;-;-;-;-;-;0,01;-;-;-;-;-;-;-
IDIX26C541400;BRBMEFCIXAT6;FINANCIAL;-;-;-;-;-;-;-;-;-;0,01;-;-;-;-;-;-;-
IDIX26C541500;BRBMEFCIXAU4;FINANCIAL;-;-;-;-;-;-;-;-;-;0,01;-;-;-;-;-;-;-
IDIX26C541600;BRBMEFCIXAV2;FINANCIAL;-;-;-;-;-;-;-;-;-;0,01;-;-;-;-;-;-;-
IDIX26C541700;BRBMEFCIXAW0;FINANCIAL;-;-;-;-;-;-;-;-;-;0,01;-;-;-;-;-;-;-
IDIX26C541800;BRBMEFCIXAX8;FINANCIAL;-;-;-;-;-;-;-;-;-;0,01;-;-;-;-;-;-;-
IDIX26C541900;BRBMEFCIXAY6;FINANCIAL;-;-;-;-;-;-;-;-;-;0,01;-;-;-;-;-;-;-
IDIX26C542000;BRBMEFCIXAZ3;FINANCIAL;-;-;-;-;-;-;-;-;-;0,01;-;-;-;-;-;-;-
IDIX26C542100;BRBMEFCIXB08;FINANCIAL;-;-;-;-;-;-;-;-;-;0,01;-;-;-;-;-;-;-
IDIX26C542200;BRBMEFCIXB16;FINANCIAL;-;-;-;-;-;-;-;-;-;0,01;-;-;-;-;-;-;-
IDIX26C542300;BRBMEFCIXB24;FINANCIAL;-;-;-;-;-;-;-;-;-;0,01;-;-;-;-;-;-;-
IDIX26C900000;BRBMEFCIXB32;FINANCIAL;-;-;-;-;-;-;-;-;-;0,01;-;-;-;-;-;-;-
IDIX26P536100;BRBMEFVIX9F7;FINANCIAL;-;-;-;-;-;-;-;-;-;0,01;-;-;-;-;-;-;-
IDIX26P536200;BRBMEFVIX9G5;FINANCIAL;-;-;-;-;-;-;-;-;-;0,01;-;-;-;-;-;-;-
IDIX26P536300;BRBMEFVIX9H3;FINANCIAL;-;-;-;-;-;-;-;-;-;0,01;-;-;-;-;-;-;-
IDIX26P536400;BRBMEFVIX9I1;FINANCIAL;-;-;-;-;-;-;-;-;-;0,01;-;-;-;-;-;-;-
IDIX26P536500;BRBMEFVIX9J9;FINANCIAL;-;-;-;-;-;-;-;-;-;0,01;-;-;-;-;-;-;-
IDIX26P536600;BRBMEFVIX9K7;FINANCIAL;-;-;-;-;-;-;-;-;-;0,01;-;-;-;-;-;-;-
IDIX26P536700;BRBMEFVIX9L5;FINANCIAL;-;-;-;-;-;-;-;-;-;0,01;-;-;-;-;-;-;-
IDIX26P536800;BRBMEFVIX9M3;FINANCIAL;-;-;-;-;-;-;-;-;-;0,01;-;-;-;-;-;-;-
IDIX26P536900;BRBMEFVIX9N1;FINANCIAL;-;-;-;-;-;-;-;-;-;0,01;-;-;-;-;-;-;-
IDIX26P537000;BRBMEFVIX9O9;FINANCIAL;-;-;-;-;-;-;-;-;-;0,01;-;-;-;-;-;-;-
IDIX26P537100;BRBMEFVIX9P6;FINANCIAL;-;-;-;-;-;-;-;-;-;0,01;-;-;-;-;-;-;-
IDIX26P537200;BRBMEFVIX9Q4;FINANCIAL;-;-;-;-;-;-;-;-;-;0,01;-;-;-;-;-;-;-
IDIX26P537300;BRBMEFVIX9R2;FINANCIAL;-;-;-;-;-;-;-;-;-;0,01;-;-;-;-;-;-;-
IDIX26P537400;BRBMEFVIX9S0;FINANCIAL;-;-;-;-;-;-;-;-;-;0,01;-;-;-;-;-;-;-
IDIX26P537500;BRBMEFVIX9T8;FINANCIAL;-;-;-;-;-;-;-;-;-;0,01;-;-;-;-;-;-;-
IDIX26P537600;BRBMEFVIX9U6;FINANCIAL;-;-;-;-;-;-;-;-;-;0,01;-;-;-;-;-;-;-
IDIX26P537700;BRBMEFVIX9V4;FINANCIAL;-;-;-;-;-;-;-;-;-;0,01;-;-;-;-;-;-;-
IDIX26P537800;BRBMEFVIX9W2;FINANCIAL;-;-;-;-;-;-;-;-;-;0,01;-;-;-;-;-;-;-
IDIX26P537900;BRBMEFVIX9X0;FINANCIAL;-;-;-;-;-;-;-;-;-;0,01;-;-;-;-;-;-;-
IDIX26P538000;BRBMEFVIX9Y8;FINANCIAL;-;-;-;-;-;-;-;-;-;0,01;-;-;-;-;-;-;-
IDIX26P538100;BRBMEFVIX9Z5;FINANCIAL;-;-;-;-;-;-;-;-;-;0,01;-;-;-;-;-;-;-
IDIX26P538200;BRBMEFVIXA06;FINANCIAL;-;-;-;-;-;-;-;-;-;0,01;-;-;-;-;-;-;-
IDIX26P538300;BRBMEFVIXA14;FINANCIAL;-;-;-;-;-;-;-;-;-;0,01;-;-;-;-;-;-;-
IDIX26P538400;BRBMEFVIXA22;FINANCIAL;-;-;-;-;-;-;-;-;-;0,01;-;-;-;-;-;-;-
IDIX26P538500;BRBMEFVIXA30;FINANCIAL;-;-;-;-;-;-;-;-;-;0,01;-;-;-;-;-;-;-
IDIX26P538600;BRBMEFVIXA48;FINANCIAL;-;-;-;-;-;-;-;-;-;0,01;-;-;-;-;-;-;-
IDIX26P538700;BRBMEFVIXA55;FINANCIAL;-;-;-;-;-;-;-;-;-;0,01;-;-;-;-;-;-;-
IDIX26P538800;BRBMEFVIXA63;FINANCIAL;-;-;-;-;-;-;-;-;-;0,01;-;-;-;-;-;-;-
IDIX26P538900;BRBMEFVIXA71;FINANCIAL;-;-;-;-;-;-;-;-;-;0,01;-;-;-;-;-;-;-
IDIX26P539000;BRBMEFVIXA89;FINANCIAL;-;-;-;-;-;-;-;-;-;0,01;-;-;-;-;-;-;-
IDIX26P539100;BRBMEFVIXA97;FINANCIAL;-;-;-;-;-;-;-;-;-;0,01;-;-;-;-;-;-;-
IDIX26P539200;BRBMEFVIXAA6;FINANCIAL;-;-;-;-;-;-;-;-;-;0,01;-;-;-;-;-;-;-
IDIX26P539300;BRBMEFVIXAB4;FINANCIAL;-;-;-;-;-;-;-;-;-;0,01;-;-;-;-;-;-;-
IDIX26P539400;BRBMEFVIXAC2;FINANCIAL;-;-;-;-;-;-;-;-;-;0,01;-;-;-;-;-;-;-
IDIX26P539500;BRBMEFVIXAD0;FINANCIAL;-;-;-;-;-;-;-;-;-;0,48;-;-;-;-;-;-;-
IDIX26P539600;BRBMEFVIXAE8;FINANCIAL;-;-;-;-;-;-;-;-;-;93,98;-;-;-;-;-;-;-
IDIX26P539700;BRBMEFVIXAF5;FINANCIAL;-;-;-;-;-;-;-;-;-;193,17;-;-;-;-;-;-;-
IDIX26P539800;BRBMEFVIXAG3;FINANCIAL;-;-;-;-;-;-;-;-;-;292,36;-;-;-;-;-;-;-
IDIX26P539900;BRBMEFVIXAH1;FINANCIAL;-;-;-;-;-;-;-;-;-;391,55;-;-;-;-;-;-;-
IDIX26P540000;BRBMEFVIXAI9;FINANCIAL;-;-;-;-;-;-;-;-;-;490,74;-;-;-;-;-;-;-
IDIX26P540100;BRBMEFVIXAJ7;FINANCIAL;-;-;-;-;-;-;-;-;-;589,93;-;-;-;-;-;-;-
IDIX26P540200;BRBMEFVIXAK5;FINANCIAL;-;-;-;-;-;-;-;-;-;689,13;-;-;-;-;-;-;-
IDIX26P540300;BRBMEFVIXAL3;FINANCIAL;-;-;-;-;-;-;-;-;-;788,32;-;-;-;-;-;-;-
IDIX26P540400;BRBMEFVIXAM1;FINANCIAL;-;-;-;-;-;-;-;-;-;887,51;-;-;-;-;-;-;-
IDIX26P540500;BRBMEFVIXAN9;FINANCIAL;-;-;-;-;-;-;-;-;-;986,7;-;-;-;-;-;-;-
IDIX26P540600;BRBMEFVIXAO7;FINANCIAL;-;-;-;-;-;-;-;-;-;1085,89;-;-;-;-;-;-;-
IDIX26P540700;BRBMEFVIXAP4;FINANCIAL;-;-;-;-;-;-;-;-;-;1185,08;-;-;-;-;-;-;-
IDIX26P540800;BRBMEFVIXAQ2;FINANCIAL;-;-;-;-;-;-;-;-;-;1284,27;-;-;-;-;-;-;-
IDIX26P540900;BRBMEFVIXAR0;FINANCIAL;-;-;-;-;-;-;-;-;-;1383,46;-;-;-;-;-;-;-
IDIX26P541000;BRBMEFVIXAS8;FINANCIAL;-;-;-;-;-;-;-;-;-;1482,65;-;-;-;-;-;-;-
IDIX26P541100;BRBMEFVIXAT6;FINANCIAL;-;-;-;-;-;-;-;-;-;1581,84;-;-;-;-;-;-;-
IDIX26P541200;BRBMEFVIXAU4;FINANCIAL;-;-;-;-;-;-;-;-;-;1681,03;-;-;-;-;-;-;-
IDIX26P541300;BRBMEFVIXAV2;FINANCIAL;-;-;-;-;-;-;-;-;-;1780,22;-;-;-;-;-;-;-
IDIX26P541400;BRBMEFVIXAW0;FINANCIAL;-;-;-;-;-;-;-;-;-;1879,41;-;-;-;-;-;-;-
IDIX26P541500;BRBMEFVIXAX8;FINANCIAL;-;-;-;-;-;-;-;-;-;1978,6;-;-;-;-;-;-;-
IDIX26P541600;BRBMEFVIXAY6;FINANCIAL;-;-;-;-;-;-;-;-;-;2077,79;-;-;-;-;-;-;-
IDIX26P541700;BRBMEFVIXAZ3;FINANCIAL;-;-;-;-;-;-;-;-;-;2176,98;-;-;-;-;-;-;-
IDIX26P541800;BRBMEFVIXB05;FINANCIAL;-;-;-;-;-;-;-;-;-;2276,17;-;-;-;-;-;-;-
IDIX26P541900;BRBMEFVIXB13;FINANCIAL;-;-;-;-;-;-;-;-;-;2375,36;-;-;-;-;-;-;-
IDIX26P542000;BRBMEFVIXB21;FINANCIAL;-;-;-;-;-;-;-;-;-;2474,56;-;-;-;-;-;-;-
IDIX26P542100;BRBMEFVIXB39;FINANCIAL;-;-;-;-;-;-;-;-;-;2573,75;-;-;-;-;-;-;-
IDIX26P542200;BRBMEFVIXB47;FINANCIAL;-;-;-;-;-;-;-;-;-;2672,94;-;-;-;-;-;-;-
IDIX26P542300;BRBMEFVIXB54;FINANCIAL;-;-;-;-;-;-;-;-;-;2772,13;-;-;-;-;-;-;-
IDIX26P900000;BRBMEFVIXB62;FINANCIAL;-;-;-;-;-;-;-;-;-;357576,75;-;-;-;-;-;-;-
IDIX27C611300;BRBMEFCIXB40;FINANCIAL;-;-;-;-;-;-;-;-;-;1032,79;-;-;-;-;-;-;-
IDIX27C611400;BRBMEFCIXB57;FINANCIAL;-;-;-;-;-;-;-;-;-;1021,55;-;-;-;-;-;-;-
IDIX27C611500;BRBMEFCIXB65;FINANCIAL;-;-;-;-;-;-;-;-;-;1010,69;-;-;-;-;-;-;-
IDIX27C611600;BRBMEFCIXB73;FINANCIAL;-;-;-;-;-;-;-;-;-;1000,21;-;-;-;-;-;-;-
IDIX27C611700;BRBMEFCIXB81;FINANCIAL;-;-;-;-;-;-;-;-;-;990,11;-;-;-;-;-;-;-
IDIX27C611800;BRBMEFCIXB99;FINANCIAL;-;-;-;-;-;-;-;-;-;980,2;-;-;-;-;-;-;-
IDIX27C611900;BRBMEFCIXBA4;FINANCIAL;-;-;-;-;-;-;-;-;-;970,65;-;-;-;-;-;-;-
IDIX27C612000;BRBMEFCIXBB2;FINANCIAL;-;-;-;-;-;-;-;-;-;961,1;-;-;-;-;-;-;-
IDIX27C612100;BRBMEFCIXBC0;FINANCIAL;-;-;-;-;-;-;-;-;-;951,9;-;-;-;-;-;-;-
IDIX27C612200;BRBMEFCIXBD8;FINANCIAL;-;-;-;-;-;-;-;-;-;943,05;-;-;-;-;-;-;-
IDIX27C612300;BRBMEFCIXBE6;FINANCIAL;-;-;-;-;-;-;-;-;-;934,19;-;-;-;-;-;-;-
IDIX27C612400;BRBMEFCIXBF3;FINANCIAL;-;-;-;-;-;-;-;-;-;925,66;-;-;-;-;-;-;-
IDIX27C612500;BRBMEFCIXBG1;FINANCIAL;-;-;-;-;-;-;-;-;-;917,29;-;-;-;-;-;-;-
IDIX27C612600;BRBMEFCIXBH9;FINANCIAL;-;-;-;-;-;-;-;-;-;909,07;-;-;-;-;-;-;-
IDIX27C612700;BRBMEFCIXBI7;FINANCIAL;-;-;-;-;-;-;-;-;-;901,01;-;-;-;-;-;-;-
IDIX27C612800;BRBMEFCIXBJ5;FINANCIAL;-;-;-;-;-;-;-;-;-;893,25;-;-;-;-;-;-;-
IDIX27C612900;BRBMEFCIXBK3;FINANCIAL;-;-;-;-;-;-;-;-;-;885,64;-;-;-;-;-;-;-
IDIX27C613000;BRBMEFCIXBL1;FINANCIAL;-;-;-;-;-;-;-;-;-;878,16;-;-;-;-;-;-;-
IDIX27C613100;BRBMEFCIXBM9;FINANCIAL;-;-;-;-;-;-;-;-;-;870,99;-;-;-;-;-;-;-
IDIX27C613200;BRBMEFCIXBN7;FINANCIAL;-;-;-;-;-;-;-;-;-;863,94;-;-;-;-;-;-;-
IDIX27C613300;BRBMEFCIXBO5;FINANCIAL;-;-;-;-;-;-;-;-;-;856,86;-;-;-;-;-;-;-
IDIX27C613400;BRBMEFCIXBP2;FINANCIAL;-;-;-;-;-;-;-;-;-;850,06;-;-;-;-;-;-;-
IDIX27C613500;BRBMEFCIXBQ0;FINANCIAL;-;-;-;-;-;-;-;-;-;843,23;-;-;-;-;-;-;-
IDIX27C613600;BRBMEFCIXBR8;FINANCIAL;-;-;-;-;-;-;-;-;-;836,67;-;-;-;-;-;-;-
IDIX27C613700;BRBMEFCIXBS6;FINANCIAL;-;-;-;-;-;-;-;-;-;830,08;-;-;-;-;-;-;-
IDIX27C613800;BRBMEFCIXBT4;FINANCIAL;-;-;-;-;-;-;-;-;-;823,76;-;-;-;-;-;-;-
IDIX27C613900;BRBMEFCIXBU2;FINANCIAL;-;-;-;-;-;-;-;-;-;817,7;-;-;-;-;-;-;-
IDIX27C614000;BRBMEFCIXBV0;FINANCIAL;-;-;-;-;-;-;-;-;-;811,74;-;-;-;-;-;-;-
IDIX27C614100;BRBMEFCIXBW8;FINANCIAL;-;-;-;-;-;-;-;-;-;805,9;-;-;-;-;-;-;-
IDIX27C614200;BRBMEFCIXBX6;FINANCIAL;-;-;-;-;-;-;-;-;-;800,15;-;-;-;-;-;-;-
IDIX27C614300;BRBMEFCIXBY4;FINANCIAL;-;-;-;-;-;-;-;-;-;794,35;-;-;-;-;-;-;-
IDIX27C614400;BRBMEFCIXBZ1;FINANCIAL;-;-;-;-;-;-;-;-;-;788,66;-;-;-;-;-;-;-
IDIX27C614500;BRBMEFCIXC07;FINANCIAL;-;-;-;-;-;-;-;-;-;783,06;-;-;-;-;-;-;-
IDIX27C614600;BRBMEFCIXC15;FINANCIAL;-;-;-;-;-;-;-;-;-;777,41;-;-;-;-;-;-;-
IDIX27C614700;BRBMEFCIXC23;FINANCIAL;-;-;-;-;-;-;-;-;-;771,85;-;-;-;-;-;-;-
IDIX27C614800;BRBMEFCIXC31;FINANCIAL;-;-;-;-;-;-;-;-;-;766,39;-;-;-;-;-;-;-
IDIX27C614900;BRBMEFCIXC49;FINANCIAL;-;-;-;-;-;-;-;-;-;760,88;-;-;-;-;-;-;-
IDIX27P611300;BRBMEFVIXB70;FINANCIAL;-;-;-;-;-;-;-;-;-;5133,86;-;-;-;-;-;-;-
IDIX27P611400;BRBMEFVIXB88;FINANCIAL;-;-;-;-;-;-;-;-;-;5210,83;-;-;-;-;-;-;-
IDIX27P611500;BRBMEFVIXB96;FINANCIAL;-;-;-;-;-;-;-;-;-;5288,18;-;-;-;-;-;-;-
IDIX27P611600;BRBMEFVIXBA4;FINANCIAL;-;-;-;-;-;-;-;-;-;5365,92;-;-;-;-;-;-;-
IDIX27P611700;BRBMEFVIXBB2;FINANCIAL;-;-;-;-;-;-;-;-;-;5444,03;-;-;-;-;-;-;-
IDIX27P611800;BRBMEFVIXBC0;FINANCIAL;-;-;-;-;-;-;-;-;-;5522,33;-;-;-;-;-;-;-
IDIX27P611900;BRBMEFVIXBD8;FINANCIAL;-;-;-;-;-;-;-;-;-;5600,99;-;-;-;-;-;-;-
IDIX27P612000;BRBMEFVIXBE6;FINANCIAL;-;-;-;-;-;-;-;-;-;5679,65;-;-;-;-;-;-;-
IDIX27P612100;BRBMEFVIXBF3;FINANCIAL;-;-;-;-;-;-;-;-;-;5758,67;-;-;-;-;-;-;-
IDIX27P612200;BRBMEFVIXBG1;FINANCIAL;-;-;-;-;-;-;-;-;-;5838,02;-;-;-;-;-;-;-
IDIX27P612300;BRBMEFVIXBH9;FINANCIAL;-;-;-;-;-;-;-;-;-;5917,37;-;-;-;-;-;-;-
IDIX27P612400;BRBMEFVIXBI7;FINANCIAL;-;-;-;-;-;-;-;-;-;5997,06;-;-;-;-;-;-;-
IDIX27P612500;BRBMEFVIXBJ5;FINANCIAL;-;-;-;-;-;-;-;-;-;6076,9;-;-;-;-;-;-;-
IDIX27P612600;BRBMEFVIXBK3;FINANCIAL;-;-;-;-;-;-;-;-;-;6156,9;-;-;-;-;-;-;-
IDIX27P612700;BRBMEFVIXBL1;FINANCIAL;-;-;-;-;-;-;-;-;-;6237,04;-;-;-;-;-;-;-
IDIX27P612800;BRBMEFVIXBM9;FINANCIAL;-;-;-;-;-;-;-;-;-;6317,5;-;-;-;-;-;-;-
IDIX27P612900;BRBMEFVIXBN7;FINANCIAL;-;-;-;-;-;-;-;-;-;6398,1;-;-;-;-;-;-;-
IDIX27P613000;BRBMEFVIXBO5;FINANCIAL;-;-;-;-;-;-;-;-;-;6478,83;-;-;-;-;-;-;-
IDIX27P613100;BRBMEFVIXBP2;FINANCIAL;-;-;-;-;-;-;-;-;-;6559,87;-;-;-;-;-;-;-
IDIX27P613200;BRBMEFVIXBQ0;FINANCIAL;-;-;-;-;-;-;-;-;-;6641,03;-;-;-;-;-;-;-
IDIX27P613300;BRBMEFVIXBR8;FINANCIAL;-;-;-;-;-;-;-;-;-;6722,16;-;-;-;-;-;-;-
IDIX27P613400;BRBMEFVIXBS6;FINANCIAL;-;-;-;-;-;-;-;-;-;6803,58;-;-;-;-;-;-;-
IDIX27P613500;BRBMEFVIXBT4;FINANCIAL;-;-;-;-;-;-;-;-;-;6884,96;-;-;-;-;-;-;-
IDIX27P613600;BRBMEFVIXBU2;FINANCIAL;-;-;-;-;-;-;-;-;-;6966,62;-;-;-;-;-;-;-
IDIX27P613700;BRBMEFVIXBV0;FINANCIAL;-;-;-;-;-;-;-;-;-;7048,23;-;-;-;-;-;-;-
IDIX27P613800;BRBMEFVIXBW8;FINANCIAL;-;-;-;-;-;-;-;-;-;7130,12;-;-;-;-;-;-;-
IDIX27P613900;BRBMEFVIXBX6;FINANCIAL;-;-;-;-;-;-;-;-;-;7212,27;-;-;-;-;-;-;-
IDIX27P614000;BRBMEFVIXBY4;FINANCIAL;-;-;-;-;-;-;-;-;-;7294,53;-;-;-;-;-;-;-
IDIX27P614100;BRBMEFVIXBZ1;FINANCIAL;-;-;-;-;-;-;-;-;-;7376,9;-;-;-;-;-;-;-
IDIX27P614200;BRBMEFVIXC04;FINANCIAL;-;-;-;-;-;-;-;-;-;7459,36;-;-;-;-;-;-;-
IDIX27P614300;BRBMEFVIXC12;FINANCIAL;-;-;-;-;-;-;-;-;-;7541,78;-;-;-;-;-;-;-
IDIX27P614400;BRBMEFVIXC20;FINANCIAL;-;-;-;-;-;-;-;-;-;7624,29;-;-;-;-;-;-;-
IDIX27P614500;BRBMEFVIXC38;FINANCIAL;-;-;-;-;-;-;-;-;-;7706,91;-;-;-;-;-;-;-
IDIX27P614600;BRBMEFVIXC46;FINANCIAL;-;-;-;-;-;-;-;-;-;7789,47;-;-;-;-;-;-;-
IDIX27P614700;BRBMEFVIXC53;FINANCIAL;-;-;-;-;-;-;-;-;-;7872,13;-;-;-;-;-;-;-
IDIX27P614800;BRBMEFVIXC61;FINANCIAL;-;-;-;-;-;-;-;-;-;7954,88;-;-;-;-;-;-;-
IDIX27P614900;BRBMEFVIXC79;FINANCIAL;-;-;-;-;-;-;-;-;-;8037,57;-;-;-;-;-;-;-
IDIZ26C541000;BRBMEFCIZ8U9;FINANCIAL;-;-;-;-;-;-;-;-;-;3593,52;-;-;-;-;-;-;-
IDIZ26C541100;BRBMEFCIZ8V7;FINANCIAL;-;-;-;-;-;-;-;-;-;3495,27;-;-;-;-;-;-;-
IDIZ26C541200;BRBMEFCIZ8W5;FINANCIAL;-;-;-;-;-;-;-;-;-;3397,02;-;-;-;-;-;-;-
IDIZ26C541300;BRBMEFCIZ8X3;FINANCIAL;-;-;-;-;-;-;-;-;-;3298,77;-;-;-;-;-;-;-
IDIZ26C541400;BRBMEFCIZ8Y1;FINANCIAL;-;-;-;-;-;-;-;-;-;3200,51;-;-;-;-;-;-;-
IDIZ26C541500;BRBMEFCIZ8Z8;FINANCIAL;-;-;-;-;-;-;-;-;-;3102,26;-;-;-;-;-;-;-
IDIZ26C541600;BRBMEFCIZ904;FINANCIAL;-;-;-;-;-;-;-;-;-;3004,01;-;-;-;-;-;-;-
IDIZ26C541700;BRBMEFCIZ912;FINANCIAL;-;-;-;-;-;-;-;-;-;2905,76;-;-;-;-;-;-;-
IDIZ26C541800;BRBMEFCIZ920;FINANCIAL;-;-;-;-;-;-;-;-;-;2807,51;-;-;-;-;-;-;-
IDIZ26C541900;BRBMEFCIZ938;FINANCIAL;-;-;-;-;-;-;-;-;-;2709,25;-;-;-;-;-;-;-
IDIZ26C542000;BRBMEFCIZ946;FINANCIAL;-;-;-;-;-;-;-;-;-;2611;-;-;-;-;-;-;-
IDIZ26C542100;BRBMEFCIZ953;FINANCIAL;-;-;-;-;-;-;-;-;-;2512,75;-;-;-;-;-;-;-
IDIZ26C542200;BRBMEFCIZ961;FINANCIAL;-;-;-;-;-;-;-;-;-;2414,5;-;-;-;-;-;-;-
IDIZ26C542300;BRBMEFCIZ979;FINANCIAL;-;-;-;-;-;-;-;-;-;2316,24;-;-;-;-;-;-;-
IDIZ26C542400;BRBMEFCIZ987;FINANCIAL;-;-;-;-;-;-;-;-;-;2217,99;-;-;-;-;-;-;-
IDIZ26C542500;BRBMEFCIZ995;FINANCIAL;-;-;-;-;-;-;-;-;-;2119,74;-;-;-;-;-;-;-
IDIZ26C542600;BRBMEFCIZ9A9;FINANCIAL;-;-;-;-;-;-;-;-;-;2021,49;-;-;-;-;-;-;-
IDIZ26C542700;BRBMEFCIZ9B7;FINANCIAL;-;-;-;-;-;-;-;-;-;1923,23;-;-;-;-;-;-;-
IDIZ26C542800;BRBMEFCIZ9C5;FINANCIAL;-;-;-;-;-;-;-;-;-;1824,98;-;-;-;-;-;-;-
IDIZ26C542900;BRBMEFCIZ9D3;FINANCIAL;-;-;-;-;-;-;-;-;-;1726,73;-;-;-;-;-;-;-
IDIZ26C543000;BRBMEFCIZ9E1;FINANCIAL;-;-;-;-;-;-;-;-;-;1628,48;-;-;-;-;-;-;-
IDIZ26C543100;BRBMEFCIZ9F8;FINANCIAL;-;-;-;-;-;-;-;-;-;1530,23;-;-;-;-;-;-;-
IDIZ26C543200;BRBMEFCIZ9G6;FINANCIAL;-;-;-;-;-;-;-;-;-;1431,97;-;-;-;-;-;-;-
IDIZ26C543300;BRBMEFCIZ9H4;FINANCIAL;-;-;-;-;-;-;-;-;-;1333,72;-;-;-;-;-;-;-
IDIZ26C543400;BRBMEFCIZ9I2;FINANCIAL;-;-;-;-;-;-;-;-;-;1235,47;-;-;-;-;-;-;-
IDIZ26C543500;BRBMEFCIZ9J0;FINANCIAL;-;-;-;-;-;-;-;-;-;1137,22;-;-;-;-;-;-;-
IDIZ26C543600;BRBMEFCIZ9K8;FINANCIAL;-;-;-;-;-;-;-;-;-;1038,96;-;-;-;-;-;-;-
IDIZ26C543700;BRBMEFCIZ9L6;FINANCIAL;-;-;-;-;-;-;-;-;-;940,71;-;-;-;-;-;-;-
IDIZ26C543800;BRBMEFCIZ9M4;FINANCIAL;-;-;-;-;-;-;-;-;-;842,46;-;-;-;-;-;-;-
IDIZ26C543900;BRBMEFCIZ9N2;FINANCIAL;-;-;-;-;-;-;-;-;-;744,21;-;-;-;-;-;-;-
IDIZ26C544000;BRBMEFCIZ9O0;FINANCIAL;-;-;-;-;-;-;-;-;-;645,96;-;-;-;-;-;-;-
IDIZ26C544100;BRBMEFCIZ9P7;FINANCIAL;-;-;-;-;-;-;-;-;-;547,7;-;-;-;-;-;-;-
IDIZ26C544200;BRBMEFCIZ9Q5;FINANCIAL;-;-;-;-;-;-;-;-;-;449,45;-;-;-;-;-;-;-
IDIZ26C544300;BRBMEFCIZ9R3;FINANCIAL;-;-;-;-;-;-;-;-;-;351,2;-;-;-;-;-;-;-
IDIZ26C544400;BRBMEFCIZ9S1;FINANCIAL;-;-;-;-;-;-;-;-;-;252,95;-;-;-;-;-;-;-
IDIZ26C544500;BRBMEFCIZ9T9;FINANCIAL;-;-;-;-;-;-;-;-;-;154,69;-;-;-;-;-;-;-
IDIZ26C544600;BRBMEFCIZ9U7;FINANCIAL;-;-;-;-;-;-;-;-;-;58,86;-;-;-;-;-;-;-
IDIZ26C544700;BRBMEFCIZ9V5;FINANCIAL;-;-;-;-;-;-;-;-;-;12,46;-;-;-;-;-;-;-
IDIZ26C544800;BRBMEFCIZ9W3;FINANCIAL;-;-;-;-;-;-;-;-;-;1,17;-;-;-;-;-;-;-
IDIZ26C544900;BRBMEFCIZ9X1;FINANCIAL;-;-;-;-;-;-;-;-;-;0,81;-;-;-;-;-;-;-
IDIZ26C545000;BRBMEFCIZ9Y9;FINANCIAL;-;-;-;-;-;-;-;-;-;0,76;-;-;-;-;-;-;-
IDIZ26C545100;BRBMEFCIZ9Z6;FINANCIAL;-;-;-;-;-;-;-;-;-;0,75;-;-;-;-;-;-;-
IDIZ26C545200;BRBMEFCIZA07;FINANCIAL;-;-;-;-;-;-;-;-;-;0,68;-;-;-;-;-;-;-
IDIZ26C545300;BRBMEFCIZA15;FINANCIAL;-;-;-;-;-;-;-;-;-;0,17;-;-;-;-;-;-;-
IDIZ26C545400;BRBMEFCIZA23;FINANCIAL;-;-;-;-;-;-;-;-;-;0,04;-;-;-;-;-;-;-
IDIZ26C545500;BRBMEFCIZA31;FINANCIAL;-;-;-;-;-;-;-;-;-;0,01;-;-;-;-;-;-;-
IDIZ26C545600;BRBMEFCIZA49;FINANCIAL;-;-;-;-;-;-;-;-;-;0,01;-;-;-;-;-;-;-
IDIZ26C545700;BRBMEFCIZA56;FINANCIAL;-;-;-;-;-;-;-;-;-;0,01;-;-;-;-;-;-;-
IDIZ26C545800;BRBMEFCIZA64;FINANCIAL;-;-;-;-;-;-;-;-;-;0,01;-;-;-;-;-;-;-
IDIZ26C545900;BRBMEFCIZA72;FINANCIAL;-;-;-;-;-;-;-;-;-;0,01;-;-;-;-;-;-;-
IDIZ26C546000;BRBMEFCIZA80;FINANCIAL;-;-;-;-;-;-;-;-;-;0,01;-;-;-;-;-;-;-
IDIZ26C546100;BRBMEFCIZA98;FINANCIAL;-;-;-;-;-;-;-;-;-;0,01;-;-;-;-;-;-;-
IDIZ26C546200;BRBMEFCIZAA1;FINANCIAL;-;-;-;-;-;-;-;-;-;0,01;-;-;-;-;-;-;-
IDIZ26C546300;BRBMEFCIZAB9;FINANCIAL;-;-;-;-;-;-;-;-;-;0,01;-;-;-;-;-;-;-
IDIZ26C546400;BRBMEFCIZAC7;FINANCIAL;-;-;-;-;-;-;-;-;-;0,01;-;-;-;-;-;-;-
IDIZ26C546500;BRBMEFCIZAD5;FINANCIAL;-;-;-;-;-;-;-;-;-;0,01;-;-;-;-;-;-;-
IDIZ26C546600;BRBMEFCIZAE3;FINANCIAL;-;-;-;-;-;-;-;-;-;0,01;-;-;-;-;-;-;-
IDIZ26C546700;BRBMEFCIZAF0;FINANCIAL;-;-;-;-;-;-;-;-;-;0,01;-;-;-;-;-;-;-
IDIZ26C546800;BRBMEFCIZAG8;FINANCIAL;-;-;-;-;-;-;-;-;-;0,01;-;-;-;-;-;-;-
IDIZ26C546900;BRBMEFCIZAH6;FINANCIAL;-;-;-;-;-;-;-;-;-;0,01;-;-;-;-;-;-;-
IDIZ26C547000;BRBMEFCIZAI4;FINANCIAL;-;-;-;-;-;-;-;-;-;0,01;-;-;-;-;-;-;-
IDIZ26C547100;BRBMEFCIZAJ2;FINANCIAL;-;-;-;-;-;-;-;-;-;0,01;-;-;-;-;-;-;-
IDIZ26C547200;BRBMEFCIZAK0;FINANCIAL;-;-;-;-;-;-;-;-;-;0,01;-;-;-;-;-;-;-
IDIZ26C900000;BRBMEFCIZAL8;FINANCIAL;-;-;-;-;-;-;-;-;-;0,01;-;-;-;-;-;-;-
IDIZ26P541000;BRBMEFVIZ8U6;FINANCIAL;-;-;-;-;-;-;-;-;-;0,01;-;-;-;-;-;-;-
IDIZ26P541100;BRBMEFVIZ8V4;FINANCIAL;-;-;-;-;-;-;-;-;-;0,01;-;-;-;-;-;-;-
IDIZ26P541200;BRBMEFVIZ8W2;FINANCIAL;-;-;-;-;-;-;-;-;-;0,01;-;-;-;-;-;-;-
IDIZ26P541300;BRBMEFVIZ8X0;FINANCIAL;-;-;-;-;-;-;-;-;-;0,01;-;-;-;-;-;-;-
IDIZ26P541400;BRBMEFVIZ8Y8;FINANCIAL;-;-;-;-;-;-;-;-;-;0,01;-;-;-;-;-;-;-
IDIZ26P541500;BRBMEFVIZ8Z5;FINANCIAL;-;-;-;-;-;-;-;-;-;0,01;-;-;-;-;-;-;-
IDIZ26P541600;BRBMEFVIZ904;FINANCIAL;-;-;-;-;-;-;-;-;-;0,01;-;-;-;-;-;-;-
IDIZ26P541700;BRBMEFVIZ912;FINANCIAL;-;-;-;-;-;-;-;-;-;0,01;-;-;-;-;-;-;-
IDIZ26P541800;BRBMEFVIZ920;FINANCIAL;-;-;-;-;-;-;-;-;-;0,01;-;-;-;-;-;-;-
IDIZ26P541900;BRBMEFVIZ938;FINANCIAL;-;-;-;-;-;-;-;-;-;0,01;-;-;-;-;-;-;-
IDIZ26P542000;BRBMEFVIZ946;FINANCIAL;-;-;-;-;-;-;-;-;-;0,01;-;-;-;-;-;-;-
IDIZ26P542100;BRBMEFVIZ953;FINANCIAL;-;-;-;-;-;-;-;-;-;0,01;-;-;-;-;-;-;-
IDIZ26P542200;BRBMEFVIZ961;FINANCIAL;-;-;-;-;-;-;-;-;-;0,01;-;-;-;-;-;-;-
IDIZ26P542300;BRBMEFVIZ979;FINANCIAL;-;-;-;-;-;-;-;-;-;0,01;-;-;-;-;-;-;-
IDIZ26P542400;BRBMEFVIZ987;FINANCIAL;-;-;-;-;-;-;-;-;-;0,01;-;-;-;-;-;-;-
IDIZ26P542500;BRBMEFVIZ995;FINANCIAL;-;-;-;-;-;-;-;-;-;0,01;-;-;-;-;-;-;-
IDIZ26P542600;BRBMEFVIZ9A6;FINANCIAL;-;-;-;-;-;-;-;-;-;0,01;-;-;-;-;-;-;-
IDIZ26P542700;BRBMEFVIZ9B4;FINANCIAL;-;-;-;-;-;-;-;-;-;0,01;-;-;-;-;-;-;-
IDIZ26P542800;BRBMEFVIZ9C2;FINANCIAL;-;-;-;-;-;-;-;-;-;0,01;-;-;-;-;-;-;-
IDIZ26P542900;BRBMEFVIZ9D0;FINANCIAL;-;-;-;-;-;-;-;-;-;0,01;-;-;-;-;-;-;-
IDIZ26P543000;BRBMEFVIZ9E8;FINANCIAL;-;-;-;-;-;-;-;-;-;0,01;-;-;-;-;-;-;-
IDIZ26P543100;BRBMEFVIZ9F5;FINANCIAL;-;-;-;-;-;-;-;-;-;0,01;-;-;-;-;-;-;-
IDIZ26P543200;BRBMEFVIZ9G3;FINANCIAL;-;-;-;-;-;-;-;-;-;0,01;-;-;-;-;-;-;-
IDIZ26P543300;BRBMEFVIZ9H1;FINANCIAL;-;-;-;-;-;-;-;-;-;0,01;-;-;-;-;-;-;-
IDIZ26P543400;BRBMEFVIZ9I9;FINANCIAL;-;-;-;-;-;-;-;-;-;0,01;-;-;-;-;-;-;-
IDIZ26P543500;BRBMEFVIZ9J7;FINANCIAL;-;-;-;-;-;-;-;-;-;0,01;-;-;-;-;-;-;-
IDIZ26P543600;BRBMEFVIZ9K5;FINANCIAL;-;-;-;-;-;-;-;-;-;0,01;-;-;-;-;-;-;-
IDIZ26P543700;BRBMEFVIZ9L3;FINANCIAL;-;-;-;-;-;-;-;-;-;0,01;-;-;-;-;-;-;-
IDIZ26P543800;BRBMEFVIZ9M1;FINANCIAL;-;-;-;-;-;-;-;-;-;0,01;-;-;-;-;-;-;-
IDIZ26P543900;BRBMEFVIZ9N9;FINANCIAL;-;-;-;-;-;-;-;-;-;0,01;-;-;-;-;-;-;-
IDIZ26P544000;BRBMEFVIZ9O7;FINANCIAL;-;-;-;-;-;-;-;-;-;0,01;-;-;-;-;-;-;-
IDIZ26P544100;BRBMEFVIZ9P4;FINANCIAL;-;-;-;-;-;-;-;-;-;0,01;-;-;-;-;-;-;-
IDIZ26P544200;BRBMEFVIZ9Q2;FINANCIAL;-;-;-;-;-;-;-;-;-;0,01;-;-;-;-;-;-;-
IDIZ26P544300;BRBMEFVIZ9R0;FINANCIAL;-;-;-;-;-;-;-;-;-;0,01;-;-;-;-;-;-;-
IDIZ26P544400;BRBMEFVIZ9S8;FINANCIAL;-;-;-;-;-;-;-;-;-;0,01;-;-;-;-;-;-;-
IDIZ26P544500;BRBMEFVIZ9T6;FINANCIAL;-;-;-;-;-;-;-;-;-;0,01;-;-;-;-;-;-;-
IDIZ26P544600;BRBMEFVIZ9U4;FINANCIAL;-;-;-;-;-;-;-;-;-;2,42;-;-;-;-;-;-;-
IDIZ26P544700;BRBMEFVIZ9V2;FINANCIAL;-;-;-;-;-;-;-;-;-;54,27;-;-;-;-;-;-;-
IDIZ26P544800;BRBMEFVIZ9W0;FINANCIAL;-;-;-;-;-;-;-;-;-;141,24;-;-;-;-;-;-;-
IDIZ26P544900;BRBMEFVIZ9X8;FINANCIAL;-;-;-;-;-;-;-;-;-;239,12;-;-;-;-;-;-;-
IDIZ26P545000;BRBMEFVIZ9Y6;FINANCIAL;-;-;-;-;-;-;-;-;-;337,32;-;-;-;-;-;-;-
IDIZ26P545100;BRBMEFVIZ9Z3;FINANCIAL;-;-;-;-;-;-;-;-;-;435,57;-;-;-;-;-;-;-
IDIZ26P545200;BRBMEFVIZA04;FINANCIAL;-;-;-;-;-;-;-;-;-;533,75;-;-;-;-;-;-;-
IDIZ26P545300;BRBMEFVIZA12;FINANCIAL;-;-;-;-;-;-;-;-;-;631,5;-;-;-;-;-;-;-
IDIZ26P545400;BRBMEFVIZA20;FINANCIAL;-;-;-;-;-;-;-;-;-;729,61;-;-;-;-;-;-;-
IDIZ26P545500;BRBMEFVIZA38;FINANCIAL;-;-;-;-;-;-;-;-;-;827,84;-;-;-;-;-;-;-
IDIZ26P545600;BRBMEFVIZA46;FINANCIAL;-;-;-;-;-;-;-;-;-;926,08;-;-;-;-;-;-;-
IDIZ26P545700;BRBMEFVIZA53;FINANCIAL;-;-;-;-;-;-;-;-;-;1024,33;-;-;-;-;-;-;-
IDIZ26P545800;BRBMEFVIZA61;FINANCIAL;-;-;-;-;-;-;-;-;-;1122,59;-;-;-;-;-;-;-
IDIZ26P545900;BRBMEFVIZA79;FINANCIAL;-;-;-;-;-;-;-;-;-;1220,84;-;-;-;-;-;-;-
IDIZ26P546000;BRBMEFVIZA87;FINANCIAL;-;-;-;-;-;-;-;-;-;1319,09;-;-;-;-;-;-;-
IDIZ26P546100;BRBMEFVIZA95;FINANCIAL;-;-;-;-;-;-;-;-;-;1417,34;-;-;-;-;-;-;-
IDIZ26P546200;BRBMEFVIZAA1;FINANCIAL;-;-;-;-;-;-;-;-;-;1515,59;-;-;-;-;-;-;-
IDIZ26P546300;BRBMEFVIZAB9;FINANCIAL;-;-;-;-;-;-;-;-;-;1613,85;-;-;-;-;-;-;-
IDIZ26P546400;BRBMEFVIZAC7;FINANCIAL;-;-;-;-;-;-;-;-;-;1712,1;-;-;-;-;-;-;-
IDIZ26P546500;BRBMEFVIZAD5;FINANCIAL;-;-;-;-;-;-;-;-;-;1810,35;-;-;-;-;-;-;-
IDIZ26P546600;BRBMEFVIZAE3;FINANCIAL;-;-;-;-;-;-;-;-;-;1908,6;-;-;-;-;-;-;-
IDIZ26P546700;BRBMEFVIZAF0;FINANCIAL;-;-;-;-;-;-;-;-;-;2006,86;-;-;-;-;-;-;-
IDIZ26P546800;BRBMEFVIZAG8;FINANCIAL;-;-;-;-;-;-;-;-;-;2105,11;-;-;-;-;-;-;-
IDIZ26P546900;BRBMEFVIZAH6;FINANCIAL;-;-;-;-;-;-;-;-;-;2203,36;-;-;-;-;-;-;-
IDIZ26P547000;BRBMEFVIZAI4;FINANCIAL;-;-;-;-;-;-;-;-;-;2301,61;-;-;-;-;-;-;-
IDIZ26P547100;BRBMEFVIZAJ2;FINANCIAL;-;-;-;-;-;-;-;-;-;2399,86;-;-;-;-;-;-;-
IDIZ26P547200;BRBMEFVIZAK0;FINANCIAL;-;-;-;-;-;-;-;-;-;2498,12;-;-;-;-;-;-;-
IDIZ26P900000;BRBMEFVIZAL8;FINANCIAL;-;-;-;-;-;-;-;-;-;349132,1;-;-;-;-;-;-;-
CPMF27C099000;BRBMEFCP1140;FINANCIAL;-;-;-;-;-;-;-;-;-;2;-;-;2;-;-;-;-
CPMF27C099250;BRBMEFCP1157;FINANCIAL;-;-;-;-;-;-;-;-;-;4,5;-;-;4,5;-;-;-;-
CPMF27C099500;BRBMEFCP1165;FINANCIAL;40;40;40;40;40;3,89;-;-;-;41,5;-;-;-;-;2;15.000;600000
CPMF27C099750;BRBMEFCP1173;FINANCIAL;-;-;-;-;-;-;-;-;-;33,5;-;-;-;-;-;-;-
CPMF27C100000;BRBMEFCP1181;FINANCIAL;-;-;-;-;-;-;-;-;-;13;-;-;-;-;-;-;-
CPMF27C100250;BRBMEFCP1199;FINANCIAL;4,3;3;4,3;3,352;3;100;-;-;-;3,35;-;-;-;-;4;9.608;32214,4
CPMF27C100500;BRBMEFCP11A8;FINANCIAL;2;2;2;2;2;33,33;-;-;-;2;-;-;-;-;2;7.000;14000
CPMF27C100750;BRBMEFCP11B6;FINANCIAL;1;1;1;1;1;-33,33;-;-;-;1;-;-;-;-;2;7.000;7000
CPMF27C101000;BRBMEFCP11C4;FINANCIAL;1;1;1;1;1;-33,33;-;-;-;1;-;-;-;-;2;7.000;7000
CPMX26C098000;BRBMEFCPY1K7;FINANCIAL;-;-;-;-;-;-;-;-;-;0;-;-;-;-;-;-;-
CPMX26C098250;BRBMEFCPY1L5;FINANCIAL;-;-;-;-;-;-;-;-;-;0;-;-;-;-;-;-;-
CPMX26C098500;BRBMEFCPY1M3;FINANCIAL;-;-;-;-;-;-;-;-;-;0;-;-;-;-;-;-;-
CPMX26C098750;BRBMEFCPY1N1;FINANCIAL;-;-;-;-;-;-;-;-;-;0;-;-;-;-;-;-;-
CPMX26C099000;BRBMEFCPY175;FINANCIAL;-;-;-;-;-;-;-;-;-;0;-;-;-;-;-;-;-
CPMX26C099250;BRBMEFCPY183;FINANCIAL;-;-;-;-;-;-;-;-;-;0;-;-;-;-;-;-;-
CPMX26C099500;BRBMEFCPY191;FINANCIAL;7,8;6;7,8;6,313;6;-23,07;-;-;-;7;-;-;3;10,5;25;147.504;931251,2
CPMX26C099750;BRBMEFCPY1A8;FINANCIAL;86;85;87,5;85,231;86;3,61;-;-;-;87,5;-;-;85;86;11;55.125;4698362,5
CPMX26C100000;BRBMEFCPY1B6;FINANCIAL;6;6;9;8,089;9;12,5;-;-;-;6,5;-;-;5;-;4;11.005;89030
CPMX26C100250;BRBMEFCPY1C4;FINANCIAL;0,1;0,1;0,1;0,1;0,1;-50;-;-;-;0;-;-;-;-;3;9.342;934,2
CPMX26C100500;BRBMEFCPY1D2;FINANCIAL;-;-;-;-;-;-;-;-;-;0;-;-;-;-;-;-;-
CPMX26C100750;BRBMEFCPY1E0;FINANCIAL;-;-;-;-;-;-;-;-;-;0;-;-;-;-;-;-;-
CPMX26C101000;BRBMEFCPY1F7;FINANCIAL;-;-;-;-;-;-;-;-;-;0;-;-;-;-;-;-;-
CPMX26C101250;BRBMEFCPY1G5;FINANCIAL;-;-;-;-;-;-;-;-;-;0;-;-;-;-;-;-;-
CPMX26C101500;BRBMEFCPY1H3;FINANCIAL;-;-;-;-;-;-;-;-;-;0;-;-;-;-;-;-;-
CPMX26C101750;BRBMEFCPY1I1;FINANCIAL;-;-;-;-;-;-;-;-;-;0;-;-;-;-;-;-;-
CPMX26C102000;BRBMEFCPY1J9;FINANCIAL;-;-;-;-;-;-;-;-;-;0;-;-;-;-;-;-;-
CPMZ26C098000;BRBMEFCPZ2L2;FINANCIAL;-;-;-;-;-;-;-;-;-;0;-;-;-;-;-;-;-
CPMZ26C098250;BRBMEFCPZ2M0;FINANCIAL;-;-;-;-;-;-;-;-;-;0;-;-;-;-;-;-;-
CPMZ26C098500;BRBMEFCPZ2N8;FINANCIAL;-;-;-;-;-;-;-;-;-;0;-;-;-;-;-;-;-
CPMZ26C098750;BRBMEFCPZ2O6;FINANCIAL;-;-;-;-;-;-;-;-;-;0;-;-;-;-;-;-;-
CPMZ26C099000;BRBMEFCPZ289;FINANCIAL;-;-;-;-;-;-;-;-;-;1,75;-;-;-;-;-;-;-
CPMZ26C099250;BRBMEFCPZ297;FINANCIAL;-;-;-;-;-;-;-;-;-;2,5;-;-;2;-;-;-;-
CPMZ26C099500;BRBMEFCPZ2A5;FINANCIAL;33,5;31;34;32,68;32;-5,88;-;-;-;33;-;-;25;34;13;74.786;2444081
CPMZ26C099750;BRBMEFCPZ2B3;FINANCIAL;48,8;48,8;48,8;48,8;48,8;16,19;-;-;-;48,8;-;-;40;-;2;1.000;48800
CPMZ26C100000;BRBMEFCPZ2C1;FINANCIAL;12;12;13;12,714;13;0;-;-;-;12;-;-;11;-;4;35.000;445000
CPMZ26C100250;BRBMEFCPZ2D9;FINANCIAL;1,1;1;2;1,092;2;100;-;-;-;2;-;-;-;-;7;28.522;31174,2
CPMZ26C100500;BRBMEFCPZ2E7;FINANCIAL;0,8;0,8;1;0,95;1;0;-;-;-;0;-;-;1,5;-;5;26.522;25217,6
CPMZ26C100750;BRBMEFCPZ2F4;FINANCIAL;1;1;1;1;1;100;-;-;-;0;-;-;1;-;3;20.000;20000
CPMZ26C101000;BRBMEFCPZ2G2;FINANCIAL;1;1;1;1;1;100;-;-;-;0;-;-;0,5;-;3;20.000;20000
CPMZ26C101250;BRBMEFCPZ2H0;FINANCIAL;-;-;-;-;-;-;-;-;-;0;-;-;-;-;-;-;-
CPMZ26C101500;BRBMEFCPZ2I8;FINANCIAL;-;-;-;-;-;-;-;-;-;0;-;-;-;-;-;-;-
CPMZ26C101750;BRBMEFCPZ2J6;FINANCIAL;-;-;-;-;-;-;-;-;-;0;-;-;-;-;-;-;-
CPMZ26C102000;BRBMEFCPZ2K4;FINANCIAL;-;-;-;-;-;-;-;-;-;0;-;-;-;-;-;-;-
SOYX26C004700;BRBMEFSY10X0;AGRIBUSINESS;-;-;-;-;-;-;-;-;-;476,59;-;-;-;-;-;-;-
SOYX26P004700;BRBMEFSY20X9;AGRIBUSINESS;-;-;-;-;-;-;-;-;-;0,01;-;-;-;-;-;-;-
CNLX26C120000;BRBMEFCCL279;AGRIBUSINESS;-;-;-;-;-;-;-;-;-;0,01;-;-;-;-;-;-;-
CNLX26P120000;BRBMEFVCL279;AGRIBUSINESS;-;-;-;-;-;-;-;-;-;221,87;-;-;-;-;-;-;-
CCMN27C007300;BRBMEFFM0MD8;AGRIBUSINESS;-;-;-;-;-;-;-;-;-;4,29;-;-;-;-;-;-;-
CCMN27P007300;BRBMEFOV0MH7;AGRIBUSINESS;2,06;2,04;2,06;2,04;2,04;-;-;-;-;1,62;-;-;-;-;2;95;87363
ICFH27;BRBMEFICF3H1;AGRIBUSINESS;355,25;349,6;355,25;351,22;352,55;-1,43;352,6;-;357,7;-;-5,1;-2554,896;351,3;352,15;80;147;25864464,6
ICFH28;BRBMEFICF3L3;AGRIBUSINESS;-;-;-;-;-;-;322,65;-;326,55;-;-3,9;-1953,744;-;-;-;-;-
ICFK27;BRBMEFICF3J7;AGRIBUSINESS;-;-;-;-;-;-;342,05;-;347,1;-;-5,05;-2529,848;342;-;-;-;-
ICFU27;BRBMEFICF3G3;AGRIBUSINESS;-;-;-;-;-;-;330,15;-;334,7;-;-4,55;-2279,368;327,8;332,85;-;-;-
ICFZ26;BRBMEFICF3E8;AGRIBUSINESS;364;353,45;365;355,57;354,1;-1,93;355,8;-;361,1;-;-5,3;-2655,088;354,05;355;328;480;85501598,48
ICFZ27;BRBMEFICF3K5;AGRIBUSINESS;-;-;-;-;-;-;325,4;-;329,55;-;-4,15;-2078,984;315,85;335,75;-;-;-
CNLF27;BRBMEFCNL1I8;AGRIBUSINESS;-;-;-;-;-;-;1002,9;-;1010,05;-;-7,15;-715;-;-;-;-;-
CNLH27;BRBMEFCNL1G2;AGRIBUSINESS;-;-;-;-;-;-;1002,9;-;1010,05;-;-7,15;-715;-;-;-;-;-
CNLK27;BRBMEFCNL1H0;AGRIBUSINESS;-;-;-;-;-;-;1002,9;-;1010,05;-;-7,15;-715;-;-;-;-;-
CNLU27;BRBMEFCNL1J6;AGRIBUSINESS;-;-;-;-;-;-;1002,9;-;1010,05;-;-7,15;-715;-;-;-;-;-
CNLX26;BRBMEFCNL1F4;AGRIBUSINESS;-;-;-;-;-;-;978,02;-;985;-;-6,98;-698;-;-;-;-;-
ESTH28;BRBMEFEST076;FINANCIAL;-;-;-;-;-;-;95806,68;3,007;95845,675;-;-38,995;-43,696702800455;-;-;-;-;-
ESTH31;BRBMEFEST084;FINANCIAL;-;-;-;-;-;-;86807,37;3,371;86945,78;-;-138,41;-155,098362215953;-;-;-;-;-
ESTM28;BRBMEFEST0A2;FINANCIAL;-;-;-;-;-;-;94978,487;3,06;95030,357;-;-51,87;-58,124066528007;-;-;-;-;-
ESTM31;BRBMEFEST0B0;FINANCIAL;-;-;-;-;-;-;86085,21;3,395;86232,571;-;-147,361;-165,128601650929;-;-;-;-;-
ESTU27;BRBMEFEST027;FINANCIAL;-;-;-;-;-;-;97353,067;2,862;97371,093;-;-18,026;-20,199429790512;-;-;-;-;-
ESTU28;BRBMEFEST0E4;FINANCIAL;-;-;-;-;-;-;94213,676;3,101;94277,589;-;-63,913;-71,619114401475;-;-;-;-;-
ESTU30;BRBMEFEST043;FINANCIAL;-;-;-;-;-;-;88257,177;3,324;88377,803;-;-120,626;-135,170110834922;-;-;-;-;-
ESTU31;BRBMEFEST0G9;FINANCIAL;-;-;-;-;-;-;85369,778;3,418;85526,132;-;-156,354;-175,205905107385;-;-;-;-;-
ESTZ26;BRBMEFEST0D6;FINANCIAL;-;-;-;-;-;-;99528,244;2,473;99527,413;-;0,831;0,931195282143;-;-;-;-;-
ESTZ27;BRBMEFEST035;FINANCIAL;-;-;-;-;-;-;96578,998;2,945;96607,153;-;-28,155;-31,549702970812;-;-;-;-;-
ESTZ28;BRBMEFEST0F1;FINANCIAL;-;-;-;-;-;-;93454,683;3,136;93527,671;-;-72,988;-81,788304757011;-;-;-;-;-
ESTZ30;BRBMEFEST050;FINANCIAL;-;-;-;-;-;-;87532,451;3,347;87658,677;-;-126,226;-141,445313698944;-;-;-;-;-
ESTZ31;BRBMEFEST0H7;FINANCIAL;-;-;-;-;-;-;84657,805;3,441;84819,38;-;-161,575;-181,056411206146;-;-;-;-;-
GLDG27;BRBMEFGLD0C1;FINANCIAL;4204,75;4204,75;4204,75;4204,75;4204,75;0,44;4202,5;-;4186;-;16,5;82,69635;-;-;1;1;21073,78
GLDJ27;BRBMEFGLD0G2;FINANCIAL;-;-;-;-;-;-;4150,25;-;4134;-;16,25;81,443375;-;-;-;-;-
GLDV26;BRBMEFGLD0A5;FINANCIAL;-;-;-;-;-;-;4220,5;-;4204;-;16,5;82,69635;-;-;-;-;-
GLDX26;BRBMEFGLD0I8;FINANCIAL;-;-;-;-;-;-;4172,5;-;4156,25;-;16,25;81,443375;-;-;-;-;-
GLDZ26;BRBMEFGLD0B3;FINANCIAL;4164,75;4155;4188,75;4171,94;4177,25;0,4;4176,75;-;4160,25;-;16,5;82,69635;4159,75;4189,25;209;1.384;28938580,29
ETHF27;BRBMEFETH5Z1;AGRIBUSINESS;2960;2950;2970;2964,57;2970;0,16;2980;-;2965;-;15;450;2950;2980;11;317;28193100
ETHF28;BRBMEFETH699;AGRIBUSINESS;-;-;-;-;-;-;2932;-;2909;-;23;690;-;-;-;-;-
ETHG27;BRBMEFETH608;AGRIBUSINESS;-;-;-;-;-;-;2972;-;2972,5;-;-0,5;-15;2950;2972;-;-;-
ETHG28;BRBMEFETH6G9;AGRIBUSINESS;-;-;-;-;-;-;2932;-;2909;-;23;690;-;-;-;-;-
ETHH27;BRBMEFETH616;AGRIBUSINESS;-;-;-;-;-;-;2816,5;-;2794,5;-;22;660;2780;2912;-;-;-
ETHH28;BRBMEFETH6H7;AGRIBUSINESS;-;-;-;-;-;-;2910;-;2887;-;23;690;-;-;-;-;-
ETHJ27;BRBMEFETH665;AGRIBUSINESS;-;-;-;-;-;-;2771;-;2749,5;-;21,5;645;-;-;-;-;-
ETHK27;BRBMEFETH673;AGRIBUSINESS;-;-;-;-;-;-;2719;-;2697,5;-;21,5;645;-;-;-;-;-
ETHM27;BRBMEFETH6A2;AGRIBUSINESS;-;-;-;-;-;-;2719;-;2697,5;-;21,5;645;-;-;-;-;-
ETHN27;BRBMEFETH6B0;AGRIBUSINESS;-;-;-;-;-;-;2719;-;2697,5;-;21,5;645;-;-;-;-;-
ETHQ27;BRBMEFETH6C8;AGRIBUSINESS;-;-;-;-;-;-;2719;-;2697,5;-;21,5;645;-;-;-;-;-
ETHU27;BRBMEFETH6D6;AGRIBUSINESS;-;-;-;-;-;-;2752;-;2730,5;-;21,5;645;-;-;-;-;-
ETHV26;BRBMEFETH5W8;AGRIBUSINESS;-;-;-;-;-;-;2807;-;2802,5;-;4,5;135;2750;2800;-;-;-
ETHV27;BRBMEFETH6E4;AGRIBUSINESS;-;-;-;-;-;-;2792,5;-;2770,5;-;22;660;-;-;-;-;-
ETHX26;BRBMEFETH5X6;AGRIBUSINESS;2850;2850;2855;2851,66;2855;0;2877,5;-;2855;-;22,5;675;2810;2880;5;120;10266000
ETHX27;BRBMEFETH6F1;AGRIBUSINESS;-;-;-;-;-;-;2845,5;-;2823;-;22,5;675;-;-;-;-;-
ETHZ26;BRBMEFETH5Y4;AGRIBUSINESS;-;-;-;-;-;-;2938;-;2915;-;23;690;2880;2940;-;-;-
ETHZ27;BRBMEFETH681;AGRIBUSINESS;-;-;-;-;-;-;2899,5;-;2876,5;-;23;690;-;-;-;-;-
JSEH27;BRBMEFJSE1O3;FINANCIAL;-;-;-;-;-;-;101141;-;101290;-;-149;-59,6;-;-;-;-;-
JSEZ26;BRBMEFJSE1N5;FINANCIAL;-;-;-;-;-;-;100139;-;100287;-;-148;-59,2;-;-;-;-;-
HSIV26;BRBMEFHSI4Y4;FINANCIAL;-;-;-;-;-;-;23773;-;24116;-;-343;-222,95;-;-;-;-;-
HSIX26;BRBMEFHSI4Z1;FINANCIAL;-;-;-;-;-;-;23772;-;24109;-;-337;-219,05;-;-;-;-;-
CCMF27;BRBMEFCCP353;AGRIBUSINESS;74,38;73,58;74,9;74,08;73,93;-0,61;73,89;-;74,39;-;-0,5;-225;73,93;73,95;2.672;3.692;123086169
CCMH27;BRBMEFCCP361;AGRIBUSINESS;77,87;77,07;78,19;77,46;77,34;-0,82;77,42;-;77,98;-;-0,56;-252;77,34;77,44;1.219;1.886;65740666,5
CCMK27;BRBMEFCCP338;AGRIBUSINESS;76,82;75,76;76,86;76,19;76,2;-0,75;76,25;-;76,78;-;-0,53;-238,5;76,08;76,22;290;357;12241093,5
CCMN27;BRBMEFCCP387;AGRIBUSINESS;76,42;75,73;76,6;76,05;76;-0,6;75,93;-;76,46;-;-0,53;-238,5;75,9;76;441;506;17316940,5
CCMU27;BRBMEFCCP379;AGRIBUSINESS;76,66;76;76,7;76,33;76,08;-0,78;76,11;-;76,68;-;-0,57;-256,5;76,08;76,13;589;1.552;53310334,5
CCMX26;BRBMEFCCP346;AGRIBUSINESS;69,92;69,3;70,3;69,64;69,54;-0,54;69,51;-;69,92;-;-0,41;-184,5;69,52;69,54;4.063;9.364;293450251,5
CCMX27;BRBMEFCCP395;AGRIBUSINESS;79,08;78,2;79,08;78,49;78,44;-1,12;78,44;-;79,33;-;-0,89;-400,5;78,44;78,54;43;70;2472520,5
BGIF27;BRBMEFBGI7Y7;AGRIBUSINESS;395,2;392,5;396,05;394,13;393,8;-0,63;393,45;-;396,3;-;-2,85;-940,5;393,3;394,3;292;349;45391962
BGIG27;BRBMEFBGI7Z4;AGRIBUSINESS;394,5;392,85;395,3;394,25;392,85;-0,74;393,15;-;395,8;-;-2,65;-874,5;392,75;393,75;82;98;12750210
BGIH27;BRBMEFBGI807;AGRIBUSINESS;395,15;393,5;395,5;394,34;393,5;-0,66;393,75;-;396,15;-;-2,4;-792;393,55;394;40;44;5725912,5
BGIJ27;BRBMEFBGI849;AGRIBUSINESS;394,35;394,35;394,35;394,35;394,35;-0,42;393,2;-;396,05;-;-2,85;-940,5;392,35;394,3;1;1;130135,5
BGIK27;BRBMEFBGI815;AGRIBUSINESS;392,95;392,5;392,95;392,72;392,5;-0,38;391,75;-;394;-;-2,25;-742,5;391,2;392,75;2;2;259198,5
BGIM27;BRBMEFBGI831;AGRIBUSINESS;-;-;-;-;-;-;391,25;-;394,1;-;-2,85;-940,5;391,05;395,95;-;-;-
BGIV26;BRBMEFBGI7U5;AGRIBUSINESS;389,05;387;390,25;388,71;388,5;-0,28;388,5;-;389,6;-;-1,1;-363;388,4;388,55;863;1.638;210114382,5
BGIV27;BRBMEFBGI856;AGRIBUSINESS;-;-;-;-;-;-;393,05;-;395,9;-;-2,85;-940,5;395,65;399,95;-;-;-
BGIX26;BRBMEFBGI7W1;AGRIBUSINESS;396,05;393,9;397,45;395,28;394,8;-0,49;394,55;-;396,75;-;-2,2;-726;394,85;394,9;897;1.179;153795427,5
BGIZ26;BRBMEFBGI7X9;AGRIBUSINESS;394,4;392,35;395,7;393,8;393,3;-0,35;393,2;-;394,7;-;-1,5;-495;393,1;393,9;505;732;95126790
DDIF27;BRBMEFDDI4X7;FINANCIAL;-;-;-;-;-;-;99165,16;3,444;98922,21;-;242,95;606,5854125;-;-;-;-;-
DDIF28;BRBMEFDDI4Z2;FINANCIAL;-;-;-;-;-;-;93519,64;5,519;93280,91;-;238,73;596,0491275;-;-;-;-;-
DDIF29;BRBMEFDDI4W9;FINANCIAL;-;-;-;-;-;-;87923,93;6,052;87643,17;-;280,76;700,98753;-;-;-;-;-
DDIF30;BRBMEFDDI4Y5;FINANCIAL;-;-;-;-;-;-;82608,63;6,412;82252,9;-;355,73;888,1688775;-;-;-;-;-
DDIF31;BRBMEFDDI693;FINANCIAL;-;-;-;-;-;-;77515,62;6,75;77175,68;-;339,94;848,745195;-;-;-;-;-
DDIF32;BRBMEFDDI792;FINANCIAL;-;-;-;-;-;-;72695,46;7,072;72323,76;-;371,7;928,041975;-;-;-;-;-
DDIF33;BRBMEFDDI6L7;FINANCIAL;-;-;-;-;-;-;68104,37;7,398;67765,15;-;339,22;846,947535;-;-;-;-;-
DDIF34;BRBMEFDDI7A8;FINANCIAL;-;-;-;-;-;-;63801,39;7,728;63528,07;-;273,32;682,41171;-;-;-;-;-
DDIF35;BRBMEFDDI6K9;FINANCIAL;-;-;-;-;-;-;59795,32;8,047;59533,78;-;261,54;652,999995;-;-;-;-;-
DDIF36;BRBMEFDDI6W4;FINANCIAL;-;-;-;-;-;-;56067,43;8,363;55784,28;-;283,15;706,9547625;-;-;-;-;-
DDIF37;BRBMEFDDI776;FINANCIAL;-;-;-;-;-;-;52595,41;8,678;52325,7;-;269,71;673,3984425;-;-;-;-;-
DDIF38;BRBMEFDDI7M3;FINANCIAL;-;-;-;-;-;-;49340,61;9,002;49083,87;-;256,74;641,015595;-;-;-;-;-
DDIF39;BRBMEFDDI7Y8;FINANCIAL;-;-;-;-;-;-;46315,68;9,335;46071,34;-;244,34;610,055895;-;-;-;-;-
DDIF40;BRBMEFDDI8B4;FINANCIAL;-;-;-;-;-;-;43563,27;9,648;43330,36;-;232,91;581,5180425;-;-;-;-;-
DDIF41;BRBMEFDDI9L1;FINANCIAL;-;-;-;-;-;-;40981,74;9,97;40762,29;-;219,45;547,9117875;-;-;-;-;-
DDIG27;BRBMEFDDI9M9;FINANCIAL;-;-;-;-;-;-;98757,04;3,906;98518,98;-;238,06;594,376305;-;-;-;-;-
DDIH27;BRBMEFDDI9T4;FINANCIAL;-;-;-;-;-;-;98345,05;4,207;98108,69;-;236,36;590,13183;-;-;-;-;-
DDIJ27;BRBMEFDDI7C4;FINANCIAL;-;-;-;-;-;-;97886,33;4,442;97648,21;-;238,12;594,52611;-;-;-;-;-
DDIJ28;BRBMEFDDI7P6;FINANCIAL;-;-;-;-;-;-;92135,62;5,659;91887,66;-;247,96;619,09413;-;-;-;-;-
DDIJ29;BRBMEFDDI818;FINANCIAL;-;-;-;-;-;-;86576,59;6,154;86273,91;-;302,68;755,71629;-;-;-;-;-
DDIJ30;BRBMEFDDI8E8;FINANCIAL;-;-;-;-;-;-;81327,79;6,503;80991,94;-;335,85;838,5334875;-;-;-;-;-
DDIJ31;BRBMEFDDI9J5;FINANCIAL;-;-;-;-;-;-;76350,49;6,816;76007,79;-;342,7;855,636225;-;-;-;-;-
DDIK27;BRBMEFDDI9U2;FINANCIAL;-;-;-;-;-;-;97401,88;4,639;97159,79;-;242,09;604,4382075;-;-;-;-;-
DDIM27;BRBMEFDDI9V0;FINANCIAL;-;-;-;-;-;-;96953,64;4,793;96712,1;-;241,54;603,064995;-;-;-;-;-
DDIN27;BRBMEFDDI7F7;FINANCIAL;-;-;-;-;-;-;96474,3;4,946;96233,51;-;240,79;601,1924325;-;-;-;-;-
DDIN28;BRBMEFDDI7S0;FINANCIAL;-;-;-;-;-;-;90749,61;5,788;90515,28;-;234,33;585,0634275;-;-;-;-;-
DDIN29;BRBMEFDDI826;FINANCIAL;-;-;-;-;-;-;85246,42;6,243;84960,77;-;285,65;713,1966375;-;-;-;-;-
DDIN30;BRBMEFDDI8A6;FINANCIAL;-;-;-;-;-;-;80084,67;6,573;79745,48;-;339,19;846,8726325;-;-;-;-;-
DDIN31;BRBMEFDDI9I7;FINANCIAL;-;-;-;-;-;-;75179,78;6,882;74836,7;-;343,08;856,58499;-;-;-;-;-
DDIQ27;BRBMEFDDI8J7;FINANCIAL;-;-;-;-;-;-;95981,36;5,058;95740,76;-;240,6;600,71805;-;-;-;-;-
DDIU27;BRBMEFDDI9W8;FINANCIAL;-;-;-;-;-;-;95515,59;5,153;95275,47;-;240,12;599,51961;-;-;-;-;-
DDIV27;BRBMEFDDI7I1;FINANCIAL;-;-;-;-;-;-;94998,71;5,294;94758,55;-;240,16;599,61948;-;-;-;-;-
DDIV28;BRBMEFDDI7V4;FINANCIAL;-;-;-;-;-;-;89342,94;5,923;89093,82;-;249,12;621,99036;-;-;-;-;-
DDIV29;BRBMEFDDI875;FINANCIAL;-;-;-;-;-;-;83993,03;6,3;83664,96;-;328,07;819,1087725;-;-;-;-;-
DDIV30;BRBMEFDDI8I9;FINANCIAL;-;-;-;-;-;-;78772,74;6,672;78434,73;-;338,01;843,9264675;-;-;-;-;-
DDIV31;BRBMEFDDI9K3;FINANCIAL;-;-;-;-;-;-;73960,25;6,968;73592,04;-;368,21;919,3283175;-;-;-;-;-
DDIX26;BRBMEFDDI8M1;FINANCIAL;-0,468;-0,468;1,214;-0,366;0,069;-96,13;100114,82;-1,588;99871,11;-;243,71;608,4829425;-;-;6;7.202;1798635444,22
DDIX27;BRBMEFDDI9N7;FINANCIAL;-;-;-;-;-;-;94529,17;5,356;94289,8;-;239,37;597,6470475;-;-;-;-;-
DDIX28;BRBMEFDDI9P2;FINANCIAL;-;-;-;-;-;-;88882,7;5,964;88620,09;-;262,61;655,6715175;-;-;-;-;-
DDIX29;BRBMEFDDI9R8;FINANCIAL;-;-;-;-;-;-;83473,07;6,364;83061,48;-;411,59;1027,6373325;-;-;-;-;-
DDIZ26;BRBMEFDDI8L3;FINANCIAL;2,654;2,654;2,654;2,654;2,654;-26,4;99705,37;1,97;99461,96;-;243,41;607,7339175;-;-;1;1.000;248684980
DDIZ27;BRBMEFDDI9O5;FINANCIAL;-;-;-;-;-;-;94047,52;5,438;93818,59;-;228,93;571,5809775;-;-;-;-;-
DDIZ28;BRBMEFDDI9Q0;FINANCIAL;-;-;-;-;-;-;88326,47;6,061;88062,77;-;263,7;658,392975;-;-;-;-;-
DDIZ29;BRBMEFDDI9S6;FINANCIAL;-;-;-;-;-;-;83047,65;6,379;82674,5;-;373,15;931,6622625;-;-;-;-;-
DCOF27;BRBMEFDCO1S6;FINANCIAL;-;-;-;-;-;-;99165,16;3,444;98922,21;-;242,95;606,5854125;-;-;-;-;-
DCOF28;BRBMEFDCO1P2;FINANCIAL;-;-;-;-;-;-;93519,64;5,519;93280,91;-;238,73;596,0491275;-;-;-;-;-
DCOF29;BRBMEFDCO1R8;FINANCIAL;-;-;-;-;-;-;87923,93;6,052;87643,17;-;280,76;700,98753;-;-;-;-;-
DCOF30;BRBMEFDCO1Q0;FINANCIAL;-;-;-;-;-;-;82608,63;6,412;82252,9;-;355,73;888,1688775;-;-;-;-;-
DCOF31;BRBMEFDCO313;FINANCIAL;-;-;-;-;-;-;77515,62;6,75;77175,68;-;339,94;848,745195;-;-;-;-;-
DCOF32;BRBMEFDCO412;FINANCIAL;-;-;-;-;-;-;72695,46;7,072;72323,76;-;371,7;928,041975;-;-;-;-;-
DCOF33;BRBMEFDCO3D4;FINANCIAL;-;-;-;-;-;-;68104,37;7,398;67765,15;-;339,22;846,947535;-;-;-;-;-
DCOF34;BRBMEFDCO420;FINANCIAL;-;-;-;-;-;-;63801,39;7,728;63528,07;-;273,32;682,41171;-;-;-;-;-
DCOF35;BRBMEFDCO3C6;FINANCIAL;-;-;-;-;-;-;59795,32;8,047;59533,78;-;261,54;652,999995;-;-;-;-;-
DCOF36;BRBMEFDCO3O1;FINANCIAL;-;-;-;-;-;-;56067,43;8,363;55784,28;-;283,15;706,9547625;-;-;-;-;-
DCOF37;BRBMEFDCO3Z7;FINANCIAL;-;-;-;-;-;-;52595,41;8,678;52325,7;-;269,71;673,3984425;-;-;-;-;-
DCOF38;BRBMEFDCO4E0;FINANCIAL;-;-;-;-;-;-;49340,61;9,002;49083,87;-;256,74;641,015595;-;-;-;-;-
DCOF39;BRBMEFDCO4Q4;FINANCIAL;-;-;-;-;-;-;46315,68;9,335;46071,34;-;244,34;610,055895;-;-;-;-;-
DCOF40;BRBMEFDCO537;FINANCIAL;-;-;-;-;-;-;43563,27;9,648;43330,36;-;232,91;581,5180425;-;-;-;-;-
DCOF41;BRBMEFDCO5I8;FINANCIAL;-;-;-;-;-;-;40981,74;9,97;40762,29;-;219,45;547,9117875;-;-;-;-;-
DCOG27;BRBMEFDCO5J6;FINANCIAL;-;-;-;-;-;-;98757,04;3,906;98518,98;-;238,06;594,376305;-;-;-;-;-
DCOH27;BRBMEFDCO5Q1;FINANCIAL;-;-;-;-;-;-;98345,05;4,207;98108,69;-;236,36;590,13183;-;-;-;-;-
DCOJ27;BRBMEFDCO446;FINANCIAL;-;-;-;-;-;-;97886,33;4,442;97648,21;-;238,12;594,52611;-;-;-;-;-
DCOJ28;BRBMEFDCO4H3;FINANCIAL;-;-;-;-;-;-;92135,62;5,659;91887,66;-;247,96;619,09413;-;-;-;-;-
DCOJ29;BRBMEFDCO4T8;FINANCIAL;-;-;-;-;-;-;86576,59;6,154;86273,91;-;302,68;755,71629;-;-;-;-;-
DCOJ30;BRBMEFDCO560;FINANCIAL;-;-;-;-;-;-;81327,79;6,503;80991,94;-;335,85;838,5334875;-;-;-;-;-
DCOJ31;BRBMEFDCO5G2;FINANCIAL;-;-;-;-;-;-;76350,49;6,816;76007,79;-;342,7;855,636225;-;-;-;-;-
DCOK27;BRBMEFDCO5R9;FINANCIAL;-;-;-;-;-;-;97401,88;4,639;97159,79;-;242,09;604,4382075;-;-;-;-;-
DCOM27;BRBMEFDCO5S7;FINANCIAL;-;-;-;-;-;-;96953,64;4,793;96712,1;-;241,54;603,064995;-;-;-;-;-
DCON27;BRBMEFDCO479;FINANCIAL;-;-;-;-;-;-;96474,3;4,946;96233,51;-;240,79;601,1924325;-;-;-;-;-
DCON28;BRBMEFDCO4K7;FINANCIAL;-;-;-;-;-;-;90749,61;5,788;90515,28;-;234,33;585,0634275;-;-;-;-;-
DCON29;BRBMEFDCO4U6;FINANCIAL;-;-;-;-;-;-;85246,42;6,243;84960,77;-;285,65;713,1966375;-;-;-;-;-
DCON30;BRBMEFDCO529;FINANCIAL;-;-;-;-;-;-;80084,67;6,573;79745,48;-;339,19;846,8726325;-;-;-;-;-
DCON31;BRBMEFDCO5F4;FINANCIAL;-;-;-;-;-;-;75179,78;6,882;74836,7;-;343,08;856,58499;-;-;-;-;-
DCOQ27;BRBMEFDCO5B3;FINANCIAL;-;-;-;-;-;-;95981,36;5,058;95740,76;-;240,6;600,71805;-;-;-;-;-
DCOU27;BRBMEFDCO5T5;FINANCIAL;-;-;-;-;-;-;95515,59;5,153;95275,47;-;240,12;599,51961;-;-;-;-;-
DCOV27;BRBMEFDCO4A8;FINANCIAL;-;-;-;-;-;-;94998,71;5,294;94758,55;-;240,16;599,61948;-;-;-;-;-
DCOV28;BRBMEFDCO4N1;FINANCIAL;-;-;-;-;-;-;89342,94;5,923;89093,82;-;249,12;621,99036;-;-;-;-;-
DCOV29;BRBMEFDCO4Z5;FINANCIAL;-;-;-;-;-;-;83993,03;6,3;83664,96;-;328,07;819,1087725;-;-;-;-;-
DCOV30;BRBMEFDCO5A5;FINANCIAL;-;-;-;-;-;-;78772,74;6,672;78434,73;-;338,01;843,9264675;-;-;-;-;-
DCOV31;BRBMEFDCO5H0;FINANCIAL;-;-;-;-;-;-;73960,25;6,968;73592,04;-;368,21;919,3283175;-;-;-;-;-
DCOX26;BRBMEFDCO5E7;FINANCIAL;-;-;-;-;-;-;100114,82;-1,588;99871,11;-;243,71;608,4829425;-;-;-;-;-
DCOX27;BRBMEFDCO5K4;FINANCIAL;-;-;-;-;-;-;94529,17;5,356;94289,8;-;239,37;597,6470475;-;-;-;-;-
DCOX28;BRBMEFDCO5M0;FINANCIAL;-;-;-;-;-;-;88882,7;5,964;88620,09;-;262,61;655,6715175;-;-;-;-;-
DCOX29;BRBMEFDCO5O6;FINANCIAL;-;-;-;-;-;-;83473,07;6,364;83061,48;-;411,59;1027,6373325;-;-;-;-;-
DCOZ26;BRBMEFDCO5D9;FINANCIAL;-;-;-;-;-;-;99705,37;1,97;99461,96;-;243,41;607,7339175;-;-;-;-;-
DCOZ27;BRBMEFDCO5L2;FINANCIAL;-;-;-;-;-;-;94047,52;5,438;93818,59;-;228,93;571,5809775;-;-;-;-;-
DCOZ28;BRBMEFDCO5N8;FINANCIAL;-;-;-;-;-;-;88326,47;6,061;88062,77;-;263,7;658,392975;-;-;-;-;-
DCOZ29;BRBMEFDCO5P3;FINANCIAL;-;-;-;-;-;-;83047,65;6,379;82674,5;-;373,15;931,6622625;-;-;-;-;-
DI1F27;BRBMEFD1I4Z0;FINANCIAL;13,453;13,428;13,453;13,438;13,451;0,13;97186,98;13,445;97189,25;-;-2,27;-2,27;13,45;13,451;13.086;953.275;92647104162,88
DI1F28;BRBMEFD1I4Y3;FINANCIAL;12,62;12,505;12,64;12,555;12,56;-0,23;86547,36;12,548;86508,29;-;39,07;39,07;12,56;12,565;94.737;1.004.650;86942729115,68
DI1F29;BRBMEFD1I4K2;FINANCIAL;12,45;12,23;12,49;12,323;12,32;-0,88;77392,63;12,317;77221,38;-;171,25;171,25;12,315;12,32;101.947;976.029;75528177585,37
DI1F30;BRBMEFD1I504;FINANCIAL;12,57;12,29;12,57;12,387;12,375;-1,06;68857,82;12,39;68628,18;-;229,64;229,64;12,365;12,38;61.765;289.973;19968083312,73
DI1F31;BRBMEFD1I686;FINANCIAL;12,605;12,345;12,655;12,455;12,42;-1,34;61134,42;12,448;60813,92;-;320,5;320,5;12,42;12,425;57.292;635.892;38864156874,8
DI1F32;BRBMEFD1I793;FINANCIAL;12,75;12,445;12,755;12,556;12,495;-1,56;54146,36;12,536;53752,5;-;393,86;393,86;12,5;12,525;15.945;134.781;7291206612,12
DI1F33;BRBMEFD1I678;FINANCIAL;12,795;12,505;12,825;12,594;12,555;-1,6;47977,21;12,588;47524,55;-;452,66;452,66;12,555;12,565;23.162;129.506;6211219647,76
DI1F34;BRBMEFD1I7A6;FINANCIAL;12,805;12,535;12,815;12,618;12,575;-1,61;42548,82;12,619;42109,9;-;438,92;438,92;12,565;-;311;1.897;80715633,79
DI1F35;BRBMEFD1I6J9;FINANCIAL;12,825;12,53;12,85;12,641;12,57;-1,63;37893,79;12,604;37416,92;-;476,87;476,87;12,555;12,57;30.851;127.548;4820224504,34
DI1F36;BRBMEFD1I6W2;FINANCIAL;12,8;12,545;12,8;12,62;12,555;-1,71;33727,28;12,594;33238,25;-;489,03;489,03;12,545;12,565;100;285;9591689,89
DI1F37;BRBMEFD1I777;FINANCIAL;12,85;12,55;12,86;12,658;12,585;-1,67;29846,22;12,629;29390,28;-;455,94;455,94;12,575;12,58;11.959;96.212;2863976570,95
DI1F38;BRBMEFD1I7P4;FINANCIAL;12,62;12,615;12,62;12,619;12,615;-1,44;26560,8;12,62;26092,6;-;468,2;468,2;-;-;16;47;1248383,92
DI1F39;BRBMEFD1I819;FINANCIAL;-;-;-;-;-;-;23672,07;12,59;23217,74;-;454,33;454,33;-;-;-;-;-
DI1F40;BRBMEFD1I8E6;FINANCIAL;-;-;-;-;-;-;21069,34;12,576;20632,06;-;437,28;437,28;-;-;-;-;-
DI1F41;BRBMEFD1I8T4;FINANCIAL;-;-;-;-;-;-;18754,45;12,567;18336,1;-;418,35;418,35;-;-;-;-;-
DI1G27;BRBMEFD1I8U2;FINANCIAL;13,37;13,355;13,375;13,366;13,375;0,11;96237,49;13,373;96241,04;-;-3,55;-3,55;13,375;13,385;300;27.013;2599705780,83
DI1H27;BRBMEFD1I918;FINANCIAL;13,305;13,29;13,31;13,302;13,31;0,18;95400,45;13,304;95406,08;-;-5,63;-5,63;13,305;13,315;282;2.882;274945152,57
DI1J27;BRBMEFD1I7C2;FINANCIAL;13,245;13,21;13,26;13,23;13,24;0,15;94392,9;13,234;94398,56;-;-5,66;-5,66;13,235;13,24;6.421;403.740;38110745884,29
DI1J28;BRBMEFD1I7S8;FINANCIAL;12,52;12,385;12,54;12,432;12,45;-0,37;84142,64;12,443;84083,28;-;59,36;59,36;12,43;12,465;3.147;46.639;3924865632,45
DI1J29;BRBMEFD1I843;FINANCIAL;12,48;12,255;12,5;12,331;12,32;-1,1;75191,16;12,351;75015,97;-;175,19;175,19;-;-;526;3.869;291036493,99
DI1J30;BRBMEFD1I8H9;FINANCIAL;12,585;12,3;12,585;12,46;12,385;-1,13;66923,86;12,397;66659,12;-;264,74;264,74;12,35;12,39;139;1.025;68464020,56
DI1J31;BRBMEFD1I8Q0;FINANCIAL;12,545;12,37;12,545;12,462;12,4;-1,63;59387,52;12,463;59053,49;-;334,03;334,03;12,42;12,45;381;2.801;166345016,48
DI1K27;BRBMEFD1I926;FINANCIAL;13,17;13,13;13,17;13,146;13,145;0,04;93458,27;13,15;93463,09;-;-4,82;-4,82;13,15;13,165;453;6.644;620946794,72
DI1M27;BRBMEFD1I934;FINANCIAL;13,045;13,045;13,07;13,065;13,07;0,06;92591,54;13,062;92591,37;-;0,17;0,17;13,07;13,09;2;6;555537,42
DI1N27;BRBMEFD1I7F5;FINANCIAL;13,02;12,96;13,04;12,989;13,01;0,12;91646,74;12,989;91643,61;-;3,13;3,13;13;13,015;21.373;570.936;52324270074,54
DI1N28;BRBMEFD1I7V2;FINANCIAL;12,48;12,3;12,495;12,37;12,375;-0,57;81886,16;12,364;81783,53;-;102,63;102,63;12,36;12,38;16.265;104.388;8547069457,1
DI1N29;BRBMEFD1I850;FINANCIAL;12,53;12,28;12,545;12,377;12,37;-0,96;72993,24;12,374;72789,76;-;203,48;203,48;12,355;12,375;20.643;219.952;16053545463,97
DI1N30;BRBMEFD1I8D8;FINANCIAL;12,585;12,32;12,605;12,424;12,39;-1,29;64984,41;12,417;64698,21;-;286,2;286,2;-;-;804;4.634;301062499,55
DI1N31;BRBMEFD1I8R8;FINANCIAL;12,675;12,39;12,675;12,46;12,435;-1,58;57670,03;12,485;57311,25;-;358,78;358,78;-;12,47;393;1.973;113900675,87
DI1Q27;BRBMEFD1I8M9;FINANCIAL;12,905;12,88;12,915;12,903;12,905;-0,06;90734,08;12,897;90723,53;-;10,55;10,55;12,905;12,93;5;1.237;112233168,61
DI1U27;BRBMEFD1I942;FINANCIAL;12,79;12,79;12,82;12,802;12,82;-0,1;89839,1;12,811;89822,54;-;16,56;16,56;12,82;12,845;4;2.308;207362341,26
DI1V27;BRBMEFD1I7I9;FINANCIAL;12,755;12,71;12,81;12,745;12,765;0;88998,68;12,736;88975,33;-;23,35;23,35;12,755;12,77;6.699;129.141;11492401956,94
DI1V28;BRBMEFD1I7Y6;FINANCIAL;12,47;12,265;12,49;12,339;12,335;-0,83;79528,03;12,342;79393,63;-;134,4;134,4;12,29;-;2.286;27.193;2162702589,79
DI1V29;BRBMEFD1I8A4;FINANCIAL;12,54;12,28;12,54;12,381;12,375;-0,98;70856,7;12,377;70631,07;-;225,63;225,63;12,335;12,38;713;3.220;228132638,34
DI1V30;BRBMEFD1I8L1;FINANCIAL;12,57;12,33;12,575;12,399;12,38;-1,48;63002,66;12,426;62694,33;-;308,33;308,33;12,395;12,415;81;922;58142528,64
DI1V31;BRBMEFD1I8S6;FINANCIAL;12,635;12,43;12,635;12,486;12,46;-1,54;55880,86;12,501;55503,97;-;376,89;376,89;12,46;12,5;51;613;34277453,26
DI1X26;BRBMEFD1I8P2;FINANCIAL;13,656;13,654;13,656;13,655;13,655;0;99190,56;13,656;99190,64;-;-0,08;-0,08;13,654;13,656;628;58.753;5827743130,63
DI1X27;BRBMEFD1I8V0;FINANCIAL;12,68;12,65;12,685;12,667;12,67;-0,24;88211,9;12,668;88184,36;-;27,54;27,54;12,68;12,705;56;7.237;638391588,13
DI1X28;BRBMEFD1I8X6;FINANCIAL;12,45;12,275;12,45;12,335;12,31;-1;78773,43;12,333;78627,36;-;146,07;146,07;-;-;43;326;25679197,28
DI1X29;BRBMEFD1I8Z1;FINANCIAL;12,36;12,305;12,39;12,362;12,345;-1,27;70134,74;12,379;69899,06;-;235,68;235,68;-;-;48;800;56132508,19
DI1Z26;BRBMEFD1I8O5;FINANCIAL;13,539;13,532;13,542;13,536;13,54;0,04;98252,26;13,536;98252,52;-;-0,26;-0,26;13,539;13,54;348;101.582;9980651060,12
DI1Z27;BRBMEFD1I8W8;FINANCIAL;12,615;12,575;12,62;12,597;12,6;-0,33;87438,72;12,602;87403,17;-;35,55;35,55;12,61;12,635;79;5.732;501219801,97
DI1Z28;BRBMEFD1I8Y4;FINANCIAL;12,46;12,26;12,46;12,333;12,3;-1,08;78093,12;12,328;77935,5;-;157,62;157,62;-;-;44;282;22019965,87
DI1Z29;BRBMEFD1I900;FINANCIAL;12,485;12,295;12,485;12,357;12,34;-1,29;69516,46;12,381;69284,67;-;231,79;231,79;-;-;44;133;9251757,64
OC1F27;BRBMEFOC11Z8;FINANCIAL;-;-;-;-;-;-;97186,98;13,445;97189,25;-;-2,27;-2,27;-;-;-;-;-
OC1F28;BRBMEFOC11X3;FINANCIAL;-;-;-;-;-;-;86547,36;12,548;86508,29;-;39,07;39,07;-;-;-;-;-
OC1F29;BRBMEFOC11J2;FINANCIAL;-;-;-;-;-;-;77392,63;12,317;77221,38;-;171,25;171,25;-;-;-;-;-
OC1F30;BRBMEFOC11Y1;FINANCIAL;-;-;-;-;-;-;68857,82;12,39;68628,18;-;229,64;229,64;-;-;-;-;-
OC1F31;BRBMEFOC1364;FINANCIAL;-;-;-;-;-;-;61134,42;12,448;60813,92;-;320,5;320,5;-;-;-;-;-
OC1F32;BRBMEFOC1463;FINANCIAL;-;-;-;-;-;-;54146,36;12,536;53752,5;-;393,86;393,86;-;-;-;-;-
OC1F33;BRBMEFOC13I0;FINANCIAL;-;-;-;-;-;-;47977,21;12,588;47524,55;-;452,66;452,66;-;-;-;-;-
OC1F34;BRBMEFOC1471;FINANCIAL;-;-;-;-;-;-;42548,82;12,619;42109,9;-;438,92;438,92;-;-;-;-;-
OC1F35;BRBMEFOC13H2;FINANCIAL;-;-;-;-;-;-;37893,79;12,604;37416,92;-;476,87;476,87;-;-;-;-;-
OC1F36;BRBMEFOC13T7;FINANCIAL;-;-;-;-;-;-;33727,28;12,594;33238,25;-;489,03;489,03;-;-;-;-;-
OC1F37;BRBMEFOC1448;FINANCIAL;-;-;-;-;-;-;29846,22;12,629;29390,28;-;455,94;455,94;-;-;-;-;-
OC1F38;BRBMEFOC14J6;FINANCIAL;-;-;-;-;-;-;26560,8;12,62;26092,6;-;468,2;468,2;-;-;-;-;-
OC1F39;BRBMEFOC14V1;FINANCIAL;-;-;-;-;-;-;23672,07;12,59;23217,74;-;454,33;454,33;-;-;-;-;-
OC1F40;BRBMEFOC1588;FINANCIAL;-;-;-;-;-;-;21069,34;12,576;20632,06;-;437,28;437,28;-;-;-;-;-
OC1F41;BRBMEFOC15N5;FINANCIAL;-;-;-;-;-;-;18754,45;12,567;18336,1;-;418,35;418,35;-;-;-;-;-
OC1G27;BRBMEFOC15O3;FINANCIAL;-;-;-;-;-;-;96237,49;13,373;96241,04;-;-3,55;-3,55;-;-;-;-;-
OC1H27;BRBMEFOC15V8;FINANCIAL;-;-;-;-;-;-;95400,45;13,304;95406,08;-;-5,63;-5,63;-;-;-;-;-
OC1J27;BRBMEFOC1497;FINANCIAL;-;-;-;-;-;-;94392,9;13,234;94398,56;-;-5,66;-5,66;-;-;-;-;-
OC1J28;BRBMEFOC14M0;FINANCIAL;-;-;-;-;-;-;84142,64;12,443;84083,28;-;59,36;59,36;-;-;-;-;-
OC1J29;BRBMEFOC14Y5;FINANCIAL;-;-;-;-;-;-;75191,16;12,351;75015,97;-;175,19;175,19;-;-;-;-;-
OC1J30;BRBMEFOC15B0;FINANCIAL;-;-;-;-;-;-;66923,86;12,397;66659,12;-;264,74;264,74;-;-;-;-;-
OC1J31;BRBMEFOC15L9;FINANCIAL;-;-;-;-;-;-;59387,52;12,463;59053,49;-;334,03;334,03;-;-;-;-;-
OC1K27;BRBMEFOC15W6;FINANCIAL;-;-;-;-;-;-;93458,27;13,15;93463,09;-;-4,82;-4,82;-;-;-;-;-
OC1M27;BRBMEFOC15X4;FINANCIAL;-;-;-;-;-;-;92591,54;13,062;92591,37;-;0,17;0,17;-;-;-;-;-
OC1N27;BRBMEFOC14C1;FINANCIAL;-;-;-;-;-;-;91646,74;12,989;91643,61;-;3,13;3,13;-;-;-;-;-
OC1N28;BRBMEFOC14P3;FINANCIAL;-;-;-;-;-;-;81886,16;12,364;81783,53;-;102,63;102,63;-;-;-;-;-
OC1N29;BRBMEFOC14Z2;FINANCIAL;-;-;-;-;-;-;72993,24;12,374;72789,76;-;203,48;203,48;-;-;-;-;-
OC1N30;BRBMEFOC1570;FINANCIAL;-;-;-;-;-;-;64984,41;12,417;64698,21;-;286,2;286,2;-;-;-;-;-
OC1N31;BRBMEFOC15K1;FINANCIAL;-;-;-;-;-;-;57670,03;12,485;57311,25;-;358,78;358,78;-;-;-;-;-
OC1Q27;BRBMEFOC15G9;FINANCIAL;-;-;-;-;-;-;90734,08;12,897;90723,53;-;10,55;10,55;-;-;-;-;-
OC1U27;BRBMEFOC15Y2;FINANCIAL;-;-;-;-;-;-;89839,1;12,811;89822,54;-;16,56;16,56;-;-;-;-;-
OC1V27;BRBMEFOC14F4;FINANCIAL;-;-;-;-;-;-;88998,68;12,736;88975,33;-;23,35;23,35;-;-;-;-;-
OC1V28;BRBMEFOC14S7;FINANCIAL;-;-;-;-;-;-;79528,03;12,342;79393,63;-;134,4;134,4;-;-;-;-;-
OC1V29;BRBMEFOC1547;FINANCIAL;-;-;-;-;-;-;70856,7;12,377;70631,07;-;225,63;225,63;-;-;-;-;-
OC1V30;BRBMEFOC15F1;FINANCIAL;-;-;-;-;-;-;63002,66;12,426;62694,33;-;308,33;308,33;-;-;-;-;-
OC1V31;BRBMEFOC15M7;FINANCIAL;-;-;-;-;-;-;55880,86;12,501;55503,97;-;376,89;376,89;-;-;-;-;-
OC1X26;BRBMEFOC15J3;FINANCIAL;-;-;-;-;-;-;99190,56;13,656;99190,64;-;-0,08;-0,08;-;-;-;-;-
OC1X27;BRBMEFOC15P0;FINANCIAL;-;-;-;-;-;-;88211,9;12,668;88184,36;-;27,54;27,54;-;-;-;-;-
OC1X28;BRBMEFOC15R6;FINANCIAL;-;-;-;-;-;-;78773,43;12,333;78627,36;-;146,07;146,07;-;-;-;-;-
OC1X29;BRBMEFOC15T2;FINANCIAL;-;-;-;-;-;-;70134,74;12,379;69899,06;-;235,68;235,68;-;-;-;-;-
OC1Z26;BRBMEFOC15I5;FINANCIAL;-;-;-;-;-;-;98252,26;13,536;98252,52;-;-0,26;-0,26;-;-;-;-;-
OC1Z27;BRBMEFOC15Q8;FINANCIAL;-;-;-;-;-;-;87438,72;12,602;87403,17;-;35,55;35,55;-;-;-;-;-
OC1Z28;BRBMEFOC15S4;FINANCIAL;-;-;-;-;-;-;78093,12;12,328;77935,5;-;157,62;157,62;-;-;-;-;-
OC1Z29;BRBMEFOC15U0;FINANCIAL;-;-;-;-;-;-;69516,46;12,381;69284,67;-;231,79;231,79;-;-;-;-;-
DOLF27;BRBMEFDOL7G7;FINANCIAL;-;-;-;-;-;-;5095,14;-;5082,539;-;12,601;630,05;-;-;-;-;-
DOLF28;BRBMEFDOL7J1;FINANCIAL;-;-;-;-;-;-;5395,778;-;5384,435;-;11,343;567,15;-;-;-;-;-
DOLF29;BRBMEFDOL7K9;FINANCIAL;-;-;-;-;-;-;5672,997;-;5667,422;-;5,575;278,75;-;-;-;-;-
DOLF30;BRBMEFDOL7O1;FINANCIAL;-;-;-;-;-;-;5990,695;-;5984,857;-;5,838;291,9;-;-;-;-;-
DOLF31;BRBMEFDOL8C4;FINANCIAL;-;-;-;-;-;-;6331,528;-;6336,983;-;-5,455;-272,75;-;-;-;-;-
DOLG27;BRBMEFDOL8D2;FINANCIAL;-;-;-;-;-;-;5124,233;-;5111,692;-;12,541;627,05;-;-;-;-;-
DOLH27;BRBMEFDOL8E0;FINANCIAL;-;-;-;-;-;-;5147,628;-;5134,953;-;12,675;633,75;-;-;-;-;-
DOLJ27;BRBMEFDOL7L7;FINANCIAL;-;-;-;-;-;-;5178,307;-;5165,401;-;12,906;645,3;-;-;-;-;-
DOLJ28;BRBMEFDOL801;FINANCIAL;-;-;-;-;-;-;5467,848;-;5456,983;-;10,865;543,25;-;-;-;-;-
DOLJ29;BRBMEFDOL8B6;FINANCIAL;-;-;-;-;-;-;5749,615;-;5742,894;-;6,721;336,05;-;-;-;-;-
DOLK27;BRBMEFDOL8F7;FINANCIAL;-;-;-;-;-;-;5204,208;-;5191,006;-;13,202;660,1;-;-;-;-;-
DOLM27;BRBMEFDOL8G5;FINANCIAL;-;-;-;-;-;-;5228,75;-;5215,733;-;13,017;650,85;-;-;-;-;-
DOLN27;BRBMEFDOL7M5;FINANCIAL;-;-;-;-;-;-;5256,536;-;5243,596;-;12,94;647;-;-;-;-;-
DOLN28;BRBMEFDOL7N3;FINANCIAL;-;-;-;-;-;-;5534,002;-;5526,639;-;7,363;368,15;-;-;-;-;-
DOLN29;BRBMEFDOL7P8;FINANCIAL;-;-;-;-;-;-;5831,745;-;5828,452;-;3,293;164,65;-;-;-;-;-
DOLN30;BRBMEFDOL7X2;FINANCIAL;-;-;-;-;-;-;6153,826;-;6154,87;-;-1,044;-52,2;-;-;-;-;-
DOLQ27;BRBMEFDOL843;FINANCIAL;-;-;-;-;-;-;5282,281;-;5269,653;-;12,628;631,4;-;-;-;-;-
DOLU27;BRBMEFDOL8I1;FINANCIAL;-;-;-;-;-;-;5309,015;-;5296,645;-;12,37;618,5;-;-;-;-;-
DOLV27;BRBMEFDOL7U8;FINANCIAL;-;-;-;-;-;-;5330,147;-;5318,068;-;12,079;603,95;-;-;-;-;-
DOLV28;BRBMEFDOL884;FINANCIAL;-;-;-;-;-;-;5609,77;-;5603,598;-;6,172;308,6;-;-;-;-;-
DOLV29;BRBMEFDOL8H3;FINANCIAL;-;-;-;-;-;-;5919,26;-;5914,975;-;4,285;214,25;-;-;-;-;-
DOLX26;BRBMEFDOL892;FINANCIAL;5050;5022;5054,5;5033,591;5040;0,24;5040,028;-;5027,758;-;12,27;613,5;5039;5040;17.028;277.000;69715240750
DOLZ26;BRBMEFDOL850;FINANCIAL;-;-;-;-;-;-;5067,352;-;5054,967;-;12,385;619,25;-;-;-;-;-
SJCF27;BRBMEFSJC352;AGRIBUSINESS;28,91;28,75;28,99;28,82;28,76;-0,75;28,7533;-;28,9793;-;-0,226;-509,47632;-;28,79;190;1.013;65815458,52
SJCF28;BRBMEFSJC3D4;AGRIBUSINESS;-;-;-;-;-;-;27,9707;-;28,136;-;-0,1653;-372,639096;-;-;-;-;-
SJCH27;BRBMEFSJC360;AGRIBUSINESS;29;28,97;29;28,99;28,97;-0,74;28,9683;-;29,1887;-;-0,2204;-496,852128;28,52;-;4;31;2026566,05
SJCK27;BRBMEFSJC378;AGRIBUSINESS;29,3;29,2;29,3;29,24;29,2;-0,65;29,1667;-;29,3926;-;-0,2259;-509,250888;28,38;-;5;66;4351739,32
SJCK28;BRBMEFSJC3E2;AGRIBUSINESS;-;-;-;-;-;-;27,9431;-;28,0864;-;-0,1433;-323,044056;-;-;-;-;-
SJCN27;BRBMEFSJC386;AGRIBUSINESS;-;-;-;-;-;-;29,2934;-;29,5139;-;-0,2205;-497,07756;28,7;29,84;-;-;-
SJCQ27;BRBMEFSJC3A0;AGRIBUSINESS;-;-;-;-;-;-;28,8966;-;29,1171;-;-0,2205;-497,07756;28,3;29,45;-;-;-
SJCU27;BRBMEFSJC3B8;AGRIBUSINESS;-;-;-;-;-;-;28,0037;-;28,1911;-;-0,1874;-422,459568;-;-;-;-;-
SJCX26;BRBMEFSJC2Z9;AGRIBUSINESS;28,54;28,35;28,59;28,41;28,37;-0,81;28,384;-;28,6045;-;-0,2205;-497,07756;28,36;28,38;214;909;58234180,36
SJCX27;BRBMEFSJC3C6;AGRIBUSINESS;-;-;-;-;-;-;27,7337;-;27,899;-;-0,1653;-372,639096;-;-;-;-;-
WDOF27;BRBMEFWDO4W8;FINANCIAL;5091,5;5080;5102;5087,016;5097;0,28;5095,14;-;5082,539;-;12,601;126,01;5093;5098,5;99;186;9461850
WDOF28;BRBMEFWDO4Z1;FINANCIAL;-;-;-;-;-;-;5395,778;-;5384,435;-;11,343;113,43;-;-;-;-;-
WDOF29;BRBMEFWDO501;FINANCIAL;-;-;-;-;-;-;5672,997;-;5667,422;-;5,575;55,75;-;-;-;-;-
WDOF30;BRBMEFWDO576;FINANCIAL;-;-;-;-;-;-;5990,695;-;5984,857;-;5,838;58,38;-;-;-;-;-
WDOG27;BRBMEFWDO5M6;FINANCIAL;5125;5125;5125;5125;5125;0,26;5124,233;-;5111,692;-;12,541;125,41;5065;5145;1;1;51250
WDOH27;BRBMEFWDO5L8;FINANCIAL;-;-;-;-;-;-;5147,628;-;5134,953;-;12,675;126,75;5116;5241;-;-;-
WDOJ27;BRBMEFWDO4V0;FINANCIAL;-;-;-;-;-;-;5178,307;-;5165,401;-;12,906;129,06;5115,5;-;-;-;-
WDOJ28;BRBMEFWDO5D5;FINANCIAL;-;-;-;-;-;-;5467,848;-;5456,983;-;10,865;108,65;-;-;-;-;-
WDOJ29;BRBMEFWDO5K0;FINANCIAL;-;-;-;-;-;-;5749,615;-;5742,894;-;6,721;67,21;-;-;-;-;-
WDOK27;BRBMEFWDO5O2;FINANCIAL;-;-;-;-;-;-;5204,208;-;5191,006;-;13,202;132,02;-;-;-;-;-
WDOM27;BRBMEFWDO5N4;FINANCIAL;-;-;-;-;-;-;5228,75;-;5215,733;-;13,017;130,17;-;-;-;-;-
WDON27;BRBMEFWDO4X6;FINANCIAL;-;-;-;-;-;-;5256,536;-;5243,596;-;12,94;129,4;-;-;-;-;-
WDON28;BRBMEFWDO4Y4;FINANCIAL;-;-;-;-;-;-;5534,002;-;5526,639;-;7,363;73,63;-;-;-;-;-
WDON29;BRBMEFWDO568;FINANCIAL;-;-;-;-;-;-;5831,745;-;5828,452;-;3,293;32,93;-;-;-;-;-
WDON30;BRBMEFWDO5F0;FINANCIAL;-;-;-;-;-;-;6153,826;-;6154,87;-;-1,044;-10,44;-;-;-;-;-
WDOQ27;BRBMEFWDO5G8;FINANCIAL;-;-;-;-;-;-;5282,281;-;5269,653;-;12,628;126,28;-;-;-;-;-
WDOU27;BRBMEFWDO5Q7;FINANCIAL;-;-;-;-;-;-;5309,015;-;5296,645;-;12,37;123,7;-;-;-;-;-
WDOV27;BRBMEFWDO592;FINANCIAL;-;-;-;-;-;-;5330,147;-;5318,068;-;12,079;120,79;-;-;-;-;-
WDOV28;BRBMEFWDO5J2;FINANCIAL;-;-;-;-;-;-;5609,77;-;5603,598;-;6,172;61,72;-;-;-;-;-
WDOV29;BRBMEFWDO5P9;FINANCIAL;-;-;-;-;-;-;5919,26;-;5914,975;-;4,285;42,85;-;-;-;-;-
WDOX26;BRBMEFWDO5I4;FINANCIAL;5046;5022;5052;5035,876;5038,5;0,21;5040,028;-;5027,758;-;12,27;122,7;5038,5;5039;483.009;2.255.158;113566973480
WDOZ26;BRBMEFWDO5E3;FINANCIAL;5073;5050;5076,5;5063,824;5067;0,23;5067,352;-;5054,967;-;12,385;123,85;5066;5069;1.709;3.365;170397685
FRCF27;BRBMEFFRC4U1;FINANCIAL;5,56;5,54;5,57;5,55;5,56;-0,17;-;5,56;-;-;-;-;-;-;80;101.919;12298601377,79
FRCF28;BRBMEFFRC4X5;FINANCIAL;5,97;5,96;5,97;5,96;5,96;-0,16;-;5,96;-;-;-;-;-;-;26;9.378;1098463936,88
FRCF29;BRBMEFFRC4V9;FINANCIAL;6,34;6,31;6,36;6,33;6,31;-0,62;-;6,31;-;-;-;-;-;-;11;3.832;434328165,42
FRCF30;BRBMEFFRC4W7;FINANCIAL;6,67;6,6;6,67;6,6;6,6;-1,04;-;6,6;-;-;-;-;-;-;15;5.821;638155413,81
FRCF31;BRBMEFFRC667;FINANCIAL;7;6,9;7;6,91;6,9;-0,86;-;6,9;-;-;-;-;-;-;17;12.736;1347606744,96
FRCF32;BRBMEFFRC766;FINANCIAL;7,2;7,2;7,2;7,2;7,2;-0,96;-;7,2;-;-;-;-;-;-;11;2.155;90513181,05
FRCF33;BRBMEFFRC6I1;FINANCIAL;7,57;7,51;7,57;7,52;7,53;-0,52;-;7,51;-;-;-;-;-;-;12;1.545;62446216,75
FRCF34;BRBMEFFRC774;FINANCIAL;7,87;7,83;7,87;7,83;7,83;-0,5;-;7,83;-;-;-;-;7,82;7,83;30;776;30052967,96
FRCF35;BRBMEFFRC6H3;FINANCIAL;8,14;8,14;8,14;8,14;8,14;-0,48;-;8,14;-;-;-;-;-;-;2;80;2989691,3
FRCF36;BRBMEFFRC6T8;FINANCIAL;8,55;8,45;8,55;8,53;8,45;-0,58;-;8,45;-;-;-;-;-;-;12;1.792;64094647,02
FRCF37;BRBMEFFRC741;FINANCIAL;8,86;8,85;8,86;8,85;8,86;0,56;-;8,76;-;-;-;-;-;-;12;2.283;78263052,03
FRCF38;BRBMEFFRC7J7;FINANCIAL;-;-;-;-;-;-;-;9,08;-;-;-;-;-;-;-;-;-
FRCF39;BRBMEFFRC7V2;FINANCIAL;-;-;-;-;-;-;-;9,41;-;-;-;-;-;-;-;-;-
FRCF40;BRBMEFFRC881;FINANCIAL;-;-;-;-;-;-;-;9,72;-;-;-;-;-;-;-;-;-
FRCF41;BRBMEFFRC8N7;FINANCIAL;-;-;-;-;-;-;-;10,04;-;-;-;-;-;-;-;-;-
FRCG27;BRBMEFFRC8O5;FINANCIAL;5,49;5,47;5,5;5,48;5,5;0,18;-;5,5;-;-;-;-;-;-;44;46.303;2296215195,33
FRCH27;BRBMEFFRC8V0;FINANCIAL;5,46;5,46;5,49;5,47;5,49;0,18;-;5,49;-;-;-;-;5,47;5,49;5;3.629;179592975,29
FRCJ27;BRBMEFFRC790;FINANCIAL;5,51;5,48;5,52;5,5;5,5;0;-;5,5;-;-;-;-;-;-;64;44.882;2215831667,72
FRCJ28;BRBMEFFRC7M1;FINANCIAL;6,07;6,03;6,07;6,03;6,03;-0,33;-;6,03;-;-;-;-;-;-;7;1.536;73504927,76
FRCJ29;BRBMEFFRC7Y6;FINANCIAL;6,39;6,39;6,39;6,39;6,39;-0,77;-;6,39;-;-;-;-;-;-;4;559;25884849,19
FRCJ30;BRBMEFFRC8B2;FINANCIAL;6,74;6,68;6,74;6,71;6,68;-0,89;-;6,68;-;-;-;-;-;-;3;743;33239697,43
FRCJ31;BRBMEFFRC8L1;FINANCIAL;-;-;-;-;-;-;-;6,96;-;-;-;-;-;-;-;-;-
FRCK27;BRBMEFFRC8W8;FINANCIAL;5,54;5,54;5,54;5,54;5,54;-0,18;-;5,54;-;-;-;-;-;-;26;1.920;94557266,9
FRCM27;BRBMEFFRC8X6;FINANCIAL;5,59;5,59;5,59;5,59;5,59;-0,17;-;5,59;-;-;-;-;-;5,59;3;2.952;145032094,32
FRCN27;BRBMEFFRC7C2;FINANCIAL;5,66;5,64;5,66;5,65;5,65;-0,35;-;5,66;-;-;-;-;5,64;5,65;14;10.484;513780566,64
FRCN28;BRBMEFFRC7P4;FINANCIAL;6,11;6,11;6,11;6,11;6,11;-0,16;-;6,11;-;-;-;-;-;-;8;1.030;48905075,5
FRCN29;BRBMEFFRC7Z3;FINANCIAL;6,46;6,46;6,46;6,46;6,46;-0,61;-;6,46;-;-;-;-;-;-;1;185;8495453,85
FRCN30;BRBMEFFRC873;FINANCIAL;6,74;6,74;6,74;6,74;6,74;-0,88;-;6,74;-;-;-;-;-;-;1;1.368;60713867,68
FRCN31;BRBMEFFRC8K3;FINANCIAL;-;-;-;-;-;-;-;7,02;-;-;-;-;-;-;-;-;-
FRCQ27;BRBMEFFRC8G1;FINANCIAL;5,7;5,7;5,7;5,7;5,7;-0,17;-;5,7;-;-;-;-;-;5,7;5;588;28740673,08
FRCU27;BRBMEFFRC8Y4;FINANCIAL;5,74;5,74;5,74;5,74;5,74;-0,17;-;5,74;-;-;-;-;-;-;30;4.173;203474387,73
FRCV27;BRBMEFFRC7F5;FINANCIAL;5,88;5,84;5,88;5,86;5,84;-0,17;-;5,84;-;-;-;-;5,82;5,84;21;15.491;753083696,81
FRCV28;BRBMEFFRC7S8;FINANCIAL;6,23;6,21;6,23;6,22;6,21;-0,32;-;6,21;-;-;-;-;-;-;10;3.993;188007445,73
FRCV29;BRBMEFFRC840;FINANCIAL;6,5;6,5;6,5;6,5;6,5;-0,91;-;6,5;-;-;-;-;-;-;13;4.413;201047598,33
FRCV30;BRBMEFFRC8F3;FINANCIAL;6,89;6,89;6,89;6,89;6,89;0;-;6,83;-;-;-;-;-;-;2;821;36063661,81
FRCV31;BRBMEFFRC8M9;FINANCIAL;-;-;-;-;-;-;-;7,1;-;-;-;-;-;-;-;-;-
FRCX27;BRBMEFFRC8P2;FINANCIAL;5,86;5,86;5,86;5,86;5,86;-0,17;-;5,86;-;-;-;-;-;-;6;971;47088295,11
FRCX28;BRBMEFFRC8R8;FINANCIAL;-;-;-;-;-;-;-;6,24;-;-;-;-;-;-;-;-;-
FRCX29;BRBMEFFRC8T4;FINANCIAL;6,56;6,56;6,56;6,56;6,56;-1,5;-;6,56;-;-;-;-;-;-;3;2.017;91580331,97
FRCZ26;BRBMEFFRC8I7;FINANCIAL;5,28;5,27;5,28;5,27;5,28;-0,18;-;5,28;-;-;-;-;-;-;37;43.120;2148750807,8
FRCZ27;BRBMEFFRC8Q0;FINANCIAL;5,91;5,91;5,91;5,91;5,91;0;-;5,91;-;-;-;-;-;5,91;11;6.070;293596601,9
FRCZ28;BRBMEFFRC8S6;FINANCIAL;-;-;-;-;-;-;-;6,33;-;-;-;-;-;-;-;-;-
FRCZ29;BRBMEFFRC8U2;FINANCIAL;-;-;-;-;-;-;-;6,57;-;-;-;-;-;-;-;-;-
FROF27;BRBMEFFRO1P3;FINANCIAL;-;-;-;-;-;-;-;5,56;-;-;-;-;-;-;-;-;-
FROF28;BRBMEFFRO1Q1;FINANCIAL;-;-;-;-;-;-;-;5,96;-;-;-;-;-;-;-;-;-
FROF29;BRBMEFFRO1O6;FINANCIAL;-;-;-;-;-;-;-;6,31;-;-;-;-;-;-;-;-;-
FROF30;BRBMEFFRO1R9;FINANCIAL;-;-;-;-;-;-;-;6,6;-;-;-;-;-;-;-;-;-
FROF31;BRBMEFFRO2Z0;FINANCIAL;-;-;-;-;-;-;-;6,9;-;-;-;-;-;-;-;-;-
FROF32;BRBMEFFRO3Z8;FINANCIAL;-;-;-;-;-;-;-;7,2;-;-;-;-;-;-;-;-;-
FROF33;BRBMEFFRO3B9;FINANCIAL;-;-;-;-;-;-;-;7,51;-;-;-;-;-;-;-;-;-
FROF34;BRBMEFFRO407;FINANCIAL;-;-;-;-;-;-;-;7,83;-;-;-;-;-;-;-;-;-
FROF35;BRBMEFFRO3A1;FINANCIAL;-;-;-;-;-;-;-;8,14;-;-;-;-;-;-;-;-;-
FROF36;BRBMEFFRO3M6;FINANCIAL;-;-;-;-;-;-;-;8,45;-;-;-;-;-;-;-;-;-
FROF37;BRBMEFFRO3X3;FINANCIAL;-;-;-;-;-;-;-;8,76;-;-;-;-;-;-;-;-;-
FROF38;BRBMEFFRO4C5;FINANCIAL;-;-;-;-;-;-;-;9,08;-;-;-;-;-;-;-;-;-
FROF39;BRBMEFFRO4O0;FINANCIAL;-;-;-;-;-;-;-;9,41;-;-;-;-;-;-;-;-;-
FROF40;BRBMEFFRO514;FINANCIAL;-;-;-;-;-;-;-;9,72;-;-;-;-;-;-;-;-;-
FROF41;BRBMEFFRO5G3;FINANCIAL;-;-;-;-;-;-;-;10,04;-;-;-;-;-;-;-;-;-
FROG27;BRBMEFFRO5H1;FINANCIAL;-;-;-;-;-;-;-;5,5;-;-;-;-;-;-;-;-;-
FROH27;BRBMEFFRO5O7;FINANCIAL;-;-;-;-;-;-;-;5,49;-;-;-;-;-;-;-;-;-
FROJ27;BRBMEFFRO423;FINANCIAL;-;-;-;-;-;-;-;5,5;-;-;-;-;-;-;-;-;-
FROJ28;BRBMEFFRO4F8;FINANCIAL;-;-;-;-;-;-;-;6,03;-;-;-;-;-;-;-;-;-
FROJ29;BRBMEFFRO4R3;FINANCIAL;-;-;-;-;-;-;-;6,39;-;-;-;-;-;-;-;-;-
FROJ30;BRBMEFFRO548;FINANCIAL;-;-;-;-;-;-;-;6,68;-;-;-;-;-;-;-;-;-
FROJ31;BRBMEFFRO5E8;FINANCIAL;-;-;-;-;-;-;-;6,96;-;-;-;-;-;-;-;-;-
FROK27;BRBMEFFRO5P4;FINANCIAL;-;-;-;-;-;-;-;5,54;-;-;-;-;-;-;-;-;-
FROM27;BRBMEFFRO5Q2;FINANCIAL;-;-;-;-;-;-;-;5,59;-;-;-;-;-;-;-;-;-
FRON27;BRBMEFFRO456;FINANCIAL;-;-;-;-;-;-;-;5,66;-;-;-;-;-;-;-;-;-
FRON28;BRBMEFFRO4I2;FINANCIAL;-;-;-;-;-;-;-;6,11;-;-;-;-;-;-;-;-;-
FRON29;BRBMEFFRO4S1;FINANCIAL;-;-;-;-;-;-;-;6,46;-;-;-;-;-;-;-;-;-
FRON30;BRBMEFFRO506;FINANCIAL;-;-;-;-;-;-;-;6,74;-;-;-;-;-;-;-;-;-
FRON31;BRBMEFFRO5D0;FINANCIAL;-;-;-;-;-;-;-;7,02;-;-;-;-;-;-;-;-;-
FROQ27;BRBMEFFRO597;FINANCIAL;-;-;-;-;-;-;-;5,7;-;-;-;-;-;-;-;-;-
FROU27;BRBMEFFRO5R0;FINANCIAL;-;-;-;-;-;-;-;5,74;-;-;-;-;-;-;-;-;-
FROV27;BRBMEFFRO480;FINANCIAL;-;-;-;-;-;-;-;5,84;-;-;-;-;-;-;-;-;-
FROV28;BRBMEFFRO4L6;FINANCIAL;-;-;-;-;-;-;-;6,21;-;-;-;-;-;-;-;-;-
FROV29;BRBMEFFRO4X1;FINANCIAL;-;-;-;-;-;-;-;6,5;-;-;-;-;-;-;-;-;-
FROV30;BRBMEFFRO589;FINANCIAL;-;-;-;-;-;-;-;6,83;-;-;-;-;-;-;-;-;-
FROV31;BRBMEFFRO5F5;FINANCIAL;-;-;-;-;-;-;-;7,1;-;-;-;-;-;-;-;-;-
FROX27;BRBMEFFRO5I9;FINANCIAL;-;-;-;-;-;-;-;5,86;-;-;-;-;-;-;-;-;-
FROX28;BRBMEFFRO5K5;FINANCIAL;-;-;-;-;-;-;-;6,24;-;-;-;-;-;-;-;-;-
FROX29;BRBMEFFRO5M1;FINANCIAL;-;-;-;-;-;-;-;6,56;-;-;-;-;-;-;-;-;-
FROZ26;BRBMEFFRO5B4;FINANCIAL;-;-;-;-;-;-;-;5,28;-;-;-;-;-;-;-;-;-
FROZ27;BRBMEFFRO5J7;FINANCIAL;-;-;-;-;-;-;-;5,91;-;-;-;-;-;-;-;-;-
FROZ28;BRBMEFFRO5L3;FINANCIAL;-;-;-;-;-;-;-;6,33;-;-;-;-;-;-;-;-;-
FROZ29;BRBMEFFRO5N9;FINANCIAL;-;-;-;-;-;-;-;6,57;-;-;-;-;-;-;-;-;-
SCSF704;BRBMEFSCS4E9;FINANCIAL;-;-;-;-;-;-;-;3,444;-;-;-;-;-;-;-;-;-
SCSG701;BRBMEFSCS4F6;FINANCIAL;-;-;-;-;-;-;-;3,906;-;-;-;-;-;-;-;-;-
SCSX603;BRBMEFSCS4C3;FINANCIAL;-;-;-;-;-;-;-;-1,588;-;-;-;-;-;-;-;-;-
SCSZ601;BRBMEFSCS4D1;FINANCIAL;-;-;-;-;-;-;-;1,97;-;-;-;-;-;-;-;-;-
AUSF27;BRBMEFAUS2P7;FINANCIAL;-;-;-;-;-;-;694,348;-;695,383;-;-1,035;-51,84936;-;-;-;-;-
AUSG27;BRBMEFAUS2Q5;FINANCIAL;-;-;-;-;-;-;694,117;-;695,15;-;-1,033;-51,749168;-;-;-;-;-
AUSV26;BRBMEFAUS2M4;FINANCIAL;694,4;694,4;697,1;695,65;695,2;-0,16;695,268;-;696,34;-;-1,072;-53,702912;-;-;7;89;3101613,68
AUSX26;BRBMEFAUS2N2;FINANCIAL;-;-;-;-;-;-;694,926;-;696,004;-;-1,078;-54,003488;-;-;-;-;-
AUSZ26;BRBMEFAUS2O0;FINANCIAL;-;-;-;-;-;-;694,611;-;695,685;-;-1,074;-53,803104;-;-;-;-;-
CANF27;BRBMEFCAN2Q2;FINANCIAL;-;-;-;-;-;-;1414,694;-;1417,638;-;-2,944;-103,693049856;-;-;-;-;-
CANG27;BRBMEFCAN2R0;FINANCIAL;-;-;-;-;-;-;1412,976;-;1415,869;-;-2,893;-101,896736832;-;-;-;-;-
CANV26;BRBMEFCAN2N9;FINANCIAL;-;-;-;-;-;-;1421,38;-;1424,24;-;-2,86;-100,73441664;-;-;-;-;-
CANX26;BRBMEFCAN2O7;FINANCIAL;-;-;-;-;-;-;1419,364;-;1422,222;-;-2,858;-100,663972992;-;-;-;-;-
CANZ26;BRBMEFCAN2P4;FINANCIAL;-;-;-;-;-;-;1417,223;-;1420,166;-;-2,943;-103,657828032;-;-;-;-;-
NZLF27;BRBMEFNZL2P4;FINANCIAL;-;-;-;-;-;-;561,9;-;562;-;-0,1;-5,0096;-;-;-;-;-
NZLG27;BRBMEFNZL2Q2;FINANCIAL;-;-;-;-;-;-;562,3;-;562,4;-;-0,1;-5,0096;-;-;-;-;-
NZLV26;BRBMEFNZL2M1;FINANCIAL;-;-;-;-;-;-;560,3;-;560,4;-;-0,1;-5,0096;-;-;-;-;-
NZLX26;BRBMEFNZL2N9;FINANCIAL;-;-;-;-;-;-;560,8;-;561;-;-0,2;-10,0192;-;-;-;-;-
NZLZ26;BRBMEFNZL2O7;FINANCIAL;-;-;-;-;-;-;561,3;-;561,5;-;-0,2;-10,0192;-;-;-;-;-
EUPF27;BRBMEFEUP2P6;FINANCIAL;-;-;-;-;-;-;1125,815;-;1124,976;-;0,839;42,030544;-;-;-;-;-
EUPG27;BRBMEFEUP2Q4;FINANCIAL;-;-;-;-;-;-;1127,065;-;1126,208;-;0,857;42,932272;-;-;-;-;-
EUPV26;BRBMEFEUP2M3;FINANCIAL;1118,65;1118,65;1122,2;1120,77;1121,85;0,12;1121,402;-;1120,47;-;0,932;46,689472;1090;1123,4;86;2.744;154064912,77
EUPX26;BRBMEFEUP2N1;FINANCIAL;-;-;-;-;-;-;1122,738;-;1121,763;-;0,975;48,8436;-;1125,9;-;-;-
EUPZ26;BRBMEFEUP2O9;FINANCIAL;-;-;-;-;-;-;1124,189;-;1123,197;-;0,992;49,695232;-;-;-;-;-
SWIF27;BRBMEFSWI2P7;FINANCIAL;-;-;-;-;-;-;821,1;-;822,2;-;-1,1;-66,2804912;-;-;-;-;-
SWIG27;BRBMEFSWI2Q5;FINANCIAL;-;-;-;-;-;-;818,5;-;819,6;-;-1,1;-66,2804912;-;-;-;-;-
SWIV26;BRBMEFSWI2M4;FINANCIAL;829,8;829,8;829,8;829,8;829,8;-0,2;830,3;-;831,5;-;-1,2;-72,3059904;-;-;2;210;10499914,39
SWIX26;BRBMEFSWI2N2;FINANCIAL;-;-;-;-;-;-;827,5;-;828,8;-;-1,3;-78,3314896;-;-;-;-;-
SWIZ26;BRBMEFSWI2O0;FINANCIAL;-;-;-;-;-;-;824,5;-;825,8;-;-1,3;-78,3314896;-;-;-;-;-
JAPF27;BRBMEFJAP2P5;FINANCIAL;-;-;-;-;-;-;156494,913;-;156544,42;-;-49,507;-15,714759475;-;-;-;-;-
JAPG27;BRBMEFJAP2Q3;FINANCIAL;-;-;-;-;-;-;156157,296;-;156217,97;-;-60,674;-19,25944445;-;-;-;-;-
JAPV26;BRBMEFJAP2M2;FINANCIAL;-;-;-;-;-;-;157686,519;-;157766,621;-;-80,102;-25,42637735;-;-;-;-;-
JAPX26;BRBMEFJAP2N0;FINANCIAL;-;-;-;-;-;-;157318,263;-;157409,979;-;-91,716;-29,1129513;-;-;-;-;-
JAPZ26;BRBMEFJAP2O8;FINANCIAL;-;-;-;-;-;-;156928,8;-;157022,218;-;-93,418;-29,65320865;-;-;-;-;-
CNHF27;BRBMEFCNH2P7;FINANCIAL;-;-;-;-;-;-;6650,914;-;6647,413;-;3,501;26,161800165;-;-;-;-;-
CNHG27;BRBMEFCNH2Q5;FINANCIAL;-;-;-;-;-;-;6636,322;-;6633,361;-;2,961;22,126561065;-;-;-;-;-
CNHV26;BRBMEFCNH2M4;FINANCIAL;-;-;-;-;-;-;6698,118;-;6695,316;-;2,802;20,93840733;-;-;-;-;-
CNHX26;BRBMEFCNH2N2;FINANCIAL;-;-;-;-;-;-;6683,907;-;6681,499;-;2,408;17,99417732;-;-;-;-;-
CNHZ26;BRBMEFCNH2O0;FINANCIAL;-;-;-;-;-;-;6668,739;-;6666,35;-;2,389;17,852196685;-;-;-;-;-
GBRF27;BRBMEFGBR2P5;FINANCIAL;-;-;-;-;-;-;1322,855;-;1322,124;-;0,731;36,620176;-;-;-;-;-
GBRG27;BRBMEFGBR2Q3;FINANCIAL;-;-;-;-;-;-;1322,867;-;1322,133;-;0,734;36,770464;-;-;-;-;-
GBRV26;BRBMEFGBR2M2;FINANCIAL;-;-;-;-;-;-;1322,571;-;1321,79;-;0,781;39,124976;-;-;-;-;-
GBRX26;BRBMEFGBR2N0;FINANCIAL;-;-;-;-;-;-;1322,679;-;1321,928;-;0,751;37,622096;-;-;-;-;-
GBRZ26;BRBMEFGBR2O8;FINANCIAL;-;-;-;-;-;-;1322,759;-;1322,01;-;0,749;37,521904;-;-;-;-;-
TUQF27;BRBMEFTUQ2P8;FINANCIAL;-;-;-;-;-;-;53371,3;-;53355,6;-;15,7;15,983385;-;-;-;-;-
TUQG27;BRBMEFTUQ2Q6;FINANCIAL;-;-;-;-;-;-;54462,8;-;54466,7;-;-3,9;-3,970395;-;-;-;-;-
TUQV26;BRBMEFTUQ2M5;FINANCIAL;-;-;-;-;-;-;49576,3;-;49629,3;-;-53;-53,95665;-;-;-;-;-
TUQX26;BRBMEFTUQ2N3;FINANCIAL;-;-;-;-;-;-;50667,2;-;50723,6;-;-56,4;-57,41802;-;-;-;-;-
TUQZ26;BRBMEFTUQ2O1;FINANCIAL;-;-;-;-;-;-;51905,6;-;51895,8;-;9,8;9,97689;-;-;-;-;-
CHLF27;BRBMEFCHL2X3;FINANCIAL;-;-;-;-;-;-;978557;-;976712,6;-;1844,4;94,6416972;-;-;-;-;-
CHLG27;BRBMEFCHL2Y1;FINANCIAL;-;-;-;-;-;-;977599,6;-;976122,8;-;1476,8;75,7790384;-;-;-;-;-
CHLH27;BRBMEFCHL2Z8;FINANCIAL;-;-;-;-;-;-;976590,2;-;975585,7;-;1004,5;51,5439085;-;-;-;-;-
CHLN27;BRBMEFCHL2Q7;FINANCIAL;-;-;-;-;-;-;973767,4;-;973446,6;-;320,8;16,4612104;-;-;-;-;-
CHLX26;BRBMEFCHL2V7;FINANCIAL;-;-;-;-;-;-;976832,6;-;977604,2;-;-771,6;-39,5931108;-;-;-;-;-
CHLZ26;BRBMEFCHL2W5;FINANCIAL;-;-;-;-;-;-;977848,3;-;977214;-;634,3;32,5478359;-;-;-;-;-
MEXF27;BRBMEFMEX2P6;FINANCIAL;-;-;-;-;-;-;18339,05;-;18095,64;-;243,41;669,79032336;-;-;-;-;-
MEXG27;BRBMEFMEX2Q4;FINANCIAL;-;-;-;-;-;-;18370,7;-;18128,765;-;241,935;665,73157176;-;-;-;-;-
MEXV26;BRBMEFMEX2M3;FINANCIAL;18131;18131;18226;18207,05;18226;1,41;18219,752;-;17971,845;-;247,907;682,164700272;-;-;13;234;11723465,97
MEXX26;BRBMEFMEX2N1;FINANCIAL;-;-;-;-;-;-;18259,158;-;18010,604;-;248,554;683,945047584;-;-;-;-;-
MEXZ26;BRBMEFMEX2O9;FINANCIAL;-;-;-;-;-;-;18298,882;-;18050,421;-;248,461;683,689139856;-;-;-;-;-
AFSF27;BRBMEFAFS2P6;FINANCIAL;-;-;-;-;-;-;16722,2;-;16729,1;-;-6,9;-20,8125045;-;-;-;-;-
AFSG27;BRBMEFAFS2Q4;FINANCIAL;-;-;-;-;-;-;16752,7;-;16759,3;-;-6,6;-19,907613;-;-;-;-;-
AFSV26;BRBMEFAFS2M3;FINANCIAL;16666;16600;16667;16645,87;16600;-0,14;16620,9;-;16623,7;-;-2,8;-8,445654;-;-;5;550;27614963
AFSX26;BRBMEFAFS2N1;FINANCIAL;16633;16633;16633;16633;16633;-0,14;16654,2;-;16657,2;-;-3;-9,048915;-;-;1;86;4314637,29
AFSZ26;BRBMEFAFS2O9;FINANCIAL;-;-;-;-;-;-;16687,6;-;16691,1;-;-3,5;-10,5570675;-;-;-;-;-
NOKF27;BRBMEFNOK2P8;FINANCIAL;-;-;-;-;-;-;9577,018;-;9586,086;-;-9,068;-47,508893308;-;-;-;-;-
NOKG27;BRBMEFNOK2Q6;FINANCIAL;-;-;-;-;-;-;9579,511;-;9588,638;-;-9,127;-47,818004987;-;-;-;-;-
NOKV26;BRBMEFNOK2M5;FINANCIAL;-;-;-;-;-;-;9566,474;-;9575,29;-;-8,816;-46,188619696;-;-;-;-;-
NOKX26;BRBMEFNOK2N3;FINANCIAL;-;-;-;-;-;-;9570,914;-;9579,567;-;-8,653;-45,334633193;-;-;-;-;-
NOKZ26;BRBMEFNOK2O1;FINANCIAL;-;-;-;-;-;-;9574,391;-;9583,113;-;-8,722;-45,696136682;-;-;-;-;-
RUBF27;BRBMEFRUB2X1;FINANCIAL;-;-;-;-;-;-;86945,679;-;87306,599;-;-360,92;-212,66236516;-;-;-;-;-
RUBG27;BRBMEFRUB2Y9;FINANCIAL;-;-;-;-;-;-;87702,583;-;88045,895;-;-343,312;-202,287326576;-;-;-;-;-
RUBH27;BRBMEFRUB2Z6;FINANCIAL;-;-;-;-;-;-;88393,771;-;88723,461;-;-329,69;-194,26093087;-;-;-;-;-
RUBN27;BRBMEFRUB2Q5;FINANCIAL;-;-;-;-;-;-;91753,324;-;91833,705;-;-80,381;-47,362333963;-;-;-;-;-
RUBX26;BRBMEFRUB2V5;FINANCIAL;-;-;-;-;-;-;85500,651;-;85961,032;-;-460,381;-271,267073963;-;-;-;-;-
RUBZ26;BRBMEFRUB2W3;FINANCIAL;-;-;-;-;-;-;86161,565;-;86626,058;-;-464,493;-273,689958939;-;-;-;-;-
SEKF27;BRBMEFSEK2P5;FINANCIAL;-;-;-;-;-;-;9910,453;-;9928,507;-;-18,054;-90,708188634;-;-;-;-;-
SEKG27;BRBMEFSEK2Q3;FINANCIAL;-;-;-;-;-;-;9895,333;-;9913,439;-;-18,106;-90,969450726;-;-;-;-;-
SEKH27;BRBMEFSEK2R1;FINANCIAL;-;-;-;-;-;-;9877,723;-;9895,889;-;-18,166;-91,270906986;-;-;-;-;-
SEKV26;BRBMEFSEK2M2;FINANCIAL;-;-;-;-;-;-;9966,925;-;9986,538;-;-19,613;-98,541027123;-;-;-;-;-
SEKX26;BRBMEFSEK2N0;FINANCIAL;-;-;-;-;-;-;9949,323;-;9969,084;-;-19,761;-99,284619231;-;-;-;-;-
SEKZ26;BRBMEFSEK2O8;FINANCIAL;-;-;-;-;-;-;9931,211;-;9950,844;-;-19,633;-98,641512543;-;-;-;-;-
ARSF27;BRBMEFARS2M9;FINANCIAL;-;-;-;-;-;-;1596963,5;-;1598034,6;-;-1071,1;-35,3944995;-;-;-;-;-
ARSG27;BRBMEFARS2N7;FINANCIAL;-;-;-;-;-;-;1626278,2;-;1627570,4;-;-1292,2;-42,700749;-;-;-;-;-
ARSH27;BRBMEFARS2O5;FINANCIAL;-;-;-;-;-;-;1653173;-;1654340;-;-1167;-38,563515;-;-;-;-;-
ARSN27;BRBMEFARS2F3;FINANCIAL;-;-;-;-;-;-;1790469,8;-;1786286,2;-;4183,6;138,247062;-;-;-;-;-
ARSX26;BRBMEFARS2K3;FINANCIAL;-;-;-;-;-;-;1534894,7;-;1536931,7;-;-2037;-67,312665;-;-;-;-;-
ARSZ26;BRBMEFARS2L1;FINANCIAL;-;-;-;-;-;-;1564790,6;-;1561608,9;-;3181,7;105,1392765;-;-;-;-;-
VIXV26;BRBMEFIX00E4;FINANCIAL;-;-;-;-;-;-;25,75;-;20,9;-;4,85;485;-;-;-;-;-
VIXX26;BRBMEFIX00F1;FINANCIAL;-;-;-;-;-;-;25,75;-;20,9;-;4,85;485;-;-;-;-;-
AUDF27;BRBMEFAUD5K8;FINANCIAL;-;-;-;-;-;-;3547,887;-;3544,438;-;3,449;206,94;-;-;-;-;-
AUDG27;BRBMEFAUD5L6;FINANCIAL;-;-;-;-;-;-;3564,028;-;3560,572;-;3,456;207,36;-;-;-;-;-
AUDV26;BRBMEFAUD5H4;FINANCIAL;-;-;-;-;-;-;3492,42;-;3487,59;-;4,83;289,8;-;-;-;-;-
AUDX26;BRBMEFAUD5I2;FINANCIAL;-;-;-;-;-;-;3512,429;-;3509,295;-;3,134;188,04;-;-;-;-;-
AUDZ26;BRBMEFAUD5J0;FINANCIAL;-;-;-;-;-;-;3528,603;-;3525,373;-;3,23;193,8;-;-;-;-;-
CADF27;BRBMEFCAD5K0;FINANCIAL;-;-;-;-;-;-;3613,91;-;3597,54;-;16,37;982,2;-;-;-;-;-
CADG27;BRBMEFCAD5L8;FINANCIAL;-;-;-;-;-;-;3635,738;-;3619,405;-;16,333;979,98;-;-;-;-;-
CADV26;BRBMEFCAD5H6;FINANCIAL;-;-;-;-;-;-;3535,302;-;3518,087;-;17,215;1032,9;-;-;-;-;-
CADX26;BRBMEFCAD5I4;FINANCIAL;-;-;-;-;-;-;3562,04;-;3546,208;-;15,832;949,92;-;-;-;-;-
CADZ26;BRBMEFCAD5J2;FINANCIAL;-;-;-;-;-;-;3585,345;-;3569,112;-;16,233;973,98;-;-;-;-;-
NZDF27;BRBMEFNZD555;FINANCIAL;-;-;-;-;-;-;2871,123;-;2864,57;-;6,553;491,475;-;-;-;-;-
NZDG27;BRBMEFNZD563;FINANCIAL;-;-;-;-;-;-;2887,196;-;2880,623;-;6,573;492,975;-;-;-;-;-
NZDV26;BRBMEFNZD522;FINANCIAL;-;-;-;-;-;-;2814,461;-;2806,74;-;7,721;579,075;-;-;-;-;-
NZDX26;BRBMEFNZD530;FINANCIAL;-;-;-;-;-;-;2834,502;-;2828,597;-;5,905;442,875;-;-;-;-;-
NZDZ26;BRBMEFNZD548;FINANCIAL;-;-;-;-;-;-;2851,387;-;2845,394;-;5,993;449,475;-;-;-;-;-
EURF27;BRBMEFEUR7Q1;FINANCIAL;-;-;-;-;-;-;5752,543;-;5734,113;-;18,43;921,5;-;-;-;-;-
EURG27;BRBMEFEUR7R9;FINANCIAL;-;-;-;-;-;-;5787,051;-;5768,46;-;18,591;929,55;-;-;-;-;-
EURV26;BRBMEFEUR7N8;FINANCIAL;-;-;-;-;-;-;5632,952;-;5611,827;-;21,125;1056,25;-;-;-;-;-
EURX26;BRBMEFEUR7O6;FINANCIAL;-;-;-;-;-;-;5674,755;-;5655,998;-;18,757;937,85;-;-;-;-;-
EURZ26;BRBMEFEUR7P3;FINANCIAL;5710;5710;5710;5710;5710;0,32;5710,845;-;5691,784;-;19,061;953,05;-;-;1;250;71375000
CHFF27;BRBMEFCHF551;FINANCIAL;-;-;-;-;-;-;6222,956;-;6199,342;-;23,614;1180,7;-;-;-;-;-
CHFG27;BRBMEFCHF569;FINANCIAL;-;-;-;-;-;-;6273,206;-;6249,413;-;23,793;1189,65;-;-;-;-;-
CHFV26;BRBMEFCHF528;FINANCIAL;-;-;-;-;-;-;6049,78;-;6023,401;-;26,379;1318,95;-;-;-;-;-
CHFX26;BRBMEFCHF536;FINANCIAL;-;-;-;-;-;-;6108,025;-;6083,569;-;24,456;1222,8;-;-;-;-;-
CHFZ26;BRBMEFCHF544;FINANCIAL;-;-;-;-;-;-;6161,273;-;6136,458;-;24,815;1240,75;-;-;-;-;-
JPYF27;BRBMEFJPY5K1;FINANCIAL;-;-;-;-;-;-;3265,071;-;3256,008;-;9,063;453,15;-;-;-;-;-
JPYG27;BRBMEFJPY5L9;FINANCIAL;-;-;-;-;-;-;3288,107;-;3278,764;-;9,343;467,15;-;-;-;-;-
JPYV26;BRBMEFJPY5H7;FINANCIAL;-;-;-;-;-;-;3185,518;-;3174,599;-;10,919;545,95;-;-;-;-;-
JPYX26;BRBMEFJPY5I5;FINANCIAL;-;-;-;-;-;-;3212,844;-;3203,14;-;9,704;485,2;-;-;-;-;-
JPYZ26;BRBMEFJPY5J3;FINANCIAL;-;-;-;-;-;-;3237,117;-;3227,242;-;9,875;493,75;-;-;-;-;-
CNYF27;BRBMEFCNY550;FINANCIAL;-;-;-;-;-;-;7685,273;-;7667,369;-;17,904;626,64;-;-;-;-;-
CNYG27;BRBMEFCNY568;FINANCIAL;-;-;-;-;-;-;7739,836;-;7721,651;-;18,185;636,475;-;-;-;-;-
CNYV26;BRBMEFCNY527;FINANCIAL;-;-;-;-;-;-;7484,642;-;7457,683;-;26,959;943,565;-;-;-;-;-
CNYX26;BRBMEFCNY535;FINANCIAL;-;-;-;-;-;-;7564,261;-;7544,248;-;20,013;700,455;-;-;-;-;-
CNYZ26;BRBMEFCNY543;FINANCIAL;-;-;-;-;-;-;7620,217;-;7600,593;-;19,624;686,84;-;-;-;-;-
GBPF27;BRBMEFGBP5J3;FINANCIAL;-;-;-;-;-;-;6759,353;-;6738,999;-;20,354;712,39;-;-;-;-;-
GBPG27;BRBMEFGBP5K1;FINANCIAL;-;-;-;-;-;-;6792,418;-;6771,991;-;20,427;714,945;-;-;-;-;-
GBPV26;BRBMEFGBP5G9;FINANCIAL;-;-;-;-;-;-;6643,447;-;6620,13;-;23,317;816,095;-;-;-;-;-
GBPX26;BRBMEFGBP5H7;FINANCIAL;-;-;-;-;-;-;6685,336;-;6665,241;-;20,095;703,325;-;-;-;-;-
GBPZ26;BRBMEFGBP5I5;FINANCIAL;-;-;-;-;-;-;6719,575;-;6699,271;-;20,304;710,64;-;-;-;-;-
TRYF27;BRBMEFTRY555;FINANCIAL;-;-;-;-;-;-;95,738;-;95,531;-;0,207;15,525;-;-;-;-;-
TRYG27;BRBMEFTRY563;FINANCIAL;-;-;-;-;-;-;94,278;-;94,039;-;0,239;17,925;-;-;-;-;-
TRYV26;BRBMEFTRY522;FINANCIAL;-;-;-;-;-;-;101,321;-;100,917;-;0,404;30,3;-;-;-;-;-
TRYX26;BRBMEFTRY530;FINANCIAL;-;-;-;-;-;-;99,757;-;99,403;-;0,354;26,55;-;-;-;-;-
TRYZ26;BRBMEFTRY548;FINANCIAL;-;-;-;-;-;-;97,869;-;97,647;-;0,222;16,65;-;-;-;-;-
CLPF27;BRBMEFCLP5D8;FINANCIAL;-;-;-;-;-;-;5206,789;-;5203,72;-;3,069;76,725;-;-;-;-;-
CLPG27;BRBMEFCLP5E6;FINANCIAL;-;-;-;-;-;-;5241,648;-;5236,73;-;4,918;122,95;-;-;-;-;-
CLPH27;BRBMEFCLP5F3;FINANCIAL;-;-;-;-;-;-;5271,022;-;5263,457;-;7,565;189,125;-;-;-;-;-
CLPN27;BRBMEFCLP560;FINANCIAL;-;-;-;-;-;-;5398,143;-;5386,629;-;11,514;287,85;-;-;-;-;-
CLPX26;BRBMEFCLP5B2;FINANCIAL;-;-;-;-;-;-;5159,562;-;5142,938;-;16,624;415,6;-;-;-;-;-
CLPZ26;BRBMEFCLP5C0;FINANCIAL;-;-;-;-;-;-;5182,145;-;5172,835;-;9,31;232,75;-;-;-;-;-
MXNF27;BRBMEFMXN5J1;FINANCIAL;-;-;-;-;-;-;2786,224;-;2816,755;-;-30,531;-2289,825;-;-;-;-;-
MXNG27;BRBMEFMXN5K9;FINANCIAL;-;-;-;-;-;-;2795,004;-;2825,354;-;-30,35;-2276,25;-;-;-;-;-
MXNV26;BRBMEFMXN5G7;FINANCIAL;-;-;-;-;-;-;2756,971;-;2786,836;-;-29,865;-2239,875;-;-;-;-;-
MXNX26;BRBMEFMXN5H5;FINANCIAL;-;-;-;-;-;-;2768,14;-;2799,496;-;-31,356;-2351,7;-;-;-;-;-
MXNZ26;BRBMEFMXN5I3;FINANCIAL;-;-;-;-;-;-;2776,109;-;2807,407;-;-31,298;-2347,35;-;-;-;-;-
ZARF27;BRBMEFZAR552;FINANCIAL;-;-;-;-;-;-;3055,62;-;3046,846;-;8,774;307,09;-;-;-;-;-
ZARG27;BRBMEFZAR560;FINANCIAL;-;-;-;-;-;-;3064,95;-;3056,225;-;8,725;305,375;-;-;-;-;-
ZARV26;BRBMEFZAR529;FINANCIAL;-;-;-;-;-;-;3022,178;-;3012,842;-;9,336;326,76;-;-;-;-;-
ZARX26;BRBMEFZAR537;FINANCIAL;-;-;-;-;-;-;3034,905;-;3026,957;-;7,948;278,18;-;-;-;-;-
ZARZ26;BRBMEFZAR545;FINANCIAL;-;-;-;-;-;-;3044,158;-;3036,041;-;8,117;284,095;-;-;-;-;-
WEUV26;BRBMEFWEU522;FINANCIAL;-;-;-;-;-;-;5632,952;-;5611,827;-;21,125;211,25;-;-;-;-;-
WEUX26;BRBMEFWEU530;FINANCIAL;-;-;-;-;-;-;5674,755;-;5655,998;-;18,757;187,57;-;-;-;-;-
T10H27;BRBMEFT102T4;FINANCIAL;-;-;-;-;-;-;104,4687;-;104,2343;-;0,2344;1174,78936;-;-;-;-;-
T10Z26;BRBMEFT102S6;FINANCIAL;104,121;104,121;104,76;104,554;104,737;0,24;104,7187;-;104,4843;-;0,2344;1174,78936;104,698;104,755;63;532;278776267,16
ARBF27;BRBMEFARB2X5;FINANCIAL;-;-;-;-;-;-;3,191;-;3,18;-;0,011;1,65;-;-;-;-;-
ARBG27;BRBMEFARB2Y3;FINANCIAL;-;-;-;-;-;-;3,151;-;3,141;-;0,01;1,5;-;-;-;-;-
ARBH27;BRBMEFARB2Z0;FINANCIAL;-;-;-;-;-;-;3,114;-;3,104;-;0,01;1,5;-;-;-;-;-
ARBN27;BRBMEFARB2Q9;FINANCIAL;-;-;-;-;-;-;2,936;-;2,935;-;0,001;0,15;-;-;-;-;-
ARBX26;BRBMEFARB2V9;FINANCIAL;-;-;-;-;-;-;3,284;-;3,271;-;0,013;1,95;-;-;-;-;-
ARBZ26;BRBMEFARB2W7;FINANCIAL;-;-;-;-;-;-;3,238;-;3,237;-;0,001;0,15;-;-;-;-;-
TIEH28;BRBMEFTIE077;FINANCIAL;-;-;-;-;-;-;90496,236;7,215;90273,416;-;222,82;186,252073956;-;-;-;-;-
TIEH31;BRBMEFTIE085;FINANCIAL;-;-;-;-;-;-;70460,747;9,299;70079,806;-;380,941;318,4231725378;-;-;-;-;-
TIEM28;BRBMEFTIE0A4;FINANCIAL;-;-;-;-;-;-;88659,761;7,403;88397,888;-;261,873;218,8959221034;-;-;-;-;-
TIEM31;BRBMEFTIE0B2;FINANCIAL;-;-;-;-;-;-;68935,13;9,465;68554,677;-;380,453;318,0152602674;-;-;-;-;-
TIEU27;BRBMEFTIE028;FINANCIAL;-;-;-;-;-;-;93865,822;6,879;93728,486;-;137,336;114,7972122288;-;-;-;-;-
TIEU28;BRBMEFTIE0D8;FINANCIAL;-;-;-;-;-;-;86951,479;7,577;86656,917;-;294,562;246,2201930196;-;-;-;-;-
TIEU30;BRBMEFTIE044;FINANCIAL;-;-;-;-;-;-;73587,357;8,967;73205,297;-;382,06;319,358528748;-;-;-;-;-
TIEU31;BRBMEFTIE0E6;FINANCIAL;-;-;-;-;-;-;67431,433;9,633;67052,709;-;378,724;316,5700137192;-;-;-;-;-
TIEZ26;BRBMEFTIE0F3;FINANCIAL;-;-;-;-;-;-;98762,953;6,535;98756,253;-;6,7;5,60043486;-;-;-;-;-
TIEZ27;BRBMEFTIE036;FINANCIAL;-;-;-;-;-;-;92191,422;7,042;92008,431;-;182,991;152,9595784278;-;-;-;-;-
TIEZ28;BRBMEFTIE0G1;FINANCIAL;-;-;-;-;-;-;85247,059;7,749;84926,328;-;320,731;268,0944885198;-;-;-;-;-
TIEZ30;BRBMEFTIE051;FINANCIAL;-;-;-;-;-;-;72011,873;9,133;71629,594;-;382,279;319,5415877382;-;-;-;-;-
TIEZ31;BRBMEFTIE0H9;FINANCIAL;-;-;-;-;-;-;65961,842;9,798;65585,836;-;376,006;314,2980761148;-;-;-;-;-
SFRH28;BRBMEFSF0070;FINANCIAL;-;-;-;-;-;-;93734,846;4,592;93731,179;-;3,667;3,67404064;-;-;-;-;-
SFRH31;BRBMEFSF0088;FINANCIAL;-;-;-;-;-;-;81311,732;5,098;81194,993;-;116,739;116,96313888;-;-;-;-;-
SFRM28;BRBMEFSF00B6;FINANCIAL;-;-;-;-;-;-;92544,069;4,663;92535,541;-;8,528;8,54437376;-;-;-;-;-
SFRM31;BRBMEFSF00D2;FINANCIAL;-;-;-;-;-;-;80357,724;5,134;80231,264;-;126,46;126,7028032;-;-;-;-;-
SFRU27;BRBMEFSF0021;FINANCIAL;-;-;-;-;-;-;95975,461;4,414;95977,144;-;-1,683;-1,68623136;-;-;-;-;-
SFRU28;BRBMEFSF00C4;FINANCIAL;-;-;-;-;-;-;91452,617;4,719;91438,244;-;14,373;14,40059616;-;-;-;-;-
SFRU30;BRBMEFSF0047;FINANCIAL;-;-;-;-;-;-;83243,174;5,029;83150,983;-;92,191;92,36800672;-;-;-;-;-
SFRU31;BRBMEFSF00E0;FINANCIAL;-;-;-;-;-;-;79414,363;5,17;79271,765;-;142,598;142,87178816;-;-;-;-;-
SFRZ26;BRBMEFSF00F7;FINANCIAL;-;-;-;-;-;-;99412,176;3,942;99413,427;-;-1,251;-1,25340192;-;-;-;-;-
SFRZ27;BRBMEFSF0039;FINANCIAL;-;-;-;-;-;-;94851,34;4,513;94850,285;-;1,055;1,0570256;-;-;-;-;-
SFRZ28;BRBMEFSF00G5;FINANCIAL;-;-;-;-;-;-;90601,948;4,757;90581,159;-;20,789;20,82891488;-;-;-;-;-
SFRZ30;BRBMEFSF0054;FINANCIAL;-;-;-;-;-;-;82273,461;5,063;82169,184;-;104,277;104,47721184;-;-;-;-;-
SFRZ31;BRBMEFSF00H3;FINANCIAL;-;-;-;-;-;-;78640,601;5,201;78488,581;-;152,02;152,3118784;-;-;-;-;-
INDG27;BRBMEFIBV400;FINANCIAL;-;-;-;-;-;-;215000;-;213204;-;1796;1796;-;-;-;-;-
INDG28;BRBMEFIBV467;FINANCIAL;-;-;-;-;-;-;239900;-;238043;-;1857;1857;-;-;-;-;-
INDJ27;BRBMEFIBV418;FINANCIAL;218830;218805;218830;218812;218805;0,81;218871;-;217039;-;1832;1832;-;-;5;4.230;925578275
INDJ28;BRBMEFIBV475;FINANCIAL;-;-;-;-;-;-;243791;-;241949;-;1842;1842;-;-;-;-;-
INDM27;BRBMEFIBV426;FINANCIAL;-;-;-;-;-;-;223093;-;221244;-;1849;1849;-;-;-;-;-
INDM28;BRBMEFIBV483;FINANCIAL;-;-;-;-;-;-;248149;-;246368;-;1781;1781;-;-;-;-;-
INDQ27;BRBMEFIBV434;FINANCIAL;-;-;-;-;-;-;227481;-;225625;-;1856;1856;-;-;-;-;-
INDQ28;BRBMEFIBV491;FINANCIAL;-;-;-;-;-;-;252885;-;251155;-;1730;1730;-;-;-;-;-
INDV26;BRBMEFIBV3Z4;FINANCIAL;204470;203545;208365;206414;207200;1,11;206635;-;204918;-;1717;1717;207085;207390;15.352;92.605;19115056650
INDV27;BRBMEFIBV442;FINANCIAL;-;-;-;-;-;-;231175;-;229318;-;1857;1857;-;-;-;-;-
INDV28;BRBMEFIBV4A5;FINANCIAL;-;-;-;-;-;-;257628;-;255943;-;1685;1685;-;-;-;-;-
INDZ26;BRBMEFIBV3Y7;FINANCIAL;208605;208605;211700;211037;211700;1,21;210923;-;209168;-;1755;1755;207900;-;31;210;44317850
INDZ27;BRBMEFIBV459;FINANCIAL;-;-;-;-;-;-;235375;-;233520;-;1855;1855;-;-;-;-;-
WING27;BRBMEFWIN3Z9;FINANCIAL;212770;212770;216160;215366;215005;0,84;215000;-;213204;-;1796;359,2;213000;216600;40;247;10639121
WING28;BRBMEFWIN3V8;FINANCIAL;-;-;-;-;-;-;239900;-;238043;-;1857;371,4;-;-;-;-;-
WINJ27;BRBMEFWIN403;FINANCIAL;217240;217240;218395;217978;218300;0,58;218871;-;217039;-;1832;366,4;-;-;3;3;130787
WINJ28;BRBMEFWIN3W6;FINANCIAL;-;-;-;-;-;-;243791;-;241949;-;1842;368,4;-;-;-;-;-
WINM27;BRBMEFWIN3S4;FINANCIAL;-;-;-;-;-;-;223093;-;221244;-;1849;369,8;-;-;-;-;-
WINM28;BRBMEFWIN3X4;FINANCIAL;-;-;-;-;-;-;248149;-;246368;-;1781;356,2;-;-;-;-;-
WINQ27;BRBMEFWIN3T2;FINANCIAL;-;-;-;-;-;-;227481;-;225625;-;1856;371,2;-;-;-;-;-
WINQ28;BRBMEFWIN3Y2;FINANCIAL;-;-;-;-;-;-;252885;-;251155;-;1730;346;-;-;-;-;-
WINV26;BRBMEFWIN3Q8;FINANCIAL;204410;203530;208385;206198;207185;1,1;206635;-;204918;-;1717;343,4;207185;207200;7.409.060;21.578.763;889901675468
WINV27;BRBMEFWIN3U0;FINANCIAL;-;-;-;-;-;-;231175;-;229318;-;1857;371,4;-;-;-;-;-
WINV28;BRBMEFWIN411;FINANCIAL;-;-;-;-;-;-;257628;-;255943;-;1685;337;-;-;-;-;-
WINZ26;BRBMEFWIN3R6;FINANCIAL;208600;207850;212655;210407;211545;1,13;210923;-;209168;-;1755;351;211500;211700;25.428;42.593;1792379296
SOYH27;BRBMEFSOY0O4;AGRIBUSINESS;-;-;-;-;-;-;479,2;-;482,8;-;-3,6;-613,45656;-;-;-;-;-
SOYX26;BRBMEFSOY0N6;AGRIBUSINESS;-;-;-;-;-;-;524,8;-;525,6;-;-0,8;-136,32368;-;-;-;-;-
SOYK27;BRBMEFSOY0Q9;AGRIBUSINESS;-;-;-;-;-;-;486,8;-;489,2;-;-2,4;-408,97104;-;-;-;-;-
BITV26;BRBMEFBIT0Z4;FINANCIAL;416800;405340;417780;412061,03;414560;-1,56;413628,76;-;421143,17;-;-7514,41;-75,1441;413840;414560;76.832;283.389;1167735660
BITX26;BRBMEFBIT107;FINANCIAL;-;-;-;-;-;-;416637,5;-;424206,57;-;-7569,07;-75,6907;-;-;-;-;-
ETRV26;BRBMEFET00G6;FINANCIAL;2539,5;2411,5;2545;2478,44;2478,3;-3,69;2467,36;-;2573,39;-;-106,03;-132,791972;2467,8;2478,3;4.387;9.073;28162577,67
ETRX26;BRBMEFET00H4;FINANCIAL;-;-;-;-;-;-;2467,36;-;2573,39;-;-106,03;-132,791972;-;-;-;-;-
SOLV26;BRBMEFSO00I3;FINANCIAL;113,17;105,76;113,49;109,732;110,99;-4,28;109,35;-;115,958;-;-6,608;-165,517184;110,5;110,99;5.971;17.463;47998234
SOLX26;BRBMEFSO00J1;FINANCIAL;-;-;-;-;-;-;109,35;-;115,958;-;-6,608;-165,517184;-;-;-;-;-
MBRV26;BRBMEFBP0077;FINANCIAL;-;-;-;-;-;-;1624,78;-;1613,69;-;11,09;110,9;-;-;-;-;-
MBRZ26;BRBMEFBP0085;FINANCIAL;-;-;-;-;-;-;1624,78;-;1613,69;-;11,09;110,9;-;-;-;-;-
BRIZ26;BRBMEFBRI3W7;FINANCIAL;35417;35417;35417;35417;35417;0,81;35455;-;35132;-;323;3230;-;-;1;4;1416680
BRIG27;BRBMEFBRI3X5;FINANCIAL;-;-;-;-;-;-;36186;-;35855;-;331;3310;-;-;-;-;-
ABEVOV26;BRABEV300044;FINANCIAL;16,04;15,95;16,15;16,07;16,1;0,49;16,19;-;16,02;-;0,17;0,17;-;-;35;36.700;589821
AXIAOV26;BRAXIA300007;FINANCIAL;59,78;59,11;60,33;59,91;59,49;-0,93;59,53;-;60,05;-;-0,52;-0,52;-;-;117;73.000;4374005
B3SAOV26;BRB3SA300079;FINANCIAL;22,86;22,7;23,16;22,9;22,92;2,32;22,83;-;22,4;-;0,43;0,43;-;-;32;63.100;1445451
BBASOV26;BRBBAS300042;FINANCIAL;24,06;24,02;24,66;24,31;24,28;0,12;24,32;-;24,25;-;0,07;0,07;-;-;349;201.900;4910087
BHIAOV26;BRBHIA300048;FINANCIAL;-;-;-;-;-;-;1,45;-;1,43;-;0,02;0,02;-;-;-;-;-
COGNOV26;BRCOGN300086;FINANCIAL;2,88;2,86;2,96;2,93;2,96;0,68;2,94;-;2,94;-;0;0;-;-;7;6.600;19346
CSANOV26;BRCSAN300013;FINANCIAL;-;-;-;-;-;-;5,25;-;5,06;-;0,19;0,19;-;-;-;-;-
CSNAOV26;BRCSNA300047;FINANCIAL;6,5;6,43;6,59;6,49;6,55;2,98;6,37;-;6,36;-;0,01;0,01;-;-;9;5.000;32491
EMBJOV26;BREMBJ300004;FINANCIAL;89,19;88,81;90,67;89,93;89,68;0,07;89,93;-;89,61;-;0,32;0,32;-;-;123;27.700;2491151
ENEVOV26;BRENEV300012;FINANCIAL;-;-;-;-;-;-;30,89;-;30,49;-;0,4;0,4;-;-;-;-;-
EQTLOV26;BREQTL300014;FINANCIAL;49,47;49,16;50,55;49,9;49,86;1,44;49,79;-;49,15;-;0,64;0,64;-;-;94;39.000;1946401
HAPVOV26;BRHAPV300011;FINANCIAL;-;-;-;-;-;-;8,83;-;8,53;-;0,3;0,3;-;-;-;-;-
HYPEOV26;BRHYPE300071;FINANCIAL;26,96;26,59;27,22;26,86;26,62;-2,84;26,77;-;27,4;-;-0,63;-0,63;-;-;97;11.500;308962
LRENOV26;BRLREN300043;FINANCIAL;13,49;13,45;13,78;13,6;13,55;0,59;13,53;-;13,47;-;0,06;0,06;-;-;95;100.600;1368801
MBRFOV26;BRMBRF300011;FINANCIAL;-;-;-;-;-;-;18,72;-;18,56;-;0,16;0,16;-;-;-;-;-
MGLUOV26;BRMGLU300047;FINANCIAL;10,15;10,15;10,77;10,57;10,76;10,58;10,27;-;9,73;-;0,54;0,54;-;-;3;4.300;45488
MOTVOV26;BRMOTV300014;FINANCIAL;19,94;19,89;20,57;20,2;20,47;3,33;20,31;-;19,81;-;0,5;0,5;-;-;13;6.500;131310
NATUOV26;BRNATU300010;FINANCIAL;7,34;7,34;7,57;7,42;7,43;0,95;7,38;-;7,36;-;0,02;0,02;-;-;18;9.600;71263
PRIOOV26;BRPRIO300010;FINANCIAL;64,72;63,56;65,32;64,46;63,89;1,73;63,91;-;62,8;-;1,11;1,11;-;-;60;36.700;2366012
PSSAOV26;BRPSSA300070;FINANCIAL;53,08;53,02;54,07;53,64;53,62;1,53;53,7;-;52,81;-;0,89;0,89;-;-;487;58.800;3154283
RADLOV26;BRRADL300015;FINANCIAL;-;-;-;-;-;-;20,87;-;21,07;-;-0,2;-0,2;-;-;-;-;-
RAILOV26;BRRAIL300010;FINANCIAL;18,4;18,4;19,06;18,83;18,85;1,5;18,63;-;18,57;-;0,06;0,06;-;-;26;16.500;310794
RDOROV26;BRRDOR300013;FINANCIAL;44,71;44,7;45,85;45,27;45,67;2,56;45,67;-;44,53;-;1,14;1,14;-;-;206;80.400;3640331
RENTOV26;BRRENT300045;FINANCIAL;51,64;51,64;53,67;53,14;52,62;3,56;52,45;-;50,81;-;1,64;1,64;-;-;153;75.300;4002005
SBSPOV26;BRSBSP300012;FINANCIAL;32,36;32,36;33,48;33,1;33,48;4,13;33,44;-;32,15;-;1,29;1,29;-;-;95;19.700;652231
SUZBOV26;BRSUZB300040;FINANCIAL;42,35;42,35;43,12;42,75;42,79;1,13;42,88;-;42,31;-;0,57;0,57;-;-;41;14.600;624168
TIMSOV26;BRTIMS300017;FINANCIAL;-;-;-;-;-;-;18,94;-;19,21;-;-0,27;-0,27;-;-;-;-;-
USIMAV26;BRUSIM500076;FINANCIAL;7,25;7,23;7,32;7,28;7,23;0,13;7,23;-;7,22;-;0,01;0,01;-;-;8;4.000;29148
VALEOV26;BRVALE300075;FINANCIAL;68,4;67,77;69,45;68,59;67,83;-1,63;67,81;-;68,96;-;-1,15;-1,15;-;-;326;186.200;12772412
VBBROV26;BRVBBR300014;FINANCIAL;37,05;36,84;37,81;37,38;37,55;-0,29;37,64;-;37,66;-;-0,02;-0,02;-;-;183;105.300;3936505
VIVTOV26;BRVIVT300011;FINANCIAL;31,82;31,77;32,06;31,87;32,02;0,12;32,11;-;31,98;-;0,13;0,13;-;-;24;6.200;197638
ABEVOX26;BRABEV3Y0041;FINANCIAL;16,22;16,17;16,37;16,33;16,17;-0,18;16,38;-;16,2;-;0,18;0,18;-;-;47;61.700;1007696
AXIAOX26;BRAXIA3Y0024;FINANCIAL;60,55;59,86;61,02;60,5;60,29;-0,75;60,22;-;60,75;-;-0,53;-0,53;-;-;70;39.500;2389752
B3SAOX26;BRB3SA3Y0079;FINANCIAL;22,83;22,82;23,51;23,27;23,17;2,25;23,09;-;22,66;-;0,43;0,43;-;-;58;108.200;2517861
BBASOX26;BRBBAS3Y0043;FINANCIAL;24,33;24,33;24,96;24,68;24,55;0,04;24,6;-;24,54;-;0,06;0,06;-;25,61;94;106.100;2618585
COGNOX26;BRCOGN3Y0083;FINANCIAL;3;3;3;3;3;1,01;2,97;-;2,97;-;0;0;-;-;1;2.000;6000
CSANOX26;BRCSAN3Y0012;FINANCIAL;-;-;-;-;-;-;5,29;-;5,1;-;0,19;0,19;-;-;-;-;-
CSNAOX26;BRCSNA3Y0046;FINANCIAL;6,54;6,54;6,68;6,58;6,6;3,12;6,42;-;6,4;-;0,02;0,02;-;-;4;2.100;13823
EMBJOX26;BREMBJ3Y0025;FINANCIAL;90,23;89,83;91,62;90,78;91,44;0,87;90,97;-;90,65;-;0,32;0,32;-;-;56;15.600;1416298
ENEVOX26;BRENEV3Y0014;FINANCIAL;-;-;-;-;-;-;31,25;-;30,85;-;0,4;0,4;-;-;-;-;-
EQTLOX26;BREQTL3Y0016;FINANCIAL;50,03;49,6;51,08;50,48;50,48;1,52;50,36;-;49,72;-;0,64;0,64;-;-;48;19.100;964174
HAPVOX26;BRHAPV3Y0010;FINANCIAL;8,92;8,92;8,92;8,92;8,92;4,2;8,87;-;8,56;-;0,31;0,31;-;-;1;500;4460
HYPEOX26;BRHYPE3Y0073;FINANCIAL;27,33;26,9;27,53;27,16;26,99;-2,63;27,08;-;27,72;-;-0,64;-0,64;-;-;22;2.900;78788
LRENOX26;BRLREN3Y0041;FINANCIAL;13,64;13,6;13,88;13,77;13,72;0,66;13,69;-;13,63;-;0,06;0,06;-;-;35;26.000;358128
MBRFOX26;BRMBRF3Y0017;FINANCIAL;-;-;-;-;-;-;18,85;-;18,66;-;0,19;0,19;-;-;-;-;-
MGLUOX26;BRMGLU3Y0042;FINANCIAL;-;-;-;-;-;-;10,35;-;9,8;-;0,55;0,55;-;-;-;-;-
MOTVOX26;BRMOTV3Y0013;FINANCIAL;20,17;20,16;20,81;20,57;20,7;3,29;20,55;-;20,04;-;0,51;0,51;-;-;11;5.700;117284
NATUOX26;BRNATU3Y0012;FINANCIAL;7,36;7,32;7,59;7,46;7,47;0,67;7,42;-;7,42;-;0;0;-;-;54;35.300;263607
PRIOOX26;BRPRIO3Y0017;FINANCIAL;65,47;64,29;66,01;65,05;64,73;1,88;64,66;-;63,53;-;1,13;1,13;-;-;52;28.900;1879948
PSSAOX26;BRPSSA3Y0070;FINANCIAL;53,85;53,67;54,64;54,25;54,21;1,45;54,32;-;53,43;-;0,89;0,89;-;-;349;41.400;2246116
RADLOX26;BRRADL3Y0016;FINANCIAL;21,52;21,52;21,52;21,52;21,52;0,98;21,08;-;21,31;-;-0,23;-0,23;-;-;1;700;15064
RAILOX26;BRRAIL3Y0015;FINANCIAL;18,7;18,7;19,27;19,14;18,89;0,58;18,84;-;18,78;-;0,06;0,06;-;-;112;111.200;2128678
RDOROX26;BRRDOR3Y0014;FINANCIAL;45,23;45,22;46,37;45,9;46,24;2,66;46,2;-;45,04;-;1,16;1,16;-;-;276;111.700;5127493
RENTOX26;BRRENT3Y0044;FINANCIAL;52,21;52,21;54,35;53,78;53,14;3,38;53,05;-;51,4;-;1,65;1,65;-;-;152;73.000;3926537
SBSPOX26;BRSBSP3Y0011;FINANCIAL;33,15;33,15;33,97;33,66;33,97;4,45;33,83;-;32,52;-;1,31;1,31;-;-;6;1.800;60601
SUZBOX26;BRSUZB3Y0040;FINANCIAL;42,83;42,83;43,6;43,31;43,19;0,91;43,38;-;42,8;-;0,58;0,58;-;-;32;10.600;459136
TIMSOX26;BRTIMS3Y0011;FINANCIAL;-;-;-;-;-;-;19,16;-;19,43;-;-0,27;-0,27;-;-;-;-;-
USIMAX26;BRUSIM5Y0074;FINANCIAL;7,37;7,37;7,4;7,38;7,38;0,95;7,31;-;7,31;-;0;0;-;-;3;1.100;8127
VALEOX26;BRVALE3Y0073;FINANCIAL;69,16;68,59;70,2;69,39;68,59;-1,67;68,6;-;69,76;-;-1,16;-1,16;-;71,66;119;106.100;7362682
VBBROX26;BRVBBR3Y0017;FINANCIAL;37,48;37,25;38,23;37,77;38,01;-0,23;38,08;-;38,1;-;-0,02;-0,02;-;-;113;77.500;2927587
VIVTOX26;BRVIVT3Y0016;FINANCIAL;32,23;32,2;32,42;32,25;32,3;-0,15;32,48;-;32,35;-;0,13;0,13;-;-;31;5.800;187084
ESXZ26;BRBMEFESX0J7;FINANCIAL;-;-;-;-;-;-;6150;-;6191;-;-41;-2302,2568623918;-;-;-;-;-
ESXH27;BRBMEFESX0K5;FINANCIAL;-;-;-;-;-;-;6186;-;6228;-;-42;-2358,4094687916;-;-;-;-;-
ESXM27;BRBMEFESX0L3;FINANCIAL;-;-;-;-;-;-;6132;-;6173;-;-41;-2302,2568623918;-;-;-;-;-
DAXZ26;BRBMEFDAX0L4;FINANCIAL;-;-;-;-;-;-;24967;-;25226;-;-259;-7271,7625287741;-;-;-;-;-
DAXH27;BRBMEFDAX0M2;FINANCIAL;-;-;-;-;-;-;25188;-;25449;-;-261;-7327,9151351739;-;-;-;-;-
DAXM27;BRBMEFDAX0N0;FINANCIAL;-;-;-;-;-;-;25482;-;25746;-;-264;-7412,1440447736;-;-;-;-;-
XFIV26;BRBMEFXFI0N0;FINANCIAL;-;-;-;-;-;-;4058,2;-;4064;-;-5,8;-58;-;-;-;-;-
XFIZ26;BRBMEFXFI0O8;FINANCIAL;-;-;-;-;-;-;4058,2;-;4064;-;-5,8;-58;-;-;-;-;-
SMLV26;BRBMEFSM00F3;FINANCIAL;-;-;-;-;-;-;2711,72;-;2640,27;-;71,45;714,5;-;-;-;-;-
SMLZ26;BRBMEFSM00G1;FINANCIAL;-;-;-;-;-;-;2711,72;-;2640,27;-;71,45;714,5;-;-;-;-;-
SMLG27;BRBMEFSM00H9;FINANCIAL;-;-;-;-;-;-;2711,72;-;2640,27;-;71,45;714,5;-;-;-;-;-
SMLJ27;BRBMEFSM00I7;FINANCIAL;-;-;-;-;-;-;2711,72;-;2640,27;-;71,45;714,5;-;-;-;-;-
SMLM27;BRBMEFSM00J5;FINANCIAL;-;-;-;-;-;-;2711,72;-;2640,27;-;71,45;714,5;-;-;-;-;-
SMLQ27;BRBMEFSM00K3;FINANCIAL;-;-;-;-;-;-;2711,72;-;2640,27;-;71,45;714,5;-;-;-;-;-
SMLV27;BRBMEFSM00L1;FINANCIAL;-;-;-;-;-;-;2711,72;-;2640,27;-;71,45;714,5;-;-;-;-;-
SMLZ27;BRBMEFSM00M9;FINANCIAL;-;-;-;-;-;-;2711,72;-;2640,27;-;71,45;714,5;-;-;-;-;-
SMLG28;BRBMEFSM00N7;FINANCIAL;-;-;-;-;-;-;2711,72;-;2640,27;-;71,45;714,5;-;-;-;-;-
SMLJ28;BRBMEFSM00O5;FINANCIAL;-;-;-;-;-;-;2711,72;-;2640,27;-;71,45;714,5;-;-;-;-;-
SMLM28;BRBMEFSM00P2;FINANCIAL;-;-;-;-;-;-;2711,72;-;2640,27;-;71,45;714,5;-;-;-;-;-
SMLQ28;BRBMEFSM00Q0;FINANCIAL;-;-;-;-;-;-;2711,72;-;2640,27;-;71,45;714,5;-;-;-;-;-
ISPZ26;BRBMEFISP1P8;FINANCIAL;7826,75;7788,5;7853,25;7819,9;7825,25;-0,42;7822,5;-;7858,75;-;-36,25;-9079,9;7450;-;145;347;679678857,64
ISPH27;BRBMEFISP1R4;FINANCIAL;-;-;-;-;-;-;7900,5;-;7937,5;-;-37;-9267,76;-;-;-;-;-
ISPM27;BRBMEFISP1S2;FINANCIAL;-;-;-;-;-;-;7982;-;8019;-;-37;-9267,76;-;-;-;-;-
WSPZ26;BRBMEFWSP0W8;FINANCIAL;7823;7787;7857,5;7823,76;7825,75;-0,41;7822,5;-;7858,75;-;-36,25;-453,995;7824;7825,75;6.305;17.477;1712479796,67
WSPH27;BRBMEFWSP0Z1;FINANCIAL;-;-;-;-;-;-;7900,5;-;7937,5;-;-37;-463,388;-;-;-;-;-
WSPM27;BRBMEFWSP100;FINANCIAL;-;-;-;-;-;-;7982;-;8019;-;-37;-463,388;-;-;-;-;-
WEGEOV26;BRWEGE300044;FINANCIAL;51,12;51,09;52,69;51,92;51,94;0,99;51,9;-;51,43;-;0,47;0,47;-;-;40;19.500;1012573
BOVAEV26;BRBOVABVE012;FINANCIAL;203,4;203,4;204,47;203,88;203,77;0,94;203,58;-;201,86;-;1,72;1,72;-;-;3;900;183492
BOVVEV26;BRBOVVOVE011;FINANCIAL;-;-;-;-;-;-;213,48;-;211,92;-;1,56;1,56;-;-;-;-;-
BBDCPX26;BRBBDC4Y0040;FINANCIAL;22,19;21,85;22,19;22,02;21,85;-1,92;21,8;-;22,28;-;-0,48;-0,48;-;-;6;12.400;273132
BOVAEX26;BRBOVABVE020;FINANCIAL;-;-;-;-;-;-;205,88;-;204,18;-;1,7;1,7;-;-;-;-;-
BOVVEX26;BRBOVVOVE029;FINANCIAL;-;-;-;-;-;-;215,85;-;214,27;-;1,58;1,58;-;-;-;-;-
BPACIX26;BRBPAC1Y0015;FINANCIAL;79,57;78,93;79,57;79,08;78,98;1,55;78,57;-;77,77;-;0,8;0,8;-;-;22;3.800;300528
CMIGPX26;BRCMIG4Y0078;FINANCIAL;12;12;12,29;12,09;12,29;2,07;12,24;-;12,04;-;0,2;0,2;-;-;8;5.600;67746
GGBRPX26;BRGGBR4Y0040;FINANCIAL;25,32;24,98;25,78;25,31;24,99;-2,3;25,12;-;25,58;-;-0,46;-0,46;-;-;55;32.100;812546
HASHEX26;BRHASHHAE069;FINANCIAL;-;-;-;-;-;-;53,9;-;55,32;-;-1,42;-1,42;-;-;-;-;-
ITSAPX26;BRITSA4Y0049;FINANCIAL;16,07;16,05;16,24;16,15;16,24;0,06;16,28;-;16,23;-;0,05;0,05;-;-;5;4.200;67842
ITUBPX26;BRITUB4Y0043;FINANCIAL;49,54;49,12;50,48;50,09;50,15;0,64;50,05;-;49,83;-;0,22;0,22;-;-;49;68.300;3421686
KLBNIX26;BRKLBN1Y0010;FINANCIAL;-;-;-;-;-;-;18,76;-;18,74;-;0,02;0,02;-;-;-;-;-
PETRPX26;BRPETR4Y0071;FINANCIAL;56,08;55,62;56,58;56,22;56,52;2,52;56,27;-;55,13;-;1,14;1,14;-;-;178;319.400;17957494
WEGEOX26;BRWEGE3Y0040;FINANCIAL;51,69;51,66;53,38;52,64;52,53;0,98;52,5;-;52,02;-;0,48;0,48;-;-;75;43.800;2305965
BBDCPV26;BRBBDC400045;FINANCIAL;21,65;21,52;21,94;21,75;21,52;-2,31;21,56;-;22,03;-;-0,47;-0,47;21,53;22;20;28.600;622133
BPACIV26;BRBPAC100014;FINANCIAL;77,08;77,03;78,53;77,87;78,1;1,6;77,67;-;76,87;-;0,8;0,8;-;-;51;12.400;965684
CMIGPV26;BRCMIG400075;FINANCIAL;11,93;11,93;12,16;12,06;12,15;2,01;12,1;-;11,91;-;0,19;0,19;-;-;22;13.400;161685
GGBRPV26;BRGGBR400040;FINANCIAL;25,04;24,91;25,49;25,11;25,06;-0,9;24,83;-;25,29;-;-0,46;-0,46;-;-;44;23.500;590152
HASHEV26;BRHASHHAE051;FINANCIAL;-;-;-;-;-;-;53,28;-;54,69;-;-1,41;-1,41;-;-;-;-;-
ITSAPV26;BRITSA400043;FINANCIAL;16,14;16,05;16,29;16,13;16,29;1,49;16,09;-;16,05;-;0,04;0,04;-;-;11;8.200;132281
ITUBPV26;BRITUB400048;FINANCIAL;48,97;48,8;49,82;49,26;49,64;0,77;49,48;-;49,26;-;0,22;0,22;-;-;33;35.000;1724236
KLBNIV26;BRKLBN100013;FINANCIAL;18,65;18,58;18,65;18,61;18,58;0,26;18,55;-;18,53;-;0,02;0,02;-;-;2;600;11169
PETRPV26;BRPETR400074;FINANCIAL;55,45;54,93;55,9;55,4;55,88;2,53;55,62;-;54,5;-;1,12;1,12;49,6;57,98;162;210.100;11640802
ISPZ26C007780;BRBMEFCSN4I5;FINANCIAL;-;-;-;-;-;-;-;-;-;210,79;-;-;-;-;-;-;-
ISPZ26P007780;BRBMEFVSN4I2;FINANCIAL;-;-;-;-;-;-;-;-;-;169,3;-;-;-;-;-;-;-
DIFF29F31;BRBMEFDIF0L8;FINANCIAL;12,54;12,475;12,54;12,5199;12,475;-0,91;-;-;-;-;-;-;-;-;4;5.525;377644987,36
DIFF31F33;BRBMEFDIF0M6;FINANCIAL;12,87;12,825;12,87;12,849;12,86;-1,83;-;-;-;-;-;-;-;-;7;640;34468153,45
DIFF30F31;BRBMEFDIF0R5;FINANCIAL;12,63;12,535;12,635;12,5643;12,535;-2,07;-;-;-;-;-;-;-;-;8;5.950;385844503,9
DIFF31F32;BRBMEFDIF151;FINANCIAL;12,845;12,845;13,115;12,9106;13,115;2,1;-;-;-;-;-;-;-;-;2;37;2127140,63
DIFF28F29;BRBMEFDIF136;FINANCIAL;12,03;11,92;12,03;12,0296;11,92;-2,73;-;-;-;-;-;-;-;-;2;9.009;736442103,91
DIFN28F29;BRBMEFDIF318;FINANCIAL;12,35;12,35;12,35;12,35;12,35;-12,59;-;-;-;-;-;-;-;-;2;214;17003936,14
DIFV28F29;BRBMEFDIF3X7;FINANCIAL;12,115;12,115;12,12;12,1178;12,12;-1,46;-;-;-;-;-;-;-;-;2;227;17818624,66
DIFF33F35;BRBMEFDIF433;FINANCIAL;12,59;12,57;12,59;12,5859;12,59;-1,94;-;-;-;-;-;-;-;-;4;538;22863484,52
DIFN29F30;BRBMEFDIF6C4;FINANCIAL;12,42;12,42;12,47;12,4329;12,42;-1,58;-;-;-;-;-;-;-;-;3;301;21333381,1
DIFF29N29;BRBMEFDIF6D2;FINANCIAL;12,71;12,595;12,715;12,687;12,6;-2,02;-;-;-;-;-;-;-;-;4;301;22576787,81
DIFJ29N29;BRBMEFDIF6L5;FINANCIAL;12,565;12,565;12,565;12,565;12,565;-12,31;-;-;-;-;-;-;-;-;1;236;17497083,52
DIFX26F27;BRBMEFDIFAV7;FINANCIAL;13,359;13,359;13,36;13,3599;13,36;-3,15;-;-;-;-;-;-;-;-;2;5.217;512196660,08
DIIF31F33;BRBMEFDII0H3;FINANCIAL;0,165;0,13;0,17;0,154;0,13;-21,21;-;-;-;-;-;-;0,13;0,135;2.048;96.628;5315765272,81
DIIF31F32;BRBMEFDII0G5;FINANCIAL;0,105;0,08;0,105;0,095;0,08;-23,8;-;-;-;-;-;-;0,08;0,085;1.225;121.701;7025053592,6
DIIF29F31;BRBMEFDII0O9;FINANCIAL;0,16;0,09;0,175;0,117;0,105;-32,25;-;-;-;-;-;-;0,1;0,105;4.043;210.624;14918404324,95
DIIF30F31;BRBMEFDII0U6;FINANCIAL;0,08;0,04;0,08;0,057;0,045;-47,05;-;-;-;-;-;-;0,04;0,05;2.536;199.741;13042782086,48
DIIF27F31;BRBMEFDII0W2;FINANCIAL;-1,055;-1,055;-1,055;-1,055;-1,055;-470,17;-;-;-;-;-;-;-;-;1;22.380;2110788029,6
DIIN27F28;BRBMEFDII197;FINANCIAL;-0,415;-0,465;-0,4;-0,444;-0,45;11,11;-;-;-;-;-;-;-0,455;-0,445;1.162;105.982;9506415664,78
DIIF27N27;BRBMEFDII189;FINANCIAL;-0,435;-0,469;-0,435;-0,441;-0,445;1,59;-;-;-;-;-;-;-0,466;-0,429;829;194.974;18675949501,24
DIIJ27N27;BRBMEFDII163;FINANCIAL;-0,22;-0,255;-0,215;-0,237;-0,235;4,44;-;-;-;-;-;-;-0,255;-0,23;1.025;102.936;9603016919,6
DIIF27J27;BRBMEFDII155;FINANCIAL;-0,197;-0,225;-0,195;-0,212;-0,212;-1,39;-;-;-;-;-;-;-0,213;-0,197;317;149.814;14419504169,77
DIIF27F28;BRBMEFDII1I9;FINANCIAL;-0,817;-0,91;-0,817;-0,839;-0,91;7,81;-;-;-;-;-;-;-;-0,869;7;3.585;341787582,7
DIIF29F30;BRBMEFDII1K5;FINANCIAL;0,085;0,045;0,09;0,06;0,06;-25;-;-;-;-;-;-;0,05;0,06;2.569;170.507;12557748495,55
DIIF28F29;BRBMEFDII1J7;FINANCIAL;-0,16;-0,275;-0,145;-0,226;-0,25;42,85;-;-;-;-;-;-;-0,25;-0,24;4.457;428.771;35601150535,44
DIIF32F33;BRBMEFDII1L3;FINANCIAL;0,065;0,05;0,065;0,058;0,05;-16,66;-;-;-;-;-;-;0,045;0,055;668;47.857;2446521441,69
DIIF33F34;BRBMEFDII1M1;FINANCIAL;0,02;0,015;0,025;0,022;0,02;0;-;-;-;-;-;-;0,015;0,035;69;912;41300032,15
DIIF29F33;BRBMEFDII1Q2;FINANCIAL;0,29;0,29;0,29;0,29;0,29;-12,12;-;-;-;-;-;-;-;-;1;490;32622375,3
DIIN27V27;BRBMEFDII2I7;FINANCIAL;-0,225;-0,255;-0,225;-0,247;-0,245;11,36;-;-;-;-;-;-;-0,255;-0,235;1.008;110.112;9965798652,6
DIIV27F28;BRBMEFDII2J5;FINANCIAL;-0,18;-0,21;-0,175;-0,195;-0,205;13,88;-;-;-;-;-;-;-0,21;-0,195;958;121.683;10695003706,08
DIIF28J28;BRBMEFDII2K3;FINANCIAL;-0,095;-0,125;-0,09;-0,111;-0,115;21,05;-;-;-;-;-;-;-0,12;-0,11;1.476;153.235;13093996364,78
DIIF28F30;BRBMEFDII2N7;FINANCIAL;-0,06;-0,225;-0,06;-0,157;-0,17;112,5;-;-;-;-;-;-;-0,2;-0,17;46;2.033;164129100,75
DIIF28F31;BRBMEFDII2X6;FINANCIAL;0,02;-0,17;0,02;-0,081;-0,135;440;-;-;-;-;-;-;-0,155;-0,13;509;38.448;3038820871,04
DIIN28F29;BRBMEFDII353;FINANCIAL;-0,01;-0,07;-0,01;-0,05;-0,055;175;-;-;-;-;-;-;-0,055;-0,045;1.894;94.885;7577872687,06
DIIJ28N28;BRBMEFDII346;FINANCIAL;-0,045;-0,085;-0,045;-0,074;-0,075;36,36;-;-;-;-;-;-;-0,08;-0,07;746;40.283;3347555628,5
DIIN28V28;BRBMEFDII3Y2;FINANCIAL;-0,01;-0,035;-0,01;-0,022;-0,03;200;-;-;-;-;-;-;-0,035;-0,025;294;49.662;4010361017,86
DIIV28F29;BRBMEFDII3Z9;FINANCIAL;-;-0,03;-0,005;-0,021;-0,025;-;-;-;-;-;-;-;-0,03;-0,02;227;20.912;1641812365,54
DIIF33F35;BRBMEFDII460;FINANCIAL;0,025;0,015;0,03;0,02;0,015;-25;-;-;-;-;-;-;0,01;0,02;1.100;43.309;1860451456,1
DIIF33F37;BRBMEFDII478;FINANCIAL;0,045;0,025;0,055;0,042;0,03;-25;-;-;-;-;-;-;0,025;0,04;759;15.476;602015495,24
DIIF28N28;BRBMEFDII4H5;FINANCIAL;-0,14;-0,21;-0,135;-0,181;-0,19;26,66;-;-;-;-;-;-;-0,195;-0,185;2.283;105.896;8953349085,95
DIIF34F35;BRBMEFDII5G4;FINANCIAL;-;-;-;-;-;-100;-;-;-;-;-;-;-0,02;0;1;50;2017426,25
DIIF31F35;BRBMEFDII5I0;FINANCIAL;0,2;0,15;0,2;0,173;0,15;-18,91;-;-;-;-;-;-;0,15;0,155;1.667;80.716;4075835451,97
DIIF30F32;BRBMEFDII5K6;FINANCIAL;0,175;0,14;0,175;0,15;0,145;-21,62;-;-;-;-;-;-;-;-;195;4.515;281331550,86
DIIF29F35;BRBMEFDII5Q3;FINANCIAL;0,29;0,265;0,29;0,289;0,275;-21,42;-;-;-;-;-;-;-;-;7;6.284;397753849
DIIF29F32;BRBMEFDII5O8;FINANCIAL;0,2;0,19;0,205;0,196;0,195;-25;-;-;-;-;-;-;-;-;7;12.378;848972036,78
DIIF29J29;BRBMEFDII692;FINANCIAL;0,02;0,02;0,03;0,022;0,025;0;-;-;-;-;-;-;0,02;0,03;15;2.608;199319985,53
DIIF30F35;BRBMEFDII6D9;FINANCIAL;0,275;0,275;0,275;0,275;0,275;-8,33;-;-;-;-;-;-;-;-;1;478;26519340,52
DIIF30F33;BRBMEFDII6B3;FINANCIAL;0,25;0,2;0,25;0,225;0,2;-20;-;-;-;-;-;-;-;-;5;4.490;268223659,79
DIIF29N29;BRBMEFDII6H0;FINANCIAL;0,065;0,04;0,065;0,048;0,05;-16,66;-;-;-;-;-;-;0,045;0,055;1.950;190.493;14354749059,97
DIIN29F30;BRBMEFDII6G2;FINANCIAL;0,025;0,005;0,025;0,01;0,01;-50;-;-;-;-;-;-;0,005;0,015;2.064;85.131;6048558709,73
DIIJ29N29;BRBMEFDII6Q1;FINANCIAL;0,025;0,02;0,03;0,025;0,025;-16,66;-;-;-;-;-;-;0,02;0,03;7;517;38353008,18
DIIF29V29;BRBMEFDII7C9;FINANCIAL;0,065;0,065;0,065;0,065;0,065;85,71;-;-;-;-;-;-;-;-;1;322;23934757,05
DIIV29F30;BRBMEFDII7D7;FINANCIAL;-0,005;-0,005;-0,005;-0,005;-0,005;-150;-;-;-;-;-;-;-;-;1;10;698978,05
DIIN29V29;BRBMEFDII7E5;FINANCIAL;-;-;0,01;0,004;-;-100;-;-;-;-;-;-;0;0,01;51;3.334;240099778,33
DIIF32F35;BRBMEFDII809;FINANCIAL;0,09;0,07;0,09;0,078;0,07;-12,5;-;-;-;-;-;-;0,05;0,08;114;6.500;301382697,14
DIIF30N30;BRBMEFDII858;FINANCIAL;0,04;0,02;0,04;0,03;0,025;-37,5;-;-;-;-;-;-;0,02;0,025;152;3.721;249142385,26
DIIN30F31;BRBMEFDII866;FINANCIAL;0,04;0,02;0,04;0,03;0,025;-37,5;-;-;-;-;-;-;0,02;0,025;73;3.436;216745340,94
DIIF35F37;BRBMEFDII8K0;FINANCIAL;0,02;0,01;0,025;0,017;0,015;0;-;-;-;-;-;-;0,01;0,015;193;20.593;695147108,48
DIIF30J30;BRBMEFDII8P9;FINANCIAL;0,015;0,015;0,015;0,015;0,015;-25;-;-;-;-;-;-;-;-;1;910;61569349,55
DIIF31F37;BRBMEFDIIAZ2;FINANCIAL;0,2;0,185;0,2;0,196;0,185;8,82;-;-;-;-;-;-;-;-;8;8.531;397169998,22
DIIN28N29;BRBMEFDIIB55;FINANCIAL;-0,005;-0,005;-0,005;-0,005;-0,005;-107,69;-;-;-;-;-;-;-;-;2;1.955;152943764,45
DIIF31J31;BRBMEFDIIBI6;FINANCIAL;0,015;-0,005;0,015;0,014;-0,005;-150;-;-;-;-;-;-;-;-;5;1.298;78051423,31
DIIF31N31;BRBMEFDIIBJ4;FINANCIAL;0,04;0,025;0,04;0,035;0,025;-37,5;-;-;-;-;-;-;0,025;0,035;4;585;34820595,37
DIIN31F32;BRBMEFDIIBM8;FINANCIAL;0,055;0,055;0,055;0,055;0,055;-8,33;-;-;-;-;-;-;0,045;0,06;1;122;6832092,28
DIIN31F33;BRBMEFDIIBU1;FINANCIAL;0,095;0,095;0,095;0,095;0,095;-17,39;-;-;-;-;-;-;-;-;1;10;529603,6
DIIF28F37;BRBMEFDIIBW7;FINANCIAL;0,08;0,08;0,085;0,08;0,08;-51,51;-;-;-;-;-;-;-;-;3;2.305;165215847,04
DIIG27J27;BRBMEFDIIBY3;FINANCIAL;-0,135;-0,145;-0,13;-0,139;-0,14;0;-;-;-;-;-;-;-;-;11;3.624;346077573,85
DIIV27X27;BRBMEFDIIC47;FINANCIAL;-0,07;-0,07;-0,07;-0,07;-0,07;7,69;-;-;-;-;-;-;-;-;4;1.180;104573611,4
DIIV27Z27;BRBMEFDIICA1;FINANCIAL;-0,135;-0,135;-0,095;-0,109;-0,095;-24;-;-;-;-;-;-;-;-;7;2.840;250710646,97
DIIV28X28;BRBMEFDIIC62;FINANCIAL;-0,005;-0,005;-0,005;-0,005;-0,005;-200;-;-;-;-;-;-;-;-;4;235;18609832,78
DIIV28Z28;BRBMEFDIICC7;FINANCIAL;-0,015;-0,015;-0,015;-0,015;-0,015;-400;-;-;-;-;-;-;-;-;4;177;13959008,09
DIIV29X29;BRBMEFDIIC88;FINANCIAL;-;-;-;-;-;-100;-;-;-;-;-;-;-;-;2;20;1411155,8
DIIV29Z29;BRBMEFDIICE3;FINANCIAL;0,01;0,01;0,01;0,01;0,01;-;-;-;-;-;-;-;-;-;1;10;702130,05
DIIX27F28;BRBMEFDIIC54;FINANCIAL;-0,125;-0,13;-0,125;-0,126;-0,13;13,04;-;-;-;-;-;-;-;-;8;631;55174944,49
DIIX28F29;BRBMEFDIIC70;FINANCIAL;-0,02;-0,02;-0,015;-0,017;-0,015;-;-;-;-;-;-;-;-;-;4;125;9768218,15
DIIX29F30;BRBMEFDIIC96;FINANCIAL;-;-;-;-;-;-;-;-;-;-;-;-;-;-;5;742;51679290,2
DIIZ27F28;BRBMEFDIICB9;FINANCIAL;-0,06;-0,105;-0,06;-0,083;-0,105;90,9;-;-;-;-;-;-;-;-;11;4.275;371911149,21
DIIZ28F29;BRBMEFDIICD5;FINANCIAL;-0,015;-0,015;-0,01;-0,01;-0,01;-;-;-;-;-;-;-;-;-;4;365;28388877,77
DIIZ29F30;BRBMEFDIICF0;FINANCIAL;0,005;0,005;0,005;0,005;0,005;-50;-;-;-;-;-;-;-;-;1;20;1384248,5
DIIH27J27;BRBMEFDIICR5;FINANCIAL;-0,08;-0,08;-0,075;-0,075;-0,075;-850;-;-;-;-;-;-;-;-;4;2.592;246107113,19
DIIN29F35;BRBMEFDIID46;FINANCIAL;0,115;0,115;0,215;0,185;0,215;-20,37;-;-;-;-;-;-;-;-;3;1.034;61247137,66
DIIJ27K27;BRBMEFDIID87;FINANCIAL;-0,075;-0,08;-0,07;-0,077;-0,075;0;-;-;-;-;-;-;-;-;18;7.495;704274751,45
DIIJ31F33;BRBMEFDIIDC5;FINANCIAL;0,115;0,115;0,115;0,115;0,115;-4,16;-;-;-;-;-;-;-;-;1;11;597516,97
DIIV29V30;BRBMEFDIIDK8;FINANCIAL;0,04;0,04;0,045;0,041;0,045;-;-;-;-;-;-;-;-;-;3;218;14676739,14
DIIN28F32;BRBMEFDIIDP7;FINANCIAL;0,17;0,17;0,17;0,17;0,17;-54,05;-;-;-;-;-;-;-;-;2;8.952;650224074,32
DIIU27V27;BRBMEFDIIDW3;FINANCIAL;-0,07;-0,07;-0,07;-0,07;-0,07;0;-;-;-;-;-;-;-;-;1;2.085;186494825,7
DAIK33K35;BRBMEFDAI0Q2;FINANCIAL;0,005;0,005;0,01;0,006;0,01;-140;-;-;-;-;-;-;-;-;3;2.938;347199628,08
DAIK35K37;BRBMEFDAI1B2;FINANCIAL;-;-0,02;-0,01;-0,01;-0,01;-75;-;-;-;-;-;-;-;-;7;1.959;203196146,2
DAIK37Q40;BRBMEFDAI1D8;FINANCIAL;-0,12;-0,12;-0,12;-0,12;-0,12;-40;-;-;-;-;-;-;-;-;1;291;25821054,11
DAIK31Q32;BRBMEFDAI1E6;FINANCIAL;0,02;0,02;0,02;0,02;0,02;-300;-;-;-;-;-;-;-;-;1;652;89490706,88
FRIF31F32;BRBMEFFRI0W9;FINANCIAL;0,3;0,3;0,3;0,3;0,3;30,43;-;-;-;-;-;-;-;-;2;4.027;305063021,07
FRIF30F33;BRBMEFFRIB37;FINANCIAL;0,93;0,93;0,93;0,93;0,93;13,41;-;-;-;-;-;-;-;-;1;811;65629630,31
FRIJ27V27;BRBMEFFRI946;FINANCIAL;0,35;0,35;0,35;0,35;0,35;-;-;-;-;-;-;-;-;-;1;9.133;448696403,13
FRIV28F29;BRBMEFFRI9Z3;FINANCIAL;0,11;0,11;0,11;0,11;0,11;0;-;-;-;-;-;-;-;-;1;5.259;413100343,59
FRIF30J30;BRBMEFFRIEI6;FINANCIAL;0,07;0,07;0,07;0,07;0,07;0;-;-;-;-;-;-;-;-;1;363;28048160,83
FRIF30N30;BRBMEFFRIF09;FINANCIAL;0,14;0,14;0,14;0,14;0,14;27,27;-;-;-;-;-;-;-;-;1;2.883;226805857,23
FRIV30F31;BRBMEFFRIF90;FINANCIAL;0,07;0,07;0,07;0,07;0,07;40;-;-;-;-;-;-;-;-;2;1.601;118523312,01
FRIF36F37;BRBMEFFRIFW4;FINANCIAL;0,31;0,31;0,31;0,31;0,31;-13,88;-;-;-;-;-;-;-;-;1;308;10786182,28
FRIZ27F28;BRBMEFFRIGM3;FINANCIAL;0,05;0,05;0,05;0,05;0,05;0;-;-;-;-;-;-;-;-;2;3.195;260910208,95
DITF27;BRBMEFDIT095;FINANCIAL;-;-;-;-;-;-100;-;-;-;-;-;-;-;-;1;8;777495,84
DITF28;BRBMEFDIT053;FINANCIAL;-;-;-;-;-;-;-;-;-;-;-;-;-;-;2;8;692378,88
DITF29;BRBMEFDIT0K4;FINANCIAL;-;-0,002;-;0;-0,002;-200;-;-;-;-;-;-;-;-;5;641;49608757,91
DITF30;BRBMEFDIT0J6;FINANCIAL;-;-;-;-;-;-100;-;-;-;-;-;-;-;-;3;983;67687237,06
DITF31;BRBMEFDIT0I8;FINANCIAL;-;-;-;-;-;-100;-;-;-;-;-;-;-;-;3;1.022;62479377,24
DITF32;BRBMEFDIT0H0;FINANCIAL;-;-;-;-;-;-;-;-;-;-;-;-;-;-;1;242;13103419,12
DITF33;BRBMEFDIT0G2;FINANCIAL;-;-;-;-;-;-;-;-;-;-;-;-;-;-;1;4;191908,84
DITF35;BRBMEFDIT0E7;FINANCIAL;-;-;-;-;-;-;-;-;-;-;-;-;-;-;1;24;909450,96
DITF37;BRBMEFDIT111;FINANCIAL;-;-;-;-;-;-;-;-;-;-;-;-;-;-;1;2;59692,44
DITN29;BRBMEFDIT1L0;FINANCIAL;-;-;0,002;0;0,002;-;-;-;-;-;-;-;-;-;3;365;26642529,1
DAPQ30;BRBMEFDAP1E7;FINANCIAL;6,845;6,69;6,845;6,768;6,765;-1,21;77908,81;6,765;77679,1;-;229,71;440,910542475;-;6,77;136;27.713;4143642628,38
DAPQ28;BRBMEFDAP280;FINANCIAL;6,72;6,63;6,72;6,669;6,65;-1,26;88843,87;6,65;88713,39;-;130,48;250,4462478;-;6,65;129;30.453;5191335848,84
DAPK35;BRBMEFDAP2L0;FINANCIAL;6,76;6,65;6,79;6,686;6,67;-1,34;57628,72;6,67;57210,03;-;418,69;803,643006525;6,64;6,68;149;14.622;1615230146,8
DAPQ40;BRBMEFDAP3A1;FINANCIAL;6,54;6,53;6,58;6,545;6,54;-1,07;41797,91;6,54;41417,96;-;379,95;729,284578875;6,535;-;74;5.295;424530812,22
DAPK45;BRBMEFDAP3B9;FINANCIAL;6,5;6,5;6,55;6,532;6,55;-0,84;31062,69;6,531;30663,94;-;398,75;765,369721875;6,5;6,59;6;39;2324866,24
DAPK55;BRBMEFDAP3D5;FINANCIAL;6,4;6,4;6,585;6,491;6,54;0,32;16874,06;6,462;16617,94;-;256,12;491,6024907;6,45;-;5;50;1606871,44
DAPQ32;BRBMEFDAP3T1;FINANCIAL;6,83;6,69;6,845;6,75;6,74;-1,56;68441,58;6,74;68044,94;-;396,64;761,3197404;-;-;118;8.844;1161139564
DAPK27;BRBMEFDAP3U9;FINANCIAL;5,65;5,45;5,65;5,53;5,47;-3,33;96920,65;5,47;96818,63;-;102,02;195,81948345;-;5,475;96;29.576;5500213889,29
DAPK33;BRBMEFDAP462;FINANCIAL;6,79;6,655;6,79;6,685;6,655;-1,8;65488,82;6,67;65061,69;-;427,13;819,842932425;-;-;108;7.045;884739879,69
DAPK29;BRBMEFDAP4N2;FINANCIAL;6,73;6,64;6,75;6,671;6,67;-1,38;84723,23;6,67;84532,1;-;191,13;366,859222425;6,55;6,67;111;17.468;2840560196,2
DAPF27;BRBMEFDAP4Y9;FINANCIAL;6,4;6,34;6,4;6,346;6,34;-0,64;98407,29;6,322;98393,08;-;14,21;27,274993725;6,34;-;7;9;1699863,2
DAPK31;BRBMEFDAP5E8;FINANCIAL;6,72;6,72;6,835;6,759;6,76;-1,12;74265,74;6,755;74005,85;-;259,89;498,838713525;-;-;85;6.940;989102935,93
DAPK37;BRBMEFDAP5F5;FINANCIAL;6,75;6,64;6,75;6,67;6,66;-1,34;50736,06;6,66;50283,04;-;453,02;869,53678095;-;-;50;3.618;351979240,11
DAPV26;BRBMEFDAP5H1;FINANCIAL;0,435;-0,19;0,435;0,317;-0,19;-112,78;99998,05;0,123;99976,59;-;21,46;41,19080685;-;-;11;16.000;3070921380
BR1X26Z26;BRBMEFBR1IR3;AGRIBUSINESS;-1,5;-1,5;-1,5;-1,5;-1,5;20;-;-;-;-;-;-;-2;-;1;4;519090
BR1Z26F27;BRBMEFBR1IS1;AGRIBUSINESS;0,25;0,25;0,25;0,25;0,25;-;-;-;-;-;-;-;-;-;7;14;1817194,5
CR1Z26H27;BRBMEFCR1650;AGRIBUSINESS;-4;-4;-3,75;-3,87;-3,75;275;-;-;-;-;-;-;-3,75;-0,8;2;4;708783,25
MR1X26F27;BRBMEFMR16T2;AGRIBUSINESS;4,35;4,22;4,35;4,28;4,26;-10,31;-;-;-;-;-;-;-;-;6;30;968197,5
FRP0;BRBMEFFRP099;FINANCIAL;21,4;20,5;22,4;21,34;21,3;0,47;-;-;-;-;-;-;-;-;315;21.175;5328943075
WD1X26Z26;BRBMEFWD1843;FINANCIAL;27,69;27,69;27,69;27,69;27,69;3,7;-;-;-;-;-;-;26,3;27,7;6;60;3022107
IR1V26Z26;BRBMEFIR1EL8;FINANCIAL;4251;4251;4310;4268;4310;1,96;-;-;-;-;-;-;4282;4346;10;490;102010065
WI1V26Z26;BRBMEFWI14Q1;FINANCIAL;4280;4250;4343;4277;4343;2,04;-;-;-;-;-;-;4250;4343;2.068;86.394;3604101285,4
DAPQ50;BRBMEFDAP3C7;FINANCIAL;-;-;-;-;-;-;22403,28;6,516;21986,72;-;416,56;799,5546366;-;-;-;-;-
DAPQ60;BRBMEFDAP3V7;FINANCIAL;-;-;-;-;-;-;12172,22;6,46;11946,43;-;225,79;433,386406275;-;-;-;-;-
DAPX26;BRBMEFDAP5J7;FINANCIAL;-;-;-;-;-;-;99280,25;7,553;99275,04;-;5,21;10,000191225;-;-;-;-;-
DAPZ26;BRBMEFDAP5K5;FINANCIAL;-;-;-;-;-;-;98696,38;7,625;98685,53;-;10,85;20,825734125;-;-;-;-;-
DAPG27;BRBMEFDAP5L3;FINANCIAL;-;-;-;-;-;-;97982,11;6,23;97962,64;-;19,47;37,371156075;-;-;-;-;-
DAPF28;BRBMEFDAP5N9;FINANCIAL;-;-;-;-;-;-;91893,38;6,929;91801,64;-;91,74;176,08782015;6,8;7,05;-;-;-
DAPH27;BRBMEFDAP5O7;FINANCIAL;-;-;-;-;-;-;97737,11;5,647;97712,24;-;24,87;47,736037575;-;-;-;-;-