Resume as transações realizadas em derivativos durante um pregão, incluindo volumes e valores. Os detalhes sobre as regras utilizadas, bem como a definição de cada um dos campos, estão disponíveis no 
Glossário;https://www.b3.com.br/data/files/F8/42/7A/61/FEC4A8103234E0A8AC094EA8/TradeInformationConsolidatedFileV3_PT.pdf

Instrumento financeiro;Código ISIN;Segmento;Preço de abertura;Preço mínimo;Preço máximo;Preço médio;Preço de fechamento;Oscilação;Ajuste;Ajuste de referência;Ajuste do dia anterior;Preço de referência;Variação;Valor do ajuste por contrato (R$);Última oferta de compra;Última oferta de venda;Quantidade de negócios;Quantidade de contratos;Volume financeiro
BGIV26C032400;BRBMEFCB1KB0;AGRIBUSINESS;-;-;-;-;-;-;-;-;-;63,37;-;-;-;-;-;-;-
BGIV26P032400;BRBMEFVB1KA9;AGRIBUSINESS;-;-;-;-;-;-;-;-;-;0,01;-;-;-;-;-;-;-
BGIV26C035000;BRBMEFCB1KC8;AGRIBUSINESS;-;-;-;-;-;-;-;-;-;37,61;-;-;-;-;-;-;-
BGIV26C035500;BRBMEFCB1KD6;AGRIBUSINESS;-;-;-;-;-;-;-;-;-;32,68;-;-;-;-;-;-;-
BGIV26C036000;BRBMEFCB1KE4;AGRIBUSINESS;-;-;-;-;-;-;-;-;-;27,79;-;-;-;-;-;-;-
BGIV26C036500;BRBMEFCB1KF1;AGRIBUSINESS;-;-;-;-;-;-;-;-;-;22,99;-;-;-;-;-;-;-
BGIV26C037000;BRBMEFCB1KG9;AGRIBUSINESS;-;-;-;-;-;-;-;-;-;18,33;-;-;-;-;-;-;-
BGIV26P035000;BRBMEFVB1KB7;AGRIBUSINESS;-;-;-;-;-;-;-;-;-;0,01;-;-;-;-;-;-;-
BGIV26P035500;BRBMEFVB1KC5;AGRIBUSINESS;-;-;-;-;-;-;-;-;-;0,03;-;-;-;-;-;-;-
BGIV26P036000;BRBMEFVB1KD3;AGRIBUSINESS;-;-;-;-;-;-;-;-;-;0,09;-;-;-;-;-;-;-
BGIV26P036500;BRBMEFVB1KE1;AGRIBUSINESS;-;-;-;-;-;-;-;-;-;0,25;-;-;-;-;-;-;-
BGIV26P037000;BRBMEFVB1KF8;AGRIBUSINESS;-;-;-;-;-;-;-;-;-;0,55;-;-;-;-;-;-;-
BGIV26C033500;BRBMEFCB1KH7;AGRIBUSINESS;-;-;-;-;-;-;-;-;-;52,47;-;-;-;-;-;-;-
BGIV26C034500;BRBMEFCB1KI5;AGRIBUSINESS;-;-;-;-;-;-;-;-;-;42,56;-;-;-;-;-;-;-
BGIV26P033500;BRBMEFVB1KG6;AGRIBUSINESS;-;-;-;-;-;-;-;-;-;0,01;-;-;-;-;-;-;-
BGIV26P034500;BRBMEFVB1KH4;AGRIBUSINESS;-;-;-;-;-;-;-;-;-;0,01;-;-;-;-;-;-;-
BGIV26C034200;BRBMEFCB1KJ3;AGRIBUSINESS;-;-;-;-;-;-;-;-;-;45,53;-;-;-;-;-;-;-
BGIV26P034200;BRBMEFVB1KI2;AGRIBUSINESS;-;-;-;-;-;-;-;-;-;0,01;-;-;-;-;-;-;-
BGIV26C034550;BRBMEFCB1KK1;AGRIBUSINESS;-;-;-;-;-;-;-;-;-;42,07;-;-;-;-;-;-;-
BGIV26P034550;BRBMEFVB1KJ0;AGRIBUSINESS;-;-;-;-;-;-;-;-;-;0,01;-;-;-;-;-;-;-
BGIV26C032200;BRBMEFCB1KL9;AGRIBUSINESS;-;-;-;-;-;-;-;-;-;65,35;-;-;-;-;-;-;-
BGIV26C036800;BRBMEFCB1KM7;AGRIBUSINESS;-;-;-;-;-;-;-;-;-;20,17;-;-;-;-;-;-;-
BGIV26P032200;BRBMEFVB1KK8;AGRIBUSINESS;-;-;-;-;-;-;-;-;-;0,01;-;-;-;-;-;-;-
BGIV26P036800;BRBMEFVB1KL6;AGRIBUSINESS;-;-;-;-;-;-;-;-;-;0,41;-;-;-;-;-;-;-
BGIV26C038000;BRBMEFCB1KN5;AGRIBUSINESS;11,54;11,54;11,54;11,54;11,54;35,76;-;-;-;9,98;-;-;-;-;1;150;571230
BGIV26P038000;BRBMEFVB1KM4;AGRIBUSINESS;-;-;-;-;-;-;-;-;-;2,1;-;-;-;-;-;-;-
BGIV26C035400;BRBMEFCB1KO3;AGRIBUSINESS;-;-;-;-;-;-;-;-;-;33,66;-;-;-;-;-;-;-
BGIV26C040000;BRBMEFCB1KP0;AGRIBUSINESS;-;-;-;-;-;-;-;-;-;1,29;-;-;-;-;-;-;-
BGIV26P035400;BRBMEFVB1KN2;AGRIBUSINESS;-;-;-;-;-;-;-;-;-;0,02;-;-;-;-;-;-;-
BGIV26P040000;BRBMEFVB1KO0;AGRIBUSINESS;-;-;-;-;-;-;-;-;-;13,23;-;-;-;-;-;-;-
BGIV26C031500;BRBMEFCB1KQ8;AGRIBUSINESS;-;-;-;-;-;-;-;-;-;72,29;-;-;-;-;-;-;-
BGIV26P031500;BRBMEFVB1KP7;AGRIBUSINESS;-;-;-;-;-;-;-;-;-;0,01;-;-;-;-;-;-;-
BGIV26C033000;BRBMEFCB1KR6;AGRIBUSINESS;-;-;-;-;-;-;-;-;-;57,42;-;-;-;-;-;-;-
BGIV26C033100;BRBMEFCB1KS4;AGRIBUSINESS;-;-;-;-;-;-;-;-;-;56,43;-;-;-;-;-;-;-
BGIV26C033200;BRBMEFCB1KT2;AGRIBUSINESS;-;-;-;-;-;-;-;-;-;55,44;-;-;-;-;-;-;-
BGIV26C033300;BRBMEFCB1KU0;AGRIBUSINESS;-;-;-;-;-;-;-;-;-;54,45;-;-;-;-;-;-;-
BGIV26C033400;BRBMEFCB1KV8;AGRIBUSINESS;-;-;-;-;-;-;-;-;-;53,46;-;-;-;-;-;-;-
BGIV26C033600;BRBMEFCB1KW6;AGRIBUSINESS;-;-;-;-;-;-;-;-;-;51,48;-;-;-;-;-;-;-
BGIV26C033700;BRBMEFCB1KX4;AGRIBUSINESS;-;-;-;-;-;-;-;-;-;50,49;-;-;-;-;-;-;-
BGIV26C033800;BRBMEFCB1KY2;AGRIBUSINESS;-;-;-;-;-;-;-;-;-;49,5;-;-;-;-;-;-;-
BGIV26C033900;BRBMEFCB1KZ9;AGRIBUSINESS;-;-;-;-;-;-;-;-;-;48,5;-;-;-;-;-;-;-
BGIV26C034000;BRBMEFCB1L06;AGRIBUSINESS;-;-;-;-;-;-;-;-;-;47,51;-;-;-;-;-;-;-
BGIV26P033000;BRBMEFVB1KQ5;AGRIBUSINESS;-;-;-;-;-;-;-;-;-;0,01;-;-;-;-;-;-;-
BGIV26P033100;BRBMEFVB1KR3;AGRIBUSINESS;-;-;-;-;-;-;-;-;-;0,01;-;-;-;-;-;-;-
BGIV26P033200;BRBMEFVB1KS1;AGRIBUSINESS;-;-;-;-;-;-;-;-;-;0,01;-;-;-;-;-;-;-
BGIV26P033300;BRBMEFVB1KT9;AGRIBUSINESS;-;-;-;-;-;-;-;-;-;0,01;-;-;-;-;-;-;-
BGIV26P033400;BRBMEFVB1KU7;AGRIBUSINESS;-;-;-;-;-;-;-;-;-;0,01;-;-;-;-;-;-;-
BGIV26P033600;BRBMEFVB1KV5;AGRIBUSINESS;-;-;-;-;-;-;-;-;-;0,01;-;-;-;-;-;-;-
BGIV26P033700;BRBMEFVB1KW3;AGRIBUSINESS;-;-;-;-;-;-;-;-;-;0,01;-;-;-;-;-;-;-
BGIV26P033800;BRBMEFVB1KX1;AGRIBUSINESS;-;-;-;-;-;-;-;-;-;0,01;-;-;-;-;-;-;-
BGIV26P033900;BRBMEFVB1KY9;AGRIBUSINESS;-;-;-;-;-;-;-;-;-;0,01;-;-;-;-;-;-;-
BGIV26P034000;BRBMEFVB1KZ6;AGRIBUSINESS;0,38;0,38;0,38;0,38;0,38;660;-;-;-;0,01;-;-;-;-;1;2;250,8
BGIV26C032500;BRBMEFCB1L14;AGRIBUSINESS;-;-;-;-;-;-;-;-;-;62,38;-;-;-;-;-;-;-
BGIV26P032500;BRBMEFVB1L06;AGRIBUSINESS;-;-;-;-;-;-;-;-;-;0,01;-;-;-;-;-;-;-
BGIX26C035000;BRBMEFGI0261;AGRIBUSINESS;-;-;-;-;-;-;-;-;-;44,04;-;-;-;-;-;-;-
BGIX26C035050;BRBMEFGI0279;AGRIBUSINESS;-;-;-;-;-;-;-;-;-;43,56;-;-;-;-;-;-;-
BGIX26C035100;BRBMEFGI0287;AGRIBUSINESS;-;-;-;-;-;-;-;-;-;43,08;-;-;-;-;-;-;-
BGIX26C035150;BRBMEFGI0295;AGRIBUSINESS;-;-;-;-;-;-;-;-;-;42,6;-;-;-;-;-;-;-
BGIX26P035000;BRBMEFBG0243;AGRIBUSINESS;0,3;0,3;0,3;0,3;0,3;-81,81;-;-;-;0,16;-;-;-;-;1;100;9900
BGIX26P035050;BRBMEFBG0250;AGRIBUSINESS;-;-;-;-;-;-;-;-;-;0,17;-;-;-;-;-;-;-
BGIX26P035100;BRBMEFBG0268;AGRIBUSINESS;-;-;-;-;-;-;-;-;-;0,19;-;-;-;-;-;-;-
BGIX26P035150;BRBMEFBG0276;AGRIBUSINESS;-;-;-;-;-;-;-;-;-;0,2;-;-;-;-;-;-;-
BGIV26C037500;BRBMEFCB1L22;AGRIBUSINESS;-;-;-;-;-;-;-;-;-;13,94;-;-;-;-;-;-;-
BGIV26P037500;BRBMEFVB1L14;AGRIBUSINESS;-;-;-;-;-;-;-;-;-;1,11;-;-;-;-;-;-;-
BGIX26C034000;BRBMEFGI02A3;AGRIBUSINESS;-;-;-;-;-;-;-;-;-;53,73;-;-;-;-;-;-;-
BGIX26C038000;BRBMEFGI02B1;AGRIBUSINESS;20;20;20;20;20;66,66;-;-;-;17,35;-;-;-;-;1;2;13200
BGIX26P034000;BRBMEFBG0284;AGRIBUSINESS;0,65;0,65;0,65;0,65;0,65;160;-;-;-;0,04;-;-;-;-;1;2;429
BGIX26P038000;BRBMEFBG0292;AGRIBUSINESS;3,55;3,55;3,55;3,55;3,55;-14,45;-;-;-;2,93;-;-;-;-;1;2;2343
BGIV26C032000;BRBMEFCB1L30;AGRIBUSINESS;-;-;-;-;-;-;-;-;-;67,33;-;-;-;-;-;-;-
BGIV26P032000;BRBMEFVB1L22;AGRIBUSINESS;-;-;-;-;-;-;-;-;-;0,01;-;-;-;-;-;-;-
BGIX26C033500;BRBMEFGI02C9;AGRIBUSINESS;-;-;-;-;-;-;-;-;-;58,61;-;-;-;-;-;-;-
BGIX26P033500;BRBMEFBG02A8;AGRIBUSINESS;-;-;-;-;-;-;-;-;-;0,02;-;-;-;-;-;-;-
BGIV26C035300;BRBMEFCB1L48;AGRIBUSINESS;-;-;-;-;-;-;-;-;-;34,65;-;-;-;-;-;-;-
BGIV26P035300;BRBMEFVB1L30;AGRIBUSINESS;-;-;-;-;-;-;-;-;-;0,02;-;-;-;-;-;-;-
BGIX26C033000;BRBMEFGI02D7;AGRIBUSINESS;-;-;-;-;-;-;-;-;-;63,51;-;-;-;-;-;-;-
BGIX26C036500;BRBMEFGI02E5;AGRIBUSINESS;-;-;-;-;-;-;-;-;-;30;-;-;-;-;-;-;-
BGIX26P033000;BRBMEFBG02B6;AGRIBUSINESS;-;-;-;-;-;-;-;-;-;0,01;-;-;-;-;-;-;-
BGIX26P036500;BRBMEFBG02C4;AGRIBUSINESS;-;-;-;-;-;-;-;-;-;0,84;-;-;-;-;-;-;-
BGIX26C032700;BRBMEFGI02F2;AGRIBUSINESS;-;-;-;-;-;-;-;-;-;66,45;-;-;-;-;-;-;-
BGIX26C034200;BRBMEFGI02G0;AGRIBUSINESS;-;-;-;-;-;-;-;-;-;51,78;-;-;-;-;-;-;-
BGIX26P032700;BRBMEFBG02D2;AGRIBUSINESS;-;-;-;-;-;-;-;-;-;0,01;-;-;-;-;-;-;-
BGIX26P034200;BRBMEFBG02E0;AGRIBUSINESS;0,1;0,1;0,1;0,1;0,1;-92,12;-;-;-;0,05;-;-;-;-;2;6;198
BGIX26C037000;BRBMEFGI02H8;AGRIBUSINESS;-;-;-;-;-;-;-;-;-;25,55;-;-;-;-;-;-;-
BGIX26P037000;BRBMEFBG02F7;AGRIBUSINESS;2,1;2,1;2,1;2,1;2,1;5;-;-;-;1,3;-;-;2;-;1;24;16632
BGIV26C031700;BRBMEFCB1L55;AGRIBUSINESS;-;-;-;-;-;-;-;-;-;70,3;-;-;-;-;-;-;-
BGIV26C031800;BRBMEFCB1L63;AGRIBUSINESS;-;-;-;-;-;-;-;-;-;69,31;-;-;-;-;-;-;-
BGIV26C031900;BRBMEFCB1L71;AGRIBUSINESS;-;-;-;-;-;-;-;-;-;68,32;-;-;-;-;-;-;-
BGIV26P031700;BRBMEFVB1L48;AGRIBUSINESS;-;-;-;-;-;-;-;-;-;0,01;-;-;-;-;-;-;-
BGIV26P031800;BRBMEFVB1L55;AGRIBUSINESS;-;-;-;-;-;-;-;-;-;0,01;-;-;-;-;-;-;-
BGIV26P031900;BRBMEFVB1L63;AGRIBUSINESS;-;-;-;-;-;-;-;-;-;0,01;-;-;-;-;-;-;-
BGIX26C031700;BRBMEFGI02I6;AGRIBUSINESS;-;-;-;-;-;-;-;-;-;76,27;-;-;-;-;-;-;-
BGIX26C031800;BRBMEFGI02J4;AGRIBUSINESS;-;-;-;-;-;-;-;-;-;75,28;-;-;-;-;-;-;-
BGIX26C031900;BRBMEFGI02K2;AGRIBUSINESS;-;-;-;-;-;-;-;-;-;74,3;-;-;-;-;-;-;-
BGIX26P031700;BRBMEFBG02G5;AGRIBUSINESS;-;-;-;-;-;-;-;-;-;0,01;-;-;-;-;-;-;-
BGIX26P031800;BRBMEFBG02H3;AGRIBUSINESS;-;-;-;-;-;-;-;-;-;0,01;-;-;-;-;-;-;-
BGIX26P031900;BRBMEFBG02I1;AGRIBUSINESS;-;-;-;-;-;-;-;-;-;0,01;-;-;-;-;-;-;-
BGIV26C034800;BRBMEFCB1L89;AGRIBUSINESS;-;-;-;-;-;-;-;-;-;39,59;-;-;-;-;-;-;-
BGIV26C037100;BRBMEFCB1L97;AGRIBUSINESS;-;-;-;-;-;-;-;-;-;17,42;-;-;-;-;-;-;-
BGIV26P034800;BRBMEFVB1L71;AGRIBUSINESS;-;-;-;-;-;-;-;-;-;0,01;-;-;-;-;-;-;-
BGIV26P037100;BRBMEFVB1L89;AGRIBUSINESS;-;-;-;-;-;-;-;-;-;0,63;-;-;-;-;-;-;-
BGIX26C037500;BRBMEFGI02L0;AGRIBUSINESS;-;-;-;-;-;-;-;-;-;21,31;-;-;-;-;-;-;-
BGIX26P037500;BRBMEFBG02J9;AGRIBUSINESS;-;-;-;-;-;-;-;-;-;1,98;-;-;-;-;-;-;-
BGIX26C032000;BRBMEFGI02M8;AGRIBUSINESS;-;-;-;-;-;-;-;-;-;73,32;-;-;-;-;-;-;-
BGIX26P032000;BRBMEFBG02K7;AGRIBUSINESS;-;-;-;-;-;-;-;-;-;0,01;-;-;-;-;-;-;-
BGIV26C035600;BRBMEFCB1LA0;AGRIBUSINESS;-;-;-;-;-;-;-;-;-;31,7;-;-;-;-;-;-;-
BGIV26P035600;BRBMEFVB1L97;AGRIBUSINESS;-;-;-;-;-;-;-;-;-;0,04;-;-;-;-;-;-;-
BGIX26C035500;BRBMEFGI02N6;AGRIBUSINESS;-;-;-;-;-;-;-;-;-;39,28;-;-;-;-;-;-;-
BGIX26C035600;BRBMEFGI02O4;AGRIBUSINESS;38,35;38,35;38,35;38,35;38,35;197,97;-;-;-;38,33;-;-;-;-;1;2;25311
BGIX26P035500;BRBMEFBG02L5;AGRIBUSINESS;-;-;-;-;-;-;-;-;-;0,31;-;-;-;-;-;-;-
BGIX26P035600;BRBMEFBG02M3;AGRIBUSINESS;-;-;-;-;-;-;-;-;-;0,35;-;-;-;-;-;-;-
BGIX26C036200;BRBMEFGI02P1;AGRIBUSINESS;34,7;34,7;34,7;34,7;34,7;157,03;-;-;-;32,74;-;-;-;-;1;4;45804
BGIX26P036200;BRBMEFBG02N1;AGRIBUSINESS;-;-;-;-;-;-;-;-;-;0,65;-;-;-;-;-;-;-
BGIX26C033800;BRBMEFGI02Q9;AGRIBUSINESS;-;-;-;-;-;-;-;-;-;55,68;-;-;-;-;-;-;-
BGIX26C035300;BRBMEFGI02R7;AGRIBUSINESS;-;-;-;-;-;-;-;-;-;41,17;-;-;-;-;-;-;-
BGIX26P033800;BRBMEFBG02O9;AGRIBUSINESS;-;-;-;-;-;-;-;-;-;0,03;-;-;-;-;-;-;-
BGIX26P035300;BRBMEFBG02P6;AGRIBUSINESS;-;-;-;-;-;-;-;-;-;0,24;-;-;-;-;-;-;-
BGIH27C028550;BRBMEFCBHRO9;AGRIBUSINESS;-;-;-;-;-;-;-;-;-;101,94;-;-;-;-;-;-;-
BGIH27P028550;BRBMEFVBHRO9;AGRIBUSINESS;-;-;-;-;-;-;-;-;-;0,04;-;-;-;-;-;-;-
BGIV26C034700;BRBMEFCB1LB8;AGRIBUSINESS;-;-;-;-;-;-;-;-;-;40,58;-;-;-;-;-;-;-
BGIV26P034700;BRBMEFVB1LA7;AGRIBUSINESS;-;-;-;-;-;-;-;-;-;0,01;-;-;-;-;-;-;-
BGIV26C035200;BRBMEFCB1LC6;AGRIBUSINESS;-;-;-;-;-;-;-;-;-;35,64;-;-;-;-;-;-;-
BGIV26P035200;BRBMEFVB1LB5;AGRIBUSINESS;-;-;-;-;-;-;-;-;-;0,01;-;-;-;-;-;-;-
BGIV26C038800;BRBMEFCB1LD4;AGRIBUSINESS;-;-;-;-;-;-;-;-;-;5,05;-;-;-;-;-;-;-
BGIV26P038800;BRBMEFVB1LC3;AGRIBUSINESS;-;-;-;-;-;-;-;-;-;5,1;-;-;-;-;-;-;-
BGIX26C034750;BRBMEFGI02S5;AGRIBUSINESS;-;-;-;-;-;-;-;-;-;46,45;-;-;-;-;-;-;-
BGIX26C034800;BRBMEFGI02T3;AGRIBUSINESS;-;-;-;-;-;-;-;-;-;45,96;-;-;-;-;-;-;-
BGIX26P034750;BRBMEFBG02Q4;AGRIBUSINESS;-;-;-;-;-;-;-;-;-;0,12;-;-;-;-;-;-;-
BGIX26P034800;BRBMEFBG02R2;AGRIBUSINESS;-;-;-;-;-;-;-;-;-;0,12;-;-;-;-;-;-;-
BGIX26C033400;BRBMEFGI02U1;AGRIBUSINESS;-;-;-;-;-;-;-;-;-;59,59;-;-;-;-;-;-;-
BGIX26P033400;BRBMEFBG02S0;AGRIBUSINESS;-;-;-;-;-;-;-;-;-;0,01;-;-;-;-;-;-;-
BGIX26C034900;BRBMEFGI02V9;AGRIBUSINESS;-;-;-;-;-;-;-;-;-;45;-;-;-;-;-;-;-
BGIX26C034950;BRBMEFGI02W7;AGRIBUSINESS;-;-;-;-;-;-;-;-;-;44,52;-;-;-;-;-;-;-
BGIX26P034900;BRBMEFBG02T8;AGRIBUSINESS;-;-;-;-;-;-;-;-;-;0,14;-;-;-;-;-;-;-
BGIX26P034950;BRBMEFBG02U6;AGRIBUSINESS;-;-;-;-;-;-;-;-;-;0,15;-;-;-;-;-;-;-
BGIX26C035200;BRBMEFGI02X5;AGRIBUSINESS;-;-;-;-;-;-;-;-;-;42,12;-;-;-;-;-;-;-
BGIX26P035200;BRBMEFBG02V4;AGRIBUSINESS;-;-;-;-;-;-;-;-;-;0,21;-;-;-;-;-;-;-
BGIX26C032500;BRBMEFGI02Y3;AGRIBUSINESS;-;-;-;-;-;-;-;-;-;68,42;-;-;-;-;-;-;-
BGIX26P032500;BRBMEFBG02W2;AGRIBUSINESS;-;-;-;-;-;-;-;-;-;0,01;-;-;-;-;-;-;-
BGIV26C034400;BRBMEFCB1LE2;AGRIBUSINESS;-;-;-;-;-;-;-;-;-;43,55;-;-;-;-;-;-;-
BGIV26P034400;BRBMEFVB1LD1;AGRIBUSINESS;-;-;-;-;-;-;-;-;-;0,01;-;-;-;-;-;-;-
BGIX26C034500;BRBMEFGI02Z0;AGRIBUSINESS;-;-;-;-;-;-;-;-;-;48,86;-;-;-;-;-;-;-
BGIX26P034500;BRBMEFBG02X0;AGRIBUSINESS;-;-;-;-;-;-;-;-;-;0,08;-;-;-;-;-;-;-
BGIV26C037150;BRBMEFCB1LF9;AGRIBUSINESS;-;-;-;-;-;-;-;-;-;16,98;-;-;-;-;-;-;-
BGIV26P037150;BRBMEFVB1LE9;AGRIBUSINESS;-;-;-;-;-;-;-;-;-;0,68;-;-;-;-;-;-;-
BGIV26C035700;BRBMEFCB1LG7;AGRIBUSINESS;-;-;-;-;-;-;-;-;-;30,72;-;-;-;-;-;-;-
BGIV26P035700;BRBMEFVB1LF6;AGRIBUSINESS;-;-;-;-;-;-;-;-;-;0,05;-;-;-;-;-;-;-
BGIV26C036200;BRBMEFCB1LH5;AGRIBUSINESS;-;-;-;-;-;-;-;-;-;25,85;-;-;-;-;-;-;-
BGIV26P036200;BRBMEFVB1LG4;AGRIBUSINESS;-;-;-;-;-;-;-;-;-;0,14;-;-;-;-;-;-;-
BGIZ26C035900;BRBMEFCB24J2;AGRIBUSINESS;-;-;-;-;-;-;-;-;-;34,51;-;-;-;-;-;-;-
BGIZ26C035950;BRBMEFCB24K0;AGRIBUSINESS;-;-;-;-;-;-;-;-;-;34,07;-;-;-;-;-;-;-
BGIZ26C036000;BRBMEFCB24L8;AGRIBUSINESS;-;-;-;-;-;-;-;-;-;33,64;-;-;-;-;-;-;-
BGIZ26C036050;BRBMEFCB24M6;AGRIBUSINESS;-;-;-;-;-;-;-;-;-;33,21;-;-;-;-;-;-;-
BGIZ26C036100;BRBMEFCB24N4;AGRIBUSINESS;-;-;-;-;-;-;-;-;-;32,78;-;-;-;-;-;-;-
BGIZ26C036150;BRBMEFCB24O2;AGRIBUSINESS;-;-;-;-;-;-;-;-;-;32,35;-;-;-;-;-;-;-
BGIZ26C036200;BRBMEFCB24P9;AGRIBUSINESS;-;-;-;-;-;-;-;-;-;31,92;-;-;-;-;-;-;-
BGIZ26C036250;BRBMEFCB24Q7;AGRIBUSINESS;-;-;-;-;-;-;-;-;-;31,49;-;-;-;-;-;-;-
BGIZ26C036300;BRBMEFCB24R5;AGRIBUSINESS;-;-;-;-;-;-;-;-;-;31,07;-;-;-;-;-;-;-
BGIZ26C036350;BRBMEFCB24S3;AGRIBUSINESS;-;-;-;-;-;-;-;-;-;30,64;-;-;-;-;-;-;-
BGIZ26C036400;BRBMEFCB24T1;AGRIBUSINESS;-;-;-;-;-;-;-;-;-;30,23;-;-;-;-;-;-;-
BGIZ26C036450;BRBMEFCB24U9;AGRIBUSINESS;-;-;-;-;-;-;-;-;-;29,81;-;-;-;-;-;-;-
BGIZ26C036500;BRBMEFCB24V7;AGRIBUSINESS;-;-;-;-;-;-;-;-;-;29,39;-;-;-;-;-;-;-
BGIZ26C036550;BRBMEFCB24W5;AGRIBUSINESS;-;-;-;-;-;-;-;-;-;28,97;-;-;-;-;-;-;-
BGIZ26C036600;BRBMEFCB24X3;AGRIBUSINESS;-;-;-;-;-;-;-;-;-;28,56;-;-;-;-;-;-;-
BGIZ26C036650;BRBMEFCB24Y1;AGRIBUSINESS;-;-;-;-;-;-;-;-;-;28,14;-;-;-;-;-;-;-
BGIZ26C036700;BRBMEFCB24Z8;AGRIBUSINESS;-;-;-;-;-;-;-;-;-;27,73;-;-;-;-;-;-;-
BGIZ26C036750;BRBMEFCB2508;AGRIBUSINESS;-;-;-;-;-;-;-;-;-;27,33;-;-;-;-;-;-;-
BGIZ26C036800;BRBMEFCB2516;AGRIBUSINESS;-;-;-;-;-;-;-;-;-;26,92;-;-;-;-;-;-;-
BGIZ26C036850;BRBMEFCB2524;AGRIBUSINESS;-;-;-;-;-;-;-;-;-;26,51;-;-;-;-;-;-;-
BGIZ26C036900;BRBMEFCB2532;AGRIBUSINESS;-;-;-;-;-;-;-;-;-;26,11;-;-;-;-;-;-;-
BGIZ26C036950;BRBMEFCB2540;AGRIBUSINESS;-;-;-;-;-;-;-;-;-;25,71;-;-;-;-;-;-;-
BGIZ26C037000;BRBMEFCB2557;AGRIBUSINESS;-;-;-;-;-;-;-;-;-;25,31;-;-;-;-;-;-;-
BGIZ26C037050;BRBMEFCB2565;AGRIBUSINESS;-;-;-;-;-;-;-;-;-;24,91;-;-;-;-;-;-;-
BGIZ26C037100;BRBMEFCB2573;AGRIBUSINESS;-;-;-;-;-;-;-;-;-;24,52;-;-;-;-;-;-;-
BGIZ26C037150;BRBMEFCB2581;AGRIBUSINESS;-;-;-;-;-;-;-;-;-;24,13;-;-;-;-;-;-;-
BGIZ26C037200;BRBMEFCB2599;AGRIBUSINESS;-;-;-;-;-;-;-;-;-;23,74;-;-;-;-;-;-;-
BGIZ26C037250;BRBMEFCB25A8;AGRIBUSINESS;-;-;-;-;-;-;-;-;-;23,35;-;-;-;-;-;-;-
BGIZ26C037300;BRBMEFCB25B6;AGRIBUSINESS;-;-;-;-;-;-;-;-;-;22,96;-;-;-;-;-;-;-
BGIZ26C037350;BRBMEFCB25C4;AGRIBUSINESS;-;-;-;-;-;-;-;-;-;22,59;-;-;-;-;-;-;-
BGIZ26C037400;BRBMEFCB25D2;AGRIBUSINESS;-;-;-;-;-;-;-;-;-;22,2;-;-;-;-;-;-;-
BGIZ26C037450;BRBMEFCB25E0;AGRIBUSINESS;-;-;-;-;-;-;-;-;-;21,83;-;-;-;-;-;-;-
BGIZ26C037500;BRBMEFCB25F7;AGRIBUSINESS;-;-;-;-;-;-;-;-;-;21,45;-;-;-;-;-;-;-
BGIZ26C037550;BRBMEFCB25G5;AGRIBUSINESS;-;-;-;-;-;-;-;-;-;21,09;-;-;-;-;-;-;-
BGIZ26C037600;BRBMEFCB25H3;AGRIBUSINESS;-;-;-;-;-;-;-;-;-;20,72;-;-;-;-;-;-;-
BGIZ26C037650;BRBMEFCB25I1;AGRIBUSINESS;-;-;-;-;-;-;-;-;-;20,37;-;-;-;-;-;-;-
BGIZ26C037700;BRBMEFCB25J9;AGRIBUSINESS;-;-;-;-;-;-;-;-;-;20,01;-;-;-;-;-;-;-
BGIZ26C037750;BRBMEFCB25K7;AGRIBUSINESS;-;-;-;-;-;-;-;-;-;19,66;-;-;-;-;-;-;-
BGIZ26C037800;BRBMEFCB25L5;AGRIBUSINESS;-;-;-;-;-;-;-;-;-;19,31;-;-;-;-;-;-;-
BGIZ26C037850;BRBMEFCB25M3;AGRIBUSINESS;-;-;-;-;-;-;-;-;-;18,97;-;-;-;-;-;-;-
BGIZ26C037900;BRBMEFCB25N1;AGRIBUSINESS;-;-;-;-;-;-;-;-;-;18,62;-;-;-;-;-;-;-
BGIZ26C037950;BRBMEFCB25O9;AGRIBUSINESS;-;-;-;-;-;-;-;-;-;18,28;-;-;-;-;-;-;-
BGIZ26C038000;BRBMEFCB25P6;AGRIBUSINESS;-;-;-;-;-;-;-;-;-;17,95;-;-;-;-;-;-;-
BGIZ26C038050;BRBMEFCB25Q4;AGRIBUSINESS;-;-;-;-;-;-;-;-;-;17,61;-;-;-;-;-;-;-
BGIZ26C038100;BRBMEFCB25R2;AGRIBUSINESS;-;-;-;-;-;-;-;-;-;17,28;-;-;-;-;-;-;-
BGIZ26C038150;BRBMEFCB25S0;AGRIBUSINESS;-;-;-;-;-;-;-;-;-;16,95;-;-;-;-;-;-;-
BGIZ26C038200;BRBMEFCB25T8;AGRIBUSINESS;-;-;-;-;-;-;-;-;-;16,63;-;-;-;-;-;-;-
BGIZ26C038250;BRBMEFCB25U6;AGRIBUSINESS;-;-;-;-;-;-;-;-;-;16,31;-;-;-;-;-;-;-
BGIZ26C038300;BRBMEFCB25V4;AGRIBUSINESS;-;-;-;-;-;-;-;-;-;15,99;-;-;-;-;-;-;-
BGIZ26C038350;BRBMEFCB25W2;AGRIBUSINESS;-;-;-;-;-;-;-;-;-;15,68;-;-;-;-;-;-;-
BGIZ26C038400;BRBMEFCB25X0;AGRIBUSINESS;-;-;-;-;-;-;-;-;-;15,36;-;-;-;-;-;-;-
BGIZ26C038450;BRBMEFCB25Y8;AGRIBUSINESS;-;-;-;-;-;-;-;-;-;15,06;-;-;-;-;-;-;-
BGIZ26C038500;BRBMEFCB25Z5;AGRIBUSINESS;-;-;-;-;-;-;-;-;-;14,76;-;-;-;-;-;-;-
BGIZ26C038550;BRBMEFCB2607;AGRIBUSINESS;-;-;-;-;-;-;-;-;-;14,47;-;-;-;-;-;-;-
BGIZ26C038600;BRBMEFCB2615;AGRIBUSINESS;-;-;-;-;-;-;-;-;-;14,17;-;-;-;-;-;-;-
BGIZ26C038650;BRBMEFCB2623;AGRIBUSINESS;-;-;-;-;-;-;-;-;-;13,89;-;-;-;-;-;-;-
BGIZ26C038700;BRBMEFCB2631;AGRIBUSINESS;-;-;-;-;-;-;-;-;-;13,61;-;-;-;-;-;-;-
BGIZ26P035900;BRBMEFBV24J2;AGRIBUSINESS;-;-;-;-;-;-;-;-;-;1,72;-;-;-;-;-;-;-
BGIZ26P035950;BRBMEFBV24K0;AGRIBUSINESS;-;-;-;-;-;-;-;-;-;1,77;-;-;-;-;-;-;-
BGIZ26P036000;BRBMEFBV24L8;AGRIBUSINESS;-;-;-;-;-;-;-;-;-;1,82;-;-;-;-;-;-;-
BGIZ26P036050;BRBMEFBV24M6;AGRIBUSINESS;-;-;-;-;-;-;-;-;-;1,88;-;-;-;-;-;-;-
BGIZ26P036100;BRBMEFBV24N4;AGRIBUSINESS;-;-;-;-;-;-;-;-;-;1,93;-;-;-;-;-;-;-
BGIZ26P036150;BRBMEFBV24O2;AGRIBUSINESS;-;-;-;-;-;-;-;-;-;1,99;-;-;-;-;-;-;-
BGIZ26P036200;BRBMEFBV24P9;AGRIBUSINESS;-;-;-;-;-;-;-;-;-;2,05;-;-;-;-;-;-;-
BGIZ26P036250;BRBMEFBV24Q7;AGRIBUSINESS;-;-;-;-;-;-;-;-;-;2,11;-;-;-;-;-;-;-
BGIZ26P036300;BRBMEFBV24R5;AGRIBUSINESS;-;-;-;-;-;-;-;-;-;2,17;-;-;-;-;-;-;-
BGIZ26P036350;BRBMEFBV24S3;AGRIBUSINESS;-;-;-;-;-;-;-;-;-;2,23;-;-;-;-;-;-;-
BGIZ26P036400;BRBMEFBV24T1;AGRIBUSINESS;-;-;-;-;-;-;-;-;-;2,3;-;-;-;-;-;-;-
BGIZ26P036450;BRBMEFBV24U9;AGRIBUSINESS;-;-;-;-;-;-;-;-;-;2,36;-;-;-;-;-;-;-
BGIZ26P036500;BRBMEFBV24V7;AGRIBUSINESS;-;-;-;-;-;-;-;-;-;2,43;-;-;-;-;-;-;-
BGIZ26P036550;BRBMEFBV24W5;AGRIBUSINESS;-;-;-;-;-;-;-;-;-;2,5;-;-;-;-;-;-;-
BGIZ26P036600;BRBMEFBV24X3;AGRIBUSINESS;-;-;-;-;-;-;-;-;-;2,57;-;-;-;-;-;-;-
BGIZ26P036650;BRBMEFBV24Y1;AGRIBUSINESS;-;-;-;-;-;-;-;-;-;2,64;-;-;-;-;-;-;-
BGIZ26P036700;BRBMEFBV24Z8;AGRIBUSINESS;-;-;-;-;-;-;-;-;-;2,72;-;-;-;-;-;-;-
BGIZ26P036750;BRBMEFBV2505;AGRIBUSINESS;-;-;-;-;-;-;-;-;-;2,8;-;-;-;-;-;-;-
BGIZ26P036800;BRBMEFBV2513;AGRIBUSINESS;-;-;-;-;-;-;-;-;-;2,87;-;-;-;-;-;-;-
BGIZ26P036850;BRBMEFBV2521;AGRIBUSINESS;-;-;-;-;-;-;-;-;-;2,95;-;-;-;-;-;-;-
BGIZ26P036900;BRBMEFBV2539;AGRIBUSINESS;-;-;-;-;-;-;-;-;-;3,04;-;-;-;-;-;-;-
BGIZ26P036950;BRBMEFBV2547;AGRIBUSINESS;-;-;-;-;-;-;-;-;-;3,12;-;-;-;-;-;-;-
BGIZ26P037000;BRBMEFBV2554;AGRIBUSINESS;-;-;-;-;-;-;-;-;-;3,21;-;-;-;-;-;-;-
BGIZ26P037050;BRBMEFBV2562;AGRIBUSINESS;-;-;-;-;-;-;-;-;-;3,3;-;-;-;-;-;-;-
BGIZ26P037100;BRBMEFBV2570;AGRIBUSINESS;-;-;-;-;-;-;-;-;-;3,39;-;-;-;-;-;-;-
BGIZ26P037150;BRBMEFBV2588;AGRIBUSINESS;-;-;-;-;-;-;-;-;-;3,49;-;-;-;-;-;-;-
BGIZ26P037200;BRBMEFBV2596;AGRIBUSINESS;-;-;-;-;-;-;-;-;-;3,58;-;-;-;-;-;-;-
BGIZ26P037250;BRBMEFBV25A8;AGRIBUSINESS;-;-;-;-;-;-;-;-;-;3,68;-;-;-;-;-;-;-
BGIZ26P037300;BRBMEFBV25B6;AGRIBUSINESS;-;-;-;-;-;-;-;-;-;3,78;-;-;-;-;-;-;-
BGIZ26P037350;BRBMEFBV25C4;AGRIBUSINESS;-;-;-;-;-;-;-;-;-;3,89;-;-;-;-;-;-;-
BGIZ26P037400;BRBMEFBV25D2;AGRIBUSINESS;-;-;-;-;-;-;-;-;-;3,99;-;-;-;-;-;-;-
BGIZ26P037450;BRBMEFBV25E0;AGRIBUSINESS;-;-;-;-;-;-;-;-;-;4,1;-;-;-;-;-;-;-
BGIZ26P037500;BRBMEFBV25F7;AGRIBUSINESS;-;-;-;-;-;-;-;-;-;4,21;-;-;-;-;-;-;-
BGIZ26P037550;BRBMEFBV25G5;AGRIBUSINESS;-;-;-;-;-;-;-;-;-;4,33;-;-;-;-;-;-;-
BGIZ26P037600;BRBMEFBV25H3;AGRIBUSINESS;-;-;-;-;-;-;-;-;-;4,45;-;-;-;-;-;-;-
BGIZ26P037650;BRBMEFBV25I1;AGRIBUSINESS;-;-;-;-;-;-;-;-;-;4,58;-;-;-;-;-;-;-
BGIZ26P037700;BRBMEFBV25J9;AGRIBUSINESS;-;-;-;-;-;-;-;-;-;4,71;-;-;-;-;-;-;-
BGIZ26P037750;BRBMEFBV25K7;AGRIBUSINESS;-;-;-;-;-;-;-;-;-;4,84;-;-;-;-;-;-;-
BGIZ26P037800;BRBMEFBV25L5;AGRIBUSINESS;-;-;-;-;-;-;-;-;-;4,98;-;-;-;-;-;-;-
BGIZ26P037850;BRBMEFBV25M3;AGRIBUSINESS;-;-;-;-;-;-;-;-;-;5,12;-;-;-;-;-;-;-
BGIZ26P037900;BRBMEFBV25N1;AGRIBUSINESS;-;-;-;-;-;-;-;-;-;5,27;-;-;-;-;-;-;-
BGIZ26P037950;BRBMEFBV25O9;AGRIBUSINESS;-;-;-;-;-;-;-;-;-;5,41;-;-;-;-;-;-;-
BGIZ26P038000;BRBMEFBV25P6;AGRIBUSINESS;5,8;5,55;5,8;5,65;5,55;11;-;-;-;5,56;-;-;-;-;2;7;13068
BGIZ26P038050;BRBMEFBV25Q4;AGRIBUSINESS;-;-;-;-;-;-;-;-;-;5,71;-;-;-;-;-;-;-
BGIZ26P038100;BRBMEFBV25R2;AGRIBUSINESS;-;-;-;-;-;-;-;-;-;5,87;-;-;-;-;-;-;-
BGIZ26P038150;BRBMEFBV25S0;AGRIBUSINESS;-;-;-;-;-;-;-;-;-;6,03;-;-;-;-;-;-;-
BGIZ26P038200;BRBMEFBV25T8;AGRIBUSINESS;-;-;-;-;-;-;-;-;-;6,19;-;-;-;-;-;-;-
BGIZ26P038250;BRBMEFBV25U6;AGRIBUSINESS;-;-;-;-;-;-;-;-;-;6,36;-;-;-;-;-;-;-
BGIZ26P038300;BRBMEFBV25V4;AGRIBUSINESS;-;-;-;-;-;-;-;-;-;6,52;-;-;-;-;-;-;-
BGIZ26P038350;BRBMEFBV25W2;AGRIBUSINESS;-;-;-;-;-;-;-;-;-;6,69;-;-;-;-;-;-;-
BGIZ26P038400;BRBMEFBV25X0;AGRIBUSINESS;-;-;-;-;-;-;-;-;-;6,86;-;-;-;-;-;-;-
BGIZ26P038450;BRBMEFBV25Y8;AGRIBUSINESS;-;-;-;-;-;-;-;-;-;7,05;-;-;-;-;-;-;-
BGIZ26P038500;BRBMEFBV25Z5;AGRIBUSINESS;7,4;7,4;7,4;7,4;7,4;-;-;-;-;7,23;-;-;-;-;1;200;488400
BGIZ26P038550;BRBMEFBV2604;AGRIBUSINESS;-;-;-;-;-;-;-;-;-;7,42;-;-;-;-;-;-;-
BGIZ26P038600;BRBMEFBV2612;AGRIBUSINESS;-;-;-;-;-;-;-;-;-;7,62;-;-;-;-;-;-;-
BGIZ26P038650;BRBMEFBV2620;AGRIBUSINESS;-;-;-;-;-;-;-;-;-;7,81;-;-;-;-;-;-;-
BGIZ26P038700;BRBMEFBV2638;AGRIBUSINESS;-;-;-;-;-;-;-;-;-;8,02;-;-;-;-;-;-;-
BGIX26C035700;BRBMEFGI0303;AGRIBUSINESS;-;-;-;-;-;-;-;-;-;37,4;-;-;-;-;-;-;-
BGIX26P035700;BRBMEFBG02Y8;AGRIBUSINESS;-;-;-;-;-;-;-;-;-;0,39;-;-;-;-;-;-;-
BGIZ26C033000;BRBMEFCB2649;AGRIBUSINESS;-;-;-;-;-;-;-;-;-;61,16;-;-;-;-;-;-;-
BGIZ26C035000;BRBMEFCB2656;AGRIBUSINESS;-;-;-;-;-;-;-;-;-;42,55;-;-;-;-;-;-;-
BGIZ26P033000;BRBMEFBV2646;AGRIBUSINESS;-;-;-;-;-;-;-;-;-;0,2;-;-;-;-;-;-;-
BGIZ26P035000;BRBMEFBV2653;AGRIBUSINESS;1;1;1;1;1;-57,08;-;-;-;1,02;-;-;-;-;1;200;66000
BGIF27C034000;BRBMEFBC01R3;AGRIBUSINESS;-;-;-;-;-;-;-;-;-;52,46;-;-;-;-;-;-;-
BGIF27C034050;BRBMEFBC01S1;AGRIBUSINESS;-;-;-;-;-;-;-;-;-;52,01;-;-;-;-;-;-;-
BGIF27C034100;BRBMEFBC01T9;AGRIBUSINESS;-;-;-;-;-;-;-;-;-;51,55;-;-;-;-;-;-;-
BGIF27C034150;BRBMEFBC01U7;AGRIBUSINESS;-;-;-;-;-;-;-;-;-;51,1;-;-;-;-;-;-;-
BGIF27C034200;BRBMEFBC01V5;AGRIBUSINESS;-;-;-;-;-;-;-;-;-;50,64;-;-;-;-;-;-;-
BGIF27C034250;BRBMEFBC01W3;AGRIBUSINESS;-;-;-;-;-;-;-;-;-;50,19;-;-;-;-;-;-;-
BGIF27C034300;BRBMEFBC01X1;AGRIBUSINESS;-;-;-;-;-;-;-;-;-;49,73;-;-;-;-;-;-;-
BGIF27C034350;BRBMEFBC01Y9;AGRIBUSINESS;-;-;-;-;-;-;-;-;-;49,28;-;-;-;-;-;-;-
BGIF27C034400;BRBMEFBC01Z6;AGRIBUSINESS;-;-;-;-;-;-;-;-;-;48,83;-;-;-;-;-;-;-
BGIF27C034450;BRBMEFBC0205;AGRIBUSINESS;-;-;-;-;-;-;-;-;-;48,38;-;-;-;-;-;-;-
BGIF27C034500;BRBMEFBC0213;AGRIBUSINESS;-;-;-;-;-;-;-;-;-;47,93;-;-;-;-;-;-;-
BGIF27C034550;BRBMEFBC0221;AGRIBUSINESS;-;-;-;-;-;-;-;-;-;47,48;-;-;-;-;-;-;-
BGIF27C034600;BRBMEFBC0239;AGRIBUSINESS;-;-;-;-;-;-;-;-;-;47,03;-;-;-;-;-;-;-
BGIF27C034650;BRBMEFBC0247;AGRIBUSINESS;-;-;-;-;-;-;-;-;-;46,58;-;-;-;-;-;-;-
BGIF27C034700;BRBMEFBC0254;AGRIBUSINESS;-;-;-;-;-;-;-;-;-;46,13;-;-;-;-;-;-;-
BGIF27C034750;BRBMEFBC0262;AGRIBUSINESS;-;-;-;-;-;-;-;-;-;45,68;-;-;-;-;-;-;-
BGIF27C034800;BRBMEFBC0270;AGRIBUSINESS;-;-;-;-;-;-;-;-;-;45,24;-;-;-;-;-;-;-
BGIF27C034850;BRBMEFBC0288;AGRIBUSINESS;-;-;-;-;-;-;-;-;-;44,79;-;-;-;-;-;-;-
BGIF27C034900;BRBMEFBC0296;AGRIBUSINESS;-;-;-;-;-;-;-;-;-;44,35;-;-;-;-;-;-;-
BGIF27C034950;BRBMEFBC02A7;AGRIBUSINESS;-;-;-;-;-;-;-;-;-;43,9;-;-;-;-;-;-;-
BGIF27C035000;BRBMEFBC02B5;AGRIBUSINESS;-;-;-;-;-;-;-;-;-;43,46;-;-;-;-;-;-;-
BGIF27C035050;BRBMEFBC02C3;AGRIBUSINESS;-;-;-;-;-;-;-;-;-;43,02;-;-;-;-;-;-;-
BGIF27C035100;BRBMEFBC02D1;AGRIBUSINESS;-;-;-;-;-;-;-;-;-;42,58;-;-;-;-;-;-;-
BGIF27C035150;BRBMEFBC02E9;AGRIBUSINESS;-;-;-;-;-;-;-;-;-;42,14;-;-;-;-;-;-;-
BGIF27C035200;BRBMEFBC02F6;AGRIBUSINESS;-;-;-;-;-;-;-;-;-;41,7;-;-;-;-;-;-;-
BGIF27C035250;BRBMEFBC02G4;AGRIBUSINESS;-;-;-;-;-;-;-;-;-;41,27;-;-;-;-;-;-;-
BGIF27C035300;BRBMEFBC02H2;AGRIBUSINESS;-;-;-;-;-;-;-;-;-;40,83;-;-;-;-;-;-;-
BGIF27C035350;BRBMEFBC02I0;AGRIBUSINESS;-;-;-;-;-;-;-;-;-;40,4;-;-;-;-;-;-;-
BGIF27C035400;BRBMEFBC01Q5;AGRIBUSINESS;-;-;-;-;-;-;-;-;-;39,96;-;-;-;-;-;-;-
BGIF27C035450;BRBMEFBC02J8;AGRIBUSINESS;-;-;-;-;-;-;-;-;-;39,53;-;-;-;-;-;-;-
BGIF27C035500;BRBMEFBC02K6;AGRIBUSINESS;-;-;-;-;-;-;-;-;-;39,1;-;-;-;-;-;-;-
BGIF27C035550;BRBMEFBC02L4;AGRIBUSINESS;-;-;-;-;-;-;-;-;-;38,68;-;-;-;-;-;-;-
BGIF27C035600;BRBMEFBC02M2;AGRIBUSINESS;-;-;-;-;-;-;-;-;-;38,24;-;-;-;-;-;-;-
BGIF27C035650;BRBMEFBC02N0;AGRIBUSINESS;-;-;-;-;-;-;-;-;-;37,82;-;-;-;-;-;-;-
BGIF27C035700;BRBMEFBC02O8;AGRIBUSINESS;-;-;-;-;-;-;-;-;-;37,39;-;-;-;-;-;-;-
BGIF27C035750;BRBMEFBC02P5;AGRIBUSINESS;-;-;-;-;-;-;-;-;-;36,97;-;-;-;-;-;-;-
BGIF27C035800;BRBMEFBC02Q3;AGRIBUSINESS;-;-;-;-;-;-;-;-;-;36,54;-;-;-;-;-;-;-
BGIF27C035850;BRBMEFBC02R1;AGRIBUSINESS;-;-;-;-;-;-;-;-;-;36,12;-;-;-;-;-;-;-
BGIF27C035900;BRBMEFBC02S9;AGRIBUSINESS;-;-;-;-;-;-;-;-;-;35,7;-;-;-;-;-;-;-
BGIF27C035950;BRBMEFBC02T7;AGRIBUSINESS;-;-;-;-;-;-;-;-;-;35,28;-;-;-;-;-;-;-
BGIF27C036000;BRBMEFBC02U5;AGRIBUSINESS;-;-;-;-;-;-;-;-;-;34,87;-;-;-;-;-;-;-
BGIF27C036050;BRBMEFBC02V3;AGRIBUSINESS;-;-;-;-;-;-;-;-;-;34,45;-;-;-;-;-;-;-
BGIF27C036100;BRBMEFBC02W1;AGRIBUSINESS;-;-;-;-;-;-;-;-;-;34,04;-;-;-;-;-;-;-
BGIF27C036150;BRBMEFBC02X9;AGRIBUSINESS;-;-;-;-;-;-;-;-;-;33,62;-;-;-;-;-;-;-
BGIF27C036200;BRBMEFBC02Y7;AGRIBUSINESS;-;-;-;-;-;-;-;-;-;33,21;-;-;-;-;-;-;-
BGIF27C036250;BRBMEFBC02Z4;AGRIBUSINESS;-;-;-;-;-;-;-;-;-;32,8;-;-;-;-;-;-;-
BGIF27C036300;BRBMEFBC0304;AGRIBUSINESS;-;-;-;-;-;-;-;-;-;32,39;-;-;-;-;-;-;-
BGIF27C036350;BRBMEFBC0312;AGRIBUSINESS;-;-;-;-;-;-;-;-;-;31,98;-;-;-;-;-;-;-
BGIF27C036400;BRBMEFBC0320;AGRIBUSINESS;-;-;-;-;-;-;-;-;-;31,58;-;-;-;-;-;-;-
BGIF27C036450;BRBMEFBC0338;AGRIBUSINESS;-;-;-;-;-;-;-;-;-;31,17;-;-;-;-;-;-;-
BGIF27C036500;BRBMEFBC0346;AGRIBUSINESS;-;-;-;-;-;-;-;-;-;30,77;-;-;-;-;-;-;-
BGIF27C036550;BRBMEFBC0353;AGRIBUSINESS;-;-;-;-;-;-;-;-;-;30,37;-;-;-;-;-;-;-
BGIF27C036600;BRBMEFBC0361;AGRIBUSINESS;-;-;-;-;-;-;-;-;-;29,98;-;-;-;-;-;-;-
BGIF27C036650;BRBMEFBC0379;AGRIBUSINESS;-;-;-;-;-;-;-;-;-;29,57;-;-;-;-;-;-;-
BGIF27C036700;BRBMEFBC0387;AGRIBUSINESS;-;-;-;-;-;-;-;-;-;29,18;-;-;-;-;-;-;-
BGIF27C036750;BRBMEFBC0395;AGRIBUSINESS;-;-;-;-;-;-;-;-;-;28,79;-;-;-;-;-;-;-
BGIF27C036800;BRBMEFBC03A5;AGRIBUSINESS;-;-;-;-;-;-;-;-;-;28,4;-;-;-;-;-;-;-
BGIF27C036850;BRBMEFBC03B3;AGRIBUSINESS;-;-;-;-;-;-;-;-;-;28,01;-;-;-;-;-;-;-
BGIF27C036900;BRBMEFBC03C1;AGRIBUSINESS;-;-;-;-;-;-;-;-;-;27,62;-;-;-;-;-;-;-
BGIF27C036950;BRBMEFBC03D9;AGRIBUSINESS;-;-;-;-;-;-;-;-;-;27,24;-;-;-;-;-;-;-
BGIF27C037000;BRBMEFBC03E7;AGRIBUSINESS;-;-;-;-;-;-;-;-;-;26,85;-;-;-;-;-;-;-
BGIF27C037050;BRBMEFBC03F4;AGRIBUSINESS;-;-;-;-;-;-;-;-;-;26,47;-;-;-;-;-;-;-
BGIF27C037100;BRBMEFBC03G2;AGRIBUSINESS;-;-;-;-;-;-;-;-;-;26,09;-;-;-;-;-;-;-
BGIF27C037150;BRBMEFBC03H0;AGRIBUSINESS;-;-;-;-;-;-;-;-;-;25,71;-;-;-;-;-;-;-
BGIF27C037200;BRBMEFBC03I8;AGRIBUSINESS;-;-;-;-;-;-;-;-;-;25,33;-;-;-;-;-;-;-
BGIF27C037250;BRBMEFBC03J6;AGRIBUSINESS;-;-;-;-;-;-;-;-;-;24,96;-;-;-;-;-;-;-
BGIF27C037300;BRBMEFBC03K4;AGRIBUSINESS;-;-;-;-;-;-;-;-;-;24,59;-;-;-;-;-;-;-
BGIF27C037350;BRBMEFBC03L2;AGRIBUSINESS;-;-;-;-;-;-;-;-;-;24,22;-;-;-;-;-;-;-
BGIF27C037400;BRBMEFBC03M0;AGRIBUSINESS;-;-;-;-;-;-;-;-;-;23,86;-;-;-;-;-;-;-
BGIF27C037450;BRBMEFBC03N8;AGRIBUSINESS;-;-;-;-;-;-;-;-;-;23,51;-;-;-;-;-;-;-
BGIF27C037500;BRBMEFBC03O6;AGRIBUSINESS;-;-;-;-;-;-;-;-;-;23,16;-;-;-;-;-;-;-
BGIF27C037550;BRBMEFBC03P3;AGRIBUSINESS;-;-;-;-;-;-;-;-;-;22,81;-;-;-;-;-;-;-
BGIF27C037600;BRBMEFBC03Q1;AGRIBUSINESS;-;-;-;-;-;-;-;-;-;22,46;-;-;-;-;-;-;-
BGIF27C037650;BRBMEFBC03R9;AGRIBUSINESS;-;-;-;-;-;-;-;-;-;22,12;-;-;-;-;-;-;-
BGIF27C037700;BRBMEFBC03S7;AGRIBUSINESS;-;-;-;-;-;-;-;-;-;21,78;-;-;-;-;-;-;-
BGIF27C037750;BRBMEFBC03T5;AGRIBUSINESS;-;-;-;-;-;-;-;-;-;21,44;-;-;-;-;-;-;-
BGIF27C037800;BRBMEFBC03U3;AGRIBUSINESS;-;-;-;-;-;-;-;-;-;21,1;-;-;-;-;-;-;-
BGIF27C037850;BRBMEFBC03V1;AGRIBUSINESS;-;-;-;-;-;-;-;-;-;20,77;-;-;-;-;-;-;-
BGIF27C037900;BRBMEFBC03W9;AGRIBUSINESS;-;-;-;-;-;-;-;-;-;20,44;-;-;-;-;-;-;-
BGIF27C037950;BRBMEFBC03X7;AGRIBUSINESS;-;-;-;-;-;-;-;-;-;20,11;-;-;-;-;-;-;-
BGIF27C038000;BRBMEFBC03Y5;AGRIBUSINESS;-;-;-;-;-;-;-;-;-;19,78;-;-;-;-;-;-;-
BGIF27P034000;BRBMEFBF0152;AGRIBUSINESS;-;-;-;-;-;-;-;-;-;0,93;-;-;-;-;-;-;-
BGIF27P034050;BRBMEFBF0160;AGRIBUSINESS;-;-;-;-;-;-;-;-;-;0,95;-;-;-;-;-;-;-
BGIF27P034100;BRBMEFBF0178;AGRIBUSINESS;-;-;-;-;-;-;-;-;-;0,98;-;-;-;-;-;-;-
BGIF27P034150;BRBMEFBF0186;AGRIBUSINESS;-;-;-;-;-;-;-;-;-;1;-;-;-;-;-;-;-
BGIF27P034200;BRBMEFBF0194;AGRIBUSINESS;-;-;-;-;-;-;-;-;-;1,03;-;-;-;-;-;-;-
BGIF27P034250;BRBMEFBF01A2;AGRIBUSINESS;-;-;-;-;-;-;-;-;-;1,05;-;-;-;-;-;-;-
BGIF27P034300;BRBMEFBF01B0;AGRIBUSINESS;-;-;-;-;-;-;-;-;-;1,08;-;-;-;-;-;-;-
BGIF27P034350;BRBMEFBF01C8;AGRIBUSINESS;-;-;-;-;-;-;-;-;-;1,11;-;-;-;-;-;-;-
BGIF27P034400;BRBMEFBF01D6;AGRIBUSINESS;-;-;-;-;-;-;-;-;-;1,14;-;-;-;-;-;-;-
BGIF27P034450;BRBMEFBF01E4;AGRIBUSINESS;-;-;-;-;-;-;-;-;-;1,17;-;-;-;-;-;-;-
BGIF27P034500;BRBMEFBF01F1;AGRIBUSINESS;-;-;-;-;-;-;-;-;-;1,2;-;-;-;-;-;-;-
BGIF27P034550;BRBMEFBF01G9;AGRIBUSINESS;-;-;-;-;-;-;-;-;-;1,23;-;-;-;-;-;-;-
BGIF27P034600;BRBMEFBF01H7;AGRIBUSINESS;-;-;-;-;-;-;-;-;-;1,26;-;-;-;-;-;-;-
BGIF27P034650;BRBMEFBF01I5;AGRIBUSINESS;-;-;-;-;-;-;-;-;-;1,29;-;-;-;-;-;-;-
BGIF27P034700;BRBMEFBF01J3;AGRIBUSINESS;-;-;-;-;-;-;-;-;-;1,32;-;-;-;-;-;-;-
BGIF27P034750;BRBMEFBF01K1;AGRIBUSINESS;-;-;-;-;-;-;-;-;-;1,36;-;-;-;-;-;-;-
BGIF27P034800;BRBMEFBF01L9;AGRIBUSINESS;-;-;-;-;-;-;-;-;-;1,39;-;-;-;-;-;-;-
BGIF27P034850;BRBMEFBF01M7;AGRIBUSINESS;-;-;-;-;-;-;-;-;-;1,43;-;-;-;-;-;-;-
BGIF27P034900;BRBMEFBF01N5;AGRIBUSINESS;-;-;-;-;-;-;-;-;-;1,46;-;-;-;-;-;-;-
BGIF27P034950;BRBMEFBF01O3;AGRIBUSINESS;-;-;-;-;-;-;-;-;-;1,5;-;-;-;-;-;-;-
BGIF27P035000;BRBMEFBF01P0;AGRIBUSINESS;1,6;1,6;1,61;1,6;1,6;-11,11;-;-;-;1,54;-;-;-;-;3;300;158730
BGIF27P035050;BRBMEFBF01Q8;AGRIBUSINESS;-;-;-;-;-;-;-;-;-;1,58;-;-;-;-;-;-;-
BGIF27P035100;BRBMEFBF01R6;AGRIBUSINESS;-;-;-;-;-;-;-;-;-;1,62;-;-;-;-;-;-;-
BGIF27P035150;BRBMEFBF01S4;AGRIBUSINESS;-;-;-;-;-;-;-;-;-;1,66;-;-;-;-;-;-;-
BGIF27P035200;BRBMEFBF01T2;AGRIBUSINESS;-;-;-;-;-;-;-;-;-;1,71;-;-;-;-;-;-;-
BGIF27P035250;BRBMEFBF01U0;AGRIBUSINESS;-;-;-;-;-;-;-;-;-;1,75;-;-;-;-;-;-;-
BGIF27P035300;BRBMEFBF01V8;AGRIBUSINESS;-;-;-;-;-;-;-;-;-;1,79;-;-;-;-;-;-;-
BGIF27P035350;BRBMEFBF01W6;AGRIBUSINESS;-;-;-;-;-;-;-;-;-;1,84;-;-;-;-;-;-;-
BGIF27P035400;BRBMEFBF0145;AGRIBUSINESS;-;-;-;-;-;-;-;-;-;1,89;-;-;-;-;-;-;-
BGIF27P035450;BRBMEFBF01X4;AGRIBUSINESS;-;-;-;-;-;-;-;-;-;1,94;-;-;-;-;-;-;-
BGIF27P035500;BRBMEFBF01Y2;AGRIBUSINESS;-;-;-;-;-;-;-;-;-;1,99;-;-;-;-;-;-;-
BGIF27P035550;BRBMEFBF01Z9;AGRIBUSINESS;-;-;-;-;-;-;-;-;-;2,04;-;-;-;-;-;-;-
BGIF27P035600;BRBMEFBF0202;AGRIBUSINESS;-;-;-;-;-;-;-;-;-;2,09;-;-;-;-;-;-;-
BGIF27P035650;BRBMEFBF0210;AGRIBUSINESS;-;-;-;-;-;-;-;-;-;2,15;-;-;-;-;-;-;-
BGIF27P035700;BRBMEFBF0228;AGRIBUSINESS;-;-;-;-;-;-;-;-;-;2,2;-;-;-;-;-;-;-
BGIF27P035750;BRBMEFBF0236;AGRIBUSINESS;-;-;-;-;-;-;-;-;-;2,26;-;-;-;-;-;-;-
BGIF27P035800;BRBMEFBF0244;AGRIBUSINESS;-;-;-;-;-;-;-;-;-;2,32;-;-;-;-;-;-;-
BGIF27P035850;BRBMEFBF0251;AGRIBUSINESS;-;-;-;-;-;-;-;-;-;2,38;-;-;-;-;-;-;-
BGIF27P035900;BRBMEFBF0269;AGRIBUSINESS;-;-;-;-;-;-;-;-;-;2,44;-;-;-;-;-;-;-
BGIF27P035950;BRBMEFBF0277;AGRIBUSINESS;-;-;-;-;-;-;-;-;-;2,5;-;-;-;-;-;-;-
BGIF27P036000;BRBMEFBF0285;AGRIBUSINESS;-;-;-;-;-;-;-;-;-;2,56;-;-;-;-;-;-;-
BGIF27P036050;BRBMEFBF0293;AGRIBUSINESS;-;-;-;-;-;-;-;-;-;2,63;-;-;-;-;-;-;-
BGIF27P036100;BRBMEFBF02A0;AGRIBUSINESS;-;-;-;-;-;-;-;-;-;2,69;-;-;-;-;-;-;-
BGIF27P036150;BRBMEFBF02B8;AGRIBUSINESS;-;-;-;-;-;-;-;-;-;2,76;-;-;-;-;-;-;-
BGIF27P036200;BRBMEFBF02C6;AGRIBUSINESS;-;-;-;-;-;-;-;-;-;2,83;-;-;-;-;-;-;-
BGIF27P036250;BRBMEFBF02D4;AGRIBUSINESS;-;-;-;-;-;-;-;-;-;2,9;-;-;-;-;-;-;-
BGIF27P036300;BRBMEFBF02E2;AGRIBUSINESS;-;-;-;-;-;-;-;-;-;2,97;-;-;-;-;-;-;-
BGIF27P036350;BRBMEFBF02F9;AGRIBUSINESS;-;-;-;-;-;-;-;-;-;3,04;-;-;-;-;-;-;-
BGIF27P036400;BRBMEFBF02G7;AGRIBUSINESS;-;-;-;-;-;-;-;-;-;3,12;-;-;-;-;-;-;-
BGIF27P036450;BRBMEFBF02H5;AGRIBUSINESS;-;-;-;-;-;-;-;-;-;3,19;-;-;-;-;-;-;-
BGIF27P036500;BRBMEFBF02I3;AGRIBUSINESS;-;-;-;-;-;-;-;-;-;3,27;-;-;-;-;-;-;-
BGIF27P036550;BRBMEFBF02J1;AGRIBUSINESS;-;-;-;-;-;-;-;-;-;3,36;-;-;-;-;-;-;-
BGIF27P036600;BRBMEFBF02K9;AGRIBUSINESS;-;-;-;-;-;-;-;-;-;3,44;-;-;-;-;-;-;-
BGIF27P036650;BRBMEFBF02L7;AGRIBUSINESS;-;-;-;-;-;-;-;-;-;3,52;-;-;-;-;-;-;-
BGIF27P036700;BRBMEFBF02M5;AGRIBUSINESS;-;-;-;-;-;-;-;-;-;3,6;-;-;-;-;-;-;-
BGIF27P036750;BRBMEFBF02N3;AGRIBUSINESS;-;-;-;-;-;-;-;-;-;3,69;-;-;-;-;-;-;-
BGIF27P036800;BRBMEFBF02O1;AGRIBUSINESS;-;-;-;-;-;-;-;-;-;3,78;-;-;-;-;-;-;-
BGIF27P036850;BRBMEFBF02P8;AGRIBUSINESS;-;-;-;-;-;-;-;-;-;3,87;-;-;-;-;-;-;-
BGIF27P036900;BRBMEFBF02Q6;AGRIBUSINESS;-;-;-;-;-;-;-;-;-;3,97;-;-;-;-;-;-;-
BGIF27P036950;BRBMEFBF02R4;AGRIBUSINESS;-;-;-;-;-;-;-;-;-;4,06;-;-;-;-;-;-;-
BGIF27P037000;BRBMEFBF02S2;AGRIBUSINESS;3,76;3,76;3,76;3,76;3,76;-28,38;-;-;-;4,16;-;-;-;-;1;10;12408
BGIF27P037050;BRBMEFBF02T0;AGRIBUSINESS;-;-;-;-;-;-;-;-;-;4,26;-;-;-;-;-;-;-
BGIF27P037100;BRBMEFBF02U8;AGRIBUSINESS;-;-;-;-;-;-;-;-;-;4,36;-;-;-;-;-;-;-
BGIF27P037150;BRBMEFBF02V6;AGRIBUSINESS;-;-;-;-;-;-;-;-;-;4,46;-;-;-;-;-;-;-
BGIF27P037200;BRBMEFBF02W4;AGRIBUSINESS;-;-;-;-;-;-;-;-;-;4,57;-;-;-;-;-;-;-
BGIF27P037250;BRBMEFBF02X2;AGRIBUSINESS;-;-;-;-;-;-;-;-;-;4,67;-;-;-;-;-;-;-
BGIF27P037300;BRBMEFBF02Y0;AGRIBUSINESS;-;-;-;-;-;-;-;-;-;4,78;-;-;-;-;-;-;-
BGIF27P037350;BRBMEFBF02Z7;AGRIBUSINESS;-;-;-;-;-;-;-;-;-;4,9;-;-;-;-;-;-;-
BGIF27P037400;BRBMEFBF0301;AGRIBUSINESS;-;-;-;-;-;-;-;-;-;5,02;-;-;-;-;-;-;-
BGIF27P037450;BRBMEFBF0319;AGRIBUSINESS;-;-;-;-;-;-;-;-;-;5,15;-;-;-;-;-;-;-
BGIF27P037500;BRBMEFBF0327;AGRIBUSINESS;-;-;-;-;-;-;-;-;-;5,27;-;-;-;-;-;-;-
BGIF27P037550;BRBMEFBF0335;AGRIBUSINESS;-;-;-;-;-;-;-;-;-;5,41;-;-;-;-;-;-;-
BGIF27P037600;BRBMEFBF0343;AGRIBUSINESS;-;-;-;-;-;-;-;-;-;5,54;-;-;-;-;-;-;-
BGIF27P037650;BRBMEFBF0350;AGRIBUSINESS;-;-;-;-;-;-;-;-;-;5,68;-;-;-;-;-;-;-
BGIF27P037700;BRBMEFBF0368;AGRIBUSINESS;-;-;-;-;-;-;-;-;-;5,82;-;-;-;-;-;-;-
BGIF27P037750;BRBMEFBF0376;AGRIBUSINESS;-;-;-;-;-;-;-;-;-;5,96;-;-;-;-;-;-;-
BGIF27P037800;BRBMEFBF0384;AGRIBUSINESS;-;-;-;-;-;-;-;-;-;6,1;-;-;-;-;-;-;-
BGIF27P037850;BRBMEFBF0392;AGRIBUSINESS;-;-;-;-;-;-;-;-;-;6,25;-;-;-;-;-;-;-
BGIF27P037900;BRBMEFBF03A8;AGRIBUSINESS;-;-;-;-;-;-;-;-;-;6,4;-;-;-;-;-;-;-
BGIF27P037950;BRBMEFBF03B6;AGRIBUSINESS;-;-;-;-;-;-;-;-;-;6,56;-;-;-;-;-;-;-
BGIF27P038000;BRBMEFBF03C4;AGRIBUSINESS;-;-;-;-;-;-;-;-;-;6,71;-;-;-;-;-;-;-
BGIV26C036400;BRBMEFCB1LI3;AGRIBUSINESS;-;-;-;-;-;-;-;-;-;23,94;-;-;-;-;-;-;-
BGIV26P036400;BRBMEFVB1LH2;AGRIBUSINESS;-;-;-;-;-;-;-;-;-;0,21;-;-;-;-;-;-;-
BGIZ26C034000;BRBMEFCB2664;AGRIBUSINESS;-;-;-;-;-;-;-;-;-;51,76;-;-;-;-;-;-;-
BGIZ26P034000;BRBMEFBV2661;AGRIBUSINESS;-;-;-;-;-;-;-;-;-;0,52;-;-;-;-;-;-;-
BGIV26C034300;BRBMEFCB1LJ1;AGRIBUSINESS;-;-;-;-;-;-;-;-;-;44,54;-;-;-;-;-;-;-
BGIV26P034300;BRBMEFVB1LI0;AGRIBUSINESS;-;-;-;-;-;-;-;-;-;0,01;-;-;-;-;-;-;-
BGIX26C036000;BRBMEFGI0311;AGRIBUSINESS;35,4;35,4;35,4;35,4;35,4;254;-;-;-;34,6;-;-;-;-;1;2;23364
BGIX26P036000;BRBMEFBG02Z5;AGRIBUSINESS;-;-;-;-;-;-;-;-;-;0,54;-;-;-;-;-;-;-
BGIZ26C033600;BRBMEFCB2672;AGRIBUSINESS;-;-;-;-;-;-;-;-;-;55,49;-;-;-;-;-;-;-
BGIZ26C035100;BRBMEFCB2680;AGRIBUSINESS;-;-;-;-;-;-;-;-;-;41,64;-;-;-;-;-;-;-
BGIZ26P033600;BRBMEFBV2679;AGRIBUSINESS;-;-;-;-;-;-;-;-;-;0,36;-;-;-;-;-;-;-
BGIZ26P035100;BRBMEFBV2687;AGRIBUSINESS;-;-;-;-;-;-;-;-;-;1,08;-;-;-;-;-;-;-
BGIV26C032900;BRBMEFCB1LK9;AGRIBUSINESS;-;-;-;-;-;-;-;-;-;58,41;-;-;-;-;-;-;-
BGIV26P032900;BRBMEFVB1LJ8;AGRIBUSINESS;-;-;-;-;-;-;-;-;-;0,01;-;-;-;-;-;-;-
BGIV26C034900;BRBMEFCB1LL7;AGRIBUSINESS;-;-;-;-;-;-;-;-;-;38,6;-;-;-;-;-;-;-
BGIV26C036100;BRBMEFCB1LM5;AGRIBUSINESS;-;-;-;-;-;-;-;-;-;26,82;-;-;-;-;-;-;-
BGIV26P034900;BRBMEFVB1LK6;AGRIBUSINESS;-;-;-;-;-;-;-;-;-;0,01;-;-;-;-;-;-;-
BGIV26P036100;BRBMEFVB1LL4;AGRIBUSINESS;-;-;-;-;-;-;-;-;-;0,11;-;-;-;-;-;-;-
BGIV26C030000;BRBMEFCB1LN3;AGRIBUSINESS;-;-;-;-;-;-;-;-;-;87,15;-;-;-;-;-;-;-
BGIV26P030000;BRBMEFVB1LM2;AGRIBUSINESS;-;-;-;-;-;-;-;-;-;0,01;-;-;-;-;-;-;-
BGIX26C030000;BRBMEFGI0329;AGRIBUSINESS;-;-;-;-;-;-;-;-;-;92,95;-;-;-;-;-;-;-
BGIX26P030000;BRBMEFBG0300;AGRIBUSINESS;-;-;-;-;-;-;-;-;-;0,01;-;-;-;-;-;-;-
BGIZ26C033500;BRBMEFCB2698;AGRIBUSINESS;-;-;-;-;-;-;-;-;-;56,43;-;-;-;-;-;-;-
BGIZ26C035300;BRBMEFCB26A6;AGRIBUSINESS;-;-;-;-;-;-;-;-;-;39,83;-;-;-;-;-;-;-
BGIZ26P033500;BRBMEFBV2695;AGRIBUSINESS;-;-;-;-;-;-;-;-;-;0,33;-;-;-;-;-;-;-
BGIZ26P035300;BRBMEFBV26A6;AGRIBUSINESS;-;-;-;-;-;-;-;-;-;1,21;-;-;-;-;-;-;-
BGIV26C033450;BRBMEFCB1LO1;AGRIBUSINESS;-;-;-;-;-;-;-;-;-;52,96;-;-;-;-;-;-;-
BGIV26C033950;BRBMEFCB1LP8;AGRIBUSINESS;-;-;-;-;-;-;-;-;-;48,01;-;-;-;-;-;-;-
BGIV26C035450;BRBMEFCB1LQ6;AGRIBUSINESS;-;-;-;-;-;-;-;-;-;33,17;-;-;-;-;-;-;-
BGIV26C035950;BRBMEFCB1LR4;AGRIBUSINESS;-;-;-;-;-;-;-;-;-;28,27;-;-;-;-;-;-;-
BGIV26P033450;BRBMEFVB1LN0;AGRIBUSINESS;-;-;-;-;-;-;-;-;-;0,01;-;-;-;-;-;-;-
BGIV26P033950;BRBMEFVB1LO8;AGRIBUSINESS;-;-;-;-;-;-;-;-;-;0,01;-;-;-;-;-;-;-
BGIV26P035450;BRBMEFVB1LP5;AGRIBUSINESS;-;-;-;-;-;-;-;-;-;0,03;-;-;-;-;-;-;-
BGIV26P035950;BRBMEFVB1LQ3;AGRIBUSINESS;-;-;-;-;-;-;-;-;-;0,08;-;-;-;-;-;-;-
BGIX26C033450;BRBMEFGI0337;AGRIBUSINESS;-;-;-;-;-;-;-;-;-;59,1;-;-;-;-;-;-;-
BGIX26C033950;BRBMEFGI0345;AGRIBUSINESS;-;-;-;-;-;-;-;-;-;54,22;-;-;-;-;-;-;-
BGIX26C035450;BRBMEFGI0352;AGRIBUSINESS;-;-;-;-;-;-;-;-;-;39,75;-;-;-;-;-;-;-
BGIX26C035950;BRBMEFGI0360;AGRIBUSINESS;-;-;-;-;-;-;-;-;-;35,07;-;-;-;-;-;-;-
BGIX26P033450;BRBMEFBG0318;AGRIBUSINESS;-;-;-;-;-;-;-;-;-;0,02;-;-;-;-;-;-;-
BGIX26P033950;BRBMEFBG0326;AGRIBUSINESS;-;-;-;-;-;-;-;-;-;0,04;-;-;-;-;-;-;-
BGIX26P035450;BRBMEFBG0334;AGRIBUSINESS;-;-;-;-;-;-;-;-;-;0,29;-;-;-;-;-;-;-
BGIX26P035950;BRBMEFBG0342;AGRIBUSINESS;-;-;-;-;-;-;-;-;-;0,52;-;-;-;-;-;-;-
BGIV26C033250;BRBMEFCB1LS2;AGRIBUSINESS;-;-;-;-;-;-;-;-;-;54,95;-;-;-;-;-;-;-
BGIV26C033750;BRBMEFCB1LT0;AGRIBUSINESS;-;-;-;-;-;-;-;-;-;49,99;-;-;-;-;-;-;-
BGIV26C035250;BRBMEFCB1LU8;AGRIBUSINESS;-;-;-;-;-;-;-;-;-;35,14;-;-;-;-;-;-;-
BGIV26C035750;BRBMEFCB1LV6;AGRIBUSINESS;-;-;-;-;-;-;-;-;-;30,23;-;-;-;-;-;-;-
BGIV26P033250;BRBMEFVB1LR1;AGRIBUSINESS;-;-;-;-;-;-;-;-;-;0,01;-;-;-;-;-;-;-
BGIV26P033750;BRBMEFVB1LS9;AGRIBUSINESS;-;-;-;-;-;-;-;-;-;0,01;-;-;-;-;-;-;-
BGIV26P035250;BRBMEFVB1LT7;AGRIBUSINESS;-;-;-;-;-;-;-;-;-;0,02;-;-;-;-;-;-;-
BGIV26P035750;BRBMEFVB1LU5;AGRIBUSINESS;-;-;-;-;-;-;-;-;-;0,05;-;-;-;-;-;-;-
BGIX26C033250;BRBMEFGI0378;AGRIBUSINESS;-;-;-;-;-;-;-;-;-;61,06;-;-;-;-;-;-;-
BGIX26C033750;BRBMEFGI0386;AGRIBUSINESS;-;-;-;-;-;-;-;-;-;56,17;-;-;-;-;-;-;-
BGIX26C035250;BRBMEFGI0394;AGRIBUSINESS;-;-;-;-;-;-;-;-;-;41,65;-;-;-;-;-;-;-
BGIX26C035750;BRBMEFGI03A1;AGRIBUSINESS;-;-;-;-;-;-;-;-;-;36,93;-;-;-;-;-;-;-
BGIX26P033250;BRBMEFBG0359;AGRIBUSINESS;-;-;-;-;-;-;-;-;-;0,01;-;-;-;-;-;-;-
BGIX26P033750;BRBMEFBG0367;AGRIBUSINESS;-;-;-;-;-;-;-;-;-;0,03;-;-;-;-;-;-;-
BGIX26P035250;BRBMEFBG0375;AGRIBUSINESS;-;-;-;-;-;-;-;-;-;0,23;-;-;-;-;-;-;-
BGIX26P035750;BRBMEFBG0383;AGRIBUSINESS;-;-;-;-;-;-;-;-;-;0,42;-;-;-;-;-;-;-
BGIX26C035800;BRBMEFGI03B9;AGRIBUSINESS;-;-;-;-;-;-;-;-;-;36,46;-;-;-;-;-;-;-
BGIX26P035800;BRBMEFBG0391;AGRIBUSINESS;-;-;-;-;-;-;-;-;-;0,44;-;-;-;-;-;-;-
BGIV26C039000;BRBMEFCB1LW4;AGRIBUSINESS;-;-;-;-;-;-;-;-;-;4,13;-;-;-;-;-;-;-
BGIV26P039000;BRBMEFVB1LV3;AGRIBUSINESS;-;-;-;-;-;-;-;-;-;6,16;-;-;-;-;-;-;-
BGIH27C032000;BRBMEFCBHRP6;AGRIBUSINESS;-;-;-;-;-;-;-;-;-;70;-;-;-;-;-;-;-
BGIH27P032000;BRBMEFVBHRP6;AGRIBUSINESS;-;-;-;-;-;-;-;-;-;0,64;-;-;-;-;-;-;-
BGIZ26C035700;BRBMEFCB26B4;AGRIBUSINESS;-;-;-;-;-;-;-;-;-;36,26;-;-;-;-;-;-;-
BGIZ26P035700;BRBMEFBV26B4;AGRIBUSINESS;-;-;-;-;-;-;-;-;-;1,53;-;-;-;-;-;-;-
BGIV26C031000;BRBMEFCB1LX2;AGRIBUSINESS;-;-;-;-;-;-;-;-;-;77,24;-;-;-;-;-;-;-
BGIV26P031000;BRBMEFVB1LW1;AGRIBUSINESS;-;-;-;-;-;-;-;-;-;0,01;-;-;-;-;-;-;-
BGIX26C034600;BRBMEFGI03C7;AGRIBUSINESS;-;-;-;-;-;-;-;-;-;47,9;-;-;-;-;-;-;-
BGIX26C036100;BRBMEFGI03D5;AGRIBUSINESS;-;-;-;-;-;-;-;-;-;33,67;-;-;-;-;-;-;-
BGIX26P034600;BRBMEFBG03A6;AGRIBUSINESS;-;-;-;-;-;-;-;-;-;0,09;-;-;-;-;-;-;-
BGIX26P036100;BRBMEFBG03B4;AGRIBUSINESS;-;-;-;-;-;-;-;-;-;0,59;-;-;-;-;-;-;-
BGIV26C034600;BRBMEFCB1LY0;AGRIBUSINESS;-;-;-;-;-;-;-;-;-;41,57;-;-;-;-;-;-;-
BGIV26P034600;BRBMEFVB1LX9;AGRIBUSINESS;-;-;-;-;-;-;-;-;-;0,01;-;-;-;-;-;-;-
BGIX26C037600;BRBMEFGI03E3;AGRIBUSINESS;-;-;-;-;-;-;-;-;-;20,5;-;-;-;-;-;-;-
BGIX26P037600;BRBMEFBG03C2;AGRIBUSINESS;-;-;-;-;-;-;-;-;-;2,14;-;-;-;-;-;-;-
BGIZ26C035500;BRBMEFCB26C2;AGRIBUSINESS;-;-;-;-;-;-;-;-;-;38,04;-;-;-;-;-;-;-
BGIZ26P035500;BRBMEFBV26C2;AGRIBUSINESS;-;-;-;-;-;-;-;-;-;1,36;-;-;-;-;-;-;-
BGIX26C036400;BRBMEFGI03F0;AGRIBUSINESS;-;-;-;-;-;-;-;-;-;30,91;-;-;-;-;-;-;-
BGIX26P036400;BRBMEFBG03D0;AGRIBUSINESS;-;-;-;-;-;-;-;-;-;0,77;-;-;-;-;-;-;-
BGIV26C035100;BRBMEFCB1LZ7;AGRIBUSINESS;-;-;-;-;-;-;-;-;-;36,62;-;-;-;-;-;-;-
BGIV26P035100;BRBMEFVB1LY7;AGRIBUSINESS;-;-;-;-;-;-;-;-;-;0,01;-;-;-;-;-;-;-
BGIX26C036300;BRBMEFGI03G8;AGRIBUSINESS;-;-;-;-;-;-;-;-;-;31,82;-;-;-;-;-;-;-
BGIX26P036300;BRBMEFBG03E8;AGRIBUSINESS;-;-;-;-;-;-;-;-;-;0,71;-;-;-;-;-;-;-
BGIX26C037100;BRBMEFGI03H6;AGRIBUSINESS;-;-;-;-;-;-;-;-;-;24,68;-;-;-;-;-;-;-
BGIX26P037100;BRBMEFBG03F5;AGRIBUSINESS;-;-;-;-;-;-;-;-;-;1,42;-;-;-;-;-;-;-
BGIV26C035800;BRBMEFCB1M05;AGRIBUSINESS;-;-;-;-;-;-;-;-;-;29,74;-;-;-;-;-;-;-
BGIV26C036700;BRBMEFCB1M13;AGRIBUSINESS;-;-;-;-;-;-;-;-;-;21,11;-;-;-;-;-;-;-
BGIV26C038300;BRBMEFCB1M21;AGRIBUSINESS;-;-;-;-;-;-;-;-;-;7,91;-;-;-;-;-;-;-
BGIV26P035800;BRBMEFVB1LZ4;AGRIBUSINESS;-;-;-;-;-;-;-;-;-;0,06;-;-;-;-;-;-;-
BGIV26P036700;BRBMEFVB1M05;AGRIBUSINESS;-;-;-;-;-;-;-;-;-;0,35;-;-;-;-;-;-;-
BGIV26P038300;BRBMEFVB1M13;AGRIBUSINESS;-;-;-;-;-;-;-;-;-;3,01;-;-;-;-;-;-;-
BGIX26C037200;BRBMEFGI03I4;AGRIBUSINESS;-;-;-;-;-;-;-;-;-;23,83;-;-;-;-;-;-;-
BGIX26C038400;BRBMEFGI03J2;AGRIBUSINESS;-;-;-;-;-;-;-;-;-;14,46;-;-;-;-;-;-;-
BGIX26P037200;BRBMEFBG03G3;AGRIBUSINESS;-;-;-;-;-;-;-;-;-;1,55;-;-;-;-;-;-;-
BGIX26P038400;BRBMEFBG03H1;AGRIBUSINESS;-;-;-;-;-;-;-;-;-;3,96;-;-;-;-;-;-;-
BGIZ26C039000;BRBMEFCB26D0;AGRIBUSINESS;-;-;-;-;-;-;-;-;-;11,97;-;-;-;-;-;-;-
BGIZ26P039000;BRBMEFBV26D0;AGRIBUSINESS;-;-;-;-;-;-;-;-;-;9,3;-;-;-;-;-;-;-
BGIV26C037200;BRBMEFCB1M39;AGRIBUSINESS;-;-;-;-;-;-;-;-;-;16,53;-;-;-;-;-;-;-
BGIV26P037200;BRBMEFVB1M21;AGRIBUSINESS;-;-;-;-;-;-;-;-;-;0,73;-;-;-;-;-;-;-
BGIX26C034700;BRBMEFGI03K0;AGRIBUSINESS;-;-;-;-;-;-;-;-;-;46,93;-;-;-;-;-;-;-
BGIX26C038500;BRBMEFGI03L8;AGRIBUSINESS;-;-;-;-;-;-;-;-;-;13,78;-;-;-;-;-;-;-
BGIX26P034700;BRBMEFBG03I9;AGRIBUSINESS;-;-;-;-;-;-;-;-;-;0,11;-;-;-;-;-;-;-
BGIX26P038500;BRBMEFBG03J7;AGRIBUSINESS;6,6;4,75;6,6;4,83;4,75;-38,31;-;-;-;4,26;-;-;-;-;2;105;167640
BGIG27C035900;BRBMEFCBGU29;AGRIBUSINESS;-;-;-;-;-;-;-;-;-;35,45;-;-;-;-;-;-;-
BGIG27C038000;BRBMEFCBGU37;AGRIBUSINESS;-;-;-;-;-;-;-;-;-;20,26;-;-;-;-;-;-;-
BGIG27P035900;BRBMEFVBGU26;AGRIBUSINESS;-;-;-;-;-;-;-;-;-;3,23;-;-;-;-;-;-;-
BGIG27P038000;BRBMEFVBGU34;AGRIBUSINESS;-;-;-;-;-;-;-;-;-;8,06;-;-;-;-;-;-;-
BGIX26C038600;BRBMEFGI03M6;AGRIBUSINESS;17;17;17;17;17;466,66;-;-;-;13,12;-;-;-;-;1;4;22440
BGIX26P038600;BRBMEFBG03K5;AGRIBUSINESS;-;-;-;-;-;-;-;-;-;4,58;-;-;-;-;-;-;-
BGIZ26C034500;BRBMEFCB26E8;AGRIBUSINESS;-;-;-;-;-;-;-;-;-;47,15;-;-;-;-;-;-;-
BGIZ26P034500;BRBMEFBV26E8;AGRIBUSINESS;-;-;-;-;-;-;-;-;-;0,76;-;-;-;-;-;-;-
BGIX26C039000;BRBMEFGI03N4;AGRIBUSINESS;-;-;-;-;-;-;-;-;-;10,65;-;-;-;-;-;-;-
BGIX26P039000;BRBMEFBG03L3;AGRIBUSINESS;7,95;7,95;7,95;7,95;7,95;44,54;-;-;-;6,04;-;-;-;-;1;24;62964
BGIX26C037700;BRBMEFGI03O2;AGRIBUSINESS;-;-;-;-;-;-;-;-;-;19,69;-;-;-;-;-;-;-
BGIX26P037700;BRBMEFBG03M1;AGRIBUSINESS;-;-;-;-;-;-;-;-;-;2,32;-;-;-;-;-;-;-
BGIZ26C035600;BRBMEFCB26F5;AGRIBUSINESS;-;-;-;-;-;-;-;-;-;37,14;-;-;-;-;-;-;-
BGIZ26P035600;BRBMEFBV26F5;AGRIBUSINESS;-;-;-;-;-;-;-;-;-;1,44;-;-;-;-;-;-;-
BGIX26C035650;BRBMEFGI03P9;AGRIBUSINESS;-;-;-;-;-;-;-;-;-;37,86;-;-;-;-;-;-;-
BGIX26P035650;BRBMEFBG03N9;AGRIBUSINESS;-;-;-;-;-;-;-;-;-;0,37;-;-;-;-;-;-;-
BGIV26C036300;BRBMEFCB1M47;AGRIBUSINESS;-;-;-;-;-;-;-;-;-;24,89;-;-;-;-;-;-;-
BGIV26P036300;BRBMEFVB1M39;AGRIBUSINESS;-;-;-;-;-;-;-;-;-;0,17;-;-;-;-;-;-;-
BGIX26C038200;BRBMEFGI03Q7;AGRIBUSINESS;-;-;-;-;-;-;-;-;-;15,87;-;-;-;-;-;-;-
BGIX26P038200;BRBMEFBG03O7;AGRIBUSINESS;-;-;-;-;-;-;-;-;-;3,41;-;-;-;-;-;-;-
BGIX26C036050;BRBMEFGI03R5;AGRIBUSINESS;-;-;-;-;-;-;-;-;-;34,13;-;-;-;-;-;-;-
BGIX26P036050;BRBMEFBG03P4;AGRIBUSINESS;-;-;-;-;-;-;-;-;-;0,57;-;-;-;-;-;-;-
BGIZ26C032500;BRBMEFCB26G3;AGRIBUSINESS;-;-;-;-;-;-;-;-;-;65,93;-;-;-;-;-;-;-
BGIZ26P032500;BRBMEFBV26G3;AGRIBUSINESS;-;-;-;-;-;-;-;-;-;0,12;-;-;-;-;-;-;-
BGIX26C031000;BRBMEFGI03S3;AGRIBUSINESS;-;-;-;-;-;-;-;-;-;83,14;-;-;-;-;-;-;-
BGIX26P031000;BRBMEFBG03Q2;AGRIBUSINESS;-;-;-;-;-;-;-;-;-;0,01;-;-;-;-;-;-;-
BGIV26C037300;BRBMEFCB1M54;AGRIBUSINESS;-;-;-;-;-;-;-;-;-;15,65;-;-;-;-;-;-;-
BGIV26P037300;BRBMEFVB1M47;AGRIBUSINESS;-;-;-;-;-;-;-;-;-;0,84;-;-;-;-;-;-;-
BGIH27C034000;BRBMEFCBHRQ4;AGRIBUSINESS;-;-;-;-;-;-;-;-;-;52,26;-;-;-;-;-;-;-
BGIH27C036000;BRBMEFCBHRR2;AGRIBUSINESS;-;-;-;-;-;-;-;-;-;35,73;-;-;-;-;-;-;-
BGIH27C039000;BRBMEFCBHRS0;AGRIBUSINESS;-;-;-;-;-;-;-;-;-;16,34;-;-;-;-;-;-;-
BGIH27C039500;BRBMEFCBHRT8;AGRIBUSINESS;-;-;-;-;-;-;-;-;-;13,98;-;-;-;-;-;-;-
BGIH27C040000;BRBMEFCBHRU6;AGRIBUSINESS;-;-;-;-;-;-;-;-;-;11,94;-;-;-;-;-;-;-
BGIH27P034000;BRBMEFVBHRQ4;AGRIBUSINESS;-;-;-;-;-;-;-;-;-;1,75;-;-;-;-;-;-;-
BGIH27P036000;BRBMEFVBHRR2;AGRIBUSINESS;-;-;-;-;-;-;-;-;-;4,09;-;-;-;-;-;-;-
BGIH27P039000;BRBMEFVBHRS0;AGRIBUSINESS;-;-;-;-;-;-;-;-;-;12,99;-;-;-;-;-;-;-
BGIH27P039500;BRBMEFVBHRT8;AGRIBUSINESS;-;-;-;-;-;-;-;-;-;15,35;-;-;-;-;-;-;-
BGIH27P040000;BRBMEFVBHRU6;AGRIBUSINESS;-;-;-;-;-;-;-;-;-;18,03;-;-;-;-;-;-;-
BGIX26C033700;BRBMEFGI03T1;AGRIBUSINESS;-;-;-;-;-;-;-;-;-;56,66;-;-;-;-;-;-;-
BGIX26P033700;BRBMEFBG03R0;AGRIBUSINESS;-;-;-;-;-;-;-;-;-;0,02;-;-;-;-;-;-;-
BGIZ26C033700;BRBMEFCB26H1;AGRIBUSINESS;-;-;-;-;-;-;-;-;-;54,55;-;-;-;-;-;-;-
BGIZ26P033700;BRBMEFBV26H1;AGRIBUSINESS;-;-;-;-;-;-;-;-;-;0,4;-;-;-;-;-;-;-
BGIH27C036500;BRBMEFCBHRV4;AGRIBUSINESS;-;-;-;-;-;-;-;-;-;31,91;-;-;-;-;-;-;-
BGIH27P036500;BRBMEFVBHRV4;AGRIBUSINESS;-;-;-;-;-;-;-;-;-;4,99;-;-;-;-;-;-;-
BGIX26C036900;BRBMEFGI03U9;AGRIBUSINESS;-;-;-;-;-;-;-;-;-;26,42;-;-;-;-;-;-;-
BGIX26P036900;BRBMEFBG03S8;AGRIBUSINESS;-;-;-;-;-;-;-;-;-;1,19;-;-;-;-;-;-;-
BGIV26C038100;BRBMEFCB1M62;AGRIBUSINESS;-;-;-;-;-;-;-;-;-;9,26;-;-;-;-;-;-;-
BGIV26P038100;BRBMEFVB1M54;AGRIBUSINESS;-;-;-;-;-;-;-;-;-;2,38;-;-;-;-;-;-;-
BGIX26C037300;BRBMEFGI03V7;AGRIBUSINESS;-;-;-;-;-;-;-;-;-;22,98;-;-;-;-;-;-;-
BGIX26C038300;BRBMEFGI03W5;AGRIBUSINESS;-;-;-;-;-;-;-;-;-;15,16;-;-;-;-;-;-;-
BGIX26P037300;BRBMEFBG03T6;AGRIBUSINESS;-;-;-;-;-;-;-;-;-;1,68;-;-;-;-;-;-;-
BGIX26P038300;BRBMEFBG03U4;AGRIBUSINESS;-;-;-;-;-;-;-;-;-;3,68;-;-;-;-;-;-;-
BGIF27C040000;BRBMEFBC03Z2;AGRIBUSINESS;-;-;-;-;-;-;-;-;-;9,45;-;-;-;-;-;-;-
BGIF27P040000;BRBMEFBF03D2;AGRIBUSINESS;-;-;-;-;-;-;-;-;-;15,61;-;-;-;-;-;-;-
BGIV26C038500;BRBMEFCB1M70;AGRIBUSINESS;-;-;-;-;-;-;-;-;-;6,67;-;-;-;-;-;-;-
BGIV26P038500;BRBMEFVB1M62;AGRIBUSINESS;-;-;-;-;-;-;-;-;-;3,75;-;-;-;-;-;-;-
BGIV26C039500;BRBMEFCB1M88;AGRIBUSINESS;-;-;-;-;-;-;-;-;-;2,38;-;-;-;-;-;-;-
BGIV26P039500;BRBMEFVB1M70;AGRIBUSINESS;-;-;-;-;-;-;-;-;-;9,36;-;-;-;-;-;-;-
BGIX26C033200;BRBMEFGI03X3;AGRIBUSINESS;-;-;-;-;-;-;-;-;-;61,55;-;-;-;-;-;-;-
BGIX26P033200;BRBMEFBG03V2;AGRIBUSINESS;-;-;-;-;-;-;-;-;-;0,01;-;-;-;-;-;-;-
BGIZ26C033200;BRBMEFCB26I9;AGRIBUSINESS;-;-;-;-;-;-;-;-;-;59,26;-;-;-;-;-;-;-
BGIZ26C039300;BRBMEFCB26J7;AGRIBUSINESS;-;-;-;-;-;-;-;-;-;10,48;-;-;-;-;-;-;-
BGIZ26P033200;BRBMEFBV26I9;AGRIBUSINESS;-;-;-;-;-;-;-;-;-;0,25;-;-;-;-;-;-;-
BGIZ26P039300;BRBMEFBV26J7;AGRIBUSINESS;-;-;-;-;-;-;-;-;-;10,72;-;-;-;-;-;-;-
BGIX26C036800;BRBMEFGI03Y1;AGRIBUSINESS;-;-;-;-;-;-;-;-;-;27,3;-;-;-;-;-;-;-
BGIX26C039500;BRBMEFGI03Z8;AGRIBUSINESS;-;-;-;-;-;-;-;-;-;8;-;-;-;-;-;-;-
BGIX26P036800;BRBMEFBG03W0;AGRIBUSINESS;-;-;-;-;-;-;-;-;-;1,09;-;-;-;-;-;-;-
BGIX26P039500;BRBMEFBG03X8;AGRIBUSINESS;-;-;-;-;-;-;-;-;-;8,29;-;-;-;-;-;-;-
BGIZ26C039500;BRBMEFCB26K5;AGRIBUSINESS;-;-;-;-;-;-;-;-;-;9,57;-;-;-;-;-;-;-
BGIZ26P039500;BRBMEFBV26K5;AGRIBUSINESS;-;-;-;-;-;-;-;-;-;11,75;-;-;-;-;-;-;-
BGIX26C036700;BRBMEFGI0402;AGRIBUSINESS;-;-;-;-;-;-;-;-;-;28,19;-;-;-;-;-;-;-
BGIX26P036700;BRBMEFBG03Y6;AGRIBUSINESS;-;-;-;-;-;-;-;-;-;1;-;-;-;-;-;-;-
BGIX26C040000;BRBMEFGI0410;AGRIBUSINESS;-;-;-;-;-;-;-;-;-;5,86;-;-;5,5;-;-;-;-
BGIX26P040000;BRBMEFBG03Z3;AGRIBUSINESS;-;-;-;-;-;-;-;-;-;11,06;-;-;-;-;-;-;-
BGIZ26C040000;BRBMEFCB26L3;AGRIBUSINESS;-;-;-;-;-;-;-;-;-;7,57;-;-;-;-;-;-;-
BGIZ26P040000;BRBMEFBV26L3;AGRIBUSINESS;-;-;-;-;-;-;-;-;-;14,61;-;-;-;-;-;-;-
BGIF27C039200;BRBMEFBC0403;AGRIBUSINESS;15;15;15;15;15;-;-;-;-;12,94;-;-;-;-;1;73;361350
BGIF27P039200;BRBMEFBF03E0;AGRIBUSINESS;15;15;15;15;15;-;-;-;-;11,4;-;-;-;-;1;73;361350
BGIG27C035800;BRBMEFCBGU45;AGRIBUSINESS;-;-;-;-;-;-;-;-;-;36,26;-;-;-;-;-;-;-
BGIG27C037700;BRBMEFCBGU52;AGRIBUSINESS;-;-;-;-;-;-;-;-;-;22,16;-;-;-;-;-;-;-
BGIG27C038500;BRBMEFCBGU60;AGRIBUSINESS;-;-;-;-;-;-;-;-;-;17,32;-;-;-;-;-;-;-
BGIG27P035800;BRBMEFVBGU42;AGRIBUSINESS;-;-;-;-;-;-;-;-;-;3,09;-;-;-;-;-;-;-
BGIG27P037700;BRBMEFVBGU59;AGRIBUSINESS;-;-;-;-;-;-;-;-;-;7,1;-;-;-;-;-;-;-
BGIG27P038500;BRBMEFVBGU67;AGRIBUSINESS;-;-;-;-;-;-;-;-;-;9,88;-;-;-;-;-;-;-
BGIZ26C031000;BRBMEFCB26M1;AGRIBUSINESS;-;-;-;-;-;-;-;-;-;80,41;-;-;-;-;-;-;-
BGIZ26P031000;BRBMEFBV26M1;AGRIBUSINESS;-;-;-;-;-;-;-;-;-;0,02;-;-;-;-;-;-;-
BGIX26C031500;BRBMEFGI0428;AGRIBUSINESS;-;-;-;-;-;-;-;-;-;78,23;-;-;-;-;-;-;-
BGIX26P031500;BRBMEFBG0409;AGRIBUSINESS;-;-;-;-;-;-;-;-;-;0,01;-;-;-;-;-;-;-
BGIF27C039100;BRBMEFBC0411;AGRIBUSINESS;-;-;-;-;-;-;-;-;-;13,44;-;-;-;-;-;-;-
BGIF27P039100;BRBMEFBF03F7;AGRIBUSINESS;-;-;-;-;-;-;-;-;-;10,94;-;-;-;-;-;-;-
BGIZ26C039800;BRBMEFCB26N9;AGRIBUSINESS;-;-;-;-;-;-;-;-;-;8,33;-;-;-;-;-;-;-
BGIZ26P039800;BRBMEFBV26N9;AGRIBUSINESS;-;-;-;-;-;-;-;-;-;13,43;-;-;-;-;-;-;-
BGIH27C038000;BRBMEFCBHRW2;AGRIBUSINESS;-;-;-;-;-;-;-;-;-;21,8;-;-;-;-;-;-;-
BGIH27P038000;BRBMEFVBHRW2;AGRIBUSINESS;-;-;-;-;-;-;-;-;-;9,02;-;-;-;-;-;-;-
BGIF27C038250;BRBMEFBC0429;AGRIBUSINESS;-;-;-;-;-;-;-;-;-;18,2;-;-;-;-;-;-;-
BGIF27P038250;BRBMEFBF03G5;AGRIBUSINESS;-;-;-;-;-;-;-;-;-;7,53;-;-;-;-;-;-;-
BGIG27C038250;BRBMEFCBGU78;AGRIBUSINESS;-;-;-;-;-;-;-;-;-;18,74;-;-;-;-;-;-;-
BGIG27P038250;BRBMEFVBGU75;AGRIBUSINESS;-;-;-;-;-;-;-;-;-;8,92;-;-;-;-;-;-;-
BGIX26C041000;BRBMEFGI0436;AGRIBUSINESS;4;4;4;4;4;71,67;-;-;-;2,94;-;-;-;-;1;100;132000
BGIX26P041000;BRBMEFBG0417;AGRIBUSINESS;-;-;-;-;-;-;-;-;-;17,96;-;-;-;-;-;-;-
BGIG27C038300;BRBMEFCBGU86;AGRIBUSINESS;-;-;-;-;-;-;-;-;-;18,45;-;-;-;-;-;-;-
BGIG27P038300;BRBMEFVBGU83;AGRIBUSINESS;-;-;-;-;-;-;-;-;-;9,11;-;-;-;-;-;-;-
BGIV26C036900;BRBMEFCB1M96;AGRIBUSINESS;-;-;-;-;-;-;-;-;-;19,25;-;-;-;-;-;-;-
BGIV26P036900;BRBMEFVB1M88;AGRIBUSINESS;-;-;-;-;-;-;-;-;-;0,47;-;-;-;-;-;-;-
BGIV26C040500;BRBMEFCB1MA8;AGRIBUSINESS;-;-;-;-;-;-;-;-;-;0,67;-;-;-;-;-;-;-
BGIV26P040500;BRBMEFVB1M96;AGRIBUSINESS;-;-;-;-;-;-;-;-;-;17,56;-;-;-;-;-;-;-
BGIF27C038550;BRBMEFBC0437;AGRIBUSINESS;-;-;-;-;-;-;-;-;-;16,4;-;-;-;-;-;-;-
BGIF27P038550;BRBMEFBF03H3;AGRIBUSINESS;-;-;-;-;-;-;-;-;-;8,61;-;-;-;-;-;-;-
BGIX26C039300;BRBMEFGI0444;AGRIBUSINESS;-;-;-;-;-;-;-;-;-;9;-;-;-;-;-;-;-
BGIX26P039300;BRBMEFBG0425;AGRIBUSINESS;-;-;-;-;-;-;-;-;-;7,34;-;-;-;-;-;-;-
BGIZ26C041000;BRBMEFCB26O7;AGRIBUSINESS;5;5;5;5;5;0,8;-;-;-;4,66;-;-;-;-;1;200;330000
BGIZ26P041000;BRBMEFBV26O7;AGRIBUSINESS;-;-;-;-;-;-;-;-;-;21,41;-;-;-;-;-;-;-
BGIF27C039500;BRBMEFBC0445;AGRIBUSINESS;-;-;-;-;-;-;-;-;-;11,51;-;-;-;-;-;-;-
BGIF27C041000;BRBMEFBC0452;AGRIBUSINESS;5,5;5,5;5,5;5,5;5,5;-13,11;-;-;-;6,26;-;-;-;-;1;100;181500
BGIF27P039500;BRBMEFBF03I1;AGRIBUSINESS;-;-;-;-;-;-;-;-;-;12,86;-;-;-;-;-;-;-
BGIF27P041000;BRBMEFBF03J9;AGRIBUSINESS;-;-;-;-;-;-;-;-;-;22,02;-;-;-;-;-;-;-
BGIX26C037900;BRBMEFGI0451;AGRIBUSINESS;-;-;-;-;-;-;-;-;-;18,12;-;-;-;-;-;-;-
BGIX26P037900;BRBMEFBG0433;AGRIBUSINESS;-;-;-;-;-;-;-;-;-;2,71;-;-;-;-;-;-;-
BGIX26C040100;BRBMEFGI0469;AGRIBUSINESS;-;-;-;-;-;-;-;-;-;5,48;-;-;-;-;-;-;-
BGIX26P040100;BRBMEFBG0441;AGRIBUSINESS;-;-;-;-;-;-;-;-;-;11,67;-;-;-;-;-;-;-
BGIH27C038500;BRBMEFCBHRX0;AGRIBUSINESS;-;-;-;-;-;-;-;-;-;18,92;-;-;-;-;-;-;-
BGIH27P038500;BRBMEFVBHRX0;AGRIBUSINESS;-;-;-;-;-;-;-;-;-;10,86;-;-;-;-;-;-;-
BGIX26C039400;BRBMEFGI0477;AGRIBUSINESS;-;-;-;-;-;-;-;-;-;8,49;-;-;-;-;-;-;-
BGIX26P039400;BRBMEFBG0458;AGRIBUSINESS;-;-;-;-;-;-;-;-;-;7,81;-;-;-;-;-;-;-
BGIG27C034000;BRBMEFCBGU94;AGRIBUSINESS;-;-;-;-;-;-;-;-;-;51,67;-;-;-;-;-;-;-
BGIG27C037500;BRBMEFCBGUA4;AGRIBUSINESS;-;-;-;-;-;-;-;-;-;23,48;-;-;-;-;-;-;-
BGIG27C041000;BRBMEFCBGUB2;AGRIBUSINESS;-;-;-;-;-;-;-;-;-;7,13;-;-;-;-;-;-;-
BGIG27P034000;BRBMEFVBGU91;AGRIBUSINESS;-;-;-;-;-;-;-;-;-;1,34;-;-;-;-;-;-;-
BGIG27P037500;BRBMEFVBGUA4;AGRIBUSINESS;-;-;-;-;-;-;-;-;-;6,51;-;-;-;-;-;-;-
BGIG27P041000;BRBMEFVBGUB2;AGRIBUSINESS;-;-;-;-;-;-;-;-;-;23,53;-;-;-;-;-;-;-
BGIH27C037500;BRBMEFCBHRY8;AGRIBUSINESS;-;-;-;-;-;-;-;-;-;24,93;-;-;-;-;-;-;-
BGIH27C041000;BRBMEFCBHRZ5;AGRIBUSINESS;-;-;-;-;-;-;-;-;-;8,57;-;-;-;-;-;-;-
BGIH27P037500;BRBMEFVBHRY8;AGRIBUSINESS;-;-;-;-;-;-;-;-;-;7,43;-;-;-;-;-;-;-
BGIH27P041000;BRBMEFVBHRZ5;AGRIBUSINESS;-;-;-;-;-;-;-;-;-;24,09;-;-;-;-;-;-;-
BGIG27C038650;BRBMEFCBGUC0;AGRIBUSINESS;-;-;-;-;-;-;-;-;-;16,5;-;-;-;-;-;-;-
BGIG27P038650;BRBMEFVBGUC0;AGRIBUSINESS;-;-;-;-;-;-;-;-;-;10,49;-;-;-;-;-;-;-
BGIZ26C032000;BRBMEFCB26P4;AGRIBUSINESS;-;-;-;-;-;-;-;-;-;70,74;-;-;-;-;-;-;-
BGIZ26P032000;BRBMEFBV26P4;AGRIBUSINESS;-;-;-;-;-;-;-;-;-;0,07;-;-;-;-;-;-;-
BGIZ26C039900;BRBMEFCB26Q2;AGRIBUSINESS;-;-;-;-;-;-;-;-;-;7,94;-;-;-;-;-;-;-
BGIZ26P039900;BRBMEFBV26Q2;AGRIBUSINESS;-;-;-;-;-;-;-;-;-;14,02;-;-;-;-;-;-;-
BGIX26C040500;BRBMEFGI0485;AGRIBUSINESS;-;-;-;-;-;-;-;-;-;4,19;-;-;-;-;-;-;-
BGIX26P040500;BRBMEFBG0466;AGRIBUSINESS;-;-;-;-;-;-;-;-;-;14,3;-;-;-;-;-;-;-
BGIJ27C038500;BRBMEFCBJQJ7;AGRIBUSINESS;-;-;-;-;-;-;-;-;-;18,39;-;-;-;-;-;-;-
BGIJ27C042500;BRBMEFCBJQK5;AGRIBUSINESS;-;-;-;-;-;-;-;-;-;5,56;-;-;-;-;-;-;-
BGIJ27P038500;BRBMEFVBJQJ7;AGRIBUSINESS;-;-;-;-;-;-;-;-;-;12,98;-;-;-;-;-;-;-
BGIJ27P042500;BRBMEFVBJQK5;AGRIBUSINESS;-;-;-;-;-;-;-;-;-;37,49;-;-;-;-;-;-;-
BGIV26C038700;BRBMEFCB1MB6;AGRIBUSINESS;-;-;-;-;-;-;-;-;-;5,56;-;-;-;-;-;-;-
BGIV26P038700;BRBMEFVB1MA5;AGRIBUSINESS;-;-;-;-;-;-;-;-;-;4,62;-;-;-;-;-;-;-
BGIH27C034500;BRBMEFCBHS06;AGRIBUSINESS;-;-;-;-;-;-;-;-;-;47,96;-;-;-;-;-;-;-
BGIH27P034500;BRBMEFVBHS03;AGRIBUSINESS;-;-;-;-;-;-;-;-;-;2,17;-;-;-;-;-;-;-
BGIX26C039700;BRBMEFGI0493;AGRIBUSINESS;-;-;-;-;-;-;-;-;-;7,09;-;-;-;-;-;-;-
BGIX26P039700;BRBMEFBG0474;AGRIBUSINESS;-;-;-;-;-;-;-;-;-;9,34;-;-;-;-;-;-;-
BGIX26C038700;BRBMEFGI04A9;AGRIBUSINESS;-;-;-;-;-;-;-;-;-;12,48;-;-;-;-;-;-;-
BGIX26P038700;BRBMEFBG0482;AGRIBUSINESS;-;-;-;-;-;-;-;-;-;4,92;-;-;-;-;-;-;-
BGIF27C040500;BRBMEFBC0460;AGRIBUSINESS;-;-;-;-;-;-;-;-;-;7,68;-;-;-;-;-;-;-
BGIF27P040500;BRBMEFBF03K7;AGRIBUSINESS;-;-;-;-;-;-;-;-;-;18,64;-;-;-;-;-;-;-
BGIG27C036500;BRBMEFCBGUD8;AGRIBUSINESS;-;-;-;-;-;-;-;-;-;30,71;-;-;-;-;-;-;-
BGIG27C040000;BRBMEFCBGUE6;AGRIBUSINESS;-;-;-;-;-;-;-;-;-;10,34;-;-;-;-;-;-;-
BGIG27P036500;BRBMEFVBGUD8;AGRIBUSINESS;-;-;-;-;-;-;-;-;-;4,21;-;-;-;-;-;-;-
BGIG27P040000;BRBMEFVBGUE6;AGRIBUSINESS;-;-;-;-;-;-;-;-;-;17,2;-;-;-;-;-;-;-
BGIX26C039800;BRBMEFGI04B7;AGRIBUSINESS;-;-;-;-;-;-;-;-;-;6,66;-;-;-;-;-;-;-
BGIX26P039800;BRBMEFBG0490;AGRIBUSINESS;-;-;-;-;-;-;-;-;-;9,9;-;-;-;-;-;-;-
BGIF27C038800;BRBMEFBC0478;AGRIBUSINESS;-;-;-;-;-;-;-;-;-;15,01;-;-;-;-;-;-;-
BGIF27P038800;BRBMEFBF03L5;AGRIBUSINESS;-;-;-;-;-;-;-;-;-;9,62;-;-;-;-;-;-;-
BGIX26C038800;BRBMEFGI04C5;AGRIBUSINESS;-;-;-;-;-;-;-;-;-;11,84;-;-;-;-;-;-;-
BGIX26P038800;BRBMEFBG04A4;AGRIBUSINESS;-;-;-;-;-;-;-;-;-;5,27;-;-;-;-;-;-;-
BGIZ26C038800;BRBMEFCB26R0;AGRIBUSINESS;-;-;-;-;-;-;-;-;-;13,05;-;-;-;-;-;-;-
BGIZ26P038800;BRBMEFBV26R0;AGRIBUSINESS;-;-;-;-;-;-;-;-;-;8,43;-;-;-;-;-;-;-
BGIV26C037800;BRBMEFCB1MC4;AGRIBUSINESS;-;-;-;-;-;-;-;-;-;11,5;-;-;-;-;-;-;-
BGIV26P037800;BRBMEFVB1MB3;AGRIBUSINESS;-;-;-;-;-;-;-;-;-;1,64;-;-;-;-;-;-;-
BGIF27C033000;BRBMEFBC0486;AGRIBUSINESS;-;-;-;-;-;-;-;-;-;61,61;-;-;-;-;-;-;-
BGIF27C041500;BRBMEFBC0494;AGRIBUSINESS;-;-;-;-;-;-;-;-;-;5,08;-;-;-;-;-;-;-
BGIF27P033000;BRBMEFBF03M3;AGRIBUSINESS;-;-;-;-;-;-;-;-;-;0,46;-;-;-;-;-;-;-
BGIF27P041500;BRBMEFBF03N1;AGRIBUSINESS;-;-;-;-;-;-;-;-;-;25,66;-;-;-;-;-;-;-
BGIJ27C030000;BRBMEFCBJQL3;AGRIBUSINESS;-;-;-;-;-;-;-;-;-;85,08;-;-;-;-;-;-;-
BGIJ27C030500;BRBMEFCBJQM1;AGRIBUSINESS;-;-;-;-;-;-;-;-;-;80,53;-;-;-;-;-;-;-
BGIJ27C031000;BRBMEFCBJQN9;AGRIBUSINESS;-;-;-;-;-;-;-;-;-;76,03;-;-;-;-;-;-;-
BGIJ27C031500;BRBMEFCBJQO7;AGRIBUSINESS;-;-;-;-;-;-;-;-;-;71,57;-;-;-;-;-;-;-
BGIJ27C032000;BRBMEFCBJQP4;AGRIBUSINESS;-;-;-;-;-;-;-;-;-;67,17;-;-;-;-;-;-;-
BGIJ27C032500;BRBMEFCBJQQ2;AGRIBUSINESS;-;-;-;-;-;-;-;-;-;62,75;-;-;-;-;-;-;-
BGIJ27C033000;BRBMEFCBJQR0;AGRIBUSINESS;-;-;-;-;-;-;-;-;-;58,38;-;-;-;-;-;-;-
BGIJ27C033500;BRBMEFCBJQS8;AGRIBUSINESS;-;-;-;-;-;-;-;-;-;54,07;-;-;-;-;-;-;-
BGIJ27C034000;BRBMEFCBJQT6;AGRIBUSINESS;-;-;-;-;-;-;-;-;-;49,85;-;-;-;-;-;-;-
BGIJ27C034500;BRBMEFCBJQU4;AGRIBUSINESS;-;-;-;-;-;-;-;-;-;45,72;-;-;-;-;-;-;-
BGIJ27C035000;BRBMEFCBJQV2;AGRIBUSINESS;-;-;-;-;-;-;-;-;-;41,7;-;-;-;-;-;-;-
BGIJ27C035500;BRBMEFCBJQW0;AGRIBUSINESS;-;-;-;-;-;-;-;-;-;37,8;-;-;-;-;-;-;-
BGIJ27C036000;BRBMEFCBJQX8;AGRIBUSINESS;-;-;-;-;-;-;-;-;-;34,03;-;-;-;-;-;-;-
BGIJ27C036500;BRBMEFCBJQY6;AGRIBUSINESS;-;-;-;-;-;-;-;-;-;30,41;-;-;-;-;-;-;-
BGIJ27C037000;BRBMEFCBJQZ3;AGRIBUSINESS;-;-;-;-;-;-;-;-;-;27,08;-;-;-;-;-;-;-
BGIJ27C037500;BRBMEFCBJR05;AGRIBUSINESS;-;-;-;-;-;-;-;-;-;23,95;-;-;-;-;-;-;-
BGIJ27C038000;BRBMEFCBJR13;AGRIBUSINESS;-;-;-;-;-;-;-;-;-;21,04;-;-;-;-;-;-;-
BGIJ27P030000;BRBMEFVBJQL3;AGRIBUSINESS;-;-;-;-;-;-;-;-;-;0,29;-;-;-;-;-;-;-
BGIJ27P030500;BRBMEFVBJQM1;AGRIBUSINESS;-;-;-;-;-;-;-;-;-;0,41;-;-;-;-;-;-;-
BGIJ27P031000;BRBMEFVBJQN9;AGRIBUSINESS;-;-;-;-;-;-;-;-;-;0,58;-;-;-;-;-;-;-
BGIJ27P031500;BRBMEFVBJQO7;AGRIBUSINESS;-;-;-;-;-;-;-;-;-;0,79;-;-;-;-;-;-;-
BGIJ27P032000;BRBMEFVBJQP4;AGRIBUSINESS;-;-;-;-;-;-;-;-;-;1,06;-;-;-;-;-;-;-
BGIJ27P032500;BRBMEFVBJQQ2;AGRIBUSINESS;-;-;-;-;-;-;-;-;-;1,31;-;-;-;-;-;-;-
BGIJ27P033000;BRBMEFVBJQR0;AGRIBUSINESS;-;-;-;-;-;-;-;-;-;1,61;-;-;-;-;-;-;-
BGIJ27P033500;BRBMEFVBJQS8;AGRIBUSINESS;-;-;-;-;-;-;-;-;-;1,97;-;-;-;-;-;-;-
BGIJ27P034000;BRBMEFVBJQT6;AGRIBUSINESS;-;-;-;-;-;-;-;-;-;2,41;-;-;-;-;-;-;-
BGIJ27P034500;BRBMEFVBJQU4;AGRIBUSINESS;-;-;-;-;-;-;-;-;-;2,96;-;-;-;-;-;-;-
BGIJ27P035000;BRBMEFVBJQV2;AGRIBUSINESS;-;-;-;-;-;-;-;-;-;3,61;-;-;-;-;-;-;-
BGIJ27P035500;BRBMEFVBJQW0;AGRIBUSINESS;-;-;-;-;-;-;-;-;-;4,37;-;-;-;-;-;-;-
BGIJ27P036000;BRBMEFVBJQX8;AGRIBUSINESS;-;-;-;-;-;-;-;-;-;5,27;-;-;-;-;-;-;-
BGIJ27P036500;BRBMEFVBJQY6;AGRIBUSINESS;-;-;-;-;-;-;-;-;-;6,32;-;-;-;-;-;-;-
BGIJ27P037000;BRBMEFVBJQZ3;AGRIBUSINESS;-;-;-;-;-;-;-;-;-;7,66;-;-;-;-;-;-;-
BGIJ27P037500;BRBMEFVBJR02;AGRIBUSINESS;-;-;-;-;-;-;-;-;-;9,2;-;-;-;-;-;-;-
BGIJ27P038000;BRBMEFVBJR10;AGRIBUSINESS;-;-;-;-;-;-;-;-;-;10,95;-;-;-;-;-;-;-
BGIV26C038850;BRBMEFCB1MD2;AGRIBUSINESS;-;-;-;-;-;-;-;-;-;4,81;-;-;-;-;-;-;-
BGIV26P038850;BRBMEFVB1MC1;AGRIBUSINESS;-;-;-;-;-;-;-;-;-;5,35;-;-;-;-;-;-;-
BGIX26C040300;BRBMEFGI04D3;AGRIBUSINESS;-;-;-;-;-;-;-;-;-;4,8;-;-;-;-;-;-;-
BGIX26P040300;BRBMEFBG04B2;AGRIBUSINESS;-;-;-;-;-;-;-;-;-;12,95;-;-;-;-;-;-;-
BGIG27C033500;BRBMEFCBGUF3;AGRIBUSINESS;-;-;-;-;-;-;-;-;-;56,15;-;-;-;-;-;-;-
BGIG27P033500;BRBMEFVBGUF3;AGRIBUSINESS;-;-;-;-;-;-;-;-;-;1,06;-;-;-;-;-;-;-
BGIH27C033500;BRBMEFCBHS14;AGRIBUSINESS;-;-;-;-;-;-;-;-;-;56,63;-;-;-;-;-;-;-
BGIH27P033500;BRBMEFVBHS11;AGRIBUSINESS;-;-;-;-;-;-;-;-;-;1,41;-;-;-;-;-;-;-
BGIF27C039000;BRBMEFBC04A3;AGRIBUSINESS;-;-;-;-;-;-;-;-;-;13,95;-;-;-;-;-;-;-
BGIF27P039000;BRBMEFBF03O9;AGRIBUSINESS;-;-;-;-;-;-;-;-;-;10,49;-;-;-;-;-;-;-
BGIH27C035000;BRBMEFCBHS22;AGRIBUSINESS;-;-;-;-;-;-;-;-;-;43,77;-;-;-;-;-;-;-
BGIH27P035000;BRBMEFVBHS29;AGRIBUSINESS;-;-;-;-;-;-;-;-;-;2,69;-;-;-;-;-;-;-
BGIV26C038600;BRBMEFCB1ME0;AGRIBUSINESS;-;-;-;-;-;-;-;-;-;6,1;-;-;-;-;-;-;-
BGIV26P038600;BRBMEFVB1MD9;AGRIBUSINESS;-;-;-;-;-;-;-;-;-;4,17;-;-;-;-;-;-;-
BGIZ26C042000;BRBMEFCB26S8;AGRIBUSINESS;-;-;-;-;-;-;-;-;-;2,87;-;-;-;-;-;-;-
BGIZ26C042100;BRBMEFCB26T6;AGRIBUSINESS;-;-;-;-;-;-;-;-;-;2,73;-;-;-;-;-;-;-
BGIZ26P042000;BRBMEFBV26S8;AGRIBUSINESS;-;-;-;-;-;-;-;-;-;29,34;-;-;-;-;-;-;-
BGIZ26P042100;BRBMEFBV26T6;AGRIBUSINESS;-;-;-;-;-;-;-;-;-;30,18;-;-;-;-;-;-;-
BGIF27C042000;BRBMEFBC04B1;AGRIBUSINESS;-;-;-;-;-;-;-;-;-;4,12;-;-;-;-;-;-;-
BGIF27P042000;BRBMEFBF03P6;AGRIBUSINESS;-;-;-;-;-;-;-;-;-;29,51;-;-;-;-;-;-;-
BGIV26C038400;BRBMEFCB1MF7;AGRIBUSINESS;-;-;-;-;-;-;-;-;-;7,28;-;-;-;-;-;-;-
BGIV26P038400;BRBMEFVB1ME7;AGRIBUSINESS;-;-;-;-;-;-;-;-;-;3,36;-;-;-;-;-;-;-
BGIZ26C042800;BRBMEFCB26U4;AGRIBUSINESS;-;-;-;-;-;-;-;-;-;1,96;-;-;-;-;-;-;-
BGIZ26P042800;BRBMEFBV26U4;AGRIBUSINESS;-;-;-;-;-;-;-;-;-;36,2;-;-;-;-;-;-;-
BGIV26C037600;BRBMEFCB1MG5;AGRIBUSINESS;-;-;-;-;-;-;-;-;-;13,11;-;-;-;-;-;-;-
BGIV26P037600;BRBMEFVB1MF4;AGRIBUSINESS;-;-;-;-;-;-;-;-;-;1,27;-;-;-;-;-;-;-
BGIX26C042000;BRBMEFGI04E1;AGRIBUSINESS;-;-;-;-;-;-;-;-;-;1,4;-;-;-;-;-;-;-
BGIX26P042000;BRBMEFBG04C0;AGRIBUSINESS;-;-;-;-;-;-;-;-;-;26,24;-;-;-;-;-;-;-
BGIZ26C040200;BRBMEFCB26V2;AGRIBUSINESS;-;-;-;-;-;-;-;-;-;6,87;-;-;-;-;-;-;-
BGIZ26P040200;BRBMEFBV26V2;AGRIBUSINESS;-;-;-;-;-;-;-;-;-;15,85;-;-;-;-;-;-;-
BGIX26C040600;BRBMEFGI04F8;AGRIBUSINESS;-;-;-;-;-;-;-;-;-;3,91;-;-;-;-;-;-;-
BGIX26P040600;BRBMEFBG04D8;AGRIBUSINESS;-;-;-;-;-;-;-;-;-;15;-;-;-;-;-;-;-
BGIV26C039400;BRBMEFCB1MH3;AGRIBUSINESS;-;-;-;-;-;-;-;-;-;2,67;-;-;-;-;-;-;-
BGIV26P039400;BRBMEFVB1MG2;AGRIBUSINESS;-;-;-;-;-;-;-;-;-;8,66;-;-;-;-;-;-;-
BGIZ26C040700;BRBMEFCB26W0;AGRIBUSINESS;-;-;-;-;-;-;-;-;-;5,4;-;-;-;-;-;-;-
BGIZ26P040700;BRBMEFBV26W0;AGRIBUSINESS;-;-;-;-;-;-;-;-;-;19,24;-;-;-;-;-;-;-
ICFZ26C027500;BRBMEFCCXA70;AGRIBUSINESS;-;-;-;-;-;-;-;-;-;80,46;-;-;-;-;-;-;-
ICFZ26C028000;BRBMEFCCXA88;AGRIBUSINESS;-;-;-;-;-;-;-;-;-;75,74;-;-;-;-;-;-;-
ICFZ26C028500;BRBMEFCCXA96;AGRIBUSINESS;-;-;-;-;-;-;-;-;-;71,09;-;-;-;-;-;-;-
ICFZ26C029000;BRBMEFCCXAA9;AGRIBUSINESS;-;-;-;-;-;-;-;-;-;66,45;-;-;-;-;-;-;-
ICFZ26C029500;BRBMEFCCXAB7;AGRIBUSINESS;-;-;-;-;-;-;-;-;-;61,87;-;-;-;-;-;-;-
ICFZ26C030000;BRBMEFCCXAC5;AGRIBUSINESS;-;-;-;-;-;-;-;-;-;57,36;-;-;-;-;-;-;-
ICFZ26C030500;BRBMEFCCXAD3;AGRIBUSINESS;-;-;-;-;-;-;-;-;-;52,99;-;-;-;-;-;-;-
ICFZ26C031000;BRBMEFCCXAE1;AGRIBUSINESS;-;-;-;-;-;-;-;-;-;48,8;-;-;-;-;-;-;-
ICFZ26C031500;BRBMEFCCXAF8;AGRIBUSINESS;-;-;-;-;-;-;-;-;-;44,76;-;-;-;-;-;-;-
ICFZ26C032000;BRBMEFCCXAG6;AGRIBUSINESS;-;-;-;-;-;-;-;-;-;40,88;-;-;-;-;-;-;-
ICFZ26C032500;BRBMEFCCXAH4;AGRIBUSINESS;-;-;-;-;-;-;-;-;-;37,17;-;-;-;-;-;-;-
ICFZ26C033000;BRBMEFCCXAI2;AGRIBUSINESS;-;-;-;-;-;-;-;-;-;33,67;-;-;-;-;-;-;-
ICFZ26C033500;BRBMEFCCXAJ0;AGRIBUSINESS;-;-;-;-;-;-;-;-;-;30,44;-;-;-;-;-;-;-
ICFZ26C034000;BRBMEFCCXAK8;AGRIBUSINESS;-;-;-;-;-;-;-;-;-;27,42;-;-;-;-;-;-;-
ICFZ26C034500;BRBMEFCCXAL6;AGRIBUSINESS;-;-;-;-;-;-;-;-;-;24,63;-;-;-;-;-;-;-
ICFZ26C035000;BRBMEFCCXAM4;AGRIBUSINESS;-;-;-;-;-;-;-;-;-;22,06;-;-;-;-;-;-;-
ICFZ26C035500;BRBMEFCCXAN2;AGRIBUSINESS;-;-;-;-;-;-;-;-;-;19,7;-;-;-;-;-;-;-
ICFZ26C036000;BRBMEFCCXAO0;AGRIBUSINESS;-;-;-;-;-;-;-;-;-;17,54;-;-;-;-;-;-;-
ICFZ26C036500;BRBMEFCCXAP7;AGRIBUSINESS;-;-;-;-;-;-;-;-;-;15,58;-;-;-;-;-;-;-
ICFZ26C037000;BRBMEFCCXAQ5;AGRIBUSINESS;-;-;-;-;-;-;-;-;-;13,81;-;-;-;-;-;-;-
ICFZ26C037500;BRBMEFCCXAR3;AGRIBUSINESS;-;-;-;-;-;-;-;-;-;12,21;-;-;-;-;-;-;-
ICFZ26C038000;BRBMEFCCXAS1;AGRIBUSINESS;-;-;-;-;-;-;-;-;-;10,76;-;-;-;-;-;-;-
ICFZ26C038500;BRBMEFCCXAT9;AGRIBUSINESS;-;-;-;-;-;-;-;-;-;9,47;-;-;-;-;-;-;-
ICFZ26C039000;BRBMEFCCXAU7;AGRIBUSINESS;-;-;-;-;-;-;-;-;-;8,31;-;-;-;-;-;-;-
ICFZ26C039500;BRBMEFCCXAV5;AGRIBUSINESS;-;-;-;-;-;-;-;-;-;7,29;-;-;-;-;-;-;-
ICFZ26C040000;BRBMEFCCXAW3;AGRIBUSINESS;-;-;-;-;-;-;-;-;-;6,41;-;-;-;-;-;-;-
ICFZ26C040500;BRBMEFCCXAX1;AGRIBUSINESS;-;-;-;-;-;-;-;-;-;5,64;-;-;-;-;-;-;-
ICFZ26C041000;BRBMEFCCXAY9;AGRIBUSINESS;-;-;-;-;-;-;-;-;-;4,96;-;-;-;-;-;-;-
ICFZ26P027500;BRBMEFVCXB76;AGRIBUSINESS;-;-;-;-;-;-;-;-;-;0,56;-;-;-;-;-;-;-
ICFZ26P028000;BRBMEFVCXB84;AGRIBUSINESS;-;-;-;-;-;-;-;-;-;0,77;-;-;-;-;-;-;-
ICFZ26P028500;BRBMEFVCXB92;AGRIBUSINESS;-;-;-;-;-;-;-;-;-;1,05;-;-;-;-;-;-;-
ICFZ26P029000;BRBMEFVCXBA7;AGRIBUSINESS;-;-;-;-;-;-;-;-;-;1,34;-;-;-;-;-;-;-
ICFZ26P029500;BRBMEFVCXBB5;AGRIBUSINESS;-;-;-;-;-;-;-;-;-;1,69;-;-;-;-;-;-;-
ICFZ26P030000;BRBMEFVCXBC3;AGRIBUSINESS;-;-;-;-;-;-;-;-;-;2,12;-;-;-;-;-;-;-
ICFZ26P030500;BRBMEFVCXBD1;AGRIBUSINESS;-;-;-;-;-;-;-;-;-;2,68;-;-;-;-;-;-;-
ICFZ26P031000;BRBMEFVCXBE9;AGRIBUSINESS;-;-;-;-;-;-;-;-;-;3,43;-;-;-;-;-;-;-
ICFZ26P031500;BRBMEFVCXBF6;AGRIBUSINESS;-;-;-;-;-;-;-;-;-;4,31;-;-;-;-;-;-;-
ICFZ26P032000;BRBMEFVCXBG4;AGRIBUSINESS;-;-;-;-;-;-;-;-;-;5,36;-;-;-;-;-;-;-
ICFZ26P032500;BRBMEFVCXBH2;AGRIBUSINESS;-;-;-;-;-;-;-;-;-;6,59;-;-;-;-;-;-;-
ICFZ26P033000;BRBMEFVCXBI0;AGRIBUSINESS;-;-;-;-;-;-;-;-;-;8,02;-;-;-;-;-;-;-
ICFZ26P033500;BRBMEFVCXBJ8;AGRIBUSINESS;-;-;-;-;-;-;-;-;-;9,73;-;-;-;-;-;-;-
ICFZ26P034000;BRBMEFVCXBK6;AGRIBUSINESS;-;-;-;-;-;-;-;-;-;11,64;-;-;-;-;-;-;-
ICFZ26P034500;BRBMEFVCXBL4;AGRIBUSINESS;-;-;-;-;-;-;-;-;-;13,78;-;-;-;-;-;-;-
ICFZ26P035000;BRBMEFVCXBM2;AGRIBUSINESS;-;-;-;-;-;-;-;-;-;16,14;-;-;-;-;-;-;-
ICFZ26P035500;BRBMEFVCXBN0;AGRIBUSINESS;-;-;-;-;-;-;-;-;-;18,71;-;-;-;-;-;-;-
ICFZ26P036000;BRBMEFVCXBO8;AGRIBUSINESS;-;-;-;-;-;-;-;-;-;21,49;-;-;-;-;-;-;-
ICFZ26P036500;BRBMEFVCXBP5;AGRIBUSINESS;-;-;-;-;-;-;-;-;-;24,46;-;-;-;-;-;-;-
ICFZ26P037000;BRBMEFVCXBQ3;AGRIBUSINESS;-;-;-;-;-;-;-;-;-;27,62;-;-;-;-;-;-;-
ICFZ26P037500;BRBMEFVCXBR1;AGRIBUSINESS;-;-;-;-;-;-;-;-;-;30,95;-;-;-;-;-;-;-
ICFZ26P038000;BRBMEFVCXBS9;AGRIBUSINESS;-;-;-;-;-;-;-;-;-;34,44;-;-;-;-;-;-;-
ICFZ26P038500;BRBMEFVCXBT7;AGRIBUSINESS;-;-;-;-;-;-;-;-;-;38,08;-;-;-;-;-;-;-
ICFZ26P039000;BRBMEFVCXBU5;AGRIBUSINESS;-;-;-;-;-;-;-;-;-;41,85;-;-;-;-;-;-;-
ICFZ26P039500;BRBMEFVCXBV3;AGRIBUSINESS;-;-;-;-;-;-;-;-;-;45,76;-;-;-;-;-;-;-
ICFZ26P040000;BRBMEFVCXBW1;AGRIBUSINESS;-;-;-;-;-;-;-;-;-;49,81;-;-;-;-;-;-;-
ICFZ26P040500;BRBMEFVCXBX9;AGRIBUSINESS;-;-;-;-;-;-;-;-;-;53,97;-;-;-;-;-;-;-
ICFZ26P041000;BRBMEFVCXBY7;AGRIBUSINESS;-;-;-;-;-;-;-;-;-;58,23;-;-;-;-;-;-;-
ICFH27C030000;BRBMEFCCG8W4;AGRIBUSINESS;-;-;-;-;-;-;-;-;-;60,46;-;-;-;-;-;-;-
ICFH27C030500;BRBMEFCCG8X2;AGRIBUSINESS;-;-;-;-;-;-;-;-;-;57,02;-;-;-;-;-;-;-
ICFH27C031000;BRBMEFCCG8Y0;AGRIBUSINESS;-;-;-;-;-;-;-;-;-;53,69;-;-;-;-;-;-;-
ICFH27C031500;BRBMEFCCG8Z7;AGRIBUSINESS;-;-;-;-;-;-;-;-;-;50,54;-;-;-;-;-;-;-
ICFH27C032000;BRBMEFCCG907;AGRIBUSINESS;-;-;-;-;-;-;-;-;-;47,52;-;-;-;-;-;-;-
ICFH27C032500;BRBMEFCCG915;AGRIBUSINESS;-;-;-;-;-;-;-;-;-;44,63;-;-;-;-;-;-;-
ICFH27C033000;BRBMEFCCG923;AGRIBUSINESS;-;-;-;-;-;-;-;-;-;41,88;-;-;-;-;-;-;-
ICFH27C033500;BRBMEFCCG931;AGRIBUSINESS;-;-;-;-;-;-;-;-;-;39,25;-;-;-;-;-;-;-
ICFH27C034000;BRBMEFCCG949;AGRIBUSINESS;-;-;-;-;-;-;-;-;-;36,76;-;-;-;-;-;-;-
ICFH27C034500;BRBMEFCCG956;AGRIBUSINESS;-;-;-;-;-;-;-;-;-;34,4;-;-;-;-;-;-;-
ICFH27C035000;BRBMEFCCG964;AGRIBUSINESS;-;-;-;-;-;-;-;-;-;32,17;-;-;-;-;-;-;-
ICFH27C035500;BRBMEFCCG972;AGRIBUSINESS;-;-;-;-;-;-;-;-;-;30,06;-;-;-;-;-;-;-
ICFH27C036000;BRBMEFCCG980;AGRIBUSINESS;-;-;-;-;-;-;-;-;-;28,06;-;-;-;-;-;-;-
ICFH27C036500;BRBMEFCCG998;AGRIBUSINESS;-;-;-;-;-;-;-;-;-;26,19;-;-;-;-;-;-;-
ICFH27P030000;BRBMEFVCG8W1;AGRIBUSINESS;-;-;-;-;-;-;-;-;-;9,41;-;-;-;-;-;-;-
ICFH27P030500;BRBMEFVCG8X9;AGRIBUSINESS;-;-;-;-;-;-;-;-;-;10,75;-;-;-;-;-;-;-
ICFH27P031000;BRBMEFVCG8Y7;AGRIBUSINESS;-;-;-;-;-;-;-;-;-;12,22;-;-;-;-;-;-;-
ICFH27P031500;BRBMEFVCG8Z4;AGRIBUSINESS;-;-;-;-;-;-;-;-;-;13,85;-;-;-;-;-;-;-
ICFH27P032000;BRBMEFVCG907;AGRIBUSINESS;-;-;-;-;-;-;-;-;-;15,62;-;-;-;-;-;-;-
ICFH27P032500;BRBMEFVCG915;AGRIBUSINESS;-;-;-;-;-;-;-;-;-;17,53;-;-;-;-;-;-;-
ICFH27P033000;BRBMEFVCG923;AGRIBUSINESS;-;-;-;-;-;-;-;-;-;19,56;-;-;-;-;-;-;-
ICFH27P033500;BRBMEFVCG931;AGRIBUSINESS;-;-;-;-;-;-;-;-;-;21,72;-;-;-;-;-;-;-
ICFH27P034000;BRBMEFVCG949;AGRIBUSINESS;-;-;-;-;-;-;-;-;-;24,02;-;-;-;-;-;-;-
ICFH27P034500;BRBMEFVCG956;AGRIBUSINESS;-;-;-;-;-;-;-;-;-;26,45;-;-;-;-;-;-;-
ICFH27P035000;BRBMEFVCG964;AGRIBUSINESS;-;-;-;-;-;-;-;-;-;29,01;-;-;-;-;-;-;-
ICFH27P035500;BRBMEFVCG972;AGRIBUSINESS;-;-;-;-;-;-;-;-;-;31,68;-;-;-;-;-;-;-
ICFH27P036000;BRBMEFVCG980;AGRIBUSINESS;-;-;-;-;-;-;-;-;-;34,48;-;-;-;-;-;-;-
ICFH27P036500;BRBMEFVCG998;AGRIBUSINESS;-;-;-;-;-;-;-;-;-;37,4;-;-;-;-;-;-;-
ICFU27C028500;BRBMEFCCQCA9;AGRIBUSINESS;-;-;-;-;-;-;-;-;-;60,32;-;-;-;-;-;-;-
ICFU27C029000;BRBMEFCCQCB7;AGRIBUSINESS;-;-;-;-;-;-;-;-;-;57,49;-;-;-;-;-;-;-
ICFU27C029500;BRBMEFCCQCC5;AGRIBUSINESS;-;-;-;-;-;-;-;-;-;54,76;-;-;-;-;-;-;-
ICFU27C030000;BRBMEFCCQCD3;AGRIBUSINESS;-;-;-;-;-;-;-;-;-;52,14;-;-;-;-;-;-;-
ICFU27C030500;BRBMEFCCQCE1;AGRIBUSINESS;-;-;-;-;-;-;-;-;-;49,62;-;-;-;-;-;-;-
ICFU27C031000;BRBMEFCCQCF8;AGRIBUSINESS;-;-;-;-;-;-;-;-;-;47,2;-;-;-;-;-;-;-
ICFU27C031500;BRBMEFCCQCG6;AGRIBUSINESS;-;-;-;-;-;-;-;-;-;44,88;-;-;-;-;-;-;-
ICFU27C032000;BRBMEFCCQCH4;AGRIBUSINESS;-;-;-;-;-;-;-;-;-;42,66;-;-;-;-;-;-;-
ICFU27C032500;BRBMEFCCQCI2;AGRIBUSINESS;-;-;-;-;-;-;-;-;-;40,56;-;-;-;-;-;-;-
ICFU27C033000;BRBMEFCCQCJ0;AGRIBUSINESS;-;-;-;-;-;-;-;-;-;38,56;-;-;-;-;-;-;-
ICFU27C033500;BRBMEFCCQCK8;AGRIBUSINESS;-;-;-;-;-;-;-;-;-;36,64;-;-;-;-;-;-;-
ICFU27C034000;BRBMEFCCQCL6;AGRIBUSINESS;-;-;-;-;-;-;-;-;-;34,81;-;-;-;-;-;-;-
ICFU27C034500;BRBMEFCCQCM4;AGRIBUSINESS;-;-;-;-;-;-;-;-;-;33,07;-;-;-;-;-;-;-
ICFU27C035000;BRBMEFCCQCN2;AGRIBUSINESS;-;-;-;-;-;-;-;-;-;31,41;-;-;-;-;-;-;-
ICFU27P028500;BRBMEFVCQCC5;AGRIBUSINESS;-;-;-;-;-;-;-;-;-;15,71;-;-;-;-;-;-;-
ICFU27P029000;BRBMEFVCQCD3;AGRIBUSINESS;-;-;-;-;-;-;-;-;-;17,39;-;-;-;-;-;-;-
ICFU27P029500;BRBMEFVCQCE1;AGRIBUSINESS;-;-;-;-;-;-;-;-;-;19,17;-;-;-;-;-;-;-
ICFU27P030000;BRBMEFVCQCF8;AGRIBUSINESS;-;-;-;-;-;-;-;-;-;21,07;-;-;-;-;-;-;-
ICFU27P030500;BRBMEFVCQCG6;AGRIBUSINESS;-;-;-;-;-;-;-;-;-;23,05;-;-;-;-;-;-;-
ICFU27P031000;BRBMEFVCQCH4;AGRIBUSINESS;-;-;-;-;-;-;-;-;-;25,14;-;-;-;-;-;-;-
ICFU27P031500;BRBMEFVCQCI2;AGRIBUSINESS;-;-;-;-;-;-;-;-;-;27,33;-;-;-;-;-;-;-
ICFU27P032000;BRBMEFVCQCJ0;AGRIBUSINESS;-;-;-;-;-;-;-;-;-;29,63;-;-;-;-;-;-;-
ICFU27P032500;BRBMEFVCQCK8;AGRIBUSINESS;-;-;-;-;-;-;-;-;-;32,04;-;-;-;-;-;-;-
ICFU27P033000;BRBMEFVCQCL6;AGRIBUSINESS;-;-;-;-;-;-;-;-;-;34,54;-;-;-;-;-;-;-
ICFU27P033500;BRBMEFVCQCM4;AGRIBUSINESS;-;-;-;-;-;-;-;-;-;37,14;-;-;-;-;-;-;-
ICFU27P034000;BRBMEFVCQCN2;AGRIBUSINESS;-;-;-;-;-;-;-;-;-;39,82;-;-;-;-;-;-;-
ICFU27P034500;BRBMEFVCQCO0;AGRIBUSINESS;-;-;-;-;-;-;-;-;-;42,59;-;-;-;-;-;-;-
ICFU27P035000;BRBMEFVCQCP7;AGRIBUSINESS;-;-;-;-;-;-;-;-;-;45,44;-;-;-;-;-;-;-
ICFZ26C043000;BRBMEFCCXAZ6;AGRIBUSINESS;-;-;-;-;-;-;-;-;-;2,97;-;-;-;-;-;-;-
ICFZ26P043000;BRBMEFVCXBZ4;AGRIBUSINESS;-;-;-;-;-;-;-;-;-;75,97;-;-;-;-;-;-;-
ICFH27C019000;BRBMEFCCG9A8;AGRIBUSINESS;-;-;-;-;-;-;-;-;-;156,47;-;-;-;-;-;-;-
ICFH27P019000;BRBMEFVCG9A5;AGRIBUSINESS;-;-;-;-;-;-;-;-;-;0,06;-;-;-;-;-;-;-
ICFZ26C019000;BRBMEFCCXB04;AGRIBUSINESS;-;-;-;-;-;-;-;-;-;163,75;-;-;-;-;-;-;-
ICFZ26P019000;BRBMEFVCXC00;AGRIBUSINESS;-;-;-;-;-;-;-;-;-;0,01;-;-;-;-;-;-;-
ICFZ26C037250;BRBMEFCCXB20;AGRIBUSINESS;-;-;-;-;-;-;-;-;-;12,98;-;-;-;-;-;-;-
ICFZ26C037750;BRBMEFCCXB38;AGRIBUSINESS;-;-;-;-;-;-;-;-;-;11,47;-;-;-;-;-;-;-
ICFZ26C042500;BRBMEFCCXB12;AGRIBUSINESS;-;-;-;-;-;-;-;-;-;3,37;-;-;-;-;-;-;-
ICFZ26C044000;BRBMEFCCXB46;AGRIBUSINESS;-;-;-;-;-;-;-;-;-;2,31;-;-;-;-;-;-;-
ICFZ26C045000;BRBMEFCCXB53;AGRIBUSINESS;-;-;-;-;-;-;-;-;-;1,85;-;-;-;-;-;-;-
ICFZ26C050000;BRBMEFCCXB61;AGRIBUSINESS;-;-;-;-;-;-;-;-;-;0,49;-;-;-;-;-;-;-
ICFZ26P037250;BRBMEFVCXC26;AGRIBUSINESS;-;-;-;-;-;-;-;-;-;29,26;-;-;-;-;-;-;-
ICFZ26P037750;BRBMEFVCXC34;AGRIBUSINESS;-;-;-;-;-;-;-;-;-;32,68;-;-;-;-;-;-;-
ICFZ26P042500;BRBMEFVCXC18;AGRIBUSINESS;-;-;-;-;-;-;-;-;-;71,44;-;-;-;-;-;-;-
ICFZ26P044000;BRBMEFVCXC42;AGRIBUSINESS;-;-;-;-;-;-;-;-;-;85,18;-;-;-;-;-;-;-
ICFZ26P045000;BRBMEFVCXC59;AGRIBUSINESS;-;-;-;-;-;-;-;-;-;94,57;-;-;-;-;-;-;-
ICFZ26P050000;BRBMEFVCXC67;AGRIBUSINESS;-;-;-;-;-;-;-;-;-;142,54;-;-;-;-;-;-;-
ICFU27C040000;BRBMEFCCQCP7;AGRIBUSINESS;-;-;-;-;-;-;-;-;-;18,9;-;-;-;-;-;-;-
ICFU27C042000;BRBMEFCCQCO0;AGRIBUSINESS;-;-;-;-;-;-;-;-;-;15,51;-;-;-;-;-;-;-
ICFU27P040000;BRBMEFVCQCR3;AGRIBUSINESS;-;-;-;-;-;-;-;-;-;78,04;-;-;-;-;-;-;-
ICFU27P042000;BRBMEFVCQCQ5;AGRIBUSINESS;-;-;-;-;-;-;-;-;-;92,68;-;-;-;-;-;-;-
ICFH27C040000;BRBMEFCCG9B6;AGRIBUSINESS;-;-;-;-;-;-;-;-;-;16,07;-;-;-;-;-;-;-
ICFH27P040000;BRBMEFVCG9B3;AGRIBUSINESS;-;-;-;-;-;-;-;-;-;60,8;-;-;-;-;-;-;-
ICFZ26C033250;BRBMEFCCXB79;AGRIBUSINESS;-;-;-;-;-;-;-;-;-;32,03;-;-;-;-;-;-;-
ICFZ26P033250;BRBMEFVCXC75;AGRIBUSINESS;-;-;-;-;-;-;-;-;-;8,85;-;-;-;-;-;-;-
ICFU27C028000;BRBMEFCCQCQ5;AGRIBUSINESS;-;-;-;-;-;-;-;-;-;63,3;-;-;-;-;-;-;-
ICFU27C036000;BRBMEFCCQCR3;AGRIBUSINESS;-;-;-;-;-;-;-;-;-;28,35;-;-;-;-;-;-;-
ICFU27P028000;BRBMEFVCQCS1;AGRIBUSINESS;-;-;-;-;-;-;-;-;-;14,18;-;-;-;-;-;-;-
ICFU27P036000;BRBMEFVCQCT9;AGRIBUSINESS;-;-;-;-;-;-;-;-;-;51,4;-;-;-;-;-;-;-
ETHH27C298000;BRBMEFCETMP6;AGRIBUSINESS;-;-;-;-;-;-;-;-;-;44,15;-;-;-;-;-;-;-
ETHH27C320000;BRBMEFCETMQ4;AGRIBUSINESS;-;-;-;-;-;-;-;-;-;20,66;-;-;-;-;-;-;-
ETHH27P298000;BRBMEFVETMP6;AGRIBUSINESS;-;-;-;-;-;-;-;-;-;288,89;-;-;-;-;-;-;-
ETHH27P320000;BRBMEFVETMQ4;AGRIBUSINESS;-;-;-;-;-;-;-;-;-;472,88;-;-;-;-;-;-;-
ETHF27C250000;BRBMEFCETMT8;AGRIBUSINESS;-;-;-;-;-;-;-;-;-;387,37;-;-;-;-;-;-;-
ETHF27P250000;BRBMEFVETMT8;AGRIBUSINESS;-;-;-;-;-;-;-;-;-;19,11;-;-;-;-;-;-;-
ETHG27C250000;BRBMEFCETMU6;AGRIBUSINESS;-;-;-;-;-;-;-;-;-;389,62;-;-;-;-;-;-;-
ETHG27P250000;BRBMEFVETMU6;AGRIBUSINESS;-;-;-;-;-;-;-;-;-;24,56;-;-;-;-;-;-;-
ETHH27C250000;BRBMEFCETMV4;AGRIBUSINESS;-;-;-;-;-;-;-;-;-;259,65;-;-;-;-;-;-;-
ETHH27P250000;BRBMEFVETMV4;AGRIBUSINESS;-;-;-;-;-;-;-;-;-;51,7;-;-;-;-;-;-;-
ETHZ26C250000;BRBMEFCETMX0;AGRIBUSINESS;-;-;-;-;-;-;-;-;-;353,72;-;-;-;-;-;-;-
ETHZ26P250000;BRBMEFVETMX0;AGRIBUSINESS;-;-;-;-;-;-;-;-;-;14,69;-;-;-;-;-;-;-
ETHV26C235000;BRBMEFCETMY8;AGRIBUSINESS;-;-;-;-;-;-;-;-;-;369,82;-;-;-;-;-;-;-
ETHV26P235000;BRBMEFVETMY8;AGRIBUSINESS;-;-;-;-;-;-;-;-;-;0,71;-;-;-;-;-;-;-
CCMX26C005000;BRBMEFFM08L1;AGRIBUSINESS;-;-;-;-;-;-;-;-;-;20,24;-;-;-;-;-;-;-
CCMX26C008000;BRBMEFFM08M9;AGRIBUSINESS;-;-;-;-;-;-;-;-;-;0,01;-;-;-;-;-;-;-
CCMX26P005000;BRBMEFOV08P5;AGRIBUSINESS;-;-;-;-;-;-;-;-;-;0,01;-;-;-;-;-;-;-
CCMX26P008000;BRBMEFOV08Q3;AGRIBUSINESS;-;-;-;-;-;-;-;-;-;9,34;-;-;-;-;-;-;-
CCMX26C006500;BRBMEFFM09O3;AGRIBUSINESS;-;-;-;-;-;-;-;-;-;5,47;-;-;-;-;-;-;-
CCMX26C007000;BRBMEFFM09P0;AGRIBUSINESS;-;-;-;-;-;-;-;-;-;1,24;-;-;-;-;-;-;-
CCMX26C007600;BRBMEFFM09Q8;AGRIBUSINESS;-;-;-;-;-;-;-;-;-;0,07;-;-;-;-;-;-;-
CCMX26P006500;BRBMEFOV09S7;AGRIBUSINESS;-;-;-;-;-;-;-;-;-;0,02;-;-;-;-;-;-;-
CCMX26P007000;BRBMEFOV09T5;AGRIBUSINESS;-;-;-;-;-;-;-;-;-;0,71;-;-;-;-;-;-;-
CCMX26P007600;BRBMEFOV09U3;AGRIBUSINESS;-;-;-;-;-;-;-;-;-;5,46;-;-;-;-;-;-;-
CCMX26C007500;BRBMEFFM09R6;AGRIBUSINESS;-;-;-;-;-;-;-;-;-;0,11;-;-;-;-;-;-;-
CCMX26P007500;BRBMEFOV09V1;AGRIBUSINESS;-;-;-;-;-;-;-;-;-;4,51;-;-;-;-;-;-;-
CCMX26C007200;BRBMEFFM0AG6;AGRIBUSINESS;-;-;-;-;-;-;-;-;-;0,45;-;-;-;-;-;-;-
CCMX26C007700;BRBMEFFM0AH4;AGRIBUSINESS;-;-;-;-;-;-;-;-;-;0,04;-;-;-;-;-;-;-
CCMX26P007200;BRBMEFOV0AK6;AGRIBUSINESS;-;-;-;-;-;-;-;-;-;1,9;-;-;-;-;-;-;-
CCMX26P007700;BRBMEFOV0AL4;AGRIBUSINESS;-;-;-;-;-;-;-;-;-;6,41;-;-;-;-;-;-;-
CCMX26C005500;BRBMEFFM0AM4;AGRIBUSINESS;-;-;-;-;-;-;-;-;-;15,31;-;-;-;-;-;-;-
CCMX26C009000;BRBMEFFM0AN2;AGRIBUSINESS;-;-;-;-;-;-;-;-;-;0,01;-;-;-;-;-;-;-
CCMX26P005500;BRBMEFOV0AQ3;AGRIBUSINESS;-;-;-;-;-;-;-;-;-;0,01;-;-;-;-;-;-;-
CCMX26P009000;BRBMEFOV0AR1;AGRIBUSINESS;-;-;-;-;-;-;-;-;-;19,2;-;-;-;-;-;-;-
CCMX26C005600;BRBMEFFM0AO0;AGRIBUSINESS;-;-;-;-;-;-;-;-;-;14,33;-;-;-;-;-;-;-
CCMX26C005700;BRBMEFFM0AP7;AGRIBUSINESS;-;-;-;-;-;-;-;-;-;13,34;-;-;-;-;-;-;-
CCMX26C005800;BRBMEFFM0AQ5;AGRIBUSINESS;-;-;-;-;-;-;-;-;-;12,35;-;-;-;-;-;-;-
CCMX26C005900;BRBMEFFM0AR3;AGRIBUSINESS;-;-;-;-;-;-;-;-;-;11,37;-;-;-;-;-;-;-
CCMX26C006000;BRBMEFFM0AS1;AGRIBUSINESS;-;-;-;-;-;-;-;-;-;10,38;-;-;-;-;-;-;-
CCMX26C006100;BRBMEFFM0AT9;AGRIBUSINESS;-;-;-;-;-;-;-;-;-;9,4;-;-;-;-;-;-;-
CCMX26C006200;BRBMEFFM0AU7;AGRIBUSINESS;-;-;-;-;-;-;-;-;-;8,41;-;-;-;-;-;-;-
CCMX26C006300;BRBMEFFM0AV5;AGRIBUSINESS;-;-;-;-;-;-;-;-;-;7,43;-;-;-;-;-;-;-
CCMX26C006400;BRBMEFFM0AW3;AGRIBUSINESS;-;-;-;-;-;-;-;-;-;6,45;-;-;-;-;-;-;-
CCMX26C008100;BRBMEFFM0AX1;AGRIBUSINESS;-;-;-;-;-;-;-;-;-;0,01;-;-;-;-;-;-;-
CCMX26C008200;BRBMEFFM0AY9;AGRIBUSINESS;-;-;-;-;-;-;-;-;-;0,01;-;-;-;-;-;-;-
CCMX26C008300;BRBMEFFM0AZ6;AGRIBUSINESS;-;-;-;-;-;-;-;-;-;0,01;-;-;-;-;-;-;-
CCMX26C008400;BRBMEFFM0B09;AGRIBUSINESS;-;-;-;-;-;-;-;-;-;0,01;-;-;-;-;-;-;-
CCMX26C008500;BRBMEFFM0B17;AGRIBUSINESS;-;-;-;-;-;-;-;-;-;0,01;-;-;-;-;-;-;-
CCMX26C008600;BRBMEFFM0B25;AGRIBUSINESS;-;-;-;-;-;-;-;-;-;0,01;-;-;-;-;-;-;-
CCMX26C008700;BRBMEFFM0B33;AGRIBUSINESS;-;-;-;-;-;-;-;-;-;0,01;-;-;-;-;-;-;-
CCMX26C008800;BRBMEFFM0B41;AGRIBUSINESS;-;-;-;-;-;-;-;-;-;0,01;-;-;-;-;-;-;-
CCMX26C008900;BRBMEFFM0B58;AGRIBUSINESS;-;-;-;-;-;-;-;-;-;0,01;-;-;-;-;-;-;-
CCMX26P005600;BRBMEFOV0AS9;AGRIBUSINESS;-;-;-;-;-;-;-;-;-;0,01;-;-;-;-;-;-;-
CCMX26P005700;BRBMEFOV0AT7;AGRIBUSINESS;-;-;-;-;-;-;-;-;-;0,01;-;-;-;-;-;-;-
CCMX26P005800;BRBMEFOV0AU5;AGRIBUSINESS;-;-;-;-;-;-;-;-;-;0,01;-;-;-;-;-;-;-
CCMX26P005900;BRBMEFOV0AV3;AGRIBUSINESS;-;-;-;-;-;-;-;-;-;0,01;-;-;-;-;-;-;-
CCMX26P006000;BRBMEFOV0AW1;AGRIBUSINESS;-;-;-;-;-;-;-;-;-;0,01;-;-;-;-;-;-;-
CCMX26P006100;BRBMEFOV0AX9;AGRIBUSINESS;-;-;-;-;-;-;-;-;-;0,01;-;-;-;-;-;-;-
CCMX26P006200;BRBMEFOV0AY7;AGRIBUSINESS;-;-;-;-;-;-;-;-;-;0,01;-;-;-;-;-;-;-
CCMX26P006300;BRBMEFOV0AZ4;AGRIBUSINESS;-;-;-;-;-;-;-;-;-;0,01;-;-;-;-;-;-;-
CCMX26P006400;BRBMEFOV0B02;AGRIBUSINESS;-;-;-;-;-;-;-;-;-;0,01;-;-;-;-;-;-;-
CCMX26P008100;BRBMEFOV0B10;AGRIBUSINESS;-;-;-;-;-;-;-;-;-;10,32;-;-;-;-;-;-;-
CCMX26P008200;BRBMEFOV0B28;AGRIBUSINESS;-;-;-;-;-;-;-;-;-;11,31;-;-;-;-;-;-;-
CCMX26P008300;BRBMEFOV0B36;AGRIBUSINESS;-;-;-;-;-;-;-;-;-;12,3;-;-;-;-;-;-;-
CCMX26P008400;BRBMEFOV0B44;AGRIBUSINESS;-;-;-;-;-;-;-;-;-;13,28;-;-;-;-;-;-;-
CCMX26P008500;BRBMEFOV0B51;AGRIBUSINESS;-;-;-;-;-;-;-;-;-;14,27;-;-;-;-;-;-;-
CCMX26P008600;BRBMEFOV0B69;AGRIBUSINESS;-;-;-;-;-;-;-;-;-;15,25;-;-;-;-;-;-;-
CCMX26P008700;BRBMEFOV0B77;AGRIBUSINESS;-;-;-;-;-;-;-;-;-;16,24;-;-;-;-;-;-;-
CCMX26P008800;BRBMEFOV0B85;AGRIBUSINESS;-;-;-;-;-;-;-;-;-;17,22;-;-;-;-;-;-;-
CCMX26P008900;BRBMEFOV0B93;AGRIBUSINESS;-;-;-;-;-;-;-;-;-;18,21;-;-;-;-;-;-;-
CCMX26C007950;BRBMEFFM0BO8;AGRIBUSINESS;-;-;-;-;-;-;-;-;-;0,01;-;-;-;-;-;-;-
CCMX26P007950;BRBMEFOV0BS7;AGRIBUSINESS;-;-;-;-;-;-;-;-;-;8,85;-;-;-;-;-;-;-
CCMF27C006800;BRBMEFFM0BV3;AGRIBUSINESS;-;-;-;-;-;-;-;-;-;6,94;-;-;-;-;-;-;-
CCMF27C006850;BRBMEFFM0BW1;AGRIBUSINESS;-;-;-;-;-;-;-;-;-;6,49;-;-;-;-;-;-;-
CCMF27C007500;BRBMEFFM0BX9;AGRIBUSINESS;-;-;-;-;-;-;-;-;-;1,89;-;-;-;-;-;-;-
CCMF27C008000;BRBMEFFM0BY7;AGRIBUSINESS;-;-;-;-;-;-;-;-;-;0,53;-;-;-;-;-;-;-
CCMF27P006800;BRBMEFOV0BZ2;AGRIBUSINESS;-;-;-;-;-;-;-;-;-;0,14;-;-;-;-;-;-;-
CCMF27P006850;BRBMEFOV0C01;AGRIBUSINESS;-;-;-;-;-;-;-;-;-;0,17;-;-;-;-;-;-;-
CCMF27P007500;BRBMEFOV0C19;AGRIBUSINESS;1,5;1,5;1,5;1,5;1,5;-26,82;-;-;-;1,85;-;-;-;-;1;200;135000
CCMF27P008000;BRBMEFOV0C27;AGRIBUSINESS;-;-;-;-;-;-;-;-;-;5,32;-;-;-;-;-;-;-
CCMX26C006550;BRBMEFFM0C16;AGRIBUSINESS;-;-;-;-;-;-;-;-;-;4,99;-;-;-;-;-;-;-
CCMX26P006550;BRBMEFOV0C50;AGRIBUSINESS;-;-;-;-;-;-;-;-;-;0,04;-;-;-;-;-;-;-
CCMX26C006900;BRBMEFFM0C73;AGRIBUSINESS;-;-;-;-;-;-;-;-;-;1,89;-;-;-;-;-;-;-
CCMX26P006900;BRBMEFOV0CB1;AGRIBUSINESS;0,28;0,28;0,28;0,28;0,28;40;-;-;-;0,38;-;-;-;-;1;100;12600
CCMX26C006700;BRBMEFFM0CB3;AGRIBUSINESS;-;-;-;-;-;-;-;-;-;3,59;-;-;-;-;-;-;-
CCMX26C007400;BRBMEFFM0CC1;AGRIBUSINESS;-;-;-;-;-;-;-;-;-;0,17;-;-;-;-;-;-;-
CCMX26P006700;BRBMEFOV0CF2;AGRIBUSINESS;-;-;-;-;-;-;-;-;-;0,11;-;-;-;-;-;-;-
CCMX26P007400;BRBMEFOV0CG0;AGRIBUSINESS;-;-;-;-;-;-;-;-;-;3,59;-;-;-;-;-;-;-
CCMX26C007900;BRBMEFFM0CN8;AGRIBUSINESS;-;-;-;-;-;-;-;-;-;0,01;-;-;-;-;-;-;-
CCMX26P007900;BRBMEFOV0CR7;AGRIBUSINESS;-;-;-;-;-;-;-;-;-;8,36;-;-;-;-;-;-;-
CCMH27C007000;BRBMEFFM0CS7;AGRIBUSINESS;-;-;-;-;-;-;-;-;-;7,91;-;-;-;-;-;-;-
CCMH27C007050;BRBMEFFM0CT5;AGRIBUSINESS;-;-;-;-;-;-;-;-;-;7,48;-;-;-;-;-;-;-
CCMH27C007100;BRBMEFFM0CU3;AGRIBUSINESS;-;-;-;-;-;-;-;-;-;7,06;-;-;-;-;-;-;-
CCMH27C007150;BRBMEFFM0CV1;AGRIBUSINESS;-;-;-;-;-;-;-;-;-;6,65;-;-;-;-;-;-;-
CCMH27C007200;BRBMEFFM0CW9;AGRIBUSINESS;-;-;-;-;-;-;-;-;-;6,24;-;-;-;-;-;-;-
CCMH27C007250;BRBMEFFM0CX7;AGRIBUSINESS;-;-;-;-;-;-;-;-;-;5,85;-;-;-;-;-;-;-
CCMH27C007300;BRBMEFFM0CY5;AGRIBUSINESS;-;-;-;-;-;-;-;-;-;5,46;-;-;-;-;-;-;-
CCMH27C007350;BRBMEFFM0CZ2;AGRIBUSINESS;-;-;-;-;-;-;-;-;-;5,08;-;-;-;-;-;-;-
CCMH27C007400;BRBMEFFM0D07;AGRIBUSINESS;-;-;-;-;-;-;-;-;-;4,72;-;-;-;-;-;-;-
CCMH27C007450;BRBMEFFM0CQ1;AGRIBUSINESS;-;-;-;-;-;-;-;-;-;4,37;-;-;-;-;-;-;-
CCMH27C007500;BRBMEFFM0CR9;AGRIBUSINESS;-;-;-;-;-;-;-;-;-;4,04;-;-;-;-;-;-;-
CCMH27C007550;BRBMEFFM0D15;AGRIBUSINESS;-;-;-;-;-;-;-;-;-;3,73;-;-;-;-;-;-;-
CCMH27C007600;BRBMEFFM0D23;AGRIBUSINESS;-;-;-;-;-;-;-;-;-;3,43;-;-;-;-;-;-;-
CCMH27C007650;BRBMEFFM0D31;AGRIBUSINESS;-;-;-;-;-;-;-;-;-;3,15;-;-;-;-;-;-;-
CCMH27C007700;BRBMEFFM0D49;AGRIBUSINESS;-;-;-;-;-;-;-;-;-;2,88;-;-;-;-;-;-;-
CCMH27P007000;BRBMEFOV0CW7;AGRIBUSINESS;-;-;-;-;-;-;-;-;-;0,3;-;-;-;-;-;-;-
CCMH27P007050;BRBMEFOV0CX5;AGRIBUSINESS;-;-;-;-;-;-;-;-;-;0,34;-;-;-;-;-;-;-
CCMH27P007100;BRBMEFOV0CY3;AGRIBUSINESS;-;-;-;-;-;-;-;-;-;0,4;-;-;-;-;-;-;-
CCMH27P007150;BRBMEFOV0CZ0;AGRIBUSINESS;-;-;-;-;-;-;-;-;-;0,46;-;-;-;-;-;-;-
CCMH27P007200;BRBMEFOV0D00;AGRIBUSINESS;-;-;-;-;-;-;-;-;-;0,53;-;-;-;-;-;-;-
CCMH27P007250;BRBMEFOV0D18;AGRIBUSINESS;-;-;-;-;-;-;-;-;-;0,6;-;-;-;-;-;-;-
CCMH27P007300;BRBMEFOV0D26;AGRIBUSINESS;-;-;-;-;-;-;-;-;-;0,69;-;-;-;-;-;-;-
CCMH27P007350;BRBMEFOV0D34;AGRIBUSINESS;-;-;-;-;-;-;-;-;-;0,79;-;-;-;-;-;-;-
CCMH27P007400;BRBMEFOV0D42;AGRIBUSINESS;-;-;-;-;-;-;-;-;-;0,9;-;-;-;-;-;-;-
CCMH27P007450;BRBMEFOV0CU1;AGRIBUSINESS;-;-;-;-;-;-;-;-;-;1,02;-;-;-;-;-;-;-
CCMH27P007500;BRBMEFOV0CV9;AGRIBUSINESS;-;-;-;-;-;-;-;-;-;1,17;-;-;-;-;-;-;-
CCMH27P007550;BRBMEFOV0D59;AGRIBUSINESS;-;-;-;-;-;-;-;-;-;1,33;-;-;-;-;-;-;-
CCMH27P007600;BRBMEFOV0D67;AGRIBUSINESS;-;-;-;-;-;-;-;-;-;1,5;-;-;-;-;-;-;-
CCMH27P007650;BRBMEFOV0D75;AGRIBUSINESS;-;-;-;-;-;-;-;-;-;1,69;-;-;-;-;-;-;-
CCMH27P007700;BRBMEFOV0D83;AGRIBUSINESS;-;-;-;-;-;-;-;-;-;1,91;-;-;-;-;-;-;-
CCMX26C007450;BRBMEFFM0D98;AGRIBUSINESS;-;-;-;-;-;-;-;-;-;0,13;-;-;-;-;-;-;-
CCMX26P007450;BRBMEFOV0DD5;AGRIBUSINESS;-;-;-;-;-;-;-;-;-;4,05;-;-;-;-;-;-;-
CCMX26C007150;BRBMEFFM0DF2;AGRIBUSINESS;-;-;-;-;-;-;-;-;-;0,58;-;-;-;-;-;-;-
CCMX26C007550;BRBMEFFM0DG0;AGRIBUSINESS;-;-;-;-;-;-;-;-;-;0,08;-;-;-;-;-;-;-
CCMX26P007150;BRBMEFOV0DJ2;AGRIBUSINESS;-;-;-;-;-;-;-;-;-;1,54;-;-;-;-;-;-;-
CCMX26P007550;BRBMEFOV0DK0;AGRIBUSINESS;-;-;-;-;-;-;-;-;-;4,99;-;-;-;-;-;-;-
CCMF27C007050;BRBMEFFM0DH8;AGRIBUSINESS;-;-;-;-;-;-;-;-;-;4,78;-;-;-;-;-;-;-
CCMF27C007400;BRBMEFFM0DI6;AGRIBUSINESS;-;-;-;-;-;-;-;-;-;2,39;-;-;-;-;-;-;-
CCMF27P007050;BRBMEFOV0DL8;AGRIBUSINESS;-;-;-;-;-;-;-;-;-;0,4;-;-;-;-;-;-;-
CCMF27P007400;BRBMEFOV0DM6;AGRIBUSINESS;-;-;-;-;-;-;-;-;-;1,38;-;-;-;-;-;-;-
CCMX26C006800;BRBMEFFM0DL0;AGRIBUSINESS;-;-;-;-;-;-;-;-;-;2,7;-;-;-;-;-;-;-
CCMX26P006800;BRBMEFOV0DP9;AGRIBUSINESS;-;-;-;-;-;-;-;-;-;0,2;-;-;-;-;-;-;-
CCMX26C007300;BRBMEFFM0DM8;AGRIBUSINESS;0,37;0,37;0,37;0,37;0,37;-26;-;-;-;0,27;-;-;-;-;1;50;8325
CCMX26P007300;BRBMEFOV0DQ7;AGRIBUSINESS;-;-;-;-;-;-;-;-;-;2,71;-;-;-;-;-;-;-
CCMU27C006700;BRBMEFFM0DR7;AGRIBUSINESS;-;-;-;-;-;-;-;-;-;9,11;-;-;-;-;-;-;-
CCMU27C007100;BRBMEFFM0DS5;AGRIBUSINESS;-;-;-;-;-;-;-;-;-;6,17;-;-;-;-;-;-;-
CCMU27C007500;BRBMEFFM0DT3;AGRIBUSINESS;-;-;-;-;-;-;-;-;-;3,88;-;-;-;-;-;-;-
CCMU27P006700;BRBMEFOV0DV7;AGRIBUSINESS;-;-;-;-;-;-;-;-;-;0,51;-;-;-;-;-;-;-
CCMU27P007100;BRBMEFOV0DW5;AGRIBUSINESS;-;-;-;-;-;-;-;-;-;1,14;-;-;-;-;-;-;-
CCMU27P007500;BRBMEFOV0DX3;AGRIBUSINESS;-;-;-;-;-;-;-;-;-;2,42;-;-;-;-;-;-;-
CCMF27C007000;BRBMEFFM0E30;AGRIBUSINESS;-;-;-;-;-;-;-;-;-;5,19;-;-;-;-;-;-;-
CCMF27P007000;BRBMEFOV0E74;AGRIBUSINESS;-;-;-;-;-;-;-;-;-;0,32;-;-;-;-;-;-;-
CCMX26C006750;BRBMEFFM0E48;AGRIBUSINESS;-;-;-;-;-;-;-;-;-;3,13;-;-;-;-;-;-;-
CCMX26P006750;BRBMEFOV0E82;AGRIBUSINESS;-;-;-;-;-;-;-;-;-;0,15;-;-;-;-;-;-;-
CCMH27C006900;BRBMEFFM0E63;AGRIBUSINESS;-;-;-;-;-;-;-;-;-;8,79;-;-;-;-;-;-;-
CCMH27C008200;BRBMEFFM0E71;AGRIBUSINESS;-;-;-;-;-;-;-;-;-;1,13;-;-;-;-;-;-;-
CCMH27P006900;BRBMEFOV0EA9;AGRIBUSINESS;-;-;-;-;-;-;-;-;-;0,23;-;-;-;-;-;-;-
CCMH27P008200;BRBMEFOV0EB7;AGRIBUSINESS;-;-;-;-;-;-;-;-;-;4,89;-;-;-;-;-;-;-
CCMX26C007350;BRBMEFFM0E55;AGRIBUSINESS;-;-;-;-;-;-;-;-;-;0,21;-;-;-;-;-;-;-
CCMX26P007350;BRBMEFOV0E90;AGRIBUSINESS;-;-;-;-;-;-;-;-;-;3,14;-;-;-;-;-;-;-
CCMX26C007425;BRBMEFFM0E89;AGRIBUSINESS;-;-;-;-;-;-;-;-;-;0,15;-;-;-;-;-;-;-
CCMX26P007425;BRBMEFOV0EC5;AGRIBUSINESS;-;-;-;-;-;-;-;-;-;3,82;-;-;-;-;-;-;-
CCMU27C007200;BRBMEFFM0EB9;AGRIBUSINESS;-;-;-;-;-;-;-;-;-;5,53;-;-;-;-;-;-;-
CCMU27C008000;BRBMEFFM0EC7;AGRIBUSINESS;-;-;-;-;-;-;-;-;-;2,05;-;-;-;-;-;-;-
CCMU27P007200;BRBMEFOV0EF8;AGRIBUSINESS;-;-;-;-;-;-;-;-;-;1,39;-;-;-;-;-;-;-
CCMU27P008000;BRBMEFOV0EG6;AGRIBUSINESS;-;-;-;-;-;-;-;-;-;5,06;-;-;-;-;-;-;-
CCMU27C007250;BRBMEFFM0EE3;AGRIBUSINESS;-;-;-;-;-;-;-;-;-;5,23;-;-;-;-;-;-;-
CCMU27P007250;BRBMEFOV0EI2;AGRIBUSINESS;-;-;-;-;-;-;-;-;-;1,54;-;-;-;-;-;-;-
CCMF27C008025;BRBMEFFM0EF0;AGRIBUSINESS;-;-;-;-;-;-;-;-;-;0,49;-;-;-;-;-;-;-
CCMF27P008025;BRBMEFOV0EJ0;AGRIBUSINESS;-;-;-;-;-;-;-;-;-;5,53;-;-;-;-;-;-;-
CCMH27C009000;BRBMEFFM0EG8;AGRIBUSINESS;-;-;-;-;-;-;-;-;-;0,28;-;-;-;-;-;-;-
CCMH27P009000;BRBMEFOV0EK8;AGRIBUSINESS;-;-;-;-;-;-;-;-;-;11,63;-;-;-;-;-;-;-
CCMK27C007300;BRBMEFFM0EK0;AGRIBUSINESS;-;-;-;-;-;-;-;-;-;4,76;-;-;-;-;-;-;-
CCMK27P007300;BRBMEFOV0EO0;AGRIBUSINESS;-;-;-;-;-;-;-;-;-;1,22;-;-;-;-;-;-;-
CCMX26C007800;BRBMEFFM0EL8;AGRIBUSINESS;-;-;-;-;-;-;-;-;-;0,02;-;-;-;-;-;-;-
CCMX26P007800;BRBMEFOV0EP7;AGRIBUSINESS;-;-;-;-;-;-;-;-;-;7,38;-;-;-;-;-;-;-
CCMH27C007800;BRBMEFFM0EM6;AGRIBUSINESS;-;-;-;-;-;-;-;-;-;2,4;-;-;-;-;-;-;-
CCMH27P007800;BRBMEFOV0EQ5;AGRIBUSINESS;-;-;-;-;-;-;-;-;-;2,37;-;-;-;-;-;-;-
CCMF27C007450;BRBMEFFM0EN4;AGRIBUSINESS;-;-;-;-;-;-;-;-;-;2,13;-;-;-;-;-;-;-
CCMF27P007450;BRBMEFOV0ER3;AGRIBUSINESS;-;-;-;-;-;-;-;-;-;1,61;-;-;-;-;-;-;-
CCMF27C007100;BRBMEFFM0EO2;AGRIBUSINESS;-;-;-;-;-;-;-;-;-;4,39;-;-;-;-;-;-;-
CCMF27C007150;BRBMEFFM0EP9;AGRIBUSINESS;-;-;-;-;-;-;-;-;-;4,01;-;-;-;-;-;-;-
CCMF27C007200;BRBMEFFM0EQ7;AGRIBUSINESS;-;-;-;-;-;-;-;-;-;3,64;-;-;-;-;-;-;-
CCMF27C007250;BRBMEFFM0ER5;AGRIBUSINESS;-;-;-;-;-;-;-;-;-;3,3;-;-;-;-;-;-;-
CCMF27C007300;BRBMEFFM0ES3;AGRIBUSINESS;-;-;-;-;-;-;-;-;-;2,97;-;-;-;-;-;-;-
CCMF27C007950;BRBMEFFM0ET1;AGRIBUSINESS;-;-;-;-;-;-;-;-;-;0,6;-;-;-;-;-;-;-
CCMF27C008050;BRBMEFFM0EU9;AGRIBUSINESS;-;-;-;-;-;-;-;-;-;0,46;-;-;-;-;-;-;-
CCMF27C008100;BRBMEFFM0EV7;AGRIBUSINESS;-;-;-;-;-;-;-;-;-;0,4;-;-;-;-;-;-;-
CCMF27C008200;BRBMEFFM0EW5;AGRIBUSINESS;0,45;0,45;0,45;0,45;0,45;-50;-;-;-;0,31;-;-;-;-;1;200;40500
CCMF27C008250;BRBMEFFM0EX3;AGRIBUSINESS;-;-;-;-;-;-;-;-;-;0,27;-;-;-;-;-;-;-
CCMF27C008300;BRBMEFFM0EY1;AGRIBUSINESS;-;-;-;-;-;-;-;-;-;0,24;-;-;-;-;-;-;-
CCMF27C008350;BRBMEFFM0EZ8;AGRIBUSINESS;-;-;-;-;-;-;-;-;-;0,21;-;-;-;-;-;-;-
CCMF27P007100;BRBMEFOV0ES1;AGRIBUSINESS;-;-;-;-;-;-;-;-;-;0,48;-;-;-;-;-;-;-
CCMF27P007150;BRBMEFOV0ET9;AGRIBUSINESS;-;-;-;-;-;-;-;-;-;0,59;-;-;-;-;-;-;-
CCMF27P007200;BRBMEFOV0EU7;AGRIBUSINESS;-;-;-;-;-;-;-;-;-;0,7;-;-;-;-;-;-;-
CCMF27P007250;BRBMEFOV0EV5;AGRIBUSINESS;-;-;-;-;-;-;-;-;-;0,84;-;-;-;-;-;-;-
CCMF27P007300;BRBMEFOV0EW3;AGRIBUSINESS;-;-;-;-;-;-;-;-;-;1;-;-;-;-;-;-;-
CCMF27P007950;BRBMEFOV0EX1;AGRIBUSINESS;-;-;-;-;-;-;-;-;-;4,91;-;-;-;-;-;-;-
CCMF27P008050;BRBMEFOV0EY9;AGRIBUSINESS;-;-;-;-;-;-;-;-;-;5,74;-;-;-;-;-;-;-
CCMF27P008100;BRBMEFOV0EZ6;AGRIBUSINESS;-;-;-;-;-;-;-;-;-;6,16;-;-;-;-;-;-;-
CCMF27P008200;BRBMEFOV0F08;AGRIBUSINESS;-;-;-;-;-;-;-;-;-;7,04;-;-;-;-;-;-;-
CCMF27P008250;BRBMEFOV0F16;AGRIBUSINESS;-;-;-;-;-;-;-;-;-;7,48;-;-;-;-;-;-;-
CCMF27P008300;BRBMEFOV0F24;AGRIBUSINESS;-;-;-;-;-;-;-;-;-;7,93;-;-;-;-;-;-;-
CCMF27P008350;BRBMEFOV0F32;AGRIBUSINESS;-;-;-;-;-;-;-;-;-;8,39;-;-;-;-;-;-;-
CCMH27C008250;BRBMEFFM0F05;AGRIBUSINESS;-;-;-;-;-;-;-;-;-;1,03;-;-;-;-;-;-;-
CCMH27C008300;BRBMEFFM0F13;AGRIBUSINESS;-;-;-;-;-;-;-;-;-;0,93;-;-;-;-;-;-;-
CCMH27C008350;BRBMEFFM0F21;AGRIBUSINESS;-;-;-;-;-;-;-;-;-;0,85;-;-;-;-;-;-;-
CCMH27P008250;BRBMEFOV0F40;AGRIBUSINESS;-;-;-;-;-;-;-;-;-;5,26;-;-;-;-;-;-;-
CCMH27P008300;BRBMEFOV0F57;AGRIBUSINESS;-;-;-;-;-;-;-;-;-;5,65;-;-;-;-;-;-;-
CCMH27P008350;BRBMEFOV0F65;AGRIBUSINESS;-;-;-;-;-;-;-;-;-;6,04;-;-;-;-;-;-;-
CCMX26C007525;BRBMEFFM0F54;AGRIBUSINESS;-;-;-;-;-;-;-;-;-;0,09;-;-;-;-;-;-;-
CCMX26P007525;BRBMEFOV0F99;AGRIBUSINESS;-;-;-;-;-;-;-;-;-;4,75;-;-;-;-;-;-;-
CCMX26C007625;BRBMEFFM0F62;AGRIBUSINESS;-;-;-;-;-;-;-;-;-;0,06;-;-;-;-;-;-;-
CCMX26C007650;BRBMEFFM0F70;AGRIBUSINESS;-;-;-;-;-;-;-;-;-;0,05;-;-;-;-;-;-;-
CCMX26C007675;BRBMEFFM0F88;AGRIBUSINESS;-;-;-;-;-;-;-;-;-;0,04;-;-;-;-;-;-;-
CCMX26P007625;BRBMEFOV0FA6;AGRIBUSINESS;-;-;-;-;-;-;-;-;-;5,7;-;-;-;-;-;-;-
CCMX26P007650;BRBMEFOV0FB4;AGRIBUSINESS;-;-;-;-;-;-;-;-;-;5,94;-;-;-;-;-;-;-
CCMX26P007675;BRBMEFOV0FC2;AGRIBUSINESS;-;-;-;-;-;-;-;-;-;6,17;-;-;-;-;-;-;-
CCMX26C007325;BRBMEFFM0F96;AGRIBUSINESS;-;-;-;-;-;-;-;-;-;0,24;-;-;-;-;-;-;-
CCMX26C007375;BRBMEFFM0FA8;AGRIBUSINESS;-;-;-;-;-;-;-;-;-;0,19;-;-;-;-;-;-;-
CCMX26P007325;BRBMEFOV0FD0;AGRIBUSINESS;-;-;-;-;-;-;-;-;-;2,92;-;-;-;-;-;-;-
CCMX26P007375;BRBMEFOV0FE8;AGRIBUSINESS;-;-;-;-;-;-;-;-;-;3,36;-;-;-;-;-;-;-
CCMH27C007525;BRBMEFFM0FB6;AGRIBUSINESS;-;-;-;-;-;-;-;-;-;3,88;-;-;-;-;-;-;-
CCMH27P007525;BRBMEFOV0FF5;AGRIBUSINESS;-;-;-;-;-;-;-;-;-;1,25;-;-;-;-;-;-;-
CCMU27C006800;BRBMEFFM0FC4;AGRIBUSINESS;-;-;-;-;-;-;-;-;-;8,34;-;-;-;-;-;-;-
CCMU27P006800;BRBMEFOV0FG3;AGRIBUSINESS;-;-;-;-;-;-;-;-;-;0,63;-;-;-;-;-;-;-
CCMH27C007750;BRBMEFFM0FD2;AGRIBUSINESS;-;-;-;-;-;-;-;-;-;2,63;-;-;-;-;-;-;-
CCMH27P007750;BRBMEFOV0FH1;AGRIBUSINESS;-;-;-;-;-;-;-;-;-;2,13;-;-;-;-;-;-;-
CCMX26C007100;BRBMEFFM0FE0;AGRIBUSINESS;-;-;-;-;-;-;-;-;-;0,76;-;-;-;-;-;-;-
CCMX26P007100;BRBMEFOV0FI9;AGRIBUSINESS;0,98;0,98;0,98;0,98;0,98;63,33;-;-;-;1,22;-;-;-;-;1;100;44100
CCMK27C007500;BRBMEFFM0FF7;AGRIBUSINESS;-;-;-;-;-;-;-;-;-;3,57;-;-;-;-;-;-;-
CCMK27P007500;BRBMEFOV0FJ7;AGRIBUSINESS;2,78;2,55;2,78;2,67;2,55;-;-;-;-;1,89;-;-;-;-;3;110;132165
CCMX26C006600;BRBMEFFM0FH3;AGRIBUSINESS;-;-;-;-;-;-;-;-;-;4,52;-;-;-;-;-;-;-
CCMX26P006600;BRBMEFOV0FL3;AGRIBUSINESS;-;-;-;-;-;-;-;-;-;0,06;-;-;-;-;-;-;-
CCMF27C007275;BRBMEFFM0FK7;AGRIBUSINESS;-;-;-;-;-;-;-;-;-;3,13;-;-;-;-;-;-;-
CCMF27P007275;BRBMEFOV0FO7;AGRIBUSINESS;-;-;-;-;-;-;-;-;-;0,92;-;-;-;-;-;-;-
CCMK27C007000;BRBMEFFM0FL5;AGRIBUSINESS;-;-;-;-;-;-;-;-;-;6,93;-;-;-;-;-;-;-
CCMK27P007000;BRBMEFOV0FP4;AGRIBUSINESS;-;-;-;-;-;-;-;-;-;0,6;-;-;-;-;-;-;-
CCMU27C006750;BRBMEFFM0FM3;AGRIBUSINESS;-;-;-;-;-;-;-;-;-;8,72;-;-;-;-;-;-;-
CCMU27P006750;BRBMEFOV0FQ2;AGRIBUSINESS;-;-;-;-;-;-;-;-;-;0,57;-;-;-;-;-;-;-
CCMU27C008500;BRBMEFFM0FQ4;AGRIBUSINESS;-;-;-;-;-;-;-;-;-;1,14;-;-;-;-;-;-;-
CCMU27P008500;BRBMEFOV0FU4;AGRIBUSINESS;-;-;-;-;-;-;-;-;-;8,61;-;-;-;-;-;-;-
CCMX26C006950;BRBMEFFM0FX0;AGRIBUSINESS;-;-;-;-;-;-;-;-;-;1,54;-;-;-;-;-;-;-
CCMX26P006950;BRBMEFOV0G15;AGRIBUSINESS;-;-;-;-;-;-;-;-;-;0,53;-;-;-;-;-;-;-
CCMU27C006600;BRBMEFFM0FY8;AGRIBUSINESS;-;-;-;-;-;-;-;-;-;9,9;-;-;-;-;-;-;-
CCMU27C006650;BRBMEFFM0FZ5;AGRIBUSINESS;-;-;-;-;-;-;-;-;-;9,51;-;-;-;-;-;-;-
CCMU27P006600;BRBMEFOV0G23;AGRIBUSINESS;-;-;-;-;-;-;-;-;-;0,41;-;-;-;-;-;-;-
CCMU27P006650;BRBMEFOV0G31;AGRIBUSINESS;-;-;-;-;-;-;-;-;-;0,46;-;-;-;-;-;-;-
CCMF27C008500;BRBMEFFM0G20;AGRIBUSINESS;-;-;-;-;-;-;-;-;-;0,14;-;-;-;-;-;-;-
CCMF27P008500;BRBMEFOV0G64;AGRIBUSINESS;-;-;-;-;-;-;-;-;-;9,77;-;-;-;-;-;-;-
CCMK27C007050;BRBMEFFM0G04;AGRIBUSINESS;-;-;-;-;-;-;-;-;-;6,54;-;-;-;-;-;-;-
CCMK27C007250;BRBMEFFM0G12;AGRIBUSINESS;-;-;-;-;-;-;-;-;-;5,09;-;-;-;-;-;-;-
CCMK27P007050;BRBMEFOV0G49;AGRIBUSINESS;-;-;-;-;-;-;-;-;-;0,68;-;-;-;-;-;-;-
CCMK27P007250;BRBMEFOV0G56;AGRIBUSINESS;-;-;-;-;-;-;-;-;-;1,08;-;-;-;-;-;-;-
CCMF27C007850;BRBMEFFM0G53;AGRIBUSINESS;-;-;-;-;-;-;-;-;-;0,78;-;-;-;-;-;-;-
CCMF27P007850;BRBMEFOV0G98;AGRIBUSINESS;-;-;-;-;-;-;-;-;-;4,12;-;-;-;-;-;-;-
CCMX26C006850;BRBMEFFM0G46;AGRIBUSINESS;-;-;-;-;-;-;-;-;-;2,28;-;-;-;-;-;-;-
CCMX26P006850;BRBMEFOV0G80;AGRIBUSINESS;-;-;-;-;-;-;-;-;-;0,28;-;-;-;-;-;-;-
CCMX26C007725;BRBMEFFM0G61;AGRIBUSINESS;-;-;-;-;-;-;-;-;-;0,03;-;-;-;-;-;-;-
CCMX26P007725;BRBMEFOV0GA4;AGRIBUSINESS;-;-;-;-;-;-;-;-;-;6,65;-;-;-;-;-;-;-
CCMX26C006975;BRBMEFFM0G79;AGRIBUSINESS;-;-;-;-;-;-;-;-;-;1,38;-;-;-;-;-;-;-
CCMX26P006975;BRBMEFOV0GB2;AGRIBUSINESS;-;-;-;-;-;-;-;-;-;0,61;-;-;-;-;-;-;-
CCMX26C007750;BRBMEFFM0G87;AGRIBUSINESS;-;-;-;-;-;-;-;-;-;0,02;-;-;-;-;-;-;-
CCMX26P007750;BRBMEFOV0GC0;AGRIBUSINESS;-;-;-;-;-;-;-;-;-;6,9;-;-;-;-;-;-;-
CCMU27C007000;BRBMEFFM0GA6;AGRIBUSINESS;-;-;-;-;-;-;-;-;-;6,87;-;-;-;-;-;-;-
CCMU27C007800;BRBMEFFM0GB4;AGRIBUSINESS;-;-;-;-;-;-;-;-;-;2,65;-;-;-;-;-;-;-
CCMU27P007000;BRBMEFOV0GE6;AGRIBUSINESS;-;-;-;-;-;-;-;-;-;0,95;-;-;-;-;-;-;-
CCMU27P007800;BRBMEFOV0GF3;AGRIBUSINESS;-;-;-;-;-;-;-;-;-;3,87;-;-;-;-;-;-;-
CCMF27C007800;BRBMEFFM0GC2;AGRIBUSINESS;-;-;-;-;-;-;-;-;-;0,88;-;-;-;-;-;-;-
CCMF27P007800;BRBMEFOV0GG1;AGRIBUSINESS;3,1;3,1;3,1;3,1;3,1;87,87;-;-;-;3,74;-;-;-;-;1;200;279000
CCMF27C007700;BRBMEFFM0GD0;AGRIBUSINESS;-;-;-;-;-;-;-;-;-;1,14;-;-;-;-;-;-;-
CCMF27P007700;BRBMEFOV0GH9;AGRIBUSINESS;-;-;-;-;-;-;-;-;-;3,04;-;-;-;-;-;-;-
CCMF27C007900;BRBMEFFM0GE8;AGRIBUSINESS;-;-;-;-;-;-;-;-;-;0,68;-;-;-;-;-;-;-
CCMF27P007900;BRBMEFOV0GI7;AGRIBUSINESS;-;-;-;-;-;-;-;-;-;4,51;-;-;-;-;-;-;-
CCMH27C007900;BRBMEFFM0GF5;AGRIBUSINESS;-;-;-;-;-;-;-;-;-;1,99;-;-;-;-;-;-;-
CCMH27P007900;BRBMEFOV0GJ5;AGRIBUSINESS;-;-;-;-;-;-;-;-;-;2,91;-;-;-;-;-;-;-
CCMU27C008100;BRBMEFFM0GG3;AGRIBUSINESS;-;-;-;-;-;-;-;-;-;1,81;-;-;-;-;-;-;-
CCMU27P008100;BRBMEFOV0GK3;AGRIBUSINESS;-;-;-;-;-;-;-;-;-;5,71;-;-;-;-;-;-;-
CCMX26C007250;BRBMEFFM0GH1;AGRIBUSINESS;0,8;0,8;0,8;0,8;0,8;-24,52;-;-;-;0,35;-;-;-;-;1;10;3600
CCMX26P007250;BRBMEFOV0GL1;AGRIBUSINESS;-;-;-;-;-;-;-;-;-;2,29;-;-;-;-;-;-;-
CCMU27C007300;BRBMEFFM0GI9;AGRIBUSINESS;-;-;-;-;-;-;-;-;-;4,94;-;-;-;-;-;-;-
CCMU27P007300;BRBMEFOV0GM9;AGRIBUSINESS;-;-;-;-;-;-;-;-;-;1,69;-;-;-;-;-;-;-
CCMU27C008150;BRBMEFFM0GJ7;AGRIBUSINESS;-;-;-;-;-;-;-;-;-;1,71;-;-;-;-;-;-;-
CCMU27P008150;BRBMEFOV0GN7;AGRIBUSINESS;-;-;-;-;-;-;-;-;-;6,05;-;-;-;-;-;-;-
CCMF27C007600;BRBMEFFM0GK5;AGRIBUSINESS;-;-;-;-;-;-;-;-;-;1,48;-;-;-;-;-;-;-
CCMF27P007600;BRBMEFOV0GO5;AGRIBUSINESS;-;-;-;-;-;-;-;-;-;2,4;-;-;-;-;-;-;-
CCMX26C008350;BRBMEFFM0GL3;AGRIBUSINESS;-;-;-;-;-;-;-;-;-;0,01;-;-;-;-;-;-;-
CCMX26P008350;BRBMEFOV0GP2;AGRIBUSINESS;-;-;-;-;-;-;-;-;-;12,79;-;-;-;-;-;-;-
CCMK27C007400;BRBMEFFM0GM1;AGRIBUSINESS;-;-;-;-;-;-;-;-;-;4,14;-;-;-;-;-;-;-
CCMK27P007400;BRBMEFOV0GQ0;AGRIBUSINESS;-;-;-;-;-;-;-;-;-;1,53;-;-;-;-;-;-;-
CCMX26C007850;BRBMEFFM0GN9;AGRIBUSINESS;-;-;-;-;-;-;-;-;-;0,01;-;-;-;-;-;-;-
CCMX26P007850;BRBMEFOV0GR8;AGRIBUSINESS;-;-;-;-;-;-;-;-;-;7,87;-;-;-;-;-;-;-
CCMH27C007575;BRBMEFFM0GP4;AGRIBUSINESS;-;-;-;-;-;-;-;-;-;3,57;-;-;-;-;-;-;-
CCMH27P007575;BRBMEFOV0GT4;AGRIBUSINESS;-;-;-;-;-;-;-;-;-;1,41;-;-;-;-;-;-;-
CCMU27C010000;BRBMEFFM0GQ2;AGRIBUSINESS;-;-;-;-;-;-;-;-;-;0,3;-;-;-;-;-;-;-
CCMU27P010000;BRBMEFOV0GU2;AGRIBUSINESS;-;-;-;-;-;-;-;-;-;21,17;-;-;-;-;-;-;-
CCMX26C007050;BRBMEFFM0GS8;AGRIBUSINESS;-;-;-;-;-;-;-;-;-;0,97;-;-;-;-;-;-;-
CCMX26P007050;BRBMEFOV0GW8;AGRIBUSINESS;-;-;-;-;-;-;-;-;-;0,94;-;-;-;-;-;-;-
CCMH27C008600;BRBMEFFM0GT6;AGRIBUSINESS;-;-;-;-;-;-;-;-;-;0,55;-;-;-;-;-;-;-
CCMH27P008600;BRBMEFOV0GX6;AGRIBUSINESS;-;-;-;-;-;-;-;-;-;8,1;-;-;-;-;-;-;-
CCMF27C007350;BRBMEFFM0GW0;AGRIBUSINESS;-;-;-;-;-;-;-;-;-;2,67;-;-;-;-;-;-;-
CCMF27P007350;BRBMEFOV0H06;AGRIBUSINESS;-;-;-;-;-;-;-;-;-;1,18;-;-;-;-;-;-;-
CCMU27C007400;BRBMEFFM0GX8;AGRIBUSINESS;-;-;-;-;-;-;-;-;-;4,38;-;-;-;-;-;-;-
CCMU27P007400;BRBMEFOV0H14;AGRIBUSINESS;-;-;-;-;-;-;-;-;-;2,03;-;-;-;-;-;-;-
CCMX26C007225;BRBMEFFM0GY6;AGRIBUSINESS;-;-;-;-;-;-;-;-;-;0,4;-;-;-;-;-;-;-
CCMX26P007225;BRBMEFOV0H22;AGRIBUSINESS;-;-;-;-;-;-;-;-;-;2,09;-;-;-;-;-;-;-
CCMK27C006550;BRBMEFFM0GZ3;AGRIBUSINESS;-;-;-;-;-;-;-;-;-;10,71;-;-;-;-;-;-;-
CCMK27C007350;BRBMEFFM0H03;AGRIBUSINESS;-;-;-;-;-;-;-;-;-;4,44;-;-;-;-;-;-;-
CCMK27P006550;BRBMEFOV0H30;AGRIBUSINESS;-;-;-;-;-;-;-;-;-;0,2;-;-;-;-;-;-;-
CCMK27P007350;BRBMEFOV0H48;AGRIBUSINESS;-;-;-;-;-;-;-;-;-;1,37;-;-;-;-;-;-;-
CCMF27C006950;BRBMEFFM0H11;AGRIBUSINESS;-;-;-;-;-;-;-;-;-;5,61;-;-;-;-;-;-;-
CCMF27C007825;BRBMEFFM0H29;AGRIBUSINESS;-;-;-;-;-;-;-;-;-;0,83;-;-;-;-;-;-;-
CCMF27P006950;BRBMEFOV0H55;AGRIBUSINESS;-;-;-;-;-;-;-;-;-;0,26;-;-;-;-;-;-;-
CCMF27P007825;BRBMEFOV0H63;AGRIBUSINESS;-;-;-;-;-;-;-;-;-;3,93;-;-;-;-;-;-;-
CCMF27C007925;BRBMEFFM0H37;AGRIBUSINESS;-;-;-;-;-;-;-;-;-;0,64;-;-;-;-;-;-;-
CCMF27P007925;BRBMEFOV0H71;AGRIBUSINESS;-;-;-;-;-;-;-;-;-;4,71;-;-;-;-;-;-;-
CCMU27C006500;BRBMEFFM0H45;AGRIBUSINESS;-;-;-;-;-;-;-;-;-;10,73;-;-;-;-;-;-;-
CCMU27P006500;BRBMEFOV0H89;AGRIBUSINESS;-;-;-;-;-;-;-;-;-;0,34;-;-;-;-;-;-;-
CCMU27C007150;BRBMEFFM0H52;AGRIBUSINESS;-;-;-;-;-;-;-;-;-;5,84;-;-;-;-;-;-;-
CCMU27P007150;BRBMEFOV0H97;AGRIBUSINESS;-;-;-;-;-;-;-;-;-;1,26;-;-;-;-;-;-;-
CCMH27C007950;BRBMEFFM0H60;AGRIBUSINESS;-;-;-;-;-;-;-;-;-;1,81;-;-;-;-;-;-;-
CCMH27C008000;BRBMEFFM0H78;AGRIBUSINESS;2,49;2,49;2,55;2,54;2,55;8,51;-;-;-;1,64;-;-;-;-;3;11;12595,5
CCMH27P007950;BRBMEFOV0HA2;AGRIBUSINESS;-;-;-;-;-;-;-;-;-;3,2;-;-;-;-;-;-;-
CCMH27P008000;BRBMEFOV0HB0;AGRIBUSINESS;-;-;-;-;-;-;-;-;-;3,51;-;-;-;-;-;-;-
CCMK27C006850;BRBMEFFM0H86;AGRIBUSINESS;-;-;-;-;-;-;-;-;-;8,13;-;-;-;-;-;-;-
CCMK27C008000;BRBMEFFM0H94;AGRIBUSINESS;-;-;-;-;-;-;-;-;-;1,6;-;-;-;-;-;-;-
CCMK27C008025;BRBMEFFM0HA4;AGRIBUSINESS;-;-;-;-;-;-;-;-;-;1,54;-;-;-;-;-;-;-
CCMK27C008050;BRBMEFFM0HB2;AGRIBUSINESS;-;-;-;-;-;-;-;-;-;1,48;-;-;-;-;-;-;-
CCMK27P006850;BRBMEFOV0HC8;AGRIBUSINESS;-;-;-;-;-;-;-;-;-;0,41;-;-;-;-;-;-;-
CCMK27P008000;BRBMEFOV0HD6;AGRIBUSINESS;-;-;-;-;-;-;-;-;-;4,56;-;-;-;-;-;-;-
CCMK27P008025;BRBMEFOV0HE4;AGRIBUSINESS;-;-;-;-;-;-;-;-;-;4,73;-;-;-;-;-;-;-
CCMK27P008050;BRBMEFOV0HF1;AGRIBUSINESS;-;-;-;-;-;-;-;-;-;4,9;-;-;-;-;-;-;-
CCMK27C006800;BRBMEFFM0HC0;AGRIBUSINESS;-;-;-;-;-;-;-;-;-;8,55;-;-;-;-;-;-;-
CCMK27C007100;BRBMEFFM0HD8;AGRIBUSINESS;-;-;-;-;-;-;-;-;-;6,16;-;-;-;-;-;-;-
CCMK27P006800;BRBMEFOV0HG9;AGRIBUSINESS;-;-;-;-;-;-;-;-;-;0,36;-;-;-;-;-;-;-
CCMK27P007100;BRBMEFOV0HH7;AGRIBUSINESS;-;-;-;-;-;-;-;-;-;0,77;-;-;-;-;-;-;-
CCMK27C008100;BRBMEFFM0HE6;AGRIBUSINESS;-;-;-;-;-;-;-;-;-;1,36;-;-;-;-;-;-;-
CCMK27P008100;BRBMEFOV0HI5;AGRIBUSINESS;-;-;-;-;-;-;-;-;-;5,25;-;-;-;-;-;-;-
CCMN27C006500;BRBMEFFM0HF3;AGRIBUSINESS;-;-;-;-;-;-;-;-;-;10,92;-;-;-;-;-;-;-
CCMN27C007150;BRBMEFFM0HG1;AGRIBUSINESS;-;-;-;-;-;-;-;-;-;5,79;-;-;-;-;-;-;-
CCMN27C007600;BRBMEFFM0HH9;AGRIBUSINESS;3,3;3,3;3,3;3,3;3,3;37,5;-;-;-;3,24;-;-;-;-;1;740;1098900
CCMN27P006500;BRBMEFOV0HJ3;AGRIBUSINESS;-;-;-;-;-;-;-;-;-;0,16;-;-;-;-;-;-;-
CCMN27P007150;BRBMEFOV0HK1;AGRIBUSINESS;0,9;0,9;0,9;0,9;0,9;-;-;-;-;0,95;-;-;-;-;2;1.480;599400
CCMN27P007600;BRBMEFOV0HL9;AGRIBUSINESS;-;-;-;-;-;-;-;-;-;2,5;-;-;-;-;-;-;-
CCMK27C006500;BRBMEFFM0HI7;AGRIBUSINESS;-;-;-;-;-;-;-;-;-;11,15;-;-;-;-;-;-;-
CCMK27P006500;BRBMEFOV0HM7;AGRIBUSINESS;-;-;-;-;-;-;-;-;-;0,18;-;-;-;-;-;-;-
CCMK27C007525;BRBMEFFM0HJ5;AGRIBUSINESS;-;-;-;-;-;-;-;-;-;3,44;-;-;-;-;-;-;-
CCMK27P007525;BRBMEFOV0HN5;AGRIBUSINESS;-;-;-;-;-;-;-;-;-;1,99;-;-;-;-;-;-;-
CCMF27C007650;BRBMEFFM0HK3;AGRIBUSINESS;-;-;-;-;-;-;-;-;-;1,3;-;-;-;-;-;-;-
CCMF27P007650;BRBMEFOV0HO3;AGRIBUSINESS;-;-;-;-;-;-;-;-;-;2,71;-;-;-;-;-;-;-
CCMN27C006450;BRBMEFFM0HL1;AGRIBUSINESS;-;-;-;-;-;-;-;-;-;11,35;-;-;-;-;-;-;-
CCMN27C007100;BRBMEFFM0HM9;AGRIBUSINESS;-;-;-;-;-;-;-;-;-;6,13;-;-;-;-;-;-;-
CCMN27C007500;BRBMEFFM0HN7;AGRIBUSINESS;-;-;-;-;-;-;-;-;-;3,71;-;-;-;-;-;-;-
CCMN27P006450;BRBMEFOV0HP0;AGRIBUSINESS;-;-;-;-;-;-;-;-;-;0,13;-;-;-;-;-;-;-
CCMN27P007100;BRBMEFOV0HQ8;AGRIBUSINESS;-;-;-;-;-;-;-;-;-;0,84;-;-;-;-;-;-;-
CCMN27P007500;BRBMEFOV0HR6;AGRIBUSINESS;-;-;-;-;-;-;-;-;-;2,07;-;-;-;-;-;-;-
CCMF27C006900;BRBMEFFM0HO5;AGRIBUSINESS;-;-;-;-;-;-;-;-;-;6,05;-;-;-;-;-;-;-
CCMF27P006900;BRBMEFOV0HS4;AGRIBUSINESS;-;-;-;-;-;-;-;-;-;0,21;-;-;-;-;-;-;-
CCMH27C008050;BRBMEFFM0HP2;AGRIBUSINESS;-;-;-;-;-;-;-;-;-;1,49;-;-;-;-;-;-;-
CCMH27P008050;BRBMEFOV0HT2;AGRIBUSINESS;-;-;-;-;-;-;-;-;-;3,83;-;-;-;-;-;-;-
CCMX26C006725;BRBMEFFM0HQ0;AGRIBUSINESS;-;-;-;-;-;-;-;-;-;3,36;-;-;-;-;-;-;-
CCMX26P006725;BRBMEFOV0HU0;AGRIBUSINESS;-;-;-;-;-;-;-;-;-;0,12;-;-;-;-;-;-;-
CCMU27C007700;BRBMEFFM0IM7;AGRIBUSINESS;-;-;-;-;-;-;-;-;-;3,01;-;-;-;-;-;-;-
CCMU27P007700;BRBMEFOV0IQ6;AGRIBUSINESS;-;-;-;-;-;-;-;-;-;3,34;-;-;-;-;-;-;-
CCMX27C006500;BRBMEFFM0HR8;AGRIBUSINESS;-;-;-;-;-;-;-;-;-;12,69;-;-;-;-;-;-;-
CCMX27C006550;BRBMEFFM0HS6;AGRIBUSINESS;-;-;-;-;-;-;-;-;-;12,28;-;-;-;-;-;-;-
CCMX27C006600;BRBMEFFM0HT4;AGRIBUSINESS;-;-;-;-;-;-;-;-;-;11,87;-;-;-;-;-;-;-
CCMX27C006650;BRBMEFFM0HU2;AGRIBUSINESS;-;-;-;-;-;-;-;-;-;11,47;-;-;-;-;-;-;-
CCMX27C006700;BRBMEFFM0HV0;AGRIBUSINESS;-;-;-;-;-;-;-;-;-;11,06;-;-;-;-;-;-;-
CCMX27C006750;BRBMEFFM0HW8;AGRIBUSINESS;-;-;-;-;-;-;-;-;-;10,67;-;-;-;-;-;-;-
CCMX27C006800;BRBMEFFM0HX6;AGRIBUSINESS;-;-;-;-;-;-;-;-;-;10,28;-;-;-;-;-;-;-
CCMX27C006850;BRBMEFFM0HY4;AGRIBUSINESS;-;-;-;-;-;-;-;-;-;9,89;-;-;-;-;-;-;-
CCMX27C006900;BRBMEFFM0HZ1;AGRIBUSINESS;-;-;-;-;-;-;-;-;-;9,51;-;-;-;-;-;-;-
CCMX27C006950;BRBMEFFM0I02;AGRIBUSINESS;-;-;-;-;-;-;-;-;-;9,13;-;-;-;-;-;-;-
CCMX27C007000;BRBMEFFM0I10;AGRIBUSINESS;-;-;-;-;-;-;-;-;-;8,76;-;-;-;-;-;-;-
CCMX27C007050;BRBMEFFM0I28;AGRIBUSINESS;-;-;-;-;-;-;-;-;-;8,4;-;-;-;-;-;-;-
CCMX27C007100;BRBMEFFM0I36;AGRIBUSINESS;-;-;-;-;-;-;-;-;-;8,04;-;-;-;-;-;-;-
CCMX27C007150;BRBMEFFM0I44;AGRIBUSINESS;-;-;-;-;-;-;-;-;-;7,68;-;-;-;-;-;-;-
CCMX27C007200;BRBMEFFM0I51;AGRIBUSINESS;-;-;-;-;-;-;-;-;-;7,34;-;-;-;-;-;-;-
CCMX27C007250;BRBMEFFM0I69;AGRIBUSINESS;-;-;-;-;-;-;-;-;-;6,99;-;-;-;-;-;-;-
CCMX27C007300;BRBMEFFM0I77;AGRIBUSINESS;-;-;-;-;-;-;-;-;-;6,66;-;-;-;-;-;-;-
CCMX27C007350;BRBMEFFM0I85;AGRIBUSINESS;-;-;-;-;-;-;-;-;-;6,34;-;-;-;-;-;-;-
CCMX27C007400;BRBMEFFM0I93;AGRIBUSINESS;-;-;-;-;-;-;-;-;-;6,03;-;-;-;-;-;-;-
CCMX27C007450;BRBMEFFM0IA2;AGRIBUSINESS;-;-;-;-;-;-;-;-;-;5,74;-;-;-;-;-;-;-
CCMX27C007500;BRBMEFFM0IB0;AGRIBUSINESS;-;-;-;-;-;-;-;-;-;5,45;-;-;-;-;-;-;-
CCMX27C007550;BRBMEFFM0IC8;AGRIBUSINESS;-;-;-;-;-;-;-;-;-;5,17;-;-;-;-;-;-;-
CCMX27C007600;BRBMEFFM0ID6;AGRIBUSINESS;-;-;-;-;-;-;-;-;-;4,9;-;-;-;-;-;-;-
CCMX27C007650;BRBMEFFM0IE4;AGRIBUSINESS;-;-;-;-;-;-;-;-;-;4,64;-;-;-;-;-;-;-
CCMX27C007700;BRBMEFFM0IF1;AGRIBUSINESS;-;-;-;-;-;-;-;-;-;4,4;-;-;-;-;-;-;-
CCMX27C007750;BRBMEFFM0IG9;AGRIBUSINESS;-;-;-;-;-;-;-;-;-;4,17;-;-;-;-;-;-;-
CCMX27C007800;BRBMEFFM0IH7;AGRIBUSINESS;-;-;-;-;-;-;-;-;-;3,94;-;-;-;-;-;-;-
CCMX27C007850;BRBMEFFM0II5;AGRIBUSINESS;-;-;-;-;-;-;-;-;-;3,73;-;-;-;-;-;-;-
CCMX27C007900;BRBMEFFM0IJ3;AGRIBUSINESS;-;-;-;-;-;-;-;-;-;3,52;-;-;-;-;-;-;-
CCMX27C007950;BRBMEFFM0IK1;AGRIBUSINESS;-;-;-;-;-;-;-;-;-;3,32;-;-;-;-;-;-;-
CCMX27C008000;BRBMEFFM0IL9;AGRIBUSINESS;-;-;-;-;-;-;-;-;-;3,14;-;-;-;-;-;-;-
CCMX27P006500;BRBMEFOV0HV8;AGRIBUSINESS;-;-;-;-;-;-;-;-;-;0,31;-;-;-;-;-;-;-
CCMX27P006550;BRBMEFOV0HW6;AGRIBUSINESS;-;-;-;-;-;-;-;-;-;0,33;-;-;-;-;-;-;-
CCMX27P006600;BRBMEFOV0HX4;AGRIBUSINESS;-;-;-;-;-;-;-;-;-;0,36;-;-;-;-;-;-;-
CCMX27P006650;BRBMEFOV0HY2;AGRIBUSINESS;-;-;-;-;-;-;-;-;-;0,4;-;-;-;-;-;-;-
CCMX27P006700;BRBMEFOV0HZ9;AGRIBUSINESS;-;-;-;-;-;-;-;-;-;0,43;-;-;-;-;-;-;-
CCMX27P006750;BRBMEFOV0I05;AGRIBUSINESS;-;-;-;-;-;-;-;-;-;0,47;-;-;-;-;-;-;-
CCMX27P006800;BRBMEFOV0I13;AGRIBUSINESS;-;-;-;-;-;-;-;-;-;0,52;-;-;-;-;-;-;-
CCMX27P006850;BRBMEFOV0I21;AGRIBUSINESS;-;-;-;-;-;-;-;-;-;0,57;-;-;-;-;-;-;-
CCMX27P006900;BRBMEFOV0I39;AGRIBUSINESS;-;-;-;-;-;-;-;-;-;0,63;-;-;-;-;-;-;-
CCMX27P006950;BRBMEFOV0I47;AGRIBUSINESS;-;-;-;-;-;-;-;-;-;0,69;-;-;-;-;-;-;-
CCMX27P007000;BRBMEFOV0I54;AGRIBUSINESS;-;-;-;-;-;-;-;-;-;0,76;-;-;-;-;-;-;-
CCMX27P007050;BRBMEFOV0I62;AGRIBUSINESS;-;-;-;-;-;-;-;-;-;0,83;-;-;-;-;-;-;-
CCMX27P007100;BRBMEFOV0I70;AGRIBUSINESS;-;-;-;-;-;-;-;-;-;0,91;-;-;-;-;-;-;-
CCMX27P007150;BRBMEFOV0I88;AGRIBUSINESS;-;-;-;-;-;-;-;-;-;1;-;-;-;-;-;-;-
CCMX27P007200;BRBMEFOV0I96;AGRIBUSINESS;-;-;-;-;-;-;-;-;-;1,09;-;-;-;-;-;-;-
CCMX27P007250;BRBMEFOV0IA0;AGRIBUSINESS;-;-;-;-;-;-;-;-;-;1,18;-;-;-;-;-;-;-
CCMX27P007300;BRBMEFOV0IB8;AGRIBUSINESS;-;-;-;-;-;-;-;-;-;1,29;-;-;-;-;-;-;-
CCMX27P007350;BRBMEFOV0IC6;AGRIBUSINESS;-;-;-;-;-;-;-;-;-;1,4;-;-;-;-;-;-;-
CCMX27P007400;BRBMEFOV0ID4;AGRIBUSINESS;-;-;-;-;-;-;-;-;-;1,54;-;-;-;-;-;-;-
CCMX27P007450;BRBMEFOV0IE2;AGRIBUSINESS;-;-;-;-;-;-;-;-;-;1,68;-;-;-;-;-;-;-
CCMX27P007500;BRBMEFOV0IF9;AGRIBUSINESS;-;-;-;-;-;-;-;-;-;1,83;-;-;-;-;-;-;-
CCMX27P007550;BRBMEFOV0IG7;AGRIBUSINESS;-;-;-;-;-;-;-;-;-;1,99;-;-;-;-;-;-;-
CCMX27P007600;BRBMEFOV0IH5;AGRIBUSINESS;2;2;2;2;2;-;-;-;-;2,16;-;-;-;-;1;185;166500
CCMX27P007650;BRBMEFOV0II3;AGRIBUSINESS;-;-;-;-;-;-;-;-;-;2,34;-;-;-;-;-;-;-
CCMX27P007700;BRBMEFOV0IJ1;AGRIBUSINESS;-;-;-;-;-;-;-;-;-;2,53;-;-;-;-;-;-;-
CCMX27P007750;BRBMEFOV0IK9;AGRIBUSINESS;-;-;-;-;-;-;-;-;-;2,74;-;-;-;-;-;-;-
CCMX27P007800;BRBMEFOV0IL7;AGRIBUSINESS;-;-;-;-;-;-;-;-;-;2,95;-;-;-;-;-;-;-
CCMX27P007850;BRBMEFOV0IM5;AGRIBUSINESS;-;-;-;-;-;-;-;-;-;3,18;-;-;-;-;-;-;-
CCMX27P007900;BRBMEFOV0IN3;AGRIBUSINESS;3,9;3,9;3,9;3,9;3,9;-;-;-;-;3,41;-;-;-;-;1;185;324675
CCMX27P007950;BRBMEFOV0IO1;AGRIBUSINESS;-;-;-;-;-;-;-;-;-;3,65;-;-;-;-;-;-;-
CCMX27P008000;BRBMEFOV0IP8;AGRIBUSINESS;-;-;-;-;-;-;-;-;-;3,9;-;-;-;-;-;-;-
CCMF27C008075;BRBMEFFM0IN5;AGRIBUSINESS;-;-;-;-;-;-;-;-;-;0,43;-;-;-;-;-;-;-
CCMF27P008075;BRBMEFOV0IR4;AGRIBUSINESS;-;-;-;-;-;-;-;-;-;5,95;-;-;-;-;-;-;-
CCMF27C007325;BRBMEFFM0IO3;AGRIBUSINESS;-;-;-;-;-;-;-;-;-;2,82;-;-;-;-;-;-;-
CCMF27C007375;BRBMEFFM0IP0;AGRIBUSINESS;-;-;-;-;-;-;-;-;-;2,52;-;-;-;-;-;-;-
CCMF27C008125;BRBMEFFM0IQ8;AGRIBUSINESS;-;-;-;-;-;-;-;-;-;0,38;-;-;-;-;-;-;-
CCMF27P007325;BRBMEFOV0IS2;AGRIBUSINESS;-;-;-;-;-;-;-;-;-;1,09;-;-;-;-;-;-;-
CCMF27P007375;BRBMEFOV0IT0;AGRIBUSINESS;-;-;-;-;-;-;-;-;-;1,28;-;-;-;-;-;-;-
CCMF27P008125;BRBMEFOV0IU8;AGRIBUSINESS;-;-;-;-;-;-;-;-;-;6,38;-;-;-;-;-;-;-
CCMF27C008400;BRBMEFFM0IR6;AGRIBUSINESS;-;-;-;-;-;-;-;-;-;0,19;-;-;-;-;-;-;-
CCMF27P008400;BRBMEFOV0IV6;AGRIBUSINESS;-;-;-;-;-;-;-;-;-;8,84;-;-;-;-;-;-;-
CCMH27C008550;BRBMEFFM0IS4;AGRIBUSINESS;-;-;-;-;-;-;-;-;-;0,6;-;-;-;-;-;-;-
CCMH27P008550;BRBMEFOV0IW4;AGRIBUSINESS;-;-;-;-;-;-;-;-;-;7,68;-;-;-;-;-;-;-
CCMF27C007425;BRBMEFFM0IT2;AGRIBUSINESS;-;-;-;-;-;-;-;-;-;2,26;-;-;-;-;-;-;-
CCMF27C008175;BRBMEFFM0IU0;AGRIBUSINESS;-;-;-;-;-;-;-;-;-;0,33;-;-;-;-;-;-;-
CCMF27P007425;BRBMEFOV0IX2;AGRIBUSINESS;-;-;-;-;-;-;-;-;-;1,49;-;-;-;-;-;-;-
CCMF27P008175;BRBMEFOV0IY0;AGRIBUSINESS;-;-;-;-;-;-;-;-;-;6,82;-;-;-;-;-;-;-
CCMX26C007175;BRBMEFFM0IV8;AGRIBUSINESS;-;-;-;-;-;-;-;-;-;0,51;-;-;-;-;-;-;-
CCMX26P007175;BRBMEFOV0IZ7;AGRIBUSINESS;-;-;-;-;-;-;-;-;-;1,72;-;-;-;-;-;-;-
CCMK27C007550;BRBMEFFM0IW6;AGRIBUSINESS;-;-;-;-;-;-;-;-;-;3,31;-;-;-;-;-;-;-
CCMK27P007550;BRBMEFOV0J04;AGRIBUSINESS;-;-;-;-;-;-;-;-;-;2,09;-;-;-;-;-;-;-
CCMX26C007125;BRBMEFFM0IX4;AGRIBUSINESS;-;-;-;-;-;-;-;-;-;0,67;-;-;-;-;-;-;-
CCMX26P007125;BRBMEFOV0J12;AGRIBUSINESS;-;-;-;-;-;-;-;-;-;1,38;-;-;-;-;-;-;-
CCMH27C008500;BRBMEFFM0IY2;AGRIBUSINESS;-;-;-;-;-;-;-;-;-;0,65;-;-;-;-;-;-;-
CCMH27C009500;BRBMEFFM0IZ9;AGRIBUSINESS;0,02;0,01;0,02;0,01;0,01;-75;-;-;-;0,12;-;-;-;-;3;22;108
CCMH27C010000;BRBMEFFM0J01;AGRIBUSINESS;-;-;-;-;-;-;-;-;-;0,03;-;-;-;-;-;-;-
CCMH27C011500;BRBMEFFM0J19;AGRIBUSINESS;-;-;-;-;-;-;-;-;-;0,01;-;-;-;-;-;-;-
CCMH27P008500;BRBMEFOV0J20;AGRIBUSINESS;-;-;-;-;-;-;-;-;-;7,26;-;-;-;-;-;-;-
CCMH27P009500;BRBMEFOV0J38;AGRIBUSINESS;-;-;-;-;-;-;-;-;-;16,21;-;-;-;-;-;-;-
CCMH27P010000;BRBMEFOV0J46;AGRIBUSINESS;-;-;-;-;-;-;-;-;-;20,86;-;-;-;-;-;-;-
CCMH27P011500;BRBMEFOV0J53;AGRIBUSINESS;-;-;-;-;-;-;-;-;-;35,05;-;-;-;-;-;-;-
CCMU27C007075;BRBMEFFM0J27;AGRIBUSINESS;-;-;-;-;-;-;-;-;-;6,34;-;-;-;-;-;-;-
CCMU27C007600;BRBMEFFM0J35;AGRIBUSINESS;-;-;-;-;-;-;-;-;-;3,42;-;-;-;-;-;-;-
CCMU27P007075;BRBMEFOV0J61;AGRIBUSINESS;-;-;-;-;-;-;-;-;-;1,09;-;-;-;-;-;-;-
CCMU27P007600;BRBMEFOV0J79;AGRIBUSINESS;-;-;-;-;-;-;-;-;-;2,86;-;-;-;-;-;-;-
CCMH27C010500;BRBMEFFM0J43;AGRIBUSINESS;-;-;-;-;-;-;-;-;-;0,01;-;-;-;-;-;-;-
CCMH27P010500;BRBMEFOV0J87;AGRIBUSINESS;-;-;-;-;-;-;-;-;-;25,58;-;-;-;-;-;-;-
CCMN27C007000;BRBMEFFM0J50;AGRIBUSINESS;-;-;-;-;-;-;-;-;-;6,86;-;-;-;-;-;-;-
CCMN27P007000;BRBMEFOV0J95;AGRIBUSINESS;-;-;-;-;-;-;-;-;-;0,65;-;-;-;-;-;-;-
CCMH27C008700;BRBMEFFM0J68;AGRIBUSINESS;-;-;-;-;-;-;-;-;-;0,46;-;-;-;-;-;-;-
CCMH27C009400;BRBMEFFM0J76;AGRIBUSINESS;-;-;-;-;-;-;-;-;-;0,15;-;-;-;-;-;-;-
CCMH27P008700;BRBMEFOV0JA8;AGRIBUSINESS;-;-;-;-;-;-;-;-;-;8,97;-;-;-;-;-;-;-
CCMH27P009400;BRBMEFOV0JB6;AGRIBUSINESS;-;-;-;-;-;-;-;-;-;15,29;-;-;-;-;-;-;-
CCMK27C006600;BRBMEFFM0J84;AGRIBUSINESS;-;-;-;-;-;-;-;-;-;10,27;-;-;-;-;-;-;-
CCMK27P006600;BRBMEFOV0JC4;AGRIBUSINESS;-;-;-;-;-;-;-;-;-;0,23;-;-;-;-;-;-;-
CCMF27C007750;BRBMEFFM0J92;AGRIBUSINESS;-;-;-;-;-;-;-;-;-;1,01;-;-;-;-;-;-;-
CCMF27P007750;BRBMEFOV0JD2;AGRIBUSINESS;-;-;-;-;-;-;-;-;-;3,38;-;-;-;-;-;-;-
CCMN27C007450;BRBMEFFM0JA0;AGRIBUSINESS;-;-;-;-;-;-;-;-;-;3,97;-;-;-;-;-;-;-
CCMN27P007450;BRBMEFOV0JE0;AGRIBUSINESS;-;-;-;-;-;-;-;-;-;1,87;-;-;-;-;-;-;-
CCMF27C008800;BRBMEFFM0JC6;AGRIBUSINESS;-;-;-;-;-;-;-;-;-;0,05;-;-;-;-;-;-;-
CCMF27P008800;BRBMEFOV0JG5;AGRIBUSINESS;-;-;-;-;-;-;-;-;-;12,58;-;-;-;-;-;-;-
CCMU27C008050;BRBMEFFM0JD4;AGRIBUSINESS;-;-;-;-;-;-;-;-;-;1,92;-;-;-;-;-;-;-
CCMU27P008050;BRBMEFOV0JH3;AGRIBUSINESS;-;-;-;-;-;-;-;-;-;5,38;-;-;-;-;-;-;-
CCMX26C007475;BRBMEFFM0JB8;AGRIBUSINESS;-;-;-;-;-;-;-;-;-;0,12;-;-;-;-;-;-;-
CCMX26P007475;BRBMEFOV0JF7;AGRIBUSINESS;-;-;-;-;-;-;-;-;-;4,28;-;-;-;-;-;-;-
CCMU27C006900;BRBMEFFM0JE2;AGRIBUSINESS;-;-;-;-;-;-;-;-;-;7,59;-;-;-;-;-;-;-
CCMU27C006950;BRBMEFFM0JF9;AGRIBUSINESS;-;-;-;-;-;-;-;-;-;7,23;-;-;-;-;-;-;-
CCMU27C007350;BRBMEFFM0JG7;AGRIBUSINESS;-;-;-;-;-;-;-;-;-;4,65;-;-;-;-;-;-;-
CCMU27C007550;BRBMEFFM0JH5;AGRIBUSINESS;-;-;-;-;-;-;-;-;-;3,65;-;-;-;-;-;-;-
CCMU27P006900;BRBMEFOV0JI1;AGRIBUSINESS;-;-;-;-;-;-;-;-;-;0,78;-;-;-;-;-;-;-
CCMU27P006950;BRBMEFOV0JJ9;AGRIBUSINESS;-;-;-;-;-;-;-;-;-;0,86;-;-;-;-;-;-;-
CCMU27P007350;BRBMEFOV0JK7;AGRIBUSINESS;-;-;-;-;-;-;-;-;-;1,86;-;-;-;-;-;-;-
CCMU27P007550;BRBMEFOV0JL5;AGRIBUSINESS;-;-;-;-;-;-;-;-;-;2,64;-;-;-;-;-;-;-
CCMX26C008325;BRBMEFFM0JI3;AGRIBUSINESS;-;-;-;-;-;-;-;-;-;0,01;-;-;-;-;-;-;-
CCMX26P008325;BRBMEFOV0JM3;AGRIBUSINESS;-;-;-;-;-;-;-;-;-;12,54;-;-;-;-;-;-;-
CCMK27C007800;BRBMEFFM0JJ1;AGRIBUSINESS;-;-;-;-;-;-;-;-;-;2,22;-;-;-;-;-;-;-
CCMK27P007800;BRBMEFOV0JN1;AGRIBUSINESS;-;-;-;-;-;-;-;-;-;3,33;-;-;-;-;-;-;-
CCMK27C008500;BRBMEFFM0JK9;AGRIBUSINESS;-;-;-;-;-;-;-;-;-;0,73;-;-;-;-;-;-;-
CCMK27P008500;BRBMEFOV0JO9;AGRIBUSINESS;-;-;-;-;-;-;-;-;-;8,34;-;-;-;-;-;-;-
CCMF27C007675;BRBMEFFM0JL7;AGRIBUSINESS;-;-;-;-;-;-;-;-;-;1,22;-;-;-;-;-;-;-
CCMF27C008525;BRBMEFFM0JM5;AGRIBUSINESS;-;-;-;-;-;-;-;-;-;0,14;-;-;-;-;-;-;-
CCMF27P007675;BRBMEFOV0JP6;AGRIBUSINESS;-;-;-;-;-;-;-;-;-;2,87;-;-;-;-;-;-;-
CCMF27P008525;BRBMEFOV0JQ4;AGRIBUSINESS;-;-;-;-;-;-;-;-;-;10;-;-;-;-;-;-;-
CCMF27C008450;BRBMEFFM0JN3;AGRIBUSINESS;-;-;-;-;-;-;-;-;-;0,16;-;-;-;-;-;-;-
CCMF27P008450;BRBMEFOV0JR2;AGRIBUSINESS;-;-;-;-;-;-;-;-;-;9,3;-;-;-;-;-;-;-
CCMK27C006700;BRBMEFFM0JO1;AGRIBUSINESS;-;-;-;-;-;-;-;-;-;9,4;-;-;-;-;-;-;-
CCMK27C006750;BRBMEFFM0JP8;AGRIBUSINESS;-;-;-;-;-;-;-;-;-;8,97;-;-;-;-;-;-;-
CCMK27C006900;BRBMEFFM0JQ6;AGRIBUSINESS;-;-;-;-;-;-;-;-;-;7,73;-;-;-;-;-;-;-
CCMK27C006950;BRBMEFFM0JR4;AGRIBUSINESS;-;-;-;-;-;-;-;-;-;7,32;-;-;-;-;-;-;-
CCMK27C007450;BRBMEFFM0JS2;AGRIBUSINESS;-;-;-;-;-;-;-;-;-;3,85;-;-;-;-;-;-;-
CCMK27C007600;BRBMEFFM0JT0;AGRIBUSINESS;-;-;-;-;-;-;-;-;-;3,07;-;-;-;-;-;-;-
CCMK27C007650;BRBMEFFM0JU8;AGRIBUSINESS;-;-;-;-;-;-;-;-;-;2,83;-;-;-;-;-;-;-
CCMK27C007700;BRBMEFFM0JV6;AGRIBUSINESS;-;-;-;-;-;-;-;-;-;2,61;-;-;-;-;-;-;-
CCMK27C007750;BRBMEFFM0JW4;AGRIBUSINESS;-;-;-;-;-;-;-;-;-;2,41;-;-;-;-;-;-;-
CCMK27P006700;BRBMEFOV0JS0;AGRIBUSINESS;-;-;-;-;-;-;-;-;-;0,29;-;-;-;-;-;-;-
CCMK27P006750;BRBMEFOV0JT8;AGRIBUSINESS;-;-;-;-;-;-;-;-;-;0,32;-;-;-;-;-;-;-
CCMK27P006900;BRBMEFOV0JU6;AGRIBUSINESS;-;-;-;-;-;-;-;-;-;0,47;-;-;-;-;-;-;-
CCMK27P006950;BRBMEFOV0JV4;AGRIBUSINESS;-;-;-;-;-;-;-;-;-;0,53;-;-;-;-;-;-;-
CCMK27P007450;BRBMEFOV0JW2;AGRIBUSINESS;-;-;-;-;-;-;-;-;-;1,7;-;-;-;-;-;-;-
CCMK27P007600;BRBMEFOV0JX0;AGRIBUSINESS;-;-;-;-;-;-;-;-;-;2,31;-;-;-;-;-;-;-
CCMK27P007650;BRBMEFOV0JY8;AGRIBUSINESS;-;-;-;-;-;-;-;-;-;2,54;-;-;-;-;-;-;-
CCMK27P007700;BRBMEFOV0JZ5;AGRIBUSINESS;-;-;-;-;-;-;-;-;-;2,79;-;-;-;-;-;-;-
CCMK27P007750;BRBMEFOV0K01;AGRIBUSINESS;-;-;-;-;-;-;-;-;-;3,05;-;-;-;-;-;-;-
CCMH27C007775;BRBMEFFM0JX2;AGRIBUSINESS;-;-;-;-;-;-;-;-;-;2,52;-;-;-;-;-;-;-
CCMH27P007775;BRBMEFOV0K19;AGRIBUSINESS;-;-;-;-;-;-;-;-;-;2,25;-;-;-;-;-;-;-
CCMH27C007825;BRBMEFFM0JY0;AGRIBUSINESS;-;-;-;-;-;-;-;-;-;2,29;-;-;-;-;-;-;-
CCMH27C008825;BRBMEFFM0JZ7;AGRIBUSINESS;-;-;-;-;-;-;-;-;-;0,38;-;-;-;-;-;-;-
CCMH27P007825;BRBMEFOV0K27;AGRIBUSINESS;-;-;-;-;-;-;-;-;-;2,5;-;-;-;-;-;-;-
CCMH27P008825;BRBMEFOV0K35;AGRIBUSINESS;-;-;-;-;-;-;-;-;-;10,07;-;-;-;-;-;-;-
CCMU27C007450;BRBMEFFM0K08;AGRIBUSINESS;-;-;-;-;-;-;-;-;-;4,12;-;-;-;-;-;-;-
CCMU27P007450;BRBMEFOV0K43;AGRIBUSINESS;-;-;-;-;-;-;-;-;-;2,22;-;-;-;-;-;-;-
CCMH27C007850;BRBMEFFM0K16;AGRIBUSINESS;-;-;-;-;-;-;-;-;-;2,19;-;-;-;-;-;-;-
CCMH27P007850;BRBMEFOV0K50;AGRIBUSINESS;-;-;-;-;-;-;-;-;-;2,63;-;-;-;-;-;-;-
CCMF27C007725;BRBMEFFM0K24;AGRIBUSINESS;-;-;-;-;-;-;-;-;-;1,07;-;-;-;-;-;-;-
CCMF27P007725;BRBMEFOV0K68;AGRIBUSINESS;-;-;-;-;-;-;-;-;-;3,21;-;-;-;-;-;-;-
CCMH27C008650;BRBMEFFM0K32;AGRIBUSINESS;-;-;-;-;-;-;-;-;-;0,5;-;-;-;-;-;-;-
CCMH27P008650;BRBMEFOV0K76;AGRIBUSINESS;-;-;-;-;-;-;-;-;-;8,53;-;-;-;-;-;-;-
CCMK27C008450;BRBMEFFM0K40;AGRIBUSINESS;-;-;-;-;-;-;-;-;-;0,79;-;-;-;-;-;-;-
CCMK27P008450;BRBMEFOV0K84;AGRIBUSINESS;-;-;-;-;-;-;-;-;-;7,93;-;-;-;-;-;-;-
CCMX26C008250;BRBMEFFM0K57;AGRIBUSINESS;-;-;-;-;-;-;-;-;-;0,01;-;-;-;-;-;-;-
CCMX26P008250;BRBMEFOV0K92;AGRIBUSINESS;-;-;-;-;-;-;-;-;-;11,8;-;-;-;-;-;-;-
CCMH27C009200;BRBMEFFM0K65;AGRIBUSINESS;-;-;-;-;-;-;-;-;-;0,21;-;-;-;-;-;-;-
CCMH27P009200;BRBMEFOV0KA6;AGRIBUSINESS;-;-;-;-;-;-;-;-;-;13,45;-;-;-;-;-;-;-
CCMX27C008200;BRBMEFFM0K73;AGRIBUSINESS;1,95;1,95;1,95;1,95;1,95;-;-;-;-;2,5;-;-;-;-;1;185;162337,5
CCMX27C008300;BRBMEFFM0K81;AGRIBUSINESS;-;-;-;-;-;-;-;-;-;2,23;-;-;-;-;-;-;-
CCMX27P008200;BRBMEFOV0KB4;AGRIBUSINESS;-;-;-;-;-;-;-;-;-;5,02;-;-;-;-;-;-;-
CCMX27P008300;BRBMEFOV0KC2;AGRIBUSINESS;-;-;-;-;-;-;-;-;-;5,62;-;-;-;-;-;-;-
CCMF27C009000;BRBMEFFM0K99;AGRIBUSINESS;-;-;-;-;-;-;-;-;-;0,02;-;-;-;-;-;-;-
CCMF27C009500;BRBMEFFM0KA8;AGRIBUSINESS;-;-;-;-;-;-;-;-;-;0,01;-;-;-;-;-;-;-
CCMF27P009000;BRBMEFOV0KD0;AGRIBUSINESS;-;-;-;-;-;-;-;-;-;14,48;-;-;-;-;-;-;-
CCMF27P009500;BRBMEFOV0KE8;AGRIBUSINESS;-;-;-;-;-;-;-;-;-;19,29;-;-;-;-;-;-;-
CCMK27C007850;BRBMEFFM0KB6;AGRIBUSINESS;-;-;-;-;-;-;-;-;-;2,05;-;-;-;-;-;-;-
CCMK27P007850;BRBMEFOV0KF5;AGRIBUSINESS;-;-;-;-;-;-;-;-;-;3,62;-;-;-;-;-;-;-
CCMH27C008100;BRBMEFFM0KC4;AGRIBUSINESS;-;-;-;-;-;-;-;-;-;1,36;-;-;-;-;-;-;-
CCMH27C008150;BRBMEFFM0KD2;AGRIBUSINESS;-;-;-;-;-;-;-;-;-;1,24;-;-;-;-;-;-;-
CCMH27P008100;BRBMEFOV0KG3;AGRIBUSINESS;-;-;-;-;-;-;-;-;-;4,17;-;-;-;-;-;-;-
CCMH27P008150;BRBMEFOV0KH1;AGRIBUSINESS;-;-;-;-;-;-;-;-;-;4,53;-;-;-;-;-;-;-
CCMU27C006850;BRBMEFFM0KE0;AGRIBUSINESS;-;-;-;-;-;-;-;-;-;7,96;-;-;-;-;-;-;-
CCMU27C007650;BRBMEFFM0KF7;AGRIBUSINESS;-;-;-;-;-;-;-;-;-;3,21;-;-;-;-;-;-;-
CCMU27C008400;BRBMEFFM0KG5;AGRIBUSINESS;-;-;-;-;-;-;-;-;-;1,27;-;-;-;-;-;-;-
CCMU27C008450;BRBMEFFM0KH3;AGRIBUSINESS;-;-;-;-;-;-;-;-;-;1,2;-;-;-;-;-;-;-
CCMU27P006850;BRBMEFOV0KI9;AGRIBUSINESS;-;-;-;-;-;-;-;-;-;0,7;-;-;-;-;-;-;-
CCMU27P007650;BRBMEFOV0KJ7;AGRIBUSINESS;-;-;-;-;-;-;-;-;-;3,1;-;-;-;-;-;-;-
CCMU27P008400;BRBMEFOV0KK5;AGRIBUSINESS;-;-;-;-;-;-;-;-;-;7,86;-;-;-;-;-;-;-
CCMU27P008450;BRBMEFOV0KL3;AGRIBUSINESS;-;-;-;-;-;-;-;-;-;8,23;-;-;-;-;-;-;-
CCMH27C008225;BRBMEFFM0KI1;AGRIBUSINESS;-;-;-;-;-;-;-;-;-;1,07;-;-;-;-;-;-;-
CCMH27P008225;BRBMEFOV0KM1;AGRIBUSINESS;-;-;-;-;-;-;-;-;-;5,08;-;-;-;-;-;-;-
CCMK27C009500;BRBMEFFM0KJ9;AGRIBUSINESS;-;-;-;-;-;-;-;-;-;0,19;-;-;-;-;-;-;-
CCMK27P009500;BRBMEFOV0KN9;AGRIBUSINESS;-;-;-;-;-;-;-;-;-;17,09;-;-;-;-;-;-;-
CCMX26C007875;BRBMEFFM0KK7;AGRIBUSINESS;-;-;-;-;-;-;-;-;-;0,01;-;-;-;-;-;-;-
CCMX26C008175;BRBMEFFM0KL5;AGRIBUSINESS;-;-;-;-;-;-;-;-;-;0,01;-;-;-;-;-;-;-
CCMX26P007875;BRBMEFOV0KO7;AGRIBUSINESS;-;-;-;-;-;-;-;-;-;8,11;-;-;-;-;-;-;-
CCMX26P008175;BRBMEFOV0KP4;AGRIBUSINESS;-;-;-;-;-;-;-;-;-;11,06;-;-;-;-;-;-;-
CCMU27C007775;BRBMEFFM0KM3;AGRIBUSINESS;-;-;-;-;-;-;-;-;-;2,74;-;-;-;-;-;-;-
CCMU27P007775;BRBMEFOV0KQ2;AGRIBUSINESS;-;-;-;-;-;-;-;-;-;3,74;-;-;-;-;-;-;-
CCMU27C008300;BRBMEFFM0KN1;AGRIBUSINESS;-;-;-;-;-;-;-;-;-;1,43;-;-;-;-;-;-;-
CCMU27P008300;BRBMEFOV0KR0;AGRIBUSINESS;-;-;-;-;-;-;-;-;-;7,12;-;-;-;-;-;-;-
CCMX26C008150;BRBMEFFM0KO9;AGRIBUSINESS;-;-;-;-;-;-;-;-;-;0,01;-;-;-;-;-;-;-
CCMX26P008150;BRBMEFOV0KS8;AGRIBUSINESS;-;-;-;-;-;-;-;-;-;10,82;-;-;-;-;-;-;-
CCMF27C008150;BRBMEFFM0KQ4;AGRIBUSINESS;-;-;-;-;-;-;-;-;-;0,36;-;-;-;-;-;-;-
CCMF27C008850;BRBMEFFM0KR2;AGRIBUSINESS;-;-;-;-;-;-;-;-;-;0,04;-;-;-;-;-;-;-
CCMF27P008150;BRBMEFOV0KU4;AGRIBUSINESS;-;-;-;-;-;-;-;-;-;6,6;-;-;-;-;-;-;-
CCMF27P008850;BRBMEFOV0KV2;AGRIBUSINESS;-;-;-;-;-;-;-;-;-;13,05;-;-;-;-;-;-;-
CCMX26C007775;BRBMEFFM0KP6;AGRIBUSINESS;-;-;-;-;-;-;-;-;-;0,02;-;-;-;-;-;-;-
CCMX26P007775;BRBMEFOV0KT6;AGRIBUSINESS;-;-;-;-;-;-;-;-;-;7,14;-;-;-;-;-;-;-
CCMN27C006000;BRBMEFFM0KS0;AGRIBUSINESS;-;-;-;-;-;-;-;-;-;15,33;-;-;-;-;-;-;-
CCMN27P006000;BRBMEFOV0KW0;AGRIBUSINESS;-;-;-;-;-;-;-;-;-;0,02;-;-;-;-;-;-;-
CCMK27C008200;BRBMEFFM0KT8;AGRIBUSINESS;-;-;-;-;-;-;-;-;-;1,16;-;-;-;-;-;-;-
CCMK27P008200;BRBMEFOV0KX8;AGRIBUSINESS;-;-;-;-;-;-;-;-;-;5,98;-;-;-;-;-;-;-
CCMU27C007750;BRBMEFFM0KU6;AGRIBUSINESS;-;-;-;-;-;-;-;-;-;2,83;-;-;-;-;-;-;-
CCMU27P007750;BRBMEFOV0KY6;AGRIBUSINESS;-;-;-;-;-;-;-;-;-;3,6;-;-;-;-;-;-;-
CCMH27C008400;BRBMEFFM0KV4;AGRIBUSINESS;-;-;-;-;-;-;-;-;-;0,78;-;-;-;-;-;-;-
CCMH27P008400;BRBMEFOV0KZ3;AGRIBUSINESS;-;-;-;-;-;-;-;-;-;6,44;-;-;-;-;-;-;-
CCMN27C007700;BRBMEFFM0KW2;AGRIBUSINESS;-;-;-;-;-;-;-;-;-;2,81;-;-;-;-;-;-;-
CCMN27C007800;BRBMEFFM0KX0;AGRIBUSINESS;-;-;-;-;-;-;-;-;-;2,44;-;-;-;-;-;-;-
CCMN27C007900;BRBMEFFM0KY8;AGRIBUSINESS;-;-;-;-;-;-;-;-;-;2,11;-;-;-;-;-;-;-
CCMN27P007700;BRBMEFOV0L00;AGRIBUSINESS;-;-;-;-;-;-;-;-;-;2,99;-;-;-;-;-;-;-
CCMN27P007800;BRBMEFOV0L18;AGRIBUSINESS;-;-;-;-;-;-;-;-;-;3,52;-;-;-;-;-;-;-
CCMN27P007900;BRBMEFOV0L26;AGRIBUSINESS;-;-;-;-;-;-;-;-;-;4,1;-;-;-;-;-;-;-
CCMU27C007900;BRBMEFFM0KZ5;AGRIBUSINESS;-;-;-;-;-;-;-;-;-;2,33;-;-;-;-;-;-;-
CCMU27P007900;BRBMEFOV0L34;AGRIBUSINESS;-;-;-;-;-;-;-;-;-;4,45;-;-;-;-;-;-;-
CCMX27C008100;BRBMEFFM0L07;AGRIBUSINESS;-;-;-;-;-;-;-;-;-;2,8;-;-;-;-;-;-;-
CCMX27P008100;BRBMEFOV0L42;AGRIBUSINESS;-;-;-;-;-;-;-;-;-;4,44;-;-;-;-;-;-;-
CCMF27C008900;BRBMEFFM0L15;AGRIBUSINESS;-;-;-;-;-;-;-;-;-;0,04;-;-;-;-;-;-;-
CCMF27P008900;BRBMEFOV0L59;AGRIBUSINESS;-;-;-;-;-;-;-;-;-;13,53;-;-;-;-;-;-;-
CCMN27C008000;BRBMEFFM0L23;AGRIBUSINESS;-;-;-;-;-;-;-;-;-;1,82;-;-;-;-;-;-;-
CCMN27P008000;BRBMEFOV0L67;AGRIBUSINESS;-;-;-;-;-;-;-;-;-;4,73;-;-;-;-;-;-;-
CCMH27C008450;BRBMEFFM0L31;AGRIBUSINESS;-;-;-;-;-;-;-;-;-;0,71;-;-;-;-;-;-;-
CCMH27P008450;BRBMEFOV0L75;AGRIBUSINESS;-;-;-;-;-;-;-;-;-;6,85;-;-;-;-;-;-;-
CCMU27C007225;BRBMEFFM0L49;AGRIBUSINESS;-;-;-;-;-;-;-;-;-;5,38;-;-;-;-;-;-;-
CCMU27C008200;BRBMEFFM0L56;AGRIBUSINESS;-;-;-;-;-;-;-;-;-;1,61;-;-;-;-;-;-;-
CCMU27P007225;BRBMEFOV0L83;AGRIBUSINESS;-;-;-;-;-;-;-;-;-;1,46;-;-;-;-;-;-;-
CCMU27P008200;BRBMEFOV0L91;AGRIBUSINESS;-;-;-;-;-;-;-;-;-;6,4;-;-;-;-;-;-;-
CCMU27C007850;BRBMEFFM0L64;AGRIBUSINESS;-;-;-;-;-;-;-;-;-;2,49;-;-;-;-;-;-;-
CCMU27C008350;BRBMEFFM0L72;AGRIBUSINESS;-;-;-;-;-;-;-;-;-;1,35;-;-;-;-;-;-;-
CCMU27P007850;BRBMEFOV0LA4;AGRIBUSINESS;-;-;-;-;-;-;-;-;-;4,16;-;-;-;-;-;-;-
CCMU27P008350;BRBMEFOV0LB2;AGRIBUSINESS;-;-;-;-;-;-;-;-;-;7,49;-;-;-;-;-;-;-
CCMH27C008850;BRBMEFFM0L80;AGRIBUSINESS;-;-;-;-;-;-;-;-;-;0,36;-;-;-;-;-;-;-
CCMH27P008850;BRBMEFOV0LC0;AGRIBUSINESS;-;-;-;-;-;-;-;-;-;10,29;-;-;-;-;-;-;-
CCMU27C007950;BRBMEFFM0L98;AGRIBUSINESS;-;-;-;-;-;-;-;-;-;2,19;-;-;-;-;-;-;-
CCMU27C008250;BRBMEFFM0LA6;AGRIBUSINESS;-;-;-;-;-;-;-;-;-;1,52;-;-;-;-;-;-;-
CCMU27C008550;BRBMEFFM0LB4;AGRIBUSINESS;-;-;-;-;-;-;-;-;-;1,08;-;-;-;-;-;-;-
CCMU27C008600;BRBMEFFM0LC2;AGRIBUSINESS;-;-;-;-;-;-;-;-;-;1,02;-;-;-;-;-;-;-
CCMU27C008650;BRBMEFFM0LD0;AGRIBUSINESS;-;-;-;-;-;-;-;-;-;0,96;-;-;-;-;-;-;-
CCMU27C008700;BRBMEFFM0LE8;AGRIBUSINESS;-;-;-;-;-;-;-;-;-;0,91;-;-;-;-;-;-;-
CCMU27C008750;BRBMEFFM0LF5;AGRIBUSINESS;-;-;-;-;-;-;-;-;-;0,87;-;-;-;-;-;-;-
CCMU27C008800;BRBMEFFM0LG3;AGRIBUSINESS;-;-;-;-;-;-;-;-;-;0,83;-;-;-;-;-;-;-
CCMU27C008850;BRBMEFFM0LH1;AGRIBUSINESS;-;-;-;-;-;-;-;-;-;0,78;-;-;-;-;-;-;-
CCMU27C008900;BRBMEFFM0LI9;AGRIBUSINESS;-;-;-;-;-;-;-;-;-;0,75;-;-;-;-;-;-;-
CCMU27C008950;BRBMEFFM0LJ7;AGRIBUSINESS;-;-;-;-;-;-;-;-;-;0,71;-;-;-;-;-;-;-
CCMU27C009000;BRBMEFFM0LK5;AGRIBUSINESS;-;-;-;-;-;-;-;-;-;0,68;-;-;-;-;-;-;-
CCMU27P007950;BRBMEFOV0LD8;AGRIBUSINESS;-;-;-;-;-;-;-;-;-;4,75;-;-;-;-;-;-;-
CCMU27P008250;BRBMEFOV0LE6;AGRIBUSINESS;-;-;-;-;-;-;-;-;-;6,76;-;-;-;-;-;-;-
CCMU27P008550;BRBMEFOV0LF3;AGRIBUSINESS;-;-;-;-;-;-;-;-;-;9;-;-;-;-;-;-;-
CCMU27P008600;BRBMEFOV0LG1;AGRIBUSINESS;-;-;-;-;-;-;-;-;-;9,39;-;-;-;-;-;-;-
CCMU27P008650;BRBMEFOV0LH9;AGRIBUSINESS;-;-;-;-;-;-;-;-;-;9,78;-;-;-;-;-;-;-
CCMU27P008700;BRBMEFOV0LI7;AGRIBUSINESS;-;-;-;-;-;-;-;-;-;10,18;-;-;-;-;-;-;-
CCMU27P008750;BRBMEFOV0LJ5;AGRIBUSINESS;-;-;-;-;-;-;-;-;-;10,58;-;-;-;-;-;-;-
CCMU27P008800;BRBMEFOV0LK3;AGRIBUSINESS;-;-;-;-;-;-;-;-;-;10,98;-;-;-;-;-;-;-
CCMU27P008850;BRBMEFOV0LL1;AGRIBUSINESS;-;-;-;-;-;-;-;-;-;11,39;-;-;-;-;-;-;-
CCMU27P008900;BRBMEFOV0LM9;AGRIBUSINESS;-;-;-;-;-;-;-;-;-;11,79;-;-;-;-;-;-;-
CCMU27P008950;BRBMEFOV0LN7;AGRIBUSINESS;-;-;-;-;-;-;-;-;-;12,21;-;-;-;-;-;-;-
CCMU27P009000;BRBMEFOV0LO5;AGRIBUSINESS;-;-;-;-;-;-;-;-;-;12,62;-;-;-;-;-;-;-
CCMH27C012000;BRBMEFFM0LL3;AGRIBUSINESS;-;-;-;-;-;-;-;-;-;0,01;-;-;-;-;-;-;-
CCMH27P012000;BRBMEFOV0LP2;AGRIBUSINESS;-;-;-;-;-;-;-;-;-;39,79;-;-;-;-;-;-;-
CCMH27C008800;BRBMEFFM0LM1;AGRIBUSINESS;-;-;-;-;-;-;-;-;-;0,39;-;-;-;-;-;-;-
CCMH27P008800;BRBMEFOV0LQ0;AGRIBUSINESS;-;-;-;-;-;-;-;-;-;9,84;-;-;-;-;-;-;-
CCMU27C007525;BRBMEFFM0LN9;AGRIBUSINESS;-;-;-;-;-;-;-;-;-;3,76;-;-;-;-;-;-;-
CCMU27P007525;BRBMEFOV0LR8;AGRIBUSINESS;-;-;-;-;-;-;-;-;-;2,53;-;-;-;-;-;-;-
CCMU27C007125;BRBMEFFM0LO7;AGRIBUSINESS;-;-;-;-;-;-;-;-;-;6;-;-;-;-;-;-;-
CCMU27P007125;BRBMEFOV0LS6;AGRIBUSINESS;-;-;-;-;-;-;-;-;-;1,2;-;-;-;-;-;-;-
CCMN27C007250;BRBMEFFM0LP4;AGRIBUSINESS;-;-;-;-;-;-;-;-;-;5,13;-;-;-;-;-;-;-
CCMN27C007275;BRBMEFFM0LR0;AGRIBUSINESS;-;-;-;-;-;-;-;-;-;4,98;-;-;-;-;-;-;-
CCMN27C008500;BRBMEFFM0LQ2;AGRIBUSINESS;-;-;-;-;-;-;-;-;-;0,91;-;-;-;-;-;-;-
CCMN27P007250;BRBMEFOV0LT4;AGRIBUSINESS;-;-;-;-;-;-;-;-;-;1,2;-;-;-;-;-;-;-
CCMN27P007275;BRBMEFOV0LV0;AGRIBUSINESS;-;-;-;-;-;-;-;-;-;1,28;-;-;-;-;-;-;-
CCMN27P008500;BRBMEFOV0LU2;AGRIBUSINESS;-;-;-;-;-;-;-;-;-;8,37;-;-;-;-;-;-;-
CCMK27C008700;BRBMEFFM0LS8;AGRIBUSINESS;-;-;-;-;-;-;-;-;-;0,55;-;-;-;-;-;-;-
CCMK27P008700;BRBMEFOV0LW8;AGRIBUSINESS;-;-;-;-;-;-;-;-;-;10,01;-;-;-;-;-;-;-
CCMK27C007900;BRBMEFFM0LT6;AGRIBUSINESS;-;-;-;-;-;-;-;-;-;1,89;-;-;-;-;-;-;-
CCMK27P007900;BRBMEFOV0LX6;AGRIBUSINESS;-;-;-;-;-;-;-;-;-;3,92;-;-;-;-;-;-;-
CCMK27C008850;BRBMEFFM0LU4;AGRIBUSINESS;-;-;-;-;-;-;-;-;-;0,44;-;-;-;-;-;-;-
CCMK27P008850;BRBMEFOV0LY4;AGRIBUSINESS;-;-;-;-;-;-;-;-;-;11,3;-;-;-;-;-;-;-
CCMN27C008400;BRBMEFFM0LV2;AGRIBUSINESS;-;-;-;-;-;-;-;-;-;1,04;-;-;-;-;-;-;-
CCMN27P008400;BRBMEFOV0LZ1;AGRIBUSINESS;-;-;-;-;-;-;-;-;-;7,59;-;-;-;-;-;-;-
CCMU27C006200;BRBMEFFM0LW0;AGRIBUSINESS;-;-;-;-;-;-;-;-;-;13,25;-;-;-;-;-;-;-
CCMU27P006200;BRBMEFOV0M09;AGRIBUSINESS;-;-;-;-;-;-;-;-;-;0,19;-;-;-;-;-;-;-
CCMF27C007975;BRBMEFFM0LX8;AGRIBUSINESS;-;-;-;-;-;-;-;-;-;0,56;-;-;-;-;-;-;-
CCMF27P007975;BRBMEFOV0M17;AGRIBUSINESS;-;-;-;-;-;-;-;-;-;5,11;-;-;-;-;-;-;-
CCMN27C007400;BRBMEFFM0LY6;AGRIBUSINESS;-;-;-;-;-;-;-;-;-;4,24;-;-;-;-;-;-;-
CCMN27C008600;BRBMEFFM0LZ3;AGRIBUSINESS;-;-;-;-;-;-;-;-;-;0,79;-;-;-;-;-;-;-
CCMN27C009100;BRBMEFFM0M06;AGRIBUSINESS;-;-;-;-;-;-;-;-;-;0,42;-;-;-;-;-;-;-
CCMN27P007400;BRBMEFOV0M25;AGRIBUSINESS;-;-;-;-;-;-;-;-;-;1,68;-;-;-;-;-;-;-
CCMN27P008600;BRBMEFOV0M33;AGRIBUSINESS;-;-;-;-;-;-;-;-;-;9,16;-;-;-;-;-;-;-
CCMN27P009100;BRBMEFOV0M41;AGRIBUSINESS;-;-;-;-;-;-;-;-;-;13,35;-;-;-;-;-;-;-
CCMN27C007350;BRBMEFFM0M14;AGRIBUSINESS;-;-;-;-;-;-;-;-;-;4,53;-;-;-;-;-;-;-
CCMN27C007950;BRBMEFFM0M22;AGRIBUSINESS;-;-;-;-;-;-;-;-;-;1,96;-;-;-;-;-;-;-
CCMN27C008550;BRBMEFFM0M30;AGRIBUSINESS;-;-;-;-;-;-;-;-;-;0,85;-;-;-;-;-;-;-
CCMN27P007350;BRBMEFOV0M58;AGRIBUSINESS;-;-;-;-;-;-;-;-;-;1,51;-;-;-;-;-;-;-
CCMN27P007950;BRBMEFOV0M66;AGRIBUSINESS;-;-;-;-;-;-;-;-;-;4,41;-;-;-;-;-;-;-
CCMN27P008550;BRBMEFOV0M74;AGRIBUSINESS;-;-;-;-;-;-;-;-;-;8,76;-;-;-;-;-;-;-
CCMK27C007200;BRBMEFFM0M48;AGRIBUSINESS;-;-;-;-;-;-;-;-;-;5,43;-;-;-;-;-;-;-
CCMK27P007200;BRBMEFOV0M82;AGRIBUSINESS;-;-;-;-;-;-;-;-;-;0,97;-;-;-;-;-;-;-
CCMH27C008075;BRBMEFFM0M55;AGRIBUSINESS;-;-;-;-;-;-;-;-;-;1,42;-;-;-;-;-;-;-
CCMH27P008075;BRBMEFOV0M90;AGRIBUSINESS;-;-;-;-;-;-;-;-;-;4;-;-;-;-;-;-;-
CCMK27C008150;BRBMEFFM0M63;AGRIBUSINESS;-;-;-;-;-;-;-;-;-;1,26;-;-;-;-;-;-;-
CCMK27P008150;BRBMEFOV0MA2;AGRIBUSINESS;-;-;-;-;-;-;-;-;-;5,61;-;-;-;-;-;-;-
CCMN27C008100;BRBMEFFM0M71;AGRIBUSINESS;1,5;1,5;1,5;1,5;1,5;-;-;-;-;1,58;-;-;-;-;1;740;499500
CCMN27P008100;BRBMEFOV0MB0;AGRIBUSINESS;-;-;-;-;-;-;-;-;-;5,4;-;-;-;-;-;-;-
CCMX26C007025;BRBMEFFM0M89;AGRIBUSINESS;-;-;-;-;-;-;-;-;-;1,1;-;-;-;-;-;-;-
CCMX26P007025;BRBMEFOV0MC8;AGRIBUSINESS;-;-;-;-;-;-;-;-;-;0,82;-;-;-;-;-;-;-
CCMH27C007925;BRBMEFFM0M97;AGRIBUSINESS;2,37;2,37;2,37;2,37;2,37;-;-;-;-;1,9;-;-;-;-;1;9;9598,5
CCMH27P007925;BRBMEFOV0MD6;AGRIBUSINESS;-;-;-;-;-;-;-;-;-;3,06;-;-;-;-;-;-;-
CCMX26C007275;BRBMEFFM0MA4;AGRIBUSINESS;0,8;0,8;0,8;0,8;0,8;-;-;-;-;0,31;-;-;-;-;1;100;36000
CCMX26P007275;BRBMEFOV0ME4;AGRIBUSINESS;-;-;-;-;-;-;-;-;-;2,5;-;-;-;-;-;-;-
SJCX26C002225;BRBMEFFJMGV3;AGRIBUSINESS;-;-;-;-;-;-;-;-;-;5,95;-;-;-;-;-;-;-
SJCX26P002225;BRBMEFSJ1GV0;AGRIBUSINESS;-;-;-;-;-;-;-;-;-;0,01;-;-;-;-;-;-;-
SJCX26C002175;BRBMEFFJMGY7;AGRIBUSINESS;-;-;-;-;-;-;-;-;-;6,44;-;-;-;-;-;-;-
SJCX26P002175;BRBMEFSJ1GY4;AGRIBUSINESS;-;-;-;-;-;-;-;-;-;0,01;-;-;-;-;-;-;-
SJCX26C002200;BRBMEFFJMJ74;AGRIBUSINESS;-;-;-;-;-;-;-;-;-;6,19;-;-;-;-;-;-;-
SJCX26C002250;BRBMEFFJMJ82;AGRIBUSINESS;-;-;-;-;-;-;-;-;-;5,7;-;-;-;-;-;-;-
SJCX26C002300;BRBMEFFJMJ90;AGRIBUSINESS;-;-;-;-;-;-;-;-;-;5,2;-;-;-;-;-;-;-
SJCX26C002350;BRBMEFFJMJA1;AGRIBUSINESS;-;-;-;-;-;-;-;-;-;4,7;-;-;-;-;-;-;-
SJCX26C002400;BRBMEFFJMJB9;AGRIBUSINESS;-;-;-;-;-;-;-;-;-;4,21;-;-;-;-;-;-;-
SJCX26C002450;BRBMEFFJMJC7;AGRIBUSINESS;-;-;-;-;-;-;-;-;-;3,71;-;-;-;-;-;-;-
SJCX26C002500;BRBMEFFJMJD5;AGRIBUSINESS;-;-;-;-;-;-;-;-;-;3,21;-;-;-;-;-;-;-
SJCX26C002550;BRBMEFFJMJE3;AGRIBUSINESS;-;-;-;-;-;-;-;-;-;2,72;-;-;-;-;-;-;-
SJCX26C002600;BRBMEFFJMJF0;AGRIBUSINESS;-;-;-;-;-;-;-;-;-;2,22;-;-;-;-;-;-;-
SJCX26C002650;BRBMEFFJMJG8;AGRIBUSINESS;-;-;-;-;-;-;-;-;-;1,74;-;-;-;-;-;-;-
SJCX26C002700;BRBMEFFJMJH6;AGRIBUSINESS;-;-;-;-;-;-;-;-;-;1,27;-;-;-;-;-;-;-
SJCX26P002200;BRBMEFSJ1J74;AGRIBUSINESS;-;-;-;-;-;-;-;-;-;0,01;-;-;-;-;-;-;-
SJCX26P002250;BRBMEFSJ1J82;AGRIBUSINESS;-;-;-;-;-;-;-;-;-;0,01;-;-;-;-;-;-;-
SJCX26P002300;BRBMEFSJ1J90;AGRIBUSINESS;-;-;-;-;-;-;-;-;-;0,01;-;-;-;-;-;-;-
SJCX26P002350;BRBMEFSJ1JA8;AGRIBUSINESS;-;-;-;-;-;-;-;-;-;0,01;-;-;-;-;-;-;-
SJCX26P002400;BRBMEFSJ1JB6;AGRIBUSINESS;-;-;-;-;-;-;-;-;-;0,01;-;-;-;-;-;-;-
SJCX26P002450;BRBMEFSJ1JC4;AGRIBUSINESS;-;-;-;-;-;-;-;-;-;0,01;-;-;-;-;-;-;-
SJCX26P002500;BRBMEFSJ1JD2;AGRIBUSINESS;-;-;-;-;-;-;-;-;-;0,01;-;-;-;-;-;-;-
SJCX26P002550;BRBMEFSJ1JE0;AGRIBUSINESS;-;-;-;-;-;-;-;-;-;0,01;-;-;-;-;-;-;-
SJCX26P002600;BRBMEFSJ1JF7;AGRIBUSINESS;-;-;-;-;-;-;-;-;-;0,01;-;-;-;-;-;-;-
SJCX26P002650;BRBMEFSJ1JG5;AGRIBUSINESS;-;-;-;-;-;-;-;-;-;0,01;-;-;-;-;-;-;-
SJCX26P002700;BRBMEFSJ1JH3;AGRIBUSINESS;-;-;-;-;-;-;-;-;-;0,04;-;-;-;-;-;-;-
SJCF27C002000;BRBMEFFJMJI4;AGRIBUSINESS;-;-;-;-;-;-;-;-;-;8,38;-;-;-;-;-;-;-
SJCF27C003000;BRBMEFFJMJJ2;AGRIBUSINESS;-;-;-;-;-;-;-;-;-;0,31;-;-;-;-;-;-;-
SJCF27P002000;BRBMEFSJ1JI1;AGRIBUSINESS;-;-;-;-;-;-;-;-;-;0,01;-;-;-;-;-;-;-
SJCF27P003000;BRBMEFSJ1JJ9;AGRIBUSINESS;-;-;-;-;-;-;-;-;-;1,67;-;-;-;-;-;-;-
SJCH27C002000;BRBMEFFJMJK0;AGRIBUSINESS;-;-;-;-;-;-;-;-;-;8,44;-;-;-;-;-;-;-
SJCH27C003000;BRBMEFFJMJL8;AGRIBUSINESS;-;-;-;-;-;-;-;-;-;0,57;-;-;-;-;-;-;-
SJCH27P002000;BRBMEFSJ1JK7;AGRIBUSINESS;-;-;-;-;-;-;-;-;-;0,01;-;-;-;-;-;-;-
SJCH27P003000;BRBMEFSJ1JL5;AGRIBUSINESS;-;-;-;-;-;-;-;-;-;1,68;-;-;-;-;-;-;-
SJCK27C002000;BRBMEFFJMJM6;AGRIBUSINESS;-;-;-;-;-;-;-;-;-;8,47;-;-;-;-;-;-;-
SJCK27C003000;BRBMEFFJMJN4;AGRIBUSINESS;-;-;-;-;-;-;-;-;-;0,82;-;-;-;-;-;-;-
SJCK27P002000;BRBMEFSJ1JM3;AGRIBUSINESS;-;-;-;-;-;-;-;-;-;0,01;-;-;-;-;-;-;-
SJCK27P003000;BRBMEFSJ1JN1;AGRIBUSINESS;-;-;-;-;-;-;-;-;-;1,71;-;-;-;-;-;-;-
SJCX26C002375;BRBMEFFJMJP9;AGRIBUSINESS;-;-;-;-;-;-;-;-;-;4,46;-;-;-;-;-;-;-
SJCX26P002375;BRBMEFSJ1JP6;AGRIBUSINESS;-;-;-;-;-;-;-;-;-;0,01;-;-;-;-;-;-;-
SJCK27C002475;BRBMEFFJMJQ7;AGRIBUSINESS;-;-;-;-;-;-;-;-;-;4,08;-;-;-;-;-;-;-
SJCK27P002475;BRBMEFSJ1JQ4;AGRIBUSINESS;-;-;-;-;-;-;-;-;-;0,06;-;-;-;-;-;-;-
SJCK27C002275;BRBMEFFJMJR5;AGRIBUSINESS;-;-;-;-;-;-;-;-;-;5,9;-;-;-;-;-;-;-
SJCK27C002325;BRBMEFFJMJS3;AGRIBUSINESS;-;-;-;-;-;-;-;-;-;5,44;-;-;-;-;-;-;-
SJCK27P002275;BRBMEFSJ1JR2;AGRIBUSINESS;-;-;-;-;-;-;-;-;-;0,01;-;-;-;-;-;-;-
SJCK27P002325;BRBMEFSJ1JS0;AGRIBUSINESS;-;-;-;-;-;-;-;-;-;0,01;-;-;-;-;-;-;-
SJCH27C002300;BRBMEFFJMJT1;AGRIBUSINESS;-;-;-;-;-;-;-;-;-;5,58;-;-;-;-;-;-;-
SJCH27C002475;BRBMEFFJMJU9;AGRIBUSINESS;-;-;-;-;-;-;-;-;-;3,93;-;-;-;-;-;-;-
SJCH27C002575;BRBMEFFJMJV7;AGRIBUSINESS;-;-;-;-;-;-;-;-;-;3,04;-;-;-;-;-;-;-
SJCH27P002300;BRBMEFSJ1JT8;AGRIBUSINESS;-;-;-;-;-;-;-;-;-;0,01;-;-;-;-;-;-;-
SJCH27P002475;BRBMEFSJ1JU6;AGRIBUSINESS;-;-;-;-;-;-;-;-;-;0,03;-;-;-;-;-;-;-
SJCH27P002575;BRBMEFSJ1JV4;AGRIBUSINESS;-;-;-;-;-;-;-;-;-;0,09;-;-;-;-;-;-;-
SJCH27C002400;BRBMEFFJMJW5;AGRIBUSINESS;-;-;-;-;-;-;-;-;-;4,63;-;-;-;-;-;-;-
SJCH27C002600;BRBMEFFJMJX3;AGRIBUSINESS;-;-;-;-;-;-;-;-;-;2,82;-;-;-;-;-;-;-
SJCH27P002400;BRBMEFSJ1JW2;AGRIBUSINESS;-;-;-;-;-;-;-;-;-;0,01;-;-;-;-;-;-;-
SJCH27P002600;BRBMEFSJ1JX0;AGRIBUSINESS;-;-;-;-;-;-;-;-;-;0,11;-;-;-;-;-;-;-
SJCK27C002400;BRBMEFFJMJY1;AGRIBUSINESS;-;-;-;-;-;-;-;-;-;4,75;-;-;-;-;-;-;-
SJCK27C002600;BRBMEFFJMJZ8;AGRIBUSINESS;-;-;-;-;-;-;-;-;-;3,02;-;-;-;-;-;-;-
SJCK27P002400;BRBMEFSJ1JY8;AGRIBUSINESS;-;-;-;-;-;-;-;-;-;0,03;-;-;-;-;-;-;-
SJCK27P002600;BRBMEFSJ1JZ5;AGRIBUSINESS;-;-;-;-;-;-;-;-;-;0,17;-;-;-;-;-;-;-
SJCK27C002350;BRBMEFFJMK06;AGRIBUSINESS;-;-;-;-;-;-;-;-;-;5,21;-;-;-;-;-;-;-
SJCK27C002425;BRBMEFFJMK14;AGRIBUSINESS;-;-;-;-;-;-;-;-;-;4,53;-;-;-;-;-;-;-
SJCK27C002450;BRBMEFFJMK22;AGRIBUSINESS;-;-;-;-;-;-;-;-;-;4,3;-;-;-;-;-;-;-
SJCK27C002500;BRBMEFFJMK30;AGRIBUSINESS;-;-;-;-;-;-;-;-;-;3,86;-;-;-;-;-;-;-
SJCK27C002525;BRBMEFFJMK48;AGRIBUSINESS;-;-;-;-;-;-;-;-;-;3,65;-;-;-;-;-;-;-
SJCK27C002575;BRBMEFFJMK55;AGRIBUSINESS;-;-;-;-;-;-;-;-;-;3,22;-;-;-;-;-;-;-
SJCK27P002350;BRBMEFSJ1K06;AGRIBUSINESS;-;-;-;-;-;-;-;-;-;0,02;-;-;-;-;-;-;-
SJCK27P002425;BRBMEFSJ1K14;AGRIBUSINESS;-;-;-;-;-;-;-;-;-;0,04;-;-;-;-;-;-;-
SJCK27P002450;BRBMEFSJ1K22;AGRIBUSINESS;-;-;-;-;-;-;-;-;-;0,05;-;-;-;-;-;-;-
SJCK27P002500;BRBMEFSJ1K30;AGRIBUSINESS;-;-;-;-;-;-;-;-;-;0,08;-;-;-;-;-;-;-
SJCK27P002525;BRBMEFSJ1K48;AGRIBUSINESS;-;-;-;-;-;-;-;-;-;0,09;-;-;-;-;-;-;-
SJCK27P002575;BRBMEFSJ1K55;AGRIBUSINESS;-;-;-;-;-;-;-;-;-;0,14;-;-;-;-;-;-;-
SJCK27C002550;BRBMEFFJMK63;AGRIBUSINESS;-;-;-;-;-;-;-;-;-;3,43;-;-;-;-;-;-;-
SJCK27P002550;BRBMEFSJ1K63;AGRIBUSINESS;-;-;-;-;-;-;-;-;-;0,11;-;-;-;-;-;-;-
SJCH27C002375;BRBMEFFJMKG6;AGRIBUSINESS;-;-;-;-;-;-;-;-;-;4,87;-;-;-;-;-;-;-
SJCH27C002450;BRBMEFFJMKH4;AGRIBUSINESS;-;-;-;-;-;-;-;-;-;4,17;-;-;-;-;-;-;-
SJCH27C002500;BRBMEFFJMKI2;AGRIBUSINESS;-;-;-;-;-;-;-;-;-;3,71;-;-;-;-;-;-;-
SJCH27C002525;BRBMEFFJMKJ0;AGRIBUSINESS;-;-;-;-;-;-;-;-;-;3,48;-;-;-;-;-;-;-
SJCH27C002550;BRBMEFFJMKK8;AGRIBUSINESS;-;-;-;-;-;-;-;-;-;3,26;-;-;-;-;-;-;-
SJCH27P002375;BRBMEFSJ1KG3;AGRIBUSINESS;-;-;-;-;-;-;-;-;-;0,01;-;-;-;-;-;-;-
SJCH27P002450;BRBMEFSJ1KH1;AGRIBUSINESS;-;-;-;-;-;-;-;-;-;0,02;-;-;-;-;-;-;-
SJCH27P002500;BRBMEFSJ1KI9;AGRIBUSINESS;-;-;-;-;-;-;-;-;-;0,04;-;-;-;-;-;-;-
SJCH27P002525;BRBMEFSJ1KJ7;AGRIBUSINESS;-;-;-;-;-;-;-;-;-;0,05;-;-;-;-;-;-;-
SJCH27P002550;BRBMEFSJ1KK5;AGRIBUSINESS;-;-;-;-;-;-;-;-;-;0,07;-;-;-;-;-;-;-
SJCH27C002350;BRBMEFFJMKN2;AGRIBUSINESS;-;-;-;-;-;-;-;-;-;5,1;-;-;-;-;-;-;-
SJCH27C002700;BRBMEFFJMKO0;AGRIBUSINESS;-;-;-;-;-;-;-;-;-;2,03;-;-;-;-;-;-;-
SJCH27P002350;BRBMEFSJ1KN9;AGRIBUSINESS;-;-;-;-;-;-;-;-;-;0,01;-;-;-;-;-;-;-
SJCH27P002700;BRBMEFSJ1KO7;AGRIBUSINESS;-;-;-;-;-;-;-;-;-;0,27;-;-;-;-;-;-;-
SJCK27C002300;BRBMEFFJML96;AGRIBUSINESS;-;-;-;-;-;-;-;-;-;5,67;-;-;-;-;-;-;-
SJCK27C002675;BRBMEFFJMLA7;AGRIBUSINESS;-;-;-;-;-;-;-;-;-;2,45;-;-;-;-;-;-;-
SJCK27P002300;BRBMEFSJ1L96;AGRIBUSINESS;-;-;-;-;-;-;-;-;-;0,01;-;-;-;-;-;-;-
SJCK27P002675;BRBMEFSJ1LA4;AGRIBUSINESS;-;-;-;-;-;-;-;-;-;0,3;-;-;-;-;-;-;-
SJCH27C002650;BRBMEFFJMLB5;AGRIBUSINESS;-;-;-;-;-;-;-;-;-;2,41;-;-;-;-;-;-;-
SJCH27C002800;BRBMEFFJMLC3;AGRIBUSINESS;-;-;-;-;-;-;-;-;-;1,38;-;-;-;-;-;-;-
SJCH27P002650;BRBMEFSJ1LB2;AGRIBUSINESS;-;-;-;-;-;-;-;-;-;0,18;-;-;-;-;-;-;-
SJCH27P002800;BRBMEFSJ1LC0;AGRIBUSINESS;-;-;-;-;-;-;-;-;-;0,58;-;-;-;-;-;-;-
SJCX26C002525;BRBMEFFJMLR1;AGRIBUSINESS;-;-;-;-;-;-;-;-;-;2,97;-;-;-;-;-;-;-
SJCX26C002575;BRBMEFFJMLS9;AGRIBUSINESS;-;-;-;-;-;-;-;-;-;2,47;-;-;-;-;-;-;-
SJCX26C002625;BRBMEFFJMLT7;AGRIBUSINESS;-;-;-;-;-;-;-;-;-;1,98;-;-;-;-;-;-;-
SJCX26C002675;BRBMEFFJMLU5;AGRIBUSINESS;-;-;-;-;-;-;-;-;-;1,5;-;-;-;-;-;-;-
SJCX26C002725;BRBMEFFJMLV3;AGRIBUSINESS;-;-;-;-;-;-;-;-;-;1,05;-;-;-;-;-;-;-
SJCX26C002750;BRBMEFFJMLW1;AGRIBUSINESS;-;-;-;-;-;-;-;-;-;0,85;-;-;-;-;-;-;-
SJCX26C002775;BRBMEFFJMLX9;AGRIBUSINESS;-;-;-;-;-;-;-;-;-;0,67;-;-;-;-;-;-;-
SJCX26C002800;BRBMEFFJMLY7;AGRIBUSINESS;-;-;-;-;-;-;-;-;-;0,51;-;-;-;-;-;-;-
SJCX26C002825;BRBMEFFJMLZ4;AGRIBUSINESS;-;-;-;-;-;-;-;-;-;0,38;-;-;-;-;-;-;-
SJCX26C002850;BRBMEFFJMM04;AGRIBUSINESS;-;-;-;-;-;-;-;-;-;0,28;-;-;-;-;-;-;-
SJCX26C002875;BRBMEFFJMM12;AGRIBUSINESS;-;-;-;-;-;-;-;-;-;0,2;-;-;-;-;-;-;-
SJCX26C002900;BRBMEFFJMM20;AGRIBUSINESS;-;-;-;-;-;-;-;-;-;0,14;-;-;-;-;-;-;-
SJCX26P002525;BRBMEFSJ1LR8;AGRIBUSINESS;-;-;-;-;-;-;-;-;-;0,01;-;-;-;-;-;-;-
SJCX26P002575;BRBMEFSJ1LS6;AGRIBUSINESS;-;-;-;-;-;-;-;-;-;0,01;-;-;-;-;-;-;-
SJCX26P002625;BRBMEFSJ1LT4;AGRIBUSINESS;-;-;-;-;-;-;-;-;-;0,01;-;-;-;-;-;-;-
SJCX26P002675;BRBMEFSJ1LU2;AGRIBUSINESS;-;-;-;-;-;-;-;-;-;0,03;-;-;-;-;-;-;-
SJCX26P002725;BRBMEFSJ1LV0;AGRIBUSINESS;-;-;-;-;-;-;-;-;-;0,07;-;-;-;-;-;-;-
SJCX26P002750;BRBMEFSJ1LW8;AGRIBUSINESS;-;-;-;-;-;-;-;-;-;0,12;-;-;-;-;-;-;-
SJCX26P002775;BRBMEFSJ1LX6;AGRIBUSINESS;-;-;-;-;-;-;-;-;-;0,19;-;-;-;-;-;-;-
SJCX26P002800;BRBMEFSJ1LY4;AGRIBUSINESS;-;-;-;-;-;-;-;-;-;0,28;-;-;-;-;-;-;-
SJCX26P002825;BRBMEFSJ1LZ1;AGRIBUSINESS;-;-;-;-;-;-;-;-;-;0,4;-;-;-;-;-;-;-
SJCX26P002850;BRBMEFSJ1M04;AGRIBUSINESS;-;-;-;-;-;-;-;-;-;0,54;-;-;-;-;-;-;-
SJCX26P002875;BRBMEFSJ1M12;AGRIBUSINESS;-;-;-;-;-;-;-;-;-;0,71;-;-;-;-;-;-;-
SJCX26P002900;BRBMEFSJ1M20;AGRIBUSINESS;-;-;-;-;-;-;-;-;-;0,9;-;-;-;-;-;-;-
SJCH27C002625;BRBMEFFJMM38;AGRIBUSINESS;-;-;-;-;-;-;-;-;-;2,61;-;-;-;-;-;-;-
SJCH27P002625;BRBMEFSJ1M38;AGRIBUSINESS;-;-;-;-;-;-;-;-;-;0,14;-;-;-;-;-;-;-
SJCK27C002700;BRBMEFFJMM61;AGRIBUSINESS;-;-;-;-;-;-;-;-;-;2,27;-;-;-;-;-;-;-
SJCK27P002700;BRBMEFSJ1M61;AGRIBUSINESS;-;-;-;-;-;-;-;-;-;0,35;-;-;-;-;-;-;-
SJCK27C002650;BRBMEFFJMM79;AGRIBUSINESS;-;-;-;-;-;-;-;-;-;2,63;-;-;-;-;-;-;-
SJCK27P002650;BRBMEFSJ1M79;AGRIBUSINESS;-;-;-;-;-;-;-;-;-;0,25;-;-;-;-;-;-;-
SJCK27C002725;BRBMEFFJMM87;AGRIBUSINESS;-;-;-;-;-;-;-;-;-;2,1;-;-;-;-;-;-;-
SJCK27C002750;BRBMEFFJMM95;AGRIBUSINESS;-;-;-;-;-;-;-;-;-;1,94;-;-;-;-;-;-;-
SJCK27C002775;BRBMEFFJMMA5;AGRIBUSINESS;-;-;-;-;-;-;-;-;-;1,79;-;-;-;-;-;-;-
SJCK27C002800;BRBMEFFJMMB3;AGRIBUSINESS;-;-;-;-;-;-;-;-;-;1,65;-;-;-;-;-;-;-
SJCK27C002825;BRBMEFFJMMC1;AGRIBUSINESS;-;-;-;-;-;-;-;-;-;1,52;-;-;-;-;-;-;-
SJCK27C002850;BRBMEFFJMMD9;AGRIBUSINESS;-;-;-;-;-;-;-;-;-;1,39;-;-;-;-;-;-;-
SJCK27P002725;BRBMEFSJ1M87;AGRIBUSINESS;-;-;-;-;-;-;-;-;-;0,42;-;-;-;-;-;-;-
SJCK27P002750;BRBMEFSJ1M95;AGRIBUSINESS;-;-;-;-;-;-;-;-;-;0,49;-;-;-;-;-;-;-
SJCK27P002775;BRBMEFSJ1MA2;AGRIBUSINESS;-;-;-;-;-;-;-;-;-;0,58;-;-;-;-;-;-;-
SJCK27P002800;BRBMEFSJ1MB0;AGRIBUSINESS;-;-;-;-;-;-;-;-;-;0,67;-;-;-;-;-;-;-
SJCK27P002825;BRBMEFSJ1MC8;AGRIBUSINESS;-;-;-;-;-;-;-;-;-;0,77;-;-;-;-;-;-;-
SJCK27P002850;BRBMEFSJ1MD6;AGRIBUSINESS;-;-;-;-;-;-;-;-;-;0,88;-;-;-;-;-;-;-
SJCN27C002300;BRBMEFFJMME7;AGRIBUSINESS;-;-;-;-;-;-;-;-;-;5,69;-;-;-;-;-;-;-
SJCN27C002325;BRBMEFFJMMF4;AGRIBUSINESS;-;-;-;-;-;-;-;-;-;5,46;-;-;-;-;-;-;-
SJCN27C002350;BRBMEFFJMMG2;AGRIBUSINESS;-;-;-;-;-;-;-;-;-;5,24;-;-;-;-;-;-;-
SJCN27C002375;BRBMEFFJMMH0;AGRIBUSINESS;-;-;-;-;-;-;-;-;-;5,02;-;-;-;-;-;-;-
SJCN27C002400;BRBMEFFJMMI8;AGRIBUSINESS;-;-;-;-;-;-;-;-;-;4,81;-;-;-;-;-;-;-
SJCN27C002425;BRBMEFFJMMJ6;AGRIBUSINESS;-;-;-;-;-;-;-;-;-;4,59;-;-;-;-;-;-;-
SJCN27C002450;BRBMEFFJMMK4;AGRIBUSINESS;-;-;-;-;-;-;-;-;-;4,38;-;-;-;-;-;-;-
SJCN27C002475;BRBMEFFJMML2;AGRIBUSINESS;-;-;-;-;-;-;-;-;-;4,16;-;-;-;-;-;-;-
SJCN27C002500;BRBMEFFJMMM0;AGRIBUSINESS;-;-;-;-;-;-;-;-;-;3,95;-;-;-;-;-;-;-
SJCN27C002525;BRBMEFFJMMN8;AGRIBUSINESS;-;-;-;-;-;-;-;-;-;3,74;-;-;-;-;-;-;-
SJCN27C002550;BRBMEFFJMMO6;AGRIBUSINESS;-;-;-;-;-;-;-;-;-;3,54;-;-;-;-;-;-;-
SJCN27C002575;BRBMEFFJMMP3;AGRIBUSINESS;-;-;-;-;-;-;-;-;-;3,35;-;-;-;-;-;-;-
SJCN27C002600;BRBMEFFJMMQ1;AGRIBUSINESS;-;-;-;-;-;-;-;-;-;3,16;-;-;-;-;-;-;-
SJCN27C002625;BRBMEFFJMMR9;AGRIBUSINESS;-;-;-;-;-;-;-;-;-;2,97;-;-;-;-;-;-;-
SJCN27C002650;BRBMEFFJMMS7;AGRIBUSINESS;-;-;-;-;-;-;-;-;-;2,79;-;-;-;-;-;-;-
SJCN27C002675;BRBMEFFJMMT5;AGRIBUSINESS;-;-;-;-;-;-;-;-;-;2,61;-;-;-;-;-;-;-
SJCN27C002700;BRBMEFFJMMU3;AGRIBUSINESS;-;-;-;-;-;-;-;-;-;2,44;-;-;-;-;-;-;-
SJCN27C002725;BRBMEFFJMMV1;AGRIBUSINESS;-;-;-;-;-;-;-;-;-;2,28;-;-;-;-;-;-;-
SJCN27C002750;BRBMEFFJMMW9;AGRIBUSINESS;-;-;-;-;-;-;-;-;-;2,13;-;-;-;-;-;-;-
SJCN27C002775;BRBMEFFJMMX7;AGRIBUSINESS;-;-;-;-;-;-;-;-;-;1,99;-;-;-;-;-;-;-
SJCN27C002800;BRBMEFFJMMY5;AGRIBUSINESS;-;-;-;-;-;-;-;-;-;1,85;-;-;-;-;-;-;-
SJCN27C002825;BRBMEFFJMMZ2;AGRIBUSINESS;-;-;-;-;-;-;-;-;-;1,72;-;-;-;-;-;-;-
SJCN27C002850;BRBMEFFJMN03;AGRIBUSINESS;-;-;-;-;-;-;-;-;-;1,61;-;-;-;-;-;-;-
SJCN27C002875;BRBMEFFJMN11;AGRIBUSINESS;-;-;-;-;-;-;-;-;-;1,49;-;-;-;-;-;-;-
SJCN27C002900;BRBMEFFJMN29;AGRIBUSINESS;-;-;-;-;-;-;-;-;-;1,39;-;-;-;-;-;-;-
SJCN27P002300;BRBMEFSJ1ME4;AGRIBUSINESS;-;-;-;-;-;-;-;-;-;0,02;-;-;-;-;-;-;-
SJCN27P002325;BRBMEFSJ1MF1;AGRIBUSINESS;-;-;-;-;-;-;-;-;-;0,03;-;-;-;-;-;-;-
SJCN27P002350;BRBMEFSJ1MG9;AGRIBUSINESS;-;-;-;-;-;-;-;-;-;0,04;-;-;-;-;-;-;-
SJCN27P002375;BRBMEFSJ1MH7;AGRIBUSINESS;-;-;-;-;-;-;-;-;-;0,05;-;-;-;-;-;-;-
SJCN27P002400;BRBMEFSJ1MI5;AGRIBUSINESS;-;-;-;-;-;-;-;-;-;0,06;-;-;-;-;-;-;-
SJCN27P002425;BRBMEFSJ1MJ3;AGRIBUSINESS;-;-;-;-;-;-;-;-;-;0,07;-;-;-;-;-;-;-
SJCN27P002450;BRBMEFSJ1MK1;AGRIBUSINESS;-;-;-;-;-;-;-;-;-;0,09;-;-;-;-;-;-;-
SJCN27P002475;BRBMEFSJ1ML9;AGRIBUSINESS;-;-;-;-;-;-;-;-;-;0,1;-;-;-;-;-;-;-
SJCN27P002500;BRBMEFSJ1MM7;AGRIBUSINESS;-;-;-;-;-;-;-;-;-;0,12;-;-;-;-;-;-;-
SJCN27P002525;BRBMEFSJ1MN5;AGRIBUSINESS;-;-;-;-;-;-;-;-;-;0,14;-;-;-;-;-;-;-
SJCN27P002550;BRBMEFSJ1MO3;AGRIBUSINESS;-;-;-;-;-;-;-;-;-;0,17;-;-;-;-;-;-;-
SJCN27P002575;BRBMEFSJ1MP0;AGRIBUSINESS;-;-;-;-;-;-;-;-;-;0,2;-;-;-;-;-;-;-
SJCN27P002600;BRBMEFSJ1MQ8;AGRIBUSINESS;-;-;-;-;-;-;-;-;-;0,24;-;-;-;-;-;-;-
SJCN27P002625;BRBMEFSJ1MR6;AGRIBUSINESS;-;-;-;-;-;-;-;-;-;0,28;-;-;-;-;-;-;-
SJCN27P002650;BRBMEFSJ1MS4;AGRIBUSINESS;-;-;-;-;-;-;-;-;-;0,33;-;-;-;-;-;-;-
SJCN27P002675;BRBMEFSJ1MT2;AGRIBUSINESS;-;-;-;-;-;-;-;-;-;0,39;-;-;-;-;-;-;-
SJCN27P002700;BRBMEFSJ1MU0;AGRIBUSINESS;-;-;-;-;-;-;-;-;-;0,45;-;-;-;-;-;-;-
SJCN27P002725;BRBMEFSJ1MV8;AGRIBUSINESS;-;-;-;-;-;-;-;-;-;0,51;-;-;-;-;-;-;-
SJCN27P002750;BRBMEFSJ1MW6;AGRIBUSINESS;-;-;-;-;-;-;-;-;-;0,59;-;-;-;-;-;-;-
SJCN27P002775;BRBMEFSJ1MX4;AGRIBUSINESS;-;-;-;-;-;-;-;-;-;0,68;-;-;-;-;-;-;-
SJCN27P002800;BRBMEFSJ1MY2;AGRIBUSINESS;-;-;-;-;-;-;-;-;-;0,77;-;-;-;-;-;-;-
SJCN27P002825;BRBMEFSJ1MZ9;AGRIBUSINESS;-;-;-;-;-;-;-;-;-;0,87;-;-;-;-;-;-;-
SJCN27P002850;BRBMEFSJ1N03;AGRIBUSINESS;-;-;-;-;-;-;-;-;-;0,98;-;-;-;-;-;-;-
SJCN27P002875;BRBMEFSJ1N11;AGRIBUSINESS;-;-;-;-;-;-;-;-;-;1,1;-;-;-;-;-;-;-
SJCN27P002900;BRBMEFSJ1N29;AGRIBUSINESS;-;-;-;-;-;-;-;-;-;1,23;-;-;-;-;-;-;-
SJCF27C002350;BRBMEFFJMN37;AGRIBUSINESS;-;-;-;-;-;-;-;-;-;4,97;-;-;-;-;-;-;-
SJCF27C002550;BRBMEFFJMN45;AGRIBUSINESS;-;-;-;-;-;-;-;-;-;3,06;-;-;-;-;-;-;-
SJCF27C002650;BRBMEFFJMN52;AGRIBUSINESS;-;-;-;-;-;-;-;-;-;2,16;-;-;-;-;-;-;-
SJCF27P002350;BRBMEFSJ1N37;AGRIBUSINESS;-;-;-;-;-;-;-;-;-;0,01;-;-;-;-;-;-;-
SJCF27P002550;BRBMEFSJ1N45;AGRIBUSINESS;-;-;-;-;-;-;-;-;-;0,03;-;-;-;-;-;-;-
SJCF27P002650;BRBMEFSJ1N52;AGRIBUSINESS;-;-;-;-;-;-;-;-;-;0,11;-;-;-;-;-;-;-
SJCH27C002725;BRBMEFFJMN60;AGRIBUSINESS;-;-;-;-;-;-;-;-;-;1,85;-;-;-;-;-;-;-
SJCH27P002725;BRBMEFSJ1N60;AGRIBUSINESS;-;-;-;-;-;-;-;-;-;0,33;-;-;-;-;-;-;-
SJCK27C003200;BRBMEFFJMN78;AGRIBUSINESS;-;-;-;-;-;-;-;-;-;0,38;-;-;-;-;-;-;-
SJCK27P003200;BRBMEFSJ1N78;AGRIBUSINESS;-;-;-;-;-;-;-;-;-;3,15;-;-;-;-;-;-;-
SJCK27C002900;BRBMEFFJMN86;AGRIBUSINESS;-;-;-;-;-;-;-;-;-;1,17;-;-;-;-;-;-;-
SJCK27P002900;BRBMEFSJ1N86;AGRIBUSINESS;-;-;-;-;-;-;-;-;-;1,13;-;-;-;-;-;-;-
SJCF27C002600;BRBMEFFJMN94;AGRIBUSINESS;-;-;-;-;-;-;-;-;-;2,6;-;-;-;-;-;-;-
SJCF27P002600;BRBMEFSJ1N94;AGRIBUSINESS;-;-;-;-;-;-;-;-;-;0,06;-;-;-;-;-;-;-
SJCH27C002750;BRBMEFFJMNA3;AGRIBUSINESS;-;-;-;-;-;-;-;-;-;1,68;-;-;-;-;-;-;-
SJCH27C002925;BRBMEFFJMNB1;AGRIBUSINESS;-;-;-;-;-;-;-;-;-;0,81;-;-;-;-;-;-;-
SJCH27P002750;BRBMEFSJ1NA0;AGRIBUSINESS;-;-;-;-;-;-;-;-;-;0,4;-;-;-;-;-;-;-
SJCH27P002925;BRBMEFSJ1NB8;AGRIBUSINESS;-;-;-;-;-;-;-;-;-;1,2;-;-;-;-;-;-;-
SJCF27C002700;BRBMEFFJMNC9;AGRIBUSINESS;-;-;-;-;-;-;-;-;-;1,75;-;-;-;-;-;-;-
SJCF27P002700;BRBMEFSJ1NC6;AGRIBUSINESS;-;-;-;-;-;-;-;-;-;0,19;-;-;-;-;-;-;-
SJCH27C002775;BRBMEFFJMND7;AGRIBUSINESS;-;-;-;-;-;-;-;-;-;1,52;-;-;-;-;-;-;-
SJCH27P002775;BRBMEFSJ1ND4;AGRIBUSINESS;-;-;-;-;-;-;-;-;-;0,48;-;-;-;-;-;-;-
SJCK27C003300;BRBMEFFJMNE5;AGRIBUSINESS;-;-;-;-;-;-;-;-;-;0,26;-;-;-;-;-;-;-
SJCK27P003300;BRBMEFSJ1NE2;AGRIBUSINESS;-;-;-;-;-;-;-;-;-;3,96;-;-;-;-;-;-;-
SJCF27C002800;BRBMEFFJMNF2;AGRIBUSINESS;-;-;-;-;-;-;-;-;-;1,07;-;-;-;-;-;-;-
SJCF27P002800;BRBMEFSJ1NF9;AGRIBUSINESS;-;-;-;-;-;-;-;-;-;0,48;-;-;-;-;-;-;-
SJCF27C002900;BRBMEFFJMNG0;AGRIBUSINESS;-;-;-;-;-;-;-;-;-;0,6;-;-;-;-;-;-;-
SJCF27P002900;BRBMEFSJ1NG7;AGRIBUSINESS;-;-;-;-;-;-;-;-;-;0,99;-;-;-;-;-;-;-
SJCH27C002900;BRBMEFFJMNH8;AGRIBUSINESS;-;-;-;-;-;-;-;-;-;0,9;-;-;-;-;-;-;-
SJCH27P002900;BRBMEFSJ1NH5;AGRIBUSINESS;-;-;-;-;-;-;-;-;-;1,06;-;-;-;-;-;-;-
SJCH27C003100;BRBMEFFJMNI6;AGRIBUSINESS;-;-;-;-;-;-;-;-;-;0,35;-;-;-;-;-;-;-
SJCH27P003100;BRBMEFSJ1NI3;AGRIBUSINESS;-;-;-;-;-;-;-;-;-;2,41;-;-;-;-;-;-;-
SJCH27C002850;BRBMEFFJMNJ4;AGRIBUSINESS;-;-;-;-;-;-;-;-;-;1,12;-;-;-;-;-;-;-
SJCH27P002850;BRBMEFSJ1NJ1;AGRIBUSINESS;-;-;-;-;-;-;-;-;-;0,8;-;-;-;-;-;-;-
SJCH27C003050;BRBMEFFJMNK2;AGRIBUSINESS;-;-;-;-;-;-;-;-;-;0,44;-;-;-;-;-;-;-
SJCH27P003050;BRBMEFSJ1NK9;AGRIBUSINESS;-;-;-;-;-;-;-;-;-;2,03;-;-;-;-;-;-;-
SJCK27C003050;BRBMEFFJMNL0;AGRIBUSINESS;-;-;-;-;-;-;-;-;-;0,68;-;-;-;-;-;-;-
SJCK27P003050;BRBMEFSJ1NL7;AGRIBUSINESS;-;-;-;-;-;-;-;-;-;2,04;-;-;-;-;-;-;-
SJCH27C003300;BRBMEFFJMNM8;AGRIBUSINESS;-;-;-;-;-;-;-;-;-;0,12;-;-;-;-;-;-;-
SJCH27P003300;BRBMEFSJ1NM5;AGRIBUSINESS;-;-;-;-;-;-;-;-;-;4,1;-;-;-;-;-;-;-
SJCK27C002925;BRBMEFFJMNN6;AGRIBUSINESS;-;-;-;-;-;-;-;-;-;1,07;-;-;-;-;-;-;-
SJCK27P002925;BRBMEFSJ1NN3;AGRIBUSINESS;-;-;-;-;-;-;-;-;-;1,27;-;-;-;-;-;-;-
SJCH27C003700;BRBMEFFJMNO4;AGRIBUSINESS;-;-;-;-;-;-;-;-;-;0,01;-;-;-;-;-;-;-
SJCH27P003700;BRBMEFSJ1NO1;AGRIBUSINESS;-;-;-;-;-;-;-;-;-;7,81;-;-;-;-;-;-;-
DOLF27P007000;BRBMEFDE19N6;FINANCIAL;-;-;-;-;-;-;-;-;-;1864,854;-;-;-;-;-;-;-
DOLF27C007000;BRBMEFCE1AH5;FINANCIAL;-;-;-;-;-;-;-;-;-;0,39;-;-;-;-;-;-;-
DOLF27P006500;BRBMEFDE19M8;FINANCIAL;-;-;-;-;-;-;-;-;-;1381,742;-;-;-;-;-;-;-
DOLF27C006500;BRBMEFCE1AG7;FINANCIAL;-;-;-;-;-;-;-;-;-;2,515;-;-;-;-;-;-;-
DOLF27P006000;BRBMEFDE19L0;FINANCIAL;-;-;-;-;-;-;-;-;-;904,33;-;-;-;-;-;-;-
DOLF27C006000;BRBMEFCE1AF9;FINANCIAL;8;8;8;8;8;-75;-;-;-;10,34;-;-;-;-;1;2.000;800000
DOLF27P004800;BRBMEFDE19K2;FINANCIAL;-;-;-;-;-;-;-;-;-;37;-;-;-;-;-;-;-
DOLF27C004800;BRBMEFCE1AE2;FINANCIAL;-;-;-;-;-;-;-;-;-;307,58;-;-;-;-;-;-;-
DOLF27P004500;BRBMEFDE19J4;FINANCIAL;-;-;-;-;-;-;-;-;-;2,742;-;-;-;-;-;-;-
DOLF27C004500;BRBMEFCE1AD4;FINANCIAL;-;-;-;-;-;-;-;-;-;564,464;-;-;-;-;-;-;-
DOLF29P006700;BRBMEFDE1AD3;FINANCIAL;-;-;-;-;-;-;-;-;-;965,562;-;-;-;-;-;-;-
DOLF29C006700;BRBMEFCE1B77;FINANCIAL;-;-;-;-;-;-;-;-;-;173,749;-;-;-;-;-;-;-
DOLF29P006600;BRBMEFDE1AC5;FINANCIAL;-;-;-;-;-;-;-;-;-;902,485;-;-;-;-;-;-;-
DOLF29C006600;BRBMEFCE1B69;FINANCIAL;-;-;-;-;-;-;-;-;-;187,538;-;-;-;-;-;-;-
DOLF29P006500;BRBMEFDE1AB7;FINANCIAL;-;-;-;-;-;-;-;-;-;840,66;-;-;-;-;-;-;-
DOLF29C006500;BRBMEFCE1B51;FINANCIAL;-;-;-;-;-;-;-;-;-;202,579;-;-;-;-;-;-;-
DOLF29P006400;BRBMEFDE1AA9;FINANCIAL;-;-;-;-;-;-;-;-;-;780,197;-;-;-;-;-;-;-
DOLF29C006400;BRBMEFCE1B44;FINANCIAL;-;-;-;-;-;-;-;-;-;218,982;-;-;-;-;-;-;-
DOLF29P006300;BRBMEFDE1A92;FINANCIAL;-;-;-;-;-;-;-;-;-;721,212;-;-;-;-;-;-;-
DOLF29C006300;BRBMEFCE1B36;FINANCIAL;-;-;-;-;-;-;-;-;-;236,863;-;-;-;-;-;-;-
DOLF29P006200;BRBMEFDE1A84;FINANCIAL;-;-;-;-;-;-;-;-;-;664,076;-;-;-;-;-;-;-
DOLF29C006200;BRBMEFCE1B28;FINANCIAL;-;-;-;-;-;-;-;-;-;256,594;-;-;-;-;-;-;-
DOLF29P006100;BRBMEFDE1A76;FINANCIAL;-;-;-;-;-;-;-;-;-;608,676;-;-;-;-;-;-;-
DOLF29C006100;BRBMEFCE1B10;FINANCIAL;-;-;-;-;-;-;-;-;-;278,059;-;-;-;-;-;-;-
DOLF29P006000;BRBMEFDE1A68;FINANCIAL;-;-;-;-;-;-;-;-;-;555,141;-;-;-;-;-;-;-
DOLF29C006000;BRBMEFCE1B02;FINANCIAL;-;-;-;-;-;-;-;-;-;301,39;-;-;-;-;-;-;-
DOLF29P005900;BRBMEFDE1A50;FINANCIAL;-;-;-;-;-;-;-;-;-;503,602;-;-;-;-;-;-;-
DOLF29C005900;BRBMEFCE1AZ7;FINANCIAL;-;-;-;-;-;-;-;-;-;326,717;-;-;-;-;-;-;-
DOLF29P005800;BRBMEFDE1A43;FINANCIAL;-;-;-;-;-;-;-;-;-;454,194;-;-;-;-;-;-;-
DOLF29C005800;BRBMEFCE1AY0;FINANCIAL;-;-;-;-;-;-;-;-;-;354,175;-;-;-;-;-;-;-
DOLF29P005700;BRBMEFDE1A35;FINANCIAL;-;-;-;-;-;-;-;-;-;407,305;-;-;-;-;-;-;-
DOLF29C005700;BRBMEFCE1AX2;FINANCIAL;-;-;-;-;-;-;-;-;-;384,153;-;-;-;-;-;-;-
DOLF29P005600;BRBMEFDE1A27;FINANCIAL;-;-;-;-;-;-;-;-;-;362,802;-;-;-;-;-;-;-
DOLF29C005600;BRBMEFCE1AW4;FINANCIAL;-;-;-;-;-;-;-;-;-;416,516;-;-;-;-;-;-;-
DOLF29P005500;BRBMEFDE1A19;FINANCIAL;-;-;-;-;-;-;-;-;-;320,801;-;-;-;-;-;-;-
DOLF29C005500;BRBMEFCE1AV6;FINANCIAL;-;-;-;-;-;-;-;-;-;451,381;-;-;-;-;-;-;-
DOLF28P006700;BRBMEFDE1A01;FINANCIAL;-;-;-;-;-;-;-;-;-;1205,404;-;-;-;-;-;-;-
DOLF28C006700;BRBMEFCE1AU8;FINANCIAL;-;-;-;-;-;-;-;-;-;67,092;-;-;-;-;-;-;-
DOLF28P006600;BRBMEFDE19Z0;FINANCIAL;-;-;-;-;-;-;-;-;-;1126,651;-;-;-;-;-;-;-
DOLF28C006600;BRBMEFCE1AT0;FINANCIAL;-;-;-;-;-;-;-;-;-;74,655;-;-;-;-;-;-;-
DOLF28P006500;BRBMEFDE19Y3;FINANCIAL;-;-;-;-;-;-;-;-;-;1049,054;-;-;-;-;-;-;-
DOLF28C006500;BRBMEFCE1AS2;FINANCIAL;-;-;-;-;-;-;-;-;-;83,375;-;-;-;-;-;-;-
DOLF28P006400;BRBMEFDE19X5;FINANCIAL;-;-;-;-;-;-;-;-;-;972,634;-;-;-;-;-;-;-
DOLF28C006400;BRBMEFCE1AR4;FINANCIAL;-;-;-;-;-;-;-;-;-;93,272;-;-;-;-;-;-;-
DOLF28P006300;BRBMEFDE19W7;FINANCIAL;-;-;-;-;-;-;-;-;-;897,395;-;-;-;-;-;-;-
DOLF28C006300;BRBMEFCE1AQ6;FINANCIAL;-;-;-;-;-;-;-;-;-;104,35;-;-;-;-;-;-;-
DOLF28P006200;BRBMEFDE19V9;FINANCIAL;-;-;-;-;-;-;-;-;-;823,986;-;-;-;-;-;-;-
DOLF28C006200;BRBMEFCE1AP8;FINANCIAL;-;-;-;-;-;-;-;-;-;117,257;-;-;-;-;-;-;-
DOLF28P006100;BRBMEFDE19U1;FINANCIAL;-;-;-;-;-;-;-;-;-;751,793;-;-;-;-;-;-;-
DOLF28C006100;BRBMEFCE1AO1;FINANCIAL;-;-;-;-;-;-;-;-;-;131,381;-;-;-;-;-;-;-
DOLF28P006000;BRBMEFDE19T3;FINANCIAL;-;-;-;-;-;-;-;-;-;681,685;-;-;-;-;-;-;-
DOLF28C006000;BRBMEFCE1AN3;FINANCIAL;-;-;-;-;-;-;-;-;-;147,59;-;-;-;-;-;-;-
DOLF28P005900;BRBMEFDE19S5;FINANCIAL;-;-;-;-;-;-;-;-;-;613,927;-;-;-;-;-;-;-
DOLF28C005900;BRBMEFCE1AM5;FINANCIAL;-;-;-;-;-;-;-;-;-;166,149;-;-;-;-;-;-;-
DOLF28P005800;BRBMEFDE19R7;FINANCIAL;-;-;-;-;-;-;-;-;-;548,413;-;-;-;-;-;-;-
DOLF28C005800;BRBMEFCE1AL7;FINANCIAL;-;-;-;-;-;-;-;-;-;186,951;-;-;-;-;-;-;-
DOLF28P005700;BRBMEFDE19Q9;FINANCIAL;-;-;-;-;-;-;-;-;-;485,999;-;-;-;-;-;-;-
DOLF28C005700;BRBMEFCE1AK9;FINANCIAL;-;-;-;-;-;-;-;-;-;210,854;-;-;-;-;-;-;-
DOLF28P005600;BRBMEFDE19P1;FINANCIAL;-;-;-;-;-;-;-;-;-;426,593;-;-;-;-;-;-;-
DOLF28C005600;BRBMEFCE1AJ1;FINANCIAL;-;-;-;-;-;-;-;-;-;237,765;-;-;-;-;-;-;-
DOLF28P005500;BRBMEFDE19O4;FINANCIAL;-;-;-;-;-;-;-;-;-;370,484;-;-;-;-;-;-;-
DOLF28C005500;BRBMEFCE1AI3;FINANCIAL;-;-;-;-;-;-;-;-;-;267,973;-;-;-;-;-;-;-
DOLF27C005000;BRBMEFCE1B85;FINANCIAL;-;-;-;-;-;-;-;-;-;182,586;-;-;-;-;-;-;-
DOLF27C005200;BRBMEFCE1B93;FINANCIAL;-;-;-;-;-;-;-;-;-;101,677;-;-;-;-;-;-;-
DOLF27C005400;BRBMEFCE1BA8;FINANCIAL;-;-;-;-;-;-;-;-;-;55,105;-;-;-;-;-;-;-
DOLF27C005600;BRBMEFCE1BB6;FINANCIAL;29,5;29,5;29,5;29,5;29,5;-69,27;-;-;-;29,724;-;-;-;-;1;1.000;1475000
DOLF27C005800;BRBMEFCE1BC4;FINANCIAL;-;-;-;-;-;-;-;-;-;16,771;-;-;-;-;-;-;-
DOLF27P005000;BRBMEFDE1AE1;FINANCIAL;103,95;103,95;103,95;103,95;103,95;40,47;-;-;-;106,102;-;-;-;-;1;1.085;5639287,5
DOLF27P005200;BRBMEFDE1AF8;FINANCIAL;-;-;-;-;-;-;-;-;-;219,287;-;-;-;-;-;-;-
DOLF27P005400;BRBMEFDE1AG6;FINANCIAL;-;-;-;-;-;-;-;-;-;366,81;-;-;-;-;-;-;-
DOLF27P005600;BRBMEFDE1AH4;FINANCIAL;-;-;-;-;-;-;-;-;-;535,524;-;-;-;-;-;-;-
DOLF27P005800;BRBMEFDE1AI2;FINANCIAL;-;-;-;-;-;-;-;-;-;716,666;-;-;-;-;-;-;-
DOLF27C005100;BRBMEFCE1BM3;FINANCIAL;-;-;-;-;-;-;-;-;-;137,018;-;-;-;-;-;-;-
DOLF27C005300;BRBMEFCE1BN1;FINANCIAL;-;-;-;-;-;-;-;-;-;74,91;-;-;-;-;-;-;-
DOLF27C005500;BRBMEFCE1BO9;FINANCIAL;-;-;-;-;-;-;-;-;-;40,337;-;-;-;-;-;-;-
DOLF27C005700;BRBMEFCE1BP6;FINANCIAL;-;-;-;-;-;-;-;-;-;22,054;-;-;-;-;-;-;-
DOLF27C005900;BRBMEFCE1BQ4;FINANCIAL;-;-;-;-;-;-;-;-;-;13,049;-;-;-;-;-;-;-
DOLF27C006100;BRBMEFCE1BR2;FINANCIAL;-;-;-;-;-;-;-;-;-;7,759;-;-;-;-;-;-;-
DOLF27C006200;BRBMEFCE1BS0;FINANCIAL;-;-;-;-;-;-;-;-;-;5,778;-;-;-;-;-;-;-
DOLF27C006300;BRBMEFCE1BT8;FINANCIAL;-;-;-;-;-;-;-;-;-;4,34;-;-;-;-;-;-;-
DOLF27P005100;BRBMEFDE1AS1;FINANCIAL;-;-;-;-;-;-;-;-;-;157,581;-;-;-;-;-;-;-
DOLF27P005300;BRBMEFDE1AT9;FINANCIAL;-;-;-;-;-;-;-;-;-;289,568;-;-;-;-;-;-;-
DOLF27P005500;BRBMEFDE1AU7;FINANCIAL;-;-;-;-;-;-;-;-;-;449,09;-;-;-;-;-;-;-
DOLF27P005700;BRBMEFDE1AV5;FINANCIAL;-;-;-;-;-;-;-;-;-;624,901;-;-;-;-;-;-;-
DOLF27P005900;BRBMEFDE1AW3;FINANCIAL;-;-;-;-;-;-;-;-;-;809,992;-;-;-;-;-;-;-
DOLF27P006100;BRBMEFDE1AX1;FINANCIAL;-;-;-;-;-;-;-;-;-;998,797;-;-;-;-;-;-;-
DOLF27P006200;BRBMEFDE1AY9;FINANCIAL;-;-;-;-;-;-;-;-;-;1093,863;-;-;-;-;-;-;-
DOLF27P006300;BRBMEFDE1AZ6;FINANCIAL;-;-;-;-;-;-;-;-;-;1189,472;-;-;-;-;-;-;-
DOLJ27C005000;BRBMEFCL13X5;FINANCIAL;-;-;-;-;-;-;-;-;-;272,313;-;-;-;-;-;-;-
DOLJ27C005100;BRBMEFCL13Y3;FINANCIAL;-;-;-;-;-;-;-;-;-;222,923;-;-;-;-;-;-;-
DOLJ27C005200;BRBMEFCL13Z0;FINANCIAL;-;-;-;-;-;-;-;-;-;181,416;-;-;-;-;-;-;-
DOLJ27C005300;BRBMEFCL1409;FINANCIAL;-;-;-;-;-;-;-;-;-;146,872;-;-;-;-;-;-;-
DOLJ27C005400;BRBMEFCL1417;FINANCIAL;-;-;-;-;-;-;-;-;-;118,724;-;-;-;-;-;-;-
DOLJ27C005500;BRBMEFCL1425;FINANCIAL;87,5;87,5;87,5;87,5;87,5;-56,46;-;-;-;95,825;-;-;-;-;1;5.000;21875000
DOLJ27C005600;BRBMEFCL1433;FINANCIAL;71,5;71,5;71,5;71,5;71,5;-65,59;-;-;-;77,436;-;-;-;-;1;5.000;17875000
DOLJ27C005700;BRBMEFCL1441;FINANCIAL;-;-;-;-;-;-;-;-;-;62,466;-;-;-;-;-;-;-
DOLJ27C005800;BRBMEFCL1458;FINANCIAL;-;-;-;-;-;-;-;-;-;50,563;-;-;-;-;-;-;-
DOLJ27C005900;BRBMEFCL1466;FINANCIAL;-;-;-;-;-;-;-;-;-;41,125;-;-;-;-;-;-;-
DOLJ27C006000;BRBMEFCL1474;FINANCIAL;-;-;-;-;-;-;-;-;-;33,581;-;-;-;-;-;-;-
DOLJ27C006100;BRBMEFCL1482;FINANCIAL;-;-;-;-;-;-;-;-;-;27,665;-;-;-;-;-;-;-
DOLJ27C006200;BRBMEFCL1490;FINANCIAL;-;-;-;-;-;-;-;-;-;23,18;-;-;-;-;-;-;-
DOLJ27C006300;BRBMEFCL14A1;FINANCIAL;-;-;-;-;-;-;-;-;-;19,698;-;-;-;-;-;-;-
DOLJ27P005000;BRBMEFVDE4P5;FINANCIAL;-;-;-;-;-;-;-;-;-;120,601;-;-;-;-;-;-;-
DOLJ27P005100;BRBMEFVDE4Q3;FINANCIAL;-;-;-;-;-;-;-;-;-;165,477;-;-;-;-;-;-;-
DOLJ27P005200;BRBMEFVDE4R1;FINANCIAL;-;-;-;-;-;-;-;-;-;218,237;-;-;-;-;-;-;-
DOLJ27P005300;BRBMEFVDE4S9;FINANCIAL;-;-;-;-;-;-;-;-;-;277,959;-;-;-;-;-;-;-
DOLJ27P005400;BRBMEFVDE4T7;FINANCIAL;-;-;-;-;-;-;-;-;-;344,078;-;-;-;-;-;-;-
DOLJ27P005500;BRBMEFVDE4U5;FINANCIAL;447;447;447;447;447;77,38;-;-;-;415,445;-;-;-;-;1;5.000;111750000
DOLJ27P005600;BRBMEFVDE4V3;FINANCIAL;525,55;525,55;525,55;525,55;525,55;-;-;-;-;491,322;-;-;-;-;1;5.000;131387500
DOLJ27P005700;BRBMEFVDE4W1;FINANCIAL;-;-;-;-;-;-;-;-;-;570,619;-;-;-;-;-;-;-
DOLJ27P005800;BRBMEFVDE4X9;FINANCIAL;-;-;-;-;-;-;-;-;-;652,982;-;-;-;-;-;-;-
DOLJ27P005900;BRBMEFVDE4Y7;FINANCIAL;-;-;-;-;-;-;-;-;-;737,81;-;-;-;-;-;-;-
DOLJ27P006000;BRBMEFVDE4Z4;FINANCIAL;-;-;-;-;-;-;-;-;-;824,533;-;-;-;-;-;-;-
DOLJ27P006100;BRBMEFVDE504;FINANCIAL;-;-;-;-;-;-;-;-;-;912,884;-;-;-;-;-;-;-
DOLJ27P006200;BRBMEFVDE512;FINANCIAL;-;-;-;-;-;-;-;-;-;1002,665;-;-;-;-;-;-;-
DOLJ27P006300;BRBMEFVDE520;FINANCIAL;-;-;-;-;-;-;-;-;-;1093,449;-;-;-;-;-;-;-
DOLF28C011000;BRBMEFCE1BU6;FINANCIAL;-;-;-;-;-;-;-;-;-;2,168;-;-;-;-;-;-;-
DOLF28P011000;BRBMEFDE1B00;FINANCIAL;-;-;-;-;-;-;-;-;-;4852,103;-;-;-;-;-;-;-
DOLN27C009700;BRBMEFCD6788;FINANCIAL;-;-;-;-;-;-;-;-;-;0,361;-;-;-;-;-;-;-
DOLN27P009700;BRBMEFVDR787;FINANCIAL;-;-;-;-;-;-;-;-;-;4083,008;-;-;-;-;-;-;-
DOLF28C008500;BRBMEFCE1BV4;FINANCIAL;-;-;-;-;-;-;-;-;-;15,154;-;-;-;-;-;-;-
DOLF28P008500;BRBMEFDE1B18;FINANCIAL;-;-;-;-;-;-;-;-;-;2707,168;-;-;-;-;-;-;-
DOLN27C007650;BRBMEFCD6796;FINANCIAL;-;-;-;-;-;-;-;-;-;7,852;-;-;-;-;-;-;-
DOLN27P007650;BRBMEFVDR795;FINANCIAL;-;-;-;-;-;-;-;-;-;2214,53;-;-;-;-;-;-;-
DOLF29C007500;BRBMEFCE1BY8;FINANCIAL;-;-;-;-;-;-;-;-;-;97,145;-;-;-;-;-;-;-
DOLF29P007500;BRBMEFDE1B42;FINANCIAL;-;-;-;-;-;-;-;-;-;1503,887;-;-;-;-;-;-;-
DOLF27C005750;BRBMEFCE1BZ5;FINANCIAL;-;-;-;-;-;-;-;-;-;19,125;-;-;-;-;-;-;-
DOLF27C005850;BRBMEFCE1C01;FINANCIAL;-;-;-;-;-;-;-;-;-;14,753;-;-;-;-;-;-;-
DOLF27C005950;BRBMEFCE1C19;FINANCIAL;-;-;-;-;-;-;-;-;-;11,582;-;-;-;-;-;-;-
DOLF27C006050;BRBMEFCE1C27;FINANCIAL;-;-;-;-;-;-;-;-;-;9,008;-;-;-;-;-;-;-
DOLF27C006150;BRBMEFCE1C35;FINANCIAL;-;-;-;-;-;-;-;-;-;6,692;-;-;-;-;-;-;-
DOLF27C006250;BRBMEFCE1C43;FINANCIAL;-;-;-;-;-;-;-;-;-;4,997;-;-;-;-;-;-;-
DOLF27P005750;BRBMEFDE1B59;FINANCIAL;-;-;-;-;-;-;-;-;-;670,496;-;-;-;-;-;-;-
DOLF27P005850;BRBMEFDE1B67;FINANCIAL;-;-;-;-;-;-;-;-;-;763,171;-;-;-;-;-;-;-
DOLF27P005950;BRBMEFDE1B75;FINANCIAL;-;-;-;-;-;-;-;-;-;857,048;-;-;-;-;-;-;-
DOLF27P006050;BRBMEFDE1B83;FINANCIAL;-;-;-;-;-;-;-;-;-;951,521;-;-;-;-;-;-;-
DOLF27P006150;BRBMEFDE1B91;FINANCIAL;-;-;-;-;-;-;-;-;-;1046,253;-;-;-;-;-;-;-
DOLF27P006250;BRBMEFDE1BA7;FINANCIAL;-;-;-;-;-;-;-;-;-;1141,605;-;-;-;-;-;-;-
DOLF28C005750;BRBMEFCE1C50;FINANCIAL;-;-;-;-;-;-;-;-;-;198,643;-;-;-;-;-;-;-
DOLF28C005850;BRBMEFCE1C68;FINANCIAL;-;-;-;-;-;-;-;-;-;176,326;-;-;-;-;-;-;-
DOLF28C005950;BRBMEFCE1C76;FINANCIAL;-;-;-;-;-;-;-;-;-;156,582;-;-;-;-;-;-;-
DOLF28C006050;BRBMEFCE1C84;FINANCIAL;-;-;-;-;-;-;-;-;-;139,319;-;-;-;-;-;-;-
DOLF28C006150;BRBMEFCE1C92;FINANCIAL;-;-;-;-;-;-;-;-;-;124,095;-;-;-;-;-;-;-
DOLF28C006250;BRBMEFCE1CA6;FINANCIAL;-;-;-;-;-;-;-;-;-;110,68;-;-;-;-;-;-;-
DOLF28P005750;BRBMEFDE1BB5;FINANCIAL;-;-;-;-;-;-;-;-;-;516,946;-;-;-;-;-;-;-
DOLF28P005850;BRBMEFDE1BC3;FINANCIAL;-;-;-;-;-;-;-;-;-;580,946;-;-;-;-;-;-;-
DOLF28P005950;BRBMEFDE1BD1;FINANCIAL;-;-;-;-;-;-;-;-;-;647,518;-;-;-;-;-;-;-
DOLF28P006050;BRBMEFDE1BE9;FINANCIAL;-;-;-;-;-;-;-;-;-;716,572;-;-;-;-;-;-;-
DOLF28P006150;BRBMEFDE1BF6;FINANCIAL;-;-;-;-;-;-;-;-;-;787,665;-;-;-;-;-;-;-
DOLF28P006250;BRBMEFDE1BG4;FINANCIAL;-;-;-;-;-;-;-;-;-;860,567;-;-;-;-;-;-;-
DOLF29C005750;BRBMEFCE1CB4;FINANCIAL;-;-;-;-;-;-;-;-;-;368,873;-;-;-;-;-;-;-
DOLF29C005850;BRBMEFCE1CC2;FINANCIAL;-;-;-;-;-;-;-;-;-;340,042;-;-;-;-;-;-;-
DOLF29C005950;BRBMEFCE1CD0;FINANCIAL;-;-;-;-;-;-;-;-;-;313,667;-;-;-;-;-;-;-
DOLF29C006050;BRBMEFCE1CE8;FINANCIAL;-;-;-;-;-;-;-;-;-;289,356;-;-;-;-;-;-;-
DOLF29C006150;BRBMEFCE1CF5;FINANCIAL;-;-;-;-;-;-;-;-;-;266,975;-;-;-;-;-;-;-
DOLF29C006250;BRBMEFCE1CG3;FINANCIAL;-;-;-;-;-;-;-;-;-;246,395;-;-;-;-;-;-;-
DOLF29P005750;BRBMEFDE1BH2;FINANCIAL;-;-;-;-;-;-;-;-;-;430,459;-;-;-;-;-;-;-
DOLF29P005850;BRBMEFDE1BI0;FINANCIAL;-;-;-;-;-;-;-;-;-;478,494;-;-;-;-;-;-;-
DOLF29P005950;BRBMEFDE1BJ8;FINANCIAL;-;-;-;-;-;-;-;-;-;528,984;-;-;-;-;-;-;-
DOLF29P006050;BRBMEFDE1BK6;FINANCIAL;-;-;-;-;-;-;-;-;-;581,539;-;-;-;-;-;-;-
DOLF29P006150;BRBMEFDE1BL4;FINANCIAL;-;-;-;-;-;-;-;-;-;636,025;-;-;-;-;-;-;-
DOLF29P006250;BRBMEFDE1BM2;FINANCIAL;-;-;-;-;-;-;-;-;-;692,311;-;-;-;-;-;-;-
DOLJ27C005750;BRBMEFCL14L8;FINANCIAL;-;-;-;-;-;-;-;-;-;56,183;-;-;-;-;-;-;-
DOLJ27C005850;BRBMEFCL14M6;FINANCIAL;-;-;-;-;-;-;-;-;-;45,62;-;-;-;-;-;-;-
DOLJ27C005950;BRBMEFCL14N4;FINANCIAL;-;-;-;-;-;-;-;-;-;37,178;-;-;-;-;-;-;-
DOLJ27C006050;BRBMEFCL14O2;FINANCIAL;-;-;-;-;-;-;-;-;-;30,491;-;-;-;-;-;-;-
DOLJ27C006150;BRBMEFCL14P9;FINANCIAL;-;-;-;-;-;-;-;-;-;25,301;-;-;-;-;-;-;-
DOLJ27C006250;BRBMEFCL14Q7;FINANCIAL;-;-;-;-;-;-;-;-;-;21,323;-;-;-;-;-;-;-
DOLJ27P005750;BRBMEFVDE5D8;FINANCIAL;-;-;-;-;-;-;-;-;-;611,469;-;-;-;-;-;-;-
DOLJ27P005850;BRBMEFVDE5E6;FINANCIAL;-;-;-;-;-;-;-;-;-;695,173;-;-;-;-;-;-;-
DOLJ27P005950;BRBMEFVDE5F3;FINANCIAL;-;-;-;-;-;-;-;-;-;780,997;-;-;-;-;-;-;-
DOLJ27P006050;BRBMEFVDE5G1;FINANCIAL;-;-;-;-;-;-;-;-;-;868,576;-;-;-;-;-;-;-
DOLJ27P006150;BRBMEFVDE5H9;FINANCIAL;-;-;-;-;-;-;-;-;-;957,653;-;-;-;-;-;-;-
DOLJ27P006250;BRBMEFVDE5I7;FINANCIAL;-;-;-;-;-;-;-;-;-;1047,941;-;-;-;-;-;-;-
DOLN27C005000;BRBMEFCD67A6;FINANCIAL;-;-;-;-;-;-;-;-;-;351,591;-;-;-;-;-;-;-
DOLN27C005050;BRBMEFCD67B4;FINANCIAL;-;-;-;-;-;-;-;-;-;325,281;-;-;-;-;-;-;-
DOLN27C005100;BRBMEFCD67C2;FINANCIAL;-;-;-;-;-;-;-;-;-;300,824;-;-;-;-;-;-;-
DOLN27C005150;BRBMEFCD67D0;FINANCIAL;-;-;-;-;-;-;-;-;-;277,735;-;-;-;-;-;-;-
DOLN27C005200;BRBMEFCD67E8;FINANCIAL;-;-;-;-;-;-;-;-;-;256,294;-;-;-;-;-;-;-
DOLN27C005250;BRBMEFCD67F5;FINANCIAL;-;-;-;-;-;-;-;-;-;236,295;-;-;-;-;-;-;-
DOLN27C005300;BRBMEFCD67G3;FINANCIAL;-;-;-;-;-;-;-;-;-;217,681;-;-;-;-;-;-;-
DOLN27C005350;BRBMEFCD67H1;FINANCIAL;-;-;-;-;-;-;-;-;-;200,557;-;-;-;-;-;-;-
DOLN27C005400;BRBMEFCD67I9;FINANCIAL;-;-;-;-;-;-;-;-;-;184,535;-;-;-;-;-;-;-
DOLN27C005450;BRBMEFCD67J7;FINANCIAL;-;-;-;-;-;-;-;-;-;169,868;-;-;-;-;-;-;-
DOLN27C005500;BRBMEFCD67K5;FINANCIAL;152,509;152,509;152,509;152,509;152,509;-39,43;-;-;-;156,325;-;-;-;-;1;760;5795342
DOLN27C005550;BRBMEFCD67L3;FINANCIAL;-;-;-;-;-;-;-;-;-;143,838;-;-;-;-;-;-;-
DOLN27C005600;BRBMEFCD67M1;FINANCIAL;-;-;-;-;-;-;-;-;-;132,338;-;-;-;-;-;-;-
DOLN27C005650;BRBMEFCD67N9;FINANCIAL;-;-;-;-;-;-;-;-;-;121,759;-;-;-;-;-;-;-
DOLN27C005700;BRBMEFCD67O7;FINANCIAL;-;-;-;-;-;-;-;-;-;112,176;-;-;-;-;-;-;-
DOLN27C005750;BRBMEFCD67P4;FINANCIAL;-;-;-;-;-;-;-;-;-;103,242;-;-;-;-;-;-;-
DOLN27C005800;BRBMEFCD67Q2;FINANCIAL;-;-;-;-;-;-;-;-;-;95,174;-;-;-;-;-;-;-
DOLN27C005850;BRBMEFCD67R0;FINANCIAL;-;-;-;-;-;-;-;-;-;87,649;-;-;-;-;-;-;-
DOLN27C005900;BRBMEFCD67S8;FINANCIAL;-;-;-;-;-;-;-;-;-;80,749;-;-;-;-;-;-;-
DOLN27C005950;BRBMEFCD67T6;FINANCIAL;-;-;-;-;-;-;-;-;-;74,425;-;-;-;-;-;-;-
DOLN27C006000;BRBMEFCD67U4;FINANCIAL;-;-;-;-;-;-;-;-;-;68,63;-;-;-;-;-;-;-
DOLN27C006050;BRBMEFCD67V2;FINANCIAL;61;61;61;61;61;-62,91;-;-;-;63,322;-;-;-;-;1;5.000;15250000
DOLN27C006100;BRBMEFCD67W0;FINANCIAL;-;-;-;-;-;-;-;-;-;58,561;-;-;-;-;-;-;-
DOLN27C006150;BRBMEFCD67X8;FINANCIAL;52,5;52,5;52,5;52,5;52,5;-;-;-;-;54,101;-;-;-;-;1;5.000;13125000
DOLN27C006200;BRBMEFCD67Y6;FINANCIAL;-;-;-;-;-;-;-;-;-;50,109;-;-;-;-;-;-;-
DOLN27C006250;BRBMEFCD67Z3;FINANCIAL;-;-;-;-;-;-;-;-;-;46,449;-;-;-;-;-;-;-
DOLN27C006300;BRBMEFCD6804;FINANCIAL;38,5;38,5;38,5;38,5;38,5;-73,8;-;-;-;43,01;-;-;-;-;1;5.000;9625000
DOLN27C006350;BRBMEFCD6812;FINANCIAL;-;-;-;-;-;-;-;-;-;39,937;-;-;-;-;-;-;-
DOLN27C006400;BRBMEFCD6820;FINANCIAL;33;33;33;33;33;-88,18;-;-;-;37,119;-;-;-;-;1;5.000;8250000
DOLN27C006450;BRBMEFCD6838;FINANCIAL;-;-;-;-;-;-;-;-;-;34,605;-;-;-;-;-;-;-
DOLN27C006500;BRBMEFCD6846;FINANCIAL;-;-;-;-;-;-;-;-;-;32,296;-;-;-;-;-;-;-
DOLN27C006550;BRBMEFCD6853;FINANCIAL;-;-;-;-;-;-;-;-;-;30,24;-;-;-;-;-;-;-
DOLN27C006600;BRBMEFCD6861;FINANCIAL;-;-;-;-;-;-;-;-;-;28,413;-;-;-;-;-;-;-
DOLN27C006650;BRBMEFCD6879;FINANCIAL;-;-;-;-;-;-;-;-;-;26,668;-;-;-;-;-;-;-
DOLN27C006700;BRBMEFCD6887;FINANCIAL;-;-;-;-;-;-;-;-;-;25,119;-;-;-;-;-;-;-
DOLN27C006750;BRBMEFCD6895;FINANCIAL;-;-;-;-;-;-;-;-;-;23,689;-;-;-;-;-;-;-
DOLN27C006800;BRBMEFCD68A4;FINANCIAL;-;-;-;-;-;-;-;-;-;22,368;-;-;-;-;-;-;-
DOLN27C006850;BRBMEFCD68B2;FINANCIAL;-;-;-;-;-;-;-;-;-;21,147;-;-;-;-;-;-;-
DOLN27C006900;BRBMEFCD68C0;FINANCIAL;-;-;-;-;-;-;-;-;-;20,067;-;-;-;-;-;-;-
DOLN27C006950;BRBMEFCD68D8;FINANCIAL;-;-;-;-;-;-;-;-;-;19,067;-;-;-;-;-;-;-
DOLN27C007000;BRBMEFCD68E6;FINANCIAL;-;-;-;-;-;-;-;-;-;18,093;-;-;-;-;-;-;-
DOLN27P005000;BRBMEFVDR7A5;FINANCIAL;-;-;-;-;-;-;-;-;-;133,237;-;-;-;-;-;-;-
DOLN27P005050;BRBMEFVDR7B3;FINANCIAL;-;-;-;-;-;-;-;-;-;152,682;-;-;-;-;-;-;-
DOLN27P005100;BRBMEFVDR7C1;FINANCIAL;-;-;-;-;-;-;-;-;-;173,98;-;-;-;-;-;-;-
DOLN27P005150;BRBMEFVDR7D9;FINANCIAL;-;-;-;-;-;-;-;-;-;196,647;-;-;-;-;-;-;-
DOLN27P005200;BRBMEFVDR7E7;FINANCIAL;-;-;-;-;-;-;-;-;-;220,961;-;-;-;-;-;-;-
DOLN27P005250;BRBMEFVDR7F4;FINANCIAL;-;-;-;-;-;-;-;-;-;246,717;-;-;-;-;-;-;-
DOLN27P005300;BRBMEFVDR7G2;FINANCIAL;-;-;-;-;-;-;-;-;-;273,858;-;-;-;-;-;-;-
DOLN27P005350;BRBMEFVDR7H0;FINANCIAL;-;-;-;-;-;-;-;-;-;302,49;-;-;-;-;-;-;-
DOLN27P005400;BRBMEFVDR7I8;FINANCIAL;-;-;-;-;-;-;-;-;-;332,223;-;-;-;-;-;-;-
DOLN27P005450;BRBMEFVDR7J6;FINANCIAL;-;-;-;-;-;-;-;-;-;363,311;-;-;-;-;-;-;-
DOLN27P005500;BRBMEFVDR7K4;FINANCIAL;-;-;-;-;-;-;-;-;-;395,524;-;-;-;-;-;-;-
DOLN27P005550;BRBMEFVDR7L2;FINANCIAL;-;-;-;-;-;-;-;-;-;428,792;-;-;-;-;-;-;-
DOLN27P005600;BRBMEFVDR7M0;FINANCIAL;-;-;-;-;-;-;-;-;-;463,048;-;-;-;-;-;-;-
DOLN27P005650;BRBMEFVDR7N8;FINANCIAL;-;-;-;-;-;-;-;-;-;498,224;-;-;-;-;-;-;-
DOLN27P005700;BRBMEFVDR7O6;FINANCIAL;-;-;-;-;-;-;-;-;-;534,396;-;-;-;-;-;-;-
DOLN27P005750;BRBMEFVDR7P3;FINANCIAL;-;-;-;-;-;-;-;-;-;571,218;-;-;-;-;-;-;-
DOLN27P005800;BRBMEFVDR7Q1;FINANCIAL;-;-;-;-;-;-;-;-;-;608,905;-;-;-;-;-;-;-
DOLN27P005850;BRBMEFVDR7R9;FINANCIAL;-;-;-;-;-;-;-;-;-;647,135;-;-;-;-;-;-;-
DOLN27P005900;BRBMEFVDR7S7;FINANCIAL;-;-;-;-;-;-;-;-;-;685,99;-;-;-;-;-;-;-
DOLN27P005950;BRBMEFVDR7T5;FINANCIAL;-;-;-;-;-;-;-;-;-;725,422;-;-;-;-;-;-;-
DOLN27P006000;BRBMEFVDR7U3;FINANCIAL;-;-;-;-;-;-;-;-;-;765,382;-;-;-;-;-;-;-
DOLN27P006050;BRBMEFVDR7V1;FINANCIAL;840,7;840,7;840,7;840,7;840,7;34,4;-;-;-;805,829;-;-;-;-;1;5.000;210175000
DOLN27P006100;BRBMEFVDR7W9;FINANCIAL;-;-;-;-;-;-;-;-;-;846,823;-;-;-;-;-;-;-
DOLN27P006150;BRBMEFVDR7X7;FINANCIAL;924;924;924;924;924;-;-;-;-;888,119;-;-;-;-;1;5.000;231000000
DOLN27P006200;BRBMEFVDR7Y5;FINANCIAL;-;-;-;-;-;-;-;-;-;929,882;-;-;-;-;-;-;-
DOLN27P006250;BRBMEFVDR7Z2;FINANCIAL;-;-;-;-;-;-;-;-;-;971,978;-;-;-;-;-;-;-
DOLN27P006300;BRBMEFVDR803;FINANCIAL;1048,5;1048,5;1048,5;1048,5;1048,5;38,05;-;-;-;1014,294;-;-;-;-;1;5.000;262125000
DOLN27P006350;BRBMEFVDR811;FINANCIAL;-;-;-;-;-;-;-;-;-;1056,977;-;-;-;-;-;-;-
DOLN27P006400;BRBMEFVDR829;FINANCIAL;1135;1135;1135;1135;1135;152,22;-;-;-;1099,913;-;-;-;-;1;5.000;283750000
DOLN27P006450;BRBMEFVDR837;FINANCIAL;-;-;-;-;-;-;-;-;-;1143,155;-;-;-;-;-;-;-
DOLN27P006500;BRBMEFVDR845;FINANCIAL;-;-;-;-;-;-;-;-;-;1186,601;-;-;-;-;-;-;-
DOLN27P006550;BRBMEFVDR852;FINANCIAL;-;-;-;-;-;-;-;-;-;1230,301;-;-;-;-;-;-;-
DOLN27P006600;BRBMEFVDR860;FINANCIAL;-;-;-;-;-;-;-;-;-;1274,229;-;-;-;-;-;-;-
DOLN27P006650;BRBMEFVDR878;FINANCIAL;-;-;-;-;-;-;-;-;-;1318,239;-;-;-;-;-;-;-
DOLN27P006700;BRBMEFVDR886;FINANCIAL;-;-;-;-;-;-;-;-;-;1362,445;-;-;-;-;-;-;-
DOLN27P006750;BRBMEFVDR894;FINANCIAL;-;-;-;-;-;-;-;-;-;1406,771;-;-;-;-;-;-;-
DOLN27P006800;BRBMEFVDR8A3;FINANCIAL;-;-;-;-;-;-;-;-;-;1451,206;-;-;-;-;-;-;-
DOLN27P006850;BRBMEFVDR8B1;FINANCIAL;-;-;-;-;-;-;-;-;-;1495,74;-;-;-;-;-;-;-
DOLN27P006900;BRBMEFVDR8C9;FINANCIAL;-;-;-;-;-;-;-;-;-;1540,415;-;-;-;-;-;-;-
DOLN27P006950;BRBMEFVDR8D7;FINANCIAL;-;-;-;-;-;-;-;-;-;1585,17;-;-;-;-;-;-;-
DOLN27P007000;BRBMEFVDR8E5;FINANCIAL;-;-;-;-;-;-;-;-;-;1629,952;-;-;-;-;-;-;-
DOLN28C005000;BRBMEFCD68F3;FINANCIAL;-;-;-;-;-;-;-;-;-;584,169;-;-;-;-;-;-;-
DOLN28C005050;BRBMEFCD68G1;FINANCIAL;-;-;-;-;-;-;-;-;-;558,554;-;-;-;-;-;-;-
DOLN28C005100;BRBMEFCD68H9;FINANCIAL;-;-;-;-;-;-;-;-;-;533,795;-;-;-;-;-;-;-
DOLN28C005150;BRBMEFCD68I7;FINANCIAL;-;-;-;-;-;-;-;-;-;509,892;-;-;-;-;-;-;-
DOLN28C005200;BRBMEFCD68J5;FINANCIAL;-;-;-;-;-;-;-;-;-;486,84;-;-;-;-;-;-;-
DOLN28C005250;BRBMEFCD68K3;FINANCIAL;-;-;-;-;-;-;-;-;-;464,631;-;-;-;-;-;-;-
DOLN28C005300;BRBMEFCD68L1;FINANCIAL;-;-;-;-;-;-;-;-;-;443,482;-;-;-;-;-;-;-
DOLN28C005350;BRBMEFCD68M9;FINANCIAL;-;-;-;-;-;-;-;-;-;423,162;-;-;-;-;-;-;-
DOLN28C005400;BRBMEFCD68N7;FINANCIAL;-;-;-;-;-;-;-;-;-;403,657;-;-;-;-;-;-;-
DOLN28C005450;BRBMEFCD68O5;FINANCIAL;-;-;-;-;-;-;-;-;-;384,951;-;-;-;-;-;-;-
DOLN28C005500;BRBMEFCD68P2;FINANCIAL;-;-;-;-;-;-;-;-;-;367,024;-;-;-;-;-;-;-
DOLN28C005550;BRBMEFCD68Q0;FINANCIAL;-;-;-;-;-;-;-;-;-;349,858;-;-;-;-;-;-;-
DOLN28C005600;BRBMEFCD68R8;FINANCIAL;-;-;-;-;-;-;-;-;-;333,433;-;-;-;-;-;-;-
DOLN28C005650;BRBMEFCD68S6;FINANCIAL;-;-;-;-;-;-;-;-;-;317,728;-;-;-;-;-;-;-
DOLN28C005700;BRBMEFCD68T4;FINANCIAL;-;-;-;-;-;-;-;-;-;302,956;-;-;-;-;-;-;-
DOLN28C005750;BRBMEFCD68U2;FINANCIAL;-;-;-;-;-;-;-;-;-;288,86;-;-;-;-;-;-;-
DOLN28C005800;BRBMEFCD68V0;FINANCIAL;-;-;-;-;-;-;-;-;-;275,18;-;-;-;-;-;-;-
DOLN28C005850;BRBMEFCD68W8;FINANCIAL;-;-;-;-;-;-;-;-;-;262,364;-;-;-;-;-;-;-
DOLN28C005900;BRBMEFCD68X6;FINANCIAL;-;-;-;-;-;-;-;-;-;250,151;-;-;-;-;-;-;-
DOLN28C005950;BRBMEFCD68Y4;FINANCIAL;-;-;-;-;-;-;-;-;-;238,518;-;-;-;-;-;-;-
DOLN28C006000;BRBMEFCD68Z1;FINANCIAL;-;-;-;-;-;-;-;-;-;227,443;-;-;-;-;-;-;-
DOLN28C006050;BRBMEFCD6903;FINANCIAL;-;-;-;-;-;-;-;-;-;216,901;-;-;-;-;-;-;-
DOLN28C006100;BRBMEFCD6911;FINANCIAL;-;-;-;-;-;-;-;-;-;206,87;-;-;-;-;-;-;-
DOLN28C006150;BRBMEFCD6929;FINANCIAL;-;-;-;-;-;-;-;-;-;197,546;-;-;-;-;-;-;-
DOLN28C006200;BRBMEFCD6937;FINANCIAL;172,25;172,25;172,25;172,25;172,25;-;-;-;-;188,469;-;-;-;-;1;1.000;8612500
DOLN28C006250;BRBMEFCD6945;FINANCIAL;-;-;-;-;-;-;-;-;-;179,837;-;-;-;-;-;-;-
DOLN28C006300;BRBMEFCD6952;FINANCIAL;-;-;-;-;-;-;-;-;-;171,84;-;-;-;-;-;-;-
DOLN28C006350;BRBMEFCD6960;FINANCIAL;-;-;-;-;-;-;-;-;-;164,037;-;-;-;-;-;-;-
DOLN28C006400;BRBMEFCD6978;FINANCIAL;-;-;-;-;-;-;-;-;-;156,823;-;-;-;-;-;-;-
DOLN28C006450;BRBMEFCD6986;FINANCIAL;-;-;-;-;-;-;-;-;-;149,969;-;-;-;-;-;-;-
DOLN28C006500;BRBMEFCD6994;FINANCIAL;-;-;-;-;-;-;-;-;-;143,265;-;-;-;-;-;-;-
DOLN28C006550;BRBMEFCD69A2;FINANCIAL;-;-;-;-;-;-;-;-;-;137,085;-;-;-;-;-;-;-
DOLJ27P007000;BRBMEFVDE6K1;FINANCIAL;-;-;-;-;-;-;-;-;-;1739,579;-;-;-;-;-;-;-
DOLJ27P007100;BRBMEFVDE6L9;FINANCIAL;-;-;-;-;-;-;-;-;-;1832,907;-;-;-;-;-;-;-
DOLJ27P007200;BRBMEFVDE6M7;FINANCIAL;-;-;-;-;-;-;-;-;-;1926,4;-;-;-;-;-;-;-
DOLJ27P007300;BRBMEFVDE6N5;FINANCIAL;-;-;-;-;-;-;-;-;-;2020,041;-;-;-;-;-;-;-
DOLJ27P007400;BRBMEFVDE6E4;FINANCIAL;-;-;-;-;-;-;-;-;-;2113,788;-;-;-;-;-;-;-
DOLJ27P007500;BRBMEFVDE6O3;FINANCIAL;-;-;-;-;-;-;-;-;-;2207,622;-;-;-;-;-;-;-
DOLF27C006450;BRBMEFCE1FB7;FINANCIAL;-;-;-;-;-;-;-;-;-;2,865;-;-;-;-;-;-;-
DOLF27P006450;BRBMEFDE1EH6;FINANCIAL;-;-;-;-;-;-;-;-;-;1333,569;-;-;-;-;-;-;-
DOLF28C007000;BRBMEFCE1FS1;FINANCIAL;-;-;-;-;-;-;-;-;-;49,423;-;-;-;-;-;-;-
DOLF28P007000;BRBMEFDE1EY1;FINANCIAL;-;-;-;-;-;-;-;-;-;1446,686;-;-;-;-;-;-;-
DOLF29C006800;BRBMEFCE1FT9;FINANCIAL;-;-;-;-;-;-;-;-;-;161,327;-;-;-;-;-;-;-
DOLF29C006900;BRBMEFCE1FU7;FINANCIAL;-;-;-;-;-;-;-;-;-;149,737;-;-;-;-;-;-;-
DOLF29C007000;BRBMEFCE1FV5;FINANCIAL;-;-;-;-;-;-;-;-;-;139,112;-;-;-;-;-;-;-
DOLF29C007100;BRBMEFCE1FW3;FINANCIAL;-;-;-;-;-;-;-;-;-;129,176;-;-;-;-;-;-;-
DOLF29C007200;BRBMEFCE1FX1;FINANCIAL;-;-;-;-;-;-;-;-;-;120,062;-;-;-;-;-;-;-
DOLF29C007300;BRBMEFCE1FY9;FINANCIAL;-;-;-;-;-;-;-;-;-;111,7;-;-;-;-;-;-;-
DOLF29C007400;BRBMEFCE1FZ6;FINANCIAL;-;-;-;-;-;-;-;-;-;104,199;-;-;-;-;-;-;-
DOLF29P006800;BRBMEFDE1EZ8;FINANCIAL;-;-;-;-;-;-;-;-;-;1030,006;-;-;-;-;-;-;-
DOLF29P006900;BRBMEFDE1F06;FINANCIAL;-;-;-;-;-;-;-;-;-;1095,282;-;-;-;-;-;-;-
DOLF29P007000;BRBMEFDE1F14;FINANCIAL;-;-;-;-;-;-;-;-;-;1161,524;-;-;-;-;-;-;-
DOLF29P007100;BRBMEFDE1F22;FINANCIAL;-;-;-;-;-;-;-;-;-;1228,454;-;-;-;-;-;-;-
DOLF29P007200;BRBMEFDE1F30;FINANCIAL;-;-;-;-;-;-;-;-;-;1296,206;-;-;-;-;-;-;-
DOLF29P007300;BRBMEFDE1F48;FINANCIAL;-;-;-;-;-;-;-;-;-;1364,709;-;-;-;-;-;-;-
DOLF29P007400;BRBMEFDE1F55;FINANCIAL;-;-;-;-;-;-;-;-;-;1434,075;-;-;-;-;-;-;-
DOLF29C007600;BRBMEFCE1G07;FINANCIAL;-;-;-;-;-;-;-;-;-;90,827;-;-;-;-;-;-;-
DOLF29C007700;BRBMEFCE1G15;FINANCIAL;-;-;-;-;-;-;-;-;-;84,865;-;-;-;-;-;-;-
DOLF29C007800;BRBMEFCE1G23;FINANCIAL;-;-;-;-;-;-;-;-;-;79,531;-;-;-;-;-;-;-
DOLF29C007900;BRBMEFCE1G31;FINANCIAL;-;-;-;-;-;-;-;-;-;74,623;-;-;-;-;-;-;-
DOLF29P007600;BRBMEFDE1F63;FINANCIAL;-;-;-;-;-;-;-;-;-;1574,434;-;-;-;-;-;-;-
DOLF29P007700;BRBMEFDE1F71;FINANCIAL;-;-;-;-;-;-;-;-;-;1645,338;-;-;-;-;-;-;-
DOLF29P007800;BRBMEFDE1F89;FINANCIAL;-;-;-;-;-;-;-;-;-;1716,871;-;-;-;-;-;-;-
DOLF29P007900;BRBMEFDE1F97;FINANCIAL;-;-;-;-;-;-;-;-;-;1788,829;-;-;-;-;-;-;-
DOLN28C007050;BRBMEFCD6C08;FINANCIAL;-;-;-;-;-;-;-;-;-;88,564;-;-;-;-;-;-;-
DOLN28C007100;BRBMEFCD6C16;FINANCIAL;-;-;-;-;-;-;-;-;-;84,917;-;-;-;-;-;-;-
DOLN28C007150;BRBMEFCD6C24;FINANCIAL;-;-;-;-;-;-;-;-;-;81,45;-;-;-;-;-;-;-
DOLN28C007200;BRBMEFCD6C32;FINANCIAL;-;-;-;-;-;-;-;-;-;78,293;-;-;-;-;-;-;-
DOLN28C007250;BRBMEFCD6C40;FINANCIAL;-;-;-;-;-;-;-;-;-;75,152;-;-;-;-;-;-;-
DOLN28C007300;BRBMEFCD6C57;FINANCIAL;-;-;-;-;-;-;-;-;-;72,163;-;-;-;-;-;-;-
DOLN28C007350;BRBMEFCD6C65;FINANCIAL;-;-;-;-;-;-;-;-;-;69,451;-;-;-;-;-;-;-
DOLN28C007400;BRBMEFCD6C73;FINANCIAL;-;-;-;-;-;-;-;-;-;66,741;-;-;-;-;-;-;-
DOLN28C007450;BRBMEFCD6C81;FINANCIAL;-;-;-;-;-;-;-;-;-;64,286;-;-;-;-;-;-;-
DOLN28C007500;BRBMEFCD6C99;FINANCIAL;-;-;-;-;-;-;-;-;-;61,826;-;-;-;-;-;-;-
DOLN28C007550;BRBMEFCD6CA6;FINANCIAL;-;-;-;-;-;-;-;-;-;59,602;-;-;-;-;-;-;-
DOLN28C007600;BRBMEFCD6CB4;FINANCIAL;-;-;-;-;-;-;-;-;-;57,484;-;-;-;-;-;-;-
DOLN28C007650;BRBMEFCD6CC2;FINANCIAL;-;-;-;-;-;-;-;-;-;55,35;-;-;-;-;-;-;-
DOLN28C007700;BRBMEFCD6CD0;FINANCIAL;-;-;-;-;-;-;-;-;-;53,428;-;-;-;-;-;-;-
DOLN28C007750;BRBMEFCD6CE8;FINANCIAL;-;-;-;-;-;-;-;-;-;51,596;-;-;-;-;-;-;-
DOLN28C007800;BRBMEFCD6CF5;FINANCIAL;-;-;-;-;-;-;-;-;-;49,848;-;-;-;-;-;-;-
DOLN28C007850;BRBMEFCD6CG3;FINANCIAL;-;-;-;-;-;-;-;-;-;48,077;-;-;-;-;-;-;-
DOLN28C007900;BRBMEFCD6CH1;FINANCIAL;-;-;-;-;-;-;-;-;-;46,488;-;-;-;-;-;-;-
DOLN28C007950;BRBMEFCD6CI9;FINANCIAL;-;-;-;-;-;-;-;-;-;45,07;-;-;-;-;-;-;-
DOLN28C008000;BRBMEFCD6CJ7;FINANCIAL;-;-;-;-;-;-;-;-;-;43,62;-;-;-;-;-;-;-
DOLN28P007050;BRBMEFVDRC07;FINANCIAL;-;-;-;-;-;-;-;-;-;1328,499;-;-;-;-;-;-;-
DOLN28P007100;BRBMEFVDRC15;FINANCIAL;-;-;-;-;-;-;-;-;-;1365,598;-;-;-;-;-;-;-
DOLN28P007150;BRBMEFVDRC23;FINANCIAL;-;-;-;-;-;-;-;-;-;1402,876;-;-;-;-;-;-;-
DOLN28P007200;BRBMEFVDRC31;FINANCIAL;-;-;-;-;-;-;-;-;-;1440,466;-;-;-;-;-;-;-
DOLN28P007250;BRBMEFVDRC49;FINANCIAL;-;-;-;-;-;-;-;-;-;1478,071;-;-;-;-;-;-;-
DOLN28P007300;BRBMEFVDRC56;FINANCIAL;-;-;-;-;-;-;-;-;-;1515,828;-;-;-;-;-;-;-
DOLN28P007350;BRBMEFVDRC64;FINANCIAL;-;-;-;-;-;-;-;-;-;1553,862;-;-;-;-;-;-;-
DOLN28P007400;BRBMEFVDRC72;FINANCIAL;-;-;-;-;-;-;-;-;-;1591,897;-;-;-;-;-;-;-
DOLN28P007450;BRBMEFVDRC80;FINANCIAL;-;-;-;-;-;-;-;-;-;1630,189;-;-;-;-;-;-;-
DOLN28P007500;BRBMEFVDRC98;FINANCIAL;-;-;-;-;-;-;-;-;-;1668,474;-;-;-;-;-;-;-
DOLN28P007550;BRBMEFVDRCA5;FINANCIAL;-;-;-;-;-;-;-;-;-;1706,997;-;-;-;-;-;-;-
DOLN28P007600;BRBMEFVDRCB3;FINANCIAL;-;-;-;-;-;-;-;-;-;1745,624;-;-;-;-;-;-;-
DOLN28P007650;BRBMEFVDRCC1;FINANCIAL;-;-;-;-;-;-;-;-;-;1784,237;-;-;-;-;-;-;-
DOLN28P007700;BRBMEFVDRCD9;FINANCIAL;-;-;-;-;-;-;-;-;-;1823,061;-;-;-;-;-;-;-
DOLN28P007750;BRBMEFVDRCE7;FINANCIAL;-;-;-;-;-;-;-;-;-;1861,974;-;-;-;-;-;-;-
DOLN28P007800;BRBMEFVDRCF4;FINANCIAL;-;-;-;-;-;-;-;-;-;1900,973;-;-;-;-;-;-;-
DOLN28P007850;BRBMEFVDRCG2;FINANCIAL;-;-;-;-;-;-;-;-;-;1939,947;-;-;-;-;-;-;-
DOLN28P007900;BRBMEFVDRCH0;FINANCIAL;-;-;-;-;-;-;-;-;-;1979,104;-;-;-;-;-;-;-
DOLN28P007950;BRBMEFVDRCI8;FINANCIAL;-;-;-;-;-;-;-;-;-;2018,433;-;-;-;-;-;-;-
DOLN28P008000;BRBMEFVDRCJ6;FINANCIAL;-;-;-;-;-;-;-;-;-;2057,728;-;-;-;-;-;-;-
DOLF27C005650;BRBMEFCE1G49;FINANCIAL;-;-;-;-;-;-;-;-;-;25,583;-;-;-;-;-;-;-
DOLF27P005650;BRBMEFDE1FA8;FINANCIAL;-;-;-;-;-;-;-;-;-;579,907;-;-;-;-;-;-;-
DOLF27C004600;BRBMEFCE1G56;FINANCIAL;-;-;-;-;-;-;-;-;-;472,222;-;-;-;-;-;-;-
DOLF27P004600;BRBMEFDE1FB6;FINANCIAL;-;-;-;-;-;-;-;-;-;7,547;-;-;-;-;-;-;-
DOLN27C007900;BRBMEFCD6CL3;FINANCIAL;-;-;-;-;-;-;-;-;-;5,804;-;-;-;-;-;-;-
DOLN27C008100;BRBMEFCD6CM1;FINANCIAL;-;-;-;-;-;-;-;-;-;4,619;-;-;-;-;-;-;-
DOLN27P007900;BRBMEFVDRCL2;FINANCIAL;-;-;-;-;-;-;-;-;-;2441,259;-;-;-;-;-;-;-
DOLN27P008100;BRBMEFVDRCM0;FINANCIAL;-;-;-;-;-;-;-;-;-;2623,095;-;-;-;-;-;-;-
DOLN29C007550;BRBMEFCD6CN9;FINANCIAL;-;-;-;-;-;-;-;-;-;134,348;-;-;-;-;-;-;-
DOLN29P007550;BRBMEFVDRCN8;FINANCIAL;-;-;-;-;-;-;-;-;-;1380,367;-;-;-;-;-;-;-
DOLQ27C004500;BRBMEFDA0338;FINANCIAL;-;-;-;-;-;-;-;-;-;715,328;-;-;-;-;-;-;-
DOLQ27C004550;BRBMEFDA0346;FINANCIAL;-;-;-;-;-;-;-;-;-;675,896;-;-;-;-;-;-;-
DOLQ27C004600;BRBMEFDA0353;FINANCIAL;-;-;-;-;-;-;-;-;-;637,498;-;-;-;-;-;-;-
DOLQ27C004650;BRBMEFDA0361;FINANCIAL;-;-;-;-;-;-;-;-;-;600,22;-;-;-;-;-;-;-
DOLQ27C004700;BRBMEFDA0379;FINANCIAL;-;-;-;-;-;-;-;-;-;564,034;-;-;-;-;-;-;-
DOLQ27C004750;BRBMEFDA0387;FINANCIAL;-;-;-;-;-;-;-;-;-;529,21;-;-;-;-;-;-;-
DOLQ27C004800;BRBMEFDA0395;FINANCIAL;-;-;-;-;-;-;-;-;-;495,711;-;-;-;-;-;-;-
DOLQ27C004850;BRBMEFDA03A5;FINANCIAL;-;-;-;-;-;-;-;-;-;463,584;-;-;-;-;-;-;-
DOLQ27C004900;BRBMEFDA03B3;FINANCIAL;-;-;-;-;-;-;-;-;-;432,866;-;-;-;-;-;-;-
DOLQ27C004950;BRBMEFDA03C1;FINANCIAL;-;-;-;-;-;-;-;-;-;403,728;-;-;-;-;-;-;-
DOLQ27C005000;BRBMEFDA03D9;FINANCIAL;-;-;-;-;-;-;-;-;-;375,894;-;-;-;-;-;-;-
DOLQ27C005050;BRBMEFDA03E7;FINANCIAL;-;-;-;-;-;-;-;-;-;349,665;-;-;-;-;-;-;-
DOLQ27C005100;BRBMEFDA03F4;FINANCIAL;-;-;-;-;-;-;-;-;-;324,882;-;-;-;-;-;-;-
DOLQ27C005150;BRBMEFDA03G2;FINANCIAL;-;-;-;-;-;-;-;-;-;301,691;-;-;-;-;-;-;-
DOLQ27C005200;BRBMEFDA03H0;FINANCIAL;-;-;-;-;-;-;-;-;-;279,733;-;-;-;-;-;-;-
DOLQ27C005250;BRBMEFDA03I8;FINANCIAL;-;-;-;-;-;-;-;-;-;259,303;-;-;-;-;-;-;-
DOLQ27C005300;BRBMEFDA03J6;FINANCIAL;-;-;-;-;-;-;-;-;-;240,189;-;-;-;-;-;-;-
DOLQ27C005350;BRBMEFDA03K4;FINANCIAL;-;-;-;-;-;-;-;-;-;222,512;-;-;-;-;-;-;-
DOLQ27C005400;BRBMEFDA03L2;FINANCIAL;-;-;-;-;-;-;-;-;-;205,875;-;-;-;-;-;-;-
DOLQ27C005450;BRBMEFDA03M0;FINANCIAL;-;-;-;-;-;-;-;-;-;190,562;-;-;-;-;-;-;-
DOLQ27C005500;BRBMEFDA0320;FINANCIAL;-;-;-;-;-;-;-;-;-;176,174;-;-;-;-;-;-;-
DOLQ27C005550;BRBMEFDA03N8;FINANCIAL;-;-;-;-;-;-;-;-;-;162,986;-;-;-;-;-;-;-
DOLQ27C005600;BRBMEFDA03O6;FINANCIAL;-;-;-;-;-;-;-;-;-;150,768;-;-;-;-;-;-;-
DOLQ27C005650;BRBMEFDA03P3;FINANCIAL;-;-;-;-;-;-;-;-;-;139,619;-;-;-;-;-;-;-
DOLQ27C005700;BRBMEFDA03Q1;FINANCIAL;-;-;-;-;-;-;-;-;-;129,162;-;-;-;-;-;-;-
DOLQ27C005750;BRBMEFDA03R9;FINANCIAL;-;-;-;-;-;-;-;-;-;119,649;-;-;-;-;-;-;-
DOLQ27C005800;BRBMEFDA03S7;FINANCIAL;-;-;-;-;-;-;-;-;-;110,725;-;-;-;-;-;-;-
DOLQ27C005850;BRBMEFDA03T5;FINANCIAL;-;-;-;-;-;-;-;-;-;102,631;-;-;-;-;-;-;-
DOLQ27C005900;BRBMEFDA03U3;FINANCIAL;-;-;-;-;-;-;-;-;-;95,166;-;-;-;-;-;-;-
DOLQ27C005950;BRBMEFDA03V1;FINANCIAL;-;-;-;-;-;-;-;-;-;88,156;-;-;-;-;-;-;-
DOLQ27C006000;BRBMEFDA03W9;FINANCIAL;-;-;-;-;-;-;-;-;-;81,694;-;-;-;-;-;-;-
DOLQ27C006050;BRBMEFDA03X7;FINANCIAL;-;-;-;-;-;-;-;-;-;75,74;-;-;-;-;-;-;-
DOLQ27C006100;BRBMEFDA03Y5;FINANCIAL;-;-;-;-;-;-;-;-;-;70,253;-;-;-;-;-;-;-
DOLQ27C006150;BRBMEFDA03Z2;FINANCIAL;-;-;-;-;-;-;-;-;-;65,31;-;-;-;-;-;-;-
DOLQ27C006200;BRBMEFDA0403;FINANCIAL;-;-;-;-;-;-;-;-;-;60,65;-;-;-;-;-;-;-
DOLQ27C006250;BRBMEFDA0411;FINANCIAL;-;-;-;-;-;-;-;-;-;56,458;-;-;-;-;-;-;-
DOLQ27C006300;BRBMEFDA0429;FINANCIAL;-;-;-;-;-;-;-;-;-;52,497;-;-;-;-;-;-;-
DOLQ27C006350;BRBMEFDA0437;FINANCIAL;-;-;-;-;-;-;-;-;-;48,94;-;-;-;-;-;-;-
DOLQ27C006400;BRBMEFDA0445;FINANCIAL;-;-;-;-;-;-;-;-;-;45,661;-;-;-;-;-;-;-
DOLQ27C006450;BRBMEFDA0452;FINANCIAL;-;-;-;-;-;-;-;-;-;42,636;-;-;-;-;-;-;-
DOLQ27C006500;BRBMEFDA0460;FINANCIAL;-;-;-;-;-;-;-;-;-;39,845;-;-;-;-;-;-;-
DOLQ27P004500;BRBMEFVA02Z6;FINANCIAL;-;-;-;-;-;-;-;-;-;22,914;-;-;-;-;-;-;-
DOLQ27P004550;BRBMEFVA0302;FINANCIAL;-;-;-;-;-;-;-;-;-;28,773;-;-;-;-;-;-;-
DOLQ27P004600;BRBMEFVA0310;FINANCIAL;-;-;-;-;-;-;-;-;-;35,666;-;-;-;-;-;-;-
DOLQ27P004650;BRBMEFVA0328;FINANCIAL;-;-;-;-;-;-;-;-;-;43,68;-;-;-;-;-;-;-
DOLQ27P004700;BRBMEFVA0336;FINANCIAL;-;-;-;-;-;-;-;-;-;52,785;-;-;-;-;-;-;-
DOLQ27P004750;BRBMEFVA0344;FINANCIAL;-;-;-;-;-;-;-;-;-;63,252;-;-;-;-;-;-;-
DOLQ27P004800;BRBMEFVA0351;FINANCIAL;-;-;-;-;-;-;-;-;-;75,045;-;-;-;-;-;-;-
DOLQ27P004850;BRBMEFVA0369;FINANCIAL;-;-;-;-;-;-;-;-;-;88,209;-;-;-;-;-;-;-
DOLQ27P004900;BRBMEFVA0377;FINANCIAL;-;-;-;-;-;-;-;-;-;102,783;-;-;-;-;-;-;-
DOLQ27P004950;BRBMEFVA0385;FINANCIAL;-;-;-;-;-;-;-;-;-;118,936;-;-;-;-;-;-;-
DOLQ27P005000;BRBMEFVA0393;FINANCIAL;-;-;-;-;-;-;-;-;-;136,393;-;-;-;-;-;-;-
DOLQ27P005050;BRBMEFVA03A7;FINANCIAL;-;-;-;-;-;-;-;-;-;155,456;-;-;-;-;-;-;-
DOLQ27P005100;BRBMEFVA03B5;FINANCIAL;-;-;-;-;-;-;-;-;-;175,965;-;-;-;-;-;-;-
DOLQ27P005150;BRBMEFVA03C3;FINANCIAL;-;-;-;-;-;-;-;-;-;198,066;-;-;-;-;-;-;-
DOLQ27P005200;BRBMEFVA03D1;FINANCIAL;-;-;-;-;-;-;-;-;-;221,398;-;-;-;-;-;-;-
DOLQ27P005250;BRBMEFVA03E9;FINANCIAL;-;-;-;-;-;-;-;-;-;246,261;-;-;-;-;-;-;-
DOLQ27P005300;BRBMEFVA03F6;FINANCIAL;-;-;-;-;-;-;-;-;-;272,438;-;-;-;-;-;-;-
DOLQ27P005350;BRBMEFVA03G4;FINANCIAL;-;-;-;-;-;-;-;-;-;300,052;-;-;-;-;-;-;-
DOLQ27P005400;BRBMEFVA03H2;FINANCIAL;-;-;-;-;-;-;-;-;-;328,707;-;-;-;-;-;-;-
DOLQ27P005450;BRBMEFVA03I0;FINANCIAL;-;-;-;-;-;-;-;-;-;358,685;-;-;-;-;-;-;-
DOLQ27P005500;BRBMEFVA02Y9;FINANCIAL;-;-;-;-;-;-;-;-;-;389,588;-;-;-;-;-;-;-
DOLQ27P005550;BRBMEFVA03J8;FINANCIAL;-;-;-;-;-;-;-;-;-;421,692;-;-;-;-;-;-;-
DOLQ27P005600;BRBMEFVA03K6;FINANCIAL;-;-;-;-;-;-;-;-;-;454,766;-;-;-;-;-;-;-
DOLQ27P005650;BRBMEFVA03L4;FINANCIAL;-;-;-;-;-;-;-;-;-;488,908;-;-;-;-;-;-;-
DOLQ27P005700;BRBMEFVA03M2;FINANCIAL;-;-;-;-;-;-;-;-;-;523,742;-;-;-;-;-;-;-
DOLQ27P005750;BRBMEFVA03N0;FINANCIAL;-;-;-;-;-;-;-;-;-;559,521;-;-;-;-;-;-;-
DOLQ27P005800;BRBMEFVA03O8;FINANCIAL;-;-;-;-;-;-;-;-;-;595,889;-;-;-;-;-;-;-
DOLQ27P005850;BRBMEFVA03P5;FINANCIAL;-;-;-;-;-;-;-;-;-;633,085;-;-;-;-;-;-;-
DOLQ27P005900;BRBMEFVA03Q3;FINANCIAL;-;-;-;-;-;-;-;-;-;670,913;-;-;-;-;-;-;-
DOLQ27P005950;BRBMEFVA03R1;FINANCIAL;-;-;-;-;-;-;-;-;-;709,193;-;-;-;-;-;-;-
DOLQ27P006000;BRBMEFVA03S9;FINANCIAL;-;-;-;-;-;-;-;-;-;748,023;-;-;-;-;-;-;-
DOLQ27P006050;BRBMEFVA03T7;FINANCIAL;-;-;-;-;-;-;-;-;-;787,36;-;-;-;-;-;-;-
DOLQ27P006100;BRBMEFVA03U5;FINANCIAL;-;-;-;-;-;-;-;-;-;827,165;-;-;-;-;-;-;-
DOLQ27P006150;BRBMEFVA03V3;FINANCIAL;-;-;-;-;-;-;-;-;-;867,514;-;-;-;-;-;-;-
DOLQ27P006200;BRBMEFVA03W1;FINANCIAL;-;-;-;-;-;-;-;-;-;908,144;-;-;-;-;-;-;-
DOLQ27P006250;BRBMEFVA03X9;FINANCIAL;-;-;-;-;-;-;-;-;-;949,244;-;-;-;-;-;-;-
DOLQ27P006300;BRBMEFVA03Y7;FINANCIAL;-;-;-;-;-;-;-;-;-;990,575;-;-;-;-;-;-;-
DOLQ27P006350;BRBMEFVA03Z4;FINANCIAL;-;-;-;-;-;-;-;-;-;1032,309;-;-;-;-;-;-;-
DOLQ27P006400;BRBMEFVA0401;FINANCIAL;-;-;-;-;-;-;-;-;-;1074,321;-;-;-;-;-;-;-
DOLQ27P006450;BRBMEFVA0419;FINANCIAL;-;-;-;-;-;-;-;-;-;1116,588;-;-;-;-;-;-;-
DOLQ27P006500;BRBMEFVA0427;FINANCIAL;-;-;-;-;-;-;-;-;-;1159,088;-;-;-;-;-;-;-
DOLV27C004500;BRBMEFCD45F1;FINANCIAL;-;-;-;-;-;-;-;-;-;751,636;-;-;-;-;-;-;-
DOLV27C004550;BRBMEFCD45G9;FINANCIAL;-;-;-;-;-;-;-;-;-;712,997;-;-;-;-;-;-;-
DOLV27C004600;BRBMEFCD45H7;FINANCIAL;-;-;-;-;-;-;-;-;-;675,371;-;-;-;-;-;-;-
DOLV27C004650;BRBMEFCD45I5;FINANCIAL;-;-;-;-;-;-;-;-;-;638,664;-;-;-;-;-;-;-
DOLV27C004700;BRBMEFCD45J3;FINANCIAL;-;-;-;-;-;-;-;-;-;602,82;-;-;-;-;-;-;-
DOLV27C004750;BRBMEFCD45K1;FINANCIAL;-;-;-;-;-;-;-;-;-;568,119;-;-;-;-;-;-;-
DOLV27C004800;BRBMEFCD45L9;FINANCIAL;-;-;-;-;-;-;-;-;-;534,371;-;-;-;-;-;-;-
DOLV27C004850;BRBMEFCD45M7;FINANCIAL;-;-;-;-;-;-;-;-;-;501,88;-;-;-;-;-;-;-
DOLV27C004900;BRBMEFCD45N5;FINANCIAL;-;-;-;-;-;-;-;-;-;470,562;-;-;-;-;-;-;-
DOLV27C004950;BRBMEFCD45O3;FINANCIAL;-;-;-;-;-;-;-;-;-;441,549;-;-;-;-;-;-;-
DOLV27C005000;BRBMEFCD45P0;FINANCIAL;-;-;-;-;-;-;-;-;-;413,696;-;-;-;-;-;-;-
DOLV27C005050;BRBMEFCD45Q8;FINANCIAL;-;-;-;-;-;-;-;-;-;387,157;-;-;-;-;-;-;-
DOLV27C005100;BRBMEFCD45R6;FINANCIAL;-;-;-;-;-;-;-;-;-;361,928;-;-;-;-;-;-;-
DOLV27C005150;BRBMEFCD45S4;FINANCIAL;-;-;-;-;-;-;-;-;-;338,714;-;-;-;-;-;-;-
DOLV27C005200;BRBMEFCD45T2;FINANCIAL;-;-;-;-;-;-;-;-;-;316,987;-;-;-;-;-;-;-
DOLV27C005250;BRBMEFCD45U0;FINANCIAL;-;-;-;-;-;-;-;-;-;296,537;-;-;-;-;-;-;-
DOLV27C005300;BRBMEFCD45V8;FINANCIAL;-;-;-;-;-;-;-;-;-;277,504;-;-;-;-;-;-;-
DOLV27C005350;BRBMEFCD45W6;FINANCIAL;-;-;-;-;-;-;-;-;-;259,656;-;-;-;-;-;-;-
DOLV27C005400;BRBMEFCD45X4;FINANCIAL;-;-;-;-;-;-;-;-;-;243,128;-;-;-;-;-;-;-
DOLV27C005450;BRBMEFCD45Y2;FINANCIAL;-;-;-;-;-;-;-;-;-;227,679;-;-;-;-;-;-;-
DOLV27C005500;BRBMEFCD45Z9;FINANCIAL;-;-;-;-;-;-;-;-;-;213,437;-;-;-;-;-;-;-
DOLV27C005550;BRBMEFCD4601;FINANCIAL;-;-;-;-;-;-;-;-;-;200,157;-;-;-;-;-;-;-
DOLV27C005600;BRBMEFCD4619;FINANCIAL;169;169;169;169;169;-55,52;-;-;-;187,782;-;-;-;-;1;5.000;42250000
DOLV27C005650;BRBMEFCD4627;FINANCIAL;158;158;158;158;158;-;-;-;-;176,434;-;-;-;-;1;5.000;39500000
DOLV27C005700;BRBMEFCD4635;FINANCIAL;-;-;-;-;-;-;-;-;-;165,526;-;-;-;-;-;-;-
DOLV27C005750;BRBMEFCD4643;FINANCIAL;-;-;-;-;-;-;-;-;-;155,197;-;-;-;-;-;-;-
DOLV27C005800;BRBMEFCD4650;FINANCIAL;-;-;-;-;-;-;-;-;-;145,744;-;-;-;-;-;-;-
DOLV27C005850;BRBMEFCD4668;FINANCIAL;-;-;-;-;-;-;-;-;-;136,782;-;-;-;-;-;-;-
DOLV27C005900;BRBMEFCD4676;FINANCIAL;-;-;-;-;-;-;-;-;-;128,599;-;-;-;-;-;-;-
DOLV27C005950;BRBMEFCD4684;FINANCIAL;-;-;-;-;-;-;-;-;-;120,984;-;-;-;-;-;-;-
DOLV27C006000;BRBMEFCD4692;FINANCIAL;-;-;-;-;-;-;-;-;-;113,899;-;-;-;-;-;-;-
DOLV27C006050;BRBMEFCD46A0;FINANCIAL;-;-;-;-;-;-;-;-;-;107,158;-;-;-;-;-;-;-
DOLV27C006100;BRBMEFCD46B8;FINANCIAL;-;-;-;-;-;-;-;-;-;100,166;-;-;-;-;-;-;-
DOLV27C006150;BRBMEFCD46C6;FINANCIAL;-;-;-;-;-;-;-;-;-;93,79;-;-;-;-;-;-;-
DOLV27C006200;BRBMEFCD46D4;FINANCIAL;-;-;-;-;-;-;-;-;-;87,715;-;-;-;-;-;-;-
DOLV27C006250;BRBMEFCD46E2;FINANCIAL;-;-;-;-;-;-;-;-;-;82,186;-;-;-;-;-;-;-
DOLV27C006300;BRBMEFCD46F9;FINANCIAL;-;-;-;-;-;-;-;-;-;77,037;-;-;-;-;-;-;-
DOLV27C006350;BRBMEFCD46G7;FINANCIAL;-;-;-;-;-;-;-;-;-;72,121;-;-;-;-;-;-;-
DOLV27C006400;BRBMEFCD46H5;FINANCIAL;-;-;-;-;-;-;-;-;-;67,658;-;-;-;-;-;-;-
DOLV27C006450;BRBMEFCD46I3;FINANCIAL;-;-;-;-;-;-;-;-;-;63,503;-;-;-;-;-;-;-
DOLV27C006500;BRBMEFCD46J1;FINANCIAL;-;-;-;-;-;-;-;-;-;59,632;-;-;-;-;-;-;-
DOLV27P004500;BRBMEFVD45G9;FINANCIAL;-;-;-;-;-;-;-;-;-;29,6;-;-;-;-;-;-;-
DOLV27P004550;BRBMEFVD45H7;FINANCIAL;-;-;-;-;-;-;-;-;-;35,37;-;-;-;-;-;-;-
DOLV27P004600;BRBMEFVD45I5;FINANCIAL;-;-;-;-;-;-;-;-;-;42,154;-;-;-;-;-;-;-
DOLV27P004650;BRBMEFVD45J3;FINANCIAL;-;-;-;-;-;-;-;-;-;49,856;-;-;-;-;-;-;-
DOLV27P004700;BRBMEFVD45K1;FINANCIAL;-;-;-;-;-;-;-;-;-;58,423;-;-;-;-;-;-;-
DOLV27P004750;BRBMEFVD45L9;FINANCIAL;-;-;-;-;-;-;-;-;-;68,131;-;-;-;-;-;-;-
DOLV27P004800;BRBMEFVD45M7;FINANCIAL;-;-;-;-;-;-;-;-;-;78,792;-;-;-;-;-;-;-
DOLV27P004850;BRBMEFVD45N5;FINANCIAL;-;-;-;-;-;-;-;-;-;90,711;-;-;-;-;-;-;-
DOLV27P004900;BRBMEFVD45O3;FINANCIAL;-;-;-;-;-;-;-;-;-;103,803;-;-;-;-;-;-;-
DOLV27P004950;BRBMEFVD45P0;FINANCIAL;-;-;-;-;-;-;-;-;-;119,199;-;-;-;-;-;-;-
DOLV27P005000;BRBMEFVD45Q8;FINANCIAL;-;-;-;-;-;-;-;-;-;135,755;-;-;-;-;-;-;-
DOLV27P005050;BRBMEFVD45R6;FINANCIAL;-;-;-;-;-;-;-;-;-;153,625;-;-;-;-;-;-;-
DOLV27P005100;BRBMEFVD45S4;FINANCIAL;-;-;-;-;-;-;-;-;-;172,806;-;-;-;-;-;-;-
DOLV27P005150;BRBMEFVD45T2;FINANCIAL;-;-;-;-;-;-;-;-;-;194,001;-;-;-;-;-;-;-
DOLV27P005200;BRBMEFVD45U0;FINANCIAL;-;-;-;-;-;-;-;-;-;216,685;-;-;-;-;-;-;-
DOLV27P005250;BRBMEFVD45V8;FINANCIAL;-;-;-;-;-;-;-;-;-;240,644;-;-;-;-;-;-;-
DOLV27P005300;BRBMEFVD45W6;FINANCIAL;-;-;-;-;-;-;-;-;-;266,02;-;-;-;-;-;-;-
DOLV27P005350;BRBMEFVD45X4;FINANCIAL;-;-;-;-;-;-;-;-;-;292,582;-;-;-;-;-;-;-
DOLV27P005400;BRBMEFVD45Y2;FINANCIAL;-;-;-;-;-;-;-;-;-;320,463;-;-;-;-;-;-;-
DOLV27P005450;BRBMEFVD45Z9;FINANCIAL;-;-;-;-;-;-;-;-;-;349,424;-;-;-;-;-;-;-
DOLV27P005500;BRBMEFVD4608;FINANCIAL;-;-;-;-;-;-;-;-;-;379,591;-;-;-;-;-;-;-
DOLV27P005550;BRBMEFVD4616;FINANCIAL;-;-;-;-;-;-;-;-;-;410,721;-;-;-;-;-;-;-
DOLV27P005600;BRBMEFVD4624;FINANCIAL;466,77;466,77;466,77;466,77;466,77;45,07;-;-;-;442,755;-;-;-;-;1;5.000;116692500
DOLV27P005650;BRBMEFVD4632;FINANCIAL;500,5;500,5;500,5;500,5;500,5;160,67;-;-;-;475,817;-;-;-;-;1;5.000;125125000
DOLV27P005700;BRBMEFVD4640;FINANCIAL;-;-;-;-;-;-;-;-;-;509,318;-;-;-;-;-;-;-
DOLV27P005750;BRBMEFVD4657;FINANCIAL;-;-;-;-;-;-;-;-;-;543,399;-;-;-;-;-;-;-
DOLV27P005800;BRBMEFVD4665;FINANCIAL;-;-;-;-;-;-;-;-;-;578,355;-;-;-;-;-;-;-
DOLV27P005850;BRBMEFVD4673;FINANCIAL;-;-;-;-;-;-;-;-;-;613,803;-;-;-;-;-;-;-
DOLV27P005900;BRBMEFVD4681;FINANCIAL;-;-;-;-;-;-;-;-;-;650,029;-;-;-;-;-;-;-
DOLV27P005950;BRBMEFVD4699;FINANCIAL;-;-;-;-;-;-;-;-;-;686,824;-;-;-;-;-;-;-
DOLV27P006000;BRBMEFVD46A0;FINANCIAL;-;-;-;-;-;-;-;-;-;724,149;-;-;-;-;-;-;-
DOLV27P006050;BRBMEFVD46B8;FINANCIAL;-;-;-;-;-;-;-;-;-;761,817;-;-;-;-;-;-;-
DOLV27P006100;BRBMEFVD46C6;FINANCIAL;-;-;-;-;-;-;-;-;-;799,235;-;-;-;-;-;-;-
DOLV27P006150;BRBMEFVD46D4;FINANCIAL;-;-;-;-;-;-;-;-;-;837,268;-;-;-;-;-;-;-
DOLV27P006200;BRBMEFVD46E2;FINANCIAL;-;-;-;-;-;-;-;-;-;875,603;-;-;-;-;-;-;-
DOLV27P006250;BRBMEFVD46F9;FINANCIAL;-;-;-;-;-;-;-;-;-;914,484;-;-;-;-;-;-;-
DOLV27P006300;BRBMEFVD46G7;FINANCIAL;-;-;-;-;-;-;-;-;-;953,744;-;-;-;-;-;-;-
DOLV27P006350;BRBMEFVD46H5;FINANCIAL;-;-;-;-;-;-;-;-;-;993,237;-;-;-;-;-;-;-
DOLV27P006400;BRBMEFVD46I3;FINANCIAL;-;-;-;-;-;-;-;-;-;1033,184;-;-;-;-;-;-;-
DOLV27P006450;BRBMEFVD46J1;FINANCIAL;-;-;-;-;-;-;-;-;-;1073,438;-;-;-;-;-;-;-
DOLV27P006500;BRBMEFVD46K9;FINANCIAL;-;-;-;-;-;-;-;-;-;1113,977;-;-;-;-;-;-;-
DOLZ26C004900;BRBMEFD103J1;FINANCIAL;-;-;-;-;-;-;-;-;-;198,932;-;-;-;-;-;-;-
DOLZ26C005400;BRBMEFD103K9;FINANCIAL;-;-;-;-;-;-;-;-;-;30,46;-;-;-;-;-;-;-
DOLZ26P004900;BRBMEFD203I1;FINANCIAL;-;-;-;-;-;-;-;-;-;50,052;-;-;-;-;-;-;-
DOLZ26P005400;BRBMEFD203J9;FINANCIAL;-;-;-;-;-;-;-;-;-;372,105;-;-;-;-;-;-;-
DOLF30C006000;BRBMEFCE1G64;FINANCIAL;-;-;-;-;-;-;-;-;-;434,668;-;-;-;-;-;-;-
DOLF30C006050;BRBMEFCE1G72;FINANCIAL;-;-;-;-;-;-;-;-;-;421,774;-;-;-;-;-;-;-
DOLF30C006100;BRBMEFCE1G80;FINANCIAL;-;-;-;-;-;-;-;-;-;409,011;-;-;-;-;-;-;-
DOLF30C006150;BRBMEFCE1G98;FINANCIAL;-;-;-;-;-;-;-;-;-;396,948;-;-;-;-;-;-;-
DOLF30C006200;BRBMEFCE1GA7;FINANCIAL;-;-;-;-;-;-;-;-;-;384,992;-;-;-;-;-;-;-
DOLF30C006250;BRBMEFCE1GB5;FINANCIAL;-;-;-;-;-;-;-;-;-;373,716;-;-;-;-;-;-;-
DOLF30C006300;BRBMEFCE1GC3;FINANCIAL;-;-;-;-;-;-;-;-;-;363,109;-;-;-;-;-;-;-
DOLF30C006350;BRBMEFCE1GD1;FINANCIAL;-;-;-;-;-;-;-;-;-;352,575;-;-;-;-;-;-;-
DOLF30C006400;BRBMEFCE1GE9;FINANCIAL;-;-;-;-;-;-;-;-;-;342,686;-;-;-;-;-;-;-
DOLF30C006450;BRBMEFCE1GF6;FINANCIAL;-;-;-;-;-;-;-;-;-;332,849;-;-;-;-;-;-;-
DOLF30C006500;BRBMEFCE1GG4;FINANCIAL;-;-;-;-;-;-;-;-;-;323,634;-;-;-;-;-;-;-
DOLF30C006550;BRBMEFCE1GH2;FINANCIAL;-;-;-;-;-;-;-;-;-;314,739;-;-;-;-;-;-;-
DOLF30C006600;BRBMEFCE1GI0;FINANCIAL;-;-;-;-;-;-;-;-;-;305,867;-;-;-;-;-;-;-
DOLF30C006650;BRBMEFCE1GJ8;FINANCIAL;-;-;-;-;-;-;-;-;-;297,581;-;-;-;-;-;-;-
DOLF30C006700;BRBMEFCE1GK6;FINANCIAL;-;-;-;-;-;-;-;-;-;289,584;-;-;-;-;-;-;-
DOLF30C006750;BRBMEFCE1GL4;FINANCIAL;-;-;-;-;-;-;-;-;-;281,584;-;-;-;-;-;-;-
DOLF30C006800;BRBMEFCE1GM2;FINANCIAL;-;-;-;-;-;-;-;-;-;274,136;-;-;-;-;-;-;-
DOLF30C006850;BRBMEFCE1GN0;FINANCIAL;-;-;-;-;-;-;-;-;-;266,947;-;-;-;-;-;-;-
DOLF30C006900;BRBMEFCE1GO8;FINANCIAL;-;-;-;-;-;-;-;-;-;260,009;-;-;-;-;-;-;-
DOLF30C006950;BRBMEFCE1GP5;FINANCIAL;-;-;-;-;-;-;-;-;-;252,764;-;-;-;-;-;-;-
DOLF30C007000;BRBMEFCE1GQ3;FINANCIAL;-;-;-;-;-;-;-;-;-;246,033;-;-;-;-;-;-;-
DOLF30C007050;BRBMEFCE1GR1;FINANCIAL;-;-;-;-;-;-;-;-;-;239,53;-;-;-;-;-;-;-
DOLF30C007100;BRBMEFCE1GS9;FINANCIAL;-;-;-;-;-;-;-;-;-;233,248;-;-;-;-;-;-;-
DOLF30C007150;BRBMEFCE1GT7;FINANCIAL;-;-;-;-;-;-;-;-;-;226,915;-;-;-;-;-;-;-
DOLF30C007200;BRBMEFCE1GU5;FINANCIAL;-;-;-;-;-;-;-;-;-;221,054;-;-;-;-;-;-;-
DOLF30C007250;BRBMEFCE1GV3;FINANCIAL;-;-;-;-;-;-;-;-;-;215,392;-;-;-;-;-;-;-
DOLF30C007300;BRBMEFCE1GW1;FINANCIAL;-;-;-;-;-;-;-;-;-;209,921;-;-;-;-;-;-;-
DOLF30C007350;BRBMEFCE1GX9;FINANCIAL;-;-;-;-;-;-;-;-;-;204,635;-;-;-;-;-;-;-
DOLF30C007400;BRBMEFCE1GY7;FINANCIAL;-;-;-;-;-;-;-;-;-;199,527;-;-;-;-;-;-;-
DOLF30C007450;BRBMEFCE1GZ4;FINANCIAL;-;-;-;-;-;-;-;-;-;194,59;-;-;-;-;-;-;-
DOLF30C007500;BRBMEFCE1H06;FINANCIAL;-;-;-;-;-;-;-;-;-;189,82;-;-;-;-;-;-;-
DOLF30C007550;BRBMEFCE1H14;FINANCIAL;-;-;-;-;-;-;-;-;-;185,208;-;-;-;-;-;-;-
DOLF30C007600;BRBMEFCE1H22;FINANCIAL;-;-;-;-;-;-;-;-;-;180,751;-;-;-;-;-;-;-
DOLF30C007650;BRBMEFCE1H30;FINANCIAL;-;-;-;-;-;-;-;-;-;176,442;-;-;-;-;-;-;-
DOLF30C007700;BRBMEFCE1H48;FINANCIAL;-;-;-;-;-;-;-;-;-;172,276;-;-;-;-;-;-;-
DOLF30C007750;BRBMEFCE1H55;FINANCIAL;-;-;-;-;-;-;-;-;-;168,248;-;-;-;-;-;-;-
DOLF30C007800;BRBMEFCE1H63;FINANCIAL;-;-;-;-;-;-;-;-;-;164,352;-;-;-;-;-;-;-
DOLF30C007850;BRBMEFCE1H71;FINANCIAL;-;-;-;-;-;-;-;-;-;159,898;-;-;-;-;-;-;-
DOLN28C006600;BRBMEFCD69B0;FINANCIAL;-;-;-;-;-;-;-;-;-;131,027;-;-;-;-;-;-;-
DOLN28C006650;BRBMEFCD69C8;FINANCIAL;-;-;-;-;-;-;-;-;-;125,272;-;-;-;-;-;-;-
DOLN28C006700;BRBMEFCD69D6;FINANCIAL;-;-;-;-;-;-;-;-;-;119,802;-;-;-;-;-;-;-
DOLN28C006750;BRBMEFCD69E4;FINANCIAL;-;-;-;-;-;-;-;-;-;114,605;-;-;-;-;-;-;-
DOLN28C006800;BRBMEFCD69F1;FINANCIAL;-;-;-;-;-;-;-;-;-;109,667;-;-;-;-;-;-;-
DOLN28C006850;BRBMEFCD69G9;FINANCIAL;-;-;-;-;-;-;-;-;-;104,973;-;-;-;-;-;-;-
DOLN28C006900;BRBMEFCD69H7;FINANCIAL;-;-;-;-;-;-;-;-;-;100,513;-;-;-;-;-;-;-
DOLN28C006950;BRBMEFCD69I5;FINANCIAL;-;-;-;-;-;-;-;-;-;96,273;-;-;-;-;-;-;-
DOLN28C007000;BRBMEFCD69J3;FINANCIAL;-;-;-;-;-;-;-;-;-;92,399;-;-;-;-;-;-;-
DOLN28P005000;BRBMEFVDR8F2;FINANCIAL;152;152;152;152;152;-;-;-;-;153,518;-;-;-;-;1;500;3800000
DOLN28P005050;BRBMEFVDR8G0;FINANCIAL;-;-;-;-;-;-;-;-;-;168,649;-;-;-;-;-;-;-
DOLN28P005100;BRBMEFVDR8H8;FINANCIAL;-;-;-;-;-;-;-;-;-;184,637;-;-;-;-;-;-;-
DOLN28P005150;BRBMEFVDR8I6;FINANCIAL;-;-;-;-;-;-;-;-;-;201,48;-;-;-;-;-;-;-
DOLN28P005200;BRBMEFVDR8J4;FINANCIAL;-;-;-;-;-;-;-;-;-;219,173;-;-;-;-;-;-;-
DOLN28P005250;BRBMEFVDR8K2;FINANCIAL;-;-;-;-;-;-;-;-;-;237,711;-;-;-;-;-;-;-
DOLN28P005300;BRBMEFVDR8L0;FINANCIAL;-;-;-;-;-;-;-;-;-;257,307;-;-;-;-;-;-;-
DOLN28P005350;BRBMEFVDR8M8;FINANCIAL;-;-;-;-;-;-;-;-;-;277,733;-;-;-;-;-;-;-
DOLN28P005400;BRBMEFVDR8N6;FINANCIAL;-;-;-;-;-;-;-;-;-;298,974;-;-;-;-;-;-;-
DOLN28P005450;BRBMEFVDR8O4;FINANCIAL;-;-;-;-;-;-;-;-;-;321,014;-;-;-;-;-;-;-
DOLN28P005500;BRBMEFVDR8P1;FINANCIAL;-;-;-;-;-;-;-;-;-;343,833;-;-;-;-;-;-;-
DOLN28P005550;BRBMEFVDR8Q9;FINANCIAL;-;-;-;-;-;-;-;-;-;367,414;-;-;-;-;-;-;-
DOLN28P005600;BRBMEFVDR8R7;FINANCIAL;-;-;-;-;-;-;-;-;-;391,734;-;-;-;-;-;-;-
DOLN28P005650;BRBMEFVDR8S5;FINANCIAL;-;-;-;-;-;-;-;-;-;416,775;-;-;-;-;-;-;-
DOLN28P005700;BRBMEFVDR8T3;FINANCIAL;-;-;-;-;-;-;-;-;-;442,749;-;-;-;-;-;-;-
DOLN28P005750;BRBMEFVDR8U1;FINANCIAL;-;-;-;-;-;-;-;-;-;469,399;-;-;-;-;-;-;-
DOLN28P005800;BRBMEFVDR8V9;FINANCIAL;-;-;-;-;-;-;-;-;-;496,466;-;-;-;-;-;-;-
DOLN28P005850;BRBMEFVDR8W7;FINANCIAL;-;-;-;-;-;-;-;-;-;524,395;-;-;-;-;-;-;-
DOLN28P005900;BRBMEFVDR8X5;FINANCIAL;-;-;-;-;-;-;-;-;-;552,928;-;-;-;-;-;-;-
DOLN28P005950;BRBMEFVDR8Y3;FINANCIAL;-;-;-;-;-;-;-;-;-;582,042;-;-;-;-;-;-;-
DOLN28P006000;BRBMEFVDR8Z0;FINANCIAL;-;-;-;-;-;-;-;-;-;611,712;-;-;-;-;-;-;-
DOLN28P006050;BRBMEFVDR902;FINANCIAL;-;-;-;-;-;-;-;-;-;641,916;-;-;-;-;-;-;-
DOLN28P006100;BRBMEFVDR910;FINANCIAL;-;-;-;-;-;-;-;-;-;672,631;-;-;-;-;-;-;-
DOLN28P006150;BRBMEFVDR928;FINANCIAL;-;-;-;-;-;-;-;-;-;704,053;-;-;-;-;-;-;-
DOLN28P006200;BRBMEFVDR936;FINANCIAL;-;-;-;-;-;-;-;-;-;735,722;-;-;-;-;-;-;-
DOLN28P006250;BRBMEFVDR944;FINANCIAL;-;-;-;-;-;-;-;-;-;767,836;-;-;-;-;-;-;-
DOLN28P006300;BRBMEFVDR951;FINANCIAL;-;-;-;-;-;-;-;-;-;800,585;-;-;-;-;-;-;-
DOLN28P006350;BRBMEFVDR969;FINANCIAL;-;-;-;-;-;-;-;-;-;833,528;-;-;-;-;-;-;-
DOLN28P006400;BRBMEFVDR977;FINANCIAL;-;-;-;-;-;-;-;-;-;867,06;-;-;-;-;-;-;-
DOLN28P006450;BRBMEFVDR985;FINANCIAL;-;-;-;-;-;-;-;-;-;900,952;-;-;-;-;-;-;-
DOLN28P006500;BRBMEFVDR993;FINANCIAL;-;-;-;-;-;-;-;-;-;934,994;-;-;-;-;-;-;-
DOLN28P006550;BRBMEFVDR9A1;FINANCIAL;-;-;-;-;-;-;-;-;-;969,559;-;-;-;-;-;-;-
DOLN28P006600;BRBMEFVDR9B9;FINANCIAL;-;-;-;-;-;-;-;-;-;1004,248;-;-;-;-;-;-;-
DOLN28P006650;BRBMEFVDR9C7;FINANCIAL;-;-;-;-;-;-;-;-;-;1039,239;-;-;-;-;-;-;-
DOLN28P006700;BRBMEFVDR9D5;FINANCIAL;-;-;-;-;-;-;-;-;-;1074,515;-;-;-;-;-;-;-
DOLN28P006750;BRBMEFVDR9E3;FINANCIAL;-;-;-;-;-;-;-;-;-;1110,064;-;-;-;-;-;-;-
DOLN28P006800;BRBMEFVDR9F0;FINANCIAL;-;-;-;-;-;-;-;-;-;1145,872;-;-;-;-;-;-;-
DOLN28P006850;BRBMEFVDR9G8;FINANCIAL;-;-;-;-;-;-;-;-;-;1181,924;-;-;-;-;-;-;-
DOLN28P006900;BRBMEFVDR9H6;FINANCIAL;-;-;-;-;-;-;-;-;-;1218,21;-;-;-;-;-;-;-
DOLN28P006950;BRBMEFVDR9I4;FINANCIAL;-;-;-;-;-;-;-;-;-;1254,716;-;-;-;-;-;-;-
DOLN28P007000;BRBMEFVDR9J2;FINANCIAL;-;-;-;-;-;-;-;-;-;1291,588;-;-;-;-;-;-;-
DOLN29C005000;BRBMEFCD69K1;FINANCIAL;-;-;-;-;-;-;-;-;-;747,642;-;-;-;-;-;-;-
DOLN29C005050;BRBMEFCD69L9;FINANCIAL;-;-;-;-;-;-;-;-;-;723,192;-;-;-;-;-;-;-
DOLN29C005100;BRBMEFCD69M7;FINANCIAL;-;-;-;-;-;-;-;-;-;699,535;-;-;-;-;-;-;-
DOLN29C005150;BRBMEFCD69N5;FINANCIAL;-;-;-;-;-;-;-;-;-;676,463;-;-;-;-;-;-;-
DOLN29C005200;BRBMEFCD69O3;FINANCIAL;-;-;-;-;-;-;-;-;-;654,211;-;-;-;-;-;-;-
DOLN29C005250;BRBMEFCD69P0;FINANCIAL;-;-;-;-;-;-;-;-;-;632,317;-;-;-;-;-;-;-
DOLN29C005300;BRBMEFCD69Q8;FINANCIAL;-;-;-;-;-;-;-;-;-;611,007;-;-;-;-;-;-;-
DOLN29C005350;BRBMEFCD69R6;FINANCIAL;-;-;-;-;-;-;-;-;-;590,525;-;-;-;-;-;-;-
DOLN29C005400;BRBMEFCD69S4;FINANCIAL;-;-;-;-;-;-;-;-;-;570,377;-;-;-;-;-;-;-
DOLN29C005450;BRBMEFCD69T2;FINANCIAL;-;-;-;-;-;-;-;-;-;551,057;-;-;-;-;-;-;-
DOLN29C005500;BRBMEFCD69U0;FINANCIAL;-;-;-;-;-;-;-;-;-;532,05;-;-;-;-;-;-;-
DOLN29C005550;BRBMEFCD69V8;FINANCIAL;-;-;-;-;-;-;-;-;-;513,865;-;-;-;-;-;-;-
DOLN29C005600;BRBMEFCD69W6;FINANCIAL;-;-;-;-;-;-;-;-;-;496,239;-;-;-;-;-;-;-
DOLN29C005650;BRBMEFCD69X4;FINANCIAL;-;-;-;-;-;-;-;-;-;479,162;-;-;-;-;-;-;-
DOLN29C005700;BRBMEFCD69Y2;FINANCIAL;-;-;-;-;-;-;-;-;-;462,896;-;-;-;-;-;-;-
DOLN29C005750;BRBMEFCD69Z9;FINANCIAL;-;-;-;-;-;-;-;-;-;446,889;-;-;-;-;-;-;-
DOLN29C005800;BRBMEFCD6A00;FINANCIAL;-;-;-;-;-;-;-;-;-;431,401;-;-;-;-;-;-;-
DOLN29C005850;BRBMEFCD6A18;FINANCIAL;-;-;-;-;-;-;-;-;-;416,422;-;-;-;-;-;-;-
DOLN29C005900;BRBMEFCD6A26;FINANCIAL;-;-;-;-;-;-;-;-;-;402,215;-;-;-;-;-;-;-
DOLN29C005950;BRBMEFCD6A34;FINANCIAL;-;-;-;-;-;-;-;-;-;388,218;-;-;-;-;-;-;-
DOLN29C006000;BRBMEFCD6A42;FINANCIAL;-;-;-;-;-;-;-;-;-;374,694;-;-;-;-;-;-;-
DOLN29C006050;BRBMEFCD6A59;FINANCIAL;-;-;-;-;-;-;-;-;-;361,908;-;-;-;-;-;-;-
DOLN29C006100;BRBMEFCD6A67;FINANCIAL;-;-;-;-;-;-;-;-;-;349,296;-;-;-;-;-;-;-
DOLN29C006150;BRBMEFCD6A75;FINANCIAL;-;-;-;-;-;-;-;-;-;337,397;-;-;-;-;-;-;-
DOLN29C006200;BRBMEFCD6A83;FINANCIAL;-;-;-;-;-;-;-;-;-;325,922;-;-;-;-;-;-;-
DOLN29C006250;BRBMEFCD6A91;FINANCIAL;-;-;-;-;-;-;-;-;-;314,859;-;-;-;-;-;-;-
DOLN29C006300;BRBMEFCD6AA0;FINANCIAL;-;-;-;-;-;-;-;-;-;303,921;-;-;-;-;-;-;-
DOLN29C006350;BRBMEFCD6AB8;FINANCIAL;-;-;-;-;-;-;-;-;-;293,644;-;-;-;-;-;-;-
DOLN29C006400;BRBMEFCD6AC6;FINANCIAL;-;-;-;-;-;-;-;-;-;283,741;-;-;-;-;-;-;-
DOLN29C006450;BRBMEFCD6AD4;FINANCIAL;-;-;-;-;-;-;-;-;-;274,2;-;-;-;-;-;-;-
DOLN29C006500;BRBMEFCD6AE2;FINANCIAL;-;-;-;-;-;-;-;-;-;265,009;-;-;-;-;-;-;-
DOLN29C006550;BRBMEFCD6AF9;FINANCIAL;-;-;-;-;-;-;-;-;-;256,156;-;-;-;-;-;-;-
DOLN29C006600;BRBMEFCD6AG7;FINANCIAL;-;-;-;-;-;-;-;-;-;247,368;-;-;-;-;-;-;-
DOLN29C006650;BRBMEFCD6AH5;FINANCIAL;-;-;-;-;-;-;-;-;-;239,42;-;-;-;-;-;-;-
DOLN29C006700;BRBMEFCD6AI3;FINANCIAL;-;-;-;-;-;-;-;-;-;231,514;-;-;-;-;-;-;-
DOLN29C006750;BRBMEFCD6AJ1;FINANCIAL;-;-;-;-;-;-;-;-;-;223,902;-;-;-;-;-;-;-
DOLN29C006800;BRBMEFCD6AK9;FINANCIAL;-;-;-;-;-;-;-;-;-;216,573;-;-;-;-;-;-;-
DOLN29C006850;BRBMEFCD6AL7;FINANCIAL;-;-;-;-;-;-;-;-;-;209,516;-;-;-;-;-;-;-
DOLN29C006900;BRBMEFCD6AM5;FINANCIAL;-;-;-;-;-;-;-;-;-;202,723;-;-;-;-;-;-;-
DOLN29C006950;BRBMEFCD6AN3;FINANCIAL;-;-;-;-;-;-;-;-;-;196,184;-;-;-;-;-;-;-
DOLN29C007000;BRBMEFCD6AO1;FINANCIAL;-;-;-;-;-;-;-;-;-;190,129;-;-;-;-;-;-;-
DOLN29P005000;BRBMEFVDR9K0;FINANCIAL;-;-;-;-;-;-;-;-;-;146,078;-;-;-;-;-;-;-
DOLN29P005050;BRBMEFVDR9L8;FINANCIAL;-;-;-;-;-;-;-;-;-;157,856;-;-;-;-;-;-;-
DOLN29P005100;BRBMEFVDR9M6;FINANCIAL;-;-;-;-;-;-;-;-;-;170,425;-;-;-;-;-;-;-
DOLN29P005150;BRBMEFVDR9N4;FINANCIAL;-;-;-;-;-;-;-;-;-;183,581;-;-;-;-;-;-;-
DOLN29P005200;BRBMEFVDR9O2;FINANCIAL;-;-;-;-;-;-;-;-;-;197,556;-;-;-;-;-;-;-
DOLN29P005250;BRBMEFVDR9P9;FINANCIAL;-;-;-;-;-;-;-;-;-;211,889;-;-;-;-;-;-;-
DOLN29P005300;BRBMEFVDR9Q7;FINANCIAL;-;-;-;-;-;-;-;-;-;226,806;-;-;-;-;-;-;-
DOLN29P005350;BRBMEFVDR9R5;FINANCIAL;-;-;-;-;-;-;-;-;-;242,552;-;-;-;-;-;-;-
DOLN29P005400;BRBMEFVDR9S3;FINANCIAL;-;-;-;-;-;-;-;-;-;258,63;-;-;-;-;-;-;-
DOLN29P005450;BRBMEFVDR9T1;FINANCIAL;-;-;-;-;-;-;-;-;-;275,537;-;-;-;-;-;-;-
DOLN29P005500;BRBMEFVDR9U9;FINANCIAL;-;-;-;-;-;-;-;-;-;292,757;-;-;-;-;-;-;-
DOLN29P005550;BRBMEFVDR9V7;FINANCIAL;-;-;-;-;-;-;-;-;-;310,8;-;-;-;-;-;-;-
DOLN29P005600;BRBMEFVDR9W5;FINANCIAL;-;-;-;-;-;-;-;-;-;329,401;-;-;-;-;-;-;-
DOLN29P005650;BRBMEFVDR9X3;FINANCIAL;-;-;-;-;-;-;-;-;-;348,551;-;-;-;-;-;-;-
DOLN29P005700;BRBMEFVDR9Y1;FINANCIAL;-;-;-;-;-;-;-;-;-;368,511;-;-;-;-;-;-;-
DOLN29P005750;BRBMEFVDR9Z8;FINANCIAL;-;-;-;-;-;-;-;-;-;388,732;-;-;-;-;-;-;-
DOLN29P005800;BRBMEFVDRA09;FINANCIAL;-;-;-;-;-;-;-;-;-;409,472;-;-;-;-;-;-;-
DOLN29P005850;BRBMEFVDRA17;FINANCIAL;-;-;-;-;-;-;-;-;-;430,719;-;-;-;-;-;-;-
DOLN29P005900;BRBMEFVDRA25;FINANCIAL;-;-;-;-;-;-;-;-;-;452,739;-;-;-;-;-;-;-
DOLN29P005950;BRBMEFVDRA33;FINANCIAL;-;-;-;-;-;-;-;-;-;474,969;-;-;-;-;-;-;-
DOLN29P006000;BRBMEFVDRA41;FINANCIAL;-;-;-;-;-;-;-;-;-;497,672;-;-;-;-;-;-;-
DOLN29P006050;BRBMEFVDRA58;FINANCIAL;-;-;-;-;-;-;-;-;-;521,114;-;-;-;-;-;-;-
DOLN29P006100;BRBMEFVDRA66;FINANCIAL;-;-;-;-;-;-;-;-;-;544,728;-;-;-;-;-;-;-
DOLN29P006150;BRBMEFVDRA74;FINANCIAL;-;-;-;-;-;-;-;-;-;569,057;-;-;-;-;-;-;-
DOLN29P006200;BRBMEFVDRA82;FINANCIAL;-;-;-;-;-;-;-;-;-;593,809;-;-;-;-;-;-;-
DOLN29P006250;BRBMEFVDRA90;FINANCIAL;-;-;-;-;-;-;-;-;-;618,973;-;-;-;-;-;-;-
DOLN29P006300;BRBMEFVDRAA9;FINANCIAL;-;-;-;-;-;-;-;-;-;644,262;-;-;-;-;-;-;-
DOLN29P006350;BRBMEFVDRAB7;FINANCIAL;-;-;-;-;-;-;-;-;-;670,212;-;-;-;-;-;-;-
DOLN29P006400;BRBMEFVDRAC5;FINANCIAL;-;-;-;-;-;-;-;-;-;696,536;-;-;-;-;-;-;-
DOLN29P006450;BRBMEFVDRAD3;FINANCIAL;-;-;-;-;-;-;-;-;-;723,223;-;-;-;-;-;-;-
DOLN29P006500;BRBMEFVDRAE1;FINANCIAL;-;-;-;-;-;-;-;-;-;750,259;-;-;-;-;-;-;-
DOLN29P006550;BRBMEFVDRAF8;FINANCIAL;-;-;-;-;-;-;-;-;-;777,633;-;-;-;-;-;-;-
DOLN29P006600;BRBMEFVDRAG6;FINANCIAL;-;-;-;-;-;-;-;-;-;805,072;-;-;-;-;-;-;-
DOLN29P006650;BRBMEFVDRAH4;FINANCIAL;-;-;-;-;-;-;-;-;-;833,351;-;-;-;-;-;-;-
DOLN29P006700;BRBMEFVDRAI2;FINANCIAL;-;-;-;-;-;-;-;-;-;861,672;-;-;-;-;-;-;-
DOLN29P006750;BRBMEFVDRAJ0;FINANCIAL;-;-;-;-;-;-;-;-;-;890,287;-;-;-;-;-;-;-
DOLN29P006800;BRBMEFVDRAK8;FINANCIAL;-;-;-;-;-;-;-;-;-;919,185;-;-;-;-;-;-;-
DOLN29P006850;BRBMEFVDRAL6;FINANCIAL;-;-;-;-;-;-;-;-;-;948,356;-;-;-;-;-;-;-
DOLN29P006900;BRBMEFVDRAM4;FINANCIAL;-;-;-;-;-;-;-;-;-;977,79;-;-;-;-;-;-;-
DOLN29P006950;BRBMEFVDRAN2;FINANCIAL;-;-;-;-;-;-;-;-;-;1007,478;-;-;-;-;-;-;-
DOLN29P007000;BRBMEFVDRAO0;FINANCIAL;-;-;-;-;-;-;-;-;-;1037,65;-;-;-;-;-;-;-
DOLF27C007050;BRBMEFCE1CH1;FINANCIAL;-;-;-;-;-;-;-;-;-;0,314;-;-;-;-;-;-;-
DOLF27C007100;BRBMEFCE1CI9;FINANCIAL;-;-;-;-;-;-;-;-;-;0,253;-;-;-;-;-;-;-
DOLF27C007150;BRBMEFCE1CJ7;FINANCIAL;-;-;-;-;-;-;-;-;-;0,203;-;-;-;-;-;-;-
DOLF27C007200;BRBMEFCE1CK5;FINANCIAL;-;-;-;-;-;-;-;-;-;0,162;-;-;-;-;-;-;-
DOLF27C007250;BRBMEFCE1CL3;FINANCIAL;-;-;-;-;-;-;-;-;-;0,13;-;-;-;-;-;-;-
DOLF27C007300;BRBMEFCE1CM1;FINANCIAL;-;-;-;-;-;-;-;-;-;0,104;-;-;-;-;-;-;-
DOLF27C007350;BRBMEFCE1CN9;FINANCIAL;-;-;-;-;-;-;-;-;-;0,083;-;-;-;-;-;-;-
DOLF27C007400;BRBMEFCE1CO7;FINANCIAL;-;-;-;-;-;-;-;-;-;0,066;-;-;-;-;-;-;-
DOLF27C007450;BRBMEFCE1CP4;FINANCIAL;-;-;-;-;-;-;-;-;-;0,052;-;-;-;-;-;-;-
DOLF27C007500;BRBMEFCE1CQ2;FINANCIAL;-;-;-;-;-;-;-;-;-;0,041;-;-;-;-;-;-;-
DOLF27C007550;BRBMEFCE1CR0;FINANCIAL;-;-;-;-;-;-;-;-;-;0,033;-;-;-;-;-;-;-
DOLF27C007600;BRBMEFCE1CS8;FINANCIAL;-;-;-;-;-;-;-;-;-;0,026;-;-;-;-;-;-;-
DOLF27C007650;BRBMEFCE1CT6;FINANCIAL;-;-;-;-;-;-;-;-;-;0,02;-;-;-;-;-;-;-
DOLF27C007700;BRBMEFCE1CU4;FINANCIAL;-;-;-;-;-;-;-;-;-;0,016;-;-;-;-;-;-;-
DOLF27C007750;BRBMEFCE1CV2;FINANCIAL;-;-;-;-;-;-;-;-;-;0,013;-;-;-;-;-;-;-
DOLF27C007800;BRBMEFCE1CW0;FINANCIAL;-;-;-;-;-;-;-;-;-;0,01;-;-;-;-;-;-;-
DOLF27C007850;BRBMEFCE1CX8;FINANCIAL;-;-;-;-;-;-;-;-;-;0,008;-;-;-;-;-;-;-
DOLF27C007900;BRBMEFCE1CY6;FINANCIAL;-;-;-;-;-;-;-;-;-;0,006;-;-;-;-;-;-;-
DOLF27C007950;BRBMEFCE1CZ3;FINANCIAL;-;-;-;-;-;-;-;-;-;0,005;-;-;-;-;-;-;-
DOLF27C008000;BRBMEFCE1D00;FINANCIAL;-;-;-;-;-;-;-;-;-;0,004;-;-;-;-;-;-;-
DOLF27C008050;BRBMEFCE1D18;FINANCIAL;-;-;-;-;-;-;-;-;-;0,003;-;-;-;-;-;-;-
DOLF27C008100;BRBMEFCE1D26;FINANCIAL;-;-;-;-;-;-;-;-;-;0,002;-;-;-;-;-;-;-
DOLF27C008150;BRBMEFCE1D34;FINANCIAL;-;-;-;-;-;-;-;-;-;0,002;-;-;-;-;-;-;-
DOLF27C008200;BRBMEFCE1D42;FINANCIAL;-;-;-;-;-;-;-;-;-;0,001;-;-;-;-;-;-;-
DOLF27C008250;BRBMEFCE1D59;FINANCIAL;-;-;-;-;-;-;-;-;-;0,001;-;-;-;-;-;-;-
DOLF27C008300;BRBMEFCE1D67;FINANCIAL;-;-;-;-;-;-;-;-;-;0,001;-;-;-;-;-;-;-
DOLF27C008350;BRBMEFCE1D75;FINANCIAL;-;-;-;-;-;-;-;-;-;0,001;-;-;-;-;-;-;-
DOLF27C008400;BRBMEFCE1D83;FINANCIAL;-;-;-;-;-;-;-;-;-;0,001;-;-;-;-;-;-;-
DOLF27C008450;BRBMEFCE1D91;FINANCIAL;-;-;-;-;-;-;-;-;-;0,001;-;-;-;-;-;-;-
DOLF27C008500;BRBMEFCE1DA4;FINANCIAL;-;-;-;-;-;-;-;-;-;0,001;-;-;-;-;-;-;-
DOLF27C008550;BRBMEFCE1DB2;FINANCIAL;-;-;-;-;-;-;-;-;-;0,001;-;-;-;-;-;-;-
DOLF27C008600;BRBMEFCE1DC0;FINANCIAL;-;-;-;-;-;-;-;-;-;0,001;-;-;-;-;-;-;-
DOLF27C008650;BRBMEFCE1DD8;FINANCIAL;-;-;-;-;-;-;-;-;-;0,001;-;-;-;-;-;-;-
DOLF27C008700;BRBMEFCE1DE6;FINANCIAL;-;-;-;-;-;-;-;-;-;0,001;-;-;-;-;-;-;-
DOLF27C008750;BRBMEFCE1DF3;FINANCIAL;-;-;-;-;-;-;-;-;-;0,001;-;-;-;-;-;-;-
DOLF27C008800;BRBMEFCE1DG1;FINANCIAL;-;-;-;-;-;-;-;-;-;0,001;-;-;-;-;-;-;-
DOLF27C008850;BRBMEFCE1DH9;FINANCIAL;-;-;-;-;-;-;-;-;-;0,001;-;-;-;-;-;-;-
DOLF27C008900;BRBMEFCE1DI7;FINANCIAL;-;-;-;-;-;-;-;-;-;0,001;-;-;-;-;-;-;-
DOLF27C008950;BRBMEFCE1DJ5;FINANCIAL;-;-;-;-;-;-;-;-;-;0,001;-;-;-;-;-;-;-
DOLF27C009000;BRBMEFCE1DK3;FINANCIAL;-;-;-;-;-;-;-;-;-;0,001;-;-;-;-;-;-;-
DOLF27C009050;BRBMEFCE1DL1;FINANCIAL;-;-;-;-;-;-;-;-;-;0,001;-;-;-;-;-;-;-
DOLF27C009100;BRBMEFCE1DM9;FINANCIAL;-;-;-;-;-;-;-;-;-;0,001;-;-;-;-;-;-;-
DOLF27P007050;BRBMEFDE1BN0;FINANCIAL;-;-;-;-;-;-;-;-;-;1913,302;-;-;-;-;-;-;-
DOLF27P007100;BRBMEFDE1BO8;FINANCIAL;-;-;-;-;-;-;-;-;-;1961,764;-;-;-;-;-;-;-
DOLF27P007150;BRBMEFDE1BP5;FINANCIAL;-;-;-;-;-;-;-;-;-;2010,238;-;-;-;-;-;-;-
DOLF27P007200;BRBMEFDE1BQ3;FINANCIAL;-;-;-;-;-;-;-;-;-;2058,722;-;-;-;-;-;-;-
DOLF27P007250;BRBMEFDE1BR1;FINANCIAL;-;-;-;-;-;-;-;-;-;2107,213;-;-;-;-;-;-;-
DOLF27P007300;BRBMEFDE1BS9;FINANCIAL;-;-;-;-;-;-;-;-;-;2155,71;-;-;-;-;-;-;-
DOLF27P007350;BRBMEFDE1BT7;FINANCIAL;-;-;-;-;-;-;-;-;-;2204,213;-;-;-;-;-;-;-
DOLF27P007400;BRBMEFDE1BU5;FINANCIAL;-;-;-;-;-;-;-;-;-;2252,72;-;-;-;-;-;-;-
DOLF27P007450;BRBMEFDE1BV3;FINANCIAL;-;-;-;-;-;-;-;-;-;2301,23;-;-;-;-;-;-;-
DOLF27P007500;BRBMEFDE1BW1;FINANCIAL;-;-;-;-;-;-;-;-;-;2349,743;-;-;-;-;-;-;-
DOLF27P007550;BRBMEFDE1BX9;FINANCIAL;-;-;-;-;-;-;-;-;-;2398,258;-;-;-;-;-;-;-
DOLF27P007600;BRBMEFDE1BY7;FINANCIAL;-;-;-;-;-;-;-;-;-;2446,775;-;-;-;-;-;-;-
DOLF27P007650;BRBMEFDE1BZ4;FINANCIAL;-;-;-;-;-;-;-;-;-;2495,293;-;-;-;-;-;-;-
DOLF27P007700;BRBMEFDE1C09;FINANCIAL;-;-;-;-;-;-;-;-;-;2543,813;-;-;-;-;-;-;-
DOLF27P007750;BRBMEFDE1C17;FINANCIAL;-;-;-;-;-;-;-;-;-;2592,333;-;-;-;-;-;-;-
DOLF27P007800;BRBMEFDE1C25;FINANCIAL;-;-;-;-;-;-;-;-;-;2640,854;-;-;-;-;-;-;-
DOLF27P007850;BRBMEFDE1C33;FINANCIAL;-;-;-;-;-;-;-;-;-;2689,375;-;-;-;-;-;-;-
DOLF27P007900;BRBMEFDE1C41;FINANCIAL;-;-;-;-;-;-;-;-;-;2737,897;-;-;-;-;-;-;-
DOLF27P007950;BRBMEFDE1C58;FINANCIAL;-;-;-;-;-;-;-;-;-;2786,42;-;-;-;-;-;-;-
DOLF27P008000;BRBMEFDE1C66;FINANCIAL;-;-;-;-;-;-;-;-;-;2834,943;-;-;-;-;-;-;-
DOLF27P008050;BRBMEFDE1C74;FINANCIAL;-;-;-;-;-;-;-;-;-;2883,465;-;-;-;-;-;-;-
DOLF27P008100;BRBMEFDE1C82;FINANCIAL;-;-;-;-;-;-;-;-;-;2931,989;-;-;-;-;-;-;-
DOLF27P008150;BRBMEFDE1C90;FINANCIAL;-;-;-;-;-;-;-;-;-;2980,512;-;-;-;-;-;-;-
DOLF27P008200;BRBMEFDE1CA5;FINANCIAL;-;-;-;-;-;-;-;-;-;3029,035;-;-;-;-;-;-;-
DOLF27P008250;BRBMEFDE1CB3;FINANCIAL;-;-;-;-;-;-;-;-;-;3077,558;-;-;-;-;-;-;-
DOLF27P008300;BRBMEFDE1CC1;FINANCIAL;-;-;-;-;-;-;-;-;-;3126,082;-;-;-;-;-;-;-
DOLF27P008350;BRBMEFDE1CD9;FINANCIAL;-;-;-;-;-;-;-;-;-;3174,606;-;-;-;-;-;-;-
DOLF27P008400;BRBMEFDE1CE7;FINANCIAL;-;-;-;-;-;-;-;-;-;3223,129;-;-;-;-;-;-;-
DOLF27P008450;BRBMEFDE1CF4;FINANCIAL;-;-;-;-;-;-;-;-;-;3271,653;-;-;-;-;-;-;-
DOLF27P008500;BRBMEFDE1CG2;FINANCIAL;-;-;-;-;-;-;-;-;-;3320,176;-;-;-;-;-;-;-
DOLF27P008550;BRBMEFDE1CH0;FINANCIAL;-;-;-;-;-;-;-;-;-;3368,7;-;-;-;-;-;-;-
DOLF27P008600;BRBMEFDE1CI8;FINANCIAL;-;-;-;-;-;-;-;-;-;3417,224;-;-;-;-;-;-;-
DOLF27P008650;BRBMEFDE1CJ6;FINANCIAL;-;-;-;-;-;-;-;-;-;3465,747;-;-;-;-;-;-;-
DOLF27P008700;BRBMEFDE1CK4;FINANCIAL;-;-;-;-;-;-;-;-;-;3514,271;-;-;-;-;-;-;-
DOLF27P008750;BRBMEFDE1CL2;FINANCIAL;-;-;-;-;-;-;-;-;-;3562,795;-;-;-;-;-;-;-
DOLF27P008800;BRBMEFDE1CM0;FINANCIAL;-;-;-;-;-;-;-;-;-;3611,318;-;-;-;-;-;-;-
DOLF27P008850;BRBMEFDE1CN8;FINANCIAL;-;-;-;-;-;-;-;-;-;3659,842;-;-;-;-;-;-;-
DOLF27P008900;BRBMEFDE1CO6;FINANCIAL;-;-;-;-;-;-;-;-;-;3708,366;-;-;-;-;-;-;-
DOLF27P008950;BRBMEFDE1CP3;FINANCIAL;-;-;-;-;-;-;-;-;-;3756,89;-;-;-;-;-;-;-
DOLF27P009000;BRBMEFDE1CQ1;FINANCIAL;-;-;-;-;-;-;-;-;-;3805,413;-;-;-;-;-;-;-
DOLF27P009050;BRBMEFDE1CR9;FINANCIAL;-;-;-;-;-;-;-;-;-;3853,937;-;-;-;-;-;-;-
DOLF27P009100;BRBMEFDE1CS7;FINANCIAL;-;-;-;-;-;-;-;-;-;3902,461;-;-;-;-;-;-;-
DOLF28C007500;BRBMEFCE1DN7;FINANCIAL;-;-;-;-;-;-;-;-;-;31,953;-;-;-;-;-;-;-
DOLF28C008000;BRBMEFCE1DO5;FINANCIAL;-;-;-;-;-;-;-;-;-;22,613;-;-;-;-;-;-;-
DOLF28P007500;BRBMEFDE1CT5;FINANCIAL;-;-;-;-;-;-;-;-;-;1860,8;-;-;-;-;-;-;-
DOLF28P008000;BRBMEFDE1CU3;FINANCIAL;-;-;-;-;-;-;-;-;-;2283,044;-;-;-;-;-;-;-
DOLF29C008000;BRBMEFCE1DP2;FINANCIAL;-;-;-;-;-;-;-;-;-;70,104;-;-;-;-;-;-;-
DOLF29C008500;BRBMEFCE1DQ0;FINANCIAL;-;-;-;-;-;-;-;-;-;52,37;-;-;-;-;-;-;-
DOLF29P008000;BRBMEFDE1CV1;FINANCIAL;-;-;-;-;-;-;-;-;-;1861,176;-;-;-;-;-;-;-
DOLF29P008500;BRBMEFDE1CW9;FINANCIAL;-;-;-;-;-;-;-;-;-;2227,772;-;-;-;-;-;-;-
DOLN29C007500;BRBMEFCD6AT0;FINANCIAL;-;-;-;-;-;-;-;-;-;138,707;-;-;-;-;-;-;-
DOLN29C008000;BRBMEFCD6AU8;FINANCIAL;-;-;-;-;-;-;-;-;-;102,673;-;-;-;-;-;-;-
DOLN29C008500;BRBMEFCD6AV6;FINANCIAL;-;-;-;-;-;-;-;-;-;77,826;-;-;-;-;-;-;-
DOLN29P007500;BRBMEFVDRAT9;FINANCIAL;-;-;-;-;-;-;-;-;-;1348,5;-;-;-;-;-;-;-
DOLN29P008000;BRBMEFVDRAU7;FINANCIAL;-;-;-;-;-;-;-;-;-;1674,736;-;-;-;-;-;-;-
DOLN29P008500;BRBMEFVDRAV5;FINANCIAL;-;-;-;-;-;-;-;-;-;2012,16;-;-;-;-;-;-;-
DOLF27C009150;BRBMEFCE1EJ3;FINANCIAL;-;-;-;-;-;-;-;-;-;0,001;-;-;-;-;-;-;-
DOLF27C009200;BRBMEFCE1EK1;FINANCIAL;-;-;-;-;-;-;-;-;-;0,001;-;-;-;-;-;-;-
DOLF27C009250;BRBMEFCE1EL9;FINANCIAL;-;-;-;-;-;-;-;-;-;0,001;-;-;-;-;-;-;-
DOLF27C009300;BRBMEFCE1EM7;FINANCIAL;-;-;-;-;-;-;-;-;-;0,001;-;-;-;-;-;-;-
DOLF27C009350;BRBMEFCE1EN5;FINANCIAL;-;-;-;-;-;-;-;-;-;0,001;-;-;-;-;-;-;-
DOLF27C009400;BRBMEFCE1EO3;FINANCIAL;-;-;-;-;-;-;-;-;-;0,001;-;-;-;-;-;-;-
DOLF27C009450;BRBMEFCE1EP0;FINANCIAL;-;-;-;-;-;-;-;-;-;0,001;-;-;-;-;-;-;-
DOLF27C009500;BRBMEFCE1EQ8;FINANCIAL;-;-;-;-;-;-;-;-;-;0,001;-;-;-;-;-;-;-
DOLF27C009550;BRBMEFCE1ER6;FINANCIAL;-;-;-;-;-;-;-;-;-;0,001;-;-;-;-;-;-;-
DOLF27C009600;BRBMEFCE1ES4;FINANCIAL;-;-;-;-;-;-;-;-;-;0,001;-;-;-;-;-;-;-
DOLF27C009650;BRBMEFCE1ET2;FINANCIAL;-;-;-;-;-;-;-;-;-;0,001;-;-;-;-;-;-;-
DOLF27C009700;BRBMEFCE1EU0;FINANCIAL;-;-;-;-;-;-;-;-;-;0,001;-;-;-;-;-;-;-
DOLF27C009750;BRBMEFCE1EV8;FINANCIAL;-;-;-;-;-;-;-;-;-;0,001;-;-;-;-;-;-;-
DOLF27C009800;BRBMEFCE1EW6;FINANCIAL;-;-;-;-;-;-;-;-;-;0,001;-;-;-;-;-;-;-
DOLF27C009850;BRBMEFCE1EX4;FINANCIAL;-;-;-;-;-;-;-;-;-;0,001;-;-;-;-;-;-;-
DOLF27C009900;BRBMEFCE1EY2;FINANCIAL;-;-;-;-;-;-;-;-;-;0,001;-;-;-;-;-;-;-
DOLF27C009950;BRBMEFCE1EZ9;FINANCIAL;-;-;-;-;-;-;-;-;-;0,001;-;-;-;-;-;-;-
DOLF27C010000;BRBMEFCE1F08;FINANCIAL;-;-;-;-;-;-;-;-;-;0,001;-;-;-;-;-;-;-
DOLF27P009150;BRBMEFDE1DP1;FINANCIAL;-;-;-;-;-;-;-;-;-;3950,984;-;-;-;-;-;-;-
DOLF27P009200;BRBMEFDE1DQ9;FINANCIAL;-;-;-;-;-;-;-;-;-;3999,508;-;-;-;-;-;-;-
DOLF27P009250;BRBMEFDE1DR7;FINANCIAL;-;-;-;-;-;-;-;-;-;4048,032;-;-;-;-;-;-;-
DOLF27P009300;BRBMEFDE1DS5;FINANCIAL;-;-;-;-;-;-;-;-;-;4096,556;-;-;-;-;-;-;-
DOLF27P009350;BRBMEFDE1DT3;FINANCIAL;-;-;-;-;-;-;-;-;-;4145,079;-;-;-;-;-;-;-
DOLF27P009400;BRBMEFDE1DU1;FINANCIAL;-;-;-;-;-;-;-;-;-;4193,603;-;-;-;-;-;-;-
DOLF27P009450;BRBMEFDE1DV9;FINANCIAL;-;-;-;-;-;-;-;-;-;4242,127;-;-;-;-;-;-;-
DOLF27P009500;BRBMEFDE1DW7;FINANCIAL;-;-;-;-;-;-;-;-;-;4290,651;-;-;-;-;-;-;-
DOLF27P009550;BRBMEFDE1DX5;FINANCIAL;-;-;-;-;-;-;-;-;-;4339,174;-;-;-;-;-;-;-
DOLF27P009600;BRBMEFDE1DY3;FINANCIAL;-;-;-;-;-;-;-;-;-;4387,698;-;-;-;-;-;-;-
DOLF27P009650;BRBMEFDE1DZ0;FINANCIAL;-;-;-;-;-;-;-;-;-;4436,222;-;-;-;-;-;-;-
DOLF27P009700;BRBMEFDE1E07;FINANCIAL;-;-;-;-;-;-;-;-;-;4484,745;-;-;-;-;-;-;-
DOLF27P009750;BRBMEFDE1E15;FINANCIAL;-;-;-;-;-;-;-;-;-;4533,269;-;-;-;-;-;-;-
DOLF27P009800;BRBMEFDE1E23;FINANCIAL;-;-;-;-;-;-;-;-;-;4581,793;-;-;-;-;-;-;-
DOLF27P009850;BRBMEFDE1E31;FINANCIAL;-;-;-;-;-;-;-;-;-;4630,317;-;-;-;-;-;-;-
DOLF27P009900;BRBMEFDE1E49;FINANCIAL;-;-;-;-;-;-;-;-;-;4678,84;-;-;-;-;-;-;-
DOLF27P009950;BRBMEFDE1E56;FINANCIAL;-;-;-;-;-;-;-;-;-;4727,364;-;-;-;-;-;-;-
DOLF27P010000;BRBMEFDE1E64;FINANCIAL;-;-;-;-;-;-;-;-;-;4775,888;-;-;-;-;-;-;-
DOLF28C010500;BRBMEFCE1F99;FINANCIAL;-;-;-;-;-;-;-;-;-;3,657;-;-;-;-;-;-;-
DOLF28C011500;BRBMEFCE1FA9;FINANCIAL;-;-;-;-;-;-;-;-;-;1,284;-;-;-;-;-;-;-
DOLF28P010500;BRBMEFDE1EF0;FINANCIAL;-;-;-;-;-;-;-;-;-;4422,007;-;-;-;-;-;-;-
DOLF28P011500;BRBMEFDE1EG8;FINANCIAL;-;-;-;-;-;-;-;-;-;5282,803;-;-;-;-;-;-;-
DOLJ27C006400;BRBMEFCL15N1;FINANCIAL;-;-;-;-;-;-;-;-;-;16,869;-;-;-;-;-;-;-
DOLJ27C006500;BRBMEFCL15L5;FINANCIAL;-;-;-;-;-;-;-;-;-;14,594;-;-;-;-;-;-;-
DOLJ27C006600;BRBMEFCL15O9;FINANCIAL;-;-;-;-;-;-;-;-;-;12,461;-;-;-;-;-;-;-
DOLJ27C006700;BRBMEFCL15P6;FINANCIAL;-;-;-;-;-;-;-;-;-;10,307;-;-;-;-;-;-;-
DOLJ27C006800;BRBMEFCL15Q4;FINANCIAL;-;-;-;-;-;-;-;-;-;8,531;-;-;-;-;-;-;-
DOLJ27C006900;BRBMEFCL15R2;FINANCIAL;-;-;-;-;-;-;-;-;-;7,128;-;-;-;-;-;-;-
DOLJ27C007000;BRBMEFCL15S0;FINANCIAL;-;-;-;-;-;-;-;-;-;5,963;-;-;-;-;-;-;-
DOLJ27C007100;BRBMEFCL15T8;FINANCIAL;-;-;-;-;-;-;-;-;-;5,024;-;-;-;-;-;-;-
DOLJ27C007200;BRBMEFCL15U6;FINANCIAL;-;-;-;-;-;-;-;-;-;4,251;-;-;-;-;-;-;-
DOLJ27C007300;BRBMEFCL15V4;FINANCIAL;-;-;-;-;-;-;-;-;-;3,626;-;-;-;-;-;-;-
DOLJ27C007400;BRBMEFCL15M3;FINANCIAL;-;-;-;-;-;-;-;-;-;3,106;-;-;-;-;-;-;-
DOLJ27C007500;BRBMEFCL15W2;FINANCIAL;-;-;-;-;-;-;-;-;-;2,674;-;-;-;-;-;-;-
DOLJ27P006400;BRBMEFVDE6F1;FINANCIAL;-;-;-;-;-;-;-;-;-;1184,887;-;-;-;-;-;-;-
DOLJ27P006500;BRBMEFVDE6D6;FINANCIAL;-;-;-;-;-;-;-;-;-;1276,878;-;-;-;-;-;-;-
DOLJ27P006600;BRBMEFVDE6G9;FINANCIAL;-;-;-;-;-;-;-;-;-;1369,012;-;-;-;-;-;-;-
DOLJ27P006700;BRBMEFVDE6H7;FINANCIAL;-;-;-;-;-;-;-;-;-;1461,124;-;-;-;-;-;-;-
DOLJ27P006800;BRBMEFVDE6I5;FINANCIAL;-;-;-;-;-;-;-;-;-;1553,614;-;-;-;-;-;-;-
DOLJ27P006900;BRBMEFVDE6J3;FINANCIAL;-;-;-;-;-;-;-;-;-;1646,478;-;-;-;-;-;-;-
DOLX26P005275;BRBMEFVDY7G3;FINANCIAL;-;-;-;-;-;-;-;-;-;270,421;-;-;-;-;-;-;-
DOLX26P005325;BRBMEFVDY7H1;FINANCIAL;-;-;-;-;-;-;-;-;-;314,368;-;-;-;-;-;-;-
DOLX26P005375;BRBMEFVDY7I9;FINANCIAL;-;-;-;-;-;-;-;-;-;359,729;-;-;-;-;-;-;-
DOLX26P005425;BRBMEFVDY7J7;FINANCIAL;-;-;-;-;-;-;-;-;-;406,262;-;-;-;-;-;-;-
DOLX26P005475;BRBMEFVDY7K5;FINANCIAL;-;-;-;-;-;-;-;-;-;453,592;-;-;-;-;-;-;-
DOLX26P005525;BRBMEFVDY7L3;FINANCIAL;-;-;-;-;-;-;-;-;-;501,474;-;-;-;-;-;-;-
DOLX26P005575;BRBMEFVDY7M1;FINANCIAL;-;-;-;-;-;-;-;-;-;549,496;-;-;-;-;-;-;-
DOLX26P005625;BRBMEFVDY7N9;FINANCIAL;-;-;-;-;-;-;-;-;-;597,832;-;-;-;-;-;-;-
DOLX26P005675;BRBMEFVDY7O7;FINANCIAL;-;-;-;-;-;-;-;-;-;646,471;-;-;-;-;-;-;-
DOLX26P005725;BRBMEFVDY7P4;FINANCIAL;-;-;-;-;-;-;-;-;-;695,34;-;-;-;-;-;-;-
DOLF27C004150;BRBMEFCE1LR1;FINANCIAL;-;-;-;-;-;-;-;-;-;901,419;-;-;-;-;-;-;-
DOLF27C004250;BRBMEFCE1LS9;FINANCIAL;-;-;-;-;-;-;-;-;-;804,473;-;-;-;-;-;-;-
DOLF27C004350;BRBMEFCE1LT7;FINANCIAL;-;-;-;-;-;-;-;-;-;707,768;-;-;-;-;-;-;-
DOLF27C004550;BRBMEFCE1LU5;FINANCIAL;-;-;-;-;-;-;-;-;-;517,828;-;-;-;-;-;-;-
DOLF27C004650;BRBMEFCE1LV3;FINANCIAL;-;-;-;-;-;-;-;-;-;428,234;-;-;-;-;-;-;-
DOLF27C004750;BRBMEFCE1LW1;FINANCIAL;-;-;-;-;-;-;-;-;-;345,579;-;-;-;-;-;-;-
DOLF27C004850;BRBMEFCE1LX9;FINANCIAL;-;-;-;-;-;-;-;-;-;272,137;-;-;-;-;-;-;-
DOLF27C004950;BRBMEFCE1LY7;FINANCIAL;-;-;-;-;-;-;-;-;-;209,494;-;-;-;-;-;-;-
DOLF27C005050;BRBMEFCE1LZ4;FINANCIAL;-;-;-;-;-;-;-;-;-;158,466;-;-;-;-;-;-;-
DOLF27C005150;BRBMEFCE1M09;FINANCIAL;-;-;-;-;-;-;-;-;-;118,183;-;-;-;-;-;-;-
DOLF27P004150;BRBMEFDE1KX0;FINANCIAL;-;-;-;-;-;-;-;-;-;0,031;-;-;-;-;-;-;-
DOLF27P004250;BRBMEFDE1KY8;FINANCIAL;-;-;-;-;-;-;-;-;-;0,132;-;-;-;-;-;-;-
DOLF27P004350;BRBMEFDE1KZ5;FINANCIAL;-;-;-;-;-;-;-;-;-;0,475;-;-;-;-;-;-;-
DOLF27P004550;BRBMEFDE1L08;FINANCIAL;-;-;-;-;-;-;-;-;-;4,63;-;-;-;-;-;-;-
DOLF27P004650;BRBMEFDE1L16;FINANCIAL;-;-;-;-;-;-;-;-;-;12,084;-;-;-;-;-;-;-
DOLF27P004750;BRBMEFDE1L24;FINANCIAL;-;-;-;-;-;-;-;-;-;26,475;-;-;-;-;-;-;-
DOLF27P004850;BRBMEFDE1L32;FINANCIAL;-;-;-;-;-;-;-;-;-;50,081;-;-;-;-;-;-;-
DOLF27P004950;BRBMEFDE1L40;FINANCIAL;-;-;-;-;-;-;-;-;-;84,485;-;-;-;-;-;-;-
DOLF27P005050;BRBMEFDE1L57;FINANCIAL;-;-;-;-;-;-;-;-;-;130,505;-;-;-;-;-;-;-
DOLF27P005150;BRBMEFDE1L65;FINANCIAL;-;-;-;-;-;-;-;-;-;187,269;-;-;-;-;-;-;-
DOLJ28C005500;BRBMEFCL19L7;FINANCIAL;-;-;-;-;-;-;-;-;-;319,812;-;-;-;-;-;-;-
DOLJ28C005600;BRBMEFCL19M5;FINANCIAL;-;-;-;-;-;-;-;-;-;287,568;-;-;-;-;-;-;-
DOLJ28C005700;BRBMEFCL19N3;FINANCIAL;-;-;-;-;-;-;-;-;-;258,631;-;-;-;-;-;-;-
DOLJ28P005500;BRBMEFVDEAD1;FINANCIAL;-;-;-;-;-;-;-;-;-;356,233;-;-;-;-;-;-;-
DOLJ28P005600;BRBMEFVDEAE9;FINANCIAL;-;-;-;-;-;-;-;-;-;407,83;-;-;-;-;-;-;-
DOLJ28P005700;BRBMEFVDEAF6;FINANCIAL;-;-;-;-;-;-;-;-;-;462,734;-;-;-;-;-;-;-
DOLH27C005750;BRBMEFPC02A7;FINANCIAL;-;-;-;-;-;-;-;-;-;40,895;-;-;-;-;-;-;-
DOLH27P005750;BRBMEFOP02G9;FINANCIAL;-;-;-;-;-;-;-;-;-;630,88;-;-;-;-;-;-;-
DOLG27C004000;BRBMEFDL02C0;FINANCIAL;-;-;-;-;-;-;-;-;-;1064,543;-;-;-;-;-;-;-
DOLG27C004100;BRBMEFDL02D8;FINANCIAL;-;-;-;-;-;-;-;-;-;968,484;-;-;-;-;-;-;-
DOLG27C004200;BRBMEFDL02E6;FINANCIAL;-;-;-;-;-;-;-;-;-;872,527;-;-;-;-;-;-;-
DOLG27C004300;BRBMEFDL02F3;FINANCIAL;-;-;-;-;-;-;-;-;-;776,846;-;-;-;-;-;-;-
DOLG27C004500;BRBMEFDL02G1;FINANCIAL;-;-;-;-;-;-;-;-;-;588,807;-;-;-;-;-;-;-
DOLG27C004600;BRBMEFDL02H9;FINANCIAL;-;-;-;-;-;-;-;-;-;499,295;-;-;-;-;-;-;-
DOLG27C004700;BRBMEFDL02I7;FINANCIAL;-;-;-;-;-;-;-;-;-;415,59;-;-;-;-;-;-;-
DOLG27C004800;BRBMEFDL02J5;FINANCIAL;-;-;-;-;-;-;-;-;-;339,304;-;-;-;-;-;-;-
DOLG27P004000;BRBMEFLD02E6;FINANCIAL;-;-;-;-;-;-;-;-;-;0,014;-;-;-;-;-;-;-
DOLG27P004100;BRBMEFLD02F3;FINANCIAL;-;-;-;-;-;-;-;-;-;0,058;-;-;-;-;-;-;-
DOLG27P004200;BRBMEFLD02G1;FINANCIAL;-;-;-;-;-;-;-;-;-;0,204;-;-;-;-;-;-;-
DOLG27P004300;BRBMEFLD02H9;FINANCIAL;-;-;-;-;-;-;-;-;-;0,625;-;-;-;-;-;-;-
DOLG27P004500;BRBMEFLD02I7;FINANCIAL;-;-;-;-;-;-;-;-;-;4,792;-;-;-;-;-;-;-
DOLG27P004600;BRBMEFLD02J5;FINANCIAL;-;-;-;-;-;-;-;-;-;11,383;-;-;-;-;-;-;-
DOLG27P004700;BRBMEFLD02K3;FINANCIAL;-;-;-;-;-;-;-;-;-;23,78;-;-;-;-;-;-;-
DOLG27P004800;BRBMEFLD02L1;FINANCIAL;-;-;-;-;-;-;-;-;-;43,597;-;-;-;-;-;-;-
DOLH27C004000;BRBMEFPC02B5;FINANCIAL;-;-;-;-;-;-;-;-;-;1077,309;-;-;-;-;-;-;-
DOLH27C004100;BRBMEFPC02C3;FINANCIAL;-;-;-;-;-;-;-;-;-;982,136;-;-;-;-;-;-;-
DOLH27C004200;BRBMEFPC02D1;FINANCIAL;-;-;-;-;-;-;-;-;-;887,142;-;-;-;-;-;-;-
DOLH27C004300;BRBMEFPC02E9;FINANCIAL;-;-;-;-;-;-;-;-;-;792,562;-;-;-;-;-;-;-
DOLH27C004400;BRBMEFPC02F6;FINANCIAL;-;-;-;-;-;-;-;-;-;699,103;-;-;-;-;-;-;-
DOLH27C004500;BRBMEFPC02G4;FINANCIAL;-;-;-;-;-;-;-;-;-;607,766;-;-;-;-;-;-;-
DOLH27C004600;BRBMEFPC02H2;FINANCIAL;-;-;-;-;-;-;-;-;-;520,479;-;-;-;-;-;-;-
DOLH27C004700;BRBMEFPC02I0;FINANCIAL;-;-;-;-;-;-;-;-;-;438,776;-;-;-;-;-;-;-
DOLH27C004800;BRBMEFPC02J8;FINANCIAL;-;-;-;-;-;-;-;-;-;364,068;-;-;-;-;-;-;-
DOLH27P004000;BRBMEFOP02H7;FINANCIAL;-;-;-;-;-;-;-;-;-;0,042;-;-;-;-;-;-;-
DOLH27P004100;BRBMEFOP02I5;FINANCIAL;-;-;-;-;-;-;-;-;-;0,142;-;-;-;-;-;-;-
DOLH27P004200;BRBMEFOP02J3;FINANCIAL;-;-;-;-;-;-;-;-;-;0,419;-;-;-;-;-;-;-
DOLH27P004300;BRBMEFOP02K1;FINANCIAL;-;-;-;-;-;-;-;-;-;1,11;-;-;-;-;-;-;-
DOLH27P004400;BRBMEFOP02L9;FINANCIAL;-;-;-;-;-;-;-;-;-;2,922;-;-;-;-;-;-;-
DOLH27P004500;BRBMEFOP02M7;FINANCIAL;-;-;-;-;-;-;-;-;-;6,857;-;-;-;-;-;-;-
DOLH27P004600;BRBMEFOP02N5;FINANCIAL;-;-;-;-;-;-;-;-;-;14,842;-;-;-;-;-;-;-
DOLH27P004700;BRBMEFOP02O3;FINANCIAL;-;-;-;-;-;-;-;-;-;28,41;-;-;-;-;-;-;-
DOLH27P004800;BRBMEFOP02P0;FINANCIAL;-;-;-;-;-;-;-;-;-;48,974;-;-;-;-;-;-;-
DOLJ27C004000;BRBMEFCL19O1;FINANCIAL;-;-;-;-;-;-;-;-;-;1094,494;-;-;-;-;-;-;-
DOLJ27C004100;BRBMEFCL19P8;FINANCIAL;-;-;-;-;-;-;-;-;-;1000,439;-;-;-;-;-;-;-
DOLJ27C004200;BRBMEFCL19Q6;FINANCIAL;-;-;-;-;-;-;-;-;-;906,678;-;-;-;-;-;-;-
DOLJ27C004300;BRBMEFCL19R4;FINANCIAL;-;-;-;-;-;-;-;-;-;813,589;-;-;-;-;-;-;-
DOLJ27C004400;BRBMEFCL19S2;FINANCIAL;-;-;-;-;-;-;-;-;-;721,969;-;-;-;-;-;-;-
DOLJ27C004500;BRBMEFCL19T0;FINANCIAL;-;-;-;-;-;-;-;-;-;632,82;-;-;-;-;-;-;-
DOLJ27C004700;BRBMEFCL19U8;FINANCIAL;-;-;-;-;-;-;-;-;-;468,396;-;-;-;-;-;-;-
DOLJ27C004800;BRBMEFCL19V6;FINANCIAL;-;-;-;-;-;-;-;-;-;395,366;-;-;-;-;-;-;-
DOLJ27P004000;BRBMEFVDEAG4;FINANCIAL;-;-;-;-;-;-;-;-;-;0,118;-;-;-;-;-;-;-
DOLJ27P004100;BRBMEFVDEAH2;FINANCIAL;-;-;-;-;-;-;-;-;-;0,33;-;-;-;-;-;-;-
DOLJ27P004200;BRBMEFVDEAI0;FINANCIAL;-;-;-;-;-;-;-;-;-;0,834;-;-;-;-;-;-;-
DOLJ27P004300;BRBMEFVDEAJ8;FINANCIAL;-;-;-;-;-;-;-;-;-;2,012;-;-;-;-;-;-;-
DOLJ27P004400;BRBMEFVDEAK6;FINANCIAL;-;-;-;-;-;-;-;-;-;4,658;-;-;-;-;-;-;-
DOLJ27P004500;BRBMEFVDEAL4;FINANCIAL;-;-;-;-;-;-;-;-;-;9,776;-;-;-;-;-;-;-
DOLJ27P004700;BRBMEFVDEAM2;FINANCIAL;-;-;-;-;-;-;-;-;-;33,884;-;-;-;-;-;-;-
DOLJ27P004800;BRBMEFVDEAN0;FINANCIAL;-;-;-;-;-;-;-;-;-;55,121;-;-;-;-;-;-;-
DOLU27C004500;BRBMEFCS0404;FINANCIAL;-;-;-;-;-;-;-;-;-;734,968;-;-;-;-;-;-;-
DOLU27C004550;BRBMEFCS0412;FINANCIAL;-;-;-;-;-;-;-;-;-;696,239;-;-;-;-;-;-;-
DOLU27C004600;BRBMEFCS0420;FINANCIAL;-;-;-;-;-;-;-;-;-;658,5;-;-;-;-;-;-;-
DOLU27C004650;BRBMEFCS0438;FINANCIAL;-;-;-;-;-;-;-;-;-;621,723;-;-;-;-;-;-;-
DOLU27C004700;BRBMEFCS0446;FINANCIAL;-;-;-;-;-;-;-;-;-;586,168;-;-;-;-;-;-;-
DOLU27C004750;BRBMEFCS0453;FINANCIAL;-;-;-;-;-;-;-;-;-;551,804;-;-;-;-;-;-;-
DOLU27C004800;BRBMEFCS0461;FINANCIAL;-;-;-;-;-;-;-;-;-;518,681;-;-;-;-;-;-;-
DOLU27C004850;BRBMEFCS0479;FINANCIAL;-;-;-;-;-;-;-;-;-;486,842;-;-;-;-;-;-;-
DOLU27C004900;BRBMEFCS0487;FINANCIAL;-;-;-;-;-;-;-;-;-;456,464;-;-;-;-;-;-;-
DOLU27C004950;BRBMEFCS0495;FINANCIAL;-;-;-;-;-;-;-;-;-;427,284;-;-;-;-;-;-;-
DOLU27C005000;BRBMEFCS04A7;FINANCIAL;-;-;-;-;-;-;-;-;-;399,613;-;-;-;-;-;-;-
DOLU27C005050;BRBMEFCS04B5;FINANCIAL;-;-;-;-;-;-;-;-;-;373,306;-;-;-;-;-;-;-
DOLU27C005100;BRBMEFCS04C3;FINANCIAL;-;-;-;-;-;-;-;-;-;348,356;-;-;-;-;-;-;-
DOLU27C005150;BRBMEFCS04D1;FINANCIAL;-;-;-;-;-;-;-;-;-;324,918;-;-;-;-;-;-;-
DOLU27C005200;BRBMEFCS04E9;FINANCIAL;-;-;-;-;-;-;-;-;-;302,803;-;-;-;-;-;-;-
DOLU27C005250;BRBMEFCS04F6;FINANCIAL;-;-;-;-;-;-;-;-;-;281,978;-;-;-;-;-;-;-
DOLU27C005300;BRBMEFCS04G4;FINANCIAL;-;-;-;-;-;-;-;-;-;262,404;-;-;-;-;-;-;-
DOLU27C005350;BRBMEFCS04H2;FINANCIAL;-;-;-;-;-;-;-;-;-;244,038;-;-;-;-;-;-;-
DOLU27C005400;BRBMEFCS04I0;FINANCIAL;-;-;-;-;-;-;-;-;-;227,014;-;-;-;-;-;-;-
DOLU27C005450;BRBMEFCS04J8;FINANCIAL;-;-;-;-;-;-;-;-;-;211,103;-;-;-;-;-;-;-
DOLU27C005500;BRBMEFCS04K6;FINANCIAL;-;-;-;-;-;-;-;-;-;196,251;-;-;-;-;-;-;-
DOLU27C005550;BRBMEFCS04L4;FINANCIAL;-;-;-;-;-;-;-;-;-;182,405;-;-;-;-;-;-;-
DOLU27C005600;BRBMEFCS04M2;FINANCIAL;-;-;-;-;-;-;-;-;-;169,511;-;-;-;-;-;-;-
DOLU27C005650;BRBMEFCS04N0;FINANCIAL;-;-;-;-;-;-;-;-;-;157,516;-;-;-;-;-;-;-
DOLU27C005700;BRBMEFCS04O8;FINANCIAL;-;-;-;-;-;-;-;-;-;146,532;-;-;-;-;-;-;-
DOLU27C005750;BRBMEFCS04P5;FINANCIAL;-;-;-;-;-;-;-;-;-;136,335;-;-;-;-;-;-;-
DOLU27C005800;BRBMEFCS04Q3;FINANCIAL;-;-;-;-;-;-;-;-;-;126,718;-;-;-;-;-;-;-
DOLU27C005850;BRBMEFCS04R1;FINANCIAL;-;-;-;-;-;-;-;-;-;117,95;-;-;-;-;-;-;-
DOLU27C005900;BRBMEFCS04S9;FINANCIAL;-;-;-;-;-;-;-;-;-;109,824;-;-;-;-;-;-;-
DOLU27C005950;BRBMEFCS04T7;FINANCIAL;-;-;-;-;-;-;-;-;-;102,296;-;-;-;-;-;-;-
DOLU27C006000;BRBMEFCS04U5;FINANCIAL;-;-;-;-;-;-;-;-;-;95,322;-;-;-;-;-;-;-
DOLU27C006050;BRBMEFCS04V3;FINANCIAL;-;-;-;-;-;-;-;-;-;88,731;-;-;-;-;-;-;-
DOLU27C006100;BRBMEFCS04W1;FINANCIAL;-;-;-;-;-;-;-;-;-;82,628;-;-;-;-;-;-;-
DOLU27C006150;BRBMEFCS04X9;FINANCIAL;-;-;-;-;-;-;-;-;-;77,101;-;-;-;-;-;-;-
DOLU27C006200;BRBMEFCS04Y7;FINANCIAL;-;-;-;-;-;-;-;-;-;71,865;-;-;-;-;-;-;-
DOLU27C006250;BRBMEFCS04Z4;FINANCIAL;-;-;-;-;-;-;-;-;-;67,133;-;-;-;-;-;-;-
DOLU27C006300;BRBMEFCS0503;FINANCIAL;-;-;-;-;-;-;-;-;-;62,641;-;-;-;-;-;-;-
DOLU27C006350;BRBMEFCS0511;FINANCIAL;-;-;-;-;-;-;-;-;-;58,589;-;-;-;-;-;-;-
DOLU27C006400;BRBMEFCS0529;FINANCIAL;-;-;-;-;-;-;-;-;-;54,835;-;-;-;-;-;-;-
DOLU27C006450;BRBMEFCS0537;FINANCIAL;-;-;-;-;-;-;-;-;-;51,359;-;-;-;-;-;-;-
DOLU27C006500;BRBMEFCS0545;FINANCIAL;-;-;-;-;-;-;-;-;-;48,137;-;-;-;-;-;-;-
DOLU27C006550;BRBMEFCS0552;FINANCIAL;-;-;-;-;-;-;-;-;-;45,151;-;-;-;-;-;-;-
DOLU27C006600;BRBMEFCS0560;FINANCIAL;-;-;-;-;-;-;-;-;-;42,382;-;-;-;-;-;-;-
DOLU27C006650;BRBMEFCS0578;FINANCIAL;-;-;-;-;-;-;-;-;-;39,898;-;-;-;-;-;-;-
DOLU27C006700;BRBMEFCS0586;FINANCIAL;-;-;-;-;-;-;-;-;-;37,511;-;-;-;-;-;-;-
DOLU27C006750;BRBMEFCS0594;FINANCIAL;-;-;-;-;-;-;-;-;-;35,449;-;-;-;-;-;-;-
DOLU27P004500;BRBMEFVS0492;FINANCIAL;-;-;-;-;-;-;-;-;-;26,004;-;-;-;-;-;-;-
DOLU27P004550;BRBMEFVS04A7;FINANCIAL;-;-;-;-;-;-;-;-;-;32,112;-;-;-;-;-;-;-
DOLU27P004600;BRBMEFVS04B5;FINANCIAL;-;-;-;-;-;-;-;-;-;39,21;-;-;-;-;-;-;-
DOLU27P004650;BRBMEFVS04C3;FINANCIAL;-;-;-;-;-;-;-;-;-;47,27;-;-;-;-;-;-;-
DOLU27P004700;BRBMEFVS04D1;FINANCIAL;-;-;-;-;-;-;-;-;-;56,553;-;-;-;-;-;-;-
DOLU27P004750;BRBMEFVS04E9;FINANCIAL;-;-;-;-;-;-;-;-;-;67,026;-;-;-;-;-;-;-
DOLU27P004800;BRBMEFVS04F6;FINANCIAL;-;-;-;-;-;-;-;-;-;78,74;-;-;-;-;-;-;-
DOLU27P004850;BRBMEFVS04G4;FINANCIAL;-;-;-;-;-;-;-;-;-;91,738;-;-;-;-;-;-;-
DOLU27P004900;BRBMEFVS04H2;FINANCIAL;-;-;-;-;-;-;-;-;-;106,197;-;-;-;-;-;-;-
DOLU27P004950;BRBMEFVS04I0;FINANCIAL;-;-;-;-;-;-;-;-;-;121,855;-;-;-;-;-;-;-
DOLU27P005000;BRBMEFVS04J8;FINANCIAL;-;-;-;-;-;-;-;-;-;139,021;-;-;-;-;-;-;-
DOLU27P005050;BRBMEFVS04K6;FINANCIAL;-;-;-;-;-;-;-;-;-;157,552;-;-;-;-;-;-;-
DOLU27P005100;BRBMEFVS04L4;FINANCIAL;-;-;-;-;-;-;-;-;-;177,438;-;-;-;-;-;-;-
DOLU27P005150;BRBMEFVS04M2;FINANCIAL;-;-;-;-;-;-;-;-;-;198,838;-;-;-;-;-;-;-
DOLU27P005200;BRBMEFVS04N0;FINANCIAL;-;-;-;-;-;-;-;-;-;221,56;-;-;-;-;-;-;-
DOLU27P005250;BRBMEFVS04O8;FINANCIAL;-;-;-;-;-;-;-;-;-;245,572;-;-;-;-;-;-;-
DOLU27P005300;BRBMEFVS04P5;FINANCIAL;-;-;-;-;-;-;-;-;-;270,836;-;-;-;-;-;-;-
DOLU27P005350;BRBMEFVS04Q3;FINANCIAL;-;-;-;-;-;-;-;-;-;297,307;-;-;-;-;-;-;-
DOLU27P005400;BRBMEFVS04R1;FINANCIAL;-;-;-;-;-;-;-;-;-;325,12;-;-;-;-;-;-;-
DOLU27P005450;BRBMEFVS04S9;FINANCIAL;-;-;-;-;-;-;-;-;-;354,046;-;-;-;-;-;-;-
DOLU27P005500;BRBMEFVS04T7;FINANCIAL;-;-;-;-;-;-;-;-;-;384,031;-;-;-;-;-;-;-
DOLU27P005550;BRBMEFVS04U5;FINANCIAL;-;-;-;-;-;-;-;-;-;415,022;-;-;-;-;-;-;-
DOLU27P005600;BRBMEFVS04V3;FINANCIAL;-;-;-;-;-;-;-;-;-;446,966;-;-;-;-;-;-;-
DOLU27P005650;BRBMEFVS04W1;FINANCIAL;-;-;-;-;-;-;-;-;-;479,808;-;-;-;-;-;-;-
DOLU27P005700;BRBMEFVS04X9;FINANCIAL;-;-;-;-;-;-;-;-;-;513,661;-;-;-;-;-;-;-
DOLU27P005750;BRBMEFVS04Y7;FINANCIAL;-;-;-;-;-;-;-;-;-;548,301;-;-;-;-;-;-;-
DOLU27P005800;BRBMEFVS04Z4;FINANCIAL;-;-;-;-;-;-;-;-;-;583,522;-;-;-;-;-;-;-
DOLU27P005850;BRBMEFVS0500;FINANCIAL;-;-;-;-;-;-;-;-;-;619,591;-;-;-;-;-;-;-
DOLU27P005900;BRBMEFVS0518;FINANCIAL;-;-;-;-;-;-;-;-;-;656,303;-;-;-;-;-;-;-
DOLU27P005950;BRBMEFVS0526;FINANCIAL;-;-;-;-;-;-;-;-;-;693,611;-;-;-;-;-;-;-
DOLU27P006000;BRBMEFVS0534;FINANCIAL;-;-;-;-;-;-;-;-;-;731,475;-;-;-;-;-;-;-
DOLU27P006050;BRBMEFVS0542;FINANCIAL;-;-;-;-;-;-;-;-;-;769,721;-;-;-;-;-;-;-
DOLU27P006100;BRBMEFVS0559;FINANCIAL;-;-;-;-;-;-;-;-;-;808,455;-;-;-;-;-;-;-
DOLU27P006150;BRBMEFVS0567;FINANCIAL;-;-;-;-;-;-;-;-;-;847,766;-;-;-;-;-;-;-
DOLU27P006200;BRBMEFVS0575;FINANCIAL;-;-;-;-;-;-;-;-;-;887,367;-;-;-;-;-;-;-
DOLU27P006250;BRBMEFVS0583;FINANCIAL;-;-;-;-;-;-;-;-;-;927,472;-;-;-;-;-;-;-
DOLU27P006300;BRBMEFVS0591;FINANCIAL;-;-;-;-;-;-;-;-;-;967,817;-;-;-;-;-;-;-
DOLU27P006350;BRBMEFVS05A4;FINANCIAL;-;-;-;-;-;-;-;-;-;1008,602;-;-;-;-;-;-;-
DOLU27P006400;BRBMEFVS05B2;FINANCIAL;-;-;-;-;-;-;-;-;-;1049,686;-;-;-;-;-;-;-
DOLU27P006450;BRBMEFVS05C0;FINANCIAL;-;-;-;-;-;-;-;-;-;1091,047;-;-;-;-;-;-;-
DOLU27P006500;BRBMEFVS05D8;FINANCIAL;-;-;-;-;-;-;-;-;-;1132,662;-;-;-;-;-;-;-
DOLU27P006550;BRBMEFVS05E6;FINANCIAL;-;-;-;-;-;-;-;-;-;1174,513;-;-;-;-;-;-;-
DOLU27P006600;BRBMEFVS05F3;FINANCIAL;-;-;-;-;-;-;-;-;-;1216,582;-;-;-;-;-;-;-
DOLU27P006650;BRBMEFVS05G1;FINANCIAL;-;-;-;-;-;-;-;-;-;1258,934;-;-;-;-;-;-;-
DOLU27P006700;BRBMEFVS05H9;FINANCIAL;-;-;-;-;-;-;-;-;-;1301,385;-;-;-;-;-;-;-
DOLU27P006750;BRBMEFVS05I7;FINANCIAL;-;-;-;-;-;-;-;-;-;1344,16;-;-;-;-;-;-;-
DOLH27C004550;BRBMEFPC02K6;FINANCIAL;-;-;-;-;-;-;-;-;-;563,443;-;-;-;-;-;-;-
DOLH27C004650;BRBMEFPC02L4;FINANCIAL;-;-;-;-;-;-;-;-;-;478,851;-;-;-;-;-;-;-
DOLH27C004750;BRBMEFPC02M2;FINANCIAL;-;-;-;-;-;-;-;-;-;400,413;-;-;-;-;-;-;-
DOLH27C004850;BRBMEFPC02N0;FINANCIAL;-;-;-;-;-;-;-;-;-;329,804;-;-;-;-;-;-;-
DOLH27C005650;BRBMEFPC02O8;FINANCIAL;-;-;-;-;-;-;-;-;-;51,874;-;-;-;-;-;-;-
DOLH27C005700;BRBMEFPC02P5;FINANCIAL;-;-;-;-;-;-;-;-;-;46,042;-;-;-;-;-;-;-
DOLH27C005950;BRBMEFPC02Q3;FINANCIAL;-;-;-;-;-;-;-;-;-;25,982;-;-;-;-;-;-;-
DOLH27C006050;BRBMEFPC02R1;FINANCIAL;-;-;-;-;-;-;-;-;-;21,197;-;-;-;-;-;-;-
DOLH27P004550;BRBMEFOP02Q8;FINANCIAL;-;-;-;-;-;-;-;-;-;10,17;-;-;-;-;-;-;-
DOLH27P004650;BRBMEFOP02R6;FINANCIAL;-;-;-;-;-;-;-;-;-;20,85;-;-;-;-;-;-;-
DOLH27P004750;BRBMEFOP02S4;FINANCIAL;-;-;-;-;-;-;-;-;-;37,683;-;-;-;-;-;-;-
DOLH27P004850;BRBMEFOP02T2;FINANCIAL;-;-;-;-;-;-;-;-;-;62,346;-;-;-;-;-;-;-
DOLH27P005650;BRBMEFOP02U0;FINANCIAL;-;-;-;-;-;-;-;-;-;546,587;-;-;-;-;-;-;-
DOLH27P005700;BRBMEFOP02V8;FINANCIAL;-;-;-;-;-;-;-;-;-;588,39;-;-;-;-;-;-;-
DOLH27P005950;BRBMEFOP02W6;FINANCIAL;-;-;-;-;-;-;-;-;-;806,509;-;-;-;-;-;-;-
DOLH27P006050;BRBMEFOP02X4;FINANCIAL;-;-;-;-;-;-;-;-;-;896,996;-;-;-;-;-;-;-
DOLJ27C004550;BRBMEFCL19W4;FINANCIAL;-;-;-;-;-;-;-;-;-;589,812;-;-;-;-;-;-;-
DOLJ27C004650;BRBMEFCL19X2;FINANCIAL;-;-;-;-;-;-;-;-;-;507,514;-;-;-;-;-;-;-
DOLJ27C004750;BRBMEFCL19Y0;FINANCIAL;-;-;-;-;-;-;-;-;-;430,993;-;-;-;-;-;-;-
DOLJ27C004850;BRBMEFCL19Z7;FINANCIAL;-;-;-;-;-;-;-;-;-;361,614;-;-;-;-;-;-;-
DOLJ27C005550;BRBMEFCL1A08;FINANCIAL;-;-;-;-;-;-;-;-;-;86,077;-;-;-;-;-;-;-
DOLJ27C005650;BRBMEFCL1A16;FINANCIAL;-;-;-;-;-;-;-;-;-;69,589;-;-;-;-;-;-;-
DOLJ27P004550;BRBMEFVDEAO8;FINANCIAL;-;-;-;-;-;-;-;-;-;13,901;-;-;-;-;-;-;-
DOLJ27P004650;BRBMEFVDEAP5;FINANCIAL;-;-;-;-;-;-;-;-;-;25,87;-;-;-;-;-;-;-
DOLJ27P004750;BRBMEFVDEAQ3;FINANCIAL;-;-;-;-;-;-;-;-;-;43,615;-;-;-;-;-;-;-
DOLJ27P004850;BRBMEFVDEAR1;FINANCIAL;-;-;-;-;-;-;-;-;-;68,503;-;-;-;-;-;-;-
DOLJ27P005550;BRBMEFVDEAS9;FINANCIAL;-;-;-;-;-;-;-;-;-;452,83;-;-;-;-;-;-;-
DOLJ27P005650;BRBMEFVDEAT7;FINANCIAL;-;-;-;-;-;-;-;-;-;530,609;-;-;-;-;-;-;-
DOLK27C004500;BRBMEFCDI6Z8;FINANCIAL;-;-;-;-;-;-;-;-;-;653,217;-;-;-;-;-;-;-
DOLK27C004550;BRBMEFCDI703;FINANCIAL;-;-;-;-;-;-;-;-;-;611,295;-;-;-;-;-;-;-
DOLK27C004600;BRBMEFCDI711;FINANCIAL;-;-;-;-;-;-;-;-;-;570,57;-;-;-;-;-;-;-
DOLK27C004650;BRBMEFCDI729;FINANCIAL;-;-;-;-;-;-;-;-;-;530,965;-;-;-;-;-;-;-
DOLK27C004700;BRBMEFCDI737;FINANCIAL;-;-;-;-;-;-;-;-;-;492,858;-;-;-;-;-;-;-
DOLK27C004750;BRBMEFCDI745;FINANCIAL;-;-;-;-;-;-;-;-;-;456,21;-;-;-;-;-;-;-
DOLK27C004800;BRBMEFCDI752;FINANCIAL;-;-;-;-;-;-;-;-;-;421,297;-;-;-;-;-;-;-
DOLK27C004850;BRBMEFCDI760;FINANCIAL;-;-;-;-;-;-;-;-;-;388,116;-;-;-;-;-;-;-
DOLK27C004900;BRBMEFCDI778;FINANCIAL;-;-;-;-;-;-;-;-;-;356,721;-;-;-;-;-;-;-
DOLK27P004500;BRBMEFVDO6X2;FINANCIAL;-;-;-;-;-;-;-;-;-;12,901;-;-;-;-;-;-;-
DOLK27P004550;BRBMEFVDO6Y0;FINANCIAL;-;-;-;-;-;-;-;-;-;17,645;-;-;-;-;-;-;-
DOLK27P004600;BRBMEFVDO6Z7;FINANCIAL;-;-;-;-;-;-;-;-;-;23,586;-;-;-;-;-;-;-
DOLK27P004650;BRBMEFVDO701;FINANCIAL;-;-;-;-;-;-;-;-;-;30,647;-;-;-;-;-;-;-
DOLK27P004700;BRBMEFVDO719;FINANCIAL;-;-;-;-;-;-;-;-;-;39,207;-;-;-;-;-;-;-
DOLK27P004750;BRBMEFVDO727;FINANCIAL;-;-;-;-;-;-;-;-;-;49,224;-;-;-;-;-;-;-
DOLK27P004800;BRBMEFVDO735;FINANCIAL;-;-;-;-;-;-;-;-;-;60,978;-;-;-;-;-;-;-
DOLK27P004850;BRBMEFVDO743;FINANCIAL;-;-;-;-;-;-;-;-;-;74,462;-;-;-;-;-;-;-
DOLK27P004900;BRBMEFVDO750;FINANCIAL;-;-;-;-;-;-;-;-;-;89,733;-;-;-;-;-;-;-
DOLM27C004500;BRBMEFDM04T8;FINANCIAL;-;-;-;-;-;-;-;-;-;673,075;-;-;-;-;-;-;-
DOLM27C004550;BRBMEFDM04U6;FINANCIAL;-;-;-;-;-;-;-;-;-;632,039;-;-;-;-;-;-;-
DOLM27C004600;BRBMEFDM04V4;FINANCIAL;-;-;-;-;-;-;-;-;-;592,21;-;-;-;-;-;-;-
DOLM27C004650;BRBMEFDM04W2;FINANCIAL;-;-;-;-;-;-;-;-;-;553,493;-;-;-;-;-;-;-
DOLM27C004700;BRBMEFDM04X0;FINANCIAL;-;-;-;-;-;-;-;-;-;516,12;-;-;-;-;-;-;-
DOLM27C004750;BRBMEFDM04Y8;FINANCIAL;-;-;-;-;-;-;-;-;-;480,188;-;-;-;-;-;-;-
DOLM27C004800;BRBMEFDM04Z5;FINANCIAL;-;-;-;-;-;-;-;-;-;445,889;-;-;-;-;-;-;-
DOLM27C004850;BRBMEFDM0508;FINANCIAL;-;-;-;-;-;-;-;-;-;413,196;-;-;-;-;-;-;-
DOLM27C005550;BRBMEFDM0516;FINANCIAL;-;-;-;-;-;-;-;-;-;124,025;-;-;-;-;-;-;-
DOLM27C005650;BRBMEFDM0524;FINANCIAL;-;-;-;-;-;-;-;-;-;103,741;-;-;-;-;-;-;-
DOLM27C005700;BRBMEFDM0532;FINANCIAL;-;-;-;-;-;-;-;-;-;94,969;-;-;-;-;-;-;-
DOLM27C005750;BRBMEFDM0540;FINANCIAL;-;-;-;-;-;-;-;-;-;86,849;-;-;-;-;-;-;-
DOLM27C005800;BRBMEFDM04S0;FINANCIAL;-;-;-;-;-;-;-;-;-;79,448;-;-;-;-;-;-;-
DOLM27C005850;BRBMEFDM0557;FINANCIAL;-;-;-;-;-;-;-;-;-;72,707;-;-;-;-;-;-;-
DOLM27C005900;BRBMEFDM0565;FINANCIAL;-;-;-;-;-;-;-;-;-;66,569;-;-;-;-;-;-;-
DOLM27C005950;BRBMEFDM0573;FINANCIAL;-;-;-;-;-;-;-;-;-;61,084;-;-;-;-;-;-;-
DOLM27C006000;BRBMEFDM0581;FINANCIAL;-;-;-;-;-;-;-;-;-;55,995;-;-;-;-;-;-;-
DOLM27C006050;BRBMEFDM0599;FINANCIAL;-;-;-;-;-;-;-;-;-;51,456;-;-;-;-;-;-;-
DOLM27P004500;BRBMEFPV04T3;FINANCIAL;-;-;-;-;-;-;-;-;-;16,398;-;-;-;-;-;-;-
DOLM27P004550;BRBMEFPV04U1;FINANCIAL;-;-;-;-;-;-;-;-;-;21,593;-;-;-;-;-;-;-
DOLM27P004600;BRBMEFPV04V9;FINANCIAL;-;-;-;-;-;-;-;-;-;27,996;-;-;-;-;-;-;-
DOLM27P004650;BRBMEFPV04W7;FINANCIAL;-;-;-;-;-;-;-;-;-;35,51;-;-;-;-;-;-;-
DOLM27P004700;BRBMEFPV04X5;FINANCIAL;-;-;-;-;-;-;-;-;-;44,369;-;-;-;-;-;-;-
DOLM27P004750;BRBMEFPV04Y3;FINANCIAL;-;-;-;-;-;-;-;-;-;54,668;-;-;-;-;-;-;-
DOLM27P004800;BRBMEFPV04Z0;FINANCIAL;-;-;-;-;-;-;-;-;-;66,601;-;-;-;-;-;-;-
DOLM27P004850;BRBMEFPV0503;FINANCIAL;-;-;-;-;-;-;-;-;-;80,14;-;-;-;-;-;-;-
DOLM27P005550;BRBMEFPV0511;FINANCIAL;-;-;-;-;-;-;-;-;-;438,211;-;-;-;-;-;-;-
DOLM27P005650;BRBMEFPV0529;FINANCIAL;-;-;-;-;-;-;-;-;-;510,39;-;-;-;-;-;-;-
DOLM27P005700;BRBMEFPV0537;FINANCIAL;-;-;-;-;-;-;-;-;-;547,849;-;-;-;-;-;-;-
DOLM27P005750;BRBMEFPV0545;FINANCIAL;-;-;-;-;-;-;-;-;-;585,96;-;-;-;-;-;-;-
DOLM27P005800;BRBMEFPV04S5;FINANCIAL;-;-;-;-;-;-;-;-;-;624,791;-;-;-;-;-;-;-
DOLM27P005850;BRBMEFPV0552;FINANCIAL;-;-;-;-;-;-;-;-;-;664,282;-;-;-;-;-;-;-
DOLM27P005900;BRBMEFPV0560;FINANCIAL;-;-;-;-;-;-;-;-;-;704,375;-;-;-;-;-;-;-
DOLM27P005950;BRBMEFPV0578;FINANCIAL;-;-;-;-;-;-;-;-;-;745,122;-;-;-;-;-;-;-
DOLM27P006000;BRBMEFPV0586;FINANCIAL;-;-;-;-;-;-;-;-;-;786,264;-;-;-;-;-;-;-
DOLM27P006050;BRBMEFPV0594;FINANCIAL;-;-;-;-;-;-;-;-;-;827,957;-;-;-;-;-;-;-
DOLN27C004500;BRBMEFCD6EC8;FINANCIAL;-;-;-;-;-;-;-;-;-;695,497;-;-;-;-;-;-;-
DOLN27C004600;BRBMEFCD6ED6;FINANCIAL;-;-;-;-;-;-;-;-;-;616,173;-;-;-;-;-;-;-
DOLN27C004650;BRBMEFCD6EE4;FINANCIAL;-;-;-;-;-;-;-;-;-;578,106;-;-;-;-;-;-;-
DOLN27C004700;BRBMEFCD6EF1;FINANCIAL;-;-;-;-;-;-;-;-;-;541,384;-;-;-;-;-;-;-
DOLN27C004750;BRBMEFCD6EG9;FINANCIAL;-;-;-;-;-;-;-;-;-;506,011;-;-;-;-;-;-;-
DOLN27C004800;BRBMEFCD6EH7;FINANCIAL;-;-;-;-;-;-;-;-;-;472,055;-;-;-;-;-;-;-
DOLN27C004850;BRBMEFCD6EI5;FINANCIAL;-;-;-;-;-;-;-;-;-;439,571;-;-;-;-;-;-;-
DOLN27P004500;BRBMEFVDREC7;FINANCIAL;-;-;-;-;-;-;-;-;-;19,589;-;-;-;-;-;-;-
DOLN27P004600;BRBMEFVDRED5;FINANCIAL;-;-;-;-;-;-;-;-;-;31,776;-;-;-;-;-;-;-
DOLN27P004650;BRBMEFVDREE3;FINANCIAL;-;-;-;-;-;-;-;-;-;39,464;-;-;-;-;-;-;-
DOLN27P004700;BRBMEFVDREF0;FINANCIAL;-;-;-;-;-;-;-;-;-;48,498;-;-;-;-;-;-;-
DOLN27P004750;BRBMEFVDREG8;FINANCIAL;-;-;-;-;-;-;-;-;-;58,88;-;-;-;-;-;-;-
DOLN27P004800;BRBMEFVDREH6;FINANCIAL;-;-;-;-;-;-;-;-;-;70,679;-;-;-;-;-;-;-
DOLN27P004850;BRBMEFVDREI4;FINANCIAL;-;-;-;-;-;-;-;-;-;83,95;-;-;-;-;-;-;-
DOLX26C004525;BRBMEFDC0583;FINANCIAL;-;-;-;-;-;-;-;-;-;495,199;-;-;-;-;-;-;-
DOLX26C004575;BRBMEFDC0591;FINANCIAL;-;-;-;-;-;-;-;-;-;445,835;-;-;-;-;-;-;-
DOLX26C004625;BRBMEFDC05A6;FINANCIAL;-;-;-;-;-;-;-;-;-;396,69;-;-;-;-;-;-;-
DOLX26C004675;BRBMEFDC05B4;FINANCIAL;-;-;-;-;-;-;-;-;-;348,182;-;-;-;-;-;-;-
DOLX26C005775;BRBMEFDC05C2;FINANCIAL;-;-;-;-;-;-;-;-;-;1,496;-;-;-;-;-;-;-
DOLX26C005825;BRBMEFDC05D0;FINANCIAL;-;-;-;-;-;-;-;-;-;1,137;-;-;-;-;-;-;-
DOLX26C005875;BRBMEFDC05E8;FINANCIAL;-;-;-;-;-;-;-;-;-;0,792;-;-;-;-;-;-;-
DOLX26C005925;BRBMEFDC05F5;FINANCIAL;-;-;-;-;-;-;-;-;-;0,526;-;-;-;-;-;-;-
DOLX26C005975;BRBMEFDC05G3;FINANCIAL;-;-;-;-;-;-;-;-;-;0,345;-;-;-;-;-;-;-
DOLX26P004525;BRBMEFVDY7Q2;FINANCIAL;-;-;-;-;-;-;-;-;-;0,088;-;-;-;-;-;-;-
DOLX26P004575;BRBMEFVDY7R0;FINANCIAL;-;-;-;-;-;-;-;-;-;0,244;-;-;-;-;-;-;-
DOLX26P004625;BRBMEFVDY7S8;FINANCIAL;-;-;-;-;-;-;-;-;-;0,619;-;-;-;-;-;-;-
DOLF30C007900;BRBMEFCE1H89;FINANCIAL;-;-;-;-;-;-;-;-;-;155,583;-;-;-;-;-;-;-
DOLF30C007950;BRBMEFCE1H97;FINANCIAL;-;-;-;-;-;-;-;-;-;151,403;-;-;-;-;-;-;-
DOLF30C008000;BRBMEFCE1HA5;FINANCIAL;-;-;-;-;-;-;-;-;-;147,575;-;-;-;-;-;-;-
DOLF30C008050;BRBMEFCE1HB3;FINANCIAL;-;-;-;-;-;-;-;-;-;143,649;-;-;-;-;-;-;-
DOLF30C008100;BRBMEFCE1HC1;FINANCIAL;-;-;-;-;-;-;-;-;-;139,847;-;-;-;-;-;-;-
DOLF30C008150;BRBMEFCE1HD9;FINANCIAL;-;-;-;-;-;-;-;-;-;136,162;-;-;-;-;-;-;-
DOLF30C008200;BRBMEFCE1HE7;FINANCIAL;-;-;-;-;-;-;-;-;-;132,802;-;-;-;-;-;-;-
DOLF30C008250;BRBMEFCE1HF4;FINANCIAL;-;-;-;-;-;-;-;-;-;129,341;-;-;-;-;-;-;-
DOLF30C008300;BRBMEFCE1HG2;FINANCIAL;-;-;-;-;-;-;-;-;-;125,986;-;-;-;-;-;-;-
DOLF30C008350;BRBMEFCE1HH0;FINANCIAL;-;-;-;-;-;-;-;-;-;122,937;-;-;-;-;-;-;-
DOLF30C008400;BRBMEFCE1HI8;FINANCIAL;-;-;-;-;-;-;-;-;-;119,784;-;-;-;-;-;-;-
DOLF30C008450;BRBMEFCE1HJ6;FINANCIAL;-;-;-;-;-;-;-;-;-;116,728;-;-;-;-;-;-;-
DOLF30C008500;BRBMEFCE1HK4;FINANCIAL;-;-;-;-;-;-;-;-;-;113,959;-;-;-;-;-;-;-
DOLF30C008550;BRBMEFCE1HL2;FINANCIAL;-;-;-;-;-;-;-;-;-;111,085;-;-;-;-;-;-;-
DOLF30C008600;BRBMEFCE1HM0;FINANCIAL;-;-;-;-;-;-;-;-;-;108,487;-;-;-;-;-;-;-
DOLF30C008650;BRBMEFCE1HN8;FINANCIAL;-;-;-;-;-;-;-;-;-;105,784;-;-;-;-;-;-;-
DOLF30C008700;BRBMEFCE1HO6;FINANCIAL;-;-;-;-;-;-;-;-;-;103,162;-;-;-;-;-;-;-
DOLF30C008750;BRBMEFCE1HP3;FINANCIAL;-;-;-;-;-;-;-;-;-;100,801;-;-;-;-;-;-;-
DOLF30C008800;BRBMEFCE1HQ1;FINANCIAL;-;-;-;-;-;-;-;-;-;98,333;-;-;-;-;-;-;-
DOLF30C008850;BRBMEFCE1HR9;FINANCIAL;-;-;-;-;-;-;-;-;-;96,115;-;-;-;-;-;-;-
DOLF30C008900;BRBMEFCE1HS7;FINANCIAL;-;-;-;-;-;-;-;-;-;93,792;-;-;-;-;-;-;-
DOLF30C008950;BRBMEFCE1HT5;FINANCIAL;-;-;-;-;-;-;-;-;-;91,708;-;-;-;-;-;-;-
DOLF30C009000;BRBMEFCE1HU3;FINANCIAL;-;-;-;-;-;-;-;-;-;89,519;-;-;-;-;-;-;-
DOLF30C009050;BRBMEFCE1HV1;FINANCIAL;-;-;-;-;-;-;-;-;-;87,561;-;-;-;-;-;-;-
DOLF30C009100;BRBMEFCE1HW9;FINANCIAL;-;-;-;-;-;-;-;-;-;85,498;-;-;-;-;-;-;-
DOLF30C009150;BRBMEFCE1HX7;FINANCIAL;-;-;-;-;-;-;-;-;-;83,657;-;-;-;-;-;-;-
DOLF30C009200;BRBMEFCE1HY5;FINANCIAL;-;-;-;-;-;-;-;-;-;81,712;-;-;-;-;-;-;-
DOLF30C009250;BRBMEFCE1HZ2;FINANCIAL;-;-;-;-;-;-;-;-;-;79,981;-;-;-;-;-;-;-
DOLF30C009300;BRBMEFCE1I05;FINANCIAL;-;-;-;-;-;-;-;-;-;78,146;-;-;-;-;-;-;-
DOLF30C009350;BRBMEFCE1I13;FINANCIAL;-;-;-;-;-;-;-;-;-;76,517;-;-;-;-;-;-;-
DOLF30C009400;BRBMEFCE1I21;FINANCIAL;-;-;-;-;-;-;-;-;-;74,785;-;-;-;-;-;-;-
DOLF30C009450;BRBMEFCE1I39;FINANCIAL;-;-;-;-;-;-;-;-;-;73,252;-;-;-;-;-;-;-
DOLF30C009500;BRBMEFCE1I47;FINANCIAL;-;-;-;-;-;-;-;-;-;71,617;-;-;-;-;-;-;-
DOLF30C009550;BRBMEFCE1I54;FINANCIAL;-;-;-;-;-;-;-;-;-;70,173;-;-;-;-;-;-;-
DOLF30C009600;BRBMEFCE1I62;FINANCIAL;-;-;-;-;-;-;-;-;-;68,77;-;-;-;-;-;-;-
DOLF30C009650;BRBMEFCE1I70;FINANCIAL;-;-;-;-;-;-;-;-;-;67,268;-;-;-;-;-;-;-
DOLF30C009700;BRBMEFCE1I88;FINANCIAL;-;-;-;-;-;-;-;-;-;65,946;-;-;-;-;-;-;-
DOLF30C009750;BRBMEFCE1I96;FINANCIAL;-;-;-;-;-;-;-;-;-;64,663;-;-;-;-;-;-;-
DOLF30C009800;BRBMEFCE1IA3;FINANCIAL;-;-;-;-;-;-;-;-;-;63,28;-;-;-;-;-;-;-
DOLF30C009850;BRBMEFCE1IB1;FINANCIAL;-;-;-;-;-;-;-;-;-;62,07;-;-;-;-;-;-;-
DOLF30C009900;BRBMEFCE1IC9;FINANCIAL;-;-;-;-;-;-;-;-;-;60,762;-;-;-;-;-;-;-
DOLF30C009950;BRBMEFCE1ID7;FINANCIAL;-;-;-;-;-;-;-;-;-;59,62;-;-;-;-;-;-;-
DOLF30C010000;BRBMEFCE1IE5;FINANCIAL;-;-;-;-;-;-;-;-;-;58,255;-;-;-;-;-;-;-
DOLF30P006000;BRBMEFDE1FC4;FINANCIAL;-;-;-;-;-;-;-;-;-;443,576;-;-;-;-;-;-;-
DOLF30P006050;BRBMEFDE1FD2;FINANCIAL;-;-;-;-;-;-;-;-;-;464,836;-;-;-;-;-;-;-
DOLF30P006100;BRBMEFDE1FE0;FINANCIAL;-;-;-;-;-;-;-;-;-;486,226;-;-;-;-;-;-;-
DOLF30P006150;BRBMEFDE1FF7;FINANCIAL;-;-;-;-;-;-;-;-;-;508,317;-;-;-;-;-;-;-
DOLF30P006200;BRBMEFDE1FG5;FINANCIAL;-;-;-;-;-;-;-;-;-;530,514;-;-;-;-;-;-;-
DOLF30P006250;BRBMEFDE1FH3;FINANCIAL;-;-;-;-;-;-;-;-;-;553,392;-;-;-;-;-;-;-
DOLF30P006300;BRBMEFDE1FI1;FINANCIAL;-;-;-;-;-;-;-;-;-;576,938;-;-;-;-;-;-;-
DOLF30P006350;BRBMEFDE1FJ9;FINANCIAL;-;-;-;-;-;-;-;-;-;600,557;-;-;-;-;-;-;-
DOLF30P006400;BRBMEFDE1FK7;FINANCIAL;-;-;-;-;-;-;-;-;-;624,822;-;-;-;-;-;-;-
DOLF30P006450;BRBMEFDE1FL5;FINANCIAL;-;-;-;-;-;-;-;-;-;649,139;-;-;-;-;-;-;-
DOLF30P006500;BRBMEFDE1FM3;FINANCIAL;-;-;-;-;-;-;-;-;-;674,077;-;-;-;-;-;-;-
DOLF30P006550;BRBMEFDE1FN1;FINANCIAL;-;-;-;-;-;-;-;-;-;699,336;-;-;-;-;-;-;-
DOLF30P006600;BRBMEFDE1FO9;FINANCIAL;-;-;-;-;-;-;-;-;-;724,617;-;-;-;-;-;-;-
DOLF30P006650;BRBMEFDE1FP6;FINANCIAL;-;-;-;-;-;-;-;-;-;750,485;-;-;-;-;-;-;-
DOLF30P006700;BRBMEFDE1FQ4;FINANCIAL;-;-;-;-;-;-;-;-;-;776,641;-;-;-;-;-;-;-
DOLF30P006750;BRBMEFDE1FR2;FINANCIAL;-;-;-;-;-;-;-;-;-;802,795;-;-;-;-;-;-;-
DOLF30P006800;BRBMEFDE1FS0;FINANCIAL;-;-;-;-;-;-;-;-;-;829,5;-;-;-;-;-;-;-
DOLF30P006850;BRBMEFDE1FT8;FINANCIAL;-;-;-;-;-;-;-;-;-;856,465;-;-;-;-;-;-;-
DOLF30P006900;BRBMEFDE1FU6;FINANCIAL;-;-;-;-;-;-;-;-;-;883,681;-;-;-;-;-;-;-
DOLF30P006950;BRBMEFDE1FV4;FINANCIAL;-;-;-;-;-;-;-;-;-;910,589;-;-;-;-;-;-;-
DOLF30P007000;BRBMEFDE1FW2;FINANCIAL;-;-;-;-;-;-;-;-;-;938,011;-;-;-;-;-;-;-
DOLF30P007050;BRBMEFDE1FX0;FINANCIAL;-;-;-;-;-;-;-;-;-;965,662;-;-;-;-;-;-;-
DOLF30P007100;BRBMEFDE1FY8;FINANCIAL;-;-;-;-;-;-;-;-;-;993,534;-;-;-;-;-;-;-
DOLF30P007150;BRBMEFDE1FZ5;FINANCIAL;-;-;-;-;-;-;-;-;-;1021,354;-;-;-;-;-;-;-
DOLF30P007200;BRBMEFDE1G05;FINANCIAL;-;-;-;-;-;-;-;-;-;1049,647;-;-;-;-;-;-;-
DOLF30P007250;BRBMEFDE1G13;FINANCIAL;-;-;-;-;-;-;-;-;-;1078,138;-;-;-;-;-;-;-
DOLF30P007300;BRBMEFDE1G21;FINANCIAL;-;-;-;-;-;-;-;-;-;1106,821;-;-;-;-;-;-;-
DOLF30P007350;BRBMEFDE1G39;FINANCIAL;-;-;-;-;-;-;-;-;-;1135,688;-;-;-;-;-;-;-
DOLF30P007400;BRBMEFDE1G47;FINANCIAL;-;-;-;-;-;-;-;-;-;1164,734;-;-;-;-;-;-;-
DOLF30P007450;BRBMEFDE1G54;FINANCIAL;-;-;-;-;-;-;-;-;-;1193,951;-;-;-;-;-;-;-
DOLF30P007500;BRBMEFDE1G62;FINANCIAL;-;-;-;-;-;-;-;-;-;1223,333;-;-;-;-;-;-;-
DOLF30P007550;BRBMEFDE1G70;FINANCIAL;-;-;-;-;-;-;-;-;-;1252,876;-;-;-;-;-;-;-
DOLF30P007600;BRBMEFDE1G88;FINANCIAL;-;-;-;-;-;-;-;-;-;1282,572;-;-;-;-;-;-;-
DOLF30P007650;BRBMEFDE1G96;FINANCIAL;-;-;-;-;-;-;-;-;-;1312,416;-;-;-;-;-;-;-
DOLF30P007700;BRBMEFDE1GA6;FINANCIAL;-;-;-;-;-;-;-;-;-;1342,404;-;-;-;-;-;-;-
DOLF30P007750;BRBMEFDE1GB4;FINANCIAL;-;-;-;-;-;-;-;-;-;1372,529;-;-;-;-;-;-;-
DOLF30P007800;BRBMEFDE1GC2;FINANCIAL;-;-;-;-;-;-;-;-;-;1402,787;-;-;-;-;-;-;-
DOLF30P007850;BRBMEFDE1GD0;FINANCIAL;-;-;-;-;-;-;-;-;-;1432,486;-;-;-;-;-;-;-
DOLF30P007900;BRBMEFDE1GE8;FINANCIAL;-;-;-;-;-;-;-;-;-;1462,325;-;-;-;-;-;-;-
DOLF30P007950;BRBMEFDE1GF5;FINANCIAL;-;-;-;-;-;-;-;-;-;1492,298;-;-;-;-;-;-;-
DOLF30P008000;BRBMEFDE1GG3;FINANCIAL;-;-;-;-;-;-;-;-;-;1522,624;-;-;-;-;-;-;-
DOLF30P008050;BRBMEFDE1GH1;FINANCIAL;-;-;-;-;-;-;-;-;-;1552,852;-;-;-;-;-;-;-
DOLF30P008100;BRBMEFDE1GI9;FINANCIAL;-;-;-;-;-;-;-;-;-;1583,203;-;-;-;-;-;-;-
DOLF30P008150;BRBMEFDE1GJ7;FINANCIAL;-;-;-;-;-;-;-;-;-;1613,672;-;-;-;-;-;-;-
DOLF30P008200;BRBMEFDE1GK5;FINANCIAL;-;-;-;-;-;-;-;-;-;1644,465;-;-;-;-;-;-;-
DOLF30P008250;BRBMEFDE1GL3;FINANCIAL;-;-;-;-;-;-;-;-;-;1675,157;-;-;-;-;-;-;-
DOLF30P008300;BRBMEFDE1GM1;FINANCIAL;-;-;-;-;-;-;-;-;-;1705,956;-;-;-;-;-;-;-
DOLF30P008350;BRBMEFDE1GN9;FINANCIAL;-;-;-;-;-;-;-;-;-;1737,06;-;-;-;-;-;-;-
DOLF30P008400;BRBMEFDE1GO7;FINANCIAL;-;-;-;-;-;-;-;-;-;1768,061;-;-;-;-;-;-;-
DOLF30P008450;BRBMEFDE1GP4;FINANCIAL;-;-;-;-;-;-;-;-;-;1799,159;-;-;-;-;-;-;-
DOLF30P008500;BRBMEFDE1GQ2;FINANCIAL;-;-;-;-;-;-;-;-;-;1830,543;-;-;-;-;-;-;-
DOLF30P008550;BRBMEFDE1GR0;FINANCIAL;-;-;-;-;-;-;-;-;-;1861,823;-;-;-;-;-;-;-
DOLF30P008600;BRBMEFDE1GS8;FINANCIAL;-;-;-;-;-;-;-;-;-;1893,379;-;-;-;-;-;-;-
DOLF30P008650;BRBMEFDE1GT6;FINANCIAL;-;-;-;-;-;-;-;-;-;1924,829;-;-;-;-;-;-;-
DOLF30P008700;BRBMEFDE1GU4;FINANCIAL;-;-;-;-;-;-;-;-;-;1956,361;-;-;-;-;-;-;-
DOLF30P008750;BRBMEFDE1GV2;FINANCIAL;-;-;-;-;-;-;-;-;-;1988,153;-;-;-;-;-;-;-
DOLF30P008800;BRBMEFDE1GW0;FINANCIAL;-;-;-;-;-;-;-;-;-;2019,839;-;-;-;-;-;-;-
DOLF30P008850;BRBMEFDE1GX8;FINANCIAL;-;-;-;-;-;-;-;-;-;2051,774;-;-;-;-;-;-;-
DOLF30P008900;BRBMEFDE1GY6;FINANCIAL;-;-;-;-;-;-;-;-;-;2083,604;-;-;-;-;-;-;-
DOLF30P008950;BRBMEFDE1GZ3;FINANCIAL;-;-;-;-;-;-;-;-;-;2115,674;-;-;-;-;-;-;-
DOLF30P009000;BRBMEFDE1H04;FINANCIAL;-;-;-;-;-;-;-;-;-;2147,639;-;-;-;-;-;-;-
DOLF30P009050;BRBMEFDE1H12;FINANCIAL;-;-;-;-;-;-;-;-;-;2179,834;-;-;-;-;-;-;-
DOLF30P009100;BRBMEFDE1H20;FINANCIAL;-;-;-;-;-;-;-;-;-;2211,925;-;-;-;-;-;-;-
DOLF30P009150;BRBMEFDE1H38;FINANCIAL;-;-;-;-;-;-;-;-;-;2244,237;-;-;-;-;-;-;-
DOLF30P009200;BRBMEFDE1H46;FINANCIAL;-;-;-;-;-;-;-;-;-;2276,446;-;-;-;-;-;-;-
DOLF30P009250;BRBMEFDE1H53;FINANCIAL;-;-;-;-;-;-;-;-;-;2308,868;-;-;-;-;-;-;-
DOLF30P009300;BRBMEFDE1H61;FINANCIAL;-;-;-;-;-;-;-;-;-;2341,186;-;-;-;-;-;-;-
DOLF30P009350;BRBMEFDE1H79;FINANCIAL;-;-;-;-;-;-;-;-;-;2373,711;-;-;-;-;-;-;-
DOLF30P009400;BRBMEFDE1H87;FINANCIAL;-;-;-;-;-;-;-;-;-;2406,133;-;-;-;-;-;-;-
DOLF30P009450;BRBMEFDE1H95;FINANCIAL;-;-;-;-;-;-;-;-;-;2438,753;-;-;-;-;-;-;-
DOLF30P009500;BRBMEFDE1HA4;FINANCIAL;-;-;-;-;-;-;-;-;-;2471,271;-;-;-;-;-;-;-
DOLF30P009550;BRBMEFDE1HB2;FINANCIAL;-;-;-;-;-;-;-;-;-;2503,981;-;-;-;-;-;-;-
DOLF30P009600;BRBMEFDE1HC0;FINANCIAL;-;-;-;-;-;-;-;-;-;2536,732;-;-;-;-;-;-;-
DOLF30P009650;BRBMEFDE1HD8;FINANCIAL;-;-;-;-;-;-;-;-;-;2569,383;-;-;-;-;-;-;-
DOLF30P009700;BRBMEFDE1HE6;FINANCIAL;-;-;-;-;-;-;-;-;-;2602,215;-;-;-;-;-;-;-
DOLF30P009750;BRBMEFDE1HF3;FINANCIAL;-;-;-;-;-;-;-;-;-;2635,085;-;-;-;-;-;-;-
DOLF30P009800;BRBMEFDE1HG1;FINANCIAL;-;-;-;-;-;-;-;-;-;2667,856;-;-;-;-;-;-;-
DOLF30P009850;BRBMEFDE1HH9;FINANCIAL;-;-;-;-;-;-;-;-;-;2700,799;-;-;-;-;-;-;-
DOLF30P009900;BRBMEFDE1HI7;FINANCIAL;-;-;-;-;-;-;-;-;-;2733,645;-;-;-;-;-;-;-
DOLF30P009950;BRBMEFDE1HJ5;FINANCIAL;-;-;-;-;-;-;-;-;-;2766,657;-;-;-;-;-;-;-
DOLF30P010000;BRBMEFDE1HK3;FINANCIAL;-;-;-;-;-;-;-;-;-;2799,445;-;-;-;-;-;-;-
DOLJ27C006950;BRBMEFCL17B2;FINANCIAL;-;-;-;-;-;-;-;-;-;6,516;-;-;-;-;-;-;-
DOLJ27P006950;BRBMEFVDE835;FINANCIAL;-;-;-;-;-;-;-;-;-;1692,999;-;-;-;-;-;-;-
DOLZ26C005000;BRBMEFD10465;FINANCIAL;-;-;-;-;-;-;-;-;-;141,507;-;-;-;-;-;-;-
DOLZ26C005500;BRBMEFD10473;FINANCIAL;-;-;-;-;-;-;-;-;-;20,608;-;-;-;-;-;-;-
DOLZ26P005000;BRBMEFD20456;FINANCIAL;87,5;87,5;87,5;87,5;87,5;71,06;-;-;-;90,733;-;-;-;-;1;500;2187500
DOLZ26P005500;BRBMEFD20464;FINANCIAL;-;-;-;-;-;-;-;-;-;460,359;-;-;-;-;-;-;-
DOLZ26C005100;BRBMEFD10481;FINANCIAL;-;-;-;-;-;-;-;-;-;98,139;-;-;-;-;-;-;-
DOLZ26C005550;BRBMEFD10499;FINANCIAL;17;17;17;17;17;-77,72;-;-;-;16,991;-;-;-;-;1;1.000;850000
DOLZ26P005100;BRBMEFD20472;FINANCIAL;-;-;-;-;-;-;-;-;-;145,469;-;-;-;-;-;-;-
DOLZ26P005550;BRBMEFD20480;FINANCIAL;-;-;-;-;-;-;-;-;-;505,794;-;-;-;-;-;-;-
DOLJ27C005350;BRBMEFCL17C0;FINANCIAL;-;-;-;-;-;-;-;-;-;132,087;-;-;-;-;-;-;-
DOLJ27P005350;BRBMEFVDE843;FINANCIAL;-;-;-;-;-;-;-;-;-;310,307;-;-;-;-;-;-;-
DOLZ26C005600;BRBMEFD104A8;FINANCIAL;-;-;-;-;-;-;-;-;-;14,252;-;-;-;-;-;-;-
DOLZ26C005700;BRBMEFD104B6;FINANCIAL;9;9;11,5;9,694;10,6;-78,67;-;-;-;10,202;-;-;-;-;6;3.800;1842000
DOLZ26C005800;BRBMEFD104C4;FINANCIAL;6;6;6;6;6;-80,19;-;-;-;7,367;-;-;-;-;1;2.000;600000
DOLZ26C005900;BRBMEFD104D2;FINANCIAL;-;-;-;-;-;-;-;-;-;4,961;-;-;-;-;-;-;-
DOLZ26C006000;BRBMEFD104E0;FINANCIAL;-;-;-;-;-;-;-;-;-;3,381;-;-;-;-;-;-;-
DOLZ26C006100;BRBMEFD104F7;FINANCIAL;-;-;-;-;-;-;-;-;-;2,332;-;-;-;-;-;-;-
DOLZ26P005600;BRBMEFD20498;FINANCIAL;-;-;-;-;-;-;-;-;-;552,108;-;-;-;-;-;-;-
DOLZ26P005700;BRBMEFD204A6;FINANCIAL;-;-;-;-;-;-;-;-;-;646,163;-;-;-;-;-;-;-
DOLZ26P005800;BRBMEFD204B4;FINANCIAL;-;-;-;-;-;-;-;-;-;741,433;-;-;-;-;-;-;-
DOLZ26P005900;BRBMEFD204C2;FINANCIAL;-;-;-;-;-;-;-;-;-;837,132;-;-;-;-;-;-;-
DOLZ26P006000;BRBMEFD204D0;FINANCIAL;-;-;-;-;-;-;-;-;-;933,657;-;-;-;-;-;-;-
DOLZ26P006100;BRBMEFD204E8;FINANCIAL;-;-;-;-;-;-;-;-;-;1030,713;-;-;-;-;-;-;-
DOLF29C009000;BRBMEFCE1IF2;FINANCIAL;-;-;-;-;-;-;-;-;-;40,64;-;-;-;-;-;-;-
DOLF29P009000;BRBMEFDE1HL1;FINANCIAL;-;-;-;-;-;-;-;-;-;2600,372;-;-;-;-;-;-;-
DOLZ26C004950;BRBMEFD104O9;FINANCIAL;-;-;-;-;-;-;-;-;-;168,361;-;-;-;-;-;-;-
DOLZ26C005350;BRBMEFD104N1;FINANCIAL;-;-;-;-;-;-;-;-;-;37,133;-;-;-;-;-;-;-
DOLZ26P004950;BRBMEFD204N9;FINANCIAL;-;-;-;-;-;-;-;-;-;68,534;-;-;-;-;-;-;-
DOLZ26P005350;BRBMEFD204M1;FINANCIAL;-;-;-;-;-;-;-;-;-;329,727;-;-;-;-;-;-;-
DOLZ26C004100;BRBMEFD104P6;FINANCIAL;-;-;-;-;-;-;-;-;-;933,72;-;-;-;-;-;-;-
DOLZ26C004200;BRBMEFD104Q4;FINANCIAL;-;-;-;-;-;-;-;-;-;835,618;-;-;-;-;-;-;-
DOLZ26C004300;BRBMEFD104R2;FINANCIAL;-;-;-;-;-;-;-;-;-;737,533;-;-;-;-;-;-;-
DOLZ26C004400;BRBMEFD104S0;FINANCIAL;-;-;-;-;-;-;-;-;-;639,538;-;-;-;-;-;-;-
DOLZ26C004500;BRBMEFD104T8;FINANCIAL;-;-;-;-;-;-;-;-;-;541,905;-;-;-;-;-;-;-
DOLZ26C004600;BRBMEFD104U6;FINANCIAL;-;-;-;-;-;-;-;-;-;445,763;-;-;-;-;-;-;-
DOLZ26C004700;BRBMEFD104V4;FINANCIAL;-;-;-;-;-;-;-;-;-;353,915;-;-;-;-;-;-;-
DOLZ26C004800;BRBMEFD104W2;FINANCIAL;-;-;-;-;-;-;-;-;-;270,46;-;-;-;-;-;-;-
DOLZ26P004100;BRBMEFD204O7;FINANCIAL;-;-;-;-;-;-;-;-;-;0,001;-;-;-;-;-;-;-
DOLZ26P004200;BRBMEFD204P4;FINANCIAL;-;-;-;-;-;-;-;-;-;0,003;-;-;-;-;-;-;-
DOLZ26P004300;BRBMEFD204Q2;FINANCIAL;-;-;-;-;-;-;-;-;-;0,023;-;-;-;-;-;-;-
DOLZ26P004400;BRBMEFD204R0;FINANCIAL;-;-;-;-;-;-;-;-;-;0,133;-;-;-;-;-;-;-
DOLZ26P004500;BRBMEFD204S8;FINANCIAL;-;-;-;-;-;-;-;-;-;0,605;-;-;-;-;-;-;-
DOLZ26P004600;BRBMEFD204T6;FINANCIAL;-;-;-;-;-;-;-;-;-;2,569;-;-;-;-;-;-;-
DOLZ26P004700;BRBMEFD204U4;FINANCIAL;-;-;-;-;-;-;-;-;-;8,825;-;-;-;-;-;-;-
DOLZ26P004800;BRBMEFD204V2;FINANCIAL;-;-;-;-;-;-;-;-;-;23,476;-;-;-;-;-;-;-
DOLX26C004500;BRBMEFDC03H6;FINANCIAL;-;-;-;-;-;-;-;-;-;519,922;-;-;-;-;-;-;-
DOLX26C004550;BRBMEFDC03I4;FINANCIAL;-;-;-;-;-;-;-;-;-;470,499;-;-;-;-;-;-;-
DOLX26C004600;BRBMEFDC03J2;FINANCIAL;-;-;-;-;-;-;-;-;-;421,224;-;-;-;-;-;-;-
DOLX26C004650;BRBMEFDC03K0;FINANCIAL;-;-;-;-;-;-;-;-;-;372,333;-;-;-;-;-;-;-
DOLX26C004700;BRBMEFDC03L8;FINANCIAL;-;-;-;-;-;-;-;-;-;324,317;-;-;-;-;-;-;-
DOLX26C004750;BRBMEFDC03M6;FINANCIAL;-;-;-;-;-;-;-;-;-;277,922;-;-;-;-;-;-;-
DOLX26C004800;BRBMEFDC03N4;FINANCIAL;-;-;-;-;-;-;-;-;-;234,176;-;-;-;-;-;-;-
DOLX26C004850;BRBMEFDC03O2;FINANCIAL;-;-;-;-;-;-;-;-;-;193,689;-;-;-;-;-;-;-
DOLX26C004900;BRBMEFDC03P9;FINANCIAL;-;-;-;-;-;-;-;-;-;157,413;-;-;-;-;-;-;-
DOLX26C004950;BRBMEFDC03Q7;FINANCIAL;-;-;-;-;-;-;-;-;-;125,823;-;-;-;-;-;-;-
DOLX26C005000;BRBMEFDC03R5;FINANCIAL;-;-;-;-;-;-;-;-;-;99,138;-;-;-;-;-;-;-
DOLX26C005050;BRBMEFDC03S3;FINANCIAL;-;-;-;-;-;-;-;-;-;77,148;-;-;-;-;-;-;-
DOLX26C005100;BRBMEFDC03T1;FINANCIAL;-;-;-;-;-;-;-;-;-;59,442;-;-;-;-;-;-;-
DOLX26C005150;BRBMEFDC03U9;FINANCIAL;-;-;-;-;-;-;-;-;-;45,466;-;-;-;-;-;-;-
DOLX26C005200;BRBMEFDC03V7;FINANCIAL;42;33,5;42;34,641;34,5;-80,22;-;-;-;34,567;-;-;-;-;5;1.990;3446875
DOLX26C005250;BRBMEFDC03W5;FINANCIAL;26,7;26,7;26,7;26,7;26,7;-79,61;-;-;-;26,136;-;-;-;-;1;500;667500
DOLX26C005300;BRBMEFDC03X3;FINANCIAL;-;-;-;-;-;-;-;-;-;19,739;-;-;-;-;-;-;-
DOLX26C005350;BRBMEFDC03Y1;FINANCIAL;-;-;-;-;-;-;-;-;-;14,923;-;-;-;-;-;-;-
DOLX26C005400;BRBMEFDC03Z8;FINANCIAL;8,95;8,3;8,95;8,56;8,3;-89,59;-;-;-;11,384;-;-;-;-;2;250;107000
DOLX26C005450;BRBMEFDC0401;FINANCIAL;-;-;-;-;-;-;-;-;-;8,847;-;-;-;-;-;-;-
DOLX26C005500;BRBMEFDC0419;FINANCIAL;-;-;-;-;-;-;-;-;-;6,954;-;-;-;-;-;-;-
DOLX26C005550;BRBMEFDC0427;FINANCIAL;-;-;-;-;-;-;-;-;-;5,427;-;-;-;-;-;-;-
DOLX26C005600;BRBMEFDC0435;FINANCIAL;-;-;-;-;-;-;-;-;-;4,057;-;-;-;-;-;-;-
DOLX26C005650;BRBMEFDC0443;FINANCIAL;-;-;-;-;-;-;-;-;-;3,035;-;-;-;-;-;-;-
DOLX26C005700;BRBMEFDC0450;FINANCIAL;2,5;2,5;2,5;2,5;2,5;-74,35;-;-;-;2,282;-;-;-;-;1;1.000;125000
DOLX26C005750;BRBMEFDC0468;FINANCIAL;-;-;-;-;-;-;-;-;-;1,719;-;-;-;-;-;-;-
DOLX26C005800;BRBMEFDC0476;FINANCIAL;-;-;-;-;-;-;-;-;-;1,304;-;-;-;-;-;-;-
DOLX26C005850;BRBMEFDC0484;FINANCIAL;-;-;-;-;-;-;-;-;-;0,968;-;-;-;-;-;-;-
DOLX26C005900;BRBMEFDC0492;FINANCIAL;-;-;-;-;-;-;-;-;-;0,646;-;-;-;-;-;-;-
DOLX26C005950;BRBMEFDC04A9;FINANCIAL;-;-;-;-;-;-;-;-;-;0,426;-;-;-;-;-;-;-
DOLX26C006000;BRBMEFDC04B7;FINANCIAL;-;-;-;-;-;-;-;-;-;0,278;-;-;-;-;-;-;-
DOLX26C006050;BRBMEFDC04C5;FINANCIAL;-;-;-;-;-;-;-;-;-;0,179;-;-;-;-;-;-;-
DOLX26C006100;BRBMEFDC04D3;FINANCIAL;-;-;-;-;-;-;-;-;-;0,114;-;-;-;-;-;-;-
DOLX26C006150;BRBMEFDC04E1;FINANCIAL;-;-;-;-;-;-;-;-;-;0,072;-;-;-;-;-;-;-
DOLX26C006200;BRBMEFDC04F8;FINANCIAL;-;-;-;-;-;-;-;-;-;0,045;-;-;-;-;-;-;-
DOLX26C006250;BRBMEFDC04G6;FINANCIAL;-;-;-;-;-;-;-;-;-;0,028;-;-;-;-;-;-;-
DOLX26C006300;BRBMEFDC04H4;FINANCIAL;-;-;-;-;-;-;-;-;-;0,017;-;-;-;-;-;-;-
DOLX26C006350;BRBMEFDC04I2;FINANCIAL;-;-;-;-;-;-;-;-;-;0,01;-;-;-;-;-;-;-
DOLX26C006400;BRBMEFDC04J0;FINANCIAL;-;-;-;-;-;-;-;-;-;0,006;-;-;-;-;-;-;-
DOLX26C006450;BRBMEFDC04K8;FINANCIAL;-;-;-;-;-;-;-;-;-;0,004;-;-;-;-;-;-;-
DOLX26C006500;BRBMEFDC04L6;FINANCIAL;-;-;-;-;-;-;-;-;-;0,002;-;-;-;-;-;-;-
DOLX26P004500;BRBMEFVDY5Z7;FINANCIAL;-;-;-;-;-;-;-;-;-;0,051;-;-;-;-;-;-;-
DOLX26P004550;BRBMEFVDY601;FINANCIAL;-;-;-;-;-;-;-;-;-;0,148;-;-;-;-;-;-;-
DOLX26P004600;BRBMEFVDY619;FINANCIAL;-;-;-;-;-;-;-;-;-;0,393;-;-;-;-;-;-;-
DOLX26P004650;BRBMEFVDY627;FINANCIAL;-;-;-;-;-;-;-;-;-;1,022;-;-;-;-;-;-;-
DOLX26P004700;BRBMEFVDY635;FINANCIAL;-;-;-;-;-;-;-;-;-;2,526;-;-;-;-;-;-;-
DOLX26P004750;BRBMEFVDY643;FINANCIAL;-;-;-;-;-;-;-;-;-;5,65;-;-;-;-;-;-;-
DOLX26P004800;BRBMEFVDY650;FINANCIAL;-;-;-;-;-;-;-;-;-;11,423;-;-;-;50;-;-;-
DOLX26P004850;BRBMEFVDY668;FINANCIAL;-;-;-;-;-;-;-;-;-;20,457;-;-;-;-;-;-;-
DOLX26P004900;BRBMEFVDY676;FINANCIAL;42,6;30;74,19;37,358;38;40,74;-;-;-;33,7;-;-;-;-;4;2.450;4576375
DOLX26P004950;BRBMEFVDY684;FINANCIAL;51,501;43,275;51,501;47,388;43,275;12,15;-;-;-;51,63;-;-;-;-;2;400;947760
DOLX26P005000;BRBMEFVDY692;FINANCIAL;-;-;-;-;-;-;-;-;-;74,465;-;-;-;-;-;-;-
DOLX26P005050;BRBMEFVDY6A8;FINANCIAL;-;-;-;-;-;-;-;-;-;101,995;-;-;-;-;-;-;-
DOLX26P005100;BRBMEFVDY6B6;FINANCIAL;178,812;178,812;178,813;178,812;178,813;73,6;-;-;-;133,809;-;-;-;-;2;250;2235160
DOLX26P005150;BRBMEFVDY6C4;FINANCIAL;-;-;-;-;-;-;-;-;-;169,352;-;-;-;-;-;-;-
DOLX26P005200;BRBMEFVDY6D2;FINANCIAL;-;-;-;-;-;-;-;-;-;207,973;-;-;-;-;-;-;-
DOLX26P005250;BRBMEFVDY6E0;FINANCIAL;-;-;-;-;-;-;-;-;-;249,061;-;-;-;-;-;-;-
DOLX26P005300;BRBMEFVDY6F7;FINANCIAL;-;-;-;-;-;-;-;-;-;292,184;-;-;-;-;-;-;-
DOLX26P005350;BRBMEFVDY6G5;FINANCIAL;-;-;-;-;-;-;-;-;-;336,888;-;-;-;-;-;-;-
DOLX26P005400;BRBMEFVDY6H3;FINANCIAL;-;-;-;-;-;-;-;-;-;382,869;-;-;-;-;-;-;-
DOLX26P005450;BRBMEFVDY6I1;FINANCIAL;-;-;-;-;-;-;-;-;-;429,852;-;-;-;-;-;-;-
DOLX26P005500;BRBMEFVDY6J9;FINANCIAL;-;-;-;-;-;-;-;-;-;477,478;-;-;-;-;-;-;-
DOLX26P005550;BRBMEFVDY6K7;FINANCIAL;-;-;-;-;-;-;-;-;-;525,471;-;-;-;-;-;-;-
DOLX26P005600;BRBMEFVDY6L5;FINANCIAL;-;-;-;-;-;-;-;-;-;573,621;-;-;-;-;-;-;-
DOLX26P005650;BRBMEFVDY6M3;FINANCIAL;-;-;-;-;-;-;-;-;-;622,119;-;-;-;-;-;-;-
DOLX26P005700;BRBMEFVDY6N1;FINANCIAL;-;-;-;-;-;-;-;-;-;670,885;-;-;-;-;-;-;-
DOLX26P005750;BRBMEFVDY6O9;FINANCIAL;-;-;-;-;-;-;-;-;-;719,843;-;-;-;-;-;-;-
DOLX26P005800;BRBMEFVDY6P6;FINANCIAL;-;-;-;-;-;-;-;-;-;768,947;-;-;-;-;-;-;-
DOLX26P005850;BRBMEFVDY6Q4;FINANCIAL;-;-;-;-;-;-;-;-;-;818,131;-;-;-;-;-;-;-
DOLX26P005900;BRBMEFVDY6R2;FINANCIAL;-;-;-;-;-;-;-;-;-;867,329;-;-;-;-;-;-;-
DOLX26P005950;BRBMEFVDY6S0;FINANCIAL;-;-;-;-;-;-;-;-;-;916,629;-;-;-;-;-;-;-
DOLX26P006000;BRBMEFVDY6T8;FINANCIAL;-;-;-;-;-;-;-;-;-;966;-;-;-;-;-;-;-
DOLX26P006050;BRBMEFVDY6U6;FINANCIAL;-;-;-;-;-;-;-;-;-;1015,421;-;-;-;-;-;-;-
DOLX26P006100;BRBMEFVDY6V4;FINANCIAL;-;-;-;-;-;-;-;-;-;1064,876;-;-;-;-;-;-;-
DOLX26P006150;BRBMEFVDY6W2;FINANCIAL;-;-;-;-;-;-;-;-;-;1114,353;-;-;-;-;-;-;-
DOLX26P006200;BRBMEFVDY6X0;FINANCIAL;-;-;-;-;-;-;-;-;-;1163,846;-;-;-;-;-;-;-
DOLX26P006250;BRBMEFVDY6Y8;FINANCIAL;-;-;-;-;-;-;-;-;-;1213,349;-;-;-;-;-;-;-
DOLX26P006300;BRBMEFVDY6Z5;FINANCIAL;-;-;-;-;-;-;-;-;-;1262,858;-;-;-;-;-;-;-
DOLX26P006350;BRBMEFVDY700;FINANCIAL;-;-;-;-;-;-;-;-;-;1312,371;-;-;-;-;-;-;-
DOLX26P006400;BRBMEFVDY718;FINANCIAL;-;-;-;-;-;-;-;-;-;1361,886;-;-;-;-;-;-;-
DOLX26P006450;BRBMEFVDY726;FINANCIAL;-;-;-;-;-;-;-;-;-;1411,404;-;-;-;-;-;-;-
DOLX26P006500;BRBMEFVDY734;FINANCIAL;-;-;-;-;-;-;-;-;-;1460,922;-;-;-;-;-;-;-
DOLX26C006750;BRBMEFDC04M4;FINANCIAL;-;-;-;-;-;-;-;-;-;0,001;-;-;-;-;-;-;-
DOLX26P006750;BRBMEFVDY742;FINANCIAL;-;-;-;-;-;-;-;-;-;1708,519;-;-;-;-;-;-;-
DOLF28C005000;BRBMEFCE1JX3;FINANCIAL;-;-;-;-;-;-;-;-;-;479,523;-;-;-;-;-;-;-
DOLF28C005050;BRBMEFCE1JY1;FINANCIAL;-;-;-;-;-;-;-;-;-;453,349;-;-;-;-;-;-;-
DOLF28C005100;BRBMEFCE1JZ8;FINANCIAL;-;-;-;-;-;-;-;-;-;428,45;-;-;-;-;-;-;-
DOLF28C005150;BRBMEFCE1K01;FINANCIAL;-;-;-;-;-;-;-;-;-;404,639;-;-;-;-;-;-;-
DOLF28C005200;BRBMEFCE1K19;FINANCIAL;-;-;-;-;-;-;-;-;-;381,905;-;-;-;-;-;-;-
DOLF28C005250;BRBMEFCE1K27;FINANCIAL;-;-;-;-;-;-;-;-;-;360,431;-;-;-;-;-;-;-
DOLF28C005300;BRBMEFCE1K35;FINANCIAL;-;-;-;-;-;-;-;-;-;339,799;-;-;-;-;-;-;-
DOLF28C005350;BRBMEFCE1K43;FINANCIAL;-;-;-;-;-;-;-;-;-;320,387;-;-;-;-;-;-;-
DOLF28C005400;BRBMEFCE1K50;FINANCIAL;-;-;-;-;-;-;-;-;-;301,966;-;-;-;-;-;-;-
DOLF28C005450;BRBMEFCE1K68;FINANCIAL;-;-;-;-;-;-;-;-;-;284,505;-;-;-;-;-;-;-
DOLF28C005550;BRBMEFCE1K76;FINANCIAL;-;-;-;-;-;-;-;-;-;252,337;-;-;-;-;-;-;-
DOLF28C005650;BRBMEFCE1K84;FINANCIAL;-;-;-;-;-;-;-;-;-;223,815;-;-;-;-;-;-;-
DOLF28P005000;BRBMEFDE1J36;FINANCIAL;-;-;-;-;-;-;-;-;-;150,45;-;-;-;-;-;-;-
DOLF28P005050;BRBMEFDE1J44;FINANCIAL;-;-;-;-;-;-;-;-;-;167,434;-;-;-;-;-;-;-
DOLF28P005100;BRBMEFDE1J51;FINANCIAL;-;-;-;-;-;-;-;-;-;185,694;-;-;-;-;-;-;-
DOLF28P005150;BRBMEFDE1J69;FINANCIAL;-;-;-;-;-;-;-;-;-;205,041;-;-;-;-;-;-;-
DOLF28P005200;BRBMEFDE1J77;FINANCIAL;-;-;-;-;-;-;-;-;-;225,466;-;-;-;-;-;-;-
DOLF28P005250;BRBMEFDE1J85;FINANCIAL;-;-;-;-;-;-;-;-;-;247,15;-;-;-;-;-;-;-
DOLF28P005300;BRBMEFDE1J93;FINANCIAL;-;-;-;-;-;-;-;-;-;269,676;-;-;-;-;-;-;-
DOLF28P005350;BRBMEFDE1JA0;FINANCIAL;-;-;-;-;-;-;-;-;-;293,423;-;-;-;-;-;-;-
DOLF28P005400;BRBMEFDE1JB8;FINANCIAL;-;-;-;-;-;-;-;-;-;318,16;-;-;-;-;-;-;-
DOLF28P005450;BRBMEFDE1JC6;FINANCIAL;-;-;-;-;-;-;-;-;-;343,857;-;-;-;-;-;-;-
DOLF28P005550;BRBMEFDE1JD4;FINANCIAL;-;-;-;-;-;-;-;-;-;398,006;-;-;-;-;-;-;-
DOLF28P005650;BRBMEFDE1JE2;FINANCIAL;-;-;-;-;-;-;-;-;-;455,801;-;-;-;-;-;-;-
DOLZ26C005250;BRBMEFD104X0;FINANCIAL;-;-;-;-;-;-;-;-;-;55,109;-;-;-;-;-;-;-
DOLZ26P005250;BRBMEFD204W0;FINANCIAL;-;-;-;-;-;-;-;-;-;249,597;-;-;-;-;-;-;-
DOLF28C007100;BRBMEFCE1K92;FINANCIAL;-;-;-;-;-;-;-;-;-;44,904;-;-;-;-;-;-;-
DOLF28C007200;BRBMEFCE1KA9;FINANCIAL;-;-;-;-;-;-;-;-;-;40,897;-;-;-;-;-;-;-
DOLF28C007300;BRBMEFCE1KB7;FINANCIAL;-;-;-;-;-;-;-;-;-;37,592;-;-;-;-;-;-;-
DOLF28C007400;BRBMEFCE1KC5;FINANCIAL;-;-;-;-;-;-;-;-;-;34,571;-;-;-;-;-;-;-
DOLF28C007600;BRBMEFCE1KD3;FINANCIAL;-;-;-;-;-;-;-;-;-;29,614;-;-;-;-;-;-;-
DOLF28C007700;BRBMEFCE1KE1;FINANCIAL;-;-;-;-;-;-;-;-;-;27,522;-;-;-;-;-;-;-
DOLF28C007800;BRBMEFCE1KF8;FINANCIAL;-;-;-;-;-;-;-;-;-;25,708;-;-;-;-;-;-;-
DOLF28C007900;BRBMEFCE1KG6;FINANCIAL;-;-;-;-;-;-;-;-;-;24,079;-;-;-;-;-;-;-
DOLF28P007100;BRBMEFDE1JF9;FINANCIAL;-;-;-;-;-;-;-;-;-;1528,483;-;-;-;-;-;-;-
DOLF28P007200;BRBMEFDE1JG7;FINANCIAL;-;-;-;-;-;-;-;-;-;1610,794;-;-;-;-;-;-;-
DOLF28P007300;BRBMEFDE1JH5;FINANCIAL;-;-;-;-;-;-;-;-;-;1693,805;-;-;-;-;-;-;-
DOLF28P007400;BRBMEFDE1JI3;FINANCIAL;-;-;-;-;-;-;-;-;-;1777,101;-;-;-;-;-;-;-
DOLF28P007600;BRBMEFDE1JJ1;FINANCIAL;-;-;-;-;-;-;-;-;-;1944,778;-;-;-;-;-;-;-
DOLF28P007700;BRBMEFDE1JK9;FINANCIAL;-;-;-;-;-;-;-;-;-;2029,002;-;-;-;-;-;-;-
DOLF28P007800;BRBMEFDE1JL7;FINANCIAL;-;-;-;-;-;-;-;-;-;2113,505;-;-;-;-;-;-;-
DOLF28P007900;BRBMEFDE1JM5;FINANCIAL;-;-;-;-;-;-;-;-;-;2198,193;-;-;-;-;-;-;-
DOLZ26C005150;BRBMEFD104Y8;FINANCIAL;-;-;-;-;-;-;-;-;-;81,22;-;-;-;-;-;-;-
DOLZ26C005200;BRBMEFD104Z5;FINANCIAL;-;-;-;-;-;-;-;-;-;66,988;-;-;-;-;-;-;-
DOLZ26C005300;BRBMEFD10507;FINANCIAL;46,34;44,8;46,34;44,94;44,8;-71,75;-;-;-;45,319;-;-;-;-;2;1.100;2471700
DOLZ26C005450;BRBMEFD10515;FINANCIAL;-;-;-;-;-;-;-;-;-;25,039;-;-;-;-;-;-;-
DOLZ26P005150;BRBMEFD204X8;FINANCIAL;-;-;-;-;-;-;-;-;-;177,603;-;-;-;-;-;-;-
DOLZ26P005200;BRBMEFD204Y6;FINANCIAL;-;-;-;-;-;-;-;-;-;212,424;-;-;-;-;-;-;-
DOLZ26P005300;BRBMEFD204Z3;FINANCIAL;-;-;-;-;-;-;-;-;-;288,859;-;-;-;-;-;-;-
DOLZ26P005450;BRBMEFD20506;FINANCIAL;-;-;-;-;-;-;-;-;-;415,737;-;-;-;-;-;-;-
DOLZ26C004150;BRBMEFD10523;FINANCIAL;-;-;-;-;-;-;-;-;-;884,669;-;-;-;-;-;-;-
DOLZ26C004250;BRBMEFD10531;FINANCIAL;-;-;-;-;-;-;-;-;-;786,571;-;-;-;-;-;-;-
DOLZ26C004350;BRBMEFD10549;FINANCIAL;-;-;-;-;-;-;-;-;-;688,515;-;-;-;-;-;-;-
DOLZ26C004450;BRBMEFD10556;FINANCIAL;-;-;-;-;-;-;-;-;-;590,644;-;-;-;-;-;-;-
DOLZ26C004550;BRBMEFD10564;FINANCIAL;-;-;-;-;-;-;-;-;-;493,507;-;-;-;-;-;-;-
DOLZ26C004650;BRBMEFD10572;FINANCIAL;-;-;-;-;-;-;-;-;-;398,969;-;-;-;-;-;-;-
DOLZ26C004750;BRBMEFD10580;FINANCIAL;-;-;-;-;-;-;-;-;-;310,986;-;-;-;-;-;-;-
DOLZ26C004850;BRBMEFD10598;FINANCIAL;-;-;-;-;-;-;-;-;-;233,026;-;-;-;-;-;-;-
DOLZ26C005050;BRBMEFD105A5;FINANCIAL;-;-;-;-;-;-;-;-;-;118,219;-;-;-;-;-;-;-
DOLZ26C005650;BRBMEFD105B3;FINANCIAL;-;-;-;-;-;-;-;-;-;12,004;-;-;-;-;-;-;-
DOLZ26C005750;BRBMEFD105C1;FINANCIAL;-;-;-;-;-;-;-;-;-;8,735;-;-;-;-;-;-;-
DOLZ26C005850;BRBMEFD105D9;FINANCIAL;-;-;-;-;-;-;-;-;-;6,042;-;-;-;-;-;-;-
DOLZ26C005950;BRBMEFD105E7;FINANCIAL;-;-;-;-;-;-;-;-;-;4,092;-;-;-;-;-;-;-
DOLZ26C006050;BRBMEFD105F4;FINANCIAL;1;1;1;1;1;-93,75;-;-;-;2,8;-;-;-;-;1;1.000;50000
DOLZ26C006150;BRBMEFD105G2;FINANCIAL;-;-;-;-;-;-;-;-;-;1,947;-;-;-;-;-;-;-
DOLZ26C006200;BRBMEFD105H0;FINANCIAL;-;-;-;-;-;-;-;-;-;1,63;-;-;-;-;-;-;-
DOLZ26C006250;BRBMEFD105I8;FINANCIAL;-;-;-;-;-;-;-;-;-;1,33;-;-;-;-;-;-;-
DOLZ26C006300;BRBMEFD105J6;FINANCIAL;-;-;-;-;-;-;-;-;-;1,015;-;-;-;-;-;-;-
DOLZ26C006350;BRBMEFD105K4;FINANCIAL;-;-;-;-;-;-;-;-;-;0,771;-;-;-;-;-;-;-
DOLZ26C006400;BRBMEFD105L2;FINANCIAL;-;-;-;-;-;-;-;-;-;0,583;-;-;-;-;-;-;-
DOLZ26C006450;BRBMEFD105M0;FINANCIAL;-;-;-;-;-;-;-;-;-;0,439;-;-;-;-;-;-;-
DOLZ26C006500;BRBMEFD105N8;FINANCIAL;-;-;-;-;-;-;-;-;-;0,329;-;-;-;-;-;-;-
DOLZ26C006550;BRBMEFD105O6;FINANCIAL;-;-;-;-;-;-;-;-;-;0,245;-;-;-;-;-;-;-
DOLZ26C006600;BRBMEFD105P3;FINANCIAL;-;-;-;-;-;-;-;-;-;0,182;-;-;-;-;-;-;-
DOLZ26C006650;BRBMEFD105Q1;FINANCIAL;-;-;-;-;-;-;-;-;-;0,135;-;-;-;-;-;-;-
DOLZ26C006700;BRBMEFD105R9;FINANCIAL;-;-;-;-;-;-;-;-;-;0,099;-;-;-;-;-;-;-
DOLZ26C006750;BRBMEFD105S7;FINANCIAL;-;-;-;-;-;-;-;-;-;0,073;-;-;-;-;-;-;-
DOLZ26C006800;BRBMEFD105T5;FINANCIAL;-;-;-;-;-;-;-;-;-;0,053;-;-;-;-;-;-;-
DOLZ26C006850;BRBMEFD105U3;FINANCIAL;-;-;-;-;-;-;-;-;-;0,039;-;-;-;-;-;-;-
DOLZ26C006900;BRBMEFD105V1;FINANCIAL;-;-;-;-;-;-;-;-;-;0,028;-;-;-;-;-;-;-
DOLZ26C006950;BRBMEFD105W9;FINANCIAL;-;-;-;-;-;-;-;-;-;0,02;-;-;-;-;-;-;-
DOLZ26C007000;BRBMEFD105X7;FINANCIAL;-;-;-;-;-;-;-;-;-;0,015;-;-;-;-;-;-;-
DOLZ26C007050;BRBMEFD105Y5;FINANCIAL;-;-;-;-;-;-;-;-;-;0,011;-;-;-;-;-;-;-
DOLZ26C007100;BRBMEFD105Z2;FINANCIAL;-;-;-;-;-;-;-;-;-;0,008;-;-;-;-;-;-;-
DOLZ26C007150;BRBMEFD10606;FINANCIAL;-;-;-;-;-;-;-;-;-;0,005;-;-;-;-;-;-;-
DOLZ26C007200;BRBMEFD10614;FINANCIAL;-;-;-;-;-;-;-;-;-;0,004;-;-;-;-;-;-;-
DOLZ26C007250;BRBMEFD10622;FINANCIAL;-;-;-;-;-;-;-;-;-;0,003;-;-;-;-;-;-;-
DOLZ26C007300;BRBMEFD10630;FINANCIAL;-;-;-;-;-;-;-;-;-;0,002;-;-;-;-;-;-;-
DOLZ26C007350;BRBMEFD10648;FINANCIAL;-;-;-;-;-;-;-;-;-;0,001;-;-;-;-;-;-;-
DOLZ26C007400;BRBMEFD10655;FINANCIAL;-;-;-;-;-;-;-;-;-;0,001;-;-;-;-;-;-;-
DOLZ26C007450;BRBMEFD10663;FINANCIAL;-;-;-;-;-;-;-;-;-;0,001;-;-;-;-;-;-;-
DOLZ26C007500;BRBMEFD10671;FINANCIAL;-;-;-;-;-;-;-;-;-;0,001;-;-;-;-;-;-;-
DOLZ26C007550;BRBMEFD10689;FINANCIAL;-;-;-;-;-;-;-;-;-;0,001;-;-;-;-;-;-;-
DOLZ26C007600;BRBMEFD10697;FINANCIAL;-;-;-;-;-;-;-;-;-;0,001;-;-;-;-;-;-;-
DOLZ26C007650;BRBMEFD106A3;FINANCIAL;-;-;-;-;-;-;-;-;-;0,001;-;-;-;-;-;-;-
DOLZ26C007700;BRBMEFD106B1;FINANCIAL;-;-;-;-;-;-;-;-;-;0,001;-;-;-;-;-;-;-
DOLZ26C007750;BRBMEFD106C9;FINANCIAL;-;-;-;-;-;-;-;-;-;0,001;-;-;-;-;-;-;-
DOLZ26C007800;BRBMEFD106D7;FINANCIAL;-;-;-;-;-;-;-;-;-;0,001;-;-;-;-;-;-;-
DOLZ26C007850;BRBMEFD106E5;FINANCIAL;-;-;-;-;-;-;-;-;-;0,001;-;-;-;-;-;-;-
DOLZ26C007900;BRBMEFD106F2;FINANCIAL;-;-;-;-;-;-;-;-;-;0,001;-;-;-;-;-;-;-
DOLZ26C007950;BRBMEFD106G0;FINANCIAL;-;-;-;-;-;-;-;-;-;0,001;-;-;-;-;-;-;-
DOLZ26C008000;BRBMEFD106H8;FINANCIAL;-;-;-;-;-;-;-;-;-;0,001;-;-;-;-;-;-;-
DOLZ26P004150;BRBMEFD20514;FINANCIAL;-;-;-;-;-;-;-;-;-;0,001;-;-;-;-;-;-;-
DOLZ26P004250;BRBMEFD20522;FINANCIAL;-;-;-;-;-;-;-;-;-;0,009;-;-;-;-;-;-;-
DOLZ26P004350;BRBMEFD20530;FINANCIAL;-;-;-;-;-;-;-;-;-;0,057;-;-;-;-;-;-;-
DOLZ26P004450;BRBMEFD20548;FINANCIAL;-;-;-;-;-;-;-;-;-;0,292;-;-;-;-;-;-;-
DOLZ26P004550;BRBMEFD20555;FINANCIAL;-;-;-;-;-;-;-;-;-;1,259;-;-;-;-;-;-;-
DOLZ26P004650;BRBMEFD20563;FINANCIAL;-;-;-;-;-;-;-;-;-;4,827;-;-;-;-;-;-;-
DOLZ26P004750;BRBMEFD20571;FINANCIAL;-;-;-;-;-;-;-;-;-;14,949;-;-;-;-;-;-;-
DOLZ26P004850;BRBMEFD20589;FINANCIAL;-;-;-;-;-;-;-;-;-;35,094;-;-;-;-;-;-;-
DOLZ26P005050;BRBMEFD20597;FINANCIAL;-;-;-;-;-;-;-;-;-;116,497;-;-;-;-;-;-;-
DOLZ26P005650;BRBMEFD205A3;FINANCIAL;-;-;-;-;-;-;-;-;-;598,912;-;-;-;-;-;-;-
DOLZ26P005750;BRBMEFD205B1;FINANCIAL;-;-;-;-;-;-;-;-;-;693,748;-;-;-;-;-;-;-
DOLZ26P005850;BRBMEFD205C9;FINANCIAL;-;-;-;-;-;-;-;-;-;789,16;-;-;-;-;-;-;-
DOLZ26P005950;BRBMEFD205D7;FINANCIAL;-;-;-;-;-;-;-;-;-;885,315;-;-;-;-;-;-;-
DOLZ26P006050;BRBMEFD205E5;FINANCIAL;-;-;-;-;-;-;-;-;-;982,129;-;-;-;-;-;-;-
DOLZ26P006150;BRBMEFD205F2;FINANCIAL;-;-;-;-;-;-;-;-;-;1079,38;-;-;-;-;-;-;-
DOLZ26P006200;BRBMEFD205G0;FINANCIAL;-;-;-;-;-;-;-;-;-;1128,116;-;-;-;-;-;-;-
DOLZ26P006250;BRBMEFD205H8;FINANCIAL;-;-;-;-;-;-;-;-;-;1176,868;-;-;-;-;-;-;-
DOLZ26P006300;BRBMEFD205I6;FINANCIAL;-;-;-;-;-;-;-;-;-;1225,606;-;-;-;-;-;-;-
DOLZ26P006350;BRBMEFD205J4;FINANCIAL;-;-;-;-;-;-;-;-;-;1274,415;-;-;-;-;-;-;-
DOLZ26P006400;BRBMEFD205K2;FINANCIAL;-;-;-;-;-;-;-;-;-;1323,279;-;-;-;-;-;-;-
DOLZ26P006450;BRBMEFD205L0;FINANCIAL;-;-;-;-;-;-;-;-;-;1372,188;-;-;-;-;-;-;-
DOLZ26P006500;BRBMEFD205M8;FINANCIAL;-;-;-;-;-;-;-;-;-;1421,13;-;-;-;-;-;-;-
DOLZ26P006550;BRBMEFD205N6;FINANCIAL;-;-;-;-;-;-;-;-;-;1470,099;-;-;-;-;-;-;-
DOLZ26P006600;BRBMEFD205O4;FINANCIAL;-;-;-;-;-;-;-;-;-;1519,089;-;-;-;-;-;-;-
DOLZ26P006650;BRBMEFD205P1;FINANCIAL;-;-;-;-;-;-;-;-;-;1568,094;-;-;-;-;-;-;-
DOLZ26P006700;BRBMEFD205Q9;FINANCIAL;-;-;-;-;-;-;-;-;-;1617,111;-;-;-;-;-;-;-
DOLZ26P006750;BRBMEFD205R7;FINANCIAL;-;-;-;-;-;-;-;-;-;1666,137;-;-;-;-;-;-;-
DOLZ26P006800;BRBMEFD205S5;FINANCIAL;-;-;-;-;-;-;-;-;-;1715,17;-;-;-;-;-;-;-
DOLZ26P006850;BRBMEFD205T3;FINANCIAL;-;-;-;-;-;-;-;-;-;1764,208;-;-;-;-;-;-;-
DOLZ26P006900;BRBMEFD205U1;FINANCIAL;-;-;-;-;-;-;-;-;-;1813,25;-;-;-;-;-;-;-
DOLZ26P006950;BRBMEFD205V9;FINANCIAL;-;-;-;-;-;-;-;-;-;1862,294;-;-;-;-;-;-;-
DOLZ26P007000;BRBMEFD205W7;FINANCIAL;-;-;-;-;-;-;-;-;-;1911,341;-;-;-;-;-;-;-
DOLZ26P007050;BRBMEFD205X5;FINANCIAL;-;-;-;-;-;-;-;-;-;1960,39;-;-;-;-;-;-;-
DOLZ26P007100;BRBMEFD205Y3;FINANCIAL;-;-;-;-;-;-;-;-;-;2009,439;-;-;-;-;-;-;-
DOLZ26P007150;BRBMEFD205Z0;FINANCIAL;-;-;-;-;-;-;-;-;-;2058,49;-;-;-;-;-;-;-
DOLZ26P007200;BRBMEFD20605;FINANCIAL;-;-;-;-;-;-;-;-;-;2107,541;-;-;-;-;-;-;-
DOLZ26P007250;BRBMEFD20613;FINANCIAL;-;-;-;-;-;-;-;-;-;2156,592;-;-;-;-;-;-;-
DOLZ26P007300;BRBMEFD20621;FINANCIAL;-;-;-;-;-;-;-;-;-;2205,644;-;-;-;-;-;-;-
DOLZ26P007350;BRBMEFD20639;FINANCIAL;-;-;-;-;-;-;-;-;-;2254,696;-;-;-;-;-;-;-
DOLZ26P007400;BRBMEFD20647;FINANCIAL;-;-;-;-;-;-;-;-;-;2303,748;-;-;-;-;-;-;-
DOLZ26P007450;BRBMEFD20654;FINANCIAL;-;-;-;-;-;-;-;-;-;2352,8;-;-;-;-;-;-;-
DOLZ26P007500;BRBMEFD20662;FINANCIAL;-;-;-;-;-;-;-;-;-;2401,852;-;-;-;-;-;-;-
DOLZ26P007550;BRBMEFD20670;FINANCIAL;-;-;-;-;-;-;-;-;-;2450,905;-;-;-;-;-;-;-
DOLZ26P007600;BRBMEFD20688;FINANCIAL;-;-;-;-;-;-;-;-;-;2499,957;-;-;-;-;-;-;-
DOLZ26P007650;BRBMEFD20696;FINANCIAL;-;-;-;-;-;-;-;-;-;2549,01;-;-;-;-;-;-;-
DOLZ26P007700;BRBMEFD206A1;FINANCIAL;-;-;-;-;-;-;-;-;-;2598,062;-;-;-;-;-;-;-
DOLZ26P007750;BRBMEFD206B9;FINANCIAL;-;-;-;-;-;-;-;-;-;2647,115;-;-;-;-;-;-;-
DOLZ26P007800;BRBMEFD206C7;FINANCIAL;-;-;-;-;-;-;-;-;-;2696,167;-;-;-;-;-;-;-
DOLZ26P007850;BRBMEFD206D5;FINANCIAL;-;-;-;-;-;-;-;-;-;2745,22;-;-;-;-;-;-;-
DOLZ26P007900;BRBMEFD206E3;FINANCIAL;-;-;-;-;-;-;-;-;-;2794,272;-;-;-;-;-;-;-
DOLZ26P007950;BRBMEFD206F0;FINANCIAL;-;-;-;-;-;-;-;-;-;2843,325;-;-;-;-;-;-;-
DOLZ26P008000;BRBMEFD206G8;FINANCIAL;-;-;-;-;-;-;-;-;-;2892,377;-;-;-;-;-;-;-
DOLF27C005450;BRBMEFCE1KH4;FINANCIAL;-;-;-;-;-;-;-;-;-;47,146;-;-;-;-;-;-;-
DOLF27P005450;BRBMEFDE1JN3;FINANCIAL;-;-;-;-;-;-;-;-;-;407,375;-;-;-;-;-;-;-
DOLF27C005250;BRBMEFCE1KJ0;FINANCIAL;-;-;-;-;-;-;-;-;-;87,294;-;-;-;-;-;-;-
DOLF27C005350;BRBMEFCE1KI2;FINANCIAL;-;-;-;-;-;-;-;-;-;64,222;-;-;-;-;-;-;-
DOLF27P005250;BRBMEFDE1JP8;FINANCIAL;-;-;-;-;-;-;-;-;-;253,428;-;-;-;-;-;-;-
DOLF27P005350;BRBMEFDE1JO1;FINANCIAL;-;-;-;-;-;-;-;-;-;327,404;-;-;-;-;-;-;-
DOLJ28C005800;BRBMEFCL1839;FINANCIAL;-;-;-;-;-;-;-;-;-;232,551;-;-;-;-;-;-;-
DOLJ28C005900;BRBMEFCL1847;FINANCIAL;-;-;-;-;-;-;-;-;-;209,312;-;-;-;-;-;-;-
DOLJ28C006000;BRBMEFCL1854;FINANCIAL;-;-;-;-;-;-;-;-;-;188,466;-;-;-;-;-;-;-
DOLJ28C006100;BRBMEFCL1862;FINANCIAL;-;-;-;-;-;-;-;-;-;169,792;-;-;-;-;-;-;-
DOLJ28C006200;BRBMEFCL1870;FINANCIAL;-;-;-;-;-;-;-;-;-;153,276;-;-;-;-;-;-;-
DOLJ28C006300;BRBMEFCL1888;FINANCIAL;-;-;-;-;-;-;-;-;-;138,515;-;-;-;-;-;-;-
DOLJ28C006400;BRBMEFCL1896;FINANCIAL;-;-;-;-;-;-;-;-;-;125,153;-;-;-;-;-;-;-
DOLJ28C006500;BRBMEFCL18A2;FINANCIAL;-;-;-;-;-;-;-;-;-;113,214;-;-;-;-;-;-;-
DOLJ28C006600;BRBMEFCL18B0;FINANCIAL;-;-;-;-;-;-;-;-;-;102,389;-;-;-;-;-;-;-
DOLJ28C006700;BRBMEFCL18C8;FINANCIAL;-;-;-;-;-;-;-;-;-;92,869;-;-;-;-;-;-;-
DOLJ28C006800;BRBMEFCL18D6;FINANCIAL;-;-;-;-;-;-;-;-;-;84,362;-;-;-;-;-;-;-
DOLJ28C006900;BRBMEFCL18E4;FINANCIAL;-;-;-;-;-;-;-;-;-;76,756;-;-;-;-;-;-;-
DOLJ28C007000;BRBMEFCL18F1;FINANCIAL;-;-;-;-;-;-;-;-;-;69,952;-;-;-;-;-;-;-
DOLJ28C007100;BRBMEFCL18G9;FINANCIAL;-;-;-;-;-;-;-;-;-;63,983;-;-;-;-;-;-;-
DOLJ28C007200;BRBMEFCL18H7;FINANCIAL;-;-;-;-;-;-;-;-;-;58,518;-;-;-;-;-;-;-
DOLJ28P005800;BRBMEFVDE8V4;FINANCIAL;-;-;-;-;-;-;-;-;-;520,496;-;-;-;-;-;-;-
DOLJ28P005900;BRBMEFVDE8W2;FINANCIAL;-;-;-;-;-;-;-;-;-;581,099;-;-;-;-;-;-;-
DOLJ28P006000;BRBMEFVDE8X0;FINANCIAL;-;-;-;-;-;-;-;-;-;644,093;-;-;-;-;-;-;-
DOLJ28P006100;BRBMEFVDE8Y8;FINANCIAL;-;-;-;-;-;-;-;-;-;709,261;-;-;-;-;-;-;-
DOLJ28P006200;BRBMEFVDE8Z5;FINANCIAL;-;-;-;-;-;-;-;-;-;776,587;-;-;-;-;-;-;-
DOLJ28P006300;BRBMEFVDE900;FINANCIAL;-;-;-;-;-;-;-;-;-;845,668;-;-;-;-;-;-;-
DOLJ28P006400;BRBMEFVDE918;FINANCIAL;-;-;-;-;-;-;-;-;-;916,146;-;-;-;-;-;-;-
DOLJ28P006500;BRBMEFVDE926;FINANCIAL;-;-;-;-;-;-;-;-;-;988,05;-;-;-;-;-;-;-
DOLJ28P006600;BRBMEFVDE934;FINANCIAL;-;-;-;-;-;-;-;-;-;1061,066;-;-;-;-;-;-;-
DOLJ28P006700;BRBMEFVDE942;FINANCIAL;-;-;-;-;-;-;-;-;-;1135,388;-;-;-;-;-;-;-
DOLJ28P006800;BRBMEFVDE959;FINANCIAL;-;-;-;-;-;-;-;-;-;1210,722;-;-;-;-;-;-;-
DOLJ28P006900;BRBMEFVDE967;FINANCIAL;-;-;-;-;-;-;-;-;-;1286,957;-;-;-;-;-;-;-
DOLJ28P007000;BRBMEFVDE975;FINANCIAL;-;-;-;-;-;-;-;-;-;1363,994;-;-;-;-;-;-;-
DOLJ28P007100;BRBMEFVDE983;FINANCIAL;-;-;-;-;-;-;-;-;-;1441,867;-;-;-;-;-;-;-
DOLJ28P007200;BRBMEFVDE991;FINANCIAL;-;-;-;-;-;-;-;-;-;1520,244;-;-;-;-;-;-;-
DOLJ29C005800;BRBMEFCL18I5;FINANCIAL;-;-;-;-;-;-;-;-;-;393,884;-;-;-;-;-;-;-
DOLJ29C005900;BRBMEFCL18J3;FINANCIAL;-;-;-;-;-;-;-;-;-;365,189;-;-;-;-;-;-;-
DOLJ29C006000;BRBMEFCL18K1;FINANCIAL;-;-;-;-;-;-;-;-;-;338,801;-;-;-;-;-;-;-
DOLJ29C006100;BRBMEFCL18L9;FINANCIAL;-;-;-;-;-;-;-;-;-;314,338;-;-;-;-;-;-;-
DOLJ29C006200;BRBMEFCL18M7;FINANCIAL;-;-;-;-;-;-;-;-;-;291,951;-;-;-;-;-;-;-
DOLJ29C006300;BRBMEFCL18N5;FINANCIAL;-;-;-;-;-;-;-;-;-;270,993;-;-;-;-;-;-;-
DOLJ29C006400;BRBMEFCL18O3;FINANCIAL;-;-;-;-;-;-;-;-;-;251,621;-;-;-;-;-;-;-
DOLJ29C006500;BRBMEFCL18P0;FINANCIAL;-;-;-;-;-;-;-;-;-;233,978;-;-;-;-;-;-;-
DOLJ29C006600;BRBMEFCL18Q8;FINANCIAL;-;-;-;-;-;-;-;-;-;217,7;-;-;-;-;-;-;-
DOLJ29C006700;BRBMEFCL18R6;FINANCIAL;-;-;-;-;-;-;-;-;-;202,686;-;-;-;-;-;-;-
DOLJ29C006800;BRBMEFCL18S4;FINANCIAL;-;-;-;-;-;-;-;-;-;188,84;-;-;-;-;-;-;-
DOLJ29C006900;BRBMEFCL18T2;FINANCIAL;-;-;-;-;-;-;-;-;-;176,303;-;-;-;-;-;-;-
DOLJ29C007000;BRBMEFCL18U0;FINANCIAL;-;-;-;-;-;-;-;-;-;164,527;-;-;-;-;-;-;-
DOLJ29C007100;BRBMEFCL18V8;FINANCIAL;-;-;-;-;-;-;-;-;-;153,668;-;-;-;-;-;-;-
DOLJ29C007200;BRBMEFCL18W6;FINANCIAL;-;-;-;-;-;-;-;-;-;143,653;-;-;-;-;-;-;-
DOLJ29P005800;BRBMEFVDE9A6;FINANCIAL;-;-;-;-;-;-;-;-;-;431,377;-;-;-;-;-;-;-
DOLJ29P005900;BRBMEFVDE9B4;FINANCIAL;-;-;-;-;-;-;-;-;-;477,347;-;-;-;-;-;-;-
DOLJ29P006000;BRBMEFVDE9C2;FINANCIAL;-;-;-;-;-;-;-;-;-;525,623;-;-;-;-;-;-;-
DOLJ29P006100;BRBMEFVDE9D0;FINANCIAL;-;-;-;-;-;-;-;-;-;575,825;-;-;-;-;-;-;-
DOLJ29P006200;BRBMEFVDE9E8;FINANCIAL;-;-;-;-;-;-;-;-;-;628,102;-;-;-;-;-;-;-
DOLJ29P006300;BRBMEFVDE9F5;FINANCIAL;-;-;-;-;-;-;-;-;-;681,809;-;-;-;-;-;-;-
DOLJ29P006400;BRBMEFVDE9G3;FINANCIAL;-;-;-;-;-;-;-;-;-;737,101;-;-;-;-;-;-;-
DOLJ29P006500;BRBMEFVDE9H1;FINANCIAL;-;-;-;-;-;-;-;-;-;794,123;-;-;-;-;-;-;-
DOLJ29P006600;BRBMEFVDE9I9;FINANCIAL;-;-;-;-;-;-;-;-;-;852,509;-;-;-;-;-;-;-
DOLJ29P006700;BRBMEFVDE9J7;FINANCIAL;-;-;-;-;-;-;-;-;-;912,159;-;-;-;-;-;-;-
DOLJ29P006800;BRBMEFVDE9K5;FINANCIAL;-;-;-;-;-;-;-;-;-;972,978;-;-;-;-;-;-;-
DOLJ29P006900;BRBMEFVDE9L3;FINANCIAL;-;-;-;-;-;-;-;-;-;1035,105;-;-;-;-;-;-;-
DOLJ29P007000;BRBMEFVDE9M1;FINANCIAL;-;-;-;-;-;-;-;-;-;1097,994;-;-;-;-;-;-;-
DOLJ29P007100;BRBMEFVDE9N9;FINANCIAL;-;-;-;-;-;-;-;-;-;1161,799;-;-;-;-;-;-;-
DOLJ29P007200;BRBMEFVDE9O7;FINANCIAL;-;-;-;-;-;-;-;-;-;1226,449;-;-;-;-;-;-;-
DOLF27C005550;BRBMEFCE1KK8;FINANCIAL;-;-;-;-;-;-;-;-;-;34,581;-;-;-;-;-;-;-
DOLF27C006350;BRBMEFCE1KL6;FINANCIAL;-;-;-;-;-;-;-;-;-;3,777;-;-;-;-;-;-;-
DOLF27C006400;BRBMEFCE1KM4;FINANCIAL;2,1;2,1;2,1;2,1;2,1;-85;-;-;-;3,281;-;-;-;-;1;1.000;105000
DOLF27C006550;BRBMEFCE1KN2;FINANCIAL;-;-;-;-;-;-;-;-;-;2,205;-;-;-;-;-;-;-
DOLF27C006600;BRBMEFCE1KO0;FINANCIAL;-;-;-;-;-;-;-;-;-;1,944;-;-;-;-;-;-;-
DOLF27C006650;BRBMEFCE1KP7;FINANCIAL;-;-;-;-;-;-;-;-;-;1,662;-;-;-;-;-;-;-
DOLF27C006700;BRBMEFCE1KQ5;FINANCIAL;-;-;-;-;-;-;-;-;-;1,36;-;-;-;-;-;-;-
DOLF27C006750;BRBMEFCE1KR3;FINANCIAL;-;-;-;-;-;-;-;-;-;1,11;-;-;-;-;-;-;-
DOLF27C006800;BRBMEFCE1KS1;FINANCIAL;-;-;-;-;-;-;-;-;-;0,904;-;-;-;-;-;-;-
DOLF27C006850;BRBMEFCE1KT9;FINANCIAL;-;-;-;-;-;-;-;-;-;0,735;-;-;-;-;-;-;-
DOLF27C006900;BRBMEFCE1KU7;FINANCIAL;-;-;-;-;-;-;-;-;-;0,596;-;-;-;-;-;-;-
DOLF27C006950;BRBMEFCE1KV5;FINANCIAL;-;-;-;-;-;-;-;-;-;0,482;-;-;-;-;-;-;-
DOLF27P005550;BRBMEFDE1JQ6;FINANCIAL;-;-;-;-;-;-;-;-;-;491,857;-;-;-;-;-;-;-
DOLF27P006350;BRBMEFDE1JR4;FINANCIAL;-;-;-;-;-;-;-;-;-;1237,432;-;-;-;-;-;-;-
DOLF27P006400;BRBMEFDE1JS2;FINANCIAL;-;-;-;-;-;-;-;-;-;1285,461;-;-;-;-;-;-;-
DOLF27P006550;BRBMEFDE1JT0;FINANCIAL;-;-;-;-;-;-;-;-;-;1429,956;-;-;-;-;-;-;-
DOLF27P006600;BRBMEFDE1JU8;FINANCIAL;-;-;-;-;-;-;-;-;-;1478,218;-;-;-;-;-;-;-
DOLF27P006650;BRBMEFDE1JV6;FINANCIAL;-;-;-;-;-;-;-;-;-;1526,46;-;-;-;-;-;-;-
DOLF27P006700;BRBMEFDE1JW4;FINANCIAL;-;-;-;-;-;-;-;-;-;1574,682;-;-;-;-;-;-;-
DOLF27P006750;BRBMEFDE1JX2;FINANCIAL;-;-;-;-;-;-;-;-;-;1622,956;-;-;-;-;-;-;-
DOLF27P006800;BRBMEFDE1JY0;FINANCIAL;-;-;-;-;-;-;-;-;-;1671,274;-;-;-;-;-;-;-
DOLF27P006850;BRBMEFDE1JZ7;FINANCIAL;-;-;-;-;-;-;-;-;-;1719,628;-;-;-;-;-;-;-
DOLF27P006900;BRBMEFDE1K09;FINANCIAL;-;-;-;-;-;-;-;-;-;1768,013;-;-;-;-;-;-;-
DOLF27P006950;BRBMEFDE1K17;FINANCIAL;-;-;-;-;-;-;-;-;-;1816,423;-;-;-;-;-;-;-
DOLJ28C007500;BRBMEFCL18X4;FINANCIAL;-;-;-;-;-;-;-;-;-;45,556;-;-;-;-;-;-;-
DOLJ28C008000;BRBMEFCL18Y2;FINANCIAL;-;-;-;-;-;-;-;-;-;31,982;-;-;-;-;-;-;-
DOLJ28C008500;BRBMEFCL18Z9;FINANCIAL;-;-;-;-;-;-;-;-;-;24,026;-;-;-;-;-;-;-
DOLJ28C009000;BRBMEFCL1904;FINANCIAL;-;-;-;-;-;-;-;-;-;16,95;-;-;-;-;-;-;-
DOLJ28P007500;BRBMEFVDE9P4;FINANCIAL;-;-;-;-;-;-;-;-;-;1758,806;-;-;-;-;-;-;-
DOLJ28P008000;BRBMEFVDE9Q2;FINANCIAL;-;-;-;-;-;-;-;-;-;2164,439;-;-;-;-;-;-;-
DOLJ28P008500;BRBMEFVDE9R0;FINANCIAL;-;-;-;-;-;-;-;-;-;2575,691;-;-;-;-;-;-;-
DOLJ28P009000;BRBMEFVDE9S8;FINANCIAL;-;-;-;-;-;-;-;-;-;2987,822;-;-;-;-;-;-;-
DOLJ29C007500;BRBMEFCL1912;FINANCIAL;-;-;-;-;-;-;-;-;-;117,456;-;-;-;-;-;-;-
DOLJ29C008000;BRBMEFCL1920;FINANCIAL;-;-;-;-;-;-;-;-;-;85,692;-;-;-;-;-;-;-
DOLJ29C008500;BRBMEFCL1938;FINANCIAL;-;-;-;-;-;-;-;-;-;64,512;-;-;-;-;-;-;-
DOLJ29C009000;BRBMEFCL1946;FINANCIAL;-;-;-;-;-;-;-;-;-;50,118;-;-;-;-;-;-;-
DOLJ29P007500;BRBMEFVDE9T6;FINANCIAL;-;-;-;-;-;-;-;-;-;1424,245;-;-;-;-;-;-;-
DOLJ29P008000;BRBMEFVDE9U4;FINANCIAL;-;-;-;-;-;-;-;-;-;1765,804;-;-;-;-;-;-;-
DOLJ29P008500;BRBMEFVDE9V2;FINANCIAL;-;-;-;-;-;-;-;-;-;2117,945;-;-;-;-;-;-;-
DOLJ29P009000;BRBMEFVDE9W0;FINANCIAL;-;-;-;-;-;-;-;-;-;2476,873;-;-;-;-;-;-;-
DOLF27C004400;BRBMEFCE1KX1;FINANCIAL;-;-;-;-;-;-;-;-;-;659,619;-;-;-;-;-;-;-
DOLF27C004450;BRBMEFCE1KW3;FINANCIAL;-;-;-;-;-;-;-;-;-;611,79;-;-;-;-;-;-;-
DOLF27P004400;BRBMEFDE1K33;FINANCIAL;-;-;-;-;-;-;-;-;-;0,85;-;-;-;-;-;-;-
DOLF27P004450;BRBMEFDE1K25;FINANCIAL;-;-;-;-;-;-;-;-;-;1,544;-;-;-;-;-;-;-
DOLF31C007000;BRBMEFCE1KY9;FINANCIAL;-;-;-;-;-;-;-;-;-;353,337;-;-;-;-;-;-;-
DOLF31C007100;BRBMEFCE1KZ6;FINANCIAL;-;-;-;-;-;-;-;-;-;338,204;-;-;-;-;-;-;-
DOLF31C007200;BRBMEFCE1L00;FINANCIAL;-;-;-;-;-;-;-;-;-;323,907;-;-;-;-;-;-;-
DOLF31C007300;BRBMEFCE1L18;FINANCIAL;-;-;-;-;-;-;-;-;-;310,401;-;-;-;-;-;-;-
DOLF31C007400;BRBMEFCE1L26;FINANCIAL;-;-;-;-;-;-;-;-;-;297,64;-;-;-;-;-;-;-
DOLF31C007500;BRBMEFCE1L34;FINANCIAL;-;-;-;-;-;-;-;-;-;285,583;-;-;-;-;-;-;-
DOLF31C007600;BRBMEFCE1L42;FINANCIAL;-;-;-;-;-;-;-;-;-;273,895;-;-;-;-;-;-;-
DOLF31C007700;BRBMEFCE1L59;FINANCIAL;-;-;-;-;-;-;-;-;-;262,549;-;-;-;-;-;-;-
DOLF31C007800;BRBMEFCE1L67;FINANCIAL;-;-;-;-;-;-;-;-;-;252,094;-;-;-;-;-;-;-
DOLF31C007900;BRBMEFCE1L75;FINANCIAL;-;-;-;-;-;-;-;-;-;241,919;-;-;-;-;-;-;-
DOLF31C008000;BRBMEFCE1L83;FINANCIAL;-;-;-;-;-;-;-;-;-;232,283;-;-;-;-;-;-;-
DOLF31C008100;BRBMEFCE1L91;FINANCIAL;-;-;-;-;-;-;-;-;-;223,431;-;-;-;-;-;-;-
DOLF31C008200;BRBMEFCE1LA7;FINANCIAL;-;-;-;-;-;-;-;-;-;215,05;-;-;-;-;-;-;-
DOLF31C008300;BRBMEFCE1LB5;FINANCIAL;-;-;-;-;-;-;-;-;-;206,848;-;-;-;-;-;-;-
DOLF31C008400;BRBMEFCE1LC3;FINANCIAL;-;-;-;-;-;-;-;-;-;199,335;-;-;-;-;-;-;-
DOLF31C008500;BRBMEFCE1LD1;FINANCIAL;-;-;-;-;-;-;-;-;-;192,218;-;-;-;-;-;-;-
DOLF31C008600;BRBMEFCE1LE9;FINANCIAL;-;-;-;-;-;-;-;-;-;185,473;-;-;-;-;-;-;-
DOLF31C008700;BRBMEFCE1LF6;FINANCIAL;-;-;-;-;-;-;-;-;-;179,078;-;-;-;-;-;-;-
DOLF31P007000;BRBMEFDE1K41;FINANCIAL;-;-;-;-;-;-;-;-;-;763,739;-;-;-;-;-;-;-
DOLF31P007100;BRBMEFDE1K58;FINANCIAL;-;-;-;-;-;-;-;-;-;809,187;-;-;-;-;-;-;-
DOLF31P007200;BRBMEFDE1K66;FINANCIAL;-;-;-;-;-;-;-;-;-;855,472;-;-;-;-;-;-;-
DOLF31P007300;BRBMEFDE1K74;FINANCIAL;-;-;-;-;-;-;-;-;-;902,546;-;-;-;-;-;-;-
DOLF31P007400;BRBMEFDE1K82;FINANCIAL;-;-;-;-;-;-;-;-;-;950,366;-;-;-;-;-;-;-
DOLF31P007500;BRBMEFDE1K90;FINANCIAL;-;-;-;-;-;-;-;-;-;998,89;-;-;-;-;-;-;-
DOLF31P007600;BRBMEFDE1KA8;FINANCIAL;-;-;-;-;-;-;-;-;-;1047,783;-;-;-;-;-;-;-
DOLF31P007700;BRBMEFDE1KB6;FINANCIAL;-;-;-;-;-;-;-;-;-;1097,017;-;-;-;-;-;-;-
DOLF31P007800;BRBMEFDE1KC4;FINANCIAL;-;-;-;-;-;-;-;-;-;1147,143;-;-;-;-;-;-;-
DOLF31P007900;BRBMEFDE1KD2;FINANCIAL;-;-;-;-;-;-;-;-;-;1197,549;-;-;-;-;-;-;-
DOLF31P008000;BRBMEFDE1KE0;FINANCIAL;-;-;-;-;-;-;-;-;-;1248,494;-;-;-;-;-;-;-
DOLF31P008100;BRBMEFDE1KF7;FINANCIAL;-;-;-;-;-;-;-;-;-;1300,223;-;-;-;-;-;-;-
DOLF31P008200;BRBMEFDE1KG5;FINANCIAL;-;-;-;-;-;-;-;-;-;1352,423;-;-;-;-;-;-;-
DOLF31P008300;BRBMEFDE1KH3;FINANCIAL;-;-;-;-;-;-;-;-;-;1404,802;-;-;-;-;-;-;-
DOLF31P008400;BRBMEFDE1KI1;FINANCIAL;-;-;-;-;-;-;-;-;-;1457,87;-;-;-;-;-;-;-
DOLF31P008500;BRBMEFDE1KJ9;FINANCIAL;-;-;-;-;-;-;-;-;-;1511,334;-;-;-;-;-;-;-
DOLF31P008600;BRBMEFDE1KK7;FINANCIAL;-;-;-;-;-;-;-;-;-;1565,169;-;-;-;-;-;-;-
DOLF31P008700;BRBMEFDE1KL5;FINANCIAL;-;-;-;-;-;-;-;-;-;1619,356;-;-;-;-;-;-;-
DOLG27C005250;BRBMEFDL01T6;FINANCIAL;-;-;-;-;-;-;-;-;-;113,581;-;-;-;-;-;-;-
DOLG27C005600;BRBMEFDL01U4;FINANCIAL;-;-;-;-;-;-;-;-;-;44,733;-;-;-;-;-;-;-
DOLG27C005750;BRBMEFDL01V2;FINANCIAL;-;-;-;-;-;-;-;-;-;30,26;-;-;-;-;-;-;-
DOLG27P005250;BRBMEFLD01V2;FINANCIAL;-;-;-;-;-;-;-;-;-;250,336;-;-;-;-;-;-;-
DOLG27P005600;BRBMEFLD01W0;FINANCIAL;-;-;-;-;-;-;-;-;-;517,847;-;-;-;-;-;-;-
DOLG27P005750;BRBMEFLD01X8;FINANCIAL;-;-;-;-;-;-;-;-;-;647,529;-;-;-;-;-;-;-
DOLG27C005400;BRBMEFDL01W0;FINANCIAL;-;-;-;-;-;-;-;-;-;76,352;-;-;-;-;-;-;-
DOLG27P005400;BRBMEFLD01Y6;FINANCIAL;-;-;-;-;-;-;-;-;-;357,261;-;-;-;-;-;-;-
DOLG27C004900;BRBMEFDL01X8;FINANCIAL;-;-;-;-;-;-;-;-;-;272,124;-;-;-;-;-;-;-
DOLG27C004950;BRBMEFDL01Y6;FINANCIAL;-;-;-;-;-;-;-;-;-;242,287;-;-;-;-;-;-;-
DOLG27C005000;BRBMEFDL01Z3;FINANCIAL;-;-;-;-;-;-;-;-;-;214,936;-;-;-;-;-;-;-
DOLG27C005050;BRBMEFDL0202;FINANCIAL;-;-;-;-;-;-;-;-;-;190,035;-;-;-;-;-;-;-
DOLG27C005100;BRBMEFDL0210;FINANCIAL;-;-;-;-;-;-;-;-;-;167,624;-;-;-;-;-;-;-
DOLG27C005150;BRBMEFDL0228;FINANCIAL;-;-;-;-;-;-;-;-;-;147,484;-;-;-;-;-;-;-
DOLG27C005200;BRBMEFDL0236;FINANCIAL;-;-;-;-;-;-;-;-;-;129,593;-;-;-;-;-;-;-
DOLG27C005300;BRBMEFDL0244;FINANCIAL;-;-;-;-;-;-;-;-;-;99,605;-;-;-;-;-;-;-
DOLG27C005350;BRBMEFDL0251;FINANCIAL;-;-;-;-;-;-;-;-;-;87,182;-;-;-;-;-;-;-
DOLG27C005450;BRBMEFDL0269;FINANCIAL;-;-;-;-;-;-;-;-;-;66,855;-;-;-;-;-;-;-
DOLG27C005500;BRBMEFDL0277;FINANCIAL;-;-;-;-;-;-;-;-;-;58,461;-;-;-;-;-;-;-
DOLG27P004900;BRBMEFLD01Z3;FINANCIAL;-;-;-;-;-;-;-;-;-;72,519;-;-;-;-;-;-;-
DOLG27P004950;BRBMEFLD0202;FINANCIAL;-;-;-;-;-;-;-;-;-;90,734;-;-;-;-;-;-;-
DOLG27P005000;BRBMEFLD0210;FINANCIAL;-;-;-;-;-;-;-;-;-;111,434;-;-;-;-;-;-;-
DOLG27P005050;BRBMEFLD0228;FINANCIAL;-;-;-;-;-;-;-;-;-;134,585;-;-;-;-;-;-;-
DOLG27P005100;BRBMEFLD0236;FINANCIAL;-;-;-;-;-;-;-;-;-;160,225;-;-;-;-;-;-;-
DOLG27P005150;BRBMEFLD0244;FINANCIAL;-;-;-;-;-;-;-;-;-;188,137;-;-;-;-;-;-;-
DOLG27P005200;BRBMEFLD0251;FINANCIAL;-;-;-;-;-;-;-;-;-;218,297;-;-;-;-;-;-;-
DOLG27P005300;BRBMEFLD0269;FINANCIAL;-;-;-;-;-;-;-;-;-;284,411;-;-;-;-;-;-;-
DOLG27P005350;BRBMEFLD0277;FINANCIAL;-;-;-;-;-;-;-;-;-;320,04;-;-;-;-;-;-;-
DOLG27P005450;BRBMEFLD0285;FINANCIAL;-;-;-;-;-;-;-;-;-;395,815;-;-;-;-;-;-;-
DOLG27P005500;BRBMEFLD0293;FINANCIAL;-;-;-;-;-;-;-;-;-;435,473;-;-;-;-;-;-;-
DOLG27C004400;BRBMEFDL0285;FINANCIAL;-;-;-;-;-;-;-;-;-;681,904;-;-;-;-;-;-;-
DOLG27C006200;BRBMEFDL0293;FINANCIAL;-;-;-;-;-;-;-;-;-;11,396;-;-;-;-;-;-;-
DOLG27P004400;BRBMEFLD02A4;FINANCIAL;-;-;-;-;-;-;-;-;-;1,786;-;-;-;-;-;-;-
DOLG27P006200;BRBMEFLD02B2;FINANCIAL;-;-;-;-;-;-;-;-;-;1061,126;-;-;-;-;-;-;-
DOLF28C006750;BRBMEFCE1LG4;FINANCIAL;-;-;-;-;-;-;-;-;-;63,711;-;-;-;-;-;-;-
DOLF28P006750;BRBMEFDE1KM3;FINANCIAL;-;-;-;-;-;-;-;-;-;1245,182;-;-;-;-;-;-;-
DOLF29C007050;BRBMEFCE1LH2;FINANCIAL;-;-;-;-;-;-;-;-;-;133,938;-;-;-;-;-;-;-
DOLF29P007050;BRBMEFDE1KN1;FINANCIAL;-;-;-;-;-;-;-;-;-;1194,782;-;-;-;-;-;-;-
DOLF31C007650;BRBMEFCE1LI0;FINANCIAL;-;-;-;-;-;-;-;-;-;268,144;-;-;-;-;-;-;-
DOLF31P007650;BRBMEFDE1KO9;FINANCIAL;-;-;-;-;-;-;-;-;-;1072,322;-;-;-;-;-;-;-
DOLG27C006450;BRBMEFDL02A4;FINANCIAL;-;-;-;-;-;-;-;-;-;6,16;-;-;-;-;-;-;-
DOLG27P006450;BRBMEFLD02C0;FINANCIAL;-;-;-;-;-;-;-;-;-;1296,147;-;-;-;-;-;-;-
DOLN29C007350;BRBMEFCD6CO7;FINANCIAL;-;-;-;-;-;-;-;-;-;152,366;-;-;-;-;-;-;-
DOLN29P007350;BRBMEFVDRCO6;FINANCIAL;-;-;-;-;-;-;-;-;-;1253,476;-;-;-;-;-;-;-
DOLQ27C006750;BRBMEFDA04D7;FINANCIAL;-;-;-;-;-;-;-;-;-;29,242;-;-;-;-;-;-;-
DOLQ27P006750;BRBMEFVA0492;FINANCIAL;-;-;-;-;-;-;-;-;-;1374,943;-;-;-;-;-;-;-
DOLH27C004900;BRBMEFPC01R3;FINANCIAL;-;-;-;-;-;-;-;-;-;297,715;-;-;-;-;-;-;-
DOLH27C004950;BRBMEFPC01S1;FINANCIAL;-;-;-;-;-;-;-;-;-;267,852;-;-;-;-;-;-;-
DOLH27C005000;BRBMEFPC01T9;FINANCIAL;-;-;-;-;-;-;-;-;-;240,233;-;-;-;-;-;-;-
DOLH27C005050;BRBMEFPC01U7;FINANCIAL;-;-;-;-;-;-;-;-;-;215,076;-;-;-;-;-;-;-
DOLH27C005100;BRBMEFPC01V5;FINANCIAL;-;-;-;-;-;-;-;-;-;191,981;-;-;-;-;-;-;-
DOLH27C005150;BRBMEFPC01W3;FINANCIAL;-;-;-;-;-;-;-;-;-;171,105;-;-;-;-;-;-;-
DOLH27C005200;BRBMEFPC01X1;FINANCIAL;-;-;-;-;-;-;-;-;-;152,221;-;-;-;-;-;-;-
DOLH27C005250;BRBMEFPC01Y9;FINANCIAL;-;-;-;-;-;-;-;-;-;135,214;-;-;-;-;-;-;-
DOLH27C005300;BRBMEFPC01Z6;FINANCIAL;-;-;-;-;-;-;-;-;-;120,07;-;-;-;-;-;-;-
DOLH27C005350;BRBMEFPC0209;FINANCIAL;-;-;-;-;-;-;-;-;-;106,531;-;-;-;-;-;-;-
DOLH27C005400;BRBMEFPC0217;FINANCIAL;-;-;-;-;-;-;-;-;-;94,461;-;-;-;-;-;-;-
DOLH27C005450;BRBMEFPC0225;FINANCIAL;-;-;-;-;-;-;-;-;-;83,833;-;-;-;-;-;-;-
DOLH27C005500;BRBMEFPC0233;FINANCIAL;-;-;-;-;-;-;-;-;-;74,402;-;-;-;-;-;-;-
DOLH27P004900;BRBMEFOP01X6;FINANCIAL;-;-;-;-;-;-;-;-;-;77,891;-;-;-;-;-;-;-
DOLH27P004950;BRBMEFOP01Y4;FINANCIAL;-;-;-;-;-;-;-;-;-;95,665;-;-;-;-;-;-;-
DOLH27P005000;BRBMEFOP01Z1;FINANCIAL;-;-;-;-;-;-;-;-;-;115,681;-;-;-;-;-;-;-
DOLH27P005050;BRBMEFOP0205;FINANCIAL;-;-;-;-;-;-;-;-;-;138,16;-;-;-;-;-;-;-
DOLH27P005100;BRBMEFOP0213;FINANCIAL;-;-;-;-;-;-;-;-;-;162,701;-;-;-;-;-;-;-
DOLH27P005150;BRBMEFOP0221;FINANCIAL;-;-;-;-;-;-;-;-;-;189,46;-;-;-;-;-;-;-
DOLH27P005200;BRBMEFOP0239;FINANCIAL;-;-;-;-;-;-;-;-;-;218,213;-;-;-;-;-;-;-
DOLH27P005250;BRBMEFOP0247;FINANCIAL;-;-;-;-;-;-;-;-;-;248,841;-;-;-;-;-;-;-
DOLH27P005300;BRBMEFOP0254;FINANCIAL;-;-;-;-;-;-;-;-;-;281,332;-;-;-;-;-;-;-
DOLH27P005350;BRBMEFOP0262;FINANCIAL;-;-;-;-;-;-;-;-;-;315,429;-;-;-;-;-;-;-
DOLH27P005400;BRBMEFOP0270;FINANCIAL;-;-;-;-;-;-;-;-;-;350,996;-;-;-;-;-;-;-
DOLH27P005450;BRBMEFOP0288;FINANCIAL;-;-;-;-;-;-;-;-;-;388,003;-;-;-;-;-;-;-
DOLH27P005500;BRBMEFOP0296;FINANCIAL;-;-;-;-;-;-;-;-;-;426,208;-;-;-;-;-;-;-
DOLJ27C004900;BRBMEFCL19C6;FINANCIAL;-;-;-;-;-;-;-;-;-;329,81;-;-;-;-;-;-;-
DOLJ27C004950;BRBMEFCL19D4;FINANCIAL;-;-;-;-;-;-;-;-;-;299,996;-;-;-;-;-;-;-
DOLJ27C005050;BRBMEFCL19E2;FINANCIAL;-;-;-;-;-;-;-;-;-;246,635;-;-;-;-;-;-;-
DOLJ27C005150;BRBMEFCL19F9;FINANCIAL;-;-;-;-;-;-;-;-;-;201,253;-;-;-;-;-;-;-
DOLJ27C005250;BRBMEFCL19G7;FINANCIAL;-;-;-;-;-;-;-;-;-;163,323;-;-;-;-;-;-;-
DOLJ27C005450;BRBMEFCL19H5;FINANCIAL;-;-;-;-;-;-;-;-;-;106,673;-;-;-;-;-;-;-
DOLJ27P004900;BRBMEFVDEA46;FINANCIAL;-;-;-;-;-;-;-;-;-;83,831;-;-;-;-;-;-;-
DOLJ27P004950;BRBMEFVDEA53;FINANCIAL;-;-;-;-;-;-;-;-;-;101,151;-;-;-;-;-;-;-
DOLJ27P005050;BRBMEFVDEA61;FINANCIAL;-;-;-;-;-;-;-;-;-;142,056;-;-;-;-;-;-;-
DOLJ27P005150;BRBMEFVDEA79;FINANCIAL;-;-;-;-;-;-;-;-;-;190,941;-;-;-;-;-;-;-
DOLJ27P005250;BRBMEFVDEA87;FINANCIAL;-;-;-;-;-;-;-;-;-;247,276;-;-;-;-;-;-;-
DOLJ27P005450;BRBMEFVDEA95;FINANCIAL;-;-;-;-;-;-;-;-;-;379,159;-;-;-;-;-;-;-
DOLH27C005550;BRBMEFPC0241;FINANCIAL;-;-;-;-;-;-;-;-;-;65,954;-;-;-;-;-;-;-
DOLH27C005800;BRBMEFPC0258;FINANCIAL;-;-;-;-;-;-;-;-;-;36,424;-;-;-;-;-;-;-
DOLH27C005850;BRBMEFPC0266;FINANCIAL;-;-;-;-;-;-;-;-;-;32,479;-;-;-;-;-;-;-
DOLH27P005550;BRBMEFOP02A2;FINANCIAL;-;-;-;-;-;-;-;-;-;465,396;-;-;-;-;-;-;-
DOLH27P005800;BRBMEFOP02B0;FINANCIAL;-;-;-;-;-;-;-;-;-;674,044;-;-;-;-;-;-;-
DOLH27P005850;BRBMEFOP02C8;FINANCIAL;-;-;-;-;-;-;-;-;-;717,735;-;-;-;-;-;-;-
DOLH27C005600;BRBMEFPC0274;FINANCIAL;-;-;-;-;-;-;-;-;-;58,48;-;-;-;-;-;-;-
DOLH27C005900;BRBMEFPC0282;FINANCIAL;-;-;-;-;-;-;-;-;-;28,999;-;-;-;-;-;-;-
DOLH27P005600;BRBMEFOP02D6;FINANCIAL;-;-;-;-;-;-;-;-;-;505,557;-;-;-;-;-;-;-
DOLH27P005900;BRBMEFOP02E4;FINANCIAL;-;-;-;-;-;-;-;-;-;761,89;-;-;-;-;-;-;-
DOLV28C005500;BRBMEFCD46M5;FINANCIAL;-;-;-;-;-;-;-;-;-;406,571;-;-;-;-;-;-;-
DOLV28C005600;BRBMEFCD46N3;FINANCIAL;-;-;-;-;-;-;-;-;-;373,203;-;-;-;-;-;-;-
DOLV28C005700;BRBMEFCD46O1;FINANCIAL;-;-;-;-;-;-;-;-;-;342,835;-;-;-;-;-;-;-
DOLV28C005800;BRBMEFCD46P8;FINANCIAL;-;-;-;-;-;-;-;-;-;315,297;-;-;-;-;-;-;-
DOLV28C005900;BRBMEFCD46Q6;FINANCIAL;-;-;-;-;-;-;-;-;-;290,653;-;-;-;-;-;-;-
DOLV28C006000;BRBMEFCD46R4;FINANCIAL;-;-;-;-;-;-;-;-;-;268,216;-;-;-;-;-;-;-
DOLV28C006100;BRBMEFCD46S2;FINANCIAL;-;-;-;-;-;-;-;-;-;247,803;-;-;-;-;-;-;-
DOLV28C006200;BRBMEFCD46T0;FINANCIAL;-;-;-;-;-;-;-;-;-;229,241;-;-;-;-;-;-;-
DOLV28C006300;BRBMEFCD46U8;FINANCIAL;-;-;-;-;-;-;-;-;-;211,906;-;-;-;-;-;-;-
DOLV28C006400;BRBMEFCD46V6;FINANCIAL;-;-;-;-;-;-;-;-;-;196,128;-;-;-;-;-;-;-
DOLV28C006500;BRBMEFCD46W4;FINANCIAL;-;-;-;-;-;-;-;-;-;181,767;-;-;-;-;-;-;-
DOLV28C006600;BRBMEFCD46X2;FINANCIAL;-;-;-;-;-;-;-;-;-;168,697;-;-;-;-;-;-;-
DOLV28C006700;BRBMEFCD46Y0;FINANCIAL;-;-;-;-;-;-;-;-;-;157,002;-;-;-;-;-;-;-
DOLV28C006800;BRBMEFCD46Z7;FINANCIAL;-;-;-;-;-;-;-;-;-;146,356;-;-;-;-;-;-;-
DOLV28C006900;BRBMEFCD4700;FINANCIAL;-;-;-;-;-;-;-;-;-;135,308;-;-;-;-;-;-;-
DOLV28C007000;BRBMEFCD4718;FINANCIAL;-;-;-;-;-;-;-;-;-;125,028;-;-;-;-;-;-;-
DOLV28P005500;BRBMEFVD46N3;FINANCIAL;-;-;-;-;-;-;-;-;-;322,011;-;-;-;-;-;-;-
DOLV28P005600;BRBMEFVD46O1;FINANCIAL;-;-;-;-;-;-;-;-;-;367,718;-;-;-;-;-;-;-
DOLV28P005700;BRBMEFVD46P8;FINANCIAL;-;-;-;-;-;-;-;-;-;416,427;-;-;-;-;-;-;-
DOLV28P005800;BRBMEFVD46Q6;FINANCIAL;-;-;-;-;-;-;-;-;-;467,965;-;-;-;-;-;-;-
DOLV28P005900;BRBMEFVD46R4;FINANCIAL;-;-;-;-;-;-;-;-;-;522,397;-;-;-;-;-;-;-
DOLV28P006000;BRBMEFVD46S2;FINANCIAL;-;-;-;-;-;-;-;-;-;579,036;-;-;-;-;-;-;-
DOLV28P006100;BRBMEFVD46T0;FINANCIAL;-;-;-;-;-;-;-;-;-;637,699;-;-;-;-;-;-;-
DOLV28P006200;BRBMEFVD46U8;FINANCIAL;-;-;-;-;-;-;-;-;-;698,214;-;-;-;-;-;-;-
DOLV28P006300;BRBMEFVD46V6;FINANCIAL;-;-;-;-;-;-;-;-;-;759,954;-;-;-;-;-;-;-
DOLV28P006400;BRBMEFVD46W4;FINANCIAL;-;-;-;-;-;-;-;-;-;823,252;-;-;-;-;-;-;-
DOLV28P006500;BRBMEFVD46X2;FINANCIAL;-;-;-;-;-;-;-;-;-;887,968;-;-;-;-;-;-;-
DOLV28P006600;BRBMEFVD46Y0;FINANCIAL;-;-;-;-;-;-;-;-;-;953,973;-;-;-;-;-;-;-
DOLV28P006700;BRBMEFVD46Z7;FINANCIAL;-;-;-;-;-;-;-;-;-;1021,355;-;-;-;-;-;-;-
DOLV28P006800;BRBMEFVD4707;FINANCIAL;-;-;-;-;-;-;-;-;-;1089,784;-;-;-;-;-;-;-
DOLV28P006900;BRBMEFVD4715;FINANCIAL;-;-;-;-;-;-;-;-;-;1157,813;-;-;-;-;-;-;-
DOLV28P007000;BRBMEFVD4723;FINANCIAL;-;-;-;-;-;-;-;-;-;1226,609;-;-;-;-;-;-;-
DOLJ27C004600;BRBMEFCL19I3;FINANCIAL;-;-;-;-;-;-;-;-;-;548,006;-;-;-;-;-;-;-
DOLJ27P004600;BRBMEFVDEAA7;FINANCIAL;-;-;-;-;-;-;-;-;-;19,228;-;-;-;-;-;-;-
DOLJ27C004250;BRBMEFCL19J1;FINANCIAL;-;-;-;-;-;-;-;-;-;859,993;-;-;-;-;-;-;-
DOLJ27P004250;BRBMEFVDEAB5;FINANCIAL;-;-;-;-;-;-;-;-;-;1,283;-;-;-;-;-;-;-
DOLF27C004000;BRBMEFCE1LJ8;FINANCIAL;-;-;-;-;-;-;-;-;-;1046,962;-;-;-;-;-;-;-
DOLF27C004100;BRBMEFCE1LK6;FINANCIAL;-;-;-;-;-;-;-;-;-;949,926;-;-;-;-;-;-;-
DOLF27C004200;BRBMEFCE1LL4;FINANCIAL;-;-;-;-;-;-;-;-;-;852,93;-;-;-;-;-;-;-
DOLF27C004300;BRBMEFCE1LM2;FINANCIAL;-;-;-;-;-;-;-;-;-;756,073;-;-;-;-;-;-;-
DOLF27C004700;BRBMEFCE1LN0;FINANCIAL;-;-;-;-;-;-;-;-;-;385,95;-;-;-;-;-;-;-
DOLF27C004900;BRBMEFCE1LO8;FINANCIAL;-;-;-;-;-;-;-;-;-;239,412;-;-;-;-;-;-;-
DOLF27P004000;BRBMEFDE1KP6;FINANCIAL;-;-;-;-;-;-;-;-;-;0,003;-;-;-;-;-;-;-
DOLF27P004100;BRBMEFDE1KQ4;FINANCIAL;-;-;-;-;-;-;-;-;-;0,014;-;-;-;-;-;-;-
DOLF27P004200;BRBMEFDE1KR2;FINANCIAL;-;-;-;-;-;-;-;-;-;0,066;-;-;-;-;-;-;-
DOLF27P004300;BRBMEFDE1KS0;FINANCIAL;-;-;-;-;-;-;-;-;-;0,256;-;-;-;-;-;-;-
DOLF27P004700;BRBMEFDE1KT8;FINANCIAL;-;-;-;-;-;-;-;-;-;18,323;-;-;-;-;-;-;-
DOLF27P004900;BRBMEFDE1KU6;FINANCIAL;-;-;-;-;-;-;-;-;-;65,88;-;-;-;-;-;-;-
DOLJ27C004450;BRBMEFCL19K9;FINANCIAL;-;-;-;-;-;-;-;-;-;676,988;-;-;-;-;-;-;-
DOLJ27P004450;BRBMEFVDEAC3;FINANCIAL;-;-;-;-;-;-;-;-;-;6,81;-;-;-;-;-;-;-
DOLN27C004900;BRBMEFCD6E71;FINANCIAL;-;-;-;-;-;-;-;-;-;408,6;-;-;-;-;-;-;-
DOLN27C004950;BRBMEFCD6E89;FINANCIAL;-;-;-;-;-;-;-;-;-;379,313;-;-;-;-;-;-;-
DOLN27P004900;BRBMEFVDRE70;FINANCIAL;-;-;-;-;-;-;-;-;-;98,735;-;-;-;-;-;-;-
DOLN27P004950;BRBMEFVDRE88;FINANCIAL;-;-;-;-;-;-;-;-;-;115,203;-;-;-;-;-;-;-
DOLK27C004950;BRBMEFCDI5S5;FINANCIAL;-;-;-;-;-;-;-;-;-;327,148;-;-;-;-;-;-;-
DOLK27C005000;BRBMEFCDI5T3;FINANCIAL;-;-;-;-;-;-;-;-;-;299,407;-;-;-;-;-;-;-
DOLK27C005050;BRBMEFCDI5U1;FINANCIAL;-;-;-;-;-;-;-;-;-;273,492;-;-;-;-;-;-;-
DOLK27C005100;BRBMEFCDI5V9;FINANCIAL;-;-;-;-;-;-;-;-;-;249,658;-;-;-;-;-;-;-
DOLK27C005150;BRBMEFCDI5W7;FINANCIAL;-;-;-;-;-;-;-;-;-;227,446;-;-;-;-;-;-;-
DOLK27C005200;BRBMEFCDI5X5;FINANCIAL;-;-;-;-;-;-;-;-;-;206,931;-;-;-;-;-;-;-
DOLK27C005250;BRBMEFCDI5Y3;FINANCIAL;-;-;-;-;-;-;-;-;-;188,187;-;-;-;-;-;-;-
DOLK27P004950;BRBMEFVDO5Q8;FINANCIAL;-;-;-;-;-;-;-;-;-;106,826;-;-;-;-;-;-;-
DOLK27P005000;BRBMEFVDO5R6;FINANCIAL;-;-;-;-;-;-;-;-;-;125,751;-;-;-;-;-;-;-
DOLK27P005050;BRBMEFVDO5S4;FINANCIAL;-;-;-;-;-;-;-;-;-;146,502;-;-;-;-;-;-;-
DOLK27P005100;BRBMEFVDO5T2;FINANCIAL;-;-;-;-;-;-;-;-;-;169,334;-;-;-;-;-;-;-
DOLK27P005150;BRBMEFVDO5U0;FINANCIAL;-;-;-;-;-;-;-;-;-;193,788;-;-;-;-;-;-;-
DOLK27P005200;BRBMEFVDO5V8;FINANCIAL;-;-;-;-;-;-;-;-;-;219,939;-;-;-;-;-;-;-
DOLK27P005250;BRBMEFVDO5W6;FINANCIAL;-;-;-;-;-;-;-;-;-;247,861;-;-;-;-;-;-;-
DOLG27C005800;BRBMEFDL02B2;FINANCIAL;-;-;-;-;-;-;-;-;-;26,627;-;-;-;-;-;-;-
DOLG27P005800;BRBMEFLD02D8;FINANCIAL;-;-;-;-;-;-;-;-;-;691,947;-;-;-;-;-;-;-
DOLK27C005300;BRBMEFCDI5Z0;FINANCIAL;-;-;-;-;-;-;-;-;-;170,846;-;-;-;-;-;-;-
DOLK27C005350;BRBMEFCDI604;FINANCIAL;-;-;-;-;-;-;-;-;-;155,108;-;-;-;-;-;-;-
DOLK27C005400;BRBMEFCDI612;FINANCIAL;-;-;-;-;-;-;-;-;-;140,738;-;-;-;-;-;-;-
DOLK27C005450;BRBMEFCDI620;FINANCIAL;-;-;-;-;-;-;-;-;-;127,778;-;-;-;-;-;-;-
DOLK27C005500;BRBMEFCDI638;FINANCIAL;-;-;-;-;-;-;-;-;-;115,864;-;-;-;-;-;-;-
DOLK27C005550;BRBMEFCDI646;FINANCIAL;-;-;-;-;-;-;-;-;-;105,17;-;-;-;-;-;-;-
DOLK27C005600;BRBMEFCDI653;FINANCIAL;-;-;-;-;-;-;-;-;-;95,474;-;-;-;-;-;-;-
DOLK27C005650;BRBMEFCDI661;FINANCIAL;-;-;-;-;-;-;-;-;-;86,692;-;-;-;-;-;-;-
DOLK27C005700;BRBMEFCDI679;FINANCIAL;-;-;-;-;-;-;-;-;-;78,632;-;-;-;-;-;-;-
DOLK27C005750;BRBMEFCDI687;FINANCIAL;-;-;-;-;-;-;-;-;-;71,344;-;-;-;-;-;-;-
DOLK27C005800;BRBMEFCDI695;FINANCIAL;-;-;-;-;-;-;-;-;-;64,756;-;-;-;-;-;-;-
DOLK27C005850;BRBMEFCDI6A1;FINANCIAL;-;-;-;-;-;-;-;-;-;58,903;-;-;-;-;-;-;-
DOLK27C005900;BRBMEFCDI6B9;FINANCIAL;-;-;-;-;-;-;-;-;-;53,525;-;-;-;-;-;-;-
DOLK27C005950;BRBMEFCDI6C7;FINANCIAL;-;-;-;-;-;-;-;-;-;48,757;-;-;-;-;-;-;-
DOLK27C006000;BRBMEFCDI6D5;FINANCIAL;-;-;-;-;-;-;-;-;-;44,37;-;-;-;-;-;-;-
DOLK27C006050;BRBMEFCDI6E3;FINANCIAL;-;-;-;-;-;-;-;-;-;40,487;-;-;-;-;-;-;-
DOLK27C006100;BRBMEFCDI6F0;FINANCIAL;-;-;-;-;-;-;-;-;-;37,054;-;-;-;-;-;-;-
DOLK27C006150;BRBMEFCDI6G8;FINANCIAL;-;-;-;-;-;-;-;-;-;33,882;-;-;-;-;-;-;-
DOLK27C006200;BRBMEFCDI6H6;FINANCIAL;-;-;-;-;-;-;-;-;-;31,015;-;-;-;-;-;-;-
DOLK27C006250;BRBMEFCDI6I4;FINANCIAL;-;-;-;-;-;-;-;-;-;28,547;-;-;-;-;-;-;-
DOLK27C006300;BRBMEFCDI6J2;FINANCIAL;-;-;-;-;-;-;-;-;-;26,371;-;-;-;-;-;-;-
DOLK27C006350;BRBMEFCDI6K0;FINANCIAL;-;-;-;-;-;-;-;-;-;24,452;-;-;-;-;-;-;-
DOLK27C006400;BRBMEFCDI6L8;FINANCIAL;-;-;-;-;-;-;-;-;-;22,658;-;-;-;-;-;-;-
DOLK27C006450;BRBMEFCDI6M6;FINANCIAL;-;-;-;-;-;-;-;-;-;21,077;-;-;-;-;-;-;-
DOLK27C006500;BRBMEFCDI6N4;FINANCIAL;-;-;-;-;-;-;-;-;-;19,686;-;-;-;-;-;-;-
DOLK27C006550;BRBMEFCDI6O2;FINANCIAL;-;-;-;-;-;-;-;-;-;18,372;-;-;-;-;-;-;-
DOLK27C006600;BRBMEFCDI6P9;FINANCIAL;-;-;-;-;-;-;-;-;-;17,217;-;-;-;-;-;-;-
DOLK27C006650;BRBMEFCDI6Q7;FINANCIAL;-;-;-;-;-;-;-;-;-;16,121;-;-;-;-;-;-;-
DOLK27C006700;BRBMEFCDI6R5;FINANCIAL;-;-;-;-;-;-;-;-;-;15,196;-;-;-;-;-;-;-
DOLK27C006750;BRBMEFCDI6S3;FINANCIAL;-;-;-;-;-;-;-;-;-;14,2;-;-;-;-;-;-;-
DOLK27C006800;BRBMEFCDI6T1;FINANCIAL;-;-;-;-;-;-;-;-;-;13,012;-;-;-;-;-;-;-
DOLK27C006850;BRBMEFCDI6U9;FINANCIAL;-;-;-;-;-;-;-;-;-;11,964;-;-;-;-;-;-;-
DOLK27C006900;BRBMEFCDI6V7;FINANCIAL;-;-;-;-;-;-;-;-;-;10,979;-;-;-;-;-;-;-
DOLK27C006950;BRBMEFCDI6W5;FINANCIAL;-;-;-;-;-;-;-;-;-;10,11;-;-;-;-;-;-;-
DOLK27C007000;BRBMEFCDI6X3;FINANCIAL;-;-;-;-;-;-;-;-;-;9,291;-;-;-;-;-;-;-
DOLK27P005300;BRBMEFVDO5X4;FINANCIAL;-;-;-;-;-;-;-;-;-;277,186;-;-;-;-;-;-;-
DOLK27P005350;BRBMEFVDO5Y2;FINANCIAL;-;-;-;-;-;-;-;-;-;308,114;-;-;-;-;-;-;-
DOLK27P005400;BRBMEFVDO5Z9;FINANCIAL;-;-;-;-;-;-;-;-;-;340,41;-;-;-;-;-;-;-
DOLK27P005450;BRBMEFVDO602;FINANCIAL;-;-;-;-;-;-;-;-;-;374,116;-;-;-;-;-;-;-
DOLK27P005500;BRBMEFVDO610;FINANCIAL;-;-;-;-;-;-;-;-;-;408,868;-;-;-;-;-;-;-
DOLK27P005550;BRBMEFVDO628;FINANCIAL;-;-;-;-;-;-;-;-;-;444,84;-;-;-;-;-;-;-
DOLK27P005600;BRBMEFVDO636;FINANCIAL;-;-;-;-;-;-;-;-;-;481,81;-;-;-;-;-;-;-
DOLK27P005650;BRBMEFVDO644;FINANCIAL;-;-;-;-;-;-;-;-;-;519,694;-;-;-;-;-;-;-
DOLK27P005700;BRBMEFVDO651;FINANCIAL;-;-;-;-;-;-;-;-;-;558,3;-;-;-;-;-;-;-
DOLK27P005750;BRBMEFVDO669;FINANCIAL;-;-;-;-;-;-;-;-;-;597,678;-;-;-;-;-;-;-
DOLK27P005800;BRBMEFVDO677;FINANCIAL;-;-;-;-;-;-;-;-;-;637,756;-;-;-;-;-;-;-
DOLK27P005850;BRBMEFVDO685;FINANCIAL;-;-;-;-;-;-;-;-;-;678,569;-;-;-;-;-;-;-
DOLK27P005900;BRBMEFVDO693;FINANCIAL;-;-;-;-;-;-;-;-;-;719,857;-;-;-;-;-;-;-
DOLK27P005950;BRBMEFVDO6A0;FINANCIAL;-;-;-;-;-;-;-;-;-;761,755;-;-;-;-;-;-;-
DOLK27P006000;BRBMEFVDO6B8;FINANCIAL;-;-;-;-;-;-;-;-;-;804,034;-;-;-;-;-;-;-
DOLK27P006050;BRBMEFVDO6C6;FINANCIAL;-;-;-;-;-;-;-;-;-;846,817;-;-;-;-;-;-;-
DOLK27P006100;BRBMEFVDO6D4;FINANCIAL;-;-;-;-;-;-;-;-;-;890,05;-;-;-;-;-;-;-
DOLK27P006150;BRBMEFVDO6E2;FINANCIAL;-;-;-;-;-;-;-;-;-;933,544;-;-;-;-;-;-;-
DOLK27P006200;BRBMEFVDO6F9;FINANCIAL;-;-;-;-;-;-;-;-;-;977,343;-;-;-;-;-;-;-
DOLK27P006250;BRBMEFVDO6G7;FINANCIAL;-;-;-;-;-;-;-;-;-;1021,541;-;-;-;-;-;-;-
DOLK27P006300;BRBMEFVDO6H5;FINANCIAL;-;-;-;-;-;-;-;-;-;1066,031;-;-;-;-;-;-;-
DOLK27P006350;BRBMEFVDO6I3;FINANCIAL;-;-;-;-;-;-;-;-;-;1110,778;-;-;-;-;-;-;-
DOLK27P006400;BRBMEFVDO6J1;FINANCIAL;-;-;-;-;-;-;-;-;-;1155,65;-;-;-;-;-;-;-
DOLK27P006450;BRBMEFVDO6K9;FINANCIAL;-;-;-;-;-;-;-;-;-;1200,735;-;-;-;-;-;-;-
DOLK27P006500;BRBMEFVDO6L7;FINANCIAL;-;-;-;-;-;-;-;-;-;1246,01;-;-;-;-;-;-;-
DOLK27P006550;BRBMEFVDO6M5;FINANCIAL;-;-;-;-;-;-;-;-;-;1291,362;-;-;-;-;-;-;-
DOLK27P006600;BRBMEFVDO6N3;FINANCIAL;-;-;-;-;-;-;-;-;-;1336,873;-;-;-;-;-;-;-
DOLK27P006650;BRBMEFVDO6O1;FINANCIAL;-;-;-;-;-;-;-;-;-;1382,443;-;-;-;-;-;-;-
DOLK27P006700;BRBMEFVDO6P8;FINANCIAL;-;-;-;-;-;-;-;-;-;1428,184;-;-;-;-;-;-;-
DOLK27P006750;BRBMEFVDO6Q6;FINANCIAL;-;-;-;-;-;-;-;-;-;1473,854;-;-;-;-;-;-;-
DOLK27P006800;BRBMEFVDO6R4;FINANCIAL;-;-;-;-;-;-;-;-;-;1519,332;-;-;-;-;-;-;-
DOLK27P006850;BRBMEFVDO6S2;FINANCIAL;-;-;-;-;-;-;-;-;-;1564,95;-;-;-;-;-;-;-
DOLK27P006900;BRBMEFVDO6T0;FINANCIAL;-;-;-;-;-;-;-;-;-;1610,631;-;-;-;-;-;-;-
DOLK27P006950;BRBMEFVDO6U8;FINANCIAL;-;-;-;-;-;-;-;-;-;1656,428;-;-;-;-;-;-;-
DOLK27P007000;BRBMEFVDO6V6;FINANCIAL;-;-;-;-;-;-;-;-;-;1702,275;-;-;-;-;-;-;-
DOLK27C004300;BRBMEFCDI6Y1;FINANCIAL;-;-;-;-;-;-;-;-;-;830,149;-;-;-;-;-;-;-
DOLK27P004300;BRBMEFVDO6W4;FINANCIAL;-;-;-;-;-;-;-;-;-;3,169;-;-;-;-;-;-;-
DOLM27C004900;BRBMEFDM04B6;FINANCIAL;-;-;-;-;-;-;-;-;-;382,027;-;-;-;-;-;-;-
DOLM27C004950;BRBMEFDM04C4;FINANCIAL;-;-;-;-;-;-;-;-;-;352,657;-;-;-;-;-;-;-
DOLM27C005000;BRBMEFDM04D2;FINANCIAL;-;-;-;-;-;-;-;-;-;324,978;-;-;-;-;-;-;-
DOLM27C005050;BRBMEFDM04E0;FINANCIAL;-;-;-;-;-;-;-;-;-;298,983;-;-;-;-;-;-;-
DOLM27C005100;BRBMEFDM04F7;FINANCIAL;-;-;-;-;-;-;-;-;-;274,801;-;-;-;-;-;-;-
DOLM27C005150;BRBMEFDM04G5;FINANCIAL;-;-;-;-;-;-;-;-;-;252,253;-;-;-;-;-;-;-
DOLM27C005200;BRBMEFDM04H3;FINANCIAL;-;-;-;-;-;-;-;-;-;231,292;-;-;-;-;-;-;-
DOLM27C005250;BRBMEFDM04I1;FINANCIAL;-;-;-;-;-;-;-;-;-;211,855;-;-;-;-;-;-;-
DOLM27C005300;BRBMEFDM04J9;FINANCIAL;-;-;-;-;-;-;-;-;-;193,879;-;-;-;-;-;-;-
DOLM27C005350;BRBMEFDM04K7;FINANCIAL;-;-;-;-;-;-;-;-;-;177,445;-;-;-;-;-;-;-
DOLM27C005400;BRBMEFDM04L5;FINANCIAL;-;-;-;-;-;-;-;-;-;162,322;-;-;-;-;-;-;-
DOLM27C005450;BRBMEFDM04M3;FINANCIAL;-;-;-;-;-;-;-;-;-;148,43;-;-;-;-;-;-;-
DOLM27C005500;BRBMEFDM04N1;FINANCIAL;-;-;-;-;-;-;-;-;-;135,691;-;-;-;-;-;-;-
DOLM27P004900;BRBMEFPV04B1;FINANCIAL;-;-;-;-;-;-;-;-;-;95,202;-;-;-;-;-;-;-
DOLM27P004950;BRBMEFPV04C9;FINANCIAL;-;-;-;-;-;-;-;-;-;112,064;-;-;-;-;-;-;-
DOLM27P005000;BRBMEFPV04D7;FINANCIAL;-;-;-;-;-;-;-;-;-;130,617;-;-;-;-;-;-;-
DOLM27P005050;BRBMEFPV04E5;FINANCIAL;-;-;-;-;-;-;-;-;-;150,853;-;-;-;-;-;-;-
DOLM27P005100;BRBMEFPV04F2;FINANCIAL;-;-;-;-;-;-;-;-;-;172,903;-;-;-;-;-;-;-
DOLM27P005150;BRBMEFPV04G0;FINANCIAL;-;-;-;-;-;-;-;-;-;196,587;-;-;-;-;-;-;-
DOLM27P005200;BRBMEFPV04H8;FINANCIAL;-;-;-;-;-;-;-;-;-;221,856;-;-;-;-;-;-;-
DOLM27P005250;BRBMEFPV04I6;FINANCIAL;-;-;-;-;-;-;-;-;-;248,651;-;-;-;-;-;-;-
DOLM27P005300;BRBMEFPV04J4;FINANCIAL;-;-;-;-;-;-;-;-;-;276,907;-;-;-;-;-;-;-
DOLM27P005350;BRBMEFPV04K2;FINANCIAL;-;-;-;-;-;-;-;-;-;306,704;-;-;-;-;-;-;-
DOLM27P005400;BRBMEFPV04L0;FINANCIAL;-;-;-;-;-;-;-;-;-;337,813;-;-;-;-;-;-;-
DOLM27P005450;BRBMEFPV04M8;FINANCIAL;-;-;-;-;-;-;-;-;-;370,153;-;-;-;-;-;-;-
DOLM27P005500;BRBMEFPV04N6;FINANCIAL;-;-;-;-;-;-;-;-;-;403,645;-;-;-;-;-;-;-
DOLH27C006000;BRBMEFPC0290;FINANCIAL;-;-;-;-;-;-;-;-;-;23,419;-;-;-;-;-;-;-
DOLH27P006000;BRBMEFOP02F1;FINANCIAL;-;-;-;-;-;-;-;-;-;851,581;-;-;-;-;-;-;-
DOLM27C005600;BRBMEFDM04O9;FINANCIAL;-;-;-;-;-;-;-;-;-;113,492;-;-;-;-;-;-;-
DOLM27P005600;BRBMEFPV04O4;FINANCIAL;-;-;-;-;-;-;-;-;-;473,909;-;-;-;-;-;-;-
DOLM27C004400;BRBMEFDM04P6;FINANCIAL;-;-;-;-;-;-;-;-;-;758,078;-;-;-;-;-;-;-
DOLM27C006250;BRBMEFDM04Q4;FINANCIAL;-;-;-;-;-;-;-;-;-;36,944;-;-;-;-;-;-;-
DOLM27P004400;BRBMEFPV04P1;FINANCIAL;-;-;-;-;-;-;-;-;-;8,938;-;-;-;-;-;-;-
DOLM27P006250;BRBMEFPV04Q9;FINANCIAL;-;-;-;-;-;-;-;-;-;998,372;-;-;-;-;-;-;-
DOLF31C010000;BRBMEFCE1LP5;FINANCIAL;-;-;-;-;-;-;-;-;-;108,317;-;-;-;-;-;-;-
DOLF31P010000;BRBMEFDE1KV4;FINANCIAL;-;-;-;-;-;-;-;-;-;2336,146;-;-;-;-;-;-;-
DOLF31C005500;BRBMEFCE1LQ3;FINANCIAL;-;-;-;-;-;-;-;-;-;728,075;-;-;-;-;-;-;-
DOLF31P005500;BRBMEFDE1KW2;FINANCIAL;-;-;-;-;-;-;-;-;-;229,764;-;-;-;-;-;-;-
DOLM27C006700;BRBMEFDM04R2;FINANCIAL;-;-;-;-;-;-;-;-;-;19,794;-;-;-;-;-;-;-
DOLM27P006700;BRBMEFPV04R7;FINANCIAL;-;-;-;-;-;-;-;-;-;1397,305;-;-;-;-;-;-;-
DOLN27C004550;BRBMEFCD6EB0;FINANCIAL;-;-;-;-;-;-;-;-;-;655,327;-;-;-;-;-;-;-
DOLN27P004550;BRBMEFVDREB9;FINANCIAL;-;-;-;-;-;-;-;-;-;25,175;-;-;-;-;-;-;-
DOLX26C004725;BRBMEFDC04N2;FINANCIAL;-;-;-;-;-;-;-;-;-;300,81;-;-;-;-;-;-;-
DOLX26C004775;BRBMEFDC04O0;FINANCIAL;-;-;-;-;-;-;-;-;-;255,702;-;-;-;-;-;-;-
DOLX26C004825;BRBMEFDC04P7;FINANCIAL;-;-;-;-;-;-;-;-;-;213,475;-;-;-;-;-;-;-
DOLX26C004875;BRBMEFDC04Q5;FINANCIAL;-;-;-;-;-;-;-;-;-;175,015;-;-;-;-;-;-;-
DOLX26C004925;BRBMEFDC04R3;FINANCIAL;-;-;-;-;-;-;-;-;-;141,02;-;-;-;-;-;-;-
DOLX26C004975;BRBMEFDC04S1;FINANCIAL;-;-;-;-;-;-;-;-;-;111,883;-;-;-;-;-;-;-
DOLX26C005025;BRBMEFDC04T9;FINANCIAL;-;-;-;-;-;-;-;-;-;87,612;-;-;-;-;-;-;-
DOLX26C005075;BRBMEFDC04U7;FINANCIAL;-;-;-;-;-;-;-;-;-;67,799;-;-;-;-;-;-;-
DOLX26C005125;BRBMEFDC04V5;FINANCIAL;-;-;-;-;-;-;-;-;-;52,007;-;-;-;-;-;-;-
DOLX26C005175;BRBMEFDC04W3;FINANCIAL;-;-;-;-;-;-;-;-;-;39,645;-;-;-;-;-;-;-
DOLX26C005225;BRBMEFDC04X1;FINANCIAL;-;-;-;-;-;-;-;-;-;30,071;-;-;-;-;-;-;-
DOLX26C005275;BRBMEFDC04Y9;FINANCIAL;-;-;-;-;-;-;-;-;-;22,735;-;-;-;-;-;-;-
DOLX26C005325;BRBMEFDC04Z6;FINANCIAL;-;-;-;-;-;-;-;-;-;17,162;-;-;-;-;-;-;-
DOLX26C005375;BRBMEFDC0500;FINANCIAL;-;-;-;-;-;-;-;-;-;13,004;-;-;-;-;-;-;-
DOLX26C005425;BRBMEFDC0518;FINANCIAL;-;-;-;-;-;-;-;-;-;10,017;-;-;-;-;-;-;-
DOLX26C005475;BRBMEFDC0526;FINANCIAL;-;-;-;-;-;-;-;-;-;7,827;-;-;-;-;-;-;-
DOLX26C005525;BRBMEFDC0534;FINANCIAL;-;-;-;-;-;-;-;-;-;6,189;-;-;-;-;-;-;-
DOLX26C005575;BRBMEFDC0542;FINANCIAL;-;-;-;-;-;-;-;-;-;4,692;-;-;-;-;-;-;-
DOLX26C005625;BRBMEFDC0559;FINANCIAL;-;-;-;-;-;-;-;-;-;3,509;-;-;-;-;-;-;-
DOLX26C005675;BRBMEFDC0567;FINANCIAL;-;-;-;-;-;-;-;-;-;2,627;-;-;-;-;-;-;-
DOLX26C005725;BRBMEFDC0575;FINANCIAL;-;-;-;-;-;-;-;-;-;1,977;-;-;-;-;-;-;-
DOLX26P004725;BRBMEFVDY759;FINANCIAL;-;-;-;-;-;-;-;-;-;3,778;-;-;-;-;-;-;-
DOLX26P004775;BRBMEFVDY767;FINANCIAL;-;-;-;-;-;-;-;-;-;8,19;-;-;-;-;-;-;-
DOLX26P004825;BRBMEFVDY775;FINANCIAL;-;-;-;-;-;-;-;-;-;15,483;-;-;-;-;-;-;-
DOLX26P004875;BRBMEFVDY783;FINANCIAL;-;-;-;-;-;-;-;-;-;26,542;-;-;-;-;-;-;-
DOLX26P004925;BRBMEFVDY791;FINANCIAL;-;-;-;-;-;-;-;-;-;42,067;-;-;-;-;-;-;-
DOLX26P004975;BRBMEFVDY7A6;FINANCIAL;-;-;-;-;-;-;-;-;-;62,45;-;-;-;-;-;-;-
DOLX26P005025;BRBMEFVDY7B4;FINANCIAL;-;-;-;-;-;-;-;-;-;87,699;-;-;-;-;-;-;-
DOLX26P005075;BRBMEFVDY7C2;FINANCIAL;-;-;-;-;-;-;-;-;-;117,406;-;-;-;-;-;-;-
DOLX26P005125;BRBMEFVDY7D0;FINANCIAL;-;-;-;-;-;-;-;-;-;151,133;-;-;-;-;-;-;-
DOLX26P005175;BRBMEFVDY7E8;FINANCIAL;-;-;-;-;-;-;-;-;-;188,292;-;-;-;-;-;-;-
DOLX26P005225;BRBMEFVDY7F5;FINANCIAL;-;-;-;-;-;-;-;-;-;228,236;-;-;-;-;-;-;-
DOLX26P004675;BRBMEFVDY7T6;FINANCIAL;-;-;-;-;-;-;-;-;-;1,63;-;-;-;-;-;-;-
DOLX26P005775;BRBMEFVDY7U4;FINANCIAL;-;-;-;-;-;-;-;-;-;744,38;-;-;-;-;-;-;-
DOLX26P005825;BRBMEFVDY7V2;FINANCIAL;-;-;-;-;-;-;-;-;-;793,54;-;-;-;-;-;-;-
DOLX26P005875;BRBMEFVDY7W0;FINANCIAL;-;-;-;-;-;-;-;-;-;842,715;-;-;-;-;-;-;-
DOLX26P005925;BRBMEFVDY7X8;FINANCIAL;-;-;-;-;-;-;-;-;-;891,968;-;-;-;-;-;-;-
DOLX26P005975;BRBMEFVDY7Y6;FINANCIAL;-;-;-;-;-;-;-;-;-;941,307;-;-;-;-;-;-;-
DOLZ26C004575;BRBMEFD106I6;FINANCIAL;-;-;-;-;-;-;-;-;-;469,538;-;-;-;-;-;-;-
DOLZ26C004625;BRBMEFD106J4;FINANCIAL;-;-;-;-;-;-;-;-;-;422,214;-;-;-;-;-;-;-
DOLZ26C004675;BRBMEFD106K2;FINANCIAL;-;-;-;-;-;-;-;-;-;376,187;-;-;-;-;-;-;-
DOLZ26C004725;BRBMEFD106L0;FINANCIAL;-;-;-;-;-;-;-;-;-;332,184;-;-;-;-;-;-;-
DOLZ26C004775;BRBMEFD106M8;FINANCIAL;-;-;-;-;-;-;-;-;-;290,355;-;-;-;-;-;-;-
DOLZ26C004825;BRBMEFD106N6;FINANCIAL;-;-;-;-;-;-;-;-;-;251,317;-;-;-;-;-;-;-
DOLZ26C004875;BRBMEFD106O4;FINANCIAL;-;-;-;-;-;-;-;-;-;215,516;-;-;-;-;-;-;-
DOLZ26C004925;BRBMEFD106P1;FINANCIAL;-;-;-;-;-;-;-;-;-;183,166;-;-;-;-;-;-;-
DOLZ26C004975;BRBMEFD106Q9;FINANCIAL;-;-;-;-;-;-;-;-;-;154,526;-;-;-;-;-;-;-
DOLZ26C005025;BRBMEFD106R7;FINANCIAL;-;-;-;-;-;-;-;-;-;129,437;-;-;-;-;-;-;-
DOLZ26C005075;BRBMEFD106S5;FINANCIAL;-;-;-;-;-;-;-;-;-;107,746;-;-;-;-;-;-;-
DOLZ26C005125;BRBMEFD106T3;FINANCIAL;-;-;-;-;-;-;-;-;-;89,361;-;-;-;-;-;-;-
DOLZ26C005175;BRBMEFD106U1;FINANCIAL;-;-;-;-;-;-;-;-;-;73,753;-;-;-;-;-;-;-
DOLZ26C005225;BRBMEFD106V9;FINANCIAL;-;-;-;-;-;-;-;-;-;60,741;-;-;-;-;-;-;-
DOLZ26C005275;BRBMEFD106W7;FINANCIAL;-;-;-;-;-;-;-;-;-;49,981;-;-;-;-;-;-;-
DOLZ26C005325;BRBMEFD106X5;FINANCIAL;-;-;-;-;-;-;-;-;-;41,027;-;-;-;-;-;-;-
DOLZ26C005375;BRBMEFD106Y3;FINANCIAL;-;-;-;-;-;-;-;-;-;33,657;-;-;-;-;-;-;-
DOLZ26C005425;BRBMEFD106Z0;FINANCIAL;-;-;-;-;-;-;-;-;-;27,613;-;-;-;-;-;-;-
DOLZ26C005475;BRBMEFD10705;FINANCIAL;-;-;-;-;-;-;-;-;-;22,712;-;-;-;-;-;-;-
DOLZ26C005525;BRBMEFD10713;FINANCIAL;-;-;-;-;-;-;-;-;-;18,708;-;-;-;-;-;-;-
DOLZ26C005575;BRBMEFD10721;FINANCIAL;-;-;-;-;-;-;-;-;-;15,537;-;-;-;-;-;-;-
DOLZ26C005625;BRBMEFD10739;FINANCIAL;-;-;-;-;-;-;-;-;-;13,058;-;-;-;-;-;-;-
DOLZ26C005675;BRBMEFD10747;FINANCIAL;-;-;-;-;-;-;-;-;-;11,072;-;-;-;-;-;-;-
DOLZ26C005725;BRBMEFD10754;FINANCIAL;-;-;-;-;-;-;-;-;-;9,434;-;-;-;-;-;-;-
DOLZ26C005775;BRBMEFD10762;FINANCIAL;-;-;-;-;-;-;-;-;-;8,098;-;-;-;-;-;-;-
DOLZ26C005825;BRBMEFD10770;FINANCIAL;-;-;-;-;-;-;-;-;-;6,67;-;-;-;-;-;-;-
DOLZ26C005875;BRBMEFD10788;FINANCIAL;-;-;-;-;-;-;-;-;-;5,474;-;-;-;-;-;-;-
DOLZ26C005925;BRBMEFD10796;FINANCIAL;-;-;-;-;-;-;-;-;-;4,511;-;-;-;-;-;-;-
DOLZ26C005975;BRBMEFD107A1;FINANCIAL;-;-;-;-;-;-;-;-;-;3,724;-;-;-;-;-;-;-
DOLZ26P004575;BRBMEFD206H6;FINANCIAL;-;-;-;-;-;-;-;-;-;1,817;-;-;-;-;-;-;-
DOLZ26P004625;BRBMEFD206I4;FINANCIAL;-;-;-;-;-;-;-;-;-;3,546;-;-;-;-;-;-;-
DOLZ26P004675;BRBMEFD206J2;FINANCIAL;-;-;-;-;-;-;-;-;-;6,571;-;-;-;-;-;-;-
DOLZ26P004725;BRBMEFD206K0;FINANCIAL;-;-;-;-;-;-;-;-;-;11,62;-;-;-;-;-;-;-
DOLZ26P004775;BRBMEFD206L8;FINANCIAL;-;-;-;-;-;-;-;-;-;18,844;-;-;-;-;-;-;-
DOLZ26P004825;BRBMEFD206M6;FINANCIAL;-;-;-;-;-;-;-;-;-;28,858;-;-;-;-;-;-;-
DOLZ26P004875;BRBMEFD206N4;FINANCIAL;-;-;-;-;-;-;-;-;-;42,11;-;-;-;-;-;-;-
DOLZ26P004925;BRBMEFD206O2;FINANCIAL;-;-;-;-;-;-;-;-;-;58,812;-;-;-;-;-;-;-
DOLZ26P004975;BRBMEFD206P9;FINANCIAL;-;-;-;-;-;-;-;-;-;79,225;-;-;-;-;-;-;-
DOLZ26P005025;BRBMEFD206Q7;FINANCIAL;-;-;-;-;-;-;-;-;-;103,189;-;-;-;-;-;-;-
DOLZ26P005075;BRBMEFD206R5;FINANCIAL;-;-;-;-;-;-;-;-;-;130,55;-;-;-;-;-;-;-
DOLZ26P005125;BRBMEFD206S3;FINANCIAL;-;-;-;-;-;-;-;-;-;161,218;-;-;-;-;-;-;-
DOLZ26P005175;BRBMEFD206T1;FINANCIAL;-;-;-;-;-;-;-;-;-;194,663;-;-;-;-;-;-;-
DOLZ26P005225;BRBMEFD206U9;FINANCIAL;-;-;-;-;-;-;-;-;-;230,703;-;-;-;-;-;-;-
DOLZ26P005275;BRBMEFD206V7;FINANCIAL;-;-;-;-;-;-;-;-;-;268,995;-;-;-;-;-;-;-
DOLZ26P005325;BRBMEFD206W5;FINANCIAL;-;-;-;-;-;-;-;-;-;309,094;-;-;-;-;-;-;-
DOLZ26P005375;BRBMEFD206X3;FINANCIAL;-;-;-;-;-;-;-;-;-;350,777;-;-;-;-;-;-;-
DOLZ26P005425;BRBMEFD206Y1;FINANCIAL;-;-;-;-;-;-;-;-;-;393,785;-;-;-;-;-;-;-
DOLZ26P005475;BRBMEFD206Z8;FINANCIAL;-;-;-;-;-;-;-;-;-;437,936;-;-;-;-;-;-;-
DOLZ26P005525;BRBMEFD20704;FINANCIAL;-;-;-;-;-;-;-;-;-;482,985;-;-;-;-;-;-;-
DOLZ26P005575;BRBMEFD20712;FINANCIAL;-;-;-;-;-;-;-;-;-;528,867;-;-;-;-;-;-;-
DOLZ26P005625;BRBMEFD20720;FINANCIAL;-;-;-;-;-;-;-;-;-;575,44;-;-;-;-;-;-;-
DOLZ26P005675;BRBMEFD20738;FINANCIAL;-;-;-;-;-;-;-;-;-;622,507;-;-;-;-;-;-;-
DOLZ26P005725;BRBMEFD20746;FINANCIAL;-;-;-;-;-;-;-;-;-;669,921;-;-;-;-;-;-;-
DOLZ26P005775;BRBMEFD20753;FINANCIAL;-;-;-;-;-;-;-;-;-;717,637;-;-;-;-;-;-;-
DOLZ26P005825;BRBMEFD20761;FINANCIAL;-;-;-;-;-;-;-;-;-;765,263;-;-;-;-;-;-;-
DOLZ26P005875;BRBMEFD20779;FINANCIAL;-;-;-;-;-;-;-;-;-;813,118;-;-;-;-;-;-;-
DOLZ26P005925;BRBMEFD20787;FINANCIAL;-;-;-;-;-;-;-;-;-;861,208;-;-;-;-;-;-;-
DOLZ26P005975;BRBMEFD20795;FINANCIAL;-;-;-;-;-;-;-;-;-;909,474;-;-;-;-;-;-;-
WDOZ26C005400;BRBMEF0Z0850;FINANCIAL;-;-;-;-;-;-;-;-;-;30,46;-;-;-;-;-;-;-
WDOZ26P005400;BRBMEF2Z0858;FINANCIAL;-;-;-;-;-;-;-;-;-;372,105;-;-;-;-;-;-;-
WDOJ27C006100;BRBMEF0409Q8;FINANCIAL;-;-;-;-;-;-;-;-;-;27,665;-;-;-;-;-;-;-
WDOJ27P006100;BRBMEF9409Q9;FINANCIAL;-;-;-;-;-;-;-;-;-;912,884;-;-;-;-;-;-;-
WDOJ27C005950;BRBMEF040AF7;FINANCIAL;-;-;-;-;-;-;-;-;-;37,178;-;-;-;-;-;-;-
WDOJ27P005950;BRBMEF940AF8;FINANCIAL;-;-;-;-;-;-;-;-;-;780,997;-;-;-;-;-;-;-
WDOJ27C006450;BRBMEF040AG5;FINANCIAL;-;-;-;-;-;-;-;-;-;15,675;-;-;-;-;-;-;-
WDOJ27P006450;BRBMEF940AG6;FINANCIAL;-;-;-;-;-;-;-;-;-;1230,826;-;-;-;-;-;-;-
WDOX26C005250;BRBMEF0Y07R1;FINANCIAL;-;-;-;-;-;-;-;-;-;26,136;-;-;-;-;-;-;-
WDOX26P005250;BRBMEF2Y07R7;FINANCIAL;-;-;-;-;-;-;-;-;-;249,061;-;-;-;-;-;-;-
WDOX26C005200;BRBMEF0Y07S9;FINANCIAL;-;-;-;-;-;-;-;-;-;34,567;-;-;-;-;-;-;-
WDOX26P005200;BRBMEF2Y07S5;FINANCIAL;-;-;-;-;-;-;-;-;-;207,973;-;-;-;-;-;-;-
WDOX26C005000;BRBMEF0Y07T7;FINANCIAL;-;-;-;-;-;-;-;-;-;99,138;-;-;-;-;-;-;-
WDOX26C005050;BRBMEF0Y07U5;FINANCIAL;-;-;-;-;-;-;-;-;-;77,148;-;-;-;-;-;-;-
WDOX26C005100;BRBMEF0Y07V3;FINANCIAL;-;-;-;-;-;-;-;-;-;59,442;-;-;-;-;-;-;-
WDOX26C005150;BRBMEF0Y07W1;FINANCIAL;-;-;-;-;-;-;-;-;-;45,466;-;-;-;-;-;-;-
WDOX26C005300;BRBMEF0Y07X9;FINANCIAL;-;-;-;-;-;-;-;-;-;19,739;-;-;-;-;-;-;-
WDOX26C005350;BRBMEF0Y07Y7;FINANCIAL;-;-;-;-;-;-;-;-;-;14,923;-;-;-;-;-;-;-
WDOX26C005400;BRBMEF0Y07Z4;FINANCIAL;-;-;-;-;-;-;-;-;-;11,384;-;-;-;-;-;-;-
WDOX26C005450;BRBMEF0Y0802;FINANCIAL;-;-;-;-;-;-;-;-;-;8,847;-;-;-;-;-;-;-
WDOX26C005500;BRBMEF0Y0810;FINANCIAL;-;-;-;-;-;-;-;-;-;6,954;-;-;-;-;-;-;-
WDOX26C005550;BRBMEF0Y0828;FINANCIAL;-;-;-;-;-;-;-;-;-;5,427;-;-;-;-;-;-;-
WDOX26C005600;BRBMEF0Y0836;FINANCIAL;-;-;-;-;-;-;-;-;-;4,057;-;-;-;-;-;-;-
WDOX26C005650;BRBMEF0Y0844;FINANCIAL;-;-;-;-;-;-;-;-;-;3,035;-;-;-;-;-;-;-
WDOX26C005700;BRBMEF0Y0851;FINANCIAL;-;-;-;-;-;-;-;-;-;2,282;-;-;-;-;-;-;-
WDOX26C005750;BRBMEF0Y0869;FINANCIAL;-;-;-;-;-;-;-;-;-;1,719;-;-;-;-;-;-;-
WDOX26C005800;BRBMEF0Y0877;FINANCIAL;-;-;-;-;-;-;-;-;-;1,304;-;-;-;-;-;-;-
WDOX26C005850;BRBMEF0Y0885;FINANCIAL;-;-;-;-;-;-;-;-;-;0,968;-;-;-;-;-;-;-
WDOX26C005900;BRBMEF0Y0893;FINANCIAL;-;-;-;-;-;-;-;-;-;0,646;-;-;-;-;-;-;-
WDOX26C005950;BRBMEF0Y08A5;FINANCIAL;-;-;-;-;-;-;-;-;-;0,426;-;-;-;-;-;-;-
WDOX26C006000;BRBMEF0Y08B3;FINANCIAL;-;-;-;-;-;-;-;-;-;0,278;-;-;-;-;-;-;-
WDOX26P005000;BRBMEF2Y07T3;FINANCIAL;65,07;65,07;65,07;65,07;65,07;-;-;-;-;74,465;-;-;-;-;1;10;6507
WDOX26P005050;BRBMEF2Y07U1;FINANCIAL;-;-;-;-;-;-;-;-;-;101,995;-;-;-;-;-;-;-
WDOX26P005100;BRBMEF2Y07V9;FINANCIAL;117,13;117,13;117,13;117,13;117,13;-;-;-;-;133,809;-;-;-;-;1;10;11713
WDOX26P005150;BRBMEF2Y07W7;FINANCIAL;-;-;-;-;-;-;-;-;-;169,352;-;-;-;-;-;-;-
WDOX26P005300;BRBMEF2Y07X5;FINANCIAL;-;-;-;-;-;-;-;-;-;292,184;-;-;-;-;-;-;-
WDOX26P005350;BRBMEF2Y07Y3;FINANCIAL;-;-;-;-;-;-;-;-;-;336,888;-;-;-;-;-;-;-
WDOX26P005400;BRBMEF2Y07Z0;FINANCIAL;-;-;-;-;-;-;-;-;-;382,869;-;-;-;-;-;-;-
WDOX26P005450;BRBMEF2Y0800;FINANCIAL;-;-;-;-;-;-;-;-;-;429,852;-;-;-;-;-;-;-
WDOX26P005500;BRBMEF2Y0818;FINANCIAL;-;-;-;-;-;-;-;-;-;477,478;-;-;-;-;-;-;-
WDOX26P005550;BRBMEF2Y0826;FINANCIAL;-;-;-;-;-;-;-;-;-;525,471;-;-;-;-;-;-;-
WDOX26P005600;BRBMEF2Y0834;FINANCIAL;-;-;-;-;-;-;-;-;-;573,621;-;-;-;-;-;-;-
WDOX26P005650;BRBMEF2Y0842;FINANCIAL;-;-;-;-;-;-;-;-;-;622,119;-;-;-;-;-;-;-
WDOX26P005700;BRBMEF2Y0859;FINANCIAL;-;-;-;-;-;-;-;-;-;670,885;-;-;-;-;-;-;-
WDOX26P005750;BRBMEF2Y0867;FINANCIAL;-;-;-;-;-;-;-;-;-;719,843;-;-;-;-;-;-;-
WDOX26P005800;BRBMEF2Y0875;FINANCIAL;-;-;-;-;-;-;-;-;-;768,947;-;-;-;-;-;-;-
WDOX26P005850;BRBMEF2Y0883;FINANCIAL;-;-;-;-;-;-;-;-;-;818,131;-;-;-;-;-;-;-
WDOX26P005900;BRBMEF2Y0891;FINANCIAL;-;-;-;-;-;-;-;-;-;867,329;-;-;-;-;-;-;-
WDOX26P005950;BRBMEF2Y08A1;FINANCIAL;-;-;-;-;-;-;-;-;-;916,629;-;-;-;-;-;-;-
WDOX26P006000;BRBMEF2Y08B9;FINANCIAL;-;-;-;-;-;-;-;-;-;966;-;-;-;-;-;-;-
WDOX26C005175;BRBMEF0Y08C1;FINANCIAL;-;-;-;-;-;-;-;-;-;39,645;-;-;-;-;-;-;-
WDOX26C005225;BRBMEF0Y08D9;FINANCIAL;-;-;-;-;-;-;-;-;-;30,071;-;-;-;-;-;-;-
WDOX26C005275;BRBMEF0Y08E7;FINANCIAL;-;-;-;-;-;-;-;-;-;22,735;-;-;-;-;-;-;-
WDOX26C005325;BRBMEF0Y08F4;FINANCIAL;-;-;-;-;-;-;-;-;-;17,162;-;-;-;-;-;-;-
WDOX26C005375;BRBMEF0Y08G2;FINANCIAL;-;-;-;-;-;-;-;-;-;13,004;-;-;-;-;-;-;-
WDOX26C005425;BRBMEF0Y08H0;FINANCIAL;-;-;-;-;-;-;-;-;-;10,017;-;-;-;-;-;-;-
WDOX26C005475;BRBMEF0Y08I8;FINANCIAL;-;-;-;-;-;-;-;-;-;7,827;-;-;-;-;-;-;-
WDOX26P005175;BRBMEF2Y08C7;FINANCIAL;-;-;-;-;-;-;-;-;-;188,292;-;-;-;-;-;-;-
WDOX26P005225;BRBMEF2Y08D5;FINANCIAL;-;-;-;-;-;-;-;-;-;228,236;-;-;-;-;-;-;-
WDOX26P005275;BRBMEF2Y08E3;FINANCIAL;-;-;-;-;-;-;-;-;-;270,421;-;-;-;-;-;-;-
WDOX26P005325;BRBMEF2Y08F0;FINANCIAL;-;-;-;-;-;-;-;-;-;314,368;-;-;-;-;-;-;-
WDOX26P005375;BRBMEF2Y08G8;FINANCIAL;-;-;-;-;-;-;-;-;-;359,729;-;-;-;-;-;-;-
WDOX26P005425;BRBMEF2Y08H6;FINANCIAL;-;-;-;-;-;-;-;-;-;406,262;-;-;-;-;-;-;-
WDOX26P005475;BRBMEF2Y08I4;FINANCIAL;-;-;-;-;-;-;-;-;-;453,592;-;-;-;-;-;-;-
WDOF27C005250;BRBMEF010C53;FINANCIAL;-;-;-;-;-;-;-;-;-;87,294;-;-;-;-;-;-;-
WDOF27C005800;BRBMEF010C61;FINANCIAL;-;-;-;-;-;-;-;-;-;16,771;-;-;-;-;-;-;-
WDOF27P005250;BRBMEF210C51;FINANCIAL;-;-;-;-;-;-;-;-;-;253,428;-;-;-;-;-;-;-
WDOF27P005800;BRBMEF210C69;FINANCIAL;-;-;-;-;-;-;-;-;-;716,666;-;-;-;-;-;-;-
WDOZ26C005250;BRBMEF0Z08F1;FINANCIAL;-;-;-;-;-;-;-;-;-;55,109;-;-;-;-;-;-;-
WDOZ26C005600;BRBMEF0Z08G9;FINANCIAL;-;-;-;-;-;-;-;-;-;14,252;-;-;-;-;-;-;-
WDOZ26P005250;BRBMEF2Z08F7;FINANCIAL;-;-;-;-;-;-;-;-;-;249,597;-;-;-;-;-;-;-
WDOZ26P005600;BRBMEF2Z08G5;FINANCIAL;-;-;-;-;-;-;-;-;-;552,108;-;-;-;-;-;-;-
WDOH27C005750;BRBMEF030AP7;FINANCIAL;-;-;-;-;-;-;-;-;-;40,895;-;-;-;-;-;-;-
WDOH27P005750;BRBMEF930AP8;FINANCIAL;-;-;-;-;-;-;-;-;-;630,88;-;-;-;-;-;-;-
WDOF27C005300;BRBMEF010C79;FINANCIAL;-;-;-;-;-;-;-;-;-;74,91;-;-;-;-;-;-;-
WDOF27C005400;BRBMEF010C87;FINANCIAL;-;-;-;-;-;-;-;-;-;55,105;-;-;-;-;-;-;-
WDOF27P005300;BRBMEF210C77;FINANCIAL;-;-;-;-;-;-;-;-;-;289,568;-;-;-;-;-;-;-
WDOF27P005400;BRBMEF210C85;FINANCIAL;-;-;-;-;-;-;-;-;-;366,81;-;-;-;-;-;-;-
WDOZ26C005300;BRBMEF0Z08H7;FINANCIAL;-;-;-;-;-;-;-;-;-;45,319;-;-;-;-;-;-;-
WDOZ26P005300;BRBMEF2Z08H3;FINANCIAL;-;-;-;-;-;-;-;-;-;288,859;-;-;-;-;-;-;-
WDOH27C005400;BRBMEF030AQ5;FINANCIAL;-;-;-;-;-;-;-;-;-;94,461;-;-;-;-;-;-;-
WDOH27P005400;BRBMEF930AQ6;FINANCIAL;-;-;-;-;-;-;-;-;-;350,996;-;-;-;-;-;-;-
WDOZ26C005275;BRBMEF0Z08I5;FINANCIAL;-;-;-;-;-;-;-;-;-;49,981;-;-;-;-;-;-;-
WDOZ26C005325;BRBMEF0Z08J3;FINANCIAL;-;-;-;-;-;-;-;-;-;41,027;-;-;-;-;-;-;-
WDOZ26C005350;BRBMEF0Z08K1;FINANCIAL;-;-;-;-;-;-;-;-;-;37,133;-;-;-;-;-;-;-
WDOZ26C005375;BRBMEF0Z08L9;FINANCIAL;-;-;-;-;-;-;-;-;-;33,657;-;-;-;-;-;-;-
WDOZ26C005425;BRBMEF0Z08M7;FINANCIAL;-;-;-;-;-;-;-;-;-;27,613;-;-;-;-;-;-;-
WDOZ26C005450;BRBMEF0Z08N5;FINANCIAL;-;-;-;-;-;-;-;-;-;25,039;-;-;-;-;-;-;-
WDOZ26C005475;BRBMEF0Z08O3;FINANCIAL;-;-;-;-;-;-;-;-;-;22,712;-;-;-;-;-;-;-
WDOZ26C005500;BRBMEF0Z08P0;FINANCIAL;-;-;-;-;-;-;-;-;-;20,608;-;-;-;-;-;-;-
WDOZ26P005275;BRBMEF2Z08I1;FINANCIAL;-;-;-;-;-;-;-;-;-;268,995;-;-;-;-;-;-;-
WDOZ26P005325;BRBMEF2Z08J9;FINANCIAL;-;-;-;-;-;-;-;-;-;309,094;-;-;-;-;-;-;-
WDOZ26P005350;BRBMEF2Z08K7;FINANCIAL;-;-;-;-;-;-;-;-;-;329,727;-;-;-;-;-;-;-
WDOZ26P005375;BRBMEF2Z08L5;FINANCIAL;-;-;-;-;-;-;-;-;-;350,777;-;-;-;-;-;-;-
WDOZ26P005425;BRBMEF2Z08M3;FINANCIAL;-;-;-;-;-;-;-;-;-;393,785;-;-;-;-;-;-;-
WDOZ26P005450;BRBMEF2Z08N1;FINANCIAL;-;-;-;-;-;-;-;-;-;415,737;-;-;-;-;-;-;-
WDOZ26P005475;BRBMEF2Z08O9;FINANCIAL;-;-;-;-;-;-;-;-;-;437,936;-;-;-;-;-;-;-
WDOZ26P005500;BRBMEF2Z08P6;FINANCIAL;-;-;-;-;-;-;-;-;-;460,359;-;-;-;-;-;-;-
WDOZ26C005175;BRBMEF0Z08Q8;FINANCIAL;-;-;-;-;-;-;-;-;-;73,753;-;-;-;-;-;-;-
WDOZ26C005200;BRBMEF0Z08R6;FINANCIAL;-;-;-;-;-;-;-;-;-;66,988;-;-;-;-;-;-;-
WDOZ26P005175;BRBMEF2Z08Q4;FINANCIAL;-;-;-;-;-;-;-;-;-;194,663;-;-;-;-;-;-;-
WDOZ26P005200;BRBMEF2Z08R2;FINANCIAL;-;-;-;-;-;-;-;-;-;212,424;-;-;-;-;-;-;-
ISPZ26C004200;BRBMEFCSIYR0;FINANCIAL;-;-;-;-;-;-;-;-;-;3541,89;-;-;-;-;-;-;-
ISPZ26C005000;BRBMEFCSIYS8;FINANCIAL;-;-;-;-;-;-;-;-;-;2762,09;-;-;-;-;-;-;-
ISPZ26C005500;BRBMEFCSIYT6;FINANCIAL;-;-;-;-;-;-;-;-;-;2275,25;-;-;-;-;-;-;-
ISPZ26P004200;BRBMEFVSIYR0;FINANCIAL;-;-;-;-;-;-;-;-;-;0,01;-;-;-;-;-;-;-
ISPZ26P005000;BRBMEFVSIYS8;FINANCIAL;-;-;-;-;-;-;-;-;-;0,03;-;-;-;-;-;-;-
ISPZ26P005500;BRBMEFVSIYT6;FINANCIAL;-;-;-;-;-;-;-;-;-;0,58;-;-;-;-;-;-;-
ISPZ26C006300;BRBMEFCSIZ31;FINANCIAL;-;-;-;-;-;-;-;-;-;1509,27;-;-;-;-;-;-;-
ISPZ26P006300;BRBMEFVSIZ38;FINANCIAL;-;-;-;-;-;-;-;-;-;14,43;-;-;-;-;-;-;-
ISPZ26C005200;BRBMEFCSN0H5;FINANCIAL;-;-;-;-;-;-;-;-;-;2567,22;-;-;-;-;-;-;-
ISPZ26C005300;BRBMEFCSN0I3;FINANCIAL;-;-;-;-;-;-;-;-;-;2469,83;-;-;-;-;-;-;-
ISPZ26C005400;BRBMEFCSN0J1;FINANCIAL;-;-;-;-;-;-;-;-;-;2372,49;-;-;-;-;-;-;-
ISPZ26C005600;BRBMEFCSN0K9;FINANCIAL;-;-;-;-;-;-;-;-;-;2178,13;-;-;-;-;-;-;-
ISPZ26C005700;BRBMEFCSN0L7;FINANCIAL;-;-;-;-;-;-;-;-;-;2081,19;-;-;-;-;-;-;-
ISPZ26C005800;BRBMEFCSN0M5;FINANCIAL;-;-;-;-;-;-;-;-;-;1984,52;-;-;-;-;-;-;-
ISPZ26C005900;BRBMEFCSN0N3;FINANCIAL;-;-;-;-;-;-;-;-;-;1888,2;-;-;-;-;-;-;-
ISPZ26C006000;BRBMEFCSN0O1;FINANCIAL;-;-;-;-;-;-;-;-;-;1792,36;-;-;-;-;-;-;-
ISPZ26C006100;BRBMEFCSN0P8;FINANCIAL;-;-;-;-;-;-;-;-;-;1697,14;-;-;-;-;-;-;-
ISPZ26C006200;BRBMEFCSN0Q6;FINANCIAL;-;-;-;-;-;-;-;-;-;1602,71;-;-;-;-;-;-;-
ISPZ26C006400;BRBMEFCSN0R4;FINANCIAL;-;-;-;-;-;-;-;-;-;1417,05;-;-;-;-;-;-;-
ISPZ26C006500;BRBMEFCSN0S2;FINANCIAL;-;-;-;-;-;-;-;-;-;1322,52;-;-;-;-;-;-;-
ISPZ26C006600;BRBMEFCSN0T0;FINANCIAL;-;-;-;-;-;-;-;-;-;1227,53;-;-;-;-;-;-;-
ISPZ26C006700;BRBMEFCSN0U8;FINANCIAL;-;-;-;-;-;-;-;-;-;1133,15;-;-;-;-;-;-;-
ISPZ26C006800;BRBMEFCSN0V6;FINANCIAL;-;-;-;-;-;-;-;-;-;1039,48;-;-;-;-;-;-;-
ISPZ26C006900;BRBMEFCSN0W4;FINANCIAL;-;-;-;-;-;-;-;-;-;946,82;-;-;-;-;-;-;-
ISPZ26P005200;BRBMEFVSN0H2;FINANCIAL;-;-;-;-;-;-;-;-;-;0,11;-;-;-;-;-;-;-
ISPZ26P005300;BRBMEFVSN0I0;FINANCIAL;-;-;-;-;-;-;-;-;-;0,2;-;-;-;-;-;-;-
ISPZ26P005400;BRBMEFVSN0J8;FINANCIAL;-;-;-;-;-;-;-;-;-;0,35;-;-;-;-;-;-;-
ISPZ26P005600;BRBMEFVSN0K6;FINANCIAL;-;-;-;-;-;-;-;-;-;0,94;-;-;-;-;-;-;-
ISPZ26P005700;BRBMEFVSN0L4;FINANCIAL;-;-;-;-;-;-;-;-;-;1,48;-;-;-;-;-;-;-
ISPZ26P005800;BRBMEFVSN0M2;FINANCIAL;-;-;-;-;-;-;-;-;-;2,29;-;-;-;-;-;-;-
ISPZ26P005900;BRBMEFVSN0N0;FINANCIAL;-;-;-;-;-;-;-;-;-;3,45;-;-;-;-;-;-;-
ISPZ26P006000;BRBMEFVSN0O8;FINANCIAL;-;-;-;-;-;-;-;-;-;5,09;-;-;-;-;-;-;-
ISPZ26P006100;BRBMEFVSN0P5;FINANCIAL;-;-;-;-;-;-;-;-;-;7,34;-;-;-;-;-;-;-
ISPZ26P006200;BRBMEFVSN0Q3;FINANCIAL;-;-;-;-;-;-;-;-;-;10,39;-;-;-;-;-;-;-
ISPZ26P006400;BRBMEFVSN0R1;FINANCIAL;-;-;-;-;-;-;-;-;-;19,69;-;-;-;-;-;-;-
ISPZ26P006500;BRBMEFVSN0S9;FINANCIAL;-;-;-;-;-;-;-;-;-;22,64;-;-;-;-;-;-;-
ISPZ26P006600;BRBMEFVSN0T7;FINANCIAL;-;-;-;-;-;-;-;-;-;25,13;-;-;-;-;-;-;-
ISPZ26P006700;BRBMEFVSN0U5;FINANCIAL;-;-;-;-;-;-;-;-;-;28,23;-;-;-;-;-;-;-
ISPZ26P006800;BRBMEFVSN0V3;FINANCIAL;-;-;-;-;-;-;-;-;-;32,04;-;-;-;-;-;-;-
ISPZ26P006900;BRBMEFVSN0W1;FINANCIAL;-;-;-;-;-;-;-;-;-;36,86;-;-;-;-;-;-;-
ISPZ26C007000;BRBMEFCSN2K5;FINANCIAL;-;-;-;-;-;-;-;-;-;854,68;-;-;-;-;-;-;-
ISPZ26C007100;BRBMEFCSN2L3;FINANCIAL;-;-;-;-;-;-;-;-;-;763,71;-;-;-;-;-;-;-
ISPZ26C007200;BRBMEFCSN2M1;FINANCIAL;-;-;-;-;-;-;-;-;-;674,57;-;-;-;-;-;-;-
ISPZ26C007300;BRBMEFCSN2N9;FINANCIAL;-;-;-;-;-;-;-;-;-;587,6;-;-;-;-;-;-;-
ISPZ26C007400;BRBMEFCSN2O7;FINANCIAL;-;-;-;-;-;-;-;-;-;503,62;-;-;-;-;-;-;-
ISPZ26C007500;BRBMEFCSN2P4;FINANCIAL;-;-;-;-;-;-;-;-;-;422,88;-;-;-;-;-;-;-
ISPZ26P007000;BRBMEFVSN2K2;FINANCIAL;-;-;-;-;-;-;-;-;-;42,19;-;-;-;-;-;-;-
ISPZ26P007100;BRBMEFVSN2L0;FINANCIAL;-;-;-;-;-;-;-;-;-;48,7;-;-;-;-;-;-;-
ISPZ26P007200;BRBMEFVSN2M8;FINANCIAL;-;-;-;-;-;-;-;-;-;57,04;-;-;-;-;-;-;-
ISPZ26P007300;BRBMEFVSN2N6;FINANCIAL;-;-;-;-;-;-;-;-;-;67,55;-;-;-;-;-;-;-
ISPZ26P007400;BRBMEFVSN2O4;FINANCIAL;-;-;-;-;-;-;-;-;-;81,05;-;-;-;-;-;-;-
ISPZ26P007500;BRBMEFVSN2P1;FINANCIAL;96;96;96;96;96;-;-;-;-;97,79;-;-;-;-;1;3;71955,36
ISPM27C006400;BRBMEFCSN3A4;FINANCIAL;-;-;-;-;-;-;-;-;-;1551,73;-;-;-;-;-;-;-
ISPM27C006500;BRBMEFCSN3B2;FINANCIAL;-;-;-;-;-;-;-;-;-;1467,68;-;-;-;-;-;-;-
ISPM27C006600;BRBMEFCSN3C0;FINANCIAL;-;-;-;-;-;-;-;-;-;1384,47;-;-;-;-;-;-;-
ISPM27C006700;BRBMEFCSN3D8;FINANCIAL;-;-;-;-;-;-;-;-;-;1302,18;-;-;-;-;-;-;-
ISPM27C006800;BRBMEFCSN3E6;FINANCIAL;-;-;-;-;-;-;-;-;-;1221,08;-;-;-;-;-;-;-
ISPM27C006900;BRBMEFCSN3F3;FINANCIAL;-;-;-;-;-;-;-;-;-;1141,17;-;-;-;-;-;-;-
ISPM27C007000;BRBMEFCSN3G1;FINANCIAL;-;-;-;-;-;-;-;-;-;1062,58;-;-;-;-;-;-;-
ISPM27C007100;BRBMEFCSN3H9;FINANCIAL;-;-;-;-;-;-;-;-;-;985,63;-;-;-;-;-;-;-
ISPM27C007200;BRBMEFCSN3I7;FINANCIAL;-;-;-;-;-;-;-;-;-;910,33;-;-;-;-;-;-;-
ISPM27C007300;BRBMEFCSN3J5;FINANCIAL;-;-;-;-;-;-;-;-;-;836,27;-;-;-;-;-;-;-
ISPM27C007400;BRBMEFCSN3K3;FINANCIAL;-;-;-;-;-;-;-;-;-;763,14;-;-;-;-;-;-;-
ISPM27C007500;BRBMEFCSN3L1;FINANCIAL;-;-;-;-;-;-;-;-;-;692,31;-;-;-;-;-;-;-
ISPM27C007600;BRBMEFCSN3M9;FINANCIAL;-;-;-;-;-;-;-;-;-;623,81;-;-;-;-;-;-;-
ISPM27C007700;BRBMEFCSN3N7;FINANCIAL;-;-;-;-;-;-;-;-;-;557,88;-;-;-;-;-;-;-
ISPM27C007800;BRBMEFCSN3O5;FINANCIAL;-;-;-;-;-;-;-;-;-;495,02;-;-;-;-;-;-;-
ISPM27P006400;BRBMEFVSN3A1;FINANCIAL;-;-;-;-;-;-;-;-;-;87,55;-;-;-;-;-;-;-
ISPM27P006500;BRBMEFVSN3B9;FINANCIAL;-;-;-;-;-;-;-;-;-;95,4;-;-;-;-;-;-;-
ISPM27P006600;BRBMEFVSN3C7;FINANCIAL;-;-;-;-;-;-;-;-;-;104,08;-;-;-;-;-;-;-
ISPM27P006700;BRBMEFVSN3D5;FINANCIAL;-;-;-;-;-;-;-;-;-;113,7;-;-;-;-;-;-;-
ISPM27P006800;BRBMEFVSN3E3;FINANCIAL;-;-;-;-;-;-;-;-;-;124,5;-;-;-;-;-;-;-
ISPM27P006900;BRBMEFVSN3F0;FINANCIAL;-;-;-;-;-;-;-;-;-;136,49;-;-;-;-;-;-;-
ISPM27P007000;BRBMEFVSN3G8;FINANCIAL;-;-;-;-;-;-;-;-;-;149,79;-;-;-;-;-;-;-
ISPM27P007100;BRBMEFVSN3H6;FINANCIAL;-;-;-;-;-;-;-;-;-;164,74;-;-;-;-;-;-;-
ISPM27P007200;BRBMEFVSN3I4;FINANCIAL;-;-;-;-;-;-;-;-;-;181,34;-;-;-;-;-;-;-
ISPM27P007300;BRBMEFVSN3J2;FINANCIAL;-;-;-;-;-;-;-;-;-;199,18;-;-;-;-;-;-;-
ISPM27P007400;BRBMEFVSN3K0;FINANCIAL;-;-;-;-;-;-;-;-;-;217,95;-;-;-;-;-;-;-
ISPM27P007500;BRBMEFVSN3L8;FINANCIAL;-;-;-;-;-;-;-;-;-;239,02;-;-;-;-;-;-;-
ISPM27P007600;BRBMEFVSN3M6;FINANCIAL;-;-;-;-;-;-;-;-;-;262,42;-;-;-;-;-;-;-
ISPM27P007700;BRBMEFVSN3N4;FINANCIAL;-;-;-;-;-;-;-;-;-;288,39;-;-;-;-;-;-;-
ISPM27P007800;BRBMEFVSN3O2;FINANCIAL;-;-;-;-;-;-;-;-;-;317,43;-;-;-;-;-;-;-
ISPV26C007500;BRBMEFCSN3Q0;FINANCIAL;-;-;-;-;-;-;-;-;-;349,63;-;-;-;-;-;-;-
ISPV26P007500;BRBMEFVSN3Q7;FINANCIAL;-;-;-;-;-;-;-;-;-;17,48;-;-;-;-;-;-;-
ISPZ26C007050;BRBMEFCSN3R8;FINANCIAL;-;-;-;-;-;-;-;-;-;808,98;-;-;-;-;-;-;-
ISPZ26C007150;BRBMEFCSN3S6;FINANCIAL;-;-;-;-;-;-;-;-;-;718,86;-;-;-;-;-;-;-
ISPZ26C007250;BRBMEFCSN3T4;FINANCIAL;-;-;-;-;-;-;-;-;-;630,73;-;-;-;-;-;-;-
ISPZ26C007350;BRBMEFCSN3U2;FINANCIAL;-;-;-;-;-;-;-;-;-;545,16;-;-;-;-;-;-;-
ISPZ26C007450;BRBMEFCSN3V0;FINANCIAL;-;-;-;-;-;-;-;-;-;462,86;-;-;-;-;-;-;-
ISPZ26C007550;BRBMEFCSN3W8;FINANCIAL;-;-;-;-;-;-;-;-;-;383,88;-;-;-;-;-;-;-
ISPZ26C007600;BRBMEFCSN3X6;FINANCIAL;-;-;-;-;-;-;-;-;-;346,1;-;-;-;-;-;-;-
ISPZ26C007650;BRBMEFCSN3Y4;FINANCIAL;-;-;-;-;-;-;-;-;-;309,67;-;-;-;-;-;-;-
ISPZ26C007700;BRBMEFCSN3Z1;FINANCIAL;-;-;-;-;-;-;-;-;-;275,02;-;-;-;-;-;-;-
ISPZ26C007750;BRBMEFCSN404;FINANCIAL;-;-;-;-;-;-;-;-;-;241,92;-;-;-;-;-;-;-
ISPZ26C007800;BRBMEFCSN412;FINANCIAL;-;-;-;-;-;-;-;-;-;210,78;-;-;-;-;-;-;-
ISPZ26C007850;BRBMEFCSN420;FINANCIAL;-;-;-;-;-;-;-;-;-;181,63;-;-;-;-;-;-;-
ISPZ26C007900;BRBMEFCSN438;FINANCIAL;-;-;-;-;-;-;-;-;-;155,42;-;-;-;-;-;-;-
ISPZ26C007950;BRBMEFCSN446;FINANCIAL;-;-;-;-;-;-;-;-;-;131,57;-;-;-;-;-;-;-
ISPZ26C008000;BRBMEFCSN453;FINANCIAL;-;-;-;-;-;-;-;-;-;109,74;-;-;-;-;-;-;-
ISPZ26C008050;BRBMEFCSN461;FINANCIAL;-;-;-;-;-;-;-;-;-;91,48;-;-;-;-;-;-;-
ISPZ26C008100;BRBMEFCSN479;FINANCIAL;-;-;-;-;-;-;-;-;-;75,18;-;-;-;-;-;-;-
ISPZ26C008150;BRBMEFCSN487;FINANCIAL;-;-;-;-;-;-;-;-;-;61,13;-;-;-;-;-;-;-
ISPZ26C008200;BRBMEFCSN495;FINANCIAL;-;-;-;-;-;-;-;-;-;50,18;-;-;-;-;-;-;-
ISPZ26C008250;BRBMEFCSN4A2;FINANCIAL;-;-;-;-;-;-;-;-;-;40,91;-;-;-;-;-;-;-
ISPZ26C008300;BRBMEFCSN4B0;FINANCIAL;-;-;-;-;-;-;-;-;-;32,96;-;-;-;-;-;-;-
ISPZ26C008350;BRBMEFCSN4C8;FINANCIAL;-;-;-;-;-;-;-;-;-;26,29;-;-;-;-;-;-;-
ISPZ26C008400;BRBMEFCSN4D6;FINANCIAL;-;-;-;-;-;-;-;-;-;20,82;-;-;-;-;-;-;-
ISPZ26C008450;BRBMEFCSN4E4;FINANCIAL;-;-;-;-;-;-;-;-;-;17,1;-;-;-;-;-;-;-
ISPZ26C008500;BRBMEFCSN4F1;FINANCIAL;-;-;-;-;-;-;-;-;-;14,36;-;-;-;-;-;-;-
ISPZ26P007050;BRBMEFVSN3R5;FINANCIAL;-;-;-;-;-;-;-;-;-;45,23;-;-;-;-;-;-;-
ISPZ26P007150;BRBMEFVSN3S3;FINANCIAL;-;-;-;-;-;-;-;-;-;52,59;-;-;-;-;-;-;-
ISPZ26P007250;BRBMEFVSN3T1;FINANCIAL;-;-;-;-;-;-;-;-;-;61,94;-;-;-;-;-;-;-
ISPZ26P007350;BRBMEFVSN3U9;FINANCIAL;-;-;-;-;-;-;-;-;-;73,85;-;-;-;-;-;-;-
ISPZ26P007450;BRBMEFVSN3V7;FINANCIAL;-;-;-;-;-;-;-;-;-;89,03;-;-;-;-;-;-;-
ISPZ26P007550;BRBMEFVSN3W5;FINANCIAL;-;-;-;-;-;-;-;-;-;107,53;-;-;-;-;-;-;-
ISPZ26P007600;BRBMEFVSN3X3;FINANCIAL;-;-;-;-;-;-;-;-;-;118,48;-;-;-;-;-;-;-
ISPZ26P007650;BRBMEFVSN3Y1;FINANCIAL;-;-;-;-;-;-;-;-;-;130,8;-;-;-;-;-;-;-
ISPZ26P007700;BRBMEFVSN3Z8;FINANCIAL;-;-;-;-;-;-;-;-;-;144,89;-;-;-;-;-;-;-
ISPZ26P007750;BRBMEFVSN404;FINANCIAL;-;-;-;-;-;-;-;-;-;160,52;-;-;-;-;-;-;-
ISPZ26P007800;BRBMEFVSN412;FINANCIAL;-;-;-;-;-;-;-;-;-;178,13;-;-;-;-;-;-;-
ISPZ26P007850;BRBMEFVSN420;FINANCIAL;-;-;-;-;-;-;-;-;-;197,72;-;-;-;-;-;-;-
ISPZ26P007900;BRBMEFVSN438;FINANCIAL;-;-;-;-;-;-;-;-;-;220,25;-;-;-;-;-;-;-
ISPZ26P007950;BRBMEFVSN446;FINANCIAL;-;-;-;-;-;-;-;-;-;245,13;-;-;-;-;-;-;-
ISPZ26P008000;BRBMEFVSN453;FINANCIAL;-;-;-;-;-;-;-;-;-;272,04;-;-;-;-;-;-;-
ISPZ26P008050;BRBMEFVSN461;FINANCIAL;-;-;-;-;-;-;-;-;-;302,52;-;-;-;-;-;-;-
ISPZ26P008100;BRBMEFVSN479;FINANCIAL;-;-;-;-;-;-;-;-;-;334,96;-;-;-;-;-;-;-
ISPZ26P008150;BRBMEFVSN487;FINANCIAL;-;-;-;-;-;-;-;-;-;369,65;-;-;-;-;-;-;-
ISPZ26P008200;BRBMEFVSN495;FINANCIAL;-;-;-;-;-;-;-;-;-;407,44;-;-;-;-;-;-;-
ISPZ26P008250;BRBMEFVSN4A9;FINANCIAL;-;-;-;-;-;-;-;-;-;446,9;-;-;-;-;-;-;-
ISPZ26P008300;BRBMEFVSN4B7;FINANCIAL;-;-;-;-;-;-;-;-;-;487,7;-;-;-;-;-;-;-
ISPZ26P008350;BRBMEFVSN4C5;FINANCIAL;-;-;-;-;-;-;-;-;-;529,77;-;-;-;-;-;-;-
ISPZ26P008400;BRBMEFVSN4D3;FINANCIAL;-;-;-;-;-;-;-;-;-;573,04;-;-;-;-;-;-;-
ISPZ26P008450;BRBMEFVSN4E1;FINANCIAL;-;-;-;-;-;-;-;-;-;618,06;-;-;-;-;-;-;-
ISPZ26P008500;BRBMEFVSN4F8;FINANCIAL;-;-;-;-;-;-;-;-;-;664,05;-;-;-;-;-;-;-
ISPV26C007710;BRBMEFCSN4G9;FINANCIAL;-;-;-;-;-;-;-;-;-;165,08;-;-;-;-;-;-;-
ISPV26P007710;BRBMEFVSN4G6;FINANCIAL;-;-;-;-;-;-;-;-;-;42,08;-;-;-;-;-;-;-
IDIF27C544000;BRBMEFCIAW83;FINANCIAL;-;-;-;-;-;-;-;-;-;6385,6;-;-;-;-;-;-;-
IDIF27C545000;BRBMEFCIAW91;FINANCIAL;-;-;-;-;-;-;-;-;-;5415,13;-;-;-;-;-;-;-
IDIF27C547300;BRBMEFCIAWA8;FINANCIAL;-;-;-;-;-;-;-;-;-;3183,04;-;-;-;-;-;-;-
IDIF27C548000;BRBMEFCIAWB6;FINANCIAL;-;-;-;-;-;-;-;-;-;2503,71;-;-;-;-;-;-;-
IDIF27C550000;BRBMEFCIAWC4;FINANCIAL;-;-;-;-;-;-;-;-;-;563,07;-;-;-;-;-;-;-
IDIF27C555000;BRBMEFCIAWD2;FINANCIAL;-;-;-;-;-;-;-;-;-;0,01;-;-;-;-;-;-;-
IDIF27P544000;BRBMEFVI1W81;FINANCIAL;-;-;-;-;-;-;-;-;-;0,01;-;-;-;-;-;-;-
IDIF27P545000;BRBMEFVI1W99;FINANCIAL;-;-;-;-;-;-;-;-;-;0,01;-;-;-;-;-;-;-
IDIF27P547300;BRBMEFVI1WA7;FINANCIAL;-;-;-;-;-;-;-;-;-;0,01;-;-;-;-;-;-;-
IDIF27P548000;BRBMEFVI1WB5;FINANCIAL;-;-;-;-;-;-;-;-;-;0,01;-;-;-;-;-;-;-
IDIF27P550000;BRBMEFVI1WC3;FINANCIAL;-;-;-;-;-;-;-;-;-;0,31;-;-;-;-;-;-;-
IDIF27P555000;BRBMEFVI1WD1;FINANCIAL;-;-;-;-;-;-;-;-;-;4289,62;-;-;-;-;-;-;-
D13F27C001250;BRBMEFD302S0;FINANCIAL;-;-;-;-;-;-;-;-;-;408,45;-;-;-;-;-;-;-
D13F27C001275;BRBMEFD302T8;FINANCIAL;-;-;-;-;-;-;-;-;-;332,64;-;-;-;-;-;-;-
D13F27C001300;BRBMEFD302U6;FINANCIAL;-;-;-;-;-;-;-;-;-;270,3;-;-;-;-;-;-;-
D13F27C001325;BRBMEFD302V4;FINANCIAL;-;-;-;-;-;-;-;-;-;221,37;-;-;-;-;-;-;-
D13F27C001350;BRBMEFD302W2;FINANCIAL;-;-;-;-;-;-;-;-;-;181,93;-;-;-;-;-;-;-
D13F27C001375;BRBMEFD302X0;FINANCIAL;-;-;-;-;-;-;-;-;-;150,14;-;-;-;-;-;-;-
D13F27C001400;BRBMEFD302Y8;FINANCIAL;-;-;-;-;-;-;-;-;-;124,31;-;-;-;-;-;-;-
D13F27C001425;BRBMEFD302Z5;FINANCIAL;-;-;-;-;-;-;-;-;-;103,65;-;-;-;-;-;-;-
D13F27C001450;BRBMEFD30307;FINANCIAL;-;-;-;-;-;-;-;-;-;87,03;-;-;-;-;-;-;-
D13F27C001475;BRBMEFD30315;FINANCIAL;-;-;-;-;-;-;-;-;-;73,81;-;-;-;-;-;-;-
D13F27C001500;BRBMEFD30323;FINANCIAL;-;-;-;-;-;-;-;-;-;63,13;-;-;-;-;-;-;-
D13F27C001525;BRBMEFD30331;FINANCIAL;-;-;-;-;-;-;-;-;-;54,76;-;-;-;-;-;-;-
D13F27C001550;BRBMEFD30349;FINANCIAL;-;-;-;-;-;-;-;-;-;48,01;-;-;-;-;-;-;-
D13F27C001575;BRBMEFD30356;FINANCIAL;-;-;-;-;-;-;-;-;-;42,61;-;-;-;-;-;-;-
D13F27C001600;BRBMEFD30364;FINANCIAL;-;-;-;-;-;-;-;-;-;38,16;-;-;-;-;-;-;-
D13F27P001250;BRBMEFP30285;FINANCIAL;-;-;-;-;-;-;-;-;-;420,51;-;-;-;-;-;-;-
D13F27P001275;BRBMEFP30293;FINANCIAL;-;-;-;-;-;-;-;-;-;535,31;-;-;-;-;-;-;-
D13F27P001300;BRBMEFP302A4;FINANCIAL;-;-;-;-;-;-;-;-;-;662,73;-;-;-;-;-;-;-
D13F27P001325;BRBMEFP302B2;FINANCIAL;-;-;-;-;-;-;-;-;-;802,73;-;-;-;-;-;-;-
D13F27P001350;BRBMEFP302C0;FINANCIAL;-;-;-;-;-;-;-;-;-;951,38;-;-;-;-;-;-;-
D13F27P001375;BRBMEFP302D8;FINANCIAL;-;-;-;-;-;-;-;-;-;1106,86;-;-;-;-;-;-;-
D13F27P001400;BRBMEFP302E6;FINANCIAL;-;-;-;-;-;-;-;-;-;1267,48;-;-;-;-;-;-;-
D13F27P001425;BRBMEFP302F3;FINANCIAL;-;-;-;-;-;-;-;-;-;1432,46;-;-;-;-;-;-;-
D13F27P001450;BRBMEFP302G1;FINANCIAL;-;-;-;-;-;-;-;-;-;1600,66;-;-;-;-;-;-;-
D13F27P001475;BRBMEFP302H9;FINANCIAL;-;-;-;-;-;-;-;-;-;1771,48;-;-;-;-;-;-;-
D13F27P001500;BRBMEFP302I7;FINANCIAL;-;-;-;-;-;-;-;-;-;1944,01;-;-;-;-;-;-;-
D13F27P001525;BRBMEFP302J5;FINANCIAL;-;-;-;-;-;-;-;-;-;2118,08;-;-;-;-;-;-;-
D13F27P001550;BRBMEFP302K3;FINANCIAL;-;-;-;-;-;-;-;-;-;2292,97;-;-;-;-;-;-;-
D13F27P001575;BRBMEFP302L1;FINANCIAL;-;-;-;-;-;-;-;-;-;2468,43;-;-;-;-;-;-;-
D13F27P001600;BRBMEFP302M9;FINANCIAL;-;-;-;-;-;-;-;-;-;2644,07;-;-;-;-;-;-;-
IDIF27C544500;BRBMEFCIAWU6;FINANCIAL;-;-;-;-;-;-;-;-;-;5900,37;-;-;-;-;-;-;-
IDIF27C545500;BRBMEFCIAWV4;FINANCIAL;-;-;-;-;-;-;-;-;-;4929,89;-;-;-;-;-;-;-
IDIF27C546000;BRBMEFCIAWW2;FINANCIAL;-;-;-;-;-;-;-;-;-;4444,66;-;-;-;-;-;-;-
IDIF27C546500;BRBMEFCIAWX0;FINANCIAL;-;-;-;-;-;-;-;-;-;3959,42;-;-;-;-;-;-;-
IDIF27C547000;BRBMEFCIAWY8;FINANCIAL;-;-;-;-;-;-;-;-;-;3474,18;-;-;-;-;-;-;-
IDIF27P544500;BRBMEFVI1WU5;FINANCIAL;-;-;-;-;-;-;-;-;-;0,01;-;-;-;-;-;-;-
IDIF27P545500;BRBMEFVI1WV3;FINANCIAL;-;-;-;-;-;-;-;-;-;0,01;-;-;-;-;-;-;-
IDIF27P546000;BRBMEFVI1WW1;FINANCIAL;-;-;-;-;-;-;-;-;-;0,01;-;-;-;-;-;-;-
IDIF27P546500;BRBMEFVI1WX9;FINANCIAL;-;-;-;-;-;-;-;-;-;0,01;-;-;-;-;-;-;-
IDIF27P547000;BRBMEFVI1WY7;FINANCIAL;-;-;-;-;-;-;-;-;-;0,01;-;-;-;-;-;-;-
IDIN28C657500;BRBMEFCICHU3;FINANCIAL;-;-;-;-;-;-;-;-;-;4226,22;-;-;-;-;-;-;-
IDIN28C657800;BRBMEFCICHV1;FINANCIAL;-;-;-;-;-;-;-;-;-;4129,69;-;-;-;-;-;-;-
IDIN28C658000;BRBMEFCICHX7;FINANCIAL;-;-;-;-;-;-;-;-;-;4066,17;-;-;-;-;-;-;-
IDIN28C660000;BRBMEFCICHY5;FINANCIAL;-;-;-;-;-;-;-;-;-;3479,81;-;-;-;-;-;-;-
IDIN28C662000;BRBMEFCICHZ2;FINANCIAL;-;-;-;-;-;-;-;-;-;2969,59;-;-;-;-;-;-;-
IDIN28C664000;BRBMEFCICI06;FINANCIAL;-;-;-;-;-;-;-;-;-;2527,52;-;-;-;-;-;-;-
IDIN28C666000;BRBMEFCICI14;FINANCIAL;-;-;-;-;-;-;-;-;-;2150,06;-;-;-;-;-;-;-
IDIN28C667000;BRBMEFCICHW9;FINANCIAL;-;-;-;-;-;-;-;-;-;1981,76;-;-;-;-;-;-;-
IDIN28C668000;BRBMEFCICI22;FINANCIAL;-;-;-;-;-;-;-;-;-;1826,61;-;-;-;-;-;-;-
IDIN28C670000;BRBMEFCICI30;FINANCIAL;-;-;-;-;-;-;-;-;-;1551,13;-;-;-;-;-;-;-
IDIN28C672000;BRBMEFCICI48;FINANCIAL;-;-;-;-;-;-;-;-;-;1317,13;-;-;-;-;-;-;-
IDIN28C674000;BRBMEFCICI55;FINANCIAL;-;-;-;-;-;-;-;-;-;1118,08;-;-;-;-;-;-;-
IDIN28C676000;BRBMEFCICI63;FINANCIAL;-;-;-;-;-;-;-;-;-;948,78;-;-;-;-;-;-;-
IDIN28C678000;BRBMEFCICI71;FINANCIAL;-;-;-;-;-;-;-;-;-;807,05;-;-;-;-;-;-;-
IDIN28C680000;BRBMEFCICI89;FINANCIAL;-;-;-;-;-;-;-;-;-;686,49;-;-;-;-;-;-;-
IDIN28C682000;BRBMEFCICI97;FINANCIAL;-;-;-;-;-;-;-;-;-;585,09;-;-;-;-;-;-;-
IDIN28C684000;BRBMEFCICIA3;FINANCIAL;-;-;-;-;-;-;-;-;-;498,75;-;-;-;-;-;-;-
IDIN28C686000;BRBMEFCICIB1;FINANCIAL;-;-;-;-;-;-;-;-;-;426,02;-;-;-;-;-;-;-
IDIN28C688000;BRBMEFCICIC9;FINANCIAL;-;-;-;-;-;-;-;-;-;364,74;-;-;-;-;-;-;-
IDIN28C690000;BRBMEFCICID7;FINANCIAL;-;-;-;-;-;-;-;-;-;312,52;-;-;-;-;-;-;-
IDIN28C692000;BRBMEFCICIE5;FINANCIAL;-;-;-;-;-;-;-;-;-;268,04;-;-;-;-;-;-;-
IDIN28C694000;BRBMEFCICIF2;FINANCIAL;-;-;-;-;-;-;-;-;-;230,57;-;-;-;-;-;-;-
IDIN28C696000;BRBMEFCICIG0;FINANCIAL;-;-;-;-;-;-;-;-;-;198,82;-;-;-;-;-;-;-
IDIN28C698000;BRBMEFCICIH8;FINANCIAL;-;-;-;-;-;-;-;-;-;171,7;-;-;-;-;-;-;-
IDIN28C700000;BRBMEFCICII6;FINANCIAL;-;-;-;-;-;-;-;-;-;148,51;-;-;-;-;-;-;-
IDIN28C702000;BRBMEFCICIJ4;FINANCIAL;-;-;-;-;-;-;-;-;-;128,68;-;-;-;-;-;-;-
IDIN28C704000;BRBMEFCICIK2;FINANCIAL;-;-;-;-;-;-;-;-;-;111,68;-;-;-;-;-;-;-
IDIN28C706000;BRBMEFCICIL0;FINANCIAL;-;-;-;-;-;-;-;-;-;97,1;-;-;-;-;-;-;-
IDIN28C708000;BRBMEFCICIM8;FINANCIAL;-;-;-;-;-;-;-;-;-;84,58;-;-;-;-;-;-;-
IDIN28C710000;BRBMEFCICIN6;FINANCIAL;-;-;-;-;-;-;-;-;-;73,84;-;-;-;-;-;-;-
IDIN28C712000;BRBMEFCICIO4;FINANCIAL;-;-;-;-;-;-;-;-;-;64,6;-;-;-;-;-;-;-
IDIN28C714000;BRBMEFCICIP1;FINANCIAL;-;-;-;-;-;-;-;-;-;51,83;-;-;-;-;-;-;-
IDIN28C716000;BRBMEFCICIQ9;FINANCIAL;-;-;-;-;-;-;-;-;-;40,75;-;-;-;-;-;-;-
IDIN28C718000;BRBMEFCICIR7;FINANCIAL;-;-;-;-;-;-;-;-;-;31,89;-;-;-;-;-;-;-
IDIN28C720000;BRBMEFCICIS5;FINANCIAL;-;-;-;-;-;-;-;-;-;24,84;-;-;-;-;-;-;-
IDIN28C722000;BRBMEFCICIT3;FINANCIAL;-;-;-;-;-;-;-;-;-;19,26;-;-;-;-;-;-;-
IDIN28C724000;BRBMEFCICIU1;FINANCIAL;-;-;-;-;-;-;-;-;-;14,86;-;-;-;-;-;-;-
IDIN28C726000;BRBMEFCICIV9;FINANCIAL;-;-;-;-;-;-;-;-;-;11,42;-;-;-;-;-;-;-
IDIN28C728000;BRBMEFCICIW7;FINANCIAL;-;-;-;-;-;-;-;-;-;8,73;-;-;-;-;-;-;-
IDIN28C730000;BRBMEFCICIX5;FINANCIAL;-;-;-;-;-;-;-;-;-;6,64;-;-;-;-;-;-;-
IDIN28C732000;BRBMEFCICIY3;FINANCIAL;-;-;-;-;-;-;-;-;-;5,03;-;-;-;-;-;-;-
IDIN28C734000;BRBMEFCICIZ0;FINANCIAL;-;-;-;-;-;-;-;-;-;3,8;-;-;-;-;-;-;-
IDIN28C736000;BRBMEFCICJ05;FINANCIAL;-;-;-;-;-;-;-;-;-;2,85;-;-;-;-;-;-;-
IDIN28C738000;BRBMEFCICJ13;FINANCIAL;-;-;-;-;-;-;-;-;-;2,13;-;-;-;-;-;-;-
IDIN28C740000;BRBMEFCICJ21;FINANCIAL;-;-;-;-;-;-;-;-;-;1,59;-;-;-;-;-;-;-
IDIN28C742000;BRBMEFCICJ39;FINANCIAL;-;-;-;-;-;-;-;-;-;1,18;-;-;-;-;-;-;-
IDIN28C744000;BRBMEFCICJ47;FINANCIAL;-;-;-;-;-;-;-;-;-;0,87;-;-;-;-;-;-;-
IDIN28C746000;BRBMEFCICJ54;FINANCIAL;-;-;-;-;-;-;-;-;-;0,64;-;-;-;-;-;-;-
IDIN28C748000;BRBMEFCICJ62;FINANCIAL;-;-;-;-;-;-;-;-;-;0,47;-;-;-;-;-;-;-
IDIN28C750000;BRBMEFCICJ70;FINANCIAL;-;-;-;-;-;-;-;-;-;0,34;-;-;-;-;-;-;-
IDIN28P657500;BRBMEFVI2HU4;FINANCIAL;-;-;-;-;-;-;-;-;-;5712,19;-;-;-;-;-;-;-
IDIN28P657800;BRBMEFVI2HV2;FINANCIAL;-;-;-;-;-;-;-;-;-;5860,14;-;-;-;-;-;-;-
IDIN28P658000;BRBMEFVI2HX8;FINANCIAL;-;-;-;-;-;-;-;-;-;5959,61;-;-;-;-;-;-;-
IDIN28P660000;BRBMEFVI2HY6;FINANCIAL;-;-;-;-;-;-;-;-;-;7003,09;-;-;-;-;-;-;-
IDIN28P662000;BRBMEFVI2HZ3;FINANCIAL;-;-;-;-;-;-;-;-;-;8122,71;-;-;-;-;-;-;-
IDIN28P664000;BRBMEFVI2I05;FINANCIAL;-;-;-;-;-;-;-;-;-;9310,47;-;-;-;-;-;-;-
IDIN28P666000;BRBMEFVI2I13;FINANCIAL;-;-;-;-;-;-;-;-;-;10562,86;-;-;-;-;-;-;-
IDIN28P667000;BRBMEFVI2HW0;FINANCIAL;-;-;-;-;-;-;-;-;-;11209,47;-;-;-;-;-;-;-
IDIN28P668000;BRBMEFVI2I21;FINANCIAL;-;-;-;-;-;-;-;-;-;11869,25;-;-;-;-;-;-;-
IDIN28P670000;BRBMEFVI2I39;FINANCIAL;-;-;-;-;-;-;-;-;-;13223,6;-;-;-;-;-;-;-
IDIN28P672000;BRBMEFVI2I47;FINANCIAL;-;-;-;-;-;-;-;-;-;14619,44;-;-;-;-;-;-;-
IDIN28P674000;BRBMEFVI2I54;FINANCIAL;-;-;-;-;-;-;-;-;-;16050,23;-;-;-;-;-;-;-
IDIN28P676000;BRBMEFVI2I62;FINANCIAL;-;-;-;-;-;-;-;-;-;17510,78;-;-;-;-;-;-;-
IDIN28P678000;BRBMEFVI2I70;FINANCIAL;-;-;-;-;-;-;-;-;-;18998,88;-;-;-;-;-;-;-
IDIN28P680000;BRBMEFVI2I88;FINANCIAL;-;-;-;-;-;-;-;-;-;20508,16;-;-;-;-;-;-;-
IDIN28P682000;BRBMEFVI2I96;FINANCIAL;-;-;-;-;-;-;-;-;-;22036,6;-;-;-;-;-;-;-
IDIN28P684000;BRBMEFVI2IA4;FINANCIAL;-;-;-;-;-;-;-;-;-;23580,1;-;-;-;-;-;-;-
IDIN28P686000;BRBMEFVI2IB2;FINANCIAL;-;-;-;-;-;-;-;-;-;25137,21;-;-;-;-;-;-;-
IDIN28P688000;BRBMEFVI2IC0;FINANCIAL;-;-;-;-;-;-;-;-;-;26705,77;-;-;-;-;-;-;-
IDIN28P690000;BRBMEFVI2ID8;FINANCIAL;-;-;-;-;-;-;-;-;-;28283,38;-;-;-;-;-;-;-
IDIN28P692000;BRBMEFVI2IE6;FINANCIAL;-;-;-;-;-;-;-;-;-;29868,75;-;-;-;-;-;-;-
IDIN28P694000;BRBMEFVI2IF3;FINANCIAL;-;-;-;-;-;-;-;-;-;31461,12;-;-;-;-;-;-;-
IDIN28P696000;BRBMEFVI2IG1;FINANCIAL;-;-;-;-;-;-;-;-;-;33059,2;-;-;-;-;-;-;-
IDIN28P698000;BRBMEFVI2IH9;FINANCIAL;-;-;-;-;-;-;-;-;-;34661,92;-;-;-;-;-;-;-
IDIN28P700000;BRBMEFVI2II7;FINANCIAL;-;-;-;-;-;-;-;-;-;36268,57;-;-;-;-;-;-;-
IDIN28P702000;BRBMEFVI2IJ5;FINANCIAL;-;-;-;-;-;-;-;-;-;37878,59;-;-;-;-;-;-;-
IDIN28P704000;BRBMEFVI2IK3;FINANCIAL;-;-;-;-;-;-;-;-;-;39491,42;-;-;-;-;-;-;-
IDIN28P706000;BRBMEFVI2IL1;FINANCIAL;-;-;-;-;-;-;-;-;-;41106,68;-;-;-;-;-;-;-
IDIN28P708000;BRBMEFVI2IM9;FINANCIAL;-;-;-;-;-;-;-;-;-;42724,01;-;-;-;-;-;-;-
IDIN28P710000;BRBMEFVI2IN7;FINANCIAL;-;-;-;-;-;-;-;-;-;44343,1;-;-;-;-;-;-;-
IDIN28P712000;BRBMEFVI2IO5;FINANCIAL;-;-;-;-;-;-;-;-;-;45963,7;-;-;-;-;-;-;-
IDIN28P714000;BRBMEFVI2IP2;FINANCIAL;-;-;-;-;-;-;-;-;-;47580,77;-;-;-;-;-;-;-
IDIN28P716000;BRBMEFVI2IQ0;FINANCIAL;-;-;-;-;-;-;-;-;-;49199,53;-;-;-;-;-;-;-
IDIN28P718000;BRBMEFVI2IR8;FINANCIAL;-;-;-;-;-;-;-;-;-;50820,51;-;-;-;-;-;-;-
IDIN28P720000;BRBMEFVI2IS6;FINANCIAL;-;-;-;-;-;-;-;-;-;52443,3;-;-;-;-;-;-;-
IDIN28P722000;BRBMEFVI2IT4;FINANCIAL;-;-;-;-;-;-;-;-;-;54067,55;-;-;-;-;-;-;-
IDIN28P724000;BRBMEFVI2IU2;FINANCIAL;-;-;-;-;-;-;-;-;-;55693;-;-;-;-;-;-;-
IDIN28P726000;BRBMEFVI2IV0;FINANCIAL;-;-;-;-;-;-;-;-;-;57319,39;-;-;-;-;-;-;-
IDIN28P728000;BRBMEFVI2IW8;FINANCIAL;-;-;-;-;-;-;-;-;-;58946,55;-;-;-;-;-;-;-
IDIN28P730000;BRBMEFVI2IX6;FINANCIAL;-;-;-;-;-;-;-;-;-;60574,3;-;-;-;-;-;-;-
IDIN28P732000;BRBMEFVI2IY4;FINANCIAL;-;-;-;-;-;-;-;-;-;62202,53;-;-;-;-;-;-;-
IDIN28P734000;BRBMEFVI2IZ1;FINANCIAL;-;-;-;-;-;-;-;-;-;63831,13;-;-;-;-;-;-;-
IDIN28P736000;BRBMEFVI2J04;FINANCIAL;-;-;-;-;-;-;-;-;-;65460,03;-;-;-;-;-;-;-
IDIN28P738000;BRBMEFVI2J12;FINANCIAL;-;-;-;-;-;-;-;-;-;67089,14;-;-;-;-;-;-;-
IDIN28P740000;BRBMEFVI2J20;FINANCIAL;-;-;-;-;-;-;-;-;-;68718,44;-;-;-;-;-;-;-
IDIN28P742000;BRBMEFVI2J38;FINANCIAL;-;-;-;-;-;-;-;-;-;70347,87;-;-;-;-;-;-;-
IDIN28P744000;BRBMEFVI2J46;FINANCIAL;-;-;-;-;-;-;-;-;-;71977,4;-;-;-;-;-;-;-
IDIN28P746000;BRBMEFVI2J53;FINANCIAL;-;-;-;-;-;-;-;-;-;73607,01;-;-;-;-;-;-;-
IDIN28P748000;BRBMEFVI2J61;FINANCIAL;-;-;-;-;-;-;-;-;-;75236,68;-;-;-;-;-;-;-
IDIN28P750000;BRBMEFVI2J79;FINANCIAL;-;-;-;-;-;-;-;-;-;76866,39;-;-;-;-;-;-;-
D11F27C001400;BRBMEFCD1DZ2;FINANCIAL;-;-;-;-;-;-;-;-;-;17,62;-;-;-;-;-;-;-
D11F27C001425;BRBMEFCD1E01;FINANCIAL;-;-;-;-;-;-;-;-;-;12,11;-;-;-;-;-;-;-
D11F27C001450;BRBMEFCD1E19;FINANCIAL;-;-;-;-;-;-;-;-;-;8,4;-;-;-;-;-;-;-
D11F27C001475;BRBMEFCD1E27;FINANCIAL;-;-;-;-;-;-;-;-;-;5,9;-;-;-;-;-;-;-
D11F27C001500;BRBMEFCD1E35;FINANCIAL;-;-;-;-;-;-;-;-;-;4,07;-;-;-;-;-;-;-
D11F27P001400;BRBMEFVD1DL9;FINANCIAL;-;-;-;-;-;-;-;-;-;217,46;-;-;-;-;-;-;-
D11F27P001425;BRBMEFVD1DM7;FINANCIAL;-;-;-;-;-;-;-;-;-;261;-;-;-;-;-;-;-
D11F27P001450;BRBMEFVD1DN5;FINANCIAL;-;-;-;-;-;-;-;-;-;306,2;-;-;-;-;-;-;-
D11F27P001475;BRBMEFVD1DO3;FINANCIAL;-;-;-;-;-;-;-;-;-;352,49;-;-;-;-;-;-;-
D11F27P001500;BRBMEFVD1DP0;FINANCIAL;-;-;-;-;-;-;-;-;-;399,32;-;-;-;-;-;-;-
IDIF27C553900;BRBMEFCIAX09;FINANCIAL;-;-;-;-;-;-;-;-;-;0,01;-;-;-;-;-;-;-
IDIF27P553900;BRBMEFVI1X07;FINANCIAL;-;-;-;-;-;-;-;-;-;3222,09;-;-;-;-;-;-;-
IDIN27C588100;BRBMEFCICJA1;FINANCIAL;-;-;-;-;-;-;-;-;-;371,6;-;-;-;-;-;-;-
IDIN27P588100;BRBMEFVI2JA2;FINANCIAL;-;-;-;-;-;-;-;-;-;4222,06;-;-;-;-;-;-;-
IDIF27C547400;BRBMEFCIAX17;FINANCIAL;-;-;-;-;-;-;-;-;-;3085,99;-;-;-;-;-;-;-
IDIF27C547500;BRBMEFCIAX25;FINANCIAL;-;-;-;-;-;-;-;-;-;2988,94;-;-;-;-;-;-;-
IDIF27C547600;BRBMEFCIAX33;FINANCIAL;-;-;-;-;-;-;-;-;-;2891,9;-;-;-;-;-;-;-
IDIF27C547700;BRBMEFCIAX41;FINANCIAL;-;-;-;-;-;-;-;-;-;2794,85;-;-;-;-;-;-;-
IDIF27C547800;BRBMEFCIAX58;FINANCIAL;-;-;-;-;-;-;-;-;-;2697,8;-;-;-;-;-;-;-
IDIF27C547900;BRBMEFCIAX66;FINANCIAL;-;-;-;-;-;-;-;-;-;2600,75;-;-;-;-;-;-;-
IDIF27C548100;BRBMEFCIAX74;FINANCIAL;-;-;-;-;-;-;-;-;-;2406,66;-;-;-;-;-;-;-
IDIF27C548200;BRBMEFCIAX82;FINANCIAL;-;-;-;-;-;-;-;-;-;2309,61;-;-;-;-;-;-;-
IDIF27C548300;BRBMEFCIAX90;FINANCIAL;-;-;-;-;-;-;-;-;-;2212,56;-;-;-;-;-;-;-
IDIF27C548400;BRBMEFCIAXA6;FINANCIAL;-;-;-;-;-;-;-;-;-;2115,52;-;-;-;-;-;-;-
IDIF27C548500;BRBMEFCIAXB4;FINANCIAL;-;-;-;-;-;-;-;-;-;2018,47;-;-;-;-;-;-;-
IDIF27C548600;BRBMEFCIAXC2;FINANCIAL;-;-;-;-;-;-;-;-;-;1921,42;-;-;-;-;-;-;-
IDIF27C548700;BRBMEFCIAXD0;FINANCIAL;-;-;-;-;-;-;-;-;-;1824,37;-;-;-;-;-;-;-
IDIF27C548800;BRBMEFCIAXE8;FINANCIAL;-;-;-;-;-;-;-;-;-;1727,33;-;-;-;-;-;-;-
IDIF27C548900;BRBMEFCIAXF5;FINANCIAL;-;-;-;-;-;-;-;-;-;1630,28;-;-;-;-;-;-;-
IDIF27C549000;BRBMEFCIAXG3;FINANCIAL;-;-;-;-;-;-;-;-;-;1533,23;-;-;-;-;-;-;-
IDIF27C549100;BRBMEFCIAXH1;FINANCIAL;-;-;-;-;-;-;-;-;-;1436,18;-;-;-;-;-;-;-
IDIF27C549200;BRBMEFCIAXI9;FINANCIAL;-;-;-;-;-;-;-;-;-;1339,14;-;-;-;-;-;-;-
IDIF27C549300;BRBMEFCIAXJ7;FINANCIAL;-;-;-;-;-;-;-;-;-;1242,09;-;-;-;-;-;-;-
IDIF27P547400;BRBMEFVI1X15;FINANCIAL;-;-;-;-;-;-;-;-;-;0,01;-;-;-;-;-;-;-
IDIF27P547500;BRBMEFVI1X23;FINANCIAL;-;-;-;-;-;-;-;-;-;0,01;-;-;-;-;-;-;-
IDIF27P547600;BRBMEFVI1X31;FINANCIAL;-;-;-;-;-;-;-;-;-;0,01;-;-;-;-;-;-;-
IDIF27P547700;BRBMEFVI1X49;FINANCIAL;-;-;-;-;-;-;-;-;-;0,01;-;-;-;-;-;-;-
IDIF27P547800;BRBMEFVI1X56;FINANCIAL;-;-;-;-;-;-;-;-;-;0,01;-;-;-;-;-;-;-
IDIF27P547900;BRBMEFVI1X64;FINANCIAL;-;-;-;-;-;-;-;-;-;0,01;-;-;-;-;-;-;-
IDIF27P548100;BRBMEFVI1X72;FINANCIAL;-;-;-;-;-;-;-;-;-;0,01;-;-;-;-;-;-;-
IDIF27P548200;BRBMEFVI1X80;FINANCIAL;-;-;-;-;-;-;-;-;-;0,01;-;-;-;-;-;-;-
IDIF27P548300;BRBMEFVI1X98;FINANCIAL;-;-;-;-;-;-;-;-;-;0,01;-;-;-;-;-;-;-
IDIF27P548400;BRBMEFVI1XA5;FINANCIAL;-;-;-;-;-;-;-;-;-;0,01;-;-;-;-;-;-;-
IDIF27P548500;BRBMEFVI1XB3;FINANCIAL;-;-;-;-;-;-;-;-;-;0,01;-;-;-;-;-;-;-
IDIF27P548600;BRBMEFVI1XC1;FINANCIAL;-;-;-;-;-;-;-;-;-;0,01;-;-;-;-;-;-;-
IDIF27P548700;BRBMEFVI1XD9;FINANCIAL;-;-;-;-;-;-;-;-;-;0,01;-;-;-;-;-;-;-
IDIF27P548800;BRBMEFVI1XE7;FINANCIAL;-;-;-;-;-;-;-;-;-;0,01;-;-;-;-;-;-;-
IDIF27P548900;BRBMEFVI1XF4;FINANCIAL;-;-;-;-;-;-;-;-;-;0,01;-;-;-;-;-;-;-
IDIF27P549000;BRBMEFVI1XG2;FINANCIAL;-;-;-;-;-;-;-;-;-;0,01;-;-;-;-;-;-;-
IDIF27P549100;BRBMEFVI1XH0;FINANCIAL;-;-;-;-;-;-;-;-;-;0,01;-;-;-;-;-;-;-
IDIF27P549200;BRBMEFVI1XI8;FINANCIAL;-;-;-;-;-;-;-;-;-;0,01;-;-;-;-;-;-;-
IDIF27P549300;BRBMEFVI1XJ6;FINANCIAL;-;-;-;-;-;-;-;-;-;0,01;-;-;-;-;-;-;-
IDIF27C544400;BRBMEFCIAXK5;FINANCIAL;-;-;-;-;-;-;-;-;-;5997,41;-;-;-;-;-;-;-
IDIF27C544600;BRBMEFCIAXL3;FINANCIAL;-;-;-;-;-;-;-;-;-;5803,32;-;-;-;-;-;-;-
IDIF27C544700;BRBMEFCIAXM1;FINANCIAL;-;-;-;-;-;-;-;-;-;5706,27;-;-;-;-;-;-;-
IDIF27C544800;BRBMEFCIAXN9;FINANCIAL;-;-;-;-;-;-;-;-;-;5609,22;-;-;-;-;-;-;-
IDIF27C544900;BRBMEFCIAXO7;FINANCIAL;-;-;-;-;-;-;-;-;-;5512,18;-;-;-;-;-;-;-
IDIF27C545100;BRBMEFCIAXP4;FINANCIAL;-;-;-;-;-;-;-;-;-;5318,08;-;-;-;-;-;-;-
IDIF27C545200;BRBMEFCIAXQ2;FINANCIAL;-;-;-;-;-;-;-;-;-;5221,03;-;-;-;-;-;-;-
IDIF27C545300;BRBMEFCIAXR0;FINANCIAL;-;-;-;-;-;-;-;-;-;5123,99;-;-;-;-;-;-;-
IDIF27C545400;BRBMEFCIAXS8;FINANCIAL;-;-;-;-;-;-;-;-;-;5026,94;-;-;-;-;-;-;-
IDIF27C545600;BRBMEFCIAXT6;FINANCIAL;-;-;-;-;-;-;-;-;-;4832,84;-;-;-;-;-;-;-
IDIF27C545700;BRBMEFCIAXU4;FINANCIAL;-;-;-;-;-;-;-;-;-;4735,8;-;-;-;-;-;-;-
IDIF27C545800;BRBMEFCIAXV2;FINANCIAL;-;-;-;-;-;-;-;-;-;4638,75;-;-;-;-;-;-;-
IDIF27C545900;BRBMEFCIAXW0;FINANCIAL;-;-;-;-;-;-;-;-;-;4541,7;-;-;-;-;-;-;-
IDIF27P544400;BRBMEFVI1XK4;FINANCIAL;-;-;-;-;-;-;-;-;-;0,01;-;-;-;-;-;-;-
IDIF27P544600;BRBMEFVI1XL2;FINANCIAL;-;-;-;-;-;-;-;-;-;0,01;-;-;-;-;-;-;-
IDIF27P544700;BRBMEFVI1XM0;FINANCIAL;-;-;-;-;-;-;-;-;-;0,01;-;-;-;-;-;-;-
IDIF27P544800;BRBMEFVI1XN8;FINANCIAL;-;-;-;-;-;-;-;-;-;0,01;-;-;-;-;-;-;-
IDIF27P544900;BRBMEFVI1XO6;FINANCIAL;-;-;-;-;-;-;-;-;-;0,01;-;-;-;-;-;-;-
IDIF27P545100;BRBMEFVI1XP3;FINANCIAL;-;-;-;-;-;-;-;-;-;0,01;-;-;-;-;-;-;-
IDIF27P545200;BRBMEFVI1XQ1;FINANCIAL;-;-;-;-;-;-;-;-;-;0,01;-;-;-;-;-;-;-
IDIF27P545300;BRBMEFVI1XR9;FINANCIAL;-;-;-;-;-;-;-;-;-;0,01;-;-;-;-;-;-;-
IDIF27P545400;BRBMEFVI1XS7;FINANCIAL;-;-;-;-;-;-;-;-;-;0,01;-;-;-;-;-;-;-
IDIF27P545600;BRBMEFVI1XT5;FINANCIAL;-;-;-;-;-;-;-;-;-;0,01;-;-;-;-;-;-;-
IDIF27P545700;BRBMEFVI1XU3;FINANCIAL;-;-;-;-;-;-;-;-;-;0,01;-;-;-;-;-;-;-
IDIF27P545800;BRBMEFVI1XV1;FINANCIAL;-;-;-;-;-;-;-;-;-;0,01;-;-;-;-;-;-;-
IDIF27P545900;BRBMEFVI1XW9;FINANCIAL;-;-;-;-;-;-;-;-;-;0,01;-;-;-;-;-;-;-
IDIF27C543600;BRBMEFCIAY99;FINANCIAL;-;-;-;-;-;-;-;-;-;6773,79;-;-;-;-;-;-;-
IDIF27C543700;BRBMEFCIAYA4;FINANCIAL;-;-;-;-;-;-;-;-;-;6676,75;-;-;-;-;-;-;-
IDIF27C543800;BRBMEFCIAYB2;FINANCIAL;-;-;-;-;-;-;-;-;-;6579,7;-;-;-;-;-;-;-
IDIF27C543900;BRBMEFCIAYC0;FINANCIAL;-;-;-;-;-;-;-;-;-;6482,65;-;-;-;-;-;-;-
IDIF27C544100;BRBMEFCIAYD8;FINANCIAL;-;-;-;-;-;-;-;-;-;6288,56;-;-;-;-;-;-;-
IDIF27C544200;BRBMEFCIAYE6;FINANCIAL;-;-;-;-;-;-;-;-;-;6191,51;-;-;-;-;-;-;-
IDIF27C544300;BRBMEFCIAYF3;FINANCIAL;-;-;-;-;-;-;-;-;-;6094,46;-;-;-;-;-;-;-
IDIF27C546100;BRBMEFCIAYG1;FINANCIAL;-;-;-;-;-;-;-;-;-;4347,61;-;-;-;-;-;-;-
IDIF27C546200;BRBMEFCIAYH9;FINANCIAL;-;-;-;-;-;-;-;-;-;4250,56;-;-;-;-;-;-;-
IDIF27C546300;BRBMEFCIAYI7;FINANCIAL;-;-;-;-;-;-;-;-;-;4153,51;-;-;-;-;-;-;-
IDIF27C546400;BRBMEFCIAYJ5;FINANCIAL;-;-;-;-;-;-;-;-;-;4056,47;-;-;-;-;-;-;-
IDIF27C546600;BRBMEFCIAYK3;FINANCIAL;-;-;-;-;-;-;-;-;-;3862,37;-;-;-;-;-;-;-
IDIF27C546700;BRBMEFCIAYL1;FINANCIAL;-;-;-;-;-;-;-;-;-;3765,32;-;-;-;-;-;-;-
IDIF27C546800;BRBMEFCIAYM9;FINANCIAL;-;-;-;-;-;-;-;-;-;3668,28;-;-;-;-;-;-;-
IDIF27C546900;BRBMEFCIAYN7;FINANCIAL;-;-;-;-;-;-;-;-;-;3571,23;-;-;-;-;-;-;-
IDIF27C547100;BRBMEFCIAYO5;FINANCIAL;-;-;-;-;-;-;-;-;-;3377,13;-;-;-;-;-;-;-
IDIF27C547200;BRBMEFCIAYP2;FINANCIAL;-;-;-;-;-;-;-;-;-;3280,09;-;-;-;-;-;-;-
IDIF27C549400;BRBMEFCIAYQ0;FINANCIAL;-;-;-;-;-;-;-;-;-;1145,04;-;-;-;-;-;-;-
IDIF27C549500;BRBMEFCIAYR8;FINANCIAL;-;-;-;-;-;-;-;-;-;1047,99;-;-;-;-;-;-;-
IDIF27C549600;BRBMEFCIAYS6;FINANCIAL;-;-;-;-;-;-;-;-;-;950,95;-;-;-;-;-;-;-
IDIF27C549700;BRBMEFCIAYT4;FINANCIAL;-;-;-;-;-;-;-;-;-;853,9;-;-;-;-;-;-;-
IDIF27C549800;BRBMEFCIAYU2;FINANCIAL;-;-;-;-;-;-;-;-;-;756,86;-;-;-;-;-;-;-
IDIF27C549900;BRBMEFCIAYV0;FINANCIAL;-;-;-;-;-;-;-;-;-;659,87;-;-;-;-;-;-;-
IDIF27C550100;BRBMEFCIAYW8;FINANCIAL;-;-;-;-;-;-;-;-;-;466,55;-;-;-;-;-;-;-
IDIF27C550200;BRBMEFCIAYX6;FINANCIAL;-;-;-;-;-;-;-;-;-;370,41;-;-;-;-;-;-;-
IDIF27C550300;BRBMEFCIAYY4;FINANCIAL;-;-;-;-;-;-;-;-;-;275,35;-;-;-;-;-;-;-
IDIF27C550400;BRBMEFCIAYZ1;FINANCIAL;-;-;-;-;-;-;-;-;-;183,14;-;-;-;-;-;-;-
IDIF27C550500;BRBMEFCIAZ07;FINANCIAL;-;-;-;-;-;-;-;-;-;98,83;-;-;-;-;-;-;-
IDIF27C550600;BRBMEFCIAZ15;FINANCIAL;-;-;-;-;-;-;-;-;-;43,13;-;-;-;-;-;-;-
IDIF27C550700;BRBMEFCIAZ23;FINANCIAL;-;-;-;-;-;-;-;-;-;26,21;-;-;-;-;-;-;-
IDIF27C550800;BRBMEFCIAZ31;FINANCIAL;-;-;-;-;-;-;-;-;-;17,16;-;-;-;-;-;-;-
IDIF27C550900;BRBMEFCIAZ49;FINANCIAL;-;-;-;-;-;-;-;-;-;10,91;-;-;-;-;-;-;-
IDIF27C551000;BRBMEFCIAZ56;FINANCIAL;-;-;-;-;-;-;-;-;-;6,86;-;-;-;-;-;-;-
IDIF27C551100;BRBMEFCIAZ64;FINANCIAL;-;-;-;-;-;-;-;-;-;4,85;-;-;-;-;-;-;-
IDIF27C551200;BRBMEFCIAZ72;FINANCIAL;-;-;-;-;-;-;-;-;-;3,09;-;-;-;-;-;-;-
IDIF27C551300;BRBMEFCIAZ80;FINANCIAL;-;-;-;-;-;-;-;-;-;1,84;-;-;-;-;-;-;-
IDIF27C551400;BRBMEFCIAZ98;FINANCIAL;-;-;-;-;-;-;-;-;-;1,08;-;-;-;-;-;-;-
IDIF27C551500;BRBMEFCIAZA1;FINANCIAL;-;-;-;-;-;-;-;-;-;0,45;-;-;-;-;-;-;-
IDIF27C551600;BRBMEFCIAZB9;FINANCIAL;-;-;-;-;-;-;-;-;-;0,17;-;-;-;-;-;-;-
IDIF27C551700;BRBMEFCIAZC7;FINANCIAL;-;-;-;-;-;-;-;-;-;0,06;-;-;-;-;-;-;-
IDIF27C551800;BRBMEFCIAZD5;FINANCIAL;-;-;-;-;-;-;-;-;-;0,02;-;-;-;-;-;-;-
IDIF27P543600;BRBMEFVI1Y97;FINANCIAL;-;-;-;-;-;-;-;-;-;0,01;-;-;-;-;-;-;-
IDIF27P543700;BRBMEFVI1YA3;FINANCIAL;-;-;-;-;-;-;-;-;-;0,01;-;-;-;-;-;-;-
IDIF27P543800;BRBMEFVI1YB1;FINANCIAL;-;-;-;-;-;-;-;-;-;0,01;-;-;-;-;-;-;-
IDIF27P543900;BRBMEFVI1YC9;FINANCIAL;-;-;-;-;-;-;-;-;-;0,01;-;-;-;-;-;-;-
IDIF27P544100;BRBMEFVI1YD7;FINANCIAL;-;-;-;-;-;-;-;-;-;0,01;-;-;-;-;-;-;-
IDIF27P544200;BRBMEFVI1YE5;FINANCIAL;-;-;-;-;-;-;-;-;-;0,01;-;-;-;-;-;-;-
IDIF27P544300;BRBMEFVI1YF2;FINANCIAL;-;-;-;-;-;-;-;-;-;0,01;-;-;-;-;-;-;-
IDIF27P546100;BRBMEFVI1YG0;FINANCIAL;-;-;-;-;-;-;-;-;-;0,01;-;-;-;-;-;-;-
IDIF27P546200;BRBMEFVI1YH8;FINANCIAL;-;-;-;-;-;-;-;-;-;0,01;-;-;-;-;-;-;-
IDIF27P546300;BRBMEFVI1YI6;FINANCIAL;-;-;-;-;-;-;-;-;-;0,01;-;-;-;-;-;-;-
IDIF27P546400;BRBMEFVI1YJ4;FINANCIAL;-;-;-;-;-;-;-;-;-;0,01;-;-;-;-;-;-;-
IDIF27P546600;BRBMEFVI1YK2;FINANCIAL;-;-;-;-;-;-;-;-;-;0,01;-;-;-;-;-;-;-
IDIF27P546700;BRBMEFVI1YL0;FINANCIAL;-;-;-;-;-;-;-;-;-;0,01;-;-;-;-;-;-;-
IDIF27P546800;BRBMEFVI1YM8;FINANCIAL;-;-;-;-;-;-;-;-;-;0,01;-;-;-;-;-;-;-
IDIF27P546900;BRBMEFVI1YN6;FINANCIAL;-;-;-;-;-;-;-;-;-;0,01;-;-;-;-;-;-;-
IDIF27P547100;BRBMEFVI1YO4;FINANCIAL;-;-;-;-;-;-;-;-;-;0,01;-;-;-;-;-;-;-
IDIF27P547200;BRBMEFVI1YP1;FINANCIAL;-;-;-;-;-;-;-;-;-;0,01;-;-;-;-;-;-;-
IDIF27P549400;BRBMEFVI1YQ9;FINANCIAL;-;-;-;-;-;-;-;-;-;0,01;-;-;-;-;-;-;-
IDIF27P549500;BRBMEFVI1YR7;FINANCIAL;-;-;-;-;-;-;-;-;-;0,01;-;-;-;-;-;-;-
IDIF27P549600;BRBMEFVI1YS5;FINANCIAL;-;-;-;-;-;-;-;-;-;0,01;-;-;-;-;-;-;-
IDIF27P549700;BRBMEFVI1YT3;FINANCIAL;-;-;-;-;-;-;-;-;-;0,01;-;-;-;-;-;-;-
IDIF27P549800;BRBMEFVI1YU1;FINANCIAL;-;-;-;-;-;-;-;-;-;0,01;-;-;-;-;-;-;-
IDIF27P549900;BRBMEFVI1YV9;FINANCIAL;-;-;-;-;-;-;-;-;-;0,07;-;-;-;-;-;-;-
IDIF27P550100;BRBMEFVI1YW7;FINANCIAL;-;-;-;-;-;-;-;-;-;0,84;-;-;-;-;-;-;-
IDIF27P550200;BRBMEFVI1YX5;FINANCIAL;-;-;-;-;-;-;-;-;-;1,75;-;-;-;-;-;-;-
IDIF27P550300;BRBMEFVI1YY3;FINANCIAL;-;-;-;-;-;-;-;-;-;3,74;-;-;-;-;-;-;-
IDIF27P550400;BRBMEFVI1YZ0;FINANCIAL;28,39;28,39;28,39;28,39;28,39;983,58;-;-;-;8,57;-;-;-;-;1;10.000;283900
IDIF27P550500;BRBMEFVI1Z05;FINANCIAL;43,39;43,39;43,39;43,39;43,39;141,05;-;-;-;21,31;-;-;-;-;1;10.000;433900
IDIF27P550600;BRBMEFVI1Z13;FINANCIAL;-;-;-;-;-;-;-;-;-;62,66;-;-;-;-;-;-;-
IDIF27P550700;BRBMEFVI1Z21;FINANCIAL;186;186;186;186;186;77,14;-;-;-;142,78;-;-;-;-;1;400;74400
IDIF27P550800;BRBMEFVI1Z39;FINANCIAL;-;-;-;-;-;-;-;-;-;230,78;-;-;-;-;-;-;-
IDIF27P550900;BRBMEFVI1Z47;FINANCIAL;-;-;-;-;-;-;-;-;-;321,58;-;-;-;-;-;-;-
IDIF27P551000;BRBMEFVI1Z54;FINANCIAL;-;-;-;-;-;-;-;-;-;414,57;-;-;-;-;-;-;-
IDIF27P551100;BRBMEFVI1Z62;FINANCIAL;-;-;-;-;-;-;-;-;-;509,62;-;-;-;-;-;-;-
IDIF27P551200;BRBMEFVI1Z70;FINANCIAL;-;-;-;-;-;-;-;-;-;604,9;-;-;-;-;-;-;-
IDIF27P551300;BRBMEFVI1Z88;FINANCIAL;-;-;-;-;-;-;-;-;-;700,7;-;-;-;-;-;-;-
IDIF27P551400;BRBMEFVI1Z96;FINANCIAL;-;-;-;-;-;-;-;-;-;796,99;-;-;-;-;-;-;-
IDIF27P551500;BRBMEFVI1ZA0;FINANCIAL;-;-;-;-;-;-;-;-;-;893,4;-;-;-;-;-;-;-
IDIF27P551600;BRBMEFVI1ZB8;FINANCIAL;-;-;-;-;-;-;-;-;-;990,17;-;-;-;-;-;-;-
IDIF27P551700;BRBMEFVI1ZC6;FINANCIAL;-;-;-;-;-;-;-;-;-;1087,11;-;-;-;-;-;-;-
IDIF27P551800;BRBMEFVI1ZD4;FINANCIAL;-;-;-;-;-;-;-;-;-;1184,12;-;-;-;-;-;-;-
D15F27C000975;BRBMEFCI5801;FINANCIAL;-;-;-;-;-;-;-;-;-;3867,95;-;-;-;-;-;-;-
D15F27C001175;BRBMEFCI5843;FINANCIAL;-;-;-;-;-;-;-;-;-;1305,99;-;-;-;-;-;-;-
D15F27P000975;BRBMEFVI5808;FINANCIAL;-;-;-;-;-;-;-;-;-;14,84;-;-;-;-;-;-;-
D15F27P001175;BRBMEFVI5840;FINANCIAL;-;-;-;-;-;-;-;-;-;288,4;-;-;-;-;-;-;-
D15F27C000900;BRBMEFCI57X8;FINANCIAL;-;-;-;-;-;-;-;-;-;4959,28;-;-;-;-;-;-;-
D15F27C000925;BRBMEFCI57Y6;FINANCIAL;-;-;-;-;-;-;-;-;-;4591,54;-;-;-;-;-;-;-
D15F27C000950;BRBMEFCI57Z3;FINANCIAL;-;-;-;-;-;-;-;-;-;4228,21;-;-;-;-;-;-;-
D15F27C001000;BRBMEFCI57S8;FINANCIAL;-;-;-;-;-;-;-;-;-;3512,52;-;-;-;-;-;-;-
D15F27C001025;BRBMEFCI5819;FINANCIAL;-;-;-;-;-;-;-;-;-;3162,86;-;-;-;-;-;-;-
D15F27C001050;BRBMEFCI57T6;FINANCIAL;-;-;-;-;-;-;-;-;-;2820,34;-;-;-;-;-;-;-
D15F27C001075;BRBMEFCI5827;FINANCIAL;-;-;-;-;-;-;-;-;-;2483,79;-;-;-;-;-;-;-
D15F27C001100;BRBMEFCI57U4;FINANCIAL;-;-;-;-;-;-;-;-;-;2156,92;-;-;-;-;-;-;-
D15F27C001125;BRBMEFCI5835;FINANCIAL;-;-;-;-;-;-;-;-;-;1852,52;-;-;-;-;-;-;-
D15F27C001150;BRBMEFCI57V2;FINANCIAL;-;-;-;-;-;-;-;-;-;1568,03;-;-;-;-;-;-;-
D15F27C001200;BRBMEFCI57W0;FINANCIAL;-;-;-;-;-;-;-;-;-;1077,28;-;-;-;-;-;-;-
D15F27C001250;BRBMEFCI57D0;FINANCIAL;-;-;-;-;-;-;-;-;-;713,66;-;-;-;-;-;-;-
D15F27C001275;BRBMEFCI57E8;FINANCIAL;-;-;-;-;-;-;-;-;-;577,71;-;-;-;-;-;-;-
D15F27C001300;BRBMEFCI57F5;FINANCIAL;-;-;-;-;-;-;-;-;-;466,97;-;-;-;-;-;-;-
D15F27C001325;BRBMEFCI57G3;FINANCIAL;-;-;-;-;-;-;-;-;-;378,3;-;-;-;-;-;-;-
D15F27C001350;BRBMEFCI57H1;FINANCIAL;-;-;-;-;-;-;-;-;-;306,82;-;-;-;-;-;-;-
D15F27C001375;BRBMEFCI57I9;FINANCIAL;-;-;-;-;-;-;-;-;-;249,5;-;-;-;-;-;-;-
D15F27C001400;BRBMEFCI57J7;FINANCIAL;-;-;-;-;-;-;-;-;-;203,91;-;-;-;-;-;-;-
D15F27C001425;BRBMEFCI57K5;FINANCIAL;-;-;-;-;-;-;-;-;-;167,72;-;-;-;-;-;-;-
D15F27C001450;BRBMEFCI57L3;FINANCIAL;-;-;-;-;-;-;-;-;-;138,82;-;-;-;-;-;-;-
D15F27C001475;BRBMEFCI57M1;FINANCIAL;-;-;-;-;-;-;-;-;-;115,72;-;-;-;-;-;-;-
D15F27C001500;BRBMEFCI57N9;FINANCIAL;-;-;-;-;-;-;-;-;-;98,15;-;-;-;-;-;-;-
D15F27C001525;BRBMEFCI57O7;FINANCIAL;-;-;-;-;-;-;-;-;-;84,83;-;-;-;-;-;-;-
D15F27C001550;BRBMEFCI57P4;FINANCIAL;-;-;-;-;-;-;-;-;-;74,15;-;-;-;-;-;-;-
D15F27C001575;BRBMEFCI57Q2;FINANCIAL;-;-;-;-;-;-;-;-;-;65,64;-;-;-;-;-;-;-
D15F27C001600;BRBMEFCI57R0;FINANCIAL;-;-;-;-;-;-;-;-;-;58,77;-;-;-;-;-;-;-
D15F27P000900;BRBMEFVI57X8;FINANCIAL;-;-;-;-;-;-;-;-;-;2,66;-;-;-;-;-;-;-
D15F27P000925;BRBMEFVI57Y6;FINANCIAL;-;-;-;-;-;-;-;-;-;5,27;-;-;-;-;-;-;-
D15F27P000950;BRBMEFVI57Z3;FINANCIAL;-;-;-;-;-;-;-;-;-;9,77;-;-;-;-;-;-;-
D15F27P001000;BRBMEFVI57S8;FINANCIAL;-;-;-;-;-;-;-;-;-;22,27;-;-;-;-;-;-;-
D15F27P001025;BRBMEFVI5816;FINANCIAL;-;-;-;-;-;-;-;-;-;33,03;-;-;-;-;-;-;-
D15F27P001050;BRBMEFVI57T6;FINANCIAL;-;-;-;-;-;-;-;-;-;48,48;-;-;-;-;-;-;-
D15F27P001075;BRBMEFVI5824;FINANCIAL;-;-;-;-;-;-;-;-;-;67,52;-;-;-;-;-;-;-
D15F27P001100;BRBMEFVI57U4;FINANCIAL;-;-;-;-;-;-;-;-;-;93,84;-;-;-;-;-;-;-
D15F27P001125;BRBMEFVI5832;FINANCIAL;-;-;-;-;-;-;-;-;-;140,27;-;-;-;-;-;-;-
D15F27P001150;BRBMEFVI57V2;FINANCIAL;-;-;-;-;-;-;-;-;-;204,27;-;-;-;-;-;-;-
D15F27P001200;BRBMEFVI57W0;FINANCIAL;-;-;-;-;-;-;-;-;-;403,56;-;-;-;-;-;-;-
D15F27P001250;BRBMEFVI57D0;FINANCIAL;-;-;-;-;-;-;-;-;-;720,85;-;-;-;-;-;-;-
D15F27P001275;BRBMEFVI57E8;FINANCIAL;-;-;-;-;-;-;-;-;-;922;-;-;-;-;-;-;-
D15F27P001300;BRBMEFVI57F5;FINANCIAL;-;-;-;-;-;-;-;-;-;1146,12;-;-;-;-;-;-;-
D15F27P001325;BRBMEFVI57G3;FINANCIAL;-;-;-;-;-;-;-;-;-;1390,12;-;-;-;-;-;-;-
D15F27P001350;BRBMEFVI57H1;FINANCIAL;-;-;-;-;-;-;-;-;-;1649,13;-;-;-;-;-;-;-
D15F27P001375;BRBMEFVI57I9;FINANCIAL;-;-;-;-;-;-;-;-;-;1920,14;-;-;-;-;-;-;-
D15F27P001400;BRBMEFVI57J7;FINANCIAL;-;-;-;-;-;-;-;-;-;2200,73;-;-;-;-;-;-;-
D15F27P001425;BRBMEFVI57K5;FINANCIAL;-;-;-;-;-;-;-;-;-;2488,59;-;-;-;-;-;-;-
D15F27P001450;BRBMEFVI57L3;FINANCIAL;-;-;-;-;-;-;-;-;-;2781,65;-;-;-;-;-;-;-
D15F27P001475;BRBMEFVI57M1;FINANCIAL;-;-;-;-;-;-;-;-;-;3078,41;-;-;-;-;-;-;-
D15F27P001500;BRBMEFVI57N9;FINANCIAL;-;-;-;-;-;-;-;-;-;3378,63;-;-;-;-;-;-;-
D15F27P001525;BRBMEFVI57O7;FINANCIAL;-;-;-;-;-;-;-;-;-;3681,05;-;-;-;-;-;-;-
D15F27P001550;BRBMEFVI57P4;FINANCIAL;-;-;-;-;-;-;-;-;-;3984,08;-;-;-;-;-;-;-
D15F27P001575;BRBMEFVI57Q2;FINANCIAL;-;-;-;-;-;-;-;-;-;4287,26;-;-;-;-;-;-;-
D15F27P001600;BRBMEFVI57R0;FINANCIAL;-;-;-;-;-;-;-;-;-;4590,07;-;-;-;-;-;-;-
IDIF27C554000;BRBMEFCIAZE3;FINANCIAL;-;-;-;-;-;-;-;-;-;0,01;-;-;-;-;-;-;-
IDIF27C554100;BRBMEFCIAZF0;FINANCIAL;-;-;-;-;-;-;-;-;-;0,01;-;-;-;-;-;-;-
IDIF27C554200;BRBMEFCIAZG8;FINANCIAL;-;-;-;-;-;-;-;-;-;0,01;-;-;-;-;-;-;-
IDIF27C554300;BRBMEFCIAZH6;FINANCIAL;-;-;-;-;-;-;-;-;-;0,01;-;-;-;-;-;-;-
IDIF27C554400;BRBMEFCIAZI4;FINANCIAL;-;-;-;-;-;-;-;-;-;0,01;-;-;-;-;-;-;-
IDIF27C554500;BRBMEFCIAZJ2;FINANCIAL;-;-;-;-;-;-;-;-;-;0,01;-;-;-;-;-;-;-
IDIF27C554600;BRBMEFCIAZK0;FINANCIAL;-;-;-;-;-;-;-;-;-;0,01;-;-;-;-;-;-;-
IDIF27C554700;BRBMEFCIAZL8;FINANCIAL;-;-;-;-;-;-;-;-;-;0,01;-;-;-;-;-;-;-
IDIF27C554800;BRBMEFCIAZM6;FINANCIAL;-;-;-;-;-;-;-;-;-;0,01;-;-;-;-;-;-;-
IDIF27C554900;BRBMEFCIAZN4;FINANCIAL;-;-;-;-;-;-;-;-;-;0,01;-;-;-;-;-;-;-
IDIF27C555100;BRBMEFCIAZO2;FINANCIAL;-;-;-;-;-;-;-;-;-;0,01;-;-;-;-;-;-;-
IDIF27C555200;BRBMEFCIAZP9;FINANCIAL;-;-;-;-;-;-;-;-;-;0,01;-;-;-;-;-;-;-
IDIF27C555300;BRBMEFCIAZQ7;FINANCIAL;-;-;-;-;-;-;-;-;-;0,01;-;-;-;-;-;-;-
IDIF27C555400;BRBMEFCIAZR5;FINANCIAL;-;-;-;-;-;-;-;-;-;0,01;-;-;-;-;-;-;-
IDIF27C555500;BRBMEFCIAZS3;FINANCIAL;-;-;-;-;-;-;-;-;-;0,01;-;-;-;-;-;-;-
IDIF27P554000;BRBMEFVI1ZE2;FINANCIAL;-;-;-;-;-;-;-;-;-;3319,14;-;-;-;-;-;-;-
IDIF27P554100;BRBMEFVI1ZF9;FINANCIAL;-;-;-;-;-;-;-;-;-;3416,19;-;-;-;-;-;-;-
IDIF27P554200;BRBMEFVI1ZG7;FINANCIAL;-;-;-;-;-;-;-;-;-;3513,24;-;-;-;-;-;-;-
IDIF27P554300;BRBMEFVI1ZH5;FINANCIAL;-;-;-;-;-;-;-;-;-;3610,28;-;-;-;-;-;-;-
IDIF27P554400;BRBMEFVI1ZI3;FINANCIAL;-;-;-;-;-;-;-;-;-;3707,33;-;-;-;-;-;-;-
IDIF27P554500;BRBMEFVI1ZJ1;FINANCIAL;-;-;-;-;-;-;-;-;-;3804,38;-;-;-;-;-;-;-
IDIF27P554600;BRBMEFVI1ZK9;FINANCIAL;-;-;-;-;-;-;-;-;-;3901,43;-;-;-;-;-;-;-
IDIF27P554700;BRBMEFVI1ZL7;FINANCIAL;-;-;-;-;-;-;-;-;-;3998,47;-;-;-;-;-;-;-
IDIF27P554800;BRBMEFVI1ZM5;FINANCIAL;-;-;-;-;-;-;-;-;-;4095,52;-;-;-;-;-;-;-
IDIF27P554900;BRBMEFVI1ZN3;FINANCIAL;-;-;-;-;-;-;-;-;-;4192,57;-;-;-;-;-;-;-
IDIF27P555100;BRBMEFVI1ZO1;FINANCIAL;-;-;-;-;-;-;-;-;-;4386,66;-;-;-;-;-;-;-
IDIF27P555200;BRBMEFVI1ZP8;FINANCIAL;-;-;-;-;-;-;-;-;-;4483,71;-;-;-;-;-;-;-
IDIF27P555300;BRBMEFVI1ZQ6;FINANCIAL;-;-;-;-;-;-;-;-;-;4580,76;-;-;-;-;-;-;-
IDIF27P555400;BRBMEFVI1ZR4;FINANCIAL;-;-;-;-;-;-;-;-;-;4677,81;-;-;-;-;-;-;-
IDIF27P555500;BRBMEFVI1ZS2;FINANCIAL;-;-;-;-;-;-;-;-;-;4774,85;-;-;-;-;-;-;-
IDIF27C552100;BRBMEFCIAZT1;FINANCIAL;-;-;-;-;-;-;-;-;-;0,01;-;-;-;-;-;-;-
IDIF27C552600;BRBMEFCIAZU9;FINANCIAL;-;-;-;-;-;-;-;-;-;0,01;-;-;-;-;-;-;-
IDIF27P552100;BRBMEFVI1ZT0;FINANCIAL;-;-;-;-;-;-;-;-;-;1475,24;-;-;-;-;-;-;-
IDIF27P552600;BRBMEFVI1ZU8;FINANCIAL;-;-;-;-;-;-;-;-;-;1960,48;-;-;-;-;-;-;-
IDIF28C588500;BRBMEFCIAZV7;FINANCIAL;-;-;-;-;-;-;-;-;-;26349,43;-;-;-;-;-;-;-
IDIF28C600500;BRBMEFCIAZW5;FINANCIAL;-;-;-;-;-;-;-;-;-;16001,57;-;-;-;-;-;-;-
IDIF28C625000;BRBMEFCIAZX3;FINANCIAL;-;-;-;-;-;-;-;-;-;1213,1;-;-;-;-;-;-;-
IDIF28P588500;BRBMEFVI1ZV6;FINANCIAL;-;-;-;-;-;-;-;-;-;0,01;-;-;-;-;-;-;-
IDIF28P600500;BRBMEFVI1ZW4;FINANCIAL;-;-;-;-;-;-;-;-;-;10,17;-;-;-;-;-;-;-
IDIF28P625000;BRBMEFVI1ZX2;FINANCIAL;-;-;-;-;-;-;-;-;-;6369,31;-;-;-;-;-;-;-
IDIN27C579500;BRBMEFCICJL8;FINANCIAL;-;-;-;-;-;-;-;-;-;4037,36;-;-;-;-;-;-;-
IDIN27C580000;BRBMEFCICJM6;FINANCIAL;-;-;-;-;-;-;-;-;-;3586,42;-;-;-;-;-;-;-
IDIN27C580500;BRBMEFCICJN4;FINANCIAL;-;-;-;-;-;-;-;-;-;3143,46;-;-;-;-;-;-;-
IDIN27C581000;BRBMEFCICJO2;FINANCIAL;-;-;-;-;-;-;-;-;-;2714,61;-;-;-;-;-;-;-
IDIN27C581500;BRBMEFCICJP9;FINANCIAL;-;-;-;-;-;-;-;-;-;2305,47;-;-;-;-;-;-;-
IDIN27C582000;BRBMEFCICJQ7;FINANCIAL;-;-;-;-;-;-;-;-;-;1930,82;-;-;-;-;-;-;-
IDIN27C582500;BRBMEFCICJR5;FINANCIAL;-;-;-;-;-;-;-;-;-;1604,75;-;-;-;-;-;-;-
IDIN27C583000;BRBMEFCICJS3;FINANCIAL;-;-;-;-;-;-;-;-;-;1325,05;-;-;-;-;-;-;-
IDIN27C583500;BRBMEFCICJT1;FINANCIAL;-;-;-;-;-;-;-;-;-;1084,22;-;-;-;-;-;-;-
IDIN27C584000;BRBMEFCICJU9;FINANCIAL;-;-;-;-;-;-;-;-;-;898,77;-;-;-;-;-;-;-
IDIN27C584500;BRBMEFCICJV7;FINANCIAL;-;-;-;-;-;-;-;-;-;762,22;-;-;-;-;-;-;-
IDIN27C585000;BRBMEFCICJW5;FINANCIAL;-;-;-;-;-;-;-;-;-;657,89;-;-;-;-;-;-;-
IDIN27P579500;BRBMEFVI2JL9;FINANCIAL;-;-;-;-;-;-;-;-;-;17,9;-;-;-;-;-;-;-
IDIN27P580000;BRBMEFVI2JM7;FINANCIAL;-;-;-;-;-;-;-;-;-;24,52;-;-;-;-;-;-;-
IDIN27P580500;BRBMEFVI2JN5;FINANCIAL;-;-;-;-;-;-;-;-;-;39,11;-;-;-;-;-;-;-
IDIN27P581000;BRBMEFVI2JO3;FINANCIAL;-;-;-;-;-;-;-;-;-;67,81;-;-;-;-;-;-;-
IDIN27P581500;BRBMEFVI2JP0;FINANCIAL;-;-;-;-;-;-;-;-;-;116,22;-;-;-;-;-;-;-
IDIN27P582000;BRBMEFVI2JQ8;FINANCIAL;-;-;-;-;-;-;-;-;-;199,13;-;-;-;-;-;-;-
IDIN27P582500;BRBMEFVI2JR6;FINANCIAL;-;-;-;-;-;-;-;-;-;330,61;-;-;-;-;-;-;-
IDIN27P583000;BRBMEFVI2JS4;FINANCIAL;-;-;-;-;-;-;-;-;-;508,47;-;-;-;-;-;-;-
IDIN27P583500;BRBMEFVI2JT2;FINANCIAL;-;-;-;-;-;-;-;-;-;725,19;-;-;-;-;-;-;-
IDIN27P584000;BRBMEFVI2JU0;FINANCIAL;-;-;-;-;-;-;-;-;-;997,3;-;-;-;-;-;-;-
IDIN27P584500;BRBMEFVI2JV8;FINANCIAL;-;-;-;-;-;-;-;-;-;1318,3;-;-;-;-;-;-;-
IDIN27P585000;BRBMEFVI2JW6;FINANCIAL;-;-;-;-;-;-;-;-;-;1671,52;-;-;-;-;-;-;-
IDIX26C536100;BRBMEFCIX9C7;FINANCIAL;-;-;-;-;-;-;-;-;-;3372,88;-;-;-;-;-;-;-
IDIX26C536200;BRBMEFCIX9D5;FINANCIAL;-;-;-;-;-;-;-;-;-;3273,84;-;-;-;-;-;-;-
IDIX26C536300;BRBMEFCIX9E3;FINANCIAL;-;-;-;-;-;-;-;-;-;3174,8;-;-;-;-;-;-;-
IDIX26C536400;BRBMEFCIX9F0;FINANCIAL;-;-;-;-;-;-;-;-;-;3075,76;-;-;-;-;-;-;-
IDIX26C536500;BRBMEFCIX9G8;FINANCIAL;-;-;-;-;-;-;-;-;-;2976,72;-;-;-;-;-;-;-
IDIX26C536600;BRBMEFCIX9H6;FINANCIAL;-;-;-;-;-;-;-;-;-;2877,68;-;-;-;-;-;-;-
IDIX26C536700;BRBMEFCIX9I4;FINANCIAL;-;-;-;-;-;-;-;-;-;2778,64;-;-;-;-;-;-;-
IDIX26C536800;BRBMEFCIX9J2;FINANCIAL;-;-;-;-;-;-;-;-;-;2679,6;-;-;-;-;-;-;-
IDIX26C536900;BRBMEFCIX9K0;FINANCIAL;-;-;-;-;-;-;-;-;-;2580,57;-;-;-;-;-;-;-
IDIX26C537000;BRBMEFCIX9L8;FINANCIAL;-;-;-;-;-;-;-;-;-;2481,53;-;-;-;-;-;-;-
IDIX26C537100;BRBMEFCIX9M6;FINANCIAL;-;-;-;-;-;-;-;-;-;2382,49;-;-;-;-;-;-;-
IDIX26C537200;BRBMEFCIX9N4;FINANCIAL;-;-;-;-;-;-;-;-;-;2283,45;-;-;-;-;-;-;-
IDIX26C537300;BRBMEFCIX9O2;FINANCIAL;-;-;-;-;-;-;-;-;-;2184,41;-;-;-;-;-;-;-
IDIX26C537400;BRBMEFCIX9P9;FINANCIAL;-;-;-;-;-;-;-;-;-;2085,37;-;-;-;-;-;-;-
IDIX26C537500;BRBMEFCIX9Q7;FINANCIAL;-;-;-;-;-;-;-;-;-;1986,33;-;-;-;-;-;-;-
IDIX26C537600;BRBMEFCIX9R5;FINANCIAL;-;-;-;-;-;-;-;-;-;1887,29;-;-;-;-;-;-;-
IDIX26C537700;BRBMEFCIX9S3;FINANCIAL;-;-;-;-;-;-;-;-;-;1788,25;-;-;-;-;-;-;-
IDIX26C537800;BRBMEFCIX9T1;FINANCIAL;-;-;-;-;-;-;-;-;-;1689,21;-;-;-;-;-;-;-
IDIX26C537900;BRBMEFCIX9U9;FINANCIAL;-;-;-;-;-;-;-;-;-;1590,17;-;-;-;-;-;-;-
IDIX26C538000;BRBMEFCIX9V7;FINANCIAL;-;-;-;-;-;-;-;-;-;1491,13;-;-;-;-;-;-;-
IDIX26C538100;BRBMEFCIX9W5;FINANCIAL;-;-;-;-;-;-;-;-;-;1392,09;-;-;-;-;-;-;-
IDIX26C538200;BRBMEFCIX9X3;FINANCIAL;-;-;-;-;-;-;-;-;-;1293,05;-;-;-;-;-;-;-
IDIX26C538300;BRBMEFCIX9Y1;FINANCIAL;-;-;-;-;-;-;-;-;-;1194,01;-;-;-;-;-;-;-
IDIX26P536100;BRBMEFVIX9F7;FINANCIAL;-;-;-;-;-;-;-;-;-;0,01;-;-;-;-;-;-;-
IDIX26P536200;BRBMEFVIX9G5;FINANCIAL;-;-;-;-;-;-;-;-;-;0,01;-;-;-;-;-;-;-
IDIX26P536300;BRBMEFVIX9H3;FINANCIAL;-;-;-;-;-;-;-;-;-;0,01;-;-;-;-;-;-;-
IDIX26P536400;BRBMEFVIX9I1;FINANCIAL;-;-;-;-;-;-;-;-;-;0,01;-;-;-;-;-;-;-
IDIX26P536500;BRBMEFVIX9J9;FINANCIAL;-;-;-;-;-;-;-;-;-;0,01;-;-;-;-;-;-;-
IDIX26P536600;BRBMEFVIX9K7;FINANCIAL;-;-;-;-;-;-;-;-;-;0,01;-;-;-;-;-;-;-
IDIX26P536700;BRBMEFVIX9L5;FINANCIAL;-;-;-;-;-;-;-;-;-;0,01;-;-;-;-;-;-;-
IDIX26P536800;BRBMEFVIX9M3;FINANCIAL;-;-;-;-;-;-;-;-;-;0,01;-;-;-;-;-;-;-
IDIX26P536900;BRBMEFVIX9N1;FINANCIAL;-;-;-;-;-;-;-;-;-;0,01;-;-;-;-;-;-;-
IDIX26P537000;BRBMEFVIX9O9;FINANCIAL;-;-;-;-;-;-;-;-;-;0,01;-;-;-;-;-;-;-
IDIX26P537100;BRBMEFVIX9P6;FINANCIAL;-;-;-;-;-;-;-;-;-;0,01;-;-;-;-;-;-;-
IDIX26P537200;BRBMEFVIX9Q4;FINANCIAL;-;-;-;-;-;-;-;-;-;0,01;-;-;-;-;-;-;-
IDIX26P537300;BRBMEFVIX9R2;FINANCIAL;-;-;-;-;-;-;-;-;-;0,01;-;-;-;-;-;-;-
IDIX26P537400;BRBMEFVIX9S0;FINANCIAL;-;-;-;-;-;-;-;-;-;0,01;-;-;-;-;-;-;-
IDIX26P537500;BRBMEFVIX9T8;FINANCIAL;-;-;-;-;-;-;-;-;-;0,01;-;-;-;-;-;-;-
IDIX26P537600;BRBMEFVIX9U6;FINANCIAL;-;-;-;-;-;-;-;-;-;0,01;-;-;-;-;-;-;-
IDIX26P537700;BRBMEFVIX9V4;FINANCIAL;-;-;-;-;-;-;-;-;-;0,01;-;-;-;-;-;-;-
IDIX26P537800;BRBMEFVIX9W2;FINANCIAL;-;-;-;-;-;-;-;-;-;0,01;-;-;-;-;-;-;-
IDIX26P537900;BRBMEFVIX9X0;FINANCIAL;-;-;-;-;-;-;-;-;-;0,01;-;-;-;-;-;-;-
IDIX26P538000;BRBMEFVIX9Y8;FINANCIAL;-;-;-;-;-;-;-;-;-;0,01;-;-;-;-;-;-;-
IDIX26P538100;BRBMEFVIX9Z5;FINANCIAL;-;-;-;-;-;-;-;-;-;0,01;-;-;-;-;-;-;-
IDIX26P538200;BRBMEFVIXA06;FINANCIAL;-;-;-;-;-;-;-;-;-;0,01;-;-;-;-;-;-;-
IDIX26P538300;BRBMEFVIXA14;FINANCIAL;-;-;-;-;-;-;-;-;-;0,01;-;-;-;-;-;-;-
IDIZ26C541000;BRBMEFCIZ8U9;FINANCIAL;-;-;-;-;-;-;-;-;-;3575,37;-;-;-;-;-;-;-
IDIZ26C541100;BRBMEFCIZ8V7;FINANCIAL;-;-;-;-;-;-;-;-;-;3477,26;-;-;-;-;-;-;-
IDIZ26C541200;BRBMEFCIZ8W5;FINANCIAL;-;-;-;-;-;-;-;-;-;3379,16;-;-;-;-;-;-;-
IDIZ26C541300;BRBMEFCIZ8X3;FINANCIAL;-;-;-;-;-;-;-;-;-;3281,05;-;-;-;-;-;-;-
IDIZ26C541400;BRBMEFCIZ8Y1;FINANCIAL;-;-;-;-;-;-;-;-;-;3182,95;-;-;-;-;-;-;-
IDIZ26C541500;BRBMEFCIZ8Z8;FINANCIAL;-;-;-;-;-;-;-;-;-;3084,84;-;-;-;-;-;-;-
IDIZ26C541600;BRBMEFCIZ904;FINANCIAL;-;-;-;-;-;-;-;-;-;2986,74;-;-;-;-;-;-;-
IDIZ26C541700;BRBMEFCIZ912;FINANCIAL;-;-;-;-;-;-;-;-;-;2888,63;-;-;-;-;-;-;-
IDIZ26C541800;BRBMEFCIZ920;FINANCIAL;-;-;-;-;-;-;-;-;-;2790,53;-;-;-;-;-;-;-
IDIZ26C541900;BRBMEFCIZ938;FINANCIAL;-;-;-;-;-;-;-;-;-;2692,42;-;-;-;-;-;-;-
IDIZ26C542000;BRBMEFCIZ946;FINANCIAL;-;-;-;-;-;-;-;-;-;2594,32;-;-;-;-;-;-;-
IDIZ26C542100;BRBMEFCIZ953;FINANCIAL;-;-;-;-;-;-;-;-;-;2496,21;-;-;-;-;-;-;-
IDIZ26C542200;BRBMEFCIZ961;FINANCIAL;-;-;-;-;-;-;-;-;-;2398,11;-;-;-;-;-;-;-
IDIZ26C542300;BRBMEFCIZ979;FINANCIAL;-;-;-;-;-;-;-;-;-;2300;-;-;-;-;-;-;-
IDIZ26C542400;BRBMEFCIZ987;FINANCIAL;-;-;-;-;-;-;-;-;-;2201,9;-;-;-;-;-;-;-
IDIZ26C542500;BRBMEFCIZ995;FINANCIAL;-;-;-;-;-;-;-;-;-;2103,79;-;-;-;-;-;-;-
IDIZ26C542600;BRBMEFCIZ9A9;FINANCIAL;-;-;-;-;-;-;-;-;-;2005,69;-;-;-;-;-;-;-
IDIZ26C542700;BRBMEFCIZ9B7;FINANCIAL;-;-;-;-;-;-;-;-;-;1907,58;-;-;-;-;-;-;-
IDIZ26C542800;BRBMEFCIZ9C5;FINANCIAL;-;-;-;-;-;-;-;-;-;1809,48;-;-;-;-;-;-;-
IDIZ26C542900;BRBMEFCIZ9D3;FINANCIAL;-;-;-;-;-;-;-;-;-;1711,37;-;-;-;-;-;-;-
IDIZ26C543000;BRBMEFCIZ9E1;FINANCIAL;-;-;-;-;-;-;-;-;-;1613,27;-;-;-;-;-;-;-
IDIZ26P541000;BRBMEFVIZ8U6;FINANCIAL;-;-;-;-;-;-;-;-;-;0,01;-;-;-;-;-;-;-
IDIZ26P541100;BRBMEFVIZ8V4;FINANCIAL;-;-;-;-;-;-;-;-;-;0,01;-;-;-;-;-;-;-
IDIZ26P541200;BRBMEFVIZ8W2;FINANCIAL;-;-;-;-;-;-;-;-;-;0,01;-;-;-;-;-;-;-
IDIZ26P541300;BRBMEFVIZ8X0;FINANCIAL;-;-;-;-;-;-;-;-;-;0,01;-;-;-;-;-;-;-
IDIZ26P541400;BRBMEFVIZ8Y8;FINANCIAL;-;-;-;-;-;-;-;-;-;0,01;-;-;-;-;-;-;-
IDIZ26P541500;BRBMEFVIZ8Z5;FINANCIAL;-;-;-;-;-;-;-;-;-;0,01;-;-;-;-;-;-;-
IDIZ26P541600;BRBMEFVIZ904;FINANCIAL;-;-;-;-;-;-;-;-;-;0,01;-;-;-;-;-;-;-
IDIZ26P541700;BRBMEFVIZ912;FINANCIAL;-;-;-;-;-;-;-;-;-;0,01;-;-;-;-;-;-;-
IDIZ26P541800;BRBMEFVIZ920;FINANCIAL;-;-;-;-;-;-;-;-;-;0,01;-;-;-;-;-;-;-
IDIZ26P541900;BRBMEFVIZ938;FINANCIAL;-;-;-;-;-;-;-;-;-;0,01;-;-;-;-;-;-;-
IDIZ26P542000;BRBMEFVIZ946;FINANCIAL;-;-;-;-;-;-;-;-;-;0,01;-;-;-;-;-;-;-
IDIZ26P542100;BRBMEFVIZ953;FINANCIAL;-;-;-;-;-;-;-;-;-;0,01;-;-;-;-;-;-;-
IDIZ26P542200;BRBMEFVIZ961;FINANCIAL;-;-;-;-;-;-;-;-;-;0,01;-;-;-;-;-;-;-
IDIZ26P542300;BRBMEFVIZ979;FINANCIAL;-;-;-;-;-;-;-;-;-;0,01;-;-;-;-;-;-;-
IDIZ26P542400;BRBMEFVIZ987;FINANCIAL;-;-;-;-;-;-;-;-;-;0,01;-;-;-;-;-;-;-
IDIZ26P542500;BRBMEFVIZ995;FINANCIAL;-;-;-;-;-;-;-;-;-;0,01;-;-;-;-;-;-;-
IDIZ26P542600;BRBMEFVIZ9A6;FINANCIAL;-;-;-;-;-;-;-;-;-;0,01;-;-;-;-;-;-;-
IDIZ26P542700;BRBMEFVIZ9B4;FINANCIAL;-;-;-;-;-;-;-;-;-;0,01;-;-;-;-;-;-;-
IDIZ26P542800;BRBMEFVIZ9C2;FINANCIAL;-;-;-;-;-;-;-;-;-;0,01;-;-;-;-;-;-;-
IDIZ26P542900;BRBMEFVIZ9D0;FINANCIAL;-;-;-;-;-;-;-;-;-;0,01;-;-;-;-;-;-;-
IDIZ26P543000;BRBMEFVIZ9E8;FINANCIAL;-;-;-;-;-;-;-;-;-;0,01;-;-;-;-;-;-;-
IDIF27C551900;BRBMEFCIAZZ8;FINANCIAL;-;-;-;-;-;-;-;-;-;0,01;-;-;-;-;-;-;-
IDIF27P551900;BRBMEFVI1ZZ7;FINANCIAL;-;-;-;-;-;-;-;-;-;1281,15;-;-;-;-;-;-;-
IDIF28C625400;BRBMEFCID000;FINANCIAL;-;-;-;-;-;-;-;-;-;1157,75;-;-;-;-;-;-;-
IDIF28P625400;BRBMEFFI0007;FINANCIAL;-;-;-;-;-;-;-;-;-;6659,23;-;-;-;-;-;-;-
IDIN27C586500;BRBMEFCICJX3;FINANCIAL;-;-;-;-;-;-;-;-;-;482,79;-;-;-;-;-;-;-
IDIN27P586500;BRBMEFVI2JX4;FINANCIAL;-;-;-;-;-;-;-;-;-;2869,07;-;-;-;-;-;-;-
IDIN28C666800;BRBMEFCICJY1;FINANCIAL;-;-;-;-;-;-;-;-;-;2014,71;-;-;-;-;-;-;-
IDIN28P666800;BRBMEFVI2JY2;FINANCIAL;-;-;-;-;-;-;-;-;-;11079,44;-;-;-;-;-;-;-
IDIF28C625100;BRBMEFCID018;FINANCIAL;-;-;-;-;-;-;-;-;-;1198,97;-;-;-;-;-;-;-
IDIF28P625100;BRBMEFFI0015;FINANCIAL;-;-;-;-;-;-;-;-;-;6441,5;-;-;-;-;-;-;-
IDIN27C586300;BRBMEFCICJZ8;FINANCIAL;-;-;-;-;-;-;-;-;-;498,08;-;-;-;-;-;-;-
IDIN27P586300;BRBMEFVI2JZ9;FINANCIAL;-;-;-;-;-;-;-;-;-;2701,35;-;-;-;-;-;-;-
IDIN28C666600;BRBMEFCICK02;FINANCIAL;-;-;-;-;-;-;-;-;-;2048,17;-;-;-;-;-;-;-
IDIN28P666600;BRBMEFVI2K01;FINANCIAL;-;-;-;-;-;-;-;-;-;10949,92;-;-;-;-;-;-;-
IDIF27C552000;BRBMEFCID034;FINANCIAL;-;-;-;-;-;-;-;-;-;0,01;-;-;-;-;-;-;-
IDIF27P552000;BRBMEFFI0031;FINANCIAL;-;-;-;-;-;-;-;-;-;1378,19;-;-;-;-;-;-;-
IDIF28C625300;BRBMEFCID042;FINANCIAL;-;-;-;-;-;-;-;-;-;1171,11;-;-;-;-;-;-;-
IDIF28C625800;BRBMEFCID026;FINANCIAL;-;-;-;-;-;-;-;-;-;1106,02;-;-;-;-;-;-;-
IDIF28C632700;BRBMEFCID059;FINANCIAL;-;-;-;-;-;-;-;-;-;513,17;-;-;-;-;-;-;-
IDIF28P625300;BRBMEFFI0049;FINANCIAL;-;-;-;-;-;-;-;-;-;6586,27;-;-;-;-;-;-;-
IDIF28P625800;BRBMEFFI0023;FINANCIAL;-;-;-;-;-;-;-;-;-;6952,76;-;-;-;-;-;-;-
IDIF28P632700;BRBMEFFI0056;FINANCIAL;-;-;-;-;-;-;-;-;-;12315,78;-;-;-;-;-;-;-
IDIN27C586800;BRBMEFCICK10;FINANCIAL;-;-;-;-;-;-;-;-;-;459,83;-;-;-;-;-;-;-
IDIN27C591700;BRBMEFCICK51;FINANCIAL;-;-;-;-;-;-;-;-;-;207,91;-;-;-;-;-;-;-
IDIN27C625800;BRBMEFCICK28;FINANCIAL;-;-;-;-;-;-;-;-;-;0,24;-;-;-;-;-;-;-
IDIN27C667500;BRBMEFCICK36;FINANCIAL;-;-;-;-;-;-;-;-;-;0,01;-;-;-;-;-;-;-
IDIN27P586800;BRBMEFVI2K19;FINANCIAL;-;-;-;-;-;-;-;-;-;3120,65;-;-;-;-;-;-;-
IDIN27P591700;BRBMEFVI2K50;FINANCIAL;-;-;-;-;-;-;-;-;-;7352,75;-;-;-;-;-;-;-
IDIN27P625800;BRBMEFVI2K27;FINANCIAL;-;-;-;-;-;-;-;-;-;38350,22;-;-;-;-;-;-;-
IDIN27P667500;BRBMEFVI2K35;FINANCIAL;-;-;-;-;-;-;-;-;-;76509,92;-;-;-;-;-;-;-
IDIF28C624400;BRBMEFCID067;FINANCIAL;-;-;-;-;-;-;-;-;-;1302,48;-;-;-;-;-;-;-
IDIF28P624400;BRBMEFFI0064;FINANCIAL;-;-;-;-;-;-;-;-;-;5940,79;-;-;-;-;-;-;-
IDIN27C586200;BRBMEFCICK69;FINANCIAL;-;-;-;-;-;-;-;-;-;506,54;-;-;-;-;-;-;-
IDIN27P586200;BRBMEFVI2K68;FINANCIAL;-;-;-;-;-;-;-;-;-;2618,3;-;-;-;-;-;-;-
IDIJ27C565000;BRBMEFCIJTQ1;FINANCIAL;-;-;-;-;-;-;-;-;-;1725,2;-;-;-;-;-;-;-
IDIJ27C567500;BRBMEFCIJTR9;FINANCIAL;-;-;-;-;-;-;-;-;-;250,3;-;-;-;-;-;-;-
IDIJ27C570000;BRBMEFCIJTS7;FINANCIAL;-;-;-;-;-;-;-;-;-;131,04;-;-;-;-;-;-;-
IDIJ27C572500;BRBMEFCIJTT5;FINANCIAL;-;-;-;-;-;-;-;-;-;84,68;-;-;-;-;-;-;-
IDIJ27C575000;BRBMEFCIJTU3;FINANCIAL;-;-;-;-;-;-;-;-;-;54,08;-;-;-;-;-;-;-
IDIJ27P565000;BRBMEFVIJTQ1;FINANCIAL;-;-;-;-;-;-;-;-;-;6,75;-;-;-;-;-;-;-
IDIJ27P567500;BRBMEFVIJTR9;FINANCIAL;-;-;-;-;-;-;-;-;-;888,51;-;-;-;-;-;-;-
IDIJ27P570000;BRBMEFVIJTS7;FINANCIAL;-;-;-;-;-;-;-;-;-;3125,91;-;-;-;-;-;-;-
IDIJ27P572500;BRBMEFVIJTT5;FINANCIAL;-;-;-;-;-;-;-;-;-;5436,21;-;-;-;-;-;-;-
IDIJ27P575000;BRBMEFVIJTU3;FINANCIAL;-;-;-;-;-;-;-;-;-;7762,27;-;-;-;-;-;-;-
IDIG27C553600;BRBMEFCIG805;FINANCIAL;-;-;-;-;-;-;-;-;-;2299,31;-;-;-;-;-;-;-
IDIG27C553700;BRBMEFCIG813;FINANCIAL;-;-;-;-;-;-;-;-;-;2203,2;-;-;-;-;-;-;-
IDIG27C553800;BRBMEFCIG821;FINANCIAL;-;-;-;-;-;-;-;-;-;2107,1;-;-;-;-;-;-;-
IDIG27C553900;BRBMEFCIG839;FINANCIAL;-;-;-;-;-;-;-;-;-;2011;-;-;-;-;-;-;-
IDIG27C554000;BRBMEFCIG847;FINANCIAL;-;-;-;-;-;-;-;-;-;1914,9;-;-;-;-;-;-;-
IDIG27C554100;BRBMEFCIG854;FINANCIAL;-;-;-;-;-;-;-;-;-;1818,8;-;-;-;-;-;-;-
IDIG27C554200;BRBMEFCIG862;FINANCIAL;-;-;-;-;-;-;-;-;-;1722,72;-;-;-;-;-;-;-
IDIG27C554300;BRBMEFCIG870;FINANCIAL;-;-;-;-;-;-;-;-;-;1626,64;-;-;-;-;-;-;-
IDIG27C554400;BRBMEFCIG888;FINANCIAL;-;-;-;-;-;-;-;-;-;1530,6;-;-;-;-;-;-;-
IDIG27C554500;BRBMEFCIG896;FINANCIAL;-;-;-;-;-;-;-;-;-;1434,62;-;-;-;-;-;-;-
IDIG27C554600;BRBMEFCIG8A4;FINANCIAL;-;-;-;-;-;-;-;-;-;1338,75;-;-;-;-;-;-;-
IDIG27C554700;BRBMEFCIG8B2;FINANCIAL;-;-;-;-;-;-;-;-;-;1243,06;-;-;-;-;-;-;-
IDIV27P605600;BRBMEFVIC028;FINANCIAL;-;-;-;-;-;-;-;-;-;4408,14;-;-;-;-;-;-;-
IDIV27P605700;BRBMEFVIC036;FINANCIAL;-;-;-;-;-;-;-;-;-;4485,05;-;-;-;-;-;-;-
IDIV27P605800;BRBMEFVIC044;FINANCIAL;-;-;-;-;-;-;-;-;-;4562,22;-;-;-;-;-;-;-
IDIV27P605900;BRBMEFVIC051;FINANCIAL;-;-;-;-;-;-;-;-;-;4640,14;-;-;-;-;-;-;-
IDIV27P606000;BRBMEFVIC069;FINANCIAL;-;-;-;-;-;-;-;-;-;4718,31;-;-;-;-;-;-;-
IDIV27P606100;BRBMEFVIC077;FINANCIAL;-;-;-;-;-;-;-;-;-;4796,7;-;-;-;-;-;-;-
IDIV27P606200;BRBMEFVIC085;FINANCIAL;-;-;-;-;-;-;-;-;-;4875,16;-;-;-;-;-;-;-
IDIV27P606300;BRBMEFVIC093;FINANCIAL;-;-;-;-;-;-;-;-;-;4953,84;-;-;-;-;-;-;-
IDIX27C611300;BRBMEFCIXB40;FINANCIAL;-;-;-;-;-;-;-;-;-;1007,48;-;-;-;-;-;-;-
IDIX27C611400;BRBMEFCIXB57;FINANCIAL;-;-;-;-;-;-;-;-;-;994,02;-;-;-;-;-;-;-
IDIX27C611500;BRBMEFCIXB65;FINANCIAL;-;-;-;-;-;-;-;-;-;980,64;-;-;-;-;-;-;-
IDIX27C611600;BRBMEFCIXB73;FINANCIAL;-;-;-;-;-;-;-;-;-;967,51;-;-;-;-;-;-;-
IDIX27C611700;BRBMEFCIXB81;FINANCIAL;-;-;-;-;-;-;-;-;-;954,44;-;-;-;-;-;-;-
IDIX27C611800;BRBMEFCIXB99;FINANCIAL;-;-;-;-;-;-;-;-;-;941,45;-;-;-;-;-;-;-
IDIX27C611900;BRBMEFCIXBA4;FINANCIAL;-;-;-;-;-;-;-;-;-;928,88;-;-;-;-;-;-;-
IDIX27C612000;BRBMEFCIXBB2;FINANCIAL;-;-;-;-;-;-;-;-;-;917,06;-;-;-;-;-;-;-
IDIX27C612100;BRBMEFCIXBC0;FINANCIAL;-;-;-;-;-;-;-;-;-;905,98;-;-;-;-;-;-;-
IDIX27C612200;BRBMEFCIXBD8;FINANCIAL;-;-;-;-;-;-;-;-;-;895,11;-;-;-;-;-;-;-
IDIX27C612300;BRBMEFCIXBE6;FINANCIAL;-;-;-;-;-;-;-;-;-;884,11;-;-;-;-;-;-;-
IDIX27C612400;BRBMEFCIXBF3;FINANCIAL;-;-;-;-;-;-;-;-;-;873,14;-;-;-;-;-;-;-
IDIX27C612500;BRBMEFCIXBG1;FINANCIAL;-;-;-;-;-;-;-;-;-;862,2;-;-;-;-;-;-;-
IDIX27C612600;BRBMEFCIXBH9;FINANCIAL;-;-;-;-;-;-;-;-;-;851,47;-;-;-;-;-;-;-
IDIX27C612700;BRBMEFCIXBI7;FINANCIAL;-;-;-;-;-;-;-;-;-;840,94;-;-;-;-;-;-;-
IDIX27C612800;BRBMEFCIXBJ5;FINANCIAL;-;-;-;-;-;-;-;-;-;830,43;-;-;-;-;-;-;-
IDIX27P611300;BRBMEFVIXB70;FINANCIAL;-;-;-;-;-;-;-;-;-;4721,16;-;-;-;-;-;-;-
IDIX27P611400;BRBMEFVIXB88;FINANCIAL;-;-;-;-;-;-;-;-;-;4795,71;-;-;-;-;-;-;-
IDIX27P611500;BRBMEFVIXB96;FINANCIAL;-;-;-;-;-;-;-;-;-;4870,35;-;-;-;-;-;-;-
IDIX27P611600;BRBMEFVIXBA4;FINANCIAL;-;-;-;-;-;-;-;-;-;4945,23;-;-;-;-;-;-;-
IDIX27P611700;BRBMEFVIXBB2;FINANCIAL;-;-;-;-;-;-;-;-;-;5020,18;-;-;-;-;-;-;-
IDIX27P611800;BRBMEFVIXBC0;FINANCIAL;-;-;-;-;-;-;-;-;-;5095,21;-;-;-;-;-;-;-
IDIX27P611900;BRBMEFVIXBD8;FINANCIAL;-;-;-;-;-;-;-;-;-;5170,65;-;-;-;-;-;-;-
IDIX27P612000;BRBMEFVIXBE6;FINANCIAL;-;-;-;-;-;-;-;-;-;5246,84;-;-;-;-;-;-;-
IDIX27P612100;BRBMEFVIXBF3;FINANCIAL;-;-;-;-;-;-;-;-;-;5323,78;-;-;-;-;-;-;-
IDIX27P612200;BRBMEFVIXBG1;FINANCIAL;-;-;-;-;-;-;-;-;-;5400,93;-;-;-;-;-;-;-
IDIX27P612300;BRBMEFVIXBH9;FINANCIAL;-;-;-;-;-;-;-;-;-;5477,94;-;-;-;-;-;-;-
IDIX27P612400;BRBMEFVIXBI7;FINANCIAL;-;-;-;-;-;-;-;-;-;5554,99;-;-;-;-;-;-;-
IDIX27P612500;BRBMEFVIXBJ5;FINANCIAL;-;-;-;-;-;-;-;-;-;5632,07;-;-;-;-;-;-;-
IDIX27P612600;BRBMEFVIXBK3;FINANCIAL;-;-;-;-;-;-;-;-;-;5709,35;-;-;-;-;-;-;-
IDIX27P612700;BRBMEFVIXBL1;FINANCIAL;-;-;-;-;-;-;-;-;-;5786,83;-;-;-;-;-;-;-
IDIX27P612800;BRBMEFVIXBM9;FINANCIAL;-;-;-;-;-;-;-;-;-;5864,34;-;-;-;-;-;-;-
IDIK27C573300;BRBMEFCIKAP1;FINANCIAL;-;-;-;-;-;-;-;-;-;367,11;-;-;-;-;-;-;-
IDIK27C573400;BRBMEFCIKAQ9;FINANCIAL;-;-;-;-;-;-;-;-;-;355,74;-;-;-;-;-;-;-
IDIK27C573500;BRBMEFCIKAR7;FINANCIAL;-;-;-;-;-;-;-;-;-;345,88;-;-;-;-;-;-;-
IDIK27C573600;BRBMEFCIKAS5;FINANCIAL;-;-;-;-;-;-;-;-;-;336,72;-;-;-;-;-;-;-
IDIK27C573700;BRBMEFCIKAT3;FINANCIAL;-;-;-;-;-;-;-;-;-;329,79;-;-;-;-;-;-;-
IDIK27C573800;BRBMEFCIKAU1;FINANCIAL;-;-;-;-;-;-;-;-;-;322,56;-;-;-;-;-;-;-
IDIK27P573300;BRBMEFVIKAO4;FINANCIAL;-;-;-;-;-;-;-;-;-;1115,7;-;-;-;-;-;-;-
IDIK27P573400;BRBMEFVIKAP1;FINANCIAL;-;-;-;-;-;-;-;-;-;1197,67;-;-;-;-;-;-;-
IDIK27P573500;BRBMEFVIKAQ9;FINANCIAL;-;-;-;-;-;-;-;-;-;1281,14;-;-;-;-;-;-;-
IDIK27P573600;BRBMEFVIKAR7;FINANCIAL;-;-;-;-;-;-;-;-;-;1365,31;-;-;-;-;-;-;-
IDIK27P573700;BRBMEFVIKAS5;FINANCIAL;-;-;-;-;-;-;-;-;-;1451,71;-;-;-;-;-;-;-
IDIK27P573800;BRBMEFVIKAT3;FINANCIAL;-;-;-;-;-;-;-;-;-;1537,81;-;-;-;-;-;-;-
IDIM27C579500;BRBMEFCIMBY7;FINANCIAL;-;-;-;-;-;-;-;-;-;419,21;-;-;-;-;-;-;-
IDIM27C579600;BRBMEFCIMBZ4;FINANCIAL;-;-;-;-;-;-;-;-;-;410,89;-;-;-;-;-;-;-
IDIM27C579700;BRBMEFCIMC00;FINANCIAL;-;-;-;-;-;-;-;-;-;402,91;-;-;-;-;-;-;-
IDIM27C579800;BRBMEFCIMC18;FINANCIAL;-;-;-;-;-;-;-;-;-;395,39;-;-;-;-;-;-;-
IDIM27C579900;BRBMEFCIMC26;FINANCIAL;-;-;-;-;-;-;-;-;-;388,69;-;-;-;-;-;-;-
IDIM27C580000;BRBMEFCIMC34;FINANCIAL;-;-;-;-;-;-;-;-;-;382,36;-;-;-;-;-;-;-
IDIM27C580100;BRBMEFCIMC42;FINANCIAL;-;-;-;-;-;-;-;-;-;376,01;-;-;-;-;-;-;-
IDIM27C580200;BRBMEFCIMC59;FINANCIAL;-;-;-;-;-;-;-;-;-;369,61;-;-;-;-;-;-;-
IDIM27C580300;BRBMEFCIMC67;FINANCIAL;-;-;-;-;-;-;-;-;-;362,78;-;-;-;-;-;-;-
IDIM27C580400;BRBMEFCIMC75;FINANCIAL;-;-;-;-;-;-;-;-;-;355,66;-;-;-;-;-;-;-
IDIM27C580500;BRBMEFCIMC83;FINANCIAL;-;-;-;-;-;-;-;-;-;349,24;-;-;-;-;-;-;-
IDIM27P579500;BRBMEFVIMBY7;FINANCIAL;-;-;-;-;-;-;-;-;-;1919,18;-;-;-;-;-;-;-
IDIM27P579600;BRBMEFVIMBZ4;FINANCIAL;-;-;-;-;-;-;-;-;-;2003,33;-;-;-;-;-;-;-
IDIM27P579700;BRBMEFVIMC07;FINANCIAL;-;-;-;-;-;-;-;-;-;2087,81;-;-;-;-;-;-;-
IDIM27P579800;BRBMEFVIMC15;FINANCIAL;-;-;-;-;-;-;-;-;-;2172,75;-;-;-;-;-;-;-
IDIM27P579900;BRBMEFVIMC23;FINANCIAL;-;-;-;-;-;-;-;-;-;2258,51;-;-;-;-;-;-;-
IDIM27P580000;BRBMEFVIMC31;FINANCIAL;-;-;-;-;-;-;-;-;-;2344,65;-;-;-;-;-;-;-
IDIM27P580100;BRBMEFVIMC49;FINANCIAL;-;-;-;-;-;-;-;-;-;2430,76;-;-;-;-;-;-;-
IDIM27P580200;BRBMEFVIMC56;FINANCIAL;-;-;-;-;-;-;-;-;-;2516,82;-;-;-;-;-;-;-
IDIM27P580300;BRBMEFVIMC64;FINANCIAL;-;-;-;-;-;-;-;-;-;2602,46;-;-;-;-;-;-;-
IDIM27P580400;BRBMEFVIMC72;FINANCIAL;-;-;-;-;-;-;-;-;-;2687,8;-;-;-;-;-;-;-
IDIM27P580500;BRBMEFVIMC80;FINANCIAL;-;-;-;-;-;-;-;-;-;2773,84;-;-;-;-;-;-;-
IDIN27C585500;BRBMEFCICNK2;FINANCIAL;-;-;-;-;-;-;-;-;-;580,05;-;-;-;-;-;-;-
IDIN27C586000;BRBMEFCICNL0;FINANCIAL;-;-;-;-;-;-;-;-;-;525,07;-;-;-;-;-;-;-
IDIN27C587000;BRBMEFCICNM8;FINANCIAL;-;-;-;-;-;-;-;-;-;445,22;-;-;-;-;-;-;-
IDIN27C587500;BRBMEFCICNN6;FINANCIAL;-;-;-;-;-;-;-;-;-;410,37;-;-;-;-;-;-;-
IDIN27P585500;BRBMEFVI2NK3;FINANCIAL;-;-;-;-;-;-;-;-;-;2051,23;-;-;-;-;-;-;-
IDIN27P586000;BRBMEFVI2NL1;FINANCIAL;-;-;-;-;-;-;-;-;-;2453,81;-;-;-;-;-;-;-
IDIN27P587000;BRBMEFVI2NM9;FINANCIAL;-;-;-;-;-;-;-;-;-;3289,06;-;-;-;-;-;-;-
IDIN27P587500;BRBMEFVI2NN7;FINANCIAL;-;-;-;-;-;-;-;-;-;3711,76;-;-;-;-;-;-;-
IDIQ27C593000;BRBMEFCIQA16;FINANCIAL;-;-;-;-;-;-;-;-;-;589,66;-;-;-;-;-;-;-
IDIQ27C593100;BRBMEFCIQA24;FINANCIAL;-;-;-;-;-;-;-;-;-;581,3;-;-;-;-;-;-;-
IDIQ27C593200;BRBMEFCIQA32;FINANCIAL;-;-;-;-;-;-;-;-;-;572,76;-;-;-;-;-;-;-
IDIQ27C593300;BRBMEFCIQA40;FINANCIAL;-;-;-;-;-;-;-;-;-;564,35;-;-;-;-;-;-;-
IDIQ27C593400;BRBMEFCIQA57;FINANCIAL;-;-;-;-;-;-;-;-;-;555,91;-;-;-;-;-;-;-
IDIQ27C593500;BRBMEFCIQA65;FINANCIAL;-;-;-;-;-;-;-;-;-;547,73;-;-;-;-;-;-;-
IDIQ27C593600;BRBMEFCIQA73;FINANCIAL;-;-;-;-;-;-;-;-;-;539,51;-;-;-;-;-;-;-
IDIQ27C593700;BRBMEFCIQA81;FINANCIAL;-;-;-;-;-;-;-;-;-;531,4;-;-;-;-;-;-;-
IDIQ27C593800;BRBMEFCIQA99;FINANCIAL;-;-;-;-;-;-;-;-;-;523,52;-;-;-;-;-;-;-
IDIQ27C593900;BRBMEFCIQAA0;FINANCIAL;-;-;-;-;-;-;-;-;-;516,02;-;-;-;-;-;-;-
IDIQ27C594000;BRBMEFCIQAB8;FINANCIAL;-;-;-;-;-;-;-;-;-;508,87;-;-;-;-;-;-;-
IDIQ27C594100;BRBMEFCIQAC6;FINANCIAL;-;-;-;-;-;-;-;-;-;501,52;-;-;-;-;-;-;-
IDIQ27C594200;BRBMEFCIQAD4;FINANCIAL;-;-;-;-;-;-;-;-;-;493,71;-;-;-;-;-;-;-
IDIQ27P593000;BRBMEFVIQA13;FINANCIAL;-;-;-;-;-;-;-;-;-;3422,61;-;-;-;-;-;-;-
IDIQ27P593100;BRBMEFVIQA21;FINANCIAL;-;-;-;-;-;-;-;-;-;3504,83;-;-;-;-;-;-;-
IDIQ27P593200;BRBMEFVIQA39;FINANCIAL;-;-;-;-;-;-;-;-;-;3586,88;-;-;-;-;-;-;-
IDIQ27P593300;BRBMEFVIQA47;FINANCIAL;-;-;-;-;-;-;-;-;-;3669,05;-;-;-;-;-;-;-
IDIQ27P593400;BRBMEFVIQA54;FINANCIAL;-;-;-;-;-;-;-;-;-;3751,19;-;-;-;-;-;-;-
IDIQ27P593500;BRBMEFVIQA62;FINANCIAL;-;-;-;-;-;-;-;-;-;3833,6;-;-;-;-;-;-;-
IDIQ27P593600;BRBMEFVIQA70;FINANCIAL;-;-;-;-;-;-;-;-;-;3915,96;-;-;-;-;-;-;-
IDIQ27P593700;BRBMEFVIQA88;FINANCIAL;-;-;-;-;-;-;-;-;-;3998,43;-;-;-;-;-;-;-
IDIQ27P593800;BRBMEFVIQA96;FINANCIAL;-;-;-;-;-;-;-;-;-;4081,14;-;-;-;-;-;-;-
IDIQ27P593900;BRBMEFVIQAA0;FINANCIAL;-;-;-;-;-;-;-;-;-;4164,21;-;-;-;-;-;-;-
IDIQ27P594000;BRBMEFVIQAB8;FINANCIAL;-;-;-;-;-;-;-;-;-;4247,64;-;-;-;-;-;-;-
IDIQ27P594100;BRBMEFVIQAC6;FINANCIAL;-;-;-;-;-;-;-;-;-;4330,88;-;-;-;-;-;-;-
IDIQ27P594200;BRBMEFVIQAD4;FINANCIAL;-;-;-;-;-;-;-;-;-;4413,65;-;-;-;-;-;-;-
IDIV27C595000;BRBMEFCVV0A5;FINANCIAL;-;-;-;-;-;-;-;-;-;5931,4;-;-;-;-;-;-;-
IDIV27C595500;BRBMEFCVV0B3;FINANCIAL;-;-;-;-;-;-;-;-;-;5514,81;-;-;-;-;-;-;-
IDIV27C596000;BRBMEFCVV0C1;FINANCIAL;-;-;-;-;-;-;-;-;-;5107,16;-;-;-;-;-;-;-
IDIV27C596500;BRBMEFCVV0D9;FINANCIAL;-;-;-;-;-;-;-;-;-;4709,6;-;-;-;-;-;-;-
IDIV27C597000;BRBMEFCVV0E7;FINANCIAL;-;-;-;-;-;-;-;-;-;4324,56;-;-;-;-;-;-;-
IDIV27C597500;BRBMEFCVV0F4;FINANCIAL;-;-;-;-;-;-;-;-;-;3957,5;-;-;-;-;-;-;-
IDIV27C598000;BRBMEFCVV0G2;FINANCIAL;-;-;-;-;-;-;-;-;-;3607,49;-;-;-;-;-;-;-
IDIV27C598500;BRBMEFCVV0H0;FINANCIAL;-;-;-;-;-;-;-;-;-;3281,97;-;-;-;-;-;-;-
IDIV27C599000;BRBMEFCVV0I8;FINANCIAL;-;-;-;-;-;-;-;-;-;2975,48;-;-;-;-;-;-;-
IDIV27C599500;BRBMEFCVV0J6;FINANCIAL;-;-;-;-;-;-;-;-;-;2692,18;-;-;-;-;-;-;-
IDIV27C600000;BRBMEFCVV0K4;FINANCIAL;-;-;-;-;-;-;-;-;-;2423,38;-;-;-;-;-;-;-
IDIV27C600500;BRBMEFCVV0L2;FINANCIAL;-;-;-;-;-;-;-;-;-;2179,57;-;-;-;-;-;-;-
IDIV27C601000;BRBMEFCVV0M0;FINANCIAL;-;-;-;-;-;-;-;-;-;1957,41;-;-;-;-;-;-;-
IDIV27C601500;BRBMEFCVV0N8;FINANCIAL;-;-;-;-;-;-;-;-;-;1759,89;-;-;-;-;-;-;-
IDIV27C602000;BRBMEFCVV0O6;FINANCIAL;-;-;-;-;-;-;-;-;-;1589,6;-;-;-;-;-;-;-
IDIV27C602500;BRBMEFCVV0P3;FINANCIAL;-;-;-;-;-;-;-;-;-;1437,35;-;-;-;-;-;-;-
IDIV27C603000;BRBMEFCVV0Q1;FINANCIAL;-;-;-;-;-;-;-;-;-;1302,23;-;-;-;-;-;-;-
IDIV27C603500;BRBMEFCVV0R9;FINANCIAL;-;-;-;-;-;-;-;-;-;1184,66;-;-;-;-;-;-;-
IDIV27C604000;BRBMEFCVV0S7;FINANCIAL;-;-;-;-;-;-;-;-;-;1080,63;-;-;-;-;-;-;-
IDIV27C604500;BRBMEFCVV0T5;FINANCIAL;-;-;-;-;-;-;-;-;-;994,08;-;-;-;-;-;-;-
IDIV27C606400;BRBMEFCVV0U3;FINANCIAL;-;-;-;-;-;-;-;-;-;757,69;-;-;-;-;-;-;-
IDIV27C606500;BRBMEFCVV0V1;FINANCIAL;-;-;-;-;-;-;-;-;-;747,82;-;-;-;-;-;-;-
IDIV27C606600;BRBMEFCVV0W9;FINANCIAL;-;-;-;-;-;-;-;-;-;738;-;-;-;-;-;-;-
IDIV27C606700;BRBMEFCVV0X7;FINANCIAL;-;-;-;-;-;-;-;-;-;728,23;-;-;-;-;-;-;-
IDIV27C606800;BRBMEFCVV0Y5;FINANCIAL;-;-;-;-;-;-;-;-;-;718,67;-;-;-;-;-;-;-
IDIV27C606900;BRBMEFCVV0Z2;FINANCIAL;-;-;-;-;-;-;-;-;-;709,3;-;-;-;-;-;-;-
IDIV27P595000;BRBMEFVIC0A2;FINANCIAL;-;-;-;-;-;-;-;-;-;80,93;-;-;-;-;-;-;-
IDIV27P595500;BRBMEFVIC0B0;FINANCIAL;-;-;-;-;-;-;-;-;-;108,43;-;-;-;-;-;-;-
IDIV27P596000;BRBMEFVIC0C8;FINANCIAL;-;-;-;-;-;-;-;-;-;144,88;-;-;-;-;-;-;-
IDIV27P596500;BRBMEFVIC0D6;FINANCIAL;-;-;-;-;-;-;-;-;-;191,41;-;-;-;-;-;-;-
IDIV27P597000;BRBMEFVIC0E4;FINANCIAL;-;-;-;-;-;-;-;-;-;250,47;-;-;-;-;-;-;-
IDIV27P597500;BRBMEFVIC0F1;FINANCIAL;-;-;-;-;-;-;-;-;-;327,5;-;-;-;-;-;-;-
IDIV27P598000;BRBMEFVIC0G9;FINANCIAL;-;-;-;-;-;-;-;-;-;421,59;-;-;-;-;-;-;-
IDIV27P598500;BRBMEFVIC0H7;FINANCIAL;-;-;-;-;-;-;-;-;-;540,16;-;-;-;-;-;-;-
IDIV27P599000;BRBMEFVIC0I5;FINANCIAL;-;-;-;-;-;-;-;-;-;677,76;-;-;-;-;-;-;-
IDIV27P599500;BRBMEFVIC0J3;FINANCIAL;-;-;-;-;-;-;-;-;-;838,56;-;-;-;-;-;-;-
IDIV27P600000;BRBMEFVIC0K1;FINANCIAL;-;-;-;-;-;-;-;-;-;1013,86;-;-;-;-;-;-;-
IDIV27P600500;BRBMEFVIC0L9;FINANCIAL;-;-;-;-;-;-;-;-;-;1214,14;-;-;-;-;-;-;-
IDIV27P601000;BRBMEFVIC0M7;FINANCIAL;-;-;-;-;-;-;-;-;-;1436,08;-;-;-;-;-;-;-
IDIV27P601500;BRBMEFVIC0N5;FINANCIAL;-;-;-;-;-;-;-;-;-;1682,65;-;-;-;-;-;-;-
IDIV27P602000;BRBMEFVIC0O3;FINANCIAL;-;-;-;-;-;-;-;-;-;1956,46;-;-;-;-;-;-;-
IDIV27P602500;BRBMEFVIC0P0;FINANCIAL;-;-;-;-;-;-;-;-;-;2248,3;-;-;-;-;-;-;-
IDIV27P603000;BRBMEFVIC0Q8;FINANCIAL;-;-;-;-;-;-;-;-;-;2557,27;-;-;-;-;-;-;-
IDIV27P603500;BRBMEFVIC0R6;FINANCIAL;-;-;-;-;-;-;-;-;-;2883,8;-;-;-;-;-;-;-
IDIV27P604000;BRBMEFVIC0S4;FINANCIAL;-;-;-;-;-;-;-;-;-;3223,87;-;-;-;-;-;-;-
IDIV27P604500;BRBMEFVIC0T2;FINANCIAL;-;-;-;-;-;-;-;-;-;3581,41;-;-;-;-;-;-;-
IDIV27P606400;BRBMEFVIC0U0;FINANCIAL;-;-;-;-;-;-;-;-;-;5032,58;-;-;-;-;-;-;-
IDIV27P606500;BRBMEFVIC0V8;FINANCIAL;-;-;-;-;-;-;-;-;-;5111,53;-;-;-;-;-;-;-
IDIV27P606600;BRBMEFVIC0W6;FINANCIAL;-;-;-;-;-;-;-;-;-;5190,53;-;-;-;-;-;-;-
IDIV27P606700;BRBMEFVIC0X4;FINANCIAL;-;-;-;-;-;-;-;-;-;5269,58;-;-;-;-;-;-;-
IDIV27P606800;BRBMEFVIC0Y2;FINANCIAL;-;-;-;-;-;-;-;-;-;5348,84;-;-;-;-;-;-;-
IDIV27P606900;BRBMEFVIC0Z9;FINANCIAL;-;-;-;-;-;-;-;-;-;5428,29;-;-;-;-;-;-;-
IDIX27C612900;BRBMEFCIXBK3;FINANCIAL;-;-;-;-;-;-;-;-;-;819,95;-;-;-;-;-;-;-
IDIX27C613000;BRBMEFCIXBL1;FINANCIAL;-;-;-;-;-;-;-;-;-;809,82;-;-;-;-;-;-;-
IDIX27C613100;BRBMEFCIXBM9;FINANCIAL;-;-;-;-;-;-;-;-;-;799,71;-;-;-;-;-;-;-
IDIX27C613200;BRBMEFCIXBN7;FINANCIAL;-;-;-;-;-;-;-;-;-;789,78;-;-;-;-;-;-;-
IDIX27C613300;BRBMEFCIXBO5;FINANCIAL;-;-;-;-;-;-;-;-;-;780,04;-;-;-;-;-;-;-
IDIX27C613400;BRBMEFCIXBP2;FINANCIAL;-;-;-;-;-;-;-;-;-;770,62;-;-;-;-;-;-;-
IDIX27C613500;BRBMEFCIXBQ0;FINANCIAL;-;-;-;-;-;-;-;-;-;761,21;-;-;-;-;-;-;-
IDIX27C613600;BRBMEFCIXBR8;FINANCIAL;-;-;-;-;-;-;-;-;-;751,97;-;-;-;-;-;-;-
IDIX27C613700;BRBMEFCIXBS6;FINANCIAL;-;-;-;-;-;-;-;-;-;742,44;-;-;-;-;-;-;-
IDIX27C613800;BRBMEFCIXBT4;FINANCIAL;-;-;-;-;-;-;-;-;-;732,92;-;-;-;-;-;-;-
IDIX27C613900;BRBMEFCIXBU2;FINANCIAL;-;-;-;-;-;-;-;-;-;723,41;-;-;-;-;-;-;-
IDIX27C614000;BRBMEFCIXBV0;FINANCIAL;-;-;-;-;-;-;-;-;-;714,22;-;-;-;-;-;-;-
IDIX27C614100;BRBMEFCIXBW8;FINANCIAL;-;-;-;-;-;-;-;-;-;705,19;-;-;-;-;-;-;-
IDIX27C614200;BRBMEFCIXBX6;FINANCIAL;-;-;-;-;-;-;-;-;-;696,6;-;-;-;-;-;-;-
IDIX27C614300;BRBMEFCIXBY4;FINANCIAL;-;-;-;-;-;-;-;-;-;688,02;-;-;-;-;-;-;-
IDIX27C614400;BRBMEFCIXBZ1;FINANCIAL;-;-;-;-;-;-;-;-;-;679,74;-;-;-;-;-;-;-
IDIX27C614500;BRBMEFCIXC07;FINANCIAL;-;-;-;-;-;-;-;-;-;671,45;-;-;-;-;-;-;-
IDIX27C614600;BRBMEFCIXC15;FINANCIAL;-;-;-;-;-;-;-;-;-;663,3;-;-;-;-;-;-;-
IDIX27C614700;BRBMEFCIXC23;FINANCIAL;-;-;-;-;-;-;-;-;-;655,01;-;-;-;-;-;-;-
IDIX27C614800;BRBMEFCIXC31;FINANCIAL;-;-;-;-;-;-;-;-;-;646,86;-;-;-;-;-;-;-
IDIX27C614900;BRBMEFCIXC49;FINANCIAL;-;-;-;-;-;-;-;-;-;638,85;-;-;-;-;-;-;-
IDIX27P612900;BRBMEFVIXBN7;FINANCIAL;-;-;-;-;-;-;-;-;-;5941,87;-;-;-;-;-;-;-
IDIX27P613000;BRBMEFVIXBO5;FINANCIAL;-;-;-;-;-;-;-;-;-;6019,76;-;-;-;-;-;-;-
IDIX27P613100;BRBMEFVIXBP2;FINANCIAL;-;-;-;-;-;-;-;-;-;6097,66;-;-;-;-;-;-;-
IDIX27P613200;BRBMEFVIXBQ0;FINANCIAL;-;-;-;-;-;-;-;-;-;6175,75;-;-;-;-;-;-;-
IDIX27P613300;BRBMEFVIXBR8;FINANCIAL;-;-;-;-;-;-;-;-;-;6254,02;-;-;-;-;-;-;-
IDIX27P613400;BRBMEFVIXBS6;FINANCIAL;-;-;-;-;-;-;-;-;-;6332,62;-;-;-;-;-;-;-
IDIX27P613500;BRBMEFVIXBT4;FINANCIAL;-;-;-;-;-;-;-;-;-;6411,23;-;-;-;-;-;-;-
IDIX27P613600;BRBMEFVIXBU2;FINANCIAL;-;-;-;-;-;-;-;-;-;6490;-;-;-;-;-;-;-
IDIX27P613700;BRBMEFVIXBV0;FINANCIAL;-;-;-;-;-;-;-;-;-;6568,48;-;-;-;-;-;-;-
IDIX27P613800;BRBMEFVIXBW8;FINANCIAL;-;-;-;-;-;-;-;-;-;6646,98;-;-;-;-;-;-;-
IDIX27P613900;BRBMEFVIXBX6;FINANCIAL;-;-;-;-;-;-;-;-;-;6725,49;-;-;-;-;-;-;-
IDIX27P614000;BRBMEFVIXBY4;FINANCIAL;-;-;-;-;-;-;-;-;-;6804,31;-;-;-;-;-;-;-
IDIX27P614100;BRBMEFVIXBZ1;FINANCIAL;-;-;-;-;-;-;-;-;-;6883,29;-;-;-;-;-;-;-
IDIX27P614200;BRBMEFVIXC04;FINANCIAL;-;-;-;-;-;-;-;-;-;6962,73;-;-;-;-;-;-;-
IDIX27P614300;BRBMEFVIXC12;FINANCIAL;-;-;-;-;-;-;-;-;-;7042,16;-;-;-;-;-;-;-
IDIX27P614400;BRBMEFVIXC20;FINANCIAL;-;-;-;-;-;-;-;-;-;7121,89;-;-;-;-;-;-;-
IDIX27P614500;BRBMEFVIXC38;FINANCIAL;-;-;-;-;-;-;-;-;-;7201,62;-;-;-;-;-;-;-
IDIX27P614600;BRBMEFVIXC46;FINANCIAL;-;-;-;-;-;-;-;-;-;7281,49;-;-;-;-;-;-;-
IDIX27P614700;BRBMEFVIXC53;FINANCIAL;-;-;-;-;-;-;-;-;-;7361,21;-;-;-;-;-;-;-
IDIX27P614800;BRBMEFVIXC61;FINANCIAL;-;-;-;-;-;-;-;-;-;7441,08;-;-;-;-;-;-;-
IDIX27P614900;BRBMEFVIXC79;FINANCIAL;-;-;-;-;-;-;-;-;-;7521,08;-;-;-;-;-;-;-
IDIG27C554800;BRBMEFCIG8C0;FINANCIAL;-;-;-;-;-;-;-;-;-;1147,68;-;-;-;-;-;-;-
IDIG27C554900;BRBMEFCIG8D8;FINANCIAL;-;-;-;-;-;-;-;-;-;1051,76;-;-;-;-;-;-;-
IDIG27C555000;BRBMEFCIG8E6;FINANCIAL;-;-;-;-;-;-;-;-;-;955,83;-;-;-;-;-;-;-
IDIG27C555100;BRBMEFCIG8F3;FINANCIAL;-;-;-;-;-;-;-;-;-;859,96;-;-;-;-;-;-;-
IDIG27C555200;BRBMEFCIG8G1;FINANCIAL;-;-;-;-;-;-;-;-;-;764,22;-;-;-;-;-;-;-
IDIG27P553600;BRBMEFVIG805;FINANCIAL;-;-;-;-;-;-;-;-;-;0,01;-;-;-;-;-;-;-
IDIG27P553700;BRBMEFVIG813;FINANCIAL;-;-;-;-;-;-;-;-;-;0,01;-;-;-;-;-;-;-
IDIG27P553800;BRBMEFVIG821;FINANCIAL;-;-;-;-;-;-;-;-;-;0,01;-;-;-;-;-;-;-
IDIG27P553900;BRBMEFVIG839;FINANCIAL;-;-;-;-;-;-;-;-;-;0,01;-;-;-;-;-;-;-
IDIG27P554000;BRBMEFVIG847;FINANCIAL;-;-;-;-;-;-;-;-;-;0,01;-;-;-;-;-;-;-
IDIG27P554100;BRBMEFVIG854;FINANCIAL;-;-;-;-;-;-;-;-;-;0,01;-;-;-;-;-;-;-
IDIG27P554200;BRBMEFVIG862;FINANCIAL;-;-;-;-;-;-;-;-;-;0,03;-;-;-;-;-;-;-
IDIG27P554300;BRBMEFVIG870;FINANCIAL;-;-;-;-;-;-;-;-;-;0,06;-;-;-;-;-;-;-
IDIG27P554400;BRBMEFVIG888;FINANCIAL;-;-;-;-;-;-;-;-;-;0,12;-;-;-;-;-;-;-
IDIG27P554500;BRBMEFVIG896;FINANCIAL;-;-;-;-;-;-;-;-;-;0,24;-;-;-;-;-;-;-
IDIG27P554600;BRBMEFVIG8A1;FINANCIAL;-;-;-;-;-;-;-;-;-;0,47;-;-;-;-;-;-;-
IDIG27P554700;BRBMEFVIG8B9;FINANCIAL;-;-;-;-;-;-;-;-;-;0,88;-;-;-;-;-;-;-
IDIG27P554800;BRBMEFVIG8C7;FINANCIAL;-;-;-;-;-;-;-;-;-;1,6;-;-;-;-;-;-;-
IDIG27P554900;BRBMEFVIG8D5;FINANCIAL;-;-;-;-;-;-;-;-;-;1,79;-;-;-;-;-;-;-
IDIG27P555000;BRBMEFVIG8E3;FINANCIAL;-;-;-;-;-;-;-;-;-;1,96;-;-;-;-;-;-;-
IDIG27P555100;BRBMEFVIG8F0;FINANCIAL;-;-;-;-;-;-;-;-;-;2,2;-;-;-;-;-;-;-
IDIG27P555200;BRBMEFVIG8G8;FINANCIAL;-;-;-;-;-;-;-;-;-;2,56;-;-;-;-;-;-;-
IDIH27C558600;BRBMEFCIH7K4;FINANCIAL;-;-;-;-;-;-;-;-;-;2138,75;-;-;-;-;-;-;-
IDIH27C558700;BRBMEFCIH7L2;FINANCIAL;-;-;-;-;-;-;-;-;-;2044,05;-;-;-;-;-;-;-
IDIH27C558800;BRBMEFCIH7M0;FINANCIAL;-;-;-;-;-;-;-;-;-;1949,57;-;-;-;-;-;-;-
IDIH27C558900;BRBMEFCIH7N8;FINANCIAL;-;-;-;-;-;-;-;-;-;1854,5;-;-;-;-;-;-;-
IDIH27C559000;BRBMEFCIH7O6;FINANCIAL;-;-;-;-;-;-;-;-;-;1759,34;-;-;-;-;-;-;-
IDIH27C559100;BRBMEFCIH7P3;FINANCIAL;-;-;-;-;-;-;-;-;-;1664,19;-;-;-;-;-;-;-
IDIH27C559200;BRBMEFCIH7Q1;FINANCIAL;-;-;-;-;-;-;-;-;-;1569,07;-;-;-;-;-;-;-
IDIH27C559300;BRBMEFCIH7R9;FINANCIAL;-;-;-;-;-;-;-;-;-;1473,95;-;-;-;-;-;-;-
IDIH27C559400;BRBMEFCIH7S7;FINANCIAL;-;-;-;-;-;-;-;-;-;1378,85;-;-;-;-;-;-;-
IDIH27C559500;BRBMEFCIH7T5;FINANCIAL;-;-;-;-;-;-;-;-;-;1283,78;-;-;-;-;-;-;-
IDIH27C559600;BRBMEFCIH7U3;FINANCIAL;-;-;-;-;-;-;-;-;-;1188,74;-;-;-;-;-;-;-
IDIH27C559700;BRBMEFCIH7V1;FINANCIAL;-;-;-;-;-;-;-;-;-;1093,8;-;-;-;-;-;-;-
IDIH27C559800;BRBMEFCIH7W9;FINANCIAL;-;-;-;-;-;-;-;-;-;998,99;-;-;-;-;-;-;-
IDIH27C559900;BRBMEFCIH7X7;FINANCIAL;-;-;-;-;-;-;-;-;-;904,61;-;-;-;-;-;-;-
IDIH27C560000;BRBMEFCIH7Y5;FINANCIAL;-;-;-;-;-;-;-;-;-;811,06;-;-;-;-;-;-;-
IDIH27C560100;BRBMEFCIH7Z2;FINANCIAL;-;-;-;-;-;-;-;-;-;718,39;-;-;-;-;-;-;-
IDIH27C560200;BRBMEFCIH803;FINANCIAL;-;-;-;-;-;-;-;-;-;627,43;-;-;-;-;-;-;-
IDIH27P558600;BRBMEFVIH7K1;FINANCIAL;-;-;-;-;-;-;-;-;-;1,33;-;-;-;-;-;-;-
IDIH27P558700;BRBMEFVIH7L9;FINANCIAL;-;-;-;-;-;-;-;-;-;1,91;-;-;-;-;-;-;-
IDIH27P558800;BRBMEFVIH7M7;FINANCIAL;-;-;-;-;-;-;-;-;-;2,7;-;-;-;-;-;-;-
IDIH27P558900;BRBMEFVIH7N5;FINANCIAL;-;-;-;-;-;-;-;-;-;2,9;-;-;-;-;-;-;-
IDIH27P559000;BRBMEFVIH7O3;FINANCIAL;-;-;-;-;-;-;-;-;-;3,01;-;-;-;-;-;-;-
IDIH27P559100;BRBMEFVIH7P0;FINANCIAL;-;-;-;-;-;-;-;-;-;3,14;-;-;-;-;-;-;-
IDIH27P559200;BRBMEFVIH7Q8;FINANCIAL;-;-;-;-;-;-;-;-;-;3,28;-;-;-;-;-;-;-
IDIH27P559300;BRBMEFVIH7R6;FINANCIAL;-;-;-;-;-;-;-;-;-;3,44;-;-;-;-;-;-;-
IDIH27P559400;BRBMEFVIH7S4;FINANCIAL;-;-;-;-;-;-;-;-;-;3,61;-;-;-;-;-;-;-
IDIH27P559500;BRBMEFVIH7T2;FINANCIAL;-;-;-;-;-;-;-;-;-;3,81;-;-;-;-;-;-;-
IDIH27P559600;BRBMEFVIH7U0;FINANCIAL;-;-;-;-;-;-;-;-;-;4,04;-;-;-;-;-;-;-
IDIH27P559700;BRBMEFVIH7V8;FINANCIAL;-;-;-;-;-;-;-;-;-;4,37;-;-;-;-;-;-;-
IDIH27P559800;BRBMEFVIH7W6;FINANCIAL;-;-;-;-;-;-;-;-;-;4,84;-;-;-;-;-;-;-
IDIH27P559900;BRBMEFVIH7X4;FINANCIAL;-;-;-;-;-;-;-;-;-;5,72;-;-;-;-;-;-;-
IDIH27P560000;BRBMEFVIH7Y2;FINANCIAL;-;-;-;-;-;-;-;-;-;7,45;-;-;-;-;-;-;-
IDIH27P560100;BRBMEFVIH7Z9;FINANCIAL;-;-;-;-;-;-;-;-;-;10,05;-;-;-;-;-;-;-
IDIH27P560200;BRBMEFVIH803;FINANCIAL;-;-;-;-;-;-;-;-;-;14,36;-;-;-;-;-;-;-
IDIJ27C564600;BRBMEFCIJTW9;FINANCIAL;-;-;-;-;-;-;-;-;-;2101,28;-;-;-;-;-;-;-
IDIJ27C564700;BRBMEFCIJTX7;FINANCIAL;-;-;-;-;-;-;-;-;-;2007,22;-;-;-;-;-;-;-
IDIJ27C564800;BRBMEFCIJTY5;FINANCIAL;-;-;-;-;-;-;-;-;-;1913,17;-;-;-;-;-;-;-
IDIJ27C564900;BRBMEFCIJTZ2;FINANCIAL;-;-;-;-;-;-;-;-;-;1819,17;-;-;-;-;-;-;-
IDIJ27C565100;BRBMEFCIJU03;FINANCIAL;-;-;-;-;-;-;-;-;-;1631,29;-;-;-;-;-;-;-
IDIJ27C565200;BRBMEFCIJU11;FINANCIAL;-;-;-;-;-;-;-;-;-;1537,55;-;-;-;-;-;-;-
IDIJ27C565300;BRBMEFCIJU29;FINANCIAL;-;-;-;-;-;-;-;-;-;1444,13;-;-;-;-;-;-;-
IDIJ27C565400;BRBMEFCIJU37;FINANCIAL;-;-;-;-;-;-;-;-;-;1351,27;-;-;-;-;-;-;-
IDIJ27C565500;BRBMEFCIJU45;FINANCIAL;-;-;-;-;-;-;-;-;-;1259,19;-;-;-;-;-;-;-
IDIJ27C565600;BRBMEFCIJU52;FINANCIAL;-;-;-;-;-;-;-;-;-;1167,73;-;-;-;-;-;-;-
IDIJ27C565700;BRBMEFCIJU60;FINANCIAL;-;-;-;-;-;-;-;-;-;1077,73;-;-;-;-;-;-;-
IDIJ27C565800;BRBMEFCIJU78;FINANCIAL;-;-;-;-;-;-;-;-;-;989,04;-;-;-;-;-;-;-
IDIJ27C565900;BRBMEFCIJU86;FINANCIAL;-;-;-;-;-;-;-;-;-;903,32;-;-;-;-;-;-;-
IDIJ27C566000;BRBMEFCIJU94;FINANCIAL;-;-;-;-;-;-;-;-;-;819,99;-;-;-;-;-;-;-
IDIJ27C566100;BRBMEFCIJUA3;FINANCIAL;-;-;-;-;-;-;-;-;-;742,04;-;-;-;-;-;-;-
IDIJ27C566200;BRBMEFCIJUB1;FINANCIAL;-;-;-;-;-;-;-;-;-;669,79;-;-;-;-;-;-;-
IDIJ27C566300;BRBMEFCIJUC9;FINANCIAL;-;-;-;-;-;-;-;-;-;605,74;-;-;-;-;-;-;-
IDIJ27P564600;BRBMEFVIJTW9;FINANCIAL;-;-;-;-;-;-;-;-;-;5,76;-;-;-;-;-;-;-
IDIJ27P564700;BRBMEFVIJTX7;FINANCIAL;-;-;-;-;-;-;-;-;-;5,97;-;-;-;-;-;-;-
IDIJ27P564800;BRBMEFVIJTY5;FINANCIAL;-;-;-;-;-;-;-;-;-;6,18;-;-;-;-;-;-;-
IDIJ27P564900;BRBMEFVIJTZ2;FINANCIAL;-;-;-;-;-;-;-;-;-;6,45;-;-;-;-;-;-;-
IDIJ27P565100;BRBMEFVIJU00;FINANCIAL;-;-;-;-;-;-;-;-;-;7,1;-;-;-;-;-;-;-
IDIJ27P565200;BRBMEFVIJU18;FINANCIAL;-;-;-;-;-;-;-;-;-;7,63;-;-;-;-;-;-;-
IDIJ27P565300;BRBMEFVIJU26;FINANCIAL;-;-;-;-;-;-;-;-;-;8,47;-;-;-;-;-;-;-
IDIJ27P565400;BRBMEFVIJU34;FINANCIAL;-;-;-;-;-;-;-;-;-;9,88;-;-;-;-;-;-;-
IDIJ27P565500;BRBMEFVIJU42;FINANCIAL;-;-;-;-;-;-;-;-;-;12,07;-;-;-;-;-;-;-
IDIJ27P565600;BRBMEFVIJU59;FINANCIAL;-;-;-;-;-;-;-;-;-;14,88;-;-;-;-;-;-;-
IDIJ27P565700;BRBMEFVIJU67;FINANCIAL;-;-;-;-;-;-;-;-;-;19,14;-;-;-;-;-;-;-
IDIJ27P565800;BRBMEFVIJU75;FINANCIAL;-;-;-;-;-;-;-;-;-;24,72;-;-;-;-;-;-;-
IDIJ27P565900;BRBMEFVIJU83;FINANCIAL;-;-;-;-;-;-;-;-;-;33,26;-;-;-;-;-;-;-
IDIJ27P566000;BRBMEFVIJU91;FINANCIAL;-;-;-;-;-;-;-;-;-;44,2;-;-;-;-;-;-;-
IDIJ27P566100;BRBMEFVIJUA3;FINANCIAL;-;-;-;-;-;-;-;-;-;60,52;-;-;-;-;-;-;-
IDIJ27P566200;BRBMEFVIJUB1;FINANCIAL;-;-;-;-;-;-;-;-;-;82,53;-;-;-;-;-;-;-
IDIJ27P566300;BRBMEFVIJUC9;FINANCIAL;-;-;-;-;-;-;-;-;-;112,75;-;-;-;-;-;-;-
IDIX26C538400;BRBMEFCIX9Z8;FINANCIAL;-;-;-;-;-;-;-;-;-;1094,97;-;-;-;-;-;-;-
IDIX26C538500;BRBMEFCIXA09;FINANCIAL;-;-;-;-;-;-;-;-;-;995,93;-;-;-;-;-;-;-
IDIX26C538600;BRBMEFCIXA17;FINANCIAL;-;-;-;-;-;-;-;-;-;896,89;-;-;-;-;-;-;-
IDIX26C538700;BRBMEFCIXA25;FINANCIAL;-;-;-;-;-;-;-;-;-;797,85;-;-;-;-;-;-;-
IDIX26C538800;BRBMEFCIXA33;FINANCIAL;-;-;-;-;-;-;-;-;-;698,81;-;-;-;-;-;-;-
IDIX26C538900;BRBMEFCIXA41;FINANCIAL;-;-;-;-;-;-;-;-;-;599,77;-;-;-;-;-;-;-
IDIX26C539000;BRBMEFCIXA58;FINANCIAL;-;-;-;-;-;-;-;-;-;500,74;-;-;-;-;-;-;-
IDIX26C539100;BRBMEFCIXA66;FINANCIAL;-;-;-;-;-;-;-;-;-;401,7;-;-;-;-;-;-;-
IDIX26C539200;BRBMEFCIXA74;FINANCIAL;-;-;-;-;-;-;-;-;-;302,66;-;-;-;-;-;-;-
IDIX26C539300;BRBMEFCIXA82;FINANCIAL;-;-;-;-;-;-;-;-;-;203,62;-;-;-;-;-;-;-
IDIX26C539400;BRBMEFCIXA90;FINANCIAL;-;-;-;-;-;-;-;-;-;104,58;-;-;-;-;-;-;-
IDIX26C539500;BRBMEFCIXAA6;FINANCIAL;-;-;-;-;-;-;-;-;-;8,49;-;-;-;-;-;-;-
IDIX26C539600;BRBMEFCIXAB4;FINANCIAL;-;-;-;-;-;-;-;-;-;0,27;-;-;-;-;-;-;-
IDIX26C539700;BRBMEFCIXAC2;FINANCIAL;-;-;-;-;-;-;-;-;-;0,01;-;-;-;-;-;-;-
IDIX26C539800;BRBMEFCIXAD0;FINANCIAL;-;-;-;-;-;-;-;-;-;0,01;-;-;-;-;-;-;-
IDIX26C539900;BRBMEFCIXAE8;FINANCIAL;-;-;-;-;-;-;-;-;-;0,01;-;-;-;-;-;-;-
IDIX26C540000;BRBMEFCIXAF5;FINANCIAL;-;-;-;-;-;-;-;-;-;0,01;-;-;-;-;-;-;-
IDIX26P538400;BRBMEFVIXA22;FINANCIAL;-;-;-;-;-;-;-;-;-;0,01;-;-;-;-;-;-;-
IDIX26P538500;BRBMEFVIXA30;FINANCIAL;-;-;-;-;-;-;-;-;-;0,01;-;-;-;-;-;-;-
IDIX26P538600;BRBMEFVIXA48;FINANCIAL;-;-;-;-;-;-;-;-;-;0,01;-;-;-;-;-;-;-
IDIX26P538700;BRBMEFVIXA55;FINANCIAL;-;-;-;-;-;-;-;-;-;0,01;-;-;-;-;-;-;-
IDIX26P538800;BRBMEFVIXA63;FINANCIAL;-;-;-;-;-;-;-;-;-;0,01;-;-;-;-;-;-;-
IDIX26P538900;BRBMEFVIXA71;FINANCIAL;-;-;-;-;-;-;-;-;-;0,01;-;-;-;-;-;-;-
IDIX26P539000;BRBMEFVIXA89;FINANCIAL;-;-;-;-;-;-;-;-;-;0,01;-;-;-;-;-;-;-
IDIX26P539100;BRBMEFVIXA97;FINANCIAL;-;-;-;-;-;-;-;-;-;0,01;-;-;-;-;-;-;-
IDIX26P539200;BRBMEFVIXAA6;FINANCIAL;-;-;-;-;-;-;-;-;-;0,01;-;-;-;-;-;-;-
IDIX26P539300;BRBMEFVIXAB4;FINANCIAL;-;-;-;-;-;-;-;-;-;0,01;-;-;-;-;-;-;-
IDIX26P539400;BRBMEFVIXAC2;FINANCIAL;-;-;-;-;-;-;-;-;-;0,01;-;-;-;-;-;-;-
IDIX26P539500;BRBMEFVIXAD0;FINANCIAL;-;-;-;-;-;-;-;-;-;2,96;-;-;-;-;-;-;-
IDIX26P539600;BRBMEFVIXAE8;FINANCIAL;-;-;-;-;-;-;-;-;-;93,77;-;-;-;-;-;-;-
IDIX26P539700;BRBMEFVIXAF5;FINANCIAL;-;-;-;-;-;-;-;-;-;192,54;-;-;-;-;-;-;-
IDIX26P539800;BRBMEFVIXAG3;FINANCIAL;-;-;-;-;-;-;-;-;-;291,58;-;-;-;-;-;-;-
IDIX26P539900;BRBMEFVIXAH1;FINANCIAL;-;-;-;-;-;-;-;-;-;390,62;-;-;-;-;-;-;-
IDIX26P540000;BRBMEFVIXAI9;FINANCIAL;-;-;-;-;-;-;-;-;-;489,66;-;-;-;-;-;-;-
IDIZ26C543100;BRBMEFCIZ9F8;FINANCIAL;-;-;-;-;-;-;-;-;-;1515,16;-;-;-;-;-;-;-
IDIZ26C543200;BRBMEFCIZ9G6;FINANCIAL;-;-;-;-;-;-;-;-;-;1417,06;-;-;-;-;-;-;-
IDIZ26C543300;BRBMEFCIZ9H4;FINANCIAL;-;-;-;-;-;-;-;-;-;1318,95;-;-;-;-;-;-;-
IDIZ26C543400;BRBMEFCIZ9I2;FINANCIAL;-;-;-;-;-;-;-;-;-;1220,85;-;-;-;-;-;-;-
IDIZ26C543500;BRBMEFCIZ9J0;FINANCIAL;-;-;-;-;-;-;-;-;-;1122,74;-;-;-;-;-;-;-
IDIZ26C543600;BRBMEFCIZ9K8;FINANCIAL;-;-;-;-;-;-;-;-;-;1024,64;-;-;-;-;-;-;-
IDIZ26C543700;BRBMEFCIZ9L6;FINANCIAL;-;-;-;-;-;-;-;-;-;926,53;-;-;-;-;-;-;-
IDIZ26C543800;BRBMEFCIZ9M4;FINANCIAL;-;-;-;-;-;-;-;-;-;828,43;-;-;-;-;-;-;-
IDIZ26C543900;BRBMEFCIZ9N2;FINANCIAL;-;-;-;-;-;-;-;-;-;730,32;-;-;-;-;-;-;-
IDIZ26C544000;BRBMEFCIZ9O0;FINANCIAL;-;-;-;-;-;-;-;-;-;632,22;-;-;-;-;-;-;-
IDIZ26C544100;BRBMEFCIZ9P7;FINANCIAL;-;-;-;-;-;-;-;-;-;534,11;-;-;-;-;-;-;-
IDIZ26C544200;BRBMEFCIZ9Q5;FINANCIAL;-;-;-;-;-;-;-;-;-;436,01;-;-;-;-;-;-;-
IDIZ26C544300;BRBMEFCIZ9R3;FINANCIAL;-;-;-;-;-;-;-;-;-;337,9;-;-;-;-;-;-;-
IDIZ26C544400;BRBMEFCIZ9S1;FINANCIAL;-;-;-;-;-;-;-;-;-;239,82;-;-;-;-;-;-;-
IDIZ26C544500;BRBMEFCIZ9T9;FINANCIAL;-;-;-;-;-;-;-;-;-;142,52;-;-;-;-;-;-;-
IDIZ26C544600;BRBMEFCIZ9U7;FINANCIAL;-;-;-;-;-;-;-;-;-;49,39;-;-;-;-;-;-;-
IDIZ26C544700;BRBMEFCIZ9V5;FINANCIAL;-;-;-;-;-;-;-;-;-;6,2;-;-;-;-;-;-;-
IDIZ26P543100;BRBMEFVIZ9F5;FINANCIAL;-;-;-;-;-;-;-;-;-;0,01;-;-;-;-;-;-;-
IDIZ26P543200;BRBMEFVIZ9G3;FINANCIAL;-;-;-;-;-;-;-;-;-;0,01;-;-;-;-;-;-;-
IDIZ26P543300;BRBMEFVIZ9H1;FINANCIAL;-;-;-;-;-;-;-;-;-;0,01;-;-;-;-;-;-;-
IDIZ26P543400;BRBMEFVIZ9I9;FINANCIAL;-;-;-;-;-;-;-;-;-;0,01;-;-;-;-;-;-;-
IDIZ26P543500;BRBMEFVIZ9J7;FINANCIAL;-;-;-;-;-;-;-;-;-;0,01;-;-;-;-;-;-;-
IDIZ26P543600;BRBMEFVIZ9K5;FINANCIAL;-;-;-;-;-;-;-;-;-;0,01;-;-;-;-;-;-;-
IDIZ26P543700;BRBMEFVIZ9L3;FINANCIAL;-;-;-;-;-;-;-;-;-;0,01;-;-;-;-;-;-;-
IDIZ26P543800;BRBMEFVIZ9M1;FINANCIAL;-;-;-;-;-;-;-;-;-;0,01;-;-;-;-;-;-;-
IDIZ26P543900;BRBMEFVIZ9N9;FINANCIAL;-;-;-;-;-;-;-;-;-;0,01;-;-;-;-;-;-;-
IDIZ26P544000;BRBMEFVIZ9O7;FINANCIAL;-;-;-;-;-;-;-;-;-;0,01;-;-;-;-;-;-;-
IDIZ26P544100;BRBMEFVIZ9P4;FINANCIAL;-;-;-;-;-;-;-;-;-;0,01;-;-;-;-;-;-;-
IDIZ26P544200;BRBMEFVIZ9Q2;FINANCIAL;-;-;-;-;-;-;-;-;-;0,01;-;-;-;-;-;-;-
IDIZ26P544300;BRBMEFVIZ9R0;FINANCIAL;-;-;-;-;-;-;-;-;-;0,01;-;-;-;-;-;-;-
IDIZ26P544400;BRBMEFVIZ9S8;FINANCIAL;-;-;-;-;-;-;-;-;-;0,02;-;-;-;-;-;-;-
IDIZ26P544500;BRBMEFVIZ9T6;FINANCIAL;-;-;-;-;-;-;-;-;-;0,83;-;-;-;-;-;-;-
IDIZ26P544600;BRBMEFVIZ9U4;FINANCIAL;-;-;-;-;-;-;-;-;-;5,8;-;-;-;-;-;-;-
IDIZ26P544700;BRBMEFVIZ9V2;FINANCIAL;-;-;-;-;-;-;-;-;-;60,72;-;-;-;-;-;-;-
IDIG27C555300;BRBMEFCIG8H9;FINANCIAL;-;-;-;-;-;-;-;-;-;668,7;-;-;-;-;-;-;-
IDIG27C555400;BRBMEFCIG8I7;FINANCIAL;-;-;-;-;-;-;-;-;-;573,89;-;-;-;-;-;-;-
IDIG27C555500;BRBMEFCIG8J5;FINANCIAL;-;-;-;-;-;-;-;-;-;480,16;-;-;-;-;-;-;-
IDIG27C555600;BRBMEFCIG8K3;FINANCIAL;-;-;-;-;-;-;-;-;-;387,8;-;-;-;-;-;-;-
IDIG27C555700;BRBMEFCIG8L1;FINANCIAL;-;-;-;-;-;-;-;-;-;302,13;-;-;-;-;-;-;-
IDIG27C555800;BRBMEFCIG8M9;FINANCIAL;-;-;-;-;-;-;-;-;-;223,17;-;-;-;-;-;-;-
IDIG27C555900;BRBMEFCIG8N7;FINANCIAL;-;-;-;-;-;-;-;-;-;160,72;-;-;-;-;-;-;-
IDIG27C556000;BRBMEFCIG8O5;FINANCIAL;-;-;-;-;-;-;-;-;-;117,76;-;-;-;-;-;-;-
IDIG27C556100;BRBMEFCIG8P2;FINANCIAL;-;-;-;-;-;-;-;-;-;96,74;-;-;-;-;-;-;-
IDIG27C556200;BRBMEFCIG8Q0;FINANCIAL;-;-;-;-;-;-;-;-;-;84,49;-;-;-;-;-;-;-
IDIG27C556300;BRBMEFCIG8R8;FINANCIAL;-;-;-;-;-;-;-;-;-;76,27;-;-;-;-;-;-;-
IDIG27C556400;BRBMEFCIG8S6;FINANCIAL;-;-;-;-;-;-;-;-;-;70,89;-;-;-;-;-;-;-
IDIG27C556500;BRBMEFCIG8T4;FINANCIAL;-;-;-;-;-;-;-;-;-;64,96;-;-;-;-;-;-;-
IDIG27C556600;BRBMEFCIG8U2;FINANCIAL;-;-;-;-;-;-;-;-;-;59,5;-;-;-;-;-;-;-
IDIG27C556700;BRBMEFCIG8V0;FINANCIAL;-;-;-;-;-;-;-;-;-;54,05;-;-;-;-;-;-;-
IDIG27C556800;BRBMEFCIG8W8;FINANCIAL;-;-;-;-;-;-;-;-;-;48,64;-;-;-;-;-;-;-
IDIG27C556900;BRBMEFCIG8X6;FINANCIAL;-;-;-;-;-;-;-;-;-;44,1;-;-;-;-;-;-;-
IDIG27C557000;BRBMEFCIG8Y4;FINANCIAL;-;-;-;-;-;-;-;-;-;40,38;-;-;-;-;-;-;-
IDIG27C557100;BRBMEFCIG8Z1;FINANCIAL;-;-;-;-;-;-;-;-;-;36,78;-;-;-;-;-;-;-
IDIG27C557200;BRBMEFCIG904;FINANCIAL;-;-;-;-;-;-;-;-;-;33,81;-;-;-;-;-;-;-
IDIG27C557300;BRBMEFCIG912;FINANCIAL;-;-;-;-;-;-;-;-;-;32,07;-;-;-;-;-;-;-
IDIG27C557400;BRBMEFCIG920;FINANCIAL;-;-;-;-;-;-;-;-;-;30,37;-;-;-;-;-;-;-
IDIG27C557500;BRBMEFCIG938;FINANCIAL;-;-;-;-;-;-;-;-;-;28,83;-;-;-;-;-;-;-
IDIG27P555300;BRBMEFVIG8H6;FINANCIAL;-;-;-;-;-;-;-;-;-;3,14;-;-;-;-;-;-;-
IDIG27P555400;BRBMEFVIG8I4;FINANCIAL;-;-;-;-;-;-;-;-;-;4,44;-;-;-;-;-;-;-
IDIG27P555500;BRBMEFVIG8J2;FINANCIAL;-;-;-;-;-;-;-;-;-;6,81;-;-;-;-;-;-;-
IDIG27P555600;BRBMEFVIG8K0;FINANCIAL;-;-;-;-;-;-;-;-;-;10,55;-;-;-;-;-;-;-
IDIG27P555700;BRBMEFVIG8L8;FINANCIAL;-;-;-;-;-;-;-;-;-;20,99;-;-;-;-;-;-;-
IDIG27P555800;BRBMEFVIG8M6;FINANCIAL;-;-;-;-;-;-;-;-;-;38,13;-;-;-;-;-;-;-
IDIG27P555900;BRBMEFVIG8N4;FINANCIAL;-;-;-;-;-;-;-;-;-;71,78;-;-;-;-;-;-;-
IDIG27P556000;BRBMEFVIG8O2;FINANCIAL;-;-;-;-;-;-;-;-;-;124,92;-;-;-;-;-;-;-
IDIG27P556100;BRBMEFVIG8P9;FINANCIAL;-;-;-;-;-;-;-;-;-;200;-;-;-;-;-;-;-
IDIG27P556200;BRBMEFVIG8Q7;FINANCIAL;-;-;-;-;-;-;-;-;-;283,86;-;-;-;-;-;-;-
IDIG27P556300;BRBMEFVIG8R5;FINANCIAL;-;-;-;-;-;-;-;-;-;371,73;-;-;-;-;-;-;-
IDIG27P556400;BRBMEFVIG8S3;FINANCIAL;-;-;-;-;-;-;-;-;-;462,46;-;-;-;-;-;-;-
IDIG27P556500;BRBMEFVIG8T1;FINANCIAL;-;-;-;-;-;-;-;-;-;552,63;-;-;-;-;-;-;-
IDIG27P556600;BRBMEFVIG8U9;FINANCIAL;-;-;-;-;-;-;-;-;-;643,28;-;-;-;-;-;-;-
IDIG27P556700;BRBMEFVIG8V7;FINANCIAL;-;-;-;-;-;-;-;-;-;733,93;-;-;-;-;-;-;-
IDIG27P556800;BRBMEFVIG8W5;FINANCIAL;-;-;-;-;-;-;-;-;-;824,62;-;-;-;-;-;-;-
IDIG27P556900;BRBMEFVIG8X3;FINANCIAL;-;-;-;-;-;-;-;-;-;916,19;-;-;-;-;-;-;-
IDIG27P557000;BRBMEFVIG8Y1;FINANCIAL;-;-;-;-;-;-;-;-;-;1008,56;-;-;-;-;-;-;-
IDIG27P557100;BRBMEFVIG8Z8;FINANCIAL;-;-;-;-;-;-;-;-;-;1101,06;-;-;-;-;-;-;-
IDIG27P557200;BRBMEFVIG904;FINANCIAL;-;-;-;-;-;-;-;-;-;1194,2;-;-;-;-;-;-;-
IDIG27P557300;BRBMEFVIG912;FINANCIAL;-;-;-;-;-;-;-;-;-;1288,57;-;-;-;-;-;-;-
IDIG27P557400;BRBMEFVIG920;FINANCIAL;-;-;-;-;-;-;-;-;-;1382,97;-;-;-;-;-;-;-
IDIG27P557500;BRBMEFVIG938;FINANCIAL;-;-;-;-;-;-;-;-;-;1477,53;-;-;-;-;-;-;-
IDIH27C560300;BRBMEFCIH811;FINANCIAL;-;-;-;-;-;-;-;-;-;540,38;-;-;-;-;-;-;-
IDIH27C560400;BRBMEFCIH829;FINANCIAL;-;-;-;-;-;-;-;-;-;458,25;-;-;-;-;-;-;-
IDIH27C560500;BRBMEFCIH837;FINANCIAL;-;-;-;-;-;-;-;-;-;384,6;-;-;-;-;-;-;-
IDIH27C560600;BRBMEFCIH845;FINANCIAL;-;-;-;-;-;-;-;-;-;323,2;-;-;-;-;-;-;-
IDIH27C560700;BRBMEFCIH852;FINANCIAL;-;-;-;-;-;-;-;-;-;268,37;-;-;-;-;-;-;-
IDIH27C560800;BRBMEFCIH860;FINANCIAL;-;-;-;-;-;-;-;-;-;227,15;-;-;-;-;-;-;-
IDIH27C560900;BRBMEFCIH878;FINANCIAL;-;-;-;-;-;-;-;-;-;200,1;-;-;-;-;-;-;-
IDIH27C561000;BRBMEFCIH886;FINANCIAL;-;-;-;-;-;-;-;-;-;181,28;-;-;-;-;-;-;-
IDIH27C561100;BRBMEFCIH894;FINANCIAL;-;-;-;-;-;-;-;-;-;166,76;-;-;-;-;-;-;-
IDIH27C561200;BRBMEFCIH8A3;FINANCIAL;-;-;-;-;-;-;-;-;-;155,7;-;-;-;-;-;-;-
IDIH27C561300;BRBMEFCIH8B1;FINANCIAL;-;-;-;-;-;-;-;-;-;148,77;-;-;-;-;-;-;-
IDIH27C561400;BRBMEFCIH8C9;FINANCIAL;-;-;-;-;-;-;-;-;-;143,11;-;-;-;-;-;-;-
IDIH27C561500;BRBMEFCIH8D7;FINANCIAL;-;-;-;-;-;-;-;-;-;137,43;-;-;-;-;-;-;-
IDIH27C561600;BRBMEFCIH8E5;FINANCIAL;-;-;-;-;-;-;-;-;-;133,73;-;-;-;-;-;-;-
IDIH27C561700;BRBMEFCIH8F2;FINANCIAL;-;-;-;-;-;-;-;-;-;128,95;-;-;-;-;-;-;-
IDIH27C561800;BRBMEFCIH8G0;FINANCIAL;-;-;-;-;-;-;-;-;-;124,37;-;-;-;-;-;-;-
IDIH27C561900;BRBMEFCIH8H8;FINANCIAL;-;-;-;-;-;-;-;-;-;119,83;-;-;-;-;-;-;-
IDIH27C562000;BRBMEFCIH8I6;FINANCIAL;-;-;-;-;-;-;-;-;-;114,93;-;-;-;-;-;-;-
IDIH27C562100;BRBMEFCIH8J4;FINANCIAL;-;-;-;-;-;-;-;-;-;110,12;-;-;-;-;-;-;-
IDIH27C562200;BRBMEFCIH8K2;FINANCIAL;-;-;-;-;-;-;-;-;-;105,51;-;-;-;-;-;-;-
IDIH27C562300;BRBMEFCIH8L0;FINANCIAL;-;-;-;-;-;-;-;-;-;101,17;-;-;-;-;-;-;-
IDIH27C562400;BRBMEFCIH8M8;FINANCIAL;-;-;-;-;-;-;-;-;-;96,37;-;-;-;-;-;-;-
IDIH27C562500;BRBMEFCIH8N6;FINANCIAL;-;-;-;-;-;-;-;-;-;91,96;-;-;-;-;-;-;-
IDIH27C562600;BRBMEFCIH8O4;FINANCIAL;-;-;-;-;-;-;-;-;-;87,96;-;-;-;-;-;-;-
IDIH27C562700;BRBMEFCIH8P1;FINANCIAL;-;-;-;-;-;-;-;-;-;84,31;-;-;-;-;-;-;-
IDIH27C562800;BRBMEFCIH8Q9;FINANCIAL;-;-;-;-;-;-;-;-;-;80,79;-;-;-;-;-;-;-
IDIH27C562900;BRBMEFCIH8R7;FINANCIAL;-;-;-;-;-;-;-;-;-;77,21;-;-;-;-;-;-;-
IDIH27C563000;BRBMEFCIH8S5;FINANCIAL;-;-;-;-;-;-;-;-;-;73,86;-;-;-;-;-;-;-
IDIH27P560300;BRBMEFVIH811;FINANCIAL;-;-;-;-;-;-;-;-;-;22,58;-;-;-;-;-;-;-
IDIH27P560400;BRBMEFVIH829;FINANCIAL;-;-;-;-;-;-;-;-;-;35,72;-;-;-;-;-;-;-
IDIH27P560500;BRBMEFVIH837;FINANCIAL;-;-;-;-;-;-;-;-;-;57,34;-;-;-;-;-;-;-
IDIH27P560600;BRBMEFVIH845;FINANCIAL;-;-;-;-;-;-;-;-;-;91,22;-;-;-;-;-;-;-
IDIH27P560700;BRBMEFVIH852;FINANCIAL;-;-;-;-;-;-;-;-;-;131,65;-;-;-;-;-;-;-
IDIH27P560800;BRBMEFVIH860;FINANCIAL;-;-;-;-;-;-;-;-;-;185,71;-;-;-;-;-;-;-
IDIH27P560900;BRBMEFVIH878;FINANCIAL;-;-;-;-;-;-;-;-;-;253,93;-;-;-;-;-;-;-
IDIH27P561000;BRBMEFVIH886;FINANCIAL;-;-;-;-;-;-;-;-;-;330,38;-;-;-;-;-;-;-
IDIH27P561100;BRBMEFVIH894;FINANCIAL;-;-;-;-;-;-;-;-;-;411,14;-;-;-;-;-;-;-
IDIH27P561200;BRBMEFVIH8A0;FINANCIAL;-;-;-;-;-;-;-;-;-;495,35;-;-;-;-;-;-;-
IDIH27P561300;BRBMEFVIH8B8;FINANCIAL;-;-;-;-;-;-;-;-;-;583,69;-;-;-;-;-;-;-
IDIH27P561400;BRBMEFVIH8C6;FINANCIAL;-;-;-;-;-;-;-;-;-;673,3;-;-;-;-;-;-;-
IDIH27P561500;BRBMEFVIH8D4;FINANCIAL;-;-;-;-;-;-;-;-;-;762,89;-;-;-;-;-;-;-
IDIH27P561600;BRBMEFVIH8E2;FINANCIAL;-;-;-;-;-;-;-;-;-;854,46;-;-;-;-;-;-;-
IDIH27P561700;BRBMEFVIH8F9;FINANCIAL;-;-;-;-;-;-;-;-;-;944,95;-;-;-;-;-;-;-
IDIH27P561800;BRBMEFVIH8G7;FINANCIAL;-;-;-;-;-;-;-;-;-;1035,64;-;-;-;-;-;-;-
IDIH27P561900;BRBMEFVIH8H5;FINANCIAL;-;-;-;-;-;-;-;-;-;1126,37;-;-;-;-;-;-;-
IDIH27P562000;BRBMEFVIH8I3;FINANCIAL;-;-;-;-;-;-;-;-;-;1216,75;-;-;-;-;-;-;-
IDIH27P562100;BRBMEFVIH8J1;FINANCIAL;-;-;-;-;-;-;-;-;-;1307,2;-;-;-;-;-;-;-
IDIH27P562200;BRBMEFVIH8K9;FINANCIAL;-;-;-;-;-;-;-;-;-;1397,87;-;-;-;-;-;-;-
IDIH27P562300;BRBMEFVIH8L7;FINANCIAL;-;-;-;-;-;-;-;-;-;1488,8;-;-;-;-;-;-;-
IDIH27P562400;BRBMEFVIH8M5;FINANCIAL;-;-;-;-;-;-;-;-;-;1579,28;-;-;-;-;-;-;-
IDIH27P562500;BRBMEFVIH8N3;FINANCIAL;-;-;-;-;-;-;-;-;-;1670,14;-;-;-;-;-;-;-
IDIH27P562600;BRBMEFVIH8O1;FINANCIAL;-;-;-;-;-;-;-;-;-;1761,4;-;-;-;-;-;-;-
IDIH27P562700;BRBMEFVIH8P8;FINANCIAL;-;-;-;-;-;-;-;-;-;1853,02;-;-;-;-;-;-;-
IDIH27P562800;BRBMEFVIH8Q6;FINANCIAL;-;-;-;-;-;-;-;-;-;1944,78;-;-;-;-;-;-;-
IDIH27P562900;BRBMEFVIH8R4;FINANCIAL;-;-;-;-;-;-;-;-;-;2036,46;-;-;-;-;-;-;-
IDIH27P563000;BRBMEFVIH8S2;FINANCIAL;-;-;-;-;-;-;-;-;-;2128,39;-;-;-;-;-;-;-
IDIJ27C566400;BRBMEFCIJUD7;FINANCIAL;-;-;-;-;-;-;-;-;-;549,01;-;-;-;-;-;-;-
IDIJ27C566500;BRBMEFCIJUE5;FINANCIAL;-;-;-;-;-;-;-;-;-;493,91;-;-;-;-;-;-;-
IDIJ27C566600;BRBMEFCIJUF2;FINANCIAL;-;-;-;-;-;-;-;-;-;445;-;-;-;-;-;-;-
IDIJ27C566700;BRBMEFCIJUG0;FINANCIAL;-;-;-;-;-;-;-;-;-;402,46;-;-;-;-;-;-;-
IDIJ27C566800;BRBMEFCIJUH8;FINANCIAL;-;-;-;-;-;-;-;-;-;366,9;-;-;-;-;-;-;-
IDIJ27C566900;BRBMEFCIJUI6;FINANCIAL;-;-;-;-;-;-;-;-;-;341,26;-;-;-;-;-;-;-
IDIJ27C567000;BRBMEFCIJUJ4;FINANCIAL;-;-;-;-;-;-;-;-;-;319,35;-;-;-;-;-;-;-
IDIJ27C567100;BRBMEFCIJUK2;FINANCIAL;-;-;-;-;-;-;-;-;-;300,35;-;-;-;-;-;-;-
IDIJ27C567200;BRBMEFCIJUL0;FINANCIAL;-;-;-;-;-;-;-;-;-;284,63;-;-;-;-;-;-;-
IDIJ27C567300;BRBMEFCIJUM8;FINANCIAL;-;-;-;-;-;-;-;-;-;270,95;-;-;-;-;-;-;-
IDIJ27C567400;BRBMEFCIJUN6;FINANCIAL;-;-;-;-;-;-;-;-;-;258,99;-;-;-;-;-;-;-
IDIJ27C567600;BRBMEFCIJUO4;FINANCIAL;-;-;-;-;-;-;-;-;-;243,02;-;-;-;-;-;-;-
IDIJ27C567700;BRBMEFCIJUP1;FINANCIAL;-;-;-;-;-;-;-;-;-;236,96;-;-;-;-;-;-;-
IDIJ27C567800;BRBMEFCIJUQ9;FINANCIAL;-;-;-;-;-;-;-;-;-;231,11;-;-;-;-;-;-;-
IDIJ27C567900;BRBMEFCIJUR7;FINANCIAL;-;-;-;-;-;-;-;-;-;225,51;-;-;-;-;-;-;-
IDIJ27C568000;BRBMEFCIJUS5;FINANCIAL;-;-;-;-;-;-;-;-;-;221,26;-;-;-;-;-;-;-
IDIJ27C568100;BRBMEFCIJUT3;FINANCIAL;-;-;-;-;-;-;-;-;-;216,75;-;-;-;-;-;-;-
IDIJ27C568200;BRBMEFCIJUU1;FINANCIAL;-;-;-;-;-;-;-;-;-;211,88;-;-;-;-;-;-;-
IDIJ27C568300;BRBMEFCIJUV9;FINANCIAL;-;-;-;-;-;-;-;-;-;206,75;-;-;-;-;-;-;-
IDIJ27C568400;BRBMEFCIJUW7;FINANCIAL;-;-;-;-;-;-;-;-;-;202,18;-;-;-;-;-;-;-
IDIJ27C568500;BRBMEFCIJUX5;FINANCIAL;-;-;-;-;-;-;-;-;-;197,21;-;-;-;-;-;-;-
IDIJ27C568600;BRBMEFCIJUY3;FINANCIAL;-;-;-;-;-;-;-;-;-;191,96;-;-;-;-;-;-;-
IDIJ27C568700;BRBMEFCIJUZ0;FINANCIAL;-;-;-;-;-;-;-;-;-;187,1;-;-;-;-;-;-;-
IDIJ27C568800;BRBMEFCIJV02;FINANCIAL;-;-;-;-;-;-;-;-;-;182,22;-;-;-;-;-;-;-
IDIJ27C568900;BRBMEFCIJV10;FINANCIAL;-;-;-;-;-;-;-;-;-;177,23;-;-;-;-;-;-;-
IDIJ27C569000;BRBMEFCIJV28;FINANCIAL;-;-;-;-;-;-;-;-;-;172,49;-;-;-;-;-;-;-
IDIJ27P566400;BRBMEFVIJUD7;FINANCIAL;-;-;-;-;-;-;-;-;-;150,29;-;-;-;-;-;-;-
IDIJ27P566500;BRBMEFVIJUE5;FINANCIAL;-;-;-;-;-;-;-;-;-;189,45;-;-;-;-;-;-;-
IDIJ27P566600;BRBMEFVIJUF2;FINANCIAL;-;-;-;-;-;-;-;-;-;234,81;-;-;-;-;-;-;-
IDIJ27P566700;BRBMEFVIJUG0;FINANCIAL;358,17;358,17;358,17;358,17;358,17;218,99;-;-;-;286,54;-;-;-;-;1;10.000;3581700
IDIJ27P566800;BRBMEFVIJUH8;FINANCIAL;420,34;420,34;421,34;421,09;421,34;208,17;-;-;-;345,25;-;-;-;-;3;40.000;16843600
IDIJ27P566900;BRBMEFVIJUI6;FINANCIAL;490,34;490,34;492,39;491,35;492,39;189,89;-;-;-;413,87;-;-;-;-;3;30.000;14740700
IDIJ27P567000;BRBMEFVIJUJ4;FINANCIAL;-;-;-;-;-;-;-;-;-;486,23;-;-;-;-;-;-;-
IDIJ27P567100;BRBMEFVIJUK2;FINANCIAL;-;-;-;-;-;-;-;-;-;561,49;-;-;-;-;-;-;-
IDIJ27P567200;BRBMEFVIJUL0;FINANCIAL;-;-;-;-;-;-;-;-;-;640,04;-;-;-;-;-;-;-
IDIJ27P567300;BRBMEFVIJUM8;FINANCIAL;-;-;-;-;-;-;-;-;-;720,63;-;-;-;-;-;-;-
IDIJ27P567400;BRBMEFVIJUN6;FINANCIAL;-;-;-;-;-;-;-;-;-;802,93;-;-;-;-;-;-;-
IDIJ27P567600;BRBMEFVIJUO4;FINANCIAL;-;-;-;-;-;-;-;-;-;975,5;-;-;-;-;-;-;-
IDIJ27P567700;BRBMEFVIJUP1;FINANCIAL;-;-;-;-;-;-;-;-;-;1063,7;-;-;-;-;-;-;-
IDIJ27P567800;BRBMEFVIJUQ9;FINANCIAL;-;-;-;-;-;-;-;-;-;1152,11;-;-;-;-;-;-;-
IDIJ27P567900;BRBMEFVIJUR7;FINANCIAL;-;-;-;-;-;-;-;-;-;1240,78;-;-;-;-;-;-;-
IDIJ27P568000;BRBMEFVIJUS5;FINANCIAL;-;-;-;-;-;-;-;-;-;1330,8;-;-;-;-;-;-;-
IDIJ27P568100;BRBMEFVIJUT3;FINANCIAL;-;-;-;-;-;-;-;-;-;1420,56;-;-;-;-;-;-;-
IDIJ27P568200;BRBMEFVIJUU1;FINANCIAL;-;-;-;-;-;-;-;-;-;1509,96;-;-;-;-;-;-;-
IDIJ27P568300;BRBMEFVIJUV9;FINANCIAL;-;-;-;-;-;-;-;-;-;1599,09;-;-;-;-;-;-;-
IDIJ27P568400;BRBMEFVIJUW7;FINANCIAL;-;-;-;-;-;-;-;-;-;1688,79;-;-;-;-;-;-;-
IDIJ27P568500;BRBMEFVIJUX5;FINANCIAL;-;-;-;-;-;-;-;-;-;1778,09;-;-;-;-;-;-;-
IDIJ27P568600;BRBMEFVIJUY3;FINANCIAL;-;-;-;-;-;-;-;-;-;1867,09;-;-;-;-;-;-;-
IDIJ27P568700;BRBMEFVIJUZ0;FINANCIAL;-;-;-;-;-;-;-;-;-;1956,5;-;-;-;-;-;-;-
IDIJ27P568800;BRBMEFVIJV09;FINANCIAL;-;-;-;-;-;-;-;-;-;2045,89;-;-;-;-;-;-;-
IDIJ27P568900;BRBMEFVIJV17;FINANCIAL;-;-;-;-;-;-;-;-;-;2135,17;-;-;-;-;-;-;-
IDIJ27P569000;BRBMEFVIJV25;FINANCIAL;-;-;-;-;-;-;-;-;-;2224,69;-;-;-;-;-;-;-
IDIX26C540100;BRBMEFCIXAG3;FINANCIAL;-;-;-;-;-;-;-;-;-;0,01;-;-;-;-;-;-;-
IDIX26C540200;BRBMEFCIXAH1;FINANCIAL;-;-;-;-;-;-;-;-;-;0,01;-;-;-;-;-;-;-
IDIX26C540300;BRBMEFCIXAI9;FINANCIAL;-;-;-;-;-;-;-;-;-;0,01;-;-;-;-;-;-;-
IDIX26C540400;BRBMEFCIXAJ7;FINANCIAL;-;-;-;-;-;-;-;-;-;0,01;-;-;-;-;-;-;-
IDIX26C540500;BRBMEFCIXAK5;FINANCIAL;-;-;-;-;-;-;-;-;-;0,01;-;-;-;-;-;-;-
IDIX26C540600;BRBMEFCIXAL3;FINANCIAL;-;-;-;-;-;-;-;-;-;0,01;-;-;-;-;-;-;-
IDIX26C540700;BRBMEFCIXAM1;FINANCIAL;-;-;-;-;-;-;-;-;-;0,01;-;-;-;-;-;-;-
IDIX26C540800;BRBMEFCIXAN9;FINANCIAL;-;-;-;-;-;-;-;-;-;0,01;-;-;-;-;-;-;-
IDIX26C540900;BRBMEFCIXAO7;FINANCIAL;-;-;-;-;-;-;-;-;-;0,01;-;-;-;-;-;-;-
IDIX26C541000;BRBMEFCIXAP4;FINANCIAL;-;-;-;-;-;-;-;-;-;0,01;-;-;-;-;-;-;-
IDIX26C541100;BRBMEFCIXAQ2;FINANCIAL;-;-;-;-;-;-;-;-;-;0,01;-;-;-;-;-;-;-
IDIX26C541200;BRBMEFCIXAR0;FINANCIAL;-;-;-;-;-;-;-;-;-;0,01;-;-;-;-;-;-;-
IDIX26C541300;BRBMEFCIXAS8;FINANCIAL;-;-;-;-;-;-;-;-;-;0,01;-;-;-;-;-;-;-
IDIX26C541400;BRBMEFCIXAT6;FINANCIAL;-;-;-;-;-;-;-;-;-;0,01;-;-;-;-;-;-;-
IDIX26C541500;BRBMEFCIXAU4;FINANCIAL;-;-;-;-;-;-;-;-;-;0,01;-;-;-;-;-;-;-
IDIX26C541600;BRBMEFCIXAV2;FINANCIAL;-;-;-;-;-;-;-;-;-;0,01;-;-;-;-;-;-;-
IDIX26C541700;BRBMEFCIXAW0;FINANCIAL;-;-;-;-;-;-;-;-;-;0,01;-;-;-;-;-;-;-
IDIX26C541800;BRBMEFCIXAX8;FINANCIAL;-;-;-;-;-;-;-;-;-;0,01;-;-;-;-;-;-;-
IDIX26C541900;BRBMEFCIXAY6;FINANCIAL;-;-;-;-;-;-;-;-;-;0,01;-;-;-;-;-;-;-
IDIX26C542000;BRBMEFCIXAZ3;FINANCIAL;-;-;-;-;-;-;-;-;-;0,01;-;-;-;-;-;-;-
IDIX26C542100;BRBMEFCIXB08;FINANCIAL;-;-;-;-;-;-;-;-;-;0,01;-;-;-;-;-;-;-
IDIX26C542200;BRBMEFCIXB16;FINANCIAL;-;-;-;-;-;-;-;-;-;0,01;-;-;-;-;-;-;-
IDIX26C542300;BRBMEFCIXB24;FINANCIAL;-;-;-;-;-;-;-;-;-;0,01;-;-;-;-;-;-;-
IDIX26P540100;BRBMEFVIXAJ7;FINANCIAL;-;-;-;-;-;-;-;-;-;588,7;-;-;-;-;-;-;-
IDIX26P540200;BRBMEFVIXAK5;FINANCIAL;-;-;-;-;-;-;-;-;-;687,74;-;-;-;-;-;-;-
IDIX26P540300;BRBMEFVIXAL3;FINANCIAL;-;-;-;-;-;-;-;-;-;786,78;-;-;-;-;-;-;-
IDIX26P540400;BRBMEFVIXAM1;FINANCIAL;-;-;-;-;-;-;-;-;-;885,82;-;-;-;-;-;-;-
IDIX26P540500;BRBMEFVIXAN9;FINANCIAL;-;-;-;-;-;-;-;-;-;984,86;-;-;-;-;-;-;-
IDIX26P540600;BRBMEFVIXAO7;FINANCIAL;-;-;-;-;-;-;-;-;-;1083,9;-;-;-;-;-;-;-
IDIX26P540700;BRBMEFVIXAP4;FINANCIAL;-;-;-;-;-;-;-;-;-;1182,94;-;-;-;-;-;-;-
IDIX26P540800;BRBMEFVIXAQ2;FINANCIAL;-;-;-;-;-;-;-;-;-;1281,98;-;-;-;-;-;-;-
IDIX26P540900;BRBMEFVIXAR0;FINANCIAL;-;-;-;-;-;-;-;-;-;1381,02;-;-;-;-;-;-;-
IDIX26P541000;BRBMEFVIXAS8;FINANCIAL;-;-;-;-;-;-;-;-;-;1480,05;-;-;-;-;-;-;-
IDIX26P541100;BRBMEFVIXAT6;FINANCIAL;-;-;-;-;-;-;-;-;-;1579,09;-;-;-;-;-;-;-
IDIX26P541200;BRBMEFVIXAU4;FINANCIAL;-;-;-;-;-;-;-;-;-;1678,13;-;-;-;-;-;-;-
IDIX26P541300;BRBMEFVIXAV2;FINANCIAL;-;-;-;-;-;-;-;-;-;1777,17;-;-;-;-;-;-;-
IDIX26P541400;BRBMEFVIXAW0;FINANCIAL;-;-;-;-;-;-;-;-;-;1876,21;-;-;-;-;-;-;-
IDIX26P541500;BRBMEFVIXAX8;FINANCIAL;-;-;-;-;-;-;-;-;-;1975,25;-;-;-;-;-;-;-
IDIX26P541600;BRBMEFVIXAY6;FINANCIAL;-;-;-;-;-;-;-;-;-;2074,29;-;-;-;-;-;-;-
IDIX26P541700;BRBMEFVIXAZ3;FINANCIAL;-;-;-;-;-;-;-;-;-;2173,33;-;-;-;-;-;-;-
IDIX26P541800;BRBMEFVIXB05;FINANCIAL;-;-;-;-;-;-;-;-;-;2272,37;-;-;-;-;-;-;-
IDIX26P541900;BRBMEFVIXB13;FINANCIAL;-;-;-;-;-;-;-;-;-;2371,41;-;-;-;-;-;-;-
IDIX26P542000;BRBMEFVIXB21;FINANCIAL;-;-;-;-;-;-;-;-;-;2470,45;-;-;-;-;-;-;-
IDIX26P542100;BRBMEFVIXB39;FINANCIAL;-;-;-;-;-;-;-;-;-;2569,49;-;-;-;-;-;-;-
IDIX26P542200;BRBMEFVIXB47;FINANCIAL;-;-;-;-;-;-;-;-;-;2668,53;-;-;-;-;-;-;-
IDIX26P542300;BRBMEFVIXB54;FINANCIAL;-;-;-;-;-;-;-;-;-;2767,57;-;-;-;-;-;-;-
IDIZ26C544800;BRBMEFCIZ9W3;FINANCIAL;-;-;-;-;-;-;-;-;-;1,5;-;-;-;-;-;-;-
IDIZ26C544900;BRBMEFCIZ9X1;FINANCIAL;-;-;-;-;-;-;-;-;-;0,27;-;-;-;-;-;-;-
IDIZ26C545000;BRBMEFCIZ9Y9;FINANCIAL;-;-;-;-;-;-;-;-;-;0,01;-;-;-;-;-;-;-
IDIZ26C545100;BRBMEFCIZ9Z6;FINANCIAL;-;-;-;-;-;-;-;-;-;0,01;-;-;-;-;-;-;-
IDIZ26C545200;BRBMEFCIZA07;FINANCIAL;-;-;-;-;-;-;-;-;-;0,01;-;-;-;-;-;-;-
IDIZ26C545300;BRBMEFCIZA15;FINANCIAL;-;-;-;-;-;-;-;-;-;0,01;-;-;-;-;-;-;-
IDIZ26C545400;BRBMEFCIZA23;FINANCIAL;-;-;-;-;-;-;-;-;-;0,01;-;-;-;-;-;-;-
IDIZ26C545500;BRBMEFCIZA31;FINANCIAL;-;-;-;-;-;-;-;-;-;0,01;-;-;-;-;-;-;-
IDIZ26C545600;BRBMEFCIZA49;FINANCIAL;-;-;-;-;-;-;-;-;-;0,01;-;-;-;-;-;-;-
IDIZ26C545700;BRBMEFCIZA56;FINANCIAL;-;-;-;-;-;-;-;-;-;0,01;-;-;-;-;-;-;-
IDIZ26C545800;BRBMEFCIZA64;FINANCIAL;-;-;-;-;-;-;-;-;-;0,01;-;-;-;-;-;-;-
IDIZ26C545900;BRBMEFCIZA72;FINANCIAL;-;-;-;-;-;-;-;-;-;0,01;-;-;-;-;-;-;-
IDIZ26P544800;BRBMEFVIZ9W0;FINANCIAL;-;-;-;-;-;-;-;-;-;154,12;-;-;-;-;-;-;-
IDIZ26P544900;BRBMEFVIZ9X8;FINANCIAL;-;-;-;-;-;-;-;-;-;251;-;-;-;-;-;-;-
IDIZ26P545000;BRBMEFVIZ9Y6;FINANCIAL;-;-;-;-;-;-;-;-;-;348,84;-;-;-;-;-;-;-
IDIZ26P545100;BRBMEFVIZ9Z3;FINANCIAL;-;-;-;-;-;-;-;-;-;446,94;-;-;-;-;-;-;-
IDIZ26P545200;BRBMEFVIZA04;FINANCIAL;-;-;-;-;-;-;-;-;-;545,04;-;-;-;-;-;-;-
IDIZ26P545300;BRBMEFVIZA12;FINANCIAL;-;-;-;-;-;-;-;-;-;643,15;-;-;-;-;-;-;-
IDIZ26P545400;BRBMEFVIZA20;FINANCIAL;-;-;-;-;-;-;-;-;-;741,25;-;-;-;-;-;-;-
IDIZ26P545500;BRBMEFVIZA38;FINANCIAL;-;-;-;-;-;-;-;-;-;839,36;-;-;-;-;-;-;-
IDIZ26P545600;BRBMEFVIZA46;FINANCIAL;-;-;-;-;-;-;-;-;-;937,46;-;-;-;-;-;-;-
IDIZ26P545700;BRBMEFVIZA53;FINANCIAL;-;-;-;-;-;-;-;-;-;1035,57;-;-;-;-;-;-;-
IDIZ26P545800;BRBMEFVIZA61;FINANCIAL;-;-;-;-;-;-;-;-;-;1133,67;-;-;-;-;-;-;-
IDIZ26P545900;BRBMEFVIZA79;FINANCIAL;-;-;-;-;-;-;-;-;-;1231,78;-;-;-;-;-;-;-
IDIF27C552200;BRBMEFCID075;FINANCIAL;-;-;-;-;-;-;-;-;-;0,01;-;-;-;-;-;-;-
IDIF27C552300;BRBMEFCID083;FINANCIAL;-;-;-;-;-;-;-;-;-;0,01;-;-;-;-;-;-;-
IDIF27C552400;BRBMEFCID091;FINANCIAL;-;-;-;-;-;-;-;-;-;0,01;-;-;-;-;-;-;-
IDIF27C552500;BRBMEFCID0A4;FINANCIAL;-;-;-;-;-;-;-;-;-;0,01;-;-;-;-;-;-;-
IDIF27C552700;BRBMEFCID0B2;FINANCIAL;-;-;-;-;-;-;-;-;-;0,01;-;-;-;-;-;-;-
IDIF27C552800;BRBMEFCID0C0;FINANCIAL;-;-;-;-;-;-;-;-;-;0,01;-;-;-;-;-;-;-
IDIF27C552900;BRBMEFCID0D8;FINANCIAL;-;-;-;-;-;-;-;-;-;0,01;-;-;-;-;-;-;-
IDIF27C553000;BRBMEFCID0E6;FINANCIAL;-;-;-;-;-;-;-;-;-;0,01;-;-;-;-;-;-;-
IDIF27C553100;BRBMEFCID0F3;FINANCIAL;-;-;-;-;-;-;-;-;-;0,01;-;-;-;-;-;-;-
IDIF27P552200;BRBMEFFI0072;FINANCIAL;-;-;-;-;-;-;-;-;-;1572,29;-;-;-;-;-;-;-
IDIF27P552300;BRBMEFFI0080;FINANCIAL;-;-;-;-;-;-;-;-;-;1669,33;-;-;-;-;-;-;-
IDIF27P552400;BRBMEFFI0098;FINANCIAL;-;-;-;-;-;-;-;-;-;1766,38;-;-;-;-;-;-;-
IDIF27P552500;BRBMEFFI00A9;FINANCIAL;-;-;-;-;-;-;-;-;-;1863,43;-;-;-;-;-;-;-
IDIF27P552700;BRBMEFFI00B7;FINANCIAL;-;-;-;-;-;-;-;-;-;2057,52;-;-;-;-;-;-;-
IDIF27P552800;BRBMEFFI00C5;FINANCIAL;-;-;-;-;-;-;-;-;-;2154,57;-;-;-;-;-;-;-
IDIF27P552900;BRBMEFFI00D3;FINANCIAL;-;-;-;-;-;-;-;-;-;2251,62;-;-;-;-;-;-;-
IDIF27P553000;BRBMEFFI00E1;FINANCIAL;-;-;-;-;-;-;-;-;-;2348,67;-;-;-;-;-;-;-
IDIF27P553100;BRBMEFFI00F8;FINANCIAL;-;-;-;-;-;-;-;-;-;2445,71;-;-;-;-;-;-;-
D11F27C001000;BRBMEFCD1F59;FINANCIAL;-;-;-;-;-;-;-;-;-;603,55;-;-;-;-;-;-;-
D11F27C001025;BRBMEFCD1F67;FINANCIAL;-;-;-;-;-;-;-;-;-;552,32;-;-;-;-;-;-;-
D11F27C001050;BRBMEFCD1F75;FINANCIAL;-;-;-;-;-;-;-;-;-;501,28;-;-;-;-;-;-;-
D11F27C001075;BRBMEFCD1F83;FINANCIAL;-;-;-;-;-;-;-;-;-;450,52;-;-;-;-;-;-;-
D11F27C001100;BRBMEFCD1F91;FINANCIAL;-;-;-;-;-;-;-;-;-;400,19;-;-;-;-;-;-;-
D11F27C001125;BRBMEFCD1FA0;FINANCIAL;-;-;-;-;-;-;-;-;-;350,44;-;-;-;-;-;-;-
D11F27C001150;BRBMEFCD1FB8;FINANCIAL;-;-;-;-;-;-;-;-;-;301,68;-;-;-;-;-;-;-
D11F27C001175;BRBMEFCD1FC6;FINANCIAL;-;-;-;-;-;-;-;-;-;254,33;-;-;-;-;-;-;-
D11F27C001200;BRBMEFCD1FD4;FINANCIAL;-;-;-;-;-;-;-;-;-;209,23;-;-;-;-;-;-;-
D11F27C001225;BRBMEFCD1FE2;FINANCIAL;-;-;-;-;-;-;-;-;-;167,63;-;-;-;-;-;-;-
D11F27C001250;BRBMEFCD1FF9;FINANCIAL;-;-;-;-;-;-;-;-;-;130,29;-;-;-;-;-;-;-
D11F27C001275;BRBMEFCD1FG7;FINANCIAL;-;-;-;-;-;-;-;-;-;98,43;-;-;-;-;-;-;-
D11F27C001300;BRBMEFCD1FH5;FINANCIAL;-;-;-;-;-;-;-;-;-;72,34;-;-;-;-;-;-;-
D11F27C001325;BRBMEFCD1FI3;FINANCIAL;-;-;-;-;-;-;-;-;-;51,89;-;-;-;-;-;-;-
D11F27C001350;BRBMEFCD1FJ1;FINANCIAL;-;-;-;-;-;-;-;-;-;36,57;-;-;-;-;-;-;-
D11F27C001375;BRBMEFCD1FK9;FINANCIAL;-;-;-;-;-;-;-;-;-;25,48;-;-;-;-;-;-;-
D11F27C001525;BRBMEFCD1FL7;FINANCIAL;-;-;-;-;-;-;-;-;-;2,73;-;-;-;-;-;-;-
D11F27C001550;BRBMEFCD1FM5;FINANCIAL;-;-;-;-;-;-;-;-;-;1,83;-;-;-;-;-;-;-
D11F27C001575;BRBMEFCD1FN3;FINANCIAL;-;-;-;-;-;-;-;-;-;1,23;-;-;-;-;-;-;-
D11F27C001600;BRBMEFCD1FO1;FINANCIAL;-;-;-;-;-;-;-;-;-;0,8;-;-;-;-;-;-;-
D11F27C001625;BRBMEFCD1FP8;FINANCIAL;-;-;-;-;-;-;-;-;-;0,48;-;-;-;-;-;-;-
D11F27C001650;BRBMEFCD1FQ6;FINANCIAL;-;-;-;-;-;-;-;-;-;0,28;-;-;-;-;-;-;-
D11F27C001675;BRBMEFCD1FR4;FINANCIAL;-;-;-;-;-;-;-;-;-;0,16;-;-;-;-;-;-;-
D11F27C001700;BRBMEFCD1FS2;FINANCIAL;-;-;-;-;-;-;-;-;-;0,09;-;-;-;-;-;-;-
D11F27C001725;BRBMEFCD1FT0;FINANCIAL;-;-;-;-;-;-;-;-;-;0,05;-;-;-;-;-;-;-
D11F27C001750;BRBMEFCD1FU8;FINANCIAL;-;-;-;-;-;-;-;-;-;0,03;-;-;-;-;-;-;-
D11F27C001775;BRBMEFCD1FV6;FINANCIAL;-;-;-;-;-;-;-;-;-;0,02;-;-;-;-;-;-;-
D11F27C001800;BRBMEFCD1FW4;FINANCIAL;-;-;-;-;-;-;-;-;-;0,01;-;-;-;-;-;-;-
D11F27P001000;BRBMEFVD1ER4;FINANCIAL;-;-;-;-;-;-;-;-;-;0,01;-;-;-;-;-;-;-
D11F27P001025;BRBMEFVD1ES2;FINANCIAL;-;-;-;-;-;-;-;-;-;0,04;-;-;-;-;-;-;-
D11F27P001050;BRBMEFVD1ET0;FINANCIAL;-;-;-;-;-;-;-;-;-;0,12;-;-;-;-;-;-;-
D11F27P001075;BRBMEFVD1EU8;FINANCIAL;-;-;-;-;-;-;-;-;-;0,34;-;-;-;-;-;-;-
D11F27P001100;BRBMEFVD1EV6;FINANCIAL;-;-;-;-;-;-;-;-;-;0,85;-;-;-;-;-;-;-
D11F27P001125;BRBMEFVD1EW4;FINANCIAL;-;-;-;-;-;-;-;-;-;1,79;-;-;-;-;-;-;-
D11F27P001150;BRBMEFVD1EX2;FINANCIAL;-;-;-;-;-;-;-;-;-;3,58;-;-;-;-;-;-;-
D11F27P001175;BRBMEFVD1EY0;FINANCIAL;-;-;-;-;-;-;-;-;-;6,65;-;-;-;-;-;-;-
D11F27P001200;BRBMEFVD1EZ7;FINANCIAL;-;-;-;-;-;-;-;-;-;11,82;-;-;-;-;-;-;-
D11F27P001225;BRBMEFVD1F00;FINANCIAL;-;-;-;-;-;-;-;-;-;20,35;-;-;-;-;-;-;-
D11F27P001250;BRBMEFVD1F18;FINANCIAL;-;-;-;-;-;-;-;-;-;33,01;-;-;-;-;-;-;-
D11F27P001275;BRBMEFVD1F26;FINANCIAL;-;-;-;-;-;-;-;-;-;51,01;-;-;-;-;-;-;-
D11F27P001300;BRBMEFVD1F34;FINANCIAL;-;-;-;-;-;-;-;-;-;74,64;-;-;-;-;-;-;-
D11F27P001325;BRBMEFVD1F42;FINANCIAL;-;-;-;-;-;-;-;-;-;103,78;-;-;-;-;-;-;-
D11F27P001350;BRBMEFVD1F59;FINANCIAL;-;-;-;-;-;-;-;-;-;137,91;-;-;-;-;-;-;-
D11F27P001375;BRBMEFVD1F67;FINANCIAL;-;-;-;-;-;-;-;-;-;176,14;-;-;-;-;-;-;-
D11F27P001525;BRBMEFVD1F75;FINANCIAL;-;-;-;-;-;-;-;-;-;446,5;-;-;-;-;-;-;-
D11F27P001550;BRBMEFVD1F83;FINANCIAL;-;-;-;-;-;-;-;-;-;493,99;-;-;-;-;-;-;-
D11F27P001575;BRBMEFVD1F91;FINANCIAL;-;-;-;-;-;-;-;-;-;541,65;-;-;-;-;-;-;-
D11F27P001600;BRBMEFVD1FA7;FINANCIAL;-;-;-;-;-;-;-;-;-;589,36;-;-;-;-;-;-;-
D11F27P001625;BRBMEFVD1FB5;FINANCIAL;-;-;-;-;-;-;-;-;-;637,04;-;-;-;-;-;-;-
D11F27P001650;BRBMEFVD1FC3;FINANCIAL;-;-;-;-;-;-;-;-;-;684,72;-;-;-;-;-;-;-
D11F27P001675;BRBMEFVD1FD1;FINANCIAL;-;-;-;-;-;-;-;-;-;732,35;-;-;-;-;-;-;-
D11F27P001700;BRBMEFVD1FE9;FINANCIAL;-;-;-;-;-;-;-;-;-;779,9;-;-;-;-;-;-;-
D11F27P001725;BRBMEFVD1FF6;FINANCIAL;-;-;-;-;-;-;-;-;-;827,36;-;-;-;-;-;-;-
D11F27P001750;BRBMEFVD1FG4;FINANCIAL;-;-;-;-;-;-;-;-;-;874,71;-;-;-;-;-;-;-
D11F27P001775;BRBMEFVD1FH2;FINANCIAL;-;-;-;-;-;-;-;-;-;921,95;-;-;-;-;-;-;-
D11F27P001800;BRBMEFVD1FI0;FINANCIAL;-;-;-;-;-;-;-;-;-;969,07;-;-;-;-;-;-;-
D12F27C001000;BRBMEFCD2VZ2;FINANCIAL;-;-;-;-;-;-;-;-;-;1125,81;-;-;-;-;-;-;-
D12F27C001025;BRBMEFCD2W08;FINANCIAL;-;-;-;-;-;-;-;-;-;1023,69;-;-;-;-;-;-;-
D12F27C001050;BRBMEFCD2W16;FINANCIAL;-;-;-;-;-;-;-;-;-;922,45;-;-;-;-;-;-;-
D12F27C001075;BRBMEFCD2W24;FINANCIAL;-;-;-;-;-;-;-;-;-;822,29;-;-;-;-;-;-;-
D12F27C001100;BRBMEFCD2W32;FINANCIAL;-;-;-;-;-;-;-;-;-;723,78;-;-;-;-;-;-;-
D12F27C001125;BRBMEFCD2W40;FINANCIAL;-;-;-;-;-;-;-;-;-;627,64;-;-;-;-;-;-;-
D12F27C001150;BRBMEFCD2W57;FINANCIAL;-;-;-;-;-;-;-;-;-;534,67;-;-;-;-;-;-;-
D12F27C001175;BRBMEFCD2W65;FINANCIAL;-;-;-;-;-;-;-;-;-;447,09;-;-;-;-;-;-;-
D12F27C001200;BRBMEFCD2W73;FINANCIAL;-;-;-;-;-;-;-;-;-;366,25;-;-;-;-;-;-;-
D12F27C001225;BRBMEFCD2W81;FINANCIAL;-;-;-;-;-;-;-;-;-;293,63;-;-;-;-;-;-;-
D12F27C001250;BRBMEFCD2W99;FINANCIAL;-;-;-;-;-;-;-;-;-;230,83;-;-;-;-;-;-;-
D12F27C001275;BRBMEFCD2WA3;FINANCIAL;-;-;-;-;-;-;-;-;-;178,29;-;-;-;-;-;-;-
D12F27C001300;BRBMEFCD2WB1;FINANCIAL;-;-;-;-;-;-;-;-;-;135,62;-;-;-;-;-;-;-
D12F27C001325;BRBMEFCD2WC9;FINANCIAL;-;-;-;-;-;-;-;-;-;101,83;-;-;-;-;-;-;-
D12F27C001350;BRBMEFCD2WD7;FINANCIAL;-;-;-;-;-;-;-;-;-;76,26;-;-;-;-;-;-;-
D12F27C001375;BRBMEFCD2WE5;FINANCIAL;-;-;-;-;-;-;-;-;-;56,79;-;-;-;-;-;-;-
D12F27C001400;BRBMEFCD2WF2;FINANCIAL;-;-;-;-;-;-;-;-;-;42,22;-;-;-;-;-;-;-
D12F27C001425;BRBMEFCD2WG0;FINANCIAL;-;-;-;-;-;-;-;-;-;31,4;-;-;-;-;-;-;-
D12F27C001450;BRBMEFCD2WH8;FINANCIAL;-;-;-;-;-;-;-;-;-;23,4;-;-;-;-;-;-;-
D12F27C001475;BRBMEFCD2WI6;FINANCIAL;-;-;-;-;-;-;-;-;-;17,84;-;-;-;-;-;-;-
D12F27C001500;BRBMEFCD2WJ4;FINANCIAL;-;-;-;-;-;-;-;-;-;13,76;-;-;-;-;-;-;-
D12F27C001525;BRBMEFCD2WK2;FINANCIAL;-;-;-;-;-;-;-;-;-;10,46;-;-;-;-;-;-;-
D12F27C001550;BRBMEFCD2WL0;FINANCIAL;-;-;-;-;-;-;-;-;-;7,72;-;-;-;-;-;-;-
D12F27C001575;BRBMEFCD2WM8;FINANCIAL;-;-;-;-;-;-;-;-;-;5,71;-;-;-;-;-;-;-
D12F27C001600;BRBMEFCD2WN6;FINANCIAL;-;-;-;-;-;-;-;-;-;4,25;-;-;-;-;-;-;-
D12F27C001625;BRBMEFCD2WO4;FINANCIAL;-;-;-;-;-;-;-;-;-;3,17;-;-;-;-;-;-;-
D12F27C001650;BRBMEFCD2WP1;FINANCIAL;-;-;-;-;-;-;-;-;-;2,39;-;-;-;-;-;-;-
D12F27C001675;BRBMEFCD2WQ9;FINANCIAL;-;-;-;-;-;-;-;-;-;1,65;-;-;-;-;-;-;-
D12F27C001700;BRBMEFCD2WR7;FINANCIAL;-;-;-;-;-;-;-;-;-;1,1;-;-;-;-;-;-;-
D12F27C001725;BRBMEFCD2WS5;FINANCIAL;-;-;-;-;-;-;-;-;-;0,73;-;-;-;-;-;-;-
D12F27C001750;BRBMEFCD2WT3;FINANCIAL;-;-;-;-;-;-;-;-;-;0,48;-;-;-;-;-;-;-
D12F27C001775;BRBMEFCD2WU1;FINANCIAL;-;-;-;-;-;-;-;-;-;0,32;-;-;-;-;-;-;-
D12F27C001800;BRBMEFCD2WV9;FINANCIAL;-;-;-;-;-;-;-;-;-;0,21;-;-;-;-;-;-;-
D12F27P001000;BRBMEFVD2VL9;FINANCIAL;-;-;-;-;-;-;-;-;-;0,31;-;-;-;-;-;-;-
D12F27P001025;BRBMEFVD2VM7;FINANCIAL;-;-;-;-;-;-;-;-;-;0,77;-;-;-;-;-;-;-
D12F27P001050;BRBMEFVD2VN5;FINANCIAL;-;-;-;-;-;-;-;-;-;1,78;-;-;-;-;-;-;-
D12F27P001075;BRBMEFVD2VO3;FINANCIAL;-;-;-;-;-;-;-;-;-;3,52;-;-;-;-;-;-;-
D12F27P001100;BRBMEFVD2VP0;FINANCIAL;-;-;-;-;-;-;-;-;-;6,57;-;-;-;-;-;-;-
D12F27P001125;BRBMEFVD2VQ8;FINANCIAL;-;-;-;-;-;-;-;-;-;11,64;-;-;-;-;-;-;-
D12F27P001150;BRBMEFVD2VR6;FINANCIAL;-;-;-;-;-;-;-;-;-;19,56;-;-;-;-;-;-;-
D12F27P001175;BRBMEFVD2VS4;FINANCIAL;-;-;-;-;-;-;-;-;-;32,52;-;-;-;-;-;-;-
D12F27P001200;BRBMEFVD2VT2;FINANCIAL;-;-;-;-;-;-;-;-;-;51,88;-;-;-;-;-;-;-
D12F27P001225;BRBMEFVD2VU0;FINANCIAL;-;-;-;-;-;-;-;-;-;79,14;-;-;-;-;-;-;-
D12F27P001250;BRBMEFVD2VV8;FINANCIAL;-;-;-;-;-;-;-;-;-;115,89;-;-;-;-;-;-;-
D12F27P001275;BRBMEFVD2VW6;FINANCIAL;-;-;-;-;-;-;-;-;-;162,57;-;-;-;-;-;-;-
D12F27P001300;BRBMEFVD2VX4;FINANCIAL;-;-;-;-;-;-;-;-;-;218,8;-;-;-;-;-;-;-
D12F27P001325;BRBMEFVD2VY2;FINANCIAL;-;-;-;-;-;-;-;-;-;283,57;-;-;-;-;-;-;-
D12F27P001350;BRBMEFVD2VZ9;FINANCIAL;-;-;-;-;-;-;-;-;-;356,24;-;-;-;-;-;-;-
D12F27P001375;BRBMEFVD2W08;FINANCIAL;-;-;-;-;-;-;-;-;-;434,69;-;-;-;-;-;-;-
D12F27P001400;BRBMEFVD2W16;FINANCIAL;-;-;-;-;-;-;-;-;-;517,73;-;-;-;-;-;-;-
D12F27P001425;BRBMEFVD2W24;FINANCIAL;-;-;-;-;-;-;-;-;-;604,18;-;-;-;-;-;-;-
D12F27P001450;BRBMEFVD2W32;FINANCIAL;-;-;-;-;-;-;-;-;-;693,16;-;-;-;-;-;-;-
D12F27P001475;BRBMEFVD2W40;FINANCIAL;-;-;-;-;-;-;-;-;-;784,25;-;-;-;-;-;-;-
D12F27P001500;BRBMEFVD2W57;FINANCIAL;-;-;-;-;-;-;-;-;-;876,51;-;-;-;-;-;-;-
D12F27P001525;BRBMEFVD2W65;FINANCIAL;-;-;-;-;-;-;-;-;-;969,24;-;-;-;-;-;-;-
D12F27P001550;BRBMEFVD2W73;FINANCIAL;-;-;-;-;-;-;-;-;-;1062,22;-;-;-;-;-;-;-
D12F27P001575;BRBMEFVD2W81;FINANCIAL;-;-;-;-;-;-;-;-;-;1155,62;-;-;-;-;-;-;-
D12F27P001600;BRBMEFVD2W99;FINANCIAL;-;-;-;-;-;-;-;-;-;1249,26;-;-;-;-;-;-;-
D12F27P001625;BRBMEFVD2WA0;FINANCIAL;-;-;-;-;-;-;-;-;-;1342,99;-;-;-;-;-;-;-
D12F27P001650;BRBMEFVD2WB8;FINANCIAL;-;-;-;-;-;-;-;-;-;1436,7;-;-;-;-;-;-;-
D12F27P001675;BRBMEFVD2WC6;FINANCIAL;-;-;-;-;-;-;-;-;-;1530,16;-;-;-;-;-;-;-
D12F27P001700;BRBMEFVD2WD4;FINANCIAL;-;-;-;-;-;-;-;-;-;1623,51;-;-;-;-;-;-;-
D12F27P001725;BRBMEFVD2WE2;FINANCIAL;-;-;-;-;-;-;-;-;-;1716,74;-;-;-;-;-;-;-
D12F27P001750;BRBMEFVD2WF9;FINANCIAL;-;-;-;-;-;-;-;-;-;1809,79;-;-;-;-;-;-;-
D12F27P001775;BRBMEFVD2WG7;FINANCIAL;-;-;-;-;-;-;-;-;-;1902,63;-;-;-;-;-;-;-
D12F27P001800;BRBMEFVD2WH5;FINANCIAL;-;-;-;-;-;-;-;-;-;1995,24;-;-;-;-;-;-;-
D17F27C001250;BRBMEFCI78O3;FINANCIAL;-;-;-;-;-;-;-;-;-;963,65;-;-;-;-;-;-;-
D17F27C001275;BRBMEFCI78P0;FINANCIAL;-;-;-;-;-;-;-;-;-;736,34;-;-;-;-;-;-;-
D17F27C001300;BRBMEFCI78Q8;FINANCIAL;-;-;-;-;-;-;-;-;-;566,67;-;-;-;-;-;-;-
D17F27C001325;BRBMEFCI78R6;FINANCIAL;-;-;-;-;-;-;-;-;-;432,28;-;-;-;-;-;-;-
D17F27C001350;BRBMEFCI78S4;FINANCIAL;-;-;-;-;-;-;-;-;-;331,1;-;-;-;-;-;-;-
D17F27C001375;BRBMEFCI78T2;FINANCIAL;-;-;-;-;-;-;-;-;-;256,63;-;-;-;-;-;-;-
D17F27C001400;BRBMEFCI78U0;FINANCIAL;-;-;-;-;-;-;-;-;-;201,56;-;-;-;-;-;-;-
D17F27C001425;BRBMEFCI78V8;FINANCIAL;-;-;-;-;-;-;-;-;-;160,58;-;-;-;-;-;-;-
D17F27C001450;BRBMEFCI78W6;FINANCIAL;-;-;-;-;-;-;-;-;-;130,54;-;-;-;-;-;-;-
D17F27C001475;BRBMEFCI78X4;FINANCIAL;-;-;-;-;-;-;-;-;-;111,72;-;-;-;-;-;-;-
D17F27C001500;BRBMEFCI78Y2;FINANCIAL;-;-;-;-;-;-;-;-;-;98,1;-;-;-;-;-;-;-
D17F27C001525;BRBMEFCI78Z9;FINANCIAL;-;-;-;-;-;-;-;-;-;88,03;-;-;-;-;-;-;-
D17F27C001550;BRBMEFCI7906;FINANCIAL;-;-;-;-;-;-;-;-;-;81;-;-;-;-;-;-;-
D17F27C001575;BRBMEFCI7914;FINANCIAL;-;-;-;-;-;-;-;-;-;76,09;-;-;-;-;-;-;-
D17F27C001600;BRBMEFCI7922;FINANCIAL;-;-;-;-;-;-;-;-;-;67,2;-;-;-;-;-;-;-
D17F27P001250;BRBMEFVI78O3;FINANCIAL;-;-;-;-;-;-;-;-;-;731,33;-;-;-;-;-;-;-
D17F27P001275;BRBMEFVI78P0;FINANCIAL;-;-;-;-;-;-;-;-;-;1037,35;-;-;-;-;-;-;-
D17F27P001300;BRBMEFVI78Q8;FINANCIAL;-;-;-;-;-;-;-;-;-;1395,16;-;-;-;-;-;-;-
D17F27P001325;BRBMEFVI78R6;FINANCIAL;-;-;-;-;-;-;-;-;-;1782,48;-;-;-;-;-;-;-
D17F27P001350;BRBMEFVI78S4;FINANCIAL;-;-;-;-;-;-;-;-;-;2197,32;-;-;-;-;-;-;-
D17F27P001375;BRBMEFVI78T2;FINANCIAL;-;-;-;-;-;-;-;-;-;2633,26;-;-;-;-;-;-;-
D17F27P001400;BRBMEFVI78U0;FINANCIAL;-;-;-;-;-;-;-;-;-;3083,06;-;-;-;-;-;-;-
D17F27P001425;BRBMEFVI78V8;FINANCIAL;-;-;-;-;-;-;-;-;-;3541,47;-;-;-;-;-;-;-
D17F27P001450;BRBMEFVI78W6;FINANCIAL;-;-;-;-;-;-;-;-;-;4005,43;-;-;-;-;-;-;-
D17F27P001475;BRBMEFVI78X4;FINANCIAL;-;-;-;-;-;-;-;-;-;4475,28;-;-;-;-;-;-;-
D17F27P001500;BRBMEFVI78Y2;FINANCIAL;-;-;-;-;-;-;-;-;-;4945,06;-;-;-;-;-;-;-
D17F27P001525;BRBMEFVI78Z9;FINANCIAL;-;-;-;-;-;-;-;-;-;5413,2;-;-;-;-;-;-;-
D17F27P001550;BRBMEFVI7903;FINANCIAL;-;-;-;-;-;-;-;-;-;5879,26;-;-;-;-;-;-;-
D17F27P001575;BRBMEFVI7911;FINANCIAL;-;-;-;-;-;-;-;-;-;6342,37;-;-;-;-;-;-;-
D17F27P001600;BRBMEFVI7929;FINANCIAL;-;-;-;-;-;-;-;-;-;6796,51;-;-;-;-;-;-;-
IDIG27C557600;BRBMEFCIG946;FINANCIAL;-;-;-;-;-;-;-;-;-;27,4;-;-;-;-;-;-;-
IDIG27C557700;BRBMEFCIG953;FINANCIAL;-;-;-;-;-;-;-;-;-;24,4;-;-;-;-;-;-;-
IDIG27C557800;BRBMEFCIG961;FINANCIAL;-;-;-;-;-;-;-;-;-;21,08;-;-;-;-;-;-;-
IDIG27C557900;BRBMEFCIG979;FINANCIAL;-;-;-;-;-;-;-;-;-;19,45;-;-;-;-;-;-;-
IDIG27C558000;BRBMEFCIG987;FINANCIAL;-;-;-;-;-;-;-;-;-;18,22;-;-;-;-;-;-;-
IDIG27C558100;BRBMEFCIG995;FINANCIAL;-;-;-;-;-;-;-;-;-;16,85;-;-;-;-;-;-;-
IDIG27C558200;BRBMEFCIG9A2;FINANCIAL;-;-;-;-;-;-;-;-;-;15,59;-;-;-;-;-;-;-
IDIG27C558300;BRBMEFCIG9B0;FINANCIAL;-;-;-;-;-;-;-;-;-;14,4;-;-;-;-;-;-;-
IDIG27C558400;BRBMEFCIG9C8;FINANCIAL;-;-;-;-;-;-;-;-;-;13,28;-;-;-;-;-;-;-
IDIG27C558500;BRBMEFCIG9D6;FINANCIAL;-;-;-;-;-;-;-;-;-;12,23;-;-;-;-;-;-;-
IDIG27C558600;BRBMEFCIG9E4;FINANCIAL;-;-;-;-;-;-;-;-;-;11,24;-;-;-;-;-;-;-
IDIG27C558700;BRBMEFCIG9F1;FINANCIAL;-;-;-;-;-;-;-;-;-;10,35;-;-;-;-;-;-;-
IDIG27C558800;BRBMEFCIG9G9;FINANCIAL;-;-;-;-;-;-;-;-;-;9,54;-;-;-;-;-;-;-
IDIG27C558900;BRBMEFCIG9H7;FINANCIAL;-;-;-;-;-;-;-;-;-;8,81;-;-;-;-;-;-;-
IDIG27C559000;BRBMEFCIG9I5;FINANCIAL;-;-;-;-;-;-;-;-;-;8,15;-;-;-;-;-;-;-
IDIG27C559100;BRBMEFCIG9J3;FINANCIAL;-;-;-;-;-;-;-;-;-;7,55;-;-;-;-;-;-;-
IDIG27C559200;BRBMEFCIG9K1;FINANCIAL;-;-;-;-;-;-;-;-;-;7;-;-;-;-;-;-;-
IDIG27C559300;BRBMEFCIG9L9;FINANCIAL;-;-;-;-;-;-;-;-;-;6,5;-;-;-;-;-;-;-
IDIG27C559400;BRBMEFCIG9M7;FINANCIAL;-;-;-;-;-;-;-;-;-;6,05;-;-;-;-;-;-;-
IDIG27C559500;BRBMEFCIG9N5;FINANCIAL;-;-;-;-;-;-;-;-;-;5,64;-;-;-;-;-;-;-
IDIG27P557600;BRBMEFVIG946;FINANCIAL;-;-;-;-;-;-;-;-;-;1572,21;-;-;-;-;-;-;-
IDIG27P557700;BRBMEFVIG953;FINANCIAL;-;-;-;-;-;-;-;-;-;1665,3;-;-;-;-;-;-;-
IDIG27P557800;BRBMEFVIG961;FINANCIAL;-;-;-;-;-;-;-;-;-;1758,09;-;-;-;-;-;-;-
IDIG27P557900;BRBMEFVIG979;FINANCIAL;-;-;-;-;-;-;-;-;-;1852,56;-;-;-;-;-;-;-
IDIG27P558000;BRBMEFVIG987;FINANCIAL;-;-;-;-;-;-;-;-;-;1947,43;-;-;-;-;-;-;-
IDIG27P558100;BRBMEFVIG995;FINANCIAL;-;-;-;-;-;-;-;-;-;2042,17;-;-;-;-;-;-;-
IDIG27P558200;BRBMEFVIG9A9;FINANCIAL;-;-;-;-;-;-;-;-;-;2137,01;-;-;-;-;-;-;-
IDIG27P558300;BRBMEFVIG9B7;FINANCIAL;-;-;-;-;-;-;-;-;-;2231,92;-;-;-;-;-;-;-
IDIG27P558400;BRBMEFVIG9C5;FINANCIAL;-;-;-;-;-;-;-;-;-;2326,91;-;-;-;-;-;-;-
IDIG27P558500;BRBMEFVIG9D3;FINANCIAL;-;-;-;-;-;-;-;-;-;2421,95;-;-;-;-;-;-;-
IDIG27P558600;BRBMEFVIG9E1;FINANCIAL;-;-;-;-;-;-;-;-;-;2517,06;-;-;-;-;-;-;-
IDIG27P558700;BRBMEFVIG9F8;FINANCIAL;-;-;-;-;-;-;-;-;-;2612,28;-;-;-;-;-;-;-
IDIG27P558800;BRBMEFVIG9G6;FINANCIAL;-;-;-;-;-;-;-;-;-;2707,57;-;-;-;-;-;-;-
IDIG27P558900;BRBMEFVIG9H4;FINANCIAL;-;-;-;-;-;-;-;-;-;2802,94;-;-;-;-;-;-;-
IDIG27P559000;BRBMEFVIG9I2;FINANCIAL;-;-;-;-;-;-;-;-;-;2898,39;-;-;-;-;-;-;-
IDIG27P559100;BRBMEFVIG9J0;FINANCIAL;-;-;-;-;-;-;-;-;-;2993,89;-;-;-;-;-;-;-
IDIG27P559200;BRBMEFVIG9K8;FINANCIAL;-;-;-;-;-;-;-;-;-;3089,45;-;-;-;-;-;-;-
IDIG27P559300;BRBMEFVIG9L6;FINANCIAL;-;-;-;-;-;-;-;-;-;3185,05;-;-;-;-;-;-;-
IDIG27P559400;BRBMEFVIG9M4;FINANCIAL;-;-;-;-;-;-;-;-;-;3280,7;-;-;-;-;-;-;-
IDIG27P559500;BRBMEFVIG9N2;FINANCIAL;-;-;-;-;-;-;-;-;-;3376,39;-;-;-;-;-;-;-
IDIH27C563100;BRBMEFCIH8T3;FINANCIAL;-;-;-;-;-;-;-;-;-;70,61;-;-;-;-;-;-;-
IDIH27C563200;BRBMEFCIH8U1;FINANCIAL;-;-;-;-;-;-;-;-;-;68,15;-;-;-;-;-;-;-
IDIH27C563300;BRBMEFCIH8V9;FINANCIAL;-;-;-;-;-;-;-;-;-;66,55;-;-;-;-;-;-;-
IDIH27C563400;BRBMEFCIH8W7;FINANCIAL;-;-;-;-;-;-;-;-;-;65,29;-;-;-;-;-;-;-
IDIH27C563500;BRBMEFCIH8X5;FINANCIAL;-;-;-;-;-;-;-;-;-;63,93;-;-;-;-;-;-;-
IDIH27C563600;BRBMEFCIH8Y3;FINANCIAL;-;-;-;-;-;-;-;-;-;62,49;-;-;-;-;-;-;-
IDIH27C563700;BRBMEFCIH8Z0;FINANCIAL;-;-;-;-;-;-;-;-;-;61,1;-;-;-;-;-;-;-
IDIH27C563800;BRBMEFCIH902;FINANCIAL;-;-;-;-;-;-;-;-;-;59,73;-;-;-;-;-;-;-
IDIH27C563900;BRBMEFCIH910;FINANCIAL;-;-;-;-;-;-;-;-;-;58,36;-;-;-;-;-;-;-
IDIH27C564000;BRBMEFCIH928;FINANCIAL;-;-;-;-;-;-;-;-;-;57,04;-;-;-;-;-;-;-
IDIH27C564100;BRBMEFCIH936;FINANCIAL;-;-;-;-;-;-;-;-;-;55,69;-;-;-;-;-;-;-
IDIH27C564200;BRBMEFCIH944;FINANCIAL;-;-;-;-;-;-;-;-;-;54,25;-;-;-;-;-;-;-
IDIH27C564300;BRBMEFCIH951;FINANCIAL;-;-;-;-;-;-;-;-;-;52,68;-;-;-;-;-;-;-
IDIH27C564400;BRBMEFCIH969;FINANCIAL;-;-;-;-;-;-;-;-;-;50,89;-;-;-;-;-;-;-
IDIH27C564500;BRBMEFCIH977;FINANCIAL;-;-;-;-;-;-;-;-;-;49,06;-;-;-;-;-;-;-
IDIH27C564600;BRBMEFCIH985;FINANCIAL;-;-;-;-;-;-;-;-;-;47,31;-;-;-;-;-;-;-
IDIH27C564700;BRBMEFCIH993;FINANCIAL;-;-;-;-;-;-;-;-;-;45,72;-;-;-;-;-;-;-
IDIH27C564800;BRBMEFCIH9A1;FINANCIAL;-;-;-;-;-;-;-;-;-;44,29;-;-;-;-;-;-;-
IDIH27C564900;BRBMEFCIH9B9;FINANCIAL;-;-;-;-;-;-;-;-;-;42,94;-;-;-;-;-;-;-
IDIH27C565000;BRBMEFCIH9C7;FINANCIAL;-;-;-;-;-;-;-;-;-;41,66;-;-;-;-;-;-;-
IDIH27P563100;BRBMEFVIH8T0;FINANCIAL;-;-;-;-;-;-;-;-;-;2220,41;-;-;-;-;-;-;-
IDIH27P563200;BRBMEFVIH8U8;FINANCIAL;-;-;-;-;-;-;-;-;-;2313,22;-;-;-;-;-;-;-
IDIH27P563300;BRBMEFVIH8V6;FINANCIAL;-;-;-;-;-;-;-;-;-;2406,9;-;-;-;-;-;-;-
IDIH27P563400;BRBMEFVIH8W4;FINANCIAL;-;-;-;-;-;-;-;-;-;2500,9;-;-;-;-;-;-;-
IDIH27P563500;BRBMEFVIH8X2;FINANCIAL;-;-;-;-;-;-;-;-;-;2594,82;-;-;-;-;-;-;-
IDIH27P563600;BRBMEFVIH8Y0;FINANCIAL;-;-;-;-;-;-;-;-;-;2688,65;-;-;-;-;-;-;-
IDIH27P563700;BRBMEFVIH8Z7;FINANCIAL;-;-;-;-;-;-;-;-;-;2782,53;-;-;-;-;-;-;-
IDIH27P563800;BRBMEFVIH902;FINANCIAL;-;-;-;-;-;-;-;-;-;2876,43;-;-;-;-;-;-;-
IDIH27P563900;BRBMEFVIH910;FINANCIAL;-;-;-;-;-;-;-;-;-;2970,33;-;-;-;-;-;-;-
IDIH27P564000;BRBMEFVIH928;FINANCIAL;-;-;-;-;-;-;-;-;-;3064,29;-;-;-;-;-;-;-
IDIH27P564100;BRBMEFVIH936;FINANCIAL;-;-;-;-;-;-;-;-;-;3158,2;-;-;-;-;-;-;-
IDIH27P564200;BRBMEFVIH944;FINANCIAL;-;-;-;-;-;-;-;-;-;3252,04;-;-;-;-;-;-;-
IDIH27P564300;BRBMEFVIH951;FINANCIAL;-;-;-;-;-;-;-;-;-;3345,73;-;-;-;-;-;-;-
IDIH27P564400;BRBMEFVIH969;FINANCIAL;-;-;-;-;-;-;-;-;-;3439,22;-;-;-;-;-;-;-
IDIH27P564500;BRBMEFVIH977;FINANCIAL;-;-;-;-;-;-;-;-;-;3532,66;-;-;-;-;-;-;-
IDIH27P564600;BRBMEFVIH985;FINANCIAL;-;-;-;-;-;-;-;-;-;3626,18;-;-;-;-;-;-;-
IDIH27P564700;BRBMEFVIH993;FINANCIAL;-;-;-;-;-;-;-;-;-;3719,86;-;-;-;-;-;-;-
IDIH27P564800;BRBMEFVIH9A8;FINANCIAL;-;-;-;-;-;-;-;-;-;3813,71;-;-;-;-;-;-;-
IDIH27P564900;BRBMEFVIH9B6;FINANCIAL;-;-;-;-;-;-;-;-;-;3907,63;-;-;-;-;-;-;-
IDIH27P565000;BRBMEFVIH9C4;FINANCIAL;-;-;-;-;-;-;-;-;-;4001,62;-;-;-;-;-;-;-
IDIJ27C575100;BRBMEFCIJV36;FINANCIAL;-;-;-;-;-;-;-;-;-;53,07;-;-;-;-;-;-;-
IDIJ27C575200;BRBMEFCIJV44;FINANCIAL;-;-;-;-;-;-;-;-;-;52,09;-;-;-;-;-;-;-
IDIJ27C575300;BRBMEFCIJV51;FINANCIAL;-;-;-;-;-;-;-;-;-;51,11;-;-;-;-;-;-;-
IDIJ27C575400;BRBMEFCIJV69;FINANCIAL;-;-;-;-;-;-;-;-;-;50,16;-;-;-;-;-;-;-
IDIJ27C575500;BRBMEFCIJV77;FINANCIAL;-;-;-;-;-;-;-;-;-;49,21;-;-;-;-;-;-;-
IDIJ27C575600;BRBMEFCIJV85;FINANCIAL;-;-;-;-;-;-;-;-;-;48,32;-;-;-;-;-;-;-
IDIJ27C575700;BRBMEFCIJV93;FINANCIAL;-;-;-;-;-;-;-;-;-;47,4;-;-;-;-;-;-;-
IDIJ27C575800;BRBMEFCIJVA1;FINANCIAL;-;-;-;-;-;-;-;-;-;46,53;-;-;-;-;-;-;-
IDIJ27C575900;BRBMEFCIJVB9;FINANCIAL;-;-;-;-;-;-;-;-;-;45,67;-;-;-;-;-;-;-
IDIJ27C576000;BRBMEFCIJVC7;FINANCIAL;-;-;-;-;-;-;-;-;-;44,83;-;-;-;-;-;-;-
IDIJ27C576100;BRBMEFCIJVD5;FINANCIAL;-;-;-;-;-;-;-;-;-;43,99;-;-;-;-;-;-;-
IDIJ27C576200;BRBMEFCIJVE3;FINANCIAL;-;-;-;-;-;-;-;-;-;43,2;-;-;-;-;-;-;-
IDIJ27C576300;BRBMEFCIJVF0;FINANCIAL;-;-;-;-;-;-;-;-;-;42,41;-;-;-;-;-;-;-
IDIJ27C576400;BRBMEFCIJVG8;FINANCIAL;-;-;-;-;-;-;-;-;-;41,62;-;-;-;-;-;-;-
IDIJ27C576500;BRBMEFCIJVH6;FINANCIAL;-;-;-;-;-;-;-;-;-;40,88;-;-;-;-;-;-;-
IDIJ27C576600;BRBMEFCIJVI4;FINANCIAL;-;-;-;-;-;-;-;-;-;40,13;-;-;-;-;-;-;-
IDIJ27C576700;BRBMEFCIJVJ2;FINANCIAL;-;-;-;-;-;-;-;-;-;39,41;-;-;-;-;-;-;-
IDIJ27C576800;BRBMEFCIJVK0;FINANCIAL;-;-;-;-;-;-;-;-;-;38,7;-;-;-;-;-;-;-
IDIJ27C576900;BRBMEFCIJVL8;FINANCIAL;-;-;-;-;-;-;-;-;-;38;-;-;-;-;-;-;-
IDIJ27C577000;BRBMEFCIJVM6;FINANCIAL;-;-;-;-;-;-;-;-;-;37,33;-;-;-;-;-;-;-
IDIJ27P575100;BRBMEFVIJV33;FINANCIAL;-;-;-;-;-;-;-;-;-;7855,53;-;-;-;-;-;-;-
IDIJ27P575200;BRBMEFVIJV41;FINANCIAL;-;-;-;-;-;-;-;-;-;7948,81;-;-;-;-;-;-;-
IDIJ27P575300;BRBMEFVIJV58;FINANCIAL;-;-;-;-;-;-;-;-;-;8042,1;-;-;-;-;-;-;-
IDIJ27P575400;BRBMEFVIJV66;FINANCIAL;-;-;-;-;-;-;-;-;-;8135,41;-;-;-;-;-;-;-
IDIJ27P575500;BRBMEFVIJV74;FINANCIAL;-;-;-;-;-;-;-;-;-;8228,73;-;-;-;-;-;-;-
IDIJ27P575600;BRBMEFVIJV82;FINANCIAL;-;-;-;-;-;-;-;-;-;8322,1;-;-;-;-;-;-;-
IDIJ27P575700;BRBMEFVIJV90;FINANCIAL;-;-;-;-;-;-;-;-;-;8415,45;-;-;-;-;-;-;-
IDIJ27P575800;BRBMEFVIJVA1;FINANCIAL;-;-;-;-;-;-;-;-;-;8508,86;-;-;-;-;-;-;-
IDIJ27P575900;BRBMEFVIJVB9;FINANCIAL;-;-;-;-;-;-;-;-;-;8602,26;-;-;-;-;-;-;-
IDIJ27P576000;BRBMEFVIJVC7;FINANCIAL;-;-;-;-;-;-;-;-;-;8695,69;-;-;-;-;-;-;-
IDIJ27P576100;BRBMEFVIJVD5;FINANCIAL;-;-;-;-;-;-;-;-;-;8789,11;-;-;-;-;-;-;-
IDIJ27P576200;BRBMEFVIJVE3;FINANCIAL;-;-;-;-;-;-;-;-;-;8882,59;-;-;-;-;-;-;-
IDIJ27P576300;BRBMEFVIJVF0;FINANCIAL;-;-;-;-;-;-;-;-;-;8976,07;-;-;-;-;-;-;-
IDIJ27P576400;BRBMEFVIJVG8;FINANCIAL;-;-;-;-;-;-;-;-;-;9069,54;-;-;-;-;-;-;-
IDIJ27P576500;BRBMEFVIJVH6;FINANCIAL;-;-;-;-;-;-;-;-;-;9163,06;-;-;-;-;-;-;-
IDIJ27P576600;BRBMEFVIJVI4;FINANCIAL;-;-;-;-;-;-;-;-;-;9256,58;-;-;-;-;-;-;-
IDIJ27P576700;BRBMEFVIJVJ2;FINANCIAL;-;-;-;-;-;-;-;-;-;9350,12;-;-;-;-;-;-;-
IDIJ27P576800;BRBMEFVIJVK0;FINANCIAL;-;-;-;-;-;-;-;-;-;9443,69;-;-;-;-;-;-;-
IDIJ27P576900;BRBMEFVIJVL8;FINANCIAL;-;-;-;-;-;-;-;-;-;9537,25;-;-;-;-;-;-;-
IDIJ27P577000;BRBMEFVIJVM6;FINANCIAL;-;-;-;-;-;-;-;-;-;9630,85;-;-;-;-;-;-;-
IDIZ26C546000;BRBMEFCIZA80;FINANCIAL;-;-;-;-;-;-;-;-;-;0,01;-;-;-;-;-;-;-
IDIZ26C546100;BRBMEFCIZA98;FINANCIAL;-;-;-;-;-;-;-;-;-;0,01;-;-;-;-;-;-;-
IDIZ26C546200;BRBMEFCIZAA1;FINANCIAL;-;-;-;-;-;-;-;-;-;0,01;-;-;-;-;-;-;-
IDIZ26C546300;BRBMEFCIZAB9;FINANCIAL;-;-;-;-;-;-;-;-;-;0,01;-;-;-;-;-;-;-
IDIZ26C546400;BRBMEFCIZAC7;FINANCIAL;-;-;-;-;-;-;-;-;-;0,01;-;-;-;-;-;-;-
IDIZ26C546500;BRBMEFCIZAD5;FINANCIAL;-;-;-;-;-;-;-;-;-;0,01;-;-;-;-;-;-;-
IDIZ26C546600;BRBMEFCIZAE3;FINANCIAL;-;-;-;-;-;-;-;-;-;0,01;-;-;-;-;-;-;-
IDIZ26C546700;BRBMEFCIZAF0;FINANCIAL;-;-;-;-;-;-;-;-;-;0,01;-;-;-;-;-;-;-
IDIZ26C546800;BRBMEFCIZAG8;FINANCIAL;-;-;-;-;-;-;-;-;-;0,01;-;-;-;-;-;-;-
IDIZ26C546900;BRBMEFCIZAH6;FINANCIAL;-;-;-;-;-;-;-;-;-;0,01;-;-;-;-;-;-;-
IDIZ26C547000;BRBMEFCIZAI4;FINANCIAL;-;-;-;-;-;-;-;-;-;0,01;-;-;-;-;-;-;-
IDIZ26C547100;BRBMEFCIZAJ2;FINANCIAL;-;-;-;-;-;-;-;-;-;0,01;-;-;-;-;-;-;-
IDIZ26C547200;BRBMEFCIZAK0;FINANCIAL;-;-;-;-;-;-;-;-;-;0,01;-;-;-;-;-;-;-
IDIZ26P546000;BRBMEFVIZA87;FINANCIAL;-;-;-;-;-;-;-;-;-;1329,88;-;-;-;-;-;-;-
IDIZ26P546100;BRBMEFVIZA95;FINANCIAL;-;-;-;-;-;-;-;-;-;1427,99;-;-;-;-;-;-;-
IDIZ26P546200;BRBMEFVIZAA1;FINANCIAL;-;-;-;-;-;-;-;-;-;1526,09;-;-;-;-;-;-;-
IDIZ26P546300;BRBMEFVIZAB9;FINANCIAL;-;-;-;-;-;-;-;-;-;1624,2;-;-;-;-;-;-;-
IDIZ26P546400;BRBMEFVIZAC7;FINANCIAL;-;-;-;-;-;-;-;-;-;1722,3;-;-;-;-;-;-;-
IDIZ26P546500;BRBMEFVIZAD5;FINANCIAL;-;-;-;-;-;-;-;-;-;1820,41;-;-;-;-;-;-;-
IDIZ26P546600;BRBMEFVIZAE3;FINANCIAL;-;-;-;-;-;-;-;-;-;1918,51;-;-;-;-;-;-;-
IDIZ26P546700;BRBMEFVIZAF0;FINANCIAL;-;-;-;-;-;-;-;-;-;2016,62;-;-;-;-;-;-;-
IDIZ26P546800;BRBMEFVIZAG8;FINANCIAL;-;-;-;-;-;-;-;-;-;2114,72;-;-;-;-;-;-;-
IDIZ26P546900;BRBMEFVIZAH6;FINANCIAL;-;-;-;-;-;-;-;-;-;2212,83;-;-;-;-;-;-;-
IDIZ26P547000;BRBMEFVIZAI4;FINANCIAL;-;-;-;-;-;-;-;-;-;2310,93;-;-;-;-;-;-;-
IDIZ26P547100;BRBMEFVIZAJ2;FINANCIAL;-;-;-;-;-;-;-;-;-;2409,04;-;-;-;-;-;-;-
IDIZ26P547200;BRBMEFVIZAK0;FINANCIAL;-;-;-;-;-;-;-;-;-;2507,14;-;-;-;-;-;-;-
IDIJ27C562700;BRBMEFCIJW35;FINANCIAL;-;-;-;-;-;-;-;-;-;3887,06;-;-;-;-;-;-;-
IDIJ27C562800;BRBMEFCIJW43;FINANCIAL;-;-;-;-;-;-;-;-;-;3792,94;-;-;-;-;-;-;-
IDIJ27C562900;BRBMEFCIJW50;FINANCIAL;-;-;-;-;-;-;-;-;-;3698,85;-;-;-;-;-;-;-
IDIJ27C563000;BRBMEFCIJW68;FINANCIAL;-;-;-;-;-;-;-;-;-;3604,81;-;-;-;-;-;-;-
IDIJ27C563100;BRBMEFCIJW76;FINANCIAL;-;-;-;-;-;-;-;-;-;3510,83;-;-;-;-;-;-;-
IDIJ27C563200;BRBMEFCIJW84;FINANCIAL;-;-;-;-;-;-;-;-;-;3416,92;-;-;-;-;-;-;-
IDIJ27C563300;BRBMEFCIJW92;FINANCIAL;-;-;-;-;-;-;-;-;-;3323,09;-;-;-;-;-;-;-
IDIJ27C563400;BRBMEFCIJWA9;FINANCIAL;-;-;-;-;-;-;-;-;-;3229,36;-;-;-;-;-;-;-
IDIJ27C563500;BRBMEFCIJWB7;FINANCIAL;-;-;-;-;-;-;-;-;-;3135,76;-;-;-;-;-;-;-
IDIJ27C563600;BRBMEFCIJWC5;FINANCIAL;-;-;-;-;-;-;-;-;-;3042,3;-;-;-;-;-;-;-
IDIJ27C563700;BRBMEFCIJWD3;FINANCIAL;-;-;-;-;-;-;-;-;-;2948,38;-;-;-;-;-;-;-
IDIJ27C563800;BRBMEFCIJWE1;FINANCIAL;-;-;-;-;-;-;-;-;-;2854,22;-;-;-;-;-;-;-
IDIJ27C563900;BRBMEFCIJWF8;FINANCIAL;-;-;-;-;-;-;-;-;-;2760,06;-;-;-;-;-;-;-
IDIJ27C564000;BRBMEFCIJWG6;FINANCIAL;-;-;-;-;-;-;-;-;-;2665,92;-;-;-;-;-;-;-
IDIJ27C564100;BRBMEFCIJWH4;FINANCIAL;-;-;-;-;-;-;-;-;-;2571,78;-;-;-;-;-;-;-
IDIJ27C564200;BRBMEFCIJWI2;FINANCIAL;-;-;-;-;-;-;-;-;-;2477,67;-;-;-;-;-;-;-
IDIJ27C564300;BRBMEFCIJWJ0;FINANCIAL;-;-;-;-;-;-;-;-;-;2383,56;-;-;-;-;-;-;-
IDIJ27C564400;BRBMEFCIJWK8;FINANCIAL;-;-;-;-;-;-;-;-;-;2289,45;-;-;-;-;-;-;-
IDIJ27C564500;BRBMEFCIJWL6;FINANCIAL;-;-;-;-;-;-;-;-;-;2195,36;-;-;-;-;-;-;-
IDIJ27C569100;BRBMEFCIJWM4;FINANCIAL;-;-;-;-;-;-;-;-;-;168,15;-;-;-;-;-;-;-
IDIJ27C569200;BRBMEFCIJWN2;FINANCIAL;-;-;-;-;-;-;-;-;-;163,75;-;-;-;-;-;-;-
IDIJ27C569300;BRBMEFCIJWO0;FINANCIAL;-;-;-;-;-;-;-;-;-;159,21;-;-;-;-;-;-;-
IDIJ27C569400;BRBMEFCIJWP7;FINANCIAL;-;-;-;-;-;-;-;-;-;154,78;-;-;-;-;-;-;-
IDIJ27C569500;BRBMEFCIJWQ5;FINANCIAL;-;-;-;-;-;-;-;-;-;150,54;-;-;-;-;-;-;-
IDIJ27C569600;BRBMEFCIJWR3;FINANCIAL;-;-;-;-;-;-;-;-;-;146,3;-;-;-;-;-;-;-
IDIJ27C569700;BRBMEFCIJWS1;FINANCIAL;-;-;-;-;-;-;-;-;-;142,31;-;-;-;-;-;-;-
IDIJ27C569800;BRBMEFCIJWT9;FINANCIAL;-;-;-;-;-;-;-;-;-;138,39;-;-;-;-;-;-;-
IDIJ27C569900;BRBMEFCIJWU7;FINANCIAL;-;-;-;-;-;-;-;-;-;134,69;-;-;-;-;-;-;-
IDIJ27C570100;BRBMEFCIJWV5;FINANCIAL;-;-;-;-;-;-;-;-;-;127,45;-;-;-;-;-;-;-
IDIJ27C570200;BRBMEFCIJWW3;FINANCIAL;-;-;-;-;-;-;-;-;-;123,91;-;-;-;-;-;-;-
IDIJ27C570300;BRBMEFCIJWX1;FINANCIAL;-;-;-;-;-;-;-;-;-;120,49;-;-;-;-;-;-;-
IDIJ27C570400;BRBMEFCIJWY9;FINANCIAL;-;-;-;-;-;-;-;-;-;117,17;-;-;-;-;-;-;-
IDIJ27C570500;BRBMEFCIJWZ6;FINANCIAL;-;-;-;-;-;-;-;-;-;114,02;-;-;-;-;-;-;-
IDIJ27P562700;BRBMEFVIJW32;FINANCIAL;-;-;-;-;-;-;-;-;-;0,48;-;-;-;-;-;-;-
IDIJ27P562800;BRBMEFVIJW40;FINANCIAL;-;-;-;-;-;-;-;-;-;0,63;-;-;-;-;-;-;-
IDIJ27P562900;BRBMEFVIJW57;FINANCIAL;-;-;-;-;-;-;-;-;-;0,81;-;-;-;-;-;-;-
IDIJ27P563000;BRBMEFVIJW65;FINANCIAL;-;-;-;-;-;-;-;-;-;1,03;-;-;-;-;-;-;-
IDIJ27P563100;BRBMEFVIJW73;FINANCIAL;-;-;-;-;-;-;-;-;-;1,31;-;-;-;-;-;-;-
IDIJ27P563200;BRBMEFVIJW81;FINANCIAL;-;-;-;-;-;-;-;-;-;1,67;-;-;-;-;-;-;-
IDIJ27P563300;BRBMEFVIJW99;FINANCIAL;-;-;-;-;-;-;-;-;-;2,1;-;-;-;-;-;-;-
IDIJ27P563400;BRBMEFVIJWA9;FINANCIAL;-;-;-;-;-;-;-;-;-;2,64;-;-;-;-;-;-;-
IDIJ27P563500;BRBMEFVIJWB7;FINANCIAL;-;-;-;-;-;-;-;-;-;3,31;-;-;-;-;-;-;-
IDIJ27P563600;BRBMEFVIJWC5;FINANCIAL;-;-;-;-;-;-;-;-;-;4,12;-;-;-;-;-;-;-
IDIJ27P563700;BRBMEFVIJWD3;FINANCIAL;-;-;-;-;-;-;-;-;-;4,46;-;-;-;-;-;-;-
IDIJ27P563800;BRBMEFVIJWE1;FINANCIAL;-;-;-;-;-;-;-;-;-;4,57;-;-;-;-;-;-;-
IDIJ27P563900;BRBMEFVIJWF8;FINANCIAL;-;-;-;-;-;-;-;-;-;4,68;-;-;-;-;-;-;-
IDIJ27P564000;BRBMEFVIJWG6;FINANCIAL;-;-;-;-;-;-;-;-;-;4,8;-;-;-;-;-;-;-
IDIJ27P564100;BRBMEFVIJWH4;FINANCIAL;-;-;-;-;-;-;-;-;-;4,93;-;-;-;-;-;-;-
IDIJ27P564200;BRBMEFVIJWI2;FINANCIAL;-;-;-;-;-;-;-;-;-;5,08;-;-;-;-;-;-;-
IDIJ27P564300;BRBMEFVIJWJ0;FINANCIAL;-;-;-;-;-;-;-;-;-;5,24;-;-;-;-;-;-;-
IDIJ27P564400;BRBMEFVIJWK8;FINANCIAL;-;-;-;-;-;-;-;-;-;5,4;-;-;-;-;-;-;-
IDIJ27P564500;BRBMEFVIJWL6;FINANCIAL;-;-;-;-;-;-;-;-;-;5,57;-;-;-;-;-;-;-
IDIJ27P569100;BRBMEFVIJWM4;FINANCIAL;-;-;-;-;-;-;-;-;-;2314,62;-;-;-;-;-;-;-
IDIJ27P569200;BRBMEFVIJWN2;FINANCIAL;-;-;-;-;-;-;-;-;-;2404,49;-;-;-;-;-;-;-
IDIJ27P569300;BRBMEFVIJWO0;FINANCIAL;-;-;-;-;-;-;-;-;-;2494,21;-;-;-;-;-;-;-
IDIJ27P569400;BRBMEFVIJWP7;FINANCIAL;-;-;-;-;-;-;-;-;-;2584,05;-;-;-;-;-;-;-
IDIJ27P569500;BRBMEFVIJWQ5;FINANCIAL;-;-;-;-;-;-;-;-;-;2674,07;-;-;-;-;-;-;-
IDIJ27P569600;BRBMEFVIJWR3;FINANCIAL;-;-;-;-;-;-;-;-;-;2764,11;-;-;-;-;-;-;-
IDIJ27P569700;BRBMEFVIJWS1;FINANCIAL;-;-;-;-;-;-;-;-;-;2854,38;-;-;-;-;-;-;-
IDIJ27P569800;BRBMEFVIJWT9;FINANCIAL;-;-;-;-;-;-;-;-;-;2944,73;-;-;-;-;-;-;-
IDIJ27P569900;BRBMEFVIJWU7;FINANCIAL;-;-;-;-;-;-;-;-;-;3035,29;-;-;-;-;-;-;-
IDIJ27P570100;BRBMEFVIJWV5;FINANCIAL;-;-;-;-;-;-;-;-;-;3216,58;-;-;-;-;-;-;-
IDIJ27P570200;BRBMEFVIJWW3;FINANCIAL;-;-;-;-;-;-;-;-;-;3307,31;-;-;-;-;-;-;-
IDIJ27P570300;BRBMEFVIJWX1;FINANCIAL;-;-;-;-;-;-;-;-;-;3398,15;-;-;-;-;-;-;-
IDIJ27P570400;BRBMEFVIJWY9;FINANCIAL;-;-;-;-;-;-;-;-;-;3489,1;-;-;-;-;-;-;-
IDIJ27P570500;BRBMEFVIJWZ6;FINANCIAL;-;-;-;-;-;-;-;-;-;3580,22;-;-;-;-;-;-;-
IDIN27C579600;BRBMEFCICL76;FINANCIAL;-;-;-;-;-;-;-;-;-;3946,7;-;-;-;-;-;-;-
IDIN27C579700;BRBMEFCICL84;FINANCIAL;-;-;-;-;-;-;-;-;-;3856,22;-;-;-;-;-;-;-
IDIN27C579800;BRBMEFCICL92;FINANCIAL;-;-;-;-;-;-;-;-;-;3765,98;-;-;-;-;-;-;-
IDIN27C579900;BRBMEFCICLA7;FINANCIAL;-;-;-;-;-;-;-;-;-;3676,02;-;-;-;-;-;-;-
IDIN27C580100;BRBMEFCICLB5;FINANCIAL;-;-;-;-;-;-;-;-;-;3497,24;-;-;-;-;-;-;-
IDIN27C580200;BRBMEFCICLC3;FINANCIAL;-;-;-;-;-;-;-;-;-;3408,38;-;-;-;-;-;-;-
IDIN27C580300;BRBMEFCICLD1;FINANCIAL;-;-;-;-;-;-;-;-;-;3319,78;-;-;-;-;-;-;-
IDIN27C580400;BRBMEFCICLE9;FINANCIAL;-;-;-;-;-;-;-;-;-;3231,4;-;-;-;-;-;-;-
IDIN27C580600;BRBMEFCICLF6;FINANCIAL;-;-;-;-;-;-;-;-;-;3056,75;-;-;-;-;-;-;-
IDIN27C580700;BRBMEFCICLG4;FINANCIAL;-;-;-;-;-;-;-;-;-;2970,54;-;-;-;-;-;-;-
IDIN27C580800;BRBMEFCICLH2;FINANCIAL;-;-;-;-;-;-;-;-;-;2884,27;-;-;-;-;-;-;-
IDIN27C580900;BRBMEFCICLI0;FINANCIAL;-;-;-;-;-;-;-;-;-;2798,88;-;-;-;-;-;-;-
IDIN27C581100;BRBMEFCICLJ8;FINANCIAL;-;-;-;-;-;-;-;-;-;2631,04;-;-;-;-;-;-;-
IDIN27C581200;BRBMEFCICLK6;FINANCIAL;-;-;-;-;-;-;-;-;-;2548,37;-;-;-;-;-;-;-
IDIN27C581300;BRBMEFCICLL4;FINANCIAL;-;-;-;-;-;-;-;-;-;2466,27;-;-;-;-;-;-;-
IDIN27C581400;BRBMEFCICLM2;FINANCIAL;-;-;-;-;-;-;-;-;-;2385,53;-;-;-;-;-;-;-
IDIN27C581600;BRBMEFCICLN0;FINANCIAL;-;-;-;-;-;-;-;-;-;2227,95;-;-;-;-;-;-;-
IDIN27C581700;BRBMEFCICLO8;FINANCIAL;-;-;-;-;-;-;-;-;-;2151,02;-;-;-;-;-;-;-
IDIN27C581800;BRBMEFCICLP5;FINANCIAL;-;-;-;-;-;-;-;-;-;2075,82;-;-;-;-;-;-;-
IDIN27C581900;BRBMEFCICLQ3;FINANCIAL;-;-;-;-;-;-;-;-;-;2002,73;-;-;-;-;-;-;-
IDIN27C582100;BRBMEFCICLR1;FINANCIAL;-;-;-;-;-;-;-;-;-;1860,98;-;-;-;-;-;-;-
IDIN27C582200;BRBMEFCICLS9;FINANCIAL;-;-;-;-;-;-;-;-;-;1794,42;-;-;-;-;-;-;-
IDIN27C582300;BRBMEFCICLT7;FINANCIAL;-;-;-;-;-;-;-;-;-;1729,84;-;-;-;-;-;-;-
IDIN27C582400;BRBMEFCICLU5;FINANCIAL;-;-;-;-;-;-;-;-;-;1667,01;-;-;-;-;-;-;-
IDIN27C582600;BRBMEFCICLV3;FINANCIAL;-;-;-;-;-;-;-;-;-;1545,55;-;-;-;-;-;-;-
IDIN27C582700;BRBMEFCICLW1;FINANCIAL;-;-;-;-;-;-;-;-;-;1489,71;-;-;-;-;-;-;-
IDIN27C582800;BRBMEFCICLX9;FINANCIAL;-;-;-;-;-;-;-;-;-;1434,09;-;-;-;-;-;-;-
IDIN27C582900;BRBMEFCICLY7;FINANCIAL;-;-;-;-;-;-;-;-;-;1379,23;-;-;-;-;-;-;-
IDIN27C583100;BRBMEFCICLZ4;FINANCIAL;-;-;-;-;-;-;-;-;-;1272,01;-;-;-;-;-;-;-
IDIN27C583200;BRBMEFCICM00;FINANCIAL;-;-;-;-;-;-;-;-;-;1221,63;-;-;-;-;-;-;-
IDIN27C583300;BRBMEFCICM18;FINANCIAL;-;-;-;-;-;-;-;-;-;1173,43;-;-;-;-;-;-;-
IDIN27C583400;BRBMEFCICM26;FINANCIAL;-;-;-;-;-;-;-;-;-;1128,1;-;-;-;-;-;-;-
IDIN27C583600;BRBMEFCICM34;FINANCIAL;-;-;-;-;-;-;-;-;-;1041,92;-;-;-;-;-;-;-
IDIN27C583700;BRBMEFCICM42;FINANCIAL;-;-;-;-;-;-;-;-;-;1001,9;-;-;-;-;-;-;-
IDIN27C583800;BRBMEFCICM59;FINANCIAL;-;-;-;-;-;-;-;-;-;964,86;-;-;-;-;-;-;-
IDIN27C583900;BRBMEFCICM67;FINANCIAL;-;-;-;-;-;-;-;-;-;930,38;-;-;-;-;-;-;-
IDIN27C584100;BRBMEFCICM75;FINANCIAL;-;-;-;-;-;-;-;-;-;868,72;-;-;-;-;-;-;-
IDIN27C584200;BRBMEFCICM83;FINANCIAL;-;-;-;-;-;-;-;-;-;840,15;-;-;-;-;-;-;-
IDIN27C584300;BRBMEFCICM91;FINANCIAL;-;-;-;-;-;-;-;-;-;813;-;-;-;-;-;-;-
IDIN27C584400;BRBMEFCICMA5;FINANCIAL;-;-;-;-;-;-;-;-;-;787,05;-;-;-;-;-;-;-
IDIN27C584600;BRBMEFCICMB3;FINANCIAL;-;-;-;-;-;-;-;-;-;738,66;-;-;-;-;-;-;-
IDIN27C584700;BRBMEFCICMC1;FINANCIAL;-;-;-;-;-;-;-;-;-;716,64;-;-;-;-;-;-;-
IDIN27C584800;BRBMEFCICMD9;FINANCIAL;-;-;-;-;-;-;-;-;-;695,76;-;-;-;-;-;-;-
IDIN27C584900;BRBMEFCICME7;FINANCIAL;-;-;-;-;-;-;-;-;-;676,31;-;-;-;-;-;-;-
IDIN27P579600;BRBMEFVI2L75;FINANCIAL;-;-;-;-;-;-;-;-;-;18,76;-;-;-;-;-;-;-
IDIN27P579700;BRBMEFVI2L83;FINANCIAL;-;-;-;-;-;-;-;-;-;19,78;-;-;-;-;-;-;-
IDIN27P579800;BRBMEFVI2L91;FINANCIAL;-;-;-;-;-;-;-;-;-;21,05;-;-;-;-;-;-;-
IDIN27P579900;BRBMEFVI2LA8;FINANCIAL;-;-;-;-;-;-;-;-;-;22,61;-;-;-;-;-;-;-
IDIN27P580100;BRBMEFVI2LB6;FINANCIAL;-;-;-;-;-;-;-;-;-;26,85;-;-;-;-;-;-;-
IDIN27P580200;BRBMEFVI2LC4;FINANCIAL;-;-;-;-;-;-;-;-;-;29,5;-;-;-;-;-;-;-
IDIN27P580300;BRBMEFVI2LD2;FINANCIAL;-;-;-;-;-;-;-;-;-;32,41;-;-;-;-;-;-;-
IDIN27P580400;BRBMEFVI2LE0;FINANCIAL;-;-;-;-;-;-;-;-;-;35,54;-;-;-;-;-;-;-
IDIN27P580600;BRBMEFVI2LF7;FINANCIAL;-;-;-;-;-;-;-;-;-;43,91;-;-;-;-;-;-;-
IDIN27P580700;BRBMEFVI2LG5;FINANCIAL;-;-;-;-;-;-;-;-;-;49,21;-;-;-;-;-;-;-
IDIN27P580800;BRBMEFVI2LH3;FINANCIAL;-;-;-;-;-;-;-;-;-;54,46;-;-;-;-;-;-;-
IDIN27P580900;BRBMEFVI2LI1;FINANCIAL;-;-;-;-;-;-;-;-;-;60,57;-;-;-;-;-;-;-
IDIN27P581100;BRBMEFVI2LJ9;FINANCIAL;-;-;-;-;-;-;-;-;-;75,75;-;-;-;-;-;-;-
IDIN27P581200;BRBMEFVI2LK7;FINANCIAL;-;-;-;-;-;-;-;-;-;84,59;-;-;-;-;-;-;-
IDIN27P581300;BRBMEFVI2LL5;FINANCIAL;-;-;-;-;-;-;-;-;-;94;-;-;-;-;-;-;-
IDIN27P581400;BRBMEFVI2LM3;FINANCIAL;-;-;-;-;-;-;-;-;-;104,78;-;-;-;-;-;-;-
IDIN27P581600;BRBMEFVI2LN1;FINANCIAL;-;-;-;-;-;-;-;-;-;130,22;-;-;-;-;-;-;-
IDIN27P581700;BRBMEFVI2LO9;FINANCIAL;-;-;-;-;-;-;-;-;-;144,8;-;-;-;-;-;-;-
IDIN27P581800;BRBMEFVI2LP6;FINANCIAL;-;-;-;-;-;-;-;-;-;161,11;-;-;-;-;-;-;-
IDIN27P581900;BRBMEFVI2LQ4;FINANCIAL;-;-;-;-;-;-;-;-;-;179,53;-;-;-;-;-;-;-
IDIN27P582100;BRBMEFVI2LR2;FINANCIAL;-;-;-;-;-;-;-;-;-;220,8;-;-;-;-;-;-;-
IDIN27P582200;BRBMEFVI2LS0;FINANCIAL;-;-;-;-;-;-;-;-;-;245,75;-;-;-;-;-;-;-
IDIN27P582300;BRBMEFVI2LT8;FINANCIAL;-;-;-;-;-;-;-;-;-;272,68;-;-;-;-;-;-;-
IDIN27P582400;BRBMEFVI2LU6;FINANCIAL;-;-;-;-;-;-;-;-;-;301,37;-;-;-;-;-;-;-
IDIN27P582600;BRBMEFVI2LV4;FINANCIAL;-;-;-;-;-;-;-;-;-;362,93;-;-;-;-;-;-;-
IDIN27P582700;BRBMEFVI2LW2;FINANCIAL;-;-;-;-;-;-;-;-;-;398,6;-;-;-;-;-;-;-
IDIN27P582800;BRBMEFVI2LX0;FINANCIAL;-;-;-;-;-;-;-;-;-;434,49;-;-;-;-;-;-;-
IDIN27P582900;BRBMEFVI2LY8;FINANCIAL;-;-;-;-;-;-;-;-;-;471,14;-;-;-;-;-;-;-
IDIN27P583100;BRBMEFVI2LZ5;FINANCIAL;-;-;-;-;-;-;-;-;-;546,94;-;-;-;-;-;-;-
IDIN27P583200;BRBMEFVI2M09;FINANCIAL;-;-;-;-;-;-;-;-;-;588,07;-;-;-;-;-;-;-
IDIN27P583300;BRBMEFVI2M17;FINANCIAL;-;-;-;-;-;-;-;-;-;631,38;-;-;-;-;-;-;-
IDIN27P583400;BRBMEFVI2M25;FINANCIAL;-;-;-;-;-;-;-;-;-;677,56;-;-;-;-;-;-;-
IDIN27P583600;BRBMEFVI2M33;FINANCIAL;-;-;-;-;-;-;-;-;-;774,4;-;-;-;-;-;-;-
IDIN27P583700;BRBMEFVI2M41;FINANCIAL;-;-;-;-;-;-;-;-;-;825,9;-;-;-;-;-;-;-
IDIN27P583800;BRBMEFVI2M58;FINANCIAL;-;-;-;-;-;-;-;-;-;880,36;-;-;-;-;-;-;-
IDIN27P583900;BRBMEFVI2M66;FINANCIAL;-;-;-;-;-;-;-;-;-;937,39;-;-;-;-;-;-;-
IDIN27P584100;BRBMEFVI2M74;FINANCIAL;-;-;-;-;-;-;-;-;-;1058,75;-;-;-;-;-;-;-
IDIN27P584200;BRBMEFVI2M82;FINANCIAL;-;-;-;-;-;-;-;-;-;1121,69;-;-;-;-;-;-;-
IDIN27P584300;BRBMEFVI2M90;FINANCIAL;-;-;-;-;-;-;-;-;-;1186,06;-;-;-;-;-;-;-
IDIN27P584400;BRBMEFVI2MA6;FINANCIAL;-;-;-;-;-;-;-;-;-;1251,61;-;-;-;-;-;-;-
IDIN27P584600;BRBMEFVI2MB4;FINANCIAL;-;-;-;-;-;-;-;-;-;1386,24;-;-;-;-;-;-;-
IDIN27P584700;BRBMEFVI2MC2;FINANCIAL;-;-;-;-;-;-;-;-;-;1455,73;-;-;-;-;-;-;-
IDIN27P584800;BRBMEFVI2MD0;FINANCIAL;-;-;-;-;-;-;-;-;-;1526,37;-;-;-;-;-;-;-
IDIN27P584900;BRBMEFVI2ME8;FINANCIAL;-;-;-;-;-;-;-;-;-;1598,43;-;-;-;-;-;-;-
IDIF27C553200;BRBMEFCID0G1;FINANCIAL;-;-;-;-;-;-;-;-;-;0,01;-;-;-;-;-;-;-
IDIF27C553300;BRBMEFCID0H9;FINANCIAL;-;-;-;-;-;-;-;-;-;0,01;-;-;-;-;-;-;-
IDIF27C553400;BRBMEFCID0I7;FINANCIAL;-;-;-;-;-;-;-;-;-;0,01;-;-;-;-;-;-;-
IDIF27C553500;BRBMEFCID0J5;FINANCIAL;-;-;-;-;-;-;-;-;-;0,01;-;-;-;-;-;-;-
IDIF27C553600;BRBMEFCID0K3;FINANCIAL;-;-;-;-;-;-;-;-;-;0,01;-;-;-;-;-;-;-
IDIF27C553700;BRBMEFCID0L1;FINANCIAL;-;-;-;-;-;-;-;-;-;0,01;-;-;-;-;-;-;-
IDIF27P553200;BRBMEFFI00G6;FINANCIAL;-;-;-;-;-;-;-;-;-;2542,76;-;-;-;-;-;-;-
IDIF27P553300;BRBMEFFI00H4;FINANCIAL;-;-;-;-;-;-;-;-;-;2639,81;-;-;-;-;-;-;-
IDIF27P553400;BRBMEFFI00I2;FINANCIAL;-;-;-;-;-;-;-;-;-;2736,86;-;-;-;-;-;-;-
IDIF27P553500;BRBMEFFI00J0;FINANCIAL;-;-;-;-;-;-;-;-;-;2833,9;-;-;-;-;-;-;-
IDIF27P553600;BRBMEFFI00K8;FINANCIAL;-;-;-;-;-;-;-;-;-;2930,95;-;-;-;-;-;-;-
IDIF27P553700;BRBMEFFI00L6;FINANCIAL;-;-;-;-;-;-;-;-;-;3028;-;-;-;-;-;-;-
D13F28C001000;BRBMEFD30273;FINANCIAL;-;-;-;-;-;-;-;-;-;1925,27;-;-;-;-;-;-;-
D13F28C001025;BRBMEFD30281;FINANCIAL;-;-;-;-;-;-;-;-;-;1788,22;-;-;-;-;-;-;-
D13F28C001050;BRBMEFD30299;FINANCIAL;-;-;-;-;-;-;-;-;-;1656,63;-;-;-;-;-;-;-
D13F28C001075;BRBMEFD302A8;FINANCIAL;-;-;-;-;-;-;-;-;-;1530,68;-;-;-;-;-;-;-
D13F28C001100;BRBMEFD302B6;FINANCIAL;-;-;-;-;-;-;-;-;-;1413,03;-;-;-;-;-;-;-
D13F28P001000;BRBMEFP301N9;FINANCIAL;-;-;-;-;-;-;-;-;-;202,73;-;-;-;-;-;-;-
D13F28P001025;BRBMEFP301O7;FINANCIAL;-;-;-;-;-;-;-;-;-;241,05;-;-;-;-;-;-;-
D13F28P001050;BRBMEFP301P4;FINANCIAL;-;-;-;-;-;-;-;-;-;284,06;-;-;-;-;-;-;-
D13F28P001075;BRBMEFP301Q2;FINANCIAL;-;-;-;-;-;-;-;-;-;331,92;-;-;-;-;-;-;-
D13F28P001100;BRBMEFP301R0;FINANCIAL;-;-;-;-;-;-;-;-;-;387,3;-;-;-;-;-;-;-
IDIK27C574300;BRBMEFCIK8O9;FINANCIAL;-;-;-;-;-;-;-;-;-;291,98;-;-;-;-;-;-;-
IDIK27C574400;BRBMEFCIK8P6;FINANCIAL;-;-;-;-;-;-;-;-;-;286,08;-;-;-;-;-;-;-
IDIK27C574500;BRBMEFCIK8Q4;FINANCIAL;-;-;-;-;-;-;-;-;-;280,1;-;-;-;-;-;-;-
IDIK27C574600;BRBMEFCIK8R2;FINANCIAL;-;-;-;-;-;-;-;-;-;275,07;-;-;-;-;-;-;-
IDIK27C574700;BRBMEFCIK8S0;FINANCIAL;-;-;-;-;-;-;-;-;-;270,03;-;-;-;-;-;-;-
IDIK27C574800;BRBMEFCIK8T8;FINANCIAL;-;-;-;-;-;-;-;-;-;263,65;-;-;-;-;-;-;-
IDIK27C574900;BRBMEFCIK8U6;FINANCIAL;-;-;-;-;-;-;-;-;-;257,62;-;-;-;-;-;-;-
IDIK27C575000;BRBMEFCIK8V4;FINANCIAL;-;-;-;-;-;-;-;-;-;252,34;-;-;-;-;-;-;-
IDIK27C575100;BRBMEFCIK8W2;FINANCIAL;-;-;-;-;-;-;-;-;-;247,24;-;-;-;-;-;-;-
IDIK27C575200;BRBMEFCIK8X0;FINANCIAL;-;-;-;-;-;-;-;-;-;241,9;-;-;-;-;-;-;-
IDIK27C575300;BRBMEFCIK8Y8;FINANCIAL;-;-;-;-;-;-;-;-;-;236,64;-;-;-;-;-;-;-
IDIK27C575400;BRBMEFCIK8Z5;FINANCIAL;-;-;-;-;-;-;-;-;-;231,54;-;-;-;-;-;-;-
IDIK27C575500;BRBMEFCIK906;FINANCIAL;-;-;-;-;-;-;-;-;-;226,49;-;-;-;-;-;-;-
IDIK27C575600;BRBMEFCIK914;FINANCIAL;-;-;-;-;-;-;-;-;-;221,6;-;-;-;-;-;-;-
IDIK27C575700;BRBMEFCIK922;FINANCIAL;-;-;-;-;-;-;-;-;-;216,74;-;-;-;-;-;-;-
IDIK27C575800;BRBMEFCIK930;FINANCIAL;-;-;-;-;-;-;-;-;-;212,02;-;-;-;-;-;-;-
IDIK27C575900;BRBMEFCIK948;FINANCIAL;-;-;-;-;-;-;-;-;-;207,34;-;-;-;-;-;-;-
IDIK27C576000;BRBMEFCIK955;FINANCIAL;-;-;-;-;-;-;-;-;-;202,69;-;-;-;-;-;-;-
IDIK27C576100;BRBMEFCIK963;FINANCIAL;-;-;-;-;-;-;-;-;-;198,07;-;-;-;-;-;-;-
IDIK27C576200;BRBMEFCIK971;FINANCIAL;-;-;-;-;-;-;-;-;-;193,57;-;-;-;-;-;-;-
IDIK27C576300;BRBMEFCIK989;FINANCIAL;-;-;-;-;-;-;-;-;-;189,25;-;-;-;-;-;-;-
IDIK27C576400;BRBMEFCIK997;FINANCIAL;-;-;-;-;-;-;-;-;-;185,04;-;-;-;-;-;-;-
IDIK27C576500;BRBMEFCIK9A6;FINANCIAL;-;-;-;-;-;-;-;-;-;181,08;-;-;-;-;-;-;-
IDIK27C576600;BRBMEFCIK9B4;FINANCIAL;-;-;-;-;-;-;-;-;-;177,12;-;-;-;-;-;-;-
IDIK27C576700;BRBMEFCIK9C2;FINANCIAL;-;-;-;-;-;-;-;-;-;173,25;-;-;-;-;-;-;-
IDIK27C576800;BRBMEFCIK9D0;FINANCIAL;-;-;-;-;-;-;-;-;-;169,46;-;-;-;-;-;-;-
IDIK27C576900;BRBMEFCIK9E8;FINANCIAL;-;-;-;-;-;-;-;-;-;165,67;-;-;-;-;-;-;-
IDIK27C577000;BRBMEFCIK9F5;FINANCIAL;-;-;-;-;-;-;-;-;-;161,88;-;-;-;-;-;-;-
IDIK27C577100;BRBMEFCIK9G3;FINANCIAL;-;-;-;-;-;-;-;-;-;158,32;-;-;-;-;-;-;-
IDIK27C577200;BRBMEFCIK9H1;FINANCIAL;-;-;-;-;-;-;-;-;-;154,81;-;-;-;-;-;-;-
IDIK27C577300;BRBMEFCIK9I9;FINANCIAL;-;-;-;-;-;-;-;-;-;151,37;-;-;-;-;-;-;-
IDIK27P574300;BRBMEFVIK8N8;FINANCIAL;-;-;-;-;-;-;-;-;-;1973,89;-;-;-;-;-;-;-
IDIK27P574400;BRBMEFVIK8O6;FINANCIAL;-;-;-;-;-;-;-;-;-;2061,32;-;-;-;-;-;-;-
IDIK27P574500;BRBMEFVIK8P3;FINANCIAL;-;-;-;-;-;-;-;-;-;2148,68;-;-;-;-;-;-;-
IDIK27P574600;BRBMEFVIK8Q1;FINANCIAL;-;-;-;-;-;-;-;-;-;2236,98;-;-;-;-;-;-;-
IDIK27P574700;BRBMEFVIK8R9;FINANCIAL;-;-;-;-;-;-;-;-;-;2325,27;-;-;-;-;-;-;-
IDIK27P574800;BRBMEFVIK8S7;FINANCIAL;-;-;-;-;-;-;-;-;-;2412,22;-;-;-;-;-;-;-
IDIK27P574900;BRBMEFVIK8T5;FINANCIAL;-;-;-;-;-;-;-;-;-;2499,52;-;-;-;-;-;-;-
IDIK27P575000;BRBMEFVIK8U3;FINANCIAL;-;-;-;-;-;-;-;-;-;2587,57;-;-;-;-;-;-;-
IDIK27P575100;BRBMEFVIK8V1;FINANCIAL;-;-;-;-;-;-;-;-;-;2675,81;-;-;-;-;-;-;-
IDIK27P575200;BRBMEFVIK8W9;FINANCIAL;-;-;-;-;-;-;-;-;-;2763,8;-;-;-;-;-;-;-
IDIK27P575300;BRBMEFVIK8X7;FINANCIAL;-;-;-;-;-;-;-;-;-;2851,87;-;-;-;-;-;-;-
IDIK27P575400;BRBMEFVIK8Y5;FINANCIAL;-;-;-;-;-;-;-;-;-;2940,1;-;-;-;-;-;-;-
IDIK27P575500;BRBMEFVIK8Z2;FINANCIAL;-;-;-;-;-;-;-;-;-;3028,39;-;-;-;-;-;-;-
IDIK27P575600;BRBMEFVIK906;FINANCIAL;-;-;-;-;-;-;-;-;-;3116,82;-;-;-;-;-;-;-
IDIK27P575700;BRBMEFVIK914;FINANCIAL;-;-;-;-;-;-;-;-;-;3205,3;-;-;-;-;-;-;-
IDIK27P575800;BRBMEFVIK922;FINANCIAL;-;-;-;-;-;-;-;-;-;3293,92;-;-;-;-;-;-;-
IDIK27P575900;BRBMEFVIK930;FINANCIAL;-;-;-;-;-;-;-;-;-;3382,56;-;-;-;-;-;-;-
IDIK27P576000;BRBMEFVIK948;FINANCIAL;-;-;-;-;-;-;-;-;-;3471,25;-;-;-;-;-;-;-
IDIK27P576100;BRBMEFVIK955;FINANCIAL;-;-;-;-;-;-;-;-;-;3559,96;-;-;-;-;-;-;-
IDIK27P576200;BRBMEFVIK963;FINANCIAL;-;-;-;-;-;-;-;-;-;3648,79;-;-;-;-;-;-;-
IDIK27P576300;BRBMEFVIK971;FINANCIAL;-;-;-;-;-;-;-;-;-;3737,8;-;-;-;-;-;-;-
IDIK27P576400;BRBMEFVIK989;FINANCIAL;-;-;-;-;-;-;-;-;-;3826,92;-;-;-;-;-;-;-
IDIK27P576500;BRBMEFVIK997;FINANCIAL;-;-;-;-;-;-;-;-;-;3916,29;-;-;-;-;-;-;-
IDIK27P576600;BRBMEFVIK9A3;FINANCIAL;-;-;-;-;-;-;-;-;-;4005,67;-;-;-;-;-;-;-
IDIK27P576700;BRBMEFVIK9B1;FINANCIAL;-;-;-;-;-;-;-;-;-;4095,13;-;-;-;-;-;-;-
IDIK27P576800;BRBMEFVIK9C9;FINANCIAL;-;-;-;-;-;-;-;-;-;4184,67;-;-;-;-;-;-;-
IDIK27P576900;BRBMEFVIK9D7;FINANCIAL;-;-;-;-;-;-;-;-;-;4274,21;-;-;-;-;-;-;-
IDIK27P577000;BRBMEFVIK9E5;FINANCIAL;-;-;-;-;-;-;-;-;-;4363,76;-;-;-;-;-;-;-
IDIK27P577100;BRBMEFVIK9F2;FINANCIAL;-;-;-;-;-;-;-;-;-;4453,52;-;-;-;-;-;-;-
IDIK27P577200;BRBMEFVIK9G0;FINANCIAL;-;-;-;-;-;-;-;-;-;4543,35;-;-;-;-;-;-;-
IDIK27P577300;BRBMEFVIK9H8;FINANCIAL;-;-;-;-;-;-;-;-;-;4633,25;-;-;-;-;-;-;-
IDIV27C607000;BRBMEFCIVY52;FINANCIAL;-;-;-;-;-;-;-;-;-;699,97;-;-;-;-;-;-;-
IDIV27C607100;BRBMEFCIVY60;FINANCIAL;-;-;-;-;-;-;-;-;-;691,14;-;-;-;-;-;-;-
IDIV27C607200;BRBMEFCIVY78;FINANCIAL;-;-;-;-;-;-;-;-;-;682,34;-;-;-;-;-;-;-
IDIV27C607300;BRBMEFCIVY86;FINANCIAL;-;-;-;-;-;-;-;-;-;673,71;-;-;-;-;-;-;-
IDIV27C607400;BRBMEFCIVY94;FINANCIAL;-;-;-;-;-;-;-;-;-;664,97;-;-;-;-;-;-;-
IDIV27C607500;BRBMEFCIVYA0;FINANCIAL;-;-;-;-;-;-;-;-;-;656,11;-;-;-;-;-;-;-
IDIV27C607600;BRBMEFCIVYB8;FINANCIAL;-;-;-;-;-;-;-;-;-;647,13;-;-;-;-;-;-;-
IDIV27C607700;BRBMEFCIVYC6;FINANCIAL;-;-;-;-;-;-;-;-;-;638,48;-;-;-;-;-;-;-
IDIV27C607800;BRBMEFCIVYD4;FINANCIAL;-;-;-;-;-;-;-;-;-;630,14;-;-;-;-;-;-;-
IDIV27C607900;BRBMEFCIVYE2;FINANCIAL;-;-;-;-;-;-;-;-;-;621,82;-;-;-;-;-;-;-
IDIV27C608000;BRBMEFCIVYF9;FINANCIAL;-;-;-;-;-;-;-;-;-;613,8;-;-;-;-;-;-;-
IDIV27C608100;BRBMEFCIVYG7;FINANCIAL;-;-;-;-;-;-;-;-;-;605,94;-;-;-;-;-;-;-
IDIV27C608200;BRBMEFCIVYH5;FINANCIAL;-;-;-;-;-;-;-;-;-;598,09;-;-;-;-;-;-;-
IDIV27C608300;BRBMEFCIVYI3;FINANCIAL;-;-;-;-;-;-;-;-;-;590,4;-;-;-;-;-;-;-
IDIV27C608400;BRBMEFCIVYJ1;FINANCIAL;-;-;-;-;-;-;-;-;-;582,85;-;-;-;-;-;-;-
IDIV27C608500;BRBMEFCIVYK9;FINANCIAL;-;-;-;-;-;-;-;-;-;575,18;-;-;-;-;-;-;-
IDIV27C608600;BRBMEFCIVYL7;FINANCIAL;-;-;-;-;-;-;-;-;-;567,79;-;-;-;-;-;-;-
IDIV27C608700;BRBMEFCIVYM5;FINANCIAL;-;-;-;-;-;-;-;-;-;560,41;-;-;-;-;-;-;-
IDIV27C608800;BRBMEFCIVYN3;FINANCIAL;-;-;-;-;-;-;-;-;-;553,17;-;-;-;-;-;-;-
IDIV27C608900;BRBMEFCIVYO1;FINANCIAL;-;-;-;-;-;-;-;-;-;546,06;-;-;-;-;-;-;-
IDIV27C609000;BRBMEFCIVYP8;FINANCIAL;-;-;-;-;-;-;-;-;-;539,09;-;-;-;-;-;-;-
IDIV27C609100;BRBMEFCIVYQ6;FINANCIAL;-;-;-;-;-;-;-;-;-;532,25;-;-;-;-;-;-;-
IDIV27C609200;BRBMEFCIVYR4;FINANCIAL;-;-;-;-;-;-;-;-;-;525,41;-;-;-;-;-;-;-
IDIV27C609300;BRBMEFCIVYS2;FINANCIAL;-;-;-;-;-;-;-;-;-;518,69;-;-;-;-;-;-;-
IDIV27C609400;BRBMEFCIVYT0;FINANCIAL;-;-;-;-;-;-;-;-;-;512,1;-;-;-;-;-;-;-
IDIV27C609500;BRBMEFCIVYU8;FINANCIAL;-;-;-;-;-;-;-;-;-;505,64;-;-;-;-;-;-;-
IDIV27C609600;BRBMEFCIVYV6;FINANCIAL;-;-;-;-;-;-;-;-;-;499,17;-;-;-;-;-;-;-
IDIV27C609700;BRBMEFCIVYW4;FINANCIAL;-;-;-;-;-;-;-;-;-;492,69;-;-;-;-;-;-;-
IDIV27C609800;BRBMEFCIVYX2;FINANCIAL;-;-;-;-;-;-;-;-;-;486,46;-;-;-;-;-;-;-
IDIV27C609900;BRBMEFCIVYY0;FINANCIAL;-;-;-;-;-;-;-;-;-;480,22;-;-;-;-;-;-;-
IDIV27C610000;BRBMEFCIVYZ7;FINANCIAL;-;-;-;-;-;-;-;-;-;473,97;-;-;-;-;-;-;-
IDIV27P607000;BRBMEFVIVY59;FINANCIAL;-;-;-;-;-;-;-;-;-;5507,78;-;-;-;-;-;-;-
IDIV27P607100;BRBMEFVIVY67;FINANCIAL;-;-;-;-;-;-;-;-;-;5587,77;-;-;-;-;-;-;-
IDIV27P607200;BRBMEFVIVY75;FINANCIAL;-;-;-;-;-;-;-;-;-;5667,79;-;-;-;-;-;-;-
IDIV27P607300;BRBMEFVIVY83;FINANCIAL;-;-;-;-;-;-;-;-;-;5747,98;-;-;-;-;-;-;-
IDIV27P607400;BRBMEFVIVY91;FINANCIAL;-;-;-;-;-;-;-;-;-;5828,06;-;-;-;-;-;-;-
IDIV27P607500;BRBMEFVIVYA0;FINANCIAL;-;-;-;-;-;-;-;-;-;5908,01;-;-;-;-;-;-;-
IDIV27P607600;BRBMEFVIVYB8;FINANCIAL;-;-;-;-;-;-;-;-;-;5987,86;-;-;-;-;-;-;-
IDIV27P607700;BRBMEFVIVYC6;FINANCIAL;-;-;-;-;-;-;-;-;-;6068,02;-;-;-;-;-;-;-
IDIV27P607800;BRBMEFVIVYD4;FINANCIAL;-;-;-;-;-;-;-;-;-;6148,5;-;-;-;-;-;-;-
IDIV27P607900;BRBMEFVIVYE2;FINANCIAL;-;-;-;-;-;-;-;-;-;6229;-;-;-;-;-;-;-
IDIV27P608000;BRBMEFVIVYF9;FINANCIAL;-;-;-;-;-;-;-;-;-;6309,8;-;-;-;-;-;-;-
IDIV27P608100;BRBMEFVIVYG7;FINANCIAL;-;-;-;-;-;-;-;-;-;6390,76;-;-;-;-;-;-;-
IDIV27P608200;BRBMEFVIVYH5;FINANCIAL;-;-;-;-;-;-;-;-;-;6471,73;-;-;-;-;-;-;-
IDIV27P608300;BRBMEFVIVYI3;FINANCIAL;-;-;-;-;-;-;-;-;-;6552,86;-;-;-;-;-;-;-
IDIV27P608400;BRBMEFVIVYJ1;FINANCIAL;-;-;-;-;-;-;-;-;-;6634,13;-;-;-;-;-;-;-
IDIV27P608500;BRBMEFVIVYK9;FINANCIAL;-;-;-;-;-;-;-;-;-;6715,28;-;-;-;-;-;-;-
IDIV27P608600;BRBMEFVIVYL7;FINANCIAL;-;-;-;-;-;-;-;-;-;6796,71;-;-;-;-;-;-;-
IDIV27P608700;BRBMEFVIVYM5;FINANCIAL;-;-;-;-;-;-;-;-;-;6878,14;-;-;-;-;-;-;-
IDIV27P608800;BRBMEFVIVYN3;FINANCIAL;-;-;-;-;-;-;-;-;-;6959,72;-;-;-;-;-;-;-
IDIV27P608900;BRBMEFVIVYO1;FINANCIAL;-;-;-;-;-;-;-;-;-;7041,43;-;-;-;-;-;-;-
IDIV27P609000;BRBMEFVIVYP8;FINANCIAL;-;-;-;-;-;-;-;-;-;7123,28;-;-;-;-;-;-;-
IDIV27P609100;BRBMEFVIVYQ6;FINANCIAL;-;-;-;-;-;-;-;-;-;7205,26;-;-;-;-;-;-;-
IDIV27P609200;BRBMEFVIVYR4;FINANCIAL;-;-;-;-;-;-;-;-;-;7287,24;-;-;-;-;-;-;-
IDIV27P609300;BRBMEFVIVYS2;FINANCIAL;-;-;-;-;-;-;-;-;-;7369,34;-;-;-;-;-;-;-
IDIV27P609400;BRBMEFVIVYT0;FINANCIAL;-;-;-;-;-;-;-;-;-;7451,57;-;-;-;-;-;-;-
IDIV27P609500;BRBMEFVIVYU8;FINANCIAL;-;-;-;-;-;-;-;-;-;7533,92;-;-;-;-;-;-;-
IDIV27P609600;BRBMEFVIVYV6;FINANCIAL;-;-;-;-;-;-;-;-;-;7616,27;-;-;-;-;-;-;-
IDIV27P609700;BRBMEFVIVYW4;FINANCIAL;-;-;-;-;-;-;-;-;-;7698,62;-;-;-;-;-;-;-
IDIV27P609800;BRBMEFVIVYX2;FINANCIAL;-;-;-;-;-;-;-;-;-;7781,2;-;-;-;-;-;-;-
IDIV27P609900;BRBMEFVIVYY0;FINANCIAL;-;-;-;-;-;-;-;-;-;7863,78;-;-;-;-;-;-;-
IDIV27P610000;BRBMEFVIVYZ7;FINANCIAL;-;-;-;-;-;-;-;-;-;7946,35;-;-;-;-;-;-;-
IDIJ27C570600;BRBMEFCIJX00;FINANCIAL;-;-;-;-;-;-;-;-;-;111,26;-;-;-;-;-;-;-
IDIJ27C570700;BRBMEFCIJX18;FINANCIAL;-;-;-;-;-;-;-;-;-;109,17;-;-;-;-;-;-;-
IDIJ27C570800;BRBMEFCIJX26;FINANCIAL;-;-;-;-;-;-;-;-;-;107,58;-;-;-;-;-;-;-
IDIJ27C570900;BRBMEFCIJX34;FINANCIAL;-;-;-;-;-;-;-;-;-;106,24;-;-;-;-;-;-;-
IDIJ27C571000;BRBMEFCIJX42;FINANCIAL;-;-;-;-;-;-;-;-;-;104,97;-;-;-;-;-;-;-
IDIJ27C571100;BRBMEFCIJX59;FINANCIAL;-;-;-;-;-;-;-;-;-;103,72;-;-;-;-;-;-;-
IDIJ27P570600;BRBMEFVIJX07;FINANCIAL;-;-;-;-;-;-;-;-;-;3671,73;-;-;-;-;-;-;-
IDIJ27P570700;BRBMEFVIJX15;FINANCIAL;-;-;-;-;-;-;-;-;-;3763,9;-;-;-;-;-;-;-
IDIJ27P570800;BRBMEFVIJX23;FINANCIAL;-;-;-;-;-;-;-;-;-;3856,58;-;-;-;-;-;-;-
IDIJ27P570900;BRBMEFVIJX31;FINANCIAL;-;-;-;-;-;-;-;-;-;3949,51;-;-;-;-;-;-;-
IDIJ27P571000;BRBMEFVIJX49;FINANCIAL;-;-;-;-;-;-;-;-;-;4042,51;-;-;-;-;-;-;-
IDIJ27P571100;BRBMEFVIJX56;FINANCIAL;-;-;-;-;-;-;-;-;-;4135,51;-;-;-;-;-;-;-
IDIN27C587700;BRBMEFCICMF4;FINANCIAL;-;-;-;-;-;-;-;-;-;396,61;-;-;-;-;-;-;-
IDIN27C587800;BRBMEFCICMG2;FINANCIAL;-;-;-;-;-;-;-;-;-;390,2;-;-;-;-;-;-;-
IDIN27C587900;BRBMEFCICMH0;FINANCIAL;-;-;-;-;-;-;-;-;-;384,11;-;-;-;-;-;-;-
IDIN27C588000;BRBMEFCICMI8;FINANCIAL;-;-;-;-;-;-;-;-;-;377,87;-;-;-;-;-;-;-
IDIN27C588200;BRBMEFCICMJ6;FINANCIAL;-;-;-;-;-;-;-;-;-;365,19;-;-;-;-;-;-;-
IDIN27C588300;BRBMEFCICMK4;FINANCIAL;-;-;-;-;-;-;-;-;-;358,86;-;-;-;-;-;-;-
IDIN27C588400;BRBMEFCICML2;FINANCIAL;-;-;-;-;-;-;-;-;-;352,84;-;-;-;-;-;-;-
IDIN27C588500;BRBMEFCICMM0;FINANCIAL;-;-;-;-;-;-;-;-;-;347;-;-;-;-;-;-;-
IDIN27C588600;BRBMEFCICMN8;FINANCIAL;-;-;-;-;-;-;-;-;-;341,56;-;-;-;-;-;-;-
IDIN27C588700;BRBMEFCICMO6;FINANCIAL;-;-;-;-;-;-;-;-;-;336,28;-;-;-;-;-;-;-
IDIN27C588800;BRBMEFCICMP3;FINANCIAL;-;-;-;-;-;-;-;-;-;330,84;-;-;-;-;-;-;-
IDIN27C588900;BRBMEFCICMQ1;FINANCIAL;-;-;-;-;-;-;-;-;-;325,25;-;-;-;-;-;-;-
IDIN27C589000;BRBMEFCICMR9;FINANCIAL;-;-;-;-;-;-;-;-;-;319,62;-;-;-;-;-;-;-
IDIN27C589100;BRBMEFCICMS7;FINANCIAL;-;-;-;-;-;-;-;-;-;314,15;-;-;-;-;-;-;-
IDIN27C589200;BRBMEFCICMT5;FINANCIAL;-;-;-;-;-;-;-;-;-;308,83;-;-;-;-;-;-;-
IDIN27P587700;BRBMEFVI2MF5;FINANCIAL;-;-;-;-;-;-;-;-;-;3881,03;-;-;-;-;-;-;-
IDIN27P587800;BRBMEFVI2MG3;FINANCIAL;-;-;-;-;-;-;-;-;-;3966,12;-;-;-;-;-;-;-
IDIN27P587900;BRBMEFVI2MH1;FINANCIAL;-;-;-;-;-;-;-;-;-;4051,55;-;-;-;-;-;-;-
IDIN27P588000;BRBMEFVI2MI9;FINANCIAL;-;-;-;-;-;-;-;-;-;4136,82;-;-;-;-;-;-;-
IDIN27P588200;BRBMEFVI2MJ7;FINANCIAL;-;-;-;-;-;-;-;-;-;4307,16;-;-;-;-;-;-;-
IDIN27P588300;BRBMEFVI2MK5;FINANCIAL;-;-;-;-;-;-;-;-;-;4392,34;-;-;-;-;-;-;-
IDIN27P588400;BRBMEFVI2ML3;FINANCIAL;-;-;-;-;-;-;-;-;-;4477,83;-;-;-;-;-;-;-
IDIN27P588500;BRBMEFVI2MM1;FINANCIAL;-;-;-;-;-;-;-;-;-;4563,5;-;-;-;-;-;-;-
IDIN27P588600;BRBMEFVI2MN9;FINANCIAL;-;-;-;-;-;-;-;-;-;4649,57;-;-;-;-;-;-;-
IDIN27P588700;BRBMEFVI2MO7;FINANCIAL;-;-;-;-;-;-;-;-;-;4735,8;-;-;-;-;-;-;-
IDIN27P588800;BRBMEFVI2MP4;FINANCIAL;-;-;-;-;-;-;-;-;-;4821,88;-;-;-;-;-;-;-
IDIN27P588900;BRBMEFVI2MQ2;FINANCIAL;-;-;-;-;-;-;-;-;-;4907,8;-;-;-;-;-;-;-
IDIN27P589000;BRBMEFVI2MR0;FINANCIAL;-;-;-;-;-;-;-;-;-;4993,68;-;-;-;-;-;-;-
IDIN27P589100;BRBMEFVI2MS8;FINANCIAL;-;-;-;-;-;-;-;-;-;5079,72;-;-;-;-;-;-;-
IDIN27P589200;BRBMEFVI2MT6;FINANCIAL;-;-;-;-;-;-;-;-;-;5165,91;-;-;-;-;-;-;-
IDIF27C900000;BRBMEFCID0M9;FINANCIAL;-;-;-;-;-;-;-;-;-;0,01;-;-;-;-;-;-;-
IDIF27P900000;BRBMEFFI00M4;FINANCIAL;-;-;-;-;-;-;-;-;-;339103,32;-;-;-;-;-;-;-
IDIG27C900000;BRBMEFCIG9O3;FINANCIAL;-;-;-;-;-;-;-;-;-;0,01;-;-;-;-;-;-;-
IDIG27P900000;BRBMEFVIG9O0;FINANCIAL;-;-;-;-;-;-;-;-;-;330600,37;-;-;-;-;-;-;-
IDIH27C900000;BRBMEFCIH9D5;FINANCIAL;-;-;-;-;-;-;-;-;-;0,01;-;-;-;-;-;-;-
IDIH27P900000;BRBMEFVIH9D2;FINANCIAL;-;-;-;-;-;-;-;-;-;323119,31;-;-;-;-;-;-;-
IDIJ27C900000;BRBMEFCIJX67;FINANCIAL;-;-;-;-;-;-;-;-;-;0,01;-;-;-;-;-;-;-
IDIJ27P900000;BRBMEFVIJX64;FINANCIAL;-;-;-;-;-;-;-;-;-;314074,06;-;-;-;-;-;-;-
IDIX26C900000;BRBMEFCIXB32;FINANCIAL;-;-;-;-;-;-;-;-;-;0,01;-;-;-;-;-;-;-
IDIX26P900000;BRBMEFVIXB62;FINANCIAL;-;-;-;-;-;-;-;-;-;357031,92;-;-;-;-;-;-;-
IDIZ26C900000;BRBMEFCIZAL8;FINANCIAL;-;-;-;-;-;-;-;-;-;0,01;-;-;-;-;-;-;-
IDIZ26P900000;BRBMEFVIZAL8;FINANCIAL;-;-;-;-;-;-;-;-;-;348621,79;-;-;-;-;-;-;-
D13F28C001125;BRBMEFD302C4;FINANCIAL;-;-;-;-;-;-;-;-;-;1305,47;-;-;-;-;-;-;-
D13F28C001150;BRBMEFD302D2;FINANCIAL;-;-;-;-;-;-;-;-;-;1204,43;-;-;-;-;-;-;-
D13F28C001175;BRBMEFD302E0;FINANCIAL;-;-;-;-;-;-;-;-;-;1110,15;-;-;-;-;-;-;-
D13F28C001200;BRBMEFD302F7;FINANCIAL;-;-;-;-;-;-;-;-;-;1023,94;-;-;-;-;-;-;-
D13F28C001225;BRBMEFD302G5;FINANCIAL;-;-;-;-;-;-;-;-;-;945,33;-;-;-;-;-;-;-
D13F28C001250;BRBMEFD302H3;FINANCIAL;-;-;-;-;-;-;-;-;-;872,61;-;-;-;-;-;-;-
D13F28C001275;BRBMEFD302I1;FINANCIAL;-;-;-;-;-;-;-;-;-;805,83;-;-;-;-;-;-;-
D13F28C001300;BRBMEFD302J9;FINANCIAL;-;-;-;-;-;-;-;-;-;744,67;-;-;-;-;-;-;-
D13F28C001325;BRBMEFD302K7;FINANCIAL;-;-;-;-;-;-;-;-;-;689,9;-;-;-;-;-;-;-
D13F28C001350;BRBMEFD302L5;FINANCIAL;-;-;-;-;-;-;-;-;-;639,66;-;-;-;-;-;-;-
D13F28C001375;BRBMEFD302M3;FINANCIAL;-;-;-;-;-;-;-;-;-;593,6;-;-;-;-;-;-;-
D13F28C001400;BRBMEFD302N1;FINANCIAL;-;-;-;-;-;-;-;-;-;551,77;-;-;-;-;-;-;-
D13F28C001425;BRBMEFD302O9;FINANCIAL;-;-;-;-;-;-;-;-;-;513,46;-;-;-;-;-;-;-
D13F28C001450;BRBMEFD302P6;FINANCIAL;-;-;-;-;-;-;-;-;-;479,08;-;-;-;-;-;-;-
D13F28C001475;BRBMEFD302Q4;FINANCIAL;-;-;-;-;-;-;-;-;-;447,28;-;-;-;-;-;-;-
D13F28C001500;BRBMEFD302R2;FINANCIAL;-;-;-;-;-;-;-;-;-;418,5;-;-;-;-;-;-;-
D13F28P001125;BRBMEFP301S8;FINANCIAL;-;-;-;-;-;-;-;-;-;452,01;-;-;-;-;-;-;-
D13F28P001150;BRBMEFP301T6;FINANCIAL;-;-;-;-;-;-;-;-;-;522,47;-;-;-;-;-;-;-
D13F28P001175;BRBMEFP301U4;FINANCIAL;-;-;-;-;-;-;-;-;-;598,91;-;-;-;-;-;-;-
D13F28P001200;BRBMEFP301V2;FINANCIAL;-;-;-;-;-;-;-;-;-;682,68;-;-;-;-;-;-;-
D13F28P001225;BRBMEFP301W0;FINANCIAL;-;-;-;-;-;-;-;-;-;773,31;-;-;-;-;-;-;-
D13F28P001250;BRBMEFP301X8;FINANCIAL;-;-;-;-;-;-;-;-;-;869,07;-;-;-;-;-;-;-
D13F28P001275;BRBMEFP301Y6;FINANCIAL;-;-;-;-;-;-;-;-;-;970,03;-;-;-;-;-;-;-
D13F28P001300;BRBMEFP301Z3;FINANCIAL;-;-;-;-;-;-;-;-;-;1075,87;-;-;-;-;-;-;-
D13F28P001325;BRBMEFP30202;FINANCIAL;-;-;-;-;-;-;-;-;-;1187,37;-;-;-;-;-;-;-
D13F28P001350;BRBMEFP30210;FINANCIAL;-;-;-;-;-;-;-;-;-;1302,67;-;-;-;-;-;-;-
D13F28P001375;BRBMEFP30228;FINANCIAL;-;-;-;-;-;-;-;-;-;1421,45;-;-;-;-;-;-;-
D13F28P001400;BRBMEFP30236;FINANCIAL;-;-;-;-;-;-;-;-;-;1543,72;-;-;-;-;-;-;-
D13F28P001425;BRBMEFP30244;FINANCIAL;-;-;-;-;-;-;-;-;-;1668,8;-;-;-;-;-;-;-
D13F28P001450;BRBMEFP30251;FINANCIAL;-;-;-;-;-;-;-;-;-;1797,1;-;-;-;-;-;-;-
D13F28P001475;BRBMEFP30269;FINANCIAL;-;-;-;-;-;-;-;-;-;1927,29;-;-;-;-;-;-;-
D13F28P001500;BRBMEFP30277;FINANCIAL;-;-;-;-;-;-;-;-;-;2059,8;-;-;-;-;-;-;-
IDIV27C614000;BRBMEFCIVZ10;FINANCIAL;-;-;-;-;-;-;-;-;-;295,48;-;-;-;-;-;-;-
IDIV27C620000;BRBMEFCIVZ28;FINANCIAL;-;-;-;-;-;-;-;-;-;177;-;-;-;-;-;-;-
IDIV27P614000;BRBMEFVIVZ17;FINANCIAL;-;-;-;-;-;-;-;-;-;11320,62;-;-;-;-;-;-;-
IDIV27P620000;BRBMEFVIVZ25;FINANCIAL;-;-;-;-;-;-;-;-;-;16531,28;-;-;-;-;-;-;-
IDIF28C636000;BRBMEFCID0N7;FINANCIAL;350;350;350;350;350;-;-;-;-;370,6;-;-;-;-;1;20;7000
IDIF28C636100;BRBMEFCID0O5;FINANCIAL;-;-;-;-;-;-;-;-;-;367,55;-;-;-;-;-;-;-
IDIF28C636200;BRBMEFCID0P2;FINANCIAL;-;-;-;-;-;-;-;-;-;364,54;-;-;-;-;-;-;-
IDIF28C636300;BRBMEFCID0Q0;FINANCIAL;-;-;-;-;-;-;-;-;-;361,56;-;-;-;-;-;-;-
IDIF28C636400;BRBMEFCID0R8;FINANCIAL;-;-;-;-;-;-;-;-;-;358,62;-;-;-;-;-;-;-
IDIF28C636500;BRBMEFCID0S6;FINANCIAL;-;-;-;-;-;-;-;-;-;355,72;-;-;-;-;-;-;-
IDIF28C636600;BRBMEFCID0T4;FINANCIAL;-;-;-;-;-;-;-;-;-;352,76;-;-;-;-;-;-;-
IDIF28C636700;BRBMEFCID0U2;FINANCIAL;-;-;-;-;-;-;-;-;-;349,92;-;-;-;-;-;-;-
IDIF28C636800;BRBMEFCID0V0;FINANCIAL;-;-;-;-;-;-;-;-;-;347,12;-;-;-;-;-;-;-
IDIF28C636900;BRBMEFCID0W8;FINANCIAL;-;-;-;-;-;-;-;-;-;344,35;-;-;-;-;-;-;-
IDIF28C637000;BRBMEFCID0X6;FINANCIAL;-;-;-;-;-;-;-;-;-;341,52;-;-;-;-;-;-;-
IDIF28P636000;BRBMEFFI00N2;FINANCIAL;-;-;-;-;-;-;-;-;-;15021,66;-;-;-;-;-;-;-
IDIF28P636100;BRBMEFFI00O0;FINANCIAL;-;-;-;-;-;-;-;-;-;15104,93;-;-;-;-;-;-;-
IDIF28P636200;BRBMEFFI00P7;FINANCIAL;-;-;-;-;-;-;-;-;-;15188,23;-;-;-;-;-;-;-
IDIF28P636300;BRBMEFFI00Q5;FINANCIAL;-;-;-;-;-;-;-;-;-;15271,58;-;-;-;-;-;-;-
IDIF28P636400;BRBMEFFI00R3;FINANCIAL;-;-;-;-;-;-;-;-;-;15354,95;-;-;-;-;-;-;-
IDIF28P636500;BRBMEFFI00S1;FINANCIAL;-;-;-;-;-;-;-;-;-;15438,36;-;-;-;-;-;-;-
IDIF28P636600;BRBMEFFI00T9;FINANCIAL;-;-;-;-;-;-;-;-;-;15521,72;-;-;-;-;-;-;-
IDIF28P636700;BRBMEFFI00U7;FINANCIAL;-;-;-;-;-;-;-;-;-;15605,2;-;-;-;-;-;-;-
IDIF28P636800;BRBMEFFI00V5;FINANCIAL;-;-;-;-;-;-;-;-;-;15688,71;-;-;-;-;-;-;-
IDIF28P636900;BRBMEFFI00W3;FINANCIAL;-;-;-;-;-;-;-;-;-;15772,26;-;-;-;-;-;-;-
IDIF28P637000;BRBMEFFI00X1;FINANCIAL;-;-;-;-;-;-;-;-;-;15855,75;-;-;-;-;-;-;-
IDIG27C559600;BRBMEFCIG9P0;FINANCIAL;-;-;-;-;-;-;-;-;-;5,27;-;-;-;-;-;-;-
IDIG27C559700;BRBMEFCIG9Q8;FINANCIAL;-;-;-;-;-;-;-;-;-;4,64;-;-;-;-;-;-;-
IDIG27C559800;BRBMEFCIG9R6;FINANCIAL;-;-;-;-;-;-;-;-;-;3,84;-;-;-;-;-;-;-
IDIG27C559900;BRBMEFCIG9S4;FINANCIAL;-;-;-;-;-;-;-;-;-;3,16;-;-;-;-;-;-;-
IDIG27P559600;BRBMEFVIG9P7;FINANCIAL;-;-;-;-;-;-;-;-;-;3472,13;-;-;-;-;-;-;-
IDIG27P559700;BRBMEFVIG9Q5;FINANCIAL;-;-;-;-;-;-;-;-;-;3567,6;-;-;-;-;-;-;-
IDIG27P559800;BRBMEFVIG9R3;FINANCIAL;-;-;-;-;-;-;-;-;-;3662,9;-;-;-;-;-;-;-
IDIG27P559900;BRBMEFVIG9S1;FINANCIAL;-;-;-;-;-;-;-;-;-;3758,33;-;-;-;-;-;-;-
IDIH27C565100;BRBMEFCIH9E3;FINANCIAL;-;-;-;-;-;-;-;-;-;40,42;-;-;-;-;-;-;-
IDIH27C565200;BRBMEFCIH9F0;FINANCIAL;-;-;-;-;-;-;-;-;-;39,19;-;-;-;-;-;-;-
IDIH27C565300;BRBMEFCIH9G8;FINANCIAL;-;-;-;-;-;-;-;-;-;38;-;-;-;-;-;-;-
IDIH27C565400;BRBMEFCIH9H6;FINANCIAL;-;-;-;-;-;-;-;-;-;36,81;-;-;-;-;-;-;-
IDIH27C565500;BRBMEFCIH9I4;FINANCIAL;-;-;-;-;-;-;-;-;-;35,66;-;-;-;-;-;-;-
IDIH27C565600;BRBMEFCIH9J2;FINANCIAL;-;-;-;-;-;-;-;-;-;34,54;-;-;-;-;-;-;-
IDIH27C565700;BRBMEFCIH9K0;FINANCIAL;-;-;-;-;-;-;-;-;-;33,45;-;-;-;-;-;-;-
IDIH27C565800;BRBMEFCIH9L8;FINANCIAL;-;-;-;-;-;-;-;-;-;32,4;-;-;-;-;-;-;-
IDIH27P565100;BRBMEFVIH9E0;FINANCIAL;-;-;-;-;-;-;-;-;-;4095,65;-;-;-;-;-;-;-
IDIH27P565200;BRBMEFVIH9F7;FINANCIAL;-;-;-;-;-;-;-;-;-;4189,7;-;-;-;-;-;-;-
IDIH27P565300;BRBMEFVIH9G5;FINANCIAL;-;-;-;-;-;-;-;-;-;4283,77;-;-;-;-;-;-;-
IDIH27P565400;BRBMEFVIH9H3;FINANCIAL;-;-;-;-;-;-;-;-;-;4377,86;-;-;-;-;-;-;-
IDIH27P565500;BRBMEFVIH9I1;FINANCIAL;-;-;-;-;-;-;-;-;-;4471,98;-;-;-;-;-;-;-
IDIH27P565600;BRBMEFVIH9J9;FINANCIAL;-;-;-;-;-;-;-;-;-;4566,13;-;-;-;-;-;-;-
IDIH27P565700;BRBMEFVIH9K7;FINANCIAL;-;-;-;-;-;-;-;-;-;4660,31;-;-;-;-;-;-;-
IDIH27P565800;BRBMEFVIH9L5;FINANCIAL;-;-;-;-;-;-;-;-;-;4754,53;-;-;-;-;-;-;-
IDIJ27C571200;BRBMEFCIJX75;FINANCIAL;-;-;-;-;-;-;-;-;-;102,3;-;-;-;-;-;-;-
IDIJ27C571300;BRBMEFCIJX83;FINANCIAL;-;-;-;-;-;-;-;-;-;100,96;-;-;-;-;-;-;-
IDIJ27C571400;BRBMEFCIJX91;FINANCIAL;-;-;-;-;-;-;-;-;-;99,68;-;-;-;-;-;-;-
IDIJ27C571500;BRBMEFCIJXA7;FINANCIAL;-;-;-;-;-;-;-;-;-;98,35;-;-;-;-;-;-;-
IDIJ27C571600;BRBMEFCIJXB5;FINANCIAL;-;-;-;-;-;-;-;-;-;97,04;-;-;-;-;-;-;-
IDIJ27C571700;BRBMEFCIJXC3;FINANCIAL;-;-;-;-;-;-;-;-;-;95,73;-;-;-;-;-;-;-
IDIJ27C571800;BRBMEFCIJXD1;FINANCIAL;-;-;-;-;-;-;-;-;-;94,33;-;-;-;-;-;-;-
IDIJ27C571900;BRBMEFCIJXE9;FINANCIAL;-;-;-;-;-;-;-;-;-;92,94;-;-;-;-;-;-;-
IDIJ27C572000;BRBMEFCIJXF6;FINANCIAL;-;-;-;-;-;-;-;-;-;91,61;-;-;-;-;-;-;-
IDIJ27C572100;BRBMEFCIJXG4;FINANCIAL;-;-;-;-;-;-;-;-;-;90,2;-;-;-;-;-;-;-
IDIJ27C572200;BRBMEFCIJXH2;FINANCIAL;-;-;-;-;-;-;-;-;-;88,84;-;-;-;-;-;-;-
IDIJ27C572300;BRBMEFCIJXI0;FINANCIAL;-;-;-;-;-;-;-;-;-;87,44;-;-;-;-;-;-;-
IDIJ27C572400;BRBMEFCIJXJ8;FINANCIAL;-;-;-;-;-;-;-;-;-;86,05;-;-;-;-;-;-;-
IDIJ27C572600;BRBMEFCIJXK6;FINANCIAL;-;-;-;-;-;-;-;-;-;83,27;-;-;-;-;-;-;-
IDIJ27P571200;BRBMEFVIJX72;FINANCIAL;-;-;-;-;-;-;-;-;-;4228,37;-;-;-;-;-;-;-
IDIJ27P571300;BRBMEFVIJX80;FINANCIAL;-;-;-;-;-;-;-;-;-;4321,29;-;-;-;-;-;-;-
IDIJ27P571400;BRBMEFVIJX98;FINANCIAL;-;-;-;-;-;-;-;-;-;4414,28;-;-;-;-;-;-;-
IDIJ27P571500;BRBMEFVIJXA7;FINANCIAL;-;-;-;-;-;-;-;-;-;4507,22;-;-;-;-;-;-;-
IDIJ27P571600;BRBMEFVIJXB5;FINANCIAL;-;-;-;-;-;-;-;-;-;4600,17;-;-;-;-;-;-;-
IDIJ27P571700;BRBMEFVIJXC3;FINANCIAL;-;-;-;-;-;-;-;-;-;4693,13;-;-;-;-;-;-;-
IDIJ27P571800;BRBMEFVIJXD1;FINANCIAL;-;-;-;-;-;-;-;-;-;4786;-;-;-;-;-;-;-
IDIJ27P571900;BRBMEFVIJXE9;FINANCIAL;-;-;-;-;-;-;-;-;-;4878,87;-;-;-;-;-;-;-
IDIJ27P572000;BRBMEFVIJXF6;FINANCIAL;-;-;-;-;-;-;-;-;-;4971,81;-;-;-;-;-;-;-
IDIJ27P572100;BRBMEFVIJXG4;FINANCIAL;-;-;-;-;-;-;-;-;-;5064,66;-;-;-;-;-;-;-
IDIJ27P572200;BRBMEFVIJXH2;FINANCIAL;-;-;-;-;-;-;-;-;-;5157,57;-;-;-;-;-;-;-
IDIJ27P572300;BRBMEFVIJXI0;FINANCIAL;-;-;-;-;-;-;-;-;-;5250,44;-;-;-;-;-;-;-
IDIJ27P572400;BRBMEFVIJXJ8;FINANCIAL;-;-;-;-;-;-;-;-;-;5343,32;-;-;-;-;-;-;-
IDIJ27P572600;BRBMEFVIJXK6;FINANCIAL;-;-;-;-;-;-;-;-;-;5529,06;-;-;-;-;-;-;-
IDIK27C577400;BRBMEFCIK9J7;FINANCIAL;-;-;-;-;-;-;-;-;-;148,2;-;-;-;-;-;-;-
IDIK27C577500;BRBMEFCIK9K5;FINANCIAL;-;-;-;-;-;-;-;-;-;145,33;-;-;-;-;-;-;-
IDIK27C577600;BRBMEFCIK9L3;FINANCIAL;-;-;-;-;-;-;-;-;-;143,09;-;-;-;-;-;-;-
IDIK27C577700;BRBMEFCIK9M1;FINANCIAL;-;-;-;-;-;-;-;-;-;141,18;-;-;-;-;-;-;-
IDIK27C577800;BRBMEFCIK9N9;FINANCIAL;-;-;-;-;-;-;-;-;-;139,58;-;-;-;-;-;-;-
IDIK27C577900;BRBMEFCIK9O7;FINANCIAL;-;-;-;-;-;-;-;-;-;138,18;-;-;-;-;-;-;-
IDIK27C578000;BRBMEFCIK9P4;FINANCIAL;-;-;-;-;-;-;-;-;-;136,82;-;-;-;-;-;-;-
IDIK27C578100;BRBMEFCIK9Q2;FINANCIAL;-;-;-;-;-;-;-;-;-;135,4;-;-;-;-;-;-;-
IDIK27C578200;BRBMEFCIK9R0;FINANCIAL;-;-;-;-;-;-;-;-;-;133,92;-;-;-;-;-;-;-
IDIK27C578300;BRBMEFCIK9S8;FINANCIAL;-;-;-;-;-;-;-;-;-;132,42;-;-;-;-;-;-;-
IDIK27C578400;BRBMEFCIK9T6;FINANCIAL;-;-;-;-;-;-;-;-;-;131,04;-;-;-;-;-;-;-
IDIK27C578500;BRBMEFCIK9U4;FINANCIAL;-;-;-;-;-;-;-;-;-;129,65;-;-;-;-;-;-;-
IDIK27C578600;BRBMEFCIK9V2;FINANCIAL;-;-;-;-;-;-;-;-;-;128,26;-;-;-;-;-;-;-
IDIK27C578700;BRBMEFCIK9W0;FINANCIAL;-;-;-;-;-;-;-;-;-;126,85;-;-;-;-;-;-;-
IDIK27C578800;BRBMEFCIK9X8;FINANCIAL;-;-;-;-;-;-;-;-;-;125,44;-;-;-;-;-;-;-
IDIK27C578900;BRBMEFCIK9Y6;FINANCIAL;-;-;-;-;-;-;-;-;-;124,02;-;-;-;-;-;-;-
IDIK27C579000;BRBMEFCIK9Z3;FINANCIAL;-;-;-;-;-;-;-;-;-;122,54;-;-;-;-;-;-;-
IDIK27C579100;BRBMEFCIKA04;FINANCIAL;-;-;-;-;-;-;-;-;-;121,06;-;-;-;-;-;-;-
IDIK27C579200;BRBMEFCIKA12;FINANCIAL;-;-;-;-;-;-;-;-;-;119,57;-;-;-;-;-;-;-
IDIK27C579300;BRBMEFCIKA20;FINANCIAL;-;-;-;-;-;-;-;-;-;118,08;-;-;-;-;-;-;-
IDIK27C579400;BRBMEFCIKA38;FINANCIAL;-;-;-;-;-;-;-;-;-;116,63;-;-;-;-;-;-;-
IDIK27C579500;BRBMEFCIKA46;FINANCIAL;-;-;-;-;-;-;-;-;-;115,12;-;-;-;-;-;-;-
IDIK27P577400;BRBMEFVIK9I6;FINANCIAL;-;-;-;-;-;-;-;-;-;4723,4;-;-;-;-;-;-;-
IDIK27P577500;BRBMEFVIK9J4;FINANCIAL;-;-;-;-;-;-;-;-;-;4813,87;-;-;-;-;-;-;-
IDIK27P577600;BRBMEFVIK9K2;FINANCIAL;-;-;-;-;-;-;-;-;-;4904,95;-;-;-;-;-;-;-
IDIK27P577700;BRBMEFVIK9L0;FINANCIAL;-;-;-;-;-;-;-;-;-;4996,37;-;-;-;-;-;-;-
IDIK27P577800;BRBMEFVIK9M8;FINANCIAL;-;-;-;-;-;-;-;-;-;5088,12;-;-;-;-;-;-;-
IDIK27P577900;BRBMEFVIK9N6;FINANCIAL;-;-;-;-;-;-;-;-;-;5180,04;-;-;-;-;-;-;-
IDIK27P578000;BRBMEFVIK9O4;FINANCIAL;-;-;-;-;-;-;-;-;-;5272,02;-;-;-;-;-;-;-
IDIK27P578100;BRBMEFVIK9P1;FINANCIAL;-;-;-;-;-;-;-;-;-;5363,93;-;-;-;-;-;-;-
IDIK27P578200;BRBMEFVIK9Q9;FINANCIAL;-;-;-;-;-;-;-;-;-;5455,78;-;-;-;-;-;-;-
IDIK27P578300;BRBMEFVIK9R7;FINANCIAL;-;-;-;-;-;-;-;-;-;5547,62;-;-;-;-;-;-;-
IDIK27P578400;BRBMEFVIK9S5;FINANCIAL;-;-;-;-;-;-;-;-;-;5639,57;-;-;-;-;-;-;-
IDIK27P578500;BRBMEFVIK9T3;FINANCIAL;-;-;-;-;-;-;-;-;-;5731,51;-;-;-;-;-;-;-
IDIK27P578600;BRBMEFVIK9U1;FINANCIAL;-;-;-;-;-;-;-;-;-;5823,45;-;-;-;-;-;-;-
IDIK27P578700;BRBMEFVIK9V9;FINANCIAL;-;-;-;-;-;-;-;-;-;5915,37;-;-;-;-;-;-;-
IDIK27P578800;BRBMEFVIK9W7;FINANCIAL;-;-;-;-;-;-;-;-;-;6007,29;-;-;-;-;-;-;-
IDIK27P578900;BRBMEFVIK9X5;FINANCIAL;-;-;-;-;-;-;-;-;-;6099,21;-;-;-;-;-;-;-
IDIK27P579000;BRBMEFVIK9Y3;FINANCIAL;-;-;-;-;-;-;-;-;-;6191,06;-;-;-;-;-;-;-
IDIK27P579100;BRBMEFVIK9Z0;FINANCIAL;-;-;-;-;-;-;-;-;-;6282,91;-;-;-;-;-;-;-
IDIK27P579200;BRBMEFVIKA01;FINANCIAL;-;-;-;-;-;-;-;-;-;6374,75;-;-;-;-;-;-;-
IDIK27P579300;BRBMEFVIKA19;FINANCIAL;-;-;-;-;-;-;-;-;-;6466,59;-;-;-;-;-;-;-
IDIK27P579400;BRBMEFVIKA27;FINANCIAL;-;-;-;-;-;-;-;-;-;6558,47;-;-;-;-;-;-;-
IDIK27P579500;BRBMEFVIKA35;FINANCIAL;-;-;-;-;-;-;-;-;-;6650,3;-;-;-;-;-;-;-
IDIM27C584000;BRBMEFCIMA77;FINANCIAL;-;-;-;-;-;-;-;-;-;180,66;-;-;-;-;-;-;-
IDIM27C584100;BRBMEFCIMA85;FINANCIAL;-;-;-;-;-;-;-;-;-;177,88;-;-;-;-;-;-;-
IDIM27C584200;BRBMEFCIMA93;FINANCIAL;-;-;-;-;-;-;-;-;-;175,46;-;-;-;-;-;-;-
IDIM27C584300;BRBMEFCIMAA9;FINANCIAL;-;-;-;-;-;-;-;-;-;173,38;-;-;-;-;-;-;-
IDIM27C584400;BRBMEFCIMAB7;FINANCIAL;-;-;-;-;-;-;-;-;-;171,56;-;-;-;-;-;-;-
IDIM27C584500;BRBMEFCIMAC5;FINANCIAL;-;-;-;-;-;-;-;-;-;169,86;-;-;-;-;-;-;-
IDIM27C584600;BRBMEFCIMAD3;FINANCIAL;-;-;-;-;-;-;-;-;-;168,35;-;-;-;-;-;-;-
IDIM27C584700;BRBMEFCIMAE1;FINANCIAL;-;-;-;-;-;-;-;-;-;166,82;-;-;-;-;-;-;-
IDIM27C584800;BRBMEFCIMAF8;FINANCIAL;-;-;-;-;-;-;-;-;-;165,2;-;-;-;-;-;-;-
IDIM27C584900;BRBMEFCIMAG6;FINANCIAL;-;-;-;-;-;-;-;-;-;163,57;-;-;-;-;-;-;-
IDIM27C585000;BRBMEFCIMAH4;FINANCIAL;-;-;-;-;-;-;-;-;-;161,99;-;-;-;-;-;-;-
IDIM27C585100;BRBMEFCIMAI2;FINANCIAL;-;-;-;-;-;-;-;-;-;160,39;-;-;-;-;-;-;-
IDIM27C585200;BRBMEFCIMAJ0;FINANCIAL;-;-;-;-;-;-;-;-;-;158,89;-;-;-;-;-;-;-
IDIM27C585300;BRBMEFCIMAK8;FINANCIAL;-;-;-;-;-;-;-;-;-;157,38;-;-;-;-;-;-;-
IDIM27C585400;BRBMEFCIMAL6;FINANCIAL;-;-;-;-;-;-;-;-;-;155,85;-;-;-;-;-;-;-
IDIM27C585500;BRBMEFCIMAM4;FINANCIAL;-;-;-;-;-;-;-;-;-;154,36;-;-;-;-;-;-;-
IDIM27C585600;BRBMEFCIMAN2;FINANCIAL;-;-;-;-;-;-;-;-;-;152,85;-;-;-;-;-;-;-
IDIM27C585700;BRBMEFCIMAO0;FINANCIAL;-;-;-;-;-;-;-;-;-;151,33;-;-;-;-;-;-;-
IDIM27C585800;BRBMEFCIMAP7;FINANCIAL;-;-;-;-;-;-;-;-;-;149,79;-;-;-;-;-;-;-
IDIM27C585900;BRBMEFCIMAQ5;FINANCIAL;-;-;-;-;-;-;-;-;-;148,23;-;-;-;-;-;-;-
IDIM27C586000;BRBMEFCIMAR3;FINANCIAL;-;-;-;-;-;-;-;-;-;146,66;-;-;-;-;-;-;-
IDIM27C586100;BRBMEFCIMAS1;FINANCIAL;-;-;-;-;-;-;-;-;-;145,07;-;-;-;-;-;-;-
IDIM27P584000;BRBMEFVIMA74;FINANCIAL;-;-;-;-;-;-;-;-;-;5841,47;-;-;-;-;-;-;-
IDIM27P584100;BRBMEFVIMA82;FINANCIAL;-;-;-;-;-;-;-;-;-;5931,16;-;-;-;-;-;-;-
IDIM27P584200;BRBMEFVIMA90;FINANCIAL;-;-;-;-;-;-;-;-;-;6021,2;-;-;-;-;-;-;-
IDIM27P584300;BRBMEFVIMAA9;FINANCIAL;-;-;-;-;-;-;-;-;-;6111,58;-;-;-;-;-;-;-
IDIM27P584400;BRBMEFVIMAB7;FINANCIAL;-;-;-;-;-;-;-;-;-;6202,23;-;-;-;-;-;-;-
IDIM27P584500;BRBMEFVIMAC5;FINANCIAL;-;-;-;-;-;-;-;-;-;6292,99;-;-;-;-;-;-;-
IDIM27P584600;BRBMEFVIMAD3;FINANCIAL;-;-;-;-;-;-;-;-;-;6383,94;-;-;-;-;-;-;-
IDIM27P584700;BRBMEFVIMAE1;FINANCIAL;-;-;-;-;-;-;-;-;-;6474,87;-;-;-;-;-;-;-
IDIM27P584800;BRBMEFVIMAF8;FINANCIAL;-;-;-;-;-;-;-;-;-;6565,72;-;-;-;-;-;-;-
IDIM27P584900;BRBMEFVIMAG6;FINANCIAL;-;-;-;-;-;-;-;-;-;6656,55;-;-;-;-;-;-;-
IDIM27P585000;BRBMEFVIMAH4;FINANCIAL;-;-;-;-;-;-;-;-;-;6747,43;-;-;-;-;-;-;-
IDIM27P585100;BRBMEFVIMAI2;FINANCIAL;-;-;-;-;-;-;-;-;-;6838,3;-;-;-;-;-;-;-
IDIM27P585200;BRBMEFVIMAJ0;FINANCIAL;-;-;-;-;-;-;-;-;-;6929,26;-;-;-;-;-;-;-
IDIM27P585300;BRBMEFVIMAK8;FINANCIAL;-;-;-;-;-;-;-;-;-;7020,21;-;-;-;-;-;-;-
IDIM27P585400;BRBMEFVIMAL6;FINANCIAL;-;-;-;-;-;-;-;-;-;7111,15;-;-;-;-;-;-;-
IDIM27P585500;BRBMEFVIMAM4;FINANCIAL;-;-;-;-;-;-;-;-;-;7202,12;-;-;-;-;-;-;-
IDIM27P585600;BRBMEFVIMAN2;FINANCIAL;-;-;-;-;-;-;-;-;-;7293,08;-;-;-;-;-;-;-
IDIM27P585700;BRBMEFVIMAO0;FINANCIAL;-;-;-;-;-;-;-;-;-;7384,02;-;-;-;-;-;-;-
IDIM27P585800;BRBMEFVIMAP7;FINANCIAL;-;-;-;-;-;-;-;-;-;7474,94;-;-;-;-;-;-;-
IDIM27P585900;BRBMEFVIMAQ5;FINANCIAL;-;-;-;-;-;-;-;-;-;7565,84;-;-;-;-;-;-;-
IDIM27P586000;BRBMEFVIMAR3;FINANCIAL;-;-;-;-;-;-;-;-;-;7656,73;-;-;-;-;-;-;-
IDIM27P586100;BRBMEFVIMAS1;FINANCIAL;-;-;-;-;-;-;-;-;-;7747,61;-;-;-;-;-;-;-
IDIN27C591000;BRBMEFCICMU3;FINANCIAL;-;-;-;-;-;-;-;-;-;229,29;-;-;-;-;-;-;-
IDIN27C591100;BRBMEFCICMV1;FINANCIAL;-;-;-;-;-;-;-;-;-;225,56;-;-;-;-;-;-;-
IDIN27C591200;BRBMEFCICMW9;FINANCIAL;-;-;-;-;-;-;-;-;-;221,92;-;-;-;-;-;-;-
IDIN27C591300;BRBMEFCICMX7;FINANCIAL;-;-;-;-;-;-;-;-;-;218,52;-;-;-;-;-;-;-
IDIN27C591400;BRBMEFCICMY5;FINANCIAL;-;-;-;-;-;-;-;-;-;215,36;-;-;-;-;-;-;-
IDIN27C591500;BRBMEFCICMZ2;FINANCIAL;-;-;-;-;-;-;-;-;-;212,57;-;-;-;-;-;-;-
IDIN27C591600;BRBMEFCICN09;FINANCIAL;-;-;-;-;-;-;-;-;-;210,06;-;-;-;-;-;-;-
IDIN27C591800;BRBMEFCICN17;FINANCIAL;-;-;-;-;-;-;-;-;-;205,87;-;-;-;-;-;-;-
IDIN27C591900;BRBMEFCICN25;FINANCIAL;-;-;-;-;-;-;-;-;-;204,03;-;-;-;-;-;-;-
IDIN27C592000;BRBMEFCICN33;FINANCIAL;-;-;-;-;-;-;-;-;-;202,31;-;-;-;-;-;-;-
IDIN27C592100;BRBMEFCICN41;FINANCIAL;-;-;-;-;-;-;-;-;-;200,63;-;-;-;-;-;-;-
IDIN27C592200;BRBMEFCICN58;FINANCIAL;-;-;-;-;-;-;-;-;-;198,92;-;-;-;-;-;-;-
IDIN27C592300;BRBMEFCICN66;FINANCIAL;-;-;-;-;-;-;-;-;-;197,18;-;-;-;-;-;-;-
IDIN27C592400;BRBMEFCICN74;FINANCIAL;-;-;-;-;-;-;-;-;-;195,35;-;-;-;-;-;-;-
IDIN27C592500;BRBMEFCICN82;FINANCIAL;-;-;-;-;-;-;-;-;-;193,63;-;-;-;-;-;-;-
IDIN27C592600;BRBMEFCICN90;FINANCIAL;-;-;-;-;-;-;-;-;-;191,88;-;-;-;-;-;-;-
IDIN27C592700;BRBMEFCICNA3;FINANCIAL;-;-;-;-;-;-;-;-;-;190,24;-;-;-;-;-;-;-
IDIN27C592800;BRBMEFCICNB1;FINANCIAL;-;-;-;-;-;-;-;-;-;188,57;-;-;-;-;-;-;-
IDIN27C592900;BRBMEFCICNC9;FINANCIAL;-;-;-;-;-;-;-;-;-;186,94;-;-;-;-;-;-;-
IDIN27C593000;BRBMEFCICND7;FINANCIAL;-;-;-;-;-;-;-;-;-;185,29;-;-;-;-;-;-;-
IDIN27C593100;BRBMEFCICNE5;FINANCIAL;-;-;-;-;-;-;-;-;-;183,67;-;-;-;-;-;-;-
IDIN27C593200;BRBMEFCICNF2;FINANCIAL;-;-;-;-;-;-;-;-;-;182,02;-;-;-;-;-;-;-
IDIN27C593300;BRBMEFCICNG0;FINANCIAL;-;-;-;-;-;-;-;-;-;180,35;-;-;-;-;-;-;-
IDIN27C593400;BRBMEFCICNH8;FINANCIAL;-;-;-;-;-;-;-;-;-;178,65;-;-;-;-;-;-;-
IDIN27C593500;BRBMEFCICNI6;FINANCIAL;-;-;-;-;-;-;-;-;-;176,99;-;-;-;-;-;-;-
IDIN27P591000;BRBMEFVI2MU4;FINANCIAL;-;-;-;-;-;-;-;-;-;6733,56;-;-;-;-;-;-;-
IDIN27P591100;BRBMEFVI2MV2;FINANCIAL;-;-;-;-;-;-;-;-;-;6821,34;-;-;-;-;-;-;-
IDIN27P591200;BRBMEFVI2MW0;FINANCIAL;-;-;-;-;-;-;-;-;-;6909,21;-;-;-;-;-;-;-
IDIN27P591300;BRBMEFVI2MX8;FINANCIAL;-;-;-;-;-;-;-;-;-;6997,32;-;-;-;-;-;-;-
IDIN27P591400;BRBMEFVI2MY6;FINANCIAL;-;-;-;-;-;-;-;-;-;7085,67;-;-;-;-;-;-;-
IDIN27P591500;BRBMEFVI2MZ3;FINANCIAL;-;-;-;-;-;-;-;-;-;7174,39;-;-;-;-;-;-;-
IDIN27P591600;BRBMEFVI2N08;FINANCIAL;-;-;-;-;-;-;-;-;-;7263,39;-;-;-;-;-;-;-
IDIN27P591800;BRBMEFVI2N16;FINANCIAL;-;-;-;-;-;-;-;-;-;7442,23;-;-;-;-;-;-;-
IDIN27P591900;BRBMEFVI2N24;FINANCIAL;-;-;-;-;-;-;-;-;-;7531,9;-;-;-;-;-;-;-
IDIN27P592000;BRBMEFVI2N32;FINANCIAL;-;-;-;-;-;-;-;-;-;7621,68;-;-;-;-;-;-;-
IDIN27P592100;BRBMEFVI2N40;FINANCIAL;-;-;-;-;-;-;-;-;-;7711,51;-;-;-;-;-;-;-
IDIN27P592200;BRBMEFVI2N57;FINANCIAL;-;-;-;-;-;-;-;-;-;7801,31;-;-;-;-;-;-;-
IDIN27P592300;BRBMEFVI2N65;FINANCIAL;-;-;-;-;-;-;-;-;-;7891,09;-;-;-;-;-;-;-
IDIN27P592400;BRBMEFVI2N73;FINANCIAL;-;-;-;-;-;-;-;-;-;7980,77;-;-;-;-;-;-;-
IDIN27P592500;BRBMEFVI2N81;FINANCIAL;-;-;-;-;-;-;-;-;-;8070,56;-;-;-;-;-;-;-
IDIN27P592600;BRBMEFVI2N99;FINANCIAL;-;-;-;-;-;-;-;-;-;8160,32;-;-;-;-;-;-;-
IDIN27P592700;BRBMEFVI2NA4;FINANCIAL;-;-;-;-;-;-;-;-;-;8250,19;-;-;-;-;-;-;-
IDIN27P592800;BRBMEFVI2NB2;FINANCIAL;-;-;-;-;-;-;-;-;-;8340,03;-;-;-;-;-;-;-
IDIN27P592900;BRBMEFVI2NC0;FINANCIAL;-;-;-;-;-;-;-;-;-;8429,91;-;-;-;-;-;-;-
IDIN27P593000;BRBMEFVI2ND8;FINANCIAL;-;-;-;-;-;-;-;-;-;8519,77;-;-;-;-;-;-;-
IDIN27P593100;BRBMEFVI2NE6;FINANCIAL;-;-;-;-;-;-;-;-;-;8609,66;-;-;-;-;-;-;-
IDIN27P593200;BRBMEFVI2NF3;FINANCIAL;-;-;-;-;-;-;-;-;-;8699,52;-;-;-;-;-;-;-
IDIN27P593300;BRBMEFVI2NG1;FINANCIAL;-;-;-;-;-;-;-;-;-;8789,36;-;-;-;-;-;-;-
IDIN27P593400;BRBMEFVI2NH9;FINANCIAL;-;-;-;-;-;-;-;-;-;8879,18;-;-;-;-;-;-;-
IDIN27P593500;BRBMEFVI2NI7;FINANCIAL;-;-;-;-;-;-;-;-;-;8969,03;-;-;-;-;-;-;-
IDIV27C613100;BRBMEFCIVZ36;FINANCIAL;-;-;-;-;-;-;-;-;-;320,42;-;-;-;-;-;-;-
IDIV27C613200;BRBMEFCIVZ44;FINANCIAL;-;-;-;-;-;-;-;-;-;316,88;-;-;-;-;-;-;-
IDIV27C613300;BRBMEFCIVZ51;FINANCIAL;-;-;-;-;-;-;-;-;-;313,65;-;-;-;-;-;-;-
IDIV27C613400;BRBMEFCIVZ69;FINANCIAL;-;-;-;-;-;-;-;-;-;310,65;-;-;-;-;-;-;-
IDIV27C613500;BRBMEFCIVZ77;FINANCIAL;-;-;-;-;-;-;-;-;-;307,87;-;-;-;-;-;-;-
IDIV27C613600;BRBMEFCIVZ85;FINANCIAL;-;-;-;-;-;-;-;-;-;305,12;-;-;-;-;-;-;-
IDIV27C613700;BRBMEFCIVZ93;FINANCIAL;-;-;-;-;-;-;-;-;-;302,59;-;-;-;-;-;-;-
IDIV27C613800;BRBMEFCIVZA7;FINANCIAL;-;-;-;-;-;-;-;-;-;300,18;-;-;-;-;-;-;-
IDIV27C613900;BRBMEFCIVZB5;FINANCIAL;-;-;-;-;-;-;-;-;-;297,81;-;-;-;-;-;-;-
IDIV27C614100;BRBMEFCIVZC3;FINANCIAL;-;-;-;-;-;-;-;-;-;293,18;-;-;-;-;-;-;-
IDIV27C614200;BRBMEFCIVZD1;FINANCIAL;-;-;-;-;-;-;-;-;-;290,84;-;-;-;-;-;-;-
IDIV27C614300;BRBMEFCIVZE9;FINANCIAL;-;-;-;-;-;-;-;-;-;288,53;-;-;-;-;-;-;-
IDIV27C614400;BRBMEFCIVZF6;FINANCIAL;-;-;-;-;-;-;-;-;-;286,18;-;-;-;-;-;-;-
IDIV27C614500;BRBMEFCIVZG4;FINANCIAL;-;-;-;-;-;-;-;-;-;283,79;-;-;-;-;-;-;-
IDIV27C614600;BRBMEFCIVZH2;FINANCIAL;-;-;-;-;-;-;-;-;-;281,51;-;-;-;-;-;-;-
IDIV27C614700;BRBMEFCIVZI0;FINANCIAL;-;-;-;-;-;-;-;-;-;279,27;-;-;-;-;-;-;-
IDIV27C614800;BRBMEFCIVZJ8;FINANCIAL;-;-;-;-;-;-;-;-;-;276,99;-;-;-;-;-;-;-
IDIV27C614900;BRBMEFCIVZK6;FINANCIAL;-;-;-;-;-;-;-;-;-;274,74;-;-;-;-;-;-;-
IDIV27C615000;BRBMEFCIVZL4;FINANCIAL;-;-;-;-;-;-;-;-;-;272,59;-;-;-;-;-;-;-
IDIV27C615100;BRBMEFCIVZM2;FINANCIAL;-;-;-;-;-;-;-;-;-;270,41;-;-;-;-;-;-;-
IDIV27C615200;BRBMEFCIVZN0;FINANCIAL;-;-;-;-;-;-;-;-;-;268,18;-;-;-;-;-;-;-
IDIV27C615300;BRBMEFCIVZO8;FINANCIAL;-;-;-;-;-;-;-;-;-;266,07;-;-;-;-;-;-;-
IDIV27C615400;BRBMEFCIVZP5;FINANCIAL;-;-;-;-;-;-;-;-;-;263,9;-;-;-;-;-;-;-
IDIV27C615500;BRBMEFCIVZQ3;FINANCIAL;-;-;-;-;-;-;-;-;-;261,78;-;-;-;-;-;-;-
IDIV27P613100;BRBMEFVIVZ33;FINANCIAL;-;-;-;-;-;-;-;-;-;10546,19;-;-;-;-;-;-;-
IDIV27P613200;BRBMEFVIVZ41;FINANCIAL;-;-;-;-;-;-;-;-;-;10631,47;-;-;-;-;-;-;-
IDIV27P613300;BRBMEFVIVZ58;FINANCIAL;-;-;-;-;-;-;-;-;-;10717,06;-;-;-;-;-;-;-
IDIV27P613400;BRBMEFVIVZ66;FINANCIAL;-;-;-;-;-;-;-;-;-;10802,88;-;-;-;-;-;-;-
IDIV27P613500;BRBMEFVIVZ74;FINANCIAL;-;-;-;-;-;-;-;-;-;10888,91;-;-;-;-;-;-;-
IDIV27P613600;BRBMEFVIVZ82;FINANCIAL;-;-;-;-;-;-;-;-;-;10974,99;-;-;-;-;-;-;-
IDIV27P613700;BRBMEFVIVZ90;FINANCIAL;-;-;-;-;-;-;-;-;-;11061,28;-;-;-;-;-;-;-
IDIV27P613800;BRBMEFVIVZA7;FINANCIAL;-;-;-;-;-;-;-;-;-;11147,69;-;-;-;-;-;-;-
IDIV27P613900;BRBMEFVIVZB5;FINANCIAL;-;-;-;-;-;-;-;-;-;11234,13;-;-;-;-;-;-;-
IDIV27P614100;BRBMEFVIVZC3;FINANCIAL;-;-;-;-;-;-;-;-;-;11407,14;-;-;-;-;-;-;-
IDIV27P614200;BRBMEFVIVZD1;FINANCIAL;-;-;-;-;-;-;-;-;-;11493,62;-;-;-;-;-;-;-
IDIV27P614300;BRBMEFVIVZE9;FINANCIAL;-;-;-;-;-;-;-;-;-;11580,13;-;-;-;-;-;-;-
IDIV27P614400;BRBMEFVIVZF6;FINANCIAL;-;-;-;-;-;-;-;-;-;11666,6;-;-;-;-;-;-;-
IDIV27P614500;BRBMEFVIVZG4;FINANCIAL;-;-;-;-;-;-;-;-;-;11753,03;-;-;-;-;-;-;-
IDIV27P614600;BRBMEFVIVZH2;FINANCIAL;-;-;-;-;-;-;-;-;-;11839,57;-;-;-;-;-;-;-
IDIV27P614700;BRBMEFVIVZI0;FINANCIAL;-;-;-;-;-;-;-;-;-;11926,15;-;-;-;-;-;-;-
IDIV27P614800;BRBMEFVIVZJ8;FINANCIAL;-;-;-;-;-;-;-;-;-;12012,68;-;-;-;-;-;-;-
IDIV27P614900;BRBMEFVIVZK6;FINANCIAL;-;-;-;-;-;-;-;-;-;12099,25;-;-;-;-;-;-;-
IDIV27P615000;BRBMEFVIVZL4;FINANCIAL;-;-;-;-;-;-;-;-;-;12185,93;-;-;-;-;-;-;-
IDIV27P615100;BRBMEFVIVZM2;FINANCIAL;-;-;-;-;-;-;-;-;-;12272,56;-;-;-;-;-;-;-
IDIV27P615200;BRBMEFVIVZN0;FINANCIAL;-;-;-;-;-;-;-;-;-;12359,15;-;-;-;-;-;-;-
IDIV27P615300;BRBMEFVIVZO8;FINANCIAL;-;-;-;-;-;-;-;-;-;12445,85;-;-;-;-;-;-;-
IDIV27P615400;BRBMEFVIVZP5;FINANCIAL;-;-;-;-;-;-;-;-;-;12532,51;-;-;-;-;-;-;-
IDIV27P615500;BRBMEFVIVZQ3;FINANCIAL;-;-;-;-;-;-;-;-;-;12619,2;-;-;-;-;-;-;-
IDIN28C679000;BRBMEFCICNJ4;FINANCIAL;-;-;-;-;-;-;-;-;-;744,46;-;-;-;-;-;-;-
IDIN28P679000;BRBMEFVI2NJ5;FINANCIAL;-;-;-;-;-;-;-;-;-;19751,21;-;-;-;-;-;-;-
IDIK27C573900;BRBMEFCIKA53;FINANCIAL;-;-;-;-;-;-;-;-;-;315,27;-;-;-;-;-;-;-
IDIK27C574000;BRBMEFCIKA61;FINANCIAL;-;-;-;-;-;-;-;-;-;309,06;-;-;-;-;-;-;-
IDIK27C574100;BRBMEFCIKA79;FINANCIAL;-;-;-;-;-;-;-;-;-;302,96;-;-;-;-;-;-;-
IDIK27C574200;BRBMEFCIKA87;FINANCIAL;-;-;-;-;-;-;-;-;-;297,32;-;-;-;-;-;-;-
IDIK27P573900;BRBMEFVIKA43;FINANCIAL;-;-;-;-;-;-;-;-;-;1623,85;-;-;-;-;-;-;-
IDIK27P574000;BRBMEFVIKA50;FINANCIAL;-;-;-;-;-;-;-;-;-;1710,97;-;-;-;-;-;-;-
IDIK27P574100;BRBMEFVIKA68;FINANCIAL;-;-;-;-;-;-;-;-;-;1798,2;-;-;-;-;-;-;-
IDIK27P574200;BRBMEFVIKA76;FINANCIAL;-;-;-;-;-;-;-;-;-;1885,9;-;-;-;-;-;-;-
IDIM27C580600;BRBMEFCIMAT9;FINANCIAL;-;-;-;-;-;-;-;-;-;343,6;-;-;-;-;-;-;-
IDIM27C580700;BRBMEFCIMAU7;FINANCIAL;-;-;-;-;-;-;-;-;-;337,52;-;-;-;-;-;-;-
IDIM27C580800;BRBMEFCIMAV5;FINANCIAL;-;-;-;-;-;-;-;-;-;330,89;-;-;-;-;-;-;-
IDIM27C580900;BRBMEFCIMAW3;FINANCIAL;-;-;-;-;-;-;-;-;-;324,43;-;-;-;-;-;-;-
IDIM27C581000;BRBMEFCIMAX1;FINANCIAL;-;-;-;-;-;-;-;-;-;318,47;-;-;-;-;-;-;-
IDIM27C581100;BRBMEFCIMAY9;FINANCIAL;-;-;-;-;-;-;-;-;-;312,75;-;-;-;-;-;-;-
IDIM27C581200;BRBMEFCIMAZ6;FINANCIAL;-;-;-;-;-;-;-;-;-;307,06;-;-;-;-;-;-;-
IDIM27C581300;BRBMEFCIMB01;FINANCIAL;-;-;-;-;-;-;-;-;-;301,16;-;-;-;-;-;-;-
IDIM27C581400;BRBMEFCIMB19;FINANCIAL;-;-;-;-;-;-;-;-;-;295,38;-;-;-;-;-;-;-
IDIM27C581500;BRBMEFCIMB27;FINANCIAL;-;-;-;-;-;-;-;-;-;289,83;-;-;-;-;-;-;-
IDIM27C581600;BRBMEFCIMB35;FINANCIAL;-;-;-;-;-;-;-;-;-;284,4;-;-;-;-;-;-;-
IDIM27C581700;BRBMEFCIMB43;FINANCIAL;-;-;-;-;-;-;-;-;-;279,06;-;-;-;-;-;-;-
IDIM27C581800;BRBMEFCIMB50;FINANCIAL;-;-;-;-;-;-;-;-;-;273,93;-;-;-;-;-;-;-
IDIM27C581900;BRBMEFCIMB68;FINANCIAL;-;-;-;-;-;-;-;-;-;268,88;-;-;-;-;-;-;-
IDIM27C582000;BRBMEFCIMB76;FINANCIAL;-;-;-;-;-;-;-;-;-;263,83;-;-;-;-;-;-;-
IDIM27C582100;BRBMEFCIMB84;FINANCIAL;-;-;-;-;-;-;-;-;-;258,95;-;-;-;-;-;-;-
IDIM27C582200;BRBMEFCIMB92;FINANCIAL;-;-;-;-;-;-;-;-;-;253,97;-;-;-;-;-;-;-
IDIM27C582300;BRBMEFCIMBA7;FINANCIAL;-;-;-;-;-;-;-;-;-;249,07;-;-;-;-;-;-;-
IDIM27C582400;BRBMEFCIMBB5;FINANCIAL;-;-;-;-;-;-;-;-;-;244,25;-;-;-;-;-;-;-
IDIM27C582500;BRBMEFCIMBC3;FINANCIAL;-;-;-;-;-;-;-;-;-;239,6;-;-;-;-;-;-;-
IDIM27C582600;BRBMEFCIMBD1;FINANCIAL;-;-;-;-;-;-;-;-;-;235,01;-;-;-;-;-;-;-
IDIM27C582700;BRBMEFCIMBE9;FINANCIAL;-;-;-;-;-;-;-;-;-;230,58;-;-;-;-;-;-;-
IDIM27C582800;BRBMEFCIMBF6;FINANCIAL;-;-;-;-;-;-;-;-;-;226,21;-;-;-;-;-;-;-
IDIM27C582900;BRBMEFCIMBG4;FINANCIAL;-;-;-;-;-;-;-;-;-;221,98;-;-;-;-;-;-;-
IDIM27C583000;BRBMEFCIMBH2;FINANCIAL;-;-;-;-;-;-;-;-;-;217,81;-;-;-;-;-;-;-
IDIM27P580600;BRBMEFVIMAT9;FINANCIAL;-;-;-;-;-;-;-;-;-;2860,67;-;-;-;-;-;-;-
IDIM27P580700;BRBMEFVIMAU7;FINANCIAL;-;-;-;-;-;-;-;-;-;2947,05;-;-;-;-;-;-;-
IDIM27P580800;BRBMEFVIMAV5;FINANCIAL;-;-;-;-;-;-;-;-;-;3032,88;-;-;-;-;-;-;-
IDIM27P580900;BRBMEFVIMAW3;FINANCIAL;-;-;-;-;-;-;-;-;-;3118,88;-;-;-;-;-;-;-
IDIM27P581000;BRBMEFVIMAX1;FINANCIAL;-;-;-;-;-;-;-;-;-;3205,38;-;-;-;-;-;-;-
IDIM27P581100;BRBMEFVIMAY9;FINANCIAL;-;-;-;-;-;-;-;-;-;3292,13;-;-;-;-;-;-;-
IDIM27P581200;BRBMEFVIMAZ6;FINANCIAL;-;-;-;-;-;-;-;-;-;3378,9;-;-;-;-;-;-;-
IDIM27P581300;BRBMEFVIMB08;FINANCIAL;-;-;-;-;-;-;-;-;-;3465,47;-;-;-;-;-;-;-
IDIM27P581400;BRBMEFVIMB16;FINANCIAL;-;-;-;-;-;-;-;-;-;3552,16;-;-;-;-;-;-;-
IDIM27P581500;BRBMEFVIMB24;FINANCIAL;-;-;-;-;-;-;-;-;-;3639,07;-;-;-;-;-;-;-
IDIM27P581600;BRBMEFVIMB32;FINANCIAL;-;-;-;-;-;-;-;-;-;3726,09;-;-;-;-;-;-;-
IDIM27P581700;BRBMEFVIMB40;FINANCIAL;-;-;-;-;-;-;-;-;-;3813,22;-;-;-;-;-;-;-
IDIM27P581800;BRBMEFVIMB57;FINANCIAL;-;-;-;-;-;-;-;-;-;3900,55;-;-;-;-;-;-;-
IDIM27P581900;BRBMEFVIMB65;FINANCIAL;-;-;-;-;-;-;-;-;-;3987,97;-;-;-;-;-;-;-
IDIM27P582000;BRBMEFVIMB73;FINANCIAL;-;-;-;-;-;-;-;-;-;4075,38;-;-;-;-;-;-;-
IDIM27P582100;BRBMEFVIMB81;FINANCIAL;-;-;-;-;-;-;-;-;-;4162,97;-;-;-;-;-;-;-
IDIM27P582200;BRBMEFVIMB99;FINANCIAL;-;-;-;-;-;-;-;-;-;4250,45;-;-;-;-;-;-;-
IDIM27P582300;BRBMEFVIMBA7;FINANCIAL;-;-;-;-;-;-;-;-;-;4338,01;-;-;-;-;-;-;-
IDIM27P582400;BRBMEFVIMBB5;FINANCIAL;-;-;-;-;-;-;-;-;-;4425,66;-;-;-;-;-;-;-
IDIM27P582500;BRBMEFVIMBC3;FINANCIAL;-;-;-;-;-;-;-;-;-;4513,46;-;-;-;-;-;-;-
IDIM27P582600;BRBMEFVIMBD1;FINANCIAL;-;-;-;-;-;-;-;-;-;4601,34;-;-;-;-;-;-;-
IDIM27P582700;BRBMEFVIMBE9;FINANCIAL;-;-;-;-;-;-;-;-;-;4689,37;-;-;-;-;-;-;-
IDIM27P582800;BRBMEFVIMBF6;FINANCIAL;-;-;-;-;-;-;-;-;-;4777,46;-;-;-;-;-;-;-
IDIM27P582900;BRBMEFVIMBG4;FINANCIAL;-;-;-;-;-;-;-;-;-;4865,7;-;-;-;-;-;-;-
IDIM27P583000;BRBMEFVIMBH2;FINANCIAL;-;-;-;-;-;-;-;-;-;4953,99;-;-;-;-;-;-;-
IDIQ27C594300;BRBMEFCIQ8W6;FINANCIAL;-;-;-;-;-;-;-;-;-;485,72;-;-;-;-;-;-;-
IDIQ27C594400;BRBMEFCIQ8X4;FINANCIAL;-;-;-;-;-;-;-;-;-;478,08;-;-;-;-;-;-;-
IDIQ27C594500;BRBMEFCIQ8Y2;FINANCIAL;-;-;-;-;-;-;-;-;-;470,9;-;-;-;-;-;-;-
IDIQ27C594600;BRBMEFCIQ8Z9;FINANCIAL;-;-;-;-;-;-;-;-;-;463,92;-;-;-;-;-;-;-
IDIQ27C594700;BRBMEFCIQ903;FINANCIAL;-;-;-;-;-;-;-;-;-;457,13;-;-;-;-;-;-;-
IDIQ27C594800;BRBMEFCIQ911;FINANCIAL;-;-;-;-;-;-;-;-;-;450,39;-;-;-;-;-;-;-
IDIQ27C594900;BRBMEFCIQ929;FINANCIAL;-;-;-;-;-;-;-;-;-;443,59;-;-;-;-;-;-;-
IDIQ27C595000;BRBMEFCIQ937;FINANCIAL;-;-;-;-;-;-;-;-;-;436,84;-;-;-;-;-;-;-
IDIQ27C595100;BRBMEFCIQ945;FINANCIAL;-;-;-;-;-;-;-;-;-;430,02;-;-;-;-;-;-;-
IDIQ27C595200;BRBMEFCIQ952;FINANCIAL;-;-;-;-;-;-;-;-;-;423,5;-;-;-;-;-;-;-
IDIQ27C595300;BRBMEFCIQ960;FINANCIAL;-;-;-;-;-;-;-;-;-;417,03;-;-;-;-;-;-;-
IDIQ27C595400;BRBMEFCIQ978;FINANCIAL;-;-;-;-;-;-;-;-;-;410,83;-;-;-;-;-;-;-
IDIQ27C595500;BRBMEFCIQ986;FINANCIAL;-;-;-;-;-;-;-;-;-;404,91;-;-;-;-;-;-;-
IDIQ27C595600;BRBMEFCIQ994;FINANCIAL;-;-;-;-;-;-;-;-;-;399,03;-;-;-;-;-;-;-
IDIQ27C595700;BRBMEFCIQ9A0;FINANCIAL;-;-;-;-;-;-;-;-;-;393,17;-;-;-;-;-;-;-
IDIQ27C595800;BRBMEFCIQ9B8;FINANCIAL;-;-;-;-;-;-;-;-;-;387,35;-;-;-;-;-;-;-
IDIQ27C595900;BRBMEFCIQ9C6;FINANCIAL;-;-;-;-;-;-;-;-;-;381,45;-;-;-;-;-;-;-
IDIQ27C596000;BRBMEFCIQ9D4;FINANCIAL;-;-;-;-;-;-;-;-;-;375,7;-;-;-;-;-;-;-
IDIQ27C596100;BRBMEFCIQ9E2;FINANCIAL;-;-;-;-;-;-;-;-;-;369,98;-;-;-;-;-;-;-
IDIQ27C596200;BRBMEFCIQ9F9;FINANCIAL;-;-;-;-;-;-;-;-;-;364,39;-;-;-;-;-;-;-
IDIQ27C596300;BRBMEFCIQ9G7;FINANCIAL;-;-;-;-;-;-;-;-;-;359,04;-;-;-;-;-;-;-
IDIQ27C596400;BRBMEFCIQ9H5;FINANCIAL;-;-;-;-;-;-;-;-;-;353,72;-;-;-;-;-;-;-
IDIQ27C596500;BRBMEFCIQ9I3;FINANCIAL;-;-;-;-;-;-;-;-;-;348,52;-;-;-;-;-;-;-
IDIQ27C596600;BRBMEFCIQ9J1;FINANCIAL;-;-;-;-;-;-;-;-;-;343,44;-;-;-;-;-;-;-
IDIQ27C596700;BRBMEFCIQ9K9;FINANCIAL;-;-;-;-;-;-;-;-;-;338,38;-;-;-;-;-;-;-
IDIQ27P594300;BRBMEFVIQ8W3;FINANCIAL;-;-;-;-;-;-;-;-;-;4496,25;-;-;-;-;-;-;-
IDIQ27P594400;BRBMEFVIQ8X1;FINANCIAL;-;-;-;-;-;-;-;-;-;4579,19;-;-;-;-;-;-;-
IDIQ27P594500;BRBMEFVIQ8Y9;FINANCIAL;-;-;-;-;-;-;-;-;-;4662,6;-;-;-;-;-;-;-
IDIQ27P594600;BRBMEFVIQ8Z6;FINANCIAL;-;-;-;-;-;-;-;-;-;4746,2;-;-;-;-;-;-;-
IDIQ27P594700;BRBMEFVIQ903;FINANCIAL;-;-;-;-;-;-;-;-;-;4829,99;-;-;-;-;-;-;-
IDIQ27P594800;BRBMEFVIQ911;FINANCIAL;-;-;-;-;-;-;-;-;-;4913,84;-;-;-;-;-;-;-
IDIQ27P594900;BRBMEFVIQ929;FINANCIAL;-;-;-;-;-;-;-;-;-;4997,61;-;-;-;-;-;-;-
IDIQ27P595000;BRBMEFVIQ937;FINANCIAL;-;-;-;-;-;-;-;-;-;5081,45;-;-;-;-;-;-;-
IDIQ27P595100;BRBMEFVIQ945;FINANCIAL;-;-;-;-;-;-;-;-;-;5165,21;-;-;-;-;-;-;-
IDIQ27P595200;BRBMEFVIQ952;FINANCIAL;-;-;-;-;-;-;-;-;-;5249,28;-;-;-;-;-;-;-
IDIQ27P595300;BRBMEFVIQ960;FINANCIAL;-;-;-;-;-;-;-;-;-;5333,38;-;-;-;-;-;-;-
IDIQ27P595400;BRBMEFVIQ978;FINANCIAL;-;-;-;-;-;-;-;-;-;5417,77;-;-;-;-;-;-;-
IDIQ27P595500;BRBMEFVIQ986;FINANCIAL;-;-;-;-;-;-;-;-;-;5502,44;-;-;-;-;-;-;-
IDIQ27P595600;BRBMEFVIQ994;FINANCIAL;-;-;-;-;-;-;-;-;-;5587,13;-;-;-;-;-;-;-
IDIQ27P595700;BRBMEFVIQ9A7;FINANCIAL;-;-;-;-;-;-;-;-;-;5671,86;-;-;-;-;-;-;-
IDIQ27P595800;BRBMEFVIQ9B5;FINANCIAL;-;-;-;-;-;-;-;-;-;5756,62;-;-;-;-;-;-;-
IDIQ27P595900;BRBMEFVIQ9C3;FINANCIAL;-;-;-;-;-;-;-;-;-;5841,31;-;-;-;-;-;-;-
IDIQ27P596000;BRBMEFVIQ9D1;FINANCIAL;-;-;-;-;-;-;-;-;-;5926,14;-;-;-;-;-;-;-
IDIQ27P596100;BRBMEFVIQ9E9;FINANCIAL;-;-;-;-;-;-;-;-;-;6011;-;-;-;-;-;-;-
IDIQ27P596200;BRBMEFVIQ9F6;FINANCIAL;-;-;-;-;-;-;-;-;-;6095,99;-;-;-;-;-;-;-
IDIQ27P596300;BRBMEFVIQ9G4;FINANCIAL;-;-;-;-;-;-;-;-;-;6181,23;-;-;-;-;-;-;-
IDIQ27P596400;BRBMEFVIQ9H2;FINANCIAL;-;-;-;-;-;-;-;-;-;6266,49;-;-;-;-;-;-;-
IDIQ27P596500;BRBMEFVIQ9I0;FINANCIAL;-;-;-;-;-;-;-;-;-;6351,87;-;-;-;-;-;-;-
IDIQ27P596600;BRBMEFVIQ9J8;FINANCIAL;-;-;-;-;-;-;-;-;-;6437,38;-;-;-;-;-;-;-
IDIQ27P596700;BRBMEFVIQ9K6;FINANCIAL;-;-;-;-;-;-;-;-;-;6522,9;-;-;-;-;-;-;-
IDIV27C610100;BRBMEFCIVZR1;FINANCIAL;-;-;-;-;-;-;-;-;-;467,84;-;-;-;-;-;-;-
IDIV27C610200;BRBMEFCIVZS9;FINANCIAL;-;-;-;-;-;-;-;-;-;461,82;-;-;-;-;-;-;-
IDIV27C610300;BRBMEFCIVZT7;FINANCIAL;-;-;-;-;-;-;-;-;-;455,79;-;-;-;-;-;-;-
IDIV27P610100;BRBMEFVIVZR1;FINANCIAL;-;-;-;-;-;-;-;-;-;8029,04;-;-;-;-;-;-;-
IDIV27P610200;BRBMEFVIVZS9;FINANCIAL;-;-;-;-;-;-;-;-;-;8111,84;-;-;-;-;-;-;-
IDIV27P610300;BRBMEFVIVZT7;FINANCIAL;-;-;-;-;-;-;-;-;-;8194,63;-;-;-;-;-;-;-
IDIF28C624000;BRBMEFCID0Y4;FINANCIAL;-;-;-;-;-;-;-;-;-;1367,97;-;-;-;-;-;-;-
IDIF28C624100;BRBMEFCID0Z1;FINANCIAL;-;-;-;-;-;-;-;-;-;1351,04;-;-;-;-;-;-;-
IDIF28C624200;BRBMEFCID109;FINANCIAL;-;-;-;-;-;-;-;-;-;1334,56;-;-;-;-;-;-;-
IDIF28C624300;BRBMEFCID117;FINANCIAL;-;-;-;-;-;-;-;-;-;1318,5;-;-;-;-;-;-;-
IDIF28C624500;BRBMEFCID125;FINANCIAL;-;-;-;-;-;-;-;-;-;1287,08;-;-;-;-;-;-;-
IDIF28C624600;BRBMEFCID133;FINANCIAL;-;-;-;-;-;-;-;-;-;1271,7;-;-;-;-;-;-;-
IDIF28C624700;BRBMEFCID141;FINANCIAL;-;-;-;-;-;-;-;-;-;1256,73;-;-;-;-;-;-;-
IDIF28C624800;BRBMEFCID158;FINANCIAL;-;-;-;-;-;-;-;-;-;1241,98;-;-;-;-;-;-;-
IDIF28C624900;BRBMEFCID166;FINANCIAL;-;-;-;-;-;-;-;-;-;1227,44;-;-;-;-;-;-;-
IDIF28C625200;BRBMEFCID174;FINANCIAL;-;-;-;-;-;-;-;-;-;1184,84;-;-;-;-;-;-;-
IDIF28C625500;BRBMEFCID182;FINANCIAL;-;-;-;-;-;-;-;-;-;1144,4;-;-;-;-;-;-;-
IDIF28C625600;BRBMEFCID190;FINANCIAL;-;-;-;-;-;-;-;-;-;1131,42;-;-;-;-;-;-;-
IDIF28C625700;BRBMEFCID1A2;FINANCIAL;-;-;-;-;-;-;-;-;-;1118,63;-;-;-;-;-;-;-
IDIF28C625900;BRBMEFCID1B0;FINANCIAL;-;-;-;-;-;-;-;-;-;1093,4;-;-;-;-;-;-;-
IDIF28C626000;BRBMEFCID1C8;FINANCIAL;-;-;-;-;-;-;-;-;-;1081,14;-;-;-;-;-;-;-
IDIF28C626100;BRBMEFCID1D6;FINANCIAL;-;-;-;-;-;-;-;-;-;1069,05;-;-;-;-;-;-;-
IDIF28C626200;BRBMEFCID1E4;FINANCIAL;-;-;-;-;-;-;-;-;-;1057,13;-;-;-;-;-;-;-
IDIF28C626300;BRBMEFCID1F1;FINANCIAL;-;-;-;-;-;-;-;-;-;1045,2;-;-;-;-;-;-;-
IDIF28C626400;BRBMEFCID1G9;FINANCIAL;-;-;-;-;-;-;-;-;-;1033,44;-;-;-;-;-;-;-
IDIF28C626500;BRBMEFCID1H7;FINANCIAL;-;-;-;-;-;-;-;-;-;1021,84;-;-;-;-;-;-;-
IDIF28C626600;BRBMEFCID1I5;FINANCIAL;-;-;-;-;-;-;-;-;-;1010,23;-;-;-;-;-;-;-
IDIF28C626700;BRBMEFCID1J3;FINANCIAL;-;-;-;-;-;-;-;-;-;998,95;-;-;-;-;-;-;-
IDIF28C626800;BRBMEFCID1K1;FINANCIAL;-;-;-;-;-;-;-;-;-;987,66;-;-;-;-;-;-;-
IDIF28C626900;BRBMEFCID1L9;FINANCIAL;-;-;-;-;-;-;-;-;-;976,69;-;-;-;-;-;-;-
IDIF28C627000;BRBMEFCID1M7;FINANCIAL;-;-;-;-;-;-;-;-;-;965,88;-;-;-;-;-;-;-
IDIF28C627100;BRBMEFCID1N5;FINANCIAL;-;-;-;-;-;-;-;-;-;955,39;-;-;-;-;-;-;-
IDIF28C627200;BRBMEFCID1O3;FINANCIAL;-;-;-;-;-;-;-;-;-;944,87;-;-;-;-;-;-;-
IDIF28C627300;BRBMEFCID1P0;FINANCIAL;-;-;-;-;-;-;-;-;-;934,5;-;-;-;-;-;-;-
IDIF28C627400;BRBMEFCID1Q8;FINANCIAL;-;-;-;-;-;-;-;-;-;923,94;-;-;-;-;-;-;-
IDIF28C627500;BRBMEFCID1R6;FINANCIAL;-;-;-;-;-;-;-;-;-;913,36;-;-;-;-;-;-;-
IDIF28C627600;BRBMEFCID1S4;FINANCIAL;-;-;-;-;-;-;-;-;-;902,76;-;-;-;-;-;-;-
IDIF28C627700;BRBMEFCID1T2;FINANCIAL;-;-;-;-;-;-;-;-;-;892,31;-;-;-;-;-;-;-
IDIF28C627800;BRBMEFCID1U0;FINANCIAL;-;-;-;-;-;-;-;-;-;882,16;-;-;-;-;-;-;-
IDIF28C627900;BRBMEFCID1V8;FINANCIAL;-;-;-;-;-;-;-;-;-;872,15;-;-;-;-;-;-;-
IDIF28C628000;BRBMEFCID1W6;FINANCIAL;-;-;-;-;-;-;-;-;-;862,28;-;-;-;-;-;-;-
IDIF28P624000;BRBMEFFI00Y9;FINANCIAL;-;-;-;-;-;-;-;-;-;5661,01;-;-;-;-;-;-;-
IDIF28P624100;BRBMEFFI00Z6;FINANCIAL;-;-;-;-;-;-;-;-;-;5730,4;-;-;-;-;-;-;-
IDIF28P624200;BRBMEFFI0106;FINANCIAL;-;-;-;-;-;-;-;-;-;5800,23;-;-;-;-;-;-;-
IDIF28P624300;BRBMEFFI0114;FINANCIAL;-;-;-;-;-;-;-;-;-;5870,5;-;-;-;-;-;-;-
IDIF28P624500;BRBMEFFI0122;FINANCIAL;-;-;-;-;-;-;-;-;-;6011,71;-;-;-;-;-;-;-
IDIF28P624600;BRBMEFFI0130;FINANCIAL;-;-;-;-;-;-;-;-;-;6082,65;-;-;-;-;-;-;-
IDIF28P624700;BRBMEFFI0148;FINANCIAL;-;-;-;-;-;-;-;-;-;6154;-;-;-;-;-;-;-
IDIF28P624800;BRBMEFFI0155;FINANCIAL;-;-;-;-;-;-;-;-;-;6225,56;-;-;-;-;-;-;-
IDIF28P624900;BRBMEFFI0163;FINANCIAL;-;-;-;-;-;-;-;-;-;6297,33;-;-;-;-;-;-;-
IDIF28P625200;BRBMEFFI0171;FINANCIAL;-;-;-;-;-;-;-;-;-;6513,69;-;-;-;-;-;-;-
IDIF28P625500;BRBMEFFI0189;FINANCIAL;-;-;-;-;-;-;-;-;-;6732,2;-;-;-;-;-;-;-
IDIF28P625600;BRBMEFFI0197;FINANCIAL;-;-;-;-;-;-;-;-;-;6805,54;-;-;-;-;-;-;-
IDIF28P625700;BRBMEFFI01A7;FINANCIAL;-;-;-;-;-;-;-;-;-;6879,06;-;-;-;-;-;-;-
IDIF28P625900;BRBMEFFI01B5;FINANCIAL;-;-;-;-;-;-;-;-;-;7026,46;-;-;-;-;-;-;-
IDIF28P626000;BRBMEFFI01C3;FINANCIAL;-;-;-;-;-;-;-;-;-;7100,52;-;-;-;-;-;-;-
IDIF28P626100;BRBMEFFI01D1;FINANCIAL;-;-;-;-;-;-;-;-;-;7174,75;-;-;-;-;-;-;-
IDIF28P626200;BRBMEFFI01E9;FINANCIAL;-;-;-;-;-;-;-;-;-;7249,15;-;-;-;-;-;-;-
IDIF28P626300;BRBMEFFI01F6;FINANCIAL;-;-;-;-;-;-;-;-;-;7323,53;-;-;-;-;-;-;-
IDIF28P626400;BRBMEFFI01G4;FINANCIAL;-;-;-;-;-;-;-;-;-;7398,09;-;-;-;-;-;-;-
IDIF28P626500;BRBMEFFI01H2;FINANCIAL;-;-;-;-;-;-;-;-;-;7472,81;-;-;-;-;-;-;-
IDIF28P626600;BRBMEFFI01I0;FINANCIAL;-;-;-;-;-;-;-;-;-;7547,51;-;-;-;-;-;-;-
IDIF28P626700;BRBMEFFI01J8;FINANCIAL;-;-;-;-;-;-;-;-;-;7622,55;-;-;-;-;-;-;-
IDIF28P626800;BRBMEFFI01K6;FINANCIAL;-;-;-;-;-;-;-;-;-;7697,58;-;-;-;-;-;-;-
IDIF28P626900;BRBMEFFI01L4;FINANCIAL;-;-;-;-;-;-;-;-;-;7772,93;-;-;-;-;-;-;-
IDIF28P627000;BRBMEFFI01M2;FINANCIAL;-;-;-;-;-;-;-;-;-;7848,43;-;-;-;-;-;-;-
IDIF28P627100;BRBMEFFI01N0;FINANCIAL;-;-;-;-;-;-;-;-;-;7924,25;-;-;-;-;-;-;-
IDIF28P627200;BRBMEFFI01O8;FINANCIAL;-;-;-;-;-;-;-;-;-;8000,05;-;-;-;-;-;-;-
IDIF28P627300;BRBMEFFI01P5;FINANCIAL;-;-;-;-;-;-;-;-;-;8076;-;-;-;-;-;-;-
IDIF28P627400;BRBMEFFI01Q3;FINANCIAL;-;-;-;-;-;-;-;-;-;8151,76;-;-;-;-;-;-;-
IDIF28P627500;BRBMEFFI01R1;FINANCIAL;-;-;-;-;-;-;-;-;-;8227,49;-;-;-;-;-;-;-
IDIF28P627600;BRBMEFFI01S9;FINANCIAL;-;-;-;-;-;-;-;-;-;8303,21;-;-;-;-;-;-;-
IDIF28P627700;BRBMEFFI01T7;FINANCIAL;-;-;-;-;-;-;-;-;-;8379,08;-;-;-;-;-;-;-
IDIF28P627800;BRBMEFFI01U5;FINANCIAL;-;-;-;-;-;-;-;-;-;8455,25;-;-;-;-;-;-;-
IDIF28P627900;BRBMEFFI01V3;FINANCIAL;-;-;-;-;-;-;-;-;-;8531,56;-;-;-;-;-;-;-
IDIF28P628000;BRBMEFFI01W1;FINANCIAL;-;-;-;-;-;-;-;-;-;8608;-;-;-;-;-;-;-
D15N27C001000;BRBMEFCI5850;FINANCIAL;-;-;-;-;-;-;-;-;-;2631,5;-;-;-;-;-;-;-
D15N27C001050;BRBMEFCI5868;FINANCIAL;-;-;-;-;-;-;-;-;-;2174,18;-;-;-;-;-;-;-
D15N27C001100;BRBMEFCI5876;FINANCIAL;-;-;-;-;-;-;-;-;-;1758,96;-;-;-;-;-;-;-
D15N27C001150;BRBMEFCI5884;FINANCIAL;-;-;-;-;-;-;-;-;-;1399,4;-;-;-;-;-;-;-
D15N27C001200;BRBMEFCI5892;FINANCIAL;-;-;-;-;-;-;-;-;-;1101,53;-;-;-;-;-;-;-
D15N27C001250;BRBMEFCI58A4;FINANCIAL;-;-;-;-;-;-;-;-;-;864,15;-;-;-;-;-;-;-
D15N27C001300;BRBMEFCI58B2;FINANCIAL;-;-;-;-;-;-;-;-;-;680,16;-;-;-;-;-;-;-
D15N27C001350;BRBMEFCI58C0;FINANCIAL;-;-;-;-;-;-;-;-;-;538,4;-;-;-;-;-;-;-
D15N27C001400;BRBMEFCI58D8;FINANCIAL;-;-;-;-;-;-;-;-;-;430,02;-;-;-;-;-;-;-
D15N27C001450;BRBMEFCI58E6;FINANCIAL;-;-;-;-;-;-;-;-;-;347,11;-;-;-;-;-;-;-
D15N27C001500;BRBMEFCI58F3;FINANCIAL;-;-;-;-;-;-;-;-;-;280,81;-;-;-;-;-;-;-
D15N27C001550;BRBMEFCI58G1;FINANCIAL;-;-;-;-;-;-;-;-;-;229,8;-;-;-;-;-;-;-
D15N27C001600;BRBMEFCI58H9;FINANCIAL;-;-;-;-;-;-;-;-;-;190,45;-;-;-;-;-;-;-
D15N27C001650;BRBMEFCI58I7;FINANCIAL;-;-;-;-;-;-;-;-;-;160,18;-;-;-;-;-;-;-
D15N27C001700;BRBMEFCI58J5;FINANCIAL;-;-;-;-;-;-;-;-;-;136,43;-;-;-;-;-;-;-
D15N27P001000;BRBMEFVI5857;FINANCIAL;-;-;-;-;-;-;-;-;-;117,56;-;-;-;-;-;-;-
D15N27P001050;BRBMEFVI5865;FINANCIAL;-;-;-;-;-;-;-;-;-;195,57;-;-;-;-;-;-;-
D15N27P001100;BRBMEFVI5873;FINANCIAL;-;-;-;-;-;-;-;-;-;309,67;-;-;-;-;-;-;-
D15N27P001150;BRBMEFVI5881;FINANCIAL;-;-;-;-;-;-;-;-;-;473,54;-;-;-;-;-;-;-
D15N27P001200;BRBMEFVI5899;FINANCIAL;-;-;-;-;-;-;-;-;-;693,27;-;-;-;-;-;-;-
D15N27P001250;BRBMEFVI58A4;FINANCIAL;-;-;-;-;-;-;-;-;-;967,77;-;-;-;-;-;-;-
D15N27P001300;BRBMEFVI58B2;FINANCIAL;-;-;-;-;-;-;-;-;-;1290;-;-;-;-;-;-;-
D15N27P001350;BRBMEFVI58C0;FINANCIAL;-;-;-;-;-;-;-;-;-;1648,93;-;-;-;-;-;-;-
D15N27P001400;BRBMEFVI58D8;FINANCIAL;-;-;-;-;-;-;-;-;-;2035,77;-;-;-;-;-;-;-
D15N27P001450;BRBMEFVI58E6;FINANCIAL;-;-;-;-;-;-;-;-;-;2442,7;-;-;-;-;-;-;-
D15N27P001500;BRBMEFVI58F3;FINANCIAL;-;-;-;-;-;-;-;-;-;2860,94;-;-;-;-;-;-;-
D15N27P001550;BRBMEFVI58G1;FINANCIAL;-;-;-;-;-;-;-;-;-;3289,24;-;-;-;-;-;-;-
D15N27P001600;BRBMEFVI58H9;FINANCIAL;-;-;-;-;-;-;-;-;-;3724,05;-;-;-;-;-;-;-
D15N27P001650;BRBMEFVI58I7;FINANCIAL;-;-;-;-;-;-;-;-;-;4162,89;-;-;-;-;-;-;-
D15N27P001700;BRBMEFVI58J5;FINANCIAL;-;-;-;-;-;-;-;-;-;4603,26;-;-;-;-;-;-;-
D17N27C001000;BRBMEFCI7930;FINANCIAL;-;-;-;-;-;-;-;-;-;5153,2;-;-;-;-;-;-;-
D17N27C001050;BRBMEFCI7948;FINANCIAL;-;-;-;-;-;-;-;-;-;4162,63;-;-;-;-;-;-;-
D17N27C001100;BRBMEFCI7955;FINANCIAL;-;-;-;-;-;-;-;-;-;3215,03;-;-;-;-;-;-;-
D17N27C001150;BRBMEFCI7963;FINANCIAL;-;-;-;-;-;-;-;-;-;2378,54;-;-;-;-;-;-;-
D17N27C001200;BRBMEFCI7971;FINANCIAL;-;-;-;-;-;-;-;-;-;1670,32;-;-;-;-;-;-;-
D17N27C001250;BRBMEFCI7989;FINANCIAL;-;-;-;-;-;-;-;-;-;1135,56;-;-;-;-;-;-;-
D17N27C001300;BRBMEFCI7997;FINANCIAL;-;-;-;-;-;-;-;-;-;771,91;-;-;-;-;-;-;-
D17N27C001350;BRBMEFCI79A0;FINANCIAL;-;-;-;-;-;-;-;-;-;525,23;-;-;-;-;-;-;-
D17N27C001400;BRBMEFCI79B8;FINANCIAL;-;-;-;-;-;-;-;-;-;360,98;-;-;-;-;-;-;-
D17N27C001450;BRBMEFCI79C6;FINANCIAL;-;-;-;-;-;-;-;-;-;254,38;-;-;-;-;-;-;-
D17N27C001500;BRBMEFCI79D4;FINANCIAL;-;-;-;-;-;-;-;-;-;184,68;-;-;-;-;-;-;-
D17N27C001550;BRBMEFCI79E2;FINANCIAL;-;-;-;-;-;-;-;-;-;140,4;-;-;-;-;-;-;-
D17N27C001600;BRBMEFCI79F9;FINANCIAL;-;-;-;-;-;-;-;-;-;114,79;-;-;-;-;-;-;-
D17N27C001650;BRBMEFCI79G7;FINANCIAL;200;200;200;200;200;-56,52;-;-;-;98,19;-;-;-;-;1;2.000;400000
D17N27C001700;BRBMEFCI79H5;FINANCIAL;-;-;-;-;-;-;-;-;-;87,78;-;-;-;-;-;-;-
D17N27P001000;BRBMEFVI7937;FINANCIAL;-;-;-;-;-;-;-;-;-;56,29;-;-;-;-;-;-;-
D17N27P001050;BRBMEFVI7945;FINANCIAL;-;-;-;-;-;-;-;-;-;94,18;-;-;-;-;-;-;-
D17N27P001100;BRBMEFVI7952;FINANCIAL;450;450;450;450;450;400;-;-;-;154,4;-;-;-;-;1;10.000;4500000
D17N27P001150;BRBMEFVI7960;FINANCIAL;-;-;-;-;-;-;-;-;-;305,6;-;-;-;-;-;-;-
D17N27P001200;BRBMEFVI7978;FINANCIAL;965;965;965;965;965;298,21;-;-;-;565,42;-;-;-;-;1;10.000;9650000
D17N27P001250;BRBMEFVI7986;FINANCIAL;-;-;-;-;-;-;-;-;-;979,53;-;-;-;-;-;-;-
D17N27P001300;BRBMEFVI7994;FINANCIAL;-;-;-;-;-;-;-;-;-;1546,04;-;-;-;-;-;-;-
D17N27P001350;BRBMEFVI79A0;FINANCIAL;-;-;-;-;-;-;-;-;-;2211,26;-;-;-;-;-;-;-
D17N27P001400;BRBMEFVI79B8;FINANCIAL;-;-;-;-;-;-;-;-;-;2941,09;-;-;-;-;-;-;-
D17N27P001450;BRBMEFVI79C6;FINANCIAL;-;-;-;-;-;-;-;-;-;3711,19;-;-;-;-;-;-;-
D17N27P001500;BRBMEFVI79D4;FINANCIAL;-;-;-;-;-;-;-;-;-;4501,19;-;-;-;-;-;-;-
D17N27P001550;BRBMEFVI79E2;FINANCIAL;-;-;-;-;-;-;-;-;-;5300,02;-;-;-;-;-;-;-
D17N27P001600;BRBMEFVI79F9;FINANCIAL;-;-;-;-;-;-;-;-;-;6101,34;-;-;-;-;-;-;-
D17N27P001650;BRBMEFVI79G7;FINANCIAL;-;-;-;-;-;-;-;-;-;6895,84;-;-;-;-;-;-;-
D17N27P001700;BRBMEFVI79H5;FINANCIAL;-;-;-;-;-;-;-;-;-;7681,09;-;-;-;-;-;-;-
IDIG27C553000;BRBMEFCIG9T2;FINANCIAL;-;-;-;-;-;-;-;-;-;2875,92;-;-;-;-;-;-;-
IDIG27C553100;BRBMEFCIG9U0;FINANCIAL;-;-;-;-;-;-;-;-;-;2779,82;-;-;-;-;-;-;-
IDIG27C553200;BRBMEFCIG9V8;FINANCIAL;-;-;-;-;-;-;-;-;-;2683,72;-;-;-;-;-;-;-
IDIG27C553400;BRBMEFCIG9W6;FINANCIAL;-;-;-;-;-;-;-;-;-;2491,51;-;-;-;-;-;-;-
IDIG27C553500;BRBMEFCIG9X4;FINANCIAL;-;-;-;-;-;-;-;-;-;2395,41;-;-;-;-;-;-;-
IDIG27P553000;BRBMEFVIG9T9;FINANCIAL;-;-;-;-;-;-;-;-;-;0,01;-;-;-;-;-;-;-
IDIG27P553100;BRBMEFVIG9U7;FINANCIAL;-;-;-;-;-;-;-;-;-;0,01;-;-;-;-;-;-;-
IDIG27P553200;BRBMEFVIG9V5;FINANCIAL;-;-;-;-;-;-;-;-;-;0,01;-;-;-;-;-;-;-
IDIG27P553400;BRBMEFVIG9W3;FINANCIAL;-;-;-;-;-;-;-;-;-;0,01;-;-;-;-;-;-;-
IDIG27P553500;BRBMEFVIG9X1;FINANCIAL;-;-;-;-;-;-;-;-;-;0,01;-;-;-;-;-;-;-
IDIH27C558400;BRBMEFCIH9M6;FINANCIAL;-;-;-;-;-;-;-;-;-;2328,59;-;-;-;-;-;-;-
IDIH27C558500;BRBMEFCIH9N4;FINANCIAL;-;-;-;-;-;-;-;-;-;2233,61;-;-;-;-;-;-;-
IDIH27P558400;BRBMEFVIH9M3;FINANCIAL;-;-;-;-;-;-;-;-;-;0,63;-;-;-;-;-;-;-
IDIH27P558500;BRBMEFVIH9N1;FINANCIAL;-;-;-;-;-;-;-;-;-;0,92;-;-;-;-;-;-;-
IDIK27C571700;BRBMEFCIKA95;FINANCIAL;-;-;-;-;-;-;-;-;-;911,64;-;-;-;-;-;-;-
IDIK27C571800;BRBMEFCIKAA3;FINANCIAL;-;-;-;-;-;-;-;-;-;850,88;-;-;-;-;-;-;-
IDIK27C571900;BRBMEFCIKAB1;FINANCIAL;-;-;-;-;-;-;-;-;-;796,78;-;-;-;-;-;-;-
IDIK27C572000;BRBMEFCIKAC9;FINANCIAL;-;-;-;-;-;-;-;-;-;741,13;-;-;-;-;-;-;-
IDIK27C572100;BRBMEFCIKAD7;FINANCIAL;-;-;-;-;-;-;-;-;-;689,08;-;-;-;-;-;-;-
IDIK27C572200;BRBMEFCIKAE5;FINANCIAL;-;-;-;-;-;-;-;-;-;642,49;-;-;-;-;-;-;-
IDIK27C572300;BRBMEFCIKAF2;FINANCIAL;-;-;-;-;-;-;-;-;-;599,63;-;-;-;-;-;-;-
IDIK27C572400;BRBMEFCIKAG0;FINANCIAL;-;-;-;-;-;-;-;-;-;560,38;-;-;-;-;-;-;-
IDIK27C572500;BRBMEFCIKAH8;FINANCIAL;-;-;-;-;-;-;-;-;-;526,82;-;-;-;-;-;-;-
IDIK27C572600;BRBMEFCIKAI6;FINANCIAL;-;-;-;-;-;-;-;-;-;500,49;-;-;-;-;-;-;-
IDIK27C572700;BRBMEFCIKAJ4;FINANCIAL;-;-;-;-;-;-;-;-;-;473,99;-;-;-;-;-;-;-
IDIK27C572800;BRBMEFCIKAK2;FINANCIAL;-;-;-;-;-;-;-;-;-;452,79;-;-;-;-;-;-;-
IDIK27C572900;BRBMEFCIKAL0;FINANCIAL;-;-;-;-;-;-;-;-;-;430,7;-;-;-;-;-;-;-
IDIK27C573000;BRBMEFCIKAM8;FINANCIAL;-;-;-;-;-;-;-;-;-;411,9;-;-;-;-;-;-;-
IDIK27C573100;BRBMEFCIKAN6;FINANCIAL;-;-;-;-;-;-;-;-;-;395,55;-;-;-;-;-;-;-
IDIK27C573200;BRBMEFCIKAO4;FINANCIAL;-;-;-;-;-;-;-;-;-;380,86;-;-;-;-;-;-;-
IDIK27P571700;BRBMEFVIKA84;FINANCIAL;-;-;-;-;-;-;-;-;-;166,92;-;-;-;-;-;-;-
IDIK27P571800;BRBMEFVIKA92;FINANCIAL;-;-;-;-;-;-;-;-;-;199,49;-;-;-;-;-;-;-
IDIK27P571900;BRBMEFVIKAA3;FINANCIAL;-;-;-;-;-;-;-;-;-;238,73;-;-;-;-;-;-;-
IDIK27P572000;BRBMEFVIKAB1;FINANCIAL;-;-;-;-;-;-;-;-;-;276,4;-;-;-;-;-;-;-
IDIK27P572100;BRBMEFVIKAC9;FINANCIAL;-;-;-;-;-;-;-;-;-;317,69;-;-;-;-;-;-;-
IDIK27P572200;BRBMEFVIKAD7;FINANCIAL;-;-;-;-;-;-;-;-;-;364,42;-;-;-;-;-;-;-
IDIK27P572300;BRBMEFVIKAE5;FINANCIAL;-;-;-;-;-;-;-;-;-;414,9;-;-;-;-;-;-;-
IDIK27P572400;BRBMEFVIKAF2;FINANCIAL;-;-;-;-;-;-;-;-;-;468,98;-;-;-;-;-;-;-
IDIK27P572500;BRBMEFVIKAG0;FINANCIAL;-;-;-;-;-;-;-;-;-;528,75;-;-;-;-;-;-;-
IDIK27P572600;BRBMEFVIKAH8;FINANCIAL;-;-;-;-;-;-;-;-;-;595,76;-;-;-;-;-;-;-
IDIK27P572700;BRBMEFVIKAI6;FINANCIAL;-;-;-;-;-;-;-;-;-;662,59;-;-;-;-;-;-;-
IDIK27P572800;BRBMEFVIKAJ4;FINANCIAL;-;-;-;-;-;-;-;-;-;734,72;-;-;-;-;-;-;-
IDIK27P572900;BRBMEFVIKAK2;FINANCIAL;-;-;-;-;-;-;-;-;-;805,96;-;-;-;-;-;-;-
IDIK27P573000;BRBMEFVIKAL0;FINANCIAL;-;-;-;-;-;-;-;-;-;880,49;-;-;-;-;-;-;-
IDIK27P573100;BRBMEFVIKAM8;FINANCIAL;-;-;-;-;-;-;-;-;-;957,47;-;-;-;-;-;-;-
IDIK27P573200;BRBMEFVIKAN6;FINANCIAL;-;-;-;-;-;-;-;-;-;1036,12;-;-;-;-;-;-;-
IDIM27C577900;BRBMEFCIMBI0;FINANCIAL;-;-;-;-;-;-;-;-;-;701,47;-;-;-;-;-;-;-
IDIM27C578000;BRBMEFCIMBJ8;FINANCIAL;-;-;-;-;-;-;-;-;-;673,35;-;-;-;-;-;-;-
IDIM27C578100;BRBMEFCIMBK6;FINANCIAL;-;-;-;-;-;-;-;-;-;644,62;-;-;-;-;-;-;-
IDIM27C578200;BRBMEFCIMBL4;FINANCIAL;-;-;-;-;-;-;-;-;-;619,07;-;-;-;-;-;-;-
IDIM27C578300;BRBMEFCIMBM2;FINANCIAL;-;-;-;-;-;-;-;-;-;596,07;-;-;-;-;-;-;-
IDIM27C578400;BRBMEFCIMBN0;FINANCIAL;-;-;-;-;-;-;-;-;-;573,34;-;-;-;-;-;-;-
IDIM27C578500;BRBMEFCIMBO8;FINANCIAL;-;-;-;-;-;-;-;-;-;552,76;-;-;-;-;-;-;-
IDIM27C578600;BRBMEFCIMBP5;FINANCIAL;-;-;-;-;-;-;-;-;-;534,07;-;-;-;-;-;-;-
IDIM27C578700;BRBMEFCIMBQ3;FINANCIAL;-;-;-;-;-;-;-;-;-;516,5;-;-;-;-;-;-;-
IDIM27C578800;BRBMEFCIMBR1;FINANCIAL;-;-;-;-;-;-;-;-;-;499,99;-;-;-;-;-;-;-
IDIM27C578900;BRBMEFCIMBS9;FINANCIAL;-;-;-;-;-;-;-;-;-;484,29;-;-;-;-;-;-;-
IDIM27C579000;BRBMEFCIMBT7;FINANCIAL;-;-;-;-;-;-;-;-;-;470,43;-;-;-;-;-;-;-
IDIM27C579100;BRBMEFCIMBU5;FINANCIAL;-;-;-;-;-;-;-;-;-;458,13;-;-;-;-;-;-;-
IDIM27C579200;BRBMEFCIMBV3;FINANCIAL;-;-;-;-;-;-;-;-;-;446,87;-;-;-;-;-;-;-
IDIM27C579300;BRBMEFCIMBW1;FINANCIAL;-;-;-;-;-;-;-;-;-;436,43;-;-;-;-;-;-;-
IDIM27C579400;BRBMEFCIMBX9;FINANCIAL;-;-;-;-;-;-;-;-;-;427,48;-;-;-;-;-;-;-
IDIM27P577900;BRBMEFVIMBI0;FINANCIAL;-;-;-;-;-;-;-;-;-;722,04;-;-;-;-;-;-;-
IDIM27P578000;BRBMEFVIMBJ8;FINANCIAL;-;-;-;-;-;-;-;-;-;786,37;-;-;-;-;-;-;-
IDIM27P578100;BRBMEFVIMBK6;FINANCIAL;-;-;-;-;-;-;-;-;-;850,11;-;-;-;-;-;-;-
IDIM27P578200;BRBMEFVIMBL4;FINANCIAL;-;-;-;-;-;-;-;-;-;917,02;-;-;-;-;-;-;-
IDIM27P578300;BRBMEFVIMBM2;FINANCIAL;-;-;-;-;-;-;-;-;-;986,49;-;-;-;-;-;-;-
IDIM27P578400;BRBMEFVIMBN0;FINANCIAL;-;-;-;-;-;-;-;-;-;1056,22;-;-;-;-;-;-;-
IDIM27P578500;BRBMEFVIMBO8;FINANCIAL;-;-;-;-;-;-;-;-;-;1128,1;-;-;-;-;-;-;-
IDIM27P578600;BRBMEFVIMBP5;FINANCIAL;-;-;-;-;-;-;-;-;-;1201,87;-;-;-;-;-;-;-
IDIM27P578700;BRBMEFVIMBQ3;FINANCIAL;-;-;-;-;-;-;-;-;-;1276,77;-;-;-;-;-;-;-
IDIM27P578800;BRBMEFVIMBR1;FINANCIAL;-;-;-;-;-;-;-;-;-;1352,72;-;-;-;-;-;-;-
IDIM27P578900;BRBMEFVIMBS9;FINANCIAL;-;-;-;-;-;-;-;-;-;1429,49;-;-;-;-;-;-;-
IDIM27P579000;BRBMEFVIMBT7;FINANCIAL;-;-;-;-;-;-;-;-;-;1508,08;-;-;-;-;-;-;-
IDIM27P579100;BRBMEFVIMBU5;FINANCIAL;-;-;-;-;-;-;-;-;-;1588,25;-;-;-;-;-;-;-
IDIM27P579200;BRBMEFVIMBV3;FINANCIAL;-;-;-;-;-;-;-;-;-;1669,45;-;-;-;-;-;-;-
IDIM27P579300;BRBMEFVIMBW1;FINANCIAL;-;-;-;-;-;-;-;-;-;1751,48;-;-;-;-;-;-;-
IDIM27P579400;BRBMEFVIMBX9;FINANCIAL;-;-;-;-;-;-;-;-;-;1834,99;-;-;-;-;-;-;-
IDIQ27C591400;BRBMEFCIQ9L7;FINANCIAL;-;-;-;-;-;-;-;-;-;790,48;-;-;-;-;-;-;-
IDIQ27C591500;BRBMEFCIQ9M5;FINANCIAL;-;-;-;-;-;-;-;-;-;771,66;-;-;-;-;-;-;-
IDIQ27C591600;BRBMEFCIQ9N3;FINANCIAL;-;-;-;-;-;-;-;-;-;754,33;-;-;-;-;-;-;-
IDIQ27C591700;BRBMEFCIQ9O1;FINANCIAL;-;-;-;-;-;-;-;-;-;738,79;-;-;-;-;-;-;-
IDIQ27C591800;BRBMEFCIQ9P8;FINANCIAL;-;-;-;-;-;-;-;-;-;724,29;-;-;-;-;-;-;-
IDIQ27C591900;BRBMEFCIQ9Q6;FINANCIAL;-;-;-;-;-;-;-;-;-;710,64;-;-;-;-;-;-;-
IDIQ27C592000;BRBMEFCIQ9R4;FINANCIAL;-;-;-;-;-;-;-;-;-;697,47;-;-;-;-;-;-;-
IDIQ27C592100;BRBMEFCIQ9S2;FINANCIAL;-;-;-;-;-;-;-;-;-;684,58;-;-;-;-;-;-;-
IDIQ27C592200;BRBMEFCIQ9T0;FINANCIAL;-;-;-;-;-;-;-;-;-;672,13;-;-;-;-;-;-;-
IDIQ27C592300;BRBMEFCIQ9U8;FINANCIAL;-;-;-;-;-;-;-;-;-;660,1;-;-;-;-;-;-;-
IDIQ27C592400;BRBMEFCIQ9V6;FINANCIAL;-;-;-;-;-;-;-;-;-;648,64;-;-;-;-;-;-;-
IDIQ27C592500;BRBMEFCIQ9W4;FINANCIAL;-;-;-;-;-;-;-;-;-;637,72;-;-;-;-;-;-;-
IDIQ27C592600;BRBMEFCIQ9X2;FINANCIAL;-;-;-;-;-;-;-;-;-;627,48;-;-;-;-;-;-;-
IDIQ27C592700;BRBMEFCIQ9Y0;FINANCIAL;-;-;-;-;-;-;-;-;-;617,58;-;-;-;-;-;-;-
IDIQ27C592800;BRBMEFCIQ9Z7;FINANCIAL;-;-;-;-;-;-;-;-;-;607,86;-;-;-;-;-;-;-
IDIQ27C592900;BRBMEFCIQA08;FINANCIAL;-;-;-;-;-;-;-;-;-;598,45;-;-;-;-;-;-;-
IDIQ27P591400;BRBMEFVIQ9L4;FINANCIAL;-;-;-;-;-;-;-;-;-;2174,1;-;-;-;-;-;-;-
IDIQ27P591500;BRBMEFVIQ9M2;FINANCIAL;-;-;-;-;-;-;-;-;-;2245,86;-;-;-;-;-;-;-
IDIQ27P591600;BRBMEFVIQ9N0;FINANCIAL;-;-;-;-;-;-;-;-;-;2319,12;-;-;-;-;-;-;-
IDIQ27P591700;BRBMEFVIQ9O8;FINANCIAL;-;-;-;-;-;-;-;-;-;2394,16;-;-;-;-;-;-;-
IDIQ27P591800;BRBMEFVIQ9P5;FINANCIAL;-;-;-;-;-;-;-;-;-;2470,25;-;-;-;-;-;-;-
IDIQ27P591900;BRBMEFVIQ9Q3;FINANCIAL;-;-;-;-;-;-;-;-;-;2547,18;-;-;-;-;-;-;-
IDIQ27P592000;BRBMEFVIQ9R1;FINANCIAL;-;-;-;-;-;-;-;-;-;2624,59;-;-;-;-;-;-;-
IDIQ27P592100;BRBMEFVIQ9S9;FINANCIAL;-;-;-;-;-;-;-;-;-;2702,28;-;-;-;-;-;-;-
IDIQ27P592200;BRBMEFVIQ9T7;FINANCIAL;-;-;-;-;-;-;-;-;-;2780,42;-;-;-;-;-;-;-
IDIQ27P592300;BRBMEFVIQ9U5;FINANCIAL;-;-;-;-;-;-;-;-;-;2858,97;-;-;-;-;-;-;-
IDIQ27P592400;BRBMEFVIQ9V3;FINANCIAL;-;-;-;-;-;-;-;-;-;2938,09;-;-;-;-;-;-;-
IDIQ27P592500;BRBMEFVIQ9W1;FINANCIAL;-;-;-;-;-;-;-;-;-;3017,75;-;-;-;-;-;-;-
IDIQ27P592600;BRBMEFVIQ9X9;FINANCIAL;-;-;-;-;-;-;-;-;-;3098,1;-;-;-;-;-;-;-
IDIQ27P592700;BRBMEFVIQ9Y7;FINANCIAL;-;-;-;-;-;-;-;-;-;3178,78;-;-;-;-;-;-;-
IDIQ27P592800;BRBMEFVIQ9Z4;FINANCIAL;-;-;-;-;-;-;-;-;-;3259,64;-;-;-;-;-;-;-
IDIQ27P592900;BRBMEFVIQA05;FINANCIAL;-;-;-;-;-;-;-;-;-;3340,82;-;-;-;-;-;-;-
IDIV27C604800;BRBMEFCIVZU5;FINANCIAL;-;-;-;-;-;-;-;-;-;948,39;-;-;-;-;-;-;-
IDIV27C604900;BRBMEFCIVZV3;FINANCIAL;-;-;-;-;-;-;-;-;-;934,14;-;-;-;-;-;-;-
IDIV27C605000;BRBMEFCIVZW1;FINANCIAL;-;-;-;-;-;-;-;-;-;920,21;-;-;-;-;-;-;-
IDIV27C605100;BRBMEFCIVZX9;FINANCIAL;-;-;-;-;-;-;-;-;-;906,6;-;-;-;-;-;-;-
IDIV27C605200;BRBMEFCIVZY7;FINANCIAL;-;-;-;-;-;-;-;-;-;893,46;-;-;-;-;-;-;-
IDIV27C605300;BRBMEFCIVZZ4;FINANCIAL;-;-;-;-;-;-;-;-;-;880,63;-;-;-;-;-;-;-
IDIV27C605400;BRBMEFCVV005;FINANCIAL;-;-;-;-;-;-;-;-;-;868,07;-;-;-;-;-;-;-
IDIV27C605500;BRBMEFCVV013;FINANCIAL;-;-;-;-;-;-;-;-;-;855,97;-;-;-;-;-;-;-
IDIV27C605600;BRBMEFCVV021;FINANCIAL;-;-;-;-;-;-;-;-;-;843,8;-;-;-;-;-;-;-
IDIV27C605700;BRBMEFCVV039;FINANCIAL;-;-;-;-;-;-;-;-;-;831,89;-;-;-;-;-;-;-
IDIV27C605800;BRBMEFCVV047;FINANCIAL;-;-;-;-;-;-;-;-;-;820,24;-;-;-;-;-;-;-
IDIV27C605900;BRBMEFCVV054;FINANCIAL;-;-;-;-;-;-;-;-;-;809,34;-;-;-;-;-;-;-
IDIV27C606000;BRBMEFCVV062;FINANCIAL;-;-;-;-;-;-;-;-;-;798,69;-;-;-;-;-;-;-
IDIV27C606100;BRBMEFCVV070;FINANCIAL;-;-;-;-;-;-;-;-;-;788,27;-;-;-;-;-;-;-
IDIV27C606200;BRBMEFCVV088;FINANCIAL;-;-;-;-;-;-;-;-;-;777,9;-;-;-;-;-;-;-
IDIV27C606300;BRBMEFCVV096;FINANCIAL;-;-;-;-;-;-;-;-;-;767,77;-;-;-;-;-;-;-
IDIV27P604800;BRBMEFVIVZU5;FINANCIAL;-;-;-;-;-;-;-;-;-;3802,18;-;-;-;-;-;-;-
IDIV27P604900;BRBMEFVIVZV3;FINANCIAL;-;-;-;-;-;-;-;-;-;3876,75;-;-;-;-;-;-;-
IDIV27P605000;BRBMEFVIVZW1;FINANCIAL;-;-;-;-;-;-;-;-;-;3951,64;-;-;-;-;-;-;-
IDIV27P605100;BRBMEFVIVZX9;FINANCIAL;-;-;-;-;-;-;-;-;-;4026,84;-;-;-;-;-;-;-
IDIV27P605200;BRBMEFVIVZY7;FINANCIAL;-;-;-;-;-;-;-;-;-;4102,53;-;-;-;-;-;-;-
IDIV27P605300;BRBMEFVIVZZ4;FINANCIAL;-;-;-;-;-;-;-;-;-;4178,51;-;-;-;-;-;-;-
IDIV27P605400;BRBMEFVIC002;FINANCIAL;-;-;-;-;-;-;-;-;-;4254,78;-;-;-;-;-;-;-
IDIV27P605500;BRBMEFVIC010;FINANCIAL;-;-;-;-;-;-;-;-;-;4331,49;-;-;-;-;-;-;-
CPMX26C099000;BRBMEFCPY175;FINANCIAL;-;-;-;-;-;-;-;-;-;0,07;-;-;-;-;-;-;-
CPMX26C099250;BRBMEFCPY183;FINANCIAL;-;-;-;-;-;-;-;-;-;0,07;-;-;-;-;-;-;-
CPMX26C099500;BRBMEFCPY191;FINANCIAL;19;11;20;13,881;12;71,42;-;-;-;11;-;-;11;12;222;207.555;2881108,4
CPMX26C099750;BRBMEFCPY1A8;FINANCIAL;70;70;82;78,423;81;28,98;-;-;-;80,5;-;-;80;83;28;79.557;6239176,5
CPMX26C100000;BRBMEFCPY1B6;FINANCIAL;5;5;8;6,239;8;-70,37;-;-;-;6,5;-;-;6;7;22;126.100;786800
CPMX26C100250;BRBMEFCPY1C4;FINANCIAL;-;-;-;-;-;-;-;-;-;0,07;-;-;-;-;-;-;-
CPMX26C100500;BRBMEFCPY1D2;FINANCIAL;-;-;-;-;-;-;-;-;-;0,07;-;-;-;-;-;-;-
CPMX26C100750;BRBMEFCPY1E0;FINANCIAL;-;-;-;-;-;-;-;-;-;0,07;-;-;-;-;-;-;-
CPMX26C101000;BRBMEFCPY1F7;FINANCIAL;-;-;-;-;-;-;-;-;-;0,07;-;-;-;-;-;-;-
CPMZ26C099000;BRBMEFCPZ289;FINANCIAL;-;-;-;-;-;-;-;-;-;2;-;-;-;-;-;-;-
CPMZ26C099250;BRBMEFCPZ297;FINANCIAL;3;3;3;3;3;50;-;-;-;0;-;-;-;-;3;50.000;150000
CPMZ26C099500;BRBMEFCPZ2A5;FINANCIAL;52;36;52;44,217;36;100;-;-;-;39,24;-;-;30;42;33;179.010;7915450
CPMZ26C099750;BRBMEFCPZ2B3;FINANCIAL;43;43;43;43;43;22,85;-;-;-;43;-;-;13;-;3;2.000;86000
CPMZ26C100000;BRBMEFCPZ2C1;FINANCIAL;12;12;13,5;12,092;13,5;-59,09;-;-;-;10,53;-;-;10;-;13;81.030;979860
CPMZ26C100250;BRBMEFCPZ2D9;FINANCIAL;2;2;2;2;2;0;-;-;-;2;-;-;-;-;1;1.000;2000
CPMZ26C100500;BRBMEFCPZ2E7;FINANCIAL;1,5;1,5;1,5;1,5;1,5;-50;-;-;-;1,5;-;-;-;-;1;1.000;1500
CPMZ26C100750;BRBMEFCPZ2F4;FINANCIAL;1;1;1;1;1;-66,66;-;-;-;1;-;-;-;-;1;1.000;1000
CPMZ26C101000;BRBMEFCPZ2G2;FINANCIAL;0,5;0,5;0,5;0,5;0,5;-75;-;-;-;0,5;-;-;-;-;1;1.000;500
CPMX26C101250;BRBMEFCPY1G5;FINANCIAL;-;-;-;-;-;-;-;-;-;0,07;-;-;-;-;-;-;-
CPMX26C101500;BRBMEFCPY1H3;FINANCIAL;-;-;-;-;-;-;-;-;-;0,07;-;-;-;-;-;-;-
CPMX26C101750;BRBMEFCPY1I1;FINANCIAL;-;-;-;-;-;-;-;-;-;0,07;-;-;-;-;-;-;-
CPMX26C102000;BRBMEFCPY1J9;FINANCIAL;-;-;-;-;-;-;-;-;-;0,07;-;-;-;-;-;-;-
CPMZ26C101250;BRBMEFCPZ2H0;FINANCIAL;-;-;-;-;-;-;-;-;-;0;-;-;-;-;-;-;-
CPMZ26C101500;BRBMEFCPZ2I8;FINANCIAL;-;-;-;-;-;-;-;-;-;0;-;-;-;-;-;-;-
CPMZ26C101750;BRBMEFCPZ2J6;FINANCIAL;-;-;-;-;-;-;-;-;-;0;-;-;-;-;-;-;-
CPMZ26C102000;BRBMEFCPZ2K4;FINANCIAL;-;-;-;-;-;-;-;-;-;0;-;-;-;-;-;-;-
CPMX26C098000;BRBMEFCPY1K7;FINANCIAL;-;-;-;-;-;-;-;-;-;0,07;-;-;-;-;-;-;-
CPMX26C098250;BRBMEFCPY1L5;FINANCIAL;-;-;-;-;-;-;-;-;-;0,07;-;-;-;-;-;-;-
CPMX26C098500;BRBMEFCPY1M3;FINANCIAL;-;-;-;-;-;-;-;-;-;0,07;-;-;-;-;-;-;-
CPMX26C098750;BRBMEFCPY1N1;FINANCIAL;-;-;-;-;-;-;-;-;-;0,07;-;-;-;-;-;-;-
CPMZ26C098000;BRBMEFCPZ2L2;FINANCIAL;-;-;-;-;-;-;-;-;-;0;-;-;-;-;-;-;-
CPMZ26C098250;BRBMEFCPZ2M0;FINANCIAL;-;-;-;-;-;-;-;-;-;0;-;-;-;-;-;-;-
CPMZ26C098500;BRBMEFCPZ2N8;FINANCIAL;-;-;-;-;-;-;-;-;-;0;-;-;-;-;-;-;-
CPMZ26C098750;BRBMEFCPZ2O6;FINANCIAL;-;-;-;-;-;-;-;-;-;0;-;-;-;-;-;-;-
CPMF27C099000;BRBMEFCP1140;FINANCIAL;-;-;-;-;-;-;-;-;-;0;-;-;-;-;-;-;-
CPMF27C099250;BRBMEFCP1157;FINANCIAL;-;-;-;-;-;-;-;-;-;0;-;-;-;-;-;-;-
CPMF27C099500;BRBMEFCP1165;FINANCIAL;-;-;-;-;-;-;-;-;-;27,48;-;-;-;-;-;-;-
CPMF27C099750;BRBMEFCP1173;FINANCIAL;23;23;23;23;23;0;-;-;-;30,1;-;-;-;-;1;400;9200
CPMF27C100000;BRBMEFCP1181;FINANCIAL;15;15;15;15;15;-53,12;-;-;-;15;-;-;-;-;3;25.000;375000
CPMF27C100250;BRBMEFCP1199;FINANCIAL;-;-;-;-;-;-;-;-;-;5,23;-;-;-;-;-;-;-
CPMF27C100500;BRBMEFCP11A8;FINANCIAL;-;-;-;-;-;-;-;-;-;6,11;-;-;-;-;-;-;-
CPMF27C100750;BRBMEFCP11B6;FINANCIAL;-;-;-;-;-;-;-;-;-;6,14;-;-;-;-;-;-;-
CPMF27C101000;BRBMEFCP11C4;FINANCIAL;-;-;-;-;-;-;-;-;-;6,14;-;-;-;-;-;-;-
SOYX26C004700;BRBMEFSY10X0;AGRIBUSINESS;-;-;-;-;-;-;-;-;-;473,27;-;-;-;-;-;-;-
SOYX26P004700;BRBMEFSY20X9;AGRIBUSINESS;-;-;-;-;-;-;-;-;-;0,01;-;-;-;-;-;-;-
CNLX26C120000;BRBMEFCCL279;AGRIBUSINESS;-;-;-;-;-;-;-;-;-;0,02;-;-;-;-;-;-;-
CNLX26P120000;BRBMEFVCL279;AGRIBUSINESS;-;-;-;-;-;-;-;-;-;179,84;-;-;-;-;-;-;-
CCMH27C011000;BRBMEFFM0MB2;AGRIBUSINESS;0,1;0,07;0,1;0,07;0,07;-;-;-;-;0,01;-;-;-;-;3;11;360
CCMH27P011000;BRBMEFOV0MF1;AGRIBUSINESS;-;-;-;-;-;-;-;-;-;30,31;-;-;-;-;-;-;-
BGIF27C038500;BRBMEFBC04C9;AGRIBUSINESS;-;-;-;-;-;-;-;-;-;16,68;-;-;-;-;-;-;-
BGIF27P038500;BRBMEFBF03Q4;AGRIBUSINESS;8,76;8,76;8,76;8,76;8,76;-;-;-;-;8,42;-;-;-;-;1;100;289080
CNLX26;BRBMEFCNL1F4;AGRIBUSINESS;-;-;-;-;-;-;1019,82;-;999,3;-;20,52;2052;960;-;-;-;-
CNLH27;BRBMEFCNL1G2;AGRIBUSINESS;-;-;-;-;-;-;1026,04;-;1005,39;-;20,65;2065;-;-;-;-;-
CNLK27;BRBMEFCNL1H0;AGRIBUSINESS;-;-;-;-;-;-;1026,04;-;1005,39;-;20,65;2065;-;-;-;-;-
CNLF27;BRBMEFCNL1I8;AGRIBUSINESS;-;-;-;-;-;-;1026,04;-;1005,39;-;20,65;2065;-;-;-;-;-
CNLU27;BRBMEFCNL1J6;AGRIBUSINESS;-;-;-;-;-;-;1026,04;-;1005,39;-;20,65;2065;-;-;-;-;-
ESTU27;BRBMEFEST027;FINANCIAL;-;-;-;-;-;-;97346,813;2,844;97334,075;-;12,738;14,966799704974;-;-;-;-;-
ESTU30;BRBMEFEST043;FINANCIAL;-;-;-;-;-;-;88304,362;3,302;88351,023;-;-46,661;-54,825391822406;-;-;-;-;-
ESTZ27;BRBMEFEST035;FINANCIAL;-;-;-;-;-;-;96579,829;2,924;96560,822;-;19,007;22,332702307461;-;-;-;-;-
ESTZ30;BRBMEFEST050;FINANCIAL;-;-;-;-;-;-;87579,713;3,326;87645,112;-;-65,399;-76,842026527369;-;-;-;-;-
ESTH28;BRBMEFEST076;FINANCIAL;-;-;-;-;-;-;95814,585;2,984;95793,677;-;20,908;24,566325029958;-;-;-;-;-
ESTH31;BRBMEFEST084;FINANCIAL;-;-;-;-;-;-;86857,705;3,35;86943,13;-;-85,425;-100,372025812329;-;-;-;-;-
ESTM28;BRBMEFEST0A2;FINANCIAL;-;-;-;-;-;-;94999,34;3,032;94975,399;-;23,941;28,130016622452;-;-;-;-;-
ESTM31;BRBMEFEST0B0;FINANCIAL;-;-;-;-;-;-;86138,501;3,374;86245,161;-;-106,66;-125,322566849786;-;-;-;-;-
ESTU28;BRBMEFEST0E4;FINANCIAL;-;-;-;-;-;-;94236,644;3,075;94218,867;-;17,777;20,887486132464;-;-;-;-;-
ESTU31;BRBMEFEST0G9;FINANCIAL;-;-;-;-;-;-;85422,255;3,398;85551,279;-;-129,024;-151,599651839741;-;-;-;-;-
ESTZ26;BRBMEFEST0D6;FINANCIAL;-;-;-;-;-;-;99507,042;2,477;99506,424;-;0,618;0,726133004998;-;-;-;-;-
ESTZ28;BRBMEFEST0F1;FINANCIAL;-;-;-;-;-;-;93482,771;3,11;93467,338;-;15,433;18,133350592469;-;-;-;-;-
ESTZ31;BRBMEFEST0H7;FINANCIAL;-;-;-;-;-;-;84712,901;3,421;84857,752;-;-144,851;-170,19594159721;-;-;-;-;-
GLDG27;BRBMEFGLD0C1;FINANCIAL;-;-;-;-;-;-;4201,25;-;4203,25;-;-2;-9,9718;-;-;-;-;-
GLDV26;BRBMEFGLD0A5;FINANCIAL;-;-;-;-;-;-;4219,25;-;4221,25;-;-2;-9,9718;-;-;-;-;-
GLDZ26;BRBMEFGLD0B3;FINANCIAL;4171;4169;4205,5;4176,09;4183,25;0,13;4175,5;-;4177,5;-;-2;-9,9718;4171,75;4192,75;3.005;5.343;111249765,95
GLDJ27;BRBMEFGLD0G2;FINANCIAL;-;-;-;-;-;-;4148,75;-;4150,75;-;-2;-9,9718;-;-;-;-;-
GLDX26;BRBMEFGLD0I8;FINANCIAL;-;-;-;-;-;-;4171,25;-;4173,25;-;-2;-9,9718;-;-;-;-;-
ICFZ26;BRBMEFICF3E8;AGRIBUSINESS;350,5;350,5;361,55;358,17;360,3;2,38;356;-;351,9;-;4,1;2048,729;360,05;360,45;343;584;104523655,13
ICFU27;BRBMEFICF3G3;AGRIBUSINESS;333;333;334,5;333,75;334,5;1,07;334,45;-;330,95;-;3,5;1748,915;330,05;343,4;2;2;333543,07
ICFH27;BRBMEFICF3H1;AGRIBUSINESS;347,5;347,5;358,5;354,81;358,4;2,79;353,3;-;348,65;-;4,65;2323,5585;355,6;358,3;47;288;51061597,16
ICFK27;BRBMEFICF3J7;AGRIBUSINESS;-;-;-;-;-;-;346,05;-;341,95;-;4,1;2048,729;-;-;-;-;-
ICFZ27;BRBMEFICF3K5;AGRIBUSINESS;-;-;-;-;-;-;329,55;-;326,55;-;3;1499,07;318;-;-;-;-
ICFH28;BRBMEFICF3L3;AGRIBUSINESS;-;-;-;-;-;-;326,5;-;324;-;2,5;1249,225;-;-;-;-;-
ETHF27;BRBMEFETH5Z1;AGRIBUSINESS;-;-;-;-;-;-;2883;-;2875;-;8;240;2840;2950;-;-;-
ETHG27;BRBMEFETH608;AGRIBUSINESS;-;-;-;-;-;-;2883;-;2875;-;8;240;2840;2950;-;-;-
ETHH27;BRBMEFETH616;AGRIBUSINESS;-;-;-;-;-;-;2720,5;-;2713;-;7,5;225;-;-;-;-;-
ETHV26;BRBMEFETH5W8;AGRIBUSINESS;-;-;-;-;-;-;2722,5;-;2715;-;7,5;225;2680;2730;-;-;-
ETHX26;BRBMEFETH5X6;AGRIBUSINESS;-;-;-;-;-;-;2789,5;-;2781,5;-;8;240;2750;2795;-;-;-
ETHZ26;BRBMEFETH5Y4;AGRIBUSINESS;-;-;-;-;-;-;2849;-;2841;-;8;240;2805;2870;-;-;-
ETHF28;BRBMEFETH699;AGRIBUSINESS;-;-;-;-;-;-;2832;-;2824;-;8;240;-;-;-;-;-
ETHJ27;BRBMEFETH665;AGRIBUSINESS;-;-;-;-;-;-;2677;-;2669,5;-;7,5;225;-;-;-;-;-
ETHK27;BRBMEFETH673;AGRIBUSINESS;-;-;-;-;-;-;2626;-;2618,5;-;7,5;225;-;-;-;-;-
ETHZ27;BRBMEFETH681;AGRIBUSINESS;-;-;-;-;-;-;2800,5;-;2792,5;-;8;240;-;-;-;-;-
ETHG28;BRBMEFETH6G9;AGRIBUSINESS;-;-;-;-;-;-;2832;-;2824;-;8;240;-;-;-;-;-
ETHH28;BRBMEFETH6H7;AGRIBUSINESS;-;-;-;-;-;-;2811;-;2803;-;8;240;-;-;-;-;-
ETHM27;BRBMEFETH6A2;AGRIBUSINESS;-;-;-;-;-;-;2626;-;2618,5;-;7,5;225;-;-;-;-;-
ETHN27;BRBMEFETH6B0;AGRIBUSINESS;-;-;-;-;-;-;2626;-;2618,5;-;7,5;225;-;-;-;-;-
ETHQ27;BRBMEFETH6C8;AGRIBUSINESS;-;-;-;-;-;-;2626;-;2618,5;-;7,5;225;-;-;-;-;-
ETHU27;BRBMEFETH6D6;AGRIBUSINESS;-;-;-;-;-;-;2658;-;2650,5;-;7,5;225;-;-;-;-;-
ETHV27;BRBMEFETH6E4;AGRIBUSINESS;-;-;-;-;-;-;2697,5;-;2690;-;7,5;225;-;-;-;-;-
ETHX27;BRBMEFETH6F1;AGRIBUSINESS;-;-;-;-;-;-;2748,5;-;2741;-;7,5;225;-;-;-;-;-
JSEZ26;BRBMEFJSE1N5;FINANCIAL;-;-;-;-;-;-;101508;-;101733;-;-225;-90;-;-;-;-;-
JSEH27;BRBMEFJSE1O3;FINANCIAL;-;-;-;-;-;-;102510;-;102647;-;-137;-54,8;-;-;-;-;-
HSIV26;BRBMEFHSI4Y4;FINANCIAL;-;-;-;-;-;-;24033;-;23880;-;153;99,45;-;-;-;-;-
HSIX26;BRBMEFHSI4Z1;FINANCIAL;-;-;-;-;-;-;24029;-;23879;-;150;97,5;-;-;-;-;-
CCMK27;BRBMEFCCP338;AGRIBUSINESS;77,82;76,32;77,84;76,83;76,91;-1,18;76,81;-;77,83;-;-1,02;-459;76,77;76,97;376;457;15801660
CCMF27;BRBMEFCCP353;AGRIBUSINESS;76,27;74,75;76,28;75,18;75,07;-1,56;75,04;-;76,26;-;-1,22;-549;75,07;75,1;3.172;4.529;153226170
CCMX26;BRBMEFCCP346;AGRIBUSINESS;71,57;70,33;71,8;70,82;70,55;-1,56;70,53;-;71,67;-;-1,14;-513;70,55;70,57;6.089;13.092;417243807
CCMH27;BRBMEFCCP361;AGRIBUSINESS;79,06;77,62;79,06;77,99;78;-1,3;78,03;-;79,03;-;-1;-450;78;78,09;1.344;1.916;67247226
CCMU27;BRBMEFCCP379;AGRIBUSINESS;77,65;76,1;77,65;76,56;76,68;-1,26;76,63;-;77,66;-;-1,03;-463,5;76,64;76,7;973;3.203;110350557
CCMN27;BRBMEFCCP387;AGRIBUSINESS;77,31;76,15;77,56;76,61;76,86;-0,9;76,81;-;77,56;-;-0,75;-337,5;76,7;76,87;650;1.489;51334812
CCMX27;BRBMEFCCP395;AGRIBUSINESS;79,2;78,45;79,3;78,69;79;-1,06;79,13;-;79,85;-;-0,72;-324;78,9;78,99;72;214;7578571,5
BGIV26;BRBMEFBGI7U5;AGRIBUSINESS;387,95;386,2;391;388,41;387,6;-0,09;387,95;-;387,95;-;0;0;387,6;387,75;2.040;3.202;410423062,5
BGIX26;BRBMEFBGI7W1;AGRIBUSINESS;395,65;393,7;398,55;395,5;394,75;-0,29;394,7;-;395,9;-;-1,2;-396;394,4;394,8;1.422;2.044;266773980
BGIF27;BRBMEFBGI7Y7;AGRIBUSINESS;395,4;392,6;399,95;395,03;393,9;-0,54;393,6;-;396,05;-;-2,45;-808,5;392,8;393,9;646;951;123975010,5
BGIG27;BRBMEFBGI7Z4;AGRIBUSINESS;395;392,35;398;393,78;392,65;-0,74;392,8;-;395,6;-;-2,8;-924;392,6;393,3;138;155;20141896,5
BGIH27;BRBMEFBGI807;AGRIBUSINESS;394,55;393,3;398,2;394,8;394;-0,5;393,55;-;396;-;-2,45;-808,5;393;394,05;55;57;7426353
BGIZ26;BRBMEFBGI7X9;AGRIBUSINESS;395,25;391,7;398;394,09;392,35;-0,77;392,75;-;395,4;-;-2,65;-874,5;391,9;392,35;1.009;1.687;219395797,5
BGIK27;BRBMEFBGI815;AGRIBUSINESS;393;391,5;395,6;392,98;391,95;-0,46;391,15;-;393,8;-;-2,65;-874,5;390,5;392,35;19;20;2593717,5
BGIJ27;BRBMEFBGI849;AGRIBUSINESS;395,5;391,65;395,5;393,88;391,65;-0,4;390,8;-;393,25;-;-2,45;-808,5;390,5;393,55;3;3;389944,5
BGIM27;BRBMEFBGI831;AGRIBUSINESS;-;-;-;-;-;-;391,4;-;393,85;-;-2,45;-808,5;-;399,95;-;-;-
BGIV27;BRBMEFBGI856;AGRIBUSINESS;400;400;400;400;400;1,18;392,85;-;395,3;-;-2,45;-808,5;395,65;400;2;5;660000
AUSV26;BRBMEFAUS2M4;FINANCIAL;695,5;695,1;697,1;696,73;696,9;0,3;696,917;-;694,808;-;2,109;105,384621;-;-;7;291;10131209,75
AUSX26;BRBMEFAUS2N2;FINANCIAL;-;-;-;-;-;-;696,593;-;694,461;-;2,132;106,533908;-;-;-;-;-
AUSZ26;BRBMEFAUS2O0;FINANCIAL;-;-;-;-;-;-;696,314;-;694,181;-;2,133;106,583877;-;-;-;-;-
AUSF27;BRBMEFAUS2P7;FINANCIAL;-;-;-;-;-;-;696,031;-;693,909;-;2,122;106,034218;-;-;-;-;-
AUSG27;BRBMEFAUS2Q5;FINANCIAL;-;-;-;-;-;-;695,816;-;693,678;-;2,138;106,833722;-;-;-;-;-
CANV26;BRBMEFCAN2N9;FINANCIAL;-;-;-;-;-;-;1424,32;-;1424,564;-;-0,244;-8,552494508;-;-;-;-;-
CANX26;BRBMEFCAN2O7;FINANCIAL;-;-;-;-;-;-;1422,281;-;1422,472;-;-0,191;-6,694780537;-;-;-;-;-
CANZ26;BRBMEFCAN2P4;FINANCIAL;-;-;-;-;-;-;1420,212;-;1420,38;-;-0,168;-5,888602776;-;-;-;-;-
CANF27;BRBMEFCAN2Q2;FINANCIAL;-;-;-;-;-;-;1417,743;-;1417,973;-;-0,23;-8,06177761;-;-;-;-;-
CANG27;BRBMEFCAN2R0;FINANCIAL;-;-;-;-;-;-;1415,994;-;1416,151;-;-0,157;-5,503039499;-;-;-;-;-
EUPV26;BRBMEFEUP2M3;FINANCIAL;1121;1120;1122,95;1121,97;1122,95;-0,24;1122,103;-;1125,764;-;-3,661;-182,936509;1090;-;100;3.327;186524842,85
EUPX26;BRBMEFEUP2N1;FINANCIAL;-;-;-;-;-;-;1123,438;-;1127,182;-;-3,744;-187,083936;1090,3;-;-;-;-
EUPZ26;BRBMEFEUP2O9;FINANCIAL;-;-;-;-;-;-;1124,767;-;1128,607;-;-3,84;-191,88096;-;-;-;-;-
EUPF27;BRBMEFEUP2P6;FINANCIAL;-;-;-;-;-;-;1126,497;-;1130,217;-;-3,72;-185,88468;-;-;-;-;-
EUPG27;BRBMEFEUP2Q4;FINANCIAL;-;-;-;-;-;-;1127,771;-;1131,506;-;-3,735;-186,634215;-;-;-;-;-
JAPV26;BRBMEFJAP2M2;FINANCIAL;-;-;-;-;-;-;157763,725;-;157611,051;-;152,674;48,29689316;-;-;-;-;-
JAPX26;BRBMEFJAP2N0;FINANCIAL;-;-;-;-;-;-;157396,833;-;157225,681;-;171,152;54,14222368;-;-;-;-;-
JAPZ26;BRBMEFJAP2O8;FINANCIAL;-;-;-;-;-;-;157041,457;-;156846,304;-;195,153;61,73470002;-;-;-;-;-
JAPF27;BRBMEFJAP2P5;FINANCIAL;-;-;-;-;-;-;156587,564;-;156415,703;-;171,861;54,36650874;-;-;-;-;-
JAPG27;BRBMEFJAP2Q3;FINANCIAL;-;-;-;-;-;-;156250,742;-;156063,874;-;186,868;59,11382312;-;-;-;-;-
CNHV26;BRBMEFCNH2M4;FINANCIAL;-;-;-;-;-;-;6696,548;-;6698,152;-;-1,604;-11,955232748;-;-;-;-;-
CNHX26;BRBMEFCNH2N2;FINANCIAL;-;-;-;-;-;-;6682,006;-;6683,443;-;-1,437;-10,710517119;-;-;-;-;-
CNHZ26;BRBMEFCNH2O0;FINANCIAL;-;-;-;-;-;-;6666,866;-;6667,847;-;-0,981;-7,311772647;-;-;-;-;-
CNHF27;BRBMEFCNH2P7;FINANCIAL;-;-;-;-;-;-;6647,931;-;6649,473;-;-1,542;-11,493122754;-;-;-;-;-
CNHG27;BRBMEFCNH2Q5;FINANCIAL;-;-;-;-;-;-;6633,914;-;6634,451;-;-0,537;-4,002468819;-;-;-;-;-
GBRV26;BRBMEFGBR2M2;FINANCIAL;1319,7;1319,7;1320,9;1320,3;1320,9;-0,22;1321,607;-;1323,814;-;-2,207;-110,281583;-;-;2;12;791688,84
GBRX26;BRBMEFGBR2N0;FINANCIAL;-;-;-;-;-;-;1321,741;-;1323,936;-;-2,195;-109,681955;-;-;-;-;-
GBRZ26;BRBMEFGBR2O8;FINANCIAL;-;-;-;-;-;-;1321,818;-;1324,046;-;-2,228;-111,330932;-;-;-;-;-
GBRF27;BRBMEFGBR2P5;FINANCIAL;-;-;-;-;-;-;1321,931;-;1324,162;-;-2,231;-111,480839;-;-;-;-;-
GBRG27;BRBMEFGBR2Q3;FINANCIAL;-;-;-;-;-;-;1321,986;-;1324,198;-;-2,212;-110,531428;-;-;-;-;-
CHLN27;BRBMEFCHL2Q7;FINANCIAL;-;-;-;-;-;-;969314,7;-;988371,4;-;-19056,7;-980,9055191;-;-;-;-;-
CHLX26;BRBMEFCHL2V7;FINANCIAL;974800;974800;975800;975245,09;974900;-1,63;973110,4;-;991090;-;-17979,6;-925,4639508;-;-;5;1.029;51654555,56
CHLZ26;BRBMEFCHL2W5;FINANCIAL;-;-;-;-;-;-;972734,3;-;991910;-;-19175,7;-987,0308061;-;-;-;-;-
CHLF27;BRBMEFCHL2X3;FINANCIAL;-;-;-;-;-;-;972040;-;991280,6;-;-19240,6;-990,3714038;-;-;-;-;-
CHLG27;BRBMEFCHL2Y1;FINANCIAL;-;-;-;-;-;-;971449,3;-;990693,6;-;-19244,3;-990,5618539;-;-;-;-;-
CHLH27;BRBMEFCHL2Z8;FINANCIAL;-;-;-;-;-;-;970918;-;990165,6;-;-19247,6;-990,7317148;-;-;-;-;-
MEXV26;BRBMEFMEX2M3;FINANCIAL;18125;18125;18148;18144,42;18145;-0,45;18086,226;-;18228,713;-;-142,487;-394,100233716;-;-;49;815;40900842,81
MEXX26;BRBMEFMEX2N1;FINANCIAL;-;-;-;-;-;-;18125,234;-;18270,298;-;-145,064;-401,227875552;-;-;-;-;-
MEXZ26;BRBMEFMEX2O9;FINANCIAL;-;-;-;-;-;-;18161,19;-;18308,338;-;-147,148;-406,991944464;-;-;-;-;-
MEXF27;BRBMEFMEX2P6;FINANCIAL;-;-;-;-;-;-;18205,076;-;18349,722;-;-144,646;-400,071742728;-;-;-;-;-
MEXG27;BRBMEFMEX2Q4;FINANCIAL;-;-;-;-;-;-;18238,741;-;18384,994;-;-146,253;-404,516492604;-;-;-;-;-
AFSV26;BRBMEFAFS2M3;FINANCIAL;-;-;-;-;-;-;16652,6;-;16690,6;-;-38;-114,15238;-;-;-;-;-
AFSX26;BRBMEFAFS2N1;FINANCIAL;-;-;-;-;-;-;16686,6;-;16725,5;-;-38,9;-116,855989;-;-;-;-;-
AFSZ26;BRBMEFAFS2O9;FINANCIAL;-;-;-;-;-;-;16717,3;-;16757,6;-;-40,3;-121,061603;-;-;-;-;-
AFSF27;BRBMEFAFS2P6;FINANCIAL;-;-;-;-;-;-;16754,1;-;16793,2;-;-39,1;-117,456791;-;-;-;-;-
AFSG27;BRBMEFAFS2Q4;FINANCIAL;-;-;-;-;-;-;16783,7;-;16824;-;-40,3;-121,061603;-;-;-;-;-
ARSN27;BRBMEFARS2F3;FINANCIAL;-;-;-;-;-;-;1788869,1;-;1797432,9;-;-8563,8;-281,5263612;-;-;-;-;-
ARSX26;BRBMEFARS2K3;FINANCIAL;-;-;-;-;-;-;1543394,8;-;1550550;-;-7155,2;-235,2200448;-;-;-;-;-
ARSZ26;BRBMEFARS2L1;FINANCIAL;-;-;-;-;-;-;1566075,5;-;1579288,5;-;-13213;-434,364162;-;-;-;-;-
ARSF27;BRBMEFARS2M9;FINANCIAL;-;-;-;-;-;-;1602925;-;1609618,1;-;-6693,1;-220,0289694;-;-;-;-;-
ARSG27;BRBMEFARS2N7;FINANCIAL;-;-;-;-;-;-;1631681,4;-;1639467,4;-;-7786;-255,956964;-;-;-;-;-
ARSH27;BRBMEFARS2O5;FINANCIAL;-;-;-;-;-;-;1658002,9;-;1666804,8;-;-8801,9;-289,3536606;-;-;-;-;-
DDIF27;BRBMEFDDI4X7;FINANCIAL;-;-;-;-;-;-;94353,63;23,674;98653,53;-;-4299,9;-11230,90881;-;-;-;-;-
DDIF28;BRBMEFDDI4Z2;FINANCIAL;-;-;-;-;-;-;88922,97;9,856;92897,36;-;-3974,39;-10380,709241;-;-;-;-;-
DDIF29;BRBMEFDDI4W9;FINANCIAL;-;-;-;-;-;-;83427,54;8,721;87098,37;-;-3670,83;-9587,840877;-;-;-;-;-
DDIF30;BRBMEFDDI4Y5;FINANCIAL;-;-;-;-;-;-;78276,64;8,431;81674,53;-;-3397,89;-8874,948891;-;-;-;-;-
DDIF31;BRBMEFDDI693;FINANCIAL;-;-;-;-;-;-;73332,75;8,446;76578,68;-;-3245,93;-8478,044567;-;-;-;-;-
DDIF35;BRBMEFDDI6K9;FINANCIAL;-;-;-;-;-;-;56425,83;9,233;58915,03;-;-2489,2;-6501,54148;-;-;-;-;-
DDIF33;BRBMEFDDI6L7;FINANCIAL;-;-;-;-;-;-;64260,16;8,774;67163,85;-;-2903,69;-7584,147911;-;-;-;-;-
DDIF36;BRBMEFDDI6W4;FINANCIAL;-;-;-;-;-;-;52911,42;9,49;55239,54;-;-2328,12;-6080,816628;-;-;-;-;-
DDIF37;BRBMEFDDI776;FINANCIAL;-;-;-;-;-;-;49619,68;9,768;51799,04;-;-2179,36;-5692,270384;-;-;-;-;-
DDIF32;BRBMEFDDI792;FINANCIAL;-;-;-;-;-;-;68704,72;8,563;71757,48;-;-3052,76;-7973,503844;-;-;-;-;-
DDIF34;BRBMEFDDI7A8;FINANCIAL;-;-;-;-;-;-;60263,89;8,971;62926,04;-;-2662,15;-6953,269585;-;-;-;-;-
DDIJ27;BRBMEFDDI7C4;FINANCIAL;-;-;-;-;-;-;93133,15;14,912;97364,7;-;-4231,55;-11052,385445;-;-;-;-;-
DDIN27;BRBMEFDDI7F7;FINANCIAL;-;-;-;-;-;-;91769,3;12,003;95929,45;-;-4160,15;-10865,895785;-;-;-;-;-
DDIV27;BRBMEFDDI7I1;FINANCIAL;-;-;-;-;-;-;90336,17;10,668;94398,34;-;-4062,17;-10609,981823;-;-;-;-;-
DDIF38;BRBMEFDDI7M3;FINANCIAL;-;-;-;-;-;-;46534,96;10,066;48577,15;-;-2042,19;-5333,996061;-;-;-;-;-
DDIJ28;BRBMEFDDI7P6;FINANCIAL;-;-;-;-;-;-;87572,23;9,357;91433,11;-;-3860,88;-10084,232472;-;-;-;-;-
DDIN28;BRBMEFDDI7S0;FINANCIAL;-;-;-;-;-;-;86238,98;9,018;90020,8;-;-3781,82;-9877,735658;-;-;-;-;-
DDIV28;BRBMEFDDI7V4;FINANCIAL;-;-;-;-;-;-;84870,99;8,815;88557,76;-;-3686,77;-9629,474563;-;-;-;-;-
DDIF39;BRBMEFDDI7Y8;FINANCIAL;-;-;-;-;-;-;43673,56;10,38;45587,76;-;-1914,2;-4999,69898;-;-;-;-;-
DDIJ29;BRBMEFDDI818;FINANCIAL;-;-;-;-;-;-;82177,15;8,58;85798,45;-;-3621,3;-9458,47347;-;-;-;-;-
DDIN29;BRBMEFDDI826;FINANCIAL;-;-;-;-;-;-;80859,79;8,513;84373,55;-;-3513,76;-9177,589744;-;-;-;-;-
DDIV29;BRBMEFDDI875;FINANCIAL;-;-;-;-;-;-;79592;8,453;83017,39;-;-3425,39;-8946,776141;-;-;-;-;-
DDIF40;BRBMEFDDI8B4;FINANCIAL;-;-;-;-;-;-;41072,69;10,678;42870,31;-;-1797,62;-4695,203678;-;-;-;-;-
DDIN30;BRBMEFDDI8A6;FINANCIAL;-;-;-;-;-;-;75869,94;8,388;79166,32;-;-3296,38;-8609,814922;-;-;-;-;-
DDIJ30;BRBMEFDDI8E8;FINANCIAL;-;-;-;-;-;-;77066,23;8,409;80421,79;-;-3355,56;-8764,387164;-;-;-;-;-
DDIV30;BRBMEFDDI8I9;FINANCIAL;-;-;-;-;-;-;74610,69;8,408;77867,82;-;-3257,13;-8507,297847;-;-;-;-;-
DDIQ27;BRBMEFDDI8J7;FINANCIAL;-;-;-;-;-;-;91288,74;11,413;95410,83;-;-4122,09;-10766,486871;-;-;-;-;-
DDIZ26;BRBMEFDDI8L3;FINANCIAL;34,485;34,485;34,485;34,485;34,485;575,64;94873,7;34,126;99198,34;-;-4324,64;-11295,527216;-;-;1;1.000;247667070
DDIX26;BRBMEFDDI8M1;FINANCIAL;65,541;59,296;72,873;63,49;62,249;1192,27;95268,5;61,653;99613,43;-;-4344,93;-11348,522667;-;-;22;14.898;3701887509,02
DDIJ31;BRBMEFDDI9J5;FINANCIAL;-;-;-;-;-;-;72210,18;8,453;75400,77;-;-3190,59;-8333,502021;-;-;-;-;-
DDIN31;BRBMEFDDI9I7;FINANCIAL;-;-;-;-;-;-;71086,23;8,464;74223,91;-;-3137,68;-8195,306392;-;-;-;-;-
DDIV31;BRBMEFDDI9K3;FINANCIAL;-;-;-;-;-;-;69918,09;8,501;73025,36;-;-3107,27;-8115,878513;-;-;-;-;-
DDIF41;BRBMEFDDI9L1;FINANCIAL;-;-;-;-;-;-;38632,34;10,991;40324,54;-;-1692,2;-4419,85718;-;-;-;-;-
DDIG27;BRBMEFDDI9M9;FINANCIAL;22,151;22,151;22,151;22,151;22,151;309,44;93966,96;19,423;98243,05;-;-4276,09;-11168,719471;-;-;2;500;121685050
DDIX27;BRBMEFDDI9N7;FINANCIAL;-;-;-;-;-;-;89893,48;10,325;93912,96;-;-4019,48;-10498,479812;-;-;-;-;-
DDIX28;BRBMEFDDI9P2;FINANCIAL;-;-;-;-;-;-;84369,12;8,799;88043,4;-;-3674,28;-9596,851932;-;-;-;-;-
DDIX29;BRBMEFDDI9R8;FINANCIAL;-;-;-;-;-;-;79032,09;8,505;82449,9;-;-3417,81;-8926,977939;-;-;-;-;-
DDIZ27;BRBMEFDDI9O5;FINANCIAL;-;-;-;-;-;-;89430,76;10,082;93451,14;-;-4020,38;-10500,830522;-;-;-;-;-
DDIZ28;BRBMEFDDI9Q0;FINANCIAL;-;-;-;-;-;-;83848,85;8,8;87526,54;-;-3677,69;-9605,758511;-;-;-;-;-
DDIZ29;BRBMEFDDI9S6;FINANCIAL;-;-;-;-;-;-;78661,83;8,455;82058,62;-;-3396,79;-8872,075801;-;-;-;-;-
DDIH27;BRBMEFDDI9T4;FINANCIAL;-;-;-;-;-;-;93572,52;16,822;97824,41;-;-4251,89;-11105,511491;-;-;-;-;-
DDIK27;BRBMEFDDI9U2;FINANCIAL;-;-;-;-;-;-;92659,8;13,58;96857,39;-;-4197,59;-10963,685321;-;-;-;-;-
DDIM27;BRBMEFDDI9V0;FINANCIAL;-;-;-;-;-;-;92223,65;12,701;96396,74;-;-4173,09;-10899,693771;-;-;-;-;-
DDIU27;BRBMEFDDI9W8;FINANCIAL;-;-;-;-;-;-;90818,86;10,995;94915,26;-;-4096,4;-10699,38716;-;-;-;-;-
DCOF27;BRBMEFDCO1S6;FINANCIAL;-;-;-;-;-;-;94353,63;23,674;98653,53;-;-4299,9;-11230,90881;-;-;-;-;-
DCOF28;BRBMEFDCO1P2;FINANCIAL;-;-;-;-;-;-;88922,97;9,856;92897,36;-;-3974,39;-10380,709241;-;-;-;-;-
DCOF29;BRBMEFDCO1R8;FINANCIAL;-;-;-;-;-;-;83427,54;8,721;87098,37;-;-3670,83;-9587,840877;-;-;-;-;-
DCOF30;BRBMEFDCO1Q0;FINANCIAL;-;-;-;-;-;-;78276,64;8,431;81674,53;-;-3397,89;-8874,948891;-;-;-;-;-
DCOF31;BRBMEFDCO313;FINANCIAL;-;-;-;-;-;-;73332,75;8,446;76578,68;-;-3245,93;-8478,044567;-;-;-;-;-
DCOF35;BRBMEFDCO3C6;FINANCIAL;-;-;-;-;-;-;56425,83;9,233;58915,03;-;-2489,2;-6501,54148;-;-;-;-;-
DCOF33;BRBMEFDCO3D4;FINANCIAL;-;-;-;-;-;-;64260,16;8,774;67163,85;-;-2903,69;-7584,147911;-;-;-;-;-
DCOF36;BRBMEFDCO3O1;FINANCIAL;-;-;-;-;-;-;52911,42;9,49;55239,54;-;-2328,12;-6080,816628;-;-;-;-;-
DCOF37;BRBMEFDCO3Z7;FINANCIAL;-;-;-;-;-;-;49619,68;9,768;51799,04;-;-2179,36;-5692,270384;-;-;-;-;-
DCOF32;BRBMEFDCO412;FINANCIAL;-;-;-;-;-;-;68704,72;8,563;71757,48;-;-3052,76;-7973,503844;-;-;-;-;-
DCOF34;BRBMEFDCO420;FINANCIAL;-;-;-;-;-;-;60263,89;8,971;62926,04;-;-2662,15;-6953,269585;-;-;-;-;-
DCOJ27;BRBMEFDCO446;FINANCIAL;-;-;-;-;-;-;93133,15;14,912;97364,7;-;-4231,55;-11052,385445;-;-;-;-;-
DCON27;BRBMEFDCO479;FINANCIAL;-;-;-;-;-;-;91769,3;12,003;95929,45;-;-4160,15;-10865,895785;-;-;-;-;-
DCOV27;BRBMEFDCO4A8;FINANCIAL;-;-;-;-;-;-;90336,17;10,668;94398,34;-;-4062,17;-10609,981823;-;-;-;-;-
DCOF38;BRBMEFDCO4E0;FINANCIAL;-;-;-;-;-;-;46534,96;10,066;48577,15;-;-2042,19;-5333,996061;-;-;-;-;-
DCOJ28;BRBMEFDCO4H3;FINANCIAL;-;-;-;-;-;-;87572,23;9,357;91433,11;-;-3860,88;-10084,232472;-;-;-;-;-
DCON28;BRBMEFDCO4K7;FINANCIAL;-;-;-;-;-;-;86238,98;9,018;90020,8;-;-3781,82;-9877,735658;-;-;-;-;-
DCOV28;BRBMEFDCO4N1;FINANCIAL;-;-;-;-;-;-;84870,99;8,815;88557,76;-;-3686,77;-9629,474563;-;-;-;-;-
DCOF39;BRBMEFDCO4Q4;FINANCIAL;-;-;-;-;-;-;43673,56;10,38;45587,76;-;-1914,2;-4999,69898;-;-;-;-;-
DCOJ29;BRBMEFDCO4T8;FINANCIAL;-;-;-;-;-;-;82177,15;8,58;85798,45;-;-3621,3;-9458,47347;-;-;-;-;-
DCON29;BRBMEFDCO4U6;FINANCIAL;-;-;-;-;-;-;80859,79;8,513;84373,55;-;-3513,76;-9177,589744;-;-;-;-;-
DCOV29;BRBMEFDCO4Z5;FINANCIAL;-;-;-;-;-;-;79592;8,453;83017,39;-;-3425,39;-8946,776141;-;-;-;-;-
DCOF40;BRBMEFDCO537;FINANCIAL;-;-;-;-;-;-;41072,69;10,678;42870,31;-;-1797,62;-4695,203678;-;-;-;-;-
DCON30;BRBMEFDCO529;FINANCIAL;-;-;-;-;-;-;75869,94;8,388;79166,32;-;-3296,38;-8609,814922;-;-;-;-;-
DCOJ30;BRBMEFDCO560;FINANCIAL;-;-;-;-;-;-;77066,23;8,409;80421,79;-;-3355,56;-8764,387164;-;-;-;-;-
DCOV30;BRBMEFDCO5A5;FINANCIAL;-;-;-;-;-;-;74610,69;8,408;77867,82;-;-3257,13;-8507,297847;-;-;-;-;-
DCOQ27;BRBMEFDCO5B3;FINANCIAL;-;-;-;-;-;-;91288,74;11,413;95410,83;-;-4122,09;-10766,486871;-;-;-;-;-
DCOZ26;BRBMEFDCO5D9;FINANCIAL;-;-;-;-;-;-;94873,7;34,126;99198,34;-;-4324,64;-11295,527216;-;-;-;-;-
DCOX26;BRBMEFDCO5E7;FINANCIAL;-;-;-;-;-;-;95268,5;61,653;99613,43;-;-4344,93;-11348,522667;-;-;-;-;-
DCOJ31;BRBMEFDCO5G2;FINANCIAL;-;-;-;-;-;-;72210,18;8,453;75400,77;-;-3190,59;-8333,502021;-;-;-;-;-
DCON31;BRBMEFDCO5F4;FINANCIAL;-;-;-;-;-;-;71086,23;8,464;74223,91;-;-3137,68;-8195,306392;-;-;-;-;-
DCOV31;BRBMEFDCO5H0;FINANCIAL;-;-;-;-;-;-;69918,09;8,501;73025,36;-;-3107,27;-8115,878513;-;-;-;-;-
DCOF41;BRBMEFDCO5I8;FINANCIAL;-;-;-;-;-;-;38632,34;10,991;40324,54;-;-1692,2;-4419,85718;-;-;-;-;-
DCOG27;BRBMEFDCO5J6;FINANCIAL;-;-;-;-;-;-;93966,96;19,423;98243,05;-;-4276,09;-11168,719471;-;-;-;-;-
DCOX27;BRBMEFDCO5K4;FINANCIAL;-;-;-;-;-;-;89893,48;10,325;93912,96;-;-4019,48;-10498,479812;-;-;-;-;-
DCOX28;BRBMEFDCO5M0;FINANCIAL;-;-;-;-;-;-;84369,12;8,799;88043,4;-;-3674,28;-9596,851932;-;-;-;-;-
DCOX29;BRBMEFDCO5O6;FINANCIAL;-;-;-;-;-;-;79032,09;8,505;82449,9;-;-3417,81;-8926,977939;-;-;-;-;-
DCOZ27;BRBMEFDCO5L2;FINANCIAL;-;-;-;-;-;-;89430,76;10,082;93451,14;-;-4020,38;-10500,830522;-;-;-;-;-
DCOZ28;BRBMEFDCO5N8;FINANCIAL;-;-;-;-;-;-;83848,85;8,8;87526,54;-;-3677,69;-9605,758511;-;-;-;-;-
DCOZ29;BRBMEFDCO5P3;FINANCIAL;-;-;-;-;-;-;78661,83;8,455;82058,62;-;-3396,79;-8872,075801;-;-;-;-;-
DCOH27;BRBMEFDCO5Q1;FINANCIAL;-;-;-;-;-;-;93572,52;16,822;97824,41;-;-4251,89;-11105,511491;-;-;-;-;-
DCOK27;BRBMEFDCO5R9;FINANCIAL;-;-;-;-;-;-;92659,8;13,58;96857,39;-;-4197,59;-10963,685321;-;-;-;-;-
DCOM27;BRBMEFDCO5S7;FINANCIAL;-;-;-;-;-;-;92223,65;12,701;96396,74;-;-4173,09;-10899,693771;-;-;-;-;-
DCOU27;BRBMEFDCO5T5;FINANCIAL;-;-;-;-;-;-;90818,86;10,995;94915,26;-;-4096,4;-10699,38716;-;-;-;-;-
DI1F27;BRBMEFD1I4Z0;FINANCIAL;13,385;13,377;13,428;13,4;13,413;-0,86;97047,45;13,414;97023,81;-;23,64;23,64;13,41;13,413;15.303;1.352.523;131262739040,46
DI1F28;BRBMEFD1I4Y3;FINANCIAL;12,76;12,535;12,8;12,682;12,71;-5,91;86316,79;12,663;85523,95;-;792,84;792,84;12,7;12,72;84.777;1.372.385;118434832699,47
DI1F29;BRBMEFD1I4K2;FINANCIAL;12,85;12,48;12,87;12,667;12,65;-7,99;76866,07;12,593;75143,69;-;1722,38;1722,38;12,65;12,665;94.186;1.325.719;101752836117,77
DI1F30;BRBMEFD1I504;FINANCIAL;12,97;12,515;12,97;12,702;12,685;-8,81;68307,05;12,623;65860,76;-;2446,29;2446,29;12,675;12,69;42.202;297.501;20275503890,25
DI1F31;BRBMEFD1I686;FINANCIAL;13,02;12,565;13,02;12,745;12,7;-9,22;60580,89;12,654;57649,21;-;2931,68;2931,68;12,7;12,71;71.061;847.067;51142475376,63
DI1F35;BRBMEFD1I6J9;FINANCIAL;13,155;12,735;13,195;12,915;12,82;-9,27;37329,73;12,791;33888,9;-;3440,83;3440,83;12,815;12,82;34.847;171.234;6334892021,23
DI1F33;BRBMEFD1I678;FINANCIAL;13,135;12,705;13,135;12,878;12,805;-9,26;47434,28;12,769;44070,83;-;3363,45;3363,45;12,795;12,81;31.199;147.064;6934252751,38
DI1F36;BRBMEFD1I6W2;FINANCIAL;13,23;12,775;13,23;12,824;12,84;-9,12;33151,92;12,788;29744,53;-;3407,39;3407,39;-;-;126;1.309;43269851,96
DI1F37;BRBMEFD1I777;FINANCIAL;13,23;12,765;13,25;12,921;12,84;-9,32;29299,67;12,818;25976,6;-;3323,07;3323,07;12,84;12,845;11.742;91.643;2660421755,29
DI1F32;BRBMEFD1I793;FINANCIAL;13,095;12,65;13,095;12,782;12,76;-9,32;53609,86;12,721;50382,49;-;3227,37;3227,37;12,75;12,76;20.125;105.858;5658912571,67
DI1F34;BRBMEFD1I7A6;FINANCIAL;13,035;12,75;13,05;12,903;12,835;-9,17;42026,89;12,79;38594,24;-;3432,65;3432,65;12,805;13,185;315;2.321;96841247,99
DI1J27;BRBMEFD1I7C2;FINANCIAL;13,1;13,1;13,24;13,171;13,215;-2,11;94266,42;13,201;94147,77;-;118,65;118,65;13,22;13,225;33.444;473.059;44599193664,07
DI1N27;BRBMEFD1I7F5;FINANCIAL;12,975;12,875;13,06;12,971;13,04;-3,37;91510,66;12,994;91216,45;-;294,21;294,21;13,03;13,04;41.661;575.498;52671826306,38
DI1V27;BRBMEFD1I7I9;FINANCIAL;12,85;12,675;12,88;12,789;12,86;-4,71;88819,03;12,804;88285;-;534,03;534,03;12,84;12,865;14.060;215.005;19098877504,81
DI1F38;BRBMEFD1I7P4;FINANCIAL;12,95;12,83;12,95;12,831;12,83;-9,3;26044,12;12,804;22821,7;-;3222,42;3222,42;-;-;7;99;2571435,28
DI1J28;BRBMEFD1I7S8;FINANCIAL;12,695;12,485;12,76;12,605;12,655;-6,68;83841,49;12,609;82800,72;-;1040,77;1040,77;-;12,67;4.441;36.584;3067412205,69
DI1N28;BRBMEFD1I7V2;FINANCIAL;12,825;12,465;12,825;12,612;12,635;-7,28;81491,97;12,588;80208,8;-;1283,17;1283,17;12,625;12,645;33.088;185.873;15141512205,44
DI1V28;BRBMEFD1I7Y6;FINANCIAL;12,78;12,475;12,78;12,612;12,64;-7,64;79076,07;12,587;77568,1;-;1507,97;1507,97;12,63;12,655;4.017;25.999;2054968308,12
DI1F39;BRBMEFD1I819;FINANCIAL;12,87;12,81;12,87;12,81;12,81;-9,25;23173,83;12,774;20068,01;-;3105,82;3105,82;12,805;12,845;6;101;2331340,24
DI1J29;BRBMEFD1I843;FINANCIAL;12,66;12,52;12,705;12,595;12,695;-8,03;74664,44;12,609;72749,88;-;1914,56;1914,56;-;-;134;980;73192110,98
DI1N29;BRBMEFD1I850;FINANCIAL;12,93;12,525;12,96;12,651;12,685;-8,46;72454,23;12,624;70345,07;-;2109,16;2109,16;12,685;12,705;10.187;45.805;3316552213,38
DI1V29;BRBMEFD1I8A4;FINANCIAL;12,77;12,525;12,77;12,639;12,69;-8,6;70308,57;12,619;68016,37;-;2292,2;2292,2;12,67;12,695;350;2.806;197181451,9
DI1F40;BRBMEFD1I8E6;FINANCIAL;12,86;12,86;12,86;12,86;12,86;-8,8;20592,33;12,76;17623,27;-;2969,06;2969,06;-;-;1;1;20353,53
DI1N30;BRBMEFD1I8D8;FINANCIAL;12,85;12,55;12,89;12,696;12,71;-8,9;64429;12,636;61719,9;-;2709,1;2709,1;-;-;783;2.440;156895344,77
DI1J30;BRBMEFD1I8H9;FINANCIAL;12,69;12,55;12,695;12,622;12,685;-8,91;66371,52;12,622;63787,68;-;2583,84;2583,84;12,66;12,705;38;156;10353804,84
DI1V30;BRBMEFD1I8L1;FINANCIAL;12,705;12,58;12,71;12,651;12,71;-9,01;62441,11;12,641;59609;-;2832,11;2832,11;12,68;12,705;163;1.266;79020566,04
DI1Q27;BRBMEFD1I8M9;FINANCIAL;12,915;12,82;12,955;12,902;12,955;-3,99;90582,91;12,928;90215,09;-;367,82;367,82;12,955;12,98;45;6.153;557460364,23
DI1Z26;BRBMEFD1I8O5;FINANCIAL;13,565;13,502;13,565;13,524;13,527;-0,34;98105,06;13,527;98098,92;-;6,14;6,14;13,523;13,528;759;245.967;24130691853,99
DI1X26;BRBMEFD1I8P2;FINANCIAL;13,659;13,653;13,659;13,654;13,657;-0,04;99039,52;13,656;99039,08;-;0,44;0,44;13,657;13,658;546;139.378;13803942398,69
DI1J31;BRBMEFD1I8Q0;FINANCIAL;12,73;12,58;12,73;12,642;12,71;-9,18;58821,4;12,67;55837,54;-;2983,86;2983,86;12,695;12,72;65;210;12365904,39
DI1N31;BRBMEFD1I8R8;FINANCIAL;12,835;12,59;12,835;12,704;12,75;-8,98;57137,62;12,674;54065,83;-;3071,79;3071,79;-;12,73;334;798;45538179,64
DI1V31;BRBMEFD1I8S6;FINANCIAL;12,8;12,715;12,8;12,758;12,745;-9,2;55335,73;12,692;52177,3;-;3158,43;3158,43;12,72;12,75;15;200;11034674,05
DI1F41;BRBMEFD1I8T4;FINANCIAL;12,78;12,78;12,78;12,78;12,78;-9,31;18300,16;12,751;15478,65;-;2821,51;2821,51;-;-;1;1;18233,69
DI1G27;BRBMEFD1I8U2;FINANCIAL;13,32;13,295;13,355;13,323;13,33;-1,25;96102,68;13,34;96059,6;-;43,08;43,08;13,33;13,35;182;37.627;3616225114,45
DI1X27;BRBMEFD1I8V0;FINANCIAL;12,66;12,65;12,76;12,727;12,76;-5,47;88015,28;12,754;87400,63;-;614,65;614,65;12,78;12,815;16;3.867;340441612,64
DI1X28;BRBMEFD1I8X6;FINANCIAL;12,6;12,585;12,605;12,59;12,585;-8,21;78292,93;12,591;76709,83;-;1583,1;1583,1;-;-;6;81;6341829,42
DI1X29;BRBMEFD1I8Z1;FINANCIAL;-;-;-;-;-;-;69581,01;12,62;67234,26;-;2346,75;2346,75;-;12,75;-;-;-
DI1Z27;BRBMEFD1I8W8;FINANCIAL;13,53;12,595;13,53;12,689;12,71;-5,85;87224,96;12,704;86525,77;-;699,19;699,19;12,73;12,765;13;2.913;254122679,43
DI1Z28;BRBMEFD1I8Y4;FINANCIAL;-;-;-;-;-;-;77594,53;12,592;75938,79;-;1655,74;1655,74;-;-;-;-;-
DI1Z29;BRBMEFD1I900;FINANCIAL;13,955;12,56;13,955;13,257;12,56;-9,65;68958,38;12,621;66561,56;-;2396,82;2396,82;-;12,8;2;2;135540,7
DI1H27;BRBMEFD1I918;FINANCIAL;13,23;13,22;13,29;13,246;13,265;-1,71;95271,45;13,265;95195,84;-;75,61;75,61;13,265;13,285;176;20.229;1927365313,59
DI1K27;BRBMEFD1I926;FINANCIAL;13,105;13,065;13,11;13,093;13,105;-2,83;93331,99;13,126;93165,36;-;166,63;166,63;13,14;13,16;34;2.497;233086901,54
DI1M27;BRBMEFD1I934;FINANCIAL;13,035;12,955;13,07;13,019;13,07;-3,13;92463,11;13,049;92231,81;-;231,3;231,3;13,075;13,1;646;3.953;365566677,11
DI1U27;BRBMEFD1I942;FINANCIAL;12,835;12,755;12,92;12,842;12,92;-4,24;89674,46;12,861;89224,29;-;450,17;450,17;-;12,915;225;9.834;881992239,99
OC1F27;BRBMEFOC11Z8;FINANCIAL;-;-;-;-;-;-;97047,45;13,414;97023,81;-;23,64;23,64;-;-;-;-;-
OC1F28;BRBMEFOC11X3;FINANCIAL;-;-;-;-;-;-;86316,79;12,663;85523,95;-;792,84;792,84;-;-;-;-;-
OC1F29;BRBMEFOC11J2;FINANCIAL;-;-;-;-;-;-;76866,07;12,593;75143,69;-;1722,38;1722,38;-;-;-;-;-
OC1F30;BRBMEFOC11Y1;FINANCIAL;-;-;-;-;-;-;68307,05;12,623;65860,76;-;2446,29;2446,29;-;-;-;-;-
OC1F31;BRBMEFOC1364;FINANCIAL;-;-;-;-;-;-;60580,89;12,654;57649,21;-;2931,68;2931,68;-;-;-;-;-
OC1F35;BRBMEFOC13H2;FINANCIAL;-;-;-;-;-;-;37329,73;12,791;33888,9;-;3440,83;3440,83;-;-;-;-;-
OC1F33;BRBMEFOC13I0;FINANCIAL;-;-;-;-;-;-;47434,28;12,769;44070,83;-;3363,45;3363,45;-;-;-;-;-
OC1F36;BRBMEFOC13T7;FINANCIAL;-;-;-;-;-;-;33151,92;12,788;29744,53;-;3407,39;3407,39;-;-;-;-;-
OC1F37;BRBMEFOC1448;FINANCIAL;-;-;-;-;-;-;29299,67;12,818;25976,6;-;3323,07;3323,07;-;-;-;-;-
OC1F32;BRBMEFOC1463;FINANCIAL;-;-;-;-;-;-;53609,86;12,721;50382,49;-;3227,37;3227,37;-;-;-;-;-
OC1F34;BRBMEFOC1471;FINANCIAL;-;-;-;-;-;-;42026,89;12,79;38594,24;-;3432,65;3432,65;-;-;-;-;-
OC1J27;BRBMEFOC1497;FINANCIAL;-;-;-;-;-;-;94266,42;13,201;94147,77;-;118,65;118,65;-;-;-;-;-
OC1N27;BRBMEFOC14C1;FINANCIAL;-;-;-;-;-;-;91510,66;12,994;91216,45;-;294,21;294,21;-;-;-;-;-
OC1V27;BRBMEFOC14F4;FINANCIAL;-;-;-;-;-;-;88819,03;12,804;88285;-;534,03;534,03;-;-;-;-;-
OC1F38;BRBMEFOC14J6;FINANCIAL;-;-;-;-;-;-;26044,12;12,804;22821,7;-;3222,42;3222,42;-;-;-;-;-
OC1J28;BRBMEFOC14M0;FINANCIAL;-;-;-;-;-;-;83841,49;12,609;82800,72;-;1040,77;1040,77;-;-;-;-;-
OC1N28;BRBMEFOC14P3;FINANCIAL;-;-;-;-;-;-;81491,97;12,588;80208,8;-;1283,17;1283,17;-;-;-;-;-
OC1V28;BRBMEFOC14S7;FINANCIAL;-;-;-;-;-;-;79076,07;12,587;77568,1;-;1507,97;1507,97;-;-;-;-;-
OC1F39;BRBMEFOC14V1;FINANCIAL;-;-;-;-;-;-;23173,83;12,774;20068,01;-;3105,82;3105,82;-;-;-;-;-
OC1J29;BRBMEFOC14Y5;FINANCIAL;-;-;-;-;-;-;74664,44;12,609;72749,88;-;1914,56;1914,56;-;-;-;-;-
OC1N29;BRBMEFOC14Z2;FINANCIAL;-;-;-;-;-;-;72454,23;12,624;70345,07;-;2109,16;2109,16;-;-;-;-;-
OC1V29;BRBMEFOC1547;FINANCIAL;-;-;-;-;-;-;70308,57;12,619;68016,37;-;2292,2;2292,2;-;-;-;-;-
OC1F40;BRBMEFOC1588;FINANCIAL;-;-;-;-;-;-;20592,33;12,76;17623,27;-;2969,06;2969,06;-;-;-;-;-
OC1N30;BRBMEFOC1570;FINANCIAL;-;-;-;-;-;-;64429;12,636;61719,9;-;2709,1;2709,1;-;-;-;-;-
OC1J30;BRBMEFOC15B0;FINANCIAL;-;-;-;-;-;-;66371,52;12,622;63787,68;-;2583,84;2583,84;-;-;-;-;-
OC1V30;BRBMEFOC15F1;FINANCIAL;-;-;-;-;-;-;62441,11;12,641;59609;-;2832,11;2832,11;-;-;-;-;-
OC1Q27;BRBMEFOC15G9;FINANCIAL;-;-;-;-;-;-;90582,91;12,928;90215,09;-;367,82;367,82;-;-;-;-;-
OC1Z26;BRBMEFOC15I5;FINANCIAL;-;-;-;-;-;-;98105,06;13,527;98098,92;-;6,14;6,14;-;-;-;-;-
OC1X26;BRBMEFOC15J3;FINANCIAL;-;-;-;-;-;-;99039,52;13,656;99039,08;-;0,44;0,44;-;-;-;-;-
OC1J31;BRBMEFOC15L9;FINANCIAL;-;-;-;-;-;-;58821,4;12,67;55837,54;-;2983,86;2983,86;-;-;-;-;-
OC1N31;BRBMEFOC15K1;FINANCIAL;-;-;-;-;-;-;57137,62;12,674;54065,83;-;3071,79;3071,79;-;-;-;-;-
OC1V31;BRBMEFOC15M7;FINANCIAL;-;-;-;-;-;-;55335,73;12,692;52177,3;-;3158,43;3158,43;-;-;-;-;-
OC1F41;BRBMEFOC15N5;FINANCIAL;-;-;-;-;-;-;18300,16;12,751;15478,65;-;2821,51;2821,51;-;-;-;-;-
OC1G27;BRBMEFOC15O3;FINANCIAL;-;-;-;-;-;-;96102,68;13,34;96059,6;-;43,08;43,08;-;-;-;-;-
OC1X27;BRBMEFOC15P0;FINANCIAL;-;-;-;-;-;-;88015,28;12,754;87400,63;-;614,65;614,65;-;-;-;-;-
OC1X28;BRBMEFOC15R6;FINANCIAL;-;-;-;-;-;-;78292,93;12,591;76709,83;-;1583,1;1583,1;-;-;-;-;-
OC1X29;BRBMEFOC15T2;FINANCIAL;-;-;-;-;-;-;69581,01;12,62;67234,26;-;2346,75;2346,75;-;-;-;-;-
OC1Z27;BRBMEFOC15Q8;FINANCIAL;-;-;-;-;-;-;87224,96;12,704;86525,77;-;699,19;699,19;-;-;-;-;-
OC1Z28;BRBMEFOC15S4;FINANCIAL;-;-;-;-;-;-;77594,53;12,592;75938,79;-;1655,74;1655,74;-;-;-;-;-
OC1Z29;BRBMEFOC15U0;FINANCIAL;-;-;-;-;-;-;68958,38;12,621;66561,56;-;2396,82;2396,82;-;-;-;-;-
OC1H27;BRBMEFOC15V8;FINANCIAL;-;-;-;-;-;-;95271,45;13,265;95195,84;-;75,61;75,61;-;-;-;-;-
OC1K27;BRBMEFOC15W6;FINANCIAL;-;-;-;-;-;-;93331,99;13,126;93165,36;-;166,63;166,63;-;-;-;-;-
OC1M27;BRBMEFOC15X4;FINANCIAL;-;-;-;-;-;-;92463,11;13,049;92231,81;-;231,3;231,3;-;-;-;-;-
OC1U27;BRBMEFOC15Y2;FINANCIAL;-;-;-;-;-;-;89674,46;12,861;89224,29;-;450,17;450,17;-;-;-;-;-
DOLF27;BRBMEFDOL7G7;FINANCIAL;-;-;-;-;-;-;5078,799;-;5311,544;-;-232,745;-11637,25;-;-;-;-;-
DOLF29;BRBMEFDOL7K9;FINANCIAL;-;-;-;-;-;-;5669,716;-;6054,859;-;-385,143;-19257,15;-;-;-;-;-
DOLF28;BRBMEFDOL7J1;FINANCIAL;-;-;-;-;-;-;5381,523;-;5674,168;-;-292,645;-14632,25;-;-;-;-;-
DOLJ27;BRBMEFDOL7L7;FINANCIAL;-;-;-;-;-;-;5160,999;-;5402,291;-;-241,292;-12064,6;-;-;-;-;-
DOLF30;BRBMEFDOL7O1;FINANCIAL;-;-;-;-;-;-;5986,227;-;6478,082;-;-491,855;-24592,75;-;-;-;-;-
DOLN28;BRBMEFDOL7N3;FINANCIAL;-;-;-;-;-;-;5528,093;-;5862,832;-;-334,739;-16736,95;-;-;-;-;-
DOLN29;BRBMEFDOL7P8;FINANCIAL;-;-;-;-;-;-;5829,823;-;6265,549;-;-435,726;-21786,3;-;-;-;-;-
DOLN27;BRBMEFDOL7M5;FINANCIAL;-;-;-;-;-;-;5238,564;-;5493,705;-;-255,141;-12757,05;-;-;-;-;-
DOLV27;BRBMEFDOL7U8;FINANCIAL;-;-;-;-;-;-;5313,029;-;5585,525;-;-272,496;-13624,8;-;-;-;-;-
DOLN30;BRBMEFDOL7X2;FINANCIAL;-;-;-;-;-;-;6151,413;-;6700,417;-;-549,004;-27450,2;-;-;-;-;-
DOLJ28;BRBMEFDOL801;FINANCIAL;-;-;-;-;-;-;5456,247;-;5768,406;-;-312,159;-15607,95;-;-;-;-;-
DOLQ27;BRBMEFDOL843;FINANCIAL;-;-;-;-;-;-;5264,504;-;5524,653;-;-260,149;-13007,45;-;-;-;-;-
DOLZ26;BRBMEFDOL850;FINANCIAL;-;-;-;-;-;-;5051,74;-;5282,345;-;-230,605;-11530,25;5005;5069;-;-;-
DOLV28;BRBMEFDOL884;FINANCIAL;-;-;-;-;-;-;5606,615;-;5963,895;-;-357,28;-17864;-;-;-;-;-
DOLX26;BRBMEFDOL892;FINANCIAL;5005;4978,5;5033,5;5013,995;5025;-4,36;5024,898;-;5254,096;-;-229,198;-11459,9;5017;5025,5;48.338;552.730;138569295125
DOLJ29;BRBMEFDOL8B6;FINANCIAL;-;-;-;-;-;-;5749,417;-;6160,751;-;-411,334;-20566,7;-;-;-;-;-
DOLF31;BRBMEFDOL8C4;FINANCIAL;-;-;-;-;-;-;6323,374;-;6939,065;-;-615,691;-30784,55;-;-;-;-;-
DOLG27;BRBMEFDOL8D2;FINANCIAL;-;-;-;-;-;-;5107,71;-;5342,538;-;-234,828;-11741,4;-;-;-;-;-
DOLH27;BRBMEFDOL8E0;FINANCIAL;-;-;-;-;-;-;5130,646;-;5368,041;-;-237,395;-11869,75;-;-;-;-;-
DOLK27;BRBMEFDOL8F7;FINANCIAL;-;-;-;-;-;-;5186,177;-;5430,813;-;-244,636;-12231,8;-;-;-;-;-
DOLM27;BRBMEFDOL8G5;FINANCIAL;-;-;-;-;-;-;5210,272;-;5459,692;-;-249,42;-12471;-;-;-;-;-
DOLV29;BRBMEFDOL8H3;FINANCIAL;-;-;-;-;-;-;5913,542;-;6375,909;-;-462,367;-23118,35;-;-;-;-;-
DOLU27;BRBMEFDOL8I1;FINANCIAL;-;-;-;-;-;-;5290,464;-;5556,989;-;-266,525;-13326,25;-;-;-;-;-
SJCX26;BRBMEFSJC2Z9;AGRIBUSINESS;28,39;28,22;28,6;28,39;28,22;0,14;28,2352;-;28,1801;-;0,0551;123,8981355;28,23;28,27;55;247;15771333,2
SJCF27;BRBMEFSJC352;AGRIBUSINESS;28,76;28,65;28,9;28,72;28,65;0,39;28,6045;-;28,5384;-;0,0661;148,6327905;-;28,68;11;72;4651284,41
SJCH27;BRBMEFSJC360;AGRIBUSINESS;29;28,9;29,05;28,95;28,9;0,47;28,836;-;28,7643;-;0,0717;161,2249785;28,52;29,39;7;61;3971148,86
SJCK27;BRBMEFSJC378;AGRIBUSINESS;29,25;29,1;29,3;29,22;29,1;0,43;29,0454;-;28,9738;-;0,0716;161,000118;28,91;29,23;13;117;7687553,26
SJCN27;BRBMEFSJC386;AGRIBUSINESS;-;-;-;-;-;-;29,1777;-;29,1116;-;0,0661;148,6327905;-;-;-;-;-
SJCQ27;BRBMEFSJC3A0;AGRIBUSINESS;-;-;-;-;-;-;28,8084;-;28,7533;-;0,0551;123,8981355;-;-;-;-;-
SJCU27;BRBMEFSJC3B8;AGRIBUSINESS;-;-;-;-;-;-;27,9266;-;27,899;-;0,0276;62,061498;-;-;-;-;-
SJCF28;BRBMEFSJC3D4;AGRIBUSINESS;-;-;-;-;-;-;27,8715;-;27,8604;-;0,0111;24,9595155;-;-;-;-;-
SJCK28;BRBMEFSJC3E2;AGRIBUSINESS;-;-;-;-;-;-;27,8219;-;27,8274;-;-0,0055;-12,3673275;-;-;-;-;-
SJCX27;BRBMEFSJC3C6;AGRIBUSINESS;-;-;-;-;-;-;27,6345;-;27,629;-;0,0055;12,3673275;-;-;-;-;-
WDOJ27;BRBMEFWDO4V0;FINANCIAL;5277,5;5118,5;5288,5;5161,604;5179,5;-4,12;5160,999;-;5402,291;-;-241,292;-2412,92;-;-;79;115;5935845
WDOF27;BRBMEFWDO4W8;FINANCIAL;5099,5;5050;5100,5;5063,211;5080;-4,35;5078,799;-;5311,544;-;-232,745;-2327,45;5078;5087,5;251;423;21417385
WDON27;BRBMEFWDO4X6;FINANCIAL;-;-;-;-;-;-;5238,564;-;5493,705;-;-255,141;-2551,41;-;-;-;-;-
WDON28;BRBMEFWDO4Y4;FINANCIAL;-;-;-;-;-;-;5528,093;-;5862,832;-;-334,739;-3347,39;-;-;-;-;-
WDOF28;BRBMEFWDO4Z1;FINANCIAL;-;-;-;-;-;-;5381,523;-;5674,168;-;-292,645;-2926,45;-;-;-;-;-
WDOF29;BRBMEFWDO501;FINANCIAL;-;-;-;-;-;-;5669,716;-;6054,859;-;-385,143;-3851,43;-;-;-;-;-
WDOF30;BRBMEFWDO576;FINANCIAL;-;-;-;-;-;-;5986,227;-;6478,082;-;-491,855;-4918,55;-;-;-;-;-
WDON29;BRBMEFWDO568;FINANCIAL;-;-;-;-;-;-;5829,823;-;6265,549;-;-435,726;-4357,26;-;-;-;-;-
WDOV27;BRBMEFWDO592;FINANCIAL;-;-;-;-;-;-;5313,029;-;5585,525;-;-272,496;-2724,96;-;-;-;-;-
WDOJ28;BRBMEFWDO5D5;FINANCIAL;-;-;-;-;-;-;5456,247;-;5768,406;-;-312,159;-3121,59;-;-;-;-;-
WDON30;BRBMEFWDO5F0;FINANCIAL;-;-;-;-;-;-;6151,413;-;6700,417;-;-549,004;-5490,04;-;-;-;-;-
WDOQ27;BRBMEFWDO5G8;FINANCIAL;-;-;-;-;-;-;5264,504;-;5524,653;-;-260,149;-2601,49;-;-;-;-;-
WDOZ26;BRBMEFWDO5E3;FINANCIAL;5050;5006,5;5060;5039,695;5053;-4,34;5051,74;-;5282,345;-;-230,605;-2306,05;5052;5053;4.176;8.073;406854630
WDOV28;BRBMEFWDO5J2;FINANCIAL;-;-;-;-;-;-;5606,615;-;5963,895;-;-357,28;-3572,8;-;-;-;-;-
WDOX26;BRBMEFWDO5I4;FINANCIAL;5001,5;4978,5;5034;5012,742;5026;-4,34;5024,898;-;5254,096;-;-229,198;-2291,98;5026;5026,5;979.134;4.688.901;235042554165
WDOJ29;BRBMEFWDO5K0;FINANCIAL;-;-;-;-;-;-;5749,417;-;6160,751;-;-411,334;-4113,34;-;-;-;-;-
WDOG27;BRBMEFWDO5M6;FINANCIAL;5174,5;5085,5;5174,5;5103,61;5105,5;-4,43;5107,71;-;5342,538;-;-234,828;-2348,28;5101;-;86;218;11125870
WDOH27;BRBMEFWDO5L8;FINANCIAL;5159,5;5109,5;5167,5;5134,25;5167,5;-3,73;5130,646;-;5368,041;-;-237,395;-2373,95;-;-;68;106;5442305
WDOK27;BRBMEFWDO5O2;FINANCIAL;-;-;-;-;-;-;5186,177;-;5430,813;-;-244,636;-2446,36;-;-;-;-;-
WDOM27;BRBMEFWDO5N4;FINANCIAL;-;-;-;-;-;-;5210,272;-;5459,692;-;-249,42;-2494,2;-;-;-;-;-
WDOV29;BRBMEFWDO5P9;FINANCIAL;-;-;-;-;-;-;5913,542;-;6375,909;-;-462,367;-4623,67;-;-;-;-;-
WDOU27;BRBMEFWDO5Q7;FINANCIAL;-;-;-;-;-;-;5290,464;-;5556,989;-;-266,525;-2665,25;5250;-;-;-;-
FRCF27;BRBMEFFRC4U1;FINANCIAL;5,65;5,6;5,72;5,62;5,63;-0,35;-;5,63;-;-;-;-;-;-;40;37.022;4420877776,3
FRCF28;BRBMEFFRC4X5;FINANCIAL;6,11;6,03;6,11;6,03;6,03;-1,3;-;6,03;-;-;-;-;-;-;37;25.098;2907433104,9
FRCF29;BRBMEFFRC4V9;FINANCIAL;6,54;6,46;6,54;6,47;6,46;-1,22;-;6,46;-;-;-;-;-;6,45;41;19.114;2140931010,6
FRCF30;BRBMEFFRC4W7;FINANCIAL;6,84;6,76;6,84;6,76;6,78;-0,87;-;6,76;-;-;-;-;-;6,77;25;8.159;883189486,45
FRCF31;BRBMEFFRC667;FINANCIAL;7,12;7,07;7,12;7,07;7,08;-0,56;-;7,08;-;-;-;-;-;7,08;33;7.662;799873432,4
FRCF35;BRBMEFFRC6H3;FINANCIAL;8,31;8,31;8,31;8,31;8,31;-0,35;-;8,31;-;-;-;-;-;-;1;16;580783,9
FRCF33;BRBMEFFRC6I1;FINANCIAL;7,69;7,69;7,72;7,71;7,71;-0,12;-;7,71;-;-;-;-;-;7,71;12;1.473;57801107,05
FRCF36;BRBMEFFRC6T8;FINANCIAL;8,6;8,6;8,6;8,6;8,6;-0,46;-;8,61;-;-;-;-;-;-;1;16;562585,5
FRCF37;BRBMEFFRC741;FINANCIAL;-;-;-;-;-;-;-;8,92;-;-;-;-;-;-;-;-;-
FRCF32;BRBMEFFRC766;FINANCIAL;7,38;7,38;7,41;7,39;7,38;-0,4;-;7,38;-;-;-;-;-;-;4;946;38598423,5
FRCF34;BRBMEFFRC774;FINANCIAL;7,99;7,98;8,02;7,99;7,99;-0,37;-;7,99;-;-;-;-;-;-;11;2.399;90545312,65
FRCJ27;BRBMEFFRC790;FINANCIAL;5,58;5,54;5,58;5,54;5,54;-0,71;-;5,54;-;-;-;-;-;-;24;19.403;934374934,85
FRCN27;BRBMEFFRC7C2;FINANCIAL;5,76;5,72;5,76;5,72;5,72;-0,69;-;5,72;-;-;-;-;-;5,72;12;7.361;351817061,45
FRCV27;BRBMEFFRC7F5;FINANCIAL;5,99;5,92;5,99;5,92;5,92;-1,16;-;5,92;-;-;-;-;-;5,92;27;10.601;502581735,85
FRCF38;BRBMEFFRC7J7;FINANCIAL;-;-;-;-;-;-;-;9,24;-;-;-;-;-;-;-;-;-
FRCJ28;BRBMEFFRC7M1;FINANCIAL;6,23;6,12;6,23;6,12;6,12;-1,76;-;6,12;-;-;-;-;-;-;10;2.322;108327158,4
FRCN28;BRBMEFFRC7P4;FINANCIAL;6,31;6,2;6,31;6,23;6,2;-1,74;-;6,2;-;-;-;-;-;-;16;7.010;324326852
FRCV28;BRBMEFFRC7S8;FINANCIAL;6,43;6,29;6,43;6,33;6,31;-1,86;-;6,31;-;-;-;-;-;6,31;15;8.544;391998246,3
FRCF39;BRBMEFFRC7V2;FINANCIAL;-;-;-;-;-;-;-;9,57;-;-;-;-;-;-;-;-;-
FRCJ29;BRBMEFFRC7Y6;FINANCIAL;6,51;6,51;6,51;6,51;6,51;-1,06;-;6,51;-;-;-;-;-;-;3;317;14301138,85
FRCN29;BRBMEFFRC7Z3;FINANCIAL;6,69;6,6;6,69;6,6;6,6;-1,34;-;6,6;-;-;-;-;-;-;7;1.163;52001972,15
FRCV29;BRBMEFFRC840;FINANCIAL;6,67;6,67;6,67;6,67;6,67;-1,47;-;6,67;-;-;-;-;-;6,66;6;1.009;44736503,25
FRCF40;BRBMEFFRC881;FINANCIAL;-;-;-;-;-;-;-;9,88;-;-;-;-;-;-;-;-;-
FRCN30;BRBMEFFRC873;FINANCIAL;6,89;6,89;6,89;6,89;6,89;-1;-;6,89;-;-;-;-;-;-;3;234;10107596,2
FRCJ30;BRBMEFFRC8B2;FINANCIAL;6,83;6,78;6,83;6,8;6,78;-1,73;-;6,83;-;-;-;-;-;-;6;1.158;50462771,3
FRCV30;BRBMEFFRC8F3;FINANCIAL;-;-;-;-;-;-;-;6,98;-;-;-;-;-;-;-;-;-
FRCQ27;BRBMEFFRC8G1;FINANCIAL;5,83;5,77;5,83;5,79;5,77;-1,02;-;5,77;-;-;-;-;-;-;12;2.468;117632435,3
FRCZ26;BRBMEFFRC8I7;FINANCIAL;5,35;5,32;5,38;5,34;5,32;-1,11;-;5,35;-;-;-;-;-;-;237;128.177;6230522880,15
FRCJ31;BRBMEFFRC8L1;FINANCIAL;-;-;-;-;-;-;-;7,14;-;-;-;-;-;-;-;-;-
FRCN31;BRBMEFFRC8K3;FINANCIAL;7,2;7,2;7,2;7,2;7,2;-0,55;-;7,2;-;-;-;-;-;-;1;244;10154556
FRCV31;BRBMEFFRC8M9;FINANCIAL;-;-;-;-;-;-;-;7,28;-;-;-;-;-;-;-;-;-
FRCF41;BRBMEFFRC8N7;FINANCIAL;-;-;-;-;-;-;-;10,2;-;-;-;-;-;-;-;-;-
FRCG27;BRBMEFFRC8O5;FINANCIAL;5,54;5,53;5,6;5,54;5,54;-0,71;-;5,54;-;-;-;-;-;-;34;26.058;1260493572,9
FRCX27;BRBMEFFRC8P2;FINANCIAL;6,02;5,93;6,02;5,94;5,93;-1,49;-;5,93;-;-;-;-;-;5,93;11;2.545;120348078,45
FRCX28;BRBMEFFRC8R8;FINANCIAL;6,42;6,42;6,42;6,42;6,42;-1,07;-;6,38;-;-;-;-;-;6,37;2;113;5167375,85
FRCX29;BRBMEFFRC8T4;FINANCIAL;-;-;-;-;-;-;-;6,76;-;-;-;-;-;-;-;-;-
FRCZ27;BRBMEFFRC8Q0;FINANCIAL;6,04;5,98;6,04;5,98;5,98;-0,99;-;5,98;-;-;-;-;-;-;14;7.037;331894231,25
FRCZ28;BRBMEFFRC8S6;FINANCIAL;-;-;-;-;-;-;-;6,46;-;-;-;-;-;-;-;-;-
FRCZ29;BRBMEFFRC8U2;FINANCIAL;-;-;-;-;-;-;-;6,75;-;-;-;-;-;-;-;-;-
FRCH27;BRBMEFFRC8V0;FINANCIAL;5,53;5,53;5,53;5,53;5,53;-0,89;-;5,53;-;-;-;-;-;5,53;6;3.152;152149163,6
FRCK27;BRBMEFFRC8W8;FINANCIAL;5,6;5,6;5,61;5,6;5,61;-0,88;-;5,6;-;-;-;-;-;-;12;2.803;134632114,45
FRCM27;BRBMEFFRC8X6;FINANCIAL;5,66;5,66;5,66;5,66;5,66;-1,04;-;5,66;-;-;-;-;-;-;7;2.658;127361059,5
FRCU27;BRBMEFFRC8Y4;FINANCIAL;5,9;5,84;5,9;5,85;5,84;-1,01;-;5,84;-;-;-;-;-;-;6;2.832;134627286,5
FROF27;BRBMEFFRO1P3;FINANCIAL;-;-;-;-;-;-;-;5,63;-;-;-;-;-;-;-;-;-
FROF28;BRBMEFFRO1Q1;FINANCIAL;-;-;-;-;-;-;-;6,03;-;-;-;-;-;-;-;-;-
FROF29;BRBMEFFRO1O6;FINANCIAL;-;-;-;-;-;-;-;6,46;-;-;-;-;-;-;-;-;-
FROF30;BRBMEFFRO1R9;FINANCIAL;-;-;-;-;-;-;-;6,76;-;-;-;-;-;-;-;-;-
FROF31;BRBMEFFRO2Z0;FINANCIAL;-;-;-;-;-;-;-;7,08;-;-;-;-;-;-;-;-;-
FROF35;BRBMEFFRO3A1;FINANCIAL;-;-;-;-;-;-;-;8,31;-;-;-;-;-;-;-;-;-
FROF33;BRBMEFFRO3B9;FINANCIAL;-;-;-;-;-;-;-;7,71;-;-;-;-;-;-;-;-;-
FROF36;BRBMEFFRO3M6;FINANCIAL;-;-;-;-;-;-;-;8,61;-;-;-;-;-;-;-;-;-
FROF37;BRBMEFFRO3X3;FINANCIAL;-;-;-;-;-;-;-;8,92;-;-;-;-;-;-;-;-;-
FROF32;BRBMEFFRO3Z8;FINANCIAL;-;-;-;-;-;-;-;7,38;-;-;-;-;-;-;-;-;-
FROF34;BRBMEFFRO407;FINANCIAL;-;-;-;-;-;-;-;7,99;-;-;-;-;-;-;-;-;-
FROJ27;BRBMEFFRO423;FINANCIAL;-;-;-;-;-;-;-;5,54;-;-;-;-;-;-;-;-;-
FRON27;BRBMEFFRO456;FINANCIAL;-;-;-;-;-;-;-;5,72;-;-;-;-;-;-;-;-;-
FROV27;BRBMEFFRO480;FINANCIAL;-;-;-;-;-;-;-;5,92;-;-;-;-;-;-;-;-;-
FROF38;BRBMEFFRO4C5;FINANCIAL;-;-;-;-;-;-;-;9,24;-;-;-;-;-;-;-;-;-
FROJ28;BRBMEFFRO4F8;FINANCIAL;-;-;-;-;-;-;-;6,12;-;-;-;-;-;-;-;-;-
FRON28;BRBMEFFRO4I2;FINANCIAL;-;-;-;-;-;-;-;6,2;-;-;-;-;-;-;-;-;-
FROV28;BRBMEFFRO4L6;FINANCIAL;-;-;-;-;-;-;-;6,31;-;-;-;-;-;-;-;-;-
FROF39;BRBMEFFRO4O0;FINANCIAL;-;-;-;-;-;-;-;9,57;-;-;-;-;-;-;-;-;-
FROJ29;BRBMEFFRO4R3;FINANCIAL;-;-;-;-;-;-;-;6,51;-;-;-;-;-;-;-;-;-
FRON29;BRBMEFFRO4S1;FINANCIAL;-;-;-;-;-;-;-;6,6;-;-;-;-;-;-;-;-;-
FROV29;BRBMEFFRO4X1;FINANCIAL;-;-;-;-;-;-;-;6,67;-;-;-;-;-;-;-;-;-
FROF40;BRBMEFFRO514;FINANCIAL;-;-;-;-;-;-;-;9,88;-;-;-;-;-;-;-;-;-
FRON30;BRBMEFFRO506;FINANCIAL;-;-;-;-;-;-;-;6,89;-;-;-;-;-;-;-;-;-
FROJ30;BRBMEFFRO548;FINANCIAL;-;-;-;-;-;-;-;6,83;-;-;-;-;-;-;-;-;-
FROV30;BRBMEFFRO589;FINANCIAL;-;-;-;-;-;-;-;6,98;-;-;-;-;-;-;-;-;-
FROQ27;BRBMEFFRO597;FINANCIAL;-;-;-;-;-;-;-;5,77;-;-;-;-;-;-;-;-;-
FROZ26;BRBMEFFRO5B4;FINANCIAL;-;-;-;-;-;-;-;5,35;-;-;-;-;-;-;-;-;-
FROJ31;BRBMEFFRO5E8;FINANCIAL;-;-;-;-;-;-;-;7,14;-;-;-;-;-;-;-;-;-
FRON31;BRBMEFFRO5D0;FINANCIAL;-;-;-;-;-;-;-;7,2;-;-;-;-;-;-;-;-;-
FROV31;BRBMEFFRO5F5;FINANCIAL;-;-;-;-;-;-;-;7,28;-;-;-;-;-;-;-;-;-
FROF41;BRBMEFFRO5G3;FINANCIAL;-;-;-;-;-;-;-;10,2;-;-;-;-;-;-;-;-;-
FROG27;BRBMEFFRO5H1;FINANCIAL;-;-;-;-;-;-;-;5,54;-;-;-;-;-;-;-;-;-
FROX27;BRBMEFFRO5I9;FINANCIAL;-;-;-;-;-;-;-;5,93;-;-;-;-;-;-;-;-;-
FROX28;BRBMEFFRO5K5;FINANCIAL;-;-;-;-;-;-;-;6,38;-;-;-;-;-;-;-;-;-
FROX29;BRBMEFFRO5M1;FINANCIAL;-;-;-;-;-;-;-;6,76;-;-;-;-;-;-;-;-;-
FROZ27;BRBMEFFRO5J7;FINANCIAL;-;-;-;-;-;-;-;5,98;-;-;-;-;-;-;-;-;-
FROZ28;BRBMEFFRO5L3;FINANCIAL;-;-;-;-;-;-;-;6,46;-;-;-;-;-;-;-;-;-
FROZ29;BRBMEFFRO5N9;FINANCIAL;-;-;-;-;-;-;-;6,75;-;-;-;-;-;-;-;-;-
FROH27;BRBMEFFRO5O7;FINANCIAL;-;-;-;-;-;-;-;5,53;-;-;-;-;-;-;-;-;-
FROK27;BRBMEFFRO5P4;FINANCIAL;-;-;-;-;-;-;-;5,6;-;-;-;-;-;-;-;-;-
FROM27;BRBMEFFRO5Q2;FINANCIAL;-;-;-;-;-;-;-;5,66;-;-;-;-;-;-;-;-;-
FROU27;BRBMEFFRO5R0;FINANCIAL;-;-;-;-;-;-;-;5,84;-;-;-;-;-;-;-;-;-
SCSZ601;BRBMEFSCS4D1;FINANCIAL;-;-;-;-;-;-;-;34,126;-;-;-;-;-;-;-;-;-
SCSX603;BRBMEFSCS4C3;FINANCIAL;-;-;-;-;-;-;-;61,653;-;-;-;-;-;-;-;-;-
SCSF704;BRBMEFSCS4E9;FINANCIAL;-;-;-;-;-;-;-;23,674;-;-;-;-;-;-;-;-;-
NZLV26;BRBMEFNZL2M1;FINANCIAL;-;-;-;-;-;-;559,8;-;561,3;-;-1,5;-74,9535;-;-;-;-;-
NZLX26;BRBMEFNZL2N9;FINANCIAL;-;-;-;-;-;-;560,3;-;561,9;-;-1,6;-79,9504;-;-;-;-;-
NZLZ26;BRBMEFNZL2O7;FINANCIAL;-;-;-;-;-;-;560,8;-;562,3;-;-1,5;-74,9535;-;-;-;-;-
NZLF27;BRBMEFNZL2P4;FINANCIAL;-;-;-;-;-;-;561,3;-;562,9;-;-1,6;-79,9504;-;-;-;-;-
NZLG27;BRBMEFNZL2Q2;FINANCIAL;-;-;-;-;-;-;561,7;-;563,3;-;-1,6;-79,9504;-;-;-;-;-
SWIV26;BRBMEFSWI2M4;FINANCIAL;829,2;829,2;829,2;829,2;829,2;0,25;829,2;-;827,1;-;2,1;126,3210543;-;-;1;587;29278838,33
SWIX26;BRBMEFSWI2N2;FINANCIAL;-;-;-;-;-;-;826,4;-;824,2;-;2,2;132,3363426;-;-;-;-;-
SWIZ26;BRBMEFSWI2O0;FINANCIAL;-;-;-;-;-;-;823,7;-;821,3;-;2,4;144,3669192;-;-;-;-;-
SWIF27;BRBMEFSWI2P7;FINANCIAL;-;-;-;-;-;-;820,1;-;818;-;2,1;126,3210543;-;-;-;-;-
SWIG27;BRBMEFSWI2Q5;FINANCIAL;-;-;-;-;-;-;817,5;-;815,3;-;2,2;132,3363426;-;-;-;-;-
TUQV26;BRBMEFTUQ2M5;FINANCIAL;-;-;-;-;-;-;49651,9;-;49723,6;-;-71,7;-72,8960994;-;-;-;-;-
TUQX26;BRBMEFTUQ2N3;FINANCIAL;-;-;-;-;-;-;50773,4;-;50916,1;-;-142,7;-145,0805214;-;-;-;-;-
TUQZ26;BRBMEFTUQ2O1;FINANCIAL;-;-;-;-;-;-;51955,5;-;52018,9;-;-63,4;-64,4576388;-;-;-;-;-
TUQF27;BRBMEFTUQ2P8;FINANCIAL;-;-;-;-;-;-;53374,6;-;53293,6;-;81;82,351242;-;-;-;-;-
TUQG27;BRBMEFTUQ2Q6;FINANCIAL;-;-;-;-;-;-;54473,7;-;54516,9;-;-43,2;-43,9206624;-;-;-;-;-
NOKV26;BRBMEFNOK2M5;FINANCIAL;-;-;-;-;-;-;9595,65;-;9626,082;-;-30,432;-158,51070192;-;-;-;-;-
NOKX26;BRBMEFNOK2N3;FINANCIAL;-;-;-;-;-;-;9599,398;-;9630,138;-;-30,74;-160,1149769;-;-;-;-;-
NOKZ26;BRBMEFNOK2O1;FINANCIAL;-;-;-;-;-;-;9601,457;-;9632,947;-;-31,49;-164,02149065;-;-;-;-;-
NOKF27;BRBMEFNOK2P8;FINANCIAL;-;-;-;-;-;-;9603,345;-;9635,32;-;-31,975;-166,547702875;-;-;-;-;-
NOKG27;BRBMEFNOK2Q6;FINANCIAL;-;-;-;-;-;-;9605,856;-;9637,479;-;-31,623;-164,714245755;-;-;-;-;-
RUBN27;BRBMEFRUB2Q5;FINANCIAL;-;-;-;-;-;-;91697,932;-;90306,124;-;1391,808;815,325301824;-;-;-;-;-
RUBX26;BRBMEFRUB2V5;FINANCIAL;-;-;-;-;-;-;85847,456;-;84371;-;1476,456;864,912354168;-;-;-;-;-
RUBZ26;BRBMEFRUB2W3;FINANCIAL;-;-;-;-;-;-;86497,154;-;85096,7;-;1400,454;820,390154562;-;-;-;-;-
RUBF27;BRBMEFRUB2X1;FINANCIAL;-;-;-;-;-;-;87188,8;-;85722,521;-;1466,279;858,950637037;-;-;-;-;-
RUBG27;BRBMEFRUB2Y9;FINANCIAL;-;-;-;-;-;-;87931,713;-;86490,532;-;1441,181;844,248153343;-;-;-;-;-
RUBH27;BRBMEFRUB2Z6;FINANCIAL;-;-;-;-;-;-;88605,746;-;87187,623;-;1418,123;830,740707769;-;-;-;-;-
SEKV26;BRBMEFSEK2M2;FINANCIAL;-;-;-;-;-;-;10026,94;-;10026,373;-;0,567;2,822854293;-;-;-;-;-
SEKX26;BRBMEFSEK2N0;FINANCIAL;-;-;-;-;-;-;10008,751;-;10007,724;-;1,027;5,113000633;-;-;-;-;-
SEKZ26;BRBMEFSEK2O8;FINANCIAL;-;-;-;-;-;-;9991,482;-;9989,021;-;2,461;12,252282919;-;-;-;-;-
SEKF27;BRBMEFSEK2P5;FINANCIAL;-;-;-;-;-;-;9969,912;-;9967,881;-;2,031;10,111493949;-;-;-;-;-
SEKG27;BRBMEFSEK2Q3;FINANCIAL;-;-;-;-;-;-;9954,527;-;9951,345;-;3,182;15,841838378;-;-;-;-;-
SEKH27;BRBMEFSEK2R1;FINANCIAL;-;-;-;-;-;-;9936,607;-;9932,087;-;4,52;22,50317708;-;-;-;-;-
AUDV26;BRBMEFAUD5H4;FINANCIAL;-;-;-;-;-;-;3488,321;-;3640,6;-;-152,279;-9136,74;-;-;-;-;-
AUDX26;BRBMEFAUD5I2;FINANCIAL;-;-;-;-;-;-;3510,136;-;3659,074;-;-148,938;-8936,28;-;-;-;-;-
AUDZ26;BRBMEFAUD5J0;FINANCIAL;-;-;-;-;-;-;3526,151;-;3676,103;-;-149,952;-8997,12;-;-;-;-;-
AUDF27;BRBMEFAUD5K8;FINANCIAL;-;-;-;-;-;-;3545,053;-;3696,471;-;-151,418;-9085,08;-;-;-;-;-
AUDG27;BRBMEFAUD5L6;FINANCIAL;-;-;-;-;-;-;3561,105;-;3713,848;-;-152,743;-9164,58;-;-;-;-;-
CADV26;BRBMEFCAD5H6;FINANCIAL;-;-;-;-;-;-;3515,734;-;3679,244;-;-163,51;-9810,6;-;-;-;-;-
CADX26;BRBMEFCAD5I4;FINANCIAL;-;-;-;-;-;-;3543,9;-;3705,118;-;-161,218;-9673,08;-;-;-;-;-
CADZ26;BRBMEFCAD5J2;FINANCIAL;-;-;-;-;-;-;3566,546;-;3729,23;-;-162,684;-9761,04;-;-;-;-;-
CADF27;BRBMEFCAD5K0;FINANCIAL;-;-;-;-;-;-;3594,534;-;3758,969;-;-164,435;-9866,1;-;-;-;-;-
CADG27;BRBMEFCAD5L8;FINANCIAL;-;-;-;-;-;-;3616,15;-;3782,571;-;-166,421;-9985,26;-;-;-;-;-
NZDV26;BRBMEFNZD522;FINANCIAL;-;-;-;-;-;-;2802,002;-;2941,056;-;-139,054;-10429,05;-;-;-;-;-
NZDX26;BRBMEFNZD530;FINANCIAL;-;-;-;-;-;-;2823,355;-;2960,618;-;-137,263;-10294,725;-;-;-;-;-
NZDZ26;BRBMEFNZD548;FINANCIAL;-;-;-;-;-;-;2839,904;-;2977,715;-;-137,811;-10335,825;-;-;-;-;-
NZDF27;BRBMEFNZD555;FINANCIAL;-;-;-;-;-;-;2858,837;-;2998,584;-;-139,747;-10481,025;-;-;-;-;-
NZDG27;BRBMEFNZD563;FINANCIAL;-;-;-;-;-;-;2874,716;-;3015,825;-;-141,109;-10583,175;-;-;-;-;-
EURV26;BRBMEFEUR7N8;FINANCIAL;-;-;-;-;-;-;5616,534;-;5898,689;-;-282,155;-14107,75;-;-;-;-;-
EURX26;BRBMEFEUR7O6;FINANCIAL;-;-;-;-;-;-;5661,013;-;5939,057;-;-278,044;-13902,2;-;-;-;-;-
EURZ26;BRBMEFEUR7P3;FINANCIAL;-;-;-;-;-;-;5695,844;-;5976,65;-;-280,806;-14040,3;-;-;-;-;-
EURF27;BRBMEFEUR7Q1;FINANCIAL;-;-;-;-;-;-;5737,522;-;6020,697;-;-283,175;-14158,75;-;-;-;-;-
EURG27;BRBMEFEUR7R9;FINANCIAL;-;-;-;-;-;-;5771,799;-;6057,918;-;-286,119;-14305,95;-;-;-;-;-
CHFV26;BRBMEFCHF528;FINANCIAL;-;-;-;-;-;-;6036,376;-;6335,052;-;-298,676;-14933,8;-;-;-;-;-
CHFX26;BRBMEFCHF536;FINANCIAL;-;-;-;-;-;-;6097,539;-;6392,794;-;-295,255;-14762,75;-;-;-;-;-
CHFZ26;BRBMEFCHF544;FINANCIAL;-;-;-;-;-;-;6147,897;-;6447,824;-;-299,927;-14996,35;-;-;-;-;-
CHFF27;BRBMEFCHF551;FINANCIAL;-;-;-;-;-;-;6210,514;-;6512,258;-;-301,744;-15087,2;-;-;-;-;-
CHFG27;BRBMEFCHF569;FINANCIAL;-;-;-;-;-;-;6260,41;-;6566,727;-;-306,317;-15315,85;-;-;-;-;-
JPYV26;BRBMEFJPY5H7;FINANCIAL;3160;3160;3160;3160;3160;-4,94;3172,696;-;3324,463;-;-151,767;-7588,35;-;-;1;29;4582000
JPYX26;BRBMEFJPY5I5;FINANCIAL;-;-;-;-;-;-;3201,466;-;3351,196;-;-149,73;-7486,5;-;-;-;-;-
JPYZ26;BRBMEFJPY5J3;FINANCIAL;-;-;-;-;-;-;3224,641;-;3376,297;-;-151,656;-7582,8;-;-;-;-;-
JPYF27;BRBMEFJPY5K1;FINANCIAL;-;-;-;-;-;-;3252,648;-;3405,686;-;-153,038;-7651,9;-;-;-;-;-
JPYG27;BRBMEFJPY5L9;FINANCIAL;-;-;-;-;-;-;3275,431;-;3430,552;-;-155,121;-7756,05;-;-;-;-;-
CNYV26;BRBMEFCNY527;FINANCIAL;-;-;-;-;-;-;7650,398;-;7813,769;-;-163,371;-5717,985;-;-;-;-;-
CNYX26;BRBMEFCNY535;FINANCIAL;-;-;-;-;-;-;7541,135;-;7886,992;-;-345,857;-12104,995;-;-;-;-;-
CNYZ26;BRBMEFCNY543;FINANCIAL;-;-;-;-;-;-;7596,363;-;7945,991;-;-349,628;-12236,98;-;-;-;-;-
CNYF27;BRBMEFCNY550;FINANCIAL;-;-;-;-;-;-;7662,37;-;8015,276;-;-352,906;-12351,71;-;-;-;-;-
CNYG27;BRBMEFCNY568;FINANCIAL;-;-;-;-;-;-;7716,17;-;8073,57;-;-357,4;-12509;-;-;-;-;-
GBPV26;BRBMEFGBP5G9;FINANCIAL;-;-;-;-;-;-;6615,121;-;6936,417;-;-321,296;-11245,36;-;-;-;-;-
GBPX26;BRBMEFGBP5H7;FINANCIAL;-;-;-;-;-;-;6660,263;-;6975,742;-;-315,479;-11041,765;-;-;-;-;-
GBPZ26;BRBMEFGBP5I5;FINANCIAL;-;-;-;-;-;-;6693,716;-;7011,613;-;-317,897;-11126,395;-;-;-;-;-
GBPF27;BRBMEFGBP5J3;FINANCIAL;-;-;-;-;-;-;6732,913;-;7053,847;-;-320,934;-11232,69;-;-;-;-;-
GBPG27;BRBMEFGBP5K1;FINANCIAL;-;-;-;-;-;-;6765,771;-;7089,561;-;-323,79;-11332,65;-;-;-;-;-
TRYV26;BRBMEFTRY522;FINANCIAL;-;-;-;-;-;-;100,809;-;105,377;-;-4,568;-342,6;-;-;-;-;-
TRYX26;BRBMEFTRY530;FINANCIAL;-;-;-;-;-;-;99,245;-;103,483;-;-4,238;-317,85;-;-;-;-;-
TRYZ26;BRBMEFTRY548;FINANCIAL;-;-;-;-;-;-;97,468;-;101,801;-;-4,333;-324,975;-;-;-;-;-
TRYF27;BRBMEFTRY555;FINANCIAL;-;-;-;-;-;-;95,424;-;99,956;-;-4,532;-339,9;-;-;-;-;-
TRYG27;BRBMEFTRY563;FINANCIAL;-;-;-;-;-;-;93,951;-;98,205;-;-4,254;-319,05;-;-;-;-;-
CLPN27;BRBMEFCLP560;FINANCIAL;-;-;-;-;-;-;5404,4;-;5558,341;-;-153,941;-3848,525;-;-;-;-;-
CLPX26;BRBMEFCLP5B2;FINANCIAL;-;-;-;-;-;-;5163,749;-;5301,331;-;-137,582;-3439,55;-;-;-;-;-
CLPZ26;BRBMEFCLP5C0;FINANCIAL;-;-;-;-;-;-;5193,34;-;5325,428;-;-132,088;-3302,2;-;-;-;-;-
CLPF27;BRBMEFCLP5D8;FINANCIAL;-;-;-;-;-;-;5224,887;-;5358,265;-;-133,378;-3334,45;-;-;-;-;-
CLPG27;BRBMEFCLP5E6;FINANCIAL;-;-;-;-;-;-;5257,825;-;5392,725;-;-134,9;-3372,5;-;-;-;-;-
CLPH27;BRBMEFCLP5F3;FINANCIAL;-;-;-;-;-;-;5284,325;-;5421,357;-;-137,032;-3425,8;-;-;-;-;-
MXNV26;BRBMEFMXN5G7;FINANCIAL;-;-;-;-;-;-;2767,5;-;2874,433;-;-106,933;-8019,975;-;-;-;-;-
MXNX26;BRBMEFMXN5H5;FINANCIAL;-;-;-;-;-;-;2780,106;-;2883,883;-;-103,777;-7783,275;-;-;-;-;-
MXNZ26;BRBMEFMXN5I3;FINANCIAL;-;-;-;-;-;-;2788,376;-;2892,451;-;-104,075;-7805,625;-;-;-;-;-
MXNF27;BRBMEFMXN5J1;FINANCIAL;-;-;-;-;-;-;2797,705;-;2903,056;-;-105,351;-7901,325;-;-;-;-;-
MXNG27;BRBMEFMXN5K9;FINANCIAL;-;-;-;-;-;-;2806,052;-;2912,077;-;-106,025;-7951,875;-;-;-;-;-
ZARV26;BRBMEFZAR529;FINANCIAL;-;-;-;-;-;-;3005,755;-;3139,325;-;-133,57;-4674,95;-;-;-;-;-
ZARX26;BRBMEFZAR537;FINANCIAL;-;-;-;-;-;-;3019,792;-;3150,244;-;-130,452;-4565,82;-;-;-;-;-
ZARZ26;BRBMEFZAR545;FINANCIAL;-;-;-;-;-;-;3029,211;-;3160,117;-;-130,906;-4581,71;-;-;-;-;-
ZARF27;BRBMEFZAR552;FINANCIAL;-;-;-;-;-;-;3039,998;-;3172,134;-;-132,136;-4624,76;-;-;-;-;-
ZARG27;BRBMEFZAR560;FINANCIAL;-;-;-;-;-;-;3049,319;-;3182,271;-;-132,952;-4653,32;-;-;-;-;-
WEUV26;BRBMEFWEU522;FINANCIAL;5610;5610;5610;5610;5610;-4,89;5616,534;-;5898,689;-;-282,155;-2821,55;-;-;1;43;2412300
WEUX26;BRBMEFWEU530;FINANCIAL;-;-;-;-;-;-;5661,013;-;5939,057;-;-278,044;-2780,44;-;-;-;-;-
T10Z26;BRBMEFT102S6;FINANCIAL;104,244;104,016;104,332;104,181;104,229;-0,12;104,2187;-;104,3593;-;-0,1406;-701,01754;104,185;104,321;688;1.646;854994980,66
T10H27;BRBMEFT102T4;FINANCIAL;-;-;-;-;-;-;103,9687;-;104,125;-;-0,1563;-779,29617;102,952;-;-;-;-
ARBN27;BRBMEFARB2Q9;FINANCIAL;-;-;-;-;-;-;2,928;-;3,056;-;-0,128;-19,2;-;-;-;-;-
ARBX26;BRBMEFARB2V9;FINANCIAL;-;-;-;-;-;-;3,256;-;3,389;-;-0,133;-19,95;-;-;-;-;-
ARBZ26;BRBMEFARB2W7;FINANCIAL;-;-;-;-;-;-;3,226;-;3,345;-;-0,119;-17,85;-;-;-;-;-
ARBF27;BRBMEFARB2X5;FINANCIAL;-;-;-;-;-;-;3,168;-;3,3;-;-0,132;-19,8;-;-;-;-;-
ARBG27;BRBMEFARB2Y3;FINANCIAL;-;-;-;-;-;-;3,13;-;3,259;-;-0,129;-19,35;-;-;-;-;-
ARBH27;BRBMEFARB2Z0;FINANCIAL;-;-;-;-;-;-;3,094;-;3,221;-;-0,127;-19,05;-;-;-;-;-
SOYH27;BRBMEFSOY0O4;AGRIBUSINESS;-;-;-;-;-;-;477;-;473,6;-;3,4;576,37004;-;-;-;-;-
SOYX26;BRBMEFSOY0N6;AGRIBUSINESS;-;-;-;-;-;-;522,2;-;521,4;-;0,8;135,61648;-;-;-;-;-
SOYK27;BRBMEFSOY0Q9;AGRIBUSINESS;-;-;-;-;-;-;483,8;-;483;-;0,8;135,61648;-;-;-;-;-
TIEU27;BRBMEFTIE028;FINANCIAL;-;-;-;-;-;-;93611,667;7,121;93607,676;-;3,991;3,4337546295;-;-;-;-;-
TIEU30;BRBMEFTIE044;FINANCIAL;-;-;-;-;-;-;72642,573;9,389;72665,959;-;-23,386;-20,120718057;-;-;-;-;-
TIEZ27;BRBMEFTIE036;FINANCIAL;-;-;-;-;-;-;91859,671;7,317;91852,683;-;6,988;6,012297006;-;-;-;-;-
TIEZ30;BRBMEFTIE051;FINANCIAL;-;-;-;-;-;-;71032,901;9,564;71061,219;-;-28,318;-24,364085091;-;-;-;-;-
TIEH28;BRBMEFTIE077;FINANCIAL;-;-;-;-;-;-;90087,989;7,516;90077,448;-;10,541;9,0692076045;-;-;-;-;-
TIEH31;BRBMEFTIE085;FINANCIAL;-;-;-;-;-;-;69452,499;9,738;69485,781;-;-33,282;-28,634984109;-;-;-;-;-
TIEM28;BRBMEFTIE0A4;FINANCIAL;-;-;-;-;-;-;88169,113;7,729;88155,815;-;13,298;11,441260101;-;-;-;-;-
TIEM31;BRBMEFTIE0B2;FINANCIAL;-;-;-;-;-;-;67895,912;9,914;67936,34;-;-40,428;-34,783220286;-;-;-;-;-
TIEU28;BRBMEFTIE0D8;FINANCIAL;-;-;-;-;-;-;86388,627;7,922;86374,095;-;14,532;12,502962234;-;-;-;-;-
TIEU31;BRBMEFTIE0E6;FINANCIAL;-;-;-;-;-;-;66366,141;10,091;66415,912;-;-49,771;-42,8216992395;-;-;-;-;-
TIEZ26;BRBMEFTIE0F3;FINANCIAL;-;-;-;-;-;-;98700,899;6,581;98700,365;-;0,534;0,459439983;-;-;-;-;-
TIEZ28;BRBMEFTIE0G1;FINANCIAL;-;-;-;-;-;-;84619,956;8,108;84607,611;-;12,345;10,6213232025;-;-;-;-;-
TIEZ31;BRBMEFTIE0H9;FINANCIAL;-;-;-;-;-;-;64874,992;10,264;64931,859;-;-56,867;-48,9269166915;-;-;-;-;-
SFRU27;BRBMEFSF0021;FINANCIAL;-;-;-;-;-;-;95901,03;4,46;95912,967;-;-11,937;-11,92959906;-;-;-;-;-
SFRU30;BRBMEFSF0047;FINANCIAL;-;-;-;-;-;-;82953,873;5,123;83020,498;-;-66,625;-66,5836925;-;-;-;-;-
SFRZ27;BRBMEFSF0039;FINANCIAL;-;-;-;-;-;-;94755,494;4,57;94771,644;-;-16,15;-16,139987;-;-;-;-;-
SFRZ30;BRBMEFSF0054;FINANCIAL;-;-;-;-;-;-;81968,958;5,159;82038,374;-;-69,416;-69,37296208;-;-;-;-;-
SFRH28;BRBMEFSF0070;FINANCIAL;-;-;-;-;-;-;93617,767;4,657;93635,957;-;-18,19;-18,1787222;-;-;-;-;-
SFRH31;BRBMEFSF0088;FINANCIAL;-;-;-;-;-;-;80992,252;5,196;81070,229;-;-77,977;-77,92865426;-;-;-;-;-
SFRM28;BRBMEFSF00B6;FINANCIAL;-;-;-;-;-;-;92403,946;4,735;92425,452;-;-21,506;-21,49266628;-;-;-;-;-
SFRM31;BRBMEFSF00D2;FINANCIAL;-;-;-;-;-;-;80023,513;5,234;80110,25;-;-86,737;-86,68322306;-;-;-;-;-
SFRU28;BRBMEFSF00C4;FINANCIAL;-;-;-;-;-;-;91293,584;4,795;91319,761;-;-26,177;-26,16077026;-;-;-;-;-
SFRU31;BRBMEFSF00E0;FINANCIAL;-;-;-;-;-;-;79062,522;5,273;79158,184;-;-95,662;-95,60268956;-;-;-;-;-
SFRZ26;BRBMEFSF00F7;FINANCIAL;-;-;-;-;-;-;99380,191;3,939;99380,892;-;-0,701;-0,70056538;-;-;-;-;-
SFRZ28;BRBMEFSF00G5;FINANCIAL;-;-;-;-;-;-;90427,796;4,836;90458,218;-;-30,422;-30,40313836;-;-;-;-;-
SFRZ31;BRBMEFSF00H3;FINANCIAL;-;-;-;-;-;-;78275,847;5,306;78380,097;-;-104,25;-104,185365;-;-;-;-;-
VIXV26;BRBMEFIX00E4;FINANCIAL;-;-;-;-;-;-;24,47;-;32,63;-;-8,16;-816;-;-;-;-;-
VIXX26;BRBMEFIX00F1;FINANCIAL;-;-;-;-;-;-;24,47;-;32,63;-;-8,16;-816;-;-;-;-;-
INDZ26;BRBMEFIBV3Y7;FINANCIAL;211555;211300;214290;213679;214290;8,66;211953;-;197208;-;14745;14745;-;-;56;280;59830325
INDV26;BRBMEFIBV3Z4;FINANCIAL;211000;206235;211015;208560;207720;7,45;207793;-;193308;-;14485;14485;207720;208450;21.761;124.815;26031460925
INDG27;BRBMEFIBV400;FINANCIAL;-;-;-;-;-;-;215895;-;200973;-;14922;14922;-;-;-;-;-
INDJ27;BRBMEFIBV418;FINANCIAL;-;-;-;-;-;-;219643;-;204635;-;15008;15008;-;-;-;-;-
INDM27;BRBMEFIBV426;FINANCIAL;-;-;-;-;-;-;223753;-;208752;-;15001;15001;-;-;-;-;-
INDQ27;BRBMEFIBV434;FINANCIAL;-;-;-;-;-;-;228070;-;213147;-;14923;14923;-;-;-;-;-
INDV27;BRBMEFIBV442;FINANCIAL;-;-;-;-;-;-;231717;-;216941;-;14776;14776;-;-;-;-;-
INDZ27;BRBMEFIBV459;FINANCIAL;-;-;-;-;-;-;235876;-;221321;-;14555;14555;-;-;-;-;-
INDG28;BRBMEFIBV467;FINANCIAL;-;-;-;-;-;-;240386;-;226077;-;14309;14309;-;-;-;-;-
INDJ28;BRBMEFIBV475;FINANCIAL;-;-;-;-;-;-;244285;-;230203;-;14082;14082;-;-;-;-;-
INDM28;BRBMEFIBV483;FINANCIAL;-;-;-;-;-;-;248706;-;234912;-;13794;13794;-;-;-;-;-
INDQ28;BRBMEFIBV491;FINANCIAL;-;-;-;-;-;-;253453;-;239966;-;13487;13487;-;-;-;-;-
WINV26;BRBMEFWIN3Q8;FINANCIAL;210775;206290;211115;208645;207685;7,43;207793;-;193308;-;14485;2897;207685;207750;9.431.827;21.909.491;914263478267
WINZ26;BRBMEFWIN3R6;FINANCIAL;214000;210475;215000;212940;211850;7,42;211953;-;197208;-;14745;2949;211825;212350;17.462;37.527;1598201654
WINM27;BRBMEFWIN3S4;FINANCIAL;-;-;-;-;-;-;223753;-;208752;-;15001;3000,2;-;-;-;-;-
WINQ27;BRBMEFWIN3T2;FINANCIAL;-;-;-;-;-;-;228070;-;213147;-;14923;2984,6;-;-;-;-;-
WINV27;BRBMEFWIN3U0;FINANCIAL;-;-;-;-;-;-;231717;-;216941;-;14776;2955,2;-;-;-;-;-
WING28;BRBMEFWIN3V8;FINANCIAL;-;-;-;-;-;-;240386;-;226077;-;14309;2861,8;-;-;-;-;-
WINJ28;BRBMEFWIN3W6;FINANCIAL;-;-;-;-;-;-;244285;-;230203;-;14082;2816,4;-;-;-;-;-
WINM28;BRBMEFWIN3X4;FINANCIAL;-;-;-;-;-;-;248706;-;234912;-;13794;2758,8;-;-;-;-;-
WING27;BRBMEFWIN3Z9;FINANCIAL;214800;214370;218500;216896;215800;7,37;215895;-;200973;-;14922;2984,4;215435;216450;96;419;18175905
WINQ28;BRBMEFWIN3Y2;FINANCIAL;-;-;-;-;-;-;253453;-;239966;-;13487;2697,4;-;-;-;-;-
WINJ27;BRBMEFWIN403;FINANCIAL;-;-;-;-;-;-;219643;-;204635;-;15008;3001,6;-;-;-;-;-
BITV26;BRBMEFBIT0Z4;FINANCIAL;435740;427920;436500;431902,57;431440;-2,79;432730,41;-;443859,72;-;-11129,31;-111,2931;431440;432000;60.138;255.044;1101541592,8
BITX26;BRBMEFBIT107;FINANCIAL;-;-;-;-;-;-;435878,1;-;447088,36;-;-11210,26;-112,1026;-;-;-;-;-
ETRV26;BRBMEFET00G6;FINANCIAL;2729,1;2690,1;2747,9;2719,53;2718,1;1,68;2715,07;-;2672,98;-;42,09;52,57988025;2714,5;2727,6;1.545;3.929;13347984,01
ETRX26;BRBMEFET00H4;FINANCIAL;-;-;-;-;-;-;2715,07;-;2672,98;-;42,09;52,57988025;-;-;-;-;-
SOLV26;BRBMEFSO00I3;FINANCIAL;121,25;119,18;121,73;120,599;120,99;2,39;120,324;-;118,16;-;2,164;54,066458;120,58;121,65;2.042;6.000;18078657,77
SOLX26;BRBMEFSO00J1;FINANCIAL;-;-;-;-;-;-;120,324;-;118,16;-;2,164;54,066458;-;-;-;-;-
MBRV26;BRBMEFBP0077;FINANCIAL;-;-;-;-;-;-;1621,09;-;1507,81;-;113,28;1132,8;-;-;-;-;-
MBRZ26;BRBMEFBP0085;FINANCIAL;-;-;-;-;-;-;1621,09;-;1507,81;-;113,28;1132,8;-;-;-;-;-
ABEVOV26;BRABEV300044;FINANCIAL;16,59;16,59;16,77;16,68;16,7;4,96;16,57;-;15,91;-;0,66;0,66;-;-;3;3.000;50060
AXIAOV26;BRAXIA300007;FINANCIAL;61,41;61,13;62,02;61,62;61,66;7,87;61,63;-;57,16;-;4,47;4,47;-;-;226;153.900;9484559
B3SAOV26;BRB3SA300079;FINANCIAL;23,28;23,28;24,26;23,72;23,4;22,57;23,39;-;19,09;-;4,3;4,3;-;-;102;168.800;4004603
BBASOV26;BRBBAS300042;FINANCIAL;27,04;26,48;27,14;26,77;26,57;11,49;26,44;-;23,83;-;2,61;2,61;-;27,08;107;130.400;3491584
BHIAOV26;BRBHIA300048;FINANCIAL;-;-;-;-;-;-;1,4;-;1,37;-;0,03;0,03;-;-;-;-;-
COGNOV26;BRCOGN300086;FINANCIAL;2,71;2,71;2,72;2,71;2,72;11,47;2,7;-;2,44;-;0,26;0,26;-;-;3;5.000;13590
CSANOV26;BRCSAN300013;FINANCIAL;-;-;-;-;-;-;5,12;-;4,13;-;0,99;0,99;-;-;-;-;-
CSNAOV26;BRCSNA300047;FINANCIAL;6,69;6,37;6,69;6,46;6,47;4,69;6,44;-;6,18;-;0,26;0,26;-;-;17;6.500;42015
EMBJOV26;BREMBJ300004;FINANCIAL;96,7;93,69;96,7;94,98;94,52;-4,23;95,39;-;98,7;-;-3,31;-3,31;-;-;130;49.400;4692204
ENEVOV26;BRENEV300012;FINANCIAL;-;-;-;-;-;-;30,38;-;28,84;-;1,54;1,54;-;-;-;-;-
EQTLOV26;BREQTL300014;FINANCIAL;48,4;48,4;48,47;48,43;48,47;15,13;47,85;-;42,1;-;5,75;5,75;-;-;2;200;9687
HAPVOV26;BRHAPV300011;FINANCIAL;-;-;-;-;-;-;8,77;-;7,81;-;0,96;0,96;-;-;-;-;-
HYPEOV26;BRHYPE300071;FINANCIAL;27,69;27,14;28,17;27,78;27,2;7,63;27,06;-;25,27;-;1,79;1,79;-;-;112;13.500;375130
LRENOV26;BRLREN300043;FINANCIAL;13,44;13,44;14,06;13,9;14,06;19,05;13,62;-;11,81;-;1,81;1,81;-;-;5;2.500;34764
MBRFOV26;BRMBRF300011;FINANCIAL;-;-;-;-;-;-;17,84;-;17,05;-;0,79;0,79;-;-;-;-;-
MGLUOV26;BRMGLU300047;FINANCIAL;-;-;-;-;-;-;9,48;-;7,63;-;1,85;1,85;-;-;-;-;-
MOTVOV26;BRMOTV300014;FINANCIAL;20,1;19,76;20,1;19,82;19,84;12,91;19,41;-;17,57;-;1,84;1,84;-;-;17;7.900;156583
NATUOV26;BRNATU300010;FINANCIAL;-;-;-;-;-;-;7,92;-;7,46;-;0,46;0,46;-;-;-;-;-
PRIOOV26;BRPRIO300010;FINANCIAL;63,58;63,58;65,27;64,47;64,27;1,53;64,41;-;63,3;-;1,11;1,11;-;-;53;32.400;2088973
PSSAOV26;BRPSSA300070;FINANCIAL;51,69;49,64;52,15;51,29;51,58;3,78;51,75;-;49,7;-;2,05;2,05;-;-;184;24.600;1261892
RADLOV26;BRRADL300015;FINANCIAL;-;-;-;-;-;-;21,37;-;19,59;-;1,78;1,78;-;-;-;-;-
RAILOV26;BRRAIL300010;FINANCIAL;18,91;18,88;19,39;19,1;18,92;11,55;19;-;16,96;-;2,04;2,04;-;-;33;14.100;269334
RDOROV26;BRRDOR300013;FINANCIAL;44,38;43,81;45,03;44,52;43,81;9,52;43,91;-;40;-;3,91;3,91;-;-;179;76.300;3397447
RENTOV26;BRRENT300045;FINANCIAL;49,22;49,22;51,53;50,64;50,66;21,57;50,26;-;41,67;-;8,59;8,59;-;-;172;99.100;5019200
SBSPOV26;BRSBSP300012;FINANCIAL;31,39;31,38;31,88;31,66;31,88;12,41;31,63;-;28,36;-;3,27;3,27;-;-;7;1.500;47494
SUZBOV26;BRSUZB300040;FINANCIAL;42,34;41,61;42,77;42,23;42,14;-5,4;42,13;-;44,55;-;-2,42;-2,42;-;-;90;37.000;1562640
TIMSOV26;BRTIMS300017;FINANCIAL;-;-;-;-;-;-;19,35;-;18,63;-;0,72;0,72;-;-;-;-;-
USIMAV26;BRUSIM500076;FINANCIAL;7,56;7,34;7,56;7,42;7,49;-0,26;7,49;-;7,51;-;-0,02;-0,02;-;-;21;8.800;65313
VALEOV26;BRVALE300075;FINANCIAL;71,46;69,96;72,24;71,24;71,54;-1,22;71,69;-;72,43;-;-0,74;-0,74;-;-;208;192.400;13708287
VBBROV26;BRVBBR300014;FINANCIAL;39,83;38,81;40,37;39,45;38,81;1,27;38,51;-;38,32;-;0,19;0,19;-;-;78;49.700;1961042
VIVTOV26;BRVIVT300011;FINANCIAL;32,1;31,97;32,17;32,06;32,11;6,04;31,96;-;30,28;-;1,68;1,68;-;-;14;2.800;89777
WEGEOV26;BRWEGE300044;FINANCIAL;50,84;50,31;51,28;50,74;51,18;-0,96;51,46;-;51,68;-;-0,22;-0,22;-;-;89;42.300;2146676
ABEVOX26;BRABEV3Y0041;FINANCIAL;16,91;16,72;16,91;16,8;16,8;4,34;16,76;-;16,1;-;0,66;0,66;-;17;9;5.800;97451
AXIAOX26;BRAXIA3Y0024;FINANCIAL;62,15;61,91;62,72;62,42;62,42;7,93;62,35;-;57,83;-;4,52;4,52;-;-;130;446.600;27879026
B3SAOX26;BRB3SA3Y0079;FINANCIAL;24,37;23,61;24,48;24,08;23,75;22,99;23,66;-;19,31;-;4,35;4,35;-;24,5;78;124.900;3008293
BBASOX26;BRBBAS3Y0043;FINANCIAL;27,26;26,78;27,44;27,14;26,8;11,15;26,74;-;24,11;-;2,63;2,63;-;27,5;69;77.300;2098086
COGNOX26;BRCOGN3Y0083;FINANCIAL;2,76;2,76;2,76;2,76;2,76;11,74;2,73;-;2,47;-;0,26;0,26;-;-;1;2.000;5520
CSANOX26;BRCSAN3Y0012;FINANCIAL;-;-;-;-;-;-;5,16;-;4,17;-;0,99;0,99;-;-;-;-;-
CSNAOX26;BRCSNA3Y0046;FINANCIAL;6,71;6,4;6,71;6,59;6,5;4,5;6,48;-;6,22;-;0,26;0,26;-;-;11;2.900;19114
EMBJOX26;BREMBJ3Y0025;FINANCIAL;97,68;94,99;97,68;96,22;95,69;-4,16;96,49;-;99,85;-;-3,36;-3,36;-;-;121;46.000;4426414
ENEVOX26;BRENEV3Y0014;FINANCIAL;-;-;-;-;-;-;30,74;-;29,18;-;1,56;1,56;-;-;-;-;-
EQTLOX26;BREQTL3Y0016;FINANCIAL;-;-;-;-;-;-;48,41;-;42,59;-;5,82;5,82;-;-;-;-;-
HAPVOX26;BRHAPV3Y0010;FINANCIAL;-;-;-;-;-;-;8,81;-;7,84;-;0,97;0,97;-;-;-;-;-
HYPEOX26;BRHYPE3Y0073;FINANCIAL;27,99;27,95;28,42;28,14;27,96;9,34;27,37;-;25,57;-;1,8;1,8;-;-;38;5.200;146335
LRENOX26;BRLREN3Y0041;FINANCIAL;13,6;13,6;14,34;14,22;14,34;20;13,78;-;11,95;-;1,83;1,83;-;-;5;1.000;14224
MBRFOX26;BRMBRF3Y0017;FINANCIAL;-;-;-;-;-;-;17,97;-;17,23;-;0,74;0,74;-;-;-;-;-
MGLUOX26;BRMGLU3Y0042;FINANCIAL;-;-;-;-;-;-;9,56;-;7,69;-;1,87;1,87;-;-;-;-;-
MOTVOX26;BRMOTV3Y0013;FINANCIAL;20,36;19,98;20,36;20,1;20,05;12,83;19,63;-;17,77;-;1,86;1,86;-;-;11;5.800;116602
NATUOX26;BRNATU3Y0012;FINANCIAL;-;-;-;-;-;-;7,97;-;7,47;-;0,5;0,5;-;8;-;-;-
PRIOOX26;BRPRIO3Y0017;FINANCIAL;64,32;64,32;66;65,35;65;1,49;65,16;-;64,04;-;1,12;1,12;-;-;69;41.000;2679545
PSSAOX26;BRPSSA3Y0070;FINANCIAL;52,1;50,27;52,75;52,08;52,3;4,01;52,35;-;50,28;-;2,07;2,07;-;-;536;74.200;3864778
RADLOX26;BRRADL3Y0016;FINANCIAL;-;-;-;-;-;-;21,62;-;19,81;-;1,81;1,81;-;-;-;-;-
RAILOX26;BRRAIL3Y0015;FINANCIAL;19,31;19,1;19,62;19,35;19,17;11,77;19,22;-;17,15;-;2,07;2,07;-;-;32;16.900;327095
RDOROX26;BRRDOR3Y0014;FINANCIAL;44,87;44,39;45,53;45,27;44,48;9,9;44,42;-;40,47;-;3,95;3,95;-;-;221;89.200;4038265
RENTOX26;BRRENT3Y0044;FINANCIAL;49,96;49,96;51,32;50,89;51,18;21,42;50,84;-;42,15;-;8,69;8,69;-;-;22;8.700;442819
SBSPOX26;BRSBSP3Y0011;FINANCIAL;31,75;31,75;32,34;32,33;32,33;12,68;31,99;-;28,69;-;3,3;3,3;-;-;22;703.800;22759897
SUZBOX26;BRSUZB3Y0040;FINANCIAL;42,82;42,06;43,37;42,64;42,73;-5,19;42,62;-;45,07;-;-2,45;-2,45;-;-;100;35.500;1513737
TIMSOX26;BRTIMS3Y0011;FINANCIAL;-;-;-;-;-;-;19,57;-;18,85;-;0,72;0,72;-;-;-;-;-
USIMAX26;BRUSIM5Y0074;FINANCIAL;7,63;7,41;7,65;7,54;7,58;-0,26;7,58;-;7,6;-;-0,02;-0,02;-;-;25;9.800;73922
VALEOX26;BRVALE3Y0073;FINANCIAL;72,49;70,85;73,07;71,99;72,55;-0,98;72,52;-;73,27;-;-0,75;-0,75;71;-;196;205.100;14766625
VBBROX26;BRVBBR3Y0017;FINANCIAL;40,35;39,28;40,86;39,83;39,28;1,31;38,95;-;38,77;-;0,18;0,18;-;-;89;52.600;2095314
VIVTOX26;BRVIVT3Y0016;FINANCIAL;32,46;32,33;32,74;32,45;32,4;5,77;32,33;-;30,63;-;1,7;1,7;-;-;27;5.200;168763
WEGEOX26;BRWEGE3Y0040;FINANCIAL;51,42;50,89;51,93;51,3;51,93;-0,66;52,05;-;52,28;-;-0,23;-0,23;-;-;154;76.300;3914342
BPACIV26;BRBPAC100014;FINANCIAL;-;-;-;-;-;-;81,22;-;66,32;-;14,9;14,9;-;-;-;-;-
CMIGPV26;BRCMIG400075;FINANCIAL;12,19;12,07;12,19;12,11;12,07;5,32;12,03;-;11,46;-;0,57;0,57;-;-;7;4.200;50886
BBDCPV26;BRBBDC400045;FINANCIAL;21,6;21,58;22,07;21,74;21,9;13,35;21,93;-;19,32;-;2,61;2,61;-;-;20;34.600;752317
GGBRPV26;BRGGBR400040;FINANCIAL;26,57;25,47;26,57;25,94;26,06;-0,61;25,89;-;26,22;-;-0,33;-0,33;-;-;59;29.300;760189
ITSAPV26;BRITSA400043;FINANCIAL;16,27;16,16;16,42;16,29;16,38;11,12;16,43;-;14,74;-;1,69;1,69;-;-;30;23.200;377939
ITUBPV26;BRITUB400048;FINANCIAL;50,31;49,6;50,59;50,11;50,08;11,21;49,68;-;45,03;-;4,65;4,65;-;-;138;193.100;9676624
KLBNIV26;BRKLBN100013;FINANCIAL;-;-;-;-;-;-;18,53;-;18,7;-;-0,17;-0,17;-;-;-;-;-
PETRPV26;BRPETR400074;FINANCIAL;54,25;54,04;56,89;54,91;55,59;8,15;55,58;-;51,4;-;4,18;4,18;48,6;57,98;197;778.400;42748060
BBDCPX26;BRBBDC4Y0040;FINANCIAL;21,96;21,96;22,4;22,14;22,4;14,69;22,17;-;19,53;-;2,64;2,64;-;-;9;11.900;263560
BOVAEX26;BRBOVABVE020;FINANCIAL;-;-;-;-;-;-;207,46;-;193,05;-;14,41;14,41;-;-;-;-;-
BOVVEX26;BRBOVVOVE029;FINANCIAL;-;-;-;-;-;-;217,54;-;202,09;-;15,45;15,45;-;-;-;-;-
BPACIX26;BRBPAC1Y0015;FINANCIAL;-;-;-;-;-;-;82,16;-;67,09;-;15,07;15,07;-;-;-;-;-
CMIGPX26;BRCMIG4Y0078;FINANCIAL;12,34;12,33;12,41;12,36;12,36;6,55;12,17;-;11,6;-;0,57;0,57;-;-;6;4.000;49440
BOVAEV26;BRBOVABVE012;FINANCIAL;-;-;-;-;-;-;205,15;-;190,86;-;14,29;14,29;-;-;-;-;-
BOVVEV26;BRBOVVOVE011;FINANCIAL;-;-;-;-;-;-;215,06;-;199,78;-;15,28;15,28;-;-;-;-;-
HASHEV26;BRHASHHAE051;FINANCIAL;-;-;-;-;-;-;55,77;-;57,98;-;-2,21;-2,21;-;-;-;-;-
GGBRPX26;BRGGBR4Y0040;FINANCIAL;26,86;25,74;26,88;26,24;26,27;-0,98;26,2;-;26,53;-;-0,33;-0,33;-;-;123;75.900;1992319
ITSAPX26;BRITSA4Y0049;FINANCIAL;16,41;16,33;16,63;16,46;16,52;10,79;16,62;-;14,91;-;1,71;1,71;-;-;20;12.600;207397
ITUBPX26;BRITUB4Y0043;FINANCIAL;50,97;50,2;51,19;50,64;50,94;11,8;50,26;-;45,56;-;4,7;4,7;-;-;17;20.400;1033068
KLBNIX26;BRKLBN1Y0010;FINANCIAL;-;-;-;-;-;-;18,75;-;18,92;-;-0,17;-0,17;-;-;-;-;-
PETRPX26;BRPETR4Y0071;FINANCIAL;54,33;54,33;57,44;56,32;56,27;8,21;56,23;-;52;-;4,23;4,23;-;-;146;245.200;13809806
HASHEX26;BRHASHHAE069;FINANCIAL;-;-;-;-;-;-;56,42;-;58,65;-;-2,23;-2,23;-;-;-;-;-
ESXZ26;BRBMEFESX0J7;FINANCIAL;-;-;-;-;-;-;6255;-;6254;-;1;56,0352365998;-;-;-;-;-
ESXH27;BRBMEFESX0K5;FINANCIAL;-;-;-;-;-;-;6292;-;6291;-;1;56,0352365998;-;-;-;-;-
ESXM27;BRBMEFESX0L3;FINANCIAL;-;-;-;-;-;-;6238;-;6237;-;1;56,0352365998;-;-;-;-;-
DAXZ26;BRBMEFDAX0L4;FINANCIAL;-;-;-;-;-;-;25394;-;25375;-;19;532,3347476981;-;-;-;-;-
DAXH27;BRBMEFDAX0M2;FINANCIAL;-;-;-;-;-;-;25614;-;25596;-;18;504,3171293982;-;-;-;-;-
DAXM27;BRBMEFDAX0N0;FINANCIAL;-;-;-;-;-;-;25912;-;25895;-;17;476,2995110983;-;-;-;-;-
ISPZ26;BRBMEFISP1P8;FINANCIAL;7781;7773,5;7849,25;7825,46;7836,5;0,68;7833,5;-;7783,5;-;50;12492,25;-;7889,75;171;404;789881657,05
ISPH27;BRBMEFISP1R4;FINANCIAL;-;-;-;-;-;-;7912,75;-;7862,25;-;50,5;12617,1725;-;-;-;-;-
ISPM27;BRBMEFISP1S2;FINANCIAL;-;-;-;-;-;-;7993,25;-;7944,75;-;48,5;12117,4825;-;-;-;-;-
BRIZ26;BRBMEFBRI3W7;FINANCIAL;-;-;-;-;-;-;35678;-;33141;-;2537;25370;-;-;-;-;-
BRIG27;BRBMEFBRI3X5;FINANCIAL;-;-;-;-;-;-;36410;-;33834;-;2576;25760;-;-;-;-;-
WSPZ26;BRBMEFWSP0W8;FINANCIAL;7807,5;7770,75;7853;7825,19;7837;0,68;7833,5;-;7783,5;-;50;624,6125;7835,75;7837,5;5.715;12.817;1252916430,64
WSPH27;BRBMEFWSP0Z1;FINANCIAL;-;-;-;-;-;-;7912,75;-;7862,25;-;50,5;630,858625;-;-;-;-;-
WSPM27;BRBMEFWSP100;FINANCIAL;-;-;-;-;-;-;7993,25;-;7944,75;-;48,5;605,874125;-;-;-;-;-
XFIV26;BRBMEFXFI0N0;FINANCIAL;-;-;-;-;-;-;3927,4;-;3875,5;-;51,9;519;-;-;-;-;-
XFIZ26;BRBMEFXFI0O8;FINANCIAL;-;-;-;-;-;-;3927,4;-;3875,5;-;51,9;519;-;-;-;-;-
SMLV26;BRBMEFSM00F3;FINANCIAL;-;-;-;-;-;-;2568,95;-;2353,2;-;215,75;2157,5;-;-;-;-;-
SMLZ26;BRBMEFSM00G1;FINANCIAL;-;-;-;-;-;-;2568,95;-;2353,2;-;215,75;2157,5;-;-;-;-;-
SMLG27;BRBMEFSM00H9;FINANCIAL;-;-;-;-;-;-;2568,95;-;2353,2;-;215,75;2157,5;-;-;-;-;-
SMLJ27;BRBMEFSM00I7;FINANCIAL;-;-;-;-;-;-;2568,95;-;2353,2;-;215,75;2157,5;-;-;-;-;-
SMLM27;BRBMEFSM00J5;FINANCIAL;-;-;-;-;-;-;2568,95;-;2353,2;-;215,75;2157,5;-;-;-;-;-
SMLQ27;BRBMEFSM00K3;FINANCIAL;-;-;-;-;-;-;2568,95;-;2353,2;-;215,75;2157,5;-;-;-;-;-
SMLV27;BRBMEFSM00L1;FINANCIAL;-;-;-;-;-;-;2568,95;-;2353,2;-;215,75;2157,5;-;-;-;-;-
SMLZ27;BRBMEFSM00M9;FINANCIAL;-;-;-;-;-;-;2568,95;-;2353,2;-;215,75;2157,5;-;-;-;-;-
SMLG28;BRBMEFSM00N7;FINANCIAL;-;-;-;-;-;-;2568,95;-;2353,2;-;215,75;2157,5;-;-;-;-;-
SMLJ28;BRBMEFSM00O5;FINANCIAL;-;-;-;-;-;-;2568,95;-;2353,2;-;215,75;2157,5;-;-;-;-;-
SMLM28;BRBMEFSM00P2;FINANCIAL;-;-;-;-;-;-;2568,95;-;2353,2;-;215,75;2157,5;-;-;-;-;-
SMLQ28;BRBMEFSM00Q0;FINANCIAL;-;-;-;-;-;-;2568,95;-;2353,2;-;215,75;2157,5;-;-;-;-;-
DIFF29F31;BRBMEFDIF0L8;FINANCIAL;13,24;12,7;13,275;12,9066;12,745;-11,52;-;-;-;-;-;-;-;-;7;4.515;304507676,5
DIFF31F33;BRBMEFDIF0M6;FINANCIAL;13,4;13;13,46;13,4197;13,02;-7,62;-;-;-;-;-;-;-;-;6;1.561;81694336,87
DIFF30F31;BRBMEFDIF0R5;FINANCIAL;13,085;12,49;13,085;12,7875;12,49;-12,96;-;-;-;-;-;-;-;-;2;18;1149379,74
DIFN27F28;BRBMEFDIF1K8;FINANCIAL;12,27;12,025;12,28;12,1011;12,28;-9,83;-;-;-;-;-;-;-;-;9;32.573;2893963521,18
DIFF31F32;BRBMEFDIF151;FINANCIAL;12,715;12,715;13,335;13,1357;13,335;-7,39;-;-;-;-;-;-;-;-;2;28;1588099,96
DIFF28F29;BRBMEFDIF136;FINANCIAL;12,6;12,6;12,64;12,6379;12,64;-10,35;-;-;-;-;-;-;-;-;3;22.721;1845706350,92
DIFF27N27;BRBMEFDIF128;FINANCIAL;12,76;12,76;12,76;12,76;12,76;-6,03;-;-;-;-;-;-;-;-;1;6.208;584805575,68
DIFF27F28;BRBMEFDIF102;FINANCIAL;12,53;12,53;12,531;12,53;12,531;-7,04;-;-;-;-;-;-;-;-;4;20.000;1826510356,62
DIFF33F35;BRBMEFDIF433;FINANCIAL;12,91;12,905;12,915;12,91;12,905;-6,78;-;-;-;-;-;-;-;-;3;114;4735879,96
DIFN29F30;BRBMEFDIF6C4;FINANCIAL;12,7;12,7;12,715;12,7062;12,715;-10,39;-;-;-;-;-;-;-;-;5;1.510;105959259,44
DIFF29N29;BRBMEFDIF6D2;FINANCIAL;12,85;12,85;12,86;12,8511;12,86;-10,16;-;-;-;-;-;-;-;-;5;1.424;106018468,33
DIIF27F29;BRBMEFDII015;FINANCIAL;-0,54;-0,892;-0,54;-0,712;-0,892;-579,56;-;-;-;-;-;-;-0,799;-0,734;123;19.590;1851916954,51
DIIF31F33;BRBMEFDII0H3;FINANCIAL;0,12;0,08;0,205;0,121;0,1;-9,09;-;-;-;-;-;-;0,095;0,1;4.650;121.716;6590581414,11
DIIF31F32;BRBMEFDII0G5;FINANCIAL;0,07;0,05;0,095;0,069;0,055;-26,66;-;-;-;-;-;-;0,05;0,055;2.706;104.278;5949234477,37
DIIF29F31;BRBMEFDII0O9;FINANCIAL;0,165;0,05;0,185;0,087;0,055;-76,08;-;-;-;-;-;-;0,05;0,065;7.676;316.565;22193766314,93
DIIF30F31;BRBMEFDII0U6;FINANCIAL;0,05;0,02;0,065;0,039;0,02;-75;-;-;-;-;-;-;0,015;0,025;4.683;172.337;11122982414,3
DIIN27F28;BRBMEFDII197;FINANCIAL;-0,235;-0,355;-0,195;-0,294;-0,32;-1700;-;-;-;-;-;-;-0,33;-0,315;3.352;193.614;17331266224,51
DIIF27N27;BRBMEFDII189;FINANCIAL;-0,41;-0,516;-0,374;-0,414;-0,374;419,44;-;-;-;-;-;-;-0,415;-0,357;585;119.159;11392429505,18
DIIJ27N27;BRBMEFDII163;FINANCIAL;-0,175;-0,245;-0,165;-0,204;-0,185;825;-;-;-;-;-;-;-0,19;-0,175;2.503;191.083;17801905574,23
DIIF27J27;BRBMEFDII155;FINANCIAL;-0,217;-0,27;-0,196;-0,231;-0,196;378,04;-;-;-;-;-;-;-0,199;-0,186;761;147.418;14167322349,16
DIIF27F28;BRBMEFDII1I9;FINANCIAL;-0,62;-0,858;-0,62;-0,732;-0,692;2668;-;-;-;-;-;-;-0,713;-0,684;621;80.972;7700813273,59
DIIF29F30;BRBMEFDII1K5;FINANCIAL;0,14;0,025;0,14;0,051;0,04;-73,33;-;-;-;-;-;-;0,03;0,04;4.424;181.327;13232306766,71
DIIF28F29;BRBMEFDII1J7;FINANCIAL;0,09;-0,08;0,1;-0,021;-0,055;-124,44;-;-;-;-;-;-;-0,06;-0,055;9.150;605.750;50042456108,26
DIIF32F33;BRBMEFDII1L3;FINANCIAL;0,065;0,03;0,075;0,048;0,04;0;-;-;-;-;-;-;0,035;0,045;1.371;35.964;1811290788,98
DIIF33F34;BRBMEFDII1M1;FINANCIAL;0,03;0,01;0,035;0,016;0,015;-25;-;-;-;-;-;-;0,01;0,02;154;2.331;103604755,54
DIIF29F33;BRBMEFDII1Q2;FINANCIAL;0,29;0,18;0,29;0,214;0,18;-47,82;-;-;-;-;-;-;-;-;15;8.545;560245124,27
DIIN27V27;BRBMEFDII2I7;FINANCIAL;-0,135;-0,205;-0,135;-0,18;-0,18;-;-;-;-;-;-;-;-0,185;-0,175;1.668;97.086;8773408557,56
DIIV27F28;BRBMEFDII2J5;FINANCIAL;-0,075;-0,155;-0,075;-0,129;-0,145;-825;-;-;-;-;-;-;-0,145;-0,135;1.785;91.405;8015951959,05
DIIF28J28;BRBMEFDII2K3;FINANCIAL;-0,02;-0,055;-0,02;-0,042;-0,055;-200;-;-;-;-;-;-;-0,065;-0,05;887;50.171;4272684592,7
DIIF28F30;BRBMEFDII2N7;FINANCIAL;0,185;-0,04;0,185;0,033;-0,035;-109,45;-;-;-;-;-;-;-0,035;-0,005;431;17.532;1406748747,58
DIIV27J28;BRBMEFDII2V0;FINANCIAL;-0,155;-0,195;-0,155;-0,173;-0,175;-600;-;-;-;-;-;-;-;-;11;2.654;230348974,03
DIIF28F31;BRBMEFDII2X6;FINANCIAL;0,255;-0,015;0,255;0,047;0,005;-98,91;-;-;-;-;-;-;-0,015;0,01;3.128;175.423;13758326659,31
DIIF28F33;BRBMEFDII2Y4;FINANCIAL;0,105;0,105;0,11;0,109;0,11;-79,24;-;-;-;-;-;-;-;-;2;2.160;162800998,97
DIIN28F29;BRBMEFDII353;FINANCIAL;0,105;0,005;0,105;0,013;0,015;-86,95;-;-;-;-;-;-;0,01;0,015;2.969;110.114;8739443413,94
DIIJ28N28;BRBMEFDII346;FINANCIAL;-0,005;-0,025;-0,005;-0,012;-0,015;-123,07;-;-;-;-;-;-;-0,025;-0,015;558;22.227;1838633699,79
DIIN27N28;BRBMEFDII3R6;FINANCIAL;-0,24;-0,415;-0,24;-0,403;-0,38;-445,45;-;-;-;-;-;-;-0,42;-0,38;33;47.948;4230369828,52
DIIN28V28;BRBMEFDII3Y2;FINANCIAL;0,01;-0,005;0,01;0,004;0,01;-84,61;-;-;-;-;-;-;0;0,005;372;14.596;1172209962,84
DIIV28F29;BRBMEFDII3Z9;FINANCIAL;0,015;0,005;0,02;0,013;0,01;-80;-;-;-;-;-;-;0,005;0,015;458;23.952;1866650166,95
DIIF33F35;BRBMEFDII460;FINANCIAL;0,035;-0,005;0,075;0,028;0,01;-50;-;-;-;-;-;-;0,01;0,015;3.856;107.946;4541242274,25
DIIF33F37;BRBMEFDII478;FINANCIAL;0,105;0,01;0,105;0,025;0,025;-50;-;-;-;-;-;-;0,025;0,045;609;19.013;722916389,19
DIIF28N28;BRBMEFDII4H5;FINANCIAL;-0,04;-0,08;0,01;-0,056;-0,075;-165,21;-;-;-;-;-;-;-0,08;-0,07;3.471;147.502;12423389853,27
DIIF27V27;BRBMEFDII5C3;FINANCIAL;-0,6;-0,603;-0,6;-0,6;-0,603;-;-;-;-;-;-;-;-;-;2;30.616;2917856876,05
DIIF34F35;BRBMEFDII5G4;FINANCIAL;0,005;-0,005;0,005;0,002;-;-;-;-;-;-;-;-;-0,01;0;124;3.839;152186664,21
DIIF31F35;BRBMEFDII5I0;FINANCIAL;0,14;0,085;0,28;0,143;0,105;-19,23;-;-;-;-;-;-;0,1;0,11;1.956;51.369;2545470677,86
DIIF28F35;BRBMEFDII5J8;FINANCIAL;0,16;0,16;0,16;0,16;0,16;-74,6;-;-;-;-;-;-;-;-;2;722;52540144
DIIF30F32;BRBMEFDII5K6;FINANCIAL;0,16;0,085;0,16;0,107;0,095;-34,48;-;-;-;-;-;-;0,06;0,09;45;843;51948341,45
DIIF29F35;BRBMEFDII5Q3;FINANCIAL;0,185;0,185;0,23;0,211;0,23;-40,25;-;-;-;-;-;-;-;-;4;9.045;559292945,77
DIIF29F32;BRBMEFDII5O8;FINANCIAL;0,19;0,16;0,19;0,17;0,16;-52,94;-;-;-;-;-;-;-;-;3;2.721;184027293,35
DIIF29J29;BRBMEFDII692;FINANCIAL;0,03;0,015;0,03;0,016;0,02;-63,63;-;-;-;-;-;-;0,015;0,03;5;1.119;84820115,22
DIIF30F33;BRBMEFDII6B3;FINANCIAL;0,21;0,125;0,21;0,167;0,13;4;-;-;-;-;-;-;-;-;4;4.583;270845755,61
DIIF29N29;BRBMEFDII6H0;FINANCIAL;0,065;0,02;0,085;0,041;0,035;-66,66;-;-;-;-;-;-;0,035;0,045;1.056;35.311;2639241007,17
DIIN29F30;BRBMEFDII6G2;FINANCIAL;0,025;-0,005;0,04;0,003;0,005;-90;-;-;-;-;-;-;-0,005;0,005;891;28.047;1975562294,87
DIIJ27F28;BRBMEFDII6O6;FINANCIAL;-0,51;-0,51;-0,51;-0,51;-0,51;-10300;-;-;-;-;-;-;-0,53;-0,485;2;334;30690373,18
DIIJ29N29;BRBMEFDII6Q1;FINANCIAL;0,02;0,02;0,02;0,02;0,02;-63,63;-;-;-;-;-;-;0,015;0,025;2;31;2277219,84
DIIN28F30;BRBMEFDII6T5;FINANCIAL;0,055;0,055;0,055;0,055;0,055;-83,33;-;-;-;-;-;-;-;-;1;516;39384661,39
DIIF29V29;BRBMEFDII7C9;FINANCIAL;0,04;0,04;0,04;0,04;0,04;-65,21;-;-;-;-;-;-;-;-;1;2.208;163258340,48
DIIN29V29;BRBMEFDII7E5;FINANCIAL;-0,005;-0,005;-0,005;-0,005;-0,005;-125;-;-;-;-;-;-;-;-;3;30;2137619,5
DIIF32F35;BRBMEFDII809;FINANCIAL;0,115;0,035;0,115;0,06;0,05;-23,07;-;-;-;-;-;-;0,03;0,06;39;9.026;410932857,41
DIIF30N30;BRBMEFDII858;FINANCIAL;0,015;0,005;0,025;0,012;0,01;-71,42;-;-;-;-;-;-;0,005;0,01;74;1.850;122704975,07
DIIN30F31;BRBMEFDII866;FINANCIAL;0,03;0,015;0,035;0,021;0,015;-62,5;-;-;-;-;-;-;0,01;0,015;99;2.823;176083035,99
DIIN29F31;BRBMEFDII8D5;FINANCIAL;0,03;0,03;0,03;0,03;0,03;-79,31;-;-;-;-;-;-;-;-;1;250;16787297
DIIF35F36;BRBMEFDII8J2;FINANCIAL;0,015;0,015;0,02;0,018;0,02;-200;-;-;-;-;-;-;-;-;2;30;1043036,05
DIIF35F37;BRBMEFDII8K0;FINANCIAL;0,045;0,01;0,085;0,037;0,015;-40;-;-;-;-;-;-;0,015;0,025;598;29.786;977262262,04
DIIV30F31;BRBMEFDIIAI8;FINANCIAL;0,02;0,01;0,02;0,013;0,01;-71,42;-;-;-;-;-;-;-;-;4;5.861;360439025,4
DIIN27Q27;BRBMEFDIIAM0;FINANCIAL;-0,065;-0,065;-0,065;-0,065;-0,065;-1400;-;-;-;-;-;-;-;-;2;64;5828157,54
DIIQ27V27;BRBMEFDIIAN8;FINANCIAL;-0,12;-0,12;-0,12;-0,12;-0,12;-1300;-;-;-;-;-;-;-;-;2;44;3949779,08
DIIZ26F27;BRBMEFDIIAT5;FINANCIAL;-0,12;-0,12;-0,12;-0,12;-0,12;100;-;-;-;-;-;-;-;-;2;50.896;4972140656,24
DIIF28N29;BRBMEFDIIAV1;FINANCIAL;-0,025;-0,045;-0,02;-0,033;-0,035;-112,28;-;-;-;-;-;-;-;-;10;15.894;1293137097,03
DIIF31F37;BRBMEFDIIAZ2;FINANCIAL;0,16;0,12;0,16;0,134;0,14;12;-;-;-;-;-;-;-;-;3;6.588;298646013,74
DIIF31J31;BRBMEFDIIBI6;FINANCIAL;0,005;0,005;0,005;0,005;0,005;0;-;-;-;-;-;-;-;-;2;60;3574318,4
DIIJ31N31;BRBMEFDIIBF2;FINANCIAL;0,02;0,015;0,02;0,018;0,015;-25;-;-;-;-;-;-;-;-;2;91;5266053,82
DIIF31N31;BRBMEFDIIBJ4;FINANCIAL;0,02;0,02;0,02;0,02;0,02;-42,85;-;-;-;-;-;-;-;-;1;41;2409160,1
DIIF36F37;BRBMEFDIIBO4;FINANCIAL;0,015;0,015;0,02;0,016;0,02;-20;-;-;-;-;-;-;-;-;2;30;919432,4
DIIN31F33;BRBMEFDIIBU1;FINANCIAL;0,085;0,085;0,085;0,085;0,085;-19,04;-;-;-;-;-;-;-;-;1;21;1099464,91
DIIZ27F28;BRBMEFDIICB9;FINANCIAL;-0,03;-0,03;-0,03;-0,03;-0,03;-400;-;-;-;-;-;-;-;-;1;1.095;95103606,1
DIIN27U27;BRBMEFDIIDV5;FINANCIAL;-0,13;-0,13;-0,12;-0,121;-0,12;2300;-;-;-;-;-;-;-;-;6;1.018;92290194,81
DIIU27V27;BRBMEFDIIDW3;FINANCIAL;-0,03;-0,05;-0,03;-0,045;-0,045;-400;-;-;-;-;-;-;-;-;14;12.970;1157238450,54
FRIN28V28;BRBMEFFRI284;FINANCIAL;0,12;0,12;0,12;0,12;0,12;100;-;-;-;-;-;-;-;-;1;4.534;208798952,5
FRIV27X27;BRBMEFFRIGN1;FINANCIAL;0,03;0,03;0,03;0,03;0,03;200;-;-;-;-;-;-;-;-;1;681;32234061,65
DITF27;BRBMEFDIT095;FINANCIAL;-;-;0,002;0;-;-;-;-;-;-;-;-;-;-;4;4.365;423611241,85
DITJ27;BRBMEFDIT087;FINANCIAL;-;-0,002;-;-0,001;-0,002;-200;-;-;-;-;-;-;-;-;2;5.694;536755244,61
DITN27;BRBMEFDIT079;FINANCIAL;0,002;-;0,002;0,001;-;-;-;-;-;-;-;-;-;-;2;134;12262349,38
DITF28;BRBMEFDIT053;FINANCIAL;-;-;0,002;0;-;-;-;-;-;-;-;-;-;-;4;253;21838074,16
DITF29;BRBMEFDIT0K4;FINANCIAL;-;-;0,002;0;-;-;-;-;-;-;-;-;-;-;4;1.689;129826710,42
DITF30;BRBMEFDIT0J6;FINANCIAL;-;-;0,002;0;-;-;-;-;-;-;-;-;-;-;4;2.152;146996608,22
DITF31;BRBMEFDIT0I8;FINANCIAL;-;-;0,002;0;-;-;-;-;-;-;-;-;-;-;4;3.440;208397805,08
DITF32;BRBMEFDIT0H0;FINANCIAL;-;-;-;-;-;-;-;-;-;-;-;-;-;-;1;1.119;59989433,34
DITF33;BRBMEFDIT0G2;FINANCIAL;-;-;0,002;0;-;-;-;-;-;-;-;-;-;-;3;14;664064,26
DITF35;BRBMEFDIT0E7;FINANCIAL;-;-;-;-;-;-;-;-;-;-;-;-;-;-;1;74;2762400,02
DITF37;BRBMEFDIT111;FINANCIAL;-;-;-;-;-;-;-;-;-;-;-;-;-;-;1;9;263697,03
DITN28;BRBMEFDIT1A3;FINANCIAL;-;-;0,002;0,001;0,002;0;-;-;-;-;-;-;-;-;2;30;2444721,6
DITN29;BRBMEFDIT1L0;FINANCIAL;-;-;-;-;-;-;-;-;-;-;-;-;-;-;2;1.657;120056659,11
DAPQ30;BRBMEFDAP1E7;FINANCIAL;6,95;6,945;7,155;7,08;7,1;-6,75;76975,71;7,08;75526,05;-;1449,66;2779,66143945;-;-;137;17.454;2576089241,95
DAPQ28;BRBMEFDAP280;FINANCIAL;6,8;6,78;7,05;6,924;6,9;-5,82;88392,26;6,9;87743,6;-;648,66;1243,77798195;6,2;7,175;130;18.586;3148779483,33
DAPK35;BRBMEFDAP2L0;FINANCIAL;6,93;6,8;6,96;6,922;6,95;-6,66;56376,02;6,935;54122,83;-;2253,19;4320,396064425;6,82;6,95;125;6.525;706055632,91
DAPQ40;BRBMEFDAP3A1;FINANCIAL;6,68;6,65;6,73;6,692;6,67;-6,98;41123,43;6,66;38502,69;-;2620,74;5025,15756855;6,63;-;56;4.732;371578029,05
DAPQ32;BRBMEFDAP3T1;FINANCIAL;6,91;6,8;7,05;7,02;7,05;-6,52;67261,12;7,045;65469,48;-;1791,64;3435,3935553;-;-;137;10.632;1373063388,04
DAPK27;BRBMEFDAP3U9;FINANCIAL;5,44;5,44;5,78;5,721;5,78;-0,34;96689,04;5,78;96678,02;-;11,02;21,13038165;5,5;5,78;79;9.874;1831219717,77
DAPK33;BRBMEFDAP462;FINANCIAL;7,46;6,8;7,47;6,945;6,94;-7,05;64321,52;6,95;62316,48;-;2005,04;3844,5789858;-;7,46;88;4.827;595495394,51
DAPK29;BRBMEFDAP4N2;FINANCIAL;7,405;6,6;7,405;6,955;6,945;-6,46;84036,95;6,975;83132,11;-;904,84;1734,9922443;6,815;7;123;14.235;2294884093,97
DAPF27;BRBMEFDAP4Y9;FINANCIAL;6,25;6,25;6,25;6,25;6,25;-0,46;98300,33;6,461;98346,4;-;-46,07;-88,337267025;-;-;3;10;1885891,1
DAPK31;BRBMEFDAP5E8;FINANCIAL;6,9;6,85;7,105;7,054;7,03;-7,29;73279,32;7,05;71637,35;-;1641,97;3148,407691275;-;-;92;10.996;1544781820,72
DAPK37;BRBMEFDAP5F5;FINANCIAL;6,9;6,8;6,92;6,851;6,83;-7,52;49853,58;6,83;47199,36;-;2654,22;5089,35404565;-;-;57;2.561;244299055,03
BR1X26Z26;BRBMEFBR1IR3;AGRIBUSINESS;-2;-2;-2;-2;-2;-671,42;-;-;-;-;-;-;-;-2,25;1;2;259578
MR1X26F27;BRBMEFMR16T2;AGRIBUSINESS;4,5;4,34;4,65;4,37;4,65;3,79;-;-;-;-;-;-;4,35;-;212;432;14164582,5
FRP0;BRBMEFFRP099;FINANCIAL;25,5;24,3;26,3;24,85;24,9;-8,11;-;-;-;-;-;-;-;-;108;20.710;5188632375
FRP1;BRBMEFFRP032;FINANCIAL;26,4;26,4;26,4;26,4;26,4;49,15;-;-;-;-;-;-;-;-;1;100;25061500
IR1V26Z26;BRBMEFIR1EL8;FINANCIAL;4200;4200;4200;4200;4200;7,69;-;-;-;-;-;-;4201;4500;9;90;18855200
ISPF27C007600;BRBMEFCSN4H7;FINANCIAL;-;-;-;-;-;-;-;-;-;436,63;-;-;-;-;-;-;-
ISPF27P007600;BRBMEFVSN4H4;FINANCIAL;-;-;-;-;-;-;-;-;-;134,45;-;-;-;-;-;-;-
DOLN28C004500;BRBMEFCD6EJ3;FINANCIAL;-;-;-;-;-;-;-;-;-;886,923;-;-;-;-;-;-;-
DOLN28P004500;BRBMEFVDREJ2;FINANCIAL;-;-;-;-;-;-;-;-;-;48,812;-;-;-;-;-;-;-
DAPK45;BRBMEFDAP3B9;FINANCIAL;-;-;-;-;-;-;30452,56;6,641;28304,84;-;2147,72;4118,1618219;-;-;-;-;-
DAPQ50;BRBMEFDAP3C7;FINANCIAL;-;-;-;-;-;-;21893,86;6,616;19903,35;-;1990,51;3816,718328325;-;-;-;-;-
DAPK55;BRBMEFDAP3D5;FINANCIAL;-;-;-;-;-;-;16558,17;6,53;14784,64;-;1773,53;3400,668399975;-;-;-;-;-
DAPQ60;BRBMEFDAP3V7;FINANCIAL;-;-;-;-;-;-;11900,8;6,529;10417,11;-;1483,69;2844,912518175;-;-;-;-;-
DAPV26;BRBMEFDAP5H1;FINANCIAL;-;-;-;-;-;-;99920;2,923;99933,56;-;-13,56;-26,0007237;-;-;-;-;-
DAPX26;BRBMEFDAP5J7;FINANCIAL;-;-;-;-;-;-;99151,38;7,972;99179,48;-;-28,1;-53,88055575;-;-;-;-;-
DAPZ26;BRBMEFDAP5K5;FINANCIAL;-;-;-;-;-;-;98579,04;7,803;98622,29;-;-43,25;-82,930036875;-;-;-;-;-
DAPG27;BRBMEFDAP5L3;FINANCIAL;-;-;-;-;-;-;97814,94;6,531;97851,73;-;-36,79;-70,543261425;-;-;-;-;-
DAPF28;BRBMEFDAP5N9;FINANCIAL;-;-;-;-;-;-;91626,88;7,106;91430,56;-;196,32;376,4352564;-;-;-;-;-
DAPH27;BRBMEFDAP5O7;FINANCIAL;-;-;-;-;-;-;97554,59;5,947;97568,74;-;-14,15;-27,132023625;-;-;-;-;-