Resume as transações realizadas em derivativos durante um pregão, incluindo volumes e valores. Os detalhes sobre as regras utilizadas, bem como a definição de cada um dos campos, estão disponíveis no 
Glossário;https://www.b3.com.br/data/files/F8/42/7A/61/FEC4A8103234E0A8AC094EA8/TradeInformationConsolidatedFileV3_PT.pdf

Instrumento financeiro;Código ISIN;Segmento;Preço de abertura;Preço mínimo;Preço máximo;Preço médio;Preço de fechamento;Oscilação;Ajuste;Ajuste de referência;Ajuste do dia anterior;Preço de referência;Variação;Valor do ajuste por contrato (R$);Última oferta de compra;Última oferta de venda;Quantidade de negócios;Quantidade de contratos;Volume financeiro
BGIF27C034000;BRBMEFBC01R3;AGRIBUSINESS;-;-;-;-;-;-;-;-;-;24,19;-;-;-;-;-;-;-
BGIF27C034050;BRBMEFBC01S1;AGRIBUSINESS;-;-;-;-;-;-;-;-;-;23,87;-;-;-;-;-;-;-
BGIF27C034100;BRBMEFBC01T9;AGRIBUSINESS;-;-;-;-;-;-;-;-;-;23,56;-;-;-;-;-;-;-
BGIF27C034150;BRBMEFBC01U7;AGRIBUSINESS;-;-;-;-;-;-;-;-;-;23,25;-;-;-;-;-;-;-
BGIF27C034200;BRBMEFBC01V5;AGRIBUSINESS;-;-;-;-;-;-;-;-;-;22,95;-;-;-;-;-;-;-
BGIF27C034250;BRBMEFBC01W3;AGRIBUSINESS;-;-;-;-;-;-;-;-;-;22,65;-;-;-;-;-;-;-
BGIF27C034300;BRBMEFBC01X1;AGRIBUSINESS;-;-;-;-;-;-;-;-;-;22,34;-;-;-;-;-;-;-
BGIF27C034350;BRBMEFBC01Y9;AGRIBUSINESS;-;-;-;-;-;-;-;-;-;22,04;-;-;-;-;-;-;-
BGIF27C034400;BRBMEFBC01Z6;AGRIBUSINESS;-;-;-;-;-;-;-;-;-;21,75;-;-;-;-;-;-;-
BGIF27C034450;BRBMEFBC0205;AGRIBUSINESS;-;-;-;-;-;-;-;-;-;21,45;-;-;-;-;-;-;-
BGIF27C034500;BRBMEFBC0213;AGRIBUSINESS;-;-;-;-;-;-;-;-;-;21,15;-;-;-;-;-;-;-
BGIF27C034550;BRBMEFBC0221;AGRIBUSINESS;-;-;-;-;-;-;-;-;-;20,86;-;-;-;-;-;-;-
BGIF27C034600;BRBMEFBC0239;AGRIBUSINESS;-;-;-;-;-;-;-;-;-;20,58;-;-;-;-;-;-;-
BGIF27C034650;BRBMEFBC0247;AGRIBUSINESS;-;-;-;-;-;-;-;-;-;20,29;-;-;-;-;-;-;-
BGIF27C034700;BRBMEFBC0254;AGRIBUSINESS;-;-;-;-;-;-;-;-;-;20,01;-;-;-;-;-;-;-
BGIF27C034750;BRBMEFBC0262;AGRIBUSINESS;-;-;-;-;-;-;-;-;-;19,73;-;-;-;-;-;-;-
BGIF27C034800;BRBMEFBC0270;AGRIBUSINESS;-;-;-;-;-;-;-;-;-;19,46;-;-;-;-;-;-;-
BGIF27C034850;BRBMEFBC0288;AGRIBUSINESS;-;-;-;-;-;-;-;-;-;19,18;-;-;-;-;-;-;-
BGIF27C034900;BRBMEFBC0296;AGRIBUSINESS;-;-;-;-;-;-;-;-;-;18,91;-;-;-;-;-;-;-
BGIF27C034950;BRBMEFBC02A7;AGRIBUSINESS;-;-;-;-;-;-;-;-;-;18,65;-;-;-;-;-;-;-
BGIF27C035000;BRBMEFBC02B5;AGRIBUSINESS;-;-;-;-;-;-;-;-;-;18,39;-;-;-;-;-;-;-
BGIF27C035050;BRBMEFBC02C3;AGRIBUSINESS;-;-;-;-;-;-;-;-;-;18,12;-;-;-;-;-;-;-
BGIF27C035100;BRBMEFBC02D1;AGRIBUSINESS;-;-;-;-;-;-;-;-;-;17,86;-;-;-;-;-;-;-
BGIF27C035150;BRBMEFBC02E9;AGRIBUSINESS;-;-;-;-;-;-;-;-;-;17,61;-;-;-;-;-;-;-
BGIF27C035200;BRBMEFBC02F6;AGRIBUSINESS;-;-;-;-;-;-;-;-;-;17,35;-;-;-;-;-;-;-
BGIF27C035250;BRBMEFBC02G4;AGRIBUSINESS;-;-;-;-;-;-;-;-;-;17,09;-;-;-;-;-;-;-
BGIF27C035300;BRBMEFBC02H2;AGRIBUSINESS;-;-;-;-;-;-;-;-;-;16,85;-;-;-;-;-;-;-
BGIF27C035350;BRBMEFBC02I0;AGRIBUSINESS;-;-;-;-;-;-;-;-;-;16,6;-;-;-;-;-;-;-
BGIF27C035400;BRBMEFBC01Q5;AGRIBUSINESS;-;-;-;-;-;-;-;-;-;16,35;-;-;-;-;-;-;-
BGIF27C035450;BRBMEFBC02J8;AGRIBUSINESS;-;-;-;-;-;-;-;-;-;16,11;-;-;-;-;-;-;-
BGIF27C035500;BRBMEFBC02K6;AGRIBUSINESS;-;-;-;-;-;-;-;-;-;15,87;-;-;-;-;-;-;-
BGIF27C035550;BRBMEFBC02L4;AGRIBUSINESS;-;-;-;-;-;-;-;-;-;15,64;-;-;-;-;-;-;-
BGIF27C035600;BRBMEFBC02M2;AGRIBUSINESS;-;-;-;-;-;-;-;-;-;15,39;-;-;-;-;-;-;-
BGIF27C035650;BRBMEFBC02N0;AGRIBUSINESS;-;-;-;-;-;-;-;-;-;15,16;-;-;-;-;-;-;-
BGIF27C035700;BRBMEFBC02O8;AGRIBUSINESS;-;-;-;-;-;-;-;-;-;14,94;-;-;-;-;-;-;-
BGIF27C035750;BRBMEFBC02P5;AGRIBUSINESS;-;-;-;-;-;-;-;-;-;14,71;-;-;-;-;-;-;-
BGIF27C035800;BRBMEFBC02Q3;AGRIBUSINESS;-;-;-;-;-;-;-;-;-;14,48;-;-;-;-;-;-;-
BGIF27C035850;BRBMEFBC02R1;AGRIBUSINESS;-;-;-;-;-;-;-;-;-;14,25;-;-;-;-;-;-;-
BGIF27C035900;BRBMEFBC02S9;AGRIBUSINESS;-;-;-;-;-;-;-;-;-;14,04;-;-;-;-;-;-;-
BGIF27C035950;BRBMEFBC02T7;AGRIBUSINESS;-;-;-;-;-;-;-;-;-;13,81;-;-;-;-;-;-;-
BGIF27C036000;BRBMEFBC02U5;AGRIBUSINESS;-;-;-;-;-;-;-;-;-;13,6;-;-;-;-;-;-;-
BGIF27C036050;BRBMEFBC02V3;AGRIBUSINESS;-;-;-;-;-;-;-;-;-;13,38;-;-;-;-;-;-;-
BGIF27C036100;BRBMEFBC02W1;AGRIBUSINESS;-;-;-;-;-;-;-;-;-;13,18;-;-;-;-;-;-;-
BGIF27C036150;BRBMEFBC02X9;AGRIBUSINESS;-;-;-;-;-;-;-;-;-;12,98;-;-;-;-;-;-;-
BGIF27C036200;BRBMEFBC02Y7;AGRIBUSINESS;-;-;-;-;-;-;-;-;-;12,77;-;-;-;-;-;-;-
BGIF27C036250;BRBMEFBC02Z4;AGRIBUSINESS;-;-;-;-;-;-;-;-;-;12,58;-;-;-;-;-;-;-
BGIF27C036300;BRBMEFBC0304;AGRIBUSINESS;-;-;-;-;-;-;-;-;-;12,38;-;-;-;-;-;-;-
BGIF27C036350;BRBMEFBC0312;AGRIBUSINESS;-;-;-;-;-;-;-;-;-;12,19;-;-;-;-;-;-;-
BGIF27C036400;BRBMEFBC0320;AGRIBUSINESS;-;-;-;-;-;-;-;-;-;12;-;-;-;-;-;-;-
BGIF27C036450;BRBMEFBC0338;AGRIBUSINESS;-;-;-;-;-;-;-;-;-;11,8;-;-;-;-;-;-;-
BGIF27C036500;BRBMEFBC0346;AGRIBUSINESS;-;-;-;-;-;-;-;-;-;11,62;-;-;-;-;-;-;-
BGIF27C036550;BRBMEFBC0353;AGRIBUSINESS;-;-;-;-;-;-;-;-;-;11,43;-;-;-;-;-;-;-
BGIF27C036600;BRBMEFBC0361;AGRIBUSINESS;-;-;-;-;-;-;-;-;-;11,26;-;-;-;-;-;-;-
BGIF27C036650;BRBMEFBC0379;AGRIBUSINESS;-;-;-;-;-;-;-;-;-;11,07;-;-;-;-;-;-;-
BGIF27C036700;BRBMEFBC0387;AGRIBUSINESS;-;-;-;-;-;-;-;-;-;10,9;-;-;-;-;-;-;-
BGIF27C036750;BRBMEFBC0395;AGRIBUSINESS;-;-;-;-;-;-;-;-;-;10,72;-;-;-;-;-;-;-
BGIF27C036800;BRBMEFBC03A5;AGRIBUSINESS;-;-;-;-;-;-;-;-;-;10,54;-;-;-;-;-;-;-
BGIF27C036850;BRBMEFBC03B3;AGRIBUSINESS;-;-;-;-;-;-;-;-;-;10,38;-;-;-;-;-;-;-
BGIF27C036900;BRBMEFBC03C1;AGRIBUSINESS;-;-;-;-;-;-;-;-;-;10,21;-;-;-;-;-;-;-
BGIF27C036950;BRBMEFBC03D9;AGRIBUSINESS;-;-;-;-;-;-;-;-;-;10,04;-;-;-;-;-;-;-
BGIF27C037000;BRBMEFBC03E7;AGRIBUSINESS;-;-;-;-;-;-;-;-;-;9,88;-;-;-;-;-;-;-
BGIF27C037050;BRBMEFBC03F4;AGRIBUSINESS;-;-;-;-;-;-;-;-;-;9,71;-;-;-;-;-;-;-
BGIF27C037100;BRBMEFBC03G2;AGRIBUSINESS;-;-;-;-;-;-;-;-;-;9,55;-;-;-;-;-;-;-
BGIF27C037150;BRBMEFBC03H0;AGRIBUSINESS;-;-;-;-;-;-;-;-;-;9,39;-;-;-;-;-;-;-
BGIF27C037200;BRBMEFBC03I8;AGRIBUSINESS;-;-;-;-;-;-;-;-;-;9,24;-;-;-;-;-;-;-
BGIF27C037250;BRBMEFBC03J6;AGRIBUSINESS;-;-;-;-;-;-;-;-;-;9,08;-;-;-;-;-;-;-
BGIF27C037300;BRBMEFBC03K4;AGRIBUSINESS;-;-;-;-;-;-;-;-;-;8,93;-;-;-;-;-;-;-
BGIF27C037350;BRBMEFBC03L2;AGRIBUSINESS;-;-;-;-;-;-;-;-;-;8,78;-;-;-;-;-;-;-
BGIF27C037400;BRBMEFBC03M0;AGRIBUSINESS;-;-;-;-;-;-;-;-;-;8,64;-;-;-;-;-;-;-
BGIF27C037450;BRBMEFBC03N8;AGRIBUSINESS;-;-;-;-;-;-;-;-;-;8,5;-;-;-;-;-;-;-
BGIF27C037500;BRBMEFBC03O6;AGRIBUSINESS;-;-;-;-;-;-;-;-;-;8,36;-;-;-;-;-;-;-
BGIF27C037550;BRBMEFBC03P3;AGRIBUSINESS;-;-;-;-;-;-;-;-;-;8,23;-;-;-;-;-;-;-
BGIF27C037600;BRBMEFBC03Q1;AGRIBUSINESS;-;-;-;-;-;-;-;-;-;8,1;-;-;-;-;-;-;-
BGIF27C037650;BRBMEFBC03R9;AGRIBUSINESS;-;-;-;-;-;-;-;-;-;7,96;-;-;-;-;-;-;-
BGIF27C037700;BRBMEFBC03S7;AGRIBUSINESS;-;-;-;-;-;-;-;-;-;7,83;-;-;-;-;-;-;-
BGIF27C037750;BRBMEFBC03T5;AGRIBUSINESS;-;-;-;-;-;-;-;-;-;7,71;-;-;-;-;-;-;-
BGIF27C037800;BRBMEFBC03U3;AGRIBUSINESS;-;-;-;-;-;-;-;-;-;7,58;-;-;-;-;-;-;-
BGIF27C037850;BRBMEFBC03V1;AGRIBUSINESS;-;-;-;-;-;-;-;-;-;7,46;-;-;-;-;-;-;-
BGIF27C037900;BRBMEFBC03W9;AGRIBUSINESS;-;-;-;-;-;-;-;-;-;7,34;-;-;-;-;-;-;-
BGIF27C037950;BRBMEFBC03X7;AGRIBUSINESS;-;-;-;-;-;-;-;-;-;7,22;-;-;-;-;-;-;-
BGIF27C038000;BRBMEFBC03Y5;AGRIBUSINESS;-;-;-;-;-;-;-;-;-;7,1;-;-;-;-;-;-;-
BGIF27P034000;BRBMEFBF0152;AGRIBUSINESS;-;-;-;-;-;-;-;-;-;7,37;-;-;-;-;-;-;-
BGIF27P034050;BRBMEFBF0160;AGRIBUSINESS;-;-;-;-;-;-;-;-;-;7,52;-;-;-;-;-;-;-
BGIF27P034100;BRBMEFBF0178;AGRIBUSINESS;-;-;-;-;-;-;-;-;-;7,67;-;-;-;-;-;-;-
BGIF27P034150;BRBMEFBF0186;AGRIBUSINESS;-;-;-;-;-;-;-;-;-;7,83;-;-;-;-;-;-;-
BGIF27P034200;BRBMEFBF0194;AGRIBUSINESS;-;-;-;-;-;-;-;-;-;7,99;-;-;-;-;-;-;-
BGIF27P034250;BRBMEFBF01A2;AGRIBUSINESS;-;-;-;-;-;-;-;-;-;8,15;-;-;-;-;-;-;-
BGIF27P034300;BRBMEFBF01B0;AGRIBUSINESS;-;-;-;-;-;-;-;-;-;8,31;-;-;-;-;-;-;-
BGIF27P034350;BRBMEFBF01C8;AGRIBUSINESS;-;-;-;-;-;-;-;-;-;8,47;-;-;-;-;-;-;-
BGIF27P034400;BRBMEFBF01D6;AGRIBUSINESS;-;-;-;-;-;-;-;-;-;8,64;-;-;-;-;-;-;-
BGIF27P034450;BRBMEFBF01E4;AGRIBUSINESS;-;-;-;-;-;-;-;-;-;8,8;-;-;-;-;-;-;-
BGIF27P034500;BRBMEFBF01F1;AGRIBUSINESS;-;-;-;-;-;-;-;-;-;8,97;-;-;-;-;-;-;-
BGIF27P034550;BRBMEFBF01G9;AGRIBUSINESS;-;-;-;-;-;-;-;-;-;9,14;-;-;-;-;-;-;-
BGIF27P034600;BRBMEFBF01H7;AGRIBUSINESS;-;-;-;-;-;-;-;-;-;9,33;-;-;-;-;-;-;-
BGIF27P034650;BRBMEFBF01I5;AGRIBUSINESS;-;-;-;-;-;-;-;-;-;9,5;-;-;-;-;-;-;-
BGIF27P034700;BRBMEFBF01J3;AGRIBUSINESS;-;-;-;-;-;-;-;-;-;9,68;-;-;-;-;-;-;-
BGIF27P034750;BRBMEFBF01K1;AGRIBUSINESS;-;-;-;-;-;-;-;-;-;9,86;-;-;-;-;-;-;-
BGIF27P034800;BRBMEFBF01L9;AGRIBUSINESS;-;-;-;-;-;-;-;-;-;10,05;-;-;-;-;-;-;-
BGIF27P034850;BRBMEFBF01M7;AGRIBUSINESS;-;-;-;-;-;-;-;-;-;10,24;-;-;-;-;-;-;-
BGIF27P034900;BRBMEFBF01N5;AGRIBUSINESS;-;-;-;-;-;-;-;-;-;10,43;-;-;-;-;-;-;-
BGIF27P034950;BRBMEFBF01O3;AGRIBUSINESS;-;-;-;-;-;-;-;-;-;10,63;-;-;-;-;-;-;-
BGIF27P035000;BRBMEFBF01P0;AGRIBUSINESS;-;-;-;-;-;-;-;-;-;10,84;-;-;-;-;-;-;-
BGIF27P035050;BRBMEFBF01Q8;AGRIBUSINESS;-;-;-;-;-;-;-;-;-;11,03;-;-;-;-;-;-;-
BGIF27P035100;BRBMEFBF01R6;AGRIBUSINESS;-;-;-;-;-;-;-;-;-;11,24;-;-;-;-;-;-;-
BGIF27P035150;BRBMEFBF01S4;AGRIBUSINESS;-;-;-;-;-;-;-;-;-;11,45;-;-;-;-;-;-;-
BGIF27P035200;BRBMEFBF01T2;AGRIBUSINESS;-;-;-;-;-;-;-;-;-;11,66;-;-;-;-;-;-;-
BGIF27P035250;BRBMEFBF01U0;AGRIBUSINESS;-;-;-;-;-;-;-;-;-;11,86;-;-;-;-;-;-;-
BGIF27P035300;BRBMEFBF01V8;AGRIBUSINESS;-;-;-;-;-;-;-;-;-;12,08;-;-;-;-;-;-;-
BGIF27P035350;BRBMEFBF01W6;AGRIBUSINESS;-;-;-;-;-;-;-;-;-;12,29;-;-;-;-;-;-;-
BGIF27P035400;BRBMEFBF0145;AGRIBUSINESS;-;-;-;-;-;-;-;-;-;12,51;-;-;-;-;-;-;-
BGIF27P035450;BRBMEFBF01X4;AGRIBUSINESS;-;-;-;-;-;-;-;-;-;12,73;-;-;-;-;-;-;-
BGIF27P035500;BRBMEFBF01Y2;AGRIBUSINESS;-;-;-;-;-;-;-;-;-;12,95;-;-;-;-;-;-;-
BGIF27P035550;BRBMEFBF01Z9;AGRIBUSINESS;-;-;-;-;-;-;-;-;-;13,18;-;-;-;-;-;-;-
BGIF27P035600;BRBMEFBF0202;AGRIBUSINESS;-;-;-;-;-;-;-;-;-;13,4;-;-;-;-;-;-;-
BGIF27P035650;BRBMEFBF0210;AGRIBUSINESS;-;-;-;-;-;-;-;-;-;13,63;-;-;-;-;-;-;-
BGIF27P035700;BRBMEFBF0228;AGRIBUSINESS;-;-;-;-;-;-;-;-;-;13,87;-;-;-;-;-;-;-
BGIF27P035750;BRBMEFBF0236;AGRIBUSINESS;-;-;-;-;-;-;-;-;-;14,11;-;-;-;-;-;-;-
BGIF27P035800;BRBMEFBF0244;AGRIBUSINESS;-;-;-;-;-;-;-;-;-;14,34;-;-;-;-;-;-;-
BGIF27P035850;BRBMEFBF0251;AGRIBUSINESS;-;-;-;-;-;-;-;-;-;14,58;-;-;-;-;-;-;-
BGIF27P035900;BRBMEFBF0269;AGRIBUSINESS;-;-;-;-;-;-;-;-;-;14,82;-;-;-;-;-;-;-
BGIF27P035950;BRBMEFBF0277;AGRIBUSINESS;-;-;-;-;-;-;-;-;-;15,06;-;-;-;-;-;-;-
BGIF27P036000;BRBMEFBF0285;AGRIBUSINESS;-;-;-;-;-;-;-;-;-;15,31;-;-;-;-;-;-;-
BGIF27P036050;BRBMEFBF0293;AGRIBUSINESS;-;-;-;-;-;-;-;-;-;15,56;-;-;-;-;-;-;-
BGIF27P036100;BRBMEFBF02A0;AGRIBUSINESS;-;-;-;-;-;-;-;-;-;15,82;-;-;-;-;-;-;-
BGIF27P036150;BRBMEFBF02B8;AGRIBUSINESS;-;-;-;-;-;-;-;-;-;16,08;-;-;-;-;-;-;-
BGIF27P036200;BRBMEFBF02C6;AGRIBUSINESS;-;-;-;-;-;-;-;-;-;16,34;-;-;-;-;-;-;-
BGIF27P036250;BRBMEFBF02D4;AGRIBUSINESS;-;-;-;-;-;-;-;-;-;16,61;-;-;-;-;-;-;-
BGIF27P036300;BRBMEFBF02E2;AGRIBUSINESS;-;-;-;-;-;-;-;-;-;16,87;-;-;-;-;-;-;-
BGIF27P036350;BRBMEFBF02F9;AGRIBUSINESS;-;-;-;-;-;-;-;-;-;17,15;-;-;-;-;-;-;-
BGIF27P036400;BRBMEFBF02G7;AGRIBUSINESS;-;-;-;-;-;-;-;-;-;17,42;-;-;-;-;-;-;-
BGIF27P036450;BRBMEFBF02H5;AGRIBUSINESS;-;-;-;-;-;-;-;-;-;17,69;-;-;-;-;-;-;-
BGIF27P036500;BRBMEFBF02I3;AGRIBUSINESS;-;-;-;-;-;-;-;-;-;17,97;-;-;-;-;-;-;-
BGIF27P036550;BRBMEFBF02J1;AGRIBUSINESS;-;-;-;-;-;-;-;-;-;18,24;-;-;-;-;-;-;-
BGIF27P036600;BRBMEFBF02K9;AGRIBUSINESS;-;-;-;-;-;-;-;-;-;18,53;-;-;-;-;-;-;-
BGIF27P036650;BRBMEFBF02L7;AGRIBUSINESS;-;-;-;-;-;-;-;-;-;18,81;-;-;-;-;-;-;-
BGIF27P036700;BRBMEFBF02M5;AGRIBUSINESS;-;-;-;-;-;-;-;-;-;19,1;-;-;-;-;-;-;-
BGIF27P036750;BRBMEFBF02N3;AGRIBUSINESS;-;-;-;-;-;-;-;-;-;19,38;-;-;-;-;-;-;-
BGIF27P036800;BRBMEFBF02O1;AGRIBUSINESS;-;-;-;-;-;-;-;-;-;19,67;-;-;-;-;-;-;-
BGIF27P036850;BRBMEFBF02P8;AGRIBUSINESS;-;-;-;-;-;-;-;-;-;19,97;-;-;-;-;-;-;-
BGIF27P036900;BRBMEFBF02Q6;AGRIBUSINESS;-;-;-;-;-;-;-;-;-;20,26;-;-;-;-;-;-;-
BGIF27P036950;BRBMEFBF02R4;AGRIBUSINESS;-;-;-;-;-;-;-;-;-;20,56;-;-;-;-;-;-;-
BGIF27P037000;BRBMEFBF02S2;AGRIBUSINESS;-;-;-;-;-;-;-;-;-;20,85;-;-;-;-;-;-;-
BGIF27P037050;BRBMEFBF02T0;AGRIBUSINESS;-;-;-;-;-;-;-;-;-;21,15;-;-;-;-;-;-;-
BGIF27P037100;BRBMEFBF02U8;AGRIBUSINESS;-;-;-;-;-;-;-;-;-;21,46;-;-;-;-;-;-;-
BGIF27P037150;BRBMEFBF02V6;AGRIBUSINESS;-;-;-;-;-;-;-;-;-;21,76;-;-;-;-;-;-;-
BGIF27P037200;BRBMEFBF02W4;AGRIBUSINESS;-;-;-;-;-;-;-;-;-;22,07;-;-;-;-;-;-;-
BGIF27P037250;BRBMEFBF02X2;AGRIBUSINESS;-;-;-;-;-;-;-;-;-;22,38;-;-;-;-;-;-;-
BGIF27P037300;BRBMEFBF02Y0;AGRIBUSINESS;-;-;-;-;-;-;-;-;-;22,68;-;-;-;-;-;-;-
BGIF27P037350;BRBMEFBF02Z7;AGRIBUSINESS;-;-;-;-;-;-;-;-;-;23;-;-;-;-;-;-;-
BGIF27P037400;BRBMEFBF0301;AGRIBUSINESS;-;-;-;-;-;-;-;-;-;23,32;-;-;-;-;-;-;-
BGIF27P037450;BRBMEFBF0319;AGRIBUSINESS;-;-;-;-;-;-;-;-;-;23,64;-;-;-;-;-;-;-
BGIF27P037500;BRBMEFBF0327;AGRIBUSINESS;-;-;-;-;-;-;-;-;-;23,97;-;-;-;-;-;-;-
BGIF27P037550;BRBMEFBF0335;AGRIBUSINESS;-;-;-;-;-;-;-;-;-;24,31;-;-;-;-;-;-;-
BGIF27P037600;BRBMEFBF0343;AGRIBUSINESS;-;-;-;-;-;-;-;-;-;24,63;-;-;-;-;-;-;-
BGIF27P037650;BRBMEFBF0350;AGRIBUSINESS;-;-;-;-;-;-;-;-;-;24,96;-;-;-;-;-;-;-
BGIF27P037700;BRBMEFBF0368;AGRIBUSINESS;-;-;-;-;-;-;-;-;-;25,3;-;-;-;-;-;-;-
BGIF27P037750;BRBMEFBF0376;AGRIBUSINESS;-;-;-;-;-;-;-;-;-;25,64;-;-;-;-;-;-;-
BGIF27P037800;BRBMEFBF0384;AGRIBUSINESS;-;-;-;-;-;-;-;-;-;25,97;-;-;-;-;-;-;-
BGIF27P037850;BRBMEFBF0392;AGRIBUSINESS;-;-;-;-;-;-;-;-;-;26,31;-;-;-;-;-;-;-
BGIF27P037900;BRBMEFBF03A8;AGRIBUSINESS;-;-;-;-;-;-;-;-;-;26,66;-;-;-;-;-;-;-
BGIF27P037950;BRBMEFBF03B6;AGRIBUSINESS;-;-;-;-;-;-;-;-;-;27;-;-;-;-;-;-;-
BGIF27P038000;BRBMEFBF03C4;AGRIBUSINESS;-;-;-;-;-;-;-;-;-;27,34;-;-;-;-;-;-;-
BGIH27C028550;BRBMEFCBHRO9;AGRIBUSINESS;-;-;-;-;-;-;-;-;-;67,41;-;-;-;-;-;-;-
BGIH27P028550;BRBMEFVBHRO9;AGRIBUSINESS;-;-;-;-;-;-;-;-;-;0,87;-;-;-;-;-;-;-
BGIM26C028000;BRBMEFCBMMP7;AGRIBUSINESS;-;-;-;-;-;-;-;-;-;57,58;-;-;-;-;-;-;-
BGIM26C028500;BRBMEFCBMMQ5;AGRIBUSINESS;-;-;-;-;-;-;-;-;-;52,58;-;-;-;-;-;-;-
BGIM26C029000;BRBMEFCBMMR3;AGRIBUSINESS;-;-;-;-;-;-;-;-;-;47,58;-;-;-;-;-;-;-
BGIM26C030000;BRBMEFCBMM47;AGRIBUSINESS;-;-;-;-;-;-;-;-;-;37,58;-;-;-;-;-;-;-
BGIM26C030500;BRBMEFCBMNK6;AGRIBUSINESS;-;-;-;-;-;-;-;-;-;32,58;-;-;-;-;-;-;-
BGIM26C030800;BRBMEFCBMM13;AGRIBUSINESS;-;-;-;-;-;-;-;-;-;29,58;-;-;-;-;-;-;-
BGIM26C031000;BRBMEFCBMM96;AGRIBUSINESS;-;-;-;-;-;-;-;-;-;27,58;-;-;-;-;-;-;-
BGIM26C031200;BRBMEFCBMM54;AGRIBUSINESS;-;-;-;-;-;-;-;-;-;25,58;-;-;-;-;-;-;-
BGIM26C031500;BRBMEFCBMNG4;AGRIBUSINESS;-;-;-;-;-;-;-;-;-;22,58;-;-;-;-;-;-;-
BGIM26C031600;BRBMEFCBMMS1;AGRIBUSINESS;-;-;-;-;-;-;-;-;-;21,58;-;-;-;-;-;-;-
BGIM26C031700;BRBMEFCBMMT9;AGRIBUSINESS;-;-;-;-;-;-;-;-;-;20,58;-;-;-;-;-;-;-
BGIM26C031800;BRBMEFCBMMU7;AGRIBUSINESS;-;-;-;-;-;-;-;-;-;19,58;-;-;-;-;-;-;-
BGIM26C031850;BRBMEFCBMN79;AGRIBUSINESS;-;-;-;-;-;-;-;-;-;19,08;-;-;-;-;-;-;-
BGIM26C031900;BRBMEFCBMMV5;AGRIBUSINESS;-;-;-;-;-;-;-;-;-;18,58;-;-;-;-;-;-;-
BGIM26C032000;BRBMEFCBMM05;AGRIBUSINESS;-;-;-;-;-;-;-;-;-;17,58;-;-;-;-;-;-;-
BGIM26C032100;BRBMEFCBMNL4;AGRIBUSINESS;-;-;-;-;-;-;-;-;-;16,58;-;-;-;-;-;-;-
BGIM26C032200;BRBMEFCBMNB5;AGRIBUSINESS;-;-;-;-;-;-;-;-;-;15,58;-;-;-;-;-;-;-
BGIM26C032400;BRBMEFCBMN87;AGRIBUSINESS;-;-;-;-;-;-;-;-;-;13,58;-;-;-;-;-;-;-
BGIM26C032500;BRBMEFCBMM88;AGRIBUSINESS;-;-;-;-;-;-;-;-;-;12,58;-;-;-;-;-;-;-
BGIM26C032700;BRBMEFCBMN95;AGRIBUSINESS;-;-;-;-;-;-;-;-;-;10,58;-;-;-;-;-;-;-
BGIM26C032800;BRBMEFCBMM21;AGRIBUSINESS;-;-;-;-;-;-;-;-;-;9,58;-;-;-;-;-;-;-
BGIM26C032900;BRBMEFCBMMB7;AGRIBUSINESS;-;-;-;-;-;-;-;-;-;8,58;-;-;-;-;-;-;-
BGIM26C033000;BRBMEFCBMM62;AGRIBUSINESS;-;-;-;-;-;-;-;-;-;7,58;-;-;-;-;-;-;-
BGIM26C033100;BRBMEFCBMNM2;AGRIBUSINESS;-;-;-;-;-;-;-;-;-;6,58;-;-;-;-;-;-;-
BGIM26C033200;BRBMEFCBMLX3;AGRIBUSINESS;-;-;-;-;-;-;-;-;-;5,58;-;-;-;-;-;-;-
BGIM26C033300;BRBMEFCBMLY1;AGRIBUSINESS;-;-;-;-;-;-;-;-;-;4,58;-;-;-;-;-;-;-
BGIM26C033400;BRBMEFCBMMW3;AGRIBUSINESS;-;-;-;-;-;-;-;-;-;3,58;-;-;-;-;-;-;-
BGIM26C033500;BRBMEFCBMMK8;AGRIBUSINESS;-;-;-;-;-;-;-;-;-;2,58;-;-;-;-;-;-;-
BGIM26C033600;BRBMEFCBMMX1;AGRIBUSINESS;-;-;-;-;-;-;-;-;-;1,58;-;-;-;-;-;-;-
BGIM26C033700;BRBMEFCBMMY9;AGRIBUSINESS;-;-;-;-;-;-;-;-;-;0,58;-;-;-;-;-;-;-
BGIM26C033750;BRBMEFCBMNO8;AGRIBUSINESS;-;-;-;-;-;-;-;-;-;0,08;-;-;-;-;-;-;-
BGIM26C033800;BRBMEFCBMME1;AGRIBUSINESS;-;-;-;-;-;-;-;-;-;0,01;-;-;-;-;-;-;-
BGIM26C033850;BRBMEFCBMNP5;AGRIBUSINESS;-;-;-;-;-;-;-;-;-;0,01;-;-;-;-;-;-;-
BGIM26C033900;BRBMEFCBMLZ8;AGRIBUSINESS;-;-;-;-;-;-;-;-;-;0,01;-;-;-;-;-;-;-
BGIM26C034000;BRBMEFCBMM39;AGRIBUSINESS;-;-;-;-;-;-;-;-;-;0,01;-;-;-;-;-;-;-
BGIM26C034100;BRBMEFCBMMF8;AGRIBUSINESS;-;-;-;-;-;-;-;-;-;0,01;-;-;-;-;-;-;-
BGIM26C034200;BRBMEFCBMMZ6;AGRIBUSINESS;-;-;-;-;-;-;-;-;-;0,01;-;-;-;-;-;-;-
BGIM26C034300;BRBMEFCBMN04;AGRIBUSINESS;-;-;-;-;-;-;-;-;-;0,01;-;-;-;-;-;-;-
BGIM26C034350;BRBMEFCBMNQ3;AGRIBUSINESS;-;-;-;-;-;-;-;-;-;0,01;-;-;-;-;-;-;-
BGIM26C034400;BRBMEFCBMN20;AGRIBUSINESS;-;-;-;-;-;-;-;-;-;0,01;-;-;-;-;-;-;-
BGIM26C034500;BRBMEFCBMMO0;AGRIBUSINESS;-;-;-;-;-;-;-;-;-;0,01;-;-;-;-;-;-;-
BGIM26C034550;BRBMEFCBMNR1;AGRIBUSINESS;-;-;-;-;-;-;-;-;-;0,01;-;-;-;-;-;-;-
BGIM26C034600;BRBMEFCBMN46;AGRIBUSINESS;-;-;-;-;-;-;-;-;-;0,01;-;-;-;-;-;-;-
BGIM26C034650;BRBMEFCBMNY7;AGRIBUSINESS;-;-;-;-;-;-;-;-;-;0,01;-;-;-;-;-;-;-
BGIM26C034700;BRBMEFCBMMI2;AGRIBUSINESS;-;-;-;-;-;-;-;-;-;0,01;-;-;-;-;-;-;-
BGIM26C034800;BRBMEFCBMML6;AGRIBUSINESS;-;-;-;-;-;-;-;-;-;0,01;-;-;-;-;-;-;-
BGIM26C034850;BRBMEFCBMNS9;AGRIBUSINESS;-;-;-;-;-;-;-;-;-;0,01;-;-;-;-;-;-;-
BGIM26C034900;BRBMEFCBMN12;AGRIBUSINESS;-;-;-;-;-;-;-;-;-;0,01;-;-;-;-;-;-;-
BGIM26C035000;BRBMEFCBMM70;AGRIBUSINESS;-;-;-;-;-;-;-;-;-;0,01;-;-;-;-;-;-;-
BGIM26C035100;BRBMEFCBMN38;AGRIBUSINESS;-;-;-;-;-;-;-;-;-;0,01;-;-;-;-;-;-;-
BGIM26C035200;BRBMEFCBMMG6;AGRIBUSINESS;-;-;-;-;-;-;-;-;-;0,01;-;-;-;-;-;-;-
BGIM26C035250;BRBMEFCBMNT7;AGRIBUSINESS;-;-;-;-;-;-;-;-;-;0,01;-;-;-;-;-;-;-
BGIM26C035300;BRBMEFCBMNC3;AGRIBUSINESS;-;-;-;-;-;-;-;-;-;0,01;-;-;-;-;-;-;-
BGIM26C035350;BRBMEFCBMNF6;AGRIBUSINESS;-;-;-;-;-;-;-;-;-;0,01;-;-;-;-;-;-;-
BGIM26C035400;BRBMEFCBMMC5;AGRIBUSINESS;-;-;-;-;-;-;-;-;-;0,01;-;-;-;-;-;-;-
BGIM26C035450;BRBMEFCBMNU5;AGRIBUSINESS;-;-;-;-;-;-;-;-;-;0,01;-;-;-;-;-;-;-
BGIM26C035500;BRBMEFCBMMN2;AGRIBUSINESS;-;-;-;-;-;-;-;-;-;0,01;-;-;-;-;-;-;-
BGIM26C035550;BRBMEFCBMND1;AGRIBUSINESS;-;-;-;-;-;-;-;-;-;0,01;-;-;-;-;-;-;-
BGIM26C035600;BRBMEFCBMNE9;AGRIBUSINESS;-;-;-;-;-;-;-;-;-;0,01;-;-;-;-;-;-;-
BGIM26C035700;BRBMEFCBMNV3;AGRIBUSINESS;-;-;-;-;-;-;-;-;-;0,01;-;-;-;-;-;-;-
BGIM26C035800;BRBMEFCBMMD3;AGRIBUSINESS;-;-;-;-;-;-;-;-;-;0,01;-;-;-;-;-;-;-
BGIM26C035900;BRBMEFCBMNW1;AGRIBUSINESS;-;-;-;-;-;-;-;-;-;0,01;-;-;-;-;-;-;-
BGIM26C036000;BRBMEFCBMMH4;AGRIBUSINESS;-;-;-;-;-;-;-;-;-;0,01;-;-;-;-;-;-;-
BGIM26C036200;BRBMEFCBMNX9;AGRIBUSINESS;-;-;-;-;-;-;-;-;-;0,01;-;-;-;-;-;-;-
BGIM26C036400;BRBMEFCBMNH2;AGRIBUSINESS;-;-;-;-;-;-;-;-;-;0,01;-;-;-;-;-;-;-
BGIM26C036500;BRBMEFCBMMJ0;AGRIBUSINESS;-;-;-;-;-;-;-;-;-;0,01;-;-;-;-;-;-;-
BGIM26C036600;BRBMEFCBMNJ8;AGRIBUSINESS;-;-;-;-;-;-;-;-;-;0,01;-;-;-;-;-;-;-
BGIM26C036800;BRBMEFCBMMM4;AGRIBUSINESS;-;-;-;-;-;-;-;-;-;0,01;-;-;-;-;-;-;-
BGIM26C037000;BRBMEFCBMMA9;AGRIBUSINESS;-;-;-;-;-;-;-;-;-;0,01;-;-;-;-;-;-;-
BGIM26C037500;BRBMEFCBMNI0;AGRIBUSINESS;-;-;-;-;-;-;-;-;-;0,01;-;-;-;-;-;-;-
BGIM26C038000;BRBMEFCBMNN0;AGRIBUSINESS;-;-;-;-;-;-;-;-;-;0,01;-;-;-;-;-;-;-
BGIM26C038600;BRBMEFCBMNA7;AGRIBUSINESS;-;-;-;-;-;-;-;-;-;0,01;-;-;-;-;-;-;-
BGIM26C039000;BRBMEFCBMN53;AGRIBUSINESS;-;-;-;-;-;-;-;-;-;0,01;-;-;-;-;-;-;-
BGIM26C040000;BRBMEFCBMN61;AGRIBUSINESS;-;-;-;-;-;-;-;-;-;0,01;-;-;-;-;-;-;-
BGIM26P028000;BRBMEFVBMMP7;AGRIBUSINESS;-;-;-;-;-;-;-;-;-;0,01;-;-;-;-;-;-;-
BGIM26P028500;BRBMEFVBMMQ5;AGRIBUSINESS;-;-;-;-;-;-;-;-;-;0,01;-;-;-;-;-;-;-
BGIM26P029000;BRBMEFVBMMR3;AGRIBUSINESS;-;-;-;-;-;-;-;-;-;0,01;-;-;-;-;-;-;-
BGIM26P030000;BRBMEFVBMM44;AGRIBUSINESS;-;-;-;-;-;-;-;-;-;0,01;-;-;-;-;-;-;-
BGIM26P030500;BRBMEFVBMNK6;AGRIBUSINESS;-;-;-;-;-;-;-;-;-;0,01;-;-;-;-;-;-;-
BGIM26P030800;BRBMEFVBMM10;AGRIBUSINESS;-;-;-;-;-;-;-;-;-;0,01;-;-;-;-;-;-;-
BGIM26P031000;BRBMEFVBMM93;AGRIBUSINESS;-;-;-;-;-;-;-;-;-;0,01;-;-;-;-;-;-;-
BGIM26P031200;BRBMEFVBMM51;AGRIBUSINESS;-;-;-;-;-;-;-;-;-;0,01;-;-;-;-;-;-;-
BGIM26P031500;BRBMEFVBMNG4;AGRIBUSINESS;-;-;-;-;-;-;-;-;-;0,01;-;-;-;-;-;-;-
BGIM26P031600;BRBMEFVBMMS1;AGRIBUSINESS;-;-;-;-;-;-;-;-;-;0,01;-;-;-;-;-;-;-
BGIM26P031700;BRBMEFVBMMT9;AGRIBUSINESS;-;-;-;-;-;-;-;-;-;0,01;-;-;-;-;-;-;-
BGIM26P031800;BRBMEFVBMMU7;AGRIBUSINESS;-;-;-;-;-;-;-;-;-;0,01;-;-;-;-;-;-;-
BGIM26P031850;BRBMEFVBMN76;AGRIBUSINESS;-;-;-;-;-;-;-;-;-;0,01;-;-;-;-;-;-;-
BGIM26P031900;BRBMEFVBMMV5;AGRIBUSINESS;-;-;-;-;-;-;-;-;-;0,01;-;-;-;-;-;-;-
BGIM26P032000;BRBMEFVBMM02;AGRIBUSINESS;-;-;-;-;-;-;-;-;-;0,01;-;-;-;-;-;-;-
BGIM26P032100;BRBMEFVBMNL4;AGRIBUSINESS;-;-;-;-;-;-;-;-;-;0,01;-;-;-;-;-;-;-
BGIM26P032200;BRBMEFVBMNB5;AGRIBUSINESS;-;-;-;-;-;-;-;-;-;0,01;-;-;-;-;-;-;-
BGIM26P032400;BRBMEFVBMN84;AGRIBUSINESS;-;-;-;-;-;-;-;-;-;0,01;-;-;-;-;-;-;-
BGIM26P032500;BRBMEFVBMM85;AGRIBUSINESS;-;-;-;-;-;-;-;-;-;0,01;-;-;-;-;-;-;-
BGIM26P032700;BRBMEFVBMN92;AGRIBUSINESS;-;-;-;-;-;-;-;-;-;0,01;-;-;-;-;-;-;-
BGIM26P032800;BRBMEFVBMM28;AGRIBUSINESS;-;-;-;-;-;-;-;-;-;0,01;-;-;-;-;-;-;-
BGIM26P032900;BRBMEFVBMMB7;AGRIBUSINESS;-;-;-;-;-;-;-;-;-;0,01;-;-;-;-;-;-;-
BGIM26P033000;BRBMEFVBMM69;AGRIBUSINESS;-;-;-;-;-;-;-;-;-;0,01;-;-;-;-;-;-;-
BGIM26P033100;BRBMEFVBMNM2;AGRIBUSINESS;-;-;-;-;-;-;-;-;-;0,01;-;-;-;-;-;-;-
BGIM26P033200;BRBMEFVBMLX3;AGRIBUSINESS;-;-;-;-;-;-;-;-;-;0,01;-;-;-;-;-;-;-
BGIM26P033300;BRBMEFVBMLY1;AGRIBUSINESS;-;-;-;-;-;-;-;-;-;0,01;-;-;-;-;-;-;-
BGIM26P033400;BRBMEFVBMMW3;AGRIBUSINESS;-;-;-;-;-;-;-;-;-;0,01;-;-;-;-;-;-;-
BGIM26P033500;BRBMEFVBMMK8;AGRIBUSINESS;-;-;-;-;-;-;-;-;-;0,01;-;-;-;-;-;-;-
BGIM26P033600;BRBMEFVBMMX1;AGRIBUSINESS;-;-;-;-;-;-;-;-;-;0,01;-;-;-;-;-;-;-
BGIM26P033700;BRBMEFVBMMY9;AGRIBUSINESS;-;-;-;-;-;-;-;-;-;0,01;-;-;-;-;-;-;-
BGIM26P033750;BRBMEFVBMNO8;AGRIBUSINESS;-;-;-;-;-;-;-;-;-;0,01;-;-;-;-;-;-;-
BGIM26P033800;BRBMEFVBMME1;AGRIBUSINESS;-;-;-;-;-;-;-;-;-;0,42;-;-;-;-;-;-;-
BGIM26P033850;BRBMEFVBMNP5;AGRIBUSINESS;-;-;-;-;-;-;-;-;-;0,92;-;-;-;-;-;-;-
BGIM26P033900;BRBMEFVBMLZ8;AGRIBUSINESS;-;-;-;-;-;-;-;-;-;1,42;-;-;-;-;-;-;-
BGIM26P034000;BRBMEFVBMM36;AGRIBUSINESS;-;-;-;-;-;-;-;-;-;2,42;-;-;-;-;-;-;-
BGIM26P034100;BRBMEFVBMMF8;AGRIBUSINESS;-;-;-;-;-;-;-;-;-;3,42;-;-;-;-;-;-;-
BGIM26P034200;BRBMEFVBMMZ6;AGRIBUSINESS;-;-;-;-;-;-;-;-;-;4,42;-;-;-;-;-;-;-
BGIM26P034300;BRBMEFVBMN01;AGRIBUSINESS;-;-;-;-;-;-;-;-;-;5,42;-;-;-;-;-;-;-
BGIM26P034350;BRBMEFVBMNQ3;AGRIBUSINESS;-;-;-;-;-;-;-;-;-;5,92;-;-;-;-;-;-;-
BGIM26P034400;BRBMEFVBMN27;AGRIBUSINESS;-;-;-;-;-;-;-;-;-;6,42;-;-;-;-;-;-;-
BGIM26P034500;BRBMEFVBMMO0;AGRIBUSINESS;-;-;-;-;-;-;-;-;-;7,42;-;-;-;-;-;-;-
BGIM26P034550;BRBMEFVBMNR1;AGRIBUSINESS;-;-;-;-;-;-;-;-;-;7,92;-;-;-;-;-;-;-
BGIM26P034600;BRBMEFVBMN43;AGRIBUSINESS;-;-;-;-;-;-;-;-;-;8,42;-;-;-;-;-;-;-
BGIM26P034650;BRBMEFVBMNY7;AGRIBUSINESS;-;-;-;-;-;-;-;-;-;8,92;-;-;-;-;-;-;-
BGIM26P034700;BRBMEFVBMMI2;AGRIBUSINESS;-;-;-;-;-;-;-;-;-;9,42;-;-;-;-;-;-;-
BGIM26P034800;BRBMEFVBMML6;AGRIBUSINESS;-;-;-;-;-;-;-;-;-;10,42;-;-;-;-;-;-;-
BGIM26P034850;BRBMEFVBMNS9;AGRIBUSINESS;-;-;-;-;-;-;-;-;-;10,92;-;-;-;-;-;-;-
BGIM26P034900;BRBMEFVBMN19;AGRIBUSINESS;-;-;-;-;-;-;-;-;-;11,42;-;-;-;-;-;-;-
BGIM26P035000;BRBMEFVBMM77;AGRIBUSINESS;-;-;-;-;-;-;-;-;-;12,42;-;-;-;-;-;-;-
BGIM26P035100;BRBMEFVBMN35;AGRIBUSINESS;-;-;-;-;-;-;-;-;-;13,42;-;-;-;-;-;-;-
BGIM26P035200;BRBMEFVBMMG6;AGRIBUSINESS;-;-;-;-;-;-;-;-;-;14,42;-;-;-;-;-;-;-
BGIM26P035250;BRBMEFVBMNT7;AGRIBUSINESS;-;-;-;-;-;-;-;-;-;14,92;-;-;-;-;-;-;-
BGIM26P035300;BRBMEFVBMNC3;AGRIBUSINESS;-;-;-;-;-;-;-;-;-;15,42;-;-;-;-;-;-;-
BGIM26P035350;BRBMEFVBMNF6;AGRIBUSINESS;-;-;-;-;-;-;-;-;-;15,92;-;-;-;-;-;-;-
BGIM26P035400;BRBMEFVBMMC5;AGRIBUSINESS;-;-;-;-;-;-;-;-;-;16,42;-;-;-;-;-;-;-
BGIM26P035450;BRBMEFVBMNU5;AGRIBUSINESS;-;-;-;-;-;-;-;-;-;16,92;-;-;-;-;-;-;-
BGIM26P035500;BRBMEFVBMMN2;AGRIBUSINESS;-;-;-;-;-;-;-;-;-;17,42;-;-;-;-;-;-;-
BGIM26P035550;BRBMEFVBMND1;AGRIBUSINESS;-;-;-;-;-;-;-;-;-;17,92;-;-;-;-;-;-;-
BGIM26P035600;BRBMEFVBMNE9;AGRIBUSINESS;-;-;-;-;-;-;-;-;-;18,42;-;-;-;-;-;-;-
BGIM26P035700;BRBMEFVBMNV3;AGRIBUSINESS;-;-;-;-;-;-;-;-;-;19,42;-;-;-;-;-;-;-
BGIM26P035800;BRBMEFVBMMD3;AGRIBUSINESS;-;-;-;-;-;-;-;-;-;20,42;-;-;-;-;-;-;-
BGIM26P035900;BRBMEFVBMNW1;AGRIBUSINESS;-;-;-;-;-;-;-;-;-;21,42;-;-;-;-;-;-;-
BGIM26P036000;BRBMEFVBMMH4;AGRIBUSINESS;-;-;-;-;-;-;-;-;-;22,42;-;-;-;-;-;-;-
BGIM26P036200;BRBMEFVBMNX9;AGRIBUSINESS;-;-;-;-;-;-;-;-;-;24,42;-;-;-;-;-;-;-
BGIM26P036400;BRBMEFVBMNH2;AGRIBUSINESS;-;-;-;-;-;-;-;-;-;26,42;-;-;-;-;-;-;-
BGIM26P036500;BRBMEFVBMMJ0;AGRIBUSINESS;-;-;-;-;-;-;-;-;-;27,42;-;-;-;-;-;-;-
BGIM26P036600;BRBMEFVBMNJ8;AGRIBUSINESS;-;-;-;-;-;-;-;-;-;28,42;-;-;-;-;-;-;-
BGIM26P036800;BRBMEFVBMMM4;AGRIBUSINESS;-;-;-;-;-;-;-;-;-;30,42;-;-;-;-;-;-;-
BGIM26P037000;BRBMEFVBMMA9;AGRIBUSINESS;-;-;-;-;-;-;-;-;-;32,42;-;-;-;-;-;-;-
BGIM26P037500;BRBMEFVBMNI0;AGRIBUSINESS;-;-;-;-;-;-;-;-;-;37,42;-;-;-;-;-;-;-
BGIM26P038000;BRBMEFVBMNN0;AGRIBUSINESS;-;-;-;-;-;-;-;-;-;42,42;-;-;-;-;-;-;-
BGIM26P038600;BRBMEFVBMNA7;AGRIBUSINESS;-;-;-;-;-;-;-;-;-;48,42;-;-;-;-;-;-;-
BGIM26P039000;BRBMEFVBMN50;AGRIBUSINESS;-;-;-;-;-;-;-;-;-;52,42;-;-;-;-;-;-;-
BGIM26P040000;BRBMEFVBMN68;AGRIBUSINESS;-;-;-;-;-;-;-;-;-;62,42;-;-;-;-;-;-;-
BGIN26C028000;BRBMEFCBNS08;AGRIBUSINESS;-;-;-;-;-;-;-;-;-;49,5;-;-;-;-;-;-;-
BGIN26C028500;BRBMEFCBNS16;AGRIBUSINESS;-;-;-;-;-;-;-;-;-;44,56;-;-;-;-;-;-;-
BGIN26C029000;BRBMEFCBNS24;AGRIBUSINESS;-;-;-;-;-;-;-;-;-;39,62;-;-;-;-;-;-;-
BGIN26C030000;BRBMEFCBNRH1;AGRIBUSINESS;-;-;-;-;-;-;-;-;-;29,76;-;-;-;-;-;-;-
BGIN26C030500;BRBMEFCBNRO7;AGRIBUSINESS;-;-;-;-;-;-;-;-;-;24,88;-;-;-;-;-;-;-
BGIN26C031000;BRBMEFCBNRJ7;AGRIBUSINESS;-;-;-;-;-;-;-;-;-;20,1;-;-;-;-;-;-;-
BGIN26C031100;BRBMEFCBNRP4;AGRIBUSINESS;-;-;-;-;-;-;-;-;-;19,16;-;-;-;-;-;-;-
BGIN26C031500;BRBMEFCBNRQ2;AGRIBUSINESS;-;-;-;-;-;-;-;-;-;15,47;-;-;-;-;-;-;-
BGIN26C031700;BRBMEFCBNT56;AGRIBUSINESS;-;-;-;-;-;-;-;-;-;13,71;-;-;-;-;-;-;-
BGIN26C031800;BRBMEFCBNSW8;AGRIBUSINESS;-;-;-;-;-;-;-;-;-;12,84;-;-;-;-;-;-;-
BGIN26C031850;BRBMEFCBNSA4;AGRIBUSINESS;-;-;-;-;-;-;-;-;-;12,42;-;-;-;-;-;-;-
BGIN26C032000;BRBMEFCBNRR0;AGRIBUSINESS;-;-;-;-;-;-;-;-;-;11,18;-;-;-;-;-;-;-
BGIN26C032100;BRBMEFCBNSZ1;AGRIBUSINESS;-;-;-;-;-;-;-;-;-;10,38;-;-;-;-;-;-;-
BGIN26C032200;BRBMEFCBNSX6;AGRIBUSINESS;-;-;-;-;-;-;-;-;-;9,6;-;-;-;-;-;-;-
BGIN26C032400;BRBMEFCBNSB2;AGRIBUSINESS;-;-;-;-;-;-;-;-;-;8,14;-;-;-;-;-;-;-
BGIN26C032450;BRBMEFCBNT23;AGRIBUSINESS;-;-;-;-;-;-;-;-;-;7,79;-;-;-;-;-;-;-
BGIN26C032500;BRBMEFCBNRS8;AGRIBUSINESS;-;-;-;-;-;-;-;-;-;7,45;-;-;-;-;-;-;-
BGIN26C032600;BRBMEFCBNRT6;AGRIBUSINESS;-;-;-;-;-;-;-;-;-;6,8;-;-;-;-;-;-;-
BGIN26C032700;BRBMEFCBNSC0;AGRIBUSINESS;-;-;-;-;-;-;-;-;-;6,18;-;-;-;-;-;-;-
BGIN26C032800;BRBMEFCBNS40;AGRIBUSINESS;-;-;-;-;-;-;-;-;-;5,59;-;-;-;-;-;-;-
BGIN26C032850;BRBMEFCBNT15;AGRIBUSINESS;-;-;-;-;-;-;-;-;-;5,31;-;-;-;-;-;-;-
BGIN26C032900;BRBMEFCBNRN9;AGRIBUSINESS;-;-;-;-;-;-;-;-;-;5,04;-;-;-;-;-;-;-
BGIN26C033000;BRBMEFCBNRL3;AGRIBUSINESS;-;-;-;-;-;-;-;-;-;4,53;-;-;-;-;-;-;-
BGIN26C033200;BRBMEFCBNSD8;AGRIBUSINESS;-;-;-;-;-;-;-;-;-;3,61;-;-;-;-;-;-;-
BGIN26C033300;BRBMEFCBNSV0;AGRIBUSINESS;-;-;-;-;-;-;-;-;-;3,2;-;-;-;-;-;-;-
BGIN26C033400;BRBMEFCBNT07;AGRIBUSINESS;-;-;-;-;-;-;-;-;-;2,83;-;-;-;-;-;-;-
BGIN26C033500;BRBMEFCBNRU4;AGRIBUSINESS;4,93;3;4,93;3,06;3;-53,41;-;-;-;2,49;-;-;-;-;2;31;31326,9
BGIN26C033600;BRBMEFCBNRI9;AGRIBUSINESS;-;-;-;-;-;-;-;-;-;2,19;-;-;-;-;-;-;-
BGIN26C033700;BRBMEFCBNSL1;AGRIBUSINESS;-;-;-;-;-;-;-;-;-;1,92;-;-;-;-;-;-;-
BGIN26C033900;BRBMEFCBNT49;AGRIBUSINESS;-;-;-;-;-;-;-;-;-;1,46;-;-;-;-;-;-;-
BGIN26C034000;BRBMEFCBNRV2;AGRIBUSINESS;-;-;-;-;-;-;-;-;-;1,27;-;-;-;-;-;-;-
BGIN26C034100;BRBMEFCBNSN7;AGRIBUSINESS;-;-;-;-;-;-;-;-;-;1,1;-;-;-;-;-;-;-
BGIN26C034200;BRBMEFCBNSO5;AGRIBUSINESS;-;-;-;-;-;-;-;-;-;0,96;-;-;-;-;-;-;-
BGIN26C034300;BRBMEFCBNSE6;AGRIBUSINESS;-;-;-;-;-;-;-;-;-;0,82;-;-;-;-;-;-;-
BGIN26C034400;BRBMEFCBNSP2;AGRIBUSINESS;-;-;-;-;-;-;-;-;-;0,71;-;-;-;-;-;-;-
BGIN26C034450;BRBMEFCBNT31;AGRIBUSINESS;-;-;-;-;-;-;-;-;-;0,66;-;-;-;-;-;-;-
BGIN26C034500;BRBMEFCBNRW0;AGRIBUSINESS;-;-;-;-;-;-;-;-;-;0,61;-;-;-;-;-;-;-
BGIN26C034600;BRBMEFCBNRX8;AGRIBUSINESS;-;-;-;-;-;-;-;-;-;0,52;-;-;-;-;-;-;-
BGIN26C034700;BRBMEFCBNSK3;AGRIBUSINESS;-;-;-;-;-;-;-;-;-;0,45;-;-;-;-;-;-;-
BGIN26C034800;BRBMEFCBNS99;AGRIBUSINESS;-;-;-;-;-;-;-;-;-;0,39;-;-;-;-;-;-;-
BGIN26C034900;BRBMEFCBNSQ0;AGRIBUSINESS;-;-;-;-;-;-;-;-;-;0,33;-;-;-;-;-;-;-
BGIN26C035000;BRBMEFCBNS65;AGRIBUSINESS;-;-;-;-;-;-;-;-;-;0,28;-;-;-;-;-;-;-
BGIN26C035050;BRBMEFCBNRM1;AGRIBUSINESS;-;-;-;-;-;-;-;-;-;0,26;-;-;-;-;-;-;-
BGIN26C035100;BRBMEFCBNS81;AGRIBUSINESS;-;-;-;-;-;-;-;-;-;0,24;-;-;-;-;-;-;-
BGIN26C035200;BRBMEFCBNSR8;AGRIBUSINESS;-;-;-;-;-;-;-;-;-;0,2;-;-;-;-;-;-;-
BGIN26C035250;BRBMEFCBNSG1;AGRIBUSINESS;-;-;-;-;-;-;-;-;-;0,18;-;-;-;-;-;-;-
BGIN26C035300;BRBMEFCBNSH9;AGRIBUSINESS;-;-;-;-;-;-;-;-;-;0,16;-;-;-;-;-;-;-
BGIN26C035350;BRBMEFCBNSJ5;AGRIBUSINESS;-;-;-;-;-;-;-;-;-;0,15;-;-;-;-;-;-;-
BGIN26C035400;BRBMEFCBNSI7;AGRIBUSINESS;-;-;-;-;-;-;-;-;-;0,13;-;-;-;-;-;-;-
BGIN26C035500;BRBMEFCBNS32;AGRIBUSINESS;-;-;-;-;-;-;-;-;-;0,11;-;-;-;-;-;-;-
BGIN26C035600;BRBMEFCBNRY6;AGRIBUSINESS;-;-;-;-;-;-;-;-;-;0,09;-;-;-;-;-;-;-
BGIN26C035700;BRBMEFCBNSS6;AGRIBUSINESS;-;-;-;-;-;-;-;-;-;0,07;-;-;-;-;-;-;-
BGIN26C035800;BRBMEFCBNST4;AGRIBUSINESS;-;-;-;-;-;-;-;-;-;0,06;-;-;-;-;-;-;-
BGIN26C035900;BRBMEFCBNSU2;AGRIBUSINESS;-;-;-;-;-;-;-;-;-;0,05;-;-;-;-;-;-;-
BGIN26C036000;BRBMEFCBNS57;AGRIBUSINESS;-;-;-;-;-;-;-;-;-;0,04;-;-;-;-;-;-;-
BGIN26C036200;BRBMEFCBNSM9;AGRIBUSINESS;-;-;-;-;-;-;-;-;-;0,02;-;-;-;-;-;-;-
BGIN26C036500;BRBMEFCBNS73;AGRIBUSINESS;-;-;-;-;-;-;-;-;-;0,01;-;-;-;-;-;-;-
BGIN26C036600;BRBMEFCBNRZ3;AGRIBUSINESS;-;-;-;-;-;-;-;-;-;0,01;-;-;-;-;-;-;-
BGIN26C036650;BRBMEFCBNSY4;AGRIBUSINESS;-;-;-;-;-;-;-;-;-;0,01;-;-;-;-;-;-;-
BGIN26C037000;BRBMEFCBNRK5;AGRIBUSINESS;-;-;-;-;-;-;-;-;-;0,01;-;-;-;-;-;-;-
BGIN26C037500;BRBMEFCBNSF3;AGRIBUSINESS;-;-;-;-;-;-;-;-;-;0,01;-;-;-;-;-;-;-
BGIN26P028000;BRBMEFVBNS05;AGRIBUSINESS;-;-;-;-;-;-;-;-;-;0,01;-;-;-;-;-;-;-
BGIN26P028500;BRBMEFVBNS13;AGRIBUSINESS;-;-;-;-;-;-;-;-;-;0,01;-;-;-;-;-;-;-
BGIN26P029000;BRBMEFVBNS21;AGRIBUSINESS;-;-;-;-;-;-;-;-;-;0,01;-;-;-;-;-;-;-
BGIN26P030000;BRBMEFVBNRH1;AGRIBUSINESS;-;-;-;-;-;-;-;-;-;0,02;-;-;-;-;-;-;-
BGIN26P030500;BRBMEFVBNRO7;AGRIBUSINESS;-;-;-;-;-;-;-;-;-;0,08;-;-;-;-;-;-;-
BGIN26P031000;BRBMEFVBNRJ7;AGRIBUSINESS;-;-;-;-;-;-;-;-;-;0,24;-;-;-;-;-;-;-
BGIN26P031100;BRBMEFVBNRP4;AGRIBUSINESS;-;-;-;-;-;-;-;-;-;0,29;-;-;-;-;-;-;-
BGIN26P031500;BRBMEFVBNRQ2;AGRIBUSINESS;-;-;-;-;-;-;-;-;-;0,55;-;-;-;-;-;-;-
BGIN26P031700;BRBMEFVBNT53;AGRIBUSINESS;-;-;-;-;-;-;-;-;-;0,76;-;-;-;-;-;-;-
BGIN26P031800;BRBMEFVBNSW8;AGRIBUSINESS;-;-;-;-;-;-;-;-;-;0,89;-;-;-;-;-;-;-
BGIN26P031850;BRBMEFVBNSA4;AGRIBUSINESS;-;-;-;-;-;-;-;-;-;0,96;-;-;-;-;-;-;-
BGIN26P032000;BRBMEFVBNRR0;AGRIBUSINESS;-;-;-;-;-;-;-;-;-;1,2;-;-;-;-;-;-;-
BGIN26P032100;BRBMEFVBNSZ1;AGRIBUSINESS;-;-;-;-;-;-;-;-;-;1,39;-;-;-;-;-;-;-
BGIN26P032200;BRBMEFVBNSX6;AGRIBUSINESS;-;-;-;-;-;-;-;-;-;1,6;-;-;-;-;-;-;-
BGIN26P032400;BRBMEFVBNSB2;AGRIBUSINESS;-;-;-;-;-;-;-;-;-;2,11;-;-;-;-;-;-;-
BGIN26P032450;BRBMEFVBNT20;AGRIBUSINESS;-;-;-;-;-;-;-;-;-;2,26;-;-;-;-;-;-;-
BGIN26P032500;BRBMEFVBNRS8;AGRIBUSINESS;3,56;3,56;3,56;3,56;3,56;-14,21;-;-;-;2,41;-;-;-;-;1;30;35244
BGIN26P032600;BRBMEFVBNRT6;AGRIBUSINESS;-;-;-;-;-;-;-;-;-;2,75;-;-;-;-;-;-;-
BGIN26P032700;BRBMEFVBNSC0;AGRIBUSINESS;-;-;-;-;-;-;-;-;-;3,11;-;-;-;-;-;-;-
BGIN26P032800;BRBMEFVBNS47;AGRIBUSINESS;-;-;-;-;-;-;-;-;-;3,52;-;-;-;-;-;-;-
BGIN26P032850;BRBMEFVBNT12;AGRIBUSINESS;-;-;-;-;-;-;-;-;-;3,73;-;-;-;-;-;-;-
BGIN26P032900;BRBMEFVBNRN9;AGRIBUSINESS;-;-;-;-;-;-;-;-;-;3,95;-;-;-;-;-;-;-
BGIN26P033000;BRBMEFVBNRL3;AGRIBUSINESS;-;-;-;-;-;-;-;-;-;4,43;-;-;-;-;-;-;-
BGIN26P033200;BRBMEFVBNSD8;AGRIBUSINESS;-;-;-;-;-;-;-;-;-;5,48;-;-;-;-;-;-;-
BGIN26P033300;BRBMEFVBNSV0;AGRIBUSINESS;-;-;-;-;-;-;-;-;-;6,07;-;-;-;-;-;-;-
BGIN26P033400;BRBMEFVBNT04;AGRIBUSINESS;-;-;-;-;-;-;-;-;-;6,68;-;-;-;-;-;-;-
BGIN26P033500;BRBMEFVBNRU4;AGRIBUSINESS;-;-;-;-;-;-;-;-;-;7,33;-;-;-;-;-;-;-
BGIN26P033600;BRBMEFVBNRI9;AGRIBUSINESS;-;-;-;-;-;-;-;-;-;8,02;-;-;-;-;-;-;-
BGIN26P033700;BRBMEFVBNSL1;AGRIBUSINESS;-;-;-;-;-;-;-;-;-;8,74;-;-;-;-;-;-;-
BGIN26P033900;BRBMEFVBNT46;AGRIBUSINESS;-;-;-;-;-;-;-;-;-;10,26;-;-;-;-;-;-;-
BGIN26P034000;BRBMEFVBNRV2;AGRIBUSINESS;-;-;-;-;-;-;-;-;-;11,06;-;-;-;-;-;-;-
BGIN26P034100;BRBMEFVBNSN7;AGRIBUSINESS;-;-;-;-;-;-;-;-;-;11,87;-;-;-;-;-;-;-
BGIN26P034200;BRBMEFVBNSO5;AGRIBUSINESS;-;-;-;-;-;-;-;-;-;12,71;-;-;-;-;-;-;-
BGIN26P034300;BRBMEFVBNSE6;AGRIBUSINESS;-;-;-;-;-;-;-;-;-;13,57;-;-;-;-;-;-;-
BGIN26P034400;BRBMEFVBNSP2;AGRIBUSINESS;-;-;-;-;-;-;-;-;-;14,44;-;-;-;-;-;-;-
BGIN26P034450;BRBMEFVBNT38;AGRIBUSINESS;-;-;-;-;-;-;-;-;-;14,88;-;-;-;-;-;-;-
BGIN26P034500;BRBMEFVBNRW0;AGRIBUSINESS;-;-;-;-;-;-;-;-;-;15,33;-;-;-;-;-;-;-
BGIN26P034600;BRBMEFVBNRX8;AGRIBUSINESS;-;-;-;-;-;-;-;-;-;16,23;-;-;-;-;-;-;-
BGIN26P034700;BRBMEFVBNSK3;AGRIBUSINESS;-;-;-;-;-;-;-;-;-;17,15;-;-;-;-;-;-;-
BGIN26P034800;BRBMEFVBNS96;AGRIBUSINESS;-;-;-;-;-;-;-;-;-;18,07;-;-;-;-;-;-;-
BGIN26P034900;BRBMEFVBNSQ0;AGRIBUSINESS;-;-;-;-;-;-;-;-;-;19;-;-;-;-;-;-;-
BGIN26P035000;BRBMEFVBNS62;AGRIBUSINESS;-;-;-;-;-;-;-;-;-;19,94;-;-;-;-;-;-;-
BGIN26P035050;BRBMEFVBNRM1;AGRIBUSINESS;-;-;-;-;-;-;-;-;-;20,42;-;-;-;-;-;-;-
BGIN26P035100;BRBMEFVBNS88;AGRIBUSINESS;-;-;-;-;-;-;-;-;-;20,89;-;-;-;-;-;-;-
BGIN26P035200;BRBMEFVBNSR8;AGRIBUSINESS;-;-;-;-;-;-;-;-;-;21,84;-;-;-;-;-;-;-
BGIN26P035250;BRBMEFVBNSG1;AGRIBUSINESS;-;-;-;-;-;-;-;-;-;22,31;-;-;-;-;-;-;-
BGIN26P035300;BRBMEFVBNSH9;AGRIBUSINESS;-;-;-;-;-;-;-;-;-;22,79;-;-;-;-;-;-;-
BGIN26P035350;BRBMEFVBNSJ5;AGRIBUSINESS;-;-;-;-;-;-;-;-;-;23,27;-;-;-;-;-;-;-
BGIN26P035400;BRBMEFVBNSI7;AGRIBUSINESS;-;-;-;-;-;-;-;-;-;23,75;-;-;-;-;-;-;-
BGIN26P035500;BRBMEFVBNS39;AGRIBUSINESS;-;-;-;-;-;-;-;-;-;24,71;-;-;-;-;-;-;-
BGIN26P035600;BRBMEFVBNRY6;AGRIBUSINESS;-;-;-;-;-;-;-;-;-;25,68;-;-;-;-;-;-;-
BGIN26P035700;BRBMEFVBNSS6;AGRIBUSINESS;-;-;-;-;-;-;-;-;-;26,65;-;-;-;-;-;-;-
BGIN26P035800;BRBMEFVBNST4;AGRIBUSINESS;-;-;-;-;-;-;-;-;-;27,62;-;-;-;-;-;-;-
BGIN26P035900;BRBMEFVBNSU2;AGRIBUSINESS;-;-;-;-;-;-;-;-;-;28,6;-;-;-;-;-;-;-
BGIN26P036000;BRBMEFVBNS54;AGRIBUSINESS;-;-;-;-;-;-;-;-;-;29,58;-;-;-;-;-;-;-
BGIN26P036200;BRBMEFVBNSM9;AGRIBUSINESS;-;-;-;-;-;-;-;-;-;31,54;-;-;-;-;-;-;-
BGIN26P036500;BRBMEFVBNS70;AGRIBUSINESS;-;-;-;-;-;-;-;-;-;34,49;-;-;-;-;-;-;-
BGIN26P036600;BRBMEFVBNRZ3;AGRIBUSINESS;-;-;-;-;-;-;-;-;-;35,48;-;-;-;-;-;-;-
BGIN26P036650;BRBMEFVBNSY4;AGRIBUSINESS;-;-;-;-;-;-;-;-;-;35,97;-;-;-;-;-;-;-
BGIN26P037000;BRBMEFVBNRK5;AGRIBUSINESS;-;-;-;-;-;-;-;-;-;39,42;-;-;-;-;-;-;-
BGIN26P037500;BRBMEFVBNSF3;AGRIBUSINESS;-;-;-;-;-;-;-;-;-;44,36;-;-;-;-;-;-;-
BGIQ26C029500;BRBMEFCBQQ56;AGRIBUSINESS;-;-;-;-;-;-;-;-;-;37,46;-;-;-;-;-;-;-
BGIQ26C030000;BRBMEFCBQPZ0;AGRIBUSINESS;-;-;-;-;-;-;-;-;-;32,75;-;-;-;-;-;-;-
BGIQ26C030500;BRBMEFCBQPC9;AGRIBUSINESS;-;-;-;-;-;-;-;-;-;28,14;-;-;-;-;-;-;-
BGIQ26C031000;BRBMEFCBQPD7;AGRIBUSINESS;-;-;-;-;-;-;-;-;-;23,68;-;-;-;-;-;-;-
BGIQ26C031100;BRBMEFCBQPE5;AGRIBUSINESS;-;-;-;-;-;-;-;-;-;22,82;-;-;-;-;-;-;-
BGIQ26C031200;BRBMEFCBQQ80;AGRIBUSINESS;-;-;-;-;-;-;-;-;-;21,96;-;-;-;-;-;-;-
BGIQ26C031500;BRBMEFCBQPF2;AGRIBUSINESS;-;-;-;-;-;-;-;-;-;19,47;-;-;-;-;-;-;-
BGIQ26C031600;BRBMEFCBQQ49;AGRIBUSINESS;-;-;-;-;-;-;-;-;-;18,66;-;-;-;-;-;-;-
BGIQ26C031800;BRBMEFCBQPN6;AGRIBUSINESS;-;-;-;-;-;-;-;-;-;17,08;-;-;-;-;-;-;-
BGIQ26C032000;BRBMEFCBQOU4;AGRIBUSINESS;-;-;-;-;-;-;-;-;-;15,56;-;-;-;-;-;-;-
BGIQ26C032200;BRBMEFCBQOV2;AGRIBUSINESS;-;-;-;-;-;-;-;-;-;14,12;-;-;-;-;-;-;-
BGIQ26C032300;BRBMEFCBQPX5;AGRIBUSINESS;-;-;-;-;-;-;-;-;-;13,42;-;-;-;-;-;-;-
BGIQ26C032500;BRBMEFCBQOW0;AGRIBUSINESS;-;-;-;-;-;-;-;-;-;12,09;-;-;-;-;-;-;-
BGIQ26C032600;BRBMEFCBQOY6;AGRIBUSINESS;-;-;-;-;-;-;-;-;-;11,45;-;-;-;-;-;-;-
BGIQ26C032700;BRBMEFCBQOX8;AGRIBUSINESS;-;-;-;-;-;-;-;-;-;10,82;-;-;-;-;-;-;-
BGIQ26C032800;BRBMEFCBQOZ3;AGRIBUSINESS;-;-;-;-;-;-;-;-;-;10,22;-;-;-;-;-;-;-
BGIQ26C032900;BRBMEFCBQP65;AGRIBUSINESS;-;-;-;-;-;-;-;-;-;9,65;-;-;-;-;-;-;-
BGIQ26C033000;BRBMEFCBQP08;AGRIBUSINESS;-;-;-;-;-;-;-;-;-;9,09;-;-;-;-;-;-;-
BGIQ26C033100;BRBMEFCBQP73;AGRIBUSINESS;-;-;-;-;-;-;-;-;-;8,55;-;-;-;-;-;-;-
BGIQ26C033200;BRBMEFCBQP16;AGRIBUSINESS;-;-;-;-;-;-;-;-;-;8,03;-;-;-;-;-;-;-
BGIQ26C033300;BRBMEFCBQP81;AGRIBUSINESS;-;-;-;-;-;-;-;-;-;7,54;-;-;-;-;-;-;-
BGIQ26C033400;BRBMEFCBQP24;AGRIBUSINESS;-;-;-;-;-;-;-;-;-;7,06;-;-;-;-;-;-;-
BGIQ26C033500;BRBMEFCBQP99;AGRIBUSINESS;-;-;-;-;-;-;-;-;-;6,61;-;-;-;-;-;-;-
BGIQ26C033600;BRBMEFCBQP32;AGRIBUSINESS;-;-;-;-;-;-;-;-;-;6,18;-;-;-;-;-;-;-
BGIQ26C033700;BRBMEFCBQPA3;AGRIBUSINESS;-;-;-;-;-;-;-;-;-;5,77;-;-;-;-;-;-;-
BGIQ26C033800;BRBMEFCBQP40;AGRIBUSINESS;-;-;-;-;-;-;-;-;-;5,38;-;-;-;-;-;-;-
BGIQ26C033900;BRBMEFCBQPB1;AGRIBUSINESS;-;-;-;-;-;-;-;-;-;5,01;-;-;-;-;-;-;-
BGIQ26C034000;BRBMEFCBQP57;AGRIBUSINESS;4,37;4,37;4,37;4,37;4,37;-;-;-;-;4,66;-;-;-;-;2;60;86526
BGIQ26C034100;BRBMEFCBQQ15;AGRIBUSINESS;-;-;-;-;-;-;-;-;-;4,33;-;-;-;-;-;-;-
BGIQ26C034150;BRBMEFCBQPO4;AGRIBUSINESS;-;-;-;-;-;-;-;-;-;4,18;-;-;-;-;-;-;-
BGIQ26C034200;BRBMEFCBQPM8;AGRIBUSINESS;-;-;-;-;-;-;-;-;-;4,02;-;-;-;-;-;-;-
BGIQ26C034400;BRBMEFCBQPY3;AGRIBUSINESS;-;-;-;-;-;-;-;-;-;3,46;-;-;-;-;-;-;-
BGIQ26C034500;BRBMEFCBQPG0;AGRIBUSINESS;-;-;-;-;-;-;-;-;-;3,2;-;-;-;-;-;-;-
BGIQ26C034600;BRBMEFCBQPK2;AGRIBUSINESS;-;-;-;-;-;-;-;-;-;2,96;-;-;-;-;-;-;-
BGIQ26C034700;BRBMEFCBQQ31;AGRIBUSINESS;-;-;-;-;-;-;-;-;-;2,73;-;-;-;-;-;-;-
BGIQ26C034800;BRBMEFCBQQ23;AGRIBUSINESS;-;-;-;-;-;-;-;-;-;2,52;-;-;-;-;-;-;-
BGIQ26C034900;BRBMEFCBQQ72;AGRIBUSINESS;-;-;-;-;-;-;-;-;-;2,33;-;-;-;-;-;-;-
BGIQ26C035000;BRBMEFCBQPW7;AGRIBUSINESS;-;-;-;-;-;-;-;-;-;2,15;-;-;-;-;-;-;-
BGIQ26C035050;BRBMEFCBQPR7;AGRIBUSINESS;-;-;-;-;-;-;-;-;-;2,06;-;-;-;-;-;-;-
BGIQ26C035100;BRBMEFCBQPS5;AGRIBUSINESS;-;-;-;-;-;-;-;-;-;1,98;-;-;-;-;-;-;-
BGIQ26C035150;BRBMEFCBQPT3;AGRIBUSINESS;-;-;-;-;-;-;-;-;-;1,9;-;-;-;-;-;-;-
BGIQ26C035500;BRBMEFCBQPI6;AGRIBUSINESS;-;-;-;-;-;-;-;-;-;1,41;-;-;-;-;-;-;-
BGIQ26C035700;BRBMEFCBQPV9;AGRIBUSINESS;-;-;-;-;-;-;-;-;-;1,19;-;-;-;-;-;-;-
BGIQ26C035800;BRBMEFCBQQ64;AGRIBUSINESS;-;-;-;-;-;-;-;-;-;1,09;-;-;-;-;-;-;-
BGIQ26C035900;BRBMEFCBQQ07;AGRIBUSINESS;-;-;-;-;-;-;-;-;-;0,99;-;-;-;-;-;-;-
BGIQ26C036000;BRBMEFCBQPL0;AGRIBUSINESS;-;-;-;-;-;-;-;-;-;0,91;-;-;-;-;-;-;-
BGIQ26C036200;BRBMEFCBQPU1;AGRIBUSINESS;-;-;-;-;-;-;-;-;-;0,76;-;-;-;-;-;-;-
BGIQ26C036300;BRBMEFCBQPP1;AGRIBUSINESS;-;-;-;-;-;-;-;-;-;0,7;-;-;-;-;-;-;-
BGIQ26C036500;BRBMEFCBQPJ4;AGRIBUSINESS;-;-;-;-;-;-;-;-;-;0,58;-;-;-;-;-;-;-
BGIQ26C037000;BRBMEFCBQPH8;AGRIBUSINESS;-;-;-;-;-;-;-;-;-;0,36;-;-;-;-;-;-;-
BGIQ26C037500;BRBMEFCBQPQ9;AGRIBUSINESS;-;-;-;-;-;-;-;-;-;0,21;-;-;-;-;-;-;-
BGIQ26P029500;BRBMEFVBQQ53;AGRIBUSINESS;-;-;-;-;-;-;-;-;-;0,17;-;-;-;-;-;-;-
BGIQ26P030000;BRBMEFVBQPZ0;AGRIBUSINESS;-;-;-;-;-;-;-;-;-;0,35;-;-;-;-;-;-;-
BGIQ26P030500;BRBMEFVBQPC9;AGRIBUSINESS;-;-;-;-;-;-;-;-;-;0,63;-;-;-;-;-;-;-
BGIQ26P031000;BRBMEFVBQPD7;AGRIBUSINESS;-;-;-;-;-;-;-;-;-;1,06;-;-;-;-;-;-;-
BGIQ26P031100;BRBMEFVBQPE5;AGRIBUSINESS;-;-;-;-;-;-;-;-;-;1,17;-;-;-;-;-;-;-
BGIQ26P031200;BRBMEFVBQQ87;AGRIBUSINESS;-;-;-;-;-;-;-;-;-;1,29;-;-;-;-;-;-;-
BGIQ26P031500;BRBMEFVBQPF2;AGRIBUSINESS;-;-;-;-;-;-;-;-;-;1,73;-;-;-;-;-;-;-
BGIQ26P031600;BRBMEFVBQQ46;AGRIBUSINESS;-;-;-;-;-;-;-;-;-;1,9;-;-;-;-;-;-;-
BGIQ26P031800;BRBMEFVBQPN6;AGRIBUSINESS;-;-;-;-;-;-;-;-;-;2,28;-;-;-;-;-;-;-
BGIQ26P032000;BRBMEFVBQOU4;AGRIBUSINESS;-;-;-;-;-;-;-;-;-;2,71;-;-;-;-;-;-;-
BGIQ26P032200;BRBMEFVBQOV2;AGRIBUSINESS;-;-;-;-;-;-;-;-;-;3,22;-;-;-;-;-;-;-
BGIQ26P032300;BRBMEFVBQPX5;AGRIBUSINESS;-;-;-;-;-;-;-;-;-;3,5;-;-;-;-;-;-;-
BGIQ26P032500;BRBMEFVBQOW0;AGRIBUSINESS;-;-;-;-;-;-;-;-;-;4,12;-;-;-;-;-;-;-
BGIQ26P032600;BRBMEFVBQOY6;AGRIBUSINESS;-;-;-;-;-;-;-;-;-;4,46;-;-;-;-;-;-;-
BGIQ26P032700;BRBMEFVBQOX8;AGRIBUSINESS;-;-;-;-;-;-;-;-;-;4,81;-;-;-;-;-;-;-
BGIQ26P032800;BRBMEFVBQOZ3;AGRIBUSINESS;7,27;7,27;7,27;7,27;7,27;20,36;-;-;-;5,19;-;-;-;-;1;6;14394,6
BGIQ26P032900;BRBMEFVBQP62;AGRIBUSINESS;-;-;-;-;-;-;-;-;-;5,59;-;-;-;-;-;-;-
BGIQ26P033000;BRBMEFVBQP05;AGRIBUSINESS;-;-;-;-;-;-;-;-;-;6,01;-;-;-;-;-;-;-
BGIQ26P033100;BRBMEFVBQP70;AGRIBUSINESS;-;-;-;-;-;-;-;-;-;6,45;-;-;-;-;-;-;-
BGIQ26P033200;BRBMEFVBQP13;AGRIBUSINESS;-;-;-;-;-;-;-;-;-;6,91;-;-;-;-;-;-;-
BGIQ26P033300;BRBMEFVBQP88;AGRIBUSINESS;-;-;-;-;-;-;-;-;-;7,39;-;-;-;-;-;-;-
BGIQ26P033400;BRBMEFVBQP21;AGRIBUSINESS;-;-;-;-;-;-;-;-;-;7,89;-;-;-;-;-;-;-
BGIQ26P033500;BRBMEFVBQP96;AGRIBUSINESS;-;-;-;-;-;-;-;-;-;8,42;-;-;-;-;-;-;-
BGIQ26P033600;BRBMEFVBQP39;AGRIBUSINESS;-;-;-;-;-;-;-;-;-;8,97;-;-;-;-;-;-;-
BGIQ26P033700;BRBMEFVBQPA3;AGRIBUSINESS;-;-;-;-;-;-;-;-;-;9,54;-;-;-;-;-;-;-
BGIQ26P033800;BRBMEFVBQP47;AGRIBUSINESS;-;-;-;-;-;-;-;-;-;10,12;-;-;-;-;-;-;-
BGIQ26P033900;BRBMEFVBQPB1;AGRIBUSINESS;-;-;-;-;-;-;-;-;-;10,73;-;-;-;-;-;-;-
BGIQ26P034000;BRBMEFVBQP54;AGRIBUSINESS;-;-;-;-;-;-;-;-;-;11,35;-;-;-;-;-;-;-
BGIQ26P034100;BRBMEFVBQQ12;AGRIBUSINESS;-;-;-;-;-;-;-;-;-;12;-;-;-;-;-;-;-
BGIQ26P034150;BRBMEFVBQPO4;AGRIBUSINESS;-;-;-;-;-;-;-;-;-;12,34;-;-;-;-;-;-;-
BGIQ26P034200;BRBMEFVBQPM8;AGRIBUSINESS;-;-;-;-;-;-;-;-;-;12,67;-;-;-;-;-;-;-
BGIQ26P034400;BRBMEFVBQPY3;AGRIBUSINESS;-;-;-;-;-;-;-;-;-;14,06;-;-;-;-;-;-;-
BGIQ26P034500;BRBMEFVBQPG0;AGRIBUSINESS;-;-;-;-;-;-;-;-;-;14,78;-;-;-;-;-;-;-
BGIQ26P034600;BRBMEFVBQPK2;AGRIBUSINESS;-;-;-;-;-;-;-;-;-;15,52;-;-;-;-;-;-;-
BGIQ26P034700;BRBMEFVBQQ38;AGRIBUSINESS;-;-;-;-;-;-;-;-;-;16,26;-;-;-;-;-;-;-
BGIQ26P034800;BRBMEFVBQQ20;AGRIBUSINESS;-;-;-;-;-;-;-;-;-;17,03;-;-;-;-;-;-;-
BGIQ26P034900;BRBMEFVBQQ79;AGRIBUSINESS;-;-;-;-;-;-;-;-;-;17,82;-;-;-;-;-;-;-
BGIQ26P035000;BRBMEFVBQPW7;AGRIBUSINESS;-;-;-;-;-;-;-;-;-;18,62;-;-;-;-;-;-;-
BGIQ26P035050;BRBMEFVBQPR7;AGRIBUSINESS;-;-;-;-;-;-;-;-;-;19,02;-;-;-;-;-;-;-
BGIQ26P035100;BRBMEFVBQPS5;AGRIBUSINESS;-;-;-;-;-;-;-;-;-;19,42;-;-;-;-;-;-;-
BGIQ26P035150;BRBMEFVBQPT3;AGRIBUSINESS;-;-;-;-;-;-;-;-;-;19,83;-;-;-;-;-;-;-
BGIQ26P035500;BRBMEFVBQPI6;AGRIBUSINESS;-;-;-;-;-;-;-;-;-;22,77;-;-;-;-;-;-;-
BGIQ26P035700;BRBMEFVBQPV9;AGRIBUSINESS;-;-;-;-;-;-;-;-;-;24,49;-;-;-;-;-;-;-
BGIQ26P035800;BRBMEFVBQQ61;AGRIBUSINESS;-;-;-;-;-;-;-;-;-;25,37;-;-;-;-;-;-;-
BGIQ26P035900;BRBMEFVBQQ04;AGRIBUSINESS;-;-;-;-;-;-;-;-;-;26,26;-;-;-;-;-;-;-
BGIQ26P036000;BRBMEFVBQPL0;AGRIBUSINESS;-;-;-;-;-;-;-;-;-;27,15;-;-;-;-;-;-;-
BGIQ26P036200;BRBMEFVBQPU1;AGRIBUSINESS;-;-;-;-;-;-;-;-;-;28,95;-;-;-;-;-;-;-
BGIQ26P036300;BRBMEFVBQPP1;AGRIBUSINESS;-;-;-;-;-;-;-;-;-;29,87;-;-;-;-;-;-;-
BGIQ26P036500;BRBMEFVBQPJ4;AGRIBUSINESS;-;-;-;-;-;-;-;-;-;31,71;-;-;-;-;-;-;-
BGIQ26P037000;BRBMEFVBQPH8;AGRIBUSINESS;-;-;-;-;-;-;-;-;-;36,37;-;-;-;-;-;-;-
BGIQ26P037500;BRBMEFVBQPQ9;AGRIBUSINESS;-;-;-;-;-;-;-;-;-;41,11;-;-;-;-;-;-;-
BGIU26C029000;BRBMEFCBUVA3;AGRIBUSINESS;-;-;-;-;-;-;-;-;-;43,5;-;-;-;-;-;-;-
BGIU26C030000;BRBMEFCBUV79;AGRIBUSINESS;-;-;-;-;-;-;-;-;-;34,34;-;-;-;-;-;-;-
BGIU26C030500;BRBMEFCBUUH0;AGRIBUSINESS;-;-;-;-;-;-;-;-;-;29,9;-;-;-;-;-;-;-
BGIU26C031000;BRBMEFCBUUI8;AGRIBUSINESS;-;-;-;-;-;-;-;-;-;25,63;-;-;-;-;-;-;-
BGIU26C031100;BRBMEFCBUUJ6;AGRIBUSINESS;-;-;-;-;-;-;-;-;-;24,81;-;-;-;-;-;-;-
BGIU26C031200;BRBMEFCBUUG2;AGRIBUSINESS;-;-;-;-;-;-;-;-;-;23,99;-;-;-;-;-;-;-
BGIU26C031500;BRBMEFCBUUK4;AGRIBUSINESS;-;-;-;-;-;-;-;-;-;21,59;-;-;-;-;-;-;-
BGIU26C032000;BRBMEFCBUUL2;AGRIBUSINESS;-;-;-;-;-;-;-;-;-;17,81;-;-;-;-;-;-;-
BGIU26C032100;BRBMEFCBUV87;AGRIBUSINESS;-;-;-;-;-;-;-;-;-;17,1;-;-;-;-;-;-;-
BGIU26C032200;BRBMEFCBUVH8;AGRIBUSINESS;-;-;-;-;-;-;-;-;-;16,41;-;-;-;-;-;-;-
BGIU26C032400;BRBMEFCBUUD9;AGRIBUSINESS;-;-;-;-;-;-;-;-;-;15,06;-;-;-;-;-;-;-
BGIU26C032500;BRBMEFCBUUM0;AGRIBUSINESS;-;-;-;-;-;-;-;-;-;14,41;-;-;-;-;-;-;-
BGIU26C032600;BRBMEFCBUUN8;AGRIBUSINESS;-;-;-;-;-;-;-;-;-;13,78;-;-;-;-;-;-;-
BGIU26C032800;BRBMEFCBUVF2;AGRIBUSINESS;-;-;-;-;-;-;-;-;-;12,56;-;-;-;-;-;-;-
BGIU26C033000;BRBMEFCBUUO6;AGRIBUSINESS;-;-;-;-;-;-;-;-;-;11,42;-;-;-;-;-;-;-
BGIU26C033100;BRBMEFCBUV61;AGRIBUSINESS;-;-;-;-;-;-;-;-;-;10,87;-;-;-;-;-;-;-
BGIU26C033200;BRBMEFCBUUV1;AGRIBUSINESS;-;-;-;-;-;-;-;-;-;10,34;-;-;-;-;-;-;-
BGIU26C033500;BRBMEFCBUUP3;AGRIBUSINESS;-;-;-;-;-;-;-;-;-;8,85;-;-;-;-;-;-;-
BGIU26C033600;BRBMEFCBUVE5;AGRIBUSINESS;-;-;-;-;-;-;-;-;-;8,39;-;-;-;-;-;-;-
BGIU26C033800;BRBMEFCBUVD7;AGRIBUSINESS;-;-;-;-;-;-;-;-;-;7,54;-;-;-;-;-;-;-
BGIU26C033900;BRBMEFCBUVC9;AGRIBUSINESS;-;-;-;-;-;-;-;-;-;7,13;-;-;-;-;-;-;-
BGIU26C034000;BRBMEFCBUUF4;AGRIBUSINESS;-;-;-;-;-;-;-;-;-;6,74;-;-;-;-;-;-;-
BGIU26C034100;BRBMEFCBUV95;AGRIBUSINESS;-;-;-;-;-;-;-;-;-;6,37;-;-;-;-;-;-;-
BGIU26C034300;BRBMEFCBUV53;AGRIBUSINESS;-;-;-;-;-;-;-;-;-;5,67;-;-;-;-;-;-;-
BGIU26C034500;BRBMEFCBUUQ1;AGRIBUSINESS;-;-;-;-;-;-;-;-;-;5,05;-;-;-;-;-;-;-
BGIU26C034700;BRBMEFCBUUW9;AGRIBUSINESS;-;-;-;-;-;-;-;-;-;4,48;-;-;-;-;-;-;-
BGIU26C034800;BRBMEFCBUVG0;AGRIBUSINESS;-;-;-;-;-;-;-;-;-;4,22;-;-;-;-;-;-;-
BGIU26C035000;BRBMEFCBUUE7;AGRIBUSINESS;-;-;-;-;-;-;-;-;-;3,73;-;-;-;-;-;-;-
BGIU26C035050;BRBMEFCBUV38;AGRIBUSINESS;-;-;-;-;-;-;-;-;-;3,62;-;-;-;-;-;-;-
BGIU26C035100;BRBMEFCBUVI6;AGRIBUSINESS;-;-;-;-;-;-;-;-;-;3,51;-;-;-;-;-;-;-
BGIU26C035150;BRBMEFCBUV04;AGRIBUSINESS;-;-;-;-;-;-;-;-;-;3,4;-;-;-;-;-;-;-
BGIU26C035200;BRBMEFCBUV12;AGRIBUSINESS;-;-;-;-;-;-;-;-;-;3,29;-;-;-;-;-;-;-
BGIU26C035250;BRBMEFCBUV20;AGRIBUSINESS;-;-;-;-;-;-;-;-;-;3,19;-;-;-;-;-;-;-
BGIU26C035500;BRBMEFCBUUX7;AGRIBUSINESS;-;-;-;-;-;-;-;-;-;2,75;-;-;-;-;-;-;-
BGIU26C036000;BRBMEFCBUUY5;AGRIBUSINESS;-;-;-;-;-;-;-;-;-;2,01;-;-;-;-;-;-;-
BGIU26C036200;BRBMEFCBUVB1;AGRIBUSINESS;-;-;-;-;-;-;-;-;-;1,78;-;-;-;-;-;-;-
BGIU26C036300;BRBMEFCBUV46;AGRIBUSINESS;-;-;-;-;-;-;-;-;-;1,67;-;-;-;-;-;-;-
BGIU26C036500;BRBMEFCBUUR9;AGRIBUSINESS;-;-;-;-;-;-;-;-;-;1,47;-;-;-;-;-;-;-
BGIU26C037000;BRBMEFCBUUT5;AGRIBUSINESS;-;-;-;-;-;-;-;-;-;1,07;-;-;-;-;-;-;-
BGIU26C037500;BRBMEFCBUUZ2;AGRIBUSINESS;-;-;-;-;-;-;-;-;-;0,78;-;-;-;-;-;-;-
BGIU26C039500;BRBMEFCBUUS7;AGRIBUSINESS;-;-;-;-;-;-;-;-;-;0,17;-;-;-;-;-;-;-
BGIU26C040000;BRBMEFCBUUU3;AGRIBUSINESS;-;-;-;-;-;-;-;-;-;0,11;-;-;-;-;-;-;-
BGIU26P029000;BRBMEFVBUV92;AGRIBUSINESS;-;-;-;-;-;-;-;-;-;0,33;-;-;-;-;-;-;-
BGIU26P030000;BRBMEFVBUV68;AGRIBUSINESS;-;-;-;-;-;-;-;-;-;0,84;-;-;-;-;-;-;-
BGIU26P030500;BRBMEFVBUUG2;AGRIBUSINESS;-;-;-;-;-;-;-;-;-;1,23;-;-;-;-;-;-;-
BGIU26P031000;BRBMEFVBUUH0;AGRIBUSINESS;-;-;-;-;-;-;-;-;-;1,81;-;-;-;-;-;-;-
BGIU26P031100;BRBMEFVBUUI8;AGRIBUSINESS;-;-;-;-;-;-;-;-;-;1,95;-;-;-;-;-;-;-
BGIU26P031200;BRBMEFVBUUF4;AGRIBUSINESS;-;-;-;-;-;-;-;-;-;2,09;-;-;-;-;-;-;-
BGIU26P031500;BRBMEFVBUUJ6;AGRIBUSINESS;3,02;3,02;3,02;3,02;3,02;0,66;-;-;-;2,59;-;-;-;-;1;4;3986,4
BGIU26P032000;BRBMEFVBUUK4;AGRIBUSINESS;4,9;4,9;4,9;4,9;4,9;8,88;-;-;-;3,65;-;-;-;-;1;15;24255
BGIU26P032100;BRBMEFVBUV76;AGRIBUSINESS;-;-;-;-;-;-;-;-;-;3,9;-;-;-;-;-;-;-
BGIU26P032200;BRBMEFVBUVG0;AGRIBUSINESS;-;-;-;-;-;-;-;-;-;4,18;-;-;-;-;-;-;-
BGIU26P032400;BRBMEFVBUUC1;AGRIBUSINESS;-;-;-;-;-;-;-;-;-;4,77;-;-;-;-;-;-;-
BGIU26P032500;BRBMEFVBUUL2;AGRIBUSINESS;5,72;5,72;5,72;5,72;5,72;-5,45;-;-;-;5,09;-;-;-;-;1;4;7550,4
BGIU26P032600;BRBMEFVBUUM0;AGRIBUSINESS;-;-;-;-;-;-;-;-;-;5,42;-;-;-;-;-;-;-
BGIU26P032800;BRBMEFVBUVE5;AGRIBUSINESS;-;-;-;-;-;-;-;-;-;6,14;-;-;-;-;-;-;-
BGIU26P033000;BRBMEFVBUUN8;AGRIBUSINESS;-;-;-;-;-;-;-;-;-;6,92;-;-;-;-;-;-;-
BGIU26P033100;BRBMEFVBUV50;AGRIBUSINESS;-;-;-;-;-;-;-;-;-;7,35;-;-;-;-;-;-;-
BGIU26P033200;BRBMEFVBUUU3;AGRIBUSINESS;-;-;-;-;-;-;-;-;-;7,78;-;-;-;-;-;-;-
BGIU26P033500;BRBMEFVBUUO6;AGRIBUSINESS;-;-;-;-;-;-;-;-;-;9,19;-;-;-;-;-;-;-
BGIU26P033600;BRBMEFVBUVD7;AGRIBUSINESS;-;-;-;-;-;-;-;-;-;9,7;-;-;-;-;-;-;-
BGIU26P033800;BRBMEFVBUVC9;AGRIBUSINESS;-;-;-;-;-;-;-;-;-;10,77;-;-;-;-;-;-;-
BGIU26P033900;BRBMEFVBUVB1;AGRIBUSINESS;-;-;-;-;-;-;-;-;-;11,33;-;-;-;-;-;-;-
BGIU26P034000;BRBMEFVBUUE7;AGRIBUSINESS;-;-;-;-;-;-;-;-;-;11,91;-;-;-;-;-;-;-
BGIU26P034100;BRBMEFVBUV84;AGRIBUSINESS;-;-;-;-;-;-;-;-;-;12,51;-;-;-;-;-;-;-
BGIU26P034300;BRBMEFVBUV43;AGRIBUSINESS;-;-;-;-;-;-;-;-;-;13,74;-;-;-;-;-;-;-
BGIU26P034500;BRBMEFVBUUP3;AGRIBUSINESS;-;-;-;-;-;-;-;-;-;15,05;-;-;-;-;-;-;-
BGIU26P034700;BRBMEFVBUUV1;AGRIBUSINESS;-;-;-;-;-;-;-;-;-;16,42;-;-;-;-;-;-;-
BGIU26P034800;BRBMEFVBUVF2;AGRIBUSINESS;-;-;-;-;-;-;-;-;-;17,12;-;-;-;-;-;-;-
BGIU26P035000;BRBMEFVBUUD9;AGRIBUSINESS;-;-;-;-;-;-;-;-;-;18,57;-;-;-;-;-;-;-
BGIU26P035050;BRBMEFVBUV27;AGRIBUSINESS;-;-;-;-;-;-;-;-;-;18,94;-;-;-;-;-;-;-
BGIU26P035100;BRBMEFVBUVH8;AGRIBUSINESS;-;-;-;-;-;-;-;-;-;19,31;-;-;-;-;-;-;-
BGIU26P035150;BRBMEFVBUUZ2;AGRIBUSINESS;-;-;-;-;-;-;-;-;-;19,69;-;-;-;-;-;-;-
BGIU26P035200;BRBMEFVBUV01;AGRIBUSINESS;-;-;-;-;-;-;-;-;-;20,06;-;-;-;-;-;-;-
BGIU26P035250;BRBMEFVBUV19;AGRIBUSINESS;-;-;-;-;-;-;-;-;-;20,45;-;-;-;-;-;-;-
BGIU26P035500;BRBMEFVBUUW9;AGRIBUSINESS;-;-;-;-;-;-;-;-;-;22,42;-;-;-;-;-;-;-
BGIU26P036000;BRBMEFVBUUX7;AGRIBUSINESS;-;-;-;-;-;-;-;-;-;26,52;-;-;-;-;-;-;-
BGIU26P036200;BRBMEFVBUVA3;AGRIBUSINESS;-;-;-;-;-;-;-;-;-;28,21;-;-;-;-;-;-;-
BGIU26P036300;BRBMEFVBUV35;AGRIBUSINESS;-;-;-;-;-;-;-;-;-;29,07;-;-;-;-;-;-;-
BGIU26P036500;BRBMEFVBUUQ1;AGRIBUSINESS;-;-;-;-;-;-;-;-;-;30,81;-;-;-;-;-;-;-
BGIU26P037000;BRBMEFVBUUS7;AGRIBUSINESS;-;-;-;-;-;-;-;-;-;35,24;-;-;-;-;-;-;-
BGIU26P037500;BRBMEFVBUUY5;AGRIBUSINESS;-;-;-;-;-;-;-;-;-;39,78;-;-;-;-;-;-;-
BGIU26P039500;BRBMEFVBUUR9;AGRIBUSINESS;-;-;-;-;-;-;-;-;-;58,51;-;-;-;-;-;-;-
BGIU26P040000;BRBMEFVBUUT5;AGRIBUSINESS;-;-;-;-;-;-;-;-;-;63,28;-;-;-;-;-;-;-
BGIV26C030000;BRBMEFCB1LN3;AGRIBUSINESS;-;-;-;-;-;-;-;-;-;41,66;-;-;-;-;-;-;-
BGIV26C031500;BRBMEFCB1KQ8;AGRIBUSINESS;-;-;-;-;-;-;-;-;-;28,83;-;-;-;-;-;-;-
BGIV26C031700;BRBMEFCB1L55;AGRIBUSINESS;-;-;-;-;-;-;-;-;-;27,22;-;-;-;-;-;-;-
BGIV26C031800;BRBMEFCB1L63;AGRIBUSINESS;-;-;-;-;-;-;-;-;-;26,43;-;-;-;-;-;-;-
BGIV26C031900;BRBMEFCB1L71;AGRIBUSINESS;-;-;-;-;-;-;-;-;-;25,65;-;-;-;-;-;-;-
BGIV26C032000;BRBMEFCB1L30;AGRIBUSINESS;-;-;-;-;-;-;-;-;-;24,88;-;-;-;-;-;-;-
BGIV26C032200;BRBMEFCB1KL9;AGRIBUSINESS;-;-;-;-;-;-;-;-;-;23,35;-;-;-;-;-;-;-
BGIV26C032400;BRBMEFCB1KB0;AGRIBUSINESS;-;-;-;-;-;-;-;-;-;21,87;-;-;-;-;-;-;-
BGIV26C032500;BRBMEFCB1L14;AGRIBUSINESS;-;-;-;-;-;-;-;-;-;21,15;-;-;-;-;-;-;-
BGIV26C032900;BRBMEFCB1LK9;AGRIBUSINESS;-;-;-;-;-;-;-;-;-;18,41;-;-;-;-;-;-;-
BGIV26C033000;BRBMEFCB1KR6;AGRIBUSINESS;-;-;-;-;-;-;-;-;-;17,76;-;-;-;-;-;-;-
BGIV26C033100;BRBMEFCB1KS4;AGRIBUSINESS;-;-;-;-;-;-;-;-;-;17,12;-;-;-;-;-;-;-
BGIV26C033200;BRBMEFCB1KT2;AGRIBUSINESS;-;-;-;-;-;-;-;-;-;16,49;-;-;-;-;-;-;-
BGIV26C033250;BRBMEFCB1LS2;AGRIBUSINESS;-;-;-;-;-;-;-;-;-;16,18;-;-;-;-;-;-;-
BGIV26C033300;BRBMEFCB1KU0;AGRIBUSINESS;-;-;-;-;-;-;-;-;-;15,87;-;-;-;-;-;-;-
BGIV26C033400;BRBMEFCB1KV8;AGRIBUSINESS;-;-;-;-;-;-;-;-;-;15,27;-;-;-;-;-;-;-
BGIV26C033450;BRBMEFCB1LO1;AGRIBUSINESS;-;-;-;-;-;-;-;-;-;14,97;-;-;-;-;-;-;-
BGIV26C033500;BRBMEFCB1KH7;AGRIBUSINESS;-;-;-;-;-;-;-;-;-;14,68;-;-;-;-;-;-;-
BGIV26C033600;BRBMEFCB1KW6;AGRIBUSINESS;-;-;-;-;-;-;-;-;-;14,12;-;-;-;-;-;-;-
BGIV26C033700;BRBMEFCB1KX4;AGRIBUSINESS;-;-;-;-;-;-;-;-;-;13,56;-;-;-;-;-;-;-
BGIV26C033750;BRBMEFCB1LT0;AGRIBUSINESS;-;-;-;-;-;-;-;-;-;13,3;-;-;-;-;-;-;-
BGIV26C033800;BRBMEFCB1KY2;AGRIBUSINESS;-;-;-;-;-;-;-;-;-;13,03;-;-;-;-;-;-;-
BGIV26C033900;BRBMEFCB1KZ9;AGRIBUSINESS;-;-;-;-;-;-;-;-;-;12,49;-;-;-;-;-;-;-
BGIV26C033950;BRBMEFCB1LP8;AGRIBUSINESS;-;-;-;-;-;-;-;-;-;12,24;-;-;-;-;-;-;-
BGIV26C034000;BRBMEFCB1L06;AGRIBUSINESS;-;-;-;-;-;-;-;-;-;11,98;-;-;-;-;-;-;-
BGIV26C034200;BRBMEFCB1KJ3;AGRIBUSINESS;-;-;-;-;-;-;-;-;-;11;-;-;-;-;-;-;-
BGIV26C034300;BRBMEFCB1LJ1;AGRIBUSINESS;-;-;-;-;-;-;-;-;-;10,53;-;-;-;-;-;-;-
BGIV26C034400;BRBMEFCB1LE2;AGRIBUSINESS;-;-;-;-;-;-;-;-;-;10,07;-;-;-;-;-;-;-
BGIV26C034500;BRBMEFCB1KI5;AGRIBUSINESS;-;-;-;-;-;-;-;-;-;9,65;-;-;-;-;-;-;-
BGIV26C034550;BRBMEFCB1KK1;AGRIBUSINESS;-;-;-;-;-;-;-;-;-;9,43;-;-;-;-;-;-;-
BGIV26C034700;BRBMEFCB1LB8;AGRIBUSINESS;-;-;-;-;-;-;-;-;-;8,82;-;-;-;-;-;-;-
BGIV26C034800;BRBMEFCB1L89;AGRIBUSINESS;-;-;-;-;-;-;-;-;-;8,44;-;-;-;-;-;-;-
BGIV26C034900;BRBMEFCB1LL7;AGRIBUSINESS;-;-;-;-;-;-;-;-;-;8,05;-;-;-;-;-;-;-
BGIV26C035000;BRBMEFCB1KC8;AGRIBUSINESS;-;-;-;-;-;-;-;-;-;7,69;-;-;-;-;-;-;-
BGIV26C035200;BRBMEFCB1LC6;AGRIBUSINESS;-;-;-;-;-;-;-;-;-;7;-;-;-;-;-;-;-
BGIV26C035250;BRBMEFCB1LU8;AGRIBUSINESS;-;-;-;-;-;-;-;-;-;6,83;-;-;-;-;-;-;-
BGIV26C035300;BRBMEFCB1L48;AGRIBUSINESS;9,09;9,09;9,09;9,09;9,09;-37,09;-;-;-;6,67;-;-;-;-;1;15;44995,5
BGIV26C035400;BRBMEFCB1KO3;AGRIBUSINESS;-;-;-;-;-;-;-;-;-;6,36;-;-;-;-;-;-;-
BGIV26C035450;BRBMEFCB1LQ6;AGRIBUSINESS;-;-;-;-;-;-;-;-;-;6,22;-;-;-;-;-;-;-
BGIV26C035500;BRBMEFCB1KD6;AGRIBUSINESS;-;-;-;-;-;-;-;-;-;6,08;-;-;-;-;-;-;-
BGIV26C035600;BRBMEFCB1LA0;AGRIBUSINESS;-;-;-;-;-;-;-;-;-;5,8;-;-;-;-;-;-;-
BGIV26C035700;BRBMEFCB1LG7;AGRIBUSINESS;-;-;-;-;-;-;-;-;-;5,53;-;-;-;-;-;-;-
BGIV26C035750;BRBMEFCB1LV6;AGRIBUSINESS;-;-;-;-;-;-;-;-;-;5,4;-;-;-;-;-;-;-
BGIV26C035950;BRBMEFCB1LR4;AGRIBUSINESS;-;-;-;-;-;-;-;-;-;4,9;-;-;-;-;-;-;-
BGIV26C036000;BRBMEFCB1KE4;AGRIBUSINESS;-;-;-;-;-;-;-;-;-;4,78;-;-;-;-;-;-;-
BGIV26C036100;BRBMEFCB1LM5;AGRIBUSINESS;-;-;-;-;-;-;-;-;-;4,56;-;-;-;-;-;-;-
BGIV26C036200;BRBMEFCB1LH5;AGRIBUSINESS;-;-;-;-;-;-;-;-;-;4,34;-;-;-;-;-;-;-
BGIV26C036400;BRBMEFCB1LI3;AGRIBUSINESS;-;-;-;-;-;-;-;-;-;3,93;-;-;-;-;-;-;-
BGIV26C036500;BRBMEFCB1KF1;AGRIBUSINESS;-;-;-;-;-;-;-;-;-;3,75;-;-;-;-;-;-;-
BGIV26C036800;BRBMEFCB1KM7;AGRIBUSINESS;-;-;-;-;-;-;-;-;-;3,26;-;-;-;-;-;-;-
BGIV26C037000;BRBMEFCB1KG9;AGRIBUSINESS;-;-;-;-;-;-;-;-;-;2,96;-;-;-;-;-;-;-
BGIV26C037100;BRBMEFCB1L97;AGRIBUSINESS;-;-;-;-;-;-;-;-;-;2,82;-;-;-;-;-;-;-
BGIV26C037150;BRBMEFCB1LF9;AGRIBUSINESS;-;-;-;-;-;-;-;-;-;2,76;-;-;-;-;-;-;-
BGIV26C037500;BRBMEFCB1L22;AGRIBUSINESS;-;-;-;-;-;-;-;-;-;2,33;-;-;-;-;-;-;-
BGIV26C038000;BRBMEFCB1KN5;AGRIBUSINESS;-;-;-;-;-;-;-;-;-;1,84;-;-;-;-;-;-;-
BGIV26C038800;BRBMEFCB1LD4;AGRIBUSINESS;-;-;-;-;-;-;-;-;-;1,26;-;-;-;-;-;-;-
BGIV26C040000;BRBMEFCB1KP0;AGRIBUSINESS;-;-;-;-;-;-;-;-;-;0,74;-;-;-;-;-;-;-
BGIV26P030000;BRBMEFVB1LM2;AGRIBUSINESS;-;-;-;-;-;-;-;-;-;1,06;-;-;-;-;-;-;-
BGIV26P031500;BRBMEFVB1KP7;AGRIBUSINESS;-;-;-;-;-;-;-;-;-;2,58;-;-;-;-;-;-;-
BGIV26P031700;BRBMEFVB1L48;AGRIBUSINESS;-;-;-;-;-;-;-;-;-;2,89;-;-;-;-;-;-;-
BGIV26P031800;BRBMEFVB1L55;AGRIBUSINESS;-;-;-;-;-;-;-;-;-;3,05;-;-;-;-;-;-;-
BGIV26P031900;BRBMEFVB1L63;AGRIBUSINESS;-;-;-;-;-;-;-;-;-;3,22;-;-;-;-;-;-;-
BGIV26P032000;BRBMEFVB1L22;AGRIBUSINESS;-;-;-;-;-;-;-;-;-;3,41;-;-;-;-;-;-;-
BGIV26P032200;BRBMEFVB1KK8;AGRIBUSINESS;-;-;-;-;-;-;-;-;-;3,79;-;-;-;-;-;-;-
BGIV26P032400;BRBMEFVB1KA9;AGRIBUSINESS;-;-;-;-;-;-;-;-;-;4,22;-;-;-;-;-;-;-
BGIV26P032500;BRBMEFVB1L06;AGRIBUSINESS;5,55;5,55;5,55;5,55;5,55;20,12;-;-;-;4,46;-;-;-;-;1;30;54945
BGIV26P032900;BRBMEFVB1LJ8;AGRIBUSINESS;-;-;-;-;-;-;-;-;-;5,55;-;-;-;-;-;-;-
BGIV26P033000;BRBMEFVB1KQ5;AGRIBUSINESS;-;-;-;-;-;-;-;-;-;5,86;-;-;-;-;-;-;-
BGIV26P033100;BRBMEFVB1KR3;AGRIBUSINESS;-;-;-;-;-;-;-;-;-;6,17;-;-;-;-;-;-;-
BGIV26P033200;BRBMEFVB1KS1;AGRIBUSINESS;-;-;-;-;-;-;-;-;-;6,49;-;-;-;-;-;-;-
BGIV26P033250;BRBMEFVB1LR1;AGRIBUSINESS;-;-;-;-;-;-;-;-;-;6,66;-;-;-;-;-;-;-
BGIV26P033300;BRBMEFVB1KT9;AGRIBUSINESS;8,35;8,35;8,35;8,35;8,35;-;-;-;-;6,83;-;-;-;-;2;45;123997,5
BGIV26P033400;BRBMEFVB1KU7;AGRIBUSINESS;-;-;-;-;-;-;-;-;-;7,19;-;-;-;-;-;-;-
BGIV26P033450;BRBMEFVB1LN0;AGRIBUSINESS;-;-;-;-;-;-;-;-;-;7,37;-;-;-;-;-;-;-
BGIV26P033500;BRBMEFVB1KG6;AGRIBUSINESS;-;-;-;-;-;-;-;-;-;7,56;-;-;-;-;-;-;-
BGIV26P033600;BRBMEFVB1KV5;AGRIBUSINESS;-;-;-;-;-;-;-;-;-;7,95;-;-;-;-;-;-;-
BGIV26P033700;BRBMEFVB1KW3;AGRIBUSINESS;-;-;-;-;-;-;-;-;-;8,35;-;-;-;-;-;-;-
BGIV26P033750;BRBMEFVB1LS9;AGRIBUSINESS;-;-;-;-;-;-;-;-;-;8,56;-;-;-;-;-;-;-
BGIV26P033800;BRBMEFVB1KX1;AGRIBUSINESS;-;-;-;-;-;-;-;-;-;8,77;-;-;-;-;-;-;-
BGIV26P033900;BRBMEFVB1KY9;AGRIBUSINESS;-;-;-;-;-;-;-;-;-;9,2;-;-;-;-;-;-;-
BGIV26P033950;BRBMEFVB1LO8;AGRIBUSINESS;-;-;-;-;-;-;-;-;-;9,42;-;-;-;-;-;-;-
BGIV26P034000;BRBMEFVB1KZ6;AGRIBUSINESS;-;-;-;-;-;-;-;-;-;9,64;-;-;-;-;-;-;-
BGIV26P034200;BRBMEFVB1KI2;AGRIBUSINESS;-;-;-;-;-;-;-;-;-;10,57;-;-;-;-;-;-;-
BGIV26P034300;BRBMEFVB1LI0;AGRIBUSINESS;-;-;-;-;-;-;-;-;-;11,05;-;-;-;-;-;-;-
BGIV26P034400;BRBMEFVB1LD1;AGRIBUSINESS;-;-;-;-;-;-;-;-;-;11,56;-;-;-;-;-;-;-
BGIV26P034500;BRBMEFVB1KH4;AGRIBUSINESS;-;-;-;-;-;-;-;-;-;12,08;-;-;-;-;-;-;-
BGIV26P034550;BRBMEFVB1KJ0;AGRIBUSINESS;-;-;-;-;-;-;-;-;-;12,35;-;-;-;-;-;-;-
BGIV26P034700;BRBMEFVB1LA7;AGRIBUSINESS;-;-;-;-;-;-;-;-;-;13,17;-;-;-;-;-;-;-
BGIV26P034800;BRBMEFVB1L71;AGRIBUSINESS;-;-;-;-;-;-;-;-;-;13,74;-;-;-;-;-;-;-
BGIV26P034900;BRBMEFVB1LK6;AGRIBUSINESS;-;-;-;-;-;-;-;-;-;14,32;-;-;-;-;-;-;-
BGIV26P035000;BRBMEFVB1KB7;AGRIBUSINESS;-;-;-;-;-;-;-;-;-;14,91;-;-;-;-;-;-;-
BGIV26P035200;BRBMEFVB1LB5;AGRIBUSINESS;-;-;-;-;-;-;-;-;-;16,13;-;-;-;-;-;-;-
BGIV26P035250;BRBMEFVB1LT7;AGRIBUSINESS;-;-;-;-;-;-;-;-;-;16,45;-;-;-;-;-;-;-
BGIV26P035300;BRBMEFVB1L30;AGRIBUSINESS;-;-;-;-;-;-;-;-;-;16,76;-;-;-;-;-;-;-
BGIV26P035400;BRBMEFVB1KN2;AGRIBUSINESS;-;-;-;-;-;-;-;-;-;17,41;-;-;-;-;-;-;-
BGIV26P035450;BRBMEFVB1LP5;AGRIBUSINESS;-;-;-;-;-;-;-;-;-;17,74;-;-;-;-;-;-;-
BGIV26P035500;BRBMEFVB1KC5;AGRIBUSINESS;-;-;-;-;-;-;-;-;-;18,08;-;-;-;-;-;-;-
BGIV26P035600;BRBMEFVB1L97;AGRIBUSINESS;-;-;-;-;-;-;-;-;-;18,76;-;-;-;-;-;-;-
BGIV26P035700;BRBMEFVB1LF6;AGRIBUSINESS;-;-;-;-;-;-;-;-;-;19,44;-;-;-;-;-;-;-
BGIV26P035750;BRBMEFVB1LU5;AGRIBUSINESS;-;-;-;-;-;-;-;-;-;19,79;-;-;-;-;-;-;-
BGIV26P035950;BRBMEFVB1LQ3;AGRIBUSINESS;-;-;-;-;-;-;-;-;-;21,21;-;-;-;-;-;-;-
BGIV26P036000;BRBMEFVB1KD3;AGRIBUSINESS;-;-;-;-;-;-;-;-;-;21,56;-;-;-;-;-;-;-
BGIV26P036100;BRBMEFVB1LL4;AGRIBUSINESS;-;-;-;-;-;-;-;-;-;22,29;-;-;-;-;-;-;-
BGIV26P036200;BRBMEFVB1LG4;AGRIBUSINESS;-;-;-;-;-;-;-;-;-;23,03;-;-;-;-;-;-;-
BGIV26P036400;BRBMEFVB1LH2;AGRIBUSINESS;-;-;-;-;-;-;-;-;-;24,54;-;-;-;-;-;-;-
BGIV26P036500;BRBMEFVB1KE1;AGRIBUSINESS;-;-;-;-;-;-;-;-;-;25,31;-;-;-;-;-;-;-
BGIV26P036800;BRBMEFVB1KL6;AGRIBUSINESS;-;-;-;-;-;-;-;-;-;27,69;-;-;-;-;-;-;-
BGIV26P037000;BRBMEFVB1KF8;AGRIBUSINESS;-;-;-;-;-;-;-;-;-;29,31;-;-;-;-;-;-;-
BGIV26P037100;BRBMEFVB1L89;AGRIBUSINESS;-;-;-;-;-;-;-;-;-;30,13;-;-;-;-;-;-;-
BGIV26P037150;BRBMEFVB1LE9;AGRIBUSINESS;-;-;-;-;-;-;-;-;-;30,54;-;-;-;-;-;-;-
BGIV26P037500;BRBMEFVB1L14;AGRIBUSINESS;-;-;-;-;-;-;-;-;-;33,46;-;-;-;-;-;-;-
BGIV26P038000;BRBMEFVB1KM4;AGRIBUSINESS;-;-;-;-;-;-;-;-;-;37,75;-;-;-;-;-;-;-
BGIV26P038800;BRBMEFVB1LC3;AGRIBUSINESS;-;-;-;-;-;-;-;-;-;44,82;-;-;-;-;-;-;-
BGIV26P040000;BRBMEFVB1KO0;AGRIBUSINESS;-;-;-;-;-;-;-;-;-;55,77;-;-;-;-;-;-;-
BGIX26C030000;BRBMEFGI0329;AGRIBUSINESS;-;-;-;-;-;-;-;-;-;46,47;-;-;-;-;-;-;-
BGIX26C031700;BRBMEFGI02I6;AGRIBUSINESS;-;-;-;-;-;-;-;-;-;32,06;-;-;-;-;-;-;-
BGIX26C031800;BRBMEFGI02J4;AGRIBUSINESS;-;-;-;-;-;-;-;-;-;31,26;-;-;-;-;-;-;-
BGIX26C031900;BRBMEFGI02K2;AGRIBUSINESS;-;-;-;-;-;-;-;-;-;30,47;-;-;-;-;-;-;-
BGIX26C032000;BRBMEFGI02M8;AGRIBUSINESS;-;-;-;-;-;-;-;-;-;29,69;-;-;-;-;-;-;-
BGIX26C032500;BRBMEFGI02Y3;AGRIBUSINESS;-;-;-;-;-;-;-;-;-;25,87;-;-;-;-;-;-;-
BGIX26C032700;BRBMEFGI02F2;AGRIBUSINESS;-;-;-;-;-;-;-;-;-;24,4;-;-;-;-;-;-;-
BGIX26C033000;BRBMEFGI02D7;AGRIBUSINESS;-;-;-;-;-;-;-;-;-;22,3;-;-;-;-;-;-;-
BGIX26C033250;BRBMEFGI0378;AGRIBUSINESS;-;-;-;-;-;-;-;-;-;20,63;-;-;-;-;-;-;-
BGIX26C033400;BRBMEFGI02U1;AGRIBUSINESS;-;-;-;-;-;-;-;-;-;19,66;-;-;-;-;-;-;-
BGIX26C033450;BRBMEFGI0337;AGRIBUSINESS;-;-;-;-;-;-;-;-;-;19,33;-;-;-;-;-;-;-
BGIX26C033500;BRBMEFGI02C9;AGRIBUSINESS;-;-;-;-;-;-;-;-;-;19,02;-;-;-;-;-;-;-
BGIX26C033750;BRBMEFGI0386;AGRIBUSINESS;-;-;-;-;-;-;-;-;-;17,48;-;-;-;-;-;-;-
BGIX26C033800;BRBMEFGI02Q9;AGRIBUSINESS;-;-;-;-;-;-;-;-;-;17,18;-;-;-;-;-;-;-
BGIX26C033950;BRBMEFGI0345;AGRIBUSINESS;-;-;-;-;-;-;-;-;-;16,3;-;-;-;-;-;-;-
BGIX26C034000;BRBMEFGI02A3;AGRIBUSINESS;-;-;-;-;-;-;-;-;-;16,02;-;-;-;-;-;-;-
BGIX26C034200;BRBMEFGI02G0;AGRIBUSINESS;-;-;-;-;-;-;-;-;-;14,93;-;-;-;-;-;-;-
BGIX26C034500;BRBMEFGI02Z0;AGRIBUSINESS;-;-;-;-;-;-;-;-;-;13,37;-;-;-;-;-;-;-
BGIX26C034750;BRBMEFGI02S5;AGRIBUSINESS;-;-;-;-;-;-;-;-;-;12,15;-;-;-;-;-;-;-
BGIX26C034800;BRBMEFGI02T3;AGRIBUSINESS;-;-;-;-;-;-;-;-;-;11,92;-;-;-;-;-;-;-
BGIX26C034900;BRBMEFGI02V9;AGRIBUSINESS;-;-;-;-;-;-;-;-;-;11,46;-;-;-;-;-;-;-
BGIX26C034950;BRBMEFGI02W7;AGRIBUSINESS;-;-;-;-;-;-;-;-;-;11,24;-;-;-;-;-;-;-
BGIX26C035000;BRBMEFGI0261;AGRIBUSINESS;-;-;-;-;-;-;-;-;-;11,02;-;-;-;-;-;-;-
BGIX26C035050;BRBMEFGI0279;AGRIBUSINESS;-;-;-;-;-;-;-;-;-;10,81;-;-;-;-;-;-;-
BGIX26C035100;BRBMEFGI0287;AGRIBUSINESS;-;-;-;-;-;-;-;-;-;10,6;-;-;-;-;-;-;-
BGIX26C035150;BRBMEFGI0295;AGRIBUSINESS;-;-;-;-;-;-;-;-;-;10,39;-;-;-;-;-;-;-
BGIX26C035200;BRBMEFGI02X5;AGRIBUSINESS;-;-;-;-;-;-;-;-;-;10,19;-;-;-;-;-;-;-
BGIX26C035250;BRBMEFGI0394;AGRIBUSINESS;-;-;-;-;-;-;-;-;-;9,99;-;-;-;-;-;-;-
BGIX26C035300;BRBMEFGI02R7;AGRIBUSINESS;-;-;-;-;-;-;-;-;-;9,8;-;-;-;-;-;-;-
BGIX26C035450;BRBMEFGI0352;AGRIBUSINESS;-;-;-;-;-;-;-;-;-;9,22;-;-;-;-;-;-;-
BGIX26C035500;BRBMEFGI02N6;AGRIBUSINESS;-;-;-;-;-;-;-;-;-;9,04;-;-;-;-;-;-;-
BGIX26C035600;BRBMEFGI02O4;AGRIBUSINESS;-;-;-;-;-;-;-;-;-;8,67;-;-;-;-;-;-;-
BGIX26C035700;BRBMEFGI0303;AGRIBUSINESS;-;-;-;-;-;-;-;-;-;8,32;-;-;-;-;-;-;-
BGIX26C035750;BRBMEFGI03A1;AGRIBUSINESS;-;-;-;-;-;-;-;-;-;8,15;-;-;-;-;-;-;-
BGIX26C035950;BRBMEFGI0360;AGRIBUSINESS;-;-;-;-;-;-;-;-;-;7,48;-;-;-;-;-;-;-
BGIX26C036000;BRBMEFGI0311;AGRIBUSINESS;-;-;-;-;-;-;-;-;-;7,32;-;-;-;-;-;-;-
BGIX26C036200;BRBMEFGI02P1;AGRIBUSINESS;-;-;-;-;-;-;-;-;-;6,74;-;-;-;-;-;-;-
BGIX26C036500;BRBMEFGI02E5;AGRIBUSINESS;-;-;-;-;-;-;-;-;-;5,94;-;-;-;-;-;-;-
BGIX26C037000;BRBMEFGI02H8;AGRIBUSINESS;-;-;-;-;-;-;-;-;-;4,79;-;-;-;-;-;-;-
BGIX26C037500;BRBMEFGI02L0;AGRIBUSINESS;-;-;-;-;-;-;-;-;-;3,87;-;-;-;-;-;-;-
BGIX26C038000;BRBMEFGI02B1;AGRIBUSINESS;-;-;-;-;-;-;-;-;-;3,13;-;-;-;-;-;-;-
BGIX26P030000;BRBMEFBG0300;AGRIBUSINESS;-;-;-;-;-;-;-;-;-;1,16;-;-;-;-;-;-;-
BGIX26P031700;BRBMEFBG02G5;AGRIBUSINESS;-;-;-;-;-;-;-;-;-;2,85;-;-;-;-;-;-;-
BGIX26P031800;BRBMEFBG02H3;AGRIBUSINESS;-;-;-;-;-;-;-;-;-;3;-;-;-;-;-;-;-
BGIX26P031900;BRBMEFBG02I1;AGRIBUSINESS;-;-;-;-;-;-;-;-;-;3,15;-;-;-;-;-;-;-
BGIX26P032000;BRBMEFBG02K7;AGRIBUSINESS;-;-;-;-;-;-;-;-;-;3,32;-;-;-;-;-;-;-
BGIX26P032500;BRBMEFBG02W2;AGRIBUSINESS;-;-;-;-;-;-;-;-;-;4,24;-;-;-;-;-;-;-
BGIX26P032700;BRBMEFBG02D2;AGRIBUSINESS;-;-;-;-;-;-;-;-;-;4,66;-;-;-;-;-;-;-
BGIX26P033000;BRBMEFBG02B6;AGRIBUSINESS;-;-;-;-;-;-;-;-;-;5,4;-;-;-;-;-;-;-
BGIX26P033250;BRBMEFBG0359;AGRIBUSINESS;-;-;-;-;-;-;-;-;-;6,1;-;-;-;-;-;-;-
BGIX26P033400;BRBMEFBG02S0;AGRIBUSINESS;-;-;-;-;-;-;-;-;-;6,54;-;-;-;-;-;-;-
BGIX26P033450;BRBMEFBG0318;AGRIBUSINESS;-;-;-;-;-;-;-;-;-;6,69;-;-;-;-;-;-;-
BGIX26P033500;BRBMEFBG02A8;AGRIBUSINESS;-;-;-;-;-;-;-;-;-;6,85;-;-;-;-;-;-;-
BGIX26P033750;BRBMEFBG0367;AGRIBUSINESS;-;-;-;-;-;-;-;-;-;7,68;-;-;-;-;-;-;-
BGIX26P033800;BRBMEFBG02O9;AGRIBUSINESS;-;-;-;-;-;-;-;-;-;7,86;-;-;-;-;-;-;-
BGIX26P033950;BRBMEFBG0326;AGRIBUSINESS;-;-;-;-;-;-;-;-;-;8,4;-;-;-;-;-;-;-
BGIX26P034000;BRBMEFBG0284;AGRIBUSINESS;-;-;-;-;-;-;-;-;-;8,59;-;-;-;-;-;-;-
BGIX26P034200;BRBMEFBG02E0;AGRIBUSINESS;-;-;-;-;-;-;-;-;-;9,39;-;-;-;-;-;-;-
BGIX26P034500;BRBMEFBG02X0;AGRIBUSINESS;-;-;-;-;-;-;-;-;-;10,67;-;-;-;-;-;-;-
BGIX26P034750;BRBMEFBG02Q4;AGRIBUSINESS;-;-;-;-;-;-;-;-;-;11,82;-;-;-;-;-;-;-
BGIX26P034800;BRBMEFBG02R2;AGRIBUSINESS;-;-;-;-;-;-;-;-;-;12,06;-;-;-;-;-;-;-
BGIX26P034900;BRBMEFBG02T8;AGRIBUSINESS;-;-;-;-;-;-;-;-;-;12,54;-;-;-;-;-;-;-
BGIX26P034950;BRBMEFBG02U6;AGRIBUSINESS;-;-;-;-;-;-;-;-;-;12,8;-;-;-;-;-;-;-
BGIX26P035000;BRBMEFBG0243;AGRIBUSINESS;-;-;-;-;-;-;-;-;-;13,06;-;-;-;-;-;-;-
BGIX26P035050;BRBMEFBG0250;AGRIBUSINESS;-;-;-;-;-;-;-;-;-;13,32;-;-;-;-;-;-;-
BGIX26P035100;BRBMEFBG0268;AGRIBUSINESS;-;-;-;-;-;-;-;-;-;13,59;-;-;-;-;-;-;-
BGIX26P035150;BRBMEFBG0276;AGRIBUSINESS;-;-;-;-;-;-;-;-;-;13,85;-;-;-;-;-;-;-
BGIX26P035200;BRBMEFBG02V4;AGRIBUSINESS;-;-;-;-;-;-;-;-;-;14,12;-;-;-;-;-;-;-
BGIX26P035250;BRBMEFBG0375;AGRIBUSINESS;-;-;-;-;-;-;-;-;-;14,39;-;-;-;-;-;-;-
BGIX26P035300;BRBMEFBG02P6;AGRIBUSINESS;-;-;-;-;-;-;-;-;-;14,67;-;-;-;-;-;-;-
BGIX26P035450;BRBMEFBG0334;AGRIBUSINESS;-;-;-;-;-;-;-;-;-;15,51;-;-;-;-;-;-;-
BGIX26P035500;BRBMEFBG02L5;AGRIBUSINESS;-;-;-;-;-;-;-;-;-;15,81;-;-;-;-;-;-;-
BGIX26P035600;BRBMEFBG02M3;AGRIBUSINESS;-;-;-;-;-;-;-;-;-;16,39;-;-;-;-;-;-;-
BGIX26P035700;BRBMEFBG02Y8;AGRIBUSINESS;-;-;-;-;-;-;-;-;-;16,98;-;-;-;-;-;-;-
BGIX26P035750;BRBMEFBG0383;AGRIBUSINESS;-;-;-;-;-;-;-;-;-;17,28;-;-;-;-;-;-;-
BGIX26P035950;BRBMEFBG0342;AGRIBUSINESS;-;-;-;-;-;-;-;-;-;18,52;-;-;-;-;-;-;-
BGIX26P036000;BRBMEFBG02Z5;AGRIBUSINESS;-;-;-;-;-;-;-;-;-;18,83;-;-;-;-;-;-;-
BGIX26P036200;BRBMEFBG02N1;AGRIBUSINESS;-;-;-;-;-;-;-;-;-;20,14;-;-;-;-;-;-;-
BGIX26P036500;BRBMEFBG02C4;AGRIBUSINESS;-;-;-;-;-;-;-;-;-;22,18;-;-;-;-;-;-;-
BGIX26P037000;BRBMEFBG02F7;AGRIBUSINESS;-;-;-;-;-;-;-;-;-;25,76;-;-;-;-;-;-;-
BGIX26P037500;BRBMEFBG02J9;AGRIBUSINESS;-;-;-;-;-;-;-;-;-;29,58;-;-;-;-;-;-;-
BGIX26P038000;BRBMEFBG0292;AGRIBUSINESS;-;-;-;-;-;-;-;-;-;33,58;-;-;-;-;-;-;-
BGIZ26C033000;BRBMEFCB2649;AGRIBUSINESS;-;-;-;-;-;-;-;-;-;24,77;-;-;-;-;-;-;-
BGIZ26C033500;BRBMEFCB2698;AGRIBUSINESS;-;-;-;-;-;-;-;-;-;21,5;-;-;-;-;-;-;-
BGIZ26C033600;BRBMEFCB2672;AGRIBUSINESS;-;-;-;-;-;-;-;-;-;20,88;-;-;-;-;-;-;-
BGIZ26C034000;BRBMEFCB2664;AGRIBUSINESS;-;-;-;-;-;-;-;-;-;18,48;-;-;-;-;-;-;-
BGIZ26C035000;BRBMEFCB2656;AGRIBUSINESS;-;-;-;-;-;-;-;-;-;13,33;-;-;-;-;-;-;-
BGIZ26C035100;BRBMEFCB2680;AGRIBUSINESS;-;-;-;-;-;-;-;-;-;12,87;-;-;-;-;-;-;-
BGIZ26C035300;BRBMEFCB26A6;AGRIBUSINESS;-;-;-;-;-;-;-;-;-;12;-;-;-;-;-;-;-
BGIZ26C035900;BRBMEFCB24J2;AGRIBUSINESS;-;-;-;-;-;-;-;-;-;9,68;-;-;-;-;-;-;-
BGIZ26C035950;BRBMEFCB24K0;AGRIBUSINESS;-;-;-;-;-;-;-;-;-;9,5;-;-;-;-;-;-;-
BGIZ26C036000;BRBMEFCB24L8;AGRIBUSINESS;-;-;-;-;-;-;-;-;-;9,33;-;-;-;-;-;-;-
BGIZ26C036050;BRBMEFCB24M6;AGRIBUSINESS;-;-;-;-;-;-;-;-;-;9,16;-;-;-;-;-;-;-
BGIZ26C036100;BRBMEFCB24N4;AGRIBUSINESS;-;-;-;-;-;-;-;-;-;9;-;-;-;-;-;-;-
BGIZ26C036150;BRBMEFCB24O2;AGRIBUSINESS;-;-;-;-;-;-;-;-;-;8,83;-;-;-;-;-;-;-
BGIZ26C036200;BRBMEFCB24P9;AGRIBUSINESS;-;-;-;-;-;-;-;-;-;8,66;-;-;-;-;-;-;-
BGIZ26C036250;BRBMEFCB24Q7;AGRIBUSINESS;-;-;-;-;-;-;-;-;-;8,5;-;-;-;-;-;-;-
BGIZ26C036300;BRBMEFCB24R5;AGRIBUSINESS;-;-;-;-;-;-;-;-;-;8,34;-;-;-;-;-;-;-
BGIZ26C036350;BRBMEFCB24S3;AGRIBUSINESS;-;-;-;-;-;-;-;-;-;8,18;-;-;-;-;-;-;-
BGIZ26C036400;BRBMEFCB24T1;AGRIBUSINESS;-;-;-;-;-;-;-;-;-;8,03;-;-;-;-;-;-;-
BGIZ26C036450;BRBMEFCB24U9;AGRIBUSINESS;-;-;-;-;-;-;-;-;-;7,88;-;-;-;-;-;-;-
BGIZ26C036500;BRBMEFCB24V7;AGRIBUSINESS;-;-;-;-;-;-;-;-;-;7,74;-;-;-;-;-;-;-
BGIZ26C036550;BRBMEFCB24W5;AGRIBUSINESS;-;-;-;-;-;-;-;-;-;7,6;-;-;-;-;-;-;-
BGIZ26C036600;BRBMEFCB24X3;AGRIBUSINESS;-;-;-;-;-;-;-;-;-;7,46;-;-;-;-;-;-;-
BGIZ26C036650;BRBMEFCB24Y1;AGRIBUSINESS;-;-;-;-;-;-;-;-;-;7,33;-;-;-;-;-;-;-
BGIZ26C036700;BRBMEFCB24Z8;AGRIBUSINESS;-;-;-;-;-;-;-;-;-;7,19;-;-;-;-;-;-;-
BGIZ26C036750;BRBMEFCB2508;AGRIBUSINESS;-;-;-;-;-;-;-;-;-;7,06;-;-;-;-;-;-;-
BGIZ26C036800;BRBMEFCB2516;AGRIBUSINESS;-;-;-;-;-;-;-;-;-;6,93;-;-;-;-;-;-;-
BGIZ26C036850;BRBMEFCB2524;AGRIBUSINESS;-;-;-;-;-;-;-;-;-;6,8;-;-;-;-;-;-;-
BGIZ26C036900;BRBMEFCB2532;AGRIBUSINESS;-;-;-;-;-;-;-;-;-;6,68;-;-;-;-;-;-;-
BGIZ26C036950;BRBMEFCB2540;AGRIBUSINESS;-;-;-;-;-;-;-;-;-;6,56;-;-;-;-;-;-;-
BGIZ26C037000;BRBMEFCB2557;AGRIBUSINESS;-;-;-;-;-;-;-;-;-;6,43;-;-;-;-;-;-;-
BGIZ26C037050;BRBMEFCB2565;AGRIBUSINESS;-;-;-;-;-;-;-;-;-;6,31;-;-;-;-;-;-;-
BGIZ26C037100;BRBMEFCB2573;AGRIBUSINESS;-;-;-;-;-;-;-;-;-;6,19;-;-;-;-;-;-;-
BGIZ26C037150;BRBMEFCB2581;AGRIBUSINESS;-;-;-;-;-;-;-;-;-;6,08;-;-;-;-;-;-;-
BGIZ26C037200;BRBMEFCB2599;AGRIBUSINESS;-;-;-;-;-;-;-;-;-;5,97;-;-;-;-;-;-;-
BGIZ26C037250;BRBMEFCB25A8;AGRIBUSINESS;-;-;-;-;-;-;-;-;-;5,85;-;-;-;-;-;-;-
BGIZ26C037300;BRBMEFCB25B6;AGRIBUSINESS;-;-;-;-;-;-;-;-;-;5,75;-;-;-;-;-;-;-
BGIZ26C037350;BRBMEFCB25C4;AGRIBUSINESS;-;-;-;-;-;-;-;-;-;5,64;-;-;-;-;-;-;-
BGIZ26C037400;BRBMEFCB25D2;AGRIBUSINESS;-;-;-;-;-;-;-;-;-;5,53;-;-;-;-;-;-;-
BGIZ26C037450;BRBMEFCB25E0;AGRIBUSINESS;-;-;-;-;-;-;-;-;-;5,43;-;-;-;-;-;-;-
BGIZ26C037500;BRBMEFCB25F7;AGRIBUSINESS;-;-;-;-;-;-;-;-;-;5,33;-;-;-;-;-;-;-
BGIZ26C037550;BRBMEFCB25G5;AGRIBUSINESS;-;-;-;-;-;-;-;-;-;5,22;-;-;-;-;-;-;-
BGIZ26C037600;BRBMEFCB25H3;AGRIBUSINESS;-;-;-;-;-;-;-;-;-;5,12;-;-;-;-;-;-;-
BGIZ26C037650;BRBMEFCB25I1;AGRIBUSINESS;-;-;-;-;-;-;-;-;-;5,03;-;-;-;-;-;-;-
BGIZ26C037700;BRBMEFCB25J9;AGRIBUSINESS;-;-;-;-;-;-;-;-;-;4,93;-;-;-;-;-;-;-
BGIZ26C037750;BRBMEFCB25K7;AGRIBUSINESS;-;-;-;-;-;-;-;-;-;4,83;-;-;-;-;-;-;-
BGIZ26C037800;BRBMEFCB25L5;AGRIBUSINESS;-;-;-;-;-;-;-;-;-;4,75;-;-;-;-;-;-;-
BGIZ26C037850;BRBMEFCB25M3;AGRIBUSINESS;-;-;-;-;-;-;-;-;-;4,66;-;-;-;-;-;-;-
BGIZ26C037900;BRBMEFCB25N1;AGRIBUSINESS;-;-;-;-;-;-;-;-;-;4,58;-;-;-;-;-;-;-
BGIZ26C037950;BRBMEFCB25O9;AGRIBUSINESS;-;-;-;-;-;-;-;-;-;4,49;-;-;-;-;-;-;-
BGIZ26C038000;BRBMEFCB25P6;AGRIBUSINESS;-;-;-;-;-;-;-;-;-;4,41;-;-;-;-;-;-;-
BGIZ26C038050;BRBMEFCB25Q4;AGRIBUSINESS;-;-;-;-;-;-;-;-;-;4,33;-;-;-;-;-;-;-
BGIZ26C038100;BRBMEFCB25R2;AGRIBUSINESS;-;-;-;-;-;-;-;-;-;4,25;-;-;-;-;-;-;-
BGIZ26C038150;BRBMEFCB25S0;AGRIBUSINESS;-;-;-;-;-;-;-;-;-;4,18;-;-;-;-;-;-;-
BGIZ26C038200;BRBMEFCB25T8;AGRIBUSINESS;-;-;-;-;-;-;-;-;-;4,1;-;-;-;-;-;-;-
BGIZ26C038250;BRBMEFCB25U6;AGRIBUSINESS;-;-;-;-;-;-;-;-;-;4,03;-;-;-;-;-;-;-
BGIZ26C038300;BRBMEFCB25V4;AGRIBUSINESS;-;-;-;-;-;-;-;-;-;3,95;-;-;-;-;-;-;-
BGIZ26C038350;BRBMEFCB25W2;AGRIBUSINESS;-;-;-;-;-;-;-;-;-;3,88;-;-;-;-;-;-;-
BGIZ26C038400;BRBMEFCB25X0;AGRIBUSINESS;-;-;-;-;-;-;-;-;-;3,81;-;-;-;-;-;-;-
BGIZ26C038450;BRBMEFCB25Y8;AGRIBUSINESS;-;-;-;-;-;-;-;-;-;3,74;-;-;-;-;-;-;-
BGIZ26C038500;BRBMEFCB25Z5;AGRIBUSINESS;-;-;-;-;-;-;-;-;-;3,66;-;-;-;-;-;-;-
BGIZ26C038550;BRBMEFCB2607;AGRIBUSINESS;-;-;-;-;-;-;-;-;-;3,6;-;-;-;-;-;-;-
BGIZ26C038600;BRBMEFCB2615;AGRIBUSINESS;-;-;-;-;-;-;-;-;-;3,53;-;-;-;-;-;-;-
BGIZ26C038650;BRBMEFCB2623;AGRIBUSINESS;-;-;-;-;-;-;-;-;-;3,47;-;-;-;-;-;-;-
BGIZ26C038700;BRBMEFCB2631;AGRIBUSINESS;-;-;-;-;-;-;-;-;-;3,4;-;-;-;-;-;-;-
BGIZ26P033000;BRBMEFBV2646;AGRIBUSINESS;-;-;-;-;-;-;-;-;-;5,57;-;-;-;-;-;-;-
BGIZ26P033500;BRBMEFBV2695;AGRIBUSINESS;-;-;-;-;-;-;-;-;-;6,98;-;-;-;-;-;-;-
BGIZ26P033600;BRBMEFBV2679;AGRIBUSINESS;-;-;-;-;-;-;-;-;-;7,3;-;-;-;-;-;-;-
BGIZ26P034000;BRBMEFBV2661;AGRIBUSINESS;-;-;-;-;-;-;-;-;-;8,65;-;-;-;-;-;-;-
BGIZ26P035000;BRBMEFBV2653;AGRIBUSINESS;-;-;-;-;-;-;-;-;-;12,86;-;-;-;-;-;-;-
BGIZ26P035100;BRBMEFBV2687;AGRIBUSINESS;-;-;-;-;-;-;-;-;-;13,33;-;-;-;-;-;-;-
BGIZ26P035300;BRBMEFBV26A6;AGRIBUSINESS;-;-;-;-;-;-;-;-;-;14,34;-;-;-;-;-;-;-
BGIZ26P035900;BRBMEFBV24J2;AGRIBUSINESS;-;-;-;-;-;-;-;-;-;17,64;-;-;-;-;-;-;-
BGIZ26P035950;BRBMEFBV24K0;AGRIBUSINESS;-;-;-;-;-;-;-;-;-;17,93;-;-;-;-;-;-;-
BGIZ26P036000;BRBMEFBV24L8;AGRIBUSINESS;-;-;-;-;-;-;-;-;-;18,23;-;-;-;-;-;-;-
BGIZ26P036050;BRBMEFBV24M6;AGRIBUSINESS;-;-;-;-;-;-;-;-;-;18,53;-;-;-;-;-;-;-
BGIZ26P036100;BRBMEFBV24N4;AGRIBUSINESS;-;-;-;-;-;-;-;-;-;18,83;-;-;-;-;-;-;-
BGIZ26P036150;BRBMEFBV24O2;AGRIBUSINESS;-;-;-;-;-;-;-;-;-;19,13;-;-;-;-;-;-;-
BGIZ26P036200;BRBMEFBV24P9;AGRIBUSINESS;-;-;-;-;-;-;-;-;-;19,43;-;-;-;-;-;-;-
BGIZ26P036250;BRBMEFBV24Q7;AGRIBUSINESS;-;-;-;-;-;-;-;-;-;19,74;-;-;-;-;-;-;-
BGIZ26P036300;BRBMEFBV24R5;AGRIBUSINESS;-;-;-;-;-;-;-;-;-;20,05;-;-;-;-;-;-;-
BGIZ26P036350;BRBMEFBV24S3;AGRIBUSINESS;-;-;-;-;-;-;-;-;-;20,36;-;-;-;-;-;-;-
BGIZ26P036400;BRBMEFBV24T1;AGRIBUSINESS;-;-;-;-;-;-;-;-;-;20,68;-;-;-;-;-;-;-
BGIZ26P036450;BRBMEFBV24U9;AGRIBUSINESS;-;-;-;-;-;-;-;-;-;21;-;-;-;-;-;-;-
BGIZ26P036500;BRBMEFBV24V7;AGRIBUSINESS;-;-;-;-;-;-;-;-;-;21,32;-;-;-;-;-;-;-
BGIZ26P036550;BRBMEFBV24W5;AGRIBUSINESS;-;-;-;-;-;-;-;-;-;21,65;-;-;-;-;-;-;-
BGIZ26P036600;BRBMEFBV24X3;AGRIBUSINESS;-;-;-;-;-;-;-;-;-;21,98;-;-;-;-;-;-;-
BGIZ26P036650;BRBMEFBV24Y1;AGRIBUSINESS;-;-;-;-;-;-;-;-;-;22,31;-;-;-;-;-;-;-
BGIZ26P036700;BRBMEFBV24Z8;AGRIBUSINESS;-;-;-;-;-;-;-;-;-;22,64;-;-;-;-;-;-;-
BGIZ26P036750;BRBMEFBV2505;AGRIBUSINESS;-;-;-;-;-;-;-;-;-;22,98;-;-;-;-;-;-;-
BGIZ26P036800;BRBMEFBV2513;AGRIBUSINESS;-;-;-;-;-;-;-;-;-;23,32;-;-;-;-;-;-;-
BGIZ26P036850;BRBMEFBV2521;AGRIBUSINESS;-;-;-;-;-;-;-;-;-;23,66;-;-;-;-;-;-;-
BGIZ26P036900;BRBMEFBV2539;AGRIBUSINESS;-;-;-;-;-;-;-;-;-;24;-;-;-;-;-;-;-
BGIZ26P036950;BRBMEFBV2547;AGRIBUSINESS;-;-;-;-;-;-;-;-;-;24,35;-;-;-;-;-;-;-
BGIZ26P037000;BRBMEFBV2554;AGRIBUSINESS;-;-;-;-;-;-;-;-;-;24,7;-;-;-;-;-;-;-
BGIZ26P037050;BRBMEFBV2562;AGRIBUSINESS;-;-;-;-;-;-;-;-;-;25,05;-;-;-;-;-;-;-
BGIZ26P037100;BRBMEFBV2570;AGRIBUSINESS;-;-;-;-;-;-;-;-;-;25,39;-;-;-;-;-;-;-
BGIZ26P037150;BRBMEFBV2588;AGRIBUSINESS;-;-;-;-;-;-;-;-;-;25,75;-;-;-;-;-;-;-
BGIZ26P037200;BRBMEFBV2596;AGRIBUSINESS;-;-;-;-;-;-;-;-;-;26,1;-;-;-;-;-;-;-
BGIZ26P037250;BRBMEFBV25A8;AGRIBUSINESS;-;-;-;-;-;-;-;-;-;26,46;-;-;-;-;-;-;-
BGIZ26P037300;BRBMEFBV25B6;AGRIBUSINESS;-;-;-;-;-;-;-;-;-;26,82;-;-;-;-;-;-;-
BGIZ26P037350;BRBMEFBV25C4;AGRIBUSINESS;-;-;-;-;-;-;-;-;-;27,18;-;-;-;-;-;-;-
BGIZ26P037400;BRBMEFBV25D2;AGRIBUSINESS;-;-;-;-;-;-;-;-;-;27,54;-;-;-;-;-;-;-
BGIZ26P037450;BRBMEFBV25E0;AGRIBUSINESS;-;-;-;-;-;-;-;-;-;27,91;-;-;-;-;-;-;-
BGIZ26P037500;BRBMEFBV25F7;AGRIBUSINESS;-;-;-;-;-;-;-;-;-;28,27;-;-;-;-;-;-;-
BGIZ26P037550;BRBMEFBV25G5;AGRIBUSINESS;-;-;-;-;-;-;-;-;-;28,64;-;-;-;-;-;-;-
BGIZ26P037600;BRBMEFBV25H3;AGRIBUSINESS;-;-;-;-;-;-;-;-;-;29,01;-;-;-;-;-;-;-
BGIZ26P037650;BRBMEFBV25I1;AGRIBUSINESS;-;-;-;-;-;-;-;-;-;29,38;-;-;-;-;-;-;-
BGIZ26P037700;BRBMEFBV25J9;AGRIBUSINESS;-;-;-;-;-;-;-;-;-;29,75;-;-;-;-;-;-;-
BGIZ26P037750;BRBMEFBV25K7;AGRIBUSINESS;-;-;-;-;-;-;-;-;-;30,12;-;-;-;-;-;-;-
BGIZ26P037800;BRBMEFBV25L5;AGRIBUSINESS;-;-;-;-;-;-;-;-;-;30,5;-;-;-;-;-;-;-
BGIZ26P037850;BRBMEFBV25M3;AGRIBUSINESS;-;-;-;-;-;-;-;-;-;30,89;-;-;-;-;-;-;-
BGIZ26P037900;BRBMEFBV25N1;AGRIBUSINESS;-;-;-;-;-;-;-;-;-;31,27;-;-;-;-;-;-;-
BGIZ26P037950;BRBMEFBV25O9;AGRIBUSINESS;-;-;-;-;-;-;-;-;-;31,66;-;-;-;-;-;-;-
BGIZ26P038000;BRBMEFBV25P6;AGRIBUSINESS;-;-;-;-;-;-;-;-;-;32,04;-;-;-;-;-;-;-
BGIZ26P038050;BRBMEFBV25Q4;AGRIBUSINESS;-;-;-;-;-;-;-;-;-;32,43;-;-;-;-;-;-;-
BGIZ26P038100;BRBMEFBV25R2;AGRIBUSINESS;-;-;-;-;-;-;-;-;-;32,82;-;-;-;-;-;-;-
BGIZ26P038150;BRBMEFBV25S0;AGRIBUSINESS;-;-;-;-;-;-;-;-;-;33,21;-;-;-;-;-;-;-
BGIZ26P038200;BRBMEFBV25T8;AGRIBUSINESS;-;-;-;-;-;-;-;-;-;33,6;-;-;-;-;-;-;-
BGIZ26P038250;BRBMEFBV25U6;AGRIBUSINESS;-;-;-;-;-;-;-;-;-;34;-;-;-;-;-;-;-
BGIZ26P038300;BRBMEFBV25V4;AGRIBUSINESS;-;-;-;-;-;-;-;-;-;34,39;-;-;-;-;-;-;-
BGIZ26P038350;BRBMEFBV25W2;AGRIBUSINESS;-;-;-;-;-;-;-;-;-;34,79;-;-;-;-;-;-;-
BGIZ26P038400;BRBMEFBV25X0;AGRIBUSINESS;-;-;-;-;-;-;-;-;-;35,19;-;-;-;-;-;-;-
BGIZ26P038450;BRBMEFBV25Y8;AGRIBUSINESS;-;-;-;-;-;-;-;-;-;35,59;-;-;-;-;-;-;-
BGIZ26P038500;BRBMEFBV25Z5;AGRIBUSINESS;-;-;-;-;-;-;-;-;-;35,98;-;-;-;-;-;-;-
BGIZ26P038550;BRBMEFBV2604;AGRIBUSINESS;-;-;-;-;-;-;-;-;-;36,38;-;-;-;-;-;-;-
BGIZ26P038600;BRBMEFBV2612;AGRIBUSINESS;-;-;-;-;-;-;-;-;-;36,78;-;-;-;-;-;-;-
BGIZ26P038650;BRBMEFBV2620;AGRIBUSINESS;-;-;-;-;-;-;-;-;-;37,19;-;-;-;-;-;-;-
BGIZ26P038700;BRBMEFBV2638;AGRIBUSINESS;-;-;-;-;-;-;-;-;-;37,59;-;-;-;-;-;-;-
ICFH27C030000;BRBMEFCCG8W4;AGRIBUSINESS;-;-;-;-;-;-;-;-;-;57,18;-;-;-;-;-;-;-
ICFH27C030500;BRBMEFCCG8X2;AGRIBUSINESS;-;-;-;-;-;-;-;-;-;54,22;-;-;-;-;-;-;-
ICFH27C031000;BRBMEFCCG8Y0;AGRIBUSINESS;-;-;-;-;-;-;-;-;-;51,36;-;-;-;-;-;-;-
ICFH27C031500;BRBMEFCCG8Z7;AGRIBUSINESS;-;-;-;-;-;-;-;-;-;48,6;-;-;-;-;-;-;-
ICFH27C032000;BRBMEFCCG907;AGRIBUSINESS;-;-;-;-;-;-;-;-;-;45,93;-;-;-;-;-;-;-
ICFH27C032500;BRBMEFCCG915;AGRIBUSINESS;-;-;-;-;-;-;-;-;-;43,36;-;-;-;-;-;-;-
ICFH27C033000;BRBMEFCCG923;AGRIBUSINESS;-;-;-;-;-;-;-;-;-;40,94;-;-;-;-;-;-;-
ICFH27C033500;BRBMEFCCG931;AGRIBUSINESS;-;-;-;-;-;-;-;-;-;38,62;-;-;-;-;-;-;-
ICFH27C034000;BRBMEFCCG949;AGRIBUSINESS;-;-;-;-;-;-;-;-;-;36,4;-;-;-;-;-;-;-
ICFH27C034500;BRBMEFCCG956;AGRIBUSINESS;-;-;-;-;-;-;-;-;-;34,27;-;-;-;-;-;-;-
ICFH27C035000;BRBMEFCCG964;AGRIBUSINESS;-;-;-;-;-;-;-;-;-;32,24;-;-;-;-;-;-;-
ICFH27C035500;BRBMEFCCG972;AGRIBUSINESS;-;-;-;-;-;-;-;-;-;30,31;-;-;-;-;-;-;-
ICFH27C036000;BRBMEFCCG980;AGRIBUSINESS;-;-;-;-;-;-;-;-;-;28,51;-;-;-;-;-;-;-
ICFH27C036500;BRBMEFCCG998;AGRIBUSINESS;-;-;-;-;-;-;-;-;-;26,83;-;-;-;-;-;-;-
ICFH27P030000;BRBMEFVCG8W1;AGRIBUSINESS;-;-;-;-;-;-;-;-;-;16,92;-;-;-;-;-;-;-
ICFH27P030500;BRBMEFVCG8X9;AGRIBUSINESS;-;-;-;-;-;-;-;-;-;18,57;-;-;-;-;-;-;-
ICFH27P031000;BRBMEFVCG8Y7;AGRIBUSINESS;-;-;-;-;-;-;-;-;-;20,32;-;-;-;-;-;-;-
ICFH27P031500;BRBMEFVCG8Z4;AGRIBUSINESS;-;-;-;-;-;-;-;-;-;22,17;-;-;-;-;-;-;-
ICFH27P032000;BRBMEFVCG907;AGRIBUSINESS;-;-;-;-;-;-;-;-;-;24,11;-;-;-;-;-;-;-
ICFH27P032500;BRBMEFVCG915;AGRIBUSINESS;-;-;-;-;-;-;-;-;-;26,16;-;-;-;-;-;-;-
ICFH27P033000;BRBMEFVCG923;AGRIBUSINESS;-;-;-;-;-;-;-;-;-;28,34;-;-;-;-;-;-;-
ICFH27P033500;BRBMEFVCG931;AGRIBUSINESS;-;-;-;-;-;-;-;-;-;30,64;-;-;-;-;-;-;-
ICFH27P034000;BRBMEFVCG949;AGRIBUSINESS;-;-;-;-;-;-;-;-;-;33,03;-;-;-;-;-;-;-
ICFH27P034500;BRBMEFVCG956;AGRIBUSINESS;-;-;-;-;-;-;-;-;-;35,52;-;-;-;-;-;-;-
ICFH27P035000;BRBMEFVCG964;AGRIBUSINESS;-;-;-;-;-;-;-;-;-;38,1;-;-;-;-;-;-;-
ICFH27P035500;BRBMEFVCG972;AGRIBUSINESS;-;-;-;-;-;-;-;-;-;40,78;-;-;-;-;-;-;-
ICFH27P036000;BRBMEFVCG980;AGRIBUSINESS;-;-;-;-;-;-;-;-;-;43,6;-;-;-;-;-;-;-
ICFH27P036500;BRBMEFVCG998;AGRIBUSINESS;-;-;-;-;-;-;-;-;-;46,53;-;-;-;-;-;-;-
ICFU26C019000;BRBMEFCCQC69;AGRIBUSINESS;-;-;-;-;-;-;-;-;-;158,34;-;-;-;-;-;-;-
ICFU26C025000;BRBMEFCCQB78;AGRIBUSINESS;-;-;-;-;-;-;-;-;-;99,55;-;-;-;-;-;-;-
ICFU26C027500;BRBMEFCCQBW5;AGRIBUSINESS;-;-;-;-;-;-;-;-;-;75,81;-;-;-;-;-;-;-
ICFU26C028000;BRBMEFCCQBF0;AGRIBUSINESS;-;-;-;-;-;-;-;-;-;71,18;-;-;-;-;-;-;-
ICFU26C028500;BRBMEFCCQBX3;AGRIBUSINESS;-;-;-;-;-;-;-;-;-;66,56;-;-;-;-;-;-;-
ICFU26C029000;BRBMEFCCQBK0;AGRIBUSINESS;-;-;-;-;-;-;-;-;-;62,01;-;-;-;-;-;-;-
ICFU26C029500;BRBMEFCCQBY1;AGRIBUSINESS;-;-;-;-;-;-;-;-;-;57,53;-;-;-;-;-;-;-
ICFU26C030000;BRBMEFCCQB45;AGRIBUSINESS;-;-;-;-;-;-;-;-;-;53,2;-;-;-;-;-;-;-
ICFU26C030250;BRBMEFCCQC85;AGRIBUSINESS;-;-;-;-;-;-;-;-;-;51,09;-;-;-;-;-;-;-
ICFU26C030500;BRBMEFCCQBQ7;AGRIBUSINESS;-;-;-;-;-;-;-;-;-;49;-;-;-;-;-;-;-
ICFU26C031000;BRBMEFCCQBC7;AGRIBUSINESS;-;-;-;-;-;-;-;-;-;44,93;-;-;-;-;-;-;-
ICFU26C031250;BRBMEFCCQBS3;AGRIBUSINESS;-;-;-;-;-;-;-;-;-;42,95;-;-;-;-;-;-;-
ICFU26C031500;BRBMEFCCQBP9;AGRIBUSINESS;-;-;-;-;-;-;-;-;-;41;-;-;-;-;-;-;-
ICFU26C032000;BRBMEFCCQBN4;AGRIBUSINESS;-;-;-;-;-;-;-;-;-;37,23;-;-;-;-;-;-;-
ICFU26C032500;BRBMEFCCQBU9;AGRIBUSINESS;-;-;-;-;-;-;-;-;-;33,65;-;-;-;-;-;-;-
ICFU26C032750;BRBMEFCCQC51;AGRIBUSINESS;-;-;-;-;-;-;-;-;-;31,95;-;-;-;-;-;-;-
ICFU26C033000;BRBMEFCCQBM6;AGRIBUSINESS;-;-;-;-;-;-;-;-;-;30,3;-;-;-;-;-;-;-
ICFU26C033500;BRBMEFCCQBE3;AGRIBUSINESS;-;-;-;-;-;-;-;-;-;27,15;-;-;-;-;-;-;-
ICFU26C033750;BRBMEFCCQBD5;AGRIBUSINESS;-;-;-;-;-;-;-;-;-;25,66;-;-;-;-;-;-;-
ICFU26C034000;BRBMEFCCQBO2;AGRIBUSINESS;-;-;-;-;-;-;-;-;-;24,22;-;-;-;-;-;-;-
ICFU26C034250;BRBMEFCCQC93;AGRIBUSINESS;-;-;-;-;-;-;-;-;-;22,84;-;-;-;-;-;-;-
ICFU26C034500;BRBMEFCCQBZ8;AGRIBUSINESS;-;-;-;-;-;-;-;-;-;21,52;-;-;-;-;-;-;-
ICFU26C034750;BRBMEFCCQBR5;AGRIBUSINESS;-;-;-;-;-;-;-;-;-;20,25;-;-;-;-;-;-;-
ICFU26C035000;BRBMEFCCQB94;AGRIBUSINESS;-;-;-;-;-;-;-;-;-;19,03;-;-;-;-;-;-;-
ICFU26C035500;BRBMEFCCQC02;AGRIBUSINESS;-;-;-;-;-;-;-;-;-;16,75;-;-;-;-;-;-;-
ICFU26C036000;BRBMEFCCQC10;AGRIBUSINESS;-;-;-;-;-;-;-;-;-;14,71;-;-;-;-;-;-;-
ICFU26C036500;BRBMEFCCQBB9;AGRIBUSINESS;-;-;-;-;-;-;-;-;-;12,86;-;-;-;-;-;-;-
ICFU26C037000;BRBMEFCCQBT1;AGRIBUSINESS;-;-;-;-;-;-;-;-;-;11,19;-;-;-;-;-;-;-
ICFU26C037250;BRBMEFCCQB86;AGRIBUSINESS;-;-;-;-;-;-;-;-;-;10,45;-;-;-;-;-;-;-
ICFU26C037500;BRBMEFCCQBV7;AGRIBUSINESS;-;-;-;-;-;-;-;-;-;9,75;-;-;-;-;-;-;-
ICFU26C038000;BRBMEFCCQBG8;AGRIBUSINESS;-;-;-;-;-;-;-;-;-;8,47;-;-;-;-;-;-;-
ICFU26C038500;BRBMEFCCQC28;AGRIBUSINESS;-;-;-;-;-;-;-;-;-;7,34;-;-;-;-;-;-;-
ICFU26C039000;BRBMEFCCQBA1;AGRIBUSINESS;-;-;-;-;-;-;-;-;-;6,37;-;-;-;-;-;-;-
ICFU26C039500;BRBMEFCCQBJ2;AGRIBUSINESS;-;-;-;-;-;-;-;-;-;5,57;-;-;-;-;-;-;-
ICFU26C040000;BRBMEFCCQAY3;AGRIBUSINESS;-;-;-;-;-;-;-;-;-;4,88;-;-;-;-;-;-;-
ICFU26C040500;BRBMEFCCQC36;AGRIBUSINESS;-;-;-;-;-;-;-;-;-;4,27;-;-;-;-;-;-;-
ICFU26C041000;BRBMEFCCQC44;AGRIBUSINESS;-;-;-;-;-;-;-;-;-;3,74;-;-;-;-;-;-;-
ICFU26C042000;BRBMEFCCQAZ0;AGRIBUSINESS;-;-;-;-;-;-;-;-;-;2,89;-;-;-;-;-;-;-
ICFU26C042500;BRBMEFCCQBL8;AGRIBUSINESS;-;-;-;-;-;-;-;-;-;2,54;-;-;-;-;-;-;-
ICFU26C043000;BRBMEFCCQBH6;AGRIBUSINESS;-;-;-;-;-;-;-;-;-;2,24;-;-;-;-;-;-;-
ICFU26C044000;BRBMEFCCQBI4;AGRIBUSINESS;-;-;-;-;-;-;-;-;-;1,82;-;-;-;-;-;-;-
ICFU26C045000;BRBMEFCCQB03;AGRIBUSINESS;-;-;-;-;-;-;-;-;-;1,51;-;-;-;-;-;-;-
ICFU26C047000;BRBMEFCCQB11;AGRIBUSINESS;-;-;-;-;-;-;-;-;-;1,03;-;-;-;-;-;-;-
ICFU26C048000;BRBMEFCCQC77;AGRIBUSINESS;-;-;-;-;-;-;-;-;-;0,76;-;-;-;-;-;-;-
ICFU26C050000;BRBMEFCCQB29;AGRIBUSINESS;-;-;-;-;-;-;-;-;-;0,4;-;-;-;-;-;-;-
ICFU26C052000;BRBMEFCCQB37;AGRIBUSINESS;-;-;-;-;-;-;-;-;-;0,2;-;-;-;-;-;-;-
ICFU26P019000;BRBMEFVCQC82;AGRIBUSINESS;-;-;-;-;-;-;-;-;-;0,01;-;-;-;-;-;-;-
ICFU26P025000;BRBMEFVCQB91;AGRIBUSINESS;-;-;-;-;-;-;-;-;-;0,18;-;-;-;-;-;-;-
ICFU26P027500;BRBMEFVCQBY1;AGRIBUSINESS;-;-;-;-;-;-;-;-;-;1,01;-;-;-;-;-;-;-
ICFU26P028000;BRBMEFVCQBH6;AGRIBUSINESS;-;-;-;-;-;-;-;-;-;1,3;-;-;-;-;-;-;-
ICFU26P028500;BRBMEFVCQBZ8;AGRIBUSINESS;-;-;-;-;-;-;-;-;-;1,6;-;-;-;-;-;-;-
ICFU26P029000;BRBMEFVCQBM6;AGRIBUSINESS;-;-;-;-;-;-;-;-;-;1,96;-;-;-;-;-;-;-
ICFU26P029500;BRBMEFVCQC09;AGRIBUSINESS;-;-;-;-;-;-;-;-;-;2,39;-;-;-;-;-;-;-
ICFU26P030000;BRBMEFVCQB67;AGRIBUSINESS;-;-;-;-;-;-;-;-;-;2,98;-;-;-;-;-;-;-
ICFU26P030250;BRBMEFVCQCA9;AGRIBUSINESS;-;-;-;-;-;-;-;-;-;3,32;-;-;-;-;-;-;-
ICFU26P030500;BRBMEFVCQBS3;AGRIBUSINESS;-;-;-;-;-;-;-;-;-;3,69;-;-;-;-;-;-;-
ICFU26P031000;BRBMEFVCQBE3;AGRIBUSINESS;-;-;-;-;-;-;-;-;-;4,53;-;-;3;-;-;-;-
ICFU26P031250;BRBMEFVCQBU9;AGRIBUSINESS;-;-;-;-;-;-;-;-;-;5,01;-;-;-;-;-;-;-
ICFU26P031500;BRBMEFVCQBR5;AGRIBUSINESS;-;-;-;-;-;-;-;-;-;5,52;-;-;-;-;-;-;-
ICFU26P032000;BRBMEFVCQBP9;AGRIBUSINESS;-;-;-;-;-;-;-;-;-;6,66;-;-;-;-;-;-;-
ICFU26P032500;BRBMEFVCQBW5;AGRIBUSINESS;3;3;3;3;3;-80,89;-;-;-;7,99;-;-;-;-;1;8;12408,96
ICFU26P032750;BRBMEFVCQC74;AGRIBUSINESS;-;-;-;-;-;-;-;-;-;8,75;-;-;-;-;-;-;-
ICFU26P033000;BRBMEFVCQBO2;AGRIBUSINESS;-;-;-;-;-;-;-;-;-;9,56;-;-;-;-;-;-;-
ICFU26P033500;BRBMEFVCQBG8;AGRIBUSINESS;-;-;-;-;-;-;-;-;-;11,33;-;-;-;-;-;-;-
ICFU26P033750;BRBMEFVCQBF0;AGRIBUSINESS;-;-;-;-;-;-;-;-;-;12,29;-;-;-;-;-;-;-
ICFU26P034000;BRBMEFVCQBQ7;AGRIBUSINESS;-;-;-;-;-;-;-;-;-;13,31;-;-;-;-;-;-;-
ICFU26P034250;BRBMEFVCQCB7;AGRIBUSINESS;-;-;-;-;-;-;-;-;-;14,39;-;-;-;-;-;-;-
ICFU26P034500;BRBMEFVCQC17;AGRIBUSINESS;-;-;-;-;-;-;-;-;-;15,52;-;-;-;-;-;-;-
ICFU26P034750;BRBMEFVCQBT1;AGRIBUSINESS;-;-;-;-;-;-;-;-;-;16,71;-;-;-;-;-;-;-
ICFU26P035000;BRBMEFVCQBB9;AGRIBUSINESS;12,11;12,11;12,11;12,11;12,11;-69,06;-;-;-;17,94;-;-;-;-;1;4;25045,41
ICFU26P035500;BRBMEFVCQC25;AGRIBUSINESS;-;-;-;-;-;-;-;-;-;20,58;-;-;-;-;-;-;-
ICFU26P036000;BRBMEFVCQC33;AGRIBUSINESS;-;-;-;-;-;-;-;-;-;23,45;-;-;-;-;-;-;-
ICFU26P036500;BRBMEFVCQBD5;AGRIBUSINESS;-;-;-;-;-;-;-;-;-;26,52;-;-;-;-;-;-;-
ICFU26P037000;BRBMEFVCQBV7;AGRIBUSINESS;-;-;-;-;-;-;-;-;-;29,77;-;-;-;-;-;-;-
ICFU26P037250;BRBMEFVCQBA1;AGRIBUSINESS;-;-;-;-;-;-;-;-;-;31,48;-;-;-;-;-;-;-
ICFU26P037500;BRBMEFVCQBX3;AGRIBUSINESS;-;-;-;-;-;-;-;-;-;33,24;-;-;-;-;-;-;-
ICFU26P038000;BRBMEFVCQBI4;AGRIBUSINESS;-;-;-;-;-;-;-;-;-;36,88;-;-;-;-;-;-;-
ICFU26P038500;BRBMEFVCQC41;AGRIBUSINESS;-;-;-;-;-;-;-;-;-;40,66;-;-;-;-;-;-;-
ICFU26P039000;BRBMEFVCQBC7;AGRIBUSINESS;-;-;-;-;-;-;-;-;-;44,6;-;-;-;-;-;-;-
ICFU26P039500;BRBMEFVCQBL8;AGRIBUSINESS;-;-;-;-;-;-;-;-;-;48,72;-;-;-;-;-;-;-
ICFU26P040000;BRBMEFVCQB00;AGRIBUSINESS;-;-;-;-;-;-;-;-;-;52,94;-;-;-;-;-;-;-
ICFU26P040500;BRBMEFVCQC58;AGRIBUSINESS;-;-;-;-;-;-;-;-;-;57,25;-;-;-;-;-;-;-
ICFU26P041000;BRBMEFVCQC66;AGRIBUSINESS;-;-;-;-;-;-;-;-;-;61,63;-;-;-;-;-;-;-
ICFU26P042000;BRBMEFVCQB18;AGRIBUSINESS;-;-;-;-;-;-;-;-;-;70,6;-;-;-;-;-;-;-
ICFU26P042500;BRBMEFVCQBN4;AGRIBUSINESS;-;-;-;-;-;-;-;-;-;75,17;-;-;-;-;-;-;-
ICFU26P043000;BRBMEFVCQBJ2;AGRIBUSINESS;-;-;-;-;-;-;-;-;-;79,79;-;-;-;-;-;-;-
ICFU26P044000;BRBMEFVCQBK0;AGRIBUSINESS;-;-;-;-;-;-;-;-;-;89,2;-;-;-;-;-;-;-
ICFU26P045000;BRBMEFVCQB26;AGRIBUSINESS;-;-;-;-;-;-;-;-;-;98,71;-;-;-;-;-;-;-
ICFU26P047000;BRBMEFVCQB34;AGRIBUSINESS;-;-;-;-;-;-;-;-;-;117,9;-;-;-;-;-;-;-
ICFU26P048000;BRBMEFVCQC90;AGRIBUSINESS;-;-;-;-;-;-;-;-;-;127,45;-;-;-;-;-;-;-
ICFU26P050000;BRBMEFVCQB42;AGRIBUSINESS;-;-;-;-;-;-;-;-;-;146,75;-;-;-;-;-;-;-
ICFU26P052000;BRBMEFVCQB59;AGRIBUSINESS;-;-;-;-;-;-;-;-;-;166,21;-;-;-;-;-;-;-
ICFU27C028500;BRBMEFCCQCA9;AGRIBUSINESS;-;-;-;-;-;-;-;-;-;64,44;-;-;-;-;-;-;-
ICFU27C029000;BRBMEFCCQCB7;AGRIBUSINESS;-;-;-;-;-;-;-;-;-;61,64;-;-;-;-;-;-;-
ICFU27C029500;BRBMEFCCQCC5;AGRIBUSINESS;-;-;-;-;-;-;-;-;-;58,94;-;-;-;-;-;-;-
ICFU27C030000;BRBMEFCCQCD3;AGRIBUSINESS;-;-;-;-;-;-;-;-;-;56,31;-;-;-;-;-;-;-
ICFU27C030500;BRBMEFCCQCE1;AGRIBUSINESS;-;-;-;-;-;-;-;-;-;53,78;-;-;-;-;-;-;-
ICFU27C031000;BRBMEFCCQCF8;AGRIBUSINESS;-;-;-;-;-;-;-;-;-;51,33;-;-;-;-;-;-;-
ICFU27C031500;BRBMEFCCQCG6;AGRIBUSINESS;-;-;-;-;-;-;-;-;-;48,96;-;-;-;-;-;-;-
ICFU27C032000;BRBMEFCCQCH4;AGRIBUSINESS;-;-;-;-;-;-;-;-;-;46,67;-;-;-;-;-;-;-
ICFU27C032500;BRBMEFCCQCI2;AGRIBUSINESS;-;-;-;-;-;-;-;-;-;44,49;-;-;-;-;-;-;-
ICFU27C033000;BRBMEFCCQCJ0;AGRIBUSINESS;-;-;-;-;-;-;-;-;-;42,41;-;-;-;-;-;-;-
ICFU27C033500;BRBMEFCCQCK8;AGRIBUSINESS;-;-;-;-;-;-;-;-;-;40,39;-;-;-;-;-;-;-
ICFU27C034000;BRBMEFCCQCL6;AGRIBUSINESS;-;-;-;-;-;-;-;-;-;38,47;-;-;-;-;-;-;-
ICFU27C034500;BRBMEFCCQCM4;AGRIBUSINESS;-;-;-;-;-;-;-;-;-;36,63;-;-;-;-;-;-;-
ICFU27C035000;BRBMEFCCQCN2;AGRIBUSINESS;-;-;-;-;-;-;-;-;-;34,85;-;-;-;-;-;-;-
ICFU27P028500;BRBMEFVCQCC5;AGRIBUSINESS;-;-;-;-;-;-;-;-;-;16,55;-;-;-;-;-;-;-
ICFU27P029000;BRBMEFVCQCD3;AGRIBUSINESS;-;-;-;-;-;-;-;-;-;18,07;-;-;-;-;-;-;-
ICFU27P029500;BRBMEFVCQCE1;AGRIBUSINESS;-;-;-;-;-;-;-;-;-;19,69;-;-;-;-;-;-;-
ICFU27P030000;BRBMEFVCQCF8;AGRIBUSINESS;-;-;-;-;-;-;-;-;-;21,38;-;-;-;-;-;-;-
ICFU27P030500;BRBMEFVCQCG6;AGRIBUSINESS;-;-;-;-;-;-;-;-;-;23,17;-;-;-;-;-;-;-
ICFU27P031000;BRBMEFVCQCH4;AGRIBUSINESS;-;-;-;-;-;-;-;-;-;25,03;-;-;-;-;-;-;-
ICFU27P031500;BRBMEFVCQCI2;AGRIBUSINESS;-;-;-;-;-;-;-;-;-;26,98;-;-;-;-;-;-;-
ICFU27P032000;BRBMEFVCQCJ0;AGRIBUSINESS;-;-;-;-;-;-;-;-;-;29,01;-;-;-;-;-;-;-
ICFU27P032500;BRBMEFVCQCK8;AGRIBUSINESS;-;-;-;-;-;-;-;-;-;31,15;-;-;-;-;-;-;-
ICFU27P033000;BRBMEFVCQCL6;AGRIBUSINESS;-;-;-;-;-;-;-;-;-;33,38;-;-;-;-;-;-;-
ICFU27P033500;BRBMEFVCQCM4;AGRIBUSINESS;-;-;-;-;-;-;-;-;-;35,69;-;-;-;-;-;-;-
ICFU27P034000;BRBMEFVCQCN2;AGRIBUSINESS;-;-;-;-;-;-;-;-;-;38,08;-;-;-;-;-;-;-
ICFU27P034500;BRBMEFVCQCO0;AGRIBUSINESS;-;-;-;-;-;-;-;-;-;40,55;-;-;-;-;-;-;-
ICFU27P035000;BRBMEFVCQCP7;AGRIBUSINESS;-;-;-;-;-;-;-;-;-;43,1;-;-;-;-;-;-;-
ICFZ26C027500;BRBMEFCCXA70;AGRIBUSINESS;-;-;-;-;-;-;-;-;-;71,47;-;-;-;-;-;-;-
ICFZ26C028000;BRBMEFCCXA88;AGRIBUSINESS;-;-;-;-;-;-;-;-;-;67,65;-;-;-;-;-;-;-
ICFZ26C028500;BRBMEFCCXA96;AGRIBUSINESS;-;-;-;-;-;-;-;-;-;63,91;-;-;-;-;-;-;-
ICFZ26C029000;BRBMEFCCXAA9;AGRIBUSINESS;-;-;-;-;-;-;-;-;-;60,29;-;-;-;-;-;-;-
ICFZ26C029500;BRBMEFCCXAB7;AGRIBUSINESS;-;-;-;-;-;-;-;-;-;56,77;-;-;-;-;-;-;-
ICFZ26C030000;BRBMEFCCXAC5;AGRIBUSINESS;-;-;-;-;-;-;-;-;-;53,37;-;-;-;-;-;-;-
ICFZ26C030500;BRBMEFCCXAD3;AGRIBUSINESS;-;-;-;-;-;-;-;-;-;50,08;-;-;-;-;-;-;-
ICFZ26C031000;BRBMEFCCXAE1;AGRIBUSINESS;-;-;-;-;-;-;-;-;-;46,9;-;-;-;-;-;-;-
ICFZ26C031500;BRBMEFCCXAF8;AGRIBUSINESS;-;-;-;-;-;-;-;-;-;43,86;-;-;-;-;-;-;-
ICFZ26C032000;BRBMEFCCXAG6;AGRIBUSINESS;-;-;-;-;-;-;-;-;-;40,93;-;-;-;-;-;-;-
ICFZ26C032500;BRBMEFCCXAH4;AGRIBUSINESS;-;-;-;-;-;-;-;-;-;38,13;-;-;-;-;-;-;-
ICFZ26C033000;BRBMEFCCXAI2;AGRIBUSINESS;-;-;-;-;-;-;-;-;-;35,46;-;-;-;-;-;-;-
ICFZ26C033500;BRBMEFCCXAJ0;AGRIBUSINESS;-;-;-;-;-;-;-;-;-;32,94;-;-;-;-;-;-;-
ICFZ26C034000;BRBMEFCCXAK8;AGRIBUSINESS;-;-;-;-;-;-;-;-;-;30,52;-;-;-;-;-;-;-
ICFZ26C034500;BRBMEFCCXAL6;AGRIBUSINESS;-;-;-;-;-;-;-;-;-;28,25;-;-;-;-;-;-;-
ICFZ26C035000;BRBMEFCCXAM4;AGRIBUSINESS;-;-;-;-;-;-;-;-;-;26,09;-;-;-;-;-;-;-
ICFZ26C035500;BRBMEFCCXAN2;AGRIBUSINESS;-;-;-;-;-;-;-;-;-;24,08;-;-;-;-;-;-;-
ICFZ26C036000;BRBMEFCCXAO0;AGRIBUSINESS;-;-;-;-;-;-;-;-;-;22,23;-;-;-;-;-;-;-
ICFZ26C036500;BRBMEFCCXAP7;AGRIBUSINESS;-;-;-;-;-;-;-;-;-;20,5;-;-;-;-;-;-;-
ICFZ26C037000;BRBMEFCCXAQ5;AGRIBUSINESS;-;-;-;-;-;-;-;-;-;18,87;-;-;-;-;-;-;-
ICFZ26C037500;BRBMEFCCXAR3;AGRIBUSINESS;-;-;-;-;-;-;-;-;-;17,34;-;-;-;-;-;-;-
ICFZ26C038000;BRBMEFCCXAS1;AGRIBUSINESS;-;-;-;-;-;-;-;-;-;15,94;-;-;-;-;-;-;-
ICFZ26C038500;BRBMEFCCXAT9;AGRIBUSINESS;-;-;-;-;-;-;-;-;-;14,69;-;-;-;-;-;-;-
ICFZ26C039000;BRBMEFCCXAU7;AGRIBUSINESS;-;-;-;-;-;-;-;-;-;13,53;-;-;-;-;-;-;-
ICFZ26C039500;BRBMEFCCXAV5;AGRIBUSINESS;-;-;-;-;-;-;-;-;-;12,46;-;-;-;-;-;-;-
ICFZ26C040000;BRBMEFCCXAW3;AGRIBUSINESS;-;-;-;-;-;-;-;-;-;11,46;-;-;-;-;-;-;-
ICFZ26C040500;BRBMEFCCXAX1;AGRIBUSINESS;-;-;-;-;-;-;-;-;-;10,53;-;-;-;-;-;-;-
ICFZ26C041000;BRBMEFCCXAY9;AGRIBUSINESS;-;-;-;-;-;-;-;-;-;9,69;-;-;-;-;-;-;-
ICFZ26P027500;BRBMEFVCXB76;AGRIBUSINESS;-;-;-;-;-;-;-;-;-;6,08;-;-;-;-;-;-;-
ICFZ26P028000;BRBMEFVCXB84;AGRIBUSINESS;-;-;-;-;-;-;-;-;-;7,01;-;-;-;-;-;-;-
ICFZ26P028500;BRBMEFVCXB92;AGRIBUSINESS;-;-;-;-;-;-;-;-;-;8,04;-;-;-;-;-;-;-
ICFZ26P029000;BRBMEFVCXBA7;AGRIBUSINESS;-;-;-;-;-;-;-;-;-;9,18;-;-;-;-;-;-;-
ICFZ26P029500;BRBMEFVCXBB5;AGRIBUSINESS;-;-;-;-;-;-;-;-;-;10,42;-;-;-;-;-;-;-
ICFZ26P030000;BRBMEFVCXBC3;AGRIBUSINESS;-;-;-;-;-;-;-;-;-;11,77;-;-;-;-;-;-;-
ICFZ26P030500;BRBMEFVCXBD1;AGRIBUSINESS;-;-;-;-;-;-;-;-;-;13,24;-;-;-;-;-;-;-
ICFZ26P031000;BRBMEFVCXBE9;AGRIBUSINESS;-;-;-;-;-;-;-;-;-;14,83;-;-;-;-;-;-;-
ICFZ26P031500;BRBMEFVCXBF6;AGRIBUSINESS;-;-;-;-;-;-;-;-;-;16,54;-;-;-;-;-;-;-
ICFZ26P032000;BRBMEFVCXBG4;AGRIBUSINESS;-;-;-;-;-;-;-;-;-;18,37;-;-;-;-;-;-;-
ICFZ26P032500;BRBMEFVCXBH2;AGRIBUSINESS;-;-;-;-;-;-;-;-;-;20,33;-;-;-;-;-;-;-
ICFZ26P033000;BRBMEFVCXBI0;AGRIBUSINESS;-;-;-;-;-;-;-;-;-;22,42;-;-;-;-;-;-;-
ICFZ26P033500;BRBMEFVCXBJ8;AGRIBUSINESS;-;-;-;-;-;-;-;-;-;24,65;-;-;-;-;-;-;-
ICFZ26P034000;BRBMEFVCXBK6;AGRIBUSINESS;-;-;-;-;-;-;-;-;-;27;-;-;-;-;-;-;-
ICFZ26P034500;BRBMEFVCXBL4;AGRIBUSINESS;-;-;-;-;-;-;-;-;-;29,48;-;-;-;-;-;-;-
ICFZ26P035000;BRBMEFVCXBM2;AGRIBUSINESS;-;-;-;-;-;-;-;-;-;32,08;-;-;-;-;-;-;-
ICFZ26P035500;BRBMEFVCXBN0;AGRIBUSINESS;-;-;-;-;-;-;-;-;-;34,84;-;-;-;-;-;-;-
ICFZ26P036000;BRBMEFVCXBO8;AGRIBUSINESS;-;-;-;-;-;-;-;-;-;37,74;-;-;-;-;-;-;-
ICFZ26P036500;BRBMEFVCXBP5;AGRIBUSINESS;-;-;-;-;-;-;-;-;-;40,77;-;-;-;-;-;-;-
ICFZ26P037000;BRBMEFVCXBQ3;AGRIBUSINESS;-;-;-;-;-;-;-;-;-;43,9;-;-;-;-;-;-;-
ICFZ26P037500;BRBMEFVCXBR1;AGRIBUSINESS;-;-;-;-;-;-;-;-;-;47,13;-;-;-;-;-;-;-
ICFZ26P038000;BRBMEFVCXBS9;AGRIBUSINESS;-;-;-;-;-;-;-;-;-;50,49;-;-;-;-;-;-;-
ICFZ26P038500;BRBMEFVCXBT7;AGRIBUSINESS;-;-;-;-;-;-;-;-;-;54;-;-;-;-;-;-;-
ICFZ26P039000;BRBMEFVCXBU5;AGRIBUSINESS;-;-;-;-;-;-;-;-;-;57,6;-;-;-;-;-;-;-
ICFZ26P039500;BRBMEFVCXBV3;AGRIBUSINESS;-;-;-;-;-;-;-;-;-;61,28;-;-;-;-;-;-;-
ICFZ26P040000;BRBMEFVCXBW1;AGRIBUSINESS;-;-;-;-;-;-;-;-;-;65,04;-;-;-;-;-;-;-
ICFZ26P040500;BRBMEFVCXBX9;AGRIBUSINESS;-;-;-;-;-;-;-;-;-;68,88;-;-;-;-;-;-;-
ICFZ26P041000;BRBMEFVCXBY7;AGRIBUSINESS;-;-;-;-;-;-;-;-;-;72,8;-;-;-;-;-;-;-
ETHF27C250000;BRBMEFCETMT8;AGRIBUSINESS;-;-;-;-;-;-;-;-;-;67,25;-;-;-;-;-;-;-
ETHF27P250000;BRBMEFVETMT8;AGRIBUSINESS;-;-;-;-;-;-;-;-;-;36,68;-;-;-;-;-;-;-
ETHG27C250000;BRBMEFCETMU6;AGRIBUSINESS;-;-;-;-;-;-;-;-;-;93,76;-;-;-;-;-;-;-
ETHG27P250000;BRBMEFVETMU6;AGRIBUSINESS;-;-;-;-;-;-;-;-;-;29,52;-;-;-;-;-;-;-
ETHH27C250000;BRBMEFCETMV4;AGRIBUSINESS;-;-;-;-;-;-;-;-;-;88,84;-;-;-;-;-;-;-
ETHH27C298000;BRBMEFCETMP6;AGRIBUSINESS;-;-;-;-;-;-;-;-;-;1,63;-;-;-;-;-;-;-
ETHH27C320000;BRBMEFCETMQ4;AGRIBUSINESS;-;-;-;-;-;-;-;-;-;0,12;-;-;-;-;-;-;-
ETHH27P250000;BRBMEFVETMV4;AGRIBUSINESS;-;-;-;-;-;-;-;-;-;34,4;-;-;-;-;-;-;-
ETHH27P298000;BRBMEFVETMP6;AGRIBUSINESS;-;-;-;-;-;-;-;-;-;382,67;-;-;-;-;-;-;-
ETHH27P320000;BRBMEFVETMQ4;AGRIBUSINESS;-;-;-;-;-;-;-;-;-;580,75;-;-;-;-;-;-;-
ETHZ26C250000;BRBMEFCETMX0;AGRIBUSINESS;-;-;-;-;-;-;-;-;-;52,5;-;-;-;-;-;-;-
ETHZ26P250000;BRBMEFVETMX0;AGRIBUSINESS;-;-;-;-;-;-;-;-;-;40,32;-;-;-;-;-;-;-
CCMF27C006800;BRBMEFFM0BV3;AGRIBUSINESS;-;-;-;-;-;-;-;-;-;6,39;-;-;-;-;-;-;-
CCMF27C006850;BRBMEFFM0BW1;AGRIBUSINESS;-;-;-;-;-;-;-;-;-;6,04;-;-;-;-;-;-;-
CCMF27C006900;BRBMEFFM0HO5;AGRIBUSINESS;-;-;-;-;-;-;-;-;-;5,7;-;-;-;-;-;-;-
CCMF27C006950;BRBMEFFM0H11;AGRIBUSINESS;-;-;-;-;-;-;-;-;-;5,38;-;-;-;-;-;-;-
CCMF27C007000;BRBMEFFM0E30;AGRIBUSINESS;-;-;-;-;-;-;-;-;-;5,07;-;-;-;-;-;-;-
CCMF27C007050;BRBMEFFM0DH8;AGRIBUSINESS;-;-;-;-;-;-;-;-;-;4,77;-;-;-;-;-;-;-
CCMF27C007100;BRBMEFFM0EO2;AGRIBUSINESS;-;-;-;-;-;-;-;-;-;4,48;-;-;-;-;-;-;-
CCMF27C007150;BRBMEFFM0EP9;AGRIBUSINESS;-;-;-;-;-;-;-;-;-;4,2;-;-;-;-;-;-;-
CCMF27C007200;BRBMEFFM0EQ7;AGRIBUSINESS;-;-;-;-;-;-;-;-;-;3,94;-;-;-;-;-;-;-
CCMF27C007250;BRBMEFFM0ER5;AGRIBUSINESS;-;-;-;-;-;-;-;-;-;3,69;-;-;-;-;-;-;-
CCMF27C007275;BRBMEFFM0FK7;AGRIBUSINESS;-;-;-;-;-;-;-;-;-;3,57;-;-;-;-;-;-;-
CCMF27C007300;BRBMEFFM0ES3;AGRIBUSINESS;-;-;-;-;-;-;-;-;-;3,46;-;-;-;-;-;-;-
CCMF27C007350;BRBMEFFM0GW0;AGRIBUSINESS;-;-;-;-;-;-;-;-;-;3,23;-;-;-;-;-;-;-
CCMF27C007400;BRBMEFFM0DI6;AGRIBUSINESS;-;-;-;-;-;-;-;-;-;3,02;-;-;-;-;-;-;-
CCMF27C007450;BRBMEFFM0EN4;AGRIBUSINESS;-;-;-;-;-;-;-;-;-;2,81;-;-;-;-;-;-;-
CCMF27C007500;BRBMEFFM0BX9;AGRIBUSINESS;-;-;-;-;-;-;-;-;-;2,62;-;-;-;-;-;-;-
CCMF27C007600;BRBMEFFM0GK5;AGRIBUSINESS;-;-;-;-;-;-;-;-;-;2,28;-;-;-;-;-;-;-
CCMF27C007650;BRBMEFFM0HK3;AGRIBUSINESS;-;-;-;-;-;-;-;-;-;2,12;-;-;-;-;-;-;-
CCMF27C007700;BRBMEFFM0GD0;AGRIBUSINESS;-;-;-;-;-;-;-;-;-;1,97;-;-;-;-;-;-;-
CCMF27C007800;BRBMEFFM0GC2;AGRIBUSINESS;-;-;-;-;-;-;-;-;-;1,71;-;-;-;-;-;-;-
CCMF27C007825;BRBMEFFM0H29;AGRIBUSINESS;-;-;-;-;-;-;-;-;-;1,65;-;-;-;-;-;-;-
CCMF27C007850;BRBMEFFM0G53;AGRIBUSINESS;-;-;-;-;-;-;-;-;-;1,59;-;-;-;-;-;-;-
CCMF27C007900;BRBMEFFM0GE8;AGRIBUSINESS;-;-;-;-;-;-;-;-;-;1,48;-;-;-;-;-;-;-
CCMF27C007925;BRBMEFFM0H37;AGRIBUSINESS;-;-;-;-;-;-;-;-;-;1,43;-;-;-;-;-;-;-
CCMF27C007950;BRBMEFFM0ET1;AGRIBUSINESS;-;-;-;-;-;-;-;-;-;1,38;-;-;-;-;-;-;-
CCMF27C008000;BRBMEFFM0BY7;AGRIBUSINESS;-;-;-;-;-;-;-;-;-;1,28;-;-;-;-;-;-;-
CCMF27C008025;BRBMEFFM0EF0;AGRIBUSINESS;-;-;-;-;-;-;-;-;-;1,24;-;-;-;-;-;-;-
CCMF27C008050;BRBMEFFM0EU9;AGRIBUSINESS;-;-;-;-;-;-;-;-;-;1,2;-;-;-;-;-;-;-
CCMF27C008100;BRBMEFFM0EV7;AGRIBUSINESS;-;-;-;-;-;-;-;-;-;1,11;-;-;-;-;-;-;-
CCMF27C008200;BRBMEFFM0EW5;AGRIBUSINESS;-;-;-;-;-;-;-;-;-;0,97;-;-;-;-;-;-;-
CCMF27C008250;BRBMEFFM0EX3;AGRIBUSINESS;-;-;-;-;-;-;-;-;-;0,9;-;-;-;-;-;-;-
CCMF27C008300;BRBMEFFM0EY1;AGRIBUSINESS;-;-;-;-;-;-;-;-;-;0,84;-;-;-;-;-;-;-
CCMF27C008350;BRBMEFFM0EZ8;AGRIBUSINESS;-;-;-;-;-;-;-;-;-;0,78;-;-;-;-;-;-;-
CCMF27C008500;BRBMEFFM0G20;AGRIBUSINESS;-;-;-;-;-;-;-;-;-;0,64;-;-;-;-;-;-;-
CCMF27P006800;BRBMEFOV0BZ2;AGRIBUSINESS;-;-;-;-;-;-;-;-;-;0,99;-;-;-;-;-;-;-
CCMF27P006850;BRBMEFOV0C01;AGRIBUSINESS;-;-;-;-;-;-;-;-;-;1,1;-;-;-;-;-;-;-
CCMF27P006900;BRBMEFOV0HS4;AGRIBUSINESS;-;-;-;-;-;-;-;-;-;1,23;-;-;-;-;-;-;-
CCMF27P006950;BRBMEFOV0H55;AGRIBUSINESS;-;-;-;-;-;-;-;-;-;1,37;-;-;-;-;-;-;-
CCMF27P007000;BRBMEFOV0E74;AGRIBUSINESS;-;-;-;-;-;-;-;-;-;1,53;-;-;-;-;-;-;-
CCMF27P007050;BRBMEFOV0DL8;AGRIBUSINESS;-;-;-;-;-;-;-;-;-;1,7;-;-;-;-;-;-;-
CCMF27P007100;BRBMEFOV0ES1;AGRIBUSINESS;-;-;-;-;-;-;-;-;-;1,87;-;-;-;-;-;-;-
CCMF27P007150;BRBMEFOV0ET9;AGRIBUSINESS;-;-;-;-;-;-;-;-;-;2,06;-;-;-;-;-;-;-
CCMF27P007200;BRBMEFOV0EU7;AGRIBUSINESS;-;-;-;-;-;-;-;-;-;2,27;-;-;-;-;-;-;-
CCMF27P007250;BRBMEFOV0EV5;AGRIBUSINESS;-;-;-;-;-;-;-;-;-;2,48;-;-;-;-;-;-;-
CCMF27P007275;BRBMEFOV0FO7;AGRIBUSINESS;-;-;-;-;-;-;-;-;-;2,6;-;-;-;-;-;-;-
CCMF27P007300;BRBMEFOV0EW3;AGRIBUSINESS;-;-;-;-;-;-;-;-;-;2,71;-;-;-;-;-;-;-
CCMF27P007350;BRBMEFOV0H06;AGRIBUSINESS;-;-;-;-;-;-;-;-;-;2,95;-;-;-;-;-;-;-
CCMF27P007400;BRBMEFOV0DM6;AGRIBUSINESS;-;-;-;-;-;-;-;-;-;3,2;-;-;-;-;-;-;-
CCMF27P007450;BRBMEFOV0ER3;AGRIBUSINESS;-;-;-;-;-;-;-;-;-;3,47;-;-;-;-;-;-;-
CCMF27P007500;BRBMEFOV0C19;AGRIBUSINESS;-;-;-;-;-;-;-;-;-;3,74;-;-;-;-;-;-;-
CCMF27P007600;BRBMEFOV0GO5;AGRIBUSINESS;-;-;-;-;-;-;-;-;-;4,33;-;-;-;-;-;-;-
CCMF27P007650;BRBMEFOV0HO3;AGRIBUSINESS;-;-;-;-;-;-;-;-;-;4,63;-;-;-;-;-;-;-
CCMF27P007700;BRBMEFOV0GH9;AGRIBUSINESS;-;-;-;-;-;-;-;-;-;4,95;-;-;-;-;-;-;-
CCMF27P007800;BRBMEFOV0GG1;AGRIBUSINESS;-;-;-;-;-;-;-;-;-;5,62;-;-;-;-;-;-;-
CCMF27P007825;BRBMEFOV0H63;AGRIBUSINESS;-;-;-;-;-;-;-;-;-;5,79;-;-;-;-;-;-;-
CCMF27P007850;BRBMEFOV0G98;AGRIBUSINESS;-;-;-;-;-;-;-;-;-;5,97;-;-;-;-;-;-;-
CCMF27P007900;BRBMEFOV0GI7;AGRIBUSINESS;-;-;-;-;-;-;-;-;-;6,32;-;-;-;-;-;-;-
CCMF27P007925;BRBMEFOV0H71;AGRIBUSINESS;-;-;-;-;-;-;-;-;-;6,5;-;-;-;-;-;-;-
CCMF27P007950;BRBMEFOV0EX1;AGRIBUSINESS;-;-;-;-;-;-;-;-;-;6,69;-;-;-;-;-;-;-
CCMF27P008000;BRBMEFOV0C27;AGRIBUSINESS;-;-;-;-;-;-;-;-;-;7,06;-;-;-;-;-;-;-
CCMF27P008025;BRBMEFOV0EJ0;AGRIBUSINESS;-;-;-;-;-;-;-;-;-;7,25;-;-;-;-;-;-;-
CCMF27P008050;BRBMEFOV0EY9;AGRIBUSINESS;-;-;-;-;-;-;-;-;-;7,43;-;-;-;-;-;-;-
CCMF27P008100;BRBMEFOV0EZ6;AGRIBUSINESS;-;-;-;-;-;-;-;-;-;7,82;-;-;-;-;-;-;-
CCMF27P008200;BRBMEFOV0F08;AGRIBUSINESS;-;-;-;-;-;-;-;-;-;8,6;-;-;-;-;-;-;-
CCMF27P008250;BRBMEFOV0F16;AGRIBUSINESS;-;-;-;-;-;-;-;-;-;9;-;-;-;-;-;-;-
CCMF27P008300;BRBMEFOV0F24;AGRIBUSINESS;-;-;-;-;-;-;-;-;-;9,41;-;-;-;-;-;-;-
CCMF27P008350;BRBMEFOV0F32;AGRIBUSINESS;-;-;-;-;-;-;-;-;-;9,81;-;-;-;-;-;-;-
CCMF27P008500;BRBMEFOV0G64;AGRIBUSINESS;-;-;-;-;-;-;-;-;-;11,07;-;-;-;-;-;-;-
CCMH27C006900;BRBMEFFM0E63;AGRIBUSINESS;-;-;-;-;-;-;-;-;-;6,81;-;-;-;-;-;-;-
CCMH27C007000;BRBMEFFM0CS7;AGRIBUSINESS;-;-;-;-;-;-;-;-;-;6,17;-;-;-;-;-;-;-
CCMH27C007050;BRBMEFFM0CT5;AGRIBUSINESS;-;-;-;-;-;-;-;-;-;5,86;-;-;-;-;-;-;-
CCMH27C007100;BRBMEFFM0CU3;AGRIBUSINESS;-;-;-;-;-;-;-;-;-;5,57;-;-;-;-;-;-;-
CCMH27C007150;BRBMEFFM0CV1;AGRIBUSINESS;-;-;-;-;-;-;-;-;-;5,28;-;-;-;-;-;-;-
CCMH27C007200;BRBMEFFM0CW9;AGRIBUSINESS;-;-;-;-;-;-;-;-;-;5;-;-;-;-;-;-;-
CCMH27C007250;BRBMEFFM0CX7;AGRIBUSINESS;-;-;-;-;-;-;-;-;-;4,74;-;-;-;-;-;-;-
CCMH27C007300;BRBMEFFM0CY5;AGRIBUSINESS;-;-;-;-;-;-;-;-;-;4,48;-;-;-;-;-;-;-
CCMH27C007350;BRBMEFFM0CZ2;AGRIBUSINESS;-;-;-;-;-;-;-;-;-;4,24;-;-;-;-;-;-;-
CCMH27C007400;BRBMEFFM0D07;AGRIBUSINESS;-;-;-;-;-;-;-;-;-;4,01;-;-;-;-;-;-;-
CCMH27C007450;BRBMEFFM0CQ1;AGRIBUSINESS;-;-;-;-;-;-;-;-;-;3,78;-;-;-;-;-;-;-
CCMH27C007500;BRBMEFFM0CR9;AGRIBUSINESS;-;-;-;-;-;-;-;-;-;3,57;-;-;-;-;-;-;-
CCMH27C007525;BRBMEFFM0FB6;AGRIBUSINESS;-;-;-;-;-;-;-;-;-;3,47;-;-;-;-;-;-;-
CCMH27C007550;BRBMEFFM0D15;AGRIBUSINESS;-;-;-;-;-;-;-;-;-;3,36;-;-;-;-;-;-;-
CCMH27C007575;BRBMEFFM0GP4;AGRIBUSINESS;-;-;-;-;-;-;-;-;-;3,27;-;-;-;-;-;-;-
CCMH27C007600;BRBMEFFM0D23;AGRIBUSINESS;-;-;-;-;-;-;-;-;-;3,17;-;-;-;-;-;-;-
CCMH27C007650;BRBMEFFM0D31;AGRIBUSINESS;-;-;-;-;-;-;-;-;-;2,99;-;-;-;-;-;-;-
CCMH27C007700;BRBMEFFM0D49;AGRIBUSINESS;-;-;-;-;-;-;-;-;-;2,82;-;-;-;-;-;-;-
CCMH27C007750;BRBMEFFM0FD2;AGRIBUSINESS;-;-;-;-;-;-;-;-;-;2,65;-;-;-;-;-;-;-
CCMH27C007800;BRBMEFFM0EM6;AGRIBUSINESS;-;-;-;-;-;-;-;-;-;2,49;-;-;-;-;-;-;-
CCMH27C007900;BRBMEFFM0GF5;AGRIBUSINESS;-;-;-;-;-;-;-;-;-;2,21;-;-;-;-;-;-;-
CCMH27C007950;BRBMEFFM0H60;AGRIBUSINESS;-;-;-;-;-;-;-;-;-;2,08;-;-;-;-;-;-;-
CCMH27C008000;BRBMEFFM0H78;AGRIBUSINESS;-;-;-;-;-;-;-;-;-;1,96;-;-;-;-;-;-;-
CCMH27C008050;BRBMEFFM0HP2;AGRIBUSINESS;-;-;-;-;-;-;-;-;-;1,84;-;-;-;-;-;-;-
CCMH27C008200;BRBMEFFM0E71;AGRIBUSINESS;1,8;1,8;1,8;1,8;1,8;-30,76;-;-;-;1,54;-;-;-;-;2;61;49410
CCMH27C008250;BRBMEFFM0F05;AGRIBUSINESS;-;-;-;-;-;-;-;-;-;1,45;-;-;-;-;-;-;-
CCMH27C008300;BRBMEFFM0F13;AGRIBUSINESS;-;-;-;-;-;-;-;-;-;1,37;-;-;-;-;-;-;-
CCMH27C008350;BRBMEFFM0F21;AGRIBUSINESS;-;-;-;-;-;-;-;-;-;1,29;-;-;-;-;-;-;-
CCMH27C008600;BRBMEFFM0GT6;AGRIBUSINESS;-;-;-;-;-;-;-;-;-;0,96;-;-;-;-;-;-;-
CCMH27C009000;BRBMEFFM0EG8;AGRIBUSINESS;-;-;-;-;-;-;-;-;-;0,6;-;-;-;-;-;-;-
CCMH27P006900;BRBMEFOV0EA9;AGRIBUSINESS;-;-;-;-;-;-;-;-;-;1,25;-;-;-;-;-;-;-
CCMH27P007000;BRBMEFOV0CW7;AGRIBUSINESS;-;-;-;-;-;-;-;-;-;1,51;-;-;-;-;-;-;-
CCMH27P007050;BRBMEFOV0CX5;AGRIBUSINESS;-;-;-;-;-;-;-;-;-;1,66;-;-;-;-;-;-;-
CCMH27P007100;BRBMEFOV0CY3;AGRIBUSINESS;-;-;-;-;-;-;-;-;-;1,82;-;-;-;-;-;-;-
CCMH27P007150;BRBMEFOV0CZ0;AGRIBUSINESS;-;-;-;-;-;-;-;-;-;2;-;-;-;-;-;-;-
CCMH27P007200;BRBMEFOV0D00;AGRIBUSINESS;-;-;-;-;-;-;-;-;-;2,18;-;-;-;-;-;-;-
CCMH27P007250;BRBMEFOV0D18;AGRIBUSINESS;-;-;-;-;-;-;-;-;-;2,37;-;-;-;-;-;-;-
CCMH27P007300;BRBMEFOV0D26;AGRIBUSINESS;-;-;-;-;-;-;-;-;-;2,57;-;-;-;-;-;-;-
CCMH27P007350;BRBMEFOV0D34;AGRIBUSINESS;-;-;-;-;-;-;-;-;-;2,78;-;-;-;-;-;-;-
CCMH27P007400;BRBMEFOV0D42;AGRIBUSINESS;-;-;-;-;-;-;-;-;-;3;-;-;-;-;-;-;-
CCMH27P007450;BRBMEFOV0CU1;AGRIBUSINESS;-;-;-;-;-;-;-;-;-;3,24;-;-;-;-;-;-;-
CCMH27P007500;BRBMEFOV0CV9;AGRIBUSINESS;-;-;-;-;-;-;-;-;-;3,48;-;-;-;-;-;-;-
CCMH27P007525;BRBMEFOV0FF5;AGRIBUSINESS;-;-;-;-;-;-;-;-;-;3,6;-;-;-;-;-;-;-
CCMH27P007550;BRBMEFOV0D59;AGRIBUSINESS;-;-;-;-;-;-;-;-;-;3,73;-;-;-;-;-;-;-
CCMH27P007575;BRBMEFOV0GT4;AGRIBUSINESS;-;-;-;-;-;-;-;-;-;3,86;-;-;-;-;-;-;-
CCMH27P007600;BRBMEFOV0D67;AGRIBUSINESS;-;-;-;-;-;-;-;-;-;3,99;-;-;-;-;-;-;-
CCMH27P007650;BRBMEFOV0D75;AGRIBUSINESS;-;-;-;-;-;-;-;-;-;4,27;-;-;-;-;-;-;-
CCMH27P007700;BRBMEFOV0D83;AGRIBUSINESS;-;-;-;-;-;-;-;-;-;4,55;-;-;-;-;-;-;-
CCMH27P007750;BRBMEFOV0FH1;AGRIBUSINESS;-;-;-;-;-;-;-;-;-;4,84;-;-;-;-;-;-;-
CCMH27P007800;BRBMEFOV0EQ5;AGRIBUSINESS;-;-;-;-;-;-;-;-;-;5,14;-;-;-;-;-;-;-
CCMH27P007900;BRBMEFOV0GJ5;AGRIBUSINESS;-;-;-;-;-;-;-;-;-;5,77;-;-;-;-;-;-;-
CCMH27P007950;BRBMEFOV0HA2;AGRIBUSINESS;-;-;-;-;-;-;-;-;-;6,09;-;-;-;-;-;-;-
CCMH27P008000;BRBMEFOV0HB0;AGRIBUSINESS;-;-;-;-;-;-;-;-;-;6,43;-;-;-;-;-;-;-
CCMH27P008050;BRBMEFOV0HT2;AGRIBUSINESS;-;-;-;-;-;-;-;-;-;6,77;-;-;-;-;-;-;-
CCMH27P008200;BRBMEFOV0EB7;AGRIBUSINESS;-;-;-;-;-;-;-;-;-;7,83;-;-;-;-;-;-;-
CCMH27P008250;BRBMEFOV0F40;AGRIBUSINESS;-;-;-;-;-;-;-;-;-;8,2;-;-;-;-;-;-;-
CCMH27P008300;BRBMEFOV0F57;AGRIBUSINESS;-;-;-;-;-;-;-;-;-;8,58;-;-;-;-;-;-;-
CCMH27P008350;BRBMEFOV0F65;AGRIBUSINESS;-;-;-;-;-;-;-;-;-;8,95;-;-;-;-;-;-;-
CCMH27P008600;BRBMEFOV0GX6;AGRIBUSINESS;-;-;-;-;-;-;-;-;-;10,9;-;-;-;-;-;-;-
CCMH27P009000;BRBMEFOV0EK8;AGRIBUSINESS;-;-;-;-;-;-;-;-;-;14,2;-;-;-;-;-;-;-
CCMK27C006500;BRBMEFFM0HI7;AGRIBUSINESS;-;-;-;-;-;-;-;-;-;8,48;-;-;-;-;-;-;-
CCMK27C006550;BRBMEFFM0GZ3;AGRIBUSINESS;-;-;-;-;-;-;-;-;-;8,13;-;-;-;-;-;-;-
CCMK27C006800;BRBMEFFM0HC0;AGRIBUSINESS;-;-;-;-;-;-;-;-;-;6,5;-;-;-;-;-;-;-
CCMK27C006850;BRBMEFFM0H86;AGRIBUSINESS;-;-;-;-;-;-;-;-;-;6,2;-;-;-;-;-;-;-
CCMK27C007000;BRBMEFFM0FL5;AGRIBUSINESS;-;-;-;-;-;-;-;-;-;5,37;-;-;-;-;-;-;-
CCMK27C007050;BRBMEFFM0G04;AGRIBUSINESS;-;-;-;-;-;-;-;-;-;5,11;-;-;-;-;-;-;-
CCMK27C007100;BRBMEFFM0HD8;AGRIBUSINESS;-;-;-;-;-;-;-;-;-;4,86;-;-;-;-;-;-;-
CCMK27C007250;BRBMEFFM0G12;AGRIBUSINESS;-;-;-;-;-;-;-;-;-;4,16;-;-;-;-;-;-;-
CCMK27C007300;BRBMEFFM0EK0;AGRIBUSINESS;-;-;-;-;-;-;-;-;-;3,95;-;-;-;-;-;-;-
CCMK27C007350;BRBMEFFM0H03;AGRIBUSINESS;-;-;-;-;-;-;-;-;-;3,74;-;-;-;-;-;-;-
CCMK27C007400;BRBMEFFM0GM1;AGRIBUSINESS;-;-;-;-;-;-;-;-;-;3,55;-;-;-;-;-;-;-
CCMK27C007500;BRBMEFFM0FF7;AGRIBUSINESS;-;-;-;-;-;-;-;-;-;3,19;-;-;-;-;-;-;-
CCMK27C007525;BRBMEFFM0HJ5;AGRIBUSINESS;-;-;-;-;-;-;-;-;-;3,1;-;-;-;-;-;-;-
CCMK27C008000;BRBMEFFM0H94;AGRIBUSINESS;-;-;-;-;-;-;-;-;-;1,84;-;-;-;-;-;-;-
CCMK27C008025;BRBMEFFM0HA4;AGRIBUSINESS;-;-;-;-;-;-;-;-;-;1,79;-;-;-;-;-;-;-
CCMK27C008050;BRBMEFFM0HB2;AGRIBUSINESS;-;-;-;-;-;-;-;-;-;1,75;-;-;-;-;-;-;-
CCMK27C008100;BRBMEFFM0HE6;AGRIBUSINESS;-;-;-;-;-;-;-;-;-;1,66;-;-;-;-;-;-;-
CCMK27P006500;BRBMEFOV0HM7;AGRIBUSINESS;-;-;-;-;-;-;-;-;-;0,93;-;-;-;-;-;-;-
CCMK27P006550;BRBMEFOV0H30;AGRIBUSINESS;-;-;-;-;-;-;-;-;-;1,02;-;-;-;-;-;-;-
CCMK27P006800;BRBMEFOV0HG9;AGRIBUSINESS;-;-;-;-;-;-;-;-;-;1,63;-;-;-;-;-;-;-
CCMK27P006850;BRBMEFOV0HC8;AGRIBUSINESS;-;-;-;-;-;-;-;-;-;1,78;-;-;-;-;-;-;-
CCMK27P007000;BRBMEFOV0FP4;AGRIBUSINESS;-;-;-;-;-;-;-;-;-;2,28;-;-;-;-;-;-;-
CCMK27P007050;BRBMEFOV0G49;AGRIBUSINESS;-;-;-;-;-;-;-;-;-;2,47;-;-;-;-;-;-;-
CCMK27P007100;BRBMEFOV0HH7;AGRIBUSINESS;-;-;-;-;-;-;-;-;-;2,66;-;-;-;-;-;-;-
CCMK27P007250;BRBMEFOV0G56;AGRIBUSINESS;-;-;-;-;-;-;-;-;-;3,31;-;-;-;-;-;-;-
CCMK27P007300;BRBMEFOV0EO0;AGRIBUSINESS;-;-;-;-;-;-;-;-;-;3,54;-;-;-;-;-;-;-
CCMK27P007350;BRBMEFOV0H48;AGRIBUSINESS;-;-;-;-;-;-;-;-;-;3,78;-;-;-;-;-;-;-
CCMK27P007400;BRBMEFOV0GQ0;AGRIBUSINESS;-;-;-;-;-;-;-;-;-;4,03;-;-;-;-;-;-;-
CCMK27P007500;BRBMEFOV0FJ7;AGRIBUSINESS;-;-;-;-;-;-;-;-;-;4,56;-;-;-;-;-;-;-
CCMK27P007525;BRBMEFOV0HN5;AGRIBUSINESS;-;-;-;-;-;-;-;-;-;4,7;-;-;-;-;-;-;-
CCMK27P008000;BRBMEFOV0HD6;AGRIBUSINESS;-;-;-;-;-;-;-;-;-;7,68;-;-;-;-;-;-;-
CCMK27P008025;BRBMEFOV0HE4;AGRIBUSINESS;-;-;-;-;-;-;-;-;-;7,85;-;-;-;-;-;-;-
CCMK27P008050;BRBMEFOV0HF1;AGRIBUSINESS;-;-;-;-;-;-;-;-;-;8,03;-;-;-;-;-;-;-
CCMK27P008100;BRBMEFOV0HI5;AGRIBUSINESS;-;-;-;-;-;-;-;-;-;8,38;-;-;-;-;-;-;-
CCMN26C005000;BRBMEFFM0DY3;AGRIBUSINESS;-;-;-;-;-;-;-;-;-;14,77;-;-;-;-;-;-;-
CCMN26C005200;BRBMEFFM0DZ0;AGRIBUSINESS;-;-;-;-;-;-;-;-;-;12,79;-;-;-;-;-;-;-
CCMN26C005800;BRBMEFFM0DC9;AGRIBUSINESS;-;-;-;-;-;-;-;-;-;6,82;-;-;-;-;-;-;-
CCMN26C006000;BRBMEFFM07E8;AGRIBUSINESS;-;-;-;-;-;-;-;-;-;4,84;-;-;-;-;-;-;-
CCMN26C006050;BRBMEFFM07F5;AGRIBUSINESS;-;-;-;-;-;-;-;-;-;4,34;-;-;-;-;-;-;-
CCMN26C006100;BRBMEFFM07G3;AGRIBUSINESS;-;-;-;-;-;-;-;-;-;3,85;-;-;-;-;-;-;-
CCMN26C006150;BRBMEFFM07H1;AGRIBUSINESS;-;-;-;-;-;-;-;-;-;3,37;-;-;-;-;-;-;-
CCMN26C006200;BRBMEFFM07I9;AGRIBUSINESS;-;-;-;-;-;-;-;-;-;2,9;-;-;-;-;-;-;-
CCMN26C006250;BRBMEFFM07J7;AGRIBUSINESS;-;-;-;-;-;-;-;-;-;2,44;-;-;-;-;-;-;-
CCMN26C006300;BRBMEFFM07K5;AGRIBUSINESS;-;-;-;-;-;-;-;-;-;2,01;-;-;-;-;-;-;-
CCMN26C006350;BRBMEFFM07L3;AGRIBUSINESS;1,54;1,54;1,54;1,54;1,54;-;-;-;-;1,61;-;-;-;-;1;5;3465
CCMN26C006400;BRBMEFFM07M1;AGRIBUSINESS;-;-;-;-;-;-;-;-;-;1,26;-;-;-;-;-;-;-
CCMN26C006425;BRBMEFFM0C32;AGRIBUSINESS;-;-;-;-;-;-;-;-;-;1,1;-;-;-;-;-;-;-
CCMN26C006450;BRBMEFFM07N9;AGRIBUSINESS;0,73;0,73;0,73;0,73;0,73;21,66;-;-;-;0,95;-;-;-;-;1;50;16425
CCMN26C006475;BRBMEFFM0GV2;AGRIBUSINESS;-;-;-;-;-;-;-;-;-;0,82;-;-;-;-;-;-;-
CCMN26C006500;BRBMEFFM07O7;AGRIBUSINESS;-;-;-;-;-;-;-;-;-;0,7;-;-;-;-;-;-;-
CCMN26C006525;BRBMEFFM0GU4;AGRIBUSINESS;-;-;-;-;-;-;-;-;-;0,6;-;-;-;-;-;-;-
CCMN26C006550;BRBMEFFM07P4;AGRIBUSINESS;-;-;-;-;-;-;-;-;-;0,5;-;-;-;-;-;-;-
CCMN26C006575;BRBMEFFM0GR0;AGRIBUSINESS;-;-;-;-;-;-;-;-;-;0,43;-;-;-;-;-;-;-
CCMN26C006600;BRBMEFFM07Q2;AGRIBUSINESS;-;-;-;-;-;-;-;-;-;0,36;-;-;-;-;-;-;-
CCMN26C006625;BRBMEFFM0D72;AGRIBUSINESS;-;-;-;-;-;-;-;-;-;0,3;-;-;-;-;-;-;-
CCMN26C006650;BRBMEFFM07R0;AGRIBUSINESS;-;-;-;-;-;-;-;-;-;0,25;-;-;-;-;-;-;-
CCMN26C006675;BRBMEFFM0C81;AGRIBUSINESS;-;-;-;-;-;-;-;-;-;0,21;-;-;-;-;-;-;-
CCMN26C006700;BRBMEFFM07S8;AGRIBUSINESS;-;-;-;-;-;-;-;-;-;0,17;-;-;-;-;-;-;-
CCMN26C006725;BRBMEFFM0G95;AGRIBUSINESS;-;-;-;-;-;-;-;-;-;0,14;-;-;-;-;-;-;-
CCMN26C006750;BRBMEFFM07T6;AGRIBUSINESS;-;-;-;-;-;-;-;-;-;0,12;-;-;-;-;-;-;-
CCMN26C006775;BRBMEFFM0G38;AGRIBUSINESS;-;-;-;-;-;-;-;-;-;0,1;-;-;-;-;-;-;-
CCMN26C006800;BRBMEFFM07U4;AGRIBUSINESS;-;-;-;-;-;-;-;-;-;0,08;-;-;-;-;-;-;-
CCMN26C006850;BRBMEFFM07V2;AGRIBUSINESS;-;-;-;-;-;-;-;-;-;0,05;-;-;-;-;-;-;-
CCMN26C006875;BRBMEFFM0C99;AGRIBUSINESS;-;-;-;-;-;-;-;-;-;0,04;-;-;-;-;-;-;-
CCMN26C006900;BRBMEFFM07W0;AGRIBUSINESS;-;-;-;-;-;-;-;-;-;0,03;-;-;-;-;-;-;-
CCMN26C006925;BRBMEFFM0C40;AGRIBUSINESS;-;-;-;-;-;-;-;-;-;0,03;-;-;-;-;-;-;-
CCMN26C006950;BRBMEFFM07X8;AGRIBUSINESS;-;-;-;-;-;-;-;-;-;0,02;-;-;-;-;-;-;-
CCMN26C007000;BRBMEFFM07Y6;AGRIBUSINESS;-;-;-;-;-;-;-;-;-;0,01;-;-;-;-;-;-;-
CCMN26C007050;BRBMEFFM07Z3;AGRIBUSINESS;-;-;-;-;-;-;-;-;-;0,01;-;-;-;-;-;-;-
CCMN26C007075;BRBMEFFM0DW7;AGRIBUSINESS;-;-;-;-;-;-;-;-;-;0,01;-;-;-;-;-;-;-
CCMN26C007100;BRBMEFFM07D0;AGRIBUSINESS;-;-;-;-;-;-;-;-;-;0,01;-;-;-;-;-;-;-
CCMN26C007150;BRBMEFFM0803;AGRIBUSINESS;-;-;-;-;-;-;-;-;-;0,01;-;-;-;-;-;-;-
CCMN26C007200;BRBMEFFM0811;AGRIBUSINESS;-;-;-;-;-;-;-;-;-;0,01;-;-;-;-;-;-;-
CCMN26C007225;BRBMEFFM0DN6;AGRIBUSINESS;-;-;-;-;-;-;-;-;-;0,01;-;-;-;-;-;-;-
CCMN26C007250;BRBMEFFM0829;AGRIBUSINESS;-;-;-;-;-;-;-;-;-;0,01;-;-;-;-;-;-;-
CCMN26C007275;BRBMEFFM0CA5;AGRIBUSINESS;-;-;-;-;-;-;-;-;-;0,01;-;-;-;-;-;-;-
CCMN26C007300;BRBMEFFM0837;AGRIBUSINESS;-;-;-;-;-;-;-;-;-;0,01;-;-;-;-;-;-;-
CCMN26C007325;BRBMEFFM0DO4;AGRIBUSINESS;-;-;-;-;-;-;-;-;-;0,01;-;-;-;-;-;-;-
CCMN26C007350;BRBMEFFM0845;AGRIBUSINESS;-;-;-;-;-;-;-;-;-;0,01;-;-;-;-;-;-;-
CCMN26C007400;BRBMEFFM0852;AGRIBUSINESS;-;-;-;-;-;-;-;-;-;0,01;-;-;-;-;-;-;-
CCMN26C007425;BRBMEFFM0C57;AGRIBUSINESS;-;-;-;-;-;-;-;-;-;0,01;-;-;-;-;-;-;-
CCMN26C007450;BRBMEFFM0860;AGRIBUSINESS;-;-;-;-;-;-;-;-;-;0,01;-;-;-;-;-;-;-
CCMN26C007500;BRBMEFFM0878;AGRIBUSINESS;-;-;-;-;-;-;-;-;-;0,01;-;-;-;-;-;-;-
CCMN26C007550;BRBMEFFM0886;AGRIBUSINESS;-;-;-;-;-;-;-;-;-;0,01;-;-;-;-;-;-;-
CCMN26C007600;BRBMEFFM0894;AGRIBUSINESS;-;-;-;-;-;-;-;-;-;0,01;-;-;-;-;-;-;-
CCMN26C007650;BRBMEFFM08A4;AGRIBUSINESS;-;-;-;-;-;-;-;-;-;0,01;-;-;-;-;-;-;-
CCMN26C007700;BRBMEFFM08B2;AGRIBUSINESS;-;-;-;-;-;-;-;-;-;0,01;-;-;-;-;-;-;-
CCMN26C007800;BRBMEFFM0BT7;AGRIBUSINESS;-;-;-;-;-;-;-;-;-;0,01;-;-;-;-;-;-;-
CCMN26C007875;BRBMEFFM0BS9;AGRIBUSINESS;-;-;-;-;-;-;-;-;-;0,01;-;-;-;-;-;-;-
CCMN26C008000;BRBMEFFM0C65;AGRIBUSINESS;-;-;-;-;-;-;-;-;-;0,01;-;-;-;-;-;-;-
CCMN26C008100;BRBMEFFM0E14;AGRIBUSINESS;-;-;-;-;-;-;-;-;-;0,01;-;-;-;-;-;-;-
CCMN26C008300;BRBMEFFM0E22;AGRIBUSINESS;-;-;-;-;-;-;-;-;-;0,01;-;-;-;-;-;-;-
CCMN26P005000;BRBMEFOV0E25;AGRIBUSINESS;-;-;-;-;-;-;-;-;-;0,01;-;-;-;-;-;-;-
CCMN26P005200;BRBMEFOV0E33;AGRIBUSINESS;-;-;-;-;-;-;-;-;-;0,01;-;-;-;-;-;-;-
CCMN26P005800;BRBMEFOV0DG8;AGRIBUSINESS;-;-;-;-;-;-;-;-;-;0,01;-;-;-;-;-;-;-
CCMN26P006000;BRBMEFOV07I2;AGRIBUSINESS;-;-;-;-;-;-;-;-;-;0,01;-;-;-;-;-;-;-
CCMN26P006050;BRBMEFOV07J0;AGRIBUSINESS;-;-;-;-;-;-;-;-;-;0,01;-;-;-;-;-;-;-
CCMN26P006100;BRBMEFOV07K8;AGRIBUSINESS;-;-;-;-;-;-;-;-;-;0,02;-;-;-;-;-;-;-
CCMN26P006150;BRBMEFOV07L6;AGRIBUSINESS;-;-;-;-;-;-;-;-;-;0,03;-;-;-;-;-;-;-
CCMN26P006200;BRBMEFOV07M4;AGRIBUSINESS;-;-;-;-;-;-;-;-;-;0,06;-;-;-;-;-;-;-
CCMN26P006250;BRBMEFOV07N2;AGRIBUSINESS;-;-;-;-;-;-;-;-;-;0,1;-;-;-;-;-;-;-
CCMN26P006300;BRBMEFOV07O0;AGRIBUSINESS;-;-;-;-;-;-;-;-;-;0,16;-;-;-;-;-;-;-
CCMN26P006350;BRBMEFOV07P7;AGRIBUSINESS;-;-;-;-;-;-;-;-;-;0,26;-;-;-;-;-;-;-
CCMN26P006400;BRBMEFOV07Q5;AGRIBUSINESS;-;-;-;-;-;-;-;-;-;0,4;-;-;-;-;-;-;-
CCMN26P006425;BRBMEFOV0C76;AGRIBUSINESS;-;-;-;-;-;-;-;-;-;0,49;-;-;-;-;-;-;-
CCMN26P006450;BRBMEFOV07R3;AGRIBUSINESS;-;-;-;-;-;-;-;-;-;0,59;-;-;-;-;-;-;-
CCMN26P006475;BRBMEFOV0GZ1;AGRIBUSINESS;-;-;-;-;-;-;-;-;-;0,71;-;-;-;-;-;-;-
CCMN26P006500;BRBMEFOV07S1;AGRIBUSINESS;-;-;-;-;-;-;-;-;-;0,84;-;-;-;-;-;-;-
CCMN26P006525;BRBMEFOV0GY4;AGRIBUSINESS;-;-;-;-;-;-;-;-;-;0,98;-;-;-;-;-;-;-
CCMN26P006550;BRBMEFOV07T9;AGRIBUSINESS;-;-;-;-;-;-;-;-;-;1,14;-;-;-;-;-;-;-
CCMN26P006575;BRBMEFOV0GV0;AGRIBUSINESS;-;-;-;-;-;-;-;-;-;1,31;-;-;-;-;-;-;-
CCMN26P006600;BRBMEFOV07U7;AGRIBUSINESS;-;-;-;-;-;-;-;-;-;1,49;-;-;-;-;-;-;-
CCMN26P006625;BRBMEFOV0DB9;AGRIBUSINESS;-;-;-;-;-;-;-;-;-;1,68;-;-;-;-;-;-;-
CCMN26P006650;BRBMEFOV07V5;AGRIBUSINESS;-;-;-;-;-;-;-;-;-;1,88;-;-;-;-;-;-;-
CCMN26P006675;BRBMEFOV0CC9;AGRIBUSINESS;-;-;-;-;-;-;-;-;-;2,09;-;-;-;-;-;-;-
CCMN26P006700;BRBMEFOV07W3;AGRIBUSINESS;-;-;-;-;-;-;-;-;-;2,3;-;-;-;-;-;-;-
CCMN26P006725;BRBMEFOV0GD8;AGRIBUSINESS;-;-;-;-;-;-;-;-;-;2,52;-;-;-;-;-;-;-
CCMN26P006750;BRBMEFOV07X1;AGRIBUSINESS;-;-;-;-;-;-;-;-;-;2,74;-;-;-;-;-;-;-
CCMN26P006775;BRBMEFOV0G72;AGRIBUSINESS;-;-;-;-;-;-;-;-;-;2,97;-;-;-;-;-;-;-
CCMN26P006800;BRBMEFOV07Y9;AGRIBUSINESS;-;-;-;-;-;-;-;-;-;3,2;-;-;-;-;-;-;-
CCMN26P006850;BRBMEFOV07Z6;AGRIBUSINESS;-;-;-;-;-;-;-;-;-;3,67;-;-;-;-;-;-;-
CCMN26P006875;BRBMEFOV0CD7;AGRIBUSINESS;-;-;-;-;-;-;-;-;-;3,91;-;-;-;-;-;-;-
CCMN26P006900;BRBMEFOV0801;AGRIBUSINESS;-;-;-;-;-;-;-;-;-;4,15;-;-;-;-;-;-;-
CCMN26P006925;BRBMEFOV0C84;AGRIBUSINESS;-;-;-;-;-;-;-;-;-;4,39;-;-;-;-;-;-;-
CCMN26P006950;BRBMEFOV0819;AGRIBUSINESS;-;-;-;-;-;-;-;-;-;4,63;-;-;-;-;-;-;-
CCMN26P007000;BRBMEFOV0827;AGRIBUSINESS;-;-;-;-;-;-;-;-;-;5,12;-;-;-;-;-;-;-
CCMN26P007050;BRBMEFOV0835;AGRIBUSINESS;-;-;-;-;-;-;-;-;-;5,61;-;-;-;-;-;-;-
CCMN26P007075;BRBMEFOV0E09;AGRIBUSINESS;-;-;-;-;-;-;-;-;-;5,86;-;-;-;-;-;-;-
CCMN26P007100;BRBMEFOV07H4;AGRIBUSINESS;-;-;-;-;-;-;-;-;-;6,11;-;-;-;-;-;-;-
CCMN26P007150;BRBMEFOV0843;AGRIBUSINESS;-;-;-;-;-;-;-;-;-;6,6;-;-;-;-;-;-;-
CCMN26P007200;BRBMEFOV0850;AGRIBUSINESS;7,05;7,05;7,05;7,05;7,05;2,17;-;-;-;7,1;-;-;-;-;1;25;79312,5
CCMN26P007225;BRBMEFOV0DR5;AGRIBUSINESS;-;-;-;-;-;-;-;-;-;7,35;-;-;-;-;-;-;-
CCMN26P007250;BRBMEFOV0868;AGRIBUSINESS;-;-;-;-;-;-;-;-;-;7,6;-;-;-;-;-;-;-
CCMN26P007275;BRBMEFOV0CE5;AGRIBUSINESS;-;-;-;-;-;-;-;-;-;7,84;-;-;-;-;-;-;-
CCMN26P007300;BRBMEFOV0876;AGRIBUSINESS;-;-;-;-;-;-;-;-;-;8,09;-;-;-;-;-;-;-
CCMN26P007325;BRBMEFOV0DS3;AGRIBUSINESS;-;-;-;-;-;-;-;-;-;8,34;-;-;-;-;-;-;-
CCMN26P007350;BRBMEFOV0884;AGRIBUSINESS;-;-;-;-;-;-;-;-;-;8,59;-;-;-;-;-;-;-
CCMN26P007400;BRBMEFOV0892;AGRIBUSINESS;-;-;-;-;-;-;-;-;-;9,09;-;-;-;-;-;-;-
CCMN26P007425;BRBMEFOV0C92;AGRIBUSINESS;-;-;-;-;-;-;-;-;-;9,34;-;-;-;-;-;-;-
CCMN26P007450;BRBMEFOV08A7;AGRIBUSINESS;-;-;-;-;-;-;-;-;-;9,58;-;-;-;-;-;-;-
CCMN26P007500;BRBMEFOV08B5;AGRIBUSINESS;-;-;-;-;-;-;-;-;-;10,08;-;-;-;-;-;-;-
CCMN26P007550;BRBMEFOV08C3;AGRIBUSINESS;-;-;-;-;-;-;-;-;-;10,58;-;-;-;-;-;-;-
CCMN26P007600;BRBMEFOV08D1;AGRIBUSINESS;-;-;-;-;-;-;-;-;-;11,08;-;-;-;-;-;-;-
CCMN26P007650;BRBMEFOV08E9;AGRIBUSINESS;-;-;-;-;-;-;-;-;-;11,57;-;-;-;-;-;-;-
CCMN26P007700;BRBMEFOV08F6;AGRIBUSINESS;-;-;-;-;-;-;-;-;-;12,07;-;-;-;-;-;-;-
CCMN26P007800;BRBMEFOV0BX7;AGRIBUSINESS;-;-;-;-;-;-;-;-;-;13,06;-;-;-;-;-;-;-
CCMN26P007875;BRBMEFOV0BW9;AGRIBUSINESS;-;-;-;-;-;-;-;-;-;13,81;-;-;-;-;-;-;-
CCMN26P008000;BRBMEFOV0CA3;AGRIBUSINESS;-;-;-;-;-;-;-;-;-;15,05;-;-;-;-;-;-;-
CCMN26P008100;BRBMEFOV0E58;AGRIBUSINESS;-;-;-;-;-;-;-;-;-;16,05;-;-;-;-;-;-;-
CCMN26P008300;BRBMEFOV0E66;AGRIBUSINESS;-;-;-;-;-;-;-;-;-;18,04;-;-;-;-;-;-;-
CCMN27C006450;BRBMEFFM0HL1;AGRIBUSINESS;-;-;-;-;-;-;-;-;-;7,35;-;-;-;-;-;-;-
CCMN27C006500;BRBMEFFM0HF3;AGRIBUSINESS;-;-;-;-;-;-;-;-;-;7,04;-;-;-;-;-;-;-
CCMN27C007100;BRBMEFFM0HM9;AGRIBUSINESS;-;-;-;-;-;-;-;-;-;4,01;-;-;-;-;-;-;-
CCMN27C007150;BRBMEFFM0HG1;AGRIBUSINESS;-;-;-;-;-;-;-;-;-;3,81;-;-;-;-;-;-;-
CCMN27C007500;BRBMEFFM0HN7;AGRIBUSINESS;-;-;-;-;-;-;-;-;-;2,67;-;-;-;-;-;-;-
CCMN27C007600;BRBMEFFM0HH9;AGRIBUSINESS;-;-;-;-;-;-;-;-;-;2,4;-;-;-;-;-;-;-
CCMN27P006450;BRBMEFOV0HP0;AGRIBUSINESS;-;-;-;-;-;-;-;-;-;1,36;-;-;-;-;-;-;-
CCMN27P006500;BRBMEFOV0HJ3;AGRIBUSINESS;-;-;-;-;-;-;-;-;-;1,49;-;-;-;-;-;-;-
CCMN27P007100;BRBMEFOV0HQ8;AGRIBUSINESS;-;-;-;-;-;-;-;-;-;3,7;-;-;-;-;-;-;-
CCMN27P007150;BRBMEFOV0HK1;AGRIBUSINESS;-;-;-;-;-;-;-;-;-;3,94;-;-;-;-;-;-;-
CCMN27P007500;BRBMEFOV0HR6;AGRIBUSINESS;-;-;-;-;-;-;-;-;-;5,84;-;-;-;-;-;-;-
CCMN27P007600;BRBMEFOV0HL9;AGRIBUSINESS;-;-;-;-;-;-;-;-;-;6,45;-;-;-;-;-;-;-
CCMU26C005000;BRBMEFFM0AI2;AGRIBUSINESS;-;-;-;-;-;-;-;-;-;17,68;-;-;-;-;-;-;-
CCMU26C005500;BRBMEFFM08W8;AGRIBUSINESS;-;-;-;-;-;-;-;-;-;12,82;-;-;-;-;-;-;-
CCMU26C005700;BRBMEFFM0DU1;AGRIBUSINESS;-;-;-;-;-;-;-;-;-;10,88;-;-;-;-;-;-;-
CCMU26C005800;BRBMEFFM08P2;AGRIBUSINESS;-;-;-;-;-;-;-;-;-;9,92;-;-;-;-;-;-;-
CCMU26C005900;BRBMEFFM0E97;AGRIBUSINESS;-;-;-;-;-;-;-;-;-;8,96;-;-;-;-;-;-;-
CCMU26C006000;BRBMEFFM09A2;AGRIBUSINESS;-;-;-;-;-;-;-;-;-;8,01;-;-;-;-;-;-;-
CCMU26C006050;BRBMEFFM09U0;AGRIBUSINESS;-;-;-;-;-;-;-;-;-;7,54;-;-;-;-;-;-;-
CCMU26C006100;BRBMEFFM09B0;AGRIBUSINESS;-;-;-;-;-;-;-;-;-;7,08;-;-;-;-;-;-;-
CCMU26C006150;BRBMEFFM09V8;AGRIBUSINESS;-;-;-;-;-;-;-;-;-;6,62;-;-;-;-;-;-;-
CCMU26C006200;BRBMEFFM06F7;AGRIBUSINESS;-;-;-;-;-;-;-;-;-;6,17;-;-;-;-;-;-;-
CCMU26C006250;BRBMEFFM09W6;AGRIBUSINESS;-;-;-;-;-;-;-;-;-;5,72;-;-;-;-;-;-;-
CCMU26C006300;BRBMEFFM08G1;AGRIBUSINESS;-;-;-;-;-;-;-;-;-;5,29;-;-;-;-;-;-;-
CCMU26C006350;BRBMEFFM09S4;AGRIBUSINESS;-;-;-;-;-;-;-;-;-;4,86;-;-;-;-;-;-;-
CCMU26C006400;BRBMEFFM08F3;AGRIBUSINESS;-;-;-;-;-;-;-;-;-;4,45;-;-;-;-;-;-;-
CCMU26C006450;BRBMEFFM09X4;AGRIBUSINESS;-;-;-;-;-;-;-;-;-;4,06;-;-;-;-;-;-;-
CCMU26C006475;BRBMEFFM0BM2;AGRIBUSINESS;-;-;-;-;-;-;-;-;-;3,87;-;-;-;-;-;-;-
CCMU26C006500;BRBMEFFM03X7;AGRIBUSINESS;-;-;-;-;-;-;-;-;-;3,68;-;-;-;-;-;-;-
CCMU26C006550;BRBMEFFM09Y2;AGRIBUSINESS;-;-;-;-;-;-;-;-;-;3,32;-;-;-;-;-;-;-
CCMU26C006600;BRBMEFFM03Y5;AGRIBUSINESS;-;-;-;-;-;-;-;-;-;2,98;-;-;-;-;-;-;-
CCMU26C006625;BRBMEFFM0D80;AGRIBUSINESS;-;-;-;-;-;-;-;-;-;2,82;-;-;-;-;-;-;-
CCMU26C006650;BRBMEFFM09Z9;AGRIBUSINESS;-;-;-;-;-;-;-;-;-;2,66;-;-;-;-;-;-;-
CCMU26C006700;BRBMEFFM03Z2;AGRIBUSINESS;-;-;-;-;-;-;-;-;-;2,37;-;-;-;-;-;-;-
CCMU26C006725;BRBMEFFM0CO6;AGRIBUSINESS;-;-;-;-;-;-;-;-;-;2,23;-;-;-;-;-;-;-
CCMU26C006750;BRBMEFFM0A00;AGRIBUSINESS;-;-;-;-;-;-;-;-;-;2,1;-;-;-;-;-;-;-
CCMU26C006775;BRBMEFFM0CP3;AGRIBUSINESS;-;-;-;-;-;-;-;-;-;1,97;-;-;-;-;-;-;-
CCMU26C006800;BRBMEFFM0407;AGRIBUSINESS;-;-;-;-;-;-;-;-;-;1,85;-;-;-;-;-;-;-
CCMU26C006825;BRBMEFFM0F47;AGRIBUSINESS;-;-;-;-;-;-;-;-;-;1,73;-;-;-;-;-;-;-
CCMU26C006850;BRBMEFFM09T2;AGRIBUSINESS;-;-;-;-;-;-;-;-;-;1,62;-;-;-;-;-;-;-
CCMU26C006875;BRBMEFFM0A42;AGRIBUSINESS;-;-;-;-;-;-;-;-;-;1,52;-;-;-;-;-;-;-
CCMU26C006900;BRBMEFFM0415;AGRIBUSINESS;-;-;-;-;-;-;-;-;-;1,42;-;-;-;-;-;-;-
CCMU26C006925;BRBMEFFM0AJ0;AGRIBUSINESS;-;-;-;-;-;-;-;-;-;1,32;-;-;-;-;-;-;-
CCMU26C006950;BRBMEFFM08O5;AGRIBUSINESS;-;-;-;-;-;-;-;-;-;1,23;-;-;-;-;-;-;-
CCMU26C006975;BRBMEFFM0FG5;AGRIBUSINESS;-;-;-;-;-;-;-;-;-;1,15;-;-;-;-;-;-;-
CCMU26C007000;BRBMEFFM0423;AGRIBUSINESS;-;-;-;-;-;-;-;-;-;1,07;-;-;-;-;-;-;-
CCMU26C007025;BRBMEFFM0B90;AGRIBUSINESS;-;-;-;-;-;-;-;-;-;1;-;-;-;-;-;-;-
CCMU26C007050;BRBMEFFM08H9;AGRIBUSINESS;-;-;-;-;-;-;-;-;-;0,93;-;-;-;-;-;-;-
CCMU26C007075;BRBMEFFM0DJ4;AGRIBUSINESS;-;-;-;-;-;-;-;-;-;0,86;-;-;-;-;-;-;-
CCMU26C007100;BRBMEFFM0431;AGRIBUSINESS;-;-;-;-;-;-;-;-;-;0,8;-;-;-;-;-;-;-
CCMU26C007125;BRBMEFFM0FP6;AGRIBUSINESS;-;-;-;-;-;-;-;-;-;0,75;-;-;-;-;-;-;-
CCMU26C007150;BRBMEFFM0A18;AGRIBUSINESS;-;-;-;-;-;-;-;-;-;0,69;-;-;-;-;-;-;-
CCMU26C007175;BRBMEFFM0FR2;AGRIBUSINESS;-;-;-;-;-;-;-;-;-;0,64;-;-;-;-;-;-;-
CCMU26C007200;BRBMEFFM0449;AGRIBUSINESS;-;-;-;-;-;-;-;-;-;0,6;-;-;-;-;-;-;-
CCMU26C007225;BRBMEFFM0EA1;AGRIBUSINESS;-;-;-;-;-;-;-;-;-;0,56;-;-;-;-;-;-;-
CCMU26C007250;BRBMEFFM0A26;AGRIBUSINESS;-;-;-;-;-;-;-;-;-;0,52;-;-;-;-;-;-;-
CCMU26C007275;BRBMEFFM0DE5;AGRIBUSINESS;-;-;-;-;-;-;-;-;-;0,48;-;-;-;-;-;-;-
CCMU26C007300;BRBMEFFM0456;AGRIBUSINESS;-;-;-;-;-;-;-;-;-;0,44;-;-;-;-;-;-;-
CCMU26C007325;BRBMEFFM0FW2;AGRIBUSINESS;-;-;-;-;-;-;-;-;-;0,41;-;-;-;-;-;-;-
CCMU26C007350;BRBMEFFM0A34;AGRIBUSINESS;-;-;-;-;-;-;-;-;-;0,38;-;-;-;-;-;-;-
CCMU26C007400;BRBMEFFM0464;AGRIBUSINESS;-;-;-;-;-;-;-;-;-;0,33;-;-;-;-;-;-;-
CCMU26C007450;BRBMEFFM0936;AGRIBUSINESS;-;-;-;-;-;-;-;-;-;0,28;-;-;-;-;-;-;-
CCMU26C007500;BRBMEFFM0472;AGRIBUSINESS;-;-;-;-;-;-;-;-;-;0,24;-;-;-;-;-;-;-
CCMU26C007525;BRBMEFFM0C24;AGRIBUSINESS;-;-;-;-;-;-;-;-;-;0,22;-;-;-;-;-;-;-
CCMU26C007550;BRBMEFFM0BZ4;AGRIBUSINESS;-;-;-;-;-;-;-;-;-;0,21;-;-;-;-;-;-;-
CCMU26C007575;BRBMEFFM0FS0;AGRIBUSINESS;-;-;-;-;-;-;-;-;-;0,19;-;-;-;-;-;-;-
CCMU26C007600;BRBMEFFM0480;AGRIBUSINESS;-;-;-;-;-;-;-;-;-;0,18;-;-;-;-;-;-;-
CCMU26C007625;BRBMEFFM0FT8;AGRIBUSINESS;-;-;-;-;-;-;-;-;-;0,16;-;-;-;-;-;-;-
CCMU26C007650;BRBMEFFM0FU6;AGRIBUSINESS;-;-;-;-;-;-;-;-;-;0,15;-;-;-;-;-;-;-
CCMU26C007675;BRBMEFFM0FV4;AGRIBUSINESS;-;-;-;-;-;-;-;-;-;0,14;-;-;-;-;-;-;-
CCMU26C007700;BRBMEFFM0498;AGRIBUSINESS;-;-;-;-;-;-;-;-;-;0,13;-;-;-;-;-;-;-
CCMU26C007800;BRBMEFFM04A3;AGRIBUSINESS;-;-;-;-;-;-;-;-;-;0,09;-;-;-;-;-;-;-
CCMU26C007900;BRBMEFFM04B1;AGRIBUSINESS;-;-;-;-;-;-;-;-;-;0,06;-;-;-;-;-;-;-
CCMU26C007975;BRBMEFFM0FN1;AGRIBUSINESS;-;-;-;-;-;-;-;-;-;0,05;-;-;-;-;-;-;-
CCMU26C008000;BRBMEFFM04C9;AGRIBUSINESS;-;-;-;-;-;-;-;-;-;0,04;-;-;-;-;-;-;-
CCMU26C008075;BRBMEFFM0DK2;AGRIBUSINESS;-;-;-;-;-;-;-;-;-;0,03;-;-;-;-;-;-;-
CCMU26C008100;BRBMEFFM0AD3;AGRIBUSINESS;-;-;-;-;-;-;-;-;-;0,03;-;-;-;-;-;-;-
CCMU26C008150;BRBMEFFM0FI1;AGRIBUSINESS;-;-;-;-;-;-;-;-;-;0,02;-;-;-;-;-;-;-
CCMU26C008200;BRBMEFFM0DA3;AGRIBUSINESS;-;-;-;-;-;-;-;-;-;0,02;-;-;-;-;-;-;-
CCMU26C008250;BRBMEFFM0FO9;AGRIBUSINESS;-;-;-;-;-;-;-;-;-;0,01;-;-;-;-;-;-;-
CCMU26C008300;BRBMEFFM08D8;AGRIBUSINESS;-;-;-;-;-;-;-;-;-;0,01;-;-;-;-;-;-;-
CCMU26C008400;BRBMEFFM0DB1;AGRIBUSINESS;-;-;-;-;-;-;-;-;-;0,01;-;-;-;-;-;-;-
CCMU26C008500;BRBMEFFM08Q0;AGRIBUSINESS;-;-;-;-;-;-;-;-;-;0,01;-;-;-;-;-;-;-
CCMU26C008550;BRBMEFFM0GO7;AGRIBUSINESS;-;-;-;-;-;-;-;-;-;0,01;-;-;-;-;-;-;-
CCMU26C008600;BRBMEFFM0EJ2;AGRIBUSINESS;-;-;-;-;-;-;-;-;-;0,01;-;-;-;-;-;-;-
CCMU26P005000;BRBMEFOV0AM2;AGRIBUSINESS;-;-;-;-;-;-;-;-;-;0,01;-;-;-;-;-;-;-
CCMU26P005500;BRBMEFOV0900;AGRIBUSINESS;-;-;-;-;-;-;-;-;-;0,01;-;-;-;-;-;-;-
CCMU26P005700;BRBMEFOV0DY1;AGRIBUSINESS;-;-;-;-;-;-;-;-;-;0,01;-;-;-;-;-;-;-
CCMU26P005800;BRBMEFOV08T7;AGRIBUSINESS;-;-;-;-;-;-;-;-;-;0,01;-;-;-;-;-;-;-
CCMU26P005900;BRBMEFOV0ED3;AGRIBUSINESS;-;-;-;-;-;-;-;-;-;0,02;-;-;-;-;-;-;-
CCMU26P006000;BRBMEFOV09E7;AGRIBUSINESS;-;-;-;-;-;-;-;-;-;0,05;-;-;-;-;-;-;-
CCMU26P006050;BRBMEFOV09Y5;AGRIBUSINESS;-;-;-;-;-;-;-;-;-;0,07;-;-;-;-;-;-;-
CCMU26P006100;BRBMEFOV09F4;AGRIBUSINESS;-;-;-;-;-;-;-;-;-;0,09;-;-;-;-;-;-;-
CCMU26P006150;BRBMEFOV09Z2;AGRIBUSINESS;-;-;-;-;-;-;-;-;-;0,12;-;-;-;-;-;-;-
CCMU26P006200;BRBMEFOV06J2;AGRIBUSINESS;-;-;-;-;-;-;-;-;-;0,15;-;-;-;-;-;-;-
CCMU26P006250;BRBMEFOV0A03;AGRIBUSINESS;-;-;-;-;-;-;-;-;-;0,19;-;-;-;-;-;-;-
CCMU26P006300;BRBMEFOV08K6;AGRIBUSINESS;-;-;-;-;-;-;-;-;-;0,24;-;-;-;-;-;-;-
CCMU26P006350;BRBMEFOV09W9;AGRIBUSINESS;-;-;-;-;-;-;-;-;-;0,3;-;-;-;-;-;-;-
CCMU26P006400;BRBMEFOV08J8;AGRIBUSINESS;-;-;-;-;-;-;-;-;-;0,38;-;-;-;-;-;-;-
CCMU26P006450;BRBMEFOV0A11;AGRIBUSINESS;-;-;-;-;-;-;-;-;-;0,47;-;-;-;-;-;-;-
CCMU26P006475;BRBMEFOV0BQ1;AGRIBUSINESS;-;-;-;-;-;-;-;-;-;0,52;-;-;-;-;-;-;-
CCMU26P006500;BRBMEFOV0413;AGRIBUSINESS;-;-;-;-;-;-;-;-;-;0,58;-;-;-;-;-;-;-
CCMU26P006550;BRBMEFOV0A29;AGRIBUSINESS;-;-;-;-;-;-;-;-;-;0,7;-;-;-;-;-;-;-
CCMU26P006600;BRBMEFOV0421;AGRIBUSINESS;-;-;-;-;-;-;-;-;-;0,85;-;-;-;-;-;-;-
CCMU26P006625;BRBMEFOV0DC7;AGRIBUSINESS;-;-;-;-;-;-;-;-;-;0,93;-;-;-;-;-;-;-
CCMU26P006650;BRBMEFOV0A37;AGRIBUSINESS;-;-;-;-;-;-;-;-;-;1,02;-;-;-;-;-;-;-
CCMU26P006700;BRBMEFOV0439;AGRIBUSINESS;-;-;-;-;-;-;-;-;-;1,21;-;-;-;-;-;-;-
CCMU26P006725;BRBMEFOV0CS5;AGRIBUSINESS;-;-;-;-;-;-;-;-;-;1,32;-;-;-;-;-;-;-
CCMU26P006750;BRBMEFOV0A45;AGRIBUSINESS;-;-;-;-;-;-;-;-;-;1,43;-;-;-;-;-;-;-
CCMU26P006775;BRBMEFOV0CT3;AGRIBUSINESS;-;-;-;-;-;-;-;-;-;1,54;-;-;-;-;-;-;-
CCMU26P006800;BRBMEFOV0447;AGRIBUSINESS;-;-;-;-;-;-;-;-;-;1,66;-;-;-;-;-;-;-
CCMU26P006825;BRBMEFOV0F81;AGRIBUSINESS;-;-;-;-;-;-;-;-;-;1,79;-;-;-;-;-;-;-
CCMU26P006850;BRBMEFOV09X7;AGRIBUSINESS;-;-;-;-;-;-;-;-;-;1,92;-;-;-;-;-;-;-
CCMU26P006875;BRBMEFOV0A86;AGRIBUSINESS;-;-;-;-;-;-;-;-;-;2,06;-;-;-;-;-;-;-
CCMU26P006900;BRBMEFOV0454;AGRIBUSINESS;-;-;-;-;-;-;-;-;-;2,2;-;-;-;-;-;-;-
CCMU26P006925;BRBMEFOV0AN0;AGRIBUSINESS;-;-;-;-;-;-;-;-;-;2,35;-;-;-;-;-;-;-
CCMU26P006950;BRBMEFOV08S9;AGRIBUSINESS;-;-;-;-;-;-;-;-;-;2,51;-;-;-;-;-;-;-
CCMU26P006975;BRBMEFOV0FK5;AGRIBUSINESS;-;-;-;-;-;-;-;-;-;2,67;-;-;-;-;-;-;-
CCMU26P007000;BRBMEFOV0462;AGRIBUSINESS;2,95;2,95;2,95;2,95;2,95;0,68;-;-;-;2,83;-;-;-;-;1;56;74340
CCMU26P007025;BRBMEFOV0BD9;AGRIBUSINESS;-;-;-;-;-;-;-;-;-;3;-;-;-;-;-;-;-
CCMU26P007050;BRBMEFOV08L4;AGRIBUSINESS;-;-;-;-;-;-;-;-;-;3,17;-;-;-;-;-;-;-
CCMU26P007075;BRBMEFOV0DN4;AGRIBUSINESS;-;-;-;-;-;-;-;-;-;3,35;-;-;-;-;-;-;-
CCMU26P007100;BRBMEFOV0470;AGRIBUSINESS;-;-;-;-;-;-;-;-;-;3,54;-;-;-;-;-;-;-
CCMU26P007125;BRBMEFOV0FT6;AGRIBUSINESS;-;-;-;-;-;-;-;-;-;3,72;-;-;-;-;-;-;-
CCMU26P007150;BRBMEFOV0A52;AGRIBUSINESS;-;-;-;-;-;-;-;-;-;3,91;-;-;-;-;-;-;-
CCMU26P007175;BRBMEFOV0FV2;AGRIBUSINESS;-;-;-;-;-;-;-;-;-;4,11;-;-;-;-;-;-;-
CCMU26P007200;BRBMEFOV0488;AGRIBUSINESS;-;-;-;-;-;-;-;-;-;4,3;-;-;-;-;-;-;-
CCMU26P007225;BRBMEFOV0EE1;AGRIBUSINESS;-;-;-;-;-;-;-;-;-;4,5;-;-;-;-;-;-;-
CCMU26P007250;BRBMEFOV0A60;AGRIBUSINESS;-;-;-;-;-;-;-;-;-;4,71;-;-;-;-;-;-;-
CCMU26P007275;BRBMEFOV0DI4;AGRIBUSINESS;-;-;-;-;-;-;-;-;-;4,91;-;-;-;-;-;-;-
CCMU26P007300;BRBMEFOV0496;AGRIBUSINESS;-;-;-;-;-;-;-;-;-;5,12;-;-;-;-;-;-;-
CCMU26P007325;BRBMEFOV0G07;AGRIBUSINESS;-;-;-;-;-;-;-;-;-;5,33;-;-;-;-;-;-;-
CCMU26P007350;BRBMEFOV0A78;AGRIBUSINESS;-;-;-;-;-;-;-;-;-;5,54;-;-;-;-;-;-;-
CCMU26P007400;BRBMEFOV04A6;AGRIBUSINESS;-;-;-;-;-;-;-;-;-;5,98;-;-;-;-;-;-;-
CCMU26P007450;BRBMEFOV0975;AGRIBUSINESS;-;-;-;-;-;-;-;-;-;6,42;-;-;-;-;-;-;-
CCMU26P007500;BRBMEFOV04B4;AGRIBUSINESS;-;-;-;-;-;-;-;-;-;6,86;-;-;-;-;-;-;-
CCMU26P007525;BRBMEFOV0C68;AGRIBUSINESS;-;-;-;-;-;-;-;-;-;7,09;-;-;-;-;-;-;-
CCMU26P007550;BRBMEFOV0C35;AGRIBUSINESS;-;-;-;-;-;-;-;-;-;7,31;-;-;-;-;-;-;-
CCMU26P007575;BRBMEFOV0FW0;AGRIBUSINESS;-;-;-;-;-;-;-;-;-;7,54;-;-;-;-;-;-;-
CCMU26P007600;BRBMEFOV04C2;AGRIBUSINESS;-;-;-;-;-;-;-;-;-;7,77;-;-;-;-;-;-;-
CCMU26P007625;BRBMEFOV0FX8;AGRIBUSINESS;-;-;-;-;-;-;-;-;-;8;-;-;-;-;-;-;-
CCMU26P007650;BRBMEFOV0FY6;AGRIBUSINESS;-;-;-;-;-;-;-;-;-;8,23;-;-;-;-;-;-;-
CCMU26P007675;BRBMEFOV0FZ3;AGRIBUSINESS;-;-;-;-;-;-;-;-;-;8,46;-;-;-;-;-;-;-
CCMU26P007700;BRBMEFOV04D0;AGRIBUSINESS;-;-;-;-;-;-;-;-;-;8,7;-;-;-;-;-;-;-
CCMU26P007800;BRBMEFOV04E8;AGRIBUSINESS;-;-;-;-;-;-;-;-;-;9,63;-;-;-;-;-;-;-
CCMU26P007900;BRBMEFOV04F5;AGRIBUSINESS;-;-;-;-;-;-;-;-;-;10,57;-;-;-;-;-;-;-
CCMU26P007975;BRBMEFOV0FR0;AGRIBUSINESS;-;-;-;-;-;-;-;-;-;11,28;-;-;-;-;-;-;-
CCMU26P008000;BRBMEFOV04G3;AGRIBUSINESS;-;-;-;-;-;-;-;-;-;11,52;-;-;-;-;-;-;-
CCMU26P008075;BRBMEFOV0DO2;AGRIBUSINESS;-;-;-;-;-;-;-;-;-;12,24;-;-;-;-;-;-;-
CCMU26P008100;BRBMEFOV0AH2;AGRIBUSINESS;-;-;-;-;-;-;-;-;-;12,48;-;-;-;-;-;-;-
CCMU26P008150;BRBMEFOV0FM1;AGRIBUSINESS;-;-;-;-;-;-;-;-;-;12,96;-;-;-;-;-;-;-
CCMU26P008200;BRBMEFOV0DE3;AGRIBUSINESS;-;-;-;-;-;-;-;-;-;13,44;-;-;-;-;-;-;-
CCMU26P008250;BRBMEFOV0FS8;AGRIBUSINESS;-;-;-;-;-;-;-;-;-;13,93;-;-;-;-;-;-;-
CCMU26P008300;BRBMEFOV08H2;AGRIBUSINESS;-;-;-;-;-;-;-;-;-;14,41;-;-;-;-;-;-;-
CCMU26P008400;BRBMEFOV0DF0;AGRIBUSINESS;-;-;-;-;-;-;-;-;-;15,38;-;-;-;-;-;-;-
CCMU26P008500;BRBMEFOV08U5;AGRIBUSINESS;-;-;-;-;-;-;-;-;-;16,35;-;-;-;-;-;-;-
CCMU26P008550;BRBMEFOV0GS6;AGRIBUSINESS;-;-;-;-;-;-;-;-;-;16,83;-;-;-;-;-;-;-
CCMU26P008600;BRBMEFOV0EN2;AGRIBUSINESS;-;-;-;-;-;-;-;-;-;17,32;-;-;-;-;-;-;-
CCMU27C006500;BRBMEFFM0H45;AGRIBUSINESS;-;-;-;-;-;-;-;-;-;6,96;-;-;-;-;-;-;-
CCMU27C006600;BRBMEFFM0FY8;AGRIBUSINESS;-;-;-;-;-;-;-;-;-;6,41;-;-;-;-;-;-;-
CCMU27C006650;BRBMEFFM0FZ5;AGRIBUSINESS;-;-;-;-;-;-;-;-;-;6,15;-;-;-;-;-;-;-
CCMU27C006700;BRBMEFFM0DR7;AGRIBUSINESS;-;-;-;-;-;-;-;-;-;5,89;-;-;-;-;-;-;-
CCMU27C006750;BRBMEFFM0FM3;AGRIBUSINESS;-;-;-;-;-;-;-;-;-;5,65;-;-;-;-;-;-;-
CCMU27C006800;BRBMEFFM0FC4;AGRIBUSINESS;-;-;-;-;-;-;-;-;-;5,41;-;-;-;-;-;-;-
CCMU27C007000;BRBMEFFM0GA6;AGRIBUSINESS;-;-;-;-;-;-;-;-;-;4,54;-;-;-;-;-;-;-
CCMU27C007100;BRBMEFFM0DS5;AGRIBUSINESS;-;-;-;-;-;-;-;-;-;4,14;-;-;-;-;-;-;-
CCMU27C007150;BRBMEFFM0H52;AGRIBUSINESS;-;-;-;-;-;-;-;-;-;3,96;-;-;-;-;-;-;-
CCMU27C007200;BRBMEFFM0EB9;AGRIBUSINESS;-;-;-;-;-;-;-;-;-;3,78;-;-;-;-;-;-;-
CCMU27C007250;BRBMEFFM0EE3;AGRIBUSINESS;-;-;-;-;-;-;-;-;-;3,61;-;-;-;-;-;-;-
CCMU27C007300;BRBMEFFM0GI9;AGRIBUSINESS;-;-;-;-;-;-;-;-;-;3,45;-;-;-;-;-;-;-
CCMU27C007400;BRBMEFFM0GX8;AGRIBUSINESS;-;-;-;-;-;-;-;-;-;3,15;-;-;-;-;-;-;-
CCMU27C007500;BRBMEFFM0DT3;AGRIBUSINESS;-;-;-;-;-;-;-;-;-;2,87;-;-;-;-;-;-;-
CCMU27C007700;BRBMEFFM0IM7;AGRIBUSINESS;2,2;2,2;2,2;2,2;2,2;-;-;-;-;2,39;-;-;-;-;1;500;495000
CCMU27C007800;BRBMEFFM0GB4;AGRIBUSINESS;-;-;-;-;-;-;-;-;-;2,18;-;-;-;-;-;-;-
CCMU27C008000;BRBMEFFM0EC7;AGRIBUSINESS;-;-;-;-;-;-;-;-;-;1,82;-;-;-;-;-;-;-
CCMU27C008100;BRBMEFFM0GG3;AGRIBUSINESS;-;-;-;-;-;-;-;-;-;1,67;-;-;-;-;-;-;-
CCMU27C008150;BRBMEFFM0GJ7;AGRIBUSINESS;-;-;-;-;-;-;-;-;-;1,6;-;-;-;-;-;-;-
CCMU27C008500;BRBMEFFM0FQ4;AGRIBUSINESS;-;-;-;-;-;-;-;-;-;1,17;-;-;-;-;-;-;-
CCMU27C010000;BRBMEFFM0GQ2;AGRIBUSINESS;-;-;-;-;-;-;-;-;-;0,35;-;-;-;-;-;-;-
CCMU27P006500;BRBMEFOV0H89;AGRIBUSINESS;-;-;-;-;-;-;-;-;-;1,79;-;-;-;-;-;-;-
CCMU27P006600;BRBMEFOV0G23;AGRIBUSINESS;1,85;1,85;1,85;1,85;1,85;-;-;-;-;2,09;-;-;-;-;1;500;416250
CCMU27P006650;BRBMEFOV0G31;AGRIBUSINESS;-;-;-;-;-;-;-;-;-;2,26;-;-;-;-;-;-;-
CCMU27P006700;BRBMEFOV0DV7;AGRIBUSINESS;-;-;-;-;-;-;-;-;-;2,43;-;-;-;-;-;-;-
CCMU27P006750;BRBMEFOV0FQ2;AGRIBUSINESS;-;-;-;-;-;-;-;-;-;2,61;-;-;-;-;-;-;-
CCMU27P006800;BRBMEFOV0FG3;AGRIBUSINESS;-;-;-;-;-;-;-;-;-;2,8;-;-;-;-;-;-;-
CCMU27P007000;BRBMEFOV0GE6;AGRIBUSINESS;-;-;-;-;-;-;-;-;-;3,63;-;-;-;-;-;-;-
CCMU27P007100;BRBMEFOV0DW5;AGRIBUSINESS;4;4;4;4;4;-;-;-;-;4,09;-;-;-;-;1;500;900000
CCMU27P007150;BRBMEFOV0H97;AGRIBUSINESS;-;-;-;-;-;-;-;-;-;4,34;-;-;-;-;-;-;-
CCMU27P007200;BRBMEFOV0EF8;AGRIBUSINESS;4,6;4,6;4,6;4,6;4,6;7,47;-;-;-;4,59;-;-;-;-;1;115;238050
CCMU27P007250;BRBMEFOV0EI2;AGRIBUSINESS;-;-;-;-;-;-;-;-;-;4,84;-;-;-;-;-;-;-
CCMU27P007300;BRBMEFOV0GM9;AGRIBUSINESS;-;-;-;-;-;-;-;-;-;5,11;-;-;-;-;-;-;-
CCMU27P007400;BRBMEFOV0H14;AGRIBUSINESS;-;-;-;-;-;-;-;-;-;5,66;-;-;-;-;-;-;-
CCMU27P007500;BRBMEFOV0DX3;AGRIBUSINESS;-;-;-;-;-;-;-;-;-;6,24;-;-;-;-;-;-;-
CCMU27P007700;BRBMEFOV0IQ6;AGRIBUSINESS;-;-;-;-;-;-;-;-;-;7,46;-;-;-;-;-;-;-
CCMU27P007800;BRBMEFOV0GF3;AGRIBUSINESS;-;-;-;-;-;-;-;-;-;8,11;-;-;-;-;-;-;-
CCMU27P008000;BRBMEFOV0EG6;AGRIBUSINESS;-;-;-;-;-;-;-;-;-;9,46;-;-;-;-;-;-;-
CCMU27P008100;BRBMEFOV0GK3;AGRIBUSINESS;-;-;-;-;-;-;-;-;-;10,16;-;-;-;-;-;-;-
CCMU27P008150;BRBMEFOV0GN7;AGRIBUSINESS;-;-;-;-;-;-;-;-;-;10,51;-;-;-;-;-;-;-
CCMU27P008500;BRBMEFOV0FU4;AGRIBUSINESS;-;-;-;-;-;-;-;-;-;13,07;-;-;-;-;-;-;-
CCMU27P010000;BRBMEFOV0GU2;AGRIBUSINESS;-;-;-;-;-;-;-;-;-;25,06;-;-;-;-;-;-;-
CCMX26C005000;BRBMEFFM08L1;AGRIBUSINESS;-;-;-;-;-;-;-;-;-;20,09;-;-;-;-;-;-;-
CCMX26C005500;BRBMEFFM0AM4;AGRIBUSINESS;-;-;-;-;-;-;-;-;-;15,34;-;-;-;-;-;-;-
CCMX26C005600;BRBMEFFM0AO0;AGRIBUSINESS;-;-;-;-;-;-;-;-;-;14,4;-;-;-;-;-;-;-
CCMX26C005700;BRBMEFFM0AP7;AGRIBUSINESS;-;-;-;-;-;-;-;-;-;13,45;-;-;-;-;-;-;-
CCMX26C005800;BRBMEFFM0AQ5;AGRIBUSINESS;-;-;-;-;-;-;-;-;-;12,52;-;-;-;-;-;-;-
CCMX26C005900;BRBMEFFM0AR3;AGRIBUSINESS;-;-;-;-;-;-;-;-;-;11,59;-;-;-;-;-;-;-
CCMX26C006000;BRBMEFFM0AS1;AGRIBUSINESS;-;-;-;-;-;-;-;-;-;10,67;-;-;-;-;-;-;-
CCMX26C006100;BRBMEFFM0AT9;AGRIBUSINESS;-;-;-;-;-;-;-;-;-;9,76;-;-;-;-;-;-;-
CCMX26C006200;BRBMEFFM0AU7;AGRIBUSINESS;-;-;-;-;-;-;-;-;-;8,87;-;-;-;-;-;-;-
CCMX26C006300;BRBMEFFM0AV5;AGRIBUSINESS;-;-;-;-;-;-;-;-;-;8;-;-;-;-;-;-;-
CCMX26C006400;BRBMEFFM0AW3;AGRIBUSINESS;-;-;-;-;-;-;-;-;-;7,15;-;-;-;-;-;-;-
CCMX26C006500;BRBMEFFM09O3;AGRIBUSINESS;-;-;-;-;-;-;-;-;-;6,34;-;-;-;-;-;-;-
CCMX26C006550;BRBMEFFM0C16;AGRIBUSINESS;-;-;-;-;-;-;-;-;-;5,95;-;-;-;-;-;-;-
CCMX26C006600;BRBMEFFM0FH3;AGRIBUSINESS;-;-;-;-;-;-;-;-;-;5,57;-;-;-;-;-;-;-
CCMX26C006700;BRBMEFFM0CB3;AGRIBUSINESS;-;-;-;-;-;-;-;-;-;4,85;-;-;-;-;-;-;-
CCMX26C006725;BRBMEFFM0HQ0;AGRIBUSINESS;-;-;-;-;-;-;-;-;-;4,67;-;-;-;-;-;-;-
CCMX26C006750;BRBMEFFM0E48;AGRIBUSINESS;-;-;-;-;-;-;-;-;-;4,51;-;-;-;-;-;-;-
CCMX26C006800;BRBMEFFM0DL0;AGRIBUSINESS;-;-;-;-;-;-;-;-;-;4,19;-;-;-;-;-;-;-
CCMX26C006850;BRBMEFFM0G46;AGRIBUSINESS;-;-;-;-;-;-;-;-;-;3,88;-;-;-;-;-;-;-
CCMX26C006900;BRBMEFFM0C73;AGRIBUSINESS;-;-;-;-;-;-;-;-;-;3,58;-;-;-;-;-;-;-
CCMX26C006950;BRBMEFFM0FX0;AGRIBUSINESS;-;-;-;-;-;-;-;-;-;3,3;-;-;-;-;-;-;-
CCMX26C006975;BRBMEFFM0G79;AGRIBUSINESS;-;-;-;-;-;-;-;-;-;3,17;-;-;-;-;-;-;-
CCMX26C007000;BRBMEFFM09P0;AGRIBUSINESS;-;-;-;-;-;-;-;-;-;3,04;-;-;-;-;-;-;-
CCMX26C007050;BRBMEFFM0GS8;AGRIBUSINESS;-;-;-;-;-;-;-;-;-;2,8;-;-;-;-;-;-;-
CCMX26C007100;BRBMEFFM0FE0;AGRIBUSINESS;-;-;-;-;-;-;-;-;-;2,57;-;-;-;-;-;-;-
CCMX26C007150;BRBMEFFM0DF2;AGRIBUSINESS;-;-;-;-;-;-;-;-;-;2,35;-;-;-;-;-;-;-
CCMX26C007200;BRBMEFFM0AG6;AGRIBUSINESS;2,4;2,4;2,4;2,4;2,4;4,34;-;-;-;2,15;-;-;-;-;1;68;73440
CCMX26C007225;BRBMEFFM0GY6;AGRIBUSINESS;-;-;-;-;-;-;-;-;-;2,06;-;-;-;-;-;-;-
CCMX26C007250;BRBMEFFM0GH1;AGRIBUSINESS;-;-;-;-;-;-;-;-;-;1,97;-;-;-;-;-;-;-
CCMX26C007300;BRBMEFFM0DM8;AGRIBUSINESS;-;-;-;-;-;-;-;-;-;1,8;-;-;-;-;-;-;-
CCMX26C007325;BRBMEFFM0F96;AGRIBUSINESS;-;-;-;-;-;-;-;-;-;1,72;-;-;-;-;-;-;-
CCMX26C007350;BRBMEFFM0E55;AGRIBUSINESS;-;-;-;-;-;-;-;-;-;1,64;-;-;-;-;-;-;-
CCMX26C007375;BRBMEFFM0FA8;AGRIBUSINESS;-;-;-;-;-;-;-;-;-;1,56;-;-;-;-;-;-;-
CCMX26C007400;BRBMEFFM0CC1;AGRIBUSINESS;-;-;-;-;-;-;-;-;-;1,5;-;-;-;-;-;-;-
CCMX26C007425;BRBMEFFM0E89;AGRIBUSINESS;-;-;-;-;-;-;-;-;-;1,43;-;-;-;-;-;-;-
CCMX26C007450;BRBMEFFM0D98;AGRIBUSINESS;-;-;-;-;-;-;-;-;-;1,37;-;-;-;-;-;-;-
CCMX26C007500;BRBMEFFM09R6;AGRIBUSINESS;-;-;-;-;-;-;-;-;-;1,25;-;-;-;-;-;-;-
CCMX26C007525;BRBMEFFM0F54;AGRIBUSINESS;-;-;-;-;-;-;-;-;-;1,19;-;-;-;-;-;-;-
CCMX26C007550;BRBMEFFM0DG0;AGRIBUSINESS;-;-;-;-;-;-;-;-;-;1,14;-;-;-;-;-;-;-
CCMX26C007600;BRBMEFFM09Q8;AGRIBUSINESS;-;-;-;-;-;-;-;-;-;1,04;-;-;-;-;-;-;-
CCMX26C007625;BRBMEFFM0F62;AGRIBUSINESS;-;-;-;-;-;-;-;-;-;0,99;-;-;-;-;-;-;-
CCMX26C007650;BRBMEFFM0F70;AGRIBUSINESS;-;-;-;-;-;-;-;-;-;0,95;-;-;-;-;-;-;-
CCMX26C007675;BRBMEFFM0F88;AGRIBUSINESS;-;-;-;-;-;-;-;-;-;0,91;-;-;-;-;-;-;-
CCMX26C007700;BRBMEFFM0AH4;AGRIBUSINESS;-;-;-;-;-;-;-;-;-;0,87;-;-;-;-;-;-;-
CCMX26C007725;BRBMEFFM0G61;AGRIBUSINESS;-;-;-;-;-;-;-;-;-;0,83;-;-;-;-;-;-;-
CCMX26C007750;BRBMEFFM0G87;AGRIBUSINESS;-;-;-;-;-;-;-;-;-;0,79;-;-;-;-;-;-;-
CCMX26C007800;BRBMEFFM0EL8;AGRIBUSINESS;0,7;0,7;0,7;0,7;0,7;133,33;-;-;-;0,72;-;-;-;-;1;68;21420
CCMX26C007850;BRBMEFFM0GN9;AGRIBUSINESS;-;-;-;-;-;-;-;-;-;0,66;-;-;-;-;-;-;-
CCMX26C007900;BRBMEFFM0CN8;AGRIBUSINESS;-;-;-;-;-;-;-;-;-;0,6;-;-;-;-;-;-;-
CCMX26C007950;BRBMEFFM0BO8;AGRIBUSINESS;-;-;-;-;-;-;-;-;-;0,55;-;-;-;-;-;-;-
CCMX26C008000;BRBMEFFM08M9;AGRIBUSINESS;-;-;-;-;-;-;-;-;-;0,5;-;-;-;-;-;-;-
CCMX26C008100;BRBMEFFM0AX1;AGRIBUSINESS;-;-;-;-;-;-;-;-;-;0,42;-;-;-;-;-;-;-
CCMX26C008200;BRBMEFFM0AY9;AGRIBUSINESS;-;-;-;-;-;-;-;-;-;0,35;-;-;-;-;-;-;-
CCMX26C008300;BRBMEFFM0AZ6;AGRIBUSINESS;-;-;-;-;-;-;-;-;-;0,3;-;-;-;-;-;-;-
CCMX26C008350;BRBMEFFM0GL3;AGRIBUSINESS;-;-;-;-;-;-;-;-;-;0,27;-;-;-;-;-;-;-
CCMX26C008400;BRBMEFFM0B09;AGRIBUSINESS;-;-;-;-;-;-;-;-;-;0,25;-;-;-;-;-;-;-
CCMX26C008500;BRBMEFFM0B17;AGRIBUSINESS;-;-;-;-;-;-;-;-;-;0,21;-;-;-;-;-;-;-
CCMX26C008600;BRBMEFFM0B25;AGRIBUSINESS;-;-;-;-;-;-;-;-;-;0,18;-;-;-;-;-;-;-
CCMX26C008700;BRBMEFFM0B33;AGRIBUSINESS;-;-;-;-;-;-;-;-;-;0,15;-;-;-;-;-;-;-
CCMX26C008800;BRBMEFFM0B41;AGRIBUSINESS;-;-;-;-;-;-;-;-;-;0,11;-;-;-;-;-;-;-
CCMX26C008900;BRBMEFFM0B58;AGRIBUSINESS;-;-;-;-;-;-;-;-;-;0,09;-;-;-;-;-;-;-
CCMX26C009000;BRBMEFFM0AN2;AGRIBUSINESS;-;-;-;-;-;-;-;-;-;0,07;-;-;-;-;-;-;-
CCMX26P005000;BRBMEFOV08P5;AGRIBUSINESS;-;-;-;-;-;-;-;-;-;0,01;-;-;-;-;-;-;-
CCMX26P005500;BRBMEFOV0AQ3;AGRIBUSINESS;-;-;-;-;-;-;-;-;-;0,01;-;-;-;-;-;-;-
CCMX26P005600;BRBMEFOV0AS9;AGRIBUSINESS;-;-;-;-;-;-;-;-;-;0,01;-;-;-;-;-;-;-
CCMX26P005700;BRBMEFOV0AT7;AGRIBUSINESS;-;-;-;-;-;-;-;-;-;0,02;-;-;-;-;-;-;-
CCMX26P005800;BRBMEFOV0AU5;AGRIBUSINESS;-;-;-;-;-;-;-;-;-;0,03;-;-;-;-;-;-;-
CCMX26P005900;BRBMEFOV0AV3;AGRIBUSINESS;-;-;-;-;-;-;-;-;-;0,06;-;-;-;-;-;-;-
CCMX26P006000;BRBMEFOV0AW1;AGRIBUSINESS;-;-;-;-;-;-;-;-;-;0,09;-;-;-;-;-;-;-
CCMX26P006100;BRBMEFOV0AX9;AGRIBUSINESS;-;-;-;-;-;-;-;-;-;0,14;-;-;-;-;-;-;-
CCMX26P006200;BRBMEFOV0AY7;AGRIBUSINESS;-;-;-;-;-;-;-;-;-;0,19;-;-;-;-;-;-;-
CCMX26P006300;BRBMEFOV0AZ4;AGRIBUSINESS;-;-;-;-;-;-;-;-;-;0,27;-;-;-;-;-;-;-
CCMX26P006400;BRBMEFOV0B02;AGRIBUSINESS;-;-;-;-;-;-;-;-;-;0,38;-;-;-;-;-;-;-
CCMX26P006500;BRBMEFOV09S7;AGRIBUSINESS;-;-;-;-;-;-;-;-;-;0,52;-;-;-;-;-;-;-
CCMX26P006550;BRBMEFOV0C50;AGRIBUSINESS;-;-;-;-;-;-;-;-;-;0,61;-;-;-;-;-;-;-
CCMX26P006600;BRBMEFOV0FL3;AGRIBUSINESS;-;-;-;-;-;-;-;-;-;0,7;-;-;-;-;-;-;-
CCMX26P006700;BRBMEFOV0CF2;AGRIBUSINESS;-;-;-;-;-;-;-;-;-;0,93;-;-;-;-;-;-;-
CCMX26P006725;BRBMEFOV0HU0;AGRIBUSINESS;-;-;-;-;-;-;-;-;-;0,99;-;-;-;-;-;-;-
CCMX26P006750;BRBMEFOV0E82;AGRIBUSINESS;-;-;-;-;-;-;-;-;-;1,06;-;-;-;-;-;-;-
CCMX26P006800;BRBMEFOV0DP9;AGRIBUSINESS;-;-;-;-;-;-;-;-;-;1,22;-;-;-;-;-;-;-
CCMX26P006850;BRBMEFOV0G80;AGRIBUSINESS;-;-;-;-;-;-;-;-;-;1,38;-;-;-;-;-;-;-
CCMX26P006900;BRBMEFOV0CB1;AGRIBUSINESS;-;-;-;-;-;-;-;-;-;1,57;-;-;-;-;-;-;-
CCMX26P006950;BRBMEFOV0G15;AGRIBUSINESS;-;-;-;-;-;-;-;-;-;1,76;-;-;-;-;-;-;-
CCMX26P006975;BRBMEFOV0GB2;AGRIBUSINESS;-;-;-;-;-;-;-;-;-;1,87;-;-;-;-;-;-;-
CCMX26P007000;BRBMEFOV09T5;AGRIBUSINESS;-;-;-;-;-;-;-;-;-;1,98;-;-;-;-;-;-;-
CCMX26P007050;BRBMEFOV0GW8;AGRIBUSINESS;-;-;-;-;-;-;-;-;-;2,21;-;-;-;-;-;-;-
CCMX26P007100;BRBMEFOV0FI9;AGRIBUSINESS;-;-;-;-;-;-;-;-;-;2,45;-;-;-;-;-;-;-
CCMX26P007150;BRBMEFOV0DJ2;AGRIBUSINESS;-;-;-;-;-;-;-;-;-;2,71;-;-;-;-;-;-;-
CCMX26P007200;BRBMEFOV0AK6;AGRIBUSINESS;-;-;-;-;-;-;-;-;-;2,99;-;-;-;-;-;-;-
CCMX26P007225;BRBMEFOV0H22;AGRIBUSINESS;-;-;-;-;-;-;-;-;-;3,13;-;-;-;-;-;-;-
CCMX26P007250;BRBMEFOV0GL1;AGRIBUSINESS;-;-;-;-;-;-;-;-;-;3,28;-;-;-;-;-;-;-
CCMX26P007300;BRBMEFOV0DQ7;AGRIBUSINESS;-;-;-;-;-;-;-;-;-;3,59;-;-;-;-;-;-;-
CCMX26P007325;BRBMEFOV0FD0;AGRIBUSINESS;-;-;-;-;-;-;-;-;-;3,74;-;-;-;-;-;-;-
CCMX26P007350;BRBMEFOV0E90;AGRIBUSINESS;-;-;-;-;-;-;-;-;-;3,9;-;-;-;-;-;-;-
CCMX26P007375;BRBMEFOV0FE8;AGRIBUSINESS;-;-;-;-;-;-;-;-;-;4,07;-;-;-;-;-;-;-
CCMX26P007400;BRBMEFOV0CG0;AGRIBUSINESS;-;-;-;-;-;-;-;-;-;4,24;-;-;-;-;-;-;-
CCMX26P007425;BRBMEFOV0EC5;AGRIBUSINESS;-;-;-;-;-;-;-;-;-;4,41;-;-;-;-;-;-;-
CCMX26P007450;BRBMEFOV0DD5;AGRIBUSINESS;-;-;-;-;-;-;-;-;-;4,58;-;-;-;-;-;-;-
CCMX26P007500;BRBMEFOV09V1;AGRIBUSINESS;-;-;-;-;-;-;-;-;-;4,94;-;-;-;-;-;-;-
CCMX26P007525;BRBMEFOV0F99;AGRIBUSINESS;-;-;-;-;-;-;-;-;-;5,12;-;-;-;-;-;-;-
CCMX26P007550;BRBMEFOV0DK0;AGRIBUSINESS;-;-;-;-;-;-;-;-;-;5,31;-;-;-;-;-;-;-
CCMX26P007600;BRBMEFOV09U3;AGRIBUSINESS;-;-;-;-;-;-;-;-;-;5,68;-;-;-;-;-;-;-
CCMX26P007625;BRBMEFOV0FA6;AGRIBUSINESS;-;-;-;-;-;-;-;-;-;5,87;-;-;-;-;-;-;-
CCMX26P007650;BRBMEFOV0FB4;AGRIBUSINESS;-;-;-;-;-;-;-;-;-;6,07;-;-;-;-;-;-;-
CCMX26P007675;BRBMEFOV0FC2;AGRIBUSINESS;-;-;-;-;-;-;-;-;-;6,26;-;-;-;-;-;-;-
CCMX26P007700;BRBMEFOV0AL4;AGRIBUSINESS;-;-;-;-;-;-;-;-;-;6,46;-;-;-;-;-;-;-
CCMX26P007725;BRBMEFOV0GA4;AGRIBUSINESS;-;-;-;-;-;-;-;-;-;6,66;-;-;-;-;-;-;-
CCMX26P007750;BRBMEFOV0GC0;AGRIBUSINESS;-;-;-;-;-;-;-;-;-;6,86;-;-;-;-;-;-;-
CCMX26P007800;BRBMEFOV0EP7;AGRIBUSINESS;-;-;-;-;-;-;-;-;-;7,27;-;-;-;-;-;-;-
CCMX26P007850;BRBMEFOV0GR8;AGRIBUSINESS;-;-;-;-;-;-;-;-;-;7,68;-;-;-;-;-;-;-
CCMX26P007900;BRBMEFOV0CR7;AGRIBUSINESS;-;-;-;-;-;-;-;-;-;8,1;-;-;-;-;-;-;-
CCMX26P007950;BRBMEFOV0BS7;AGRIBUSINESS;-;-;-;-;-;-;-;-;-;8,52;-;-;-;-;-;-;-
CCMX26P008000;BRBMEFOV08Q3;AGRIBUSINESS;-;-;-;-;-;-;-;-;-;8,95;-;-;-;-;-;-;-
CCMX26P008100;BRBMEFOV0B10;AGRIBUSINESS;-;-;-;-;-;-;-;-;-;9,82;-;-;-;-;-;-;-
CCMX26P008200;BRBMEFOV0B28;AGRIBUSINESS;-;-;-;-;-;-;-;-;-;10,7;-;-;-;-;-;-;-
CCMX26P008300;BRBMEFOV0B36;AGRIBUSINESS;-;-;-;-;-;-;-;-;-;11,6;-;-;-;-;-;-;-
CCMX26P008350;BRBMEFOV0GP2;AGRIBUSINESS;-;-;-;-;-;-;-;-;-;12,05;-;-;-;-;-;-;-
CCMX26P008400;BRBMEFOV0B44;AGRIBUSINESS;-;-;-;-;-;-;-;-;-;12,5;-;-;-;-;-;-;-
CCMX26P008500;BRBMEFOV0B51;AGRIBUSINESS;-;-;-;-;-;-;-;-;-;13,41;-;-;-;-;-;-;-
CCMX26P008600;BRBMEFOV0B69;AGRIBUSINESS;-;-;-;-;-;-;-;-;-;14,33;-;-;-;-;-;-;-
CCMX26P008700;BRBMEFOV0B77;AGRIBUSINESS;-;-;-;-;-;-;-;-;-;15,25;-;-;-;-;-;-;-
CCMX26P008800;BRBMEFOV0B85;AGRIBUSINESS;-;-;-;-;-;-;-;-;-;16,17;-;-;-;-;-;-;-
CCMX26P008900;BRBMEFOV0B93;AGRIBUSINESS;-;-;-;-;-;-;-;-;-;17,1;-;-;-;-;-;-;-
CCMX26P009000;BRBMEFOV0AR1;AGRIBUSINESS;-;-;-;-;-;-;-;-;-;18,03;-;-;-;-;-;-;-
CCMX27C006500;BRBMEFFM0HR8;AGRIBUSINESS;-;-;-;-;-;-;-;-;-;8,02;-;-;-;-;-;-;-
CCMX27C006550;BRBMEFFM0HS6;AGRIBUSINESS;-;-;-;-;-;-;-;-;-;7,72;-;-;-;-;-;-;-
CCMX27C006600;BRBMEFFM0HT4;AGRIBUSINESS;-;-;-;-;-;-;-;-;-;7,44;-;-;-;-;-;-;-
CCMX27C006650;BRBMEFFM0HU2;AGRIBUSINESS;-;-;-;-;-;-;-;-;-;7,17;-;-;-;-;-;-;-
CCMX27C006700;BRBMEFFM0HV0;AGRIBUSINESS;-;-;-;-;-;-;-;-;-;6,9;-;-;-;-;-;-;-
CCMX27C006750;BRBMEFFM0HW8;AGRIBUSINESS;-;-;-;-;-;-;-;-;-;6,64;-;-;-;-;-;-;-
CCMX27C006800;BRBMEFFM0HX6;AGRIBUSINESS;-;-;-;-;-;-;-;-;-;6,39;-;-;-;-;-;-;-
CCMX27C006850;BRBMEFFM0HY4;AGRIBUSINESS;-;-;-;-;-;-;-;-;-;6,15;-;-;-;-;-;-;-
CCMX27C006900;BRBMEFFM0HZ1;AGRIBUSINESS;-;-;-;-;-;-;-;-;-;5,91;-;-;-;-;-;-;-
CCMX27C006950;BRBMEFFM0I02;AGRIBUSINESS;-;-;-;-;-;-;-;-;-;5,67;-;-;-;-;-;-;-
CCMX27C007000;BRBMEFFM0I10;AGRIBUSINESS;-;-;-;-;-;-;-;-;-;5,45;-;-;-;-;-;-;-
CCMX27C007050;BRBMEFFM0I28;AGRIBUSINESS;-;-;-;-;-;-;-;-;-;5,24;-;-;-;-;-;-;-
CCMX27C007100;BRBMEFFM0I36;AGRIBUSINESS;-;-;-;-;-;-;-;-;-;5,03;-;-;-;-;-;-;-
CCMX27C007150;BRBMEFFM0I44;AGRIBUSINESS;-;-;-;-;-;-;-;-;-;4,83;-;-;-;-;-;-;-
CCMX27C007200;BRBMEFFM0I51;AGRIBUSINESS;4,75;4,75;4,75;4,75;4,75;-;-;-;-;4,63;-;-;-;-;1;500;1068750
CCMX27C007250;BRBMEFFM0I69;AGRIBUSINESS;-;-;-;-;-;-;-;-;-;4,44;-;-;-;-;-;-;-
CCMX27C007300;BRBMEFFM0I77;AGRIBUSINESS;-;-;-;-;-;-;-;-;-;4,26;-;-;-;-;-;-;-
CCMX27C007350;BRBMEFFM0I85;AGRIBUSINESS;-;-;-;-;-;-;-;-;-;4,08;-;-;-;-;-;-;-
CCMX27C007400;BRBMEFFM0I93;AGRIBUSINESS;-;-;-;-;-;-;-;-;-;3,91;-;-;-;-;-;-;-
CCMX27C007450;BRBMEFFM0IA2;AGRIBUSINESS;-;-;-;-;-;-;-;-;-;3,75;-;-;-;-;-;-;-
CCMX27C007500;BRBMEFFM0IB0;AGRIBUSINESS;-;-;-;-;-;-;-;-;-;3,6;-;-;-;-;-;-;-
CCMX27C007550;BRBMEFFM0IC8;AGRIBUSINESS;-;-;-;-;-;-;-;-;-;3,45;-;-;-;-;-;-;-
CCMX27C007600;BRBMEFFM0ID6;AGRIBUSINESS;-;-;-;-;-;-;-;-;-;3,31;-;-;-;-;-;-;-
CCMX27C007650;BRBMEFFM0IE4;AGRIBUSINESS;-;-;-;-;-;-;-;-;-;3,17;-;-;-;-;-;-;-
CCMX27C007700;BRBMEFFM0IF1;AGRIBUSINESS;-;-;-;-;-;-;-;-;-;3,04;-;-;-;-;-;-;-
CCMX27C007750;BRBMEFFM0IG9;AGRIBUSINESS;-;-;-;-;-;-;-;-;-;2,91;-;-;-;-;-;-;-
CCMX27C007800;BRBMEFFM0IH7;AGRIBUSINESS;-;-;-;-;-;-;-;-;-;2,79;-;-;-;-;-;-;-
CCMX27C007850;BRBMEFFM0II5;AGRIBUSINESS;-;-;-;-;-;-;-;-;-;2,67;-;-;-;-;-;-;-
CCMX27C007900;BRBMEFFM0IJ3;AGRIBUSINESS;2,5;2,5;2,5;2,5;2,5;-;-;-;-;2,56;-;-;-;-;1;500;562500
CCMX27C007950;BRBMEFFM0IK1;AGRIBUSINESS;-;-;-;-;-;-;-;-;-;2,46;-;-;-;-;-;-;-
CCMX27C008000;BRBMEFFM0IL9;AGRIBUSINESS;-;-;-;-;-;-;-;-;-;2,36;-;-;-;-;-;-;-
CCMX27P006500;BRBMEFOV0HV8;AGRIBUSINESS;-;-;-;-;-;-;-;-;-;1,57;-;-;-;-;-;-;-
CCMX27P006550;BRBMEFOV0HW6;AGRIBUSINESS;-;-;-;-;-;-;-;-;-;1,7;-;-;-;-;-;-;-
CCMX27P006600;BRBMEFOV0HX4;AGRIBUSINESS;-;-;-;-;-;-;-;-;-;1,83;-;-;-;-;-;-;-
CCMX27P006650;BRBMEFOV0HY2;AGRIBUSINESS;-;-;-;-;-;-;-;-;-;1,98;-;-;-;-;-;-;-
CCMX27P006700;BRBMEFOV0HZ9;AGRIBUSINESS;-;-;-;-;-;-;-;-;-;2,13;-;-;-;-;-;-;-
CCMX27P006750;BRBMEFOV0I05;AGRIBUSINESS;-;-;-;-;-;-;-;-;-;2,29;-;-;-;-;-;-;-
CCMX27P006800;BRBMEFOV0I13;AGRIBUSINESS;2,15;2,15;2,15;2,15;2,15;-;-;-;-;2,45;-;-;-;-;1;500;483750
CCMX27P006850;BRBMEFOV0I21;AGRIBUSINESS;-;-;-;-;-;-;-;-;-;2,63;-;-;-;-;-;-;-
CCMX27P006900;BRBMEFOV0I39;AGRIBUSINESS;-;-;-;-;-;-;-;-;-;2,81;-;-;-;-;-;-;-
CCMX27P006950;BRBMEFOV0I47;AGRIBUSINESS;-;-;-;-;-;-;-;-;-;2,99;-;-;-;-;-;-;-
CCMX27P007000;BRBMEFOV0I54;AGRIBUSINESS;-;-;-;-;-;-;-;-;-;3,19;-;-;-;-;-;-;-
CCMX27P007050;BRBMEFOV0I62;AGRIBUSINESS;-;-;-;-;-;-;-;-;-;3,39;-;-;-;-;-;-;-
CCMX27P007100;BRBMEFOV0I70;AGRIBUSINESS;-;-;-;-;-;-;-;-;-;3,6;-;-;-;-;-;-;-
CCMX27P007150;BRBMEFOV0I88;AGRIBUSINESS;-;-;-;-;-;-;-;-;-;3,81;-;-;-;-;-;-;-
CCMX27P007200;BRBMEFOV0I96;AGRIBUSINESS;-;-;-;-;-;-;-;-;-;4,04;-;-;-;-;-;-;-
CCMX27P007250;BRBMEFOV0IA0;AGRIBUSINESS;-;-;-;-;-;-;-;-;-;4,27;-;-;-;-;-;-;-
CCMX27P007300;BRBMEFOV0IB8;AGRIBUSINESS;-;-;-;-;-;-;-;-;-;4,5;-;-;-;-;-;-;-
CCMX27P007350;BRBMEFOV0IC6;AGRIBUSINESS;-;-;-;-;-;-;-;-;-;4,74;-;-;-;-;-;-;-
CCMX27P007400;BRBMEFOV0ID4;AGRIBUSINESS;-;-;-;-;-;-;-;-;-;4,99;-;-;-;-;-;-;-
CCMX27P007450;BRBMEFOV0IE2;AGRIBUSINESS;-;-;-;-;-;-;-;-;-;5,25;-;-;-;-;-;-;-
CCMX27P007500;BRBMEFOV0IF9;AGRIBUSINESS;-;-;-;-;-;-;-;-;-;5,51;-;-;-;-;-;-;-
CCMX27P007550;BRBMEFOV0IG7;AGRIBUSINESS;-;-;-;-;-;-;-;-;-;5,78;-;-;-;-;-;-;-
CCMX27P007600;BRBMEFOV0IH5;AGRIBUSINESS;-;-;-;-;-;-;-;-;-;6,06;-;-;-;-;-;-;-
CCMX27P007650;BRBMEFOV0II3;AGRIBUSINESS;-;-;-;-;-;-;-;-;-;6,34;-;-;-;-;-;-;-
CCMX27P007700;BRBMEFOV0IJ1;AGRIBUSINESS;-;-;-;-;-;-;-;-;-;6,62;-;-;-;-;-;-;-
CCMX27P007750;BRBMEFOV0IK9;AGRIBUSINESS;-;-;-;-;-;-;-;-;-;6,91;-;-;-;-;-;-;-
CCMX27P007800;BRBMEFOV0IL7;AGRIBUSINESS;-;-;-;-;-;-;-;-;-;7,21;-;-;-;-;-;-;-
CCMX27P007850;BRBMEFOV0IM5;AGRIBUSINESS;-;-;-;-;-;-;-;-;-;7,51;-;-;-;-;-;-;-
CCMX27P007900;BRBMEFOV0IN3;AGRIBUSINESS;-;-;-;-;-;-;-;-;-;7,82;-;-;-;-;-;-;-
CCMX27P007950;BRBMEFOV0IO1;AGRIBUSINESS;-;-;-;-;-;-;-;-;-;8,13;-;-;-;-;-;-;-
CCMX27P008000;BRBMEFOV0IP8;AGRIBUSINESS;-;-;-;-;-;-;-;-;-;8,45;-;-;-;-;-;-;-
SJCF27C002000;BRBMEFFJMJI4;AGRIBUSINESS;-;-;-;-;-;-;-;-;-;5,21;-;-;-;-;-;-;-
SJCF27C002350;BRBMEFFJMN37;AGRIBUSINESS;-;-;-;-;-;-;-;-;-;2,11;-;-;-;-;-;-;-
SJCF27C002550;BRBMEFFJMN45;AGRIBUSINESS;-;-;-;-;-;-;-;-;-;0,93;-;-;-;-;-;-;-
SJCF27C002650;BRBMEFFJMN52;AGRIBUSINESS;-;-;-;-;-;-;-;-;-;0,59;-;-;-;-;-;-;-
SJCF27C003000;BRBMEFFJMJJ2;AGRIBUSINESS;-;-;-;-;-;-;-;-;-;0,13;-;-;-;-;-;-;-
SJCF27P002000;BRBMEFSJ1JI1;AGRIBUSINESS;-;-;-;-;-;-;-;-;-;0,01;-;-;-;-;-;-;-
SJCF27P002350;BRBMEFSJ1N37;AGRIBUSINESS;-;-;-;-;-;-;-;-;-;0,19;-;-;-;-;-;-;-
SJCF27P002550;BRBMEFSJ1N45;AGRIBUSINESS;-;-;-;-;-;-;-;-;-;0,89;-;-;-;-;-;-;-
SJCF27P002650;BRBMEFSJ1N52;AGRIBUSINESS;-;-;-;-;-;-;-;-;-;1,49;-;-;-;-;-;-;-
SJCF27P003000;BRBMEFSJ1JJ9;AGRIBUSINESS;-;-;-;-;-;-;-;-;-;4,31;-;-;-;-;-;-;-
SJCH27C002000;BRBMEFFJMJK0;AGRIBUSINESS;-;-;-;-;-;-;-;-;-;5,27;-;-;-;-;-;-;-
SJCH27C002300;BRBMEFFJMJT1;AGRIBUSINESS;-;-;-;-;-;-;-;-;-;2,64;-;-;-;-;-;-;-
SJCH27C002350;BRBMEFFJMKN2;AGRIBUSINESS;-;-;-;-;-;-;-;-;-;2,26;-;-;-;-;-;-;-
SJCH27C002375;BRBMEFFJMKG6;AGRIBUSINESS;-;-;-;-;-;-;-;-;-;2,08;-;-;-;-;-;-;-
SJCH27C002400;BRBMEFFJMJW5;AGRIBUSINESS;-;-;-;-;-;-;-;-;-;1,91;-;-;-;-;-;-;-
SJCH27C002450;BRBMEFFJMKH4;AGRIBUSINESS;-;-;-;-;-;-;-;-;-;1,6;-;-;-;-;-;-;-
SJCH27C002475;BRBMEFFJMJU9;AGRIBUSINESS;-;-;-;-;-;-;-;-;-;1,46;-;-;-;-;-;-;-
SJCH27C002500;BRBMEFFJMKI2;AGRIBUSINESS;-;-;-;-;-;-;-;-;-;1,33;-;-;-;-;-;-;-
SJCH27C002525;BRBMEFFJMKJ0;AGRIBUSINESS;-;-;-;-;-;-;-;-;-;1,21;-;-;-;-;-;-;-
SJCH27C002550;BRBMEFFJMKK8;AGRIBUSINESS;-;-;-;-;-;-;-;-;-;1,1;-;-;-;-;-;-;-
SJCH27C002575;BRBMEFFJMJV7;AGRIBUSINESS;-;-;-;-;-;-;-;-;-;1;-;-;-;-;-;-;-
SJCH27C002600;BRBMEFFJMJX3;AGRIBUSINESS;-;-;-;-;-;-;-;-;-;0,9;-;-;-;-;-;-;-
SJCH27C002625;BRBMEFFJMM38;AGRIBUSINESS;-;-;-;-;-;-;-;-;-;0,82;-;-;-;-;-;-;-
SJCH27C002650;BRBMEFFJMLB5;AGRIBUSINESS;-;-;-;-;-;-;-;-;-;0,74;-;-;-;-;-;-;-
SJCH27C002700;BRBMEFFJMKO0;AGRIBUSINESS;-;-;-;-;-;-;-;-;-;0,61;-;-;-;-;-;-;-
SJCH27C002800;BRBMEFFJMLC3;AGRIBUSINESS;-;-;-;-;-;-;-;-;-;0,41;-;-;-;-;-;-;-
SJCH27C003000;BRBMEFFJMJL8;AGRIBUSINESS;-;-;-;-;-;-;-;-;-;0,19;-;-;-;-;-;-;-
SJCH27P002000;BRBMEFSJ1JK7;AGRIBUSINESS;-;-;-;-;-;-;-;-;-;0,01;-;-;-;-;-;-;-
SJCH27P002300;BRBMEFSJ1JT8;AGRIBUSINESS;-;-;-;-;-;-;-;-;-;0,13;-;-;-;-;-;-;-
SJCH27P002350;BRBMEFSJ1KN9;AGRIBUSINESS;-;-;-;-;-;-;-;-;-;0,21;-;-;-;-;-;-;-
SJCH27P002375;BRBMEFSJ1KG3;AGRIBUSINESS;-;-;-;-;-;-;-;-;-;0,26;-;-;-;-;-;-;-
SJCH27P002400;BRBMEFSJ1JW2;AGRIBUSINESS;-;-;-;-;-;-;-;-;-;0,32;-;-;-;-;-;-;-
SJCH27P002450;BRBMEFSJ1KH1;AGRIBUSINESS;-;-;-;-;-;-;-;-;-;0,47;-;-;-;-;-;-;-
SJCH27P002475;BRBMEFSJ1JU6;AGRIBUSINESS;-;-;-;-;-;-;-;-;-;0,56;-;-;-;-;-;-;-
SJCH27P002500;BRBMEFSJ1KI9;AGRIBUSINESS;-;-;-;-;-;-;-;-;-;0,66;-;-;-;-;-;-;-
SJCH27P002525;BRBMEFSJ1KJ7;AGRIBUSINESS;-;-;-;-;-;-;-;-;-;0,77;-;-;-;-;-;-;-
SJCH27P002550;BRBMEFSJ1KK5;AGRIBUSINESS;-;-;-;-;-;-;-;-;-;0,89;-;-;-;-;-;-;-
SJCH27P002575;BRBMEFSJ1JV4;AGRIBUSINESS;-;-;-;-;-;-;-;-;-;1,02;-;-;-;-;-;-;-
SJCH27P002600;BRBMEFSJ1JX0;AGRIBUSINESS;-;-;-;-;-;-;-;-;-;1,15;-;-;-;-;-;-;-
SJCH27P002625;BRBMEFSJ1M38;AGRIBUSINESS;-;-;-;-;-;-;-;-;-;1,3;-;-;-;-;-;-;-
SJCH27P002650;BRBMEFSJ1LB2;AGRIBUSINESS;-;-;-;-;-;-;-;-;-;1,45;-;-;-;-;-;-;-
SJCH27P002700;BRBMEFSJ1KO7;AGRIBUSINESS;-;-;-;-;-;-;-;-;-;1,78;-;-;-;-;-;-;-
SJCH27P002800;BRBMEFSJ1LC0;AGRIBUSINESS;-;-;-;-;-;-;-;-;-;2,5;-;-;-;-;-;-;-
SJCH27P003000;BRBMEFSJ1JL5;AGRIBUSINESS;-;-;-;-;-;-;-;-;-;4,12;-;-;-;-;-;-;-
SJCK27C002000;BRBMEFFJMJM6;AGRIBUSINESS;-;-;-;-;-;-;-;-;-;5,31;-;-;-;-;-;-;-
SJCK27C002275;BRBMEFFJMJR5;AGRIBUSINESS;-;-;-;-;-;-;-;-;-;2,97;-;-;-;-;-;-;-
SJCK27C002300;BRBMEFFJML96;AGRIBUSINESS;-;-;-;-;-;-;-;-;-;2,78;-;-;-;-;-;-;-
SJCK27C002325;BRBMEFFJMJS3;AGRIBUSINESS;-;-;-;-;-;-;-;-;-;2,59;-;-;-;-;-;-;-
SJCK27C002350;BRBMEFFJMK06;AGRIBUSINESS;-;-;-;-;-;-;-;-;-;2,41;-;-;-;-;-;-;-
SJCK27C002400;BRBMEFFJMJY1;AGRIBUSINESS;-;-;-;-;-;-;-;-;-;2,07;-;-;-;-;-;-;-
SJCK27C002425;BRBMEFFJMK14;AGRIBUSINESS;-;-;-;-;-;-;-;-;-;1,91;-;-;-;-;-;-;-
SJCK27C002450;BRBMEFFJMK22;AGRIBUSINESS;-;-;-;-;-;-;-;-;-;1,77;-;-;-;-;-;-;-
SJCK27C002475;BRBMEFFJMJQ7;AGRIBUSINESS;-;-;-;-;-;-;-;-;-;1,63;-;-;-;-;-;-;-
SJCK27C002500;BRBMEFFJMK30;AGRIBUSINESS;-;-;-;-;-;-;-;-;-;1,5;-;-;-;-;-;-;-
SJCK27C002525;BRBMEFFJMK48;AGRIBUSINESS;-;-;-;-;-;-;-;-;-;1,38;-;-;-;-;-;-;-
SJCK27C002550;BRBMEFFJMK63;AGRIBUSINESS;-;-;-;-;-;-;-;-;-;1,27;-;-;-;-;-;-;-
SJCK27C002575;BRBMEFFJMK55;AGRIBUSINESS;-;-;-;-;-;-;-;-;-;1,17;-;-;-;-;-;-;-
SJCK27C002600;BRBMEFFJMJZ8;AGRIBUSINESS;-;-;-;-;-;-;-;-;-;1,07;-;-;-;-;-;-;-
SJCK27C002650;BRBMEFFJMM79;AGRIBUSINESS;-;-;-;-;-;-;-;-;-;0,9;-;-;-;-;-;-;-
SJCK27C002675;BRBMEFFJMLA7;AGRIBUSINESS;-;-;-;-;-;-;-;-;-;0,83;-;-;-;-;-;-;-
SJCK27C002700;BRBMEFFJMM61;AGRIBUSINESS;-;-;-;-;-;-;-;-;-;0,76;-;-;-;-;-;-;-
SJCK27C002725;BRBMEFFJMM87;AGRIBUSINESS;-;-;-;-;-;-;-;-;-;0,69;-;-;-;-;-;-;-
SJCK27C002750;BRBMEFFJMM95;AGRIBUSINESS;-;-;-;-;-;-;-;-;-;0,63;-;-;-;-;-;-;-
SJCK27C002775;BRBMEFFJMMA5;AGRIBUSINESS;-;-;-;-;-;-;-;-;-;0,58;-;-;-;-;-;-;-
SJCK27C002800;BRBMEFFJMMB3;AGRIBUSINESS;-;-;-;-;-;-;-;-;-;0,53;-;-;-;-;-;-;-
SJCK27C002825;BRBMEFFJMMC1;AGRIBUSINESS;-;-;-;-;-;-;-;-;-;0,49;-;-;-;-;-;-;-
SJCK27C002850;BRBMEFFJMMD9;AGRIBUSINESS;-;-;-;-;-;-;-;-;-;0,45;-;-;-;-;-;-;-
SJCK27C003000;BRBMEFFJMJN4;AGRIBUSINESS;-;-;-;-;-;-;-;-;-;0,27;-;-;-;-;-;-;-
SJCK27P002000;BRBMEFSJ1JM3;AGRIBUSINESS;-;-;-;-;-;-;-;-;-;0,01;-;-;-;-;-;-;-
SJCK27P002275;BRBMEFSJ1JR2;AGRIBUSINESS;-;-;-;-;-;-;-;-;-;0,14;-;-;-;-;-;-;-
SJCK27P002300;BRBMEFSJ1L96;AGRIBUSINESS;-;-;-;-;-;-;-;-;-;0,17;-;-;-;-;-;-;-
SJCK27P002325;BRBMEFSJ1JS0;AGRIBUSINESS;-;-;-;-;-;-;-;-;-;0,21;-;-;-;-;-;-;-
SJCK27P002350;BRBMEFSJ1K06;AGRIBUSINESS;-;-;-;-;-;-;-;-;-;0,25;-;-;-;-;-;-;-
SJCK27P002400;BRBMEFSJ1JY8;AGRIBUSINESS;-;-;-;-;-;-;-;-;-;0,36;-;-;-;-;-;-;-
SJCK27P002425;BRBMEFSJ1K14;AGRIBUSINESS;-;-;-;-;-;-;-;-;-;0,43;-;-;-;-;-;-;-
SJCK27P002450;BRBMEFSJ1K22;AGRIBUSINESS;-;-;-;-;-;-;-;-;-;0,51;-;-;-;-;-;-;-
SJCK27P002475;BRBMEFSJ1JQ4;AGRIBUSINESS;-;-;-;-;-;-;-;-;-;0,6;-;-;-;-;-;-;-
SJCK27P002500;BRBMEFSJ1K30;AGRIBUSINESS;-;-;-;-;-;-;-;-;-;0,69;-;-;-;-;-;-;-
SJCK27P002525;BRBMEFSJ1K48;AGRIBUSINESS;-;-;-;-;-;-;-;-;-;0,8;-;-;-;-;-;-;-
SJCK27P002550;BRBMEFSJ1K63;AGRIBUSINESS;-;-;-;-;-;-;-;-;-;0,91;-;-;-;-;-;-;-
SJCK27P002575;BRBMEFSJ1K55;AGRIBUSINESS;-;-;-;-;-;-;-;-;-;1,03;-;-;-;-;-;-;-
SJCK27P002600;BRBMEFSJ1JZ5;AGRIBUSINESS;-;-;-;-;-;-;-;-;-;1,16;-;-;-;-;-;-;-
SJCK27P002650;BRBMEFSJ1M79;AGRIBUSINESS;-;-;-;-;-;-;-;-;-;1,44;-;-;-;-;-;-;-
SJCK27P002675;BRBMEFSJ1LA4;AGRIBUSINESS;-;-;-;-;-;-;-;-;-;1,59;-;-;-;-;-;-;-
SJCK27P002700;BRBMEFSJ1M61;AGRIBUSINESS;-;-;-;-;-;-;-;-;-;1,75;-;-;-;-;-;-;-
SJCK27P002725;BRBMEFSJ1M87;AGRIBUSINESS;-;-;-;-;-;-;-;-;-;1,91;-;-;-;-;-;-;-
SJCK27P002750;BRBMEFSJ1M95;AGRIBUSINESS;-;-;-;-;-;-;-;-;-;2,08;-;-;-;-;-;-;-
SJCK27P002775;BRBMEFSJ1MA2;AGRIBUSINESS;-;-;-;-;-;-;-;-;-;2,25;-;-;-;-;-;-;-
SJCK27P002800;BRBMEFSJ1MB0;AGRIBUSINESS;-;-;-;-;-;-;-;-;-;2,42;-;-;-;-;-;-;-
SJCK27P002825;BRBMEFSJ1MC8;AGRIBUSINESS;-;-;-;-;-;-;-;-;-;2,6;-;-;-;-;-;-;-
SJCK27P002850;BRBMEFSJ1MD6;AGRIBUSINESS;-;-;-;-;-;-;-;-;-;2,79;-;-;-;-;-;-;-
SJCK27P003000;BRBMEFSJ1JN1;AGRIBUSINESS;-;-;-;-;-;-;-;-;-;3,96;-;-;-;-;-;-;-
SJCN27C002300;BRBMEFFJMME7;AGRIBUSINESS;-;-;-;-;-;-;-;-;-;2,9;-;-;-;-;-;-;-
SJCN27C002325;BRBMEFFJMMF4;AGRIBUSINESS;-;-;-;-;-;-;-;-;-;2,72;-;-;-;-;-;-;-
SJCN27C002350;BRBMEFFJMMG2;AGRIBUSINESS;-;-;-;-;-;-;-;-;-;2,55;-;-;-;-;-;-;-
SJCN27C002375;BRBMEFFJMMH0;AGRIBUSINESS;-;-;-;-;-;-;-;-;-;2,38;-;-;-;-;-;-;-
SJCN27C002400;BRBMEFFJMMI8;AGRIBUSINESS;-;-;-;-;-;-;-;-;-;2,22;-;-;-;-;-;-;-
SJCN27C002425;BRBMEFFJMMJ6;AGRIBUSINESS;-;-;-;-;-;-;-;-;-;2,07;-;-;-;-;-;-;-
SJCN27C002450;BRBMEFFJMMK4;AGRIBUSINESS;-;-;-;-;-;-;-;-;-;1,93;-;-;-;-;-;-;-
SJCN27C002475;BRBMEFFJMML2;AGRIBUSINESS;-;-;-;-;-;-;-;-;-;1,79;-;-;-;-;-;-;-
SJCN27C002500;BRBMEFFJMMM0;AGRIBUSINESS;-;-;-;-;-;-;-;-;-;1,67;-;-;-;-;-;-;-
SJCN27C002525;BRBMEFFJMMN8;AGRIBUSINESS;-;-;-;-;-;-;-;-;-;1,55;-;-;-;-;-;-;-
SJCN27C002550;BRBMEFFJMMO6;AGRIBUSINESS;-;-;-;-;-;-;-;-;-;1,44;-;-;-;-;-;-;-
SJCN27C002575;BRBMEFFJMMP3;AGRIBUSINESS;-;-;-;-;-;-;-;-;-;1,33;-;-;-;-;-;-;-
SJCN27C002600;BRBMEFFJMMQ1;AGRIBUSINESS;-;-;-;-;-;-;-;-;-;1,24;-;-;-;-;-;-;-
SJCN27C002625;BRBMEFFJMMR9;AGRIBUSINESS;-;-;-;-;-;-;-;-;-;1,15;-;-;-;-;-;-;-
SJCN27C002650;BRBMEFFJMMS7;AGRIBUSINESS;-;-;-;-;-;-;-;-;-;1,06;-;-;-;-;-;-;-
SJCN27C002675;BRBMEFFJMMT5;AGRIBUSINESS;-;-;-;-;-;-;-;-;-;0,98;-;-;-;-;-;-;-
SJCN27C002700;BRBMEFFJMMU3;AGRIBUSINESS;-;-;-;-;-;-;-;-;-;0,91;-;-;-;-;-;-;-
SJCN27C002725;BRBMEFFJMMV1;AGRIBUSINESS;-;-;-;-;-;-;-;-;-;0,84;-;-;-;-;-;-;-
SJCN27C002750;BRBMEFFJMMW9;AGRIBUSINESS;-;-;-;-;-;-;-;-;-;0,78;-;-;-;-;-;-;-
SJCN27C002775;BRBMEFFJMMX7;AGRIBUSINESS;-;-;-;-;-;-;-;-;-;0,72;-;-;-;-;-;-;-
SJCN27C002800;BRBMEFFJMMY5;AGRIBUSINESS;-;-;-;-;-;-;-;-;-;0,67;-;-;-;-;-;-;-
SJCN27C002825;BRBMEFFJMMZ2;AGRIBUSINESS;-;-;-;-;-;-;-;-;-;0,62;-;-;-;-;-;-;-
SJCN27C002850;BRBMEFFJMN03;AGRIBUSINESS;-;-;-;-;-;-;-;-;-;0,57;-;-;-;-;-;-;-
SJCN27C002875;BRBMEFFJMN11;AGRIBUSINESS;-;-;-;-;-;-;-;-;-;0,53;-;-;-;-;-;-;-
SJCN27C002900;BRBMEFFJMN29;AGRIBUSINESS;-;-;-;-;-;-;-;-;-;0,49;-;-;-;-;-;-;-
SJCN27P002300;BRBMEFSJ1ME4;AGRIBUSINESS;-;-;-;-;-;-;-;-;-;0,21;-;-;-;-;-;-;-
SJCN27P002325;BRBMEFSJ1MF1;AGRIBUSINESS;-;-;-;-;-;-;-;-;-;0,26;-;-;-;-;-;-;-
SJCN27P002350;BRBMEFSJ1MG9;AGRIBUSINESS;-;-;-;-;-;-;-;-;-;0,3;-;-;-;-;-;-;-
SJCN27P002375;BRBMEFSJ1MH7;AGRIBUSINESS;-;-;-;-;-;-;-;-;-;0,36;-;-;-;-;-;-;-
SJCN27P002400;BRBMEFSJ1MI5;AGRIBUSINESS;-;-;-;-;-;-;-;-;-;0,42;-;-;-;-;-;-;-
SJCN27P002425;BRBMEFSJ1MJ3;AGRIBUSINESS;-;-;-;-;-;-;-;-;-;0,48;-;-;-;-;-;-;-
SJCN27P002450;BRBMEFSJ1MK1;AGRIBUSINESS;-;-;-;-;-;-;-;-;-;0,56;-;-;-;-;-;-;-
SJCN27P002475;BRBMEFSJ1ML9;AGRIBUSINESS;-;-;-;-;-;-;-;-;-;0,65;-;-;-;-;-;-;-
SJCN27P002500;BRBMEFSJ1MM7;AGRIBUSINESS;-;-;-;-;-;-;-;-;-;0,74;-;-;-;-;-;-;-
SJCN27P002525;BRBMEFSJ1MN5;AGRIBUSINESS;-;-;-;-;-;-;-;-;-;0,84;-;-;-;-;-;-;-
SJCN27P002550;BRBMEFSJ1MO3;AGRIBUSINESS;-;-;-;-;-;-;-;-;-;0,95;-;-;-;-;-;-;-
SJCN27P002575;BRBMEFSJ1MP0;AGRIBUSINESS;-;-;-;-;-;-;-;-;-;1,07;-;-;-;-;-;-;-
SJCN27P002600;BRBMEFSJ1MQ8;AGRIBUSINESS;-;-;-;-;-;-;-;-;-;1,19;-;-;-;-;-;-;-
SJCN27P002625;BRBMEFSJ1MR6;AGRIBUSINESS;-;-;-;-;-;-;-;-;-;1,32;-;-;-;-;-;-;-
SJCN27P002650;BRBMEFSJ1MS4;AGRIBUSINESS;-;-;-;-;-;-;-;-;-;1,45;-;-;-;-;-;-;-
SJCN27P002675;BRBMEFSJ1MT2;AGRIBUSINESS;-;-;-;-;-;-;-;-;-;1,6;-;-;-;-;-;-;-
SJCN27P002700;BRBMEFSJ1MU0;AGRIBUSINESS;-;-;-;-;-;-;-;-;-;1,74;-;-;-;-;-;-;-
SJCN27P002725;BRBMEFSJ1MV8;AGRIBUSINESS;-;-;-;-;-;-;-;-;-;1,9;-;-;-;-;-;-;-
SJCN27P002750;BRBMEFSJ1MW6;AGRIBUSINESS;-;-;-;-;-;-;-;-;-;2,05;-;-;-;-;-;-;-
SJCN27P002775;BRBMEFSJ1MX4;AGRIBUSINESS;-;-;-;-;-;-;-;-;-;2,21;-;-;-;-;-;-;-
SJCN27P002800;BRBMEFSJ1MY2;AGRIBUSINESS;-;-;-;-;-;-;-;-;-;2,38;-;-;-;-;-;-;-
SJCN27P002825;BRBMEFSJ1MZ9;AGRIBUSINESS;-;-;-;-;-;-;-;-;-;2,55;-;-;-;-;-;-;-
SJCN27P002850;BRBMEFSJ1N03;AGRIBUSINESS;-;-;-;-;-;-;-;-;-;2,73;-;-;-;-;-;-;-
SJCN27P002875;BRBMEFSJ1N11;AGRIBUSINESS;-;-;-;-;-;-;-;-;-;2,9;-;-;-;-;-;-;-
SJCN27P002900;BRBMEFSJ1N29;AGRIBUSINESS;-;-;-;-;-;-;-;-;-;3,09;-;-;-;-;-;-;-
SJCQ26C002400;BRBMEFFJMKV5;AGRIBUSINESS;-;-;-;-;-;-;-;-;-;0,89;-;-;-;-;-;-;-
SJCQ26C002500;BRBMEFFJMI18;AGRIBUSINESS;-;-;-;-;-;-;-;-;-;0,33;-;-;-;-;-;-;-
SJCQ26C002525;BRBMEFFJMKU7;AGRIBUSINESS;-;-;-;-;-;-;-;-;-;0,24;-;-;-;-;-;-;-
SJCQ26C002550;BRBMEFFJMKX1;AGRIBUSINESS;-;-;-;-;-;-;-;-;-;0,18;-;-;-;-;-;-;-
SJCQ26C002575;BRBMEFFJMKY9;AGRIBUSINESS;-;-;-;-;-;-;-;-;-;0,13;-;-;-;-;-;-;-
SJCQ26C002600;BRBMEFFJMKZ6;AGRIBUSINESS;-;-;-;-;-;-;-;-;-;0,1;-;-;-;-;-;-;-
SJCQ26C002625;BRBMEFFJML05;AGRIBUSINESS;-;-;-;-;-;-;-;-;-;0,07;-;-;-;-;-;-;-
SJCQ26C002650;BRBMEFFJMKL6;AGRIBUSINESS;-;-;-;-;-;-;-;-;-;0,06;-;-;-;-;-;-;-
SJCQ26C002675;BRBMEFFJMKR3;AGRIBUSINESS;-;-;-;-;-;-;-;-;-;0,04;-;-;-;-;-;-;-
SJCQ26C002700;BRBMEFFJMKS1;AGRIBUSINESS;-;-;-;-;-;-;-;-;-;0,03;-;-;-;-;-;-;-
SJCQ26C002725;BRBMEFFJML13;AGRIBUSINESS;-;-;-;-;-;-;-;-;-;0,02;-;-;-;-;-;-;-
SJCQ26C002750;BRBMEFFJMKW3;AGRIBUSINESS;-;-;-;-;-;-;-;-;-;0,02;-;-;-;-;-;-;-
SJCQ26C002775;BRBMEFFJML21;AGRIBUSINESS;-;-;-;-;-;-;-;-;-;0,01;-;-;-;-;-;-;-
SJCQ26C002800;BRBMEFFJML39;AGRIBUSINESS;-;-;-;-;-;-;-;-;-;0,01;-;-;-;-;-;-;-
SJCQ26C002825;BRBMEFFJML47;AGRIBUSINESS;-;-;-;-;-;-;-;-;-;0,01;-;-;-;-;-;-;-
SJCQ26C002850;BRBMEFFJML54;AGRIBUSINESS;-;-;-;-;-;-;-;-;-;0,01;-;-;-;-;-;-;-
SJCQ26C002875;BRBMEFFJML62;AGRIBUSINESS;-;-;-;-;-;-;-;-;-;0,01;-;-;-;-;-;-;-
SJCQ26C002900;BRBMEFFJML70;AGRIBUSINESS;-;-;-;-;-;-;-;-;-;0,01;-;-;-;-;-;-;-
SJCQ26P002400;BRBMEFSJ1KV2;AGRIBUSINESS;-;-;-;-;-;-;-;-;-;0,12;-;-;-;-;-;-;-
SJCQ26P002500;BRBMEFSJ1I18;AGRIBUSINESS;-;-;-;-;-;-;-;-;-;0,54;-;-;-;-;-;-;-
SJCQ26P002525;BRBMEFSJ1KU4;AGRIBUSINESS;-;-;-;-;-;-;-;-;-;0,7;-;-;-;-;-;-;-
SJCQ26P002550;BRBMEFSJ1KX8;AGRIBUSINESS;-;-;-;-;-;-;-;-;-;0,89;-;-;-;-;-;-;-
SJCQ26P002575;BRBMEFSJ1KY6;AGRIBUSINESS;-;-;-;-;-;-;-;-;-;1,09;-;-;-;-;-;-;-
SJCQ26P002600;BRBMEFSJ1KZ3;AGRIBUSINESS;-;-;-;-;-;-;-;-;-;1,3;-;-;-;-;-;-;-
SJCQ26P002625;BRBMEFSJ1L05;AGRIBUSINESS;-;-;-;-;-;-;-;-;-;1,52;-;-;-;-;-;-;-
SJCQ26P002650;BRBMEFSJ1KL3;AGRIBUSINESS;-;-;-;-;-;-;-;-;-;1,75;-;-;-;-;-;-;-
SJCQ26P002675;BRBMEFSJ1KR0;AGRIBUSINESS;-;-;-;-;-;-;-;-;-;1,99;-;-;-;-;-;-;-
SJCQ26P002700;BRBMEFSJ1KS8;AGRIBUSINESS;-;-;-;-;-;-;-;-;-;2,23;-;-;-;-;-;-;-
SJCQ26P002725;BRBMEFSJ1L13;AGRIBUSINESS;-;-;-;-;-;-;-;-;-;2,47;-;-;-;-;-;-;-
SJCQ26P002750;BRBMEFSJ1KW0;AGRIBUSINESS;-;-;-;-;-;-;-;-;-;2,71;-;-;-;-;-;-;-
SJCQ26P002775;BRBMEFSJ1L21;AGRIBUSINESS;-;-;-;-;-;-;-;-;-;2,95;-;-;-;-;-;-;-
SJCQ26P002800;BRBMEFSJ1L39;AGRIBUSINESS;-;-;-;-;-;-;-;-;-;3,19;-;-;-;-;-;-;-
SJCQ26P002825;BRBMEFSJ1L47;AGRIBUSINESS;-;-;-;-;-;-;-;-;-;3,44;-;-;-;-;-;-;-
SJCQ26P002850;BRBMEFSJ1L54;AGRIBUSINESS;-;-;-;-;-;-;-;-;-;3,68;-;-;-;-;-;-;-
SJCQ26P002875;BRBMEFSJ1L62;AGRIBUSINESS;-;-;-;-;-;-;-;-;-;3,93;-;-;-;-;-;-;-
SJCQ26P002900;BRBMEFSJ1L70;AGRIBUSINESS;-;-;-;-;-;-;-;-;-;4,18;-;-;-;-;-;-;-
SJCU26C001800;BRBMEFFJMI26;AGRIBUSINESS;-;-;-;-;-;-;-;-;-;6,75;-;-;-;-;-;-;-
SJCU26C002150;BRBMEFFJMM46;AGRIBUSINESS;-;-;-;-;-;-;-;-;-;3,32;-;-;-;-;-;-;-
SJCU26C002450;BRBMEFFJMJ66;AGRIBUSINESS;-;-;-;-;-;-;-;-;-;0,77;-;-;-;-;-;-;-
SJCU26C002500;BRBMEFFJMI34;AGRIBUSINESS;-;-;-;-;-;-;-;-;-;0,54;-;-;-;-;-;-;-
SJCU26C002525;BRBMEFFJMLD1;AGRIBUSINESS;-;-;-;-;-;-;-;-;-;0,44;-;-;-;-;-;-;-
SJCU26C002550;BRBMEFFJMKP7;AGRIBUSINESS;-;-;-;-;-;-;-;-;-;0,37;-;-;-;-;-;-;-
SJCU26C002575;BRBMEFFJMKQ5;AGRIBUSINESS;-;-;-;-;-;-;-;-;-;0,3;-;-;-;-;-;-;-
SJCU26C002600;BRBMEFFJMLE9;AGRIBUSINESS;-;-;-;-;-;-;-;-;-;0,25;-;-;-;-;-;-;-
SJCU26C002625;BRBMEFFJMLF6;AGRIBUSINESS;-;-;-;-;-;-;-;-;-;0,2;-;-;-;-;-;-;-
SJCU26C002650;BRBMEFFJMLG4;AGRIBUSINESS;-;-;-;-;-;-;-;-;-;0,16;-;-;-;-;-;-;-
SJCU26C002675;BRBMEFFJMLH2;AGRIBUSINESS;-;-;-;-;-;-;-;-;-;0,14;-;-;-;-;-;-;-
SJCU26C002700;BRBMEFFJMLI0;AGRIBUSINESS;-;-;-;-;-;-;-;-;-;0,11;-;-;-;-;-;-;-
SJCU26C002725;BRBMEFFJMLJ8;AGRIBUSINESS;-;-;-;-;-;-;-;-;-;0,09;-;-;-;-;-;-;-
SJCU26C002750;BRBMEFFJMLK6;AGRIBUSINESS;-;-;-;-;-;-;-;-;-;0,08;-;-;-;-;-;-;-
SJCU26C002775;BRBMEFFJMLL4;AGRIBUSINESS;-;-;-;-;-;-;-;-;-;0,06;-;-;-;-;-;-;-
SJCU26C002800;BRBMEFFJMLM2;AGRIBUSINESS;-;-;-;-;-;-;-;-;-;0,05;-;-;-;-;-;-;-
SJCU26C002825;BRBMEFFJMLN0;AGRIBUSINESS;-;-;-;-;-;-;-;-;-;0,05;-;-;-;-;-;-;-
SJCU26C002850;BRBMEFFJMLO8;AGRIBUSINESS;-;-;-;-;-;-;-;-;-;0,04;-;-;-;-;-;-;-
SJCU26C002875;BRBMEFFJMLP5;AGRIBUSINESS;-;-;-;-;-;-;-;-;-;0,03;-;-;-;-;-;-;-
SJCU26C002900;BRBMEFFJMLQ3;AGRIBUSINESS;-;-;-;-;-;-;-;-;-;0,02;-;-;-;-;-;-;-
SJCU26P001800;BRBMEFSJ1I26;AGRIBUSINESS;-;-;-;-;-;-;-;-;-;0,01;-;-;-;-;-;-;-
SJCU26P002150;BRBMEFSJ1M46;AGRIBUSINESS;-;-;-;-;-;-;-;-;-;0,01;-;-;-;-;-;-;-
SJCU26P002450;BRBMEFSJ1J66;AGRIBUSINESS;-;-;-;-;-;-;-;-;-;0,4;-;-;-;-;-;-;-
SJCU26P002500;BRBMEFSJ1I34;AGRIBUSINESS;-;-;-;-;-;-;-;-;-;0,65;-;-;-;-;-;-;-
SJCU26P002525;BRBMEFSJ1LD8;AGRIBUSINESS;-;-;-;-;-;-;-;-;-;0,8;-;-;-;-;-;-;-
SJCU26P002550;BRBMEFSJ1KP4;AGRIBUSINESS;-;-;-;-;-;-;-;-;-;0,97;-;-;-;-;-;-;-
SJCU26P002575;BRBMEFSJ1KQ2;AGRIBUSINESS;-;-;-;-;-;-;-;-;-;1,15;-;-;-;-;-;-;-
SJCU26P002600;BRBMEFSJ1LE6;AGRIBUSINESS;-;-;-;-;-;-;-;-;-;1,34;-;-;-;-;-;-;-
SJCU26P002625;BRBMEFSJ1LF3;AGRIBUSINESS;-;-;-;-;-;-;-;-;-;1,54;-;-;-;-;-;-;-
SJCU26P002650;BRBMEFSJ1LG1;AGRIBUSINESS;-;-;-;-;-;-;-;-;-;1,75;-;-;-;-;-;-;-
SJCU26P002675;BRBMEFSJ1LH9;AGRIBUSINESS;-;-;-;-;-;-;-;-;-;1,96;-;-;-;-;-;-;-
SJCU26P002700;BRBMEFSJ1LI7;AGRIBUSINESS;-;-;-;-;-;-;-;-;-;2,19;-;-;-;-;-;-;-
SJCU26P002725;BRBMEFSJ1LJ5;AGRIBUSINESS;-;-;-;-;-;-;-;-;-;2,41;-;-;-;-;-;-;-
SJCU26P002750;BRBMEFSJ1LK3;AGRIBUSINESS;-;-;-;-;-;-;-;-;-;2,64;-;-;-;-;-;-;-
SJCU26P002775;BRBMEFSJ1LL1;AGRIBUSINESS;-;-;-;-;-;-;-;-;-;2,87;-;-;-;-;-;-;-
SJCU26P002800;BRBMEFSJ1LM9;AGRIBUSINESS;-;-;-;-;-;-;-;-;-;3,11;-;-;-;-;-;-;-
SJCU26P002825;BRBMEFSJ1LN7;AGRIBUSINESS;-;-;-;-;-;-;-;-;-;3,35;-;-;-;-;-;-;-
SJCU26P002850;BRBMEFSJ1LO5;AGRIBUSINESS;-;-;-;-;-;-;-;-;-;3,58;-;-;-;-;-;-;-
SJCU26P002875;BRBMEFSJ1LP2;AGRIBUSINESS;-;-;-;-;-;-;-;-;-;3,82;-;-;-;-;-;-;-
SJCU26P002900;BRBMEFSJ1LQ0;AGRIBUSINESS;-;-;-;-;-;-;-;-;-;4,06;-;-;-;-;-;-;-
SJCX26C002175;BRBMEFFJMGY7;AGRIBUSINESS;-;-;-;-;-;-;-;-;-;3,34;-;-;-;-;-;-;-
SJCX26C002200;BRBMEFFJMJ74;AGRIBUSINESS;-;-;-;-;-;-;-;-;-;3,12;-;-;-;-;-;-;-
SJCX26C002225;BRBMEFFJMGV3;AGRIBUSINESS;-;-;-;-;-;-;-;-;-;2,89;-;-;-;-;-;-;-
SJCX26C002250;BRBMEFFJMJ82;AGRIBUSINESS;-;-;-;-;-;-;-;-;-;2,66;-;-;-;-;-;-;-
SJCX26C002300;BRBMEFFJMJ90;AGRIBUSINESS;-;-;-;-;-;-;-;-;-;2,23;-;-;-;-;-;-;-
SJCX26C002350;BRBMEFFJMJA1;AGRIBUSINESS;-;-;-;-;-;-;-;-;-;1,83;-;-;-;-;-;-;-
SJCX26C002375;BRBMEFFJMJP9;AGRIBUSINESS;-;-;-;-;-;-;-;-;-;1,64;-;-;-;-;-;-;-
SJCX26C002400;BRBMEFFJMJB9;AGRIBUSINESS;-;-;-;-;-;-;-;-;-;1,47;-;-;-;-;-;-;-
SJCX26C002450;BRBMEFFJMJC7;AGRIBUSINESS;-;-;-;-;-;-;-;-;-;1,16;-;-;-;-;-;-;-
SJCX26C002500;BRBMEFFJMJD5;AGRIBUSINESS;-;-;-;-;-;-;-;-;-;0,91;-;-;-;-;-;-;-
SJCX26C002525;BRBMEFFJMLR1;AGRIBUSINESS;-;-;-;-;-;-;-;-;-;0,8;-;-;-;-;-;-;-
SJCX26C002550;BRBMEFFJMJE3;AGRIBUSINESS;-;-;-;-;-;-;-;-;-;0,7;-;-;-;-;-;-;-
SJCX26C002575;BRBMEFFJMLS9;AGRIBUSINESS;-;-;-;-;-;-;-;-;-;0,61;-;-;-;-;-;-;-
SJCX26C002600;BRBMEFFJMJF0;AGRIBUSINESS;-;-;-;-;-;-;-;-;-;0,54;-;-;-;-;-;-;-
SJCX26C002625;BRBMEFFJMLT7;AGRIBUSINESS;-;-;-;-;-;-;-;-;-;0,47;-;-;-;-;-;-;-
SJCX26C002650;BRBMEFFJMJG8;AGRIBUSINESS;-;-;-;-;-;-;-;-;-;0,41;-;-;-;-;-;-;-
SJCX26C002675;BRBMEFFJMLU5;AGRIBUSINESS;-;-;-;-;-;-;-;-;-;0,36;-;-;-;-;-;-;-
SJCX26C002700;BRBMEFFJMJH6;AGRIBUSINESS;-;-;-;-;-;-;-;-;-;0,31;-;-;-;-;-;-;-
SJCX26C002725;BRBMEFFJMLV3;AGRIBUSINESS;-;-;-;-;-;-;-;-;-;0,27;-;-;-;-;-;-;-
SJCX26C002750;BRBMEFFJMLW1;AGRIBUSINESS;-;-;-;-;-;-;-;-;-;0,24;-;-;-;-;-;-;-
SJCX26C002775;BRBMEFFJMLX9;AGRIBUSINESS;-;-;-;-;-;-;-;-;-;0,21;-;-;-;-;-;-;-
SJCX26C002800;BRBMEFFJMLY7;AGRIBUSINESS;-;-;-;-;-;-;-;-;-;0,18;-;-;-;-;-;-;-
SJCX26C002825;BRBMEFFJMLZ4;AGRIBUSINESS;-;-;-;-;-;-;-;-;-;0,16;-;-;-;-;-;-;-
SJCX26C002850;BRBMEFFJMM04;AGRIBUSINESS;-;-;-;-;-;-;-;-;-;0,14;-;-;-;-;-;-;-
SJCX26C002875;BRBMEFFJMM12;AGRIBUSINESS;-;-;-;-;-;-;-;-;-;0,13;-;-;-;-;-;-;-
SJCX26C002900;BRBMEFFJMM20;AGRIBUSINESS;-;-;-;-;-;-;-;-;-;0,11;-;-;-;-;-;-;-
SJCX26P002175;BRBMEFSJ1GY4;AGRIBUSINESS;-;-;-;-;-;-;-;-;-;0,02;-;-;-;-;-;-;-
SJCX26P002200;BRBMEFSJ1J74;AGRIBUSINESS;-;-;-;-;-;-;-;-;-;0,03;-;-;-;-;-;-;-
SJCX26P002225;BRBMEFSJ1GV0;AGRIBUSINESS;-;-;-;-;-;-;-;-;-;0,05;-;-;-;-;-;-;-
SJCX26P002250;BRBMEFSJ1J82;AGRIBUSINESS;-;-;-;-;-;-;-;-;-;0,06;-;-;-;-;-;-;-
SJCX26P002300;BRBMEFSJ1J90;AGRIBUSINESS;-;-;-;-;-;-;-;-;-;0,11;-;-;-;-;-;-;-
SJCX26P002350;BRBMEFSJ1JA8;AGRIBUSINESS;-;-;-;-;-;-;-;-;-;0,18;-;-;-;-;-;-;-
SJCX26P002375;BRBMEFSJ1JP6;AGRIBUSINESS;-;-;-;-;-;-;-;-;-;0,24;-;-;-;-;-;-;-
SJCX26P002400;BRBMEFSJ1JB6;AGRIBUSINESS;-;-;-;-;-;-;-;-;-;0,3;-;-;-;-;-;-;-
SJCX26P002450;BRBMEFSJ1JC4;AGRIBUSINESS;-;-;-;-;-;-;-;-;-;0,47;-;-;-;-;-;-;-
SJCX26P002500;BRBMEFSJ1JD2;AGRIBUSINESS;-;-;-;-;-;-;-;-;-;0,7;-;-;-;-;-;-;-
SJCX26P002525;BRBMEFSJ1LR8;AGRIBUSINESS;-;-;-;-;-;-;-;-;-;0,83;-;-;-;-;-;-;-
SJCX26P002550;BRBMEFSJ1JE0;AGRIBUSINESS;-;-;-;-;-;-;-;-;-;0,97;-;-;-;-;-;-;-
SJCX26P002575;BRBMEFSJ1LS6;AGRIBUSINESS;-;-;-;-;-;-;-;-;-;1,13;-;-;-;-;-;-;-
SJCX26P002600;BRBMEFSJ1JF7;AGRIBUSINESS;-;-;-;-;-;-;-;-;-;1,29;-;-;-;-;-;-;-
SJCX26P002625;BRBMEFSJ1LT4;AGRIBUSINESS;-;-;-;-;-;-;-;-;-;1,46;-;-;-;-;-;-;-
SJCX26P002650;BRBMEFSJ1JG5;AGRIBUSINESS;-;-;-;-;-;-;-;-;-;1,64;-;-;-;-;-;-;-
SJCX26P002675;BRBMEFSJ1LU2;AGRIBUSINESS;-;-;-;-;-;-;-;-;-;1,83;-;-;-;-;-;-;-
SJCX26P002700;BRBMEFSJ1JH3;AGRIBUSINESS;-;-;-;-;-;-;-;-;-;2,03;-;-;-;-;-;-;-
SJCX26P002725;BRBMEFSJ1LV0;AGRIBUSINESS;-;-;-;-;-;-;-;-;-;2,23;-;-;-;-;-;-;-
SJCX26P002750;BRBMEFSJ1LW8;AGRIBUSINESS;-;-;-;-;-;-;-;-;-;2,43;-;-;-;-;-;-;-
SJCX26P002775;BRBMEFSJ1LX6;AGRIBUSINESS;-;-;-;-;-;-;-;-;-;2,64;-;-;-;-;-;-;-
SJCX26P002800;BRBMEFSJ1LY4;AGRIBUSINESS;-;-;-;-;-;-;-;-;-;2,85;-;-;-;-;-;-;-
SJCX26P002825;BRBMEFSJ1LZ1;AGRIBUSINESS;-;-;-;-;-;-;-;-;-;3,07;-;-;-;-;-;-;-
SJCX26P002850;BRBMEFSJ1M04;AGRIBUSINESS;-;-;-;-;-;-;-;-;-;3,29;-;-;-;-;-;-;-
SJCX26P002875;BRBMEFSJ1M12;AGRIBUSINESS;-;-;-;-;-;-;-;-;-;3,52;-;-;-;-;-;-;-
SJCX26P002900;BRBMEFSJ1M20;AGRIBUSINESS;-;-;-;-;-;-;-;-;-;3,74;-;-;-;-;-;-;-
DOLF27C004000;BRBMEFCE1LJ8;FINANCIAL;-;-;-;-;-;-;-;-;-;1287,786;-;-;-;-;-;-;-
DOLF27C004100;BRBMEFCE1LK6;FINANCIAL;-;-;-;-;-;-;-;-;-;1194,355;-;-;-;-;-;-;-
DOLF27C004200;BRBMEFCE1LL4;FINANCIAL;-;-;-;-;-;-;-;-;-;1101,097;-;-;-;-;-;-;-
DOLF27C004300;BRBMEFCE1LM2;FINANCIAL;-;-;-;-;-;-;-;-;-;1008,174;-;-;-;-;-;-;-
DOLF27C004400;BRBMEFCE1KX1;FINANCIAL;-;-;-;-;-;-;-;-;-;915,86;-;-;-;-;-;-;-
DOLF27C004450;BRBMEFCE1KW3;FINANCIAL;-;-;-;-;-;-;-;-;-;870,053;-;-;-;-;-;-;-
DOLF27C004500;BRBMEFCE1AD4;FINANCIAL;-;-;-;-;-;-;-;-;-;824,586;-;-;-;-;-;-;-
DOLF27C004600;BRBMEFCE1G56;FINANCIAL;-;-;-;-;-;-;-;-;-;734,898;-;-;-;-;-;-;-
DOLF27C004700;BRBMEFCE1LN0;FINANCIAL;-;-;-;-;-;-;-;-;-;647,604;-;-;-;-;-;-;-
DOLF27C004800;BRBMEFCE1AE2;FINANCIAL;-;-;-;-;-;-;-;-;-;563,775;-;-;-;-;-;-;-
DOLF27C004900;BRBMEFCE1LO8;FINANCIAL;-;-;-;-;-;-;-;-;-;485,411;-;-;-;-;-;-;-
DOLF27C005000;BRBMEFCE1B85;FINANCIAL;-;-;-;-;-;-;-;-;-;412,992;-;-;-;-;-;-;-
DOLF27C005100;BRBMEFCE1BM3;FINANCIAL;-;-;-;-;-;-;-;-;-;347,95;-;-;-;-;-;-;-
DOLF27C005200;BRBMEFCE1B93;FINANCIAL;-;-;-;-;-;-;-;-;-;291,523;-;-;-;-;-;-;-
DOLF27C005250;BRBMEFCE1KJ0;FINANCIAL;-;-;-;-;-;-;-;-;-;266,006;-;-;-;-;-;-;-
DOLF27C005300;BRBMEFCE1BN1;FINANCIAL;-;-;-;-;-;-;-;-;-;242,187;-;-;-;-;-;-;-
DOLF27C005350;BRBMEFCE1KI2;FINANCIAL;-;-;-;-;-;-;-;-;-;220,006;-;-;-;-;-;-;-
DOLF27C005400;BRBMEFCE1BA8;FINANCIAL;-;-;-;-;-;-;-;-;-;199,685;-;-;-;-;-;-;-
DOLF27C005450;BRBMEFCE1KH4;FINANCIAL;-;-;-;-;-;-;-;-;-;182,006;-;-;-;-;-;-;-
DOLF27C005500;BRBMEFCE1BO9;FINANCIAL;-;-;-;-;-;-;-;-;-;166,155;-;-;-;-;-;-;-
DOLF27C005550;BRBMEFCE1KK8;FINANCIAL;-;-;-;-;-;-;-;-;-;151,733;-;-;-;-;-;-;-
DOLF27C005600;BRBMEFCE1BB6;FINANCIAL;-;-;-;-;-;-;-;-;-;138,631;-;-;-;-;-;-;-
DOLF27C005650;BRBMEFCE1G49;FINANCIAL;-;-;-;-;-;-;-;-;-;126,076;-;-;-;-;-;-;-
DOLF27C005700;BRBMEFCE1BP6;FINANCIAL;-;-;-;-;-;-;-;-;-;114,54;-;-;-;-;-;-;-
DOLF27C005750;BRBMEFCE1BZ5;FINANCIAL;-;-;-;-;-;-;-;-;-;104,069;-;-;-;-;-;-;-
DOLF27C005800;BRBMEFCE1BC4;FINANCIAL;-;-;-;-;-;-;-;-;-;94,575;-;-;-;-;-;-;-
DOLF27C005850;BRBMEFCE1C01;FINANCIAL;-;-;-;-;-;-;-;-;-;85,975;-;-;-;-;-;-;-
DOLF27C005900;BRBMEFCE1BQ4;FINANCIAL;-;-;-;-;-;-;-;-;-;78,081;-;-;-;-;-;-;-
DOLF27C005950;BRBMEFCE1C19;FINANCIAL;-;-;-;-;-;-;-;-;-;70,939;-;-;-;-;-;-;-
DOLF27C006000;BRBMEFCE1AF9;FINANCIAL;-;-;-;-;-;-;-;-;-;64,483;-;-;-;-;-;-;-
DOLF27C006050;BRBMEFCE1C27;FINANCIAL;-;-;-;-;-;-;-;-;-;58,647;-;-;-;-;-;-;-
DOLF27C006100;BRBMEFCE1BR2;FINANCIAL;-;-;-;-;-;-;-;-;-;53,375;-;-;-;-;-;-;-
DOLF27C006150;BRBMEFCE1C35;FINANCIAL;-;-;-;-;-;-;-;-;-;48,698;-;-;-;-;-;-;-
DOLF27C006200;BRBMEFCE1BS0;FINANCIAL;-;-;-;-;-;-;-;-;-;44,472;-;-;-;-;-;-;-
DOLF27C006250;BRBMEFCE1C43;FINANCIAL;-;-;-;-;-;-;-;-;-;40,576;-;-;-;-;-;-;-
DOLF27C006300;BRBMEFCE1BT8;FINANCIAL;-;-;-;-;-;-;-;-;-;37,128;-;-;-;-;-;-;-
DOLF27C006350;BRBMEFCE1KL6;FINANCIAL;-;-;-;-;-;-;-;-;-;34,079;-;-;-;-;-;-;-
DOLF27C006400;BRBMEFCE1KM4;FINANCIAL;-;-;-;-;-;-;-;-;-;31,255;-;-;-;-;-;-;-
DOLF27C006450;BRBMEFCE1FB7;FINANCIAL;-;-;-;-;-;-;-;-;-;28,454;-;-;-;-;-;-;-
DOLF27C006500;BRBMEFCE1AG7;FINANCIAL;-;-;-;-;-;-;-;-;-;25,579;-;-;-;-;-;-;-
DOLF27C006550;BRBMEFCE1KN2;FINANCIAL;-;-;-;-;-;-;-;-;-;23,045;-;-;-;-;-;-;-
DOLF27C006600;BRBMEFCE1KO0;FINANCIAL;-;-;-;-;-;-;-;-;-;20,715;-;-;-;-;-;-;-
DOLF27C006650;BRBMEFCE1KP7;FINANCIAL;-;-;-;-;-;-;-;-;-;18,665;-;-;-;-;-;-;-
DOLF27C006700;BRBMEFCE1KQ5;FINANCIAL;-;-;-;-;-;-;-;-;-;16,779;-;-;-;-;-;-;-
DOLF27C006750;BRBMEFCE1KR3;FINANCIAL;-;-;-;-;-;-;-;-;-;15,123;-;-;-;-;-;-;-
DOLF27C006800;BRBMEFCE1KS1;FINANCIAL;-;-;-;-;-;-;-;-;-;13,598;-;-;-;-;-;-;-
DOLF27C006850;BRBMEFCE1KT9;FINANCIAL;-;-;-;-;-;-;-;-;-;12,093;-;-;-;-;-;-;-
DOLF27C006900;BRBMEFCE1KU7;FINANCIAL;-;-;-;-;-;-;-;-;-;10,717;-;-;-;-;-;-;-
DOLF27C006950;BRBMEFCE1KV5;FINANCIAL;-;-;-;-;-;-;-;-;-;9,492;-;-;-;-;-;-;-
DOLF27C007000;BRBMEFCE1AH5;FINANCIAL;-;-;-;-;-;-;-;-;-;8,427;-;-;-;-;-;-;-
DOLF27C007050;BRBMEFCE1CH1;FINANCIAL;-;-;-;-;-;-;-;-;-;7,455;-;-;-;-;-;-;-
DOLF27C007100;BRBMEFCE1CI9;FINANCIAL;-;-;-;-;-;-;-;-;-;6,613;-;-;-;-;-;-;-
DOLF27C007150;BRBMEFCE1CJ7;FINANCIAL;-;-;-;-;-;-;-;-;-;5,844;-;-;-;-;-;-;-
DOLF27C007200;BRBMEFCE1CK5;FINANCIAL;-;-;-;-;-;-;-;-;-;5,162;-;-;-;-;-;-;-
DOLF27C007250;BRBMEFCE1CL3;FINANCIAL;-;-;-;-;-;-;-;-;-;4,573;-;-;-;-;-;-;-
DOLF27C007300;BRBMEFCE1CM1;FINANCIAL;-;-;-;-;-;-;-;-;-;4,036;-;-;-;-;-;-;-
DOLF27C007350;BRBMEFCE1CN9;FINANCIAL;-;-;-;-;-;-;-;-;-;3,574;-;-;-;-;-;-;-
DOLF27C007400;BRBMEFCE1CO7;FINANCIAL;-;-;-;-;-;-;-;-;-;3,152;-;-;-;-;-;-;-
DOLF27C007450;BRBMEFCE1CP4;FINANCIAL;-;-;-;-;-;-;-;-;-;2,79;-;-;-;-;-;-;-
DOLF27C007500;BRBMEFCE1CQ2;FINANCIAL;-;-;-;-;-;-;-;-;-;2,459;-;-;-;-;-;-;-
DOLF27C007550;BRBMEFCE1CR0;FINANCIAL;-;-;-;-;-;-;-;-;-;2,158;-;-;-;-;-;-;-
DOLF27C007600;BRBMEFCE1CS8;FINANCIAL;-;-;-;-;-;-;-;-;-;1,876;-;-;-;-;-;-;-
DOLF27C007650;BRBMEFCE1CT6;FINANCIAL;-;-;-;-;-;-;-;-;-;1,629;-;-;-;-;-;-;-
DOLF27C007700;BRBMEFCE1CU4;FINANCIAL;-;-;-;-;-;-;-;-;-;1,414;-;-;-;-;-;-;-
DOLF27C007750;BRBMEFCE1CV2;FINANCIAL;-;-;-;-;-;-;-;-;-;1,226;-;-;-;-;-;-;-
DOLF27C007800;BRBMEFCE1CW0;FINANCIAL;-;-;-;-;-;-;-;-;-;1,062;-;-;-;-;-;-;-
DOLF27C007850;BRBMEFCE1CX8;FINANCIAL;-;-;-;-;-;-;-;-;-;0,919;-;-;-;-;-;-;-
DOLF27C007900;BRBMEFCE1CY6;FINANCIAL;-;-;-;-;-;-;-;-;-;0,795;-;-;-;-;-;-;-
DOLF27C007950;BRBMEFCE1CZ3;FINANCIAL;-;-;-;-;-;-;-;-;-;0,687;-;-;-;-;-;-;-
DOLF27C008000;BRBMEFCE1D00;FINANCIAL;-;-;-;-;-;-;-;-;-;0,593;-;-;-;-;-;-;-
DOLF27C008050;BRBMEFCE1D18;FINANCIAL;-;-;-;-;-;-;-;-;-;0,511;-;-;-;-;-;-;-
DOLF27C008100;BRBMEFCE1D26;FINANCIAL;-;-;-;-;-;-;-;-;-;0,441;-;-;-;-;-;-;-
DOLF27C008150;BRBMEFCE1D34;FINANCIAL;-;-;-;-;-;-;-;-;-;0,379;-;-;-;-;-;-;-
DOLF27C008200;BRBMEFCE1D42;FINANCIAL;-;-;-;-;-;-;-;-;-;0,327;-;-;-;-;-;-;-
DOLF27C008250;BRBMEFCE1D59;FINANCIAL;-;-;-;-;-;-;-;-;-;0,281;-;-;-;-;-;-;-
DOLF27C008300;BRBMEFCE1D67;FINANCIAL;-;-;-;-;-;-;-;-;-;0,241;-;-;-;-;-;-;-
DOLF27C008350;BRBMEFCE1D75;FINANCIAL;-;-;-;-;-;-;-;-;-;0,207;-;-;-;-;-;-;-
DOLF27C008400;BRBMEFCE1D83;FINANCIAL;-;-;-;-;-;-;-;-;-;0,178;-;-;-;-;-;-;-
DOLF27C008450;BRBMEFCE1D91;FINANCIAL;-;-;-;-;-;-;-;-;-;0,152;-;-;-;-;-;-;-
DOLF27C008500;BRBMEFCE1DA4;FINANCIAL;-;-;-;-;-;-;-;-;-;0,131;-;-;-;-;-;-;-
DOLF27C008550;BRBMEFCE1DB2;FINANCIAL;-;-;-;-;-;-;-;-;-;0,112;-;-;-;-;-;-;-
DOLF27C008600;BRBMEFCE1DC0;FINANCIAL;-;-;-;-;-;-;-;-;-;0,096;-;-;-;-;-;-;-
DOLF27C008650;BRBMEFCE1DD8;FINANCIAL;-;-;-;-;-;-;-;-;-;0,082;-;-;-;-;-;-;-
DOLF27C008700;BRBMEFCE1DE6;FINANCIAL;-;-;-;-;-;-;-;-;-;0,07;-;-;-;-;-;-;-
DOLF27C008750;BRBMEFCE1DF3;FINANCIAL;-;-;-;-;-;-;-;-;-;0,06;-;-;-;-;-;-;-
DOLF27C008800;BRBMEFCE1DG1;FINANCIAL;-;-;-;-;-;-;-;-;-;0,051;-;-;-;-;-;-;-
DOLF27C008850;BRBMEFCE1DH9;FINANCIAL;-;-;-;-;-;-;-;-;-;0,044;-;-;-;-;-;-;-
DOLF27C008900;BRBMEFCE1DI7;FINANCIAL;-;-;-;-;-;-;-;-;-;0,037;-;-;-;-;-;-;-
DOLF27C008950;BRBMEFCE1DJ5;FINANCIAL;-;-;-;-;-;-;-;-;-;0,032;-;-;-;-;-;-;-
DOLF27C009000;BRBMEFCE1DK3;FINANCIAL;-;-;-;-;-;-;-;-;-;0,027;-;-;-;-;-;-;-
DOLF27C009050;BRBMEFCE1DL1;FINANCIAL;-;-;-;-;-;-;-;-;-;0,023;-;-;-;-;-;-;-
DOLF27C009100;BRBMEFCE1DM9;FINANCIAL;-;-;-;-;-;-;-;-;-;0,02;-;-;-;-;-;-;-
DOLF27C009150;BRBMEFCE1EJ3;FINANCIAL;-;-;-;-;-;-;-;-;-;0,017;-;-;-;-;-;-;-
DOLF27C009200;BRBMEFCE1EK1;FINANCIAL;-;-;-;-;-;-;-;-;-;0,014;-;-;-;-;-;-;-
DOLF27C009250;BRBMEFCE1EL9;FINANCIAL;-;-;-;-;-;-;-;-;-;0,012;-;-;-;-;-;-;-
DOLF27C009300;BRBMEFCE1EM7;FINANCIAL;-;-;-;-;-;-;-;-;-;0,01;-;-;-;-;-;-;-
DOLF27C009350;BRBMEFCE1EN5;FINANCIAL;-;-;-;-;-;-;-;-;-;0,009;-;-;-;-;-;-;-
DOLF27C009400;BRBMEFCE1EO3;FINANCIAL;-;-;-;-;-;-;-;-;-;0,007;-;-;-;-;-;-;-
DOLF27C009450;BRBMEFCE1EP0;FINANCIAL;-;-;-;-;-;-;-;-;-;0,006;-;-;-;-;-;-;-
DOLF27C009500;BRBMEFCE1EQ8;FINANCIAL;-;-;-;-;-;-;-;-;-;0,005;-;-;-;-;-;-;-
DOLF27C009550;BRBMEFCE1ER6;FINANCIAL;-;-;-;-;-;-;-;-;-;0,004;-;-;-;-;-;-;-
DOLF27C009600;BRBMEFCE1ES4;FINANCIAL;-;-;-;-;-;-;-;-;-;0,004;-;-;-;-;-;-;-
DOLF27C009650;BRBMEFCE1ET2;FINANCIAL;-;-;-;-;-;-;-;-;-;0,003;-;-;-;-;-;-;-
DOLF27C009700;BRBMEFCE1EU0;FINANCIAL;-;-;-;-;-;-;-;-;-;0,003;-;-;-;-;-;-;-
DOLF27C009750;BRBMEFCE1EV8;FINANCIAL;-;-;-;-;-;-;-;-;-;0,002;-;-;-;-;-;-;-
DOLF27C009800;BRBMEFCE1EW6;FINANCIAL;-;-;-;-;-;-;-;-;-;0,002;-;-;-;-;-;-;-
DOLF27C009850;BRBMEFCE1EX4;FINANCIAL;-;-;-;-;-;-;-;-;-;0,002;-;-;-;-;-;-;-
DOLF27C009900;BRBMEFCE1EY2;FINANCIAL;-;-;-;-;-;-;-;-;-;0,001;-;-;-;-;-;-;-
DOLF27C009950;BRBMEFCE1EZ9;FINANCIAL;-;-;-;-;-;-;-;-;-;0,001;-;-;-;-;-;-;-
DOLF27C010000;BRBMEFCE1F08;FINANCIAL;-;-;-;-;-;-;-;-;-;0,001;-;-;-;-;-;-;-
DOLF27P004000;BRBMEFDE1KP6;FINANCIAL;-;-;-;-;-;-;-;-;-;0,085;-;-;-;-;-;-;-
DOLF27P004100;BRBMEFDE1KQ4;FINANCIAL;-;-;-;-;-;-;-;-;-;0,222;-;-;-;-;-;-;-
DOLF27P004200;BRBMEFDE1KR2;FINANCIAL;-;-;-;-;-;-;-;-;-;0,53;-;-;-;-;-;-;-
DOLF27P004300;BRBMEFDE1KS0;FINANCIAL;-;-;-;-;-;-;-;-;-;1,175;-;-;-;-;-;-;-
DOLF27P004400;BRBMEFDE1K33;FINANCIAL;-;-;-;-;-;-;-;-;-;2,427;-;-;-;-;-;-;-
DOLF27P004450;BRBMEFDE1K25;FINANCIAL;-;-;-;-;-;-;-;-;-;3,404;-;-;-;-;-;-;-
DOLF27P004500;BRBMEFDE19J4;FINANCIAL;-;-;-;-;-;-;-;-;-;4,72;-;-;-;-;-;-;-
DOLF27P004600;BRBMEFDE1FB6;FINANCIAL;-;-;-;-;-;-;-;-;-;8,6;-;-;-;-;-;-;-
DOLF27P004700;BRBMEFDE1KT8;FINANCIAL;-;-;-;-;-;-;-;-;-;14,872;-;-;-;-;-;-;-
DOLF27P004800;BRBMEFDE19K2;FINANCIAL;-;-;-;-;-;-;-;-;-;24,611;-;-;-;-;-;-;-
DOLF27P004900;BRBMEFDE1KU6;FINANCIAL;-;-;-;-;-;-;-;-;-;39,814;-;-;-;-;-;-;-
DOLF27P005000;BRBMEFDE1AE1;FINANCIAL;-;-;-;-;-;-;-;-;-;60,962;-;-;-;-;-;-;-
DOLF27P005100;BRBMEFDE1AS1;FINANCIAL;-;-;-;-;-;-;-;-;-;89,487;-;-;-;-;-;-;-
DOLF27P005200;BRBMEFDE1AF8;FINANCIAL;-;-;-;-;-;-;-;-;-;126,627;-;-;-;-;-;-;-
DOLF27P005250;BRBMEFDE1JP8;FINANCIAL;-;-;-;-;-;-;-;-;-;147,894;-;-;-;-;-;-;-
DOLF27P005300;BRBMEFDE1AT9;FINANCIAL;-;-;-;-;-;-;-;-;-;170,858;-;-;-;-;-;-;-
DOLF27P005350;BRBMEFDE1JO1;FINANCIAL;-;-;-;-;-;-;-;-;-;195,461;-;-;-;-;-;-;-
DOLF27P005400;BRBMEFDE1AG6;FINANCIAL;-;-;-;-;-;-;-;-;-;221,923;-;-;-;-;-;-;-
DOLF27P005450;BRBMEFDE1JN3;FINANCIAL;-;-;-;-;-;-;-;-;-;251,028;-;-;-;-;-;-;-
DOLF27P005500;BRBMEFDE1AU7;FINANCIAL;-;-;-;-;-;-;-;-;-;281,96;-;-;-;-;-;-;-
DOLF27P005550;BRBMEFDE1JQ6;FINANCIAL;-;-;-;-;-;-;-;-;-;314,322;-;-;-;-;-;-;-
DOLF27P005600;BRBMEFDE1AH4;FINANCIAL;-;-;-;-;-;-;-;-;-;348,003;-;-;-;-;-;-;-
DOLF27P005650;BRBMEFDE1FA8;FINANCIAL;-;-;-;-;-;-;-;-;-;382,232;-;-;-;-;-;-;-
DOLF27P005700;BRBMEFDE1AV5;FINANCIAL;-;-;-;-;-;-;-;-;-;417,48;-;-;-;-;-;-;-
DOLF27P005750;BRBMEFDE1B59;FINANCIAL;-;-;-;-;-;-;-;-;-;453,792;-;-;-;-;-;-;-
DOLF27P005800;BRBMEFDE1AI2;FINANCIAL;-;-;-;-;-;-;-;-;-;491,082;-;-;-;-;-;-;-
DOLF27P005850;BRBMEFDE1B67;FINANCIAL;-;-;-;-;-;-;-;-;-;529,265;-;-;-;-;-;-;-
DOLF27P005900;BRBMEFDE1AW3;FINANCIAL;-;-;-;-;-;-;-;-;-;568,155;-;-;-;-;-;-;-
DOLF27P005950;BRBMEFDE1B75;FINANCIAL;-;-;-;-;-;-;-;-;-;607,797;-;-;-;-;-;-;-
DOLF27P006000;BRBMEFDE19L0;FINANCIAL;-;-;-;-;-;-;-;-;-;648,123;-;-;-;-;-;-;-
DOLF27P006050;BRBMEFDE1B83;FINANCIAL;-;-;-;-;-;-;-;-;-;689,071;-;-;-;-;-;-;-
DOLF27P006100;BRBMEFDE1AX1;FINANCIAL;-;-;-;-;-;-;-;-;-;730,582;-;-;-;-;-;-;-
DOLF27P006150;BRBMEFDE1B91;FINANCIAL;-;-;-;-;-;-;-;-;-;772,689;-;-;-;-;-;-;-
DOLF27P006200;BRBMEFDE1AY9;FINANCIAL;-;-;-;-;-;-;-;-;-;815,247;-;-;-;-;-;-;-
DOLF27P006250;BRBMEFDE1BA7;FINANCIAL;-;-;-;-;-;-;-;-;-;858,134;-;-;-;-;-;-;-
DOLF27P006300;BRBMEFDE1AZ6;FINANCIAL;-;-;-;-;-;-;-;-;-;901,47;-;-;-;-;-;-;-
DOLF27P006350;BRBMEFDE1JR4;FINANCIAL;-;-;-;-;-;-;-;-;-;945,205;-;-;-;-;-;-;-
DOLF27P006400;BRBMEFDE1JS2;FINANCIAL;-;-;-;-;-;-;-;-;-;989,164;-;-;-;-;-;-;-
DOLF27P006450;BRBMEFDE1EH6;FINANCIAL;-;-;-;-;-;-;-;-;-;1033,146;-;-;-;-;-;-;-
DOLF27P006500;BRBMEFDE19M8;FINANCIAL;-;-;-;-;-;-;-;-;-;1077,055;-;-;-;-;-;-;-
DOLF27P006550;BRBMEFDE1JT0;FINANCIAL;-;-;-;-;-;-;-;-;-;1121,305;-;-;-;-;-;-;-
DOLF27P006600;BRBMEFDE1JU8;FINANCIAL;-;-;-;-;-;-;-;-;-;1165,758;-;-;-;-;-;-;-
DOLF27P006650;BRBMEFDE1JV6;FINANCIAL;-;-;-;-;-;-;-;-;-;1210,492;-;-;-;-;-;-;-
DOLF27P006700;BRBMEFDE1JW4;FINANCIAL;-;-;-;-;-;-;-;-;-;1255,389;-;-;-;-;-;-;-
DOLF27P006750;BRBMEFDE1JX2;FINANCIAL;-;-;-;-;-;-;-;-;-;1300,517;-;-;-;-;-;-;-
DOLF27P006800;BRBMEFDE1JY0;FINANCIAL;-;-;-;-;-;-;-;-;-;1345,776;-;-;-;-;-;-;-
DOLF27P006850;BRBMEFDE1JZ7;FINANCIAL;-;-;-;-;-;-;-;-;-;1391,053;-;-;-;-;-;-;-
DOLF27P006900;BRBMEFDE1K09;FINANCIAL;-;-;-;-;-;-;-;-;-;1436,461;-;-;-;-;-;-;-
DOLF27P006950;BRBMEFDE1K17;FINANCIAL;-;-;-;-;-;-;-;-;-;1482,019;-;-;-;-;-;-;-
DOLF27P007000;BRBMEFDE19N6;FINANCIAL;-;-;-;-;-;-;-;-;-;1527,738;-;-;-;-;-;-;-
DOLF27P007050;BRBMEFDE1BN0;FINANCIAL;-;-;-;-;-;-;-;-;-;1573,55;-;-;-;-;-;-;-
DOLF27P007100;BRBMEFDE1BO8;FINANCIAL;-;-;-;-;-;-;-;-;-;1619,491;-;-;-;-;-;-;-
DOLF27P007150;BRBMEFDE1BP5;FINANCIAL;-;-;-;-;-;-;-;-;-;1665,506;-;-;-;-;-;-;-
DOLF27P007200;BRBMEFDE1BQ3;FINANCIAL;-;-;-;-;-;-;-;-;-;1711,607;-;-;-;-;-;-;-
DOLF27P007250;BRBMEFDE1BR1;FINANCIAL;-;-;-;-;-;-;-;-;-;1757,802;-;-;-;-;-;-;-
DOLF27P007300;BRBMEFDE1BS9;FINANCIAL;-;-;-;-;-;-;-;-;-;1804,049;-;-;-;-;-;-;-
DOLF27P007350;BRBMEFDE1BT7;FINANCIAL;-;-;-;-;-;-;-;-;-;1850,37;-;-;-;-;-;-;-
DOLF27P007400;BRBMEFDE1BU5;FINANCIAL;-;-;-;-;-;-;-;-;-;1896,732;-;-;-;-;-;-;-
DOLF27P007450;BRBMEFDE1BV3;FINANCIAL;-;-;-;-;-;-;-;-;-;1943,153;-;-;-;-;-;-;-
DOLF27P007500;BRBMEFDE1BW1;FINANCIAL;-;-;-;-;-;-;-;-;-;1989,606;-;-;-;-;-;-;-
DOLF27P007550;BRBMEFDE1BX9;FINANCIAL;-;-;-;-;-;-;-;-;-;2036,088;-;-;-;-;-;-;-
DOLF27P007600;BRBMEFDE1BY7;FINANCIAL;-;-;-;-;-;-;-;-;-;2082,59;-;-;-;-;-;-;-
DOLF27P007650;BRBMEFDE1BZ4;FINANCIAL;-;-;-;-;-;-;-;-;-;2129,127;-;-;-;-;-;-;-
DOLF27P007700;BRBMEFDE1C09;FINANCIAL;-;-;-;-;-;-;-;-;-;2175,695;-;-;-;-;-;-;-
DOLF27P007750;BRBMEFDE1C17;FINANCIAL;-;-;-;-;-;-;-;-;-;2222,29;-;-;-;-;-;-;-
DOLF27P007800;BRBMEFDE1C25;FINANCIAL;-;-;-;-;-;-;-;-;-;2268,91;-;-;-;-;-;-;-
DOLF27P007850;BRBMEFDE1C33;FINANCIAL;-;-;-;-;-;-;-;-;-;2315,551;-;-;-;-;-;-;-
DOLF27P007900;BRBMEFDE1C41;FINANCIAL;-;-;-;-;-;-;-;-;-;2362,21;-;-;-;-;-;-;-
DOLF27P007950;BRBMEFDE1C58;FINANCIAL;-;-;-;-;-;-;-;-;-;2408,885;-;-;-;-;-;-;-
DOLF27P008000;BRBMEFDE1C66;FINANCIAL;-;-;-;-;-;-;-;-;-;2455,575;-;-;-;-;-;-;-
DOLF27P008050;BRBMEFDE1C74;FINANCIAL;-;-;-;-;-;-;-;-;-;2502,277;-;-;-;-;-;-;-
DOLF27P008100;BRBMEFDE1C82;FINANCIAL;-;-;-;-;-;-;-;-;-;2548,99;-;-;-;-;-;-;-
DOLF27P008150;BRBMEFDE1C90;FINANCIAL;-;-;-;-;-;-;-;-;-;2595,712;-;-;-;-;-;-;-
DOLF27P008200;BRBMEFDE1CA5;FINANCIAL;-;-;-;-;-;-;-;-;-;2642,443;-;-;-;-;-;-;-
DOLF27P008250;BRBMEFDE1CB3;FINANCIAL;-;-;-;-;-;-;-;-;-;2689,181;-;-;-;-;-;-;-
DOLF27P008300;BRBMEFDE1CC1;FINANCIAL;-;-;-;-;-;-;-;-;-;2735,925;-;-;-;-;-;-;-
DOLF27P008350;BRBMEFDE1CD9;FINANCIAL;-;-;-;-;-;-;-;-;-;2782,674;-;-;-;-;-;-;-
DOLF27P008400;BRBMEFDE1CE7;FINANCIAL;-;-;-;-;-;-;-;-;-;2829,428;-;-;-;-;-;-;-
DOLF27P008450;BRBMEFDE1CF4;FINANCIAL;-;-;-;-;-;-;-;-;-;2876,186;-;-;-;-;-;-;-
DOLF27P008500;BRBMEFDE1CG2;FINANCIAL;-;-;-;-;-;-;-;-;-;2922,948;-;-;-;-;-;-;-
DOLF27P008550;BRBMEFDE1CH0;FINANCIAL;-;-;-;-;-;-;-;-;-;2969,713;-;-;-;-;-;-;-
DOLF27P008600;BRBMEFDE1CI8;FINANCIAL;-;-;-;-;-;-;-;-;-;3016,48;-;-;-;-;-;-;-
DOLF27P008650;BRBMEFDE1CJ6;FINANCIAL;-;-;-;-;-;-;-;-;-;3063,25;-;-;-;-;-;-;-
DOLF27P008700;BRBMEFDE1CK4;FINANCIAL;-;-;-;-;-;-;-;-;-;3110,022;-;-;-;-;-;-;-
DOLF27P008750;BRBMEFDE1CL2;FINANCIAL;-;-;-;-;-;-;-;-;-;3156,795;-;-;-;-;-;-;-
DOLF27P008800;BRBMEFDE1CM0;FINANCIAL;-;-;-;-;-;-;-;-;-;3203,57;-;-;-;-;-;-;-
DOLF27P008850;BRBMEFDE1CN8;FINANCIAL;-;-;-;-;-;-;-;-;-;3250,346;-;-;-;-;-;-;-
DOLF27P008900;BRBMEFDE1CO6;FINANCIAL;-;-;-;-;-;-;-;-;-;3297,123;-;-;-;-;-;-;-
DOLF27P008950;BRBMEFDE1CP3;FINANCIAL;-;-;-;-;-;-;-;-;-;3343,901;-;-;-;-;-;-;-
DOLF27P009000;BRBMEFDE1CQ1;FINANCIAL;-;-;-;-;-;-;-;-;-;3390,68;-;-;-;-;-;-;-
DOLF27P009050;BRBMEFDE1CR9;FINANCIAL;-;-;-;-;-;-;-;-;-;3437,459;-;-;-;-;-;-;-
DOLF27P009100;BRBMEFDE1CS7;FINANCIAL;-;-;-;-;-;-;-;-;-;3484,239;-;-;-;-;-;-;-
DOLF27P009150;BRBMEFDE1DP1;FINANCIAL;-;-;-;-;-;-;-;-;-;3531,02;-;-;-;-;-;-;-
DOLF27P009200;BRBMEFDE1DQ9;FINANCIAL;-;-;-;-;-;-;-;-;-;3577,801;-;-;-;-;-;-;-
DOLF27P009250;BRBMEFDE1DR7;FINANCIAL;-;-;-;-;-;-;-;-;-;3624,583;-;-;-;-;-;-;-
DOLF27P009300;BRBMEFDE1DS5;FINANCIAL;-;-;-;-;-;-;-;-;-;3671,364;-;-;-;-;-;-;-
DOLF27P009350;BRBMEFDE1DT3;FINANCIAL;-;-;-;-;-;-;-;-;-;3718,146;-;-;-;-;-;-;-
DOLF27P009400;BRBMEFDE1DU1;FINANCIAL;-;-;-;-;-;-;-;-;-;3764,928;-;-;-;-;-;-;-
DOLF27P009450;BRBMEFDE1DV9;FINANCIAL;-;-;-;-;-;-;-;-;-;3811,711;-;-;-;-;-;-;-
DOLF27P009500;BRBMEFDE1DW7;FINANCIAL;-;-;-;-;-;-;-;-;-;3858,493;-;-;-;-;-;-;-
DOLF27P009550;BRBMEFDE1DX5;FINANCIAL;-;-;-;-;-;-;-;-;-;3905,276;-;-;-;-;-;-;-
DOLF27P009600;BRBMEFDE1DY3;FINANCIAL;-;-;-;-;-;-;-;-;-;3952,059;-;-;-;-;-;-;-
DOLF27P009650;BRBMEFDE1DZ0;FINANCIAL;-;-;-;-;-;-;-;-;-;3998,842;-;-;-;-;-;-;-
DOLF27P009700;BRBMEFDE1E07;FINANCIAL;-;-;-;-;-;-;-;-;-;4045,625;-;-;-;-;-;-;-
DOLF27P009750;BRBMEFDE1E15;FINANCIAL;-;-;-;-;-;-;-;-;-;4092,408;-;-;-;-;-;-;-
DOLF27P009800;BRBMEFDE1E23;FINANCIAL;-;-;-;-;-;-;-;-;-;4139,191;-;-;-;-;-;-;-
DOLF27P009850;BRBMEFDE1E31;FINANCIAL;-;-;-;-;-;-;-;-;-;4185,975;-;-;-;-;-;-;-
DOLF27P009900;BRBMEFDE1E49;FINANCIAL;-;-;-;-;-;-;-;-;-;4232,758;-;-;-;-;-;-;-
DOLF27P009950;BRBMEFDE1E56;FINANCIAL;-;-;-;-;-;-;-;-;-;4279,541;-;-;-;-;-;-;-
DOLF27P010000;BRBMEFDE1E64;FINANCIAL;-;-;-;-;-;-;-;-;-;4326,325;-;-;-;-;-;-;-
DOLF28C005000;BRBMEFCE1JX3;FINANCIAL;-;-;-;-;-;-;-;-;-;732,17;-;-;-;-;-;-;-
DOLF28C005050;BRBMEFCE1JY1;FINANCIAL;-;-;-;-;-;-;-;-;-;701,066;-;-;-;-;-;-;-
DOLF28C005100;BRBMEFCE1JZ8;FINANCIAL;-;-;-;-;-;-;-;-;-;670,615;-;-;-;-;-;-;-
DOLF28C005150;BRBMEFCE1K01;FINANCIAL;-;-;-;-;-;-;-;-;-;641,156;-;-;-;-;-;-;-
DOLF28C005200;BRBMEFCE1K19;FINANCIAL;-;-;-;-;-;-;-;-;-;612,37;-;-;-;-;-;-;-
DOLF28C005250;BRBMEFCE1K27;FINANCIAL;-;-;-;-;-;-;-;-;-;584,621;-;-;-;-;-;-;-
DOLF28C005300;BRBMEFCE1K35;FINANCIAL;-;-;-;-;-;-;-;-;-;557,748;-;-;-;-;-;-;-
DOLF28C005350;BRBMEFCE1K43;FINANCIAL;-;-;-;-;-;-;-;-;-;531,955;-;-;-;-;-;-;-
DOLF28C005400;BRBMEFCE1K50;FINANCIAL;-;-;-;-;-;-;-;-;-;506,853;-;-;-;-;-;-;-
DOLF28C005450;BRBMEFCE1K68;FINANCIAL;-;-;-;-;-;-;-;-;-;482,634;-;-;-;-;-;-;-
DOLF28C005500;BRBMEFCE1AI3;FINANCIAL;-;-;-;-;-;-;-;-;-;459,297;-;-;-;-;-;-;-
DOLF28C005550;BRBMEFCE1K76;FINANCIAL;-;-;-;-;-;-;-;-;-;437,055;-;-;-;-;-;-;-
DOLF28C005600;BRBMEFCE1AJ1;FINANCIAL;-;-;-;-;-;-;-;-;-;416,583;-;-;-;-;-;-;-
DOLF28C005650;BRBMEFCE1K84;FINANCIAL;-;-;-;-;-;-;-;-;-;397,224;-;-;-;-;-;-;-
DOLF28C005700;BRBMEFCE1AK9;FINANCIAL;-;-;-;-;-;-;-;-;-;378,735;-;-;-;-;-;-;-
DOLF28C005750;BRBMEFCE1C50;FINANCIAL;-;-;-;-;-;-;-;-;-;361,091;-;-;-;-;-;-;-
DOLF28C005800;BRBMEFCE1AL7;FINANCIAL;-;-;-;-;-;-;-;-;-;344,265;-;-;-;-;-;-;-
DOLF28C005850;BRBMEFCE1C68;FINANCIAL;-;-;-;-;-;-;-;-;-;328,464;-;-;-;-;-;-;-
DOLF28C005900;BRBMEFCE1AM5;FINANCIAL;-;-;-;-;-;-;-;-;-;313,194;-;-;-;-;-;-;-
DOLF28C005950;BRBMEFCE1C76;FINANCIAL;-;-;-;-;-;-;-;-;-;298,892;-;-;-;-;-;-;-
DOLF28C006000;BRBMEFCE1AN3;FINANCIAL;-;-;-;-;-;-;-;-;-;285,064;-;-;-;-;-;-;-
DOLF28C006050;BRBMEFCE1C84;FINANCIAL;-;-;-;-;-;-;-;-;-;272,147;-;-;-;-;-;-;-
DOLF28C006100;BRBMEFCE1AO1;FINANCIAL;-;-;-;-;-;-;-;-;-;259,877;-;-;-;-;-;-;-
DOLF28C006150;BRBMEFCE1C92;FINANCIAL;-;-;-;-;-;-;-;-;-;248,226;-;-;-;-;-;-;-
DOLF28C006200;BRBMEFCE1AP8;FINANCIAL;-;-;-;-;-;-;-;-;-;237,166;-;-;-;-;-;-;-
DOLF28C006250;BRBMEFCE1CA6;FINANCIAL;-;-;-;-;-;-;-;-;-;226,67;-;-;-;-;-;-;-
DOLF28C006300;BRBMEFCE1AQ6;FINANCIAL;-;-;-;-;-;-;-;-;-;216,93;-;-;-;-;-;-;-
DOLF28C006400;BRBMEFCE1AR4;FINANCIAL;-;-;-;-;-;-;-;-;-;197,863;-;-;-;-;-;-;-
DOLF28C006500;BRBMEFCE1AS2;FINANCIAL;-;-;-;-;-;-;-;-;-;180,886;-;-;-;-;-;-;-
DOLF28C006600;BRBMEFCE1AT0;FINANCIAL;-;-;-;-;-;-;-;-;-;165,395;-;-;-;-;-;-;-
DOLF28C006700;BRBMEFCE1AU8;FINANCIAL;-;-;-;-;-;-;-;-;-;151,635;-;-;-;-;-;-;-
DOLF28C006750;BRBMEFCE1LG4;FINANCIAL;-;-;-;-;-;-;-;-;-;145,277;-;-;-;-;-;-;-
DOLF28C007000;BRBMEFCE1FS1;FINANCIAL;-;-;-;-;-;-;-;-;-;115,772;-;-;-;-;-;-;-
DOLF28C007100;BRBMEFCE1K92;FINANCIAL;-;-;-;-;-;-;-;-;-;105,473;-;-;-;-;-;-;-
DOLF28C007200;BRBMEFCE1KA9;FINANCIAL;-;-;-;-;-;-;-;-;-;96,174;-;-;-;-;-;-;-
DOLF28C007300;BRBMEFCE1KB7;FINANCIAL;-;-;-;-;-;-;-;-;-;87,928;-;-;-;-;-;-;-
DOLF28C007400;BRBMEFCE1KC5;FINANCIAL;-;-;-;-;-;-;-;-;-;80,339;-;-;-;-;-;-;-
DOLF28C007500;BRBMEFCE1DN7;FINANCIAL;-;-;-;-;-;-;-;-;-;73,619;-;-;-;-;-;-;-
DOLF28C007600;BRBMEFCE1KD3;FINANCIAL;-;-;-;-;-;-;-;-;-;67,418;-;-;-;-;-;-;-
DOLF28C007700;BRBMEFCE1KE1;FINANCIAL;-;-;-;-;-;-;-;-;-;61,933;-;-;-;-;-;-;-
DOLF28C007800;BRBMEFCE1KF8;FINANCIAL;-;-;-;-;-;-;-;-;-;56,971;-;-;-;-;-;-;-
DOLF28C007900;BRBMEFCE1KG6;FINANCIAL;-;-;-;-;-;-;-;-;-;52,479;-;-;-;-;-;-;-
DOLF28C008000;BRBMEFCE1DO5;FINANCIAL;-;-;-;-;-;-;-;-;-;48,408;-;-;-;-;-;-;-
DOLF28C008500;BRBMEFCE1BV4;FINANCIAL;-;-;-;-;-;-;-;-;-;30,322;-;-;-;-;-;-;-
DOLF28C010500;BRBMEFCE1F99;FINANCIAL;-;-;-;-;-;-;-;-;-;4,117;-;-;-;-;-;-;-
DOLF28C011000;BRBMEFCE1BU6;FINANCIAL;-;-;-;-;-;-;-;-;-;2,388;-;-;-;-;-;-;-
DOLF28C011500;BRBMEFCE1FA9;FINANCIAL;-;-;-;-;-;-;-;-;-;1,358;-;-;-;-;-;-;-
DOLF28P005000;BRBMEFDE1J36;FINANCIAL;-;-;-;-;-;-;-;-;-;78,507;-;-;-;-;-;-;-
DOLF28P005050;BRBMEFDE1J44;FINANCIAL;-;-;-;-;-;-;-;-;-;88,47;-;-;-;-;-;-;-
DOLF28P005100;BRBMEFDE1J51;FINANCIAL;-;-;-;-;-;-;-;-;-;99,085;-;-;-;-;-;-;-
DOLF28P005150;BRBMEFDE1J69;FINANCIAL;-;-;-;-;-;-;-;-;-;110,692;-;-;-;-;-;-;-
DOLF28P005200;BRBMEFDE1J77;FINANCIAL;-;-;-;-;-;-;-;-;-;122,972;-;-;-;-;-;-;-
DOLF28P005250;BRBMEFDE1J85;FINANCIAL;-;-;-;-;-;-;-;-;-;136,29;-;-;-;-;-;-;-
DOLF28P005300;BRBMEFDE1J93;FINANCIAL;-;-;-;-;-;-;-;-;-;150,482;-;-;-;-;-;-;-
DOLF28P005350;BRBMEFDE1JA0;FINANCIAL;-;-;-;-;-;-;-;-;-;165,756;-;-;-;-;-;-;-
DOLF28P005400;BRBMEFDE1JB8;FINANCIAL;-;-;-;-;-;-;-;-;-;181,72;-;-;-;-;-;-;-
DOLF28P005450;BRBMEFDE1JC6;FINANCIAL;-;-;-;-;-;-;-;-;-;198,568;-;-;-;-;-;-;-
DOLF28P005500;BRBMEFDE19O4;FINANCIAL;-;-;-;-;-;-;-;-;-;216,296;-;-;-;-;-;-;-
DOLF28P005550;BRBMEFDE1JD4;FINANCIAL;-;-;-;-;-;-;-;-;-;235,121;-;-;-;-;-;-;-
DOLF28P005600;BRBMEFDE19P1;FINANCIAL;-;-;-;-;-;-;-;-;-;255,715;-;-;-;-;-;-;-
DOLF28P005650;BRBMEFDE1JE2;FINANCIAL;-;-;-;-;-;-;-;-;-;277,422;-;-;-;-;-;-;-
DOLF28P005700;BRBMEFDE19Q9;FINANCIAL;-;-;-;-;-;-;-;-;-;299,999;-;-;-;-;-;-;-
DOLF28P005750;BRBMEFDE1BB5;FINANCIAL;-;-;-;-;-;-;-;-;-;323,422;-;-;-;-;-;-;-
DOLF28P005800;BRBMEFDE19R7;FINANCIAL;-;-;-;-;-;-;-;-;-;347,662;-;-;-;-;-;-;-
DOLF28P005850;BRBMEFDE1BC3;FINANCIAL;-;-;-;-;-;-;-;-;-;372,927;-;-;-;-;-;-;-
DOLF28P005900;BRBMEFDE19S5;FINANCIAL;-;-;-;-;-;-;-;-;-;398,723;-;-;-;-;-;-;-
DOLF28P005950;BRBMEFDE1BD1;FINANCIAL;-;-;-;-;-;-;-;-;-;425,487;-;-;-;-;-;-;-
DOLF28P006000;BRBMEFDE19T3;FINANCIAL;-;-;-;-;-;-;-;-;-;452,726;-;-;-;-;-;-;-
DOLF28P006050;BRBMEFDE1BE9;FINANCIAL;-;-;-;-;-;-;-;-;-;480,874;-;-;-;-;-;-;-
DOLF28P006100;BRBMEFDE19U1;FINANCIAL;-;-;-;-;-;-;-;-;-;509,671;-;-;-;-;-;-;-
DOLF28P006150;BRBMEFDE1BF6;FINANCIAL;-;-;-;-;-;-;-;-;-;539,086;-;-;-;-;-;-;-
DOLF28P006200;BRBMEFDE19V9;FINANCIAL;-;-;-;-;-;-;-;-;-;569,092;-;-;-;-;-;-;-
DOLF28P006250;BRBMEFDE1BG4;FINANCIAL;-;-;-;-;-;-;-;-;-;599,662;-;-;-;-;-;-;-
DOLF28P006300;BRBMEFDE19W7;FINANCIAL;-;-;-;-;-;-;-;-;-;630,988;-;-;-;-;-;-;-
DOLF28P006400;BRBMEFDE19X5;FINANCIAL;-;-;-;-;-;-;-;-;-;694,054;-;-;-;-;-;-;-
DOLF28P006500;BRBMEFDE19Y3;FINANCIAL;-;-;-;-;-;-;-;-;-;759,209;-;-;-;-;-;-;-
DOLF28P006600;BRBMEFDE19Z0;FINANCIAL;-;-;-;-;-;-;-;-;-;825,851;-;-;-;-;-;-;-
DOLF28P006700;BRBMEFDE1A01;FINANCIAL;-;-;-;-;-;-;-;-;-;894,223;-;-;-;-;-;-;-
DOLF28P006750;BRBMEFDE1KM3;FINANCIAL;-;-;-;-;-;-;-;-;-;928,931;-;-;-;-;-;-;-
DOLF28P007000;BRBMEFDE1EY1;FINANCIAL;-;-;-;-;-;-;-;-;-;1104,757;-;-;-;-;-;-;-
DOLF28P007100;BRBMEFDE1JF9;FINANCIAL;-;-;-;-;-;-;-;-;-;1176,59;-;-;-;-;-;-;-
DOLF28P007200;BRBMEFDE1JG7;FINANCIAL;-;-;-;-;-;-;-;-;-;1249,424;-;-;-;-;-;-;-
DOLF28P007300;BRBMEFDE1JH5;FINANCIAL;-;-;-;-;-;-;-;-;-;1323,31;-;-;-;-;-;-;-
DOLF28P007400;BRBMEFDE1JI3;FINANCIAL;-;-;-;-;-;-;-;-;-;1397,853;-;-;-;-;-;-;-
DOLF28P007500;BRBMEFDE1CT5;FINANCIAL;-;-;-;-;-;-;-;-;-;1473,266;-;-;-;-;-;-;-
DOLF28P007600;BRBMEFDE1JJ1;FINANCIAL;-;-;-;-;-;-;-;-;-;1549,197;-;-;-;-;-;-;-
DOLF28P007700;BRBMEFDE1JK9;FINANCIAL;-;-;-;-;-;-;-;-;-;1625,845;-;-;-;-;-;-;-
DOLF28P007800;BRBMEFDE1JL7;FINANCIAL;-;-;-;-;-;-;-;-;-;1703,015;-;-;-;-;-;-;-
DOLF28P007900;BRBMEFDE1JM5;FINANCIAL;-;-;-;-;-;-;-;-;-;1780,655;-;-;-;-;-;-;-
DOLF28P008000;BRBMEFDE1CU3;FINANCIAL;-;-;-;-;-;-;-;-;-;1858,717;-;-;-;-;-;-;-
DOLF28P008500;BRBMEFDE1B18;FINANCIAL;-;-;-;-;-;-;-;-;-;2251,293;-;-;-;-;-;-;-
DOLF28P010500;BRBMEFDE1EF0;FINANCIAL;-;-;-;-;-;-;-;-;-;3867,735;-;-;-;-;-;-;-
DOLF28P011000;BRBMEFDE1B00;FINANCIAL;-;-;-;-;-;-;-;-;-;4276,668;-;-;-;-;-;-;-
DOLF28P011500;BRBMEFDE1EG8;FINANCIAL;-;-;-;-;-;-;-;-;-;4686,299;-;-;-;-;-;-;-
DOLF29C005500;BRBMEFCE1AV6;FINANCIAL;-;-;-;-;-;-;-;-;-;716,095;-;-;-;-;-;-;-
DOLF29C005600;BRBMEFCE1AW4;FINANCIAL;-;-;-;-;-;-;-;-;-;671,095;-;-;-;-;-;-;-
DOLF29C005700;BRBMEFCE1AX2;FINANCIAL;-;-;-;-;-;-;-;-;-;628,15;-;-;-;-;-;-;-
DOLF29C005750;BRBMEFCE1CB4;FINANCIAL;-;-;-;-;-;-;-;-;-;607,654;-;-;-;-;-;-;-
DOLF29C005800;BRBMEFCE1AY0;FINANCIAL;-;-;-;-;-;-;-;-;-;587,724;-;-;-;-;-;-;-
DOLF29C005850;BRBMEFCE1CC2;FINANCIAL;-;-;-;-;-;-;-;-;-;568,356;-;-;-;-;-;-;-
DOLF29C005900;BRBMEFCE1AZ7;FINANCIAL;-;-;-;-;-;-;-;-;-;549,543;-;-;-;-;-;-;-
DOLF29C005950;BRBMEFCE1CD0;FINANCIAL;-;-;-;-;-;-;-;-;-;531,278;-;-;-;-;-;-;-
DOLF29C006000;BRBMEFCE1B02;FINANCIAL;-;-;-;-;-;-;-;-;-;514,097;-;-;-;-;-;-;-
DOLF29C006050;BRBMEFCE1CE8;FINANCIAL;-;-;-;-;-;-;-;-;-;497,46;-;-;-;-;-;-;-
DOLF29C006100;BRBMEFCE1B10;FINANCIAL;-;-;-;-;-;-;-;-;-;481,356;-;-;-;-;-;-;-
DOLF29C006150;BRBMEFCE1CF5;FINANCIAL;-;-;-;-;-;-;-;-;-;465,773;-;-;-;-;-;-;-
DOLF29C006200;BRBMEFCE1B28;FINANCIAL;-;-;-;-;-;-;-;-;-;450,981;-;-;-;-;-;-;-
DOLF29C006250;BRBMEFCE1CG3;FINANCIAL;-;-;-;-;-;-;-;-;-;436,407;-;-;-;-;-;-;-
DOLF29C006300;BRBMEFCE1B36;FINANCIAL;-;-;-;-;-;-;-;-;-;422,32;-;-;-;-;-;-;-
DOLF29C006400;BRBMEFCE1B44;FINANCIAL;-;-;-;-;-;-;-;-;-;395,836;-;-;-;-;-;-;-
DOLF29C006500;BRBMEFCE1B51;FINANCIAL;-;-;-;-;-;-;-;-;-;371,148;-;-;-;-;-;-;-
DOLF29C006600;BRBMEFCE1B69;FINANCIAL;-;-;-;-;-;-;-;-;-;348,436;-;-;-;-;-;-;-
DOLF29C006700;BRBMEFCE1B77;FINANCIAL;-;-;-;-;-;-;-;-;-;327,594;-;-;-;-;-;-;-
DOLF29C006800;BRBMEFCE1FT9;FINANCIAL;-;-;-;-;-;-;-;-;-;307,956;-;-;-;-;-;-;-
DOLF29C006900;BRBMEFCE1FU7;FINANCIAL;-;-;-;-;-;-;-;-;-;289,981;-;-;-;-;-;-;-
DOLF29C007000;BRBMEFCE1FV5;FINANCIAL;-;-;-;-;-;-;-;-;-;273,023;-;-;-;-;-;-;-
DOLF29C007050;BRBMEFCE1LH2;FINANCIAL;-;-;-;-;-;-;-;-;-;265,27;-;-;-;-;-;-;-
DOLF29C007100;BRBMEFCE1FW3;FINANCIAL;-;-;-;-;-;-;-;-;-;257,27;-;-;-;-;-;-;-
DOLF29C007200;BRBMEFCE1FX1;FINANCIAL;-;-;-;-;-;-;-;-;-;242,112;-;-;-;-;-;-;-
DOLF29C007300;BRBMEFCE1FY9;FINANCIAL;-;-;-;-;-;-;-;-;-;228,272;-;-;-;-;-;-;-
DOLF29C007400;BRBMEFCE1FZ6;FINANCIAL;-;-;-;-;-;-;-;-;-;215,407;-;-;-;-;-;-;-
DOLF29C007500;BRBMEFCE1BY8;FINANCIAL;-;-;-;-;-;-;-;-;-;203,2;-;-;-;-;-;-;-
DOLF29C007600;BRBMEFCE1G07;FINANCIAL;-;-;-;-;-;-;-;-;-;192,086;-;-;-;-;-;-;-
DOLF29C007700;BRBMEFCE1G15;FINANCIAL;-;-;-;-;-;-;-;-;-;181,749;-;-;-;-;-;-;-
DOLF29C007800;BRBMEFCE1G23;FINANCIAL;-;-;-;-;-;-;-;-;-;172,133;-;-;-;-;-;-;-
DOLF29C007900;BRBMEFCE1G31;FINANCIAL;-;-;-;-;-;-;-;-;-;162,961;-;-;-;-;-;-;-
DOLF29C008000;BRBMEFCE1DP2;FINANCIAL;-;-;-;-;-;-;-;-;-;153,327;-;-;-;-;-;-;-
DOLF29C008500;BRBMEFCE1DQ0;FINANCIAL;-;-;-;-;-;-;-;-;-;114,145;-;-;-;-;-;-;-
DOLF29C009000;BRBMEFCE1IF2;FINANCIAL;-;-;-;-;-;-;-;-;-;86,6;-;-;-;-;-;-;-
DOLF29P005500;BRBMEFDE1A19;FINANCIAL;-;-;-;-;-;-;-;-;-;173,807;-;-;-;-;-;-;-
DOLF29P005600;BRBMEFDE1A27;FINANCIAL;-;-;-;-;-;-;-;-;-;200,875;-;-;-;-;-;-;-
DOLF29P005700;BRBMEFDE1A35;FINANCIAL;-;-;-;-;-;-;-;-;-;229,999;-;-;-;-;-;-;-
DOLF29P005750;BRBMEFDE1BH2;FINANCIAL;-;-;-;-;-;-;-;-;-;245,537;-;-;-;-;-;-;-
DOLF29P005800;BRBMEFDE1A43;FINANCIAL;-;-;-;-;-;-;-;-;-;261,641;-;-;-;-;-;-;-
DOLF29P005850;BRBMEFDE1BI0;FINANCIAL;-;-;-;-;-;-;-;-;-;278,307;-;-;-;-;-;-;-
DOLF29P005900;BRBMEFDE1A50;FINANCIAL;-;-;-;-;-;-;-;-;-;295,528;-;-;-;-;-;-;-
DOLF29P005950;BRBMEFDE1BJ8;FINANCIAL;-;-;-;-;-;-;-;-;-;313,297;-;-;-;-;-;-;-
DOLF29P006000;BRBMEFDE1A68;FINANCIAL;-;-;-;-;-;-;-;-;-;332,15;-;-;-;-;-;-;-
DOLF29P006050;BRBMEFDE1BK6;FINANCIAL;-;-;-;-;-;-;-;-;-;351,547;-;-;-;-;-;-;-
DOLF29P006100;BRBMEFDE1A76;FINANCIAL;-;-;-;-;-;-;-;-;-;371,477;-;-;-;-;-;-;-
DOLF29P006150;BRBMEFDE1BL4;FINANCIAL;-;-;-;-;-;-;-;-;-;391,928;-;-;-;-;-;-;-
DOLF29P006200;BRBMEFDE1A84;FINANCIAL;-;-;-;-;-;-;-;-;-;413,17;-;-;-;-;-;-;-
DOLF29P006250;BRBMEFDE1BM2;FINANCIAL;-;-;-;-;-;-;-;-;-;434,63;-;-;-;-;-;-;-
DOLF29P006300;BRBMEFDE1A92;FINANCIAL;-;-;-;-;-;-;-;-;-;456,576;-;-;-;-;-;-;-
DOLF29P006400;BRBMEFDE1AA9;FINANCIAL;-;-;-;-;-;-;-;-;-;502,161;-;-;-;-;-;-;-
DOLF29P006500;BRBMEFDE1AB7;FINANCIAL;-;-;-;-;-;-;-;-;-;549,541;-;-;-;-;-;-;-
DOLF29P006600;BRBMEFDE1AC5;FINANCIAL;-;-;-;-;-;-;-;-;-;598,897;-;-;-;-;-;-;-
DOLF29P006700;BRBMEFDE1AD3;FINANCIAL;-;-;-;-;-;-;-;-;-;650,123;-;-;-;-;-;-;-
DOLF29P006800;BRBMEFDE1EZ8;FINANCIAL;-;-;-;-;-;-;-;-;-;702,553;-;-;-;-;-;-;-
DOLF29P006900;BRBMEFDE1F06;FINANCIAL;-;-;-;-;-;-;-;-;-;756,646;-;-;-;-;-;-;-
DOLF29P007000;BRBMEFDE1F14;FINANCIAL;-;-;-;-;-;-;-;-;-;811,756;-;-;-;-;-;-;-
DOLF29P007050;BRBMEFDE1KN1;FINANCIAL;-;-;-;-;-;-;-;-;-;840,037;-;-;-;-;-;-;-
DOLF29P007100;BRBMEFDE1F22;FINANCIAL;-;-;-;-;-;-;-;-;-;868,071;-;-;-;-;-;-;-
DOLF29P007200;BRBMEFDE1F30;FINANCIAL;-;-;-;-;-;-;-;-;-;924,981;-;-;-;-;-;-;-
DOLF29P007300;BRBMEFDE1F48;FINANCIAL;-;-;-;-;-;-;-;-;-;983,209;-;-;-;-;-;-;-
DOLF29P007400;BRBMEFDE1F55;FINANCIAL;-;-;-;-;-;-;-;-;-;1042,412;-;-;-;-;-;-;-
DOLF29P007500;BRBMEFDE1B42;FINANCIAL;-;-;-;-;-;-;-;-;-;1102,273;-;-;-;-;-;-;-
DOLF29P007600;BRBMEFDE1F63;FINANCIAL;-;-;-;-;-;-;-;-;-;1163,227;-;-;-;-;-;-;-
DOLF29P007700;BRBMEFDE1F71;FINANCIAL;-;-;-;-;-;-;-;-;-;1224,958;-;-;-;-;-;-;-
DOLF29P007800;BRBMEFDE1F89;FINANCIAL;-;-;-;-;-;-;-;-;-;1287,41;-;-;-;-;-;-;-
DOLF29P007900;BRBMEFDE1F97;FINANCIAL;-;-;-;-;-;-;-;-;-;1350,306;-;-;-;-;-;-;-
DOLF29P008000;BRBMEFDE1CV1;FINANCIAL;-;-;-;-;-;-;-;-;-;1412,74;-;-;-;-;-;-;-
DOLF29P008500;BRBMEFDE1CW9;FINANCIAL;-;-;-;-;-;-;-;-;-;1733,899;-;-;-;-;-;-;-
DOLF29P009000;BRBMEFDE1HL1;FINANCIAL;-;-;-;-;-;-;-;-;-;2066,694;-;-;-;-;-;-;-
DOLF30C006000;BRBMEFCE1G64;FINANCIAL;-;-;-;-;-;-;-;-;-;721,927;-;-;-;-;-;-;-
DOLF30C006050;BRBMEFCE1G72;FINANCIAL;-;-;-;-;-;-;-;-;-;703,791;-;-;-;-;-;-;-
DOLF30C006100;BRBMEFCE1G80;FINANCIAL;-;-;-;-;-;-;-;-;-;686,054;-;-;-;-;-;-;-
DOLF30C006150;BRBMEFCE1G98;FINANCIAL;-;-;-;-;-;-;-;-;-;668,713;-;-;-;-;-;-;-
DOLF30C006200;BRBMEFCE1GA7;FINANCIAL;-;-;-;-;-;-;-;-;-;651,764;-;-;-;-;-;-;-
DOLF30C006250;BRBMEFCE1GB5;FINANCIAL;-;-;-;-;-;-;-;-;-;635,204;-;-;-;-;-;-;-
DOLF30C006300;BRBMEFCE1GC3;FINANCIAL;-;-;-;-;-;-;-;-;-;619,028;-;-;-;-;-;-;-
DOLF30C006350;BRBMEFCE1GD1;FINANCIAL;-;-;-;-;-;-;-;-;-;603,529;-;-;-;-;-;-;-
DOLF30C006400;BRBMEFCE1GE9;FINANCIAL;-;-;-;-;-;-;-;-;-;588,111;-;-;-;-;-;-;-
DOLF30C006450;BRBMEFCE1GF6;FINANCIAL;-;-;-;-;-;-;-;-;-;573,366;-;-;-;-;-;-;-
DOLF30C006500;BRBMEFCE1GG4;FINANCIAL;-;-;-;-;-;-;-;-;-;559,296;-;-;-;-;-;-;-
DOLF30C006550;BRBMEFCE1GH2;FINANCIAL;-;-;-;-;-;-;-;-;-;545,595;-;-;-;-;-;-;-
DOLF30C006600;BRBMEFCE1GI0;FINANCIAL;-;-;-;-;-;-;-;-;-;531,945;-;-;-;-;-;-;-
DOLF30C006650;BRBMEFCE1GJ8;FINANCIAL;-;-;-;-;-;-;-;-;-;518,957;-;-;-;-;-;-;-
DOLF30C006700;BRBMEFCE1GK6;FINANCIAL;-;-;-;-;-;-;-;-;-;506,317;-;-;-;-;-;-;-
DOLF30C006750;BRBMEFCE1GL4;FINANCIAL;-;-;-;-;-;-;-;-;-;494,016;-;-;-;-;-;-;-
DOLF30C006800;BRBMEFCE1GM2;FINANCIAL;-;-;-;-;-;-;-;-;-;482,048;-;-;-;-;-;-;-
DOLF30C006850;BRBMEFCE1GN0;FINANCIAL;-;-;-;-;-;-;-;-;-;470,406;-;-;-;-;-;-;-
DOLF30C006900;BRBMEFCE1GO8;FINANCIAL;-;-;-;-;-;-;-;-;-;459,082;-;-;-;-;-;-;-
DOLF30C006950;BRBMEFCE1GP5;FINANCIAL;-;-;-;-;-;-;-;-;-;448,069;-;-;-;-;-;-;-
DOLF30C007000;BRBMEFCE1GQ3;FINANCIAL;-;-;-;-;-;-;-;-;-;437,042;-;-;-;-;-;-;-
DOLF30C007050;BRBMEFCE1GR1;FINANCIAL;-;-;-;-;-;-;-;-;-;426,628;-;-;-;-;-;-;-
DOLF30C007100;BRBMEFCE1GS9;FINANCIAL;-;-;-;-;-;-;-;-;-;416,821;-;-;-;-;-;-;-
DOLF30C007150;BRBMEFCE1GT7;FINANCIAL;-;-;-;-;-;-;-;-;-;406,979;-;-;-;-;-;-;-
DOLF30C007200;BRBMEFCE1GU5;FINANCIAL;-;-;-;-;-;-;-;-;-;397,412;-;-;-;-;-;-;-
DOLF30C007250;BRBMEFCE1GV3;FINANCIAL;-;-;-;-;-;-;-;-;-;388,113;-;-;-;-;-;-;-
DOLF30C007300;BRBMEFCE1GW1;FINANCIAL;-;-;-;-;-;-;-;-;-;379,391;-;-;-;-;-;-;-
DOLF30C007350;BRBMEFCE1GX9;FINANCIAL;-;-;-;-;-;-;-;-;-;370,606;-;-;-;-;-;-;-
DOLF30C007400;BRBMEFCE1GY7;FINANCIAL;-;-;-;-;-;-;-;-;-;362,069;-;-;-;-;-;-;-
DOLF30C007450;BRBMEFCE1GZ4;FINANCIAL;-;-;-;-;-;-;-;-;-;354,085;-;-;-;-;-;-;-
DOLF30C007500;BRBMEFCE1H06;FINANCIAL;-;-;-;-;-;-;-;-;-;346,022;-;-;-;-;-;-;-
DOLF30C007550;BRBMEFCE1H14;FINANCIAL;-;-;-;-;-;-;-;-;-;338,186;-;-;-;-;-;-;-
DOLF30C007600;BRBMEFCE1H22;FINANCIAL;-;-;-;-;-;-;-;-;-;330,881;-;-;-;-;-;-;-
DOLF30C007650;BRBMEFCE1H30;FINANCIAL;-;-;-;-;-;-;-;-;-;323,481;-;-;-;-;-;-;-
DOLF30C007700;BRBMEFCE1H48;FINANCIAL;-;-;-;-;-;-;-;-;-;316,596;-;-;-;-;-;-;-
DOLF30C007750;BRBMEFCE1H55;FINANCIAL;-;-;-;-;-;-;-;-;-;309,606;-;-;-;-;-;-;-
DOLF30C007800;BRBMEFCE1H63;FINANCIAL;-;-;-;-;-;-;-;-;-;303,118;-;-;-;-;-;-;-
DOLF30C007850;BRBMEFCE1H71;FINANCIAL;-;-;-;-;-;-;-;-;-;296,516;-;-;-;-;-;-;-
DOLF30C007900;BRBMEFCE1H89;FINANCIAL;-;-;-;-;-;-;-;-;-;290,4;-;-;-;-;-;-;-
DOLF30C007950;BRBMEFCE1H97;FINANCIAL;-;-;-;-;-;-;-;-;-;283,866;-;-;-;-;-;-;-
DOLF30C008000;BRBMEFCE1HA5;FINANCIAL;-;-;-;-;-;-;-;-;-;277,51;-;-;-;-;-;-;-
DOLF30C008050;BRBMEFCE1HB3;FINANCIAL;-;-;-;-;-;-;-;-;-;271,624;-;-;-;-;-;-;-
DOLF30C008100;BRBMEFCE1HC1;FINANCIAL;-;-;-;-;-;-;-;-;-;265,61;-;-;-;-;-;-;-
DOLF30C008150;BRBMEFCE1HD9;FINANCIAL;-;-;-;-;-;-;-;-;-;260,052;-;-;-;-;-;-;-
DOLF30C008200;BRBMEFCE1HE7;FINANCIAL;-;-;-;-;-;-;-;-;-;254,362;-;-;-;-;-;-;-
DOLF30C008250;BRBMEFCE1HF4;FINANCIAL;-;-;-;-;-;-;-;-;-;248,827;-;-;-;-;-;-;-
DOLF30C008300;BRBMEFCE1HG2;FINANCIAL;-;-;-;-;-;-;-;-;-;243,728;-;-;-;-;-;-;-
DOLF30C008350;BRBMEFCE1HH0;FINANCIAL;-;-;-;-;-;-;-;-;-;238,489;-;-;-;-;-;-;-
DOLF30C008400;BRBMEFCE1HI8;FINANCIAL;-;-;-;-;-;-;-;-;-;233,674;-;-;-;-;-;-;-
DOLF30C008450;BRBMEFCE1HJ6;FINANCIAL;-;-;-;-;-;-;-;-;-;228,714;-;-;-;-;-;-;-
DOLF30C008500;BRBMEFCE1HK4;FINANCIAL;-;-;-;-;-;-;-;-;-;224,166;-;-;-;-;-;-;-
DOLF30C008550;BRBMEFCE1HL2;FINANCIAL;-;-;-;-;-;-;-;-;-;219,47;-;-;-;-;-;-;-
DOLF30C008600;BRBMEFCE1HM0;FINANCIAL;-;-;-;-;-;-;-;-;-;215,172;-;-;-;-;-;-;-
DOLF30C008650;BRBMEFCE1HN8;FINANCIAL;-;-;-;-;-;-;-;-;-;210,725;-;-;-;-;-;-;-
DOLF30C008700;BRBMEFCE1HO6;FINANCIAL;-;-;-;-;-;-;-;-;-;206,664;-;-;-;-;-;-;-
DOLF30C008750;BRBMEFCE1HP3;FINANCIAL;-;-;-;-;-;-;-;-;-;202,716;-;-;-;-;-;-;-
DOLF30C008800;BRBMEFCE1HQ1;FINANCIAL;-;-;-;-;-;-;-;-;-;198,614;-;-;-;-;-;-;-
DOLF30C008850;BRBMEFCE1HR9;FINANCIAL;-;-;-;-;-;-;-;-;-;194,881;-;-;-;-;-;-;-
DOLF30C008900;BRBMEFCE1HS7;FINANCIAL;-;-;-;-;-;-;-;-;-;191,25;-;-;-;-;-;-;-
DOLF30C008950;BRBMEFCE1HT5;FINANCIAL;-;-;-;-;-;-;-;-;-;187,464;-;-;-;-;-;-;-
DOLF30C009000;BRBMEFCE1HU3;FINANCIAL;-;-;-;-;-;-;-;-;-;184,031;-;-;-;-;-;-;-
DOLF30C009050;BRBMEFCE1HV1;FINANCIAL;-;-;-;-;-;-;-;-;-;179,94;-;-;-;-;-;-;-
DOLF30C009100;BRBMEFCE1HW9;FINANCIAL;-;-;-;-;-;-;-;-;-;176,202;-;-;-;-;-;-;-
DOLF30C009150;BRBMEFCE1HX7;FINANCIAL;-;-;-;-;-;-;-;-;-;172,315;-;-;-;-;-;-;-
DOLF30C009200;BRBMEFCE1HY5;FINANCIAL;-;-;-;-;-;-;-;-;-;168,527;-;-;-;-;-;-;-
DOLF30C009250;BRBMEFCE1HZ2;FINANCIAL;-;-;-;-;-;-;-;-;-;164,835;-;-;-;-;-;-;-
DOLF30C009300;BRBMEFCE1I05;FINANCIAL;-;-;-;-;-;-;-;-;-;161,476;-;-;-;-;-;-;-
DOLF30C009350;BRBMEFCE1I13;FINANCIAL;-;-;-;-;-;-;-;-;-;157,968;-;-;-;-;-;-;-
DOLF30C009400;BRBMEFCE1I21;FINANCIAL;-;-;-;-;-;-;-;-;-;154,549;-;-;-;-;-;-;-
DOLF30C009450;BRBMEFCE1I39;FINANCIAL;-;-;-;-;-;-;-;-;-;151,447;-;-;-;-;-;-;-
DOLF30C009500;BRBMEFCE1I47;FINANCIAL;-;-;-;-;-;-;-;-;-;148,196;-;-;-;-;-;-;-
DOLF30C009550;BRBMEFCE1I54;FINANCIAL;-;-;-;-;-;-;-;-;-;145,028;-;-;-;-;-;-;-
DOLF30C009600;BRBMEFCE1I62;FINANCIAL;-;-;-;-;-;-;-;-;-;142,162;-;-;-;-;-;-;-
DOLF30C009650;BRBMEFCE1I70;FINANCIAL;-;-;-;-;-;-;-;-;-;139,149;-;-;-;-;-;-;-
DOLF30C009700;BRBMEFCE1I88;FINANCIAL;-;-;-;-;-;-;-;-;-;136,431;-;-;-;-;-;-;-
DOLF30C009750;BRBMEFCE1I96;FINANCIAL;-;-;-;-;-;-;-;-;-;133,565;-;-;-;-;-;-;-
DOLF30C009800;BRBMEFCE1IA3;FINANCIAL;-;-;-;-;-;-;-;-;-;130,771;-;-;-;-;-;-;-
DOLF30C009850;BRBMEFCE1IB1;FINANCIAL;-;-;-;-;-;-;-;-;-;128,258;-;-;-;-;-;-;-
DOLF30C009900;BRBMEFCE1IC9;FINANCIAL;-;-;-;-;-;-;-;-;-;125,599;-;-;-;-;-;-;-
DOLF30C009950;BRBMEFCE1ID7;FINANCIAL;-;-;-;-;-;-;-;-;-;123,007;-;-;-;-;-;-;-
DOLF30C010000;BRBMEFCE1IE5;FINANCIAL;-;-;-;-;-;-;-;-;-;120,684;-;-;-;-;-;-;-
DOLF30P006000;BRBMEFDE1FC4;FINANCIAL;-;-;-;-;-;-;-;-;-;243,41;-;-;-;-;-;-;-
DOLF30P006050;BRBMEFDE1FD2;FINANCIAL;-;-;-;-;-;-;-;-;-;256,847;-;-;-;-;-;-;-
DOLF30P006100;BRBMEFDE1FE0;FINANCIAL;-;-;-;-;-;-;-;-;-;270,682;-;-;-;-;-;-;-
DOLF30P006150;BRBMEFDE1FF7;FINANCIAL;-;-;-;-;-;-;-;-;-;284,913;-;-;-;-;-;-;-
DOLF30P006200;BRBMEFDE1FG5;FINANCIAL;-;-;-;-;-;-;-;-;-;299,536;-;-;-;-;-;-;-
DOLF30P006250;BRBMEFDE1FH3;FINANCIAL;-;-;-;-;-;-;-;-;-;314,548;-;-;-;-;-;-;-
DOLF30P006300;BRBMEFDE1FI1;FINANCIAL;-;-;-;-;-;-;-;-;-;329,944;-;-;-;-;-;-;-
DOLF30P006350;BRBMEFDE1FJ9;FINANCIAL;-;-;-;-;-;-;-;-;-;346,017;-;-;-;-;-;-;-
DOLF30P006400;BRBMEFDE1FK7;FINANCIAL;-;-;-;-;-;-;-;-;-;362,172;-;-;-;-;-;-;-
DOLF30P006450;BRBMEFDE1FL5;FINANCIAL;-;-;-;-;-;-;-;-;-;378,999;-;-;-;-;-;-;-
DOLF30P006500;BRBMEFDE1FM3;FINANCIAL;-;-;-;-;-;-;-;-;-;396,502;-;-;-;-;-;-;-
DOLF30P006550;BRBMEFDE1FN1;FINANCIAL;-;-;-;-;-;-;-;-;-;414,372;-;-;-;-;-;-;-
DOLF30P006600;BRBMEFDE1FO9;FINANCIAL;-;-;-;-;-;-;-;-;-;432,295;-;-;-;-;-;-;-
DOLF30P006650;BRBMEFDE1FP6;FINANCIAL;-;-;-;-;-;-;-;-;-;450,879;-;-;-;-;-;-;-
DOLF30P006700;BRBMEFDE1FQ4;FINANCIAL;-;-;-;-;-;-;-;-;-;469,811;-;-;-;-;-;-;-
DOLF30P006750;BRBMEFDE1FR2;FINANCIAL;-;-;-;-;-;-;-;-;-;489,082;-;-;-;-;-;-;-
DOLF30P006800;BRBMEFDE1FS0;FINANCIAL;-;-;-;-;-;-;-;-;-;508,687;-;-;-;-;-;-;-
DOLF30P006850;BRBMEFDE1FT8;FINANCIAL;-;-;-;-;-;-;-;-;-;528,617;-;-;-;-;-;-;-
DOLF30P006900;BRBMEFDE1FU6;FINANCIAL;-;-;-;-;-;-;-;-;-;548,865;-;-;-;-;-;-;-
DOLF30P006950;BRBMEFDE1FV4;FINANCIAL;-;-;-;-;-;-;-;-;-;569,424;-;-;-;-;-;-;-
DOLF30P007000;BRBMEFDE1FW2;FINANCIAL;-;-;-;-;-;-;-;-;-;589,969;-;-;-;-;-;-;-
DOLF30P007050;BRBMEFDE1FX0;FINANCIAL;-;-;-;-;-;-;-;-;-;611,128;-;-;-;-;-;-;-
DOLF30P007100;BRBMEFDE1FY8;FINANCIAL;-;-;-;-;-;-;-;-;-;632,893;-;-;-;-;-;-;-
DOLF30P007150;BRBMEFDE1FZ5;FINANCIAL;-;-;-;-;-;-;-;-;-;654,623;-;-;-;-;-;-;-
DOLF30P007200;BRBMEFDE1G05;FINANCIAL;-;-;-;-;-;-;-;-;-;676,628;-;-;-;-;-;-;-
DOLF30P007250;BRBMEFDE1G13;FINANCIAL;-;-;-;-;-;-;-;-;-;698,902;-;-;-;-;-;-;-
DOLF30P007300;BRBMEFDE1G21;FINANCIAL;-;-;-;-;-;-;-;-;-;721,751;-;-;-;-;-;-;-
DOLF30P007350;BRBMEFDE1G39;FINANCIAL;-;-;-;-;-;-;-;-;-;744,539;-;-;-;-;-;-;-
DOLF30P007400;BRBMEFDE1G47;FINANCIAL;-;-;-;-;-;-;-;-;-;767,574;-;-;-;-;-;-;-
DOLF30P007450;BRBMEFDE1G54;FINANCIAL;-;-;-;-;-;-;-;-;-;791,163;-;-;-;-;-;-;-
DOLF30P007500;BRBMEFDE1G62;FINANCIAL;-;-;-;-;-;-;-;-;-;814,671;-;-;-;-;-;-;-
DOLF30P007550;BRBMEFDE1G70;FINANCIAL;-;-;-;-;-;-;-;-;-;838,408;-;-;-;-;-;-;-
DOLF30P007600;BRBMEFDE1G88;FINANCIAL;-;-;-;-;-;-;-;-;-;862,675;-;-;-;-;-;-;-
DOLF30P007650;BRBMEFDE1G96;FINANCIAL;-;-;-;-;-;-;-;-;-;886,847;-;-;-;-;-;-;-
DOLF30P007700;BRBMEFDE1GA6;FINANCIAL;-;-;-;-;-;-;-;-;-;911,534;-;-;-;-;-;-;-
DOLF30P007750;BRBMEFDE1GB4;FINANCIAL;-;-;-;-;-;-;-;-;-;936,117;-;-;-;-;-;-;-
DOLF30P007800;BRBMEFDE1GC2;FINANCIAL;-;-;-;-;-;-;-;-;-;961,201;-;-;-;-;-;-;-
DOLF30P007850;BRBMEFDE1GD0;FINANCIAL;-;-;-;-;-;-;-;-;-;986,171;-;-;-;-;-;-;-
DOLF30P007900;BRBMEFDE1GE8;FINANCIAL;-;-;-;-;-;-;-;-;-;1011,628;-;-;-;-;-;-;-
DOLF30P007950;BRBMEFDE1GF5;FINANCIAL;-;-;-;-;-;-;-;-;-;1036,665;-;-;-;-;-;-;-
DOLF30P008000;BRBMEFDE1GG3;FINANCIAL;-;-;-;-;-;-;-;-;-;1061,882;-;-;-;-;-;-;-
DOLF30P008050;BRBMEFDE1GH1;FINANCIAL;-;-;-;-;-;-;-;-;-;1087,567;-;-;-;-;-;-;-
DOLF30P008100;BRBMEFDE1GI9;FINANCIAL;-;-;-;-;-;-;-;-;-;1113,126;-;-;-;-;-;-;-
DOLF30P008150;BRBMEFDE1GJ7;FINANCIAL;-;-;-;-;-;-;-;-;-;1139,14;-;-;-;-;-;-;-
DOLF30P008200;BRBMEFDE1GK5;FINANCIAL;-;-;-;-;-;-;-;-;-;1165,022;-;-;-;-;-;-;-
DOLF30P008250;BRBMEFDE1GL3;FINANCIAL;-;-;-;-;-;-;-;-;-;1191,06;-;-;-;-;-;-;-
DOLF30P008300;BRBMEFDE1GM1;FINANCIAL;-;-;-;-;-;-;-;-;-;1217,533;-;-;-;-;-;-;-
DOLF30P008350;BRBMEFDE1GN9;FINANCIAL;-;-;-;-;-;-;-;-;-;1243,867;-;-;-;-;-;-;-
DOLF30P008400;BRBMEFDE1GO7;FINANCIAL;-;-;-;-;-;-;-;-;-;1270,623;-;-;-;-;-;-;-
DOLF30P008450;BRBMEFDE1GP4;FINANCIAL;-;-;-;-;-;-;-;-;-;1297,236;-;-;-;-;-;-;-
DOLF30P008500;BRBMEFDE1GQ2;FINANCIAL;-;-;-;-;-;-;-;-;-;1324,259;-;-;-;-;-;-;-
DOLF30P008550;BRBMEFDE1GR0;FINANCIAL;-;-;-;-;-;-;-;-;-;1351,136;-;-;-;-;-;-;-
DOLF30P008600;BRBMEFDE1GS8;FINANCIAL;-;-;-;-;-;-;-;-;-;1378,411;-;-;-;-;-;-;-
DOLF30P008650;BRBMEFDE1GT6;FINANCIAL;-;-;-;-;-;-;-;-;-;1405,536;-;-;-;-;-;-;-
DOLF30P008700;BRBMEFDE1GU4;FINANCIAL;-;-;-;-;-;-;-;-;-;1433,047;-;-;-;-;-;-;-
DOLF30P008750;BRBMEFDE1GV2;FINANCIAL;-;-;-;-;-;-;-;-;-;1460,671;-;-;-;-;-;-;-
DOLF30P008800;BRBMEFDE1GW0;FINANCIAL;-;-;-;-;-;-;-;-;-;1488,141;-;-;-;-;-;-;-
DOLF30P008850;BRBMEFDE1GX8;FINANCIAL;-;-;-;-;-;-;-;-;-;1515,98;-;-;-;-;-;-;-
DOLF30P008900;BRBMEFDE1GY6;FINANCIAL;-;-;-;-;-;-;-;-;-;1543,922;-;-;-;-;-;-;-
DOLF30P008950;BRBMEFDE1GZ3;FINANCIAL;-;-;-;-;-;-;-;-;-;1571,708;-;-;-;-;-;-;-
DOLF30P009000;BRBMEFDE1H04;FINANCIAL;-;-;-;-;-;-;-;-;-;1599,847;-;-;-;-;-;-;-
DOLF30P009050;BRBMEFDE1H12;FINANCIAL;-;-;-;-;-;-;-;-;-;1627,328;-;-;-;-;-;-;-
DOLF30P009100;BRBMEFDE1H20;FINANCIAL;-;-;-;-;-;-;-;-;-;1655,162;-;-;-;-;-;-;-
DOLF30P009150;BRBMEFDE1H38;FINANCIAL;-;-;-;-;-;-;-;-;-;1682,847;-;-;-;-;-;-;-
DOLF30P009200;BRBMEFDE1H46;FINANCIAL;-;-;-;-;-;-;-;-;-;1710,632;-;-;-;-;-;-;-
DOLF30P009250;BRBMEFDE1H53;FINANCIAL;-;-;-;-;-;-;-;-;-;1738,513;-;-;-;-;-;-;-
DOLF30P009300;BRBMEFDE1H61;FINANCIAL;-;-;-;-;-;-;-;-;-;1766,725;-;-;-;-;-;-;-
DOLF30P009350;BRBMEFDE1H79;FINANCIAL;-;-;-;-;-;-;-;-;-;1794,789;-;-;-;-;-;-;-
DOLF30P009400;BRBMEFDE1H87;FINANCIAL;-;-;-;-;-;-;-;-;-;1822,942;-;-;-;-;-;-;-
DOLF30P009450;BRBMEFDE1H95;FINANCIAL;-;-;-;-;-;-;-;-;-;1851,412;-;-;-;-;-;-;-
DOLF30P009500;BRBMEFDE1HA4;FINANCIAL;-;-;-;-;-;-;-;-;-;1879,734;-;-;-;-;-;-;-
DOLF30P009550;BRBMEFDE1HB2;FINANCIAL;-;-;-;-;-;-;-;-;-;1908,138;-;-;-;-;-;-;-
DOLF30P009600;BRBMEFDE1HC0;FINANCIAL;-;-;-;-;-;-;-;-;-;1936,845;-;-;-;-;-;-;-
DOLF30P009650;BRBMEFDE1HD8;FINANCIAL;-;-;-;-;-;-;-;-;-;1965,404;-;-;-;-;-;-;-
DOLF30P009700;BRBMEFDE1HE6;FINANCIAL;-;-;-;-;-;-;-;-;-;1994,258;-;-;-;-;-;-;-
DOLF30P009750;BRBMEFDE1HF3;FINANCIAL;-;-;-;-;-;-;-;-;-;2022,964;-;-;-;-;-;-;-
DOLF30P009800;BRBMEFDE1HG1;FINANCIAL;-;-;-;-;-;-;-;-;-;2051,742;-;-;-;-;-;-;-
DOLF30P009850;BRBMEFDE1HH9;FINANCIAL;-;-;-;-;-;-;-;-;-;2080,801;-;-;-;-;-;-;-
DOLF30P009900;BRBMEFDE1HI7;FINANCIAL;-;-;-;-;-;-;-;-;-;2109,715;-;-;-;-;-;-;-
DOLF30P009950;BRBMEFDE1HJ5;FINANCIAL;-;-;-;-;-;-;-;-;-;2138,695;-;-;-;-;-;-;-
DOLF30P010000;BRBMEFDE1HK3;FINANCIAL;-;-;-;-;-;-;-;-;-;2167,944;-;-;-;-;-;-;-
DOLF31C007000;BRBMEFCE1KY9;FINANCIAL;-;-;-;-;-;-;-;-;-;593,528;-;-;-;-;-;-;-
DOLF31C007100;BRBMEFCE1KZ6;FINANCIAL;-;-;-;-;-;-;-;-;-;570,053;-;-;-;-;-;-;-
DOLF31C007200;BRBMEFCE1L00;FINANCIAL;-;-;-;-;-;-;-;-;-;547,595;-;-;-;-;-;-;-
DOLF31C007300;BRBMEFCE1L18;FINANCIAL;-;-;-;-;-;-;-;-;-;526,455;-;-;-;-;-;-;-
DOLF31C007400;BRBMEFCE1L26;FINANCIAL;-;-;-;-;-;-;-;-;-;505,93;-;-;-;-;-;-;-
DOLF31C007500;BRBMEFCE1L34;FINANCIAL;-;-;-;-;-;-;-;-;-;486,656;-;-;-;-;-;-;-
DOLF31C007600;BRBMEFCE1L42;FINANCIAL;-;-;-;-;-;-;-;-;-;468,261;-;-;-;-;-;-;-
DOLF31C007650;BRBMEFCE1LI0;FINANCIAL;-;-;-;-;-;-;-;-;-;459,382;-;-;-;-;-;-;-
DOLF31C007700;BRBMEFCE1L59;FINANCIAL;-;-;-;-;-;-;-;-;-;450,369;-;-;-;-;-;-;-
DOLF31C007800;BRBMEFCE1L67;FINANCIAL;-;-;-;-;-;-;-;-;-;433,626;-;-;-;-;-;-;-
DOLF31C007900;BRBMEFCE1L75;FINANCIAL;-;-;-;-;-;-;-;-;-;417,656;-;-;-;-;-;-;-
DOLF31C008000;BRBMEFCE1L83;FINANCIAL;-;-;-;-;-;-;-;-;-;402,427;-;-;-;-;-;-;-
DOLF31C008100;BRBMEFCE1L91;FINANCIAL;-;-;-;-;-;-;-;-;-;387,904;-;-;-;-;-;-;-
DOLF31C008200;BRBMEFCE1LA7;FINANCIAL;-;-;-;-;-;-;-;-;-;374,056;-;-;-;-;-;-;-
DOLF31C008300;BRBMEFCE1LB5;FINANCIAL;-;-;-;-;-;-;-;-;-;360,853;-;-;-;-;-;-;-
DOLF31C008400;BRBMEFCE1LC3;FINANCIAL;-;-;-;-;-;-;-;-;-;348,262;-;-;-;-;-;-;-
DOLF31C008500;BRBMEFCE1LD1;FINANCIAL;-;-;-;-;-;-;-;-;-;336,587;-;-;-;-;-;-;-
DOLF31C008600;BRBMEFCE1LE9;FINANCIAL;-;-;-;-;-;-;-;-;-;325,137;-;-;-;-;-;-;-
DOLF31C008700;BRBMEFCE1LF6;FINANCIAL;-;-;-;-;-;-;-;-;-;314,216;-;-;-;-;-;-;-
DOLF31P007000;BRBMEFDE1K41;FINANCIAL;-;-;-;-;-;-;-;-;-;428,6;-;-;-;-;-;-;-
DOLF31P007100;BRBMEFDE1K58;FINANCIAL;-;-;-;-;-;-;-;-;-;460,41;-;-;-;-;-;-;-
DOLF31P007200;BRBMEFDE1K66;FINANCIAL;-;-;-;-;-;-;-;-;-;493,237;-;-;-;-;-;-;-
DOLF31P007300;BRBMEFDE1K74;FINANCIAL;-;-;-;-;-;-;-;-;-;527,382;-;-;-;-;-;-;-
DOLF31P007400;BRBMEFDE1K82;FINANCIAL;-;-;-;-;-;-;-;-;-;562,141;-;-;-;-;-;-;-
DOLF31P007500;BRBMEFDE1K90;FINANCIAL;-;-;-;-;-;-;-;-;-;598,152;-;-;-;-;-;-;-
DOLF31P007600;BRBMEFDE1KA8;FINANCIAL;-;-;-;-;-;-;-;-;-;635,043;-;-;-;-;-;-;-
DOLF31P007650;BRBMEFDE1KO9;FINANCIAL;-;-;-;-;-;-;-;-;-;653,806;-;-;-;-;-;-;-
DOLF31P007700;BRBMEFDE1KB6;FINANCIAL;-;-;-;-;-;-;-;-;-;672,436;-;-;-;-;-;-;-
DOLF31P007800;BRBMEFDE1KC4;FINANCIAL;-;-;-;-;-;-;-;-;-;710,977;-;-;-;-;-;-;-
DOLF31P007900;BRBMEFDE1KD2;FINANCIAL;-;-;-;-;-;-;-;-;-;750,293;-;-;-;-;-;-;-
DOLF31P008000;BRBMEFDE1KE0;FINANCIAL;-;-;-;-;-;-;-;-;-;790,349;-;-;-;-;-;-;-
DOLF31P008100;BRBMEFDE1KF7;FINANCIAL;-;-;-;-;-;-;-;-;-;831,111;-;-;-;-;-;-;-
DOLF31P008200;BRBMEFDE1KG5;FINANCIAL;-;-;-;-;-;-;-;-;-;872,548;-;-;-;-;-;-;-
DOLF31P008300;BRBMEFDE1KH3;FINANCIAL;-;-;-;-;-;-;-;-;-;914,629;-;-;-;-;-;-;-
DOLF31P008400;BRBMEFDE1KI1;FINANCIAL;-;-;-;-;-;-;-;-;-;957,324;-;-;-;-;-;-;-
DOLF31P008500;BRBMEFDE1KJ9;FINANCIAL;-;-;-;-;-;-;-;-;-;1000,934;-;-;-;-;-;-;-
DOLF31P008600;BRBMEFDE1KK7;FINANCIAL;-;-;-;-;-;-;-;-;-;1044,769;-;-;-;-;-;-;-
DOLF31P008700;BRBMEFDE1KL5;FINANCIAL;-;-;-;-;-;-;-;-;-;1089,133;-;-;-;-;-;-;-
DOLG27C004400;BRBMEFDL0285;FINANCIAL;-;-;-;-;-;-;-;-;-;940,043;-;-;-;-;-;-;-
DOLG27C004900;BRBMEFDL01X8;FINANCIAL;-;-;-;-;-;-;-;-;-;516,767;-;-;-;-;-;-;-
DOLG27C004950;BRBMEFDL01Y6;FINANCIAL;-;-;-;-;-;-;-;-;-;480,184;-;-;-;-;-;-;-
DOLG27C005000;BRBMEFDL01Z3;FINANCIAL;-;-;-;-;-;-;-;-;-;444,939;-;-;-;-;-;-;-
DOLG27C005050;BRBMEFDL0202;FINANCIAL;-;-;-;-;-;-;-;-;-;411,319;-;-;-;-;-;-;-
DOLG27C005100;BRBMEFDL0210;FINANCIAL;-;-;-;-;-;-;-;-;-;379,285;-;-;-;-;-;-;-
DOLG27C005150;BRBMEFDL0228;FINANCIAL;-;-;-;-;-;-;-;-;-;349,15;-;-;-;-;-;-;-
DOLG27C005200;BRBMEFDL0236;FINANCIAL;-;-;-;-;-;-;-;-;-;320,563;-;-;-;-;-;-;-
DOLG27C005250;BRBMEFDL01T6;FINANCIAL;-;-;-;-;-;-;-;-;-;293,66;-;-;-;-;-;-;-
DOLG27C005300;BRBMEFDL0244;FINANCIAL;-;-;-;-;-;-;-;-;-;270,072;-;-;-;-;-;-;-
DOLG27C005350;BRBMEFDL0251;FINANCIAL;-;-;-;-;-;-;-;-;-;248,203;-;-;-;-;-;-;-
DOLG27C005400;BRBMEFDL01W0;FINANCIAL;-;-;-;-;-;-;-;-;-;227,985;-;-;-;-;-;-;-
DOLG27C005450;BRBMEFDL0269;FINANCIAL;-;-;-;-;-;-;-;-;-;209,489;-;-;-;-;-;-;-
DOLG27C005500;BRBMEFDL0277;FINANCIAL;-;-;-;-;-;-;-;-;-;192,323;-;-;-;-;-;-;-
DOLG27C005600;BRBMEFDL01U4;FINANCIAL;-;-;-;-;-;-;-;-;-;162,391;-;-;-;-;-;-;-
DOLG27C005750;BRBMEFDL01V2;FINANCIAL;-;-;-;-;-;-;-;-;-;126,211;-;-;-;-;-;-;-
DOLG27C005800;BRBMEFDL02B2;FINANCIAL;-;-;-;-;-;-;-;-;-;116,081;-;-;-;-;-;-;-
DOLG27C006200;BRBMEFDL0293;FINANCIAL;-;-;-;-;-;-;-;-;-;58,359;-;-;-;-;-;-;-
DOLG27C006450;BRBMEFDL02A4;FINANCIAL;-;-;-;-;-;-;-;-;-;38,086;-;-;-;-;-;-;-
DOLG27P004400;BRBMEFLD02A4;FINANCIAL;-;-;-;-;-;-;-;-;-;3,325;-;-;-;-;-;-;-
DOLG27P004900;BRBMEFLD01Z3;FINANCIAL;-;-;-;-;-;-;-;-;-;43,008;-;-;-;-;-;-;-
DOLG27P004950;BRBMEFLD0202;FINANCIAL;-;-;-;-;-;-;-;-;-;52,721;-;-;-;-;-;-;-
DOLG27P005000;BRBMEFLD0210;FINANCIAL;-;-;-;-;-;-;-;-;-;63,772;-;-;-;-;-;-;-
DOLG27P005050;BRBMEFLD0228;FINANCIAL;-;-;-;-;-;-;-;-;-;76,448;-;-;-;-;-;-;-
DOLG27P005100;BRBMEFLD0236;FINANCIAL;-;-;-;-;-;-;-;-;-;90,71;-;-;-;-;-;-;-
DOLG27P005150;BRBMEFLD0244;FINANCIAL;-;-;-;-;-;-;-;-;-;106,871;-;-;-;-;-;-;-
DOLG27P005200;BRBMEFLD0251;FINANCIAL;-;-;-;-;-;-;-;-;-;124,58;-;-;-;-;-;-;-
DOLG27P005250;BRBMEFLD01V2;FINANCIAL;-;-;-;-;-;-;-;-;-;143,973;-;-;-;-;-;-;-
DOLG27P005300;BRBMEFLD0269;FINANCIAL;-;-;-;-;-;-;-;-;-;166,681;-;-;-;-;-;-;-
DOLG27P005350;BRBMEFLD0277;FINANCIAL;-;-;-;-;-;-;-;-;-;191,108;-;-;-;-;-;-;-
DOLG27P005400;BRBMEFLD01Y6;FINANCIAL;-;-;-;-;-;-;-;-;-;217,186;-;-;-;-;-;-;-
DOLG27P005450;BRBMEFLD0285;FINANCIAL;-;-;-;-;-;-;-;-;-;244,985;-;-;-;-;-;-;-
DOLG27P005500;BRBMEFLD0293;FINANCIAL;-;-;-;-;-;-;-;-;-;274,116;-;-;-;-;-;-;-
DOLG27P005600;BRBMEFLD01W0;FINANCIAL;-;-;-;-;-;-;-;-;-;336,775;-;-;-;-;-;-;-
DOLG27P005750;BRBMEFLD01X8;FINANCIAL;-;-;-;-;-;-;-;-;-;439,484;-;-;-;-;-;-;-
DOLG27P005800;BRBMEFLD02D8;FINANCIAL;-;-;-;-;-;-;-;-;-;475,649;-;-;-;-;-;-;-
DOLG27P006200;BRBMEFLD02B2;FINANCIAL;-;-;-;-;-;-;-;-;-;788,295;-;-;-;-;-;-;-
DOLG27P006450;BRBMEFLD02C0;FINANCIAL;-;-;-;-;-;-;-;-;-;999,501;-;-;-;-;-;-;-
DOLH27C004900;BRBMEFPC01R3;FINANCIAL;-;-;-;-;-;-;-;-;-;542,229;-;-;-;-;-;-;-
DOLH27C004950;BRBMEFPC01S1;FINANCIAL;-;-;-;-;-;-;-;-;-;505,838;-;-;-;-;-;-;-
DOLH27C005000;BRBMEFPC01T9;FINANCIAL;-;-;-;-;-;-;-;-;-;470,871;-;-;-;-;-;-;-
DOLH27C005050;BRBMEFPC01U7;FINANCIAL;-;-;-;-;-;-;-;-;-;437,3;-;-;-;-;-;-;-
DOLH27C005100;BRBMEFPC01V5;FINANCIAL;-;-;-;-;-;-;-;-;-;405,312;-;-;-;-;-;-;-
DOLH27C005150;BRBMEFPC01W3;FINANCIAL;-;-;-;-;-;-;-;-;-;374,976;-;-;-;-;-;-;-
DOLH27C005200;BRBMEFPC01X1;FINANCIAL;-;-;-;-;-;-;-;-;-;346,339;-;-;-;-;-;-;-
DOLH27C005250;BRBMEFPC01Y9;FINANCIAL;-;-;-;-;-;-;-;-;-;319,13;-;-;-;-;-;-;-
DOLH27C005300;BRBMEFPC01Z6;FINANCIAL;-;-;-;-;-;-;-;-;-;294,42;-;-;-;-;-;-;-
DOLH27C005350;BRBMEFPC0209;FINANCIAL;-;-;-;-;-;-;-;-;-;271,937;-;-;-;-;-;-;-
DOLH27C005400;BRBMEFPC0217;FINANCIAL;-;-;-;-;-;-;-;-;-;251,183;-;-;-;-;-;-;-
DOLH27C005450;BRBMEFPC0225;FINANCIAL;-;-;-;-;-;-;-;-;-;231,936;-;-;-;-;-;-;-
DOLH27C005500;BRBMEFPC0233;FINANCIAL;-;-;-;-;-;-;-;-;-;214,281;-;-;-;-;-;-;-
DOLH27C005550;BRBMEFPC0241;FINANCIAL;-;-;-;-;-;-;-;-;-;197,82;-;-;-;-;-;-;-
DOLH27C005600;BRBMEFPC0274;FINANCIAL;-;-;-;-;-;-;-;-;-;182,634;-;-;-;-;-;-;-
DOLH27C005800;BRBMEFPC0258;FINANCIAL;-;-;-;-;-;-;-;-;-;133,35;-;-;-;-;-;-;-
DOLH27C005850;BRBMEFPC0266;FINANCIAL;-;-;-;-;-;-;-;-;-;123,358;-;-;-;-;-;-;-
DOLH27C005900;BRBMEFPC0282;FINANCIAL;-;-;-;-;-;-;-;-;-;114,327;-;-;-;-;-;-;-
DOLH27C006000;BRBMEFPC0290;FINANCIAL;-;-;-;-;-;-;-;-;-;98,317;-;-;-;-;-;-;-
DOLH27P004900;BRBMEFOP01X6;FINANCIAL;-;-;-;-;-;-;-;-;-;46,208;-;-;-;-;-;-;-
DOLH27P004950;BRBMEFOP01Y4;FINANCIAL;-;-;-;-;-;-;-;-;-;55,679;-;-;-;-;-;-;-
DOLH27P005000;BRBMEFOP01Z1;FINANCIAL;-;-;-;-;-;-;-;-;-;66,572;-;-;-;-;-;-;-
DOLH27P005050;BRBMEFOP0205;FINANCIAL;-;-;-;-;-;-;-;-;-;78,862;-;-;-;-;-;-;-
DOLH27P005100;BRBMEFOP0213;FINANCIAL;-;-;-;-;-;-;-;-;-;92,735;-;-;-;-;-;-;-
DOLH27P005150;BRBMEFOP0221;FINANCIAL;-;-;-;-;-;-;-;-;-;108,259;-;-;-;-;-;-;-
DOLH27P005200;BRBMEFOP0239;FINANCIAL;-;-;-;-;-;-;-;-;-;125,484;-;-;-;-;-;-;-
DOLH27P005250;BRBMEFOP0247;FINANCIAL;-;-;-;-;-;-;-;-;-;144,136;-;-;-;-;-;-;-
DOLH27P005300;BRBMEFOP0254;FINANCIAL;-;-;-;-;-;-;-;-;-;165,286;-;-;-;-;-;-;-
DOLH27P005350;BRBMEFOP0262;FINANCIAL;-;-;-;-;-;-;-;-;-;188,664;-;-;-;-;-;-;-
DOLH27P005400;BRBMEFOP0270;FINANCIAL;-;-;-;-;-;-;-;-;-;213,771;-;-;-;-;-;-;-
DOLH27P005450;BRBMEFOP0288;FINANCIAL;-;-;-;-;-;-;-;-;-;240,385;-;-;-;-;-;-;-
DOLH27P005500;BRBMEFOP0296;FINANCIAL;-;-;-;-;-;-;-;-;-;268,591;-;-;-;-;-;-;-
DOLH27P005550;BRBMEFOP02A2;FINANCIAL;-;-;-;-;-;-;-;-;-;297,991;-;-;-;-;-;-;-
DOLH27P005600;BRBMEFOP02D6;FINANCIAL;-;-;-;-;-;-;-;-;-;328,666;-;-;-;-;-;-;-
DOLH27P005800;BRBMEFOP02B0;FINANCIAL;-;-;-;-;-;-;-;-;-;462,826;-;-;-;-;-;-;-
DOLH27P005850;BRBMEFOP02C8;FINANCIAL;-;-;-;-;-;-;-;-;-;498,694;-;-;-;-;-;-;-
DOLH27P005900;BRBMEFOP02E4;FINANCIAL;-;-;-;-;-;-;-;-;-;535,524;-;-;-;-;-;-;-
DOLH27P006000;BRBMEFOP02F1;FINANCIAL;-;-;-;-;-;-;-;-;-;611,236;-;-;-;-;-;-;-
DOLJ27C004250;BRBMEFCL19J1;FINANCIAL;-;-;-;-;-;-;-;-;-;1115,835;-;-;-;-;-;-;-
DOLJ27C004450;BRBMEFCL19K9;FINANCIAL;-;-;-;-;-;-;-;-;-;939,214;-;-;-;-;-;-;-
DOLJ27C004600;BRBMEFCL19I3;FINANCIAL;-;-;-;-;-;-;-;-;-;810,549;-;-;-;-;-;-;-
DOLJ27C004900;BRBMEFCL19C6;FINANCIAL;-;-;-;-;-;-;-;-;-;572,669;-;-;-;-;-;-;-
DOLJ27C004950;BRBMEFCL19D4;FINANCIAL;-;-;-;-;-;-;-;-;-;536,827;-;-;-;-;-;-;-
DOLJ27C005000;BRBMEFCL13X5;FINANCIAL;-;-;-;-;-;-;-;-;-;502,101;-;-;-;-;-;-;-
DOLJ27C005050;BRBMEFCL19E2;FINANCIAL;-;-;-;-;-;-;-;-;-;468,784;-;-;-;-;-;-;-
DOLJ27C005100;BRBMEFCL13Y3;FINANCIAL;-;-;-;-;-;-;-;-;-;436,815;-;-;-;-;-;-;-
DOLJ27C005150;BRBMEFCL19F9;FINANCIAL;-;-;-;-;-;-;-;-;-;407,39;-;-;-;-;-;-;-
DOLJ27C005200;BRBMEFCL13Z0;FINANCIAL;-;-;-;-;-;-;-;-;-;379,336;-;-;-;-;-;-;-
DOLJ27C005250;BRBMEFCL19G7;FINANCIAL;-;-;-;-;-;-;-;-;-;352,791;-;-;-;-;-;-;-
DOLJ27C005300;BRBMEFCL1409;FINANCIAL;-;-;-;-;-;-;-;-;-;327,903;-;-;-;-;-;-;-
DOLJ27C005350;BRBMEFCL17C0;FINANCIAL;-;-;-;-;-;-;-;-;-;304,163;-;-;-;-;-;-;-
DOLJ27C005400;BRBMEFCL1417;FINANCIAL;270;270;270;270;270;30,43;-;-;-;281,856;-;-;-;-;1;10;135000
DOLJ27C005450;BRBMEFCL19H5;FINANCIAL;-;-;-;-;-;-;-;-;-;260,947;-;-;-;-;-;-;-
DOLJ27C005500;BRBMEFCL1425;FINANCIAL;-;-;-;-;-;-;-;-;-;241,387;-;-;-;-;-;-;-
DOLJ27C005600;BRBMEFCL1433;FINANCIAL;-;-;-;-;-;-;-;-;-;207,82;-;-;-;-;-;-;-
DOLJ27C005700;BRBMEFCL1441;FINANCIAL;-;-;-;-;-;-;-;-;-;179,44;-;-;-;-;-;-;-
DOLJ27C005750;BRBMEFCL14L8;FINANCIAL;-;-;-;-;-;-;-;-;-;166,906;-;-;-;-;-;-;-
DOLJ27C005800;BRBMEFCL1458;FINANCIAL;-;-;-;-;-;-;-;-;-;155,166;-;-;-;-;-;-;-
DOLJ27C005850;BRBMEFCL14M6;FINANCIAL;-;-;-;-;-;-;-;-;-;144,162;-;-;-;-;-;-;-
DOLJ27C005900;BRBMEFCL1466;FINANCIAL;-;-;-;-;-;-;-;-;-;134,152;-;-;-;-;-;-;-
DOLJ27C005950;BRBMEFCL14N4;FINANCIAL;-;-;-;-;-;-;-;-;-;124,913;-;-;-;-;-;-;-
DOLJ27C006000;BRBMEFCL1474;FINANCIAL;-;-;-;-;-;-;-;-;-;116,389;-;-;-;-;-;-;-
DOLJ27C006050;BRBMEFCL14O2;FINANCIAL;-;-;-;-;-;-;-;-;-;108,524;-;-;-;-;-;-;-
DOLJ27C006100;BRBMEFCL1482;FINANCIAL;-;-;-;-;-;-;-;-;-;101,27;-;-;-;-;-;-;-
DOLJ27C006150;BRBMEFCL14P9;FINANCIAL;-;-;-;-;-;-;-;-;-;93,915;-;-;-;-;-;-;-
DOLJ27C006200;BRBMEFCL1490;FINANCIAL;-;-;-;-;-;-;-;-;-;86,996;-;-;-;-;-;-;-
DOLJ27C006250;BRBMEFCL14Q7;FINANCIAL;-;-;-;-;-;-;-;-;-;80,608;-;-;-;-;-;-;-
DOLJ27C006300;BRBMEFCL14A1;FINANCIAL;-;-;-;-;-;-;-;-;-;74,713;-;-;-;-;-;-;-
DOLJ27C006400;BRBMEFCL15N1;FINANCIAL;-;-;-;-;-;-;-;-;-;64,255;-;-;-;-;-;-;-
DOLJ27C006500;BRBMEFCL15L5;FINANCIAL;-;-;-;-;-;-;-;-;-;55,456;-;-;-;-;-;-;-
DOLJ27C006600;BRBMEFCL15O9;FINANCIAL;-;-;-;-;-;-;-;-;-;47,968;-;-;-;-;-;-;-
DOLJ27C006700;BRBMEFCL15P6;FINANCIAL;-;-;-;-;-;-;-;-;-;41,676;-;-;-;-;-;-;-
DOLJ27C006800;BRBMEFCL15Q4;FINANCIAL;-;-;-;-;-;-;-;-;-;36,236;-;-;-;-;-;-;-
DOLJ27C006900;BRBMEFCL15R2;FINANCIAL;-;-;-;-;-;-;-;-;-;30,969;-;-;-;-;-;-;-
DOLJ27C006950;BRBMEFCL17B2;FINANCIAL;-;-;-;-;-;-;-;-;-;28,576;-;-;-;-;-;-;-
DOLJ27C007000;BRBMEFCL15S0;FINANCIAL;-;-;-;-;-;-;-;-;-;26,372;-;-;-;-;-;-;-
DOLJ27C007100;BRBMEFCL15T8;FINANCIAL;-;-;-;-;-;-;-;-;-;22,473;-;-;-;-;-;-;-
DOLJ27C007200;BRBMEFCL15U6;FINANCIAL;-;-;-;-;-;-;-;-;-;19,119;-;-;-;-;-;-;-
DOLJ27C007300;BRBMEFCL15V4;FINANCIAL;-;-;-;-;-;-;-;-;-;16,323;-;-;-;-;-;-;-
DOLJ27C007400;BRBMEFCL15M3;FINANCIAL;-;-;-;-;-;-;-;-;-;13,639;-;-;-;-;-;-;-
DOLJ27C007500;BRBMEFCL15W2;FINANCIAL;-;-;-;-;-;-;-;-;-;11,388;-;-;-;-;-;-;-
DOLJ27P004250;BRBMEFVDEAB5;FINANCIAL;-;-;-;-;-;-;-;-;-;2,375;-;-;-;-;-;-;-
DOLJ27P004450;BRBMEFVDEAC3;FINANCIAL;-;-;-;-;-;-;-;-;-;7,106;-;-;-;-;-;-;-
DOLJ27P004600;BRBMEFVDEAA7;FINANCIAL;-;-;-;-;-;-;-;-;-;14,456;-;-;-;-;-;-;-
DOLJ27P004900;BRBMEFVDEA46;FINANCIAL;-;-;-;-;-;-;-;-;-;48,604;-;-;-;-;-;-;-
DOLJ27P004950;BRBMEFVDEA53;FINANCIAL;-;-;-;-;-;-;-;-;-;58,1;-;-;-;-;-;-;-
DOLJ27P005000;BRBMEFVDE4P5;FINANCIAL;-;-;-;-;-;-;-;-;-;68,712;-;-;-;-;-;-;-
DOLJ27P005050;BRBMEFVDEA61;FINANCIAL;-;-;-;-;-;-;-;-;-;80,734;-;-;-;-;-;-;-
DOLJ27P005100;BRBMEFVDE4Q3;FINANCIAL;-;-;-;-;-;-;-;-;-;94,102;-;-;-;-;-;-;-
DOLJ27P005150;BRBMEFVDEA79;FINANCIAL;-;-;-;-;-;-;-;-;-;110,015;-;-;-;-;-;-;-
DOLJ27P005200;BRBMEFVDE4R1;FINANCIAL;-;-;-;-;-;-;-;-;-;127,3;-;-;-;-;-;-;-
DOLJ27P005250;BRBMEFVDEA87;FINANCIAL;-;-;-;-;-;-;-;-;-;146,092;-;-;-;-;-;-;-
DOLJ27P005300;BRBMEFVDE4S9;FINANCIAL;-;-;-;-;-;-;-;-;-;166,542;-;-;-;-;-;-;-
DOLJ27P005350;BRBMEFVDE843;FINANCIAL;-;-;-;-;-;-;-;-;-;188,14;-;-;-;-;-;-;-
DOLJ27P005400;BRBMEFVDE4T7;FINANCIAL;-;-;-;-;-;-;-;-;-;211,172;-;-;-;-;-;-;-
DOLJ27P005450;BRBMEFVDEA95;FINANCIAL;-;-;-;-;-;-;-;-;-;235,6;-;-;-;-;-;-;-
DOLJ27P005500;BRBMEFVDE4U5;FINANCIAL;-;-;-;-;-;-;-;-;-;261,379;-;-;-;-;-;-;-
DOLJ27P005600;BRBMEFVDE4V3;FINANCIAL;-;-;-;-;-;-;-;-;-;318,488;-;-;-;-;-;-;-
DOLJ27P005700;BRBMEFVDE4W1;FINANCIAL;-;-;-;-;-;-;-;-;-;380,784;-;-;-;-;-;-;-
DOLJ27P005750;BRBMEFVDE5D8;FINANCIAL;-;-;-;-;-;-;-;-;-;413,588;-;-;-;-;-;-;-
DOLJ27P005800;BRBMEFVDE4X9;FINANCIAL;-;-;-;-;-;-;-;-;-;447,186;-;-;-;-;-;-;-
DOLJ27P005850;BRBMEFVDE5E6;FINANCIAL;-;-;-;-;-;-;-;-;-;481,521;-;-;-;-;-;-;-
DOLJ27P005900;BRBMEFVDE4Y7;FINANCIAL;-;-;-;-;-;-;-;-;-;516,849;-;-;-;-;-;-;-
DOLJ27P005950;BRBMEFVDE5F3;FINANCIAL;-;-;-;-;-;-;-;-;-;552,948;-;-;-;-;-;-;-
DOLJ27P006000;BRBMEFVDE4Z4;FINANCIAL;-;-;-;-;-;-;-;-;-;589,761;-;-;-;-;-;-;-
DOLJ27P006050;BRBMEFVDE5G1;FINANCIAL;-;-;-;-;-;-;-;-;-;627,235;-;-;-;-;-;-;-
DOLJ27P006100;BRBMEFVDE504;FINANCIAL;-;-;-;-;-;-;-;-;-;665,319;-;-;-;-;-;-;-
DOLJ27P006150;BRBMEFVDE5H9;FINANCIAL;-;-;-;-;-;-;-;-;-;703,302;-;-;-;-;-;-;-
DOLJ27P006200;BRBMEFVDE512;FINANCIAL;-;-;-;-;-;-;-;-;-;741,721;-;-;-;-;-;-;-
DOLJ27P006250;BRBMEFVDE5I7;FINANCIAL;-;-;-;-;-;-;-;-;-;780,672;-;-;-;-;-;-;-
DOLJ27P006300;BRBMEFVDE520;FINANCIAL;-;-;-;-;-;-;-;-;-;820,114;-;-;-;-;-;-;-
DOLJ27P006400;BRBMEFVDE6F1;FINANCIAL;-;-;-;-;-;-;-;-;-;900,332;-;-;-;-;-;-;-
DOLJ27P006500;BRBMEFVDE6D6;FINANCIAL;-;-;-;-;-;-;-;-;-;982,21;-;-;-;-;-;-;-
DOLJ27P006600;BRBMEFVDE6G9;FINANCIAL;-;-;-;-;-;-;-;-;-;1065,398;-;-;-;-;-;-;-
DOLJ27P006700;BRBMEFVDE6H7;FINANCIAL;-;-;-;-;-;-;-;-;-;1149,782;-;-;-;-;-;-;-
DOLJ27P006800;BRBMEFVDE6I5;FINANCIAL;-;-;-;-;-;-;-;-;-;1235,018;-;-;-;-;-;-;-
DOLJ27P006900;BRBMEFVDE6J3;FINANCIAL;-;-;-;-;-;-;-;-;-;1320,428;-;-;-;-;-;-;-
DOLJ27P006950;BRBMEFVDE835;FINANCIAL;-;-;-;-;-;-;-;-;-;1363,372;-;-;-;-;-;-;-
DOLJ27P007000;BRBMEFVDE6K1;FINANCIAL;-;-;-;-;-;-;-;-;-;1406,506;-;-;-;-;-;-;-
DOLJ27P007100;BRBMEFVDE6L9;FINANCIAL;-;-;-;-;-;-;-;-;-;1493,284;-;-;-;-;-;-;-
DOLJ27P007200;BRBMEFVDE6M7;FINANCIAL;-;-;-;-;-;-;-;-;-;1580,606;-;-;-;-;-;-;-
DOLJ27P007300;BRBMEFVDE6N5;FINANCIAL;-;-;-;-;-;-;-;-;-;1668,486;-;-;-;-;-;-;-
DOLJ27P007400;BRBMEFVDE6E4;FINANCIAL;-;-;-;-;-;-;-;-;-;1756,478;-;-;-;-;-;-;-
DOLJ27P007500;BRBMEFVDE6O3;FINANCIAL;-;-;-;-;-;-;-;-;-;1844,903;-;-;-;-;-;-;-
DOLJ28C005800;BRBMEFCL1839;FINANCIAL;-;-;-;-;-;-;-;-;-;414,621;-;-;-;-;-;-;-
DOLJ28C005900;BRBMEFCL1847;FINANCIAL;-;-;-;-;-;-;-;-;-;380,321;-;-;-;-;-;-;-
DOLJ28C006000;BRBMEFCL1854;FINANCIAL;-;-;-;-;-;-;-;-;-;349,003;-;-;-;-;-;-;-
DOLJ28C006100;BRBMEFCL1862;FINANCIAL;-;-;-;-;-;-;-;-;-;321,006;-;-;-;-;-;-;-
DOLJ28C006200;BRBMEFCL1870;FINANCIAL;-;-;-;-;-;-;-;-;-;295,661;-;-;-;-;-;-;-
DOLJ28C006300;BRBMEFCL1888;FINANCIAL;-;-;-;-;-;-;-;-;-;272,782;-;-;-;-;-;-;-
DOLJ28C006400;BRBMEFCL1896;FINANCIAL;-;-;-;-;-;-;-;-;-;251,941;-;-;-;-;-;-;-
DOLJ28C006500;BRBMEFCL18A2;FINANCIAL;-;-;-;-;-;-;-;-;-;232,969;-;-;-;-;-;-;-
DOLJ28C006600;BRBMEFCL18B0;FINANCIAL;-;-;-;-;-;-;-;-;-;215,472;-;-;-;-;-;-;-
DOLJ28C006700;BRBMEFCL18C8;FINANCIAL;-;-;-;-;-;-;-;-;-;199,542;-;-;-;-;-;-;-
DOLJ28C006800;BRBMEFCL18D6;FINANCIAL;-;-;-;-;-;-;-;-;-;185,038;-;-;-;-;-;-;-
DOLJ28C006900;BRBMEFCL18E4;FINANCIAL;-;-;-;-;-;-;-;-;-;172,044;-;-;-;-;-;-;-
DOLJ28C007000;BRBMEFCL18F1;FINANCIAL;-;-;-;-;-;-;-;-;-;160,009;-;-;-;-;-;-;-
DOLJ28C007100;BRBMEFCL18G9;FINANCIAL;-;-;-;-;-;-;-;-;-;149,242;-;-;-;-;-;-;-
DOLJ28C007200;BRBMEFCL18H7;FINANCIAL;-;-;-;-;-;-;-;-;-;138,275;-;-;-;-;-;-;-
DOLJ28C007500;BRBMEFCL18X4;FINANCIAL;-;-;-;-;-;-;-;-;-;109,686;-;-;-;-;-;-;-
DOLJ28C008000;BRBMEFCL18Y2;FINANCIAL;-;-;-;-;-;-;-;-;-;76,363;-;-;-;-;-;-;-
DOLJ28C008500;BRBMEFCL18Z9;FINANCIAL;-;-;-;-;-;-;-;-;-;55,189;-;-;-;-;-;-;-
DOLJ28C009000;BRBMEFCL1904;FINANCIAL;-;-;-;-;-;-;-;-;-;38,306;-;-;-;-;-;-;-
DOLJ28P005800;BRBMEFVDE8V4;FINANCIAL;-;-;-;-;-;-;-;-;-;326,08;-;-;-;-;-;-;-
DOLJ28P005900;BRBMEFVDE8W2;FINANCIAL;-;-;-;-;-;-;-;-;-;371,247;-;-;-;-;-;-;-
DOLJ28P006000;BRBMEFVDE8X0;FINANCIAL;-;-;-;-;-;-;-;-;-;419,395;-;-;-;-;-;-;-
DOLJ28P006100;BRBMEFVDE8Y8;FINANCIAL;-;-;-;-;-;-;-;-;-;470,865;-;-;-;-;-;-;-
DOLJ28P006200;BRBMEFVDE8Z5;FINANCIAL;-;-;-;-;-;-;-;-;-;524,986;-;-;-;-;-;-;-
DOLJ28P006300;BRBMEFVDE900;FINANCIAL;-;-;-;-;-;-;-;-;-;581,573;-;-;-;-;-;-;-
DOLJ28P006400;BRBMEFVDE918;FINANCIAL;-;-;-;-;-;-;-;-;-;640,2;-;-;-;-;-;-;-
DOLJ28P006500;BRBMEFVDE926;FINANCIAL;-;-;-;-;-;-;-;-;-;700,693;-;-;-;-;-;-;-
DOLJ28P006600;BRBMEFVDE934;FINANCIAL;-;-;-;-;-;-;-;-;-;762,664;-;-;-;-;-;-;-
DOLJ28P006700;BRBMEFVDE942;FINANCIAL;-;-;-;-;-;-;-;-;-;826,2;-;-;-;-;-;-;-
DOLJ28P006800;BRBMEFVDE959;FINANCIAL;-;-;-;-;-;-;-;-;-;891,163;-;-;-;-;-;-;-
DOLJ28P006900;BRBMEFVDE967;FINANCIAL;-;-;-;-;-;-;-;-;-;957,635;-;-;-;-;-;-;-
DOLJ28P007000;BRBMEFVDE975;FINANCIAL;-;-;-;-;-;-;-;-;-;1025,066;-;-;-;-;-;-;-
DOLJ28P007100;BRBMEFVDE983;FINANCIAL;-;-;-;-;-;-;-;-;-;1093,765;-;-;-;-;-;-;-
DOLJ28P007200;BRBMEFVDE991;FINANCIAL;-;-;-;-;-;-;-;-;-;1162,266;-;-;-;-;-;-;-
DOLJ28P007500;BRBMEFVDE9P4;FINANCIAL;-;-;-;-;-;-;-;-;-;1372,076;-;-;-;-;-;-;-
DOLJ28P008000;BRBMEFVDE9Q2;FINANCIAL;-;-;-;-;-;-;-;-;-;1736,085;-;-;-;-;-;-;-
DOLJ28P008500;BRBMEFVDE9R0;FINANCIAL;-;-;-;-;-;-;-;-;-;2112,244;-;-;-;-;-;-;-
DOLJ28P009000;BRBMEFVDE9S8;FINANCIAL;-;-;-;-;-;-;-;-;-;2492,693;-;-;-;-;-;-;-
DOLJ29C005800;BRBMEFCL18I5;FINANCIAL;-;-;-;-;-;-;-;-;-;652,382;-;-;-;-;-;-;-
DOLJ29C005900;BRBMEFCL18J3;FINANCIAL;-;-;-;-;-;-;-;-;-;614,335;-;-;-;-;-;-;-
DOLJ29C006000;BRBMEFCL18K1;FINANCIAL;-;-;-;-;-;-;-;-;-;578,309;-;-;-;-;-;-;-
DOLJ29C006100;BRBMEFCL18L9;FINANCIAL;-;-;-;-;-;-;-;-;-;543,969;-;-;-;-;-;-;-
DOLJ29C006200;BRBMEFCL18M7;FINANCIAL;-;-;-;-;-;-;-;-;-;511,244;-;-;-;-;-;-;-
DOLJ29C006300;BRBMEFCL18N5;FINANCIAL;-;-;-;-;-;-;-;-;-;480,059;-;-;-;-;-;-;-
DOLJ29C006400;BRBMEFCL18O3;FINANCIAL;-;-;-;-;-;-;-;-;-;450,924;-;-;-;-;-;-;-
DOLJ29C006500;BRBMEFCL18P0;FINANCIAL;-;-;-;-;-;-;-;-;-;423,194;-;-;-;-;-;-;-
DOLJ29C006600;BRBMEFCL18Q8;FINANCIAL;-;-;-;-;-;-;-;-;-;397,383;-;-;-;-;-;-;-
DOLJ29C006700;BRBMEFCL18R6;FINANCIAL;-;-;-;-;-;-;-;-;-;374,593;-;-;-;-;-;-;-
DOLJ29C006800;BRBMEFCL18S4;FINANCIAL;-;-;-;-;-;-;-;-;-;353,273;-;-;-;-;-;-;-
DOLJ29C006900;BRBMEFCL18T2;FINANCIAL;-;-;-;-;-;-;-;-;-;333,339;-;-;-;-;-;-;-
DOLJ29C007000;BRBMEFCL18U0;FINANCIAL;-;-;-;-;-;-;-;-;-;314,994;-;-;-;-;-;-;-
DOLJ29C007100;BRBMEFCL18V8;FINANCIAL;-;-;-;-;-;-;-;-;-;297,582;-;-;-;-;-;-;-
DOLJ29C007200;BRBMEFCL18W6;FINANCIAL;-;-;-;-;-;-;-;-;-;281,315;-;-;-;-;-;-;-
DOLJ29C007500;BRBMEFCL1912;FINANCIAL;-;-;-;-;-;-;-;-;-;237,606;-;-;-;-;-;-;-
DOLJ29C008000;BRBMEFCL1920;FINANCIAL;-;-;-;-;-;-;-;-;-;181,235;-;-;-;-;-;-;-
DOLJ29C008500;BRBMEFCL1938;FINANCIAL;-;-;-;-;-;-;-;-;-;139,743;-;-;-;-;-;-;-
DOLJ29C009000;BRBMEFCL1946;FINANCIAL;-;-;-;-;-;-;-;-;-;109,349;-;-;-;-;-;-;-
DOLJ29P005800;BRBMEFVDE9A6;FINANCIAL;-;-;-;-;-;-;-;-;-;250,106;-;-;-;-;-;-;-
DOLJ29P005900;BRBMEFVDE9B4;FINANCIAL;-;-;-;-;-;-;-;-;-;281,812;-;-;-;-;-;-;-
DOLJ29P006000;BRBMEFVDE9C2;FINANCIAL;-;-;-;-;-;-;-;-;-;315,537;-;-;-;-;-;-;-
DOLJ29P006100;BRBMEFVDE9D0;FINANCIAL;-;-;-;-;-;-;-;-;-;350,951;-;-;-;-;-;-;-
DOLJ29P006200;BRBMEFVDE9E8;FINANCIAL;-;-;-;-;-;-;-;-;-;387,978;-;-;-;-;-;-;-
DOLJ29P006300;BRBMEFVDE9F5;FINANCIAL;-;-;-;-;-;-;-;-;-;426,545;-;-;-;-;-;-;-
DOLJ29P006400;BRBMEFVDE9G3;FINANCIAL;-;-;-;-;-;-;-;-;-;467,162;-;-;-;-;-;-;-
DOLJ29P006500;BRBMEFVDE9H1;FINANCIAL;-;-;-;-;-;-;-;-;-;509,185;-;-;-;-;-;-;-
DOLJ29P006600;BRBMEFVDE9I9;FINANCIAL;-;-;-;-;-;-;-;-;-;553,127;-;-;-;-;-;-;-
DOLJ29P006700;BRBMEFVDE9J7;FINANCIAL;-;-;-;-;-;-;-;-;-;600,089;-;-;-;-;-;-;-
DOLJ29P006800;BRBMEFVDE9K5;FINANCIAL;-;-;-;-;-;-;-;-;-;648,522;-;-;-;-;-;-;-
DOLJ29P006900;BRBMEFVDE9L3;FINANCIAL;-;-;-;-;-;-;-;-;-;698,34;-;-;-;-;-;-;-
DOLJ29P007000;BRBMEFVDE9M1;FINANCIAL;-;-;-;-;-;-;-;-;-;749,747;-;-;-;-;-;-;-
DOLJ29P007100;BRBMEFVDE9N9;FINANCIAL;-;-;-;-;-;-;-;-;-;802,088;-;-;-;-;-;-;-
DOLJ29P007200;BRBMEFVDE9O7;FINANCIAL;-;-;-;-;-;-;-;-;-;855,574;-;-;-;-;-;-;-
DOLJ29P007500;BRBMEFVDE9T6;FINANCIAL;-;-;-;-;-;-;-;-;-;1021,122;-;-;-;-;-;-;-
DOLJ29P008000;BRBMEFVDE9U4;FINANCIAL;-;-;-;-;-;-;-;-;-;1313,513;-;-;-;-;-;-;-
DOLJ29P008500;BRBMEFVDE9V2;FINANCIAL;-;-;-;-;-;-;-;-;-;1620,784;-;-;-;-;-;-;-
DOLJ29P009000;BRBMEFVDE9W0;FINANCIAL;-;-;-;-;-;-;-;-;-;1939,152;-;-;-;-;-;-;-
DOLK27C004300;BRBMEFCDI6Y1;FINANCIAL;-;-;-;-;-;-;-;-;-;1090,494;-;-;-;-;-;-;-
DOLK27C004950;BRBMEFCDI5S5;FINANCIAL;-;-;-;-;-;-;-;-;-;563,769;-;-;-;-;-;-;-
DOLK27C005000;BRBMEFCDI5T3;FINANCIAL;-;-;-;-;-;-;-;-;-;529,388;-;-;-;-;-;-;-
DOLK27C005050;BRBMEFCDI5U1;FINANCIAL;-;-;-;-;-;-;-;-;-;496,343;-;-;-;-;-;-;-
DOLK27C005100;BRBMEFCDI5V9;FINANCIAL;-;-;-;-;-;-;-;-;-;464,419;-;-;-;-;-;-;-
DOLK27C005150;BRBMEFCDI5W7;FINANCIAL;-;-;-;-;-;-;-;-;-;434,078;-;-;-;-;-;-;-
DOLK27C005200;BRBMEFCDI5X5;FINANCIAL;-;-;-;-;-;-;-;-;-;405,076;-;-;-;-;-;-;-
DOLK27C005250;BRBMEFCDI5Y3;FINANCIAL;-;-;-;-;-;-;-;-;-;377,429;-;-;-;-;-;-;-
DOLK27C005300;BRBMEFCDI5Z0;FINANCIAL;-;-;-;-;-;-;-;-;-;351,144;-;-;-;-;-;-;-
DOLK27C005350;BRBMEFCDI604;FINANCIAL;-;-;-;-;-;-;-;-;-;326,905;-;-;-;-;-;-;-
DOLK27C005400;BRBMEFCDI612;FINANCIAL;-;-;-;-;-;-;-;-;-;305,09;-;-;-;-;-;-;-
DOLK27C005450;BRBMEFCDI620;FINANCIAL;-;-;-;-;-;-;-;-;-;284,472;-;-;-;-;-;-;-
DOLK27C005500;BRBMEFCDI638;FINANCIAL;-;-;-;-;-;-;-;-;-;265,349;-;-;-;-;-;-;-
DOLK27C005550;BRBMEFCDI646;FINANCIAL;-;-;-;-;-;-;-;-;-;247,309;-;-;-;-;-;-;-
DOLK27C005600;BRBMEFCDI653;FINANCIAL;-;-;-;-;-;-;-;-;-;230,652;-;-;-;-;-;-;-
DOLK27C005650;BRBMEFCDI661;FINANCIAL;-;-;-;-;-;-;-;-;-;215,136;-;-;-;-;-;-;-
DOLK27C005700;BRBMEFCDI679;FINANCIAL;-;-;-;-;-;-;-;-;-;200,701;-;-;-;-;-;-;-
DOLK27C005750;BRBMEFCDI687;FINANCIAL;-;-;-;-;-;-;-;-;-;187,456;-;-;-;-;-;-;-
DOLK27C005800;BRBMEFCDI695;FINANCIAL;-;-;-;-;-;-;-;-;-;174,989;-;-;-;-;-;-;-
DOLK27C005850;BRBMEFCDI6A1;FINANCIAL;-;-;-;-;-;-;-;-;-;163,586;-;-;-;-;-;-;-
DOLK27C005900;BRBMEFCDI6B9;FINANCIAL;-;-;-;-;-;-;-;-;-;152,68;-;-;-;-;-;-;-
DOLK27C005950;BRBMEFCDI6C7;FINANCIAL;-;-;-;-;-;-;-;-;-;142,561;-;-;-;-;-;-;-
DOLK27C006000;BRBMEFCDI6D5;FINANCIAL;-;-;-;-;-;-;-;-;-;133,334;-;-;-;-;-;-;-
DOLK27C006050;BRBMEFCDI6E3;FINANCIAL;-;-;-;-;-;-;-;-;-;124,782;-;-;-;-;-;-;-
DOLK27C006100;BRBMEFCDI6F0;FINANCIAL;-;-;-;-;-;-;-;-;-;116,707;-;-;-;-;-;-;-
DOLK27C006150;BRBMEFCDI6G8;FINANCIAL;-;-;-;-;-;-;-;-;-;109,514;-;-;-;-;-;-;-
DOLK27C006200;BRBMEFCDI6H6;FINANCIAL;-;-;-;-;-;-;-;-;-;102,426;-;-;-;-;-;-;-
DOLK27C006250;BRBMEFCDI6I4;FINANCIAL;-;-;-;-;-;-;-;-;-;95,305;-;-;-;-;-;-;-
DOLK27C006300;BRBMEFCDI6J2;FINANCIAL;-;-;-;-;-;-;-;-;-;88,699;-;-;-;-;-;-;-
DOLK27C006350;BRBMEFCDI6K0;FINANCIAL;-;-;-;-;-;-;-;-;-;82,572;-;-;-;-;-;-;-
DOLK27C006400;BRBMEFCDI6L8;FINANCIAL;-;-;-;-;-;-;-;-;-;76,891;-;-;-;-;-;-;-
DOLK27C006450;BRBMEFCDI6M6;FINANCIAL;-;-;-;-;-;-;-;-;-;71,743;-;-;-;-;-;-;-
DOLK27C006500;BRBMEFCDI6N4;FINANCIAL;-;-;-;-;-;-;-;-;-;66,857;-;-;-;-;-;-;-
DOLK27C006550;BRBMEFCDI6O2;FINANCIAL;-;-;-;-;-;-;-;-;-;62,438;-;-;-;-;-;-;-
DOLK27C006600;BRBMEFCDI6P9;FINANCIAL;-;-;-;-;-;-;-;-;-;58,236;-;-;-;-;-;-;-
DOLK27C006650;BRBMEFCDI6Q7;FINANCIAL;-;-;-;-;-;-;-;-;-;54,442;-;-;-;-;-;-;-
DOLK27C006700;BRBMEFCDI6R5;FINANCIAL;-;-;-;-;-;-;-;-;-;50,828;-;-;-;-;-;-;-
DOLK27C006750;BRBMEFCDI6S3;FINANCIAL;-;-;-;-;-;-;-;-;-;47,57;-;-;-;-;-;-;-
DOLK27C006800;BRBMEFCDI6T1;FINANCIAL;-;-;-;-;-;-;-;-;-;44,549;-;-;-;-;-;-;-
DOLK27C006850;BRBMEFCDI6U9;FINANCIAL;-;-;-;-;-;-;-;-;-;41,745;-;-;-;-;-;-;-
DOLK27C006900;BRBMEFCDI6V7;FINANCIAL;-;-;-;-;-;-;-;-;-;39,144;-;-;-;-;-;-;-
DOLK27C006950;BRBMEFCDI6W5;FINANCIAL;-;-;-;-;-;-;-;-;-;36,729;-;-;-;-;-;-;-
DOLK27C007000;BRBMEFCDI6X3;FINANCIAL;-;-;-;-;-;-;-;-;-;34,036;-;-;-;-;-;-;-
DOLK27P004300;BRBMEFVDO6W4;FINANCIAL;-;-;-;-;-;-;-;-;-;3,866;-;-;-;-;-;-;-
DOLK27P004950;BRBMEFVDO5Q8;FINANCIAL;-;-;-;-;-;-;-;-;-;60,11;-;-;-;-;-;-;-
DOLK27P005000;BRBMEFVDO5R6;FINANCIAL;-;-;-;-;-;-;-;-;-;70,574;-;-;-;-;-;-;-
DOLK27P005050;BRBMEFVDO5S4;FINANCIAL;-;-;-;-;-;-;-;-;-;82,372;-;-;-;-;-;-;-
DOLK27P005100;BRBMEFVDO5T2;FINANCIAL;-;-;-;-;-;-;-;-;-;95,292;-;-;-;-;-;-;-
DOLK27P005150;BRBMEFVDO5U0;FINANCIAL;-;-;-;-;-;-;-;-;-;109,794;-;-;-;-;-;-;-
DOLK27P005200;BRBMEFVDO5V8;FINANCIAL;-;-;-;-;-;-;-;-;-;125,636;-;-;-;-;-;-;-
DOLK27P005250;BRBMEFVDO5W6;FINANCIAL;-;-;-;-;-;-;-;-;-;142,834;-;-;-;-;-;-;-
DOLK27P005300;BRBMEFVDO5X4;FINANCIAL;-;-;-;-;-;-;-;-;-;161,392;-;-;-;-;-;-;-
DOLK27P005350;BRBMEFVDO5Y2;FINANCIAL;-;-;-;-;-;-;-;-;-;181,997;-;-;-;-;-;-;-
DOLK27P005400;BRBMEFVDO5Z9;FINANCIAL;-;-;-;-;-;-;-;-;-;205,026;-;-;-;-;-;-;-
DOLK27P005450;BRBMEFVDO602;FINANCIAL;-;-;-;-;-;-;-;-;-;229,251;-;-;-;-;-;-;-
DOLK27P005500;BRBMEFVDO610;FINANCIAL;-;-;-;-;-;-;-;-;-;254,973;-;-;-;-;-;-;-
DOLK27P005550;BRBMEFVDO628;FINANCIAL;-;-;-;-;-;-;-;-;-;281,776;-;-;-;-;-;-;-
DOLK27P005600;BRBMEFVDO636;FINANCIAL;-;-;-;-;-;-;-;-;-;309,962;-;-;-;-;-;-;-
DOLK27P005650;BRBMEFVDO644;FINANCIAL;-;-;-;-;-;-;-;-;-;339,291;-;-;-;-;-;-;-
DOLK27P005700;BRBMEFVDO651;FINANCIAL;-;-;-;-;-;-;-;-;-;369,699;-;-;-;-;-;-;-
DOLK27P005750;BRBMEFVDO669;FINANCIAL;-;-;-;-;-;-;-;-;-;401,299;-;-;-;-;-;-;-
DOLK27P005800;BRBMEFVDO677;FINANCIAL;-;-;-;-;-;-;-;-;-;433,676;-;-;-;-;-;-;-
DOLK27P005850;BRBMEFVDO685;FINANCIAL;-;-;-;-;-;-;-;-;-;467,116;-;-;-;-;-;-;-
DOLK27P005900;BRBMEFVDO693;FINANCIAL;-;-;-;-;-;-;-;-;-;501,054;-;-;-;-;-;-;-
DOLK27P005950;BRBMEFVDO6A0;FINANCIAL;-;-;-;-;-;-;-;-;-;535,779;-;-;-;-;-;-;-
DOLK27P006000;BRBMEFVDO6B8;FINANCIAL;-;-;-;-;-;-;-;-;-;571,395;-;-;-;-;-;-;-
DOLK27P006050;BRBMEFVDO6C6;FINANCIAL;-;-;-;-;-;-;-;-;-;607,688;-;-;-;-;-;-;-
DOLK27P006100;BRBMEFVDO6D4;FINANCIAL;-;-;-;-;-;-;-;-;-;644,456;-;-;-;-;-;-;-
DOLK27P006150;BRBMEFVDO6E2;FINANCIAL;-;-;-;-;-;-;-;-;-;682,107;-;-;-;-;-;-;-
DOLK27P006200;BRBMEFVDO6F9;FINANCIAL;-;-;-;-;-;-;-;-;-;719,862;-;-;-;-;-;-;-
DOLK27P006250;BRBMEFVDO6G7;FINANCIAL;-;-;-;-;-;-;-;-;-;757,586;-;-;-;-;-;-;-
DOLK27P006300;BRBMEFVDO6H5;FINANCIAL;-;-;-;-;-;-;-;-;-;795,823;-;-;-;-;-;-;-
DOLK27P006350;BRBMEFVDO6I3;FINANCIAL;-;-;-;-;-;-;-;-;-;834,54;-;-;-;-;-;-;-
DOLK27P006400;BRBMEFVDO6J1;FINANCIAL;-;-;-;-;-;-;-;-;-;873,703;-;-;-;-;-;-;-
DOLK27P006450;BRBMEFVDO6K9;FINANCIAL;-;-;-;-;-;-;-;-;-;913,399;-;-;-;-;-;-;-
DOLK27P006500;BRBMEFVDO6L7;FINANCIAL;-;-;-;-;-;-;-;-;-;953,356;-;-;-;-;-;-;-
DOLK27P006550;BRBMEFVDO6M5;FINANCIAL;-;-;-;-;-;-;-;-;-;993,781;-;-;-;-;-;-;-
DOLK27P006600;BRBMEFVDO6N3;FINANCIAL;-;-;-;-;-;-;-;-;-;1034,423;-;-;-;-;-;-;-
DOLK27P006650;BRBMEFVDO6O1;FINANCIAL;-;-;-;-;-;-;-;-;-;1075,473;-;-;-;-;-;-;-
DOLK27P006700;BRBMEFVDO6P8;FINANCIAL;-;-;-;-;-;-;-;-;-;1116,702;-;-;-;-;-;-;-
DOLK27P006750;BRBMEFVDO6Q6;FINANCIAL;-;-;-;-;-;-;-;-;-;1158,289;-;-;-;-;-;-;-
DOLK27P006800;BRBMEFVDO6R4;FINANCIAL;-;-;-;-;-;-;-;-;-;1200,111;-;-;-;-;-;-;-
DOLK27P006850;BRBMEFVDO6S2;FINANCIAL;-;-;-;-;-;-;-;-;-;1242,151;-;-;-;-;-;-;-
DOLK27P006900;BRBMEFVDO6T0;FINANCIAL;-;-;-;-;-;-;-;-;-;1284,394;-;-;-;-;-;-;-
DOLK27P006950;BRBMEFVDO6U8;FINANCIAL;-;-;-;-;-;-;-;-;-;1326,823;-;-;-;-;-;-;-
DOLK27P007000;BRBMEFVDO6V6;FINANCIAL;-;-;-;-;-;-;-;-;-;1368,974;-;-;-;-;-;-;-
DOLM27C004400;BRBMEFDM04P6;FINANCIAL;-;-;-;-;-;-;-;-;-;1022,01;-;-;-;-;-;-;-
DOLM27C004900;BRBMEFDM04B6;FINANCIAL;-;-;-;-;-;-;-;-;-;623,427;-;-;-;-;-;-;-
DOLM27C004950;BRBMEFDM04C4;FINANCIAL;-;-;-;-;-;-;-;-;-;588,271;-;-;-;-;-;-;-
DOLM27C005000;BRBMEFDM04D2;FINANCIAL;-;-;-;-;-;-;-;-;-;554,333;-;-;-;-;-;-;-
DOLM27C005050;BRBMEFDM04E0;FINANCIAL;-;-;-;-;-;-;-;-;-;521,548;-;-;-;-;-;-;-
DOLM27C005100;BRBMEFDM04F7;FINANCIAL;-;-;-;-;-;-;-;-;-;489,956;-;-;-;-;-;-;-
DOLM27C005150;BRBMEFDM04G5;FINANCIAL;-;-;-;-;-;-;-;-;-;459,59;-;-;-;-;-;-;-
DOLM27C005200;BRBMEFDM04H3;FINANCIAL;431,3;431,225;431,3;431,262;431,225;-;-;-;-;430,634;-;-;-;-;2;800;17250500
DOLM27C005250;BRBMEFDM04I1;FINANCIAL;-;-;-;-;-;-;-;-;-;402,958;-;-;-;-;-;-;-
DOLM27C005300;BRBMEFDM04J9;FINANCIAL;-;-;-;-;-;-;-;-;-;376,567;-;-;-;-;-;-;-
DOLM27C005350;BRBMEFDM04K7;FINANCIAL;-;-;-;-;-;-;-;-;-;351,461;-;-;-;-;-;-;-
DOLM27C005400;BRBMEFDM04L5;FINANCIAL;-;-;-;-;-;-;-;-;-;328,896;-;-;-;-;-;-;-
DOLM27C005450;BRBMEFDM04M3;FINANCIAL;-;-;-;-;-;-;-;-;-;307,815;-;-;-;-;-;-;-
DOLM27C005500;BRBMEFDM04N1;FINANCIAL;-;-;-;-;-;-;-;-;-;288;-;-;-;-;-;-;-
DOLM27C005600;BRBMEFDM04O9;FINANCIAL;-;-;-;-;-;-;-;-;-;252,157;-;-;-;-;-;-;-
DOLM27C006250;BRBMEFDM04Q4;FINANCIAL;105;105;105;105;105;-;-;-;-;109,525;-;-;-;-;1;300;1575000
DOLM27P004400;BRBMEFPV04P1;FINANCIAL;5;5;5;5;5;-;-;-;-;7,248;-;-;-;-;1;300;75000
DOLM27P004900;BRBMEFPV04B1;FINANCIAL;-;-;-;-;-;-;-;-;-;52,478;-;-;-;-;-;-;-
DOLM27P004950;BRBMEFPV04C9;FINANCIAL;-;-;-;-;-;-;-;-;-;61,704;-;-;-;-;-;-;-
DOLM27P005000;BRBMEFPV04D7;FINANCIAL;-;-;-;-;-;-;-;-;-;72,146;-;-;-;-;-;-;-
DOLM27P005050;BRBMEFPV04E5;FINANCIAL;-;-;-;-;-;-;-;-;-;83,743;-;-;-;-;-;-;-
DOLM27P005100;BRBMEFPV04F2;FINANCIAL;-;-;-;-;-;-;-;-;-;96,532;-;-;-;-;-;-;-
DOLM27P005150;BRBMEFPV04G0;FINANCIAL;110;110;110;110;110;-32,57;-;-;-;110,548;-;-;-;-;1;300;1650000
DOLM27P005200;BRBMEFPV04H8;FINANCIAL;-;-;-;-;-;-;-;-;-;125,973;-;-;-;-;-;-;-
DOLM27P005250;BRBMEFPV04I6;FINANCIAL;-;-;-;-;-;-;-;-;-;142,678;-;-;-;-;-;-;-
DOLM27P005300;BRBMEFPV04J4;FINANCIAL;-;-;-;-;-;-;-;-;-;160,669;-;-;-;-;-;-;-
DOLM27P005350;BRBMEFPV04K2;FINANCIAL;-;-;-;-;-;-;-;-;-;179,944;-;-;-;-;-;-;-
DOLM27P005400;BRBMEFPV04L0;FINANCIAL;-;-;-;-;-;-;-;-;-;201,76;-;-;-;-;-;-;-
DOLM27P005450;BRBMEFPV04M8;FINANCIAL;-;-;-;-;-;-;-;-;-;225,06;-;-;-;-;-;-;-
DOLM27P005500;BRBMEFPV04N6;FINANCIAL;-;-;-;-;-;-;-;-;-;249,626;-;-;-;-;-;-;-
DOLM27P005600;BRBMEFPV04O4;FINANCIAL;-;-;-;-;-;-;-;-;-;302,547;-;-;-;-;-;-;-
DOLM27P006250;BRBMEFPV04Q9;FINANCIAL;-;-;-;-;-;-;-;-;-;736,872;-;-;-;-;-;-;-
DOLN26C004400;BRBMEFCD6E97;FINANCIAL;-;-;-;-;-;-;-;-;-;776,6;-;-;-;-;-;-;-
DOLN26C004450;BRBMEFCD6EA2;FINANCIAL;-;-;-;-;-;-;-;-;-;726,6;-;-;-;-;-;-;-
DOLN26C004500;BRBMEFCD6564;FINANCIAL;-;-;-;-;-;-;-;-;-;676,6;-;-;-;-;-;-;-
DOLN26C004550;BRBMEFCD6CP4;FINANCIAL;-;-;-;-;-;-;-;-;-;626,6;-;-;-;-;-;-;-
DOLN26C004575;BRBMEFCD6CQ2;FINANCIAL;-;-;-;-;-;-;-;-;-;601,6;-;-;-;-;-;-;-
DOLN26C004600;BRBMEFCD6CR0;FINANCIAL;-;-;-;-;-;-;-;-;-;576,6;-;-;-;-;-;-;-
DOLN26C004625;BRBMEFCD6CS8;FINANCIAL;-;-;-;-;-;-;-;-;-;551,6;-;-;-;-;-;-;-
DOLN26C004650;BRBMEFCD6CT6;FINANCIAL;-;-;-;-;-;-;-;-;-;526,6;-;-;-;-;-;-;-
DOLN26C004675;BRBMEFCD6CU4;FINANCIAL;-;-;-;-;-;-;-;-;-;501,6;-;-;-;-;-;-;-
DOLN26C004700;BRBMEFCD6CV2;FINANCIAL;-;-;-;-;-;-;-;-;-;476,6;-;-;-;-;-;-;-
DOLN26C004725;BRBMEFCD6CW0;FINANCIAL;-;-;-;-;-;-;-;-;-;451,6;-;-;-;-;-;-;-
DOLN26C004750;BRBMEFCD6CX8;FINANCIAL;-;-;-;-;-;-;-;-;-;426,6;-;-;-;-;-;-;-
DOLN26C004775;BRBMEFCD6CY6;FINANCIAL;-;-;-;-;-;-;-;-;-;401,6;-;-;-;-;-;-;-
DOLN26C004800;BRBMEFCD6572;FINANCIAL;-;-;-;-;-;-;-;-;-;376,6;-;-;-;-;-;-;-
DOLN26C004825;BRBMEFCD6CZ3;FINANCIAL;-;-;-;-;-;-;-;-;-;351,6;-;-;-;-;-;-;-
DOLN26C004850;BRBMEFCD6CK5;FINANCIAL;-;-;-;-;-;-;-;-;-;326,6;-;-;-;-;-;-;-
DOLN26C004875;BRBMEFCD6D07;FINANCIAL;-;-;-;-;-;-;-;-;-;301,6;-;-;-;-;-;-;-
DOLN26C004900;BRBMEFCD65D4;FINANCIAL;-;-;-;-;-;-;-;-;-;276,6;-;-;-;-;-;-;-
DOLN26C004925;BRBMEFCD6D15;FINANCIAL;-;-;-;-;-;-;-;-;-;251,6;-;-;-;-;-;-;-
DOLN26C004950;BRBMEFCD6D23;FINANCIAL;-;-;-;-;-;-;-;-;-;226,6;-;-;-;-;-;-;-
DOLN26C004975;BRBMEFCD6D31;FINANCIAL;-;-;-;-;-;-;-;-;-;201,6;-;-;-;-;-;-;-
DOLN26C005000;BRBMEFCD65E2;FINANCIAL;-;-;-;-;-;-;-;-;-;176,6;-;-;-;-;-;-;-
DOLN26C005025;BRBMEFCD6D49;FINANCIAL;-;-;-;-;-;-;-;-;-;151,6;-;-;-;-;-;-;-
DOLN26C005050;BRBMEFCD65G7;FINANCIAL;-;-;-;-;-;-;-;-;-;126,6;-;-;-;-;-;-;-
DOLN26C005075;BRBMEFCD6D56;FINANCIAL;-;-;-;-;-;-;-;-;-;101,6;-;-;-;-;-;-;-
DOLN26C005100;BRBMEFCD65F9;FINANCIAL;-;-;-;-;-;-;-;-;-;76,6;-;-;-;-;-;-;-
DOLN26C005125;BRBMEFCD6D64;FINANCIAL;-;-;-;-;-;-;-;-;-;51,6;-;-;-;-;-;-;-
DOLN26C005150;BRBMEFCD65H5;FINANCIAL;-;-;-;-;-;-;-;-;-;26,6;-;-;-;-;-;-;-
DOLN26C005175;BRBMEFCD6D72;FINANCIAL;-;-;-;-;-;-;-;-;-;1,6;-;-;-;-;-;-;-
DOLN26C005200;BRBMEFCD65I3;FINANCIAL;-;-;-;-;-;-;-;-;-;0,001;-;-;-;-;-;-;-
DOLN26C005225;BRBMEFCD6D80;FINANCIAL;-;-;-;-;-;-;-;-;-;0,001;-;-;-;-;-;-;-
DOLN26C005250;BRBMEFCD65J1;FINANCIAL;-;-;-;-;-;-;-;-;-;0,001;-;-;-;-;-;-;-
DOLN26C005275;BRBMEFCD6D98;FINANCIAL;-;-;-;-;-;-;-;-;-;0,001;-;-;-;-;-;-;-
DOLN26C005300;BRBMEFCD65K9;FINANCIAL;-;-;-;-;-;-;-;-;-;0,001;-;-;-;-;-;-;-
DOLN26C005325;BRBMEFCD6DA4;FINANCIAL;-;-;-;-;-;-;-;-;-;0,001;-;-;-;-;-;-;-
DOLN26C005350;BRBMEFCD65L7;FINANCIAL;-;-;-;-;-;-;-;-;-;0,001;-;-;-;-;-;-;-
DOLN26C005375;BRBMEFCD6DB2;FINANCIAL;-;-;-;-;-;-;-;-;-;0,001;-;-;-;-;-;-;-
DOLN26C005400;BRBMEFCD65M5;FINANCIAL;-;-;-;-;-;-;-;-;-;0,001;-;-;-;-;-;-;-
DOLN26C005425;BRBMEFCD6DC0;FINANCIAL;-;-;-;-;-;-;-;-;-;0,001;-;-;-;-;-;-;-
DOLN26C005450;BRBMEFCD65N3;FINANCIAL;-;-;-;-;-;-;-;-;-;0,001;-;-;-;-;-;-;-
DOLN26C005475;BRBMEFCD6DD8;FINANCIAL;-;-;-;-;-;-;-;-;-;0,001;-;-;-;-;-;-;-
DOLN26C005500;BRBMEFCD65O1;FINANCIAL;-;-;-;-;-;-;-;-;-;0,001;-;-;-;-;-;-;-
DOLN26C005525;BRBMEFCD6DE6;FINANCIAL;-;-;-;-;-;-;-;-;-;0,001;-;-;-;-;-;-;-
DOLN26C005550;BRBMEFCD65P8;FINANCIAL;-;-;-;-;-;-;-;-;-;0,001;-;-;-;-;-;-;-
DOLN26C005575;BRBMEFCD6DF3;FINANCIAL;-;-;-;-;-;-;-;-;-;0,001;-;-;-;-;-;-;-
DOLN26C005600;BRBMEFCD65Q6;FINANCIAL;-;-;-;-;-;-;-;-;-;0,001;-;-;-;-;-;-;-
DOLN26C005625;BRBMEFCD6DG1;FINANCIAL;-;-;-;-;-;-;-;-;-;0,001;-;-;-;-;-;-;-
DOLN26C005650;BRBMEFCD65R4;FINANCIAL;-;-;-;-;-;-;-;-;-;0,001;-;-;-;-;-;-;-
DOLN26C005675;BRBMEFCD6DH9;FINANCIAL;-;-;-;-;-;-;-;-;-;0,001;-;-;-;-;-;-;-
DOLN26C005700;BRBMEFCD65S2;FINANCIAL;-;-;-;-;-;-;-;-;-;0,001;-;-;-;-;-;-;-
DOLN26C005725;BRBMEFCD6DI7;FINANCIAL;-;-;-;-;-;-;-;-;-;0,001;-;-;-;-;-;-;-
DOLN26C005750;BRBMEFCD65T0;FINANCIAL;-;-;-;-;-;-;-;-;-;0,001;-;-;-;-;-;-;-
DOLN26C005775;BRBMEFCD6DJ5;FINANCIAL;-;-;-;-;-;-;-;-;-;0,001;-;-;-;-;-;-;-
DOLN26C005800;BRBMEFCD65U8;FINANCIAL;-;-;-;-;-;-;-;-;-;0,001;-;-;-;-;-;-;-
DOLN26C005825;BRBMEFCD6DK3;FINANCIAL;-;-;-;-;-;-;-;-;-;0,001;-;-;-;-;-;-;-
DOLN26C005850;BRBMEFCD65V6;FINANCIAL;-;-;-;-;-;-;-;-;-;0,001;-;-;-;-;-;-;-
DOLN26C005875;BRBMEFCD6DL1;FINANCIAL;-;-;-;-;-;-;-;-;-;0,001;-;-;-;-;-;-;-
DOLN26C005900;BRBMEFCD65W4;FINANCIAL;-;-;-;-;-;-;-;-;-;0,001;-;-;-;-;-;-;-
DOLN26C005925;BRBMEFCD6DM9;FINANCIAL;-;-;-;-;-;-;-;-;-;0,001;-;-;-;-;-;-;-
DOLN26C005950;BRBMEFCD65X2;FINANCIAL;-;-;-;-;-;-;-;-;-;0,001;-;-;-;-;-;-;-
DOLN26C005975;BRBMEFCD6DN7;FINANCIAL;-;-;-;-;-;-;-;-;-;0,001;-;-;-;-;-;-;-
DOLN26C006000;BRBMEFCD6580;FINANCIAL;-;-;-;-;-;-;-;-;-;0,001;-;-;-;-;-;-;-
DOLN26C006025;BRBMEFCD6DO5;FINANCIAL;-;-;-;-;-;-;-;-;-;0,001;-;-;-;-;-;-;-
DOLN26C006050;BRBMEFCD6AP8;FINANCIAL;-;-;-;-;-;-;-;-;-;0,001;-;-;-;-;-;-;-
DOLN26C006075;BRBMEFCD6DP2;FINANCIAL;-;-;-;-;-;-;-;-;-;0,001;-;-;-;-;-;-;-
DOLN26C006100;BRBMEFCD66L5;FINANCIAL;-;-;-;-;-;-;-;-;-;0,001;-;-;-;-;-;-;-
DOLN26C006125;BRBMEFCD6DQ0;FINANCIAL;-;-;-;-;-;-;-;-;-;0,001;-;-;-;-;-;-;-
DOLN26C006150;BRBMEFCD6AQ6;FINANCIAL;-;-;-;-;-;-;-;-;-;0,001;-;-;-;-;-;-;-
DOLN26C006175;BRBMEFCD6DR8;FINANCIAL;-;-;-;-;-;-;-;-;-;0,001;-;-;-;-;-;-;-
DOLN26C006200;BRBMEFCD66M3;FINANCIAL;-;-;-;-;-;-;-;-;-;0,001;-;-;-;-;-;-;-
DOLN26C006225;BRBMEFCD6DS6;FINANCIAL;-;-;-;-;-;-;-;-;-;0,001;-;-;-;-;-;-;-
DOLN26C006250;BRBMEFCD6AR4;FINANCIAL;-;-;-;-;-;-;-;-;-;0,001;-;-;-;-;-;-;-
DOLN26C006275;BRBMEFCD6DT4;FINANCIAL;-;-;-;-;-;-;-;-;-;0,001;-;-;-;-;-;-;-
DOLN26C006300;BRBMEFCD66N1;FINANCIAL;-;-;-;-;-;-;-;-;-;0,001;-;-;-;-;-;-;-
DOLN26C006325;BRBMEFCD6DU2;FINANCIAL;-;-;-;-;-;-;-;-;-;0,001;-;-;-;-;-;-;-
DOLN26C006350;BRBMEFCD6DV0;FINANCIAL;-;-;-;-;-;-;-;-;-;0,001;-;-;-;-;-;-;-
DOLN26C006375;BRBMEFCD6DW8;FINANCIAL;-;-;-;-;-;-;-;-;-;0,001;-;-;-;-;-;-;-
DOLN26C006400;BRBMEFCD6AS2;FINANCIAL;-;-;-;-;-;-;-;-;-;0,001;-;-;-;-;-;-;-
DOLN26C006425;BRBMEFCD6DX6;FINANCIAL;-;-;-;-;-;-;-;-;-;0,001;-;-;-;-;-;-;-
DOLN26C006450;BRBMEFCD6DY4;FINANCIAL;-;-;-;-;-;-;-;-;-;0,001;-;-;-;-;-;-;-
DOLN26C006475;BRBMEFCD6DZ1;FINANCIAL;-;-;-;-;-;-;-;-;-;0,001;-;-;-;-;-;-;-
DOLN26C006500;BRBMEFCD6598;FINANCIAL;-;-;-;-;-;-;-;-;-;0,001;-;-;-;-;-;-;-
DOLN26C006525;BRBMEFCD6E06;FINANCIAL;-;-;-;-;-;-;-;-;-;0,001;-;-;-;-;-;-;-
DOLN26C006550;BRBMEFCD6E14;FINANCIAL;-;-;-;-;-;-;-;-;-;0,001;-;-;-;-;-;-;-
DOLN26C006575;BRBMEFCD6E22;FINANCIAL;-;-;-;-;-;-;-;-;-;0,001;-;-;-;-;-;-;-
DOLN26C006600;BRBMEFCD6AW4;FINANCIAL;-;-;-;-;-;-;-;-;-;0,001;-;-;-;-;-;-;-
DOLN26C006625;BRBMEFCD6E30;FINANCIAL;-;-;-;-;-;-;-;-;-;0,001;-;-;-;-;-;-;-
DOLN26C006650;BRBMEFCD6E48;FINANCIAL;-;-;-;-;-;-;-;-;-;0,001;-;-;-;-;-;-;-
DOLN26C006675;BRBMEFCD6E55;FINANCIAL;-;-;-;-;-;-;-;-;-;0,001;-;-;-;-;-;-;-
DOLN26C006700;BRBMEFCD6AX2;FINANCIAL;-;-;-;-;-;-;-;-;-;0,001;-;-;-;-;-;-;-
DOLN26C006725;BRBMEFCD6E63;FINANCIAL;-;-;-;-;-;-;-;-;-;0,001;-;-;-;-;-;-;-
DOLN26C006800;BRBMEFCD6AY0;FINANCIAL;-;-;-;-;-;-;-;-;-;0,001;-;-;-;-;-;-;-
DOLN26C006900;BRBMEFCD6AZ7;FINANCIAL;-;-;-;-;-;-;-;-;-;0,001;-;-;-;-;-;-;-
DOLN26C007000;BRBMEFCD65C6;FINANCIAL;-;-;-;-;-;-;-;-;-;0,001;-;-;-;-;-;-;-
DOLN26C007100;BRBMEFCD6B25;FINANCIAL;-;-;-;-;-;-;-;-;-;0,001;-;-;-;-;-;-;-
DOLN26C007200;BRBMEFCD6B33;FINANCIAL;-;-;-;-;-;-;-;-;-;0,001;-;-;-;-;-;-;-
DOLN26C007300;BRBMEFCD6B41;FINANCIAL;-;-;-;-;-;-;-;-;-;0,001;-;-;-;-;-;-;-
DOLN26C007400;BRBMEFCD6B58;FINANCIAL;-;-;-;-;-;-;-;-;-;0,001;-;-;-;-;-;-;-
DOLN26C007500;BRBMEFCD6B17;FINANCIAL;-;-;-;-;-;-;-;-;-;0,001;-;-;-;-;-;-;-
DOLN26C007600;BRBMEFCD6B66;FINANCIAL;-;-;-;-;-;-;-;-;-;0,001;-;-;-;-;-;-;-
DOLN26C007700;BRBMEFCD6B74;FINANCIAL;-;-;-;-;-;-;-;-;-;0,001;-;-;-;-;-;-;-
DOLN26C007800;BRBMEFCD6B82;FINANCIAL;-;-;-;-;-;-;-;-;-;0,001;-;-;-;-;-;-;-
DOLN26C007900;BRBMEFCD6B90;FINANCIAL;-;-;-;-;-;-;-;-;-;0,001;-;-;-;-;-;-;-
DOLN26C008000;BRBMEFCD6BA8;FINANCIAL;-;-;-;-;-;-;-;-;-;0,001;-;-;-;-;-;-;-
DOLN26P004400;BRBMEFVDRE96;FINANCIAL;-;-;-;-;-;-;-;-;-;0,001;-;-;-;-;-;-;-
DOLN26P004450;BRBMEFVDREA1;FINANCIAL;-;-;-;-;-;-;-;-;-;0,001;-;-;-;-;-;-;-
DOLN26P004500;BRBMEFVDR563;FINANCIAL;-;-;-;-;-;-;-;-;-;0,001;-;-;-;-;-;-;-
DOLN26P004550;BRBMEFVDRCP3;FINANCIAL;-;-;-;-;-;-;-;-;-;0,001;-;-;-;-;-;-;-
DOLN26P004575;BRBMEFVDRCQ1;FINANCIAL;-;-;-;-;-;-;-;-;-;0,001;-;-;-;-;-;-;-
DOLN26P004600;BRBMEFVDRCR9;FINANCIAL;-;-;-;-;-;-;-;-;-;0,001;-;-;-;-;-;-;-
DOLN26P004625;BRBMEFVDRCS7;FINANCIAL;-;-;-;-;-;-;-;-;-;0,001;-;-;-;-;-;-;-
DOLN26P004650;BRBMEFVDRCT5;FINANCIAL;-;-;-;-;-;-;-;-;-;0,001;-;-;-;-;-;-;-
DOLN26P004675;BRBMEFVDRCU3;FINANCIAL;-;-;-;-;-;-;-;-;-;0,001;-;-;-;-;-;-;-
DOLN26P004700;BRBMEFVDRCV1;FINANCIAL;-;-;-;-;-;-;-;-;-;0,001;-;-;-;-;-;-;-
DOLN26P004725;BRBMEFVDRCW9;FINANCIAL;-;-;-;-;-;-;-;-;-;0,001;-;-;-;-;-;-;-
DOLN26P004750;BRBMEFVDRCX7;FINANCIAL;-;-;-;-;-;-;-;-;-;0,001;-;-;-;-;-;-;-
DOLN26P004775;BRBMEFVDRCY5;FINANCIAL;-;-;-;-;-;-;-;-;-;0,001;-;-;-;-;-;-;-
DOLN26P004800;BRBMEFVDR571;FINANCIAL;-;-;-;-;-;-;-;-;-;0,001;-;-;-;-;-;-;-
DOLN26P004825;BRBMEFVDRCZ2;FINANCIAL;-;-;-;-;-;-;-;-;-;0,001;-;-;-;-;-;-;-
DOLN26P004850;BRBMEFVDRCK4;FINANCIAL;-;-;-;-;-;-;-;-;-;0,001;-;-;-;-;-;-;-
DOLN26P004875;BRBMEFVDRD06;FINANCIAL;-;-;-;-;-;-;-;-;-;0,001;-;-;-;-;-;-;-
DOLN26P004900;BRBMEFVDR5D3;FINANCIAL;-;-;-;-;-;-;-;-;-;0,001;-;-;-;-;-;-;-
DOLN26P004925;BRBMEFVDRD14;FINANCIAL;-;-;-;-;-;-;-;-;-;0,001;-;-;-;-;-;-;-
DOLN26P004950;BRBMEFVDRD22;FINANCIAL;-;-;-;-;-;-;-;-;-;0,001;-;-;-;-;-;-;-
DOLN26P004975;BRBMEFVDRD30;FINANCIAL;-;-;-;-;-;-;-;-;-;0,001;-;-;-;-;-;-;-
DOLN26P005000;BRBMEFVDR5E1;FINANCIAL;-;-;-;-;-;-;-;-;-;0,001;-;-;-;-;-;-;-
DOLN26P005025;BRBMEFVDRD48;FINANCIAL;-;-;-;-;-;-;-;-;-;0,001;-;-;-;-;-;-;-
DOLN26P005050;BRBMEFVDR5G6;FINANCIAL;-;-;-;-;-;-;-;-;-;0,001;-;-;-;-;-;-;-
DOLN26P005075;BRBMEFVDRD55;FINANCIAL;-;-;-;-;-;-;-;-;-;0,001;-;-;-;-;-;-;-
DOLN26P005100;BRBMEFVDR5F8;FINANCIAL;-;-;-;-;-;-;-;-;-;0,001;-;-;-;-;-;-;-
DOLN26P005125;BRBMEFVDRD63;FINANCIAL;-;-;-;-;-;-;-;-;-;0,001;-;-;-;-;-;-;-
DOLN26P005150;BRBMEFVDR5H4;FINANCIAL;-;-;-;-;-;-;-;-;-;0,001;-;-;-;-;-;-;-
DOLN26P005175;BRBMEFVDRD71;FINANCIAL;-;-;-;-;-;-;-;-;-;0,001;-;-;-;-;-;-;-
DOLN26P005200;BRBMEFVDR5I2;FINANCIAL;-;-;-;-;-;-;-;-;-;23,4;-;-;-;-;-;-;-
DOLN26P005225;BRBMEFVDRD89;FINANCIAL;-;-;-;-;-;-;-;-;-;48,4;-;-;-;-;-;-;-
DOLN26P005250;BRBMEFVDR5J0;FINANCIAL;-;-;-;-;-;-;-;-;-;73,4;-;-;-;-;-;-;-
DOLN26P005275;BRBMEFVDRD97;FINANCIAL;-;-;-;-;-;-;-;-;-;98,4;-;-;-;-;-;-;-
DOLN26P005300;BRBMEFVDR5K8;FINANCIAL;-;-;-;-;-;-;-;-;-;123,4;-;-;-;-;-;-;-
DOLN26P005325;BRBMEFVDRDA3;FINANCIAL;-;-;-;-;-;-;-;-;-;148,4;-;-;-;-;-;-;-
DOLN26P005350;BRBMEFVDR5L6;FINANCIAL;-;-;-;-;-;-;-;-;-;173,4;-;-;-;-;-;-;-
DOLN26P005375;BRBMEFVDRDB1;FINANCIAL;-;-;-;-;-;-;-;-;-;198,4;-;-;-;-;-;-;-
DOLN26P005400;BRBMEFVDR5M4;FINANCIAL;-;-;-;-;-;-;-;-;-;223,4;-;-;-;-;-;-;-
DOLN26P005425;BRBMEFVDRDC9;FINANCIAL;-;-;-;-;-;-;-;-;-;248,4;-;-;-;-;-;-;-
DOLN26P005450;BRBMEFVDR5N2;FINANCIAL;-;-;-;-;-;-;-;-;-;273,4;-;-;-;-;-;-;-
DOLN26P005475;BRBMEFVDRDD7;FINANCIAL;-;-;-;-;-;-;-;-;-;298,4;-;-;-;-;-;-;-
DOLN26P005500;BRBMEFVDR5O0;FINANCIAL;-;-;-;-;-;-;-;-;-;323,4;-;-;-;-;-;-;-
DOLN26P005525;BRBMEFVDRDE5;FINANCIAL;-;-;-;-;-;-;-;-;-;348,4;-;-;-;-;-;-;-
DOLN26P005550;BRBMEFVDR5P7;FINANCIAL;-;-;-;-;-;-;-;-;-;373,4;-;-;-;-;-;-;-
DOLN26P005575;BRBMEFVDRDF2;FINANCIAL;-;-;-;-;-;-;-;-;-;398,4;-;-;-;-;-;-;-
DOLN26P005600;BRBMEFVDR5Q5;FINANCIAL;-;-;-;-;-;-;-;-;-;423,4;-;-;-;-;-;-;-
DOLN26P005625;BRBMEFVDRDG0;FINANCIAL;-;-;-;-;-;-;-;-;-;448,4;-;-;-;-;-;-;-
DOLN26P005650;BRBMEFVDR5R3;FINANCIAL;-;-;-;-;-;-;-;-;-;473,4;-;-;-;-;-;-;-
DOLN26P005675;BRBMEFVDRDH8;FINANCIAL;-;-;-;-;-;-;-;-;-;498,4;-;-;-;-;-;-;-
DOLN26P005700;BRBMEFVDR5S1;FINANCIAL;-;-;-;-;-;-;-;-;-;523,4;-;-;-;-;-;-;-
DOLN26P005725;BRBMEFVDRDI6;FINANCIAL;-;-;-;-;-;-;-;-;-;548,4;-;-;-;-;-;-;-
DOLN26P005750;BRBMEFVDR5T9;FINANCIAL;-;-;-;-;-;-;-;-;-;573,4;-;-;-;-;-;-;-
DOLN26P005775;BRBMEFVDRDJ4;FINANCIAL;-;-;-;-;-;-;-;-;-;598,4;-;-;-;-;-;-;-
DOLN26P005800;BRBMEFVDR5U7;FINANCIAL;-;-;-;-;-;-;-;-;-;623,4;-;-;-;-;-;-;-
DOLN26P005825;BRBMEFVDRDK2;FINANCIAL;-;-;-;-;-;-;-;-;-;648,4;-;-;-;-;-;-;-
DOLN26P005850;BRBMEFVDR5V5;FINANCIAL;-;-;-;-;-;-;-;-;-;673,4;-;-;-;-;-;-;-
DOLN26P005875;BRBMEFVDRDL0;FINANCIAL;-;-;-;-;-;-;-;-;-;698,4;-;-;-;-;-;-;-
DOLN26P005900;BRBMEFVDR5W3;FINANCIAL;-;-;-;-;-;-;-;-;-;723,4;-;-;-;-;-;-;-
DOLN26P005925;BRBMEFVDRDM8;FINANCIAL;-;-;-;-;-;-;-;-;-;748,4;-;-;-;-;-;-;-
DOLN26P005950;BRBMEFVDR5X1;FINANCIAL;-;-;-;-;-;-;-;-;-;773,4;-;-;-;-;-;-;-
DOLN26P005975;BRBMEFVDRDN6;FINANCIAL;-;-;-;-;-;-;-;-;-;798,4;-;-;-;-;-;-;-
DOLN26P006000;BRBMEFVDR589;FINANCIAL;-;-;-;-;-;-;-;-;-;823,4;-;-;-;-;-;-;-
DOLN26P006025;BRBMEFVDRDO4;FINANCIAL;-;-;-;-;-;-;-;-;-;848,4;-;-;-;-;-;-;-
DOLN26P006050;BRBMEFVDRAP7;FINANCIAL;-;-;-;-;-;-;-;-;-;873,4;-;-;-;-;-;-;-
DOLN26P006075;BRBMEFVDRDP1;FINANCIAL;-;-;-;-;-;-;-;-;-;898,4;-;-;-;-;-;-;-
DOLN26P006100;BRBMEFVDR6L4;FINANCIAL;-;-;-;-;-;-;-;-;-;923,4;-;-;-;-;-;-;-
DOLN26P006125;BRBMEFVDRDQ9;FINANCIAL;-;-;-;-;-;-;-;-;-;948,4;-;-;-;-;-;-;-
DOLN26P006150;BRBMEFVDRAQ5;FINANCIAL;-;-;-;-;-;-;-;-;-;973,4;-;-;-;-;-;-;-
DOLN26P006175;BRBMEFVDRDR7;FINANCIAL;-;-;-;-;-;-;-;-;-;998,4;-;-;-;-;-;-;-
DOLN26P006200;BRBMEFVDR6M2;FINANCIAL;-;-;-;-;-;-;-;-;-;1023,4;-;-;-;-;-;-;-
DOLN26P006225;BRBMEFVDRDS5;FINANCIAL;-;-;-;-;-;-;-;-;-;1048,4;-;-;-;-;-;-;-
DOLN26P006250;BRBMEFVDRAR3;FINANCIAL;-;-;-;-;-;-;-;-;-;1073,4;-;-;-;-;-;-;-
DOLN26P006275;BRBMEFVDRDT3;FINANCIAL;-;-;-;-;-;-;-;-;-;1098,4;-;-;-;-;-;-;-
DOLN26P006300;BRBMEFVDR6N0;FINANCIAL;-;-;-;-;-;-;-;-;-;1123,4;-;-;-;-;-;-;-
DOLN26P006325;BRBMEFVDRDU1;FINANCIAL;-;-;-;-;-;-;-;-;-;1148,4;-;-;-;-;-;-;-
DOLN26P006350;BRBMEFVDRDV9;FINANCIAL;-;-;-;-;-;-;-;-;-;1173,4;-;-;-;-;-;-;-
DOLN26P006375;BRBMEFVDRDW7;FINANCIAL;-;-;-;-;-;-;-;-;-;1198,4;-;-;-;-;-;-;-
DOLN26P006400;BRBMEFVDRAS1;FINANCIAL;-;-;-;-;-;-;-;-;-;1223,4;-;-;-;-;-;-;-
DOLN26P006425;BRBMEFVDRDX5;FINANCIAL;-;-;-;-;-;-;-;-;-;1248,4;-;-;-;-;-;-;-
DOLN26P006450;BRBMEFVDRDY3;FINANCIAL;-;-;-;-;-;-;-;-;-;1273,4;-;-;-;-;-;-;-
DOLN26P006475;BRBMEFVDRDZ0;FINANCIAL;-;-;-;-;-;-;-;-;-;1298,4;-;-;-;-;-;-;-
DOLN26P006500;BRBMEFVDR597;FINANCIAL;-;-;-;-;-;-;-;-;-;1323,4;-;-;-;-;-;-;-
DOLN26P006525;BRBMEFVDRE05;FINANCIAL;-;-;-;-;-;-;-;-;-;1348,4;-;-;-;-;-;-;-
DOLN26P006550;BRBMEFVDRE13;FINANCIAL;-;-;-;-;-;-;-;-;-;1373,4;-;-;-;-;-;-;-
DOLN26P006575;BRBMEFVDRE21;FINANCIAL;-;-;-;-;-;-;-;-;-;1398,4;-;-;-;-;-;-;-
DOLN26P006600;BRBMEFVDRAW3;FINANCIAL;-;-;-;-;-;-;-;-;-;1423,4;-;-;-;-;-;-;-
DOLN26P006625;BRBMEFVDRE39;FINANCIAL;-;-;-;-;-;-;-;-;-;1448,4;-;-;-;-;-;-;-
DOLN26P006650;BRBMEFVDRE47;FINANCIAL;-;-;-;-;-;-;-;-;-;1473,4;-;-;-;-;-;-;-
DOLN26P006675;BRBMEFVDRE54;FINANCIAL;-;-;-;-;-;-;-;-;-;1498,4;-;-;-;-;-;-;-
DOLN26P006700;BRBMEFVDRAX1;FINANCIAL;-;-;-;-;-;-;-;-;-;1523,4;-;-;-;-;-;-;-
DOLN26P006725;BRBMEFVDRE62;FINANCIAL;-;-;-;-;-;-;-;-;-;1548,4;-;-;-;-;-;-;-
DOLN26P006800;BRBMEFVDRAY9;FINANCIAL;-;-;-;-;-;-;-;-;-;1623,4;-;-;-;-;-;-;-
DOLN26P006900;BRBMEFVDRAZ6;FINANCIAL;-;-;-;-;-;-;-;-;-;1723,4;-;-;-;-;-;-;-
DOLN26P007000;BRBMEFVDR5C5;FINANCIAL;-;-;-;-;-;-;-;-;-;1823,4;-;-;-;-;-;-;-
DOLN26P007100;BRBMEFVDRB24;FINANCIAL;-;-;-;-;-;-;-;-;-;1923,4;-;-;-;-;-;-;-
DOLN26P007200;BRBMEFVDRB32;FINANCIAL;-;-;-;-;-;-;-;-;-;2023,4;-;-;-;-;-;-;-
DOLN26P007300;BRBMEFVDRB40;FINANCIAL;-;-;-;-;-;-;-;-;-;2123,4;-;-;-;-;-;-;-
DOLN26P007400;BRBMEFVDRB57;FINANCIAL;-;-;-;-;-;-;-;-;-;2223,4;-;-;-;-;-;-;-
DOLN26P007500;BRBMEFVDRB16;FINANCIAL;-;-;-;-;-;-;-;-;-;2323,4;-;-;-;-;-;-;-
DOLN26P007600;BRBMEFVDRB65;FINANCIAL;-;-;-;-;-;-;-;-;-;2423,4;-;-;-;-;-;-;-
DOLN26P007700;BRBMEFVDRB73;FINANCIAL;-;-;-;-;-;-;-;-;-;2523,4;-;-;-;-;-;-;-
DOLN26P007800;BRBMEFVDRB81;FINANCIAL;-;-;-;-;-;-;-;-;-;2623,4;-;-;-;-;-;-;-
DOLN26P007900;BRBMEFVDRB99;FINANCIAL;-;-;-;-;-;-;-;-;-;2723,4;-;-;-;-;-;-;-
DOLN26P008000;BRBMEFVDRBA7;FINANCIAL;-;-;-;-;-;-;-;-;-;2823,4;-;-;-;-;-;-;-
DOLN27C004900;BRBMEFCD6E71;FINANCIAL;-;-;-;-;-;-;-;-;-;652,274;-;-;-;-;-;-;-
DOLN27C004950;BRBMEFCD6E89;FINANCIAL;-;-;-;-;-;-;-;-;-;617,421;-;-;-;-;-;-;-
DOLN27C005000;BRBMEFCD67A6;FINANCIAL;-;-;-;-;-;-;-;-;-;583,594;-;-;-;-;-;-;-
DOLN27C005050;BRBMEFCD67B4;FINANCIAL;-;-;-;-;-;-;-;-;-;550,835;-;-;-;-;-;-;-
DOLN27C005100;BRBMEFCD67C2;FINANCIAL;-;-;-;-;-;-;-;-;-;519,182;-;-;-;-;-;-;-
DOLN27C005150;BRBMEFCD67D0;FINANCIAL;-;-;-;-;-;-;-;-;-;488,667;-;-;-;-;-;-;-
DOLN27C005200;BRBMEFCD67E8;FINANCIAL;-;-;-;-;-;-;-;-;-;459,643;-;-;-;-;-;-;-
DOLN27C005250;BRBMEFCD67F5;FINANCIAL;-;-;-;-;-;-;-;-;-;431,828;-;-;-;-;-;-;-
DOLN27C005300;BRBMEFCD67G3;FINANCIAL;-;-;-;-;-;-;-;-;-;405,227;-;-;-;-;-;-;-
DOLN27C005350;BRBMEFCD67H1;FINANCIAL;-;-;-;-;-;-;-;-;-;379,842;-;-;-;-;-;-;-
DOLN27C005400;BRBMEFCD67I9;FINANCIAL;-;-;-;-;-;-;-;-;-;356,04;-;-;-;-;-;-;-
DOLN27C005450;BRBMEFCD67J7;FINANCIAL;-;-;-;-;-;-;-;-;-;334,586;-;-;-;-;-;-;-
DOLN27C005500;BRBMEFCD67K5;FINANCIAL;-;-;-;-;-;-;-;-;-;314,354;-;-;-;-;-;-;-
DOLN27C005550;BRBMEFCD67L3;FINANCIAL;-;-;-;-;-;-;-;-;-;295,301;-;-;-;-;-;-;-
DOLN27C005600;BRBMEFCD67M1;FINANCIAL;-;-;-;-;-;-;-;-;-;277,381;-;-;-;-;-;-;-
DOLN27C005650;BRBMEFCD67N9;FINANCIAL;-;-;-;-;-;-;-;-;-;260,546;-;-;-;-;-;-;-
DOLN27C005700;BRBMEFCD67O7;FINANCIAL;-;-;-;-;-;-;-;-;-;244,749;-;-;-;-;-;-;-
DOLN27C005750;BRBMEFCD67P4;FINANCIAL;-;-;-;-;-;-;-;-;-;229,938;-;-;-;-;-;-;-
DOLN27C005800;BRBMEFCD67Q2;FINANCIAL;-;-;-;-;-;-;-;-;-;216,065;-;-;-;-;-;-;-
DOLN27C005850;BRBMEFCD67R0;FINANCIAL;-;-;-;-;-;-;-;-;-;203,078;-;-;-;-;-;-;-
DOLN27C005900;BRBMEFCD67S8;FINANCIAL;-;-;-;-;-;-;-;-;-;191,117;-;-;-;-;-;-;-
DOLN27C005950;BRBMEFCD67T6;FINANCIAL;-;-;-;-;-;-;-;-;-;179,754;-;-;-;-;-;-;-
DOLN27C006000;BRBMEFCD67U4;FINANCIAL;-;-;-;-;-;-;-;-;-;168,952;-;-;-;-;-;-;-
DOLN27C006050;BRBMEFCD67V2;FINANCIAL;-;-;-;-;-;-;-;-;-;159,033;-;-;-;-;-;-;-
DOLN27C006100;BRBMEFCD67W0;FINANCIAL;-;-;-;-;-;-;-;-;-;149,594;-;-;-;-;-;-;-
DOLN27C006150;BRBMEFCD67X8;FINANCIAL;-;-;-;-;-;-;-;-;-;140,774;-;-;-;-;-;-;-
DOLN27C006200;BRBMEFCD67Y6;FINANCIAL;-;-;-;-;-;-;-;-;-;132,703;-;-;-;-;-;-;-
DOLN27C006250;BRBMEFCD67Z3;FINANCIAL;-;-;-;-;-;-;-;-;-;125,168;-;-;-;-;-;-;-
DOLN27C006300;BRBMEFCD6804;FINANCIAL;-;-;-;-;-;-;-;-;-;117,975;-;-;-;-;-;-;-
DOLN27C006350;BRBMEFCD6812;FINANCIAL;-;-;-;-;-;-;-;-;-;111,256;-;-;-;-;-;-;-
DOLN27C006400;BRBMEFCD6820;FINANCIAL;-;-;-;-;-;-;-;-;-;104,231;-;-;-;-;-;-;-
DOLN27C006450;BRBMEFCD6838;FINANCIAL;-;-;-;-;-;-;-;-;-;97,809;-;-;-;-;-;-;-
DOLN27C006500;BRBMEFCD6846;FINANCIAL;-;-;-;-;-;-;-;-;-;91,667;-;-;-;-;-;-;-
DOLN27C006550;BRBMEFCD6853;FINANCIAL;-;-;-;-;-;-;-;-;-;86,064;-;-;-;-;-;-;-
DOLN27C006600;BRBMEFCD6861;FINANCIAL;-;-;-;-;-;-;-;-;-;80,697;-;-;-;-;-;-;-
DOLN27C006650;BRBMEFCD6879;FINANCIAL;-;-;-;-;-;-;-;-;-;75,812;-;-;-;-;-;-;-
DOLN27C006700;BRBMEFCD6887;FINANCIAL;-;-;-;-;-;-;-;-;-;71,248;-;-;-;-;-;-;-
DOLN27C006750;BRBMEFCD6895;FINANCIAL;-;-;-;-;-;-;-;-;-;66,866;-;-;-;-;-;-;-
DOLN27C006800;BRBMEFCD68A4;FINANCIAL;-;-;-;-;-;-;-;-;-;62,888;-;-;-;-;-;-;-
DOLN27C006850;BRBMEFCD68B2;FINANCIAL;-;-;-;-;-;-;-;-;-;59,172;-;-;-;-;-;-;-
DOLN27C006900;BRBMEFCD68C0;FINANCIAL;-;-;-;-;-;-;-;-;-;55,701;-;-;-;-;-;-;-
DOLN27C006950;BRBMEFCD68D8;FINANCIAL;-;-;-;-;-;-;-;-;-;52,457;-;-;-;-;-;-;-
DOLN27C007000;BRBMEFCD68E6;FINANCIAL;-;-;-;-;-;-;-;-;-;49,426;-;-;-;-;-;-;-
DOLN27C007650;BRBMEFCD6796;FINANCIAL;-;-;-;-;-;-;-;-;-;21,53;-;-;-;-;-;-;-
DOLN27C007900;BRBMEFCD6CL3;FINANCIAL;-;-;-;-;-;-;-;-;-;15,234;-;-;-;-;-;-;-
DOLN27C008100;BRBMEFCD6CM1;FINANCIAL;-;-;-;-;-;-;-;-;-;11,324;-;-;-;-;-;-;-
DOLN27C009700;BRBMEFCD6788;FINANCIAL;-;-;-;-;-;-;-;-;-;0,915;-;-;-;-;-;-;-
DOLN27P004900;BRBMEFVDRE70;FINANCIAL;-;-;-;-;-;-;-;-;-;53,299;-;-;-;-;-;-;-
DOLN27P004950;BRBMEFVDRE88;FINANCIAL;-;-;-;-;-;-;-;-;-;62,323;-;-;-;-;-;-;-
DOLN27P005000;BRBMEFVDR7A5;FINANCIAL;-;-;-;-;-;-;-;-;-;72,371;-;-;-;-;-;-;-
DOLN27P005050;BRBMEFVDR7B3;FINANCIAL;-;-;-;-;-;-;-;-;-;83,489;-;-;-;-;-;-;-
DOLN27P005100;BRBMEFVDR7C1;FINANCIAL;-;-;-;-;-;-;-;-;-;95,712;-;-;-;-;-;-;-
DOLN27P005150;BRBMEFVDR7D9;FINANCIAL;-;-;-;-;-;-;-;-;-;109,074;-;-;-;-;-;-;-
DOLN27P005200;BRBMEFVDR7E7;FINANCIAL;-;-;-;-;-;-;-;-;-;123,927;-;-;-;-;-;-;-
DOLN27P005250;BRBMEFVDR7F4;FINANCIAL;-;-;-;-;-;-;-;-;-;139,987;-;-;-;-;-;-;-
DOLN27P005300;BRBMEFVDR7G2;FINANCIAL;-;-;-;-;-;-;-;-;-;157,263;-;-;-;-;-;-;-
DOLN27P005350;BRBMEFVDR7H0;FINANCIAL;-;-;-;-;-;-;-;-;-;175,754;-;-;-;-;-;-;-
DOLN27P005400;BRBMEFVDR7I8;FINANCIAL;-;-;-;-;-;-;-;-;-;195,828;-;-;-;-;-;-;-
DOLN27P005450;BRBMEFVDR7J6;FINANCIAL;-;-;-;-;-;-;-;-;-;218,251;-;-;-;-;-;-;-
DOLN27P005500;BRBMEFVDR7K4;FINANCIAL;-;-;-;-;-;-;-;-;-;241,895;-;-;-;-;-;-;-
DOLN27P005550;BRBMEFVDR7L2;FINANCIAL;-;-;-;-;-;-;-;-;-;266,719;-;-;-;-;-;-;-
DOLN27P005600;BRBMEFVDR7M0;FINANCIAL;-;-;-;-;-;-;-;-;-;292,675;-;-;-;-;-;-;-
DOLN27P005650;BRBMEFVDR7N8;FINANCIAL;-;-;-;-;-;-;-;-;-;319,716;-;-;-;-;-;-;-
DOLN27P005700;BRBMEFVDR7O6;FINANCIAL;-;-;-;-;-;-;-;-;-;347,795;-;-;-;-;-;-;-
DOLN27P005750;BRBMEFVDR7P3;FINANCIAL;-;-;-;-;-;-;-;-;-;376,861;-;-;-;-;-;-;-
DOLN27P005800;BRBMEFVDR7Q1;FINANCIAL;-;-;-;-;-;-;-;-;-;406,864;-;-;-;-;-;-;-
DOLN27P005850;BRBMEFVDR7R9;FINANCIAL;-;-;-;-;-;-;-;-;-;437,753;-;-;-;-;-;-;-
DOLN27P005900;BRBMEFVDR7S7;FINANCIAL;-;-;-;-;-;-;-;-;-;469,668;-;-;-;-;-;-;-
DOLN27P005950;BRBMEFVDR7T5;FINANCIAL;-;-;-;-;-;-;-;-;-;502,182;-;-;-;-;-;-;-
DOLN27P006000;BRBMEFVDR7U3;FINANCIAL;-;-;-;-;-;-;-;-;-;535,257;-;-;-;-;-;-;-
DOLN27P006050;BRBMEFVDR7V1;FINANCIAL;-;-;-;-;-;-;-;-;-;569,214;-;-;-;-;-;-;-
DOLN27P006100;BRBMEFVDR7W9;FINANCIAL;-;-;-;-;-;-;-;-;-;603,651;-;-;-;-;-;-;-
DOLN27P006150;BRBMEFVDR7X7;FINANCIAL;-;-;-;-;-;-;-;-;-;638,708;-;-;-;-;-;-;-
DOLN27P006200;BRBMEFVDR7Y5;FINANCIAL;-;-;-;-;-;-;-;-;-;674,513;-;-;-;-;-;-;-
DOLN27P006250;BRBMEFVDR7Z2;FINANCIAL;-;-;-;-;-;-;-;-;-;710,854;-;-;-;-;-;-;-
DOLN27P006300;BRBMEFVDR803;FINANCIAL;-;-;-;-;-;-;-;-;-;747,537;-;-;-;-;-;-;-
DOLN27P006350;BRBMEFVDR811;FINANCIAL;-;-;-;-;-;-;-;-;-;784,695;-;-;-;-;-;-;-
DOLN27P006400;BRBMEFVDR829;FINANCIAL;-;-;-;-;-;-;-;-;-;821,546;-;-;-;-;-;-;-
DOLN27P006450;BRBMEFVDR837;FINANCIAL;-;-;-;-;-;-;-;-;-;859,001;-;-;-;-;-;-;-
DOLN27P006500;BRBMEFVDR845;FINANCIAL;-;-;-;-;-;-;-;-;-;896,735;-;-;-;-;-;-;-
DOLN27P006550;BRBMEFVDR852;FINANCIAL;-;-;-;-;-;-;-;-;-;935,008;-;-;-;-;-;-;-
DOLN27P006600;BRBMEFVDR860;FINANCIAL;-;-;-;-;-;-;-;-;-;973,518;-;-;-;-;-;-;-
DOLN27P006650;BRBMEFVDR878;FINANCIAL;-;-;-;-;-;-;-;-;-;1012,508;-;-;-;-;-;-;-
DOLN27P006700;BRBMEFVDR886;FINANCIAL;-;-;-;-;-;-;-;-;-;1051,821;-;-;-;-;-;-;-
DOLN27P006750;BRBMEFVDR894;FINANCIAL;-;-;-;-;-;-;-;-;-;1091,315;-;-;-;-;-;-;-
DOLN27P006800;BRBMEFVDR8A3;FINANCIAL;-;-;-;-;-;-;-;-;-;1131,214;-;-;-;-;-;-;-
DOLN27P006850;BRBMEFVDR8B1;FINANCIAL;-;-;-;-;-;-;-;-;-;1171,374;-;-;-;-;-;-;-
DOLN27P006900;BRBMEFVDR8C9;FINANCIAL;-;-;-;-;-;-;-;-;-;1211,779;-;-;-;-;-;-;-
DOLN27P006950;BRBMEFVDR8D7;FINANCIAL;-;-;-;-;-;-;-;-;-;1252,411;-;-;-;-;-;-;-
DOLN27P007000;BRBMEFVDR8E5;FINANCIAL;-;-;-;-;-;-;-;-;-;1293,257;-;-;-;-;-;-;-
DOLN27P007650;BRBMEFVDR795;FINANCIAL;-;-;-;-;-;-;-;-;-;1835,753;-;-;-;-;-;-;-
DOLN27P007900;BRBMEFVDRCL2;FINANCIAL;-;-;-;-;-;-;-;-;-;2048,839;-;-;-;-;-;-;-
DOLN27P008100;BRBMEFVDRCM0;FINANCIAL;-;-;-;-;-;-;-;-;-;2220,434;-;-;-;-;-;-;-
DOLN27P009700;BRBMEFVDR787;FINANCIAL;-;-;-;-;-;-;-;-;-;3614,068;-;-;-;-;-;-;-
DOLN28C005000;BRBMEFCD68F3;FINANCIAL;-;-;-;-;-;-;-;-;-;868,137;-;-;-;-;-;-;-
DOLN28C005050;BRBMEFCD68G1;FINANCIAL;-;-;-;-;-;-;-;-;-;838,101;-;-;-;-;-;-;-
DOLN28C005100;BRBMEFCD68H9;FINANCIAL;-;-;-;-;-;-;-;-;-;808,487;-;-;-;-;-;-;-
DOLN28C005150;BRBMEFCD68I7;FINANCIAL;-;-;-;-;-;-;-;-;-;779,64;-;-;-;-;-;-;-
DOLN28C005200;BRBMEFCD68J5;FINANCIAL;-;-;-;-;-;-;-;-;-;751,412;-;-;-;-;-;-;-
DOLN28C005250;BRBMEFCD68K3;FINANCIAL;-;-;-;-;-;-;-;-;-;723,622;-;-;-;-;-;-;-
DOLN28C005300;BRBMEFCD68L1;FINANCIAL;-;-;-;-;-;-;-;-;-;696,658;-;-;-;-;-;-;-
DOLN28C005350;BRBMEFCD68M9;FINANCIAL;-;-;-;-;-;-;-;-;-;670,343;-;-;-;-;-;-;-
DOLN28C005400;BRBMEFCD68N7;FINANCIAL;-;-;-;-;-;-;-;-;-;645,111;-;-;-;-;-;-;-
DOLN28C005450;BRBMEFCD68O5;FINANCIAL;-;-;-;-;-;-;-;-;-;621,004;-;-;-;-;-;-;-
DOLN28C005500;BRBMEFCD68P2;FINANCIAL;-;-;-;-;-;-;-;-;-;597,383;-;-;-;-;-;-;-
DOLN28C005550;BRBMEFCD68Q0;FINANCIAL;-;-;-;-;-;-;-;-;-;574,693;-;-;-;-;-;-;-
DOLN28C005600;BRBMEFCD68R8;FINANCIAL;-;-;-;-;-;-;-;-;-;552,708;-;-;-;-;-;-;-
DOLN28C005650;BRBMEFCD68S6;FINANCIAL;-;-;-;-;-;-;-;-;-;531,184;-;-;-;-;-;-;-
DOLN28C005700;BRBMEFCD68T4;FINANCIAL;-;-;-;-;-;-;-;-;-;510,59;-;-;-;-;-;-;-
DOLN28C005750;BRBMEFCD68U2;FINANCIAL;-;-;-;-;-;-;-;-;-;490,682;-;-;-;-;-;-;-
DOLN28C005800;BRBMEFCD68V0;FINANCIAL;-;-;-;-;-;-;-;-;-;471,951;-;-;-;-;-;-;-
DOLN28C005850;BRBMEFCD68W8;FINANCIAL;-;-;-;-;-;-;-;-;-;454,152;-;-;-;-;-;-;-
DOLN28C005900;BRBMEFCD68X6;FINANCIAL;-;-;-;-;-;-;-;-;-;437,019;-;-;-;-;-;-;-
DOLN28C005950;BRBMEFCD68Y4;FINANCIAL;-;-;-;-;-;-;-;-;-;420,279;-;-;-;-;-;-;-
DOLN28C006000;BRBMEFCD68Z1;FINANCIAL;-;-;-;-;-;-;-;-;-;404,428;-;-;-;-;-;-;-
DOLN28C006050;BRBMEFCD6903;FINANCIAL;-;-;-;-;-;-;-;-;-;389,193;-;-;-;-;-;-;-
DOLN28C006100;BRBMEFCD6911;FINANCIAL;-;-;-;-;-;-;-;-;-;374,557;-;-;-;-;-;-;-
DOLN28C006150;BRBMEFCD6929;FINANCIAL;-;-;-;-;-;-;-;-;-;360,501;-;-;-;-;-;-;-
DOLN28C006200;BRBMEFCD6937;FINANCIAL;-;-;-;-;-;-;-;-;-;347,006;-;-;-;-;-;-;-
DOLN28C006250;BRBMEFCD6945;FINANCIAL;-;-;-;-;-;-;-;-;-;334,055;-;-;-;-;-;-;-
DOLN28C006300;BRBMEFCD6952;FINANCIAL;-;-;-;-;-;-;-;-;-;321,891;-;-;-;-;-;-;-
DOLN28C006350;BRBMEFCD6960;FINANCIAL;-;-;-;-;-;-;-;-;-;310,231;-;-;-;-;-;-;-
DOLN28C006400;BRBMEFCD6978;FINANCIAL;-;-;-;-;-;-;-;-;-;299,058;-;-;-;-;-;-;-
DOLN28C006450;BRBMEFCD6986;FINANCIAL;-;-;-;-;-;-;-;-;-;288,097;-;-;-;-;-;-;-
DOLN28C006500;BRBMEFCD6994;FINANCIAL;-;-;-;-;-;-;-;-;-;277,843;-;-;-;-;-;-;-
DOLN28C006550;BRBMEFCD69A2;FINANCIAL;-;-;-;-;-;-;-;-;-;268,022;-;-;-;-;-;-;-
DOLN28C006600;BRBMEFCD69B0;FINANCIAL;-;-;-;-;-;-;-;-;-;258,616;-;-;-;-;-;-;-
DOLN28C006650;BRBMEFCD69C8;FINANCIAL;-;-;-;-;-;-;-;-;-;249,609;-;-;-;-;-;-;-
DOLN28C006700;BRBMEFCD69D6;FINANCIAL;-;-;-;-;-;-;-;-;-;240,982;-;-;-;-;-;-;-
DOLN28C006750;BRBMEFCD69E4;FINANCIAL;-;-;-;-;-;-;-;-;-;232,478;-;-;-;-;-;-;-
DOLN28C006800;BRBMEFCD69F1;FINANCIAL;-;-;-;-;-;-;-;-;-;224,329;-;-;-;-;-;-;-
DOLN28C006850;BRBMEFCD69G9;FINANCIAL;-;-;-;-;-;-;-;-;-;216,282;-;-;-;-;-;-;-
DOLN28C006900;BRBMEFCD69H7;FINANCIAL;-;-;-;-;-;-;-;-;-;208,804;-;-;-;-;-;-;-
DOLN28C006950;BRBMEFCD69I5;FINANCIAL;-;-;-;-;-;-;-;-;-;201,639;-;-;-;-;-;-;-
DOLN28C007000;BRBMEFCD69J3;FINANCIAL;-;-;-;-;-;-;-;-;-;194,774;-;-;-;-;-;-;-
DOLN28C007050;BRBMEFCD6C08;FINANCIAL;-;-;-;-;-;-;-;-;-;188,196;-;-;-;-;-;-;-
DOLN28C007100;BRBMEFCD6C16;FINANCIAL;-;-;-;-;-;-;-;-;-;181,894;-;-;-;-;-;-;-
DOLN28C007150;BRBMEFCD6C24;FINANCIAL;-;-;-;-;-;-;-;-;-;175,854;-;-;-;-;-;-;-
DOLN28C007200;BRBMEFCD6C32;FINANCIAL;-;-;-;-;-;-;-;-;-;170,067;-;-;-;-;-;-;-
DOLN28C007250;BRBMEFCD6C40;FINANCIAL;-;-;-;-;-;-;-;-;-;164,52;-;-;-;-;-;-;-
DOLN28C007300;BRBMEFCD6C57;FINANCIAL;-;-;-;-;-;-;-;-;-;159,204;-;-;-;-;-;-;-
DOLN28C007350;BRBMEFCD6C65;FINANCIAL;-;-;-;-;-;-;-;-;-;154,316;-;-;-;-;-;-;-
DOLN28C007400;BRBMEFCD6C73;FINANCIAL;-;-;-;-;-;-;-;-;-;148,812;-;-;-;-;-;-;-
DOLN28C007450;BRBMEFCD6C81;FINANCIAL;-;-;-;-;-;-;-;-;-;143,327;-;-;-;-;-;-;-
DOLN28C007500;BRBMEFCD6C99;FINANCIAL;-;-;-;-;-;-;-;-;-;138,259;-;-;-;-;-;-;-
DOLN28C007550;BRBMEFCD6CA6;FINANCIAL;-;-;-;-;-;-;-;-;-;133,394;-;-;-;-;-;-;-
DOLN28C007600;BRBMEFCD6CB4;FINANCIAL;-;-;-;-;-;-;-;-;-;128,533;-;-;-;-;-;-;-
DOLN28C007650;BRBMEFCD6CC2;FINANCIAL;-;-;-;-;-;-;-;-;-;124,055;-;-;-;-;-;-;-
DOLN28C007700;BRBMEFCD6CD0;FINANCIAL;-;-;-;-;-;-;-;-;-;119,756;-;-;-;-;-;-;-
DOLN28C007750;BRBMEFCD6CE8;FINANCIAL;-;-;-;-;-;-;-;-;-;115,629;-;-;-;-;-;-;-
DOLN28C007800;BRBMEFCD6CF5;FINANCIAL;-;-;-;-;-;-;-;-;-;111,489;-;-;-;-;-;-;-
DOLN28C007850;BRBMEFCD6CG3;FINANCIAL;-;-;-;-;-;-;-;-;-;107,688;-;-;-;-;-;-;-
DOLN28C007900;BRBMEFCD6CH1;FINANCIAL;-;-;-;-;-;-;-;-;-;104,039;-;-;-;-;-;-;-
DOLN28C007950;BRBMEFCD6CI9;FINANCIAL;-;-;-;-;-;-;-;-;-;100,536;-;-;-;-;-;-;-
DOLN28C008000;BRBMEFCD6CJ7;FINANCIAL;-;-;-;-;-;-;-;-;-;97,171;-;-;-;-;-;-;-
DOLN28P005000;BRBMEFVDR8F2;FINANCIAL;-;-;-;-;-;-;-;-;-;80,516;-;-;-;-;-;-;-
DOLN28P005050;BRBMEFVDR8G0;FINANCIAL;-;-;-;-;-;-;-;-;-;88,958;-;-;-;-;-;-;-
DOLN28P005100;BRBMEFVDR8H8;FINANCIAL;-;-;-;-;-;-;-;-;-;97,82;-;-;-;-;-;-;-
DOLN28P005150;BRBMEFVDR8I6;FINANCIAL;-;-;-;-;-;-;-;-;-;107,45;-;-;-;-;-;-;-
DOLN28P005200;BRBMEFVDR8J4;FINANCIAL;-;-;-;-;-;-;-;-;-;117,698;-;-;-;-;-;-;-
DOLN28P005250;BRBMEFVDR8K2;FINANCIAL;-;-;-;-;-;-;-;-;-;128,385;-;-;-;-;-;-;-
DOLN28P005300;BRBMEFVDR8L0;FINANCIAL;-;-;-;-;-;-;-;-;-;139,897;-;-;-;-;-;-;-
DOLN28P005350;BRBMEFVDR8M8;FINANCIAL;-;-;-;-;-;-;-;-;-;152,059;-;-;-;-;-;-;-
DOLN28P005400;BRBMEFVDR8N6;FINANCIAL;-;-;-;-;-;-;-;-;-;165,303;-;-;-;-;-;-;-
DOLN28P005450;BRBMEFVDR8O4;FINANCIAL;-;-;-;-;-;-;-;-;-;179,672;-;-;-;-;-;-;-
DOLN28P005500;BRBMEFVDR8P1;FINANCIAL;-;-;-;-;-;-;-;-;-;194,529;-;-;-;-;-;-;-
DOLN28P005550;BRBMEFVDR8Q9;FINANCIAL;-;-;-;-;-;-;-;-;-;210,314;-;-;-;-;-;-;-
DOLN28P005600;BRBMEFVDR8R7;FINANCIAL;-;-;-;-;-;-;-;-;-;226,806;-;-;-;-;-;-;-
DOLN28P005650;BRBMEFVDR8S5;FINANCIAL;-;-;-;-;-;-;-;-;-;243,759;-;-;-;-;-;-;-
DOLN28P005700;BRBMEFVDR8T3;FINANCIAL;-;-;-;-;-;-;-;-;-;261,642;-;-;-;-;-;-;-
DOLN28P005750;BRBMEFVDR8U1;FINANCIAL;-;-;-;-;-;-;-;-;-;280,21;-;-;-;-;-;-;-
DOLN28P005800;BRBMEFVDR8V9;FINANCIAL;-;-;-;-;-;-;-;-;-;299,956;-;-;-;-;-;-;-
DOLN28P005850;BRBMEFVDR8W7;FINANCIAL;-;-;-;-;-;-;-;-;-;320,633;-;-;-;-;-;-;-
DOLN28P005900;BRBMEFVDR8X5;FINANCIAL;-;-;-;-;-;-;-;-;-;341,976;-;-;-;-;-;-;-
DOLN28P005950;BRBMEFVDR8Y3;FINANCIAL;-;-;-;-;-;-;-;-;-;363,713;-;-;-;-;-;-;-
DOLN28P006000;BRBMEFVDR8Z0;FINANCIAL;-;-;-;-;-;-;-;-;-;386,339;-;-;-;-;-;-;-
DOLN28P006050;BRBMEFVDR902;FINANCIAL;-;-;-;-;-;-;-;-;-;409,581;-;-;-;-;-;-;-
DOLN28P006100;BRBMEFVDR910;FINANCIAL;-;-;-;-;-;-;-;-;-;433,421;-;-;-;-;-;-;-
DOLN28P006150;BRBMEFVDR928;FINANCIAL;-;-;-;-;-;-;-;-;-;457,841;-;-;-;-;-;-;-
DOLN28P006200;BRBMEFVDR936;FINANCIAL;-;-;-;-;-;-;-;-;-;482,823;-;-;-;-;-;-;-
DOLN28P006250;BRBMEFVDR944;FINANCIAL;-;-;-;-;-;-;-;-;-;508,349;-;-;-;-;-;-;-
DOLN28P006300;BRBMEFVDR951;FINANCIAL;-;-;-;-;-;-;-;-;-;534,661;-;-;-;-;-;-;-
DOLN28P006350;BRBMEFVDR969;FINANCIAL;-;-;-;-;-;-;-;-;-;561,478;-;-;-;-;-;-;-
DOLN28P006400;BRBMEFVDR977;FINANCIAL;-;-;-;-;-;-;-;-;-;588,781;-;-;-;-;-;-;-
DOLN28P006450;BRBMEFVDR985;FINANCIAL;-;-;-;-;-;-;-;-;-;616,296;-;-;-;-;-;-;-
DOLN28P006500;BRBMEFVDR993;FINANCIAL;-;-;-;-;-;-;-;-;-;644,52;-;-;-;-;-;-;-
DOLN28P006550;BRBMEFVDR9A1;FINANCIAL;-;-;-;-;-;-;-;-;-;673,175;-;-;-;-;-;-;-
DOLN28P006600;BRBMEFVDR9B9;FINANCIAL;-;-;-;-;-;-;-;-;-;702,246;-;-;-;-;-;-;-
DOLN28P006650;BRBMEFVDR9C7;FINANCIAL;-;-;-;-;-;-;-;-;-;731,714;-;-;-;-;-;-;-
DOLN28P006700;BRBMEFVDR9D5;FINANCIAL;-;-;-;-;-;-;-;-;-;761,565;-;-;-;-;-;-;-
DOLN28P006750;BRBMEFVDR9E3;FINANCIAL;-;-;-;-;-;-;-;-;-;791,537;-;-;-;-;-;-;-
DOLN28P006800;BRBMEFVDR9F0;FINANCIAL;-;-;-;-;-;-;-;-;-;821,864;-;-;-;-;-;-;-
DOLN28P006850;BRBMEFVDR9G8;FINANCIAL;-;-;-;-;-;-;-;-;-;852,294;-;-;-;-;-;-;-
DOLN28P006900;BRBMEFVDR9H6;FINANCIAL;-;-;-;-;-;-;-;-;-;883,292;-;-;-;-;-;-;-
DOLN28P006950;BRBMEFVDR9I4;FINANCIAL;-;-;-;-;-;-;-;-;-;914,604;-;-;-;-;-;-;-
DOLN28P007000;BRBMEFVDR9J2;FINANCIAL;-;-;-;-;-;-;-;-;-;946,215;-;-;-;-;-;-;-
DOLN28P007050;BRBMEFVDRC07;FINANCIAL;-;-;-;-;-;-;-;-;-;978,114;-;-;-;-;-;-;-
DOLN28P007100;BRBMEFVDRC15;FINANCIAL;-;-;-;-;-;-;-;-;-;1010,288;-;-;-;-;-;-;-
DOLN28P007150;BRBMEFVDRC23;FINANCIAL;-;-;-;-;-;-;-;-;-;1042,725;-;-;-;-;-;-;-
DOLN28P007200;BRBMEFVDRC31;FINANCIAL;-;-;-;-;-;-;-;-;-;1075,414;-;-;-;-;-;-;-
DOLN28P007250;BRBMEFVDRC49;FINANCIAL;-;-;-;-;-;-;-;-;-;1108,344;-;-;-;-;-;-;-
DOLN28P007300;BRBMEFVDRC56;FINANCIAL;-;-;-;-;-;-;-;-;-;1141,505;-;-;-;-;-;-;-
DOLN28P007350;BRBMEFVDRC64;FINANCIAL;-;-;-;-;-;-;-;-;-;1175,094;-;-;-;-;-;-;-
DOLN28P007400;BRBMEFVDRC72;FINANCIAL;-;-;-;-;-;-;-;-;-;1208,066;-;-;-;-;-;-;-
DOLN28P007450;BRBMEFVDRC80;FINANCIAL;-;-;-;-;-;-;-;-;-;1241,057;-;-;-;-;-;-;-
DOLN28P007500;BRBMEFVDRC98;FINANCIAL;-;-;-;-;-;-;-;-;-;1274,466;-;-;-;-;-;-;-
DOLN28P007550;BRBMEFVDRCA5;FINANCIAL;-;-;-;-;-;-;-;-;-;1308,078;-;-;-;-;-;-;-
DOLN28P007600;BRBMEFVDRCB3;FINANCIAL;-;-;-;-;-;-;-;-;-;1341,693;-;-;-;-;-;-;-
DOLN28P007650;BRBMEFVDRCC1;FINANCIAL;-;-;-;-;-;-;-;-;-;1375,691;-;-;-;-;-;-;-
DOLN28P007700;BRBMEFVDRCD9;FINANCIAL;-;-;-;-;-;-;-;-;-;1409,869;-;-;-;-;-;-;-
DOLN28P007750;BRBMEFVDRCE7;FINANCIAL;-;-;-;-;-;-;-;-;-;1444,218;-;-;-;-;-;-;-
DOLN28P007800;BRBMEFVDRCF4;FINANCIAL;-;-;-;-;-;-;-;-;-;1478,555;-;-;-;-;-;-;-
DOLN28P007850;BRBMEFVDRCG2;FINANCIAL;-;-;-;-;-;-;-;-;-;1513,231;-;-;-;-;-;-;-
DOLN28P007900;BRBMEFVDRCH0;FINANCIAL;-;-;-;-;-;-;-;-;-;1548,059;-;-;-;-;-;-;-
DOLN28P007950;BRBMEFVDRCI8;FINANCIAL;-;-;-;-;-;-;-;-;-;1583,031;-;-;-;-;-;-;-
DOLN28P008000;BRBMEFVDRCJ6;FINANCIAL;-;-;-;-;-;-;-;-;-;1618,144;-;-;-;-;-;-;-
DOLN29C005000;BRBMEFCD69K1;FINANCIAL;-;-;-;-;-;-;-;-;-;1095,121;-;-;-;-;-;-;-
DOLN29C005050;BRBMEFCD69L9;FINANCIAL;-;-;-;-;-;-;-;-;-;1067,677;-;-;-;-;-;-;-
DOLN29C005100;BRBMEFCD69M7;FINANCIAL;-;-;-;-;-;-;-;-;-;1040,578;-;-;-;-;-;-;-
DOLN29C005150;BRBMEFCD69N5;FINANCIAL;-;-;-;-;-;-;-;-;-;1014,009;-;-;-;-;-;-;-
DOLN29C005200;BRBMEFCD69O3;FINANCIAL;-;-;-;-;-;-;-;-;-;987,631;-;-;-;-;-;-;-
DOLN29C005250;BRBMEFCD69P0;FINANCIAL;-;-;-;-;-;-;-;-;-;961,621;-;-;-;-;-;-;-
DOLN29C005300;BRBMEFCD69Q8;FINANCIAL;-;-;-;-;-;-;-;-;-;935,986;-;-;-;-;-;-;-
DOLN29C005350;BRBMEFCD69R6;FINANCIAL;-;-;-;-;-;-;-;-;-;910,732;-;-;-;-;-;-;-
DOLN29C005400;BRBMEFCD69S4;FINANCIAL;-;-;-;-;-;-;-;-;-;885,866;-;-;-;-;-;-;-
DOLN29C005450;BRBMEFCD69T2;FINANCIAL;-;-;-;-;-;-;-;-;-;861,393;-;-;-;-;-;-;-
DOLN29C005500;BRBMEFCD69U0;FINANCIAL;-;-;-;-;-;-;-;-;-;837,541;-;-;-;-;-;-;-
DOLN29C005550;BRBMEFCD69V8;FINANCIAL;-;-;-;-;-;-;-;-;-;813,875;-;-;-;-;-;-;-
DOLN29C005600;BRBMEFCD69W6;FINANCIAL;-;-;-;-;-;-;-;-;-;790,617;-;-;-;-;-;-;-
DOLN29C005650;BRBMEFCD69X4;FINANCIAL;-;-;-;-;-;-;-;-;-;767,769;-;-;-;-;-;-;-
DOLN29C005700;BRBMEFCD69Y2;FINANCIAL;-;-;-;-;-;-;-;-;-;746,072;-;-;-;-;-;-;-
DOLN29C005750;BRBMEFCD69Z9;FINANCIAL;-;-;-;-;-;-;-;-;-;725,075;-;-;-;-;-;-;-
DOLN29C005800;BRBMEFCD6A00;FINANCIAL;-;-;-;-;-;-;-;-;-;704,282;-;-;-;-;-;-;-
DOLN29C005850;BRBMEFCD6A18;FINANCIAL;-;-;-;-;-;-;-;-;-;684,198;-;-;-;-;-;-;-
DOLN29C005900;BRBMEFCD6A26;FINANCIAL;-;-;-;-;-;-;-;-;-;664,572;-;-;-;-;-;-;-
DOLN29C005950;BRBMEFCD6A34;FINANCIAL;-;-;-;-;-;-;-;-;-;645,13;-;-;-;-;-;-;-
DOLN29C006000;BRBMEFCD6A42;FINANCIAL;-;-;-;-;-;-;-;-;-;626,407;-;-;-;-;-;-;-
DOLN29C006050;BRBMEFCD6A59;FINANCIAL;-;-;-;-;-;-;-;-;-;608,133;-;-;-;-;-;-;-
DOLN29C006100;BRBMEFCD6A67;FINANCIAL;-;-;-;-;-;-;-;-;-;590,023;-;-;-;-;-;-;-
DOLN29C006150;BRBMEFCD6A75;FINANCIAL;-;-;-;-;-;-;-;-;-;572,632;-;-;-;-;-;-;-
DOLN29C006200;BRBMEFCD6A83;FINANCIAL;-;-;-;-;-;-;-;-;-;555,967;-;-;-;-;-;-;-
DOLN29C006250;BRBMEFCD6A91;FINANCIAL;-;-;-;-;-;-;-;-;-;540,32;-;-;-;-;-;-;-
DOLN29C006300;BRBMEFCD6AA0;FINANCIAL;-;-;-;-;-;-;-;-;-;525,114;-;-;-;-;-;-;-
DOLN29C006350;BRBMEFCD6AB8;FINANCIAL;-;-;-;-;-;-;-;-;-;510,046;-;-;-;-;-;-;-
DOLN29C006400;BRBMEFCD6AC6;FINANCIAL;-;-;-;-;-;-;-;-;-;495,695;-;-;-;-;-;-;-
DOLN29C006450;BRBMEFCD6AD4;FINANCIAL;-;-;-;-;-;-;-;-;-;481,76;-;-;-;-;-;-;-
DOLN29C006500;BRBMEFCD6AE2;FINANCIAL;-;-;-;-;-;-;-;-;-;468,233;-;-;-;-;-;-;-
DOLN29C006550;BRBMEFCD6AF9;FINANCIAL;-;-;-;-;-;-;-;-;-;455,104;-;-;-;-;-;-;-
DOLN29C006600;BRBMEFCD6AG7;FINANCIAL;-;-;-;-;-;-;-;-;-;442,364;-;-;-;-;-;-;-
DOLN29C006650;BRBMEFCD6AH5;FINANCIAL;-;-;-;-;-;-;-;-;-;430,005;-;-;-;-;-;-;-
DOLN29C006700;BRBMEFCD6AI3;FINANCIAL;-;-;-;-;-;-;-;-;-;418,016;-;-;-;-;-;-;-
DOLN29C006750;BRBMEFCD6AJ1;FINANCIAL;-;-;-;-;-;-;-;-;-;406,39;-;-;-;-;-;-;-
DOLN29C006800;BRBMEFCD6AK9;FINANCIAL;-;-;-;-;-;-;-;-;-;395,419;-;-;-;-;-;-;-
DOLN29C006850;BRBMEFCD6AL7;FINANCIAL;-;-;-;-;-;-;-;-;-;384,792;-;-;-;-;-;-;-
DOLN29C006900;BRBMEFCD6AM5;FINANCIAL;-;-;-;-;-;-;-;-;-;374,498;-;-;-;-;-;-;-
DOLN29C006950;BRBMEFCD6AN3;FINANCIAL;-;-;-;-;-;-;-;-;-;364,83;-;-;-;-;-;-;-
DOLN29C007000;BRBMEFCD6AO1;FINANCIAL;-;-;-;-;-;-;-;-;-;355,175;-;-;-;-;-;-;-
DOLN29C007350;BRBMEFCD6CO7;FINANCIAL;-;-;-;-;-;-;-;-;-;296,523;-;-;-;-;-;-;-
DOLN29C007500;BRBMEFCD6AT0;FINANCIAL;-;-;-;-;-;-;-;-;-;275,133;-;-;-;-;-;-;-
DOLN29C007550;BRBMEFCD6CN9;FINANCIAL;-;-;-;-;-;-;-;-;-;268,361;-;-;-;-;-;-;-
DOLN29C008000;BRBMEFCD6AU8;FINANCIAL;-;-;-;-;-;-;-;-;-;216,042;-;-;-;-;-;-;-
DOLN29C008500;BRBMEFCD6AV6;FINANCIAL;-;-;-;-;-;-;-;-;-;172,817;-;-;-;-;-;-;-
DOLN29P005000;BRBMEFVDR9K0;FINANCIAL;-;-;-;-;-;-;-;-;-;78,818;-;-;-;-;-;-;-
DOLN29P005050;BRBMEFVDR9L8;FINANCIAL;-;-;-;-;-;-;-;-;-;85,103;-;-;-;-;-;-;-
DOLN29P005100;BRBMEFVDR9M6;FINANCIAL;-;-;-;-;-;-;-;-;-;91,733;-;-;-;-;-;-;-
DOLN29P005150;BRBMEFVDR9N4;FINANCIAL;-;-;-;-;-;-;-;-;-;98,892;-;-;-;-;-;-;-
DOLN29P005200;BRBMEFVDR9O2;FINANCIAL;-;-;-;-;-;-;-;-;-;106,243;-;-;-;-;-;-;-
DOLN29P005250;BRBMEFVDR9P9;FINANCIAL;-;-;-;-;-;-;-;-;-;113,961;-;-;-;-;-;-;-
DOLN29P005300;BRBMEFVDR9Q7;FINANCIAL;-;-;-;-;-;-;-;-;-;122,055;-;-;-;-;-;-;-
DOLN29P005350;BRBMEFVDR9R5;FINANCIAL;-;-;-;-;-;-;-;-;-;130,53;-;-;-;-;-;-;-
DOLN29P005400;BRBMEFVDR9S3;FINANCIAL;-;-;-;-;-;-;-;-;-;139,393;-;-;-;-;-;-;-
DOLN29P005450;BRBMEFVDR9T1;FINANCIAL;-;-;-;-;-;-;-;-;-;148,649;-;-;-;-;-;-;-
DOLN29P005500;BRBMEFVDR9U9;FINANCIAL;-;-;-;-;-;-;-;-;-;158,525;-;-;-;-;-;-;-
DOLN29P005550;BRBMEFVDR9V7;FINANCIAL;-;-;-;-;-;-;-;-;-;168,589;-;-;-;-;-;-;-
DOLN29P005600;BRBMEFVDR9W5;FINANCIAL;-;-;-;-;-;-;-;-;-;179,059;-;-;-;-;-;-;-
DOLN29P005650;BRBMEFVDR9X3;FINANCIAL;-;-;-;-;-;-;-;-;-;189,94;-;-;-;-;-;-;-
DOLN29P005700;BRBMEFVDR9Y1;FINANCIAL;-;-;-;-;-;-;-;-;-;201,972;-;-;-;-;-;-;-
DOLN29P005750;BRBMEFVDR9Z8;FINANCIAL;-;-;-;-;-;-;-;-;-;214,704;-;-;-;-;-;-;-
DOLN29P005800;BRBMEFVDRA09;FINANCIAL;-;-;-;-;-;-;-;-;-;227,639;-;-;-;-;-;-;-
DOLN29P005850;BRBMEFVDRA17;FINANCIAL;-;-;-;-;-;-;-;-;-;241,284;-;-;-;-;-;-;-
DOLN29P005900;BRBMEFVDRA25;FINANCIAL;-;-;-;-;-;-;-;-;-;255,386;-;-;-;-;-;-;-
DOLN29P005950;BRBMEFVDRA33;FINANCIAL;-;-;-;-;-;-;-;-;-;269,673;-;-;-;-;-;-;-
DOLN29P006000;BRBMEFVDRA41;FINANCIAL;-;-;-;-;-;-;-;-;-;284,679;-;-;-;-;-;-;-
DOLN29P006050;BRBMEFVDRA58;FINANCIAL;-;-;-;-;-;-;-;-;-;300,133;-;-;-;-;-;-;-
DOLN29P006100;BRBMEFVDRA66;FINANCIAL;-;-;-;-;-;-;-;-;-;315,752;-;-;-;-;-;-;-
DOLN29P006150;BRBMEFVDRA74;FINANCIAL;-;-;-;-;-;-;-;-;-;332,091;-;-;-;-;-;-;-
DOLN29P006200;BRBMEFVDRA82;FINANCIAL;-;-;-;-;-;-;-;-;-;349,154;-;-;-;-;-;-;-
DOLN29P006250;BRBMEFVDRA90;FINANCIAL;-;-;-;-;-;-;-;-;-;367,236;-;-;-;-;-;-;-
DOLN29P006300;BRBMEFVDRAA9;FINANCIAL;-;-;-;-;-;-;-;-;-;385,758;-;-;-;-;-;-;-
DOLN29P006350;BRBMEFVDRAB7;FINANCIAL;-;-;-;-;-;-;-;-;-;404,419;-;-;-;-;-;-;-
DOLN29P006400;BRBMEFVDRAC5;FINANCIAL;-;-;-;-;-;-;-;-;-;423,797;-;-;-;-;-;-;-
DOLN29P006450;BRBMEFVDRAD3;FINANCIAL;-;-;-;-;-;-;-;-;-;443,591;-;-;-;-;-;-;-
DOLN29P006500;BRBMEFVDRAE1;FINANCIAL;-;-;-;-;-;-;-;-;-;463,792;-;-;-;-;-;-;-
DOLN29P006550;BRBMEFVDRAF8;FINANCIAL;-;-;-;-;-;-;-;-;-;484,392;-;-;-;-;-;-;-
DOLN29P006600;BRBMEFVDRAG6;FINANCIAL;-;-;-;-;-;-;-;-;-;505,381;-;-;-;-;-;-;-
DOLN29P006650;BRBMEFVDRAH4;FINANCIAL;-;-;-;-;-;-;-;-;-;526,75;-;-;-;-;-;-;-
DOLN29P006700;BRBMEFVDRAI2;FINANCIAL;-;-;-;-;-;-;-;-;-;548,491;-;-;-;-;-;-;-
DOLN29P006750;BRBMEFVDRAJ0;FINANCIAL;-;-;-;-;-;-;-;-;-;570,593;-;-;-;-;-;-;-
DOLN29P006800;BRBMEFVDRAK8;FINANCIAL;-;-;-;-;-;-;-;-;-;593,351;-;-;-;-;-;-;-
DOLN29P006850;BRBMEFVDRAL6;FINANCIAL;-;-;-;-;-;-;-;-;-;616,453;-;-;-;-;-;-;-
DOLN29P006900;BRBMEFVDRAM4;FINANCIAL;-;-;-;-;-;-;-;-;-;639,888;-;-;-;-;-;-;-
DOLN29P006950;BRBMEFVDRAN2;FINANCIAL;-;-;-;-;-;-;-;-;-;663,948;-;-;-;-;-;-;-
DOLN29P007000;BRBMEFVDRAO0;FINANCIAL;-;-;-;-;-;-;-;-;-;688,022;-;-;-;-;-;-;-
DOLN29P007350;BRBMEFVDRCO6;FINANCIAL;-;-;-;-;-;-;-;-;-;865,471;-;-;-;-;-;-;-
DOLN29P007500;BRBMEFVDRAT9;FINANCIAL;-;-;-;-;-;-;-;-;-;945,268;-;-;-;-;-;-;-
DOLN29P007550;BRBMEFVDRCN8;FINANCIAL;-;-;-;-;-;-;-;-;-;972,224;-;-;-;-;-;-;-
DOLN29P008000;BRBMEFVDRAU7;FINANCIAL;-;-;-;-;-;-;-;-;-;1223,464;-;-;-;-;-;-;-
DOLN29P008500;BRBMEFVDRAV5;FINANCIAL;-;-;-;-;-;-;-;-;-;1517,526;-;-;-;-;-;-;-
DOLQ26C004600;BRBMEFDA04B1;FINANCIAL;-;-;-;-;-;-;-;-;-;601,252;-;-;-;-;-;-;-
DOLQ26C004625;BRBMEFDA04E5;FINANCIAL;-;-;-;-;-;-;-;-;-;576,566;-;-;-;-;-;-;-
DOLQ26C004650;BRBMEFDA0494;FINANCIAL;-;-;-;-;-;-;-;-;-;551,88;-;-;-;-;-;-;-
DOLQ26C004675;BRBMEFDA04F2;FINANCIAL;-;-;-;-;-;-;-;-;-;527,195;-;-;-;-;-;-;-
DOLQ26C004700;BRBMEFDA04G0;FINANCIAL;-;-;-;-;-;-;-;-;-;502,511;-;-;-;-;-;-;-
DOLQ26C004725;BRBMEFDA04H8;FINANCIAL;-;-;-;-;-;-;-;-;-;477,83;-;-;-;-;-;-;-
DOLQ26C004750;BRBMEFDA04I6;FINANCIAL;-;-;-;-;-;-;-;-;-;453,156;-;-;-;-;-;-;-
DOLQ26C004775;BRBMEFDA04J4;FINANCIAL;-;-;-;-;-;-;-;-;-;428,493;-;-;-;-;-;-;-
DOLQ26C004800;BRBMEFDA04K2;FINANCIAL;-;-;-;-;-;-;-;-;-;403,848;-;-;-;-;-;-;-
DOLQ26C004825;BRBMEFDA04L0;FINANCIAL;-;-;-;-;-;-;-;-;-;379,237;-;-;-;-;-;-;-
DOLQ26C004850;BRBMEFDA04M8;FINANCIAL;-;-;-;-;-;-;-;-;-;354,678;-;-;-;-;-;-;-
DOLQ26C004875;BRBMEFDA04N6;FINANCIAL;-;-;-;-;-;-;-;-;-;330,204;-;-;-;-;-;-;-
DOLQ26C004900;BRBMEFDA04O4;FINANCIAL;-;-;-;-;-;-;-;-;-;305,863;-;-;-;-;-;-;-
DOLQ26C004925;BRBMEFDA04P1;FINANCIAL;-;-;-;-;-;-;-;-;-;281,706;-;-;-;-;-;-;-
DOLQ26C004950;BRBMEFDA0478;FINANCIAL;-;-;-;-;-;-;-;-;-;257,831;-;-;-;-;-;-;-
DOLQ26C004975;BRBMEFDA04Q9;FINANCIAL;-;-;-;-;-;-;-;-;-;234,315;-;-;-;-;-;-;-
DOLQ26C005000;BRBMEFDA0189;FINANCIAL;-;-;-;-;-;-;-;-;-;211,36;-;-;-;-;-;-;-
DOLQ26C005025;BRBMEFDA04R7;FINANCIAL;-;-;-;-;-;-;-;-;-;189,106;-;-;-;-;-;-;-
DOLQ26C005050;BRBMEFDA0197;FINANCIAL;-;-;-;-;-;-;-;-;-;168,019;-;-;-;-;-;-;-
DOLQ26C005075;BRBMEFDA04S5;FINANCIAL;-;-;-;-;-;-;-;-;-;148,072;-;-;-;-;-;-;-
DOLQ26C005100;BRBMEFDA01A9;FINANCIAL;-;-;-;-;-;-;-;-;-;129,417;-;-;-;-;-;-;-
DOLQ26C005125;BRBMEFDA04T3;FINANCIAL;-;-;-;-;-;-;-;-;-;112,67;-;-;-;-;-;-;-
DOLQ26C005150;BRBMEFDA01B7;FINANCIAL;-;-;-;-;-;-;-;-;-;97,676;-;-;-;-;-;-;-
DOLQ26C005175;BRBMEFDA04U1;FINANCIAL;-;-;-;-;-;-;-;-;-;84,155;-;-;-;-;-;-;-
DOLQ26C005200;BRBMEFDA01C5;FINANCIAL;-;-;-;-;-;-;-;-;-;72,173;-;-;-;-;-;-;-
DOLQ26C005225;BRBMEFDA04V9;FINANCIAL;-;-;-;-;-;-;-;-;-;61,967;-;-;-;-;-;-;-
DOLQ26C005250;BRBMEFDA01D3;FINANCIAL;53;53;53;53;53;-33,33;-;-;-;53,416;-;-;-;-;1;400;1060000
DOLQ26C005275;BRBMEFDA04W7;FINANCIAL;-;-;-;-;-;-;-;-;-;46,116;-;-;-;-;-;-;-
DOLQ26C005300;BRBMEFDA01E1;FINANCIAL;36;36;36;36;36;-45,45;-;-;-;39,344;-;-;-;-;1;5;9000
DOLQ26C005325;BRBMEFDA04X5;FINANCIAL;-;-;-;-;-;-;-;-;-;33,534;-;-;-;-;-;-;-
DOLQ26C005350;BRBMEFDA01F8;FINANCIAL;-;-;-;-;-;-;-;-;-;28,569;-;-;-;-;-;-;-
DOLQ26C005375;BRBMEFDA04Y3;FINANCIAL;-;-;-;-;-;-;-;-;-;24,384;-;-;-;-;-;-;-
DOLQ26C005400;BRBMEFDA01G6;FINANCIAL;24,8;19,2;24,8;24,69;19,2;-18,98;-;-;-;20,825;-;-;-;-;2;255;314800
DOLQ26C005425;BRBMEFDA04Z0;FINANCIAL;-;-;-;-;-;-;-;-;-;17,804;-;-;-;-;-;-;-
DOLQ26C005450;BRBMEFDA01H4;FINANCIAL;14;14;14;14;14;-40,17;-;-;-;15,277;-;-;-;-;1;5;3500
DOLQ26C005475;BRBMEFDA0502;FINANCIAL;-;-;-;-;-;-;-;-;-;13,164;-;-;-;-;-;-;-
DOLQ26C005500;BRBMEFDA01I2;FINANCIAL;-;-;-;-;-;-;-;-;-;11,371;-;-;-;-;-;-;-
DOLQ26C005550;BRBMEFDA01J0;FINANCIAL;-;-;-;-;-;-;-;-;-;8,024;-;-;-;-;-;-;-
DOLQ26C005600;BRBMEFDA01K8;FINANCIAL;9;5;9;8,921;5;-28,57;-;-;-;5,494;-;-;-;-;2;255;113750
DOLQ26C005650;BRBMEFDA01L6;FINANCIAL;-;-;-;-;-;-;-;-;-;3,606;-;-;-;-;-;-;-
DOLQ26C005700;BRBMEFDA01M4;FINANCIAL;-;-;-;-;-;-;-;-;-;2,291;-;-;-;-;-;-;-
DOLQ26C005750;BRBMEFDA01N2;FINANCIAL;-;-;-;-;-;-;-;-;-;1,434;-;-;-;-;-;-;-
DOLQ26C005800;BRBMEFDA01O0;FINANCIAL;-;-;-;-;-;-;-;-;-;0,885;-;-;-;-;-;-;-
DOLQ26C005850;BRBMEFDA01P7;FINANCIAL;-;-;-;-;-;-;-;-;-;0,514;-;-;-;-;-;-;-
DOLQ26C005900;BRBMEFDA01Q5;FINANCIAL;-;-;-;-;-;-;-;-;-;0,289;-;-;-;-;-;-;-
DOLQ26C005950;BRBMEFDA01R3;FINANCIAL;-;-;-;-;-;-;-;-;-;0,159;-;-;-;-;-;-;-
DOLQ26C006000;BRBMEFDA01S1;FINANCIAL;-;-;-;-;-;-;-;-;-;0,085;-;-;-;-;-;-;-
DOLQ26C006050;BRBMEFDA01T9;FINANCIAL;-;-;-;-;-;-;-;-;-;0,044;-;-;-;-;-;-;-
DOLQ26C006100;BRBMEFDA01U7;FINANCIAL;-;-;-;-;-;-;-;-;-;0,023;-;-;-;-;-;-;-
DOLQ26C006150;BRBMEFDA01V5;FINANCIAL;-;-;-;-;-;-;-;-;-;0,011;-;-;-;-;-;-;-
DOLQ26C006200;BRBMEFDA01W3;FINANCIAL;-;-;-;-;-;-;-;-;-;0,006;-;-;-;-;-;-;-
DOLQ26C006250;BRBMEFDA01X1;FINANCIAL;-;-;-;-;-;-;-;-;-;0,003;-;-;-;-;-;-;-
DOLQ26C006300;BRBMEFDA01Y9;FINANCIAL;-;-;-;-;-;-;-;-;-;0,001;-;-;-;-;-;-;-
DOLQ26C006350;BRBMEFDA01Z6;FINANCIAL;-;-;-;-;-;-;-;-;-;0,001;-;-;-;-;-;-;-
DOLQ26C006400;BRBMEFDA0205;FINANCIAL;-;-;-;-;-;-;-;-;-;0,001;-;-;-;-;-;-;-
DOLQ26C006450;BRBMEFDA0213;FINANCIAL;-;-;-;-;-;-;-;-;-;0,001;-;-;-;-;-;-;-
DOLQ26C006500;BRBMEFDA0221;FINANCIAL;-;-;-;-;-;-;-;-;-;0,001;-;-;-;-;-;-;-
DOLQ26C006700;BRBMEFDA04C9;FINANCIAL;-;-;-;-;-;-;-;-;-;0,001;-;-;-;-;-;-;-
DOLQ26C006750;BRBMEFDA04A3;FINANCIAL;-;-;-;-;-;-;-;-;-;0,001;-;-;-;-;-;-;-
DOLQ26C007000;BRBMEFDA0486;FINANCIAL;-;-;-;-;-;-;-;-;-;0,001;-;-;-;-;-;-;-
DOLQ26P004600;BRBMEFVA0476;FINANCIAL;-;-;-;-;-;-;-;-;-;0,001;-;-;-;-;-;-;-
DOLQ26P004625;BRBMEFVA04A5;FINANCIAL;-;-;-;-;-;-;-;-;-;0,001;-;-;-;-;-;-;-
DOLQ26P004650;BRBMEFVA0450;FINANCIAL;-;-;-;-;-;-;-;-;-;0,001;-;-;-;-;-;-;-
DOLQ26P004675;BRBMEFVA04B3;FINANCIAL;-;-;-;-;-;-;-;-;-;0,003;-;-;-;-;-;-;-
DOLQ26P004700;BRBMEFVA04C1;FINANCIAL;-;-;-;-;-;-;-;-;-;0,006;-;-;-;-;-;-;-
DOLQ26P004725;BRBMEFVA04D9;FINANCIAL;-;-;-;-;-;-;-;-;-;0,012;-;-;-;-;-;-;-
DOLQ26P004750;BRBMEFVA04E7;FINANCIAL;-;-;-;-;-;-;-;-;-;0,024;-;-;-;-;-;-;-
DOLQ26P004775;BRBMEFVA04F4;FINANCIAL;-;-;-;-;-;-;-;-;-;0,048;-;-;-;-;-;-;-
DOLQ26P004800;BRBMEFVA04G2;FINANCIAL;-;-;-;-;-;-;-;-;-;0,091;-;-;-;-;-;-;-
DOLQ26P004825;BRBMEFVA04H0;FINANCIAL;-;-;-;-;-;-;-;-;-;0,166;-;-;-;-;-;-;-
DOLQ26P004850;BRBMEFVA04I8;FINANCIAL;-;-;-;-;-;-;-;-;-;0,294;-;-;-;-;-;-;-
DOLQ26P004875;BRBMEFVA04J6;FINANCIAL;-;-;-;-;-;-;-;-;-;0,506;-;-;-;-;-;-;-
DOLQ26P004900;BRBMEFVA04K4;FINANCIAL;-;-;-;-;-;-;-;-;-;0,852;-;-;-;-;-;-;-
DOLQ26P004925;BRBMEFVA04L2;FINANCIAL;-;-;-;-;-;-;-;-;-;1,382;-;-;-;-;-;-;-
DOLQ26P004950;BRBMEFVA0435;FINANCIAL;-;-;-;-;-;-;-;-;-;2,193;-;-;-;-;-;-;-
DOLQ26P004975;BRBMEFVA04M0;FINANCIAL;-;-;-;-;-;-;-;-;-;3,365;-;-;-;-;-;-;-
DOLQ26P005000;BRBMEFVA0146;FINANCIAL;-;-;-;-;-;-;-;-;-;5,097;-;-;-;-;-;-;-
DOLQ26P005025;BRBMEFVA04N8;FINANCIAL;-;-;-;-;-;-;-;-;-;7,529;-;-;-;-;-;-;-
DOLQ26P005050;BRBMEFVA0153;FINANCIAL;-;-;-;-;-;-;-;-;-;11,129;-;-;-;-;-;-;-
DOLQ26P005075;BRBMEFVA04O6;FINANCIAL;-;-;-;-;-;-;-;-;-;15,869;-;-;-;-;-;-;-
DOLQ26P005100;BRBMEFVA0161;FINANCIAL;-;-;-;-;-;-;-;-;-;21,901;-;-;-;-;-;-;-
DOLQ26P005125;BRBMEFVA04P3;FINANCIAL;-;-;-;-;-;-;-;-;-;29,84;-;-;-;-;-;-;-
DOLQ26P005150;BRBMEFVA0179;FINANCIAL;-;-;-;-;-;-;-;-;-;39,533;-;-;-;-;-;-;-
DOLQ26P005175;BRBMEFVA04Q1;FINANCIAL;-;-;-;-;-;-;-;-;-;50,699;-;-;-;-;-;-;-
DOLQ26P005200;BRBMEFVA0187;FINANCIAL;-;-;-;-;-;-;-;-;-;63,404;-;-;-;-;-;-;-
DOLQ26P005225;BRBMEFVA04R9;FINANCIAL;-;-;-;-;-;-;-;-;-;77,885;-;-;-;-;-;-;-
DOLQ26P005250;BRBMEFVA0195;FINANCIAL;-;-;-;-;-;-;-;-;-;94,02;-;-;-;-;-;-;-
DOLQ26P005275;BRBMEFVA04S7;FINANCIAL;-;-;-;-;-;-;-;-;-;111,407;-;-;-;-;-;-;-
DOLQ26P005300;BRBMEFVA01A1;FINANCIAL;-;-;-;-;-;-;-;-;-;129,322;-;-;-;-;-;-;-
DOLQ26P005325;BRBMEFVA04T5;FINANCIAL;-;-;-;-;-;-;-;-;-;148,199;-;-;-;-;-;-;-
DOLQ26P005350;BRBMEFVA01B9;FINANCIAL;-;-;-;-;-;-;-;-;-;167,92;-;-;-;-;-;-;-
DOLQ26P005375;BRBMEFVA04U3;FINANCIAL;-;-;-;-;-;-;-;-;-;188,422;-;-;-;-;-;-;-
DOLQ26P005400;BRBMEFVA01C7;FINANCIAL;-;-;-;-;-;-;-;-;-;209,551;-;-;-;-;-;-;-
DOLQ26P005425;BRBMEFVA04V1;FINANCIAL;-;-;-;-;-;-;-;-;-;231,216;-;-;-;-;-;-;-
DOLQ26P005450;BRBMEFVA01D5;FINANCIAL;-;-;-;-;-;-;-;-;-;253,375;-;-;-;-;-;-;-
DOLQ26P005475;BRBMEFVA04W9;FINANCIAL;-;-;-;-;-;-;-;-;-;275,95;-;-;-;-;-;-;-
DOLQ26P005500;BRBMEFVA01E3;FINANCIAL;-;-;-;-;-;-;-;-;-;298,843;-;-;-;-;-;-;-
DOLQ26P005550;BRBMEFVA01F0;FINANCIAL;-;-;-;-;-;-;-;-;-;344,869;-;-;-;-;-;-;-
DOLQ26P005600;BRBMEFVA01G8;FINANCIAL;-;-;-;-;-;-;-;-;-;391,713;-;-;-;-;-;-;-
DOLQ26P005650;BRBMEFVA01H6;FINANCIAL;-;-;-;-;-;-;-;-;-;439,199;-;-;-;-;-;-;-
DOLQ26P005700;BRBMEFVA01I4;FINANCIAL;-;-;-;-;-;-;-;-;-;487,258;-;-;-;-;-;-;-
DOLQ26P005750;BRBMEFVA01J2;FINANCIAL;-;-;-;-;-;-;-;-;-;535,774;-;-;-;-;-;-;-
DOLQ26P005800;BRBMEFVA01K0;FINANCIAL;-;-;-;-;-;-;-;-;-;584,598;-;-;-;-;-;-;-
DOLQ26P005850;BRBMEFVA01L8;FINANCIAL;-;-;-;-;-;-;-;-;-;633,602;-;-;-;-;-;-;-
DOLQ26P005900;BRBMEFVA01M6;FINANCIAL;-;-;-;-;-;-;-;-;-;682,75;-;-;-;-;-;-;-
DOLQ26P005950;BRBMEFVA01N4;FINANCIAL;-;-;-;-;-;-;-;-;-;731,993;-;-;-;-;-;-;-
DOLQ26P006000;BRBMEFVA01O2;FINANCIAL;-;-;-;-;-;-;-;-;-;781,293;-;-;-;-;-;-;-
DOLQ26P006050;BRBMEFVA01P9;FINANCIAL;-;-;-;-;-;-;-;-;-;830,626;-;-;-;-;-;-;-
DOLQ26P006100;BRBMEFVA01Q7;FINANCIAL;-;-;-;-;-;-;-;-;-;879,978;-;-;-;-;-;-;-
DOLQ26P006150;BRBMEFVA01R5;FINANCIAL;-;-;-;-;-;-;-;-;-;929,34;-;-;-;-;-;-;-
DOLQ26P006200;BRBMEFVA01S3;FINANCIAL;-;-;-;-;-;-;-;-;-;978,708;-;-;-;-;-;-;-
DOLQ26P006250;BRBMEFVA01T1;FINANCIAL;-;-;-;-;-;-;-;-;-;1028,079;-;-;-;-;-;-;-
DOLQ26P006300;BRBMEFVA01U9;FINANCIAL;-;-;-;-;-;-;-;-;-;1077,451;-;-;-;-;-;-;-
DOLQ26P006350;BRBMEFVA01V7;FINANCIAL;-;-;-;-;-;-;-;-;-;1126,824;-;-;-;-;-;-;-
DOLQ26P006400;BRBMEFVA01W5;FINANCIAL;-;-;-;-;-;-;-;-;-;1176,197;-;-;-;-;-;-;-
DOLQ26P006450;BRBMEFVA01X3;FINANCIAL;-;-;-;-;-;-;-;-;-;1225,57;-;-;-;-;-;-;-
DOLQ26P006500;BRBMEFVA01Y1;FINANCIAL;-;-;-;-;-;-;-;-;-;1274,944;-;-;-;-;-;-;-
DOLQ26P006700;BRBMEFVA0484;FINANCIAL;-;-;-;-;-;-;-;-;-;1472,438;-;-;-;-;-;-;-
DOLQ26P006750;BRBMEFVA0468;FINANCIAL;-;-;-;-;-;-;-;-;-;1521,812;-;-;-;-;-;-;-
DOLQ26P007000;BRBMEFVA0443;FINANCIAL;-;-;-;-;-;-;-;-;-;1768,68;-;-;-;-;-;-;-
DOLQ27C004500;BRBMEFDA0338;FINANCIAL;-;-;-;-;-;-;-;-;-;982,865;-;-;-;-;-;-;-
DOLQ27C004550;BRBMEFDA0346;FINANCIAL;-;-;-;-;-;-;-;-;-;942,234;-;-;-;-;-;-;-
DOLQ27C004600;BRBMEFDA0353;FINANCIAL;-;-;-;-;-;-;-;-;-;902,058;-;-;-;-;-;-;-
DOLQ27C004650;BRBMEFDA0361;FINANCIAL;-;-;-;-;-;-;-;-;-;862,385;-;-;-;-;-;-;-
DOLQ27C004700;BRBMEFDA0379;FINANCIAL;-;-;-;-;-;-;-;-;-;823,267;-;-;-;-;-;-;-
DOLQ27C004750;BRBMEFDA0387;FINANCIAL;-;-;-;-;-;-;-;-;-;784,758;-;-;-;-;-;-;-
DOLQ27C004800;BRBMEFDA0395;FINANCIAL;-;-;-;-;-;-;-;-;-;747,197;-;-;-;-;-;-;-
DOLQ27C004850;BRBMEFDA03A5;FINANCIAL;-;-;-;-;-;-;-;-;-;710,404;-;-;-;-;-;-;-
DOLQ27C004900;BRBMEFDA03B3;FINANCIAL;-;-;-;-;-;-;-;-;-;674,435;-;-;-;-;-;-;-
DOLQ27C004950;BRBMEFDA03C1;FINANCIAL;-;-;-;-;-;-;-;-;-;639,338;-;-;-;-;-;-;-
DOLQ27C005000;BRBMEFDA03D9;FINANCIAL;-;-;-;-;-;-;-;-;-;605,164;-;-;-;-;-;-;-
DOLQ27C005050;BRBMEFDA03E7;FINANCIAL;-;-;-;-;-;-;-;-;-;571,955;-;-;-;-;-;-;-
DOLQ27C005100;BRBMEFDA03F4;FINANCIAL;-;-;-;-;-;-;-;-;-;539,753;-;-;-;-;-;-;-
DOLQ27C005150;BRBMEFDA03G2;FINANCIAL;-;-;-;-;-;-;-;-;-;508,593;-;-;-;-;-;-;-
DOLQ27C005200;BRBMEFDA03H0;FINANCIAL;-;-;-;-;-;-;-;-;-;479,503;-;-;-;-;-;-;-
DOLQ27C005250;BRBMEFDA03I8;FINANCIAL;-;-;-;-;-;-;-;-;-;452,291;-;-;-;-;-;-;-
DOLQ27C005300;BRBMEFDA03J6;FINANCIAL;-;-;-;-;-;-;-;-;-;426,322;-;-;-;-;-;-;-
DOLQ27C005350;BRBMEFDA03K4;FINANCIAL;-;-;-;-;-;-;-;-;-;401,589;-;-;-;-;-;-;-
DOLQ27C005400;BRBMEFDA03L2;FINANCIAL;-;-;-;-;-;-;-;-;-;378,074;-;-;-;-;-;-;-
DOLQ27C005450;BRBMEFDA03M0;FINANCIAL;-;-;-;-;-;-;-;-;-;355,369;-;-;-;-;-;-;-
DOLQ27C005500;BRBMEFDA0320;FINANCIAL;-;-;-;-;-;-;-;-;-;333,822;-;-;-;-;-;-;-
DOLQ27C005550;BRBMEFDA03N8;FINANCIAL;-;-;-;-;-;-;-;-;-;313,208;-;-;-;-;-;-;-
DOLQ27C005600;BRBMEFDA03O6;FINANCIAL;-;-;-;-;-;-;-;-;-;293,894;-;-;-;-;-;-;-
DOLQ27C005650;BRBMEFDA03P3;FINANCIAL;-;-;-;-;-;-;-;-;-;275,447;-;-;-;-;-;-;-
DOLQ27C005700;BRBMEFDA03Q1;FINANCIAL;-;-;-;-;-;-;-;-;-;258,639;-;-;-;-;-;-;-
DOLQ27C005750;BRBMEFDA03R9;FINANCIAL;-;-;-;-;-;-;-;-;-;243,228;-;-;-;-;-;-;-
DOLQ27C005800;BRBMEFDA03S7;FINANCIAL;-;-;-;-;-;-;-;-;-;228,762;-;-;-;-;-;-;-
DOLQ27C005850;BRBMEFDA03T5;FINANCIAL;-;-;-;-;-;-;-;-;-;215,393;-;-;-;-;-;-;-
DOLQ27C005900;BRBMEFDA03U3;FINANCIAL;-;-;-;-;-;-;-;-;-;202,871;-;-;-;-;-;-;-
DOLQ27C005950;BRBMEFDA03V1;FINANCIAL;-;-;-;-;-;-;-;-;-;191,147;-;-;-;-;-;-;-
DOLQ27C006000;BRBMEFDA03W9;FINANCIAL;-;-;-;-;-;-;-;-;-;180,176;-;-;-;-;-;-;-
DOLQ27C006050;BRBMEFDA03X7;FINANCIAL;-;-;-;-;-;-;-;-;-;169,724;-;-;-;-;-;-;-
DOLQ27C006100;BRBMEFDA03Y5;FINANCIAL;-;-;-;-;-;-;-;-;-;160,128;-;-;-;-;-;-;-
DOLQ27C006150;BRBMEFDA03Z2;FINANCIAL;-;-;-;-;-;-;-;-;-;150,975;-;-;-;-;-;-;-
DOLQ27C006200;BRBMEFDA0403;FINANCIAL;-;-;-;-;-;-;-;-;-;142,591;-;-;-;-;-;-;-
DOLQ27C006250;BRBMEFDA0411;FINANCIAL;-;-;-;-;-;-;-;-;-;134,753;-;-;-;-;-;-;-
DOLQ27C006300;BRBMEFDA0429;FINANCIAL;-;-;-;-;-;-;-;-;-;127,425;-;-;-;-;-;-;-
DOLQ27C006350;BRBMEFDA0437;FINANCIAL;-;-;-;-;-;-;-;-;-;120,575;-;-;-;-;-;-;-
DOLQ27C006400;BRBMEFDA0445;FINANCIAL;-;-;-;-;-;-;-;-;-;114,171;-;-;-;-;-;-;-
DOLQ27C006450;BRBMEFDA0452;FINANCIAL;-;-;-;-;-;-;-;-;-;107,398;-;-;-;-;-;-;-
DOLQ27C006500;BRBMEFDA0460;FINANCIAL;-;-;-;-;-;-;-;-;-;101,056;-;-;-;-;-;-;-
DOLQ27C006750;BRBMEFDA04D7;FINANCIAL;-;-;-;-;-;-;-;-;-;74,787;-;-;-;-;-;-;-
DOLQ27P004500;BRBMEFVA02Z6;FINANCIAL;-;-;-;-;-;-;-;-;-;12,985;-;-;-;-;-;-;-
DOLQ27P004550;BRBMEFVA0302;FINANCIAL;-;-;-;-;-;-;-;-;-;15,735;-;-;-;-;-;-;-
DOLQ27P004600;BRBMEFVA0310;FINANCIAL;-;-;-;-;-;-;-;-;-;18,938;-;-;-;-;-;-;-
DOLQ27P004650;BRBMEFVA0328;FINANCIAL;-;-;-;-;-;-;-;-;-;22,646;-;-;-;-;-;-;-
DOLQ27P004700;BRBMEFVA0336;FINANCIAL;-;-;-;-;-;-;-;-;-;26,908;-;-;-;-;-;-;-
DOLQ27P004750;BRBMEFVA0344;FINANCIAL;-;-;-;-;-;-;-;-;-;31,779;-;-;-;-;-;-;-
DOLQ27P004800;BRBMEFVA0351;FINANCIAL;-;-;-;-;-;-;-;-;-;37,598;-;-;-;-;-;-;-
DOLQ27P004850;BRBMEFVA0369;FINANCIAL;-;-;-;-;-;-;-;-;-;44,185;-;-;-;-;-;-;-
DOLQ27P004900;BRBMEFVA0377;FINANCIAL;-;-;-;-;-;-;-;-;-;51,596;-;-;-;-;-;-;-
DOLQ27P004950;BRBMEFVA0385;FINANCIAL;-;-;-;-;-;-;-;-;-;59,879;-;-;-;-;-;-;-
DOLQ27P005000;BRBMEFVA0393;FINANCIAL;-;-;-;-;-;-;-;-;-;69,085;-;-;-;-;-;-;-
DOLQ27P005050;BRBMEFVA03A7;FINANCIAL;-;-;-;-;-;-;-;-;-;79,256;-;-;-;-;-;-;-
DOLQ27P005100;BRBMEFVA03B5;FINANCIAL;-;-;-;-;-;-;-;-;-;90,434;-;-;-;-;-;-;-
DOLQ27P005150;BRBMEFVA03C3;FINANCIAL;-;-;-;-;-;-;-;-;-;102,654;-;-;-;-;-;-;-
DOLQ27P005200;BRBMEFVA03D1;FINANCIAL;-;-;-;-;-;-;-;-;-;116,944;-;-;-;-;-;-;-
DOLQ27P005250;BRBMEFVA03E9;FINANCIAL;-;-;-;-;-;-;-;-;-;133,112;-;-;-;-;-;-;-
DOLQ27P005300;BRBMEFVA03F6;FINANCIAL;-;-;-;-;-;-;-;-;-;150,524;-;-;-;-;-;-;-
DOLQ27P005350;BRBMEFVA03G4;FINANCIAL;-;-;-;-;-;-;-;-;-;169,17;-;-;-;-;-;-;-
DOLQ27P005400;BRBMEFVA03H2;FINANCIAL;-;-;-;-;-;-;-;-;-;189,036;-;-;-;-;-;-;-
DOLQ27P005450;BRBMEFVA03I0;FINANCIAL;-;-;-;-;-;-;-;-;-;209,71;-;-;-;-;-;-;-
DOLQ27P005500;BRBMEFVA02Y9;FINANCIAL;-;-;-;-;-;-;-;-;-;231,543;-;-;-;-;-;-;-
DOLQ27P005550;BRBMEFVA03J8;FINANCIAL;-;-;-;-;-;-;-;-;-;254,309;-;-;-;-;-;-;-
DOLQ27P005600;BRBMEFVA03K6;FINANCIAL;-;-;-;-;-;-;-;-;-;278,376;-;-;-;-;-;-;-
DOLQ27P005650;BRBMEFVA03L4;FINANCIAL;-;-;-;-;-;-;-;-;-;303,309;-;-;-;-;-;-;-
DOLQ27P005700;BRBMEFVA03M2;FINANCIAL;-;-;-;-;-;-;-;-;-;329,881;-;-;-;-;-;-;-
DOLQ27P005750;BRBMEFVA03N0;FINANCIAL;-;-;-;-;-;-;-;-;-;357,85;-;-;-;-;-;-;-
DOLQ27P005800;BRBMEFVA03O8;FINANCIAL;-;-;-;-;-;-;-;-;-;386,764;-;-;-;-;-;-;-
DOLQ27P005850;BRBMEFVA03P5;FINANCIAL;-;-;-;-;-;-;-;-;-;416,775;-;-;-;-;-;-;-
DOLQ27P005900;BRBMEFVA03Q3;FINANCIAL;-;-;-;-;-;-;-;-;-;447,633;-;-;-;-;-;-;-
DOLQ27P005950;BRBMEFVA03R1;FINANCIAL;-;-;-;-;-;-;-;-;-;479,289;-;-;-;-;-;-;-
DOLQ27P006000;BRBMEFVA03S9;FINANCIAL;-;-;-;-;-;-;-;-;-;511,698;-;-;-;-;-;-;-
DOLQ27P006050;BRBMEFVA03T7;FINANCIAL;-;-;-;-;-;-;-;-;-;544,626;-;-;-;-;-;-;-
DOLQ27P006100;BRBMEFVA03U5;FINANCIAL;-;-;-;-;-;-;-;-;-;578,41;-;-;-;-;-;-;-
DOLQ27P006150;BRBMEFVA03V3;FINANCIAL;-;-;-;-;-;-;-;-;-;612,637;-;-;-;-;-;-;-
DOLQ27P006200;BRBMEFVA03W1;FINANCIAL;-;-;-;-;-;-;-;-;-;647,633;-;-;-;-;-;-;-
DOLQ27P006250;BRBMEFVA03X9;FINANCIAL;-;-;-;-;-;-;-;-;-;683,175;-;-;-;-;-;-;-
DOLQ27P006300;BRBMEFVA03Y7;FINANCIAL;-;-;-;-;-;-;-;-;-;719,228;-;-;-;-;-;-;-
DOLQ27P006350;BRBMEFVA03Z4;FINANCIAL;-;-;-;-;-;-;-;-;-;755,758;-;-;-;-;-;-;-
DOLQ27P006400;BRBMEFVA0401;FINANCIAL;-;-;-;-;-;-;-;-;-;792,734;-;-;-;-;-;-;-
DOLQ27P006450;BRBMEFVA0419;FINANCIAL;-;-;-;-;-;-;-;-;-;829,341;-;-;-;-;-;-;-
DOLQ27P006500;BRBMEFVA0427;FINANCIAL;-;-;-;-;-;-;-;-;-;866,378;-;-;-;-;-;-;-
DOLQ27P006750;BRBMEFVA0492;FINANCIAL;-;-;-;-;-;-;-;-;-;1057,01;-;-;-;-;-;-;-
DOLU26C004500;BRBMEFCS01S5;FINANCIAL;-;-;-;-;-;-;-;-;-;727,868;-;-;-;-;-;-;-
DOLU26C004550;BRBMEFCS01T3;FINANCIAL;-;-;-;-;-;-;-;-;-;679,039;-;-;-;-;-;-;-
DOLU26C004600;BRBMEFCS01U1;FINANCIAL;-;-;-;-;-;-;-;-;-;630,227;-;-;-;-;-;-;-
DOLU26C004650;BRBMEFCS01V9;FINANCIAL;-;-;-;-;-;-;-;-;-;581,452;-;-;-;-;-;-;-
DOLU26C004700;BRBMEFCS01W7;FINANCIAL;-;-;-;-;-;-;-;-;-;532,758;-;-;-;-;-;-;-
DOLU26C004750;BRBMEFCS01X5;FINANCIAL;-;-;-;-;-;-;-;-;-;484,226;-;-;-;-;-;-;-
DOLU26C004800;BRBMEFCS01Y3;FINANCIAL;-;-;-;-;-;-;-;-;-;436,011;-;-;-;-;-;-;-
DOLU26C004850;BRBMEFCS01Z0;FINANCIAL;-;-;-;-;-;-;-;-;-;388,357;-;-;-;-;-;-;-
DOLU26C004900;BRBMEFCS0206;FINANCIAL;-;-;-;-;-;-;-;-;-;341,605;-;-;-;-;-;-;-
DOLU26C004950;BRBMEFCS0214;FINANCIAL;-;-;-;-;-;-;-;-;-;296,347;-;-;-;-;-;-;-
DOLU26C005000;BRBMEFCS0222;FINANCIAL;-;-;-;-;-;-;-;-;-;253,334;-;-;-;-;-;-;-
DOLU26C005050;BRBMEFCS0230;FINANCIAL;-;-;-;-;-;-;-;-;-;213,335;-;-;-;-;-;-;-
DOLU26C005100;BRBMEFCS0248;FINANCIAL;-;-;-;-;-;-;-;-;-;176,88;-;-;-;-;-;-;-
DOLU26C005150;BRBMEFCS0255;FINANCIAL;-;-;-;-;-;-;-;-;-;144,91;-;-;-;-;-;-;-
DOLU26C005200;BRBMEFCS0263;FINANCIAL;128,737;128,737;128,738;128,737;128,738;17,03;-;-;-;118,372;-;-;-;-;2;15;96553,25
DOLU26C005250;BRBMEFCS0271;FINANCIAL;-;-;-;-;-;-;-;-;-;97,026;-;-;-;-;-;-;-
DOLU26C005300;BRBMEFCS0289;FINANCIAL;-;-;-;-;-;-;-;-;-;79,413;-;-;-;-;-;-;-
DOLU26C005350;BRBMEFCS0297;FINANCIAL;-;-;-;-;-;-;-;-;-;65,315;-;-;-;-;-;-;-
DOLU26C005400;BRBMEFCS02A1;FINANCIAL;50;50;50;50;50;4,16;-;-;-;53,536;-;-;-;-;1;5;12500
DOLU26C005450;BRBMEFCS02B9;FINANCIAL;-;-;-;-;-;-;-;-;-;44,09;-;-;-;-;-;-;-
DOLU26C005500;BRBMEFCS02C7;FINANCIAL;-;-;-;-;-;-;-;-;-;35,774;-;-;-;-;-;-;-
DOLU26C005550;BRBMEFCS02D5;FINANCIAL;-;-;-;-;-;-;-;-;-;28,959;-;-;-;-;-;-;-
DOLU26C005600;BRBMEFCS02E3;FINANCIAL;-;-;-;-;-;-;-;-;-;23,481;-;-;-;-;-;-;-
DOLU26C005650;BRBMEFCS02F0;FINANCIAL;-;-;-;-;-;-;-;-;-;19,129;-;-;-;-;-;-;-
DOLU26C005700;BRBMEFCS02G8;FINANCIAL;-;-;-;-;-;-;-;-;-;15,675;-;-;-;-;-;-;-
DOLU26C005750;BRBMEFCS02H6;FINANCIAL;-;-;-;-;-;-;-;-;-;12,36;-;-;-;-;-;-;-
DOLU26C005800;BRBMEFCS02I4;FINANCIAL;-;-;-;-;-;-;-;-;-;9,678;-;-;-;-;-;-;-
DOLU26C005850;BRBMEFCS02J2;FINANCIAL;-;-;-;-;-;-;-;-;-;7,543;-;-;-;-;-;-;-
DOLU26C005900;BRBMEFCS02K0;FINANCIAL;-;-;-;-;-;-;-;-;-;5,752;-;-;-;-;-;-;-
DOLU26C005950;BRBMEFCS02L8;FINANCIAL;-;-;-;-;-;-;-;-;-;4,305;-;-;-;-;-;-;-
DOLU26C006000;BRBMEFCS02M6;FINANCIAL;-;-;-;-;-;-;-;-;-;3,204;-;-;-;-;-;-;-
DOLU26C006050;BRBMEFCS02N4;FINANCIAL;-;-;-;-;-;-;-;-;-;2,372;-;-;-;-;-;-;-
DOLU26C006100;BRBMEFCS02O2;FINANCIAL;-;-;-;-;-;-;-;-;-;1,746;-;-;-;-;-;-;-
DOLU26C006150;BRBMEFCS02P9;FINANCIAL;-;-;-;-;-;-;-;-;-;1,286;-;-;-;-;-;-;-
DOLU26C006200;BRBMEFCS02Q7;FINANCIAL;-;-;-;-;-;-;-;-;-;0,915;-;-;-;-;-;-;-
DOLU26C006250;BRBMEFCS02R5;FINANCIAL;-;-;-;-;-;-;-;-;-;0,639;-;-;-;-;-;-;-
DOLU26C006300;BRBMEFCS02S3;FINANCIAL;-;-;-;-;-;-;-;-;-;0,442;-;-;-;-;-;-;-
DOLU26C006350;BRBMEFCS02T1;FINANCIAL;-;-;-;-;-;-;-;-;-;0,303;-;-;-;-;-;-;-
DOLU26C006400;BRBMEFCS02U9;FINANCIAL;-;-;-;-;-;-;-;-;-;0,206;-;-;-;-;-;-;-
DOLU26C006450;BRBMEFCS02V7;FINANCIAL;-;-;-;-;-;-;-;-;-;0,139;-;-;-;-;-;-;-
DOLU26C006500;BRBMEFCS02W5;FINANCIAL;-;-;-;-;-;-;-;-;-;0,093;-;-;-;-;-;-;-
DOLU26C006550;BRBMEFCS02X3;FINANCIAL;-;-;-;-;-;-;-;-;-;0,062;-;-;-;-;-;-;-
DOLU26C006600;BRBMEFCS02Y1;FINANCIAL;-;-;-;-;-;-;-;-;-;0,041;-;-;-;-;-;-;-
DOLU26C007000;BRBMEFCS02Z8;FINANCIAL;-;-;-;-;-;-;-;-;-;0,001;-;-;-;-;-;-;-
DOLU26P004500;BRBMEFVS0211;FINANCIAL;-;-;-;-;-;-;-;-;-;0,005;-;-;-;-;-;-;-
DOLU26P004550;BRBMEFVS0229;FINANCIAL;-;-;-;-;-;-;-;-;-;0,015;-;-;-;-;-;-;-
DOLU26P004600;BRBMEFVS0237;FINANCIAL;-;-;-;-;-;-;-;-;-;0,041;-;-;-;-;-;-;-
DOLU26P004650;BRBMEFVS0245;FINANCIAL;-;-;-;-;-;-;-;-;-;0,104;-;-;-;-;-;-;-
DOLU26P004700;BRBMEFVS0252;FINANCIAL;-;-;-;-;-;-;-;-;-;0,248;-;-;-;-;-;-;-
DOLU26P004750;BRBMEFVS0260;FINANCIAL;-;-;-;-;-;-;-;-;-;0,554;-;-;-;-;-;-;-
DOLU26P004800;BRBMEFVS0278;FINANCIAL;-;-;-;-;-;-;-;-;-;1,177;-;-;-;-;-;-;-
DOLU26P004850;BRBMEFVS0286;FINANCIAL;-;-;-;-;-;-;-;-;-;2,361;-;-;-;-;-;-;-
DOLU26P004900;BRBMEFVS0294;FINANCIAL;-;-;-;-;-;-;-;-;-;4,447;-;-;-;-;-;-;-
DOLU26P004950;BRBMEFVS02A1;FINANCIAL;-;-;-;-;-;-;-;-;-;8,027;-;-;-;-;-;-;-
DOLU26P005000;BRBMEFVS02B9;FINANCIAL;-;-;-;-;-;-;-;-;-;13,853;-;-;-;-;-;-;-
DOLU26P005050;BRBMEFVS02C7;FINANCIAL;-;-;-;-;-;-;-;-;-;22,692;-;-;-;-;-;-;-
DOLU26P005100;BRBMEFVS02D5;FINANCIAL;-;-;-;-;-;-;-;-;-;35,074;-;-;-;-;-;-;-
DOLU26P005150;BRBMEFVS02E3;FINANCIAL;-;-;-;-;-;-;-;-;-;51,943;-;-;-;-;-;-;-
DOLU26P005200;BRBMEFVS02F0;FINANCIAL;74,571;74,571;74,571;74,571;74,571;-6,78;-;-;-;74,243;-;-;-;-;1;15;55928,25
DOLU26P005250;BRBMEFVS02G8;FINANCIAL;-;-;-;-;-;-;-;-;-;101,734;-;-;-;-;-;-;-
DOLU26P005300;BRBMEFVS02H6;FINANCIAL;-;-;-;-;-;-;-;-;-;132,96;-;-;-;-;-;-;-
DOLU26P005350;BRBMEFVS02I4;FINANCIAL;-;-;-;-;-;-;-;-;-;167,7;-;-;-;-;-;-;-
DOLU26P005400;BRBMEFVS02J2;FINANCIAL;-;-;-;-;-;-;-;-;-;204,759;-;-;-;-;-;-;-
DOLU26P005450;BRBMEFVS02K0;FINANCIAL;-;-;-;-;-;-;-;-;-;244,152;-;-;-;-;-;-;-
DOLU26P005500;BRBMEFVS02L8;FINANCIAL;-;-;-;-;-;-;-;-;-;284,674;-;-;-;-;-;-;-
DOLU26P005550;BRBMEFVS02M6;FINANCIAL;-;-;-;-;-;-;-;-;-;326,696;-;-;-;-;-;-;-
DOLU26P005600;BRBMEFVS02N4;FINANCIAL;-;-;-;-;-;-;-;-;-;370,057;-;-;-;-;-;-;-
DOLU26P005650;BRBMEFVS02O2;FINANCIAL;-;-;-;-;-;-;-;-;-;414,543;-;-;-;-;-;-;-
DOLU26P005700;BRBMEFVS02P9;FINANCIAL;-;-;-;-;-;-;-;-;-;459,927;-;-;-;-;-;-;-
DOLU26P005750;BRBMEFVS02Q7;FINANCIAL;-;-;-;-;-;-;-;-;-;505,45;-;-;-;-;-;-;-
DOLU26P005800;BRBMEFVS02R5;FINANCIAL;-;-;-;-;-;-;-;-;-;551,606;-;-;-;-;-;-;-
DOLU26P005850;BRBMEFVS02S3;FINANCIAL;-;-;-;-;-;-;-;-;-;598,309;-;-;-;-;-;-;-
DOLU26P005900;BRBMEFVS02T1;FINANCIAL;-;-;-;-;-;-;-;-;-;645,356;-;-;-;-;-;-;-
DOLU26P005950;BRBMEFVS02U9;FINANCIAL;-;-;-;-;-;-;-;-;-;692,747;-;-;-;-;-;-;-
DOLU26P006000;BRBMEFVS02V7;FINANCIAL;-;-;-;-;-;-;-;-;-;740,484;-;-;-;-;-;-;-
DOLU26P006050;BRBMEFVS02W5;FINANCIAL;-;-;-;-;-;-;-;-;-;788,49;-;-;-;-;-;-;-
DOLU26P006100;BRBMEFVS02X3;FINANCIAL;823,4;823,4;823,4;823,4;823,4;-;-;-;-;836,703;-;-;-;-;1;30;1235100
DOLU26P006150;BRBMEFVS02Y1;FINANCIAL;-;-;-;-;-;-;-;-;-;885,081;-;-;-;-;-;-;-
DOLU26P006200;BRBMEFVS02Z8;FINANCIAL;-;-;-;-;-;-;-;-;-;933,548;-;-;-;-;-;-;-
DOLU26P006250;BRBMEFVS0302;FINANCIAL;-;-;-;-;-;-;-;-;-;982,11;-;-;-;-;-;-;-
DOLU26P006300;BRBMEFVS0310;FINANCIAL;-;-;-;-;-;-;-;-;-;1030,751;-;-;-;-;-;-;-
DOLU26P006350;BRBMEFVS0328;FINANCIAL;-;-;-;-;-;-;-;-;-;1079,45;-;-;-;-;-;-;-
DOLU26P006400;BRBMEFVS0336;FINANCIAL;-;-;-;-;-;-;-;-;-;1128,191;-;-;-;-;-;-;-
DOLU26P006450;BRBMEFVS0344;FINANCIAL;-;-;-;-;-;-;-;-;-;1176,962;-;-;-;-;-;-;-
DOLU26P006500;BRBMEFVS0351;FINANCIAL;-;-;-;-;-;-;-;-;-;1225,754;-;-;-;-;-;-;-
DOLU26P006550;BRBMEFVS0369;FINANCIAL;-;-;-;-;-;-;-;-;-;1274,561;-;-;-;-;-;-;-
DOLU26P006600;BRBMEFVS0377;FINANCIAL;-;-;-;-;-;-;-;-;-;1323,378;-;-;-;-;-;-;-
DOLU26P007000;BRBMEFVS0385;FINANCIAL;-;-;-;-;-;-;-;-;-;1714,044;-;-;-;-;-;-;-
DOLV26C004500;BRBMEFCD46L7;FINANCIAL;-;-;-;-;-;-;-;-;-;754,176;-;-;-;-;-;-;-
DOLV26C004550;BRBMEFCD4726;FINANCIAL;-;-;-;-;-;-;-;-;-;705,942;-;-;-;-;-;-;-
DOLV26C004600;BRBMEFCD4734;FINANCIAL;-;-;-;-;-;-;-;-;-;657,778;-;-;-;-;-;-;-
DOLV26C004650;BRBMEFCD4742;FINANCIAL;-;-;-;-;-;-;-;-;-;609,741;-;-;-;-;-;-;-
DOLV26C004700;BRBMEFCD4759;FINANCIAL;-;-;-;-;-;-;-;-;-;561,914;-;-;-;-;-;-;-
DOLV26C004750;BRBMEFCD4767;FINANCIAL;-;-;-;-;-;-;-;-;-;514,436;-;-;-;-;-;-;-
DOLV26C004800;BRBMEFCD4775;FINANCIAL;-;-;-;-;-;-;-;-;-;467,464;-;-;-;-;-;-;-
DOLV26C004850;BRBMEFCD4783;FINANCIAL;-;-;-;-;-;-;-;-;-;421,266;-;-;-;-;-;-;-
DOLV26C004900;BRBMEFCD4791;FINANCIAL;-;-;-;-;-;-;-;-;-;376,165;-;-;-;-;-;-;-
DOLV26C004950;BRBMEFCD47A8;FINANCIAL;-;-;-;-;-;-;-;-;-;332,594;-;-;-;-;-;-;-
DOLV26C005000;BRBMEFCD41F0;FINANCIAL;-;-;-;-;-;-;-;-;-;291,733;-;-;-;-;-;-;-
DOLV26C005050;BRBMEFCD47B6;FINANCIAL;-;-;-;-;-;-;-;-;-;253,439;-;-;-;-;-;-;-
DOLV26C005100;BRBMEFCD41G8;FINANCIAL;-;-;-;-;-;-;-;-;-;218,272;-;-;-;-;-;-;-
DOLV26C005150;BRBMEFCD47C4;FINANCIAL;-;-;-;-;-;-;-;-;-;187,465;-;-;-;-;-;-;-
DOLV26C005200;BRBMEFCD41H6;FINANCIAL;-;-;-;-;-;-;-;-;-;160,172;-;-;-;-;-;-;-
DOLV26C005250;BRBMEFCD47D2;FINANCIAL;-;-;-;-;-;-;-;-;-;135,975;-;-;-;-;-;-;-
DOLV26C005300;BRBMEFCD41I4;FINANCIAL;-;-;-;-;-;-;-;-;-;115,282;-;-;-;-;-;-;-
DOLV26C005350;BRBMEFCD47E0;FINANCIAL;-;-;-;-;-;-;-;-;-;98,445;-;-;-;-;-;-;-
DOLV26C005400;BRBMEFCD41J2;FINANCIAL;85,2;85,2;85,2;85,2;85,2;-16,38;-;-;-;84,374;-;-;-;-;1;800;3408000
DOLV26C005450;BRBMEFCD47F7;FINANCIAL;-;-;-;-;-;-;-;-;-;72,125;-;-;-;-;-;-;-
DOLV26C005500;BRBMEFCD41K0;FINANCIAL;81;56;81;68,5;56;-30,17;-;-;-;61,789;-;-;-;-;2;10;34250
DOLV26C005550;BRBMEFCD47G5;FINANCIAL;-;-;-;-;-;-;-;-;-;53,248;-;-;-;-;-;-;-
DOLV26C005600;BRBMEFCD41L8;FINANCIAL;-;-;-;-;-;-;-;-;-;45,049;-;-;-;-;-;-;-
DOLV26C005650;BRBMEFCD47H3;FINANCIAL;-;-;-;-;-;-;-;-;-;38,14;-;-;-;-;-;-;-
DOLV26C005700;BRBMEFCD41M6;FINANCIAL;-;-;-;-;-;-;-;-;-;32,328;-;-;-;-;-;-;-
DOLV26C005750;BRBMEFCD44C1;FINANCIAL;-;-;-;-;-;-;-;-;-;27,501;-;-;-;-;-;-;-
DOLV26C005800;BRBMEFCD41N4;FINANCIAL;-;-;-;-;-;-;-;-;-;23,445;-;-;-;-;-;-;-
DOLV26C005850;BRBMEFCD44D9;FINANCIAL;-;-;-;-;-;-;-;-;-;20,035;-;-;-;-;-;-;-
DOLV26C005900;BRBMEFCD41O2;FINANCIAL;-;-;-;-;-;-;-;-;-;16,866;-;-;-;-;-;-;-
DOLV26C005950;BRBMEFCD44E7;FINANCIAL;-;-;-;-;-;-;-;-;-;13,985;-;-;-;-;-;-;-
DOLV26C006000;BRBMEFCD41P9;FINANCIAL;11,5;11,5;11,5;11,5;11,5;-32,35;-;-;-;11,59;-;-;-;-;1;5;2875
DOLV26C006050;BRBMEFCD44F4;FINANCIAL;-;-;-;-;-;-;-;-;-;9,602;-;-;-;-;-;-;-
DOLV26C006100;BRBMEFCD41Q7;FINANCIAL;-;-;-;-;-;-;-;-;-;7,853;-;-;-;-;-;-;-
DOLV26C006150;BRBMEFCD44G2;FINANCIAL;-;-;-;-;-;-;-;-;-;6,307;-;-;-;-;-;-;-
DOLV26C006200;BRBMEFCD41R5;FINANCIAL;-;-;-;-;-;-;-;-;-;5,05;-;-;-;-;-;-;-
DOLV26C006250;BRBMEFCD44H0;FINANCIAL;-;-;-;-;-;-;-;-;-;4,033;-;-;-;-;-;-;-
DOLV26C006300;BRBMEFCD41S3;FINANCIAL;-;-;-;-;-;-;-;-;-;3,212;-;-;-;-;-;-;-
DOLV26C006350;BRBMEFCD46K9;FINANCIAL;-;-;-;-;-;-;-;-;-;2,552;-;-;-;-;-;-;-
DOLV26C006400;BRBMEFCD41T1;FINANCIAL;-;-;-;-;-;-;-;-;-;2,023;-;-;-;-;-;-;-
DOLV26C006450;BRBMEFCD41U9;FINANCIAL;-;-;-;-;-;-;-;-;-;1,601;-;-;-;-;-;-;-
DOLV26C006500;BRBMEFCD41V7;FINANCIAL;-;-;-;-;-;-;-;-;-;1,245;-;-;-;-;-;-;-
DOLV26C006550;BRBMEFCD41W5;FINANCIAL;-;-;-;-;-;-;-;-;-;0,951;-;-;-;-;-;-;-
DOLV26C006600;BRBMEFCD41X3;FINANCIAL;-;-;-;-;-;-;-;-;-;0,722;-;-;-;-;-;-;-
DOLV26C006650;BRBMEFCD41Y1;FINANCIAL;-;-;-;-;-;-;-;-;-;0,546;-;-;-;-;-;-;-
DOLV26C006700;BRBMEFCD41Z8;FINANCIAL;-;-;-;-;-;-;-;-;-;0,411;-;-;-;-;-;-;-
DOLV26C006750;BRBMEFCD4205;FINANCIAL;-;-;-;-;-;-;-;-;-;0,308;-;-;-;-;-;-;-
DOLV26C006800;BRBMEFCD4213;FINANCIAL;-;-;-;-;-;-;-;-;-;0,23;-;-;-;-;-;-;-
DOLV26C006850;BRBMEFCD4221;FINANCIAL;-;-;-;-;-;-;-;-;-;0,171;-;-;-;-;-;-;-
DOLV26C006900;BRBMEFCD4239;FINANCIAL;-;-;-;-;-;-;-;-;-;0,127;-;-;-;-;-;-;-
DOLV26C006950;BRBMEFCD4247;FINANCIAL;-;-;-;-;-;-;-;-;-;0,093;-;-;-;-;-;-;-
DOLV26C007000;BRBMEFCD4254;FINANCIAL;-;-;-;-;-;-;-;-;-;0,068;-;-;-;-;-;-;-
DOLV26C007100;BRBMEFCD44K4;FINANCIAL;-;-;-;-;-;-;-;-;-;0,036;-;-;-;-;-;-;-
DOLV26C007200;BRBMEFCD44L2;FINANCIAL;-;-;-;-;-;-;-;-;-;0,019;-;-;-;-;-;-;-
DOLV26C007300;BRBMEFCD44M0;FINANCIAL;-;-;-;-;-;-;-;-;-;0,01;-;-;-;-;-;-;-
DOLV26C007400;BRBMEFCD44N8;FINANCIAL;-;-;-;-;-;-;-;-;-;0,005;-;-;-;-;-;-;-
DOLV26C007500;BRBMEFCD44I8;FINANCIAL;-;-;-;-;-;-;-;-;-;0,003;-;-;-;-;-;-;-
DOLV26P004500;BRBMEFVD46M5;FINANCIAL;-;-;-;-;-;-;-;-;-;0,066;-;-;-;-;-;-;-
DOLV26P004550;BRBMEFVD4731;FINANCIAL;-;-;-;-;-;-;-;-;-;0,142;-;-;-;-;-;-;-
DOLV26P004600;BRBMEFVD4749;FINANCIAL;-;-;-;-;-;-;-;-;-;0,288;-;-;-;-;-;-;-
DOLV26P004650;BRBMEFVD4756;FINANCIAL;-;-;-;-;-;-;-;-;-;0,561;-;-;-;-;-;-;-
DOLV26P004700;BRBMEFVD4764;FINANCIAL;-;-;-;-;-;-;-;-;-;1,044;-;-;-;-;-;-;-
DOLV26P004750;BRBMEFVD4772;FINANCIAL;-;-;-;-;-;-;-;-;-;1,876;-;-;-;-;-;-;-
DOLV26P004800;BRBMEFVD4780;FINANCIAL;-;-;-;-;-;-;-;-;-;3,214;-;-;-;-;-;-;-
DOLV26P004850;BRBMEFVD4798;FINANCIAL;-;-;-;-;-;-;-;-;-;5,326;-;-;-;-;-;-;-
DOLV26P004900;BRBMEFVD47A8;FINANCIAL;-;-;-;-;-;-;-;-;-;8,535;-;-;-;-;-;-;-
DOLV26P004950;BRBMEFVD47B6;FINANCIAL;-;-;-;-;-;-;-;-;-;13,274;-;-;-;-;-;-;-
DOLV26P005000;BRBMEFVD41E3;FINANCIAL;-;-;-;-;-;-;-;-;-;20,722;-;-;-;-;-;-;-
DOLV26P005050;BRBMEFVD47C4;FINANCIAL;-;-;-;-;-;-;-;-;-;30,738;-;-;-;-;-;-;-
DOLV26P005100;BRBMEFVD41G8;FINANCIAL;-;-;-;-;-;-;-;-;-;43,881;-;-;-;-;-;-;-
DOLV26P005150;BRBMEFVD47D2;FINANCIAL;-;-;-;-;-;-;-;-;-;61,384;-;-;-;-;-;-;-
DOLV26P005200;BRBMEFVD41I4;FINANCIAL;-;-;-;-;-;-;-;-;-;82,402;-;-;-;-;-;-;-
DOLV26P005250;BRBMEFVD47E0;FINANCIAL;-;-;-;-;-;-;-;-;-;106,514;-;-;-;-;-;-;-
DOLV26P005300;BRBMEFVD41J2;FINANCIAL;-;-;-;-;-;-;-;-;-;134,131;-;-;-;-;-;-;-
DOLV26P005350;BRBMEFVD47F7;FINANCIAL;-;-;-;-;-;-;-;-;-;165,604;-;-;-;-;-;-;-
DOLV26P005400;BRBMEFVD41K0;FINANCIAL;-;-;-;-;-;-;-;-;-;199,843;-;-;-;-;-;-;-
DOLV26P005450;BRBMEFVD47G5;FINANCIAL;-;-;-;-;-;-;-;-;-;235,904;-;-;-;-;-;-;-
DOLV26P005500;BRBMEFVD41L8;FINANCIAL;-;-;-;-;-;-;-;-;-;273,878;-;-;-;-;-;-;-
DOLV26P005550;BRBMEFVD47H3;FINANCIAL;-;-;-;-;-;-;-;-;-;313,646;-;-;-;-;-;-;-
DOLV26P005600;BRBMEFVD41M6;FINANCIAL;-;-;-;-;-;-;-;-;-;353,758;-;-;-;-;-;-;-
DOLV26P005650;BRBMEFVD47I1;FINANCIAL;-;-;-;-;-;-;-;-;-;395,159;-;-;-;-;-;-;-
DOLV26P005700;BRBMEFVD41N4;FINANCIAL;-;-;-;-;-;-;-;-;-;437,656;-;-;-;-;-;-;-
DOLV26P005750;BRBMEFVD44D9;FINANCIAL;-;-;-;-;-;-;-;-;-;481,14;-;-;-;-;-;-;-
DOLV26P005800;BRBMEFVD41O2;FINANCIAL;-;-;-;-;-;-;-;-;-;525,394;-;-;-;-;-;-;-
DOLV26P005850;BRBMEFVD44E7;FINANCIAL;-;-;-;-;-;-;-;-;-;570,294;-;-;-;-;-;-;-
DOLV26P005900;BRBMEFVD41P9;FINANCIAL;-;-;-;-;-;-;-;-;-;615,434;-;-;-;-;-;-;-
DOLV26P005950;BRBMEFVD44F4;FINANCIAL;-;-;-;-;-;-;-;-;-;660,863;-;-;-;-;-;-;-
DOLV26P006000;BRBMEFVD41Q7;FINANCIAL;-;-;-;-;-;-;-;-;-;706,778;-;-;-;-;-;-;-
DOLV26P006050;BRBMEFVD44G2;FINANCIAL;-;-;-;-;-;-;-;-;-;753,1;-;-;-;-;-;-;-
DOLV26P006100;BRBMEFVD41R5;FINANCIAL;-;-;-;-;-;-;-;-;-;799,661;-;-;-;-;-;-;-
DOLV26P006150;BRBMEFVD44H0;FINANCIAL;-;-;-;-;-;-;-;-;-;846,425;-;-;-;-;-;-;-
DOLV26P006200;BRBMEFVD41S3;FINANCIAL;-;-;-;-;-;-;-;-;-;893,478;-;-;-;-;-;-;-
DOLV26P006250;BRBMEFVD44I8;FINANCIAL;-;-;-;-;-;-;-;-;-;940,771;-;-;-;-;-;-;-
DOLV26P006300;BRBMEFVD41T1;FINANCIAL;-;-;-;-;-;-;-;-;-;988,26;-;-;-;-;-;-;-
DOLV26P006350;BRBMEFVD46L7;FINANCIAL;-;-;-;-;-;-;-;-;-;1035,91;-;-;-;-;-;-;-
DOLV26P006400;BRBMEFVD41U9;FINANCIAL;-;-;-;-;-;-;-;-;-;1083,691;-;-;-;-;-;-;-
DOLV26P006450;BRBMEFVD41V7;FINANCIAL;-;-;-;-;-;-;-;-;-;1131,578;-;-;-;-;-;-;-
DOLV26P006500;BRBMEFVD41W5;FINANCIAL;-;-;-;-;-;-;-;-;-;1179,533;-;-;-;-;-;-;-
DOLV26P006550;BRBMEFVD41X3;FINANCIAL;-;-;-;-;-;-;-;-;-;1227,548;-;-;-;-;-;-;-
DOLV26P006600;BRBMEFVD41Y1;FINANCIAL;-;-;-;-;-;-;-;-;-;1275,63;-;-;-;-;-;-;-
DOLV26P006650;BRBMEFVD41Z8;FINANCIAL;-;-;-;-;-;-;-;-;-;1323,764;-;-;-;-;-;-;-
DOLV26P006700;BRBMEFVD4202;FINANCIAL;-;-;-;-;-;-;-;-;-;1371,938;-;-;-;-;-;-;-
DOLV26P006750;BRBMEFVD4210;FINANCIAL;-;-;-;-;-;-;-;-;-;1420,145;-;-;-;-;-;-;-
DOLV26P006800;BRBMEFVD4228;FINANCIAL;-;-;-;-;-;-;-;-;-;1468,377;-;-;-;-;-;-;-
DOLV26P006850;BRBMEFVD4236;FINANCIAL;-;-;-;-;-;-;-;-;-;1516,628;-;-;-;-;-;-;-
DOLV26P006900;BRBMEFVD4244;FINANCIAL;-;-;-;-;-;-;-;-;-;1564,893;-;-;-;-;-;-;-
DOLV26P006950;BRBMEFVD4251;FINANCIAL;-;-;-;-;-;-;-;-;-;1613,17;-;-;-;-;-;-;-
DOLV26P007000;BRBMEFVD4269;FINANCIAL;-;-;-;-;-;-;-;-;-;1661,455;-;-;-;-;-;-;-
DOLV26P007100;BRBMEFVD44L2;FINANCIAL;-;-;-;-;-;-;-;-;-;1758,043;-;-;-;-;-;-;-
DOLV26P007200;BRBMEFVD44M0;FINANCIAL;-;-;-;-;-;-;-;-;-;1854,646;-;-;-;-;-;-;-
DOLV26P007300;BRBMEFVD44N8;FINANCIAL;-;-;-;-;-;-;-;-;-;1951,256;-;-;-;-;-;-;-
DOLV26P007400;BRBMEFVD44O6;FINANCIAL;-;-;-;-;-;-;-;-;-;2047,871;-;-;-;-;-;-;-
DOLV26P007500;BRBMEFVD44J6;FINANCIAL;-;-;-;-;-;-;-;-;-;2144,489;-;-;-;-;-;-;-
DOLV27C004500;BRBMEFCD45F1;FINANCIAL;-;-;-;-;-;-;-;-;-;1029,294;-;-;-;-;-;-;-
DOLV27C004550;BRBMEFCD45G9;FINANCIAL;-;-;-;-;-;-;-;-;-;989,97;-;-;-;-;-;-;-
DOLV27C004600;BRBMEFCD45H7;FINANCIAL;-;-;-;-;-;-;-;-;-;951,15;-;-;-;-;-;-;-
DOLV27C004650;BRBMEFCD45I5;FINANCIAL;-;-;-;-;-;-;-;-;-;912,816;-;-;-;-;-;-;-
DOLV27C004700;BRBMEFCD45J3;FINANCIAL;-;-;-;-;-;-;-;-;-;874,921;-;-;-;-;-;-;-
DOLV27C004750;BRBMEFCD45K1;FINANCIAL;-;-;-;-;-;-;-;-;-;837,677;-;-;-;-;-;-;-
DOLV27C004800;BRBMEFCD45L9;FINANCIAL;-;-;-;-;-;-;-;-;-;801,148;-;-;-;-;-;-;-
DOLV27C004850;BRBMEFCD45M7;FINANCIAL;-;-;-;-;-;-;-;-;-;765,288;-;-;-;-;-;-;-
DOLV27C004900;BRBMEFCD45N5;FINANCIAL;-;-;-;-;-;-;-;-;-;730,262;-;-;-;-;-;-;-
DOLV27C004950;BRBMEFCD45O3;FINANCIAL;-;-;-;-;-;-;-;-;-;695,873;-;-;-;-;-;-;-
DOLV27C005000;BRBMEFCD45P0;FINANCIAL;-;-;-;-;-;-;-;-;-;662,272;-;-;-;-;-;-;-
DOLV27C005050;BRBMEFCD45Q8;FINANCIAL;-;-;-;-;-;-;-;-;-;629,494;-;-;-;-;-;-;-
DOLV27C005100;BRBMEFCD45R6;FINANCIAL;-;-;-;-;-;-;-;-;-;597,729;-;-;-;-;-;-;-
DOLV27C005150;BRBMEFCD45S4;FINANCIAL;-;-;-;-;-;-;-;-;-;566,701;-;-;-;-;-;-;-
DOLV27C005200;BRBMEFCD45T2;FINANCIAL;-;-;-;-;-;-;-;-;-;536,585;-;-;-;-;-;-;-
DOLV27C005250;BRBMEFCD45U0;FINANCIAL;-;-;-;-;-;-;-;-;-;508,482;-;-;-;-;-;-;-
DOLV27C005300;BRBMEFCD45V8;FINANCIAL;-;-;-;-;-;-;-;-;-;481,415;-;-;-;-;-;-;-
DOLV27C005350;BRBMEFCD45W6;FINANCIAL;-;-;-;-;-;-;-;-;-;455,391;-;-;-;-;-;-;-
DOLV27C005400;BRBMEFCD45X4;FINANCIAL;-;-;-;-;-;-;-;-;-;430,41;-;-;-;-;-;-;-
DOLV27C005450;BRBMEFCD45Y2;FINANCIAL;-;-;-;-;-;-;-;-;-;406,469;-;-;-;-;-;-;-
DOLV27C005500;BRBMEFCD45Z9;FINANCIAL;-;-;-;-;-;-;-;-;-;384,386;-;-;-;-;-;-;-
DOLV27C005550;BRBMEFCD4601;FINANCIAL;-;-;-;-;-;-;-;-;-;363,771;-;-;-;-;-;-;-
DOLV27C005600;BRBMEFCD4619;FINANCIAL;-;-;-;-;-;-;-;-;-;344,19;-;-;-;-;-;-;-
DOLV27C005650;BRBMEFCD4627;FINANCIAL;-;-;-;-;-;-;-;-;-;325,613;-;-;-;-;-;-;-
DOLV27C005700;BRBMEFCD4635;FINANCIAL;-;-;-;-;-;-;-;-;-;308,221;-;-;-;-;-;-;-
DOLV27C005750;BRBMEFCD4643;FINANCIAL;-;-;-;-;-;-;-;-;-;291,551;-;-;-;-;-;-;-
DOLV27C005800;BRBMEFCD4650;FINANCIAL;-;-;-;-;-;-;-;-;-;275,995;-;-;-;-;-;-;-
DOLV27C005850;BRBMEFCD4668;FINANCIAL;-;-;-;-;-;-;-;-;-;261,301;-;-;-;-;-;-;-
DOLV27C005900;BRBMEFCD4676;FINANCIAL;-;-;-;-;-;-;-;-;-;247,43;-;-;-;-;-;-;-
DOLV27C005950;BRBMEFCD4684;FINANCIAL;-;-;-;-;-;-;-;-;-;234,557;-;-;-;-;-;-;-
DOLV27C006000;BRBMEFCD4692;FINANCIAL;-;-;-;-;-;-;-;-;-;222,215;-;-;-;-;-;-;-
DOLV27C006050;BRBMEFCD46A0;FINANCIAL;-;-;-;-;-;-;-;-;-;210,791;-;-;-;-;-;-;-
DOLV27C006100;BRBMEFCD46B8;FINANCIAL;-;-;-;-;-;-;-;-;-;199,827;-;-;-;-;-;-;-
DOLV27C006150;BRBMEFCD46C6;FINANCIAL;-;-;-;-;-;-;-;-;-;189,703;-;-;-;-;-;-;-
DOLV27C006200;BRBMEFCD46D4;FINANCIAL;-;-;-;-;-;-;-;-;-;179,974;-;-;-;-;-;-;-
DOLV27C006250;BRBMEFCD46E2;FINANCIAL;-;-;-;-;-;-;-;-;-;170,813;-;-;-;-;-;-;-
DOLV27C006300;BRBMEFCD46F9;FINANCIAL;-;-;-;-;-;-;-;-;-;162,188;-;-;-;-;-;-;-
DOLV27C006350;BRBMEFCD46G7;FINANCIAL;-;-;-;-;-;-;-;-;-;154,258;-;-;-;-;-;-;-
DOLV27C006400;BRBMEFCD46H5;FINANCIAL;-;-;-;-;-;-;-;-;-;146,611;-;-;-;-;-;-;-
DOLV27C006450;BRBMEFCD46I3;FINANCIAL;-;-;-;-;-;-;-;-;-;139,595;-;-;-;-;-;-;-
DOLV27C006500;BRBMEFCD46J1;FINANCIAL;-;-;-;-;-;-;-;-;-;132,992;-;-;-;-;-;-;-
DOLV27P004500;BRBMEFVD45G9;FINANCIAL;-;-;-;-;-;-;-;-;-;17,226;-;-;-;-;-;-;-
DOLV27P004550;BRBMEFVD45H7;FINANCIAL;-;-;-;-;-;-;-;-;-;20,32;-;-;-;-;-;-;-
DOLV27P004600;BRBMEFVD45I5;FINANCIAL;-;-;-;-;-;-;-;-;-;23,918;-;-;-;-;-;-;-
DOLV27P004650;BRBMEFVD45J3;FINANCIAL;-;-;-;-;-;-;-;-;-;28,003;-;-;-;-;-;-;-
DOLV27P004700;BRBMEFVD45K1;FINANCIAL;-;-;-;-;-;-;-;-;-;32,527;-;-;-;-;-;-;-
DOLV27P004750;BRBMEFVD45L9;FINANCIAL;-;-;-;-;-;-;-;-;-;37,701;-;-;-;-;-;-;-
DOLV27P004800;BRBMEFVD45M7;FINANCIAL;-;-;-;-;-;-;-;-;-;43,59;-;-;-;-;-;-;-
DOLV27P004850;BRBMEFVD45N5;FINANCIAL;-;-;-;-;-;-;-;-;-;50,15;-;-;-;-;-;-;-
DOLV27P004900;BRBMEFVD45O3;FINANCIAL;-;-;-;-;-;-;-;-;-;57,542;-;-;-;-;-;-;-
DOLV27P004950;BRBMEFVD45P0;FINANCIAL;-;-;-;-;-;-;-;-;-;65,572;-;-;-;-;-;-;-
DOLV27P005000;BRBMEFVD45Q8;FINANCIAL;-;-;-;-;-;-;-;-;-;74,389;-;-;-;-;-;-;-
DOLV27P005050;BRBMEFVD45R6;FINANCIAL;-;-;-;-;-;-;-;-;-;84,029;-;-;-;-;-;-;-
DOLV27P005100;BRBMEFVD45S4;FINANCIAL;-;-;-;-;-;-;-;-;-;94,682;-;-;-;-;-;-;-
DOLV27P005150;BRBMEFVD45T2;FINANCIAL;-;-;-;-;-;-;-;-;-;106,073;-;-;-;-;-;-;-
DOLV27P005200;BRBMEFVD45U0;FINANCIAL;-;-;-;-;-;-;-;-;-;118,377;-;-;-;-;-;-;-
DOLV27P005250;BRBMEFVD45V8;FINANCIAL;-;-;-;-;-;-;-;-;-;132,692;-;-;-;-;-;-;-
DOLV27P005300;BRBMEFVD45W6;FINANCIAL;-;-;-;-;-;-;-;-;-;148,044;-;-;-;-;-;-;-
DOLV27P005350;BRBMEFVD45X4;FINANCIAL;-;-;-;-;-;-;-;-;-;164,438;-;-;-;-;-;-;-
DOLV27P005400;BRBMEFVD45Y2;FINANCIAL;-;-;-;-;-;-;-;-;-;181,875;-;-;-;-;-;-;-
DOLV27P005450;BRBMEFVD45Z9;FINANCIAL;-;-;-;-;-;-;-;-;-;200,353;-;-;-;-;-;-;-
DOLV27P005500;BRBMEFVD4608;FINANCIAL;-;-;-;-;-;-;-;-;-;220,689;-;-;-;-;-;-;-
DOLV27P005550;BRBMEFVD4616;FINANCIAL;-;-;-;-;-;-;-;-;-;242,492;-;-;-;-;-;-;-
DOLV27P005600;BRBMEFVD4624;FINANCIAL;-;-;-;-;-;-;-;-;-;265,329;-;-;-;-;-;-;-
DOLV27P005650;BRBMEFVD4632;FINANCIAL;-;-;-;-;-;-;-;-;-;289,171;-;-;-;-;-;-;-
DOLV27P005700;BRBMEFVD4640;FINANCIAL;-;-;-;-;-;-;-;-;-;314,198;-;-;-;-;-;-;-
DOLV27P005750;BRBMEFVD4657;FINANCIAL;-;-;-;-;-;-;-;-;-;339,946;-;-;-;-;-;-;-
DOLV27P005800;BRBMEFVD4665;FINANCIAL;-;-;-;-;-;-;-;-;-;366,808;-;-;-;-;-;-;-
DOLV27P005850;BRBMEFVD4673;FINANCIAL;-;-;-;-;-;-;-;-;-;394,533;-;-;-;-;-;-;-
DOLV27P005900;BRBMEFVD4681;FINANCIAL;-;-;-;-;-;-;-;-;-;423,081;-;-;-;-;-;-;-
DOLV27P005950;BRBMEFVD4699;FINANCIAL;-;-;-;-;-;-;-;-;-;452,626;-;-;-;-;-;-;-
DOLV27P006000;BRBMEFVD46A0;FINANCIAL;-;-;-;-;-;-;-;-;-;482,703;-;-;-;-;-;-;-
DOLV27P006050;BRBMEFVD46B8;FINANCIAL;-;-;-;-;-;-;-;-;-;513,697;-;-;-;-;-;-;-
DOLV27P006100;BRBMEFVD46C6;FINANCIAL;-;-;-;-;-;-;-;-;-;545,152;-;-;-;-;-;-;-
DOLV27P006150;BRBMEFVD46D4;FINANCIAL;-;-;-;-;-;-;-;-;-;577,446;-;-;-;-;-;-;-
DOLV27P006200;BRBMEFVD46E2;FINANCIAL;-;-;-;-;-;-;-;-;-;610,136;-;-;-;-;-;-;-
DOLV27P006250;BRBMEFVD46F9;FINANCIAL;-;-;-;-;-;-;-;-;-;643,393;-;-;-;-;-;-;-
DOLV27P006300;BRBMEFVD46G7;FINANCIAL;-;-;-;-;-;-;-;-;-;677,187;-;-;-;-;-;-;-
DOLV27P006350;BRBMEFVD46H5;FINANCIAL;-;-;-;-;-;-;-;-;-;711,676;-;-;-;-;-;-;-
DOLV27P006400;BRBMEFVD46I3;FINANCIAL;-;-;-;-;-;-;-;-;-;746,447;-;-;-;-;-;-;-
DOLV27P006450;BRBMEFVD46J1;FINANCIAL;-;-;-;-;-;-;-;-;-;781,849;-;-;-;-;-;-;-
DOLV27P006500;BRBMEFVD46K9;FINANCIAL;-;-;-;-;-;-;-;-;-;817,665;-;-;-;-;-;-;-
DOLV28C005500;BRBMEFCD46M5;FINANCIAL;-;-;-;-;-;-;-;-;-;671,763;-;-;-;-;-;-;-
DOLV28C005600;BRBMEFCD46N3;FINANCIAL;-;-;-;-;-;-;-;-;-;625,628;-;-;-;-;-;-;-
DOLV28C005700;BRBMEFCD46O1;FINANCIAL;-;-;-;-;-;-;-;-;-;582,103;-;-;-;-;-;-;-
DOLV28C005800;BRBMEFCD46P8;FINANCIAL;-;-;-;-;-;-;-;-;-;540,69;-;-;-;-;-;-;-
DOLV28C005900;BRBMEFCD46Q6;FINANCIAL;-;-;-;-;-;-;-;-;-;502,646;-;-;-;-;-;-;-
DOLV28C006000;BRBMEFCD46R4;FINANCIAL;-;-;-;-;-;-;-;-;-;468,259;-;-;-;-;-;-;-
DOLV28C006100;BRBMEFCD46S2;FINANCIAL;-;-;-;-;-;-;-;-;-;435,886;-;-;-;-;-;-;-
DOLV28C006200;BRBMEFCD46T0;FINANCIAL;-;-;-;-;-;-;-;-;-;405,963;-;-;-;-;-;-;-
DOLV28C006300;BRBMEFCD46U8;FINANCIAL;-;-;-;-;-;-;-;-;-;377,843;-;-;-;-;-;-;-
DOLV28C006400;BRBMEFCD46V6;FINANCIAL;-;-;-;-;-;-;-;-;-;352,782;-;-;-;-;-;-;-
DOLV28C006500;BRBMEFCD46W4;FINANCIAL;-;-;-;-;-;-;-;-;-;329,841;-;-;-;-;-;-;-
DOLV28C006600;BRBMEFCD46X2;FINANCIAL;-;-;-;-;-;-;-;-;-;308,622;-;-;-;-;-;-;-
DOLV28C006700;BRBMEFCD46Y0;FINANCIAL;-;-;-;-;-;-;-;-;-;289,005;-;-;-;-;-;-;-
DOLV28C006800;BRBMEFCD46Z7;FINANCIAL;-;-;-;-;-;-;-;-;-;271,14;-;-;-;-;-;-;-
DOLV28C006900;BRBMEFCD4700;FINANCIAL;-;-;-;-;-;-;-;-;-;254,386;-;-;-;-;-;-;-
DOLV28C007000;BRBMEFCD4718;FINANCIAL;-;-;-;-;-;-;-;-;-;238,654;-;-;-;-;-;-;-
DOLV28P005500;BRBMEFVD46N3;FINANCIAL;-;-;-;-;-;-;-;-;-;189,723;-;-;-;-;-;-;-
DOLV28P005600;BRBMEFVD46O1;FINANCIAL;-;-;-;-;-;-;-;-;-;217,97;-;-;-;-;-;-;-
DOLV28P005700;BRBMEFVD46P8;FINANCIAL;-;-;-;-;-;-;-;-;-;248,827;-;-;-;-;-;-;-
DOLV28P005800;BRBMEFVD46Q6;FINANCIAL;-;-;-;-;-;-;-;-;-;281,796;-;-;-;-;-;-;-
DOLV28P005900;BRBMEFVD46R4;FINANCIAL;-;-;-;-;-;-;-;-;-;318,134;-;-;-;-;-;-;-
DOLV28P006000;BRBMEFVD46S2;FINANCIAL;-;-;-;-;-;-;-;-;-;358,129;-;-;-;-;-;-;-
DOLV28P006100;BRBMEFVD46T0;FINANCIAL;-;-;-;-;-;-;-;-;-;400,137;-;-;-;-;-;-;-
DOLV28P006200;BRBMEFVD46U8;FINANCIAL;-;-;-;-;-;-;-;-;-;444,597;-;-;-;-;-;-;-
DOLV28P006300;BRBMEFVD46V6;FINANCIAL;-;-;-;-;-;-;-;-;-;490,858;-;-;-;-;-;-;-
DOLV28P006400;BRBMEFVD46W4;FINANCIAL;-;-;-;-;-;-;-;-;-;540,179;-;-;-;-;-;-;-
DOLV28P006500;BRBMEFVD46X2;FINANCIAL;-;-;-;-;-;-;-;-;-;591,62;-;-;-;-;-;-;-
DOLV28P006600;BRBMEFVD46Y0;FINANCIAL;-;-;-;-;-;-;-;-;-;644,782;-;-;-;-;-;-;-
DOLV28P006700;BRBMEFVD46Z7;FINANCIAL;-;-;-;-;-;-;-;-;-;699,548;-;-;-;-;-;-;-
DOLV28P006800;BRBMEFVD4707;FINANCIAL;-;-;-;-;-;-;-;-;-;756,064;-;-;-;-;-;-;-
DOLV28P006900;BRBMEFVD4715;FINANCIAL;-;-;-;-;-;-;-;-;-;813,693;-;-;-;-;-;-;-
DOLV28P007000;BRBMEFVD4723;FINANCIAL;-;-;-;-;-;-;-;-;-;872,342;-;-;-;-;-;-;-
DOLX26C004500;BRBMEFDC03H6;FINANCIAL;-;-;-;-;-;-;-;-;-;778,163;-;-;-;-;-;-;-
DOLX26C004550;BRBMEFDC03I4;FINANCIAL;-;-;-;-;-;-;-;-;-;731,122;-;-;-;-;-;-;-
DOLX26C004600;BRBMEFDC03J2;FINANCIAL;-;-;-;-;-;-;-;-;-;684,402;-;-;-;-;-;-;-
DOLX26C004650;BRBMEFDC03K0;FINANCIAL;-;-;-;-;-;-;-;-;-;638,142;-;-;-;-;-;-;-
DOLX26C004700;BRBMEFDC03L8;FINANCIAL;-;-;-;-;-;-;-;-;-;592,465;-;-;-;-;-;-;-
DOLX26C004750;BRBMEFDC03M6;FINANCIAL;-;-;-;-;-;-;-;-;-;547,564;-;-;-;-;-;-;-
DOLX26C004800;BRBMEFDC03N4;FINANCIAL;-;-;-;-;-;-;-;-;-;503,597;-;-;-;-;-;-;-
DOLX26C004850;BRBMEFDC03O2;FINANCIAL;-;-;-;-;-;-;-;-;-;460,866;-;-;-;-;-;-;-
DOLX26C004900;BRBMEFDC03P9;FINANCIAL;-;-;-;-;-;-;-;-;-;420,015;-;-;-;-;-;-;-
DOLX26C004950;BRBMEFDC03Q7;FINANCIAL;-;-;-;-;-;-;-;-;-;380,985;-;-;-;-;-;-;-
DOLX26C005000;BRBMEFDC03R5;FINANCIAL;-;-;-;-;-;-;-;-;-;343,917;-;-;-;-;-;-;-
DOLX26C005050;BRBMEFDC03S3;FINANCIAL;-;-;-;-;-;-;-;-;-;308,972;-;-;-;-;-;-;-
DOLX26C005100;BRBMEFDC03T1;FINANCIAL;-;-;-;-;-;-;-;-;-;276,378;-;-;-;-;-;-;-
DOLX26C005150;BRBMEFDC03U9;FINANCIAL;-;-;-;-;-;-;-;-;-;246,127;-;-;-;-;-;-;-
DOLX26C005200;BRBMEFDC03V7;FINANCIAL;-;-;-;-;-;-;-;-;-;218,596;-;-;-;-;-;-;-
DOLX26C005250;BRBMEFDC03W5;FINANCIAL;-;-;-;-;-;-;-;-;-;194,745;-;-;-;-;-;-;-
DOLX26C005300;BRBMEFDC03X3;FINANCIAL;-;-;-;-;-;-;-;-;-;173,269;-;-;-;-;-;-;-
DOLX26C005350;BRBMEFDC03Y1;FINANCIAL;-;-;-;-;-;-;-;-;-;154,139;-;-;-;-;-;-;-
DOLX26C005400;BRBMEFDC03Z8;FINANCIAL;-;-;-;-;-;-;-;-;-;137,192;-;-;-;-;-;-;-
DOLX26C005450;BRBMEFDC0401;FINANCIAL;-;-;-;-;-;-;-;-;-;122,249;-;-;-;-;-;-;-
DOLX26C005500;BRBMEFDC0419;FINANCIAL;-;-;-;-;-;-;-;-;-;109,011;-;-;-;-;-;-;-
DOLX26C005550;BRBMEFDC0427;FINANCIAL;-;-;-;-;-;-;-;-;-;96,219;-;-;-;-;-;-;-
DOLX26C005600;BRBMEFDC0435;FINANCIAL;-;-;-;-;-;-;-;-;-;84,988;-;-;-;-;-;-;-
DOLX26C005650;BRBMEFDC0443;FINANCIAL;-;-;-;-;-;-;-;-;-;75,061;-;-;-;-;-;-;-
DOLX26C005700;BRBMEFDC0450;FINANCIAL;-;-;-;-;-;-;-;-;-;66,303;-;-;-;-;-;-;-
DOLX26C005750;BRBMEFDC0468;FINANCIAL;-;-;-;-;-;-;-;-;-;58,589;-;-;-;-;-;-;-
DOLX26C005800;BRBMEFDC0476;FINANCIAL;-;-;-;-;-;-;-;-;-;51,802;-;-;-;-;-;-;-
DOLX26C005850;BRBMEFDC0484;FINANCIAL;-;-;-;-;-;-;-;-;-;45,835;-;-;-;-;-;-;-
DOLX26C005900;BRBMEFDC0492;FINANCIAL;-;-;-;-;-;-;-;-;-;40,593;-;-;-;-;-;-;-
DOLX26C005950;BRBMEFDC04A9;FINANCIAL;-;-;-;-;-;-;-;-;-;36,057;-;-;-;-;-;-;-
DOLX26C006000;BRBMEFDC04B7;FINANCIAL;-;-;-;-;-;-;-;-;-;32,071;-;-;-;-;-;-;-
DOLX26C006050;BRBMEFDC04C5;FINANCIAL;-;-;-;-;-;-;-;-;-;28,569;-;-;-;-;-;-;-
DOLX26C006100;BRBMEFDC04D3;FINANCIAL;-;-;-;-;-;-;-;-;-;25,544;-;-;-;-;-;-;-
DOLX26C006150;BRBMEFDC04E1;FINANCIAL;-;-;-;-;-;-;-;-;-;22,531;-;-;-;-;-;-;-
DOLX26C006200;BRBMEFDC04F8;FINANCIAL;-;-;-;-;-;-;-;-;-;19,616;-;-;-;-;-;-;-
DOLX26C006250;BRBMEFDC04G6;FINANCIAL;-;-;-;-;-;-;-;-;-;17,072;-;-;-;-;-;-;-
DOLX26C006300;BRBMEFDC04H4;FINANCIAL;-;-;-;-;-;-;-;-;-;14,892;-;-;-;-;-;-;-
DOLX26C006350;BRBMEFDC04I2;FINANCIAL;-;-;-;-;-;-;-;-;-;12,992;-;-;-;-;-;-;-
DOLX26C006400;BRBMEFDC04J0;FINANCIAL;-;-;-;-;-;-;-;-;-;11,305;-;-;-;-;-;-;-
DOLX26C006450;BRBMEFDC04K8;FINANCIAL;-;-;-;-;-;-;-;-;-;9,67;-;-;-;-;-;-;-
DOLX26C006500;BRBMEFDC04L6;FINANCIAL;-;-;-;-;-;-;-;-;-;8,262;-;-;-;-;-;-;-
DOLX26C006750;BRBMEFDC04M4;FINANCIAL;-;-;-;-;-;-;-;-;-;3,686;-;-;-;-;-;-;-
DOLX26P004500;BRBMEFVDY5Z7;FINANCIAL;-;-;-;-;-;-;-;-;-;1,35;-;-;-;-;-;-;-
DOLX26P004550;BRBMEFVDY601;FINANCIAL;-;-;-;-;-;-;-;-;-;2,099;-;-;-;-;-;-;-
DOLX26P004600;BRBMEFVDY619;FINANCIAL;-;-;-;-;-;-;-;-;-;3,168;-;-;-;-;-;-;-
DOLX26P004650;BRBMEFVDY627;FINANCIAL;-;-;-;-;-;-;-;-;-;4,697;-;-;-;-;-;-;-
DOLX26P004700;BRBMEFVDY635;FINANCIAL;-;-;-;-;-;-;-;-;-;6,81;-;-;-;-;-;-;-
DOLX26P004750;BRBMEFVDY643;FINANCIAL;-;-;-;-;-;-;-;-;-;9,697;-;-;-;-;-;-;-
DOLX26P004800;BRBMEFVDY650;FINANCIAL;-;-;-;-;-;-;-;-;-;13,52;-;-;-;-;-;-;-
DOLX26P004850;BRBMEFVDY668;FINANCIAL;-;-;-;-;-;-;-;-;-;18,578;-;-;-;-;-;-;-
DOLX26P004900;BRBMEFVDY676;FINANCIAL;-;-;-;-;-;-;-;-;-;25,516;-;-;-;-;-;-;-
DOLX26P004950;BRBMEFVDY684;FINANCIAL;-;-;-;-;-;-;-;-;-;34,275;-;-;-;-;-;-;-
DOLX26P005000;BRBMEFVDY692;FINANCIAL;-;-;-;-;-;-;-;-;-;44,996;-;-;-;-;-;-;-
DOLX26P005050;BRBMEFVDY6A8;FINANCIAL;-;-;-;-;-;-;-;-;-;57,841;-;-;-;-;-;-;-
DOLX26P005100;BRBMEFVDY6B6;FINANCIAL;-;-;-;-;-;-;-;-;-;73,035;-;-;-;-;-;-;-
DOLX26P005150;BRBMEFVDY6C4;FINANCIAL;-;-;-;-;-;-;-;-;-;90,574;-;-;-;-;-;-;-
DOLX26P005200;BRBMEFVDY6D2;FINANCIAL;-;-;-;-;-;-;-;-;-;110,832;-;-;-;-;-;-;-
DOLX26P005250;BRBMEFVDY6E0;FINANCIAL;-;-;-;-;-;-;-;-;-;134,77;-;-;-;-;-;-;-
DOLX26P005300;BRBMEFVDY6F7;FINANCIAL;-;-;-;-;-;-;-;-;-;161,083;-;-;-;-;-;-;-
DOLX26P005350;BRBMEFVDY6G5;FINANCIAL;-;-;-;-;-;-;-;-;-;189,742;-;-;-;-;-;-;-
DOLX26P005400;BRBMEFVDY6H3;FINANCIAL;-;-;-;-;-;-;-;-;-;220,585;-;-;-;-;-;-;-
DOLX26P005450;BRBMEFVDY6I1;FINANCIAL;-;-;-;-;-;-;-;-;-;253,431;-;-;-;-;-;-;-
DOLX26P005500;BRBMEFVDY6J9;FINANCIAL;-;-;-;-;-;-;-;-;-;287,982;-;-;-;-;-;-;-
DOLX26P005550;BRBMEFVDY6K7;FINANCIAL;-;-;-;-;-;-;-;-;-;322,98;-;-;-;-;-;-;-
DOLX26P005600;BRBMEFVDY6L5;FINANCIAL;-;-;-;-;-;-;-;-;-;359,537;-;-;-;-;-;-;-
DOLX26P005650;BRBMEFVDY6M3;FINANCIAL;-;-;-;-;-;-;-;-;-;397,399;-;-;-;-;-;-;-
DOLX26P005700;BRBMEFVDY6N1;FINANCIAL;-;-;-;-;-;-;-;-;-;436,431;-;-;-;-;-;-;-
DOLX26P005750;BRBMEFVDY6O9;FINANCIAL;-;-;-;-;-;-;-;-;-;476,506;-;-;-;-;-;-;-
DOLX26P005800;BRBMEFVDY6P6;FINANCIAL;-;-;-;-;-;-;-;-;-;517,508;-;-;-;-;-;-;-
DOLX26P005850;BRBMEFVDY6Q4;FINANCIAL;-;-;-;-;-;-;-;-;-;559,331;-;-;-;-;-;-;-
DOLX26P005900;BRBMEFVDY6R2;FINANCIAL;-;-;-;-;-;-;-;-;-;601,878;-;-;-;-;-;-;-
DOLX26P005950;BRBMEFVDY6S0;FINANCIAL;-;-;-;-;-;-;-;-;-;645,13;-;-;-;-;-;-;-
DOLX26P006000;BRBMEFVDY6T8;FINANCIAL;-;-;-;-;-;-;-;-;-;688,934;-;-;-;-;-;-;-
DOLX26P006050;BRBMEFVDY6U6;FINANCIAL;-;-;-;-;-;-;-;-;-;733,221;-;-;-;-;-;-;-
DOLX26P006100;BRBMEFVDY6V4;FINANCIAL;-;-;-;-;-;-;-;-;-;777,985;-;-;-;-;-;-;-
DOLX26P006150;BRBMEFVDY6W2;FINANCIAL;-;-;-;-;-;-;-;-;-;822,762;-;-;-;-;-;-;-
DOLX26P006200;BRBMEFVDY6X0;FINANCIAL;-;-;-;-;-;-;-;-;-;867,635;-;-;-;-;-;-;-
DOLX26P006250;BRBMEFVDY6Y8;FINANCIAL;-;-;-;-;-;-;-;-;-;912,881;-;-;-;-;-;-;-
DOLX26P006300;BRBMEFVDY6Z5;FINANCIAL;-;-;-;-;-;-;-;-;-;958,49;-;-;-;-;-;-;-
DOLX26P006350;BRBMEFVDY700;FINANCIAL;-;-;-;-;-;-;-;-;-;1004,379;-;-;-;-;-;-;-
DOLX26P006400;BRBMEFVDY718;FINANCIAL;-;-;-;-;-;-;-;-;-;1050,481;-;-;-;-;-;-;-
DOLX26P006450;BRBMEFVDY726;FINANCIAL;-;-;-;-;-;-;-;-;-;1096,636;-;-;-;-;-;-;-
DOLX26P006500;BRBMEFVDY734;FINANCIAL;-;-;-;-;-;-;-;-;-;1143,016;-;-;-;-;-;-;-
DOLX26P006750;BRBMEFVDY742;FINANCIAL;-;-;-;-;-;-;-;-;-;1377,386;-;-;-;-;-;-;-
DOLZ26C004100;BRBMEFD104P6;FINANCIAL;-;-;-;-;-;-;-;-;-;1177,455;-;-;-;-;-;-;-
DOLZ26C004150;BRBMEFD10523;FINANCIAL;-;-;-;-;-;-;-;-;-;1130,176;-;-;-;-;-;-;-
DOLZ26C004200;BRBMEFD104Q4;FINANCIAL;-;-;-;-;-;-;-;-;-;1082,924;-;-;-;-;-;-;-
DOLZ26C004250;BRBMEFD10531;FINANCIAL;-;-;-;-;-;-;-;-;-;1035,713;-;-;-;-;-;-;-
DOLZ26C004300;BRBMEFD104R2;FINANCIAL;-;-;-;-;-;-;-;-;-;988,563;-;-;-;-;-;-;-
DOLZ26C004350;BRBMEFD10549;FINANCIAL;-;-;-;-;-;-;-;-;-;941,501;-;-;-;-;-;-;-
DOLZ26C004400;BRBMEFD104S0;FINANCIAL;-;-;-;-;-;-;-;-;-;894,564;-;-;-;-;-;-;-
DOLZ26C004450;BRBMEFD10556;FINANCIAL;-;-;-;-;-;-;-;-;-;847,799;-;-;-;-;-;-;-
DOLZ26C004500;BRBMEFD104T8;FINANCIAL;-;-;-;-;-;-;-;-;-;801,242;-;-;-;-;-;-;-
DOLZ26C004550;BRBMEFD10564;FINANCIAL;-;-;-;-;-;-;-;-;-;754,992;-;-;-;-;-;-;-
DOLZ26C004600;BRBMEFD104U6;FINANCIAL;-;-;-;-;-;-;-;-;-;709,129;-;-;-;-;-;-;-
DOLZ26C004650;BRBMEFD10572;FINANCIAL;-;-;-;-;-;-;-;-;-;663,755;-;-;-;-;-;-;-
DOLZ26C004700;BRBMEFD104V4;FINANCIAL;-;-;-;-;-;-;-;-;-;618,991;-;-;-;-;-;-;-
DOLZ26C004750;BRBMEFD10580;FINANCIAL;-;-;-;-;-;-;-;-;-;574,927;-;-;-;-;-;-;-
DOLZ26C004800;BRBMEFD104W2;FINANCIAL;-;-;-;-;-;-;-;-;-;531,789;-;-;-;-;-;-;-
DOLZ26C004850;BRBMEFD10598;FINANCIAL;-;-;-;-;-;-;-;-;-;489,881;-;-;-;-;-;-;-
DOLZ26C004900;BRBMEFD103J1;FINANCIAL;-;-;-;-;-;-;-;-;-;449,6;-;-;-;-;-;-;-
DOLZ26C004950;BRBMEFD104O9;FINANCIAL;-;-;-;-;-;-;-;-;-;410,94;-;-;-;-;-;-;-
DOLZ26C005000;BRBMEFD10465;FINANCIAL;-;-;-;-;-;-;-;-;-;373,907;-;-;-;-;-;-;-
DOLZ26C005050;BRBMEFD105A5;FINANCIAL;-;-;-;-;-;-;-;-;-;338,811;-;-;-;-;-;-;-
DOLZ26C005100;BRBMEFD10481;FINANCIAL;-;-;-;-;-;-;-;-;-;306,231;-;-;-;-;-;-;-
DOLZ26C005150;BRBMEFD104Y8;FINANCIAL;-;-;-;-;-;-;-;-;-;276,13;-;-;-;-;-;-;-
DOLZ26C005200;BRBMEFD104Z5;FINANCIAL;-;-;-;-;-;-;-;-;-;248,35;-;-;-;-;-;-;-
DOLZ26C005250;BRBMEFD104X0;FINANCIAL;-;-;-;-;-;-;-;-;-;223,398;-;-;-;-;-;-;-
DOLZ26C005300;BRBMEFD10507;FINANCIAL;-;-;-;-;-;-;-;-;-;201,01;-;-;-;-;-;-;-
DOLZ26C005350;BRBMEFD104N1;FINANCIAL;-;-;-;-;-;-;-;-;-;180,707;-;-;-;-;-;-;-
DOLZ26C005400;BRBMEFD103K9;FINANCIAL;-;-;-;-;-;-;-;-;-;162,231;-;-;-;-;-;-;-
DOLZ26C005450;BRBMEFD10515;FINANCIAL;-;-;-;-;-;-;-;-;-;145,709;-;-;-;-;-;-;-
DOLZ26C005500;BRBMEFD10473;FINANCIAL;-;-;-;-;-;-;-;-;-;130,743;-;-;-;-;-;-;-
DOLZ26C005550;BRBMEFD10499;FINANCIAL;-;-;-;-;-;-;-;-;-;117,571;-;-;-;-;-;-;-
DOLZ26C005600;BRBMEFD104A8;FINANCIAL;-;-;-;-;-;-;-;-;-;106,032;-;-;-;-;-;-;-
DOLZ26C005650;BRBMEFD105B3;FINANCIAL;-;-;-;-;-;-;-;-;-;95,852;-;-;-;-;-;-;-
DOLZ26C005700;BRBMEFD104B6;FINANCIAL;-;-;-;-;-;-;-;-;-;86,889;-;-;-;-;-;-;-
DOLZ26C005750;BRBMEFD105C1;FINANCIAL;-;-;-;-;-;-;-;-;-;78,904;-;-;-;-;-;-;-
DOLZ26C005800;BRBMEFD104C4;FINANCIAL;-;-;-;-;-;-;-;-;-;71,078;-;-;-;-;-;-;-
DOLZ26C005850;BRBMEFD105D9;FINANCIAL;-;-;-;-;-;-;-;-;-;63,611;-;-;-;-;-;-;-
DOLZ26C005900;BRBMEFD104D2;FINANCIAL;-;-;-;-;-;-;-;-;-;56,948;-;-;-;-;-;-;-
DOLZ26C005950;BRBMEFD105E7;FINANCIAL;-;-;-;-;-;-;-;-;-;51,005;-;-;-;-;-;-;-
DOLZ26C006000;BRBMEFD104E0;FINANCIAL;-;-;-;-;-;-;-;-;-;45,709;-;-;-;-;-;-;-
DOLZ26C006050;BRBMEFD105F4;FINANCIAL;-;-;-;-;-;-;-;-;-;41,067;-;-;-;-;-;-;-
DOLZ26C006100;BRBMEFD104F7;FINANCIAL;-;-;-;-;-;-;-;-;-;36,931;-;-;-;-;-;-;-
DOLZ26C006150;BRBMEFD105G2;FINANCIAL;-;-;-;-;-;-;-;-;-;33,245;-;-;-;-;-;-;-
DOLZ26C006200;BRBMEFD105H0;FINANCIAL;-;-;-;-;-;-;-;-;-;29,961;-;-;-;-;-;-;-
DOLZ26C006250;BRBMEFD105I8;FINANCIAL;-;-;-;-;-;-;-;-;-;27,034;-;-;-;-;-;-;-
DOLZ26C006300;BRBMEFD105J6;FINANCIAL;-;-;-;-;-;-;-;-;-;23,992;-;-;-;-;-;-;-
DOLZ26C006350;BRBMEFD105K4;FINANCIAL;-;-;-;-;-;-;-;-;-;21,293;-;-;-;-;-;-;-
DOLZ26C006400;BRBMEFD105L2;FINANCIAL;-;-;-;-;-;-;-;-;-;18,854;-;-;-;-;-;-;-
DOLZ26C006450;BRBMEFD105M0;FINANCIAL;-;-;-;-;-;-;-;-;-;16,736;-;-;-;-;-;-;-
DOLZ26C006500;BRBMEFD105N8;FINANCIAL;-;-;-;-;-;-;-;-;-;14,82;-;-;-;-;-;-;-
DOLZ26C006550;BRBMEFD105O6;FINANCIAL;-;-;-;-;-;-;-;-;-;13,161;-;-;-;-;-;-;-
DOLZ26C006600;BRBMEFD105P3;FINANCIAL;-;-;-;-;-;-;-;-;-;11,595;-;-;-;-;-;-;-
DOLZ26C006650;BRBMEFD105Q1;FINANCIAL;-;-;-;-;-;-;-;-;-;10,095;-;-;-;-;-;-;-
DOLZ26C006700;BRBMEFD105R9;FINANCIAL;-;-;-;-;-;-;-;-;-;8,808;-;-;-;-;-;-;-
DOLZ26C006750;BRBMEFD105S7;FINANCIAL;-;-;-;-;-;-;-;-;-;7,656;-;-;-;-;-;-;-
DOLZ26C006800;BRBMEFD105T5;FINANCIAL;-;-;-;-;-;-;-;-;-;6,671;-;-;-;-;-;-;-
DOLZ26C006850;BRBMEFD105U3;FINANCIAL;-;-;-;-;-;-;-;-;-;5,79;-;-;-;-;-;-;-
DOLZ26C006900;BRBMEFD105V1;FINANCIAL;-;-;-;-;-;-;-;-;-;5,039;-;-;-;-;-;-;-
DOLZ26C006950;BRBMEFD105W9;FINANCIAL;-;-;-;-;-;-;-;-;-;4,368;-;-;-;-;-;-;-
DOLZ26C007000;BRBMEFD105X7;FINANCIAL;-;-;-;-;-;-;-;-;-;3,798;-;-;-;-;-;-;-
DOLZ26C007050;BRBMEFD105Y5;FINANCIAL;-;-;-;-;-;-;-;-;-;3,288;-;-;-;-;-;-;-
DOLZ26C007100;BRBMEFD105Z2;FINANCIAL;-;-;-;-;-;-;-;-;-;2,857;-;-;-;-;-;-;-
DOLZ26C007150;BRBMEFD10606;FINANCIAL;-;-;-;-;-;-;-;-;-;2,471;-;-;-;-;-;-;-
DOLZ26C007200;BRBMEFD10614;FINANCIAL;-;-;-;-;-;-;-;-;-;2,146;-;-;-;-;-;-;-
DOLZ26C007250;BRBMEFD10622;FINANCIAL;-;-;-;-;-;-;-;-;-;1,831;-;-;-;-;-;-;-
DOLZ26C007300;BRBMEFD10630;FINANCIAL;-;-;-;-;-;-;-;-;-;1,553;-;-;-;-;-;-;-
DOLZ26C007350;BRBMEFD10648;FINANCIAL;-;-;-;-;-;-;-;-;-;1,316;-;-;-;-;-;-;-
DOLZ26C007400;BRBMEFD10655;FINANCIAL;-;-;-;-;-;-;-;-;-;1,114;-;-;-;-;-;-;-
DOLZ26C007450;BRBMEFD10663;FINANCIAL;-;-;-;-;-;-;-;-;-;0,941;-;-;-;-;-;-;-
DOLZ26C007500;BRBMEFD10671;FINANCIAL;-;-;-;-;-;-;-;-;-;0,794;-;-;-;-;-;-;-
DOLZ26C007550;BRBMEFD10689;FINANCIAL;-;-;-;-;-;-;-;-;-;0,669;-;-;-;-;-;-;-
DOLZ26C007600;BRBMEFD10697;FINANCIAL;-;-;-;-;-;-;-;-;-;0,563;-;-;-;-;-;-;-
DOLZ26C007650;BRBMEFD106A3;FINANCIAL;-;-;-;-;-;-;-;-;-;0,473;-;-;-;-;-;-;-
DOLZ26C007700;BRBMEFD106B1;FINANCIAL;-;-;-;-;-;-;-;-;-;0,397;-;-;-;-;-;-;-
DOLZ26C007750;BRBMEFD106C9;FINANCIAL;-;-;-;-;-;-;-;-;-;0,333;-;-;-;-;-;-;-
DOLZ26C007800;BRBMEFD106D7;FINANCIAL;-;-;-;-;-;-;-;-;-;0,279;-;-;-;-;-;-;-
DOLZ26C007850;BRBMEFD106E5;FINANCIAL;-;-;-;-;-;-;-;-;-;0,233;-;-;-;-;-;-;-
DOLZ26C007900;BRBMEFD106F2;FINANCIAL;-;-;-;-;-;-;-;-;-;0,195;-;-;-;-;-;-;-
DOLZ26C007950;BRBMEFD106G0;FINANCIAL;-;-;-;-;-;-;-;-;-;0,163;-;-;-;-;-;-;-
DOLZ26C008000;BRBMEFD106H8;FINANCIAL;-;-;-;-;-;-;-;-;-;0,136;-;-;-;-;-;-;-
DOLZ26P004100;BRBMEFD204O7;FINANCIAL;-;-;-;-;-;-;-;-;-;0,058;-;-;-;-;-;-;-
DOLZ26P004150;BRBMEFD20514;FINANCIAL;-;-;-;-;-;-;-;-;-;0,1;-;-;-;-;-;-;-
DOLZ26P004200;BRBMEFD204P4;FINANCIAL;-;-;-;-;-;-;-;-;-;0,169;-;-;-;-;-;-;-
DOLZ26P004250;BRBMEFD20522;FINANCIAL;-;-;-;-;-;-;-;-;-;0,28;-;-;-;-;-;-;-
DOLZ26P004300;BRBMEFD204Q2;FINANCIAL;-;-;-;-;-;-;-;-;-;0,451;-;-;-;-;-;-;-
DOLZ26P004350;BRBMEFD20530;FINANCIAL;-;-;-;-;-;-;-;-;-;0,71;-;-;-;-;-;-;-
DOLZ26P004400;BRBMEFD204R0;FINANCIAL;-;-;-;-;-;-;-;-;-;1,094;-;-;-;-;-;-;-
DOLZ26P004450;BRBMEFD20548;FINANCIAL;-;-;-;-;-;-;-;-;-;1,651;-;-;-;-;-;-;-
DOLZ26P004500;BRBMEFD204S8;FINANCIAL;-;-;-;-;-;-;-;-;-;2,414;-;-;-;-;-;-;-
DOLZ26P004550;BRBMEFD20555;FINANCIAL;-;-;-;-;-;-;-;-;-;3,486;-;-;-;-;-;-;-
DOLZ26P004600;BRBMEFD204T6;FINANCIAL;-;-;-;-;-;-;-;-;-;4,944;-;-;-;-;-;-;-
DOLZ26P004650;BRBMEFD20563;FINANCIAL;-;-;-;-;-;-;-;-;-;6,892;-;-;-;-;-;-;-
DOLZ26P004700;BRBMEFD204U4;FINANCIAL;-;-;-;-;-;-;-;-;-;9,449;-;-;-;-;-;-;-
DOLZ26P004750;BRBMEFD20571;FINANCIAL;-;-;-;-;-;-;-;-;-;12,706;-;-;-;-;-;-;-
DOLZ26P004800;BRBMEFD204V2;FINANCIAL;-;-;-;-;-;-;-;-;-;16,889;-;-;-;-;-;-;-
DOLZ26P004850;BRBMEFD20589;FINANCIAL;-;-;-;-;-;-;-;-;-;22,302;-;-;-;-;-;-;-
DOLZ26P004900;BRBMEFD203I1;FINANCIAL;-;-;-;-;-;-;-;-;-;29,343;-;-;-;-;-;-;-
DOLZ26P004950;BRBMEFD204N9;FINANCIAL;-;-;-;-;-;-;-;-;-;38,004;-;-;-;-;-;-;-
DOLZ26P005000;BRBMEFD20456;FINANCIAL;-;-;-;-;-;-;-;-;-;48,292;-;-;-;-;-;-;-
DOLZ26P005050;BRBMEFD20597;FINANCIAL;-;-;-;-;-;-;-;-;-;60,517;-;-;-;-;-;-;-
DOLZ26P005100;BRBMEFD20472;FINANCIAL;-;-;-;-;-;-;-;-;-;75,259;-;-;-;-;-;-;-
DOLZ26P005150;BRBMEFD204X8;FINANCIAL;-;-;-;-;-;-;-;-;-;92,479;-;-;-;-;-;-;-
DOLZ26P005200;BRBMEFD204Y6;FINANCIAL;-;-;-;-;-;-;-;-;-;112,02;-;-;-;-;-;-;-
DOLZ26P005250;BRBMEFD204W0;FINANCIAL;-;-;-;-;-;-;-;-;-;134,39;-;-;-;-;-;-;-
DOLZ26P005300;BRBMEFD204Z3;FINANCIAL;-;-;-;-;-;-;-;-;-;159,323;-;-;-;-;-;-;-
DOLZ26P005350;BRBMEFD204M1;FINANCIAL;-;-;-;-;-;-;-;-;-;186,341;-;-;-;-;-;-;-
DOLZ26P005400;BRBMEFD203J9;FINANCIAL;-;-;-;-;-;-;-;-;-;215,186;-;-;-;-;-;-;-
DOLZ26P005450;BRBMEFD20506;FINANCIAL;-;-;-;-;-;-;-;-;-;245,986;-;-;-;-;-;-;-
DOLZ26P005500;BRBMEFD20464;FINANCIAL;-;-;-;-;-;-;-;-;-;278,341;-;-;-;-;-;-;-
DOLZ26P005550;BRBMEFD20480;FINANCIAL;-;-;-;-;-;-;-;-;-;312,49;-;-;-;-;-;-;-
DOLZ26P005600;BRBMEFD20498;FINANCIAL;-;-;-;-;-;-;-;-;-;348,273;-;-;-;-;-;-;-
DOLZ26P005650;BRBMEFD205A3;FINANCIAL;-;-;-;-;-;-;-;-;-;385,414;-;-;-;-;-;-;-
DOLZ26P005700;BRBMEFD204A6;FINANCIAL;-;-;-;-;-;-;-;-;-;423,772;-;-;-;-;-;-;-
DOLZ26P005750;BRBMEFD205B1;FINANCIAL;-;-;-;-;-;-;-;-;-;463,108;-;-;-;-;-;-;-
DOLZ26P005800;BRBMEFD204B4;FINANCIAL;-;-;-;-;-;-;-;-;-;502,603;-;-;-;-;-;-;-
DOLZ26P005850;BRBMEFD205C9;FINANCIAL;-;-;-;-;-;-;-;-;-;542,458;-;-;-;-;-;-;-
DOLZ26P005900;BRBMEFD204C2;FINANCIAL;-;-;-;-;-;-;-;-;-;583,115;-;-;-;-;-;-;-
DOLZ26P005950;BRBMEFD205D7;FINANCIAL;-;-;-;-;-;-;-;-;-;624,494;-;-;-;-;-;-;-
DOLZ26P006000;BRBMEFD204D0;FINANCIAL;-;-;-;-;-;-;-;-;-;666,519;-;-;-;-;-;-;-
DOLZ26P006050;BRBMEFD205E5;FINANCIAL;-;-;-;-;-;-;-;-;-;709,198;-;-;-;-;-;-;-
DOLZ26P006100;BRBMEFD204E8;FINANCIAL;-;-;-;-;-;-;-;-;-;752,383;-;-;-;-;-;-;-
DOLZ26P006150;BRBMEFD205F2;FINANCIAL;-;-;-;-;-;-;-;-;-;796,019;-;-;-;-;-;-;-
DOLZ26P006200;BRBMEFD205G0;FINANCIAL;-;-;-;-;-;-;-;-;-;840,057;-;-;-;-;-;-;-
DOLZ26P006250;BRBMEFD205H8;FINANCIAL;-;-;-;-;-;-;-;-;-;884,45;-;-;-;-;-;-;-
DOLZ26P006300;BRBMEFD205I6;FINANCIAL;-;-;-;-;-;-;-;-;-;928,73;-;-;-;-;-;-;-
DOLZ26P006350;BRBMEFD205J4;FINANCIAL;-;-;-;-;-;-;-;-;-;973,352;-;-;-;-;-;-;-
DOLZ26P006400;BRBMEFD205K2;FINANCIAL;-;-;-;-;-;-;-;-;-;1018,234;-;-;-;-;-;-;-
DOLZ26P006450;BRBMEFD205L0;FINANCIAL;-;-;-;-;-;-;-;-;-;1063,437;-;-;-;-;-;-;-
DOLZ26P006500;BRBMEFD205M8;FINANCIAL;-;-;-;-;-;-;-;-;-;1108,843;-;-;-;-;-;-;-
DOLZ26P006550;BRBMEFD205N6;FINANCIAL;-;-;-;-;-;-;-;-;-;1154,505;-;-;-;-;-;-;-
DOLZ26P006600;BRBMEFD205O4;FINANCIAL;-;-;-;-;-;-;-;-;-;1200,26;-;-;-;-;-;-;-
DOLZ26P006650;BRBMEFD205P1;FINANCIAL;-;-;-;-;-;-;-;-;-;1246,082;-;-;-;-;-;-;-
DOLZ26P006700;BRBMEFD205Q9;FINANCIAL;-;-;-;-;-;-;-;-;-;1292,116;-;-;-;-;-;-;-
DOLZ26P006750;BRBMEFD205R7;FINANCIAL;-;-;-;-;-;-;-;-;-;1338,285;-;-;-;-;-;-;-
DOLZ26P006800;BRBMEFD205S5;FINANCIAL;-;-;-;-;-;-;-;-;-;1384,621;-;-;-;-;-;-;-
DOLZ26P006850;BRBMEFD205T3;FINANCIAL;-;-;-;-;-;-;-;-;-;1431,061;-;-;-;-;-;-;-
DOLZ26P006900;BRBMEFD205U1;FINANCIAL;-;-;-;-;-;-;-;-;-;1477,632;-;-;-;-;-;-;-
DOLZ26P006950;BRBMEFD205V9;FINANCIAL;-;-;-;-;-;-;-;-;-;1524,282;-;-;-;-;-;-;-
DOLZ26P007000;BRBMEFD205W7;FINANCIAL;-;-;-;-;-;-;-;-;-;1571,033;-;-;-;-;-;-;-
DOLZ26P007050;BRBMEFD205X5;FINANCIAL;-;-;-;-;-;-;-;-;-;1617,845;-;-;-;-;-;-;-
DOLZ26P007100;BRBMEFD205Y3;FINANCIAL;-;-;-;-;-;-;-;-;-;1664,735;-;-;-;-;-;-;-
DOLZ26P007150;BRBMEFD205Z0;FINANCIAL;-;-;-;-;-;-;-;-;-;1711,67;-;-;-;-;-;-;-
DOLZ26P007200;BRBMEFD20605;FINANCIAL;-;-;-;-;-;-;-;-;-;1758,666;-;-;-;-;-;-;-
DOLZ26P007250;BRBMEFD20613;FINANCIAL;-;-;-;-;-;-;-;-;-;1805,673;-;-;-;-;-;-;-
DOLZ26P007300;BRBMEFD20621;FINANCIAL;-;-;-;-;-;-;-;-;-;1852,716;-;-;-;-;-;-;-
DOLZ26P007350;BRBMEFD20639;FINANCIAL;-;-;-;-;-;-;-;-;-;1899,8;-;-;-;-;-;-;-
DOLZ26P007400;BRBMEFD20647;FINANCIAL;-;-;-;-;-;-;-;-;-;1946,919;-;-;-;-;-;-;-
DOLZ26P007450;BRBMEFD20654;FINANCIAL;-;-;-;-;-;-;-;-;-;1994,068;-;-;-;-;-;-;-
DOLZ26P007500;BRBMEFD20662;FINANCIAL;-;-;-;-;-;-;-;-;-;2041,242;-;-;-;-;-;-;-
DOLZ26P007550;BRBMEFD20670;FINANCIAL;-;-;-;-;-;-;-;-;-;2088,438;-;-;-;-;-;-;-
DOLZ26P007600;BRBMEFD20688;FINANCIAL;-;-;-;-;-;-;-;-;-;2135,654;-;-;-;-;-;-;-
DOLZ26P007650;BRBMEFD20696;FINANCIAL;-;-;-;-;-;-;-;-;-;2182,885;-;-;-;-;-;-;-
DOLZ26P007700;BRBMEFD206A1;FINANCIAL;-;-;-;-;-;-;-;-;-;2230,13;-;-;-;-;-;-;-
DOLZ26P007750;BRBMEFD206B9;FINANCIAL;-;-;-;-;-;-;-;-;-;2277,387;-;-;-;-;-;-;-
DOLZ26P007800;BRBMEFD206C7;FINANCIAL;-;-;-;-;-;-;-;-;-;2324,655;-;-;-;-;-;-;-
DOLZ26P007850;BRBMEFD206D5;FINANCIAL;-;-;-;-;-;-;-;-;-;2371,93;-;-;-;-;-;-;-
DOLZ26P007900;BRBMEFD206E3;FINANCIAL;-;-;-;-;-;-;-;-;-;2419,213;-;-;-;-;-;-;-
DOLZ26P007950;BRBMEFD206F0;FINANCIAL;-;-;-;-;-;-;-;-;-;2466,502;-;-;-;-;-;-;-
DOLZ26P008000;BRBMEFD206G8;FINANCIAL;-;-;-;-;-;-;-;-;-;2513,796;-;-;-;-;-;-;-
WDOJ27C005950;BRBMEF040AF7;FINANCIAL;-;-;-;-;-;-;-;-;-;124,913;-;-;-;-;-;-;-
WDOJ27C006100;BRBMEF0409Q8;FINANCIAL;-;-;-;-;-;-;-;-;-;101,27;-;-;-;-;-;-;-
WDOJ27C006450;BRBMEF040AG5;FINANCIAL;-;-;-;-;-;-;-;-;-;59,73;-;-;-;-;-;-;-
WDOJ27P005950;BRBMEF940AF8;FINANCIAL;-;-;-;-;-;-;-;-;-;552,948;-;-;-;-;-;-;-
WDOJ27P006100;BRBMEF9409Q9;FINANCIAL;-;-;-;-;-;-;-;-;-;665,319;-;-;-;-;-;-;-
WDOJ27P006450;BRBMEF940AG6;FINANCIAL;-;-;-;-;-;-;-;-;-;941,146;-;-;-;-;-;-;-
WDON26C004900;BRBMEF0709G2;FINANCIAL;-;-;-;-;-;-;-;-;-;276,6;-;-;-;-;-;-;-
WDON26C004925;BRBMEF0709H0;FINANCIAL;-;-;-;-;-;-;-;-;-;251,6;-;-;-;-;-;-;-
WDON26C004950;BRBMEF0709I8;FINANCIAL;-;-;-;-;-;-;-;-;-;226,6;-;-;-;-;-;-;-
WDON26C004975;BRBMEF0709J6;FINANCIAL;-;-;-;-;-;-;-;-;-;201,6;-;-;-;-;-;-;-
WDON26C005000;BRBMEF0709K4;FINANCIAL;-;-;-;-;-;-;-;-;-;176,6;-;-;-;-;-;-;-
WDON26C005025;BRBMEF0709L2;FINANCIAL;-;-;-;-;-;-;-;-;-;151,6;-;-;-;-;-;-;-
WDON26C005050;BRBMEF0709M0;FINANCIAL;-;-;-;-;-;-;-;-;-;126,6;-;-;-;-;-;-;-
WDON26C005075;BRBMEF0709N8;FINANCIAL;-;-;-;-;-;-;-;-;-;101,6;-;-;-;-;-;-;-
WDON26C005100;BRBMEF0708Z4;FINANCIAL;-;-;-;-;-;-;-;-;-;76,6;-;-;-;-;-;-;-
WDON26C005125;BRBMEF070908;FINANCIAL;-;-;-;-;-;-;-;-;-;51,6;-;-;-;-;-;-;-
WDON26C005150;BRBMEF070916;FINANCIAL;-;-;-;-;-;-;-;-;-;26,6;-;-;-;-;-;-;-
WDON26C005175;BRBMEF070924;FINANCIAL;-;-;-;-;-;-;-;-;-;1,6;-;-;-;-;-;-;-
WDON26C005200;BRBMEF070932;FINANCIAL;-;-;-;-;-;-;-;-;-;0,001;-;-;-;-;-;-;-
WDON26C005225;BRBMEF070940;FINANCIAL;-;-;-;-;-;-;-;-;-;0,001;-;-;-;-;-;-;-
WDON26C005250;BRBMEF070957;FINANCIAL;-;-;-;-;-;-;-;-;-;0,001;-;-;-;-;-;-;-
WDON26C005275;BRBMEF070965;FINANCIAL;-;-;-;-;-;-;-;-;-;0,001;-;-;-;-;-;-;-
WDON26C005300;BRBMEF070973;FINANCIAL;-;-;-;-;-;-;-;-;-;0,001;-;-;-;-;-;-;-
WDON26C005325;BRBMEF070981;FINANCIAL;-;-;-;-;-;-;-;-;-;0,001;-;-;-;-;-;-;-
WDON26C005350;BRBMEF070999;FINANCIAL;-;-;-;-;-;-;-;-;-;0,001;-;-;-;-;-;-;-
WDON26C005375;BRBMEF0709A5;FINANCIAL;-;-;-;-;-;-;-;-;-;0,001;-;-;-;-;-;-;-
WDON26C005400;BRBMEF0709B3;FINANCIAL;-;-;-;-;-;-;-;-;-;0,001;-;-;-;-;-;-;-
WDON26C005425;BRBMEF0709C1;FINANCIAL;-;-;-;-;-;-;-;-;-;0,001;-;-;-;-;-;-;-
WDON26C005450;BRBMEF0709D9;FINANCIAL;-;-;-;-;-;-;-;-;-;0,001;-;-;-;-;-;-;-
WDON26C005475;BRBMEF0709E7;FINANCIAL;-;-;-;-;-;-;-;-;-;0,001;-;-;-;-;-;-;-
WDON26C005500;BRBMEF0709F4;FINANCIAL;-;-;-;-;-;-;-;-;-;0,001;-;-;-;-;-;-;-
WDON26C005525;BRBMEF0709O6;FINANCIAL;-;-;-;-;-;-;-;-;-;0,001;-;-;-;-;-;-;-
WDON26C005550;BRBMEF0709P3;FINANCIAL;-;-;-;-;-;-;-;-;-;0,001;-;-;-;-;-;-;-
WDON26C005575;BRBMEF0709Q1;FINANCIAL;-;-;-;-;-;-;-;-;-;0,001;-;-;-;-;-;-;-
WDON26C005600;BRBMEF0709R9;FINANCIAL;-;-;-;-;-;-;-;-;-;0,001;-;-;-;-;-;-;-
WDON26P004900;BRBMEF2709G0;FINANCIAL;-;-;-;-;-;-;-;-;-;0,001;-;-;-;-;-;-;-
WDON26P004925;BRBMEF2709H8;FINANCIAL;-;-;-;-;-;-;-;-;-;0,001;-;-;-;-;-;-;-
WDON26P004950;BRBMEF2709I6;FINANCIAL;-;-;-;-;-;-;-;-;-;0,001;-;-;-;-;-;-;-
WDON26P004975;BRBMEF2709J4;FINANCIAL;-;-;-;-;-;-;-;-;-;0,001;-;-;-;-;-;-;-
WDON26P005000;BRBMEF2709K2;FINANCIAL;-;-;-;-;-;-;-;-;-;0,001;-;-;-;-;-;-;-
WDON26P005025;BRBMEF2709L0;FINANCIAL;-;-;-;-;-;-;-;-;-;0,001;-;-;-;-;-;-;-
WDON26P005050;BRBMEF2709M8;FINANCIAL;-;-;-;-;-;-;-;-;-;0,001;-;-;-;-;-;-;-
WDON26P005075;BRBMEF2709N6;FINANCIAL;-;-;-;-;-;-;-;-;-;0,001;-;-;-;-;-;-;-
WDON26P005100;BRBMEF2708Z2;FINANCIAL;-;-;-;-;-;-;-;-;-;0,001;-;-;-;-;-;-;-
WDON26P005125;BRBMEF270904;FINANCIAL;-;-;-;-;-;-;-;-;-;0,001;-;-;-;-;-;-;-
WDON26P005150;BRBMEF270912;FINANCIAL;-;-;-;-;-;-;-;-;-;0,001;-;-;-;-;-;-;-
WDON26P005175;BRBMEF270920;FINANCIAL;-;-;-;-;-;-;-;-;-;0,001;-;-;-;-;-;-;-
WDON26P005200;BRBMEF270938;FINANCIAL;-;-;-;-;-;-;-;-;-;23,4;-;-;-;-;-;-;-
WDON26P005225;BRBMEF270946;FINANCIAL;-;-;-;-;-;-;-;-;-;48,4;-;-;-;-;-;-;-
WDON26P005250;BRBMEF270953;FINANCIAL;-;-;-;-;-;-;-;-;-;73,4;-;-;-;-;-;-;-
WDON26P005275;BRBMEF270961;FINANCIAL;-;-;-;-;-;-;-;-;-;98,4;-;-;-;-;-;-;-
WDON26P005300;BRBMEF270979;FINANCIAL;-;-;-;-;-;-;-;-;-;123,4;-;-;-;-;-;-;-
WDON26P005325;BRBMEF270987;FINANCIAL;-;-;-;-;-;-;-;-;-;148,4;-;-;-;-;-;-;-
WDON26P005350;BRBMEF270995;FINANCIAL;-;-;-;-;-;-;-;-;-;173,4;-;-;-;-;-;-;-
WDON26P005375;BRBMEF2709A3;FINANCIAL;-;-;-;-;-;-;-;-;-;198,4;-;-;-;-;-;-;-
WDON26P005400;BRBMEF2709B1;FINANCIAL;-;-;-;-;-;-;-;-;-;223,4;-;-;-;-;-;-;-
WDON26P005425;BRBMEF2709C9;FINANCIAL;-;-;-;-;-;-;-;-;-;248,4;-;-;-;-;-;-;-
WDON26P005450;BRBMEF2709D7;FINANCIAL;-;-;-;-;-;-;-;-;-;273,4;-;-;-;-;-;-;-
WDON26P005475;BRBMEF2709E5;FINANCIAL;-;-;-;-;-;-;-;-;-;298,4;-;-;-;-;-;-;-
WDON26P005500;BRBMEF2709F2;FINANCIAL;-;-;-;-;-;-;-;-;-;323,4;-;-;-;-;-;-;-
WDON26P005525;BRBMEF2709O4;FINANCIAL;-;-;-;-;-;-;-;-;-;348,4;-;-;-;-;-;-;-
WDON26P005550;BRBMEF2709P1;FINANCIAL;-;-;-;-;-;-;-;-;-;373,4;-;-;-;-;-;-;-
WDON26P005575;BRBMEF2709Q9;FINANCIAL;-;-;-;-;-;-;-;-;-;398,4;-;-;-;-;-;-;-
WDON26P005600;BRBMEF2709R7;FINANCIAL;-;-;-;-;-;-;-;-;-;423,4;-;-;-;-;-;-;-
WDOQ26C004950;BRBMEF0809W7;FINANCIAL;-;-;-;-;-;-;-;-;-;257,831;-;-;-;-;-;-;-
WDOQ26C005000;BRBMEF080980;FINANCIAL;-;-;-;-;-;-;-;-;-;211,36;-;-;-;-;-;-;-
WDOQ26C005025;BRBMEF080998;FINANCIAL;-;-;-;-;-;-;-;-;-;189,106;-;-;-;-;-;-;-
WDOQ26C005050;BRBMEF0809A3;FINANCIAL;-;-;-;-;-;-;-;-;-;168,019;-;-;-;-;-;-;-
WDOQ26C005075;BRBMEF0809B1;FINANCIAL;-;-;-;-;-;-;-;-;-;148,072;-;-;-;-;-;-;-
WDOQ26C005100;BRBMEF080972;FINANCIAL;-;-;-;-;-;-;-;-;-;129,417;-;-;-;-;-;-;-
WDOQ26C005125;BRBMEF0809C9;FINANCIAL;-;-;-;-;-;-;-;-;-;112,67;-;-;-;-;-;-;-
WDOQ26C005150;BRBMEF0809D7;FINANCIAL;-;-;-;-;-;-;-;-;-;97,676;-;-;-;-;-;-;-
WDOQ26C005175;BRBMEF0809E5;FINANCIAL;-;-;-;-;-;-;-;-;-;84,155;-;-;-;-;-;-;-
WDOQ26C005200;BRBMEF0809F2;FINANCIAL;-;-;-;-;-;-;-;-;-;72,173;-;-;-;-;-;-;-
WDOQ26C005225;BRBMEF0809G0;FINANCIAL;-;-;-;-;-;-;-;-;-;61,967;-;-;-;-;-;-;-
WDOQ26C005250;BRBMEF0809H8;FINANCIAL;-;-;-;-;-;-;-;-;-;53,416;-;-;-;-;-;-;-
WDOQ26C005275;BRBMEF0809I6;FINANCIAL;-;-;-;-;-;-;-;-;-;46,116;-;-;-;-;-;-;-
WDOQ26C005300;BRBMEF0809J4;FINANCIAL;-;-;-;-;-;-;-;-;-;39,344;-;-;-;-;-;-;-
WDOQ26C005325;BRBMEF0809K2;FINANCIAL;-;-;-;-;-;-;-;-;-;33,534;-;-;-;-;-;-;-
WDOQ26C005350;BRBMEF0809L0;FINANCIAL;-;-;-;-;-;-;-;-;-;28,569;-;-;-;-;-;-;-
WDOQ26C005375;BRBMEF0809M8;FINANCIAL;-;-;-;-;-;-;-;-;-;24,384;-;-;-;-;-;-;-
WDOQ26C005400;BRBMEF0809N6;FINANCIAL;-;-;-;-;-;-;-;-;-;20,825;-;-;-;-;-;-;-
WDOQ26C005425;BRBMEF0809O4;FINANCIAL;-;-;-;-;-;-;-;-;-;17,804;-;-;-;-;-;-;-
WDOQ26C005450;BRBMEF0809P1;FINANCIAL;-;-;-;-;-;-;-;-;-;15,277;-;-;-;-;-;-;-
WDOQ26C005475;BRBMEF0809Q9;FINANCIAL;-;-;-;-;-;-;-;-;-;13,164;-;-;-;-;-;-;-
WDOQ26C005500;BRBMEF0809R7;FINANCIAL;-;-;-;-;-;-;-;-;-;11,371;-;-;-;-;-;-;-
WDOQ26C005525;BRBMEF0809S5;FINANCIAL;-;-;-;-;-;-;-;-;-;9,686;-;-;-;-;-;-;-
WDOQ26C005550;BRBMEF0809T3;FINANCIAL;-;-;-;-;-;-;-;-;-;8,024;-;-;-;-;-;-;-
WDOQ26C005575;BRBMEF0809U1;FINANCIAL;-;-;-;-;-;-;-;-;-;6,655;-;-;-;-;-;-;-
WDOQ26C005600;BRBMEF0809V9;FINANCIAL;-;-;-;-;-;-;-;-;-;5,494;-;-;-;-;-;-;-
WDOQ26C006000;BRBMEF080964;FINANCIAL;-;-;-;-;-;-;-;-;-;0,085;-;-;-;-;-;-;-
WDOQ26P004950;BRBMEF2809W5;FINANCIAL;-;-;-;-;-;-;-;-;-;2,193;-;-;-;-;-;-;-
WDOQ26P005000;BRBMEF280986;FINANCIAL;-;-;-;-;-;-;-;-;-;5,097;-;-;-;-;-;-;-
WDOQ26P005025;BRBMEF280994;FINANCIAL;-;-;-;-;-;-;-;-;-;7,529;-;-;-;-;-;-;-
WDOQ26P005050;BRBMEF2809A1;FINANCIAL;-;-;-;-;-;-;-;-;-;11,129;-;-;-;-;-;-;-
WDOQ26P005075;BRBMEF2809B9;FINANCIAL;-;-;-;-;-;-;-;-;-;15,869;-;-;-;-;-;-;-
WDOQ26P005100;BRBMEF280978;FINANCIAL;-;-;-;-;-;-;-;-;-;21,901;-;-;-;-;-;-;-
WDOQ26P005125;BRBMEF2809C7;FINANCIAL;-;-;-;-;-;-;-;-;-;29,84;-;-;-;-;-;-;-
WDOQ26P005150;BRBMEF2809D5;FINANCIAL;-;-;-;-;-;-;-;-;-;39,533;-;-;-;-;-;-;-
WDOQ26P005175;BRBMEF2809E3;FINANCIAL;-;-;-;-;-;-;-;-;-;50,699;-;-;-;-;-;-;-
WDOQ26P005200;BRBMEF2809F0;FINANCIAL;-;-;-;-;-;-;-;-;-;63,404;-;-;-;-;-;-;-
WDOQ26P005225;BRBMEF2809G8;FINANCIAL;-;-;-;-;-;-;-;-;-;77,885;-;-;-;-;-;-;-
WDOQ26P005250;BRBMEF2809H6;FINANCIAL;-;-;-;-;-;-;-;-;-;94,02;-;-;-;-;-;-;-
WDOQ26P005275;BRBMEF2809I4;FINANCIAL;-;-;-;-;-;-;-;-;-;111,407;-;-;-;-;-;-;-
WDOQ26P005300;BRBMEF2809J2;FINANCIAL;-;-;-;-;-;-;-;-;-;129,322;-;-;-;-;-;-;-
WDOQ26P005325;BRBMEF2809K0;FINANCIAL;-;-;-;-;-;-;-;-;-;148,199;-;-;-;-;-;-;-
WDOQ26P005350;BRBMEF2809L8;FINANCIAL;-;-;-;-;-;-;-;-;-;167,92;-;-;-;-;-;-;-
WDOQ26P005375;BRBMEF2809M6;FINANCIAL;-;-;-;-;-;-;-;-;-;188,422;-;-;-;-;-;-;-
WDOQ26P005400;BRBMEF2809N4;FINANCIAL;-;-;-;-;-;-;-;-;-;209,551;-;-;-;-;-;-;-
WDOQ26P005425;BRBMEF2809O2;FINANCIAL;-;-;-;-;-;-;-;-;-;231,216;-;-;-;-;-;-;-
WDOQ26P005450;BRBMEF2809P9;FINANCIAL;-;-;-;-;-;-;-;-;-;253,375;-;-;-;-;-;-;-
WDOQ26P005475;BRBMEF2809Q7;FINANCIAL;-;-;-;-;-;-;-;-;-;275,95;-;-;-;-;-;-;-
WDOQ26P005500;BRBMEF2809R5;FINANCIAL;-;-;-;-;-;-;-;-;-;298,843;-;-;-;-;-;-;-
WDOQ26P005525;BRBMEF2809S3;FINANCIAL;-;-;-;-;-;-;-;-;-;321,845;-;-;-;-;-;-;-
WDOQ26P005550;BRBMEF2809T1;FINANCIAL;-;-;-;-;-;-;-;-;-;344,869;-;-;-;-;-;-;-
WDOQ26P005575;BRBMEF2809U9;FINANCIAL;-;-;-;-;-;-;-;-;-;368,187;-;-;-;-;-;-;-
WDOQ26P005600;BRBMEF2809V7;FINANCIAL;-;-;-;-;-;-;-;-;-;391,713;-;-;-;-;-;-;-
WDOQ26P006000;BRBMEF280960;FINANCIAL;-;-;-;-;-;-;-;-;-;781,293;-;-;-;-;-;-;-
WDOU26C005100;BRBMEF0908R7;FINANCIAL;-;-;-;-;-;-;-;-;-;176,88;-;-;-;-;-;-;-
WDOU26C005125;BRBMEF0908S5;FINANCIAL;-;-;-;-;-;-;-;-;-;160,369;-;-;-;-;-;-;-
WDOU26C005150;BRBMEF0908T3;FINANCIAL;-;-;-;-;-;-;-;-;-;144,91;-;-;-;-;-;-;-
WDOU26C005175;BRBMEF0908U1;FINANCIAL;-;-;-;-;-;-;-;-;-;130,681;-;-;-;-;-;-;-
WDOU26C005200;BRBMEF0908V9;FINANCIAL;-;-;-;-;-;-;-;-;-;118,372;-;-;-;-;-;-;-
WDOU26C005225;BRBMEF0908W7;FINANCIAL;-;-;-;-;-;-;-;-;-;107,144;-;-;-;-;-;-;-
WDOU26C005250;BRBMEF0908X5;FINANCIAL;-;-;-;-;-;-;-;-;-;97,026;-;-;-;-;-;-;-
WDOU26C005275;BRBMEF0908Y3;FINANCIAL;-;-;-;-;-;-;-;-;-;87,776;-;-;-;-;-;-;-
WDOU26C005300;BRBMEF0908Z0;FINANCIAL;-;-;-;-;-;-;-;-;-;79,413;-;-;-;-;-;-;-
WDOU26C005325;BRBMEF090906;FINANCIAL;-;-;-;-;-;-;-;-;-;72,035;-;-;-;-;-;-;-
WDOU26C005350;BRBMEF090914;FINANCIAL;-;-;-;-;-;-;-;-;-;65,315;-;-;-;-;-;-;-
WDOU26C005375;BRBMEF090922;FINANCIAL;-;-;-;-;-;-;-;-;-;59,035;-;-;-;-;-;-;-
WDOU26C005400;BRBMEF090930;FINANCIAL;-;-;-;-;-;-;-;-;-;53,536;-;-;-;-;-;-;-
WDOU26C005425;BRBMEF090948;FINANCIAL;-;-;-;-;-;-;-;-;-;48,523;-;-;-;-;-;-;-
WDOU26C005450;BRBMEF090955;FINANCIAL;-;-;-;-;-;-;-;-;-;44,09;-;-;-;-;-;-;-
WDOU26C005475;BRBMEF090963;FINANCIAL;-;-;-;-;-;-;-;-;-;39,843;-;-;-;-;-;-;-
WDOU26C005500;BRBMEF090971;FINANCIAL;-;-;-;-;-;-;-;-;-;35,774;-;-;-;-;-;-;-
WDOU26C005525;BRBMEF090989;FINANCIAL;-;-;-;-;-;-;-;-;-;32,182;-;-;-;-;-;-;-
WDOU26C005550;BRBMEF090997;FINANCIAL;-;-;-;-;-;-;-;-;-;28,959;-;-;-;-;-;-;-
WDOU26C005575;BRBMEF0909A1;FINANCIAL;-;-;-;-;-;-;-;-;-;26,07;-;-;-;-;-;-;-
WDOU26C005600;BRBMEF0909B9;FINANCIAL;-;-;-;-;-;-;-;-;-;23,481;-;-;-;-;-;-;-
WDOU26P005100;BRBMEF2908R5;FINANCIAL;-;-;-;-;-;-;-;-;-;35,074;-;-;-;-;-;-;-
WDOU26P005125;BRBMEF2908S3;FINANCIAL;-;-;-;-;-;-;-;-;-;42,982;-;-;-;-;-;-;-
WDOU26P005150;BRBMEF2908T1;FINANCIAL;-;-;-;-;-;-;-;-;-;51,943;-;-;-;-;-;-;-
WDOU26P005175;BRBMEF2908U9;FINANCIAL;-;-;-;-;-;-;-;-;-;62,133;-;-;-;-;-;-;-
WDOU26P005200;BRBMEF2908V7;FINANCIAL;-;-;-;-;-;-;-;-;-;74,243;-;-;-;-;-;-;-
WDOU26P005225;BRBMEF2908W5;FINANCIAL;-;-;-;-;-;-;-;-;-;87,434;-;-;-;-;-;-;-
WDOU26P005250;BRBMEF2908X3;FINANCIAL;-;-;-;-;-;-;-;-;-;101,734;-;-;-;-;-;-;-
WDOU26P005275;BRBMEF2908Y1;FINANCIAL;-;-;-;-;-;-;-;-;-;116,904;-;-;-;-;-;-;-
WDOU26P005300;BRBMEF2908Z8;FINANCIAL;-;-;-;-;-;-;-;-;-;132,96;-;-;-;-;-;-;-
WDOU26P005325;BRBMEF290902;FINANCIAL;-;-;-;-;-;-;-;-;-;150,001;-;-;-;-;-;-;-
WDOU26P005350;BRBMEF290910;FINANCIAL;-;-;-;-;-;-;-;-;-;167,7;-;-;-;-;-;-;-
WDOU26P005375;BRBMEF290928;FINANCIAL;-;-;-;-;-;-;-;-;-;185,839;-;-;-;-;-;-;-
WDOU26P005400;BRBMEF290936;FINANCIAL;-;-;-;-;-;-;-;-;-;204,759;-;-;-;-;-;-;-
WDOU26P005425;BRBMEF290944;FINANCIAL;-;-;-;-;-;-;-;-;-;224,166;-;-;-;-;-;-;-
WDOU26P005450;BRBMEF290951;FINANCIAL;-;-;-;-;-;-;-;-;-;244,152;-;-;-;-;-;-;-
WDOU26P005475;BRBMEF290969;FINANCIAL;-;-;-;-;-;-;-;-;-;264,324;-;-;-;-;-;-;-
WDOU26P005500;BRBMEF290977;FINANCIAL;-;-;-;-;-;-;-;-;-;284,674;-;-;-;-;-;-;-
WDOU26P005525;BRBMEF290985;FINANCIAL;-;-;-;-;-;-;-;-;-;305,5;-;-;-;-;-;-;-
WDOU26P005550;BRBMEF290993;FINANCIAL;-;-;-;-;-;-;-;-;-;326,696;-;-;-;-;-;-;-
WDOU26P005575;BRBMEF2909A9;FINANCIAL;-;-;-;-;-;-;-;-;-;348,226;-;-;-;-;-;-;-
WDOU26P005600;BRBMEF2909B7;FINANCIAL;-;-;-;-;-;-;-;-;-;370,057;-;-;-;-;-;-;-
WDOV26C005700;BRBMEF0W07U9;FINANCIAL;-;-;-;-;-;-;-;-;-;32,328;-;-;-;-;-;-;-
WDOV26C005900;BRBMEF0W08J0;FINANCIAL;-;-;-;-;-;-;-;-;-;16,866;-;-;-;-;-;-;-
WDOV26C006000;BRBMEF0W08K8;FINANCIAL;-;-;-;-;-;-;-;-;-;11,59;-;-;-;-;-;-;-
WDOV26C006100;BRBMEF0W08L6;FINANCIAL;-;-;-;-;-;-;-;-;-;7,853;-;-;-;-;-;-;-
WDOV26C006500;BRBMEF0W07V7;FINANCIAL;-;-;-;-;-;-;-;-;-;1,245;-;-;-;-;-;-;-
WDOV26P005700;BRBMEF2007U0;FINANCIAL;-;-;-;-;-;-;-;-;-;437,656;-;-;-;-;-;-;-
WDOV26P005900;BRBMEF2008J1;FINANCIAL;-;-;-;-;-;-;-;-;-;615,434;-;-;-;-;-;-;-
WDOV26P006000;BRBMEF2008K9;FINANCIAL;-;-;-;-;-;-;-;-;-;706,778;-;-;-;-;-;-;-
WDOV26P006100;BRBMEF2008L7;FINANCIAL;-;-;-;-;-;-;-;-;-;799,661;-;-;-;-;-;-;-
WDOV26P006500;BRBMEF2007V8;FINANCIAL;-;-;-;-;-;-;-;-;-;1179,533;-;-;-;-;-;-;-
WDOX26C005250;BRBMEF0Y07R1;FINANCIAL;-;-;-;-;-;-;-;-;-;194,745;-;-;-;-;-;-;-
WDOX26P005250;BRBMEF2Y07R7;FINANCIAL;-;-;-;-;-;-;-;-;-;134,77;-;-;-;-;-;-;-
WDOZ26C005400;BRBMEF0Z0850;FINANCIAL;-;-;-;-;-;-;-;-;-;162,231;-;-;-;-;-;-;-
WDOZ26P005400;BRBMEF2Z0858;FINANCIAL;-;-;-;-;-;-;-;-;-;215,186;-;-;-;-;-;-;-
ISPN26C007300;BRBMEFCSN313;FINANCIAL;-;-;-;-;-;-;-;-;-;291,53;-;-;-;-;-;-;-
ISPN26P007300;BRBMEFVSN313;FINANCIAL;-;-;-;-;-;-;-;-;-;35,78;-;-;-;-;-;-;-
ISPU26C006000;BRBMEFCSN2E8;FINANCIAL;-;-;-;-;-;-;-;-;-;1527,78;-;-;-;-;-;-;-
ISPU26C006100;BRBMEFCSN2T6;FINANCIAL;-;-;-;-;-;-;-;-;-;1436,29;-;-;-;-;-;-;-
ISPU26C006200;BRBMEFCSN0X2;FINANCIAL;-;-;-;-;-;-;-;-;-;1341,74;-;-;-;-;-;-;-
ISPU26C006300;BRBMEFCSN2U4;FINANCIAL;-;-;-;-;-;-;-;-;-;1247,47;-;-;-;-;-;-;-
ISPU26C006400;BRBMEFCSN2V2;FINANCIAL;-;-;-;-;-;-;-;-;-;1153,79;-;-;-;-;-;-;-
ISPU26C006500;BRBMEFCSN2F5;FINANCIAL;-;-;-;-;-;-;-;-;-;1060,92;-;-;-;-;-;-;-
ISPU26C006600;BRBMEFCSN2W0;FINANCIAL;-;-;-;-;-;-;-;-;-;969;-;-;-;-;-;-;-
ISPU26C006700;BRBMEFCSN2X8;FINANCIAL;-;-;-;-;-;-;-;-;-;877,61;-;-;-;-;-;-;-
ISPU26C006800;BRBMEFCSN2Y6;FINANCIAL;-;-;-;-;-;-;-;-;-;787,64;-;-;-;-;-;-;-
ISPU26C006900;BRBMEFCSN2B4;FINANCIAL;-;-;-;-;-;-;-;-;-;699,31;-;-;-;-;-;-;-
ISPU26C007000;BRBMEFCSN2G3;FINANCIAL;-;-;-;-;-;-;-;-;-;613,23;-;-;-;-;-;-;-
ISPU26C007100;BRBMEFCSN2H1;FINANCIAL;-;-;-;-;-;-;-;-;-;529,99;-;-;-;-;-;-;-
ISPU26C007200;BRBMEFCSN2I9;FINANCIAL;-;-;-;-;-;-;-;-;-;449,75;-;-;-;-;-;-;-
ISPU26C007300;BRBMEFCSN2J7;FINANCIAL;-;-;-;-;-;-;-;-;-;372,83;-;-;-;-;-;-;-
ISPU26C007400;BRBMEFCSN2C2;FINANCIAL;-;-;-;-;-;-;-;-;-;301,19;-;-;-;-;-;-;-
ISPU26C007500;BRBMEFCSN2Z3;FINANCIAL;-;-;-;-;-;-;-;-;-;235,39;-;-;-;-;-;-;-
ISPU26C007600;BRBMEFCSN2R0;FINANCIAL;-;-;-;-;-;-;-;-;-;177,25;-;-;-;-;-;-;-
ISPU26C007700;BRBMEFCSN305;FINANCIAL;-;-;-;-;-;-;-;-;-;128,18;-;-;-;-;-;-;-
ISPU26C007800;BRBMEFCSN2D0;FINANCIAL;-;-;-;-;-;-;-;-;-;89,1;-;-;-;-;-;-;-
ISPU26C007900;BRBMEFCSN2S8;FINANCIAL;-;-;-;-;-;-;-;-;-;59,46;-;-;-;-;-;-;-
ISPU26P006000;BRBMEFVSN2E5;FINANCIAL;-;-;-;-;-;-;-;-;-;15,9;-;-;-;-;-;-;-
ISPU26P006100;BRBMEFVSN2T3;FINANCIAL;-;-;-;-;-;-;-;-;-;21,48;-;-;-;-;-;-;-
ISPU26P006200;BRBMEFVSN0X9;FINANCIAL;-;-;-;-;-;-;-;-;-;24;-;-;-;-;-;-;-
ISPU26P006300;BRBMEFVSN2U1;FINANCIAL;-;-;-;-;-;-;-;-;-;26,8;-;-;-;-;-;-;-
ISPU26P006400;BRBMEFVSN2V9;FINANCIAL;-;-;-;-;-;-;-;-;-;30,19;-;-;-;-;-;-;-
ISPU26P006500;BRBMEFVSN2F2;FINANCIAL;-;-;-;-;-;-;-;-;-;34,39;-;-;-;-;-;-;-
ISPU26P006600;BRBMEFVSN2W7;FINANCIAL;-;-;-;-;-;-;-;-;-;39,55;-;-;-;-;-;-;-
ISPU26P006700;BRBMEFVSN2X5;FINANCIAL;-;-;-;-;-;-;-;-;-;45,22;-;-;-;-;-;-;-
ISPU26P006800;BRBMEFVSN2Y3;FINANCIAL;-;-;-;-;-;-;-;-;-;52,32;-;-;-;-;-;-;-
ISPU26P006900;BRBMEFVSN2B1;FINANCIAL;-;-;-;-;-;-;-;-;-;61,06;-;-;-;-;-;-;-
ISPU26P007000;BRBMEFVSN2G0;FINANCIAL;-;-;-;-;-;-;-;-;-;72,05;-;-;-;-;-;-;-
ISPU26P007100;BRBMEFVSN2H8;FINANCIAL;-;-;-;-;-;-;-;-;-;85,89;-;-;-;-;-;-;-
ISPU26P007200;BRBMEFVSN2I6;FINANCIAL;-;-;-;-;-;-;-;-;-;102,72;-;-;-;-;-;-;-
ISPU26P007300;BRBMEFVSN2J4;FINANCIAL;-;-;-;-;-;-;-;-;-;122,87;-;-;-;-;-;-;-
ISPU26P007400;BRBMEFVSN2C9;FINANCIAL;-;-;-;-;-;-;-;-;-;148,3;-;-;-;-;-;-;-
ISPU26P007500;BRBMEFVSN2Z0;FINANCIAL;-;-;-;-;-;-;-;-;-;179,58;-;-;-;-;-;-;-
ISPU26P007600;BRBMEFVSN2R7;FINANCIAL;-;-;-;-;-;-;-;-;-;218,51;-;-;-;-;-;-;-
ISPU26P007700;BRBMEFVSN305;FINANCIAL;-;-;-;-;-;-;-;-;-;266,51;-;-;-;-;-;-;-
ISPU26P007800;BRBMEFVSN2D7;FINANCIAL;-;-;-;-;-;-;-;-;-;324,49;-;-;-;-;-;-;-
ISPU26P007900;BRBMEFVSN2S5;FINANCIAL;-;-;-;-;-;-;-;-;-;391,93;-;-;-;-;-;-;-
ISPZ26C004200;BRBMEFCSIYR0;FINANCIAL;-;-;-;-;-;-;-;-;-;3220,88;-;-;-;-;-;-;-
ISPZ26C005000;BRBMEFCSIYS8;FINANCIAL;-;-;-;-;-;-;-;-;-;2478,01;-;-;-;-;-;-;-
ISPZ26C005200;BRBMEFCSN0H5;FINANCIAL;-;-;-;-;-;-;-;-;-;2296,56;-;-;-;-;-;-;-
ISPZ26C005300;BRBMEFCSN0I3;FINANCIAL;-;-;-;-;-;-;-;-;-;2206,96;-;-;-;-;-;-;-
ISPZ26C005400;BRBMEFCSN0J1;FINANCIAL;-;-;-;-;-;-;-;-;-;2118,25;-;-;-;-;-;-;-
ISPZ26C005500;BRBMEFCSIYT6;FINANCIAL;-;-;-;-;-;-;-;-;-;2030,55;-;-;-;-;-;-;-
ISPZ26C005600;BRBMEFCSN0K9;FINANCIAL;-;-;-;-;-;-;-;-;-;1940,66;-;-;-;-;-;-;-
ISPZ26C005700;BRBMEFCSN0L7;FINANCIAL;-;-;-;-;-;-;-;-;-;1850,35;-;-;-;-;-;-;-
ISPZ26C005800;BRBMEFCSN0M5;FINANCIAL;-;-;-;-;-;-;-;-;-;1760,45;-;-;-;-;-;-;-
ISPZ26C005900;BRBMEFCSN0N3;FINANCIAL;-;-;-;-;-;-;-;-;-;1671,17;-;-;-;-;-;-;-
ISPZ26C006000;BRBMEFCSN0O1;FINANCIAL;-;-;-;-;-;-;-;-;-;1582,44;-;-;-;-;-;-;-
ISPZ26C006100;BRBMEFCSN0P8;FINANCIAL;-;-;-;-;-;-;-;-;-;1494,44;-;-;-;-;-;-;-
ISPZ26C006200;BRBMEFCSN0Q6;FINANCIAL;-;-;-;-;-;-;-;-;-;1406,82;-;-;-;-;-;-;-
ISPZ26C006300;BRBMEFCSIZ31;FINANCIAL;-;-;-;-;-;-;-;-;-;1319,03;-;-;-;-;-;-;-
ISPZ26C006400;BRBMEFCSN0R4;FINANCIAL;-;-;-;-;-;-;-;-;-;1232,2;-;-;-;-;-;-;-
ISPZ26C006500;BRBMEFCSN0S2;FINANCIAL;-;-;-;-;-;-;-;-;-;1146,36;-;-;-;-;-;-;-
ISPZ26C006600;BRBMEFCSN0T0;FINANCIAL;-;-;-;-;-;-;-;-;-;1061,68;-;-;-;-;-;-;-
ISPZ26C006700;BRBMEFCSN0U8;FINANCIAL;-;-;-;-;-;-;-;-;-;978,46;-;-;-;-;-;-;-
ISPZ26C006800;BRBMEFCSN0V6;FINANCIAL;-;-;-;-;-;-;-;-;-;896,82;-;-;-;-;-;-;-
ISPZ26C006900;BRBMEFCSN0W4;FINANCIAL;-;-;-;-;-;-;-;-;-;816,98;-;-;-;-;-;-;-
ISPZ26C007000;BRBMEFCSN2K5;FINANCIAL;-;-;-;-;-;-;-;-;-;739,21;-;-;-;-;-;-;-
ISPZ26C007100;BRBMEFCSN2L3;FINANCIAL;-;-;-;-;-;-;-;-;-;663,16;-;-;-;-;-;-;-
ISPZ26C007200;BRBMEFCSN2M1;FINANCIAL;-;-;-;-;-;-;-;-;-;589,57;-;-;-;-;-;-;-
ISPZ26C007300;BRBMEFCSN2N9;FINANCIAL;-;-;-;-;-;-;-;-;-;518,96;-;-;-;-;-;-;-
ISPZ26C007400;BRBMEFCSN2O7;FINANCIAL;-;-;-;-;-;-;-;-;-;451,72;-;-;-;-;-;-;-
ISPZ26C007500;BRBMEFCSN2P4;FINANCIAL;-;-;-;-;-;-;-;-;-;387,49;-;-;-;-;-;-;-
ISPZ26P004200;BRBMEFVSIYR0;FINANCIAL;-;-;-;-;-;-;-;-;-;0,72;-;-;-;-;-;-;-
ISPZ26P005000;BRBMEFVSIYS8;FINANCIAL;-;-;-;-;-;-;-;-;-;9,89;-;-;-;-;-;-;-
ISPZ26P005200;BRBMEFVSN0H2;FINANCIAL;-;-;-;-;-;-;-;-;-;16,46;-;-;-;-;-;-;-
ISPZ26P005300;BRBMEFVSN0I0;FINANCIAL;-;-;-;-;-;-;-;-;-;20,86;-;-;-;-;-;-;-
ISPZ26P005400;BRBMEFVSN0J8;FINANCIAL;-;-;-;-;-;-;-;-;-;26,16;-;-;-;-;-;-;-
ISPZ26P005500;BRBMEFVSIYT6;FINANCIAL;-;-;-;-;-;-;-;-;-;32,47;-;-;-;-;-;-;-
ISPZ26P005600;BRBMEFVSN0K6;FINANCIAL;-;-;-;-;-;-;-;-;-;36,58;-;-;-;-;-;-;-
ISPZ26P005700;BRBMEFVSN0L4;FINANCIAL;-;-;-;-;-;-;-;-;-;40,27;-;-;-;-;-;-;-
ISPZ26P005800;BRBMEFVSN0M2;FINANCIAL;-;-;-;-;-;-;-;-;-;44,38;-;-;-;-;-;-;-
ISPZ26P005900;BRBMEFVSN0N0;FINANCIAL;-;-;-;-;-;-;-;-;-;49,1;-;-;-;-;-;-;-
ISPZ26P006000;BRBMEFVSN0O8;FINANCIAL;-;-;-;-;-;-;-;-;-;54,38;-;-;-;-;-;-;-
ISPZ26P006100;BRBMEFVSN0P5;FINANCIAL;-;-;-;-;-;-;-;-;-;60,38;-;-;-;-;-;-;-
ISPZ26P006200;BRBMEFVSN0Q3;FINANCIAL;-;-;-;-;-;-;-;-;-;66,77;-;-;-;-;-;-;-
ISPZ26P006300;BRBMEFVSIZ38;FINANCIAL;-;-;-;-;-;-;-;-;-;72,99;-;-;-;-;-;-;-
ISPZ26P006400;BRBMEFVSN0R1;FINANCIAL;-;-;-;-;-;-;-;-;-;80,16;-;-;-;-;-;-;-
ISPZ26P006500;BRBMEFVSN0S9;FINANCIAL;-;-;-;-;-;-;-;-;-;88,33;-;-;-;-;-;-;-
ISPZ26P006600;BRBMEFVSN0T7;FINANCIAL;-;-;-;-;-;-;-;-;-;97,65;-;-;-;-;-;-;-
ISPZ26P006700;BRBMEFVSN0U5;FINANCIAL;-;-;-;-;-;-;-;-;-;108,44;-;-;-;-;-;-;-
ISPZ26P006800;BRBMEFVSN0V3;FINANCIAL;-;-;-;-;-;-;-;-;-;120,8;-;-;-;-;-;-;-
ISPZ26P006900;BRBMEFVSN0W1;FINANCIAL;-;-;-;-;-;-;-;-;-;134,97;-;-;-;-;-;-;-
ISPZ26P007000;BRBMEFVSN2K2;FINANCIAL;-;-;-;-;-;-;-;-;-;151,2;-;-;-;-;-;-;-
ISPZ26P007100;BRBMEFVSN2L0;FINANCIAL;-;-;-;-;-;-;-;-;-;169,16;-;-;-;-;-;-;-
ISPZ26P007200;BRBMEFVSN2M8;FINANCIAL;-;-;-;-;-;-;-;-;-;189,58;-;-;-;-;-;-;-
ISPZ26P007300;BRBMEFVSN2N6;FINANCIAL;-;-;-;-;-;-;-;-;-;212,97;-;-;-;-;-;-;-
ISPZ26P007400;BRBMEFVSN2O4;FINANCIAL;-;-;-;-;-;-;-;-;-;239,74;-;-;-;-;-;-;-
ISPZ26P007500;BRBMEFVSN2P1;FINANCIAL;-;-;-;-;-;-;-;-;-;269,52;-;-;-;-;-;-;-
D11F27C001000;BRBMEFCD1F59;FINANCIAL;-;-;-;-;-;-;-;-;-;791,6;-;-;-;-;-;-;-
D11F27C001025;BRBMEFCD1F67;FINANCIAL;-;-;-;-;-;-;-;-;-;742,29;-;-;-;-;-;-;-
D11F27C001050;BRBMEFCD1F75;FINANCIAL;-;-;-;-;-;-;-;-;-;693,22;-;-;-;-;-;-;-
D11F27C001075;BRBMEFCD1F83;FINANCIAL;-;-;-;-;-;-;-;-;-;644,45;-;-;-;-;-;-;-
D11F27C001100;BRBMEFCD1F91;FINANCIAL;-;-;-;-;-;-;-;-;-;596,03;-;-;-;-;-;-;-
D11F27C001125;BRBMEFCD1FA0;FINANCIAL;-;-;-;-;-;-;-;-;-;547,94;-;-;-;-;-;-;-
D11F27C001150;BRBMEFCD1FB8;FINANCIAL;-;-;-;-;-;-;-;-;-;500,37;-;-;-;-;-;-;-
D11F27C001175;BRBMEFCD1FC6;FINANCIAL;-;-;-;-;-;-;-;-;-;453,47;-;-;-;-;-;-;-
D11F27C001200;BRBMEFCD1FD4;FINANCIAL;-;-;-;-;-;-;-;-;-;407,37;-;-;-;-;-;-;-
D11F27C001225;BRBMEFCD1FE2;FINANCIAL;-;-;-;-;-;-;-;-;-;362,24;-;-;-;-;-;-;-
D11F27C001250;BRBMEFCD1FF9;FINANCIAL;-;-;-;-;-;-;-;-;-;318,65;-;-;-;-;-;-;-
D11F27C001275;BRBMEFCD1FG7;FINANCIAL;-;-;-;-;-;-;-;-;-;277,92;-;-;-;-;-;-;-
D11F27C001300;BRBMEFCD1FH5;FINANCIAL;-;-;-;-;-;-;-;-;-;239,64;-;-;-;-;-;-;-
D11F27C001325;BRBMEFCD1FI3;FINANCIAL;-;-;-;-;-;-;-;-;-;204,39;-;-;-;-;-;-;-
D11F27C001350;BRBMEFCD1FJ1;FINANCIAL;-;-;-;-;-;-;-;-;-;173,74;-;-;-;-;-;-;-
D11F27C001375;BRBMEFCD1FK9;FINANCIAL;-;-;-;-;-;-;-;-;-;146,84;-;-;-;-;-;-;-
D11F27C001400;BRBMEFCD1DZ2;FINANCIAL;-;-;-;-;-;-;-;-;-;123,78;-;-;-;-;-;-;-
D11F27C001425;BRBMEFCD1E01;FINANCIAL;-;-;-;-;-;-;-;-;-;104,23;-;-;-;-;-;-;-
D11F27C001450;BRBMEFCD1E19;FINANCIAL;-;-;-;-;-;-;-;-;-;88,01;-;-;-;-;-;-;-
D11F27C001475;BRBMEFCD1E27;FINANCIAL;-;-;-;-;-;-;-;-;-;74,53;-;-;-;-;-;-;-
D11F27C001500;BRBMEFCD1E35;FINANCIAL;-;-;-;-;-;-;-;-;-;63,89;-;-;-;-;-;-;-
D11F27C001525;BRBMEFCD1FL7;FINANCIAL;-;-;-;-;-;-;-;-;-;55,19;-;-;-;-;-;-;-
D11F27C001550;BRBMEFCD1FM5;FINANCIAL;-;-;-;-;-;-;-;-;-;47,94;-;-;-;-;-;-;-
D11F27C001575;BRBMEFCD1FN3;FINANCIAL;-;-;-;-;-;-;-;-;-;41,2;-;-;-;-;-;-;-
D11F27C001600;BRBMEFCD1FO1;FINANCIAL;-;-;-;-;-;-;-;-;-;35,54;-;-;-;-;-;-;-
D11F27C001625;BRBMEFCD1FP8;FINANCIAL;-;-;-;-;-;-;-;-;-;30,9;-;-;-;-;-;-;-
D11F27C001650;BRBMEFCD1FQ6;FINANCIAL;-;-;-;-;-;-;-;-;-;27,05;-;-;-;-;-;-;-
D11F27C001675;BRBMEFCD1FR4;FINANCIAL;-;-;-;-;-;-;-;-;-;23,85;-;-;-;-;-;-;-
D11F27C001700;BRBMEFCD1FS2;FINANCIAL;-;-;-;-;-;-;-;-;-;21,14;-;-;-;-;-;-;-
D11F27C001725;BRBMEFCD1FT0;FINANCIAL;-;-;-;-;-;-;-;-;-;18,92;-;-;-;-;-;-;-
D11F27C001750;BRBMEFCD1FU8;FINANCIAL;-;-;-;-;-;-;-;-;-;16,96;-;-;-;-;-;-;-
D11F27C001775;BRBMEFCD1FV6;FINANCIAL;-;-;-;-;-;-;-;-;-;15,31;-;-;-;-;-;-;-
D11F27C001800;BRBMEFCD1FW4;FINANCIAL;-;-;-;-;-;-;-;-;-;13,93;-;-;-;-;-;-;-
D11F27P001000;BRBMEFVD1ER4;FINANCIAL;-;-;-;-;-;-;-;-;-;0,1;-;-;-;-;-;-;-
D11F27P001025;BRBMEFVD1ES2;FINANCIAL;-;-;-;-;-;-;-;-;-;0,21;-;-;-;-;-;-;-
D11F27P001050;BRBMEFVD1ET0;FINANCIAL;-;-;-;-;-;-;-;-;-;0,43;-;-;-;-;-;-;-
D11F27P001075;BRBMEFVD1EU8;FINANCIAL;-;-;-;-;-;-;-;-;-;0,81;-;-;-;-;-;-;-
D11F27P001100;BRBMEFVD1EV6;FINANCIAL;-;-;-;-;-;-;-;-;-;1,4;-;-;-;-;-;-;-
D11F27P001125;BRBMEFVD1EW4;FINANCIAL;-;-;-;-;-;-;-;-;-;2,19;-;-;-;-;-;-;-
D11F27P001150;BRBMEFVD1EX2;FINANCIAL;-;-;-;-;-;-;-;-;-;3,36;-;-;-;-;-;-;-
D11F27P001175;BRBMEFVD1EY0;FINANCIAL;-;-;-;-;-;-;-;-;-;5,06;-;-;-;-;-;-;-
D11F27P001200;BRBMEFVD1EZ7;FINANCIAL;-;-;-;-;-;-;-;-;-;7,43;-;-;-;-;-;-;-
D11F27P001225;BRBMEFVD1F00;FINANCIAL;-;-;-;-;-;-;-;-;-;10,64;-;-;-;-;-;-;-
D11F27P001250;BRBMEFVD1F18;FINANCIAL;-;-;-;-;-;-;-;-;-;15,26;-;-;-;-;-;-;-
D11F27P001275;BRBMEFVD1F26;FINANCIAL;-;-;-;-;-;-;-;-;-;22,6;-;-;-;-;-;-;-
D11F27P001300;BRBMEFVD1F34;FINANCIAL;-;-;-;-;-;-;-;-;-;32,26;-;-;-;-;-;-;-
D11F27P001325;BRBMEFVD1F42;FINANCIAL;-;-;-;-;-;-;-;-;-;44,82;-;-;-;-;-;-;-
D11F27P001350;BRBMEFVD1F59;FINANCIAL;-;-;-;-;-;-;-;-;-;61,84;-;-;-;-;-;-;-
D11F27P001375;BRBMEFVD1F67;FINANCIAL;-;-;-;-;-;-;-;-;-;82,49;-;-;-;-;-;-;-
D11F27P001400;BRBMEFVD1DL9;FINANCIAL;-;-;-;-;-;-;-;-;-;106,85;-;-;-;-;-;-;-
D11F27P001425;BRBMEFVD1DM7;FINANCIAL;-;-;-;-;-;-;-;-;-;134,59;-;-;-;-;-;-;-
D11F27P001450;BRBMEFVD1DN5;FINANCIAL;-;-;-;-;-;-;-;-;-;165,53;-;-;-;-;-;-;-
D11F27P001475;BRBMEFVD1DO3;FINANCIAL;-;-;-;-;-;-;-;-;-;199,08;-;-;-;-;-;-;-
D11F27P001500;BRBMEFVD1DP0;FINANCIAL;-;-;-;-;-;-;-;-;-;235,36;-;-;-;-;-;-;-
D11F27P001525;BRBMEFVD1F75;FINANCIAL;-;-;-;-;-;-;-;-;-;273,43;-;-;-;-;-;-;-
D11F27P001550;BRBMEFVD1F83;FINANCIAL;-;-;-;-;-;-;-;-;-;312,85;-;-;-;-;-;-;-
D11F27P001575;BRBMEFVD1F91;FINANCIAL;-;-;-;-;-;-;-;-;-;352,63;-;-;-;-;-;-;-
D11F27P001600;BRBMEFVD1FA7;FINANCIAL;-;-;-;-;-;-;-;-;-;393,38;-;-;-;-;-;-;-
D11F27P001625;BRBMEFVD1FB5;FINANCIAL;-;-;-;-;-;-;-;-;-;435,03;-;-;-;-;-;-;-
D11F27P001650;BRBMEFVD1FC3;FINANCIAL;-;-;-;-;-;-;-;-;-;477,34;-;-;-;-;-;-;-
D11F27P001675;BRBMEFVD1FD1;FINANCIAL;-;-;-;-;-;-;-;-;-;520,17;-;-;-;-;-;-;-
D11F27P001700;BRBMEFVD1FE9;FINANCIAL;-;-;-;-;-;-;-;-;-;563,38;-;-;-;-;-;-;-
D11F27P001725;BRBMEFVD1FF6;FINANCIAL;-;-;-;-;-;-;-;-;-;606,96;-;-;-;-;-;-;-
D11F27P001750;BRBMEFVD1FG4;FINANCIAL;-;-;-;-;-;-;-;-;-;650,67;-;-;-;-;-;-;-
D11F27P001775;BRBMEFVD1FH2;FINANCIAL;-;-;-;-;-;-;-;-;-;694,58;-;-;-;-;-;-;-
D11F27P001800;BRBMEFVD1FI0;FINANCIAL;-;-;-;-;-;-;-;-;-;738,63;-;-;-;-;-;-;-
D11N26C001200;BRBMEFCD1E76;FINANCIAL;-;-;-;-;-;-;-;-;-;448,3;-;-;-;-;-;-;-
D11N26C001225;BRBMEFCD1E84;FINANCIAL;-;-;-;-;-;-;-;-;-;392,49;-;-;-;-;-;-;-
D11N26C001250;BRBMEFCD1E92;FINANCIAL;-;-;-;-;-;-;-;-;-;336,84;-;-;-;-;-;-;-
D11N26C001275;BRBMEFCD1EA3;FINANCIAL;-;-;-;-;-;-;-;-;-;281,34;-;-;-;-;-;-;-
D11N26C001300;BRBMEFCD1EB1;FINANCIAL;-;-;-;-;-;-;-;-;-;226;-;-;-;-;-;-;-
D11N26C001325;BRBMEFCD1EC9;FINANCIAL;-;-;-;-;-;-;-;-;-;170,81;-;-;-;-;-;-;-
D11N26C001350;BRBMEFCD1ED7;FINANCIAL;-;-;-;-;-;-;-;-;-;115,78;-;-;-;-;-;-;-
D11N26C001375;BRBMEFCD1EE5;FINANCIAL;-;-;-;-;-;-;-;-;-;60,89;-;-;-;-;-;-;-
D11N26C001400;BRBMEFCD1EF2;FINANCIAL;-;-;-;-;-;-;-;-;-;7,85;-;-;-;-;-;-;-
D11N26C001425;BRBMEFCD1EG0;FINANCIAL;-;-;-;-;-;-;-;-;-;0,01;-;-;-;-;-;-;-
D11N26C001450;BRBMEFCD1EH8;FINANCIAL;-;-;-;-;-;-;-;-;-;0,01;-;-;-;-;-;-;-
D11N26C001475;BRBMEFCD1EI6;FINANCIAL;-;-;-;-;-;-;-;-;-;0,01;-;-;-;-;-;-;-
D11N26C001500;BRBMEFCD1EJ4;FINANCIAL;-;-;-;-;-;-;-;-;-;0,01;-;-;-;-;-;-;-
D11N26C001525;BRBMEFCD1EK2;FINANCIAL;-;-;-;-;-;-;-;-;-;0,01;-;-;-;-;-;-;-
D11N26C001550;BRBMEFCD1EL0;FINANCIAL;-;-;-;-;-;-;-;-;-;0,01;-;-;-;-;-;-;-
D11N26C001575;BRBMEFCD1EM8;FINANCIAL;-;-;-;-;-;-;-;-;-;0,01;-;-;-;-;-;-;-
D11N26C001600;BRBMEFCD1EN6;FINANCIAL;-;-;-;-;-;-;-;-;-;0,01;-;-;-;-;-;-;-
D11N26P001200;BRBMEFVD1DT2;FINANCIAL;-;-;-;-;-;-;-;-;-;0,01;-;-;-;-;-;-;-
D11N26P001225;BRBMEFVD1DU0;FINANCIAL;-;-;-;-;-;-;-;-;-;0,01;-;-;-;-;-;-;-
D11N26P001250;BRBMEFVD1DV8;FINANCIAL;-;-;-;-;-;-;-;-;-;0,01;-;-;-;-;-;-;-
D11N26P001275;BRBMEFVD1DW6;FINANCIAL;-;-;-;-;-;-;-;-;-;0,01;-;-;-;-;-;-;-
D11N26P001300;BRBMEFVD1DX4;FINANCIAL;-;-;-;-;-;-;-;-;-;0,01;-;-;-;-;-;-;-
D11N26P001325;BRBMEFVD1DY2;FINANCIAL;-;-;-;-;-;-;-;-;-;0,01;-;-;-;-;-;-;-
D11N26P001350;BRBMEFVD1DZ9;FINANCIAL;-;-;-;-;-;-;-;-;-;0,01;-;-;-;-;-;-;-
D11N26P001375;BRBMEFVD1E01;FINANCIAL;-;-;-;-;-;-;-;-;-;0,01;-;-;-;-;-;-;-
D11N26P001400;BRBMEFVD1E19;FINANCIAL;-;-;-;-;-;-;-;-;-;1,69;-;-;-;-;-;-;-
D11N26P001425;BRBMEFVD1E27;FINANCIAL;-;-;-;-;-;-;-;-;-;48,42;-;-;-;-;-;-;-
D11N26P001450;BRBMEFVD1E35;FINANCIAL;-;-;-;-;-;-;-;-;-;102,85;-;-;-;-;-;-;-
D11N26P001475;BRBMEFVD1E43;FINANCIAL;-;-;-;-;-;-;-;-;-;157,13;-;-;-;-;-;-;-
D11N26P001500;BRBMEFVD1E50;FINANCIAL;-;-;-;-;-;-;-;-;-;211,27;-;-;-;-;-;-;-
D11N26P001525;BRBMEFVD1E68;FINANCIAL;-;-;-;-;-;-;-;-;-;265,25;-;-;-;-;-;-;-
D11N26P001550;BRBMEFVD1E76;FINANCIAL;-;-;-;-;-;-;-;-;-;319,09;-;-;-;-;-;-;-
D11N26P001575;BRBMEFVD1E84;FINANCIAL;-;-;-;-;-;-;-;-;-;372,78;-;-;-;-;-;-;-
D11N26P001600;BRBMEFVD1E92;FINANCIAL;-;-;-;-;-;-;-;-;-;426,33;-;-;-;-;-;-;-
D11V26C001200;BRBMEFCD1EO4;FINANCIAL;-;-;-;-;-;-;-;-;-;396,29;-;-;-;-;-;-;-
D11V26C001225;BRBMEFCD1EP1;FINANCIAL;-;-;-;-;-;-;-;-;-;345,25;-;-;-;-;-;-;-
D11V26C001250;BRBMEFCD1EQ9;FINANCIAL;-;-;-;-;-;-;-;-;-;294,91;-;-;-;-;-;-;-
D11V26C001275;BRBMEFCD1ER7;FINANCIAL;-;-;-;-;-;-;-;-;-;245,78;-;-;-;-;-;-;-
D11V26C001300;BRBMEFCD1ES5;FINANCIAL;-;-;-;-;-;-;-;-;-;198,68;-;-;-;-;-;-;-
D11V26C001325;BRBMEFCD1ET3;FINANCIAL;-;-;-;-;-;-;-;-;-;155,55;-;-;-;-;-;-;-
D11V26C001350;BRBMEFCD1EU1;FINANCIAL;-;-;-;-;-;-;-;-;-;117,6;-;-;-;-;-;-;-
D11V26C001375;BRBMEFCD1EV9;FINANCIAL;-;-;-;-;-;-;-;-;-;86,37;-;-;-;-;-;-;-
D11V26C001400;BRBMEFCD1EW7;FINANCIAL;-;-;-;-;-;-;-;-;-;61,95;-;-;-;-;-;-;-
D11V26C001425;BRBMEFCD1EX5;FINANCIAL;-;-;-;-;-;-;-;-;-;43,79;-;-;-;-;-;-;-
D11V26C001450;BRBMEFCD1EY3;FINANCIAL;-;-;-;-;-;-;-;-;-;31,13;-;-;-;-;-;-;-
D11V26C001475;BRBMEFCD1EZ0;FINANCIAL;-;-;-;-;-;-;-;-;-;21,99;-;-;-;-;-;-;-
D11V26C001500;BRBMEFCD1F00;FINANCIAL;-;-;-;-;-;-;-;-;-;15,49;-;-;-;-;-;-;-
D11V26C001525;BRBMEFCD1F18;FINANCIAL;-;-;-;-;-;-;-;-;-;11,04;-;-;-;-;-;-;-
D11V26C001550;BRBMEFCD1F26;FINANCIAL;-;-;-;-;-;-;-;-;-;8,05;-;-;-;-;-;-;-
D11V26C001575;BRBMEFCD1F34;FINANCIAL;-;-;-;-;-;-;-;-;-;6,09;-;-;-;-;-;-;-
D11V26C001600;BRBMEFCD1F42;FINANCIAL;-;-;-;-;-;-;-;-;-;4,72;-;-;-;-;-;-;-
D11V26P001200;BRBMEFVD1EA0;FINANCIAL;-;-;-;-;-;-;-;-;-;0,29;-;-;-;-;-;-;-
D11V26P001225;BRBMEFVD1EB8;FINANCIAL;-;-;-;-;-;-;-;-;-;0,78;-;-;-;-;-;-;-
D11V26P001250;BRBMEFVD1EC6;FINANCIAL;-;-;-;-;-;-;-;-;-;1,82;-;-;-;-;-;-;-
D11V26P001275;BRBMEFVD1ED4;FINANCIAL;-;-;-;-;-;-;-;-;-;3,95;-;-;-;-;-;-;-
D11V26P001300;BRBMEFVD1EE2;FINANCIAL;-;-;-;-;-;-;-;-;-;7,94;-;-;-;-;-;-;-
D11V26P001325;BRBMEFVD1EF9;FINANCIAL;-;-;-;-;-;-;-;-;-;15,78;-;-;-;-;-;-;-
D11V26P001350;BRBMEFVD1EG7;FINANCIAL;-;-;-;-;-;-;-;-;-;28,66;-;-;-;-;-;-;-
D11V26P001375;BRBMEFVD1EH5;FINANCIAL;-;-;-;-;-;-;-;-;-;48,11;-;-;-;-;-;-;-
D11V26P001400;BRBMEFVD1EI3;FINANCIAL;-;-;-;-;-;-;-;-;-;74,24;-;-;-;-;-;-;-
D11V26P001425;BRBMEFVD1EJ1;FINANCIAL;-;-;-;-;-;-;-;-;-;106,48;-;-;-;-;-;-;-
D11V26P001450;BRBMEFVD1EK9;FINANCIAL;-;-;-;-;-;-;-;-;-;144,1;-;-;-;-;-;-;-
D11V26P001475;BRBMEFVD1EL7;FINANCIAL;-;-;-;-;-;-;-;-;-;185,09;-;-;-;-;-;-;-
D11V26P001500;BRBMEFVD1EM5;FINANCIAL;-;-;-;-;-;-;-;-;-;228,59;-;-;-;-;-;-;-
D11V26P001525;BRBMEFVD1EN3;FINANCIAL;-;-;-;-;-;-;-;-;-;274;-;-;-;-;-;-;-
D11V26P001550;BRBMEFVD1EO1;FINANCIAL;-;-;-;-;-;-;-;-;-;320,74;-;-;-;-;-;-;-
D11V26P001575;BRBMEFVD1EP8;FINANCIAL;-;-;-;-;-;-;-;-;-;368,37;-;-;-;-;-;-;-
D11V26P001600;BRBMEFVD1EQ6;FINANCIAL;-;-;-;-;-;-;-;-;-;416,47;-;-;-;-;-;-;-
D12F27C001000;BRBMEFCD2VZ2;FINANCIAL;-;-;-;-;-;-;-;-;-;1567,54;-;-;-;-;-;-;-
D12F27C001025;BRBMEFCD2W08;FINANCIAL;-;-;-;-;-;-;-;-;-;1470,96;-;-;-;-;-;-;-
D12F27C001050;BRBMEFCD2W16;FINANCIAL;-;-;-;-;-;-;-;-;-;1375,45;-;-;-;-;-;-;-
D12F27C001075;BRBMEFCD2W24;FINANCIAL;-;-;-;-;-;-;-;-;-;1281,22;-;-;-;-;-;-;-
D12F27C001100;BRBMEFCD2W32;FINANCIAL;-;-;-;-;-;-;-;-;-;1188,34;-;-;-;-;-;-;-
D12F27C001125;BRBMEFCD2W40;FINANCIAL;-;-;-;-;-;-;-;-;-;1096,68;-;-;-;-;-;-;-
D12F27C001150;BRBMEFCD2W57;FINANCIAL;-;-;-;-;-;-;-;-;-;1006,83;-;-;-;-;-;-;-
D12F27C001175;BRBMEFCD2W65;FINANCIAL;-;-;-;-;-;-;-;-;-;919,13;-;-;-;-;-;-;-
D12F27C001200;BRBMEFCD2W73;FINANCIAL;-;-;-;-;-;-;-;-;-;835,81;-;-;-;-;-;-;-
D12F27C001225;BRBMEFCD2W81;FINANCIAL;-;-;-;-;-;-;-;-;-;755,64;-;-;-;-;-;-;-
D12F27C001250;BRBMEFCD2W99;FINANCIAL;-;-;-;-;-;-;-;-;-;679,16;-;-;-;-;-;-;-
D12F27C001275;BRBMEFCD2WA3;FINANCIAL;-;-;-;-;-;-;-;-;-;606,58;-;-;-;-;-;-;-
D12F27C001300;BRBMEFCD2WB1;FINANCIAL;-;-;-;-;-;-;-;-;-;539,26;-;-;-;-;-;-;-
D12F27C001325;BRBMEFCD2WC9;FINANCIAL;-;-;-;-;-;-;-;-;-;477,5;-;-;-;-;-;-;-
D12F27C001350;BRBMEFCD2WD7;FINANCIAL;-;-;-;-;-;-;-;-;-;420,55;-;-;-;-;-;-;-
D12F27C001375;BRBMEFCD2WE5;FINANCIAL;-;-;-;-;-;-;-;-;-;369,51;-;-;-;-;-;-;-
D12F27C001400;BRBMEFCD2WF2;FINANCIAL;-;-;-;-;-;-;-;-;-;323,59;-;-;-;-;-;-;-
D12F27C001425;BRBMEFCD2WG0;FINANCIAL;-;-;-;-;-;-;-;-;-;282,47;-;-;-;-;-;-;-
D12F27C001450;BRBMEFCD2WH8;FINANCIAL;-;-;-;-;-;-;-;-;-;246,69;-;-;-;-;-;-;-
D12F27C001475;BRBMEFCD2WI6;FINANCIAL;-;-;-;-;-;-;-;-;-;214,84;-;-;-;-;-;-;-
D12F27C001500;BRBMEFCD2WJ4;FINANCIAL;-;-;-;-;-;-;-;-;-;187,18;-;-;-;-;-;-;-
D12F27C001525;BRBMEFCD2WK2;FINANCIAL;-;-;-;-;-;-;-;-;-;163,75;-;-;-;-;-;-;-
D12F27C001550;BRBMEFCD2WL0;FINANCIAL;-;-;-;-;-;-;-;-;-;143,28;-;-;-;-;-;-;-
D12F27C001575;BRBMEFCD2WM8;FINANCIAL;-;-;-;-;-;-;-;-;-;125,44;-;-;-;-;-;-;-
D12F27C001600;BRBMEFCD2WN6;FINANCIAL;-;-;-;-;-;-;-;-;-;109,9;-;-;-;-;-;-;-
D12F27C001625;BRBMEFCD2WO4;FINANCIAL;-;-;-;-;-;-;-;-;-;96,28;-;-;-;-;-;-;-
D12F27C001650;BRBMEFCD2WP1;FINANCIAL;-;-;-;-;-;-;-;-;-;84,55;-;-;-;-;-;-;-
D12F27C001675;BRBMEFCD2WQ9;FINANCIAL;-;-;-;-;-;-;-;-;-;74,36;-;-;-;-;-;-;-
D12F27C001700;BRBMEFCD2WR7;FINANCIAL;-;-;-;-;-;-;-;-;-;65,61;-;-;-;-;-;-;-
D12F27C001725;BRBMEFCD2WS5;FINANCIAL;-;-;-;-;-;-;-;-;-;57,92;-;-;-;-;-;-;-
D12F27C001750;BRBMEFCD2WT3;FINANCIAL;-;-;-;-;-;-;-;-;-;51,31;-;-;-;-;-;-;-
D12F27C001775;BRBMEFCD2WU1;FINANCIAL;-;-;-;-;-;-;-;-;-;45,63;-;-;-;-;-;-;-
D12F27C001800;BRBMEFCD2WV9;FINANCIAL;-;-;-;-;-;-;-;-;-;40,75;-;-;-;-;-;-;-
D12F27P001000;BRBMEFVD2VL9;FINANCIAL;-;-;-;-;-;-;-;-;-;6,21;-;-;-;-;-;-;-
D12F27P001025;BRBMEFVD2VM7;FINANCIAL;-;-;-;-;-;-;-;-;-;8,54;-;-;-;-;-;-;-
D12F27P001050;BRBMEFVD2VN5;FINANCIAL;-;-;-;-;-;-;-;-;-;11,61;-;-;-;-;-;-;-
D12F27P001075;BRBMEFVD2VO3;FINANCIAL;-;-;-;-;-;-;-;-;-;15,61;-;-;-;-;-;-;-
D12F27P001100;BRBMEFVD2VP0;FINANCIAL;-;-;-;-;-;-;-;-;-;20,65;-;-;-;-;-;-;-
D12F27P001125;BRBMEFVD2VQ8;FINANCIAL;-;-;-;-;-;-;-;-;-;26,58;-;-;-;-;-;-;-
D12F27P001150;BRBMEFVD2VR6;FINANCIAL;-;-;-;-;-;-;-;-;-;33,99;-;-;-;-;-;-;-
D12F27P001175;BRBMEFVD2VS4;FINANCIAL;-;-;-;-;-;-;-;-;-;43,23;-;-;-;-;-;-;-
D12F27P001200;BRBMEFVD2VT2;FINANCIAL;-;-;-;-;-;-;-;-;-;56,53;-;-;-;-;-;-;-
D12F27P001225;BRBMEFVD2VU0;FINANCIAL;-;-;-;-;-;-;-;-;-;72,66;-;-;-;-;-;-;-
D12F27P001250;BRBMEFVD2VV8;FINANCIAL;-;-;-;-;-;-;-;-;-;92,15;-;-;-;-;-;-;-
D12F27P001275;BRBMEFVD2VW6;FINANCIAL;-;-;-;-;-;-;-;-;-;115,23;-;-;-;-;-;-;-
D12F27P001300;BRBMEFVD2VX4;FINANCIAL;-;-;-;-;-;-;-;-;-;143,25;-;-;-;-;-;-;-
D12F27P001325;BRBMEFVD2VY2;FINANCIAL;-;-;-;-;-;-;-;-;-;176,52;-;-;-;-;-;-;-
D12F27P001350;BRBMEFVD2VZ9;FINANCIAL;-;-;-;-;-;-;-;-;-;214,29;-;-;-;-;-;-;-
D12F27P001375;BRBMEFVD2W08;FINANCIAL;-;-;-;-;-;-;-;-;-;257,66;-;-;-;-;-;-;-
D12F27P001400;BRBMEFVD2W16;FINANCIAL;-;-;-;-;-;-;-;-;-;305,85;-;-;-;-;-;-;-
D12F27P001425;BRBMEFVD2W24;FINANCIAL;-;-;-;-;-;-;-;-;-;358,53;-;-;-;-;-;-;-
D12F27P001450;BRBMEFVD2W32;FINANCIAL;-;-;-;-;-;-;-;-;-;416,23;-;-;-;-;-;-;-
D12F27P001475;BRBMEFVD2W40;FINANCIAL;-;-;-;-;-;-;-;-;-;477,57;-;-;-;-;-;-;-
D12F27P001500;BRBMEFVD2W57;FINANCIAL;-;-;-;-;-;-;-;-;-;542,79;-;-;-;-;-;-;-
D12F27P001525;BRBMEFVD2W65;FINANCIAL;-;-;-;-;-;-;-;-;-;611,95;-;-;-;-;-;-;-
D12F27P001550;BRBMEFVD2W73;FINANCIAL;-;-;-;-;-;-;-;-;-;683,77;-;-;-;-;-;-;-
D12F27P001575;BRBMEFVD2W81;FINANCIAL;-;-;-;-;-;-;-;-;-;757,91;-;-;-;-;-;-;-
D12F27P001600;BRBMEFVD2W99;FINANCIAL;-;-;-;-;-;-;-;-;-;834,07;-;-;-;-;-;-;-
D12F27P001625;BRBMEFVD2WA0;FINANCIAL;-;-;-;-;-;-;-;-;-;911,85;-;-;-;-;-;-;-
D12F27P001650;BRBMEFVD2WB8;FINANCIAL;-;-;-;-;-;-;-;-;-;991,23;-;-;-;-;-;-;-
D12F27P001675;BRBMEFVD2WC6;FINANCIAL;-;-;-;-;-;-;-;-;-;1071,86;-;-;-;-;-;-;-
D12F27P001700;BRBMEFVD2WD4;FINANCIAL;-;-;-;-;-;-;-;-;-;1153,64;-;-;-;-;-;-;-
D12F27P001725;BRBMEFVD2WE2;FINANCIAL;-;-;-;-;-;-;-;-;-;1236,19;-;-;-;-;-;-;-
D12F27P001750;BRBMEFVD2WF9;FINANCIAL;-;-;-;-;-;-;-;-;-;1319,54;-;-;-;-;-;-;-
D12F27P001775;BRBMEFVD2WG7;FINANCIAL;-;-;-;-;-;-;-;-;-;1403,53;-;-;-;-;-;-;-
D12F27P001800;BRBMEFVD2WH5;FINANCIAL;-;-;-;-;-;-;-;-;-;1488,04;-;-;-;-;-;-;-
D12N26C001200;BRBMEFCD2V17;FINANCIAL;-;-;-;-;-;-;-;-;-;831,98;-;-;-;-;-;-;-
D12N26C001225;BRBMEFCD2V25;FINANCIAL;-;-;-;-;-;-;-;-;-;725,96;-;-;-;-;-;-;-
D12N26C001250;BRBMEFCD2V33;FINANCIAL;-;-;-;-;-;-;-;-;-;620,3;-;-;-;-;-;-;-
D12N26C001275;BRBMEFCD2V41;FINANCIAL;-;-;-;-;-;-;-;-;-;515;-;-;-;-;-;-;-
D12N26C001300;BRBMEFCD2V58;FINANCIAL;-;-;-;-;-;-;-;-;-;410,04;-;-;-;-;-;-;-
D12N26C001325;BRBMEFCD2V66;FINANCIAL;-;-;-;-;-;-;-;-;-;305,43;-;-;-;-;-;-;-
D12N26C001350;BRBMEFCD2V74;FINANCIAL;-;-;-;-;-;-;-;-;-;201,17;-;-;-;-;-;-;-
D12N26C001375;BRBMEFCD2V82;FINANCIAL;-;-;-;-;-;-;-;-;-;97,3;-;-;-;-;-;-;-
D12N26C001400;BRBMEFCD2V90;FINANCIAL;-;-;-;-;-;-;-;-;-;12,14;-;-;-;-;-;-;-
D12N26C001425;BRBMEFCD2VA5;FINANCIAL;-;-;-;-;-;-;-;-;-;0,03;-;-;-;-;-;-;-
D12N26C001450;BRBMEFCD2VB3;FINANCIAL;-;-;-;-;-;-;-;-;-;0,01;-;-;-;-;-;-;-
D12N26C001475;BRBMEFCD2VC1;FINANCIAL;-;-;-;-;-;-;-;-;-;0,01;-;-;-;-;-;-;-
D12N26C001500;BRBMEFCD2VD9;FINANCIAL;-;-;-;-;-;-;-;-;-;0,01;-;-;-;-;-;-;-
D12N26C001525;BRBMEFCD2VE7;FINANCIAL;-;-;-;-;-;-;-;-;-;0,01;-;-;-;-;-;-;-
D12N26C001550;BRBMEFCD2VF4;FINANCIAL;-;-;-;-;-;-;-;-;-;0,01;-;-;-;-;-;-;-
D12N26C001575;BRBMEFCD2VG2;FINANCIAL;-;-;-;-;-;-;-;-;-;0,01;-;-;-;-;-;-;-
D12N26C001600;BRBMEFCD2VH0;FINANCIAL;-;-;-;-;-;-;-;-;-;0,01;-;-;-;-;-;-;-
D12N26P001200;BRBMEFVD2UN7;FINANCIAL;-;-;-;-;-;-;-;-;-;0,01;-;-;-;-;-;-;-
D12N26P001225;BRBMEFVD2UO5;FINANCIAL;-;-;-;-;-;-;-;-;-;0,01;-;-;-;-;-;-;-
D12N26P001250;BRBMEFVD2UP2;FINANCIAL;-;-;-;-;-;-;-;-;-;0,01;-;-;-;-;-;-;-
D12N26P001275;BRBMEFVD2UQ0;FINANCIAL;-;-;-;-;-;-;-;-;-;0,01;-;-;-;-;-;-;-
D12N26P001300;BRBMEFVD2UR8;FINANCIAL;-;-;-;-;-;-;-;-;-;0,01;-;-;-;-;-;-;-
D12N26P001325;BRBMEFVD2US6;FINANCIAL;-;-;-;-;-;-;-;-;-;0,01;-;-;-;-;-;-;-
D12N26P001350;BRBMEFVD2UT4;FINANCIAL;-;-;-;-;-;-;-;-;-;0,01;-;-;-;-;-;-;-
D12N26P001375;BRBMEFVD2UU2;FINANCIAL;-;-;-;-;-;-;-;-;-;0,05;-;-;-;-;-;-;-
D12N26P001400;BRBMEFVD2UV0;FINANCIAL;-;-;-;-;-;-;-;-;-;18,46;-;-;-;-;-;-;-
D12N26P001425;BRBMEFVD2UW8;FINANCIAL;-;-;-;-;-;-;-;-;-;109,58;-;-;-;-;-;-;-
D12N26P001450;BRBMEFVD2UX6;FINANCIAL;-;-;-;-;-;-;-;-;-;212,45;-;-;-;-;-;-;-
D12N26P001475;BRBMEFVD2UY4;FINANCIAL;-;-;-;-;-;-;-;-;-;315;-;-;-;-;-;-;-
D12N26P001500;BRBMEFVD2UZ1;FINANCIAL;-;-;-;-;-;-;-;-;-;417,22;-;-;-;-;-;-;-
D12N26P001525;BRBMEFVD2V09;FINANCIAL;-;-;-;-;-;-;-;-;-;519,11;-;-;-;-;-;-;-
D12N26P001550;BRBMEFVD2V17;FINANCIAL;-;-;-;-;-;-;-;-;-;620,66;-;-;-;-;-;-;-
D12N26P001575;BRBMEFVD2V25;FINANCIAL;-;-;-;-;-;-;-;-;-;721,89;-;-;-;-;-;-;-
D12N26P001600;BRBMEFVD2V33;FINANCIAL;-;-;-;-;-;-;-;-;-;822,79;-;-;-;-;-;-;-
D12V26C001200;BRBMEFCD2VI8;FINANCIAL;-;-;-;-;-;-;-;-;-;791,42;-;-;-;-;-;-;-
D12V26C001225;BRBMEFCD2VJ6;FINANCIAL;-;-;-;-;-;-;-;-;-;696,94;-;-;-;-;-;-;-
D12V26C001250;BRBMEFCD2VK4;FINANCIAL;-;-;-;-;-;-;-;-;-;604,84;-;-;-;-;-;-;-
D12V26C001275;BRBMEFCD2VL2;FINANCIAL;-;-;-;-;-;-;-;-;-;516,62;-;-;-;-;-;-;-
D12V26C001300;BRBMEFCD2VM0;FINANCIAL;-;-;-;-;-;-;-;-;-;434,01;-;-;-;-;-;-;-
D12V26C001325;BRBMEFCD2VN8;FINANCIAL;-;-;-;-;-;-;-;-;-;357,62;-;-;-;-;-;-;-
D12V26C001350;BRBMEFCD2VO6;FINANCIAL;-;-;-;-;-;-;-;-;-;289,53;-;-;-;-;-;-;-
D12V26C001375;BRBMEFCD2VP3;FINANCIAL;-;-;-;-;-;-;-;-;-;230,05;-;-;-;-;-;-;-
D12V26C001400;BRBMEFCD2VQ1;FINANCIAL;-;-;-;-;-;-;-;-;-;179,98;-;-;-;-;-;-;-
D12V26C001425;BRBMEFCD2VR9;FINANCIAL;-;-;-;-;-;-;-;-;-;138,94;-;-;-;-;-;-;-
D12V26C001450;BRBMEFCD2VS7;FINANCIAL;-;-;-;-;-;-;-;-;-;106;-;-;-;-;-;-;-
D12V26C001475;BRBMEFCD2VT5;FINANCIAL;-;-;-;-;-;-;-;-;-;80,47;-;-;-;-;-;-;-
D12V26C001500;BRBMEFCD2VU3;FINANCIAL;-;-;-;-;-;-;-;-;-;60,59;-;-;-;-;-;-;-
D12V26C001525;BRBMEFCD2VV1;FINANCIAL;-;-;-;-;-;-;-;-;-;45,55;-;-;-;-;-;-;-
D12V26C001550;BRBMEFCD2VW9;FINANCIAL;-;-;-;-;-;-;-;-;-;34,18;-;-;-;-;-;-;-
D12V26C001575;BRBMEFCD2VX7;FINANCIAL;-;-;-;-;-;-;-;-;-;25,61;-;-;-;-;-;-;-
D12V26C001600;BRBMEFCD2VY5;FINANCIAL;-;-;-;-;-;-;-;-;-;19,5;-;-;-;-;-;-;-
D12V26P001200;BRBMEFVD2V41;FINANCIAL;-;-;-;-;-;-;-;-;-;6,02;-;-;-;-;-;-;-
D12V26P001225;BRBMEFVD2V58;FINANCIAL;-;-;-;-;-;-;-;-;-;10,22;-;-;-;-;-;-;-
D12V26P001250;BRBMEFVD2V66;FINANCIAL;-;-;-;-;-;-;-;-;-;16,47;-;-;-;-;-;-;-
D12V26P001275;BRBMEFVD2V74;FINANCIAL;-;-;-;-;-;-;-;-;-;26,27;-;-;-;-;-;-;-
D12V26P001300;BRBMEFVD2V82;FINANCIAL;-;-;-;-;-;-;-;-;-;41,36;-;-;-;-;-;-;-
D12V26P001325;BRBMEFVD2V90;FINANCIAL;-;-;-;-;-;-;-;-;-;62,36;-;-;-;-;-;-;-
D12V26P001350;BRBMEFVD2VA2;FINANCIAL;-;-;-;-;-;-;-;-;-;91,33;-;-;-;-;-;-;-
D12V26P001375;BRBMEFVD2VB0;FINANCIAL;-;-;-;-;-;-;-;-;-;128,59;-;-;-;-;-;-;-
D12V26P001400;BRBMEFVD2VC8;FINANCIAL;-;-;-;-;-;-;-;-;-;174,96;-;-;-;-;-;-;-
D12V26P001425;BRBMEFVD2VD6;FINANCIAL;-;-;-;-;-;-;-;-;-;230,03;-;-;-;-;-;-;-
D12V26P001450;BRBMEFVD2VE4;FINANCIAL;-;-;-;-;-;-;-;-;-;292,9;-;-;-;-;-;-;-
D12V26P001475;BRBMEFVD2VF1;FINANCIAL;-;-;-;-;-;-;-;-;-;362,86;-;-;-;-;-;-;-
D12V26P001500;BRBMEFVD2VG9;FINANCIAL;-;-;-;-;-;-;-;-;-;438,17;-;-;-;-;-;-;-
D12V26P001525;BRBMEFVD2VH7;FINANCIAL;-;-;-;-;-;-;-;-;-;518,01;-;-;-;-;-;-;-
D12V26P001550;BRBMEFVD2VI5;FINANCIAL;-;-;-;-;-;-;-;-;-;601,23;-;-;-;-;-;-;-
D12V26P001575;BRBMEFVD2VJ3;FINANCIAL;-;-;-;-;-;-;-;-;-;686,93;-;-;-;-;-;-;-
D12V26P001600;BRBMEFVD2VK1;FINANCIAL;-;-;-;-;-;-;-;-;-;774,79;-;-;-;-;-;-;-
D13F28C001000;BRBMEFD30273;FINANCIAL;-;-;-;-;-;-;-;-;-;2823,4;-;-;-;-;-;-;-
D13F28C001025;BRBMEFD30281;FINANCIAL;-;-;-;-;-;-;-;-;-;2668,28;-;-;-;-;-;-;-
D13F28C001050;BRBMEFD30299;FINANCIAL;-;-;-;-;-;-;-;-;-;2518;-;-;-;-;-;-;-
D13F28C001075;BRBMEFD302A8;FINANCIAL;-;-;-;-;-;-;-;-;-;2379,54;-;-;-;-;-;-;-
D13F28C001100;BRBMEFD302B6;FINANCIAL;-;-;-;-;-;-;-;-;-;2244,98;-;-;-;-;-;-;-
D13F28C001125;BRBMEFD302C4;FINANCIAL;-;-;-;-;-;-;-;-;-;2114,96;-;-;-;-;-;-;-
D13F28C001150;BRBMEFD302D2;FINANCIAL;-;-;-;-;-;-;-;-;-;1989,39;-;-;-;-;-;-;-
D13F28C001175;BRBMEFD302E0;FINANCIAL;-;-;-;-;-;-;-;-;-;1868,07;-;-;-;-;-;-;-
D13F28C001200;BRBMEFD302F7;FINANCIAL;-;-;-;-;-;-;-;-;-;1751,7;-;-;-;-;-;-;-
D13F28C001225;BRBMEFD302G5;FINANCIAL;-;-;-;-;-;-;-;-;-;1640,05;-;-;-;-;-;-;-
D13F28C001250;BRBMEFD302H3;FINANCIAL;-;-;-;-;-;-;-;-;-;1541,63;-;-;-;-;-;-;-
D13F28C001275;BRBMEFD302I1;FINANCIAL;-;-;-;-;-;-;-;-;-;1451,38;-;-;-;-;-;-;-
D13F28C001300;BRBMEFD302J9;FINANCIAL;-;-;-;-;-;-;-;-;-;1366,66;-;-;-;-;-;-;-
D13F28C001325;BRBMEFD302K7;FINANCIAL;-;-;-;-;-;-;-;-;-;1287,67;-;-;-;-;-;-;-
D13F28C001350;BRBMEFD302L5;FINANCIAL;-;-;-;-;-;-;-;-;-;1214,21;-;-;-;-;-;-;-
D13F28C001375;BRBMEFD302M3;FINANCIAL;-;-;-;-;-;-;-;-;-;1148,17;-;-;-;-;-;-;-
D13F28C001400;BRBMEFD302N1;FINANCIAL;-;-;-;-;-;-;-;-;-;1087,67;-;-;-;-;-;-;-
D13F28C001425;BRBMEFD302O9;FINANCIAL;-;-;-;-;-;-;-;-;-;1031,55;-;-;-;-;-;-;-
D13F28C001450;BRBMEFD302P6;FINANCIAL;-;-;-;-;-;-;-;-;-;979,52;-;-;-;-;-;-;-
D13F28C001475;BRBMEFD302Q4;FINANCIAL;-;-;-;-;-;-;-;-;-;931,74;-;-;-;-;-;-;-
D13F28C001500;BRBMEFD302R2;FINANCIAL;-;-;-;-;-;-;-;-;-;887,48;-;-;-;-;-;-;-
D13F28P001000;BRBMEFP301N9;FINANCIAL;-;-;-;-;-;-;-;-;-;112,58;-;-;-;-;-;-;-
D13F28P001025;BRBMEFP301O7;FINANCIAL;-;-;-;-;-;-;-;-;-;124,34;-;-;-;-;-;-;-
D13F28P001050;BRBMEFP301P4;FINANCIAL;-;-;-;-;-;-;-;-;-;140,19;-;-;-;-;-;-;-
D13F28P001075;BRBMEFP301Q2;FINANCIAL;-;-;-;-;-;-;-;-;-;167,12;-;-;-;-;-;-;-
D13F28P001100;BRBMEFP301R0;FINANCIAL;-;-;-;-;-;-;-;-;-;197,21;-;-;-;-;-;-;-
D13F28P001125;BRBMEFP301S8;FINANCIAL;-;-;-;-;-;-;-;-;-;231,1;-;-;-;-;-;-;-
D13F28P001150;BRBMEFP301T6;FINANCIAL;-;-;-;-;-;-;-;-;-;268,71;-;-;-;-;-;-;-
D13F28P001175;BRBMEFP301U4;FINANCIAL;-;-;-;-;-;-;-;-;-;309,85;-;-;-;-;-;-;-
D13F28P001200;BRBMEFP301V2;FINANCIAL;-;-;-;-;-;-;-;-;-;355,21;-;-;-;-;-;-;-
D13F28P001225;BRBMEFP301W0;FINANCIAL;-;-;-;-;-;-;-;-;-;404,59;-;-;-;-;-;-;-
D13F28P001250;BRBMEFP301X8;FINANCIAL;-;-;-;-;-;-;-;-;-;466,48;-;-;-;-;-;-;-
D13F28P001275;BRBMEFP301Y6;FINANCIAL;-;-;-;-;-;-;-;-;-;535,83;-;-;-;-;-;-;-
D13F28P001300;BRBMEFP301Z3;FINANCIAL;-;-;-;-;-;-;-;-;-;610,02;-;-;-;-;-;-;-
D13F28P001325;BRBMEFP30202;FINANCIAL;-;-;-;-;-;-;-;-;-;689,25;-;-;-;-;-;-;-
D13F28P001350;BRBMEFP30210;FINANCIAL;-;-;-;-;-;-;-;-;-;773,31;-;-;-;-;-;-;-
D13F28P001375;BRBMEFP30228;FINANCIAL;-;-;-;-;-;-;-;-;-;864,11;-;-;-;-;-;-;-
D13F28P001400;BRBMEFP30236;FINANCIAL;-;-;-;-;-;-;-;-;-;959,75;-;-;-;-;-;-;-
D13F28P001425;BRBMEFP30244;FINANCIAL;-;-;-;-;-;-;-;-;-;1059,1;-;-;-;-;-;-;-
D13F28P001450;BRBMEFP30251;FINANCIAL;-;-;-;-;-;-;-;-;-;1161,88;-;-;-;-;-;-;-
D13F28P001475;BRBMEFP30269;FINANCIAL;-;-;-;-;-;-;-;-;-;1268,22;-;-;-;-;-;-;-
D13F28P001500;BRBMEFP30277;FINANCIAL;-;-;-;-;-;-;-;-;-;1377,44;-;-;-;-;-;-;-
D13N26C001200;BRBMEFD30158;FINANCIAL;-;-;-;-;-;-;-;-;-;1566,49;-;-;-;-;-;-;-
D13N26C001225;BRBMEFD30166;FINANCIAL;-;-;-;-;-;-;-;-;-;1369,14;-;-;-;-;-;-;-
D13N26C001250;BRBMEFD30174;FINANCIAL;-;-;-;-;-;-;-;-;-;1172,66;-;-;-;-;-;-;-
D13N26C001275;BRBMEFD30182;FINANCIAL;-;-;-;-;-;-;-;-;-;977,05;-;-;-;-;-;-;-
D13N26C001300;BRBMEFD30190;FINANCIAL;-;-;-;-;-;-;-;-;-;782,3;-;-;-;-;-;-;-
D13N26C001325;BRBMEFD301A0;FINANCIAL;-;-;-;-;-;-;-;-;-;588,41;-;-;-;-;-;-;-
D13N26C001350;BRBMEFD301B8;FINANCIAL;-;-;-;-;-;-;-;-;-;395,37;-;-;-;-;-;-;-
D13N26C001375;BRBMEFD301C6;FINANCIAL;-;-;-;-;-;-;-;-;-;203,18;-;-;-;-;-;-;-
D13N26C001400;BRBMEFD301D4;FINANCIAL;-;-;-;-;-;-;-;-;-;32,15;-;-;-;-;-;-;-
D13N26C001425;BRBMEFD301E2;FINANCIAL;-;-;-;-;-;-;-;-;-;0,09;-;-;-;-;-;-;-
D13N26C001450;BRBMEFD301F9;FINANCIAL;-;-;-;-;-;-;-;-;-;0,01;-;-;-;-;-;-;-
D13N26C001475;BRBMEFD301G7;FINANCIAL;-;-;-;-;-;-;-;-;-;0,01;-;-;-;-;-;-;-
D13N26C001500;BRBMEFD301H5;FINANCIAL;-;-;-;-;-;-;-;-;-;0,01;-;-;-;-;-;-;-
D13N26C001525;BRBMEFD301I3;FINANCIAL;-;-;-;-;-;-;-;-;-;0,01;-;-;-;-;-;-;-
D13N26C001550;BRBMEFD301J1;FINANCIAL;-;-;-;-;-;-;-;-;-;0,01;-;-;-;-;-;-;-
D13N26C001575;BRBMEFD301K9;FINANCIAL;-;-;-;-;-;-;-;-;-;0,01;-;-;-;-;-;-;-
D13N26C001600;BRBMEFD301L7;FINANCIAL;-;-;-;-;-;-;-;-;-;0,01;-;-;-;-;-;-;-
D13N26P001200;BRBMEFP300L5;FINANCIAL;-;-;-;-;-;-;-;-;-;0,01;-;-;-;-;-;-;-
D13N26P001225;BRBMEFP300M3;FINANCIAL;-;-;-;-;-;-;-;-;-;0,01;-;-;-;-;-;-;-
D13N26P001250;BRBMEFP300N1;FINANCIAL;-;-;-;-;-;-;-;-;-;0,01;-;-;-;-;-;-;-
D13N26P001275;BRBMEFP300O9;FINANCIAL;-;-;-;-;-;-;-;-;-;0,01;-;-;-;-;-;-;-
D13N26P001300;BRBMEFP300P6;FINANCIAL;-;-;-;-;-;-;-;-;-;0,01;-;-;-;-;-;-;-
D13N26P001325;BRBMEFP300Q4;FINANCIAL;-;-;-;-;-;-;-;-;-;0,01;-;-;-;-;-;-;-
D13N26P001350;BRBMEFP300R2;FINANCIAL;-;-;-;-;-;-;-;-;-;0,01;-;-;-;-;-;-;-
D13N26P001375;BRBMEFP300S0;FINANCIAL;-;-;-;-;-;-;-;-;-;0,01;-;-;-;-;-;-;-
D13N26P001400;BRBMEFP300T8;FINANCIAL;-;-;-;-;-;-;-;-;-;20,33;-;-;-;-;-;-;-
D13N26P001425;BRBMEFP300U6;FINANCIAL;-;-;-;-;-;-;-;-;-;178,79;-;-;-;-;-;-;-
D13N26P001450;BRBMEFP300V4;FINANCIAL;-;-;-;-;-;-;-;-;-;368,4;-;-;-;-;-;-;-
D13N26P001475;BRBMEFP300W2;FINANCIAL;-;-;-;-;-;-;-;-;-;557,27;-;-;-;-;-;-;-
D13N26P001500;BRBMEFP300X0;FINANCIAL;-;-;-;-;-;-;-;-;-;745,32;-;-;-;-;-;-;-
D13N26P001525;BRBMEFP300Y8;FINANCIAL;-;-;-;-;-;-;-;-;-;932,56;-;-;-;-;-;-;-
D13N26P001550;BRBMEFP300Z5;FINANCIAL;-;-;-;-;-;-;-;-;-;1119;-;-;-;-;-;-;-
D13N26P001575;BRBMEFP30103;FINANCIAL;-;-;-;-;-;-;-;-;-;1304,63;-;-;-;-;-;-;-
D13N26P001600;BRBMEFP30111;FINANCIAL;-;-;-;-;-;-;-;-;-;1489,46;-;-;-;-;-;-;-
D13V26C001200;BRBMEFD301M5;FINANCIAL;-;-;-;-;-;-;-;-;-;1517,72;-;-;-;-;-;-;-
D13V26C001225;BRBMEFD301N3;FINANCIAL;-;-;-;-;-;-;-;-;-;1334,57;-;-;-;-;-;-;-
D13V26C001250;BRBMEFD301O1;FINANCIAL;-;-;-;-;-;-;-;-;-;1156,88;-;-;-;-;-;-;-
D13V26C001275;BRBMEFD301P8;FINANCIAL;-;-;-;-;-;-;-;-;-;987,81;-;-;-;-;-;-;-
D13V26C001300;BRBMEFD301Q6;FINANCIAL;-;-;-;-;-;-;-;-;-;832,4;-;-;-;-;-;-;-
D13V26C001325;BRBMEFD301R4;FINANCIAL;-;-;-;-;-;-;-;-;-;690,82;-;-;-;-;-;-;-
D13V26C001350;BRBMEFD301S2;FINANCIAL;-;-;-;-;-;-;-;-;-;567,23;-;-;-;-;-;-;-
D13V26C001375;BRBMEFD301T0;FINANCIAL;-;-;-;-;-;-;-;-;-;461,58;-;-;-;-;-;-;-
D13V26C001400;BRBMEFD301U8;FINANCIAL;-;-;-;-;-;-;-;-;-;374;-;-;-;-;-;-;-
D13V26C001425;BRBMEFD301V6;FINANCIAL;-;-;-;-;-;-;-;-;-;302,38;-;-;-;-;-;-;-
D13V26C001450;BRBMEFD301W4;FINANCIAL;-;-;-;-;-;-;-;-;-;244,37;-;-;-;-;-;-;-
D13V26C001475;BRBMEFD301X2;FINANCIAL;-;-;-;-;-;-;-;-;-;198,28;-;-;-;-;-;-;-
D13V26C001500;BRBMEFD301Y0;FINANCIAL;-;-;-;-;-;-;-;-;-;161,83;-;-;-;-;-;-;-
D13V26C001525;BRBMEFD301Z7;FINANCIAL;-;-;-;-;-;-;-;-;-;131,77;-;-;-;-;-;-;-
D13V26C001550;BRBMEFD30208;FINANCIAL;-;-;-;-;-;-;-;-;-;107,05;-;-;-;-;-;-;-
D13V26C001575;BRBMEFD30216;FINANCIAL;-;-;-;-;-;-;-;-;-;87,55;-;-;-;-;-;-;-
D13V26C001600;BRBMEFD30224;FINANCIAL;-;-;-;-;-;-;-;-;-;72,08;-;-;-;-;-;-;-
D13V26P001200;BRBMEFP30129;FINANCIAL;-;-;-;-;-;-;-;-;-;9,46;-;-;-;-;-;-;-
D13V26P001225;BRBMEFP30137;FINANCIAL;-;-;-;-;-;-;-;-;-;17,09;-;-;-;-;-;-;-
D13V26P001250;BRBMEFP30145;FINANCIAL;-;-;-;-;-;-;-;-;-;29,34;-;-;-;-;-;-;-
D13V26P001275;BRBMEFP30152;FINANCIAL;-;-;-;-;-;-;-;-;-;49,37;-;-;-;-;-;-;-
D13V26P001300;BRBMEFP30160;FINANCIAL;-;-;-;-;-;-;-;-;-;82,22;-;-;-;-;-;-;-
D13V26P001325;BRBMEFP30178;FINANCIAL;-;-;-;-;-;-;-;-;-;128,08;-;-;-;-;-;-;-
D13V26P001350;BRBMEFP30186;FINANCIAL;-;-;-;-;-;-;-;-;-;191,1;-;-;-;-;-;-;-
D13V26P001375;BRBMEFP30194;FINANCIAL;-;-;-;-;-;-;-;-;-;271,25;-;-;-;-;-;-;-
D13V26P001400;BRBMEFP301A6;FINANCIAL;-;-;-;-;-;-;-;-;-;368,66;-;-;-;-;-;-;-
D13V26P001425;BRBMEFP301B4;FINANCIAL;-;-;-;-;-;-;-;-;-;481,21;-;-;-;-;-;-;-
D13V26P001450;BRBMEFP301C2;FINANCIAL;-;-;-;-;-;-;-;-;-;606,58;-;-;-;-;-;-;-
D13V26P001475;BRBMEFP301D0;FINANCIAL;-;-;-;-;-;-;-;-;-;743,07;-;-;-;-;-;-;-
D13V26P001500;BRBMEFP301E8;FINANCIAL;-;-;-;-;-;-;-;-;-;888,42;-;-;-;-;-;-;-
D13V26P001525;BRBMEFP301F5;FINANCIAL;-;-;-;-;-;-;-;-;-;1039,36;-;-;-;-;-;-;-
D13V26P001550;BRBMEFP301G3;FINANCIAL;-;-;-;-;-;-;-;-;-;1194,86;-;-;-;-;-;-;-
D13V26P001575;BRBMEFP301H1;FINANCIAL;-;-;-;-;-;-;-;-;-;1354,82;-;-;-;-;-;-;-
D13V26P001600;BRBMEFP301I9;FINANCIAL;-;-;-;-;-;-;-;-;-;1518,02;-;-;-;-;-;-;-
D14F27C001250;BRBMEFC144G2;FINANCIAL;-;-;-;-;-;-;-;-;-;1322,1;-;-;-;-;-;-;-
D14F27C001275;BRBMEFC144H0;FINANCIAL;-;-;-;-;-;-;-;-;-;1191,66;-;-;-;-;-;-;-
D14F27C001300;BRBMEFC144I8;FINANCIAL;-;-;-;-;-;-;-;-;-;1075,39;-;-;-;-;-;-;-
D14F27C001325;BRBMEFC144J6;FINANCIAL;-;-;-;-;-;-;-;-;-;968,2;-;-;-;-;-;-;-
D14F27C001350;BRBMEFC144K4;FINANCIAL;-;-;-;-;-;-;-;-;-;871,4;-;-;-;-;-;-;-
D14F27C001375;BRBMEFC144L2;FINANCIAL;-;-;-;-;-;-;-;-;-;786,24;-;-;-;-;-;-;-
D14F27C001400;BRBMEFC144M0;FINANCIAL;-;-;-;-;-;-;-;-;-;709,26;-;-;-;-;-;-;-
D14F27C001425;BRBMEFC144N8;FINANCIAL;-;-;-;-;-;-;-;-;-;640,75;-;-;-;-;-;-;-
D14F27C001450;BRBMEFC144O6;FINANCIAL;-;-;-;-;-;-;-;-;-;580,68;-;-;-;-;-;-;-
D14F27C001475;BRBMEFC144P3;FINANCIAL;-;-;-;-;-;-;-;-;-;527,52;-;-;-;-;-;-;-
D14F27C001500;BRBMEFC144Q1;FINANCIAL;-;-;-;-;-;-;-;-;-;480,08;-;-;-;-;-;-;-
D14F27C001525;BRBMEFC144R9;FINANCIAL;-;-;-;-;-;-;-;-;-;438,3;-;-;-;-;-;-;-
D14F27C001550;BRBMEFC144S7;FINANCIAL;-;-;-;-;-;-;-;-;-;401,32;-;-;-;-;-;-;-
D14F27C001575;BRBMEFC144T5;FINANCIAL;-;-;-;-;-;-;-;-;-;368,87;-;-;-;-;-;-;-
D14F27C001600;BRBMEFC144U3;FINANCIAL;-;-;-;-;-;-;-;-;-;340,2;-;-;-;-;-;-;-
D14F27P001250;BRBMEFV144G9;FINANCIAL;-;-;-;-;-;-;-;-;-;244,84;-;-;-;-;-;-;-
D14F27P001275;BRBMEFV144H7;FINANCIAL;-;-;-;-;-;-;-;-;-;298,18;-;-;-;-;-;-;-
D14F27P001300;BRBMEFV144I5;FINANCIAL;-;-;-;-;-;-;-;-;-;364,86;-;-;-;-;-;-;-
D14F27P001325;BRBMEFV144J3;FINANCIAL;-;-;-;-;-;-;-;-;-;439,83;-;-;-;-;-;-;-
D14F27P001350;BRBMEFV144K1;FINANCIAL;-;-;-;-;-;-;-;-;-;524,37;-;-;-;-;-;-;-
D14F27P001375;BRBMEFV144L9;FINANCIAL;-;-;-;-;-;-;-;-;-;619,77;-;-;-;-;-;-;-
D14F27P001400;BRBMEFV144M7;FINANCIAL;-;-;-;-;-;-;-;-;-;722,55;-;-;-;-;-;-;-
D14F27P001425;BRBMEFV144N5;FINANCIAL;-;-;-;-;-;-;-;-;-;833,02;-;-;-;-;-;-;-
D14F27P001450;BRBMEFV144O3;FINANCIAL;-;-;-;-;-;-;-;-;-;951,15;-;-;-;-;-;-;-
D14F27P001475;BRBMEFV144P0;FINANCIAL;-;-;-;-;-;-;-;-;-;1075,42;-;-;-;-;-;-;-
D14F27P001500;BRBMEFV144Q8;FINANCIAL;-;-;-;-;-;-;-;-;-;1204,64;-;-;-;-;-;-;-
D14F27P001525;BRBMEFV144R6;FINANCIAL;-;-;-;-;-;-;-;-;-;1338,74;-;-;-;-;-;-;-
D14F27P001550;BRBMEFV144S4;FINANCIAL;-;-;-;-;-;-;-;-;-;1476,89;-;-;-;-;-;-;-
D14F27P001575;BRBMEFV144T2;FINANCIAL;-;-;-;-;-;-;-;-;-;1618,82;-;-;-;-;-;-;-
D14F27P001600;BRBMEFV144U0;FINANCIAL;-;-;-;-;-;-;-;-;-;1763,77;-;-;-;-;-;-;-
D14N26C001250;BRBMEFC143M2;FINANCIAL;-;-;-;-;-;-;-;-;-;1628,89;-;-;-;-;-;-;-
D14N26C001275;BRBMEFC143N0;FINANCIAL;-;-;-;-;-;-;-;-;-;1350,46;-;-;-;-;-;-;-
D14N26C001300;BRBMEFC143O8;FINANCIAL;-;-;-;-;-;-;-;-;-;1073,57;-;-;-;-;-;-;-
D14N26C001325;BRBMEFC143P5;FINANCIAL;-;-;-;-;-;-;-;-;-;798,2;-;-;-;-;-;-;-
D14N26C001350;BRBMEFC143Q3;FINANCIAL;-;-;-;-;-;-;-;-;-;524,38;-;-;-;-;-;-;-
D14N26C001375;BRBMEFC143R1;FINANCIAL;-;-;-;-;-;-;-;-;-;255,84;-;-;-;-;-;-;-
D14N26C001400;BRBMEFC143S9;FINANCIAL;-;-;-;-;-;-;-;-;-;55,81;-;-;-;-;-;-;-
D14N26C001425;BRBMEFC143T7;FINANCIAL;-;-;-;-;-;-;-;-;-;2,81;-;-;-;-;-;-;-
D14N26C001450;BRBMEFC143U5;FINANCIAL;-;-;-;-;-;-;-;-;-;0,02;-;-;-;-;-;-;-
D14N26C001475;BRBMEFC143V3;FINANCIAL;-;-;-;-;-;-;-;-;-;0,01;-;-;-;-;-;-;-
D14N26C001500;BRBMEFC143W1;FINANCIAL;-;-;-;-;-;-;-;-;-;0,01;-;-;-;-;-;-;-
D14N26C001525;BRBMEFC143X9;FINANCIAL;-;-;-;-;-;-;-;-;-;0,01;-;-;-;-;-;-;-
D14N26C001550;BRBMEFC143Y7;FINANCIAL;-;-;-;-;-;-;-;-;-;0,01;-;-;-;-;-;-;-
D14N26C001575;BRBMEFC143Z4;FINANCIAL;-;-;-;-;-;-;-;-;-;0,01;-;-;-;-;-;-;-
D14N26C001600;BRBMEFC14402;FINANCIAL;-;-;-;-;-;-;-;-;-;0,01;-;-;-;-;-;-;-
D14N26P001250;BRBMEFV143M9;FINANCIAL;-;-;-;-;-;-;-;-;-;0,01;-;-;-;-;-;-;-
D14N26P001275;BRBMEFV143N7;FINANCIAL;-;-;-;-;-;-;-;-;-;0,01;-;-;-;-;-;-;-
D14N26P001300;BRBMEFV143O5;FINANCIAL;-;-;-;-;-;-;-;-;-;0,01;-;-;-;-;-;-;-
D14N26P001325;BRBMEFV143P2;FINANCIAL;-;-;-;-;-;-;-;-;-;0,01;-;-;-;-;-;-;-
D14N26P001350;BRBMEFV143Q0;FINANCIAL;-;-;-;-;-;-;-;-;-;0,02;-;-;-;-;-;-;-
D14N26P001375;BRBMEFV143R8;FINANCIAL;-;-;-;-;-;-;-;-;-;3,83;-;-;-;-;-;-;-
D14N26P001400;BRBMEFV143S6;FINANCIAL;-;-;-;-;-;-;-;-;-;74,65;-;-;-;-;-;-;-
D14N26P001425;BRBMEFV143T4;FINANCIAL;-;-;-;-;-;-;-;-;-;291,03;-;-;-;-;-;-;-
D14N26P001450;BRBMEFV143U2;FINANCIAL;-;-;-;-;-;-;-;-;-;556,14;-;-;-;-;-;-;-
D14N26P001475;BRBMEFV143V0;FINANCIAL;-;-;-;-;-;-;-;-;-;822,56;-;-;-;-;-;-;-
D14N26P001500;BRBMEFV143W8;FINANCIAL;-;-;-;-;-;-;-;-;-;1087,56;-;-;-;-;-;-;-
D14N26P001525;BRBMEFV143X6;FINANCIAL;-;-;-;-;-;-;-;-;-;1351,12;-;-;-;-;-;-;-
D14N26P001550;BRBMEFV143Y4;FINANCIAL;-;-;-;-;-;-;-;-;-;1613,25;-;-;-;-;-;-;-
D14N26P001575;BRBMEFV143Z1;FINANCIAL;-;-;-;-;-;-;-;-;-;1873,97;-;-;-;-;-;-;-
D14N26P001600;BRBMEFV14402;FINANCIAL;-;-;-;-;-;-;-;-;-;2133,29;-;-;-;-;-;-;-
D14V26C001250;BRBMEFC14410;FINANCIAL;-;-;-;-;-;-;-;-;-;1449,58;-;-;-;-;-;-;-
D14V26C001275;BRBMEFC14428;FINANCIAL;-;-;-;-;-;-;-;-;-;1265,92;-;-;-;-;-;-;-
D14V26C001300;BRBMEFC14436;FINANCIAL;-;-;-;-;-;-;-;-;-;1095,72;-;-;-;-;-;-;-
D14V26C001325;BRBMEFC14444;FINANCIAL;-;-;-;-;-;-;-;-;-;942,89;-;-;-;-;-;-;-
D14V26C001350;BRBMEFC14451;FINANCIAL;-;-;-;-;-;-;-;-;-;806,12;-;-;-;-;-;-;-
D14V26C001375;BRBMEFC14469;FINANCIAL;-;-;-;-;-;-;-;-;-;687,17;-;-;-;-;-;-;-
D14V26C001400;BRBMEFC14477;FINANCIAL;-;-;-;-;-;-;-;-;-;583,9;-;-;-;-;-;-;-
D14V26C001425;BRBMEFC14485;FINANCIAL;-;-;-;-;-;-;-;-;-;495,51;-;-;-;-;-;-;-
D14V26C001450;BRBMEFC14493;FINANCIAL;-;-;-;-;-;-;-;-;-;420,2;-;-;-;-;-;-;-
D14V26C001475;BRBMEFC144A5;FINANCIAL;-;-;-;-;-;-;-;-;-;356,52;-;-;-;-;-;-;-
D14V26C001500;BRBMEFC144B3;FINANCIAL;-;-;-;-;-;-;-;-;-;302,78;-;-;-;-;-;-;-
D14V26C001525;BRBMEFC144C1;FINANCIAL;-;-;-;-;-;-;-;-;-;257,61;-;-;-;-;-;-;-
D14V26C001550;BRBMEFC144D9;FINANCIAL;-;-;-;-;-;-;-;-;-;219,38;-;-;-;-;-;-;-
D14V26C001575;BRBMEFC144E7;FINANCIAL;-;-;-;-;-;-;-;-;-;186,52;-;-;-;-;-;-;-
D14V26C001600;BRBMEFC144F4;FINANCIAL;-;-;-;-;-;-;-;-;-;158,88;-;-;-;-;-;-;-
D14V26P001250;BRBMEFV14410;FINANCIAL;-;-;-;-;-;-;-;-;-;111,69;-;-;-;-;-;-;-
D14V26P001275;BRBMEFV14428;FINANCIAL;-;-;-;-;-;-;-;-;-;157,85;-;-;-;-;-;-;-
D14V26P001300;BRBMEFV14436;FINANCIAL;-;-;-;-;-;-;-;-;-;216,32;-;-;-;-;-;-;-
D14V26P001325;BRBMEFV14444;FINANCIAL;-;-;-;-;-;-;-;-;-;291,03;-;-;-;-;-;-;-
D14V26P001350;BRBMEFV14451;FINANCIAL;-;-;-;-;-;-;-;-;-;380,69;-;-;-;-;-;-;-
D14V26P001375;BRBMEFV14469;FINANCIAL;-;-;-;-;-;-;-;-;-;487,05;-;-;-;-;-;-;-
D14V26P001400;BRBMEFV14477;FINANCIAL;-;-;-;-;-;-;-;-;-;607,98;-;-;-;-;-;-;-
D14V26P001425;BRBMEFV14485;FINANCIAL;-;-;-;-;-;-;-;-;-;742,69;-;-;-;-;-;-;-
D14V26P001450;BRBMEFV14493;FINANCIAL;-;-;-;-;-;-;-;-;-;889,38;-;-;-;-;-;-;-
D14V26P001475;BRBMEFV144A2;FINANCIAL;-;-;-;-;-;-;-;-;-;1046,63;-;-;-;-;-;-;-
D14V26P001500;BRBMEFV144B0;FINANCIAL;-;-;-;-;-;-;-;-;-;1212,73;-;-;-;-;-;-;-
D14V26P001525;BRBMEFV144C8;FINANCIAL;-;-;-;-;-;-;-;-;-;1386,35;-;-;-;-;-;-;-
D14V26P001550;BRBMEFV144D6;FINANCIAL;-;-;-;-;-;-;-;-;-;1565,84;-;-;-;-;-;-;-
D14V26P001575;BRBMEFV144E4;FINANCIAL;-;-;-;-;-;-;-;-;-;1749,63;-;-;-;-;-;-;-
D14V26P001600;BRBMEFV144F1;FINANCIAL;-;-;-;-;-;-;-;-;-;1937,62;-;-;-;-;-;-;-
D15F27C000900;BRBMEFCI57X8;FINANCIAL;-;-;-;-;-;-;-;-;-;6830,21;-;-;-;-;-;-;-
D15F27C000925;BRBMEFCI57Y6;FINANCIAL;-;-;-;-;-;-;-;-;-;6478,07;-;-;-;-;-;-;-
D15F27C000950;BRBMEFCI57Z3;FINANCIAL;-;-;-;-;-;-;-;-;-;6127,45;-;-;-;-;-;-;-
D15F27C000975;BRBMEFCI5801;FINANCIAL;-;-;-;-;-;-;-;-;-;5780,28;-;-;-;-;-;-;-
D15F27C001000;BRBMEFCI57S8;FINANCIAL;-;-;-;-;-;-;-;-;-;5436,76;-;-;-;-;-;-;-
D15F27C001025;BRBMEFCI5819;FINANCIAL;-;-;-;-;-;-;-;-;-;5097,14;-;-;-;-;-;-;-
D15F27C001050;BRBMEFCI57T6;FINANCIAL;-;-;-;-;-;-;-;-;-;4761,87;-;-;-;-;-;-;-
D15F27C001075;BRBMEFCI5827;FINANCIAL;-;-;-;-;-;-;-;-;-;4431,26;-;-;-;-;-;-;-
D15F27C001100;BRBMEFCI57U4;FINANCIAL;-;-;-;-;-;-;-;-;-;4104,99;-;-;-;-;-;-;-
D15F27C001125;BRBMEFCI5835;FINANCIAL;-;-;-;-;-;-;-;-;-;3781,26;-;-;-;-;-;-;-
D15F27C001150;BRBMEFCI57V2;FINANCIAL;-;-;-;-;-;-;-;-;-;3463,11;-;-;-;-;-;-;-
D15F27C001175;BRBMEFCI5843;FINANCIAL;-;-;-;-;-;-;-;-;-;3151,08;-;-;-;-;-;-;-
D15F27C001200;BRBMEFCI57W0;FINANCIAL;-;-;-;-;-;-;-;-;-;2853,31;-;-;-;-;-;-;-
D15F27C001250;BRBMEFCI57D0;FINANCIAL;-;-;-;-;-;-;-;-;-;2300,09;-;-;-;-;-;-;-
D15F27C001275;BRBMEFCI57E8;FINANCIAL;-;-;-;-;-;-;-;-;-;2042,81;-;-;-;-;-;-;-
D15F27C001300;BRBMEFCI57F5;FINANCIAL;-;-;-;-;-;-;-;-;-;1800,71;-;-;-;-;-;-;-
D15F27C001325;BRBMEFCI57G3;FINANCIAL;-;-;-;-;-;-;-;-;-;1584,72;-;-;-;-;-;-;-
D15F27C001350;BRBMEFCI57H1;FINANCIAL;-;-;-;-;-;-;-;-;-;1386,3;-;-;-;-;-;-;-
D15F27C001375;BRBMEFCI57I9;FINANCIAL;-;-;-;-;-;-;-;-;-;1210,2;-;-;-;-;-;-;-
D15F27C001400;BRBMEFCI57J7;FINANCIAL;-;-;-;-;-;-;-;-;-;1055,53;-;-;-;-;-;-;-
D15F27C001425;BRBMEFCI57K5;FINANCIAL;-;-;-;-;-;-;-;-;-;918,28;-;-;-;-;-;-;-
D15F27C001450;BRBMEFCI57L3;FINANCIAL;-;-;-;-;-;-;-;-;-;802,98;-;-;-;-;-;-;-
D15F27C001475;BRBMEFCI57M1;FINANCIAL;-;-;-;-;-;-;-;-;-;702,45;-;-;-;-;-;-;-
D15F27C001500;BRBMEFCI57N9;FINANCIAL;-;-;-;-;-;-;-;-;-;614,73;-;-;-;-;-;-;-
D15F27C001525;BRBMEFCI57O7;FINANCIAL;-;-;-;-;-;-;-;-;-;539,24;-;-;-;-;-;-;-
D15F27C001550;BRBMEFCI57P4;FINANCIAL;-;-;-;-;-;-;-;-;-;474,09;-;-;-;-;-;-;-
D15F27C001575;BRBMEFCI57Q2;FINANCIAL;-;-;-;-;-;-;-;-;-;417,97;-;-;-;-;-;-;-
D15F27C001600;BRBMEFCI57R0;FINANCIAL;-;-;-;-;-;-;-;-;-;369,33;-;-;-;-;-;-;-
D15F27P000900;BRBMEFVI57X8;FINANCIAL;-;-;-;-;-;-;-;-;-;9,92;-;-;-;-;-;-;-
D15F27P000925;BRBMEFVI57Y6;FINANCIAL;-;-;-;-;-;-;-;-;-;14,84;-;-;-;-;-;-;-
D15F27P000950;BRBMEFVI57Z3;FINANCIAL;-;-;-;-;-;-;-;-;-;18,85;-;-;-;-;-;-;-
D15F27P000975;BRBMEFVI5808;FINANCIAL;-;-;-;-;-;-;-;-;-;23,92;-;-;-;-;-;-;-
D15F27P001000;BRBMEFVI57S8;FINANCIAL;-;-;-;-;-;-;-;-;-;30,24;-;-;-;-;-;-;-
D15F27P001025;BRBMEFVI5816;FINANCIAL;-;-;-;-;-;-;-;-;-;38,11;-;-;-;-;-;-;-
D15F27P001050;BRBMEFVI57T6;FINANCIAL;-;-;-;-;-;-;-;-;-;47,98;-;-;-;-;-;-;-
D15F27P001075;BRBMEFVI5824;FINANCIAL;-;-;-;-;-;-;-;-;-;60,2;-;-;-;-;-;-;-
D15F27P001100;BRBMEFVI57U4;FINANCIAL;-;-;-;-;-;-;-;-;-;74,46;-;-;-;-;-;-;-
D15F27P001125;BRBMEFVI5832;FINANCIAL;-;-;-;-;-;-;-;-;-;88,98;-;-;-;-;-;-;-
D15F27P001150;BRBMEFVI57V2;FINANCIAL;-;-;-;-;-;-;-;-;-;106,82;-;-;-;-;-;-;-
D15F27P001175;BRBMEFVI5840;FINANCIAL;-;-;-;-;-;-;-;-;-;128,54;-;-;-;-;-;-;-
D15F27P001200;BRBMEFVI57W0;FINANCIAL;-;-;-;-;-;-;-;-;-;162,31;-;-;-;-;-;-;-
D15F27P001250;BRBMEFVI57D0;FINANCIAL;-;-;-;-;-;-;-;-;-;265,59;-;-;-;-;-;-;-
D15F27P001275;BRBMEFVI57E8;FINANCIAL;-;-;-;-;-;-;-;-;-;333,31;-;-;-;-;-;-;-
D15F27P001300;BRBMEFVI57F5;FINANCIAL;-;-;-;-;-;-;-;-;-;414,07;-;-;-;-;-;-;-
D15F27P001325;BRBMEFVI57G3;FINANCIAL;-;-;-;-;-;-;-;-;-;518,82;-;-;-;-;-;-;-
D15F27P001350;BRBMEFVI57H1;FINANCIAL;-;-;-;-;-;-;-;-;-;639,04;-;-;-;-;-;-;-
D15F27P001375;BRBMEFVI57I9;FINANCIAL;-;-;-;-;-;-;-;-;-;779,49;-;-;-;-;-;-;-
D15F27P001400;BRBMEFVI57J7;FINANCIAL;-;-;-;-;-;-;-;-;-;939,3;-;-;-;-;-;-;-
D15F27P001425;BRBMEFVI57K5;FINANCIAL;-;-;-;-;-;-;-;-;-;1114,48;-;-;-;-;-;-;-
D15F27P001450;BRBMEFVI57L3;FINANCIAL;-;-;-;-;-;-;-;-;-;1309,58;-;-;-;-;-;-;-
D15F27P001475;BRBMEFVI57M1;FINANCIAL;-;-;-;-;-;-;-;-;-;1517,45;-;-;-;-;-;-;-
D15F27P001500;BRBMEFVI57N9;FINANCIAL;-;-;-;-;-;-;-;-;-;1736,13;-;-;-;-;-;-;-
D15F27P001525;BRBMEFVI57O7;FINANCIAL;-;-;-;-;-;-;-;-;-;1965,05;-;-;-;-;-;-;-
D15F27P001550;BRBMEFVI57P4;FINANCIAL;-;-;-;-;-;-;-;-;-;2202,36;-;-;-;-;-;-;-
D15F27P001575;BRBMEFVI57Q2;FINANCIAL;-;-;-;-;-;-;-;-;-;2446,75;-;-;-;-;-;-;-
D15F27P001600;BRBMEFVI57R0;FINANCIAL;-;-;-;-;-;-;-;-;-;2696,69;-;-;-;-;-;-;-
D15N26C001250;BRBMEFCI56J9;FINANCIAL;-;-;-;-;-;-;-;-;-;2525,76;-;-;-;-;-;-;-
D15N26C001275;BRBMEFCI56K7;FINANCIAL;-;-;-;-;-;-;-;-;-;2115,57;-;-;-;-;-;-;-
D15N26C001300;BRBMEFCI56L5;FINANCIAL;-;-;-;-;-;-;-;-;-;1708,54;-;-;-;-;-;-;-
D15N26C001325;BRBMEFCI56M3;FINANCIAL;-;-;-;-;-;-;-;-;-;1304,63;-;-;-;-;-;-;-
D15N26C001350;BRBMEFCI56N1;FINANCIAL;-;-;-;-;-;-;-;-;-;903,82;-;-;-;-;-;-;-
D15N26C001375;BRBMEFCI56O9;FINANCIAL;-;-;-;-;-;-;-;-;-;506,35;-;-;-;-;-;-;-
D15N26C001400;BRBMEFCI56P6;FINANCIAL;-;-;-;-;-;-;-;-;-;145,9;-;-;-;-;-;-;-
D15N26C001425;BRBMEFCI56Q4;FINANCIAL;-;-;-;-;-;-;-;-;-;7,05;-;-;-;-;-;-;-
D15N26C001450;BRBMEFCI56R2;FINANCIAL;-;-;-;-;-;-;-;-;-;0,02;-;-;-;-;-;-;-
D15N26C001475;BRBMEFCI56S0;FINANCIAL;-;-;-;-;-;-;-;-;-;0,01;-;-;-;-;-;-;-
D15N26C001500;BRBMEFCI56T8;FINANCIAL;-;-;-;-;-;-;-;-;-;0,01;-;-;-;-;-;-;-
D15N26C001525;BRBMEFCI56U6;FINANCIAL;-;-;-;-;-;-;-;-;-;0,01;-;-;-;-;-;-;-
D15N26C001550;BRBMEFCI56V4;FINANCIAL;-;-;-;-;-;-;-;-;-;0,01;-;-;-;-;-;-;-
D15N26C001575;BRBMEFCI56W2;FINANCIAL;-;-;-;-;-;-;-;-;-;0,01;-;-;-;-;-;-;-
D15N26C001600;BRBMEFCI56X0;FINANCIAL;-;-;-;-;-;-;-;-;-;0,01;-;-;-;-;-;-;-
D15N26P001250;BRBMEFVI56J9;FINANCIAL;-;-;-;-;-;-;-;-;-;0,01;-;-;-;-;-;-;-
D15N26P001275;BRBMEFVI56K7;FINANCIAL;-;-;-;-;-;-;-;-;-;0,01;-;-;-;-;-;-;-
D15N26P001300;BRBMEFVI56L5;FINANCIAL;-;-;-;-;-;-;-;-;-;0,01;-;-;-;-;-;-;-
D15N26P001325;BRBMEFVI56M3;FINANCIAL;-;-;-;-;-;-;-;-;-;0,01;-;-;-;-;-;-;-
D15N26P001350;BRBMEFVI56N1;FINANCIAL;-;-;-;-;-;-;-;-;-;0,01;-;-;-;-;-;-;-
D15N26P001375;BRBMEFVI56O9;FINANCIAL;-;-;-;-;-;-;-;-;-;0,28;-;-;-;-;-;-;-
D15N26P001400;BRBMEFVI56P6;FINANCIAL;-;-;-;-;-;-;-;-;-;34,55;-;-;-;-;-;-;-
D15N26P001425;BRBMEFVI56Q4;FINANCIAL;-;-;-;-;-;-;-;-;-;287,41;-;-;-;-;-;-;-
D15N26P001450;BRBMEFVI56R2;FINANCIAL;-;-;-;-;-;-;-;-;-;669,12;-;-;-;-;-;-;-
D15N26P001475;BRBMEFVI56S0;FINANCIAL;-;-;-;-;-;-;-;-;-;1054,88;-;-;-;-;-;-;-
D15N26P001500;BRBMEFVI56T8;FINANCIAL;-;-;-;-;-;-;-;-;-;1437,75;-;-;-;-;-;-;-
D15N26P001525;BRBMEFVI56U6;FINANCIAL;-;-;-;-;-;-;-;-;-;1817,74;-;-;-;-;-;-;-
D15N26P001550;BRBMEFVI56V4;FINANCIAL;-;-;-;-;-;-;-;-;-;2194,86;-;-;-;-;-;-;-
D15N26P001575;BRBMEFVI56W2;FINANCIAL;-;-;-;-;-;-;-;-;-;2569,15;-;-;-;-;-;-;-
D15N26P001600;BRBMEFVI56X0;FINANCIAL;-;-;-;-;-;-;-;-;-;2940,63;-;-;-;-;-;-;-
D15V26C001250;BRBMEFCI56Y8;FINANCIAL;-;-;-;-;-;-;-;-;-;2344,4;-;-;-;-;-;-;-
D15V26C001275;BRBMEFCI56Z5;FINANCIAL;-;-;-;-;-;-;-;-;-;2019,51;-;-;-;-;-;-;-
D15V26C001300;BRBMEFCI5702;FINANCIAL;-;-;-;-;-;-;-;-;-;1716,48;-;-;-;-;-;-;-
D15V26C001325;BRBMEFCI5710;FINANCIAL;-;-;-;-;-;-;-;-;-;1436,98;-;-;-;-;-;-;-
D15V26C001350;BRBMEFCI5728;FINANCIAL;-;-;-;-;-;-;-;-;-;1187,61;-;-;-;-;-;-;-
D15V26C001375;BRBMEFCI5736;FINANCIAL;-;-;-;-;-;-;-;-;-;968,51;-;-;-;-;-;-;-
D15V26C001400;BRBMEFCI5744;FINANCIAL;-;-;-;-;-;-;-;-;-;783,68;-;-;-;-;-;-;-
D15V26C001425;BRBMEFCI5751;FINANCIAL;-;-;-;-;-;-;-;-;-;628,96;-;-;-;-;-;-;-
D15V26C001450;BRBMEFCI5769;FINANCIAL;-;-;-;-;-;-;-;-;-;502,66;-;-;-;-;-;-;-
D15V26C001475;BRBMEFCI5777;FINANCIAL;-;-;-;-;-;-;-;-;-;399,1;-;-;-;-;-;-;-
D15V26C001500;BRBMEFCI5785;FINANCIAL;-;-;-;-;-;-;-;-;-;315,41;-;-;-;-;-;-;-
D15V26C001525;BRBMEFCI5793;FINANCIAL;-;-;-;-;-;-;-;-;-;249,24;-;-;-;-;-;-;-
D15V26C001550;BRBMEFCI57A6;FINANCIAL;-;-;-;-;-;-;-;-;-;197,41;-;-;-;-;-;-;-
D15V26C001575;BRBMEFCI57B4;FINANCIAL;-;-;-;-;-;-;-;-;-;156,64;-;-;-;-;-;-;-
D15V26C001600;BRBMEFCI57C2;FINANCIAL;-;-;-;-;-;-;-;-;-;124,68;-;-;-;-;-;-;-
D15V26P001250;BRBMEFVI56Y8;FINANCIAL;-;-;-;-;-;-;-;-;-;77,78;-;-;-;-;-;-;-
D15V26P001275;BRBMEFVI56Z5;FINANCIAL;-;-;-;-;-;-;-;-;-;119,32;-;-;-;-;-;-;-
D15V26P001300;BRBMEFVI5709;FINANCIAL;-;-;-;-;-;-;-;-;-;180,1;-;-;-;-;-;-;-
D15V26P001325;BRBMEFVI5717;FINANCIAL;-;-;-;-;-;-;-;-;-;261,83;-;-;-;-;-;-;-
D15V26P001350;BRBMEFVI5725;FINANCIAL;-;-;-;-;-;-;-;-;-;371,12;-;-;-;-;-;-;-
D15V26P001375;BRBMEFVI5733;FINANCIAL;-;-;-;-;-;-;-;-;-;508,15;-;-;-;-;-;-;-
D15V26P001400;BRBMEFVI5741;FINANCIAL;-;-;-;-;-;-;-;-;-;676,92;-;-;-;-;-;-;-
D15V26P001425;BRBMEFVI5758;FINANCIAL;-;-;-;-;-;-;-;-;-;873,32;-;-;-;-;-;-;-
D15V26P001450;BRBMEFVI5766;FINANCIAL;-;-;-;-;-;-;-;-;-;1095,66;-;-;-;-;-;-;-
D15V26P001475;BRBMEFVI5774;FINANCIAL;-;-;-;-;-;-;-;-;-;1338,31;-;-;-;-;-;-;-
D15V26P001500;BRBMEFVI5782;FINANCIAL;-;-;-;-;-;-;-;-;-;1598,38;-;-;-;-;-;-;-
D15V26P001525;BRBMEFVI5790;FINANCIAL;-;-;-;-;-;-;-;-;-;1873,59;-;-;-;-;-;-;-
D15V26P001550;BRBMEFVI57A6;FINANCIAL;-;-;-;-;-;-;-;-;-;2160,75;-;-;-;-;-;-;-
D15V26P001575;BRBMEFVI57B4;FINANCIAL;-;-;-;-;-;-;-;-;-;2456,61;-;-;-;-;-;-;-
D15V26P001600;BRBMEFVI57C2;FINANCIAL;-;-;-;-;-;-;-;-;-;2758,94;-;-;-;-;-;-;-
D17F27C001250;BRBMEFCI78O3;FINANCIAL;-;-;-;-;-;-;-;-;-;3775,07;-;-;-;-;-;-;-
D17F27C001275;BRBMEFCI78P0;FINANCIAL;-;-;-;-;-;-;-;-;-;3378,26;-;-;-;-;-;-;-
D17F27C001300;BRBMEFCI78Q8;FINANCIAL;-;-;-;-;-;-;-;-;-;3007,28;-;-;-;-;-;-;-
D17F27C001325;BRBMEFCI78R6;FINANCIAL;-;-;-;-;-;-;-;-;-;2669,87;-;-;-;-;-;-;-
D17F27C001350;BRBMEFCI78S4;FINANCIAL;-;-;-;-;-;-;-;-;-;2360,19;-;-;-;-;-;-;-
D17F27C001375;BRBMEFCI78T2;FINANCIAL;-;-;-;-;-;-;-;-;-;2081,05;-;-;-;-;-;-;-
D17F27C001400;BRBMEFCI78U0;FINANCIAL;-;-;-;-;-;-;-;-;-;1837,09;-;-;-;-;-;-;-
D17F27C001425;BRBMEFCI78V8;FINANCIAL;-;-;-;-;-;-;-;-;-;1618,79;-;-;-;-;-;-;-
D17F27C001450;BRBMEFCI78W6;FINANCIAL;-;-;-;-;-;-;-;-;-;1427,6;-;-;-;-;-;-;-
D17F27C001475;BRBMEFCI78X4;FINANCIAL;-;-;-;-;-;-;-;-;-;1261,45;-;-;-;-;-;-;-
D17F27C001500;BRBMEFCI78Y2;FINANCIAL;-;-;-;-;-;-;-;-;-;1116,21;-;-;-;-;-;-;-
D17F27C001525;BRBMEFCI78Z9;FINANCIAL;-;-;-;-;-;-;-;-;-;986,74;-;-;-;-;-;-;-
D17F27C001550;BRBMEFCI7906;FINANCIAL;-;-;-;-;-;-;-;-;-;866,19;-;-;-;-;-;-;-
D17F27C001575;BRBMEFCI7914;FINANCIAL;-;-;-;-;-;-;-;-;-;760,24;-;-;-;-;-;-;-
D17F27C001600;BRBMEFCI7922;FINANCIAL;-;-;-;-;-;-;-;-;-;667,83;-;-;-;-;-;-;-
D17F27P001250;BRBMEFVI78O3;FINANCIAL;-;-;-;-;-;-;-;-;-;427,83;-;-;-;-;-;-;-
D17F27P001275;BRBMEFVI78P0;FINANCIAL;-;-;-;-;-;-;-;-;-;545,21;-;-;-;-;-;-;-
D17F27P001300;BRBMEFVI78Q8;FINANCIAL;-;-;-;-;-;-;-;-;-;682,8;-;-;-;-;-;-;-
D17F27P001325;BRBMEFVI78R6;FINANCIAL;-;-;-;-;-;-;-;-;-;848,4;-;-;-;-;-;-;-
D17F27P001350;BRBMEFVI78S4;FINANCIAL;-;-;-;-;-;-;-;-;-;1036,22;-;-;-;-;-;-;-
D17F27P001375;BRBMEFVI78T2;FINANCIAL;-;-;-;-;-;-;-;-;-;1249,19;-;-;-;-;-;-;-
D17F27P001400;BRBMEFVI78U0;FINANCIAL;-;-;-;-;-;-;-;-;-;1491,99;-;-;-;-;-;-;-
D17F27P001425;BRBMEFVI78V8;FINANCIAL;-;-;-;-;-;-;-;-;-;1755,18;-;-;-;-;-;-;-
D17F27P001450;BRBMEFVI78W6;FINANCIAL;-;-;-;-;-;-;-;-;-;2040,27;-;-;-;-;-;-;-
D17F27P001475;BRBMEFVI78X4;FINANCIAL;-;-;-;-;-;-;-;-;-;2345,26;-;-;-;-;-;-;-
D17F27P001500;BRBMEFVI78Y2;FINANCIAL;-;-;-;-;-;-;-;-;-;2666,09;-;-;-;-;-;-;-
D17F27P001525;BRBMEFVI78Z9;FINANCIAL;-;-;-;-;-;-;-;-;-;2997,67;-;-;-;-;-;-;-
D17F27P001550;BRBMEFVI7903;FINANCIAL;-;-;-;-;-;-;-;-;-;3333,24;-;-;-;-;-;-;-
D17F27P001575;BRBMEFVI7911;FINANCIAL;-;-;-;-;-;-;-;-;-;3678,54;-;-;-;-;-;-;-
D17F27P001600;BRBMEFVI7929;FINANCIAL;-;-;-;-;-;-;-;-;-;4032,55;-;-;-;-;-;-;-
D17N26C001250;BRBMEFCI77U2;FINANCIAL;-;-;-;-;-;-;-;-;-;3735,95;-;-;-;-;-;-;-
D17N26C001275;BRBMEFCI77V0;FINANCIAL;-;-;-;-;-;-;-;-;-;3152,93;-;-;-;-;-;-;-
D17N26C001300;BRBMEFCI77W8;FINANCIAL;-;-;-;-;-;-;-;-;-;2576,95;-;-;-;-;-;-;-
D17N26C001325;BRBMEFCI77X6;FINANCIAL;-;-;-;-;-;-;-;-;-;2007,89;-;-;-;-;-;-;-
D17N26C001350;BRBMEFCI77Y4;FINANCIAL;-;-;-;-;-;-;-;-;-;1445,67;-;-;-;-;-;-;-
D17N26C001375;BRBMEFCI77Z1;FINANCIAL;-;-;-;-;-;-;-;-;-;890,19;-;-;-;-;-;-;-
D17N26C001400;BRBMEFCI7807;FINANCIAL;-;-;-;-;-;-;-;-;-;350,3;-;-;-;-;-;-;-
D17N26C001425;BRBMEFCI7815;FINANCIAL;-;-;-;-;-;-;-;-;-;28,75;-;-;-;-;-;-;-
D17N26C001450;BRBMEFCI7823;FINANCIAL;-;-;-;-;-;-;-;-;-;0,12;-;-;-;-;-;-;-
D17N26C001475;BRBMEFCI7831;FINANCIAL;-;-;-;-;-;-;-;-;-;0,01;-;-;-;-;-;-;-
D17N26C001500;BRBMEFCI7849;FINANCIAL;-;-;-;-;-;-;-;-;-;0,01;-;-;-;-;-;-;-
D17N26C001525;BRBMEFCI7856;FINANCIAL;-;-;-;-;-;-;-;-;-;0,01;-;-;-;-;-;-;-
D17N26C001550;BRBMEFCI7864;FINANCIAL;-;-;-;-;-;-;-;-;-;0,01;-;-;-;-;-;-;-
D17N26C001575;BRBMEFCI7872;FINANCIAL;-;-;-;-;-;-;-;-;-;0,01;-;-;-;-;-;-;-
D17N26C001600;BRBMEFCI7880;FINANCIAL;-;-;-;-;-;-;-;-;-;0,01;-;-;-;-;-;-;-
D17N26P001250;BRBMEFVI77U2;FINANCIAL;-;-;-;-;-;-;-;-;-;0,01;-;-;-;-;-;-;-
D17N26P001275;BRBMEFVI77V0;FINANCIAL;-;-;-;-;-;-;-;-;-;0,01;-;-;-;-;-;-;-
D17N26P001300;BRBMEFVI77W8;FINANCIAL;-;-;-;-;-;-;-;-;-;0,01;-;-;-;-;-;-;-
D17N26P001325;BRBMEFVI77X6;FINANCIAL;-;-;-;-;-;-;-;-;-;0,01;-;-;-;-;-;-;-
D17N26P001350;BRBMEFVI77Y4;FINANCIAL;-;-;-;-;-;-;-;-;-;0,01;-;-;-;-;-;-;-
D17N26P001375;BRBMEFVI77Z1;FINANCIAL;-;-;-;-;-;-;-;-;-;0,01;-;-;-;-;-;-;-
D17N26P001400;BRBMEFVI7804;FINANCIAL;-;-;-;-;-;-;-;-;-;8,96;-;-;-;-;-;-;-
D17N26P001425;BRBMEFVI7812;FINANCIAL;-;-;-;-;-;-;-;-;-;229,71;-;-;-;-;-;-;-
D17N26P001450;BRBMEFVI7820;FINANCIAL;-;-;-;-;-;-;-;-;-;736,92;-;-;-;-;-;-;-
D17N26P001475;BRBMEFVI7838;FINANCIAL;-;-;-;-;-;-;-;-;-;1266,28;-;-;-;-;-;-;-
D17N26P001500;BRBMEFVI7846;FINANCIAL;-;-;-;-;-;-;-;-;-;1789,48;-;-;-;-;-;-;-
D17N26P001525;BRBMEFVI7853;FINANCIAL;-;-;-;-;-;-;-;-;-;2306,5;-;-;-;-;-;-;-
D17N26P001550;BRBMEFVI7861;FINANCIAL;-;-;-;-;-;-;-;-;-;2817,42;-;-;-;-;-;-;-
D17N26P001575;BRBMEFVI7879;FINANCIAL;-;-;-;-;-;-;-;-;-;3322,32;-;-;-;-;-;-;-
D17N26P001600;BRBMEFVI7887;FINANCIAL;-;-;-;-;-;-;-;-;-;3821,28;-;-;-;-;-;-;-
D17V26C001250;BRBMEFCI7898;FINANCIAL;-;-;-;-;-;-;-;-;-;3607,44;-;-;-;-;-;-;-
D17V26C001275;BRBMEFCI78A2;FINANCIAL;-;-;-;-;-;-;-;-;-;3100,51;-;-;-;-;-;-;-
D17V26C001300;BRBMEFCI78B0;FINANCIAL;-;-;-;-;-;-;-;-;-;2627,4;-;-;-;-;-;-;-
D17V26C001325;BRBMEFCI78C8;FINANCIAL;-;-;-;-;-;-;-;-;-;2190,09;-;-;-;-;-;-;-
D17V26C001350;BRBMEFCI78D6;FINANCIAL;-;-;-;-;-;-;-;-;-;1792,92;-;-;-;-;-;-;-
D17V26C001375;BRBMEFCI78E4;FINANCIAL;-;-;-;-;-;-;-;-;-;1443,26;-;-;-;-;-;-;-
D17V26C001400;BRBMEFCI78F1;FINANCIAL;-;-;-;-;-;-;-;-;-;1144,15;-;-;-;-;-;-;-
D17V26C001425;BRBMEFCI78G9;FINANCIAL;-;-;-;-;-;-;-;-;-;894,66;-;-;-;-;-;-;-
D17V26C001450;BRBMEFCI78H7;FINANCIAL;-;-;-;-;-;-;-;-;-;694,33;-;-;-;-;-;-;-
D17V26C001475;BRBMEFCI78I5;FINANCIAL;-;-;-;-;-;-;-;-;-;530,94;-;-;-;-;-;-;-
D17V26C001500;BRBMEFCI78J3;FINANCIAL;-;-;-;-;-;-;-;-;-;399,26;-;-;-;-;-;-;-
D17V26C001525;BRBMEFCI78K1;FINANCIAL;-;-;-;-;-;-;-;-;-;299,15;-;-;-;-;-;-;-
D17V26C001550;BRBMEFCI78L9;FINANCIAL;-;-;-;-;-;-;-;-;-;223,81;-;-;-;-;-;-;-
D17V26C001575;BRBMEFCI78M7;FINANCIAL;-;-;-;-;-;-;-;-;-;166,87;-;-;-;-;-;-;-
D17V26C001600;BRBMEFCI78N5;FINANCIAL;-;-;-;-;-;-;-;-;-;124,21;-;-;-;-;-;-;-
D17V26P001250;BRBMEFVI7895;FINANCIAL;-;-;-;-;-;-;-;-;-;76,54;-;-;-;-;-;-;-
D17V26P001275;BRBMEFVI78A2;FINANCIAL;-;-;-;-;-;-;-;-;-;117,25;-;-;-;-;-;-;-
D17V26P001300;BRBMEFVI78B0;FINANCIAL;-;-;-;-;-;-;-;-;-;185,48;-;-;-;-;-;-;-
D17V26P001325;BRBMEFVI78C8;FINANCIAL;-;-;-;-;-;-;-;-;-;283,31;-;-;-;-;-;-;-
D17V26P001350;BRBMEFVI78D6;FINANCIAL;-;-;-;-;-;-;-;-;-;415,15;-;-;-;-;-;-;-
D17V26P001375;BRBMEFVI78E4;FINANCIAL;-;-;-;-;-;-;-;-;-;588,46;-;-;-;-;-;-;-
D17V26P001400;BRBMEFVI78F1;FINANCIAL;-;-;-;-;-;-;-;-;-;806,36;-;-;-;-;-;-;-
D17V26P001425;BRBMEFVI78G9;FINANCIAL;-;-;-;-;-;-;-;-;-;1068;-;-;-;-;-;-;-
D17V26P001450;BRBMEFVI78H7;FINANCIAL;-;-;-;-;-;-;-;-;-;1373;-;-;-;-;-;-;-
D17V26P001475;BRBMEFVI78I5;FINANCIAL;-;-;-;-;-;-;-;-;-;1709,23;-;-;-;-;-;-;-
D17V26P001500;BRBMEFVI78J3;FINANCIAL;-;-;-;-;-;-;-;-;-;2071,52;-;-;-;-;-;-;-
D17V26P001525;BRBMEFVI78K1;FINANCIAL;-;-;-;-;-;-;-;-;-;2459,81;-;-;-;-;-;-;-
D17V26P001550;BRBMEFVI78L9;FINANCIAL;-;-;-;-;-;-;-;-;-;2867,38;-;-;-;-;-;-;-
D17V26P001575;BRBMEFVI78M7;FINANCIAL;-;-;-;-;-;-;-;-;-;3287,92;-;-;-;-;-;-;-
D17V26P001600;BRBMEFVI78N5;FINANCIAL;-;-;-;-;-;-;-;-;-;3717,4;-;-;-;-;-;-;-
IDIF27C543600;BRBMEFCIAY99;FINANCIAL;-;-;-;-;-;-;-;-;-;7186,16;-;-;-;-;-;-;-
IDIF27C543700;BRBMEFCIAYA4;FINANCIAL;-;-;-;-;-;-;-;-;-;7092,59;-;-;-;-;-;-;-
IDIF27C543800;BRBMEFCIAYB2;FINANCIAL;-;-;-;-;-;-;-;-;-;6999,03;-;-;-;-;-;-;-
IDIF27C543900;BRBMEFCIAYC0;FINANCIAL;-;-;-;-;-;-;-;-;-;6905,46;-;-;-;-;-;-;-
IDIF27C544000;BRBMEFCIAW83;FINANCIAL;-;-;-;-;-;-;-;-;-;6811,9;-;-;-;-;-;-;-
IDIF27C544100;BRBMEFCIAYD8;FINANCIAL;-;-;-;-;-;-;-;-;-;6718,33;-;-;-;-;-;-;-
IDIF27C544200;BRBMEFCIAYE6;FINANCIAL;-;-;-;-;-;-;-;-;-;6624,77;-;-;-;-;-;-;-
IDIF27C544300;BRBMEFCIAYF3;FINANCIAL;-;-;-;-;-;-;-;-;-;6531,21;-;-;-;-;-;-;-
IDIF27C544400;BRBMEFCIAXK5;FINANCIAL;-;-;-;-;-;-;-;-;-;6437,65;-;-;-;-;-;-;-
IDIF27C544500;BRBMEFCIAWU6;FINANCIAL;-;-;-;-;-;-;-;-;-;6344,09;-;-;-;-;-;-;-
IDIF27C544600;BRBMEFCIAXL3;FINANCIAL;-;-;-;-;-;-;-;-;-;6250,53;-;-;-;-;-;-;-
IDIF27C544700;BRBMEFCIAXM1;FINANCIAL;-;-;-;-;-;-;-;-;-;6156,97;-;-;-;-;-;-;-
IDIF27C544800;BRBMEFCIAXN9;FINANCIAL;-;-;-;-;-;-;-;-;-;6063,42;-;-;-;-;-;-;-
IDIF27C544900;BRBMEFCIAXO7;FINANCIAL;-;-;-;-;-;-;-;-;-;5969,87;-;-;-;-;-;-;-
IDIF27C545000;BRBMEFCIAW91;FINANCIAL;-;-;-;-;-;-;-;-;-;5876,33;-;-;-;-;-;-;-
IDIF27C545100;BRBMEFCIAXP4;FINANCIAL;-;-;-;-;-;-;-;-;-;5782,79;-;-;-;-;-;-;-
IDIF27C545200;BRBMEFCIAXQ2;FINANCIAL;-;-;-;-;-;-;-;-;-;5689,25;-;-;-;-;-;-;-
IDIF27C545300;BRBMEFCIAXR0;FINANCIAL;-;-;-;-;-;-;-;-;-;5595,73;-;-;-;-;-;-;-
IDIF27C545400;BRBMEFCIAXS8;FINANCIAL;-;-;-;-;-;-;-;-;-;5502,21;-;-;-;-;-;-;-
IDIF27C545500;BRBMEFCIAWV4;FINANCIAL;-;-;-;-;-;-;-;-;-;5408,7;-;-;-;-;-;-;-
IDIF27C545600;BRBMEFCIAXT6;FINANCIAL;-;-;-;-;-;-;-;-;-;5315,21;-;-;-;-;-;-;-
IDIF27C545700;BRBMEFCIAXU4;FINANCIAL;-;-;-;-;-;-;-;-;-;5221,73;-;-;-;-;-;-;-
IDIF27C545800;BRBMEFCIAXV2;FINANCIAL;-;-;-;-;-;-;-;-;-;5128,27;-;-;-;-;-;-;-
IDIF27C545900;BRBMEFCIAXW0;FINANCIAL;-;-;-;-;-;-;-;-;-;5034,83;-;-;-;-;-;-;-
IDIF27C546000;BRBMEFCIAWW2;FINANCIAL;-;-;-;-;-;-;-;-;-;4941,41;-;-;-;-;-;-;-
IDIF27C546100;BRBMEFCIAYG1;FINANCIAL;-;-;-;-;-;-;-;-;-;4848,03;-;-;-;-;-;-;-
IDIF27C546200;BRBMEFCIAYH9;FINANCIAL;-;-;-;-;-;-;-;-;-;4754,68;-;-;-;-;-;-;-
IDIF27C546300;BRBMEFCIAYI7;FINANCIAL;-;-;-;-;-;-;-;-;-;4661,37;-;-;-;-;-;-;-
IDIF27C546400;BRBMEFCIAYJ5;FINANCIAL;-;-;-;-;-;-;-;-;-;4568,1;-;-;-;-;-;-;-
IDIF27C546500;BRBMEFCIAWX0;FINANCIAL;-;-;-;-;-;-;-;-;-;4474,9;-;-;-;-;-;-;-
IDIF27C546600;BRBMEFCIAYK3;FINANCIAL;-;-;-;-;-;-;-;-;-;4381,75;-;-;-;-;-;-;-
IDIF27C546700;BRBMEFCIAYL1;FINANCIAL;-;-;-;-;-;-;-;-;-;4288,69;-;-;-;-;-;-;-
IDIF27C546800;BRBMEFCIAYM9;FINANCIAL;-;-;-;-;-;-;-;-;-;4195,7;-;-;-;-;-;-;-
IDIF27C546900;BRBMEFCIAYN7;FINANCIAL;-;-;-;-;-;-;-;-;-;4102,82;-;-;-;-;-;-;-
IDIF27C547000;BRBMEFCIAWY8;FINANCIAL;-;-;-;-;-;-;-;-;-;4010,04;-;-;-;-;-;-;-
IDIF27C547100;BRBMEFCIAYO5;FINANCIAL;-;-;-;-;-;-;-;-;-;3917,1;-;-;-;-;-;-;-
IDIF27C547200;BRBMEFCIAYP2;FINANCIAL;-;-;-;-;-;-;-;-;-;3823,62;-;-;-;-;-;-;-
IDIF27C547300;BRBMEFCIAWA8;FINANCIAL;-;-;-;-;-;-;-;-;-;3730,15;-;-;-;-;-;-;-
IDIF27C547400;BRBMEFCIAX17;FINANCIAL;-;-;-;-;-;-;-;-;-;3636,68;-;-;-;-;-;-;-
IDIF27C547500;BRBMEFCIAX25;FINANCIAL;-;-;-;-;-;-;-;-;-;3543,22;-;-;-;-;-;-;-
IDIF27C547600;BRBMEFCIAX33;FINANCIAL;-;-;-;-;-;-;-;-;-;3449,78;-;-;-;-;-;-;-
IDIF27C547700;BRBMEFCIAX41;FINANCIAL;-;-;-;-;-;-;-;-;-;3356,34;-;-;-;-;-;-;-
IDIF27C547800;BRBMEFCIAX58;FINANCIAL;-;-;-;-;-;-;-;-;-;3262,89;-;-;-;-;-;-;-
IDIF27C547900;BRBMEFCIAX66;FINANCIAL;-;-;-;-;-;-;-;-;-;3169,47;-;-;-;-;-;-;-
IDIF27C548000;BRBMEFCIAWB6;FINANCIAL;-;-;-;-;-;-;-;-;-;3076,04;-;-;-;-;-;-;-
IDIF27C548100;BRBMEFCIAX74;FINANCIAL;-;-;-;-;-;-;-;-;-;2982,62;-;-;-;-;-;-;-
IDIF27C548200;BRBMEFCIAX82;FINANCIAL;-;-;-;-;-;-;-;-;-;2889,22;-;-;-;-;-;-;-
IDIF27C548300;BRBMEFCIAX90;FINANCIAL;-;-;-;-;-;-;-;-;-;2795,81;-;-;-;-;-;-;-
IDIF27C548400;BRBMEFCIAXA6;FINANCIAL;-;-;-;-;-;-;-;-;-;2702,4;-;-;-;-;-;-;-
IDIF27C548500;BRBMEFCIAXB4;FINANCIAL;-;-;-;-;-;-;-;-;-;2609;-;-;-;-;-;-;-
IDIF27C548600;BRBMEFCIAXC2;FINANCIAL;-;-;-;-;-;-;-;-;-;2515,6;-;-;-;-;-;-;-
IDIF27C548700;BRBMEFCIAXD0;FINANCIAL;-;-;-;-;-;-;-;-;-;2422,24;-;-;-;-;-;-;-
IDIF27C548800;BRBMEFCIAXE8;FINANCIAL;-;-;-;-;-;-;-;-;-;2328,88;-;-;-;-;-;-;-
IDIF27C548900;BRBMEFCIAXF5;FINANCIAL;-;-;-;-;-;-;-;-;-;2235,57;-;-;-;-;-;-;-
IDIF27C549000;BRBMEFCIAXG3;FINANCIAL;-;-;-;-;-;-;-;-;-;2142,28;-;-;-;-;-;-;-
IDIF27C549100;BRBMEFCIAXH1;FINANCIAL;-;-;-;-;-;-;-;-;-;2049,03;-;-;-;-;-;-;-
IDIF27C549200;BRBMEFCIAXI9;FINANCIAL;-;-;-;-;-;-;-;-;-;1955,81;-;-;-;-;-;-;-
IDIF27C549300;BRBMEFCIAXJ7;FINANCIAL;-;-;-;-;-;-;-;-;-;1862,66;-;-;-;-;-;-;-
IDIF27C549400;BRBMEFCIAYQ0;FINANCIAL;-;-;-;-;-;-;-;-;-;1769,57;-;-;-;-;-;-;-
IDIF27C549500;BRBMEFCIAYR8;FINANCIAL;-;-;-;-;-;-;-;-;-;1676,62;-;-;-;-;-;-;-
IDIF27C549600;BRBMEFCIAYS6;FINANCIAL;-;-;-;-;-;-;-;-;-;1583,87;-;-;-;-;-;-;-
IDIF27C549700;BRBMEFCIAYT4;FINANCIAL;-;-;-;-;-;-;-;-;-;1491,52;-;-;-;-;-;-;-
IDIF27C549800;BRBMEFCIAYU2;FINANCIAL;-;-;-;-;-;-;-;-;-;1400;-;-;-;-;-;-;-
IDIF27C549900;BRBMEFCIAYV0;FINANCIAL;-;-;-;-;-;-;-;-;-;1309,37;-;-;-;-;-;-;-
IDIF27C550000;BRBMEFCIAWC4;FINANCIAL;-;-;-;-;-;-;-;-;-;1219,14;-;-;-;-;-;-;-
IDIF27C550100;BRBMEFCIAYW8;FINANCIAL;-;-;-;-;-;-;-;-;-;1130,12;-;-;-;-;-;-;-
IDIF27C550200;BRBMEFCIAYX6;FINANCIAL;-;-;-;-;-;-;-;-;-;1041,55;-;-;-;-;-;-;-
IDIF27C550300;BRBMEFCIAYY4;FINANCIAL;-;-;-;-;-;-;-;-;-;955,25;-;-;-;-;-;-;-
IDIF27C550400;BRBMEFCIAYZ1;FINANCIAL;983,83;983,83;983,83;983,83;983,83;-9,82;-;-;-;871,47;-;-;-;-;1;254;249892,82
IDIF27C550500;BRBMEFCIAZ07;FINANCIAL;-;-;-;-;-;-;-;-;-;788,71;-;-;-;-;-;-;-
IDIF27C550600;BRBMEFCIAZ15;FINANCIAL;818,38;818,38;818,38;818,38;818,38;-11,44;-;-;-;708,38;-;-;-;-;1;254;207868,52
IDIF27C550700;BRBMEFCIAZ23;FINANCIAL;-;-;-;-;-;-;-;-;-;633,43;-;-;-;-;-;-;-
IDIF27C550800;BRBMEFCIAZ31;FINANCIAL;-;-;-;-;-;-;-;-;-;564,47;-;-;-;-;-;-;-
IDIF27C550900;BRBMEFCIAZ49;FINANCIAL;-;-;-;-;-;-;-;-;-;500,63;-;-;-;-;-;-;-
IDIF27C551000;BRBMEFCIAZ56;FINANCIAL;-;-;-;-;-;-;-;-;-;445,14;-;-;-;-;-;-;-
IDIF27C551100;BRBMEFCIAZ64;FINANCIAL;-;-;-;-;-;-;-;-;-;388,55;-;-;-;-;-;-;-
IDIF27C551200;BRBMEFCIAZ72;FINANCIAL;-;-;-;-;-;-;-;-;-;338,77;-;-;-;-;-;-;-
IDIF27C551300;BRBMEFCIAZ80;FINANCIAL;-;-;-;-;-;-;-;-;-;306,45;-;-;-;-;-;-;-
IDIF27C551400;BRBMEFCIAZ98;FINANCIAL;-;-;-;-;-;-;-;-;-;266,25;-;-;-;-;-;-;-
IDIF27C551500;BRBMEFCIAZA1;FINANCIAL;-;-;-;-;-;-;-;-;-;234,39;-;-;-;-;-;-;-
IDIF27C551600;BRBMEFCIAZB9;FINANCIAL;288,28;288,28;288,28;288,28;288,28;-52,9;-;-;-;204,58;-;-;-;-;1;282;81294,96
IDIF27C551700;BRBMEFCIAZC7;FINANCIAL;257,17;257,17;257,17;257,17;257,17;-54,54;-;-;-;178,64;-;-;-;-;1;602;154816,34
IDIF27C551800;BRBMEFCIAZD5;FINANCIAL;237,73;237,73;237,73;237,73;237,73;-55,85;-;-;-;160,74;-;-;-;-;1;320;76073,6
IDIF27C551900;BRBMEFCIAZZ8;FINANCIAL;-;-;-;-;-;-;-;-;-;146,2;-;-;-;-;-;-;-
IDIF27C552000;BRBMEFCID034;FINANCIAL;-;-;-;-;-;-;-;-;-;131,93;-;-;-;-;-;-;-
IDIF27C552100;BRBMEFCIAZT1;FINANCIAL;-;-;-;-;-;-;-;-;-;119,84;-;-;-;-;-;-;-
IDIF27C552200;BRBMEFCID075;FINANCIAL;-;-;-;-;-;-;-;-;-;109,83;-;-;-;-;-;-;-
IDIF27C552300;BRBMEFCID083;FINANCIAL;163,59;163,59;163,59;163,59;163,59;-40,59;-;-;-;101,01;-;-;-;-;1;282;46132,38
IDIF27C552400;BRBMEFCID091;FINANCIAL;153,8;153,8;153,8;153,8;153,8;-42,61;-;-;-;92,77;-;-;-;-;1;282;43371,6
IDIF27C552500;BRBMEFCID0A4;FINANCIAL;-;-;-;-;-;-;-;-;-;85,37;-;-;-;-;-;-;-
IDIF27C552600;BRBMEFCIAZU9;FINANCIAL;-;-;-;-;-;-;-;-;-;78,31;-;-;-;-;-;-;-
IDIF27C552700;BRBMEFCID0B2;FINANCIAL;-;-;-;-;-;-;-;-;-;71,72;-;-;-;-;-;-;-
IDIF27C552800;BRBMEFCID0C0;FINANCIAL;-;-;-;-;-;-;-;-;-;66,27;-;-;-;-;-;-;-
IDIF27C552900;BRBMEFCID0D8;FINANCIAL;-;-;-;-;-;-;-;-;-;61,58;-;-;-;-;-;-;-
IDIF27C553000;BRBMEFCID0E6;FINANCIAL;-;-;-;-;-;-;-;-;-;57,51;-;-;-;-;-;-;-
IDIF27C553100;BRBMEFCID0F3;FINANCIAL;-;-;-;-;-;-;-;-;-;53,95;-;-;-;-;-;-;-
IDIF27C553200;BRBMEFCID0G1;FINANCIAL;-;-;-;-;-;-;-;-;-;50,58;-;-;-;-;-;-;-
IDIF27C553300;BRBMEFCID0H9;FINANCIAL;-;-;-;-;-;-;-;-;-;47,41;-;-;-;-;-;-;-
IDIF27C553400;BRBMEFCID0I7;FINANCIAL;-;-;-;-;-;-;-;-;-;44,39;-;-;-;-;-;-;-
IDIF27C553500;BRBMEFCID0J5;FINANCIAL;-;-;-;-;-;-;-;-;-;41,54;-;-;-;-;-;-;-
IDIF27C553600;BRBMEFCID0K3;FINANCIAL;-;-;-;-;-;-;-;-;-;38,77;-;-;-;-;-;-;-
IDIF27C553700;BRBMEFCID0L1;FINANCIAL;-;-;-;-;-;-;-;-;-;36,3;-;-;-;-;-;-;-
IDIF27C553900;BRBMEFCIAX09;FINANCIAL;-;-;-;-;-;-;-;-;-;32,16;-;-;-;-;-;-;-
IDIF27C554000;BRBMEFCIAZE3;FINANCIAL;-;-;-;-;-;-;-;-;-;30,38;-;-;-;-;-;-;-
IDIF27C554100;BRBMEFCIAZF0;FINANCIAL;-;-;-;-;-;-;-;-;-;28,7;-;-;-;-;-;-;-
IDIF27C554200;BRBMEFCIAZG8;FINANCIAL;-;-;-;-;-;-;-;-;-;27,15;-;-;-;-;-;-;-
IDIF27C554300;BRBMEFCIAZH6;FINANCIAL;-;-;-;-;-;-;-;-;-;25,7;-;-;-;-;-;-;-
IDIF27C554400;BRBMEFCIAZI4;FINANCIAL;-;-;-;-;-;-;-;-;-;24,39;-;-;-;-;-;-;-
IDIF27C554500;BRBMEFCIAZJ2;FINANCIAL;-;-;-;-;-;-;-;-;-;23,16;-;-;-;-;-;-;-
IDIF27C554600;BRBMEFCIAZK0;FINANCIAL;-;-;-;-;-;-;-;-;-;21,99;-;-;-;-;-;-;-
IDIF27C554700;BRBMEFCIAZL8;FINANCIAL;-;-;-;-;-;-;-;-;-;20,82;-;-;-;-;-;-;-
IDIF27C554800;BRBMEFCIAZM6;FINANCIAL;-;-;-;-;-;-;-;-;-;19,67;-;-;-;-;-;-;-
IDIF27C554900;BRBMEFCIAZN4;FINANCIAL;-;-;-;-;-;-;-;-;-;18,54;-;-;-;-;-;-;-
IDIF27C555000;BRBMEFCIAWD2;FINANCIAL;-;-;-;-;-;-;-;-;-;17,44;-;-;-;-;-;-;-
IDIF27C555100;BRBMEFCIAZO2;FINANCIAL;-;-;-;-;-;-;-;-;-;16,39;-;-;-;-;-;-;-
IDIF27C555200;BRBMEFCIAZP9;FINANCIAL;-;-;-;-;-;-;-;-;-;15,36;-;-;-;-;-;-;-
IDIF27C555300;BRBMEFCIAZQ7;FINANCIAL;-;-;-;-;-;-;-;-;-;14,35;-;-;-;-;-;-;-
IDIF27C555400;BRBMEFCIAZR5;FINANCIAL;-;-;-;-;-;-;-;-;-;13,36;-;-;-;-;-;-;-
IDIF27C555500;BRBMEFCIAZS3;FINANCIAL;-;-;-;-;-;-;-;-;-;12,39;-;-;-;-;-;-;-
IDIF27C900000;BRBMEFCID0M9;FINANCIAL;-;-;-;-;-;-;-;-;-;0,01;-;-;-;-;-;-;-
IDIF27P543600;BRBMEFVI1Y97;FINANCIAL;-;-;-;-;-;-;-;-;-;0,01;-;-;-;-;-;-;-
IDIF27P543700;BRBMEFVI1YA3;FINANCIAL;-;-;-;-;-;-;-;-;-;0,01;-;-;-;-;-;-;-
IDIF27P543800;BRBMEFVI1YB1;FINANCIAL;-;-;-;-;-;-;-;-;-;0,01;-;-;-;-;-;-;-
IDIF27P543900;BRBMEFVI1YC9;FINANCIAL;-;-;-;-;-;-;-;-;-;0,01;-;-;-;-;-;-;-
IDIF27P544000;BRBMEFVI1W81;FINANCIAL;-;-;-;-;-;-;-;-;-;0,01;-;-;-;-;-;-;-
IDIF27P544100;BRBMEFVI1YD7;FINANCIAL;-;-;-;-;-;-;-;-;-;0,01;-;-;-;-;-;-;-
IDIF27P544200;BRBMEFVI1YE5;FINANCIAL;-;-;-;-;-;-;-;-;-;0,02;-;-;-;-;-;-;-
IDIF27P544300;BRBMEFVI1YF2;FINANCIAL;-;-;-;-;-;-;-;-;-;0,02;-;-;-;-;-;-;-
IDIF27P544400;BRBMEFVI1XK4;FINANCIAL;-;-;-;-;-;-;-;-;-;0,03;-;-;-;-;-;-;-
IDIF27P544500;BRBMEFVI1WU5;FINANCIAL;-;-;-;-;-;-;-;-;-;0,04;-;-;-;-;-;-;-
IDIF27P544600;BRBMEFVI1XL2;FINANCIAL;-;-;-;-;-;-;-;-;-;0,04;-;-;-;-;-;-;-
IDIF27P544700;BRBMEFVI1XM0;FINANCIAL;-;-;-;-;-;-;-;-;-;0,06;-;-;-;-;-;-;-
IDIF27P544800;BRBMEFVI1XN8;FINANCIAL;-;-;-;-;-;-;-;-;-;0,07;-;-;-;-;-;-;-
IDIF27P544900;BRBMEFVI1XO6;FINANCIAL;-;-;-;-;-;-;-;-;-;0,09;-;-;-;-;-;-;-
IDIF27P545000;BRBMEFVI1W99;FINANCIAL;-;-;-;-;-;-;-;-;-;0,11;-;-;-;-;-;-;-
IDIF27P545100;BRBMEFVI1XP3;FINANCIAL;-;-;-;-;-;-;-;-;-;0,14;-;-;-;-;-;-;-
IDIF27P545200;BRBMEFVI1XQ1;FINANCIAL;-;-;-;-;-;-;-;-;-;0,17;-;-;-;-;-;-;-
IDIF27P545300;BRBMEFVI1XR9;FINANCIAL;-;-;-;-;-;-;-;-;-;0,21;-;-;-;-;-;-;-
IDIF27P545400;BRBMEFVI1XS7;FINANCIAL;-;-;-;-;-;-;-;-;-;0,26;-;-;-;-;-;-;-
IDIF27P545500;BRBMEFVI1WV3;FINANCIAL;-;-;-;-;-;-;-;-;-;0,32;-;-;-;-;-;-;-
IDIF27P545600;BRBMEFVI1XT5;FINANCIAL;-;-;-;-;-;-;-;-;-;0,39;-;-;-;-;-;-;-
IDIF27P545700;BRBMEFVI1XU3;FINANCIAL;-;-;-;-;-;-;-;-;-;0,48;-;-;-;-;-;-;-
IDIF27P545800;BRBMEFVI1XV1;FINANCIAL;-;-;-;-;-;-;-;-;-;0,59;-;-;-;-;-;-;-
IDIF27P545900;BRBMEFVI1XW9;FINANCIAL;-;-;-;-;-;-;-;-;-;0,71;-;-;-;-;-;-;-
IDIF27P546000;BRBMEFVI1WW1;FINANCIAL;-;-;-;-;-;-;-;-;-;0,87;-;-;-;-;-;-;-
IDIF27P546100;BRBMEFVI1YG0;FINANCIAL;-;-;-;-;-;-;-;-;-;1,05;-;-;-;-;-;-;-
IDIF27P546200;BRBMEFVI1YH8;FINANCIAL;-;-;-;-;-;-;-;-;-;1,26;-;-;-;-;-;-;-
IDIF27P546300;BRBMEFVI1YI6;FINANCIAL;-;-;-;-;-;-;-;-;-;1,52;-;-;-;-;-;-;-
IDIF27P546400;BRBMEFVI1YJ4;FINANCIAL;-;-;-;-;-;-;-;-;-;1,83;-;-;-;-;-;-;-
IDIF27P546500;BRBMEFVI1WX9;FINANCIAL;-;-;-;-;-;-;-;-;-;2,19;-;-;-;-;-;-;-
IDIF27P546600;BRBMEFVI1YK2;FINANCIAL;-;-;-;-;-;-;-;-;-;2,61;-;-;-;-;-;-;-
IDIF27P546700;BRBMEFVI1YL0;FINANCIAL;-;-;-;-;-;-;-;-;-;3,11;-;-;-;-;-;-;-
IDIF27P546800;BRBMEFVI1YM8;FINANCIAL;-;-;-;-;-;-;-;-;-;3,69;-;-;-;-;-;-;-
IDIF27P546900;BRBMEFVI1YN6;FINANCIAL;-;-;-;-;-;-;-;-;-;4,37;-;-;-;-;-;-;-
IDIF27P547000;BRBMEFVI1WY7;FINANCIAL;-;-;-;-;-;-;-;-;-;5,17;-;-;-;-;-;-;-
IDIF27P547100;BRBMEFVI1YO4;FINANCIAL;-;-;-;-;-;-;-;-;-;5,8;-;-;-;-;-;-;-
IDIF27P547200;BRBMEFVI1YP1;FINANCIAL;-;-;-;-;-;-;-;-;-;5,88;-;-;-;-;-;-;-
IDIF27P547300;BRBMEFVI1WA7;FINANCIAL;-;-;-;-;-;-;-;-;-;5,98;-;-;-;-;-;-;-
IDIF27P547400;BRBMEFVI1X15;FINANCIAL;-;-;-;-;-;-;-;-;-;6,07;-;-;-;-;-;-;-
IDIF27P547500;BRBMEFVI1X23;FINANCIAL;-;-;-;-;-;-;-;-;-;6,18;-;-;-;-;-;-;-
IDIF27P547600;BRBMEFVI1X31;FINANCIAL;-;-;-;-;-;-;-;-;-;6,31;-;-;-;-;-;-;-
IDIF27P547700;BRBMEFVI1X49;FINANCIAL;-;-;-;-;-;-;-;-;-;6,43;-;-;-;-;-;-;-
IDIF27P547800;BRBMEFVI1X56;FINANCIAL;-;-;-;-;-;-;-;-;-;6,55;-;-;-;-;-;-;-
IDIF27P547900;BRBMEFVI1X64;FINANCIAL;-;-;-;-;-;-;-;-;-;6,7;-;-;-;-;-;-;-
IDIF27P548000;BRBMEFVI1WB5;FINANCIAL;-;-;-;-;-;-;-;-;-;6,84;-;-;-;-;-;-;-
IDIF27P548100;BRBMEFVI1X72;FINANCIAL;-;-;-;-;-;-;-;-;-;6,98;-;-;-;-;-;-;-
IDIF27P548200;BRBMEFVI1X80;FINANCIAL;-;-;-;-;-;-;-;-;-;7,15;-;-;-;-;-;-;-
IDIF27P548300;BRBMEFVI1X98;FINANCIAL;-;-;-;-;-;-;-;-;-;7,31;-;-;-;-;-;-;-
IDIF27P548400;BRBMEFVI1XA5;FINANCIAL;-;-;-;-;-;-;-;-;-;7,46;-;-;-;-;-;-;-
IDIF27P548500;BRBMEFVI1XB3;FINANCIAL;-;-;-;-;-;-;-;-;-;7,63;-;-;-;-;-;-;-
IDIF27P548600;BRBMEFVI1XC1;FINANCIAL;-;-;-;-;-;-;-;-;-;7,8;-;-;-;-;-;-;-
IDIF27P548700;BRBMEFVI1XD9;FINANCIAL;-;-;-;-;-;-;-;-;-;8,01;-;-;-;-;-;-;-
IDIF27P548800;BRBMEFVI1XE7;FINANCIAL;-;-;-;-;-;-;-;-;-;8,22;-;-;-;-;-;-;-
IDIF27P548900;BRBMEFVI1XF4;FINANCIAL;-;-;-;-;-;-;-;-;-;8,47;-;-;-;-;-;-;-
IDIF27P549000;BRBMEFVI1XG2;FINANCIAL;-;-;-;-;-;-;-;-;-;8,75;-;-;-;-;-;-;-
IDIF27P549100;BRBMEFVI1XH0;FINANCIAL;-;-;-;-;-;-;-;-;-;9,06;-;-;-;-;-;-;-
IDIF27P549200;BRBMEFVI1XI8;FINANCIAL;-;-;-;-;-;-;-;-;-;9,41;-;-;-;-;-;-;-
IDIF27P549300;BRBMEFVI1XJ6;FINANCIAL;-;-;-;-;-;-;-;-;-;9,83;-;-;-;-;-;-;-
IDIF27P549400;BRBMEFVI1YQ9;FINANCIAL;-;-;-;-;-;-;-;-;-;10,31;-;-;-;-;-;-;-
IDIF27P549500;BRBMEFVI1YR7;FINANCIAL;-;-;-;-;-;-;-;-;-;10,93;-;-;-;-;-;-;-
IDIF27P549600;BRBMEFVI1YS5;FINANCIAL;-;-;-;-;-;-;-;-;-;11,74;-;-;-;-;-;-;-
IDIF27P549700;BRBMEFVI1YT3;FINANCIAL;-;-;-;-;-;-;-;-;-;12,96;-;-;-;-;-;-;-
IDIF27P549800;BRBMEFVI1YU1;FINANCIAL;-;-;-;-;-;-;-;-;-;15;-;-;-;-;-;-;-
IDIF27P549900;BRBMEFVI1YV9;FINANCIAL;-;-;-;-;-;-;-;-;-;17,94;-;-;-;-;-;-;-
IDIF27P550000;BRBMEFVI1WC3;FINANCIAL;-;-;-;-;-;-;-;-;-;21,28;-;-;-;-;-;-;-
IDIF27P550100;BRBMEFVI1YW7;FINANCIAL;-;-;-;-;-;-;-;-;-;25,82;-;-;-;-;-;-;-
IDIF27P550200;BRBMEFVI1YX5;FINANCIAL;-;-;-;-;-;-;-;-;-;30,82;-;-;-;-;-;-;-
IDIF27P550300;BRBMEFVI1YY3;FINANCIAL;-;-;-;-;-;-;-;-;-;38,08;-;-;-;-;-;-;-
IDIF27P550400;BRBMEFVI1YZ0;FINANCIAL;41,13;41,13;41,13;41,13;41,13;33,1;-;-;-;47,88;-;-;-;-;1;1.245;51206,85
IDIF27P550500;BRBMEFVI1Z05;FINANCIAL;50,14;50,14;50,14;50,14;50,14;25,66;-;-;-;58,68;-;-;-;-;1;1.245;62424,3
IDIF27P550600;BRBMEFVI1Z13;FINANCIAL;-;-;-;-;-;-;-;-;-;71,92;-;-;-;-;-;-;-
IDIF27P550700;BRBMEFVI1Z21;FINANCIAL;-;-;-;-;-;-;-;-;-;90,54;-;-;-;-;-;-;-
IDIF27P550800;BRBMEFVI1Z39;FINANCIAL;-;-;-;-;-;-;-;-;-;115,15;-;-;-;-;-;-;-
IDIF27P550900;BRBMEFVI1Z47;FINANCIAL;125,75;125,75;125,75;125,75;125,75;2,93;-;-;-;144,87;-;-;-;-;1;700;88025
IDIF27P551000;BRBMEFVI1Z54;FINANCIAL;158,63;158,63;158,63;158,63;158,63;10,96;-;-;-;182,95;-;-;-;-;1;580;92005,4
IDIF27P551100;BRBMEFVI1Z62;FINANCIAL;194,23;194,23;194,23;194,23;194,23;8,52;-;-;-;219,93;-;-;-;-;1;163;31659,49
IDIF27P551200;BRBMEFVI1Z70;FINANCIAL;235,45;235,45;235,45;235,45;235,45;8;-;-;-;263,72;-;-;-;-;1;104;24486,8
IDIF27P551300;BRBMEFVI1Z88;FINANCIAL;-;-;-;-;-;-;-;-;-;324,96;-;-;-;-;-;-;-
IDIF27P551400;BRBMEFVI1Z96;FINANCIAL;-;-;-;-;-;-;-;-;-;378,33;-;-;-;-;-;-;-
IDIF27P551500;BRBMEFVI1ZA0;FINANCIAL;-;-;-;-;-;-;-;-;-;440,03;-;-;-;-;-;-;-
IDIF27P551600;BRBMEFVI1ZB8;FINANCIAL;467,54;467,54;467,54;467,54;467,54;-;-;-;-;503,79;-;-;-;-;1;120;56104,8
IDIF27P551700;BRBMEFVI1ZC6;FINANCIAL;529,92;529,92;529,92;529,92;529,92;-;-;-;-;571,42;-;-;-;-;1;240;127180,8
IDIF27P551800;BRBMEFVI1ZD4;FINANCIAL;603,98;603,98;603,98;603,98;603,98;-;-;-;-;647,08;-;-;-;-;1;120;72477,6
IDIF27P551900;BRBMEFVI1ZZ7;FINANCIAL;-;-;-;-;-;-;-;-;-;726,11;-;-;-;-;-;-;-
IDIF27P552000;BRBMEFFI0031;FINANCIAL;-;-;-;-;-;-;-;-;-;805,41;-;-;-;-;-;-;-
IDIF27P552100;BRBMEFVI1ZT0;FINANCIAL;-;-;-;-;-;-;-;-;-;886,89;-;-;-;-;-;-;-
IDIF27P552200;BRBMEFFI0072;FINANCIAL;-;-;-;-;-;-;-;-;-;970,44;-;-;-;-;-;-;-
IDIF27P552300;BRBMEFFI0080;FINANCIAL;-;-;-;-;-;-;-;-;-;1055,19;-;-;-;-;-;-;-
IDIF27P552400;BRBMEFFI0098;FINANCIAL;-;-;-;-;-;-;-;-;-;1140,51;-;-;-;-;-;-;-
IDIF27P552500;BRBMEFFI00A9;FINANCIAL;-;-;-;-;-;-;-;-;-;1226,69;-;-;-;-;-;-;-
IDIF27P552600;BRBMEFVI1ZU8;FINANCIAL;-;-;-;-;-;-;-;-;-;1313,19;-;-;-;-;-;-;-
IDIF27P552700;BRBMEFFI00B7;FINANCIAL;-;-;-;-;-;-;-;-;-;1400,17;-;-;-;-;-;-;-
IDIF27P552800;BRBMEFFI00C5;FINANCIAL;-;-;-;-;-;-;-;-;-;1488,28;-;-;-;-;-;-;-
IDIF27P552900;BRBMEFFI00D3;FINANCIAL;-;-;-;-;-;-;-;-;-;1577,17;-;-;-;-;-;-;-
IDIF27P553000;BRBMEFFI00E1;FINANCIAL;-;-;-;-;-;-;-;-;-;1666,66;-;-;-;-;-;-;-
IDIF27P553100;BRBMEFFI00F8;FINANCIAL;-;-;-;-;-;-;-;-;-;1756,67;-;-;-;-;-;-;-
IDIF27P553200;BRBMEFFI00G6;FINANCIAL;-;-;-;-;-;-;-;-;-;1846,86;-;-;-;-;-;-;-
IDIF27P553300;BRBMEFFI00H4;FINANCIAL;-;-;-;-;-;-;-;-;-;1937,26;-;-;-;-;-;-;-
IDIF27P553400;BRBMEFFI00I2;FINANCIAL;-;-;-;-;-;-;-;-;-;2027,8;-;-;-;-;-;-;-
IDIF27P553500;BRBMEFFI00J0;FINANCIAL;-;-;-;-;-;-;-;-;-;2118,53;-;-;-;-;-;-;-
IDIF27P553600;BRBMEFFI00K8;FINANCIAL;-;-;-;-;-;-;-;-;-;2209,32;-;-;-;-;-;-;-
IDIF27P553700;BRBMEFFI00L6;FINANCIAL;-;-;-;-;-;-;-;-;-;2300,41;-;-;-;-;-;-;-
IDIF27P553900;BRBMEFVI1X07;FINANCIAL;-;-;-;-;-;-;-;-;-;2483,42;-;-;-;-;-;-;-
IDIF27P554000;BRBMEFVI1ZE2;FINANCIAL;-;-;-;-;-;-;-;-;-;2575,2;-;-;-;-;-;-;-
IDIF27P554100;BRBMEFVI1ZF9;FINANCIAL;-;-;-;-;-;-;-;-;-;2667,08;-;-;-;-;-;-;-
IDIF27P554200;BRBMEFVI1ZG7;FINANCIAL;-;-;-;-;-;-;-;-;-;2759,11;-;-;-;-;-;-;-
IDIF27P554300;BRBMEFVI1ZH5;FINANCIAL;-;-;-;-;-;-;-;-;-;2851,22;-;-;-;-;-;-;-
IDIF27P554400;BRBMEFVI1ZI3;FINANCIAL;-;-;-;-;-;-;-;-;-;2943,48;-;-;-;-;-;-;-
IDIF27P554500;BRBMEFVI1ZJ1;FINANCIAL;-;-;-;-;-;-;-;-;-;3035,81;-;-;-;-;-;-;-
IDIF27P554600;BRBMEFVI1ZK9;FINANCIAL;-;-;-;-;-;-;-;-;-;3128,21;-;-;-;-;-;-;-
IDIF27P554700;BRBMEFVI1ZL7;FINANCIAL;-;-;-;-;-;-;-;-;-;3220,61;-;-;-;-;-;-;-
IDIF27P554800;BRBMEFVI1ZM5;FINANCIAL;-;-;-;-;-;-;-;-;-;3313,03;-;-;-;-;-;-;-
IDIF27P554900;BRBMEFVI1ZN3;FINANCIAL;-;-;-;-;-;-;-;-;-;3405,46;-;-;-;-;-;-;-
IDIF27P555000;BRBMEFVI1WD1;FINANCIAL;-;-;-;-;-;-;-;-;-;3497,94;-;-;-;-;-;-;-
IDIF27P555100;BRBMEFVI1ZO1;FINANCIAL;-;-;-;-;-;-;-;-;-;3590,45;-;-;-;-;-;-;-
IDIF27P555200;BRBMEFVI1ZP8;FINANCIAL;-;-;-;-;-;-;-;-;-;3682,98;-;-;-;-;-;-;-
IDIF27P555300;BRBMEFVI1ZQ6;FINANCIAL;-;-;-;-;-;-;-;-;-;3775,54;-;-;-;-;-;-;-
IDIF27P555400;BRBMEFVI1ZR4;FINANCIAL;-;-;-;-;-;-;-;-;-;3868,12;-;-;-;-;-;-;-
IDIF27P555500;BRBMEFVI1ZS2;FINANCIAL;-;-;-;-;-;-;-;-;-;3960,72;-;-;-;-;-;-;-
IDIF27P900000;BRBMEFFI00M4;FINANCIAL;-;-;-;-;-;-;-;-;-;326286,89;-;-;-;-;-;-;-
IDIF28C588500;BRBMEFCIAZV7;FINANCIAL;-;-;-;-;-;-;-;-;-;32467,82;-;-;-;-;-;-;-
IDIF28C600500;BRBMEFCIAZW5;FINANCIAL;-;-;-;-;-;-;-;-;-;22615,31;-;-;-;-;-;-;-
IDIF28C624400;BRBMEFCID067;FINANCIAL;-;-;-;-;-;-;-;-;-;4703,97;-;-;-;-;-;-;-
IDIF28C625000;BRBMEFCIAZX3;FINANCIAL;-;-;-;-;-;-;-;-;-;4411,34;-;-;-;-;-;-;-
IDIF28C625100;BRBMEFCID018;FINANCIAL;-;-;-;-;-;-;-;-;-;4363,62;-;-;-;-;-;-;-
IDIF28C625300;BRBMEFCID042;FINANCIAL;-;-;-;-;-;-;-;-;-;4268,32;-;-;-;-;-;-;-
IDIF28C625400;BRBMEFCID000;FINANCIAL;-;-;-;-;-;-;-;-;-;4220,97;-;-;-;-;-;-;-
IDIF28C625800;BRBMEFCID026;FINANCIAL;-;-;-;-;-;-;-;-;-;4035,92;-;-;-;-;-;-;-
IDIF28C632700;BRBMEFCID059;FINANCIAL;-;-;-;-;-;-;-;-;-;1785,24;-;-;-;-;-;-;-
IDIF28C636000;BRBMEFCID0N7;FINANCIAL;-;-;-;-;-;-;-;-;-;1203,31;-;-;-;-;-;-;-
IDIF28C636100;BRBMEFCID0O5;FINANCIAL;-;-;-;-;-;-;-;-;-;1189,06;-;-;-;-;-;-;-
IDIF28C636200;BRBMEFCID0P2;FINANCIAL;-;-;-;-;-;-;-;-;-;1174,78;-;-;-;-;-;-;-
IDIF28C636300;BRBMEFCID0Q0;FINANCIAL;-;-;-;-;-;-;-;-;-;1160,86;-;-;-;-;-;-;-
IDIF28C636400;BRBMEFCID0R8;FINANCIAL;-;-;-;-;-;-;-;-;-;1147,11;-;-;-;-;-;-;-
IDIF28C636500;BRBMEFCID0S6;FINANCIAL;-;-;-;-;-;-;-;-;-;1133,34;-;-;-;-;-;-;-
IDIF28C636600;BRBMEFCID0T4;FINANCIAL;-;-;-;-;-;-;-;-;-;1119,92;-;-;-;-;-;-;-
IDIF28C636700;BRBMEFCID0U2;FINANCIAL;-;-;-;-;-;-;-;-;-;1106,66;-;-;-;-;-;-;-
IDIF28C636800;BRBMEFCID0V0;FINANCIAL;-;-;-;-;-;-;-;-;-;1093,38;-;-;-;-;-;-;-
IDIF28C636900;BRBMEFCID0W8;FINANCIAL;-;-;-;-;-;-;-;-;-;1080,44;-;-;-;-;-;-;-
IDIF28C637000;BRBMEFCID0X6;FINANCIAL;-;-;-;-;-;-;-;-;-;1067,65;-;-;-;-;-;-;-
IDIF28P588500;BRBMEFVI1ZV6;FINANCIAL;-;-;-;-;-;-;-;-;-;0,01;-;-;-;-;-;-;-
IDIF28P600500;BRBMEFVI1ZW4;FINANCIAL;-;-;-;-;-;-;-;-;-;3,39;-;-;-;-;-;-;-
IDIF28P624400;BRBMEFFI0064;FINANCIAL;-;-;-;-;-;-;-;-;-;1721,68;-;-;-;-;-;-;-
IDIF28P625000;BRBMEFVI1ZX2;FINANCIAL;-;-;-;-;-;-;-;-;-;1921,85;-;-;-;-;-;-;-
IDIF28P625100;BRBMEFFI0015;FINANCIAL;-;-;-;-;-;-;-;-;-;1956,26;-;-;-;-;-;-;-
IDIF28P625300;BRBMEFFI0049;FINANCIAL;-;-;-;-;-;-;-;-;-;2025,22;-;-;-;-;-;-;-
IDIF28P625400;BRBMEFFI0007;FINANCIAL;-;-;-;-;-;-;-;-;-;2060,01;-;-;-;-;-;-;-
IDIF28P625800;BRBMEFFI0023;FINANCIAL;-;-;-;-;-;-;-;-;-;2203,49;-;-;-;-;-;-;-
IDIF28P632700;BRBMEFFI0056;FINANCIAL;-;-;-;-;-;-;-;-;-;5619,94;-;-;-;-;-;-;-
IDIF28P636000;BRBMEFFI00N2;FINANCIAL;-;-;-;-;-;-;-;-;-;7748,38;-;-;-;-;-;-;-
IDIF28P636100;BRBMEFFI00O0;FINANCIAL;-;-;-;-;-;-;-;-;-;7816,26;-;-;-;-;-;-;-
IDIF28P636200;BRBMEFFI00P7;FINANCIAL;-;-;-;-;-;-;-;-;-;7884,12;-;-;-;-;-;-;-
IDIF28P636300;BRBMEFFI00Q5;FINANCIAL;-;-;-;-;-;-;-;-;-;7952,33;-;-;-;-;-;-;-
IDIF28P636400;BRBMEFFI00R3;FINANCIAL;-;-;-;-;-;-;-;-;-;8020,71;-;-;-;-;-;-;-
IDIF28P636500;BRBMEFFI00S1;FINANCIAL;-;-;-;-;-;-;-;-;-;8089,07;-;-;-;-;-;-;-
IDIF28P636600;BRBMEFFI00T9;FINANCIAL;-;-;-;-;-;-;-;-;-;8157,79;-;-;-;-;-;-;-
IDIF28P636700;BRBMEFFI00U7;FINANCIAL;-;-;-;-;-;-;-;-;-;8226,66;-;-;-;-;-;-;-
IDIF28P636800;BRBMEFFI00V5;FINANCIAL;-;-;-;-;-;-;-;-;-;8295,51;-;-;-;-;-;-;-
IDIF28P636900;BRBMEFFI00W3;FINANCIAL;-;-;-;-;-;-;-;-;-;8364,7;-;-;-;-;-;-;-
IDIF28P637000;BRBMEFFI00X1;FINANCIAL;-;-;-;-;-;-;-;-;-;8434,05;-;-;-;-;-;-;-
IDIG27C553600;BRBMEFCIG805;FINANCIAL;-;-;-;-;-;-;-;-;-;3238,52;-;-;-;-;-;-;-
IDIG27C553700;BRBMEFCIG813;FINANCIAL;-;-;-;-;-;-;-;-;-;3146,17;-;-;-;-;-;-;-
IDIG27C553800;BRBMEFCIG821;FINANCIAL;-;-;-;-;-;-;-;-;-;3053,87;-;-;-;-;-;-;-
IDIG27C553900;BRBMEFCIG839;FINANCIAL;-;-;-;-;-;-;-;-;-;2961,59;-;-;-;-;-;-;-
IDIG27C554000;BRBMEFCIG847;FINANCIAL;-;-;-;-;-;-;-;-;-;2869,33;-;-;-;-;-;-;-
IDIG27C554100;BRBMEFCIG854;FINANCIAL;-;-;-;-;-;-;-;-;-;2777,13;-;-;-;-;-;-;-
IDIG27C554200;BRBMEFCIG862;FINANCIAL;-;-;-;-;-;-;-;-;-;2684,96;-;-;-;-;-;-;-
IDIG27C554300;BRBMEFCIG870;FINANCIAL;-;-;-;-;-;-;-;-;-;2592,82;-;-;-;-;-;-;-
IDIG27C554400;BRBMEFCIG888;FINANCIAL;-;-;-;-;-;-;-;-;-;2500,73;-;-;-;-;-;-;-
IDIG27C554500;BRBMEFCIG896;FINANCIAL;-;-;-;-;-;-;-;-;-;2408,74;-;-;-;-;-;-;-
IDIG27C554600;BRBMEFCIG8A4;FINANCIAL;-;-;-;-;-;-;-;-;-;2316,83;-;-;-;-;-;-;-
IDIG27C554700;BRBMEFCIG8B2;FINANCIAL;-;-;-;-;-;-;-;-;-;2225,05;-;-;-;-;-;-;-
IDIG27C554800;BRBMEFCIG8C0;FINANCIAL;-;-;-;-;-;-;-;-;-;2133,58;-;-;-;-;-;-;-
IDIG27C554900;BRBMEFCIG8D8;FINANCIAL;-;-;-;-;-;-;-;-;-;2042,6;-;-;-;-;-;-;-
IDIG27C555000;BRBMEFCIG8E6;FINANCIAL;-;-;-;-;-;-;-;-;-;1952,11;-;-;-;-;-;-;-
IDIG27C555100;BRBMEFCIG8F3;FINANCIAL;-;-;-;-;-;-;-;-;-;1862,4;-;-;-;-;-;-;-
IDIG27C555200;BRBMEFCIG8G1;FINANCIAL;-;-;-;-;-;-;-;-;-;1773,38;-;-;-;-;-;-;-
IDIG27C555300;BRBMEFCIG8H9;FINANCIAL;-;-;-;-;-;-;-;-;-;1684,67;-;-;-;-;-;-;-
IDIG27C555400;BRBMEFCIG8I7;FINANCIAL;-;-;-;-;-;-;-;-;-;1596,97;-;-;-;-;-;-;-
IDIG27C555500;BRBMEFCIG8J5;FINANCIAL;-;-;-;-;-;-;-;-;-;1509,48;-;-;-;-;-;-;-
IDIG27C555600;BRBMEFCIG8K3;FINANCIAL;-;-;-;-;-;-;-;-;-;1423,47;-;-;-;-;-;-;-
IDIG27C555700;BRBMEFCIG8L1;FINANCIAL;-;-;-;-;-;-;-;-;-;1339,13;-;-;-;-;-;-;-
IDIG27C555800;BRBMEFCIG8M9;FINANCIAL;-;-;-;-;-;-;-;-;-;1257,45;-;-;-;-;-;-;-
IDIG27C555900;BRBMEFCIG8N7;FINANCIAL;-;-;-;-;-;-;-;-;-;1175,39;-;-;-;-;-;-;-
IDIG27C556000;BRBMEFCIG8O5;FINANCIAL;-;-;-;-;-;-;-;-;-;1094,94;-;-;-;-;-;-;-
IDIG27C556100;BRBMEFCIG8P2;FINANCIAL;-;-;-;-;-;-;-;-;-;1016,69;-;-;-;-;-;-;-
IDIG27C556200;BRBMEFCIG8Q0;FINANCIAL;-;-;-;-;-;-;-;-;-;942,34;-;-;-;-;-;-;-
IDIG27C556300;BRBMEFCIG8R8;FINANCIAL;-;-;-;-;-;-;-;-;-;871,98;-;-;-;-;-;-;-
IDIG27C556400;BRBMEFCIG8S6;FINANCIAL;-;-;-;-;-;-;-;-;-;804,42;-;-;-;-;-;-;-
IDIG27C556500;BRBMEFCIG8T4;FINANCIAL;-;-;-;-;-;-;-;-;-;741,29;-;-;-;-;-;-;-
IDIG27C556600;BRBMEFCIG8U2;FINANCIAL;-;-;-;-;-;-;-;-;-;682,19;-;-;-;-;-;-;-
IDIG27C556700;BRBMEFCIG8V0;FINANCIAL;-;-;-;-;-;-;-;-;-;628,18;-;-;-;-;-;-;-
IDIG27C556800;BRBMEFCIG8W8;FINANCIAL;-;-;-;-;-;-;-;-;-;571,29;-;-;-;-;-;-;-
IDIG27C556900;BRBMEFCIG8X6;FINANCIAL;-;-;-;-;-;-;-;-;-;521,41;-;-;-;-;-;-;-
IDIG27C557000;BRBMEFCIG8Y4;FINANCIAL;-;-;-;-;-;-;-;-;-;473,35;-;-;-;-;-;-;-
IDIG27C557100;BRBMEFCIG8Z1;FINANCIAL;-;-;-;-;-;-;-;-;-;445,5;-;-;-;-;-;-;-
IDIG27C557200;BRBMEFCIG904;FINANCIAL;-;-;-;-;-;-;-;-;-;400,54;-;-;-;-;-;-;-
IDIG27C557300;BRBMEFCIG912;FINANCIAL;-;-;-;-;-;-;-;-;-;366,52;-;-;-;-;-;-;-
IDIG27C557400;BRBMEFCIG920;FINANCIAL;-;-;-;-;-;-;-;-;-;335,54;-;-;-;-;-;-;-
IDIG27C557500;BRBMEFCIG938;FINANCIAL;-;-;-;-;-;-;-;-;-;305,61;-;-;-;-;-;-;-
IDIG27C557600;BRBMEFCIG946;FINANCIAL;-;-;-;-;-;-;-;-;-;276,67;-;-;-;-;-;-;-
IDIG27C557700;BRBMEFCIG953;FINANCIAL;-;-;-;-;-;-;-;-;-;252,95;-;-;-;-;-;-;-
IDIG27C557800;BRBMEFCIG961;FINANCIAL;-;-;-;-;-;-;-;-;-;234,43;-;-;-;-;-;-;-
IDIG27C557900;BRBMEFCIG979;FINANCIAL;-;-;-;-;-;-;-;-;-;218,77;-;-;-;-;-;-;-
IDIG27C558000;BRBMEFCIG987;FINANCIAL;-;-;-;-;-;-;-;-;-;203,9;-;-;-;-;-;-;-
IDIG27C558100;BRBMEFCIG995;FINANCIAL;-;-;-;-;-;-;-;-;-;188,75;-;-;-;-;-;-;-
IDIG27C558200;BRBMEFCIG9A2;FINANCIAL;-;-;-;-;-;-;-;-;-;176,34;-;-;-;-;-;-;-
IDIG27C558300;BRBMEFCIG9B0;FINANCIAL;-;-;-;-;-;-;-;-;-;164,43;-;-;-;-;-;-;-
IDIG27C558400;BRBMEFCIG9C8;FINANCIAL;-;-;-;-;-;-;-;-;-;154,42;-;-;-;-;-;-;-
IDIG27C558500;BRBMEFCIG9D6;FINANCIAL;-;-;-;-;-;-;-;-;-;144,63;-;-;-;-;-;-;-
IDIG27C558600;BRBMEFCIG9E4;FINANCIAL;-;-;-;-;-;-;-;-;-;136,27;-;-;-;-;-;-;-
IDIG27C558700;BRBMEFCIG9F1;FINANCIAL;-;-;-;-;-;-;-;-;-;128,01;-;-;-;-;-;-;-
IDIG27C558800;BRBMEFCIG9G9;FINANCIAL;-;-;-;-;-;-;-;-;-;120,24;-;-;-;-;-;-;-
IDIG27C558900;BRBMEFCIG9H7;FINANCIAL;-;-;-;-;-;-;-;-;-;112,82;-;-;-;-;-;-;-
IDIG27C559000;BRBMEFCIG9I5;FINANCIAL;-;-;-;-;-;-;-;-;-;105,74;-;-;-;-;-;-;-
IDIG27C559100;BRBMEFCIG9J3;FINANCIAL;-;-;-;-;-;-;-;-;-;99,22;-;-;-;-;-;-;-
IDIG27C559200;BRBMEFCIG9K1;FINANCIAL;-;-;-;-;-;-;-;-;-;93,43;-;-;-;-;-;-;-
IDIG27C559300;BRBMEFCIG9L9;FINANCIAL;-;-;-;-;-;-;-;-;-;88,16;-;-;-;-;-;-;-
IDIG27C559400;BRBMEFCIG9M7;FINANCIAL;-;-;-;-;-;-;-;-;-;83,36;-;-;-;-;-;-;-
IDIG27C559500;BRBMEFCIG9N5;FINANCIAL;-;-;-;-;-;-;-;-;-;78,98;-;-;-;-;-;-;-
IDIG27C559600;BRBMEFCIG9P0;FINANCIAL;-;-;-;-;-;-;-;-;-;75,24;-;-;-;-;-;-;-
IDIG27C559700;BRBMEFCIG9Q8;FINANCIAL;-;-;-;-;-;-;-;-;-;71,59;-;-;-;-;-;-;-
IDIG27C559800;BRBMEFCIG9R6;FINANCIAL;-;-;-;-;-;-;-;-;-;68,07;-;-;-;-;-;-;-
IDIG27C559900;BRBMEFCIG9S4;FINANCIAL;-;-;-;-;-;-;-;-;-;64,74;-;-;-;-;-;-;-
IDIG27C900000;BRBMEFCIG9O3;FINANCIAL;-;-;-;-;-;-;-;-;-;0,01;-;-;-;-;-;-;-
IDIG27P553600;BRBMEFVIG805;FINANCIAL;-;-;-;-;-;-;-;-;-;10,49;-;-;-;-;-;-;-
IDIG27P553700;BRBMEFVIG813;FINANCIAL;-;-;-;-;-;-;-;-;-;10,74;-;-;-;-;-;-;-
IDIG27P553800;BRBMEFVIG821;FINANCIAL;-;-;-;-;-;-;-;-;-;11,03;-;-;-;-;-;-;-
IDIG27P553900;BRBMEFVIG839;FINANCIAL;-;-;-;-;-;-;-;-;-;11,34;-;-;-;-;-;-;-
IDIG27P554000;BRBMEFVIG847;FINANCIAL;-;-;-;-;-;-;-;-;-;11,68;-;-;-;-;-;-;-
IDIG27P554100;BRBMEFVIG854;FINANCIAL;-;-;-;-;-;-;-;-;-;12,06;-;-;-;-;-;-;-
IDIG27P554200;BRBMEFVIG862;FINANCIAL;-;-;-;-;-;-;-;-;-;12,48;-;-;-;-;-;-;-
IDIG27P554300;BRBMEFVIG870;FINANCIAL;-;-;-;-;-;-;-;-;-;12,94;-;-;-;-;-;-;-
IDIG27P554400;BRBMEFVIG888;FINANCIAL;-;-;-;-;-;-;-;-;-;13,44;-;-;-;-;-;-;-
IDIG27P554500;BRBMEFVIG896;FINANCIAL;-;-;-;-;-;-;-;-;-;14,04;-;-;-;-;-;-;-
IDIG27P554600;BRBMEFVIG8A1;FINANCIAL;-;-;-;-;-;-;-;-;-;14,73;-;-;-;-;-;-;-
IDIG27P554700;BRBMEFVIG8B9;FINANCIAL;-;-;-;-;-;-;-;-;-;15,54;-;-;-;-;-;-;-
IDIG27P554800;BRBMEFVIG8C7;FINANCIAL;-;-;-;-;-;-;-;-;-;16,66;-;-;-;-;-;-;-
IDIG27P554900;BRBMEFVIG8D5;FINANCIAL;-;-;-;-;-;-;-;-;-;18,27;-;-;-;-;-;-;-
IDIG27P555000;BRBMEFVIG8E3;FINANCIAL;-;-;-;-;-;-;-;-;-;20,38;-;-;-;-;-;-;-
IDIG27P555100;BRBMEFVIG8F0;FINANCIAL;-;-;-;-;-;-;-;-;-;23,26;-;-;-;-;-;-;-
IDIG27P555200;BRBMEFVIG8G8;FINANCIAL;-;-;-;-;-;-;-;-;-;26,83;-;-;-;-;-;-;-
IDIG27P555300;BRBMEFVIG8H6;FINANCIAL;-;-;-;-;-;-;-;-;-;30,71;-;-;-;-;-;-;-
IDIG27P555400;BRBMEFVIG8I4;FINANCIAL;-;-;-;-;-;-;-;-;-;35,6;-;-;-;-;-;-;-
IDIG27P555500;BRBMEFVIG8J2;FINANCIAL;-;-;-;-;-;-;-;-;-;40,7;-;-;-;-;-;-;-
IDIG27P555600;BRBMEFVIG8K0;FINANCIAL;-;-;-;-;-;-;-;-;-;47,28;-;-;-;-;-;-;-
IDIG27P555700;BRBMEFVIG8L8;FINANCIAL;-;-;-;-;-;-;-;-;-;55,53;-;-;-;-;-;-;-
IDIG27P555800;BRBMEFVIG8M6;FINANCIAL;-;-;-;-;-;-;-;-;-;66,45;-;-;-;-;-;-;-
IDIG27P555900;BRBMEFVIG8N4;FINANCIAL;-;-;-;-;-;-;-;-;-;76,98;-;-;-;-;-;-;-
IDIG27P556000;BRBMEFVIG8O2;FINANCIAL;-;-;-;-;-;-;-;-;-;89,12;-;-;-;-;-;-;-
IDIG27P556100;BRBMEFVIG8P9;FINANCIAL;-;-;-;-;-;-;-;-;-;103,47;-;-;-;-;-;-;-
IDIG27P556200;BRBMEFVIG8Q7;FINANCIAL;-;-;-;-;-;-;-;-;-;121,7;-;-;-;-;-;-;-
IDIG27P556300;BRBMEFVIG8R5;FINANCIAL;-;-;-;-;-;-;-;-;-;143,94;-;-;-;-;-;-;-
IDIG27P556400;BRBMEFVIG8S3;FINANCIAL;-;-;-;-;-;-;-;-;-;168,97;-;-;-;-;-;-;-
IDIG27P556500;BRBMEFVIG8T1;FINANCIAL;-;-;-;-;-;-;-;-;-;198,43;-;-;-;-;-;-;-
IDIG27P556600;BRBMEFVIG8U9;FINANCIAL;-;-;-;-;-;-;-;-;-;231,93;-;-;-;-;-;-;-
IDIG27P556700;BRBMEFVIG8V7;FINANCIAL;-;-;-;-;-;-;-;-;-;270,51;-;-;-;-;-;-;-
IDIG27P556800;BRBMEFVIG8W5;FINANCIAL;-;-;-;-;-;-;-;-;-;306,21;-;-;-;-;-;-;-
IDIG27P556900;BRBMEFVIG8X3;FINANCIAL;-;-;-;-;-;-;-;-;-;348,92;-;-;-;-;-;-;-
IDIG27P557000;BRBMEFVIG8Y1;FINANCIAL;-;-;-;-;-;-;-;-;-;393,45;-;-;-;-;-;-;-
IDIG27P557100;BRBMEFVIG8Z8;FINANCIAL;-;-;-;-;-;-;-;-;-;458,2;-;-;-;-;-;-;-
IDIG27P557200;BRBMEFVIG904;FINANCIAL;-;-;-;-;-;-;-;-;-;505,83;-;-;-;-;-;-;-
IDIG27P557300;BRBMEFVIG912;FINANCIAL;-;-;-;-;-;-;-;-;-;564,4;-;-;-;-;-;-;-
IDIG27P557400;BRBMEFVIG920;FINANCIAL;-;-;-;-;-;-;-;-;-;626,01;-;-;-;-;-;-;-
IDIG27P557500;BRBMEFVIG938;FINANCIAL;-;-;-;-;-;-;-;-;-;688,67;-;-;-;-;-;-;-
IDIG27P557600;BRBMEFVIG946;FINANCIAL;-;-;-;-;-;-;-;-;-;752,33;-;-;-;-;-;-;-
IDIG27P557700;BRBMEFVIG953;FINANCIAL;-;-;-;-;-;-;-;-;-;821,2;-;-;-;-;-;-;-
IDIG27P557800;BRBMEFVIG961;FINANCIAL;-;-;-;-;-;-;-;-;-;895,27;-;-;-;-;-;-;-
IDIG27P557900;BRBMEFVIG979;FINANCIAL;-;-;-;-;-;-;-;-;-;972,2;-;-;-;-;-;-;-
IDIG27P558000;BRBMEFVIG987;FINANCIAL;-;-;-;-;-;-;-;-;-;1049,92;-;-;-;-;-;-;-
IDIG27P558100;BRBMEFVIG995;FINANCIAL;-;-;-;-;-;-;-;-;-;1127,36;-;-;-;-;-;-;-
IDIG27P558200;BRBMEFVIG9A9;FINANCIAL;-;-;-;-;-;-;-;-;-;1207,54;-;-;-;-;-;-;-
IDIG27P558300;BRBMEFVIG9B7;FINANCIAL;-;-;-;-;-;-;-;-;-;1288,23;-;-;-;-;-;-;-
IDIG27P558400;BRBMEFVIG9C5;FINANCIAL;-;-;-;-;-;-;-;-;-;1370,81;-;-;-;-;-;-;-
IDIG27P558500;BRBMEFVIG9D3;FINANCIAL;-;-;-;-;-;-;-;-;-;1453,62;-;-;-;-;-;-;-
IDIG27P558600;BRBMEFVIG9E1;FINANCIAL;-;-;-;-;-;-;-;-;-;1537,84;-;-;-;-;-;-;-
IDIG27P558700;BRBMEFVIG9F8;FINANCIAL;-;-;-;-;-;-;-;-;-;1622,18;-;-;-;-;-;-;-
IDIG27P558800;BRBMEFVIG9G6;FINANCIAL;-;-;-;-;-;-;-;-;-;1707;-;-;-;-;-;-;-
IDIG27P558900;BRBMEFVIG9H4;FINANCIAL;-;-;-;-;-;-;-;-;-;1792,17;-;-;-;-;-;-;-
IDIG27P559000;BRBMEFVIG9I2;FINANCIAL;-;-;-;-;-;-;-;-;-;1877,68;-;-;-;-;-;-;-
IDIG27P559100;BRBMEFVIG9J0;FINANCIAL;-;-;-;-;-;-;-;-;-;1963,75;-;-;-;-;-;-;-
IDIG27P559200;BRBMEFVIG9K8;FINANCIAL;-;-;-;-;-;-;-;-;-;2050,55;-;-;-;-;-;-;-
IDIG27P559300;BRBMEFVIG9L6;FINANCIAL;-;-;-;-;-;-;-;-;-;2137,87;-;-;-;-;-;-;-
IDIG27P559400;BRBMEFVIG9M4;FINANCIAL;-;-;-;-;-;-;-;-;-;2225,66;-;-;-;-;-;-;-
IDIG27P559500;BRBMEFVIG9N2;FINANCIAL;-;-;-;-;-;-;-;-;-;2313,88;-;-;-;-;-;-;-
IDIG27P559600;BRBMEFVIG9P7;FINANCIAL;-;-;-;-;-;-;-;-;-;2402,74;-;-;-;-;-;-;-
IDIG27P559700;BRBMEFVIG9Q5;FINANCIAL;-;-;-;-;-;-;-;-;-;2491,67;-;-;-;-;-;-;-
IDIG27P559800;BRBMEFVIG9R3;FINANCIAL;-;-;-;-;-;-;-;-;-;2580,74;-;-;-;-;-;-;-
IDIG27P559900;BRBMEFVIG9S1;FINANCIAL;-;-;-;-;-;-;-;-;-;2670;-;-;-;-;-;-;-
IDIG27P900000;BRBMEFVIG9O0;FINANCIAL;-;-;-;-;-;-;-;-;-;317510,31;-;-;-;-;-;-;-
IDIH27C558600;BRBMEFCIH7K4;FINANCIAL;-;-;-;-;-;-;-;-;-;3474,01;-;-;-;-;-;-;-
IDIH27C558700;BRBMEFCIH7L2;FINANCIAL;-;-;-;-;-;-;-;-;-;3382,74;-;-;-;-;-;-;-
IDIH27C558800;BRBMEFCIH7M0;FINANCIAL;-;-;-;-;-;-;-;-;-;3291,51;-;-;-;-;-;-;-
IDIH27C558900;BRBMEFCIH7N8;FINANCIAL;-;-;-;-;-;-;-;-;-;3200,33;-;-;-;-;-;-;-
IDIH27C559000;BRBMEFCIH7O6;FINANCIAL;-;-;-;-;-;-;-;-;-;3109,2;-;-;-;-;-;-;-
IDIH27C559100;BRBMEFCIH7P3;FINANCIAL;-;-;-;-;-;-;-;-;-;3018,13;-;-;-;-;-;-;-
IDIH27C559200;BRBMEFCIH7Q1;FINANCIAL;-;-;-;-;-;-;-;-;-;2927,21;-;-;-;-;-;-;-
IDIH27C559300;BRBMEFCIH7R9;FINANCIAL;-;-;-;-;-;-;-;-;-;2836,44;-;-;-;-;-;-;-
IDIH27C559400;BRBMEFCIH7S7;FINANCIAL;-;-;-;-;-;-;-;-;-;2745,88;-;-;-;-;-;-;-
IDIH27C559500;BRBMEFCIH7T5;FINANCIAL;-;-;-;-;-;-;-;-;-;2655,63;-;-;-;-;-;-;-
IDIH27C559600;BRBMEFCIH7U3;FINANCIAL;-;-;-;-;-;-;-;-;-;2565,81;-;-;-;-;-;-;-
IDIH27C559700;BRBMEFCIH7V1;FINANCIAL;-;-;-;-;-;-;-;-;-;2476,81;-;-;-;-;-;-;-
IDIH27C559800;BRBMEFCIH7W9;FINANCIAL;-;-;-;-;-;-;-;-;-;2388,21;-;-;-;-;-;-;-
IDIH27C559900;BRBMEFCIH7X7;FINANCIAL;-;-;-;-;-;-;-;-;-;2300,26;-;-;-;-;-;-;-
IDIH27C560000;BRBMEFCIH7Y5;FINANCIAL;-;-;-;-;-;-;-;-;-;2212,31;-;-;-;-;-;-;-
IDIH27C560100;BRBMEFCIH7Z2;FINANCIAL;-;-;-;-;-;-;-;-;-;2125,11;-;-;-;-;-;-;-
IDIH27C560200;BRBMEFCIH803;FINANCIAL;-;-;-;-;-;-;-;-;-;2038,87;-;-;-;-;-;-;-
IDIH27C560300;BRBMEFCIH811;FINANCIAL;-;-;-;-;-;-;-;-;-;1952,5;-;-;-;-;-;-;-
IDIH27C560400;BRBMEFCIH829;FINANCIAL;-;-;-;-;-;-;-;-;-;1867,51;-;-;-;-;-;-;-
IDIH27C560500;BRBMEFCIH837;FINANCIAL;-;-;-;-;-;-;-;-;-;1783,45;-;-;-;-;-;-;-
IDIH27C560600;BRBMEFCIH845;FINANCIAL;-;-;-;-;-;-;-;-;-;1701,41;-;-;-;-;-;-;-
IDIH27C560700;BRBMEFCIH852;FINANCIAL;-;-;-;-;-;-;-;-;-;1620,7;-;-;-;-;-;-;-
IDIH27C560800;BRBMEFCIH860;FINANCIAL;-;-;-;-;-;-;-;-;-;1539,65;-;-;-;-;-;-;-
IDIH27C560900;BRBMEFCIH878;FINANCIAL;-;-;-;-;-;-;-;-;-;1460,05;-;-;-;-;-;-;-
IDIH27C561000;BRBMEFCIH886;FINANCIAL;-;-;-;-;-;-;-;-;-;1381,42;-;-;-;-;-;-;-
IDIH27C561100;BRBMEFCIH894;FINANCIAL;-;-;-;-;-;-;-;-;-;1306,41;-;-;-;-;-;-;-
IDIH27C561200;BRBMEFCIH8A3;FINANCIAL;-;-;-;-;-;-;-;-;-;1233,36;-;-;-;-;-;-;-
IDIH27C561300;BRBMEFCIH8B1;FINANCIAL;-;-;-;-;-;-;-;-;-;1163,57;-;-;-;-;-;-;-
IDIH27C561400;BRBMEFCIH8C9;FINANCIAL;-;-;-;-;-;-;-;-;-;1096,39;-;-;-;-;-;-;-
IDIH27C561500;BRBMEFCIH8D7;FINANCIAL;-;-;-;-;-;-;-;-;-;1030,32;-;-;-;-;-;-;-
IDIH27C561600;BRBMEFCIH8E5;FINANCIAL;-;-;-;-;-;-;-;-;-;968,03;-;-;-;-;-;-;-
IDIH27C561700;BRBMEFCIH8F2;FINANCIAL;-;-;-;-;-;-;-;-;-;909,32;-;-;-;-;-;-;-
IDIH27C561800;BRBMEFCIH8G0;FINANCIAL;-;-;-;-;-;-;-;-;-;855,11;-;-;-;-;-;-;-
IDIH27C561900;BRBMEFCIH8H8;FINANCIAL;-;-;-;-;-;-;-;-;-;800,13;-;-;-;-;-;-;-
IDIH27C562000;BRBMEFCIH8I6;FINANCIAL;-;-;-;-;-;-;-;-;-;744,49;-;-;-;-;-;-;-
IDIH27C562100;BRBMEFCIH8J4;FINANCIAL;-;-;-;-;-;-;-;-;-;694,48;-;-;-;-;-;-;-
IDIH27C562200;BRBMEFCIH8K2;FINANCIAL;-;-;-;-;-;-;-;-;-;645,41;-;-;-;-;-;-;-
IDIH27C562300;BRBMEFCIH8L0;FINANCIAL;-;-;-;-;-;-;-;-;-;605,56;-;-;-;-;-;-;-
IDIH27C562400;BRBMEFCIH8M8;FINANCIAL;-;-;-;-;-;-;-;-;-;573,12;-;-;-;-;-;-;-
IDIH27C562500;BRBMEFCIH8N6;FINANCIAL;-;-;-;-;-;-;-;-;-;529,77;-;-;-;-;-;-;-
IDIH27C562600;BRBMEFCIH8O4;FINANCIAL;-;-;-;-;-;-;-;-;-;495,47;-;-;-;-;-;-;-
IDIH27C562700;BRBMEFCIH8P1;FINANCIAL;-;-;-;-;-;-;-;-;-;462,13;-;-;-;-;-;-;-
IDIH27C562800;BRBMEFCIH8Q9;FINANCIAL;-;-;-;-;-;-;-;-;-;431,96;-;-;-;-;-;-;-
IDIH27C562900;BRBMEFCIH8R7;FINANCIAL;-;-;-;-;-;-;-;-;-;400,99;-;-;-;-;-;-;-
IDIH27C563000;BRBMEFCIH8S5;FINANCIAL;-;-;-;-;-;-;-;-;-;373,65;-;-;-;-;-;-;-
IDIH27C563100;BRBMEFCIH8T3;FINANCIAL;-;-;-;-;-;-;-;-;-;346,85;-;-;-;-;-;-;-
IDIH27C563200;BRBMEFCIH8U1;FINANCIAL;-;-;-;-;-;-;-;-;-;324,3;-;-;-;-;-;-;-
IDIH27C563300;BRBMEFCIH8V9;FINANCIAL;-;-;-;-;-;-;-;-;-;305,73;-;-;-;-;-;-;-
IDIH27C563400;BRBMEFCIH8W7;FINANCIAL;-;-;-;-;-;-;-;-;-;290,01;-;-;-;-;-;-;-
IDIH27C563500;BRBMEFCIH8X5;FINANCIAL;-;-;-;-;-;-;-;-;-;274,57;-;-;-;-;-;-;-
IDIH27C563600;BRBMEFCIH8Y3;FINANCIAL;-;-;-;-;-;-;-;-;-;259,25;-;-;-;-;-;-;-
IDIH27C563700;BRBMEFCIH8Z0;FINANCIAL;-;-;-;-;-;-;-;-;-;243,93;-;-;-;-;-;-;-
IDIH27C563800;BRBMEFCIH902;FINANCIAL;-;-;-;-;-;-;-;-;-;232,03;-;-;-;-;-;-;-
IDIH27C563900;BRBMEFCIH910;FINANCIAL;-;-;-;-;-;-;-;-;-;219,22;-;-;-;-;-;-;-
IDIH27C564000;BRBMEFCIH928;FINANCIAL;-;-;-;-;-;-;-;-;-;207,14;-;-;-;-;-;-;-
IDIH27C564100;BRBMEFCIH936;FINANCIAL;-;-;-;-;-;-;-;-;-;197,01;-;-;-;-;-;-;-
IDIH27C564200;BRBMEFCIH944;FINANCIAL;-;-;-;-;-;-;-;-;-;187,55;-;-;-;-;-;-;-
IDIH27C564300;BRBMEFCIH951;FINANCIAL;-;-;-;-;-;-;-;-;-;178,59;-;-;-;-;-;-;-
IDIH27C564400;BRBMEFCIH969;FINANCIAL;-;-;-;-;-;-;-;-;-;169,78;-;-;-;-;-;-;-
IDIH27C564500;BRBMEFCIH977;FINANCIAL;-;-;-;-;-;-;-;-;-;161,24;-;-;-;-;-;-;-
IDIH27C564600;BRBMEFCIH985;FINANCIAL;-;-;-;-;-;-;-;-;-;152,84;-;-;-;-;-;-;-
IDIH27C564700;BRBMEFCIH993;FINANCIAL;-;-;-;-;-;-;-;-;-;145,72;-;-;-;-;-;-;-
IDIH27C564800;BRBMEFCIH9A1;FINANCIAL;-;-;-;-;-;-;-;-;-;138,59;-;-;-;-;-;-;-
IDIH27C564900;BRBMEFCIH9B9;FINANCIAL;-;-;-;-;-;-;-;-;-;131,37;-;-;-;-;-;-;-
IDIH27C565000;BRBMEFCIH9C7;FINANCIAL;-;-;-;-;-;-;-;-;-;124,85;-;-;-;-;-;-;-
IDIH27C565100;BRBMEFCIH9E3;FINANCIAL;-;-;-;-;-;-;-;-;-;118,97;-;-;-;-;-;-;-
IDIH27C565200;BRBMEFCIH9F0;FINANCIAL;-;-;-;-;-;-;-;-;-;113,68;-;-;-;-;-;-;-
IDIH27C565300;BRBMEFCIH9G8;FINANCIAL;-;-;-;-;-;-;-;-;-;108,63;-;-;-;-;-;-;-
IDIH27C565400;BRBMEFCIH9H6;FINANCIAL;-;-;-;-;-;-;-;-;-;104,02;-;-;-;-;-;-;-
IDIH27C565500;BRBMEFCIH9I4;FINANCIAL;-;-;-;-;-;-;-;-;-;99,68;-;-;-;-;-;-;-
IDIH27C565600;BRBMEFCIH9J2;FINANCIAL;-;-;-;-;-;-;-;-;-;95,66;-;-;-;-;-;-;-
IDIH27C565700;BRBMEFCIH9K0;FINANCIAL;-;-;-;-;-;-;-;-;-;91,73;-;-;-;-;-;-;-
IDIH27C565800;BRBMEFCIH9L8;FINANCIAL;-;-;-;-;-;-;-;-;-;87,89;-;-;-;-;-;-;-
IDIH27C900000;BRBMEFCIH9D5;FINANCIAL;-;-;-;-;-;-;-;-;-;0,01;-;-;-;-;-;-;-
IDIH27P558600;BRBMEFVIH7K1;FINANCIAL;-;-;-;-;-;-;-;-;-;15,02;-;-;-;-;-;-;-
IDIH27P558700;BRBMEFVIH7L9;FINANCIAL;-;-;-;-;-;-;-;-;-;15,48;-;-;-;-;-;-;-
IDIH27P558800;BRBMEFVIH7M7;FINANCIAL;-;-;-;-;-;-;-;-;-;15,97;-;-;-;-;-;-;-
IDIH27P558900;BRBMEFVIH7N5;FINANCIAL;-;-;-;-;-;-;-;-;-;16,51;-;-;-;-;-;-;-
IDIH27P559000;BRBMEFVIH7O3;FINANCIAL;-;-;-;-;-;-;-;-;-;17,1;-;-;-;-;-;-;-
IDIH27P559100;BRBMEFVIH7P0;FINANCIAL;-;-;-;-;-;-;-;-;-;17,76;-;-;-;-;-;-;-
IDIH27P559200;BRBMEFVIH7Q8;FINANCIAL;-;-;-;-;-;-;-;-;-;18,56;-;-;-;-;-;-;-
IDIH27P559300;BRBMEFVIH7R6;FINANCIAL;-;-;-;-;-;-;-;-;-;19,51;-;-;-;-;-;-;-
IDIH27P559400;BRBMEFVIH7S4;FINANCIAL;-;-;-;-;-;-;-;-;-;20,67;-;-;-;-;-;-;-
IDIH27P559500;BRBMEFVIH7T2;FINANCIAL;-;-;-;-;-;-;-;-;-;22,14;-;-;-;-;-;-;-
IDIH27P559600;BRBMEFVIH7U0;FINANCIAL;-;-;-;-;-;-;-;-;-;24,04;-;-;-;-;-;-;-
IDIH27P559700;BRBMEFVIH7V8;FINANCIAL;-;-;-;-;-;-;-;-;-;26,76;-;-;-;-;-;-;-
IDIH27P559800;BRBMEFVIH7W6;FINANCIAL;-;-;-;-;-;-;-;-;-;29,89;-;-;-;-;-;-;-
IDIH27P559900;BRBMEFVIH7X4;FINANCIAL;-;-;-;-;-;-;-;-;-;33,66;-;-;-;-;-;-;-
IDIH27P560000;BRBMEFVIH7Y2;FINANCIAL;-;-;-;-;-;-;-;-;-;37,43;-;-;-;-;-;-;-
IDIH27P560100;BRBMEFVIH7Z9;FINANCIAL;-;-;-;-;-;-;-;-;-;41,96;-;-;-;-;-;-;-
IDIH27P560200;BRBMEFVIH803;FINANCIAL;-;-;-;-;-;-;-;-;-;47,43;-;-;-;-;-;-;-
IDIH27P560300;BRBMEFVIH811;FINANCIAL;-;-;-;-;-;-;-;-;-;52,79;-;-;-;-;-;-;-
IDIH27P560400;BRBMEFVIH829;FINANCIAL;-;-;-;-;-;-;-;-;-;59,51;-;-;-;-;-;-;-
IDIH27P560500;BRBMEFVIH837;FINANCIAL;-;-;-;-;-;-;-;-;-;67,17;-;-;-;-;-;-;-
IDIH27P560600;BRBMEFVIH845;FINANCIAL;-;-;-;-;-;-;-;-;-;76,86;-;-;-;-;-;-;-
IDIH27P560700;BRBMEFVIH852;FINANCIAL;-;-;-;-;-;-;-;-;-;87,87;-;-;-;-;-;-;-
IDIH27P560800;BRBMEFVIH860;FINANCIAL;-;-;-;-;-;-;-;-;-;98,54;-;-;-;-;-;-;-
IDIH27P560900;BRBMEFVIH878;FINANCIAL;-;-;-;-;-;-;-;-;-;110,67;-;-;-;-;-;-;-
IDIH27P561000;BRBMEFVIH886;FINANCIAL;-;-;-;-;-;-;-;-;-;123,76;-;-;-;-;-;-;-
IDIH27P561100;BRBMEFVIH894;FINANCIAL;-;-;-;-;-;-;-;-;-;140,47;-;-;-;-;-;-;-
IDIH27P561200;BRBMEFVIH8A0;FINANCIAL;-;-;-;-;-;-;-;-;-;159,14;-;-;-;-;-;-;-
IDIH27P561300;BRBMEFVIH8B8;FINANCIAL;-;-;-;-;-;-;-;-;-;181,07;-;-;-;-;-;-;-
IDIH27P561400;BRBMEFVIH8C6;FINANCIAL;-;-;-;-;-;-;-;-;-;205,62;-;-;-;-;-;-;-
IDIH27P561500;BRBMEFVIH8D4;FINANCIAL;-;-;-;-;-;-;-;-;-;231,26;-;-;-;-;-;-;-
IDIH27P561600;BRBMEFVIH8E2;FINANCIAL;-;-;-;-;-;-;-;-;-;260,7;-;-;-;-;-;-;-
IDIH27P561700;BRBMEFVIH8F9;FINANCIAL;-;-;-;-;-;-;-;-;-;293,71;-;-;-;-;-;-;-
IDIH27P561800;BRBMEFVIH8G7;FINANCIAL;-;-;-;-;-;-;-;-;-;331,22;-;-;-;-;-;-;-
IDIH27P561900;BRBMEFVIH8H5;FINANCIAL;-;-;-;-;-;-;-;-;-;367,96;-;-;-;-;-;-;-
IDIH27P562000;BRBMEFVIH8I3;FINANCIAL;-;-;-;-;-;-;-;-;-;404,05;-;-;-;-;-;-;-
IDIH27P562100;BRBMEFVIH8J1;FINANCIAL;-;-;-;-;-;-;-;-;-;445,76;-;-;-;-;-;-;-
IDIH27P562200;BRBMEFVIH8K9;FINANCIAL;-;-;-;-;-;-;-;-;-;488,4;-;-;-;-;-;-;-
IDIH27P562300;BRBMEFVIH8L7;FINANCIAL;-;-;-;-;-;-;-;-;-;540,28;-;-;-;-;-;-;-
IDIH27P562400;BRBMEFVIH8M5;FINANCIAL;-;-;-;-;-;-;-;-;-;599,56;-;-;-;-;-;-;-
IDIH27P562500;BRBMEFVIH8N3;FINANCIAL;-;-;-;-;-;-;-;-;-;647,94;-;-;-;-;-;-;-
IDIH27P562600;BRBMEFVIH8O1;FINANCIAL;-;-;-;-;-;-;-;-;-;705,36;-;-;-;-;-;-;-
IDIH27P562700;BRBMEFVIH8P8;FINANCIAL;-;-;-;-;-;-;-;-;-;763,74;-;-;-;-;-;-;-
IDIH27P562800;BRBMEFVIH8Q6;FINANCIAL;-;-;-;-;-;-;-;-;-;825,29;-;-;-;-;-;-;-
IDIH27P562900;BRBMEFVIH8R4;FINANCIAL;-;-;-;-;-;-;-;-;-;886,04;-;-;-;-;-;-;-
IDIH27P563000;BRBMEFVIH8S2;FINANCIAL;-;-;-;-;-;-;-;-;-;950,42;-;-;-;-;-;-;-
IDIH27P563100;BRBMEFVIH8T0;FINANCIAL;-;-;-;-;-;-;-;-;-;1015,34;-;-;-;-;-;-;-
IDIH27P563200;BRBMEFVIH8U8;FINANCIAL;-;-;-;-;-;-;-;-;-;1084,52;-;-;-;-;-;-;-
IDIH27P563300;BRBMEFVIH8V6;FINANCIAL;-;-;-;-;-;-;-;-;-;1157,67;-;-;-;-;-;-;-
IDIH27P563400;BRBMEFVIH8W4;FINANCIAL;-;-;-;-;-;-;-;-;-;1233,67;-;-;-;-;-;-;-
IDIH27P563500;BRBMEFVIH8X2;FINANCIAL;-;-;-;-;-;-;-;-;-;1309,95;-;-;-;-;-;-;-
IDIH27P563600;BRBMEFVIH8Y0;FINANCIAL;-;-;-;-;-;-;-;-;-;1386,35;-;-;-;-;-;-;-
IDIH27P563700;BRBMEFVIH8Z7;FINANCIAL;-;-;-;-;-;-;-;-;-;1462,75;-;-;-;-;-;-;-
IDIH27P563800;BRBMEFVIH902;FINANCIAL;-;-;-;-;-;-;-;-;-;1542,58;-;-;-;-;-;-;-
IDIH27P563900;BRBMEFVIH910;FINANCIAL;-;-;-;-;-;-;-;-;-;1621,49;-;-;-;-;-;-;-
IDIH27P564000;BRBMEFVIH928;FINANCIAL;-;-;-;-;-;-;-;-;-;1701,13;-;-;-;-;-;-;-
IDIH27P564100;BRBMEFVIH936;FINANCIAL;-;-;-;-;-;-;-;-;-;1782,72;-;-;-;-;-;-;-
IDIH27P564200;BRBMEFVIH944;FINANCIAL;-;-;-;-;-;-;-;-;-;1864,98;-;-;-;-;-;-;-
IDIH27P564300;BRBMEFVIH951;FINANCIAL;-;-;-;-;-;-;-;-;-;1947,74;-;-;-;-;-;-;-
IDIH27P564400;BRBMEFVIH969;FINANCIAL;-;-;-;-;-;-;-;-;-;2030,66;-;-;-;-;-;-;-
IDIH27P564500;BRBMEFVIH977;FINANCIAL;-;-;-;-;-;-;-;-;-;2113,84;-;-;-;-;-;-;-
IDIH27P564600;BRBMEFVIH985;FINANCIAL;-;-;-;-;-;-;-;-;-;2197,16;-;-;-;-;-;-;-
IDIH27P564700;BRBMEFVIH993;FINANCIAL;-;-;-;-;-;-;-;-;-;2281,77;-;-;-;-;-;-;-
IDIH27P564800;BRBMEFVIH9A8;FINANCIAL;-;-;-;-;-;-;-;-;-;2366,36;-;-;-;-;-;-;-
IDIH27P564900;BRBMEFVIH9B6;FINANCIAL;-;-;-;-;-;-;-;-;-;2450,86;-;-;-;-;-;-;-
IDIH27P565000;BRBMEFVIH9C4;FINANCIAL;-;-;-;-;-;-;-;-;-;2536,06;-;-;-;-;-;-;-
IDIH27P565100;BRBMEFVIH9E0;FINANCIAL;-;-;-;-;-;-;-;-;-;2621,9;-;-;-;-;-;-;-
IDIH27P565200;BRBMEFVIH9F7;FINANCIAL;-;-;-;-;-;-;-;-;-;2708,33;-;-;-;-;-;-;-
IDIH27P565300;BRBMEFVIH9G5;FINANCIAL;-;-;-;-;-;-;-;-;-;2795;-;-;-;-;-;-;-
IDIH27P565400;BRBMEFVIH9H3;FINANCIAL;-;-;-;-;-;-;-;-;-;2882,12;-;-;-;-;-;-;-
IDIH27P565500;BRBMEFVIH9I1;FINANCIAL;-;-;-;-;-;-;-;-;-;2969,5;-;-;-;-;-;-;-
IDIH27P565600;BRBMEFVIH9J9;FINANCIAL;-;-;-;-;-;-;-;-;-;3057,2;-;-;-;-;-;-;-
IDIH27P565700;BRBMEFVIH9K7;FINANCIAL;-;-;-;-;-;-;-;-;-;3144,99;-;-;-;-;-;-;-
IDIH27P565800;BRBMEFVIH9L5;FINANCIAL;-;-;-;-;-;-;-;-;-;3232,87;-;-;-;-;-;-;-
IDIH27P900000;BRBMEFVIH9D2;FINANCIAL;-;-;-;-;-;-;-;-;-;309679,12;-;-;-;-;-;-;-
IDIJ27C562700;BRBMEFCIJW35;FINANCIAL;-;-;-;-;-;-;-;-;-;5596,17;-;-;-;-;-;-;-
IDIJ27C562800;BRBMEFCIJW43;FINANCIAL;-;-;-;-;-;-;-;-;-;5505,73;-;-;-;-;-;-;-
IDIJ27C562900;BRBMEFCIJW50;FINANCIAL;-;-;-;-;-;-;-;-;-;5415,31;-;-;-;-;-;-;-
IDIJ27C563000;BRBMEFCIJW68;FINANCIAL;-;-;-;-;-;-;-;-;-;5324,89;-;-;-;-;-;-;-
IDIJ27C563100;BRBMEFCIJW76;FINANCIAL;-;-;-;-;-;-;-;-;-;5234,47;-;-;-;-;-;-;-
IDIJ27C563200;BRBMEFCIJW84;FINANCIAL;-;-;-;-;-;-;-;-;-;5144,08;-;-;-;-;-;-;-
IDIJ27C563300;BRBMEFCIJW92;FINANCIAL;-;-;-;-;-;-;-;-;-;5053,69;-;-;-;-;-;-;-
IDIJ27C563400;BRBMEFCIJWA9;FINANCIAL;-;-;-;-;-;-;-;-;-;4963,33;-;-;-;-;-;-;-
IDIJ27C563500;BRBMEFCIJWB7;FINANCIAL;-;-;-;-;-;-;-;-;-;4872,99;-;-;-;-;-;-;-
IDIJ27C563600;BRBMEFCIJWC5;FINANCIAL;-;-;-;-;-;-;-;-;-;4782,68;-;-;-;-;-;-;-
IDIJ27C563700;BRBMEFCIJWD3;FINANCIAL;-;-;-;-;-;-;-;-;-;4692,37;-;-;-;-;-;-;-
IDIJ27C563800;BRBMEFCIJWE1;FINANCIAL;-;-;-;-;-;-;-;-;-;4602,13;-;-;-;-;-;-;-
IDIJ27C563900;BRBMEFCIJWF8;FINANCIAL;-;-;-;-;-;-;-;-;-;4511,88;-;-;-;-;-;-;-
IDIJ27C564000;BRBMEFCIJWG6;FINANCIAL;-;-;-;-;-;-;-;-;-;4421,68;-;-;-;-;-;-;-
IDIJ27C564100;BRBMEFCIJWH4;FINANCIAL;-;-;-;-;-;-;-;-;-;4331,53;-;-;-;-;-;-;-
IDIJ27C564200;BRBMEFCIJWI2;FINANCIAL;-;-;-;-;-;-;-;-;-;4241,41;-;-;-;-;-;-;-
IDIJ27C564300;BRBMEFCIJWJ0;FINANCIAL;-;-;-;-;-;-;-;-;-;4151,32;-;-;-;-;-;-;-
IDIJ27C564400;BRBMEFCIJWK8;FINANCIAL;-;-;-;-;-;-;-;-;-;4061,26;-;-;-;-;-;-;-
IDIJ27C564500;BRBMEFCIJWL6;FINANCIAL;-;-;-;-;-;-;-;-;-;3971,24;-;-;-;-;-;-;-
IDIJ27C564600;BRBMEFCIJTW9;FINANCIAL;-;-;-;-;-;-;-;-;-;3881,28;-;-;-;-;-;-;-
IDIJ27C564700;BRBMEFCIJTX7;FINANCIAL;-;-;-;-;-;-;-;-;-;3791,46;-;-;-;-;-;-;-
IDIJ27C564800;BRBMEFCIJTY5;FINANCIAL;-;-;-;-;-;-;-;-;-;3701,76;-;-;-;-;-;-;-
IDIJ27C564900;BRBMEFCIJTZ2;FINANCIAL;-;-;-;-;-;-;-;-;-;3612,21;-;-;-;-;-;-;-
IDIJ27C565000;BRBMEFCIJTQ1;FINANCIAL;-;-;-;-;-;-;-;-;-;3522,88;-;-;-;-;-;-;-
IDIJ27C565100;BRBMEFCIJU03;FINANCIAL;-;-;-;-;-;-;-;-;-;3433,79;-;-;-;-;-;-;-
IDIJ27C565200;BRBMEFCIJU11;FINANCIAL;-;-;-;-;-;-;-;-;-;3345,04;-;-;-;-;-;-;-
IDIJ27C565300;BRBMEFCIJU29;FINANCIAL;-;-;-;-;-;-;-;-;-;3256,89;-;-;-;-;-;-;-
IDIJ27C565400;BRBMEFCIJU37;FINANCIAL;-;-;-;-;-;-;-;-;-;3169,13;-;-;-;-;-;-;-
IDIJ27C565500;BRBMEFCIJU45;FINANCIAL;-;-;-;-;-;-;-;-;-;3081,53;-;-;-;-;-;-;-
IDIJ27C565600;BRBMEFCIJU52;FINANCIAL;-;-;-;-;-;-;-;-;-;2995,14;-;-;-;-;-;-;-
IDIJ27C565700;BRBMEFCIJU60;FINANCIAL;-;-;-;-;-;-;-;-;-;2908,28;-;-;-;-;-;-;-
IDIJ27C565800;BRBMEFCIJU78;FINANCIAL;-;-;-;-;-;-;-;-;-;2822,08;-;-;-;-;-;-;-
IDIJ27C565900;BRBMEFCIJU86;FINANCIAL;-;-;-;-;-;-;-;-;-;2736,23;-;-;-;-;-;-;-
IDIJ27C566000;BRBMEFCIJU94;FINANCIAL;-;-;-;-;-;-;-;-;-;2651,32;-;-;-;-;-;-;-
IDIJ27C566100;BRBMEFCIJUA3;FINANCIAL;-;-;-;-;-;-;-;-;-;2566,13;-;-;-;-;-;-;-
IDIJ27C566200;BRBMEFCIJUB1;FINANCIAL;-;-;-;-;-;-;-;-;-;2481,84;-;-;-;-;-;-;-
IDIJ27C566300;BRBMEFCIJUC9;FINANCIAL;-;-;-;-;-;-;-;-;-;2398,95;-;-;-;-;-;-;-
IDIJ27C566400;BRBMEFCIJUD7;FINANCIAL;-;-;-;-;-;-;-;-;-;2316,69;-;-;-;-;-;-;-
IDIJ27C566500;BRBMEFCIJUE5;FINANCIAL;-;-;-;-;-;-;-;-;-;2235,77;-;-;-;-;-;-;-
IDIJ27C566600;BRBMEFCIJUF2;FINANCIAL;-;-;-;-;-;-;-;-;-;2156;-;-;-;-;-;-;-
IDIJ27C566700;BRBMEFCIJUG0;FINANCIAL;-;-;-;-;-;-;-;-;-;2076,6;-;-;-;-;-;-;-
IDIJ27C566800;BRBMEFCIJUH8;FINANCIAL;-;-;-;-;-;-;-;-;-;1997,74;-;-;-;-;-;-;-
IDIJ27C566900;BRBMEFCIJUI6;FINANCIAL;-;-;-;-;-;-;-;-;-;1919,62;-;-;-;-;-;-;-
IDIJ27C567000;BRBMEFCIJUJ4;FINANCIAL;-;-;-;-;-;-;-;-;-;1842,73;-;-;-;-;-;-;-
IDIJ27C567100;BRBMEFCIJUK2;FINANCIAL;-;-;-;-;-;-;-;-;-;1767,86;-;-;-;-;-;-;-
IDIJ27C567200;BRBMEFCIJUL0;FINANCIAL;-;-;-;-;-;-;-;-;-;1694,45;-;-;-;-;-;-;-
IDIJ27C567300;BRBMEFCIJUM8;FINANCIAL;-;-;-;-;-;-;-;-;-;1622,73;-;-;-;-;-;-;-
IDIJ27C567400;BRBMEFCIJUN6;FINANCIAL;-;-;-;-;-;-;-;-;-;1553,06;-;-;-;-;-;-;-
IDIJ27C567500;BRBMEFCIJTR9;FINANCIAL;-;-;-;-;-;-;-;-;-;1485,59;-;-;-;-;-;-;-
IDIJ27C567600;BRBMEFCIJUO4;FINANCIAL;-;-;-;-;-;-;-;-;-;1420,57;-;-;-;-;-;-;-
IDIJ27C567700;BRBMEFCIJUP1;FINANCIAL;-;-;-;-;-;-;-;-;-;1357,39;-;-;-;-;-;-;-
IDIJ27C567800;BRBMEFCIJUQ9;FINANCIAL;-;-;-;-;-;-;-;-;-;1294,86;-;-;-;-;-;-;-
IDIJ27C567900;BRBMEFCIJUR7;FINANCIAL;-;-;-;-;-;-;-;-;-;1235,77;-;-;-;-;-;-;-
IDIJ27C568000;BRBMEFCIJUS5;FINANCIAL;-;-;-;-;-;-;-;-;-;1179,3;-;-;-;-;-;-;-
IDIJ27C568100;BRBMEFCIJUT3;FINANCIAL;-;-;-;-;-;-;-;-;-;1124,85;-;-;-;-;-;-;-
IDIJ27C568200;BRBMEFCIJUU1;FINANCIAL;-;-;-;-;-;-;-;-;-;1071,08;-;-;-;-;-;-;-
IDIJ27C568300;BRBMEFCIJUV9;FINANCIAL;-;-;-;-;-;-;-;-;-;1016,04;-;-;-;-;-;-;-
IDIJ27C568400;BRBMEFCIJUW7;FINANCIAL;-;-;-;-;-;-;-;-;-;963,77;-;-;-;-;-;-;-
IDIJ27C568500;BRBMEFCIJUX5;FINANCIAL;-;-;-;-;-;-;-;-;-;914,16;-;-;-;-;-;-;-
IDIJ27C568600;BRBMEFCIJUY3;FINANCIAL;-;-;-;-;-;-;-;-;-;866,33;-;-;-;-;-;-;-
IDIJ27C568700;BRBMEFCIJUZ0;FINANCIAL;-;-;-;-;-;-;-;-;-;821,87;-;-;-;-;-;-;-
IDIJ27C568800;BRBMEFCIJV02;FINANCIAL;-;-;-;-;-;-;-;-;-;789,68;-;-;-;-;-;-;-
IDIJ27C568900;BRBMEFCIJV10;FINANCIAL;-;-;-;-;-;-;-;-;-;754,26;-;-;-;-;-;-;-
IDIJ27C569000;BRBMEFCIJV28;FINANCIAL;-;-;-;-;-;-;-;-;-;708,09;-;-;-;-;-;-;-
IDIJ27C569100;BRBMEFCIJWM4;FINANCIAL;-;-;-;-;-;-;-;-;-;674,06;-;-;-;-;-;-;-
IDIJ27C569200;BRBMEFCIJWN2;FINANCIAL;-;-;-;-;-;-;-;-;-;640,55;-;-;-;-;-;-;-
IDIJ27C569300;BRBMEFCIJWO0;FINANCIAL;-;-;-;-;-;-;-;-;-;607,72;-;-;-;-;-;-;-
IDIJ27C569400;BRBMEFCIJWP7;FINANCIAL;-;-;-;-;-;-;-;-;-;576,4;-;-;-;-;-;-;-
IDIJ27C569500;BRBMEFCIJWQ5;FINANCIAL;-;-;-;-;-;-;-;-;-;546,37;-;-;-;-;-;-;-
IDIJ27C569600;BRBMEFCIJWR3;FINANCIAL;-;-;-;-;-;-;-;-;-;517,76;-;-;-;-;-;-;-
IDIJ27C569700;BRBMEFCIJWS1;FINANCIAL;-;-;-;-;-;-;-;-;-;490,18;-;-;-;-;-;-;-
IDIJ27C569800;BRBMEFCIJWT9;FINANCIAL;-;-;-;-;-;-;-;-;-;463,6;-;-;-;-;-;-;-
IDIJ27C569900;BRBMEFCIJWU7;FINANCIAL;-;-;-;-;-;-;-;-;-;439,59;-;-;-;-;-;-;-
IDIJ27C570000;BRBMEFCIJTS7;FINANCIAL;-;-;-;-;-;-;-;-;-;419,3;-;-;-;-;-;-;-
IDIJ27C570100;BRBMEFCIJWV5;FINANCIAL;-;-;-;-;-;-;-;-;-;400,83;-;-;-;-;-;-;-
IDIJ27C570200;BRBMEFCIJWW3;FINANCIAL;-;-;-;-;-;-;-;-;-;383,93;-;-;-;-;-;-;-
IDIJ27C570300;BRBMEFCIJWX1;FINANCIAL;-;-;-;-;-;-;-;-;-;367,92;-;-;-;-;-;-;-
IDIJ27C570400;BRBMEFCIJWY9;FINANCIAL;-;-;-;-;-;-;-;-;-;352,46;-;-;-;-;-;-;-
IDIJ27C570500;BRBMEFCIJWZ6;FINANCIAL;-;-;-;-;-;-;-;-;-;336,08;-;-;-;-;-;-;-
IDIJ27C570600;BRBMEFCIJX00;FINANCIAL;-;-;-;-;-;-;-;-;-;320,82;-;-;-;-;-;-;-
IDIJ27C570700;BRBMEFCIJX18;FINANCIAL;-;-;-;-;-;-;-;-;-;307,83;-;-;-;-;-;-;-
IDIJ27C570800;BRBMEFCIJX26;FINANCIAL;-;-;-;-;-;-;-;-;-;295,51;-;-;-;-;-;-;-
IDIJ27C570900;BRBMEFCIJX34;FINANCIAL;-;-;-;-;-;-;-;-;-;282;-;-;-;-;-;-;-
IDIJ27C571000;BRBMEFCIJX42;FINANCIAL;-;-;-;-;-;-;-;-;-;270,69;-;-;-;-;-;-;-
IDIJ27C571100;BRBMEFCIJX59;FINANCIAL;-;-;-;-;-;-;-;-;-;260,45;-;-;-;-;-;-;-
IDIJ27C571200;BRBMEFCIJX75;FINANCIAL;-;-;-;-;-;-;-;-;-;249,76;-;-;-;-;-;-;-
IDIJ27C571300;BRBMEFCIJX83;FINANCIAL;-;-;-;-;-;-;-;-;-;239,95;-;-;-;-;-;-;-
IDIJ27C571400;BRBMEFCIJX91;FINANCIAL;-;-;-;-;-;-;-;-;-;230,63;-;-;-;-;-;-;-
IDIJ27C571500;BRBMEFCIJXA7;FINANCIAL;-;-;-;-;-;-;-;-;-;221,31;-;-;-;-;-;-;-
IDIJ27C571600;BRBMEFCIJXB5;FINANCIAL;-;-;-;-;-;-;-;-;-;212,46;-;-;-;-;-;-;-
IDIJ27C571700;BRBMEFCIJXC3;FINANCIAL;-;-;-;-;-;-;-;-;-;204,14;-;-;-;-;-;-;-
IDIJ27C571800;BRBMEFCIJXD1;FINANCIAL;-;-;-;-;-;-;-;-;-;196,23;-;-;-;-;-;-;-
IDIJ27C571900;BRBMEFCIJXE9;FINANCIAL;-;-;-;-;-;-;-;-;-;189;-;-;-;-;-;-;-
IDIJ27C572000;BRBMEFCIJXF6;FINANCIAL;-;-;-;-;-;-;-;-;-;181,63;-;-;-;-;-;-;-
IDIJ27C572100;BRBMEFCIJXG4;FINANCIAL;-;-;-;-;-;-;-;-;-;173,94;-;-;-;-;-;-;-
IDIJ27C572200;BRBMEFCIJXH2;FINANCIAL;-;-;-;-;-;-;-;-;-;166,61;-;-;-;-;-;-;-
IDIJ27C572300;BRBMEFCIJXI0;FINANCIAL;-;-;-;-;-;-;-;-;-;160,09;-;-;-;-;-;-;-
IDIJ27C572400;BRBMEFCIJXJ8;FINANCIAL;-;-;-;-;-;-;-;-;-;154,14;-;-;-;-;-;-;-
IDIJ27C572500;BRBMEFCIJTT5;FINANCIAL;-;-;-;-;-;-;-;-;-;148,56;-;-;-;-;-;-;-
IDIJ27C572600;BRBMEFCIJXK6;FINANCIAL;-;-;-;-;-;-;-;-;-;143,14;-;-;-;-;-;-;-
IDIJ27C575000;BRBMEFCIJTU3;FINANCIAL;-;-;-;-;-;-;-;-;-;62,74;-;-;-;-;-;-;-
IDIJ27C575100;BRBMEFCIJV36;FINANCIAL;-;-;-;-;-;-;-;-;-;60,79;-;-;-;-;-;-;-
IDIJ27C575200;BRBMEFCIJV44;FINANCIAL;-;-;-;-;-;-;-;-;-;58,89;-;-;-;-;-;-;-
IDIJ27C575300;BRBMEFCIJV51;FINANCIAL;-;-;-;-;-;-;-;-;-;57,09;-;-;-;-;-;-;-
IDIJ27C575400;BRBMEFCIJV69;FINANCIAL;-;-;-;-;-;-;-;-;-;55,29;-;-;-;-;-;-;-
IDIJ27C575500;BRBMEFCIJV77;FINANCIAL;-;-;-;-;-;-;-;-;-;53,57;-;-;-;-;-;-;-
IDIJ27C575600;BRBMEFCIJV85;FINANCIAL;-;-;-;-;-;-;-;-;-;51,94;-;-;-;-;-;-;-
IDIJ27C575700;BRBMEFCIJV93;FINANCIAL;-;-;-;-;-;-;-;-;-;50,38;-;-;-;-;-;-;-
IDIJ27C575800;BRBMEFCIJVA1;FINANCIAL;-;-;-;-;-;-;-;-;-;48,88;-;-;-;-;-;-;-
IDIJ27C575900;BRBMEFCIJVB9;FINANCIAL;-;-;-;-;-;-;-;-;-;47,4;-;-;-;-;-;-;-
IDIJ27C576000;BRBMEFCIJVC7;FINANCIAL;-;-;-;-;-;-;-;-;-;45,95;-;-;-;-;-;-;-
IDIJ27C576100;BRBMEFCIJVD5;FINANCIAL;-;-;-;-;-;-;-;-;-;44,51;-;-;-;-;-;-;-
IDIJ27C576200;BRBMEFCIJVE3;FINANCIAL;-;-;-;-;-;-;-;-;-;43,07;-;-;-;-;-;-;-
IDIJ27C576300;BRBMEFCIJVF0;FINANCIAL;-;-;-;-;-;-;-;-;-;41,66;-;-;-;-;-;-;-
IDIJ27C576400;BRBMEFCIJVG8;FINANCIAL;-;-;-;-;-;-;-;-;-;40,21;-;-;-;-;-;-;-
IDIJ27C576500;BRBMEFCIJVH6;FINANCIAL;-;-;-;-;-;-;-;-;-;38,85;-;-;-;-;-;-;-
IDIJ27C576600;BRBMEFCIJVI4;FINANCIAL;-;-;-;-;-;-;-;-;-;37,49;-;-;-;-;-;-;-
IDIJ27C576700;BRBMEFCIJVJ2;FINANCIAL;-;-;-;-;-;-;-;-;-;36,18;-;-;-;-;-;-;-
IDIJ27C576800;BRBMEFCIJVK0;FINANCIAL;-;-;-;-;-;-;-;-;-;34,9;-;-;-;-;-;-;-
IDIJ27C576900;BRBMEFCIJVL8;FINANCIAL;-;-;-;-;-;-;-;-;-;33,61;-;-;-;-;-;-;-
IDIJ27C577000;BRBMEFCIJVM6;FINANCIAL;-;-;-;-;-;-;-;-;-;32,33;-;-;-;-;-;-;-
IDIJ27C900000;BRBMEFCIJX67;FINANCIAL;-;-;-;-;-;-;-;-;-;0,01;-;-;-;-;-;-;-
IDIJ27P562700;BRBMEFVIJW32;FINANCIAL;-;-;-;-;-;-;-;-;-;14,23;-;-;-;-;-;-;-
IDIJ27P562800;BRBMEFVIJW40;FINANCIAL;-;-;-;-;-;-;-;-;-;14,47;-;-;-;-;-;-;-
IDIJ27P562900;BRBMEFVIJW57;FINANCIAL;-;-;-;-;-;-;-;-;-;14,73;-;-;-;-;-;-;-
IDIJ27P563000;BRBMEFVIJW65;FINANCIAL;-;-;-;-;-;-;-;-;-;14,98;-;-;-;-;-;-;-
IDIJ27P563100;BRBMEFVIJW73;FINANCIAL;-;-;-;-;-;-;-;-;-;15,24;-;-;-;-;-;-;-
IDIJ27P563200;BRBMEFVIJW81;FINANCIAL;-;-;-;-;-;-;-;-;-;15,53;-;-;-;-;-;-;-
IDIJ27P563300;BRBMEFVIJW99;FINANCIAL;-;-;-;-;-;-;-;-;-;15,81;-;-;-;-;-;-;-
IDIJ27P563400;BRBMEFVIJWA9;FINANCIAL;-;-;-;-;-;-;-;-;-;16,13;-;-;-;-;-;-;-
IDIJ27P563500;BRBMEFVIJWB7;FINANCIAL;-;-;-;-;-;-;-;-;-;16,46;-;-;-;-;-;-;-
IDIJ27P563600;BRBMEFVIJWC5;FINANCIAL;-;-;-;-;-;-;-;-;-;16,83;-;-;-;-;-;-;-
IDIJ27P563700;BRBMEFVIJWD3;FINANCIAL;-;-;-;-;-;-;-;-;-;17,2;-;-;-;-;-;-;-
IDIJ27P563800;BRBMEFVIJWE1;FINANCIAL;-;-;-;-;-;-;-;-;-;17,63;-;-;-;-;-;-;-
IDIJ27P563900;BRBMEFVIJWF8;FINANCIAL;-;-;-;-;-;-;-;-;-;18,06;-;-;-;-;-;-;-
IDIJ27P564000;BRBMEFVIJWG6;FINANCIAL;-;-;-;-;-;-;-;-;-;18,53;-;-;-;-;-;-;-
IDIJ27P564100;BRBMEFVIJWH4;FINANCIAL;-;-;-;-;-;-;-;-;-;19,06;-;-;-;-;-;-;-
IDIJ27P564200;BRBMEFVIJWI2;FINANCIAL;-;-;-;-;-;-;-;-;-;19,61;-;-;-;-;-;-;-
IDIJ27P564300;BRBMEFVIJWJ0;FINANCIAL;-;-;-;-;-;-;-;-;-;20,2;-;-;-;-;-;-;-
IDIJ27P564400;BRBMEFVIJWK8;FINANCIAL;-;-;-;-;-;-;-;-;-;20,82;-;-;-;-;-;-;-
IDIJ27P564500;BRBMEFVIJWL6;FINANCIAL;-;-;-;-;-;-;-;-;-;21,47;-;-;-;-;-;-;-
IDIJ27P564600;BRBMEFVIJTW9;FINANCIAL;-;-;-;-;-;-;-;-;-;22,19;-;-;-;-;-;-;-
IDIJ27P564700;BRBMEFVIJTX7;FINANCIAL;-;-;-;-;-;-;-;-;-;23,05;-;-;-;-;-;-;-
IDIJ27P564800;BRBMEFVIJTY5;FINANCIAL;-;-;-;-;-;-;-;-;-;24,02;-;-;-;-;-;-;-
IDIJ27P564900;BRBMEFVIJTZ2;FINANCIAL;-;-;-;-;-;-;-;-;-;25,15;-;-;-;-;-;-;-
IDIJ27P565000;BRBMEFVIJTQ1;FINANCIAL;-;-;-;-;-;-;-;-;-;26,49;-;-;-;-;-;-;-
IDIJ27P565100;BRBMEFVIJU00;FINANCIAL;-;-;-;-;-;-;-;-;-;28,08;-;-;-;-;-;-;-
IDIJ27P565200;BRBMEFVIJU18;FINANCIAL;-;-;-;-;-;-;-;-;-;30,01;-;-;-;-;-;-;-
IDIJ27P565300;BRBMEFVIJU26;FINANCIAL;-;-;-;-;-;-;-;-;-;32,53;-;-;-;-;-;-;-
IDIJ27P565400;BRBMEFVIJU34;FINANCIAL;-;-;-;-;-;-;-;-;-;35,45;-;-;-;-;-;-;-
IDIJ27P565500;BRBMEFVIJU42;FINANCIAL;-;-;-;-;-;-;-;-;-;38,53;-;-;-;-;-;-;-
IDIJ27P565600;BRBMEFVIJU59;FINANCIAL;-;-;-;-;-;-;-;-;-;42,81;-;-;-;-;-;-;-
IDIJ27P565700;BRBMEFVIJU67;FINANCIAL;-;-;-;-;-;-;-;-;-;46,62;-;-;-;-;-;-;-
IDIJ27P565800;BRBMEFVIJU75;FINANCIAL;-;-;-;-;-;-;-;-;-;51,1;-;-;-;-;-;-;-
IDIJ27P565900;BRBMEFVIJU83;FINANCIAL;-;-;-;-;-;-;-;-;-;55,93;-;-;-;-;-;-;-
IDIJ27P566000;BRBMEFVIJU91;FINANCIAL;-;-;-;-;-;-;-;-;-;61,7;-;-;-;-;-;-;-
IDIJ27P566100;BRBMEFVIJUA3;FINANCIAL;-;-;-;-;-;-;-;-;-;67,18;-;-;-;-;-;-;-
IDIJ27P566200;BRBMEFVIJUB1;FINANCIAL;-;-;-;-;-;-;-;-;-;73,57;-;-;-;-;-;-;-
IDIJ27P566300;BRBMEFVIJUC9;FINANCIAL;-;-;-;-;-;-;-;-;-;81,36;-;-;-;-;-;-;-
IDIJ27P566400;BRBMEFVIJUD7;FINANCIAL;-;-;-;-;-;-;-;-;-;89,77;-;-;-;-;-;-;-
IDIJ27P566500;BRBMEFVIJUE5;FINANCIAL;-;-;-;-;-;-;-;-;-;99,53;-;-;-;-;-;-;-
IDIJ27P566600;BRBMEFVIJUF2;FINANCIAL;-;-;-;-;-;-;-;-;-;110,43;-;-;-;-;-;-;-
IDIJ27P566700;BRBMEFVIJUG0;FINANCIAL;-;-;-;-;-;-;-;-;-;121,71;-;-;-;-;-;-;-
IDIJ27P566800;BRBMEFVIJUH8;FINANCIAL;-;-;-;-;-;-;-;-;-;133,52;-;-;-;-;-;-;-
IDIJ27P566900;BRBMEFVIJUI6;FINANCIAL;-;-;-;-;-;-;-;-;-;146,08;-;-;-;-;-;-;-
IDIJ27P567000;BRBMEFVIJUJ4;FINANCIAL;-;-;-;-;-;-;-;-;-;159,87;-;-;-;-;-;-;-
IDIJ27P567100;BRBMEFVIJUK2;FINANCIAL;-;-;-;-;-;-;-;-;-;175,67;-;-;-;-;-;-;-
IDIJ27P567200;BRBMEFVIJUL0;FINANCIAL;-;-;-;-;-;-;-;-;-;192,94;-;-;-;-;-;-;-
IDIJ27P567300;BRBMEFVIJUM8;FINANCIAL;-;-;-;-;-;-;-;-;-;211,89;-;-;-;-;-;-;-
IDIJ27P567400;BRBMEFVIJUN6;FINANCIAL;-;-;-;-;-;-;-;-;-;232,9;-;-;-;-;-;-;-
IDIJ27P567500;BRBMEFVIJTR9;FINANCIAL;-;-;-;-;-;-;-;-;-;256,11;-;-;-;-;-;-;-
IDIJ27P567600;BRBMEFVIJUO4;FINANCIAL;-;-;-;-;-;-;-;-;-;281,76;-;-;-;-;-;-;-
IDIJ27P567700;BRBMEFVIJUP1;FINANCIAL;-;-;-;-;-;-;-;-;-;309,26;-;-;-;-;-;-;-
IDIJ27P567800;BRBMEFVIJUQ9;FINANCIAL;-;-;-;-;-;-;-;-;-;337,41;-;-;-;-;-;-;-
IDIJ27P567900;BRBMEFVIJUR7;FINANCIAL;-;-;-;-;-;-;-;-;-;368,99;-;-;-;-;-;-;-
IDIJ27P568000;BRBMEFVIJUS5;FINANCIAL;-;-;-;-;-;-;-;-;-;403,2;-;-;-;-;-;-;-
IDIJ27P568100;BRBMEFVIJUT3;FINANCIAL;-;-;-;-;-;-;-;-;-;439,42;-;-;-;-;-;-;-
IDIJ27P568200;BRBMEFVIJUU1;FINANCIAL;-;-;-;-;-;-;-;-;-;476,33;-;-;-;-;-;-;-
IDIJ27P568300;BRBMEFVIJUV9;FINANCIAL;-;-;-;-;-;-;-;-;-;511,97;-;-;-;-;-;-;-
IDIJ27P568400;BRBMEFVIJUW7;FINANCIAL;-;-;-;-;-;-;-;-;-;550,38;-;-;-;-;-;-;-
IDIJ27P568500;BRBMEFVIJUX5;FINANCIAL;-;-;-;-;-;-;-;-;-;591,44;-;-;-;-;-;-;-
IDIJ27P568600;BRBMEFVIJUY3;FINANCIAL;-;-;-;-;-;-;-;-;-;634,28;-;-;-;-;-;-;-
IDIJ27P568700;BRBMEFVIJUZ0;FINANCIAL;-;-;-;-;-;-;-;-;-;680,51;-;-;-;-;-;-;-
IDIJ27P568800;BRBMEFVIJV09;FINANCIAL;-;-;-;-;-;-;-;-;-;738,99;-;-;-;-;-;-;-
IDIJ27P568900;BRBMEFVIJV17;FINANCIAL;-;-;-;-;-;-;-;-;-;794,24;-;-;-;-;-;-;-
IDIJ27P569000;BRBMEFVIJV25;FINANCIAL;-;-;-;-;-;-;-;-;-;838,75;-;-;-;-;-;-;-
IDIJ27P569100;BRBMEFVIJWM4;FINANCIAL;-;-;-;-;-;-;-;-;-;895,39;-;-;-;-;-;-;-
IDIJ27P569200;BRBMEFVIJWN2;FINANCIAL;-;-;-;-;-;-;-;-;-;952,57;-;-;-;-;-;-;-
IDIJ27P569300;BRBMEFVIJWO0;FINANCIAL;-;-;-;-;-;-;-;-;-;1010,41;-;-;-;-;-;-;-
IDIJ27P569400;BRBMEFVIJWP7;FINANCIAL;-;-;-;-;-;-;-;-;-;1069,77;-;-;-;-;-;-;-
IDIJ27P569500;BRBMEFVIJWQ5;FINANCIAL;-;-;-;-;-;-;-;-;-;1130,41;-;-;-;-;-;-;-
IDIJ27P569600;BRBMEFVIJWR3;FINANCIAL;-;-;-;-;-;-;-;-;-;1192,48;-;-;-;-;-;-;-
IDIJ27P569700;BRBMEFVIJWS1;FINANCIAL;-;-;-;-;-;-;-;-;-;1255,57;-;-;-;-;-;-;-
IDIJ27P569800;BRBMEFVIJWT9;FINANCIAL;-;-;-;-;-;-;-;-;-;1319,67;-;-;-;-;-;-;-
IDIJ27P569900;BRBMEFVIJWU7;FINANCIAL;-;-;-;-;-;-;-;-;-;1386,34;-;-;-;-;-;-;-
IDIJ27P570000;BRBMEFVIJTS7;FINANCIAL;-;-;-;-;-;-;-;-;-;1456,72;-;-;-;-;-;-;-
IDIJ27P570100;BRBMEFVIJWV5;FINANCIAL;-;-;-;-;-;-;-;-;-;1528,93;-;-;-;-;-;-;-
IDIJ27P570200;BRBMEFVIJWW3;FINANCIAL;-;-;-;-;-;-;-;-;-;1602,71;-;-;-;-;-;-;-
IDIJ27P570300;BRBMEFVIJWX1;FINANCIAL;-;-;-;-;-;-;-;-;-;1677,37;-;-;-;-;-;-;-
IDIJ27P570400;BRBMEFVIJWY9;FINANCIAL;-;-;-;-;-;-;-;-;-;1752,58;-;-;-;-;-;-;-
IDIJ27P570500;BRBMEFVIJWZ6;FINANCIAL;-;-;-;-;-;-;-;-;-;1826,89;-;-;-;-;-;-;-
IDIJ27P570600;BRBMEFVIJX07;FINANCIAL;-;-;-;-;-;-;-;-;-;1902,3;-;-;-;-;-;-;-
IDIJ27P570700;BRBMEFVIJX15;FINANCIAL;-;-;-;-;-;-;-;-;-;1979,99;-;-;-;-;-;-;-
IDIJ27P570800;BRBMEFVIJX23;FINANCIAL;-;-;-;-;-;-;-;-;-;2058,34;-;-;-;-;-;-;-
IDIJ27P570900;BRBMEFVIJX31;FINANCIAL;-;-;-;-;-;-;-;-;-;2135,51;-;-;-;-;-;-;-
IDIJ27P571000;BRBMEFVIJX49;FINANCIAL;-;-;-;-;-;-;-;-;-;2214,88;-;-;-;-;-;-;-
IDIJ27P571100;BRBMEFVIJX56;FINANCIAL;-;-;-;-;-;-;-;-;-;2295,31;-;-;-;-;-;-;-
IDIJ27P571200;BRBMEFVIJX72;FINANCIAL;-;-;-;-;-;-;-;-;-;2375,29;-;-;-;-;-;-;-
IDIJ27P571300;BRBMEFVIJX80;FINANCIAL;-;-;-;-;-;-;-;-;-;2456,16;-;-;-;-;-;-;-
IDIJ27P571400;BRBMEFVIJX98;FINANCIAL;-;-;-;-;-;-;-;-;-;2537,51;-;-;-;-;-;-;-
IDIJ27P571500;BRBMEFVIJXA7;FINANCIAL;-;-;-;-;-;-;-;-;-;2618,88;-;-;-;-;-;-;-
IDIJ27P571600;BRBMEFVIJXB5;FINANCIAL;-;-;-;-;-;-;-;-;-;2700,7;-;-;-;-;-;-;-
IDIJ27P571700;BRBMEFVIJXC3;FINANCIAL;-;-;-;-;-;-;-;-;-;2783,06;-;-;-;-;-;-;-
IDIJ27P571800;BRBMEFVIJXD1;FINANCIAL;-;-;-;-;-;-;-;-;-;2865,83;-;-;-;-;-;-;-
IDIJ27P571900;BRBMEFVIJXE9;FINANCIAL;-;-;-;-;-;-;-;-;-;2949,27;-;-;-;-;-;-;-
IDIJ27P572000;BRBMEFVIJXF6;FINANCIAL;-;-;-;-;-;-;-;-;-;3032,57;-;-;-;-;-;-;-
IDIJ27P572100;BRBMEFVIJXG4;FINANCIAL;-;-;-;-;-;-;-;-;-;3115,56;-;-;-;-;-;-;-
IDIJ27P572200;BRBMEFVIJXH2;FINANCIAL;-;-;-;-;-;-;-;-;-;3198,91;-;-;-;-;-;-;-
IDIJ27P572300;BRBMEFVIJXI0;FINANCIAL;-;-;-;-;-;-;-;-;-;3283,07;-;-;-;-;-;-;-
IDIJ27P572400;BRBMEFVIJXJ8;FINANCIAL;-;-;-;-;-;-;-;-;-;3367,79;-;-;-;-;-;-;-
IDIJ27P572500;BRBMEFVIJTT5;FINANCIAL;-;-;-;-;-;-;-;-;-;3452,88;-;-;-;-;-;-;-
IDIJ27P572600;BRBMEFVIJXK6;FINANCIAL;-;-;-;-;-;-;-;-;-;3538,15;-;-;-;-;-;-;-
IDIJ27P575000;BRBMEFVIJTU3;FINANCIAL;-;-;-;-;-;-;-;-;-;5633,97;-;-;-;-;-;-;-
IDIJ27P575100;BRBMEFVIJV33;FINANCIAL;-;-;-;-;-;-;-;-;-;5722,7;-;-;-;-;-;-;-
IDIJ27P575200;BRBMEFVIJV41;FINANCIAL;-;-;-;-;-;-;-;-;-;5811,47;-;-;-;-;-;-;-
IDIJ27P575300;BRBMEFVIJV58;FINANCIAL;-;-;-;-;-;-;-;-;-;5900,35;-;-;-;-;-;-;-
IDIJ27P575400;BRBMEFVIJV66;FINANCIAL;-;-;-;-;-;-;-;-;-;5989,23;-;-;-;-;-;-;-
IDIJ27P575500;BRBMEFVIJV74;FINANCIAL;-;-;-;-;-;-;-;-;-;6078,18;-;-;-;-;-;-;-
IDIJ27P575600;BRBMEFVIJV82;FINANCIAL;-;-;-;-;-;-;-;-;-;6167,23;-;-;-;-;-;-;-
IDIJ27P575700;BRBMEFVIJV90;FINANCIAL;-;-;-;-;-;-;-;-;-;6256,34;-;-;-;-;-;-;-
IDIJ27P575800;BRBMEFVIJVA1;FINANCIAL;-;-;-;-;-;-;-;-;-;6345,52;-;-;-;-;-;-;-
IDIJ27P575900;BRBMEFVIJVB9;FINANCIAL;-;-;-;-;-;-;-;-;-;6434,72;-;-;-;-;-;-;-
IDIJ27P576000;BRBMEFVIJVC7;FINANCIAL;-;-;-;-;-;-;-;-;-;6523,94;-;-;-;-;-;-;-
IDIJ27P576100;BRBMEFVIJVD5;FINANCIAL;-;-;-;-;-;-;-;-;-;6613,18;-;-;-;-;-;-;-
IDIJ27P576200;BRBMEFVIJVE3;FINANCIAL;-;-;-;-;-;-;-;-;-;6702,42;-;-;-;-;-;-;-
IDIJ27P576300;BRBMEFVIJVF0;FINANCIAL;-;-;-;-;-;-;-;-;-;6791,68;-;-;-;-;-;-;-
IDIJ27P576400;BRBMEFVIJVG8;FINANCIAL;-;-;-;-;-;-;-;-;-;6880,91;-;-;-;-;-;-;-
IDIJ27P576500;BRBMEFVIJVH6;FINANCIAL;-;-;-;-;-;-;-;-;-;6970,22;-;-;-;-;-;-;-
IDIJ27P576600;BRBMEFVIJVI4;FINANCIAL;-;-;-;-;-;-;-;-;-;7059,54;-;-;-;-;-;-;-
IDIJ27P576700;BRBMEFVIJVJ2;FINANCIAL;-;-;-;-;-;-;-;-;-;7148,9;-;-;-;-;-;-;-
IDIJ27P576800;BRBMEFVIJVK0;FINANCIAL;-;-;-;-;-;-;-;-;-;7238,3;-;-;-;-;-;-;-
IDIJ27P576900;BRBMEFVIJVL8;FINANCIAL;-;-;-;-;-;-;-;-;-;7327,69;-;-;-;-;-;-;-
IDIJ27P577000;BRBMEFVIJVM6;FINANCIAL;-;-;-;-;-;-;-;-;-;7417,09;-;-;-;-;-;-;-
IDIJ27P900000;BRBMEFVIJX64;FINANCIAL;-;-;-;-;-;-;-;-;-;300268,79;-;-;-;-;-;-;-
IDIK27C574300;BRBMEFCIK8O9;FINANCIAL;-;-;-;-;-;-;-;-;-;1342,87;-;-;-;-;-;-;-
IDIK27C574400;BRBMEFCIK8P6;FINANCIAL;-;-;-;-;-;-;-;-;-;1288,07;-;-;-;-;-;-;-
IDIK27C574500;BRBMEFCIK8Q4;FINANCIAL;-;-;-;-;-;-;-;-;-;1235,34;-;-;-;-;-;-;-
IDIK27C574600;BRBMEFCIK8R2;FINANCIAL;-;-;-;-;-;-;-;-;-;1186,36;-;-;-;-;-;-;-
IDIK27C574700;BRBMEFCIK8S0;FINANCIAL;-;-;-;-;-;-;-;-;-;1137,68;-;-;-;-;-;-;-
IDIK27C574800;BRBMEFCIK8T8;FINANCIAL;-;-;-;-;-;-;-;-;-;1090,01;-;-;-;-;-;-;-
IDIK27C574900;BRBMEFCIK8U6;FINANCIAL;-;-;-;-;-;-;-;-;-;1044,66;-;-;-;-;-;-;-
IDIK27C575000;BRBMEFCIK8V4;FINANCIAL;-;-;-;-;-;-;-;-;-;1006,67;-;-;-;-;-;-;-
IDIK27C575100;BRBMEFCIK8W2;FINANCIAL;-;-;-;-;-;-;-;-;-;978,69;-;-;-;-;-;-;-
IDIK27C575200;BRBMEFCIK8X0;FINANCIAL;-;-;-;-;-;-;-;-;-;936,12;-;-;-;-;-;-;-
IDIK27C575300;BRBMEFCIK8Y8;FINANCIAL;-;-;-;-;-;-;-;-;-;893;-;-;-;-;-;-;-
IDIK27C575400;BRBMEFCIK8Z5;FINANCIAL;-;-;-;-;-;-;-;-;-;856,23;-;-;-;-;-;-;-
IDIK27C575500;BRBMEFCIK906;FINANCIAL;-;-;-;-;-;-;-;-;-;823,33;-;-;-;-;-;-;-
IDIK27C575600;BRBMEFCIK914;FINANCIAL;-;-;-;-;-;-;-;-;-;790,17;-;-;-;-;-;-;-
IDIK27C575700;BRBMEFCIK922;FINANCIAL;-;-;-;-;-;-;-;-;-;758,21;-;-;-;-;-;-;-
IDIK27C575800;BRBMEFCIK930;FINANCIAL;-;-;-;-;-;-;-;-;-;727,25;-;-;-;-;-;-;-
IDIK27C575900;BRBMEFCIK948;FINANCIAL;-;-;-;-;-;-;-;-;-;697,25;-;-;-;-;-;-;-
IDIK27C576000;BRBMEFCIK955;FINANCIAL;-;-;-;-;-;-;-;-;-;668,18;-;-;-;-;-;-;-
IDIK27C576100;BRBMEFCIK963;FINANCIAL;-;-;-;-;-;-;-;-;-;640,21;-;-;-;-;-;-;-
IDIK27C576200;BRBMEFCIK971;FINANCIAL;-;-;-;-;-;-;-;-;-;613,47;-;-;-;-;-;-;-
IDIK27C576300;BRBMEFCIK989;FINANCIAL;-;-;-;-;-;-;-;-;-;587,41;-;-;-;-;-;-;-
IDIK27C576400;BRBMEFCIK997;FINANCIAL;-;-;-;-;-;-;-;-;-;562,7;-;-;-;-;-;-;-
IDIK27C576500;BRBMEFCIK9A6;FINANCIAL;-;-;-;-;-;-;-;-;-;540,63;-;-;-;-;-;-;-
IDIK27C576600;BRBMEFCIK9B4;FINANCIAL;-;-;-;-;-;-;-;-;-;520,61;-;-;-;-;-;-;-
IDIK27C576700;BRBMEFCIK9C2;FINANCIAL;-;-;-;-;-;-;-;-;-;501,57;-;-;-;-;-;-;-
IDIK27C576800;BRBMEFCIK9D0;FINANCIAL;-;-;-;-;-;-;-;-;-;483,47;-;-;-;-;-;-;-
IDIK27C576900;BRBMEFCIK9E8;FINANCIAL;-;-;-;-;-;-;-;-;-;467,06;-;-;-;-;-;-;-
IDIK27C577000;BRBMEFCIK9F5;FINANCIAL;-;-;-;-;-;-;-;-;-;451,33;-;-;-;-;-;-;-
IDIK27C577100;BRBMEFCIK9G3;FINANCIAL;-;-;-;-;-;-;-;-;-;435,8;-;-;-;-;-;-;-
IDIK27C577200;BRBMEFCIK9H1;FINANCIAL;-;-;-;-;-;-;-;-;-;419,7;-;-;-;-;-;-;-
IDIK27C577300;BRBMEFCIK9I9;FINANCIAL;-;-;-;-;-;-;-;-;-;403,66;-;-;-;-;-;-;-
IDIK27C577400;BRBMEFCIK9J7;FINANCIAL;-;-;-;-;-;-;-;-;-;389,43;-;-;-;-;-;-;-
IDIK27C577500;BRBMEFCIK9K5;FINANCIAL;-;-;-;-;-;-;-;-;-;376,92;-;-;-;-;-;-;-
IDIK27C577600;BRBMEFCIK9L3;FINANCIAL;-;-;-;-;-;-;-;-;-;364,08;-;-;-;-;-;-;-
IDIK27C577700;BRBMEFCIK9M1;FINANCIAL;-;-;-;-;-;-;-;-;-;350,53;-;-;-;-;-;-;-
IDIK27C577800;BRBMEFCIK9N9;FINANCIAL;-;-;-;-;-;-;-;-;-;338,46;-;-;-;-;-;-;-
IDIK27C577900;BRBMEFCIK9O7;FINANCIAL;-;-;-;-;-;-;-;-;-;327,54;-;-;-;-;-;-;-
IDIK27C578000;BRBMEFCIK9P4;FINANCIAL;-;-;-;-;-;-;-;-;-;317,44;-;-;-;-;-;-;-
IDIK27C578100;BRBMEFCIK9Q2;FINANCIAL;-;-;-;-;-;-;-;-;-;307,24;-;-;-;-;-;-;-
IDIK27C578200;BRBMEFCIK9R0;FINANCIAL;-;-;-;-;-;-;-;-;-;296,83;-;-;-;-;-;-;-
IDIK27C578300;BRBMEFCIK9S8;FINANCIAL;-;-;-;-;-;-;-;-;-;286,72;-;-;-;-;-;-;-
IDIK27C578400;BRBMEFCIK9T6;FINANCIAL;-;-;-;-;-;-;-;-;-;277,35;-;-;-;-;-;-;-
IDIK27C578500;BRBMEFCIK9U4;FINANCIAL;-;-;-;-;-;-;-;-;-;268,48;-;-;-;-;-;-;-
IDIK27C578600;BRBMEFCIK9V2;FINANCIAL;-;-;-;-;-;-;-;-;-;259,84;-;-;-;-;-;-;-
IDIK27C578700;BRBMEFCIK9W0;FINANCIAL;-;-;-;-;-;-;-;-;-;251,54;-;-;-;-;-;-;-
IDIK27C578800;BRBMEFCIK9X8;FINANCIAL;-;-;-;-;-;-;-;-;-;243,45;-;-;-;-;-;-;-
IDIK27C578900;BRBMEFCIK9Y6;FINANCIAL;-;-;-;-;-;-;-;-;-;235,57;-;-;-;-;-;-;-
IDIK27C579000;BRBMEFCIK9Z3;FINANCIAL;-;-;-;-;-;-;-;-;-;227,78;-;-;-;-;-;-;-
IDIK27C579100;BRBMEFCIKA04;FINANCIAL;-;-;-;-;-;-;-;-;-;220,2;-;-;-;-;-;-;-
IDIK27C579200;BRBMEFCIKA12;FINANCIAL;-;-;-;-;-;-;-;-;-;212,7;-;-;-;-;-;-;-
IDIK27C579300;BRBMEFCIKA20;FINANCIAL;-;-;-;-;-;-;-;-;-;205,5;-;-;-;-;-;-;-
IDIK27C579400;BRBMEFCIKA38;FINANCIAL;-;-;-;-;-;-;-;-;-;198,77;-;-;-;-;-;-;-
IDIK27C579500;BRBMEFCIKA46;FINANCIAL;-;-;-;-;-;-;-;-;-;192,48;-;-;-;-;-;-;-
IDIK27P574300;BRBMEFVIK8N8;FINANCIAL;-;-;-;-;-;-;-;-;-;602,04;-;-;-;-;-;-;-
IDIK27P574400;BRBMEFVIK8O6;FINANCIAL;-;-;-;-;-;-;-;-;-;636,93;-;-;-;-;-;-;-
IDIK27P574500;BRBMEFVIK8P3;FINANCIAL;-;-;-;-;-;-;-;-;-;673,89;-;-;-;-;-;-;-
IDIK27P574600;BRBMEFVIK8Q1;FINANCIAL;-;-;-;-;-;-;-;-;-;714,6;-;-;-;-;-;-;-
IDIK27P574700;BRBMEFVIK8R9;FINANCIAL;-;-;-;-;-;-;-;-;-;755,6;-;-;-;-;-;-;-
IDIK27P574800;BRBMEFVIK8S7;FINANCIAL;-;-;-;-;-;-;-;-;-;797,62;-;-;-;-;-;-;-
IDIK27P574900;BRBMEFVIK8T5;FINANCIAL;-;-;-;-;-;-;-;-;-;841,96;-;-;-;-;-;-;-
IDIK27P575000;BRBMEFVIK8U3;FINANCIAL;-;-;-;-;-;-;-;-;-;893,66;-;-;-;-;-;-;-
IDIK27P575100;BRBMEFVIK8V1;FINANCIAL;-;-;-;-;-;-;-;-;-;955,37;-;-;-;-;-;-;-
IDIK27P575200;BRBMEFVIK8W9;FINANCIAL;-;-;-;-;-;-;-;-;-;1002,48;-;-;-;-;-;-;-
IDIK27P575300;BRBMEFVIK8X7;FINANCIAL;-;-;-;-;-;-;-;-;-;1049,05;-;-;-;-;-;-;-
IDIK27P575400;BRBMEFVIK8Y5;FINANCIAL;-;-;-;-;-;-;-;-;-;1101,96;-;-;-;-;-;-;-
IDIK27P575500;BRBMEFVIK8Z2;FINANCIAL;-;-;-;-;-;-;-;-;-;1158,75;-;-;-;-;-;-;-
IDIK27P575600;BRBMEFVIK906;FINANCIAL;-;-;-;-;-;-;-;-;-;1215,28;-;-;-;-;-;-;-
IDIK27P575700;BRBMEFVIK914;FINANCIAL;-;-;-;-;-;-;-;-;-;1273,01;-;-;-;-;-;-;-
IDIK27P575800;BRBMEFVIK922;FINANCIAL;-;-;-;-;-;-;-;-;-;1331,73;-;-;-;-;-;-;-
IDIK27P575900;BRBMEFVIK930;FINANCIAL;-;-;-;-;-;-;-;-;-;1391,42;-;-;-;-;-;-;-
IDIK27P576000;BRBMEFVIK948;FINANCIAL;-;-;-;-;-;-;-;-;-;1452,04;-;-;-;-;-;-;-
IDIK27P576100;BRBMEFVIK955;FINANCIAL;-;-;-;-;-;-;-;-;-;1513,76;-;-;-;-;-;-;-
IDIK27P576200;BRBMEFVIK963;FINANCIAL;-;-;-;-;-;-;-;-;-;1576,71;-;-;-;-;-;-;-
IDIK27P576300;BRBMEFVIK971;FINANCIAL;-;-;-;-;-;-;-;-;-;1640,34;-;-;-;-;-;-;-
IDIK27P576400;BRBMEFVIK989;FINANCIAL;-;-;-;-;-;-;-;-;-;1705,31;-;-;-;-;-;-;-
IDIK27P576500;BRBMEFVIK997;FINANCIAL;-;-;-;-;-;-;-;-;-;1772,93;-;-;-;-;-;-;-
IDIK27P576600;BRBMEFVIK9A3;FINANCIAL;-;-;-;-;-;-;-;-;-;1842,6;-;-;-;-;-;-;-
IDIK27P576700;BRBMEFVIK9B1;FINANCIAL;-;-;-;-;-;-;-;-;-;1913,24;-;-;-;-;-;-;-
IDIK27P576800;BRBMEFVIK9C9;FINANCIAL;-;-;-;-;-;-;-;-;-;1984,83;-;-;-;-;-;-;-
IDIK27P576900;BRBMEFVIK9D7;FINANCIAL;-;-;-;-;-;-;-;-;-;2058,11;-;-;-;-;-;-;-
IDIK27P577000;BRBMEFVIK9E5;FINANCIAL;-;-;-;-;-;-;-;-;-;2132,07;-;-;-;-;-;-;-
IDIK27P577100;BRBMEFVIK9F2;FINANCIAL;-;-;-;-;-;-;-;-;-;2206,22;-;-;-;-;-;-;-
IDIK27P577200;BRBMEFVIK9G0;FINANCIAL;-;-;-;-;-;-;-;-;-;2279,81;-;-;-;-;-;-;-
IDIK27P577300;BRBMEFVIK9H8;FINANCIAL;-;-;-;-;-;-;-;-;-;2353,46;-;-;-;-;-;-;-
IDIK27P577400;BRBMEFVIK9I6;FINANCIAL;-;-;-;-;-;-;-;-;-;2428,92;-;-;-;-;-;-;-
IDIK27P577500;BRBMEFVIK9J4;FINANCIAL;-;-;-;-;-;-;-;-;-;2506,09;-;-;-;-;-;-;-
IDIK27P577600;BRBMEFVIK9K2;FINANCIAL;-;-;-;-;-;-;-;-;-;2582,94;-;-;-;-;-;-;-
IDIK27P577700;BRBMEFVIK9L0;FINANCIAL;-;-;-;-;-;-;-;-;-;2659,08;-;-;-;-;-;-;-
IDIK27P577800;BRBMEFVIK9M8;FINANCIAL;-;-;-;-;-;-;-;-;-;2736,7;-;-;-;-;-;-;-
IDIK27P577900;BRBMEFVIK9N6;FINANCIAL;-;-;-;-;-;-;-;-;-;2815,46;-;-;-;-;-;-;-
IDIK27P578000;BRBMEFVIK9O4;FINANCIAL;-;-;-;-;-;-;-;-;-;2895,05;-;-;-;-;-;-;-
IDIK27P578100;BRBMEFVIK9P1;FINANCIAL;-;-;-;-;-;-;-;-;-;2974,55;-;-;-;-;-;-;-
IDIK27P578200;BRBMEFVIK9Q9;FINANCIAL;-;-;-;-;-;-;-;-;-;3053,82;-;-;-;-;-;-;-
IDIK27P578300;BRBMEFVIK9R7;FINANCIAL;-;-;-;-;-;-;-;-;-;3133,39;-;-;-;-;-;-;-
IDIK27P578400;BRBMEFVIK9S5;FINANCIAL;-;-;-;-;-;-;-;-;-;3213,72;-;-;-;-;-;-;-
IDIK27P578500;BRBMEFVIK9T3;FINANCIAL;-;-;-;-;-;-;-;-;-;3294,53;-;-;-;-;-;-;-
IDIK27P578600;BRBMEFVIK9U1;FINANCIAL;-;-;-;-;-;-;-;-;-;3375,58;-;-;-;-;-;-;-
IDIK27P578700;BRBMEFVIK9V9;FINANCIAL;-;-;-;-;-;-;-;-;-;3456,96;-;-;-;-;-;-;-
IDIK27P578800;BRBMEFVIK9W7;FINANCIAL;-;-;-;-;-;-;-;-;-;3538,56;-;-;-;-;-;-;-
IDIK27P578900;BRBMEFVIK9X5;FINANCIAL;-;-;-;-;-;-;-;-;-;3620,37;-;-;-;-;-;-;-
IDIK27P579000;BRBMEFVIK9Y3;FINANCIAL;-;-;-;-;-;-;-;-;-;3702,27;-;-;-;-;-;-;-
IDIK27P579100;BRBMEFVIK9Z0;FINANCIAL;-;-;-;-;-;-;-;-;-;3784,37;-;-;-;-;-;-;-
IDIK27P579200;BRBMEFVIKA01;FINANCIAL;-;-;-;-;-;-;-;-;-;3866,57;-;-;-;-;-;-;-
IDIK27P579300;BRBMEFVIKA19;FINANCIAL;-;-;-;-;-;-;-;-;-;3949,05;-;-;-;-;-;-;-
IDIK27P579400;BRBMEFVIKA27;FINANCIAL;-;-;-;-;-;-;-;-;-;4032,01;-;-;-;-;-;-;-
IDIK27P579500;BRBMEFVIKA35;FINANCIAL;-;-;-;-;-;-;-;-;-;4115,41;-;-;-;-;-;-;-
IDIM27C584000;BRBMEFCIMA77;FINANCIAL;-;-;-;-;-;-;-;-;-;453,71;-;-;-;-;-;-;-
IDIM27C584100;BRBMEFCIMA85;FINANCIAL;-;-;-;-;-;-;-;-;-;440,49;-;-;-;-;-;-;-
IDIM27C584200;BRBMEFCIMA93;FINANCIAL;-;-;-;-;-;-;-;-;-;426,98;-;-;-;-;-;-;-
IDIM27C584300;BRBMEFCIMAA9;FINANCIAL;-;-;-;-;-;-;-;-;-;414,07;-;-;-;-;-;-;-
IDIM27C584400;BRBMEFCIMAB7;FINANCIAL;-;-;-;-;-;-;-;-;-;402,57;-;-;-;-;-;-;-
IDIM27C584500;BRBMEFCIMAC5;FINANCIAL;-;-;-;-;-;-;-;-;-;391,86;-;-;-;-;-;-;-
IDIM27C584600;BRBMEFCIMAD3;FINANCIAL;-;-;-;-;-;-;-;-;-;380,96;-;-;-;-;-;-;-
IDIM27C584700;BRBMEFCIMAE1;FINANCIAL;-;-;-;-;-;-;-;-;-;370,43;-;-;-;-;-;-;-
IDIM27C584800;BRBMEFCIMAF8;FINANCIAL;-;-;-;-;-;-;-;-;-;360,25;-;-;-;-;-;-;-
IDIM27C584900;BRBMEFCIMAG6;FINANCIAL;-;-;-;-;-;-;-;-;-;350,27;-;-;-;-;-;-;-
IDIM27C585000;BRBMEFCIMAH4;FINANCIAL;-;-;-;-;-;-;-;-;-;340,5;-;-;-;-;-;-;-
IDIM27C585100;BRBMEFCIMAI2;FINANCIAL;-;-;-;-;-;-;-;-;-;330,92;-;-;-;-;-;-;-
IDIM27C585200;BRBMEFCIMAJ0;FINANCIAL;-;-;-;-;-;-;-;-;-;321,41;-;-;-;-;-;-;-
IDIM27C585300;BRBMEFCIMAK8;FINANCIAL;-;-;-;-;-;-;-;-;-;312,33;-;-;-;-;-;-;-
IDIM27C585400;BRBMEFCIMAL6;FINANCIAL;-;-;-;-;-;-;-;-;-;303,78;-;-;-;-;-;-;-
IDIM27C585500;BRBMEFCIMAM4;FINANCIAL;-;-;-;-;-;-;-;-;-;295,75;-;-;-;-;-;-;-
IDIM27C585600;BRBMEFCIMAN2;FINANCIAL;-;-;-;-;-;-;-;-;-;287,63;-;-;-;-;-;-;-
IDIM27C585700;BRBMEFCIMAO0;FINANCIAL;-;-;-;-;-;-;-;-;-;279,77;-;-;-;-;-;-;-
IDIM27C585800;BRBMEFCIMAP7;FINANCIAL;-;-;-;-;-;-;-;-;-;271,95;-;-;-;-;-;-;-
IDIM27C585900;BRBMEFCIMAQ5;FINANCIAL;-;-;-;-;-;-;-;-;-;264,16;-;-;-;-;-;-;-
IDIM27C586000;BRBMEFCIMAR3;FINANCIAL;-;-;-;-;-;-;-;-;-;256,52;-;-;-;-;-;-;-
IDIM27C586100;BRBMEFCIMAS1;FINANCIAL;-;-;-;-;-;-;-;-;-;249,03;-;-;-;-;-;-;-
IDIM27P584000;BRBMEFVIMA74;FINANCIAL;-;-;-;-;-;-;-;-;-;3010,52;-;-;-;-;-;-;-
IDIM27P584100;BRBMEFVIMA82;FINANCIAL;-;-;-;-;-;-;-;-;-;3086,05;-;-;-;-;-;-;-
IDIM27P584200;BRBMEFVIMA90;FINANCIAL;-;-;-;-;-;-;-;-;-;3161,31;-;-;-;-;-;-;-
IDIM27P584300;BRBMEFVIMAA9;FINANCIAL;-;-;-;-;-;-;-;-;-;3237,16;-;-;-;-;-;-;-
IDIM27P584400;BRBMEFVIMAB7;FINANCIAL;-;-;-;-;-;-;-;-;-;3314,42;-;-;-;-;-;-;-
IDIM27P584500;BRBMEFVIMAC5;FINANCIAL;-;-;-;-;-;-;-;-;-;3392,47;-;-;-;-;-;-;-
IDIM27P584600;BRBMEFVIMAD3;FINANCIAL;-;-;-;-;-;-;-;-;-;3470,34;-;-;-;-;-;-;-
IDIM27P584700;BRBMEFVIMAE1;FINANCIAL;-;-;-;-;-;-;-;-;-;3548,57;-;-;-;-;-;-;-
IDIM27P584800;BRBMEFVIMAF8;FINANCIAL;-;-;-;-;-;-;-;-;-;3627,15;-;-;-;-;-;-;-
IDIM27P584900;BRBMEFVIMAG6;FINANCIAL;-;-;-;-;-;-;-;-;-;3705,94;-;-;-;-;-;-;-
IDIM27P585000;BRBMEFVIMAH4;FINANCIAL;-;-;-;-;-;-;-;-;-;3784,93;-;-;-;-;-;-;-
IDIM27P585100;BRBMEFVIMAI2;FINANCIAL;-;-;-;-;-;-;-;-;-;3864,11;-;-;-;-;-;-;-
IDIM27P585200;BRBMEFVIMAJ0;FINANCIAL;-;-;-;-;-;-;-;-;-;3943,36;-;-;-;-;-;-;-
IDIM27P585300;BRBMEFVIMAK8;FINANCIAL;-;-;-;-;-;-;-;-;-;4023,05;-;-;-;-;-;-;-
IDIM27P585400;BRBMEFVIMAL6;FINANCIAL;-;-;-;-;-;-;-;-;-;4103,26;-;-;-;-;-;-;-
IDIM27P585500;BRBMEFVIMAM4;FINANCIAL;-;-;-;-;-;-;-;-;-;4183,99;-;-;-;-;-;-;-
IDIM27P585600;BRBMEFVIMAN2;FINANCIAL;-;-;-;-;-;-;-;-;-;4264,63;-;-;-;-;-;-;-
IDIM27P585700;BRBMEFVIMAO0;FINANCIAL;-;-;-;-;-;-;-;-;-;4345,54;-;-;-;-;-;-;-
IDIM27P585800;BRBMEFVIMAP7;FINANCIAL;-;-;-;-;-;-;-;-;-;4426,48;-;-;-;-;-;-;-
IDIM27P585900;BRBMEFVIMAQ5;FINANCIAL;-;-;-;-;-;-;-;-;-;4507,46;-;-;-;-;-;-;-
IDIM27P586000;BRBMEFVIMAR3;FINANCIAL;-;-;-;-;-;-;-;-;-;4588,58;-;-;-;-;-;-;-
IDIM27P586100;BRBMEFVIMAS1;FINANCIAL;-;-;-;-;-;-;-;-;-;4669,85;-;-;-;-;-;-;-
IDIN26C499500;BRBMEFCICEQ8;FINANCIAL;-;-;-;-;-;-;-;-;-;16579,01;-;-;-;-;-;-;-
IDIN26C500000;BRBMEFCICER6;FINANCIAL;-;-;-;-;-;-;-;-;-;16079,28;-;-;-;-;-;-;-
IDIN26C500500;BRBMEFCICES4;FINANCIAL;-;-;-;-;-;-;-;-;-;15579,54;-;-;-;-;-;-;-
IDIN26C501000;BRBMEFCICET2;FINANCIAL;-;-;-;-;-;-;-;-;-;15079,8;-;-;-;-;-;-;-
IDIN26C501500;BRBMEFCICEU0;FINANCIAL;-;-;-;-;-;-;-;-;-;14580,06;-;-;-;-;-;-;-
IDIN26C502000;BRBMEFCICEV8;FINANCIAL;-;-;-;-;-;-;-;-;-;14080,33;-;-;-;-;-;-;-
IDIN26C502500;BRBMEFCICEW6;FINANCIAL;-;-;-;-;-;-;-;-;-;13580,59;-;-;-;-;-;-;-
IDIN26C503000;BRBMEFCICEX4;FINANCIAL;-;-;-;-;-;-;-;-;-;13080,85;-;-;-;-;-;-;-
IDIN26C503500;BRBMEFCICEY2;FINANCIAL;-;-;-;-;-;-;-;-;-;12581,11;-;-;-;-;-;-;-
IDIN26C504000;BRBMEFCICEZ9;FINANCIAL;-;-;-;-;-;-;-;-;-;12081,38;-;-;-;-;-;-;-
IDIN26C504500;BRBMEFCICF09;FINANCIAL;-;-;-;-;-;-;-;-;-;11581,64;-;-;-;-;-;-;-
IDIN26C505000;BRBMEFCICF17;FINANCIAL;-;-;-;-;-;-;-;-;-;11081,9;-;-;-;-;-;-;-
IDIN26C505500;BRBMEFCICF25;FINANCIAL;-;-;-;-;-;-;-;-;-;10582,16;-;-;-;-;-;-;-
IDIN26C506000;BRBMEFCICF33;FINANCIAL;-;-;-;-;-;-;-;-;-;10082,43;-;-;-;-;-;-;-
IDIN26C506500;BRBMEFCICF41;FINANCIAL;-;-;-;-;-;-;-;-;-;9582,69;-;-;-;-;-;-;-
IDIN26C507000;BRBMEFCICF58;FINANCIAL;-;-;-;-;-;-;-;-;-;9082,95;-;-;-;-;-;-;-
IDIN26C507500;BRBMEFCICF66;FINANCIAL;-;-;-;-;-;-;-;-;-;8583,21;-;-;-;-;-;-;-
IDIN26C508000;BRBMEFCICF74;FINANCIAL;-;-;-;-;-;-;-;-;-;8083,48;-;-;-;-;-;-;-
IDIN26C508500;BRBMEFCICF82;FINANCIAL;-;-;-;-;-;-;-;-;-;7583,74;-;-;-;-;-;-;-
IDIN26C509000;BRBMEFCICF90;FINANCIAL;-;-;-;-;-;-;-;-;-;7084;-;-;-;-;-;-;-
IDIN26C509500;BRBMEFCICFA9;FINANCIAL;-;-;-;-;-;-;-;-;-;6584,26;-;-;-;-;-;-;-
IDIN26C510000;BRBMEFCICFB7;FINANCIAL;-;-;-;-;-;-;-;-;-;6084,53;-;-;-;-;-;-;-
IDIN26C510500;BRBMEFCICFC5;FINANCIAL;-;-;-;-;-;-;-;-;-;5584,79;-;-;-;-;-;-;-
IDIN26C510600;BRBMEFCICG73;FINANCIAL;-;-;-;-;-;-;-;-;-;5484,84;-;-;-;-;-;-;-
IDIN26C510700;BRBMEFCICG81;FINANCIAL;-;-;-;-;-;-;-;-;-;5384,89;-;-;-;-;-;-;-
IDIN26C510800;BRBMEFCICG99;FINANCIAL;-;-;-;-;-;-;-;-;-;5284,95;-;-;-;-;-;-;-
IDIN26C510900;BRBMEFCICGA7;FINANCIAL;-;-;-;-;-;-;-;-;-;5185;-;-;-;-;-;-;-
IDIN26C511000;BRBMEFCICFD3;FINANCIAL;-;-;-;-;-;-;-;-;-;5085,05;-;-;-;-;-;-;-
IDIN26C511100;BRBMEFCICGB5;FINANCIAL;-;-;-;-;-;-;-;-;-;4985,1;-;-;-;-;-;-;-
IDIN26C511200;BRBMEFCICGC3;FINANCIAL;-;-;-;-;-;-;-;-;-;4885,16;-;-;-;-;-;-;-
IDIN26C511300;BRBMEFCICGD1;FINANCIAL;-;-;-;-;-;-;-;-;-;4785,21;-;-;-;-;-;-;-
IDIN26C511400;BRBMEFCICGE9;FINANCIAL;-;-;-;-;-;-;-;-;-;4685,26;-;-;-;-;-;-;-
IDIN26C511500;BRBMEFCICFE1;FINANCIAL;-;-;-;-;-;-;-;-;-;4585,31;-;-;-;-;-;-;-
IDIN26C511600;BRBMEFCICGF6;FINANCIAL;-;-;-;-;-;-;-;-;-;4485,37;-;-;-;-;-;-;-
IDIN26C511700;BRBMEFCICGG4;FINANCIAL;-;-;-;-;-;-;-;-;-;4385,42;-;-;-;-;-;-;-
IDIN26C511800;BRBMEFCICGH2;FINANCIAL;-;-;-;-;-;-;-;-;-;4285,47;-;-;-;-;-;-;-
IDIN26C511900;BRBMEFCICGI0;FINANCIAL;-;-;-;-;-;-;-;-;-;4185,52;-;-;-;-;-;-;-
IDIN26C512000;BRBMEFCICFF8;FINANCIAL;-;-;-;-;-;-;-;-;-;4085,58;-;-;-;-;-;-;-
IDIN26C512100;BRBMEFCICGJ8;FINANCIAL;-;-;-;-;-;-;-;-;-;3985,63;-;-;-;-;-;-;-
IDIN26C512200;BRBMEFCICGK6;FINANCIAL;-;-;-;-;-;-;-;-;-;3885,68;-;-;-;-;-;-;-
IDIN26C512300;BRBMEFCICGL4;FINANCIAL;-;-;-;-;-;-;-;-;-;3785,73;-;-;-;-;-;-;-
IDIN26C512400;BRBMEFCICGM2;FINANCIAL;-;-;-;-;-;-;-;-;-;3685,79;-;-;-;-;-;-;-
IDIN26C512500;BRBMEFCICFG6;FINANCIAL;-;-;-;-;-;-;-;-;-;3585,84;-;-;-;-;-;-;-
IDIN26C512600;BRBMEFCICGN0;FINANCIAL;-;-;-;-;-;-;-;-;-;3485,89;-;-;-;-;-;-;-
IDIN26C512700;BRBMEFCICGO8;FINANCIAL;-;-;-;-;-;-;-;-;-;3385,94;-;-;-;-;-;-;-
IDIN26C512800;BRBMEFCICGP5;FINANCIAL;-;-;-;-;-;-;-;-;-;3286;-;-;-;-;-;-;-
IDIN26C512900;BRBMEFCICGQ3;FINANCIAL;-;-;-;-;-;-;-;-;-;3186,05;-;-;-;-;-;-;-
IDIN26C513000;BRBMEFCICFH4;FINANCIAL;-;-;-;-;-;-;-;-;-;3086,1;-;-;-;-;-;-;-
IDIN26C513100;BRBMEFCICGR1;FINANCIAL;-;-;-;-;-;-;-;-;-;2986,15;-;-;-;-;-;-;-
IDIN26C513200;BRBMEFCICGS9;FINANCIAL;-;-;-;-;-;-;-;-;-;2886,21;-;-;-;-;-;-;-
IDIN26C513300;BRBMEFCICGT7;FINANCIAL;-;-;-;-;-;-;-;-;-;2786,26;-;-;-;-;-;-;-
IDIN26C513400;BRBMEFCICGU5;FINANCIAL;-;-;-;-;-;-;-;-;-;2686,31;-;-;-;-;-;-;-
IDIN26C513500;BRBMEFCICFI2;FINANCIAL;-;-;-;-;-;-;-;-;-;2586,36;-;-;-;-;-;-;-
IDIN26C513600;BRBMEFCICGV3;FINANCIAL;-;-;-;-;-;-;-;-;-;2486,42;-;-;-;-;-;-;-
IDIN26C513700;BRBMEFCICGW1;FINANCIAL;-;-;-;-;-;-;-;-;-;2386,47;-;-;-;-;-;-;-
IDIN26C513800;BRBMEFCICGX9;FINANCIAL;-;-;-;-;-;-;-;-;-;2286,52;-;-;-;-;-;-;-
IDIN26C513900;BRBMEFCICGY7;FINANCIAL;-;-;-;-;-;-;-;-;-;2186,57;-;-;-;-;-;-;-
IDIN26C514000;BRBMEFCICFJ0;FINANCIAL;-;-;-;-;-;-;-;-;-;2086,63;-;-;-;-;-;-;-
IDIN26C514100;BRBMEFCICGZ4;FINANCIAL;-;-;-;-;-;-;-;-;-;1986,68;-;-;-;-;-;-;-
IDIN26C514200;BRBMEFCICH07;FINANCIAL;-;-;-;-;-;-;-;-;-;1886,73;-;-;-;-;-;-;-
IDIN26C514300;BRBMEFCICH15;FINANCIAL;-;-;-;-;-;-;-;-;-;1786,78;-;-;-;-;-;-;-
IDIN26C514400;BRBMEFCICH23;FINANCIAL;-;-;-;-;-;-;-;-;-;1686,84;-;-;-;-;-;-;-
IDIN26C514500;BRBMEFCICFK8;FINANCIAL;-;-;-;-;-;-;-;-;-;1586,89;-;-;-;-;-;-;-
IDIN26C514600;BRBMEFCICH31;FINANCIAL;-;-;-;-;-;-;-;-;-;1486,94;-;-;-;-;-;-;-
IDIN26C514700;BRBMEFCICH49;FINANCIAL;-;-;-;-;-;-;-;-;-;1386,99;-;-;-;-;-;-;-
IDIN26C514800;BRBMEFCICH56;FINANCIAL;-;-;-;-;-;-;-;-;-;1287,05;-;-;-;-;-;-;-
IDIN26C514900;BRBMEFCICH64;FINANCIAL;-;-;-;-;-;-;-;-;-;1187,1;-;-;-;-;-;-;-
IDIN26C515000;BRBMEFCICFL6;FINANCIAL;-;-;-;-;-;-;-;-;-;1087,15;-;-;-;-;-;-;-
IDIN26C515100;BRBMEFCICH72;FINANCIAL;-;-;-;-;-;-;-;-;-;987,2;-;-;-;-;-;-;-
IDIN26C515200;BRBMEFCICH80;FINANCIAL;-;-;-;-;-;-;-;-;-;887,26;-;-;-;-;-;-;-
IDIN26C515300;BRBMEFCICH98;FINANCIAL;-;-;-;-;-;-;-;-;-;787,31;-;-;-;-;-;-;-
IDIN26C515400;BRBMEFCICHA5;FINANCIAL;-;-;-;-;-;-;-;-;-;687,36;-;-;-;-;-;-;-
IDIN26C515500;BRBMEFCICFM4;FINANCIAL;-;-;-;-;-;-;-;-;-;587,41;-;-;-;-;-;-;-
IDIN26C515600;BRBMEFCICHB3;FINANCIAL;-;-;-;-;-;-;-;-;-;487,47;-;-;-;-;-;-;-
IDIN26C515700;BRBMEFCICHC1;FINANCIAL;-;-;-;-;-;-;-;-;-;387,52;-;-;-;-;-;-;-
IDIN26C515800;BRBMEFCICHD9;FINANCIAL;-;-;-;-;-;-;-;-;-;287,57;-;-;-;-;-;-;-
IDIN26C515900;BRBMEFCICHE7;FINANCIAL;-;-;-;-;-;-;-;-;-;187,62;-;-;-;-;-;-;-
IDIN26C516000;BRBMEFCICFN2;FINANCIAL;-;-;-;-;-;-;-;-;-;87,68;-;-;-;-;-;-;-
IDIN26C516100;BRBMEFCICHF4;FINANCIAL;-;-;-;-;-;-;-;-;-;0,01;-;-;-;-;-;-;-
IDIN26C516200;BRBMEFCICHG2;FINANCIAL;-;-;-;-;-;-;-;-;-;0,01;-;-;-;-;-;-;-
IDIN26C516300;BRBMEFCICHH0;FINANCIAL;-;-;-;-;-;-;-;-;-;0,01;-;-;-;-;-;-;-
IDIN26C516400;BRBMEFCICHI8;FINANCIAL;-;-;-;-;-;-;-;-;-;0,01;-;-;-;-;-;-;-
IDIN26C516500;BRBMEFCICFO0;FINANCIAL;-;-;-;-;-;-;-;-;-;0,01;-;-;-;-;-;-;-
IDIN26C516600;BRBMEFCICHJ6;FINANCIAL;-;-;-;-;-;-;-;-;-;0,01;-;-;-;-;-;-;-
IDIN26C516700;BRBMEFCICHK4;FINANCIAL;-;-;-;-;-;-;-;-;-;0,01;-;-;-;-;-;-;-
IDIN26C516800;BRBMEFCICHL2;FINANCIAL;-;-;-;-;-;-;-;-;-;0,01;-;-;-;-;-;-;-
IDIN26C516900;BRBMEFCICHM0;FINANCIAL;-;-;-;-;-;-;-;-;-;0,01;-;-;-;-;-;-;-
IDIN26C517000;BRBMEFCICFP7;FINANCIAL;-;-;-;-;-;-;-;-;-;0,01;-;-;-;-;-;-;-
IDIN26C517100;BRBMEFCICHN8;FINANCIAL;-;-;-;-;-;-;-;-;-;0,01;-;-;-;-;-;-;-
IDIN26C517200;BRBMEFCICHO6;FINANCIAL;-;-;-;-;-;-;-;-;-;0,01;-;-;-;-;-;-;-
IDIN26C517300;BRBMEFCICHP3;FINANCIAL;-;-;-;-;-;-;-;-;-;0,01;-;-;-;-;-;-;-
IDIN26C517400;BRBMEFCICHQ1;FINANCIAL;-;-;-;-;-;-;-;-;-;0,01;-;-;-;-;-;-;-
IDIN26C517500;BRBMEFCICFQ5;FINANCIAL;-;-;-;-;-;-;-;-;-;0,01;-;-;-;-;-;-;-
IDIN26C517600;BRBMEFCICHR9;FINANCIAL;-;-;-;-;-;-;-;-;-;0,01;-;-;-;-;-;-;-
IDIN26C517700;BRBMEFCICHS7;FINANCIAL;-;-;-;-;-;-;-;-;-;0,01;-;-;-;-;-;-;-
IDIN26C517800;BRBMEFCICHT5;FINANCIAL;-;-;-;-;-;-;-;-;-;0,01;-;-;-;-;-;-;-
IDIN26C518000;BRBMEFCICFR3;FINANCIAL;-;-;-;-;-;-;-;-;-;0,01;-;-;-;-;-;-;-
IDIN26C518500;BRBMEFCICFS1;FINANCIAL;-;-;-;-;-;-;-;-;-;0,01;-;-;-;-;-;-;-
IDIN26C518800;BRBMEFCICK44;FINANCIAL;-;-;-;-;-;-;-;-;-;0,01;-;-;-;-;-;-;-
IDIN26C519000;BRBMEFCICFT9;FINANCIAL;-;-;-;-;-;-;-;-;-;0,01;-;-;-;-;-;-;-
IDIN26C519100;BRBMEFCICJ96;FINANCIAL;-;-;-;-;-;-;-;-;-;0,01;-;-;-;-;-;-;-
IDIN26C519500;BRBMEFCICFU7;FINANCIAL;-;-;-;-;-;-;-;-;-;0,01;-;-;-;-;-;-;-
IDIN26C520000;BRBMEFCICFV5;FINANCIAL;-;-;-;-;-;-;-;-;-;0,01;-;-;-;-;-;-;-
IDIN26C520500;BRBMEFCICFW3;FINANCIAL;-;-;-;-;-;-;-;-;-;0,01;-;-;-;-;-;-;-
IDIN26C521000;BRBMEFCICFX1;FINANCIAL;-;-;-;-;-;-;-;-;-;0,01;-;-;-;-;-;-;-
IDIN26C521500;BRBMEFCICFY9;FINANCIAL;-;-;-;-;-;-;-;-;-;0,01;-;-;-;-;-;-;-
IDIN26C522000;BRBMEFCICFZ6;FINANCIAL;-;-;-;-;-;-;-;-;-;0,01;-;-;-;-;-;-;-
IDIN26C522500;BRBMEFCICG08;FINANCIAL;-;-;-;-;-;-;-;-;-;0,01;-;-;-;-;-;-;-
IDIN26C523000;BRBMEFCICG16;FINANCIAL;-;-;-;-;-;-;-;-;-;0,01;-;-;-;-;-;-;-
IDIN26C523500;BRBMEFCICG24;FINANCIAL;-;-;-;-;-;-;-;-;-;0,01;-;-;-;-;-;-;-
IDIN26C524000;BRBMEFCICG32;FINANCIAL;-;-;-;-;-;-;-;-;-;0,01;-;-;-;-;-;-;-
IDIN26C525000;BRBMEFCICG40;FINANCIAL;-;-;-;-;-;-;-;-;-;0,01;-;-;-;-;-;-;-
IDIN26C526000;BRBMEFCICG57;FINANCIAL;-;-;-;-;-;-;-;-;-;0,01;-;-;-;-;-;-;-
IDIN26C527000;BRBMEFCICG65;FINANCIAL;-;-;-;-;-;-;-;-;-;0,01;-;-;-;-;-;-;-
IDIN26C900000;BRBMEFCICJB9;FINANCIAL;-;-;-;-;-;-;-;-;-;0,01;-;-;-;-;-;-;-
IDIN26P499500;BRBMEFVI2EQ9;FINANCIAL;-;-;-;-;-;-;-;-;-;0,01;-;-;-;-;-;-;-
IDIN26P500000;BRBMEFVI2ER7;FINANCIAL;-;-;-;-;-;-;-;-;-;0,01;-;-;-;-;-;-;-
IDIN26P500500;BRBMEFVI2ES5;FINANCIAL;-;-;-;-;-;-;-;-;-;0,01;-;-;-;-;-;-;-
IDIN26P501000;BRBMEFVI2ET3;FINANCIAL;-;-;-;-;-;-;-;-;-;0,01;-;-;-;-;-;-;-
IDIN26P501500;BRBMEFVI2EU1;FINANCIAL;-;-;-;-;-;-;-;-;-;0,01;-;-;-;-;-;-;-
IDIN26P502000;BRBMEFVI2EV9;FINANCIAL;-;-;-;-;-;-;-;-;-;0,01;-;-;-;-;-;-;-
IDIN26P502500;BRBMEFVI2EW7;FINANCIAL;-;-;-;-;-;-;-;-;-;0,01;-;-;-;-;-;-;-
IDIN26P503000;BRBMEFVI2EX5;FINANCIAL;-;-;-;-;-;-;-;-;-;0,01;-;-;-;-;-;-;-
IDIN26P503500;BRBMEFVI2EY3;FINANCIAL;-;-;-;-;-;-;-;-;-;0,01;-;-;-;-;-;-;-
IDIN26P504000;BRBMEFVI2EZ0;FINANCIAL;-;-;-;-;-;-;-;-;-;0,01;-;-;-;-;-;-;-
IDIN26P504500;BRBMEFVI2F08;FINANCIAL;-;-;-;-;-;-;-;-;-;0,01;-;-;-;-;-;-;-
IDIN26P505000;BRBMEFVI2F16;FINANCIAL;-;-;-;-;-;-;-;-;-;0,01;-;-;-;-;-;-;-
IDIN26P505500;BRBMEFVI2F24;FINANCIAL;-;-;-;-;-;-;-;-;-;0,01;-;-;-;-;-;-;-
IDIN26P506000;BRBMEFVI2F32;FINANCIAL;-;-;-;-;-;-;-;-;-;0,01;-;-;-;-;-;-;-
IDIN26P506500;BRBMEFVI2F40;FINANCIAL;-;-;-;-;-;-;-;-;-;0,01;-;-;-;-;-;-;-
IDIN26P507000;BRBMEFVI2F57;FINANCIAL;-;-;-;-;-;-;-;-;-;0,01;-;-;-;-;-;-;-
IDIN26P507500;BRBMEFVI2F65;FINANCIAL;-;-;-;-;-;-;-;-;-;0,01;-;-;-;-;-;-;-
IDIN26P508000;BRBMEFVI2F73;FINANCIAL;-;-;-;-;-;-;-;-;-;0,01;-;-;-;-;-;-;-
IDIN26P508500;BRBMEFVI2F81;FINANCIAL;-;-;-;-;-;-;-;-;-;0,01;-;-;-;-;-;-;-
IDIN26P509000;BRBMEFVI2F99;FINANCIAL;-;-;-;-;-;-;-;-;-;0,01;-;-;-;-;-;-;-
IDIN26P509500;BRBMEFVI2FA0;FINANCIAL;-;-;-;-;-;-;-;-;-;0,01;-;-;-;-;-;-;-
IDIN26P510000;BRBMEFVI2FB8;FINANCIAL;-;-;-;-;-;-;-;-;-;0,01;-;-;-;-;-;-;-
IDIN26P510500;BRBMEFVI2FC6;FINANCIAL;-;-;-;-;-;-;-;-;-;0,01;-;-;-;-;-;-;-
IDIN26P510600;BRBMEFVI2G72;FINANCIAL;-;-;-;-;-;-;-;-;-;0,01;-;-;-;-;-;-;-
IDIN26P510700;BRBMEFVI2G80;FINANCIAL;-;-;-;-;-;-;-;-;-;0,01;-;-;-;-;-;-;-
IDIN26P510800;BRBMEFVI2G98;FINANCIAL;-;-;-;-;-;-;-;-;-;0,01;-;-;-;-;-;-;-
IDIN26P510900;BRBMEFVI2GA8;FINANCIAL;-;-;-;-;-;-;-;-;-;0,01;-;-;-;-;-;-;-
IDIN26P511000;BRBMEFVI2FD4;FINANCIAL;-;-;-;-;-;-;-;-;-;0,01;-;-;-;-;-;-;-
IDIN26P511100;BRBMEFVI2GB6;FINANCIAL;-;-;-;-;-;-;-;-;-;0,01;-;-;-;-;-;-;-
IDIN26P511200;BRBMEFVI2GC4;FINANCIAL;-;-;-;-;-;-;-;-;-;0,01;-;-;-;-;-;-;-
IDIN26P511300;BRBMEFVI2GD2;FINANCIAL;-;-;-;-;-;-;-;-;-;0,01;-;-;-;-;-;-;-
IDIN26P511400;BRBMEFVI2GE0;FINANCIAL;-;-;-;-;-;-;-;-;-;0,01;-;-;-;-;-;-;-
IDIN26P511500;BRBMEFVI2FE2;FINANCIAL;-;-;-;-;-;-;-;-;-;0,01;-;-;-;-;-;-;-
IDIN26P511600;BRBMEFVI2GF7;FINANCIAL;-;-;-;-;-;-;-;-;-;0,01;-;-;-;-;-;-;-
IDIN26P511700;BRBMEFVI2GG5;FINANCIAL;-;-;-;-;-;-;-;-;-;0,01;-;-;-;-;-;-;-
IDIN26P511800;BRBMEFVI2GH3;FINANCIAL;-;-;-;-;-;-;-;-;-;0,01;-;-;-;-;-;-;-
IDIN26P511900;BRBMEFVI2GI1;FINANCIAL;-;-;-;-;-;-;-;-;-;0,01;-;-;-;-;-;-;-
IDIN26P512000;BRBMEFVI2FF9;FINANCIAL;-;-;-;-;-;-;-;-;-;0,01;-;-;-;-;-;-;-
IDIN26P512100;BRBMEFVI2GJ9;FINANCIAL;-;-;-;-;-;-;-;-;-;0,01;-;-;-;-;-;-;-
IDIN26P512200;BRBMEFVI2GK7;FINANCIAL;-;-;-;-;-;-;-;-;-;0,01;-;-;-;-;-;-;-
IDIN26P512300;BRBMEFVI2GL5;FINANCIAL;-;-;-;-;-;-;-;-;-;0,01;-;-;-;-;-;-;-
IDIN26P512400;BRBMEFVI2GM3;FINANCIAL;-;-;-;-;-;-;-;-;-;0,01;-;-;-;-;-;-;-
IDIN26P512500;BRBMEFVI2FG7;FINANCIAL;-;-;-;-;-;-;-;-;-;0,01;-;-;-;-;-;-;-
IDIN26P512600;BRBMEFVI2GN1;FINANCIAL;-;-;-;-;-;-;-;-;-;0,01;-;-;-;-;-;-;-
IDIN26P512700;BRBMEFVI2GO9;FINANCIAL;-;-;-;-;-;-;-;-;-;0,01;-;-;-;-;-;-;-
IDIN26P512800;BRBMEFVI2GP6;FINANCIAL;-;-;-;-;-;-;-;-;-;0,01;-;-;-;-;-;-;-
IDIN26P512900;BRBMEFVI2GQ4;FINANCIAL;-;-;-;-;-;-;-;-;-;0,01;-;-;-;-;-;-;-
IDIN26P513000;BRBMEFVI2FH5;FINANCIAL;-;-;-;-;-;-;-;-;-;0,01;-;-;-;-;-;-;-
IDIN26P513100;BRBMEFVI2GR2;FINANCIAL;-;-;-;-;-;-;-;-;-;0,01;-;-;-;-;-;-;-
IDIN26P513200;BRBMEFVI2GS0;FINANCIAL;-;-;-;-;-;-;-;-;-;0,01;-;-;-;-;-;-;-
IDIN26P513300;BRBMEFVI2GT8;FINANCIAL;-;-;-;-;-;-;-;-;-;0,01;-;-;-;-;-;-;-
IDIN26P513400;BRBMEFVI2GU6;FINANCIAL;-;-;-;-;-;-;-;-;-;0,01;-;-;-;-;-;-;-
IDIN26P513500;BRBMEFVI2FI3;FINANCIAL;-;-;-;-;-;-;-;-;-;0,01;-;-;-;-;-;-;-
IDIN26P513600;BRBMEFVI2GV4;FINANCIAL;-;-;-;-;-;-;-;-;-;0,01;-;-;-;-;-;-;-
IDIN26P513700;BRBMEFVI2GW2;FINANCIAL;-;-;-;-;-;-;-;-;-;0,01;-;-;-;-;-;-;-
IDIN26P513800;BRBMEFVI2GX0;FINANCIAL;-;-;-;-;-;-;-;-;-;0,01;-;-;-;-;-;-;-
IDIN26P513900;BRBMEFVI2GY8;FINANCIAL;-;-;-;-;-;-;-;-;-;0,01;-;-;-;-;-;-;-
IDIN26P514000;BRBMEFVI2FJ1;FINANCIAL;-;-;-;-;-;-;-;-;-;0,01;-;-;-;-;-;-;-
IDIN26P514100;BRBMEFVI2GZ5;FINANCIAL;-;-;-;-;-;-;-;-;-;0,01;-;-;-;-;-;-;-
IDIN26P514200;BRBMEFVI2H06;FINANCIAL;-;-;-;-;-;-;-;-;-;0,01;-;-;-;-;-;-;-
IDIN26P514300;BRBMEFVI2H14;FINANCIAL;-;-;-;-;-;-;-;-;-;0,01;-;-;-;-;-;-;-
IDIN26P514400;BRBMEFVI2H22;FINANCIAL;-;-;-;-;-;-;-;-;-;0,01;-;-;-;-;-;-;-
IDIN26P514500;BRBMEFVI2FK9;FINANCIAL;-;-;-;-;-;-;-;-;-;0,01;-;-;-;-;-;-;-
IDIN26P514600;BRBMEFVI2H30;FINANCIAL;-;-;-;-;-;-;-;-;-;0,01;-;-;-;-;-;-;-
IDIN26P514700;BRBMEFVI2H48;FINANCIAL;-;-;-;-;-;-;-;-;-;0,01;-;-;-;-;-;-;-
IDIN26P514800;BRBMEFVI2H55;FINANCIAL;-;-;-;-;-;-;-;-;-;0,01;-;-;-;-;-;-;-
IDIN26P514900;BRBMEFVI2H63;FINANCIAL;-;-;-;-;-;-;-;-;-;0,01;-;-;-;-;-;-;-
IDIN26P515000;BRBMEFVI2FL7;FINANCIAL;-;-;-;-;-;-;-;-;-;0,01;-;-;-;-;-;-;-
IDIN26P515100;BRBMEFVI2H71;FINANCIAL;-;-;-;-;-;-;-;-;-;0,01;-;-;-;-;-;-;-
IDIN26P515200;BRBMEFVI2H89;FINANCIAL;-;-;-;-;-;-;-;-;-;0,01;-;-;-;-;-;-;-
IDIN26P515300;BRBMEFVI2H97;FINANCIAL;-;-;-;-;-;-;-;-;-;0,01;-;-;-;-;-;-;-
IDIN26P515400;BRBMEFVI2HA6;FINANCIAL;-;-;-;-;-;-;-;-;-;0,01;-;-;-;-;-;-;-
IDIN26P515500;BRBMEFVI2FM5;FINANCIAL;-;-;-;-;-;-;-;-;-;0,01;-;-;-;-;-;-;-
IDIN26P515600;BRBMEFVI2HB4;FINANCIAL;-;-;-;-;-;-;-;-;-;0,01;-;-;-;-;-;-;-
IDIN26P515700;BRBMEFVI2HC2;FINANCIAL;-;-;-;-;-;-;-;-;-;0,01;-;-;-;-;-;-;-
IDIN26P515800;BRBMEFVI2HD0;FINANCIAL;-;-;-;-;-;-;-;-;-;0,01;-;-;-;-;-;-;-
IDIN26P515900;BRBMEFVI2HE8;FINANCIAL;-;-;-;-;-;-;-;-;-;0,01;-;-;-;-;-;-;-
IDIN26P516000;BRBMEFVI2FN3;FINANCIAL;-;-;-;-;-;-;-;-;-;0,01;-;-;-;-;-;-;-
IDIN26P516100;BRBMEFVI2HF5;FINANCIAL;-;-;-;-;-;-;-;-;-;12,27;-;-;-;-;-;-;-
IDIN26P516200;BRBMEFVI2HG3;FINANCIAL;-;-;-;-;-;-;-;-;-;112,22;-;-;-;-;-;-;-
IDIN26P516300;BRBMEFVI2HH1;FINANCIAL;-;-;-;-;-;-;-;-;-;212,17;-;-;-;-;-;-;-
IDIN26P516400;BRBMEFVI2HI9;FINANCIAL;-;-;-;-;-;-;-;-;-;312,11;-;-;-;-;-;-;-
IDIN26P516500;BRBMEFVI2FO1;FINANCIAL;-;-;-;-;-;-;-;-;-;412,06;-;-;-;-;-;-;-
IDIN26P516600;BRBMEFVI2HJ7;FINANCIAL;-;-;-;-;-;-;-;-;-;512,01;-;-;-;-;-;-;-
IDIN26P516700;BRBMEFVI2HK5;FINANCIAL;-;-;-;-;-;-;-;-;-;611,96;-;-;-;-;-;-;-
IDIN26P516800;BRBMEFVI2HL3;FINANCIAL;-;-;-;-;-;-;-;-;-;711,9;-;-;-;-;-;-;-
IDIN26P516900;BRBMEFVI2HM1;FINANCIAL;-;-;-;-;-;-;-;-;-;811,85;-;-;-;-;-;-;-
IDIN26P517000;BRBMEFVI2FP8;FINANCIAL;-;-;-;-;-;-;-;-;-;911,8;-;-;-;-;-;-;-
IDIN26P517100;BRBMEFVI2HN9;FINANCIAL;-;-;-;-;-;-;-;-;-;1011,75;-;-;-;-;-;-;-
IDIN26P517200;BRBMEFVI2HO7;FINANCIAL;-;-;-;-;-;-;-;-;-;1111,69;-;-;-;-;-;-;-
IDIN26P517300;BRBMEFVI2HP4;FINANCIAL;-;-;-;-;-;-;-;-;-;1211,64;-;-;-;-;-;-;-
IDIN26P517400;BRBMEFVI2HQ2;FINANCIAL;-;-;-;-;-;-;-;-;-;1311,59;-;-;-;-;-;-;-
IDIN26P517500;BRBMEFVI2FQ6;FINANCIAL;-;-;-;-;-;-;-;-;-;1411,54;-;-;-;-;-;-;-
IDIN26P517600;BRBMEFVI2HR0;FINANCIAL;-;-;-;-;-;-;-;-;-;1511,48;-;-;-;-;-;-;-
IDIN26P517700;BRBMEFVI2HS8;FINANCIAL;-;-;-;-;-;-;-;-;-;1611,43;-;-;-;-;-;-;-
IDIN26P517800;BRBMEFVI2HT6;FINANCIAL;-;-;-;-;-;-;-;-;-;1711,38;-;-;-;-;-;-;-
IDIN26P518000;BRBMEFVI2FR4;FINANCIAL;-;-;-;-;-;-;-;-;-;1911,27;-;-;-;-;-;-;-
IDIN26P518500;BRBMEFVI2FS2;FINANCIAL;-;-;-;-;-;-;-;-;-;2411,01;-;-;-;-;-;-;-
IDIN26P518800;BRBMEFVI2K43;FINANCIAL;-;-;-;-;-;-;-;-;-;2710,85;-;-;-;-;-;-;-
IDIN26P519000;BRBMEFVI2FT0;FINANCIAL;-;-;-;-;-;-;-;-;-;2910,75;-;-;-;-;-;-;-
IDIN26P519100;BRBMEFVI2J95;FINANCIAL;-;-;-;-;-;-;-;-;-;3010,7;-;-;-;-;-;-;-
IDIN26P519500;BRBMEFVI2FU8;FINANCIAL;-;-;-;-;-;-;-;-;-;3410,49;-;-;-;-;-;-;-
IDIN26P520000;BRBMEFVI2FV6;FINANCIAL;-;-;-;-;-;-;-;-;-;3910,22;-;-;-;-;-;-;-
IDIN26P520500;BRBMEFVI2FW4;FINANCIAL;-;-;-;-;-;-;-;-;-;4409,96;-;-;-;-;-;-;-
IDIN26P521000;BRBMEFVI2FX2;FINANCIAL;-;-;-;-;-;-;-;-;-;4909,7;-;-;-;-;-;-;-
IDIN26P521500;BRBMEFVI2FY0;FINANCIAL;-;-;-;-;-;-;-;-;-;5409,44;-;-;-;-;-;-;-
IDIN26P522000;BRBMEFVI2FZ7;FINANCIAL;-;-;-;-;-;-;-;-;-;5909,17;-;-;-;-;-;-;-
IDIN26P522500;BRBMEFVI2G07;FINANCIAL;-;-;-;-;-;-;-;-;-;6408,91;-;-;-;-;-;-;-
IDIN26P523000;BRBMEFVI2G15;FINANCIAL;-;-;-;-;-;-;-;-;-;6908,65;-;-;-;-;-;-;-
IDIN26P523500;BRBMEFVI2G23;FINANCIAL;-;-;-;-;-;-;-;-;-;7408,38;-;-;-;-;-;-;-
IDIN26P524000;BRBMEFVI2G31;FINANCIAL;-;-;-;-;-;-;-;-;-;7908,12;-;-;-;-;-;-;-
IDIN26P525000;BRBMEFVI2G49;FINANCIAL;-;-;-;-;-;-;-;-;-;8907,6;-;-;-;-;-;-;-
IDIN26P526000;BRBMEFVI2G56;FINANCIAL;-;-;-;-;-;-;-;-;-;9907,07;-;-;-;-;-;-;-
IDIN26P527000;BRBMEFVI2G64;FINANCIAL;-;-;-;-;-;-;-;-;-;10906,55;-;-;-;-;-;-;-
IDIN26P900000;BRBMEFVI2JB0;FINANCIAL;-;-;-;-;-;-;-;-;-;383710,71;-;-;-;-;-;-;-
IDIN27C577500;BRBMEFCICJH6;FINANCIAL;-;-;-;-;-;-;-;-;-;9066,45;-;-;-;-;-;-;-
IDIN27C577600;BRBMEFCICKR3;FINANCIAL;-;-;-;-;-;-;-;-;-;8979,04;-;-;-;-;-;-;-
IDIN27C577700;BRBMEFCICKS1;FINANCIAL;-;-;-;-;-;-;-;-;-;8891,63;-;-;-;-;-;-;-
IDIN27C577800;BRBMEFCICKT9;FINANCIAL;-;-;-;-;-;-;-;-;-;8804,21;-;-;-;-;-;-;-
IDIN27C577900;BRBMEFCICKU7;FINANCIAL;-;-;-;-;-;-;-;-;-;8716,81;-;-;-;-;-;-;-
IDIN27C578000;BRBMEFCICJI4;FINANCIAL;-;-;-;-;-;-;-;-;-;8629,43;-;-;-;-;-;-;-
IDIN27C578100;BRBMEFCICKV5;FINANCIAL;-;-;-;-;-;-;-;-;-;8542,04;-;-;-;-;-;-;-
IDIN27C578200;BRBMEFCICKW3;FINANCIAL;-;-;-;-;-;-;-;-;-;8454,66;-;-;-;-;-;-;-
IDIN27C578300;BRBMEFCICKX1;FINANCIAL;-;-;-;-;-;-;-;-;-;8367,31;-;-;-;-;-;-;-
IDIN27C578400;BRBMEFCICKY9;FINANCIAL;-;-;-;-;-;-;-;-;-;8279,95;-;-;-;-;-;-;-
IDIN27C578500;BRBMEFCICJJ2;FINANCIAL;-;-;-;-;-;-;-;-;-;8192,63;-;-;-;-;-;-;-
IDIN27C578600;BRBMEFCICKZ6;FINANCIAL;-;-;-;-;-;-;-;-;-;8105,31;-;-;-;-;-;-;-
IDIN27C578700;BRBMEFCICL01;FINANCIAL;-;-;-;-;-;-;-;-;-;8018,01;-;-;-;-;-;-;-
IDIN27C578800;BRBMEFCICL19;FINANCIAL;-;-;-;-;-;-;-;-;-;7930,73;-;-;-;-;-;-;-
IDIN27C578900;BRBMEFCICL27;FINANCIAL;-;-;-;-;-;-;-;-;-;7843,48;-;-;-;-;-;-;-
IDIN27C579000;BRBMEFCICJK0;FINANCIAL;-;-;-;-;-;-;-;-;-;7756,25;-;-;-;-;-;-;-
IDIN27C579100;BRBMEFCICL35;FINANCIAL;-;-;-;-;-;-;-;-;-;7669,06;-;-;-;-;-;-;-
IDIN27C579200;BRBMEFCICL43;FINANCIAL;-;-;-;-;-;-;-;-;-;7581,88;-;-;-;-;-;-;-
IDIN27C579300;BRBMEFCICL50;FINANCIAL;-;-;-;-;-;-;-;-;-;7494,75;-;-;-;-;-;-;-
IDIN27C579400;BRBMEFCICL68;FINANCIAL;-;-;-;-;-;-;-;-;-;7407,65;-;-;-;-;-;-;-
IDIN27C579500;BRBMEFCICJL8;FINANCIAL;-;-;-;-;-;-;-;-;-;7320,59;-;-;-;-;-;-;-
IDIN27C579600;BRBMEFCICL76;FINANCIAL;-;-;-;-;-;-;-;-;-;7233,55;-;-;-;-;-;-;-
IDIN27C579700;BRBMEFCICL84;FINANCIAL;-;-;-;-;-;-;-;-;-;7146,57;-;-;-;-;-;-;-
IDIN27C579800;BRBMEFCICL92;FINANCIAL;-;-;-;-;-;-;-;-;-;7059,61;-;-;-;-;-;-;-
IDIN27C579900;BRBMEFCICLA7;FINANCIAL;-;-;-;-;-;-;-;-;-;6972,69;-;-;-;-;-;-;-
IDIN27C580000;BRBMEFCICJM6;FINANCIAL;-;-;-;-;-;-;-;-;-;6885,82;-;-;-;-;-;-;-
IDIN27C580100;BRBMEFCICLB5;FINANCIAL;-;-;-;-;-;-;-;-;-;6798,98;-;-;-;-;-;-;-
IDIN27C580200;BRBMEFCICLC3;FINANCIAL;-;-;-;-;-;-;-;-;-;6712,21;-;-;-;-;-;-;-
IDIN27C580300;BRBMEFCICLD1;FINANCIAL;-;-;-;-;-;-;-;-;-;6625,48;-;-;-;-;-;-;-
IDIN27C580400;BRBMEFCICLE9;FINANCIAL;-;-;-;-;-;-;-;-;-;6538,85;-;-;-;-;-;-;-
IDIN27C580500;BRBMEFCICJN4;FINANCIAL;-;-;-;-;-;-;-;-;-;6452,31;-;-;-;-;-;-;-
IDIN27C580600;BRBMEFCICLF6;FINANCIAL;-;-;-;-;-;-;-;-;-;6365,88;-;-;-;-;-;-;-
IDIN27C580700;BRBMEFCICLG4;FINANCIAL;-;-;-;-;-;-;-;-;-;6279,58;-;-;-;-;-;-;-
IDIN27C580800;BRBMEFCICLH2;FINANCIAL;-;-;-;-;-;-;-;-;-;6193,41;-;-;-;-;-;-;-
IDIN27C580900;BRBMEFCICLI0;FINANCIAL;-;-;-;-;-;-;-;-;-;6107,39;-;-;-;-;-;-;-
IDIN27C581000;BRBMEFCICJO2;FINANCIAL;-;-;-;-;-;-;-;-;-;6021,49;-;-;-;-;-;-;-
IDIN27C581100;BRBMEFCICLJ8;FINANCIAL;-;-;-;-;-;-;-;-;-;5935,75;-;-;-;-;-;-;-
IDIN27C581200;BRBMEFCICLK6;FINANCIAL;-;-;-;-;-;-;-;-;-;5850,24;-;-;-;-;-;-;-
IDIN27C581300;BRBMEFCICLL4;FINANCIAL;-;-;-;-;-;-;-;-;-;5765,1;-;-;-;-;-;-;-
IDIN27C581400;BRBMEFCICLM2;FINANCIAL;-;-;-;-;-;-;-;-;-;5680,51;-;-;-;-;-;-;-
IDIN27C581500;BRBMEFCICJP9;FINANCIAL;-;-;-;-;-;-;-;-;-;5596,14;-;-;-;-;-;-;-
IDIN27C581600;BRBMEFCICLN0;FINANCIAL;-;-;-;-;-;-;-;-;-;5511,64;-;-;-;-;-;-;-
IDIN27C581700;BRBMEFCICLO8;FINANCIAL;-;-;-;-;-;-;-;-;-;5427,52;-;-;-;-;-;-;-
IDIN27C581800;BRBMEFCICLP5;FINANCIAL;-;-;-;-;-;-;-;-;-;5344,3;-;-;-;-;-;-;-
IDIN27C581900;BRBMEFCICLQ3;FINANCIAL;-;-;-;-;-;-;-;-;-;5261,34;-;-;-;-;-;-;-
IDIN27C582000;BRBMEFCICJQ7;FINANCIAL;-;-;-;-;-;-;-;-;-;5177,63;-;-;-;-;-;-;-
IDIN27C582100;BRBMEFCICLR1;FINANCIAL;-;-;-;-;-;-;-;-;-;5094,24;-;-;-;-;-;-;-
IDIN27C582200;BRBMEFCICLS9;FINANCIAL;-;-;-;-;-;-;-;-;-;5011,65;-;-;-;-;-;-;-
IDIN27C582300;BRBMEFCICLT7;FINANCIAL;-;-;-;-;-;-;-;-;-;4928,93;-;-;-;-;-;-;-
IDIN27C582400;BRBMEFCICLU5;FINANCIAL;-;-;-;-;-;-;-;-;-;4846,6;-;-;-;-;-;-;-
IDIN27C582500;BRBMEFCICJR5;FINANCIAL;-;-;-;-;-;-;-;-;-;4765,26;-;-;-;-;-;-;-
IDIN27C582600;BRBMEFCICLV3;FINANCIAL;-;-;-;-;-;-;-;-;-;4683,58;-;-;-;-;-;-;-
IDIN27C582700;BRBMEFCICLW1;FINANCIAL;-;-;-;-;-;-;-;-;-;4601,75;-;-;-;-;-;-;-
IDIN27C582800;BRBMEFCICLX9;FINANCIAL;-;-;-;-;-;-;-;-;-;4520,91;-;-;-;-;-;-;-
IDIN27C582900;BRBMEFCICLY7;FINANCIAL;-;-;-;-;-;-;-;-;-;4440,92;-;-;-;-;-;-;-
IDIN27C583000;BRBMEFCICJS3;FINANCIAL;-;-;-;-;-;-;-;-;-;4360,98;-;-;-;-;-;-;-
IDIN27C583100;BRBMEFCICLZ4;FINANCIAL;-;-;-;-;-;-;-;-;-;4281,33;-;-;-;-;-;-;-
IDIN27C583200;BRBMEFCICM00;FINANCIAL;-;-;-;-;-;-;-;-;-;4202,44;-;-;-;-;-;-;-
IDIN27C583300;BRBMEFCICM18;FINANCIAL;-;-;-;-;-;-;-;-;-;4124,07;-;-;-;-;-;-;-
IDIN27C583400;BRBMEFCICM26;FINANCIAL;-;-;-;-;-;-;-;-;-;4046,46;-;-;-;-;-;-;-
IDIN27C583500;BRBMEFCICJT1;FINANCIAL;-;-;-;-;-;-;-;-;-;3970,04;-;-;-;-;-;-;-
IDIN27C583600;BRBMEFCICM34;FINANCIAL;-;-;-;-;-;-;-;-;-;3893,87;-;-;-;-;-;-;-
IDIN27C583700;BRBMEFCICM42;FINANCIAL;-;-;-;-;-;-;-;-;-;3817,14;-;-;-;-;-;-;-
IDIN27C583800;BRBMEFCICM59;FINANCIAL;-;-;-;-;-;-;-;-;-;3740,56;-;-;-;-;-;-;-
IDIN27C583900;BRBMEFCICM67;FINANCIAL;-;-;-;-;-;-;-;-;-;3665,06;-;-;-;-;-;-;-
IDIN27C584000;BRBMEFCICJU9;FINANCIAL;-;-;-;-;-;-;-;-;-;3590,21;-;-;-;-;-;-;-
IDIN27C584100;BRBMEFCICM75;FINANCIAL;-;-;-;-;-;-;-;-;-;3515,93;-;-;-;-;-;-;-
IDIN27C584200;BRBMEFCICM83;FINANCIAL;-;-;-;-;-;-;-;-;-;3442,22;-;-;-;-;-;-;-
IDIN27C584300;BRBMEFCICM91;FINANCIAL;-;-;-;-;-;-;-;-;-;3369,1;-;-;-;-;-;-;-
IDIN27C584400;BRBMEFCICMA5;FINANCIAL;-;-;-;-;-;-;-;-;-;3296,59;-;-;-;-;-;-;-
IDIN27C584500;BRBMEFCICJV7;FINANCIAL;-;-;-;-;-;-;-;-;-;3225,11;-;-;-;-;-;-;-
IDIN27C584600;BRBMEFCICMB3;FINANCIAL;-;-;-;-;-;-;-;-;-;3154,86;-;-;-;-;-;-;-
IDIN27C584700;BRBMEFCICMC1;FINANCIAL;-;-;-;-;-;-;-;-;-;3085,44;-;-;-;-;-;-;-
IDIN27C584800;BRBMEFCICMD9;FINANCIAL;-;-;-;-;-;-;-;-;-;3016,9;-;-;-;-;-;-;-
IDIN27C584900;BRBMEFCICME7;FINANCIAL;-;-;-;-;-;-;-;-;-;2949,1;-;-;-;-;-;-;-
IDIN27C585000;BRBMEFCICJW5;FINANCIAL;-;-;-;-;-;-;-;-;-;2882,37;-;-;-;-;-;-;-
IDIN27C586200;BRBMEFCICK69;FINANCIAL;-;-;-;-;-;-;-;-;-;2157,58;-;-;-;-;-;-;-
IDIN27C586300;BRBMEFCICJZ8;FINANCIAL;-;-;-;-;-;-;-;-;-;2104,45;-;-;-;-;-;-;-
IDIN27C586500;BRBMEFCICJX3;FINANCIAL;-;-;-;-;-;-;-;-;-;2001,04;-;-;-;-;-;-;-
IDIN27C586800;BRBMEFCICK10;FINANCIAL;-;-;-;-;-;-;-;-;-;1845,24;-;-;-;-;-;-;-
IDIN27C587700;BRBMEFCICMF4;FINANCIAL;-;-;-;-;-;-;-;-;-;1448,64;-;-;-;-;-;-;-
IDIN27C587800;BRBMEFCICMG2;FINANCIAL;-;-;-;-;-;-;-;-;-;1415,06;-;-;-;-;-;-;-
IDIN27C587900;BRBMEFCICMH0;FINANCIAL;-;-;-;-;-;-;-;-;-;1374,96;-;-;-;-;-;-;-
IDIN27C588000;BRBMEFCICMI8;FINANCIAL;-;-;-;-;-;-;-;-;-;1333,46;-;-;-;-;-;-;-
IDIN27C588100;BRBMEFCICJA1;FINANCIAL;-;-;-;-;-;-;-;-;-;1293,64;-;-;-;-;-;-;-
IDIN27C588200;BRBMEFCICMJ6;FINANCIAL;-;-;-;-;-;-;-;-;-;1257,74;-;-;-;-;-;-;-
IDIN27C588300;BRBMEFCICMK4;FINANCIAL;-;-;-;-;-;-;-;-;-;1224,31;-;-;-;-;-;-;-
IDIN27C588400;BRBMEFCICML2;FINANCIAL;-;-;-;-;-;-;-;-;-;1190,68;-;-;-;-;-;-;-
IDIN27C588500;BRBMEFCICMM0;FINANCIAL;-;-;-;-;-;-;-;-;-;1157,45;-;-;-;-;-;-;-
IDIN27C588600;BRBMEFCICMN8;FINANCIAL;-;-;-;-;-;-;-;-;-;1125,42;-;-;-;-;-;-;-
IDIN27C588700;BRBMEFCICMO6;FINANCIAL;-;-;-;-;-;-;-;-;-;1094,38;-;-;-;-;-;-;-
IDIN27C588800;BRBMEFCICMP3;FINANCIAL;-;-;-;-;-;-;-;-;-;1064,5;-;-;-;-;-;-;-
IDIN27C588900;BRBMEFCICMQ1;FINANCIAL;-;-;-;-;-;-;-;-;-;1034,97;-;-;-;-;-;-;-
IDIN27C589000;BRBMEFCICMR9;FINANCIAL;-;-;-;-;-;-;-;-;-;1005,99;-;-;-;-;-;-;-
IDIN27C589100;BRBMEFCICMS7;FINANCIAL;-;-;-;-;-;-;-;-;-;977,34;-;-;-;-;-;-;-
IDIN27C589200;BRBMEFCICMT5;FINANCIAL;-;-;-;-;-;-;-;-;-;949,61;-;-;-;-;-;-;-
IDIN27C591000;BRBMEFCICMU3;FINANCIAL;-;-;-;-;-;-;-;-;-;586,67;-;-;-;-;-;-;-
IDIN27C591100;BRBMEFCICMV1;FINANCIAL;-;-;-;-;-;-;-;-;-;571,21;-;-;-;-;-;-;-
IDIN27C591200;BRBMEFCICMW9;FINANCIAL;-;-;-;-;-;-;-;-;-;557,12;-;-;-;-;-;-;-
IDIN27C591300;BRBMEFCICMX7;FINANCIAL;-;-;-;-;-;-;-;-;-;543,9;-;-;-;-;-;-;-
IDIN27C591400;BRBMEFCICMY5;FINANCIAL;-;-;-;-;-;-;-;-;-;530,73;-;-;-;-;-;-;-
IDIN27C591500;BRBMEFCICMZ2;FINANCIAL;-;-;-;-;-;-;-;-;-;517,16;-;-;-;-;-;-;-
IDIN27C591600;BRBMEFCICN09;FINANCIAL;-;-;-;-;-;-;-;-;-;503,97;-;-;-;-;-;-;-
IDIN27C591700;BRBMEFCICK51;FINANCIAL;-;-;-;-;-;-;-;-;-;491,44;-;-;-;-;-;-;-
IDIN27C591800;BRBMEFCICN17;FINANCIAL;-;-;-;-;-;-;-;-;-;479,54;-;-;-;-;-;-;-
IDIN27C591900;BRBMEFCICN25;FINANCIAL;-;-;-;-;-;-;-;-;-;468,27;-;-;-;-;-;-;-
IDIN27C592000;BRBMEFCICN33;FINANCIAL;-;-;-;-;-;-;-;-;-;457,58;-;-;-;-;-;-;-
IDIN27C592100;BRBMEFCICN41;FINANCIAL;-;-;-;-;-;-;-;-;-;446,91;-;-;-;-;-;-;-
IDIN27C592200;BRBMEFCICN58;FINANCIAL;-;-;-;-;-;-;-;-;-;436,26;-;-;-;-;-;-;-
IDIN27C592300;BRBMEFCICN66;FINANCIAL;-;-;-;-;-;-;-;-;-;425,63;-;-;-;-;-;-;-
IDIN27C592400;BRBMEFCICN74;FINANCIAL;-;-;-;-;-;-;-;-;-;415,28;-;-;-;-;-;-;-
IDIN27C592500;BRBMEFCICN82;FINANCIAL;-;-;-;-;-;-;-;-;-;405,23;-;-;-;-;-;-;-
IDIN27C592600;BRBMEFCICN90;FINANCIAL;-;-;-;-;-;-;-;-;-;395,7;-;-;-;-;-;-;-
IDIN27C592700;BRBMEFCICNA3;FINANCIAL;-;-;-;-;-;-;-;-;-;386,44;-;-;-;-;-;-;-
IDIN27C592800;BRBMEFCICNB1;FINANCIAL;-;-;-;-;-;-;-;-;-;377,42;-;-;-;-;-;-;-
IDIN27C592900;BRBMEFCICNC9;FINANCIAL;-;-;-;-;-;-;-;-;-;368,53;-;-;-;-;-;-;-
IDIN27C593000;BRBMEFCICND7;FINANCIAL;-;-;-;-;-;-;-;-;-;359,76;-;-;-;-;-;-;-
IDIN27C593100;BRBMEFCICNE5;FINANCIAL;-;-;-;-;-;-;-;-;-;351,22;-;-;-;-;-;-;-
IDIN27C593200;BRBMEFCICNF2;FINANCIAL;-;-;-;-;-;-;-;-;-;342,92;-;-;-;-;-;-;-
IDIN27C593300;BRBMEFCICNG0;FINANCIAL;-;-;-;-;-;-;-;-;-;334,95;-;-;-;-;-;-;-
IDIN27C593400;BRBMEFCICNH8;FINANCIAL;-;-;-;-;-;-;-;-;-;327,09;-;-;-;-;-;-;-
IDIN27C593500;BRBMEFCICNI6;FINANCIAL;-;-;-;-;-;-;-;-;-;319,44;-;-;-;-;-;-;-
IDIN27C625800;BRBMEFCICK28;FINANCIAL;-;-;-;-;-;-;-;-;-;0,01;-;-;-;-;-;-;-
IDIN27C667500;BRBMEFCICK36;FINANCIAL;-;-;-;-;-;-;-;-;-;0,01;-;-;-;-;-;-;-
IDIN27P577500;BRBMEFVI2JH7;FINANCIAL;-;-;-;-;-;-;-;-;-;21,26;-;-;-;-;-;-;-
IDIN27P577600;BRBMEFVI2KR4;FINANCIAL;-;-;-;-;-;-;-;-;-;21,6;-;-;-;-;-;-;-
IDIN27P577700;BRBMEFVI2KS2;FINANCIAL;-;-;-;-;-;-;-;-;-;21,94;-;-;-;-;-;-;-
IDIN27P577800;BRBMEFVI2KT0;FINANCIAL;-;-;-;-;-;-;-;-;-;22,27;-;-;-;-;-;-;-
IDIN27P577900;BRBMEFVI2KU8;FINANCIAL;-;-;-;-;-;-;-;-;-;22,63;-;-;-;-;-;-;-
IDIN27P578000;BRBMEFVI2JI5;FINANCIAL;-;-;-;-;-;-;-;-;-;23,01;-;-;-;-;-;-;-
IDIN27P578100;BRBMEFVI2KV6;FINANCIAL;-;-;-;-;-;-;-;-;-;23,37;-;-;-;-;-;-;-
IDIN27P578200;BRBMEFVI2KW4;FINANCIAL;-;-;-;-;-;-;-;-;-;23,74;-;-;-;-;-;-;-
IDIN27P578300;BRBMEFVI2KX2;FINANCIAL;-;-;-;-;-;-;-;-;-;24,14;-;-;-;-;-;-;-
IDIN27P578400;BRBMEFVI2KY0;FINANCIAL;-;-;-;-;-;-;-;-;-;24,54;-;-;-;-;-;-;-
IDIN27P578500;BRBMEFVI2JJ3;FINANCIAL;-;-;-;-;-;-;-;-;-;24,96;-;-;-;-;-;-;-
IDIN27P578600;BRBMEFVI2KZ7;FINANCIAL;-;-;-;-;-;-;-;-;-;25,4;-;-;-;-;-;-;-
IDIN27P578700;BRBMEFVI2L00;FINANCIAL;-;-;-;-;-;-;-;-;-;25,86;-;-;-;-;-;-;-
IDIN27P578800;BRBMEFVI2L18;FINANCIAL;-;-;-;-;-;-;-;-;-;26,32;-;-;-;-;-;-;-
IDIN27P578900;BRBMEFVI2L26;FINANCIAL;-;-;-;-;-;-;-;-;-;26,83;-;-;-;-;-;-;-
IDIN27P579000;BRBMEFVI2JK1;FINANCIAL;-;-;-;-;-;-;-;-;-;27,35;-;-;-;-;-;-;-
IDIN27P579100;BRBMEFVI2L34;FINANCIAL;-;-;-;-;-;-;-;-;-;27,91;-;-;-;-;-;-;-
IDIN27P579200;BRBMEFVI2L42;FINANCIAL;-;-;-;-;-;-;-;-;-;28,49;-;-;-;-;-;-;-
IDIN27P579300;BRBMEFVI2L59;FINANCIAL;-;-;-;-;-;-;-;-;-;29,11;-;-;-;-;-;-;-
IDIN27P579400;BRBMEFVI2L67;FINANCIAL;-;-;-;-;-;-;-;-;-;29,76;-;-;-;-;-;-;-
IDIN27P579500;BRBMEFVI2JL9;FINANCIAL;-;-;-;-;-;-;-;-;-;30,45;-;-;-;-;-;-;-
IDIN27P579600;BRBMEFVI2L75;FINANCIAL;-;-;-;-;-;-;-;-;-;31,17;-;-;-;-;-;-;-
IDIN27P579700;BRBMEFVI2L83;FINANCIAL;-;-;-;-;-;-;-;-;-;31,94;-;-;-;-;-;-;-
IDIN27P579800;BRBMEFVI2L91;FINANCIAL;-;-;-;-;-;-;-;-;-;32,73;-;-;-;-;-;-;-
IDIN27P579900;BRBMEFVI2LA8;FINANCIAL;-;-;-;-;-;-;-;-;-;33,56;-;-;-;-;-;-;-
IDIN27P580000;BRBMEFVI2JM7;FINANCIAL;-;-;-;-;-;-;-;-;-;34,45;-;-;-;-;-;-;-
IDIN27P580100;BRBMEFVI2LB6;FINANCIAL;-;-;-;-;-;-;-;-;-;35,36;-;-;-;-;-;-;-
IDIN27P580200;BRBMEFVI2LC4;FINANCIAL;-;-;-;-;-;-;-;-;-;36,35;-;-;-;-;-;-;-
IDIN27P580300;BRBMEFVI2LD2;FINANCIAL;-;-;-;-;-;-;-;-;-;37,37;-;-;-;-;-;-;-
IDIN27P580400;BRBMEFVI2LE0;FINANCIAL;-;-;-;-;-;-;-;-;-;38,49;-;-;-;-;-;-;-
IDIN27P580500;BRBMEFVI2JN5;FINANCIAL;-;-;-;-;-;-;-;-;-;39,7;-;-;-;-;-;-;-
IDIN27P580600;BRBMEFVI2LF7;FINANCIAL;-;-;-;-;-;-;-;-;-;41,02;-;-;-;-;-;-;-
IDIN27P580700;BRBMEFVI2LG5;FINANCIAL;-;-;-;-;-;-;-;-;-;42,47;-;-;-;-;-;-;-
IDIN27P580800;BRBMEFVI2LH3;FINANCIAL;-;-;-;-;-;-;-;-;-;44,06;-;-;-;-;-;-;-
IDIN27P580900;BRBMEFVI2LI1;FINANCIAL;-;-;-;-;-;-;-;-;-;45,79;-;-;-;-;-;-;-
IDIN27P581000;BRBMEFVI2JO3;FINANCIAL;-;-;-;-;-;-;-;-;-;47,64;-;-;-;-;-;-;-
IDIN27P581100;BRBMEFVI2LJ9;FINANCIAL;-;-;-;-;-;-;-;-;-;49,66;-;-;-;-;-;-;-
IDIN27P581200;BRBMEFVI2LK7;FINANCIAL;-;-;-;-;-;-;-;-;-;51,9;-;-;-;-;-;-;-
IDIN27P581300;BRBMEFVI2LL5;FINANCIAL;-;-;-;-;-;-;-;-;-;54,51;-;-;-;-;-;-;-
IDIN27P581400;BRBMEFVI2LM3;FINANCIAL;-;-;-;-;-;-;-;-;-;57,67;-;-;-;-;-;-;-
IDIN27P581500;BRBMEFVI2JP0;FINANCIAL;-;-;-;-;-;-;-;-;-;61,05;-;-;-;-;-;-;-
IDIN27P581600;BRBMEFVI2LN1;FINANCIAL;-;-;-;-;-;-;-;-;-;64,31;-;-;-;-;-;-;-
IDIN27P581700;BRBMEFVI2LO9;FINANCIAL;-;-;-;-;-;-;-;-;-;67,94;-;-;-;-;-;-;-
IDIN27P581800;BRBMEFVI2LP6;FINANCIAL;-;-;-;-;-;-;-;-;-;72,47;-;-;-;-;-;-;-
IDIN27P581900;BRBMEFVI2LQ4;FINANCIAL;-;-;-;-;-;-;-;-;-;77,27;-;-;-;-;-;-;-
IDIN27P582000;BRBMEFVI2JQ8;FINANCIAL;-;-;-;-;-;-;-;-;-;81,31;-;-;-;-;-;-;-
IDIN27P582100;BRBMEFVI2LR2;FINANCIAL;-;-;-;-;-;-;-;-;-;85,67;-;-;-;-;-;-;-
IDIN27P582200;BRBMEFVI2LS0;FINANCIAL;-;-;-;-;-;-;-;-;-;90,83;-;-;-;-;-;-;-
IDIN27P582300;BRBMEFVI2LT8;FINANCIAL;-;-;-;-;-;-;-;-;-;95,87;-;-;-;-;-;-;-
IDIN27P582400;BRBMEFVI2LU6;FINANCIAL;-;-;-;-;-;-;-;-;-;101,29;-;-;-;-;-;-;-
IDIN27P582500;BRBMEFVI2JR6;FINANCIAL;-;-;-;-;-;-;-;-;-;107,7;-;-;-;-;-;-;-
IDIN27P582600;BRBMEFVI2LV4;FINANCIAL;-;-;-;-;-;-;-;-;-;113,78;-;-;-;-;-;-;-
IDIN27P582700;BRBMEFVI2LW2;FINANCIAL;-;-;-;-;-;-;-;-;-;119,69;-;-;-;-;-;-;-
IDIN27P582800;BRBMEFVI2LX0;FINANCIAL;-;-;-;-;-;-;-;-;-;126,61;-;-;-;-;-;-;-
IDIN27P582900;BRBMEFVI2LY8;FINANCIAL;-;-;-;-;-;-;-;-;-;134,38;-;-;-;-;-;-;-
IDIN27P583000;BRBMEFVI2JS4;FINANCIAL;-;-;-;-;-;-;-;-;-;142,18;-;-;-;-;-;-;-
IDIN27P583100;BRBMEFVI2LZ5;FINANCIAL;-;-;-;-;-;-;-;-;-;150,29;-;-;-;-;-;-;-
IDIN27P583200;BRBMEFVI2M09;FINANCIAL;-;-;-;-;-;-;-;-;-;159,15;-;-;-;-;-;-;-
IDIN27P583300;BRBMEFVI2M17;FINANCIAL;-;-;-;-;-;-;-;-;-;168,54;-;-;-;-;-;-;-
IDIN27P583400;BRBMEFVI2M25;FINANCIAL;-;-;-;-;-;-;-;-;-;178,67;-;-;-;-;-;-;-
IDIN27P583500;BRBMEFVI2JT2;FINANCIAL;-;-;-;-;-;-;-;-;-;190,01;-;-;-;-;-;-;-
IDIN27P583600;BRBMEFVI2M33;FINANCIAL;-;-;-;-;-;-;-;-;-;201,59;-;-;-;-;-;-;-
IDIN27P583700;BRBMEFVI2M41;FINANCIAL;-;-;-;-;-;-;-;-;-;212,61;-;-;-;-;-;-;-
IDIN27P583800;BRBMEFVI2M58;FINANCIAL;-;-;-;-;-;-;-;-;-;223,79;-;-;-;-;-;-;-
IDIN27P583900;BRBMEFVI2M66;FINANCIAL;-;-;-;-;-;-;-;-;-;236,04;-;-;-;-;-;-;-
IDIN27P584000;BRBMEFVI2JU0;FINANCIAL;-;-;-;-;-;-;-;-;-;248,95;-;-;-;-;-;-;-
IDIN27P584100;BRBMEFVI2M74;FINANCIAL;-;-;-;-;-;-;-;-;-;262,41;-;-;-;-;-;-;-
IDIN27P584200;BRBMEFVI2M82;FINANCIAL;-;-;-;-;-;-;-;-;-;276,46;-;-;-;-;-;-;-
IDIN27P584300;BRBMEFVI2M90;FINANCIAL;-;-;-;-;-;-;-;-;-;291,09;-;-;-;-;-;-;-
IDIN27P584400;BRBMEFVI2MA6;FINANCIAL;-;-;-;-;-;-;-;-;-;306,33;-;-;-;-;-;-;-
IDIN27P584500;BRBMEFVI2JV8;FINANCIAL;-;-;-;-;-;-;-;-;-;322,61;-;-;-;-;-;-;-
IDIN27P584600;BRBMEFVI2MB4;FINANCIAL;-;-;-;-;-;-;-;-;-;340,1;-;-;-;-;-;-;-
IDIN27P584700;BRBMEFVI2MC2;FINANCIAL;-;-;-;-;-;-;-;-;-;358,45;-;-;-;-;-;-;-
IDIN27P584800;BRBMEFVI2MD0;FINANCIAL;-;-;-;-;-;-;-;-;-;377,66;-;-;-;-;-;-;-
IDIN27P584900;BRBMEFVI2ME8;FINANCIAL;-;-;-;-;-;-;-;-;-;397,61;-;-;-;-;-;-;-
IDIN27P585000;BRBMEFVI2JW6;FINANCIAL;-;-;-;-;-;-;-;-;-;418,63;-;-;-;-;-;-;-
IDIN27P586200;BRBMEFVI2K68;FINANCIAL;-;-;-;-;-;-;-;-;-;746,87;-;-;-;-;-;-;-
IDIN27P586300;BRBMEFVI2JZ9;FINANCIAL;-;-;-;-;-;-;-;-;-;781,49;-;-;-;-;-;-;-
IDIN27P586500;BRBMEFVI2JX4;FINANCIAL;-;-;-;-;-;-;-;-;-;853,59;-;-;-;-;-;-;-
IDIN27P586800;BRBMEFVI2K19;FINANCIAL;-;-;-;-;-;-;-;-;-;961,05;-;-;-;-;-;-;-
IDIN27P587700;BRBMEFVI2MF5;FINANCIAL;-;-;-;-;-;-;-;-;-;1354,22;-;-;-;-;-;-;-
IDIN27P587800;BRBMEFVI2MG3;FINANCIAL;-;-;-;-;-;-;-;-;-;1408,4;-;-;-;-;-;-;-
IDIN27P587900;BRBMEFVI2MH1;FINANCIAL;-;-;-;-;-;-;-;-;-;1456,04;-;-;-;-;-;-;-
IDIN27P588000;BRBMEFVI2MI9;FINANCIAL;-;-;-;-;-;-;-;-;-;1502,29;-;-;-;-;-;-;-
IDIN27P588100;BRBMEFVI2JA2;FINANCIAL;-;-;-;-;-;-;-;-;-;1550,23;-;-;-;-;-;-;-
IDIN27P588200;BRBMEFVI2MJ7;FINANCIAL;-;-;-;-;-;-;-;-;-;1602,09;-;-;-;-;-;-;-
IDIN27P588300;BRBMEFVI2MK5;FINANCIAL;-;-;-;-;-;-;-;-;-;1656,41;-;-;-;-;-;-;-
IDIN27P588400;BRBMEFVI2ML3;FINANCIAL;-;-;-;-;-;-;-;-;-;1710,53;-;-;-;-;-;-;-
IDIN27P588500;BRBMEFVI2MM1;FINANCIAL;-;-;-;-;-;-;-;-;-;1765,05;-;-;-;-;-;-;-
IDIN27P588600;BRBMEFVI2MN9;FINANCIAL;-;-;-;-;-;-;-;-;-;1820,78;-;-;-;-;-;-;-
IDIN27P588700;BRBMEFVI2MO7;FINANCIAL;-;-;-;-;-;-;-;-;-;1877,49;-;-;-;-;-;-;-
IDIN27P588800;BRBMEFVI2MP4;FINANCIAL;-;-;-;-;-;-;-;-;-;1935,36;-;-;-;-;-;-;-
IDIN27P588900;BRBMEFVI2MQ2;FINANCIAL;-;-;-;-;-;-;-;-;-;1993,59;-;-;-;-;-;-;-
IDIN27P589000;BRBMEFVI2MR0;FINANCIAL;-;-;-;-;-;-;-;-;-;2052,35;-;-;-;-;-;-;-
IDIN27P589100;BRBMEFVI2MS8;FINANCIAL;-;-;-;-;-;-;-;-;-;2111,46;-;-;-;-;-;-;-
IDIN27P589200;BRBMEFVI2MT6;FINANCIAL;-;-;-;-;-;-;-;-;-;2171,48;-;-;-;-;-;-;-
IDIN27P591000;BRBMEFVI2MU4;FINANCIAL;-;-;-;-;-;-;-;-;-;3388,09;-;-;-;-;-;-;-
IDIN27P591100;BRBMEFVI2MV2;FINANCIAL;-;-;-;-;-;-;-;-;-;3460,38;-;-;-;-;-;-;-
IDIN27P591200;BRBMEFVI2MW0;FINANCIAL;-;-;-;-;-;-;-;-;-;3534,05;-;-;-;-;-;-;-
IDIN27P591300;BRBMEFVI2MX8;FINANCIAL;-;-;-;-;-;-;-;-;-;3608,57;-;-;-;-;-;-;-
IDIN27P591400;BRBMEFVI2MY6;FINANCIAL;-;-;-;-;-;-;-;-;-;3683,15;-;-;-;-;-;-;-
IDIN27P591500;BRBMEFVI2MZ3;FINANCIAL;-;-;-;-;-;-;-;-;-;3757,34;-;-;-;-;-;-;-
IDIN27P591600;BRBMEFVI2N08;FINANCIAL;-;-;-;-;-;-;-;-;-;3831,9;-;-;-;-;-;-;-
IDIN27P591700;BRBMEFVI2K50;FINANCIAL;-;-;-;-;-;-;-;-;-;3907,13;-;-;-;-;-;-;-
IDIN27P591800;BRBMEFVI2N16;FINANCIAL;-;-;-;-;-;-;-;-;-;3982,98;-;-;-;-;-;-;-
IDIN27P591900;BRBMEFVI2N24;FINANCIAL;-;-;-;-;-;-;-;-;-;4059,46;-;-;-;-;-;-;-
IDIN27P592000;BRBMEFVI2N32;FINANCIAL;-;-;-;-;-;-;-;-;-;4136,53;-;-;-;-;-;-;-
IDIN27P592100;BRBMEFVI2N40;FINANCIAL;-;-;-;-;-;-;-;-;-;4213,61;-;-;-;-;-;-;-
IDIN27P592200;BRBMEFVI2N57;FINANCIAL;-;-;-;-;-;-;-;-;-;4290,71;-;-;-;-;-;-;-
IDIN27P592300;BRBMEFVI2N65;FINANCIAL;-;-;-;-;-;-;-;-;-;4367,83;-;-;-;-;-;-;-
IDIN27P592400;BRBMEFVI2N73;FINANCIAL;-;-;-;-;-;-;-;-;-;4445,24;-;-;-;-;-;-;-
IDIN27P592500;BRBMEFVI2N81;FINANCIAL;-;-;-;-;-;-;-;-;-;4522,93;-;-;-;-;-;-;-
IDIN27P592600;BRBMEFVI2N99;FINANCIAL;-;-;-;-;-;-;-;-;-;4601,16;-;-;-;-;-;-;-
IDIN27P592700;BRBMEFVI2NA4;FINANCIAL;-;-;-;-;-;-;-;-;-;4679,65;-;-;-;-;-;-;-
IDIN27P592800;BRBMEFVI2NB2;FINANCIAL;-;-;-;-;-;-;-;-;-;4758,39;-;-;-;-;-;-;-
IDIN27P592900;BRBMEFVI2NC0;FINANCIAL;-;-;-;-;-;-;-;-;-;4837,25;-;-;-;-;-;-;-
IDIN27P593000;BRBMEFVI2ND8;FINANCIAL;-;-;-;-;-;-;-;-;-;4916,23;-;-;-;-;-;-;-
IDIN27P593100;BRBMEFVI2NE6;FINANCIAL;-;-;-;-;-;-;-;-;-;4995,45;-;-;-;-;-;-;-
IDIN27P593200;BRBMEFVI2NF3;FINANCIAL;-;-;-;-;-;-;-;-;-;5074,89;-;-;-;-;-;-;-
IDIN27P593300;BRBMEFVI2NG1;FINANCIAL;-;-;-;-;-;-;-;-;-;5154,68;-;-;-;-;-;-;-
IDIN27P593400;BRBMEFVI2NH9;FINANCIAL;-;-;-;-;-;-;-;-;-;5234,57;-;-;-;-;-;-;-
IDIN27P593500;BRBMEFVI2NI7;FINANCIAL;-;-;-;-;-;-;-;-;-;5314,67;-;-;-;-;-;-;-
IDIN27P625800;BRBMEFVI2K27;FINANCIAL;-;-;-;-;-;-;-;-;-;33339,34;-;-;-;-;-;-;-
IDIN27P667500;BRBMEFVI2K35;FINANCIAL;-;-;-;-;-;-;-;-;-;69932,2;-;-;-;-;-;-;-
IDIN28C657500;BRBMEFCICHU3;FINANCIAL;-;-;-;-;-;-;-;-;-;11174,06;-;-;-;-;-;-;-
IDIN28C657800;BRBMEFCICHV1;FINANCIAL;-;-;-;-;-;-;-;-;-;10996,63;-;-;-;-;-;-;-
IDIN28C658000;BRBMEFCICHX7;FINANCIAL;-;-;-;-;-;-;-;-;-;10878,97;-;-;-;-;-;-;-
IDIN28C660000;BRBMEFCICHY5;FINANCIAL;-;-;-;-;-;-;-;-;-;9745,81;-;-;-;-;-;-;-
IDIN28C662000;BRBMEFCICHZ2;FINANCIAL;-;-;-;-;-;-;-;-;-;8687,86;-;-;-;-;-;-;-
IDIN28C664000;BRBMEFCICI06;FINANCIAL;-;-;-;-;-;-;-;-;-;7712,72;-;-;-;-;-;-;-
IDIN28C666000;BRBMEFCICI14;FINANCIAL;-;-;-;-;-;-;-;-;-;6819,79;-;-;-;-;-;-;-
IDIN28C666600;BRBMEFCICK02;FINANCIAL;-;-;-;-;-;-;-;-;-;6567,16;-;-;-;-;-;-;-
IDIN28C666800;BRBMEFCICJY1;FINANCIAL;-;-;-;-;-;-;-;-;-;6484,6;-;-;-;-;-;-;-
IDIN28C667000;BRBMEFCICHW9;FINANCIAL;-;-;-;-;-;-;-;-;-;6403,11;-;-;-;-;-;-;-
IDIN28C668000;BRBMEFCICI22;FINANCIAL;-;-;-;-;-;-;-;-;-;6006,09;-;-;-;-;-;-;-
IDIN28C670000;BRBMEFCICI30;FINANCIAL;-;-;-;-;-;-;-;-;-;5272,94;-;-;-;-;-;-;-
IDIN28C672000;BRBMEFCICI48;FINANCIAL;-;-;-;-;-;-;-;-;-;4617,39;-;-;-;-;-;-;-
IDIN28C674000;BRBMEFCICI55;FINANCIAL;-;-;-;-;-;-;-;-;-;4034,08;-;-;-;-;-;-;-
IDIN28C676000;BRBMEFCICI63;FINANCIAL;-;-;-;-;-;-;-;-;-;3518,21;-;-;-;-;-;-;-
IDIN28C678000;BRBMEFCICI71;FINANCIAL;-;-;-;-;-;-;-;-;-;3062,61;-;-;-;-;-;-;-
IDIN28C680000;BRBMEFCICI89;FINANCIAL;-;-;-;-;-;-;-;-;-;2663,75;-;-;-;-;-;-;-
IDIN28C682000;BRBMEFCICI97;FINANCIAL;-;-;-;-;-;-;-;-;-;2316,56;-;-;-;-;-;-;-
IDIN28C684000;BRBMEFCICIA3;FINANCIAL;-;-;-;-;-;-;-;-;-;2011,88;-;-;-;-;-;-;-
IDIN28C686000;BRBMEFCICIB1;FINANCIAL;-;-;-;-;-;-;-;-;-;1748,29;-;-;-;-;-;-;-
IDIN28C688000;BRBMEFCICIC9;FINANCIAL;-;-;-;-;-;-;-;-;-;1519,89;-;-;-;-;-;-;-
IDIN28C690000;BRBMEFCICID7;FINANCIAL;-;-;-;-;-;-;-;-;-;1320,35;-;-;-;-;-;-;-
IDIN28C692000;BRBMEFCICIE5;FINANCIAL;-;-;-;-;-;-;-;-;-;1148,74;-;-;-;-;-;-;-
IDIN28C694000;BRBMEFCICIF2;FINANCIAL;-;-;-;-;-;-;-;-;-;1000,73;-;-;-;-;-;-;-
IDIN28C696000;BRBMEFCICIG0;FINANCIAL;-;-;-;-;-;-;-;-;-;870,91;-;-;-;-;-;-;-
IDIN28C698000;BRBMEFCICIH8;FINANCIAL;-;-;-;-;-;-;-;-;-;760,05;-;-;-;-;-;-;-
IDIN28C700000;BRBMEFCICII6;FINANCIAL;-;-;-;-;-;-;-;-;-;663,53;-;-;-;-;-;-;-
IDIN28C702000;BRBMEFCICIJ4;FINANCIAL;-;-;-;-;-;-;-;-;-;579,83;-;-;-;-;-;-;-
IDIN28C704000;BRBMEFCICIK2;FINANCIAL;-;-;-;-;-;-;-;-;-;508,36;-;-;-;-;-;-;-
IDIN28C706000;BRBMEFCICIL0;FINANCIAL;-;-;-;-;-;-;-;-;-;445,84;-;-;-;-;-;-;-
IDIN28C708000;BRBMEFCICIM8;FINANCIAL;-;-;-;-;-;-;-;-;-;391,17;-;-;-;-;-;-;-
IDIN28C710000;BRBMEFCICIN6;FINANCIAL;-;-;-;-;-;-;-;-;-;343,86;-;-;-;-;-;-;-
IDIN28C712000;BRBMEFCICIO4;FINANCIAL;-;-;-;-;-;-;-;-;-;303,01;-;-;-;-;-;-;-
IDIN28C714000;BRBMEFCICIP1;FINANCIAL;-;-;-;-;-;-;-;-;-;267,28;-;-;-;-;-;-;-
IDIN28C716000;BRBMEFCICIQ9;FINANCIAL;-;-;-;-;-;-;-;-;-;236,05;-;-;-;-;-;-;-
IDIN28C718000;BRBMEFCICIR7;FINANCIAL;-;-;-;-;-;-;-;-;-;208,77;-;-;-;-;-;-;-
IDIN28C720000;BRBMEFCICIS5;FINANCIAL;-;-;-;-;-;-;-;-;-;184,96;-;-;-;-;-;-;-
IDIN28C722000;BRBMEFCICIT3;FINANCIAL;-;-;-;-;-;-;-;-;-;164,11;-;-;-;-;-;-;-
IDIN28C724000;BRBMEFCICIU1;FINANCIAL;-;-;-;-;-;-;-;-;-;145,79;-;-;-;-;-;-;-
IDIN28C726000;BRBMEFCICIV9;FINANCIAL;-;-;-;-;-;-;-;-;-;129,72;-;-;-;-;-;-;-
IDIN28C728000;BRBMEFCICIW7;FINANCIAL;-;-;-;-;-;-;-;-;-;115,59;-;-;-;-;-;-;-
IDIN28C730000;BRBMEFCICIX5;FINANCIAL;-;-;-;-;-;-;-;-;-;103,15;-;-;-;-;-;-;-
IDIN28C732000;BRBMEFCICIY3;FINANCIAL;-;-;-;-;-;-;-;-;-;92,21;-;-;-;-;-;-;-
IDIN28C734000;BRBMEFCICIZ0;FINANCIAL;-;-;-;-;-;-;-;-;-;82,56;-;-;-;-;-;-;-
IDIN28C736000;BRBMEFCICJ05;FINANCIAL;-;-;-;-;-;-;-;-;-;74,06;-;-;-;-;-;-;-
IDIN28C738000;BRBMEFCICJ13;FINANCIAL;-;-;-;-;-;-;-;-;-;63,83;-;-;-;-;-;-;-
IDIN28C740000;BRBMEFCICJ21;FINANCIAL;-;-;-;-;-;-;-;-;-;52,22;-;-;-;-;-;-;-
IDIN28C742000;BRBMEFCICJ39;FINANCIAL;-;-;-;-;-;-;-;-;-;42,58;-;-;-;-;-;-;-
IDIN28C744000;BRBMEFCICJ47;FINANCIAL;-;-;-;-;-;-;-;-;-;34,61;-;-;-;-;-;-;-
IDIN28C746000;BRBMEFCICJ54;FINANCIAL;-;-;-;-;-;-;-;-;-;28,04;-;-;-;-;-;-;-
IDIN28C748000;BRBMEFCICJ62;FINANCIAL;-;-;-;-;-;-;-;-;-;22,65;-;-;-;-;-;-;-
IDIN28C750000;BRBMEFCICJ70;FINANCIAL;-;-;-;-;-;-;-;-;-;18,23;-;-;-;-;-;-;-
IDIN28P657500;BRBMEFVI2HU4;FINANCIAL;-;-;-;-;-;-;-;-;-;1323,82;-;-;-;-;-;-;-
IDIN28P657800;BRBMEFVI2HV2;FINANCIAL;-;-;-;-;-;-;-;-;-;1377,26;-;-;-;-;-;-;-
IDIN28P658000;BRBMEFVI2HX8;FINANCIAL;-;-;-;-;-;-;-;-;-;1413,5;-;-;-;-;-;-;-
IDIN28P660000;BRBMEFVI2HY6;FINANCIAL;-;-;-;-;-;-;-;-;-;1819,41;-;-;-;-;-;-;-
IDIN28P662000;BRBMEFVI2HZ3;FINANCIAL;-;-;-;-;-;-;-;-;-;2300,51;-;-;-;-;-;-;-
IDIN28P664000;BRBMEFVI2I05;FINANCIAL;-;-;-;-;-;-;-;-;-;2864,43;-;-;-;-;-;-;-
IDIN28P666000;BRBMEFVI2I13;FINANCIAL;-;-;-;-;-;-;-;-;-;3510,57;-;-;-;-;-;-;-
IDIN28P666600;BRBMEFVI2K01;FINANCIAL;-;-;-;-;-;-;-;-;-;3719,66;-;-;-;-;-;-;-
IDIN28P666800;BRBMEFVI2JY2;FINANCIAL;-;-;-;-;-;-;-;-;-;3791,01;-;-;-;-;-;-;-
IDIN28P667000;BRBMEFVI2HW0;FINANCIAL;-;-;-;-;-;-;-;-;-;3863,42;-;-;-;-;-;-;-
IDIN28P668000;BRBMEFVI2I21;FINANCIAL;-;-;-;-;-;-;-;-;-;4235,93;-;-;-;-;-;-;-
IDIN28P670000;BRBMEFVI2I39;FINANCIAL;-;-;-;-;-;-;-;-;-;5041,84;-;-;-;-;-;-;-
IDIN28P672000;BRBMEFVI2I47;FINANCIAL;-;-;-;-;-;-;-;-;-;5925,35;-;-;-;-;-;-;-
IDIN28P674000;BRBMEFVI2I54;FINANCIAL;-;-;-;-;-;-;-;-;-;6881,11;-;-;-;-;-;-;-
IDIN28P676000;BRBMEFVI2I62;FINANCIAL;-;-;-;-;-;-;-;-;-;7904,3;-;-;-;-;-;-;-
IDIN28P678000;BRBMEFVI2I70;FINANCIAL;-;-;-;-;-;-;-;-;-;8987,76;-;-;-;-;-;-;-
IDIN28P680000;BRBMEFVI2I88;FINANCIAL;-;-;-;-;-;-;-;-;-;10127,96;-;-;-;-;-;-;-
IDIN28P682000;BRBMEFVI2I96;FINANCIAL;-;-;-;-;-;-;-;-;-;11319,84;-;-;-;-;-;-;-
IDIN28P684000;BRBMEFVI2IA4;FINANCIAL;-;-;-;-;-;-;-;-;-;12554,21;-;-;-;-;-;-;-
IDIN28P686000;BRBMEFVI2IB2;FINANCIAL;-;-;-;-;-;-;-;-;-;13829,68;-;-;-;-;-;-;-
IDIN28P688000;BRBMEFVI2IC0;FINANCIAL;-;-;-;-;-;-;-;-;-;15140,34;-;-;-;-;-;-;-
IDIN28P690000;BRBMEFVI2ID8;FINANCIAL;-;-;-;-;-;-;-;-;-;16479,87;-;-;-;-;-;-;-
IDIN28P692000;BRBMEFVI2IE6;FINANCIAL;-;-;-;-;-;-;-;-;-;17847,32;-;-;-;-;-;-;-
IDIN28P694000;BRBMEFVI2IF3;FINANCIAL;-;-;-;-;-;-;-;-;-;19238,37;-;-;-;-;-;-;-
IDIN28P696000;BRBMEFVI2IG1;FINANCIAL;-;-;-;-;-;-;-;-;-;20647,61;-;-;-;-;-;-;-
IDIN28P698000;BRBMEFVI2IH9;FINANCIAL;-;-;-;-;-;-;-;-;-;22075,81;-;-;-;-;-;-;-
IDIN28P700000;BRBMEFVI2II7;FINANCIAL;-;-;-;-;-;-;-;-;-;23518,36;-;-;-;-;-;-;-
IDIN28P702000;BRBMEFVI2IJ5;FINANCIAL;-;-;-;-;-;-;-;-;-;24973,72;-;-;-;-;-;-;-
IDIN28P704000;BRBMEFVI2IK3;FINANCIAL;-;-;-;-;-;-;-;-;-;26441,32;-;-;-;-;-;-;-
IDIN28P706000;BRBMEFVI2IL1;FINANCIAL;-;-;-;-;-;-;-;-;-;27917,85;-;-;-;-;-;-;-
IDIN28P708000;BRBMEFVI2IM9;FINANCIAL;-;-;-;-;-;-;-;-;-;29402,25;-;-;-;-;-;-;-
IDIN28P710000;BRBMEFVI2IN7;FINANCIAL;-;-;-;-;-;-;-;-;-;30894;-;-;-;-;-;-;-
IDIN28P712000;BRBMEFVI2IO5;FINANCIAL;-;-;-;-;-;-;-;-;-;32392,21;-;-;-;-;-;-;-
IDIN28P714000;BRBMEFVI2IP2;FINANCIAL;-;-;-;-;-;-;-;-;-;33895,54;-;-;-;-;-;-;-
IDIN28P716000;BRBMEFVI2IQ0;FINANCIAL;-;-;-;-;-;-;-;-;-;35403,37;-;-;-;-;-;-;-
IDIN28P718000;BRBMEFVI2IR8;FINANCIAL;-;-;-;-;-;-;-;-;-;36915,15;-;-;-;-;-;-;-
IDIN28P720000;BRBMEFVI2IS6;FINANCIAL;-;-;-;-;-;-;-;-;-;38430,4;-;-;-;-;-;-;-
IDIN28P722000;BRBMEFVI2IT4;FINANCIAL;-;-;-;-;-;-;-;-;-;39948,62;-;-;-;-;-;-;-
IDIN28P724000;BRBMEFVI2IU2;FINANCIAL;-;-;-;-;-;-;-;-;-;41469,36;-;-;-;-;-;-;-
IDIN28P726000;BRBMEFVI2IV0;FINANCIAL;-;-;-;-;-;-;-;-;-;42992,35;-;-;-;-;-;-;-
IDIN28P728000;BRBMEFVI2IW8;FINANCIAL;-;-;-;-;-;-;-;-;-;44517,28;-;-;-;-;-;-;-
IDIN28P730000;BRBMEFVI2IX6;FINANCIAL;-;-;-;-;-;-;-;-;-;46043,9;-;-;-;-;-;-;-
IDIN28P732000;BRBMEFVI2IY4;FINANCIAL;-;-;-;-;-;-;-;-;-;47572,03;-;-;-;-;-;-;-
IDIN28P734000;BRBMEFVI2IZ1;FINANCIAL;-;-;-;-;-;-;-;-;-;49101,43;-;-;-;-;-;-;-
IDIN28P736000;BRBMEFVI2J04;FINANCIAL;-;-;-;-;-;-;-;-;-;50632;-;-;-;-;-;-;-
IDIN28P738000;BRBMEFVI2J12;FINANCIAL;-;-;-;-;-;-;-;-;-;52160,83;-;-;-;-;-;-;-
IDIN28P740000;BRBMEFVI2J20;FINANCIAL;-;-;-;-;-;-;-;-;-;53688,28;-;-;-;-;-;-;-
IDIN28P742000;BRBMEFVI2J38;FINANCIAL;-;-;-;-;-;-;-;-;-;55217,7;-;-;-;-;-;-;-
IDIN28P744000;BRBMEFVI2J46;FINANCIAL;-;-;-;-;-;-;-;-;-;56748,8;-;-;-;-;-;-;-
IDIN28P746000;BRBMEFVI2J53;FINANCIAL;-;-;-;-;-;-;-;-;-;58281,29;-;-;-;-;-;-;-
IDIN28P748000;BRBMEFVI2J61;FINANCIAL;-;-;-;-;-;-;-;-;-;59814,95;-;-;-;-;-;-;-
IDIN28P750000;BRBMEFVI2J79;FINANCIAL;-;-;-;-;-;-;-;-;-;61349,6;-;-;-;-;-;-;-
IDIQ26C520600;BRBMEFCIQ8F1;FINANCIAL;-;-;-;-;-;-;-;-;-;1739;-;-;-;-;-;-;-
IDIQ26C520700;BRBMEFCIQ7R8;FINANCIAL;-;-;-;-;-;-;-;-;-;1640,25;-;-;-;-;-;-;-
IDIQ26C520800;BRBMEFCIQ7S6;FINANCIAL;-;-;-;-;-;-;-;-;-;1541,5;-;-;-;-;-;-;-
IDIQ26C520900;BRBMEFCIQ7T4;FINANCIAL;-;-;-;-;-;-;-;-;-;1442,76;-;-;-;-;-;-;-
IDIQ26C521000;BRBMEFCIQ7U2;FINANCIAL;-;-;-;-;-;-;-;-;-;1344,01;-;-;-;-;-;-;-
IDIQ26C521100;BRBMEFCIQ7V0;FINANCIAL;-;-;-;-;-;-;-;-;-;1245,26;-;-;-;-;-;-;-
IDIQ26C521200;BRBMEFCIQ7W8;FINANCIAL;-;-;-;-;-;-;-;-;-;1146,51;-;-;-;-;-;-;-
IDIQ26C521300;BRBMEFCIQ7X6;FINANCIAL;-;-;-;-;-;-;-;-;-;1047,77;-;-;-;-;-;-;-
IDIQ26C521400;BRBMEFCIQ7Y4;FINANCIAL;-;-;-;-;-;-;-;-;-;949,02;-;-;-;-;-;-;-
IDIQ26C521500;BRBMEFCIQ7Z1;FINANCIAL;-;-;-;-;-;-;-;-;-;850,27;-;-;-;-;-;-;-
IDIQ26C521600;BRBMEFCIQ804;FINANCIAL;-;-;-;-;-;-;-;-;-;751,53;-;-;-;-;-;-;-
IDIQ26C521700;BRBMEFCIQ812;FINANCIAL;-;-;-;-;-;-;-;-;-;652,78;-;-;-;-;-;-;-
IDIQ26C521800;BRBMEFCIQ820;FINANCIAL;-;-;-;-;-;-;-;-;-;554,03;-;-;-;-;-;-;-
IDIQ26C521900;BRBMEFCIQ838;FINANCIAL;-;-;-;-;-;-;-;-;-;455,28;-;-;-;-;-;-;-
IDIQ26C522000;BRBMEFCIQ846;FINANCIAL;-;-;-;-;-;-;-;-;-;356,54;-;-;-;-;-;-;-
IDIQ26C522100;BRBMEFCIQ853;FINANCIAL;-;-;-;-;-;-;-;-;-;257,79;-;-;-;-;-;-;-
IDIQ26C522200;BRBMEFCIQ861;FINANCIAL;-;-;-;-;-;-;-;-;-;159,04;-;-;-;-;-;-;-
IDIQ26C522300;BRBMEFCIQ879;FINANCIAL;-;-;-;-;-;-;-;-;-;60,37;-;-;-;-;-;-;-
IDIQ26C522400;BRBMEFCIQ887;FINANCIAL;-;-;-;-;-;-;-;-;-;0,37;-;-;-;-;-;-;-
IDIQ26C522500;BRBMEFCIQ895;FINANCIAL;-;-;-;-;-;-;-;-;-;0,01;-;-;-;-;-;-;-
IDIQ26C522600;BRBMEFCIQ8A2;FINANCIAL;-;-;-;-;-;-;-;-;-;0,01;-;-;-;-;-;-;-
IDIQ26C522700;BRBMEFCIQ8B0;FINANCIAL;-;-;-;-;-;-;-;-;-;0,01;-;-;-;-;-;-;-
IDIQ26C522800;BRBMEFCIQ8C8;FINANCIAL;-;-;-;-;-;-;-;-;-;0,01;-;-;-;-;-;-;-
IDIQ26C522900;BRBMEFCIQ8D6;FINANCIAL;-;-;-;-;-;-;-;-;-;0,01;-;-;-;-;-;-;-
IDIQ26C523000;BRBMEFCIQ8E4;FINANCIAL;-;-;-;-;-;-;-;-;-;0,01;-;-;-;-;-;-;-
IDIQ26C523100;BRBMEFCIQ8G9;FINANCIAL;-;-;-;-;-;-;-;-;-;0,01;-;-;-;-;-;-;-
IDIQ26C523200;BRBMEFCIQ8H7;FINANCIAL;-;-;-;-;-;-;-;-;-;0,01;-;-;-;-;-;-;-
IDIQ26C523300;BRBMEFCIQ8I5;FINANCIAL;-;-;-;-;-;-;-;-;-;0,01;-;-;-;-;-;-;-
IDIQ26C523400;BRBMEFCIQ8J3;FINANCIAL;-;-;-;-;-;-;-;-;-;0,01;-;-;-;-;-;-;-
IDIQ26C523500;BRBMEFCIQ8K1;FINANCIAL;-;-;-;-;-;-;-;-;-;0,01;-;-;-;-;-;-;-
IDIQ26C523600;BRBMEFCIQ8L9;FINANCIAL;-;-;-;-;-;-;-;-;-;0,01;-;-;-;-;-;-;-
IDIQ26C523700;BRBMEFCIQ8M7;FINANCIAL;-;-;-;-;-;-;-;-;-;0,01;-;-;-;-;-;-;-
IDIQ26C523800;BRBMEFCIQ8N5;FINANCIAL;-;-;-;-;-;-;-;-;-;0,01;-;-;-;-;-;-;-
IDIQ26C523900;BRBMEFCIQ8O3;FINANCIAL;-;-;-;-;-;-;-;-;-;0,01;-;-;-;-;-;-;-
IDIQ26C524000;BRBMEFCIQ8P0;FINANCIAL;-;-;-;-;-;-;-;-;-;0,01;-;-;-;-;-;-;-
IDIQ26C524100;BRBMEFCIQ8Q8;FINANCIAL;-;-;-;-;-;-;-;-;-;0,01;-;-;-;-;-;-;-
IDIQ26C524200;BRBMEFCIQ8R6;FINANCIAL;-;-;-;-;-;-;-;-;-;0,01;-;-;-;-;-;-;-
IDIQ26C524300;BRBMEFCIQ8S4;FINANCIAL;-;-;-;-;-;-;-;-;-;0,01;-;-;-;-;-;-;-
IDIQ26C524400;BRBMEFCIQ8T2;FINANCIAL;-;-;-;-;-;-;-;-;-;0,01;-;-;-;-;-;-;-
IDIQ26C524500;BRBMEFCIQ8U0;FINANCIAL;-;-;-;-;-;-;-;-;-;0,01;-;-;-;-;-;-;-
IDIQ26C900000;BRBMEFCIQ8V8;FINANCIAL;-;-;-;-;-;-;-;-;-;0,01;-;-;-;-;-;-;-
IDIQ26P520600;BRBMEFVIQ8F8;FINANCIAL;-;-;-;-;-;-;-;-;-;0,01;-;-;-;-;-;-;-
IDIQ26P520700;BRBMEFVIQ7R5;FINANCIAL;-;-;-;-;-;-;-;-;-;0,01;-;-;-;-;-;-;-
IDIQ26P520800;BRBMEFVIQ7S3;FINANCIAL;-;-;-;-;-;-;-;-;-;0,01;-;-;-;-;-;-;-
IDIQ26P520900;BRBMEFVIQ7T1;FINANCIAL;-;-;-;-;-;-;-;-;-;0,01;-;-;-;-;-;-;-
IDIQ26P521000;BRBMEFVIQ7U9;FINANCIAL;-;-;-;-;-;-;-;-;-;0,01;-;-;-;-;-;-;-
IDIQ26P521100;BRBMEFVIQ7V7;FINANCIAL;-;-;-;-;-;-;-;-;-;0,01;-;-;-;-;-;-;-
IDIQ26P521200;BRBMEFVIQ7W5;FINANCIAL;-;-;-;-;-;-;-;-;-;0,01;-;-;-;-;-;-;-
IDIQ26P521300;BRBMEFVIQ7X3;FINANCIAL;-;-;-;-;-;-;-;-;-;0,01;-;-;-;-;-;-;-
IDIQ26P521400;BRBMEFVIQ7Y1;FINANCIAL;-;-;-;-;-;-;-;-;-;0,01;-;-;-;-;-;-;-
IDIQ26P521500;BRBMEFVIQ7Z8;FINANCIAL;-;-;-;-;-;-;-;-;-;0,01;-;-;-;-;-;-;-
IDIQ26P521600;BRBMEFVIQ804;FINANCIAL;-;-;-;-;-;-;-;-;-;0,01;-;-;-;-;-;-;-
IDIQ26P521700;BRBMEFVIQ812;FINANCIAL;-;-;-;-;-;-;-;-;-;0,01;-;-;-;-;-;-;-
IDIQ26P521800;BRBMEFVIQ820;FINANCIAL;-;-;-;-;-;-;-;-;-;0,01;-;-;-;-;-;-;-
IDIQ26P521900;BRBMEFVIQ838;FINANCIAL;-;-;-;-;-;-;-;-;-;0,01;-;-;-;-;-;-;-
IDIQ26P522000;BRBMEFVIQ846;FINANCIAL;-;-;-;-;-;-;-;-;-;0,01;-;-;-;-;-;-;-
IDIQ26P522100;BRBMEFVIQ853;FINANCIAL;-;-;-;-;-;-;-;-;-;0,01;-;-;-;-;-;-;-
IDIQ26P522200;BRBMEFVIQ861;FINANCIAL;-;-;-;-;-;-;-;-;-;0,01;-;-;-;-;-;-;-
IDIQ26P522300;BRBMEFVIQ879;FINANCIAL;-;-;-;-;-;-;-;-;-;0,08;-;-;-;-;-;-;-
IDIQ26P522400;BRBMEFVIQ887;FINANCIAL;-;-;-;-;-;-;-;-;-;38,82;-;-;-;-;-;-;-
IDIQ26P522500;BRBMEFVIQ895;FINANCIAL;-;-;-;-;-;-;-;-;-;137,2;-;-;-;-;-;-;-
IDIQ26P522600;BRBMEFVIQ8A9;FINANCIAL;-;-;-;-;-;-;-;-;-;235,95;-;-;-;-;-;-;-
IDIQ26P522700;BRBMEFVIQ8B7;FINANCIAL;-;-;-;-;-;-;-;-;-;334,69;-;-;-;-;-;-;-
IDIQ26P522800;BRBMEFVIQ8C5;FINANCIAL;-;-;-;-;-;-;-;-;-;433,44;-;-;-;-;-;-;-
IDIQ26P522900;BRBMEFVIQ8D3;FINANCIAL;-;-;-;-;-;-;-;-;-;532,19;-;-;-;-;-;-;-
IDIQ26P523000;BRBMEFVIQ8E1;FINANCIAL;-;-;-;-;-;-;-;-;-;630,93;-;-;-;-;-;-;-
IDIQ26P523100;BRBMEFVIQ8G6;FINANCIAL;-;-;-;-;-;-;-;-;-;729,68;-;-;-;-;-;-;-
IDIQ26P523200;BRBMEFVIQ8H4;FINANCIAL;-;-;-;-;-;-;-;-;-;828,43;-;-;-;-;-;-;-
IDIQ26P523300;BRBMEFVIQ8I2;FINANCIAL;-;-;-;-;-;-;-;-;-;927,18;-;-;-;-;-;-;-
IDIQ26P523400;BRBMEFVIQ8J0;FINANCIAL;-;-;-;-;-;-;-;-;-;1025,92;-;-;-;-;-;-;-
IDIQ26P523500;BRBMEFVIQ8K8;FINANCIAL;-;-;-;-;-;-;-;-;-;1124,67;-;-;-;-;-;-;-
IDIQ26P523600;BRBMEFVIQ8L6;FINANCIAL;-;-;-;-;-;-;-;-;-;1223,42;-;-;-;-;-;-;-
IDIQ26P523700;BRBMEFVIQ8M4;FINANCIAL;-;-;-;-;-;-;-;-;-;1322,16;-;-;-;-;-;-;-
IDIQ26P523800;BRBMEFVIQ8N2;FINANCIAL;-;-;-;-;-;-;-;-;-;1420,91;-;-;-;-;-;-;-
IDIQ26P523900;BRBMEFVIQ8O0;FINANCIAL;-;-;-;-;-;-;-;-;-;1519,66;-;-;-;-;-;-;-
IDIQ26P524000;BRBMEFVIQ8P7;FINANCIAL;-;-;-;-;-;-;-;-;-;1618,41;-;-;-;-;-;-;-
IDIQ26P524100;BRBMEFVIQ8Q5;FINANCIAL;-;-;-;-;-;-;-;-;-;1717,15;-;-;-;-;-;-;-
IDIQ26P524200;BRBMEFVIQ8R3;FINANCIAL;-;-;-;-;-;-;-;-;-;1815,9;-;-;-;-;-;-;-
IDIQ26P524300;BRBMEFVIQ8S1;FINANCIAL;-;-;-;-;-;-;-;-;-;1914,65;-;-;-;-;-;-;-
IDIQ26P524400;BRBMEFVIQ8T9;FINANCIAL;-;-;-;-;-;-;-;-;-;2013,39;-;-;-;-;-;-;-
IDIQ26P524500;BRBMEFVIQ8U7;FINANCIAL;-;-;-;-;-;-;-;-;-;2112,14;-;-;-;-;-;-;-
IDIQ26P900000;BRBMEFVIQ8V5;FINANCIAL;-;-;-;-;-;-;-;-;-;372907,76;-;-;-;-;-;-;-
IDIU26C526100;BRBMEFCIU8M1;FINANCIAL;-;-;-;-;-;-;-;-;-;1942,25;-;-;-;-;-;-;-
IDIU26C526200;BRBMEFCIU8N9;FINANCIAL;-;-;-;-;-;-;-;-;-;1844,57;-;-;-;-;-;-;-
IDIU26C526300;BRBMEFCIU8O7;FINANCIAL;-;-;-;-;-;-;-;-;-;1746,9;-;-;-;-;-;-;-
IDIU26C526400;BRBMEFCIU8P4;FINANCIAL;-;-;-;-;-;-;-;-;-;1649,22;-;-;-;-;-;-;-
IDIU26C526500;BRBMEFCIU8Q2;FINANCIAL;-;-;-;-;-;-;-;-;-;1551,54;-;-;-;-;-;-;-
IDIU26C526600;BRBMEFCIU8R0;FINANCIAL;-;-;-;-;-;-;-;-;-;1453,87;-;-;-;-;-;-;-
IDIU26C526700;BRBMEFCIU8S8;FINANCIAL;-;-;-;-;-;-;-;-;-;1356,19;-;-;-;-;-;-;-
IDIU26C526800;BRBMEFCIU8T6;FINANCIAL;-;-;-;-;-;-;-;-;-;1258,52;-;-;-;-;-;-;-
IDIU26C526900;BRBMEFCIU8U4;FINANCIAL;-;-;-;-;-;-;-;-;-;1160,84;-;-;-;-;-;-;-
IDIU26C527000;BRBMEFCIU8V2;FINANCIAL;-;-;-;-;-;-;-;-;-;1063,16;-;-;-;-;-;-;-
IDIU26C527100;BRBMEFCIU8W0;FINANCIAL;-;-;-;-;-;-;-;-;-;965,49;-;-;-;-;-;-;-
IDIU26C527200;BRBMEFCIU8X8;FINANCIAL;-;-;-;-;-;-;-;-;-;867,81;-;-;-;-;-;-;-
IDIU26C527300;BRBMEFCIU8Y6;FINANCIAL;-;-;-;-;-;-;-;-;-;770,13;-;-;-;-;-;-;-
IDIU26C527400;BRBMEFCIU8Z3;FINANCIAL;-;-;-;-;-;-;-;-;-;672,46;-;-;-;-;-;-;-
IDIU26C527500;BRBMEFCIU905;FINANCIAL;-;-;-;-;-;-;-;-;-;574,78;-;-;-;-;-;-;-
IDIU26C527600;BRBMEFCIU913;FINANCIAL;-;-;-;-;-;-;-;-;-;477,11;-;-;-;-;-;-;-
IDIU26C527700;BRBMEFCIU921;FINANCIAL;-;-;-;-;-;-;-;-;-;379,43;-;-;-;-;-;-;-
IDIU26C527800;BRBMEFCIU939;FINANCIAL;-;-;-;-;-;-;-;-;-;281,75;-;-;-;-;-;-;-
IDIU26C527900;BRBMEFCIU947;FINANCIAL;-;-;-;-;-;-;-;-;-;184,08;-;-;-;-;-;-;-
IDIU26C528000;BRBMEFCIU954;FINANCIAL;-;-;-;-;-;-;-;-;-;87,29;-;-;-;-;-;-;-
IDIU26C528100;BRBMEFCIU962;FINANCIAL;-;-;-;-;-;-;-;-;-;14,87;-;-;-;-;-;-;-
IDIU26C528200;BRBMEFCIU970;FINANCIAL;-;-;-;-;-;-;-;-;-;1,72;-;-;-;-;-;-;-
IDIU26C528300;BRBMEFCIU988;FINANCIAL;-;-;-;-;-;-;-;-;-;1,48;-;-;-;-;-;-;-
IDIU26C528400;BRBMEFCIU996;FINANCIAL;-;-;-;-;-;-;-;-;-;1,35;-;-;-;-;-;-;-
IDIU26C528500;BRBMEFCIU9A4;FINANCIAL;-;-;-;-;-;-;-;-;-;1,28;-;-;-;-;-;-;-
IDIU26C528600;BRBMEFCIU9B2;FINANCIAL;-;-;-;-;-;-;-;-;-;1,21;-;-;-;-;-;-;-
IDIU26C528700;BRBMEFCIU9C0;FINANCIAL;-;-;-;-;-;-;-;-;-;1,15;-;-;-;-;-;-;-
IDIU26C528800;BRBMEFCIU9D8;FINANCIAL;-;-;-;-;-;-;-;-;-;1,12;-;-;-;-;-;-;-
IDIU26C528900;BRBMEFCIU9E6;FINANCIAL;-;-;-;-;-;-;-;-;-;0,88;-;-;-;-;-;-;-
IDIU26C529000;BRBMEFCIU9F3;FINANCIAL;-;-;-;-;-;-;-;-;-;0,35;-;-;-;-;-;-;-
IDIU26C529100;BRBMEFCIU9G1;FINANCIAL;-;-;-;-;-;-;-;-;-;0,13;-;-;-;-;-;-;-
IDIU26C529200;BRBMEFCIU9H9;FINANCIAL;-;-;-;-;-;-;-;-;-;0,04;-;-;-;-;-;-;-
IDIU26C529300;BRBMEFCIU9I7;FINANCIAL;-;-;-;-;-;-;-;-;-;0,01;-;-;-;-;-;-;-
IDIU26C529400;BRBMEFCIU9J5;FINANCIAL;-;-;-;-;-;-;-;-;-;0,01;-;-;-;-;-;-;-
IDIU26C529500;BRBMEFCIU9K3;FINANCIAL;-;-;-;-;-;-;-;-;-;0,01;-;-;-;-;-;-;-
IDIU26C529600;BRBMEFCIU9L1;FINANCIAL;-;-;-;-;-;-;-;-;-;0,01;-;-;-;-;-;-;-
IDIU26C529700;BRBMEFCIU9M9;FINANCIAL;-;-;-;-;-;-;-;-;-;0,01;-;-;-;-;-;-;-
IDIU26C529800;BRBMEFCIU9N7;FINANCIAL;-;-;-;-;-;-;-;-;-;0,01;-;-;-;-;-;-;-
IDIU26C529900;BRBMEFCIU9O5;FINANCIAL;-;-;-;-;-;-;-;-;-;0,01;-;-;-;-;-;-;-
IDIU26C530000;BRBMEFCIU9P2;FINANCIAL;-;-;-;-;-;-;-;-;-;0,01;-;-;-;-;-;-;-
IDIU26C900000;BRBMEFCIU9Q0;FINANCIAL;-;-;-;-;-;-;-;-;-;0,01;-;-;-;-;-;-;-
IDIU26P526100;BRBMEFVIU8M8;FINANCIAL;-;-;-;-;-;-;-;-;-;0,01;-;-;-;-;-;-;-
IDIU26P526200;BRBMEFVIU8N6;FINANCIAL;-;-;-;-;-;-;-;-;-;0,01;-;-;-;-;-;-;-
IDIU26P526300;BRBMEFVIU8O4;FINANCIAL;-;-;-;-;-;-;-;-;-;0,01;-;-;-;-;-;-;-
IDIU26P526400;BRBMEFVIU8P1;FINANCIAL;-;-;-;-;-;-;-;-;-;0,01;-;-;-;-;-;-;-
IDIU26P526500;BRBMEFVIU8Q9;FINANCIAL;-;-;-;-;-;-;-;-;-;0,01;-;-;-;-;-;-;-
IDIU26P526600;BRBMEFVIU8R7;FINANCIAL;-;-;-;-;-;-;-;-;-;0,01;-;-;-;-;-;-;-
IDIU26P526700;BRBMEFVIU8S5;FINANCIAL;-;-;-;-;-;-;-;-;-;0,01;-;-;-;-;-;-;-
IDIU26P526800;BRBMEFVIU8T3;FINANCIAL;-;-;-;-;-;-;-;-;-;0,01;-;-;-;-;-;-;-
IDIU26P526900;BRBMEFVIU8U1;FINANCIAL;-;-;-;-;-;-;-;-;-;0,01;-;-;-;-;-;-;-
IDIU26P527000;BRBMEFVIU8V9;FINANCIAL;-;-;-;-;-;-;-;-;-;0,01;-;-;-;-;-;-;-
IDIU26P527100;BRBMEFVIU8W7;FINANCIAL;-;-;-;-;-;-;-;-;-;0,01;-;-;-;-;-;-;-
IDIU26P527200;BRBMEFVIU8X5;FINANCIAL;-;-;-;-;-;-;-;-;-;0,01;-;-;-;-;-;-;-
IDIU26P527300;BRBMEFVIU8Y3;FINANCIAL;-;-;-;-;-;-;-;-;-;0,01;-;-;-;-;-;-;-
IDIU26P527400;BRBMEFVIU8Z0;FINANCIAL;-;-;-;-;-;-;-;-;-;0,01;-;-;-;-;-;-;-
IDIU26P527500;BRBMEFVIU905;FINANCIAL;-;-;-;-;-;-;-;-;-;0,01;-;-;-;-;-;-;-
IDIU26P527600;BRBMEFVIU913;FINANCIAL;-;-;-;-;-;-;-;-;-;0,01;-;-;-;-;-;-;-
IDIU26P527700;BRBMEFVIU921;FINANCIAL;-;-;-;-;-;-;-;-;-;0,01;-;-;-;-;-;-;-
IDIU26P527800;BRBMEFVIU939;FINANCIAL;-;-;-;-;-;-;-;-;-;0,01;-;-;-;-;-;-;-
IDIU26P527900;BRBMEFVIU947;FINANCIAL;-;-;-;-;-;-;-;-;-;0,01;-;-;-;-;-;-;-
IDIU26P528000;BRBMEFVIU954;FINANCIAL;-;-;-;-;-;-;-;-;-;0,89;-;-;-;-;-;-;-
IDIU26P528100;BRBMEFVIU962;FINANCIAL;-;-;-;-;-;-;-;-;-;26,14;-;-;-;-;-;-;-
IDIU26P528200;BRBMEFVIU970;FINANCIAL;-;-;-;-;-;-;-;-;-;110,67;-;-;-;-;-;-;-
IDIU26P528300;BRBMEFVIU988;FINANCIAL;-;-;-;-;-;-;-;-;-;208,11;-;-;-;-;-;-;-
IDIU26P528400;BRBMEFVIU996;FINANCIAL;-;-;-;-;-;-;-;-;-;305,66;-;-;-;-;-;-;-
IDIU26P528500;BRBMEFVIU9A1;FINANCIAL;-;-;-;-;-;-;-;-;-;403,26;-;-;-;-;-;-;-
IDIU26P528600;BRBMEFVIU9B9;FINANCIAL;-;-;-;-;-;-;-;-;-;500,87;-;-;-;-;-;-;-
IDIU26P528700;BRBMEFVIU9C7;FINANCIAL;-;-;-;-;-;-;-;-;-;598,48;-;-;-;-;-;-;-
IDIU26P528800;BRBMEFVIU9D5;FINANCIAL;-;-;-;-;-;-;-;-;-;696,12;-;-;-;-;-;-;-
IDIU26P528900;BRBMEFVIU9E3;FINANCIAL;-;-;-;-;-;-;-;-;-;793,56;-;-;-;-;-;-;-
IDIU26P529000;BRBMEFVIU9F0;FINANCIAL;-;-;-;-;-;-;-;-;-;890,71;-;-;-;-;-;-;-
IDIU26P529100;BRBMEFVIU9G8;FINANCIAL;-;-;-;-;-;-;-;-;-;988,16;-;-;-;-;-;-;-
IDIU26P529200;BRBMEFVIU9H6;FINANCIAL;-;-;-;-;-;-;-;-;-;1085,76;-;-;-;-;-;-;-
IDIU26P529300;BRBMEFVIU9I4;FINANCIAL;-;-;-;-;-;-;-;-;-;1183,4;-;-;-;-;-;-;-
IDIU26P529400;BRBMEFVIU9J2;FINANCIAL;-;-;-;-;-;-;-;-;-;1281,07;-;-;-;-;-;-;-
IDIU26P529500;BRBMEFVIU9K0;FINANCIAL;-;-;-;-;-;-;-;-;-;1378,74;-;-;-;-;-;-;-
IDIU26P529600;BRBMEFVIU9L8;FINANCIAL;-;-;-;-;-;-;-;-;-;1476,42;-;-;-;-;-;-;-
IDIU26P529700;BRBMEFVIU9M6;FINANCIAL;-;-;-;-;-;-;-;-;-;1574,09;-;-;-;-;-;-;-
IDIU26P529800;BRBMEFVIU9N4;FINANCIAL;-;-;-;-;-;-;-;-;-;1671,77;-;-;-;-;-;-;-
IDIU26P529900;BRBMEFVIU9O2;FINANCIAL;-;-;-;-;-;-;-;-;-;1769,45;-;-;-;-;-;-;-
IDIU26P530000;BRBMEFVIU9P9;FINANCIAL;-;-;-;-;-;-;-;-;-;1867,12;-;-;-;-;-;-;-
IDIU26P900000;BRBMEFVIU9Q7;FINANCIAL;-;-;-;-;-;-;-;-;-;363269,08;-;-;-;-;-;-;-
IDIV26C522000;BRBMEFCIVVU4;FINANCIAL;-;-;-;-;-;-;-;-;-;11461,07;-;-;-;-;-;-;-
IDIV26C524000;BRBMEFCIVVV2;FINANCIAL;-;-;-;-;-;-;-;-;-;9528,68;-;-;-;-;-;-;-
IDIV26C526000;BRBMEFCIVVW0;FINANCIAL;-;-;-;-;-;-;-;-;-;7596,28;-;-;-;-;-;-;-
IDIV26C528000;BRBMEFCIVVX8;FINANCIAL;-;-;-;-;-;-;-;-;-;5663,88;-;-;-;-;-;-;-
IDIV26C528800;BRBMEFCIVWY4;FINANCIAL;-;-;-;-;-;-;-;-;-;4890,92;-;-;-;-;-;-;-
IDIV26C528900;BRBMEFCIVWZ1;FINANCIAL;-;-;-;-;-;-;-;-;-;4794,3;-;-;-;-;-;-;-
IDIV26C529000;BRBMEFCIVX04;FINANCIAL;-;-;-;-;-;-;-;-;-;4697,68;-;-;-;-;-;-;-
IDIV26C529100;BRBMEFCIVX12;FINANCIAL;-;-;-;-;-;-;-;-;-;4601,06;-;-;-;-;-;-;-
IDIV26C529200;BRBMEFCIVX20;FINANCIAL;-;-;-;-;-;-;-;-;-;4504,44;-;-;-;-;-;-;-
IDIV26C529300;BRBMEFCIVX38;FINANCIAL;-;-;-;-;-;-;-;-;-;4407,82;-;-;-;-;-;-;-
IDIV26C529400;BRBMEFCIVX46;FINANCIAL;-;-;-;-;-;-;-;-;-;4311,2;-;-;-;-;-;-;-
IDIV26C529500;BRBMEFCIVX53;FINANCIAL;-;-;-;-;-;-;-;-;-;4214,58;-;-;-;-;-;-;-
IDIV26C529600;BRBMEFCIVX61;FINANCIAL;-;-;-;-;-;-;-;-;-;4117,96;-;-;-;-;-;-;-
IDIV26C529700;BRBMEFCIVX79;FINANCIAL;-;-;-;-;-;-;-;-;-;4021,34;-;-;-;-;-;-;-
IDIV26C529800;BRBMEFCIVX87;FINANCIAL;-;-;-;-;-;-;-;-;-;3924,72;-;-;-;-;-;-;-
IDIV26C529900;BRBMEFCIVX95;FINANCIAL;-;-;-;-;-;-;-;-;-;3828,1;-;-;-;-;-;-;-
IDIV26C530000;BRBMEFCIVVY6;FINANCIAL;-;-;-;-;-;-;-;-;-;3731,48;-;-;-;-;-;-;-
IDIV26C530100;BRBMEFCIVXA2;FINANCIAL;-;-;-;-;-;-;-;-;-;3634,86;-;-;-;-;-;-;-
IDIV26C530200;BRBMEFCIVXB0;FINANCIAL;-;-;-;-;-;-;-;-;-;3538,24;-;-;-;-;-;-;-
IDIV26C530300;BRBMEFCIVXC8;FINANCIAL;-;-;-;-;-;-;-;-;-;3441,62;-;-;-;-;-;-;-
IDIV26C530400;BRBMEFCIVXD6;FINANCIAL;-;-;-;-;-;-;-;-;-;3345;-;-;-;-;-;-;-
IDIV26C530500;BRBMEFCIVW88;FINANCIAL;-;-;-;-;-;-;-;-;-;3248,38;-;-;-;-;-;-;-
IDIV26C530600;BRBMEFCIVXE4;FINANCIAL;-;-;-;-;-;-;-;-;-;3151,76;-;-;-;-;-;-;-
IDIV26C530700;BRBMEFCIVXF1;FINANCIAL;-;-;-;-;-;-;-;-;-;3055,14;-;-;-;-;-;-;-
IDIV26C530800;BRBMEFCIVXG9;FINANCIAL;-;-;-;-;-;-;-;-;-;2958,52;-;-;-;-;-;-;-
IDIV26C530900;BRBMEFCIVXH7;FINANCIAL;-;-;-;-;-;-;-;-;-;2861,9;-;-;-;-;-;-;-
IDIV26C531000;BRBMEFCIVW96;FINANCIAL;-;-;-;-;-;-;-;-;-;2765,28;-;-;-;-;-;-;-
IDIV26C531100;BRBMEFCIVXI5;FINANCIAL;-;-;-;-;-;-;-;-;-;2668,66;-;-;-;-;-;-;-
IDIV26C531200;BRBMEFCIVXJ3;FINANCIAL;-;-;-;-;-;-;-;-;-;2572,04;-;-;-;-;-;-;-
IDIV26C531300;BRBMEFCIVXK1;FINANCIAL;-;-;-;-;-;-;-;-;-;2475,42;-;-;-;-;-;-;-
IDIV26C531400;BRBMEFCIVXL9;FINANCIAL;-;-;-;-;-;-;-;-;-;2378,81;-;-;-;-;-;-;-
IDIV26C531500;BRBMEFCIVWA4;FINANCIAL;-;-;-;-;-;-;-;-;-;2282,19;-;-;-;-;-;-;-
IDIV26C531600;BRBMEFCIVWF3;FINANCIAL;-;-;-;-;-;-;-;-;-;2185,57;-;-;-;-;-;-;-
IDIV26C531700;BRBMEFCIVWG1;FINANCIAL;-;-;-;-;-;-;-;-;-;2088,95;-;-;-;-;-;-;-
IDIV26C531800;BRBMEFCIVWH9;FINANCIAL;-;-;-;-;-;-;-;-;-;1992,33;-;-;-;-;-;-;-
IDIV26C531900;BRBMEFCIVWI7;FINANCIAL;-;-;-;-;-;-;-;-;-;1895,71;-;-;-;-;-;-;-
IDIV26C532000;BRBMEFCIVVZ3;FINANCIAL;-;-;-;-;-;-;-;-;-;1799,09;-;-;-;-;-;-;-
IDIV26C532100;BRBMEFCIVWJ5;FINANCIAL;-;-;-;-;-;-;-;-;-;1702,47;-;-;-;-;-;-;-
IDIV26C532200;BRBMEFCIVWK3;FINANCIAL;-;-;-;-;-;-;-;-;-;1605,85;-;-;-;-;-;-;-
IDIV26C532300;BRBMEFCIVWL1;FINANCIAL;-;-;-;-;-;-;-;-;-;1509,23;-;-;-;-;-;-;-
IDIV26C532400;BRBMEFCIVWM9;FINANCIAL;-;-;-;-;-;-;-;-;-;1412,61;-;-;-;-;-;-;-
IDIV26C532500;BRBMEFCIVWB2;FINANCIAL;-;-;-;-;-;-;-;-;-;1315,99;-;-;-;-;-;-;-
IDIV26C532600;BRBMEFCIVWN7;FINANCIAL;-;-;-;-;-;-;-;-;-;1219,37;-;-;-;-;-;-;-
IDIV26C532700;BRBMEFCIVWO5;FINANCIAL;-;-;-;-;-;-;-;-;-;1122,75;-;-;-;-;-;-;-
IDIV26C532800;BRBMEFCIVWP2;FINANCIAL;-;-;-;-;-;-;-;-;-;1026,13;-;-;-;-;-;-;-
IDIV26C532900;BRBMEFCIVWQ0;FINANCIAL;-;-;-;-;-;-;-;-;-;929,51;-;-;-;-;-;-;-
IDIV26C533000;BRBMEFCIVWC0;FINANCIAL;-;-;-;-;-;-;-;-;-;832,89;-;-;-;-;-;-;-
IDIV26C533100;BRBMEFCIVWR8;FINANCIAL;-;-;-;-;-;-;-;-;-;736,27;-;-;-;-;-;-;-
IDIV26C533200;BRBMEFCIVWS6;FINANCIAL;663,57;663,57;663,57;663,57;663,57;-26,06;-;-;-;639,65;-;-;-;-;1;102;67684,14
IDIV26C533300;BRBMEFCIVWT4;FINANCIAL;-;-;-;-;-;-;-;-;-;543,06;-;-;-;-;-;-;-
IDIV26C533400;BRBMEFCIVWU2;FINANCIAL;-;-;-;-;-;-;-;-;-;446,62;-;-;-;-;-;-;-
IDIV26C533500;BRBMEFCIVWD8;FINANCIAL;-;-;-;-;-;-;-;-;-;350,54;-;-;-;-;-;-;-
IDIV26C533600;BRBMEFCIVWV0;FINANCIAL;-;-;-;-;-;-;-;-;-;254,92;-;-;-;-;-;-;-
IDIV26C533700;BRBMEFCIVWW8;FINANCIAL;185,65;185,65;185,65;185,65;185,65;-55,61;-;-;-;160,39;-;-;-;-;1;139;25805,35
IDIV26C533800;BRBMEFCIVWX6;FINANCIAL;97,93;97,93;97,93;97,93;97,93;-51,03;-;-;-;74,31;-;-;-;-;1;102;9988,86
IDIV26C533900;BRBMEFCIVXM7;FINANCIAL;52,67;52,67;52,67;52,67;52,67;-8,78;-;-;-;37,35;-;-;-;-;1;102;5372,34
IDIV26C534000;BRBMEFCIVW05;FINANCIAL;17,36;17,36;17,36;17,36;17,36;-7,46;-;-;-;9,55;-;-;-;-;1;304;5277,44
IDIV26C534100;BRBMEFCIVXN5;FINANCIAL;10,23;10,23;10,23;10,23;10,23;-92,81;-;-;-;5,63;-;-;-;-;1;304;3109,92
IDIV26C534200;BRBMEFCIVXO3;FINANCIAL;-;-;-;-;-;-;-;-;-;4,89;-;-;-;-;-;-;-
IDIV26C534300;BRBMEFCIVXP0;FINANCIAL;-;-;-;-;-;-;-;-;-;4,49;-;-;-;-;-;-;-
IDIV26C534400;BRBMEFCIVXQ8;FINANCIAL;4,24;4,24;4,24;4,24;4,24;3,41;-;-;-;4,24;-;-;-;-;1;784;3324,16
IDIV26C534500;BRBMEFCIVWE6;FINANCIAL;-;-;-;-;-;-;-;-;-;4,07;-;-;-;-;-;-;-
IDIV26C534600;BRBMEFCIVXR6;FINANCIAL;-;-;-;-;-;-;-;-;-;3,92;-;-;-;-;-;-;-
IDIV26C534700;BRBMEFCIVXS4;FINANCIAL;-;-;-;-;-;-;-;-;-;3,8;-;-;-;-;-;-;-
IDIV26C534800;BRBMEFCIVXT2;FINANCIAL;-;-;-;-;-;-;-;-;-;3,69;-;-;-;-;-;-;-
IDIV26C534900;BRBMEFCIVXU0;FINANCIAL;-;-;-;-;-;-;-;-;-;3,59;-;-;-;-;-;-;-
IDIV26C535000;BRBMEFCIVXV8;FINANCIAL;-;-;-;-;-;-;-;-;-;3,48;-;-;-;-;-;-;-
IDIV26C535100;BRBMEFCIVXW6;FINANCIAL;-;-;-;-;-;-;-;-;-;3,38;-;-;-;-;-;-;-
IDIV26C535200;BRBMEFCIVXX4;FINANCIAL;-;-;-;-;-;-;-;-;-;3,29;-;-;-;-;-;-;-
IDIV26C535300;BRBMEFCIVXY2;FINANCIAL;-;-;-;-;-;-;-;-;-;3,21;-;-;-;-;-;-;-
IDIV26C535400;BRBMEFCIVXZ9;FINANCIAL;-;-;-;-;-;-;-;-;-;3,14;-;-;-;-;-;-;-
IDIV26C535500;BRBMEFCIVY03;FINANCIAL;-;-;-;-;-;-;-;-;-;3,08;-;-;-;-;-;-;-
IDIV26C535600;BRBMEFCIVY11;FINANCIAL;-;-;-;-;-;-;-;-;-;3,03;-;-;-;-;-;-;-
IDIV26C535700;BRBMEFCIVY29;FINANCIAL;-;-;-;-;-;-;-;-;-;2,99;-;-;-;-;-;-;-
IDIV26C535800;BRBMEFCIVY37;FINANCIAL;-;-;-;-;-;-;-;-;-;2,96;-;-;-;-;-;-;-
IDIV26C535900;BRBMEFCIVY45;FINANCIAL;-;-;-;-;-;-;-;-;-;2,94;-;-;-;-;-;-;-
IDIV26C536000;BRBMEFCIVW13;FINANCIAL;-;-;-;-;-;-;-;-;-;2,56;-;-;-;-;-;-;-
IDIV26C538000;BRBMEFCIVW21;FINANCIAL;-;-;-;-;-;-;-;-;-;0,01;-;-;-;-;-;-;-
IDIV26C540000;BRBMEFCIVW39;FINANCIAL;-;-;-;-;-;-;-;-;-;0,01;-;-;-;-;-;-;-
IDIV26C542000;BRBMEFCIVW47;FINANCIAL;-;-;-;-;-;-;-;-;-;0,01;-;-;-;-;-;-;-
IDIV26C544000;BRBMEFCIVW54;FINANCIAL;-;-;-;-;-;-;-;-;-;0,01;-;-;-;-;-;-;-
IDIV26C546000;BRBMEFCIVW62;FINANCIAL;-;-;-;-;-;-;-;-;-;0,01;-;-;-;-;-;-;-
IDIV26C900000;BRBMEFCIVZ02;FINANCIAL;-;-;-;-;-;-;-;-;-;0,01;-;-;-;-;-;-;-
IDIV26P522000;BRBMEFVIVVU4;FINANCIAL;-;-;-;-;-;-;-;-;-;0,01;-;-;-;-;-;-;-
IDIV26P524000;BRBMEFVIVVV2;FINANCIAL;-;-;-;-;-;-;-;-;-;0,01;-;-;-;-;-;-;-
IDIV26P526000;BRBMEFVIVVW0;FINANCIAL;-;-;-;-;-;-;-;-;-;0,01;-;-;-;-;-;-;-
IDIV26P528000;BRBMEFVIVVX8;FINANCIAL;-;-;-;-;-;-;-;-;-;0,01;-;-;-;-;-;-;-
IDIV26P528800;BRBMEFVIVWY4;FINANCIAL;-;-;-;-;-;-;-;-;-;0,01;-;-;-;-;-;-;-
IDIV26P528900;BRBMEFVIVWZ1;FINANCIAL;-;-;-;-;-;-;-;-;-;0,01;-;-;-;-;-;-;-
IDIV26P529000;BRBMEFVIVX01;FINANCIAL;-;-;-;-;-;-;-;-;-;0,01;-;-;-;-;-;-;-
IDIV26P529100;BRBMEFVIVX19;FINANCIAL;-;-;-;-;-;-;-;-;-;0,01;-;-;-;-;-;-;-
IDIV26P529200;BRBMEFVIVX27;FINANCIAL;-;-;-;-;-;-;-;-;-;0,01;-;-;-;-;-;-;-
IDIV26P529300;BRBMEFVIVX35;FINANCIAL;-;-;-;-;-;-;-;-;-;0,01;-;-;-;-;-;-;-
IDIV26P529400;BRBMEFVIVX43;FINANCIAL;-;-;-;-;-;-;-;-;-;0,01;-;-;-;-;-;-;-
IDIV26P529500;BRBMEFVIVX50;FINANCIAL;-;-;-;-;-;-;-;-;-;0,01;-;-;-;-;-;-;-
IDIV26P529600;BRBMEFVIVX68;FINANCIAL;-;-;-;-;-;-;-;-;-;0,01;-;-;-;-;-;-;-
IDIV26P529700;BRBMEFVIVX76;FINANCIAL;-;-;-;-;-;-;-;-;-;0,01;-;-;-;-;-;-;-
IDIV26P529800;BRBMEFVIVX84;FINANCIAL;-;-;-;-;-;-;-;-;-;0,01;-;-;-;-;-;-;-
IDIV26P529900;BRBMEFVIVX92;FINANCIAL;-;-;-;-;-;-;-;-;-;0,01;-;-;-;-;-;-;-
IDIV26P530000;BRBMEFVIVVY6;FINANCIAL;-;-;-;-;-;-;-;-;-;0,01;-;-;-;-;-;-;-
IDIV26P530100;BRBMEFVIVXA2;FINANCIAL;-;-;-;-;-;-;-;-;-;0,01;-;-;-;-;-;-;-
IDIV26P530200;BRBMEFVIVXB0;FINANCIAL;-;-;-;-;-;-;-;-;-;0,01;-;-;-;-;-;-;-
IDIV26P530300;BRBMEFVIVXC8;FINANCIAL;-;-;-;-;-;-;-;-;-;0,01;-;-;-;-;-;-;-
IDIV26P530400;BRBMEFVIVXD6;FINANCIAL;-;-;-;-;-;-;-;-;-;0,01;-;-;-;-;-;-;-
IDIV26P530500;BRBMEFVIVW85;FINANCIAL;-;-;-;-;-;-;-;-;-;0,01;-;-;-;-;-;-;-
IDIV26P530600;BRBMEFVIVXE4;FINANCIAL;-;-;-;-;-;-;-;-;-;0,01;-;-;-;-;-;-;-
IDIV26P530700;BRBMEFVIVXF1;FINANCIAL;-;-;-;-;-;-;-;-;-;0,01;-;-;-;-;-;-;-
IDIV26P530800;BRBMEFVIVXG9;FINANCIAL;-;-;-;-;-;-;-;-;-;0,01;-;-;-;-;-;-;-
IDIV26P530900;BRBMEFVIVXH7;FINANCIAL;-;-;-;-;-;-;-;-;-;0,01;-;-;-;-;-;-;-
IDIV26P531000;BRBMEFVIVW93;FINANCIAL;-;-;-;-;-;-;-;-;-;0,01;-;-;-;-;-;-;-
IDIV26P531100;BRBMEFVIVXI5;FINANCIAL;-;-;-;-;-;-;-;-;-;0,01;-;-;-;-;-;-;-
IDIV26P531200;BRBMEFVIVXJ3;FINANCIAL;-;-;-;-;-;-;-;-;-;0,01;-;-;-;-;-;-;-
IDIV26P531300;BRBMEFVIVXK1;FINANCIAL;-;-;-;-;-;-;-;-;-;0,01;-;-;-;-;-;-;-
IDIV26P531400;BRBMEFVIVXL9;FINANCIAL;-;-;-;-;-;-;-;-;-;0,01;-;-;-;-;-;-;-
IDIV26P531500;BRBMEFVIVWA4;FINANCIAL;-;-;-;-;-;-;-;-;-;0,01;-;-;-;-;-;-;-
IDIV26P531600;BRBMEFVIVWF3;FINANCIAL;-;-;-;-;-;-;-;-;-;0,01;-;-;-;-;-;-;-
IDIV26P531700;BRBMEFVIVWG1;FINANCIAL;-;-;-;-;-;-;-;-;-;0,01;-;-;-;-;-;-;-
IDIV26P531800;BRBMEFVIVWH9;FINANCIAL;-;-;-;-;-;-;-;-;-;0,01;-;-;-;-;-;-;-
IDIV26P531900;BRBMEFVIVWI7;FINANCIAL;-;-;-;-;-;-;-;-;-;0,01;-;-;-;-;-;-;-
IDIV26P532000;BRBMEFVIVVZ3;FINANCIAL;-;-;-;-;-;-;-;-;-;0,01;-;-;-;-;-;-;-
IDIV26P532100;BRBMEFVIVWJ5;FINANCIAL;-;-;-;-;-;-;-;-;-;0,01;-;-;-;-;-;-;-
IDIV26P532200;BRBMEFVIVWK3;FINANCIAL;-;-;-;-;-;-;-;-;-;0,01;-;-;-;-;-;-;-
IDIV26P532300;BRBMEFVIVWL1;FINANCIAL;-;-;-;-;-;-;-;-;-;0,01;-;-;-;-;-;-;-
IDIV26P532400;BRBMEFVIVWM9;FINANCIAL;-;-;-;-;-;-;-;-;-;0,01;-;-;-;-;-;-;-
IDIV26P532500;BRBMEFVIVWB2;FINANCIAL;-;-;-;-;-;-;-;-;-;0,01;-;-;-;-;-;-;-
IDIV26P532600;BRBMEFVIVWN7;FINANCIAL;-;-;-;-;-;-;-;-;-;0,01;-;-;-;-;-;-;-
IDIV26P532700;BRBMEFVIVWO5;FINANCIAL;-;-;-;-;-;-;-;-;-;0,01;-;-;-;-;-;-;-
IDIV26P532800;BRBMEFVIVWP2;FINANCIAL;-;-;-;-;-;-;-;-;-;0,01;-;-;-;-;-;-;-
IDIV26P532900;BRBMEFVIVWQ0;FINANCIAL;-;-;-;-;-;-;-;-;-;0,01;-;-;-;-;-;-;-
IDIV26P533000;BRBMEFVIVWC0;FINANCIAL;-;-;-;-;-;-;-;-;-;0,01;-;-;-;-;-;-;-
IDIV26P533100;BRBMEFVIVWR8;FINANCIAL;-;-;-;-;-;-;-;-;-;0,01;-;-;-;-;-;-;-
IDIV26P533200;BRBMEFVIVWS6;FINANCIAL;0,01;0,01;0,01;0,01;0,01;-66,66;-;-;-;0,01;-;-;-;-;1;204;2,04
IDIV26P533300;BRBMEFVIVWT4;FINANCIAL;0,01;0,01;0,01;0,01;0,01;-99;-;-;-;0,03;-;-;-;-;1;408;4,08
IDIV26P533400;BRBMEFVIVWU2;FINANCIAL;0,1;0,1;0,1;0,1;0,1;-73,68;-;-;-;0,22;-;-;-;-;1;2.212;221,2
IDIV26P533500;BRBMEFVIVWD8;FINANCIAL;0,6;0,6;0,6;0,6;0,6;-44,95;-;-;-;0,75;-;-;-;-;1;2.337;1402,2
IDIV26P533600;BRBMEFVIVWV0;FINANCIAL;1,66;1,66;1,66;1,66;1,66;124,32;-;-;-;1,75;-;-;-;-;1;544;903,04
IDIV26P533700;BRBMEFVIVWW8;FINANCIAL;4,9;4,9;4,9;4,9;4,9;118,75;-;-;-;3,84;-;-;-;-;1;5.347;26200,3
IDIV26P533800;BRBMEFVIVWX6;FINANCIAL;13,75;13,75;13,75;13,75;13,75;48,8;-;-;-;14,39;-;-;-;-;1;12.409;170623,75
IDIV26P533900;BRBMEFVIVXM7;FINANCIAL;65,04;65,04;65,04;65,04;65,04;10,66;-;-;-;74,04;-;-;-;-;1;11.803;767667,12
IDIV26P534000;BRBMEFVIVW02;FINANCIAL;126,31;126,31;126,31;126,31;126,31;8,6;-;-;-;142,87;-;-;-;-;1;6.706;847034,86
IDIV26P534100;BRBMEFVIVXN5;FINANCIAL;215,74;215,74;215,74;215,74;215,74;5,31;-;-;-;235,56;-;-;-;-;1;1.632;352087,68
IDIV26P534200;BRBMEFVIVXO3;FINANCIAL;-;-;-;-;-;-;-;-;-;331,45;-;-;-;-;-;-;-
IDIV26P534300;BRBMEFVIVXP0;FINANCIAL;-;-;-;-;-;-;-;-;-;427,66;-;-;-;-;-;-;-
IDIV26P534400;BRBMEFVIVXQ8;FINANCIAL;499,44;499,44;499,44;499,44;499,44;61,59;-;-;-;524,03;-;-;-;-;1;1.938;967914,72
IDIV26P534500;BRBMEFVIVWE6;FINANCIAL;594,94;594,94;594,94;594,94;594,94;48,49;-;-;-;620,48;-;-;-;-;1;1.938;1152993,72
IDIV26P534600;BRBMEFVIVXR6;FINANCIAL;-;-;-;-;-;-;-;-;-;716,95;-;-;-;-;-;-;-
IDIV26P534700;BRBMEFVIVXS4;FINANCIAL;-;-;-;-;-;-;-;-;-;813,45;-;-;-;-;-;-;-
IDIV26P534800;BRBMEFVIVXT2;FINANCIAL;-;-;-;-;-;-;-;-;-;909,96;-;-;-;-;-;-;-
IDIV26P534900;BRBMEFVIVXU0;FINANCIAL;-;-;-;-;-;-;-;-;-;1006,48;-;-;-;-;-;-;-
IDIV26P535000;BRBMEFVIVXV8;FINANCIAL;-;-;-;-;-;-;-;-;-;1102,99;-;-;-;-;-;-;-
IDIV26P535100;BRBMEFVIVXW6;FINANCIAL;-;-;-;-;-;-;-;-;-;1199,51;-;-;-;-;-;-;-
IDIV26P535200;BRBMEFVIVXX4;FINANCIAL;-;-;-;-;-;-;-;-;-;1296,04;-;-;-;-;-;-;-
IDIV26P535300;BRBMEFVIVXY2;FINANCIAL;-;-;-;-;-;-;-;-;-;1392,58;-;-;-;-;-;-;-
IDIV26P535400;BRBMEFVIVXZ9;FINANCIAL;-;-;-;-;-;-;-;-;-;1489,13;-;-;-;-;-;-;-
IDIV26P535500;BRBMEFVIVY00;FINANCIAL;-;-;-;-;-;-;-;-;-;1585,69;-;-;-;-;-;-;-
IDIV26P535600;BRBMEFVIVY18;FINANCIAL;-;-;-;-;-;-;-;-;-;1682,26;-;-;-;-;-;-;-
IDIV26P535700;BRBMEFVIVY26;FINANCIAL;-;-;-;-;-;-;-;-;-;1778,84;-;-;-;-;-;-;-
IDIV26P535800;BRBMEFVIVY34;FINANCIAL;-;-;-;-;-;-;-;-;-;1875,43;-;-;-;-;-;-;-
IDIV26P535900;BRBMEFVIVY42;FINANCIAL;-;-;-;-;-;-;-;-;-;1972,03;-;-;-;-;-;-;-
IDIV26P536000;BRBMEFVIVW10;FINANCIAL;-;-;-;-;-;-;-;-;-;2068,27;-;-;-;-;-;-;-
IDIV26P538000;BRBMEFVIVW28;FINANCIAL;-;-;-;-;-;-;-;-;-;3998,11;-;-;-;-;-;-;-
IDIV26P540000;BRBMEFVIVW36;FINANCIAL;-;-;-;-;-;-;-;-;-;5930,5;-;-;-;-;-;-;-
IDIV26P542000;BRBMEFVIVW44;FINANCIAL;-;-;-;-;-;-;-;-;-;7862,9;-;-;-;-;-;-;-
IDIV26P544000;BRBMEFVIVW51;FINANCIAL;-;-;-;-;-;-;-;-;-;9795,3;-;-;-;-;-;-;-
IDIV26P546000;BRBMEFVIVW69;FINANCIAL;-;-;-;-;-;-;-;-;-;11727,69;-;-;-;-;-;-;-
IDIV26P900000;BRBMEFVIVZ09;FINANCIAL;-;-;-;-;-;-;-;-;-;353762,01;-;-;-;-;-;-;-
IDIV27C607000;BRBMEFCIVY52;FINANCIAL;-;-;-;-;-;-;-;-;-;2620,52;-;-;-;-;-;-;-
IDIV27C607100;BRBMEFCIVY60;FINANCIAL;-;-;-;-;-;-;-;-;-;2577,56;-;-;-;-;-;-;-
IDIV27C607200;BRBMEFCIVY78;FINANCIAL;-;-;-;-;-;-;-;-;-;2534,91;-;-;-;-;-;-;-
IDIV27C607300;BRBMEFCIVY86;FINANCIAL;-;-;-;-;-;-;-;-;-;2492,58;-;-;-;-;-;-;-
IDIV27C607400;BRBMEFCIVY94;FINANCIAL;-;-;-;-;-;-;-;-;-;2450,09;-;-;-;-;-;-;-
IDIV27C607500;BRBMEFCIVYA0;FINANCIAL;-;-;-;-;-;-;-;-;-;2408,6;-;-;-;-;-;-;-
IDIV27C607600;BRBMEFCIVYB8;FINANCIAL;-;-;-;-;-;-;-;-;-;2368,56;-;-;-;-;-;-;-
IDIV27C607700;BRBMEFCIVYC6;FINANCIAL;-;-;-;-;-;-;-;-;-;2330,9;-;-;-;-;-;-;-
IDIV27C607800;BRBMEFCIVYD4;FINANCIAL;-;-;-;-;-;-;-;-;-;2295,83;-;-;-;-;-;-;-
IDIV27C607900;BRBMEFCIVYE2;FINANCIAL;-;-;-;-;-;-;-;-;-;2261,53;-;-;-;-;-;-;-
IDIV27C608000;BRBMEFCIVYF9;FINANCIAL;-;-;-;-;-;-;-;-;-;2226,83;-;-;-;-;-;-;-
IDIV27C608100;BRBMEFCIVYG7;FINANCIAL;-;-;-;-;-;-;-;-;-;2190,11;-;-;-;-;-;-;-
IDIV27C608200;BRBMEFCIVYH5;FINANCIAL;-;-;-;-;-;-;-;-;-;2151,36;-;-;-;-;-;-;-
IDIV27C608300;BRBMEFCIVYI3;FINANCIAL;-;-;-;-;-;-;-;-;-;2112,43;-;-;-;-;-;-;-
IDIV27C608400;BRBMEFCIVYJ1;FINANCIAL;-;-;-;-;-;-;-;-;-;2074,02;-;-;-;-;-;-;-
IDIV27C608500;BRBMEFCIVYK9;FINANCIAL;-;-;-;-;-;-;-;-;-;2037,95;-;-;-;-;-;-;-
IDIV27C608600;BRBMEFCIVYL7;FINANCIAL;-;-;-;-;-;-;-;-;-;2003,53;-;-;-;-;-;-;-
IDIV27C608700;BRBMEFCIVYM5;FINANCIAL;-;-;-;-;-;-;-;-;-;1970,29;-;-;-;-;-;-;-
IDIV27C608800;BRBMEFCIVYN3;FINANCIAL;-;-;-;-;-;-;-;-;-;1937,54;-;-;-;-;-;-;-
IDIV27C608900;BRBMEFCIVYO1;FINANCIAL;-;-;-;-;-;-;-;-;-;1904,83;-;-;-;-;-;-;-
IDIV27C609000;BRBMEFCIVYP8;FINANCIAL;-;-;-;-;-;-;-;-;-;1872,13;-;-;-;-;-;-;-
IDIV27C609100;BRBMEFCIVYQ6;FINANCIAL;-;-;-;-;-;-;-;-;-;1839,91;-;-;-;-;-;-;-
IDIV27C609200;BRBMEFCIVYR4;FINANCIAL;-;-;-;-;-;-;-;-;-;1807,95;-;-;-;-;-;-;-
IDIV27C609300;BRBMEFCIVYS2;FINANCIAL;-;-;-;-;-;-;-;-;-;1776,45;-;-;-;-;-;-;-
IDIV27C609400;BRBMEFCIVYT0;FINANCIAL;-;-;-;-;-;-;-;-;-;1745,87;-;-;-;-;-;-;-
IDIV27C609500;BRBMEFCIVYU8;FINANCIAL;-;-;-;-;-;-;-;-;-;1715,75;-;-;-;-;-;-;-
IDIV27C609600;BRBMEFCIVYV6;FINANCIAL;-;-;-;-;-;-;-;-;-;1686,09;-;-;-;-;-;-;-
IDIV27C609700;BRBMEFCIVYW4;FINANCIAL;-;-;-;-;-;-;-;-;-;1657,1;-;-;-;-;-;-;-
IDIV27C609800;BRBMEFCIVYX2;FINANCIAL;-;-;-;-;-;-;-;-;-;1628,34;-;-;-;-;-;-;-
IDIV27C609900;BRBMEFCIVYY0;FINANCIAL;-;-;-;-;-;-;-;-;-;1599,79;-;-;-;-;-;-;-
IDIV27C610000;BRBMEFCIVYZ7;FINANCIAL;-;-;-;-;-;-;-;-;-;1571,69;-;-;-;-;-;-;-
IDIV27C613100;BRBMEFCIVZ36;FINANCIAL;-;-;-;-;-;-;-;-;-;923,79;-;-;-;-;-;-;-
IDIV27C613200;BRBMEFCIVZ44;FINANCIAL;-;-;-;-;-;-;-;-;-;907,74;-;-;-;-;-;-;-
IDIV27C613300;BRBMEFCIVZ51;FINANCIAL;-;-;-;-;-;-;-;-;-;892,15;-;-;-;-;-;-;-
IDIV27C613400;BRBMEFCIVZ69;FINANCIAL;-;-;-;-;-;-;-;-;-;877,36;-;-;-;-;-;-;-
IDIV27C613500;BRBMEFCIVZ77;FINANCIAL;-;-;-;-;-;-;-;-;-;863,17;-;-;-;-;-;-;-
IDIV27C613600;BRBMEFCIVZ85;FINANCIAL;-;-;-;-;-;-;-;-;-;849,59;-;-;-;-;-;-;-
IDIV27C613700;BRBMEFCIVZ93;FINANCIAL;-;-;-;-;-;-;-;-;-;836,24;-;-;-;-;-;-;-
IDIV27C613800;BRBMEFCIVZA7;FINANCIAL;-;-;-;-;-;-;-;-;-;822,6;-;-;-;-;-;-;-
IDIV27C613900;BRBMEFCIVZB5;FINANCIAL;-;-;-;-;-;-;-;-;-;809,02;-;-;-;-;-;-;-
IDIV27C614000;BRBMEFCIVZ10;FINANCIAL;-;-;-;-;-;-;-;-;-;795,51;-;-;-;-;-;-;-
IDIV27C614100;BRBMEFCIVZC3;FINANCIAL;-;-;-;-;-;-;-;-;-;782,07;-;-;-;-;-;-;-
IDIV27C614200;BRBMEFCIVZD1;FINANCIAL;-;-;-;-;-;-;-;-;-;769,02;-;-;-;-;-;-;-
IDIV27C614300;BRBMEFCIVZE9;FINANCIAL;-;-;-;-;-;-;-;-;-;756,37;-;-;-;-;-;-;-
IDIV27C614400;BRBMEFCIVZF6;FINANCIAL;-;-;-;-;-;-;-;-;-;744,26;-;-;-;-;-;-;-
IDIV27C614500;BRBMEFCIVZG4;FINANCIAL;-;-;-;-;-;-;-;-;-;732,2;-;-;-;-;-;-;-
IDIV27C614600;BRBMEFCIVZH2;FINANCIAL;-;-;-;-;-;-;-;-;-;720,51;-;-;-;-;-;-;-
IDIV27C614700;BRBMEFCIVZI0;FINANCIAL;-;-;-;-;-;-;-;-;-;709,18;-;-;-;-;-;-;-
IDIV27C614800;BRBMEFCIVZJ8;FINANCIAL;-;-;-;-;-;-;-;-;-;698,04;-;-;-;-;-;-;-
IDIV27C614900;BRBMEFCIVZK6;FINANCIAL;-;-;-;-;-;-;-;-;-;686,95;-;-;-;-;-;-;-
IDIV27C615000;BRBMEFCIVZL4;FINANCIAL;-;-;-;-;-;-;-;-;-;675,89;-;-;-;-;-;-;-
IDIV27C615100;BRBMEFCIVZM2;FINANCIAL;-;-;-;-;-;-;-;-;-;664,86;-;-;-;-;-;-;-
IDIV27C615200;BRBMEFCIVZN0;FINANCIAL;-;-;-;-;-;-;-;-;-;653,88;-;-;-;-;-;-;-
IDIV27C615300;BRBMEFCIVZO8;FINANCIAL;-;-;-;-;-;-;-;-;-;643,23;-;-;-;-;-;-;-
IDIV27C615400;BRBMEFCIVZP5;FINANCIAL;-;-;-;-;-;-;-;-;-;632,78;-;-;-;-;-;-;-
IDIV27C615500;BRBMEFCIVZQ3;FINANCIAL;-;-;-;-;-;-;-;-;-;622,65;-;-;-;-;-;-;-
IDIV27C620000;BRBMEFCIVZ28;FINANCIAL;-;-;-;-;-;-;-;-;-;308,06;-;-;-;-;-;-;-
IDIV27P607000;BRBMEFVIVY59;FINANCIAL;-;-;-;-;-;-;-;-;-;1764,94;-;-;-;-;-;-;-
IDIV27P607100;BRBMEFVIVY67;FINANCIAL;-;-;-;-;-;-;-;-;-;1806,82;-;-;-;-;-;-;-
IDIV27P607200;BRBMEFVIVY75;FINANCIAL;-;-;-;-;-;-;-;-;-;1849,01;-;-;-;-;-;-;-
IDIV27P607300;BRBMEFVIVY83;FINANCIAL;-;-;-;-;-;-;-;-;-;1891,51;-;-;-;-;-;-;-
IDIV27P607400;BRBMEFVIVY91;FINANCIAL;-;-;-;-;-;-;-;-;-;1933,86;-;-;-;-;-;-;-
IDIV27P607500;BRBMEFVIVYA0;FINANCIAL;-;-;-;-;-;-;-;-;-;1977,21;-;-;-;-;-;-;-
IDIV27P607600;BRBMEFVIVYB8;FINANCIAL;-;-;-;-;-;-;-;-;-;2022;-;-;-;-;-;-;-
IDIV27P607700;BRBMEFVIVYC6;FINANCIAL;-;-;-;-;-;-;-;-;-;2069,18;-;-;-;-;-;-;-
IDIV27P607800;BRBMEFVIVYD4;FINANCIAL;-;-;-;-;-;-;-;-;-;2118,95;-;-;-;-;-;-;-
IDIV27P607900;BRBMEFVIVYE2;FINANCIAL;-;-;-;-;-;-;-;-;-;2169,49;-;-;-;-;-;-;-
IDIV27P608000;BRBMEFVIVYF9;FINANCIAL;-;-;-;-;-;-;-;-;-;2219,62;-;-;-;-;-;-;-
IDIV27P608100;BRBMEFVIVYG7;FINANCIAL;-;-;-;-;-;-;-;-;-;2267,73;-;-;-;-;-;-;-
IDIV27P608200;BRBMEFVIVYH5;FINANCIAL;-;-;-;-;-;-;-;-;-;2313,82;-;-;-;-;-;-;-
IDIV27P608300;BRBMEFVIVYI3;FINANCIAL;-;-;-;-;-;-;-;-;-;2359,73;-;-;-;-;-;-;-
IDIV27P608400;BRBMEFVIVYJ1;FINANCIAL;-;-;-;-;-;-;-;-;-;2406,16;-;-;-;-;-;-;-
IDIV27P608500;BRBMEFVIVYK9;FINANCIAL;-;-;-;-;-;-;-;-;-;2454,92;-;-;-;-;-;-;-
IDIV27P608600;BRBMEFVIVYL7;FINANCIAL;-;-;-;-;-;-;-;-;-;2505,34;-;-;-;-;-;-;-
IDIV27P608700;BRBMEFVIVYM5;FINANCIAL;-;-;-;-;-;-;-;-;-;2556,94;-;-;-;-;-;-;-
IDIV27P608800;BRBMEFVIVYN3;FINANCIAL;-;-;-;-;-;-;-;-;-;2609,03;-;-;-;-;-;-;-
IDIV27P608900;BRBMEFVIVYO1;FINANCIAL;-;-;-;-;-;-;-;-;-;2661,15;-;-;-;-;-;-;-
IDIV27P609000;BRBMEFVIVYP8;FINANCIAL;-;-;-;-;-;-;-;-;-;2713,29;-;-;-;-;-;-;-
IDIV27P609100;BRBMEFVIVYQ6;FINANCIAL;-;-;-;-;-;-;-;-;-;2765,91;-;-;-;-;-;-;-
IDIV27P609200;BRBMEFVIVYR4;FINANCIAL;-;-;-;-;-;-;-;-;-;2818,78;-;-;-;-;-;-;-
IDIV27P609300;BRBMEFVIVYS2;FINANCIAL;-;-;-;-;-;-;-;-;-;2872,12;-;-;-;-;-;-;-
IDIV27P609400;BRBMEFVIVYT0;FINANCIAL;-;-;-;-;-;-;-;-;-;2926,38;-;-;-;-;-;-;-
IDIV27P609500;BRBMEFVIVYU8;FINANCIAL;-;-;-;-;-;-;-;-;-;2981,1;-;-;-;-;-;-;-
IDIV27P609600;BRBMEFVIVYV6;FINANCIAL;-;-;-;-;-;-;-;-;-;3036,28;-;-;-;-;-;-;-
IDIV27P609700;BRBMEFVIVYW4;FINANCIAL;-;-;-;-;-;-;-;-;-;3092,13;-;-;-;-;-;-;-
IDIV27P609800;BRBMEFVIVYX2;FINANCIAL;-;-;-;-;-;-;-;-;-;3148,2;-;-;-;-;-;-;-
IDIV27P609900;BRBMEFVIVYY0;FINANCIAL;-;-;-;-;-;-;-;-;-;3204,49;-;-;-;-;-;-;-
IDIV27P610000;BRBMEFVIVYZ7;FINANCIAL;-;-;-;-;-;-;-;-;-;3261,22;-;-;-;-;-;-;-
IDIV27P613100;BRBMEFVIVZ33;FINANCIAL;-;-;-;-;-;-;-;-;-;5243,27;-;-;-;-;-;-;-
IDIV27P613200;BRBMEFVIVZ41;FINANCIAL;-;-;-;-;-;-;-;-;-;5312,06;-;-;-;-;-;-;-
IDIV27P613300;BRBMEFVIVZ58;FINANCIAL;-;-;-;-;-;-;-;-;-;5381,3;-;-;-;-;-;-;-
IDIV27P613400;BRBMEFVIVZ66;FINANCIAL;-;-;-;-;-;-;-;-;-;5451,35;-;-;-;-;-;-;-
IDIV27P613500;BRBMEFVIVZ74;FINANCIAL;-;-;-;-;-;-;-;-;-;5522,01;-;-;-;-;-;-;-
IDIV27P613600;BRBMEFVIVZ82;FINANCIAL;-;-;-;-;-;-;-;-;-;5593,26;-;-;-;-;-;-;-
IDIV27P613700;BRBMEFVIVZ90;FINANCIAL;-;-;-;-;-;-;-;-;-;5664,74;-;-;-;-;-;-;-
IDIV27P613800;BRBMEFVIVZA7;FINANCIAL;-;-;-;-;-;-;-;-;-;5735,94;-;-;-;-;-;-;-
IDIV27P613900;BRBMEFVIVZB5;FINANCIAL;-;-;-;-;-;-;-;-;-;5807,2;-;-;-;-;-;-;-
IDIV27P614000;BRBMEFVIVZ17;FINANCIAL;-;-;-;-;-;-;-;-;-;5878,53;-;-;-;-;-;-;-
IDIV27P614100;BRBMEFVIVZC3;FINANCIAL;-;-;-;-;-;-;-;-;-;5949,92;-;-;-;-;-;-;-
IDIV27P614200;BRBMEFVIVZD1;FINANCIAL;-;-;-;-;-;-;-;-;-;6021,71;-;-;-;-;-;-;-
IDIV27P614300;BRBMEFVIVZE9;FINANCIAL;-;-;-;-;-;-;-;-;-;6093,89;-;-;-;-;-;-;-
IDIV27P614400;BRBMEFVIVZF6;FINANCIAL;-;-;-;-;-;-;-;-;-;6166,62;-;-;-;-;-;-;-
IDIV27P614500;BRBMEFVIVZG4;FINANCIAL;-;-;-;-;-;-;-;-;-;6239,4;-;-;-;-;-;-;-
IDIV27P614600;BRBMEFVIVZH2;FINANCIAL;-;-;-;-;-;-;-;-;-;6312,54;-;-;-;-;-;-;-
IDIV27P614700;BRBMEFVIVZI0;FINANCIAL;-;-;-;-;-;-;-;-;-;6386,05;-;-;-;-;-;-;-
IDIV27P614800;BRBMEFVIVZJ8;FINANCIAL;-;-;-;-;-;-;-;-;-;6459,76;-;-;-;-;-;-;-
IDIV27P614900;BRBMEFVIVZK6;FINANCIAL;-;-;-;-;-;-;-;-;-;6533,5;-;-;-;-;-;-;-
IDIV27P615000;BRBMEFVIVZL4;FINANCIAL;-;-;-;-;-;-;-;-;-;6607,27;-;-;-;-;-;-;-
IDIV27P615100;BRBMEFVIVZM2;FINANCIAL;-;-;-;-;-;-;-;-;-;6681,09;-;-;-;-;-;-;-
IDIV27P615200;BRBMEFVIVZN0;FINANCIAL;-;-;-;-;-;-;-;-;-;6754,94;-;-;-;-;-;-;-
IDIV27P615300;BRBMEFVIVZO8;FINANCIAL;-;-;-;-;-;-;-;-;-;6829,13;-;-;-;-;-;-;-
IDIV27P615400;BRBMEFVIVZP5;FINANCIAL;-;-;-;-;-;-;-;-;-;6903,51;-;-;-;-;-;-;-
IDIV27P615500;BRBMEFVIVZQ3;FINANCIAL;-;-;-;-;-;-;-;-;-;6978,22;-;-;-;-;-;-;-
IDIV27P620000;BRBMEFVIVZ25;FINANCIAL;-;-;-;-;-;-;-;-;-;10481,3;-;-;-;-;-;-;-
IDIX26C536100;BRBMEFCIX9C7;FINANCIAL;-;-;-;-;-;-;-;-;-;3421,21;-;-;-;-;-;-;-
IDIX26C536200;BRBMEFCIX9D5;FINANCIAL;-;-;-;-;-;-;-;-;-;3325,64;-;-;-;-;-;-;-
IDIX26C536300;BRBMEFCIX9E3;FINANCIAL;-;-;-;-;-;-;-;-;-;3230,06;-;-;-;-;-;-;-
IDIX26C536400;BRBMEFCIX9F0;FINANCIAL;-;-;-;-;-;-;-;-;-;3134,48;-;-;-;-;-;-;-
IDIX26C536500;BRBMEFCIX9G8;FINANCIAL;-;-;-;-;-;-;-;-;-;3038,9;-;-;-;-;-;-;-
IDIX26C536600;BRBMEFCIX9H6;FINANCIAL;-;-;-;-;-;-;-;-;-;2943,32;-;-;-;-;-;-;-
IDIX26C536700;BRBMEFCIX9I4;FINANCIAL;-;-;-;-;-;-;-;-;-;2847,74;-;-;-;-;-;-;-
IDIX26C536800;BRBMEFCIX9J2;FINANCIAL;-;-;-;-;-;-;-;-;-;2752,17;-;-;-;-;-;-;-
IDIX26C536900;BRBMEFCIX9K0;FINANCIAL;-;-;-;-;-;-;-;-;-;2656,59;-;-;-;-;-;-;-
IDIX26C537000;BRBMEFCIX9L8;FINANCIAL;-;-;-;-;-;-;-;-;-;2561,01;-;-;-;-;-;-;-
IDIX26C537100;BRBMEFCIX9M6;FINANCIAL;-;-;-;-;-;-;-;-;-;2465,43;-;-;-;-;-;-;-
IDIX26C537200;BRBMEFCIX9N4;FINANCIAL;-;-;-;-;-;-;-;-;-;2369,85;-;-;-;-;-;-;-
IDIX26C537300;BRBMEFCIX9O2;FINANCIAL;-;-;-;-;-;-;-;-;-;2274,28;-;-;-;-;-;-;-
IDIX26C537400;BRBMEFCIX9P9;FINANCIAL;-;-;-;-;-;-;-;-;-;2178,7;-;-;-;-;-;-;-
IDIX26C537500;BRBMEFCIX9Q7;FINANCIAL;-;-;-;-;-;-;-;-;-;2083,13;-;-;-;-;-;-;-
IDIX26C537600;BRBMEFCIX9R5;FINANCIAL;-;-;-;-;-;-;-;-;-;1987,56;-;-;-;-;-;-;-
IDIX26C537700;BRBMEFCIX9S3;FINANCIAL;-;-;-;-;-;-;-;-;-;1892,01;-;-;-;-;-;-;-
IDIX26C537800;BRBMEFCIX9T1;FINANCIAL;-;-;-;-;-;-;-;-;-;1796,47;-;-;-;-;-;-;-
IDIX26C537900;BRBMEFCIX9U9;FINANCIAL;-;-;-;-;-;-;-;-;-;1700,97;-;-;-;-;-;-;-
IDIX26C538000;BRBMEFCIX9V7;FINANCIAL;-;-;-;-;-;-;-;-;-;1605,53;-;-;-;-;-;-;-
IDIX26C538100;BRBMEFCIX9W5;FINANCIAL;-;-;-;-;-;-;-;-;-;1510,19;-;-;-;-;-;-;-
IDIX26C538200;BRBMEFCIX9X3;FINANCIAL;-;-;-;-;-;-;-;-;-;1415,01;-;-;-;-;-;-;-
IDIX26C538300;BRBMEFCIX9Y1;FINANCIAL;-;-;-;-;-;-;-;-;-;1320,09;-;-;-;-;-;-;-
IDIX26C538400;BRBMEFCIX9Z8;FINANCIAL;-;-;-;-;-;-;-;-;-;1224,87;-;-;-;-;-;-;-
IDIX26C538500;BRBMEFCIXA09;FINANCIAL;-;-;-;-;-;-;-;-;-;1129,45;-;-;-;-;-;-;-
IDIX26C538600;BRBMEFCIXA17;FINANCIAL;-;-;-;-;-;-;-;-;-;1034,05;-;-;-;-;-;-;-
IDIX26C538700;BRBMEFCIXA25;FINANCIAL;-;-;-;-;-;-;-;-;-;938,68;-;-;-;-;-;-;-
IDIX26C538800;BRBMEFCIXA33;FINANCIAL;-;-;-;-;-;-;-;-;-;843,35;-;-;-;-;-;-;-
IDIX26C538900;BRBMEFCIXA41;FINANCIAL;-;-;-;-;-;-;-;-;-;748,09;-;-;-;-;-;-;-
IDIX26C539000;BRBMEFCIXA58;FINANCIAL;-;-;-;-;-;-;-;-;-;653;-;-;-;-;-;-;-
IDIX26C539100;BRBMEFCIXA66;FINANCIAL;-;-;-;-;-;-;-;-;-;558,24;-;-;-;-;-;-;-
IDIX26C539200;BRBMEFCIXA74;FINANCIAL;-;-;-;-;-;-;-;-;-;464,47;-;-;-;-;-;-;-
IDIX26C539300;BRBMEFCIXA82;FINANCIAL;-;-;-;-;-;-;-;-;-;372,25;-;-;-;-;-;-;-
IDIX26C539400;BRBMEFCIXA90;FINANCIAL;-;-;-;-;-;-;-;-;-;283,37;-;-;-;-;-;-;-
IDIX26C539500;BRBMEFCIXAA6;FINANCIAL;-;-;-;-;-;-;-;-;-;202,12;-;-;-;-;-;-;-
IDIX26C539600;BRBMEFCIXAB4;FINANCIAL;-;-;-;-;-;-;-;-;-;141,15;-;-;-;-;-;-;-
IDIX26C539700;BRBMEFCIXAC2;FINANCIAL;-;-;-;-;-;-;-;-;-;103,04;-;-;-;-;-;-;-
IDIX26C539800;BRBMEFCIXAD0;FINANCIAL;-;-;-;-;-;-;-;-;-;70,84;-;-;-;-;-;-;-
IDIX26C539900;BRBMEFCIXAE8;FINANCIAL;-;-;-;-;-;-;-;-;-;46,53;-;-;-;-;-;-;-
IDIX26C540000;BRBMEFCIXAF5;FINANCIAL;-;-;-;-;-;-;-;-;-;33,08;-;-;-;-;-;-;-
IDIX26C540100;BRBMEFCIXAG3;FINANCIAL;-;-;-;-;-;-;-;-;-;24,34;-;-;-;-;-;-;-
IDIX26C540200;BRBMEFCIXAH1;FINANCIAL;-;-;-;-;-;-;-;-;-;19,28;-;-;-;-;-;-;-
IDIX26C540300;BRBMEFCIXAI9;FINANCIAL;-;-;-;-;-;-;-;-;-;16,32;-;-;-;-;-;-;-
IDIX26C540400;BRBMEFCIXAJ7;FINANCIAL;-;-;-;-;-;-;-;-;-;14,3;-;-;-;-;-;-;-
IDIX26C540500;BRBMEFCIXAK5;FINANCIAL;-;-;-;-;-;-;-;-;-;12,67;-;-;-;-;-;-;-
IDIX26C540600;BRBMEFCIXAL3;FINANCIAL;-;-;-;-;-;-;-;-;-;11,48;-;-;-;-;-;-;-
IDIX26C540700;BRBMEFCIXAM1;FINANCIAL;-;-;-;-;-;-;-;-;-;10,51;-;-;-;-;-;-;-
IDIX26C540800;BRBMEFCIXAN9;FINANCIAL;-;-;-;-;-;-;-;-;-;9,71;-;-;-;-;-;-;-
IDIX26C540900;BRBMEFCIXAO7;FINANCIAL;-;-;-;-;-;-;-;-;-;9,09;-;-;-;-;-;-;-
IDIX26C541000;BRBMEFCIXAP4;FINANCIAL;-;-;-;-;-;-;-;-;-;8,55;-;-;-;-;-;-;-
IDIX26C541100;BRBMEFCIXAQ2;FINANCIAL;-;-;-;-;-;-;-;-;-;8,07;-;-;-;-;-;-;-
IDIX26C541200;BRBMEFCIXAR0;FINANCIAL;-;-;-;-;-;-;-;-;-;7,62;-;-;-;-;-;-;-
IDIX26C541300;BRBMEFCIXAS8;FINANCIAL;-;-;-;-;-;-;-;-;-;7,23;-;-;-;-;-;-;-
IDIX26C541400;BRBMEFCIXAT6;FINANCIAL;-;-;-;-;-;-;-;-;-;6,87;-;-;-;-;-;-;-
IDIX26C541500;BRBMEFCIXAU4;FINANCIAL;-;-;-;-;-;-;-;-;-;6,54;-;-;-;-;-;-;-
IDIX26C541600;BRBMEFCIXAV2;FINANCIAL;-;-;-;-;-;-;-;-;-;6,25;-;-;-;-;-;-;-
IDIX26C541700;BRBMEFCIXAW0;FINANCIAL;-;-;-;-;-;-;-;-;-;5,97;-;-;-;-;-;-;-
IDIX26C541800;BRBMEFCIXAX8;FINANCIAL;-;-;-;-;-;-;-;-;-;5,72;-;-;-;-;-;-;-
IDIX26C541900;BRBMEFCIXAY6;FINANCIAL;-;-;-;-;-;-;-;-;-;5,48;-;-;-;-;-;-;-
IDIX26C542000;BRBMEFCIXAZ3;FINANCIAL;-;-;-;-;-;-;-;-;-;5,28;-;-;-;-;-;-;-
IDIX26C542100;BRBMEFCIXB08;FINANCIAL;-;-;-;-;-;-;-;-;-;5,08;-;-;-;-;-;-;-
IDIX26C542200;BRBMEFCIXB16;FINANCIAL;-;-;-;-;-;-;-;-;-;4,91;-;-;-;-;-;-;-
IDIX26C542300;BRBMEFCIXB24;FINANCIAL;-;-;-;-;-;-;-;-;-;4,74;-;-;-;-;-;-;-
IDIX26C900000;BRBMEFCIXB32;FINANCIAL;-;-;-;-;-;-;-;-;-;0,01;-;-;-;-;-;-;-
IDIX26P536100;BRBMEFVIX9F7;FINANCIAL;-;-;-;-;-;-;-;-;-;0,01;-;-;-;-;-;-;-
IDIX26P536200;BRBMEFVIX9G5;FINANCIAL;-;-;-;-;-;-;-;-;-;0,01;-;-;-;-;-;-;-
IDIX26P536300;BRBMEFVIX9H3;FINANCIAL;-;-;-;-;-;-;-;-;-;0,01;-;-;-;-;-;-;-
IDIX26P536400;BRBMEFVIX9I1;FINANCIAL;-;-;-;-;-;-;-;-;-;0,01;-;-;-;-;-;-;-
IDIX26P536500;BRBMEFVIX9J9;FINANCIAL;-;-;-;-;-;-;-;-;-;0,01;-;-;-;-;-;-;-
IDIX26P536600;BRBMEFVIX9K7;FINANCIAL;-;-;-;-;-;-;-;-;-;0,01;-;-;-;-;-;-;-
IDIX26P536700;BRBMEFVIX9L5;FINANCIAL;-;-;-;-;-;-;-;-;-;0,01;-;-;-;-;-;-;-
IDIX26P536800;BRBMEFVIX9M3;FINANCIAL;-;-;-;-;-;-;-;-;-;0,01;-;-;-;-;-;-;-
IDIX26P536900;BRBMEFVIX9N1;FINANCIAL;-;-;-;-;-;-;-;-;-;0,01;-;-;-;-;-;-;-
IDIX26P537000;BRBMEFVIX9O9;FINANCIAL;-;-;-;-;-;-;-;-;-;0,01;-;-;-;-;-;-;-
IDIX26P537100;BRBMEFVIX9P6;FINANCIAL;-;-;-;-;-;-;-;-;-;0,01;-;-;-;-;-;-;-
IDIX26P537200;BRBMEFVIX9Q4;FINANCIAL;-;-;-;-;-;-;-;-;-;0,01;-;-;-;-;-;-;-
IDIX26P537300;BRBMEFVIX9R2;FINANCIAL;-;-;-;-;-;-;-;-;-;0,01;-;-;-;-;-;-;-
IDIX26P537400;BRBMEFVIX9S0;FINANCIAL;-;-;-;-;-;-;-;-;-;0,01;-;-;-;-;-;-;-
IDIX26P537500;BRBMEFVIX9T8;FINANCIAL;-;-;-;-;-;-;-;-;-;0,01;-;-;-;-;-;-;-
IDIX26P537600;BRBMEFVIX9U6;FINANCIAL;-;-;-;-;-;-;-;-;-;0,02;-;-;-;-;-;-;-
IDIX26P537700;BRBMEFVIX9V4;FINANCIAL;-;-;-;-;-;-;-;-;-;0,04;-;-;-;-;-;-;-
IDIX26P537800;BRBMEFVIX9W2;FINANCIAL;-;-;-;-;-;-;-;-;-;0,09;-;-;-;-;-;-;-
IDIX26P537900;BRBMEFVIX9X0;FINANCIAL;-;-;-;-;-;-;-;-;-;0,16;-;-;-;-;-;-;-
IDIX26P538000;BRBMEFVIX9Y8;FINANCIAL;-;-;-;-;-;-;-;-;-;0,3;-;-;-;-;-;-;-
IDIX26P538100;BRBMEFVIX9Z5;FINANCIAL;-;-;-;-;-;-;-;-;-;0,54;-;-;-;-;-;-;-
IDIX26P538200;BRBMEFVIXA06;FINANCIAL;-;-;-;-;-;-;-;-;-;0,94;-;-;-;-;-;-;-
IDIX26P538300;BRBMEFVIXA14;FINANCIAL;-;-;-;-;-;-;-;-;-;1,6;-;-;-;-;-;-;-
IDIX26P538400;BRBMEFVIXA22;FINANCIAL;-;-;-;-;-;-;-;-;-;1,96;-;-;-;-;-;-;-
IDIX26P538500;BRBMEFVIXA30;FINANCIAL;-;-;-;-;-;-;-;-;-;2,11;-;-;-;-;-;-;-
IDIX26P538600;BRBMEFVIXA48;FINANCIAL;-;-;-;-;-;-;-;-;-;2,29;-;-;-;-;-;-;-
IDIX26P538700;BRBMEFVIXA55;FINANCIAL;-;-;-;-;-;-;-;-;-;2,5;-;-;-;-;-;-;-
IDIX26P538800;BRBMEFVIXA63;FINANCIAL;-;-;-;-;-;-;-;-;-;2,75;-;-;-;-;-;-;-
IDIX26P538900;BRBMEFVIXA71;FINANCIAL;-;-;-;-;-;-;-;-;-;3,07;-;-;-;-;-;-;-
IDIX26P539000;BRBMEFVIXA89;FINANCIAL;-;-;-;-;-;-;-;-;-;3,55;-;-;-;-;-;-;-
IDIX26P539100;BRBMEFVIXA97;FINANCIAL;-;-;-;-;-;-;-;-;-;4,37;-;-;-;-;-;-;-
IDIX26P539200;BRBMEFVIXAA6;FINANCIAL;-;-;-;-;-;-;-;-;-;6,18;-;-;-;-;-;-;-
IDIX26P539300;BRBMEFVIXAB4;FINANCIAL;-;-;-;-;-;-;-;-;-;9,54;-;-;-;-;-;-;-
IDIX26P539400;BRBMEFVIXAC2;FINANCIAL;-;-;-;-;-;-;-;-;-;16,24;-;-;-;-;-;-;-
IDIX26P539500;BRBMEFVIXAD0;FINANCIAL;-;-;-;-;-;-;-;-;-;30,57;-;-;-;-;-;-;-
IDIX26P539600;BRBMEFVIXAE8;FINANCIAL;-;-;-;-;-;-;-;-;-;65,17;-;-;-;-;-;-;-
IDIX26P539700;BRBMEFVIXAF5;FINANCIAL;-;-;-;-;-;-;-;-;-;122,64;-;-;-;-;-;-;-
IDIX26P539800;BRBMEFVIXAG3;FINANCIAL;-;-;-;-;-;-;-;-;-;186,02;-;-;-;-;-;-;-
IDIX26P539900;BRBMEFVIXAH1;FINANCIAL;-;-;-;-;-;-;-;-;-;257,29;-;-;-;-;-;-;-
IDIX26P540000;BRBMEFVIXAI9;FINANCIAL;-;-;-;-;-;-;-;-;-;339,42;-;-;-;-;-;-;-
IDIX26P540100;BRBMEFVIXAJ7;FINANCIAL;-;-;-;-;-;-;-;-;-;426,26;-;-;-;-;-;-;-
IDIX26P540200;BRBMEFVIXAK5;FINANCIAL;-;-;-;-;-;-;-;-;-;516,78;-;-;-;-;-;-;-
IDIX26P540300;BRBMEFVIXAL3;FINANCIAL;-;-;-;-;-;-;-;-;-;609,39;-;-;-;-;-;-;-
IDIX26P540400;BRBMEFVIXAM1;FINANCIAL;-;-;-;-;-;-;-;-;-;702,96;-;-;-;-;-;-;-
IDIX26P540500;BRBMEFVIXAN9;FINANCIAL;-;-;-;-;-;-;-;-;-;796,91;-;-;-;-;-;-;-
IDIX26P540600;BRBMEFVIXAO7;FINANCIAL;-;-;-;-;-;-;-;-;-;891,29;-;-;-;-;-;-;-
IDIX26P540700;BRBMEFVIXAP4;FINANCIAL;-;-;-;-;-;-;-;-;-;985,9;-;-;-;-;-;-;-
IDIX26P540800;BRBMEFVIXAQ2;FINANCIAL;-;-;-;-;-;-;-;-;-;1080,68;-;-;-;-;-;-;-
IDIX26P540900;BRBMEFVIXAR0;FINANCIAL;-;-;-;-;-;-;-;-;-;1175,63;-;-;-;-;-;-;-
IDIX26P541000;BRBMEFVIXAS8;FINANCIAL;-;-;-;-;-;-;-;-;-;1270,68;-;-;-;-;-;-;-
IDIX26P541100;BRBMEFVIXAT6;FINANCIAL;-;-;-;-;-;-;-;-;-;1365,77;-;-;-;-;-;-;-
IDIX26P541200;BRBMEFVIXAU4;FINANCIAL;-;-;-;-;-;-;-;-;-;1460,9;-;-;-;-;-;-;-
IDIX26P541300;BRBMEFVIXAV2;FINANCIAL;-;-;-;-;-;-;-;-;-;1556,09;-;-;-;-;-;-;-
IDIX26P541400;BRBMEFVIXAW0;FINANCIAL;-;-;-;-;-;-;-;-;-;1651,31;-;-;-;-;-;-;-
IDIX26P541500;BRBMEFVIXAX8;FINANCIAL;-;-;-;-;-;-;-;-;-;1746,56;-;-;-;-;-;-;-
IDIX26P541600;BRBMEFVIXAY6;FINANCIAL;-;-;-;-;-;-;-;-;-;1841,84;-;-;-;-;-;-;-
IDIX26P541700;BRBMEFVIXAZ3;FINANCIAL;-;-;-;-;-;-;-;-;-;1937,14;-;-;-;-;-;-;-
IDIX26P541800;BRBMEFVIXB05;FINANCIAL;-;-;-;-;-;-;-;-;-;2032,47;-;-;-;-;-;-;-
IDIX26P541900;BRBMEFVIXB13;FINANCIAL;-;-;-;-;-;-;-;-;-;2127,81;-;-;-;-;-;-;-
IDIX26P542000;BRBMEFVIXB21;FINANCIAL;-;-;-;-;-;-;-;-;-;2223,19;-;-;-;-;-;-;-
IDIX26P542100;BRBMEFVIXB39;FINANCIAL;-;-;-;-;-;-;-;-;-;2318,56;-;-;-;-;-;-;-
IDIX26P542200;BRBMEFVIXB47;FINANCIAL;-;-;-;-;-;-;-;-;-;2413,97;-;-;-;-;-;-;-
IDIX26P542300;BRBMEFVIXB54;FINANCIAL;-;-;-;-;-;-;-;-;-;2509,39;-;-;-;-;-;-;-
IDIX26P900000;BRBMEFVIXB62;FINANCIAL;-;-;-;-;-;-;-;-;-;344388,41;-;-;-;-;-;-;-
IDIZ26C541000;BRBMEFCIZ8U9;FINANCIAL;-;-;-;-;-;-;-;-;-;3800,82;-;-;-;-;-;-;-
IDIZ26C541100;BRBMEFCIZ8V7;FINANCIAL;-;-;-;-;-;-;-;-;-;3706,2;-;-;-;-;-;-;-
IDIZ26C541200;BRBMEFCIZ8W5;FINANCIAL;-;-;-;-;-;-;-;-;-;3611,59;-;-;-;-;-;-;-
IDIZ26C541300;BRBMEFCIZ8X3;FINANCIAL;-;-;-;-;-;-;-;-;-;3516,99;-;-;-;-;-;-;-
IDIZ26C541400;BRBMEFCIZ8Y1;FINANCIAL;-;-;-;-;-;-;-;-;-;3422,41;-;-;-;-;-;-;-
IDIZ26C541500;BRBMEFCIZ8Z8;FINANCIAL;-;-;-;-;-;-;-;-;-;3327,86;-;-;-;-;-;-;-
IDIZ26C541600;BRBMEFCIZ904;FINANCIAL;-;-;-;-;-;-;-;-;-;3233,33;-;-;-;-;-;-;-
IDIZ26C541700;BRBMEFCIZ912;FINANCIAL;-;-;-;-;-;-;-;-;-;3138,84;-;-;-;-;-;-;-
IDIZ26C541800;BRBMEFCIZ920;FINANCIAL;-;-;-;-;-;-;-;-;-;3044,4;-;-;-;-;-;-;-
IDIZ26C541900;BRBMEFCIZ938;FINANCIAL;-;-;-;-;-;-;-;-;-;2950,02;-;-;-;-;-;-;-
IDIZ26C542000;BRBMEFCIZ946;FINANCIAL;-;-;-;-;-;-;-;-;-;2855,72;-;-;-;-;-;-;-
IDIZ26C542100;BRBMEFCIZ953;FINANCIAL;-;-;-;-;-;-;-;-;-;2761,53;-;-;-;-;-;-;-
IDIZ26C542200;BRBMEFCIZ961;FINANCIAL;-;-;-;-;-;-;-;-;-;2667,46;-;-;-;-;-;-;-
IDIZ26C542300;BRBMEFCIZ979;FINANCIAL;-;-;-;-;-;-;-;-;-;2573,55;-;-;-;-;-;-;-
IDIZ26C542400;BRBMEFCIZ987;FINANCIAL;-;-;-;-;-;-;-;-;-;2479,47;-;-;-;-;-;-;-
IDIZ26C542500;BRBMEFCIZ995;FINANCIAL;-;-;-;-;-;-;-;-;-;2384,91;-;-;-;-;-;-;-
IDIZ26C542600;BRBMEFCIZ9A9;FINANCIAL;-;-;-;-;-;-;-;-;-;2290,38;-;-;-;-;-;-;-
IDIZ26C542700;BRBMEFCIZ9B7;FINANCIAL;-;-;-;-;-;-;-;-;-;2195,84;-;-;-;-;-;-;-
IDIZ26C542800;BRBMEFCIZ9C5;FINANCIAL;-;-;-;-;-;-;-;-;-;2101,33;-;-;-;-;-;-;-
IDIZ26C542900;BRBMEFCIZ9D3;FINANCIAL;-;-;-;-;-;-;-;-;-;2006,82;-;-;-;-;-;-;-
IDIZ26C543000;BRBMEFCIZ9E1;FINANCIAL;-;-;-;-;-;-;-;-;-;1912,33;-;-;-;-;-;-;-
IDIZ26C543100;BRBMEFCIZ9F8;FINANCIAL;-;-;-;-;-;-;-;-;-;1817,84;-;-;-;-;-;-;-
IDIZ26C543200;BRBMEFCIZ9G6;FINANCIAL;-;-;-;-;-;-;-;-;-;1723,35;-;-;-;-;-;-;-
IDIZ26C543300;BRBMEFCIZ9H4;FINANCIAL;-;-;-;-;-;-;-;-;-;1628,86;-;-;-;-;-;-;-
IDIZ26C543400;BRBMEFCIZ9I2;FINANCIAL;-;-;-;-;-;-;-;-;-;1534,41;-;-;-;-;-;-;-
IDIZ26C543500;BRBMEFCIZ9J0;FINANCIAL;-;-;-;-;-;-;-;-;-;1440;-;-;-;-;-;-;-
IDIZ26C543600;BRBMEFCIZ9K8;FINANCIAL;-;-;-;-;-;-;-;-;-;1345,61;-;-;-;-;-;-;-
IDIZ26C543700;BRBMEFCIZ9L6;FINANCIAL;-;-;-;-;-;-;-;-;-;1251,3;-;-;-;-;-;-;-
IDIZ26C543800;BRBMEFCIZ9M4;FINANCIAL;-;-;-;-;-;-;-;-;-;1157,07;-;-;-;-;-;-;-
IDIZ26C543900;BRBMEFCIZ9N2;FINANCIAL;-;-;-;-;-;-;-;-;-;1062,97;-;-;-;-;-;-;-
IDIZ26C544000;BRBMEFCIZ9O0;FINANCIAL;-;-;-;-;-;-;-;-;-;969,08;-;-;-;-;-;-;-
IDIZ26C544100;BRBMEFCIZ9P7;FINANCIAL;-;-;-;-;-;-;-;-;-;876,12;-;-;-;-;-;-;-
IDIZ26C544200;BRBMEFCIZ9Q5;FINANCIAL;-;-;-;-;-;-;-;-;-;784,1;-;-;-;-;-;-;-
IDIZ26C544300;BRBMEFCIZ9R3;FINANCIAL;-;-;-;-;-;-;-;-;-;693,47;-;-;-;-;-;-;-
IDIZ26C544400;BRBMEFCIZ9S1;FINANCIAL;-;-;-;-;-;-;-;-;-;603,55;-;-;-;-;-;-;-
IDIZ26C544500;BRBMEFCIZ9T9;FINANCIAL;-;-;-;-;-;-;-;-;-;517,32;-;-;-;-;-;-;-
IDIZ26C544600;BRBMEFCIZ9U7;FINANCIAL;-;-;-;-;-;-;-;-;-;434,14;-;-;-;-;-;-;-
IDIZ26C544700;BRBMEFCIZ9V5;FINANCIAL;-;-;-;-;-;-;-;-;-;358,85;-;-;-;-;-;-;-
IDIZ26C544800;BRBMEFCIZ9W3;FINANCIAL;-;-;-;-;-;-;-;-;-;293,14;-;-;-;-;-;-;-
IDIZ26C544900;BRBMEFCIZ9X1;FINANCIAL;-;-;-;-;-;-;-;-;-;237,7;-;-;-;-;-;-;-
IDIZ26C545000;BRBMEFCIZ9Y9;FINANCIAL;-;-;-;-;-;-;-;-;-;195,54;-;-;-;-;-;-;-
IDIZ26C545100;BRBMEFCIZ9Z6;FINANCIAL;-;-;-;-;-;-;-;-;-;159,11;-;-;-;-;-;-;-
IDIZ26C545200;BRBMEFCIZA07;FINANCIAL;-;-;-;-;-;-;-;-;-;127,83;-;-;-;-;-;-;-
IDIZ26C545300;BRBMEFCIZA15;FINANCIAL;-;-;-;-;-;-;-;-;-;102,25;-;-;-;-;-;-;-
IDIZ26C545400;BRBMEFCIZA23;FINANCIAL;-;-;-;-;-;-;-;-;-;86,23;-;-;-;-;-;-;-
IDIZ26C545500;BRBMEFCIZA31;FINANCIAL;-;-;-;-;-;-;-;-;-;72,64;-;-;-;-;-;-;-
IDIZ26C545600;BRBMEFCIZA49;FINANCIAL;-;-;-;-;-;-;-;-;-;62,67;-;-;-;-;-;-;-
IDIZ26C545700;BRBMEFCIZA56;FINANCIAL;-;-;-;-;-;-;-;-;-;54,5;-;-;-;-;-;-;-
IDIZ26C545800;BRBMEFCIZA64;FINANCIAL;-;-;-;-;-;-;-;-;-;47,38;-;-;-;-;-;-;-
IDIZ26C545900;BRBMEFCIZA72;FINANCIAL;-;-;-;-;-;-;-;-;-;41,52;-;-;-;-;-;-;-
IDIZ26C546000;BRBMEFCIZA80;FINANCIAL;-;-;-;-;-;-;-;-;-;36,71;-;-;-;-;-;-;-
IDIZ26C546100;BRBMEFCIZA98;FINANCIAL;-;-;-;-;-;-;-;-;-;33,4;-;-;-;-;-;-;-
IDIZ26C546200;BRBMEFCIZAA1;FINANCIAL;-;-;-;-;-;-;-;-;-;30,46;-;-;-;-;-;-;-
IDIZ26C546300;BRBMEFCIZAB9;FINANCIAL;-;-;-;-;-;-;-;-;-;27,62;-;-;-;-;-;-;-
IDIZ26C546400;BRBMEFCIZAC7;FINANCIAL;-;-;-;-;-;-;-;-;-;25,16;-;-;-;-;-;-;-
IDIZ26C546500;BRBMEFCIZAD5;FINANCIAL;-;-;-;-;-;-;-;-;-;22,99;-;-;-;-;-;-;-
IDIZ26C546600;BRBMEFCIZAE3;FINANCIAL;-;-;-;-;-;-;-;-;-;21,12;-;-;-;-;-;-;-
IDIZ26C546700;BRBMEFCIZAF0;FINANCIAL;-;-;-;-;-;-;-;-;-;19,56;-;-;-;-;-;-;-
IDIZ26C546800;BRBMEFCIZAG8;FINANCIAL;-;-;-;-;-;-;-;-;-;18,22;-;-;-;-;-;-;-
IDIZ26C546900;BRBMEFCIZAH6;FINANCIAL;-;-;-;-;-;-;-;-;-;17,05;-;-;-;-;-;-;-
IDIZ26C547000;BRBMEFCIZAI4;FINANCIAL;-;-;-;-;-;-;-;-;-;15,98;-;-;-;-;-;-;-
IDIZ26C547100;BRBMEFCIZAJ2;FINANCIAL;-;-;-;-;-;-;-;-;-;15,03;-;-;-;-;-;-;-
IDIZ26C547200;BRBMEFCIZAK0;FINANCIAL;-;-;-;-;-;-;-;-;-;14,19;-;-;-;-;-;-;-
IDIZ26C900000;BRBMEFCIZAL8;FINANCIAL;-;-;-;-;-;-;-;-;-;0,01;-;-;-;-;-;-;-
IDIZ26P541000;BRBMEFVIZ8U6;FINANCIAL;-;-;-;-;-;-;-;-;-;0,06;-;-;-;-;-;-;-
IDIZ26P541100;BRBMEFVIZ8V4;FINANCIAL;-;-;-;-;-;-;-;-;-;0,08;-;-;-;-;-;-;-
IDIZ26P541200;BRBMEFVIZ8W2;FINANCIAL;-;-;-;-;-;-;-;-;-;0,12;-;-;-;-;-;-;-
IDIZ26P541300;BRBMEFVIZ8X0;FINANCIAL;-;-;-;-;-;-;-;-;-;0,16;-;-;-;-;-;-;-
IDIZ26P541400;BRBMEFVIZ8Y8;FINANCIAL;-;-;-;-;-;-;-;-;-;0,23;-;-;-;-;-;-;-
IDIZ26P541500;BRBMEFVIZ8Z5;FINANCIAL;-;-;-;-;-;-;-;-;-;0,31;-;-;-;-;-;-;-
IDIZ26P541600;BRBMEFVIZ904;FINANCIAL;-;-;-;-;-;-;-;-;-;0,42;-;-;-;-;-;-;-
IDIZ26P541700;BRBMEFVIZ912;FINANCIAL;-;-;-;-;-;-;-;-;-;0,58;-;-;-;-;-;-;-
IDIZ26P541800;BRBMEFVIZ920;FINANCIAL;-;-;-;-;-;-;-;-;-;0,78;-;-;-;-;-;-;-
IDIZ26P541900;BRBMEFVIZ938;FINANCIAL;-;-;-;-;-;-;-;-;-;1,04;-;-;-;-;-;-;-
IDIZ26P542000;BRBMEFVIZ946;FINANCIAL;-;-;-;-;-;-;-;-;-;1,39;-;-;-;-;-;-;-
IDIZ26P542100;BRBMEFVIZ953;FINANCIAL;-;-;-;-;-;-;-;-;-;1,84;-;-;-;-;-;-;-
IDIZ26P542200;BRBMEFVIZ961;FINANCIAL;-;-;-;-;-;-;-;-;-;2,41;-;-;-;-;-;-;-
IDIZ26P542300;BRBMEFVIZ979;FINANCIAL;-;-;-;-;-;-;-;-;-;3,15;-;-;-;-;-;-;-
IDIZ26P542400;BRBMEFVIZ987;FINANCIAL;-;-;-;-;-;-;-;-;-;3,71;-;-;-;-;-;-;-
IDIZ26P542500;BRBMEFVIZ995;FINANCIAL;-;-;-;-;-;-;-;-;-;3,79;-;-;-;-;-;-;-
IDIZ26P542600;BRBMEFVIZ9A6;FINANCIAL;-;-;-;-;-;-;-;-;-;3,9;-;-;-;-;-;-;-
IDIZ26P542700;BRBMEFVIZ9B4;FINANCIAL;-;-;-;-;-;-;-;-;-;4,01;-;-;-;-;-;-;-
IDIZ26P542800;BRBMEFVIZ9C2;FINANCIAL;-;-;-;-;-;-;-;-;-;4,13;-;-;-;-;-;-;-
IDIZ26P542900;BRBMEFVIZ9D0;FINANCIAL;-;-;-;-;-;-;-;-;-;4,27;-;-;-;-;-;-;-
IDIZ26P543000;BRBMEFVIZ9E8;FINANCIAL;-;-;-;-;-;-;-;-;-;4,42;-;-;-;-;-;-;-
IDIZ26P543100;BRBMEFVIZ9F5;FINANCIAL;-;-;-;-;-;-;-;-;-;4,57;-;-;-;-;-;-;-
IDIZ26P543200;BRBMEFVIZ9G3;FINANCIAL;-;-;-;-;-;-;-;-;-;4,72;-;-;-;-;-;-;-
IDIZ26P543300;BRBMEFVIZ9H1;FINANCIAL;-;-;-;-;-;-;-;-;-;4,88;-;-;-;-;-;-;-
IDIZ26P543400;BRBMEFVIZ9I9;FINANCIAL;-;-;-;-;-;-;-;-;-;5,07;-;-;-;-;-;-;-
IDIZ26P543500;BRBMEFVIZ9J7;FINANCIAL;-;-;-;-;-;-;-;-;-;5,31;-;-;-;-;-;-;-
IDIZ26P543600;BRBMEFVIZ9K5;FINANCIAL;-;-;-;-;-;-;-;-;-;5,56;-;-;-;-;-;-;-
IDIZ26P543700;BRBMEFVIZ9L3;FINANCIAL;-;-;-;-;-;-;-;-;-;5,89;-;-;-;-;-;-;-
IDIZ26P543800;BRBMEFVIZ9M1;FINANCIAL;-;-;-;-;-;-;-;-;-;6,3;-;-;-;-;-;-;-
IDIZ26P543900;BRBMEFVIZ9N9;FINANCIAL;-;-;-;-;-;-;-;-;-;6,84;-;-;-;-;-;-;-
IDIZ26P544000;BRBMEFVIZ9O7;FINANCIAL;-;-;-;-;-;-;-;-;-;7,59;-;-;-;-;-;-;-
IDIZ26P544100;BRBMEFVIZ9P4;FINANCIAL;-;-;-;-;-;-;-;-;-;9,28;-;-;-;-;-;-;-
IDIZ26P544200;BRBMEFVIZ9Q2;FINANCIAL;-;-;-;-;-;-;-;-;-;11,91;-;-;-;-;-;-;-
IDIZ26P544300;BRBMEFVIZ9R0;FINANCIAL;-;-;-;-;-;-;-;-;-;15,91;-;-;-;-;-;-;-
IDIZ26P544400;BRBMEFVIZ9S8;FINANCIAL;-;-;-;-;-;-;-;-;-;20,64;-;-;-;-;-;-;-
IDIZ26P544500;BRBMEFVIZ9T6;FINANCIAL;-;-;-;-;-;-;-;-;-;29,05;-;-;-;-;-;-;-
IDIZ26P544600;BRBMEFVIZ9U4;FINANCIAL;-;-;-;-;-;-;-;-;-;40,51;-;-;-;-;-;-;-
IDIZ26P544700;BRBMEFVIZ9V2;FINANCIAL;-;-;-;-;-;-;-;-;-;59,87;-;-;-;-;-;-;-
IDIZ26P544800;BRBMEFVIZ9W0;FINANCIAL;-;-;-;-;-;-;-;-;-;88,79;-;-;-;-;-;-;-
IDIZ26P544900;BRBMEFVIZ9X8;FINANCIAL;-;-;-;-;-;-;-;-;-;128;-;-;-;-;-;-;-
IDIZ26P545000;BRBMEFVIZ9Y6;FINANCIAL;-;-;-;-;-;-;-;-;-;180,48;-;-;-;-;-;-;-
IDIZ26P545100;BRBMEFVIZ9Z3;FINANCIAL;-;-;-;-;-;-;-;-;-;238,69;-;-;-;-;-;-;-
IDIZ26P545200;BRBMEFVIZA04;FINANCIAL;-;-;-;-;-;-;-;-;-;302,05;-;-;-;-;-;-;-
IDIZ26P545300;BRBMEFVIZA12;FINANCIAL;-;-;-;-;-;-;-;-;-;371,12;-;-;-;-;-;-;-
IDIZ26P545400;BRBMEFVIZA20;FINANCIAL;-;-;-;-;-;-;-;-;-;449,74;-;-;-;-;-;-;-
IDIZ26P545500;BRBMEFVIZA38;FINANCIAL;-;-;-;-;-;-;-;-;-;530,79;-;-;-;-;-;-;-
IDIZ26P545600;BRBMEFVIZA46;FINANCIAL;-;-;-;-;-;-;-;-;-;615,46;-;-;-;-;-;-;-
IDIZ26P545700;BRBMEFVIZA53;FINANCIAL;-;-;-;-;-;-;-;-;-;701,94;-;-;-;-;-;-;-
IDIZ26P545800;BRBMEFVIZA61;FINANCIAL;-;-;-;-;-;-;-;-;-;789,46;-;-;-;-;-;-;-
IDIZ26P545900;BRBMEFVIZA79;FINANCIAL;-;-;-;-;-;-;-;-;-;878,24;-;-;-;-;-;-;-
IDIZ26P546000;BRBMEFVIZA87;FINANCIAL;-;-;-;-;-;-;-;-;-;968,07;-;-;-;-;-;-;-
IDIZ26P546100;BRBMEFVIZA95;FINANCIAL;-;-;-;-;-;-;-;-;-;1059,41;-;-;-;-;-;-;-
IDIZ26P546200;BRBMEFVIZAA1;FINANCIAL;-;-;-;-;-;-;-;-;-;1151,11;-;-;-;-;-;-;-
IDIZ26P546300;BRBMEFVIZAB9;FINANCIAL;-;-;-;-;-;-;-;-;-;1242,92;-;-;-;-;-;-;-
IDIZ26P546400;BRBMEFVIZAC7;FINANCIAL;-;-;-;-;-;-;-;-;-;1335,09;-;-;-;-;-;-;-
IDIZ26P546500;BRBMEFVIZAD5;FINANCIAL;-;-;-;-;-;-;-;-;-;1427,57;-;-;-;-;-;-;-
IDIZ26P546600;BRBMEFVIZAE3;FINANCIAL;-;-;-;-;-;-;-;-;-;1520,34;-;-;-;-;-;-;-
IDIZ26P546700;BRBMEFVIZAF0;FINANCIAL;-;-;-;-;-;-;-;-;-;1613,42;-;-;-;-;-;-;-
IDIZ26P546800;BRBMEFVIZAG8;FINANCIAL;-;-;-;-;-;-;-;-;-;1706,73;-;-;-;-;-;-;-
IDIZ26P546900;BRBMEFVIZAH6;FINANCIAL;-;-;-;-;-;-;-;-;-;1800,2;-;-;-;-;-;-;-
IDIZ26P547000;BRBMEFVIZAI4;FINANCIAL;-;-;-;-;-;-;-;-;-;1893,77;-;-;-;-;-;-;-
IDIZ26P547100;BRBMEFVIZAJ2;FINANCIAL;-;-;-;-;-;-;-;-;-;1987,47;-;-;-;-;-;-;-
IDIZ26P547200;BRBMEFVIZAK0;FINANCIAL;-;-;-;-;-;-;-;-;-;2081,27;-;-;-;-;-;-;-
IDIZ26P900000;BRBMEFVIZAL8;FINANCIAL;-;-;-;-;-;-;-;-;-;335965,87;-;-;-;-;-;-;-
CPMQ26C099000;BRBMEFCP81L8;FINANCIAL;-;-;-;-;-;-;-;-;-;0;-;-;-;-;-;-;-
CPMQ26C099250;BRBMEFCP81M6;FINANCIAL;0,1;0,1;0,1;0,1;0,1;-80;-;-;-;0;-;-;-;-;2;3.792;379,2
CPMQ26C099500;BRBMEFCP81N4;FINANCIAL;1,5;1,5;1,5;1,5;1,5;50;-;-;-;1,05;-;-;-;-;2;510;765
CPMQ26C099750;BRBMEFCP81O2;FINANCIAL;57,9;57,9;70;66,976;70;14,75;-;-;-;70;-;-;69;-;7;13.524;905793,1
CPMQ26C100000;BRBMEFCP81P9;FINANCIAL;36;28;36;30,961;28;-22,22;-;-;-;28;-;-;27,2;30;16;33.856;1048226
CPMQ26C100250;BRBMEFCP81Q7;FINANCIAL;-;-;-;-;-;-;-;-;-;0;-;-;-;-;-;-;-
CPMQ26C100500;BRBMEFCP81R5;FINANCIAL;-;-;-;-;-;-;-;-;-;0;-;-;-;-;-;-;-
CPMQ26C100750;BRBMEFCP81S3;FINANCIAL;-;-;-;-;-;-;-;-;-;0;-;-;-;-;-;-;-
CPMQ26C101000;BRBMEFCP81T1;FINANCIAL;-;-;-;-;-;-;-;-;-;0;-;-;-;-;-;-;-
CPMQ26C101250;BRBMEFCP81U9;FINANCIAL;-;-;-;-;-;-;-;-;-;0;-;-;-;-;-;-;-
CPMQ26C101500;BRBMEFCP81V7;FINANCIAL;-;-;-;-;-;-;-;-;-;0;-;-;-;-;-;-;-
CPMQ26C101750;BRBMEFCP81W5;FINANCIAL;-;-;-;-;-;-;-;-;-;0;-;-;-;-;-;-;-
CPMQ26C102000;BRBMEFCP81X3;FINANCIAL;-;-;-;-;-;-;-;-;-;0;-;-;-;-;-;-;-
CPMU26C099000;BRBMEFCP91K9;FINANCIAL;-;-;-;-;-;-;-;-;-;0;-;-;-;-;-;-;-
CPMU26C099250;BRBMEFCP91L7;FINANCIAL;0,5;0,5;0,5;0,5;0,5;0;-;-;-;0;-;-;-;-;2;1.080;540
CPMU26C099500;BRBMEFCP91M5;FINANCIAL;3,4;3,4;5;4,392;5;0;-;-;-;5;-;-;1;-;3;1.612;7080,8
CPMU26C099750;BRBMEFCP91N3;FINANCIAL;29,4;29,4;37,9;35,908;37,9;26,33;-;-;-;37,9;-;-;-;-;4;2.612;93792,8
CPMU26C100000;BRBMEFCP91O1;FINANCIAL;58;55,8;58;56,9;55,8;-7;-;-;-;55,8;-;-;25;-;2;2.000;113800
CPMU26C100250;BRBMEFCP91P8;FINANCIAL;-;-;-;-;-;-;-;-;-;0;-;-;-;-;-;-;-
CPMU26C100500;BRBMEFCP91Q6;FINANCIAL;-;-;-;-;-;-;-;-;-;0;-;-;-;-;-;-;-
CPMU26C100750;BRBMEFCP91R4;FINANCIAL;-;-;-;-;-;-;-;-;-;0;-;-;-;-;-;-;-
CPMU26C101000;BRBMEFCP91S2;FINANCIAL;-;-;-;-;-;-;-;-;-;0;-;-;-;-;-;-;-
CPMU26C101250;BRBMEFCP91X2;FINANCIAL;-;-;-;-;-;-;-;-;-;0;-;-;-;-;-;-;-
CPMU26C101500;BRBMEFCP91Y0;FINANCIAL;-;-;-;-;-;-;-;-;-;0;-;-;-;-;-;-;-
CPMU26C101750;BRBMEFCP91Z7;FINANCIAL;-;-;-;-;-;-;-;-;-;0;-;-;-;-;-;-;-
CPMU26C102000;BRBMEFCP9200;FINANCIAL;-;-;-;-;-;-;-;-;-;0;-;-;-;-;-;-;-
CPMX26C099000;BRBMEFCPY175;FINANCIAL;-;-;-;-;-;-;-;-;-;41,27;-;-;-;-;-;-;-
CPMX26C099250;BRBMEFCPY183;FINANCIAL;-;-;-;-;-;-;-;-;-;47,6;-;-;-;-;-;-;-
CPMX26C099500;BRBMEFCPY191;FINANCIAL;-;-;-;-;-;-;-;-;-;0,93;-;-;-;-;-;-;-
CPMX26C099750;BRBMEFCPY1A8;FINANCIAL;-;-;-;-;-;-;-;-;-;0,93;-;-;-;-;-;-;-
CPMX26C100000;BRBMEFCPY1B6;FINANCIAL;-;-;-;-;-;-;-;-;-;0;-;-;-;-;-;-;-
CPMX26C100250;BRBMEFCPY1C4;FINANCIAL;-;-;-;-;-;-;-;-;-;4,75;-;-;-;-;-;-;-
CPMX26C100500;BRBMEFCPY1D2;FINANCIAL;-;-;-;-;-;-;-;-;-;0;-;-;-;-;-;-;-
CPMX26C100750;BRBMEFCPY1E0;FINANCIAL;-;-;-;-;-;-;-;-;-;0;-;-;-;-;-;-;-
CPMX26C101000;BRBMEFCPY1F7;FINANCIAL;-;-;-;-;-;-;-;-;-;0;-;-;-;-;-;-;-
SOYX26C004700;BRBMEFSY10X0;AGRIBUSINESS;-;-;-;-;-;-;-;-;-;401,98;-;-;-;-;-;-;-
SOYX26P004700;BRBMEFSY20X9;AGRIBUSINESS;-;-;-;-;-;-;-;-;-;0,01;-;-;-;-;-;-;-
CNLU26C120000;BRBMEFCCL261;AGRIBUSINESS;-;-;-;-;-;-;-;-;-;7,58;-;-;-;-;-;-;-
CNLU26P120000;BRBMEFVCL261;AGRIBUSINESS;-;-;-;-;-;-;-;-;-;198,65;-;-;-;-;-;-;-
BGIF27;BRBMEFBGI7Y7;AGRIBUSINESS;361;356,45;361;357,64;359,35;-0,18;358,15;-;360;-;-1,85;-610,5;357,45;358,45;33;33;3894726
BGIG27;BRBMEFBGI7Z4;AGRIBUSINESS;357,1;357,1;357,75;357,42;357,75;0,05;355,7;-;357,55;-;-1,85;-610,5;356,15;357,7;2;2;235900,5
BGIH27;BRBMEFBGI807;AGRIBUSINESS;-;-;-;-;-;-;358,85;-;360,7;-;-1,85;-610,5;-;-;-;-;-
BGIK27;BRBMEFBGI815;AGRIBUSINESS;-;-;-;-;-;-;358,85;-;360,7;-;-1,85;-610,5;350;353,4;-;-;-
BGIM26;BRBMEFBGI7N0;AGRIBUSINESS;337,25;337,2;337,55;337,33;337,25;-0,39;337,58;-;338,6;-;-1,02;-336,6;337,2;337,25;704;1.570;174771580,5
BGIN26;BRBMEFBGI7O8;AGRIBUSINESS;333,2;329,7;333,8;330,82;330;-0,97;330,1;-;333,25;-;-3,15;-1039,5;329,9;330;1.926;3.112;339746682
BGIQ26;BRBMEFBGI7P5;AGRIBUSINESS;336,1;332,1;336,1;333,31;332,75;-0,93;333,15;-;335,9;-;-2,75;-907,5;332,9;333,25;548;801;88104093
BGIU26;BRBMEFBGI7S9;AGRIBUSINESS;337,15;334;337,15;334,79;334,25;-0,86;334,65;-;337,15;-;-2,5;-825;334,6;335,25;264;316;34912152
BGIV26;BRBMEFBGI7U5;AGRIBUSINESS;345,15;341,4;345,15;342,51;342,6;-0,71;342,45;-;345,05;-;-2,6;-858;342,6;342,9;781;1.007;113819970
BGIX26;BRBMEFBGI7W1;AGRIBUSINESS;348;346,35;348,65;347,54;348;-0,44;347,85;-;349,55;-;-1,7;-561;347,8;348;317;359;41173555,5
BGIZ26;BRBMEFBGI7X9;AGRIBUSINESS;353,45;347,55;353,45;349,06;350,35;-0,75;350,5;-;353;-;-2,5;-825;350,05;350,5;110;129;14859801
ICFH27;BRBMEFICF3H1;AGRIBUSINESS;-;-;-;-;-;-;343,65;-;318,65;-;25;12926;324;-;-;-;-
ICFK27;BRBMEFICF3J7;AGRIBUSINESS;-;-;-;-;-;-;344,4;-;318,9;-;25,5;13184,52;315;-;-;-;-
ICFN26;BRBMEFICF3I9;AGRIBUSINESS;-;-;-;-;-;-;378,7;-;352,1;-;26,6;13753,264;-;-;-;-;-
ICFU26;BRBMEFICF3D0;AGRIBUSINESS;339,5;337,2;353,8;345,98;353,8;7,99;351,1;-;327,6;-;23,5;12150,44;353,8;-;671;886;158496104,35
ICFU27;BRBMEFICF3G3;AGRIBUSINESS;324,95;324,95;340,15;331,47;339;7,53;340,45;-;315,25;-;25,2;13029,408;337,8;-;13;17;2913546,25
ICFZ26;BRBMEFICF3E8;AGRIBUSINESS;332;332;345,8;341,54;345,7;7,19;343,7;-;322,5;-;21,2;10961,248;345,7;-;13;18;3178684,36
ETHF27;BRBMEFETH5Z1;AGRIBUSINESS;-;-;-;-;-;-;2533;-;2540;-;-7;-210;-;2570;-;-;-
ETHG27;BRBMEFETH608;AGRIBUSINESS;-;-;-;-;-;-;2570;-;2592,5;-;-22,5;-675;-;2570;-;-;-
ETHH27;BRBMEFETH616;AGRIBUSINESS;-;-;-;-;-;-;2560;-;2567;-;-7;-210;-;2570;-;-;-
ETHM26;BRBMEFETH5S6;AGRIBUSINESS;-;-;-;-;-;-;2376;-;2381,5;-;-5,5;-165;-;-;-;-;-
ETHN26;BRBMEFETH5T4;AGRIBUSINESS;-;-;-;-;-;-;2385;-;2391,5;-;-6,5;-195;2360;2410;-;-;-
ETHQ26;BRBMEFETH5U2;AGRIBUSINESS;-;-;-;-;-;-;2400;-;2406,5;-;-6,5;-195;2350;2406;-;-;-
ETHU26;BRBMEFETH5V0;AGRIBUSINESS;-;-;-;-;-;-;2420;-;2426,5;-;-6,5;-195;2360;2426;-;-;-
ETHV26;BRBMEFETH5W8;AGRIBUSINESS;-;-;-;-;-;-;2445;-;2451,5;-;-6,5;-195;2420;-;-;-;-
ETHX26;BRBMEFETH5X6;AGRIBUSINESS;-;-;-;-;-;-;2493;-;2500;-;-7;-210;2420;2510;-;-;-
ETHZ26;BRBMEFETH5Y4;AGRIBUSINESS;-;-;-;-;-;-;2513;-;2520;-;-7;-210;2450;2530;-;-;-
CCMF27;BRBMEFCCP353;AGRIBUSINESS;73,6;73,38;73,88;73,67;73,63;0,13;73,8;-;73,53;-;0,27;121,5;73,63;73,81;261;326;10807852,5
CCMH27;BRBMEFCCP361;AGRIBUSINESS;74,82;74,82;75,19;75,06;75,07;0,09;75,1;-;75;-;0,1;45;75,06;75,16;173;369;12464109
CCMK27;BRBMEFCCP338;AGRIBUSINESS;73,12;73,05;73,55;73,52;73,52;0,24;73,46;-;73,34;-;0,12;54;73,4;73,6;7;91;3010878
CCMN26;BRBMEFCCP320;AGRIBUSINESS;64,56;64,41;64,98;64,74;64,75;0,21;64,86;-;64,61;-;0,25;112,5;64,77;64,8;803;1.600;46617529,5
CCMN27;BRBMEFCCP387;AGRIBUSINESS;-;-;-;-;-;-;71,36;-;71,38;-;-0,02;-9;71;71,34;-;-;-
CCMU26;BRBMEFCCP304;AGRIBUSINESS;67,56;67,32;68,29;67,94;68,2;0,82;68,19;-;67,64;-;0,55;247,5;68,17;68,2;2.887;4.701;143737978,5
CCMU27;BRBMEFCCP379;AGRIBUSINESS;71,14;71;71,14;71,04;71,05;-0,04;71,06;-;71,08;-;-0,02;-9;71,02;71,05;83;474;15152863,5
CCMX26;BRBMEFCCP346;AGRIBUSINESS;70,85;70,6;71,23;71,03;71,11;0,33;71,12;-;70,87;-;0,25;112,5;71,1;71,15;1.256;2.018;64508269,5
CCMX27;BRBMEFCCP395;AGRIBUSINESS;73;73;73;73;73;0,37;72,71;-;72,73;-;-0,02;-9;72,3;73;1;225;7391250
DDIF27;BRBMEFDDI4X7;FINANCIAL;5,467;5,467;5,467;5,467;5,467;0,64;97268,71;5,377;97241,43;-;27,28;70,541988;-;-;1;54;13575996,9
DDIF28;BRBMEFDDI4Z2;FINANCIAL;-;-;-;-;-;-;92040,35;5,64;92040,16;-;0,19;0,4913115;-;-;-;-;-
DDIF29;BRBMEFDDI4W9;FINANCIAL;-;-;-;-;-;-;87125,9;5,801;87159,14;-;-33,24;-85,953654;-;-;-;-;-
DDIF30;BRBMEFDDI4Y5;FINANCIAL;-;-;-;-;-;-;82520,85;5,948;82522,69;-;-1,84;-4,757964;-;-;-;-;-
DDIF31;BRBMEFDDI693;FINANCIAL;-;-;-;-;-;-;78025,21;6,156;78086,72;-;-61,51;-159,0556335;-;-;-;-;-
DDIF32;BRBMEFDDI792;FINANCIAL;-;-;-;-;-;-;73672,77;6,394;73740,34;-;-67,57;-174,7258845;-;-;-;-;-
DDIF33;BRBMEFDDI6L7;FINANCIAL;-;-;-;-;-;-;69521,84;6,634;69567,83;-;-45,99;-118,9232415;-;-;-;-;-
DDIF34;BRBMEFDDI7A8;FINANCIAL;-;-;-;-;-;-;65659,94;6,864;65707,59;-;-47,65;-123,2157525;-;-;-;-;-
DDIF35;BRBMEFDDI6K9;FINANCIAL;-;-;-;-;-;-;61818,88;7,154;61866,99;-;-48,11;-124,4052435;-;-;-;-;-
DDIF36;BRBMEFDDI6W4;FINANCIAL;-;-;-;-;-;-;58235,2;7,434;58283,13;-;-47,93;-123,9397905;-;-;-;-;-
DDIF37;BRBMEFDDI776;FINANCIAL;-;-;-;-;-;-;54766,97;7,745;54817,2;-;-50,23;-129,8872455;-;-;-;-;-
DDIF38;BRBMEFDDI7M3;FINANCIAL;-;-;-;-;-;-;51486,39;8,065;51532,09;-;-45,7;-118,173345;-;-;-;-;-
DDIF39;BRBMEFDDI7Y8;FINANCIAL;-;-;-;-;-;-;48496,2;8,366;48543,39;-;-47,19;-122,0262615;-;-;-;-;-
DDIF40;BRBMEFDDI8B4;FINANCIAL;-;-;-;-;-;-;45879,2;8,607;45922,06;-;-42,86;-110,829531;-;-;-;-;-
DDIF41;BRBMEFDDI9L1;FINANCIAL;-;-;-;-;-;-;43345,61;8,878;43386,83;-;-41,22;-106,588737;-;-;-;-;-
DDIG27;BRBMEFDDI9M9;FINANCIAL;-;-;-;-;-;-;96885,89;5,357;96858,4;-;27,49;71,0850165;-;-;-;-;-
DDIH27;BRBMEFDDI9T4;FINANCIAL;-;-;-;-;-;-;96496,36;5,357;96469,32;-;27,04;69,921384;-;-;-;-;-
DDIJ27;BRBMEFDDI7C4;FINANCIAL;-;-;-;-;-;-;96048,98;5,385;96028,5;-;20,48;52,958208;-;-;-;-;-
DDIJ28;BRBMEFDDI7P6;FINANCIAL;-;-;-;-;-;-;90836,46;5,648;90853,24;-;-16,78;-43,390563;-;-;-;-;-
DDIJ29;BRBMEFDDI818;FINANCIAL;-;-;-;-;-;-;85999,44;5,82;86014,69;-;-15,25;-39,4342125;-;-;-;-;-
DDIJ30;BRBMEFDDI8E8;FINANCIAL;-;-;-;-;-;-;81458,16;5,977;81460,32;-;-2,16;-5,585436;-;-;-;-;-
DDIJ31;BRBMEFDDI9J5;FINANCIAL;-;-;-;-;-;-;76912,23;6,225;76975,36;-;-63,13;-163,2447105;-;-;-;-;-
DDIK27;BRBMEFDDI9U2;FINANCIAL;-;-;-;-;-;-;95579,8;5,423;95552,92;-;26,88;69,507648;-;-;-;-;-
DDIM27;BRBMEFDDI9V0;FINANCIAL;-;-;-;-;-;-;95139,27;5,474;95120,59;-;18,68;48,303678;-;-;-;-;-
DDIN26;BRBMEFDDI636;FINANCIAL;-;-;-;-;-;-;100042,19;-15,183;99869,47;-;172,72;446,628012;-;-;-;-;-
DDIN27;BRBMEFDDI7F7;FINANCIAL;-;-;-;-;-;-;94722,68;5,48;94695,61;-;27,07;69,9989595;-;-;-;-;-
DDIN28;BRBMEFDDI7S0;FINANCIAL;-;-;-;-;-;-;89627,63;5,676;89650,15;-;-22,52;-58,233342;-;-;-;-;-
DDIN29;BRBMEFDDI826;FINANCIAL;-;-;-;-;-;-;84859,03;5,85;84879,97;-;-20,94;-54,147699;-;-;-;-;-
DDIN30;BRBMEFDDI8A6;FINANCIAL;-;-;-;-;-;-;80310,37;6,037;80339,02;-;-28,65;-74,0846025;-;-;-;-;-
DDIN31;BRBMEFDDI9I7;FINANCIAL;-;-;-;-;-;-;75963,24;6,235;75998,93;-;-35,69;-92,2889865;-;-;-;-;-
DDIQ26;BRBMEFDDI8H1;FINANCIAL;5,52;5,52;5,52;5,52;5,52;-9,16;99457,17;5,779;99429,38;-;27,79;71,8607715;-;-;1;2.000;514487800
DDIQ27;BRBMEFDDI8J7;FINANCIAL;-;-;-;-;-;-;94244,41;5,524;94236,24;-;8,17;21,1263945;-;-;-;-;-
DDIU26;BRBMEFDDI8K5;FINANCIAL;5,21;5,21;5,21;5,21;5,21;-6,47;99063,67;5,401;99034,41;-;29,26;75,661971;-;-;1;138;35362313,7
DDIV26;BRBMEFDDI743;FINANCIAL;5,16;5,16;5,16;5,16;5,16;-4,55;98652,09;5,289;98622,74;-;29,35;75,8946975;-;-;1;108;27559808,28
DDIV27;BRBMEFDDI7I1;FINANCIAL;-;-;-;-;-;-;93385,97;5,567;93380,69;-;5,28;13,653288;-;-;-;-;-
DDIV28;BRBMEFDDI7V4;FINANCIAL;-;-;-;-;-;-;88421,56;5,714;88432,33;-;-10,77;-27,8496045;-;-;-;-;-
DDIV29;BRBMEFDDI875;FINANCIAL;-;-;-;-;-;-;83740,15;5,879;83762,55;-;-22,4;-57,92304;-;-;-;-;-
DDIV30;BRBMEFDDI8I9;FINANCIAL;-;-;-;-;-;-;79273,19;6,057;79305,82;-;-32,63;-84,3762855;-;-;-;-;-
DDIV31;BRBMEFDDI9K3;FINANCIAL;-;-;-;-;-;-;74875,04;6,295;74914,59;-;-39,55;-102,2703675;-;-;-;-;-
DDIX26;BRBMEFDDI8M1;FINANCIAL;-;-;-;-;-;-;98184,86;5,282;98160,11;-;24,75;63,9997875;-;-;-;-;-
DDIX27;BRBMEFDDI9N7;FINANCIAL;-;-;-;-;-;-;92970,95;5,566;92966,86;-;4,09;10,5761265;-;-;-;-;-
DDIX28;BRBMEFDDI9P2;FINANCIAL;-;-;-;-;-;-;87997,47;5,743;88027,05;-;-29,58;-76,489443;-;-;-;-;-
DDIX29;BRBMEFDDI9R8;FINANCIAL;-;-;-;-;-;-;83339,55;5,899;83341,19;-;-1,64;-4,240794;-;-;-;-;-
DDIZ26;BRBMEFDDI8L3;FINANCIAL;-;-;-;-;-;-;97794,5;5,272;97761,02;-;33,48;86,574258;-;-;-;-;-
DDIZ27;BRBMEFDDI9O5;FINANCIAL;-;-;-;-;-;-;92538,4;5,593;92535,56;-;2,84;7,343814;-;-;-;-;-
DDIZ28;BRBMEFDDI9Q0;FINANCIAL;-;-;-;-;-;-;87592,58;5,762;87623,04;-;-30,46;-78,764991;-;-;-;-;-
DDIZ29;BRBMEFDDI9S6;FINANCIAL;-;-;-;-;-;-;83000,89;5,889;83000,29;-;0,6;1,55151;-;-;-;-;-
DCOF27;BRBMEFDCO1S6;FINANCIAL;-;-;-;-;-;-;97268,71;5,377;97241,43;-;27,28;70,541988;-;-;-;-;-
DCOF28;BRBMEFDCO1P2;FINANCIAL;-;-;-;-;-;-;92040,35;5,64;92040,16;-;0,19;0,4913115;-;-;-;-;-
DCOF29;BRBMEFDCO1R8;FINANCIAL;-;-;-;-;-;-;87125,9;5,801;87159,14;-;-33,24;-85,953654;-;-;-;-;-
DCOF30;BRBMEFDCO1Q0;FINANCIAL;-;-;-;-;-;-;82520,85;5,948;82522,69;-;-1,84;-4,757964;-;-;-;-;-
DCOF31;BRBMEFDCO313;FINANCIAL;-;-;-;-;-;-;78025,21;6,156;78086,72;-;-61,51;-159,0556335;-;-;-;-;-
DCOF32;BRBMEFDCO412;FINANCIAL;-;-;-;-;-;-;73672,77;6,394;73740,34;-;-67,57;-174,7258845;-;-;-;-;-
DCOF33;BRBMEFDCO3D4;FINANCIAL;-;-;-;-;-;-;69521,84;6,634;69567,83;-;-45,99;-118,9232415;-;-;-;-;-
DCOF34;BRBMEFDCO420;FINANCIAL;-;-;-;-;-;-;65659,94;6,864;65707,59;-;-47,65;-123,2157525;-;-;-;-;-
DCOF35;BRBMEFDCO3C6;FINANCIAL;-;-;-;-;-;-;61818,88;7,154;61866,99;-;-48,11;-124,4052435;-;-;-;-;-
DCOF36;BRBMEFDCO3O1;FINANCIAL;-;-;-;-;-;-;58235,2;7,434;58283,13;-;-47,93;-123,9397905;-;-;-;-;-
DCOF37;BRBMEFDCO3Z7;FINANCIAL;-;-;-;-;-;-;54766,97;7,745;54817,2;-;-50,23;-129,8872455;-;-;-;-;-
DCOF38;BRBMEFDCO4E0;FINANCIAL;-;-;-;-;-;-;51486,39;8,065;51532,09;-;-45,7;-118,173345;-;-;-;-;-
DCOF39;BRBMEFDCO4Q4;FINANCIAL;-;-;-;-;-;-;48496,2;8,366;48543,39;-;-47,19;-122,0262615;-;-;-;-;-
DCOF40;BRBMEFDCO537;FINANCIAL;-;-;-;-;-;-;45879,2;8,607;45922,06;-;-42,86;-110,829531;-;-;-;-;-
DCOF41;BRBMEFDCO5I8;FINANCIAL;-;-;-;-;-;-;43345,61;8,878;43386,83;-;-41,22;-106,588737;-;-;-;-;-
DCOG27;BRBMEFDCO5J6;FINANCIAL;-;-;-;-;-;-;96885,89;5,357;96858,4;-;27,49;71,0850165;-;-;-;-;-
DCOH27;BRBMEFDCO5Q1;FINANCIAL;-;-;-;-;-;-;96496,36;5,357;96469,32;-;27,04;69,921384;-;-;-;-;-
DCOJ27;BRBMEFDCO446;FINANCIAL;-;-;-;-;-;-;96048,98;5,385;96028,5;-;20,48;52,958208;-;-;-;-;-
DCOJ28;BRBMEFDCO4H3;FINANCIAL;-;-;-;-;-;-;90836,46;5,648;90853,24;-;-16,78;-43,390563;-;-;-;-;-
DCOJ29;BRBMEFDCO4T8;FINANCIAL;-;-;-;-;-;-;85999,44;5,82;86014,69;-;-15,25;-39,4342125;-;-;-;-;-
DCOJ30;BRBMEFDCO560;FINANCIAL;-;-;-;-;-;-;81458,16;5,977;81460,32;-;-2,16;-5,585436;-;-;-;-;-
DCOJ31;BRBMEFDCO5G2;FINANCIAL;-;-;-;-;-;-;76912,23;6,225;76975,36;-;-63,13;-163,2447105;-;-;-;-;-
DCOK27;BRBMEFDCO5R9;FINANCIAL;-;-;-;-;-;-;95579,8;5,423;95552,92;-;26,88;69,507648;-;-;-;-;-
DCOM27;BRBMEFDCO5S7;FINANCIAL;-;-;-;-;-;-;95139,27;5,474;95120,59;-;18,68;48,303678;-;-;-;-;-
DCON26;BRBMEFDCO2V8;FINANCIAL;-;-;-;-;-;-;100042,19;-15,183;99869,47;-;172,72;446,628012;-;-;-;-;-
DCON27;BRBMEFDCO479;FINANCIAL;-;-;-;-;-;-;94722,68;5,48;94695,61;-;27,07;69,9989595;-;-;-;-;-
DCON28;BRBMEFDCO4K7;FINANCIAL;-;-;-;-;-;-;89627,63;5,676;89650,15;-;-22,52;-58,233342;-;-;-;-;-
DCON29;BRBMEFDCO4U6;FINANCIAL;-;-;-;-;-;-;84859,03;5,85;84879,97;-;-20,94;-54,147699;-;-;-;-;-
DCON30;BRBMEFDCO529;FINANCIAL;-;-;-;-;-;-;80310,37;6,037;80339,02;-;-28,65;-74,0846025;-;-;-;-;-
DCON31;BRBMEFDCO5F4;FINANCIAL;-;-;-;-;-;-;75963,24;6,235;75998,93;-;-35,69;-92,2889865;-;-;-;-;-
DCOQ26;BRBMEFDCO594;FINANCIAL;-;-;-;-;-;-;99457,17;5,779;99429,38;-;27,79;71,8607715;-;-;-;-;-
DCOQ27;BRBMEFDCO5B3;FINANCIAL;-;-;-;-;-;-;94244,41;5,524;94236,24;-;8,17;21,1263945;-;-;-;-;-
DCOU26;BRBMEFDCO5C1;FINANCIAL;-;-;-;-;-;-;99063,67;5,401;99034,41;-;29,26;75,661971;-;-;-;-;-
DCOV26;BRBMEFDCO3W4;FINANCIAL;-;-;-;-;-;-;98652,09;5,289;98622,74;-;29,35;75,8946975;-;-;-;-;-
DCOV27;BRBMEFDCO4A8;FINANCIAL;-;-;-;-;-;-;93385,97;5,567;93380,69;-;5,28;13,653288;-;-;-;-;-
DCOV28;BRBMEFDCO4N1;FINANCIAL;-;-;-;-;-;-;88421,56;5,714;88432,33;-;-10,77;-27,8496045;-;-;-;-;-
DCOV29;BRBMEFDCO4Z5;FINANCIAL;-;-;-;-;-;-;83740,15;5,879;83762,55;-;-22,4;-57,92304;-;-;-;-;-
DCOV30;BRBMEFDCO5A5;FINANCIAL;-;-;-;-;-;-;79273,19;6,057;79305,82;-;-32,63;-84,3762855;-;-;-;-;-
DCOV31;BRBMEFDCO5H0;FINANCIAL;-;-;-;-;-;-;74875,04;6,295;74914,59;-;-39,55;-102,2703675;-;-;-;-;-
DCOX26;BRBMEFDCO5E7;FINANCIAL;-;-;-;-;-;-;98184,86;5,282;98160,11;-;24,75;63,9997875;-;-;-;-;-
DCOX27;BRBMEFDCO5K4;FINANCIAL;-;-;-;-;-;-;92970,95;5,566;92966,86;-;4,09;10,5761265;-;-;-;-;-
DCOX28;BRBMEFDCO5M0;FINANCIAL;-;-;-;-;-;-;87997,47;5,743;88027,05;-;-29,58;-76,489443;-;-;-;-;-
DCOX29;BRBMEFDCO5O6;FINANCIAL;-;-;-;-;-;-;83339,55;5,899;83341,19;-;-1,64;-4,240794;-;-;-;-;-
DCOZ26;BRBMEFDCO5D9;FINANCIAL;-;-;-;-;-;-;97794,5;5,272;97761,02;-;33,48;86,574258;-;-;-;-;-
DCOZ27;BRBMEFDCO5L2;FINANCIAL;-;-;-;-;-;-;92538,4;5,593;92535,56;-;2,84;7,343814;-;-;-;-;-
DCOZ28;BRBMEFDCO5N8;FINANCIAL;-;-;-;-;-;-;87592,58;5,762;87623,04;-;-30,46;-78,764991;-;-;-;-;-
DCOZ29;BRBMEFDCO5P3;FINANCIAL;-;-;-;-;-;-;83000,89;5,889;83000,29;-;0,6;1,55151;-;-;-;-;-
DAPF27;BRBMEFDAP4Y9;FINANCIAL;10,85;10,83;10,85;10,83;10,83;-1,16;94563,17;10,83;94504,02;-;59,15;113,165040625;-;10,85;14;1.990;360024614,3
DAPK27;BRBMEFDAP3U9;FINANCIAL;9,11;9,085;9,13;9,093;9,1;-0,28;92721,49;9,085;92690,88;-;30,61;58,562669375;9,085;9,2;47;10.244;1817103502,51
DAPK29;BRBMEFDAP4N2;FINANCIAL;8,54;8,45;8,54;8,484;8,49;-0,09;79280,69;8,49;79263,93;-;16,76;32,0650225;8,48;8,51;75;11.038;1674490690,71
DAPK31;BRBMEFDAP5E8;FINANCIAL;8,42;8,35;8,44;8,393;8,39;-0,58;67746,28;8,39;67599,05;-;147,23;281,678595625;8,39;-;49;9.123;1182277787
DAPK33;BRBMEFDAP462;FINANCIAL;8,19;8,13;8,2;8,145;8,15;-0,47;58526,21;8,15;58382,08;-;144,13;275,747714375;8,15;-;47;2.702;302629670
DAPK35;BRBMEFDAP2L0;FINANCIAL;8,025;7,95;8,025;8,007;8,01;-0,17;50691,23;8,01;50632,67;-;58,56;112,03626;8;-;82;3.038;294679334,74
DAPK37;BRBMEFDAP5F5;FINANCIAL;7,85;7,85;7,875;7,874;7,875;0,33;44083,12;7,875;44196,99;-;-113,87;-217,854660625;-;-;24;1.784;150461934,44
DAPK45;BRBMEFDAP3B9;FINANCIAL;7,575;7,575;7,575;7,575;7,575;-0,02;25363,05;7,586;25405,05;-;-42;-80,353875;-;-;1;27;1312670,88
DAPK55;BRBMEFDAP3D5;FINANCIAL;7,45;7,45;7,45;7,45;7,45;-0,01;12711,4;7,452;12715,94;-;-4,54;-8,68587125;-;-;1;2;48664,56
DAPQ26;BRBMEFDAP1L2;FINANCIAL;11,12;11,12;11,325;11,146;11,12;-1,8;98587,46;11,12;98563,11;-;24,35;46,586115625;11,12;11,15;41;3.168;597517128,11
DAPQ28;BRBMEFDAP280;FINANCIAL;8,815;8,72;8,815;8,757;8,76;-0,14;83698,95;8,76;83677,94;-;21,01;40,196069375;8,74;8,79;84;12.110;1939295109,84
DAPQ30;BRBMEFDAP1E7;FINANCIAL;8,5;8,45;8,525;8,478;8,48;-0,45;71653,05;8,48;71548,56;-;104,49;199,908961875;8,45;-;103;17.520;2401912848,86
DAPQ32;BRBMEFDAP3T1;FINANCIAL;8,305;8,24;8,325;8,253;8,28;-0,28;61681,33;8,25;61494,24;-;187,09;357,938249375;8,26;8,29;74;5.471;645500068,93
DAPQ40;BRBMEFDAP3A1;FINANCIAL;7,71;7,695;7,74;7,737;7,74;0,4;35079,4;7,74;35219,76;-;-140,36;-268,5349975;7,72;-;38;1.800;120850983,06
DAPQ50;BRBMEFDAP3C7;FINANCIAL;7,52;7,52;7,52;7,52;7,52;-0,02;17554,9;7,525;17568,18;-;-13,28;-25,40713;-;-;1;3;100869,87
DI1F27;BRBMEFD1I4Z0;FINANCIAL;14,04;13,975;14,07;14,016;14;-0,27;93567,07;13,986;93545,34;-;21,73;21,73;13,995;14,005;15.034;568.308;53167661849,31
DI1F28;BRBMEFD1I4Y3;FINANCIAL;14,135;13,97;14,19;14,063;14,015;-0,65;82132,36;13,983;81998,29;-;134,07;134,07;14,005;14,025;42.614;690.770;56674529313,23
DI1F29;BRBMEFD1I4K2;FINANCIAL;14,2;14,055;14,28;14,163;14,115;-0,58;72068,01;14,071;71868,64;-;199,37;199,37;14,115;14,13;50.443;504.216;36264404036,33
DI1F30;BRBMEFD1I504;FINANCIAL;14,29;14,115;14,35;14,223;14,185;-0,57;63144,43;14,14;62900,54;-;243,89;243,89;14,175;14,195;20.546;135.820;8554622510,46
DI1F31;BRBMEFD1I686;FINANCIAL;14,285;14,12;14,36;14,233;14,21;-0,49;55285,04;14,157;55016,79;-;268,25;268,25;14,185;14,215;33.590;248.564;13700948909
DI1F32;BRBMEFD1I793;FINANCIAL;14,315;14,15;14,385;14,259;14,245;-0,36;48347,72;14,192;48104,76;-;242,96;242,96;14,23;14,245;8.784;36.458;1757007758,55
DI1F33;BRBMEFD1I678;FINANCIAL;14,315;14,15;14,38;14,244;14,245;-0,46;42334,18;14,194;42054,11;-;280,07;280,07;14,235;14,28;13.105;56.648;2391232938,38
DI1F34;BRBMEFD1I7A6;FINANCIAL;14,315;14,125;14,345;14,213;14,215;-0,39;37130,54;14,178;36905,18;-;225,36;225,36;14,21;-;573;3.139;116278882,5
DI1F35;BRBMEFD1I6J9;FINANCIAL;14,265;14,105;14,335;14,195;14,21;-0,46;32605,29;14,171;32352,67;-;252,62;252,62;14,215;14,22;18.048;61.341;1996359227,68
DI1F36;BRBMEFD1I6W2;FINANCIAL;14,25;14,08;14,28;14,17;14,18;-0,49;28667,35;14,144;28414,69;-;252,66;252,66;-;14,225;1.097;3.366;96282286,05
DI1F37;BRBMEFD1I777;FINANCIAL;14,25;14,1;14,305;14,191;14,2;-0,44;25058,27;14,163;24829,99;-;228,28;228,28;14,19;14,215;4.557;19.042;475901852,12
DI1F38;BRBMEFD1I7P4;FINANCIAL;14,24;14,07;14,275;14,162;14,165;-0,63;21990,81;14,16;21780,34;-;210,47;210,47;-;-;331;666;14641621,29
DI1F39;BRBMEFD1I819;FINANCIAL;14,24;14,045;14,24;14,1;14,17;-0,39;19336,35;14,13;19135,23;-;201,12;201,12;-;-;6;10;194000,42
DI1F40;BRBMEFD1I8E6;FINANCIAL;14,095;14,045;14,095;14,052;14,045;-1,13;16991,22;14,11;16800,39;-;190,83;190,83;-;-;3;7;119751,56
DI1F41;BRBMEFD1I8T4;FINANCIAL;-;-;-;-;-;-;14905,82;14,11;14726,12;-;179,7;179,7;-;-;-;-;-
DI1G27;BRBMEFD1I8U2;FINANCIAL;14,1;14,005;14,1;14,047;14,005;-0,44;92591,9;14,003;92561,17;-;30,73;30,73;14,01;14,03;77;850;78685171,8
DI1H27;BRBMEFD1I918;FINANCIAL;14,095;14,02;14,11;14,069;14,045;-0,36;91721,76;14,017;91680,09;-;41,67;41,67;14,025;14,045;245;2.331;213739221,93
DI1J27;BRBMEFD1I7C2;FINANCIAL;14,115;14,005;14,155;14,086;14,05;-0,41;90676,17;14,019;90623,54;-;52,63;52,63;14,03;14,05;8.720;276.087;25023396967,62
DI1J28;BRBMEFD1I7S8;FINANCIAL;14,17;13,995;14,21;14,068;14,035;-0,63;79466,49;14,001;79315,17;-;151,32;151,32;14,02;14,04;1.850;38.350;3044394082,4
DI1J29;BRBMEFD1I843;FINANCIAL;14,285;14,095;14,315;14,172;14,155;-0,49;69752,46;14,104;69549,06;-;203,4;203,4;14,13;14,155;634;1.616;112536111,73
DI1J30;BRBMEFD1I8H9;FINANCIAL;14,315;14,115;14,345;14,214;14,15;-0,77;61160,9;14,137;60916,21;-;244,69;244,69;-;-;182;584;35627892,06
DI1J31;BRBMEFD1I8Q0;FINANCIAL;14,3;14,13;14,345;14,23;14,195;-0,74;53556,73;14,15;53223,44;-;333,29;333,29;-;14,22;87;325;17348064,27
DI1K27;BRBMEFD1I926;FINANCIAL;14,17;14,04;14,17;14,074;14,045;-0,53;89687,61;14,023;89623,81;-;63,8;63,8;14,03;14,055;60;395;35413451,58
DI1M27;BRBMEFD1I934;FINANCIAL;14,16;14,04;14,16;14,077;14,04;-0,6;88762,6;14,017;88685,63;-;76,97;76,97;14,03;14,05;66;1.530;135741614,57
DI1N26;BRBMEFD1I611;FINANCIAL;14,15;14,14;14,195;14,149;14,145;-0,07;99947,5;14,15;99947,48;-;0,02;0,02;14,145;14,152;692;186.568;18647005046,64
DI1N27;BRBMEFD1I7F5;FINANCIAL;14,165;13,995;14,19;14,072;14,05;-0,6;87752,65;14,016;87661,56;-;91,09;91,09;14,04;14,045;19.977;449.187;39397923180,98
DI1N28;BRBMEFD1I7V2;FINANCIAL;14,17;14,015;14,235;14,129;14,07;-0,6;76953,08;14,025;76776,9;-;176,18;176,18;14,045;14,07;11.580;93.729;7199563343,44
DI1N29;BRBMEFD1I850;FINANCIAL;14,27;14,11;14,335;14,186;14,18;-0,48;67457,49;14,122;67234,03;-;223,46;223,46;14,155;14,18;8.274;43.991;2962498343,47
DI1N30;BRBMEFD1I8D8;FINANCIAL;14,29;14,125;14,35;14,206;14,195;-0,54;59176,47;14,15;58924,11;-;252,36;252,36;14,185;-;1.180;4.642;274163380,04
DI1N31;BRBMEFD1I8R8;FINANCIAL;14,29;14,14;14,355;14,226;14,19;-0,62;51843,42;14,161;51578,2;-;265,22;265,22;14,2;14,22;254;734;37944791,7
DI1Q26;BRBMEFD1I8K3;FINANCIAL;14,155;14,151;14,155;14,152;14,154;0;98747,17;14,154;98747,15;-;0,02;0,02;14,151;14,154;393;141.936;14015793950,13
DI1Q27;BRBMEFD1I8M9;FINANCIAL;14,19;14,005;14,19;14,05;14,015;-0,8;86760,1;14,008;86660,52;-;99,58;99,58;14,02;14,055;17;747;64783436,48
DI1U26;BRBMEFD1I8N7;FINANCIAL;14,09;14,074;14,09;14,079;14,082;0;97676,2;14,073;97674,74;-;1,46;1,46;14,07;14,08;135;53.054;5182059838,45
DI1V26;BRBMEFD1I744;FINANCIAL;14,05;14,03;14,055;14,038;14,035;-0,11;96619,86;14,03;96615,31;-;4,55;4,55;14,035;14,04;3.771;361.166;34895125776,31
DI1V27;BRBMEFD1I7I9;FINANCIAL;14,15;13,99;14,195;14,082;14,035;-0,67;84837,1;14,012;84726,24;-;110,86;110,86;14,035;14,04;5.307;103.027;8733734971,3
DI1V28;BRBMEFD1I7Y6;FINANCIAL;14,2;14,045;14,265;14,14;14,085;-0,69;74381,86;14,058;74198,69;-;183,17;183,17;14,08;14,115;426;3.154;234218096,1
DI1V29;BRBMEFD1I8A4;FINANCIAL;14,305;14,12;14,345;14,173;14,17;-0,53;65217,13;14,13;65003;-;214,13;214,13;14,12;14,19;553;1.112;72432097,08
DI1V30;BRBMEFD1I8L1;FINANCIAL;14,325;14,12;14,35;14,177;14,155;-0,82;57158,36;14,151;56900,66;-;257,7;257,7;-;-;112;322;18387133,39
DI1V31;BRBMEFD1I8S6;FINANCIAL;14,355;14,17;14,355;14,273;14,21;-0,53;50055,37;14,17;49788,1;-;267,27;267,27;-;-;48;209;10412441,57
DI1X26;BRBMEFD1I8P2;FINANCIAL;14,04;13,995;14,04;14,015;13,995;-0,19;95578,35;13,996;95570,67;-;7,68;7,68;13,99;14,01;154;9.155;874967772,79
DI1X27;BRBMEFD1I8V0;FINANCIAL;14,185;13,99;14,185;14,054;13,99;-0,89;83979,36;13,991;83856,84;-;122,52;122,52;14,005;14,04;94;488;40951719,03
DI1X28;BRBMEFD1I8X6;FINANCIAL;14,275;14,065;14,275;14,161;14,065;-0,85;73561,96;14,064;73378,61;-;183,35;183,35;-;-;30;468;34358709,89
DI1X29;BRBMEFD1I8Z1;FINANCIAL;14,35;14,13;14,35;14,272;14,135;-0,82;64463,32;14,133;64240,36;-;222,96;222,96;-;-;7;58;3723789,33
DI1Z26;BRBMEFD1I8O5;FINANCIAL;14,035;13,98;14,035;13,996;13,99;-0,24;94642,51;13,986;94628,95;-;13,56;13,56;13,99;14,005;200;24.758;2343067484,78
DI1Z27;BRBMEFD1I8W8;FINANCIAL;14,175;14;14,175;14,051;14;-0,74;83119,34;13,983;82993,95;-;125,39;125,39;14;14,025;169;860;71421696,77
DI1Z28;BRBMEFD1I8Y4;FINANCIAL;14,275;14,06;14,275;14,143;14,07;-0,83;72831,11;14,067;72643,72;-;187,39;187,39;-;-;31;246;17887397,36
DI1Z29;BRBMEFD1I900;FINANCIAL;14,315;14,19;14,32;14,231;14,2;-0,4;63820,21;14,135;63586,89;-;233,32;233,32;-;-;11;63;4009122,57
OC1F27;BRBMEFOC11Z8;FINANCIAL;-;-;-;-;-;-;93567,07;13,986;93545,34;-;21,73;21,73;-;-;-;-;-
OC1F28;BRBMEFOC11X3;FINANCIAL;-;-;-;-;-;-;82132,36;13,983;81998,29;-;134,07;134,07;-;-;-;-;-
OC1F29;BRBMEFOC11J2;FINANCIAL;-;-;-;-;-;-;72068,01;14,071;71868,64;-;199,37;199,37;-;-;-;-;-
OC1F30;BRBMEFOC11Y1;FINANCIAL;-;-;-;-;-;-;63144,43;14,14;62900,54;-;243,89;243,89;-;-;-;-;-
OC1F31;BRBMEFOC1364;FINANCIAL;-;-;-;-;-;-;55285,04;14,157;55016,79;-;268,25;268,25;-;-;-;-;-
OC1F32;BRBMEFOC1463;FINANCIAL;-;-;-;-;-;-;48347,72;14,192;48104,76;-;242,96;242,96;-;-;-;-;-
OC1F33;BRBMEFOC13I0;FINANCIAL;-;-;-;-;-;-;42334,18;14,194;42054,11;-;280,07;280,07;-;-;-;-;-
OC1F34;BRBMEFOC1471;FINANCIAL;-;-;-;-;-;-;37130,54;14,178;36905,18;-;225,36;225,36;-;-;-;-;-
OC1F35;BRBMEFOC13H2;FINANCIAL;-;-;-;-;-;-;32605,29;14,171;32352,67;-;252,62;252,62;-;-;-;-;-
OC1F36;BRBMEFOC13T7;FINANCIAL;-;-;-;-;-;-;28667,35;14,144;28414,69;-;252,66;252,66;-;-;-;-;-
OC1F37;BRBMEFOC1448;FINANCIAL;-;-;-;-;-;-;25058,27;14,163;24829,99;-;228,28;228,28;-;-;-;-;-
OC1F38;BRBMEFOC14J6;FINANCIAL;-;-;-;-;-;-;21990,81;14,16;21780,34;-;210,47;210,47;-;-;-;-;-
OC1F39;BRBMEFOC14V1;FINANCIAL;-;-;-;-;-;-;19336,35;14,13;19135,23;-;201,12;201,12;-;-;-;-;-
OC1F40;BRBMEFOC1588;FINANCIAL;-;-;-;-;-;-;16991,22;14,11;16800,39;-;190,83;190,83;-;-;-;-;-
OC1F41;BRBMEFOC15N5;FINANCIAL;-;-;-;-;-;-;14905,82;14,11;14726,12;-;179,7;179,7;-;-;-;-;-
OC1G27;BRBMEFOC15O3;FINANCIAL;-;-;-;-;-;-;92591,9;14,003;92561,17;-;30,73;30,73;-;-;-;-;-
OC1H27;BRBMEFOC15V8;FINANCIAL;-;-;-;-;-;-;91721,76;14,017;91680,09;-;41,67;41,67;-;-;-;-;-
OC1J27;BRBMEFOC1497;FINANCIAL;-;-;-;-;-;-;90676,17;14,019;90623,54;-;52,63;52,63;-;-;-;-;-
OC1J28;BRBMEFOC14M0;FINANCIAL;-;-;-;-;-;-;79466,49;14,001;79315,17;-;151,32;151,32;-;-;-;-;-
OC1J29;BRBMEFOC14Y5;FINANCIAL;-;-;-;-;-;-;69752,46;14,104;69549,06;-;203,4;203,4;-;-;-;-;-
OC1J30;BRBMEFOC15B0;FINANCIAL;-;-;-;-;-;-;61160,9;14,137;60916,21;-;244,69;244,69;-;-;-;-;-
OC1J31;BRBMEFOC15L9;FINANCIAL;-;-;-;-;-;-;53556,73;14,15;53223,44;-;333,29;333,29;-;-;-;-;-
OC1K27;BRBMEFOC15W6;FINANCIAL;-;-;-;-;-;-;89687,61;14,023;89623,81;-;63,8;63,8;-;-;-;-;-
OC1M27;BRBMEFOC15X4;FINANCIAL;-;-;-;-;-;-;88762,6;14,017;88685,63;-;76,97;76,97;-;-;-;-;-
OC1N26;BRBMEFOC1307;FINANCIAL;-;-;-;-;-;-;99947,5;14,15;99947,48;-;0,02;0,02;-;-;-;-;-
OC1N27;BRBMEFOC14C1;FINANCIAL;-;-;-;-;-;-;87752,65;14,016;87661,56;-;91,09;91,09;-;-;-;-;-
OC1N28;BRBMEFOC14P3;FINANCIAL;-;-;-;-;-;-;76953,08;14,025;76776,9;-;176,18;176,18;-;-;-;-;-
OC1N29;BRBMEFOC14Z2;FINANCIAL;-;-;-;-;-;-;67457,49;14,122;67234,03;-;223,46;223,46;-;-;-;-;-
OC1N30;BRBMEFOC1570;FINANCIAL;-;-;-;-;-;-;59176,47;14,15;58924,11;-;252,36;252,36;-;-;-;-;-
OC1N31;BRBMEFOC15K1;FINANCIAL;-;-;-;-;-;-;51843,42;14,161;51578,2;-;265,22;265,22;-;-;-;-;-
OC1Q26;BRBMEFOC15E4;FINANCIAL;-;-;-;-;-;-;98747,17;14,154;98747,15;-;0,02;0,02;-;-;-;-;-
OC1Q27;BRBMEFOC15G9;FINANCIAL;-;-;-;-;-;-;86760,1;14,008;86660,52;-;99,58;99,58;-;-;-;-;-
OC1U26;BRBMEFOC15H7;FINANCIAL;-;-;-;-;-;-;97676,2;14,073;97674,74;-;1,46;1,46;-;-;-;-;-
OC1V26;BRBMEFOC1414;FINANCIAL;-;-;-;-;-;-;96619,86;14,03;96615,31;-;4,55;4,55;-;-;-;-;-
OC1V27;BRBMEFOC14F4;FINANCIAL;-;-;-;-;-;-;84837,1;14,012;84726,24;-;110,86;110,86;-;-;-;-;-
OC1V28;BRBMEFOC14S7;FINANCIAL;-;-;-;-;-;-;74381,86;14,058;74198,69;-;183,17;183,17;-;-;-;-;-
OC1V29;BRBMEFOC1547;FINANCIAL;-;-;-;-;-;-;65217,13;14,13;65003;-;214,13;214,13;-;-;-;-;-
OC1V30;BRBMEFOC15F1;FINANCIAL;-;-;-;-;-;-;57158,36;14,151;56900,66;-;257,7;257,7;-;-;-;-;-
OC1V31;BRBMEFOC15M7;FINANCIAL;-;-;-;-;-;-;50055,37;14,17;49788,1;-;267,27;267,27;-;-;-;-;-
OC1X26;BRBMEFOC15J3;FINANCIAL;-;-;-;-;-;-;95578,35;13,996;95570,67;-;7,68;7,68;-;-;-;-;-
OC1X27;BRBMEFOC15P0;FINANCIAL;-;-;-;-;-;-;83979,36;13,991;83856,84;-;122,52;122,52;-;-;-;-;-
OC1X28;BRBMEFOC15R6;FINANCIAL;-;-;-;-;-;-;73561,96;14,064;73378,61;-;183,35;183,35;-;-;-;-;-
OC1X29;BRBMEFOC15T2;FINANCIAL;-;-;-;-;-;-;64463,32;14,133;64240,36;-;222,96;222,96;-;-;-;-;-
OC1Z26;BRBMEFOC15I5;FINANCIAL;-;-;-;-;-;-;94642,51;13,986;94628,95;-;13,56;13,56;-;-;-;-;-
OC1Z27;BRBMEFOC15Q8;FINANCIAL;-;-;-;-;-;-;83119,34;13,983;82993,95;-;125,39;125,39;-;-;-;-;-
OC1Z28;BRBMEFOC15S4;FINANCIAL;-;-;-;-;-;-;72831,11;14,067;72643,72;-;187,39;187,39;-;-;-;-;-
OC1Z29;BRBMEFOC15U0;FINANCIAL;-;-;-;-;-;-;63820,21;14,135;63586,89;-;233,32;233,32;-;-;-;-;-
AUDN26;BRBMEFAUD5E1;FINANCIAL;-;-;-;-;-;-;3590,014;-;3570,074;-;19,94;1196,4;-;-;-;-;-
AUDQ26;BRBMEFAUD5F8;FINANCIAL;-;-;-;-;-;-;3614,39;-;3597,415;-;16,975;1018,5;-;-;-;-;-
AUDU26;BRBMEFAUD5G6;FINANCIAL;-;-;-;-;-;-;3635,03;-;3618,026;-;17,004;1020,24;-;-;-;-;-
AUDV26;BRBMEFAUD5H4;FINANCIAL;-;-;-;-;-;-;3659,612;-;3642,618;-;16,994;1019,64;-;-;-;-;-
AUDX26;BRBMEFAUD5I2;FINANCIAL;-;-;-;-;-;-;3678,951;-;3661,801;-;17,15;1029;-;-;-;-;-
CADN26;BRBMEFCAD5E3;FINANCIAL;-;-;-;-;-;-;3657,417;-;3653,761;-;3,656;219,36;-;-;-;-;-
CADQ26;BRBMEFCAD5F0;FINANCIAL;-;-;-;-;-;-;3690,617;-;3689,901;-;0,716;42,96;-;-;-;-;-
CADU26;BRBMEFCAD5G8;FINANCIAL;-;-;-;-;-;-;3718,222;-;3717,413;-;0,809;48,54;-;-;-;-;-
CADV26;BRBMEFCAD5H6;FINANCIAL;-;-;-;-;-;-;3752,07;-;3751,16;-;0,91;54,6;-;-;-;-;-
CADX26;BRBMEFCAD5I4;FINANCIAL;-;-;-;-;-;-;3778,849;-;3777,831;-;1,018;61,08;-;-;-;-;-
NZDN26;BRBMEFNZD4Z9;FINANCIAL;-;-;-;-;-;-;2947,99;-;2931,094;-;16,896;1267,2;-;-;-;-;-
NZDQ26;BRBMEFNZD506;FINANCIAL;-;-;-;-;-;-;2974,128;-;2959,182;-;14,946;1120,95;-;-;-;-;-
NZDU26;BRBMEFNZD514;FINANCIAL;-;-;-;-;-;-;2995,193;-;2980,197;-;14,996;1124,7;-;-;-;-;-
NZDV26;BRBMEFNZD522;FINANCIAL;-;-;-;-;-;-;3020,362;-;3005,444;-;14,918;1118,85;-;-;-;-;-
NZDX26;BRBMEFNZD530;FINANCIAL;-;-;-;-;-;-;3040,275;-;3025,318;-;14,957;1121,775;-;-;-;-;-
DOLF27;BRBMEFDOL7G7;FINANCIAL;-;-;-;-;-;-;5376,299;-;5376,04;-;0,259;12,95;-;-;-;-;-
DOLF28;BRBMEFDOL7J1;FINANCIAL;-;-;-;-;-;-;5795,585;-;5805,049;-;-9,464;-473,2;-;-;-;-;-
DOLF29;BRBMEFDOL7K9;FINANCIAL;-;-;-;-;-;-;6252,275;-;6272,011;-;-19,736;-986,8;-;-;-;-;-
DOLF30;BRBMEFDOL7O1;FINANCIAL;-;-;-;-;-;-;6758,682;-;6785,038;-;-26,356;-1317,8;-;-;-;-;-
DOLF31;BRBMEFDOL8C4;FINANCIAL;-;-;-;-;-;-;7298,954;-;7340,325;-;-41,371;-2068,55;-;-;-;-;-
DOLG27;BRBMEFDOL8D2;FINANCIAL;-;-;-;-;-;-;5411,54;-;5411,8;-;-0,26;-13;-;-;-;-;-
DOLH27;BRBMEFDOL8E0;FINANCIAL;-;-;-;-;-;-;5440,914;-;5441,861;-;-0,947;-47,35;-;-;-;-;-
DOLJ27;BRBMEFDOL7L7;FINANCIAL;-;-;-;-;-;-;5478,137;-;5480,15;-;-2,013;-100,65;-;-;-;-;-
DOLJ28;BRBMEFDOL801;FINANCIAL;-;-;-;-;-;-;5911,661;-;5924,032;-;-12,371;-618,55;-;-;-;-;-
DOLJ29;BRBMEFDOL8B6;FINANCIAL;-;-;-;-;-;-;6376,31;-;6396,091;-;-19,781;-989,05;-;-;-;-;-
DOLK27;BRBMEFDOL8F7;FINANCIAL;-;-;-;-;-;-;5511,465;-;5513,836;-;-2,371;-118,55;-;-;-;-;-
DOLM27;BRBMEFDOL8G5;FINANCIAL;-;-;-;-;-;-;5543,233;-;5546,955;-;-3,722;-186,1;-;-;-;-;-
DOLN26;BRBMEFDOL7A0;FINANCIAL;5170,5;5170,5;5201;5180,922;5177;0,18;5176,6;-;5167,663;-;8,937;446,85;5176,5;5177;1.023;12.190;3157772375
DOLN27;BRBMEFDOL7M5;FINANCIAL;-;-;-;-;-;-;5582,479;-;5586,682;-;-4,203;-210,15;-;-;-;-;-
DOLN28;BRBMEFDOL7N3;FINANCIAL;-;-;-;-;-;-;6023,504;-;6038,843;-;-15,339;-766,95;-;-;-;-;-
DOLN29;BRBMEFDOL7P8;FINANCIAL;-;-;-;-;-;-;6505,808;-;6529,041;-;-23,233;-1161,65;-;-;-;-;-
DOLN30;BRBMEFDOL7X2;FINANCIAL;-;-;-;-;-;-;7018,687;-;7051,261;-;-32,574;-1628,7;-;-;-;-;-
DOLQ26;BRBMEFDOL835;FINANCIAL;5210;5197,5;5241;5213,272;5200,5;-0,13;5208,887;-;5207,431;-;1,456;72,8;5199;5203;20.858;264.120;68846471875
DOLQ27;BRBMEFDOL843;FINANCIAL;-;-;-;-;-;-;5617,833;-;5623,801;-;-5,968;-298,4;-;-;-;-;-
DOLU26;BRBMEFDOL868;FINANCIAL;-;-;-;-;-;-;5245,163;-;5243,692;-;1,471;73,55;-;-;-;-;-
DOLV26;BRBMEFDOL7D4;FINANCIAL;-;-;-;-;-;-;5280,478;-;5279,155;-;1,323;66,15;-;-;-;-;-
DOLV27;BRBMEFDOL7U8;FINANCIAL;-;-;-;-;-;-;5692,843;-;5699,968;-;-7,125;-356,25;-;-;-;-;-
DOLV28;BRBMEFDOL884;FINANCIAL;-;-;-;-;-;-;6147,867;-;6163,794;-;-15,927;-796,35;-;-;-;-;-
DOLX26;BRBMEFDOL892;FINANCIAL;-;-;-;-;-;-;5312,737;-;5311,824;-;0,913;45,65;-;-;-;-;-
DOLZ26;BRBMEFDOL850;FINANCIAL;-;-;-;-;-;-;5343,939;-;5342,875;-;1,064;53,2;-;-;-;-;-
EURN26;BRBMEFEUR7K4;FINANCIAL;-;-;-;-;-;-;5929,976;-;5926,147;-;3,829;191,45;-;-;-;-;-
EURQ26;BRBMEFEUR7L2;FINANCIAL;-;-;-;-;-;-;5982,898;-;5984,22;-;-1,322;-66,1;-;-;-;-;-
EURU26;BRBMEFEUR7M0;FINANCIAL;-;-;-;-;-;-;6027,091;-;6028,329;-;-1,238;-61,9;-;-;-;-;-
EURV26;BRBMEFEUR7N8;FINANCIAL;-;-;-;-;-;-;6081,147;-;6082,341;-;-1,194;-59,7;-;-;-;-;-
EURX26;BRBMEFEUR7O6;FINANCIAL;-;-;-;-;-;-;6123,774;-;6124,653;-;-0,879;-43,95;-;-;-;-;-
CHFN26;BRBMEFCHF502;FINANCIAL;-;-;-;-;-;-;6431,045;-;6431,554;-;-0,509;-25,45;-;-;-;-;-
CHFQ26;BRBMEFCHF510;FINANCIAL;-;-;-;-;-;-;6504,736;-;6511,013;-;-6,277;-313,85;-;-;-;-;-
CHFU26;BRBMEFCHF4Z2;FINANCIAL;-;-;-;-;-;-;6565,48;-;6570,292;-;-4,812;-240,6;-;-;-;-;-
CHFV26;BRBMEFCHF528;FINANCIAL;-;-;-;-;-;-;6641,033;-;6646,347;-;-5,314;-265,7;-;-;-;-;-
CHFX26;BRBMEFCHF536;FINANCIAL;-;-;-;-;-;-;6702,48;-;6707,97;-;-5,49;-274,5;-;-;-;-;-
JPYN26;BRBMEFJPY5E4;FINANCIAL;3180;3180;3180;3180;3180;-0,77;3195,209;-;3204,821;-;-9,612;-480,6;-;-;1;6;954000
JPYQ26;BRBMEFJPY5F1;FINANCIAL;-;-;-;-;-;-;3228,084;-;3240,689;-;-12,605;-630,25;-;-;-;-;-
JPYU26;BRBMEFJPY5G9;FINANCIAL;-;-;-;-;-;-;3255,58;-;3268,074;-;-12,494;-624,7;-;-;-;-;-
JPYV26;BRBMEFJPY5H7;FINANCIAL;-;-;-;-;-;-;3289,864;-;3302,552;-;-12,688;-634,4;-;-;-;-;-
JPYX26;BRBMEFJPY5I5;FINANCIAL;-;-;-;-;-;-;3316,959;-;3329,877;-;-12,918;-645,9;-;-;-;-;-
CNYN26;BRBMEFCNY4Z1;FINANCIAL;-;-;-;-;-;-;7651,251;-;7638,221;-;13,03;456,05;-;-;-;-;-
CNYQ26;BRBMEFCNY501;FINANCIAL;-;-;-;-;-;-;7731,824;-;7721,22;-;10,604;371,14;-;-;-;-;-
CNYU26;BRBMEFCNY519;FINANCIAL;-;-;-;-;-;-;7796,941;-;7785,765;-;11,176;391,16;-;-;-;-;-
CNYV26;BRBMEFCNY527;FINANCIAL;-;-;-;-;-;-;7876,786;-;7864,491;-;12,295;430,325;-;-;-;-;-
CNYX26;BRBMEFCNY535;FINANCIAL;-;-;-;-;-;-;7938,354;-;7925,147;-;13,207;462,245;-;-;-;-;-
GBPN26;BRBMEFGBP5D6;FINANCIAL;-;-;-;-;-;-;6877,132;-;6870,641;-;6,491;227,185;-;-;-;-;-
GBPQ26;BRBMEFGBP5E4;FINANCIAL;-;-;-;-;-;-;6928,226;-;6927,703;-;0,523;18,305;-;-;-;-;-
GBPU26;BRBMEFGBP5F1;FINANCIAL;-;-;-;-;-;-;6971,243;-;6970,813;-;0,43;15,05;-;-;-;-;-
GBPV26;BRBMEFGBP5G9;FINANCIAL;-;-;-;-;-;-;7022,72;-;7022,568;-;0,152;5,32;-;-;-;-;-
GBPX26;BRBMEFGBP5H7;FINANCIAL;-;-;-;-;-;-;7063,175;-;7062,865;-;0,31;10,85;-;-;-;-;-
TRYN26;BRBMEFTRY4Z8;FINANCIAL;-;-;-;-;-;-;110,184;-;110,051;-;0,133;9,975;-;-;-;-;-
TRYQ26;BRBMEFTRY506;FINANCIAL;-;-;-;-;-;-;108,102;-;108,1;-;0,002;0,15;-;-;-;-;-
TRYU26;BRBMEFTRY514;FINANCIAL;-;-;-;-;-;-;106,374;-;106,268;-;0,106;7,95;-;-;-;-;-
TRYV26;BRBMEFTRY522;FINANCIAL;-;-;-;-;-;-;103,945;-;103,94;-;0,005;0,375;-;-;-;-;-
TRYX26;BRBMEFTRY530;FINANCIAL;-;-;-;-;-;-;102,104;-;102,233;-;-0,129;-9,675;-;-;-;-;-
CLPN26;BRBMEFCLP594;FINANCIAL;-;-;-;-;-;-;5613,955;-;5608,23;-;5,725;143,125;-;-;-;-;-
CLPN27;BRBMEFCLP560;FINANCIAL;-;-;-;-;-;-;6080,503;-;6076,923;-;3,58;89,5;-;-;-;-;-
CLPQ26;BRBMEFCLP578;FINANCIAL;-;-;-;-;-;-;5656,161;-;5648,079;-;8,082;202,05;-;-;-;-;-
CLPU26;BRBMEFCLP586;FINANCIAL;-;-;-;-;-;-;5697,917;-;5691,796;-;6,121;153,025;-;-;-;-;-
CLPV26;BRBMEFCLP5A4;FINANCIAL;-;-;-;-;-;-;5737,242;-;5728,654;-;8,588;214,7;-;-;-;-;-
CLPX26;BRBMEFCLP5B2;FINANCIAL;-;-;-;-;-;-;5771,579;-;5765,204;-;6,375;159,375;-;-;-;-;-
MXNN26;BRBMEFMXN5D4;FINANCIAL;-;-;-;-;-;-;2964,992;-;2964,848;-;0,144;10,8;-;-;-;-;-
MXNQ26;BRBMEFMXN5E2;FINANCIAL;-;-;-;-;-;-;2978,522;-;2980,996;-;-2,474;-185,55;-;-;-;-;-
MXNU26;BRBMEFMXN5F9;FINANCIAL;-;-;-;-;-;-;2990,135;-;2992,888;-;-2,753;-206,475;-;-;-;-;-
MXNV26;BRBMEFMXN5G7;FINANCIAL;-;-;-;-;-;-;3003,298;-;3006,238;-;-2,94;-220,5;-;-;-;-;-
MXNX26;BRBMEFMXN5H5;FINANCIAL;-;-;-;-;-;-;3013,655;-;3016,479;-;-2,824;-211,8;-;-;-;-;-
DIFF27F28;BRBMEFDIF102;FINANCIAL;14,015;13,975;14,02;13,996;13,985;-1,13;-;-;-;-;-;-;-;-;7;54.363;4755046230,02
DIFF27J27;BRBMEFDIF110;FINANCIAL;14,145;14,145;14,15;14,1471;14,15;-1,53;-;-;-;-;-;-;-;-;4;3.918;360824485,64
DIFF28J28;BRBMEFDIF2H2;FINANCIAL;13,845;13,845;14,285;14,1387;14,14;-1,29;-;-;-;-;-;-;-;-;3;40;3231163
DIFF29F30;BRBMEFDIF144;FINANCIAL;14,315;14,315;14,32;14,3164;14,32;-1,03;-;-;-;-;-;-;-;-;3;3.159;212402541,87
DIFF29F31;BRBMEFDIF0L8;FINANCIAL;14,25;14,25;14,255;14,2515;14,255;-0,59;-;-;-;-;-;-;-;-;2;4.388;274034845,84
DIFF29N29;BRBMEFDIF6D2;FINANCIAL;14,405;14,405;14,405;14,405;14,405;-0,86;-;-;-;-;-;-;-;-;1;1.839;128166626,11
DIFF30F31;BRBMEFDIF0R5;FINANCIAL;14,205;14,205;14,21;14,206;14,21;-0,9;-;-;-;-;-;-;-;-;2;1.069;63011317,9
DIFF30N30;BRBMEFDIF7U4;FINANCIAL;13,94;13,94;14,2;14,0508;14,2;-1,11;-;-;-;-;-;-;-;-;2;68;4151257,11
DIFF31N31;BRBMEFDIFB33;FINANCIAL;14,265;14,18;14,265;14,2093;14,18;-0,59;-;-;-;-;-;-;-;-;2;29;1551770,76
DIFF32F33;BRBMEFDIF169;FINANCIAL;14,25;14,25;14,25;14,25;14,25;-0,69;-;-;-;-;-;-;-;-;1;9;405114,69
DIFF32F35;BRBMEFDIF7R0;FINANCIAL;14,25;14,25;14,25;14,25;14,25;3,44;-;-;-;-;-;-;-;-;1;8;308538,11
DIFJ28N28;BRBMEFDIF300;FINANCIAL;13,97;13,97;14,225;14,055;14,225;-0,21;-;-;-;-;-;-;-;-;2;30;2344970,6
DIFN29F30;BRBMEFDIF6C4;FINANCIAL;13,92;13,92;14,28;14,1264;14,28;-0,59;-;-;-;-;-;-;-;-;2;68;4433342,28
DIFN31F32;BRBMEFDIFB66;FINANCIAL;14,47;14,47;14,51;14,5018;14,51;-0,85;-;-;-;-;-;-;-;-;2;49;2452956,66
DIFV27F28;BRBMEFDIF2G4;FINANCIAL;13,89;13,89;13,89;13,89;13,89;-1,03;-;-;-;-;-;-;-;-;1;30;2504127
DIIF27F28;BRBMEFDII1I9;FINANCIAL;0,1;-0,01;0,125;0,057;0,015;-76,92;-;-;-;-;-;-;0,01;0,025;564;51.087;4614638671,49
DIIF27F29;BRBMEFDII015;FINANCIAL;0,175;0,055;0,22;0,117;0,085;-41,37;-;-;-;-;-;-;0,09;0,13;74;13.136;1168895600,96
DIIF27H27;BRBMEFDIICQ7;FINANCIAL;0,035;0,035;0,035;0,035;0,035;-69,56;-;-;-;-;-;-;-;-;1;861;79859223,87
DIIF27J27;BRBMEFDII155;FINANCIAL;0,075;0,03;0,085;0,056;0,04;-42,85;-;-;-;-;-;-;0,04;0,045;1.379;178.079;16444920024,64
DIIF27N27;BRBMEFDII189;FINANCIAL;0,095;0,02;0,13;0,074;0,04;-52,94;-;-;-;-;-;-;0,04;0,045;1.005;87.472;8001506593,03
DIIF27V27;BRBMEFDII5C3;FINANCIAL;0,03;0,03;0,03;0,03;0,03;-87,5;-;-;-;-;-;-;-;-;1;9.020;819499752
DIIF28F29;BRBMEFDII1J7;FINANCIAL;0,09;0,055;0,1;0,085;0,1;11,11;-;-;-;-;-;-;0,09;0,1;2.934;245.109;19095475045,46
DIIF28F31;BRBMEFDII2X6;FINANCIAL;0,185;0,105;0,185;0,136;0,17;-10,52;-;-;-;-;-;-;0,17;0,2;797;46.545;3398214890,83
DIIF28J28;BRBMEFDII2K3;FINANCIAL;0,025;0,01;0,025;0,02;0,02;0;-;-;-;-;-;-;0,02;0,025;350;17.540;1417155222,42
DIIF28N28;BRBMEFDII4H5;FINANCIAL;0,045;0,025;0,055;0,043;0,045;0;-;-;-;-;-;-;0,045;0,05;959;125.026;9963629255,71
DIIF29F30;BRBMEFDII1K5;FINANCIAL;0,06;0,035;0,075;0,057;0,07;7,69;-;-;-;-;-;-;0,065;0,08;1.277;64.002;4346881197,38
DIIF29F31;BRBMEFDII0O9;FINANCIAL;0,075;0,025;0,095;0,062;0,09;20;-;-;-;-;-;-;0,085;0,095;1.701;72.326;4692352642,77
DIIF29F32;BRBMEFDII5O8;FINANCIAL;0,1;0,1;0,11;0,103;0,105;0;-;-;-;-;-;-;-;-;8;4.645;289000754,13
DIIF29F33;BRBMEFDII1Q2;FINANCIAL;0,075;0,075;0,12;0,099;0,12;4,34;-;-;-;-;-;-;-;-;4;2.268;136596261,96
DIIF29F35;BRBMEFDII5Q3;FINANCIAL;0,04;-0,005;0,095;0,054;0,09;20;-;-;-;-;-;-;-;-;16;19.524;1099914556,21
DIIF29J29;BRBMEFDII692;FINANCIAL;-0,08;-0,08;0,04;0,028;0,03;20;-;-;-;-;-;-;-;-;5;299;21201318,55
DIIF29N29;BRBMEFDII6H0;FINANCIAL;0,055;0,04;0,06;0,048;0,06;9,09;-;-;-;-;-;-;0,055;0,06;288;15.423;1075007655,43
DIIF30F31;BRBMEFDII0U6;FINANCIAL;0,015;-0,01;0,02;0,003;0,02;33,33;-;-;-;-;-;-;0,02;0,025;977;61.515;3643981530,17
DIIF30F33;BRBMEFDII6B3;FINANCIAL;0,065;0,05;0,065;0,056;0,05;25;-;-;-;-;-;-;-;-;24;12.568;676846733,57
DIIF30F35;BRBMEFDII6D9;FINANCIAL;-0,045;-0,045;0,04;0,026;0,04;60;-;-;-;-;-;-;-;-;4;2.026;100367826,85
DIIF30J30;BRBMEFDII8P9;FINANCIAL;-0,005;-0,005;-0,005;-0,005;-0,005;-200;-;-;-;-;-;-;-;-;1;10;621252,95
DIIF30N30;BRBMEFDII858;FINANCIAL;0,015;0,015;0,015;0,015;0,015;0;-;-;-;-;-;-;-0,02;0,02;51;733;44812214,19
DIIF31F32;BRBMEFDII0G5;FINANCIAL;0,03;0,015;0,04;0,025;0,03;20;-;-;-;-;-;-;0,03;0,04;599;22.808;1180757385,75
DIIF31F33;BRBMEFDII0H3;FINANCIAL;0,02;0,005;0,045;0,021;0,03;100;-;-;-;-;-;-;0,03;0,04;890;37.715;1848615646
DIIF31F35;BRBMEFDII5I0;FINANCIAL;-0,03;-0,06;0,02;-0,011;-;-100;-;-;-;-;-;-;0;0,005;499;17.106;761655802,54
DIIF31J31;BRBMEFDIIBI6;FINANCIAL;0,005;-0,005;0,005;0;-0,005;-200;-;-;-;-;-;-;-;-;3;111;6035750,96
DIIF31N31;BRBMEFDIIBJ4;FINANCIAL;0,035;0,035;0,035;0,035;0,035;-800;-;-;-;-;-;-;-;-;1;10;536111,3
DIIF31V31;BRBMEFDIIBK2;FINANCIAL;0,01;0,01;0,01;0,01;0,01;0;-;-;-;-;-;-;-;-;1;21;1107449,99
DIIF32F33;BRBMEFDII1L3;FINANCIAL;-0,01;-0,02;0,005;-0,006;-;-100;-;-;-;-;-;-;-0,005;0,005;237;8.109;366768645,08
DIIF32F35;BRBMEFDII809;FINANCIAL;-0,06;-0,06;-0,06;-0,06;-0,06;-45,45;-;-;-;-;-;-;-;-;1;204;8231735,04
DIIF33F34;BRBMEFDII1M1;FINANCIAL;-0,03;-0,035;-0,015;-0,026;-0,02;-20;-;-;-;-;-;-;-0,03;-;76;1.021;40515746,7
DIIF33F35;BRBMEFDII460;FINANCIAL;-0,045;-0,055;-0,025;-0,037;-0,03;-25;-;-;-;-;-;-;-0,035;-0,03;723;26.867;1004092942,53
DIIF33F37;BRBMEFDII478;FINANCIAL;-0,08;-0,1;-0,035;-0,073;-0,04;-33,33;-;-;-;-;-;-;-0,05;-0,03;217;4.032;135220956,03
DIIF34F35;BRBMEFDII5G4;FINANCIAL;-;-0,02;-;-0,017;-0,015;-40;-;-;-;-;-;-;-0,03;-0,005;4;419;14567133,57
DIIF35F36;BRBMEFDII8J2;FINANCIAL;-0,03;-0,03;-0,02;-0,028;-0,03;-14,28;-;-;-;-;-;-;-;-;5;2.973;90976133,2
DIIF35F37;BRBMEFDII8K0;FINANCIAL;-0,025;-0,035;-0,01;-0,026;-0,01;-50;-;-;-;-;-;-;-0,02;-0,005;116;10.231;293295997,49
DIIF36F37;BRBMEFDIIBO4;FINANCIAL;0,01;0,01;0,01;0,01;0,01;-71,42;-;-;-;-;-;-;-;-;1;10;268474,8
DIIJ27F28;BRBMEFDII6O6;FINANCIAL;0,005;-0,045;0,005;-0,027;-0,035;-800;-;-;-;-;-;-;-0,04;-;184;43.422;3804403163,46
DIIJ27M27;BRBMEFDIIDF8;FINANCIAL;0,005;0,005;0,005;0,005;0,005;-66,66;-;-;-;-;-;-;-;-;3;132;11853461,96
DIIJ27N27;BRBMEFDII163;FINANCIAL;0,025;-0,015;0,035;0,005;-;-100;-;-;-;-;-;-;-0,005;0;1.293;123.090;10998900302,43
DIIJ28N28;BRBMEFDII346;FINANCIAL;0,025;0,015;0,03;0,024;0,025;25;-;-;-;-;-;-;0,02;0,03;86;5.291;413685550,58
DIIJ29N29;BRBMEFDII6Q1;FINANCIAL;0,015;0,015;0,02;0,019;0,02;33,33;-;-;-;-;-;-;-;-;3;288;19753820,44
DIIJ30N30;BRBMEFDII8Q7;FINANCIAL;0,01;0,01;0,01;0,01;0,01;-33,33;-;-;-;-;-;-;-;-;1;10;601434,4
DIIJ31F32;BRBMEFDIIBL0;FINANCIAL;0,045;0,045;0,045;0,045;0,045;-40;-;-;-;-;-;-;-;-;2;51;2598210,87
DIIM27N27;BRBMEFDIIDG6;FINANCIAL;-;-;-;-;-;-100;-;-;-;-;-;-;-;-;3;282;24892600,58
DIIN26F27;BRBMEFDII0X0;FINANCIAL;-0,152;-0,215;-0,152;-0,183;-0,215;-793,54;-;-;-;-;-;-;-;-;2;610;60904073,2
DIIN26V26;BRBMEFDII2G1;FINANCIAL;-0,12;-0,146;-0,115;-0,13;-0,13;132,14;-;-;-;-;-;-;-0,12;-;9;8.949;893531092,64
DIIN27F28;BRBMEFDII197;FINANCIAL;-0,02;-0,05;-;-0,02;-0,025;0;-;-;-;-;-;-;-0,025;-0,02;1.713;180.364;15390982512,15
DIIN27N28;BRBMEFDII3R6;FINANCIAL;0,05;0,05;0,05;0,05;0,05;42,85;-;-;-;-;-;-;0,015;0,035;1;13.833;1157743967,35
DIIN27Q27;BRBMEFDIIAM0;FINANCIAL;-;-;-;-;-;-100;-;-;-;-;-;-;-;-;3;156;13613362,5
DIIN27V27;BRBMEFDII2I7;FINANCIAL;-0,005;-0,02;0,01;-0,006;-0,005;-;-;-;-;-;-;-;-0,01;-0,005;891;68.918;5953153565,91
DIIN28F29;BRBMEFDII353;FINANCIAL;0,045;0,03;0,05;0,04;0,05;25;-;-;-;-;-;-;0,045;0,055;743;39.715;2961376515,41
DIIN28F30;BRBMEFDII6T5;FINANCIAL;0,095;0,095;0,1;0,099;0,1;300;-;-;-;-;-;-;-;-;2;3.297;233957527,09
DIIN28N29;BRBMEFDIIB55;FINANCIAL;0,11;0,11;0,11;0,11;0,11;-2300;-;-;-;-;-;-;-;-;1;35;2549620,45
DIIN28V28;BRBMEFDII3Y2;FINANCIAL;0,03;0,03;0,035;0,031;0,035;16,66;-;-;-;-;-;-;0,025;0,04;2;41;3102333,27
DIIN29F30;BRBMEFDII6G2;FINANCIAL;0,01;-0,005;0,02;0,007;0,015;50;-;-;-;-;-;-;0,01;0,02;357;11.640;759264797,81
DIIN29N30;BRBMEFDIIAL2;FINANCIAL;0,02;0,02;0,02;0,02;0,02;-140;-;-;-;-;-;-;-;-;1;32;2032120,27
DIIN29V29;BRBMEFDII7E5;FINANCIAL;0,015;0,015;0,015;0,015;0,015;-400;-;-;-;-;-;-;-;-;1;10;663073,9
DIIN31F32;BRBMEFDIIBM8;FINANCIAL;0,03;0,01;0,035;0,029;0,01;-60;-;-;-;-;-;-;-;-;3;192;9620655,47
DIIQ26V26;BRBMEFDIIAG2;FINANCIAL;-0,12;-0,125;-0,12;-0,124;-0,125;-580,76;-;-;-;-;-;-;-;-;4;13.217;1297365203,58
DIIQ27V27;BRBMEFDIIAN8;FINANCIAL;-;-;-;-;-;-100;-;-;-;-;-;-;-;-;3;96;8241594,06
DIIV26F27;BRBMEFDII2H9;FINANCIAL;0,005;-0,05;0,015;-0,02;-0,035;133,33;-;-;-;-;-;-;-0,04;-0,03;513;125.870;12026770029,91
DIIV26J27;BRBMEFDIIAK4;FINANCIAL;0,08;0,015;0,08;0,053;0,015;-85;-;-;-;-;-;-;-0,005;0,02;6;783;74363687,38
DIIV26Z26;BRBMEFDIIAS7;FINANCIAL;-0,035;-0,05;-0,035;-0,04;-0,05;150;-;-;-;-;-;-;-;-;5;36.030;3453478537,41
DIIV27F28;BRBMEFDII2J5;FINANCIAL;-0,02;-0,03;-0,01;-0,017;-0,02;-20;-;-;-;-;-;-;-0,02;-0,015;910;82.524;6891325416,35
DIIV28F29;BRBMEFDII3Z9;FINANCIAL;0,015;0,005;0,02;0,011;0,015;50;-;-;-;-;-;-;0,01;0,02;5;134;9802255,35
DIIV29F30;BRBMEFDII7D7;FINANCIAL;-0,005;-0,005;-0,005;-0,005;-0,005;-133,33;-;-;-;-;-;-;-;-;1;10;641386,55
DIIV31F32;BRBMEFDIIBH8;FINANCIAL;0,02;0,02;0,025;0,022;0,025;-600;-;-;-;-;-;-;-;-;2;70;3438859,25
FRIM27N27;BRBMEFFRIG73;FINANCIAL;0,02;0,02;0,02;0,02;0,02;-;-;-;-;-;-;-;-;-;3;12.372;601130904,96
DITF27;BRBMEFDIT095;FINANCIAL;-;-;-;-;-;-;-;-;-;-;-;-;-;-;3;2.396;224186699,72
DITF28;BRBMEFDIT053;FINANCIAL;-;-;-;-;-;-;-;-;-;-;-;-;-;-;3;5.247;430948492,92
DITF29;BRBMEFDIT0K4;FINANCIAL;-;-;-;-;-;-;-;-;-;-;-;-;-;-;3;2.744;197754619,44
DITF30;BRBMEFDIT0J6;FINANCIAL;-;-;-;-;-;-;-;-;-;-;-;-;-;-;2;1.068;67438251,24
DITF31;BRBMEFDIT0I8;FINANCIAL;-;-;-;-;-;-;-;-;-;-;-;-;-;-;3;2.340;129366993,6
DITF32;BRBMEFDIT0H0;FINANCIAL;-;-;-;-;-;-;-;-;-;-;-;-;-;-;2;1.952;94374749,44
DITF33;BRBMEFDIT0G2;FINANCIAL;-;-;-;-;-;-100;-;-;-;-;-;-;-;-;1;1.006;42588185,08
DITF35;BRBMEFDIT0E7;FINANCIAL;-;-;-;-;-;-;-;-;-;-;-;-;-;-;1;6;195631,74
DITN29;BRBMEFDIT1L0;FINANCIAL;-;-;-;-;-;-;-;-;-;-;-;-;-;-;2;652;43982283,48
ZARN26;BRBMEFZAR4Z8;FINANCIAL;-;-;-;-;-;-;3164,731;-;3155,844;-;8,887;311,045;-;-;-;-;-
ZARQ26;BRBMEFZAR503;FINANCIAL;-;-;-;-;-;-;3179,362;-;3173,259;-;6,103;213,605;-;-;-;-;-
ZARU26;BRBMEFZAR511;FINANCIAL;-;-;-;-;-;-;3192,062;-;3186,3;-;5,762;201,67;-;-;-;-;-
ZARV26;BRBMEFZAR529;FINANCIAL;-;-;-;-;-;-;3206,099;-;3200,915;-;5,184;181,44;-;-;-;-;-
ZARX26;BRBMEFZAR537;FINANCIAL;-;-;-;-;-;-;3217,051;-;3212,045;-;5,006;175,21;-;-;-;-;-
INDG27;BRBMEFIBV400;FINANCIAL;-;-;-;-;-;-;186073;-;187286;-;-1213;-1213;-;-;-;-;-
INDG28;BRBMEFIBV467;FINANCIAL;-;-;-;-;-;-;210698;-;212362;-;-1664;-1664;-;-;-;-;-
INDJ27;BRBMEFIBV418;FINANCIAL;-;-;-;-;-;-;189693;-;190974;-;-1281;-1281;-;-;-;-;-
INDJ28;BRBMEFIBV475;FINANCIAL;-;-;-;-;-;-;214708;-;216443;-;-1735;-1735;-;-;-;-;-
INDM27;BRBMEFIBV426;FINANCIAL;-;-;-;-;-;-;193746;-;195118;-;-1372;-1372;-;-;-;-;-
INDM28;BRBMEFIBV483;FINANCIAL;-;-;-;-;-;-;219254;-;221086;-;-1832;-1832;-;-;-;-;-
INDQ26;BRBMEFIBV3X9;FINANCIAL;175885;173070;176135;174531;174580;-0,74;174816;-;175886;-;-1070;-1070;174380;174750;6.450;41.595;7259657450
INDQ27;BRBMEFIBV434;FINANCIAL;-;-;-;-;-;-;198073;-;199524;-;-1451;-1451;-;-;-;-;-
INDV26;BRBMEFIBV3Z4;FINANCIAL;-;-;-;-;-;-;178538;-;179640;-;-1102;-1102;-;-;-;-;-
INDV27;BRBMEFIBV442;FINANCIAL;-;-;-;-;-;-;201801;-;203314;-;-1513;-1513;-;-;-;-;-
INDZ26;BRBMEFIBV3Y7;FINANCIAL;-;-;-;-;-;-;182337;-;183486;-;-1149;-1149;-;-;-;-;-
INDZ27;BRBMEFIBV459;FINANCIAL;-;-;-;-;-;-;206061;-;207646;-;-1585;-1585;-;-;-;-;-
ISPH27;BRBMEFISP1R4;FINANCIAL;-;-;-;-;-;-;7699,25;-;7648,5;-;50,75;13119,89;-;-;-;-;-
ISPM27;BRBMEFISP1S2;FINANCIAL;-;-;-;-;-;-;7772,5;-;7717,25;-;55,25;14283,23;-;-;-;-;-
ISPU26;BRBMEFISP1Q6;FINANCIAL;7511,25;7502;7572;7542,74;7547;0,52;7557,5;-;7507,5;-;50;12926;7530,75;-;218;337;657133409,86
ISPZ26;BRBMEFISP1P8;FINANCIAL;-;-;-;-;-;-;7625,5;-;7575;-;50,5;13055,26;-;-;-;-;-
BRIQ26;BRBMEFBRI3U1;FINANCIAL;-;-;-;-;-;-;29319;-;29539;-;-220;-2200;-;-;-;-;-
BRIV26;BRBMEFBRI3V9;FINANCIAL;-;-;-;-;-;-;29937;-;30168;-;-231;-2310;-;-;-;-;-
SJCF27;BRBMEFSJC352;AGRIBUSINESS;25,2;25,2;25,53;25,36;25,53;0,39;25,5456;-;25,4299;-;0,1157;269,196876;-;-;2;2;118032,47
SJCH27;BRBMEFSJC360;AGRIBUSINESS;25,5;25,5;25,5;25,5;25,5;-0,3;25,7275;-;25,5787;-;0,1488;346,209984;-;-;1;1;59330,34
SJCK27;BRBMEFSJC378;AGRIBUSINESS;25,6;25,5;26;25,73;25,8;0,3;25,8984;-;25,722;-;0,1764;410,426352;25,7;26;10;241;14431372,3
SJCN27;BRBMEFSJC386;AGRIBUSINESS;-;-;-;-;-;-;26,0527;-;25,8488;-;0,2039;474,410052;-;-;-;-;-
SJCQ26;BRBMEFSJC337;AGRIBUSINESS;24,57;24,54;25;24,76;24,79;0,46;24,7851;-;24,6748;-;0,1103;256,632804;24,75;24,8;15;62;3572012,2
SJCU26;BRBMEFSJC345;AGRIBUSINESS;24,72;24,55;24,73;24,7;24,58;-0,8;24,8843;-;24,7795;-;0,1048;243,836064;24,82;24,91;6;18;1034628,06
SJCX26;BRBMEFSJC2Z9;AGRIBUSINESS;25,06;24,83;25,46;25,15;25,22;0,43;25,2149;-;25,1102;-;0,1047;243,603396;25,06;25,22;133;878;51377119,55
WEUN26;BRBMEFWEU4Z2;FINANCIAL;-;-;-;-;-;-;5929,976;-;5926,147;-;3,829;38,29;-;-;-;-;-
WEUQ26;BRBMEFWEU506;FINANCIAL;-;-;-;-;-;-;5982,898;-;5984,22;-;-1,322;-13,22;-;-;-;-;-
WDOF27;BRBMEFWDO4W8;FINANCIAL;-;-;-;-;-;-;5376,299;-;5376,04;-;0,259;2,59;-;-;-;-;-
WDOF28;BRBMEFWDO4Z1;FINANCIAL;-;-;-;-;-;-;5795,585;-;5805,049;-;-9,464;-94,64;-;-;-;-;-
WDOF29;BRBMEFWDO501;FINANCIAL;-;-;-;-;-;-;6252,275;-;6272,011;-;-19,736;-197,36;-;-;-;-;-
WDOF30;BRBMEFWDO576;FINANCIAL;-;-;-;-;-;-;6758,682;-;6785,038;-;-26,356;-263,56;-;-;-;-;-
WDOG27;BRBMEFWDO5M6;FINANCIAL;-;-;-;-;-;-;5411,54;-;5411,8;-;-0,26;-2,6;-;-;-;-;-
WDOH27;BRBMEFWDO5L8;FINANCIAL;-;-;-;-;-;-;5440,914;-;5441,861;-;-0,947;-9,47;-;-;-;-;-
WDOJ27;BRBMEFWDO4V0;FINANCIAL;-;-;-;-;-;-;5478,137;-;5480,15;-;-2,013;-20,13;-;-;-;-;-
WDOJ28;BRBMEFWDO5D5;FINANCIAL;-;-;-;-;-;-;5911,661;-;5924,032;-;-12,371;-123,71;-;-;-;-;-
WDOJ29;BRBMEFWDO5K0;FINANCIAL;-;-;-;-;-;-;6376,31;-;6396,091;-;-19,781;-197,81;-;-;-;-;-
WDOK27;BRBMEFWDO5O2;FINANCIAL;-;-;-;-;-;-;5511,465;-;5513,836;-;-2,371;-23,71;-;-;-;-;-
WDOM27;BRBMEFWDO5N4;FINANCIAL;-;-;-;-;-;-;5543,233;-;5546,955;-;-3,722;-37,22;-;-;-;-;-
WDON26;BRBMEFWDO4U2;FINANCIAL;5173;5171;5201;5184,118;5176,5;0,17;5176,6;-;5167,663;-;8,937;89,37;5176,5;5177;37.272;114.665;5944369125
WDON27;BRBMEFWDO4X6;FINANCIAL;-;-;-;-;-;-;5582,479;-;5586,682;-;-4,203;-42,03;-;-;-;-;-
WDON28;BRBMEFWDO4Y4;FINANCIAL;-;-;-;-;-;-;6023,504;-;6038,843;-;-15,339;-153,39;-;-;-;-;-
WDON29;BRBMEFWDO568;FINANCIAL;-;-;-;-;-;-;6505,808;-;6529,041;-;-23,233;-232,33;-;-;-;-;-
WDON30;BRBMEFWDO5F0;FINANCIAL;-;-;-;-;-;-;7018,687;-;7051,261;-;-32,574;-325,74;-;-;-;-;-
WDOQ26;BRBMEFWDO5C7;FINANCIAL;5211,5;5197;5241,5;5216,435;5199;-0,16;5208,887;-;5207,431;-;1,456;14,56;5198;5198,5;453.463;2.248.824;117308445730
WDOQ27;BRBMEFWDO5G8;FINANCIAL;-;-;-;-;-;-;5617,833;-;5623,801;-;-5,968;-59,68;-;-;-;-;-
WDOU26;BRBMEFWDO5H6;FINANCIAL;5255;5232,5;5275;5251,503;5232,5;-0,21;5245,163;-;5243,692;-;1,471;14,71;5233;5239,5;258;545;28620695
WDOV26;BRBMEFWDO4T4;FINANCIAL;5307;5278;5307;5284,75;5278;-0,02;5280,478;-;5279,155;-;1,323;13,23;5265,5;5275;6;6;317085
WDOV27;BRBMEFWDO592;FINANCIAL;-;-;-;-;-;-;5692,843;-;5699,968;-;-7,125;-71,25;-;-;-;-;-
WDOV28;BRBMEFWDO5J2;FINANCIAL;-;-;-;-;-;-;6147,867;-;6163,794;-;-15,927;-159,27;-;-;-;-;-
WDOX26;BRBMEFWDO5I4;FINANCIAL;-;-;-;-;-;-;5312,737;-;5311,824;-;0,913;9,13;-;-;-;-;-
WDOZ26;BRBMEFWDO5E3;FINANCIAL;-;-;-;-;-;-;5343,939;-;5342,875;-;1,064;10,64;-;-;-;-;-
T10U26;BRBMEFT102R8;FINANCIAL;110,1;109,646;110,1;109,84;109,646;-0,49;109,8906;-;110,1875;-;-0,2969;-1536,93254;109,579;109,655;38;425;241655485,47
T10Z26;BRBMEFT102S6;FINANCIAL;-;-;-;-;-;-;109,7656;-;110,0312;-;-0,2656;-1374,90496;107,889;111,134;-;-;-
WING28;BRBMEFWIN3V8;FINANCIAL;-;-;-;-;-;-;210698;-;212362;-;-1664;-332,8;-;-;-;-;-
WINJ28;BRBMEFWIN3W6;FINANCIAL;-;-;-;-;-;-;214708;-;216443;-;-1735;-347;-;-;-;-;-
WINM27;BRBMEFWIN3S4;FINANCIAL;-;-;-;-;-;-;193746;-;195118;-;-1372;-274,4;-;-;-;-;-
WINM28;BRBMEFWIN3X4;FINANCIAL;-;-;-;-;-;-;219254;-;221086;-;-1832;-366,4;-;-;-;-;-
WINQ26;BRBMEFWIN3P0;FINANCIAL;175910;173025;176140;174522;174590;-0,73;174816;-;175886;-;-1070;-214;174590;174600;5.325.230;17.497.142;610729083191
WINQ27;BRBMEFWIN3T2;FINANCIAL;-;-;-;-;-;-;198073;-;199524;-;-1451;-290,2;-;-;-;-;-
WINV26;BRBMEFWIN3Q8;FINANCIAL;179650;176780;179805;177990;178330;-0,72;178538;-;179640;-;-1102;-220,4;178260;178470;5.719;25.781;917756418
WINV27;BRBMEFWIN3U0;FINANCIAL;-;-;-;-;-;-;201801;-;203314;-;-1513;-302,6;-;-;-;-;-
WINZ26;BRBMEFWIN3R6;FINANCIAL;183155;180910;183315;182554;182650;-0,45;182337;-;183486;-;-1149;-229,8;182100;182395;22;41;1496949
JSEU26;BRBMEFJSE1M7;FINANCIAL;-;-;-;-;-;-;102613;-;102387;-;226;90,4;-;-;-;-;-
JSEZ26;BRBMEFJSE1N5;FINANCIAL;-;-;-;-;-;-;103846;-;103749;-;97;38,8;-;-;-;-;-
HSIN26;BRBMEFHSI4V0;FINANCIAL;-;-;-;-;-;-;22847;-;22967;-;-120;-78;-;-;-;-;-
HSIQ26;BRBMEFHSI4W8;FINANCIAL;-;-;-;-;-;-;22842;-;22972;-;-130;-84,5;-;-;-;-;-
BR1M26N26;BRBMEFBR1H75;AGRIBUSINESS;-5,85;-7,2;-5,85;-6,66;-7,2;39,8;-;-;-;-;-;-;-;-;3;16;1763536,5
FRCF27;BRBMEFFRC4U1;FINANCIAL;5,26;5,26;5,26;5,26;5,26;0;-;5,26;-;-;-;-;5,25;-;17;13.531;1618959129,58
FRCF28;BRBMEFFRC4X5;FINANCIAL;5,6;5,6;5,6;5,6;5,6;0,35;-;5,6;-;-;-;-;-;-;16;3.408;396394363,74
FRCF29;BRBMEFFRC4V9;FINANCIAL;5,77;5,77;5,77;5,77;5,77;0,52;-;5,77;-;-;-;-;-;-;10;2.028;229070670,24
FRCF30;BRBMEFFRC4W7;FINANCIAL;5,92;5,92;5,92;5,92;5,92;0,16;-;5,92;-;-;-;-;-;-;13;1.002;110240724,66
FRCF31;BRBMEFFRC667;FINANCIAL;6,13;6,13;6,13;6,13;6,13;0,49;-;6,13;-;-;-;-;-;-;8;749;79735578,02
FRCF32;BRBMEFFRC766;FINANCIAL;6,37;6,37;6,37;6,37;6,37;0,47;-;6,37;-;-;-;-;-;-;3;348;14734393,84
FRCF33;BRBMEFFRC6I1;FINANCIAL;6,61;6,61;6,61;6,61;6,61;0,3;-;6,61;-;-;-;-;-;-;8;306;12529673,28
FRCF34;BRBMEFFRC774;FINANCIAL;6,82;6,82;6,84;6,83;6,84;0,29;-;6,84;-;-;-;-;-;-;2;117;4638432,96
FRCF35;BRBMEFFRC6H3;FINANCIAL;7,13;7,13;7,13;7,13;7,13;0,28;-;7,13;-;-;-;-;-;-;6;258;9825253,64
FRCF36;BRBMEFFRC6T8;FINANCIAL;7,41;7,41;7,41;7,41;7,41;0,27;-;7,41;-;-;-;-;-;-;1;63;2310033,74
FRCF37;BRBMEFFRC741;FINANCIAL;-;-;-;-;-;-;-;7,72;-;-;-;-;-;-;-;-;-
FRCF38;BRBMEFFRC7J7;FINANCIAL;-;-;-;-;-;-;-;8,04;-;-;-;-;-;-;-;-;-
FRCF39;BRBMEFFRC7V2;FINANCIAL;-;-;-;-;-;-;-;8,34;-;-;-;-;-;-;-;-;-
FRCF40;BRBMEFFRC881;FINANCIAL;-;-;-;-;-;-;-;8,58;-;-;-;-;-;-;-;-;-
FRCF41;BRBMEFFRC8N7;FINANCIAL;-;-;-;-;-;-;-;8,85;-;-;-;-;-;-;-;-;-
FRCG27;BRBMEFFRC8O5;FINANCIAL;-;-;-;-;-;-;-;5,25;-;-;-;-;-;-;-;-;-
FRCH27;BRBMEFFRC8V0;FINANCIAL;5,26;5,26;5,26;5,26;5,26;0;-;5,26;-;-;-;-;-;-;2;354;17342956,92
FRCJ27;BRBMEFFRC790;FINANCIAL;5,29;5,29;5,3;5,29;5,3;0,18;-;5,3;-;-;-;-;-;-;16;5.820;284468470,4
FRCJ28;BRBMEFFRC7M1;FINANCIAL;5,61;5,61;5,61;5,61;5,61;0,53;-;5,61;-;-;-;-;-;-;3;573;27209777,34
FRCJ29;BRBMEFFRC7Y6;FINANCIAL;5,79;5,79;5,79;5,79;5,79;0,34;-;5,79;-;-;-;-;-;-;4;652;30078800,66
FRCJ30;BRBMEFFRC8B2;FINANCIAL;-;-;-;-;-;-;-;5,95;-;-;-;-;-;-;-;-;-
FRCJ31;BRBMEFFRC8L1;FINANCIAL;-;-;-;-;-;-;-;6,2;-;-;-;-;-;-;-;-;-
FRCK27;BRBMEFFRC8W8;FINANCIAL;5,35;5,35;5,35;5,35;5,35;0;-;5,35;-;-;-;-;-;-;8;2.451;119496962,08
FRCM27;BRBMEFFRC8X6;FINANCIAL;5,4;5,4;5,41;5,4;5,41;0,18;-;5,41;-;-;-;-;-;-;13;14.049;683343737,42
FRCN27;BRBMEFFRC7C2;FINANCIAL;5,42;5,42;5,42;5,42;5,42;0;-;5,42;-;-;-;-;-;-;17;11.323;549505523,34
FRCN28;BRBMEFFRC7P4;FINANCIAL;5,63;5,63;5,64;5,63;5,63;0,35;-;5,64;-;-;-;-;5,63;5,64;9;3.402;160438563,86
FRCN29;BRBMEFFRC7Z3;FINANCIAL;5,82;5,82;5,82;5,82;5,82;0,34;-;5,82;-;-;-;-;-;-;5;815;37331708,7
FRCN30;BRBMEFFRC873;FINANCIAL;6,01;6,01;6,01;6,01;6,01;0,33;-;6,01;-;-;-;-;-;-;2;181;8047071,98
FRCN31;BRBMEFFRC8K3;FINANCIAL;6,21;6,21;6,21;6,21;6,21;0,32;-;6,21;-;-;-;-;-;-;2;176;7581198,08
FRCQ27;BRBMEFFRC8G1;FINANCIAL;5,47;5,47;5,47;5,47;5,47;0,36;-;5,47;-;-;-;-;-;-;6;641;31024669,28
FRCU26;BRBMEFFRC8H9;FINANCIAL;4,93;4,93;4,93;4,93;4,93;-0,4;-;4,93;-;-;-;-;4,93;4,94;13;21.038;1044542780,24
FRCV26;BRBMEFFRC717;FINANCIAL;4,99;4,98;4,99;4,98;4,98;-0,2;-;4,98;-;-;-;-;4,98;4,99;23;23.825;1180432646,3
FRCV27;BRBMEFFRC7F5;FINANCIAL;5,5;5,5;5,52;5,51;5,52;0,36;-;5,52;-;-;-;-;-;-;10;2.910;140197013,8
FRCV28;BRBMEFFRC7S8;FINANCIAL;5,68;5,68;5,68;5,68;5,68;0,35;-;5,68;-;-;-;-;-;-;1;850;39799999
FRCV29;BRBMEFFRC840;FINANCIAL;-;-;-;-;-;-;-;5,85;-;-;-;-;-;-;-;-;-
FRCV30;BRBMEFFRC8F3;FINANCIAL;6,03;6,03;6,03;6,03;6,03;0,33;-;6,03;-;-;-;-;-;-;2;180;7945611,4
FRCV31;BRBMEFFRC8M9;FINANCIAL;-;-;-;-;-;-;-;6,27;-;-;-;-;-;-;-;-;-
FRCX26;BRBMEFFRC8J5;FINANCIAL;5,07;5,07;5,07;5,07;5,07;0,19;-;5,07;-;-;-;-;5,05;5,07;6;2.187;108096008,46
FRCX27;BRBMEFFRC8P2;FINANCIAL;-;-;-;-;-;-;-;5,52;-;-;-;-;5,52;-;-;-;-
FRCX28;BRBMEFFRC8R8;FINANCIAL;-;-;-;-;-;-;-;5,71;-;-;-;-;-;-;-;-;-
FRCX29;BRBMEFFRC8T4;FINANCIAL;-;-;-;-;-;-;-;5,87;-;-;-;-;-;-;-;-;-
FRCZ26;BRBMEFFRC8I7;FINANCIAL;5,1;5,1;5,1;5,1;5,1;-0,39;-;5,1;-;-;-;-;5,1;-;10;7.578;373801962,64
FRCZ27;BRBMEFFRC8Q0;FINANCIAL;5,53;5,53;5,55;5,54;5,55;0,36;-;5,55;-;-;-;-;-;-;3;1.737;83290365,06
FRCZ28;BRBMEFFRC8S6;FINANCIAL;5,7;5,7;5,7;5,7;5,7;0;-;5,73;-;-;-;-;-;-;1;132;6153010,76
FRCZ29;BRBMEFFRC8U2;FINANCIAL;5,86;5,86;5,86;5,86;5,86;0,17;-;5,86;-;-;-;-;-;-;1;73;3302451,54
FROF27;BRBMEFFRO1P3;FINANCIAL;-;-;-;-;-;-;-;5,26;-;-;-;-;-;-;-;-;-
FROF28;BRBMEFFRO1Q1;FINANCIAL;-;-;-;-;-;-;-;5,6;-;-;-;-;-;-;-;-;-
FROF29;BRBMEFFRO1O6;FINANCIAL;-;-;-;-;-;-;-;5,77;-;-;-;-;-;-;-;-;-
FROF30;BRBMEFFRO1R9;FINANCIAL;-;-;-;-;-;-;-;5,92;-;-;-;-;-;-;-;-;-
FROF31;BRBMEFFRO2Z0;FINANCIAL;-;-;-;-;-;-;-;6,13;-;-;-;-;-;-;-;-;-
FROF32;BRBMEFFRO3Z8;FINANCIAL;-;-;-;-;-;-;-;6,37;-;-;-;-;-;-;-;-;-
FROF33;BRBMEFFRO3B9;FINANCIAL;-;-;-;-;-;-;-;6,61;-;-;-;-;-;-;-;-;-
FROF34;BRBMEFFRO407;FINANCIAL;-;-;-;-;-;-;-;6,84;-;-;-;-;-;-;-;-;-
FROF35;BRBMEFFRO3A1;FINANCIAL;-;-;-;-;-;-;-;7,13;-;-;-;-;-;-;-;-;-
FROF36;BRBMEFFRO3M6;FINANCIAL;-;-;-;-;-;-;-;7,41;-;-;-;-;-;-;-;-;-
FROF37;BRBMEFFRO3X3;FINANCIAL;-;-;-;-;-;-;-;7,72;-;-;-;-;-;-;-;-;-
FROF38;BRBMEFFRO4C5;FINANCIAL;-;-;-;-;-;-;-;8,04;-;-;-;-;-;-;-;-;-
FROF39;BRBMEFFRO4O0;FINANCIAL;-;-;-;-;-;-;-;8,34;-;-;-;-;-;-;-;-;-
FROF40;BRBMEFFRO514;FINANCIAL;-;-;-;-;-;-;-;8,58;-;-;-;-;-;-;-;-;-
FROF41;BRBMEFFRO5G3;FINANCIAL;-;-;-;-;-;-;-;8,85;-;-;-;-;-;-;-;-;-
FROG27;BRBMEFFRO5H1;FINANCIAL;-;-;-;-;-;-;-;5,25;-;-;-;-;-;-;-;-;-
FROH27;BRBMEFFRO5O7;FINANCIAL;-;-;-;-;-;-;-;5,26;-;-;-;-;-;-;-;-;-
FROJ27;BRBMEFFRO423;FINANCIAL;-;-;-;-;-;-;-;5,3;-;-;-;-;-;-;-;-;-
FROJ28;BRBMEFFRO4F8;FINANCIAL;-;-;-;-;-;-;-;5,61;-;-;-;-;-;-;-;-;-
FROJ29;BRBMEFFRO4R3;FINANCIAL;-;-;-;-;-;-;-;5,79;-;-;-;-;-;-;-;-;-
FROJ30;BRBMEFFRO548;FINANCIAL;-;-;-;-;-;-;-;5,95;-;-;-;-;-;-;-;-;-
FROJ31;BRBMEFFRO5E8;FINANCIAL;-;-;-;-;-;-;-;6,2;-;-;-;-;-;-;-;-;-
FROK27;BRBMEFFRO5P4;FINANCIAL;-;-;-;-;-;-;-;5,35;-;-;-;-;-;-;-;-;-
FROM27;BRBMEFFRO5Q2;FINANCIAL;-;-;-;-;-;-;-;5,41;-;-;-;-;-;-;-;-;-
FRON27;BRBMEFFRO456;FINANCIAL;-;-;-;-;-;-;-;5,42;-;-;-;-;-;-;-;-;-
FRON28;BRBMEFFRO4I2;FINANCIAL;-;-;-;-;-;-;-;5,64;-;-;-;-;-;-;-;-;-
FRON29;BRBMEFFRO4S1;FINANCIAL;-;-;-;-;-;-;-;5,82;-;-;-;-;-;-;-;-;-
FRON30;BRBMEFFRO506;FINANCIAL;-;-;-;-;-;-;-;6,01;-;-;-;-;-;-;-;-;-
FRON31;BRBMEFFRO5D0;FINANCIAL;-;-;-;-;-;-;-;6,21;-;-;-;-;-;-;-;-;-
FROQ27;BRBMEFFRO597;FINANCIAL;-;-;-;-;-;-;-;5,47;-;-;-;-;-;-;-;-;-
FROU26;BRBMEFFRO5A6;FINANCIAL;-;-;-;-;-;-;-;4,93;-;-;-;-;-;-;-;-;-
FROV26;BRBMEFFRO3U9;FINANCIAL;-;-;-;-;-;-;-;4,98;-;-;-;-;-;-;-;-;-
FROV27;BRBMEFFRO480;FINANCIAL;-;-;-;-;-;-;-;5,52;-;-;-;-;-;-;-;-;-
FROV28;BRBMEFFRO4L6;FINANCIAL;-;-;-;-;-;-;-;5,68;-;-;-;-;-;-;-;-;-
FROV29;BRBMEFFRO4X1;FINANCIAL;-;-;-;-;-;-;-;5,85;-;-;-;-;-;-;-;-;-
FROV30;BRBMEFFRO589;FINANCIAL;-;-;-;-;-;-;-;6,03;-;-;-;-;-;-;-;-;-
FROV31;BRBMEFFRO5F5;FINANCIAL;-;-;-;-;-;-;-;6,27;-;-;-;-;-;-;-;-;-
FROX26;BRBMEFFRO5C2;FINANCIAL;-;-;-;-;-;-;-;5,07;-;-;-;-;-;-;-;-;-
FROX27;BRBMEFFRO5I9;FINANCIAL;-;-;-;-;-;-;-;5,52;-;-;-;-;-;-;-;-;-
FROX28;BRBMEFFRO5K5;FINANCIAL;-;-;-;-;-;-;-;5,71;-;-;-;-;-;-;-;-;-
FROX29;BRBMEFFRO5M1;FINANCIAL;-;-;-;-;-;-;-;5,87;-;-;-;-;-;-;-;-;-
FROZ26;BRBMEFFRO5B4;FINANCIAL;-;-;-;-;-;-;-;5,1;-;-;-;-;-;-;-;-;-
FROZ27;BRBMEFFRO5J7;FINANCIAL;-;-;-;-;-;-;-;5,55;-;-;-;-;-;-;-;-;-
FROZ28;BRBMEFFRO5L3;FINANCIAL;-;-;-;-;-;-;-;5,73;-;-;-;-;-;-;-;-;-
FROZ29;BRBMEFFRO5N9;FINANCIAL;-;-;-;-;-;-;-;5,86;-;-;-;-;-;-;-;-;-
FRP0;BRBMEFFRP099;FINANCIAL;39,8;37,6;40,9;39,63;39,6;-1,24;-;-;-;-;-;-;26,7;35,3;341;291.540;76037037950
FRP1;BRBMEFFRP032;FINANCIAL;40,1;40,1;40,1;40,1;40,1;-2,43;-;-;-;-;-;-;-;-;1;70;18258450
DR1N26Q26;BRBMEFDR35G8;FINANCIAL;39,6;32,26;40;39,636;35,51;-10,84;-;-;-;-;-;-;-;-;403;42.440;11050995472,5
WD1N26Q26;BRBMEFWD17W3;FINANCIAL;39,01;25;40;39,17;25;-37,07;-;-;-;-;-;-;-;-;2.469;80.082;4169179066,1
AUSN26;BRBMEFAUS2J0;FINANCIAL;691,3;691,3;691,3;691,3;691,3;0,36;691,823;-;688,779;-;3,044;157,386976;-;-;1;15;536144,62
AUSQ26;BRBMEFAUS2K8;FINANCIAL;-;-;-;-;-;-;691,371;-;688,317;-;3,054;157,904016;-;-;-;-;-
AUSU26;BRBMEFAUS2L6;FINANCIAL;-;-;-;-;-;-;691,036;-;687,987;-;3,049;157,645496;-;-;-;-;-
AUSV26;BRBMEFAUS2M4;FINANCIAL;-;-;-;-;-;-;690,639;-;687,572;-;3,067;158,576168;-;-;-;-;-
AUSX26;BRBMEFAUS2N2;FINANCIAL;-;-;-;-;-;-;690,346;-;687,257;-;3,089;159,713656;-;-;-;-;-
CANN26;BRBMEFCAN2K5;FINANCIAL;-;-;-;-;-;-;1419,202;-;1419,063;-;0,139;5,06045346;-;-;-;-;-
CANQ26;BRBMEFCAN2L3;FINANCIAL;-;-;-;-;-;-;1416,995;-;1416,873;-;0,122;4,44154908;-;-;-;-;-
CANU26;BRBMEFCAN2M1;FINANCIAL;-;-;-;-;-;-;1415,178;-;1415,11;-;0,068;2,47561752;-;-;-;-;-
CANV26;BRBMEFCAN2N9;FINANCIAL;-;-;-;-;-;-;1412,669;-;1412,726;-;-0,057;-2,07514998;-;-;-;-;-
CANX26;BRBMEFCAN2O7;FINANCIAL;-;-;-;-;-;-;1410,687;-;1410,801;-;-0,114;-4,15029996;-;-;-;-;-
NZLN26;BRBMEFNZL2J7;FINANCIAL;-;-;-;-;-;-;568,1;-;565,5;-;2,6;134,4304;-;-;-;-;-
NZLQ26;BRBMEFNZL2K5;FINANCIAL;-;-;-;-;-;-;568,9;-;566,2;-;2,7;139,6008;-;-;-;-;-
NZLU26;BRBMEFNZL2L3;FINANCIAL;-;-;-;-;-;-;569,4;-;566,7;-;2,7;139,6008;-;-;-;-;-
NZLV26;BRBMEFNZL2M1;FINANCIAL;-;-;-;-;-;-;570;-;567,3;-;2,7;139,6008;-;-;-;-;-
NZLX26;BRBMEFNZL2N9;FINANCIAL;-;-;-;-;-;-;570,5;-;567,8;-;2,7;139,6008;-;-;-;-;-
EUPN26;BRBMEFEUP2J9;FINANCIAL;1142;1142;1142,7;1142,32;1142,7;-0,05;1142,751;-;1143,34;-;-0,589;-30,453656;-;-;9;1.317;77785772,57
EUPQ26;BRBMEFEUP2K7;FINANCIAL;-;-;-;-;-;-;1144,427;-;1145,001;-;-0,574;-29,678096;-;-;-;-;-
EUPU26;BRBMEFEUP2L5;FINANCIAL;-;-;-;-;-;-;1145,778;-;1146,318;-;-0,54;-27,92016;-;-;-;-;-
EUPV26;BRBMEFEUP2M3;FINANCIAL;-;-;-;-;-;-;1147,629;-;1148,087;-;-0,458;-23,680432;-;-;-;-;-
EUPX26;BRBMEFEUP2N1;FINANCIAL;-;-;-;-;-;-;1149,111;-;1149,492;-;-0,381;-19,699224;-;-;-;-;-
SWIN26;BRBMEFSWI2J0;FINANCIAL;807,1;807,1;807,1;807,1;807,1;0,14;806,9;-;805,9;-;1;63,98218;-;-;1;307;15853485,36
SWIQ26;BRBMEFSWI2K8;FINANCIAL;-;-;-;-;-;-;803,7;-;802,7;-;1;63,98218;-;-;-;-;-
SWIU26;BRBMEFSWI2L6;FINANCIAL;-;-;-;-;-;-;801,2;-;800,4;-;0,8;51,185744;-;-;-;-;-
SWIV26;BRBMEFSWI2M4;FINANCIAL;-;-;-;-;-;-;797,9;-;797,1;-;0,8;51,185744;-;-;-;-;-
SWIX26;BRBMEFSWI2N2;FINANCIAL;-;-;-;-;-;-;795,1;-;794,3;-;0,8;51,185744;-;-;-;-;-
JAPN26;BRBMEFJAP2J8;FINANCIAL;162300;162050;162470;162424,17;162400;0,41;162405,982;-;161730,998;-;674,984;214,659761648;-;-;12;395;20403512,36
JAPQ26;BRBMEFJAP2K6;FINANCIAL;-;-;-;-;-;-;161949,226;-;161274,052;-;675,174;214,720185828;-;-;-;-;-
JAPU26;BRBMEFJAP2L4;FINANCIAL;-;-;-;-;-;-;161576,817;-;160916,247;-;660,57;210,07579254;-;-;-;-;-
JAPV26;BRBMEFJAP2M2;FINANCIAL;-;-;-;-;-;-;161066,837;-;160415,424;-;651,413;207,163665086;-;-;-;-;-
JAPX26;BRBMEFJAP2N0;FINANCIAL;-;-;-;-;-;-;160663,469;-;160010,152;-;653,317;207,769178974;-;-;-;-;-
CNHN26;BRBMEFCNH2J0;FINANCIAL;-;-;-;-;-;-;6783,668;-;6790,32;-;-6,652;-50,649438884;-;-;-;-;-
CNHQ26;BRBMEFCNH2K8;FINANCIAL;-;-;-;-;-;-;6767,623;-;6774,213;-;-6,59;-50,17736053;-;-;-;-;-
CNHU26;BRBMEFCNH2L6;FINANCIAL;-;-;-;-;-;-;6752,844;-;6759,401;-;-6,557;-49,926093019;-;-;-;-;-
CNHV26;BRBMEFCNH2M4;FINANCIAL;-;-;-;-;-;-;6734,091;-;6740,692;-;-6,601;-50,261116367;-;-;-;-;-
CNHX26;BRBMEFCNH2N2;FINANCIAL;-;-;-;-;-;-;6720,411;-;6727,141;-;-6,73;-51,24334391;-;-;-;-;-
GBRN26;BRBMEFGBR2J8;FINANCIAL;-;-;-;-;-;-;1325,275;-;1325,562;-;-0,287;-14,839048;-;-;-;-;-
GBRQ26;BRBMEFGBR2K6;FINANCIAL;-;-;-;-;-;-;1325,252;-;1325,524;-;-0,272;-14,063488;-;-;-;-;-
GBRU26;BRBMEFGBR2L4;FINANCIAL;-;-;-;-;-;-;1325,265;-;1325,537;-;-0,272;-14,063488;-;-;-;-;-
GBRV26;BRBMEFGBR2M2;FINANCIAL;-;-;-;-;-;-;1325,322;-;1325,562;-;-0,24;-12,40896;-;-;-;-;-
GBRX26;BRBMEFGBR2N0;FINANCIAL;-;-;-;-;-;-;1325,387;-;1325,578;-;-0,191;-9,875464;-;-;-;-;-
TUQN26;BRBMEFTUQ2J1;FINANCIAL;-;-;-;-;-;-;47095,9;-;47098,2;-;-2,3;-2,5496604;-;-;-;-;-
TUQQ26;BRBMEFTUQ2K9;FINANCIAL;-;-;-;-;-;-;48360,5;-;48347,9;-;12,6;13,9677048;-;-;-;-;-
TUQU26;BRBMEFTUQ2L7;FINANCIAL;-;-;-;-;-;-;49450,6;-;49486,9;-;-36,3;-40,2402924;-;-;-;-;-
TUQV26;BRBMEFTUQ2M5;FINANCIAL;-;-;-;-;-;-;50977,5;-;50969,9;-;7,6;8,4249648;-;-;-;-;-
TUQX26;BRBMEFTUQ2N3;FINANCIAL;-;-;-;-;-;-;52193,3;-;52117,4;-;75,9;84,1387932;-;-;-;-;-
MEXN26;BRBMEFMEX2J9;FINANCIAL;17496;17496;17496;17496;17496;0,07;17501,599;-;17482,144;-;19,455;57,516236715;-;-;1;13;672421,12
MEXQ26;BRBMEFMEX2K7;FINANCIAL;-;-;-;-;-;-;17551,851;-;17532,361;-;19,49;57,61970977;-;-;-;-;-
MEXU26;BRBMEFMEX2L5;FINANCIAL;-;-;-;-;-;-;17592,056;-;17571,192;-;20,864;61,681766272;-;-;-;-;-
MEXV26;BRBMEFMEX2M3;FINANCIAL;-;-;-;-;-;-;17643,541;-;17622,699;-;20,842;61,616726066;-;-;-;-;-
MEXX26;BRBMEFMEX2N1;FINANCIAL;-;-;-;-;-;-;17683,319;-;17663,441;-;19,878;58,766782494;-;-;-;-;-
AFSN26;BRBMEFAFS2J9;FINANCIAL;-;-;-;-;-;-;16397;-;16424,1;-;-27,1;-85,6209595;-;-;-;-;-
AFSQ26;BRBMEFAFS2K7;FINANCIAL;-;-;-;-;-;-;16443,1;-;16470,1;-;-27;-85,305015;-;-;-;-;-
AFSU26;BRBMEFAFS2L5;FINANCIAL;-;-;-;-;-;-;16479,2;-;16504,6;-;-25,4;-80,249903;-;-;-;-;-
AFSV26;BRBMEFAFS2M3;FINANCIAL;-;-;-;-;-;-;16527,5;-;16550,9;-;-23,4;-73,931013;-;-;-;-;-
AFSX26;BRBMEFAFS2N1;FINANCIAL;-;-;-;-;-;-;16565,3;-;16588;-;-22,7;-71,7194015;-;-;-;-;-
NOKN26;BRBMEFNOK2J1;FINANCIAL;-;-;-;-;-;-;9897,795;-;9919,036;-;-21,241;-110,977512844;-;-;-;-;-
NOKQ26;BRBMEFNOK2K9;FINANCIAL;-;-;-;-;-;-;9902,527;-;9923,684;-;-21,157;-110,538639388;-;-;-;-;-
NOKU26;BRBMEFNOK2L7;FINANCIAL;-;-;-;-;-;-;9906,416;-;9927,509;-;-21,093;-110,204259612;-;-;-;-;-
NOKV26;BRBMEFNOK2M5;FINANCIAL;-;-;-;-;-;-;9911,539;-;9932,716;-;-21,177;-110,643133068;-;-;-;-;-
NOKX26;BRBMEFNOK2N3;FINANCIAL;-;-;-;-;-;-;9915,503;-;9936,868;-;-21,365;-111,62537366;-;-;-;-;-
RUBN26;BRBMEFRUB2R3;FINANCIAL;-;-;-;-;-;-;78600;-;77034,221;-;1565,779;1028,737158127;-;-;-;-;-
RUBN27;BRBMEFRUB2Q5;FINANCIAL;-;-;-;-;-;-;87273,804;-;84965,806;-;2307,998;1516,384689974;-;-;-;-;-
RUBQ26;BRBMEFRUB2S1;FINANCIAL;-;-;-;-;-;-;79488,255;-;77739,145;-;1749,11;1149,18800843;-;-;-;-;-
RUBU26;BRBMEFRUB2T9;FINANCIAL;-;-;-;-;-;-;80204,085;-;78396,327;-;1807,758;1187,720506854;-;-;-;-;-
RUBV26;BRBMEFRUB2U7;FINANCIAL;-;-;-;-;-;-;80938,583;-;79052,842;-;1885,741;1238,956351633;-;-;-;-;-
RUBX26;BRBMEFRUB2V5;FINANCIAL;-;-;-;-;-;-;81772,841;-;79805,504;-;1967,337;1292,565984381;-;-;-;-;-
SEKN26;BRBMEFSEK2J8;FINANCIAL;-;-;-;-;-;-;9691,159;-;9697,888;-;-6,729;-35,872090401;-;-;-;-;-
SEKQ26;BRBMEFSEK2K6;FINANCIAL;-;-;-;-;-;-;9672,224;-;9678,916;-;-6,692;-35,674844548;-;-;-;-;-
SEKU26;BRBMEFSEK2L4;FINANCIAL;-;-;-;-;-;-;9656,811;-;9664,026;-;-7,215;-38,462941335;-;-;-;-;-
SEKV26;BRBMEFSEK2M2;FINANCIAL;-;-;-;-;-;-;9635,646;-;9643,305;-;-7,659;-40,829891571;-;-;-;-;-
SEKX26;BRBMEFSEK2N0;FINANCIAL;-;-;-;-;-;-;9618,795;-;9626,554;-;-7,759;-41,362988471;-;-;-;-;-
SEKZ26;BRBMEFSEK2O8;FINANCIAL;-;-;-;-;-;-;9601,974;-;9650;-;-48,026;-256,025117194;-;-;-;-;-
WSPH27;BRBMEFWSP0Z1;FINANCIAL;-;-;-;-;-;-;7699,25;-;7648,5;-;50,75;655,9945;-;-;-;-;-
WSPM27;BRBMEFWSP100;FINANCIAL;-;-;-;-;-;-;7772,5;-;7717,25;-;55,25;714,1615;-;-;-;-;-
WSPU26;BRBMEFWSP0Y4;FINANCIAL;7515;7497,5;7572,75;7543,95;7547,75;0,53;7557,5;-;7507,5;-;50;646,3;7547,75;7556;6.397;14.433;1407408076,08
WSPZ26;BRBMEFWSP0W8;FINANCIAL;-;-;-;-;-;-;7625,5;-;7575;-;50,5;652,763;-;-;-;-;-
ABEVON26;BRABEV370039;FINANCIAL;16,47;16,47;16,53;16,52;16,53;-1,07;16,4;-;16,71;-;-0,31;-0,31;-;-;2;1.100;18177
ABEVOQ26;BRABEV380038;FINANCIAL;-;-;-;-;-;-;16,61;-;16,93;-;-0,32;-0,32;-;-;-;-;-
AXIAON26;BRAXIA370026;FINANCIAL;54,68;54,45;54,83;54,59;54,7;-1,47;54,75;-;55,52;-;-0,77;-0,77;-;-;12;5.400;294805
AXIAOQ26;BRAXIA380009;FINANCIAL;55,16;55,16;55,3;55,24;55,23;-1,79;55,47;-;56,24;-;-0,77;-0,77;-;-;4;700;38672
B3SAON26;BRB3SA370072;FINANCIAL;14,51;14,44;14,67;14,58;14,64;-1,21;14,63;-;14,82;-;-0,19;-0,19;-;-;20;34.200;498708
B3SAOQ26;BRB3SA380071;FINANCIAL;14,64;14,64;14,82;14,73;14,82;-1,26;14,82;-;15,01;-;-0,19;-0,19;-;-;3;5.400;79542
BBASON26;BRBBAS370037;FINANCIAL;20,01;19,93;20,22;20,09;20,09;-1,56;20,05;-;20,41;-;-0,36;-0,36;-;-;536;447.700;8995392
BBASOQ26;BRBBAS380036;FINANCIAL;20,29;20,29;20,45;20,34;20,38;-1,45;20,31;-;20,68;-;-0,37;-0,37;-;-;16;15.700;319430
BBDCPN26;BRBBDC470030;FINANCIAL;18,07;17,98;18,15;18,05;18,1;-1,09;18,22;-;18,3;-;-0,08;-0,08;-;-;47;75.400;1361654
BBDCPQ26;BRBBDC480039;FINANCIAL;18,24;18,24;18,43;18,28;18,43;-0,59;18,45;-;18,54;-;-0,09;-0,09;-;-;9;9.200;168252
BHIAON26;BRBHIA370033;FINANCIAL;-;-;-;-;-;-;1,11;-;1,12;-;-0,01;-0,01;-;-;-;-;-
BHIAOQ26;BRBHIA380024;FINANCIAL;-;-;-;-;-;-;1,1;-;1,11;-;-0,01;-0,01;-;-;-;-;-
BPACIN26;BRBPAC170017;FINANCIAL;-;-;-;-;-;-;54,46;-;54,91;-;-0,45;-0,45;-;-;-;-;-
BPACIQ26;BRBPAC180016;FINANCIAL;-;-;-;-;-;-;55,17;-;55,63;-;-0,46;-0,46;-;-;-;-;-
CMIGPN26;BRCMIG470078;FINANCIAL;10,97;10,9;10,97;10,94;10,94;-0,81;10,94;-;11,03;-;-0,09;-0,09;-;-;21;13.800;151005
CMIGPQ26;BRCMIG480077;FINANCIAL;11,08;11,06;11,08;11,07;11,06;-0,98;11,09;-;11,17;-;-0,08;-0,08;-;-;2;1.100;12186
COGNON26;BRCOGN370063;FINANCIAL;-;-;-;-;-;-;2,27;-;2,31;-;-0,04;-0,04;-;-;-;-;-
COGNOQ26;BRCOGN380062;FINANCIAL;2,27;2,27;2,27;2,27;2,27;-2,99;2,3;-;2,34;-;-0,04;-0,04;-;-;2;2.100;4767
CSANON26;BRCSAN370016;FINANCIAL;-;-;-;-;-;-;3,73;-;3,74;-;-0,01;-0,01;-;-;-;-;-
CSANOQ26;BRCSAN380015;FINANCIAL;-;-;-;-;-;-;3,77;-;3,78;-;-0,01;-0,01;-;-;-;-;-
CSNAON26;BRCSNA370032;FINANCIAL;4,55;4,54;4,68;4,6;4,66;-0,21;4,65;-;4,67;-;-0,02;-0,02;-;-;39;31.200;143765
CSNAOQ26;BRCSNA380031;FINANCIAL;4,62;4,62;4,74;4,68;4,73;0;4,71;-;4,73;-;-0,02;-0,02;-;-;6;2.600;12187
EMBJON26;BREMBJ370007;FINANCIAL;80,95;80,87;82,67;81,75;82,66;2,35;82,4;-;80,76;-;1,64;1,64;-;-;7;2.800;228912
EMBJOQ26;BREMBJ380006;FINANCIAL;81,95;81,93;82,98;82,52;82,81;1,23;83,46;-;81,8;-;1,66;1,66;-;-;6;1.300;107286
ENEVON26;BRENEV370015;FINANCIAL;-;-;-;-;-;-;26,9;-;26,91;-;-0,01;-0,01;-;-;-;-;-
ENEVOQ26;BRENEV380014;FINANCIAL;-;-;-;-;-;-;27,25;-;27,26;-;-0,01;-0,01;-;-;-;-;-
EQTLON26;BREQTL370017;FINANCIAL;39,31;39;39,46;39,27;39,29;-1,84;39,21;-;40,03;-;-0,82;-0,82;-;-;20;9.700;380974
EQTLOQ26;BREQTL380016;FINANCIAL;39,75;39,7;39,8;39,75;39,8;-1,84;39,72;-;40,55;-;-0,83;-0,83;-;-;6;2.600;103372
GGBRPN26;BRGGBR470035;FINANCIAL;20,98;20,98;21,06;21;21,05;-1,86;20,92;-;21,45;-;-0,53;-0,53;-;-;10;4.400;92409
GGBRPQ26;BRGGBR480034;FINANCIAL;21,34;21,3;21,34;21,33;21,33;-1,84;21,2;-;21,73;-;-0,53;-0,53;-;-;4;1.500;32001
HAPVON26;BRHAPV370014;FINANCIAL;-;-;-;-;-;-;10,28;-;10,43;-;-0,15;-0,15;-;-;-;-;-
HAPVOQ26;BRHAPV380013;FINANCIAL;-;-;-;-;-;-;10,41;-;10,56;-;-0,15;-0,15;-;-;-;-;-
HASHEN26;BRHASHHAE028;FINANCIAL;-;-;-;-;-;-;39,39;-;40,59;-;-1,2;-1,2;-;-;-;-;-
HASHEQ26;BRHASHHAE036;FINANCIAL;-;-;-;-;-;-;39,9;-;41,11;-;-1,21;-1,21;-;-;-;-;-
HYPEON26;BRHYPE370074;FINANCIAL;20,84;20,73;20,99;20,83;20,99;-1,5;20,95;-;21,31;-;-0,36;-0,36;-;-;14;2.500;52088
HYPEOQ26;BRHYPE380073;FINANCIAL;-;-;-;-;-;-;21,22;-;21,59;-;-0,37;-0,37;-;-;-;-;-
ITSAPN26;BRITSA470038;FINANCIAL;13,44;13,44;13,52;13,46;13,52;-0,73;13,47;-;13,62;-;-0,15;-0,15;-;-;2;1.500;20200
ITSAPQ26;BRITSA480037;FINANCIAL;-;-;-;-;-;-;13,65;-;13,8;-;-0,15;-0,15;-;-;-;-;-
ITUBPN26;BRITUB470033;FINANCIAL;42,04;41,98;42,57;42,24;42,57;-0,35;42,47;-;42,72;-;-0,25;-0,25;-;-;20;25.900;1094052
ITUBPQ26;BRITUB480032;FINANCIAL;42,53;42,53;43,05;42,79;43,05;-0,53;43,02;-;43,28;-;-0,26;-0,26;-;-;12;12.200;522094
KLBNIN26;BRKLBN170016;FINANCIAL;-;-;-;-;-;-;16,84;-;16,99;-;-0,15;-0,15;-;-;-;-;-
KLBNIQ26;BRKLBN180015;FINANCIAL;-;-;-;-;-;-;17,04;-;17,16;-;-0,12;-0,12;-;-;-;-;-
LRENON26;BRLREN370038;FINANCIAL;14,87;14,71;14,95;14,87;14,88;-1,45;14,86;-;15,1;-;-0,24;-0,24;-;-;18;16.900;251401
LRENOQ26;BRLREN380037;FINANCIAL;15;15;15,09;15,07;15,07;-1,5;15,05;-;15,3;-;-0,25;-0,25;-;-;4;2.800;42199
MBRFON26;BRMBRF370006;FINANCIAL;-;-;-;-;-;-;18,07;-;17,67;-;0,4;0,4;-;-;-;-;-
MBRFOQ26;BRMBRF380005;FINANCIAL;-;-;-;-;-;-;18,16;-;17,62;-;0,54;0,54;-;-;-;-;-
MGLUON26;BRMGLU370032;FINANCIAL;4,65;4,63;4,66;4,64;4,66;0,21;4,67;-;4,65;-;0,02;0,02;-;-;4;5.900;27413
MGLUOQ26;BRMGLU380031;FINANCIAL;4,51;4,51;4,67;4,61;4,67;0,21;4,66;-;4,66;-;0;0;-;-;4;4.700;21677
MOTVON26;BRMOTV370017;FINANCIAL;14,59;14,59;14,68;14,63;14,68;-0,87;14,72;-;14,81;-;-0,09;-0,09;-;-;8;3.600;52679
MOTVOQ26;BRMOTV380016;FINANCIAL;14,79;14,79;14,87;14,79;14,87;-0,86;14,91;-;15;-;-0,09;-0,09;-;-;4;900;13319
NATUON26;BRNATU370013;FINANCIAL;8,29;8,29;8,67;8,46;8,67;3,95;8,71;-;8,34;-;0,37;0,37;-;-;4;2.800;23708
NATUOQ26;BRNATU380012;FINANCIAL;-;-;-;-;-;-;8,67;-;8,4;-;0,27;0,27;-;-;-;-;-
PETRPN26;BRPETR470077;FINANCIAL;38,13;38,09;38,34;38,27;38,17;-0,65;38,06;-;38,42;-;-0,36;-0,36;-;-;258;348.600;13342014
PETRPQ26;BRPETR480076;FINANCIAL;38,61;38,58;38,72;38,71;38,6;-0,84;38,56;-;38,93;-;-0,37;-0,37;-;-;11;191.400;7410086
PRIOON26;BRPRIO370013;FINANCIAL;53,04;52,62;53,52;53,02;52,64;-1,68;52,51;-;53,54;-;-1,03;-1,03;-;-;31;20.800;1102925
PRIOOQ26;BRPRIO380012;FINANCIAL;53,73;53,31;54,21;53,65;53,41;-1,53;53,19;-;54,24;-;-1,05;-1,05;-;-;18;10.700;574148
PSSAON26;BRPSSA370073;FINANCIAL;53,06;52,91;53,52;53,29;53,36;-0,61;53,28;-;53,69;-;-0,41;-0,41;-;-;330;39.200;2089156
PSSAOQ26;BRPSSA380072;FINANCIAL;53,82;53,78;54,17;54,01;54,17;-0,4;53,98;-;54,39;-;-0,41;-0,41;-;-;17;1.800;97230
RADLON26;BRRADL370018;FINANCIAL;16,52;16,5;16,68;16,57;16,68;-3,52;16,92;-;17,29;-;-0,37;-0,37;-;-;4;2.800;46410
RADLOQ26;BRRADL380017;FINANCIAL;-;-;-;-;-;-;17,15;-;17,51;-;-0,36;-0,36;-;-;-;-;-
RAILON26;BRRAIL370013;FINANCIAL;13,49;13,45;13,69;13,58;13,62;-0,65;13,52;-;13,71;-;-0,19;-0,19;-;-;17;10.500;142595
RAILOQ26;BRRAIL380012;FINANCIAL;13,65;13,61;13,85;13,69;13,72;-1,15;13,7;-;13,88;-;-0,18;-0,18;-;-;9;6.000;82156
RDORON26;BRRDOR370016;FINANCIAL;34,33;34,25;34,97;34,59;34,88;-0,14;34,94;-;34,93;-;0,01;0,01;-;-;30;8.900;307934
RDOROQ26;BRRDOR380015;FINANCIAL;34,7;34,7;35,05;34,88;35,02;-1,01;35,4;-;35,38;-;0,02;0,02;-;-;4;2.400;83733
RENTON26;BRRENT370030;FINANCIAL;41,8;41,41;42,08;41,79;41,96;-1,38;41,82;-;42,55;-;-0,73;-0,73;-;-;21;8.200;342731
RENTOQ26;BRRENT380039;FINANCIAL;42;42;42,39;42,27;42,36;-1,69;42,35;-;43,09;-;-0,74;-0,74;-;-;5;1.900;80326
SBSPON26;BRSBSP370015;FINANCIAL;29,34;29,34;30,18;29,72;29,9;0,1;29,84;-;29,87;-;-0,03;-0,03;-;-;53;6.000;178348
SBSPOQ26;BRSBSP380014;FINANCIAL;29,88;29,88;30,02;29,95;30,02;-0,79;30,23;-;30,26;-;-0,03;-0,03;-;-;9;900;26963
SUZBON26;BRSUZB370035;FINANCIAL;39,54;39,45;40,05;39,67;40,05;0,2;40,02;-;39,97;-;0,05;0,05;-;-;35;12.500;495969
SUZBOQ26;BRSUZB380034;FINANCIAL;40,05;40,01;40,57;40,27;40,57;0,22;40,54;-;40,48;-;0,06;0,06;39,8;-;18;4.900;197331
TIMSON26;BRTIMS370010;FINANCIAL;-;-;-;-;-;-;22,02;-;22,45;-;-0,43;-0,43;-;-;-;-;-
TIMSOQ26;BRTIMS380019;FINANCIAL;-;-;-;-;-;-;22,31;-;22,75;-;-0,44;-0,44;-;-;-;-;-
USIMAN26;BRUSIM570079;FINANCIAL;8,33;8,28;8,61;8,43;8,46;0,83;8,51;-;8,39;-;0,12;0,12;-;-;45;31.200;263138
USIMAQ26;BRUSIM580078;FINANCIAL;8,47;8,38;8,72;8,49;8,56;0,7;8,62;-;8,5;-;0,12;0,12;-;-;25;14.100;119760
VALEON26;BRVALE370078;FINANCIAL;78,37;77,88;78,76;78,36;78,47;-0,29;78,41;-;78,7;-;-0,29;-0,29;77,5;-;34;24.700;1935700
VALEOQ26;BRVALE380077;FINANCIAL;79,33;78,73;79,62;79,18;79,28;-0,56;79,43;-;79,73;-;-0,3;-0,3;-;-;28;22.600;1789677
VBBRON26;BRVBBR370017;FINANCIAL;30,02;29,74;30,07;29,94;30,02;-0,39;30,09;-;30,14;-;-0,05;-0,05;-;-;70;41.100;1230832
VBBROQ26;BRVBBR380016;FINANCIAL;30,4;30,19;30,49;30,33;30,42;-0,36;30,49;-;30,53;-;-0,04;-0,04;-;-;15;7.100;215391
VIVTON26;BRVIVT370014;FINANCIAL;34,2;33,95;34,37;34,15;34,3;-1,01;34,18;-;34,65;-;-0,47;-0,47;-;-;36;8.000;273218
VIVTOQ26;BRVIVT380013;FINANCIAL;34,7;34,44;34,81;34,59;34,66;-1,25;34,63;-;35,1;-;-0,47;-0,47;-;-;12;3.400;117608
WEGEON26;BRWEGE370039;FINANCIAL;46,64;46,53;47,36;46,99;47,35;0,46;47,23;-;47,13;-;0,1;0,1;-;-;89;47.800;2246586
WEGEOQ26;BRWEGE380038;FINANCIAL;47,25;47,21;47,96;47,71;47,95;0,41;47,85;-;47,75;-;0,1;0,1;-;-;42;19.800;944787
ARBN26;BRBMEFARB2R7;FINANCIAL;-;-;-;-;-;-;3,491;-;3,486;-;0,005;0,75;-;-;-;-;-
ARBN27;BRBMEFARB2Q9;FINANCIAL;-;-;-;-;-;-;3,023;-;3,024;-;-0,001;-0,15;-;-;-;-;-
ARBQ26;BRBMEFARB2S5;FINANCIAL;-;-;-;-;-;-;3,442;-;3,449;-;-0,007;-1,05;-;-;-;-;-
ARBU26;BRBMEFARB2T3;FINANCIAL;-;-;-;-;-;-;3,406;-;3,455;-;-0,049;-7,35;-;-;-;-;-
ARBV26;BRBMEFARB2U1;FINANCIAL;-;-;-;-;-;-;3,37;-;3,38;-;-0,01;-1,5;-;-;-;-;-
ARBX26;BRBMEFARB2V9;FINANCIAL;-;-;-;-;-;-;3,323;-;3,336;-;-0,013;-1,95;-;-;-;-;-
ARSN26;BRBMEFARS2G1;FINANCIAL;-;-;-;-;-;-;1483019,8;-;1482325,9;-;693,9;24,1844967;-;-;-;-;-
ARSN27;BRBMEFARS2F3;FINANCIAL;-;-;-;-;-;-;1846810;-;1847560;-;-750;-26,13975;-;-;-;-;-
ARSQ26;BRBMEFARS2H9;FINANCIAL;-;-;-;-;-;-;1513376,8;-;1509658,2;-;3718,6;129,6043658;-;-;-;-;-
ARSU26;BRBMEFARS2I7;FINANCIAL;-;-;-;-;-;-;1539969,9;-;1517585,6;-;22384,3;780,1600079;-;-;-;-;-
ARSV26;BRBMEFARS2J5;FINANCIAL;-;-;-;-;-;-;1567027,7;-;1561666,6;-;5361,1;186,8504183;-;-;-;-;-
ARSX26;BRBMEFARS2K3;FINANCIAL;-;-;-;-;-;-;1598840,1;-;1592183,6;-;6656,5;231,9989945;-;-;-;-;-
SOYH27;BRBMEFSOY0O4;AGRIBUSINESS;-;-;-;-;-;-;431,4;-;428,2;-;3,2;563,21408;-;-;-;-;-
SOYK27;BRBMEFSOY0Q9;AGRIBUSINESS;-;-;-;-;-;-;435,4;-;433,6;-;1,8;316,80792;-;-;-;-;-
SOYX26;BRBMEFSOY0N6;AGRIBUSINESS;-;-;-;-;-;-;465,2;-;468,2;-;-3;-528,0132;-;-;-;-;-
ESXH27;BRBMEFESX0K5;FINANCIAL;-;-;-;-;-;-;6411;-;6320;-;91;5373,6535943818;-;-;-;-;-
ESXU26;BRBMEFESX0I9;FINANCIAL;-;-;-;-;-;-;6356;-;6264;-;92;5432,7047327816;-;-;-;-;-
ESXZ26;BRBMEFESX0J7;FINANCIAL;-;-;-;-;-;-;6376;-;6284;-;92;5432,7047327816;-;-;-;-;-
DAXH27;BRBMEFDAX0M2;FINANCIAL;-;-;-;-;-;-;25503;-;25162;-;341;10068,2190971659;-;-;-;-;-
DAXU26;BRBMEFDAX0K6;FINANCIAL;-;-;-;-;-;-;25136;-;24794;-;342;10097,7446663658;-;-;-;-;-
DAXZ26;BRBMEFDAX0L4;FINANCIAL;-;-;-;-;-;-;25305;-;24964;-;341;10068,2190971659;-;-;-;-;-
BITN26;BRBMEFBIT0W1;FINANCIAL;309160;303860;309800;306292,19;305240;-3,52;306523,1;-;316394,65;-;-9871,55;-98,7155;304640;305240;64.504;332.380;1018053994,8
BITQ26;BRBMEFBIT0X9;FINANCIAL;-;-;-;-;-;-;303519,59;-;313294,41;-;-9774,82;-97,7482;-;-;-;-;-
XFIQ26;BRBMEFXFI0M2;FINANCIAL;-;-;-;-;-;-;3935,6;-;3923,4;-;12,2;122;-;-;-;-;-
XFIV26;BRBMEFXFI0N0;FINANCIAL;-;-;-;-;-;-;3935,6;-;3923,4;-;12,2;122;-;-;-;-;-
SMLG27;BRBMEFSM00H9;FINANCIAL;-;-;-;-;-;-;2202,5;-;2216,46;-;-13,96;-139,6;-;-;-;-;-
SMLG28;BRBMEFSM00N7;FINANCIAL;-;-;-;-;-;-;2202,5;-;2216,46;-;-13,96;-139,6;-;-;-;-;-
SMLJ27;BRBMEFSM00I7;FINANCIAL;-;-;-;-;-;-;2202,5;-;2216,46;-;-13,96;-139,6;-;-;-;-;-
SMLJ28;BRBMEFSM00O5;FINANCIAL;-;-;-;-;-;-;2202,5;-;2216,46;-;-13,96;-139,6;-;-;-;-;-
SMLM27;BRBMEFSM00J5;FINANCIAL;-;-;-;-;-;-;2202,5;-;2216,46;-;-13,96;-139,6;-;-;-;-;-
SMLQ26;BRBMEFSM00E6;FINANCIAL;-;-;-;-;-;-;2202,5;-;2216,46;-;-13,96;-139,6;-;-;-;-;-
SMLQ27;BRBMEFSM00K3;FINANCIAL;-;-;-;-;-;-;2202,5;-;2216,46;-;-13,96;-139,6;-;-;-;-;-
SMLV26;BRBMEFSM00F3;FINANCIAL;-;-;-;-;-;-;2202,5;-;2216,46;-;-13,96;-139,6;-;-;-;-;-
SMLV27;BRBMEFSM00L1;FINANCIAL;-;-;-;-;-;-;2202,5;-;2216,46;-;-13,96;-139,6;-;-;-;-;-
SMLZ26;BRBMEFSM00G1;FINANCIAL;-;-;-;-;-;-;2202,5;-;2216,46;-;-13,96;-139,6;-;-;-;-;-
SMLZ27;BRBMEFSM00M9;FINANCIAL;-;-;-;-;-;-;2202,5;-;2216,46;-;-13,96;-139,6;-;-;-;-;-
CNLH27;BRBMEFCNL1G2;AGRIBUSINESS;-;-;-;-;-;-;1001,84;-;1033,1;-;-31,26;-3126;-;-;-;-;-
CNLK27;BRBMEFCNL1H0;AGRIBUSINESS;-;-;-;-;-;-;1001,84;-;1033,1;-;-31,26;-3126;-;-;-;-;-
CNLN26;BRBMEFCNL1D9;AGRIBUSINESS;-;-;-;-;-;-;1032,92;-;1065,15;-;-32,23;-3223;-;-;-;-;-
CNLU26;BRBMEFCNL1E7;AGRIBUSINESS;-;-;-;-;-;-;1005,6;-;1036,98;-;-31,38;-3138;-;-;-;-;-
CNLX26;BRBMEFCNL1F4;AGRIBUSINESS;-;-;-;-;-;-;1001,84;-;1033,1;-;-31,26;-3126;-;-;-;-;-
ETRN26;BRBMEFET00D3;FINANCIAL;1578,6;1549,8;1588,3;1569,57;1558,1;-4,23;1580,04;-;1627,04;-;-47;-60,7522;1559;1571;2.671;7.481;15177620,94
ETRQ26;BRBMEFET00E1;FINANCIAL;-;-;-;-;-;-;1580,04;-;1627,04;-;-47;-60,7522;-;-;-;-;-
SOLN26;BRBMEFSO00F9;FINANCIAL;73,43;71,93;74,14;73,229;72,95;-4,08;73,746;-;76,054;-;-2,308;-59,666416;72,93;73,52;7.144;22.719;43009721,63
SOLQ26;BRBMEFSO00G7;FINANCIAL;-;-;-;-;-;-;73,746;-;76,054;-;-2,308;-59,666416;-;-;-;-;-
BGIX26C035800;BRBMEFGI03B9;AGRIBUSINESS;-;-;-;-;-;-;-;-;-;7,97;-;-;-;-;-;-;-
BGIX26P035800;BRBMEFBG0391;AGRIBUSINESS;-;-;-;-;-;-;-;-;-;17,59;-;-;-;-;-;-;-
MBRQ26;BRBMEFBP0069;FINANCIAL;-;-;-;-;-;-;1375,49;-;1381,01;-;-5,52;-55,2;-;-;-;-;-
MBRV26;BRBMEFBP0077;FINANCIAL;-;-;-;-;-;-;1375,49;-;1381,01;-;-5,52;-55,2;-;-;-;-;-
TIEH28;BRBMEFTIE077;FINANCIAL;-;-;-;-;-;-;88611,109;7,415;88677,795;-;-66,686;-59,1700343352;-;-;-;-;-
TIEH31;BRBMEFTIE085;FINANCIAL;-;-;-;-;-;-;69373,583;9,224;69656,07;-;-282,487;-250,6487941884;-;-;-;-;-
TIEM28;BRBMEFTIE0A4;FINANCIAL;-;-;-;-;-;-;86784,324;7,593;86871,935;-;-87,611;-77,7366445452;-;-;-;-;-
TIEM31;BRBMEFTIE0B2;FINANCIAL;-;-;-;-;-;-;67935,118;9,367;68234,488;-;-299,37;-265,628965284;-;-;-;-;-
TIEU26;BRBMEFTIE0C0;FINANCIAL;-;-;-;-;-;-;98595,005;6,577;98595,927;-;-0,922;-0,8180843304;-;-;-;-;-
TIEU27;BRBMEFTIE028;FINANCIAL;-;-;-;-;-;-;92010,842;7,072;92041,066;-;-30,224;-26,8175496768;-;-;-;-;-
TIEU28;BRBMEFTIE0D8;FINANCIAL;-;-;-;-;-;-;85109,781;7,747;85217,801;-;-108,02;-95,845411464;-;-;-;-;-
TIEU30;BRBMEFTIE044;FINANCIAL;-;-;-;-;-;-;72329,945;8,937;72581,844;-;-251,899;-223,5082697868;-;-;-;-;-
TIEU31;BRBMEFTIE0E6;FINANCIAL;-;-;-;-;-;-;66530,114;9,507;66841,184;-;-311,07;-276,010295724;-;-;-;-;-
TIEZ27;BRBMEFTIE036;FINANCIAL;-;-;-;-;-;-;90314,93;7,243;90363,266;-;-48,336;-42,8882041152;-;-;-;-;-
TIEZ30;BRBMEFTIE051;FINANCIAL;-;-;-;-;-;-;70837,985;9,081;71105,414;-;-267,429;-237,2879331828;-;-;-;-;-
SFRH28;BRBMEFSF0070;FINANCIAL;-;-;-;-;-;-;93411,733;4,069;93456,727;-;-44,994;-46,52739552;-;-;-;-;-
SFRH31;BRBMEFSF0088;FINANCIAL;-;-;-;-;-;-;83312,592;4,185;83476,078;-;-163,486;-169,05760288;-;-;-;-;-
SFRM28;BRBMEFSF00B6;FINANCIAL;-;-;-;-;-;-;92451,675;4,071;92506,263;-;-54,588;-56,44835904;-;-;-;-;-
SFRM31;BRBMEFSF00D2;FINANCIAL;-;-;-;-;-;-;82512,631;4,206;82688,389;-;-175,758;-181,74783264;-;-;-;-;-
SFRU26;BRBMEFSF00A8;FINANCIAL;-;-;-;-;-;-;99199,592;3,724;99200,898;-;-1,306;-1,35050848;-;-;-;-;-
SFRU27;BRBMEFSF0021;FINANCIAL;-;-;-;-;-;-;95278,647;4,036;95308,218;-;-29,571;-30,57877968;-;-;-;-;-
SFRU28;BRBMEFSF00C4;FINANCIAL;-;-;-;-;-;-;91576,608;4,073;91640,839;-;-64,231;-66,41999248;-;-;-;-;-
SFRU30;BRBMEFSF0047;FINANCIAL;-;-;-;-;-;-;84918,46;4,149;85064,096;-;-145,636;-150,59927488;-;-;-;-;-
SFRU31;BRBMEFSF00E0;FINANCIAL;-;-;-;-;-;-;81717,261;4,228;81898,327;-;-181,066;-187,23672928;-;-;-;-;-
SFRZ27;BRBMEFSF0039;FINANCIAL;4,09;4,09;4,09;4,09;4,09;1,46;94329,784;4,06;94367,522;-;-37,738;-39,02411104;-;-;2;182;17745666,43
SFRZ30;BRBMEFSF0054;FINANCIAL;-;-;-;-;-;-;84114,288;4,166;84268,878;-;-154,59;-159,8584272;-;-;-;-;-
ESTH28;BRBMEFEST076;FINANCIAL;-;-;-;-;-;-;95937,495;2,443;95930,673;-;6,822;8,05235796026;-;-;-;-;-
ESTH31;BRBMEFEST084;FINANCIAL;-;-;-;-;-;-;89020,395;2,577;89039,095;-;-18,7;-22,072573124725;-;-;-;-;-
ESTM28;BRBMEFEST0A2;FINANCIAL;-;-;-;-;-;-;95320,161;2,448;95314,287;-;5,874;6,933384734472;-;-;-;-;-
ESTM31;BRBMEFEST0B0;FINANCIAL;-;-;-;-;-;-;88440,102;2,594;88463,493;-;-23,391;-27,60960202997;-;-;-;-;-
ESTU27;BRBMEFEST027;FINANCIAL;-;-;-;-;-;-;97112,196;2,422;97104,775;-;7,421;8,759388511154;-;-;-;-;-
ESTU30;BRBMEFEST043;FINANCIAL;-;-;-;-;-;-;90179,674;2,544;90186,36;-;-6,686;-7,891830155717;-;-;-;-;-
ESTZ27;BRBMEFEST035;FINANCIAL;-;-;-;-;-;-;96518,917;2,436;96512,936;-;5,981;7,0596823454;-;-;-;-;-
ESTZ30;BRBMEFEST050;FINANCIAL;-;-;-;-;-;-;89601,453;2,56;89615,743;-;-14,29;-16,867222992102;-;-;-;-;-
GLDG27;BRBMEFGLD0C1;FINANCIAL;-;-;-;-;-;-;3984,75;-;3987,25;-;-2,5;-12,926;-;-;-;-;-
GLDJ27;BRBMEFGLD0G2;FINANCIAL;-;-;-;-;-;-;3984,75;-;3987,25;-;-2,5;-12,926;-;-;-;-;-
GLDN26;BRBMEFGLD0F4;FINANCIAL;-;-;-;-;-;-;4009,75;-;4012,25;-;-2,5;-12,926;3920,75;4108;-;-;-
GLDQ26;BRBMEFGLD096;FINANCIAL;4078,5;4030,75;4093,5;4061,57;4030,75;-0,65;4054,75;-;4057,25;-;-2,5;-12,926;4040,75;4068;486;904;18983957,32
GLDU26;BRBMEFGLD0H0;FINANCIAL;-;-;-;-;-;-;4032,75;-;4022,25;-;10,5;54,2892;4010,75;4168;-;-;-
GLDV26;BRBMEFGLD0A5;FINANCIAL;-;-;-;-;-;-;3984,75;-;3987,25;-;-2,5;-12,926;-;-;-;-;-
GLDZ26;BRBMEFGLD0B3;FINANCIAL;-;-;-;-;-;-;3984,75;-;3987,25;-;-2,5;-12,926;4020,75;4168;-;-;-
VIXN26;BRBMEFIX00A2;FINANCIAL;-;-;-;-;-;-;19,04;-;18,04;-;1;100;-;-;-;-;-
VIXQ26;BRBMEFIX00B0;FINANCIAL;-;-;-;-;-;-;19,04;-;18,04;-;1;100;-;-;-;-;-
DAPN26;BRBMEFDAP5D0;FINANCIAL;-;-;-;-;-;-;99561,18;10,6;99582,09;-;-20,91;-40,004750625;-;-;-;-;-
DAPQ60;BRBMEFDAP3V7;FINANCIAL;-;-;-;-;-;-;8777,92;7,435;8759,32;-;18,6;35,5852875;-;-;-;-;-
DAPU26;BRBMEFDAP5G3;FINANCIAL;-;-;-;-;-;-;97231,3;14;97377,07;-;-145,77;-278,885341875;-;-;-;-;-
DAPV26;BRBMEFDAP5H1;FINANCIAL;-;-;-;-;-;-;96478,78;12,8;96778,16;-;-299,38;-572,77007375;-;-;-;-;-
DAPX26;BRBMEFDAP5J7;FINANCIAL;-;-;-;-;-;-;95644,6;12,4;96012,76;-;-368,16;-704,35911;-;-;-;-;-
DAPZ26;BRBMEFDAP5K5;FINANCIAL;-;-;-;-;-;-;95152;11,4;95357,42;-;-205,42;-393,00697625;-;-;-;-;-
CHLN26;BRBMEFCHL2T1;FINANCIAL;-;-;-;-;-;-;922210;-;921442,8;-;767,2;43,0330152;-;-;-;-;-
CHLN27;BRBMEFCHL2Q7;FINANCIAL;-;-;-;-;-;-;918094,9;-;919327,5;-;-1232,6;-69,1377666;-;-;-;-;-
CHLQ26;BRBMEFCHL2R5;FINANCIAL;-;-;-;-;-;-;920922,7;-;921982,7;-;-1060;-59,45646;-;-;-;-;-
CHLU26;BRBMEFCHL2S3;FINANCIAL;-;-;-;-;-;-;920540,5;-;921272;-;-731,5;-41,0305665;-;-;-;-;-
CHLV26;BRBMEFCHL2U9;FINANCIAL;-;-;-;-;-;-;920386,2;-;921534,9;-;-1148,7;-64,4317317;-;-;-;-;-
CHLX26;BRBMEFCHL2V7;FINANCIAL;-;-;-;-;-;-;920499,8;-;921359,3;-;-859,5;-48,2102145;-;-;-;-;-
IMVM26;BRBMEFIMV290;FINANCIAL;-;-;-;-;-;-;3162580;-;3105128;-;57452;2002,374556;-;-;-;-;-
SCSN601;BRBMEFSCS486;FINANCIAL;-;-;-;-;-;-;-;-15,183;-;-;-;-;-;-;-;-;-
SCSQ603;BRBMEFSCS494;FINANCIAL;-;-;-;-;-;-;-;5,779;-;-;-;-;-;-;-;-;-
SCSU601;BRBMEFSCS4A7;FINANCIAL;-;-;-;-;-;-;-;5,401;-;-;-;-;-;-;-;-;-
SCSV601;BRBMEFSCS4B5;FINANCIAL;-;-;-;-;-;-;-;5,289;-;-;-;-;-;-;-;-;-
SCSX603;BRBMEFSCS4C3;FINANCIAL;-;-;-;-;-;-;-;5,282;-;-;-;-;-;-;-;-;-
DOLQ26C005525;BRBMEFDA0510;FINANCIAL;-;-;-;-;-;-;-;-;-;9,686;-;-;-;-;-;-;-
DOLQ26C005575;BRBMEFDA0528;FINANCIAL;-;-;-;-;-;-;-;-;-;6,655;-;-;-;-;-;-;-
DOLQ26C005625;BRBMEFDA0536;FINANCIAL;-;-;-;-;-;-;-;-;-;4,497;-;-;-;-;-;-;-
DOLQ26C005675;BRBMEFDA0544;FINANCIAL;-;-;-;-;-;-;-;-;-;2,88;-;-;-;-;-;-;-
DOLQ26C005725;BRBMEFDA0551;FINANCIAL;-;-;-;-;-;-;-;-;-;1,816;-;-;-;-;-;-;-
DOLQ26C005775;BRBMEFDA0569;FINANCIAL;-;-;-;-;-;-;-;-;-;1,128;-;-;-;-;-;-;-
DOLQ26C005825;BRBMEFDA0577;FINANCIAL;-;-;-;-;-;-;-;-;-;0,68;-;-;-;-;-;-;-
DOLQ26C005875;BRBMEFDA0585;FINANCIAL;-;-;-;-;-;-;-;-;-;0,387;-;-;-;-;-;-;-
DOLQ26C005925;BRBMEFDA0593;FINANCIAL;-;-;-;-;-;-;-;-;-;0,215;-;-;-;-;-;-;-
DOLQ26C005975;BRBMEFDA05A0;FINANCIAL;-;-;-;-;-;-;-;-;-;0,116;-;-;-;-;-;-;-
DOLQ26C006025;BRBMEFDA05B8;FINANCIAL;-;-;-;-;-;-;-;-;-;0,062;-;-;-;-;-;-;-
DOLQ26C006075;BRBMEFDA05C6;FINANCIAL;-;-;-;-;-;-;-;-;-;0,032;-;-;-;-;-;-;-
DOLQ26C006125;BRBMEFDA05D4;FINANCIAL;-;-;-;-;-;-;-;-;-;0,016;-;-;-;-;-;-;-
DOLQ26C006175;BRBMEFDA05E2;FINANCIAL;-;-;-;-;-;-;-;-;-;0,008;-;-;-;-;-;-;-
DOLQ26C006225;BRBMEFDA05F9;FINANCIAL;-;-;-;-;-;-;-;-;-;0,004;-;-;-;-;-;-;-
DOLQ26C006275;BRBMEFDA05G7;FINANCIAL;-;-;-;-;-;-;-;-;-;0,002;-;-;-;-;-;-;-
DOLQ26C006325;BRBMEFDA05H5;FINANCIAL;-;-;-;-;-;-;-;-;-;0,001;-;-;-;-;-;-;-
DOLQ26C006375;BRBMEFDA05I3;FINANCIAL;-;-;-;-;-;-;-;-;-;0,001;-;-;-;-;-;-;-
DOLQ26C006425;BRBMEFDA05J1;FINANCIAL;-;-;-;-;-;-;-;-;-;0,001;-;-;-;-;-;-;-
DOLQ26C006475;BRBMEFDA05K9;FINANCIAL;-;-;-;-;-;-;-;-;-;0,001;-;-;-;-;-;-;-
DOLQ26C006525;BRBMEFDA05L7;FINANCIAL;-;-;-;-;-;-;-;-;-;0,001;-;-;-;-;-;-;-
DOLQ26C006550;BRBMEFDA05M5;FINANCIAL;-;-;-;-;-;-;-;-;-;0,001;-;-;-;-;-;-;-
DOLQ26C006575;BRBMEFDA05N3;FINANCIAL;-;-;-;-;-;-;-;-;-;0,001;-;-;-;-;-;-;-
DOLQ26C006600;BRBMEFDA05O1;FINANCIAL;-;-;-;-;-;-;-;-;-;0,001;-;-;-;-;-;-;-
DOLQ26C006625;BRBMEFDA05P8;FINANCIAL;-;-;-;-;-;-;-;-;-;0,001;-;-;-;-;-;-;-
DOLQ26C006650;BRBMEFDA05Q6;FINANCIAL;-;-;-;-;-;-;-;-;-;0,001;-;-;-;-;-;-;-
DOLQ26C006675;BRBMEFDA05R4;FINANCIAL;-;-;-;-;-;-;-;-;-;0,001;-;-;-;-;-;-;-
DOLQ26C006725;BRBMEFDA05S2;FINANCIAL;-;-;-;-;-;-;-;-;-;0,001;-;-;-;-;-;-;-
DOLQ26C006775;BRBMEFDA05T0;FINANCIAL;-;-;-;-;-;-;-;-;-;0,001;-;-;-;-;-;-;-
DOLQ26C006800;BRBMEFDA05U8;FINANCIAL;-;-;-;-;-;-;-;-;-;0,001;-;-;-;-;-;-;-
DOLQ26C006825;BRBMEFDA05V6;FINANCIAL;-;-;-;-;-;-;-;-;-;0,001;-;-;-;-;-;-;-
DOLQ26C006850;BRBMEFDA05W4;FINANCIAL;-;-;-;-;-;-;-;-;-;0,001;-;-;-;-;-;-;-
DOLQ26C006875;BRBMEFDA05X2;FINANCIAL;-;-;-;-;-;-;-;-;-;0,001;-;-;-;-;-;-;-
DOLQ26C006900;BRBMEFDA05Y0;FINANCIAL;-;-;-;-;-;-;-;-;-;0,001;-;-;-;-;-;-;-
DOLQ26C006925;BRBMEFDA05Z7;FINANCIAL;-;-;-;-;-;-;-;-;-;0,001;-;-;-;-;-;-;-
DOLQ26C006950;BRBMEFDA0601;FINANCIAL;-;-;-;-;-;-;-;-;-;0,001;-;-;-;-;-;-;-
DOLQ26C006975;BRBMEFDA0619;FINANCIAL;-;-;-;-;-;-;-;-;-;0,001;-;-;-;-;-;-;-
DOLQ26P005525;BRBMEFVA04X7;FINANCIAL;-;-;-;-;-;-;-;-;-;321,845;-;-;-;-;-;-;-
DOLQ26P005575;BRBMEFVA04Y5;FINANCIAL;-;-;-;-;-;-;-;-;-;368,187;-;-;-;-;-;-;-
DOLQ26P005625;BRBMEFVA04Z2;FINANCIAL;-;-;-;-;-;-;-;-;-;415,403;-;-;-;-;-;-;-
DOLQ26P005675;BRBMEFVA0500;FINANCIAL;-;-;-;-;-;-;-;-;-;463,16;-;-;-;-;-;-;-
DOLQ26P005725;BRBMEFVA0518;FINANCIAL;-;-;-;-;-;-;-;-;-;511,469;-;-;-;-;-;-;-
DOLQ26P005775;BRBMEFVA0526;FINANCIAL;-;-;-;-;-;-;-;-;-;560,155;-;-;-;-;-;-;-
DOLQ26P005825;BRBMEFVA0534;FINANCIAL;-;-;-;-;-;-;-;-;-;609,081;-;-;-;-;-;-;-
DOLQ26P005875;BRBMEFVA0542;FINANCIAL;-;-;-;-;-;-;-;-;-;658,161;-;-;-;-;-;-;-
DOLQ26P005925;BRBMEFVA0559;FINANCIAL;-;-;-;-;-;-;-;-;-;707,362;-;-;-;-;-;-;-
DOLQ26P005975;BRBMEFVA0567;FINANCIAL;-;-;-;-;-;-;-;-;-;756,638;-;-;-;-;-;-;-
DOLQ26P006025;BRBMEFVA0575;FINANCIAL;-;-;-;-;-;-;-;-;-;805,957;-;-;-;-;-;-;-
DOLQ26P006075;BRBMEFVA0583;FINANCIAL;-;-;-;-;-;-;-;-;-;855,3;-;-;-;-;-;-;-
DOLQ26P006125;BRBMEFVA0591;FINANCIAL;-;-;-;-;-;-;-;-;-;904,658;-;-;-;-;-;-;-
DOLQ26P006175;BRBMEFVA05A2;FINANCIAL;-;-;-;-;-;-;-;-;-;954,024;-;-;-;-;-;-;-
DOLQ26P006225;BRBMEFVA05B0;FINANCIAL;-;-;-;-;-;-;-;-;-;1003,393;-;-;-;-;-;-;-
DOLQ26P006275;BRBMEFVA05C8;FINANCIAL;-;-;-;-;-;-;-;-;-;1052,765;-;-;-;-;-;-;-
DOLQ26P006325;BRBMEFVA05D6;FINANCIAL;-;-;-;-;-;-;-;-;-;1102,137;-;-;-;-;-;-;-
DOLQ26P006375;BRBMEFVA05E4;FINANCIAL;-;-;-;-;-;-;-;-;-;1151,51;-;-;-;-;-;-;-
DOLQ26P006425;BRBMEFVA05F1;FINANCIAL;-;-;-;-;-;-;-;-;-;1200,884;-;-;-;-;-;-;-
DOLQ26P006475;BRBMEFVA05G9;FINANCIAL;-;-;-;-;-;-;-;-;-;1250,257;-;-;-;-;-;-;-
DOLQ26P006525;BRBMEFVA05H7;FINANCIAL;-;-;-;-;-;-;-;-;-;1299,631;-;-;-;-;-;-;-
DOLQ26P006550;BRBMEFVA05I5;FINANCIAL;-;-;-;-;-;-;-;-;-;1324,318;-;-;-;-;-;-;-
DOLQ26P006575;BRBMEFVA05J3;FINANCIAL;-;-;-;-;-;-;-;-;-;1349,004;-;-;-;-;-;-;-
DOLQ26P006600;BRBMEFVA05K1;FINANCIAL;-;-;-;-;-;-;-;-;-;1373,691;-;-;-;-;-;-;-
DOLQ26P006625;BRBMEFVA05L9;FINANCIAL;-;-;-;-;-;-;-;-;-;1398,378;-;-;-;-;-;-;-
DOLQ26P006650;BRBMEFVA05M7;FINANCIAL;-;-;-;-;-;-;-;-;-;1423,065;-;-;-;-;-;-;-
DOLQ26P006675;BRBMEFVA05N5;FINANCIAL;-;-;-;-;-;-;-;-;-;1447,751;-;-;-;-;-;-;-
DOLQ26P006725;BRBMEFVA05O3;FINANCIAL;-;-;-;-;-;-;-;-;-;1497,125;-;-;-;-;-;-;-
DOLQ26P006775;BRBMEFVA05P0;FINANCIAL;-;-;-;-;-;-;-;-;-;1546,499;-;-;-;-;-;-;-
DOLQ26P006800;BRBMEFVA05Q8;FINANCIAL;-;-;-;-;-;-;-;-;-;1571,185;-;-;-;-;-;-;-
DOLQ26P006825;BRBMEFVA05R6;FINANCIAL;-;-;-;-;-;-;-;-;-;1595,872;-;-;-;-;-;-;-
DOLQ26P006850;BRBMEFVA05S4;FINANCIAL;-;-;-;-;-;-;-;-;-;1620,559;-;-;-;-;-;-;-
DOLQ26P006875;BRBMEFVA05T2;FINANCIAL;-;-;-;-;-;-;-;-;-;1645,246;-;-;-;-;-;-;-
DOLQ26P006900;BRBMEFVA05U0;FINANCIAL;-;-;-;-;-;-;-;-;-;1669,933;-;-;-;-;-;-;-
DOLQ26P006925;BRBMEFVA05V8;FINANCIAL;-;-;-;-;-;-;-;-;-;1694,619;-;-;-;-;-;-;-
DOLQ26P006950;BRBMEFVA05W6;FINANCIAL;-;-;-;-;-;-;-;-;-;1719,306;-;-;-;-;-;-;-
DOLQ26P006975;BRBMEFVA05X4;FINANCIAL;-;-;-;-;-;-;-;-;-;1743,993;-;-;-;-;-;-;-